Time(ms), X(m), Y(m), Z(m), VX(m/s), VY(m/s), VZ(m/s), AX(m/s^2), AY(m/s^2), AZ(m/s^2), OX(degrees), OY(degrees), OZ(degrees), WX(degrees/s), WY(degrees/s), WZ(degrees/s)
11260.00,0.00,0.00,-0.02,0.00,0.00,-1.05,0.00,0.00,-61.78,-0.00,0.00,-0.00,-0.00,0.00,-0.00
11275.00,0.00,0.00,0.06,0.00,0.00,5.33,0.00,0.00,425.18,-0.00,0.00,0.00,0.00,-0.00,0.00
11281.00,0.00,0.00,-0.06,0.00,0.00,-20.18,0.00,0.00,-4250.52,-0.00,0.00,0.00,0.00,-0.00,0.00
11289.00,0.00,0.00,-0.04,0.00,0.00,1.84,0.00,0.00,2752.56,-0.00,0.00,0.00,0.00,0.00,-0.00
11297.00,0.00,0.00,0.04,0.00,0.00,10.26,0.00,0.00,1052.14,-0.00,0.00,0.00,0.00,-0.00,0.00
11302.00,0.00,0.00,-0.06,0.00,0.00,-19.30,0.00,0.00,-5911.42,-0.00,-0.00,0.00,0.00,-0.00,0.00
11310.00,0.00,0.00,0.08,0.00,0.00,16.77,0.00,0.00,4508.33,-0.00,-0.00,0.00,-0.00,-0.00,0.00
11318.00,0.00,0.00,0.03,0.00,0.00,-5.09,0.00,0.00,-2733.13,-0.00,-0.00,0.00,0.00,0.00,-0.00
11325.00,0.00,0.00,0.05,0.00,0.00,2.20,0.00,0.00,1042.21,-0.00,-0.00,0.00,0.00,0.00,-0.00
11330.00,0.00,0.00,0.01,0.00,0.00,-9.04,0.00,0.00,-2248.51,-0.00,-0.00,-0.00,0.00,0.00,-0.00
11339.00,0.00,0.00,0.03,0.00,0.00,2.27,0.00,0.00,1256.42,-0.00,0.00,0.00,0.00,0.00,0.00
11352.00,0.00,0.00,0.02,0.00,0.00,-0.34,0.00,0.00,-200.50,-0.00,-0.00,0.00,0.00,-0.01,0.00
11369.00,0.00,0.00,-0.04,0.00,0.00,-3.39,0.00,0.00,-179.67,0.00,-0.00,0.00,0.00,-0.00,0.00
11378.00,0.00,0.00,-0.02,0.00,0.00,2.25,0.00,0.00,626.98,0.00,-0.00,-0.00,0.00,0.00,-0.00
11385.00,0.00,0.00,0.05,0.00,0.00,9.85,0.00,0.00,1085.20,0.00,-0.00,-0.00,0.00,0.00,-0.00
11391.00,0.00,0.00,0.11,0.00,0.00,10.20,0.00,0.00,59.25,0.00,-0.00,-0.00,0.00,0.00,-0.00
11399.00,0.00,0.00,-0.00,0.00,0.00,-14.49,0.00,0.00,-3086.67,0.00,-0.00,-0.00,0.00,0.00,0.00
11405.00,0.00,0.00,0.02,0.00,0.00,3.70,0.00,0.00,3032.54,0.00,-0.00,-0.00,0.00,0.00,0.00
11410.00,0.00,0.00,0.04,0.00,0.00,4.38,0.00,0.00,134.99,0.00,-0.00,-0.00,-0.00,-0.00,0.00
11419.00,0.00,0.00,0.06,0.00,0.00,2.48,0.00,0.00,-210.96,0.00,-0.00,-0.00,-0.00,-0.00,0.00
11427.00,0.00,0.00,0.05,0.00,0.00,-1.15,0.00,0.00,-454.28,0.00,-0.00,-0.00,-0.00,-0.00,0.00
11437.00,0.00,0.00,-0.04,0.00,0.00,-9.57,0.00,0.00,-841.33,0.00,-0.00,0.00,-0.00,-0.00,0.00
11444.00,0.00,0.00,0.06,0.00,0.00,14.02,0.00,0.00,3370.15,-0.00,-0.00,0.00,-0.00,-0.00,0.00
11450.00,0.00,0.00,-0.00,0.00,0.00,-9.93,0.00,0.00,-3992.08,-0.00,-0.00,0.00,-0.00,-0.00,0.00
11465.00,0.00,0.00,0.05,0.00,0.00,3.43,0.00,0.00,890.82,-0.00,-0.00,0.00,-0.00,0.00,-0.00
11471.00,0.00,0.00,-0.04,0.00,0.00,-14.70,0.00,0.00,-3022.43,-0.00,-0.00,0.00,-0.00,-0.00,-0.00
11479.00,0.00,0.00,-0.01,0.00,0.00,3.20,0.00,0.00,2237.81,-0.00,-0.00,0.00,-0.00,-0.00,-0.00
11487.00,0.00,0.00,0.02,0.00,0.00,4.39,0.00,0.00,148.45,-0.00,-0.00,-0.00,0.00,0.00,-0.00
11492.00,0.00,0.00,-0.04,0.00,0.00,-12.47,0.00,0.00,-3370.74,-0.00,-0.00,-0.00,0.00,0.00,-0.00
11500.00,0.00,0.00,0.11,0.00,0.00,18.34,0.00,0.00,3850.71,-0.00,-0.00,0.00,-0.00,0.00,0.00
11505.00,0.00,0.00,-0.02,0.00,0.00,-25.74,0.00,0.00,-8816.01,-0.00,-0.00,0.00,0.00,-0.00,0.00
11516.00,0.00,0.00,0.05,0.00,0.00,6.94,0.00,0.00,2971.11,-0.00,-0.00,0.00,0.00,-0.00,0.00
11522.00,0.00,0.00,0.01,0.00,0.00,-8.02,0.00,0.00,-2493.77,-0.00,-0.00,0.00,0.00,-0.00,-0.00
11529.00,0.00,0.00,-0.02,0.00,0.00,-3.72,0.00,0.00,614.34,-0.00,-0.00,-0.00,0.00,-0.00,-0.00
11538.00,0.00,0.00,-0.03,0.00,0.00,-0.88,0.00,0.00,315.53,-0.00,-0.00,0.00,0.00,-0.00,0.00
11544.00,0.00,0.00,0.12,0.00,0.00,24.08,0.00,0.00,4159.60,-0.00,-0.00,0.00,0.00,-0.00,-0.00
11560.00,0.00,0.00,0.02,0.00,0.00,-6.16,0.00,0.00,-1889.53,-0.00,-0.00,0.00,-0.00,0.00,0.00
11569.00,0.00,0.00,-0.01,0.00,0.00,-2.53,0.00,0.00,402.61,-0.00,-0.00,0.00,-0.00,0.00,0.00
11577.00,0.00,0.00,-0.11,0.00,0.00,-13.22,0.00,0.00,-1336.21,-0.00,-0.00,0.00,0.00,0.00,0.00
11583.00,0.00,0.00,0.02,0.00,0.00,22.33,0.00,0.00,5925.92,-0.00,-0.00,0.00,0.00,0.00,0.00
11590.00,0.00,0.00,0.03,0.00,0.00,0.48,0.00,0.00,-3121.53,-0.00,-0.00,0.00,0.00,0.00,0.00
11604.00,0.00,0.00,0.02,0.00,0.00,-0.62,0.00,0.00,-78.91,-0.00,-0.00,0.00,0.00,0.00,0.00
11611.00,0.00,0.00,-0.03,0.00,0.00,-6.58,0.00,0.00,-851.04,-0.00,-0.00,0.00,0.00,-0.00,-0.00
11619.00,0.00,0.00,0.01,0.00,0.00,4.27,0.00,0.00,1356.18,-0.00,-0.00,0.00,-0.00,0.00,-0.00
11627.00,0.00,0.00,-0.04,0.00,0.00,-5.64,0.00,0.00,-1239.08,-0.00,-0.00,0.00,-0.00,0.00,-0.00
11631.00,0.00,0.00,0.00,0.00,0.00,10.02,0.00,0.00,3915.54,-0.00,-0.00,0.00,-0.00,0.00,-0.00
11640.00,0.00,0.00,0.01,0.00,0.00,1.38,0.00,0.00,-960.41,-0.00,-0.00,0.00,0.00,0.00,0.00
11647.00,0.00,0.00,0.01,0.00,0.00,-1.04,0.00,0.00,-344.59,-0.00,-0.00,0.00,0.00,0.00,0.00
11663.00,0.00,0.00,-0.03,0.00,0.00,-2.10,0.00,0.00,-66.77,-0.00,-0.00,0.00,-0.00,-0.00,-0.00
11670.00,0.00,0.00,0.03,0.00,0.00,7.51,0.00,0.00,1373.02,-0.00,-0.00,0.00,-0.00,0.00,-0.00
11679.00,0.00,0.00,-0.01,0.00,0.00,-4.10,0.00,0.00,-1289.25,-0.00,-0.00,0.00,-0.00,0.00,-0.00
11690.00,0.00,0.00,0.03,0.00,0.00,3.36,0.00,0.00,677.86,-0.00,-0.00,-0.00,-0.00,-0.00,-0.00
11700.00,0.00,0.00,-0.03,0.00,0.00,-5.99,0.00,0.00,-935.39,-0.00,-0.00,0.00,0.00,-0.00,0.00
11705.00,0.00,0.00,0.01,0.00,0.00,8.80,0.00,0.00,2958.10,-0.00,-0.00,0.00,-0.00,0.00,0.00
11711.00,0.00,0.00,-0.09,0.00,0.00,-16.57,0.00,0.00,-4228.06,-0.00,-0.00,0.00,-0.00,0.00,0.00
11719.00,0.00,0.00,0.06,0.00,0.00,18.92,0.00,0.00,4435.80,-0.00,-0.00,0.00,-0.00,0.00,0.00
11727.00,0.00,0.00,0.05,0.00,0.00,-0.93,0.00,0.00,-2480.31,-0.00,-0.00,0.00,0.00,-0.00,-0.00
11732.00,0.00,0.00,0.03,0.00,0.00,-5.60,0.00,0.00,-933.93,-0.00,-0.00,0.00,0.00,-0.00,0.00
11740.00,0.00,0.00,0.02,0.00,0.00,-1.01,0.00,0.00,573.46,-0.00,-0.00,0.00,0.00,-0.00,0.00
11749.00,0.00,0.00,0.05,0.00,0.00,3.14,0.00,0.00,460.55,-0.00,-0.00,0.00,0.00,-0.00,0.00
11753.00,0.00,0.00,0.09,0.00,0.00,11.65,0.00,0.00,2128.68,-0.00,-0.00,0.00,0.00,-0.00,0.00
11764.00,0.00,0.00,0.04,0.00,0.00,-5.18,0.00,0.00,-1529.93,-0.00,-0.00,0.00,-0.00,-0.00,-0.00
11781.00,0.00,0.00,-0.03,0.00,0.00,-4.05,0.00,0.00,66.66,-0.00,-0.00,0.00,-0.00,0.00,0.00
11790.00,0.00,0.00,0.04,0.00,0.00,8.38,0.00,0.00,1380.53,-0.00,-0.00,0.00,0.00,0.01,-0.00
11797.00,0.00,0.00,-0.03,0.00,0.00,-9.71,0.00,0.00,-2583.95,-0.00,-0.00,0.00,0.00,0.00,0.00
11803.00,0.00,0.00,-0.02,0.00,0.00,1.50,0.00,0.00,1868.20,-0.00,-0.00,0.00,0.00,0.00,-0.00
11810.00,0.00,0.00,0.07,0.00,0.00,12.12,0.00,0.00,1517.10,-0.00,-0.00,0.00,0.00,0.00,-0.00
11818.00,0.00,0.00,0.04,0.00,0.00,-3.65,0.00,0.00,-1971.78,-0.00,-0.00,0.00,-0.00,-0.00,-0.00
11823.00,0.00,0.00,0.00,0.00,0.00,-6.96,0.00,0.00,-661.52,-0.00,-0.00,0.00,-0.00,-0.00,-0.00
11830.00,0.00,0.00,-0.05,0.00,0.00,-7.39,0.00,0.00,-60.98,-0.00,-0.00,0.00,-0.00,0.00,0.00
11839.00,0.00,0.00,0.13,0.00,0.00,19.50,0.00,0.00,2987.98,-0.00,-0.00,0.00,0.00,-0.00,-0.00
11851.00,0.00,0.00,-0.03,0.00,0.00,-12.91,0.00,0.00,-2701.45,-0.00,-0.00,0.00,0.00,-0.00,0.00
11866.00,0.00,0.00,0.00,0.00,0.00,2.00,0.00,0.00,994.04,-0.00,-0.00,0.00,-0.00,0.00,0.00
11872.00,0.00,0.00,0.06,0.00,0.00,10.16,0.00,0.00,1361.07,-0.00,-0.00,0.00,0.00,0.00,0.00
11880.00,0.00,0.00,-0.08,0.00,0.00,-17.80,0.00,0.00,-3495.86,-0.00,-0.00,0.00,0.00,0.00,0.00
11888.00,0.00,0.00,0.03,0.00,0.00,13.87,0.00,0.00,3959.31,-0.00,-0.00,0.00,-0.00,-0.00,0.00
11893.00,0.00,0.00,-0.11,0.00,0.00,-29.37,0.00,0.00,-8648.28,-0.00,-0.00,0.00,-0.00,-0.00,0.00
11901.00,0.00,0.00,0.04,0.00,0.00,18.80,0.00,0.00,6021.05,-0.00,-0.00,0.00,0.00,-0.00,0.00
11906.00,0.00,0.00,0.06,0.00,0.00,5.45,0.00,0.00,-2670.47,-0.00,-0.00,0.00,0.00,-0.00,-0.00
11912.00,0.00,0.00,0.08,0.00,0.00,3.11,0.00,0.00,-389.00,-0.00,-0.00,0.00,0.00,-0.00,-0.00
11920.00,0.00,0.00,0.05,0.00,0.00,-4.32,0.00,0.00,-929.05,-0.00,-0.00,0.00,-0.00,0.00,-0.00
11932.00,0.00,0.00,0.07,0.00,0.00,1.74,0.00,0.00,505.14,-0.00,-0.00,0.00,0.00,0.00,0.00
11941.00,0.00,0.00,-0.04,0.00,0.00,-12.18,0.00,0.00,-1546.86,-0.00,-0.00,0.00,0.00,0.00,0.00
11950.00,0.00,0.00,0.03,0.00,0.00,7.59,0.00,0.00,2196.53,-0.00,-0.00,0.00,-0.00,0.00,-0.00
11965.00,0.00,0.00,0.18,0.00,0.00,10.49,0.00,0.00,193.74,-0.00,-0.00,0.00,-0.00,0.00,0.00
11971.00,0.00,0.00,0.04,0.00,0.00,-23.59,0.00,0.00,-5679.88,-0.00,-0.00,0.00,0.00,0.00,0.00
11980.00,0.00,0.00,0.01,0.00,0.00,-3.82,0.00,0.00,2196.28,-0.00,-0.00,0.00,0.00,-0.00,0.00
11987.00,0.00,0.00,0.01,0.00,0.00,0.23,0.00,0.00,578.95,-0.00,-0.00,0.00,0.00,-0.00,0.00
11992.00,0.00,0.00,0.06,0.00,0.00,9.60,0.00,0.00,1872.65,-0.00,-0.00,0.00,0.00,-0.00,0.00
12001.00,0.00,0.00,0.02,0.00,0.00,-4.04,0.00,0.00,-1515.10,-0.00,-0.00,0.00,0.01,-0.00,0.00
12006.00,0.00,0.00,0.06,0.00,0.00,7.33,0.00,0.00,2274.34,-0.00,-0.00,0.00,0.00,-0.00,-0.00
12021.00,0.00,0.00,0.05,0.00,0.00,-0.66,0.00,0.00,-532.74,-0.00,-0.00,0.00,0.00,0.00,0.00
12031.00,0.00,0.00,-0.06,0.00,0.00,-10.43,0.00,0.00,-977.10,-0.00,-0.00,0.00,0.00,0.00,0.00
12039.00,0.00,0.00,0.01,0.00,0.00,7.86,0.00,0.00,2286.13,-0.00,-0.00,0.00,-0.00,-0.00,0.00
12046.00,0.00,0.00,0.07,0.00,0.00,8.52,0.00,0.00,93.58,-0.00,-0.00,0.00,-0.00,-0.00,-0.00
12052.00,0.00,0.00,0.04,0.00,0.00,-4.86,0.00,0.00,-2229.19,-0.00,-0.00,0.00,0.00,0.00,-0.00
12067.00,0.00,0.00,0.02,0.00,0.00,-1.21,0.00,0.00,243.08,-0.00,-0.00,0.00,-0.00,-0.00,0.00
12073.00,0.00,0.00,-0.05,0.00,0.00,-11.59,0.00,0.00,-1728.98,-0.00,-0.00,0.00,-0.00,-0.00,0.00
12080.00,0.00,0.00,0.02,0.00,0.00,10.35,0.00,0.00,3133.90,-0.00,-0.00,0.00,-0.00,0.00,0.00
12088.00,0.00,0.00,-0.00,0.00,0.00,-3.33,0.00,0.00,-1709.49,-0.00,-0.00,0.00,0.00,-0.00,0.00
12093.00,0.00,0.00,-0.03,0.00,0.00,-4.25,0.00,0.00,-184.20,-0.00,-0.00,0.00,0.00,-0.00,-0.00
12106.00,0.00,0.00,0.09,0.00,0.00,8.74,0.00,0.00,999.14,-0.00,-0.00,0.00,-0.00,-0.00,-0.00
12113.00,0.00,0.00,-0.01,0.00,0.00,-14.24,0.00,0.00,-3283.57,-0.00,-0.00,0.00,-0.00,-0.00,0.00
12120.00,0.00,0.00,-0.04,0.00,0.00,-3.96,0.00,0.00,1468.89,-0.00,-0.00,0.00,-0.00,-0.00,0.00
12128.00,0.00,0.00,0.03,0.00,0.00,8.70,0.00,0.00,1582.97,-0.00,-0.00,0.00,0.00,0.00,0.00
12134.00,0.00,0.00,0.07,0.00,0.00,6.12,0.00,0.00,-430.07,-0.00,-0.00,0.00,-0.00,0.00,0.00
12141.00,0.00,0.00,0.05,0.00,0.00,-2.08,0.00,0.00,-1171.28,-0.00,-0.00,0.00,-0.00,0.00,-0.00
12150.00,0.00,0.00,0.10,0.00,0.00,5.39,0.00,0.00,829.31,-0.00,-0.00,0.00,-0.00,-0.00,0.00
12165.00,0.00,0.00,0.08,0.00,0.00,-1.69,0.00,0.00,-472.06,-0.00,-0.00,0.00,-0.00,-0.00,0.00
12172.00,0.00,0.00,-0.01,0.00,0.00,-11.58,0.00,0.00,-1411.88,-0.00,-0.00,0.00,-0.00,-0.00,0.00
12180.00,0.00,0.00,-0.07,0.00,0.00,-8.32,0.00,0.00,407.42,-0.00,-0.00,0.00,-0.00,0.00,-0.00
12192.00,0.00,0.00,0.06,0.00,0.00,11.14,0.00,0.00,1621.43,-0.00,-0.00,0.00,0.00,-0.00,0.00
12202.00,0.00,0.00,0.04,0.00,0.00,-2.47,0.00,0.00,-1360.87,-0.00,-0.00,0.00,-0.00,0.00,-0.00
12207.00,0.00,0.00,0.11,0.00,0.00,14.77,0.00,0.00,3447.19,-0.00,-0.00,0.00,-0.00,-0.00,-0.00
12213.00,0.00,0.00,-0.01,0.00,0.00,-19.92,0.00,0.00,-5780.45,-0.00,-0.00,0.00,0.00,-0.00,-0.00
12220.00,0.00,0.00,-0.02,0.00,0.00,-1.53,0.00,0.00,2626.77,-0.00,-0.00,0.00,0.00,0.00,-0.00
12229.00,0.00,0.00,0.03,0.00,0.00,5.03,0.00,0.00,728.61,-0.00,-0.00,0.00,0.00,0.00,0.00
12234.00,0.00,0.00,0.00,0.00,0.00,-4.93,0.00,0.00,-1990.92,-0.00,-0.00,0.00,0.00,0.00,-0.00
12241.00,0.00,0.00,0.04,0.00,0.00,5.64,0.00,0.00,1509.16,-0.00,-0.00,0.00,0.00,0.00,-0.00
12250.00,0.00,0.00,0.01,0.00,0.00,-3.57,0.00,0.00,-1023.04,-0.00,-0.00,0.00,0.00,0.00,0.00
12265.00,0.00,0.00,-0.01,0.00,0.00,-1.11,0.00,0.00,163.81,-0.00,-0.00,0.00,-0.00,-0.00,0.00
12277.00,0.00,0.00,0.04,0.00,0.00,4.25,0.00,0.00,446.99,-0.00,-0.00,0.00,0.00,0.00,0.00
12283.00,0.00,0.00,0.06,0.00,0.00,2.91,0.00,0.00,-223.97,-0.00,-0.00,0.00,0.00,0.00,0.00
12291.00,0.00,0.00,0.09,0.00,0.00,3.56,0.00,0.00,81.25,-0.00,-0.00,0.00,0.00,0.00,0.00
12299.00,0.00,0.00,-0.01,0.00,0.00,-12.67,0.00,0.00,-2028.06,-0.00,-0.00,0.00,0.00,0.00,-0.00
12304.00,0.00,0.00,0.07,0.00,0.00,17.00,0.00,0.00,5933.56,-0.00,-0.00,0.00,0.00,0.00,-0.00
12312.00,0.00,0.00,0.05,0.00,0.00,-3.26,0.00,0.00,-2533.03,-0.00,-0.00,0.00,-0.00,-0.00,0.00
12320.00,0.00,0.00,0.04,0.00,0.00,-1.34,0.00,0.00,239.83,-0.00,-0.00,0.00,0.00,-0.00,0.00
12328.00,0.00,0.00,0.10,0.00,0.00,8.68,0.00,0.00,1253.23,-0.00,-0.00,0.00,0.00,0.00,0.00
12333.00,0.00,0.00,0.02,0.00,0.00,-17.70,0.00,0.00,-5276.56,-0.00,-0.00,0.00,0.00,0.00,0.00
12341.00,0.00,0.00,0.12,0.00,0.00,12.37,0.00,0.00,3759.51,-0.00,-0.00,0.00,0.00,-0.00,0.00
12354.00,0.00,0.00,0.16,0.00,0.00,3.77,0.00,0.00,-661.66,-0.00,-0.00,0.00,0.00,-0.00,0.00
12372.00,0.00,0.00,-0.03,0.00,0.00,-10.64,0.00,0.00,-800.58,-0.00,-0.00,0.00,0.00,0.00,0.00
12380.00,0.00,0.00,0.10,0.00,0.00,15.75,0.00,0.00,3298.59,-0.00,-0.00,0.00,0.00,-0.00,0.00
12387.00,0.00,0.00,-0.05,0.00,0.00,-21.64,0.00,0.00,-5342.04,-0.00,-0.00,0.00,0.00,0.00,0.00
12393.00,0.00,0.00,0.04,0.00,0.00,16.10,0.00,0.00,6290.20,-0.00,-0.00,0.00,0.00,0.00,0.00
12401.00,0.00,0.00,0.06,0.00,0.00,2.00,0.00,0.00,-1762.42,-0.00,-0.00,0.00,-0.00,0.00,0.00
12407.00,0.00,0.00,0.02,0.00,0.00,-6.67,0.00,0.00,-1444.46,-0.00,-0.00,0.00,0.00,0.00,0.00
12412.00,0.00,0.00,-0.05,0.00,0.00,-13.97,0.00,0.00,-1460.88,-0.00,-0.00,0.00,0.00,0.00,0.00
12421.00,0.00,0.00,0.02,0.00,0.00,8.09,0.00,0.00,2451.35,-0.00,-0.00,0.00,0.00,0.00,0.00
12429.00,0.00,0.00,-0.04,0.00,0.00,-8.30,0.00,0.00,-2049.11,-0.00,-0.00,0.00,0.00,0.00,0.00
12440.00,0.00,0.00,0.08,0.00,0.00,11.45,0.00,0.00,1795.34,0.00,-0.00,0.00,0.00,-0.00,0.00
12447.00,0.00,0.00,0.05,0.00,0.00,-4.71,0.00,0.00,-2307.28,0.00,-0.00,0.00,0.00,-0.00,-0.00
12453.00,0.00,0.00,0.17,0.00,0.00,19.27,0.00,0.00,3996.01,0.00,-0.00,0.00,-0.00,-0.00,-0.00
12468.00,0.00,0.00,-0.01,0.00,0.00,-11.39,0.00,0.00,-2043.96,0.00,-0.00,0.00,0.00,-0.00,0.00
12474.00,0.00,0.00,-0.03,0.00,0.00,-4.05,0.00,0.00,1222.72,0.00,-0.00,0.00,0.00,-0.00,0.00
12481.00,0.00,0.00,0.04,0.00,0.00,10.23,0.00,0.00,2040.56,0.00,-0.00,0.00,0.00,-0.01,0.00
12489.00,0.00,0.00,0.09,0.00,0.00,5.56,0.00,0.00,-584.22,0.00,-0.00,0.00,0.00,0.00,-0.00
12494.00,0.00,0.00,0.06,0.00,0.00,-4.92,0.00,0.00,-2095.03,0.00,-0.00,0.00,0.00,-0.00,-0.00
12502.00,0.00,0.00,0.06,0.00,0.00,0.04,0.00,0.00,619.44,0.00,-0.00,0.00,0.00,-0.00,-0.00
12507.00,0.00,0.00,0.04,0.00,0.00,-3.53,0.00,0.00,-712.93,0.00,-0.00,0.00,0.00,-0.00,0.00
12518.00,0.00,0.00,-0.01,0.00,0.00,-5.07,0.00,0.00,-140.20,0.00,-0.00,0.00,0.00,-0.00,0.00
12524.00,0.00,0.00,0.08,0.00,0.00,14.52,0.00,0.00,3264.26,0.00,-0.00,0.00,0.00,0.00,0.00
12531.00,0.00,0.00,0.10,0.00,0.00,2.92,0.00,0.00,-1657.01,0.00,-0.00,0.00,-0.00,0.00,0.00
12540.00,0.00,0.00,0.07,0.00,0.00,-3.09,0.00,0.00,-667.79,0.00,-0.00,0.00,0.00,0.00,0.00
12546.00,0.00,0.00,-0.03,0.00,0.00,-16.24,0.00,0.00,-2191.54,0.00,-0.00,0.00,0.00,0.00,0.00
12562.00,0.00,0.00,0.03,0.00,0.00,3.94,0.00,0.00,1261.62,0.00,-0.00,0.00,-0.00,-0.00,0.00
12571.00,0.00,0.00,0.05,0.00,0.00,1.94,0.00,0.00,-223.29,0.00,-0.00,0.00,0.00,-0.00,-0.00
12579.00,0.00,0.00,0.04,0.00,0.00,-1.18,0.00,0.00,-389.02,0.00,-0.00,0.00,0.00,0.00,0.00
12585.00,0.00,0.00,-0.01,0.00,0.00,-8.65,0.00,0.00,-1246.16,0.00,-0.00,0.00,0.00,0.00,0.00
12592.00,0.00,0.00,0.03,0.00,0.00,6.29,0.00,0.00,2135.12,0.00,-0.00,0.00,0.00,0.00,0.00
12605.00,0.00,0.00,0.01,0.00,0.00,-1.58,0.00,0.00,-605.81,0.00,-0.00,0.00,-0.00,0.00,0.00
12613.00,0.00,0.00,0.05,0.00,0.00,4.32,0.00,0.00,738.16,0.00,-0.00,0.00,-0.00,-0.00,-0.00
12621.00,0.00,0.00,0.01,0.00,0.00,-4.66,0.00,0.00,-1122.73,0.00,-0.00,0.00,0.00,0.00,-0.00
12629.00,0.00,0.00,0.13,0.00,0.00,14.38,0.00,0.00,2379.89,0.00,-0.00,0.00,0.00,-0.00,0.00
12634.00,0.00,0.00,0.03,0.00,0.00,-19.55,0.00,0.00,-6786.03,0.00,-0.00,0.00,0.00,-0.00,0.00
12642.00,0.00,0.00,0.05,0.00,0.00,3.19,0.00,0.00,2842.57,0.00,-0.00,0.00,0.00,-0.00,0.00
12650.00,0.00,0.00,-0.01,0.00,0.00,-7.48,0.00,0.00,-1333.24,0.00,-0.00,0.00,0.00,-0.00,0.00
12666.00,0.00,0.00,0.02,0.00,0.00,1.61,0.00,0.00,568.02,0.00,-0.00,0.00,0.00,-0.00,0.00
12671.00,0.00,0.00,0.12,0.00,0.00,20.53,0.00,0.00,3784.13,0.00,-0.00,0.00,0.00,-0.00,0.00
12677.00,0.00,0.00,0.02,0.00,0.00,-17.22,0.00,0.00,-6292.14,0.00,-0.00,0.00,0.00,-0.00,-0.00
12688.00,0.00,0.00,-0.02,0.00,0.00,-3.09,0.00,0.00,1284.62,0.00,-0.00,0.00,0.00,0.00,-0.00
12695.00,0.00,0.00,0.10,0.00,0.00,16.81,0.00,0.00,2842.75,0.00,-0.00,0.00,0.00,0.00,-0.00
12702.00,0.00,0.00,0.12,0.00,0.00,2.13,0.00,0.00,-2097.47,0.00,-0.00,0.00,0.00,0.00,0.00
12708.00,0.00,0.00,0.05,0.00,0.00,-10.72,0.00,0.00,-2141.15,0.00,-0.00,0.00,0.00,-0.00,0.00
12713.00,0.00,0.00,0.11,0.00,0.00,11.18,0.00,0.00,4379.86,0.00,-0.00,0.00,0.00,-0.00,0.00
12722.00,0.00,0.00,0.09,0.00,0.00,-2.62,0.00,0.00,-1532.85,0.00,-0.00,0.00,0.00,-0.00,0.00
12730.00,0.00,0.00,0.04,0.00,0.00,-6.16,0.00,0.00,-443.02,0.00,-0.00,0.00,0.00,-0.00,0.00
12735.00,0.00,0.00,0.06,0.00,0.00,4.80,0.00,0.00,2192.81,0.00,-0.00,0.00,0.00,0.00,-0.00
12742.00,0.00,0.00,-0.01,0.00,0.00,-9.48,0.00,0.00,-2040.38,0.00,-0.00,0.00,0.00,0.00,-0.00
12760.00,0.00,0.00,0.05,0.00,0.00,2.92,0.00,0.00,688.56,0.00,-0.00,0.00,-0.00,-0.00,0.00
12776.00,0.00,0.00,0.15,0.00,0.00,6.48,0.00,0.00,222.82,0.00,-0.00,0.00,0.00,-0.00,0.00
12784.00,0.00,0.00,0.04,0.00,0.00,-13.32,0.00,0.00,-2475.01,0.00,-0.00,0.00,0.00,0.00,0.00
12792.00,0.00,0.00,0.03,0.00,0.00,-1.43,0.00,0.00,1486.17,0.00,-0.00,0.00,0.00,-0.00,-0.00
12799.00,0.00,0.00,0.06,0.00,0.00,3.73,0.00,0.00,737.90,0.00,-0.00,0.00,-0.00,0.00,0.00
12805.00,0.00,0.00,0.08,0.00,0.00,4.20,0.00,0.00,77.11,0.00,-0.00,0.00,-0.00,0.00,0.00
12812.00,0.00,0.00,0.13,0.00,0.00,7.10,0.00,0.00,415.29,0.00,-0.00,0.00,-0.00,0.00,0.00
12820.00,0.00,0.00,0.03,0.00,0.00,-12.52,0.00,0.00,-2452.73,0.00,-0.00,0.00,0.00,-0.00,0.00
12826.00,0.00,0.00,0.04,0.00,0.00,0.40,0.00,0.00,2152.48,0.00,-0.00,0.00,0.00,0.00,0.00
12833.00,0.00,0.00,0.01,0.00,0.00,-2.91,0.00,0.00,-472.19,0.00,-0.00,0.00,0.00,0.00,0.00
12842.00,0.00,0.00,0.00,0.00,0.00,-1.65,0.00,0.00,140.17,0.00,-0.00,0.00,0.00,0.00,0.00
12854.00,0.00,0.00,0.12,0.00,0.00,9.92,0.00,0.00,963.95,0.00,-0.00,0.00,0.00,0.00,0.00
12870.00,0.00,0.00,0.06,0.00,0.00,-3.73,0.00,0.00,-853.29,0.00,-0.00,0.00,0.00,0.00,-0.00
12875.00,0.00,0.00,0.05,0.00,0.00,-2.00,0.00,0.00,346.52,0.00,-0.00,0.00,-0.00,0.00,-0.00
12882.00,0.00,0.00,0.01,0.00,0.00,-5.15,0.00,0.00,-450.80,0.00,-0.00,0.00,-0.00,0.00,-0.00
12891.00,0.00,0.00,0.07,0.00,0.00,6.24,0.00,0.00,1266.02,0.00,-0.00,0.00,-0.00,0.00,0.00
12897.00,0.00,0.00,-0.01,0.00,0.00,-12.59,0.00,0.00,-3137.44,0.00,-0.00,0.00,-0.00,0.00,-0.00
12904.00,0.00,0.00,0.02,0.00,0.00,4.18,0.00,0.00,2394.69,0.00,-0.00,0.00,-0.00,0.00,-0.00
12910.00,0.00,0.00,0.09,0.00,0.00,10.58,0.00,0.00,1067.55,0.00,-0.00,0.00,-0.00,0.00,0.00
12916.00,0.00,0.00,-0.06,0.00,0.00,-25.27,0.00,0.00,-5975.76,0.00,-0.00,0.00,-0.00,0.00,0.00
12923.00,0.00,0.00,-0.01,0.00,0.00,7.33,0.00,0.00,4657.58,0.00,-0.00,0.00,-0.00,0.00,0.00
12937.00,0.00,0.00,-0.00,0.00,0.00,0.86,0.00,0.00,-461.95,0.00,-0.00,0.00,-0.00,0.00,0.00
12944.00,0.00,0.00,0.17,0.00,0.00,24.15,0.00,0.00,3326.98,0.00,-0.00,0.00,-0.00,0.00,0.00
12952.00,0.00,0.00,-0.01,0.00,0.00,-22.34,0.00,0.00,-5811.26,0.00,-0.00,0.00,-0.00,0.00,0.00
12967.00,0.00,0.00,0.01,0.00,0.00,1.42,0.00,0.00,1583.52,0.00,-0.00,0.00,-0.00,0.00,0.00
12974.00,0.00,0.00,0.01,0.00,0.00,0.52,0.00,0.00,-128.27,0.00,-0.00,0.00,-0.00,0.00,0.00
12982.00,0.00,0.00,-0.02,0.00,0.00,-3.62,0.00,0.00,-517.33,0.00,-0.00,0.00,0.00,0.00,0.00
12990.00,0.00,0.00,0.07,0.00,0.00,10.83,0.00,0.00,1806.65,0.00,-0.00,0.00,-0.00,-0.00,0.00
12995.00,0.00,0.00,0.03,0.00,0.00,-8.65,0.00,0.00,-3897.41,0.00,-0.00,0.00,0.00,-0.00,0.00
13003.00,0.00,0.00,0.03,0.00,0.00,0.59,0.00,0.00,1155.84,0.00,-0.00,0.00,0.00,-0.00,0.00
13008.00,0.00,0.00,0.03,0.00,0.00,-0.38,0.00,0.00,-194.86,0.00,-0.00,0.00,0.00,0.00,0.00
13019.00,0.00,0.00,-0.00,0.00,0.00,-3.19,0.00,0.00,-255.51,0.00,-0.00,0.00,-0.00,0.00,-0.00
13025.00,0.00,0.00,-0.01,0.00,0.00,-0.73,0.00,0.00,410.66,0.00,-0.00,0.00,-0.00,0.00,-0.00
13033.00,0.00,0.00,0.04,0.00,0.00,6.39,0.00,0.00,889.64,0.00,-0.00,0.00,0.00,0.00,0.00
13041.00,0.00,0.00,0.07,0.00,0.00,3.04,0.00,0.00,-418.75,0.00,-0.00,0.00,-0.00,0.00,0.00
13047.00,0.00,0.00,0.03,0.00,0.00,-6.31,0.00,0.00,-1557.95,0.00,-0.00,0.00,-0.00,0.00,0.00
13063.00,0.00,0.00,0.01,0.00,0.00,-1.28,0.00,0.00,314.40,0.00,-0.00,0.00,0.00,-0.00,0.00
13072.00,0.00,0.00,0.10,0.00,0.00,9.90,0.00,0.00,1241.57,0.00,-0.00,0.00,-0.00,0.00,0.00
13080.00,0.00,0.00,-0.05,0.00,0.00,-18.28,0.00,0.00,-3522.24,0.00,-0.00,0.00,0.00,0.00,0.00
13085.00,0.00,0.00,-0.01,0.00,0.00,7.18,0.00,0.00,5092.50,0.00,-0.00,0.00,0.00,0.00,0.00
13093.00,0.00,0.00,-0.02,0.00,0.00,-1.32,0.00,0.00,-1062.47,0.00,-0.00,0.00,0.00,0.00,0.00
13106.00,0.00,0.00,0.10,0.00,0.00,9.34,0.00,0.00,819.93,0.00,-0.00,0.00,0.00,0.00,0.00
13114.00,0.00,0.00,0.15,0.00,0.00,5.87,0.00,0.00,-433.27,0.00,-0.00,0.00,0.00,-0.00,0.00
13122.00,0.00,0.00,0.05,0.00,0.00,-12.26,0.00,0.00,-2266.05,0.00,-0.00,0.00,0.00,0.00,-0.00
13130.00,0.00,0.00,0.00,0.00,0.00,-5.63,0.00,0.00,828.35,0.00,-0.00,0.00,0.00,0.00,0.00
13135.00,0.00,0.00,0.02,0.00,0.00,3.82,0.00,0.00,1889.49,0.00,-0.00,0.00,-0.00,0.00,0.00
13143.00,0.00,0.00,0.06,0.00,0.00,5.03,0.00,0.00,150.94,0.00,-0.00,0.00,-0.00,0.00,0.00
13151.00,0.00,0.00,0.03,0.00,0.00,-4.20,0.00,0.00,-1153.38,0.00,-0.00,0.00,0.00,-0.00,0.00
13166.00,0.00,0.00,0.07,0.00,0.00,2.94,0.00,0.00,475.85,0.00,-0.00,0.00,0.00,0.00,0.00
13174.00,0.00,0.00,-0.06,0.00,0.00,-15.86,0.00,0.00,-2350.23,0.00,-0.00,0.00,0.00,-0.00,0.00
13182.00,0.00,0.00,0.10,0.00,0.00,18.83,0.00,0.00,4336.45,0.00,-0.00,0.00,0.00,0.00,0.00
13194.00,0.00,0.00,0.04,0.00,0.00,-4.42,0.00,0.00,-1937.10,0.00,-0.00,0.00,-0.00,0.00,0.00
13204.00,0.00,0.00,-0.01,0.00,0.00,-5.21,0.00,0.00,-79.50,0.00,-0.00,0.00,0.00,0.00,-0.00
13209.00,0.00,0.00,0.03,0.00,0.00,8.80,0.00,0.00,2803.68,0.00,-0.00,0.00,0.00,-0.00,-0.00
13215.00,0.00,0.00,0.08,0.00,0.00,8.13,0.00,0.00,-112.07,0.00,-0.00,0.00,0.00,-0.00,0.00
13223.00,0.00,0.00,0.13,0.00,0.00,5.30,0.00,0.00,-353.88,0.00,-0.00,0.00,-0.00,0.00,0.00
13230.00,0.00,0.00,0.03,0.00,0.00,-13.10,0.00,0.00,-2628.52,0.00,-0.00,0.00,0.00,0.00,0.00
13236.00,0.00,0.00,0.05,0.00,0.00,1.97,0.00,0.00,2511.23,0.00,-0.00,0.00,-0.00,0.00,0.00
13243.00,0.00,0.00,0.07,0.00,0.00,3.26,0.00,0.00,185.01,0.00,-0.00,0.00,-0.00,0.00,0.00
13252.00,0.00,0.00,0.05,0.00,0.00,-2.17,0.00,0.00,-604.27,0.00,-0.00,0.00,0.00,0.00,-0.00
13267.00,0.00,0.00,0.02,0.00,0.00,-1.98,0.00,0.00,12.88,0.00,-0.00,0.00,0.00,0.00,0.00
13279.00,0.00,0.00,0.13,0.00,0.00,9.43,0.00,0.00,950.80,0.00,-0.00,0.00,0.00,-0.00,0.00
13286.00,0.00,0.00,0.06,0.00,0.00,-10.60,0.00,0.00,-2861.26,0.00,-0.00,0.00,-0.00,-0.00,0.00
13293.00,0.00,0.00,0.05,0.00,0.00,-1.49,0.00,0.00,1300.90,0.00,-0.00,0.00,-0.00,-0.00,0.00
13301.00,0.00,0.00,-0.01,0.00,0.00,-6.67,0.00,0.00,-647.58,0.00,-0.00,0.00,0.00,0.00,0.00
13306.00,0.00,0.00,0.08,0.00,0.00,17.18,0.00,0.00,4771.54,0.00,-0.00,0.00,0.00,0.00,0.00
13314.00,0.00,0.00,0.01,0.00,0.00,-8.32,0.00,0.00,-3188.44,0.00,-0.00,0.00,0.00,0.00,0.00
13322.00,0.00,0.00,0.12,0.00,0.00,13.36,0.00,0.00,2710.57,0.00,-0.00,0.00,0.00,0.00,0.00
13330.00,0.00,0.00,0.09,0.00,0.00,-4.21,0.00,0.00,-2195.92,0.00,-0.00,0.00,0.00,0.00,-0.00
13335.00,0.00,0.00,-0.02,0.00,0.00,-20.59,0.00,0.00,-3276.85,0.00,-0.00,0.00,0.00,0.00,-0.00
13343.00,0.00,0.00,0.07,0.00,0.00,10.86,0.00,0.00,3931.97,0.00,-0.00,0.00,0.00,0.00,0.00
13356.00,0.00,0.00,0.06,0.00,0.00,-0.91,0.00,0.00,-905.65,0.00,-0.00,0.00,0.00,0.00,0.00
13373.00,0.00,0.00,0.07,0.00,0.00,0.48,0.00,0.00,81.70,0.00,-0.00,0.00,0.00,-0.00,-0.00
13380.00,0.00,0.00,0.06,0.00,0.00,-0.64,0.00,0.00,-160.49,0.00,-0.00,0.00,-0.00,0.00,0.00
13385.00,0.00,0.00,0.02,0.00,0.00,-9.03,0.00,0.00,-1676.39,0.00,-0.00,0.00,-0.00,0.00,0.00
13394.00,0.00,0.00,0.11,0.00,0.00,9.72,0.00,0.00,2083.11,0.00,-0.00,0.00,-0.00,-0.00,0.00
13402.00,0.00,0.00,0.07,0.00,0.00,-4.03,0.00,0.00,-1719.10,0.00,-0.00,0.00,0.00,-0.00,0.00
13407.00,0.00,0.00,0.14,0.00,0.00,14.13,0.00,0.00,3631.82,0.00,-0.00,0.00,-0.00,0.00,-0.00
13414.00,0.00,0.00,0.13,0.00,0.00,-1.76,0.00,0.00,-2269.83,0.00,-0.00,0.00,-0.00,0.00,-0.00
13423.00,0.00,0.00,0.02,0.00,0.00,-12.55,0.00,0.00,-1199.35,0.00,-0.00,0.00,0.00,-0.00,0.00
13430.00,0.00,0.00,0.00,0.00,0.00,-2.05,0.00,0.00,1501.29,0.00,-0.00,0.00,0.00,0.00,0.00
13440.00,0.00,0.00,0.02,0.00,0.00,1.24,0.00,0.00,328.19,0.00,-0.00,0.00,-0.00,0.00,0.00
13447.00,0.00,0.00,0.05,0.00,0.00,4.59,0.00,0.00,478.52,0.00,-0.00,0.00,-0.00,0.00,0.00
13454.00,0.00,0.00,0.05,0.00,0.00,0.80,0.00,0.00,-540.34,0.00,-0.00,0.00,0.00,0.00,0.00
13469.00,0.00,0.00,0.04,0.00,0.00,-1.21,0.00,0.00,-134.22,0.00,-0.00,0.00,-0.00,0.00,0.00
13474.00,0.00,0.00,0.06,0.00,0.00,5.03,0.00,0.00,1247.73,0.00,-0.00,0.00,0.00,-0.00,0.00
13480.00,0.00,0.00,0.09,0.00,0.00,5.23,0.00,0.00,34.01,0.00,-0.00,0.00,-0.00,-0.00,0.00
13486.00,0.00,0.00,0.04,0.00,0.00,-8.04,0.00,0.00,-2212.45,0.00,-0.00,0.00,-0.00,-0.00,0.00
13494.00,0.00,0.00,-0.04,0.00,0.00,-11.11,0.00,0.00,-383.38,0.00,-0.00,0.00,0.00,0.00,0.00
13502.00,0.00,0.00,0.08,0.00,0.00,16.04,0.00,0.00,3394.08,0.00,-0.00,0.00,0.00,-0.00,0.00
13507.00,0.00,0.00,0.12,0.00,0.00,8.14,0.00,0.00,-1580.44,0.00,-0.00,0.00,-0.00,-0.00,0.00
13524.00,0.00,0.00,0.05,0.00,0.00,-4.59,0.00,0.00,-749.19,0.00,-0.00,0.00,0.00,0.01,0.00
13534.00,0.00,0.00,0.16,0.00,0.00,11.12,0.00,0.00,1571.57,0.00,-0.00,0.00,0.00,0.00,0.00
13542.00,0.00,0.00,-0.01,0.00,0.00,-20.46,0.00,0.00,-3948.05,0.00,-0.00,0.00,0.00,0.00,0.00
13559.00,0.00,0.00,0.00,0.00,0.00,0.63,0.00,0.00,1240.61,0.00,-0.00,0.00,0.00,0.00,0.00
13565.00,0.00,0.00,0.03,0.00,0.00,3.52,0.00,0.00,481.57,0.00,-0.00,0.00,0.00,0.00,0.00
13573.00,0.00,0.00,0.10,0.00,0.00,9.22,0.00,0.00,713.40,0.00,-0.00,0.00,-0.00,0.00,0.00
13581.00,0.00,0.00,0.05,0.00,0.00,-6.69,0.00,0.00,-1989.04,0.00,-0.00,0.00,-0.00,-0.00,-0.00
13586.00,0.00,0.00,0.06,0.00,0.00,2.99,0.00,0.00,1935.24,0.00,-0.00,0.00,-0.00,-0.00,-0.00
13594.00,0.00,0.00,0.06,0.00,0.00,-0.42,0.00,0.00,-426.42,0.00,-0.00,0.00,-0.00,-0.00,0.00
13603.00,0.00,0.00,0.12,0.00,0.00,7.00,0.00,0.00,825.33,0.00,-0.00,0.00,-0.00,-0.00,0.00
13618.00,0.00,0.00,0.07,0.00,0.00,-3.53,0.00,0.00,-702.48,0.00,-0.00,0.00,-0.00,0.00,-0.00
13626.00,0.00,0.00,0.03,0.00,0.00,-4.70,0.00,0.00,-145.68,0.00,-0.00,0.00,-0.00,0.01,-0.00
13634.00,0.00,0.00,0.09,0.00,0.00,7.85,0.00,0.00,1568.78,0.00,-0.00,0.00,0.00,-0.00,0.00
13641.00,0.00,0.00,0.02,0.00,0.00,-11.06,0.00,0.00,-2701.77,0.00,-0.00,0.00,-0.00,-0.00,0.00
13647.00,0.00,0.00,0.04,0.00,0.00,3.77,0.00,0.00,2472.30,0.00,-0.00,0.00,-0.00,-0.00,-0.00
13664.00,0.00,0.00,-0.02,0.00,0.00,-3.17,0.00,0.00,-408.68,-0.00,-0.00,0.00,-0.00,-0.00,0.00
13673.00,0.00,0.00,0.01,0.00,0.00,2.67,0.00,0.00,649.60,-0.00,-0.00,0.00,0.00,-0.00,0.00
13680.00,0.00,0.00,0.08,0.00,0.00,10.51,0.00,0.00,1119.61,-0.00,-0.00,0.00,-0.00,-0.00,0.00
13686.00,0.00,0.00,0.01,0.00,0.00,-12.14,0.00,0.00,-3775.35,-0.00,-0.00,0.00,-0.00,-0.00,0.00
13694.00,0.00,0.00,0.02,0.00,0.00,1.15,0.00,0.00,1661.57,-0.00,-0.00,0.00,0.00,-0.00,0.00
13707.00,0.00,0.00,-0.02,0.00,0.00,-2.71,0.00,0.00,-297.07,-0.00,-0.00,0.00,0.00,-0.01,0.00
13715.00,0.00,0.00,-0.04,0.00,0.00,-2.87,0.00,0.00,-19.19,-0.00,-0.00,0.00,-0.00,0.00,0.00
13723.00,0.00,0.00,0.02,0.00,0.00,7.86,0.00,0.00,1341.11,-0.00,-0.00,0.00,0.00,0.00,0.00
13730.00,0.00,0.00,0.06,0.00,0.00,5.38,0.00,0.00,-355.32,-0.00,-0.00,0.00,0.00,0.00,0.00
13736.00,0.00,0.00,0.09,0.00,0.00,4.23,0.00,0.00,-190.58,-0.00,-0.00,0.00,0.00,0.00,0.00
13744.00,0.00,0.00,0.01,0.00,0.00,-9.41,0.00,0.00,-1705.86,-0.00,-0.00,0.00,-0.00,0.00,0.00
13752.00,0.00,0.00,0.03,0.00,0.00,1.96,0.00,0.00,1421.77,-0.00,-0.00,0.00,0.00,-0.00,0.00
13767.00,0.00,0.00,0.04,0.00,0.00,1.24,0.00,0.00,-47.88,-0.00,-0.00,0.00,0.00,0.00,0.00
13775.00,0.00,0.00,0.10,0.00,0.00,7.35,0.00,0.00,763.65,-0.00,-0.00,0.00,0.00,0.00,0.00
13783.00,0.00,0.00,0.06,0.00,0.00,-5.51,0.00,0.00,-1607.73,-0.00,-0.00,0.00,-0.00,-0.00,-0.00
13795.00,0.00,0.00,0.04,0.00,0.00,-1.66,0.00,0.00,320.74,-0.00,-0.00,0.00,0.00,-0.00,-0.00
13805.00,0.00,0.00,0.09,0.00,0.00,5.31,0.00,0.00,696.68,-0.00,-0.00,0.00,-0.00,0.00,0.00
13810.00,0.00,0.00,-0.04,0.00,0.00,-26.31,0.00,0.00,-6322.89,-0.00,-0.00,0.00,-0.00,-0.00,-0.00
13816.00,0.00,0.00,0.03,0.00,0.00,12.07,0.00,0.00,6395.73,-0.00,-0.00,0.00,-0.00,-0.00,-0.00
13824.00,0.00,0.00,0.01,0.00,0.00,-2.45,0.00,0.00,-1813.78,-0.00,-0.00,0.00,0.00,0.00,0.00
13832.00,0.00,0.00,0.01,0.00,0.00,-0.44,0.00,0.00,250.29,-0.00,-0.00,0.00,0.00,-0.00,-0.00
13837.00,0.00,0.00,0.03,0.00,0.00,3.23,0.00,0.00,734.04,-0.00,-0.00,0.00,-0.00,-0.00,0.00
13845.00,0.00,0.00,0.09,0.00,0.00,7.78,0.00,0.00,568.91,-0.00,-0.00,0.00,-0.00,0.00,0.00
13854.00,0.00,0.00,0.05,0.00,0.00,-4.68,0.00,0.00,-1384.72,-0.00,-0.00,0.00,-0.00,0.00,-0.00
13869.00,0.00,0.00,0.07,0.00,0.00,1.78,0.00,0.00,431.14,-0.00,-0.00,0.00,0.00,-0.00,-0.00
13880.00,0.00,0.00,-0.00,0.00,0.00,-6.89,0.00,0.00,-788.38,-0.00,-0.00,0.00,0.00,-0.00,-0.00
13887.00,0.00,0.00,0.04,0.00,0.00,5.44,0.00,0.00,1761.64,-0.00,-0.00,0.00,0.00,0.00,-0.00
13894.00,0.00,0.00,0.08,0.00,0.00,6.05,0.00,0.00,86.87,-0.00,-0.00,0.00,0.00,0.00,-0.00
13902.00,0.00,0.00,0.11,0.00,0.00,4.04,0.00,0.00,-250.84,-0.00,-0.00,0.00,0.00,0.00,-0.00
13907.00,0.00,0.00,0.16,0.00,0.00,9.46,0.00,0.00,1082.93,-0.00,-0.00,0.00,0.00,0.00,-0.00
13914.00,0.00,0.00,0.07,0.00,0.00,-13.17,0.00,0.00,-3232.11,-0.00,-0.00,0.00,0.00,0.00,-0.00
13922.00,0.00,0.00,0.08,0.00,0.00,1.90,0.00,0.00,1883.72,-0.00,-0.00,0.00,0.00,0.00,-0.00
13928.00,0.00,0.00,0.07,0.00,0.00,-1.00,0.00,0.00,-483.54,-0.00,-0.00,0.00,0.00,0.00,-0.00
13935.00,0.00,0.00,0.02,0.00,0.00,-8.21,0.00,0.00,-1030.53,-0.00,-0.00,0.00,0.00,-0.00,-0.00
13942.00,0.00,0.00,0.02,0.00,0.00,0.00,0.00,0.00,1173.05,0.00,-0.00,0.00,0.00,-0.00,-0.00
13950.00,0.00,0.00,0.09,0.00,0.00,9.22,0.00,0.00,1153.00,0.00,-0.00,0.00,0.00,-0.00,-0.00
13967.00,0.00,0.00,-0.00,0.00,0.00,-5.43,0.00,0.00,-862.09,0.00,-0.00,0.00,0.00,-0.00,-0.00
13975.00,0.00,0.00,0.11,0.00,0.00,14.16,0.00,0.00,2448.61,0.00,-0.00,0.00,0.00,-0.00,-0.00
13983.00,0.00,0.00,0.06,0.00,0.00,-6.25,0.00,0.00,-2550.87,0.00,-0.00,0.00,0.00,0.00,-0.00
13990.00,0.00,0.00,0.09,0.00,0.00,4.73,0.00,0.00,1568.06,0.00,-0.00,0.00,0.00,0.00,-0.00
13996.00,0.00,0.00,0.05,0.00,0.00,-7.24,0.00,0.00,-1994.27,0.00,-0.00,0.00,0.00,0.00,-0.00
14005.00,0.00,0.00,0.14,0.00,0.00,10.36,0.00,0.00,1955.94,0.00,-0.00,0.00,0.00,0.00,0.00
14010.00,0.00,0.00,0.01,0.00,0.00,-27.91,0.00,0.00,-7654.84,0.00,-0.00,0.00,0.00,0.00,-0.00
14016.00,0.00,0.00,0.08,0.00,0.00,12.70,0.00,0.00,6768.34,0.00,-0.00,0.00,0.00,0.00,-0.00
14024.00,0.00,0.00,0.04,0.00,0.00,-5.56,0.00,0.00,-2282.66,0.00,-0.00,0.00,0.00,0.00,0.00
14037.00,0.00,0.00,0.14,0.00,0.00,8.00,0.00,0.00,1042.98,0.00,-0.00,0.00,0.00,-0.00,-0.00
14046.00,0.00,0.00,0.13,0.00,0.00,-1.63,0.00,0.00,-1070.16,0.00,-0.00,0.00,0.00,-0.00,-0.00
14054.00,0.00,0.00,0.01,0.00,0.00,-14.53,0.00,0.00,-1612.01,0.00,-0.00,0.00,0.00,0.00,-0.00
14069.00,0.00,0.00,-0.00,0.00,0.00,-0.97,0.00,0.00,903.88,0.00,-0.00,0.00,0.00,0.00,-0.00
14076.00,0.00,0.00,0.13,0.00,0.00,19.21,0.00,0.00,2883.66,0.00,-0.00,0.00,0.00,0.00,-0.00
14084.00,0.00,0.00,0.07,0.00,0.00,-7.06,0.00,0.00,-3283.86,0.00,-0.00,0.00,0.00,0.00,-0.00
14092.00,0.00,0.00,0.08,0.00,0.00,0.36,0.00,0.00,926.76,0.00,-0.00,0.00,0.00,0.00,-0.00
14097.00,0.00,0.00,0.16,0.00,0.00,17.68,0.00,0.00,3464.06,0.00,-0.00,0.00,0.00,0.00,-0.00
14105.00,0.00,0.00,0.07,0.00,0.00,-11.87,0.00,0.00,-3693.88,0.00,-0.00,0.00,0.00,0.00,0.00
14111.00,0.00,0.00,0.04,0.00,0.00,-5.15,0.00,0.00,1120.80,0.00,-0.00,0.00,0.00,0.00,-0.00
14122.00,0.00,0.00,0.09,0.00,0.00,5.02,0.00,0.00,923.99,0.00,-0.00,0.00,0.00,0.00,-0.00
14128.00,0.00,0.00,0.03,0.00,0.00,-10.93,0.00,0.00,-2656.87,0.00,-0.00,0.00,0.00,-0.00,-0.00
14135.00,0.00,0.00,0.05,0.00,0.00,3.72,0.00,0.00,2092.55,0.00,-0.00,0.00,0.00,-0.00,-0.00
14143.00,0.00,0.00,0.11,0.00,0.00,7.21,0.00,0.00,435.70,0.00,-0.00,0.00,-0.00,-0.00,0.00
14149.00,0.00,0.00,0.04,0.00,0.00,-12.03,0.00,0.00,-3206.63,0.00,-0.00,0.00,0.00,-0.00,-0.00
14166.00,0.00,0.00,0.01,0.00,0.00,-1.76,0.00,0.00,604.04,0.00,-0.00,0.00,0.00,0.00,-0.00
14175.00,0.00,0.00,0.05,0.00,0.00,4.56,0.00,0.00,702.16,0.00,-0.00,0.00,0.00,-0.00,-0.00
14182.00,0.00,0.00,-0.03,0.00,0.00,-12.16,0.00,0.00,-2388.31,0.00,-0.00,0.00,0.00,0.00,-0.00
14188.00,0.00,0.00,-0.03,0.00,0.00,1.27,0.00,0.00,2238.41,0.00,-0.00,0.00,0.00,0.00,-0.00
14195.00,0.00,0.00,0.08,0.00,0.00,15.91,0.00,0.00,2092.02,0.00,-0.00,0.00,0.00,0.00,-0.00
14208.00,0.00,0.00,0.07,0.00,0.00,-1.42,0.00,0.00,-1333.11,0.00,-0.00,0.00,0.00,-0.00,0.00
14216.00,0.00,0.00,-0.02,0.00,0.00,-10.98,0.00,0.00,-1194.78,0.00,-0.00,0.00,0.00,-0.00,0.00
14224.00,0.00,0.00,0.08,0.00,0.00,13.24,0.00,0.00,3026.51,0.00,-0.00,0.00,0.00,-0.00,0.00
14231.00,0.00,0.00,0.08,0.00,0.00,0.00,0.00,0.00,-1890.81,0.00,-0.00,0.00,0.00,-0.00,0.00
14235.00,0.00,0.00,0.16,0.00,0.00,19.63,0.00,0.00,4907.89,0.00,-0.00,0.00,0.00,-0.00,0.00
14244.00,0.00,0.00,0.11,0.00,0.00,-5.87,0.00,0.00,-2833.63,0.00,-0.00,0.00,0.00,0.00,0.00
14251.00,0.00,0.00,0.10,0.00,0.00,-1.01,0.00,0.00,694.40,0.00,-0.00,0.00,0.00,-0.00,-0.00
14267.00,0.00,0.00,-0.08,0.00,0.00,-11.16,0.00,0.00,-634.17,0.00,-0.00,0.00,0.00,0.00,-0.00
14275.00,0.00,0.00,0.02,0.00,0.00,11.38,0.00,0.00,2816.74,0.00,-0.00,0.00,0.00,-0.00,-0.00
14283.00,0.00,0.00,0.09,0.00,0.00,9.35,0.00,0.00,-253.26,0.00,-0.00,-0.00,0.00,-0.00,-0.00
14298.00,0.00,0.00,0.09,0.00,0.00,-0.14,0.00,0.00,-632.78,0.00,-0.00,-0.00,-0.00,0.00,0.00
14307.00,0.00,0.00,0.02,0.00,0.00,-7.84,0.00,0.00,-855.94,0.00,-0.00,0.00,0.00,0.00,0.00
14313.00,0.00,0.00,-0.07,0.00,0.00,-15.36,0.00,0.00,-1252.82,0.00,-0.00,-0.00,0.00,0.00,-0.00
14318.00,0.00,0.00,0.02,0.00,0.00,18.14,0.00,0.00,6700.77,0.00,-0.00,-0.00,0.00,-0.00,-0.00
14326.00,0.00,0.00,0.08,0.00,0.00,7.74,0.00,0.00,-1300.37,0.00,-0.00,-0.00,0.00,-0.00,-0.00
14334.00,0.00,0.00,0.07,0.00,0.00,-1.18,0.00,0.00,-1115.30,0.00,-0.00,-0.00,0.00,0.00,-0.00
14340.00,0.00,0.00,0.10,0.00,0.00,5.83,0.00,0.00,1168.40,0.00,-0.00,-0.00,0.00,-0.00,-0.00
14347.00,0.00,0.00,0.04,0.00,0.00,-8.42,0.00,0.00,-2035.13,0.00,-0.00,-0.00,0.00,-0.00,-0.00
14355.00,0.00,0.00,0.07,0.00,0.00,2.81,0.00,0.00,1403.86,0.00,-0.00,-0.00,-0.00,-0.00,-0.00
14370.00,0.00,0.00,-0.02,0.00,0.00,-6.04,0.00,0.00,-590.35,0.00,-0.00,-0.00,0.00,0.00,0.00
14382.00,0.00,0.00,0.09,0.00,0.00,9.87,0.00,0.00,1326.42,0.00,-0.00,-0.00,-0.00,0.00,0.00
14388.00,0.00,0.00,0.12,0.00,0.00,3.78,0.00,0.00,-1016.02,0.00,-0.00,-0.00,-0.00,0.00,0.00
14396.00,0.00,0.00,-0.04,0.00,0.00,-19.92,0.00,0.00,-2961.83,0.00,-0.00,-0.00,-0.00,-0.00,0.00
14404.00,0.00,0.00,0.03,0.00,0.00,8.45,0.00,0.00,3545.52,0.00,-0.00,-0.00,0.00,0.00,0.00
14409.00,0.00,0.00,0.20,0.00,0.00,35.37,0.00,0.00,5384.74,0.00,-0.00,-0.00,0.00,0.00,0.00
14417.00,0.00,0.00,0.06,0.00,0.00,-18.35,0.00,0.00,-6714.76,0.00,-0.00,-0.00,0.00,0.00,0.00
14425.00,0.00,0.00,0.02,0.00,0.00,-4.94,0.00,0.00,1676.43,0.00,-0.00,-0.00,0.00,0.00,0.00
14432.00,0.00,0.00,0.12,0.00,0.00,14.52,0.00,0.00,2779.41,0.00,-0.00,-0.00,0.00,-0.00,0.00
14436.00,0.00,0.00,0.12,0.00,0.00,0.00,0.00,0.00,-3630.18,0.00,-0.00,-0.00,0.00,-0.00,0.00
14439.00,0.00,0.00,-0.00,0.00,0.00,-40.53,0.00,0.00,-13511.58,0.00,-0.00,-0.00,-0.00,-0.00,0.00
14451.00,0.00,0.00,0.16,0.00,0.00,14.01,0.00,0.00,4545.48,0.00,-0.00,-0.00,-0.00,0.00,0.00
14468.00,0.00,0.00,0.04,0.00,0.00,-7.35,0.00,0.00,-1256.32,0.00,-0.00,-0.00,-0.00,0.00,-0.00
14476.00,0.00,0.00,0.08,0.00,0.00,5.15,0.00,0.00,1562.31,0.00,-0.00,-0.00,0.00,0.00,-0.00
14484.00,0.00,0.00,0.01,0.00,0.00,-8.26,0.00,0.00,-1676.26,0.00,-0.00,-0.00,0.00,-0.00,0.00
14491.00,0.00,0.00,0.07,0.00,0.00,7.29,0.00,0.00,2220.90,0.00,-0.00,-0.00,0.00,0.00,0.00
14497.00,0.00,0.00,0.10,0.00,0.00,5.42,0.00,0.00,-311.14,0.00,-0.00,-0.00,0.00,0.00,0.00
14506.00,0.00,0.00,0.13,0.00,0.00,2.97,0.00,0.00,-272.48,0.00,-0.00,-0.00,0.00,-0.00,0.00
14511.00,0.00,0.00,0.10,0.00,0.00,-4.85,0.00,0.00,-1563.99,0.00,-0.00,-0.00,0.00,-0.00,0.00
14517.00,0.00,0.00,0.12,0.00,0.00,3.23,0.00,0.00,1347.44,0.00,-0.00,-0.00,-0.00,-0.00,0.00
14525.00,0.00,0.00,0.08,0.00,0.00,-5.47,0.00,0.00,-1088.23,0.00,-0.00,-0.00,0.00,0.00,0.00
14538.00,0.00,0.00,0.01,0.00,0.00,-5.34,0.00,0.00,9.86,0.00,-0.00,0.00,0.00,0.00,0.00
14547.00,0.00,0.00,0.01,0.00,0.00,0.83,0.00,0.00,686.34,0.00,-0.00,0.00,-0.00,0.00,-0.00
14555.00,0.00,0.00,0.04,0.00,0.00,3.38,0.00,0.00,317.77,0.00,-0.00,-0.00,0.00,0.00,-0.00
14570.00,0.00,0.00,0.01,0.00,0.00,-2.11,0.00,0.00,-365.99,0.00,-0.00,-0.00,0.00,0.00,-0.00
14577.00,0.00,0.00,0.10,0.00,0.00,13.34,0.00,0.00,2207.36,0.00,-0.00,-0.00,0.00,0.00,-0.00
14585.00,0.00,0.00,0.10,0.00,0.00,-0.63,0.00,0.00,-1746.37,0.00,-0.00,-0.00,0.00,0.00,-0.00
14593.00,0.00,0.00,-0.03,0.00,0.00,-15.83,0.00,0.00,-1899.05,0.00,-0.00,-0.00,0.00,0.00,-0.00
14598.00,0.00,0.00,0.05,0.00,0.00,14.88,0.00,0.00,6141.58,0.00,-0.00,-0.00,0.00,0.00,-0.00
14606.00,0.00,0.00,0.09,0.00,0.00,5.97,0.00,0.00,-1114.22,0.00,-0.00,-0.00,0.00,-0.00,0.00
14612.00,0.00,0.00,0.11,0.00,0.00,3.21,0.00,0.00,-459.61,0.00,-0.00,-0.00,-0.00,-0.00,-0.00
14623.00,0.00,0.00,0.10,0.00,0.00,-0.90,0.00,0.00,-373.32,0.00,-0.00,-0.00,-0.00,0.00,0.00
14629.00,0.00,0.00,0.05,0.00,0.00,-8.06,0.00,0.00,-1193.98,0.00,-0.00,-0.00,-0.00,0.00,0.00
14636.00,0.00,0.00,0.06,0.00,0.00,0.56,0.00,0.00,1231.55,0.00,-0.00,-0.00,0.00,0.00,0.00
14644.00,0.00,0.00,0.21,0.00,0.00,18.56,0.00,0.00,2249.53,0.00,-0.00,-0.00,0.00,0.00,-0.00
14650.00,0.00,0.00,-0.01,0.00,0.00,-36.93,0.00,0.00,-9248.04,0.00,-0.00,-0.00,-0.00,0.00,-0.00
14667.00,0.00,0.00,0.06,0.00,0.00,4.20,0.00,0.00,2419.76,0.00,-0.00,-0.00,0.00,-0.00,0.00
14676.00,0.00,0.00,0.05,0.00,0.00,-1.05,0.00,0.00,-584.26,0.00,-0.00,-0.00,-0.00,-0.00,0.00
14683.00,0.00,0.00,0.04,0.00,0.00,-0.68,0.00,0.00,52.98,0.00,-0.00,-0.00,-0.00,-0.00,-0.00
14689.00,0.00,0.00,0.04,0.00,0.00,-1.01,0.00,0.00,-55.17,0.00,-0.00,-0.00,-0.00,-0.00,-0.00
14696.00,0.00,0.00,0.11,0.00,0.00,10.81,0.00,0.00,1689.66,0.00,-0.00,-0.00,-0.00,-0.00,-0.00
14709.00,0.00,0.00,0.20,0.00,0.00,6.95,0.00,0.00,-296.88,0.00,-0.00,-0.00,-0.00,-0.00,0.00
14717.00,0.00,0.00,0.20,0.00,0.00,0.00,0.00,0.00,-869.31,0.00,-0.00,-0.00,0.00,-0.00,0.00
14720.00,0.00,0.00,0.11,0.00,0.00,-29.63,0.00,0.00,-9876.85,0.00,-0.00,-0.00,-0.00,-0.00,0.00
14727.00,0.00,0.00,0.09,0.00,0.00,-3.70,0.00,0.00,3703.83,0.00,-0.00,-0.00,-0.00,-0.00,0.00
14736.00,0.00,0.00,0.03,0.00,0.00,-6.14,0.00,0.00,-270.25,0.00,-0.00,-0.00,0.00,-0.00,0.00
14743.00,0.00,0.00,0.11,0.00,0.00,10.47,0.00,0.00,2372.94,0.00,-0.00,-0.00,0.00,-0.00,0.00
14748.00,0.00,0.00,0.01,0.00,0.00,-18.35,0.00,0.00,-5765.15,0.00,-0.00,-0.00,0.00,-0.00,0.00
14766.00,0.00,0.00,0.09,0.00,0.00,4.28,0.00,0.00,1257.01,0.00,-0.00,-0.00,-0.00,-0.00,0.00
14775.00,0.00,0.00,0.03,0.00,0.00,-7.17,0.00,0.00,-1271.94,0.00,-0.00,-0.00,0.00,0.00,0.00
14781.00,0.00,0.00,0.03,0.00,0.00,0.63,0.00,0.00,1299.91,0.00,-0.00,-0.00,0.00,0.00,-0.00
14792.00,0.00,0.00,0.13,0.00,0.00,9.23,0.00,0.00,781.75,0.00,-0.00,-0.00,-0.00,-0.00,-0.00
14799.00,0.00,0.00,0.16,0.00,0.00,3.99,0.00,0.00,-748.49,0.00,-0.00,-0.00,-0.00,-0.00,-0.00
14807.00,0.00,0.00,0.02,0.00,0.00,-17.19,0.00,0.00,-2646.88,0.00,-0.00,-0.00,0.00,-0.00,-0.00
14812.00,0.00,0.00,0.12,0.00,0.00,19.34,0.00,0.00,7304.88,0.00,-0.00,-0.00,0.00,-0.00,-0.00
14818.00,0.00,0.00,0.06,0.00,0.00,-9.02,0.00,0.00,-4726.05,0.00,-0.00,-0.00,0.00,-0.00,0.00
14826.00,0.00,0.00,0.03,0.00,0.00,-4.63,0.00,0.00,548.76,0.00,-0.00,-0.00,0.00,-0.00,0.00
14834.00,0.00,0.00,0.01,0.00,0.00,-2.59,0.00,0.00,255.27,0.00,-0.00,-0.00,-0.00,0.00,0.00
14840.00,0.00,0.00,-0.01,0.00,0.00,-2.58,0.00,0.00,0.75,0.00,-0.00,-0.00,-0.00,0.00,-0.00
14847.00,0.00,0.00,0.08,0.00,0.00,12.97,0.00,0.00,2221.59,0.00,-0.00,-0.00,-0.00,-0.00,-0.00
14865.00,0.00,0.00,0.10,0.00,0.00,1.08,0.00,0.00,-660.40,0.00,-0.00,-0.00,0.00,-0.00,0.00
14877.00,0.00,0.00,0.12,0.00,0.00,1.85,0.00,0.00,64.16,0.00,-0.00,-0.00,0.00,0.01,0.00
14886.00,0.00,0.00,0.11,0.00,0.00,-2.13,0.00,0.00,-441.93,0.00,-0.00,-0.00,0.00,0.00,0.00
14892.00,0.00,0.00,0.02,0.00,0.00,-13.40,0.00,0.00,-1878.61,0.00,-0.00,-0.00,-0.00,0.00,0.00
14898.00,0.00,0.00,0.05,0.00,0.00,3.56,0.00,0.00,2826.66,0.00,-0.00,-0.00,-0.00,0.00,0.00
14907.00,0.00,0.00,-0.04,0.00,0.00,-9.33,0.00,0.00,-1432.08,0.00,-0.00,-0.00,0.00,0.00,-0.00
14912.00,0.00,0.00,0.10,0.00,0.00,27.29,0.00,0.00,7324.31,0.00,-0.00,-0.00,0.00,0.00,0.00
14918.00,0.00,0.00,-0.00,0.00,0.00,-17.04,0.00,0.00,-7388.90,0.00,-0.00,-0.00,0.00,0.00,0.00
14927.00,0.00,0.00,0.01,0.00,0.00,1.97,0.00,0.00,2112.17,0.00,-0.00,-0.00,-0.00,0.00,-0.00
14934.00,0.00,0.00,0.07,0.00,0.00,7.85,0.00,0.00,839.31,0.00,-0.00,-0.00,-0.00,-0.00,0.00
14940.00,0.00,0.00,0.16,0.00,0.00,14.80,0.00,0.00,1158.21,0.00,-0.00,-0.00,-0.00,-0.00,0.00
14952.00,0.00,0.00,0.07,0.00,0.00,-7.31,0.00,0.00,-1842.20,0.00,-0.00,-0.00,0.00,0.00,-0.00
14969.00,0.00,0.00,0.11,0.00,0.00,2.26,0.00,0.00,562.77,0.00,-0.00,-0.00,0.00,-0.00,-0.00
14977.00,0.00,0.00,0.03,0.00,0.00,-10.25,0.00,0.00,-1562.71,0.00,-0.00,-0.00,0.00,0.00,0.00
14985.00,0.00,0.00,0.11,0.00,0.00,10.57,0.00,0.00,2602.24,0.00,-0.00,-0.00,0.00,-0.00,-0.00
14991.00,0.00,0.00,0.05,0.00,0.00,-9.69,0.00,0.00,-3376.90,0.00,-0.00,-0.00,0.00,0.00,-0.00
14998.00,0.00,0.00,0.12,0.00,0.00,9.63,0.00,0.00,2760.58,0.00,-0.00,-0.00,0.00,0.00,0.00
15007.00,0.00,0.00,0.03,0.00,0.00,-9.99,0.00,0.00,-2180.52,0.00,-0.00,-0.00,-0.00,0.00,0.00
15012.00,0.00,0.00,0.16,0.00,0.00,26.50,0.00,0.00,7297.89,0.00,-0.00,-0.00,-0.00,0.00,0.00
15019.00,0.00,0.00,0.07,0.00,0.00,-13.88,0.00,0.00,-5768.11,0.00,-0.00,-0.00,-0.00,0.00,0.00
15027.00,0.00,0.00,0.07,0.00,0.00,0.80,0.00,0.00,1835.22,0.00,-0.00,-0.00,-0.00,-0.00,0.00
15044.00,0.00,0.00,0.09,0.00,0.00,1.03,0.00,0.00,13.40,0.00,-0.00,-0.00,-0.00,0.00,0.00
15060.00,0.00,0.00,0.07,0.00,0.00,-1.43,0.00,0.00,-153.75,0.00,-0.00,-0.00,0.00,0.00,-0.00
15067.00,0.00,0.00,0.08,0.00,0.00,2.00,0.00,0.00,489.67,0.00,-0.00,-0.00,-0.00,0.00,0.00
15075.00,0.00,0.00,0.16,0.00,0.00,10.19,0.00,0.00,1023.61,0.00,-0.00,-0.00,-0.00,0.00,-0.00
15080.00,0.00,0.00,0.09,0.00,0.00,-15.04,0.00,0.00,-5044.88,0.00,-0.00,-0.00,-0.00,0.00,0.00
15087.00,0.00,0.00,-0.00,0.00,0.00,-12.46,0.00,0.00,367.31,0.00,-0.00,-0.00,0.00,-0.00,0.00
15096.00,0.00,0.00,-0.01,0.00,0.00,-1.31,0.00,0.00,1239.69,0.00,-0.00,-0.00,-0.00,0.00,0.00
15102.00,0.00,0.00,0.03,0.00,0.00,6.58,0.00,0.00,1314.27,0.00,-0.00,-0.00,-0.00,0.00,-0.00
15109.00,0.00,0.00,0.05,0.00,0.00,3.03,0.00,0.00,-507.35,0.00,-0.00,-0.00,-0.00,-0.00,-0.00
15115.00,0.00,0.00,-0.00,0.00,0.00,-8.34,0.00,0.00,-1894.69,0.00,-0.00,-0.00,-0.00,0.00,-0.00
15125.00,0.00,0.00,0.10,0.00,0.00,9.77,0.00,0.00,1811.42,0.00,-0.00,-0.00,0.00,0.00,0.00
15132.00,0.00,0.00,0.05,0.00,0.00,-7.10,0.00,0.00,-2410.84,0.00,-0.00,-0.00,0.00,0.00,0.00
15138.00,0.00,0.00,0.09,0.00,0.00,6.47,0.00,0.00,2262.20,0.00,-0.00,-0.00,0.00,0.00,0.00
15147.00,0.00,0.00,0.01,0.00,0.00,-8.42,0.00,0.00,-1654.59,0.00,-0.00,-0.00,0.00,-0.00,-0.00
15155.00,0.00,0.00,0.09,0.00,0.00,9.48,0.00,0.00,2237.96,0.00,-0.00,-0.00,-0.00,-0.00,0.00
15170.00,0.00,0.00,0.06,0.00,0.00,-1.61,0.00,0.00,-739.58,0.00,-0.00,-0.00,-0.00,-0.00,0.00
15178.00,0.00,0.00,0.12,0.00,0.00,6.77,0.00,0.00,1047.74,0.00,-0.00,-0.00,-0.00,0.00,0.00
15186.00,0.00,0.00,0.07,0.00,0.00,-6.19,0.00,0.00,-1619.49,0.00,-0.00,-0.00,0.00,0.00,0.00
15193.00,0.00,0.00,-0.02,0.00,0.00,-12.18,0.00,0.00,-856.03,0.00,-0.00,-0.00,-0.00,0.00,0.00
15199.00,0.00,0.00,0.06,0.00,0.00,12.83,0.00,0.00,4167.66,0.00,-0.00,-0.00,-0.00,0.00,0.00
15212.00,0.00,0.00,0.02,0.00,0.00,-2.87,0.00,0.00,-1207.52,0.00,-0.00,-0.00,-0.00,0.00,-0.00
15220.00,0.00,0.00,0.06,0.00,0.00,5.02,0.00,0.00,986.40,0.00,-0.00,-0.00,-0.00,0.00,-0.00
15227.00,0.00,0.00,0.16,0.00,0.00,14.88,0.00,0.00,1407.66,0.00,-0.00,-0.00,-0.00,0.00,0.00
15235.00,0.00,0.00,-0.00,0.00,0.00,-20.92,0.00,0.00,-4474.80,0.00,0.00,-0.00,-0.00,0.01,0.00
15240.00,0.00,0.00,0.12,0.00,0.00,23.57,0.00,0.00,8898.85,0.00,0.00,-0.00,-0.00,0.01,0.00
15248.00,0.00,0.00,0.06,0.00,0.00,-6.68,0.00,0.00,-3781.34,0.00,0.00,-0.00,-0.00,0.00,-0.00
15257.00,0.00,0.00,0.02,0.00,0.00,-5.06,0.00,0.00,179.67,0.00,0.00,-0.00,0.00,0.00,-0.00
15272.00,0.00,0.00,0.04,0.00,0.00,1.83,0.00,0.00,459.78,0.00,0.00,-0.00,0.00,0.00,0.00
15278.00,0.00,0.00,0.14,0.00,0.00,16.52,0.00,0.00,2448.34,0.00,0.00,-0.00,-0.00,0.00,-0.00
15286.00,0.00,0.00,0.12,0.00,0.00,-3.05,0.00,0.00,-2446.60,0.00,0.00,-0.00,0.00,0.00,0.00
15297.00,0.00,0.00,0.16,0.00,0.00,3.38,0.00,0.00,584.26,0.00,0.00,-0.00,0.00,0.00,0.00
15306.00,0.00,0.00,0.15,0.00,0.00,-0.23,0.00,0.00,-401.52,0.00,0.00,-0.00,0.00,0.00,0.00
15311.00,0.00,0.00,0.06,0.00,0.00,-18.90,0.00,0.00,-3733.31,0.00,0.00,-0.00,0.00,0.00,0.00
15319.00,0.00,0.00,-0.10,0.00,0.00,-19.98,0.00,0.00,-135.04,0.00,0.00,-0.00,0.00,0.00,0.00
15327.00,0.00,0.00,0.02,0.00,0.00,14.75,0.00,0.00,4341.36,0.00,0.00,-0.00,-0.00,0.00,-0.00
15334.00,0.00,0.00,0.12,0.00,0.00,14.76,0.00,0.00,1.29,0.00,0.00,-0.00,-0.00,0.00,-0.00
15339.00,0.00,0.00,0.13,0.00,0.00,2.15,0.00,0.00,-2521.41,0.00,0.00,-0.00,-0.00,0.00,-0.00
15348.00,0.00,0.00,0.02,0.00,0.00,-12.72,0.00,0.00,-1652.71,0.00,0.00,-0.00,0.00,0.00,0.00
15356.00,0.00,0.00,-0.05,0.00,0.00,-7.92,0.00,0.00,600.42,0.00,0.00,-0.00,0.00,-0.00,-0.00
15371.00,0.00,0.00,0.13,0.00,0.00,11.86,0.00,0.00,1318.34,0.00,0.00,-0.00,0.00,0.00,0.00
15383.00,0.00,0.00,0.05,0.00,0.00,-6.54,0.00,0.00,-1533.29,0.00,0.00,-0.00,0.00,-0.00,0.00
15390.00,0.00,0.00,0.08,0.00,0.00,4.46,0.00,0.00,1572.23,0.00,0.00,-0.00,0.00,-0.00,-0.00
15398.00,0.00,0.00,0.12,0.00,0.00,4.15,0.00,0.00,-38.62,0.00,0.00,-0.00,0.00,0.00,-0.00
15405.00,0.00,0.00,0.09,0.00,0.00,-4.25,0.00,0.00,-1200.68,0.00,0.00,-0.00,-0.00,0.00,0.00
15410.00,0.00,0.00,0.01,0.00,0.00,-14.54,0.00,0.00,-2056.73,0.00,0.00,-0.00,-0.00,0.00,0.00
15418.00,0.00,0.00,0.11,0.00,0.00,11.97,0.00,0.00,3313.46,0.00,0.00,-0.00,-0.00,0.00,-0.00
15425.00,0.00,0.00,0.05,0.00,0.00,-8.53,0.00,0.00,-2929.33,0.00,0.00,-0.00,0.00,0.00,0.00
15431.00,0.00,0.00,0.06,0.00,0.00,1.16,0.00,0.00,1615.80,0.00,0.00,-0.00,0.00,0.00,0.00
15438.00,0.00,0.00,0.05,0.00,0.00,-1.72,0.00,0.00,-410.97,0.00,0.00,-0.00,0.00,0.00,-0.00
15446.00,0.00,0.00,0.05,0.00,0.00,0.20,0.00,0.00,239.75,0.00,0.00,-0.00,0.00,-0.00,0.00
15457.00,0.00,0.00,0.04,0.00,0.00,-0.85,0.00,0.00,-96.02,0.00,0.00,-0.00,0.00,0.00,0.00
15473.00,0.00,0.00,0.08,0.00,0.00,2.58,0.00,0.00,214.62,0.00,0.00,-0.00,-0.00,-0.00,0.00
15479.00,0.00,0.00,0.04,0.00,0.00,-6.67,0.00,0.00,-1542.46,0.00,0.00,-0.00,-0.00,-0.00,0.00
15487.00,0.00,0.00,0.03,0.00,0.00,-1.24,0.00,0.00,679.21,0.00,0.00,-0.00,0.00,-0.00,-0.00
15495.00,0.00,0.00,0.08,0.00,0.00,6.49,0.00,0.00,966.13,0.00,0.00,-0.00,-0.00,-0.00,0.00
15500.00,0.00,0.00,0.06,0.00,0.00,-3.69,0.00,0.00,-2036.41,0.00,0.00,-0.00,-0.00,-0.00,0.00
15509.00,0.00,0.00,0.04,0.00,0.00,-2.63,0.00,0.00,118.57,0.00,0.00,-0.00,0.00,0.00,0.00
15514.00,0.00,0.00,0.05,0.00,0.00,1.22,0.00,0.00,768.75,0.00,0.00,-0.00,0.00,0.00,-0.00
15520.00,0.00,0.00,0.14,0.00,0.00,15.34,0.00,0.00,2353.48,0.00,0.00,-0.00,0.00,0.00,-0.00
15528.00,0.00,0.00,0.09,0.00,0.00,-5.78,0.00,0.00,-2639.36,0.00,0.00,-0.00,0.00,0.00,0.00
15540.00,0.00,0.00,0.05,0.00,0.00,-3.12,0.00,0.00,221.06,0.00,0.00,-0.00,-0.00,0.00,0.00
15549.00,0.00,0.00,0.08,0.00,0.00,2.41,0.00,0.00,614.93,0.00,0.00,-0.00,0.00,0.00,0.00
15557.00,0.00,0.00,0.12,0.00,0.00,5.34,0.00,0.00,365.97,0.00,0.00,-0.00,-0.00,0.00,-0.00
15573.00,0.00,0.00,0.06,0.00,0.00,-3.58,0.00,0.00,-557.32,0.00,0.00,-0.00,0.00,0.00,0.00
15580.00,0.00,0.00,0.21,0.00,0.00,21.33,0.00,0.00,3558.80,0.00,0.00,-0.00,0.00,-0.00,0.00
15587.00,0.00,0.00,0.21,0.00,0.00,0.00,0.00,0.00,-3047.44,0.00,0.00,-0.00,0.00,0.00,0.00
15590.00,0.00,0.00,0.06,0.00,0.00,-49.91,0.00,0.00,-16637.92,0.00,0.00,-0.00,0.00,0.00,0.00
15598.00,0.00,0.00,0.08,0.00,0.00,2.07,0.00,0.00,6497.57,0.00,0.00,-0.00,-0.00,0.00,0.00
15605.00,0.00,0.00,0.13,0.00,0.00,8.09,0.00,0.00,860.83,0.00,0.00,-0.00,-0.00,-0.00,0.00
15610.00,0.00,0.00,0.11,0.00,0.00,-4.08,0.00,0.00,-2435.08,0.00,0.00,0.00,-0.00,-0.00,0.00
15623.00,0.00,0.00,0.11,0.00,0.00,-0.21,0.00,0.00,297.57,0.00,0.00,0.00,0.00,0.00,0.00
15630.00,0.00,0.00,0.12,0.00,0.00,0.72,0.00,0.00,133.95,0.00,0.00,0.00,0.00,0.00,0.00
15638.00,0.00,0.00,0.18,0.00,0.00,7.88,0.00,0.00,894.16,0.00,0.00,0.00,0.00,0.00,0.00
15646.00,0.00,0.00,0.16,0.00,0.00,-2.23,0.00,0.00,-1263.66,0.00,0.00,0.00,-0.01,-0.00,0.00
15651.00,0.00,0.00,0.06,0.00,0.00,-19.37,0.00,0.00,-3427.51,0.00,0.00,0.00,-0.00,0.00,0.00
15669.00,0.00,0.00,0.08,0.00,0.00,0.91,0.00,0.00,1126.76,0.00,0.00,0.00,0.00,0.00,0.00
15678.00,0.00,0.00,0.07,0.00,0.00,-1.31,0.00,0.00,-246.41,0.00,0.00,0.00,0.00,0.00,-0.00
15684.00,0.00,0.00,0.02,0.00,0.00,-8.11,0.00,0.00,-1133.75,0.00,0.00,0.00,-0.00,0.00,0.00
15690.00,0.00,0.00,-0.01,0.00,0.00,-4.40,0.00,0.00,618.82,0.00,0.00,0.00,-0.00,0.00,0.00
15698.00,0.00,0.00,0.04,0.00,0.00,5.39,0.00,0.00,1223.78,0.00,0.00,0.00,-0.00,0.00,-0.00
15711.00,0.00,0.00,0.11,0.00,0.00,5.30,0.00,0.00,-7.14,0.00,0.00,0.00,-0.00,0.00,-0.00
15718.00,0.00,0.00,0.06,0.00,0.00,-6.05,0.00,0.00,-1621.51,0.00,0.00,0.00,0.00,0.01,0.00
15725.00,0.00,0.00,-0.02,0.00,0.00,-12.15,0.00,0.00,-872.14,0.00,0.00,0.00,-0.00,-0.00,0.00
15731.00,0.00,0.00,-0.04,0.00,0.00,-3.17,0.00,0.00,1497.96,0.00,0.00,0.00,-0.00,0.00,0.00
15738.00,0.00,0.00,0.06,0.00,0.00,14.85,0.00,0.00,2573.67,0.00,0.00,0.00,-0.00,0.00,0.00
15746.00,0.00,0.00,0.00,0.00,0.00,-7.79,0.00,0.00,-2830.16,0.00,0.00,0.00,-0.00,-0.00,-0.00
15751.00,0.00,0.00,0.08,0.00,0.00,15.98,0.00,0.00,4753.70,0.00,0.00,0.00,-0.00,-0.00,-0.00
15769.00,0.00,0.00,0.13,0.00,0.00,3.03,0.00,0.00,-719.41,0.00,0.00,0.00,-0.00,0.00,-0.00
15777.00,0.00,0.00,0.11,0.00,0.00,-3.23,0.00,0.00,-781.77,0.00,0.00,0.00,-0.00,-0.00,0.00
15784.00,0.00,0.00,0.04,0.00,0.00,-9.66,0.00,0.00,-919.15,0.00,0.00,0.00,0.00,0.00,-0.00
15799.00,0.00,0.00,0.12,0.00,0.00,5.21,0.00,0.00,991.65,0.00,0.00,0.00,0.00,-0.00,-0.00
15809.00,0.00,0.00,0.10,0.00,0.00,-2.18,0.00,0.00,-739.55,0.00,0.00,0.00,-0.00,-0.00,0.00
15814.00,0.00,0.00,0.07,0.00,0.00,-6.10,0.00,0.00,-784.20,0.00,0.00,0.00,0.00,-0.00,-0.00
15821.00,0.00,0.00,0.03,0.00,0.00,-4.91,0.00,0.00,170.70,0.00,0.00,-0.00,0.00,0.00,-0.00
15828.00,0.00,0.00,0.14,0.00,0.00,14.84,0.00,0.00,2821.78,0.00,0.00,-0.00,-0.00,-0.00,-0.00
15836.00,0.00,0.00,0.03,0.00,0.00,-13.53,0.00,0.00,-3546.98,0.00,0.00,-0.00,0.00,0.00,-0.00
15841.00,0.00,0.00,0.06,0.00,0.00,6.57,0.00,0.00,4019.46,0.00,0.00,-0.00,-0.00,0.00,-0.00
15849.00,0.00,0.00,-0.00,0.00,0.00,-7.87,0.00,0.00,-1805.09,0.00,0.00,-0.00,-0.00,0.00,-0.00
15858.00,0.00,0.00,0.09,0.00,0.00,9.69,0.00,0.00,1951.28,0.00,0.00,-0.00,0.00,0.00,0.00
15873.00,0.00,0.00,0.03,0.00,0.00,-3.46,0.00,0.00,-876.65,0.00,0.00,-0.00,0.00,0.00,-0.00
15885.00,0.00,0.00,0.03,0.00,0.00,-0.29,0.00,0.00,264.36,0.00,0.00,-0.00,0.00,-0.00,-0.00
15892.00,0.00,0.00,0.06,0.00,0.00,4.70,0.00,0.00,713.21,0.00,0.00,-0.00,0.00,-0.00,-0.00
15899.00,0.00,0.00,0.07,0.00,0.00,1.07,0.00,0.00,-519.01,0.00,0.00,-0.00,0.00,0.00,0.00
15907.00,0.00,0.00,0.11,0.00,0.00,4.84,0.00,0.00,471.05,0.00,0.00,-0.00,0.00,-0.00,-0.00
15912.00,0.00,0.00,0.11,0.00,0.00,0.14,0.00,0.00,-939.60,0.00,0.00,-0.00,0.00,-0.00,-0.00
15920.00,0.00,0.00,0.11,0.00,0.00,0.46,0.00,0.00,39.99,0.00,0.00,-0.00,0.00,-0.00,-0.00
15928.00,0.00,0.00,0.05,0.00,0.00,-8.19,0.00,0.00,-1081.32,0.00,0.00,-0.00,0.00,-0.00,0.00
15935.00,0.00,0.00,0.05,0.00,0.00,-0.25,0.00,0.00,1134.13,0.00,0.00,-0.00,0.00,0.00,-0.00
15941.00,0.00,0.00,0.06,0.00,0.00,1.96,0.00,0.00,369.24,0.00,0.00,-0.00,0.00,0.00,-0.00
15959.00,0.00,0.00,0.12,0.00,0.00,3.16,0.00,0.00,66.60,0.00,0.00,-0.00,0.00,0.00,-0.00
15969.00,0.00,0.00,0.15,0.00,0.00,3.46,0.00,0.00,29.40,0.00,0.00,-0.00,0.00,0.00,-0.00
15978.00,0.00,0.00,0.05,0.00,0.00,-11.44,0.00,0.00,-1655.58,0.00,0.00,-0.00,0.00,-0.00,-0.00
15985.00,0.00,0.00,0.12,0.00,0.00,10.11,0.00,0.00,3078.87,0.00,0.00,-0.00,-0.00,-0.00,0.00
15991.00,0.00,0.00,0.04,0.00,0.00,-12.63,0.00,0.00,-3789.14,0.00,0.00,-0.00,-0.00,-0.00,0.00
15999.00,0.00,0.00,-0.01,0.00,0.00,-5.85,0.00,0.00,847.46,0.00,0.00,-0.00,0.00,-0.00,0.00
16007.00,0.00,0.00,0.03,0.00,0.00,4.77,0.00,0.00,1326.63,0.00,0.00,-0.00,0.00,-0.00,0.00
16012.00,0.00,0.00,0.08,0.00,0.00,10.16,0.00,0.00,1078.42,0.00,0.00,-0.00,0.00,-0.00,0.00
16020.00,0.00,0.00,0.07,0.00,0.00,-1.67,0.00,0.00,-1478.99,0.00,0.00,-0.00,0.00,-0.00,0.00
16028.00,0.00,0.00,0.02,0.00,0.00,-6.39,0.00,0.00,-589.91,0.00,-0.00,-0.00,0.00,-0.00,0.00
16035.00,0.00,0.00,0.10,0.00,0.00,11.88,0.00,0.00,2610.11,0.00,-0.00,-0.00,0.00,-0.00,-0.00
16045.00,0.00,0.00,0.08,0.00,0.00,-1.75,0.00,0.00,-1362.80,0.00,-0.00,-0.00,0.00,-0.00,-0.00
16062.00,0.00,0.00,0.14,0.00,0.00,3.05,0.00,0.00,282.35,0.00,-0.00,-0.00,0.00,-0.00,0.00
16069.00,0.00,0.00,0.03,0.00,0.00,-15.23,0.00,0.00,-2611.39,0.00,-0.00,-0.00,-0.00,0.00,0.00
16077.00,0.00,0.00,0.08,0.00,0.00,6.10,0.00,0.00,2666.09,0.00,-0.00,-0.00,0.00,-0.00,-0.00
16083.00,0.00,0.00,0.09,0.00,0.00,2.31,0.00,0.00,-632.12,0.00,-0.00,-0.00,0.00,-0.00,-0.00
16090.00,0.00,0.00,0.10,0.00,0.00,0.59,0.00,0.00,-244.56,0.00,-0.00,-0.00,0.00,-0.00,-0.00
16099.00,0.00,0.00,0.02,0.00,0.00,-8.88,0.00,0.00,-1053.11,0.00,-0.00,-0.00,0.00,0.00,-0.00
16107.00,0.00,0.00,0.04,0.00,0.00,3.30,0.00,0.00,1522.78,0.00,-0.00,-0.00,0.00,-0.00,-0.00
16112.00,0.00,0.00,0.05,0.00,0.00,0.75,0.00,0.00,-509.49,0.00,-0.00,-0.00,0.00,-0.00,-0.00
16119.00,0.00,0.00,0.03,0.00,0.00,-2.00,0.00,0.00,-392.47,0.00,-0.00,-0.00,0.00,-0.00,0.00
16132.00,0.00,0.00,0.08,0.00,0.00,3.75,0.00,0.00,442.37,0.00,-0.00,-0.00,0.00,0.00,0.00
16140.00,0.00,0.00,0.14,0.00,0.00,7.00,0.00,0.00,405.68,0.00,-0.00,-0.00,0.00,-0.00,0.00
16149.00,0.00,0.00,-0.03,0.00,0.00,-18.37,0.00,0.00,-2819.00,0.00,-0.00,-0.00,0.00,-0.00,-0.00
16166.00,0.00,0.00,0.16,0.00,0.00,11.19,0.00,0.00,1738.80,0.00,-0.00,-0.00,0.00,-0.00,-0.00
16172.00,0.00,0.00,0.05,0.00,0.00,-18.24,0.00,0.00,-4905.28,0.00,-0.00,-0.00,0.00,-0.00,-0.00
16179.00,0.00,0.00,0.11,0.00,0.00,8.58,0.00,0.00,3832.58,0.00,-0.00,-0.00,0.00,-0.00,0.00
16187.00,0.00,0.00,0.23,0.00,0.00,13.98,0.00,0.00,674.08,0.00,-0.00,-0.00,-0.00,0.00,0.00
16192.00,0.00,0.00,0.12,0.00,0.00,-21.60,0.00,0.00,-7115.77,0.00,-0.00,-0.00,-0.00,0.00,0.00
16200.00,0.00,0.00,0.08,0.00,0.00,-4.34,0.00,0.00,2157.35,0.00,-0.00,-0.00,0.00,0.00,0.00
16208.00,0.00,0.00,0.07,0.00,0.00,-1.57,0.00,0.00,347.22,0.00,-0.00,-0.00,0.00,-0.00,0.00
16219.00,0.00,0.00,0.13,0.00,0.00,5.84,0.00,0.00,673.26,0.00,-0.00,-0.00,0.00,-0.00,-0.00
16227.00,0.00,0.00,0.06,0.00,0.00,-9.55,0.00,0.00,-1923.61,0.00,-0.00,-0.00,-0.00,-0.01,0.00
16232.00,0.00,0.00,0.08,0.00,0.00,5.26,0.00,0.00,2962.41,0.00,-0.00,-0.00,-0.00,-0.01,0.00
16240.00,0.00,0.00,0.05,0.00,0.00,-3.93,0.00,0.00,-1149.76,0.00,-0.00,-0.00,-0.00,-0.01,0.00
16248.00,0.00,0.00,0.11,0.00,0.00,7.48,0.00,0.00,1426.85,0.00,-0.00,-0.00,0.00,-0.00,0.00
16265.00,0.00,0.00,0.10,0.00,0.00,-0.53,0.00,0.00,-471.38,0.00,-0.00,-0.00,0.00,-0.00,0.00
16271.00,0.00,0.00,0.11,0.00,0.00,1.18,0.00,0.00,284.78,0.00,-0.00,-0.00,0.00,0.00,0.00
16279.00,0.00,0.00,0.12,0.00,0.00,1.76,0.00,0.00,73.36,0.00,-0.00,-0.00,0.00,-0.00,-0.00
16287.00,0.00,0.00,0.08,0.00,0.00,-5.85,0.00,0.00,-951.48,0.00,-0.00,-0.00,-0.00,-0.00,-0.00
16292.00,0.00,0.00,0.11,0.00,0.00,5.80,0.00,0.00,2329.94,0.00,-0.00,-0.00,-0.00,-0.00,0.00
16305.00,0.00,0.00,0.13,0.00,0.00,1.42,0.00,0.00,-336.76,0.00,-0.00,-0.00,0.00,-0.00,0.00
16312.00,0.00,0.00,0.03,0.00,0.00,-13.99,0.00,0.00,-2202.31,0.00,-0.00,-0.00,0.00,-0.00,0.00
16319.00,0.00,0.00,-0.04,0.00,0.00,-9.68,0.00,0.00,615.56,0.00,-0.00,-0.00,0.00,0.00,-0.00
16327.00,0.00,0.00,0.06,0.00,0.00,12.09,0.00,0.00,2722.10,0.00,-0.00,-0.00,0.00,-0.01,0.00
16332.00,0.00,0.00,0.12,0.00,0.00,13.19,0.00,0.00,219.90,0.00,-0.00,-0.00,-0.00,-0.00,0.00
16340.00,0.00,0.00,0.10,0.00,0.00,-2.42,0.00,0.00,-1951.15,0.00,-0.00,-0.00,-0.00,-0.00,-0.00
16348.00,0.00,0.00,0.05,0.00,0.00,-6.85,0.00,0.00,-553.86,0.00,-0.00,-0.00,-0.00,-0.00,0.00
16364.00,0.00,0.00,0.05,0.00,0.00,-0.01,0.00,0.00,427.17,0.00,-0.00,-0.00,0.00,0.00,0.00
16371.00,0.00,0.00,0.04,0.00,0.00,-0.57,0.00,0.00,-79.84,0.00,-0.00,-0.00,0.00,0.00,0.00
16379.00,0.00,0.00,0.07,0.00,0.00,3.50,0.00,0.00,509.62,0.00,-0.00,-0.00,0.00,0.00,0.00
16392.00,0.00,0.00,0.16,0.00,0.00,6.55,0.00,0.00,234.46,0.00,-0.00,-0.00,0.00,-0.00,0.00
16401.00,0.00,0.00,0.08,0.00,0.00,-8.51,0.00,0.00,-1673.08,0.00,-0.00,-0.00,-0.00,-0.00,0.00
16409.00,0.00,0.00,0.04,0.00,0.00,-4.63,0.00,0.00,484.53,0.00,-0.00,-0.00,-0.00,0.00,0.00
16415.00,0.00,0.00,0.03,0.00,0.00,-1.48,0.00,0.00,525.03,0.00,-0.00,-0.00,0.00,-0.00,0.00
16421.00,0.00,0.00,0.13,0.00,0.00,15.61,0.00,0.00,2848.09,0.00,-0.00,-0.00,0.00,-0.00,0.00
16430.00,0.00,0.00,0.07,0.00,0.00,-6.40,0.00,0.00,-2445.12,0.00,-0.00,-0.00,0.00,0.00,-0.00
16437.00,0.00,0.00,0.13,0.00,0.00,8.31,0.00,0.00,2100.72,0.00,-0.00,-0.00,0.00,-0.00,0.00
16443.00,0.00,0.00,0.11,0.00,0.00,-3.04,0.00,0.00,-1890.59,0.00,-0.00,-0.00,0.00,-0.00,-0.00
16450.00,0.00,0.00,0.14,0.00,0.00,3.72,0.00,0.00,965.26,0.00,-0.00,-0.00,0.00,0.00,-0.00
16468.00,0.00,0.00,0.17,0.00,0.00,1.78,0.00,0.00,-107.82,0.00,-0.00,-0.00,-0.00,-0.00,-0.00
16479.00,0.00,0.00,0.09,0.00,0.00,-6.95,0.00,0.00,-793.80,0.00,-0.00,-0.00,-0.00,-0.00,0.00
16488.00,0.00,0.00,0.02,0.00,0.00,-8.04,0.00,0.00,-120.71,0.00,-0.00,-0.00,-0.00,-0.00,0.00
16493.00,0.00,0.00,0.15,0.00,0.00,26.23,0.00,0.00,6852.67,0.00,-0.00,-0.00,-0.00,-0.00,0.00
16501.00,0.00,0.00,0.14,0.00,0.00,-1.77,0.00,0.00,-3499.32,0.00,-0.00,-0.00,0.00,0.00,0.00
16509.00,0.00,0.00,0.09,0.00,0.00,-5.38,0.00,0.00,-451.73,0.00,-0.00,-0.00,-0.00,-0.00,0.00
16515.00,0.00,0.00,0.09,0.00,0.00,-1.08,0.00,0.00,717.43,0.00,-0.00,-0.00,-0.00,0.00,-0.00
16521.00,0.00,0.00,0.19,0.00,0.00,16.52,0.00,0.00,2932.21,0.00,-0.00,-0.00,0.00,0.00,-0.00
16530.00,0.00,0.00,0.04,0.00,0.00,-16.17,0.00,0.00,-3631.43,0.00,-0.00,-0.00,0.00,0.00,-0.00
16537.00,0.00,0.00,0.12,0.00,0.00,10.81,0.00,0.00,3853.75,0.00,-0.00,-0.00,-0.00,0.00,0.00
16543.00,0.00,0.00,0.14,0.00,0.00,4.63,0.00,0.00,-1029.65,0.00,-0.00,-0.00,-0.00,0.00,0.00
16560.00,0.00,0.00,0.09,0.00,0.00,-3.32,0.00,0.00,-467.68,0.00,-0.00,-0.00,0.00,0.00,0.00
16577.00,0.00,0.00,0.17,0.00,0.00,5.05,0.00,0.00,492.23,0.00,-0.00,-0.00,0.00,-0.00,0.00
16582.00,0.00,0.00,0.11,0.00,0.00,-11.80,0.00,0.00,-3370.53,0.00,-0.00,-0.00,0.00,-0.00,0.00
16590.00,0.00,0.00,0.04,0.00,0.00,-9.59,0.00,0.00,276.50,0.00,-0.00,-0.00,0.00,-0.00,0.00
16598.00,0.00,0.00,0.09,0.00,0.00,7.02,0.00,0.00,2076.59,0.00,-0.00,-0.00,0.00,0.00,-0.00
16603.00,0.00,0.00,0.13,0.00,0.00,7.35,0.00,0.00,65.12,0.00,-0.00,-0.00,0.00,0.00,-0.00
16611.00,0.00,0.00,0.08,0.00,0.00,-6.44,0.00,0.00,-1723.67,0.00,-0.00,-0.00,0.00,0.00,0.00
16617.00,0.00,0.00,-0.00,0.00,0.00,-13.91,0.00,0.00,-1244.14,0.00,-0.00,-0.00,0.00,0.00,0.00
16623.00,0.00,0.00,0.13,0.00,0.00,23.07,0.00,0.00,6163.87,0.00,-0.00,-0.00,0.00,0.00,0.00
16630.00,0.00,0.00,0.10,0.00,0.00,-5.11,0.00,0.00,-4027.03,0.00,-0.00,-0.00,0.00,0.00,0.00
16643.00,0.00,0.00,0.14,0.00,0.00,3.30,0.00,0.00,647.09,0.00,-0.00,-0.00,0.00,0.00,-0.00
16661.00,0.00,0.00,0.06,0.00,0.00,-4.70,0.00,0.00,-444.10,0.00,-0.00,-0.00,0.00,0.00,-0.00
16667.00,0.00,0.00,0.14,0.00,0.00,14.25,0.00,0.00,3158.09,0.00,-0.00,-0.00,0.00,0.00,-0.00
16672.00,0.00,0.00,0.06,0.00,0.00,-15.84,0.00,0.00,-6018.96,0.00,-0.00,-0.00,0.00,0.00,-0.00
16681.00,0.00,0.00,0.13,0.00,0.00,7.43,0.00,0.00,2586.18,0.00,-0.00,-0.00,-0.00,0.00,-0.00
16689.00,0.00,0.00,0.07,0.00,0.00,-7.42,0.00,0.00,-1856.98,0.00,-0.00,-0.00,0.00,0.00,0.00
16695.00,0.00,0.00,0.05,0.00,0.00,-3.87,0.00,0.00,592.74,0.00,-0.00,-0.00,-0.00,-0.00,0.00
16701.00,0.00,0.00,0.07,0.00,0.00,4.01,0.00,0.00,1312.85,0.00,-0.00,-0.00,-0.00,-0.00,0.00
16710.00,0.00,0.00,0.04,0.00,0.00,-3.27,0.00,0.00,-809.08,0.00,-0.00,-0.00,0.00,0.00,-0.00
16716.00,0.00,0.00,0.07,0.00,0.00,4.80,0.00,0.00,1345.07,0.00,-0.00,-0.00,0.00,-0.00,-0.00
16727.00,0.00,0.00,0.10,0.00,0.00,2.75,0.00,0.00,-186.30,0.00,-0.00,-0.00,0.00,0.00,0.00
16734.00,0.00,0.00,0.15,0.00,0.00,6.53,0.00,0.00,539.68,0.00,-0.00,-0.00,0.00,0.00,-0.00
16741.00,0.00,0.00,0.11,0.00,0.00,-5.34,0.00,0.00,-1694.91,0.00,-0.00,-0.00,0.00,0.00,-0.00
16759.00,0.00,0.00,0.12,0.00,0.00,0.33,0.00,0.00,314.51,0.00,-0.00,-0.00,0.00,-0.00,0.00
16764.00,0.00,0.00,0.08,0.00,0.00,-6.29,0.00,0.00,-1323.57,0.00,-0.00,-0.00,0.00,-0.00,0.00
16771.00,0.00,0.00,0.01,0.00,0.00,-10.15,0.00,0.00,-550.92,0.00,-0.00,-0.00,0.00,-0.00,0.00
16780.00,0.00,0.00,0.22,0.00,0.00,23.09,0.00,0.00,3692.79,0.00,-0.00,-0.00,0.00,0.00,0.00
16786.00,0.00,0.00,0.11,0.00,0.00,-18.88,0.00,0.00,-6994.42,0.00,-0.00,-0.00,0.00,0.00,-0.00
16792.00,0.00,0.00,0.07,0.00,0.00,-5.63,0.00,0.00,2208.79,0.00,-0.00,-0.00,0.00,0.00,-0.00
16800.00,0.00,0.00,0.13,0.00,0.00,6.80,0.00,0.00,1553.14,0.00,-0.00,-0.00,0.00,0.00,0.00
16813.00,0.00,0.00,0.09,0.00,0.00,-2.68,0.00,0.00,-728.93,0.00,-0.00,-0.00,0.00,0.00,-0.00
16821.00,0.00,0.00,0.01,0.00,0.00,-10.11,0.00,0.00,-928.97,0.00,-0.00,-0.00,0.00,-0.00,-0.00
16830.00,0.00,0.00,0.09,0.00,0.00,8.73,0.00,0.00,2092.87,0.00,-0.00,-0.00,0.00,0.00,0.00
16836.00,0.00,0.00,0.06,0.00,0.00,-5.70,0.00,0.00,-2403.87,0.00,-0.00,-0.00,0.00,0.00,0.00
16842.00,0.00,0.00,0.04,0.00,0.00,-3.51,0.00,0.00,363.85,0.00,-0.00,-0.00,-0.00,0.00,0.00
16851.00,0.00,0.00,0.11,0.00,0.00,8.10,0.00,0.00,1290.11,0.00,-0.00,-0.00,0.00,-0.00,0.00
16859.00,0.00,0.00,0.06,0.00,0.00,-6.28,0.00,0.00,-1796.54,0.00,-0.00,-0.00,-0.00,0.00,-0.00
16875.00,0.00,0.00,0.07,0.00,0.00,0.82,0.00,0.00,443.63,0.00,-0.00,-0.00,0.00,0.00,0.00
16882.00,0.00,0.00,0.08,0.00,0.00,0.72,0.00,0.00,-14.86,0.00,-0.00,-0.00,-0.00,0.00,0.00
16890.00,0.00,0.00,0.06,0.00,0.00,-2.41,0.00,0.00,-391.17,0.00,-0.00,-0.00,0.00,0.00,-0.00
16903.00,0.00,0.00,0.19,0.00,0.00,10.32,0.00,0.00,979.32,0.00,-0.00,-0.00,-0.00,-0.00,-0.00
16912.00,0.00,0.00,0.11,0.00,0.00,-9.46,0.00,0.00,-2197.22,0.00,-0.00,-0.00,-0.00,0.00,0.00
16918.00,0.00,0.00,0.16,0.00,0.00,9.31,0.00,0.00,3127.37,0.00,-0.00,-0.00,-0.00,0.00,0.00
16924.00,0.00,0.00,0.11,0.00,0.00,-8.94,0.00,0.00,-3041.35,0.00,-0.00,-0.00,-0.00,0.00,0.00
16931.00,0.00,0.00,0.08,0.00,0.00,-3.85,0.00,0.00,727.75,0.00,-0.00,-0.00,-0.00,0.00,0.00
16939.00,0.00,0.00,0.06,0.00,0.00,-3.09,0.00,0.00,94.94,0.00,-0.00,-0.00,-0.00,-0.00,0.00
16945.00,0.00,0.00,0.11,0.00,0.00,9.21,0.00,0.00,2048.72,0.00,-0.00,-0.00,0.00,-0.00,0.00
16962.00,0.00,0.00,0.06,0.00,0.00,-3.34,0.00,0.00,-737.89,0.00,-0.00,-0.00,-0.00,0.00,0.00
16967.00,0.00,0.00,0.08,0.00,0.00,5.36,0.00,0.00,1739.38,0.00,-0.00,-0.00,0.00,-0.00,0.00
16973.00,0.00,0.00,0.11,0.00,0.00,4.08,0.00,0.00,-213.12,0.00,-0.00,-0.00,0.00,-0.00,0.00
16986.00,0.00,0.00,0.11,0.00,0.00,-0.02,0.00,0.00,-315.52,0.00,-0.00,-0.00,-0.00,0.00,0.00
16993.00,0.00,0.00,0.05,0.00,0.00,-7.52,0.00,0.00,-1070.60,0.00,-0.00,-0.00,-0.00,0.00,0.00
17001.00,0.00,0.00,0.10,0.00,0.00,5.28,0.00,0.00,1598.88,0.00,-0.00,-0.00,0.00,0.00,-0.00
17009.00,0.00,0.00,0.03,0.00,0.00,-8.52,0.00,0.00,-1724.06,0.00,-0.00,-0.00,0.00,0.00,-0.00
17014.00,0.00,0.00,0.09,0.00,0.00,12.55,0.00,0.00,4213.70,0.00,-0.00,-0.00,0.00,0.00,-0.00
17020.00,0.00,0.00,0.04,0.00,0.00,-8.96,0.00,0.00,-3584.65,0.00,-0.00,-0.00,-0.00,-0.00,0.00
17026.00,0.00,0.00,0.18,0.00,0.00,24.56,0.00,0.00,5585.87,0.00,-0.00,-0.00,0.00,-0.00,0.00
17033.00,0.00,0.00,0.05,0.00,0.00,-19.49,0.00,0.00,-6292.36,0.00,-0.00,-0.00,0.00,-0.00,0.00
17038.00,0.00,0.00,0.05,0.00,0.00,0.00,0.00,0.00,3897.47,0.00,-0.00,-0.00,-0.00,0.00,0.00
17042.00,0.00,0.00,0.13,0.00,0.00,20.77,0.00,0.00,5191.54,0.00,-0.00,-0.00,-0.00,0.00,0.00
17066.00,0.00,0.00,0.11,0.00,0.00,-0.89,0.00,0.00,-902.51,0.00,-0.00,-0.00,-0.00,-0.00,-0.00
17074.00,0.00,0.00,0.27,0.00,0.00,20.43,0.00,0.00,2665.40,0.00,-0.00,-0.00,-0.00,0.00,-0.00
17081.00,0.00,0.00,0.09,0.00,0.00,-25.40,0.00,0.00,-6547.13,0.00,-0.00,-0.00,-0.00,0.00,-0.00
17089.00,0.00,0.00,-0.00,0.00,0.00,-12.44,0.00,0.00,1620.02,0.00,-0.00,-0.00,0.00,0.00,-0.00
17094.00,0.00,0.00,-0.01,0.00,0.00,-0.25,0.00,0.00,2438.76,0.00,-0.00,-0.00,0.00,0.00,-0.00
17102.00,0.00,0.00,0.15,0.00,0.00,19.37,0.00,0.00,2452.36,0.00,-0.00,-0.00,0.00,0.00,0.00
17111.00,0.00,0.00,0.20,0.00,0.00,5.96,0.00,0.00,-1489.84,0.00,-0.00,-0.00,0.00,0.00,0.00
17116.00,0.00,0.00,0.08,0.00,0.00,-25.23,0.00,0.00,-6237.93,0.00,-0.00,-0.00,-0.00,-0.01,0.00
17122.00,0.00,0.00,0.18,0.00,0.00,17.46,0.00,0.00,7115.06,0.00,-0.00,-0.00,-0.00,-0.01,0.00
17131.00,0.00,0.00,0.09,0.00,0.00,-10.06,0.00,0.00,-3057.91,0.00,-0.00,-0.00,-0.00,-0.00,0.00
17144.00,0.00,0.00,0.12,0.00,0.00,2.05,0.00,0.00,931.02,0.00,-0.00,-0.00,-0.00,-0.00,0.00
17162.00,0.00,0.00,0.11,0.00,0.00,-0.48,0.00,0.00,-140.39,0.00,-0.00,-0.00,-0.00,-0.00,0.00
17168.00,0.00,0.00,0.08,0.00,0.00,-4.21,0.00,0.00,-621.12,0.00,-0.00,-0.00,-0.00,0.01,-0.00
17173.00,0.00,0.00,0.16,0.00,0.00,15.42,0.00,0.00,3925.82,0.00,-0.00,-0.00,-0.00,0.01,-0.00
17182.00,0.00,0.00,0.11,0.00,0.00,-6.07,0.00,0.00,-2387.52,0.00,-0.00,-0.00,-0.00,0.00,0.00
17190.00,0.00,0.00,0.06,0.00,0.00,-5.66,0.00,0.00,50.72,0.00,-0.00,-0.00,0.00,-0.00,0.00
17196.00,0.00,0.00,0.14,0.00,0.00,13.50,0.00,0.00,3193.69,0.00,-0.00,-0.00,0.00,-0.00,0.00
17202.00,0.00,0.00,0.06,0.00,0.00,-13.74,0.00,0.00,-4540.14,0.00,-0.00,-0.00,0.00,-0.00,-0.00
17211.00,0.00,0.00,0.07,0.00,0.00,1.09,0.00,0.00,1648.01,0.00,-0.00,-0.00,0.00,-0.00,-0.00
17217.00,0.00,0.00,0.05,0.00,0.00,-3.03,0.00,0.00,-687.73,0.00,-0.00,-0.00,0.00,-0.00,0.00
17228.00,0.00,0.00,0.19,0.00,0.00,12.71,0.00,0.00,1431.39,0.00,-0.00,-0.00,0.00,0.00,0.00
17234.00,0.00,0.00,0.02,0.00,0.00,-28.76,0.00,0.00,-6912.33,0.00,-0.00,-0.00,0.00,0.00,0.00
17242.00,0.00,0.00,0.10,0.00,0.00,9.74,0.00,0.00,4813.09,0.00,-0.00,-0.00,0.00,0.00,0.00
17260.00,0.00,0.00,0.09,0.00,0.00,-0.60,0.00,0.00,-574.46,0.00,-0.00,-0.00,-0.00,0.00,0.00
17265.00,0.00,0.00,0.18,0.00,0.00,18.31,0.00,0.00,3782.51,0.00,-0.00,-0.00,-0.00,0.00,0.00
17272.00,0.00,0.00,0.08,0.00,0.00,-13.76,0.00,0.00,-4582.81,0.00,-0.00,0.00,-0.00,0.00,0.00
17281.00,0.00,0.00,0.04,0.00,0.00,-4.14,0.00,0.00,1069.96,0.00,-0.00,0.00,0.00,0.00,0.00
17287.00,0.00,0.00,0.15,0.00,0.00,17.32,0.00,0.00,3575.40,0.00,-0.00,0.00,0.00,-0.00,0.00
17293.00,0.00,0.00,0.06,0.00,0.00,-14.82,0.00,0.00,-5356.84,0.00,-0.00,0.00,0.00,-0.00,0.00
17301.00,0.00,0.00,0.11,0.00,0.00,7.04,0.00,0.00,2733.47,0.00,-0.00,0.00,0.00,0.00,-0.00
17319.00,0.00,0.00,0.10,0.00,0.00,-1.01,0.00,0.00,-447.51,0.00,-0.00,-0.00,-0.00,-0.00,-0.00
17325.00,0.00,0.00,0.16,0.00,0.00,10.21,0.00,0.00,1870.34,0.00,-0.00,-0.00,-0.00,0.00,-0.00
17332.00,0.00,0.00,0.10,0.00,0.00,-8.81,0.00,0.00,-2716.74,0.00,-0.00,-0.00,0.00,0.00,-0.00
17340.00,0.00,0.00,0.10,0.00,0.00,1.01,0.00,0.00,1227.62,0.00,-0.00,-0.00,0.00,0.00,0.00
17345.00,0.00,0.00,0.03,0.00,0.00,-14.25,0.00,0.00,-3052.09,0.00,-0.00,-0.00,-0.00,0.00,0.00
17362.00,0.00,0.00,0.06,0.00,0.00,1.53,0.00,0.00,927.69,0.00,-0.00,0.00,-0.00,0.00,0.00
17368.00,0.00,0.00,0.12,0.00,0.00,9.60,0.00,0.00,1346.31,0.00,-0.00,0.00,0.00,-0.00,-0.00
17373.00,0.00,0.00,0.12,0.00,0.00,1.59,0.00,0.00,-1602.36,0.00,-0.00,0.00,0.00,-0.00,-0.00
17382.00,0.00,0.00,0.09,0.00,0.00,-4.32,0.00,0.00,-657.13,0.00,-0.00,0.00,-0.00,0.00,-0.00
17390.00,0.00,0.00,0.10,0.00,0.00,1.64,0.00,0.00,745.72,0.00,-0.00,0.00,0.00,0.00,0.00
17400.00,0.00,0.00,0.14,0.00,0.00,4.26,0.00,0.00,261.26,0.00,-0.00,0.00,0.00,-0.00,0.00
17407.00,0.00,0.00,0.05,0.00,0.00,-12.55,0.00,0.00,-2400.21,0.00,-0.00,0.00,0.00,-0.00,-0.00
17413.00,0.00,0.00,0.08,0.00,0.00,3.89,0.00,0.00,2738.96,0.00,-0.00,-0.00,0.00,-0.00,-0.00
17420.00,0.00,0.00,0.15,0.00,0.00,10.87,0.00,0.00,997.52,0.00,-0.00,-0.00,0.00,0.00,0.00
17425.00,0.00,0.00,0.03,0.00,0.00,-24.51,0.00,0.00,-7076.81,0.00,-0.00,-0.00,0.00,0.00,0.00
17433.00,0.00,0.00,0.11,0.00,0.00,9.45,0.00,0.00,4244.97,0.00,-0.00,0.00,0.00,0.00,0.00
17441.00,0.00,0.00,0.04,0.00,0.00,-8.17,0.00,0.00,-2201.90,0.00,-0.00,0.00,0.00,0.00,0.00
17448.00,0.00,0.00,0.07,0.00,0.00,4.18,0.00,0.00,1763.70,0.00,-0.00,-0.00,-0.00,0.00,-0.00
17454.00,0.00,0.00,0.09,0.00,0.00,2.61,0.00,0.00,-261.89,0.00,-0.00,-0.00,-0.00,0.00,-0.00
17470.00,0.00,0.00,0.12,0.00,0.00,1.98,0.00,0.00,-39.04,0.00,-0.00,-0.00,0.00,-0.00,0.00
17480.00,0.00,0.00,0.14,0.00,0.00,1.93,0.00,0.00,-5.56,0.00,-0.00,-0.00,-0.00,-0.00,0.00
17487.00,0.00,0.00,0.14,0.00,0.00,0.58,0.00,0.00,-192.50,0.00,-0.00,0.00,-0.00,-0.00,0.00
17493.00,0.00,0.00,0.12,0.00,0.00,-4.01,0.00,0.00,-765.40,0.00,-0.00,0.00,0.00,-0.00,0.00
17502.00,0.00,0.00,0.09,0.00,0.00,-3.03,0.00,0.00,109.53,0.00,-0.00,-0.00,-0.00,0.00,-0.00
17510.00,0.00,0.00,0.06,0.00,0.00,-3.26,0.00,0.00,-29.43,0.00,-0.00,-0.00,0.00,0.00,-0.00
17515.00,0.00,0.00,0.10,0.00,0.00,8.31,0.00,0.00,2314.46,0.00,-0.00,-0.00,0.00,0.00,-0.00
17522.00,0.00,0.00,0.14,0.00,0.00,5.57,0.00,0.00,-391.11,0.00,-0.00,-0.00,0.00,0.00,-0.00
17531.00,0.00,0.00,0.06,0.00,0.00,-8.96,0.00,0.00,-1614.89,0.00,-0.00,-0.00,-0.00,-0.00,-0.00
17538.00,0.00,0.00,0.16,0.00,0.00,14.11,0.00,0.00,3296.52,0.00,-0.00,-0.00,-0.00,-0.00,-0.00
17544.00,0.00,0.00,0.01,0.00,0.00,-24.44,0.00,0.00,-6425.06,0.00,-0.00,-0.00,-0.00,-0.00,-0.00
17557.00,0.00,0.00,0.13,0.00,0.00,8.56,0.00,0.00,2538.13,0.00,-0.00,-0.00,0.00,-0.00,-0.00
17574.00,0.00,0.00,0.05,0.00,0.00,-4.47,0.00,0.00,-766.54,0.00,-0.00,-0.00,0.00,0.00,-0.00
17582.00,0.00,0.00,0.15,0.00,0.00,13.01,0.00,0.00,2185.13,0.00,-0.00,-0.00,0.00,-0.00,-0.00
17590.00,0.00,0.00,0.15,0.00,0.00,0.00,0.00,0.00,-1625.86,0.00,-0.00,-0.00,0.00,-0.00,-0.00
17593.00,0.00,0.00,0.06,0.00,0.00,-32.62,0.00,0.00,-10872.00,0.00,-0.00,-0.00,0.00,-0.00,-0.00
17602.00,0.00,0.00,0.19,0.00,0.00,14.95,0.00,0.00,5284.67,0.00,-0.00,-0.00,-0.00,-0.00,-0.00
17609.00,0.00,0.00,0.08,0.00,0.00,-15.51,0.00,0.00,-4351.20,0.00,-0.00,-0.00,0.00,-0.00,0.00
17614.00,0.00,0.00,0.08,0.00,0.00,-0.69,0.00,0.00,2963.90,0.00,-0.00,-0.00,0.00,-0.00,0.00
17621.00,0.00,0.00,0.13,0.00,0.00,7.07,0.00,0.00,1109.61,0.00,-0.00,-0.00,0.00,-0.00,-0.00
17627.00,0.00,0.00,0.15,0.00,0.00,4.07,0.00,0.00,-500.39,0.00,-0.00,-0.00,0.00,-0.00,-0.00
17639.00,0.00,0.00,0.13,0.00,0.00,-1.93,0.00,0.00,-499.95,0.00,-0.00,-0.00,0.00,-0.00,0.00
17645.00,0.00,0.00,0.08,0.00,0.00,-8.40,0.00,0.00,-1079.32,0.00,-0.00,-0.00,0.00,-0.00,0.00
17653.00,0.00,0.00,0.15,0.00,0.00,8.44,0.00,0.00,2105.61,0.00,-0.00,-0.00,0.00,0.00,0.00
17670.00,0.00,0.00,0.16,0.00,0.00,0.78,0.00,0.00,-450.62,0.00,-0.00,-0.00,0.00,-0.00,0.00
17676.00,0.00,0.00,0.16,0.00,0.00,-0.19,0.00,0.00,-161.63,0.00,-0.00,-0.00,0.00,-0.00,-0.00
17683.00,0.00,0.00,0.02,0.00,0.00,-19.33,0.00,0.00,-2734.93,0.00,-0.00,-0.00,-0.00,0.00,-0.00
17692.00,0.00,0.00,0.09,0.00,0.00,7.42,0.00,0.00,2972.66,0.00,-0.00,-0.00,0.00,0.00,-0.00
17699.00,0.00,0.00,0.10,0.00,0.00,0.85,0.00,0.00,-938.35,0.00,-0.00,-0.00,0.00,0.00,0.00
17705.00,0.00,0.00,0.00,0.00,0.00,-15.81,0.00,0.00,-2776.37,0.00,-0.00,-0.00,0.00,0.00,-0.00
17713.00,0.00,0.00,0.18,0.00,0.00,22.60,0.00,0.00,4801.28,0.00,-0.00,-0.00,0.00,-0.00,-0.00
17723.00,0.00,0.00,0.08,0.00,0.00,-10.65,0.00,0.00,-3325.28,0.00,-0.00,-0.00,-0.00,0.00,-0.00
17733.00,0.00,0.00,0.12,0.00,0.00,4.55,0.00,0.00,1520.14,0.00,-0.00,-0.00,-0.00,0.00,0.00
17741.00,0.00,0.00,0.04,0.00,0.00,-10.22,0.00,0.00,-1847.18,0.00,-0.00,-0.00,0.00,0.00,-0.00
17747.00,0.00,0.00,0.15,0.00,0.00,18.45,0.00,0.00,4779.11,0.00,-0.00,-0.00,0.00,-0.00,0.00
17753.00,0.00,0.00,0.06,0.00,0.00,-14.53,0.00,0.00,-5496.71,0.00,-0.00,-0.00,0.00,-0.00,0.00
17772.00,0.00,0.00,0.09,0.00,0.00,1.25,0.00,0.00,830.30,0.00,-0.00,-0.00,-0.00,-0.00,-0.00
17780.00,0.00,0.00,0.14,0.00,0.00,6.47,0.00,0.00,652.82,0.00,-0.00,-0.00,0.00,-0.00,0.00
17785.00,0.00,0.00,0.14,0.00,0.00,0.08,0.00,0.00,-1276.72,0.00,-0.00,-0.00,0.00,-0.00,-0.00
17793.00,0.00,0.00,0.16,0.00,0.00,3.23,0.00,0.00,392.62,0.00,-0.00,-0.00,0.00,-0.00,-0.00
17802.00,0.00,0.00,0.06,0.00,0.00,-11.33,0.00,0.00,-1616.74,0.00,-0.00,-0.00,0.00,-0.00,0.00
17814.00,0.00,0.00,0.09,0.00,0.00,2.27,0.00,0.00,1132.57,0.00,-0.00,-0.00,0.00,-0.00,0.00
17822.00,0.00,0.00,0.09,0.00,0.00,0.07,0.00,0.00,-274.89,0.00,-0.00,-0.00,-0.00,0.00,0.00
17828.00,0.00,0.00,0.16,0.00,0.00,11.69,0.00,0.00,1936.85,0.00,-0.00,-0.00,-0.00,0.00,0.00
17834.00,0.00,0.00,0.18,0.00,0.00,2.94,0.00,0.00,-1458.26,0.00,-0.00,-0.00,0.00,0.00,0.00
17842.00,0.00,0.00,0.11,0.00,0.00,-8.02,0.00,0.00,-1369.35,0.00,-0.00,-0.00,-0.00,0.00,0.00
17850.00,0.00,0.00,0.04,0.00,0.00,-9.00,0.00,0.00,-123.42,0.00,-0.00,-0.00,0.00,0.00,0.00
17855.00,0.00,0.00,0.13,0.00,0.00,16.89,0.00,0.00,5178.18,0.00,-0.00,-0.00,0.00,-0.00,0.00
17873.00,0.00,0.00,0.09,0.00,0.00,-2.20,0.00,0.00,-1060.58,0.00,-0.00,-0.00,-0.00,0.00,0.00
17881.00,0.00,0.00,0.13,0.00,0.00,5.88,0.00,0.00,1010.03,0.00,-0.00,-0.00,-0.00,0.00,0.00
17887.00,0.00,0.00,-0.01,0.00,0.00,-24.32,0.00,0.00,-5032.94,0.00,-0.00,-0.00,-0.00,-0.00,-0.00
17899.00,0.00,0.00,0.06,0.00,0.00,6.25,0.00,0.00,2547.55,0.00,-0.00,-0.00,0.00,-0.00,0.00
17906.00,0.00,0.00,0.05,0.00,0.00,-2.13,0.00,0.00,-1197.24,0.00,-0.00,-0.00,-0.00,-0.00,-0.00
17913.00,0.00,0.00,0.13,0.00,0.00,11.05,0.00,0.00,1883.53,0.00,-0.00,-0.00,-0.00,0.00,-0.00
17919.00,0.00,0.00,0.07,0.00,0.00,-9.38,0.00,0.00,-3404.91,0.00,-0.00,-0.00,0.00,0.00,-0.00
17925.00,0.00,0.00,0.00,0.00,0.00,-10.92,0.00,0.00,-257.56,0.00,-0.00,-0.00,0.00,0.00,-0.00
17933.00,0.00,0.00,-0.00,0.00,0.00,-0.77,0.00,0.00,1269.38,0.00,-0.00,-0.00,0.00,0.00,-0.00
17941.00,0.00,0.00,0.12,0.00,0.00,15.20,0.00,0.00,1996.12,0.00,-0.00,-0.00,0.00,0.00,-0.00
17947.00,0.00,0.00,0.09,0.00,0.00,-5.34,0.00,0.00,-3423.37,0.00,-0.00,-0.00,0.00,0.00,-0.00
17954.00,0.00,0.00,0.11,0.00,0.00,2.81,0.00,0.00,1164.05,0.00,-0.00,-0.00,0.00,0.00,-0.00
17972.00,0.00,0.00,0.14,0.00,0.00,1.77,0.00,0.00,-57.78,0.00,-0.00,-0.00,0.00,0.00,-0.00
17982.00,0.00,0.00,-0.04,0.00,0.00,-18.26,0.00,0.00,-2003.19,0.00,-0.00,-0.00,-0.00,-0.00,-0.00
17988.00,0.00,0.00,0.07,0.00,0.00,19.28,0.00,0.00,6256.23,0.00,-0.00,-0.00,-0.00,-0.00,-0.00
17994.00,0.00,0.00,0.11,0.00,0.00,7.04,0.00,0.00,-2039.54,0.00,-0.00,-0.00,-0.00,-0.00,-0.00
18003.00,0.00,0.00,0.15,0.00,0.00,3.80,0.00,0.00,-360.03,0.00,-0.00,-0.00,0.00,0.00,-0.00
18008.00,0.00,0.00,0.08,0.00,0.00,-12.65,0.00,0.00,-3289.71,0.00,-0.00,-0.00,0.00,0.00,-0.00
18015.00,0.00,0.00,0.16,0.00,0.00,10.25,0.00,0.00,3270.95,0.00,-0.00,-0.00,0.00,0.00,0.00
18021.00,0.00,0.00,0.18,0.00,0.00,3.42,0.00,0.00,-1138.08,0.00,-0.00,-0.00,0.00,0.00,-0.00
18027.00,0.00,0.00,0.17,0.00,0.00,-0.96,0.00,0.00,-730.12,0.00,-0.00,-0.00,0.00,0.00,-0.00
18034.00,0.00,0.00,0.10,0.00,0.00,-9.68,0.00,0.00,-1245.38,0.00,-0.00,-0.00,0.00,0.00,0.00
18043.00,0.00,0.00,0.13,0.00,0.00,3.46,0.00,0.00,1460.23,0.00,-0.00,-0.00,-0.00,0.00,-0.00
18060.00,0.00,0.00,0.04,0.00,0.00,-5.70,0.00,0.00,-539.10,0.00,-0.00,-0.00,0.00,0.00,-0.00
18076.00,0.00,0.00,0.05,0.00,0.00,0.89,0.00,0.00,412.35,0.00,-0.00,-0.00,0.00,0.00,-0.00
18084.00,0.00,0.00,0.07,0.00,0.00,2.42,0.00,0.00,190.93,0.00,-0.00,-0.00,0.00,0.00,0.00
18092.00,0.00,0.00,0.12,0.00,0.00,6.62,0.00,0.00,524.82,0.00,-0.00,-0.00,0.00,0.00,-0.00
18099.00,0.00,0.00,0.15,0.00,0.00,4.01,0.00,0.00,-373.58,0.00,-0.00,-0.00,0.00,0.00,-0.00
18105.00,0.00,0.00,0.10,0.00,0.00,-9.07,0.00,0.00,-2179.01,0.00,-0.00,-0.00,0.00,0.00,-0.00
18114.00,0.00,0.00,0.10,0.00,0.00,-0.29,0.00,0.00,975.57,0.00,-0.00,-0.00,0.00,-0.00,0.00
18119.00,0.00,0.00,0.05,0.00,0.00,-9.69,0.00,0.00,-1880.92,0.00,-0.00,-0.00,0.00,-0.00,-0.00
18125.00,0.00,0.00,0.12,0.00,0.00,12.76,0.00,0.00,3742.22,0.00,-0.00,-0.00,0.00,0.00,-0.00
18133.00,0.00,0.00,0.10,0.00,0.00,-3.14,0.00,0.00,-1986.97,0.00,-0.00,-0.00,-0.00,0.00,0.00
18146.00,0.00,0.00,0.11,0.00,0.00,0.97,0.00,0.00,315.83,0.00,-0.00,-0.00,0.00,0.00,-0.00
18164.00,0.00,0.00,0.17,0.00,0.00,3.48,0.00,0.00,139.35,0.00,-0.00,-0.00,0.00,-0.00,-0.00
18170.00,0.00,0.00,0.10,0.00,0.00,-12.26,0.00,0.00,-2623.91,0.00,-0.00,-0.00,0.00,0.00,-0.00
18175.00,0.00,0.00,0.12,0.00,0.00,3.82,0.00,0.00,3217.56,0.00,-0.00,-0.00,0.00,0.00,-0.00
18184.00,0.00,0.00,0.12,0.00,0.00,0.13,0.00,0.00,-410.18,0.00,-0.00,-0.00,0.00,-0.00,0.00
18192.00,0.00,0.00,0.11,0.00,0.00,-0.71,0.00,0.00,-105.08,0.00,-0.00,-0.00,0.00,-0.00,-0.00
18197.00,0.00,0.00,0.16,0.00,0.00,9.70,0.00,0.00,2081.14,0.00,-0.00,-0.00,0.00,0.00,-0.00
18204.00,0.00,0.00,0.10,0.00,0.00,-9.58,0.00,0.00,-2753.75,0.00,-0.00,-0.00,0.00,0.01,0.00
18213.00,0.00,0.00,0.09,0.00,0.00,-0.42,0.00,0.00,1017.79,0.00,-0.00,-0.00,0.00,0.00,-0.00
18218.00,0.00,0.00,0.17,0.00,0.00,15.34,0.00,0.00,3151.35,0.00,-0.00,-0.00,0.00,0.00,-0.00
18230.00,0.00,0.00,0.09,0.00,0.00,-6.99,0.00,0.00,-1860.55,0.00,-0.00,-0.00,-0.00,-0.00,0.00
18237.00,0.00,0.00,0.11,0.00,0.00,3.92,0.00,0.00,1558.93,0.00,-0.00,-0.00,-0.00,-0.00,0.00
18244.00,0.00,0.00,0.16,0.00,0.00,6.32,0.00,0.00,342.51,0.00,-0.00,-0.00,0.00,-0.00,0.00
18262.00,0.00,0.00,0.17,0.00,0.00,0.77,0.00,0.00,-308.10,0.00,-0.00,-0.00,0.00,0.00,-0.00
18267.00,0.00,0.00,0.07,0.00,0.00,-20.87,0.00,0.00,-4329.59,0.00,-0.00,-0.00,-0.00,0.00,-0.00
18274.00,0.00,0.00,0.12,0.00,0.00,7.15,0.00,0.00,4003.22,0.00,-0.00,-0.00,-0.00,0.00,0.00
18283.00,0.00,0.00,0.09,0.00,0.00,-2.85,0.00,0.00,-1111.03,0.00,-0.00,-0.00,0.00,0.00,-0.00
18289.00,0.00,0.00,0.09,0.00,0.00,-0.57,0.00,0.00,379.79,0.00,-0.00,-0.00,0.00,-0.00,-0.00
18295.00,0.00,0.00,0.15,0.00,0.00,10.64,0.00,0.00,1868.19,0.00,-0.00,-0.00,0.00,-0.00,-0.00
18303.00,0.00,0.00,0.14,0.00,0.00,-1.59,0.00,0.00,-1528.82,0.00,-0.00,-0.00,-0.00,-0.00,-0.00
18316.00,0.00,0.00,0.12,0.00,0.00,-1.38,0.00,0.00,16.38,0.00,-0.00,-0.00,-0.00,0.00,0.00
18324.00,0.00,0.00,0.06,0.00,0.00,-7.35,0.00,0.00,-746.17,0.00,-0.00,-0.00,-0.00,0.00,0.00
18333.00,0.00,0.00,0.16,0.00,0.00,11.19,0.00,0.00,2060.00,0.00,-0.00,-0.00,0.00,0.00,0.00
18340.00,0.00,0.00,0.15,0.00,0.00,-1.29,0.00,0.00,-1782.48,0.00,-0.00,-0.00,0.00,0.00,0.00
18345.00,0.00,0.00,0.09,0.00,0.00,-13.67,0.00,0.00,-2476.57,0.00,-0.00,-0.00,0.00,0.00,0.00
18363.00,0.00,0.00,0.12,0.00,0.00,1.76,0.00,0.00,857.30,0.00,-0.00,-0.00,-0.00,0.00,-0.00
18369.00,0.00,0.00,0.10,0.00,0.00,-2.73,0.00,0.00,-748.59,0.00,-0.00,-0.00,0.00,0.00,-0.00
18375.00,0.00,0.00,0.11,0.00,0.00,1.76,0.00,0.00,747.67,0.00,-0.00,-0.00,0.00,0.00,0.00
18384.00,0.00,0.00,0.13,0.00,0.00,1.68,0.00,0.00,-8.79,0.00,-0.00,-0.00,0.00,0.00,0.00
18392.00,0.00,0.00,0.10,0.00,0.00,-3.81,0.00,0.00,-686.04,0.00,-0.00,-0.00,0.00,0.00,0.00
18402.00,0.00,0.00,0.10,0.00,0.00,0.29,0.00,0.00,409.56,0.00,-0.00,-0.00,0.00,0.00,0.00
18409.00,0.00,0.00,0.04,0.00,0.00,-8.61,0.00,0.00,-1271.04,0.00,-0.00,-0.00,0.00,0.00,0.00
18415.00,0.00,0.00,0.13,0.00,0.00,15.87,0.00,0.00,4080.95,0.00,-0.00,-0.00,0.00,0.00,0.00
18421.00,0.00,0.00,0.05,0.00,0.00,-13.43,0.00,0.00,-4884.40,0.00,-0.00,-0.00,-0.00,-0.00,0.00
18426.00,0.00,0.00,0.12,0.00,0.00,14.20,0.00,0.00,5526.96,0.00,-0.00,-0.00,-0.00,-0.00,0.00
18434.00,0.00,0.00,0.07,0.00,0.00,-6.56,0.00,0.00,-2594.83,0.00,-0.00,-0.00,-0.00,0.00,0.00
18443.00,0.00,0.00,0.12,0.00,0.00,5.30,0.00,0.00,1317.66,0.00,-0.00,-0.00,-0.00,-0.00,0.00
18459.00,0.00,0.00,0.15,0.00,0.00,2.17,0.00,0.00,-196.01,0.00,-0.00,-0.00,-0.00,0.00,0.00
18466.00,0.00,0.00,0.10,0.00,0.00,-8.40,0.00,0.00,-1509.67,0.00,-0.00,-0.00,-0.00,0.00,0.00
18471.00,0.00,0.00,0.11,0.00,0.00,2.02,0.00,0.00,2083.81,0.00,-0.00,-0.00,-0.00,0.00,-0.00
18482.00,0.00,0.00,0.13,0.00,0.00,1.94,0.00,0.00,-6.84,0.00,-0.00,-0.00,-0.00,-0.00,-0.00
18488.00,0.00,0.00,0.05,0.00,0.00,-13.02,0.00,0.00,-2493.63,0.00,-0.00,-0.00,0.00,0.00,-0.00
18495.00,0.00,0.00,0.07,0.00,0.00,3.28,0.00,0.00,2328.58,0.00,-0.00,-0.00,0.00,0.00,0.00
18504.00,0.00,0.00,0.02,0.00,0.00,-5.97,0.00,0.00,-1027.84,0.00,-0.00,-0.00,-0.00,0.00,0.00
18511.00,0.00,0.00,0.10,0.00,0.00,12.25,0.00,0.00,2602.46,0.00,-0.00,-0.00,-0.00,-0.00,0.00
18517.00,0.00,0.00,-0.02,0.00,0.00,-20.88,0.00,0.00,-5521.45,0.00,-0.00,-0.00,-0.00,-0.00,0.00
18524.00,0.00,0.00,0.11,0.00,0.00,19.43,0.00,0.00,5758.23,0.00,-0.00,-0.00,-0.00,-0.00,0.00
18532.00,0.00,0.00,0.12,0.00,0.00,0.30,0.00,0.00,-2391.29,0.00,-0.00,-0.00,0.00,0.00,0.00
18538.00,0.00,0.00,0.05,0.00,0.00,-11.07,0.00,0.00,-1894.20,0.00,-0.00,-0.00,0.00,0.00,0.00
18545.00,0.00,0.00,0.12,0.00,0.00,10.35,0.00,0.00,3059.76,0.00,-0.00,-0.00,-0.00,0.00,0.00
18559.00,0.00,0.00,0.12,0.00,0.00,-0.06,0.00,0.00,-743.25,0.00,-0.00,-0.00,-0.00,0.00,0.00
18576.00,0.00,0.00,0.07,0.00,0.00,-3.11,0.00,0.00,-179.72,0.00,-0.00,-0.00,0.00,0.00,-0.00
18584.00,0.00,0.00,0.12,0.00,0.00,5.83,0.00,0.00,1117.57,0.00,-0.00,-0.00,-0.00,0.00,0.00
18592.00,0.00,0.00,0.22,0.00,0.00,13.30,0.00,0.00,934.00,0.00,-0.00,-0.00,-0.00,0.00,0.00
18598.00,0.00,0.00,0.08,0.00,0.00,-22.84,0.00,0.00,-6023.62,0.00,-0.00,-0.00,-0.00,0.00,0.00
18605.00,0.00,0.00,0.15,0.00,0.00,9.90,0.00,0.00,4677.48,0.00,-0.00,-0.00,0.00,0.00,0.00
18614.00,0.00,0.00,0.09,0.00,0.00,-7.13,0.00,0.00,-1892.24,0.00,-0.00,-0.00,0.00,0.00,0.00
18619.00,0.00,0.00,0.07,0.00,0.00,-3.26,0.00,0.00,774.17,0.00,-0.00,-0.00,-0.00,0.00,-0.00
18626.00,0.00,0.00,0.11,0.00,0.00,5.02,0.00,0.00,1182.71,0.00,-0.00,-0.00,-0.00,0.00,-0.00
18634.00,0.00,0.00,-0.02,0.00,0.00,-15.65,0.00,0.00,-2583.38,0.00,-0.00,-0.00,-0.00,-0.00,0.00
18646.00,0.00,0.00,0.11,0.00,0.00,10.61,0.00,0.00,2188.01,0.00,-0.00,-0.00,0.00,0.00,-0.00
18663.00,0.00,0.00,0.07,0.00,0.00,-2.67,0.00,0.00,-781.09,0.00,-0.00,-0.00,-0.00,0.00,0.00
18669.00,0.00,0.00,0.12,0.00,0.00,8.51,0.00,0.00,1863.31,0.00,-0.00,-0.00,-0.00,0.00,0.00
18675.00,0.00,0.00,0.17,0.00,0.00,8.14,0.00,0.00,-62.06,-0.00,-0.00,-0.00,-0.00,0.00,0.00
18684.00,0.00,0.00,0.17,0.00,0.00,-0.04,0.00,0.00,-908.74,-0.00,-0.00,-0.00,-0.00,0.00,0.00
18692.00,0.00,0.00,0.17,0.00,0.00,0.14,0.00,0.00,22.76,-0.00,-0.00,-0.00,0.00,-0.00,0.00
18697.00,0.00,0.00,0.08,0.00,0.00,-17.65,0.00,0.00,-3559.21,-0.00,-0.00,-0.00,0.00,-0.00,0.00
18705.00,0.00,0.00,0.12,0.00,0.00,5.73,0.00,0.00,2922.61,-0.00,-0.00,-0.00,0.00,0.00,0.00
18713.00,0.00,0.00,-0.01,0.00,0.00,-17.00,0.00,0.00,-2841.36,-0.00,-0.00,-0.00,0.00,-0.00,0.00
18718.00,0.00,0.00,0.20,0.00,0.00,41.85,0.00,0.00,11769.76,0.00,-0.00,-0.00,0.00,-0.00,0.00
18735.00,0.00,0.00,0.15,0.00,0.00,-2.80,0.00,0.00,-2626.02,-0.00,-0.00,-0.00,-0.00,0.00,-0.00
18745.00,0.00,0.00,0.17,0.00,0.00,2.18,0.00,0.00,497.73,-0.00,-0.00,-0.00,-0.00,0.00,0.00
18753.00,0.00,0.00,0.05,0.00,0.00,-15.74,0.00,0.00,-2239.52,-0.00,-0.00,-0.00,-0.00,-0.00,-0.00
18769.00,0.00,0.00,0.24,0.00,0.00,11.87,0.00,0.00,1725.28,-0.00,-0.00,-0.00,0.00,-0.00,0.00
18776.00,0.00,0.00,0.08,0.00,0.00,-21.49,0.00,0.00,-4766.04,-0.00,-0.00,-0.00,0.00,0.00,-0.00
18782.00,0.00,0.00,0.12,0.00,0.00,5.77,0.00,0.00,4544.27,-0.00,-0.00,-0.00,0.00,0.00,-0.00
18788.00,0.00,0.00,0.07,0.00,0.00,-8.12,0.00,0.00,-2315.33,-0.00,-0.00,-0.00,0.00,0.00,-0.00
18795.00,0.00,0.00,0.02,0.00,0.00,-6.83,0.00,0.00,184.13,-0.00,-0.00,-0.00,0.00,0.01,-0.00
18804.00,0.00,0.00,0.15,0.00,0.00,14.66,0.00,0.00,2388.42,-0.00,-0.00,-0.00,0.00,0.00,-0.00
18809.00,0.00,0.00,0.04,0.00,0.00,-22.19,0.00,0.00,-7371.68,-0.00,-0.00,-0.00,0.00,0.00,-0.00
18821.00,0.00,0.00,0.08,0.00,0.00,3.01,0.00,0.00,2100.40,0.00,-0.00,-0.00,0.00,0.00,-0.00
18828.00,0.00,0.00,0.09,0.00,0.00,0.76,0.00,0.00,-322.10,0.00,-0.00,-0.00,0.00,-0.00,-0.00
18835.00,0.00,0.00,0.15,0.00,0.00,8.62,0.00,0.00,1123.27,0.00,-0.00,-0.00,0.00,-0.00,0.00
18844.00,0.00,0.00,0.13,0.00,0.00,-1.64,0.00,0.00,-1140.06,0.00,-0.00,-0.00,-0.00,0.00,0.00
18849.00,0.00,0.00,0.15,0.00,0.00,3.16,0.00,0.00,960.12,0.00,-0.00,-0.00,-0.00,0.00,-0.00
18866.00,0.00,0.00,0.21,0.00,0.00,3.59,0.00,0.00,25.31,0.00,-0.00,-0.00,0.00,0.00,0.00
18871.00,0.00,0.00,0.05,0.00,0.00,-32.35,0.00,0.00,-7186.89,0.00,-0.00,-0.00,0.00,0.00,-0.00
18877.00,0.00,0.00,0.17,0.00,0.00,20.71,0.00,0.00,8843.10,0.00,-0.00,-0.00,0.00,0.00,-0.00
18885.00,0.00,0.00,0.10,0.00,0.00,-9.20,0.00,0.00,-3739.36,0.00,-0.00,-0.00,0.00,0.00,0.00
18893.00,0.00,0.00,0.12,0.00,0.00,2.95,0.00,0.00,1518.56,0.00,-0.00,-0.00,0.00,0.00,-0.00
18904.00,0.00,0.00,0.15,0.00,0.00,3.11,0.00,0.00,14.98,0.00,-0.00,-0.00,0.00,0.00,-0.00
18911.00,0.00,0.00,0.14,0.00,0.00,-2.17,0.00,0.00,-754.14,0.00,-0.00,-0.00,0.00,0.00,-0.00
18917.00,0.00,0.00,0.08,0.00,0.00,-9.50,0.00,0.00,-1222.05,0.00,-0.00,-0.00,0.00,0.00,-0.00
18923.00,0.00,0.00,0.07,0.00,0.00,-1.22,0.00,0.00,1380.52,0.00,-0.00,-0.00,0.00,-0.00,0.00
18929.00,0.00,0.00,0.13,0.00,0.00,8.96,0.00,0.00,1695.71,0.00,-0.00,-0.00,-0.00,-0.00,0.00
18936.00,0.00,0.00,0.12,0.00,0.00,-1.61,0.00,0.00,-1509.86,0.00,-0.00,-0.00,-0.00,-0.00,0.00
18945.00,0.00,0.00,0.20,0.00,0.00,9.32,0.00,0.00,1214.12,0.00,-0.00,-0.00,0.00,0.00,0.00
18961.00,0.00,0.00,0.23,0.00,0.00,1.75,0.00,0.00,-472.76,0.00,-0.00,-0.00,-0.00,-0.00,-0.00
18968.00,0.00,0.00,0.09,0.00,0.00,-19.46,0.00,0.00,-3030.44,0.00,-0.00,-0.00,-0.00,-0.00,-0.00
18974.00,0.00,0.00,0.08,0.00,0.00,-1.92,0.00,0.00,2922.77,0.00,-0.00,-0.00,-0.00,0.00,0.00
18984.00,0.00,0.00,0.06,0.00,0.00,-2.02,0.00,0.00,-9.17,0.00,-0.00,-0.00,-0.00,0.00,0.00
18992.00,0.00,0.00,0.03,0.00,0.00,-4.29,0.00,0.00,-284.28,0.00,-0.00,-0.00,0.00,0.00,0.00
18997.00,0.00,0.00,0.00,0.00,0.00,-5.12,0.00,0.00,-166.64,0.00,-0.00,-0.00,0.00,0.00,0.00
19006.00,0.00,0.00,0.13,0.00,0.00,14.42,0.00,0.00,2171.90,0.00,-0.00,-0.00,-0.00,0.00,0.00
19014.00,0.00,0.00,0.12,0.00,0.00,-0.89,0.00,0.00,-1914.64,-0.00,-0.00,-0.00,-0.00,-0.00,0.00
19019.00,0.00,0.00,0.13,0.00,0.00,0.98,0.00,0.00,374.27,-0.00,-0.00,-0.00,-0.00,0.00,0.00
19026.00,0.00,0.00,0.10,0.00,0.00,-4.35,0.00,0.00,-761.67,-0.00,-0.00,-0.00,0.00,0.01,0.00
19035.00,0.00,0.00,0.21,0.00,0.00,12.20,0.00,0.00,1839.89,-0.00,-0.00,-0.00,0.00,0.00,-0.00
19042.00,0.00,0.00,0.08,0.00,0.00,-18.87,0.00,0.00,-4438.70,-0.00,-0.00,-0.00,0.00,0.00,-0.00
19048.00,0.00,0.00,0.12,0.00,0.00,6.78,0.00,0.00,4274.55,-0.00,-0.00,-0.00,0.00,0.00,-0.00
19060.00,0.00,0.00,0.07,0.00,0.00,-3.84,0.00,0.00,-884.82,-0.00,-0.00,-0.00,-0.00,-0.00,0.00
19077.00,0.00,0.00,0.07,0.00,0.00,-0.08,0.00,0.00,220.73,-0.00,-0.00,-0.00,-0.00,-0.00,0.00
19086.00,0.00,0.00,0.09,0.00,0.00,2.65,0.00,0.00,303.55,-0.00,-0.00,-0.00,0.00,-0.00,0.00
19094.00,0.00,0.00,0.17,0.00,0.00,10.08,0.00,0.00,928.88,-0.00,-0.00,-0.00,0.00,-0.00,0.00
19100.00,0.00,0.00,0.19,0.00,0.00,2.10,0.00,0.00,-1328.99,-0.00,-0.00,-0.00,0.00,-0.00,0.00
19106.00,0.00,0.00,0.16,0.00,0.00,-4.85,0.00,0.00,-1158.46,-0.00,-0.00,-0.00,0.00,-0.00,-0.00
19115.00,0.00,0.00,0.18,0.00,0.00,2.61,0.00,0.00,828.68,-0.00,-0.00,-0.00,-0.00,0.00,-0.00
19121.00,0.00,0.00,0.04,0.00,0.00,-22.99,0.00,0.00,-4267.32,-0.00,-0.00,-0.00,-0.00,-0.00,-0.00
19127.00,0.00,0.00,0.06,0.00,0.00,2.55,0.00,0.00,4256.34,-0.00,-0.00,-0.00,0.00,-0.00,0.00
19135.00,0.00,0.00,0.06,0.00,0.00,0.00,0.00,0.00,-318.30,-0.00,-0.00,-0.00,-0.00,0.00,0.00
19142.00,0.00,0.00,0.15,0.00,0.00,12.72,0.00,0.00,1816.61,-0.00,-0.00,-0.00,-0.00,0.00,0.00
19149.00,0.00,0.00,0.14,0.00,0.00,-1.36,0.00,0.00,-2010.95,-0.00,-0.00,-0.00,-0.00,0.00,0.00
19156.00,0.00,0.00,0.10,0.00,0.00,-6.01,0.00,0.00,-664.06,-0.00,-0.00,-0.00,0.00,0.00,0.00
19174.00,0.00,0.00,0.08,0.00,0.00,-0.77,0.00,0.00,290.79,-0.00,-0.00,-0.00,0.00,0.00,0.00
19180.00,0.00,0.00,0.13,0.00,0.00,7.86,0.00,0.00,1439.57,-0.00,-0.00,-0.00,0.00,0.00,0.00
19186.00,0.00,0.00,0.25,0.00,0.00,20.07,0.00,0.00,2035.30,-0.00,-0.00,-0.00,0.00,0.00,0.00
19195.00,0.00,0.00,0.14,0.00,0.00,-12.15,0.00,0.00,-3581.05,-0.00,-0.00,-0.00,0.00,-0.00,0.00
19203.00,0.00,0.00,0.23,0.00,0.00,11.26,0.00,0.00,2926.73,-0.00,-0.00,-0.00,0.00,0.00,0.00
19208.00,0.00,0.00,0.14,0.00,0.00,-17.49,0.00,0.00,-5750.43,-0.00,-0.00,-0.00,-0.00,0.00,-0.00
19216.00,0.00,0.00,0.12,0.00,0.00,-2.51,0.00,0.00,1872.62,-0.00,-0.00,-0.00,-0.00,0.01,-0.00
19227.00,0.00,0.00,0.24,0.00,0.00,11.00,0.00,0.00,1228.23,-0.00,-0.00,-0.00,-0.00,-0.00,0.00
19236.00,0.00,0.00,0.09,0.00,0.00,-17.19,0.00,0.00,-3131.64,-0.00,-0.00,-0.00,-0.00,-0.00,0.00
19245.00,0.00,0.00,0.14,0.00,0.00,5.34,0.00,0.00,2502.48,-0.00,-0.00,-0.00,-0.00,-0.00,0.00
19261.00,0.00,0.00,0.19,0.00,0.00,3.04,0.00,0.00,-143.40,-0.00,-0.00,-0.00,-0.00,0.00,-0.00
19268.00,0.00,0.00,0.12,0.00,0.00,-9.59,0.00,0.00,-1805.04,-0.00,-0.00,-0.00,0.00,0.01,-0.00
19273.00,0.00,0.00,0.05,0.00,0.00,-13.23,0.00,0.00,-726.71,-0.00,-0.00,-0.00,0.00,-0.00,0.00
19279.00,0.00,0.00,0.11,0.00,0.00,10.46,0.00,0.00,3948.51,-0.00,-0.00,-0.00,-0.00,0.00,0.00
19286.00,0.00,0.00,0.13,0.00,0.00,1.97,0.00,0.00,-1213.03,-0.00,-0.00,-0.00,-0.00,0.00,0.00
19294.00,0.00,0.00,0.16,0.00,0.00,3.42,0.00,0.00,180.71,-0.00,-0.00,-0.00,-0.00,0.00,0.00
19300.00,0.00,0.00,0.13,0.00,0.00,-3.85,0.00,0.00,-1211.91,-0.00,-0.00,-0.00,-0.00,0.00,0.00
19312.00,0.00,0.00,0.11,0.00,0.00,-2.08,0.00,0.00,147.44,-0.00,-0.00,-0.00,-0.00,-0.00,0.00
19319.00,0.00,0.00,0.01,0.00,0.00,-14.20,0.00,0.00,-1731.34,-0.00,-0.00,-0.00,0.00,0.00,0.00
19326.00,0.00,0.00,0.08,0.00,0.00,9.59,0.00,0.00,3399.73,-0.00,-0.00,-0.00,0.00,0.00,0.00
19334.00,0.00,0.00,0.15,0.00,0.00,9.27,0.00,0.00,-40.15,-0.00,-0.00,-0.00,0.00,-0.00,0.00
19339.00,0.00,0.00,0.11,0.00,0.00,-7.02,0.00,0.00,-3258.77,-0.00,-0.00,-0.00,0.00,-0.00,0.00
19345.00,0.00,0.00,0.13,0.00,0.00,1.92,0.00,0.00,1490.55,-0.00,-0.00,-0.00,0.00,-0.00,-0.00
19349.00,0.00,0.00,0.16,0.00,0.00,9.33,0.00,0.00,1852.02,-0.00,-0.00,-0.00,0.00,-0.00,-0.00
19366.00,0.00,0.00,0.16,0.00,0.00,0.03,0.00,0.00,-547.00,-0.00,-0.00,-0.00,0.00,-0.00,0.00
19372.00,0.00,0.00,0.21,0.00,0.00,8.08,0.00,0.00,1340.74,-0.00,-0.00,-0.00,0.00,0.00,-0.00
19378.00,0.00,0.00,0.11,0.00,0.00,-17.41,0.00,0.00,-4247.69,-0.00,-0.00,-0.00,0.00,0.00,-0.00
19391.00,0.00,0.00,0.15,0.00,0.00,2.83,0.00,0.00,1557.05,-0.00,-0.00,-0.00,-0.00,0.00,-0.00
19398.00,0.00,0.00,0.10,0.00,0.00,-6.85,0.00,0.00,-1382.82,-0.00,-0.00,-0.00,-0.00,0.00,-0.00
19406.00,0.00,0.00,0.12,0.00,0.00,3.34,0.00,0.00,1272.89,-0.00,-0.00,-0.00,0.00,0.00,-0.00
19414.00,0.00,0.00,0.16,0.00,0.00,3.92,0.00,0.00,73.44,-0.00,-0.00,-0.00,0.00,0.00,0.00
19419.00,0.00,0.00,0.08,0.00,0.00,-14.35,0.00,0.00,-3655.39,-0.00,-0.00,-0.00,0.00,0.00,0.00
19427.00,0.00,0.00,0.12,0.00,0.00,4.83,0.00,0.00,2398.50,-0.00,-0.00,-0.00,0.00,0.00,0.00
19435.00,0.00,0.00,0.07,0.00,0.00,-6.95,0.00,0.00,-1473.10,-0.00,-0.00,-0.00,-0.00,0.00,-0.00
19441.00,0.00,0.00,0.07,0.00,0.00,-0.23,0.00,0.00,1119.39,-0.00,-0.00,-0.00,-0.00,0.00,-0.00
19447.00,0.00,0.00,0.11,0.00,0.00,7.49,0.00,0.00,1286.94,-0.00,-0.00,-0.00,-0.00,0.00,-0.00
19466.00,0.00,0.00,0.17,0.00,0.00,3.03,0.00,0.00,-234.71,-0.00,0.00,-0.00,-0.00,0.00,0.00
19482.00,0.00,0.00,0.17,0.00,0.00,0.19,0.00,0.00,-177.42,-0.00,-0.00,-0.00,-0.00,-0.00,0.00
19489.00,0.00,0.00,0.16,0.00,0.00,-1.96,0.00,0.00,-307.02,-0.00,-0.00,-0.00,-0.00,-0.00,-0.00
19496.00,0.00,0.00,0.04,0.00,0.00,-16.05,0.00,0.00,-2012.13,-0.00,-0.00,-0.00,-0.00,-0.00,-0.00
19504.00,0.00,0.00,0.14,0.00,0.00,11.40,0.00,0.00,3431.19,-0.00,-0.00,-0.00,0.00,0.00,-0.00
19510.00,0.00,0.00,0.07,0.00,0.00,-10.78,0.00,0.00,-3697.26,-0.00,0.00,-0.00,0.00,0.00,-0.00
19517.00,0.00,0.00,0.16,0.00,0.00,12.69,0.00,0.00,3352.09,-0.00,0.00,-0.00,0.00,0.00,0.00
19523.00,0.00,0.00,0.10,0.00,0.00,-9.52,0.00,0.00,-3700.65,-0.00,0.00,-0.00,0.00,0.00,-0.00
19529.00,0.00,0.00,0.17,0.00,0.00,11.95,0.00,0.00,3578.17,-0.00,0.00,-0.00,0.00,0.00,-0.00
19536.00,0.00,0.00,0.03,0.00,0.00,-20.43,0.00,0.00,-4625.38,-0.00,0.00,-0.00,-0.00,0.00,-0.00
19544.00,0.00,0.00,0.09,0.00,0.00,6.96,0.00,0.00,3423.65,-0.00,0.00,-0.00,-0.00,0.00,-0.00
19555.00,0.00,0.00,0.20,0.00,0.00,9.94,0.00,0.00,270.39,-0.00,0.00,-0.00,0.00,0.00,0.00
19571.00,0.00,0.00,0.07,0.00,0.00,-8.17,0.00,0.00,-1131.54,-0.00,0.00,-0.00,-0.00,0.00,-0.00
19578.00,0.00,0.00,0.12,0.00,0.00,8.22,0.00,0.00,2341.66,-0.00,0.00,-0.00,0.00,0.00,-0.00
19586.00,0.00,0.00,0.12,0.00,0.00,-0.20,0.00,0.00,-1052.39,-0.00,0.00,-0.00,0.00,0.00,-0.00
19594.00,0.00,0.00,0.06,0.00,0.00,-7.68,0.00,0.00,-935.22,-0.00,0.00,-0.00,0.00,0.00,0.00
19599.00,0.00,0.00,0.15,0.00,0.00,17.29,0.00,0.00,4992.76,-0.00,0.00,-0.00,0.00,0.00,0.00
19607.00,0.00,0.00,0.15,0.00,0.00,0.94,0.00,0.00,-2043.39,-0.00,0.00,-0.00,-0.00,-0.00,-0.00
19616.00,0.00,0.00,0.13,0.00,0.00,-2.58,0.00,0.00,-391.25,-0.00,0.00,-0.00,-0.00,-0.00,0.00
19622.00,0.00,0.00,0.11,0.00,0.00,-2.76,0.00,0.00,-30.06,-0.00,0.00,-0.00,-0.00,-0.00,-0.00
19628.00,0.00,0.00,0.11,0.00,0.00,-1.14,0.00,0.00,270.05,-0.00,0.00,-0.00,-0.00,-0.00,-0.00
19641.00,0.00,0.00,0.18,0.00,0.00,5.55,0.00,0.00,514.89,-0.00,0.00,-0.00,0.00,-0.00,0.00
19649.00,0.00,0.00,0.11,0.00,0.00,-8.26,0.00,0.00,-1726.05,-0.00,0.00,-0.00,0.00,-0.00,0.00
19657.00,0.00,0.00,0.17,0.00,0.00,7.10,0.00,0.00,1920.07,-0.00,0.00,-0.00,0.00,-0.00,0.00
19674.00,0.00,0.00,0.13,0.00,0.00,-2.66,0.00,0.00,-574.63,-0.00,0.00,-0.00,-0.00,0.00,-0.00
19680.00,0.00,0.00,0.12,0.00,0.00,-0.64,0.00,0.00,337.10,-0.00,0.00,-0.00,-0.00,0.00,-0.00
19687.00,0.00,0.00,0.13,0.00,0.00,1.32,0.00,0.00,280.14,-0.00,0.00,-0.00,0.00,0.00,-0.00
19691.00,0.00,0.00,0.12,0.00,0.00,-3.52,0.00,0.00,-1209.19,-0.00,0.00,-0.00,-0.00,0.00,-0.00
19698.00,0.00,0.00,0.06,0.00,0.00,-8.09,0.00,0.00,-652.55,-0.00,0.00,-0.00,-0.00,0.00,-0.00
19707.00,0.00,0.00,0.05,0.00,0.00,-1.00,0.00,0.00,787.41,-0.00,0.00,-0.00,0.00,0.00,-0.00
19714.00,0.00,0.00,0.09,0.00,0.00,5.14,0.00,0.00,877.19,-0.00,0.00,-0.00,0.00,0.00,-0.00
19725.00,0.00,0.00,0.17,0.00,0.00,7.46,0.00,0.00,210.37,-0.00,0.00,-0.00,0.00,0.00,-0.00
19731.00,0.00,0.00,0.11,0.00,0.00,-9.19,0.00,0.00,-2774.87,-0.00,0.00,-0.00,0.00,0.00,-0.00
19738.00,0.00,0.00,0.20,0.00,0.00,11.70,0.00,0.00,2984.22,-0.00,0.00,-0.00,0.00,-0.00,-0.00
19746.00,0.00,0.00,0.12,0.00,0.00,-9.53,0.00,0.00,-2652.68,-0.00,0.00,-0.00,0.00,0.00,-0.00
19753.00,0.00,0.00,0.14,0.00,0.00,2.31,0.00,0.00,1690.50,-0.00,0.00,-0.00,0.00,0.00,-0.00
19768.00,0.00,0.00,0.13,0.00,0.00,-0.19,0.00,0.00,-166.26,-0.00,0.00,-0.00,-0.00,-0.00,-0.00
19774.00,0.00,0.00,0.13,0.00,0.00,-0.77,0.00,0.00,-96.63,-0.00,0.00,-0.00,-0.00,0.00,-0.00
19779.00,0.00,0.00,0.11,0.00,0.00,-3.38,0.00,0.00,-523.72,-0.00,0.00,-0.00,-0.00,0.00,-0.00
19787.00,0.00,0.00,0.14,0.00,0.00,4.04,0.00,0.00,927.58,-0.00,0.00,-0.00,-0.00,0.00,-0.00
19795.00,0.00,0.00,0.16,0.00,0.00,2.54,0.00,0.00,-187.19,-0.00,0.00,-0.00,-0.00,-0.01,-0.00
19805.00,0.00,0.00,0.18,0.00,0.00,1.14,0.00,0.00,-139.36,-0.00,0.00,-0.00,0.00,0.00,-0.00
19811.00,0.00,0.00,0.08,0.00,0.00,-15.51,0.00,0.00,-2775.14,-0.00,0.00,-0.00,0.00,0.00,-0.00
19818.00,0.00,0.00,0.15,0.00,0.00,9.06,0.00,0.00,3509.51,-0.00,0.00,-0.00,0.00,0.00,-0.00
19824.00,0.00,0.00,0.13,0.00,0.00,-1.93,0.00,0.00,-1831.89,-0.00,0.00,-0.00,-0.00,0.00,-0.00
19829.00,0.00,0.00,0.10,0.00,0.00,-7.29,0.00,0.00,-1071.83,-0.00,0.00,-0.00,-0.00,0.00,-0.00
19837.00,0.00,0.00,0.10,0.00,0.00,0.36,0.00,0.00,956.26,-0.00,0.00,-0.00,-0.00,0.00,0.00
19845.00,0.00,0.00,0.16,0.00,0.00,7.59,0.00,0.00,903.51,-0.00,0.00,-0.00,0.00,0.00,-0.00
19851.00,0.00,0.00,0.17,0.00,0.00,1.84,0.00,0.00,-957.74,-0.00,0.00,-0.00,-0.00,0.00,-0.00
19858.00,0.00,0.00,0.18,0.00,0.00,0.97,0.00,0.00,-124.06,-0.00,0.00,-0.00,-0.00,0.00,0.00
19876.00,0.00,0.00,0.16,0.00,0.00,-1.21,0.00,0.00,-121.36,-0.00,0.00,-0.00,0.00,-0.00,-0.00
19888.00,0.00,0.00,0.15,0.00,0.00,-0.61,0.00,0.00,50.33,-0.00,0.00,-0.00,0.00,-0.00,0.00
19898.00,0.00,0.00,0.10,0.00,0.00,-4.70,0.00,0.00,-409.49,-0.00,0.00,-0.00,-0.00,-0.00,-0.00
19906.00,0.00,0.00,0.10,0.00,0.00,0.14,0.00,0.00,605.72,-0.00,0.00,-0.00,0.00,0.00,-0.00
19912.00,0.00,0.00,0.18,0.00,0.00,12.56,0.00,0.00,2070.20,-0.00,0.00,-0.00,0.00,-0.00,-0.00
19919.00,0.00,0.00,0.18,0.00,0.00,-0.42,0.00,0.00,-1854.67,-0.00,0.00,-0.00,-0.00,-0.00,-0.00
19925.00,0.00,0.00,0.27,0.00,0.00,15.75,0.00,0.00,2694.14,-0.00,0.00,-0.00,-0.00,0.00,0.00
19930.00,0.00,0.00,0.06,0.00,0.00,-41.35,0.00,0.00,-11419.85,-0.00,0.00,-0.00,-0.00,-0.00,0.00
19938.00,0.00,0.00,0.13,0.00,0.00,8.71,0.00,0.00,6257.21,-0.00,0.00,-0.00,-0.00,-0.00,0.00
19946.00,0.00,0.00,0.19,0.00,0.00,7.29,0.00,0.00,-176.31,-0.00,0.00,-0.00,-0.00,-0.00,0.00
19962.00,0.00,0.00,0.08,0.00,0.00,-7.26,0.00,0.00,-909.98,-0.00,0.00,-0.00,0.00,0.00,-0.00
19974.00,0.00,0.00,0.15,0.00,0.00,6.54,0.00,0.00,1150.67,-0.00,0.00,-0.00,-0.00,-0.00,0.00
19980.00,0.00,0.00,0.18,0.00,0.00,4.92,0.00,0.00,-270.99,-0.00,0.00,-0.00,-0.00,-0.00,0.00
19988.00,0.00,0.00,0.13,0.00,0.00,-6.40,0.00,0.00,-1415.02,-0.00,0.00,-0.00,-0.00,-0.00,0.00
19996.00,0.00,0.00,0.23,0.00,0.00,12.24,0.00,0.00,2330.54,-0.00,0.00,-0.00,-0.00,-0.00,0.00
20002.00,0.00,0.00,0.09,0.00,0.00,-23.59,0.00,0.00,-5971.13,-0.00,0.00,-0.00,0.00,-0.00,0.00
20009.00,0.00,0.00,0.08,0.00,0.00,-1.84,0.00,0.00,3106.82,-0.00,0.00,-0.00,0.00,-0.00,0.00
20017.00,0.00,0.00,0.08,0.00,0.00,-0.04,0.00,0.00,224.27,-0.00,0.00,-0.00,0.00,0.00,0.00
20023.00,0.00,0.00,0.11,0.00,0.00,5.37,0.00,0.00,901.57,-0.00,0.00,-0.00,-0.00,0.00,0.00
20029.00,0.00,0.00,0.24,0.00,0.00,22.58,0.00,0.00,2869.25,-0.00,0.00,-0.00,-0.00,0.00,0.00
20038.00,0.00,0.00,0.14,0.00,0.00,-12.02,0.00,0.00,-3844.56,-0.00,0.00,-0.00,0.00,-0.00,-0.00
20050.00,0.00,0.00,0.14,0.00,0.00,0.76,0.00,0.00,1064.87,-0.00,0.00,-0.00,0.00,0.00,-0.00
20068.00,0.00,0.00,0.14,0.00,0.00,-0.03,0.00,0.00,-43.69,-0.00,0.00,-0.00,0.00,0.00,0.00
20074.00,0.00,0.00,0.23,0.00,0.00,14.49,0.00,0.00,2420.36,-0.00,0.00,-0.00,-0.00,0.00,0.00
20079.00,0.00,0.00,0.17,0.00,0.00,-11.55,0.00,0.00,-5209.16,-0.00,0.00,-0.00,-0.00,0.00,0.00
20088.00,0.00,0.00,0.11,0.00,0.00,-7.52,0.00,0.00,447.99,-0.00,0.00,-0.00,-0.00,0.00,-0.00
20096.00,0.00,0.00,0.15,0.00,0.00,6.14,0.00,0.00,1707.32,-0.00,0.00,-0.00,-0.00,-0.00,-0.00
20101.00,0.00,0.00,0.07,0.00,0.00,-16.11,0.00,0.00,-4450.48,-0.00,0.00,-0.00,-0.00,0.00,-0.00
20108.00,0.00,0.00,0.12,0.00,0.00,6.80,0.00,0.00,3273.36,-0.00,0.00,-0.00,0.00,0.00,0.00
20117.00,0.00,0.00,0.06,0.00,0.00,-6.77,0.00,0.00,-1508.12,-0.00,0.00,-0.00,-0.00,-0.00,0.00
20122.00,0.00,0.00,0.04,0.00,0.00,-3.89,0.00,0.00,576.56,-0.00,0.00,-0.00,-0.00,-0.00,-0.00
20134.00,0.00,0.00,0.10,0.00,0.00,5.17,0.00,0.00,755.26,-0.00,0.00,-0.00,0.00,0.00,-0.00
20141.00,0.00,0.00,0.12,0.00,0.00,2.68,0.00,0.00,-355.83,-0.00,0.00,-0.00,-0.00,0.00,-0.00
20148.00,0.00,0.00,0.14,0.00,0.00,1.91,0.00,0.00,-109.87,-0.00,0.00,-0.00,-0.00,0.00,-0.00
20166.00,0.00,0.00,0.07,0.00,0.00,-3.41,0.00,0.00,-295.49,-0.00,0.00,-0.00,-0.00,0.00,0.00
20171.00,0.00,0.00,0.11,0.00,0.00,6.75,0.00,0.00,2030.59,-0.00,0.00,-0.00,-0.00,0.00,-0.00
20178.00,0.00,0.00,0.14,0.00,0.00,4.86,0.00,0.00,-270.03,-0.00,0.00,-0.00,0.00,0.00,-0.00
20186.00,0.00,0.00,0.09,0.00,0.00,-6.25,0.00,0.00,-1388.05,-0.00,0.00,-0.00,0.00,0.00,-0.00
20192.00,0.00,0.00,0.12,0.00,0.00,5.42,0.00,0.00,1944.25,-0.00,0.00,-0.00,0.00,0.00,-0.00
20199.00,0.00,0.00,0.09,0.00,0.00,-4.63,0.00,0.00,-1435.23,-0.00,0.00,-0.00,0.00,0.00,0.00
20207.00,0.00,0.00,0.15,0.00,0.00,6.75,0.00,0.00,1422.62,-0.00,0.00,-0.00,0.00,0.00,0.00
20225.00,0.00,0.00,0.19,0.00,0.00,2.48,0.00,0.00,-237.42,-0.00,0.00,-0.00,0.00,0.00,0.00
20231.00,0.00,0.00,0.13,0.00,0.00,-9.89,0.00,0.00,-2061.06,-0.00,0.00,-0.00,0.00,-0.00,0.00
20238.00,0.00,0.00,0.11,0.00,0.00,-2.59,0.00,0.00,1042.49,-0.00,0.00,-0.00,-0.00,-0.00,0.00
20247.00,0.00,0.00,0.05,0.00,0.00,-7.40,0.00,0.00,-534.42,-0.00,0.00,-0.00,-0.00,-0.01,-0.00
20252.00,0.00,0.00,0.17,0.00,0.00,23.74,0.00,0.00,6227.24,-0.00,0.00,-0.00,-0.00,-0.01,-0.00
20269.00,0.00,0.00,0.17,0.00,0.00,-0.02,0.00,0.00,-1397.24,-0.00,0.00,-0.00,-0.00,-0.00,0.00
20275.00,0.00,0.00,0.11,0.00,0.00,-9.28,0.00,0.00,-1543.98,-0.00,0.00,-0.00,-0.00,0.00,0.00
20280.00,0.00,0.00,0.09,0.00,0.00,-3.90,0.00,0.00,1076.93,-0.00,0.00,-0.00,-0.00,0.00,0.00
20288.00,0.00,0.00,0.13,0.00,0.00,4.95,0.00,0.00,1105.42,-0.00,0.00,-0.00,0.00,-0.00,0.00
20296.00,0.00,0.00,0.12,0.00,0.00,-0.85,0.00,0.00,-724.56,-0.00,0.00,-0.00,0.00,-0.00,-0.00
20307.00,0.00,0.00,0.25,0.00,0.00,11.81,0.00,0.00,1150.77,-0.00,0.00,-0.00,0.00,0.00,0.00
20314.00,0.00,0.00,0.07,0.00,0.00,-26.11,0.00,0.00,-5416.78,-0.00,0.00,-0.00,-0.00,0.00,0.00
20320.00,0.00,0.00,0.13,0.00,0.00,9.48,0.00,0.00,5930.64,-0.00,0.00,-0.00,-0.00,0.00,0.00
20327.00,0.00,0.00,0.19,0.00,0.00,8.68,0.00,0.00,-113.33,-0.00,0.00,-0.00,-0.00,0.00,-0.00
20332.00,0.00,0.00,0.10,0.00,0.00,-17.04,0.00,0.00,-5145.38,-0.00,0.00,-0.00,-0.00,0.00,-0.00
20339.00,0.00,0.00,0.17,0.00,0.00,9.71,0.00,0.00,3822.25,-0.00,0.00,-0.00,-0.00,0.00,0.00
20348.00,0.00,0.00,0.15,0.00,0.00,-1.95,0.00,0.00,-1295.58,-0.00,0.00,-0.00,0.00,0.00,0.00
20365.00,0.00,0.00,0.08,0.00,0.00,-4.59,0.00,0.00,-155.34,-0.00,0.00,-0.00,0.00,0.00,0.00
20371.00,0.00,0.00,0.15,0.00,0.00,13.22,0.00,0.00,2968.03,-0.00,0.00,-0.00,0.00,0.00,0.00
20376.00,0.00,0.00,0.06,0.00,0.00,-19.80,0.00,0.00,-6603.93,-0.00,0.00,-0.00,0.00,-0.00,0.00
20386.00,0.00,0.00,0.17,0.00,0.00,11.56,0.00,0.00,3135.75,-0.00,0.00,-0.00,-0.00,-0.00,0.00
20393.00,0.00,0.00,0.10,0.00,0.00,-10.29,0.00,0.00,-3120.80,-0.00,0.00,-0.00,-0.00,0.00,0.00
20399.00,0.00,0.00,0.09,0.00,0.00,-0.90,0.00,0.00,1565.43,-0.00,0.00,-0.00,0.00,0.00,0.00
20408.00,0.00,0.00,0.07,0.00,0.00,-2.75,0.00,0.00,-206.27,-0.00,0.00,-0.00,-0.00,0.00,-0.00
20416.00,0.00,0.00,0.16,0.00,0.00,10.92,0.00,0.00,1709.29,-0.00,0.00,-0.00,-0.00,0.01,0.00
20421.00,0.00,0.00,0.25,0.00,0.00,18.32,0.00,0.00,1479.82,-0.00,0.00,-0.00,-0.00,0.01,0.00
20428.00,0.00,0.00,0.12,0.00,0.00,-17.84,0.00,0.00,-5165.15,-0.00,0.00,-0.00,0.00,0.00,0.00
20436.00,0.00,0.00,0.15,0.00,0.00,3.74,0.00,0.00,2696.30,-0.00,0.00,-0.00,0.00,-0.00,0.00
20441.00,0.00,0.00,0.16,0.00,0.00,1.19,0.00,0.00,-509.01,-0.00,0.00,-0.00,0.00,-0.00,0.00
20459.00,0.00,0.00,0.15,0.00,0.00,-0.28,0.00,0.00,-81.75,-0.00,0.00,-0.00,-0.00,0.00,0.00
20472.00,0.00,0.00,0.16,0.00,0.00,0.13,0.00,0.00,31.27,-0.00,0.00,-0.00,0.00,-0.00,0.00
20480.00,0.00,0.00,0.11,0.00,0.00,-5.65,0.00,0.00,-721.68,-0.00,0.00,-0.00,0.00,0.00,-0.00
20488.00,0.00,0.00,0.15,0.00,0.00,4.60,0.00,0.00,1280.64,-0.00,0.00,-0.00,0.00,0.00,0.00
20496.00,0.00,0.00,0.10,0.00,0.00,-6.28,0.00,0.00,-1359.98,-0.00,0.00,-0.00,-0.00,-0.00,0.00
20502.00,0.00,0.00,0.12,0.00,0.00,4.72,0.00,0.00,1833.76,-0.00,0.00,-0.00,0.00,-0.00,0.00
20509.00,0.00,0.00,0.12,0.00,0.00,-0.42,0.00,0.00,-734.50,-0.00,0.00,-0.00,0.00,0.00,-0.00
20518.00,0.00,0.00,0.08,0.00,0.00,-4.86,0.00,0.00,-493.16,-0.00,0.00,-0.00,0.00,0.00,0.00
20523.00,0.00,0.00,0.12,0.00,0.00,8.49,0.00,0.00,2670.35,-0.00,0.00,-0.00,-0.00,0.00,0.00
20530.00,0.00,0.00,0.09,0.00,0.00,-4.75,0.00,0.00,-1891.95,-0.00,0.00,-0.00,-0.00,0.00,0.00
20539.00,0.00,0.00,0.14,0.00,0.00,5.64,0.00,0.00,1154.37,-0.00,0.00,-0.00,-0.00,0.00,-0.00
20551.00,0.00,0.00,0.23,0.00,0.00,7.47,0.00,0.00,152.92,-0.00,0.00,-0.00,-0.00,0.00,0.00
20570.00,0.00,0.00,0.04,0.00,0.00,-9.83,0.00,0.00,-910.56,-0.00,0.00,-0.00,0.00,-0.00,0.00
20575.00,0.00,0.00,0.13,0.00,0.00,17.17,0.00,0.00,5399.89,-0.00,0.00,-0.00,0.00,-0.00,0.00
20581.00,0.00,0.00,0.08,0.00,0.00,-8.35,0.00,0.00,-4254.12,-0.00,0.00,-0.00,0.00,-0.00,0.00
20589.00,0.00,0.00,0.16,0.00,0.00,10.47,0.00,0.00,2352.42,-0.00,0.00,-0.00,-0.00,0.00,0.00
20597.00,0.00,0.00,0.15,0.00,0.00,-0.88,0.00,0.00,-1418.59,-0.00,0.00,-0.00,-0.00,0.00,0.00
20603.00,0.00,0.00,0.14,0.00,0.00,-2.26,0.00,0.00,-228.80,-0.00,0.00,-0.00,-0.00,0.00,0.00
20609.00,0.00,0.00,0.12,0.00,0.00,-2.97,0.00,0.00,-119.25,-0.00,0.00,-0.00,0.00,0.00,0.00
20618.00,0.00,0.00,0.13,0.00,0.00,1.24,0.00,0.00,468.05,-0.00,0.00,-0.00,-0.00,0.00,0.00
20624.00,0.00,0.00,0.10,0.00,0.00,-4.71,0.00,0.00,-992.48,-0.00,0.00,-0.00,-0.00,-0.00,0.00
20635.00,0.00,0.00,0.10,0.00,0.00,-0.77,0.00,0.00,358.94,-0.00,0.00,-0.00,0.00,0.00,-0.00
20642.00,0.00,0.00,0.10,0.00,0.00,0.19,0.00,0.00,136.59,-0.00,0.00,-0.00,-0.00,0.00,-0.00
20649.00,0.00,0.00,0.02,0.00,0.00,-10.49,0.00,0.00,-1526.44,-0.00,0.00,-0.00,-0.00,0.00,-0.00
20667.00,0.00,0.00,0.19,0.00,0.00,9.13,0.00,0.00,1090.14,-0.00,0.00,-0.00,-0.00,-0.00,0.00
20673.00,0.00,0.00,0.15,0.00,0.00,-5.83,0.00,0.00,-2493.51,-0.00,0.00,-0.00,-0.00,-0.00,0.00
20679.00,0.00,0.00,0.15,0.00,0.00,-1.05,0.00,0.00,797.25,-0.00,0.00,-0.00,0.00,0.00,-0.00
20688.00,0.00,0.00,0.16,0.00,0.00,0.97,0.00,0.00,224.14,-0.00,0.00,-0.00,-0.00,0.00,0.00
20693.00,0.00,0.00,0.13,0.00,0.00,-4.37,0.00,0.00,-1067.40,-0.00,0.00,-0.00,-0.00,-0.00,0.00
20700.00,0.00,0.00,0.18,0.00,0.00,7.24,0.00,0.00,1658.69,-0.00,0.00,-0.00,0.00,-0.00,0.00
20708.00,0.00,0.00,0.13,0.00,0.00,-7.29,0.00,0.00,-1815.98,-0.00,0.00,-0.00,-0.00,-0.01,0.00
20721.00,0.00,0.00,0.14,0.00,0.00,1.18,0.00,0.00,651.43,-0.00,0.00,-0.00,-0.00,-0.00,0.00
20728.00,0.00,0.00,0.24,0.00,0.00,14.21,0.00,0.00,1861.37,-0.00,0.00,-0.00,0.00,0.00,0.00
20734.00,0.00,0.00,0.18,0.00,0.00,-10.98,0.00,0.00,-4198.52,-0.00,0.00,-0.00,-0.00,0.00,-0.00
20741.00,0.00,0.00,0.14,0.00,0.00,-4.54,0.00,0.00,919.79,-0.00,0.00,-0.00,-0.00,0.00,-0.00
20749.00,0.00,0.00,0.13,0.00,0.00,-2.26,0.00,0.00,285.41,-0.00,0.00,-0.00,-0.00,0.00,0.00
20766.00,0.00,0.00,0.22,0.00,0.00,5.65,0.00,0.00,465.12,-0.00,0.00,-0.00,0.00,-0.00,0.00
20772.00,0.00,0.00,0.20,0.00,0.00,-3.57,0.00,0.00,-1537.12,-0.00,0.00,-0.00,0.00,-0.00,0.00
20778.00,0.00,0.00,0.14,0.00,0.00,-9.73,0.00,0.00,-1025.81,-0.00,0.00,-0.00,0.00,0.00,0.00
20784.00,0.00,0.00,0.18,0.00,0.00,6.05,0.00,0.00,2630.19,-0.00,0.00,-0.00,0.00,-0.00,-0.00
20790.00,0.00,0.00,0.08,0.00,0.00,-15.75,0.00,0.00,-3634.60,-0.00,0.00,-0.00,0.00,-0.00,-0.00
20804.00,0.00,0.00,0.20,0.00,0.00,8.60,0.00,0.00,1739.59,-0.00,0.00,-0.00,-0.00,0.00,-0.00
20812.00,0.00,0.00,0.08,0.00,0.00,-14.96,0.00,0.00,-2944.58,-0.00,0.00,-0.00,-0.00,0.00,-0.00
20820.00,0.00,0.00,0.17,0.00,0.00,10.59,0.00,0.00,3193.34,-0.00,0.00,-0.00,-0.00,-0.00,0.00
20825.00,0.00,0.00,0.02,0.00,0.00,-29.15,0.00,0.00,-7947.55,-0.00,0.00,-0.00,-0.00,0.00,-0.00
20831.00,0.00,0.00,-0.03,0.00,0.00,-8.35,0.00,0.00,3466.77,-0.00,0.00,-0.00,-0.00,0.00,-0.00
20839.00,0.00,0.00,0.19,0.00,0.00,26.77,0.00,0.00,4389.94,-0.00,0.00,-0.00,-0.00,0.00,-0.00
20847.00,0.00,0.00,0.11,0.00,0.00,-9.35,0.00,0.00,-4515.51,-0.00,0.00,-0.00,-0.00,0.00,-0.00
20862.00,0.00,0.00,0.03,0.00,0.00,-5.26,0.00,0.00,272.50,-0.00,0.00,-0.00,-0.00,0.00,-0.00
20870.00,0.00,0.00,0.18,0.00,0.00,18.32,0.00,0.00,2947.85,-0.00,0.00,-0.00,0.00,0.00,-0.00
20875.00,0.00,0.00,0.19,0.00,0.00,1.34,0.00,0.00,-3396.70,-0.00,0.00,-0.00,0.00,-0.00,-0.00
20886.00,0.00,0.00,0.19,0.00,0.00,0.59,0.00,0.00,-67.70,-0.00,0.00,-0.00,0.00,-0.00,-0.00
20892.00,0.00,0.00,0.10,0.00,0.00,-15.57,0.00,0.00,-2692.57,-0.00,0.00,-0.00,0.00,-0.00,-0.00
20900.00,0.00,0.00,0.13,0.00,0.00,3.93,0.00,0.00,2437.42,-0.00,0.00,-0.00,0.00,-0.00,0.00
20908.00,0.00,0.00,0.13,0.00,0.00,-0.02,0.00,0.00,-494.08,-0.00,0.00,-0.00,0.00,-0.00,-0.00
20915.00,0.00,0.00,0.13,0.00,0.00,-0.59,0.00,0.00,-81.55,-0.00,0.00,-0.00,0.00,0.00,-0.00
20921.00,0.00,0.00,0.12,0.00,0.00,-1.00,0.00,0.00,-68.97,-0.00,0.00,-0.00,0.00,0.00,0.00
20927.00,0.00,0.00,0.16,0.00,0.00,7.17,0.00,0.00,1362.40,-0.00,0.00,-0.00,0.00,-0.00,-0.00
20933.00,0.00,0.00,0.06,0.00,0.00,-17.18,0.00,0.00,-4058.25,-0.00,0.00,-0.00,0.00,-0.00,-0.00
20940.00,0.00,0.00,0.07,0.00,0.00,1.71,0.00,0.00,2698.66,-0.00,0.00,-0.00,0.00,-0.00,-0.00
20949.00,0.00,0.00,0.09,0.00,0.00,2.00,0.00,0.00,31.68,-0.00,0.00,-0.00,-0.00,-0.00,0.00
20975.00,0.00,0.00,0.11,0.00,0.00,0.64,0.00,0.00,-52.34,-0.00,0.00,-0.00,0.00,0.00,-0.00
20982.00,0.00,0.00,0.24,0.00,0.00,18.59,0.00,0.00,2565.03,-0.00,0.00,-0.00,0.00,0.00,-0.00
20990.00,0.00,0.00,0.11,0.00,0.00,-16.09,0.00,0.00,-4335.45,-0.00,0.00,-0.00,-0.00,0.00,-0.00
20998.00,0.00,0.00,0.17,0.00,0.00,7.51,0.00,0.00,2950.58,-0.00,0.00,-0.00,0.00,0.00,0.00
21003.00,0.00,0.00,0.11,0.00,0.00,-11.59,0.00,0.00,-3821.14,-0.00,0.00,-0.00,0.00,0.00,0.00
21011.00,0.00,0.00,0.14,0.00,0.00,3.68,0.00,0.00,1908.70,-0.00,0.00,-0.00,0.00,0.00,0.00
21019.00,0.00,0.00,0.15,0.00,0.00,1.22,0.00,0.00,-307.29,-0.00,0.00,-0.00,0.00,0.00,-0.00
21025.00,0.00,0.00,0.11,0.00,0.00,-6.15,0.00,0.00,-1228.34,-0.00,0.00,-0.00,0.00,0.00,-0.00
21031.00,0.00,0.00,0.16,0.00,0.00,7.24,0.00,0.00,2232.38,-0.00,0.00,-0.00,0.00,0.00,-0.00
21040.00,0.00,0.00,0.18,0.00,0.00,2.51,0.00,0.00,-525.80,-0.00,0.00,-0.00,0.00,0.00,0.00
21052.00,0.00,0.00,0.10,0.00,0.00,-7.03,0.00,0.00,-794.91,-0.00,0.00,-0.00,-0.00,0.00,0.00
21070.00,0.00,0.00,0.09,0.00,0.00,-0.28,0.00,0.00,374.97,-0.00,0.00,-0.00,0.00,0.00,-0.00
21076.00,0.00,0.00,0.06,0.00,0.00,-5.03,0.00,0.00,-791.89,-0.00,0.00,-0.00,0.00,0.00,-0.00
21082.00,0.00,0.00,0.05,0.00,0.00,-1.69,0.00,0.00,556.53,-0.00,0.00,-0.00,0.00,0.00,-0.00
21090.00,0.00,0.00,0.19,0.00,0.00,17.69,0.00,0.00,2422.60,-0.00,0.00,-0.00,0.00,0.00,0.00
21098.00,0.00,0.00,0.11,0.00,0.00,-9.84,0.00,0.00,-3441.13,-0.00,0.00,-0.00,-0.00,-0.00,0.00
21104.00,0.00,0.00,0.06,0.00,0.00,-9.01,0.00,0.00,137.47,-0.00,0.00,-0.00,-0.00,-0.00,0.00
21110.00,0.00,0.00,0.11,0.00,0.00,8.24,0.00,0.00,2876.52,-0.00,0.00,-0.00,0.00,0.00,0.00
21119.00,0.00,0.00,0.17,0.00,0.00,6.42,0.00,0.00,-202.19,-0.00,0.00,-0.00,0.00,-0.00,0.00
21125.00,0.00,0.00,0.18,0.00,0.00,2.50,0.00,0.00,-654.57,-0.00,0.00,-0.00,0.00,-0.00,0.00
21136.00,0.00,0.00,0.14,0.00,0.00,-3.87,0.00,0.00,-578.41,-0.00,0.00,-0.00,0.00,-0.00,0.00
21143.00,0.00,0.00,0.19,0.00,0.00,7.69,0.00,0.00,1650.86,-0.00,0.00,-0.00,0.00,-0.00,-0.00
21150.00,0.00,0.00,0.11,0.00,0.00,-11.85,0.00,0.00,-2792.24,-0.00,0.00,-0.00,0.00,0.00,-0.00
21166.00,0.00,0.00,0.17,0.00,0.00,3.69,0.00,0.00,971.45,-0.00,0.00,-0.00,0.00,-0.00,0.00
21172.00,0.00,0.00,0.13,0.00,0.00,-6.75,0.00,0.00,-1739.50,-0.00,0.00,-0.00,0.00,-0.00,0.00
21178.00,0.00,0.00,0.12,0.00,0.00,-1.61,0.00,0.00,857.02,-0.00,0.00,-0.00,0.00,0.00,-0.00
21184.00,0.00,0.00,0.19,0.00,0.00,12.36,0.00,0.00,2328.56,-0.00,0.00,-0.00,0.00,0.00,-0.00
21191.00,0.00,0.00,0.13,0.00,0.00,-8.41,0.00,0.00,-2967.56,-0.00,0.00,-0.00,-0.00,0.00,0.00
21200.00,0.00,0.00,0.16,0.00,0.00,2.90,0.00,0.00,1256.53,-0.00,0.00,-0.00,0.00,0.00,0.00
21207.00,0.00,0.00,0.19,0.00,0.00,4.14,0.00,0.00,177.13,-0.00,0.00,-0.00,0.00,-0.00,-0.00
21218.00,0.00,0.00,0.09,0.00,0.00,-8.77,0.00,0.00,-1173.56,-0.00,0.00,-0.00,0.00,0.00,0.00
21224.00,0.00,0.00,0.14,0.00,0.00,7.47,0.00,0.00,2706.24,-0.00,0.00,-0.00,0.00,0.00,0.00
21231.00,0.00,0.00,0.13,0.00,0.00,-0.46,0.00,0.00,-1132.24,-0.00,0.00,-0.00,0.00,0.00,-0.00
21238.00,0.00,0.00,0.06,0.00,0.00,-9.90,0.00,0.00,-1348.91,-0.00,0.00,-0.00,0.00,-0.00,0.00
21243.00,0.00,0.00,0.15,0.00,0.00,17.99,0.00,0.00,5578.62,-0.00,0.00,-0.00,0.00,-0.00,0.00
21261.00,0.00,0.00,0.10,0.00,0.00,-2.95,0.00,0.00,-1163.62,-0.00,0.00,-0.00,0.00,0.00,0.00
21270.00,0.00,0.00,0.22,0.00,0.00,13.11,0.00,0.00,1784.75,-0.00,0.00,-0.00,0.00,-0.00,-0.00
21275.00,0.00,0.00,0.16,0.00,0.00,-11.47,0.00,0.00,-4915.71,-0.00,0.00,-0.00,0.00,0.00,-0.00
21282.00,0.00,0.00,0.16,0.00,0.00,-0.63,0.00,0.00,1548.60,-0.00,0.00,-0.00,0.00,0.00,-0.00
21290.00,0.00,0.00,0.14,0.00,0.00,-2.43,0.00,0.00,-225.65,-0.00,0.00,-0.00,0.00,0.00,0.00
21302.00,0.00,0.00,0.13,0.00,0.00,-0.69,0.00,0.00,144.99,-0.00,0.00,-0.00,0.00,-0.00,-0.00
21311.00,0.00,0.00,0.19,0.00,0.00,6.62,0.00,0.00,812.00,-0.00,0.00,-0.00,0.00,-0.01,0.00
21320.00,0.00,0.00,0.08,0.00,0.00,-12.20,0.00,0.00,-2091.01,-0.00,0.00,-0.00,0.00,0.00,0.00
21326.00,0.00,0.00,0.14,0.00,0.00,10.75,0.00,0.00,3824.71,-0.00,0.00,-0.00,0.00,0.00,0.00
21332.00,0.00,0.00,0.15,0.00,0.00,0.58,0.00,0.00,-1694.09,-0.00,0.00,-0.00,0.00,0.00,0.00
21340.00,0.00,0.00,0.13,0.00,0.00,-2.81,0.00,0.00,-423.78,-0.00,0.00,-0.00,0.00,-0.00,0.00
21348.00,0.00,0.00,0.14,0.00,0.00,1.84,0.00,0.00,581.09,-0.00,0.00,-0.00,-0.00,-0.00,0.00
21363.00,0.00,0.00,0.19,0.00,0.00,3.23,0.00,0.00,92.78,-0.00,0.00,-0.00,-0.00,0.00,0.00
21372.00,0.00,0.00,0.08,0.00,0.00,-11.58,0.00,0.00,-1645.82,-0.00,0.00,-0.00,-0.00,0.00,0.00
21377.00,0.00,0.00,0.15,0.00,0.00,12.21,0.00,0.00,4758.72,-0.00,0.00,-0.00,-0.00,-0.00,0.00
21388.00,0.00,0.00,0.14,0.00,0.00,-0.25,0.00,0.00,-1132.83,-0.00,0.00,-0.00,-0.00,0.00,0.00
21394.00,0.00,0.00,0.18,0.00,0.00,6.69,0.00,0.00,1156.72,-0.00,0.00,-0.00,-0.00,0.00,0.00
21401.00,0.00,0.00,0.15,0.00,0.00,-5.25,0.00,0.00,-1705.81,-0.00,0.00,-0.00,0.00,0.00,-0.00
21410.00,0.00,0.00,0.06,0.00,0.00,-9.91,0.00,0.00,-518.20,-0.00,0.00,-0.00,0.00,0.00,0.00
21416.00,0.00,0.00,0.17,0.00,0.00,19.38,0.00,0.00,4882.46,-0.00,0.00,-0.00,0.00,0.00,0.00
21422.00,0.00,0.00,0.13,0.00,0.00,-7.22,0.00,0.00,-4433.40,-0.00,0.00,-0.00,0.00,0.00,0.00
21429.00,0.00,0.00,0.13,0.00,0.00,-0.06,0.00,0.00,1023.33,-0.00,0.00,-0.00,0.00,0.00,0.00
21434.00,0.00,0.00,0.10,0.00,0.00,-5.19,0.00,0.00,-1027.16,-0.00,0.00,-0.00,-0.00,0.00,0.00
21441.00,0.00,0.00,0.16,0.00,0.00,7.83,0.00,0.00,1860.84,-0.00,0.00,-0.00,-0.00,0.00,0.00
21459.00,0.00,0.00,0.12,0.00,0.00,-1.88,0.00,0.00,-539.54,-0.00,0.00,-0.00,0.00,-0.00,0.00
21470.00,0.00,0.00,0.11,0.00,0.00,-1.03,0.00,0.00,76.74,-0.00,0.00,-0.00,-0.00,0.00,0.00
21477.00,0.00,0.00,0.15,0.00,0.00,5.50,0.00,0.00,933.72,-0.00,0.00,-0.00,-0.00,0.00,-0.00
21482.00,0.00,0.00,0.15,0.00,0.00,-1.13,0.00,0.00,-1327.01,-0.00,0.00,-0.00,0.00,0.00,-0.00
21491.00,0.00,0.00,0.19,0.00,0.00,5.29,0.00,0.00,713.10,-0.00,0.00,-0.00,0.00,0.00,-0.00
21500.00,0.00,0.00,0.16,0.00,0.00,-3.22,0.00,0.00,-944.98,-0.00,0.00,-0.00,-0.00,0.00,0.00
21506.00,0.00,0.00,0.19,0.00,0.00,4.14,0.00,0.00,1227.04,-0.00,0.00,-0.00,-0.00,-0.00,-0.00
21512.00,0.00,0.00,0.06,0.00,0.00,-20.71,0.00,0.00,-4142.60,-0.00,0.00,-0.00,-0.00,-0.00,-0.00
21521.00,0.00,0.00,0.16,0.00,0.00,10.36,0.00,0.00,3452.92,-0.00,0.00,-0.00,0.00,0.00,-0.00
21526.00,0.00,0.00,0.20,0.00,0.00,8.13,0.00,0.00,-446.10,-0.00,0.00,-0.00,0.00,-0.00,-0.00
21533.00,0.00,0.00,0.18,0.00,0.00,-3.39,0.00,0.00,-1645.47,-0.00,0.00,-0.00,0.00,-0.00,0.00
21546.00,0.00,0.00,0.13,0.00,0.00,-3.58,0.00,0.00,-15.31,-0.00,0.00,-0.00,0.00,-0.00,0.00
21562.00,0.00,0.00,0.11,0.00,0.00,-1.01,0.00,0.00,160.93,-0.00,0.00,-0.00,0.00,0.00,0.00
21571.00,0.00,0.00,0.11,0.00,0.00,0.24,0.00,0.00,139.08,-0.00,0.00,-0.00,0.00,0.01,0.00
21577.00,0.00,0.00,0.21,0.00,0.00,16.01,0.00,0.00,2628.23,-0.00,0.00,-0.00,0.00,0.00,0.00
21583.00,0.00,0.00,0.12,0.00,0.00,-15.52,0.00,0.00,-5255.86,-0.00,0.00,-0.00,0.00,0.00,0.00
21591.00,0.00,0.00,0.22,0.00,0.00,12.90,0.00,0.00,3552.64,-0.00,0.00,-0.00,-0.00,-0.00,0.00
21599.00,0.00,0.00,0.15,0.00,0.00,-8.44,0.00,0.00,-2667.74,-0.00,0.00,-0.00,0.00,0.00,-0.00
21604.00,0.00,0.00,0.15,0.00,0.00,-0.15,0.00,0.00,1658.63,-0.00,0.00,-0.00,0.00,0.00,0.00
21612.00,0.00,0.00,0.13,0.00,0.00,-2.94,0.00,0.00,-348.03,-0.00,0.00,-0.00,0.00,-0.00,0.00
21620.00,0.00,0.00,0.15,0.00,0.00,3.19,0.00,0.00,765.41,-0.00,0.00,-0.00,0.00,0.00,0.00
21631.00,0.00,0.00,0.23,0.00,0.00,6.69,0.00,0.00,318.71,-0.00,0.00,-0.00,-0.00,0.00,0.00
21640.00,0.00,0.00,0.19,0.00,0.00,-3.80,0.00,0.00,-1166.40,-0.00,0.00,-0.00,-0.00,0.00,0.00
21646.00,0.00,0.00,0.12,0.00,0.00,-12.17,0.00,0.00,-1393.81,-0.00,0.00,-0.00,-0.00,0.00,0.00
21662.00,0.00,0.00,0.21,0.00,0.00,5.45,0.00,0.00,1100.79,-0.00,0.00,-0.00,0.00,0.00,-0.00
21671.00,0.00,0.00,0.07,0.00,0.00,-15.30,0.00,0.00,-2305.23,-0.00,0.00,-0.00,0.00,-0.00,-0.00
21677.00,0.00,0.00,0.19,0.00,0.00,19.70,0.00,0.00,5832.97,-0.00,0.00,-0.00,0.00,0.00,0.00
21680.00,0.00,0.00,0.18,0.00,0.00,-2.08,0.00,0.00,-7257.93,-0.00,0.00,-0.00,0.00,0.00,0.00
21683.00,0.00,0.00,0.13,0.00,0.00,-17.99,0.00,0.00,-5303.85,-0.00,0.00,-0.00,0.00,-0.00,0.00
21691.00,0.00,0.00,0.17,0.00,0.00,5.77,0.00,0.00,2970.43,-0.00,0.00,-0.00,0.00,-0.00,-0.00
21699.00,0.00,0.00,0.13,0.00,0.00,-5.32,0.00,0.00,-1386.32,-0.00,0.00,-0.00,-0.00,-0.00,0.00
21714.00,0.00,0.00,0.11,0.00,0.00,-1.19,0.00,0.00,275.06,-0.00,0.00,-0.00,-0.00,-0.00,-0.00
21723.00,0.00,0.00,0.19,0.00,0.00,8.12,0.00,0.00,1034.29,-0.00,0.00,-0.00,0.00,0.00,-0.00
21728.00,0.00,0.00,0.14,0.00,0.00,-10.28,0.00,0.00,-3679.14,-0.00,0.00,-0.00,-0.00,0.00,0.00
21734.00,0.00,0.00,0.11,0.00,0.00,-3.89,0.00,0.00,1064.30,-0.00,0.00,-0.00,-0.00,0.00,0.00
21742.00,0.00,0.00,0.14,0.00,0.00,3.51,0.00,0.00,924.94,-0.00,0.00,-0.00,-0.00,0.00,0.00
21759.00,0.00,0.00,0.16,0.00,0.00,1.10,0.00,0.00,-141.90,-0.00,0.00,-0.00,0.00,-0.00,-0.00
21765.00,0.00,0.00,0.19,0.00,0.00,4.56,0.00,0.00,577.53,-0.00,0.00,-0.00,-0.00,-0.00,-0.00
21772.00,0.00,0.00,0.05,0.00,0.00,-19.65,0.00,0.00,-3459.39,-0.00,0.00,-0.00,-0.00,-0.00,0.00
21778.00,0.00,0.00,0.13,0.00,0.00,14.16,0.00,0.00,5635.67,-0.00,0.00,-0.00,0.00,0.00,-0.00
21783.00,0.00,0.00,0.07,0.00,0.00,-13.68,0.00,0.00,-5568.11,-0.00,0.00,-0.00,0.00,0.00,-0.00
21795.00,0.00,0.00,0.06,0.00,0.00,-0.23,0.00,0.00,1120.84,-0.00,0.00,-0.00,0.00,0.00,-0.00
21803.00,0.00,0.00,0.10,0.00,0.00,4.97,0.00,0.00,650.42,-0.00,0.00,-0.00,0.00,0.00,0.00
21811.00,0.00,0.00,0.11,0.00,0.00,1.10,0.00,0.00,-484.02,-0.00,0.00,-0.00,0.00,0.00,-0.00
21819.00,0.00,0.00,0.11,0.00,0.00,-0.62,0.00,0.00,-214.83,-0.00,0.00,-0.00,-0.00,-0.00,0.00
21824.00,0.00,0.00,0.11,0.00,0.00,0.03,0.00,0.00,130.01,-0.00,0.00,-0.00,-0.00,-0.00,0.00
21831.00,0.00,0.00,0.16,0.00,0.00,7.68,0.00,0.00,1092.34,-0.00,0.00,-0.00,-0.00,-0.00,-0.00
21839.00,0.00,0.00,0.19,0.00,0.00,4.03,0.00,0.00,-456.29,-0.00,0.00,-0.00,0.00,0.01,0.00
21844.00,0.00,0.00,0.13,0.00,0.00,-12.33,0.00,0.00,-3270.86,-0.00,0.00,-0.00,0.00,0.00,0.00
21852.00,0.00,0.00,0.07,0.00,0.00,-7.95,0.00,0.00,547.10,-0.00,0.00,-0.00,0.00,-0.00,-0.00
21870.00,0.00,0.00,0.20,0.00,0.00,7.38,0.00,0.00,851.80,-0.00,0.00,-0.00,0.00,0.00,0.00
21880.00,0.00,0.00,0.13,0.00,0.00,-6.98,0.00,0.00,-1436.38,-0.00,0.00,-0.00,-0.00,-0.00,-0.00
21887.00,0.00,0.00,0.14,0.00,0.00,0.94,0.00,0.00,1131.56,-0.00,0.00,-0.00,0.00,-0.00,-0.00
21893.00,0.00,0.00,0.08,0.00,0.00,-10.11,0.00,0.00,-1841.04,-0.00,0.00,-0.00,0.00,-0.00,0.00
21902.00,0.00,0.00,0.20,0.00,0.00,13.83,0.00,0.00,2659.75,-0.00,0.00,-0.00,0.00,0.00,0.00
21909.00,0.00,0.00,0.21,0.00,0.00,1.17,0.00,0.00,-1809.32,-0.00,0.00,-0.00,0.00,0.00,-0.00
21915.00,0.00,0.00,0.16,0.00,0.00,-8.31,0.00,0.00,-1578.84,-0.00,0.00,-0.00,-0.00,0.00,-0.00
21922.00,0.00,0.00,0.15,0.00,0.00,-1.20,0.00,0.00,1015.95,-0.00,0.00,-0.00,-0.00,0.00,0.00
21928.00,0.00,0.00,0.10,0.00,0.00,-9.20,0.00,0.00,-1334.54,-0.00,0.00,-0.00,0.00,0.00,0.00
21933.00,0.00,0.00,0.14,0.00,0.00,8.72,0.00,0.00,3584.99,-0.00,0.00,-0.00,0.00,0.00,0.00
21942.00,0.00,0.00,0.10,0.00,0.00,-4.73,0.00,0.00,-1494.67,-0.00,0.00,-0.00,0.00,0.00,0.00
21955.00,0.00,0.00,0.15,0.00,0.00,4.36,0.00,0.00,699.47,-0.00,0.00,-0.00,-0.00,-0.00,0.00
21973.00,0.00,0.00,0.15,0.00,0.00,-0.39,0.00,0.00,-263.84,-0.00,0.00,-0.00,-0.00,-0.00,0.00
21978.00,0.00,0.00,0.12,0.00,0.00,-4.88,0.00,0.00,-898.54,-0.00,0.00,-0.00,-0.00,-0.00,0.00
21984.00,0.00,0.00,0.21,0.00,0.00,14.03,0.00,0.00,3151.57,-0.00,0.00,-0.00,-0.00,-0.00,0.00
21992.00,0.00,0.00,0.20,0.00,0.00,-1.12,0.00,0.00,-1893.97,-0.00,0.00,-0.00,0.00,0.00,0.00
22000.00,0.00,0.00,0.23,0.00,0.00,3.69,0.00,0.00,601.90,-0.00,0.00,-0.00,0.00,0.00,0.00
22007.00,0.00,0.00,0.15,0.00,0.00,-10.57,0.00,0.00,-2037.67,-0.00,0.00,-0.00,0.00,0.00,0.00
22013.00,0.00,0.00,0.03,0.00,0.00,-20.48,0.00,0.00,-1651.72,-0.00,0.00,-0.00,-0.00,-0.00,0.00
22022.00,0.00,0.00,0.12,0.00,0.00,10.02,0.00,0.00,3388.99,-0.00,0.00,-0.00,0.00,0.00,-0.00
22027.00,0.00,0.00,0.13,0.00,0.00,1.10,0.00,0.00,-1784.52,-0.00,0.00,-0.00,-0.00,0.00,0.00
22038.00,0.00,0.00,0.14,0.00,0.00,1.31,0.00,0.00,19.02,-0.00,0.00,-0.00,0.00,0.00,0.00
22045.00,0.00,0.00,0.22,0.00,0.00,11.69,0.00,0.00,1483.77,-0.00,0.00,-0.00,0.00,0.00,0.00
22052.00,0.00,0.00,0.12,0.00,0.00,-14.23,0.00,0.00,-3704.14,-0.00,0.00,-0.00,0.00,-0.00,-0.00
22070.00,0.00,0.00,0.17,0.00,0.00,2.79,0.00,0.00,945.57,-0.00,0.00,-0.00,-0.00,-0.00,0.00
22076.00,0.00,0.00,0.11,0.00,0.00,-9.89,0.00,0.00,-2112.15,-0.00,0.00,-0.00,-0.00,-0.00,0.00
22082.00,0.00,0.00,0.14,0.00,0.00,4.82,0.00,0.00,2451.13,-0.00,0.00,-0.00,-0.00,-0.00,0.00
22091.00,0.00,0.00,0.04,0.00,0.00,-10.80,0.00,0.00,-1736.07,-0.00,0.00,-0.00,-0.00,-0.00,0.00
22097.00,0.00,0.00,0.14,0.00,0.00,15.45,0.00,0.00,4375.68,-0.00,0.00,-0.00,-0.00,-0.00,0.00
22104.00,0.00,0.00,0.14,0.00,0.00,-0.13,0.00,0.00,-2225.45,-0.00,0.00,-0.00,0.00,-0.00,0.00
22111.00,0.00,0.00,0.14,0.00,0.00,0.00,0.00,0.00,18.44,-0.00,0.00,-0.00,0.00,-0.00,-0.00
22118.00,0.00,0.00,0.20,0.00,0.00,9.68,0.00,0.00,1382.88,-0.00,0.00,-0.00,-0.00,0.00,-0.00
22125.00,0.00,0.00,0.16,0.00,0.00,-5.67,0.00,0.00,-2192.39,-0.00,0.00,-0.00,-0.00,0.00,0.00
22132.00,0.00,0.00,0.28,0.00,0.00,16.35,0.00,0.00,3144.87,-0.00,0.00,-0.00,-0.00,-0.00,0.00
22140.00,0.00,0.00,0.14,0.00,0.00,-17.17,0.00,0.00,-4190.07,-0.00,0.00,-0.00,-0.00,-0.00,0.00
22145.00,0.00,0.00,0.15,0.00,0.00,2.22,0.00,0.00,3879.21,-0.00,0.00,-0.00,-0.00,-0.00,0.00
22162.00,0.00,0.00,0.01,0.00,0.00,-8.51,0.00,0.00,-631.37,-0.00,0.00,-0.00,0.00,0.00,0.00
22171.00,0.00,0.00,0.14,0.00,0.00,14.60,0.00,0.00,2568.12,-0.00,0.00,-0.00,0.00,-0.00,0.00
22176.00,0.00,0.00,0.08,0.00,0.00,-12.83,0.00,0.00,-5487.53,-0.00,0.00,-0.00,0.00,0.00,0.00
22183.00,0.00,0.00,0.24,0.00,0.00,23.45,0.00,0.00,5184.01,-0.00,0.00,-0.00,0.00,0.00,0.00
22191.00,0.00,0.00,0.14,0.00,0.00,-12.25,0.00,0.00,-4462.96,-0.00,0.00,-0.00,0.00,0.00,0.00
22203.00,0.00,0.00,0.17,0.00,0.00,2.65,0.00,0.00,1241.46,-0.00,0.00,-0.00,-0.00,0.00,0.00
22213.00,0.00,0.00,0.14,0.00,0.00,-3.78,0.00,0.00,-642.76,-0.00,0.00,-0.00,-0.00,0.01,0.00
22221.00,0.00,0.00,0.19,0.00,0.00,6.28,0.00,0.00,1257.01,-0.00,0.00,-0.00,0.00,0.00,0.00
22227.00,0.00,0.00,0.06,0.00,0.00,-20.72,0.00,0.00,-4499.03,-0.00,0.00,-0.00,0.00,0.00,0.00
22233.00,0.00,0.00,0.16,0.00,0.00,16.21,0.00,0.00,6154.98,-0.00,0.00,-0.00,0.00,0.00,0.00
22242.00,0.00,0.00,0.19,0.00,0.00,3.56,0.00,0.00,-1405.89,-0.00,0.00,-0.00,0.00,0.00,0.00
22250.00,0.00,0.00,0.09,0.00,0.00,-12.03,0.00,0.00,-1949.12,-0.00,0.00,-0.00,0.00,-0.00,-0.00
22265.00,0.00,0.00,0.16,0.00,0.00,4.22,0.00,0.00,1083.63,-0.00,0.00,-0.00,-0.00,0.00,-0.00
22273.00,0.00,0.00,0.16,0.00,0.00,0.02,0.00,0.00,-524.70,-0.00,0.00,-0.00,0.00,-0.00,-0.00
22278.00,0.00,0.00,0.15,0.00,0.00,-0.91,0.00,0.00,-185.69,-0.00,0.00,-0.00,0.00,0.00,-0.00
22289.00,0.00,0.00,0.14,0.00,0.00,-1.28,0.00,0.00,-34.34,-0.00,0.00,-0.00,0.00,0.00,-0.00
22296.00,0.00,0.00,0.13,0.00,0.00,-1.80,0.00,0.00,-73.31,-0.00,0.00,-0.00,0.00,0.00,-0.00
22303.00,0.00,0.00,0.08,0.00,0.00,-6.30,0.00,0.00,-643.08,-0.00,0.00,-0.00,0.00,0.01,-0.00
22311.00,0.00,0.00,0.07,0.00,0.00,-1.20,0.00,0.00,637.85,-0.00,0.00,-0.00,-0.00,0.00,0.00
22317.00,0.00,0.00,0.10,0.00,0.00,4.76,0.00,0.00,991.99,-0.00,0.00,-0.00,-0.00,-0.00,0.00
22324.00,0.00,0.00,0.12,0.00,0.00,2.69,0.00,0.00,-294.62,-0.00,0.00,-0.00,-0.00,-0.00,0.00
22330.00,0.00,0.00,0.15,0.00,0.00,4.22,0.00,0.00,254.30,-0.00,0.00,-0.00,-0.00,-0.00,0.00
22336.00,0.00,0.00,0.09,0.00,0.00,-9.24,0.00,0.00,-2242.48,-0.00,0.00,-0.00,-0.00,-0.00,0.00
22343.00,0.00,0.00,0.04,0.00,0.00,-7.52,0.00,0.00,244.83,-0.00,0.00,-0.00,-0.00,-0.00,0.00
22361.00,0.00,0.00,0.24,0.00,0.00,10.99,0.00,0.00,1028.55,-0.00,0.00,-0.00,0.00,0.00,0.00
22372.00,0.00,0.00,0.13,0.00,0.00,-9.49,0.00,0.00,-1862.18,-0.00,0.00,-0.00,-0.00,-0.00,0.00
22378.00,0.00,0.00,0.15,0.00,0.00,3.40,0.00,0.00,2148.40,-0.00,0.00,-0.00,-0.00,-0.00,0.00
22384.00,0.00,0.00,0.14,0.00,0.00,-1.25,0.00,0.00,-774.57,-0.00,0.00,-0.00,-0.00,-0.00,0.00
22393.00,0.00,0.00,0.10,0.00,0.00,-4.85,0.00,0.00,-400.41,-0.00,0.00,-0.00,-0.00,-0.00,-0.00
22400.00,0.00,0.00,0.09,0.00,0.00,-1.34,0.00,0.00,501.46,-0.00,0.00,-0.00,-0.00,0.00,-0.00
22406.00,0.00,0.00,0.19,0.00,0.00,16.09,0.00,0.00,2905.47,-0.00,0.00,-0.00,-0.00,0.00,-0.00
22412.00,0.00,0.00,0.12,0.00,0.00,-11.96,0.00,0.00,-4674.25,-0.00,0.00,-0.00,-0.00,0.00,0.00
22419.00,0.00,0.00,0.16,0.00,0.00,6.34,0.00,0.00,2614.10,-0.00,0.00,-0.00,-0.00,0.00,0.00
22425.00,0.00,0.00,0.22,0.00,0.00,9.62,0.00,0.00,546.61,-0.00,0.00,-0.00,-0.00,0.00,0.00
22432.00,0.00,0.00,0.18,0.00,0.00,-5.98,0.00,0.00,-2228.54,-0.00,0.00,-0.00,-0.00,0.00,0.00
22447.00,0.00,0.00,0.11,0.00,0.00,-4.30,0.00,0.00,111.84,-0.00,0.00,-0.00,-0.00,0.00,0.00
22464.00,0.00,0.00,0.14,0.00,0.00,1.62,0.00,0.00,348.37,-0.00,0.00,-0.00,0.00,0.00,0.00
22473.00,0.00,0.00,0.15,0.00,0.00,1.00,0.00,0.00,-68.97,-0.00,0.00,-0.00,0.00,0.00,0.00
22478.00,0.00,0.00,0.15,0.00,0.00,-0.03,0.00,0.00,-206.75,-0.00,0.00,-0.00,0.00,0.00,-0.00
22485.00,0.00,0.00,0.13,0.00,0.00,-3.10,0.00,0.00,-438.80,-0.00,0.00,-0.00,0.00,0.00,-0.00
22493.00,0.00,0.00,0.13,0.00,0.00,0.64,0.00,0.00,467.95,-0.00,0.00,-0.00,0.00,0.00,0.00
22500.00,0.00,0.00,0.15,0.00,0.00,2.38,0.00,0.00,248.00,-0.00,0.00,-0.00,0.00,0.00,-0.00
22506.00,0.00,0.00,0.09,0.00,0.00,-9.76,0.00,0.00,-2022.74,-0.00,0.00,-0.00,0.00,-0.00,-0.00
22514.00,0.00,0.00,0.17,0.00,0.00,10.44,0.00,0.00,2524.39,-0.00,0.00,-0.00,0.00,-0.00,0.00
22522.00,0.00,0.00,0.15,0.00,0.00,-3.07,0.00,0.00,-1687.89,-0.00,0.00,-0.00,-0.00,0.00,0.00
22532.00,0.00,0.00,0.17,0.00,0.00,1.83,0.00,0.00,489.34,-0.00,0.00,-0.00,-0.00,0.00,0.00
22540.00,0.00,0.00,0.07,0.00,0.00,-12.37,0.00,0.00,-1774.59,-0.00,0.00,-0.00,0.00,0.00,0.00
22545.00,0.00,0.00,0.11,0.00,0.00,8.80,0.00,0.00,4233.88,-0.00,0.00,-0.00,-0.00,0.00,0.00
22563.00,0.00,0.00,0.09,0.00,0.00,-1.40,0.00,0.00,-566.76,-0.00,0.00,-0.00,-0.00,0.00,0.00
22572.00,0.00,0.00,0.16,0.00,0.00,8.25,0.00,0.00,1072.97,-0.00,0.00,-0.00,-0.00,0.00,0.00
22577.00,0.00,0.00,0.03,0.00,0.00,-26.80,0.00,0.00,-7010.23,-0.00,0.00,-0.00,0.00,0.00,0.00
22584.00,0.00,0.00,0.13,0.00,0.00,14.49,0.00,0.00,5897.93,-0.00,0.00,-0.00,0.01,-0.00,0.00
22592.00,0.00,0.00,0.13,0.00,0.00,-0.25,0.00,0.00,-1842.29,-0.00,0.00,-0.00,-0.00,-0.00,0.00
22599.00,0.00,0.00,0.13,0.00,0.00,0.24,0.00,0.00,70.66,-0.00,0.00,-0.00,0.00,0.00,0.00
22605.00,0.00,0.00,0.14,0.00,0.00,2.16,0.00,0.00,319.24,-0.00,0.00,-0.00,0.00,0.00,0.00
22618.00,0.00,0.00,0.18,0.00,0.00,3.01,0.00,0.00,65.60,-0.00,0.00,-0.00,0.00,-0.00,-0.00
22626.00,0.00,0.00,0.21,0.00,0.00,3.78,0.00,0.00,95.75,-0.00,0.00,-0.00,0.00,-0.00,-0.00
22633.00,0.00,0.00,0.11,0.00,0.00,-14.63,0.00,0.00,-2630.05,-0.00,0.00,-0.00,-0.00,0.00,0.00
22640.00,0.00,0.00,0.27,0.00,0.00,22.61,0.00,0.00,5320.81,-0.00,0.00,-0.00,-0.00,-0.00,0.00
22645.00,0.00,0.00,0.17,0.00,0.00,-19.13,0.00,0.00,-8349.08,-0.00,0.00,-0.00,-0.00,-0.00,0.00
22663.00,0.00,0.00,0.11,0.00,0.00,-3.39,0.00,0.00,874.56,-0.00,0.00,-0.00,-0.00,0.00,0.00
22671.00,0.00,0.00,0.18,0.00,0.00,8.62,0.00,0.00,1501.23,-0.00,0.00,-0.00,-0.00,0.00,0.00
22676.00,0.00,0.00,0.22,0.00,0.00,8.86,0.00,0.00,48.03,-0.00,0.00,-0.00,-0.00,0.00,0.00
22684.00,0.00,0.00,0.25,0.00,0.00,3.77,0.00,0.00,-636.54,-0.00,0.00,-0.00,0.00,-0.00,-0.00
22692.00,0.00,0.00,0.16,0.00,0.00,-11.50,0.00,0.00,-1908.90,-0.00,0.00,-0.00,-0.00,-0.00,0.00
22702.00,0.00,0.00,0.17,0.00,0.00,0.80,0.00,0.00,1230.49,-0.00,0.00,-0.00,0.00,-0.00,-0.00
22710.00,0.00,0.00,0.18,0.00,0.00,2.03,0.00,0.00,153.70,-0.00,0.00,-0.00,0.00,0.00,0.00
22715.00,0.00,0.00,0.16,0.00,0.00,-5.58,0.00,0.00,-1521.87,-0.00,0.00,-0.00,0.00,0.00,0.00
22724.00,0.00,0.00,0.18,0.00,0.00,2.91,0.00,0.00,943.28,-0.00,0.00,-0.00,0.00,-0.00,0.00
22729.00,0.00,0.00,0.10,0.00,0.00,-17.02,0.00,0.00,-3986.97,-0.00,0.00,-0.00,-0.00,-0.00,0.00
22735.00,0.00,0.00,0.17,0.00,0.00,11.23,0.00,0.00,4709.40,-0.00,0.00,-0.00,-0.00,-0.00,0.00
22743.00,0.00,0.00,0.12,0.00,0.00,-5.25,0.00,0.00,-2059.88,-0.00,0.00,-0.00,0.00,-0.00,-0.00
22761.00,0.00,0.00,0.17,0.00,0.00,2.64,0.00,0.00,438.33,-0.00,0.00,-0.00,-0.00,-0.00,0.00
22766.00,0.00,0.00,0.18,0.00,0.00,1.01,0.00,0.00,-326.32,-0.00,0.00,-0.00,-0.00,-0.00,0.00
22774.00,0.00,0.00,0.13,0.00,0.00,-6.39,0.00,0.00,-925.42,-0.00,0.00,-0.00,0.00,0.00,0.00
22784.00,0.00,0.00,0.21,0.00,0.00,8.41,0.00,0.00,1480.57,-0.00,0.00,-0.00,0.00,0.00,0.00
22794.00,0.00,0.00,0.24,0.00,0.00,2.77,0.00,0.00,-564.41,-0.00,0.00,-0.00,-0.00,0.00,-0.00
22802.00,0.00,0.00,0.16,0.00,0.00,-9.78,0.00,0.00,-1568.87,-0.00,0.00,-0.00,-0.00,0.00,0.00
22808.00,0.00,0.00,0.13,0.00,0.00,-4.05,0.00,0.00,954.68,-0.00,0.00,-0.00,-0.00,0.00,0.00
22815.00,0.00,0.00,0.11,0.00,0.00,-3.08,0.00,0.00,139.15,-0.00,0.00,-0.00,-0.00,0.00,0.00
22824.00,0.00,0.00,0.17,0.00,0.00,6.41,0.00,0.00,1054.43,-0.00,0.00,-0.00,0.00,0.00,0.00
22829.00,0.00,0.00,0.14,0.00,0.00,-6.27,0.00,0.00,-2536.74,-0.00,0.00,-0.00,0.00,0.00,0.00
22835.00,0.00,0.00,0.10,0.00,0.00,-6.16,0.00,0.00,17.85,-0.00,0.00,-0.00,0.00,0.00,0.00
22843.00,0.00,0.00,0.11,0.00,0.00,1.39,0.00,0.00,944.41,-0.00,0.00,-0.00,-0.00,0.00,0.00
22851.00,0.00,0.00,0.19,0.00,0.00,9.05,0.00,0.00,957.77,-0.00,0.00,-0.00,-0.00,0.00,0.00
22861.00,0.00,0.00,0.16,0.00,0.00,-2.74,0.00,0.00,-1178.95,-0.00,0.00,-0.00,0.00,0.00,0.00
22877.00,0.00,0.00,0.14,0.00,0.00,-0.95,0.00,0.00,111.74,-0.00,0.00,-0.00,-0.00,-0.00,0.00
22884.00,0.00,0.00,0.13,0.00,0.00,-1.93,0.00,0.00,-139.78,-0.00,0.00,-0.00,0.00,-0.00,0.00
22891.00,0.00,0.00,0.20,0.00,0.00,9.81,0.00,0.00,1676.85,-0.00,0.00,-0.00,-0.00,-0.00,0.00
22897.00,0.00,0.00,0.36,0.00,0.00,27.08,0.00,0.00,2877.85,-0.00,0.00,-0.00,-0.00,-0.00,0.00
22904.00,0.00,0.00,0.21,0.00,0.00,-21.54,0.00,0.00,-6944.91,-0.00,0.00,-0.00,-0.00,-0.00,0.00
22913.00,0.00,0.00,-0.00,0.00,0.00,-23.60,0.00,0.00,-228.99,-0.00,0.00,-0.00,-0.00,-0.00,0.00
22919.00,0.00,0.00,0.17,0.00,0.00,29.11,0.00,0.00,8783.91,-0.00,0.00,-0.00,-0.00,-0.00,-0.00
22926.00,0.00,0.00,0.10,0.00,0.00,-10.78,0.00,0.00,-5698.18,-0.00,0.00,-0.00,-0.00,-0.00,-0.00
22932.00,0.00,0.00,0.11,0.00,0.00,2.54,0.00,0.00,2220.67,-0.00,0.00,-0.00,-0.00,0.00,-0.00
22942.00,0.00,0.00,0.20,0.00,0.00,8.83,0.00,0.00,628.86,-0.00,0.00,-0.00,0.00,0.00,0.00
22948.00,0.00,0.00,0.13,0.00,0.00,-11.31,0.00,0.00,-3356.79,-0.00,0.00,-0.00,0.00,-0.00,0.00
22955.00,0.00,0.00,0.12,0.00,0.00,-1.93,0.00,0.00,1339.49,-0.00,0.00,-0.00,0.00,-0.00,0.00
22973.00,0.00,0.00,0.19,0.00,0.00,4.14,0.00,0.00,337.58,-0.00,0.00,-0.00,0.00,-0.00,-0.00
22979.00,0.00,0.00,0.10,0.00,0.00,-14.86,0.00,0.00,-3166.91,-0.00,0.00,-0.00,-0.00,-0.00,-0.00
22985.00,0.00,0.00,0.24,0.00,0.00,23.24,0.00,0.00,6349.87,-0.00,0.00,-0.00,-0.00,0.00,0.00
22994.00,0.00,0.00,0.17,0.00,0.00,-8.37,0.00,0.00,-3512.28,-0.00,0.00,-0.00,-0.00,-0.00,-0.00
23002.00,0.00,0.00,0.13,0.00,0.00,-4.72,0.00,0.00,455.97,-0.00,0.00,-0.00,-0.00,0.00,0.00
23008.00,0.00,0.00,0.10,0.00,0.00,-5.00,0.00,0.00,-45.82,-0.00,0.00,-0.00,-0.00,0.00,-0.00
23014.00,0.00,0.00,0.12,0.00,0.00,3.13,0.00,0.00,1353.74,-0.00,0.00,-0.00,0.00,0.00,-0.00
23027.00,0.00,0.00,0.14,0.00,0.00,1.82,0.00,0.00,-100.22,-0.00,0.00,-0.00,0.00,0.00,-0.00
23035.00,0.00,0.00,0.11,0.00,0.00,-3.95,0.00,0.00,-721.24,-0.00,0.00,-0.00,-0.00,-0.00,-0.00
23043.00,0.00,0.00,0.08,0.00,0.00,-3.40,0.00,0.00,67.82,-0.00,0.00,-0.00,0.00,0.00,0.00
23061.00,0.00,0.00,0.10,0.00,0.00,0.71,0.00,0.00,228.55,-0.00,0.00,-0.00,0.00,0.00,-0.00
23066.00,0.00,0.00,0.18,0.00,0.00,17.03,0.00,0.00,3264.52,-0.00,0.00,-0.00,0.00,0.00,-0.00
23074.00,0.00,0.00,0.17,0.00,0.00,-1.23,0.00,0.00,-2282.50,-0.00,0.00,-0.00,0.00,0.00,0.00
23080.00,0.00,0.00,0.17,0.00,0.00,0.36,0.00,0.00,263.90,-0.00,0.00,-0.00,-0.00,0.00,0.00
23086.00,0.00,0.00,0.17,0.00,0.00,-0.59,0.00,0.00,-157.66,-0.00,0.00,-0.00,-0.00,0.00,0.00
23094.00,0.00,0.00,0.18,0.00,0.00,0.78,0.00,0.00,170.77,-0.00,0.00,-0.00,-0.00,0.00,-0.00
23102.00,0.00,0.00,0.16,0.00,0.00,-2.02,0.00,0.00,-349.80,-0.00,0.00,-0.00,0.00,0.00,0.00
23112.00,0.00,0.00,0.10,0.00,0.00,-6.14,0.00,0.00,-411.27,-0.00,0.00,-0.00,0.00,0.00,-0.00
23118.00,0.00,0.00,0.12,0.00,0.00,3.61,0.00,0.00,1624.33,-0.00,0.00,-0.00,-0.00,0.00,-0.00
23125.00,0.00,0.00,0.10,0.00,0.00,-3.57,0.00,0.00,-1025.35,-0.00,0.00,-0.00,-0.00,0.00,-0.00
23131.00,0.00,0.00,0.12,0.00,0.00,4.04,0.00,0.00,1268.39,-0.00,0.00,-0.00,-0.00,0.00,0.00
23136.00,0.00,0.00,0.25,0.00,0.00,24.85,0.00,0.00,4161.40,-0.00,0.00,-0.00,-0.00,0.00,0.00
23145.00,0.00,0.00,0.13,0.00,0.00,-12.34,0.00,0.00,-4132.71,-0.00,0.00,-0.00,-0.00,0.00,0.00
23153.00,0.00,0.00,0.12,0.00,0.00,-2.22,0.00,0.00,1266.09,-0.00,0.00,-0.00,0.00,0.00,0.00
23168.00,0.00,0.00,0.09,0.00,0.00,-1.99,0.00,0.00,14.79,-0.00,0.00,-0.00,-0.00,0.00,0.00
23176.00,0.00,0.00,0.18,0.00,0.00,11.41,0.00,0.00,1675.41,-0.00,0.00,-0.00,-0.00,0.00,0.00
23181.00,0.00,0.00,0.16,0.00,0.00,-3.85,0.00,0.00,-3052.78,-0.00,0.00,-0.00,-0.00,-0.00,0.00
23196.00,0.00,0.00,0.20,0.00,0.00,2.46,0.00,0.00,421.10,-0.00,0.00,-0.00,-0.00,-0.00,0.00
23205.00,0.00,0.00,0.18,0.00,0.00,-1.20,0.00,0.00,-406.48,-0.00,0.00,-0.00,-0.00,-0.01,0.00
23214.00,0.00,0.00,0.14,0.00,0.00,-4.68,0.00,0.00,-387.09,-0.00,0.00,-0.00,0.00,0.00,0.00
23222.00,0.00,0.00,0.07,0.00,0.00,-8.47,0.00,0.00,-474.03,-0.00,0.00,-0.00,0.00,0.00,-0.00
23227.00,0.00,0.00,0.17,0.00,0.00,18.34,0.00,0.00,5362.93,-0.00,0.00,-0.00,0.00,-0.00,-0.00
23234.00,0.00,0.00,0.10,0.00,0.00,-9.53,0.00,0.00,-3981.36,-0.00,0.00,-0.00,0.00,-0.00,0.00
23242.00,0.00,0.00,0.15,0.00,0.00,5.91,0.00,0.00,1929.76,-0.00,0.00,-0.00,-0.00,-0.00,0.00
23247.00,0.00,0.00,0.16,0.00,0.00,2.26,0.00,0.00,-729.54,-0.00,0.00,-0.00,-0.00,-0.00,0.00
23265.00,0.00,0.00,0.08,0.00,0.00,-4.25,0.00,0.00,-361.76,-0.00,0.00,-0.00,-0.00,0.00,-0.00
23273.00,0.00,0.00,0.15,0.00,0.00,7.96,0.00,0.00,1526.25,-0.00,0.00,-0.00,0.00,0.00,0.00
23283.00,0.00,0.00,0.19,0.00,0.00,4.72,0.00,0.00,-323.90,-0.00,0.00,-0.00,0.00,0.00,0.00
23290.00,0.00,0.00,0.10,0.00,0.00,-13.23,0.00,0.00,-2564.31,-0.00,0.00,-0.00,0.00,0.00,-0.00
23296.00,0.00,0.00,0.07,0.00,0.00,-4.22,0.00,0.00,1500.48,-0.00,0.00,-0.00,0.00,0.00,-0.00
23305.00,0.00,0.00,0.13,0.00,0.00,6.21,0.00,0.00,1159.23,-0.00,0.00,-0.00,-0.00,0.00,0.00
23312.00,0.00,0.00,0.10,0.00,0.00,-3.83,0.00,0.00,-1434.16,-0.00,0.00,-0.00,-0.00,0.00,0.00
23318.00,0.00,0.00,0.19,0.00,0.00,14.33,0.00,0.00,3027.57,-0.00,0.00,-0.00,-0.00,0.00,0.00
23325.00,0.00,0.00,0.17,0.00,0.00,-2.42,0.00,0.00,-2393.09,-0.00,0.00,-0.00,0.00,0.00,0.00
23331.00,0.00,0.00,0.17,0.00,0.00,0.35,0.00,0.00,460.58,-0.00,0.00,-0.00,-0.00,-0.00,0.00
23336.00,0.00,0.00,0.00,0.00,0.00,-34.45,0.00,0.00,-6960.01,-0.00,0.00,-0.00,-0.00,-0.00,0.00
23345.00,0.00,0.00,0.15,0.00,0.00,16.37,0.00,0.00,5646.83,-0.00,0.00,-0.00,0.00,0.00,0.00
23357.00,0.00,0.00,0.25,0.00,0.00,8.20,0.00,0.00,-681.07,-0.00,0.00,-0.00,0.00,0.00,0.00
23375.00,0.00,0.00,0.15,0.00,0.00,-5.37,0.00,0.00,-753.60,-0.00,0.00,-0.00,-0.00,-0.00,0.00
23381.00,0.00,0.00,0.11,0.00,0.00,-6.16,0.00,0.00,-131.66,-0.00,0.00,-0.00,0.00,0.00,-0.00
23387.00,0.00,0.00,0.12,0.00,0.00,0.91,0.00,0.00,1178.54,-0.00,0.00,-0.00,0.00,0.00,-0.00
23395.00,0.00,0.00,0.20,0.00,0.00,9.46,0.00,0.00,1067.90,-0.00,0.00,-0.00,0.00,0.00,-0.00
23401.00,0.00,0.00,0.18,0.00,0.00,-2.00,0.00,0.00,-1908.59,-0.00,0.00,-0.00,0.00,-0.00,0.00
23407.00,0.00,0.00,0.16,0.00,0.00,-3.19,0.00,0.00,-198.90,-0.00,0.00,-0.00,0.00,-0.00,0.00
23413.00,0.00,0.00,0.16,0.00,0.00,0.00,0.00,0.00,531.66,-0.00,0.00,-0.00,0.00,-0.00,0.00
23416.00,0.00,0.00,0.15,0.00,0.00,-5.17,0.00,0.00,-1721.90,-0.00,0.00,-0.00,0.00,-0.00,0.00
23425.00,0.00,0.00,0.19,0.00,0.00,4.27,0.00,0.00,1048.86,-0.00,0.00,-0.00,0.00,0.00,0.00
23435.00,0.00,0.00,0.14,0.00,0.00,-4.86,0.00,0.00,-913.43,-0.00,0.00,-0.00,-0.00,-0.00,0.00
23444.00,0.00,0.00,0.16,0.00,0.00,2.29,0.00,0.00,794.98,-0.00,0.00,-0.00,-0.00,0.00,-0.00
23450.00,0.00,0.00,0.14,0.00,0.00,-2.80,0.00,0.00,-849.66,-0.00,0.00,-0.00,-0.00,0.00,-0.00
23466.00,0.00,0.00,0.18,0.00,0.00,2.13,0.00,0.00,308.46,-0.00,0.00,-0.00,-0.00,0.00,0.00
23475.00,0.00,0.00,-0.00,0.00,0.00,-19.81,0.00,0.00,-2438.01,-0.00,0.00,-0.00,0.00,0.00,0.00
23480.00,0.00,0.00,0.12,0.00,0.00,23.70,0.00,0.00,8702.07,-0.00,0.00,-0.00,-0.00,0.00,0.00
23487.00,0.00,0.00,0.17,0.00,0.00,7.88,0.00,0.00,-2260.38,-0.00,0.00,-0.00,-0.00,0.00,0.00
23495.00,0.00,0.00,0.21,0.00,0.00,4.22,0.00,0.00,-456.90,-0.00,0.00,-0.00,-0.00,0.00,0.00
23502.00,0.00,0.00,0.20,0.00,0.00,-0.82,0.00,0.00,-719.93,-0.00,0.00,-0.00,0.00,0.00,-0.00
23507.00,0.00,0.00,0.19,0.00,0.00,-1.64,0.00,0.00,-163.58,-0.00,0.00,-0.00,-0.00,0.00,-0.00
23520.00,0.00,0.00,0.09,0.00,0.00,-7.93,0.00,0.00,-484.18,-0.00,0.00,-0.00,-0.00,0.00,-0.00
23528.00,0.00,0.00,0.09,0.00,0.00,0.02,0.00,0.00,994.13,-0.00,0.00,-0.00,-0.00,0.00,-0.00
23535.00,0.00,0.00,0.14,0.00,0.00,7.18,0.00,0.00,1021.86,-0.00,0.00,-0.00,-0.00,-0.00,-0.00
23543.00,0.00,0.00,0.11,0.00,0.00,-3.52,0.00,0.00,-1336.62,-0.00,0.00,-0.00,-0.00,0.00,0.00
23548.00,0.00,0.00,0.19,0.00,0.00,15.42,0.00,0.00,3788.01,-0.00,0.00,-0.00,-0.00,0.00,-0.00
23565.00,0.00,0.00,0.20,0.00,0.00,0.79,0.00,0.00,-860.80,-0.00,0.00,-0.00,0.00,0.00,-0.00
23574.00,0.00,0.00,0.11,0.00,0.00,-10.72,0.00,0.00,-1279.19,-0.00,0.00,-0.00,-0.00,0.00,0.00
23579.00,0.00,0.00,0.11,0.00,0.00,1.02,0.00,0.00,2349.42,-0.00,0.00,-0.00,-0.00,0.00,0.00
23586.00,0.00,0.00,0.18,0.00,0.00,10.52,0.00,0.00,1356.21,-0.00,0.00,-0.00,-0.00,0.00,0.00
23595.00,0.00,0.00,0.19,0.00,0.00,0.99,0.00,0.00,-1058.42,-0.00,0.00,-0.00,0.00,0.00,0.00
23607.00,0.00,0.00,0.17,0.00,0.00,-2.28,0.00,0.00,-272.36,-0.00,0.00,-0.00,0.00,-0.00,0.00
23616.00,0.00,0.00,0.15,0.00,0.00,-1.66,0.00,0.00,68.39,-0.00,0.00,-0.00,0.00,0.00,0.00
23625.00,0.00,0.00,0.19,0.00,0.00,4.60,0.00,0.00,695.91,-0.00,0.00,-0.00,0.00,0.00,-0.00
23630.00,0.00,0.00,0.10,0.00,0.00,-18.70,0.00,0.00,-4660.48,-0.00,0.00,-0.00,-0.00,-0.00,0.00
23637.00,0.00,0.00,0.10,0.00,0.00,0.23,0.00,0.00,2704.48,-0.00,0.00,-0.00,-0.00,-0.00,0.00
23645.00,0.00,0.00,0.12,0.00,0.00,2.73,0.00,0.00,311.95,-0.00,0.00,-0.00,0.00,-0.00,-0.00
23662.00,0.00,0.00,0.19,0.00,0.00,4.12,0.00,0.00,81.74,-0.00,0.00,-0.00,-0.00,0.00,0.00
23668.00,0.00,0.00,0.22,0.00,0.00,4.39,0.00,0.00,44.82,-0.00,0.00,-0.00,-0.00,0.00,-0.00
23676.00,0.00,0.00,0.24,0.00,0.00,2.43,0.00,0.00,-245.02,-0.00,0.00,-0.00,0.00,-0.00,-0.00
23681.00,0.00,0.00,0.14,0.00,0.00,-19.23,0.00,0.00,-4332.02,-0.00,0.00,-0.00,-0.00,-0.00,-0.00
23692.00,0.00,0.00,0.21,0.00,0.00,6.31,0.00,0.00,2322.13,-0.00,0.00,-0.00,-0.00,0.00,0.00
23698.00,0.00,0.00,0.22,0.00,0.00,1.09,0.00,0.00,-869.59,-0.00,0.00,-0.00,-0.00,0.00,0.00
23706.00,0.00,0.00,0.23,0.00,0.00,1.64,0.00,0.00,68.00,-0.00,0.00,-0.00,0.00,0.00,0.00
23714.00,0.00,0.00,0.18,0.00,0.00,-6.09,0.00,0.00,-966.16,-0.00,0.00,-0.00,-0.00,0.00,0.00
23720.00,0.00,0.00,0.20,0.00,0.00,3.18,0.00,0.00,1546.11,-0.00,0.00,-0.00,-0.00,0.00,0.00
23727.00,0.00,0.00,0.17,0.00,0.00,-4.44,0.00,0.00,-1089.32,-0.00,0.00,-0.00,0.00,0.00,0.00
23734.00,0.00,0.00,0.14,0.00,0.00,-4.61,0.00,0.00,-24.06,-0.00,0.00,-0.00,0.00,0.00,0.00
23739.00,0.00,0.00,0.23,0.00,0.00,19.16,0.00,0.00,4754.91,-0.00,0.00,-0.00,0.00,0.00,0.00
23746.00,0.00,0.00,0.17,0.00,0.00,-8.81,0.00,0.00,-3995.89,-0.00,0.00,-0.00,0.00,-0.00,0.00
23765.00,0.00,0.00,0.16,0.00,0.00,-0.84,0.00,0.00,419.51,-0.00,0.00,-0.00,-0.00,0.00,0.00
23776.00,0.00,0.00,0.17,0.00,0.00,0.93,0.00,0.00,160.59,-0.00,0.00,-0.00,-0.00,-0.00,0.00
23782.00,0.00,0.00,0.13,0.00,0.00,-6.59,0.00,0.00,-1252.97,-0.00,0.00,-0.00,-0.00,0.00,0.00
23788.00,0.00,0.00,0.17,0.00,0.00,6.70,0.00,0.00,2214.05,-0.00,0.00,-0.00,-0.00,0.00,0.00
23796.00,0.00,0.00,0.18,0.00,0.00,1.02,0.00,0.00,-709.33,-0.00,0.00,-0.00,0.00,0.00,-0.00
23804.00,0.00,0.00,0.12,0.00,0.00,-6.52,0.00,0.00,-942.78,-0.00,0.00,-0.00,0.00,0.00,0.00
23809.00,0.00,0.00,0.16,0.00,0.00,7.23,0.00,0.00,2750.30,-0.00,0.00,-0.00,0.00,0.00,0.00
23816.00,0.00,0.00,0.20,0.00,0.00,5.67,0.00,0.00,-222.29,-0.00,0.00,-0.00,-0.00,0.00,0.00
23825.00,0.00,0.00,0.16,0.00,0.00,-4.59,0.00,0.00,-1140.49,-0.00,0.00,-0.00,-0.00,-0.00,0.00
23831.00,0.00,0.00,0.15,0.00,0.00,-1.46,0.00,0.00,521.80,-0.00,0.00,-0.00,-0.00,-0.00,0.00
23837.00,0.00,0.00,0.09,0.00,0.00,-9.82,0.00,0.00,-1394.15,-0.00,0.00,-0.00,-0.00,-0.00,0.00
23850.00,0.00,0.00,0.15,0.00,0.00,4.52,0.00,0.00,1103.21,-0.00,0.00,-0.00,-0.00,0.00,0.00
23867.00,0.00,0.00,0.10,0.00,0.00,-2.59,0.00,0.00,-417.98,-0.00,0.00,-0.00,0.00,0.00,0.00
23876.00,0.00,0.00,0.13,0.00,0.00,2.48,0.00,0.00,562.92,-0.00,0.00,-0.00,0.00,0.00,0.00
23881.00,0.00,0.00,0.16,0.00,0.00,7.15,0.00,0.00,934.39,-0.00,0.00,-0.00,0.00,-0.00,-0.00
23888.00,0.00,0.00,0.12,0.00,0.00,-5.40,0.00,0.00,-1792.73,-0.00,0.00,-0.00,0.00,-0.00,-0.00
23895.00,0.00,0.00,0.16,0.00,0.00,5.15,0.00,0.00,1506.54,-0.00,0.00,-0.00,-0.00,0.00,0.00
23903.00,0.00,0.00,0.07,0.00,0.00,-11.74,0.00,0.00,-2110.28,-0.00,0.00,-0.00,-0.00,-0.00,0.00
23909.00,0.00,0.00,0.14,0.00,0.00,12.76,0.00,0.00,4083.11,-0.00,0.00,-0.00,-0.00,-0.00,0.00
23916.00,0.00,0.00,0.09,0.00,0.00,-8.25,0.00,0.00,-3001.73,-0.00,0.00,-0.00,0.00,0.00,0.00
23925.00,0.00,0.00,0.08,0.00,0.00,-0.72,0.00,0.00,836.33,-0.00,0.00,-0.00,0.00,0.00,-0.00
23940.00,0.00,0.00,0.16,0.00,0.00,5.20,0.00,0.00,394.92,-0.00,0.00,-0.00,0.00,-0.00,0.00
23948.00,0.00,0.00,0.25,0.00,0.00,11.68,0.00,0.00,810.02,-0.00,0.00,-0.00,0.00,-0.00,0.00
23956.00,0.00,0.00,0.14,0.00,0.00,-14.11,0.00,0.00,-3224.37,-0.00,0.00,-0.00,-0.00,-0.00,0.00
23974.00,0.00,0.00,0.08,0.00,0.00,-3.37,0.00,0.00,596.57,-0.00,0.00,-0.00,0.00,0.00,0.00
23979.00,0.00,0.00,0.09,0.00,0.00,2.01,0.00,0.00,1076.63,-0.00,0.00,-0.00,0.00,0.00,0.00
23986.00,0.00,0.00,0.11,0.00,0.00,3.71,0.00,0.00,242.66,-0.00,0.00,-0.00,0.00,0.00,-0.00
23994.00,0.00,0.00,0.17,0.00,0.00,6.63,0.00,0.00,365.79,-0.00,0.00,-0.00,0.00,-0.00,0.00
23999.00,0.00,0.00,0.21,0.00,0.00,8.64,0.00,0.00,400.54,-0.00,0.00,-0.00,0.00,-0.00,0.00
24007.00,0.00,0.00,0.10,0.00,0.00,-13.48,0.00,0.00,-2764.81,-0.00,0.00,-0.00,0.00,0.00,0.00
24015.00,0.00,0.00,0.11,0.00,0.00,0.78,0.00,0.00,1782.40,-0.00,0.00,-0.00,0.00,0.00,0.00
24027.00,0.00,0.00,0.15,0.00,0.00,3.18,0.00,0.00,200.60,-0.00,0.00,-0.00,0.00,0.00,0.00
24034.00,0.00,0.00,0.11,0.00,0.00,-4.62,0.00,0.00,-1114.77,-0.00,0.00,-0.00,0.00,-0.00,0.00
24040.00,0.00,0.00,0.16,0.00,0.00,8.04,0.00,0.00,2109.16,-0.00,0.00,-0.00,0.00,-0.00,-0.00
24047.00,0.00,0.00,0.09,0.00,0.00,-10.55,0.00,0.00,-2655.58,-0.00,0.00,-0.00,0.00,0.00,-0.00
24056.00,0.00,0.00,0.13,0.00,0.00,5.17,0.00,0.00,1746.70,-0.00,0.00,-0.00,0.00,-0.00,0.00
24073.00,0.00,0.00,0.02,0.00,0.00,-6.72,0.00,0.00,-699.37,-0.00,0.00,-0.00,0.00,-0.00,0.00
24079.00,0.00,0.00,0.16,0.00,0.00,23.44,0.00,0.00,5027.26,-0.00,0.00,-0.00,0.00,-0.00,0.00
24085.00,0.00,0.00,0.17,0.00,0.00,1.00,0.00,0.00,-3740.83,-0.00,0.00,-0.00,0.00,-0.00,0.00
24091.00,0.00,0.00,0.13,0.00,0.00,-6.77,0.00,0.00,-1295.08,-0.00,0.00,-0.00,0.00,-0.00,0.00
24097.00,0.00,0.00,0.21,0.00,0.00,13.62,0.00,0.00,3399.80,-0.00,0.00,-0.00,0.00,0.00,0.00
24111.00,0.00,0.00,0.18,0.00,0.00,-2.01,0.00,0.00,-1116.43,-0.00,0.00,-0.00,0.00,-0.00,0.00
24118.00,0.00,0.00,0.17,0.00,0.00,-1.41,0.00,0.00,85.43,-0.00,0.00,-0.00,0.00,-0.00,0.00
24126.00,0.00,0.00,0.28,0.00,0.00,13.45,0.00,0.00,1856.86,-0.00,0.00,-0.00,-0.00,0.00,-0.00
24132.00,0.00,0.00,0.09,0.00,0.00,-30.60,0.00,0.00,-7341.00,-0.00,0.00,-0.00,0.00,0.00,-0.00
24138.00,0.00,0.00,0.21,0.00,0.00,19.19,0.00,0.00,8297.39,-0.00,0.00,-0.00,0.00,0.00,-0.00
24146.00,0.00,0.00,0.12,0.00,0.00,-10.75,0.00,0.00,-3741.94,-0.00,0.00,-0.00,0.00,0.00,-0.00
24154.00,0.00,0.00,0.09,0.00,0.00,-3.73,0.00,0.00,877.89,-0.00,0.00,-0.00,0.00,-0.00,0.00
24169.00,0.00,0.00,0.11,0.00,0.00,1.33,0.00,0.00,337.18,-0.00,0.00,-0.00,0.00,-0.00,-0.00
24177.00,0.00,0.00,0.20,0.00,0.00,10.51,0.00,0.00,1146.82,-0.00,0.00,-0.00,0.00,-0.00,0.00
24182.00,0.00,0.00,0.15,0.00,0.00,-9.17,0.00,0.00,-3934.96,-0.00,0.00,-0.00,0.00,0.00,0.00
24193.00,0.00,0.00,0.12,0.00,0.00,-2.42,0.00,0.00,613.87,-0.00,0.00,-0.00,0.00,-0.00,-0.00
24199.00,0.00,0.00,0.28,0.00,0.00,25.18,0.00,0.00,4599.05,-0.00,0.00,-0.00,0.00,-0.00,-0.00
24205.00,0.00,0.00,0.28,0.00,0.00,0.00,0.00,0.00,-4196.27,-0.00,0.00,-0.00,0.00,0.00,0.00
24208.00,0.00,0.00,0.18,0.00,0.00,-33.05,0.00,0.00,-11017.70,-0.00,0.00,-0.00,0.00,0.00,0.00
24216.00,0.00,0.00,0.15,0.00,0.00,-3.54,0.00,0.00,3688.98,-0.00,0.00,-0.00,0.00,-0.00,0.00
24224.00,0.00,0.00,0.17,0.00,0.00,3.28,0.00,0.00,852.15,-0.00,0.00,-0.00,0.00,0.00,0.00
24230.00,0.00,0.00,0.06,0.00,0.00,-18.89,0.00,0.00,-3693.61,-0.00,0.00,-0.00,0.00,0.00,0.00
24237.00,0.00,0.00,0.08,0.00,0.00,2.87,0.00,0.00,3108.17,-0.00,0.00,-0.00,0.00,0.00,0.00
24246.00,0.00,0.00,0.14,0.00,0.00,6.53,0.00,0.00,406.98,-0.00,0.00,-0.00,0.00,-0.00,0.00
24253.00,0.00,0.00,0.09,0.00,0.00,-6.56,0.00,0.00,-1870.30,-0.00,0.00,-0.00,-0.00,0.00,0.00
24273.00,0.00,0.00,0.08,0.00,0.00,-0.74,0.00,0.00,290.71,-0.00,0.00,-0.00,0.00,-0.00,0.00
24280.00,0.00,0.00,0.12,0.00,0.00,5.65,0.00,0.00,913.24,-0.00,0.00,-0.00,0.00,-0.00,0.00
24286.00,0.00,0.00,0.17,0.00,0.00,8.03,0.00,0.00,397.40,-0.00,0.00,-0.00,0.00,-0.01,0.00
24294.00,0.00,0.00,0.18,0.00,0.00,2.14,0.00,0.00,-737.03,-0.00,0.00,-0.00,0.00,-0.00,0.00
24299.00,0.00,0.00,0.19,0.00,0.00,1.14,0.00,0.00,-200.11,-0.00,0.00,-0.00,0.00,-0.00,0.00
24307.00,0.00,0.00,0.18,0.00,0.00,-1.17,0.00,0.00,-288.47,-0.00,0.00,-0.00,0.00,0.00,0.00
24316.00,0.00,0.00,0.07,0.00,0.00,-12.58,0.00,0.00,-1267.23,-0.00,0.00,-0.00,-0.00,0.00,-0.00
24323.00,0.00,0.00,0.20,0.00,0.00,18.98,0.00,0.00,4507.57,-0.00,0.00,-0.00,0.00,0.00,-0.00
24329.00,0.00,0.00,0.18,0.00,0.00,-3.10,0.00,0.00,-3679.19,-0.00,0.00,-0.00,0.00,0.00,-0.00
24335.00,0.00,0.00,0.25,0.00,0.00,10.72,0.00,0.00,2303.27,-0.00,0.00,-0.00,0.00,0.00,0.00
24351.00,0.00,0.00,0.16,0.00,0.00,-5.36,0.00,0.00,-1005.35,-0.00,0.00,-0.00,0.00,0.00,0.00
24368.00,0.00,0.00,0.15,0.00,0.00,-0.64,0.00,0.00,277.89,-0.00,0.00,-0.00,0.00,-0.00,-0.00
24377.00,0.00,0.00,0.14,0.00,0.00,-1.13,0.00,0.00,-54.25,-0.00,0.00,-0.00,-0.00,0.00,0.00
24382.00,0.00,0.00,0.11,0.00,0.00,-5.70,0.00,0.00,-913.92,-0.00,0.00,-0.00,-0.00,-0.00,0.00
24388.00,0.00,0.00,0.17,0.00,0.00,9.83,0.00,0.00,2587.94,-0.00,0.00,-0.00,-0.00,-0.00,0.00
24396.00,0.00,0.00,0.19,0.00,0.00,2.13,0.00,0.00,-962.28,-0.00,0.00,-0.00,-0.00,-0.00,0.00
24404.00,0.00,0.00,0.20,0.00,0.00,1.38,0.00,0.00,-93.91,-0.00,0.00,-0.00,-0.00,0.00,0.00
24409.00,0.00,0.00,0.16,0.00,0.00,-7.86,0.00,0.00,-1848.52,-0.00,0.00,-0.00,-0.00,-0.00,0.00
24417.00,0.00,0.00,0.17,0.00,0.00,1.39,0.00,0.00,1156.20,-0.00,0.00,-0.00,-0.00,-0.01,0.00
24426.00,0.00,0.00,0.18,0.00,0.00,1.31,0.00,0.00,-8.51,-0.00,0.00,-0.00,0.00,0.00,0.00
24436.00,0.00,0.00,0.20,0.00,0.00,1.38,0.00,0.00,7.00,-0.00,0.00,-0.00,-0.00,0.00,-0.00
24444.00,0.00,0.00,0.23,0.00,0.00,4.29,0.00,0.00,363.84,-0.00,0.00,-0.00,0.00,-0.00,0.00
24449.00,0.00,0.00,0.07,0.00,0.00,-31.39,0.00,0.00,-7136.56,-0.00,0.00,-0.00,0.00,-0.00,0.00
24467.00,0.00,0.00,0.18,0.00,0.00,5.90,0.00,0.00,2071.85,-0.00,0.00,-0.00,0.00,-0.00,-0.00
24475.00,0.00,0.00,0.14,0.00,0.00,-4.57,0.00,0.00,-1309.28,-0.00,0.00,-0.00,0.00,0.00,0.00
24480.00,0.00,0.00,0.12,0.00,0.00,-4.04,0.00,0.00,106.62,-0.00,0.00,-0.00,0.00,0.00,0.00
24487.00,0.00,0.00,0.17,0.00,0.00,7.36,0.00,0.00,1628.81,-0.00,0.00,-0.00,0.00,-0.01,0.00
24496.00,0.00,0.00,0.21,0.00,0.00,4.25,0.00,0.00,-346.30,-0.00,0.00,-0.00,-0.00,-0.00,0.00
24503.00,0.00,0.00,0.27,0.00,0.00,8.23,0.00,0.00,568.84,-0.00,0.00,-0.00,-0.00,0.00,0.00
24508.00,0.00,0.00,0.02,0.00,0.00,-49.32,0.00,0.00,-11510.41,-0.00,0.00,-0.00,0.00,0.00,0.00
24522.00,0.00,0.00,0.18,0.00,0.00,11.02,0.00,0.00,4310.47,-0.00,0.00,-0.00,0.00,-0.00,0.00
24529.00,0.00,0.00,0.09,0.00,0.00,-13.14,0.00,0.00,-3451.17,-0.00,0.00,-0.00,0.00,-0.00,-0.00
24536.00,0.00,0.00,0.12,0.00,0.00,5.40,0.00,0.00,2648.58,-0.00,0.00,-0.00,-0.00,0.00,0.00
24544.00,0.00,0.00,0.15,0.00,0.00,3.52,0.00,0.00,-235.63,-0.00,0.00,-0.00,-0.00,0.00,0.00
24549.00,0.00,0.00,0.12,0.00,0.00,-5.84,0.00,0.00,-1872.45,-0.00,0.00,-0.00,-0.00,0.00,0.00
24567.00,0.00,0.00,0.25,0.00,0.00,7.14,0.00,0.00,721.03,-0.00,0.00,-0.00,0.00,0.00,-0.00
24575.00,0.00,0.00,0.24,0.00,0.00,-1.57,0.00,0.00,-1088.46,-0.00,0.00,-0.00,0.00,0.00,-0.00
24580.00,0.00,0.00,0.19,0.00,0.00,-8.99,0.00,0.00,-1484.05,-0.00,0.00,-0.00,0.00,0.00,-0.00
24586.00,0.00,0.00,0.14,0.00,0.00,-8.41,0.00,0.00,97.86,-0.00,0.00,-0.00,0.00,-0.00,-0.00
24593.00,0.00,0.00,0.18,0.00,0.00,5.99,0.00,0.00,2056.50,-0.00,0.00,-0.00,0.00,-0.00,0.00
24604.00,0.00,0.00,0.10,0.00,0.00,-7.28,0.00,0.00,-1206.41,-0.00,0.00,-0.00,0.00,0.00,-0.00
24610.00,0.00,0.00,0.11,0.00,0.00,0.56,0.00,0.00,1307.27,-0.00,0.00,-0.00,0.00,0.00,-0.00
24617.00,0.00,0.00,0.15,0.00,0.00,6.70,0.00,0.00,876.66,-0.00,0.00,-0.00,0.00,0.00,0.00
24626.00,0.00,0.00,0.14,0.00,0.00,-1.54,0.00,0.00,-915.12,-0.00,0.00,-0.00,0.00,0.00,0.00
24631.00,0.00,0.00,0.23,0.00,0.00,17.89,0.00,0.00,3885.50,-0.00,0.00,-0.00,0.00,0.00,0.00
24638.00,0.00,0.00,0.13,0.00,0.00,-14.28,0.00,0.00,-4596.18,-0.00,0.00,-0.00,-0.00,-0.00,-0.00
24647.00,0.00,0.00,0.23,0.00,0.00,10.74,0.00,0.00,2780.07,-0.00,0.00,-0.00,0.00,0.00,0.00
24663.00,0.00,0.00,0.12,0.00,0.00,-6.91,0.00,0.00,-1103.27,-0.00,0.00,-0.00,0.00,0.00,-0.00
24669.00,0.00,0.00,0.21,0.00,0.00,15.79,0.00,0.00,3783.87,-0.00,0.00,-0.00,0.00,0.00,-0.00
24677.00,0.00,0.00,0.18,0.00,0.00,-3.86,0.00,0.00,-2455.88,-0.00,0.00,-0.00,0.00,-0.00,-0.00
24692.00,0.00,0.00,0.20,0.00,0.00,1.07,0.00,0.00,328.74,-0.00,0.00,-0.00,0.00,0.00,0.00
24700.00,0.00,0.00,0.16,0.00,0.00,-4.35,0.00,0.00,-678.18,-0.00,0.00,-0.00,0.00,0.00,0.00
24707.00,0.00,0.00,0.16,0.00,0.00,0.28,0.00,0.00,662.00,-0.00,0.00,-0.00,-0.00,0.00,0.00
24715.00,0.00,0.00,0.12,0.00,0.00,-5.34,0.00,0.00,-702.16,-0.00,0.00,-0.00,0.00,0.00,0.00
24721.00,0.00,0.00,0.21,0.00,0.00,15.18,0.00,0.00,3418.86,-0.00,0.00,-0.00,0.00,0.00,0.00
24728.00,0.00,0.00,0.14,0.00,0.00,-10.33,0.00,0.00,-3644.49,-0.00,0.00,-0.00,0.00,0.00,0.00
24734.00,0.00,0.00,0.14,0.00,0.00,-0.48,0.00,0.00,1642.27,-0.00,0.00,-0.00,0.00,0.00,0.00
24740.00,0.00,0.00,0.11,0.00,0.00,-4.87,0.00,0.00,-731.23,-0.00,0.00,-0.00,0.00,0.00,0.00
24747.00,0.00,0.00,0.13,0.00,0.00,3.50,0.00,0.00,1194.68,-0.00,0.00,-0.00,-0.00,-0.00,0.00
24765.00,0.00,0.00,0.12,0.00,0.00,-0.80,0.00,0.00,-238.88,-0.00,0.00,-0.00,-0.00,-0.00,0.00
24775.00,0.00,0.00,0.19,0.00,0.00,6.93,0.00,0.00,773.62,-0.00,0.00,-0.00,-0.00,0.00,0.00
24781.00,0.00,0.00,0.24,0.00,0.00,8.31,0.00,0.00,229.05,-0.00,0.00,-0.00,-0.00,0.00,0.00
24788.00,0.00,0.00,0.14,0.00,0.00,-14.25,0.00,0.00,-3222.97,-0.00,0.00,-0.00,0.00,0.00,0.00
24797.00,0.00,0.00,0.08,0.00,0.00,-6.10,0.00,0.00,905.65,-0.00,0.00,-0.00,0.00,0.00,0.00
24803.00,0.00,0.00,0.23,0.00,0.00,24.83,0.00,0.00,5156.02,-0.00,0.00,-0.00,0.00,0.00,0.00
24809.00,0.00,0.00,0.15,0.00,0.00,-13.77,0.00,0.00,-6433.98,-0.00,0.00,-0.00,0.00,0.00,0.00
24817.00,0.00,0.00,0.24,0.00,0.00,11.92,0.00,0.00,3211.88,-0.00,0.00,-0.00,-0.00,0.00,-0.00
24825.00,0.00,0.00,0.13,0.00,0.00,-14.56,0.00,0.00,-3310.21,-0.00,0.00,-0.00,-0.00,-0.00,-0.00
24830.00,0.00,0.00,0.07,0.00,0.00,-12.26,0.00,0.00,460.55,-0.00,0.00,-0.00,-0.00,-0.00,-0.00
24838.00,0.00,0.00,0.22,0.00,0.00,18.82,0.00,0.00,3884.59,-0.00,0.00,-0.00,-0.00,-0.00,0.00
24850.00,0.00,0.00,0.18,0.00,0.00,-2.85,0.00,0.00,-1805.72,-0.00,0.00,-0.00,-0.00,-0.00,-0.00
24868.00,0.00,0.00,0.20,0.00,0.00,1.08,0.00,0.00,218.34,-0.00,0.00,-0.00,0.00,-0.00,0.00
24878.00,0.00,0.00,0.22,0.00,0.00,1.95,0.00,0.00,86.49,-0.00,0.00,-0.00,0.00,0.00,0.00
24883.00,0.00,0.00,0.17,0.00,0.00,-9.72,0.00,0.00,-2333.16,-0.00,0.00,-0.00,-0.00,0.00,0.00
24889.00,0.00,0.00,0.16,0.00,0.00,-2.46,0.00,0.00,1209.40,-0.00,0.00,-0.00,-0.00,0.00,0.00
24897.00,0.00,0.00,0.15,0.00,0.00,-0.86,0.00,0.00,199.63,-0.00,0.00,-0.00,-0.00,0.00,-0.00
24905.00,0.00,0.00,0.16,0.00,0.00,1.34,0.00,0.00,275.17,-0.00,0.00,-0.00,-0.00,-0.00,0.00
24910.00,0.00,0.00,0.15,0.00,0.00,-3.02,0.00,0.00,-871.58,-0.00,0.00,-0.00,-0.00,-0.00,0.00
24918.00,0.00,0.00,0.11,0.00,0.00,-4.08,0.00,0.00,-132.11,-0.00,0.00,-0.00,0.00,-0.00,0.00
24926.00,0.00,0.00,0.15,0.00,0.00,3.97,0.00,0.00,1006.58,-0.00,0.00,-0.00,0.00,0.00,0.00
24937.00,0.00,0.00,0.22,0.00,0.00,6.66,0.00,0.00,244.51,-0.00,0.00,-0.00,-0.00,0.00,-0.00
24945.00,0.00,0.00,0.08,0.00,0.00,-16.90,0.00,0.00,-2945.35,-0.00,0.00,-0.00,0.00,0.00,-0.00
24950.00,0.00,0.00,0.13,0.00,0.00,9.55,0.00,0.00,5290.10,-0.00,0.00,-0.00,0.00,0.00,-0.00
24966.00,0.00,0.00,0.18,0.00,0.00,3.23,0.00,0.00,-395.12,-0.00,0.00,-0.00,-0.00,0.00,-0.00
24972.00,0.00,0.00,0.18,0.00,0.00,-1.30,0.00,0.00,-755.26,-0.00,0.00,-0.00,0.00,-0.00,0.00
24979.00,0.00,0.00,0.16,0.00,0.00,-1.58,0.00,0.00,-40.37,-0.00,0.00,-0.00,0.00,-0.00,0.00
24985.00,0.00,0.00,0.22,0.00,0.00,9.70,0.00,0.00,1880.63,-0.00,0.00,-0.00,0.00,0.00,0.00
24988.00,0.00,0.00,0.29,0.00,0.00,21.70,0.00,0.00,3998.51,-0.00,0.00,-0.00,0.00,-0.00,0.00
24994.00,0.00,0.00,0.11,0.00,0.00,-30.20,0.00,0.00,-8649.61,-0.00,0.00,-0.00,0.00,0.00,0.00
25000.00,0.00,0.00,0.19,0.00,0.00,13.58,0.00,0.00,7297.84,-0.00,0.00,-0.00,0.00,0.00,0.00
25012.00,0.00,0.00,0.04,0.00,0.00,-12.20,0.00,0.00,-2148.64,-0.00,0.00,-0.00,-0.00,0.00,0.00
25020.00,0.00,0.00,0.33,0.00,0.00,36.63,0.00,0.00,6104.23,-0.00,0.00,-0.00,0.00,0.00,0.00
25028.00,0.00,0.00,0.20,0.00,0.00,-16.33,0.00,0.00,-6620.00,-0.00,0.00,-0.00,-0.00,0.00,0.00
25034.00,0.00,0.00,0.17,0.00,0.00,-5.50,0.00,0.00,1803.83,-0.00,0.00,-0.00,-0.00,-0.00,-0.00
25039.00,0.00,0.00,0.16,0.00,0.00,-2.99,0.00,0.00,502.57,-0.00,0.00,-0.00,-0.00,-0.00,-0.00
25048.00,0.00,0.00,0.19,0.00,0.00,3.89,0.00,0.00,764.28,-0.00,0.00,-0.00,0.00,-0.00,-0.00
25056.00,0.00,0.00,0.16,0.00,0.00,-4.44,0.00,0.00,-1040.69,-0.00,0.00,-0.00,-0.00,0.00,0.00
25071.00,0.00,0.00,0.24,0.00,0.00,5.95,0.00,0.00,692.30,-0.00,0.00,-0.00,-0.00,-0.00,0.00
25079.00,0.00,0.00,0.14,0.00,0.00,-13.12,0.00,0.00,-2383.06,-0.00,0.00,-0.00,-0.00,0.00,0.00
25084.00,0.00,0.00,0.14,0.00,0.00,1.04,0.00,0.00,2831.77,-0.00,0.00,-0.00,-0.00,-0.00,-0.00
25095.00,0.00,0.00,0.18,0.00,0.00,2.96,0.00,0.00,174.45,-0.00,0.00,-0.00,0.00,-0.00,-0.00
25101.00,0.00,0.00,0.27,0.00,0.00,15.33,0.00,0.00,2060.67,-0.00,0.00,-0.00,0.00,-0.00,-0.00
25108.00,0.00,0.00,0.27,0.00,0.00,0.44,0.00,0.00,-2125.79,-0.00,0.00,-0.00,0.00,-0.00,0.00
25117.00,0.00,0.00,0.17,0.00,0.00,-10.97,0.00,0.00,-1268.05,-0.00,0.00,-0.00,0.00,0.00,0.00
25123.00,0.00,0.00,0.20,0.00,0.00,4.44,0.00,0.00,2568.73,-0.00,0.00,-0.00,0.00,0.00,0.00
25130.00,0.00,0.00,0.19,0.00,0.00,-1.85,0.00,0.00,-899.22,-0.00,0.00,-0.00,0.00,0.00,0.00
25136.00,0.00,0.00,0.20,0.00,0.00,2.40,0.00,0.00,708.72,-0.00,0.00,-0.00,-0.00,0.00,0.00
25142.00,0.00,0.00,0.18,0.00,0.00,-3.59,0.00,0.00,-999.20,-0.00,0.00,-0.00,-0.00,0.00,0.00
25149.00,0.00,0.00,0.18,0.00,0.00,-0.11,0.00,0.00,496.89,-0.00,0.00,-0.00,-0.00,0.00,0.00
25167.00,0.00,0.00,0.09,0.00,0.00,-4.89,0.00,0.00,-265.26,-0.00,0.00,-0.00,-0.00,-0.00,0.00
25179.00,0.00,0.00,0.23,0.00,0.00,11.73,0.00,0.00,1385.32,-0.00,0.00,-0.00,-0.00,-0.00,0.00
25185.00,0.00,0.00,0.10,0.00,0.00,-22.24,0.00,0.00,-5662.55,-0.00,0.00,-0.00,-0.00,0.00,-0.00
25191.00,0.00,0.00,0.09,0.00,0.00,-2.12,0.00,0.00,3353.38,-0.00,0.00,-0.00,-0.00,0.00,-0.00
25198.00,0.00,0.00,0.21,0.00,0.00,17.38,0.00,0.00,2785.70,-0.00,0.00,-0.00,0.00,0.00,-0.00
25206.00,0.00,0.00,0.17,0.00,0.00,-4.65,0.00,0.00,-2754.08,-0.00,0.00,-0.00,0.00,-0.00,-0.00
25211.00,0.00,0.00,0.16,0.00,0.00,-2.87,0.00,0.00,355.96,-0.00,0.00,-0.00,0.00,-0.00,-0.00
25219.00,0.00,0.00,0.21,0.00,0.00,6.14,0.00,0.00,1127.20,-0.00,0.00,-0.00,0.00,0.00,0.00
25227.00,0.00,0.00,0.19,0.00,0.00,-1.38,0.00,0.00,-940.25,-0.00,0.00,-0.00,0.00,0.00,-0.00
25233.00,0.00,0.00,0.23,0.00,0.00,5.37,0.00,0.00,1124.76,-0.00,0.00,-0.00,0.00,-0.00,-0.00
25239.00,0.00,0.00,0.11,0.00,0.00,-19.30,0.00,0.00,-4111.76,-0.00,0.00,-0.00,0.00,0.00,0.00
25248.00,0.00,0.00,0.14,0.00,0.00,3.42,0.00,0.00,2524.76,-0.00,0.00,-0.00,0.00,0.00,0.00
25266.00,0.00,0.00,0.16,0.00,0.00,1.29,0.00,0.00,-118.73,-0.00,0.00,-0.00,-0.00,-0.00,-0.00
25272.00,0.00,0.00,0.09,0.00,0.00,-11.83,0.00,0.00,-2185.23,-0.00,0.00,-0.00,0.00,-0.00,-0.00
25279.00,0.00,0.00,0.13,0.00,0.00,4.89,0.00,0.00,2388.59,-0.00,0.00,-0.00,0.00,0.00,-0.00
25285.00,0.00,0.00,0.11,0.00,0.00,-2.25,0.00,0.00,-1191.44,-0.00,0.00,-0.00,-0.00,0.01,0.00
25290.00,0.00,0.00,0.13,0.00,0.00,2.58,0.00,0.00,965.90,-0.00,0.00,-0.00,-0.00,0.01,0.00
25299.00,0.00,0.00,0.30,0.00,0.00,18.96,0.00,0.00,1820.45,-0.00,0.00,-0.00,-0.00,0.00,0.00
25306.00,0.00,0.00,0.24,0.00,0.00,-8.99,0.00,0.00,-3992.86,-0.00,0.00,-0.00,-0.00,0.00,-0.00
25312.00,0.00,0.00,0.13,0.00,0.00,-16.75,0.00,0.00,-1292.55,-0.00,0.00,-0.00,-0.00,0.00,-0.00
25319.00,0.00,0.00,0.20,0.00,0.00,9.38,0.00,0.00,3732.87,-0.00,0.00,-0.00,-0.00,0.00,-0.00
25330.00,0.00,0.00,0.24,0.00,0.00,3.38,0.00,0.00,-546.28,-0.00,0.00,-0.00,0.00,-0.00,-0.00
25335.00,0.00,0.00,0.24,0.00,0.00,0.00,0.00,0.00,-675.09,-0.00,0.00,-0.00,0.00,-0.00,-0.00
25340.00,0.00,0.00,0.24,0.00,0.00,0.69,0.00,0.00,137.52,-0.00,0.00,-0.00,0.00,0.00,0.00
25348.00,0.00,0.00,0.18,0.00,0.00,-7.97,0.00,0.00,-1082.35,-0.00,0.00,-0.00,0.00,-0.00,0.00
25365.00,0.00,0.00,0.15,0.00,0.00,-1.75,0.00,0.00,365.67,-0.00,0.00,-0.00,0.00,0.00,0.00
25371.00,0.00,0.00,0.20,0.00,0.00,8.92,0.00,0.00,1779.71,-0.00,0.00,-0.00,0.00,0.00,0.00
25379.00,0.00,0.00,0.19,0.00,0.00,-1.37,0.00,0.00,-1287.11,-0.00,0.00,-0.00,0.00,-0.00,0.00
25384.00,0.00,0.00,0.12,0.00,0.00,-14.40,0.00,0.00,-2606.27,-0.00,0.00,-0.00,0.00,-0.00,-0.00
25390.00,0.00,0.00,0.17,0.00,0.00,9.02,0.00,0.00,3904.32,-0.00,0.00,-0.00,0.00,-0.00,-0.00
25399.00,0.00,0.00,0.16,0.00,0.00,-1.29,0.00,0.00,-1146.12,-0.00,0.00,-0.00,-0.00,-0.00,-0.00
25417.00,0.00,0.00,0.14,0.00,0.00,-0.93,0.00,0.00,20.10,-0.00,0.00,-0.00,-0.00,0.00,0.00
25423.00,0.00,0.00,0.14,0.00,0.00,-1.36,0.00,0.00,-71.53,-0.00,0.00,-0.00,-0.00,0.00,0.00
25430.00,0.00,0.00,0.21,0.00,0.00,11.15,0.00,0.00,1787.21,-0.00,0.00,-0.00,0.00,0.00,0.00
25435.00,0.00,0.00,0.13,0.00,0.00,-16.37,0.00,0.00,-5504.47,-0.00,0.00,-0.00,0.00,0.00,-0.00
25440.00,0.00,0.00,0.22,0.00,0.00,17.32,0.00,0.00,6737.83,-0.00,0.00,-0.00,0.00,0.00,-0.00
25458.00,0.00,0.00,0.15,0.00,0.00,-3.74,0.00,0.00,-1169.83,-0.00,0.00,-0.00,0.00,0.00,0.00
25466.00,0.00,0.00,0.20,0.00,0.00,5.68,0.00,0.00,1177.52,-0.00,0.00,-0.00,0.00,-0.00,0.00
25472.00,0.00,0.00,0.16,0.00,0.00,-6.07,0.00,0.00,-1958.96,-0.00,0.00,-0.00,0.00,-0.00,-0.00
25480.00,0.00,0.00,0.13,0.00,0.00,-3.39,0.00,0.00,335.16,-0.00,0.00,-0.00,0.00,0.00,-0.00
25485.00,0.00,0.00,0.12,0.00,0.00,-2.62,0.00,0.00,155.26,-0.00,0.00,-0.00,-0.00,0.00,0.00
25496.00,0.00,0.00,0.19,0.00,0.00,6.11,0.00,0.00,793.70,-0.00,0.00,-0.00,0.00,-0.00,0.00
25502.00,0.00,0.00,0.26,0.00,0.00,12.47,0.00,0.00,1058.96,-0.00,0.00,-0.00,0.00,-0.00,0.00
25509.00,0.00,0.00,0.19,0.00,0.00,-10.69,0.00,0.00,-3307.84,-0.00,0.00,-0.00,-0.00,-0.00,0.00
25518.00,0.00,0.00,0.15,0.00,0.00,-4.01,0.00,0.00,741.63,-0.00,0.00,-0.00,-0.00,-0.00,-0.00
25524.00,0.00,0.00,0.20,0.00,0.00,8.59,0.00,0.00,2100.35,-0.00,0.00,-0.00,-0.00,-0.00,-0.00
25531.00,0.00,0.00,0.21,0.00,0.00,0.57,0.00,0.00,-1146.08,-0.00,0.00,-0.00,-0.00,0.00,0.00
25538.00,0.00,0.00,0.12,0.00,0.00,-12.97,0.00,0.00,-1934.21,-0.00,0.00,-0.00,0.00,0.00,0.00
25544.00,0.00,0.00,0.18,0.00,0.00,10.18,0.00,0.00,3858.18,-0.00,0.00,-0.00,-0.00,-0.00,0.00
25550.00,0.00,0.00,0.23,0.00,0.00,8.38,0.00,0.00,-299.49,-0.00,0.00,-0.00,-0.00,-0.00,0.00
25569.00,0.00,0.00,0.13,0.00,0.00,-5.04,0.00,0.00,-706.13,-0.00,0.00,-0.00,0.00,0.00,-0.00
25581.00,0.00,0.00,0.14,0.00,0.00,0.93,0.00,0.00,497.26,-0.00,0.00,-0.00,0.00,0.00,0.00
25588.00,0.00,0.00,0.20,0.00,0.00,8.52,0.00,0.00,1083.81,-0.00,0.00,-0.00,-0.00,0.00,0.00
25595.00,0.00,0.00,0.25,0.00,0.00,6.42,0.00,0.00,-299.90,-0.00,0.00,-0.00,-0.00,-0.00,0.00
25601.00,0.00,0.00,0.24,0.00,0.00,-1.46,0.00,0.00,-1312.26,-0.00,0.00,-0.00,-0.00,-0.00,0.00
25609.00,0.00,0.00,0.09,0.00,0.00,-18.92,0.00,0.00,-2183.47,-0.00,0.00,-0.00,0.00,-0.00,0.00
25617.00,0.00,0.00,0.18,0.00,0.00,11.53,0.00,0.00,3806.47,-0.00,0.00,-0.00,-0.00,-0.00,-0.00
25622.00,0.00,0.00,0.16,0.00,0.00,-4.13,0.00,0.00,-3130.63,-0.00,0.00,-0.00,-0.00,-0.00,-0.00
25630.00,0.00,0.00,0.18,0.00,0.00,2.94,0.00,0.00,883.02,-0.00,0.00,-0.00,0.00,-0.00,-0.00
25635.00,0.00,0.00,0.16,0.00,0.00,-4.63,0.00,0.00,-1514.47,-0.00,0.00,-0.00,-0.00,-0.00,0.00
25641.00,0.00,0.00,0.24,0.00,0.00,13.87,0.00,0.00,3083.22,-0.00,0.00,-0.00,-0.00,-0.00,0.00
25654.00,0.00,0.00,0.24,0.00,0.00,-0.51,0.00,0.00,-1105.63,-0.00,0.00,-0.00,-0.00,0.00,-0.00
25671.00,0.00,0.00,0.20,0.00,0.00,-1.90,0.00,0.00,-81.78,-0.00,0.00,-0.00,-0.00,0.00,0.00
25680.00,0.00,0.00,0.20,0.00,0.00,0.10,0.00,0.00,221.78,-0.00,0.00,-0.00,0.00,0.00,-0.00
25685.00,0.00,0.00,0.12,0.00,0.00,-17.63,0.00,0.00,-3546.15,-0.00,0.00,-0.00,0.00,-0.00,-0.00
25691.00,0.00,0.00,0.20,0.00,0.00,14.80,0.00,0.00,5405.62,-0.00,0.00,-0.00,-0.00,-0.00,0.00
25699.00,0.00,0.00,0.18,0.00,0.00,-3.47,0.00,0.00,-2283.99,-0.00,0.00,-0.00,0.00,-0.00,-0.00
25707.00,0.00,0.00,0.15,0.00,0.00,-2.80,0.00,0.00,83.33,-0.00,0.00,-0.00,-0.00,-0.00,-0.00
25712.00,0.00,0.00,0.15,0.00,0.00,-0.71,0.00,0.00,418.58,-0.00,0.00,-0.00,-0.00,-0.00,-0.00
25720.00,0.00,0.00,0.14,0.00,0.00,-1.17,0.00,0.00,-57.93,-0.00,0.00,-0.00,-0.00,-0.00,0.00
25729.00,0.00,0.00,0.19,0.00,0.00,5.37,0.00,0.00,727.34,-0.00,0.00,-0.00,0.00,-0.00,0.00
25738.00,0.00,0.00,0.29,0.00,0.00,10.80,0.00,0.00,602.82,-0.00,0.00,-0.00,-0.00,-0.00,0.00
25743.00,0.00,0.00,0.16,0.00,0.00,-24.54,0.00,0.00,-7066.50,-0.00,0.00,-0.00,-0.00,-0.00,0.00
25760.00,0.00,0.00,0.13,0.00,0.00,-2.09,0.00,0.00,1320.48,-0.00,0.00,-0.00,0.00,0.00,0.00
25768.00,0.00,0.00,0.17,0.00,0.00,5.06,0.00,0.00,893.94,-0.00,0.00,-0.00,0.00,0.00,0.00
25775.00,0.00,0.00,0.21,0.00,0.00,6.42,0.00,0.00,193.40,-0.00,0.00,-0.00,-0.00,-0.00,0.00
25781.00,0.00,0.00,0.15,0.00,0.00,-9.88,0.00,0.00,-2715.89,-0.00,0.00,-0.00,-0.00,-0.00,0.00
25787.00,0.00,0.00,0.14,0.00,0.00,-3.10,0.00,0.00,1129.30,-0.00,0.00,-0.00,-0.00,-0.00,-0.00
25793.00,0.00,0.00,0.21,0.00,0.00,11.80,0.00,0.00,2484.04,-0.00,0.00,-0.00,0.00,0.00,-0.00
25800.00,0.00,0.00,0.19,0.00,0.00,-2.46,0.00,0.00,-2037.27,-0.00,0.00,-0.00,0.00,0.00,-0.00
25806.00,0.00,0.00,0.18,0.00,0.00,-0.97,0.00,0.00,248.92,-0.00,0.00,-0.00,0.00,0.00,-0.00
25816.00,0.00,0.00,0.24,0.00,0.00,5.95,0.00,0.00,691.08,-0.00,0.00,-0.00,-0.00,-0.00,0.00
25823.00,0.00,0.00,0.19,0.00,0.00,-7.85,0.00,0.00,-1971.46,-0.00,0.00,-0.00,-0.00,0.00,0.00
25830.00,0.00,0.00,0.18,0.00,0.00,-0.69,0.00,0.00,1023.03,-0.00,0.00,-0.00,0.00,0.00,0.00
25836.00,0.00,0.00,0.26,0.00,0.00,13.27,0.00,0.00,2327.70,-0.00,0.00,-0.00,0.00,0.00,0.00
25841.00,0.00,0.00,0.22,0.00,0.00,-8.34,0.00,0.00,-4322.64,-0.00,0.00,-0.00,0.00,0.00,0.00
25850.00,0.00,0.00,0.17,0.00,0.00,-5.79,0.00,0.00,282.85,-0.00,0.00,-0.00,0.00,0.00,0.00
25858.00,0.00,0.00,0.20,0.00,0.00,3.24,0.00,0.00,1129.69,-0.00,0.00,-0.00,-0.00,-0.00,-0.00
25873.00,0.00,0.00,0.30,0.00,0.00,7.20,0.00,0.00,263.62,-0.00,0.00,-0.00,0.00,0.00,-0.00
25881.00,0.00,0.00,0.20,0.00,0.00,-12.31,0.00,0.00,-2438.04,-0.00,0.00,-0.00,0.00,0.00,0.00
25886.00,0.00,0.00,0.29,0.00,0.00,17.74,0.00,0.00,6009.39,-0.00,0.00,-0.00,-0.00,-0.00,-0.00
25897.00,0.00,0.00,0.26,0.00,0.00,-3.33,0.00,0.00,-1915.25,-0.00,0.00,-0.00,-0.00,-0.00,0.00
25903.00,0.00,0.00,0.19,0.00,0.00,-10.37,0.00,0.00,-1174.39,-0.00,0.00,-0.00,-0.00,-0.00,-0.00
25910.00,0.00,0.00,0.24,0.00,0.00,5.85,0.00,0.00,2317.34,-0.00,0.00,-0.00,0.00,-0.00,-0.00
25919.00,0.00,0.00,0.22,0.00,0.00,-2.18,0.00,0.00,-892.19,-0.00,0.00,-0.00,-0.00,0.00,-0.00
25925.00,0.00,0.00,0.22,0.00,0.00,1.30,0.00,0.00,580.05,-0.00,0.00,-0.00,-0.00,0.00,0.00
25931.00,0.00,0.00,0.20,0.00,0.00,-4.36,0.00,0.00,-943.44,-0.00,0.00,-0.00,-0.00,-0.00,0.00
25938.00,0.00,0.00,0.18,0.00,0.00,-2.57,0.00,0.00,256.19,-0.00,0.00,-0.00,-0.00,0.00,0.00
25943.00,0.00,0.00,0.27,0.00,0.00,18.80,0.00,0.00,4274.64,-0.00,0.00,-0.00,-0.00,0.00,-0.00
25950.00,0.00,0.00,0.24,0.00,0.00,-4.18,0.00,0.00,-3283.16,-0.00,0.00,-0.00,-0.00,0.00,-0.00
25969.00,0.00,0.00,0.17,0.00,0.00,-3.93,0.00,0.00,13.17,-0.00,0.00,-0.00,0.00,-0.00,0.00
25981.00,0.00,0.00,0.21,0.00,0.00,3.34,0.00,0.00,606.10,-0.00,0.00,-0.00,-0.00,-0.00,0.00
25987.00,0.00,0.00,0.21,0.00,0.00,-0.01,0.00,0.00,-559.80,-0.00,0.00,-0.00,-0.00,0.00,-0.00
25992.00,0.00,0.00,0.11,0.00,0.00,-20.56,0.00,0.00,-4108.46,-0.00,0.00,-0.00,-0.00,-0.00,-0.00
26000.00,0.00,0.00,0.20,0.00,0.00,11.76,0.00,0.00,4039.70,-0.00,0.00,-0.00,-0.00,-0.00,-0.00
26009.00,0.00,0.00,0.20,0.00,0.00,-0.49,0.00,0.00,-1361.63,-0.00,0.00,-0.00,-0.00,-0.00,0.00
26015.00,0.00,0.00,0.17,0.00,0.00,-4.56,0.00,0.00,-676.93,-0.00,0.00,-0.00,-0.00,-0.00,0.00
26021.00,0.00,0.00,0.12,0.00,0.00,-8.91,0.00,0.00,-725.37,-0.00,0.00,-0.00,-0.00,-0.00,0.00
26030.00,0.00,0.00,0.20,0.00,0.00,9.29,0.00,0.00,2022.35,-0.00,0.00,-0.00,0.00,0.00,-0.00
26035.00,0.00,0.00,0.25,0.00,0.00,9.61,0.00,0.00,62.75,-0.00,0.00,-0.00,0.00,-0.00,-0.00
26042.00,0.00,0.00,0.22,0.00,0.00,-4.30,0.00,0.00,-1986.52,-0.00,0.00,-0.00,0.00,-0.00,-0.00
26059.00,0.00,0.00,0.18,0.00,0.00,-2.11,0.00,0.00,128.69,-0.00,0.00,-0.00,0.00,0.00,0.00
26076.00,0.00,0.00,0.16,0.00,0.00,-1.24,0.00,0.00,51.07,-0.00,0.00,-0.00,-0.00,-0.00,0.00
26082.00,0.00,0.00,0.22,0.00,0.00,9.79,0.00,0.00,1838.51,-0.00,0.00,-0.00,-0.00,0.00,0.00
26089.00,0.00,0.00,0.11,0.00,0.00,-15.32,0.00,0.00,-3586.41,-0.00,0.00,-0.00,-0.00,0.00,0.00
26095.00,0.00,0.00,0.11,0.00,0.00,-0.02,0.00,0.00,2549.28,-0.00,0.00,-0.00,-0.00,0.00,0.00
26101.00,0.00,0.00,0.23,0.00,0.00,19.96,0.00,0.00,3329.78,-0.00,0.00,-0.00,-0.00,0.00,-0.00
26110.00,0.00,0.00,0.17,0.00,0.00,-6.75,0.00,0.00,-2967.30,-0.00,0.00,-0.00,-0.00,0.00,-0.00
26117.00,0.00,0.00,0.22,0.00,0.00,6.63,0.00,0.00,1910.69,-0.00,0.00,-0.00,-0.00,0.00,-0.00
26123.00,0.00,0.00,0.11,0.00,0.00,-17.45,0.00,0.00,-4013.01,-0.00,0.00,-0.00,-0.00,0.00,-0.00
26130.00,0.00,0.00,0.15,0.00,0.00,5.38,0.00,0.00,3261.56,-0.00,0.00,-0.00,0.00,0.00,-0.00
26141.00,0.00,0.00,0.13,0.00,0.00,-1.73,0.00,0.00,-646.59,-0.00,0.00,-0.00,-0.00,0.00,0.00
26160.00,0.00,0.00,0.19,0.00,0.00,2.93,0.00,0.00,245.52,-0.00,0.00,-0.00,-0.00,0.00,0.00
26168.00,0.00,0.00,0.20,0.00,0.00,2.21,0.00,0.00,-90.15,-0.00,0.00,-0.00,-0.00,0.00,0.00
26173.00,0.00,0.00,0.18,0.00,0.00,-5.24,0.00,0.00,-1489.82,-0.00,0.00,-0.00,0.00,0.00,0.00
26181.00,0.00,0.00,0.17,0.00,0.00,-0.79,0.00,0.00,555.91,-0.00,0.00,-0.00,0.00,0.00,0.00
26186.00,0.00,0.00,0.17,0.00,0.00,0.47,0.00,0.00,251.40,-0.00,0.00,-0.00,-0.00,0.00,0.00
26192.00,0.00,0.00,0.25,0.00,0.00,13.11,0.00,0.00,2108.05,-0.00,0.00,-0.00,-0.00,0.00,0.00
26200.00,0.00,0.00,0.08,0.00,0.00,-22.22,0.00,0.00,-4417.30,-0.00,0.00,-0.00,-0.00,0.00,0.00
26208.00,0.00,0.00,0.24,0.00,0.00,20.28,0.00,0.00,5312.58,-0.00,0.00,-0.00,0.00,-0.00,-0.00
26213.00,0.00,0.00,0.20,0.00,0.00,-7.10,0.00,0.00,-5474.50,-0.00,0.00,-0.00,-0.00,-0.00,-0.00
26226.00,0.00,0.00,0.14,0.00,0.00,-5.05,0.00,0.00,157.12,-0.00,0.00,-0.00,-0.00,0.00,0.00
26233.00,0.00,0.00,0.11,0.00,0.00,-4.33,0.00,0.00,103.18,-0.00,0.00,-0.00,-0.00,0.00,0.00
26240.00,0.00,0.00,0.18,0.00,0.00,11.17,0.00,0.00,2214.00,-0.00,0.00,-0.00,0.00,-0.00,0.00
26247.00,0.00,0.00,0.23,0.00,0.00,6.92,0.00,0.00,-606.62,-0.00,0.00,-0.00,-0.00,-0.00,0.00
26252.00,0.00,0.00,0.21,0.00,0.00,-3.66,0.00,0.00,-2115.28,-0.00,0.00,-0.00,-0.00,-0.00,0.00
26270.00,0.00,0.00,0.28,0.00,0.00,3.43,0.00,0.00,393.74,-0.00,0.00,-0.00,0.00,0.00,-0.00
26279.00,0.00,0.00,0.19,0.00,0.00,-9.90,0.00,0.00,-1481.46,-0.00,0.00,-0.00,-0.00,0.00,0.00
26284.00,0.00,0.00,0.15,0.00,0.00,-7.47,0.00,0.00,486.66,-0.00,0.00,-0.00,-0.00,0.00,0.00
26291.00,0.00,0.00,0.29,0.00,0.00,20.15,0.00,0.00,3945.02,-0.00,0.00,-0.00,-0.00,0.00,0.00
26300.00,0.00,0.00,0.28,0.00,0.00,-1.73,0.00,0.00,-2430.62,-0.00,0.00,-0.00,0.00,-0.00,-0.00
26312.00,0.00,0.00,0.19,0.00,0.00,-6.70,0.00,0.00,-414.50,-0.00,0.00,-0.00,0.00,0.01,0.00
26321.00,0.00,0.00,0.16,0.00,0.00,-3.86,0.00,0.00,315.73,-0.00,0.00,-0.00,0.00,0.00,0.00
26329.00,0.00,0.00,0.30,0.00,0.00,17.19,0.00,0.00,2631.38,-0.00,0.00,-0.00,0.00,-0.00,-0.00
26335.00,0.00,0.00,0.27,0.00,0.00,-5.08,0.00,0.00,-3712.43,-0.00,0.00,-0.00,0.00,-0.00,-0.00
26341.00,0.00,0.00,0.16,0.00,0.00,-17.06,0.00,0.00,-1995.29,-0.00,0.00,-0.00,0.00,0.00,0.00
26360.00,0.00,0.00,0.20,0.00,0.00,1.73,0.00,0.00,988.97,-0.00,0.00,-0.00,-0.00,-0.00,0.00
26367.00,0.00,0.00,0.09,0.00,0.00,-14.75,0.00,0.00,-2355.01,-0.00,0.00,-0.00,-0.00,0.00,-0.00
26372.00,0.00,0.00,0.17,0.00,0.00,15.28,0.00,0.00,6006.90,-0.00,0.00,-0.00,-0.00,0.00,-0.00
26381.00,0.00,0.00,0.29,0.00,0.00,13.00,0.00,0.00,-253.27,-0.00,0.00,-0.00,0.00,-0.00,0.00
26386.00,0.00,0.00,0.19,0.00,0.00,-18.85,0.00,0.00,-6370.17,-0.00,0.00,-0.00,0.00,-0.00,0.00
26397.00,0.00,0.00,0.31,0.00,0.00,10.80,0.00,0.00,2694.78,-0.00,0.00,-0.00,-0.00,0.00,0.00
26403.00,0.00,0.00,0.19,0.00,0.00,-21.17,0.00,0.00,-5327.95,-0.00,0.00,-0.00,-0.00,0.00,0.00
26411.00,0.00,0.00,0.21,0.00,0.00,2.51,0.00,0.00,2959.84,-0.00,0.00,-0.00,0.00,-0.00,0.00
26420.00,0.00,0.00,0.19,0.00,0.00,-1.83,0.00,0.00,-481.58,-0.00,0.00,-0.00,0.00,0.00,-0.00
26425.00,0.00,0.00,0.22,0.00,0.00,6.24,0.00,0.00,1613.25,-0.00,0.00,-0.00,0.00,0.00,-0.00
26432.00,0.00,0.00,0.16,0.00,0.00,-8.30,0.00,0.00,-2076.99,-0.00,0.00,-0.00,-0.00,0.00,0.00
26437.00,0.00,0.00,0.24,0.00,0.00,16.51,0.00,0.00,4962.16,-0.00,0.00,-0.00,-0.00,0.00,-0.00
26442.00,0.00,0.00,0.22,0.00,0.00,-5.18,0.00,0.00,-4337.58,-0.00,0.00,-0.00,-0.00,0.00,-0.00
26461.00,0.00,0.00,0.11,0.00,0.00,-5.95,0.00,0.00,-40.88,-0.00,0.00,-0.00,0.00,-0.00,0.00
26469.00,0.00,0.00,0.06,0.00,0.00,-5.77,0.00,0.00,22.85,-0.00,0.00,-0.00,-0.00,-0.00,0.00
26479.00,0.00,0.00,0.15,0.00,0.00,9.51,0.00,0.00,1528.25,-0.00,0.00,-0.00,0.00,-0.00,-0.00
26485.00,0.00,0.00,0.18,0.00,0.00,5.03,0.00,0.00,-746.64,-0.00,0.00,-0.00,-0.00,-0.00,-0.00
26492.00,0.00,0.00,0.22,0.00,0.00,5.67,0.00,0.00,90.92,-0.00,0.00,-0.00,-0.00,0.00,0.00
26500.00,0.00,0.00,0.29,0.00,0.00,8.15,0.00,0.00,309.69,-0.00,0.00,-0.00,-0.00,0.00,0.00
26508.00,0.00,0.00,0.14,0.00,0.00,-18.70,0.00,0.00,-3355.21,-0.00,0.00,-0.00,0.00,0.00,-0.00
26514.00,0.00,0.00,0.15,0.00,0.00,2.38,0.00,0.00,3513.10,-0.00,0.00,-0.00,0.00,0.00,-0.00
26520.00,0.00,0.00,0.24,0.00,0.00,14.80,0.00,0.00,2068.88,-0.00,0.00,-0.00,-0.00,-0.00,0.00
26526.00,0.00,0.00,0.14,0.00,0.00,-17.25,0.00,0.00,-5340.73,-0.00,0.00,-0.00,-0.00,-0.00,-0.00
26532.00,0.00,0.00,0.24,0.00,0.00,16.34,0.00,0.00,5597.99,-0.00,0.00,-0.00,-0.00,-0.00,-0.00
26539.00,0.00,0.00,0.30,0.00,0.00,9.40,0.00,0.00,-991.89,-0.00,0.00,-0.00,-0.01,0.00,0.00
26549.00,0.00,0.00,0.26,0.00,0.00,-4.38,0.00,0.00,-1377.79,-0.00,0.00,-0.00,0.00,-0.00,0.00
26565.00,0.00,0.00,0.11,0.00,0.00,-9.18,0.00,0.00,-299.92,-0.00,0.00,-0.00,-0.00,0.00,-0.00
26572.00,0.00,0.00,0.21,0.00,0.00,13.47,0.00,0.00,3236.08,-0.00,0.00,-0.00,-0.00,-0.00,-0.00
26580.00,0.00,0.00,0.13,0.00,0.00,-10.04,0.00,0.00,-2938.97,-0.00,0.00,-0.00,-0.00,0.00,0.00
26586.00,0.00,0.00,0.37,0.00,0.00,39.92,0.00,0.00,8327.27,-0.00,0.00,-0.00,-0.00,0.00,0.00
26592.00,0.00,0.00,0.21,0.00,0.00,-26.27,0.00,0.00,-11031.76,-0.00,0.00,-0.00,-0.00,0.00,0.00
26601.00,0.00,0.00,0.19,0.00,0.00,-1.86,0.00,0.00,2711.45,-0.00,0.00,-0.00,0.00,0.00,0.00
26609.00,0.00,0.00,0.17,0.00,0.00,-3.16,0.00,0.00,-161.85,-0.00,0.00,-0.00,-0.00,0.00,0.00
26614.00,0.00,0.00,0.22,0.00,0.00,10.08,0.00,0.00,2647.37,-0.00,0.00,-0.00,-0.00,0.00,0.00
26621.00,0.00,0.00,0.24,0.00,0.00,2.80,0.00,0.00,-1040.01,-0.00,0.00,-0.00,-0.00,0.00,0.00
26635.00,0.00,0.00,0.21,0.00,0.00,-1.91,0.00,0.00,-336.40,-0.00,0.00,-0.00,-0.00,-0.00,0.00
26643.00,0.00,0.00,0.22,0.00,0.00,1.62,0.00,0.00,441.76,-0.00,0.00,-0.00,-0.00,0.00,0.00
26651.00,0.00,0.00,0.12,0.00,0.00,-13.25,0.00,0.00,-1858.72,-0.00,0.00,-0.00,0.00,-0.00,0.00
26668.00,0.00,0.00,0.11,0.00,0.00,-0.14,0.00,0.00,771.19,-0.00,0.00,-0.00,0.00,0.00,-0.00
26673.00,0.00,0.00,0.17,0.00,0.00,11.92,0.00,0.00,2410.70,-0.00,0.00,-0.00,0.00,0.00,-0.00
26681.00,0.00,0.00,0.29,0.00,0.00,14.40,0.00,0.00,309.85,-0.00,0.00,-0.00,0.00,0.00,-0.00
26686.00,0.00,0.00,0.16,0.00,0.00,-26.57,0.00,0.00,-8192.57,-0.00,0.00,-0.00,0.00,-0.00,-0.00
26692.00,0.00,0.00,0.21,0.00,0.00,8.13,0.00,0.00,5782.85,-0.00,0.00,-0.00,-0.00,-0.00,0.00
26701.00,0.00,0.00,0.16,0.00,0.00,-4.66,0.00,0.00,-1421.41,-0.00,0.00,-0.00,0.00,-0.00,-0.00
26709.00,0.00,0.00,0.27,0.00,0.00,13.29,0.00,0.00,2244.11,-0.00,0.00,-0.00,-0.00,-0.00,0.00
26719.00,0.00,0.00,0.30,0.00,0.00,3.01,0.00,0.00,-1028.31,-0.00,0.00,-0.00,0.00,-0.00,0.00
26725.00,0.00,0.00,0.19,0.00,0.00,-18.90,0.00,0.00,-3650.98,-0.00,0.00,-0.00,-0.00,-0.00,0.00
26732.00,0.00,0.00,0.12,0.00,0.00,-9.34,0.00,0.00,1365.71,-0.00,0.00,-0.00,-0.00,-0.00,0.00
26738.00,0.00,0.00,0.15,0.00,0.00,5.50,0.00,0.00,2473.66,-0.00,0.00,-0.00,-0.00,0.00,0.00
26743.00,0.00,0.00,0.24,0.00,0.00,17.08,0.00,0.00,2316.21,-0.00,0.00,-0.00,-0.00,0.00,0.00
26761.00,0.00,0.00,0.32,0.00,0.00,4.49,0.00,0.00,-699.83,-0.00,0.00,-0.00,-0.00,0.00,0.00
26769.00,0.00,0.00,0.09,0.00,0.00,-28.99,0.00,0.00,-4184.76,-0.00,0.00,-0.00,-0.00,0.00,0.00
26774.00,0.00,0.00,0.16,0.00,0.00,13.48,0.00,0.00,8495.05,-0.00,0.00,-0.00,-0.00,0.00,0.00
26782.00,0.00,0.00,0.27,0.00,0.00,13.68,0.00,0.00,24.89,-0.00,0.00,-0.00,0.00,0.00,0.00
26787.00,0.00,0.00,0.10,0.00,0.00,-33.56,0.00,0.00,-9449.64,-0.00,0.00,-0.00,0.00,-0.00,0.00
26803.00,0.00,0.00,0.20,0.00,0.00,6.42,0.00,0.00,2498.94,-0.00,0.00,-0.00,0.00,0.00,0.00
26812.00,0.00,0.00,0.33,0.00,0.00,14.88,0.00,0.00,940.50,-0.00,0.00,-0.00,-0.00,0.00,0.00
26820.00,0.00,0.00,0.23,0.00,0.00,-13.39,0.00,0.00,-3534.57,-0.00,0.00,-0.00,0.00,0.00,0.00
26827.00,0.00,0.00,0.25,0.00,0.00,2.75,0.00,0.00,2306.65,-0.00,0.00,-0.00,0.00,0.00,0.00
26833.00,0.00,0.00,0.17,0.00,0.00,-11.89,0.00,0.00,-2440.50,-0.00,0.00,-0.00,0.00,0.00,0.00
26840.00,0.00,0.00,0.16,0.00,0.00,-2.26,0.00,0.00,1376.16,-0.00,0.00,-0.00,-0.00,0.01,0.00
26845.00,0.00,0.00,0.20,0.00,0.00,7.85,0.00,0.00,2021.83,-0.00,0.00,-0.00,-0.00,0.00,0.00
26862.00,0.00,0.00,0.16,0.00,0.00,-2.05,0.00,0.00,-582.56,-0.00,0.00,-0.00,0.00,0.00,-0.00
26871.00,0.00,0.00,0.16,0.00,0.00,-0.14,0.00,0.00,212.76,-0.00,0.00,-0.00,-0.00,0.00,0.00
26878.00,0.00,0.00,0.22,0.00,0.00,7.80,0.00,0.00,1133.84,-0.00,0.00,-0.00,0.00,0.00,0.00
26889.00,0.00,0.00,0.27,0.00,0.00,4.89,0.00,0.00,-264.27,-0.00,0.00,-0.00,-0.00,0.00,-0.00
26895.00,0.00,0.00,0.13,0.00,0.00,-23.05,0.00,0.00,-4657.65,-0.00,0.00,-0.00,-0.00,0.00,-0.00
26902.00,0.00,0.00,0.20,0.00,0.00,9.11,0.00,0.00,4594.80,-0.00,0.00,-0.00,0.00,0.00,-0.00
26911.00,0.00,0.00,0.25,0.00,0.00,6.28,0.00,0.00,-314.10,-0.00,0.00,-0.00,0.00,0.00,-0.00
26917.00,0.00,0.00,0.19,0.00,0.00,-10.99,0.00,0.00,-2878.90,-0.00,0.00,-0.00,-0.00,0.00,-0.00
26923.00,0.00,0.00,0.18,0.00,0.00,-0.92,0.00,0.00,1677.52,-0.00,0.00,-0.00,-0.00,0.00,-0.00
26931.00,0.00,0.00,0.22,0.00,0.00,4.26,0.00,0.00,647.88,-0.00,0.00,-0.00,0.00,0.00,0.00
26937.00,0.00,0.00,0.12,0.00,0.00,-15.54,0.00,0.00,-3300.58,-0.00,0.00,-0.00,0.00,-0.00,0.00
26943.00,0.00,0.00,0.19,0.00,0.00,11.12,0.00,0.00,4443.98,-0.00,0.00,-0.00,0.00,-0.00,0.00
26961.00,0.00,0.00,0.20,0.00,0.00,0.89,0.00,0.00,-568.51,-0.00,0.00,-0.00,-0.00,0.00,0.00
26973.00,0.00,0.00,0.11,0.00,0.00,-7.65,0.00,0.00,-711.05,-0.00,0.00,-0.00,-0.00,0.00,-0.00
26983.00,0.00,0.00,0.22,0.00,0.00,10.73,0.00,0.00,1837.23,-0.00,0.00,-0.00,0.00,0.00,0.00
26988.00,0.00,0.00,0.19,0.00,0.00,-6.89,0.00,0.00,-3524.01,-0.00,0.00,-0.00,0.00,0.00,0.00
26994.00,0.00,0.00,0.11,0.00,0.00,-12.00,0.00,0.00,-850.30,-0.00,0.00,-0.00,0.00,0.00,-0.00
27002.00,0.00,0.00,0.29,0.00,0.00,21.46,0.00,0.00,4182.29,-0.00,0.00,-0.00,0.00,-0.00,-0.00
27007.00,0.00,0.00,0.27,0.00,0.00,-3.09,0.00,0.00,-4911.08,-0.00,0.00,-0.00,0.00,-0.00,-0.00
27012.00,0.00,0.00,0.23,0.00,0.00,-7.05,0.00,0.00,-790.79,-0.00,0.00,-0.00,0.00,-0.00,-0.00
27021.00,0.00,0.00,0.20,0.00,0.00,-3.99,0.00,0.00,339.17,-0.00,0.00,-0.00,-0.00,-0.00,0.00
27029.00,0.00,0.00,0.19,0.00,0.00,-0.66,0.00,0.00,417.25,-0.00,0.00,-0.00,-0.00,0.00,0.00
27034.00,0.00,0.00,0.18,0.00,0.00,-2.85,0.00,0.00,-437.96,-0.00,0.00,-0.00,-0.00,0.00,0.00
27046.00,0.00,0.00,0.31,0.00,0.00,10.63,0.00,0.00,1123.12,-0.00,0.00,-0.00,-0.00,0.00,0.00
27063.00,0.00,0.00,0.22,0.00,0.00,-4.96,0.00,0.00,-917.16,-0.00,0.00,-0.00,-0.00,-0.00,0.00
27072.00,0.00,0.00,0.20,0.00,0.00,-2.34,0.00,0.00,291.34,-0.00,0.00,-0.00,0.00,0.00,0.00
27080.00,0.00,0.00,0.25,0.00,0.00,5.89,0.00,0.00,1028.62,-0.00,0.00,-0.00,-0.00,-0.00,0.00
27085.00,0.00,0.00,0.02,0.00,0.00,-45.28,0.00,0.00,-10234.74,-0.00,0.00,-0.00,-0.00,-0.00,0.00
27092.00,0.00,0.00,0.12,0.00,0.00,13.37,0.00,0.00,8378.75,-0.00,0.00,-0.00,-0.00,-0.00,-0.00
27101.00,0.00,0.00,0.16,0.00,0.00,4.73,0.00,0.00,-960.15,-0.00,0.00,-0.00,0.00,-0.00,0.00
27107.00,0.00,0.00,0.16,0.00,0.00,-0.41,0.00,0.00,-856.00,-0.00,0.00,-0.00,-0.00,-0.00,-0.00
27113.00,0.00,0.00,0.28,0.00,0.00,21.25,0.00,0.00,3609.76,-0.00,0.00,-0.00,-0.00,-0.00,-0.00
27121.00,0.00,0.00,0.21,0.00,0.00,-8.91,0.00,0.00,-3770.27,-0.00,0.00,-0.00,-0.00,-0.00,0.00
27134.00,0.00,0.00,0.25,0.00,0.00,2.79,0.00,0.00,899.94,-0.00,0.00,-0.00,0.00,0.00,-0.00
27142.00,0.00,0.00,0.18,0.00,0.00,-8.00,0.00,0.00,-1347.78,-0.00,0.00,-0.00,0.00,0.00,0.00
27150.00,0.00,0.00,0.17,0.00,0.00,-1.36,0.00,0.00,829.92,-0.00,0.00,-0.00,-0.00,0.00,0.00
27165.00,0.00,0.00,0.16,0.00,0.00,-0.61,0.00,0.00,49.96,-0.00,0.00,-0.00,-0.00,0.00,0.00
27173.00,0.00,0.00,0.22,0.00,0.00,6.88,0.00,0.00,936.24,-0.00,0.00,-0.00,-0.00,0.00,0.00
27181.00,0.00,0.00,0.18,0.00,0.00,-4.41,0.00,0.00,-1411.98,-0.00,0.00,-0.00,-0.00,-0.00,-0.00
27187.00,0.00,0.00,0.14,0.00,0.00,-7.57,0.00,0.00,-526.65,-0.00,0.00,-0.00,0.00,0.00,-0.00
27193.00,0.00,0.00,0.17,0.00,0.00,5.33,0.00,0.00,2150.77,-0.00,0.00,-0.00,0.00,0.00,-0.00
27200.00,0.00,0.00,0.22,0.00,0.00,6.75,0.00,0.00,203.19,-0.00,0.00,-0.00,-0.00,-0.00,0.00
27205.00,0.00,0.00,0.19,0.00,0.00,-6.54,0.00,0.00,-2657.95,-0.00,0.00,-0.00,-0.00,-0.00,0.00
27218.00,0.00,0.00,0.25,0.00,0.00,4.67,0.00,0.00,861.87,-0.00,0.00,-0.00,0.00,0.00,0.00
27222.00,0.00,0.00,0.27,0.00,0.00,5.89,0.00,0.00,304.17,-0.00,0.00,-0.00,0.00,0.00,-0.00
27229.00,0.00,0.00,0.23,0.00,0.00,-5.44,0.00,0.00,-1618.42,-0.00,0.00,-0.00,-0.00,-0.00,0.00
27234.00,0.00,0.00,0.18,0.00,0.00,-9.47,0.00,0.00,-805.39,-0.00,0.00,-0.00,-0.00,-0.00,0.00
27242.00,0.00,0.00,0.19,0.00,0.00,0.75,0.00,0.00,1277.58,-0.00,0.00,-0.00,0.00,0.00,0.00
27250.00,0.00,0.00,0.24,0.00,0.00,6.41,0.00,0.00,707.98,-0.00,0.00,-0.00,0.00,0.00,-0.00
27265.00,0.00,0.00,0.21,0.00,0.00,-2.40,0.00,0.00,-587.82,-0.00,0.00,-0.00,0.00,-0.00,0.00
27273.00,0.00,0.00,0.18,0.00,0.00,-3.51,0.00,0.00,-138.33,-0.00,0.00,-0.00,0.00,-0.00,-0.00
27281.00,0.00,0.00,0.16,0.00,0.00,-2.77,0.00,0.00,92.90,-0.00,0.00,-0.00,-0.00,0.00,0.00
27287.00,0.00,0.00,0.23,0.00,0.00,12.23,0.00,0.00,2500.01,-0.00,0.00,-0.00,-0.00,0.00,0.00
27298.00,0.00,0.00,0.12,0.00,0.00,-10.02,0.00,0.00,-2023.12,-0.00,0.00,-0.00,-0.00,0.00,0.00
27305.00,0.00,0.00,0.16,0.00,0.00,6.03,0.00,0.00,2292.91,-0.00,0.00,-0.00,-0.00,0.00,0.00
27312.00,0.00,0.00,0.21,0.00,0.00,6.85,0.00,0.00,117.28,-0.00,0.00,-0.00,-0.00,0.00,0.00
27321.00,0.00,0.00,0.19,0.00,0.00,-2.18,0.00,0.00,-1003.42,-0.00,0.00,-0.00,-0.00,0.00,-0.00
27326.00,0.00,0.00,0.20,0.00,0.00,1.89,0.00,0.00,814.35,-0.00,0.00,-0.00,-0.00,0.00,-0.00
27333.00,0.00,0.00,0.24,0.00,0.00,5.60,0.00,0.00,529.46,-0.00,0.00,-0.00,0.00,0.00,0.00
27339.00,0.00,0.00,0.17,0.00,0.00,-10.52,0.00,0.00,-2686.18,-0.00,0.00,-0.00,0.00,0.00,0.00
27345.00,0.00,0.00,0.25,0.00,0.00,13.37,0.00,0.00,3982.10,-0.00,0.00,-0.00,0.00,0.00,0.00
27352.00,0.00,0.00,0.26,0.00,0.00,0.81,0.00,0.00,-1794.96,-0.00,0.00,-0.00,0.00,0.00,-0.00
27367.00,0.00,0.00,0.26,0.00,0.00,0.09,0.00,0.00,-47.71,-0.00,0.00,-0.00,-0.00,-0.00,0.00
27379.00,0.00,0.00,0.21,0.00,0.00,-3.98,0.00,0.00,-339.40,-0.00,0.00,-0.00,-0.00,0.00,0.00
27385.00,0.00,0.00,0.25,0.00,0.00,6.31,0.00,0.00,1715.80,-0.00,0.00,-0.00,-0.00,0.00,0.00
27392.00,0.00,0.00,0.10,0.00,0.00,-21.94,0.00,0.00,-4036.15,-0.00,0.00,-0.00,-0.00,0.00,-0.00
27399.00,0.00,0.00,0.26,0.00,0.00,22.95,0.00,0.00,6412.36,-0.00,0.00,-0.00,0.00,-0.00,0.00
27404.00,0.00,0.00,0.08,0.00,0.00,-36.35,0.00,0.00,-11859.69,-0.00,0.00,-0.00,0.00,-0.00,0.00
27413.00,0.00,0.00,0.18,0.00,0.00,11.55,0.00,0.00,5322.72,-0.00,0.00,-0.00,0.00,0.00,-0.00
27421.00,0.00,0.00,0.26,0.00,0.00,10.47,0.00,0.00,-136.18,-0.00,0.00,-0.00,-0.00,0.00,0.00
27427.00,0.00,0.00,0.15,0.00,0.00,-19.65,0.00,0.00,-5018.87,-0.00,0.00,-0.00,0.00,0.00,-0.00
27434.00,0.00,0.00,0.14,0.00,0.00,-1.30,0.00,0.00,2621.05,-0.00,0.00,-0.00,0.00,0.00,-0.00
27440.00,0.00,0.00,0.15,0.00,0.00,2.25,0.00,0.00,591.73,-0.00,0.00,-0.00,0.00,-0.00,0.00
27450.00,0.00,0.00,0.12,0.00,0.00,-3.40,0.00,0.00,-565.28,-0.00,0.00,-0.00,0.00,0.00,-0.00
27465.00,0.00,0.00,0.23,0.00,0.00,7.20,0.00,0.00,706.72,-0.00,0.00,-0.00,0.00,0.00,0.00
27473.00,0.00,0.00,0.24,0.00,0.00,1.22,0.00,0.00,-746.73,-0.00,0.00,-0.00,0.00,0.00,0.00
27482.00,0.00,0.00,0.23,0.00,0.00,-0.71,0.00,0.00,-215.24,-0.00,0.00,-0.00,-0.00,0.00,0.00
27488.00,0.00,0.00,0.18,0.00,0.00,-8.83,0.00,0.00,-1352.49,-0.00,0.00,-0.00,0.00,-0.00,0.00
27494.00,0.00,0.00,0.19,0.00,0.00,2.97,0.00,0.00,1966.54,-0.00,0.00,-0.00,0.00,-0.00,0.00
27502.00,0.00,0.00,0.15,0.00,0.00,-5.76,0.00,0.00,-1091.84,-0.00,0.00,-0.00,0.00,-0.00,0.00
27510.00,0.00,0.00,0.20,0.00,0.00,7.03,0.00,0.00,1598.73,-0.00,0.00,-0.00,0.00,0.00,-0.00
27516.00,0.00,0.00,0.19,0.00,0.00,-2.43,0.00,0.00,-1576.12,-0.00,0.00,-0.00,0.00,0.00,-0.00
27523.00,0.00,0.00,0.13,0.00,0.00,-8.57,0.00,0.00,-876.60,-0.00,0.00,-0.00,0.00,0.00,-0.00
27541.00,0.00,0.00,0.24,0.00,0.00,5.89,0.00,0.00,802.88,-0.00,0.00,-0.00,0.00,0.00,0.00
27548.00,0.00,0.00,0.21,0.00,0.00,-3.10,0.00,0.00,-1283.22,-0.00,0.00,-0.00,0.00,0.00,0.00
27554.00,0.00,0.00,0.16,0.00,0.00,-8.16,0.00,0.00,-844.48,-0.00,0.00,-0.00,0.00,0.00,0.00
27572.00,0.00,0.00,0.20,0.00,0.00,1.79,0.00,0.00,553.09,-0.00,0.00,-0.00,-0.00,0.00,-0.00
27580.00,0.00,0.00,0.17,0.00,0.00,-3.75,0.00,0.00,-693.29,-0.00,0.00,-0.00,0.00,0.00,0.00
27585.00,0.00,0.00,0.18,0.00,0.00,2.33,0.00,0.00,1217.50,-0.00,0.00,-0.00,0.00,0.00,0.00
27592.00,0.00,0.00,0.27,0.00,0.00,12.57,0.00,0.00,1462.16,-0.00,0.00,-0.00,0.00,0.00,0.00
27598.00,0.00,0.00,0.22,0.00,0.00,-8.35,0.00,0.00,-3486.42,-0.00,0.00,-0.00,0.00,0.00,0.00
27604.00,0.00,0.00,0.16,0.00,0.00,-8.67,0.00,0.00,-53.40,-0.00,0.00,-0.00,0.00,0.00,0.00
27612.00,0.00,0.00,0.25,0.00,0.00,10.94,0.00,0.00,2451.42,-0.00,0.00,-0.00,0.00,-0.00,-0.00
27625.00,0.00,0.00,0.20,0.00,0.00,-4.17,0.00,0.00,-1161.94,-0.00,0.00,-0.00,0.00,0.00,0.00
27634.00,0.00,0.00,0.11,0.00,0.00,-9.37,0.00,0.00,-578.63,-0.00,0.00,-0.00,0.00,0.00,0.00
27639.00,0.00,0.00,0.13,0.00,0.00,4.36,0.00,0.00,2745.81,-0.00,0.00,-0.00,0.00,0.00,-0.00
27645.00,0.00,0.00,0.15,0.00,0.00,2.87,0.00,0.00,-247.26,-0.00,0.00,-0.00,0.00,0.00,-0.00
27652.00,0.00,0.00,0.23,0.00,0.00,10.78,0.00,0.00,1129.86,-0.00,0.00,-0.00,0.00,-0.00,0.00
27670.00,0.00,0.00,0.15,0.00,0.00,-4.41,0.00,0.00,-844.18,-0.00,0.00,-0.00,0.00,-0.00,0.00
27675.00,0.00,0.00,0.27,0.00,0.00,24.49,0.00,0.00,5780.05,-0.00,0.00,-0.00,0.00,-0.00,0.00
27683.00,0.00,0.00,0.18,0.00,0.00,-10.99,0.00,0.00,-4434.05,-0.00,0.00,-0.00,0.00,0.00,0.00
27689.00,0.00,0.00,0.17,0.00,0.00,-1.48,0.00,0.00,1584.94,-0.00,0.00,-0.00,0.00,0.00,-0.00
27695.00,0.00,0.00,0.21,0.00,0.00,6.24,0.00,0.00,1286.77,-0.00,0.00,-0.00,0.00,0.00,-0.00
27708.00,0.00,0.00,0.18,0.00,0.00,-2.22,0.00,0.00,-651.26,-0.00,0.00,-0.00,0.00,0.00,0.00
27715.00,0.00,0.00,0.16,0.00,0.00,-2.49,0.00,0.00,-38.19,-0.00,0.00,-0.00,0.00,-0.00,0.00
27723.00,0.00,0.00,0.27,0.00,0.00,12.75,0.00,0.00,1905.51,-0.00,0.00,-0.00,0.00,-0.00,0.00
27731.00,0.00,0.00,0.13,0.00,0.00,-16.65,0.00,0.00,-3676.23,-0.00,0.00,-0.00,0.00,0.00,0.00
27736.00,0.00,0.00,0.23,0.00,0.00,18.49,0.00,0.00,7028.98,-0.00,0.00,-0.00,0.00,0.00,0.00
27743.00,0.00,0.00,0.12,0.00,0.00,-15.55,0.00,0.00,-4863.47,-0.00,0.00,-0.00,0.00,0.00,-0.00
27751.00,0.00,0.00,0.29,0.00,0.00,22.12,0.00,0.00,4708.99,-0.00,0.00,-0.00,0.00,0.00,-0.00
27767.00,0.00,0.00,0.21,0.00,0.00,-5.39,0.00,0.00,-1719.48,-0.00,0.00,-0.00,0.00,0.00,0.00
27771.00,0.00,0.00,0.11,0.00,0.00,-23.74,0.00,0.00,-4585.44,-0.00,0.00,-0.00,-0.00,0.00,0.00
27776.00,0.00,0.00,0.22,0.00,0.00,20.45,0.00,0.00,8837.31,-0.00,0.00,-0.00,-0.00,0.00,0.00
27789.00,0.00,0.00,0.17,0.00,0.00,-3.44,0.00,0.00,-1837.48,-0.00,0.00,-0.00,-0.00,-0.00,0.00
27796.00,0.00,0.00,0.17,0.00,0.00,0.24,0.00,0.00,525.74,-0.00,0.00,-0.00,-0.00,-0.00,-0.00
27803.00,0.00,0.00,0.21,0.00,0.00,5.83,0.00,0.00,797.67,-0.00,0.00,-0.00,-0.00,0.00,-0.00
27811.00,0.00,0.00,0.12,0.00,0.00,-11.59,0.00,0.00,-2177.31,-0.00,0.00,-0.00,0.00,-0.00,-0.00
27816.00,0.00,0.00,0.10,0.00,0.00,-3.88,0.00,0.00,1541.35,-0.00,0.00,-0.00,0.00,-0.00,0.00
27824.00,0.00,0.00,0.17,0.00,0.00,9.04,0.00,0.00,1615.82,-0.00,0.00,-0.00,0.00,0.00,0.00
27833.00,0.00,0.00,0.19,0.00,0.00,2.33,0.00,0.00,-745.29,-0.00,0.00,-0.00,0.00,0.00,0.00
27838.00,0.00,0.00,0.18,0.00,0.00,-1.99,0.00,0.00,-865.38,-0.00,0.00,-0.00,-0.00,-0.00,0.00
27844.00,0.00,0.00,0.21,0.00,0.00,4.57,0.00,0.00,1093.32,-0.00,0.00,-0.00,-0.00,-0.00,0.00
27863.00,0.00,0.00,0.22,0.00,0.00,0.52,0.00,0.00,-212.91,-0.00,0.00,-0.00,0.00,-0.00,-0.00
27875.00,0.00,0.00,0.28,0.00,0.00,4.90,0.00,0.00,364.87,-0.00,0.00,-0.00,0.00,-0.00,0.00
27884.00,0.00,0.00,0.19,0.00,0.00,-9.99,0.00,0.00,-1654.43,-0.00,0.00,-0.00,0.00,-0.00,0.00
27889.00,0.00,0.00,0.13,0.00,0.00,-11.72,0.00,0.00,-346.43,-0.00,0.00,-0.00,0.00,0.00,-0.00
27895.00,0.00,0.00,0.19,0.00,0.00,10.32,0.00,0.00,3674.23,-0.00,0.00,-0.00,0.00,0.00,-0.00
27903.00,0.00,0.00,0.21,0.00,0.00,2.07,0.00,0.00,-1032.17,-0.00,0.00,-0.00,-0.00,-0.00,0.00
27911.00,0.00,0.00,0.21,0.00,0.00,0.21,0.00,0.00,-232.14,-0.00,0.00,-0.00,0.00,-0.00,-0.00
27916.00,0.00,0.00,0.29,0.00,0.00,16.06,0.00,0.00,3170.11,-0.00,0.00,-0.00,0.00,-0.00,-0.00
27924.00,0.00,0.00,0.28,0.00,0.00,-1.00,0.00,0.00,-2132.65,-0.00,0.00,-0.00,0.00,-0.00,-0.00
27933.00,0.00,0.00,0.21,0.00,0.00,-8.79,0.00,0.00,-865.22,-0.00,0.00,-0.00,0.00,0.00,-0.00
27938.00,0.00,0.00,0.17,0.00,0.00,-6.66,0.00,0.00,425.30,-0.00,0.00,-0.00,0.00,0.00,0.00
27949.00,0.00,0.00,0.14,0.00,0.00,-2.80,0.00,0.00,350.89,-0.00,0.00,-0.00,-0.00,-0.00,0.00
27965.00,0.00,0.00,0.26,0.00,0.00,7.73,0.00,0.00,658.16,-0.00,0.00,-0.00,-0.00,0.01,0.00
27974.00,0.00,0.00,0.18,0.00,0.00,-9.85,0.00,0.00,-1952.66,-0.00,0.00,-0.00,-0.00,0.01,-0.00
27982.00,0.00,0.00,0.25,0.00,0.00,9.22,0.00,0.00,2383.75,-0.00,0.00,-0.00,0.00,0.00,0.00
27988.00,0.00,0.00,0.20,0.00,0.00,-8.28,0.00,0.00,-2917.18,-0.00,0.00,-0.00,0.00,0.00,0.00
27994.00,0.00,0.00,0.18,0.00,0.00,-3.83,0.00,0.00,740.77,-0.00,0.00,-0.00,0.00,0.00,0.00
28003.00,0.00,0.00,0.17,0.00,0.00,-1.06,0.00,0.00,308.54,-0.00,0.00,-0.00,0.00,-0.00,0.00
28010.00,0.00,0.00,0.14,0.00,0.00,-3.91,0.00,0.00,-407.73,-0.00,0.00,-0.00,0.00,-0.00,-0.00
28016.00,0.00,0.00,0.21,0.00,0.00,12.04,0.00,0.00,2657.88,-0.00,0.00,-0.00,-0.00,-0.01,0.00
28023.00,0.00,0.00,0.21,0.00,0.00,-0.36,0.00,0.00,-1771.41,-0.00,0.00,-0.00,-0.00,-0.01,0.00
28036.00,0.00,0.00,0.16,0.00,0.00,-3.59,0.00,0.00,-248.00,-0.00,0.00,-0.00,-0.00,0.00,0.00
28044.00,0.00,0.00,0.19,0.00,0.00,3.60,0.00,0.00,898.18,-0.00,0.00,-0.00,-0.00,-0.00,0.00
28053.00,0.00,0.00,0.22,0.00,0.00,3.16,0.00,0.00,-49.21,-0.00,0.00,-0.00,0.00,0.00,0.00
28070.00,0.00,0.00,0.15,0.00,0.00,-3.89,0.00,0.00,-414.70,-0.00,0.00,-0.00,-0.00,-0.00,0.00
28075.00,0.00,0.00,0.15,0.00,0.00,0.00,0.00,0.00,778.98,-0.00,0.00,-0.00,0.00,-0.00,0.00
28079.00,0.00,0.00,0.20,0.00,0.00,11.86,0.00,0.00,2963.83,-0.00,0.00,-0.00,-0.00,-0.00,0.00
28085.00,0.00,0.00,0.17,0.00,0.00,-6.11,0.00,0.00,-2994.10,-0.00,0.00,-0.00,-0.00,0.00,0.00
28091.00,0.00,0.00,0.16,0.00,0.00,-1.16,0.00,0.00,825.31,-0.00,0.00,-0.00,0.00,-0.00,0.00
28097.00,0.00,0.00,0.25,0.00,0.00,15.45,0.00,0.00,2767.81,-0.00,0.00,-0.00,0.00,-0.00,0.00
28104.00,0.00,0.00,0.21,0.00,0.00,-6.21,0.00,0.00,-3093.84,-0.00,0.00,-0.00,0.00,-0.00,0.00
28117.00,0.00,0.00,0.28,0.00,0.00,5.48,0.00,0.00,898.97,-0.00,0.00,-0.00,-0.00,0.00,-0.00
28125.00,0.00,0.00,0.21,0.00,0.00,-8.93,0.00,0.00,-1801.65,-0.00,0.00,-0.00,-0.00,0.00,0.00
28133.00,0.00,0.00,0.20,0.00,0.00,-1.28,0.00,0.00,956.55,-0.00,0.00,-0.00,0.00,-0.00,0.00
28139.00,0.00,0.00,0.16,0.00,0.00,-5.59,0.00,0.00,-718.65,-0.00,0.00,-0.00,0.00,0.00,0.00
28145.00,0.00,0.00,0.20,0.00,0.00,6.31,0.00,0.00,1984.71,-0.00,0.00,-0.00,0.00,0.00,0.00
28163.00,0.00,0.00,0.07,0.00,0.00,-7.50,0.00,0.00,-767.45,-0.00,0.00,-0.00,0.00,-0.00,0.00
28171.00,0.00,0.00,0.27,0.00,0.00,25.29,0.00,0.00,4098.54,-0.00,0.00,-0.00,0.00,0.00,0.00
28176.00,0.00,0.00,0.22,0.00,0.00,-10.60,0.00,0.00,-7177.88,-0.00,0.00,-0.00,0.00,0.00,0.00
28184.00,0.00,0.00,0.19,0.00,0.00,-2.88,0.00,0.00,964.82,-0.00,0.00,-0.00,0.00,0.00,0.00
28190.00,0.00,0.00,0.13,0.00,0.00,-11.08,0.00,0.00,-1366.99,-0.00,0.00,-0.00,0.00,0.00,-0.00
28201.00,0.00,0.00,0.24,0.00,0.00,10.68,0.00,0.00,1978.25,-0.00,0.00,-0.00,-0.00,-0.00,-0.00
28207.00,0.00,0.00,0.22,0.00,0.00,-3.13,0.00,0.00,-2301.90,-0.00,0.00,-0.00,-0.00,-0.00,-0.00
28214.00,0.00,0.00,0.26,0.00,0.00,5.64,0.00,0.00,1254.14,-0.00,0.00,-0.00,-0.00,0.00,0.00
28222.00,0.00,0.00,0.16,0.00,0.00,-12.61,0.00,0.00,-2281.77,-0.00,0.00,-0.00,-0.00,-0.00,-0.00
28228.00,0.00,0.00,0.16,0.00,0.00,-0.69,0.00,0.00,1987.35,-0.00,0.00,-0.00,-0.00,-0.00,-0.00
28235.00,0.00,0.00,0.19,0.00,0.00,3.68,0.00,0.00,623.20,-0.00,0.00,-0.00,-0.00,-0.00,0.00
28241.00,0.00,0.00,0.21,0.00,0.00,4.15,0.00,0.00,78.97,-0.00,0.00,-0.00,-0.00,0.00,0.00
28247.00,0.00,0.00,0.28,0.00,0.00,10.88,0.00,0.00,1121.64,-0.00,0.00,-0.00,-0.00,0.00,0.00
28254.00,0.00,0.00,0.21,0.00,0.00,-9.38,0.00,0.00,-2894.12,-0.00,0.00,-0.00,-0.00,0.00,0.00
28272.00,0.00,0.00,0.21,0.00,0.00,0.24,0.00,0.00,534.62,-0.00,0.00,-0.00,0.00,0.00,0.00
28287.00,0.00,0.00,0.13,0.00,0.00,-5.43,0.00,0.00,-378.08,-0.00,0.00,-0.00,-0.00,0.00,0.00
28295.00,0.00,0.00,0.16,0.00,0.00,3.15,0.00,0.00,1071.98,-0.00,0.00,-0.00,0.00,0.00,0.00
28303.00,0.00,0.00,0.22,0.00,0.00,7.85,0.00,0.00,587.72,-0.00,0.00,-0.00,0.00,-0.00,0.00
28311.00,0.00,0.00,0.16,0.00,0.00,-7.84,0.00,0.00,-1961.46,-0.00,0.00,-0.00,0.00,-0.00,0.00
28316.00,0.00,0.00,0.24,0.00,0.00,16.89,0.00,0.00,4945.10,-0.00,0.00,-0.00,0.00,-0.00,0.00
28324.00,0.00,0.00,0.24,0.00,0.00,-0.18,0.00,0.00,-2132.68,-0.00,0.00,-0.00,0.00,-0.00,0.00
28333.00,0.00,0.00,0.16,0.00,0.00,-9.42,0.00,0.00,-1027.14,-0.00,0.00,-0.00,-0.00,-0.00,0.00
28338.00,0.00,0.00,0.24,0.00,0.00,17.74,0.00,0.00,5432.26,-0.00,0.00,-0.00,-0.00,0.00,0.00
28345.00,0.00,0.00,0.17,0.00,0.00,-10.03,0.00,0.00,-3966.59,-0.00,0.00,-0.00,-0.00,0.00,0.00
28363.00,0.00,0.00,0.21,0.00,0.00,1.86,0.00,0.00,660.07,-0.00,0.00,-0.00,0.00,-0.00,0.00
28375.00,0.00,0.00,0.21,0.00,0.00,-0.18,0.00,0.00,-170.02,-0.00,0.00,-0.00,0.00,-0.00,0.00
28385.00,0.00,0.00,0.25,0.00,0.00,4.07,0.00,0.00,424.95,-0.00,0.00,-0.00,0.00,0.00,0.00
28390.00,0.00,0.00,0.07,0.00,0.00,-34.81,0.00,0.00,-7774.88,-0.00,0.00,-0.00,0.00,0.00,0.00
28396.00,0.00,0.00,0.18,0.00,0.00,18.65,0.00,0.00,8910.56,-0.00,0.00,-0.00,0.00,0.00,0.00
28404.00,0.00,0.00,0.33,0.00,0.00,18.72,0.00,0.00,7.63,-0.00,0.00,-0.00,0.00,0.00,-0.00
28412.00,0.00,0.00,0.29,0.00,0.00,-5.97,0.00,0.00,-3085.25,-0.00,0.00,-0.00,-0.00,-0.00,-0.00
28417.00,0.00,0.00,0.19,0.00,0.00,-19.20,0.00,0.00,-2646.15,-0.00,0.00,-0.00,-0.00,-0.00,-0.00
28425.00,0.00,0.00,0.21,0.00,0.00,2.34,0.00,0.00,2692.74,-0.00,0.00,-0.00,0.00,-0.00,-0.00
28434.00,0.00,0.00,0.23,0.00,0.00,1.83,0.00,0.00,-57.44,-0.00,0.00,-0.00,0.00,-0.00,-0.00
28439.00,0.00,0.00,0.27,0.00,0.00,8.84,0.00,0.00,1402.07,-0.00,0.00,-0.00,0.00,-0.00,-0.00
28450.00,0.00,0.00,0.27,0.00,0.00,0.46,0.00,0.00,-761.43,-0.00,0.00,-0.00,0.00,-0.00,-0.00
28466.00,0.00,0.00,0.20,0.00,0.00,-4.79,0.00,0.00,-328.48,-0.00,0.00,-0.00,0.00,-0.00,0.00
28475.00,0.00,0.00,0.14,0.00,0.00,-6.52,0.00,0.00,-191.51,-0.00,0.00,-0.00,0.00,-0.00,-0.00
28483.00,0.00,0.00,0.22,0.00,0.00,10.08,0.00,0.00,2075.30,-0.00,0.00,-0.00,0.00,-0.00,-0.00
28488.00,0.00,0.00,0.29,0.00,0.00,13.99,0.00,0.00,780.07,-0.00,0.00,-0.00,0.00,-0.00,-0.00
28495.00,0.00,0.00,0.35,0.00,0.00,8.36,0.00,0.00,-803.83,-0.00,0.00,-0.00,0.00,-0.00,-0.00
28504.00,0.00,0.00,0.21,0.00,0.00,-15.28,0.00,0.00,-2626.23,-0.00,0.00,-0.00,-0.00,-0.00,-0.00
28511.00,0.00,0.00,0.20,0.00,0.00,-1.82,0.00,0.00,1923.08,-0.00,0.00,-0.00,0.00,-0.00,0.00
28517.00,0.00,0.00,0.25,0.00,0.00,9.43,0.00,0.00,1873.55,-0.00,0.00,-0.00,0.00,-0.00,0.00
28524.00,0.00,0.00,0.24,0.00,0.00,-1.70,0.00,0.00,-1588.62,-0.00,0.00,-0.00,0.00,-0.01,-0.00
28538.00,0.00,0.00,0.19,0.00,0.00,-3.70,0.00,0.00,-143.43,-0.00,0.00,-0.00,-0.00,-0.00,-0.00
28546.00,0.00,0.00,0.25,0.00,0.00,6.88,0.00,0.00,1322.68,-0.00,0.00,-0.00,-0.00,-0.00,-0.00
28554.00,0.00,0.00,0.19,0.00,0.00,-7.47,0.00,0.00,-1792.94,-0.00,0.00,-0.00,0.00,-0.00,-0.00
28571.00,0.00,0.00,0.16,0.00,0.00,-1.37,0.00,0.00,358.62,-0.00,0.00,-0.00,0.00,0.00,0.00
28577.00,0.00,0.00,0.24,0.00,0.00,13.35,0.00,0.00,2453.70,-0.00,0.00,-0.00,0.00,0.00,-0.00
28585.00,0.00,0.00,0.14,0.00,0.00,-12.59,0.00,0.00,-3242.81,-0.00,0.00,-0.00,0.00,0.00,-0.00
28590.00,0.00,0.00,0.18,0.00,0.00,7.27,0.00,0.00,3972.39,-0.00,0.00,-0.00,0.00,0.00,-0.00
28596.00,0.00,0.00,0.23,0.00,0.00,9.29,0.00,0.00,335.48,-0.00,0.00,-0.00,-0.00,-0.00,-0.00
28605.00,0.00,0.00,0.23,0.00,0.00,-0.79,0.00,0.00,-1119.65,-0.00,0.00,-0.00,-0.00,0.00,0.00
28612.00,0.00,0.00,0.23,0.00,0.00,0.34,0.00,0.00,161.56,-0.00,0.00,-0.00,0.00,0.00,0.00
28623.00,0.00,0.00,0.11,0.00,0.00,-11.12,0.00,0.00,-1042.27,-0.00,0.00,-0.00,0.00,-0.00,-0.00
28629.00,0.00,0.00,0.17,0.00,0.00,11.11,0.00,0.00,3705.47,-0.00,0.00,-0.00,0.00,0.00,-0.00
28636.00,0.00,0.00,0.20,0.00,0.00,3.55,0.00,0.00,-1079.05,-0.00,0.00,-0.00,0.00,0.00,0.00
28642.00,0.00,0.00,0.29,0.00,0.00,14.37,0.00,0.00,1802.89,-0.00,0.00,-0.00,0.00,0.00,-0.00
28647.00,0.00,0.00,0.18,0.00,0.00,-20.19,0.00,0.00,-6912.21,-0.00,0.00,-0.00,0.00,-0.00,-0.00
28664.00,0.00,0.00,0.16,0.00,0.00,-1.67,0.00,0.00,1089.29,-0.00,0.00,-0.00,0.00,-0.01,0.00
28672.00,0.00,0.00,0.22,0.00,0.00,7.41,0.00,0.00,1135.39,-0.00,0.00,-0.00,0.00,0.00,-0.00
28678.00,0.00,0.00,0.14,0.00,0.00,-11.73,0.00,0.00,-3190.27,-0.00,0.00,-0.00,-0.00,0.00,-0.00
28686.00,0.00,0.00,0.27,0.00,0.00,15.98,0.00,0.00,3464.33,-0.00,0.00,-0.00,-0.00,-0.00,0.00
28691.00,0.00,0.00,0.18,0.00,0.00,-19.29,0.00,0.00,-7054.28,-0.00,0.00,-0.00,0.00,-0.01,0.00
28702.00,0.00,0.00,0.19,0.00,0.00,1.41,0.00,0.00,1881.44,-0.00,0.00,-0.00,0.00,0.00,0.00
28708.00,0.00,0.00,0.23,0.00,0.00,5.83,0.00,0.00,737.04,-0.00,0.00,-0.00,0.00,-0.00,-0.00
28715.00,0.00,0.00,0.26,0.00,0.00,4.75,0.00,0.00,-155.17,-0.00,0.00,-0.00,0.00,-0.00,-0.00
28724.00,0.00,0.00,0.28,0.00,0.00,2.28,0.00,0.00,-273.80,-0.00,0.00,-0.00,-0.00,-0.00,-0.00
28730.00,0.00,0.00,0.19,0.00,0.00,-14.33,0.00,0.00,-2767.94,-0.00,0.00,-0.00,0.00,0.00,-0.00
28737.00,0.00,0.00,0.19,0.00,0.00,-0.67,0.00,0.00,1951.59,-0.00,0.00,-0.00,0.00,0.00,-0.00
28743.00,0.00,0.00,0.21,0.00,0.00,3.14,0.00,0.00,634.85,-0.00,0.00,-0.00,-0.00,0.00,0.00
28749.00,0.00,0.00,0.20,0.00,0.00,-1.06,0.00,0.00,-700.56,-0.00,0.00,-0.00,-0.00,-0.00,0.00
28755.00,0.00,0.00,0.18,0.00,0.00,-3.07,0.00,0.00,-334.77,-0.00,0.00,-0.00,-0.00,-0.00,0.00
28774.00,0.00,0.00,0.21,0.00,0.00,1.53,0.00,0.00,242.11,-0.00,0.00,-0.00,0.00,0.00,-0.00
28786.00,0.00,0.00,0.23,0.00,0.00,1.30,0.00,0.00,-19.48,-0.00,0.00,-0.00,0.00,0.00,-0.00
28792.00,0.00,0.00,0.20,0.00,0.00,-5.18,0.00,0.00,-1080.17,-0.00,0.00,-0.00,0.00,0.00,0.00
28797.00,0.00,0.00,0.20,0.00,0.00,-0.44,0.00,0.00,948.97,-0.00,0.00,-0.00,0.00,0.00,0.00
28805.00,0.00,0.00,0.17,0.00,0.00,-2.92,0.00,0.00,-310.11,-0.00,0.00,-0.00,0.00,0.00,0.00
28814.00,0.00,0.00,0.19,0.00,0.00,1.51,0.00,0.00,492.41,-0.00,0.00,-0.00,0.00,-0.00,-0.00
28820.00,0.00,0.00,0.15,0.00,0.00,-5.40,0.00,0.00,-1152.00,-0.00,0.00,-0.00,0.00,-0.00,-0.00
28826.00,0.00,0.00,0.29,0.00,0.00,22.56,0.00,0.00,4659.97,-0.00,0.00,-0.00,0.00,-0.00,-0.00
28835.00,0.00,0.00,0.29,0.00,0.00,0.16,0.00,0.00,-2488.51,-0.00,0.00,-0.00,0.00,0.00,-0.00
28840.00,0.00,0.00,0.21,0.00,0.00,-15.80,0.00,0.00,-3192.17,-0.00,0.00,-0.00,0.00,-0.00,-0.00
28847.00,0.00,0.00,0.30,0.00,0.00,12.51,0.00,0.00,4043.65,-0.00,0.00,-0.00,0.00,-0.00,-0.00
28860.00,0.00,0.00,0.30,0.00,0.00,0.28,0.00,0.00,-940.71,-0.00,0.00,-0.00,-0.00,-0.00,-0.00
28877.00,0.00,0.00,0.26,0.00,0.00,-2.51,0.00,0.00,-163.80,-0.00,0.00,-0.00,0.00,-0.00,0.00
28885.00,0.00,0.00,0.19,0.00,0.00,-8.90,0.00,0.00,-798.76,-0.00,0.00,-0.00,0.00,0.00,-0.00
28891.00,0.00,0.00,0.28,0.00,0.00,15.73,0.00,0.00,4103.97,-0.00,0.00,-0.00,0.00,0.00,-0.00
28897.00,0.00,0.00,0.16,0.00,0.00,-21.33,0.00,0.00,-6177.26,-0.00,0.00,-0.00,0.00,0.00,0.00
28905.00,0.00,0.00,0.23,0.00,0.00,10.00,0.00,0.00,3916.37,-0.00,0.00,-0.00,-0.00,0.00,0.00
28913.00,0.00,0.00,0.25,0.00,0.00,2.48,0.00,0.00,-938.94,-0.00,0.00,-0.00,0.00,0.00,0.00
28918.00,0.00,0.00,0.28,0.00,0.00,5.39,0.00,0.00,582.07,-0.00,0.00,-0.00,0.00,0.00,0.00
28926.00,0.00,0.00,0.25,0.00,0.00,-4.06,0.00,0.00,-1182.26,-0.00,0.00,-0.00,-0.00,0.00,0.00
28935.00,0.00,0.00,0.19,0.00,0.00,-6.18,0.00,0.00,-234.80,-0.00,0.00,-0.00,0.00,0.00,0.00
28945.00,0.00,0.00,0.18,0.00,0.00,-0.93,0.00,0.00,524.76,-0.00,0.00,-0.00,-0.00,0.00,0.00
28964.00,0.00,0.00,0.27,0.00,0.00,4.41,0.00,0.00,281.02,-0.00,0.00,-0.00,0.00,0.00,0.00
28969.00,0.00,0.00,0.24,0.00,0.00,-4.83,0.00,0.00,-1848.49,-0.00,0.00,-0.00,0.00,0.00,-0.00
28976.00,0.00,0.00,0.17,0.00,0.00,-10.71,0.00,0.00,-839.92,-0.00,0.00,-0.00,0.00,0.00,-0.00
28985.00,0.00,0.00,0.14,0.00,0.00,-2.86,0.00,0.00,872.12,-0.00,0.00,-0.00,0.00,0.01,0.00
28990.00,0.00,0.00,0.18,0.00,0.00,7.71,0.00,0.00,2113.97,-0.00,0.00,-0.00,-0.00,0.00,-0.00
28997.00,0.00,0.00,0.24,0.00,0.00,7.62,0.00,0.00,-12.79,-0.00,0.00,-0.00,-0.00,-0.00,-0.00
29005.00,0.00,0.00,0.23,0.00,0.00,-0.43,0.00,0.00,-1006.09,-0.00,0.00,-0.00,0.00,-0.00,0.00
29013.00,0.00,0.00,0.22,0.00,0.00,-1.63,0.00,0.00,-150.34,-0.00,0.00,-0.00,0.00,0.00,0.00
29018.00,0.00,0.00,0.23,0.00,0.00,2.84,0.00,0.00,894.06,-0.00,0.00,-0.00,0.00,0.00,0.00
29036.00,0.00,0.00,0.31,0.00,0.00,4.25,0.00,0.00,78.24,-0.00,0.00,-0.00,0.00,0.00,0.00
29042.00,0.00,0.00,0.13,0.00,0.00,-29.57,0.00,0.00,-5635.96,-0.00,0.00,-0.00,0.00,0.00,0.00
29047.00,0.00,0.00,0.14,0.00,0.00,0.77,0.00,0.00,6067.91,-0.00,0.00,-0.00,0.00,0.00,0.00
29065.00,0.00,0.00,0.25,0.00,0.00,6.19,0.00,0.00,300.98,-0.00,0.00,-0.00,0.00,-0.00,0.00
29073.00,0.00,0.00,0.23,0.00,0.00,-2.69,0.00,0.00,-1109.91,-0.00,0.00,-0.00,0.00,-0.00,0.00
29079.00,0.00,0.00,0.13,0.00,0.00,-16.08,0.00,0.00,-2231.25,-0.00,0.00,-0.00,0.00,-0.00,0.00
29086.00,0.00,0.00,0.21,0.00,0.00,12.08,0.00,0.00,4022.26,-0.00,0.00,-0.00,0.00,0.00,0.00
29092.00,0.00,0.00,0.20,0.00,0.00,-2.65,0.00,0.00,-2455.03,-0.00,0.00,-0.00,-0.00,-0.00,-0.00
29098.00,0.00,0.00,0.21,0.00,0.00,1.28,0.00,0.00,656.53,-0.00,0.00,-0.00,-0.00,-0.00,-0.00
29105.00,0.00,0.00,0.24,0.00,0.00,5.39,0.00,0.00,586.64,-0.00,0.00,-0.00,0.00,-0.00,0.00
29118.00,0.00,0.00,0.30,0.00,0.00,4.10,0.00,0.00,-99.61,-0.00,0.00,-0.00,0.00,-0.00,-0.00
29127.00,0.00,0.00,0.17,0.00,0.00,-14.00,0.00,0.00,-2010.58,-0.00,0.00,-0.00,0.00,-0.00,-0.00
29135.00,0.00,0.00,0.24,0.00,0.00,8.87,0.00,0.00,2859.07,-0.00,0.00,-0.00,0.00,0.00,-0.00
29141.00,0.00,0.00,0.33,0.00,0.00,14.74,0.00,0.00,977.49,-0.00,0.00,-0.00,-0.00,0.00,0.00
29147.00,0.00,0.00,0.23,0.00,0.00,-16.55,0.00,0.00,-5214.84,-0.00,0.00,-0.00,-0.00,0.00,0.00
29165.00,0.00,0.00,0.21,0.00,0.00,-0.94,0.00,0.00,867.00,-0.00,0.00,-0.00,0.00,-0.00,-0.00
29172.00,0.00,0.00,0.20,0.00,0.00,-2.35,0.00,0.00,-200.75,-0.00,0.00,-0.00,0.00,0.00,0.00
29178.00,0.00,0.00,0.15,0.00,0.00,-7.72,0.00,0.00,-894.51,-0.00,0.00,-0.00,0.00,0.00,0.00
29186.00,0.00,0.00,0.24,0.00,0.00,11.03,0.00,0.00,2343.11,-0.00,0.00,-0.00,0.00,-0.00,0.00
29191.00,0.00,0.00,0.20,0.00,0.00,-7.87,0.00,0.00,-3779.01,-0.00,0.00,-0.00,-0.00,0.00,0.00
29202.00,0.00,0.00,0.21,0.00,0.00,0.63,0.00,0.00,772.23,-0.00,0.00,-0.00,0.00,0.00,0.00
29209.00,0.00,0.00,0.30,0.00,0.00,14.03,0.00,0.00,1914.76,-0.00,0.00,-0.00,0.00,0.00,0.00
29216.00,0.00,0.00,0.28,0.00,0.00,-3.25,0.00,0.00,-2468.12,-0.00,0.00,-0.00,0.00,0.00,0.00
29224.00,0.00,0.00,0.22,0.00,0.00,-7.44,0.00,0.00,-523.95,-0.00,0.00,-0.00,0.00,0.00,0.00
29230.00,0.00,0.00,0.22,0.00,0.00,0.21,0.00,0.00,1275.35,-0.00,0.00,-0.00,0.00,0.00,0.00
29237.00,0.00,0.00,0.23,0.00,0.00,1.10,0.00,0.00,126.78,-0.00,0.00,-0.00,0.00,0.00,0.00
29243.00,0.00,0.00,0.17,0.00,0.00,-10.59,0.00,0.00,-1948.16,-0.00,0.00,-0.00,-0.00,0.00,0.00
29249.00,0.00,0.00,0.14,0.00,0.00,-3.90,0.00,0.00,1115.02,-0.00,0.00,-0.00,-0.00,-0.00,0.00
29256.00,0.00,0.00,0.17,0.00,0.00,3.40,0.00,0.00,1042.84,-0.00,0.00,-0.00,0.00,-0.00,0.00
29274.00,0.00,0.00,0.18,0.00,0.00,0.67,0.00,0.00,-151.97,-0.00,0.00,-0.00,0.00,0.00,-0.00
29286.00,0.00,0.00,0.20,0.00,0.00,1.90,0.00,0.00,102.50,-0.00,0.00,-0.00,0.00,0.00,-0.00
29291.00,0.00,0.00,0.18,0.00,0.00,-4.93,0.00,0.00,-1365.66,-0.00,0.00,-0.00,0.00,0.00,-0.00
29297.00,0.00,0.00,0.25,0.00,0.00,11.86,0.00,0.00,2798.32,-0.00,0.00,-0.00,0.00,0.00,0.00
29306.00,0.00,0.00,0.20,0.00,0.00,-5.77,0.00,0.00,-1959.11,-0.00,0.00,-0.00,0.00,-0.00,0.00
29314.00,0.00,0.00,0.20,0.00,0.00,-0.15,0.00,0.00,703.23,-0.00,0.00,-0.00,0.00,0.00,0.00
29320.00,0.00,0.00,0.26,0.00,0.00,10.47,0.00,0.00,1769.31,-0.00,0.00,-0.00,0.00,0.00,0.00
29326.00,0.00,0.00,0.21,0.00,0.00,-8.48,0.00,0.00,-3157.86,-0.00,0.00,-0.00,0.00,-0.00,0.00
29335.00,0.00,0.00,0.17,0.00,0.00,-4.53,0.00,0.00,439.21,-0.00,0.00,-0.00,0.00,0.00,0.00
29340.00,0.00,0.00,0.16,0.00,0.00,-1.27,0.00,0.00,651.62,-0.00,0.00,-0.00,0.00,0.00,0.00
29347.00,0.00,0.00,0.28,0.00,0.00,16.49,0.00,0.00,2536.28,-0.00,0.00,-0.00,0.00,0.00,0.00
29360.00,0.00,0.00,0.23,0.00,0.00,-3.96,0.00,0.00,-1572.74,-0.00,0.00,-0.00,-0.00,-0.00,0.00
29378.00,0.00,0.00,0.21,0.00,0.00,-0.77,0.00,0.00,177.14,-0.00,0.00,-0.00,0.00,0.00,0.00
29386.00,0.00,0.00,0.24,0.00,0.00,3.15,0.00,0.00,490.66,-0.00,0.00,-0.00,0.00,-0.00,0.00
29391.00,0.00,0.00,0.20,0.00,0.00,-7.97,0.00,0.00,-2224.63,-0.00,0.00,-0.00,0.00,-0.00,0.00
29398.00,0.00,0.00,0.23,0.00,0.00,4.85,0.00,0.00,1831.44,-0.00,0.00,-0.00,-0.00,-0.00,0.00
29406.00,0.00,0.00,0.25,0.00,0.00,1.83,0.00,0.00,-377.50,-0.00,0.00,-0.00,-0.00,-0.00,0.00
29414.00,0.00,0.00,0.23,0.00,0.00,-1.72,0.00,0.00,-444.27,-0.00,0.00,-0.00,0.00,0.00,0.00
29419.00,0.00,0.00,0.14,0.00,0.00,-17.64,0.00,0.00,-3182.88,-0.00,0.00,-0.00,0.00,0.00,0.00
29427.00,0.00,0.00,0.15,0.00,0.00,0.96,0.00,0.00,2324.26,-0.00,0.00,-0.00,0.00,-0.00,0.00
29433.00,0.00,0.00,0.15,0.00,0.00,0.00,0.00,0.00,-159.57,-0.00,0.00,-0.00,-0.00,0.00,-0.00
29442.00,0.00,0.00,0.29,0.00,0.00,15.26,0.00,0.00,1695.91,-0.00,0.00,-0.00,-0.00,0.00,-0.00
29449.00,0.00,0.00,0.07,0.00,0.00,-31.20,0.00,0.00,-6637.09,-0.00,0.00,-0.00,-0.00,0.00,-0.00
29456.00,0.00,0.00,0.24,0.00,0.00,23.64,0.00,0.00,7833.28,-0.00,0.00,-0.00,0.00,0.00,0.00
29474.00,0.00,0.00,0.15,0.00,0.00,-4.50,0.00,0.00,-1563.20,-0.00,0.00,-0.00,-0.00,-0.00,-0.00
29480.00,0.00,0.00,0.25,0.00,0.00,16.23,0.00,0.00,3455.43,-0.00,0.00,-0.00,-0.00,-0.00,-0.00
29487.00,0.00,0.00,0.23,0.00,0.00,-3.12,0.00,0.00,-2765.13,-0.00,0.00,-0.00,-0.00,-0.00,-0.00
29493.00,0.00,0.00,0.19,0.00,0.00,-7.02,0.00,0.00,-649.83,-0.00,0.00,-0.00,0.00,0.00,0.00
29498.00,0.00,0.00,0.24,0.00,0.00,10.55,0.00,0.00,3515.19,-0.00,0.00,-0.00,0.00,0.00,0.00
29506.00,0.00,0.00,0.26,0.00,0.00,3.00,0.00,0.00,-943.92,-0.00,0.00,-0.00,-0.00,0.00,-0.00
29514.00,0.00,0.00,0.20,0.00,0.00,-8.34,0.00,0.00,-1417.57,-0.00,0.00,-0.00,-0.00,0.00,0.00
29525.00,0.00,0.00,0.26,0.00,0.00,6.01,0.00,0.00,1304.20,-0.00,0.00,-0.00,0.00,0.00,-0.00
29532.00,0.00,0.00,0.28,0.00,0.00,2.35,0.00,0.00,-521.76,-0.00,0.00,-0.00,0.00,0.00,-0.00
29537.00,0.00,0.00,0.28,0.00,0.00,0.00,0.00,0.00,-470.92,-0.00,0.00,-0.00,0.00,-0.00,0.00
29540.00,0.00,0.00,0.19,0.00,0.00,-29.97,0.00,0.00,-9991.58,-0.00,0.00,-0.00,-0.00,-0.00,0.00
29547.00,0.00,0.00,0.22,0.00,0.00,4.22,0.00,0.00,4884.86,-0.00,0.00,-0.00,-0.00,0.00,0.00
29556.00,0.00,0.00,0.22,0.00,0.00,0.24,0.00,0.00,-441.76,-0.00,0.00,-0.00,-0.00,0.00,0.00
29573.00,0.00,0.00,0.20,0.00,0.00,-1.55,0.00,0.00,-105.37,-0.00,0.00,-0.00,-0.00,0.00,0.00
29578.00,0.00,0.00,0.16,0.00,0.00,-6.72,0.00,0.00,-1033.95,-0.00,0.00,-0.00,-0.00,0.00,0.00
29586.00,0.00,0.00,0.31,0.00,0.00,17.98,0.00,0.00,3087.07,-0.00,0.00,-0.00,0.00,0.00,-0.00
29592.00,0.00,0.00,0.25,0.00,0.00,-10.20,0.00,0.00,-4696.01,-0.00,0.00,-0.00,0.00,-0.00,-0.00
29603.00,0.00,0.00,0.23,0.00,0.00,-1.34,0.00,0.00,805.59,-0.00,0.00,-0.00,-0.00,-0.00,-0.00
29609.00,0.00,0.00,0.28,0.00,0.00,8.26,0.00,0.00,1599.04,-0.00,0.00,-0.00,-0.00,-0.00,-0.00
29617.00,0.00,0.00,0.24,0.00,0.00,-5.22,0.00,0.00,-1684.26,-0.00,0.00,-0.00,0.00,0.00,-0.00
29625.00,0.00,0.00,0.22,0.00,0.00,-2.11,0.00,0.00,388.70,-0.00,0.00,-0.00,-0.00,0.00,-0.00
29630.00,0.00,0.00,0.26,0.00,0.00,8.34,0.00,0.00,2088.43,-0.00,0.00,-0.00,-0.00,0.00,-0.00
29638.00,0.00,0.00,0.23,0.00,0.00,-3.94,0.00,0.00,-1534.70,-0.00,0.00,-0.00,0.00,0.00,-0.00
29644.00,0.00,0.00,0.19,0.00,0.00,-6.83,0.00,0.00,-481.56,-0.00,0.00,-0.00,0.00,0.00,-0.00
29659.00,0.00,0.00,0.27,0.00,0.00,5.28,0.00,0.00,807.61,-0.00,0.00,-0.00,0.00,0.00,0.00
29667.00,0.00,0.00,0.28,0.00,0.00,1.46,0.00,0.00,-478.36,-0.00,0.00,-0.00,0.00,-0.00,0.00
29676.00,0.00,0.00,0.23,0.00,0.00,-5.70,0.00,0.00,-795.41,-0.00,0.00,-0.00,0.00,0.00,0.00
29687.00,0.00,0.00,0.16,0.00,0.00,-6.66,0.00,0.00,-87.45,-0.00,0.00,-0.00,-0.00,0.00,-0.00
29693.00,0.00,0.00,0.24,0.00,0.00,14.33,0.00,0.00,3499.80,-0.00,0.00,-0.00,0.00,0.00,-0.00
29699.00,0.00,0.00,0.28,0.00,0.00,6.20,0.00,0.00,-1355.58,-0.00,0.00,-0.00,0.00,0.00,-0.00
29707.00,0.00,0.00,0.26,0.00,0.00,-3.01,0.00,0.00,-1151.66,-0.00,0.00,-0.00,-0.00,0.00,0.00
29716.00,0.00,0.00,0.23,0.00,0.00,-2.81,0.00,0.00,22.73,-0.00,0.00,-0.00,-0.00,-0.00,-0.00
29722.00,0.00,0.00,0.13,0.00,0.00,-16.34,0.00,0.00,-2255.07,-0.00,0.00,-0.00,-0.00,-0.00,-0.00
29728.00,0.00,0.00,0.14,0.00,0.00,1.86,0.00,0.00,3033.81,-0.00,0.00,-0.00,-0.00,-0.00,-0.00
29737.00,0.00,0.00,0.21,0.00,0.00,7.53,0.00,0.00,629.00,-0.00,0.00,-0.00,0.00,-0.00,-0.00
29742.00,0.00,0.00,0.28,0.00,0.00,13.79,0.00,0.00,1252.77,-0.00,0.00,-0.00,0.00,0.00,-0.00
29749.00,0.00,0.00,0.23,0.00,0.00,-7.67,0.00,0.00,-3065.03,-0.00,0.00,-0.00,0.00,0.00,-0.00
29766.00,0.00,0.00,0.26,0.00,0.00,1.71,0.00,0.00,551.72,-0.00,0.00,-0.00,-0.00,0.00,-0.00
29781.00,0.00,0.00,0.30,0.00,0.00,2.80,0.00,0.00,72.72,-0.00,0.00,-0.00,-0.00,0.00,-0.00
29788.00,0.00,0.00,0.19,0.00,0.00,-15.65,0.00,0.00,-2636.25,-0.00,0.00,-0.00,-0.00,0.00,0.00
29793.00,0.00,0.00,0.27,0.00,0.00,15.67,0.00,0.00,6264.25,-0.00,0.00,-0.00,0.00,0.00,-0.00
29799.00,0.00,0.00,0.19,0.00,0.00,-13.03,0.00,0.00,-4783.48,-0.00,0.00,-0.00,0.00,0.00,-0.00
29807.00,0.00,0.00,0.24,0.00,0.00,6.94,0.00,0.00,2495.90,-0.00,0.00,-0.00,0.00,-0.00,-0.00
29815.00,0.00,0.00,0.24,0.00,0.00,-0.81,0.00,0.00,-968.82,-0.00,0.00,-0.00,-0.00,-0.00,0.00
29820.00,0.00,0.00,0.22,0.00,0.00,-2.59,0.00,0.00,-355.84,-0.00,0.00,-0.00,-0.00,-0.00,-0.00
29828.00,0.00,0.00,0.25,0.00,0.00,3.21,0.00,0.00,725.36,-0.00,0.00,-0.00,0.00,0.00,-0.00
29836.00,0.00,0.00,0.24,0.00,0.00,-1.47,0.00,0.00,-584.62,-0.00,0.00,-0.00,-0.00,0.00,-0.00
29847.00,0.00,0.00,0.26,0.00,0.00,1.56,0.00,0.00,274.95,-0.00,0.00,-0.00,-0.00,-0.00,-0.00
29865.00,0.00,0.00,0.20,0.00,0.00,-3.25,0.00,0.00,-267.01,-0.00,0.00,-0.00,-0.00,0.00,-0.00
29871.00,0.00,0.00,0.28,0.00,0.00,14.02,0.00,0.00,2877.22,-0.00,0.00,-0.00,-0.00,0.00,0.00
29878.00,0.00,0.00,0.14,0.00,0.00,-19.92,0.00,0.00,-4848.03,-0.00,0.00,-0.00,-0.00,0.00,0.00
29887.00,0.00,0.00,0.19,0.00,0.00,5.11,0.00,0.00,2780.58,-0.00,0.00,-0.00,0.00,0.00,-0.00
29892.00,0.00,0.00,0.25,0.00,0.00,12.38,0.00,0.00,1454.54,-0.00,0.00,-0.00,-0.00,-0.00,-0.00
29899.00,0.00,0.00,0.32,0.00,0.00,10.26,0.00,0.00,-302.19,-0.00,0.00,-0.00,-0.00,-0.00,0.00
29907.00,0.00,0.00,0.29,0.00,0.00,-3.45,0.00,0.00,-1713.71,-0.00,0.00,-0.00,0.00,0.00,0.00
29914.00,0.00,0.00,0.29,0.00,0.00,-1.02,0.00,0.00,347.39,-0.00,0.00,-0.00,0.00,-0.00,-0.00
29919.00,0.00,0.00,0.18,0.00,0.00,-21.95,0.00,0.00,-4186.64,-0.00,0.00,-0.00,0.00,0.00,-0.00
29932.00,0.00,0.00,0.17,0.00,0.00,-0.77,0.00,0.00,1628.90,-0.00,0.00,-0.00,0.00,0.00,0.00
29940.00,0.00,0.00,0.22,0.00,0.00,6.06,0.00,0.00,853.52,-0.00,0.00,-0.00,0.00,-0.00,0.00
29947.00,0.00,0.00,0.23,0.00,0.00,2.40,0.00,0.00,-522.13,-0.00,0.00,-0.00,0.00,-0.00,0.00
29964.00,0.00,0.00,0.17,0.00,0.00,-3.58,0.00,0.00,-351.76,-0.00,0.00,-0.00,0.00,0.00,-0.00
29970.00,0.00,0.00,0.27,0.00,0.00,16.45,0.00,0.00,3338.69,-0.00,0.00,-0.00,0.00,0.00,-0.00
29977.00,0.00,0.00,0.16,0.00,0.00,-15.82,0.00,0.00,-4610.50,-0.00,0.00,-0.00,0.00,0.00,0.00
29981.00,0.00,0.00,0.23,0.00,0.00,16.35,0.00,0.00,8041.58,-0.00,0.00,-0.00,0.00,-0.00,-0.00
29988.00,0.00,0.00,0.24,0.00,0.00,2.74,0.00,0.00,-1944.12,-0.00,0.00,-0.00,0.00,0.00,0.00
29993.00,0.00,0.00,0.14,0.00,0.00,-20.60,0.00,0.00,-4666.78,-0.00,0.00,-0.00,0.00,0.00,0.00
29999.00,0.00,0.00,0.27,0.00,0.00,22.24,0.00,0.00,7138.99,-0.00,0.00,-0.00,0.00,0.00,0.00
30012.00,0.00,0.00,0.26,0.00,0.00,-1.26,0.00,0.00,-1807.48,-0.00,0.00,-0.00,0.00,0.00,0.00
30020.00,0.00,0.00,0.15,0.00,0.00,-14.05,0.00,0.00,-1598.56,-0.00,0.00,-0.00,0.00,0.00,0.00
30027.00,0.00,0.00,0.22,0.00,0.00,11.27,0.00,0.00,3616.73,-0.00,0.00,-0.00,0.00,-0.00,-0.00
30035.00,0.00,0.00,0.20,0.00,0.00,-2.94,0.00,0.00,-1776.46,-0.00,0.00,-0.00,0.00,-0.00,0.00
30040.00,0.00,0.00,0.25,0.00,0.00,10.35,0.00,0.00,2659.12,-0.00,0.00,-0.00,0.00,-0.00,0.00
30048.00,0.00,0.00,0.31,0.00,0.00,7.42,0.00,0.00,-366.53,-0.00,0.00,-0.00,0.00,-0.00,0.00
30056.00,0.00,0.00,0.20,0.00,0.00,-13.92,0.00,0.00,-2667.68,-0.00,0.00,-0.00,0.00,-0.00,0.00
30073.00,0.00,0.00,0.31,0.00,0.00,6.38,0.00,0.00,1193.96,-0.00,0.00,-0.00,-0.00,0.00,0.00
30079.00,0.00,0.00,0.18,0.00,0.00,-21.03,0.00,0.00,-4567.69,-0.00,0.00,-0.00,-0.00,0.00,0.00
30087.00,0.00,0.00,0.28,0.00,0.00,11.93,0.00,0.00,4120.39,-0.00,0.00,-0.00,0.00,0.00,0.00
30097.00,0.00,0.00,0.21,0.00,0.00,-7.34,0.00,0.00,-1926.98,-0.00,0.00,-0.00,0.00,-0.00,0.00
30107.00,0.00,0.00,0.20,0.00,0.00,-0.05,0.00,0.00,728.68,-0.00,0.00,-0.00,0.00,-0.00,0.00
30114.00,0.00,0.00,0.11,0.00,0.00,-13.77,0.00,0.00,-1959.40,-0.00,0.00,-0.00,0.00,-0.00,0.00
30119.00,0.00,0.00,0.19,0.00,0.00,16.54,0.00,0.00,6061.62,-0.00,0.00,-0.00,0.00,-0.00,0.00
30127.00,0.00,0.00,0.32,0.00,0.00,15.97,0.00,0.00,-71.66,-0.00,0.00,-0.00,0.00,0.00,-0.00
30135.00,0.00,0.00,0.27,0.00,0.00,-5.56,0.00,0.00,-2691.35,-0.00,0.00,-0.00,0.00,-0.00,0.00
30140.00,0.00,0.00,0.30,0.00,0.00,4.63,0.00,0.00,2037.83,-0.00,0.00,-0.00,0.00,-0.00,0.00
30148.00,0.00,0.00,0.22,0.00,0.00,-10.31,0.00,0.00,-1866.95,-0.00,0.00,-0.00,0.00,0.00,0.00
30156.00,0.00,0.00,0.25,0.00,0.00,3.88,0.00,0.00,1773.63,-0.00,0.00,-0.00,0.00,-0.00,-0.00
30171.00,0.00,0.00,0.21,0.00,0.00,-2.71,0.00,0.00,-439.07,-0.00,0.00,-0.00,0.00,-0.00,0.00
30184.00,0.00,0.00,0.24,0.00,0.00,2.29,0.00,0.00,384.59,-0.00,0.00,-0.00,0.00,-0.00,0.00
30191.00,0.00,0.00,0.31,0.00,0.00,11.03,0.00,0.00,1248.13,-0.00,0.00,-0.00,0.00,-0.01,0.00
30197.00,0.00,0.00,0.24,0.00,0.00,-12.93,0.00,0.00,-3992.66,-0.00,0.00,-0.00,0.00,-0.00,0.00
30205.00,0.00,0.00,0.15,0.00,0.00,-10.19,0.00,0.00,341.39,-0.00,0.00,-0.00,-0.00,-0.00,0.00
30210.00,0.00,0.00,0.25,0.00,0.00,19.89,0.00,0.00,6017.43,-0.00,0.00,-0.00,-0.00,-0.00,0.00
30218.00,0.00,0.00,0.25,0.00,0.00,-0.12,0.00,0.00,-2501.20,-0.00,0.00,-0.00,0.00,-0.00,0.00
30226.00,0.00,0.00,0.18,0.00,0.00,-8.49,0.00,0.00,-1046.09,-0.00,0.00,-0.00,0.00,-0.00,0.00
30233.00,0.00,0.00,0.20,0.00,0.00,1.92,0.00,0.00,1486.94,-0.00,0.00,-0.00,0.00,0.00,0.00
30237.00,0.00,0.00,0.24,0.00,0.00,9.58,0.00,0.00,1913.91,-0.00,0.00,-0.00,-0.00,-0.00,0.00
30241.00,0.00,0.00,0.27,0.00,0.00,8.15,0.00,0.00,-356.37,-0.00,0.00,-0.00,-0.00,-0.00,-0.00
30253.00,0.00,0.00,0.28,0.00,0.00,0.71,0.00,0.00,-620.13,-0.00,0.00,-0.00,-0.00,-0.00,-0.00
30259.00,0.00,0.00,0.28,0.00,0.00,0.00,0.00,0.00,-118.65,-0.00,0.00,-0.00,0.00,-0.00,0.00
30272.00,0.00,0.00,0.19,0.00,0.00,-6.82,0.00,0.00,-524.31,-0.00,0.00,-0.00,0.00,0.00,-0.00
30279.00,0.00,0.00,0.11,0.00,0.00,-10.94,0.00,0.00,-588.74,-0.00,0.00,-0.00,0.00,0.00,-0.00
30287.00,0.00,0.00,0.19,0.00,0.00,10.35,0.00,0.00,2660.43,-0.00,0.00,-0.00,0.00,0.01,-0.00
30293.00,0.00,0.00,0.27,0.00,0.00,12.82,0.00,0.00,411.60,-0.00,0.00,-0.00,0.00,0.00,0.00
30299.00,0.00,0.00,0.22,0.00,0.00,-9.27,0.00,0.00,-3680.34,-0.00,0.00,-0.00,0.00,0.00,0.00
30308.00,0.00,0.00,0.21,0.00,0.00,-0.86,0.00,0.00,934.56,-0.00,0.00,-0.00,0.00,-0.00,0.00
30315.00,0.00,0.00,0.27,0.00,0.00,8.12,0.00,0.00,1282.65,-0.00,0.00,-0.00,-0.00,0.00,0.00
30321.00,0.00,0.00,0.15,0.00,0.00,-20.02,0.00,0.00,-4689.88,-0.00,0.00,-0.00,-0.00,0.00,0.00
30333.00,0.00,0.00,0.24,0.00,0.00,8.30,0.00,0.00,2359.77,-0.00,0.00,-0.00,0.00,0.00,0.00
30340.00,0.00,0.00,0.27,0.00,0.00,3.81,0.00,0.00,-642.15,-0.00,0.00,-0.00,0.00,0.00,0.00
30347.00,0.00,0.00,0.30,0.00,0.00,4.49,0.00,0.00,97.57,-0.00,0.00,-0.00,0.00,0.00,-0.00
30364.00,0.00,0.00,0.20,0.00,0.00,-6.23,0.00,0.00,-630.32,-0.00,0.00,-0.00,0.00,0.00,0.00
30370.00,0.00,0.00,0.18,0.00,0.00,-2.84,0.00,0.00,564.92,-0.00,0.00,-0.00,0.00,0.00,0.00
30378.00,0.00,0.00,0.22,0.00,0.00,5.27,0.00,0.00,1013.58,-0.00,0.00,-0.00,0.00,0.00,0.00
30386.00,0.00,0.00,0.19,0.00,0.00,-3.39,0.00,0.00,-1082.58,-0.00,0.00,-0.00,0.00,0.00,-0.00
30391.00,0.00,0.00,0.19,0.00,0.00,-1.62,0.00,0.00,353.63,-0.00,0.00,-0.00,0.00,0.00,-0.00
30398.00,0.00,0.00,0.29,0.00,0.00,15.26,0.00,0.00,2412.00,-0.00,0.00,-0.00,0.00,0.00,0.00
30406.00,0.00,0.00,0.20,0.00,0.00,-11.33,0.00,0.00,-3324.80,-0.00,0.00,-0.00,0.00,0.00,-0.00
30416.00,0.00,0.00,0.23,0.00,0.00,3.19,0.00,0.00,1452.17,-0.00,0.00,-0.00,0.00,0.00,-0.00
30423.00,0.00,0.00,0.37,0.00,0.00,19.33,0.00,0.00,2306.41,-0.00,0.00,-0.00,0.00,-0.00,-0.00
30429.00,0.00,0.00,0.18,0.00,0.00,-31.63,0.00,0.00,-8493.86,-0.00,0.00,-0.00,0.00,-0.00,-0.00
30435.00,0.00,0.00,0.22,0.00,0.00,6.50,0.00,0.00,6355.48,-0.00,0.00,-0.00,0.00,0.00,0.00
30440.00,0.00,0.00,0.22,0.00,0.00,0.14,0.00,0.00,-1272.52,-0.00,0.00,-0.00,0.00,0.00,0.00
30446.00,0.00,0.00,0.25,0.00,0.00,4.36,0.00,0.00,704.19,-0.00,0.00,-0.00,-0.00,0.00,0.00
30452.00,0.00,0.00,0.34,0.00,0.00,15.64,0.00,0.00,1879.76,-0.00,0.00,-0.00,-0.00,0.00,0.00
30469.00,0.00,0.00,0.17,0.00,0.00,-9.77,0.00,0.00,-1494.72,-0.00,0.00,-0.00,0.00,0.00,0.00
30478.00,0.00,0.00,0.27,0.00,0.00,10.43,0.00,0.00,2243.79,-0.00,0.00,-0.00,0.00,-0.00,0.00
30485.00,0.00,0.00,0.20,0.00,0.00,-9.85,0.00,0.00,-2896.04,-0.00,0.00,-0.00,0.00,-0.00,-0.00
30500.00,0.00,0.00,0.25,0.00,0.00,3.30,0.00,0.00,876.62,-0.00,0.00,-0.00,-0.00,-0.00,0.00
30509.00,0.00,0.00,0.26,0.00,0.00,1.10,0.00,0.00,-244.85,-0.00,0.00,-0.00,0.00,-0.00,0.00
30518.00,0.00,0.00,0.24,0.00,0.00,-2.12,0.00,0.00,-357.30,-0.00,0.00,-0.00,0.00,-0.00,0.00
30525.00,0.00,0.00,0.21,0.00,0.00,-4.65,0.00,0.00,-361.61,-0.00,0.00,-0.00,0.00,-0.00,0.00
30530.00,0.00,0.00,0.29,0.00,0.00,16.65,0.00,0.00,4259.97,-0.00,0.00,-0.00,0.00,-0.00,0.00
30539.00,0.00,0.00,0.09,0.00,0.00,-22.53,0.00,0.00,-4353.79,-0.00,0.00,-0.00,0.00,-0.00,0.00
30544.00,0.00,0.00,0.37,0.00,0.00,55.81,0.00,0.00,15668.29,-0.00,0.00,-0.00,0.00,-0.00,0.00
30560.00,0.00,0.00,0.23,0.00,0.00,-8.33,0.00,0.00,-4008.63,-0.00,0.00,-0.00,0.00,0.00,0.00
30568.00,0.00,0.00,0.10,0.00,0.00,-16.99,0.00,0.00,-1082.20,-0.00,0.00,-0.00,-0.00,0.00,-0.00
30576.00,0.00,0.00,0.23,0.00,0.00,16.75,0.00,0.00,4216.72,-0.00,0.00,-0.00,0.00,-0.00,0.00
30587.00,0.00,0.00,0.33,0.00,0.00,8.75,0.00,0.00,-727.09,-0.00,0.00,-0.00,0.00,0.00,-0.00
30593.00,0.00,0.00,0.34,0.00,0.00,2.31,0.00,0.00,-1074.18,-0.00,0.00,-0.00,0.00,0.00,0.00
30598.00,0.00,0.00,0.24,0.00,0.00,-19.76,0.00,0.00,-4413.09,-0.00,0.00,-0.00,0.00,0.00,0.00
30606.00,0.00,0.00,0.21,0.00,0.00,-3.81,0.00,0.00,1994.00,-0.00,0.00,-0.00,0.00,0.00,0.00
30612.00,0.00,0.00,0.24,0.00,0.00,5.27,0.00,0.00,1512.97,-0.00,0.00,-0.00,0.00,0.00,0.00
30619.00,0.00,0.00,0.19,0.00,0.00,-7.42,0.00,0.00,-1813.18,-0.00,0.00,-0.00,0.00,0.00,0.00
30628.00,0.00,0.00,0.21,0.00,0.00,1.56,0.00,0.00,998.47,-0.00,0.00,-0.00,0.00,0.00,-0.00
30635.00,0.00,0.00,0.27,0.00,0.00,8.74,0.00,0.00,1024.58,-0.00,0.00,-0.00,0.00,0.00,0.00
30640.00,0.00,0.00,0.27,0.00,0.00,0.93,0.00,0.00,-1561.76,-0.00,0.00,-0.00,0.00,0.00,0.00
30647.00,0.00,0.00,0.32,0.00,0.00,6.76,0.00,0.00,833.35,-0.00,0.00,-0.00,0.00,0.00,-0.00
30659.00,0.00,0.00,0.27,0.00,0.00,-4.37,0.00,0.00,-927.62,-0.00,0.00,-0.00,0.00,0.00,-0.00
30678.00,0.00,0.00,0.23,0.00,0.00,-1.69,0.00,0.00,140.88,-0.00,0.00,-0.00,0.00,0.00,0.00
30685.00,0.00,0.00,0.24,0.00,0.00,1.11,0.00,0.00,400.98,-0.00,0.00,-0.00,0.00,0.00,-0.00
30690.00,0.00,0.00,0.20,0.00,0.00,-7.82,0.00,0.00,-1786.21,-0.00,0.00,-0.00,0.00,0.00,-0.00
30696.00,0.00,0.00,0.34,0.00,0.00,22.61,0.00,0.00,5071.16,-0.00,0.00,-0.00,-0.00,0.00,0.00
30701.00,0.00,0.00,0.23,0.00,0.00,-21.46,0.00,0.00,-8812.99,-0.00,0.00,-0.00,-0.00,0.00,0.00
30709.00,0.00,0.00,0.22,0.00,0.00,-1.21,0.00,0.00,2531.40,-0.00,0.00,-0.00,0.00,-0.00,0.00
30718.00,0.00,0.00,0.27,0.00,0.00,5.23,0.00,0.00,715.10,-0.00,0.00,-0.00,0.00,0.00,0.00
30721.00,0.00,0.00,0.24,0.00,0.00,-10.47,0.00,0.00,-5234.64,-0.00,0.00,-0.00,0.00,-0.00,0.00
30728.00,0.00,0.00,0.16,0.00,0.00,-10.45,0.00,0.00,4.01,-0.00,0.00,-0.00,-0.00,-0.00,0.00
30742.00,0.00,0.00,0.22,0.00,0.00,3.73,0.00,0.00,1012.22,-0.00,0.00,-0.00,0.00,0.00,-0.00
30748.00,0.00,0.00,0.20,0.00,0.00,-3.03,0.00,0.00,-1125.58,-0.00,0.00,-0.00,0.00,0.00,0.00
30756.00,0.00,0.00,0.28,0.00,0.00,10.72,0.00,0.00,1718.96,-0.00,0.00,-0.00,0.00,-0.00,0.00
30771.00,0.00,0.00,0.24,0.00,0.00,-3.03,0.00,0.00,-916.91,-0.00,0.00,-0.00,0.00,-0.00,0.00
30779.00,0.00,0.00,0.22,0.00,0.00,-1.78,0.00,0.00,156.73,-0.00,0.00,-0.00,0.00,-0.00,0.00
30788.00,0.00,0.00,0.22,0.00,0.00,-0.41,0.00,0.00,151.96,-0.00,0.00,-0.00,0.00,-0.00,0.00
30794.00,0.00,0.00,0.26,0.00,0.00,6.20,0.00,0.00,1101.23,-0.00,0.00,-0.00,0.00,-0.00,-0.00
30800.00,0.00,0.00,0.20,0.00,0.00,-9.01,0.00,0.00,-2535.10,-0.00,0.00,-0.00,0.00,-0.00,-0.00
30809.00,0.00,0.00,0.29,0.00,0.00,10.01,0.00,0.00,2113.88,-0.00,0.00,-0.00,0.00,-0.01,0.00
30816.00,0.00,0.00,0.26,0.00,0.00,-4.42,0.00,0.00,-2062.14,-0.00,0.00,-0.00,0.00,0.00,0.00
30827.00,0.00,0.00,0.25,0.00,0.00,-1.24,0.00,0.00,289.33,-0.00,0.00,-0.00,0.00,0.00,0.00
30833.00,0.00,0.00,0.23,0.00,0.00,-3.13,0.00,0.00,-315.89,-0.00,0.00,-0.00,0.00,0.00,0.00
30840.00,0.00,0.00,0.20,0.00,0.00,-4.36,0.00,0.00,-175.10,-0.00,0.00,-0.00,0.00,0.00,0.00
30845.00,0.00,0.00,0.19,0.00,0.00,-1.06,0.00,0.00,659.30,-0.00,0.00,-0.00,0.00,0.00,0.00
30851.00,0.00,0.00,0.16,0.00,0.00,-5.35,0.00,0.00,-713.61,-0.00,0.00,-0.00,0.00,0.00,0.00
30869.00,0.00,0.00,0.23,0.00,0.00,3.71,0.00,0.00,503.26,-0.00,0.00,-0.00,-0.00,-0.00,-0.00
30877.00,0.00,0.00,0.16,0.00,0.00,-8.84,0.00,0.00,-1569.60,-0.00,0.00,-0.00,0.00,0.00,-0.00
30882.00,0.00,0.00,0.21,0.00,0.00,9.44,0.00,0.00,3656.59,-0.00,0.00,-0.00,0.00,0.00,-0.00
30890.00,0.00,0.00,0.16,0.00,0.00,-6.14,0.00,0.00,-1947.09,-0.00,0.00,-0.00,0.00,0.00,-0.00
30895.00,0.00,0.00,0.15,0.00,0.00,-1.52,0.00,0.00,923.22,-0.00,0.00,-0.00,0.00,-0.00,0.00
30904.00,0.00,0.00,0.15,0.00,0.00,0.00,0.00,0.00,168.99,-0.00,0.00,-0.00,-0.00,-0.00,0.00
30910.00,0.00,0.00,0.36,0.00,0.00,35.70,0.00,0.00,5949.78,-0.00,0.00,-0.00,-0.00,-0.00,0.00
30918.00,0.00,0.00,0.21,0.00,0.00,-19.63,0.00,0.00,-6916.49,-0.00,0.00,-0.00,0.00,0.00,0.00
30926.00,0.00,0.00,0.19,0.00,0.00,-1.61,0.00,0.00,2252.33,-0.00,0.00,-0.00,-0.00,0.00,0.00
30931.00,0.00,0.00,0.14,0.00,0.00,-10.95,0.00,0.00,-1866.76,-0.00,0.00,-0.00,-0.00,0.00,0.00
30940.00,0.00,0.00,0.12,0.00,0.00,-2.04,0.00,0.00,989.77,-0.00,0.00,-0.00,0.00,-0.00,0.00
30945.00,0.00,0.00,0.33,0.00,0.00,41.14,0.00,0.00,8635.72,-0.00,0.00,-0.00,-0.00,-0.00,-0.00
30961.00,0.00,0.00,0.28,0.00,0.00,-2.75,0.00,0.00,-2742.87,-0.00,0.00,-0.00,-0.00,-0.00,0.00
30969.00,0.00,0.00,0.19,0.00,0.00,-11.72,0.00,0.00,-1121.43,-0.00,0.00,-0.00,0.00,0.00,0.00
30977.00,0.00,0.00,0.19,0.00,0.00,-0.03,0.00,0.00,1461.73,-0.00,0.00,-0.00,0.00,0.00,-0.00
30988.00,0.00,0.00,0.24,0.00,0.00,4.41,0.00,0.00,403.55,-0.00,0.00,-0.00,-0.00,0.01,0.00
30995.00,0.00,0.00,0.24,0.00,0.00,0.85,0.00,0.00,-508.82,-0.00,0.00,-0.00,-0.00,0.00,0.00
30999.00,0.00,0.00,0.31,0.00,0.00,15.85,0.00,0.00,3748.35,-0.00,0.00,-0.00,0.00,0.00,-0.00
31008.00,0.00,0.00,0.18,0.00,0.00,-13.60,0.00,0.00,-3271.94,-0.00,0.00,-0.00,0.00,-0.00,-0.00
31015.00,0.00,0.00,0.22,0.00,0.00,4.72,0.00,0.00,2617.63,-0.00,0.00,-0.00,0.00,0.00,0.00
31021.00,0.00,0.00,0.26,0.00,0.00,6.95,0.00,0.00,371.94,-0.00,0.00,-0.00,0.00,0.00,0.00
31029.00,0.00,0.00,0.22,0.00,0.00,-4.64,0.00,0.00,-1448.52,-0.00,0.00,-0.00,0.00,0.00,0.00
31037.00,0.00,0.00,0.27,0.00,0.00,5.64,0.00,0.00,1284.28,-0.00,0.00,-0.00,0.00,0.00,0.00
31042.00,0.00,0.00,0.18,0.00,0.00,-16.77,0.00,0.00,-4481.29,-0.00,0.00,-0.00,0.00,0.00,-0.00
31059.00,0.00,0.00,0.19,0.00,0.00,0.63,0.00,0.00,1023.49,-0.00,0.00,-0.00,-0.00,-0.00,0.00
31073.00,0.00,0.00,0.22,0.00,0.00,1.57,0.00,0.00,67.29,-0.00,0.00,-0.00,0.00,-0.00,-0.00
31081.00,0.00,0.00,0.22,0.00,0.00,1.06,0.00,0.00,-63.75,-0.00,0.00,-0.00,0.00,0.00,-0.00
31089.00,0.00,0.00,0.28,0.00,0.00,6.63,0.00,0.00,695.68,-0.00,0.00,-0.00,-0.00,0.00,-0.00
31095.00,0.00,0.00,0.21,0.00,0.00,-11.24,0.00,0.00,-2979.00,-0.00,0.00,-0.00,0.00,0.00,-0.00
31101.00,0.00,0.00,0.20,0.00,0.00,-2.38,0.00,0.00,1477.65,-0.00,0.00,-0.00,0.00,0.00,-0.00
31109.00,0.00,0.00,0.20,0.00,0.00,1.03,0.00,0.00,426.13,-0.00,0.00,-0.00,0.00,0.00,0.00
31117.00,0.00,0.00,0.25,0.00,0.00,5.51,0.00,0.00,560.39,-0.00,0.00,-0.00,0.00,0.00,0.00
31122.00,0.00,0.00,0.23,0.00,0.00,-3.21,0.00,0.00,-1744.94,-0.00,0.00,-0.00,0.00,-0.00,0.00
31130.00,0.00,0.00,0.12,0.00,0.00,-14.04,0.00,0.00,-1354.06,-0.00,0.00,-0.00,0.00,-0.00,-0.00
31138.00,0.00,0.00,0.33,0.00,0.00,25.75,0.00,0.00,4974.66,-0.00,0.00,-0.00,0.00,0.00,-0.00
31148.00,0.00,0.00,0.28,0.00,0.00,-4.36,0.00,0.00,-3011.74,-0.00,0.00,-0.00,0.00,-0.00,-0.00
31164.00,0.00,0.00,0.21,0.00,0.00,-4.47,0.00,0.00,-6.37,-0.00,0.00,-0.00,0.00,0.00,0.00
31171.00,0.00,0.00,0.24,0.00,0.00,4.18,0.00,0.00,1234.38,-0.00,0.00,-0.00,0.00,0.00,0.00
31179.00,0.00,0.00,0.24,0.00,0.00,-0.05,0.00,0.00,-527.53,-0.00,0.00,-0.00,0.00,-0.00,0.00
31187.00,0.00,0.00,0.25,0.00,0.00,1.24,0.00,0.00,160.99,-0.00,0.00,-0.00,-0.00,-0.00,0.00
31192.00,0.00,0.00,0.19,0.00,0.00,-12.00,0.00,0.00,-2648.03,-0.00,0.00,-0.00,-0.00,-0.00,0.00
31199.00,0.00,0.00,0.29,0.00,0.00,14.31,0.00,0.00,3758.87,-0.00,0.00,-0.00,0.00,0.00,0.00
31206.00,0.00,0.00,0.26,0.00,0.00,-4.47,0.00,0.00,-2683.87,-0.00,0.00,-0.00,0.00,0.00,0.00
31212.00,0.00,0.00,0.24,0.00,0.00,-2.91,0.00,0.00,260.93,-0.00,0.00,-0.00,0.00,0.00,0.00
31219.00,0.00,0.00,0.21,0.00,0.00,-3.79,0.00,0.00,-126.87,-0.00,0.00,-0.00,-0.00,0.00,-0.00
31238.00,0.00,0.00,0.38,0.00,0.00,8.54,0.00,0.00,649.41,-0.00,0.00,-0.00,-0.00,0.00,0.00
31244.00,0.00,0.00,0.30,0.00,0.00,-13.24,0.00,0.00,-3630.32,-0.00,0.00,-0.00,-0.00,-0.00,0.00
31251.00,0.00,0.00,0.26,0.00,0.00,-5.10,0.00,0.00,1163.07,-0.00,0.00,-0.00,-0.00,-0.00,0.00
31269.00,0.00,0.00,0.23,0.00,0.00,-1.52,0.00,0.00,198.86,-0.00,0.00,-0.00,0.00,0.00,0.00
31276.00,0.00,0.00,0.15,0.00,0.00,-12.15,0.00,0.00,-1519.66,-0.00,0.00,-0.00,0.00,0.00,0.00
31281.00,0.00,0.00,0.25,0.00,0.00,20.77,0.00,0.00,6584.92,-0.00,0.00,-0.00,0.00,0.00,0.00
31290.00,0.00,0.00,0.24,0.00,0.00,-1.25,0.00,0.00,-2446.11,-0.00,0.00,-0.00,0.00,0.00,-0.00
31295.00,0.00,0.00,0.24,0.00,0.00,0.37,0.00,0.00,322.67,-0.00,0.00,-0.00,-0.00,-0.00,-0.00
31302.00,0.00,0.00,0.21,0.00,0.00,-5.02,0.00,0.00,-769.26,-0.00,0.00,-0.00,-0.00,-0.00,-0.00
31309.00,0.00,0.00,0.18,0.00,0.00,-3.72,0.00,0.00,184.90,-0.00,0.00,-0.00,-0.00,-0.00,0.00
31322.00,0.00,0.00,0.24,0.00,0.00,4.13,0.00,0.00,604.34,-0.00,0.00,-0.00,-0.00,0.00,-0.00
31331.00,0.00,0.00,0.26,0.00,0.00,3.06,0.00,0.00,-119.70,-0.00,0.00,-0.00,0.00,0.00,0.00
31339.00,0.00,0.00,0.27,0.00,0.00,0.93,0.00,0.00,-265.76,-0.00,0.00,-0.00,-0.00,-0.00,-0.00
31345.00,0.00,0.00,0.15,0.00,0.00,-19.79,0.00,0.00,-3452.74,-0.00,0.00,-0.00,-0.00,0.00,-0.00
31351.00,0.00,0.00,0.23,0.00,0.00,13.29,0.00,0.00,5512.92,-0.00,0.00,-0.00,0.00,0.00,0.00
31369.00,0.00,0.00,0.27,0.00,0.00,2.24,0.00,0.00,-613.95,-0.00,0.00,-0.00,0.00,-0.00,0.00
31377.00,0.00,0.00,0.16,0.00,0.00,-13.68,0.00,0.00,-1990.15,-0.00,0.00,-0.00,0.00,-0.00,0.00
31382.00,0.00,0.00,0.27,0.00,0.00,21.76,0.00,0.00,7087.36,-0.00,0.00,-0.00,0.00,0.00,0.00
31386.00,0.00,0.00,0.24,0.00,0.00,-7.27,0.00,0.00,-7256.87,-0.00,0.00,-0.00,0.00,0.00,0.00
31392.00,0.00,0.00,0.24,0.00,0.00,-0.67,0.00,0.00,1100.19,-0.00,0.00,-0.00,0.00,0.00,0.00
31402.00,0.00,0.00,0.35,0.00,0.00,11.07,0.00,0.00,1173.50,-0.00,0.00,-0.00,0.00,-0.00,-0.00
31411.00,0.00,0.00,0.24,0.00,0.00,-12.12,0.00,0.00,-2575.90,-0.00,0.00,-0.00,-0.00,0.00,0.00
31419.00,0.00,0.00,0.29,0.00,0.00,6.07,0.00,0.00,2273.79,-0.00,0.00,-0.00,0.00,0.00,-0.00
31426.00,0.00,0.00,0.22,0.00,0.00,-9.71,0.00,0.00,-2254.45,-0.00,0.00,-0.00,-0.00,0.00,-0.00
31432.00,0.00,0.00,0.24,0.00,0.00,3.70,0.00,0.00,2235.35,-0.00,0.00,-0.00,-0.00,0.00,-0.00
31440.00,0.00,0.00,0.23,0.00,0.00,-1.06,0.00,0.00,-595.77,-0.00,0.00,-0.00,-0.00,0.00,-0.00
31445.00,0.00,0.00,0.18,0.00,0.00,-11.76,0.00,0.00,-2140.27,-0.00,0.00,-0.00,-0.00,-0.00,0.00
31461.00,0.00,0.00,0.17,0.00,0.00,-0.44,0.00,0.00,707.62,-0.00,0.00,-0.00,0.00,-0.00,0.00
31470.00,0.00,0.00,0.20,0.00,0.00,3.56,0.00,0.00,445.14,-0.00,0.00,-0.00,0.00,0.00,-0.00
31478.00,0.00,0.00,0.24,0.00,0.00,4.93,0.00,0.00,171.20,-0.00,0.00,-0.00,-0.00,0.00,0.00
31488.00,0.00,0.00,0.30,0.00,0.00,6.04,0.00,0.00,110.89,-0.00,0.00,-0.00,0.00,0.00,0.00
31495.00,0.00,0.00,0.21,0.00,0.00,-12.26,0.00,0.00,-2613.95,-0.00,0.00,-0.00,0.00,0.00,0.00
31501.00,0.00,0.00,0.22,0.00,0.00,0.88,0.00,0.00,2188.38,-0.00,0.00,-0.00,0.00,0.00,0.00
31510.00,0.00,0.00,0.19,0.00,0.00,-3.21,0.00,0.00,-453.49,-0.00,0.00,-0.00,0.00,0.00,0.00
31517.00,0.00,0.00,0.28,0.00,0.00,13.07,0.00,0.00,2325.21,-0.00,0.00,-0.00,0.00,0.00,-0.00
31523.00,0.00,0.00,0.31,0.00,0.00,4.49,0.00,0.00,-1429.61,-0.00,0.00,-0.00,0.00,0.00,-0.00
31530.00,0.00,0.00,0.26,0.00,0.00,-7.64,0.00,0.00,-1733.77,-0.00,0.00,-0.00,0.00,0.00,-0.00
31539.00,0.00,0.00,0.21,0.00,0.00,-5.00,0.00,0.00,294.12,-0.00,0.00,-0.00,0.00,0.00,0.00
31544.00,0.00,0.00,0.16,0.00,0.00,-10.13,0.00,0.00,-1026.92,-0.00,0.00,-0.00,0.00,0.00,-0.00
31561.00,0.00,0.00,0.15,0.00,0.00,-0.78,0.00,0.00,550.13,-0.00,0.00,-0.00,-0.00,0.00,-0.00
31574.00,0.00,0.00,0.27,0.00,0.00,9.77,0.00,0.00,811.53,-0.00,0.00,-0.00,0.00,-0.00,0.00
31582.00,0.00,0.00,0.25,0.00,0.00,-3.48,0.00,0.00,-1655.80,-0.00,0.00,-0.00,0.00,-0.00,0.00
31590.00,0.00,0.00,0.19,0.00,0.00,-7.11,0.00,0.00,-454.83,-0.00,0.00,-0.00,-0.00,-0.00,0.00
31596.00,0.00,0.00,0.16,0.00,0.00,-4.92,0.00,0.00,365.60,-0.00,0.00,-0.00,-0.00,-0.00,0.00
31602.00,0.00,0.00,0.32,0.00,0.00,25.91,0.00,0.00,5138.29,-0.00,0.00,-0.00,0.00,-0.00,0.00
31608.00,0.00,0.00,0.26,0.00,0.00,-8.42,0.00,0.00,-5722.31,-0.00,0.00,-0.00,0.00,0.00,0.00
31612.00,0.00,0.00,0.28,0.00,0.00,3.72,0.00,0.00,3036.46,-0.00,0.00,-0.00,0.00,0.00,0.00
31621.00,0.00,0.00,0.32,0.00,0.00,4.92,0.00,0.00,132.89,-0.00,0.00,-0.00,-0.00,-0.00,-0.00
31629.00,0.00,0.00,0.20,0.00,0.00,-15.02,0.00,0.00,-2491.65,-0.00,0.00,-0.00,0.00,0.00,0.00
31635.00,0.00,0.00,0.32,0.00,0.00,19.19,0.00,0.00,5700.68,-0.00,0.00,-0.00,-0.00,0.00,-0.00
31646.00,0.00,0.00,0.24,0.00,0.00,-6.79,0.00,0.00,-2361.31,-0.00,0.00,-0.00,0.00,0.00,0.00
31662.00,0.00,0.00,0.31,0.00,0.00,4.20,0.00,0.00,686.96,-0.00,0.00,-0.00,0.00,0.00,0.00
31671.00,0.00,0.00,0.34,0.00,0.00,3.18,0.00,0.00,-114.25,-0.00,0.00,-0.00,0.00,0.00,0.00
31679.00,0.00,0.00,0.22,0.00,0.00,-14.43,0.00,0.00,-2200.24,-0.00,0.00,-0.00,-0.00,0.00,-0.00
31685.00,0.00,0.00,0.24,0.00,0.00,3.23,0.00,0.00,2942.09,-0.00,0.00,-0.00,-0.00,0.00,-0.00
31692.00,0.00,0.00,0.27,0.00,0.00,3.60,0.00,0.00,53.13,-0.00,0.00,-0.00,0.00,0.00,-0.00
31697.00,0.00,0.00,0.21,0.00,0.00,-12.31,0.00,0.00,-3181.03,-0.00,0.00,-0.00,0.00,-0.00,0.00
31702.00,0.00,0.00,0.20,0.00,0.00,-1.10,0.00,0.00,2240.63,-0.00,0.00,-0.00,0.00,-0.00,0.00
31711.00,0.00,0.00,0.28,0.00,0.00,8.41,0.00,0.00,1057.32,-0.00,0.00,-0.00,0.00,0.00,-0.00
31719.00,0.00,0.00,0.31,0.00,0.00,4.58,0.00,0.00,-478.61,-0.00,0.00,-0.00,-0.00,0.00,0.00
31730.00,0.00,0.00,0.30,0.00,0.00,-0.92,0.00,0.00,-500.77,-0.00,0.00,-0.00,-0.00,0.00,0.00
31737.00,0.00,0.00,0.28,0.00,0.00,-2.77,0.00,0.00,-263.76,-0.00,0.00,-0.00,0.00,0.00,0.00
31742.00,0.00,0.00,0.19,0.00,0.00,-19.19,0.00,0.00,-3283.91,-0.00,0.00,-0.00,0.00,0.00,0.00
31759.00,0.00,0.00,0.23,0.00,0.00,2.24,0.00,0.00,1260.76,-0.00,0.00,-0.00,0.00,0.00,0.00
31764.00,0.00,0.00,0.27,0.00,0.00,8.25,0.00,0.00,1200.76,-0.00,0.00,-0.00,0.00,0.00,0.00
31771.00,0.00,0.00,0.27,0.00,0.00,-0.34,0.00,0.00,-1227.26,-0.00,0.00,-0.00,0.00,0.00,-0.00
31780.00,0.00,0.00,0.20,0.00,0.00,-7.72,0.00,0.00,-818.99,-0.00,0.00,-0.00,0.00,0.00,0.00
31788.00,0.00,0.00,0.26,0.00,0.00,7.94,0.00,0.00,1957.01,-0.00,0.00,-0.00,0.00,0.00,-0.00
31793.00,0.00,0.00,0.26,0.00,0.00,0.86,0.00,0.00,-1416.77,-0.00,0.00,-0.00,0.00,0.00,-0.00
31800.00,0.00,0.00,0.20,0.00,0.00,-8.70,0.00,0.00,-1365.93,-0.00,0.00,-0.00,0.00,-0.00,0.00
31812.00,0.00,0.00,0.22,0.00,0.00,1.66,0.00,0.00,863.90,-0.00,0.00,-0.00,0.00,0.00,0.00
31822.00,0.00,0.00,0.21,0.00,0.00,-1.15,0.00,0.00,-281.01,-0.00,0.00,-0.00,0.00,0.00,0.00
31830.00,0.00,0.00,0.22,0.00,0.00,0.95,0.00,0.00,261.99,-0.00,0.00,-0.00,-0.00,-0.00,0.00
31837.00,0.00,0.00,0.22,0.00,0.00,-0.30,0.00,0.00,-178.40,-0.00,0.00,-0.00,0.00,-0.00,0.00
31843.00,0.00,0.00,0.22,0.00,0.00,0.23,0.00,0.00,88.21,-0.00,0.00,-0.00,0.00,-0.00,0.00
31849.00,0.00,0.00,0.30,0.00,0.00,14.05,0.00,0.00,2303.48,-0.00,0.00,-0.00,0.00,0.00,0.00
31856.00,0.00,0.00,0.19,0.00,0.00,-16.54,0.00,0.00,-4369.87,-0.00,0.00,-0.00,0.00,0.00,-0.00
31872.00,0.00,0.00,0.26,0.00,0.00,4.63,0.00,0.00,1323.11,-0.00,0.00,-0.00,-0.00,0.00,-0.00
31881.00,0.00,0.00,0.26,0.00,0.00,-0.41,0.00,0.00,-559.94,-0.00,0.00,-0.00,-0.00,0.00,0.00
31888.00,0.00,0.00,0.20,0.00,0.00,-7.89,0.00,0.00,-1069.30,-0.00,0.00,-0.00,-0.00,-0.00,-0.00
31899.00,0.00,0.00,0.29,0.00,0.00,7.83,0.00,0.00,1429.45,-0.00,0.00,-0.00,0.00,0.00,0.00
31905.00,0.00,0.00,0.27,0.00,0.00,-2.88,0.00,0.00,-1785.53,-0.00,0.00,-0.00,-0.00,0.00,0.00
31912.00,0.00,0.00,0.21,0.00,0.00,-8.42,0.00,0.00,-791.56,-0.00,0.00,-0.00,-0.00,-0.00,0.00
31920.00,0.00,0.00,0.22,0.00,0.00,1.11,0.00,0.00,1192.29,-0.00,0.00,-0.00,-0.00,-0.00,0.00
31928.00,0.00,0.00,0.25,0.00,0.00,3.11,0.00,0.00,250.12,-0.00,0.00,-0.00,-0.00,-0.00,0.00
31934.00,0.00,0.00,0.20,0.00,0.00,-7.69,0.00,0.00,-1800.86,-0.00,0.00,-0.00,-0.00,-0.00,0.00
31941.00,0.00,0.00,0.25,0.00,0.00,6.64,0.00,0.00,2047.22,-0.00,0.00,-0.00,0.00,-0.00,0.00
31945.00,0.00,0.00,0.20,0.00,0.00,-11.94,0.00,0.00,-4646.24,-0.00,0.00,-0.00,0.00,-0.00,-0.00
31951.00,0.00,0.00,0.34,0.00,0.00,23.45,0.00,0.00,5899.37,-0.00,0.00,-0.00,0.00,0.00,0.00
31955.00,0.00,0.00,0.17,0.00,0.00,-41.88,0.00,0.00,-16331.59,-0.00,0.00,-0.00,0.00,0.00,0.00
31972.00,0.00,0.00,0.25,0.00,0.00,4.72,0.00,0.00,2740.88,-0.00,0.00,-0.00,0.00,0.00,0.00
31991.00,0.00,0.00,0.18,0.00,0.00,-3.96,0.00,0.00,-456.82,-0.00,0.00,-0.00,0.00,-0.00,0.00
31997.00,0.00,0.00,0.25,0.00,0.00,12.37,0.00,0.00,2721.68,-0.00,0.00,-0.00,0.00,-0.00,0.00
32003.00,0.00,0.00,0.21,0.00,0.00,-6.02,0.00,0.00,-3064.61,-0.00,0.00,-0.00,0.00,-0.00,0.00
32011.00,0.00,0.00,0.22,0.00,0.00,1.26,0.00,0.00,909.51,-0.00,0.00,-0.00,-0.00,-0.00,-0.00
32019.00,0.00,0.00,0.20,0.00,0.00,-3.60,0.00,0.00,-606.85,-0.00,0.00,-0.00,0.00,0.00,-0.00
32025.00,0.00,0.00,0.10,0.00,0.00,-16.59,0.00,0.00,-2165.50,-0.00,0.00,-0.00,-0.00,0.00,-0.00
32032.00,0.00,0.00,0.20,0.00,0.00,15.14,0.00,0.00,4532.26,-0.00,0.00,-0.00,-0.00,0.00,0.00
32041.00,0.00,0.00,0.28,0.00,0.00,8.79,0.00,0.00,-704.80,-0.00,0.00,-0.00,-0.00,-0.00,0.00
32046.00,0.00,0.00,0.25,0.00,0.00,-7.12,0.00,0.00,-3182.15,-0.00,0.00,-0.00,-0.00,0.00,0.00
32067.00,0.00,0.00,0.18,0.00,0.00,-2.92,0.00,0.00,199.84,-0.00,0.00,-0.00,0.00,-0.00,0.00
32074.00,0.00,0.00,0.25,0.00,0.00,8.88,0.00,0.00,1686.03,-0.00,0.00,-0.00,0.00,0.00,0.00
32081.00,0.00,0.00,0.25,0.00,0.00,0.61,0.00,0.00,-1181.64,-0.00,0.00,-0.00,0.00,0.00,0.00
32089.00,0.00,0.00,0.27,0.00,0.00,2.14,0.00,0.00,191.16,-0.00,0.00,-0.00,0.00,-0.00,0.00
32095.00,0.00,0.00,0.30,0.00,0.00,5.70,0.00,0.00,593.81,-0.00,0.00,-0.00,0.00,-0.00,0.00
32102.00,0.00,0.00,0.34,0.00,0.00,5.62,0.00,0.00,-12.15,-0.00,0.00,-0.00,-0.00,-0.00,0.00
32110.00,0.00,0.00,0.23,0.00,0.00,-14.17,0.00,0.00,-2473.47,-0.00,0.00,-0.00,-0.00,-0.00,-0.00
32117.00,0.00,0.00,0.26,0.00,0.00,4.23,0.00,0.00,2629.18,-0.00,0.00,-0.00,-0.00,-0.00,0.00
32123.00,0.00,0.00,0.23,0.00,0.00,-4.48,0.00,0.00,-1452.78,-0.00,0.00,-0.00,-0.00,-0.00,0.00
32131.00,0.00,0.00,0.28,0.00,0.00,6.38,0.00,0.00,1358.27,-0.00,0.00,-0.00,-0.00,0.00,0.00
32144.00,0.00,0.00,0.26,0.00,0.00,-1.69,0.00,0.00,-620.69,-0.00,0.00,-0.00,0.00,0.00,0.00
32162.00,0.00,0.00,0.18,0.00,0.00,-4.35,0.00,0.00,-148.06,-0.00,0.00,-0.00,0.00,0.00,0.00
32171.00,0.00,0.00,0.24,0.00,0.00,6.64,0.00,0.00,1220.86,-0.00,0.00,-0.00,0.00,0.00,0.00
32179.00,0.00,0.00,0.28,0.00,0.00,5.05,0.00,0.00,-198.75,-0.00,0.00,-0.00,0.00,0.00,0.00
32184.00,0.00,0.00,0.27,0.00,0.00,-1.64,0.00,0.00,-1336.89,-0.00,0.00,-0.00,0.00,-0.00,0.00
32192.00,0.00,0.00,0.19,0.00,0.00,-10.74,0.00,0.00,-1137.62,-0.00,0.00,-0.00,0.00,-0.00,0.00
32197.00,0.00,0.00,0.28,0.00,0.00,17.96,0.00,0.00,5738.75,-0.00,0.00,-0.00,-0.00,0.00,0.00
32203.00,0.00,0.00,0.28,0.00,0.00,0.33,0.00,0.00,-2937.23,-0.00,0.00,-0.00,-0.00,0.00,0.00
32211.00,0.00,0.00,0.31,0.00,0.00,4.28,0.00,0.00,493.85,-0.00,0.00,-0.00,-0.00,-0.00,0.00
32219.00,0.00,0.00,0.18,0.00,0.00,-16.23,0.00,0.00,-2564.10,-0.00,0.00,-0.00,0.00,-0.00,-0.00
32230.00,0.00,0.00,0.28,0.00,0.00,8.33,0.00,0.00,2233.10,-0.00,0.00,-0.00,0.00,0.00,0.00
32237.00,0.00,0.00,0.12,0.00,0.00,-22.21,0.00,0.00,-4363.49,-0.00,0.00,-0.00,0.00,0.00,0.00
32243.00,0.00,0.00,0.23,0.00,0.00,18.84,0.00,0.00,6842.48,-0.00,0.00,-0.00,0.00,0.00,0.00
32249.00,0.00,0.00,0.23,0.00,0.00,-0.50,0.00,0.00,-3223.74,-0.00,0.00,-0.00,0.00,0.00,-0.00
32254.00,0.00,0.00,0.32,0.00,0.00,17.38,0.00,0.00,3575.30,-0.00,0.00,-0.00,0.00,0.00,-0.00
32270.00,0.00,0.00,0.14,0.00,0.00,-11.36,0.00,0.00,-1795.98,-0.00,0.00,-0.00,-0.00,0.00,0.00
32275.00,0.00,0.00,0.25,0.00,0.00,23.53,0.00,0.00,6977.78,-0.00,0.00,-0.00,-0.00,0.00,0.00
32282.00,0.00,0.00,0.24,0.00,0.00,-1.51,0.00,0.00,-3577.87,-0.00,0.00,-0.00,0.00,0.00,-0.00
32291.00,0.00,0.00,0.20,0.00,0.00,-4.79,0.00,0.00,-364.33,-0.00,0.00,-0.00,0.00,0.00,0.00
32297.00,0.00,0.00,0.29,0.00,0.00,14.78,0.00,0.00,3262.74,-0.00,0.00,-0.00,0.00,0.00,0.00
32308.00,0.00,0.00,0.27,0.00,0.00,-1.36,0.00,0.00,-1467.24,-0.00,0.00,-0.00,-0.00,0.00,0.00
32315.00,0.00,0.00,0.24,0.00,0.00,-4.32,0.00,0.00,-424.01,-0.00,0.00,-0.00,-0.00,0.00,0.00
32322.00,0.00,0.00,0.23,0.00,0.00,-2.21,0.00,0.00,302.25,-0.00,0.00,-0.00,-0.00,0.00,-0.00
32330.00,0.00,0.00,0.28,0.00,0.00,6.07,0.00,0.00,1034.14,-0.00,0.00,-0.00,0.00,-0.00,0.00
32336.00,0.00,0.00,0.32,0.00,0.00,7.18,0.00,0.00,185.52,-0.00,0.00,0.00,0.00,-0.00,0.00
32343.00,0.00,0.00,0.30,0.00,0.00,-2.94,0.00,0.00,-1446.20,-0.00,0.00,0.00,0.00,-0.00,0.00
32349.00,0.00,0.00,0.30,0.00,0.00,1.01,0.00,0.00,659.20,-0.00,0.00,0.00,-0.00,-0.00,0.00
32365.00,0.00,0.00,0.16,0.00,0.00,-8.86,0.00,0.00,-616.75,-0.00,0.00,-0.00,0.00,-0.00,-0.00
32372.00,0.00,0.00,0.20,0.00,0.00,4.67,0.00,0.00,1932.71,-0.00,0.00,-0.00,0.00,0.00,0.00
32381.00,0.00,0.00,0.24,0.00,0.00,4.38,0.00,0.00,-32.67,-0.00,0.00,-0.00,0.00,-0.00,-0.00
32392.00,0.00,0.00,0.32,0.00,0.00,7.59,0.00,0.00,292.02,-0.00,0.00,0.00,0.00,-0.00,0.00
32399.00,0.00,0.00,0.29,0.00,0.00,-3.41,0.00,0.00,-1571.75,-0.00,0.00,0.00,0.00,-0.00,0.00
32404.00,0.00,0.00,0.09,0.00,0.00,-40.93,0.00,0.00,-7504.44,-0.00,0.00,0.00,0.00,-0.00,0.00
32412.00,0.00,0.00,0.10,0.00,0.00,1.01,0.00,0.00,5242.70,-0.00,0.00,0.00,0.00,-0.00,0.00
32421.00,0.00,0.00,0.11,0.00,0.00,1.38,0.00,0.00,41.64,-0.00,0.00,0.00,-0.00,0.00,0.00
32427.00,0.00,0.00,0.28,0.00,0.00,29.04,0.00,0.00,4609.92,-0.00,0.00,0.00,0.00,0.00,0.00
32433.00,0.00,0.00,0.24,0.00,0.00,-8.19,0.00,0.00,-6205.76,-0.00,0.00,0.00,0.00,0.00,0.00
32442.00,0.00,0.00,0.19,0.00,0.00,-4.87,0.00,0.00,369.55,-0.00,0.00,0.00,-0.00,0.00,0.00
32447.00,0.00,0.00,0.26,0.00,0.00,13.08,0.00,0.00,3589.94,-0.00,0.00,0.00,0.00,0.00,-0.00
32463.00,0.00,0.00,0.33,0.00,0.00,4.66,0.00,0.00,-526.33,-0.00,0.00,0.00,0.00,0.00,0.00
32477.00,0.00,0.00,0.34,0.00,0.00,0.33,0.00,0.00,-309.53,-0.00,0.00,0.00,0.00,-0.00,0.00
32484.00,0.00,0.00,0.26,0.00,0.00,-10.57,0.00,0.00,-1557.15,-0.00,0.00,0.00,0.00,-0.00,0.00
32492.00,0.00,0.00,0.15,0.00,0.00,-13.95,0.00,0.00,-422.58,-0.00,0.00,0.00,0.00,-0.00,0.00
32498.00,0.00,0.00,0.25,0.00,0.00,16.30,0.00,0.00,5041.56,-0.00,0.00,0.00,0.00,-0.00,0.00
32503.00,0.00,0.00,0.31,0.00,0.00,12.28,0.00,0.00,-802.57,-0.00,0.00,0.00,-0.00,0.00,0.00
32512.00,0.00,0.00,0.16,0.00,0.00,-16.97,0.00,0.00,-3250.74,-0.00,0.00,0.00,-0.00,-0.00,-0.00
32520.00,0.00,0.00,0.23,0.00,0.00,9.67,0.00,0.00,3330.22,-0.00,0.00,0.00,-0.00,-0.00,0.00
32525.00,0.00,0.00,0.22,0.00,0.00,-3.52,0.00,0.00,-2637.20,-0.00,0.00,0.00,-0.00,-0.00,0.00
32532.00,0.00,0.00,0.25,0.00,0.00,4.18,0.00,0.00,1098.97,-0.00,0.00,0.00,-0.00,-0.00,0.00
32541.00,0.00,0.00,0.29,0.00,0.00,4.51,0.00,0.00,36.86,-0.00,0.00,0.00,-0.00,-0.00,-0.00
32551.00,0.00,0.00,0.21,0.00,0.00,-7.95,0.00,0.00,-1246.06,-0.00,0.00,0.00,-0.00,-0.00,0.00
32568.00,0.00,0.00,0.15,0.00,0.00,-3.48,0.00,0.00,263.12,-0.00,0.00,0.00,-0.00,-0.00,0.00
32574.00,0.00,0.00,0.14,0.00,0.00,-1.38,0.00,0.00,350.86,-0.00,0.00,0.00,-0.00,-0.00,0.00
32582.00,0.00,0.00,0.19,0.00,0.00,6.71,0.00,0.00,1010.23,-0.00,0.00,0.00,-0.00,-0.01,-0.00
32590.00,0.00,0.00,0.20,0.00,0.00,1.22,0.00,0.00,-686.34,-0.00,0.00,0.00,0.00,-0.00,-0.00
32595.00,0.00,0.00,0.19,0.00,0.00,-2.96,0.00,0.00,-835.66,-0.00,0.00,0.00,0.00,-0.00,-0.00
32602.00,0.00,0.00,0.24,0.00,0.00,7.42,0.00,0.00,1483.53,-0.00,0.00,0.00,0.00,0.00,0.00
32610.00,0.00,0.00,0.26,0.00,0.00,2.41,0.00,0.00,-626.53,-0.00,0.00,0.00,0.00,0.00,0.00
32614.00,0.00,0.00,0.22,0.00,0.00,-10.14,0.00,0.00,-3137.85,-0.00,0.00,0.00,0.00,-0.00,-0.00
32622.00,0.00,0.00,0.27,0.00,0.00,6.99,0.00,0.00,2141.52,-0.00,0.00,0.00,-0.00,0.00,0.00
32634.00,0.00,0.00,0.26,0.00,0.00,-1.30,0.00,0.00,-691.01,-0.00,0.00,0.00,0.00,0.00,-0.00
32643.00,0.00,0.00,0.25,0.00,0.00,-1.46,0.00,0.00,-18.15,-0.00,0.00,0.00,0.00,-0.00,0.00
32649.00,0.00,0.00,0.30,0.00,0.00,9.51,0.00,0.00,1828.63,-0.00,0.00,0.00,-0.00,-0.00,-0.00
32664.00,0.00,0.00,0.16,0.00,0.00,-9.60,0.00,0.00,-1274.02,-0.00,0.00,0.00,-0.00,-0.00,-0.00
32672.00,0.00,0.00,0.25,0.00,0.00,11.36,0.00,0.00,2620.41,-0.00,0.00,0.00,-0.00,0.00,0.00
32680.00,0.00,0.00,0.23,0.00,0.00,-2.96,0.00,0.00,-1789.61,-0.00,0.00,0.00,-0.00,0.00,0.00
32686.00,0.00,0.00,0.28,0.00,0.00,8.50,0.00,0.00,1909.66,-0.00,0.00,0.00,-0.00,0.00,0.00
32693.00,0.00,0.00,0.21,0.00,0.00,-9.23,0.00,0.00,-2533.48,-0.00,0.00,0.00,0.00,0.00,0.00
32699.00,0.00,0.00,0.18,0.00,0.00,-5.65,0.00,0.00,598.00,-0.00,0.00,0.00,-0.00,0.00,0.00
32704.00,0.00,0.00,0.25,0.00,0.00,14.32,0.00,0.00,3992.71,-0.00,0.00,0.00,-0.00,0.00,0.00
32722.00,0.00,0.00,0.29,0.00,0.00,2.25,0.00,0.00,-670.47,-0.00,0.00,0.00,0.00,0.00,0.00
32730.00,0.00,0.00,0.21,0.00,0.00,-10.60,0.00,0.00,-1605.68,-0.00,0.00,0.00,0.00,0.00,0.00
32735.00,0.00,0.00,0.22,0.00,0.00,2.86,0.00,0.00,2691.63,-0.00,0.00,0.00,0.00,0.00,0.00
32743.00,0.00,0.00,0.10,0.00,0.00,-15.41,0.00,0.00,-2284.22,-0.00,0.00,0.00,0.00,0.00,-0.00
32748.00,0.00,0.00,0.23,0.00,0.00,26.13,0.00,0.00,8307.72,-0.00,0.00,0.00,0.00,0.00,-0.00
32764.00,0.00,0.00,0.24,0.00,0.00,1.06,0.00,0.00,-1566.42,-0.00,0.00,0.00,0.00,-0.00,0.00
32772.00,0.00,0.00,0.14,0.00,0.00,-13.22,0.00,0.00,-1785.46,-0.00,0.00,0.00,-0.00,0.00,0.00
32780.00,0.00,0.00,0.23,0.00,0.00,11.88,0.00,0.00,3136.84,-0.00,0.00,0.00,-0.00,0.00,-0.00
32786.00,0.00,0.00,0.27,0.00,0.00,5.25,0.00,0.00,-1104.22,-0.00,0.00,0.00,-0.00,0.00,-0.00
32793.00,0.00,0.00,0.24,0.00,0.00,-4.13,0.00,0.00,-1340.21,-0.00,0.00,0.00,-0.00,0.00,-0.00
32804.00,0.00,0.00,0.24,0.00,0.00,0.26,0.00,0.00,399.17,-0.00,0.00,0.00,-0.00,-0.00,0.00
32813.00,0.00,0.00,0.23,0.00,0.00,-1.02,0.00,0.00,-141.98,-0.00,0.00,0.00,-0.00,0.00,0.00
32821.00,0.00,0.00,0.20,0.00,0.00,-4.32,0.00,0.00,-412.34,-0.00,0.00,0.00,0.00,-0.00,0.00
32827.00,0.00,0.00,0.20,0.00,0.00,0.00,0.00,0.00,719.54,-0.00,0.00,0.00,0.00,0.00,0.00
32828.00,0.00,0.00,0.31,0.00,0.00,117.95,0.00,0.00,117950.95,-0.00,0.00,0.00,0.00,-0.00,0.00
32833.00,0.00,0.00,0.31,0.00,0.00,0.00,0.00,0.00,-23590.19,-0.00,0.00,0.00,0.00,-0.00,0.00
32835.00,0.00,0.00,0.23,0.00,0.00,-42.51,0.00,0.00,-21255.52,-0.00,0.00,0.00,0.00,-0.00,0.00
32843.00,0.00,0.00,0.32,0.00,0.00,11.58,0.00,0.00,6761.28,-0.00,0.00,0.00,0.00,-0.00,0.00
32849.00,0.00,0.00,0.12,0.00,0.00,-33.76,0.00,0.00,-7556.35,-0.00,0.00,0.00,-0.00,-0.00,0.00
32864.00,0.00,0.00,0.19,0.00,0.00,4.82,0.00,0.00,2571.94,-0.00,0.00,0.00,0.00,0.00,0.00
32877.00,0.00,0.00,0.16,0.00,0.00,-2.30,0.00,0.00,-547.77,-0.00,0.00,0.00,-0.00,-0.00,0.00
32885.00,0.00,0.00,0.22,0.00,0.00,6.96,0.00,0.00,1158.09,-0.00,0.00,0.00,-0.00,0.00,0.00
32893.00,0.00,0.00,0.17,0.00,0.00,-5.65,0.00,0.00,-1576.66,-0.00,0.00,0.00,-0.00,-0.00,0.00
32898.00,0.00,0.00,0.22,0.00,0.00,9.72,0.00,0.00,3073.84,-0.00,0.00,0.00,-0.00,-0.00,0.00
32904.00,0.00,0.00,0.30,0.00,0.00,13.76,0.00,0.00,672.69,-0.00,0.00,0.00,-0.00,-0.00,0.00
32913.00,0.00,0.00,0.19,0.00,0.00,-12.76,0.00,0.00,-2945.85,-0.00,0.00,0.00,0.00,-0.00,0.00
32921.00,0.00,0.00,0.26,0.00,0.00,9.42,0.00,0.00,2771.64,-0.00,0.00,0.00,0.00,0.00,0.00
32926.00,0.00,0.00,0.22,0.00,0.00,-8.86,0.00,0.00,-3654.50,-0.00,0.00,0.00,0.00,0.00,0.00
32933.00,0.00,0.00,0.28,0.00,0.00,9.39,0.00,0.00,2607.13,-0.00,0.00,0.00,0.00,-0.00,0.00
32942.00,0.00,0.00,0.25,0.00,0.00,-4.03,0.00,0.00,-1491.62,-0.00,0.00,0.00,-0.00,-0.01,0.00
32952.00,0.00,0.00,0.26,0.00,0.00,1.20,0.00,0.00,522.88,-0.00,0.00,0.00,0.00,-0.00,-0.00
32958.00,0.00,0.00,0.26,0.00,0.00,0.00,0.00,0.00,-199.68,-0.00,0.00,0.00,0.00,-0.00,-0.00
32963.00,0.00,0.00,0.18,0.00,0.00,-15.26,0.00,0.00,-3051.27,-0.00,0.00,0.00,0.00,0.00,0.00
32981.00,0.00,0.00,0.25,0.00,0.00,3.89,0.00,0.00,1063.87,-0.00,0.00,0.00,0.00,-0.00,-0.00
32987.00,0.00,0.00,0.33,0.00,0.00,12.34,0.00,0.00,1407.43,-0.00,0.00,0.00,0.00,-0.00,-0.00
32994.00,0.00,0.00,0.27,0.00,0.00,-8.46,0.00,0.00,-2970.95,-0.00,0.00,0.00,0.00,-0.01,-0.00
32999.00,0.00,0.00,0.29,0.00,0.00,5.11,0.00,0.00,2713.21,-0.00,0.00,0.00,0.00,-0.00,0.00
33005.00,0.00,0.00,0.27,0.00,0.00,-4.10,0.00,0.00,-1534.25,-0.00,0.00,0.00,0.00,-0.00,0.00
33013.00,0.00,0.00,0.29,0.00,0.00,2.91,0.00,0.00,876.15,-0.00,0.00,0.00,0.00,-0.00,0.00
33021.00,0.00,0.00,0.19,0.00,0.00,-12.54,0.00,0.00,-1931.05,-0.00,0.00,0.00,0.00,-0.00,0.00
33031.00,0.00,0.00,0.26,0.00,0.00,6.30,0.00,0.00,1883.62,-0.00,0.00,0.00,0.00,-0.00,0.00
33038.00,0.00,0.00,0.21,0.00,0.00,-7.00,0.00,0.00,-1899.42,-0.00,0.00,0.00,-0.00,-0.00,0.00
33044.00,0.00,0.00,0.20,0.00,0.00,-1.92,0.00,0.00,845.93,-0.00,0.00,0.00,-0.00,-0.00,0.00
33059.00,0.00,0.00,0.29,0.00,0.00,6.41,0.00,0.00,555.31,-0.00,0.00,0.00,0.00,0.00,0.00
33065.00,0.00,0.00,0.18,0.00,0.00,-18.74,0.00,0.00,-4191.35,-0.00,0.00,0.00,-0.00,0.00,0.00
33073.00,0.00,0.00,0.25,0.00,0.00,9.02,0.00,0.00,3470.28,-0.00,0.00,0.00,-0.00,0.00,-0.00
33081.00,0.00,0.00,0.24,0.00,0.00,-1.85,0.00,0.00,-1359.19,-0.00,0.00,0.00,0.00,0.00,0.00
33086.00,0.00,0.00,0.21,0.00,0.00,-6.24,0.00,0.00,-877.51,-0.00,0.00,0.00,0.00,0.00,0.00
33094.00,0.00,0.00,0.22,0.00,0.00,1.46,0.00,0.00,962.17,-0.00,0.00,0.00,0.00,0.00,0.00
33099.00,0.00,0.00,0.18,0.00,0.00,-7.77,0.00,0.00,-1845.26,-0.00,0.00,0.00,-0.00,-0.00,-0.00
33110.00,0.00,0.00,0.30,0.00,0.00,10.65,0.00,0.00,1674.12,-0.00,0.00,0.00,0.00,-0.00,-0.00
33114.00,0.00,0.00,0.30,0.00,0.00,0.00,0.00,0.00,-2661.86,-0.00,0.00,0.00,0.00,-0.00,-0.00
33119.00,0.00,0.00,0.23,0.00,0.00,-12.42,0.00,0.00,-2483.56,-0.00,0.00,0.00,0.00,-0.00,-0.00
33124.00,0.00,0.00,0.18,0.00,0.00,-10.01,0.00,0.00,482.13,-0.00,0.00,0.00,0.00,-0.00,0.00
33133.00,0.00,0.00,0.22,0.00,0.00,4.15,0.00,0.00,1573.05,-0.00,0.00,0.00,0.00,-0.00,0.00
33141.00,0.00,0.00,0.28,0.00,0.00,7.98,0.00,0.00,478.96,-0.00,0.00,0.00,0.00,-0.00,0.00
33146.00,0.00,0.00,0.23,0.00,0.00,-11.77,0.00,0.00,-3950.52,-0.00,0.00,0.00,0.00,-0.00,0.00
33153.00,0.00,0.00,0.22,0.00,0.00,-0.95,0.00,0.00,1546.13,-0.00,0.00,0.00,0.00,-0.00,0.00
33172.00,0.00,0.00,0.26,0.00,0.00,2.18,0.00,0.00,164.85,-0.00,0.00,0.00,-0.00,-0.00,0.00
33177.00,0.00,0.00,0.27,0.00,0.00,2.64,0.00,0.00,91.25,-0.00,0.00,0.00,0.00,-0.00,-0.00
33189.00,0.00,0.00,0.24,0.00,0.00,-2.49,0.00,0.00,-427.52,-0.00,0.00,0.00,0.00,-0.00,-0.00
33196.00,0.00,0.00,0.18,0.00,0.00,-8.41,0.00,0.00,-846.39,-0.00,0.00,0.00,0.00,-0.00,0.00
33202.00,0.00,0.00,0.25,0.00,0.00,11.64,0.00,0.00,3343.02,-0.00,0.00,0.00,0.00,-0.00,-0.00
33210.00,0.00,0.00,0.21,0.00,0.00,-5.59,0.00,0.00,-2153.86,-0.00,0.00,0.00,0.00,-0.00,0.00
33215.00,0.00,0.00,0.21,0.00,0.00,0.09,0.00,0.00,1135.86,-0.00,0.00,0.00,0.00,-0.00,0.00
33223.00,0.00,0.00,0.19,0.00,0.00,-2.65,0.00,0.00,-343.04,-0.00,0.00,0.00,0.00,-0.00,-0.00
33231.00,0.00,0.00,0.27,0.00,0.00,9.88,0.00,0.00,1566.96,-0.00,0.00,0.00,0.00,0.00,-0.00
33237.00,0.00,0.00,0.24,0.00,0.00,-4.74,0.00,0.00,-2437.14,-0.00,0.00,0.00,-0.00,0.00,-0.00
33244.00,0.00,0.00,0.20,0.00,0.00,-6.16,0.00,0.00,-202.72,-0.00,0.00,0.00,-0.00,0.00,0.00
33259.00,0.00,0.00,0.28,0.00,0.00,5.47,0.00,0.00,775.19,-0.00,0.00,0.00,0.00,0.00,0.00
33270.00,0.00,0.00,0.24,0.00,0.00,-3.41,0.00,0.00,-807.47,-0.00,0.00,0.00,0.00,0.00,0.00
33276.00,0.00,0.00,0.25,0.00,0.00,0.72,0.00,0.00,688.77,-0.00,0.00,0.00,0.00,0.00,-0.00
33284.00,0.00,0.00,0.22,0.00,0.00,-3.01,0.00,0.00,-465.95,-0.00,0.00,0.00,0.00,0.00,-0.00
33290.00,0.00,0.00,0.34,0.00,0.00,19.83,0.00,0.00,3806.64,-0.00,0.00,0.00,0.00,-0.00,0.00
33295.00,0.00,0.00,0.31,0.00,0.00,-7.04,0.00,0.00,-5374.04,-0.00,0.00,0.00,0.00,-0.00,0.00
33301.00,0.00,0.00,0.23,0.00,0.00,-12.84,0.00,0.00,-967.42,-0.00,0.00,0.00,0.00,0.00,-0.00
33307.00,0.00,0.00,0.23,0.00,0.00,-0.32,0.00,0.00,2086.64,-0.00,0.00,0.00,0.00,0.00,-0.00
33314.00,0.00,0.00,0.22,0.00,0.00,-0.83,0.00,0.00,-72.57,-0.00,0.00,0.00,-0.00,0.00,0.00
33323.00,0.00,0.00,0.28,0.00,0.00,6.94,0.00,0.00,863.85,-0.00,0.00,0.00,0.00,0.00,0.00
33330.00,0.00,0.00,0.21,0.00,0.00,-10.72,0.00,0.00,-2524.09,-0.00,0.00,0.00,0.00,-0.00,0.00
33340.00,0.00,0.00,0.27,0.00,0.00,5.80,0.00,0.00,1652.32,-0.00,0.00,0.00,0.00,0.00,0.00
33347.00,0.00,0.00,0.17,0.00,0.00,-13.34,0.00,0.00,-2733.57,-0.00,0.00,0.00,0.00,-0.00,0.00
33354.00,0.00,0.00,0.26,0.00,0.00,13.13,0.00,0.00,3780.97,-0.00,0.00,0.00,0.00,-0.00,0.00
33372.00,0.00,0.00,0.13,0.00,0.00,-7.46,0.00,0.00,-1143.94,-0.00,0.00,0.00,0.00,0.00,0.00
33377.00,0.00,0.00,0.16,0.00,0.00,4.94,0.00,0.00,2480.24,-0.00,0.00,0.00,0.00,0.00,-0.00
33384.00,0.00,0.00,0.18,0.00,0.00,4.19,0.00,0.00,-106.99,-0.00,0.00,0.00,0.00,0.00,-0.00
33393.00,0.00,0.00,0.28,0.00,0.00,10.83,0.00,0.00,737.54,-0.00,0.00,0.00,-0.00,-0.00,0.00
33398.00,0.00,0.00,0.27,0.00,0.00,-2.37,0.00,0.00,-2640.79,-0.00,0.00,0.00,-0.00,-0.00,-0.00
33405.00,0.00,0.00,0.18,0.00,0.00,-13.37,0.00,0.00,-1570.47,-0.00,0.00,0.00,0.00,-0.00,-0.00
33413.00,0.00,0.00,0.20,0.00,0.00,2.37,0.00,0.00,1967.10,-0.00,0.00,0.00,-0.00,0.00,0.00
33430.00,0.00,0.00,0.21,0.00,0.00,0.61,0.00,0.00,-103.41,-0.00,0.00,0.00,0.00,-0.00,0.00
33437.00,0.00,0.00,0.19,0.00,0.00,-1.59,0.00,0.00,-314.35,-0.00,0.00,0.00,0.00,-0.00,0.00
33444.00,0.00,0.00,0.21,0.00,0.00,2.68,0.00,0.00,610.14,-0.00,0.00,0.00,-0.00,-0.00,0.00
33459.00,0.00,0.00,0.20,0.00,0.00,-0.69,0.00,0.00,-224.91,-0.00,0.00,0.00,0.00,-0.00,0.00
33466.00,0.00,0.00,0.21,0.00,0.00,0.75,0.00,0.00,205.30,-0.00,0.00,0.00,0.00,-0.00,0.00
33471.00,0.00,0.00,0.21,0.00,0.00,0.00,0.00,0.00,-149.01,-0.00,0.00,0.00,0.00,0.00,0.00
33475.00,0.00,0.00,0.20,0.00,0.00,-0.84,0.00,0.00,-211.22,-0.00,0.00,0.00,0.00,0.00,0.00
33484.00,0.00,0.00,0.25,0.00,0.00,4.49,0.00,0.00,593.04,-0.00,0.00,0.00,0.00,-0.00,-0.00
33491.00,0.00,0.00,0.20,0.00,0.00,-6.12,0.00,0.00,-1516.71,-0.00,-0.00,0.00,-0.00,-0.00,0.00
33497.00,0.00,0.00,0.25,0.00,0.00,7.76,0.00,0.00,2314.13,-0.00,-0.00,0.00,-0.00,-0.00,-0.00
33508.00,0.00,0.00,0.23,0.00,0.00,-1.59,0.00,0.00,-850.43,-0.00,-0.00,0.00,-0.00,0.00,-0.00
33516.00,0.00,0.00,0.29,0.00,0.00,6.94,0.00,0.00,1067.12,-0.00,-0.00,0.00,-0.00,0.00,0.00
33524.00,0.00,0.00,0.28,0.00,0.00,-1.34,0.00,0.00,-1035.15,-0.00,0.00,0.00,0.00,0.00,0.00
33532.00,0.00,0.00,0.26,0.00,0.00,-1.48,0.00,0.00,-18.01,-0.00,0.00,0.00,0.00,0.00,-0.00
33537.00,0.00,0.00,0.27,0.00,0.00,0.58,0.00,0.00,411.88,-0.00,0.00,0.00,0.00,-0.00,-0.00
33545.00,0.00,0.00,0.25,0.00,0.00,-1.93,0.00,0.00,-313.02,-0.00,-0.00,0.00,0.00,-0.00,-0.00
33550.00,0.00,0.00,0.27,0.00,0.00,3.15,0.00,0.00,1016.39,-0.00,-0.00,0.00,-0.00,-0.00,0.00
33566.00,0.00,0.00,0.26,0.00,0.00,-0.75,0.00,0.00,-243.98,-0.00,-0.00,0.00,-0.00,-0.00,0.00
33574.00,0.00,0.00,0.27,0.00,0.00,1.25,0.00,0.00,250.01,-0.00,-0.00,0.00,-0.00,-0.00,0.00
33582.00,0.00,0.00,0.14,0.00,0.00,-15.65,0.00,0.00,-2112.66,-0.00,-0.00,0.00,0.00,0.00,0.00
33592.00,0.00,0.00,0.24,0.00,0.00,9.50,0.00,0.00,2514.72,-0.00,-0.00,0.00,-0.00,0.00,-0.00
33598.00,0.00,0.00,0.31,0.00,0.00,13.15,0.00,0.00,609.00,-0.00,-0.00,0.00,0.00,-0.00,0.00
33605.00,0.00,0.00,0.34,0.00,0.00,3.89,0.00,0.00,-1322.33,-0.00,-0.00,0.00,0.00,-0.00,0.00
33613.00,0.00,0.00,0.13,0.00,0.00,-26.70,0.00,0.00,-3824.01,-0.00,-0.00,0.00,0.00,-0.00,0.00
33621.00,0.00,0.00,0.22,0.00,0.00,11.88,0.00,0.00,4822.44,-0.00,-0.00,0.00,-0.00,-0.00,0.00
33626.00,0.00,0.00,0.20,0.00,0.00,-3.82,0.00,0.00,-3140.00,-0.00,-0.00,0.00,-0.00,-0.00,0.00
33634.00,0.00,0.00,0.23,0.00,0.00,3.67,0.00,0.00,935.81,-0.00,-0.00,0.00,0.00,0.00,0.00
33642.00,0.00,0.00,0.33,0.00,0.00,12.31,0.00,0.00,1080.40,-0.00,-0.00,0.00,0.00,-0.00,0.00
33648.00,0.00,0.00,0.17,0.00,0.00,-26.17,0.00,0.00,-6413.69,-0.00,-0.00,0.00,0.00,-0.00,0.00
33655.00,0.00,0.00,0.20,0.00,0.00,3.37,0.00,0.00,4219.38,-0.00,-0.00,0.00,-0.00,0.00,0.00
33678.00,0.00,0.00,0.18,0.00,0.00,-0.97,0.00,0.00,-188.39,-0.00,-0.00,0.00,0.00,0.00,0.00
33685.00,0.00,0.00,0.22,0.00,0.00,6.79,0.00,0.00,1108.54,-0.00,-0.00,0.00,0.00,0.00,-0.00
33694.00,0.00,0.00,0.22,0.00,0.00,-0.25,0.00,0.00,-782.22,-0.00,-0.00,0.00,0.00,0.00,-0.00
33699.00,0.00,0.00,0.15,0.00,0.00,-14.14,0.00,0.00,-2778.68,-0.00,-0.00,0.00,0.00,-0.00,-0.00
33705.00,0.00,0.00,0.25,0.00,0.00,16.92,0.00,0.00,5176.26,-0.00,-0.00,0.00,0.00,-0.00,-0.00
33714.00,0.00,0.00,0.26,0.00,0.00,0.80,0.00,0.00,-1790.34,-0.00,-0.00,0.00,-0.00,0.00,0.00
33722.00,0.00,0.00,0.20,0.00,0.00,-7.83,0.00,0.00,-1078.62,-0.00,-0.00,0.00,0.00,0.00,-0.00
33727.00,0.00,0.00,0.24,0.00,0.00,9.63,0.00,0.00,3491.74,-0.00,-0.00,0.00,0.00,0.00,0.00
33734.00,0.00,0.00,0.22,0.00,0.00,-3.33,0.00,0.00,-1852.25,-0.00,-0.00,0.00,-0.00,0.00,0.00
33743.00,0.00,0.00,0.25,0.00,0.00,3.05,0.00,0.00,709.54,-0.00,-0.00,0.00,0.00,0.00,0.00
33753.00,0.00,0.00,0.30,0.00,0.00,5.21,0.00,0.00,215.87,-0.00,-0.00,0.00,0.00,0.00,-0.00
33769.00,0.00,0.00,0.27,0.00,0.00,-2.18,0.00,0.00,-461.67,-0.00,-0.00,0.00,-0.00,0.00,-0.00
33776.00,0.00,0.00,0.28,0.00,0.00,2.15,0.00,0.00,617.80,-0.00,-0.00,0.00,-0.00,0.00,-0.00
33784.00,0.00,0.00,0.35,0.00,0.00,8.74,0.00,0.00,823.45,-0.00,-0.00,0.00,0.00,-0.01,0.00
33792.00,0.00,0.00,0.30,0.00,0.00,-6.06,0.00,0.00,-1850.21,-0.00,-0.00,0.00,-0.00,-0.00,0.00
33797.00,0.00,0.00,0.20,0.00,0.00,-20.06,0.00,0.00,-2799.29,-0.00,-0.00,0.00,-0.00,-0.00,0.00
33804.00,0.00,0.00,0.22,0.00,0.00,2.90,0.00,0.00,3280.08,-0.00,-0.00,0.00,0.00,-0.00,0.00
33812.00,0.00,0.00,0.21,0.00,0.00,-1.72,0.00,0.00,-577.21,-0.00,-0.00,0.00,-0.00,-0.00,0.00
33818.00,0.00,0.00,0.22,0.00,0.00,2.54,0.00,0.00,710.29,-0.00,-0.00,0.00,-0.00,-0.00,0.00
33825.00,0.00,0.00,0.20,0.00,0.00,-2.94,0.00,0.00,-783.95,-0.00,-0.00,0.00,-0.00,-0.01,0.00
33838.00,0.00,0.00,0.25,0.00,0.00,3.74,0.00,0.00,514.32,-0.00,-0.00,0.00,0.00,0.00,0.00
33846.00,0.00,0.00,0.31,0.00,0.00,6.69,0.00,0.00,369.06,-0.00,-0.00,0.00,0.00,0.00,0.00
33852.00,0.00,0.00,0.30,0.00,0.00,-0.44,0.00,0.00,-1189.54,-0.00,-0.00,0.00,0.00,-0.00,0.00
33868.00,0.00,0.00,0.25,0.00,0.00,-3.31,0.00,0.00,-179.01,-0.00,-0.00,0.00,-0.00,0.00,-0.00
33875.00,0.00,0.00,0.29,0.00,0.00,5.77,0.00,0.00,1296.01,-0.00,-0.00,0.00,0.00,0.00,-0.00
33884.00,0.00,0.00,0.23,0.00,0.00,-7.10,0.00,0.00,-1428.98,-0.00,-0.00,0.00,0.00,-0.00,0.00
33891.00,0.00,0.00,0.19,0.00,0.00,-4.91,0.00,0.00,312.02,-0.00,-0.00,0.00,-0.00,-0.00,-0.00
33896.00,0.00,0.00,0.19,0.00,0.00,0.22,0.00,0.00,1026.48,-0.00,-0.00,0.00,-0.00,-0.00,-0.00
33902.00,0.00,0.00,0.35,0.00,0.00,25.38,0.00,0.00,4193.48,-0.00,-0.00,0.00,-0.00,-0.00,-0.00
33907.00,0.00,0.00,0.28,0.00,0.00,-12.94,0.00,0.00,-7665.03,-0.00,-0.00,0.00,-0.00,-0.00,-0.00
33920.00,0.00,0.00,0.32,0.00,0.00,2.94,0.00,0.00,1221.60,-0.00,-0.00,0.00,-0.00,0.00,0.00
33927.00,0.00,0.00,0.24,0.00,0.00,-11.76,0.00,0.00,-2100.19,-0.00,-0.00,0.00,-0.00,0.00,0.00
33935.00,0.00,0.00,0.24,0.00,0.00,-0.23,0.00,0.00,1442.25,-0.00,-0.00,0.00,-0.00,0.00,0.00
33942.00,0.00,0.00,0.28,0.00,0.00,6.03,0.00,0.00,893.80,-0.00,-0.00,0.00,-0.00,0.00,0.00
33948.00,0.00,0.00,0.24,0.00,0.00,-5.60,0.00,0.00,-1938.15,-0.00,-0.00,0.00,-0.00,0.00,0.00
33965.00,0.00,0.00,0.21,0.00,0.00,-2.00,0.00,0.00,211.85,-0.00,-0.00,0.00,-0.00,0.00,0.00
33973.00,0.00,0.00,0.29,0.00,0.00,9.75,0.00,0.00,1468.91,-0.00,-0.00,0.00,0.00,-0.00,0.00
33978.00,0.00,0.00,0.18,0.00,0.00,-20.92,0.00,0.00,-6135.23,-0.00,-0.00,0.00,-0.00,0.00,0.00
33986.00,0.00,0.00,0.30,0.00,0.00,14.08,0.00,0.00,4374.70,-0.00,-0.00,0.00,-0.00,0.00,0.00
33994.00,0.00,0.00,0.30,0.00,0.00,0.34,0.00,0.00,-1717.46,-0.00,-0.00,0.00,0.00,-0.00,0.00
34005.00,0.00,0.00,0.11,0.00,0.00,-17.20,0.00,0.00,-1594.32,-0.00,-0.00,0.00,-0.00,-0.00,-0.00
34013.00,0.00,0.00,0.20,0.00,0.00,11.40,0.00,0.00,3575.53,-0.00,-0.00,0.00,-0.00,0.01,-0.00
34019.00,0.00,0.00,0.17,0.00,0.00,-5.00,0.00,0.00,-2733.45,-0.00,-0.00,0.00,-0.00,0.00,-0.00
34026.00,0.00,0.00,0.24,0.00,0.00,9.34,0.00,0.00,2048.69,-0.00,-0.00,0.00,-0.00,-0.00,-0.00
34034.00,0.00,0.00,0.15,0.00,0.00,-10.23,0.00,0.00,-2446.97,-0.00,-0.00,0.00,0.00,0.00,0.00
34042.00,0.00,0.00,0.22,0.00,0.00,8.05,0.00,0.00,2284.83,-0.00,-0.00,0.00,0.00,0.00,0.00
34047.00,0.00,0.00,0.27,0.00,0.00,9.54,0.00,0.00,299.38,-0.00,-0.00,0.00,0.00,0.00,0.00
34063.00,0.00,0.00,0.29,0.00,0.00,1.27,0.00,0.00,-516.90,-0.00,-0.00,0.00,-0.00,-0.00,-0.00
34070.00,0.00,0.00,0.30,0.00,0.00,1.89,0.00,0.00,88.49,-0.00,-0.00,0.00,-0.00,-0.00,-0.00
34076.00,0.00,0.00,0.21,0.00,0.00,-15.37,0.00,0.00,-2877.64,-0.00,-0.00,0.00,0.00,-0.00,0.00
34094.00,0.00,0.00,0.23,0.00,0.00,1.02,0.00,0.00,910.62,-0.00,-0.00,0.00,-0.00,-0.00,-0.00
34100.00,0.00,0.00,0.24,0.00,0.00,1.88,0.00,0.00,144.60,-0.00,-0.00,0.00,-0.00,-0.00,-0.00
34106.00,0.00,0.00,0.26,0.00,0.00,4.05,0.00,0.00,360.64,-0.00,-0.00,0.00,-0.00,0.00,-0.00
34115.00,0.00,0.00,0.20,0.00,0.00,-7.17,0.00,0.00,-1246.33,-0.00,-0.00,0.00,0.00,0.00,-0.00
34122.00,0.00,0.00,0.25,0.00,0.00,7.81,0.00,0.00,2140.25,-0.00,-0.00,0.00,0.00,0.00,0.00
34128.00,0.00,0.00,0.20,0.00,0.00,-8.45,0.00,0.00,-2710.16,-0.00,-0.00,0.00,0.00,0.00,0.00
34135.00,0.00,0.00,0.24,0.00,0.00,6.16,0.00,0.00,2086.94,-0.00,-0.00,0.00,-0.00,0.00,-0.00
34144.00,0.00,0.00,0.28,0.00,0.00,3.68,0.00,0.00,-275.31,-0.00,-0.00,0.00,0.00,0.00,-0.00
34149.00,0.00,0.00,0.31,0.00,0.00,6.32,0.00,0.00,528.32,-0.00,-0.00,0.00,-0.00,0.00,-0.00
34165.00,0.00,0.00,0.27,0.00,0.00,-2.62,0.00,0.00,-559.21,-0.00,-0.00,0.00,-0.00,0.00,0.00
34177.00,0.00,0.00,0.22,0.00,0.00,-3.83,0.00,0.00,-100.91,-0.00,-0.00,0.00,0.00,0.00,-0.00
34186.00,0.00,0.00,0.24,0.00,0.00,2.27,0.00,0.00,677.74,-0.00,-0.00,0.00,0.00,0.00,-0.00
34195.00,0.00,0.00,0.19,0.00,0.00,-5.53,0.00,0.00,-866.72,-0.00,-0.00,0.00,-0.00,-0.00,0.00
34200.00,0.00,0.00,0.30,0.00,0.00,22.41,0.00,0.00,5588.43,-0.00,-0.00,0.00,-0.00,-0.00,0.00
34206.00,0.00,0.00,0.09,0.00,0.00,-36.27,0.00,0.00,-9779.56,-0.00,-0.00,0.00,0.00,-0.01,0.00
34215.00,0.00,0.00,0.19,0.00,0.00,11.86,0.00,0.00,5348.18,-0.00,-0.00,0.00,0.00,0.00,-0.00
34223.00,0.00,0.00,0.15,0.00,0.00,-5.23,0.00,0.00,-2136.57,-0.00,-0.00,0.00,0.00,0.00,0.00
34228.00,0.00,0.00,0.36,0.00,0.00,41.21,0.00,0.00,9287.72,-0.00,-0.00,0.00,0.00,-0.00,0.00
34235.00,0.00,0.00,0.27,0.00,0.00,-11.99,0.00,0.00,-7600.11,-0.00,-0.00,0.00,0.00,-0.00,0.00
34244.00,0.00,0.00,0.19,0.00,0.00,-9.56,0.00,0.00,269.62,-0.00,-0.00,0.00,-0.00,-0.01,0.00
34254.00,0.00,0.00,0.24,0.00,0.00,4.85,0.00,0.00,1441.84,-0.00,-0.00,0.00,0.00,0.00,0.00
34270.00,0.00,0.00,0.29,0.00,0.00,3.64,0.00,0.00,-75.75,-0.00,-0.00,0.00,-0.00,-0.00,-0.00
34277.00,0.00,0.00,0.23,0.00,0.00,-9.64,0.00,0.00,-1898.10,-0.00,-0.00,0.00,-0.00,-0.00,-0.00
34285.00,0.00,0.00,0.24,0.00,0.00,1.55,0.00,0.00,1398.72,-0.00,-0.00,0.00,0.00,-0.00,-0.00
34292.00,0.00,0.00,0.29,0.00,0.00,7.65,0.00,0.00,872.37,-0.00,-0.00,0.00,0.00,0.00,0.00
34298.00,0.00,0.00,0.23,0.00,0.00,-10.52,0.00,0.00,-3028.86,-0.00,-0.00,0.00,0.00,0.00,0.00
34304.00,0.00,0.00,0.22,0.00,0.00,-1.05,0.00,0.00,1579.35,-0.00,-0.00,0.00,0.00,-0.00,0.00
34311.00,0.00,0.00,0.30,0.00,0.00,11.39,0.00,0.00,1776.74,-0.00,-0.00,0.00,-0.00,0.00,-0.00
34317.00,0.00,0.00,0.22,0.00,0.00,-13.86,0.00,0.00,-4209.50,-0.00,-0.00,0.00,-0.00,0.00,-0.00
34325.00,0.00,0.00,0.25,0.00,0.00,4.28,0.00,0.00,2267.84,-0.00,-0.00,0.00,0.00,-0.00,0.00
34335.00,0.00,0.00,0.28,0.00,0.00,2.86,0.00,0.00,-141.56,-0.00,-0.00,0.00,0.00,0.00,0.00
34341.00,0.00,0.00,0.33,0.00,0.00,8.38,0.00,0.00,919.98,-0.00,-0.00,0.00,-0.00,-0.00,-0.00
34347.00,0.00,0.00,0.30,0.00,0.00,-4.81,0.00,0.00,-2198.83,-0.00,-0.00,0.00,-0.00,-0.00,-0.00
34363.00,0.00,0.00,0.26,0.00,0.00,-2.93,0.00,0.00,117.52,-0.00,-0.00,0.00,0.00,-0.00,0.00
34368.00,0.00,0.00,0.18,0.00,0.00,-14.83,0.00,0.00,-2379.39,-0.00,-0.00,0.00,-0.00,-0.00,0.00
34376.00,0.00,0.00,0.25,0.00,0.00,8.82,0.00,0.00,2955.43,-0.00,-0.00,0.00,-0.00,-0.00,0.00
34384.00,0.00,0.00,0.24,0.00,0.00,-2.26,0.00,0.00,-1384.35,-0.00,-0.00,0.00,-0.00,-0.00,0.00
34390.00,0.00,0.00,0.28,0.00,0.00,8.06,0.00,0.00,1719.49,-0.00,-0.00,0.00,-0.00,0.00,0.00
34397.00,0.00,0.00,0.20,0.00,0.00,-11.79,0.00,0.00,-2834.95,-0.00,-0.00,0.00,-0.00,0.00,0.00
34402.00,0.00,0.00,0.23,0.00,0.00,6.67,0.00,0.00,3690.75,-0.00,-0.00,0.00,-0.00,0.00,-0.00
34413.00,0.00,0.00,0.26,0.00,0.00,2.69,0.00,0.00,-361.79,-0.00,-0.00,0.00,-0.01,0.00,-0.00
34419.00,0.00,0.00,0.17,0.00,0.00,-15.43,0.00,0.00,-3018.76,-0.00,-0.00,0.00,-0.00,0.00,-0.00
34426.00,0.00,0.00,0.22,0.00,0.00,7.49,0.00,0.00,3273.85,-0.00,-0.00,0.00,0.00,-0.00,0.00
34434.00,0.00,0.00,0.25,0.00,0.00,3.84,0.00,0.00,-455.94,-0.00,-0.00,0.00,-0.00,-0.00,0.00
34441.00,0.00,0.00,0.31,0.00,0.00,8.60,0.00,0.00,679.27,-0.00,-0.00,0.00,0.00,-0.00,-0.00
34447.00,0.00,0.00,0.13,0.00,0.00,-30.50,0.00,0.00,-6517.17,-0.00,-0.00,0.00,0.00,0.00,-0.00
34454.00,0.00,0.00,0.24,0.00,0.00,14.88,0.00,0.00,6482.76,-0.00,-0.00,0.00,-0.00,0.00,-0.00
34469.00,0.00,0.00,0.23,0.00,0.00,-0.42,0.00,0.00,-1019.61,-0.00,-0.00,0.00,-0.00,-0.00,-0.00
34476.00,0.00,0.00,0.18,0.00,0.00,-6.95,0.00,0.00,-933.09,-0.00,-0.00,0.00,0.00,0.00,-0.00
34485.00,0.00,0.00,0.23,0.00,0.00,5.31,0.00,0.00,1362.20,-0.00,-0.00,0.00,0.00,0.00,0.00
34497.00,0.00,0.00,0.26,0.00,0.00,2.57,0.00,0.00,-228.11,-0.00,-0.00,0.00,0.00,0.00,0.00
34503.00,0.00,0.00,0.22,0.00,0.00,-7.40,0.00,0.00,-1662.23,-0.00,-0.00,0.00,0.00,0.00,-0.00
34508.00,0.00,0.00,0.30,0.00,0.00,16.00,0.00,0.00,4681.03,-0.00,-0.00,0.00,0.00,0.00,-0.00
34516.00,0.00,0.00,0.22,0.00,0.00,-9.87,0.00,0.00,-3233.68,-0.00,-0.00,0.00,0.00,0.00,0.00
34525.00,0.00,0.00,0.24,0.00,0.00,2.44,0.00,0.00,1367.44,-0.00,-0.00,0.00,0.00,-0.00,0.00
34531.00,0.00,0.00,0.22,0.00,0.00,-2.55,0.00,0.00,-832.52,-0.00,-0.00,0.00,0.00,-0.00,-0.00
34537.00,0.00,0.00,0.27,0.00,0.00,8.54,0.00,0.00,1849.49,-0.00,-0.00,0.00,0.00,-0.00,-0.00
34546.00,0.00,0.00,0.20,0.00,0.00,-7.92,0.00,0.00,-1829.35,-0.00,-0.00,0.00,-0.00,0.00,-0.00
34551.00,0.00,0.00,0.25,0.00,0.00,10.01,0.00,0.00,3586.03,-0.00,-0.00,0.00,-0.00,0.00,0.00
34567.00,0.00,0.00,0.26,0.00,0.00,0.38,0.00,0.00,-601.75,-0.00,-0.00,0.00,0.00,0.00,-0.00
34581.00,0.00,0.00,0.24,0.00,0.00,-1.23,0.00,0.00,-115.21,-0.00,-0.00,0.00,0.00,0.00,0.00
34588.00,0.00,0.00,0.22,0.00,0.00,-3.00,0.00,0.00,-252.60,-0.00,-0.00,0.00,0.00,0.00,0.00
34596.00,0.00,0.00,0.29,0.00,0.00,8.26,0.00,0.00,1407.23,-0.00,-0.00,0.00,0.00,-0.00,-0.00
34602.00,0.00,0.00,0.27,0.00,0.00,-3.33,0.00,0.00,-1930.53,-0.00,-0.00,0.00,0.00,0.00,-0.00
34607.00,0.00,0.00,0.27,0.00,0.00,-0.27,0.00,0.00,610.29,-0.00,-0.00,0.00,0.00,0.00,-0.00
34616.00,0.00,0.00,0.30,0.00,0.00,3.64,0.00,0.00,434.41,-0.00,-0.00,0.00,-0.00,0.00,0.00
34624.00,0.00,0.00,0.23,0.00,0.00,-8.93,0.00,0.00,-1570.14,-0.00,-0.00,0.00,0.00,0.00,-0.00
34630.00,0.00,0.00,0.21,0.00,0.00,-2.93,0.00,0.00,998.41,-0.00,-0.00,0.00,-0.00,0.00,-0.00
34636.00,0.00,0.00,0.27,0.00,0.00,10.50,0.00,0.00,2238.98,-0.00,-0.00,0.00,-0.00,0.00,-0.00
34645.00,0.00,0.00,0.27,0.00,0.00,-0.24,0.00,0.00,-1193.30,-0.00,-0.00,0.00,-0.00,0.00,-0.00
34655.00,0.00,0.00,0.24,0.00,0.00,-2.75,0.00,0.00,-250.87,-0.00,-0.00,0.00,0.00,0.00,-0.00
34672.00,0.00,0.00,0.28,0.00,0.00,2.28,0.00,0.00,295.85,-0.00,-0.00,-0.00,0.00,0.00,-0.00
34678.00,0.00,0.00,0.21,0.00,0.00,-11.80,0.00,0.00,-2346.07,-0.00,-0.00,-0.00,0.00,0.00,-0.00
34686.00,0.00,0.00,0.27,0.00,0.00,7.09,0.00,0.00,2360.69,-0.00,-0.00,-0.00,-0.00,0.00,0.00
34694.00,0.00,0.00,0.30,0.00,0.00,4.55,0.00,0.00,-317.36,-0.00,-0.00,-0.00,0.00,0.00,-0.00
34699.00,0.00,0.00,0.26,0.00,0.00,-8.67,0.00,0.00,-2644.09,-0.00,-0.00,-0.00,0.00,0.00,-0.00
34706.00,0.00,0.00,0.23,0.00,0.00,-4.74,0.00,0.00,561.54,-0.00,-0.00,-0.00,0.00,-0.00,-0.00
34714.00,0.00,0.00,0.30,0.00,0.00,9.68,0.00,0.00,1803.01,-0.00,-0.00,-0.00,-0.00,-0.00,-0.00
34720.00,0.00,0.00,0.28,0.00,0.00,-4.92,0.00,0.00,-2433.87,-0.00,-0.00,-0.00,0.00,0.00,-0.00
34727.00,0.00,0.00,0.22,0.00,0.00,-7.66,0.00,0.00,-391.05,-0.00,-0.00,-0.00,0.00,0.00,0.00
34740.00,0.00,0.00,0.22,0.00,0.00,-0.40,0.00,0.00,558.25,-0.00,0.00,-0.00,0.00,0.00,0.00
34748.00,0.00,0.00,0.27,0.00,0.00,7.25,0.00,0.00,956.65,-0.00,0.00,-0.00,0.00,-0.00,0.00
34754.00,0.00,0.00,0.25,0.00,0.00,-4.17,0.00,0.00,-1903.48,-0.00,0.00,-0.00,-0.00,0.00,-0.00
34769.00,0.00,0.00,0.20,0.00,0.00,-3.57,0.00,0.00,39.66,-0.00,0.00,-0.00,0.00,0.00,-0.00
34777.00,0.00,0.00,0.21,0.00,0.00,1.95,0.00,0.00,689.72,-0.00,0.00,-0.00,0.00,0.00,-0.00
34785.00,0.00,0.00,0.30,0.00,0.00,11.21,0.00,0.00,1157.89,-0.00,0.00,-0.00,-0.00,0.00,0.00
34793.00,0.00,0.00,0.25,0.00,0.00,-6.30,0.00,0.00,-2188.15,-0.00,0.00,-0.00,-0.00,0.00,-0.00
34798.00,0.00,0.00,0.19,0.00,0.00,-12.92,0.00,0.00,-1324.58,-0.00,0.00,-0.00,-0.00,0.00,-0.00
34804.00,0.00,0.00,0.30,0.00,0.00,18.51,0.00,0.00,5237.78,-0.00,0.00,-0.00,0.00,0.00,-0.00
34809.00,0.00,0.00,0.23,0.00,0.00,-14.01,0.00,0.00,-6504.38,-0.00,0.00,-0.00,0.00,0.00,-0.00
34830.00,0.00,0.00,0.29,0.00,0.00,3.21,0.00,0.00,819.94,-0.00,0.00,-0.00,-0.00,-0.00,-0.00
34838.00,0.00,0.00,0.30,0.00,0.00,0.22,0.00,0.00,-373.60,-0.00,0.00,-0.00,-0.00,-0.00,-0.00
34846.00,0.00,0.00,0.35,0.00,0.00,6.78,0.00,0.00,820.51,-0.00,0.00,-0.00,-0.00,-0.00,0.00
34862.00,0.00,0.00,0.21,0.00,0.00,-9.07,0.00,0.00,-990.40,-0.00,0.00,-0.00,0.00,0.00,0.00
34868.00,0.00,0.00,0.25,0.00,0.00,6.98,0.00,0.00,2673.74,-0.00,0.00,-0.00,0.00,0.00,0.00
34876.00,0.00,0.00,0.15,0.00,0.00,-12.02,0.00,0.00,-2373.93,-0.00,0.00,-0.00,-0.00,0.00,-0.00
34884.00,0.00,0.00,0.16,0.00,0.00,1.36,0.00,0.00,1672.31,-0.00,0.00,-0.00,0.00,0.00,-0.00
34889.00,0.00,0.00,0.13,0.00,0.00,-7.18,0.00,0.00,-1708.43,-0.00,0.00,-0.00,-0.00,0.00,-0.00
34897.00,0.00,0.00,0.20,0.00,0.00,9.15,0.00,0.00,2041.39,-0.00,0.00,-0.00,-0.00,0.01,-0.00
34903.00,0.00,0.00,0.28,0.00,0.00,14.07,0.00,0.00,818.88,-0.00,0.00,-0.00,0.00,0.00,0.00
34913.00,0.00,0.00,0.31,0.00,0.00,2.25,0.00,0.00,-1181.48,-0.00,0.00,-0.00,0.00,0.00,-0.00
34920.00,0.00,0.00,0.20,0.00,0.00,-14.54,0.00,0.00,-2398.74,-0.00,0.00,-0.00,0.00,0.00,-0.00
34927.00,0.00,0.00,0.30,0.00,0.00,14.12,0.00,0.00,4094.72,-0.00,0.00,-0.00,-0.00,0.00,-0.00
34935.00,0.00,0.00,0.26,0.00,0.00,-4.85,0.00,0.00,-2371.08,-0.00,0.00,-0.00,0.00,0.00,0.00
34941.00,0.00,0.00,0.20,0.00,0.00,-10.32,0.00,0.00,-911.85,-0.00,0.00,-0.00,-0.00,0.00,0.00
34948.00,0.00,0.00,0.25,0.00,0.00,6.12,0.00,0.00,2348.63,-0.00,0.00,-0.00,-0.00,0.00,0.00
34954.00,0.00,0.00,0.28,0.00,0.00,5.83,0.00,0.00,-49.44,-0.00,0.00,-0.00,-0.00,-0.00,0.00
34969.00,0.00,0.00,0.21,0.00,0.00,-4.85,0.00,0.00,-711.78,-0.00,0.00,-0.00,0.00,0.00,0.00
34977.00,0.00,0.00,0.21,0.00,0.00,-0.03,0.00,0.00,602.05,-0.00,0.00,-0.00,0.00,0.00,0.00
34986.00,0.00,0.00,0.32,0.00,0.00,12.53,0.00,0.00,1395.89,-0.00,0.00,-0.00,0.00,0.00,0.00
34998.00,0.00,0.00,0.29,0.00,0.00,-2.68,0.00,0.00,-1267.63,-0.00,0.00,-0.00,0.00,-0.00,0.00
35004.00,0.00,0.00,0.22,0.00,0.00,-10.53,0.00,0.00,-1308.48,-0.00,0.00,-0.00,-0.00,-0.00,0.00
35009.00,0.00,0.00,0.29,0.00,0.00,12.43,0.00,0.00,4592.63,-0.00,0.00,-0.00,-0.00,-0.00,0.00
35017.00,0.00,0.00,0.16,0.00,0.00,-15.67,0.00,0.00,-3512.10,-0.00,0.00,-0.00,0.00,0.00,0.00
35026.00,0.00,0.00,0.30,0.00,0.00,15.94,0.00,0.00,3511.51,-0.00,0.00,-0.00,-0.00,0.00,0.00
35032.00,0.00,0.00,0.20,0.00,0.00,-16.66,0.00,0.00,-5432.64,-0.00,0.00,-0.00,-0.00,0.00,0.00
35038.00,0.00,0.00,0.31,0.00,0.00,17.16,0.00,0.00,5636.57,-0.00,0.00,-0.00,0.00,0.00,0.00
35047.00,0.00,0.00,0.30,0.00,0.00,-0.89,0.00,0.00,-2006.07,-0.00,0.00,-0.00,0.00,0.00,-0.00
35052.00,0.00,0.00,0.29,0.00,0.00,-2.63,0.00,0.00,-346.35,-0.00,0.00,-0.00,-0.00,0.00,-0.00
35068.00,0.00,0.00,0.26,0.00,0.00,-1.40,0.00,0.00,76.67,-0.00,0.00,-0.00,0.00,-0.00,0.00
35081.00,0.00,0.00,0.24,0.00,0.00,-1.65,0.00,0.00,-19.67,-0.00,0.00,-0.00,0.00,-0.00,0.00
35089.00,0.00,0.00,0.25,0.00,0.00,0.29,0.00,0.00,243.16,-0.00,0.00,-0.00,0.00,-0.00,0.00
35095.00,0.00,0.00,0.51,0.00,0.00,44.63,0.00,0.00,7389.63,-0.00,0.00,-0.00,0.00,0.00,0.00
35099.00,0.00,0.00,0.31,0.00,0.00,-50.95,0.00,0.00,-23895.46,-0.00,0.00,-0.00,0.00,0.00,0.00
35106.00,0.00,0.00,0.27,0.00,0.00,-5.08,0.00,0.00,6552.80,-0.00,0.00,-0.00,-0.00,-0.00,-0.00
35112.00,0.00,0.00,0.25,0.00,0.00,-4.53,0.00,0.00,92.23,-0.00,0.00,-0.00,-0.00,-0.00,-0.00
35118.00,0.00,0.00,0.29,0.00,0.00,7.17,0.00,0.00,1950.74,-0.00,0.00,-0.00,-0.00,0.00,0.00
35127.00,0.00,0.00,0.28,0.00,0.00,-1.22,0.00,0.00,-933.13,-0.00,0.00,-0.00,-0.00,0.00,-0.00
35135.00,0.00,0.00,0.18,0.00,0.00,-11.81,0.00,0.00,-1323.67,-0.00,0.00,-0.00,0.00,0.00,0.00
35141.00,0.00,0.00,0.18,0.00,0.00,-0.97,0.00,0.00,1807.36,-0.00,0.00,-0.00,0.00,0.00,0.00
35153.00,0.00,0.00,0.26,0.00,0.00,6.60,0.00,0.00,630.61,-0.00,0.00,-0.00,0.00,0.00,0.00
35169.00,0.00,0.00,0.23,0.00,0.00,-1.52,0.00,0.00,-507.41,-0.00,0.00,-0.00,0.00,-0.00,0.00
35177.00,0.00,0.00,0.27,0.00,0.00,4.10,0.00,0.00,702.35,-0.00,0.00,-0.00,0.00,-0.00,0.00
35185.00,0.00,0.00,0.25,0.00,0.00,-2.46,0.00,0.00,-820.05,-0.00,0.00,-0.00,-0.00,0.00,-0.00
35192.00,0.00,0.00,0.27,0.00,0.00,4.05,0.00,0.00,930.26,-0.00,0.00,-0.00,0.00,0.00,0.00
35198.00,0.00,0.00,0.26,0.00,0.00,-1.76,0.00,0.00,-968.44,-0.00,0.00,-0.00,0.00,0.00,0.00
35204.00,0.00,0.00,0.22,0.00,0.00,-6.77,0.00,0.00,-834.85,-0.00,0.00,-0.00,0.00,-0.00,-0.00
35209.00,0.00,0.00,0.23,0.00,0.00,1.69,0.00,0.00,1691.56,-0.00,0.00,-0.00,0.00,0.00,0.00
35213.00,0.00,0.00,0.30,0.00,0.00,16.50,0.00,0.00,3704.32,-0.00,0.00,-0.00,-0.00,0.00,0.00
35219.00,0.00,0.00,0.21,0.00,0.00,-13.85,0.00,0.00,-5058.73,-0.00,0.00,-0.00,-0.00,0.00,0.00
35231.00,0.00,0.00,0.28,0.00,0.00,5.57,0.00,0.00,1617.82,-0.00,0.00,-0.00,0.00,-0.00,-0.00
35239.00,0.00,0.00,0.22,0.00,0.00,-7.57,0.00,0.00,-1641.69,-0.00,0.00,-0.00,0.00,-0.00,-0.00
35247.00,0.00,0.00,0.25,0.00,0.00,4.00,0.00,0.00,1446.36,-0.00,0.00,-0.00,0.00,-0.00,0.00
35262.00,0.00,0.00,0.29,0.00,0.00,2.27,0.00,0.00,-115.53,-0.00,0.00,-0.00,-0.00,-0.00,0.00
35269.00,0.00,0.00,0.20,0.00,0.00,-11.92,0.00,0.00,-2027.15,-0.00,0.00,-0.00,-0.00,-0.00,0.00
35277.00,0.00,0.00,0.24,0.00,0.00,4.79,0.00,0.00,2089.08,-0.00,0.00,-0.00,0.00,0.00,0.00
35285.00,0.00,0.00,0.20,0.00,0.00,-5.01,0.00,0.00,-1225.04,-0.00,0.00,-0.00,0.00,-0.00,0.00
35290.00,0.00,0.00,0.25,0.00,0.00,10.66,0.00,0.00,3133.04,-0.00,0.00,-0.00,0.00,-0.00,0.00
35298.00,0.00,0.00,0.27,0.00,0.00,2.04,0.00,0.00,-1077.06,-0.00,0.00,-0.00,0.00,-0.00,0.00
35302.00,0.00,0.00,0.54,0.00,0.00,67.29,0.00,0.00,16312.42,-0.00,0.00,-0.00,0.00,-0.00,-0.00
35312.00,0.00,0.00,0.28,0.00,0.00,-25.68,0.00,0.00,-9297.47,-0.00,0.00,-0.00,0.00,-0.00,-0.00
35319.00,0.00,0.00,0.28,0.00,0.00,0.14,0.00,0.00,3688.48,-0.00,0.00,-0.00,0.00,-0.00,0.00
35327.00,0.00,0.00,0.20,0.00,0.00,-10.85,0.00,0.00,-1373.82,-0.00,0.00,-0.00,-0.00,0.00,0.00
35335.00,0.00,0.00,0.18,0.00,0.00,-1.92,0.00,0.00,1117.32,-0.00,0.00,-0.00,-0.00,-0.00,0.00
35340.00,0.00,0.00,0.29,0.00,0.00,20.71,0.00,0.00,4525.90,-0.00,0.00,-0.00,-0.00,-0.00,0.00
35348.00,0.00,0.00,0.25,0.00,0.00,-4.94,0.00,0.00,-3206.54,-0.00,-0.00,-0.00,0.00,-0.01,0.00
35353.00,0.00,0.00,0.14,0.00,0.00,-20.50,0.00,0.00,-3112.89,-0.00,-0.00,-0.00,0.00,-0.00,0.00
35369.00,0.00,0.00,0.30,0.00,0.00,9.89,0.00,0.00,1899.52,-0.00,-0.00,-0.00,0.00,0.00,0.00
35377.00,0.00,0.00,0.34,0.00,0.00,4.37,0.00,0.00,-689.75,-0.00,-0.00,-0.00,0.00,0.00,0.00
35385.00,0.00,0.00,0.26,0.00,0.00,-9.97,0.00,0.00,-1793.08,-0.00,-0.00,-0.00,0.00,0.00,0.00
35396.00,0.00,0.00,0.27,0.00,0.00,0.84,0.00,0.00,983.35,-0.00,-0.00,-0.00,-0.00,0.00,0.00
35402.00,0.00,0.00,0.19,0.00,0.00,-12.88,0.00,0.00,-2286.90,-0.00,-0.00,-0.00,0.00,0.00,0.00
35408.00,0.00,0.00,0.22,0.00,0.00,5.24,0.00,0.00,3019.83,-0.00,0.00,-0.00,0.00,0.00,0.00
35417.00,0.00,0.00,0.28,0.00,0.00,6.82,0.00,0.00,175.08,-0.00,0.00,-0.00,0.00,0.00,-0.00
35425.00,0.00,0.00,0.23,0.00,0.00,-6.92,0.00,0.00,-1716.58,-0.00,0.00,-0.00,-0.00,-0.00,0.00
35431.00,0.00,0.00,0.25,0.00,0.00,4.21,0.00,0.00,1855.09,-0.00,0.00,-0.00,-0.00,0.00,0.00
35438.00,0.00,0.00,0.34,0.00,0.00,12.32,0.00,0.00,1158.61,-0.00,0.00,-0.00,0.00,0.00,0.00
35446.00,0.00,0.00,0.23,0.00,0.00,-13.48,0.00,0.00,-3225.71,-0.00,0.00,-0.00,0.00,0.00,-0.00
35451.00,0.00,0.00,0.20,0.00,0.00,-5.45,0.00,0.00,1605.70,-0.00,0.00,-0.00,0.00,0.00,0.00
35468.00,0.00,0.00,0.25,0.00,0.00,2.87,0.00,0.00,489.34,-0.00,0.00,-0.00,-0.00,0.00,-0.00
35482.00,0.00,0.00,0.26,0.00,0.00,0.34,0.00,0.00,-180.29,-0.00,0.00,-0.00,0.00,-0.00,-0.00
35490.00,0.00,0.00,0.30,0.00,0.00,5.06,0.00,0.00,589.90,-0.00,0.00,-0.00,-0.00,-0.00,0.00
35498.00,0.00,0.00,0.35,0.00,0.00,7.13,0.00,0.00,258.73,-0.00,0.00,-0.00,0.00,0.00,0.00
35503.00,0.00,0.00,0.23,0.00,0.00,-25.52,0.00,0.00,-6529.58,-0.00,0.00,-0.00,-0.00,0.00,0.00
35509.00,0.00,0.00,0.30,0.00,0.00,11.94,0.00,0.00,6242.72,-0.00,0.00,-0.00,-0.00,0.00,0.00
35518.00,0.00,0.00,0.25,0.00,0.00,-5.18,0.00,0.00,-1902.16,-0.00,0.00,-0.00,-0.00,0.00,0.00
35525.00,0.00,0.00,0.33,0.00,0.00,11.16,0.00,0.00,2334.64,-0.00,0.00,-0.00,0.00,0.00,-0.00
35531.00,0.00,0.00,0.25,0.00,0.00,-13.49,0.00,0.00,-4108.15,-0.00,0.00,-0.00,-0.00,0.00,0.00
35538.00,0.00,0.00,0.28,0.00,0.00,4.77,0.00,0.00,2608.42,-0.00,0.00,-0.00,-0.00,0.01,0.00
35547.00,0.00,0.00,0.11,0.00,0.00,-19.07,0.00,0.00,-2649.53,-0.00,0.00,-0.00,0.00,0.00,0.00
35562.00,0.00,0.00,0.24,0.00,0.00,8.75,0.00,0.00,1854.97,-0.00,0.00,-0.00,0.00,0.00,-0.00
35579.00,0.00,0.00,0.21,0.00,0.00,-2.01,0.00,0.00,-632.92,-0.00,0.00,-0.00,-0.00,0.00,0.00
35588.00,0.00,0.00,0.25,0.00,0.00,4.87,0.00,0.00,764.42,-0.00,0.00,-0.00,0.00,0.00,0.00
35595.00,0.00,0.00,0.21,0.00,0.00,-6.28,0.00,0.00,-1593.16,-0.00,0.00,-0.00,-0.00,-0.00,-0.00
35601.00,0.00,0.00,0.17,0.00,0.00,-5.89,0.00,0.00,65.22,-0.00,0.00,-0.00,0.00,-0.00,0.00
35608.00,0.00,0.00,0.36,0.00,0.00,27.08,0.00,0.00,4709.26,-0.00,0.00,-0.00,0.00,0.00,0.00
35616.00,0.00,0.00,0.28,0.00,0.00,-10.22,0.00,0.00,-4662.37,-0.00,0.00,-0.00,0.00,0.00,0.00
35621.00,0.00,0.00,0.28,0.00,0.00,-0.93,0.00,0.00,1859.20,-0.00,0.00,-0.00,0.00,-0.00,0.00
35629.00,0.00,0.00,0.31,0.00,0.00,3.95,0.00,0.00,610.07,-0.00,0.00,-0.00,0.00,-0.00,0.00
35637.00,0.00,0.00,0.17,0.00,0.00,-17.68,0.00,0.00,-2703.76,-0.00,0.00,-0.00,0.00,0.00,0.00
35649.00,0.00,0.00,0.30,0.00,0.00,11.13,0.00,0.00,2400.47,-0.00,0.00,-0.00,0.00,-0.00,0.00
35665.00,0.00,0.00,0.30,0.00,0.00,-0.09,0.00,0.00,-701.05,-0.00,0.00,-0.00,-0.00,0.00,0.00
35671.00,0.00,0.00,0.29,0.00,0.00,-0.65,0.00,0.00,-93.57,-0.00,0.00,-0.00,-0.00,0.00,0.00
35678.00,0.00,0.00,0.26,0.00,0.00,-4.59,0.00,0.00,-563.19,-0.00,0.00,-0.00,-0.00,0.00,0.00
35687.00,0.00,0.00,0.21,0.00,0.00,-5.26,0.00,0.00,-74.04,-0.00,0.00,-0.00,0.00,0.00,0.00
35693.00,0.00,0.00,0.31,0.00,0.00,16.75,0.00,0.00,3668.12,-0.00,0.00,0.00,0.00,0.00,0.00
35700.00,0.00,0.00,0.33,0.00,0.00,2.53,0.00,0.00,-2031.16,-0.00,0.00,0.00,0.00,0.00,0.00
35706.00,0.00,0.00,0.29,0.00,0.00,-6.44,0.00,0.00,-1495.98,-0.00,0.00,-0.00,-0.00,0.00,-0.00
35711.00,0.00,0.00,0.28,0.00,0.00,-2.33,0.00,0.00,822.58,-0.00,0.00,-0.00,-0.00,0.00,-0.00
35718.00,0.00,0.00,0.35,0.00,0.00,9.56,0.00,0.00,1697.96,-0.00,0.00,-0.00,-0.00,0.00,0.00
35732.00,0.00,0.00,0.20,0.00,0.00,-10.51,0.00,0.00,-1433.36,-0.00,0.00,-0.00,-0.00,0.00,-0.00
35740.00,0.00,0.00,0.30,0.00,0.00,12.72,0.00,0.00,2903.90,-0.00,0.00,-0.00,-0.00,-0.00,-0.00
35748.00,0.00,0.00,0.20,0.00,0.00,-13.13,0.00,0.00,-3230.69,-0.00,0.00,-0.00,0.00,0.00,0.00
35763.00,0.00,0.00,0.28,0.00,0.00,5.25,0.00,0.00,1225.17,-0.00,0.00,-0.00,-0.00,0.00,0.00
35770.00,0.00,0.00,0.26,0.00,0.00,-2.73,0.00,0.00,-1139.60,-0.00,0.00,-0.00,-0.00,0.00,0.00
35778.00,0.00,0.00,0.19,0.00,0.00,-8.53,0.00,0.00,-725.22,-0.00,0.00,-0.00,0.00,0.00,0.00
35785.00,0.00,0.00,0.28,0.00,0.00,12.13,0.00,0.00,2950.76,-0.00,0.00,-0.00,-0.00,0.00,0.00
35791.00,0.00,0.00,0.31,0.00,0.00,5.14,0.00,0.00,-1165.41,-0.00,0.00,-0.00,-0.00,0.00,0.00
35799.00,0.00,0.00,0.20,0.00,0.00,-13.51,0.00,0.00,-2330.21,-0.00,0.00,-0.00,-0.00,0.00,0.00
35804.00,0.00,0.00,0.36,0.00,0.00,32.81,0.00,0.00,9262.62,-0.00,0.00,-0.00,-0.00,0.00,0.00
35815.00,0.00,0.00,0.29,0.00,0.00,-6.62,0.00,0.00,-3584.61,-0.00,0.00,-0.00,0.00,0.00,0.00
35821.00,0.00,0.00,0.25,0.00,0.00,-6.47,0.00,0.00,25.87,-0.00,0.00,-0.00,0.00,0.00,-0.00
35828.00,0.00,0.00,0.27,0.00,0.00,3.30,0.00,0.00,1396.25,-0.00,0.00,-0.00,0.00,-0.00,-0.00
35837.00,0.00,0.00,0.15,0.00,0.00,-13.77,0.00,0.00,-1897.24,-0.00,0.00,-0.00,-0.00,-0.00,0.00
35843.00,0.00,0.00,0.28,0.00,0.00,21.07,0.00,0.00,5806.95,-0.00,0.00,-0.00,-0.00,-0.00,-0.00
35850.00,0.00,0.00,0.22,0.00,0.00,-8.60,0.00,0.00,-4238.97,-0.00,0.00,-0.00,-0.00,-0.00,-0.00
35856.00,0.00,0.00,0.20,0.00,0.00,-2.03,0.00,0.00,1095.90,-0.00,0.00,-0.00,-0.00,0.00,0.00
35872.00,0.00,0.00,0.23,0.00,0.00,1.96,0.00,0.00,249.29,-0.00,0.00,-0.00,0.00,-0.00,-0.00
35879.00,0.00,0.00,0.23,0.00,0.00,-0.19,0.00,0.00,-308.26,-0.00,0.00,-0.00,-0.00,-0.00,0.00
35888.00,0.00,0.00,0.21,0.00,0.00,-2.69,0.00,0.00,-277.68,-0.00,0.00,-0.00,0.00,0.00,-0.00
35899.00,0.00,0.00,0.31,0.00,0.00,9.33,0.00,0.00,1092.87,-0.00,0.00,-0.00,-0.00,0.00,-0.00
35906.00,0.00,0.00,0.36,0.00,0.00,6.25,0.00,0.00,-439.84,-0.00,0.00,-0.00,-0.00,0.00,0.00
35911.00,0.00,0.00,0.30,0.00,0.00,-11.34,0.00,0.00,-3517.03,-0.00,0.00,-0.00,-0.00,0.00,-0.00
35919.00,0.00,0.00,0.23,0.00,0.00,-9.00,0.00,0.00,291.85,-0.00,0.00,-0.00,0.00,0.00,-0.00
35928.00,0.00,0.00,0.15,0.00,0.00,-8.25,0.00,0.00,83.83,-0.00,0.00,-0.00,0.00,0.00,0.00
35935.00,0.00,0.00,0.28,0.00,0.00,18.09,0.00,0.00,3762.14,-0.00,0.00,-0.00,0.00,-0.00,-0.00
35940.00,0.00,0.00,0.21,0.00,0.00,-14.41,0.00,0.00,-6499.07,-0.00,0.00,-0.00,0.00,-0.00,-0.00
35949.00,0.00,0.00,0.23,0.00,0.00,2.93,0.00,0.00,1926.03,-0.00,0.00,-0.00,0.00,0.00,0.00
35954.00,0.00,0.00,0.22,0.00,0.00,-2.30,0.00,0.00,-1046.18,-0.00,0.00,-0.00,-0.00,-0.00,0.00
35970.00,0.00,0.00,0.27,0.00,0.00,2.82,0.00,0.00,320.57,-0.00,0.00,-0.00,0.00,-0.00,-0.00
35983.00,0.00,0.00,0.22,0.00,0.00,-3.28,0.00,0.00,-469.47,-0.00,0.00,-0.00,-0.00,-0.00,0.00
35991.00,0.00,0.00,0.31,0.00,0.00,10.26,0.00,0.00,1692.61,-0.00,0.00,-0.00,-0.00,-0.01,0.00
35999.00,0.00,0.00,0.18,0.00,0.00,-15.60,0.00,0.00,-3232.29,-0.00,0.00,-0.00,0.00,-0.00,0.00
36004.00,0.00,0.00,0.21,0.00,0.00,5.28,0.00,0.00,4175.51,-0.00,0.00,-0.00,0.00,0.00,0.00
36008.00,0.00,0.00,0.28,0.00,0.00,17.14,0.00,0.00,2964.61,-0.00,0.00,-0.00,0.00,0.00,-0.00
36014.00,0.00,0.00,0.16,0.00,0.00,-19.70,0.00,0.00,-6139.42,-0.00,0.00,-0.00,0.00,0.00,-0.00
36020.00,0.00,0.00,0.25,0.00,0.00,15.96,0.00,0.00,5943.35,-0.00,0.00,-0.00,0.00,0.00,-0.00
36029.00,0.00,0.00,0.22,0.00,0.00,-3.93,0.00,0.00,-2210.54,-0.00,0.00,-0.00,0.00,0.00,0.00
36036.00,0.00,0.00,0.19,0.00,0.00,-3.79,0.00,0.00,19.41,-0.00,0.00,-0.00,0.00,0.00,0.00
36042.00,0.00,0.00,0.31,0.00,0.00,19.07,0.00,0.00,3811.60,-0.00,0.00,-0.00,0.00,0.00,0.00
36054.00,0.00,0.00,0.28,0.00,0.00,-2.28,0.00,0.00,-1779.36,-0.00,0.00,-0.00,0.00,0.00,-0.00
36070.00,0.00,0.00,0.29,0.00,0.00,0.72,0.00,0.00,187.29,-0.00,0.00,-0.00,0.00,-0.00,0.00
36079.00,0.00,0.00,0.14,0.00,0.00,-16.40,0.00,0.00,-1902.19,-0.00,0.00,-0.00,0.00,0.00,0.00
36087.00,0.00,0.00,0.22,0.00,0.00,9.33,0.00,0.00,3216.46,-0.00,0.00,-0.00,0.00,-0.00,0.00
36093.00,0.00,0.00,0.28,0.00,0.00,11.07,0.00,0.00,290.59,-0.00,0.00,-0.00,0.00,0.00,0.00
36100.00,0.00,0.00,0.29,0.00,0.00,1.09,0.00,0.00,-1427.08,-0.00,0.00,-0.00,0.00,0.00,0.00
36105.00,0.00,0.00,0.17,0.00,0.00,-24.05,0.00,0.00,-5027.70,-0.00,0.00,-0.00,0.00,-0.00,-0.00
36111.00,0.00,0.00,0.26,0.00,0.00,14.40,0.00,0.00,6409.06,-0.00,0.00,-0.00,0.00,-0.00,-0.00
36119.00,0.00,0.00,0.33,0.00,0.00,8.43,0.00,0.00,-746.67,-0.00,0.00,-0.00,0.00,0.00,-0.00
36127.00,0.00,0.00,0.21,0.00,0.00,-14.40,0.00,0.00,-2853.10,-0.00,0.00,-0.00,0.00,0.00,0.00
36138.00,0.00,0.00,0.27,0.00,0.00,5.00,0.00,0.00,1763.19,-0.00,0.00,-0.00,-0.00,-0.00,0.00
36145.00,0.00,0.00,0.22,0.00,0.00,-7.12,0.00,0.00,-1730.45,-0.00,0.00,-0.00,-0.00,-0.00,0.00
36151.00,0.00,0.00,0.19,0.00,0.00,-4.82,0.00,0.00,383.03,-0.00,0.00,-0.00,-0.00,-0.00,0.00
36167.00,0.00,0.00,0.27,0.00,0.00,5.28,0.00,0.00,630.84,-0.00,0.00,-0.00,0.00,0.01,0.00
36173.00,0.00,0.00,0.27,0.00,0.00,0.42,0.00,0.00,-809.93,-0.00,0.00,-0.00,0.00,0.00,0.00
36180.00,0.00,0.00,0.23,0.00,0.00,-6.96,0.00,0.00,-1053.54,-0.00,0.00,-0.00,0.00,0.00,0.00
36189.00,0.00,0.00,0.29,0.00,0.00,6.75,0.00,0.00,1523.47,-0.00,0.00,-0.00,-0.00,-0.00,0.00
36196.00,0.00,0.00,0.22,0.00,0.00,-9.68,0.00,0.00,-2347.92,-0.00,0.00,-0.00,0.00,0.00,0.00
36202.00,0.00,0.00,0.22,0.00,0.00,0.41,0.00,0.00,1681.19,-0.00,0.00,-0.00,0.00,0.00,0.00
36208.00,0.00,0.00,0.30,0.00,0.00,13.27,0.00,0.00,2143.82,-0.00,0.00,-0.00,0.00,0.00,-0.00
36218.00,0.00,0.00,0.16,0.00,0.00,-14.32,0.00,0.00,-2759.20,-0.00,0.00,-0.00,0.00,0.00,0.00
36226.00,0.00,0.00,0.26,0.00,0.00,12.45,0.00,0.00,3346.71,-0.00,0.00,-0.00,0.00,0.00,0.00
36231.00,0.00,0.00,0.31,0.00,0.00,9.98,0.00,0.00,-494.75,-0.00,0.00,-0.00,0.00,0.00,0.00
36239.00,0.00,0.00,0.24,0.00,0.00,-7.97,0.00,0.00,-2243.22,-0.00,0.00,0.00,-0.00,-0.00,0.00
36248.00,0.00,0.00,0.22,0.00,0.00,-1.99,0.00,0.00,664.81,-0.00,0.00,0.00,-0.00,0.00,0.00
36263.00,0.00,0.00,0.23,0.00,0.00,0.57,0.00,0.00,170.21,-0.00,0.00,0.00,0.00,-0.00,0.00
36270.00,0.00,0.00,0.24,0.00,0.00,0.71,0.00,0.00,20.28,-0.00,0.00,0.00,0.00,-0.00,0.00
36278.00,0.00,0.00,0.24,0.00,0.00,0.00,0.00,0.00,-88.57,-0.00,0.00,0.00,0.00,0.00,-0.00
36280.00,0.00,0.00,0.34,0.00,0.00,49.60,0.00,0.00,24801.80,-0.00,0.00,0.00,0.00,0.00,-0.00
36288.00,0.00,0.00,0.25,0.00,0.00,-11.13,0.00,0.00,-7591.60,-0.00,0.00,0.00,0.00,-0.00,0.00
36308.00,0.00,0.00,0.36,0.00,0.00,5.60,0.00,0.00,836.32,-0.00,0.00,0.00,-0.00,0.00,0.00
36316.00,0.00,0.00,0.28,0.00,0.00,-9.86,0.00,0.00,-1932.57,-0.00,0.00,-0.00,0.00,-0.00,-0.00
36321.00,0.00,0.00,0.25,0.00,0.00,-7.25,0.00,0.00,522.45,-0.00,0.00,-0.00,0.00,-0.00,-0.00
36329.00,0.00,0.00,0.27,0.00,0.00,3.15,0.00,0.00,1299.84,-0.00,0.00,-0.00,0.00,0.00,0.00
36337.00,0.00,0.00,0.26,0.00,0.00,-1.70,0.00,0.00,-605.59,-0.00,0.00,-0.00,0.00,-0.00,0.00
36343.00,0.00,0.00,0.30,0.00,0.00,6.81,0.00,0.00,1417.52,-0.00,0.00,-0.00,0.00,0.00,-0.00
36350.00,0.00,0.00,0.32,0.00,0.00,2.56,0.00,0.00,-606.53,-0.00,0.00,-0.00,0.00,0.00,-0.00
36365.00,0.00,0.00,0.23,0.00,0.00,-5.43,0.00,0.00,-532.53,-0.00,0.00,-0.00,-0.00,-0.00,0.00
36371.00,0.00,0.00,0.30,0.00,0.00,10.35,0.00,0.00,2629.01,-0.00,0.00,-0.00,-0.00,0.00,0.00
36379.00,0.00,0.00,0.26,0.00,0.00,-4.94,0.00,0.00,-1911.39,-0.00,0.00,-0.00,0.00,0.00,0.00
36393.00,0.00,0.00,0.22,0.00,0.00,-2.36,0.00,0.00,184.51,-0.00,0.00,0.00,0.00,-0.00,0.00
36401.00,0.00,0.00,0.26,0.00,0.00,4.19,0.00,0.00,818.90,-0.00,0.00,0.00,0.00,-0.00,0.00
36406.00,0.00,0.00,0.26,0.00,0.00,-0.48,0.00,0.00,-934.72,-0.00,0.00,0.00,0.00,0.00,-0.00
36412.00,0.00,0.00,0.26,0.00,0.00,1.41,0.00,0.00,315.71,-0.00,0.00,0.00,0.00,-0.00,-0.00
36419.00,0.00,0.00,0.28,0.00,0.00,1.74,0.00,0.00,46.86,-0.00,0.00,0.00,0.00,-0.00,0.00
36424.00,0.00,0.00,0.37,0.00,0.00,17.91,0.00,0.00,3234.68,-0.00,0.00,0.00,0.00,-0.00,0.00
36430.00,0.00,0.00,0.24,0.00,0.00,-20.48,0.00,0.00,-6399.53,-0.00,0.00,0.00,0.00,0.00,0.00
36439.00,0.00,0.00,0.36,0.00,0.00,12.65,0.00,0.00,3681.32,-0.00,0.00,0.00,0.00,-0.00,0.00
36446.00,0.00,0.00,0.26,0.00,0.00,-13.67,0.00,0.00,-3759.71,-0.00,0.00,0.00,0.00,0.00,-0.00
36462.00,0.00,0.00,0.27,0.00,0.00,0.50,0.00,0.00,885.72,-0.00,0.00,0.00,0.00,0.00,-0.00
36474.00,0.00,0.00,0.25,0.00,0.00,-1.50,0.00,0.00,-166.90,-0.00,0.00,0.00,0.00,0.00,0.00
36482.00,0.00,0.00,0.29,0.00,0.00,5.48,0.00,0.00,872.84,-0.00,0.00,0.00,0.00,0.00,0.00
36489.00,0.00,0.00,0.22,0.00,0.00,-10.89,0.00,0.00,-2338.78,-0.00,0.00,0.00,0.00,-0.00,0.00
36497.00,0.00,0.00,0.28,0.00,0.00,7.76,0.00,0.00,2330.79,-0.00,0.00,0.00,-0.00,0.00,0.00
36503.00,0.00,0.00,0.18,0.00,0.00,-16.04,0.00,0.00,-3966.75,-0.00,0.00,0.00,-0.00,0.00,0.00
36510.00,0.00,0.00,0.27,0.00,0.00,11.88,0.00,0.00,3988.77,-0.00,0.00,0.00,0.00,-0.00,-0.00
36515.00,0.00,0.00,0.27,0.00,0.00,0.00,0.00,0.00,-2375.51,-0.00,0.00,0.00,0.00,-0.00,-0.00
36520.00,0.00,0.00,0.30,0.00,0.00,7.32,0.00,0.00,1463.80,-0.00,0.00,0.00,0.00,-0.00,-0.00
36529.00,0.00,0.00,0.29,0.00,0.00,-1.32,0.00,0.00,-959.42,-0.00,0.00,0.00,-0.00,0.00,0.00
36536.00,0.00,0.00,0.27,0.00,0.00,-3.32,0.00,0.00,-285.63,-0.00,0.00,0.00,0.00,0.00,0.00
36546.00,0.00,0.00,0.31,0.00,0.00,3.68,0.00,0.00,699.75,-0.00,0.00,0.00,0.00,-0.00,0.00
36562.00,0.00,0.00,0.31,0.00,0.00,0.45,0.00,0.00,-201.90,-0.00,0.00,0.00,0.00,0.00,0.00
36570.00,0.00,0.00,0.23,0.00,0.00,-10.60,0.00,0.00,-1381.29,-0.00,0.00,0.00,0.00,-0.00,0.00
36578.00,0.00,0.00,0.25,0.00,0.00,2.17,0.00,0.00,1596.31,-0.00,0.00,0.00,0.00,-0.00,0.00
36585.00,0.00,0.00,0.31,0.00,0.00,8.57,0.00,0.00,913.29,-0.00,0.00,0.00,0.00,-0.00,0.00
36591.00,0.00,0.00,0.30,0.00,0.00,-0.93,0.00,0.00,-1582.82,-0.00,0.00,0.00,0.00,0.00,0.00
36600.00,0.00,0.00,0.19,0.00,0.00,-12.48,0.00,0.00,-1283.35,-0.00,0.00,0.00,0.00,0.00,-0.00
36605.00,0.00,0.00,0.26,0.00,0.00,15.45,0.00,0.00,5586.34,-0.00,0.00,0.00,-0.00,0.00,-0.00
36611.00,0.00,0.00,0.21,0.00,0.00,-9.74,0.00,0.00,-4198.59,-0.00,0.00,0.00,-0.00,0.00,-0.00
36619.00,0.00,0.00,0.25,0.00,0.00,5.71,0.00,0.00,1931.44,-0.00,0.00,0.00,0.00,0.00,0.00
36632.00,0.00,0.00,0.27,0.00,0.00,1.05,0.00,0.00,-358.53,-0.00,0.00,0.00,0.00,-0.00,0.00
36641.00,0.00,0.00,0.20,0.00,0.00,-7.05,0.00,0.00,-899.72,-0.00,0.00,0.00,0.00,0.00,0.00
36649.00,0.00,0.00,0.16,0.00,0.00,-5.06,0.00,0.00,248.95,-0.00,0.00,0.00,-0.00,0.00,0.00
36665.00,0.00,0.00,0.27,0.00,0.00,6.59,0.00,0.00,727.98,-0.00,0.00,0.00,0.00,-0.00,0.00
36671.00,0.00,0.00,0.24,0.00,0.00,-3.81,0.00,0.00,-1733.02,-0.00,0.00,0.00,0.00,-0.00,0.00
36679.00,0.00,0.00,0.29,0.00,0.00,5.20,0.00,0.00,1125.79,-0.00,0.00,0.00,0.00,-0.00,0.00
36687.00,0.00,0.00,0.32,0.00,0.00,4.25,0.00,0.00,-118.54,-0.00,0.00,0.00,0.00,0.00,0.00
36692.00,0.00,0.00,0.28,0.00,0.00,-7.43,0.00,0.00,-2336.14,-0.00,0.00,0.00,-0.00,0.00,0.00
36700.00,0.00,0.00,0.25,0.00,0.00,-4.15,0.00,0.00,410.28,-0.00,0.00,0.00,-0.00,-0.00,0.00
36706.00,0.00,0.00,0.28,0.00,0.00,4.90,0.00,0.00,1508.49,-0.00,0.00,0.00,-0.00,-0.00,0.00
36715.00,0.00,0.00,0.32,0.00,0.00,4.57,0.00,0.00,-37.46,-0.00,0.00,0.00,0.00,-0.00,0.00
36722.00,0.00,0.00,0.25,0.00,0.00,-10.48,0.00,0.00,-2149.20,-0.00,0.00,0.00,0.00,-0.00,0.00
36730.00,0.00,0.00,0.24,0.00,0.00,-0.52,0.00,0.00,1245.02,-0.00,0.00,0.00,-0.00,-0.00,0.00
36738.00,0.00,0.00,0.33,0.00,0.00,10.59,0.00,0.00,1388.74,-0.00,0.00,0.00,0.00,0.00,-0.00
36743.00,0.00,0.00,0.31,0.00,0.00,-3.00,0.00,0.00,-2718.38,-0.00,0.00,0.00,0.00,0.00,-0.00
36760.00,0.00,0.00,0.18,0.00,0.00,-7.68,0.00,0.00,-275.19,-0.00,0.00,0.00,-0.00,0.00,0.00
36769.00,0.00,0.00,0.32,0.00,0.00,14.93,0.00,0.00,2511.92,-0.00,0.00,0.00,0.00,-0.00,0.00
36776.00,0.00,0.00,0.19,0.00,0.00,-17.74,0.00,0.00,-4666.45,-0.00,0.00,0.00,-0.00,-0.00,-0.00
36782.00,0.00,0.00,0.28,0.00,0.00,15.52,0.00,0.00,5541.97,-0.00,0.00,0.00,-0.00,-0.00,-0.00
36790.00,0.00,0.00,0.20,0.00,0.00,-10.62,0.00,0.00,-3266.29,-0.00,0.00,0.00,0.00,0.00,0.00
36802.00,0.00,0.00,0.37,0.00,0.00,13.84,0.00,0.00,2038.25,-0.00,0.00,0.00,-0.00,0.00,0.00
36810.00,0.00,0.00,0.21,0.00,0.00,-20.07,0.00,0.00,-4238.78,-0.00,0.00,0.00,0.00,0.01,-0.00
36819.00,0.00,0.00,0.26,0.00,0.00,6.08,0.00,0.00,2905.16,-0.00,0.00,0.00,0.00,-0.00,0.00
36825.00,0.00,0.00,0.30,0.00,0.00,7.32,0.00,0.00,206.97,-0.00,0.00,0.00,0.00,-0.00,0.00
36831.00,0.00,0.00,0.32,0.00,0.00,3.22,0.00,0.00,-683.94,-0.00,0.00,0.00,0.00,-0.00,0.00
36837.00,0.00,0.00,0.35,0.00,0.00,3.81,0.00,0.00,98.44,-0.00,0.00,0.00,0.00,0.00,-0.00
36842.00,0.00,0.00,0.30,0.00,0.00,-9.80,0.00,0.00,-2722.48,-0.00,0.00,0.00,0.00,0.00,-0.00
36850.00,0.00,0.00,0.30,0.00,0.00,-0.18,0.00,0.00,1202.75,-0.00,0.00,0.00,0.00,0.00,0.00
36855.00,0.00,0.00,0.28,0.00,0.00,-3.77,0.00,0.00,-718.07,-0.00,0.00,0.00,0.00,0.00,0.00
36871.00,0.00,0.00,0.23,0.00,0.00,-2.78,0.00,0.00,62.14,-0.00,0.00,0.00,0.00,0.00,-0.00
36885.00,0.00,0.00,0.26,0.00,0.00,1.89,0.00,0.00,333.13,-0.00,0.00,0.00,-0.00,0.00,0.00
36892.00,0.00,0.00,0.27,0.00,0.00,1.39,0.00,0.00,-70.79,-0.00,0.00,0.00,-0.00,-0.00,0.00
36900.00,0.00,0.00,0.33,0.00,0.00,7.24,0.00,0.00,731.58,-0.00,0.00,0.00,0.00,-0.00,0.00
36906.00,0.00,0.00,0.26,0.00,0.00,-11.70,0.00,0.00,-3157.52,-0.00,0.00,0.00,0.00,-0.00,-0.00
36912.00,0.00,0.00,0.23,0.00,0.00,-5.03,0.00,0.00,1112.58,-0.00,0.00,0.00,0.00,-0.00,-0.00
36920.00,0.00,0.00,0.34,0.00,0.00,13.63,0.00,0.00,2331.86,-0.00,0.00,0.00,0.00,0.00,0.00
36928.00,0.00,0.00,0.27,0.00,0.00,-8.46,0.00,0.00,-2761.25,-0.00,0.00,0.00,0.00,-0.00,-0.00
36934.00,0.00,0.00,0.25,0.00,0.00,-2.46,0.00,0.00,999.41,-0.00,0.00,0.00,0.00,0.00,-0.00
36941.00,0.00,0.00,0.34,0.00,0.00,12.24,0.00,0.00,2100.03,-0.00,0.00,0.00,0.00,0.00,0.00
36959.00,0.00,0.00,0.23,0.00,0.00,-5.92,0.00,0.00,-1008.64,-0.00,0.00,0.00,0.00,-0.00,0.00
36970.00,0.00,0.00,0.21,0.00,0.00,-2.39,0.00,0.00,320.90,-0.00,0.00,0.00,-0.00,-0.00,0.00
36979.00,0.00,0.00,0.28,0.00,0.00,8.33,0.00,0.00,1190.86,-0.00,0.00,0.00,0.00,0.00,0.00
36985.00,0.00,0.00,0.33,0.00,0.00,7.70,0.00,0.00,-103.90,-0.00,0.00,0.00,0.00,0.00,0.00
36992.00,0.00,0.00,0.17,0.00,0.00,-22.69,0.00,0.00,-4341.43,-0.00,0.00,0.00,0.00,0.00,0.00
37000.00,0.00,0.00,0.37,0.00,0.00,25.36,0.00,0.00,6006.11,-0.00,0.00,0.00,0.00,-0.00,0.00
37006.00,0.00,0.00,0.28,0.00,0.00,-14.86,0.00,0.00,-6703.03,-0.00,0.00,0.00,0.00,0.00,0.00
37010.00,0.00,0.00,0.31,0.00,0.00,6.35,0.00,0.00,5300.84,-0.00,0.00,0.00,0.00,-0.00,0.00
37015.00,0.00,0.00,0.14,0.00,0.00,-32.86,0.00,0.00,-7841.97,-0.00,0.00,0.00,0.00,0.00,0.00
37022.00,0.00,0.00,0.28,0.00,0.00,19.02,0.00,0.00,7411.00,-0.00,0.00,0.00,0.00,0.01,0.00
37030.00,0.00,0.00,0.22,0.00,0.00,-6.66,0.00,0.00,-3209.77,-0.00,0.00,0.00,0.00,0.00,0.00
37046.00,0.00,0.00,0.33,0.00,0.00,6.44,0.00,0.00,819.18,-0.00,0.00,0.00,-0.00,0.00,0.00
37063.00,0.00,0.00,0.14,0.00,0.00,-10.92,0.00,0.00,-1021.25,-0.00,0.00,0.00,0.00,0.00,0.00
37071.00,0.00,0.00,0.37,0.00,0.00,28.92,0.00,0.00,4980.23,-0.00,0.00,0.00,0.00,0.00,0.00
37080.00,0.00,0.00,0.26,0.00,0.00,-12.24,0.00,0.00,-4573.71,-0.00,0.00,0.00,0.00,-0.00,0.00
37087.00,0.00,0.00,0.36,0.00,0.00,14.54,0.00,0.00,3824.84,-0.00,0.00,0.00,-0.00,0.00,0.00
37092.00,0.00,0.00,0.46,0.00,0.00,20.10,0.00,0.00,1112.52,-0.00,0.00,0.00,-0.00,0.00,0.00
37101.00,0.00,0.00,0.24,0.00,0.00,-24.42,0.00,0.00,-4945.91,-0.00,0.00,0.00,0.00,-0.00,-0.00
37106.00,0.00,0.00,0.25,0.00,0.00,1.18,0.00,0.00,5119.50,-0.00,0.00,0.00,0.00,-0.00,-0.00
37113.00,0.00,0.00,0.25,0.00,0.00,0.30,0.00,0.00,-125.68,-0.00,0.00,0.00,0.00,0.00,-0.00
37120.00,0.00,0.00,0.25,0.00,0.00,-0.12,0.00,0.00,-59.87,-0.00,0.00,0.00,-0.00,0.00,0.00
37133.00,0.00,0.00,0.28,0.00,0.00,1.84,0.00,0.00,150.51,-0.00,0.00,0.00,0.00,0.00,0.00
37142.00,0.00,0.00,0.34,0.00,0.00,7.61,0.00,0.00,641.26,-0.00,0.00,0.00,0.00,-0.00,0.00
37150.00,0.00,0.00,0.31,0.00,0.00,-4.17,0.00,0.00,-1472.68,-0.00,0.00,0.00,0.00,-0.00,0.00
37165.00,0.00,0.00,0.26,0.00,0.00,-3.32,0.00,0.00,56.48,-0.00,0.00,0.00,0.00,-0.00,-0.00
37172.00,0.00,0.00,0.25,0.00,0.00,-0.92,0.00,0.00,342.90,-0.00,0.00,0.00,0.00,-0.00,-0.00
37180.00,0.00,0.00,0.33,0.00,0.00,9.75,0.00,0.00,1333.67,-0.00,0.00,0.00,0.00,0.00,-0.00
37188.00,0.00,0.00,0.30,0.00,0.00,-3.86,0.00,0.00,-1701.43,-0.00,0.00,0.00,0.00,0.00,0.00
37193.00,0.00,0.00,0.25,0.00,0.00,-10.56,0.00,0.00,-1338.88,-0.00,0.00,0.00,0.00,-0.00,0.00
37201.00,0.00,0.00,0.22,0.00,0.00,-3.50,0.00,0.00,881.90,-0.00,0.00,0.00,0.00,-0.00,0.00
37207.00,0.00,0.00,0.33,0.00,0.00,17.76,0.00,0.00,3544.51,-0.00,0.00,0.00,0.00,-0.00,0.00
37217.00,0.00,0.00,0.28,0.00,0.00,-4.22,0.00,0.00,-2197.88,-0.00,0.00,0.00,0.00,-0.00,-0.00
37224.00,0.00,0.00,0.30,0.00,0.00,2.37,0.00,0.00,940.34,-0.00,0.00,0.00,0.00,-0.00,-0.00
37231.00,0.00,0.00,0.19,0.00,0.00,-15.44,0.00,0.00,-2543.20,-0.00,0.00,0.00,0.00,0.00,-0.00
37239.00,0.00,0.00,0.26,0.00,0.00,8.25,0.00,0.00,2960.80,-0.00,0.00,0.00,0.00,0.00,0.00
37245.00,0.00,0.00,0.29,0.00,0.00,5.84,0.00,0.00,-401.80,-0.00,0.00,0.00,0.00,0.00,0.00
37262.00,0.00,0.00,0.34,0.00,0.00,2.56,0.00,0.00,-192.73,-0.00,0.00,0.00,0.00,-0.00,-0.00
37271.00,0.00,0.00,0.32,0.00,0.00,-1.59,0.00,0.00,-461.21,-0.00,0.00,0.00,0.00,0.00,0.00
37278.00,0.00,0.00,0.20,0.00,0.00,-17.56,0.00,0.00,-2281.95,-0.00,0.00,0.00,0.00,0.00,0.00
37284.00,0.00,0.00,0.34,0.00,0.00,23.01,0.00,0.00,6761.48,-0.00,0.00,0.00,0.00,0.00,0.00
37291.00,0.00,0.00,0.37,0.00,0.00,4.02,0.00,0.00,-2712.85,-0.00,0.00,0.00,0.00,0.00,0.00
37304.00,0.00,0.00,0.31,0.00,0.00,-4.02,0.00,0.00,-618.60,-0.00,0.00,0.00,0.00,0.00,0.00
37308.00,0.00,0.00,0.36,0.00,0.00,10.50,0.00,0.00,3631.93,-0.00,0.00,0.00,0.00,-0.00,0.00
37313.00,0.00,0.00,0.32,0.00,0.00,-7.69,0.00,0.00,-3638.25,-0.00,0.00,0.00,0.00,-0.00,0.00
37321.00,0.00,0.00,0.29,0.00,0.00,-4.01,0.00,0.00,460.14,-0.00,0.00,0.00,0.00,-0.00,0.00
37329.00,0.00,0.00,0.35,0.00,0.00,7.57,0.00,0.00,1446.72,-0.00,0.00,0.00,0.00,-0.00,0.00
37334.00,0.00,0.00,0.22,0.00,0.00,-25.13,0.00,0.00,-6540.43,-0.00,0.00,0.00,0.00,-0.00,0.00
37342.00,0.00,0.00,0.31,0.00,0.00,11.00,0.00,0.00,4517.11,-0.00,0.00,0.00,0.00,-0.00,0.00
37350.00,0.00,0.00,0.31,0.00,0.00,0.25,0.00,0.00,-1344.17,-0.00,0.00,0.00,0.00,-0.00,-0.00
37365.00,0.00,0.00,0.26,0.00,0.00,-3.51,0.00,0.00,-250.63,-0.00,0.00,0.00,0.00,-0.00,-0.00
37372.00,0.00,0.00,0.20,0.00,0.00,-7.68,0.00,0.00,-594.93,-0.00,0.00,0.00,0.00,0.00,-0.00
37385.00,0.00,0.00,0.31,0.00,0.00,7.79,0.00,0.00,1189.69,-0.00,0.00,0.00,0.00,0.00,0.00
37393.00,0.00,0.00,0.24,0.00,0.00,-8.12,0.00,0.00,-1989.29,-0.00,0.00,0.00,0.00,0.00,0.00
37401.00,0.00,0.00,0.26,0.00,0.00,2.39,0.00,0.00,1314.46,-0.00,0.00,0.00,-0.00,-0.00,0.00
37407.00,0.00,0.00,0.29,0.00,0.00,5.17,0.00,0.00,463.77,-0.00,0.00,0.00,0.00,0.00,0.00
37413.00,0.00,0.00,0.31,0.00,0.00,3.80,0.00,0.00,-228.80,-0.00,0.00,0.00,0.00,0.00,0.00
37421.00,0.00,0.00,0.24,0.00,0.00,-9.77,0.00,0.00,-1696.88,-0.00,0.00,0.00,-0.00,-0.00,0.00
37429.00,0.00,0.00,0.32,0.00,0.00,10.97,0.00,0.00,2593.22,-0.00,0.00,0.00,-0.00,-0.00,0.00
37435.00,0.00,0.00,0.32,0.00,0.00,-0.61,0.00,0.00,-1930.94,-0.00,0.00,0.00,-0.00,-0.00,0.00
37442.00,0.00,0.00,0.28,0.00,0.00,-4.94,0.00,0.00,-617.46,-0.00,0.00,0.00,0.00,0.00,-0.00
37461.00,0.00,0.00,0.26,0.00,0.00,-1.10,0.00,0.00,201.68,-0.00,0.00,0.00,-0.00,-0.00,0.00
37474.00,0.00,0.00,0.29,0.00,0.00,2.18,0.00,0.00,252.19,-0.00,0.00,0.00,0.00,0.00,0.00
37482.00,0.00,0.00,0.26,0.00,0.00,-3.89,0.00,0.00,-758.32,-0.00,0.00,0.00,0.00,0.00,0.00
37491.00,0.00,0.00,0.36,0.00,0.00,10.81,0.00,0.00,1633.03,-0.00,0.00,0.00,0.00,-0.00,0.00
37498.00,0.00,0.00,0.31,0.00,0.00,-7.03,0.00,0.00,-2547.76,-0.00,0.00,0.00,0.00,0.00,0.00
37503.00,0.00,0.00,0.32,0.00,0.00,1.97,0.00,0.00,1799.25,-0.00,0.00,0.00,0.00,0.00,0.00
37509.00,0.00,0.00,0.28,0.00,0.00,-7.00,0.00,0.00,-1495.03,-0.00,0.00,0.00,0.00,0.00,0.00
37514.00,0.00,0.00,0.23,0.00,0.00,-10.19,0.00,0.00,-636.92,-0.00,0.00,0.00,0.00,0.00,0.00
37522.00,0.00,0.00,0.28,0.00,0.00,6.63,0.00,0.00,2101.83,-0.00,0.00,0.00,0.00,0.00,-0.00
37531.00,0.00,0.00,0.34,0.00,0.00,7.32,0.00,0.00,76.47,-0.00,0.00,0.00,0.00,-0.00,-0.00
37538.00,0.00,0.00,0.38,0.00,0.00,4.76,0.00,0.00,-364.71,-0.00,0.00,0.00,0.00,0.00,0.00
37548.00,0.00,0.00,0.29,0.00,0.00,-9.31,0.00,0.00,-1407.27,-0.00,0.00,0.00,0.00,0.00,0.00
37564.00,0.00,0.00,0.16,0.00,0.00,-7.95,0.00,0.00,84.71,-0.00,0.00,0.00,-0.00,0.00,-0.00
37572.00,0.00,0.00,0.29,0.00,0.00,16.68,0.00,0.00,3079.14,-0.00,0.00,0.00,0.00,0.01,-0.00
37581.00,0.00,0.00,0.13,0.00,0.00,-18.02,0.00,0.00,-3855.38,-0.00,0.00,0.00,-0.00,0.01,-0.00
37588.00,0.00,0.00,0.30,0.00,0.00,24.33,0.00,0.00,6050.35,-0.00,0.00,0.00,0.00,-0.00,0.00
37593.00,0.00,0.00,0.33,0.00,0.00,6.78,0.00,0.00,-3510.06,-0.00,0.00,0.00,0.00,-0.00,0.00
37602.00,0.00,0.00,0.29,0.00,0.00,-5.08,0.00,0.00,-1318.26,-0.00,0.00,0.00,-0.00,0.00,-0.00
37607.00,0.00,0.00,0.26,0.00,0.00,-5.80,0.00,0.00,-143.40,-0.00,0.00,0.00,-0.00,-0.00,-0.00
37613.00,0.00,0.00,0.24,0.00,0.00,-3.24,0.00,0.00,426.16,-0.00,0.00,0.00,-0.00,-0.00,0.00
37621.00,0.00,0.00,0.27,0.00,0.00,4.10,0.00,0.00,917.93,-0.00,0.00,0.00,-0.00,-0.01,0.00
37634.00,0.00,0.00,0.24,0.00,0.00,-2.32,0.00,0.00,-493.66,-0.00,0.00,0.00,-0.00,0.00,0.00
37643.00,0.00,0.00,0.37,0.00,0.00,14.04,0.00,0.00,1817.25,-0.00,0.00,0.00,-0.00,-0.00,0.00
37651.00,0.00,0.00,0.23,0.00,0.00,-16.81,0.00,0.00,-3856.68,-0.00,0.00,0.00,-0.00,0.00,0.00
37666.00,0.00,0.00,0.33,0.00,0.00,6.23,0.00,0.00,1536.18,-0.00,0.00,0.00,-0.00,0.00,0.00
37673.00,0.00,0.00,0.38,0.00,0.00,8.13,0.00,0.00,271.28,-0.00,0.00,0.00,-0.00,0.00,0.00
37681.00,0.00,0.00,0.35,0.00,0.00,-3.80,0.00,0.00,-1490.38,-0.00,0.00,0.00,0.00,-0.00,-0.00
37686.00,0.00,0.00,0.34,0.00,0.00,-1.75,0.00,0.00,408.28,-0.00,0.00,0.00,0.00,0.00,-0.00
37692.00,0.00,0.00,0.28,0.00,0.00,-10.31,0.00,0.00,-1425.28,-0.00,0.00,0.00,-0.00,0.00,0.00
37701.00,0.00,0.00,0.30,0.00,0.00,1.77,0.00,0.00,1341.87,-0.00,0.00,0.00,0.00,-0.00,-0.00
37706.00,0.00,0.00,0.25,0.00,0.00,-10.26,0.00,0.00,-2406.53,-0.00,0.00,0.00,0.00,-0.00,-0.00
37718.00,0.00,0.00,0.23,0.00,0.00,-1.62,0.00,0.00,720.21,-0.00,0.00,0.00,0.00,0.00,0.00
37725.00,0.00,0.00,0.29,0.00,0.00,8.39,0.00,0.00,1429.27,-0.00,0.00,0.00,-0.00,0.00,0.00
37732.00,0.00,0.00,0.27,0.00,0.00,-3.06,0.00,0.00,-1634.88,-0.00,0.00,0.00,-0.00,0.00,0.00
37740.00,0.00,0.00,0.35,0.00,0.00,10.81,0.00,0.00,1733.31,-0.00,0.00,0.00,0.00,-0.00,0.00
37746.00,0.00,0.00,0.27,0.00,0.00,-12.87,0.00,0.00,-3945.94,-0.00,0.00,0.00,0.00,-0.00,0.00
37763.00,0.00,0.00,0.22,0.00,0.00,-3.50,0.00,0.00,551.18,-0.00,0.00,0.00,-0.00,0.00,0.00
37772.00,0.00,0.00,0.19,0.00,0.00,-2.51,0.00,0.00,109.78,-0.00,0.00,0.00,0.00,0.00,0.00
37779.00,0.00,0.00,0.25,0.00,0.00,8.00,0.00,0.00,1501.97,-0.00,0.00,0.00,0.00,-0.00,0.00
37785.00,0.00,0.00,0.34,0.00,0.00,14.51,0.00,0.00,1084.45,-0.00,0.00,0.00,0.00,0.00,0.00
37792.00,0.00,0.00,0.29,0.00,0.00,-6.28,0.00,0.00,-2970.17,-0.00,0.00,0.00,0.00,0.00,0.00
37810.00,0.00,0.00,0.40,0.00,0.00,5.78,0.00,0.00,670.22,-0.00,0.00,0.00,-0.00,0.00,0.00
37816.00,0.00,0.00,0.26,0.00,0.00,-21.86,0.00,0.00,-4607.25,-0.00,0.00,0.00,-0.00,0.00,0.00
37823.00,0.00,0.00,0.34,0.00,0.00,10.14,0.00,0.00,4571.27,-0.00,0.00,0.00,-0.00,0.00,0.00
37832.00,0.00,0.00,0.28,0.00,0.00,-6.37,0.00,0.00,-1834.61,-0.00,0.00,0.00,0.00,0.00,0.00
37839.00,0.00,0.00,0.26,0.00,0.00,-2.54,0.00,0.00,547.96,-0.00,0.00,0.00,0.00,-0.00,0.00
37845.00,0.00,0.00,0.22,0.00,0.00,-6.81,0.00,0.00,-712.83,-0.00,0.00,0.00,-0.00,-0.00,0.00
37852.00,0.00,0.00,0.23,0.00,0.00,1.36,0.00,0.00,1168.09,-0.00,0.00,0.00,-0.00,0.00,-0.00
37867.00,0.00,0.00,0.36,0.00,0.00,8.82,0.00,0.00,497.41,-0.00,0.00,0.00,-0.00,0.00,0.00
37873.00,0.00,0.00,0.35,0.00,0.00,-2.25,0.00,0.00,-1846.43,-0.00,0.00,0.00,-0.00,0.00,0.00
37882.00,0.00,0.00,0.31,0.00,0.00,-4.52,0.00,0.00,-251.70,-0.00,0.00,0.00,0.00,0.00,0.00
37894.00,0.00,0.00,0.31,0.00,0.00,0.16,0.00,0.00,389.98,-0.00,0.00,0.00,0.00,0.00,0.00
37903.00,0.00,0.00,0.33,0.00,0.00,1.96,0.00,0.00,200.16,-0.00,0.00,0.00,0.00,-0.00,0.00
37908.00,0.00,0.00,0.33,0.00,0.00,0.08,0.00,0.00,-375.39,-0.00,0.00,0.00,0.00,0.00,0.00
37914.00,0.00,0.00,0.29,0.00,0.00,-6.63,0.00,0.00,-1118.75,-0.00,0.00,0.00,0.00,0.00,0.00
37922.00,0.00,0.00,0.27,0.00,0.00,-2.52,0.00,0.00,513.55,-0.00,0.00,0.00,-0.00,0.00,0.00
37930.00,0.00,0.00,0.30,0.00,0.00,3.86,0.00,0.00,797.05,-0.00,0.00,0.00,-0.00,-0.00,0.00
37935.00,0.00,0.00,0.23,0.00,0.00,-13.53,0.00,0.00,-3478.29,-0.00,0.00,0.00,-0.00,-0.00,0.00
37943.00,0.00,0.00,0.34,0.00,0.00,14.14,0.00,0.00,3459.35,-0.00,0.00,0.00,0.00,-0.01,0.00
37952.00,0.00,0.00,0.40,0.00,0.00,6.23,0.00,0.00,-879.04,-0.00,0.00,0.00,0.00,0.00,-0.00
37967.00,0.00,0.00,0.19,0.00,0.00,-14.06,0.00,0.00,-1352.61,-0.00,0.00,0.00,-0.00,-0.00,0.00
37978.00,0.00,0.00,0.36,0.00,0.00,15.44,0.00,0.00,2681.68,-0.00,0.00,0.00,0.00,-0.00,0.00
37985.00,0.00,0.00,0.37,0.00,0.00,0.90,0.00,0.00,-2077.16,-0.00,0.00,0.00,-0.00,-0.00,-0.00
37992.00,0.00,0.00,0.26,0.00,0.00,-14.82,0.00,0.00,-2244.88,-0.00,0.00,0.00,-0.00,-0.00,-0.00
38001.00,0.00,0.00,0.34,0.00,0.00,8.51,0.00,0.00,2591.50,-0.00,0.00,0.00,0.00,-0.00,-0.00
38006.00,0.00,0.00,0.32,0.00,0.00,-3.46,0.00,0.00,-2393.68,-0.00,0.00,0.00,-0.00,-0.00,-0.00
38013.00,0.00,0.00,0.26,0.00,0.00,-9.01,0.00,0.00,-792.98,-0.00,0.00,0.00,-0.00,0.00,-0.00
38021.00,0.00,0.00,0.26,0.00,0.00,0.01,0.00,0.00,1127.26,-0.00,0.00,0.00,-0.00,0.00,-0.00
38028.00,0.00,0.00,0.37,0.00,0.00,15.94,0.00,0.00,2276.27,-0.00,0.00,0.00,-0.00,-0.00,-0.00
38034.00,0.00,0.00,0.28,0.00,0.00,-15.46,0.00,0.00,-5234.02,-0.00,0.00,0.00,-0.00,-0.01,0.00
38042.00,0.00,0.00,0.28,0.00,0.00,0.66,0.00,0.00,2015.87,-0.00,0.00,0.00,-0.00,-0.00,0.00
38055.00,0.00,0.00,0.29,0.00,0.00,0.67,0.00,0.00,0.24,-0.00,0.00,0.00,0.00,0.00,-0.00
38073.00,0.00,0.00,0.25,0.00,0.00,-1.98,0.00,0.00,-147.08,-0.00,0.00,0.00,0.00,0.00,0.00
38081.00,0.00,0.00,0.28,0.00,0.00,2.89,0.00,0.00,608.89,-0.00,0.00,0.00,-0.00,-0.00,0.00
38087.00,0.00,0.00,0.31,0.00,0.00,5.84,0.00,0.00,491.87,-0.00,0.00,0.00,-0.00,-0.01,0.00
38094.00,0.00,0.00,0.38,0.00,0.00,9.03,0.00,0.00,456.14,-0.00,-0.00,0.00,-0.00,-0.01,0.00
38102.00,0.00,0.00,0.28,0.00,0.00,-12.55,0.00,0.00,-2698.26,-0.00,-0.00,0.00,0.00,-0.00,-0.00
38108.00,0.00,0.00,0.35,0.00,0.00,12.11,0.00,0.00,4111.10,-0.00,-0.00,0.00,0.00,-0.00,-0.00
38114.00,0.00,0.00,0.27,0.00,0.00,-12.87,0.00,0.00,-4164.45,-0.00,-0.00,0.00,-0.00,-0.00,0.00
38122.00,0.00,0.00,0.21,0.00,0.00,-7.54,0.00,0.00,667.02,-0.00,-0.00,0.00,-0.00,-0.00,0.00
38130.00,0.00,0.00,0.22,0.00,0.00,0.89,0.00,0.00,1053.26,-0.00,-0.00,0.00,0.00,-0.00,-0.00
38140.00,0.00,0.00,0.37,0.00,0.00,15.17,0.00,0.00,1428.09,-0.00,-0.00,0.00,0.00,-0.00,-0.00
38147.00,0.00,0.00,0.30,0.00,0.00,-10.26,0.00,0.00,-3633.32,-0.00,-0.00,0.00,0.00,-0.00,-0.00
38154.00,0.00,0.00,0.39,0.00,0.00,13.13,0.00,0.00,3341.61,-0.00,-0.00,0.00,0.00,-0.00,0.00
38169.00,0.00,0.00,0.22,0.00,0.00,-11.56,0.00,0.00,-1646.22,-0.00,-0.00,0.00,-0.00,-0.00,0.00
38175.00,0.00,0.00,0.29,0.00,0.00,13.01,0.00,0.00,4096.29,-0.00,-0.00,0.00,-0.00,-0.00,0.00
38182.00,0.00,0.00,0.22,0.00,0.00,-10.43,0.00,0.00,-3348.40,-0.00,-0.00,0.00,-0.00,0.00,0.00
38190.00,0.00,0.00,0.30,0.00,0.00,10.12,0.00,0.00,2568.51,-0.00,-0.00,0.00,0.00,-0.00,0.00
38195.00,0.00,0.00,0.22,0.00,0.00,-17.12,0.00,0.00,-5447.64,-0.00,-0.00,0.00,-0.00,-0.00,0.00
38203.00,0.00,0.00,0.29,0.00,0.00,8.59,0.00,0.00,3212.70,-0.00,-0.00,0.00,-0.00,0.00,0.00
38209.00,0.00,0.00,0.26,0.00,0.00,-4.33,0.00,0.00,-2152.62,-0.00,-0.00,0.00,-0.00,0.00,0.00
38220.00,0.00,0.00,0.30,0.00,0.00,3.49,0.00,0.00,710.46,-0.00,-0.00,0.00,-0.00,-0.00,-0.00
38226.00,0.00,0.00,0.20,0.00,0.00,-15.97,0.00,0.00,-3242.47,-0.00,-0.00,0.00,-0.00,-0.00,-0.00
38233.00,0.00,0.00,0.27,0.00,0.00,9.57,0.00,0.00,3648.69,-0.00,-0.00,0.00,0.00,-0.00,0.00
38242.00,0.00,0.00,0.29,0.00,0.00,2.81,0.00,0.00,-751.21,-0.00,-0.00,0.00,0.00,-0.00,0.00
38248.00,0.00,0.00,0.31,0.00,0.00,3.14,0.00,0.00,55.06,-0.00,-0.00,0.00,0.00,-0.00,0.00
38264.00,0.00,0.00,0.27,0.00,0.00,-2.56,0.00,0.00,-356.25,-0.00,-0.00,0.00,0.00,0.00,0.00
38273.00,0.00,0.00,0.33,0.00,0.00,6.41,0.00,0.00,996.83,-0.00,-0.00,0.00,0.00,0.00,0.00
38281.00,0.00,0.00,0.34,0.00,0.00,1.56,0.00,0.00,-606.67,-0.00,-0.00,0.00,0.00,0.00,0.00
38287.00,0.00,0.00,0.28,0.00,0.00,-10.51,0.00,0.00,-2011.95,-0.00,-0.00,0.00,0.00,-0.00,0.00
38293.00,0.00,0.00,0.26,0.00,0.00,-3.03,0.00,0.00,1246.33,-0.00,-0.00,0.00,0.00,-0.00,0.00
38307.00,0.00,0.00,0.34,0.00,0.00,5.55,0.00,0.00,613.08,-0.00,-0.00,0.00,0.00,-0.00,0.00
38315.00,0.00,0.00,0.27,0.00,0.00,-8.89,0.00,0.00,-1804.67,-0.00,-0.00,0.00,0.00,-0.00,0.00
38323.00,0.00,0.00,0.32,0.00,0.00,6.78,0.00,0.00,1958.16,-0.00,-0.00,0.00,0.00,-0.00,0.00
38330.00,0.00,0.00,0.30,0.00,0.00,-2.88,0.00,0.00,-1379.60,-0.00,-0.00,0.00,0.00,-0.00,0.00
38336.00,0.00,0.00,0.28,0.00,0.00,-4.41,0.00,0.00,-254.65,-0.00,-0.00,0.00,0.00,-0.00,0.00
38343.00,0.00,0.00,0.33,0.00,0.00,8.52,0.00,0.00,1847.69,-0.00,-0.00,0.00,0.00,-0.00,0.00
38352.00,0.00,0.00,0.21,0.00,0.00,-13.69,0.00,0.00,-2468.53,-0.00,-0.00,0.00,0.00,0.00,-0.00
38368.00,0.00,0.00,0.31,0.00,0.00,5.95,0.00,0.00,1227.38,-0.00,-0.00,0.00,-0.00,-0.00,0.00
38374.00,0.00,0.00,0.33,0.00,0.00,4.56,0.00,0.00,-231.34,-0.00,-0.00,0.00,0.00,-0.00,0.00
38382.00,0.00,0.00,0.23,0.00,0.00,-12.47,0.00,0.00,-2128.49,-0.00,-0.00,0.00,0.00,0.00,0.00
38395.00,0.00,0.00,0.28,0.00,0.00,3.73,0.00,0.00,1246.35,-0.00,-0.00,0.00,0.00,0.00,0.00
38399.00,0.00,0.00,0.33,0.00,0.00,12.58,0.00,0.00,2212.26,-0.00,-0.00,0.00,0.00,0.00,0.00
38405.00,0.00,0.00,0.29,0.00,0.00,-7.85,0.00,0.00,-3404.89,-0.00,-0.00,0.00,0.00,0.00,0.00
38410.00,0.00,0.00,0.22,0.00,0.00,-13.42,0.00,0.00,-1114.73,-0.00,-0.00,0.00,0.00,0.00,0.00
38416.00,0.00,0.00,0.25,0.00,0.00,5.88,0.00,0.00,3216.24,-0.00,-0.00,0.00,0.00,0.00,0.00
38423.00,0.00,0.00,0.29,0.00,0.00,5.43,0.00,0.00,-64.26,-0.00,-0.00,0.00,0.00,0.00,-0.00
38432.00,0.00,0.00,0.30,0.00,0.00,1.03,0.00,0.00,-488.92,-0.00,-0.00,0.00,0.00,0.00,-0.00
38438.00,0.00,0.00,0.29,0.00,0.00,-1.47,0.00,0.00,-416.81,-0.00,-0.00,0.00,0.00,0.00,-0.00
38444.00,0.00,0.00,0.29,0.00,0.00,0.00,0.00,0.00,245.81,-0.00,-0.00,0.00,0.00,-0.00,-0.00
38447.00,0.00,0.00,0.34,0.00,0.00,15.08,0.00,0.00,5026.98,-0.00,-0.00,0.00,0.00,-0.00,-0.00
38468.00,0.00,0.00,0.40,0.00,0.00,2.93,0.00,0.00,-578.51,-0.00,-0.00,0.00,-0.00,-0.00,-0.00
38476.00,0.00,0.00,0.25,0.00,0.00,-18.22,0.00,0.00,-2643.93,-0.00,-0.00,0.00,-0.00,-0.00,-0.00
38483.00,0.00,0.00,0.31,0.00,0.00,7.76,0.00,0.00,3711.12,-0.00,-0.00,0.00,-0.00,0.00,-0.00
38491.00,0.00,0.00,0.34,0.00,0.00,4.47,0.00,0.00,-411.39,-0.00,-0.00,0.00,0.00,0.00,-0.00
38497.00,0.00,0.00,0.29,0.00,0.00,-9.72,0.00,0.00,-2364.68,-0.00,-0.00,0.00,0.00,0.00,-0.00
38504.00,0.00,0.00,0.30,0.00,0.00,2.75,0.00,0.00,1781.73,-0.00,-0.00,0.00,-0.00,0.00,-0.00
38509.00,0.00,0.00,0.26,0.00,0.00,-9.14,0.00,0.00,-2379.11,-0.00,-0.00,0.00,0.00,0.00,-0.00
38515.00,0.00,0.00,0.37,0.00,0.00,18.37,0.00,0.00,4585.36,-0.00,-0.00,0.00,0.00,0.00,-0.00
38523.00,0.00,0.00,0.27,0.00,0.00,-12.67,0.00,0.00,-3879.53,-0.00,-0.00,0.00,0.00,0.00,-0.00
38531.00,0.00,0.00,0.31,0.00,0.00,5.27,0.00,0.00,2241.76,-0.00,-0.00,0.00,0.00,0.00,0.00
38546.00,0.00,0.00,0.31,0.00,0.00,-0.00,0.00,0.00,-351.25,-0.00,-0.00,0.00,-0.00,-0.00,0.00
38564.00,0.00,0.00,0.30,0.00,0.00,-0.31,0.00,0.00,-17.20,-0.00,-0.00,0.00,-0.00,0.00,0.00
38573.00,0.00,0.00,0.26,0.00,0.00,-4.98,0.00,0.00,-518.59,-0.00,-0.00,0.00,0.00,-0.00,0.00
38581.00,0.00,0.00,0.33,0.00,0.00,8.62,0.00,0.00,1700.14,-0.00,-0.00,0.00,0.00,0.00,-0.00
38586.00,0.00,0.00,0.39,0.00,0.00,11.63,0.00,0.00,601.40,-0.00,-0.00,0.00,0.00,0.00,-0.00
38594.00,0.00,0.00,0.32,0.00,0.00,-8.21,0.00,0.00,-2480.41,-0.00,-0.00,0.00,0.00,-0.00,-0.00
38599.00,0.00,0.00,0.40,0.00,0.00,15.42,0.00,0.00,4727.33,-0.00,-0.00,0.00,0.00,-0.00,0.00
38605.00,0.00,0.00,0.31,0.00,0.00,-15.48,0.00,0.00,-5150.99,-0.00,-0.00,0.00,0.00,-0.00,0.00
38610.00,0.00,0.00,0.37,0.00,0.00,12.16,0.00,0.00,5527.87,-0.00,-0.00,0.00,0.00,0.00,-0.00
38616.00,0.00,0.00,0.31,0.00,0.00,-8.73,0.00,0.00,-3481.14,-0.00,-0.00,0.00,0.00,0.00,-0.00
38629.00,0.00,0.00,0.33,0.00,0.00,0.98,0.00,0.00,747.16,-0.00,-0.00,0.00,0.00,0.00,-0.00
38636.00,0.00,0.00,0.33,0.00,0.00,0.25,0.00,0.00,-104.42,-0.00,-0.00,0.00,0.00,0.00,-0.00
38643.00,0.00,0.00,0.32,0.00,0.00,-1.36,0.00,0.00,-230.48,-0.00,-0.00,0.00,-0.00,-0.00,-0.00
38661.00,0.00,0.00,0.25,0.00,0.00,-3.57,0.00,0.00,-122.69,-0.00,-0.00,0.00,-0.00,-0.00,-0.00
38667.00,0.00,0.00,0.28,0.00,0.00,4.59,0.00,0.00,1359.82,-0.00,-0.00,0.00,-0.00,-0.00,-0.00
38674.00,0.00,0.00,0.18,0.00,0.00,-14.52,0.00,0.00,-2729.98,-0.00,-0.00,0.00,0.00,-0.00,-0.00
38682.00,0.00,0.00,0.22,0.00,0.00,4.47,0.00,0.00,2373.74,-0.00,-0.00,0.00,0.00,0.00,-0.00
38688.00,0.00,0.00,0.37,0.00,0.00,24.90,0.00,0.00,3405.06,-0.00,-0.00,0.00,0.00,0.00,-0.00
38695.00,0.00,0.00,0.31,0.00,0.00,-7.47,0.00,0.00,-4623.77,-0.00,-0.00,0.00,0.00,0.00,-0.00
38703.00,0.00,0.00,0.29,0.00,0.00,-3.15,0.00,0.00,539.75,-0.00,-0.00,0.00,0.00,0.00,0.00
38714.00,0.00,0.00,0.20,0.00,0.00,-7.62,0.00,0.00,-406.24,-0.00,-0.00,0.00,-0.00,-0.00,-0.00
38723.00,0.00,0.00,0.34,0.00,0.00,14.68,0.00,0.00,2477.68,-0.00,-0.00,0.00,0.00,-0.00,0.00
38730.00,0.00,0.00,0.31,0.00,0.00,-4.11,0.00,0.00,-2684.51,-0.00,-0.00,0.00,0.00,0.00,0.00
38736.00,0.00,0.00,0.32,0.00,0.00,1.87,0.00,0.00,997.42,-0.00,-0.00,0.00,0.00,0.00,0.00
38744.00,0.00,0.00,0.26,0.00,0.00,-7.65,0.00,0.00,-1190.34,-0.00,-0.00,0.00,0.00,-0.00,-0.00
38761.00,0.00,0.00,0.33,0.00,0.00,4.15,0.00,0.00,694.31,-0.00,-0.00,0.00,-0.00,-0.00,-0.00
38767.00,0.00,0.00,0.27,0.00,0.00,-9.00,0.00,0.00,-2191.60,-0.00,-0.00,0.00,-0.00,-0.00,-0.00
38774.00,0.00,0.00,0.29,0.00,0.00,2.62,0.00,0.00,1659.35,-0.00,-0.00,0.00,-0.00,-0.00,0.00
38782.00,0.00,0.00,0.29,0.00,0.00,0.29,0.00,0.00,-291.32,-0.00,-0.00,0.00,0.00,-0.01,-0.00
38788.00,0.00,0.00,0.25,0.00,0.00,-7.09,0.00,0.00,-1230.65,-0.00,-0.00,0.00,0.00,-0.00,-0.00
38800.00,0.00,0.00,0.24,0.00,0.00,-1.12,0.00,0.00,497.85,-0.00,-0.00,0.00,-0.00,0.00,-0.00
38807.00,0.00,0.00,0.32,0.00,0.00,11.91,0.00,0.00,1861.87,-0.00,-0.00,0.00,-0.00,0.00,-0.00
38813.00,0.00,0.00,0.41,0.00,0.00,14.90,0.00,0.00,497.15,-0.00,-0.00,0.00,0.00,0.00,0.00
38821.00,0.00,0.00,0.25,0.00,0.00,-19.99,0.00,0.00,-4360.58,-0.00,-0.00,0.00,0.00,0.00,-0.00
38826.00,0.00,0.00,0.34,0.00,0.00,17.05,0.00,0.00,7408.69,-0.00,-0.00,0.00,-0.00,0.00,-0.00
38834.00,0.00,0.00,0.32,0.00,0.00,-2.64,0.00,0.00,-2461.41,-0.00,-0.00,0.00,-0.00,-0.00,0.00
38843.00,0.00,0.00,0.31,0.00,0.00,-0.69,0.00,0.00,216.58,-0.00,-0.00,0.00,-0.00,0.00,0.00
38849.00,0.00,0.00,0.31,0.00,0.00,0.12,0.00,0.00,134.52,-0.00,-0.00,0.00,-0.00,0.00,0.00
38855.00,0.00,0.00,0.30,0.00,0.00,-2.16,0.00,0.00,-379.56,-0.00,-0.00,0.00,-0.00,0.00,0.00
38871.00,0.00,0.00,0.29,0.00,0.00,-0.56,0.00,0.00,99.63,-0.00,-0.00,0.00,-0.00,0.00,-0.00
38881.00,0.00,0.00,0.31,0.00,0.00,2.02,0.00,0.00,258.44,-0.00,-0.00,0.00,0.00,0.00,-0.00
38888.00,0.00,0.00,0.39,0.00,0.00,11.52,0.00,0.00,1356.87,-0.00,-0.00,0.00,0.00,0.00,-0.00
38895.00,0.00,0.00,0.32,0.00,0.00,-9.71,0.00,0.00,-3032.61,-0.00,-0.00,0.00,0.00,0.00,0.00
38904.00,0.00,0.00,0.24,0.00,0.00,-9.04,0.00,0.00,74.82,-0.00,-0.00,0.00,0.00,-0.01,0.00
38909.00,0.00,0.00,0.29,0.00,0.00,10.20,0.00,0.00,3846.37,-0.00,-0.00,0.00,-0.00,-0.00,0.00
38916.00,0.00,0.00,0.27,0.00,0.00,-2.94,0.00,0.00,-1876.46,-0.00,-0.00,0.00,-0.00,-0.00,0.00
38924.00,0.00,0.00,0.31,0.00,0.00,5.28,0.00,0.00,1027.54,-0.00,-0.00,0.00,-0.00,-0.00,0.00
38931.00,0.00,0.00,0.31,0.00,0.00,-0.25,0.00,0.00,-789.46,-0.00,-0.00,0.00,0.00,-0.00,0.00
38937.00,0.00,0.00,0.23,0.00,0.00,-13.18,0.00,0.00,-2156.10,-0.00,-0.00,0.00,-0.00,-0.00,0.00
38945.00,0.00,0.00,0.27,0.00,0.00,5.13,0.00,0.00,2289.09,-0.00,-0.00,0.00,-0.00,0.00,-0.00
38958.00,0.00,0.00,0.29,0.00,0.00,1.48,0.00,0.00,-280.53,-0.00,-0.00,0.00,-0.00,-0.00,-0.00
38975.00,0.00,0.00,0.33,0.00,0.00,2.45,0.00,0.00,57.01,-0.00,-0.00,0.00,0.00,-0.00,0.00
38984.00,0.00,0.00,0.30,0.00,0.00,-3.92,0.00,0.00,-707.61,-0.00,-0.00,-0.00,-0.00,-0.00,-0.00
38992.00,0.00,0.00,0.33,0.00,0.00,4.35,0.00,0.00,1033.01,-0.00,-0.00,-0.00,-0.00,0.00,-0.00
38997.00,0.00,0.00,0.35,0.00,0.00,3.30,0.00,0.00,-210.03,-0.00,-0.00,-0.00,-0.00,0.00,-0.00
39005.00,0.00,0.00,0.30,0.00,0.00,-6.50,0.00,0.00,-1225.28,-0.00,-0.00,-0.00,-0.00,-0.00,-0.00
39010.00,0.00,0.00,0.33,0.00,0.00,6.66,0.00,0.00,2632.82,-0.00,-0.00,-0.00,0.00,0.00,-0.00
39016.00,0.00,0.00,0.34,0.00,0.00,1.00,0.00,0.00,-942.70,-0.00,-0.00,-0.00,0.00,0.00,-0.00
39024.00,0.00,0.00,0.34,0.00,0.00,0.89,0.00,0.00,-14.24,-0.00,-0.00,-0.00,0.00,0.00,-0.00
39030.00,0.00,0.00,0.27,0.00,0.00,-11.61,0.00,0.00,-2083.42,-0.00,-0.00,-0.00,0.00,0.00,-0.00
39041.00,0.00,0.00,0.25,0.00,0.00,-2.05,0.00,0.00,869.38,-0.00,-0.00,-0.00,-0.00,0.00,0.00
39048.00,0.00,0.00,0.33,0.00,0.00,10.86,0.00,0.00,1843.59,-0.00,-0.00,-0.00,-0.00,0.00,0.00
39055.00,0.00,0.00,0.32,0.00,0.00,-1.72,0.00,0.00,-1797.10,-0.00,-0.00,-0.00,0.00,0.00,0.00
39070.00,0.00,0.00,0.30,0.00,0.00,-1.06,0.00,0.00,44.13,-0.00,-0.00,-0.00,0.00,0.00,-0.00
39076.00,0.00,0.00,0.35,0.00,0.00,8.17,0.00,0.00,1538.76,-0.00,-0.00,-0.00,0.00,0.00,-0.00
39084.00,0.00,0.00,0.38,0.00,0.00,4.20,0.00,0.00,-496.66,-0.00,-0.00,-0.00,-0.00,-0.00,-0.00
39092.00,0.00,0.00,0.23,0.00,0.00,-19.19,0.00,0.00,-2924.02,-0.00,-0.00,-0.00,0.00,0.00,0.00
39097.00,0.00,0.00,0.25,0.00,0.00,4.08,0.00,0.00,4655.31,-0.00,-0.00,-0.00,0.00,-0.00,-0.00
39105.00,0.00,0.00,0.25,0.00,0.00,-0.02,0.00,0.00,-512.91,-0.00,-0.00,-0.00,-0.00,-0.00,-0.00
39110.00,0.00,0.00,0.30,0.00,0.00,9.32,0.00,0.00,1867.86,-0.00,-0.00,-0.00,0.00,-0.00,0.00
39121.00,0.00,0.00,0.35,0.00,0.00,4.86,0.00,0.00,-405.76,-0.00,-0.00,-0.00,0.00,0.00,-0.00
39128.00,0.00,0.00,0.24,0.00,0.00,-15.76,0.00,0.00,-2945.69,-0.00,-0.00,-0.00,0.00,0.00,-0.00
39135.00,0.00,0.00,0.34,0.00,0.00,14.54,0.00,0.00,4328.46,-0.00,-0.00,-0.00,0.00,0.00,0.00
39143.00,0.00,0.00,0.26,0.00,0.00,-9.92,0.00,0.00,-3056.82,-0.00,-0.00,-0.00,-0.00,-0.00,-0.00
39150.00,0.00,0.00,0.30,0.00,0.00,5.48,0.00,0.00,2199.94,-0.00,-0.00,-0.00,-0.00,-0.00,-0.00
39166.00,0.00,0.00,0.29,0.00,0.00,-0.78,0.00,0.00,-391.22,-0.00,-0.00,-0.00,0.00,-0.00,-0.00
39172.00,0.00,0.00,0.32,0.00,0.00,6.19,0.00,0.00,1162.32,-0.00,-0.00,-0.00,0.00,0.00,0.00
39176.00,0.00,0.00,0.32,0.00,0.00,-2.10,0.00,0.00,-2074.08,-0.00,-0.00,-0.00,0.00,0.00,0.00
39185.00,0.00,0.00,0.38,0.00,0.00,6.68,0.00,0.00,975.58,-0.00,-0.00,-0.00,-0.00,0.00,-0.00
39192.00,0.00,0.00,0.37,0.00,0.00,-1.52,0.00,0.00,-1170.86,-0.00,-0.00,-0.00,-0.00,-0.00,0.00
39202.00,0.00,0.00,0.28,0.00,0.00,-8.96,0.00,0.00,-744.39,-0.00,-0.00,-0.00,0.00,-0.00,-0.00
39208.00,0.00,0.00,0.28,0.00,0.00,0.00,0.00,0.00,1493.49,-0.00,-0.00,-0.00,0.00,-0.00,-0.00
39211.00,0.00,0.00,0.28,0.00,0.00,2.23,0.00,0.00,741.95,-0.00,-0.00,-0.00,0.00,-0.00,-0.00
39216.00,0.00,0.00,0.31,0.00,0.00,5.94,0.00,0.00,742.72,-0.00,-0.00,-0.00,0.00,-0.00,-0.00
39224.00,0.00,0.00,0.31,0.00,0.00,0.00,0.00,0.00,-742.43,-0.00,-0.00,-0.00,0.00,0.00,0.00
39227.00,0.00,0.00,0.30,0.00,0.00,-2.94,0.00,0.00,-981.60,-0.00,-0.00,-0.00,0.00,0.00,0.00
39235.00,0.00,0.00,0.33,0.00,0.00,3.89,0.00,0.00,854.50,-0.00,-0.00,-0.00,0.00,-0.00,-0.00
39240.00,0.00,0.00,0.58,0.00,0.00,48.30,0.00,0.00,8881.31,-0.00,-0.00,-0.00,0.00,-0.00,-0.00
39246.00,0.00,0.00,0.29,0.00,0.00,-48.03,0.00,0.00,-16054.33,-0.00,-0.00,-0.00,0.00,0.00,0.00
39254.00,0.00,0.00,0.26,0.00,0.00,-3.85,0.00,0.00,5522.51,-0.00,-0.00,-0.00,0.00,0.00,0.00
39279.00,0.00,0.00,0.23,0.00,0.00,-1.25,0.00,0.00,104.04,-0.00,-0.00,-0.00,0.00,0.00,0.00
39287.00,0.00,0.00,0.27,0.00,0.00,6.11,0.00,0.00,919.91,-0.00,-0.00,-0.00,0.00,-0.00,0.00
39295.00,0.00,0.00,0.28,0.00,0.00,0.92,0.00,0.00,-648.65,-0.00,-0.00,-0.00,0.00,0.00,0.00
39303.00,0.00,0.00,0.28,0.00,0.00,-0.17,0.00,0.00,-136.91,-0.00,-0.00,-0.00,-0.00,0.00,-0.00
39308.00,0.00,0.00,0.38,0.00,0.00,19.79,0.00,0.00,3992.33,-0.00,-0.00,-0.00,-0.00,0.00,-0.00
39315.00,0.00,0.00,0.26,0.00,0.00,-17.36,0.00,0.00,-5306.85,-0.00,-0.00,-0.00,0.00,-0.01,-0.00
39323.00,0.00,0.00,0.22,0.00,0.00,-4.40,0.00,0.00,1619.77,-0.00,-0.00,-0.00,0.00,0.00,0.00
39329.00,0.00,0.00,0.29,0.00,0.00,10.57,0.00,0.00,2494.51,-0.00,-0.00,-0.00,-0.00,0.00,0.00
39335.00,0.00,0.00,0.34,0.00,0.00,8.89,0.00,0.00,-280.07,-0.00,-0.00,-0.00,-0.00,-0.00,-0.00
39344.00,0.00,0.00,0.30,0.00,0.00,-4.74,0.00,0.00,-1514.55,-0.00,-0.00,-0.00,-0.00,-0.00,-0.00
39357.00,0.00,0.00,0.33,0.00,0.00,2.20,0.00,0.00,533.87,-0.00,-0.00,-0.00,-0.00,-0.00,-0.00
39375.00,0.00,0.00,0.26,0.00,0.00,-3.59,0.00,0.00,-321.56,-0.00,-0.00,-0.00,0.00,0.00,-0.00
39382.00,0.00,0.00,0.29,0.00,0.00,4.47,0.00,0.00,1151.81,-0.00,-0.00,-0.00,-0.00,-0.00,-0.00
39387.00,0.00,0.00,0.30,0.00,0.00,0.58,0.00,0.00,-778.09,-0.00,-0.00,-0.00,-0.00,-0.00,-0.00
39395.00,0.00,0.00,0.29,0.00,0.00,-0.24,0.00,0.00,-102.67,-0.00,-0.00,-0.00,0.00,-0.00,0.00
39404.00,0.00,0.00,0.38,0.00,0.00,10.08,0.00,0.00,1146.93,-0.00,-0.00,-0.00,-0.00,-0.00,-0.00
39409.00,0.00,0.00,0.33,0.00,0.00,-10.47,0.00,0.00,-4111.01,-0.00,-0.00,-0.00,0.00,-0.00,-0.00
39416.00,0.00,0.00,0.23,0.00,0.00,-14.60,0.00,0.00,-588.73,-0.00,-0.00,-0.00,0.00,0.00,-0.00
39422.00,0.00,0.00,0.27,0.00,0.00,6.93,0.00,0.00,3587.90,-0.00,-0.00,-0.00,0.00,-0.00,-0.00
39428.00,0.00,0.00,0.28,0.00,0.00,1.69,0.00,0.00,-872.88,-0.00,-0.00,-0.00,0.00,0.00,-0.00
39440.00,0.00,0.00,0.32,0.00,0.00,3.07,0.00,0.00,114.46,-0.00,-0.00,-0.00,-0.00,0.00,0.00
39447.00,0.00,0.00,0.36,0.00,0.00,5.49,0.00,0.00,346.09,-0.00,-0.00,-0.00,-0.00,0.00,-0.00
39455.00,0.00,0.00,0.33,0.00,0.00,-3.62,0.00,0.00,-1138.86,-0.00,-0.00,-0.00,-0.00,0.00,-0.00
39460.00,0.00,0.00,0.30,0.00,0.00,-5.33,0.00,0.00,-341.26,-0.00,-0.00,-0.00,0.00,0.00,-0.00
39466.00,0.00,0.00,0.25,0.00,0.00,-8.08,0.00,0.00,-459.34,-0.00,-0.00,-0.00,0.00,0.01,-0.00
39484.00,0.00,0.00,0.32,0.00,0.00,4.04,0.00,0.00,673.22,-0.00,-0.00,-0.00,0.00,0.00,0.00
39492.00,0.00,0.00,0.28,0.00,0.00,-5.18,0.00,0.00,-1152.01,-0.00,-0.00,-0.00,-0.00,-0.00,0.00
39497.00,0.00,0.00,0.28,0.00,0.00,-0.55,0.00,0.00,926.44,-0.00,-0.00,-0.00,-0.00,-0.00,0.00
39506.00,0.00,0.00,0.24,0.00,0.00,-4.58,0.00,0.00,-447.65,-0.00,-0.00,-0.00,-0.00,0.00,0.00
39511.00,0.00,0.00,0.20,0.00,0.00,-8.64,0.00,0.00,-812.96,-0.00,-0.00,-0.00,-0.00,0.00,0.00
39522.00,0.00,0.00,0.31,0.00,0.00,10.34,0.00,0.00,1725.25,-0.00,-0.00,-0.00,0.00,0.00,-0.00
39529.00,0.00,0.00,0.33,0.00,0.00,3.05,0.00,0.00,-1040.15,-0.00,-0.00,-0.00,0.00,0.00,-0.00
39535.00,0.00,0.00,0.38,0.00,0.00,7.77,0.00,0.00,786.49,-0.00,-0.00,-0.00,0.00,0.00,0.00
39542.00,0.00,0.00,0.29,0.00,0.00,-12.37,0.00,0.00,-2877.83,-0.00,-0.00,-0.00,0.00,-0.00,0.00
39547.00,0.00,0.00,0.32,0.00,0.00,6.30,0.00,0.00,3734.43,-0.00,-0.00,-0.00,0.00,-0.00,0.00
39565.00,0.00,0.00,0.29,0.00,0.00,-1.99,0.00,0.00,-460.50,-0.00,-0.00,-0.00,-0.00,-0.00,0.00
39574.00,0.00,0.00,0.28,0.00,0.00,-0.32,0.00,0.00,185.70,-0.00,-0.00,-0.00,-0.00,0.00,0.00
39579.00,0.00,0.00,0.32,0.00,0.00,6.78,0.00,0.00,1420.08,-0.00,-0.00,-0.00,-0.00,0.00,0.00
39586.00,0.00,0.00,0.39,0.00,0.00,10.13,0.00,0.00,477.47,-0.00,-0.00,-0.00,0.00,-0.00,-0.00
39595.00,0.00,0.00,0.24,0.00,0.00,-17.08,0.00,0.00,-3023.15,-0.00,-0.00,-0.00,0.00,0.00,0.00
39607.00,0.00,0.00,0.34,0.00,0.00,8.82,0.00,0.00,2158.27,-0.00,-0.00,-0.00,0.00,-0.00,-0.00
39614.00,0.00,0.00,0.30,0.00,0.00,-5.56,0.00,0.00,-2054.08,-0.00,-0.00,-0.00,0.00,0.00,-0.00
39619.00,0.00,0.00,0.33,0.00,0.00,5.64,0.00,0.00,2240.80,-0.00,-0.00,-0.00,0.00,0.00,-0.00
39626.00,0.00,0.00,0.36,0.00,0.00,4.31,0.00,0.00,-190.10,-0.00,-0.00,-0.00,0.00,0.00,-0.00
39635.00,0.00,0.00,0.26,0.00,0.00,-11.51,0.00,0.00,-1758.13,-0.00,-0.00,-0.00,0.00,0.00,0.00
39642.00,0.00,0.00,0.28,0.00,0.00,2.89,0.00,0.00,2057.08,-0.00,-0.00,-0.00,0.00,-0.00,0.00
39647.00,0.00,0.00,0.29,0.00,0.00,3.48,0.00,0.00,118.33,-0.00,-0.00,-0.00,0.00,-0.00,0.00
39666.00,0.00,0.00,0.28,0.00,0.00,-0.89,0.00,0.00,-229.80,-0.00,-0.00,-0.00,0.00,-0.00,-0.00
39674.00,0.00,0.00,0.36,0.00,0.00,10.67,0.00,0.00,1444.52,-0.00,-0.00,-0.00,-0.00,-0.00,0.00
39680.00,0.00,0.00,0.30,0.00,0.00,-9.89,0.00,0.00,-3427.03,-0.00,-0.00,-0.00,-0.00,-0.00,-0.00
39692.00,0.00,0.00,0.35,0.00,0.00,3.68,0.00,0.00,1130.80,-0.00,-0.00,-0.00,-0.00,0.00,0.00
39698.00,0.00,0.00,0.26,0.00,0.00,-14.66,0.00,0.00,-3056.35,-0.00,-0.00,-0.00,-0.00,0.00,0.00
39706.00,0.00,0.00,0.35,0.00,0.00,11.43,0.00,0.00,3261.36,-0.00,-0.00,-0.00,-0.00,-0.00,0.00
39712.00,0.00,0.00,0.28,0.00,0.00,-11.31,0.00,0.00,-3790.37,-0.00,-0.00,-0.00,-0.00,0.00,0.00
39717.00,0.00,0.00,0.34,0.00,0.00,11.01,0.00,0.00,4464.62,-0.00,-0.00,-0.00,-0.00,0.00,0.00
39726.00,0.00,0.00,0.38,0.00,0.00,4.37,0.00,0.00,-738.13,-0.00,-0.00,-0.00,-0.00,0.00,-0.00
39733.00,0.00,0.00,0.27,0.00,0.00,-15.67,0.00,0.00,-2862.95,-0.00,-0.00,-0.00,-0.00,-0.00,-0.00
39739.00,0.00,0.00,0.31,0.00,0.00,7.71,0.00,0.00,3897.98,-0.00,-0.00,-0.00,-0.00,0.00,0.00
39746.00,0.00,0.00,0.21,0.00,0.00,-14.45,0.00,0.00,-3165.76,-0.00,-0.00,-0.00,-0.00,0.00,0.00
39764.00,0.00,0.00,0.25,0.00,0.00,2.27,0.00,0.00,928.56,-0.00,-0.00,-0.00,0.00,0.00,0.00
39776.00,0.00,0.00,0.37,0.00,0.00,9.79,0.00,0.00,627.20,-0.00,-0.00,-0.00,0.00,-0.00,0.00
39785.00,0.00,0.00,0.30,0.00,0.00,-8.21,0.00,0.00,-2000.26,-0.00,-0.00,-0.00,-0.00,0.00,-0.00
39789.00,0.00,0.00,0.21,0.00,0.00,-22.61,0.00,0.00,-3601.27,-0.00,-0.00,-0.00,-0.00,0.00,-0.00
39795.00,0.00,0.00,0.24,0.00,0.00,5.14,0.00,0.00,4625.32,-0.00,-0.00,-0.00,-0.00,0.00,-0.00
39803.00,0.00,0.00,0.35,0.00,0.00,13.50,0.00,0.00,1044.61,-0.00,-0.00,-0.00,-0.00,0.00,-0.00
39809.00,0.00,0.00,0.24,0.00,0.00,-17.16,0.00,0.00,-5108.60,-0.00,-0.00,-0.00,-0.00,0.00,-0.00
39813.00,0.00,0.00,0.33,0.00,0.00,20.70,0.00,0.00,9463.74,-0.00,-0.00,-0.00,-0.00,0.00,0.00
39819.00,0.00,0.00,0.33,0.00,0.00,0.41,0.00,0.00,-3381.85,-0.00,-0.00,-0.00,-0.00,0.00,0.00
39826.00,0.00,0.00,0.33,0.00,0.00,0.80,0.00,0.00,56.17,-0.00,-0.00,-0.00,-0.00,0.00,0.00
39835.00,0.00,0.00,0.30,0.00,0.00,-3.47,0.00,0.00,-474.38,-0.00,-0.00,-0.00,0.00,-0.00,0.00
39846.00,0.00,0.00,0.37,0.00,0.00,6.15,0.00,0.00,874.52,-0.00,-0.00,-0.00,-0.00,-0.00,0.00
39865.00,0.00,0.00,0.23,0.00,0.00,-7.27,0.00,0.00,-706.29,-0.00,-0.00,-0.00,0.00,0.00,0.00
39871.00,0.00,0.00,0.38,0.00,0.00,23.79,0.00,0.00,5177.03,-0.00,-0.00,-0.00,-0.00,-0.00,0.00
39877.00,0.00,0.00,0.33,0.00,0.00,-6.76,0.00,0.00,-5092.35,-0.00,-0.00,-0.00,-0.00,-0.00,0.00
39886.00,0.00,0.00,0.31,0.00,0.00,-2.75,0.00,0.00,445.67,-0.00,-0.00,-0.00,-0.00,0.00,0.00
39894.00,0.00,0.00,0.24,0.00,0.00,-8.14,0.00,0.00,-673.38,-0.00,-0.00,-0.00,-0.00,0.00,-0.00
39899.00,0.00,0.00,0.38,0.00,0.00,26.83,0.00,0.00,6993.94,-0.00,-0.00,-0.00,-0.00,0.00,-0.00
39907.00,0.00,0.00,0.27,0.00,0.00,-14.16,0.00,0.00,-5124.22,-0.00,-0.00,-0.00,0.00,0.00,0.00
39912.00,0.00,0.00,0.24,0.00,0.00,-5.66,0.00,0.00,1700.80,-0.00,-0.00,-0.00,-0.00,0.00,0.00
39918.00,0.00,0.00,0.28,0.00,0.00,7.64,0.00,0.00,2215.41,-0.00,-0.00,-0.00,-0.00,0.00,0.00
39931.00,0.00,0.00,0.19,0.00,0.00,-7.10,0.00,0.00,-1133.63,-0.00,-0.00,-0.00,0.00,0.00,-0.00
39938.00,0.00,0.00,0.28,0.00,0.00,13.26,0.00,0.00,2908.67,-0.00,-0.00,-0.00,0.00,0.00,0.00
39946.00,0.00,0.00,0.22,0.00,0.00,-7.49,0.00,0.00,-2593.68,-0.00,-0.00,-0.00,0.00,0.00,0.00
39963.00,0.00,0.00,0.24,0.00,0.00,1.24,0.00,0.00,513.19,-0.00,-0.00,-0.00,-0.00,0.00,0.00
39969.00,0.00,0.00,0.32,0.00,0.00,12.71,0.00,0.00,1912.92,-0.00,-0.00,-0.00,-0.00,-0.00,0.00
39976.00,0.00,0.00,0.26,0.00,0.00,-8.80,0.00,0.00,-3072.59,-0.00,-0.00,-0.00,-0.00,-0.00,0.00
39985.00,0.00,0.00,0.40,0.00,0.00,15.23,0.00,0.00,2669.55,-0.00,-0.00,-0.00,0.00,0.00,-0.00
39991.00,0.00,0.00,0.34,0.00,0.00,-8.94,0.00,0.00,-4027.96,-0.00,-0.00,-0.00,0.00,0.00,0.00
39997.00,0.00,0.00,0.27,0.00,0.00,-12.59,0.00,0.00,-608.31,-0.00,-0.00,-0.00,0.00,0.00,0.00
40006.00,0.00,0.00,0.30,0.00,0.00,3.65,0.00,0.00,1804.55,-0.00,-0.00,-0.00,0.00,0.00,0.00
40021.00,0.00,0.00,0.27,0.00,0.00,-1.73,0.00,0.00,-358.88,-0.00,-0.00,-0.00,0.00,0.00,-0.00
40028.00,0.00,0.00,0.34,0.00,0.00,9.63,0.00,0.00,1622.61,-0.00,-0.00,-0.00,0.00,0.00,-0.00
40036.00,0.00,0.00,0.34,0.00,0.00,-0.75,0.00,0.00,-1296.93,-0.00,-0.00,-0.00,0.00,0.00,0.00
40044.00,0.00,0.00,0.33,0.00,0.00,-1.14,0.00,0.00,-48.92,-0.00,-0.00,-0.00,0.00,0.00,0.00
40049.00,0.00,0.00,0.37,0.00,0.00,7.94,0.00,0.00,1815.36,-0.00,-0.00,-0.00,0.00,0.00,0.00
40067.00,0.00,0.00,0.30,0.00,0.00,-3.48,0.00,0.00,-634.18,-0.00,-0.00,-0.00,0.00,0.00,-0.00
40076.00,0.00,0.00,0.35,0.00,0.00,5.62,0.00,0.00,1010.85,-0.00,-0.00,-0.00,0.00,0.00,0.00
40083.00,0.00,0.00,0.39,0.00,0.00,5.07,0.00,0.00,-78.48,-0.00,-0.00,-0.00,0.00,-0.00,-0.00
40088.00,0.00,0.00,0.26,0.00,0.00,-26.47,0.00,0.00,-6307.82,-0.00,-0.00,-0.00,0.00,-0.00,-0.00
40096.00,0.00,0.00,0.40,0.00,0.00,17.67,0.00,0.00,5517.33,-0.00,-0.00,-0.00,0.00,-0.00,0.00
40109.00,0.00,0.00,0.32,0.00,0.00,-6.02,0.00,0.00,-1822.45,-0.00,-0.00,-0.00,-0.00,-0.00,0.00
40117.00,0.00,0.00,0.33,0.00,0.00,1.29,0.00,0.00,913.38,-0.00,-0.00,-0.00,0.00,-0.00,0.00
40125.00,0.00,0.00,0.28,0.00,0.00,-7.00,0.00,0.00,-1036.18,-0.00,-0.00,-0.00,0.00,-0.00,0.00
40132.00,0.00,0.00,0.28,0.00,0.00,1.14,0.00,0.00,1162.54,-0.00,-0.00,-0.00,0.00,-0.00,0.00
40138.00,0.00,0.00,0.34,0.00,0.00,9.10,0.00,0.00,1327.24,-0.00,-0.00,-0.00,0.00,-0.00,0.00
40144.00,0.00,0.00,0.39,0.00,0.00,8.47,0.00,0.00,-105.58,-0.00,-0.00,-0.00,0.00,0.01,-0.00
40148.00,0.00,0.00,0.33,0.00,0.00,-14.77,0.00,0.00,-5808.56,-0.00,-0.00,-0.00,0.00,0.01,-0.00
40166.00,0.00,0.00,0.27,0.00,0.00,-3.25,0.00,0.00,639.84,-0.00,-0.00,-0.00,0.00,0.00,0.00
40175.00,0.00,0.00,0.39,0.00,0.00,12.82,0.00,0.00,1786.14,-0.00,-0.00,-0.00,0.00,0.00,0.00
40181.00,0.00,0.00,0.38,0.00,0.00,-1.68,0.00,0.00,-2417.97,-0.00,-0.00,-0.00,0.00,0.00,0.00
40192.00,0.00,0.00,0.38,0.00,0.00,0.47,0.00,0.00,195.63,-0.00,-0.00,-0.00,0.00,-0.00,0.00
40199.00,0.00,0.00,0.31,0.00,0.00,-10.38,0.00,0.00,-1549.20,-0.00,-0.00,-0.00,0.00,0.00,0.00
40207.00,0.00,0.00,0.36,0.00,0.00,7.02,0.00,0.00,2174.80,-0.00,-0.00,-0.00,0.00,0.00,0.00
40212.00,0.00,0.00,0.30,0.00,0.00,-12.90,0.00,0.00,-3985.16,-0.00,-0.00,-0.00,0.00,0.00,0.00
40218.00,0.00,0.00,0.28,0.00,0.00,-2.63,0.00,0.00,1711.59,-0.00,-0.00,-0.00,0.00,0.00,0.00
40227.00,0.00,0.00,0.35,0.00,0.00,7.36,0.00,0.00,1110.06,-0.00,-0.00,-0.00,0.00,0.00,-0.00
40234.00,0.00,0.00,0.26,0.00,0.00,-13.10,0.00,0.00,-2922.58,-0.00,-0.00,-0.00,0.00,0.00,0.00
40240.00,0.00,0.00,0.40,0.00,0.00,22.97,0.00,0.00,6011.95,-0.00,-0.00,-0.00,0.00,0.00,0.00
40247.00,0.00,0.00,0.31,0.00,0.00,-11.91,0.00,0.00,-4983.37,-0.00,-0.00,-0.00,0.00,-0.00,-0.00
40265.00,0.00,0.00,0.38,0.00,0.00,3.61,0.00,0.00,862.70,-0.00,-0.00,-0.00,0.00,0.00,-0.00
40277.00,0.00,0.00,0.34,0.00,0.00,-3.50,0.00,0.00,-592.89,-0.00,-0.00,-0.00,0.00,-0.00,0.00
40286.00,0.00,0.00,0.34,0.00,0.00,0.47,0.00,0.00,441.31,-0.00,-0.00,-0.00,0.00,0.00,0.00
40293.00,0.00,0.00,0.39,0.00,0.00,7.37,0.00,0.00,986.20,-0.00,-0.00,-0.00,0.00,0.00,0.00
40299.00,0.00,0.00,0.32,0.00,0.00,-11.63,0.00,0.00,-3168.11,-0.00,-0.00,-0.00,0.00,0.00,0.00
40307.00,0.00,0.00,0.42,0.00,0.00,12.45,0.00,0.00,3010.57,-0.00,-0.00,-0.00,0.00,0.00,0.00
40312.00,0.00,0.00,0.39,0.00,0.00,-6.47,0.00,0.00,-3784.87,-0.00,-0.00,-0.00,0.00,0.00,0.00
40318.00,0.00,0.00,0.28,0.00,0.00,-18.48,0.00,0.00,-2000.77,-0.00,-0.00,-0.00,0.00,0.00,0.00
40327.00,0.00,0.00,0.32,0.00,0.00,4.95,0.00,0.00,2602.90,-0.00,-0.00,-0.00,0.00,0.00,0.00
40334.00,0.00,0.00,0.33,0.00,0.00,0.94,0.00,0.00,-573.25,-0.00,-0.00,-0.00,-0.00,-0.00,0.00
40340.00,0.00,0.00,0.21,0.00,0.00,-19.70,0.00,0.00,-3438.58,-0.00,-0.00,-0.00,-0.00,-0.00,0.00
40352.00,0.00,0.00,0.33,0.00,0.00,9.82,0.00,0.00,2459.73,-0.00,-0.00,-0.00,0.00,-0.00,-0.00
40369.00,0.00,0.00,0.36,0.00,0.00,2.04,0.00,0.00,-457.79,-0.00,-0.00,-0.00,0.00,0.00,0.00
40377.00,0.00,0.00,0.29,0.00,0.00,-9.84,0.00,0.00,-1484.96,-0.00,-0.00,-0.00,0.00,0.00,0.00
40385.00,0.00,0.00,0.42,0.00,0.00,17.28,0.00,0.00,3390.43,-0.00,-0.00,-0.00,0.00,0.00,0.00
40392.00,0.00,0.00,0.32,0.00,0.00,-14.24,0.00,0.00,-4502.77,-0.00,-0.00,-0.00,0.00,-0.00,0.00
40398.00,0.00,0.00,0.38,0.00,0.00,9.74,0.00,0.00,3996.93,-0.00,-0.00,-0.00,-0.00,-0.00,0.00
40407.00,0.00,0.00,0.21,0.00,0.00,-19.10,0.00,0.00,-3204.95,-0.00,-0.00,-0.00,0.00,0.00,0.00
40412.00,0.00,0.00,0.35,0.00,0.00,27.74,0.00,0.00,9368.97,-0.00,-0.00,-0.00,0.00,0.00,0.00
40419.00,0.00,0.00,0.30,0.00,0.00,-6.74,0.00,0.00,-4926.50,-0.00,-0.00,-0.00,0.00,0.00,0.00
40427.00,0.00,0.00,0.34,0.00,0.00,5.13,0.00,0.00,1483.57,-0.00,-0.00,-0.00,-0.00,-0.00,-0.00
40439.00,0.00,0.00,0.27,0.00,0.00,-5.72,0.00,0.00,-904.34,-0.00,-0.00,-0.00,0.00,-0.00,0.00
40448.00,0.00,0.00,0.30,0.00,0.00,3.38,0.00,0.00,1011.77,-0.00,-0.00,-0.00,0.00,0.00,-0.00
40456.00,0.00,0.00,0.34,0.00,0.00,3.85,0.00,0.00,58.67,-0.00,-0.00,-0.00,-0.00,-0.00,0.00
40472.00,0.00,0.00,0.36,0.00,0.00,1.77,0.00,0.00,-129.93,-0.00,-0.00,-0.00,0.00,-0.00,-0.00
40478.00,0.00,0.00,0.28,0.00,0.00,-13.82,0.00,0.00,-2598.16,-0.00,-0.00,-0.00,0.00,0.00,-0.00
40487.00,0.00,0.00,0.32,0.00,0.00,4.43,0.00,0.00,2027.31,-0.00,-0.00,-0.00,0.00,0.00,0.00
40494.00,0.00,0.00,0.23,0.00,0.00,-12.93,0.00,0.00,-2480.13,-0.00,-0.00,-0.00,-0.00,0.00,0.00
40499.00,0.00,0.00,0.27,0.00,0.00,8.67,0.00,0.00,4320.04,-0.00,-0.00,-0.00,-0.00,0.00,0.00
40508.00,0.00,0.00,0.28,0.00,0.00,0.72,0.00,0.00,-883.01,-0.00,-0.00,-0.00,-0.00,-0.00,0.00
40513.00,0.00,0.00,0.26,0.00,0.00,-4.71,0.00,0.00,-1085.40,-0.00,-0.00,-0.00,0.00,-0.00,0.00
40524.00,0.00,0.00,0.28,0.00,0.00,2.09,0.00,0.00,617.49,-0.00,-0.00,-0.00,0.00,0.00,-0.00
40530.00,0.00,0.00,0.38,0.00,0.00,17.20,0.00,0.00,2519.73,-0.00,-0.00,-0.00,0.00,0.00,-0.00
40537.00,0.00,0.00,0.32,0.00,0.00,-9.13,0.00,0.00,-3761.49,-0.00,-0.00,-0.00,0.00,0.00,0.00
40546.00,0.00,0.00,0.28,0.00,0.00,-3.94,0.00,0.00,576.32,-0.00,-0.00,-0.00,-0.00,0.00,0.00
40551.00,0.00,0.00,0.39,0.00,0.00,21.14,0.00,0.00,5016.65,-0.00,-0.00,-0.00,-0.00,0.00,0.00
40568.00,0.00,0.00,0.30,0.00,0.00,-5.48,0.00,0.00,-1566.08,-0.00,-0.00,-0.00,0.00,0.00,-0.00
40577.00,0.00,0.00,0.23,0.00,0.00,-7.64,0.00,0.00,-240.02,-0.00,-0.00,-0.00,-0.00,0.00,0.00
40584.00,0.00,0.00,0.29,0.00,0.00,9.42,0.00,0.00,2437.22,-0.00,-0.00,-0.00,0.00,0.00,-0.00
40589.00,0.00,0.00,0.37,0.00,0.00,16.00,0.00,0.00,1316.48,-0.00,-0.00,-0.00,0.00,0.00,-0.00
40595.00,0.00,0.00,0.35,0.00,0.00,-3.15,0.00,0.00,-3192.13,-0.00,-0.00,-0.00,0.00,-0.00,0.00
40606.00,0.00,0.00,0.28,0.00,0.00,-6.64,0.00,0.00,-317.42,-0.00,-0.00,-0.00,0.00,-0.00,0.00
40612.00,0.00,0.00,0.38,0.00,0.00,16.44,0.00,0.00,3847.39,-0.00,-0.00,-0.00,0.00,-0.00,0.00
40618.00,0.00,0.00,0.31,0.00,0.00,-12.11,0.00,0.00,-4758.65,-0.00,-0.00,-0.00,0.00,0.00,0.00
40627.00,0.00,0.00,0.39,0.00,0.00,9.02,0.00,0.00,2348.06,-0.00,-0.00,-0.00,-0.00,0.00,0.00
40634.00,0.00,0.00,0.30,0.00,0.00,-12.28,0.00,0.00,-3043.94,-0.00,-0.00,-0.00,0.00,0.00,-0.00
40640.00,0.00,0.00,0.32,0.00,0.00,2.43,0.00,0.00,2451.77,-0.00,-0.00,-0.00,0.00,0.00,-0.00
40647.00,0.00,0.00,0.38,0.00,0.00,8.70,0.00,0.00,896.44,-0.00,-0.00,-0.00,0.00,0.00,-0.00
40665.00,0.00,0.00,0.31,0.00,0.00,-3.57,0.00,0.00,-681.55,-0.00,-0.00,-0.00,0.00,0.00,-0.00
40671.00,0.00,0.00,0.33,0.00,0.00,3.37,0.00,0.00,1155.94,-0.00,-0.00,-0.00,0.00,0.00,0.00
40678.00,0.00,0.00,0.30,0.00,0.00,-4.73,0.00,0.00,-1156.69,-0.00,-0.00,-0.00,0.00,0.00,0.00
40692.00,0.00,0.00,0.36,0.00,0.00,4.49,0.00,0.00,658.65,-0.00,-0.00,-0.00,0.00,0.00,-0.00
40699.00,0.00,0.00,0.33,0.00,0.00,-5.30,0.00,0.00,-1399.21,-0.00,-0.00,-0.00,0.00,0.00,0.00
40707.00,0.00,0.00,0.36,0.00,0.00,4.23,0.00,0.00,1191.68,-0.00,-0.00,-0.00,0.00,0.00,-0.00
40713.00,0.00,0.00,0.32,0.00,0.00,-6.61,0.00,0.00,-1807.61,-0.00,-0.00,-0.00,0.00,-0.00,0.00
40719.00,0.00,0.00,0.39,0.00,0.00,11.89,0.00,0.00,3083.96,-0.00,-0.00,-0.00,0.00,-0.00,0.00
40727.00,0.00,0.00,0.29,0.00,0.00,-12.68,0.00,0.00,-3070.81,-0.00,-0.00,-0.00,-0.00,-0.00,0.00
40735.00,0.00,0.00,0.32,0.00,0.00,3.75,0.00,0.00,2052.66,-0.00,-0.00,-0.00,0.00,-0.00,0.00
40741.00,0.00,0.00,0.33,0.00,0.00,1.06,0.00,0.00,-448.02,-0.00,-0.00,-0.00,-0.00,-0.00,0.00
40748.00,0.00,0.00,0.31,0.00,0.00,-2.48,0.00,0.00,-505.01,-0.00,-0.00,-0.00,-0.00,-0.00,-0.00
40766.00,0.00,0.00,0.30,0.00,0.00,-0.37,0.00,0.00,116.84,-0.00,-0.00,-0.00,-0.00,-0.01,0.00
40782.00,0.00,0.00,0.36,0.00,0.00,3.64,0.00,0.00,250.73,-0.00,-0.00,-0.00,-0.00,-0.00,0.00
40790.00,0.00,0.00,0.38,0.00,0.00,2.15,0.00,0.00,-186.25,-0.00,-0.00,-0.00,-0.00,0.00,0.00
40797.00,0.00,0.00,0.39,0.00,0.00,2.21,0.00,0.00,9.44,-0.00,-0.00,-0.00,-0.00,0.00,-0.00
40803.00,0.00,0.00,0.27,0.00,0.00,-20.67,0.00,0.00,-3813.19,-0.00,-0.00,-0.00,-0.00,0.00,-0.00
40809.00,0.00,0.00,0.28,0.00,0.00,2.38,0.00,0.00,3840.24,-0.00,-0.00,-0.00,0.00,0.00,-0.00
40815.00,0.00,0.00,0.35,0.00,0.00,10.59,0.00,0.00,1369.41,-0.00,-0.00,-0.00,0.00,0.00,0.00
40820.00,0.00,0.00,0.37,0.00,0.00,3.77,0.00,0.00,-1365.51,-0.00,-0.00,-0.00,0.00,0.00,0.00
40828.00,0.00,0.00,0.25,0.00,0.00,-14.23,0.00,0.00,-2249.67,-0.00,-0.00,-0.00,0.00,0.00,-0.00
40834.00,0.00,0.00,0.21,0.00,0.00,-6.49,0.00,0.00,1291.21,-0.00,-0.00,-0.00,0.00,0.00,0.00
40840.00,0.00,0.00,0.34,0.00,0.00,21.65,0.00,0.00,4688.63,-0.00,-0.00,-0.00,0.00,0.00,0.00
40852.00,0.00,0.00,0.45,0.00,0.00,8.72,0.00,0.00,-1077.36,-0.00,-0.00,-0.00,0.00,-0.00,0.00
40869.00,0.00,0.00,0.32,0.00,0.00,-7.47,0.00,0.00,-952.52,-0.00,-0.00,-0.00,0.00,0.00,0.00
40878.00,0.00,0.00,0.38,0.00,0.00,6.54,0.00,0.00,1557.44,-0.00,-0.00,-0.00,0.00,0.00,0.00
40886.00,0.00,0.00,0.27,0.00,0.00,-14.18,0.00,0.00,-2590.25,-0.00,-0.00,-0.00,0.00,0.00,0.00
40892.00,0.00,0.00,0.41,0.00,0.00,23.67,0.00,0.00,6308.48,-0.00,-0.00,-0.00,-0.00,0.00,0.00
40899.00,0.00,0.00,0.32,0.00,0.00,-12.36,0.00,0.00,-5146.81,-0.00,-0.00,-0.00,-0.00,0.00,0.00
40908.00,0.00,0.00,0.26,0.00,0.00,-6.83,0.00,0.00,614.12,-0.00,-0.00,-0.00,0.00,0.00,0.00
40913.00,0.00,0.00,0.35,0.00,0.00,18.08,0.00,0.00,4982.09,-0.00,-0.00,-0.00,-0.00,-0.00,-0.00
40920.00,0.00,0.00,0.39,0.00,0.00,6.22,0.00,0.00,-1695.04,-0.00,-0.00,-0.00,-0.00,-0.00,-0.00
40927.00,0.00,0.00,0.29,0.00,0.00,-14.64,0.00,0.00,-2980.11,-0.00,-0.00,-0.00,0.00,0.00,-0.00
40940.00,0.00,0.00,0.33,0.00,0.00,3.22,0.00,0.00,1374.57,-0.00,-0.00,-0.00,0.00,0.00,0.00
40949.00,0.00,0.00,0.45,0.00,0.00,12.80,0.00,0.00,1063.75,-0.00,-0.00,-0.00,0.00,0.00,0.00
40957.00,0.00,0.00,0.24,0.00,0.00,-26.60,0.00,0.00,-4925.37,-0.00,-0.00,-0.00,0.00,0.00,0.00
40972.00,0.00,0.00,0.31,0.00,0.00,4.72,0.00,0.00,2088.54,-0.00,-0.00,-0.00,-0.00,-0.00,0.00
40979.00,0.00,0.00,0.29,0.00,0.00,-2.33,0.00,0.00,-1008.01,-0.00,-0.00,-0.00,0.00,-0.00,0.00
40987.00,0.00,0.00,0.35,0.00,0.00,7.35,0.00,0.00,1210.48,-0.00,-0.00,-0.00,0.00,0.00,0.00
40995.00,0.00,0.00,0.33,0.00,0.00,-2.00,0.00,0.00,-1168.32,-0.00,-0.00,-0.00,-0.00,-0.00,0.00
41000.00,0.00,0.00,0.39,0.00,0.00,11.72,0.00,0.00,2743.34,-0.00,-0.00,-0.00,-0.00,-0.00,0.00
41009.00,0.00,0.00,0.34,0.00,0.00,-6.18,0.00,0.00,-1989.20,-0.00,-0.00,-0.00,-0.00,0.00,0.00
41014.00,0.00,0.00,0.37,0.00,0.00,5.95,0.00,0.00,2425.70,-0.00,-0.00,-0.00,0.00,0.00,0.00
41025.00,0.00,0.00,0.36,0.00,0.00,-0.94,0.00,0.00,-626.39,-0.00,-0.00,-0.00,-0.00,0.00,0.00
41031.00,0.00,0.00,0.32,0.00,0.00,-5.51,0.00,0.00,-761.03,-0.00,-0.00,-0.00,-0.00,0.00,0.00
41038.00,0.00,0.00,0.29,0.00,0.00,-4.35,0.00,0.00,165.03,-0.00,-0.00,-0.00,-0.00,-0.00,-0.00
41047.00,0.00,0.00,0.30,0.00,0.00,0.41,0.00,0.00,529.72,-0.00,-0.00,-0.00,-0.00,-0.00,0.00
41053.00,0.00,0.00,0.38,0.00,0.00,14.37,0.00,0.00,2325.98,-0.00,-0.00,-0.00,0.00,-0.00,0.00
41069.00,0.00,0.00,0.37,0.00,0.00,-0.58,0.00,0.00,-934.14,-0.00,-0.00,-0.00,0.00,-0.00,-0.00
41078.00,0.00,0.00,0.38,0.00,0.00,1.23,0.00,0.00,200.37,-0.00,-0.00,-0.00,0.00,-0.00,0.00
41086.00,0.00,0.00,0.36,0.00,0.00,-3.62,0.00,0.00,-606.24,-0.00,-0.00,-0.00,0.00,0.00,0.00
41092.00,0.00,0.00,0.41,0.00,0.00,9.66,0.00,0.00,2214.60,-0.00,-0.00,-0.00,0.00,-0.00,0.00
41099.00,0.00,0.00,0.29,0.00,0.00,-17.36,0.00,0.00,-3860.39,-0.00,-0.00,0.00,0.00,-0.00,0.00
41112.00,0.00,0.00,0.27,0.00,0.00,-1.66,0.00,0.00,1207.54,-0.00,-0.00,0.00,-0.00,-0.00,0.00
41120.00,0.00,0.00,0.40,0.00,0.00,15.75,0.00,0.00,2176.78,-0.00,-0.00,0.00,-0.00,0.00,0.00
41128.00,0.00,0.00,0.34,0.00,0.00,-6.75,0.00,0.00,-2812.53,-0.00,-0.00,-0.00,0.00,0.00,-0.00
41136.00,0.00,0.00,0.30,0.00,0.00,-4.69,0.00,0.00,257.57,-0.00,-0.00,-0.00,0.00,0.00,0.00
41141.00,0.00,0.00,0.38,0.00,0.00,14.63,0.00,0.00,3862.30,-0.00,-0.00,-0.00,0.00,-0.00,0.00
41149.00,0.00,0.00,0.30,0.00,0.00,-10.09,0.00,0.00,-3089.04,-0.00,-0.00,0.00,0.00,-0.00,0.00
41157.00,0.00,0.00,0.38,0.00,0.00,10.79,0.00,0.00,2609.37,-0.00,-0.00,-0.00,0.00,0.00,-0.00
41172.00,0.00,0.00,0.31,0.00,0.00,-4.93,0.00,0.00,-1047.72,-0.00,-0.00,0.00,-0.00,-0.00,0.00
41179.00,0.00,0.00,0.31,0.00,0.00,0.06,0.00,0.00,711.88,-0.00,-0.00,0.00,-0.00,-0.00,0.00
41188.00,0.00,0.00,0.34,0.00,0.00,3.14,0.00,0.00,342.32,-0.00,-0.00,0.00,-0.00,-0.01,0.00
41200.00,0.00,0.00,0.29,0.00,0.00,-3.80,0.00,0.00,-577.65,-0.00,-0.00,0.00,-0.00,-0.00,-0.00
41209.00,0.00,0.00,0.28,0.00,0.00,-1.43,0.00,0.00,263.18,-0.00,-0.00,0.00,-0.00,0.00,0.00
41215.00,0.00,0.00,0.34,0.00,0.00,9.22,0.00,0.00,1773.72,-0.00,-0.00,0.00,-0.00,-0.00,0.00
41221.00,0.00,0.00,0.29,0.00,0.00,-7.05,0.00,0.00,-2711.27,-0.00,-0.00,0.00,-0.00,-0.00,0.00
41228.00,0.00,0.00,0.30,0.00,0.00,1.66,0.00,0.00,1245.29,-0.00,-0.00,0.00,0.00,0.00,0.00
41236.00,0.00,0.00,0.34,0.00,0.00,4.79,0.00,0.00,391.28,-0.00,-0.00,0.00,-0.00,0.00,0.00
41241.00,0.00,0.00,0.28,0.00,0.00,-13.25,0.00,0.00,-3608.50,-0.00,-0.00,0.00,-0.00,-0.00,0.00
41259.00,0.00,0.00,0.30,0.00,0.00,1.31,0.00,0.00,809.02,-0.00,-0.00,0.00,0.00,0.01,0.00
41264.00,0.00,0.00,0.29,0.00,0.00,-1.37,0.00,0.00,-537.34,-0.00,-0.00,0.00,-0.00,0.00,0.00
41270.00,0.00,0.00,0.29,0.00,0.00,-0.24,0.00,0.00,189.20,-0.00,-0.00,0.00,-0.00,0.00,0.00
41283.00,0.00,0.00,0.28,0.00,0.00,-1.20,0.00,0.00,-73.73,-0.00,-0.00,0.00,-0.00,0.00,0.00
41291.00,0.00,0.00,0.26,0.00,0.00,-2.19,0.00,0.00,-124.56,-0.00,-0.00,0.00,0.00,0.00,0.00
41298.00,0.00,0.00,0.34,0.00,0.00,11.71,0.00,0.00,1985.96,-0.00,-0.00,0.00,-0.00,0.00,0.00
41306.00,0.00,0.00,0.40,0.00,0.00,7.62,0.00,0.00,-510.97,-0.00,-0.00,0.00,-0.00,0.00,0.00
41311.00,0.00,0.00,0.22,0.00,0.00,-37.25,0.00,0.00,-8974.72,-0.00,-0.00,0.00,-0.00,0.00,0.00
41319.00,0.00,0.00,0.30,0.00,0.00,11.02,0.00,0.00,6034.21,-0.00,-0.00,0.00,0.00,0.00,-0.00
41326.00,0.00,0.00,0.30,0.00,0.00,-1.23,0.00,0.00,-1750.41,-0.00,-0.00,0.00,-0.00,0.00,0.00
41332.00,0.00,0.00,0.36,0.00,0.00,11.53,0.00,0.00,2126.51,-0.00,-0.00,0.00,-0.00,0.00,0.00
41339.00,0.00,0.00,0.36,0.00,0.00,0.06,0.00,0.00,-1637.73,-0.00,-0.00,0.00,0.00,0.00,0.00
41348.00,0.00,0.00,0.30,0.00,0.00,-7.54,0.00,0.00,-844.72,-0.00,-0.00,0.00,0.00,0.00,-0.00
41359.00,0.00,0.00,0.32,0.00,0.00,1.91,0.00,0.00,858.92,-0.00,-0.00,0.00,0.00,0.00,0.00
41375.00,0.00,0.00,0.29,0.00,0.00,-1.70,0.00,0.00,-225.90,-0.00,-0.00,0.00,0.00,0.00,-0.00
41381.00,0.00,0.00,0.26,0.00,0.00,-4.38,0.00,0.00,-445.41,-0.00,-0.00,0.00,0.00,0.00,0.00
41388.00,0.00,0.00,0.36,0.00,0.00,12.93,0.00,0.00,2472.84,-0.00,-0.00,0.00,0.00,-0.01,0.00
41396.00,0.00,0.00,0.36,0.00,0.00,0.25,0.00,0.00,-1584.88,-0.00,-0.00,0.00,-0.00,-0.00,0.00
41402.00,0.00,0.00,0.35,0.00,0.00,-1.68,0.00,0.00,-322.86,-0.00,-0.00,0.00,-0.00,-0.00,0.00
41410.00,0.00,0.00,0.44,0.00,0.00,11.79,0.00,0.00,1683.53,-0.00,-0.00,0.00,0.00,-0.00,0.00
41415.00,0.00,0.00,0.34,0.00,0.00,-20.35,0.00,0.00,-6427.52,-0.00,-0.00,0.00,0.00,-0.00,-0.00
41421.00,0.00,0.00,0.39,0.00,0.00,8.46,0.00,0.00,4801.57,-0.00,-0.00,0.00,0.00,-0.00,-0.00
41429.00,0.00,0.00,0.33,0.00,0.00,-7.99,0.00,0.00,-2056.39,-0.00,-0.00,0.00,0.00,-0.00,-0.00
41446.00,0.00,0.00,0.31,0.00,0.00,-0.88,0.00,0.00,418.28,-0.00,-0.00,0.00,-0.00,0.00,0.00
41462.00,0.00,0.00,0.34,0.00,0.00,1.74,0.00,0.00,164.20,-0.00,-0.00,0.00,-0.00,0.00,0.00
41470.00,0.00,0.00,0.28,0.00,0.00,-7.33,0.00,0.00,-1134.42,-0.00,-0.00,0.00,-0.00,0.00,0.00
41478.00,0.00,0.00,0.25,0.00,0.00,-4.28,0.00,0.00,381.02,-0.00,-0.00,0.00,0.00,0.00,-0.00
41485.00,0.00,0.00,0.39,0.00,0.00,21.05,0.00,0.00,3619.09,-0.00,-0.00,0.00,0.00,0.00,0.00
41491.00,0.00,0.00,0.33,0.00,0.00,-10.36,0.00,0.00,-5235.47,-0.00,-0.00,0.00,0.00,0.00,0.00
41499.00,0.00,0.00,0.32,0.00,0.00,-0.87,0.00,0.00,1186.65,-0.00,-0.00,0.00,0.00,0.00,0.00
41507.00,0.00,0.00,0.35,0.00,0.00,3.14,0.00,0.00,500.85,-0.00,-0.00,0.00,0.00,0.00,-0.00
41513.00,0.00,0.00,0.38,0.00,0.00,4.78,0.00,0.00,274.26,-0.00,-0.00,0.00,-0.00,0.00,-0.00
41519.00,0.00,0.00,0.34,0.00,0.00,-5.81,0.00,0.00,-1764.84,-0.00,-0.00,0.00,-0.00,-0.00,0.00
41533.00,0.00,0.00,0.31,0.00,0.00,-2.59,0.00,0.00,229.49,-0.00,-0.00,0.00,-0.00,-0.00,0.00
41541.00,0.00,0.00,0.39,0.00,0.00,10.40,0.00,0.00,1624.38,-0.00,-0.00,0.00,-0.00,-0.00,0.00
41549.00,0.00,0.00,0.28,0.00,0.00,-14.29,0.00,0.00,-3086.60,-0.00,-0.00,0.00,0.00,-0.00,-0.00
41566.00,0.00,0.00,0.28,0.00,0.00,0.40,0.00,0.00,864.05,-0.00,-0.00,0.00,0.00,0.00,0.00
41572.00,0.00,0.00,0.39,0.00,0.00,17.77,0.00,0.00,2895.99,-0.00,-0.00,0.00,0.00,0.00,0.00
41579.00,0.00,0.00,0.35,0.00,0.00,-5.81,0.00,0.00,-3369.19,-0.00,-0.00,0.00,0.00,0.00,0.00
41588.00,0.00,0.00,0.33,0.00,0.00,-1.91,0.00,0.00,433.73,-0.00,-0.00,0.00,-0.00,0.00,0.00
41594.00,0.00,0.00,0.44,0.00,0.00,17.74,0.00,0.00,3274.70,-0.00,-0.00,0.00,0.00,0.00,0.00
41600.00,0.00,0.00,0.28,0.00,0.00,-25.65,0.00,0.00,-7232.29,-0.00,-0.00,0.00,0.00,0.00,0.00
41609.00,0.00,0.00,0.38,0.00,0.00,10.37,0.00,0.00,4002.38,-0.00,-0.00,0.00,0.00,-0.00,-0.00
41619.00,0.00,0.00,0.42,0.00,0.00,3.95,0.00,0.00,-642.21,-0.00,-0.00,0.00,0.00,0.00,0.00
41629.00,0.00,0.00,0.35,0.00,0.00,-7.18,0.00,0.00,-1112.40,-0.00,-0.00,0.00,0.00,0.00,-0.00
41636.00,0.00,0.00,0.28,0.00,0.00,-9.21,0.00,0.00,-289.95,-0.00,-0.00,0.00,0.00,0.00,0.00
41641.00,0.00,0.00,0.40,0.00,0.00,24.07,0.00,0.00,6655.24,-0.00,-0.00,0.00,0.00,0.00,0.00
41649.00,0.00,0.00,0.29,0.00,0.00,-13.89,0.00,0.00,-4745.22,-0.00,-0.00,0.00,0.00,0.00,0.00
41667.00,0.00,0.00,0.33,0.00,0.00,2.30,0.00,0.00,899.38,-0.00,-0.00,0.00,-0.00,-0.00,0.00
41672.00,0.00,0.00,0.33,0.00,0.00,0.05,0.00,0.00,-448.82,-0.00,-0.00,0.00,-0.00,-0.00,0.00
41680.00,0.00,0.00,0.38,0.00,0.00,6.33,0.00,0.00,784.53,-0.00,-0.00,0.00,-0.00,0.00,0.00
41688.00,0.00,0.00,0.30,0.00,0.00,-9.77,0.00,0.00,-2012.23,-0.00,-0.00,0.00,0.00,-0.00,0.00
41694.00,0.00,0.00,0.34,0.00,0.00,6.66,0.00,0.00,2738.94,-0.00,-0.00,0.00,-0.00,0.00,-0.00
41706.00,0.00,0.00,0.38,0.00,0.00,2.75,0.00,0.00,-326.52,-0.00,-0.00,0.00,0.00,0.00,-0.00
41712.00,0.00,0.00,0.38,0.00,0.00,0.72,0.00,0.00,-337.64,-0.00,-0.00,0.00,0.00,0.00,-0.00
41719.00,0.00,0.00,0.39,0.00,0.00,0.93,0.00,0.00,30.33,-0.00,-0.00,0.00,-0.00,-0.00,0.00
41727.00,0.00,0.00,0.22,0.00,0.00,-21.09,0.00,0.00,-2752.83,-0.00,-0.00,0.00,0.00,-0.00,0.00
41732.00,0.00,0.00,0.40,0.00,0.00,37.02,0.00,0.00,11622.03,-0.00,-0.00,0.00,0.00,-0.00,0.00
41740.00,0.00,0.00,0.29,0.00,0.00,-13.68,0.00,0.00,-6337.81,-0.00,-0.00,0.00,0.00,-0.00,0.00
41748.00,0.00,0.00,0.38,0.00,0.00,10.59,0.00,0.00,3033.47,-0.00,-0.00,0.00,0.00,-0.00,-0.00
41765.00,0.00,0.00,0.27,0.00,0.00,-6.52,0.00,0.00,-1006.20,-0.00,-0.00,0.00,0.00,0.00,0.00
41771.00,0.00,0.00,0.35,0.00,0.00,13.84,0.00,0.00,3392.57,-0.00,-0.00,0.00,0.00,0.00,0.00
41779.00,0.00,0.00,0.32,0.00,0.00,-3.92,0.00,0.00,-2219.53,-0.00,-0.00,0.00,0.00,0.00,0.00
41792.00,0.00,0.00,0.24,0.00,0.00,-6.04,0.00,0.00,-163.24,-0.00,-0.00,0.00,0.00,-0.00,-0.00
41801.00,0.00,0.00,0.34,0.00,0.00,10.44,0.00,0.00,1831.05,-0.00,-0.00,0.00,0.00,0.00,-0.00
41809.00,0.00,0.00,0.37,0.00,0.00,4.73,0.00,0.00,-713.29,-0.00,-0.00,0.00,-0.00,-0.00,0.00
41815.00,0.00,0.00,0.32,0.00,0.00,-8.79,0.00,0.00,-2253.74,-0.00,-0.00,0.00,0.00,-0.00,0.00
41821.00,0.00,0.00,0.27,0.00,0.00,-8.50,0.00,0.00,49.34,-0.00,-0.00,0.00,0.00,-0.00,0.00
41830.00,0.00,0.00,0.41,0.00,0.00,15.17,0.00,0.00,2629.11,-0.00,-0.00,0.00,-0.00,0.00,0.00
41837.00,0.00,0.00,0.33,0.00,0.00,-10.78,0.00,0.00,-3707.10,-0.00,-0.00,0.00,0.00,-0.00,-0.00
41842.00,0.00,0.00,0.33,0.00,0.00,0.00,0.00,0.00,2156.74,-0.00,-0.00,0.00,0.00,0.00,0.00
41843.00,0.00,0.00,0.31,0.00,0.00,-21.24,0.00,0.00,-21241.13,-0.00,-0.00,0.00,0.00,-0.00,-0.00
41850.00,0.00,0.00,0.30,0.00,0.00,-0.91,0.00,0.00,2904.19,-0.00,-0.00,0.00,0.00,0.00,0.00
41872.00,0.00,0.00,0.39,0.00,0.00,4.02,0.00,0.00,224.12,-0.00,0.00,0.00,-0.00,0.00,-0.00
41881.00,0.00,0.00,0.32,0.00,0.00,-8.32,0.00,0.00,-1370.91,-0.00,0.00,0.00,0.00,0.00,-0.00
41887.00,0.00,0.00,0.42,0.00,0.00,16.71,0.00,0.00,4171.07,-0.00,0.00,0.00,0.00,0.00,0.00
41893.00,0.00,0.00,0.30,0.00,0.00,-18.82,0.00,0.00,-5921.81,-0.00,0.00,0.00,0.00,0.00,0.00
41900.00,0.00,0.00,0.25,0.00,0.00,-7.69,0.00,0.00,1590.34,-0.00,0.00,0.00,0.00,0.00,0.00
41908.00,0.00,0.00,0.39,0.00,0.00,17.32,0.00,0.00,3125.96,-0.00,0.00,0.00,-0.00,0.00,0.00
41913.00,0.00,0.00,0.30,0.00,0.00,-18.23,0.00,0.00,-7108.92,-0.00,0.00,0.00,-0.00,-0.00,0.00
41920.00,0.00,0.00,0.33,0.00,0.00,5.20,0.00,0.00,3346.56,-0.00,0.00,0.00,-0.00,-0.00,0.00
41929.00,0.00,0.00,0.31,0.00,0.00,-2.70,0.00,0.00,-878.02,-0.00,0.00,0.00,0.00,0.00,-0.00
41935.00,0.00,0.00,0.35,0.00,0.00,6.12,0.00,0.00,1470.78,-0.00,0.00,0.00,0.00,0.00,0.00
41945.00,0.00,0.00,0.31,0.00,0.00,-4.12,0.00,0.00,-1023.72,-0.00,0.00,0.00,0.00,0.00,-0.00
41962.00,0.00,0.00,0.37,0.00,0.00,4.07,0.00,0.00,481.34,-0.00,0.00,0.00,-0.00,-0.00,0.00
41969.00,0.00,0.00,0.35,0.00,0.00,-3.68,0.00,0.00,-1106.89,-0.00,0.00,0.00,-0.00,0.00,-0.00
41974.00,0.00,0.00,0.37,0.00,0.00,5.13,0.00,0.00,1763.16,-0.00,0.00,0.00,-0.00,0.00,-0.00
41981.00,0.00,0.00,0.31,0.00,0.00,-9.85,0.00,0.00,-2140.56,-0.00,0.00,0.00,-0.00,0.00,-0.00
41989.00,0.00,0.00,0.40,0.00,0.00,11.38,0.00,0.00,2653.39,-0.00,0.00,0.00,-0.00,0.00,-0.00
41997.00,0.00,0.00,0.30,0.00,0.00,-12.00,0.00,0.00,-2921.77,-0.00,0.00,0.00,0.00,0.00,-0.00
42002.00,0.00,0.00,0.42,0.00,0.00,23.26,0.00,0.00,7052.11,-0.00,0.00,0.00,0.00,0.00,-0.00
42010.00,0.00,0.00,0.37,0.00,0.00,-5.49,0.00,0.00,-3593.54,-0.00,0.00,0.00,0.00,0.00,-0.00
42016.00,0.00,0.00,0.40,0.00,0.00,3.74,0.00,0.00,1537.97,-0.00,0.00,0.00,0.00,0.00,-0.00
42027.00,0.00,0.00,0.32,0.00,0.00,-7.18,0.00,0.00,-993.13,-0.00,0.00,0.00,0.00,-0.00,0.00
42033.00,0.00,0.00,0.34,0.00,0.00,4.66,0.00,0.00,1973.20,-0.00,0.00,0.00,0.00,-0.00,0.00
42040.00,0.00,0.00,0.40,0.00,0.00,7.92,0.00,0.00,466.28,-0.00,0.00,0.00,0.00,0.00,0.00
42049.00,0.00,0.00,0.37,0.00,0.00,-2.88,0.00,0.00,-1199.94,-0.00,0.00,0.00,0.00,0.00,0.00
42055.00,0.00,0.00,0.37,0.00,0.00,0.21,0.00,0.00,515.08,-0.00,0.00,0.00,0.00,0.00,0.00
42071.00,0.00,0.00,0.36,0.00,0.00,-0.90,0.00,0.00,-69.66,-0.00,-0.00,0.00,0.00,-0.01,0.00
42080.00,0.00,0.00,0.44,0.00,0.00,8.93,0.00,0.00,1092.21,-0.00,-0.00,0.00,0.00,0.00,0.00
42088.00,0.00,0.00,0.30,0.00,0.00,-17.30,0.00,0.00,-3278.99,-0.00,0.00,0.00,0.00,0.00,0.00
42093.00,0.00,0.00,0.46,0.00,0.00,31.65,0.00,0.00,9791.48,-0.00,0.00,0.00,0.00,0.00,0.00
42100.00,0.00,0.00,0.41,0.00,0.00,-7.07,0.00,0.00,-5531.50,-0.00,0.00,0.00,0.00,0.00,0.00
42114.00,0.00,0.00,0.31,0.00,0.00,-7.29,0.00,0.00,-15.64,-0.00,0.00,0.00,-0.00,0.00,0.00
42122.00,0.00,0.00,0.29,0.00,0.00,-2.71,0.00,0.00,572.30,-0.00,0.00,0.00,0.00,0.00,0.00
42130.00,0.00,0.00,0.33,0.00,0.00,4.89,0.00,0.00,950.06,-0.00,0.00,0.00,-0.00,0.00,0.00
42138.00,0.00,0.00,0.26,0.00,0.00,-8.76,0.00,0.00,-1706.03,-0.00,0.00,0.00,-0.00,-0.00,-0.00
42143.00,0.00,0.00,0.25,0.00,0.00,-0.85,0.00,0.00,1581.24,-0.00,0.00,0.00,-0.00,-0.00,-0.00
42160.00,0.00,0.00,0.27,0.00,0.00,1.05,0.00,0.00,111.90,-0.00,-0.00,0.00,-0.00,-0.00,0.00
42166.00,0.00,0.00,0.36,0.00,0.00,14.17,0.00,0.00,2186.48,-0.00,-0.00,0.00,-0.00,-0.00,0.00
42172.00,0.00,0.00,0.37,0.00,0.00,2.53,0.00,0.00,-1940.79,-0.00,-0.00,0.00,-0.00,-0.00,0.00
42180.00,0.00,0.00,0.32,0.00,0.00,-6.28,0.00,0.00,-1100.47,-0.00,-0.00,0.00,-0.00,-0.00,0.00
42188.00,0.00,0.00,0.24,0.00,0.00,-9.75,0.00,0.00,-434.47,-0.00,-0.00,0.00,-0.00,-0.00,-0.00
42206.00,0.00,0.00,0.32,0.00,0.00,4.40,0.00,0.00,786.15,-0.00,-0.00,0.00,0.00,0.00,-0.00
42213.00,0.00,0.00,0.39,0.00,0.00,10.03,0.00,0.00,804.49,-0.00,-0.00,0.00,0.00,0.00,0.00
42220.00,0.00,0.00,0.27,0.00,0.00,-17.62,0.00,0.00,-3950.08,-0.00,-0.00,0.00,0.00,-0.00,0.00
42227.00,0.00,0.00,0.30,0.00,0.00,4.18,0.00,0.00,3114.81,-0.00,-0.00,0.00,-0.00,-0.00,0.00
42232.00,0.00,0.00,0.41,0.00,0.00,22.10,0.00,0.00,3582.62,-0.00,-0.00,0.00,-0.00,-0.00,0.00
42241.00,0.00,0.00,0.31,0.00,0.00,-11.13,0.00,0.00,-3691.75,-0.00,-0.00,0.00,0.00,-0.00,0.00
42249.00,0.00,0.00,0.34,0.00,0.00,3.44,0.00,0.00,1820.91,-0.00,-0.00,0.00,-0.00,-0.00,0.00
42264.00,0.00,0.00,0.36,0.00,0.00,1.69,0.00,0.00,-116.26,-0.00,-0.00,0.00,-0.00,0.00,0.00
42271.00,0.00,0.00,0.42,0.00,0.00,8.13,0.00,0.00,919.19,-0.00,-0.00,0.00,-0.00,0.00,0.00
42280.00,0.00,0.00,0.24,0.00,0.00,-19.22,0.00,0.00,-3039.08,-0.00,0.00,0.00,-0.00,0.00,0.00
42293.00,0.00,0.00,0.36,0.00,0.00,9.17,0.00,0.00,2184.04,-0.00,0.00,0.00,-0.00,0.00,0.00
42302.00,0.00,0.00,0.40,0.00,0.00,3.47,0.00,0.00,-633.33,-0.00,0.00,0.00,-0.00,-0.00,0.00
42310.00,0.00,0.00,0.42,0.00,0.00,2.67,0.00,0.00,-99.53,-0.00,-0.00,0.00,-0.00,-0.00,0.00
42316.00,0.00,0.00,0.39,0.00,0.00,-4.01,0.00,0.00,-1114.23,-0.00,0.00,0.00,-0.00,0.00,0.00
42322.00,0.00,0.00,0.35,0.00,0.00,-6.88,0.00,0.00,-477.43,-0.00,0.00,0.00,-0.00,0.01,0.00
42330.00,0.00,0.00,0.38,0.00,0.00,3.77,0.00,0.00,1330.75,-0.00,0.00,0.00,0.00,-0.00,0.00
42338.00,0.00,0.00,0.41,0.00,0.00,3.26,0.00,0.00,-63.90,-0.00,0.00,0.00,0.00,0.00,-0.00
42344.00,0.00,0.00,0.35,0.00,0.00,-9.02,0.00,0.00,-2045.50,-0.00,0.00,0.00,0.00,0.00,-0.00
42351.00,0.00,0.00,0.26,0.00,0.00,-12.71,0.00,0.00,-527.29,-0.00,0.00,0.00,0.00,0.00,0.00
42369.00,0.00,0.00,0.42,0.00,0.00,8.45,0.00,0.00,1175.13,-0.00,0.00,0.00,-0.00,-0.00,0.00
42380.00,0.00,0.00,0.36,0.00,0.00,-5.13,0.00,0.00,-1233.94,-0.00,0.00,0.00,0.00,0.00,0.00
42387.00,0.00,0.00,0.43,0.00,0.00,10.11,0.00,0.00,2176.47,-0.00,0.00,0.00,0.00,0.00,-0.00
42392.00,0.00,0.00,0.30,0.00,0.00,-26.99,0.00,0.00,-7419.82,-0.00,0.00,0.00,0.00,0.00,-0.00
42401.00,0.00,0.00,0.33,0.00,0.00,4.01,0.00,0.00,3444.67,-0.00,0.00,0.00,-0.00,0.00,0.00
42409.00,0.00,0.00,0.35,0.00,0.00,2.33,0.00,0.00,-209.61,-0.00,0.00,0.00,0.00,0.00,0.00
42415.00,0.00,0.00,0.39,0.00,0.00,7.27,0.00,0.00,823.56,-0.00,0.00,0.00,0.00,0.00,0.00
42421.00,0.00,0.00,0.35,0.00,0.00,-7.79,0.00,0.00,-2511.00,-0.00,0.00,0.00,0.00,0.00,0.00
42429.00,0.00,0.00,0.30,0.00,0.00,-5.83,0.00,0.00,244.54,-0.00,0.00,0.00,0.00,-0.00,0.00
42435.00,0.00,0.00,0.30,0.00,0.00,-0.45,0.00,0.00,897.80,-0.00,0.00,0.00,0.00,-0.00,0.00
42442.00,0.00,0.00,0.34,0.00,0.00,5.52,0.00,0.00,853.17,-0.00,0.00,0.00,0.00,0.00,0.00
42455.00,0.00,0.00,0.36,0.00,0.00,1.96,0.00,0.00,-274.21,-0.00,0.00,0.00,0.00,0.00,0.00
42472.00,0.00,0.00,0.39,0.00,0.00,1.68,0.00,0.00,-16.65,-0.00,0.00,0.00,0.00,0.00,0.00
42481.00,0.00,0.00,0.28,0.00,0.00,-11.92,0.00,0.00,-1510.53,-0.00,0.00,0.00,0.00,0.00,0.00
42489.00,0.00,0.00,0.35,0.00,0.00,8.35,0.00,0.00,2533.04,-0.00,0.00,0.00,0.00,0.00,0.00
42494.00,0.00,0.00,0.29,0.00,0.00,-11.58,0.00,0.00,-3984.62,-0.00,0.00,0.00,-0.00,0.00,0.00
42501.00,0.00,0.00,0.33,0.00,0.00,5.02,0.00,0.00,2371.50,-0.00,0.00,0.00,-0.00,-0.00,0.00
42510.00,0.00,0.00,0.32,0.00,0.00,-0.42,0.00,0.00,-605.17,-0.00,0.00,0.00,0.00,0.00,-0.00
42515.00,0.00,0.00,0.33,0.00,0.00,1.27,0.00,0.00,338.04,-0.00,0.00,0.00,0.00,0.00,-0.00
42522.00,0.00,0.00,0.33,0.00,0.00,0.54,0.00,0.00,-103.80,-0.00,0.00,0.00,0.00,0.00,0.00
42530.00,0.00,0.00,0.40,0.00,0.00,8.02,0.00,0.00,934.39,-0.00,0.00,0.00,0.00,0.00,0.00
42543.00,0.00,0.00,0.31,0.00,0.00,-6.72,0.00,0.00,-1133.53,-0.00,0.00,0.00,0.00,-0.00,0.00
42562.00,0.00,0.00,0.33,0.00,0.00,0.85,0.00,0.00,398.55,-0.00,0.00,0.00,0.00,-0.00,0.00
42567.00,0.00,0.00,0.35,0.00,0.00,4.58,0.00,0.00,746.07,-0.00,0.00,0.00,0.00,-0.00,0.00
42573.00,0.00,0.00,0.36,0.00,0.00,0.94,0.00,0.00,-607.11,-0.00,0.00,0.00,0.00,-0.00,0.00
42581.00,0.00,0.00,0.30,0.00,0.00,-7.33,0.00,0.00,-1033.40,-0.00,0.00,0.00,0.00,-0.00,0.00
42586.00,0.00,0.00,0.30,0.00,0.00,0.00,0.00,0.00,1465.48,-0.00,0.00,0.00,0.00,-0.00,0.00
42592.00,0.00,0.00,0.20,0.00,0.00,-16.07,0.00,0.00,-2678.02,-0.00,0.00,0.00,0.00,-0.00,0.00
42600.00,0.00,0.00,0.41,0.00,0.00,26.80,0.00,0.00,5358.71,-0.00,0.00,0.00,-0.00,0.00,0.00
42607.00,0.00,0.00,0.34,0.00,0.00,-10.41,0.00,0.00,-5315.28,-0.00,0.00,0.00,0.00,-0.00,0.00
42613.00,0.00,0.00,0.36,0.00,0.00,3.68,0.00,0.00,2347.38,-0.00,0.00,0.00,0.00,-0.00,0.00
42624.00,0.00,0.00,0.34,0.00,0.00,-1.77,0.00,0.00,-494.94,-0.00,-0.00,0.00,-0.00,-0.00,0.00
42632.00,0.00,0.00,0.32,0.00,0.00,-3.20,0.00,0.00,-179.72,-0.00,-0.00,0.00,-0.00,-0.00,0.00
42640.00,0.00,0.00,0.28,0.00,0.00,-5.45,0.00,0.00,-281.33,-0.00,0.00,0.00,0.00,0.00,0.00
42648.00,0.00,0.00,0.33,0.00,0.00,7.33,0.00,0.00,1597.46,-0.00,0.00,0.00,0.00,0.00,-0.00
42653.00,0.00,0.00,0.34,0.00,0.00,0.90,0.00,0.00,-1285.36,-0.00,0.00,0.00,0.00,0.00,-0.00
42671.00,0.00,0.00,0.32,0.00,0.00,-1.27,0.00,0.00,-120.25,-0.00,0.00,0.00,0.00,0.00,0.00
42680.00,0.00,0.00,0.38,0.00,0.00,7.06,0.00,0.00,924.79,-0.00,0.00,0.00,0.00,0.00,-0.00
42686.00,0.00,0.00,0.33,0.00,0.00,-7.91,0.00,0.00,-2494.50,-0.00,0.00,0.00,0.00,0.00,-0.00
42693.00,0.00,0.00,0.36,0.00,0.00,4.47,0.00,0.00,1768.05,-0.00,0.00,0.00,0.00,0.00,-0.00
42701.00,0.00,0.00,0.33,0.00,0.00,-3.62,0.00,0.00,-1011.02,-0.00,0.00,0.00,0.00,-0.00,0.00
42713.00,0.00,0.00,0.35,0.00,0.00,1.54,0.00,0.00,430.47,-0.00,-0.00,0.00,0.00,-0.00,-0.00
42720.00,0.00,0.00,0.28,0.00,0.00,-10.14,0.00,0.00,-1669.76,-0.00,-0.00,0.00,0.00,-0.00,0.00
42727.00,0.00,0.00,0.36,0.00,0.00,11.38,0.00,0.00,3074.62,-0.00,-0.00,0.00,0.00,-0.00,0.00
42733.00,0.00,0.00,0.40,0.00,0.00,6.02,0.00,0.00,-892.79,-0.00,-0.00,0.00,0.00,-0.00,0.00
42741.00,0.00,0.00,0.36,0.00,0.00,-5.16,0.00,0.00,-1397.50,-0.00,-0.00,0.00,-0.00,0.00,-0.00
42749.00,0.00,0.00,0.40,0.00,0.00,5.34,0.00,0.00,1312.08,-0.00,-0.00,0.00,0.00,-0.00,0.00
42754.00,0.00,0.00,0.44,0.00,0.00,7.75,0.00,0.00,481.68,-0.00,-0.00,0.00,0.00,-0.00,0.00
42772.00,0.00,0.00,0.35,0.00,0.00,-4.79,0.00,0.00,-696.53,-0.00,-0.00,0.00,-0.00,0.00,0.00
42781.00,0.00,0.00,0.35,0.00,0.00,-0.34,0.00,0.00,495.03,-0.00,-0.00,0.00,0.00,0.00,-0.00
42787.00,0.00,0.00,0.38,0.00,0.00,5.90,0.00,0.00,1038.91,-0.00,-0.00,0.00,-0.00,-0.00,0.00
42798.00,0.00,0.00,0.28,0.00,0.00,-9.12,0.00,0.00,-1365.55,-0.00,-0.00,0.00,0.00,-0.00,0.00
42805.00,0.00,0.00,0.33,0.00,0.00,6.03,0.00,0.00,2165.32,-0.00,-0.00,0.00,0.00,-0.00,0.00
42812.00,0.00,0.00,0.32,0.00,0.00,-0.91,0.00,0.00,-991.42,-0.00,-0.00,0.00,0.00,-0.00,0.00
42818.00,0.00,0.00,0.34,0.00,0.00,3.63,0.00,0.00,756.28,-0.00,-0.00,0.00,0.00,-0.00,0.00
42823.00,0.00,0.00,0.39,0.00,0.00,9.90,0.00,0.00,1254.60,-0.00,-0.00,0.00,0.00,-0.00,0.00
42831.00,0.00,0.00,0.30,0.00,0.00,-11.20,0.00,0.00,-2638.67,-0.00,-0.00,0.00,0.00,0.00,0.00
42839.00,0.00,0.00,0.31,0.00,0.00,1.29,0.00,0.00,1561.91,-0.00,-0.00,0.00,-0.00,0.00,0.00
42845.00,0.00,0.00,0.32,0.00,0.00,1.18,0.00,0.00,-17.79,-0.00,-0.00,0.00,-0.00,0.00,0.00
42852.00,0.00,0.00,0.33,0.00,0.00,1.38,0.00,0.00,28.02,-0.00,-0.00,0.00,0.00,0.00,0.00
42870.00,0.00,0.00,0.33,0.00,0.00,0.14,0.00,0.00,-68.70,-0.00,-0.00,0.00,0.00,0.00,-0.00
42882.00,0.00,0.00,0.42,0.00,0.00,7.85,0.00,0.00,641.78,-0.00,-0.00,0.00,0.00,0.00,0.00
42887.00,0.00,0.00,0.44,0.00,0.00,3.37,0.00,0.00,-894.82,-0.00,-0.00,0.00,0.00,-0.00,-0.00
42893.00,0.00,0.00,0.28,0.00,0.00,-27.00,0.00,0.00,-5061.62,-0.00,-0.00,0.00,0.00,0.00,0.00
42901.00,0.00,0.00,0.33,0.00,0.00,6.23,0.00,0.00,4154.12,-0.00,-0.00,0.00,0.00,0.00,0.00
42908.00,0.00,0.00,0.32,0.00,0.00,-1.13,0.00,0.00,-1051.63,-0.00,-0.00,0.00,-0.00,0.00,0.00
42914.00,0.00,0.00,0.32,0.00,0.00,0.12,0.00,0.00,208.34,-0.00,-0.00,0.00,-0.00,0.00,0.00
42919.00,0.00,0.00,0.34,0.00,0.00,2.61,0.00,0.00,497.47,-0.00,-0.00,0.00,0.00,0.00,0.00
42925.00,0.00,0.00,0.35,0.00,0.00,3.17,0.00,0.00,93.26,-0.00,-0.00,0.00,0.00,0.00,0.00
42932.00,0.00,0.00,0.42,0.00,0.00,9.84,0.00,0.00,953.30,-0.00,0.00,0.00,0.00,0.00,0.00
42941.00,0.00,0.00,0.31,0.00,0.00,-12.08,0.00,0.00,-2435.64,-0.00,-0.00,0.00,-0.00,-0.00,0.00
42958.00,0.00,0.00,0.36,0.00,0.00,2.84,0.00,0.00,877.66,-0.00,0.00,0.00,-0.00,0.00,-0.00
42974.00,0.00,0.00,0.40,0.00,0.00,2.49,0.00,0.00,-21.95,-0.00,0.00,0.00,-0.00,-0.00,0.00
42982.00,0.00,0.00,0.40,0.00,0.00,-0.65,0.00,0.00,-392.59,-0.00,0.00,0.00,0.00,-0.00,0.00
42990.00,0.00,0.00,0.23,0.00,0.00,-20.63,0.00,0.00,-2497.41,-0.00,0.00,0.00,0.00,0.00,0.00
42997.00,0.00,0.00,0.31,0.00,0.00,11.52,0.00,0.00,4592.64,-0.00,0.00,0.00,-0.00,0.00,-0.00
43003.00,0.00,0.00,0.39,0.00,0.00,13.57,0.00,0.00,342.07,-0.00,0.00,0.00,-0.00,0.00,-0.00
43012.00,0.00,0.00,0.38,0.00,0.00,-1.43,0.00,0.00,-1667.27,-0.00,0.00,0.00,-0.00,0.00,-0.00
43017.00,0.00,0.00,0.33,0.00,0.00,-10.84,0.00,0.00,-1880.76,-0.00,0.00,0.00,-0.00,0.00,-0.00
43024.00,0.00,0.00,0.39,0.00,0.00,9.32,0.00,0.00,2878.90,-0.00,0.00,0.00,-0.00,0.00,-0.00
43032.00,0.00,0.00,0.36,0.00,0.00,-4.14,0.00,0.00,-1681.91,-0.00,0.00,0.00,0.00,-0.00,-0.00
43043.00,0.00,0.00,0.36,0.00,0.00,0.00,0.00,0.00,376.37,-0.00,0.00,0.00,-0.00,-0.00,-0.00
43047.00,0.00,0.00,0.35,0.00,0.00,-1.54,0.00,0.00,-385.32,-0.00,0.00,0.00,-0.00,-0.00,-0.00
43063.00,0.00,0.00,0.36,0.00,0.00,0.20,0.00,0.00,108.86,-0.00,0.00,0.00,0.00,0.00,0.00
43070.00,0.00,0.00,0.37,0.00,0.00,2.23,0.00,0.00,290.08,-0.00,0.00,0.00,0.00,-0.00,-0.00
43075.00,0.00,0.00,0.34,0.00,0.00,-6.25,0.00,0.00,-1695.59,-0.00,0.00,0.00,0.00,-0.00,-0.00
43083.00,0.00,0.00,0.29,0.00,0.00,-6.24,0.00,0.00,1.23,-0.00,0.00,0.00,0.00,-0.00,0.00
43091.00,0.00,0.00,0.29,0.00,0.00,0.14,0.00,0.00,796.63,-0.00,-0.00,0.00,0.00,-0.00,0.00
43098.00,0.00,0.00,0.39,0.00,0.00,14.00,0.00,0.00,1980.88,-0.00,0.00,0.00,-0.00,0.00,0.00
43104.00,0.00,0.00,0.42,0.00,0.00,5.07,0.00,0.00,-1488.07,-0.00,0.00,0.00,-0.00,0.00,0.00
43112.00,0.00,0.00,0.34,0.00,0.00,-10.50,0.00,0.00,-1946.47,-0.00,-0.00,0.00,0.00,-0.00,0.00
43122.00,0.00,0.00,0.32,0.00,0.00,-1.53,0.00,0.00,896.42,-0.00,-0.00,0.00,0.00,-0.00,0.00
43131.00,0.00,0.00,0.27,0.00,0.00,-5.33,0.00,0.00,-421.49,-0.00,-0.00,0.00,-0.00,-0.00,0.00
43138.00,0.00,0.00,0.39,0.00,0.00,16.71,0.00,0.00,3147.76,-0.00,-0.00,0.00,-0.00,-0.00,0.00
43144.00,0.00,0.00,0.39,0.00,0.00,0.35,0.00,0.00,-2725.90,-0.00,-0.00,0.00,0.00,-0.00,0.00
43152.00,0.00,0.00,0.37,0.00,0.00,-2.55,0.00,0.00,-362.72,-0.00,-0.00,0.00,0.00,0.00,0.00
43169.00,0.00,0.00,0.38,0.00,0.00,0.60,0.00,0.00,185.49,-0.00,-0.00,0.00,-0.00,0.00,0.00
43175.00,0.00,0.00,0.28,0.00,0.00,-16.64,0.00,0.00,-2873.96,-0.00,-0.00,0.00,-0.00,-0.00,0.00
43182.00,0.00,0.00,0.39,0.00,0.00,15.13,0.00,0.00,4538.15,-0.00,-0.00,0.00,-0.00,-0.01,0.00
43191.00,0.00,0.00,0.28,0.00,0.00,-11.75,0.00,0.00,-2986.74,-0.00,-0.00,0.00,0.00,-0.00,-0.00
43195.00,0.00,0.00,0.28,0.00,0.00,0.00,0.00,0.00,2938.52,-0.00,-0.00,0.00,0.00,-0.00,-0.00
43205.00,0.00,0.00,0.44,0.00,0.00,15.44,0.00,0.00,1543.76,-0.00,-0.00,0.00,-0.00,-0.00,0.00
43214.00,0.00,0.00,0.40,0.00,0.00,-4.28,0.00,0.00,-2190.87,-0.00,-0.00,0.00,0.00,-0.00,0.00
43218.00,0.00,0.00,0.40,0.00,0.00,0.00,0.00,0.00,1070.06,-0.00,-0.00,0.00,0.00,-0.00,0.00
43222.00,0.00,0.00,0.34,0.00,0.00,-14.43,0.00,0.00,-3607.20,-0.00,-0.00,0.00,0.00,0.00,0.00
43230.00,0.00,0.00,0.28,0.00,0.00,-7.24,0.00,0.00,898.31,-0.00,-0.00,0.00,0.00,-0.00,0.00
43235.00,0.00,0.00,0.33,0.00,0.00,9.90,0.00,0.00,3428.65,-0.00,-0.00,0.00,0.00,0.00,0.00
43239.00,0.00,0.00,0.35,0.00,0.00,4.96,0.00,0.00,-1234.22,-0.00,-0.00,0.00,0.00,-0.00,-0.00
43244.00,0.00,0.00,0.40,0.00,0.00,9.99,0.00,0.00,1005.52,-0.00,-0.00,0.00,0.00,-0.00,-0.00
43252.00,0.00,0.00,0.25,0.00,0.00,-18.74,0.00,0.00,-3591.52,-0.00,-0.00,0.00,-0.00,-0.00,0.00
43269.00,0.00,0.00,0.29,0.00,0.00,2.42,0.00,0.00,1244.58,-0.00,-0.00,0.00,-0.00,-0.00,0.00
43280.00,0.00,0.00,0.24,0.00,0.00,-4.66,0.00,0.00,-643.31,-0.00,-0.00,0.00,0.00,0.00,0.00
43286.00,0.00,0.00,0.37,0.00,0.00,20.91,0.00,0.00,4261.70,-0.00,-0.00,0.00,-0.00,-0.00,0.00
43293.00,0.00,0.00,0.40,0.00,0.00,5.32,0.00,0.00,-2227.06,-0.00,-0.00,0.00,-0.00,-0.00,0.00
43302.00,0.00,0.00,0.33,0.00,0.00,-8.01,0.00,0.00,-1481.76,-0.00,-0.00,0.00,0.00,0.00,0.00
43309.00,0.00,0.00,0.34,0.00,0.00,0.52,0.00,0.00,1218.50,-0.00,-0.00,0.00,0.00,0.00,-0.00
43315.00,0.00,0.00,0.32,0.00,0.00,-3.38,0.00,0.00,-649.39,-0.00,-0.00,0.00,0.00,0.00,-0.00
43321.00,0.00,0.00,0.41,0.00,0.00,15.62,0.00,0.00,3167.22,-0.00,-0.00,0.00,0.00,-0.00,-0.00
43325.00,0.00,0.00,0.38,0.00,0.00,-8.43,0.00,0.00,-6012.49,-0.00,-0.00,0.00,0.00,-0.00,-0.00
43332.00,0.00,0.00,0.29,0.00,0.00,-11.61,0.00,0.00,-454.97,-0.00,-0.00,0.00,-0.00,0.00,0.00
43340.00,0.00,0.00,0.28,0.00,0.00,-1.91,0.00,0.00,1212.81,-0.00,-0.00,0.00,-0.00,0.00,-0.00
43350.00,0.00,0.00,0.25,0.00,0.00,-3.23,0.00,0.00,-131.79,-0.00,-0.00,0.00,-0.00,-0.00,0.00
43366.00,0.00,0.00,0.30,0.00,0.00,3.51,0.00,0.00,421.43,-0.00,-0.00,0.00,-0.00,-0.00,-0.00
43373.00,0.00,0.00,0.34,0.00,0.00,5.67,0.00,0.00,307.38,-0.00,-0.00,0.00,0.00,-0.00,0.00
43382.00,0.00,0.00,0.35,0.00,0.00,0.47,0.00,0.00,-577.95,-0.00,-0.00,0.00,-0.00,-0.00,0.00
43389.00,0.00,0.00,0.29,0.00,0.00,-8.58,0.00,0.00,-1292.38,-0.00,-0.00,0.00,0.00,-0.00,-0.00
43394.00,0.00,0.00,0.39,0.00,0.00,20.62,0.00,0.00,5840.35,-0.00,-0.00,0.00,0.00,-0.00,-0.00
43403.00,0.00,0.00,0.29,0.00,0.00,-11.23,0.00,0.00,-3538.89,-0.00,-0.00,0.00,-0.00,-0.00,0.00
43411.00,0.00,0.00,0.40,0.00,0.00,14.14,0.00,0.00,3170.90,-0.00,-0.00,0.00,-0.00,-0.00,-0.00
43417.00,0.00,0.00,0.36,0.00,0.00,-6.61,0.00,0.00,-3457.94,-0.00,-0.00,0.00,-0.00,-0.00,-0.00
43423.00,0.00,0.00,0.33,0.00,0.00,-5.41,0.00,0.00,200.07,-0.00,-0.00,0.00,-0.00,0.00,0.00
43436.00,0.00,0.00,0.24,0.00,0.00,-6.54,0.00,0.00,-86.83,-0.00,-0.00,0.00,0.00,-0.00,0.00
43443.00,0.00,0.00,0.24,0.00,0.00,0.00,0.00,0.00,934.09,-0.00,-0.00,0.00,0.00,0.00,0.00
43444.00,0.00,0.00,0.42,0.00,0.00,179.17,0.00,0.00,179170.59,-0.00,-0.00,0.00,0.00,-0.00,-0.00
43452.00,0.00,0.00,0.35,0.00,0.00,-9.33,0.00,0.00,-23562.57,-0.00,-0.00,0.00,-0.00,-0.00,0.00
43469.00,0.00,0.00,0.29,0.00,0.00,-3.66,0.00,0.00,333.70,-0.00,-0.00,0.00,0.00,0.01,0.00
43475.00,0.00,0.00,0.37,0.00,0.00,13.81,0.00,0.00,2910.63,-0.00,-0.00,0.00,0.00,0.01,0.00
43483.00,0.00,0.00,0.39,0.00,0.00,2.84,0.00,0.00,-1370.54,-0.00,-0.00,0.00,0.00,0.00,0.00
43490.00,0.00,0.00,0.42,0.00,0.00,3.74,0.00,0.00,127.92,-0.00,-0.00,0.00,-0.00,0.00,0.00
43496.00,0.00,0.00,0.41,0.00,0.00,-0.92,0.00,0.00,-775.49,-0.00,-0.00,0.00,-0.00,0.00,0.00
43503.00,0.00,0.00,0.37,0.00,0.00,-6.56,0.00,0.00,-807.00,-0.00,-0.00,0.00,-0.00,0.01,0.00
43516.00,0.00,0.00,0.35,0.00,0.00,-1.57,0.00,0.00,384.16,-0.00,-0.00,0.00,-0.00,0.00,-0.00
43524.00,0.00,0.00,0.36,0.00,0.00,1.20,0.00,0.00,346.74,-0.00,-0.00,0.00,-0.00,-0.00,-0.00
43532.00,0.00,0.00,0.30,0.00,0.00,-7.50,0.00,0.00,-1088.32,-0.00,-0.00,0.00,-0.00,0.00,-0.00
43540.00,0.00,0.00,0.31,0.00,0.00,1.94,0.00,0.00,1179.80,-0.00,-0.00,0.00,0.00,0.01,0.00
43545.00,0.00,0.00,0.35,0.00,0.00,7.88,0.00,0.00,1188.18,-0.00,-0.00,0.00,-0.00,0.01,0.00
43563.00,0.00,0.00,0.30,0.00,0.00,-3.07,0.00,0.00,-608.40,-0.00,-0.00,0.00,-0.00,0.00,0.00
43569.00,0.00,0.00,0.35,0.00,0.00,9.62,0.00,0.00,2115.76,-0.00,-0.00,0.00,-0.00,0.00,0.00
43574.00,0.00,0.00,0.45,0.00,0.00,18.27,0.00,0.00,1729.91,-0.00,-0.00,0.00,0.00,0.00,0.00
43583.00,0.00,0.00,0.35,0.00,0.00,-10.89,0.00,0.00,-3240.19,-0.00,-0.00,0.00,0.00,0.00,0.00
43591.00,0.00,0.00,0.28,0.00,0.00,-8.95,0.00,0.00,243.18,-0.00,-0.00,0.00,0.00,0.00,0.00
43601.00,0.00,0.00,0.38,0.00,0.00,10.90,0.00,0.00,1985.04,-0.00,-0.00,0.00,0.00,0.00,0.00
43607.00,0.00,0.00,0.43,0.00,0.00,8.24,0.00,0.00,-443.64,-0.00,0.00,0.00,0.00,0.01,0.00
43614.00,0.00,0.00,0.41,0.00,0.00,-4.00,0.00,0.00,-1748.97,-0.00,0.00,0.00,0.00,0.01,0.00
43620.00,0.00,0.00,0.31,0.00,0.00,-15.47,0.00,0.00,-1912.05,-0.00,0.00,0.00,0.00,0.00,0.00
43625.00,0.00,0.00,0.40,0.00,0.00,17.13,0.00,0.00,6521.01,-0.00,0.00,0.00,0.00,0.00,-0.00
43633.00,0.00,0.00,0.31,0.00,0.00,-11.71,0.00,0.00,-3605.20,-0.00,0.00,0.00,-0.00,0.00,-0.00
43641.00,0.00,0.00,0.35,0.00,0.00,5.05,0.00,0.00,2094.59,-0.00,0.00,0.00,0.00,-0.00,-0.00
43646.00,0.00,0.00,0.34,0.00,0.00,-0.54,0.00,0.00,-1116.56,-0.00,0.00,0.00,-0.00,0.00,-0.00
43663.00,0.00,0.00,0.42,0.00,0.00,4.33,0.00,0.00,286.44,-0.00,0.00,0.00,-0.00,0.00,0.00
43669.00,0.00,0.00,0.25,0.00,0.00,-27.97,0.00,0.00,-5383.46,-0.00,0.00,0.00,0.00,-0.00,0.00
43684.00,0.00,0.00,0.36,0.00,0.00,7.10,0.00,0.00,2338.05,-0.00,0.00,0.00,-0.00,-0.00,0.00
43693.00,0.00,0.00,0.36,0.00,0.00,0.55,0.00,0.00,-728.04,-0.00,0.00,0.00,0.00,-0.00,0.00
43702.00,0.00,0.00,0.28,0.00,0.00,-8.40,0.00,0.00,-994.51,-0.00,0.00,0.00,0.00,0.00,0.00
43708.00,0.00,0.00,0.42,0.00,0.00,22.47,0.00,0.00,5144.71,-0.00,0.00,0.00,0.00,0.00,0.00
43714.00,0.00,0.00,0.36,0.00,0.00,-10.61,0.00,0.00,-5512.86,-0.00,0.00,0.00,0.00,0.00,0.00
43720.00,0.00,0.00,0.32,0.00,0.00,-6.12,0.00,0.00,748.80,-0.00,0.00,0.00,0.00,-0.00,0.00
43725.00,0.00,0.00,0.28,0.00,0.00,-7.53,0.00,0.00,-283.89,-0.00,0.00,0.00,0.00,-0.00,0.00
43733.00,0.00,0.00,0.31,0.00,0.00,3.46,0.00,0.00,1374.53,-0.00,0.00,0.00,0.00,-0.00,0.00
43742.00,0.00,0.00,0.41,0.00,0.00,11.38,0.00,0.00,880.10,-0.00,0.00,0.00,0.00,0.00,-0.00
43748.00,0.00,0.00,0.38,0.00,0.00,-5.63,0.00,0.00,-2836.08,-0.00,0.00,0.00,-0.00,0.00,-0.00
43759.00,0.00,0.00,0.47,0.00,0.00,8.22,0.00,0.00,1259.09,-0.00,0.00,0.00,-0.00,0.00,0.00
43775.00,0.00,0.00,0.39,0.00,0.00,-4.83,0.00,0.00,-815.51,-0.00,0.00,0.00,-0.00,-0.00,-0.00
43784.00,0.00,0.00,0.28,0.00,0.00,-12.15,0.00,0.00,-813.52,-0.00,0.00,0.00,0.00,0.00,0.00
43792.00,0.00,0.00,0.40,0.00,0.00,14.50,0.00,0.00,3331.48,-0.00,0.00,0.00,0.00,0.00,0.00
43798.00,0.00,0.00,0.33,0.00,0.00,-10.57,0.00,0.00,-4178.29,-0.00,0.00,0.00,0.00,0.00,0.00
43804.00,0.00,0.00,0.33,0.00,0.00,-1.43,0.00,0.00,1524.17,-0.00,0.00,0.00,0.00,0.00,0.00
43813.00,0.00,0.00,0.37,0.00,0.00,5.03,0.00,0.00,717.55,-0.00,0.00,0.00,-0.00,0.00,-0.00
43818.00,0.00,0.00,0.40,0.00,0.00,6.06,0.00,0.00,206.27,-0.00,0.00,0.00,-0.00,-0.00,0.00
43825.00,0.00,0.00,0.35,0.00,0.00,-7.36,0.00,0.00,-1916.77,-0.00,0.00,0.00,-0.00,-0.00,0.00
43833.00,0.00,0.00,0.35,0.00,0.00,-0.37,0.00,0.00,873.59,-0.00,0.00,0.00,0.00,0.00,0.00
43845.00,0.00,0.00,0.33,0.00,0.00,-1.43,0.00,0.00,-88.87,-0.00,0.00,0.00,0.00,-0.00,0.00
43864.00,0.00,0.00,0.31,0.00,0.00,-0.92,0.00,0.00,27.06,-0.00,0.00,0.00,-0.00,0.00,0.00
43869.00,0.00,0.00,0.49,0.00,0.00,34.65,0.00,0.00,7114.01,-0.00,0.00,0.00,0.00,0.00,0.00
43875.00,0.00,0.00,0.28,0.00,0.00,-34.62,0.00,0.00,-11544.48,-0.00,0.00,0.00,0.00,-0.00,0.00
43883.00,0.00,0.00,0.27,0.00,0.00,-1.37,0.00,0.00,4155.86,-0.00,0.00,0.00,-0.00,-0.00,-0.00
43891.00,0.00,0.00,0.37,0.00,0.00,12.57,0.00,0.00,1742.43,-0.00,0.00,0.00,-0.00,0.00,0.00
43897.00,0.00,0.00,0.35,0.00,0.00,-2.25,0.00,0.00,-2470.62,-0.00,0.00,0.00,-0.00,0.00,0.00
43904.00,0.00,0.00,0.19,0.00,0.00,-22.87,0.00,0.00,-2945.29,-0.00,0.00,0.00,-0.00,-0.00,0.00
43913.00,0.00,0.00,0.35,0.00,0.00,17.54,0.00,0.00,4490.16,-0.00,0.00,0.00,0.00,0.00,0.00
43918.00,0.00,0.00,0.26,0.00,0.00,-17.98,0.00,0.00,-7104.66,-0.00,0.00,0.00,0.00,0.00,0.00
43929.00,0.00,0.00,0.37,0.00,0.00,10.21,0.00,0.00,2562.63,-0.00,0.00,0.00,-0.00,0.00,0.00
43936.00,0.00,0.00,0.37,0.00,0.00,-1.03,0.00,0.00,-1605.41,-0.00,0.00,0.00,-0.00,0.00,0.00
43944.00,0.00,0.00,0.36,0.00,0.00,-1.17,0.00,0.00,-17.54,-0.00,0.00,0.00,-0.00,0.00,0.00
43961.00,0.00,0.00,0.26,0.00,0.00,-5.46,0.00,0.00,-252.41,-0.00,0.00,0.00,0.00,0.00,-0.00
43966.00,0.00,0.00,0.35,0.00,0.00,16.89,0.00,0.00,4469.56,-0.00,0.00,0.00,0.00,0.00,-0.00
43973.00,0.00,0.00,0.25,0.00,0.00,-13.58,0.00,0.00,-4351.86,-0.00,0.00,0.00,-0.00,0.01,0.00
43981.00,0.00,0.00,0.33,0.00,0.00,9.03,0.00,0.00,2825.61,-0.00,0.00,0.00,0.00,0.00,0.00
43986.00,0.00,0.00,0.28,0.00,0.00,-9.65,0.00,0.00,-3735.34,-0.00,0.00,0.00,0.00,0.00,-0.00
43994.00,0.00,0.00,0.23,0.00,0.00,-6.50,0.00,0.00,393.34,-0.00,0.00,0.00,0.00,0.00,-0.00
44000.00,0.00,0.00,0.31,0.00,0.00,14.35,0.00,0.00,3475.73,-0.00,0.00,0.00,0.00,-0.00,-0.00
44011.00,0.00,0.00,0.31,0.00,0.00,0.08,0.00,0.00,-1297.51,-0.00,0.00,0.00,0.00,0.00,-0.00
44017.00,0.00,0.00,0.36,0.00,0.00,8.14,0.00,0.00,1342.70,-0.00,0.00,0.00,-0.00,-0.00,-0.00
44024.00,0.00,0.00,0.32,0.00,0.00,-5.66,0.00,0.00,-1970.28,-0.00,0.00,0.00,-0.00,-0.01,0.00
44032.00,0.00,0.00,0.31,0.00,0.00,-1.78,0.00,0.00,484.80,-0.00,0.00,0.00,0.00,0.00,0.00
44037.00,0.00,0.00,0.32,0.00,0.00,3.35,0.00,0.00,1026.22,-0.00,0.00,0.00,0.00,-0.00,0.00
44044.00,0.00,0.00,0.29,0.00,0.00,-5.39,0.00,0.00,-1249.06,-0.00,0.00,0.00,-0.00,-0.00,-0.00
44053.00,0.00,0.00,0.29,0.00,0.00,-0.12,0.00,0.00,585.25,-0.00,0.00,0.00,0.00,0.00,-0.00
44070.00,0.00,0.00,0.35,0.00,0.00,3.57,0.00,0.00,217.33,-0.00,0.00,0.00,0.00,0.00,0.00
44076.00,0.00,0.00,0.32,0.00,0.00,-5.23,0.00,0.00,-1467.15,-0.00,0.00,0.00,0.00,0.00,0.00
44083.00,0.00,0.00,0.21,0.00,0.00,-14.30,0.00,0.00,-1295.32,-0.00,0.00,0.00,0.00,-0.00,-0.00
44096.00,0.00,0.00,0.31,0.00,0.00,7.28,0.00,0.00,1659.86,-0.00,0.00,0.00,-0.00,-0.00,-0.00
44105.00,0.00,0.00,0.38,0.00,0.00,8.05,0.00,0.00,85.62,-0.00,0.00,0.00,-0.00,-0.00,-0.00
44113.00,0.00,0.00,0.33,0.00,0.00,-6.36,0.00,0.00,-1801.24,-0.00,0.00,0.00,0.00,0.00,0.00
44119.00,0.00,0.00,0.25,0.00,0.00,-13.27,0.00,0.00,-1151.32,-0.00,0.00,0.00,0.00,0.00,0.00
44125.00,0.00,0.00,0.34,0.00,0.00,15.28,0.00,0.00,4758.00,-0.00,0.00,0.00,-0.00,0.00,0.00
44134.00,0.00,0.00,0.36,0.00,0.00,1.80,0.00,0.00,-1498.09,-0.00,0.00,0.00,-0.00,-0.00,0.00
44141.00,0.00,0.00,0.36,0.00,0.00,0.35,0.00,0.00,-207.41,-0.00,0.00,0.00,-0.00,-0.00,-0.00
44147.00,0.00,0.00,0.26,0.00,0.00,-16.34,0.00,0.00,-2780.93,-0.00,0.00,0.00,-0.00,-0.00,-0.00
44154.00,0.00,0.00,0.33,0.00,0.00,9.38,0.00,0.00,3674.41,-0.00,0.00,0.00,-0.00,-0.00,0.00
44172.00,0.00,0.00,0.33,0.00,0.00,0.16,0.00,0.00,-512.42,-0.00,0.00,0.00,-0.00,0.00,-0.00
44183.00,0.00,0.00,0.34,0.00,0.00,0.52,0.00,0.00,33.03,-0.00,0.00,0.00,0.00,0.00,0.00
44191.00,0.00,0.00,0.41,0.00,0.00,8.60,0.00,0.00,1010.10,-0.00,0.00,0.00,-0.00,0.00,0.00
44196.00,0.00,0.00,0.41,0.00,0.00,1.06,0.00,0.00,-1509.25,-0.00,0.00,0.00,-0.00,0.00,0.00
44204.00,0.00,0.00,0.31,0.00,0.00,-13.17,0.00,0.00,-1778.42,-0.00,0.00,0.00,-0.00,0.00,-0.00
44210.00,0.00,0.00,0.33,0.00,0.00,3.78,0.00,0.00,2824.67,-0.00,0.00,0.00,0.00,0.00,0.00
44216.00,0.00,0.00,0.33,0.00,0.00,0.68,0.00,0.00,-516.43,-0.00,0.00,0.00,0.00,0.00,0.00
44222.00,0.00,0.00,0.37,0.00,0.00,5.67,0.00,0.00,832.19,-0.00,0.00,0.00,0.00,0.00,0.00
44228.00,0.00,0.00,0.33,0.00,0.00,-6.14,0.00,0.00,-1968.70,-0.00,0.00,0.00,-0.00,-0.00,0.00
44235.00,0.00,0.00,0.40,0.00,0.00,9.28,0.00,0.00,2203.44,-0.00,0.00,0.00,-0.00,-0.00,0.00
44244.00,0.00,0.00,0.33,0.00,0.00,-7.20,0.00,0.00,-1831.38,-0.00,0.00,0.00,-0.00,0.00,-0.00
44256.00,0.00,0.00,0.30,0.00,0.00,-2.64,0.00,0.00,380.28,-0.00,0.00,0.00,-0.00,0.00,0.00
44274.00,0.00,0.00,0.27,0.00,0.00,-1.50,0.00,0.00,63.10,-0.00,0.00,0.00,-0.00,0.00,0.00
44283.00,0.00,0.00,0.32,0.00,0.00,5.18,0.00,0.00,742.08,-0.00,0.00,0.00,0.00,0.01,-0.00
44290.00,0.00,0.00,0.32,0.00,0.00,0.83,0.00,0.00,-620.47,-0.00,0.00,0.00,0.00,0.00,0.00
44296.00,0.00,0.00,0.35,0.00,0.00,3.57,0.00,0.00,455.30,-0.00,0.00,0.00,0.00,0.00,0.00
44304.00,0.00,0.00,0.34,0.00,0.00,-0.46,0.00,0.00,-503.02,-0.00,0.00,0.00,0.00,0.00,0.00
44312.00,0.00,0.00,0.37,0.00,0.00,3.23,0.00,0.00,461.23,-0.00,0.00,0.00,-0.00,0.00,0.00
44317.00,0.00,0.00,0.26,0.00,0.00,-20.93,0.00,0.00,-4832.07,-0.00,0.00,0.00,-0.00,0.00,0.00
44324.00,0.00,0.00,0.35,0.00,0.00,12.71,0.00,0.00,4805.82,-0.00,0.00,0.00,-0.00,-0.00,0.00
44333.00,0.00,0.00,0.35,0.00,0.00,-0.36,0.00,0.00,-1452.34,-0.00,0.00,0.00,0.00,-0.00,0.00
44343.00,0.00,0.00,0.40,0.00,0.00,4.89,0.00,0.00,524.58,-0.00,0.00,0.00,-0.00,0.00,0.00
44360.00,0.00,0.00,0.45,0.00,0.00,3.26,0.00,0.00,-95.71,-0.00,0.00,0.00,0.00,0.00,0.00
44366.00,0.00,0.00,0.42,0.00,0.00,-6.18,0.00,0.00,-1573.57,-0.00,0.00,0.00,0.00,0.00,0.00
44373.00,0.00,0.00,0.46,0.00,0.00,5.70,0.00,0.00,1697.76,-0.00,0.00,0.00,0.00,0.00,-0.00
44379.00,0.00,0.00,0.41,0.00,0.00,-7.58,0.00,0.00,-2213.17,-0.00,0.00,0.00,-0.00,0.00,0.00
44385.00,0.00,0.00,0.35,0.00,0.00,-9.93,0.00,0.00,-392.46,-0.00,0.00,0.00,-0.00,0.00,0.00
44394.00,0.00,0.00,0.35,0.00,0.00,0.36,0.00,0.00,1143.76,-0.00,0.00,0.00,-0.00,0.00,0.00
44402.00,0.00,0.00,0.37,0.00,0.00,1.33,0.00,0.00,120.59,-0.00,0.00,0.00,-0.00,-0.00,0.00
44407.00,0.00,0.00,0.36,0.00,0.00,-0.12,0.00,0.00,-288.86,-0.00,0.00,0.00,-0.00,-0.00,0.00
44415.00,0.00,0.00,0.38,0.00,0.00,1.49,0.00,0.00,200.43,-0.00,0.00,0.00,0.00,0.00,0.00
44430.00,0.00,0.00,0.36,0.00,0.00,-0.85,0.00,0.00,-155.90,-0.00,0.00,0.00,0.00,0.00,0.00
44437.00,0.00,0.00,0.38,0.00,0.00,1.67,0.00,0.00,359.57,-0.00,0.00,0.00,0.00,-0.00,0.00
44444.00,0.00,0.00,0.45,0.00,0.00,10.32,0.00,0.00,1235.82,-0.00,0.00,0.00,0.00,-0.00,0.00
44462.00,0.00,0.00,0.42,0.00,0.00,-1.31,0.00,0.00,-646.17,-0.00,0.00,0.00,0.00,0.00,0.00
44468.00,0.00,0.00,0.31,0.00,0.00,-19.81,0.00,0.00,-3083.37,-0.00,0.00,0.00,0.00,0.00,0.00
44475.00,0.00,0.00,0.35,0.00,0.00,7.06,0.00,0.00,3839.11,-0.00,0.00,0.00,0.00,0.00,0.00
44483.00,0.00,0.00,0.31,0.00,0.00,-5.18,0.00,0.00,-1530.28,-0.00,0.00,0.00,0.00,-0.00,0.00
44489.00,0.00,0.00,0.30,0.00,0.00,-1.47,0.00,0.00,619.61,-0.00,0.00,0.00,0.00,-0.00,0.00
44496.00,0.00,0.00,0.35,0.00,0.00,6.83,0.00,0.00,1185.81,-0.00,0.00,0.00,0.00,0.00,0.00
44504.00,0.00,0.00,0.38,0.00,0.00,2.96,0.00,0.00,-484.45,-0.00,0.00,0.00,0.00,0.00,0.00
44516.00,0.00,0.00,0.40,0.00,0.00,1.86,0.00,0.00,-91.70,-0.00,0.00,0.00,0.00,-0.00,-0.00
44523.00,0.00,0.00,0.31,0.00,0.00,-13.13,0.00,0.00,-2141.60,-0.00,0.00,0.00,0.00,-0.00,0.00
44527.00,0.00,0.00,0.31,0.00,0.00,0.00,0.00,0.00,3283.05,-0.00,0.00,0.00,0.00,-0.00,0.00
44533.00,0.00,0.00,0.33,0.00,0.00,4.40,0.00,0.00,732.53,-0.00,0.00,0.00,0.00,-0.00,0.00
44538.00,0.00,0.00,0.24,0.00,0.00,-17.80,0.00,0.00,-4438.35,-0.00,0.00,0.00,0.00,-0.00,0.00
44545.00,0.00,0.00,0.34,0.00,0.00,13.46,0.00,0.00,4465.05,-0.00,0.00,0.00,0.00,0.00,-0.00
44554.00,0.00,0.00,0.34,0.00,0.00,0.11,0.00,0.00,-1482.83,-0.00,0.00,0.00,0.00,0.00,-0.00
44571.00,0.00,0.00,0.35,0.00,0.00,0.58,0.00,0.00,27.17,-0.00,0.00,0.00,0.00,-0.00,0.00
44576.00,0.00,0.00,0.35,0.00,0.00,0.00,0.00,0.00,-115.05,-0.00,0.00,0.00,0.00,-0.00,0.00
44579.00,0.00,0.00,0.35,0.00,0.00,0.00,0.00,0.00,0.00,-0.00,0.00,0.00,0.00,-0.00,0.00
44588.00,0.00,0.00,0.34,0.00,0.00,-1.23,0.00,0.00,-137.17,-0.00,0.00,0.00,0.00,0.00,-0.00
44596.00,0.00,0.00,0.34,0.00,0.00,-0.24,0.00,0.00,124.40,-0.00,0.00,0.00,0.00,0.00,0.00
44604.00,0.00,0.00,0.35,0.00,0.00,1.90,0.00,0.00,268.01,-0.00,0.00,0.00,-0.00,-0.00,-0.00
44612.00,0.00,0.00,0.26,0.00,0.00,-10.88,0.00,0.00,-1597.53,-0.00,0.00,0.00,0.00,-0.00,0.00
44617.00,0.00,0.00,0.28,0.00,0.00,3.09,0.00,0.00,2792.32,-0.00,0.00,0.00,0.00,-0.00,0.00
44623.00,0.00,0.00,0.25,0.00,0.00,-4.27,0.00,0.00,-1225.41,-0.00,0.00,0.00,-0.00,-0.00,-0.00
44628.00,0.00,0.00,0.41,0.00,0.00,32.17,0.00,0.00,7287.17,-0.00,0.00,0.00,-0.00,-0.00,-0.00
44636.00,0.00,0.00,0.34,0.00,0.00,-9.79,0.00,0.00,-5245.41,-0.00,0.00,0.00,-0.00,0.00,0.00
44644.00,0.00,0.00,0.30,0.00,0.00,-4.98,0.00,0.00,602.26,-0.00,0.00,0.00,0.00,0.00,0.00
44661.00,0.00,0.00,0.35,0.00,0.00,3.08,0.00,0.00,474.15,-0.00,0.00,0.00,0.00,0.00,-0.00
44672.00,0.00,0.00,0.41,0.00,0.00,5.91,0.00,0.00,257.04,-0.00,0.00,0.00,0.00,-0.00,-0.00
44678.00,0.00,0.00,0.35,0.00,0.00,-11.26,0.00,0.00,-2862.10,-0.00,0.00,0.00,0.00,-0.00,-0.00
44685.00,0.00,0.00,0.34,0.00,0.00,-0.86,0.00,0.00,1485.58,-0.00,0.00,0.00,0.00,-0.00,0.00
44694.00,0.00,0.00,0.39,0.00,0.00,5.05,0.00,0.00,656.46,-0.00,0.00,0.00,-0.00,-0.00,0.00
44700.00,0.00,0.00,0.33,0.00,0.00,-9.60,0.00,0.00,-2441.45,-0.00,0.00,0.00,-0.00,-0.00,-0.00
44707.00,0.00,0.00,0.34,0.00,0.00,1.08,0.00,0.00,1526.23,-0.00,0.00,0.00,0.00,-0.00,-0.00
44715.00,0.00,0.00,0.33,0.00,0.00,-0.47,0.00,0.00,-193.94,-0.00,0.00,0.00,0.00,0.00,-0.00
44720.00,0.00,0.00,0.38,0.00,0.00,8.76,0.00,0.00,1846.48,-0.00,0.00,0.00,0.00,-0.00,-0.00
44726.00,0.00,0.00,0.31,0.00,0.00,-11.46,0.00,0.00,-3369.82,-0.00,0.00,0.00,0.00,-0.00,-0.00
44735.00,0.00,0.00,0.38,0.00,0.00,8.33,0.00,0.00,2198.64,-0.00,0.00,0.00,0.00,0.00,0.00
44747.00,0.00,0.00,0.33,0.00,0.00,-4.62,0.00,0.00,-1079.23,-0.00,0.00,0.00,0.00,0.00,-0.00
44765.00,0.00,0.00,0.31,0.00,0.00,-0.72,0.00,0.00,216.55,-0.00,0.00,0.00,0.00,-0.01,0.00
44771.00,0.00,0.00,0.43,0.00,0.00,19.75,0.00,0.00,3412.18,-0.00,0.00,0.00,0.00,-0.00,-0.00
44777.00,0.00,0.00,0.38,0.00,0.00,-9.24,0.00,0.00,-4832.56,-0.00,0.00,0.00,0.00,-0.00,-0.00
44785.00,0.00,0.00,0.40,0.00,0.00,2.65,0.00,0.00,1486.19,-0.00,0.00,0.00,0.00,0.00,-0.00
44793.00,0.00,0.00,0.35,0.00,0.00,-6.35,0.00,0.00,-1124.65,-0.00,0.00,0.00,0.00,0.00,0.00
44799.00,0.00,0.00,0.33,0.00,0.00,-3.16,0.00,0.00,532.49,-0.00,0.00,0.00,0.00,-0.00,0.00
44806.00,0.00,0.00,0.25,0.00,0.00,-11.73,0.00,0.00,-1224.41,-0.00,0.00,0.00,0.00,-0.00,0.00
44814.00,0.00,0.00,0.30,0.00,0.00,6.81,0.00,0.00,2317.37,-0.00,0.00,0.00,-0.00,-0.00,-0.00
44820.00,0.00,0.00,0.33,0.00,0.00,5.53,0.00,0.00,-212.91,-0.00,0.00,0.00,0.00,0.00,0.00
44831.00,0.00,0.00,0.34,0.00,0.00,0.15,0.00,0.00,-489.69,-0.00,0.00,0.00,0.00,0.00,0.00
44838.00,0.00,0.00,0.34,0.00,0.00,0.99,0.00,0.00,120.07,-0.00,0.00,0.00,0.00,-0.00,0.00
44845.00,0.00,0.00,0.33,0.00,0.00,-1.42,0.00,0.00,-343.37,-0.00,0.00,0.00,0.00,-0.00,0.00
44852.00,0.00,0.00,0.33,0.00,0.00,0.00,0.00,0.00,202.20,-0.00,0.00,0.00,-0.00,-0.00,0.00
44856.00,0.00,0.00,0.37,0.00,0.00,8.42,0.00,0.00,2104.91,-0.00,0.00,0.00,-0.00,-0.00,0.00
44875.00,0.00,0.00,0.30,0.00,0.00,-3.24,0.00,0.00,-613.72,-0.00,0.00,0.00,-0.00,0.00,0.00
44882.00,0.00,0.00,0.34,0.00,0.00,5.49,0.00,0.00,1247.98,-0.00,0.00,0.00,-0.00,-0.00,0.00
44887.00,0.00,0.00,0.31,0.00,0.00,-5.91,0.00,0.00,-2280.68,-0.00,0.00,0.00,-0.00,-0.00,0.00
44896.00,0.00,0.00,0.35,0.00,0.00,3.59,0.00,0.00,1054.92,-0.00,0.00,0.00,0.00,0.00,0.00
44904.00,0.00,0.00,0.33,0.00,0.00,-2.52,0.00,0.00,-763.80,-0.00,0.00,0.00,0.00,-0.00,-0.00
44915.00,0.00,0.00,0.33,0.00,0.00,0.09,0.00,0.00,237.59,-0.00,0.00,0.00,0.00,-0.00,0.00
44921.00,0.00,0.00,0.29,0.00,0.00,-6.71,0.00,0.00,-1133.05,-0.00,0.00,0.00,0.00,0.00,0.00
44927.00,0.00,0.00,0.25,0.00,0.00,-5.48,0.00,0.00,204.28,-0.00,0.00,0.00,0.00,0.00,0.00
44935.00,0.00,0.00,0.32,0.00,0.00,8.88,0.00,0.00,1795.55,-0.00,0.00,0.00,-0.00,0.00,0.00
44943.00,0.00,0.00,0.31,0.00,0.00,-2.07,0.00,0.00,-1369.17,-0.00,0.00,0.00,0.00,0.00,-0.00
44949.00,0.00,0.00,0.24,0.00,0.00,-11.35,0.00,0.00,-1546.93,-0.00,0.00,0.00,0.00,0.00,-0.00
44956.00,0.00,0.00,0.32,0.00,0.00,11.23,0.00,0.00,3226.87,-0.00,0.00,0.00,-0.00,-0.00,-0.00
44974.00,0.00,0.00,0.37,0.00,0.00,2.95,0.00,0.00,-459.97,-0.00,0.00,0.00,0.00,-0.00,-0.00
44980.00,0.00,0.00,0.31,0.00,0.00,-9.86,0.00,0.00,-2135.03,-0.00,0.00,0.00,0.00,-0.00,0.00
44986.00,0.00,0.00,0.36,0.00,0.00,7.76,0.00,0.00,2936.58,-0.00,0.00,0.00,0.00,0.00,0.00
45000.00,0.00,0.00,0.38,0.00,0.00,1.65,0.00,0.00,-436.38,-0.00,0.00,0.00,0.00,0.00,-0.00
45007.00,0.00,0.00,0.31,0.00,0.00,-10.55,0.00,0.00,-1743.75,-0.00,0.00,0.00,0.00,0.00,-0.00
45016.00,0.00,0.00,0.27,0.00,0.00,-3.68,0.00,0.00,763.12,-0.00,0.00,0.00,0.00,0.00,0.00
45021.00,0.00,0.00,0.34,0.00,0.00,12.72,0.00,0.00,3280.35,-0.00,0.00,0.00,-0.00,0.00,0.00
45027.00,0.00,0.00,0.31,0.00,0.00,-5.51,0.00,0.00,-3037.62,-0.00,0.00,0.00,-0.00,0.00,0.00
45036.00,0.00,0.00,0.39,0.00,0.00,9.81,0.00,0.00,1702.07,-0.00,0.00,0.00,-0.00,0.00,0.00
45043.00,0.00,0.00,0.32,0.00,0.00,-10.45,0.00,0.00,-2893.69,-0.00,0.00,0.00,0.00,0.00,-0.00
45049.00,0.00,0.00,0.33,0.00,0.00,0.88,0.00,0.00,1887.24,-0.00,0.00,0.00,0.00,0.00,-0.00
45056.00,0.00,0.00,0.35,0.00,0.00,3.87,0.00,0.00,427.79,-0.00,0.00,0.00,0.00,0.00,0.00
45075.00,0.00,0.00,0.35,0.00,0.00,-0.05,0.00,0.00,-206.26,-0.00,0.00,0.00,0.00,0.00,0.00
45087.00,0.00,0.00,0.36,0.00,0.00,0.86,0.00,0.00,75.26,-0.00,0.00,0.00,0.00,-0.00,0.00
45096.00,0.00,0.00,0.38,0.00,0.00,1.71,0.00,0.00,95.05,-0.00,0.00,0.00,0.00,0.01,0.00
45105.00,0.00,0.00,0.29,0.00,0.00,-9.33,0.00,0.00,-1227.28,-0.00,0.00,0.00,0.00,0.00,-0.00
45111.00,0.00,0.00,0.39,0.00,0.00,15.39,0.00,0.00,4120.82,-0.00,0.00,0.00,-0.00,0.00,-0.00
45117.00,0.00,0.00,0.39,0.00,0.00,1.26,0.00,0.00,-2355.65,-0.00,0.00,0.00,-0.00,-0.00,-0.00
45123.00,0.00,0.00,0.42,0.00,0.00,4.62,0.00,0.00,559.56,-0.00,0.00,0.00,0.00,-0.00,0.00
45128.00,0.00,0.00,0.25,0.00,0.00,-33.75,0.00,0.00,-7673.90,-0.00,0.00,0.00,0.00,0.00,0.00
45136.00,0.00,0.00,0.36,0.00,0.00,12.92,0.00,0.00,5834.67,-0.00,0.00,0.00,0.00,0.00,0.00
45145.00,0.00,0.00,0.35,0.00,0.00,-0.68,0.00,0.00,-1511.29,-0.00,0.00,0.00,0.00,0.00,0.00
45161.00,0.00,0.00,0.34,0.00,0.00,-0.71,0.00,0.00,-2.07,-0.00,0.00,0.00,-0.00,0.00,-0.00
45177.00,0.00,0.00,0.28,0.00,0.00,-3.85,0.00,0.00,-195.87,-0.00,0.00,0.00,0.00,0.00,0.00
45186.00,0.00,0.00,0.35,0.00,0.00,8.49,0.00,0.00,1370.37,-0.00,0.00,0.00,-0.00,0.00,0.00
45195.00,0.00,0.00,0.28,0.00,0.00,-7.76,0.00,0.00,-1805.46,-0.00,0.00,0.00,0.00,0.00,0.00
45201.00,0.00,0.00,0.47,0.00,0.00,31.43,0.00,0.00,6531.11,-0.00,0.00,0.00,0.00,0.00,0.00
45207.00,0.00,0.00,0.34,0.00,0.00,-21.70,0.00,0.00,-8854.35,-0.00,0.00,0.00,0.00,0.00,0.00
45216.00,0.00,0.00,0.34,0.00,0.00,-0.71,0.00,0.00,2332.67,-0.00,0.00,0.00,0.00,0.00,0.00
45221.00,0.00,0.00,0.26,0.00,0.00,-15.38,0.00,0.00,-2934.57,-0.00,0.00,0.00,0.00,0.00,0.00
45228.00,0.00,0.00,0.40,0.00,0.00,19.70,0.00,0.00,5011.26,-0.00,0.00,0.00,0.00,0.00,0.00
45236.00,0.00,0.00,0.34,0.00,0.00,-7.40,0.00,0.00,-3388.00,-0.00,0.00,0.00,-0.00,0.00,-0.00
45243.00,0.00,0.00,0.33,0.00,0.00,-0.63,0.00,0.00,968.11,-0.00,0.00,0.00,-0.00,0.00,0.00
45253.00,0.00,0.00,0.30,0.00,0.00,-3.70,0.00,0.00,-307.04,-0.00,0.00,0.00,-0.00,-0.00,0.00
45269.00,0.00,0.00,0.36,0.00,0.00,4.30,0.00,0.00,499.76,-0.00,0.00,0.00,0.00,0.00,-0.00
45277.00,0.00,0.00,0.36,0.00,0.00,-0.47,0.00,0.00,-596.37,-0.00,0.00,0.00,0.00,0.00,-0.00
45285.00,0.00,0.00,0.35,0.00,0.00,-1.15,0.00,0.00,-84.07,-0.00,0.00,0.00,0.00,0.00,-0.00
45292.00,0.00,0.00,0.29,0.00,0.00,-8.31,0.00,0.00,-1023.13,-0.00,0.00,0.00,-0.00,0.00,-0.00
45298.00,0.00,0.00,0.37,0.00,0.00,12.34,0.00,0.00,3441.04,-0.00,0.00,0.00,-0.00,0.00,-0.00
45306.00,0.00,0.00,0.40,0.00,0.00,3.48,0.00,0.00,-1106.81,-0.00,0.00,0.00,0.00,0.00,-0.00
45314.00,0.00,0.00,0.30,0.00,0.00,-11.63,0.00,0.00,-1889.64,-0.00,0.00,0.00,0.00,0.00,0.00
45320.00,0.00,0.00,0.36,0.00,0.00,9.01,0.00,0.00,3440.32,-0.00,0.00,0.00,0.00,0.00,-0.00
45326.00,0.00,0.00,0.29,0.00,0.00,-11.84,0.00,0.00,-3474.24,-0.00,0.00,0.00,0.00,0.00,-0.00
45339.00,0.00,0.00,0.44,0.00,0.00,11.57,0.00,0.00,1800.60,-0.00,0.00,0.00,-0.00,-0.00,0.00
45348.00,0.00,0.00,0.35,0.00,0.00,-9.72,0.00,0.00,-2365.51,-0.00,0.00,0.00,0.00,-0.00,0.00
45356.00,0.00,0.00,0.35,0.00,0.00,-0.39,0.00,0.00,1166.54,-0.00,0.00,0.00,0.00,0.00,0.00
45373.00,0.00,0.00,0.35,0.00,0.00,0.46,0.00,0.00,50.05,-0.00,0.00,0.00,0.00,0.00,0.00
45379.00,0.00,0.00,0.31,0.00,0.00,-7.36,0.00,0.00,-1304.04,-0.00,0.00,0.00,0.00,0.00,0.00
45386.00,0.00,0.00,0.31,0.00,0.00,0.80,0.00,0.00,1166.14,-0.00,0.00,0.00,-0.00,0.00,0.00
45394.00,0.00,0.00,0.37,0.00,0.00,6.52,0.00,0.00,714.63,-0.00,0.00,0.00,-0.00,-0.00,0.00
45400.00,0.00,0.00,0.29,0.00,0.00,-12.08,0.00,0.00,-3099.65,-0.00,0.00,0.00,-0.00,-0.00,0.00
45407.00,0.00,0.00,0.32,0.00,0.00,4.30,0.00,0.00,2339.40,-0.00,0.00,0.00,0.00,-0.00,0.00
45416.00,0.00,0.00,0.47,0.00,0.00,16.67,0.00,0.00,1374.51,-0.00,0.00,0.00,0.00,-0.00,-0.00
45426.00,0.00,0.00,0.37,0.00,0.00,-9.96,0.00,0.00,-2662.63,-0.00,0.00,0.00,0.00,0.00,-0.00
45435.00,0.00,0.00,0.33,0.00,0.00,-5.30,0.00,0.00,517.98,-0.00,0.00,0.00,0.00,-0.00,0.00
45440.00,0.00,0.00,0.31,0.00,0.00,-3.34,0.00,0.00,390.79,-0.00,0.00,0.00,-0.00,0.00,0.00
45448.00,0.00,0.00,0.36,0.00,0.00,6.02,0.00,0.00,1170.38,-0.00,0.00,0.00,-0.00,0.00,0.00
45456.00,0.00,0.00,0.34,0.00,0.00,-2.31,0.00,0.00,-1041.11,-0.00,0.00,0.00,0.00,-0.00,0.00
45473.00,0.00,0.00,0.36,0.00,0.00,1.10,0.00,0.00,200.62,-0.00,0.00,0.00,0.00,-0.01,0.00
45479.00,0.00,0.00,0.37,0.00,0.00,1.17,0.00,0.00,11.70,-0.00,0.00,0.00,0.00,-0.00,0.00
45486.00,0.00,0.00,0.33,0.00,0.00,-5.40,0.00,0.00,-939.52,-0.00,0.00,0.00,0.00,-0.00,0.00
45494.00,0.00,0.00,0.30,0.00,0.00,-3.87,0.00,0.00,191.40,-0.00,0.00,0.00,0.00,-0.00,0.00
45500.00,0.00,0.00,0.38,0.00,0.00,14.45,0.00,0.00,3054.18,-0.00,0.00,0.00,0.00,-0.00,0.00
45517.00,0.00,0.00,0.34,0.00,0.00,-2.84,0.00,0.00,-1017.16,-0.00,0.00,0.00,0.00,0.00,0.00
45523.00,0.00,0.00,0.32,0.00,0.00,-3.40,0.00,0.00,-92.99,-0.00,0.00,0.00,0.00,-0.00,0.00
45528.00,0.00,0.00,0.35,0.00,0.00,6.14,0.00,0.00,1907.47,-0.00,0.00,0.00,0.00,-0.00,0.00
45537.00,0.00,0.00,0.35,0.00,0.00,0.61,0.00,0.00,-614.28,-0.00,0.00,0.00,-0.00,-0.00,0.00
45545.00,0.00,0.00,0.30,0.00,0.00,-7.03,0.00,0.00,-954.74,-0.00,0.00,0.00,0.00,0.00,-0.00
45560.00,0.00,0.00,0.40,0.00,0.00,6.87,0.00,0.00,926.62,-0.00,0.00,0.00,0.00,-0.00,-0.00
45568.00,0.00,0.00,0.30,0.00,0.00,-12.04,0.00,0.00,-2364.04,-0.00,0.00,0.00,0.00,0.00,-0.00
45573.00,0.00,0.00,0.30,0.00,0.00,-0.33,0.00,0.00,2342.03,-0.00,0.00,0.00,0.00,0.00,0.00
45576.00,0.00,0.00,0.36,0.00,0.00,20.32,0.00,0.00,6882.51,-0.00,0.00,0.00,0.00,-0.00,-0.00
45582.00,0.00,0.00,0.36,0.00,0.00,-0.97,0.00,0.00,-3547.82,-0.00,0.00,0.00,-0.00,-0.00,-0.00
45593.00,0.00,0.00,0.35,0.00,0.00,-0.47,0.00,0.00,45.72,-0.00,0.00,0.00,0.00,-0.00,0.00
45599.00,0.00,0.00,0.31,0.00,0.00,-7.10,0.00,0.00,-1106.43,-0.00,0.00,0.00,0.00,-0.00,0.00
45607.00,0.00,0.00,0.34,0.00,0.00,3.82,0.00,0.00,1365.46,-0.00,0.00,0.00,0.00,0.00,0.00
45615.00,0.00,0.00,0.34,0.00,0.00,0.04,0.00,0.00,-472.60,-0.00,0.00,0.00,0.00,0.00,-0.00
45620.00,0.00,0.00,0.36,0.00,0.00,4.31,0.00,0.00,854.61,-0.00,0.00,0.00,0.00,0.00,-0.00
45627.00,0.00,0.00,0.29,0.00,0.00,-10.49,0.00,0.00,-2114.50,-0.00,0.00,0.00,0.00,0.00,0.00
45636.00,0.00,0.00,0.34,0.00,0.00,5.78,0.00,0.00,1807.86,-0.00,0.00,0.00,-0.00,0.00,-0.00
45643.00,0.00,0.00,0.38,0.00,0.00,6.45,0.00,0.00,95.78,-0.00,0.00,0.00,0.00,0.00,-0.00
45648.00,0.00,0.00,0.29,0.00,0.00,-19.04,0.00,0.00,-5098.59,-0.00,0.00,0.00,0.00,0.00,-0.00
45667.00,0.00,0.00,0.30,0.00,0.00,0.47,0.00,0.00,1027.02,-0.00,0.00,0.00,0.00,0.00,0.00
45675.00,0.00,0.00,0.23,0.00,0.00,-8.27,0.00,0.00,-1093.20,-0.00,0.00,0.00,0.00,-0.00,0.00
45681.00,0.00,0.00,0.28,0.00,0.00,7.42,0.00,0.00,2615.93,-0.00,0.00,0.00,0.00,-0.00,-0.00
45688.00,0.00,0.00,0.32,0.00,0.00,5.75,0.00,0.00,-238.25,-0.00,0.00,0.00,0.00,-0.00,-0.00
45695.00,0.00,0.00,0.32,0.00,0.00,0.00,0.00,0.00,-822.11,-0.00,0.00,0.00,0.00,0.00,0.00
45698.00,0.00,0.00,0.38,0.00,0.00,22.15,0.00,0.00,7382.59,-0.00,0.00,0.00,0.00,0.00,0.00
45707.00,0.00,0.00,0.35,0.00,0.00,-3.29,0.00,0.00,-2826.30,-0.00,0.00,0.00,-0.00,0.00,-0.00
45715.00,0.00,0.00,0.31,0.00,0.00,-5.38,0.00,0.00,-261.86,-0.00,0.00,0.00,-0.00,-0.00,0.00
45721.00,0.00,0.00,0.38,0.00,0.00,11.19,0.00,0.00,2762.56,-0.00,0.00,0.00,-0.00,-0.00,0.00
45727.00,0.00,0.00,0.38,0.00,0.00,0.00,0.00,0.00,-1865.25,-0.00,0.00,0.00,0.00,-0.00,0.00
45729.00,0.00,0.00,0.39,0.00,0.00,7.19,0.00,0.00,3596.67,-0.00,0.00,0.00,0.00,-0.00,-0.00
45742.00,0.00,0.00,0.31,0.00,0.00,-6.60,0.00,0.00,-1060.82,-0.00,0.00,0.00,-0.00,0.00,-0.00
45749.00,0.00,0.00,0.46,0.00,0.00,21.32,0.00,0.00,3988.62,-0.00,0.00,0.00,0.00,0.00,-0.00
45757.00,0.00,0.00,0.41,0.00,0.00,-5.62,0.00,0.00,-3368.00,-0.00,0.00,0.00,0.00,-0.00,0.00
45775.00,0.00,0.00,0.32,0.00,0.00,-4.81,0.00,0.00,44.95,-0.00,0.00,0.00,0.00,0.00,0.00
45780.00,0.00,0.00,0.33,0.00,0.00,0.41,0.00,0.00,1043.56,-0.00,0.00,0.00,-0.00,0.00,-0.00
45787.00,0.00,0.00,0.38,0.00,0.00,7.33,0.00,0.00,989.82,-0.00,0.00,0.00,-0.00,0.00,-0.00
45795.00,0.00,0.00,0.37,0.00,0.00,-1.51,0.00,0.00,-1105.83,-0.00,0.00,0.00,0.00,0.00,0.00
45800.00,0.00,0.00,0.28,0.00,0.00,-16.42,0.00,0.00,-2981.37,-0.00,0.00,0.00,-0.00,0.00,0.00
45808.00,0.00,0.00,0.48,0.00,0.00,25.13,0.00,0.00,5193.96,-0.00,0.00,0.00,-0.00,0.00,0.00
45816.00,0.00,0.00,0.40,0.00,0.00,-10.99,0.00,0.00,-4515.49,-0.00,0.00,0.00,-0.00,-0.00,0.00
45827.00,0.00,0.00,0.35,0.00,0.00,-4.61,0.00,0.00,580.21,-0.00,0.00,0.00,-0.00,0.00,-0.00
45836.00,0.00,0.00,0.41,0.00,0.00,7.05,0.00,0.00,1295.21,-0.00,0.00,0.00,-0.00,-0.00,-0.00
45842.00,0.00,0.00,0.39,0.00,0.00,-3.55,0.00,0.00,-1765.74,-0.00,0.00,0.00,-0.00,-0.00,-0.00
45848.00,0.00,0.00,0.35,0.00,0.00,-6.54,0.00,0.00,-498.87,-0.00,0.00,0.00,-0.00,0.00,-0.00
45857.00,0.00,0.00,0.28,0.00,0.00,-7.16,0.00,0.00,-68.86,-0.00,0.00,0.00,0.00,0.00,0.00
45874.00,0.00,0.00,0.28,0.00,0.00,0.04,0.00,0.00,423.73,-0.00,0.00,0.00,0.00,-0.00,-0.00
45880.00,0.00,0.00,0.36,0.00,0.00,12.39,0.00,0.00,2057.44,-0.00,0.00,0.00,0.00,-0.00,-0.00
45887.00,0.00,0.00,0.40,0.00,0.00,6.15,0.00,0.00,-890.81,-0.00,0.00,0.00,0.00,-0.00,0.00
45895.00,0.00,0.00,0.35,0.00,0.00,-6.43,0.00,0.00,-1572.98,-0.00,0.00,0.00,-0.00,-0.01,-0.00
45900.00,0.00,0.00,0.30,0.00,0.00,-10.10,0.00,0.00,-733.02,-0.00,0.00,0.00,0.00,-0.00,-0.00
45917.00,0.00,0.00,0.29,0.00,0.00,-0.62,0.00,0.00,557.17,-0.00,0.00,0.00,-0.00,-0.00,-0.00
45924.00,0.00,0.00,0.39,0.00,0.00,14.35,0.00,0.00,2139.79,-0.00,0.00,0.00,0.00,0.00,0.00
45929.00,0.00,0.00,0.30,0.00,0.00,-18.77,0.00,0.00,-6624.48,-0.00,0.00,0.00,0.00,0.00,0.00
45937.00,0.00,0.00,0.32,0.00,0.00,2.66,0.00,0.00,2678.08,-0.00,0.00,0.00,0.00,0.00,-0.00
45945.00,0.00,0.00,0.39,0.00,0.00,9.64,0.00,0.00,872.90,-0.00,0.00,0.00,0.00,0.00,-0.00
45960.00,0.00,0.00,0.32,0.00,0.00,-4.88,0.00,0.00,-968.35,-0.00,0.00,0.00,-0.00,0.00,0.00
45968.00,0.00,0.00,0.35,0.00,0.00,3.59,0.00,0.00,1059.00,-0.00,0.00,0.00,0.00,0.00,0.00
45973.00,0.00,0.00,0.35,0.00,0.00,-0.38,0.00,0.00,-792.87,-0.00,0.00,0.00,-0.00,-0.00,0.00
45979.00,0.00,0.00,0.33,0.00,0.00,-3.63,0.00,0.00,-542.70,-0.00,0.00,0.00,-0.00,-0.01,0.00
45987.00,0.00,0.00,0.35,0.00,0.00,3.12,0.00,0.00,844.17,-0.00,0.00,0.00,0.00,-0.00,0.00
46000.00,0.00,0.00,0.39,0.00,0.00,3.10,0.00,0.00,-1.60,-0.00,0.00,0.00,-0.00,-0.00,-0.00
46008.00,0.00,0.00,0.38,0.00,0.00,-1.23,0.00,0.00,-540.60,-0.00,0.00,0.00,-0.00,-0.00,0.00
46017.00,0.00,0.00,0.38,0.00,0.00,-0.63,0.00,0.00,66.34,-0.00,0.00,0.00,0.00,-0.00,0.00
46022.00,0.00,0.00,0.38,0.00,0.00,0.00,0.00,0.00,125.73,-0.00,0.00,0.00,0.00,-0.00,0.00
46025.00,0.00,0.00,0.38,0.00,0.00,0.77,0.00,0.00,257.59,-0.00,0.00,0.00,0.00,0.00,-0.00
46031.00,0.00,0.00,0.29,0.00,0.00,-15.40,0.00,0.00,-2695.21,-0.00,0.00,0.00,-0.00,0.00,-0.00
46038.00,0.00,0.00,0.40,0.00,0.00,16.89,0.00,0.00,4613.23,-0.00,0.00,0.00,-0.00,-0.00,-0.00
46047.00,0.00,0.00,0.30,0.00,0.00,-12.11,0.00,0.00,-3222.27,-0.00,0.00,0.00,0.00,-0.00,-0.00
46063.00,0.00,0.00,0.29,0.00,0.00,-0.03,0.00,0.00,754.81,-0.00,0.00,0.00,0.00,-0.00,0.00
46070.00,0.00,0.00,0.32,0.00,0.00,3.35,0.00,0.00,482.13,-0.00,0.00,0.00,0.00,-0.00,0.00
46078.00,0.00,0.00,0.32,0.00,0.00,0.00,0.00,0.00,-418.19,-0.00,0.00,0.00,-0.00,-0.00,0.00
46083.00,0.00,0.00,0.20,0.00,0.00,-23.25,0.00,0.00,-4650.69,-0.00,0.00,0.00,-0.00,-0.00,0.00
46089.00,0.00,0.00,0.39,0.00,0.00,30.56,0.00,0.00,8969.13,-0.00,0.00,0.00,-0.00,-0.00,0.00
46097.00,0.00,0.00,0.33,0.00,0.00,-6.57,0.00,0.00,-4642.00,-0.00,0.00,0.00,0.00,-0.00,0.00
46105.00,0.00,0.00,0.34,0.00,0.00,1.39,0.00,0.00,995.53,-0.00,0.00,0.00,0.00,-0.00,-0.00
46111.00,0.00,0.00,0.36,0.00,0.00,3.33,0.00,0.00,322.61,-0.00,0.00,0.00,-0.00,-0.00,-0.00
46118.00,0.00,0.00,0.26,0.00,0.00,-14.43,0.00,0.00,-2536.16,-0.00,0.00,0.00,-0.00,-0.00,0.00
46124.00,0.00,0.00,0.42,0.00,0.00,26.97,0.00,0.00,6898.95,-0.00,0.00,0.00,0.00,0.00,-0.00
46129.00,0.00,0.00,0.30,0.00,0.00,-24.37,0.00,0.00,-10266.26,-0.00,0.00,0.00,0.00,0.00,-0.00
46138.00,0.00,0.00,0.30,0.00,0.00,-0.39,0.00,0.00,2663.68,-0.00,0.00,0.00,0.00,-0.00,0.00
46150.00,0.00,0.00,0.28,0.00,0.00,-1.44,0.00,0.00,-87.09,-0.00,0.00,0.00,0.00,0.00,0.00
46168.00,0.00,0.00,0.24,0.00,0.00,-2.39,0.00,0.00,-52.81,-0.00,0.00,0.00,0.00,0.00,0.00
46174.00,0.00,0.00,0.38,0.00,0.00,24.06,0.00,0.00,4408.82,-0.00,0.00,0.00,-0.00,-0.00,0.00
46179.00,0.00,0.00,0.31,0.00,0.00,-15.59,0.00,0.00,-7930.45,-0.00,0.00,0.00,-0.00,-0.00,0.00
46188.00,0.00,0.00,0.50,0.00,0.00,21.95,0.00,0.00,4170.31,-0.00,0.00,0.00,-0.00,0.00,0.00
46196.00,0.00,0.00,0.45,0.00,0.00,-7.12,0.00,0.00,-3633.65,-0.00,0.00,0.00,-0.00,-0.00,-0.00
46202.00,0.00,0.00,0.25,0.00,0.00,-32.58,0.00,0.00,-4242.83,-0.00,0.00,0.00,-0.00,-0.00,-0.00
46209.00,0.00,0.00,0.33,0.00,0.00,10.76,0.00,0.00,6191.99,-0.00,0.00,0.00,-0.00,-0.00,0.00
46218.00,0.00,0.00,0.50,0.00,0.00,19.22,0.00,0.00,940.04,-0.00,0.00,0.00,0.00,-0.00,-0.00
46223.00,0.00,0.00,0.36,0.00,0.00,-27.08,0.00,0.00,-9261.68,-0.00,0.00,0.00,0.00,-0.00,0.00
46234.00,0.00,0.00,0.29,0.00,0.00,-6.71,0.00,0.00,1852.11,-0.00,0.00,0.00,-0.00,0.00,0.00
46241.00,0.00,0.00,0.35,0.00,0.00,8.93,0.00,0.00,2234.54,-0.00,0.00,0.00,0.00,0.00,-0.00
46248.00,0.00,0.00,0.42,0.00,0.00,9.06,0.00,0.00,19.24,-0.00,0.00,0.00,0.00,0.00,-0.00
46255.00,0.00,0.00,0.36,0.00,0.00,-8.63,0.00,0.00,-2527.73,-0.00,0.00,0.00,0.00,0.00,0.00
46261.00,0.00,0.00,0.32,0.00,0.00,-5.48,0.00,0.00,524.80,-0.00,0.00,0.00,0.00,0.00,0.00
46278.00,0.00,0.00,0.33,0.00,0.00,0.22,0.00,0.00,335.50,-0.00,0.00,0.00,-0.00,0.00,0.00
46287.00,0.00,0.00,0.34,0.00,0.00,1.87,0.00,0.00,183.11,-0.00,0.00,0.00,-0.00,0.01,-0.00
46295.00,0.00,0.00,0.35,0.00,0.00,1.34,0.00,0.00,-65.91,-0.00,0.00,0.00,-0.00,0.00,0.00
46300.00,0.00,0.00,0.40,0.00,0.00,10.03,0.00,0.00,1737.25,-0.00,0.00,0.00,-0.00,0.00,0.00
46308.00,0.00,0.00,0.35,0.00,0.00,-6.13,0.00,0.00,-2020.56,-0.00,0.00,0.00,0.00,-0.00,0.00
46321.00,0.00,0.00,0.43,0.00,0.00,5.62,0.00,0.00,904.38,-0.00,0.00,0.00,-0.00,-0.00,0.00
46328.00,0.00,0.00,0.30,0.00,0.00,-18.78,0.00,0.00,-3486.46,-0.00,0.00,0.00,-0.00,0.00,-0.00
46337.00,0.00,0.00,0.32,0.00,0.00,2.19,0.00,0.00,2330.86,-0.00,0.00,0.00,0.00,0.00,0.00
46344.00,0.00,0.00,0.37,0.00,0.00,8.42,0.00,0.00,889.50,-0.00,0.00,0.00,-0.00,0.00,0.00
46349.00,0.00,0.00,0.29,0.00,0.00,-17.57,0.00,0.00,-5198.63,-0.00,0.00,0.00,-0.00,0.00,0.00
46368.00,0.00,0.00,0.34,0.00,0.00,2.99,0.00,0.00,1082.24,-0.00,0.00,0.00,0.00,0.00,0.00
46373.00,0.00,0.00,0.22,0.00,0.00,-23.82,0.00,0.00,-5362.34,-0.00,0.00,0.00,0.00,-0.00,0.00
46379.00,0.00,0.00,0.30,0.00,0.00,12.19,0.00,0.00,6001.68,-0.00,0.00,0.00,0.00,-0.00,0.00
46388.00,0.00,0.00,0.23,0.00,0.00,-7.55,0.00,0.00,-2193.50,-0.00,0.00,0.00,-0.00,-0.00,0.00
46396.00,0.00,0.00,0.34,0.00,0.00,13.73,0.00,0.00,2660.14,-0.00,0.00,0.00,-0.00,0.00,0.00
46406.00,0.00,0.00,0.39,0.00,0.00,5.16,0.00,0.00,-857.08,-0.00,0.00,0.00,0.00,0.01,-0.00
46412.00,0.00,0.00,0.32,0.00,0.00,-12.28,0.00,0.00,-2906.94,-0.00,0.00,0.00,-0.00,0.00,0.00
46419.00,0.00,0.00,0.41,0.00,0.00,12.88,0.00,0.00,3594.63,-0.00,0.00,0.00,-0.00,0.00,0.00
46425.00,0.00,0.00,0.27,0.00,0.00,-22.69,0.00,0.00,-5927.91,-0.00,0.00,0.00,0.00,-0.00,0.00
46430.00,0.00,0.00,0.26,0.00,0.00,-2.54,0.00,0.00,4029.16,-0.00,0.00,0.00,0.00,-0.00,0.00
46438.00,0.00,0.00,0.34,0.00,0.00,10.11,0.00,0.00,1581.41,-0.00,0.00,0.00,-0.00,0.00,-0.00
46447.00,0.00,0.00,0.39,0.00,0.00,5.82,0.00,0.00,-476.46,-0.00,0.00,0.00,0.00,0.00,0.00
46462.00,0.00,0.00,0.42,0.00,0.00,1.78,0.00,0.00,-269.62,-0.00,0.00,0.00,-0.00,0.00,0.00
46469.00,0.00,0.00,0.33,0.00,0.00,-12.50,0.00,0.00,-2039.14,-0.00,0.00,0.00,-0.00,0.00,-0.00
46475.00,0.00,0.00,0.44,0.00,0.00,18.65,0.00,0.00,5191.73,-0.00,0.00,0.00,-0.00,-0.00,-0.00
46485.00,0.00,0.00,0.36,0.00,0.00,-7.90,0.00,0.00,-2655.25,-0.00,0.00,0.00,-0.00,0.00,0.00
46492.00,0.00,0.00,0.43,0.00,0.00,10.00,0.00,0.00,2556.89,-0.00,0.00,0.00,-0.00,0.00,0.00
46499.00,0.00,0.00,0.37,0.00,0.00,-9.05,0.00,0.00,-2720.43,-0.00,0.00,0.00,-0.00,-0.00,0.00
46508.00,0.00,0.00,0.33,0.00,0.00,-4.79,0.00,0.00,472.88,-0.00,0.00,0.00,0.00,-0.01,0.00
46516.00,0.00,0.00,0.33,0.00,0.00,-0.26,0.00,0.00,566.64,-0.00,0.00,0.00,-0.00,0.00,0.00
46521.00,0.00,0.00,0.36,0.00,0.00,6.38,0.00,0.00,1326.79,-0.00,0.00,0.00,-0.00,0.00,0.00
46528.00,0.00,0.00,0.33,0.00,0.00,-3.34,0.00,0.00,-1388.46,-0.00,0.00,0.00,0.00,0.00,0.00
46536.00,0.00,0.00,0.30,0.00,0.00,-4.86,0.00,0.00,-190.26,-0.00,0.00,0.00,0.00,-0.00,-0.00
46541.00,0.00,0.00,0.31,0.00,0.00,3.56,0.00,0.00,1685.23,-0.00,0.00,0.00,0.00,-0.00,-0.00
46549.00,0.00,0.00,0.34,0.00,0.00,3.90,0.00,0.00,42.41,-0.00,0.00,0.00,0.00,-0.00,0.00
46562.00,0.00,0.00,0.32,0.00,0.00,-2.10,0.00,0.00,-461.41,-0.00,0.00,0.00,0.00,-0.00,0.00
46580.00,0.00,0.00,0.33,0.00,0.00,0.98,0.00,0.00,170.72,-0.00,0.00,0.00,0.00,-0.00,0.00
46588.00,0.00,0.00,0.33,0.00,0.00,0.00,0.00,0.00,-122.09,-0.00,0.00,0.00,-0.00,0.00,0.00
46591.00,0.00,0.00,0.38,0.00,0.00,16.12,0.00,0.00,5374.27,-0.00,0.00,0.00,-0.00,0.00,0.00
46599.00,0.00,0.00,0.46,0.00,0.00,9.13,0.00,0.00,-874.08,-0.00,0.00,0.00,0.00,0.00,0.00
46607.00,0.00,0.00,0.36,0.00,0.00,-12.28,0.00,0.00,-2676.66,-0.00,0.00,0.00,-0.00,0.00,-0.00
46613.00,0.00,0.00,0.36,0.00,0.00,0.98,0.00,0.00,2209.69,-0.00,0.00,0.00,-0.00,0.00,0.00
46620.00,0.00,0.00,0.39,0.00,0.00,3.39,0.00,0.00,344.68,-0.00,0.00,0.00,0.00,0.00,0.00
46625.00,0.00,0.00,0.27,0.00,0.00,-22.98,0.00,0.00,-5272.75,-0.00,0.00,0.00,0.00,-0.00,-0.00
46630.00,0.00,0.00,0.30,0.00,0.00,4.70,0.00,0.00,5536.13,-0.00,0.00,0.00,0.00,-0.00,-0.00
46649.00,0.00,0.00,0.39,0.00,0.00,4.84,0.00,0.00,7.21,-0.00,0.00,0.00,0.00,0.00,-0.00
46667.00,0.00,0.00,0.34,0.00,0.00,-2.70,0.00,0.00,-418.73,-0.00,0.00,0.00,0.00,0.00,0.00
46673.00,0.00,0.00,0.30,0.00,0.00,-6.04,0.00,0.00,-557.54,-0.00,0.00,0.00,0.00,-0.00,0.00
46679.00,0.00,0.00,0.35,0.00,0.00,7.77,0.00,0.00,2302.42,-0.00,0.00,0.00,0.00,-0.00,0.00
46688.00,0.00,0.00,0.33,0.00,0.00,-2.64,0.00,0.00,-1157.45,-0.00,0.00,0.00,0.00,0.00,0.00
46696.00,0.00,0.00,0.41,0.00,0.00,10.42,0.00,0.00,1633.44,-0.00,0.00,0.00,0.00,0.00,-0.00
46701.00,0.00,0.00,0.23,0.00,0.00,-35.31,0.00,0.00,-9146.96,-0.00,0.00,0.00,0.00,0.00,-0.00
46709.00,0.00,0.00,0.47,0.00,0.00,29.72,0.00,0.00,8128.61,-0.00,0.00,0.00,0.00,0.00,-0.00
46717.00,0.00,0.00,0.29,0.00,0.00,-22.19,0.00,0.00,-6488.40,-0.00,0.00,0.00,-0.00,-0.00,0.00
46722.00,0.00,0.00,0.28,0.00,0.00,-1.99,0.00,0.00,4038.95,-0.00,0.00,0.00,-0.00,-0.00,0.00
46734.00,0.00,0.00,0.42,0.00,0.00,11.63,0.00,0.00,1135.40,-0.00,0.00,0.00,-0.00,-0.00,0.00
46741.00,0.00,0.00,0.39,0.00,0.00,-4.58,0.00,0.00,-2316.45,-0.00,0.00,0.00,0.00,-0.00,-0.00
46749.00,0.00,0.00,0.32,0.00,0.00,-9.17,0.00,0.00,-572.92,-0.00,0.00,0.00,0.00,0.00,-0.00
46767.00,0.00,0.00,0.33,0.00,0.00,0.57,0.00,0.00,540.75,-0.00,0.00,0.00,0.00,0.00,-0.00
46772.00,0.00,0.00,0.30,0.00,0.00,-5.70,0.00,0.00,-1252.73,-0.00,0.00,0.00,0.00,0.00,-0.00
46779.00,0.00,0.00,0.31,0.00,0.00,1.01,0.00,0.00,958.95,-0.00,0.00,0.00,0.00,0.00,0.00
46788.00,0.00,0.00,0.28,0.00,0.00,-2.62,0.00,0.00,-403.40,-0.00,0.00,0.00,0.00,0.00,0.00
46795.00,0.00,0.00,0.34,0.00,0.00,7.54,0.00,0.00,1451.26,-0.00,0.00,0.00,0.00,0.00,0.00
46801.00,0.00,0.00,0.36,0.00,0.00,4.23,0.00,0.00,-551.57,-0.00,0.00,0.00,0.00,0.00,0.00
46809.00,0.00,0.00,0.34,0.00,0.00,-2.86,0.00,0.00,-886.99,-0.00,0.00,0.00,-0.00,0.00,0.00
46821.00,0.00,0.00,0.33,0.00,0.00,-0.87,0.00,0.00,165.83,-0.00,0.00,0.00,0.00,-0.00,-0.00
46829.00,0.00,0.00,0.40,0.00,0.00,8.54,0.00,0.00,1176.01,-0.00,0.00,0.00,0.00,0.00,0.00
46838.00,0.00,0.00,0.33,0.00,0.00,-7.12,0.00,0.00,-1739.54,-0.00,0.00,0.00,-0.00,-0.00,0.00
46844.00,0.00,0.00,0.32,0.00,0.00,-1.91,0.00,0.00,868.89,-0.00,0.00,0.00,0.00,-0.00,0.00
46850.00,0.00,0.00,0.28,0.00,0.00,-6.06,0.00,0.00,-692.74,-0.00,0.00,0.00,0.00,-0.00,0.00
46869.00,0.00,0.00,0.30,0.00,0.00,0.91,0.00,0.00,366.94,-0.00,0.00,0.00,0.00,-0.00,-0.00
46874.00,0.00,0.00,0.28,0.00,0.00,-4.53,0.00,0.00,-1086.69,-0.00,0.00,0.00,0.00,0.00,0.00
46880.00,0.00,0.00,0.42,0.00,0.00,24.11,0.00,0.00,4773.00,-0.00,0.00,0.00,0.00,0.00,0.00
46889.00,0.00,0.00,0.33,0.00,0.00,-10.63,0.00,0.00,-3859.79,-0.00,0.00,0.00,0.00,0.00,-0.00
46897.00,0.00,0.00,0.33,0.00,0.00,0.37,0.00,0.00,1373.78,-0.00,0.00,0.00,-0.00,0.00,-0.00
46907.00,0.00,0.00,0.39,0.00,0.00,6.40,0.00,0.00,603.83,-0.00,0.00,0.00,0.00,-0.00,0.00
46914.00,0.00,0.00,0.36,0.00,0.00,-4.50,0.00,0.00,-1558.12,-0.00,0.00,0.00,-0.00,0.00,0.00
46920.00,0.00,0.00,0.36,0.00,0.00,-0.35,0.00,0.00,692.19,-0.00,0.00,0.00,-0.00,0.00,0.00
46926.00,0.00,0.00,0.38,0.00,0.00,2.90,0.00,0.00,542.34,-0.00,0.00,0.00,-0.00,0.00,0.00
46931.00,0.00,0.00,0.37,0.00,0.00,-1.71,0.00,0.00,-923.28,-0.00,0.00,0.00,-0.00,0.00,0.00
46939.00,0.00,0.00,0.32,0.00,0.00,-5.86,0.00,0.00,-517.98,-0.00,0.00,0.00,0.00,-0.00,0.00
46948.00,0.00,0.00,0.33,0.00,0.00,1.26,0.00,0.00,790.42,-0.00,0.00,0.00,0.00,-0.00,0.00
46963.00,0.00,0.00,0.39,0.00,0.00,3.82,0.00,0.00,170.62,-0.00,0.00,0.00,-0.00,-0.00,0.00
46970.00,0.00,0.00,0.31,0.00,0.00,-11.56,0.00,0.00,-2197.21,-0.00,0.00,0.00,0.00,0.00,0.00
46976.00,0.00,0.00,0.34,0.00,0.00,4.31,0.00,0.00,2646.14,-0.00,0.00,0.00,0.00,0.00,0.00
46986.00,0.00,0.00,0.41,0.00,0.00,7.10,0.00,0.00,278.34,-0.00,0.00,0.00,0.00,0.00,0.00
46993.00,0.00,0.00,0.35,0.00,0.00,-7.90,0.00,0.00,-2143.02,-0.00,0.00,0.00,0.00,0.00,0.00
47000.00,0.00,0.00,0.32,0.00,0.00,-4.00,0.00,0.00,558.16,-0.00,0.00,0.00,0.00,0.00,0.00
47008.00,0.00,0.00,0.42,0.00,0.00,12.56,0.00,0.00,2069.23,-0.00,0.00,0.00,0.00,0.00,0.00
47015.00,0.00,0.00,0.36,0.00,0.00,-8.90,0.00,0.00,-3065.58,-0.00,0.00,0.00,-0.00,-0.00,0.00
47021.00,0.00,0.00,0.39,0.00,0.00,3.94,0.00,0.00,2139.89,-0.00,0.00,0.00,-0.00,-0.00,0.00
47027.00,0.00,0.00,0.39,0.00,0.00,-0.01,0.00,0.00,-657.95,-0.00,0.00,0.00,-0.00,-0.00,0.00
47033.00,0.00,0.00,0.40,0.00,0.00,1.83,0.00,0.00,306.93,-0.00,0.00,0.00,0.00,-0.00,0.00
47040.00,0.00,0.00,0.36,0.00,0.00,-4.58,0.00,0.00,-915.21,-0.00,0.00,0.00,0.00,0.00,0.00
47049.00,0.00,0.00,0.34,0.00,0.00,-2.67,0.00,0.00,211.47,-0.00,0.00,0.00,0.00,0.00,0.00
47061.00,0.00,0.00,0.49,0.00,0.00,12.13,0.00,0.00,1233.44,-0.00,0.00,0.00,-0.00,-0.00,0.00
47080.00,0.00,0.00,0.42,0.00,0.00,-3.56,0.00,0.00,-825.68,-0.00,0.00,0.00,-0.00,-0.00,0.00
47089.00,0.00,0.00,0.42,0.00,0.00,0.60,0.00,0.00,461.79,-0.00,0.00,0.00,0.00,0.00,0.00
47096.00,0.00,0.00,0.41,0.00,0.00,-2.48,0.00,0.00,-439.77,-0.00,0.00,0.00,0.00,0.00,0.00
47102.00,0.00,0.00,0.35,0.00,0.00,-8.96,0.00,0.00,-1079.79,-0.00,0.00,0.00,0.00,0.00,0.00
47110.00,0.00,0.00,0.40,0.00,0.00,5.78,0.00,0.00,1842.12,-0.00,0.00,0.00,0.00,0.00,0.00
47118.00,0.00,0.00,0.42,0.00,0.00,2.02,0.00,0.00,-470.01,-0.00,0.00,0.00,0.00,-0.00,-0.00
47123.00,0.00,0.00,0.36,0.00,0.00,-11.99,0.00,0.00,-2801.13,-0.00,0.00,0.00,0.00,-0.00,-0.00
47130.00,0.00,0.00,0.31,0.00,0.00,-6.24,0.00,0.00,821.48,-0.00,0.00,0.00,-0.00,-0.00,0.00
47139.00,0.00,0.00,0.38,0.00,0.00,7.25,0.00,0.00,1498.47,-0.00,0.00,0.00,0.00,0.00,0.00
47151.00,0.00,0.00,0.26,0.00,0.00,-9.95,0.00,0.00,-1432.90,-0.00,0.00,0.00,-0.00,-0.00,0.00
47169.00,0.00,0.00,0.37,0.00,0.00,6.42,0.00,0.00,909.16,-0.00,0.00,0.00,-0.00,0.00,-0.00
47175.00,0.00,0.00,0.40,0.00,0.00,4.55,0.00,0.00,-310.52,-0.00,0.00,0.00,0.00,0.00,-0.00
47181.00,0.00,0.00,0.37,0.00,0.00,-4.75,0.00,0.00,-1549.92,-0.00,0.00,0.00,0.00,0.00,0.00
47190.00,0.00,0.00,0.35,0.00,0.00,-2.66,0.00,0.00,231.30,-0.00,0.00,0.00,0.00,-0.00,0.00
47197.00,0.00,0.00,0.50,0.00,0.00,21.44,0.00,0.00,3443.15,-0.00,0.00,0.00,0.00,-0.00,-0.00
47203.00,0.00,0.00,0.35,0.00,0.00,-24.36,0.00,0.00,-7633.10,-0.00,0.00,0.00,-0.00,-0.00,-0.00
47210.00,0.00,0.00,0.34,0.00,0.00,-2.18,0.00,0.00,3168.13,-0.00,0.00,0.00,-0.00,-0.00,0.00
47219.00,0.00,0.00,0.32,0.00,0.00,-2.15,0.00,0.00,3.35,-0.00,0.00,0.00,0.00,-0.00,0.00
47224.00,0.00,0.00,0.35,0.00,0.00,6.55,0.00,0.00,1739.99,-0.00,0.00,0.00,0.00,0.00,0.00
47236.00,0.00,0.00,0.34,0.00,0.00,-0.41,0.00,0.00,-579.80,-0.00,0.00,0.00,-0.00,0.00,0.00
47242.00,0.00,0.00,0.37,0.00,0.00,4.30,0.00,0.00,784.51,-0.00,0.00,0.00,-0.00,0.00,-0.00
47250.00,0.00,0.00,0.32,0.00,0.00,-6.87,0.00,0.00,-1395.23,-0.00,0.00,0.00,-0.00,0.00,-0.00
47268.00,0.00,0.00,0.31,0.00,0.00,-0.42,0.00,0.00,358.18,-0.00,0.00,0.00,0.00,0.01,0.00
47273.00,0.00,0.00,0.28,0.00,0.00,-5.47,0.00,0.00,-1010.72,-0.00,0.00,0.00,0.00,0.00,0.00
47280.00,0.00,0.00,0.37,0.00,0.00,12.48,0.00,0.00,2563.86,-0.00,0.00,0.00,0.00,-0.00,0.00
47289.00,0.00,0.00,0.33,0.00,0.00,-4.53,0.00,0.00,-1889.75,-0.00,0.00,0.00,0.00,0.00,0.00
47296.00,0.00,0.00,0.39,0.00,0.00,8.27,0.00,0.00,1829.52,-0.00,0.00,0.00,0.00,-0.00,-0.00
47302.00,0.00,0.00,0.33,0.00,0.00,-9.10,0.00,0.00,-2896.45,-0.00,0.00,0.00,0.00,-0.00,-0.00
47310.00,0.00,0.00,0.40,0.00,0.00,8.45,0.00,0.00,2194.11,-0.00,0.00,0.00,0.00,-0.00,0.00
47322.00,0.00,0.00,0.33,0.00,0.00,-6.00,0.00,0.00,-1204.23,-0.00,0.00,0.00,0.00,0.01,-0.00
47329.00,0.00,0.00,0.31,0.00,0.00,-2.09,0.00,0.00,559.13,-0.00,0.00,0.00,0.00,0.01,-0.00
47336.00,0.00,0.00,0.37,0.00,0.00,7.72,0.00,0.00,1401.16,-0.00,0.00,0.00,0.00,-0.00,0.00
47342.00,0.00,0.00,0.38,0.00,0.00,3.04,0.00,0.00,-780.22,-0.00,0.00,0.00,0.00,-0.00,0.00
47350.00,0.00,0.00,0.36,0.00,0.00,-2.51,0.00,0.00,-693.62,-0.00,0.00,0.00,0.00,-0.00,0.00
47367.00,0.00,0.00,0.39,0.00,0.00,1.43,0.00,0.00,231.63,-0.00,0.00,0.00,0.00,0.00,-0.00
47373.00,0.00,0.00,0.35,0.00,0.00,-6.28,0.00,0.00,-1284.70,-0.00,0.00,0.00,0.00,0.00,-0.00
47380.00,0.00,0.00,0.31,0.00,0.00,-5.44,0.00,0.00,120.49,-0.00,0.00,0.00,-0.00,0.00,0.00
47389.00,0.00,0.00,0.33,0.00,0.00,2.08,0.00,0.00,835.36,-0.00,0.00,0.00,0.00,0.00,0.00
47395.00,0.00,0.00,0.34,0.00,0.00,2.09,0.00,0.00,1.37,-0.00,0.00,0.00,0.00,0.00,-0.00
47411.00,0.00,0.00,0.42,0.00,0.00,4.53,0.00,0.00,152.41,-0.00,0.00,0.00,-0.00,0.00,-0.00
47420.00,0.00,0.00,0.51,0.00,0.00,10.18,0.00,0.00,628.62,-0.00,0.00,0.00,-0.00,-0.00,0.00
47425.00,0.00,0.00,0.37,0.00,0.00,-26.68,0.00,0.00,-7373.31,-0.00,0.00,0.00,0.00,-0.00,0.00
47432.00,0.00,0.00,0.34,0.00,0.00,-4.32,0.00,0.00,3194.79,-0.00,0.00,0.00,0.00,-0.00,0.00
47440.00,0.00,0.00,0.40,0.00,0.00,6.55,0.00,0.00,1358.15,-0.00,0.00,0.00,-0.00,0.00,-0.00
47448.00,0.00,0.00,0.43,0.00,0.00,4.00,0.00,0.00,-318.44,-0.00,0.00,0.00,-0.00,0.00,0.00
47453.00,0.00,0.00,0.37,0.00,0.00,-12.29,0.00,0.00,-3258.48,-0.00,0.00,0.00,-0.00,0.00,0.00
47470.00,0.00,0.00,0.32,0.00,0.00,-2.95,0.00,0.00,549.30,-0.00,0.00,0.00,0.00,0.00,-0.00
47476.00,0.00,0.00,0.37,0.00,0.00,8.86,0.00,0.00,1969.12,-0.00,0.00,0.00,0.00,0.00,-0.00
47482.00,0.00,0.00,0.30,0.00,0.00,-10.98,0.00,0.00,-3306.94,-0.00,0.00,0.00,0.00,0.00,-0.00
47495.00,0.00,0.00,0.37,0.00,0.00,5.20,0.00,0.00,1245.12,-0.00,0.00,0.00,-0.00,-0.00,0.00
47502.00,0.00,0.00,0.32,0.00,0.00,-7.10,0.00,0.00,-1757.54,-0.00,0.00,0.00,-0.00,0.00,0.00
47510.00,0.00,0.00,0.31,0.00,0.00,-1.62,0.00,0.00,684.95,-0.00,0.00,0.00,0.00,0.00,0.00
47518.00,0.00,0.00,0.37,0.00,0.00,7.56,0.00,0.00,1147.71,-0.00,0.00,0.00,-0.00,0.00,0.00
47523.00,0.00,0.00,0.30,0.00,0.00,-14.50,0.00,0.00,-4411.74,-0.00,0.00,0.00,-0.00,0.00,0.00
47530.00,0.00,0.00,0.34,0.00,0.00,6.82,0.00,0.00,3044.60,-0.00,0.00,0.00,-0.00,-0.00,0.00
47538.00,0.00,0.00,0.47,0.00,0.00,15.82,0.00,0.00,1125.60,-0.00,0.00,0.00,-0.00,-0.00,0.00
47544.00,0.00,0.00,0.43,0.00,0.00,-6.77,0.00,0.00,-3765.33,-0.00,0.00,0.00,-0.00,-0.00,0.00
47551.00,0.00,0.00,0.30,0.00,0.00,-18.11,0.00,0.00,-1619.70,-0.00,0.00,0.00,0.00,-0.00,0.00
47569.00,0.00,0.00,0.30,0.00,0.00,-0.18,0.00,0.00,995.90,-0.00,0.00,0.00,-0.00,0.00,0.00
47579.00,0.00,0.00,0.34,0.00,0.00,3.47,0.00,0.00,365.37,-0.00,0.00,0.00,0.00,0.00,0.00
47586.00,0.00,0.00,0.35,0.00,0.00,1.93,0.00,0.00,-220.92,-0.00,0.00,0.00,-0.00,-0.00,0.00
47592.00,0.00,0.00,0.34,0.00,0.00,-1.80,0.00,0.00,-621.14,-0.00,0.00,0.00,-0.00,-0.00,0.00
47600.00,0.00,0.00,0.41,0.00,0.00,8.90,0.00,0.00,1337.38,-0.00,0.00,0.00,-0.00,-0.00,0.00
47608.00,0.00,0.00,0.39,0.00,0.00,-2.62,0.00,0.00,-1439.31,-0.00,0.00,0.00,0.00,-0.00,-0.00
47614.00,0.00,0.00,0.32,0.00,0.00,-11.09,0.00,0.00,-1411.50,-0.00,0.00,0.00,-0.00,-0.00,-0.00
47621.00,0.00,0.00,0.37,0.00,0.00,7.18,0.00,0.00,2609.62,-0.00,0.00,0.00,-0.00,-0.00,0.00
47627.00,0.00,0.00,0.33,0.00,0.00,-6.86,0.00,0.00,-2339.66,-0.00,0.00,0.00,0.00,-0.00,0.00
47632.00,0.00,0.00,0.33,0.00,0.00,0.24,0.00,0.00,1418.47,-0.00,0.00,0.00,0.00,-0.00,0.00
47641.00,0.00,0.00,0.28,0.00,0.00,-5.30,0.00,0.00,-615.43,-0.00,0.00,0.00,0.00,0.00,-0.00
47653.00,0.00,0.00,0.31,0.00,0.00,2.18,0.00,0.00,623.29,-0.00,0.00,0.00,0.00,0.00,0.00
47671.00,0.00,0.00,0.42,0.00,0.00,6.36,0.00,0.00,232.55,-0.00,0.00,0.00,-0.00,0.00,0.00
47677.00,0.00,0.00,0.39,0.00,0.00,-5.45,0.00,0.00,-1969.01,-0.00,0.00,0.00,0.00,0.00,0.00
47682.00,0.00,0.00,0.38,0.00,0.00,-2.64,0.00,0.00,562.46,-0.00,0.00,0.00,0.00,0.00,0.00
47691.00,0.00,0.00,0.31,0.00,0.00,-7.70,0.00,0.00,-562.29,-0.00,0.00,0.00,-0.00,-0.00,-0.00
47699.00,0.00,0.00,0.45,0.00,0.00,17.51,0.00,0.00,3151.47,-0.00,0.00,0.00,0.00,-0.01,0.00
47705.00,0.00,0.00,0.37,0.00,0.00,-14.03,0.00,0.00,-5256.49,-0.00,0.00,0.00,0.00,-0.00,0.00
47711.00,0.00,0.00,0.37,0.00,0.00,1.14,0.00,0.00,2527.33,-0.00,0.00,0.00,0.00,0.00,0.00
47720.00,0.00,0.00,0.34,0.00,0.00,-3.61,0.00,0.00,-527.60,-0.00,0.00,0.00,-0.00,0.00,0.00
47726.00,0.00,0.00,0.26,0.00,0.00,-13.85,0.00,0.00,-1706.50,-0.00,0.00,0.00,-0.00,0.00,0.00
47737.00,0.00,0.00,0.43,0.00,0.00,16.01,0.00,0.00,2714.91,-0.00,0.00,0.00,-0.00,0.00,0.00
47743.00,0.00,0.00,0.41,0.00,0.00,-4.35,0.00,0.00,-3394.62,-0.00,0.00,0.00,-0.00,0.00,0.00
47751.00,0.00,0.00,0.41,0.00,0.00,0.10,0.00,0.00,557.39,-0.00,0.00,0.00,0.00,-0.00,0.00
47769.00,0.00,0.00,0.31,0.00,0.00,-5.52,0.00,0.00,-312.34,-0.00,0.00,0.00,-0.00,-0.00,0.00
47774.00,0.00,0.00,0.38,0.00,0.00,13.65,0.00,0.00,3832.72,-0.00,0.00,0.00,-0.00,-0.00,0.00
47781.00,0.00,0.00,0.39,0.00,0.00,2.02,0.00,0.00,-1661.32,-0.00,0.00,0.00,0.00,0.00,0.00
47790.00,0.00,0.00,0.37,0.00,0.00,-1.95,0.00,0.00,-441.00,-0.00,0.00,0.00,-0.00,0.00,-0.00
47794.00,0.00,0.00,0.32,0.00,0.00,-13.82,0.00,0.00,-2966.05,-0.00,0.00,0.00,-0.00,0.00,-0.00
47801.00,0.00,0.00,0.35,0.00,0.00,4.20,0.00,0.00,2573.32,-0.00,0.00,0.00,0.00,-0.00,0.00
47808.00,0.00,0.00,0.45,0.00,0.00,14.74,0.00,0.00,1505.93,-0.00,0.00,0.00,0.00,0.00,0.00
47819.00,0.00,0.00,0.42,0.00,0.00,-3.12,0.00,0.00,-1623.43,-0.00,0.00,0.00,-0.00,0.00,-0.00
47825.00,0.00,0.00,0.36,0.00,0.00,-8.76,0.00,0.00,-940.02,-0.00,0.00,0.00,-0.00,0.00,-0.00
47831.00,0.00,0.00,0.32,0.00,0.00,-6.93,0.00,0.00,305.22,-0.00,0.00,0.00,0.00,0.00,0.00
47840.00,0.00,0.00,0.31,0.00,0.00,-0.99,0.00,0.00,659.78,-0.00,0.00,0.00,0.00,-0.00,0.00
47847.00,0.00,0.00,0.47,0.00,0.00,22.96,0.00,0.00,3421.35,-0.00,0.00,0.00,-0.00,-0.00,0.00
47862.00,0.00,0.00,0.41,0.00,0.00,-4.05,0.00,0.00,-1800.30,-0.00,0.00,0.00,-0.00,-0.00,-0.00
47871.00,0.00,0.00,0.36,0.00,0.00,-5.78,0.00,0.00,-192.50,-0.00,0.00,0.00,-0.00,0.00,0.00
47876.00,0.00,0.00,0.36,0.00,0.00,0.08,0.00,0.00,1171.47,-0.00,0.00,0.00,0.00,0.00,-0.00
47883.00,0.00,0.00,0.33,0.00,0.00,-4.22,0.00,0.00,-613.65,-0.00,0.00,0.00,0.00,0.00,-0.00
47891.00,0.00,0.00,0.36,0.00,0.00,3.53,0.00,0.00,968.14,-0.00,0.00,0.00,0.00,-0.00,0.00
47903.00,0.00,0.00,0.37,0.00,0.00,0.97,0.00,0.00,-213.52,-0.00,0.00,0.00,0.00,0.00,-0.00
47912.00,0.00,0.00,0.30,0.00,0.00,-7.79,0.00,0.00,-973.04,-0.00,0.00,0.00,0.00,0.00,0.00
47920.00,0.00,0.00,0.45,0.00,0.00,18.61,0.00,0.00,3299.77,-0.00,0.00,0.00,0.00,-0.00,0.00
47926.00,0.00,0.00,0.44,0.00,0.00,-1.85,0.00,0.00,-3409.75,-0.00,0.00,0.00,0.00,0.00,-0.00
47932.00,0.00,0.00,0.35,0.00,0.00,-15.62,0.00,0.00,-2294.77,-0.00,0.00,0.00,0.00,0.00,-0.00
47941.00,0.00,0.00,0.46,0.00,0.00,13.10,0.00,0.00,3191.37,-0.00,0.00,0.00,-0.00,-0.00,0.00
47949.00,0.00,0.00,0.31,0.00,0.00,-18.64,0.00,0.00,-3968.01,-0.00,0.00,0.00,-0.00,0.00,0.00
47964.00,0.00,0.00,0.33,0.00,0.00,0.99,0.00,0.00,1308.99,-0.00,0.00,0.00,0.00,0.00,0.00
47972.00,0.00,0.00,0.39,0.00,0.00,7.51,0.00,0.00,814.20,-0.00,0.00,0.00,0.00,0.01,0.00
48098.00,0.00,0.00,0.35,0.00,0.00,-0.33,0.00,0.00,-62.22,-0.00,0.00,0.00,0.00,0.00,0.00
48117.00,0.00,0.00,0.39,0.00,0.00,1.97,0.00,0.00,121.09,-0.00,0.00,0.00,0.00,0.00,0.00
48124.00,0.00,0.00,0.38,0.00,0.00,-1.00,0.00,0.00,-424.53,-0.00,0.00,0.00,0.00,0.00,0.00
48131.00,0.00,0.00,0.34,0.00,0.00,-5.40,0.00,0.00,-628.27,-0.00,0.00,0.00,0.00,0.00,0.00
48138.00,0.00,0.00,0.33,0.00,0.00,-1.54,0.00,0.00,551.77,-0.00,0.00,0.00,-0.00,0.00,-0.00
48144.00,0.00,0.00,0.36,0.00,0.00,4.58,0.00,0.00,1019.70,-0.00,0.00,0.00,0.00,0.00,-0.00
48161.00,0.00,0.00,0.42,0.00,0.00,3.69,0.00,0.00,-52.56,-0.00,0.00,0.00,0.00,0.00,0.00
48169.00,0.00,0.00,0.37,0.00,0.00,-6.52,0.00,0.00,-1275.30,-0.00,0.00,0.00,0.00,0.00,-0.00
48175.00,0.00,0.00,0.43,0.00,0.00,10.03,0.00,0.00,2757.14,-0.00,0.00,0.00,-0.00,0.00,-0.00
48182.00,0.00,0.00,0.35,0.00,0.00,-10.91,0.00,0.00,-2990.93,-0.00,0.00,0.00,-0.00,0.00,0.00
48191.00,0.00,0.00,0.32,0.00,0.00,-3.87,0.00,0.00,782.53,-0.00,0.00,0.00,0.00,0.00,-0.00
48202.00,0.00,0.00,0.40,0.00,0.00,7.92,0.00,0.00,1071.86,-0.00,0.00,0.00,0.00,0.00,0.00
48207.00,0.00,0.00,0.41,0.00,0.00,0.83,0.00,0.00,-1418.34,-0.00,0.00,0.00,-0.00,-0.00,-0.00
48213.00,0.00,0.00,0.37,0.00,0.00,-6.54,0.00,0.00,-1228.55,-0.00,0.00,0.00,-0.00,-0.00,-0.00
48221.00,0.00,0.00,0.29,0.00,0.00,-9.65,0.00,0.00,-389.33,-0.00,0.00,0.00,0.00,-0.00,0.00
48227.00,0.00,0.00,0.34,0.00,0.00,8.50,0.00,0.00,3025.55,-0.00,0.00,0.00,0.00,-0.00,-0.00
48233.00,0.00,0.00,0.34,0.00,0.00,0.01,0.00,0.00,-1415.04,-0.00,0.00,0.00,0.00,0.00,-0.00
48242.00,0.00,0.00,0.28,0.00,0.00,-6.46,0.00,0.00,-719.09,-0.00,0.00,0.00,0.00,-0.00,-0.00
48249.00,0.00,0.00,0.36,0.00,0.00,11.20,0.00,0.00,2523.41,-0.00,0.00,0.00,-0.00,0.00,0.00
48265.00,0.00,0.00,0.36,0.00,0.00,-0.14,0.00,0.00,-708.59,-0.00,0.00,0.00,-0.00,0.00,0.00
48272.00,0.00,0.00,0.38,0.00,0.00,3.07,0.00,0.00,457.69,-0.00,0.00,0.00,-0.00,0.00,0.00
48296.00,0.00,0.00,0.37,0.00,0.00,-0.58,0.00,0.00,-151.76,-0.00,0.00,0.00,0.00,-0.00,-0.00
48303.00,0.00,0.00,0.32,0.00,0.00,-6.17,0.00,0.00,-799.53,-0.00,0.00,0.00,0.00,0.00,-0.00
48311.00,0.00,0.00,0.39,0.00,0.00,8.29,0.00,0.00,1808.20,-0.00,0.00,0.00,0.00,0.00,0.00
48318.00,0.00,0.00,0.39,0.00,0.00,-0.16,0.00,0.00,-1208.14,-0.00,0.00,0.00,-0.00,0.00,0.00
48324.00,0.00,0.00,0.25,0.00,0.00,-23.75,0.00,0.00,-3931.21,-0.00,0.00,0.00,-0.00,0.00,0.00
48330.00,0.00,0.00,0.34,0.00,0.00,16.10,0.00,0.00,6641.43,-0.00,0.00,0.00,-0.00,-0.00,0.00
48335.00,0.00,0.00,0.42,0.00,0.00,15.17,0.00,0.00,-185.83,-0.00,0.00,0.00,-0.00,-0.00,-0.00
48342.00,0.00,0.00,0.36,0.00,0.00,-8.81,0.00,0.00,-3424.85,-0.00,0.00,0.00,0.00,-0.00,-0.00
48351.00,0.00,0.00,0.39,0.00,0.00,3.49,0.00,0.00,1366.06,-0.00,0.00,0.00,0.00,-0.00,0.00
48368.00,0.00,0.00,0.36,0.00,0.00,-1.90,0.00,0.00,-317.13,-0.00,0.00,0.00,0.00,-0.00,0.00
48380.00,0.00,0.00,0.40,0.00,0.00,3.15,0.00,0.00,421.36,-0.00,0.00,0.00,-0.00,-0.00,0.00
48386.00,0.00,0.00,0.43,0.00,0.00,6.16,0.00,0.00,500.36,-0.00,0.00,0.00,-0.00,-0.00,-0.00
48393.00,0.00,0.00,0.40,0.00,0.00,-4.35,0.00,0.00,-1501.09,-0.00,0.00,0.00,0.00,0.00,-0.00
48402.00,0.00,0.00,0.31,0.00,0.00,-10.33,0.00,0.00,-664.48,-0.00,0.00,0.00,0.00,-0.00,0.00
48409.00,0.00,0.00,0.40,0.00,0.00,12.55,0.00,0.00,3268.40,-0.00,0.00,0.00,0.00,0.00,0.00
48415.00,0.00,0.00,0.39,0.00,0.00,-1.07,0.00,0.00,-2269.56,-0.00,0.00,0.00,0.00,0.00,0.00
48422.00,0.00,0.00,0.33,0.00,0.00,-8.75,0.00,0.00,-1096.86,-0.00,0.00,0.00,0.00,0.00,0.00
48428.00,0.00,0.00,0.32,0.00,0.00,-1.20,0.00,0.00,1257.82,-0.00,0.00,0.00,-0.00,0.00,0.00
48433.00,0.00,0.00,0.36,0.00,0.00,7.81,0.00,0.00,1802.42,-0.00,0.00,0.00,-0.00,0.00,0.00
48442.00,0.00,0.00,0.33,0.00,0.00,-3.46,0.00,0.00,-1252.05,-0.00,0.00,0.00,-0.00,-0.00,0.00
48455.00,0.00,0.00,0.44,0.00,0.00,8.73,0.00,0.00,937.46,-0.00,0.00,0.00,0.00,0.00,0.00
48473.00,0.00,0.00,0.30,0.00,0.00,-8.08,0.00,0.00,-934.11,-0.00,0.00,0.00,0.00,0.00,0.00
48479.00,0.00,0.00,0.38,0.00,0.00,13.72,0.00,0.00,3633.71,-0.00,0.00,0.00,0.00,0.00,0.00
48484.00,0.00,0.00,0.36,0.00,0.00,-3.97,0.00,0.00,-3537.06,-0.00,0.00,0.00,0.00,0.00,0.00
48492.00,0.00,0.00,0.40,0.00,0.00,4.89,0.00,0.00,1106.81,-0.00,0.00,0.00,-0.00,-0.00,0.00
48501.00,0.00,0.00,0.45,0.00,0.00,5.40,0.00,0.00,57.09,-0.00,0.00,0.00,0.00,0.00,-0.00
48507.00,0.00,0.00,0.36,0.00,0.00,-14.49,0.00,0.00,-3314.48,-0.00,0.00,0.00,-0.00,0.00,0.00
48513.00,0.00,0.00,0.38,0.00,0.00,2.40,0.00,0.00,2814.79,-0.00,0.00,0.00,-0.00,0.00,0.00
48522.00,0.00,0.00,0.37,0.00,0.00,-0.87,0.00,0.00,-363.74,-0.00,0.00,0.00,-0.00,-0.00,0.00
48527.00,0.00,0.00,0.29,0.00,0.00,-15.43,0.00,0.00,-2911.11,-0.00,0.00,0.00,0.00,-0.00,0.00
48539.00,0.00,0.00,0.34,0.00,0.00,4.41,0.00,0.00,1652.96,-0.00,0.00,0.00,-0.00,0.00,0.00
48545.00,0.00,0.00,0.31,0.00,0.00,-5.83,0.00,0.00,-1707.27,-0.00,0.00,0.00,-0.00,0.00,0.00
48552.00,0.00,0.00,0.36,0.00,0.00,6.72,0.00,0.00,1793.76,-0.00,0.00,0.00,-0.00,-0.00,0.00
48570.00,0.00,0.00,0.34,0.00,0.00,-0.63,0.00,0.00,-408.19,-0.00,0.00,0.00,0.00,-0.00,-0.00
48576.00,0.00,0.00,0.40,0.00,0.00,9.18,0.00,0.00,1634.66,-0.00,0.00,0.00,0.00,-0.00,-0.00
48583.00,0.00,0.00,0.45,0.00,0.00,7.26,0.00,0.00,-274.28,-0.00,0.00,0.00,0.00,0.00,0.00
48591.00,0.00,0.00,0.35,0.00,0.00,-12.56,0.00,0.00,-2477.55,-0.00,0.00,0.00,-0.00,-0.00,0.00
48598.00,0.00,0.00,0.38,0.00,0.00,4.72,0.00,0.00,2468.99,-0.00,0.00,0.00,-0.00,-0.00,0.00
48604.00,0.00,0.00,0.42,0.00,0.00,6.78,0.00,0.00,342.92,-0.00,0.00,0.00,-0.00,-0.00,-0.00
48612.00,0.00,0.00,0.29,0.00,0.00,-16.88,0.00,0.00,-2957.32,-0.00,0.00,0.00,-0.00,0.00,0.00
48625.00,0.00,0.00,0.29,0.00,0.00,0.26,0.00,0.00,1318.13,-0.00,0.00,0.00,0.00,0.00,-0.00
48633.00,0.00,0.00,0.36,0.00,0.00,8.03,0.00,0.00,970.90,-0.00,0.00,0.00,0.00,0.00,0.00
48641.00,0.00,0.00,0.35,0.00,0.00,-0.33,0.00,0.00,-1044.90,-0.00,0.00,0.00,0.00,0.00,-0.00
48648.00,0.00,0.00,0.43,0.00,0.00,10.69,0.00,0.00,1574.97,-0.00,0.00,0.00,0.00,0.00,0.00
48654.00,0.00,0.00,0.34,0.00,0.00,-14.14,0.00,0.00,-4138.55,-0.00,0.00,0.00,0.00,0.00,0.00
48672.00,0.00,0.00,0.40,0.00,0.00,3.32,0.00,0.00,969.99,-0.00,0.00,0.00,0.00,0.00,0.00
48677.00,0.00,0.00,0.41,0.00,0.00,1.27,0.00,0.00,-409.88,-0.00,0.00,0.00,-0.00,0.00,-0.00
48683.00,0.00,0.00,0.35,0.00,0.00,-9.34,0.00,0.00,-1768.00,-0.00,0.00,0.00,-0.00,0.00,-0.00
48692.00,0.00,0.00,0.32,0.00,0.00,-3.59,0.00,0.00,638.00,-0.00,0.00,0.00,-0.00,0.00,-0.00
48700.00,0.00,0.00,0.49,0.00,0.00,21.06,0.00,0.00,3081.31,-0.00,0.00,0.00,-0.00,-0.00,0.00
48710.00,0.00,0.00,0.39,0.00,0.00,-9.72,0.00,0.00,-3077.30,-0.00,0.00,0.00,0.00,-0.00,0.00
48717.00,0.00,0.00,0.31,0.00,0.00,-12.22,0.00,0.00,-357.75,-0.00,0.00,0.00,-0.00,-0.00,0.00
48723.00,0.00,0.00,0.40,0.00,0.00,15.73,0.00,0.00,4658.77,-0.00,0.00,0.00,-0.00,-0.00,0.00
48729.00,0.00,0.00,0.34,0.00,0.00,-10.85,0.00,0.00,-4430.83,-0.00,0.00,0.00,-0.00,0.00,0.00
48734.00,0.00,0.00,0.36,0.00,0.00,4.40,0.00,0.00,3051.12,-0.00,0.00,0.00,-0.00,0.00,0.00
48743.00,0.00,0.00,0.27,0.00,0.00,-10.08,0.00,0.00,-1608.74,-0.00,0.00,0.00,-0.00,0.00,0.00
48751.00,0.00,0.00,0.40,0.00,0.00,17.17,0.00,0.00,3405.81,-0.00,0.00,0.00,0.00,0.00,0.00
48766.00,0.00,0.00,0.40,0.00,0.00,-0.25,0.00,0.00,-1161.17,-0.00,0.00,0.00,0.00,0.00,-0.00
48774.00,0.00,0.00,0.35,0.00,0.00,-5.82,0.00,0.00,-696.82,-0.00,0.00,0.00,0.00,0.00,-0.00
48780.00,0.00,0.00,0.34,0.00,0.00,-3.18,0.00,0.00,440.84,-0.00,0.00,0.00,0.00,0.00,0.00
48790.00,0.00,0.00,0.36,0.00,0.00,2.05,0.00,0.00,523.00,-0.00,0.00,0.00,0.00,0.00,0.00
48797.00,0.00,0.00,0.39,0.00,0.00,5.19,0.00,0.00,448.38,-0.00,0.00,0.00,-0.00,-0.00,0.00
48803.00,0.00,0.00,0.50,0.00,0.00,17.41,0.00,0.00,2036.47,-0.00,0.00,0.00,-0.00,-0.00,0.00
48812.00,0.00,0.00,0.36,0.00,0.00,-15.57,0.00,0.00,-3664.12,-0.00,0.00,0.00,0.00,0.00,0.00
48820.00,0.00,0.00,0.36,0.00,0.00,0.42,0.00,0.00,1998.46,-0.00,0.00,0.00,-0.00,-0.00,-0.00
48825.00,0.00,0.00,0.28,0.00,0.00,-16.62,0.00,0.00,-3408.97,-0.00,0.00,0.00,-0.00,-0.00,-0.00
48832.00,0.00,0.00,0.37,0.00,0.00,13.49,0.00,0.00,4302.32,-0.00,0.00,0.00,-0.00,0.00,0.00
48839.00,0.00,0.00,0.37,0.00,0.00,-0.85,0.00,0.00,-2048.93,-0.00,0.00,0.00,0.00,-0.00,-0.00
48845.00,0.00,0.00,0.34,0.00,0.00,-3.71,0.00,0.00,-477.27,-0.00,0.00,0.00,0.00,-0.00,-0.00
48862.00,0.00,0.00,0.38,0.00,0.00,2.04,0.00,0.00,338.71,-0.00,0.00,0.00,-0.00,0.00,0.00
48875.00,0.00,0.00,0.30,0.00,0.00,-5.93,0.00,0.00,-613.54,-0.00,0.00,0.00,-0.00,0.00,-0.00
48884.00,0.00,0.00,0.48,0.00,0.00,19.68,0.00,0.00,2845.34,-0.00,0.00,0.00,0.00,0.00,-0.00
48892.00,0.00,0.00,0.38,0.00,0.00,-11.97,0.00,0.00,-3955.77,-0.00,0.00,0.00,-0.00,-0.00,0.00
48899.00,0.00,0.00,0.40,0.00,0.00,1.96,0.00,0.00,1989.98,-0.00,0.00,0.00,-0.00,-0.00,-0.00
48905.00,0.00,0.00,0.33,0.00,0.00,-11.25,0.00,0.00,-2202.27,-0.00,0.00,0.00,-0.00,-0.00,-0.00
48913.00,0.00,0.00,0.42,0.00,0.00,10.93,0.00,0.00,2773.13,-0.00,0.00,0.00,0.00,0.00,0.00
48921.00,0.00,0.00,0.39,0.00,0.00,-2.69,0.00,0.00,-1703.25,-0.00,0.00,0.00,-0.00,-0.00,0.00
48927.00,0.00,0.00,0.39,0.00,0.00,0.12,0.00,0.00,469.74,-0.00,0.00,0.00,0.00,-0.00,0.00
48934.00,0.00,0.00,0.36,0.00,0.00,-4.30,0.00,0.00,-631.48,-0.00,0.00,0.00,0.00,0.00,0.00
48943.00,0.00,0.00,0.40,0.00,0.00,4.19,0.00,0.00,942.98,-0.00,0.00,0.00,0.00,-0.00,0.00
48955.00,0.00,0.00,0.45,0.00,0.00,3.63,0.00,0.00,-46.76,-0.00,0.00,0.00,0.00,-0.00,-0.00
48973.00,0.00,0.00,0.41,0.00,0.00,-1.91,0.00,0.00,-307.75,-0.00,0.00,0.00,0.00,-0.00,0.00
48979.00,0.00,0.00,0.32,0.00,0.00,-14.66,0.00,0.00,-2125.06,-0.00,0.00,0.00,0.00,0.00,0.00
48985.00,0.00,0.00,0.31,0.00,0.00,-1.49,0.00,0.00,2194.75,-0.00,0.00,0.00,0.00,0.00,0.00
48993.00,0.00,0.00,0.33,0.00,0.00,2.17,0.00,0.00,457.66,-0.00,0.00,0.00,0.00,-0.00,0.00
49001.00,0.00,0.00,0.39,0.00,0.00,7.29,0.00,0.00,640.36,-0.00,0.00,0.00,0.00,-0.00,0.00
49007.00,0.00,0.00,0.38,0.00,0.00,-1.10,0.00,0.00,-1398.86,-0.00,0.00,0.00,0.00,-0.00,0.00
49014.00,0.00,0.00,0.28,0.00,0.00,-15.31,0.00,0.00,-2029.96,-0.00,0.00,0.00,0.00,-0.01,-0.00
49023.00,0.00,0.00,0.32,0.00,0.00,5.21,0.00,0.00,2279.99,-0.00,0.00,0.00,0.00,-0.00,0.00
49030.00,0.00,0.00,0.34,0.00,0.00,2.21,0.00,0.00,-428.33,-0.00,0.00,0.00,-0.00,-0.00,0.00
49047.00,0.00,0.00,0.36,0.00,0.00,1.25,0.00,0.00,-56.58,-0.00,0.00,0.00,0.00,-0.00,0.00
49064.00,0.00,0.00,0.30,0.00,0.00,-3.31,0.00,0.00,-268.41,-0.00,0.00,0.00,0.00,0.00,0.00
49073.00,0.00,0.00,0.42,0.00,0.00,13.03,0.00,0.00,1816.21,-0.00,0.00,0.00,0.00,0.00,-0.00
49078.00,0.00,0.00,0.37,0.00,0.00,-10.73,0.00,0.00,-4751.93,-0.00,0.00,0.00,0.00,0.00,-0.00
49085.00,0.00,0.00,0.34,0.00,0.00,-3.74,0.00,0.00,997.89,-0.00,0.00,0.00,0.00,0.00,-0.00
49093.00,0.00,0.00,0.33,0.00,0.00,-1.32,0.00,0.00,303.21,-0.00,0.00,0.00,-0.00,-0.00,-0.00
49101.00,0.00,0.00,0.39,0.00,0.00,7.56,0.00,0.00,1109.23,-0.00,0.00,0.00,-0.00,0.00,0.00
49106.00,0.00,0.00,0.34,0.00,0.00,-9.43,0.00,0.00,-3396.91,-0.00,0.00,0.00,-0.00,-0.00,0.00
49114.00,0.00,0.00,0.30,0.00,0.00,-5.48,0.00,0.00,493.12,-0.00,0.00,0.00,0.00,-0.00,-0.00
49122.00,0.00,0.00,0.32,0.00,0.00,2.65,0.00,0.00,1016.90,-0.00,0.00,0.00,0.00,0.00,0.00
49133.00,0.00,0.00,0.41,0.00,0.00,7.90,0.00,0.00,477.23,-0.00,0.00,0.00,0.00,0.00,0.00
49141.00,0.00,0.00,0.36,0.00,0.00,-6.45,0.00,0.00,-1794.30,-0.00,0.00,0.00,-0.00,0.00,0.00
49147.00,0.00,0.00,0.38,0.00,0.00,4.54,0.00,0.00,1831.52,-0.00,0.00,0.00,-0.00,0.00,0.00
49164.00,0.00,0.00,0.32,0.00,0.00,-3.95,0.00,0.00,-499.36,-0.00,0.00,0.00,0.00,0.00,0.00
49172.00,0.00,0.00,0.38,0.00,0.00,7.53,0.00,0.00,1435.47,-0.00,0.00,0.00,0.00,-0.00,0.00
49177.00,0.00,0.00,0.35,0.00,0.00,-4.77,0.00,0.00,-2459.39,-0.00,0.00,0.00,0.00,-0.00,0.00
49184.00,0.00,0.00,0.40,0.00,0.00,7.05,0.00,0.00,1687.46,-0.00,0.00,0.00,-0.00,-0.00,0.00
49193.00,0.00,0.00,0.40,0.00,0.00,-0.82,0.00,0.00,-874.17,-0.00,0.00,0.00,-0.00,0.00,0.00
49200.00,0.00,0.00,0.47,0.00,0.00,10.92,0.00,0.00,1677.97,-0.00,0.00,0.00,0.00,0.00,-0.00
49205.00,0.00,0.00,0.39,0.00,0.00,-16.47,0.00,0.00,-5478.88,-0.00,0.00,0.00,0.00,0.00,-0.00
49218.00,0.00,0.00,0.35,0.00,0.00,-2.81,0.00,0.00,1051.00,-0.00,0.00,0.00,0.00,0.00,-0.00
49226.00,0.00,0.00,0.44,0.00,0.00,11.14,0.00,0.00,1743.38,-0.00,0.00,0.00,0.00,0.00,-0.00
49232.00,0.00,0.00,0.41,0.00,0.00,-5.35,0.00,0.00,-2749.01,-0.00,0.00,0.00,-0.00,-0.00,0.00
49239.00,0.00,0.00,0.39,0.00,0.00,-2.61,0.00,0.00,392.14,-0.00,0.00,0.00,-0.00,-0.00,0.00
49245.00,0.00,0.00,0.34,0.00,0.00,-9.03,0.00,0.00,-1070.49,-0.00,0.00,0.00,-0.00,0.00,0.00
49263.00,0.00,0.00,0.46,0.00,0.00,6.82,0.00,0.00,880.39,-0.00,0.00,0.00,0.00,0.00,0.00
49271.00,0.00,0.00,0.27,0.00,0.00,-23.25,0.00,0.00,-3758.38,-0.00,0.00,0.00,0.00,0.00,0.00
49276.00,0.00,0.00,0.36,0.00,0.00,16.83,0.00,0.00,8016.07,-0.00,0.00,0.00,0.00,0.00,0.00
49283.00,0.00,0.00,0.25,0.00,0.00,-15.10,0.00,0.00,-4561.02,-0.00,0.00,0.00,0.00,-0.00,0.00
49291.00,0.00,0.00,0.35,0.00,0.00,12.48,0.00,0.00,3447.16,-0.00,0.00,0.00,0.00,0.00,0.00
49301.00,0.00,0.00,0.45,0.00,0.00,10.14,0.00,0.00,-233.58,-0.00,0.00,0.00,0.00,0.00,-0.00
49307.00,0.00,0.00,0.37,0.00,0.00,-14.51,0.00,0.00,-4109.22,-0.00,0.00,0.00,0.00,0.00,-0.00
49314.00,0.00,0.00,0.45,0.00,0.00,12.35,0.00,0.00,3837.78,-0.00,0.00,0.00,0.00,0.00,0.00
49323.00,0.00,0.00,0.38,0.00,0.00,-7.94,0.00,0.00,-2255.12,-0.00,0.00,0.00,0.00,0.00,0.00
49329.00,0.00,0.00,0.29,0.00,0.00,-14.82,0.00,0.00,-1145.38,-0.00,0.00,0.00,0.00,-0.00,0.00
49335.00,0.00,0.00,0.32,0.00,0.00,5.12,0.00,0.00,3321.92,-0.00,0.00,0.00,0.00,-0.00,0.00
49341.00,0.00,0.00,0.32,0.00,0.00,0.00,0.00,0.00,-852.56,-0.00,0.00,0.00,0.00,-0.00,0.00
49345.00,0.00,0.00,0.38,0.00,0.00,14.64,0.00,0.00,3659.29,-0.00,0.00,0.00,-0.00,-0.00,0.00
49353.00,0.00,0.00,0.32,0.00,0.00,-7.28,0.00,0.00,-2739.82,-0.00,0.00,0.00,0.00,-0.00,0.00
49370.00,0.00,0.00,0.42,0.00,0.00,5.82,0.00,0.00,770.79,-0.00,0.00,0.00,-0.00,0.00,0.00
49381.00,0.00,0.00,0.28,0.00,0.00,-13.28,0.00,0.00,-1736.84,-0.00,0.00,0.00,0.00,-0.00,0.00
49387.00,0.00,0.00,0.34,0.00,0.00,11.39,0.00,0.00,4112.63,-0.00,0.00,0.00,0.00,-0.00,0.00
49394.00,0.00,0.00,0.33,0.00,0.00,-1.84,0.00,0.00,-1889.81,-0.00,0.00,0.00,0.00,-0.00,0.00
49403.00,0.00,0.00,0.35,0.00,0.00,1.93,0.00,0.00,418.53,-0.00,0.00,0.00,0.00,0.01,0.00
49410.00,0.00,0.00,0.38,0.00,0.00,4.95,0.00,0.00,431.19,-0.00,0.00,0.00,-0.00,0.00,0.00
49416.00,0.00,0.00,0.44,0.00,0.00,8.58,0.00,0.00,605.26,-0.00,0.00,0.00,-0.00,0.00,0.00
49424.00,0.00,0.00,0.34,0.00,0.00,-11.55,0.00,0.00,-2516.29,-0.00,0.00,0.00,-0.00,-0.00,0.00
49429.00,0.00,0.00,0.38,0.00,0.00,7.51,0.00,0.00,3812.00,-0.00,0.00,0.00,0.00,0.00,0.00
49435.00,0.00,0.00,0.39,0.00,0.00,2.21,0.00,0.00,-883.24,-0.00,0.00,0.00,0.00,0.00,0.00
49444.00,0.00,0.00,0.43,0.00,0.00,3.71,0.00,0.00,167.09,-0.00,0.00,0.00,-0.00,-0.00,0.00
49456.00,0.00,0.00,0.36,0.00,0.00,-5.57,0.00,0.00,-773.60,-0.00,0.00,0.00,0.00,-0.00,0.00
49474.00,0.00,0.00,0.36,0.00,0.00,0.13,0.00,0.00,316.61,-0.00,0.00,0.00,0.00,0.00,0.00
49480.00,0.00,0.00,0.32,0.00,0.00,-7.58,0.00,0.00,-1285.63,-0.00,0.00,0.00,0.00,-0.00,0.00
49485.00,0.00,0.00,0.47,0.00,0.00,30.39,0.00,0.00,7594.50,-0.00,0.00,0.00,0.00,-0.00,0.00
49494.00,0.00,0.00,0.38,0.00,0.00,-10.37,0.00,0.00,-4529.23,-0.00,0.00,0.00,0.00,-0.00,-0.00
49502.00,0.00,0.00,0.34,0.00,0.00,-4.53,0.00,0.00,730.05,-0.00,0.00,0.00,0.00,0.01,0.00
49508.00,0.00,0.00,0.35,0.00,0.00,1.50,0.00,0.00,1006.17,-0.00,0.00,0.00,0.00,0.00,0.00
49514.00,0.00,0.00,0.44,0.00,0.00,14.76,0.00,0.00,2209.34,-0.00,0.00,0.00,0.00,0.00,0.00
49524.00,0.00,0.00,0.33,0.00,0.00,-10.55,0.00,0.00,-2530.85,-0.00,0.00,0.00,0.00,0.00,0.00
49529.00,0.00,0.00,0.36,0.00,0.00,6.01,0.00,0.00,3311.30,-0.00,0.00,0.00,0.00,-0.00,0.00
49540.00,0.00,0.00,0.37,0.00,0.00,1.14,0.00,0.00,-442.59,-0.00,0.00,0.00,0.00,0.00,-0.00
49547.00,0.00,0.00,0.39,0.00,0.00,2.20,0.00,0.00,150.97,-0.00,0.00,0.00,0.00,0.00,-0.00
49554.00,0.00,0.00,0.30,0.00,0.00,-12.10,0.00,0.00,-2041.90,-0.00,0.00,0.00,0.00,0.00,0.00
49572.00,0.00,0.00,0.32,0.00,0.00,0.67,0.00,0.00,709.49,-0.00,0.00,0.00,0.00,0.00,-0.00
49577.00,0.00,0.00,0.45,0.00,0.00,26.74,0.00,0.00,5212.67,-0.00,0.00,0.00,0.00,0.00,-0.00
49584.00,0.00,0.00,0.42,0.00,0.00,-4.68,0.00,0.00,-4488.43,-0.00,0.00,0.00,0.00,0.00,0.00
49593.00,0.00,0.00,0.41,0.00,0.00,-0.51,0.00,0.00,464.09,-0.00,0.00,0.00,0.00,0.00,-0.00
49600.00,0.00,0.00,0.25,0.00,0.00,-23.78,0.00,0.00,-3324.56,-0.00,0.00,0.00,0.00,-0.00,-0.00
49606.00,0.00,0.00,0.39,0.00,0.00,23.32,0.00,0.00,7848.83,-0.00,0.00,0.00,0.00,-0.00,0.00
49614.00,0.00,0.00,0.39,0.00,0.00,0.53,0.00,0.00,-2848.10,-0.00,0.00,0.00,0.00,-0.00,-0.00
49626.00,0.00,0.00,0.48,0.00,0.00,7.04,0.00,0.00,542.26,-0.00,0.00,0.00,-0.00,0.00,-0.00
49634.00,0.00,0.00,0.38,0.00,0.00,-11.34,0.00,0.00,-2296.81,-0.00,0.00,0.00,0.00,0.00,-0.00
49642.00,0.00,0.00,0.31,0.00,0.00,-9.98,0.00,0.00,169.24,-0.00,0.00,0.00,0.00,0.00,0.00
49648.00,0.00,0.00,0.34,0.00,0.00,6.33,0.00,0.00,2718.61,-0.00,0.00,0.00,0.00,0.00,0.00
49654.00,0.00,0.00,0.39,0.00,0.00,8.61,0.00,0.00,379.73,-0.00,0.00,0.00,0.00,0.00,0.00
49673.00,0.00,0.00,0.42,0.00,0.00,1.12,0.00,0.00,-394.05,-0.00,0.00,0.00,0.00,-0.00,-0.00
49679.00,0.00,0.00,0.37,0.00,0.00,-7.45,0.00,0.00,-1428.35,-0.00,0.00,0.00,0.00,-0.00,0.00
49685.00,0.00,0.00,0.47,0.00,0.00,16.03,0.00,0.00,3913.65,-0.00,0.00,0.00,0.00,0.00,0.00
49694.00,0.00,0.00,0.37,0.00,0.00,-10.44,0.00,0.00,-2940.81,-0.00,0.00,0.00,0.00,0.00,0.00
49701.00,0.00,0.00,0.36,0.00,0.00,-1.67,0.00,0.00,1251.47,-0.00,0.00,0.00,0.00,0.00,0.00
49712.00,0.00,0.00,0.34,0.00,0.00,-1.65,0.00,0.00,1.99,-0.00,0.00,0.00,0.00,-0.00,0.00
49719.00,0.00,0.00,0.34,0.00,0.00,-0.93,0.00,0.00,103.65,-0.00,0.00,0.00,0.00,-0.00,0.00
49725.00,0.00,0.00,0.41,0.00,0.00,12.58,0.00,0.00,2251.73,-0.00,0.00,0.00,0.00,-0.00,0.00
49729.00,0.00,0.00,0.50,0.00,0.00,22.28,0.00,0.00,2425.48,-0.00,0.00,0.00,-0.00,-0.00,0.00
49735.00,0.00,0.00,0.43,0.00,0.00,-12.58,0.00,0.00,-5810.38,-0.00,0.00,0.00,-0.00,-0.00,0.00
49744.00,0.00,0.00,0.40,0.00,0.00,-2.63,0.00,0.00,1105.81,-0.00,0.00,0.00,-0.00,-0.00,0.00
49752.00,0.00,0.00,0.34,0.00,0.00,-8.03,0.00,0.00,-675.35,-0.00,0.00,0.00,-0.00,0.00,0.00
49767.00,0.00,0.00,0.40,0.00,0.00,4.18,0.00,0.00,813.58,-0.00,0.00,0.00,0.00,0.00,-0.00
49775.00,0.00,0.00,0.37,0.00,0.00,-4.45,0.00,0.00,-1077.72,-0.00,0.00,0.00,0.00,0.00,-0.00
49780.00,0.00,0.00,0.39,0.00,0.00,4.81,0.00,0.00,1850.52,-0.00,0.00,0.00,0.00,0.00,-0.00
49796.00,0.00,0.00,0.38,0.00,0.00,-0.35,0.00,0.00,-321.99,-0.00,0.00,0.00,0.00,-0.00,0.00
49805.00,0.00,0.00,0.41,0.00,0.00,3.33,0.00,0.00,408.01,-0.00,0.00,0.00,0.00,0.00,0.00
49814.00,0.00,0.00,0.35,0.00,0.00,-6.67,0.00,0.00,-1110.90,-0.00,0.00,0.00,0.00,-0.00,0.00
49821.00,0.00,0.00,0.31,0.00,0.00,-5.79,0.00,0.00,125.30,-0.00,0.00,0.00,0.00,-0.00,0.00
49826.00,0.00,0.00,0.41,0.00,0.00,18.85,0.00,0.00,4929.01,-0.00,0.00,0.00,0.00,-0.00,0.00
49832.00,0.00,0.00,0.34,0.00,0.00,-11.93,0.00,0.00,-5130.75,-0.00,0.00,0.00,0.00,-0.00,0.00
49837.00,0.00,0.00,0.32,0.00,0.00,-3.96,0.00,0.00,1595.50,-0.00,0.00,0.00,0.00,-0.00,0.00
49843.00,0.00,0.00,0.41,0.00,0.00,14.86,0.00,0.00,3135.40,-0.00,0.00,0.00,-0.00,0.00,0.00
49848.00,0.00,0.00,0.43,0.00,0.00,5.23,0.00,0.00,-1924.33,-0.00,0.00,0.00,-0.00,-0.00,0.00
49865.00,0.00,0.00,0.37,0.00,0.00,-3.59,0.00,0.00,-519.07,-0.00,0.00,0.00,0.00,0.00,0.00
49878.00,0.00,0.00,0.37,0.00,0.00,0.32,0.00,0.00,300.37,-0.00,0.00,0.00,0.00,0.00,0.00
49886.00,0.00,0.00,0.49,0.00,0.00,14.47,0.00,0.00,1769.73,-0.00,0.00,0.00,0.00,-0.00,0.00
49892.00,0.00,0.00,0.49,0.00,0.00,0.00,0.00,0.00,-2412.18,-0.00,0.00,0.00,0.00,-0.00,0.00
49896.00,0.00,0.00,0.36,0.00,0.00,-31.68,0.00,0.00,-7920.35,-0.00,0.00,0.00,0.00,-0.00,0.00
49904.00,0.00,0.00,0.35,0.00,0.00,-1.20,0.00,0.00,3810.51,-0.00,0.00,0.00,0.00,0.00,0.00
49912.00,0.00,0.00,0.33,0.00,0.00,-2.62,0.00,0.00,-177.80,-0.00,0.00,0.00,0.00,-0.00,-0.00
49917.00,0.00,0.00,0.32,0.00,0.00,-2.23,0.00,0.00,77.05,-0.00,0.00,0.00,0.00,-0.00,-0.00
49925.00,0.00,0.00,0.34,0.00,0.00,1.97,0.00,0.00,525.43,-0.00,0.00,0.00,0.00,0.00,0.00
49931.00,0.00,0.00,0.38,0.00,0.00,7.84,0.00,0.00,978.55,-0.00,0.00,0.00,0.00,0.00,-0.00
49937.00,0.00,0.00,0.35,0.00,0.00,-5.53,0.00,0.00,-2228.09,-0.00,0.00,0.00,0.00,0.00,-0.00
49949.00,0.00,0.00,0.34,0.00,0.00,-1.32,0.00,0.00,350.44,-0.00,0.00,0.00,-0.00,-0.00,0.00
49966.00,0.00,0.00,0.39,0.00,0.00,2.93,0.00,0.00,250.36,-0.00,0.00,0.00,-0.00,-0.00,0.00
49975.00,0.00,0.00,0.37,0.00,0.00,-1.63,0.00,0.00,-506.72,-0.00,0.00,0.00,0.00,0.00,0.00
49980.00,0.00,0.00,0.36,0.00,0.00,-2.05,0.00,0.00,-84.63,-0.00,0.00,0.00,-0.00,0.00,0.00
49986.00,0.00,0.00,0.33,0.00,0.00,-4.66,0.00,0.00,-434.51,-0.00,0.00,0.00,-0.00,0.00,0.00
49994.00,0.00,0.00,0.35,0.00,0.00,2.27,0.00,0.00,865.57,-0.00,0.00,0.00,0.00,0.00,0.00
50002.00,0.00,0.00,0.46,0.00,0.00,14.23,0.00,0.00,1495.29,-0.00,0.00,0.00,0.00,-0.00,0.00
50007.00,0.00,0.00,0.43,0.00,0.00,-7.87,0.00,0.00,-4420.19,-0.00,0.00,0.00,0.00,-0.00,0.00
50013.00,0.00,0.00,0.43,0.00,0.00,0.62,0.00,0.00,1414.55,-0.00,0.00,0.00,0.00,0.00,-0.00
50018.00,0.00,0.00,0.30,0.00,0.00,-25.51,0.00,0.00,-5224.54,-0.00,0.00,0.00,0.00,0.00,-0.00
50030.00,0.00,0.00,0.39,0.00,0.00,6.99,0.00,0.00,2707.93,-0.00,0.00,0.00,0.00,0.00,0.00
50037.00,0.00,0.00,0.36,0.00,0.00,-4.23,0.00,0.00,-1602.74,-0.00,0.00,0.00,-0.00,-0.00,0.00
50045.00,0.00,0.00,0.35,0.00,0.00,-0.34,0.00,0.00,486.01,-0.00,0.00,0.00,-0.00,0.00,0.00
50062.00,0.00,0.00,0.27,0.00,0.00,-4.89,0.00,0.00,-267.36,-0.00,0.00,0.00,0.00,0.00,0.00
50068.00,0.00,0.00,0.43,0.00,0.00,26.70,0.00,0.00,5264.81,-0.00,0.00,0.00,0.00,0.00,0.00
50075.00,0.00,0.00,0.38,0.00,0.00,-7.05,0.00,0.00,-4821.83,-0.00,0.00,0.00,0.00,0.00,0.00
50081.00,0.00,0.00,0.34,0.00,0.00,-7.62,0.00,0.00,-94.01,-0.00,0.00,0.00,-0.00,-0.00,0.00
50086.00,0.00,0.00,0.39,0.00,0.00,10.05,0.00,0.00,3532.39,-0.00,0.00,0.00,-0.00,-0.00,0.00
50095.00,0.00,0.00,0.42,0.00,0.00,3.62,0.00,0.00,-713.65,-0.00,0.00,0.00,-0.00,-0.00,0.00
50103.00,0.00,0.00,0.29,0.00,0.00,-15.83,0.00,0.00,-2432.05,-0.00,0.00,0.00,0.00,0.00,-0.00
50113.00,0.00,0.00,0.36,0.00,0.00,6.65,0.00,0.00,2248.50,-0.00,0.00,0.00,-0.00,0.00,0.00
50120.00,0.00,0.00,0.42,0.00,0.00,8.92,0.00,0.00,323.36,-0.00,0.00,0.00,-0.00,0.00,-0.00
50126.00,0.00,0.00,0.41,0.00,0.00,-1.53,0.00,0.00,-1741.55,-0.00,0.00,0.00,-0.00,0.00,-0.00
50132.00,0.00,0.00,0.25,0.00,0.00,-26.24,0.00,0.00,-4117.08,-0.00,0.00,0.00,0.00,0.00,0.00
50137.00,0.00,0.00,0.43,0.00,0.00,35.18,0.00,0.00,12282.49,-0.00,0.00,0.00,0.00,0.00,0.00
50145.00,0.00,0.00,0.39,0.00,0.00,-4.68,0.00,0.00,-4982.23,-0.00,0.00,0.00,-0.00,0.01,0.00
50153.00,0.00,0.00,0.46,0.00,0.00,8.49,0.00,0.00,1646.56,-0.00,0.00,0.00,0.00,0.00,0.00
50169.00,0.00,0.00,0.37,0.00,0.00,-5.60,0.00,0.00,-880.75,-0.00,0.00,0.00,-0.00,0.00,0.00
50176.00,0.00,0.00,0.34,0.00,0.00,-4.06,0.00,0.00,219.96,-0.00,0.00,0.00,0.00,0.00,-0.00
50182.00,0.00,0.00,0.36,0.00,0.00,3.60,0.00,0.00,1277.58,-0.00,0.00,0.00,0.00,0.00,0.00
50192.00,0.00,0.00,0.46,0.00,0.00,9.87,0.00,0.00,626.64,-0.00,0.00,0.00,0.00,0.00,0.00
50199.00,0.00,0.00,0.32,0.00,0.00,-19.85,0.00,0.00,-4245.95,-0.00,0.00,0.00,0.00,0.00,0.00
50206.00,0.00,0.00,0.48,0.00,0.00,21.95,0.00,0.00,5971.87,-0.00,0.00,0.00,0.00,0.00,0.00
50209.00,0.00,0.00,0.37,0.00,0.00,-34.88,0.00,0.00,-18942.87,-0.00,0.00,0.00,-0.00,-0.00,0.00
50216.00,0.00,0.00,0.41,0.00,0.00,4.76,0.00,0.00,5662.08,-0.00,0.00,0.00,-0.00,-0.00,0.00
50225.00,0.00,0.00,0.36,0.00,0.00,-5.37,0.00,0.00,-1125.53,-0.00,0.00,0.00,-0.00,-0.00,0.00
50230.00,0.00,0.00,0.44,0.00,0.00,17.14,0.00,0.00,4501.47,-0.00,0.00,0.00,-0.00,0.00,0.00
50237.00,0.00,0.00,0.48,0.00,0.00,5.27,0.00,0.00,-1694.79,-0.00,0.00,0.00,-0.00,0.00,-0.00
50245.00,0.00,0.00,0.33,0.00,0.00,-18.96,0.00,0.00,-3029.54,-0.00,0.00,0.00,0.00,0.00,0.00
50262.00,0.00,0.00,0.38,0.00,0.00,3.10,0.00,0.00,1297.72,-0.00,0.00,0.00,0.00,0.00,0.00
50272.00,0.00,0.00,0.38,0.00,0.00,-0.11,0.00,0.00,-320.33,-0.00,0.00,0.00,0.00,0.00,-0.00
50279.00,0.00,0.00,0.36,0.00,0.00,-3.35,0.00,0.00,-463.84,-0.00,0.00,0.00,0.00,0.00,-0.00
50286.00,0.00,0.00,0.34,0.00,0.00,-2.14,0.00,0.00,173.14,-0.00,0.00,0.00,0.00,0.01,-0.00
50295.00,0.00,0.00,0.40,0.00,0.00,6.59,0.00,0.00,969.99,-0.00,0.00,0.00,-0.00,0.00,0.00
50302.00,0.00,0.00,0.38,0.00,0.00,-3.30,0.00,0.00,-1412.22,-0.00,0.00,0.00,0.00,-0.00,0.00
50307.00,0.00,0.00,0.40,0.00,0.00,5.35,0.00,0.00,1730.08,-0.00,0.00,0.00,0.00,-0.00,0.00
50315.00,0.00,0.00,0.45,0.00,0.00,5.89,0.00,0.00,66.90,-0.00,0.00,0.00,0.00,0.00,-0.00
50321.00,0.00,0.00,0.42,0.00,0.00,-5.30,0.00,0.00,-1864.27,-0.00,0.00,0.00,0.00,0.00,-0.00
50327.00,0.00,0.00,0.38,0.00,0.00,-6.75,0.00,0.00,-241.60,-0.00,0.00,0.00,0.00,0.00,-0.00
50333.00,0.00,0.00,0.36,0.00,0.00,-2.78,0.00,0.00,660.30,-0.00,0.00,0.00,-0.00,-0.00,0.00
50343.00,0.00,0.00,0.46,0.00,0.00,10.16,0.00,0.00,1294.71,-0.00,0.00,0.00,0.00,0.00,0.00
50349.00,0.00,0.00,0.34,0.00,0.00,-20.26,0.00,0.00,-5070.57,-0.00,0.00,0.00,-0.00,0.00,0.00
50356.00,0.00,0.00,0.39,0.00,0.00,6.60,0.00,0.00,3836.85,-0.00,0.00,0.00,-0.00,0.00,0.00
50374.00,0.00,0.00,0.31,0.00,0.00,-4.37,0.00,0.00,-609.42,-0.00,0.00,0.00,0.00,-0.00,0.00
50380.00,0.00,0.00,0.42,0.00,0.00,18.19,0.00,0.00,3760.04,-0.00,0.00,0.00,-0.00,-0.00,0.00
50386.00,0.00,0.00,0.44,0.00,0.00,3.83,0.00,0.00,-2392.33,-0.00,0.00,0.00,-0.00,-0.00,0.00
50395.00,0.00,0.00,0.28,0.00,0.00,-18.08,0.00,0.00,-2434.73,-0.00,0.00,0.00,0.00,0.01,0.00
50402.00,0.00,0.00,0.35,0.00,0.00,10.30,0.00,0.00,4053.89,-0.00,0.00,0.00,-0.00,0.00,0.00
50408.00,0.00,0.00,0.26,0.00,0.00,-16.02,0.00,0.00,-4386.74,-0.00,0.00,0.00,0.00,0.00,-0.00
50416.00,0.00,0.00,0.31,0.00,0.00,7.28,0.00,0.00,2913.21,-0.00,0.00,0.00,0.00,0.01,-0.00
50429.00,0.00,0.00,0.37,0.00,0.00,4.73,0.00,0.00,-196.76,-0.00,0.00,0.00,0.00,0.00,-0.00
50437.00,0.00,0.00,0.30,0.00,0.00,-9.18,0.00,0.00,-1738.24,-0.00,0.00,0.00,0.00,0.00,-0.00
50445.00,0.00,0.00,0.38,0.00,0.00,10.30,0.00,0.00,2434.90,-0.00,0.00,0.00,0.00,0.00,0.00
50462.00,0.00,0.00,0.38,0.00,0.00,-0.23,0.00,0.00,-619.36,-0.00,0.00,0.00,-0.00,-0.00,0.00
50468.00,0.00,0.00,0.43,0.00,0.00,9.18,0.00,0.00,1569.13,-0.00,0.00,0.00,-0.00,-0.00,0.00
50476.00,0.00,0.00,0.40,0.00,0.00,-4.99,0.00,0.00,-1771.86,-0.00,0.00,0.00,0.00,0.00,0.00
50481.00,0.00,0.00,0.35,0.00,0.00,-9.60,0.00,0.00,-922.79,-0.00,0.00,0.00,0.00,0.00,0.00
50487.00,0.00,0.00,0.40,0.00,0.00,8.20,0.00,0.00,2967.30,-0.00,0.00,0.00,0.00,0.00,0.00
50496.00,0.00,0.00,0.40,0.00,0.00,0.53,0.00,0.00,-851.97,-0.00,0.00,0.00,-0.00,-0.00,0.00
50503.00,0.00,0.00,0.46,0.00,0.00,8.89,0.00,0.00,1193.74,-0.00,0.00,0.00,-0.00,0.00,0.00
50519.00,0.00,0.00,0.40,0.00,0.00,-3.82,0.00,0.00,-794.51,-0.00,0.00,0.00,0.00,0.00,-0.00
50527.00,0.00,0.00,0.30,0.00,0.00,-13.00,0.00,0.00,-1146.64,-0.00,0.00,0.00,0.00,-0.00,-0.00
50532.00,0.00,0.00,0.35,0.00,0.00,9.85,0.00,0.00,4570.17,-0.00,0.00,0.00,0.00,-0.01,0.00
50538.00,0.00,0.00,0.41,0.00,0.00,9.68,0.00,0.00,-28.50,-0.00,0.00,0.00,0.00,-0.00,0.00
50546.00,0.00,0.00,0.43,0.00,0.00,3.12,0.00,0.00,-820.52,-0.00,0.00,0.00,0.00,0.00,0.00
50563.00,0.00,0.00,0.31,0.00,0.00,-6.89,0.00,0.00,-588.66,-0.00,0.00,0.00,-0.00,0.00,0.00
50569.00,0.00,0.00,0.35,0.00,0.00,6.87,0.00,0.00,2293.16,-0.00,0.00,0.00,-0.00,0.00,0.00
50576.00,0.00,0.00,0.33,0.00,0.00,-3.24,0.00,0.00,-1444.94,-0.00,0.00,0.00,0.00,0.00,0.00
50582.00,0.00,0.00,0.42,0.00,0.00,14.69,0.00,0.00,2988.65,-0.00,0.00,0.00,-0.00,0.00,0.00
50587.00,0.00,0.00,0.44,0.00,0.00,3.70,0.00,0.00,-2197.20,-0.00,0.00,0.00,-0.00,0.00,0.00
50601.00,0.00,0.00,0.37,0.00,0.00,-4.95,0.00,0.00,-617.98,-0.00,0.00,0.00,0.00,-0.00,0.00
50608.00,0.00,0.00,0.42,0.00,0.00,6.66,0.00,0.00,1658.68,-0.00,0.00,0.00,-0.00,0.00,0.00
50616.00,0.00,0.00,0.47,0.00,0.00,6.49,0.00,0.00,-21.14,-0.00,0.00,0.00,-0.00,0.00,0.00
50624.00,0.00,0.00,0.36,0.00,0.00,-13.74,0.00,0.00,-2529.00,-0.00,0.00,0.00,0.00,-0.00,0.00
50629.00,0.00,0.00,0.36,0.00,0.00,0.07,0.00,0.00,2761.51,-0.00,0.00,0.00,0.00,-0.00,0.00
50636.00,0.00,0.00,0.40,0.00,0.00,5.42,0.00,0.00,764.71,-0.00,0.00,0.00,0.00,0.00,-0.00
50644.00,0.00,0.00,0.30,0.00,0.00,-11.97,0.00,0.00,-2173.61,-0.00,0.00,0.00,0.00,-0.00,0.00
50649.00,0.00,0.00,0.30,0.00,0.00,0.00,0.00,0.00,2393.84,-0.00,0.00,0.00,0.00,-0.00,0.00
50655.00,0.00,0.00,0.38,0.00,0.00,14.01,0.00,0.00,2334.25,-0.00,0.00,0.00,0.00,-0.00,0.00
50671.00,0.00,0.00,0.40,0.00,0.00,1.03,0.00,0.00,-810.95,-0.00,0.00,0.00,-0.00,-0.00,0.00
50683.00,0.00,0.00,0.43,0.00,0.00,2.83,0.00,0.00,150.35,-0.00,0.00,0.00,0.00,0.00,0.00
50689.00,0.00,0.00,0.41,0.00,0.00,-4.09,0.00,0.00,-1153.34,-0.00,0.00,0.00,-0.00,-0.00,0.00
50696.00,0.00,0.00,0.43,0.00,0.00,2.53,0.00,0.00,944.98,-0.00,0.00,0.00,-0.00,-0.00,0.00
50704.00,0.00,0.00,0.42,0.00,0.00,-1.24,0.00,0.00,-470.92,-0.00,0.00,0.00,-0.00,-0.00,0.00
50710.00,0.00,0.00,0.35,0.00,0.00,-10.84,0.00,0.00,-1599.86,-0.00,0.00,0.00,-0.00,-0.00,-0.00
50717.00,0.00,0.00,0.37,0.00,0.00,3.07,0.00,0.00,1986.05,-0.00,0.00,0.00,-0.00,-0.00,-0.00
50726.00,0.00,0.00,0.34,0.00,0.00,-3.56,0.00,0.00,-735.94,-0.00,0.00,0.00,0.00,-0.00,0.00
50731.00,0.00,0.00,0.34,0.00,0.00,0.35,0.00,0.00,781.49,-0.00,0.00,0.00,0.00,-0.00,-0.00
50737.00,0.00,0.00,0.39,0.00,0.00,7.00,0.00,0.00,1107.85,-0.00,0.00,0.00,0.00,0.00,-0.00
50744.00,0.00,0.00,0.35,0.00,0.00,-5.26,0.00,0.00,-1750.90,-0.00,0.00,0.00,0.00,-0.00,0.00
50754.00,0.00,0.00,0.41,0.00,0.00,6.44,0.00,0.00,1169.94,-0.00,0.00,0.00,-0.00,0.00,-0.00
50769.00,0.00,0.00,0.45,0.00,0.00,2.33,0.00,0.00,-273.83,-0.00,0.00,0.00,0.00,0.00,-0.00
50777.00,0.00,0.00,0.34,0.00,0.00,-13.72,0.00,0.00,-2006.30,-0.00,0.00,0.00,0.00,0.00,0.00
50782.00,0.00,0.00,0.41,0.00,0.00,14.39,0.00,0.00,5622.61,-0.00,0.00,0.00,0.00,-0.00,-0.00
50788.00,0.00,0.00,0.35,0.00,0.00,-9.43,0.00,0.00,-3971.30,-0.00,0.00,0.00,0.00,-0.00,-0.00
50796.00,0.00,0.00,0.42,0.00,0.00,8.50,0.00,0.00,2242.14,-0.00,0.00,0.00,0.00,-0.00,-0.00
50804.00,0.00,0.00,0.27,0.00,0.00,-19.23,0.00,0.00,-3466.19,-0.00,0.00,0.00,-0.00,-0.00,0.00
50809.00,0.00,0.00,0.34,0.00,0.00,14.89,0.00,0.00,6822.91,-0.00,0.00,0.00,-0.00,-0.00,0.00
50817.00,0.00,0.00,0.52,0.00,0.00,21.56,0.00,0.00,834.45,-0.00,0.00,0.00,0.00,0.00,0.00
50826.00,0.00,0.00,0.41,0.00,0.00,-11.94,0.00,0.00,-3722.94,-0.00,0.00,0.00,-0.00,-0.00,0.00
50836.00,0.00,0.00,0.45,0.00,0.00,4.68,0.00,0.00,1662.20,-0.00,0.00,0.00,0.00,0.00,-0.00
50845.00,0.00,0.00,0.36,0.00,0.00,-10.62,0.00,0.00,-1700.00,-0.00,0.00,0.00,0.00,-0.00,-0.00
50851.00,0.00,0.00,0.38,0.00,0.00,3.62,0.00,0.00,2373.84,-0.00,0.00,0.00,0.00,-0.00,-0.00
50867.00,0.00,0.00,0.36,0.00,0.00,-1.53,0.00,0.00,-321.89,-0.00,0.00,0.00,-0.00,-0.00,-0.00
50876.00,0.00,0.00,0.34,0.00,0.00,-2.06,0.00,0.00,-59.38,-0.00,0.00,0.00,-0.00,0.00,0.00
50882.00,0.00,0.00,0.30,0.00,0.00,-5.86,0.00,0.00,-633.03,-0.00,0.00,0.00,-0.00,0.00,0.00
50888.00,0.00,0.00,0.45,0.00,0.00,23.70,0.00,0.00,4926.33,-0.00,0.00,0.00,0.00,0.00,0.00
50896.00,0.00,0.00,0.43,0.00,0.00,-1.88,0.00,0.00,-3196.80,-0.00,0.00,0.00,-0.00,0.00,-0.00
50903.00,0.00,0.00,0.44,0.00,0.00,1.08,0.00,0.00,422.35,-0.00,0.00,0.00,-0.00,0.00,0.00
50909.00,0.00,0.00,0.42,0.00,0.00,-3.17,0.00,0.00,-708.45,-0.00,0.00,0.00,-0.00,0.00,-0.00
50921.00,0.00,0.00,0.35,0.00,0.00,-5.56,0.00,0.00,-199.40,-0.00,0.00,0.00,-0.00,-0.00,-0.00
50929.00,0.00,0.00,0.39,0.00,0.00,5.20,0.00,0.00,1344.97,-0.00,0.00,0.00,0.00,-0.00,-0.00
50935.00,0.00,0.00,0.39,0.00,0.00,-0.59,0.00,0.00,-964.46,-0.00,0.00,0.00,-0.00,0.00,0.00
50940.00,0.00,0.00,0.33,0.00,0.00,-12.42,0.00,0.00,-2366.54,-0.00,0.00,0.00,-0.00,0.00,0.00
50947.00,0.00,0.00,0.36,0.00,0.00,4.95,0.00,0.00,2482.48,-0.00,0.00,0.00,0.00,0.00,-0.00
50966.00,0.00,0.00,0.41,0.00,0.00,2.49,0.00,0.00,-129.55,-0.00,0.00,0.00,-0.00,0.00,0.00
50972.00,0.00,0.00,0.41,0.00,0.00,-0.13,0.00,0.00,-436.91,-0.00,0.00,0.00,0.00,-0.00,0.00
50978.00,0.00,0.00,0.34,0.00,0.00,-11.56,0.00,0.00,-1905.70,-0.00,0.00,0.00,0.00,-0.00,0.00
50985.00,0.00,0.00,0.42,0.00,0.00,11.67,0.00,0.00,3318.36,-0.00,0.00,0.00,0.00,-0.00,0.00
50990.00,0.00,0.00,0.36,0.00,0.00,-13.12,0.00,0.00,-4957.87,-0.00,0.00,0.00,0.00,-0.00,0.00
51002.00,0.00,0.00,0.45,0.00,0.00,8.19,0.00,0.00,1776.52,-0.00,0.00,0.00,0.00,0.00,0.00
51009.00,0.00,0.00,0.38,0.00,0.00,-11.01,0.00,0.00,-2744.22,-0.00,0.00,0.00,0.00,0.00,0.00
51016.00,0.00,0.00,0.38,0.00,0.00,0.00,0.00,0.00,1573.51,-0.00,0.00,0.00,0.00,-0.00,0.00
51019.00,0.00,0.00,0.39,0.00,0.00,4.12,0.00,0.00,1372.57,-0.00,0.00,0.00,0.00,-0.00,0.00
51027.00,0.00,0.00,0.36,0.00,0.00,-3.80,0.00,0.00,-989.82,-0.00,0.00,0.00,0.00,0.00,0.00
51032.00,0.00,0.00,0.34,0.00,0.00,-3.60,0.00,0.00,40.20,-0.00,0.00,0.00,0.00,0.00,0.00
51038.00,0.00,0.00,0.45,0.00,0.00,18.88,0.00,0.00,3746.10,-0.00,0.00,0.00,0.00,0.00,0.00
51047.00,0.00,0.00,0.34,0.00,0.00,-12.93,0.00,0.00,-3534.18,-0.00,0.00,0.00,0.00,0.00,0.00
51054.00,0.00,0.00,0.37,0.00,0.00,4.52,0.00,0.00,2492.98,-0.00,0.00,0.00,-0.00,0.00,0.00
51070.00,0.00,0.00,0.32,0.00,0.00,-2.94,0.00,0.00,-466.35,-0.00,0.00,0.00,0.00,0.00,0.00
51082.00,0.00,0.00,0.27,0.00,0.00,-4.03,0.00,0.00,-90.48,-0.00,0.00,0.00,0.00,0.00,0.00
51089.00,0.00,0.00,0.45,0.00,0.00,24.73,0.00,0.00,4107.71,-0.00,0.00,0.00,0.00,0.00,0.00
51097.00,0.00,0.00,0.33,0.00,0.00,-14.04,0.00,0.00,-4845.89,-0.00,0.00,0.00,0.00,0.00,0.00
51105.00,0.00,0.00,0.40,0.00,0.00,8.60,0.00,0.00,2830.39,-0.00,0.00,0.00,0.00,-0.00,0.00
51110.00,0.00,0.00,0.42,0.00,0.00,3.58,0.00,0.00,-1005.31,-0.00,0.00,0.00,0.00,-0.00,0.00
51116.00,0.00,0.00,0.37,0.00,0.00,-7.93,0.00,0.00,-1917.44,-0.00,0.00,0.00,0.00,-0.00,0.00
51120.00,0.00,0.00,0.37,0.00,0.00,-0.47,0.00,0.00,1865.51,-0.00,0.00,0.00,0.00,0.00,0.00
51128.00,0.00,0.00,0.34,0.00,0.00,-4.29,0.00,0.00,-477.32,-0.00,0.00,0.00,0.00,0.01,0.00
51133.00,0.00,0.00,0.39,0.00,0.00,10.79,0.00,0.00,3016.00,-0.00,0.00,0.00,0.00,0.00,0.00
51139.00,0.00,0.00,0.32,0.00,0.00,-11.62,0.00,0.00,-3735.03,-0.00,0.00,0.00,0.00,0.00,0.00
51152.00,0.00,0.00,0.38,0.00,0.00,4.51,0.00,0.00,1240.11,-0.00,0.00,0.00,0.00,0.00,0.00
51168.00,0.00,0.00,0.35,0.00,0.00,-1.74,0.00,0.00,-390.29,-0.00,0.00,0.00,0.00,0.00,-0.00
51177.00,0.00,0.00,0.46,0.00,0.00,11.63,0.00,0.00,1485.94,-0.00,0.00,0.00,0.00,0.00,0.00
51182.00,0.00,0.00,0.41,0.00,0.00,-8.73,0.00,0.00,-4073.71,-0.00,0.00,0.00,0.00,0.00,0.00
51189.00,0.00,0.00,0.33,0.00,0.00,-11.51,0.00,0.00,-396.44,-0.00,0.00,0.00,0.00,0.00,0.00
51197.00,0.00,0.00,0.29,0.00,0.00,-5.34,0.00,0.00,771.22,-0.00,0.00,0.00,0.00,0.00,0.00
51204.00,0.00,0.00,0.44,0.00,0.00,20.80,0.00,0.00,3734.57,-0.00,0.00,0.00,0.00,0.00,0.00
51209.00,0.00,0.00,0.33,0.00,0.00,-21.57,0.00,0.00,-8474.07,-0.00,0.00,0.00,0.00,0.00,0.00
51217.00,0.00,0.00,0.33,0.00,0.00,0.40,0.00,0.00,2746.43,-0.00,0.00,0.00,0.00,-0.00,0.00
51226.00,0.00,0.00,0.39,0.00,0.00,6.05,0.00,0.00,627.14,-0.00,0.00,0.00,-0.00,-0.00,0.00
51241.00,0.00,0.00,0.32,0.00,0.00,-4.12,0.00,0.00,-677.78,-0.00,0.00,0.00,0.00,-0.00,0.00
51249.00,0.00,0.00,0.38,0.00,0.00,6.77,0.00,0.00,1360.78,-0.00,0.00,0.00,0.00,-0.00,0.00
51257.00,0.00,0.00,0.38,0.00,0.00,0.20,0.00,0.00,-821.46,-0.00,0.00,0.00,0.00,0.00,0.00
51274.00,0.00,0.00,0.39,0.00,0.00,0.60,0.00,0.00,23.94,-0.00,0.00,0.00,0.00,0.00,0.00
51280.00,0.00,0.00,0.39,0.00,0.00,0.51,0.00,0.00,-15.12,-0.00,0.00,0.00,0.00,0.00,0.00
51287.00,0.00,0.00,0.39,0.00,0.00,-1.18,0.00,0.00,-242.37,-0.00,0.00,0.00,-0.00,0.00,-0.00
51295.00,0.00,0.00,0.36,0.00,0.00,-2.79,0.00,0.00,-200.43,-0.00,0.00,0.00,0.00,-0.00,0.00
51301.00,0.00,0.00,0.43,0.00,0.00,10.43,0.00,0.00,2202.42,-0.00,0.00,0.00,-0.00,0.00,0.00
51308.00,0.00,0.00,0.35,0.00,0.00,-10.76,0.00,0.00,-3026.23,-0.00,0.00,0.00,-0.00,0.00,0.00
51316.00,0.00,0.00,0.38,0.00,0.00,4.30,0.00,0.00,1882.04,-0.00,0.00,0.00,0.00,-0.00,0.00
51328.00,0.00,0.00,0.39,0.00,0.00,0.06,0.00,0.00,-353.26,-0.00,0.00,0.00,0.00,0.00,0.00
51334.00,0.00,0.00,0.40,0.00,0.00,3.30,0.00,0.00,540.63,-0.00,0.00,0.00,0.00,0.00,0.00
51340.00,0.00,0.00,0.34,0.00,0.00,-11.00,0.00,0.00,-2383.86,-0.00,0.00,0.00,0.00,-0.00,0.00
51347.00,0.00,0.00,0.39,0.00,0.00,7.41,0.00,0.00,2629.39,-0.00,0.00,0.00,0.00,-0.00,0.00
51365.00,0.00,0.00,0.41,0.00,0.00,1.09,0.00,0.00,-350.97,-0.00,0.00,0.00,0.00,0.00,-0.00
51370.00,0.00,0.00,0.37,0.00,0.00,-8.08,0.00,0.00,-1834.72,-0.00,0.00,0.00,0.00,0.00,-0.00
51378.00,0.00,0.00,0.35,0.00,0.00,-2.00,0.00,0.00,760.03,-0.00,0.00,0.00,0.00,0.00,-0.00
51383.00,0.00,0.00,0.38,0.00,0.00,5.26,0.00,0.00,1451.99,-0.00,0.00,0.00,0.00,0.00,0.00
51389.00,0.00,0.00,0.31,0.00,0.00,-11.30,0.00,0.00,-2759.79,-0.00,0.00,0.00,0.00,0.00,0.00
51397.00,0.00,0.00,0.36,0.00,0.00,6.09,0.00,0.00,2174.53,-0.00,0.00,0.00,0.00,-0.00,0.00
51410.00,0.00,0.00,0.35,0.00,0.00,-0.84,0.00,0.00,-533.66,-0.00,0.00,0.00,0.00,0.00,-0.00
51419.00,0.00,0.00,0.43,0.00,0.00,8.53,0.00,0.00,1041.96,-0.00,0.00,0.00,0.00,0.00,0.00
51427.00,0.00,0.00,0.41,0.00,0.00,-2.69,0.00,0.00,-1402.39,-0.00,0.00,0.00,0.00,-0.00,0.00
51433.00,0.00,0.00,0.32,0.00,0.00,-13.88,0.00,0.00,-1866.45,-0.00,0.00,0.00,0.00,0.00,0.00
51437.00,0.00,0.00,0.39,0.00,0.00,16.57,0.00,0.00,7613.32,-0.00,0.00,0.00,-0.00,-0.00,0.00
51441.00,0.00,0.00,0.47,0.00,0.00,20.05,0.00,0.00,869.21,-0.00,0.00,0.00,-0.00,-0.00,0.00
51448.00,0.00,0.00,0.25,0.00,0.00,-31.22,0.00,0.00,-7323.89,-0.00,0.00,0.00,0.00,-0.00,0.00
51457.00,0.00,0.00,0.46,0.00,0.00,22.89,0.00,0.00,6012.02,-0.00,0.00,0.00,0.00,0.00,-0.00
51474.00,0.00,0.00,0.37,0.00,0.00,-5.14,0.00,0.00,-1648.73,-0.00,0.00,0.00,0.00,0.01,0.00
51480.00,0.00,0.00,0.41,0.00,0.00,6.77,0.00,0.00,1985.28,-0.00,0.00,0.00,0.00,0.01,0.00
51491.00,0.00,0.00,0.39,0.00,0.00,-1.99,0.00,0.00,-796.52,-0.00,0.00,0.00,-0.00,0.00,-0.00
51499.00,0.00,0.00,0.34,0.00,0.00,-6.04,0.00,0.00,-505.85,-0.00,0.00,0.00,0.00,0.00,0.00
51503.00,0.00,0.00,0.50,0.00,0.00,40.12,0.00,0.00,11540.25,-0.00,0.00,0.00,0.00,-0.00,-0.00
51509.00,0.00,0.00,0.34,0.00,0.00,-26.96,0.00,0.00,-11179.78,-0.00,0.00,0.00,0.00,0.00,-0.00
51517.00,0.00,0.00,0.39,0.00,0.00,6.90,0.00,0.00,4231.83,-0.00,0.00,0.00,0.00,0.00,0.00
51525.00,0.00,0.00,0.35,0.00,0.00,-5.31,0.00,0.00,-1525.41,-0.00,0.00,0.00,0.00,0.01,0.00
51530.00,0.00,0.00,0.37,0.00,0.00,2.91,0.00,0.00,1643.51,-0.00,0.00,0.00,0.00,0.01,0.00
51536.00,0.00,0.00,0.33,0.00,0.00,-5.67,0.00,0.00,-1430.93,-0.00,0.00,0.00,-0.00,0.00,-0.00
51543.00,0.00,0.00,0.29,0.00,0.00,-6.39,0.00,0.00,-101.89,-0.00,0.00,0.00,-0.00,0.00,0.00
51559.00,0.00,0.00,0.29,0.00,0.00,0.26,0.00,0.00,415.48,-0.00,0.00,0.00,0.00,0.00,-0.00
51572.00,0.00,0.00,0.47,0.00,0.00,14.01,0.00,0.00,1057.34,-0.00,0.00,0.00,0.00,0.00,-0.00
51580.00,0.00,0.00,0.41,0.00,0.00,-7.60,0.00,0.00,-2700.71,-0.00,0.00,0.00,0.00,0.00,0.00
51587.00,0.00,0.00,0.39,0.00,0.00,-2.61,0.00,0.00,712.36,-0.00,0.00,0.00,0.00,0.00,0.00
51594.00,0.00,0.00,0.39,0.00,0.00,-1.20,0.00,0.00,202.16,-0.00,0.00,0.00,0.00,0.00,0.00
51599.00,0.00,0.00,0.40,0.00,0.00,2.33,0.00,0.00,706.30,-0.00,0.00,0.00,0.00,0.00,0.00
51608.00,0.00,0.00,0.38,0.00,0.00,-2.33,0.00,0.00,-518.63,-0.00,0.00,0.00,0.00,0.01,0.00
51616.00,0.00,0.00,0.32,0.00,0.00,-6.95,0.00,0.00,-576.55,-0.00,0.00,0.00,0.00,0.00,0.00
51622.00,0.00,0.00,0.29,0.00,0.00,-5.40,0.00,0.00,257.14,-0.00,0.00,0.00,0.00,-0.00,-0.00
51629.00,0.00,0.00,0.45,0.00,0.00,23.63,0.00,0.00,4147.86,-0.00,0.00,0.00,0.00,-0.00,-0.00
51635.00,0.00,0.00,0.38,0.00,0.00,-11.39,0.00,0.00,-5836.62,-0.00,0.00,0.00,0.00,-0.00,0.00
51644.00,0.00,0.00,0.37,0.00,0.00,-1.66,0.00,0.00,1080.83,-0.00,0.00,0.00,-0.00,0.00,0.00
51660.00,0.00,0.00,0.36,0.00,0.00,-0.37,0.00,0.00,80.53,-0.00,0.00,0.00,0.00,-0.00,0.00
51668.00,0.00,0.00,0.34,0.00,0.00,-3.13,0.00,0.00,-345.32,-0.00,0.00,0.00,0.00,0.00,0.00
51677.00,0.00,0.00,0.26,0.00,0.00,-9.12,0.00,0.00,-665.62,-0.00,0.00,0.00,-0.00,0.00,0.00
51682.00,0.00,0.00,0.40,0.00,0.00,28.58,0.00,0.00,7541.07,-0.00,0.00,0.00,-0.00,0.00,0.00
51689.00,0.00,0.00,0.29,0.00,0.00,-15.39,0.00,0.00,-6280.97,-0.00,0.00,0.00,0.00,0.00,0.00
51698.00,0.00,0.00,0.39,0.00,0.00,11.00,0.00,0.00,2931.59,-0.00,0.00,0.00,-0.00,0.00,0.00
51705.00,0.00,0.00,0.42,0.00,0.00,3.82,0.00,0.00,-1024.90,-0.00,0.00,0.00,0.00,0.00,-0.00
51711.00,0.00,0.00,0.41,0.00,0.00,-1.99,0.00,0.00,-968.47,-0.00,0.00,0.00,0.00,0.00,-0.00
51718.00,0.00,0.00,0.41,0.00,0.00,0.05,0.00,0.00,290.47,-0.00,0.00,0.00,0.00,0.00,0.00
51731.00,0.00,0.00,0.37,0.00,0.00,-2.81,0.00,0.00,-219.58,-0.00,0.00,0.00,0.00,0.00,0.00
51739.00,0.00,0.00,0.41,0.00,0.00,5.44,0.00,0.00,1030.99,-0.00,0.00,0.00,0.00,0.00,0.00
51747.00,0.00,0.00,0.33,0.00,0.00,-10.10,0.00,0.00,-1942.56,-0.00,0.00,0.00,-0.00,0.00,-0.00
51764.00,0.00,0.00,0.30,0.00,0.00,-1.91,0.00,0.00,481.97,-0.00,0.00,0.00,0.00,0.00,-0.00
51770.00,0.00,0.00,0.41,0.00,0.00,18.19,0.00,0.00,3349.38,-0.00,0.00,0.00,0.00,0.00,-0.00
51778.00,0.00,0.00,0.40,0.00,0.00,-1.17,0.00,0.00,-2420.37,-0.00,0.00,0.00,0.00,0.01,0.00
51784.00,0.00,0.00,0.34,0.00,0.00,-10.37,0.00,0.00,-1532.52,-0.00,0.00,0.00,-0.00,0.00,0.00
51789.00,0.00,0.00,0.35,0.00,0.00,1.82,0.00,0.00,2438.34,-0.00,0.00,0.00,-0.00,0.00,0.00
51798.00,0.00,0.00,0.30,0.00,0.00,-5.54,0.00,0.00,-817.58,-0.00,0.00,0.00,0.00,0.00,0.00
51806.00,0.00,0.00,0.39,0.00,0.00,11.92,0.00,0.00,2181.79,-0.00,0.00,0.00,0.00,0.00,0.00
51817.00,0.00,0.00,0.40,0.00,0.00,0.52,0.00,0.00,-1036.53,-0.00,0.00,0.00,0.00,0.00,-0.00
51823.00,0.00,0.00,0.39,0.00,0.00,-1.06,0.00,0.00,-262.53,-0.00,0.00,0.00,-0.00,0.00,-0.00
51830.00,0.00,0.00,0.42,0.00,0.00,3.85,0.00,0.00,700.65,-0.00,0.00,0.00,-0.00,0.00,0.00
51835.00,0.00,0.00,0.51,0.00,0.00,17.53,0.00,0.00,2736.90,-0.00,0.00,0.00,0.00,0.00,0.00
51840.00,0.00,0.00,0.38,0.00,0.00,-25.81,0.00,0.00,-8668.05,-0.00,0.00,0.00,0.00,-0.00,-0.00
51848.00,0.00,0.00,0.34,0.00,0.00,-4.32,0.00,0.00,2686.55,-0.00,0.00,0.00,0.00,-0.00,-0.00
51857.00,0.00,0.00,0.49,0.00,0.00,16.09,0.00,0.00,2267.42,-0.00,0.00,0.00,0.00,0.00,0.00
51873.00,0.00,0.00,0.32,0.00,0.00,-10.71,0.00,0.00,-1674.69,-0.00,0.00,0.00,0.00,0.00,0.00
51880.00,0.00,0.00,0.39,0.00,0.00,10.75,0.00,0.00,3065.32,-0.00,0.00,0.00,0.00,0.00,0.00
51886.00,0.00,0.00,0.32,0.00,0.00,-11.55,0.00,0.00,-3717.12,-0.00,0.00,0.00,0.00,0.00,0.00
51896.00,0.00,0.00,0.43,0.00,0.00,10.39,0.00,0.00,2194.32,-0.00,0.00,0.00,0.00,0.00,0.00
51903.00,0.00,0.00,0.50,0.00,0.00,11.11,0.00,0.00,101.98,-0.00,0.00,0.00,0.00,0.00,0.00
51909.00,0.00,0.00,0.38,0.00,0.00,-19.83,0.00,0.00,-5155.57,-0.00,0.00,0.00,0.00,0.00,0.00
51918.00,0.00,0.00,0.31,0.00,0.00,-8.09,0.00,0.00,1304.36,-0.00,0.00,0.00,-0.00,0.00,0.00
51925.00,0.00,0.00,0.31,0.00,0.00,0.29,0.00,0.00,1196.71,-0.00,0.00,0.00,0.00,0.00,-0.00
51931.00,0.00,0.00,0.41,0.00,0.00,16.04,0.00,0.00,2624.84,-0.00,0.00,0.00,0.00,0.00,-0.00
51935.00,0.00,0.00,0.38,0.00,0.00,-6.56,0.00,0.00,-5650.71,-0.00,0.00,0.00,0.00,-0.00,0.00
51941.00,0.00,0.00,0.33,0.00,0.00,-8.79,0.00,0.00,-370.50,-0.00,0.00,0.00,0.00,-0.00,0.00
51948.00,0.00,0.00,0.41,0.00,0.00,11.29,0.00,0.00,2868.05,-0.00,0.00,0.00,0.00,0.00,-0.00
51966.00,0.00,0.00,0.40,0.00,0.00,-0.77,0.00,0.00,-670.19,-0.00,0.00,0.00,0.00,-0.00,-0.00
51982.00,0.00,0.00,0.43,0.00,0.00,1.95,0.00,0.00,170.35,-0.00,0.00,0.00,0.00,0.00,0.00
51990.00,0.00,0.00,0.45,0.00,0.00,2.73,0.00,0.00,96.80,-0.00,0.00,0.00,0.00,0.00,0.00
51998.00,0.00,0.00,0.38,0.00,0.00,-9.08,0.00,0.00,-1476.08,-0.00,0.00,0.00,-0.00,-0.01,-0.00
52006.00,0.00,0.00,0.33,0.00,0.00,-5.65,0.00,0.00,429.08,-0.00,0.00,0.00,0.00,0.00,0.00
52011.00,0.00,0.00,0.39,0.00,0.00,11.26,0.00,0.00,3381.72,-0.00,0.00,0.00,0.00,0.00,-0.00
52019.00,0.00,0.00,0.36,0.00,0.00,-3.71,0.00,0.00,-1870.91,-0.00,0.00,0.00,0.00,0.00,-0.00
52027.00,0.00,0.00,0.39,0.00,0.00,4.26,0.00,0.00,995.92,-0.00,0.00,0.00,-0.00,0.00,0.00
52033.00,0.00,0.00,0.47,0.00,0.00,12.68,0.00,0.00,1403.32,-0.00,0.00,0.00,0.00,-0.00,-0.00
52039.00,0.00,0.00,0.36,0.00,0.00,-18.69,0.00,0.00,-5227.62,-0.00,0.00,0.00,0.00,-0.00,-0.00
52048.00,0.00,0.00,0.38,0.00,0.00,2.59,0.00,0.00,2363.86,-0.00,0.00,0.00,-0.00,0.00,-0.00
52061.00,0.00,0.00,0.32,0.00,0.00,-4.88,0.00,0.00,-574.36,-0.00,0.00,0.00,0.00,0.00,0.00
52079.00,0.00,0.00,0.32,0.00,0.00,0.01,0.00,0.00,271.67,-0.00,0.00,0.00,0.00,-0.00,0.00
52085.00,0.00,0.00,0.32,0.00,0.00,1.00,0.00,0.00,164.74,-0.00,0.00,0.00,0.00,0.00,-0.00
52090.00,0.00,0.00,0.45,0.00,0.00,25.77,0.00,0.00,4955.06,-0.00,0.00,0.00,0.00,0.00,-0.00
52099.00,0.00,0.00,0.40,0.00,0.00,-5.87,0.00,0.00,-3515.61,-0.00,0.00,0.00,0.00,0.00,-0.00
52106.00,0.00,0.00,0.43,0.00,0.00,3.87,0.00,0.00,1391.15,-0.00,0.00,0.00,0.00,-0.00,0.00
52112.00,0.00,0.00,0.49,0.00,0.00,11.00,0.00,0.00,1188.29,-0.00,0.00,0.00,0.00,-0.00,0.00
52119.00,0.00,0.00,0.35,0.00,0.00,-19.67,0.00,0.00,-4382.09,-0.00,0.00,0.00,0.00,-0.00,0.00
52128.00,0.00,0.00,0.34,0.00,0.00,-1.94,0.00,0.00,1970.56,-0.00,0.00,0.00,0.00,0.00,0.00
52133.00,0.00,0.00,0.38,0.00,0.00,8.67,0.00,0.00,2121.56,-0.00,0.00,0.00,0.00,0.00,0.00
52145.00,0.00,0.00,0.31,0.00,0.00,-5.55,0.00,0.00,-1184.66,-0.00,0.00,0.00,0.00,0.00,0.00
52161.00,0.00,0.00,0.36,0.00,0.00,3.08,0.00,0.00,539.14,-0.00,0.00,0.00,0.00,-0.00,-0.00
52167.00,0.00,0.00,0.45,0.00,0.00,13.93,0.00,0.00,1808.68,-0.00,0.00,0.00,-0.00,0.00,0.00
52171.00,0.00,0.00,0.44,0.00,0.00,-1.35,0.00,0.00,-3819.82,-0.00,0.00,0.00,-0.00,0.00,0.00
52180.00,0.00,0.00,0.27,0.00,0.00,-18.76,0.00,0.00,-1934.65,-0.00,0.00,0.00,-0.00,0.00,0.00
52185.00,0.00,0.00,0.36,0.00,0.00,17.47,0.00,0.00,7245.70,-0.00,0.00,0.00,-0.00,-0.00,-0.00
52191.00,0.00,0.00,0.42,0.00,0.00,10.70,0.00,0.00,-1128.38,-0.00,0.00,0.00,-0.00,-0.00,-0.00
52198.00,0.00,0.00,0.36,0.00,0.00,-9.70,0.00,0.00,-2913.57,-0.00,0.00,0.00,0.00,0.00,-0.00
52206.00,0.00,0.00,0.31,0.00,0.00,-5.48,0.00,0.00,526.44,-0.00,0.00,0.00,-0.00,-0.00,0.00
52211.00,0.00,0.00,0.39,0.00,0.00,14.77,0.00,0.00,4051.35,-0.00,0.00,0.00,-0.00,-0.00,-0.00
52224.00,0.00,0.00,0.38,0.00,0.00,-0.51,0.00,0.00,-1175.89,-0.00,0.00,0.00,0.00,0.00,-0.00
52231.00,0.00,0.00,0.45,0.00,0.00,10.43,0.00,0.00,1563.54,-0.00,0.00,0.00,0.00,0.00,-0.00
52238.00,0.00,0.00,0.44,0.00,0.00,-1.22,0.00,0.00,-1663.81,-0.00,0.00,0.00,-0.00,-0.00,0.00
52245.00,0.00,0.00,0.36,0.00,0.00,-11.28,0.00,0.00,-1437.22,-0.00,0.00,0.00,0.00,-0.00,0.00
52251.00,0.00,0.00,0.37,0.00,0.00,1.30,0.00,0.00,2096.58,-0.00,0.00,0.00,0.00,-0.00,0.00
52269.00,0.00,0.00,0.45,0.00,0.00,4.25,0.00,0.00,163.71,-0.00,0.00,0.00,0.00,0.00,0.00
52276.00,0.00,0.00,0.43,0.00,0.00,-3.20,0.00,0.00,-1063.70,-0.00,0.00,0.00,0.00,0.00,-0.00
52281.00,0.00,0.00,0.46,0.00,0.00,6.85,0.00,0.00,2008.38,-0.00,0.00,0.00,0.00,0.00,-0.00
52287.00,0.00,0.00,0.47,0.00,0.00,0.83,0.00,0.00,-1002.89,-0.00,0.00,0.00,-0.00,0.00,0.00
52292.00,0.00,0.00,0.38,0.00,0.00,-17.67,0.00,0.00,-3700.14,-0.00,0.00,0.00,0.00,-0.00,0.00
52305.00,0.00,0.00,0.34,0.00,0.00,-2.59,0.00,0.00,1160.30,-0.00,0.00,0.00,0.00,0.00,0.00
52311.00,0.00,0.00,0.37,0.00,0.00,4.37,0.00,0.00,1159.22,-0.00,0.00,0.00,0.00,0.00,-0.00
52319.00,0.00,0.00,0.39,0.00,0.00,3.01,0.00,0.00,-169.27,-0.00,0.00,0.00,0.00,0.00,-0.00
52327.00,0.00,0.00,0.38,0.00,0.00,-1.28,0.00,0.00,-536.14,-0.00,0.00,0.00,0.00,0.00,0.00
52332.00,0.00,0.00,0.37,0.00,0.00,-3.34,0.00,0.00,-413.46,-0.00,0.00,0.00,-0.00,-0.00,0.00
52340.00,0.00,0.00,0.41,0.00,0.00,5.88,0.00,0.00,1152.61,-0.00,0.00,0.00,-0.00,-0.00,0.00
52348.00,0.00,0.00,0.46,0.00,0.00,6.34,0.00,0.00,57.44,-0.00,0.00,0.00,-0.00,0.00,0.00
52364.00,0.00,0.00,0.36,0.00,0.00,-6.31,0.00,0.00,-790.59,-0.00,0.00,0.00,0.00,0.00,0.00
52371.00,0.00,0.00,0.38,0.00,0.00,2.84,0.00,0.00,1306.94,-0.00,0.00,0.00,0.00,0.00,0.00
52379.00,0.00,0.00,0.37,0.00,0.00,-1.53,0.00,0.00,-545.14,-0.00,0.00,0.00,0.00,-0.00,0.00
52389.00,0.00,0.00,0.39,0.00,0.00,1.66,0.00,0.00,318.04,-0.00,0.00,0.00,0.00,0.00,0.00
52399.00,0.00,0.00,0.37,0.00,0.00,-1.58,0.00,0.00,-323.83,-0.00,0.00,0.00,-0.00,-0.00,0.00
52406.00,0.00,0.00,0.39,0.00,0.00,2.64,0.00,0.00,603.97,-0.00,0.00,0.00,-0.00,-0.00,0.00
52411.00,0.00,0.00,0.45,0.00,0.00,11.96,0.00,0.00,1862.62,-0.00,0.00,0.00,-0.00,-0.00,0.00
52419.00,0.00,0.00,0.26,0.00,0.00,-23.37,0.00,0.00,-4415.91,-0.00,0.00,0.00,-0.00,-0.00,0.00
52427.00,0.00,0.00,0.30,0.00,0.00,4.61,0.00,0.00,3497.77,-0.00,0.00,0.00,0.00,-0.00,0.00
52432.00,0.00,0.00,0.27,0.00,0.00,-5.03,0.00,0.00,-1928.06,-0.00,0.00,0.00,0.00,-0.00,0.00
52439.00,0.00,0.00,0.40,0.00,0.00,17.68,0.00,0.00,3243.68,-0.00,0.00,0.00,-0.00,-0.00,0.00
52447.00,0.00,0.00,0.36,0.00,0.00,-5.07,0.00,0.00,-2843.30,-0.00,0.00,0.00,-0.00,0.00,-0.00
52462.00,0.00,0.00,0.35,0.00,0.00,-0.40,0.00,0.00,311.07,-0.00,0.00,0.00,-0.00,0.00,0.00
52475.00,0.00,0.00,0.39,0.00,0.00,3.14,0.00,0.00,272.72,-0.00,0.00,0.00,-0.00,-0.00,0.00
52482.00,0.00,0.00,0.35,0.00,0.00,-5.67,0.00,0.00,-1259.59,-0.00,0.00,0.00,0.00,-0.00,0.00
52489.00,0.00,0.00,0.43,0.00,0.00,10.43,0.00,0.00,2301.31,-0.00,0.00,0.00,0.00,-0.00,-0.00
52497.00,0.00,0.00,0.41,0.00,0.00,-2.26,0.00,0.00,-1586.67,-0.00,0.00,0.00,0.00,-0.00,-0.00
52502.00,0.00,0.00,0.34,0.00,0.00,-14.48,0.00,0.00,-2445.25,-0.00,0.00,0.00,0.00,-0.00,-0.00
52510.00,0.00,0.00,0.36,0.00,0.00,3.16,0.00,0.00,2205.25,-0.00,0.00,0.00,0.00,0.00,0.00
52519.00,0.00,0.00,0.38,0.00,0.00,1.80,0.00,0.00,-151.18,-0.00,0.00,0.00,-0.00,0.00,-0.00
52526.00,0.00,0.00,0.30,0.00,0.00,-10.87,0.00,0.00,-1810.03,-0.00,0.00,0.00,-0.00,-0.00,0.00
52531.00,0.00,0.00,0.42,0.00,0.00,23.76,0.00,0.00,6925.91,-0.00,0.00,0.00,-0.00,-0.00,0.00
52537.00,0.00,0.00,0.40,0.00,0.00,-3.98,0.00,0.00,-4623.01,-0.00,0.00,0.00,0.00,0.00,0.00
52547.00,0.00,0.00,0.43,0.00,0.00,3.46,0.00,0.00,744.13,-0.00,0.00,0.00,0.00,0.00,0.00
52563.00,0.00,0.00,0.42,0.00,0.00,-0.76,0.00,0.00,-263.68,-0.00,0.00,0.00,-0.00,0.00,-0.00
52571.00,0.00,0.00,0.41,0.00,0.00,-1.59,0.00,0.00,-103.40,-0.00,0.00,0.00,0.00,0.00,-0.00
52577.00,0.00,0.00,0.42,0.00,0.00,1.95,0.00,0.00,589.13,-0.00,0.00,0.00,0.00,-0.00,0.00
52582.00,0.00,0.00,0.42,0.00,0.00,0.00,0.00,0.00,-389.59,-0.00,0.00,0.00,0.00,-0.00,0.00
52584.00,0.00,0.00,0.38,0.00,0.00,-18.98,0.00,0.00,-9491.11,-0.00,0.00,0.00,0.00,0.00,-0.00
52591.00,0.00,0.00,0.40,0.00,0.00,2.27,0.00,0.00,3036.14,-0.00,0.00,0.00,0.00,0.00,-0.00
52599.00,0.00,0.00,0.36,0.00,0.00,-3.91,0.00,0.00,-772.35,-0.00,0.00,0.00,0.00,0.00,-0.00
52607.00,0.00,0.00,0.38,0.00,0.00,1.82,0.00,0.00,716.10,-0.00,0.00,0.00,-0.00,-0.00,0.00
52613.00,0.00,0.00,0.30,0.00,0.00,-13.67,0.00,0.00,-2582.10,-0.00,0.00,0.00,-0.00,-0.00,0.00
52625.00,0.00,0.00,0.47,0.00,0.00,14.15,0.00,0.00,2318.13,-0.00,0.00,0.00,-0.00,0.00,-0.00
52632.00,0.00,0.00,0.35,0.00,0.00,-16.75,0.00,0.00,-4413.47,-0.00,0.00,0.00,-0.00,0.00,-0.00
52638.00,0.00,0.00,0.34,0.00,0.00,-0.90,0.00,0.00,2641.14,-0.00,0.00,0.00,0.00,0.00,-0.00
52645.00,0.00,0.00,0.39,0.00,0.00,7.07,0.00,0.00,1138.19,-0.00,0.00,0.00,-0.00,0.00,-0.00
52651.00,0.00,0.00,0.44,0.00,0.00,7.44,0.00,0.00,61.92,-0.00,0.00,0.00,-0.00,0.00,0.00
52669.00,0.00,0.00,0.33,0.00,0.00,-6.05,0.00,0.00,-749.40,-0.00,0.00,0.00,0.00,0.00,0.00
52677.00,0.00,0.00,0.48,0.00,0.00,18.42,0.00,0.00,3059.14,-0.00,0.00,0.00,0.00,-0.00,0.00
52682.00,0.00,0.00,0.35,0.00,0.00,-25.97,0.00,0.00,-8879.09,-0.00,0.00,0.00,0.00,-0.00,0.00
52690.00,0.00,0.00,0.34,0.00,0.00,-0.75,0.00,0.00,3152.93,-0.00,0.00,0.00,0.00,-0.00,0.00
52698.00,0.00,0.00,0.35,0.00,0.00,1.56,0.00,0.00,288.68,-0.00,0.00,0.00,-0.00,0.00,0.00
52714.00,0.00,0.00,0.37,0.00,0.00,1.21,0.00,0.00,-21.74,-0.00,0.00,0.00,0.00,-0.00,0.00
52722.00,0.00,0.00,0.31,0.00,0.00,-7.87,0.00,0.00,-1134.91,-0.00,0.00,0.00,0.00,-0.00,0.00
52730.00,0.00,0.00,0.36,0.00,0.00,6.00,0.00,0.00,1733.02,-0.00,0.00,0.00,0.00,0.00,-0.00
52735.00,0.00,0.00,0.43,0.00,0.00,14.71,0.00,0.00,1743.01,-0.00,0.00,0.00,-0.00,0.00,0.00
52741.00,0.00,0.00,0.35,0.00,0.00,-13.22,0.00,0.00,-4654.46,-0.00,0.00,0.00,-0.00,0.00,0.00
52759.00,0.00,0.00,0.44,0.00,0.00,4.91,0.00,0.00,1006.84,-0.00,0.00,0.00,-0.00,0.01,0.00
52766.00,0.00,0.00,0.28,0.00,0.00,-22.61,0.00,0.00,-3931.00,-0.00,0.00,0.00,-0.00,0.00,0.00
52772.00,0.00,0.00,0.38,0.00,0.00,16.53,0.00,0.00,6523.54,-0.00,0.00,0.00,-0.00,0.00,0.00
52780.00,0.00,0.00,0.37,0.00,0.00,-1.61,0.00,0.00,-2267.96,-0.00,0.00,0.00,0.01,-0.00,0.00
52785.00,0.00,0.00,0.38,0.00,0.00,2.74,0.00,0.00,870.09,-0.00,0.00,0.00,0.01,-0.00,-0.00
52796.00,0.00,0.00,0.48,0.00,0.00,8.58,0.00,0.00,531.16,-0.00,0.00,0.00,-0.01,-0.00,-0.00
52803.00,0.00,0.00,0.38,0.00,0.00,-13.48,0.00,0.00,-3151.56,-0.00,0.00,0.00,-0.01,-0.00,-0.00
52810.00,0.00,0.00,0.39,0.00,0.00,1.86,0.00,0.00,2191.21,-0.00,0.00,0.00,-0.01,0.00,0.00
52818.00,0.00,0.00,0.33,0.00,0.00,-7.67,0.00,0.00,-1190.65,-0.00,0.00,0.00,0.01,-0.00,0.00
52824.00,0.00,0.00,0.37,0.00,0.00,5.66,0.00,0.00,2221.30,-0.00,0.00,0.00,0.01,-0.01,0.00
52831.00,0.00,0.00,0.32,0.00,0.00,-7.08,0.00,0.00,-1819.53,-0.00,0.00,0.00,0.01,-0.01,0.00
52837.00,0.00,0.00,0.36,0.00,0.00,7.38,0.00,0.00,2409.42,-0.00,0.00,0.00,-0.01,-0.00,-0.00
52842.00,0.00,0.00,0.36,0.00,0.00,-0.96,0.00,0.00,-1668.97,-0.00,0.00,0.00,-0.01,-0.00,-0.00
52850.00,0.00,0.00,0.31,0.00,0.00,-5.56,0.00,0.00,-574.78,-0.00,0.00,0.00,-0.00,0.00,-0.01
52868.00,0.00,0.00,0.40,0.00,0.00,4.89,0.00,0.00,580.79,-0.00,0.00,0.00,0.00,-0.00,0.00
52878.00,0.00,0.00,0.43,0.00,0.00,2.81,0.00,0.00,-208.52,-0.00,0.00,0.00,-0.01,-0.00,-0.00
52885.00,0.00,0.00,0.40,0.00,0.00,-4.78,0.00,0.00,-1084.15,-0.00,0.00,0.00,-0.01,0.00,-0.00
52891.00,0.00,0.00,0.37,0.00,0.00,-4.92,0.00,0.00,-23.13,-0.00,0.00,0.00,-0.00,0.00,-0.00
52900.00,0.00,0.00,0.35,0.00,0.00,-1.36,0.00,0.00,395.23,-0.00,0.00,0.00,0.01,0.01,-0.01
52907.00,0.00,0.00,0.28,0.00,0.00,-10.62,0.00,0.00,-1322.18,-0.00,0.00,0.00,0.00,0.00,-0.00
52913.00,0.00,0.00,0.38,0.00,0.00,16.42,0.00,0.00,4506.04,-0.00,0.00,0.00,-0.00,0.00,-0.00
52920.00,0.00,0.00,0.36,0.00,0.00,-1.83,0.00,0.00,-2606.01,-0.00,0.00,0.00,-0.01,0.00,0.00
52928.00,0.00,0.00,0.46,0.00,0.00,12.28,0.00,0.00,1763.69,-0.00,0.00,0.00,-0.01,0.00,0.00
52934.00,0.00,0.00,0.30,0.00,0.00,-26.55,0.00,0.00,-6471.79,-0.00,0.00,0.00,-0.00,0.00,0.00
52941.00,0.00,0.00,0.35,0.00,0.00,7.32,0.00,0.00,4837.92,-0.00,0.00,0.00,0.00,0.00,0.00
52954.00,0.00,0.00,0.42,0.00,0.00,4.81,0.00,0.00,-193.35,-0.00,0.00,0.00,0.00,-0.00,0.00
52972.00,0.00,0.00,0.33,0.00,0.00,-5.00,0.00,0.00,-544.60,-0.00,0.00,0.00,-0.01,-0.00,0.00
52980.00,0.00,0.00,0.34,0.00,0.00,2.13,0.00,0.00,891.40,-0.00,0.00,0.00,0.00,-0.01,0.00
52985.00,0.00,0.00,0.41,0.00,0.00,13.91,0.00,0.00,2355.36,-0.00,0.00,0.00,0.00,-0.00,0.00
52992.00,0.00,0.00,0.37,0.00,0.00,-6.76,0.00,0.00,-2953.35,-0.00,0.00,0.00,-0.00,0.00,0.00
53000.00,0.00,0.00,0.40,0.00,0.00,3.81,0.00,0.00,1321.80,-0.00,0.00,0.00,-0.01,0.01,0.00
53008.00,0.00,0.00,0.39,0.00,0.00,-0.69,0.00,0.00,-562.99,-0.00,0.00,0.00,-0.01,0.01,0.01
53013.00,0.00,0.00,0.43,0.00,0.00,6.71,0.00,0.00,1480.79,-0.00,0.00,0.00,-0.01,0.00,0.00
53021.00,0.00,0.00,0.42,0.00,0.00,-0.32,0.00,0.00,-879.57,-0.00,0.00,0.00,-0.00,-0.00,0.00
53030.00,0.00,0.00,0.44,0.00,0.00,1.94,0.00,0.00,251.13,-0.00,0.00,0.00,-0.01,0.00,0.00
53040.00,0.00,0.00,0.33,0.00,0.00,-11.44,0.00,0.00,-1337.36,-0.00,0.00,0.00,-0.02,0.00,-0.00
53049.00,0.00,0.00,0.43,0.00,0.00,11.26,0.00,0.00,2521.82,-0.00,0.00,0.00,-0.02,0.02,0.00
53055.00,0.00,0.00,0.38,0.00,0.00,-7.73,0.00,0.00,-3164.90,-0.00,0.00,0.00,-0.02,0.03,0.00
53071.00,0.00,0.00,0.30,0.00,0.00,-5.21,0.00,0.00,157.87,-0.00,0.00,0.00,-0.01,0.04,0.01
53080.00,0.00,0.00,0.41,0.00,0.00,12.98,0.00,0.00,2020.56,-0.00,0.00,0.00,-0.01,0.04,0.01
53085.00,0.00,0.00,0.32,0.00,0.00,-18.18,0.00,0.00,-6231.92,-0.00,0.00,0.00,-0.01,0.04,0.00
53091.00,0.00,0.00,0.43,0.00,0.00,17.49,0.00,0.00,5944.73,-0.00,0.00,0.00,-0.01,0.03,-0.00
53096.00,0.00,0.00,0.37,0.00,0.00,-11.13,0.00,0.00,-5724.09,-0.00,0.00,0.00,0.00,0.03,-0.01
53102.00,0.00,0.00,0.42,0.00,0.00,7.69,0.00,0.00,3137.60,-0.00,0.00,0.00,0.01,0.02,-0.01
53110.00,0.00,0.00,0.44,0.00,0.00,2.09,0.00,0.00,-700.27,-0.00,0.00,0.00,0.02,-0.00,-0.02
53122.00,0.00,0.00,0.37,0.00,0.00,-5.26,0.00,0.00,-612.58,-0.00,0.00,0.00,0.00,0.00,0.00
53127.00,0.00,0.00,0.39,0.00,0.00,2.91,0.00,0.00,1633.84,-0.00,0.00,0.00,0.02,-0.01,-0.03
53132.00,0.00,0.00,0.36,0.00,0.00,-6.34,0.00,0.00,-1850.77,-0.00,0.00,0.00,0.02,-0.01,-0.03
53138.00,0.00,0.00,0.37,0.00,0.00,2.33,0.00,0.00,1445.25,-0.00,0.00,0.00,0.01,0.00,-0.02
53143.00,0.00,0.00,0.43,0.00,0.00,12.77,0.00,0.00,2088.54,-0.00,0.00,0.00,0.01,0.00,-0.01
53147.00,0.00,0.00,0.41,0.00,0.00,-5.40,0.00,0.00,-4542.20,-0.00,0.00,0.00,0.01,0.02,-0.02
53152.00,0.00,0.00,0.37,0.00,0.00,-8.02,0.00,0.00,-523.67,-0.00,0.00,0.00,0.01,0.02,-0.02
53170.00,0.00,0.00,0.40,0.00,0.00,1.58,0.00,0.00,533.15,-0.00,0.00,0.00,-0.00,0.02,-0.01
53177.00,0.00,0.00,0.37,0.00,0.00,-4.45,0.00,0.00,-861.65,-0.00,0.01,0.00,-0.00,0.01,0.00
53183.00,0.00,0.00,0.45,0.00,0.00,12.87,0.00,0.00,2887.39,-0.00,0.01,0.00,-0.00,0.01,0.00
53195.00,0.00,0.00,0.51,0.00,0.00,5.30,0.00,0.00,-631.23,-0.00,0.01,0.00,-0.00,-0.00,0.00
53203.00,0.00,0.00,0.36,0.00,0.00,-18.15,0.00,0.00,-2930.46,-0.00,0.01,0.00,-0.00,-0.00,0.00
53210.00,0.00,0.00,0.33,0.00,0.00,-4.17,0.00,0.00,1996.41,-0.00,0.01,0.00,-0.01,-0.00,0.00
53218.00,0.00,0.00,0.36,0.00,0.00,3.30,0.00,0.00,933.61,-0.00,0.01,0.00,-0.01,0.00,0.00
53223.00,0.00,0.00,0.49,0.00,0.00,26.33,0.00,0.00,4605.97,-0.00,0.01,0.00,-0.01,0.00,0.00
53231.00,0.00,0.00,0.39,0.00,0.00,-12.60,0.00,0.00,-4865.94,-0.00,0.01,0.00,-0.01,0.00,0.01
53237.00,0.00,0.00,0.44,0.00,0.00,8.30,0.00,0.00,3483.62,-0.00,0.01,0.00,-0.01,-0.00,0.01
53243.00,0.00,0.00,0.33,0.00,0.00,-19.28,0.00,0.00,-4596.15,-0.00,0.01,0.00,-0.01,-0.00,0.01
53250.00,0.00,0.00,0.29,0.00,0.00,-5.70,0.00,0.00,1939.37,-0.00,0.00,0.00,-0.01,-0.01,0.01
53267.00,0.00,0.00,0.41,0.00,0.00,7.22,0.00,0.00,759.96,-0.00,0.00,0.00,-0.00,-0.01,0.00
53278.00,0.00,0.00,0.32,0.00,0.00,-8.03,0.00,0.00,-1386.30,-0.00,0.00,0.00,0.01,-0.01,-0.01
53284.00,0.00,0.00,0.37,0.00,0.00,8.12,0.00,0.00,2691.40,-0.00,0.00,0.00,0.01,-0.00,-0.01
53291.00,0.00,0.00,0.35,0.00,0.00,-2.10,0.00,0.00,-1460.47,-0.00,0.00,0.00,0.00,-0.00,-0.01
53300.00,0.00,0.00,0.38,0.00,0.00,3.01,0.00,0.00,568.21,-0.00,0.00,0.00,-0.00,0.00,0.00
53306.00,0.00,0.00,0.33,0.00,0.00,-7.96,0.00,0.00,-1828.02,-0.00,0.00,0.00,-0.00,0.00,0.00
53312.00,0.00,0.00,0.40,0.00,0.00,10.19,0.00,0.00,3024.45,-0.00,0.00,0.00,0.00,-0.00,0.00
53320.00,0.00,0.00,0.40,0.00,0.00,0.33,0.00,0.00,-1232.12,-0.00,0.00,0.00,0.01,-0.01,0.00
53328.00,0.00,0.00,0.41,0.00,0.00,1.33,0.00,0.00,124.29,-0.00,0.00,0.00,0.01,-0.01,-0.01
53333.00,0.00,0.00,0.30,0.00,0.00,-21.31,0.00,0.00,-4526.11,-0.00,0.00,0.00,0.01,-0.01,-0.01
53339.00,0.00,0.00,0.40,0.00,0.00,15.91,0.00,0.00,6203.34,-0.00,0.00,0.00,0.01,-0.00,-0.02
53350.00,0.00,0.00,0.38,0.00,0.00,-1.38,0.00,0.00,-1572.17,-0.00,0.00,0.00,-0.00,0.00,-0.01
53368.00,0.00,0.00,0.37,0.00,0.00,-0.71,0.00,0.00,37.41,-0.00,0.00,0.00,-0.01,0.01,0.01
53374.00,0.00,0.00,0.45,0.00,0.00,12.97,0.00,0.00,2278.50,-0.00,0.00,0.00,-0.01,0.01,0.01
53381.00,0.00,0.00,0.34,0.00,0.00,-15.11,0.00,0.00,-4011.43,-0.00,0.00,0.00,-0.01,0.01,0.01
53387.00,0.00,0.00,0.40,0.00,0.00,9.18,0.00,0.00,4049.34,-0.00,0.00,0.00,-0.01,0.01,-0.00
53393.00,0.00,0.00,0.31,0.00,0.00,-13.67,0.00,0.00,-3809.06,-0.00,0.00,0.00,-0.01,0.01,-0.00
53401.00,0.00,0.00,0.34,0.00,0.00,3.56,0.00,0.00,2153.76,-0.00,0.00,0.00,-0.00,0.00,-0.01
53409.00,0.00,0.00,0.37,0.00,0.00,2.85,0.00,0.00,-88.27,-0.00,0.00,0.00,0.01,-0.00,-0.01
53415.00,0.00,0.00,0.37,0.00,0.00,1.39,0.00,0.00,-243.30,-0.00,0.00,0.00,0.01,-0.00,-0.01
53421.00,0.00,0.00,0.31,0.00,0.00,-10.66,0.00,0.00,-2007.76,-0.00,0.00,0.00,0.00,0.00,0.00
53435.00,0.00,0.00,0.42,0.00,0.00,8.09,0.00,0.00,1339.00,-0.00,0.00,0.00,-0.00,-0.00,-0.00
53443.00,0.00,0.00,0.40,0.00,0.00,-2.44,0.00,0.00,-1316.29,-0.00,0.00,0.00,-0.00,0.00,-0.00
53451.00,0.00,0.00,0.34,0.00,0.00,-7.50,0.00,0.00,-632.68,-0.00,0.00,0.00,0.01,-0.00,-0.00
53468.00,0.00,0.00,0.37,0.00,0.00,1.33,0.00,0.00,519.33,-0.00,0.00,0.00,0.00,-0.01,-0.01
53473.00,0.00,0.00,0.33,0.00,0.00,-8.06,0.00,0.00,-1878.18,-0.00,0.00,0.00,0.00,0.00,0.00
53477.00,0.00,0.00,0.44,0.00,0.00,27.71,0.00,0.00,8943.67,-0.00,0.00,0.00,0.00,-0.01,-0.01
53483.00,0.00,0.00,0.37,0.00,0.00,-11.38,0.00,0.00,-6514.98,-0.00,0.00,0.00,0.00,-0.02,-0.01
53489.00,0.00,0.00,0.38,0.00,0.00,1.94,0.00,0.00,2219.64,-0.00,0.00,0.00,0.00,-0.02,-0.00
53495.00,0.00,0.00,0.41,0.00,0.00,4.81,0.00,0.00,478.46,-0.00,0.00,0.00,0.00,-0.02,0.00
53502.00,0.00,0.00,0.38,0.00,0.00,-4.59,0.00,0.00,-1343.17,-0.00,0.00,0.00,0.00,-0.02,0.00
53515.00,0.00,0.00,0.37,0.00,0.00,-0.20,0.00,0.00,338.12,-0.00,0.00,0.00,-0.02,0.01,0.01
53523.00,0.00,0.00,0.38,0.00,0.00,0.23,0.00,0.00,53.40,-0.00,0.00,0.00,-0.02,0.01,0.01
53531.00,0.00,0.00,0.25,0.00,0.00,-15.84,0.00,0.00,-2008.83,-0.00,0.00,0.00,-0.02,0.02,0.02
53537.00,0.00,0.00,0.38,0.00,0.00,21.04,0.00,0.00,6146.31,-0.00,0.00,0.00,-0.02,0.01,0.02
53542.00,0.00,0.00,0.41,0.00,0.00,5.99,0.00,0.00,-3010.02,-0.00,0.00,0.00,-0.02,0.01,0.02
53561.00,0.00,0.00,0.30,0.00,0.00,-5.60,0.00,0.00,-610.13,-0.00,0.00,0.00,-0.02,0.00,0.01
53568.00,0.00,0.00,0.44,0.00,0.00,19.38,0.00,0.00,3569.51,-0.00,0.00,0.00,-0.02,0.00,0.01
53574.00,0.00,0.00,0.37,0.00,0.00,-10.85,0.00,0.00,-5038.96,-0.00,0.00,0.00,-0.02,0.00,0.01
53582.00,0.00,0.00,0.42,0.00,0.00,6.24,0.00,0.00,2136.37,-0.00,0.00,0.00,-0.01,0.01,0.01
53587.00,0.00,0.00,0.32,0.00,0.00,-19.97,0.00,0.00,-5241.71,-0.00,0.00,0.00,-0.00,0.00,0.01
53598.00,0.00,0.00,0.43,0.00,0.00,9.75,0.00,0.00,2702.23,-0.00,0.00,0.00,0.02,-0.01,0.00
53604.00,0.00,0.00,0.46,0.00,0.00,4.78,0.00,0.00,-829.70,-0.00,0.00,0.00,0.02,-0.01,-0.00
53611.00,0.00,0.00,0.43,0.00,0.00,-4.26,0.00,0.00,-1291.27,-0.00,0.00,0.00,0.02,-0.02,-0.01
53619.00,0.00,0.00,0.38,0.00,0.00,-5.20,0.00,0.00,-117.64,-0.00,0.00,0.00,0.02,-0.02,-0.03
53624.00,0.00,0.00,0.43,0.00,0.00,9.67,0.00,0.00,2975.43,-0.00,0.00,0.00,0.01,-0.02,-0.02
53632.00,0.00,0.00,0.39,0.00,0.00,-5.10,0.00,0.00,-1846.91,-0.00,0.00,0.00,0.01,-0.02,-0.02
53637.00,0.00,0.00,0.33,0.00,0.00,-12.62,0.00,0.00,-1504.00,-0.00,0.00,0.00,0.01,-0.01,-0.00
53643.00,0.00,0.00,0.35,0.00,0.00,4.15,0.00,0.00,2794.69,-0.00,0.00,0.00,0.01,-0.01,-0.00
53651.00,0.00,0.00,0.29,0.00,0.00,-7.97,0.00,0.00,-1514.91,-0.00,0.00,0.00,0.01,-0.00,0.01
53668.00,0.00,0.00,0.45,0.00,0.00,9.22,0.00,0.00,1011.44,-0.00,0.00,0.00,0.00,0.01,-0.00
53678.00,0.00,0.00,0.45,0.00,0.00,0.72,0.00,0.00,-850.18,-0.00,0.00,0.00,-0.01,-0.00,-0.00
53685.00,0.00,0.00,0.35,0.00,0.00,-14.36,0.00,0.00,-2153.63,-0.00,0.00,0.00,-0.01,-0.00,-0.00
53691.00,0.00,0.00,0.36,0.00,0.00,1.06,0.00,0.00,2569.69,-0.00,0.00,0.00,-0.01,-0.01,0.00
53699.00,0.00,0.00,0.33,0.00,0.00,-3.73,0.00,0.00,-599.46,-0.00,0.00,0.00,-0.00,-0.01,0.01
53704.00,0.00,0.00,0.30,0.00,0.00,-5.33,0.00,0.00,-320.20,-0.00,0.00,0.00,0.00,-0.00,0.01
53712.00,0.00,0.00,0.36,0.00,0.00,7.05,0.00,0.00,1548.28,-0.00,0.00,0.00,0.00,-0.00,0.00
53720.00,0.00,0.00,0.42,0.00,0.00,8.07,0.00,0.00,126.77,-0.00,0.00,0.00,-0.00,0.01,0.00
53726.00,0.00,0.00,0.36,0.00,0.00,-10.57,0.00,0.00,-3106.95,-0.00,0.00,0.00,-0.00,0.00,-0.00
53732.00,0.00,0.00,0.31,0.00,0.00,-8.11,0.00,0.00,411.48,-0.00,0.00,0.00,-0.00,-0.00,-0.01
53738.00,0.00,0.00,0.36,0.00,0.00,7.51,0.00,0.00,2602.15,-0.00,0.00,0.00,-0.00,-0.01,-0.01
53748.00,0.00,0.00,0.43,0.00,0.00,7.58,0.00,0.00,7.79,-0.00,0.00,0.00,-0.00,0.00,0.00
53764.00,0.00,0.00,0.37,0.00,0.00,-3.73,0.00,0.00,-707.30,-0.00,0.00,0.00,0.00,0.01,0.00
53772.00,0.00,0.00,0.32,0.00,0.00,-6.95,0.00,0.00,-401.68,-0.00,0.00,0.00,0.01,0.01,0.00
53780.00,0.00,0.00,0.31,0.00,0.00,-1.50,0.00,0.00,681.11,-0.00,0.00,0.00,0.01,0.00,-0.01
53785.00,0.00,0.00,0.40,0.00,0.00,19.78,0.00,0.00,4256.28,-0.00,0.00,0.00,0.01,0.00,-0.01
53792.00,0.00,0.00,0.40,0.00,0.00,0.00,0.00,0.00,-2826.39,-0.00,0.00,0.00,0.00,-0.00,-0.01
53794.00,0.00,0.00,0.36,0.00,0.00,-22.50,0.00,0.00,-11248.27,-0.00,0.00,0.00,0.00,-0.01,-0.01
53802.00,0.00,0.00,0.32,0.00,0.00,-5.15,0.00,0.00,2168.32,-0.00,0.00,0.00,0.00,-0.01,-0.00
53810.00,0.00,0.00,0.39,0.00,0.00,9.54,0.00,0.00,1835.63,-0.00,0.00,0.00,0.01,-0.01,0.00
53816.00,0.00,0.00,0.43,0.00,0.00,6.00,0.00,0.00,-589.62,-0.00,0.00,0.00,0.01,-0.01,0.00
53827.00,0.00,0.00,0.46,0.00,0.00,2.40,0.00,0.00,-326.92,-0.00,0.00,0.00,0.00,0.00,0.00
53832.00,0.00,0.00,0.41,0.00,0.00,-10.02,0.00,0.00,-2483.85,-0.00,0.00,0.00,0.00,0.00,-0.00
53837.00,0.00,0.00,0.44,0.00,0.00,6.09,0.00,0.00,3222.09,-0.00,0.00,0.00,-0.00,0.00,-0.00
53843.00,0.00,0.00,0.43,0.00,0.00,-0.76,0.00,0.00,-1142.32,-0.00,0.00,0.00,-0.00,0.00,-0.00
53851.00,0.00,0.00,0.29,0.00,0.00,-17.43,0.00,0.00,-2084.19,-0.00,0.00,0.00,-0.00,-0.00,0.00
53868.00,0.00,0.00,0.42,0.00,0.00,7.26,0.00,0.00,1452.51,-0.00,0.00,0.00,-0.00,0.01,0.00
53874.00,0.00,0.00,0.40,0.00,0.00,-3.43,0.00,0.00,-1781.53,-0.00,0.00,0.00,-0.00,0.01,0.00
53882.00,0.00,0.00,0.40,0.00,0.00,-0.14,0.00,0.00,411.17,-0.00,0.00,0.00,-0.00,0.01,-0.00
53887.00,0.00,0.00,0.39,0.00,0.00,-1.28,0.00,0.00,-226.90,-0.00,0.00,0.00,0.01,0.01,-0.01
53893.00,0.00,0.00,0.49,0.00,0.00,16.61,0.00,0.00,2981.42,-0.00,0.00,0.00,0.01,0.01,-0.01
53906.00,0.00,0.00,0.39,0.00,0.00,-7.22,0.00,0.00,-1833.20,-0.00,0.00,0.00,0.02,-0.01,-0.01
53914.00,0.00,0.00,0.45,0.00,0.00,6.53,0.00,0.00,1718.80,-0.00,0.00,0.00,0.02,-0.02,-0.01
53922.00,0.00,0.00,0.48,0.00,0.00,4.15,0.00,0.00,-297.84,-0.00,0.00,0.00,0.02,-0.02,-0.01
53928.00,0.00,0.00,0.40,0.00,0.00,-13.04,0.00,0.00,-2865.47,-0.00,0.00,0.00,0.01,-0.03,-0.02
53934.00,0.00,0.00,0.43,0.00,0.00,4.26,0.00,0.00,2884.19,-0.00,0.00,0.00,0.01,-0.03,-0.02
53939.00,0.00,0.00,0.45,0.00,0.00,3.55,0.00,0.00,-142.73,-0.00,0.00,0.00,0.00,-0.02,-0.01
53945.00,0.00,0.00,0.46,0.00,0.00,2.02,0.00,0.00,-253.94,-0.00,0.00,0.00,0.00,-0.02,-0.01
53960.00,0.00,0.00,0.47,0.00,0.00,0.88,0.00,0.00,-76.33,-0.00,0.00,0.00,-0.01,-0.02,0.01
53965.00,0.00,0.00,0.40,0.00,0.00,-14.02,0.00,0.00,-2979.12,-0.00,0.00,0.00,-0.01,-0.02,0.02
53972.00,0.00,0.00,0.40,0.00,0.00,-0.33,0.00,0.00,1955.52,-0.00,0.00,0.00,-0.02,-0.01,0.03
53986.00,0.00,0.00,0.42,0.00,0.00,1.55,0.00,0.00,133.88,-0.00,0.00,0.00,-0.02,-0.00,0.04
53992.00,0.00,0.00,0.32,0.00,0.00,-15.86,0.00,0.00,-2900.36,-0.00,0.00,0.00,0.01,-0.01,0.03
53998.00,0.00,0.00,0.41,0.00,0.00,13.61,0.00,0.00,4911.53,-0.00,0.00,0.00,0.00,-0.00,0.01
54002.00,0.00,0.00,0.40,0.00,0.00,-2.54,0.00,0.00,-4038.19,-0.00,0.00,0.00,0.02,-0.03,0.01
54010.00,0.00,0.00,0.45,0.00,0.00,6.68,0.00,0.00,1152.41,-0.00,0.00,0.00,0.00,-0.04,-0.01
54015.00,0.00,0.00,0.37,0.00,0.00,-16.28,0.00,0.00,-4591.25,-0.00,0.00,0.00,-0.00,-0.04,-0.01
54022.00,0.00,0.00,0.39,0.00,0.00,3.24,0.00,0.00,2788.41,-0.00,0.00,0.00,-0.01,-0.04,-0.01
54031.00,0.00,0.00,0.26,0.00,0.00,-14.27,0.00,0.00,-1945.94,-0.00,0.00,0.00,0.00,-0.01,0.00
54035.00,0.00,0.00,0.26,0.00,0.00,0.00,0.00,0.00,3567.97,-0.00,0.00,0.00,0.00,-0.02,0.00
54038.00,0.00,0.00,0.33,0.00,0.00,20.96,0.00,0.00,6985.00,-0.00,0.00,0.00,0.00,0.00,0.01
54049.00,0.00,0.00,0.36,0.00,0.00,3.47,0.00,0.00,-1589.46,-0.00,0.00,0.00,0.00,0.03,0.01
54065.00,0.00,0.00,0.38,0.00,0.00,1.16,0.00,0.00,-144.59,-0.00,0.00,0.00,-0.01,0.04,-0.01
54073.00,0.00,0.00,0.38,0.00,0.00,-0.44,0.00,0.00,-199.30,-0.00,0.00,0.00,-0.01,0.04,-0.02
54080.00,0.00,0.00,0.36,0.00,0.00,-2.26,0.00,0.00,-260.89,-0.00,0.00,0.00,-0.01,0.06,-0.03
54086.00,0.00,0.00,0.39,0.00,0.00,4.58,0.00,0.00,1140.10,-0.00,0.00,0.00,-0.00,0.02,-0.01
54090.00,0.00,0.00,0.51,0.00,0.00,29.75,0.00,0.00,6292.90,-0.00,0.00,0.00,-0.01,0.08,-0.03
54095.00,0.00,0.00,0.32,0.00,0.00,-38.77,0.00,0.00,-13703.59,-0.00,0.00,0.00,-0.01,0.08,-0.03
54101.00,0.00,0.00,0.39,0.00,0.00,12.55,0.00,0.00,8552.60,-0.00,0.00,0.00,-0.02,0.08,-0.03
54106.00,0.00,0.00,0.37,0.00,0.00,-4.95,0.00,0.00,-3500.15,-0.00,0.00,0.00,-0.02,0.08,-0.03
54113.00,0.00,0.00,0.45,0.00,0.00,12.17,0.00,0.00,2446.34,-0.00,0.01,0.00,-0.03,0.07,-0.02
54132.00,0.00,0.00,0.41,0.00,0.00,-2.28,0.00,0.00,-760.57,-0.00,0.01,0.00,-0.08,0.01,0.04
54138.00,0.00,0.00,0.45,0.00,0.00,7.80,0.00,0.00,1680.64,-0.00,0.01,0.00,-0.08,0.02,0.05
54143.00,0.00,0.00,0.39,0.00,0.00,-12.52,0.00,0.00,-4064.01,-0.01,0.01,0.00,-0.07,0.02,0.06
54158.00,0.00,0.00,0.41,0.00,0.00,0.92,0.00,0.00,895.57,-0.01,0.01,0.00,-0.04,0.09,0.04
54164.00,0.00,0.00,0.42,0.00,0.00,3.09,0.00,0.00,361.39,-0.01,0.01,0.00,-0.04,0.09,0.04
54172.00,0.00,0.00,0.36,0.00,0.00,-7.46,0.00,0.00,-1318.18,-0.01,0.01,0.00,-0.05,0.11,0.02
54180.00,0.00,0.00,0.39,0.00,0.00,3.59,0.00,0.00,1381.32,-0.01,0.01,0.00,-0.05,0.11,0.03
54185.00,0.00,0.00,0.46,0.00,0.00,13.12,0.00,0.00,1906.41,-0.01,0.01,0.00,-0.05,0.11,0.03
54191.00,0.00,0.00,0.41,0.00,0.00,-8.11,0.00,0.00,-3538.98,-0.01,0.01,0.00,0.02,0.04,0.01
54196.00,0.00,0.00,0.40,0.00,0.00,-2.81,0.00,0.00,1060.83,-0.01,0.01,0.00,0.02,0.04,0.01
54207.00,0.00,0.00,0.40,0.00,0.00,0.78,0.00,0.00,326.48,-0.01,0.01,0.00,0.05,-0.10,-0.01
54215.00,0.00,0.00,0.38,0.00,0.00,-3.05,0.00,0.00,-478.65,-0.01,0.01,0.00,0.00,0.00,0.00
54219.00,0.00,0.00,0.48,0.00,0.00,24.15,0.00,0.00,6798.95,-0.01,0.01,0.00,0.05,-0.15,0.01
54224.00,0.00,0.00,0.34,0.00,0.00,-28.34,0.00,0.00,-10497.68,-0.01,0.01,0.00,0.04,-0.15,0.01
54232.00,0.00,0.00,0.46,0.00,0.00,16.07,0.00,0.00,5550.66,-0.01,0.01,0.00,0.03,-0.15,0.01
54238.00,0.00,0.00,0.33,0.00,0.00,-22.65,0.00,0.00,-6452.11,-0.01,0.01,0.00,0.04,-0.11,0.02
54243.00,0.00,0.00,0.41,0.00,0.00,15.90,0.00,0.00,7709.20,-0.01,0.01,0.00,0.02,-0.03,0.01
54248.00,0.00,0.00,0.42,0.00,0.00,3.31,0.00,0.00,-2518.53,-0.01,0.01,0.00,0.00,0.00,0.00
54251.00,0.00,0.00,0.51,0.00,0.00,29.33,0.00,0.00,8673.51,-0.01,0.01,0.00,0.04,-0.08,0.01
54255.00,0.00,0.00,0.42,0.00,0.00,-23.57,0.00,0.00,-13225.29,-0.01,0.01,0.00,0.03,-0.07,0.01
54277.00,0.00,0.00,0.34,0.00,0.00,-3.73,0.00,0.00,902.06,-0.01,0.00,0.00,-0.01,-0.03,-0.00
54285.00,0.00,0.00,0.36,0.00,0.00,2.93,0.00,0.00,832.53,-0.01,0.00,0.00,-0.00,-0.03,-0.01
54290.00,0.00,0.00,0.48,0.00,0.00,23.49,0.00,0.00,4110.68,-0.01,0.00,0.00,-0.00,-0.03,-0.01
54296.00,0.00,0.00,0.43,0.00,0.00,-8.29,0.00,0.00,-5296.32,-0.01,0.00,0.00,-0.00,-0.03,-0.01
54301.00,0.00,0.00,0.41,0.00,0.00,-2.98,0.00,0.00,1062.63,-0.01,0.00,0.00,0.00,0.00,0.00
54304.00,0.00,0.00,0.47,0.00,0.00,17.86,0.00,0.00,6945.77,-0.01,0.00,0.00,0.00,-0.04,-0.02
54312.00,0.00,0.00,0.42,0.00,0.00,-5.32,0.00,0.00,-2897.82,-0.01,0.00,0.00,0.00,-0.04,0.00
54320.00,0.00,0.00,0.45,0.00,0.00,3.63,0.00,0.00,1119.54,-0.01,0.00,0.00,0.02,-0.03,-0.01
54326.00,0.00,0.00,0.38,0.00,0.00,-11.57,0.00,0.00,-2534.24,-0.01,0.00,0.00,0.02,-0.02,-0.01
54333.00,0.00,0.00,0.37,0.00,0.00,-1.17,0.00,0.00,1485.84,-0.00,0.00,0.00,0.01,-0.01,0.00
54343.00,0.00,0.00,0.37,0.00,0.00,0.00,0.00,0.00,117.18,-0.01,0.00,0.00,-0.02,-0.00,0.01
54347.00,0.00,0.00,0.41,0.00,0.00,9.17,0.00,0.00,2293.41,-0.01,0.00,0.00,-0.01,-0.00,0.01
54363.00,0.00,0.00,0.28,0.00,0.00,-8.19,0.00,0.00,-1084.92,-0.01,0.00,0.00,0.01,0.01,0.00
54372.00,0.00,0.00,0.40,0.00,0.00,12.98,0.00,0.00,2352.03,-0.01,0.00,0.00,-0.00,0.01,-0.00
54380.00,0.00,0.00,0.29,0.00,0.00,-13.01,0.00,0.00,-3248.59,-0.01,0.00,0.00,-0.01,0.00,-0.00
54386.00,0.00,0.00,0.40,0.00,0.00,18.58,0.00,0.00,5264.94,-0.01,0.00,0.00,-0.01,0.00,-0.00
54393.00,0.00,0.00,0.40,0.00,0.00,-0.91,0.00,0.00,-2784.81,-0.01,0.00,0.00,0.00,-0.00,-0.00
54402.00,0.00,0.00,0.32,0.00,0.00,-8.77,0.00,0.00,-872.92,-0.01,0.00,0.00,0.00,-0.01,-0.00
54408.00,0.00,0.00,0.36,0.00,0.00,6.10,0.00,0.00,2478.44,-0.01,0.00,0.00,-0.00,-0.01,-0.00
54414.00,0.00,0.00,0.44,0.00,0.00,14.57,0.00,0.00,1410.87,-0.01,0.00,0.00,-0.01,-0.01,-0.00
54427.00,0.00,0.00,0.35,0.00,0.00,-6.97,0.00,0.00,-1657.24,-0.01,0.00,0.00,-0.00,0.00,0.00
54435.00,0.00,0.00,0.39,0.00,0.00,4.45,0.00,0.00,1427.75,-0.01,0.00,0.00,0.00,0.01,0.00
54440.00,0.00,0.00,0.39,0.00,0.00,1.39,0.00,0.00,-611.52,-0.01,0.00,0.00,0.01,0.01,0.00
54446.00,0.00,0.00,0.27,0.00,0.00,-21.10,0.00,0.00,-3748.98,-0.01,0.00,0.00,0.00,0.01,0.00
54453.00,0.00,0.00,0.41,0.00,0.00,20.71,0.00,0.00,5973.62,-0.01,0.00,0.00,-0.01,0.01,-0.00
54470.00,0.00,0.00,0.35,0.00,0.00,-3.97,0.00,0.00,-1452.16,-0.00,0.00,0.00,0.02,-0.01,-0.00
54476.00,0.00,0.00,0.41,0.00,0.00,11.27,0.00,0.00,2541.46,-0.00,0.00,0.00,0.01,-0.01,-0.00
54483.00,0.00,0.00,0.45,0.00,0.00,4.93,0.00,0.00,-906.89,-0.00,0.00,0.00,0.01,-0.00,-0.01
54489.00,0.00,0.00,0.33,0.00,0.00,-19.81,0.00,0.00,-4121.98,-0.00,0.00,0.00,0.00,-0.00,-0.00
54494.00,0.00,0.00,0.43,0.00,0.00,20.88,0.00,0.00,8136.53,-0.00,0.00,0.00,0.00,-0.00,-0.00
54507.00,0.00,0.00,0.40,0.00,0.00,-2.37,0.00,0.00,-1788.23,-0.00,0.00,0.00,0.02,-0.02,-0.01
54515.00,0.00,0.00,0.47,0.00,0.00,8.13,0.00,0.00,1312.69,-0.00,0.00,0.00,0.03,-0.01,-0.01
54523.00,0.00,0.00,0.42,0.00,0.00,-6.11,0.00,0.00,-1780.71,-0.00,0.00,0.00,0.02,-0.01,-0.02
54530.00,0.00,0.00,0.41,0.00,0.00,-0.63,0.00,0.00,783.86,-0.00,0.00,0.00,0.03,-0.01,-0.03
54535.00,0.00,0.00,0.61,0.00,0.00,38.76,0.00,0.00,7877.17,-0.00,0.00,0.00,0.03,-0.01,-0.03
54541.00,0.00,0.00,0.32,0.00,0.00,-48.84,0.00,0.00,-14599.06,-0.00,0.00,0.00,0.04,-0.01,-0.03
54546.00,0.00,0.00,0.38,0.00,0.00,12.50,0.00,0.00,12267.88,-0.00,0.00,0.00,0.04,-0.01,-0.03
54561.00,0.00,0.00,0.38,0.00,0.00,-0.17,0.00,0.00,-844.95,-0.00,0.00,0.00,0.05,-0.03,-0.01
54568.00,0.00,0.00,0.35,0.00,0.00,-3.10,0.00,0.00,-418.26,-0.00,0.00,0.00,0.06,-0.04,-0.00
54574.00,0.00,0.00,0.45,0.00,0.00,15.92,0.00,0.00,3169.09,-0.00,0.00,0.00,0.06,-0.05,0.00
54588.00,0.00,0.00,0.40,0.00,0.00,-3.15,0.00,0.00,-1362.15,-0.00,0.00,0.00,0.05,-0.05,0.02
54594.00,0.00,0.00,0.46,0.00,0.00,9.29,0.00,0.00,2073.32,-0.00,0.00,0.00,0.03,-0.04,0.02
54599.00,0.00,0.00,0.46,0.00,0.00,0.00,0.00,0.00,-1857.09,-0.00,0.00,0.00,0.03,-0.04,0.02
54601.00,0.00,0.00,0.48,0.00,0.00,8.86,0.00,0.00,4431.58,-0.00,0.00,0.00,0.04,-0.04,0.02
54606.00,0.00,0.00,0.48,0.00,0.00,0.00,0.00,0.00,-1772.63,-0.00,0.00,0.00,0.06,-0.06,0.04
54612.00,0.00,0.00,0.28,0.00,0.00,-32.75,0.00,0.00,-5458.58,0.00,-0.00,0.00,0.08,-0.07,0.04
54619.00,0.00,0.00,0.33,0.00,0.00,6.34,0.00,0.00,5584.39,0.00,-0.00,0.00,0.11,-0.06,0.03
54625.00,0.00,0.00,0.42,0.00,0.00,15.53,0.00,0.00,1531.22,0.00,-0.00,0.00,0.12,-0.06,0.02
54633.00,0.00,0.00,0.35,0.00,0.00,-8.78,0.00,0.00,-3038.90,0.00,-0.00,0.00,0.14,-0.03,0.01
54638.00,0.00,0.00,0.38,0.00,0.00,6.69,0.00,0.00,3095.17,0.00,-0.00,0.00,0.15,-0.03,0.01
54649.00,0.00,0.00,0.39,0.00,0.00,1.11,0.00,0.00,-507.78,0.00,-0.00,0.00,0.12,-0.03,0.01
54665.00,0.00,0.00,0.34,0.00,0.00,-3.72,0.00,0.00,-301.54,0.01,-0.00,0.00,0.05,-0.04,0.02
54673.00,0.00,0.00,0.32,0.00,0.00,-2.35,0.00,0.00,171.22,0.01,-0.00,0.00,0.05,-0.03,0.03
54681.00,0.00,0.00,0.47,0.00,0.00,19.65,0.00,0.00,2749.30,0.01,-0.00,0.00,0.02,-0.01,0.01
54686.00,0.00,0.00,0.47,0.00,0.00,-0.14,0.00,0.00,-3956.75,0.01,-0.00,0.01,0.07,-0.03,0.03
54690.00,0.00,0.00,0.43,0.00,0.00,-10.70,0.00,0.00,-2639.21,0.01,-0.00,0.01,0.09,-0.04,0.03
54695.00,0.00,0.00,0.43,0.00,0.00,0.55,0.00,0.00,2248.76,0.01,-0.00,0.01,0.09,-0.04,0.03
54701.00,0.00,0.00,0.36,0.00,0.00,-12.76,0.00,0.00,-2218.74,0.01,-0.00,0.01,0.07,-0.04,0.03
54706.00,0.00,0.00,0.35,0.00,0.00,-0.96,0.00,0.00,2361.32,0.01,-0.00,0.01,0.07,-0.04,0.03
54714.00,0.00,0.00,0.43,0.00,0.00,9.72,0.00,0.00,1334.18,0.01,-0.00,0.01,0.08,-0.03,0.02
54727.00,0.00,0.00,0.41,0.00,0.00,-1.20,0.00,0.00,-839.74,0.01,-0.00,0.01,0.06,-0.02,0.00
54735.00,0.00,0.00,0.43,0.00,0.00,2.37,0.00,0.00,446.26,0.01,-0.00,0.01,0.06,-0.02,-0.01
54740.00,0.00,0.00,0.34,0.00,0.00,-18.13,0.00,0.00,-4099.39,0.01,-0.00,0.01,0.04,-0.01,-0.01
54746.00,0.00,0.00,0.39,0.00,0.00,7.61,0.00,0.00,4289.81,0.01,-0.00,0.01,0.04,-0.01,-0.01
54751.00,0.00,0.00,0.46,0.00,0.00,14.01,0.00,0.00,1280.32,0.01,-0.00,0.01,0.04,-0.01,-0.01
54767.00,0.00,0.00,0.37,0.00,0.00,-5.68,0.00,0.00,-1230.74,0.01,-0.01,0.01,0.05,-0.03,-0.01
54774.00,0.00,0.00,0.41,0.00,0.00,6.21,0.00,0.00,1697.84,0.01,-0.01,0.01,0.05,-0.04,-0.00
54783.00,0.00,0.00,0.32,0.00,0.00,-9.75,0.00,0.00,-1773.07,0.01,-0.01,0.01,0.06,-0.04,0.01
54788.00,0.00,0.00,0.41,0.00,0.00,16.72,0.00,0.00,5293.80,0.01,-0.01,0.01,0.06,-0.05,0.02
54794.00,0.00,0.00,0.37,0.00,0.00,-5.75,0.00,0.00,-3745.10,0.01,-0.01,0.01,0.05,-0.05,0.03
54809.00,0.00,0.00,0.42,0.00,0.00,3.34,0.00,0.00,606.26,0.01,-0.01,0.01,0.04,-0.05,0.03
54816.00,0.00,0.00,0.35,0.00,0.00,-9.81,0.00,0.00,-1878.54,0.01,-0.01,0.01,0.01,-0.02,0.01
54821.00,0.00,0.00,0.35,0.00,0.00,0.00,0.00,0.00,1961.81,0.01,-0.01,0.01,0.04,-0.05,0.03
54825.00,0.00,0.00,0.45,0.00,0.00,24.66,0.00,0.00,6165.30,0.01,-0.01,0.01,0.04,-0.04,0.03
54833.00,0.00,0.00,0.37,0.00,0.00,-10.71,0.00,0.00,-4421.90,0.01,-0.01,0.01,0.02,-0.01,0.00
54838.00,0.00,0.00,0.55,0.00,0.00,36.44,0.00,0.00,9431.39,0.01,-0.01,0.01,0.05,-0.04,0.00
54842.00,0.00,0.00,0.37,0.00,0.00,-44.33,0.00,0.00,-20193.73,0.01,-0.01,0.01,0.03,-0.01,-0.01
54846.00,0.00,0.00,0.37,0.00,0.00,0.00,0.00,0.00,11082.99,0.01,-0.01,0.01,0.00,0.00,0.00
54847.00,0.00,0.00,0.42,0.00,0.00,48.50,0.00,0.00,48499.22,0.01,-0.01,0.01,0.00,0.00,0.00
54850.00,0.00,0.00,0.36,0.00,0.00,-20.86,0.00,0.00,-23118.32,0.02,-0.01,0.01,0.08,-0.02,-0.03
54860.00,0.00,0.00,0.54,0.00,0.00,18.16,0.00,0.00,3901.13,0.02,-0.01,0.01,0.07,-0.01,-0.04
54876.00,0.00,0.00,0.43,0.00,0.00,-6.73,0.00,0.00,-1555.44,0.02,-0.01,0.01,0.04,0.00,-0.05
54884.00,0.00,0.00,0.37,0.00,0.00,-6.96,0.00,0.00,-28.51,0.02,-0.01,0.01,0.02,0.01,-0.05
54889.00,0.00,0.00,0.38,0.00,0.00,1.63,0.00,0.00,1718.42,0.02,-0.01,0.00,0.01,0.01,-0.04
54895.00,0.00,0.00,0.38,0.00,0.00,0.27,0.00,0.00,-227.62,0.02,-0.01,0.00,0.00,0.01,-0.04
54900.00,0.00,0.00,0.39,0.00,0.00,0.11,0.00,0.00,-30.68,0.02,-0.01,0.00,0.01,0.01,-0.02
54906.00,0.00,0.00,0.43,0.00,0.00,7.01,0.00,0.00,1149.00,0.02,-0.01,0.00,0.02,0.01,-0.02
54914.00,0.00,0.00,0.39,0.00,0.00,-4.95,0.00,0.00,-1494.87,0.02,-0.01,0.00,0.03,0.00,-0.01
54922.00,0.00,0.00,0.46,0.00,0.00,9.58,0.00,0.00,1816.69,0.02,-0.01,0.00,0.04,-0.00,0.00
54927.00,0.00,0.00,0.36,0.00,0.00,-20.56,0.00,0.00,-6027.41,0.02,-0.01,0.00,0.04,-0.00,0.00
54939.00,0.00,0.00,0.41,0.00,0.00,3.82,0.00,0.00,2031.65,0.02,-0.01,0.00,0.02,0.00,-0.01
54946.00,0.00,0.00,0.44,0.00,0.00,4.50,0.00,0.00,95.88,0.02,-0.01,0.00,0.02,0.01,-0.02
54953.00,0.00,0.00,0.23,0.00,0.00,-29.60,0.00,0.00,-4870.47,0.02,-0.01,0.00,0.02,0.01,-0.02
54971.00,0.00,0.00,0.40,0.00,0.00,9.43,0.00,0.00,2168.16,0.02,-0.01,0.00,0.00,0.02,-0.01
54977.00,0.00,0.00,0.38,0.00,0.00,-3.23,0.00,0.00,-2110.69,0.02,-0.01,0.00,0.00,0.01,-0.01
54984.00,0.00,0.00,0.33,0.00,0.00,-6.70,0.00,0.00,-494.97,0.02,-0.01,0.00,-0.00,0.00,0.01
54990.00,0.00,0.00,0.42,0.00,0.00,14.91,0.00,0.00,3601.37,0.02,-0.01,0.00,0.02,-0.01,0.01
54995.00,0.00,0.00,0.34,0.00,0.00,-16.66,0.00,0.00,-6313.16,0.02,-0.01,0.00,0.02,-0.01,0.01
55000.00,0.00,0.00,0.34,0.00,0.00,0.00,0.00,0.00,3331.42,0.02,-0.01,0.00,0.03,-0.02,0.01
55003.00,0.00,0.00,0.44,0.00,0.00,34.51,0.00,0.00,11501.96,0.02,-0.01,0.00,0.03,-0.02,0.01
55016.00,0.00,0.00,0.47,0.00,0.00,2.24,0.00,0.00,-2481.77,0.02,-0.01,0.00,0.01,-0.01,-0.00
55022.00,0.00,0.00,0.45,0.00,0.00,-3.66,0.00,0.00,-983.27,0.02,-0.01,0.00,-0.01,-0.00,-0.02
55027.00,0.00,0.00,0.38,0.00,0.00,-13.56,0.00,0.00,-1981.54,0.02,-0.01,0.00,-0.01,-0.00,-0.02
55035.00,0.00,0.00,0.42,0.00,0.00,5.00,0.00,0.00,2320.92,0.02,-0.01,0.00,-0.01,0.00,-0.01
55040.00,0.00,0.00,0.44,0.00,0.00,3.65,0.00,0.00,-270.79,0.02,-0.01,0.00,-0.01,0.00,-0.00
55045.00,0.00,0.00,0.41,0.00,0.00,-5.80,0.00,0.00,-1890.03,0.02,-0.01,0.00,-0.01,0.00,0.00
55053.00,0.00,0.00,0.44,0.00,0.00,3.76,0.00,0.00,1195.18,0.02,-0.01,0.00,-0.01,0.00,0.00
55071.00,0.00,0.00,0.36,0.00,0.00,-4.74,0.00,0.00,-472.01,0.02,-0.01,0.00,-0.03,0.01,-0.01
55077.00,0.00,0.00,0.38,0.00,0.00,4.46,0.00,0.00,1533.09,0.02,-0.01,0.00,-0.02,0.01,-0.01
55084.00,0.00,0.00,0.48,0.00,0.00,13.10,0.00,0.00,1233.81,0.02,-0.01,0.00,-0.00,0.00,-0.00
55094.00,0.00,0.00,0.44,0.00,0.00,-3.74,0.00,0.00,-1683.98,0.02,-0.01,0.00,-0.01,0.01,-0.04
55100.00,0.00,0.00,0.44,0.00,0.00,0.19,0.00,0.00,655.06,0.02,-0.01,0.00,-0.01,0.01,-0.04
55105.00,0.00,0.00,0.38,0.00,0.00,-11.99,0.00,0.00,-2436.21,0.02,-0.01,0.00,-0.01,0.01,-0.04
55114.00,0.00,0.00,0.34,0.00,0.00,-4.10,0.00,0.00,876.93,0.02,-0.01,0.00,-0.03,0.03,-0.05
55122.00,0.00,0.00,0.45,0.00,0.00,13.75,0.00,0.00,2231.19,0.02,-0.01,0.00,0.01,0.05,-0.06
55129.00,0.00,0.00,0.42,0.00,0.00,-4.83,0.00,0.00,-2654.37,0.02,-0.01,0.00,0.08,0.04,-0.03
55135.00,0.00,0.00,0.43,0.00,0.00,2.50,0.00,0.00,1221.46,0.02,-0.01,0.00,0.12,0.03,-0.02
55141.00,0.00,0.00,0.42,0.00,0.00,-1.80,0.00,0.00,-717.08,0.02,-0.01,0.00,0.11,0.01,0.02
55146.00,0.00,0.00,0.42,0.00,0.00,-1.03,0.00,0.00,155.49,0.02,-0.01,0.00,0.11,0.01,0.02
55162.00,0.00,0.00,0.41,0.00,0.00,-0.42,0.00,0.00,37.86,0.02,-0.01,0.00,0.06,-0.00,0.03
55171.00,0.00,0.00,0.41,0.00,0.00,0.00,0.00,0.00,46.71,0.02,-0.01,0.00,0.03,-0.02,0.04
55176.00,0.00,0.00,0.44,0.00,0.00,6.40,0.00,0.00,1280.05,0.02,-0.01,0.00,0.01,-0.02,0.04
55184.00,0.00,0.00,0.50,0.00,0.00,7.25,0.00,0.00,106.54,0.02,-0.01,0.00,0.04,-0.03,0.02
55190.00,0.00,0.00,0.44,0.00,0.00,-9.56,0.00,0.00,-2802.79,0.02,-0.01,0.00,0.05,-0.02,0.02
55195.00,0.00,0.00,0.44,0.00,0.00,-0.25,0.00,0.00,1862.79,0.02,-0.01,0.00,0.07,-0.02,0.01
55201.00,0.00,0.00,0.49,0.00,0.00,7.00,0.00,0.00,1209.16,0.02,-0.01,0.00,0.07,-0.02,0.01
55206.00,0.00,0.00,0.36,0.00,0.00,-24.63,0.00,0.00,-6326.95,0.02,-0.01,0.00,0.05,-0.01,0.01
55214.00,0.00,0.00,0.46,0.00,0.00,11.94,0.00,0.00,4571.26,0.02,-0.01,0.00,0.01,0.00,0.02
55222.00,0.00,0.00,0.37,0.00,0.00,-10.67,0.00,0.00,-2826.56,0.02,-0.01,0.00,0.01,0.00,0.02
55228.00,0.00,0.00,0.47,0.00,0.00,15.66,0.00,0.00,4387.96,0.02,-0.01,0.00,0.01,0.01,0.01
55240.00,0.00,0.00,0.37,0.00,0.00,-8.32,0.00,0.00,-1998.34,0.02,-0.01,0.00,0.04,0.01,-0.01
55246.00,0.00,0.00,0.36,0.00,0.00,-1.15,0.00,0.00,1195.12,0.02,-0.01,0.00,0.05,0.01,-0.02
55252.00,0.00,0.00,0.37,0.00,0.00,1.55,0.00,0.00,450.69,0.02,-0.01,0.00,0.05,0.01,-0.02
55267.00,0.00,0.00,0.33,0.00,0.00,-2.39,0.00,0.00,-262.90,0.02,-0.01,0.00,0.07,0.01,-0.03
55275.00,0.00,0.00,0.33,0.00,0.00,-0.58,0.00,0.00,227.23,0.03,-0.01,0.00,0.04,0.01,-0.01
55281.00,0.00,0.00,0.38,0.00,0.00,8.77,0.00,0.00,1557.40,0.03,-0.01,0.00,0.20,0.02,-0.03
55287.00,0.00,0.00,0.39,0.00,0.00,0.76,0.00,0.00,-1334.88,0.03,-0.01,0.00,0.20,0.02,-0.03
55292.00,0.00,0.00,0.45,0.00,0.00,13.42,0.00,0.00,2532.17,0.03,-0.01,0.00,0.26,0.03,-0.02
55297.00,0.00,0.00,0.33,0.00,0.00,-24.95,0.00,0.00,-7673.16,0.03,-0.01,0.00,0.26,0.03,-0.02
55303.00,0.00,0.00,0.48,0.00,0.00,25.79,0.00,0.00,8455.15,0.03,-0.01,0.00,0.26,0.03,-0.02
55313.00,0.00,0.00,0.42,0.00,0.00,-6.60,0.00,0.00,-3238.54,0.04,-0.01,0.00,0.33,0.03,0.02
55320.00,0.00,0.00,0.39,0.00,0.00,-3.21,0.00,0.00,483.84,0.04,-0.00,0.00,0.33,0.03,0.02
55326.00,0.00,0.00,0.39,0.00,0.00,-0.32,0.00,0.00,481.73,0.04,-0.00,0.00,0.33,0.03,0.02
55335.00,0.00,0.00,0.37,0.00,0.00,-2.67,0.00,0.00,-261.10,0.04,-0.00,0.00,0.30,0.02,0.00
55340.00,0.00,0.00,0.34,0.00,0.00,-4.88,0.00,0.00,-440.76,0.04,-0.00,0.00,0.27,0.02,-0.00
55346.00,0.00,0.00,0.45,0.00,0.00,17.36,0.00,0.00,3706.18,0.04,-0.00,0.00,0.21,0.02,-0.01
55351.00,0.00,0.00,0.49,0.00,0.00,7.52,0.00,0.00,-1968.79,0.05,-0.00,0.00,0.14,0.01,-0.02
55366.00,0.00,0.00,0.45,0.00,0.00,-2.10,0.00,0.00,-641.03,0.05,-0.00,0.00,0.08,-0.02,-0.02
55374.00,0.00,0.00,0.38,0.00,0.00,-9.39,0.00,0.00,-911.79,0.05,-0.00,0.00,0.05,-0.02,-0.04
55383.00,0.00,0.00,0.30,0.00,0.00,-8.86,0.00,0.00,59.38,0.05,-0.00,0.00,0.08,0.00,-0.05
55393.00,0.00,0.00,0.40,0.00,0.00,10.50,0.00,0.00,1935.58,0.05,-0.00,0.00,0.10,0.02,-0.07
55399.00,0.00,0.00,0.34,0.00,0.00,-11.36,0.00,0.00,-3643.36,0.05,-0.00,-0.00,0.10,0.02,-0.06
55405.00,0.00,0.00,0.30,0.00,0.00,-5.61,0.00,0.00,958.66,0.05,-0.00,-0.00,0.00,0.00,0.00
55410.00,0.00,0.00,0.39,0.00,0.00,16.59,0.00,0.00,4440.55,0.05,-0.00,-0.00,0.11,0.01,-0.05
55416.00,0.00,0.00,0.38,0.00,0.00,-1.26,0.00,0.00,-2975.38,0.05,-0.00,-0.00,0.11,-0.00,-0.04
55424.00,0.00,0.00,0.32,0.00,0.00,-6.87,0.00,0.00,-701.46,0.05,-0.00,-0.00,0.13,-0.02,-0.04
55432.00,0.00,0.00,0.46,0.00,0.00,17.29,0.00,0.00,3020.12,0.05,-0.00,-0.00,0.00,0.00,0.00
55436.00,0.00,0.00,0.40,0.00,0.00,-14.09,0.00,0.00,-7844.11,0.05,-0.00,-0.00,0.13,-0.02,-0.04
55441.00,0.00,0.00,0.37,0.00,0.00,-7.39,0.00,0.00,1339.21,0.05,-0.00,-0.00,0.14,-0.02,-0.04
55447.00,0.00,0.00,0.31,0.00,0.00,-9.57,0.00,0.00,-363.67,0.05,-0.00,-0.00,0.09,-0.02,-0.03
55461.00,0.00,0.00,0.31,0.00,0.00,0.00,0.00,0.00,683.82,0.05,-0.00,-0.00,0.08,-0.01,-0.03
55475.00,0.00,0.00,0.42,0.00,0.00,8.18,0.00,0.00,583.96,0.06,-0.00,-0.00,0.07,0.02,-0.03
55484.00,0.00,0.00,0.48,0.00,0.00,6.27,0.00,0.00,-211.72,0.06,-0.00,-0.00,0.08,0.02,-0.01
55489.00,0.00,0.00,0.35,0.00,0.00,-26.38,0.00,0.00,-6530.89,0.06,-0.00,-0.00,0.08,0.02,-0.01
55495.00,0.00,0.00,0.43,0.00,0.00,13.75,0.00,0.00,6689.04,0.06,-0.00,-0.00,0.09,0.01,-0.00
55500.00,0.00,0.00,0.38,0.00,0.00,-9.65,0.00,0.00,-4679.80,0.06,-0.00,-0.00,0.09,0.00,-0.01
55506.00,0.00,0.00,0.38,0.00,0.00,0.03,0.00,0.00,1613.29,0.06,-0.00,-0.00,0.09,-0.02,-0.02
55514.00,0.00,0.00,0.36,0.00,0.00,-3.54,0.00,0.00,-446.20,0.06,-0.00,-0.00,0.09,-0.03,-0.03
55522.00,0.00,0.00,0.45,0.00,0.00,11.66,0.00,0.00,1899.50,0.06,-0.01,-0.00,0.09,-0.04,-0.04
55527.00,0.00,0.00,0.39,0.00,0.00,-10.92,0.00,0.00,-4515.84,0.06,-0.01,-0.00,0.09,-0.04,-0.04
55540.00,0.00,0.00,0.41,0.00,0.00,1.12,0.00,0.00,926.33,0.06,-0.01,-0.00,0.07,-0.05,-0.03
55546.00,0.00,0.00,0.30,0.00,0.00,-18.26,0.00,0.00,-3230.50,0.06,-0.01,-0.00,0.07,-0.04,-0.03
55551.00,0.00,0.00,0.33,0.00,0.00,5.61,0.00,0.00,4774.75,0.06,-0.01,-0.00,0.07,-0.04,-0.03
55567.00,0.00,0.00,0.36,0.00,0.00,2.17,0.00,0.00,-215.26,0.06,-0.01,-0.00,0.07,-0.02,-0.02
55575.00,0.00,0.00,0.39,0.00,0.00,3.71,0.00,0.00,192.83,0.06,-0.01,-0.00,0.08,0.00,-0.02
55583.00,0.00,0.00,0.33,0.00,0.00,-7.87,0.00,0.00,-1446.86,0.06,-0.01,-0.00,0.09,0.02,-0.01
55589.00,0.00,0.00,0.38,0.00,0.00,9.29,0.00,0.00,2858.68,0.06,-0.01,-0.00,0.09,0.02,-0.01
55594.00,0.00,0.00,0.36,0.00,0.00,-4.70,0.00,0.00,-2796.29,0.07,-0.01,-0.00,0.13,0.03,-0.00
55600.00,0.00,0.00,0.40,0.00,0.00,6.92,0.00,0.00,1935.02,0.07,-0.01,-0.00,0.14,0.03,-0.01
55606.00,0.00,0.00,0.34,0.00,0.00,-10.03,0.00,0.00,-2824.68,0.07,-0.01,-0.00,0.15,0.03,-0.01
55619.00,0.00,0.00,0.37,0.00,0.00,2.53,0.00,0.00,966.72,0.07,-0.01,-0.00,0.18,0.02,-0.00
55627.00,0.00,0.00,0.39,0.00,0.00,1.86,0.00,0.00,-84.01,0.07,-0.01,-0.00,0.19,0.01,-0.00
55635.00,0.00,0.00,0.30,0.00,0.00,-11.07,0.00,0.00,-1617.06,0.07,-0.01,-0.00,0.17,-0.01,0.00
55640.00,0.00,0.00,0.48,0.00,0.00,35.85,0.00,0.00,9384.08,0.07,-0.01,-0.00,0.15,-0.02,-0.00
55646.00,0.00,0.00,0.43,0.00,0.00,-7.58,0.00,0.00,-7238.13,0.07,-0.01,-0.00,0.00,0.00,0.00
55649.00,0.00,0.00,0.52,0.00,0.00,29.25,0.00,0.00,12278.95,0.07,-0.01,-0.00,0.14,-0.03,-0.01
55664.00,0.00,0.00,0.41,0.00,0.00,-7.49,0.00,0.00,-2449.77,0.07,-0.01,-0.01,0.10,-0.04,-0.03
55671.00,0.00,0.00,0.29,0.00,0.00,-16.53,0.00,0.00,-1291.30,0.08,-0.01,-0.01,0.09,-0.03,-0.03
55676.00,0.00,0.00,0.36,0.00,0.00,14.02,0.00,0.00,6110.88,0.08,-0.01,-0.01,0.09,-0.03,-0.03
55685.00,0.00,0.00,0.44,0.00,0.00,8.17,0.00,0.00,-649.96,0.08,-0.01,-0.01,0.07,-0.01,-0.03
55695.00,0.00,0.00,0.46,0.00,0.00,1.93,0.00,0.00,-624.06,0.08,-0.01,-0.01,0.06,-0.00,-0.02
55701.00,0.00,0.00,0.41,0.00,0.00,-7.12,0.00,0.00,-1509.45,0.08,-0.01,-0.01,0.05,-0.02,-0.01
55707.00,0.00,0.00,0.50,0.00,0.00,13.76,0.00,0.00,3480.40,0.08,-0.01,-0.01,0.05,-0.02,-0.01
55715.00,0.00,0.00,0.38,0.00,0.00,-15.09,0.00,0.00,-3605.56,0.08,-0.01,-0.01,0.04,-0.04,0.01
55723.00,0.00,0.00,0.33,0.00,0.00,-5.47,0.00,0.00,1202.27,0.08,-0.01,-0.01,0.02,-0.05,0.01
55729.00,0.00,0.00,0.48,0.00,0.00,25.05,0.00,0.00,5086.55,0.08,-0.01,-0.01,0.01,-0.04,0.01
55736.00,0.00,0.00,0.41,0.00,0.00,-10.86,0.00,0.00,-5130.24,0.08,-0.01,-0.01,-0.00,-0.04,0.01
55742.00,0.00,0.00,0.38,0.00,0.00,-4.82,0.00,0.00,1006.43,0.08,-0.01,-0.01,-0.01,-0.02,0.02
55747.00,0.00,0.00,0.54,0.00,0.00,33.31,0.00,0.00,7626.85,0.08,-0.01,-0.01,-0.01,-0.02,0.02
55762.00,0.00,0.00,0.43,0.00,0.00,-7.38,0.00,0.00,-2712.67,0.08,-0.01,-0.01,0.01,0.00,0.04
