Time(ms), X(m), Y(m), Z(m), VX(m/s), VY(m/s), VZ(m/s), AX(m/s^2), AY(m/s^2), AZ(m/s^2), OX(degrees), OY(degrees), OZ(degrees), WX(degrees/s), WY(degrees/s), WZ(degrees/s), execution_time
11179.00,0.00,0.00,-0.03,0.00,0.00,-2.79,0.00,0.00,-309.91,-0.00,0.00,0.00,-0.00,0.00,0.00,5.00
11190.00,0.00,0.00,0.03,0.00,0.00,4.78,0.00,0.00,687.94,0.00,0.00,0.00,0.00,0.00,0.00,19.00
11209.00,0.00,0.00,-0.08,0.00,0.00,-5.40,0.00,0.00,-535.45,0.00,0.00,-0.00,0.00,0.00,-0.00,8.00
11217.00,0.00,0.00,0.01,0.00,0.00,10.12,0.00,0.00,1939.18,0.00,0.00,-0.00,-0.00,-0.00,-0.00,7.00
11224.00,0.00,0.00,0.02,0.00,0.00,2.19,0.00,0.00,-1133.26,0.00,0.00,-0.00,-0.00,0.00,-0.00,6.00
11230.00,0.00,0.00,0.10,0.00,0.00,13.21,0.00,0.00,1837.13,0.00,0.00,-0.00,0.00,0.00,-0.00,6.00
11236.00,0.00,0.00,0.05,0.00,0.00,-8.83,0.00,0.00,-3672.68,-0.00,0.00,-0.00,-0.00,0.00,0.00,5.00
11241.00,0.00,0.00,0.01,0.00,0.00,-7.40,0.00,0.00,286.13,-0.00,0.00,-0.00,-0.00,0.00,0.00,7.00
11248.00,0.00,0.00,-0.01,0.00,0.00,-2.24,0.00,0.00,737.20,-0.00,0.00,-0.00,-0.00,0.00,-0.00,9.00
11257.00,0.00,0.00,0.07,0.00,0.00,8.21,0.00,0.00,1160.61,0.00,0.00,-0.00,0.00,0.00,0.00,6.00
11263.00,0.00,0.00,-0.02,0.00,0.00,-15.30,0.00,0.00,-3917.85,0.00,0.00,-0.00,0.00,-0.00,-0.00,7.00
11275.00,0.00,0.00,0.04,0.00,0.00,5.31,0.00,0.00,1717.77,0.00,0.00,-0.00,0.00,0.00,-0.00,7.00
11282.00,0.00,0.00,0.10,0.00,0.00,8.84,0.00,0.00,504.14,0.00,0.00,-0.00,0.00,0.00,-0.00,7.00
11289.00,0.00,0.00,0.03,0.00,0.00,-10.85,0.00,0.00,-2812.78,0.00,0.00,-0.00,-0.00,0.00,-0.00,18.00
11307.00,0.00,0.00,-0.00,0.00,0.00,-1.61,0.00,0.00,512.91,0.00,0.00,-0.00,-0.00,0.00,-0.00,7.00
11314.00,0.00,0.00,0.05,0.00,0.00,7.74,0.00,0.00,1336.93,0.00,0.00,-0.00,-0.00,0.00,-0.00,6.00
11320.00,0.00,0.00,0.00,0.00,0.00,-8.00,0.00,0.00,-2623.43,0.00,0.00,-0.00,0.00,0.00,-0.00,8.00
11328.00,0.00,0.00,-0.02,0.00,0.00,-3.17,0.00,0.00,602.74,0.00,0.00,-0.00,-0.00,-0.00,0.00,6.00
11334.00,0.00,0.00,0.03,0.00,0.00,7.76,0.00,0.00,1822.89,0.00,0.00,-0.00,0.00,0.00,0.00,6.00
11340.00,0.00,0.00,-0.01,0.00,0.00,-5.64,0.00,0.00,-2233.90,0.00,0.00,-0.00,0.00,0.00,0.00,8.00
11348.00,0.00,0.00,-0.05,0.00,0.00,-5.35,0.00,0.00,35.72,0.00,0.00,-0.00,-0.00,-0.00,0.00,8.00
11360.00,0.00,0.00,-0.01,0.00,0.00,3.84,0.00,0.00,766.24,0.00,0.00,-0.00,-0.00,0.00,-0.00,9.00
11369.00,0.00,0.00,-0.01,0.00,0.00,-0.40,0.00,0.00,-471.47,0.00,0.00,-0.00,-0.00,0.00,-0.00,9.00
11378.00,0.00,0.00,0.01,0.00,0.00,2.45,0.00,0.00,316.67,0.00,0.00,-0.00,0.00,-0.00,0.00,5.00
11383.00,0.00,0.00,0.10,0.00,0.00,18.03,0.00,0.00,3116.07,0.00,0.00,-0.00,0.00,0.00,0.00,4.00
11387.00,0.00,0.00,0.07,0.00,0.00,-8.37,0.00,0.00,-6599.05,0.00,0.00,-0.00,0.00,-0.00,-0.00,15.00
11402.00,0.00,0.00,0.10,0.00,0.00,1.74,0.00,0.00,673.57,0.00,0.00,-0.00,-0.00,0.00,-0.00,7.00
11409.00,0.00,0.00,0.03,0.00,0.00,-9.23,0.00,0.00,-1566.03,-0.00,0.00,-0.00,-0.00,0.00,0.00,9.00
11418.00,0.00,0.00,-0.01,0.00,0.00,-4.88,0.00,0.00,482.56,-0.00,0.00,-0.00,-0.00,-0.00,0.00,7.00
11425.00,0.00,0.00,0.05,0.00,0.00,9.24,0.00,0.00,2017.65,-0.00,0.00,-0.00,0.00,0.00,-0.00,5.00
11430.00,0.00,0.00,-0.04,0.00,0.00,-18.37,0.00,0.00,-5521.16,-0.00,0.00,-0.00,0.00,0.00,-0.00,6.00
11441.00,0.00,0.00,-0.03,0.00,0.00,1.20,0.00,0.00,1778.71,-0.00,0.00,-0.00,-0.00,-0.01,-0.00,9.00
11450.00,0.00,0.00,0.07,0.00,0.00,10.61,0.00,0.00,1045.41,-0.00,0.00,-0.00,-0.00,-0.01,-0.00,8.00
11458.00,0.00,0.00,-0.02,0.00,0.00,-11.14,0.00,0.00,-2719.18,-0.00,0.00,-0.00,0.00,0.00,-0.00,7.00
11465.00,0.00,0.00,-0.01,0.00,0.00,1.19,0.00,0.00,1761.74,-0.00,0.00,-0.00,-0.00,0.00,0.00,5.00
11470.00,0.00,0.00,0.08,0.00,0.00,17.66,0.00,0.00,3294.17,-0.00,0.00,-0.00,-0.00,0.00,0.00,9.00
11479.00,0.00,0.00,-0.14,0.00,0.00,-23.95,0.00,0.00,-4623.60,-0.00,0.00,-0.00,-0.00,0.00,-0.00,5.00
11484.00,0.00,0.00,-0.00,0.00,0.00,27.52,0.00,0.00,10294.57,-0.00,0.00,-0.00,-0.00,0.00,-0.00,16.00
11500.00,0.00,0.00,0.05,0.00,0.00,3.32,0.00,0.00,-1512.67,-0.00,0.00,-0.00,0.00,-0.01,0.00,8.00
11508.00,0.00,0.00,0.04,0.00,0.00,-1.21,0.00,0.00,-565.37,-0.00,-0.00,-0.00,-0.00,-0.00,0.00,8.00
11516.00,0.00,0.00,0.13,0.00,0.00,10.63,0.00,0.00,1479.71,-0.00,-0.00,-0.00,0.00,0.00,0.00,5.00
11526.00,0.00,0.00,0.13,0.00,0.00,0.21,0.00,0.00,-1042.32,-0.00,0.00,-0.00,-0.00,0.00,0.00,7.00
11533.00,0.00,0.00,-0.03,0.00,0.00,-23.13,0.00,0.00,-3334.05,-0.00,0.00,-0.00,-0.00,0.00,0.00,6.00
11539.00,0.00,0.00,0.02,0.00,0.00,9.04,0.00,0.00,5361.85,-0.00,0.00,-0.00,0.00,0.00,0.00,9.00
11548.00,0.00,0.00,0.08,0.00,0.00,6.81,0.00,0.00,-247.58,-0.00,0.00,-0.00,0.00,-0.00,-0.00,7.00
11555.00,0.00,0.00,0.02,0.00,0.00,-9.24,0.00,0.00,-2292.46,-0.00,-0.00,-0.00,-0.00,-0.00,-0.00,6.00
11561.00,0.00,0.00,-0.15,0.00,0.00,-27.11,0.00,0.00,-2979.57,-0.00,-0.00,-0.00,-0.00,-0.00,-0.00,7.00
11568.00,0.00,0.00,0.01,0.00,0.00,21.95,0.00,0.00,7009.55,-0.00,-0.00,-0.00,-0.00,-0.00,-0.00,8.00
11576.00,0.00,0.00,-0.06,0.00,0.00,-8.76,0.00,0.00,-3839.60,-0.00,-0.00,-0.00,0.00,-0.00,0.00,5.00
11581.00,0.00,0.00,-0.03,0.00,0.00,5.76,0.00,0.00,2904.14,-0.00,-0.00,-0.00,0.00,-0.00,0.00,8.00
11589.00,0.00,0.00,-0.09,0.00,0.00,-7.46,0.00,0.00,-1652.78,-0.00,-0.00,-0.00,0.00,-0.00,0.00,7.00
11601.00,0.00,0.00,0.03,0.00,0.00,10.11,0.00,0.00,1464.37,-0.00,-0.00,-0.00,0.00,0.00,0.00,18.00
11619.00,0.00,0.00,0.05,0.00,0.00,1.14,0.00,0.00,-498.13,-0.00,-0.00,-0.00,-0.00,-0.00,0.00,9.00
11628.00,0.00,0.00,-0.03,0.00,0.00,-8.45,0.00,0.00,-1065.88,-0.00,-0.00,-0.00,-0.00,-0.00,0.00,5.00
11633.00,0.00,0.00,-0.03,0.00,0.00,-1.35,0.00,0.00,1419.83,-0.00,-0.00,-0.00,0.00,-0.00,0.00,7.00
11640.00,0.00,0.00,0.07,0.00,0.00,14.89,0.00,0.00,2320.84,-0.00,-0.00,-0.00,0.00,0.00,-0.00,6.00
11646.00,0.00,0.00,0.06,0.00,0.00,-2.39,0.00,0.00,-2880.08,-0.00,-0.00,-0.00,-0.00,-0.00,-0.00,6.00
11652.00,0.00,0.00,-0.00,0.00,0.00,-9.99,0.00,0.00,-1266.44,-0.00,-0.00,-0.00,-0.00,-0.00,-0.00,7.00
11659.00,0.00,0.00,0.04,0.00,0.00,6.23,0.00,0.00,2316.87,-0.00,-0.00,-0.00,-0.00,-0.00,-0.00,8.00
11667.00,0.00,0.00,0.02,0.00,0.00,-2.31,0.00,0.00,-1068.03,-0.00,-0.00,-0.00,-0.00,0.00,0.00,6.00
11673.00,0.00,0.00,0.02,0.00,0.00,0.37,0.00,0.00,446.62,-0.00,-0.00,-0.00,-0.00,0.00,0.00,7.00
11685.00,0.00,0.00,0.05,0.00,0.00,2.52,0.00,0.00,179.54,-0.00,-0.00,-0.00,0.00,-0.00,-0.00,16.00
11701.00,0.00,0.00,-0.02,0.00,0.00,-4.75,0.00,0.00,-454.55,-0.00,-0.00,-0.00,-0.00,-0.00,0.00,8.00
11709.00,0.00,0.00,0.12,0.00,0.00,17.45,0.00,0.00,2774.85,-0.00,-0.00,-0.00,0.00,-0.00,-0.00,8.00
11717.00,0.00,0.00,0.07,0.00,0.00,-6.06,0.00,0.00,-2938.27,-0.00,-0.00,-0.00,0.00,-0.00,-0.00,7.00
11724.00,0.00,0.00,0.04,0.00,0.00,-4.69,0.00,0.00,195.57,-0.00,-0.00,-0.00,0.00,-0.00,0.00,6.00
11730.00,0.00,0.00,0.10,0.00,0.00,10.85,0.00,0.00,2589.67,-0.00,-0.00,-0.00,0.00,-0.00,0.00,6.00
11736.00,0.00,0.00,0.16,0.00,0.00,9.12,0.00,0.00,-288.73,-0.00,-0.00,-0.00,0.00,-0.00,0.00,5.00
11741.00,0.00,0.00,0.02,0.00,0.00,-27.45,0.00,0.00,-7313.21,-0.00,-0.00,-0.00,0.00,-0.00,0.00,8.00
11749.00,0.00,0.00,0.05,0.00,0.00,4.26,0.00,0.00,3963.25,-0.00,-0.00,-0.00,0.00,0.00,0.00,8.00
11757.00,0.00,0.00,0.05,0.00,0.00,0.19,0.00,0.00,-507.90,-0.00,-0.00,-0.00,0.00,0.00,-0.00,6.00
11768.00,0.00,0.00,-0.06,0.00,0.00,-10.76,0.00,0.00,-995.93,-0.00,-0.00,-0.00,-0.00,0.00,0.00,6.00
11774.00,0.00,0.00,-0.02,0.00,0.00,7.84,0.00,0.00,3100.33,-0.00,-0.00,-0.00,-0.00,0.00,-0.00,6.00
11780.00,0.00,0.00,0.02,0.00,0.00,5.87,0.00,0.00,-327.98,-0.00,-0.00,-0.00,-0.00,0.00,-0.00,6.00
11786.00,0.00,0.00,-0.00,0.00,0.00,-3.28,0.00,0.00,-1525.15,-0.00,-0.00,-0.00,-0.00,0.00,0.00,5.00
11791.00,0.00,0.00,-0.02,0.00,0.00,-4.61,0.00,0.00,-265.53,-0.00,-0.00,-0.00,-0.00,-0.00,0.00,18.00
11809.00,0.00,0.00,-0.07,0.00,0.00,-2.73,0.00,0.00,103.97,-0.00,-0.00,-0.00,-0.00,-0.00,0.00,8.00
11817.00,0.00,0.00,-0.10,0.00,0.00,-2.74,0.00,0.00,-1.31,-0.00,-0.00,-0.00,-0.00,0.00,0.00,5.00
11822.00,0.00,0.00,0.12,0.00,0.00,43.23,0.00,0.00,9195.50,-0.00,-0.00,-0.00,-0.00,-0.00,0.00,8.00
11830.00,0.00,0.00,0.04,0.00,0.00,-10.08,0.00,0.00,-6664.66,-0.00,-0.00,-0.00,0.00,-0.01,0.00,5.00
11835.00,0.00,0.00,-0.03,0.00,0.00,-13.13,0.00,0.00,-608.74,-0.00,-0.00,-0.00,-0.00,-0.00,0.00,6.00
11846.00,0.00,0.00,-0.01,0.00,0.00,1.26,0.00,0.00,1308.38,-0.00,-0.00,-0.00,0.00,0.00,0.00,6.00
11852.00,0.00,0.00,0.14,0.00,0.00,24.73,0.00,0.00,3911.33,-0.00,-0.00,-0.00,0.00,0.00,0.00,7.00
11859.00,0.00,0.00,-0.04,0.00,0.00,-25.19,0.00,0.00,-7131.49,-0.00,-0.00,-0.00,0.00,0.00,0.00,9.00
11868.00,0.00,0.00,-0.00,0.00,0.00,4.37,0.00,0.00,3283.89,-0.00,-0.00,-0.00,0.00,0.00,0.00,5.00
11873.00,0.00,0.00,0.06,0.00,0.00,11.67,0.00,0.00,1459.84,-0.00,-0.00,-0.00,0.00,0.00,0.00,7.00
11880.00,0.00,0.00,-0.01,0.00,0.00,-9.46,0.00,0.00,-3017.98,-0.00,-0.00,-0.00,0.00,-0.00,0.00,6.00
11886.00,0.00,0.00,0.07,0.00,0.00,12.61,0.00,0.00,3679.07,-0.00,-0.00,-0.00,-0.00,-0.01,0.00,15.00
11901.00,0.00,0.00,0.03,0.00,0.00,-2.32,0.00,0.00,-995.67,-0.00,-0.00,-0.00,0.00,0.00,0.00,8.00
11909.00,0.00,0.00,0.06,0.00,0.00,3.93,0.00,0.00,780.77,-0.00,-0.00,-0.00,-0.00,-0.00,-0.00,8.00
11917.00,0.00,0.00,0.00,0.00,0.00,-7.54,0.00,0.00,-1433.67,-0.00,-0.00,-0.00,0.00,-0.00,-0.00,6.00
11933.00,0.00,0.00,0.02,0.00,0.00,0.74,0.00,0.00,517.62,-0.00,-0.00,-0.00,0.00,0.00,0.00,7.00
11940.00,0.00,0.00,0.12,0.00,0.00,14.44,0.00,0.00,1957.52,-0.00,-0.00,-0.00,-0.00,0.00,-0.00,8.00
11948.00,0.00,0.00,0.03,0.00,0.00,-11.41,0.00,0.00,-3230.81,-0.00,-0.00,-0.00,0.00,0.00,-0.00,5.00
11953.00,0.00,0.00,0.02,0.00,0.00,-1.68,0.00,0.00,1946.09,-0.00,-0.00,-0.00,-0.00,0.00,0.00,7.00
11960.00,0.00,0.00,0.07,0.00,0.00,7.53,0.00,0.00,1315.07,-0.00,-0.00,-0.00,-0.00,0.00,0.00,9.00
11969.00,0.00,0.00,0.00,0.00,0.00,-7.26,0.00,0.00,-1643.58,-0.00,-0.00,-0.00,-0.00,-0.00,0.00,7.00
11976.00,0.00,0.00,-0.02,0.00,0.00,-3.42,0.00,0.00,548.52,-0.00,-0.00,-0.00,0.00,-0.00,0.00,6.00
11982.00,0.00,0.00,-0.02,0.00,0.00,0.34,0.00,0.00,627.83,-0.00,-0.00,-0.00,0.00,-0.00,0.00,6.00
11988.00,0.00,0.00,-0.01,0.00,0.00,1.16,0.00,0.00,135.16,-0.00,-0.00,-0.00,0.00,-0.00,0.00,16.00
12004.00,0.00,0.00,-0.03,0.00,0.00,-1.19,0.00,0.00,-146.50,-0.00,-0.00,-0.00,0.00,0.00,0.00,7.00
12016.00,0.00,0.00,0.04,0.00,0.00,5.48,0.00,0.00,555.43,-0.00,-0.00,-0.00,0.00,-0.00,0.00,6.00
12022.00,0.00,0.00,0.06,0.00,0.00,3.22,0.00,0.00,-376.93,-0.00,-0.00,-0.00,0.00,-0.00,0.00,8.00
12030.00,0.00,0.00,0.02,0.00,0.00,-5.05,0.00,0.00,-1032.67,-0.00,-0.00,-0.00,-0.00,-0.00,-0.00,5.00
12035.00,0.00,0.00,-0.03,0.00,0.00,-8.13,0.00,0.00,-615.98,-0.00,-0.00,-0.00,0.00,0.00,-0.00,6.00
12041.00,0.00,0.00,0.06,0.00,0.00,14.01,0.00,0.00,3689.50,-0.00,-0.00,-0.00,0.00,0.00,-0.00,8.00
12049.00,0.00,0.00,0.05,0.00,0.00,-1.69,0.00,0.00,-1962.45,-0.00,-0.00,-0.00,-0.00,-0.00,0.00,8.00
12057.00,0.00,0.00,-0.01,0.00,0.00,-6.49,0.00,0.00,-600.27,-0.00,-0.00,-0.00,-0.00,-0.00,0.00,6.00
12063.00,0.00,0.00,-0.01,0.00,0.00,-1.19,0.00,0.00,883.30,-0.00,-0.00,-0.00,-0.00,-0.00,0.00,7.00
12070.00,0.00,0.00,0.08,0.00,0.00,13.18,0.00,0.00,2052.66,-0.00,-0.00,-0.00,0.00,-0.00,0.00,8.00
12078.00,0.00,0.00,0.12,0.00,0.00,5.64,0.00,0.00,-942.46,-0.00,-0.00,-0.00,0.00,0.00,0.00,3.00
12086.00,0.00,0.00,0.06,0.00,0.00,-7.79,0.00,0.00,-1678.65,-0.00,-0.00,-0.00,0.00,-0.00,-0.00,16.00
12102.00,0.00,0.00,0.02,0.00,0.00,-2.81,0.00,0.00,311.43,-0.00,-0.00,-0.00,0.00,0.00,-0.00,8.00
12110.00,0.00,0.00,0.06,0.00,0.00,5.15,0.00,0.00,994.18,-0.00,-0.00,-0.00,-0.00,0.00,-0.00,8.00
12118.00,0.00,0.00,0.02,0.00,0.00,-4.89,0.00,0.00,-1254.49,-0.00,-0.00,-0.00,0.00,-0.00,-0.00,5.00
12123.00,0.00,0.00,0.01,0.00,0.00,-2.22,0.00,0.00,534.63,-0.00,-0.00,-0.00,0.00,-0.00,-0.00,7.00
12130.00,0.00,0.00,0.03,0.00,0.00,3.72,0.00,0.00,848.14,-0.00,-0.00,-0.00,0.00,-0.00,0.00,6.00
12136.00,0.00,0.00,-0.01,0.00,0.00,-8.01,0.00,0.00,-1955.53,-0.00,-0.00,-0.00,0.00,-0.00,-0.00,5.00
12141.00,0.00,0.00,-0.08,0.00,0.00,-12.94,0.00,0.00,-985.26,-0.00,-0.00,-0.00,0.00,-0.00,-0.00,6.00
12147.00,0.00,0.00,0.05,0.00,0.00,22.28,0.00,0.00,5869.40,-0.00,-0.00,-0.00,0.00,0.00,0.00,5.00
12152.00,0.00,0.00,0.05,0.00,0.00,-1.09,0.00,0.00,-4673.83,-0.00,-0.00,-0.00,0.00,0.00,0.00,8.00
12165.00,0.00,0.00,0.10,0.00,0.00,3.60,0.00,0.00,361.30,-0.00,-0.00,-0.00,-0.00,0.00,-0.00,7.00
12172.00,0.00,0.00,0.01,0.00,0.00,-12.63,0.00,0.00,-2319.65,-0.00,-0.00,-0.00,0.00,0.00,-0.00,8.00
12180.00,0.00,0.00,0.14,0.00,0.00,16.29,0.00,0.00,3615.09,-0.00,-0.00,-0.00,0.00,0.00,0.00,5.00
12185.00,0.00,0.00,0.05,0.00,0.00,-16.64,0.00,0.00,-6585.37,-0.00,-0.00,-0.00,0.00,0.00,-0.00,6.00
12191.00,0.00,0.00,0.05,0.00,0.00,-1.48,0.00,0.00,2527.23,-0.00,-0.00,-0.00,0.00,0.00,-0.00,18.00
12209.00,0.00,0.00,0.02,0.00,0.00,-1.42,0.00,0.00,3.21,-0.00,-0.00,-0.00,0.00,0.00,0.00,7.00
12216.00,0.00,0.00,0.06,0.00,0.00,6.37,0.00,0.00,1112.44,-0.00,-0.00,-0.00,0.00,0.00,0.00,5.00
12221.00,0.00,0.00,0.09,0.00,0.00,4.70,0.00,0.00,-334.40,-0.00,-0.00,-0.00,0.00,0.00,0.00,9.00
12230.00,0.00,0.00,-0.05,0.00,0.00,-15.45,0.00,0.00,-2238.88,-0.00,-0.00,-0.00,0.00,0.00,0.00,5.00
12235.00,0.00,0.00,0.06,0.00,0.00,22.83,0.00,0.00,7656.42,-0.00,-0.00,-0.00,0.00,0.00,0.00,6.00
12246.00,0.00,0.00,0.07,0.00,0.00,0.64,0.00,0.00,-2017.18,-0.00,-0.00,-0.00,0.00,0.00,-0.00,7.00
12253.00,0.00,0.00,-0.00,0.00,0.00,-10.50,0.00,0.00,-1590.73,-0.00,-0.00,-0.00,0.00,0.00,-0.00,6.00
12259.00,0.00,0.00,0.09,0.00,0.00,15.74,0.00,0.00,4372.78,-0.00,-0.00,-0.00,-0.00,0.00,0.00,7.00
12266.00,0.00,0.00,0.02,0.00,0.00,-10.03,0.00,0.00,-3681.57,-0.00,-0.00,-0.00,0.00,0.00,0.00,5.00
12271.00,0.00,0.00,-0.01,0.00,0.00,-6.48,0.00,0.00,710.80,-0.00,-0.00,-0.00,0.00,0.00,0.00,9.00
12280.00,0.00,0.00,-0.03,0.00,0.00,-1.60,0.00,0.00,542.06,-0.00,-0.00,-0.00,-0.00,0.00,-0.00,5.00
12285.00,0.00,0.00,0.00,0.00,0.00,5.50,0.00,0.00,1419.08,-0.00,-0.00,-0.00,-0.00,-0.00,-0.00,16.00
12301.00,0.00,0.00,0.12,0.00,0.00,7.46,0.00,0.00,122.57,-0.00,-0.00,-0.00,-0.00,0.00,-0.00,9.00
12310.00,0.00,0.00,0.03,0.00,0.00,-10.53,0.00,0.00,-1998.40,-0.00,-0.00,-0.00,0.00,-0.00,0.00,7.00
12317.00,0.00,0.00,0.07,0.00,0.00,6.17,0.00,0.00,2385.06,-0.00,-0.00,-0.00,0.00,0.00,0.00,6.00
12328.00,0.00,0.00,0.02,0.00,0.00,-4.38,0.00,0.00,-959.36,-0.00,-0.00,-0.00,0.00,0.00,0.00,6.00
12334.00,0.00,0.00,0.00,0.00,0.00,-2.68,0.00,0.00,284.55,-0.00,-0.00,-0.00,0.00,0.00,0.00,6.00
12340.00,0.00,0.00,-0.00,0.00,0.00,-1.34,0.00,0.00,222.65,-0.00,-0.00,-0.00,0.00,-0.00,0.00,8.00
12348.00,0.00,0.00,0.00,0.00,0.00,1.02,0.00,0.00,295.41,-0.00,-0.00,-0.00,0.00,-0.00,-0.00,6.00
12354.00,0.00,0.00,-0.01,0.00,0.00,-2.00,0.00,0.00,-504.50,-0.00,-0.00,-0.00,0.00,-0.00,-0.00,7.00
12361.00,0.00,0.00,-0.02,0.00,0.00,-1.28,0.00,0.00,103.30,-0.00,-0.00,-0.00,0.00,0.00,-0.00,8.00
12369.00,0.00,0.00,0.03,0.00,0.00,6.16,0.00,0.00,930.60,-0.00,-0.00,-0.00,0.00,-0.00,0.00,7.00
12376.00,0.00,0.00,0.09,0.00,0.00,8.63,0.00,0.00,352.46,-0.00,-0.00,-0.00,0.00,0.00,0.00,6.00
12382.00,0.00,0.00,0.02,0.00,0.00,-11.53,0.00,0.00,-3359.85,-0.00,-0.00,-0.00,0.00,0.00,0.00,6.00
12388.00,0.00,0.00,0.04,0.00,0.00,3.07,0.00,0.00,2432.36,-0.00,-0.00,-0.00,0.00,-0.00,0.00,5.00
12398.00,0.00,0.00,0.00,0.00,0.00,-3.94,0.00,0.00,-700.49,-0.00,-0.00,-0.00,0.00,-0.00,0.00,16.00
12414.00,0.00,0.00,0.08,0.00,0.00,5.00,0.00,0.00,558.66,-0.00,-0.00,-0.00,0.00,0.00,0.00,7.00
12421.00,0.00,0.00,-0.03,0.00,0.00,-16.49,0.00,0.00,-3070.35,0.00,-0.00,-0.00,0.00,0.00,0.00,9.00
12430.00,0.00,0.00,0.02,0.00,0.00,5.31,0.00,0.00,2422.62,-0.00,-0.00,-0.00,-0.00,0.00,0.00,5.00
12435.00,0.00,0.00,-0.01,0.00,0.00,-5.55,0.00,0.00,-2171.46,-0.00,-0.00,-0.00,-0.00,-0.00,0.00,6.00
12441.00,0.00,0.00,0.03,0.00,0.00,6.66,0.00,0.00,2034.11,-0.00,-0.00,-0.00,-0.00,-0.01,0.00,9.00
12450.00,0.00,0.00,-0.01,0.00,0.00,-4.67,0.00,0.00,-1259.06,-0.00,-0.00,-0.00,0.00,-0.00,0.00,7.00
12457.00,0.00,0.00,0.15,0.00,0.00,23.53,0.00,0.00,4028.38,-0.00,-0.00,-0.00,-0.00,-0.00,0.00,6.00
12463.00,0.00,0.00,-0.02,0.00,0.00,-28.15,0.00,0.00,-8613.04,-0.00,-0.00,-0.00,-0.00,-0.00,0.00,7.00
12470.00,0.00,0.00,-0.01,0.00,0.00,1.65,0.00,0.00,4257.42,-0.00,-0.00,-0.00,0.00,-0.01,0.00,8.00
12483.00,0.00,0.00,0.05,0.00,0.00,4.64,0.00,0.00,230.02,0.00,-0.00,-0.00,0.00,-0.00,-0.00,18.00
12501.00,0.00,0.00,0.04,0.00,0.00,-0.59,0.00,0.00,-290.24,0.00,-0.00,-0.00,0.00,-0.01,0.00,8.00
12509.00,0.00,0.00,0.01,0.00,0.00,-4.51,0.00,0.00,-490.60,0.00,-0.00,-0.00,0.00,-0.00,0.00,7.00
12516.00,0.00,0.00,-0.14,0.00,0.00,-20.30,0.00,0.00,-2255.21,0.00,-0.00,-0.00,-0.00,-0.00,0.00,6.00
12522.00,0.00,0.00,0.02,0.00,0.00,26.37,0.00,0.00,7778.11,-0.00,-0.00,-0.00,-0.00,-0.00,0.00,8.00
12530.00,0.00,0.00,-0.03,0.00,0.00,-6.09,0.00,0.00,-4057.38,-0.00,-0.00,-0.00,-0.00,-0.01,0.00,6.00
12536.00,0.00,0.00,-0.01,0.00,0.00,2.73,0.00,0.00,1469.05,-0.00,-0.00,-0.00,0.00,-0.00,0.00,5.00
12541.00,0.00,0.00,0.01,0.00,0.00,4.75,0.00,0.00,405.43,-0.00,-0.00,-0.00,0.00,0.00,0.00,9.00
12550.00,0.00,0.00,0.03,0.00,0.00,1.57,0.00,0.00,-353.47,0.00,-0.00,-0.00,0.00,-0.00,-0.00,8.00
12558.00,0.00,0.00,-0.06,0.00,0.00,-10.99,0.00,0.00,-1570.10,0.00,-0.00,-0.00,0.00,-0.00,0.00,5.00
12573.00,0.00,0.00,-0.00,0.00,0.00,3.87,0.00,0.00,990.25,0.00,-0.00,-0.00,0.00,-0.00,0.00,9.00
12582.00,0.00,0.00,0.03,0.00,0.00,3.93,0.00,0.00,7.57,0.00,-0.00,-0.00,0.00,-0.00,0.00,6.00
12588.00,0.00,0.00,0.09,0.00,0.00,8.91,0.00,0.00,829.65,0.00,-0.00,-0.00,0.00,0.00,-0.00,15.00
12603.00,0.00,0.00,0.01,0.00,0.00,-5.04,0.00,0.00,-930.27,0.00,-0.00,-0.00,0.00,-0.00,-0.00,8.00
12611.00,0.00,0.00,-0.03,0.00,0.00,-5.78,0.00,0.00,-91.72,0.00,-0.00,-0.00,0.00,-0.00,-0.00,8.00
12619.00,0.00,0.00,0.04,0.00,0.00,9.11,0.00,0.00,1860.77,0.00,-0.00,-0.00,0.00,-0.00,0.00,5.00
12624.00,0.00,0.00,-0.05,0.00,0.00,-18.56,0.00,0.00,-5534.54,0.00,-0.00,-0.00,0.00,-0.00,0.00,7.00
12631.00,0.00,0.00,0.04,0.00,0.00,13.90,0.00,0.00,4637.73,0.00,-0.00,-0.00,0.00,-0.00,0.00,6.00
12637.00,0.00,0.00,0.06,0.00,0.00,2.06,0.00,0.00,-1973.56,0.00,-0.00,-0.00,-0.00,-0.00,0.00,5.00
12642.00,0.00,0.00,0.03,0.00,0.00,-4.52,0.00,0.00,-1315.59,0.00,-0.00,-0.00,-0.00,-0.00,0.00,9.00
12655.00,0.00,0.00,0.01,0.00,0.00,-1.99,0.00,0.00,194.08,0.00,-0.00,-0.00,0.00,-0.00,0.00,8.00
12663.00,0.00,0.00,-0.01,0.00,0.00,-2.25,0.00,0.00,-31.70,0.00,-0.00,-0.00,0.00,-0.00,0.00,5.00
12668.00,0.00,0.00,0.28,0.00,0.00,58.64,0.00,0.00,12177.01,0.00,-0.00,-0.00,0.00,-0.00,0.00,5.00
12673.00,0.00,0.00,0.09,0.00,0.00,-37.67,0.00,0.00,-19260.60,0.00,-0.00,-0.00,0.00,-0.00,0.00,7.00
12680.00,0.00,0.00,0.06,0.00,0.00,-4.49,0.00,0.00,4738.91,0.00,-0.00,-0.00,0.00,0.00,0.00,6.00
12686.00,0.00,0.00,0.00,0.00,0.00,-9.68,0.00,0.00,-863.79,0.00,-0.00,-0.00,0.00,0.00,0.00,6.00
12692.00,0.00,0.00,-0.02,0.00,0.00,-3.76,0.00,0.00,985.39,0.00,-0.00,-0.00,0.00,0.00,0.00,18.00
12710.00,0.00,0.00,0.07,0.00,0.00,5.03,0.00,0.00,488.45,0.00,-0.00,-0.00,0.00,-0.00,0.00,7.00
12717.00,0.00,0.00,-0.06,0.00,0.00,-18.70,0.00,0.00,-3389.82,0.00,-0.00,-0.00,0.00,-0.00,-0.00,5.00
12722.00,0.00,0.00,0.09,0.00,0.00,28.90,0.00,0.00,9519.53,0.00,-0.00,-0.00,0.00,-0.00,-0.00,9.00
12736.00,0.00,0.00,0.12,0.00,0.00,2.45,0.00,0.00,-1889.26,0.00,-0.00,-0.00,0.00,-0.00,0.00,7.00
12743.00,0.00,0.00,0.10,0.00,0.00,-2.37,0.00,0.00,-687.73,0.00,-0.00,-0.00,-0.00,-0.00,0.00,8.00
12751.00,0.00,0.00,0.07,0.00,0.00,-4.72,0.00,0.00,-293.97,0.00,-0.00,-0.00,-0.00,-0.00,0.00,8.00
12759.00,0.00,0.00,0.03,0.00,0.00,-5.08,0.00,0.00,-45.07,0.00,-0.00,-0.00,0.00,0.00,0.00,5.00
12764.00,0.00,0.00,0.00,0.00,0.00,-4.37,0.00,0.00,141.25,0.00,-0.00,-0.00,0.00,0.00,0.00,8.00
12772.00,0.00,0.00,-0.09,0.00,0.00,-12.04,0.00,0.00,-958.65,0.00,-0.00,-0.00,0.00,0.00,0.00,8.00
12780.00,0.00,0.00,-0.06,0.00,0.00,3.60,0.00,0.00,1955.14,0.00,-0.00,-0.00,0.00,0.00,-0.00,6.00
12786.00,0.00,0.00,-0.05,0.00,0.00,3.08,0.00,0.00,-86.39,0.00,-0.00,-0.00,0.00,-0.00,-0.00,6.00
12792.00,0.00,0.00,0.10,0.00,0.00,24.10,0.00,0.00,3503.16,0.00,-0.00,-0.00,0.00,-0.00,0.00,18.00
12810.00,0.00,0.00,0.08,0.00,0.00,-1.21,0.00,0.00,-1406.25,0.00,-0.00,0.00,-0.00,0.00,0.00,7.00
12822.00,0.00,0.00,0.01,0.00,0.00,-5.95,0.00,0.00,-395.12,0.00,-0.00,0.00,0.00,0.00,0.00,9.00
12831.00,0.00,0.00,0.01,0.00,0.00,0.18,0.00,0.00,681.88,0.00,-0.00,0.00,0.00,0.00,0.00,6.00
12837.00,0.00,0.00,0.09,0.00,0.00,12.93,0.00,0.00,2124.97,0.00,-0.00,0.00,0.00,-0.00,0.00,5.00
12842.00,0.00,0.00,0.37,0.00,0.00,57.44,0.00,0.00,8900.78,0.00,-0.00,0.00,0.00,-0.00,-0.00,5.00
12847.00,0.00,0.00,0.07,0.00,0.00,-60.17,0.00,0.00,-23521.13,0.00,-0.00,0.00,0.00,0.00,-0.00,6.00
12853.00,0.00,0.00,0.01,0.00,0.00,-10.93,0.00,0.00,8205.88,0.00,-0.00,0.00,0.00,-0.00,-0.00,8.00
12861.00,0.00,0.00,0.03,0.00,0.00,2.98,0.00,0.00,1738.99,0.00,-0.00,0.00,-0.00,-0.00,0.00,8.00
12869.00,0.00,0.00,0.08,0.00,0.00,6.10,0.00,0.00,390.54,0.00,-0.00,0.00,-0.00,0.00,-0.00,5.00
12874.00,0.00,0.00,0.02,0.00,0.00,-10.94,0.00,0.00,-3407.79,0.00,-0.00,0.00,-0.00,0.00,-0.00,8.00
12882.00,0.00,0.00,0.00,0.00,0.00,-2.76,0.00,0.00,1022.08,0.00,-0.00,0.00,0.00,0.00,-0.00,5.00
12892.00,0.00,0.00,0.10,0.00,0.00,9.91,0.00,0.00,1267.09,0.00,-0.00,-0.00,-0.00,0.00,-0.00,8.00
12900.00,0.00,0.00,0.10,0.00,0.00,-0.44,0.00,0.00,-1293.97,0.00,-0.00,-0.00,0.00,0.00,-0.00,8.00
12908.00,0.00,0.00,0.00,0.00,0.00,-11.95,0.00,0.00,-1439.17,0.00,-0.00,-0.00,-0.00,0.00,-0.00,15.00
12923.00,0.00,0.00,0.02,0.00,0.00,1.30,0.00,0.00,883.47,0.00,-0.00,-0.00,-0.00,0.00,-0.00,9.00
12932.00,0.00,0.00,0.03,0.00,0.00,0.79,0.00,0.00,-56.67,0.00,-0.00,-0.00,0.00,0.00,-0.00,5.00
12937.00,0.00,0.00,0.07,0.00,0.00,8.20,0.00,0.00,1482.28,0.00,-0.00,-0.00,0.00,-0.00,0.00,6.00
12943.00,0.00,0.00,0.04,0.00,0.00,-5.24,0.00,0.00,-2239.32,0.00,-0.00,-0.00,-0.00,-0.00,0.00,8.00
12951.00,0.00,0.00,-0.04,0.00,0.00,-9.96,0.00,0.00,-590.78,0.00,-0.00,-0.00,-0.00,-0.00,0.00,7.00
12958.00,0.00,0.00,-0.05,0.00,0.00,-0.58,0.00,0.00,1339.84,0.00,-0.00,-0.00,0.00,0.00,0.00,5.00
12963.00,0.00,0.00,0.05,0.00,0.00,19.77,0.00,0.00,4071.58,0.00,-0.00,-0.00,0.00,0.00,-0.00,9.00
12976.00,0.00,0.00,-0.03,0.00,0.00,-6.66,0.00,0.00,-2033.06,0.00,-0.00,-0.00,0.00,-0.00,0.00,8.00
12984.00,0.00,0.00,0.07,0.00,0.00,13.43,0.00,0.00,2510.39,0.00,-0.00,-0.00,0.00,-0.00,0.00,6.00
12990.00,0.00,0.00,-0.03,0.00,0.00,-16.64,0.00,0.00,-5011.85,0.00,-0.00,-0.00,0.00,-0.01,-0.00,17.00
13007.00,0.00,0.00,0.12,0.00,0.00,8.66,0.00,0.00,1488.62,0.00,-0.00,-0.00,-0.00,0.00,0.00,6.00
13013.00,0.00,0.00,0.04,0.00,0.00,-13.93,0.00,0.00,-3764.68,0.00,-0.00,-0.00,-0.00,0.00,0.00,8.00
13021.00,0.00,0.00,0.03,0.00,0.00,-0.86,0.00,0.00,1633.40,0.00,-0.00,-0.00,0.00,-0.00,0.00,7.00
13028.00,0.00,0.00,-0.00,0.00,0.00,-4.44,0.00,0.00,-511.72,0.00,-0.00,-0.00,0.00,-0.00,0.00,6.00
13034.00,0.00,0.00,-0.10,0.00,0.00,-16.96,0.00,0.00,-2086.78,0.00,-0.00,-0.00,0.00,-0.00,0.00,6.00
13040.00,0.00,0.00,0.03,0.00,0.00,21.20,0.00,0.00,6359.89,0.00,-0.00,-0.00,0.00,0.00,0.00,6.00
13046.00,0.00,0.00,-0.00,0.00,0.00,-4.82,0.00,0.00,-4336.39,0.00,-0.00,-0.00,-0.00,-0.00,0.00,6.00
13057.00,0.00,0.00,0.09,0.00,0.00,8.92,0.00,0.00,1249.02,0.00,-0.00,-0.00,0.00,0.00,0.00,7.00
13064.00,0.00,0.00,-0.04,0.00,0.00,-19.27,0.00,0.00,-4026.67,0.00,-0.00,-0.00,0.00,-0.00,0.00,7.00
13071.00,0.00,0.00,0.05,0.00,0.00,13.54,0.00,0.00,4687.07,0.00,-0.00,-0.00,0.00,0.00,0.00,4.00
13075.00,0.00,0.00,0.06,0.00,0.00,2.63,0.00,0.00,-2728.69,0.00,-0.00,-0.00,0.00,-0.00,0.00,7.00
13082.00,0.00,0.00,-0.01,0.00,0.00,-11.09,0.00,0.00,-1959.55,0.00,-0.00,-0.00,0.00,-0.00,0.00,6.00
13088.00,0.00,0.00,0.02,0.00,0.00,5.52,0.00,0.00,2768.40,0.00,-0.00,-0.00,0.00,0.00,-0.00,5.00
13093.00,0.00,0.00,-0.00,0.00,0.00,-5.01,0.00,0.00,-2105.60,0.00,-0.00,-0.00,0.00,0.00,-0.00,18.00
13111.00,0.00,0.00,0.06,0.00,0.00,3.59,0.00,0.00,477.65,0.00,-0.00,-0.00,0.00,0.00,0.00,8.00
13119.00,0.00,0.00,0.15,0.00,0.00,10.69,0.00,0.00,887.75,0.00,-0.00,-0.00,0.00,-0.00,-0.00,4.00
13123.00,0.00,0.00,0.23,0.00,0.00,20.08,0.00,0.00,2347.99,0.00,-0.00,-0.00,0.00,-0.00,-0.00,5.00
13133.00,0.00,0.00,0.02,0.00,0.00,-20.31,0.00,0.00,-4039.04,0.00,-0.00,-0.00,0.00,0.00,0.00,7.00
13140.00,0.00,0.00,0.11,0.00,0.00,12.92,0.00,0.00,4746.45,0.00,-0.00,-0.00,0.00,-0.00,0.00,6.00
13146.00,0.00,0.00,0.11,0.00,0.00,-1.12,0.00,0.00,-2340.56,0.00,-0.00,-0.00,0.00,-0.00,0.00,7.00
13153.00,0.00,0.00,0.09,0.00,0.00,-2.41,0.00,0.00,-184.03,0.00,-0.00,-0.00,0.00,0.00,0.00,8.00
13161.00,0.00,0.00,0.03,0.00,0.00,-7.61,0.00,0.00,-649.54,0.00,-0.00,0.00,0.00,-0.00,0.00,7.00
13168.00,0.00,0.00,-0.00,0.00,0.00,-4.22,0.00,0.00,483.63,0.00,-0.00,0.00,0.00,0.00,0.00,5.00
13173.00,0.00,0.00,-0.04,0.00,0.00,-8.29,0.00,0.00,-813.14,0.00,-0.00,0.00,0.00,0.00,0.00,9.00
13182.00,0.00,0.00,0.05,0.00,0.00,9.93,0.00,0.00,2024.59,0.00,-0.00,0.00,0.00,0.00,0.00,5.00
13187.00,0.00,0.00,0.05,0.00,0.00,0.91,0.00,0.00,-1804.72,0.00,-0.00,0.00,0.00,-0.00,0.00,16.00
13203.00,0.00,0.00,-0.03,0.00,0.00,-4.81,0.00,0.00,-357.34,0.00,-0.00,-0.00,0.00,-0.00,-0.00,9.00
13221.00,0.00,0.00,0.10,0.00,0.00,7.23,0.00,0.00,668.73,0.00,-0.00,0.00,0.00,0.00,0.00,9.00
13230.00,0.00,0.00,0.07,0.00,0.00,-3.65,0.00,0.00,-1209.03,0.00,-0.00,0.00,-0.00,0.00,0.00,5.00
13235.00,0.00,0.00,0.06,0.00,0.00,-2.40,0.00,0.00,250.03,0.00,-0.00,0.00,-0.00,0.00,0.00,7.00
13242.00,0.00,0.00,0.14,0.00,0.00,11.42,0.00,0.00,1974.67,0.00,-0.00,0.00,0.00,-0.00,0.00,9.00
13251.00,0.00,0.00,0.12,0.00,0.00,-2.56,0.00,0.00,-1553.44,0.00,-0.00,0.00,-0.00,0.00,-0.00,6.00
13257.00,0.00,0.00,0.04,0.00,0.00,-12.17,0.00,0.00,-1601.74,0.00,-0.00,0.00,0.00,0.00,-0.00,6.00
13263.00,0.00,0.00,0.07,0.00,0.00,3.92,0.00,0.00,2681.86,0.00,-0.00,0.00,0.00,0.00,-0.00,9.00
13272.00,0.00,0.00,-0.03,0.00,0.00,-10.69,0.00,0.00,-1623.26,0.00,-0.00,0.00,0.00,0.00,-0.00,7.00
13279.00,0.00,0.00,0.06,0.00,0.00,12.05,0.00,0.00,3247.93,0.00,-0.00,0.00,0.00,-0.00,-0.00,6.00
13285.00,0.00,0.00,0.12,0.00,0.00,11.34,0.00,0.00,-116.99,0.00,-0.00,-0.00,0.00,-0.00,-0.00,7.00
13297.00,0.00,0.00,0.00,0.00,0.00,-10.21,0.00,0.00,-1796.32,0.00,-0.00,-0.00,0.00,-0.00,-0.00,16.00
13313.00,0.00,0.00,0.12,0.00,0.00,7.69,0.00,0.00,1118.92,0.00,-0.00,-0.00,0.00,-0.00,-0.00,9.00
13322.00,0.00,0.00,-0.00,0.00,0.00,-13.96,0.00,0.00,-2405.82,0.00,-0.00,-0.00,0.00,-0.00,0.00,7.00
13329.00,0.00,0.00,0.24,0.00,0.00,34.30,0.00,0.00,6894.09,0.00,-0.00,-0.00,0.00,0.00,0.00,4.00
13333.00,0.00,0.00,0.07,0.00,0.00,-40.94,0.00,0.00,-18809.30,0.00,-0.00,-0.00,0.00,0.00,0.00,5.00
13338.00,0.00,0.00,0.00,0.00,0.00,-14.30,0.00,0.00,5328.48,0.00,-0.00,-0.00,0.00,-0.00,0.00,4.00
13342.00,0.00,0.00,0.27,0.00,0.00,67.64,0.00,0.00,20483.86,0.00,-0.00,-0.00,0.00,-0.00,0.00,5.00
13347.00,0.00,0.00,0.03,0.00,0.00,-48.77,0.00,0.00,-23282.25,0.00,-0.00,-0.00,0.00,-0.00,0.00,6.00
13353.00,0.00,0.00,0.01,0.00,0.00,-3.74,0.00,0.00,7504.73,0.00,-0.00,-0.00,0.00,-0.00,0.00,9.00
13362.00,0.00,0.00,0.06,0.00,0.00,6.13,0.00,0.00,1097.00,0.00,-0.00,-0.00,-0.00,-0.00,0.00,7.00
13374.00,0.00,0.00,-0.02,0.00,0.00,-7.26,0.00,0.00,-1115.99,0.00,-0.00,-0.00,0.00,0.00,-0.00,9.00
13383.00,0.00,0.00,0.17,0.00,0.00,21.21,0.00,0.00,3163.72,0.00,-0.00,-0.00,0.00,-0.00,0.00,5.00
13388.00,0.00,0.00,-0.06,0.00,0.00,-45.43,0.00,0.00,-13328.83,0.00,-0.00,0.00,-0.00,-0.00,0.00,15.00
13403.00,0.00,0.00,0.06,0.00,0.00,7.94,0.00,0.00,3558.23,0.00,-0.00,0.00,0.00,-0.00,0.00,9.00
13412.00,0.00,0.00,0.04,0.00,0.00,-2.28,0.00,0.00,-1135.13,0.00,-0.00,0.00,0.00,0.00,0.00,8.00
13420.00,0.00,0.00,0.02,0.00,0.00,-1.66,0.00,0.00,77.01,0.00,-0.00,-0.00,-0.00,-0.00,-0.00,5.00
13425.00,0.00,0.00,0.13,0.00,0.00,21.64,0.00,0.00,4659.47,0.00,-0.00,-0.00,-0.00,0.00,-0.00,7.00
13432.00,0.00,0.00,0.04,0.00,0.00,-13.76,0.00,0.00,-5056.74,0.00,-0.00,-0.00,0.00,0.00,-0.00,6.00
13438.00,0.00,0.00,0.09,0.00,0.00,8.58,0.00,0.00,3723.60,0.00,-0.00,-0.00,-0.00,0.01,0.00,5.00
13443.00,0.00,0.00,0.06,0.00,0.00,-6.21,0.00,0.00,-2957.68,0.00,-0.00,-0.00,-0.00,0.01,0.00,9.00
13457.00,0.00,0.00,0.09,0.00,0.00,2.26,0.00,0.00,604.80,0.00,-0.00,-0.00,-0.00,0.00,0.00,7.00
13464.00,0.00,0.00,0.06,0.00,0.00,-4.06,0.00,0.00,-903.47,0.00,-0.00,-0.00,-0.00,0.00,0.00,8.00
13472.00,0.00,0.00,0.06,0.00,0.00,-0.41,0.00,0.00,457.22,0.00,-0.00,-0.00,-0.00,0.00,0.00,7.00
13479.00,0.00,0.00,0.05,0.00,0.00,-0.55,0.00,0.00,-20.90,0.00,-0.00,-0.00,0.00,0.00,0.00,5.00
13485.00,0.00,0.00,-0.02,0.00,0.00,-12.89,0.00,0.00,-2056.52,0.00,-0.00,0.00,0.00,0.00,0.00,16.00
13501.00,0.00,0.00,0.04,0.00,0.00,3.98,0.00,0.00,1054.33,0.00,-0.00,0.00,-0.00,-0.00,0.00,7.00
13508.00,0.00,0.00,0.03,0.00,0.00,-1.49,0.00,0.00,-781.33,0.00,-0.00,0.00,0.00,0.00,-0.00,6.00
13514.00,0.00,0.00,0.07,0.00,0.00,7.05,0.00,0.00,1424.24,0.00,-0.00,0.00,0.00,0.00,-0.00,8.00
13522.00,0.00,0.00,0.08,0.00,0.00,0.96,0.00,0.00,-761.88,0.00,-0.00,-0.00,0.00,0.00,-0.00,8.00
13530.00,0.00,0.00,0.06,0.00,0.00,-1.75,0.00,0.00,-338.13,0.00,-0.00,-0.00,0.00,0.00,0.00,6.00
13541.00,0.00,0.00,-0.04,0.00,0.00,-9.36,0.00,0.00,-692.07,0.00,-0.00,-0.00,-0.00,0.00,0.00,6.00
13547.00,0.00,0.00,0.05,0.00,0.00,14.27,0.00,0.00,3938.01,0.00,-0.00,-0.00,-0.00,-0.00,-0.00,6.00
13553.00,0.00,0.00,0.03,0.00,0.00,-3.39,0.00,0.00,-2942.88,0.00,-0.00,-0.00,-0.00,-0.00,-0.00,9.00
13562.00,0.00,0.00,-0.00,0.00,0.00,-3.36,0.00,0.00,3.69,0.00,-0.00,-0.00,-0.00,0.00,-0.00,7.00
13569.00,0.00,0.00,-0.09,0.00,0.00,-12.26,0.00,0.00,-1271.66,0.00,-0.00,-0.00,-0.00,0.00,0.00,6.00
13575.00,0.00,0.00,0.02,0.00,0.00,18.48,0.00,0.00,5123.14,0.00,-0.00,-0.00,-0.00,0.00,0.00,7.00
13582.00,0.00,0.00,-0.03,0.00,0.00,-7.44,0.00,0.00,-3702.70,0.00,-0.00,-0.00,-0.00,-0.00,0.00,6.00
13588.00,0.00,0.00,0.06,0.00,0.00,14.46,0.00,0.00,3649.88,0.00,-0.00,-0.00,0.00,0.00,0.00,6.00
13594.00,0.00,0.00,0.04,0.00,0.00,-3.06,0.00,0.00,-2920.57,0.00,-0.00,-0.00,0.00,0.00,0.00,18.00
13612.00,0.00,0.00,0.07,0.00,0.00,1.60,0.00,0.00,258.84,0.00,-0.00,-0.00,0.00,0.00,0.00,7.00
13624.00,0.00,0.00,0.01,0.00,0.00,-4.77,0.00,0.00,-530.81,0.00,-0.00,0.00,0.00,0.00,0.00,9.00
13633.00,0.00,0.00,-0.02,0.00,0.00,-3.06,0.00,0.00,189.78,0.00,-0.00,-0.00,-0.00,-0.00,-0.00,5.00
13638.00,0.00,0.00,0.05,0.00,0.00,13.92,0.00,0.00,3395.95,0.00,-0.00,-0.00,-0.00,0.00,0.00,6.00
13644.00,0.00,0.00,0.03,0.00,0.00,-3.89,0.00,0.00,-2968.31,0.00,-0.00,-0.00,-0.00,0.00,0.00,8.00
13652.00,0.00,0.00,0.03,0.00,0.00,0.62,0.00,0.00,564.13,0.00,-0.00,-0.00,-0.00,0.00,0.00,8.00
13660.00,0.00,0.00,0.03,0.00,0.00,-0.46,0.00,0.00,-134.83,0.00,-0.00,-0.00,-0.00,0.00,0.00,5.00
13665.00,0.00,0.00,0.15,0.00,0.00,23.47,0.00,0.00,4785.86,0.00,-0.00,-0.00,-0.00,0.00,0.00,8.00
13673.00,0.00,0.00,0.04,0.00,0.00,-13.94,0.00,0.00,-4675.77,0.00,-0.00,-0.00,0.00,0.00,0.00,8.00
13681.00,0.00,0.00,0.07,0.00,0.00,4.36,0.00,0.00,2287.12,0.00,-0.00,0.00,0.00,0.00,0.00,5.00
13686.00,0.00,0.00,0.10,0.00,0.00,6.23,0.00,0.00,374.45,0.00,-0.00,0.00,0.00,-0.00,0.00,7.00
13698.00,0.00,0.00,0.02,0.00,0.00,-7.00,0.00,0.00,-1102.98,0.00,-0.00,0.00,-0.00,-0.00,0.00,16.00
13714.00,0.00,0.00,0.01,0.00,0.00,-0.21,0.00,0.00,424.62,0.00,-0.00,0.00,-0.00,0.00,0.00,9.00
13723.00,0.00,0.00,0.06,0.00,0.00,5.36,0.00,0.00,619.27,0.00,-0.00,0.00,0.00,0.00,0.00,8.00
13731.00,0.00,0.00,0.07,0.00,0.00,0.37,0.00,0.00,-624.15,0.00,-0.00,0.00,-0.00,0.00,0.00,5.00
13736.00,0.00,0.00,-0.02,0.00,0.00,-17.83,0.00,0.00,-3639.36,0.00,-0.00,0.00,-0.00,0.00,0.00,7.00
13743.00,0.00,0.00,0.00,0.00,0.00,4.13,0.00,0.00,3136.49,0.00,-0.00,0.00,0.00,-0.00,0.00,9.00
13752.00,0.00,0.00,0.08,0.00,0.00,8.34,0.00,0.00,467.78,0.00,-0.00,0.00,0.00,0.00,0.00,6.00
13758.00,0.00,0.00,0.04,0.00,0.00,-6.20,0.00,0.00,-2423.55,0.00,-0.00,0.00,0.00,0.00,-0.00,6.00
13764.00,0.00,0.00,0.07,0.00,0.00,4.06,0.00,0.00,1709.72,0.00,-0.00,0.00,0.00,0.00,-0.00,8.00
13772.00,0.00,0.00,0.06,0.00,0.00,-1.01,0.00,0.00,-633.38,0.00,-0.00,0.00,-0.00,0.00,-0.00,8.00
13785.00,0.00,0.00,0.07,0.00,0.00,0.66,0.00,0.00,128.65,0.00,-0.00,0.00,-0.00,-0.00,0.00,17.00
13802.00,0.00,0.00,0.05,0.00,0.00,-0.77,0.00,0.00,-84.38,0.00,-0.00,0.00,0.00,0.00,0.00,7.00
13809.00,0.00,0.00,-0.01,0.00,0.00,-9.46,0.00,0.00,-1240.68,0.00,-0.00,0.00,0.00,0.00,0.00,5.00
13814.00,0.00,0.00,-0.03,0.00,0.00,-3.62,0.00,0.00,1166.48,0.00,-0.00,0.00,0.00,0.00,0.00,8.00
13822.00,0.00,0.00,0.09,0.00,0.00,15.50,0.00,0.00,2390.14,0.00,-0.00,0.00,-0.00,0.00,-0.00,8.00
13830.00,0.00,0.00,-0.10,0.00,0.00,-24.08,0.00,0.00,-4946.45,0.00,-0.00,0.00,-0.00,0.00,0.00,6.00
13836.00,0.00,0.00,0.05,0.00,0.00,23.90,0.00,0.00,7996.20,0.00,-0.00,0.00,-0.00,0.00,0.00,6.00
13842.00,0.00,0.00,-0.02,0.00,0.00,-10.38,0.00,0.00,-5713.22,0.00,-0.00,0.00,0.00,0.00,-0.00,7.00
13849.00,0.00,0.00,-0.10,0.00,0.00,-11.34,0.00,0.00,-137.17,0.00,-0.00,0.00,-0.00,-0.00,0.00,5.00
13854.00,0.00,0.00,0.02,0.00,0.00,22.51,0.00,0.00,6768.90,0.00,-0.00,0.00,-0.00,-0.00,0.00,8.00
13867.00,0.00,0.00,0.13,0.00,0.00,9.14,0.00,0.00,-1028.46,0.00,-0.00,0.00,-0.00,0.00,0.00,7.00
13874.00,0.00,0.00,0.08,0.00,0.00,-8.08,0.00,0.00,-2459.01,0.00,-0.00,0.00,-0.00,0.00,0.00,8.00
13882.00,0.00,0.00,-0.05,0.00,0.00,-16.21,0.00,0.00,-1016.33,0.00,-0.00,0.00,-0.00,0.00,-0.00,6.00
13888.00,0.00,0.00,0.02,0.00,0.00,11.70,0.00,0.00,4651.63,0.00,-0.00,0.00,-0.00,0.00,-0.00,6.00
13894.00,0.00,0.00,0.02,0.00,0.00,0.90,0.00,0.00,-1801.16,0.00,-0.00,0.00,-0.00,0.00,0.00,18.00
13912.00,0.00,0.00,0.10,0.00,0.00,4.31,0.00,0.00,189.41,0.00,-0.00,0.00,-0.00,0.00,-0.00,8.00
13920.00,0.00,0.00,0.02,0.00,0.00,-9.69,0.00,0.00,-1749.40,0.00,-0.00,0.00,0.00,-0.00,0.00,5.00
13925.00,0.00,0.00,0.01,0.00,0.00,-3.20,0.00,0.00,1297.43,0.00,-0.00,0.00,0.00,-0.00,-0.00,8.00
13933.00,0.00,0.00,0.02,0.00,0.00,1.25,0.00,0.00,556.61,0.00,-0.00,0.00,0.00,0.00,-0.00,5.00
13938.00,0.00,0.00,0.03,0.00,0.00,2.13,0.00,0.00,176.88,0.00,-0.00,0.00,0.00,0.00,-0.00,6.00
13954.00,0.00,0.00,0.05,0.00,0.00,1.41,0.00,0.00,-45.06,0.00,-0.00,0.00,0.00,-0.00,0.00,9.00
13963.00,0.00,0.00,-0.04,0.00,0.00,-10.10,0.00,0.00,-1279.70,0.00,-0.00,0.00,-0.00,-0.00,0.00,9.00
13972.00,0.00,0.00,-0.03,0.00,0.00,0.64,0.00,0.00,1193.93,0.00,-0.00,0.00,0.00,0.00,0.00,6.00
13978.00,0.00,0.00,0.08,0.00,0.00,19.03,0.00,0.00,3064.81,0.00,-0.00,0.00,0.00,0.00,0.00,6.00
13984.00,0.00,0.00,0.07,0.00,0.00,-2.41,0.00,0.00,-3573.98,0.00,-0.00,0.00,0.00,0.00,0.00,16.00
14000.00,0.00,0.00,0.07,0.00,0.00,0.40,0.00,0.00,176.09,0.00,-0.00,0.00,-0.00,0.00,-0.00,5.00
14005.00,0.00,0.00,-0.04,0.00,0.00,-23.25,0.00,0.00,-4730.10,0.00,-0.00,0.00,-0.00,0.00,-0.00,8.00
14013.00,0.00,0.00,-0.04,0.00,0.00,0.64,0.00,0.00,2985.97,0.00,-0.00,0.00,0.00,-0.00,0.00,7.00
14020.00,0.00,0.00,0.03,0.00,0.00,10.53,0.00,0.00,1412.62,0.00,-0.00,0.00,0.00,-0.00,0.00,6.00
14026.00,0.00,0.00,0.04,0.00,0.00,1.10,0.00,0.00,-1572.41,0.00,-0.00,0.00,0.00,-0.00,-0.00,8.00
14038.00,0.00,0.00,0.09,0.00,0.00,4.28,0.00,0.00,265.72,0.00,-0.00,-0.00,0.00,-0.00,-0.00,7.00
14045.00,0.00,0.00,0.13,0.00,0.00,4.87,0.00,0.00,84.24,0.00,-0.00,-0.00,-0.00,0.00,-0.00,8.00
14053.00,0.00,0.00,0.02,0.00,0.00,-13.26,0.00,0.00,-2267.21,0.00,-0.00,-0.00,-0.00,-0.00,0.00,8.00
14061.00,0.00,0.00,0.05,0.00,0.00,3.45,0.00,0.00,2088.84,0.00,-0.00,-0.00,0.00,-0.00,0.00,5.00
14066.00,0.00,0.00,0.06,0.00,0.00,1.66,0.00,0.00,-357.48,0.00,-0.00,-0.00,-0.00,-0.00,-0.00,8.00
14074.00,0.00,0.00,0.03,0.00,0.00,-3.35,0.00,0.00,-626.52,0.00,-0.00,-0.00,-0.00,0.00,-0.00,8.00
14082.00,0.00,0.00,0.04,0.00,0.00,0.93,0.00,0.00,535.32,0.00,-0.00,-0.00,-0.00,0.00,0.00,6.00
14088.00,0.00,0.00,0.04,0.00,0.00,-0.33,0.00,0.00,-209.79,0.00,-0.00,-0.00,0.00,0.00,0.00,6.00
14094.00,0.00,0.00,0.06,0.00,0.00,3.37,0.00,0.00,616.99,0.00,-0.00,-0.00,0.00,0.00,0.00,18.00
14112.00,0.00,0.00,0.00,0.00,0.00,-2.99,0.00,0.00,-353.27,0.00,-0.00,0.00,0.00,-0.00,0.00,7.00
14124.00,0.00,0.00,0.01,0.00,0.00,0.99,0.00,0.00,331.26,0.00,-0.00,0.00,-0.00,0.00,-0.00,9.00
14133.00,0.00,0.00,-0.03,0.00,0.00,-4.46,0.00,0.00,-605.30,0.00,-0.00,0.00,-0.00,-0.00,0.00,6.00
14139.00,0.00,0.00,0.03,0.00,0.00,9.41,0.00,0.00,2312.17,0.00,-0.00,0.00,-0.00,-0.00,0.00,6.00
14145.00,0.00,0.00,0.04,0.00,0.00,1.50,0.00,0.00,-1319.61,0.00,-0.00,0.00,-0.00,-0.00,0.00,8.00
14153.00,0.00,0.00,0.01,0.00,0.00,-4.23,0.00,0.00,-716.13,0.00,-0.00,0.00,-0.00,-0.00,0.00,7.00
14160.00,0.00,0.00,0.02,0.00,0.00,2.00,0.00,0.00,891.04,0.00,-0.00,0.00,-0.00,-0.00,0.00,5.00
14165.00,0.00,0.00,-0.03,0.00,0.00,-10.11,0.00,0.00,-2423.62,-0.00,-0.00,0.00,-0.00,-0.00,0.00,8.00
14173.00,0.00,0.00,0.04,0.00,0.00,8.37,0.00,0.00,2310.63,0.00,-0.00,0.00,0.00,0.00,0.00,8.00
14181.00,0.00,0.00,0.01,0.00,0.00,-3.27,0.00,0.00,-1455.38,-0.00,-0.00,0.00,-0.00,0.01,0.00,6.00
14187.00,0.00,0.00,0.03,0.00,0.00,4.24,0.00,0.00,1252.44,-0.00,-0.00,0.00,-0.00,0.00,-0.00,7.00
14199.00,0.00,0.00,0.06,0.00,0.00,2.03,0.00,0.00,-184.21,-0.00,-0.00,0.00,-0.00,-0.00,-0.00,16.00
14215.00,0.00,0.00,0.03,0.00,0.00,-2.04,0.00,0.00,-254.42,-0.00,-0.00,0.00,0.00,-0.00,0.00,8.00
14223.00,0.00,0.00,0.04,0.00,0.00,2.22,0.00,0.00,531.66,-0.00,-0.00,0.00,0.00,-0.00,0.00,8.00
14231.00,0.00,0.00,0.08,0.00,0.00,4.87,0.00,0.00,331.75,0.00,-0.00,0.00,0.00,-0.00,0.00,6.00
14237.00,0.00,0.00,0.11,0.00,0.00,4.59,0.00,0.00,-47.04,0.00,-0.00,0.00,0.00,-0.00,0.00,5.00
14242.00,0.00,0.00,0.20,0.00,0.00,18.38,0.00,0.00,2757.97,0.00,-0.00,0.00,0.00,0.00,0.00,4.00
14246.00,0.00,0.00,0.01,0.00,0.00,-48.87,0.00,0.00,-16811.95,0.00,-0.00,0.00,0.00,0.00,-0.00,8.00
14254.00,0.00,0.00,-0.07,0.00,0.00,-9.54,0.00,0.00,4916.28,0.00,-0.00,0.00,-0.00,0.00,-0.00,8.00
14262.00,0.00,0.00,0.04,0.00,0.00,14.18,0.00,0.00,2964.66,0.00,-0.00,0.00,0.00,0.00,0.00,6.00
14268.00,0.00,0.00,0.07,0.00,0.00,4.45,0.00,0.00,-1621.64,0.00,-0.00,0.00,-0.00,0.00,-0.00,6.00
14279.00,0.00,0.00,0.01,0.00,0.00,-5.22,0.00,0.00,-878.58,0.00,-0.00,0.00,-0.00,0.00,0.00,7.00
14286.00,0.00,0.00,0.04,0.00,0.00,3.76,0.00,0.00,1282.09,-0.00,-0.00,0.00,-0.00,0.00,0.00,6.00
14292.00,0.00,0.00,0.01,0.00,0.00,-5.79,0.00,0.00,-1590.95,-0.00,-0.00,0.00,0.00,0.00,0.00,18.00
14310.00,0.00,0.00,0.12,0.00,0.00,6.25,0.00,0.00,668.87,-0.00,-0.00,0.00,0.00,0.00,-0.00,5.00
14315.00,0.00,0.00,-0.09,0.00,0.00,-41.04,0.00,0.00,-9458.43,0.00,-0.00,0.00,0.00,0.00,-0.00,8.00
14323.00,0.00,0.00,-0.01,0.00,0.00,10.20,0.00,0.00,6405.29,0.00,-0.00,0.00,0.00,0.00,-0.00,8.00
14331.00,0.00,0.00,0.00,0.00,0.00,1.28,0.00,0.00,-1115.70,0.00,-0.00,0.00,-0.00,-0.00,-0.00,5.00
14336.00,0.00,0.00,-0.06,0.00,0.00,-12.91,0.00,0.00,-2836.35,-0.00,-0.00,0.00,-0.00,-0.00,-0.00,6.00
14342.00,0.00,0.00,0.15,0.00,0.00,34.67,0.00,0.00,7929.16,-0.00,-0.00,0.00,0.00,-0.01,0.00,5.00
14347.00,0.00,0.00,-0.02,0.00,0.00,-33.09,0.00,0.00,-13551.67,-0.00,-0.00,0.00,0.00,-0.00,0.00,7.00
14359.00,0.00,0.00,0.13,0.00,0.00,11.90,0.00,0.00,3748.85,-0.00,-0.00,0.00,0.00,0.00,-0.00,7.00
14366.00,0.00,0.00,0.07,0.00,0.00,-7.58,0.00,0.00,-2782.01,-0.00,-0.00,0.00,0.00,0.00,-0.00,7.00
14373.00,0.00,0.00,0.02,0.00,0.00,-7.33,0.00,0.00,35.42,0.00,-0.00,0.00,0.00,0.01,0.00,8.00
14381.00,0.00,0.00,0.10,0.00,0.00,10.18,0.00,0.00,2188.35,0.00,-0.00,0.00,0.00,-0.00,-0.00,6.00
14387.00,0.00,0.00,-0.05,0.00,0.00,-25.94,0.00,0.00,-6019.93,0.00,-0.00,0.00,0.00,-0.00,-0.00,16.00
14403.00,0.00,0.00,-0.02,0.00,0.00,2.23,0.00,0.00,1760.79,0.00,-0.00,0.00,0.00,0.00,0.00,8.00
14411.00,0.00,0.00,0.02,0.00,0.00,4.39,0.00,0.00,270.32,0.00,-0.00,0.00,-0.00,0.00,0.00,5.00
14417.00,0.00,0.00,0.06,0.00,0.00,7.47,0.00,0.00,513.52,0.00,-0.00,0.00,-0.00,0.00,-0.00,7.00
14424.00,0.00,0.00,0.09,0.00,0.00,3.33,0.00,0.00,-592.20,-0.00,-0.00,0.00,-0.00,0.00,-0.00,9.00
14433.00,0.00,0.00,-0.06,0.00,0.00,-15.76,0.00,0.00,-2120.72,0.00,-0.00,0.00,0.00,-0.00,0.00,5.00
14443.00,0.00,0.00,0.08,0.00,0.00,13.23,0.00,0.00,2899.15,0.00,-0.00,0.00,0.00,0.00,0.00,8.00
14451.00,0.00,0.00,0.03,0.00,0.00,-5.85,0.00,0.00,-2384.87,-0.00,-0.00,0.00,-0.00,0.00,-0.00,6.00
14457.00,0.00,0.00,-0.00,0.00,0.00,-5.68,0.00,0.00,27.81,-0.00,-0.00,0.00,-0.00,0.00,-0.00,7.00
14464.00,0.00,0.00,0.02,0.00,0.00,3.61,0.00,0.00,1327.29,-0.00,-0.00,0.00,0.00,0.00,0.00,9.00
14473.00,0.00,0.00,0.12,0.00,0.00,10.76,0.00,0.00,793.76,-0.00,-0.00,0.00,-0.00,0.00,0.00,6.00
14479.00,0.00,0.00,0.05,0.00,0.00,-11.03,0.00,0.00,-3631.87,-0.00,-0.00,0.00,-0.00,0.00,0.00,6.00
14485.00,0.00,0.00,0.06,0.00,0.00,1.25,0.00,0.00,2048.03,-0.00,-0.00,0.00,-0.00,0.00,0.00,16.00
14501.00,0.00,0.00,0.05,0.00,0.00,-0.52,0.00,0.00,-111.12,-0.00,-0.00,0.00,-0.00,-0.00,-0.00,5.00
14506.00,0.00,0.00,0.05,0.00,0.00,0.55,0.00,0.00,214.30,-0.00,-0.00,0.00,-0.00,-0.00,-0.00,8.00
14514.00,0.00,0.00,0.02,0.00,0.00,-3.77,0.00,0.00,-539.20,-0.00,-0.00,0.00,0.00,-0.00,-0.00,8.00
14527.00,0.00,0.00,-0.01,0.00,0.00,-2.77,0.00,0.00,77.03,-0.00,-0.00,0.00,-0.00,0.00,-0.00,8.00
14535.00,0.00,0.00,0.14,0.00,0.00,18.63,0.00,0.00,2673.80,-0.00,-0.00,0.00,-0.00,0.00,0.00,5.00
14540.00,0.00,0.00,0.00,0.00,0.00,-26.20,0.00,0.00,-8965.77,-0.00,-0.00,0.00,0.00,0.00,-0.00,6.00
14546.00,0.00,0.00,0.01,0.00,0.00,0.74,0.00,0.00,4490.85,-0.00,-0.00,0.00,-0.00,0.00,-0.00,8.00
14554.00,0.00,0.00,0.04,0.00,0.00,3.91,0.00,0.00,395.53,-0.00,-0.00,0.00,-0.00,0.00,-0.00,7.00
14561.00,0.00,0.00,0.02,0.00,0.00,-3.05,0.00,0.00,-993.94,-0.00,-0.00,0.00,0.00,0.00,-0.00,6.00
14567.00,0.00,0.00,-0.00,0.00,0.00,-3.64,0.00,0.00,-98.32,-0.00,-0.00,-0.00,0.00,0.00,-0.00,7.00
14574.00,0.00,0.00,0.01,0.00,0.00,2.17,0.00,0.00,830.56,-0.00,-0.00,-0.00,-0.00,0.00,-0.00,9.00
14583.00,0.00,0.00,0.08,0.00,0.00,7.92,0.00,0.00,638.53,-0.00,-0.00,-0.00,-0.00,0.00,0.00,6.00
14589.00,0.00,0.00,-0.04,0.00,0.00,-20.02,0.00,0.00,-4655.72,-0.00,-0.00,-0.00,-0.00,-0.00,0.00,6.00
14605.00,0.00,0.00,0.00,0.00,0.00,2.52,0.00,0.00,1408.39,-0.00,-0.00,-0.00,-0.00,-0.01,-0.00,19.00
14624.00,0.00,0.00,0.03,0.00,0.00,1.28,0.00,0.00,-65.11,-0.00,-0.00,-0.00,0.00,0.00,-0.00,7.00
14631.00,0.00,0.00,0.04,0.00,0.00,2.28,0.00,0.00,141.94,-0.00,-0.00,-0.00,0.00,0.00,0.00,5.00
14636.00,0.00,0.00,-0.01,0.00,0.00,-10.51,0.00,0.00,-2556.88,-0.00,-0.00,-0.00,0.00,0.00,0.00,7.00
14643.00,0.00,0.00,0.13,0.00,0.00,19.79,0.00,0.00,4329.09,-0.00,-0.00,-0.00,-0.00,0.00,-0.00,6.00
14649.00,0.00,0.00,0.02,0.00,0.00,-18.05,0.00,0.00,-6308.20,-0.00,-0.00,-0.00,-0.00,0.00,-0.00,7.00
14656.00,0.00,0.00,0.12,0.00,0.00,13.83,0.00,0.00,4555.55,-0.00,-0.00,-0.00,0.00,-0.00,0.00,8.00
14664.00,0.00,0.00,0.03,0.00,0.00,-11.66,0.00,0.00,-3186.24,-0.00,-0.00,-0.00,0.00,-0.00,-0.00,7.00
14671.00,0.00,0.00,0.06,0.00,0.00,5.54,0.00,0.00,2456.58,-0.00,-0.00,-0.00,0.00,-0.00,-0.00,5.00
14676.00,0.00,0.00,0.01,0.00,0.00,-10.63,0.00,0.00,-3234.77,-0.00,-0.00,-0.00,0.00,-0.00,-0.00,8.00
14689.00,0.00,0.00,0.10,0.00,0.00,7.10,0.00,0.00,1363.93,-0.00,-0.00,-0.00,-0.00,-0.00,-0.00,17.00
14706.00,0.00,0.00,-0.02,0.00,0.00,-7.33,0.00,0.00,-848.76,-0.00,-0.00,-0.00,0.00,0.00,0.00,8.00
14714.00,0.00,0.00,0.00,0.00,0.00,3.24,0.00,0.00,1320.83,-0.00,-0.00,-0.00,0.00,-0.00,0.00,8.00
14722.00,0.00,0.00,0.14,0.00,0.00,17.29,0.00,0.00,1756.71,-0.00,-0.00,-0.00,0.00,-0.00,0.00,6.00
14728.00,0.00,0.00,0.10,0.00,0.00,-7.28,0.00,0.00,-4094.80,-0.00,-0.00,-0.00,0.00,-0.00,0.00,7.00
14735.00,0.00,0.00,0.08,0.00,0.00,-2.72,0.00,0.00,650.97,-0.00,-0.00,-0.00,0.00,-0.00,0.00,5.00
14740.00,0.00,0.00,0.05,0.00,0.00,-6.44,0.00,0.00,-743.84,-0.00,-0.00,-0.00,-0.00,-0.00,0.00,6.00
14746.00,0.00,0.00,0.08,0.00,0.00,5.47,0.00,0.00,1984.92,-0.00,-0.00,-0.00,-0.00,-0.00,0.00,8.00
14754.00,0.00,0.00,0.04,0.00,0.00,-5.12,0.00,0.00,-1323.05,-0.00,-0.00,-0.00,0.00,0.00,0.00,8.00
14762.00,0.00,0.00,0.17,0.00,0.00,16.22,0.00,0.00,2667.34,-0.00,-0.00,-0.00,-0.00,0.00,-0.00,6.00
14773.00,0.00,0.00,0.11,0.00,0.00,-5.26,0.00,0.00,-1953.03,-0.00,-0.00,-0.00,-0.00,0.00,-0.00,7.00
14780.00,0.00,0.00,-0.03,0.00,0.00,-19.89,0.00,0.00,-2089.20,-0.00,-0.00,-0.00,-0.00,0.00,-0.00,6.00
14786.00,0.00,0.00,-0.01,0.00,0.00,2.50,0.00,0.00,3730.42,-0.00,-0.00,-0.00,0.00,0.00,0.00,15.00
14801.00,0.00,0.00,0.06,0.00,0.00,5.08,0.00,0.00,172.10,-0.00,-0.00,-0.00,0.00,0.00,0.00,6.00
14807.00,0.00,0.00,0.04,0.00,0.00,-3.96,0.00,0.00,-1505.65,-0.00,-0.00,-0.00,0.00,-0.00,-0.00,7.00
14814.00,0.00,0.00,0.08,0.00,0.00,5.33,0.00,0.00,1326.71,-0.00,-0.00,-0.00,-0.00,-0.00,-0.00,8.00
14822.00,0.00,0.00,0.02,0.00,0.00,-6.74,0.00,0.00,-1509.19,-0.00,-0.00,-0.00,-0.00,0.00,0.00,5.00
14827.00,0.00,0.00,0.05,0.00,0.00,4.70,0.00,0.00,2289.34,-0.00,-0.00,-0.00,-0.00,0.00,0.00,8.00
14835.00,0.00,0.00,0.12,0.00,0.00,9.63,0.00,0.00,615.49,-0.00,-0.00,-0.00,0.00,-0.00,0.00,5.00
14840.00,0.00,0.00,-0.02,0.00,0.00,-28.82,0.00,0.00,-7690.41,-0.00,-0.00,-0.00,0.00,-0.00,0.00,6.00
14851.00,0.00,0.00,0.04,0.00,0.00,5.49,0.00,0.00,3119.84,-0.00,-0.00,-0.00,0.00,0.00,0.00,6.00
14857.00,0.00,0.00,-0.02,0.00,0.00,-9.69,0.00,0.00,-2530.46,-0.00,-0.00,-0.00,0.00,0.00,0.00,7.00
14864.00,0.00,0.00,0.03,0.00,0.00,6.55,0.00,0.00,2319.81,-0.00,-0.00,-0.00,0.00,0.00,0.00,9.00
14873.00,0.00,0.00,-0.04,0.00,0.00,-7.79,0.00,0.00,-1593.20,-0.00,-0.00,-0.00,-0.00,0.00,-0.00,5.00
14878.00,0.00,0.00,0.11,0.00,0.00,30.75,0.00,0.00,7707.62,-0.00,-0.00,-0.00,-0.00,-0.00,0.00,7.00
14885.00,0.00,0.00,0.09,0.00,0.00,-2.56,0.00,0.00,-4757.86,-0.00,-0.00,-0.00,-0.00,-0.00,0.00,6.00
14891.00,0.00,0.00,0.15,0.00,0.00,9.56,0.00,0.00,2019.44,-0.00,-0.00,-0.00,-0.00,0.00,0.00,15.00
14906.00,0.00,0.00,0.03,0.00,0.00,-8.16,0.00,0.00,-1181.17,-0.00,-0.00,-0.00,0.00,0.01,-0.00,8.00
14914.00,0.00,0.00,0.06,0.00,0.00,3.83,0.00,0.00,1498.39,-0.00,-0.00,-0.00,-0.00,0.00,0.00,8.00
14922.00,0.00,0.00,0.12,0.00,0.00,7.25,0.00,0.00,427.63,-0.00,-0.00,-0.00,-0.00,0.00,0.00,6.00
14933.00,0.00,0.00,0.04,0.00,0.00,-6.66,0.00,0.00,-1264.98,-0.00,-0.00,-0.00,0.00,0.00,-0.00,6.00
14939.00,0.00,0.00,0.02,0.00,0.00,-4.27,0.00,0.00,398.87,-0.00,-0.00,-0.00,0.00,-0.00,0.00,6.00
14945.00,0.00,0.00,0.10,0.00,0.00,13.31,0.00,0.00,2930.29,-0.00,-0.00,-0.00,0.00,-0.00,0.00,9.00
14954.00,0.00,0.00,0.02,0.00,0.00,-8.76,0.00,0.00,-2452.42,-0.00,-0.00,-0.00,0.00,0.00,0.00,8.00
14962.00,0.00,0.00,0.08,0.00,0.00,7.30,0.00,0.00,2006.88,-0.00,-0.00,-0.00,-0.00,0.00,0.00,5.00
14967.00,0.00,0.00,0.00,0.00,0.00,-15.10,0.00,0.00,-4479.90,-0.00,-0.00,-0.00,-0.00,0.00,0.00,7.00
14974.00,0.00,0.00,0.03,0.00,0.00,3.98,0.00,0.00,2726.59,-0.00,-0.00,-0.00,0.00,0.00,0.00,9.00
14983.00,0.00,0.00,0.02,0.00,0.00,-0.81,0.00,0.00,-532.35,-0.00,-0.00,-0.00,0.00,-0.00,-0.00,5.00
14988.00,0.00,0.00,-0.05,0.00,0.00,-15.28,0.00,0.00,-2893.58,-0.00,-0.00,-0.00,0.00,-0.00,-0.00,17.00
15005.00,0.00,0.00,0.04,0.00,0.00,5.69,0.00,0.00,1233.39,-0.00,-0.00,-0.00,-0.00,0.00,0.00,8.00
15018.00,0.00,0.00,-0.03,0.00,0.00,-5.97,0.00,0.00,-896.76,-0.00,-0.00,-0.00,-0.00,0.00,-0.00,8.00
15026.00,0.00,0.00,0.11,0.00,0.00,17.44,0.00,0.00,2925.51,-0.00,-0.00,-0.00,0.00,0.00,-0.00,8.00
15034.00,0.00,0.00,0.08,0.00,0.00,-3.69,0.00,0.00,-2640.77,-0.00,-0.00,-0.00,-0.00,0.00,0.00,6.00
15040.00,0.00,0.00,0.02,0.00,0.00,-9.93,0.00,0.00,-1040.57,-0.00,-0.00,-0.00,-0.00,0.00,0.00,6.00
15046.00,0.00,0.00,-0.04,0.00,0.00,-9.25,0.00,0.00,114.52,-0.00,-0.00,-0.00,0.00,0.00,0.00,8.00
15054.00,0.00,0.00,0.05,0.00,0.00,11.48,0.00,0.00,2590.39,-0.00,-0.00,-0.00,-0.00,0.00,-0.00,7.00
15061.00,0.00,0.00,0.07,0.00,0.00,2.03,0.00,0.00,-1349.44,-0.00,-0.00,-0.00,-0.00,0.00,0.00,6.00
15067.00,0.00,0.00,0.12,0.00,0.00,8.19,0.00,0.00,1026.92,-0.00,-0.00,-0.00,-0.00,0.00,0.00,7.00
15074.00,0.00,0.00,0.14,0.00,0.00,3.71,0.00,0.00,-640.58,-0.00,-0.00,-0.00,-0.00,-0.00,0.00,8.00
15082.00,0.00,0.00,0.10,0.00,0.00,-5.12,0.00,0.00,-1103.80,-0.00,-0.00,0.00,-0.00,0.00,0.00,6.00
15093.00,0.00,0.00,0.08,0.00,0.00,-2.13,0.00,0.00,271.56,-0.00,-0.00,0.00,0.00,0.00,0.00,15.00
15108.00,0.00,0.00,0.08,0.00,0.00,0.42,0.00,0.00,170.18,-0.00,-0.00,-0.00,-0.00,-0.00,-0.00,8.00
15116.00,0.00,0.00,0.09,0.00,0.00,0.58,0.00,0.00,20.71,-0.00,-0.00,-0.00,-0.00,-0.00,-0.00,8.00
15124.00,0.00,0.00,0.07,0.00,0.00,-2.61,0.00,0.00,-398.87,-0.00,-0.00,-0.00,0.00,-0.00,-0.00,7.00
15131.00,0.00,0.00,0.03,0.00,0.00,-5.11,0.00,0.00,-357.17,-0.00,-0.00,-0.00,0.00,0.00,-0.00,5.00
15136.00,0.00,0.00,0.12,0.00,0.00,17.13,0.00,0.00,4447.60,-0.00,-0.00,-0.00,0.00,0.00,-0.00,6.00
15142.00,0.00,0.00,-0.00,0.00,0.00,-19.81,0.00,0.00,-6157.11,-0.00,-0.00,-0.00,0.00,-0.01,0.00,5.00
15147.00,0.00,0.00,0.09,0.00,0.00,17.62,0.00,0.00,7486.77,-0.00,-0.00,-0.00,0.00,-0.00,0.00,8.00
15155.00,0.00,0.00,0.09,0.00,0.00,0.88,0.00,0.00,-2092.26,-0.00,-0.00,-0.00,-0.00,-0.00,0.00,8.00
15163.00,0.00,0.00,0.15,0.00,0.00,7.46,0.00,0.00,821.85,-0.00,-0.00,-0.00,-0.00,0.00,0.00,7.00
15174.00,0.00,0.00,-0.01,0.00,0.00,-14.45,0.00,0.00,-1992.07,-0.00,-0.00,-0.00,-0.00,0.00,0.00,9.00
15183.00,0.00,0.00,0.07,0.00,0.00,8.75,0.00,0.00,2578.77,-0.00,-0.00,-0.00,0.00,0.00,0.00,5.00
15188.00,0.00,0.00,0.10,0.00,0.00,4.83,0.00,0.00,-784.28,-0.00,-0.00,-0.00,0.00,0.00,0.00,17.00
15205.00,0.00,0.00,-0.01,0.00,0.00,-6.47,0.00,0.00,-665.17,-0.00,-0.00,-0.00,-0.00,0.00,0.00,8.00
15213.00,0.00,0.00,-0.03,0.00,0.00,-1.82,0.00,0.00,581.91,-0.00,-0.00,-0.00,0.00,0.00,0.00,6.00
15219.00,0.00,0.00,-0.06,0.00,0.00,-5.05,0.00,0.00,-538.25,-0.00,-0.00,-0.00,-0.00,0.00,0.00,7.00
15226.00,0.00,0.00,0.03,0.00,0.00,12.97,0.00,0.00,2574.02,-0.00,-0.00,-0.00,-0.00,0.00,0.00,8.00
15234.00,0.00,0.00,0.01,0.00,0.00,-2.55,0.00,0.00,-1940.42,-0.00,-0.00,-0.00,0.00,-0.00,0.00,4.00
15238.00,0.00,0.00,0.19,0.00,0.00,44.21,0.00,0.00,11691.55,-0.00,-0.00,-0.00,0.00,-0.00,0.00,6.00
15244.00,0.00,0.00,0.05,0.00,0.00,-23.80,0.00,0.00,-11335.35,-0.00,-0.00,-0.00,-0.00,-0.00,-0.00,7.00
15256.00,0.00,0.00,0.05,0.00,0.00,0.47,0.00,0.00,2022.74,-0.00,-0.00,-0.00,-0.00,0.00,0.00,9.00
15265.00,0.00,0.00,0.10,0.00,0.00,5.45,0.00,0.00,552.47,-0.00,-0.00,-0.00,-0.00,0.00,0.00,9.00
15274.00,0.00,0.00,0.08,0.00,0.00,-2.83,0.00,0.00,-919.28,-0.00,-0.00,0.00,0.00,0.00,0.00,7.00
15281.00,0.00,0.00,0.04,0.00,0.00,-5.38,0.00,0.00,-364.00,-0.00,-0.00,-0.00,-0.00,0.00,-0.00,5.00
15286.00,0.00,0.00,0.04,0.00,0.00,0.89,0.00,0.00,1253.27,-0.00,-0.00,-0.00,-0.00,0.00,-0.00,16.00
15302.00,0.00,0.00,0.09,0.00,0.00,3.12,0.00,0.00,139.22,-0.00,-0.00,0.00,0.00,-0.00,0.00,6.00
15308.00,0.00,0.00,-0.01,0.00,0.00,-16.76,0.00,0.00,-3313.28,-0.00,-0.00,0.00,0.00,-0.00,0.00,7.00
15315.00,0.00,0.00,-0.03,0.00,0.00,-3.80,0.00,0.00,1852.06,-0.00,-0.00,0.00,0.00,-0.00,0.00,8.00
15323.00,0.00,0.00,0.10,0.00,0.00,16.94,0.00,0.00,2592.44,-0.00,-0.00,0.00,-0.00,-0.00,0.00,6.00
15329.00,0.00,0.00,0.04,0.00,0.00,-9.64,0.00,0.00,-4430.19,-0.00,-0.00,0.00,-0.00,-0.00,0.00,7.00
15346.00,0.00,0.00,0.06,0.00,0.00,1.10,0.00,0.00,631.56,-0.00,-0.00,0.00,-0.00,0.00,0.00,9.00
15355.00,0.00,0.00,0.08,0.00,0.00,2.43,0.00,0.00,148.25,-0.00,-0.00,0.00,0.00,0.00,0.00,8.00
15363.00,0.00,0.00,0.06,0.00,0.00,-2.92,0.00,0.00,-669.35,-0.00,-0.00,0.00,0.00,0.00,0.00,6.00
15369.00,0.00,0.00,0.06,0.00,0.00,-0.64,0.00,0.00,380.45,-0.00,-0.00,0.00,0.00,-0.00,-0.00,7.00
15376.00,0.00,0.00,0.08,0.00,0.00,3.29,0.00,0.00,561.30,-0.00,-0.00,0.00,0.00,-0.01,-0.00,9.00
15385.00,0.00,0.00,-0.00,0.00,0.00,-8.92,0.00,0.00,-1356.93,-0.00,-0.00,-0.00,0.00,-0.00,-0.00,5.00
15390.00,0.00,0.00,0.12,0.00,0.00,23.70,0.00,0.00,6524.54,-0.00,-0.00,-0.00,0.00,-0.00,-0.00,16.00
15406.00,0.00,0.00,-0.02,0.00,0.00,-8.53,0.00,0.00,-2014.20,-0.00,-0.00,0.00,0.00,0.00,0.00,9.00
15415.00,0.00,0.00,-0.05,0.00,0.00,-3.62,0.00,0.00,544.89,-0.00,-0.00,0.00,0.00,0.01,-0.00,7.00
15422.00,0.00,0.00,0.11,0.00,0.00,23.35,0.00,0.00,3853.70,-0.00,-0.00,0.00,0.00,0.00,0.00,6.00
15432.00,0.00,0.00,0.08,0.00,0.00,-3.28,0.00,0.00,-2663.49,-0.00,-0.00,0.00,0.00,-0.00,0.00,7.00
15439.00,0.00,0.00,0.07,0.00,0.00,-1.71,0.00,0.00,225.15,-0.00,-0.00,0.00,0.00,-0.00,0.00,6.00
15445.00,0.00,0.00,0.03,0.00,0.00,-7.03,0.00,0.00,-887.56,-0.00,-0.00,0.00,-0.00,-0.00,0.00,9.00
15454.00,0.00,0.00,0.13,0.00,0.00,11.39,0.00,0.00,2047.33,-0.00,-0.00,0.00,0.00,-0.00,0.00,5.00
15459.00,0.00,0.00,0.14,0.00,0.00,1.68,0.00,0.00,-1943.58,-0.00,-0.00,0.00,0.00,-0.00,0.00,7.00
15466.00,0.00,0.00,0.01,0.00,0.00,-18.46,0.00,0.00,-2876.10,-0.00,-0.00,0.00,0.00,-0.00,0.00,8.00
15474.00,0.00,0.00,0.05,0.00,0.00,5.12,0.00,0.00,2947.63,-0.00,-0.00,0.00,0.00,-0.00,-0.00,8.00
15482.00,0.00,0.00,0.05,0.00,0.00,0.71,0.00,0.00,-551.35,-0.00,-0.00,0.00,0.00,-0.00,0.00,5.00
15487.00,0.00,0.00,0.01,0.00,0.00,-9.61,0.00,0.00,-2064.40,-0.00,-0.00,0.00,0.00,-0.00,0.00,16.00
15503.00,0.00,0.00,-0.01,0.00,0.00,-1.15,0.00,0.00,528.84,-0.00,-0.00,0.00,0.00,0.00,-0.00,6.00
15514.00,0.00,0.00,0.16,0.00,0.00,16.07,0.00,0.00,1565.34,-0.00,-0.00,0.00,0.00,0.00,0.00,7.00
15521.00,0.00,0.00,0.05,0.00,0.00,-15.99,0.00,0.00,-4580.59,-0.00,-0.00,0.00,0.00,-0.00,0.00,5.00
15526.00,0.00,0.00,0.01,0.00,0.00,-7.50,0.00,0.00,1698.37,-0.00,-0.00,0.00,0.00,-0.00,0.00,9.00
15535.00,0.00,0.00,0.05,0.00,0.00,3.75,0.00,0.00,1249.82,-0.00,-0.00,0.00,-0.00,0.00,-0.00,5.00
15540.00,0.00,0.00,0.03,0.00,0.00,-3.47,0.00,0.00,-1444.35,-0.00,-0.00,0.00,-0.00,0.01,-0.00,7.00
15547.00,0.00,0.00,0.07,0.00,0.00,5.92,0.00,0.00,1342.38,-0.00,-0.00,0.00,0.00,0.01,0.00,8.00
15555.00,0.00,0.00,0.18,0.00,0.00,13.13,0.00,0.00,901.17,-0.00,-0.00,0.00,0.00,0.00,0.00,7.00
15562.00,0.00,0.00,0.06,0.00,0.00,-16.42,0.00,0.00,-4222.08,-0.00,-0.00,0.00,0.00,-0.00,0.00,6.00
15568.00,0.00,0.00,0.03,0.00,0.00,-5.99,0.00,0.00,1738.71,-0.00,-0.00,0.00,0.00,-0.00,-0.00,8.00
15576.00,0.00,0.00,0.12,0.00,0.00,11.31,0.00,0.00,2162.21,-0.00,-0.00,0.00,0.00,0.00,-0.00,8.00
15588.00,0.00,0.00,0.10,0.00,0.00,-1.22,0.00,0.00,-1043.65,-0.00,-0.00,0.00,0.00,0.00,-0.00,18.00
15606.00,0.00,0.00,0.07,0.00,0.00,-1.80,0.00,0.00,-32.19,-0.00,-0.00,0.00,-0.00,0.00,0.00,9.00
15615.00,0.00,0.00,0.08,0.00,0.00,1.45,0.00,0.00,360.51,-0.00,-0.00,0.00,0.00,0.00,-0.00,7.00
15622.00,0.00,0.00,0.02,0.00,0.00,-8.76,0.00,0.00,-1457.84,-0.00,-0.00,0.00,0.00,0.00,0.00,6.00
15628.00,0.00,0.00,0.06,0.00,0.00,6.68,0.00,0.00,2573.43,-0.00,-0.00,0.00,0.00,0.00,0.00,8.00
15636.00,0.00,0.00,0.13,0.00,0.00,8.22,0.00,0.00,191.96,-0.00,-0.00,0.00,-0.00,-0.00,0.00,5.00
15641.00,0.00,0.00,0.06,0.00,0.00,-13.50,0.00,0.00,-4344.47,-0.00,-0.00,0.00,-0.00,0.00,-0.00,6.00
15647.00,0.00,0.00,0.04,0.00,0.00,-3.38,0.00,0.00,1686.71,-0.00,-0.00,-0.00,-0.00,0.00,-0.00,8.00
15655.00,0.00,0.00,0.14,0.00,0.00,12.28,0.00,0.00,1957.70,-0.00,-0.00,-0.00,0.00,0.00,0.00,8.00
15663.00,0.00,0.00,0.04,0.00,0.00,-12.52,0.00,0.00,-3099.76,-0.00,-0.00,-0.00,0.00,0.01,-0.00,5.00
15673.00,0.00,0.00,0.02,0.00,0.00,-1.98,0.00,0.00,1054.24,-0.00,-0.00,-0.00,0.00,0.00,-0.00,7.00
15680.00,0.00,0.00,0.02,0.00,0.00,0.94,0.00,0.00,416.01,-0.00,0.00,-0.00,0.00,0.00,0.00,6.00
15686.00,0.00,0.00,-0.01,0.00,0.00,-5.33,0.00,0.00,-1043.62,-0.00,0.00,-0.00,0.00,0.00,0.00,16.00
15702.00,0.00,0.00,0.03,0.00,0.00,2.43,0.00,0.00,484.73,-0.00,0.00,-0.00,0.00,0.01,-0.00,5.00
15707.00,0.00,0.00,0.03,0.00,0.00,-0.56,0.00,0.00,-598.04,-0.00,0.00,-0.00,-0.00,0.00,-0.00,8.00
15715.00,0.00,0.00,0.05,0.00,0.00,2.92,0.00,0.00,435.09,-0.00,0.00,-0.00,-0.00,-0.00,0.00,8.00
15723.00,0.00,0.00,0.03,0.00,0.00,-2.21,0.00,0.00,-641.59,-0.00,0.00,-0.00,-0.00,0.00,0.00,5.00
15728.00,0.00,0.00,0.15,0.00,0.00,22.25,0.00,0.00,4892.26,-0.00,0.00,-0.00,-0.00,0.00,0.00,8.00
15736.00,0.00,0.00,-0.03,0.00,0.00,-22.19,0.00,0.00,-5554.79,-0.00,0.00,-0.00,0.00,-0.00,0.00,5.00
15741.00,0.00,0.00,-0.02,0.00,0.00,2.00,0.00,0.00,4837.78,-0.00,0.00,-0.00,0.00,-0.00,0.00,6.00
15752.00,0.00,0.00,0.10,0.00,0.00,11.33,0.00,0.00,848.54,-0.00,0.00,-0.00,0.00,0.00,0.00,6.00
15759.00,0.00,0.00,0.02,0.00,0.00,-11.11,0.00,0.00,-3205.77,-0.00,0.00,0.00,0.00,0.00,0.00,7.00
15766.00,0.00,0.00,0.02,0.00,0.00,-0.83,0.00,0.00,1468.82,-0.00,0.00,0.00,0.00,0.00,0.00,8.00
15774.00,0.00,0.00,-0.00,0.00,0.00,-2.51,0.00,0.00,-210.05,-0.00,0.00,0.00,0.00,0.00,-0.00,5.00
15779.00,0.00,0.00,0.09,0.00,0.00,17.80,0.00,0.00,4061.87,-0.00,0.00,0.00,0.00,0.00,-0.00,8.00
15787.00,0.00,0.00,0.08,0.00,0.00,-1.03,0.00,0.00,-2354.03,-0.00,0.00,0.00,0.00,0.00,0.00,5.00
15792.00,0.00,0.00,0.10,0.00,0.00,4.84,0.00,0.00,1174.33,-0.00,0.00,0.00,0.00,-0.00,0.00,15.00
15807.00,0.00,0.00,0.01,0.00,0.00,-6.09,0.00,0.00,-728.98,-0.00,0.00,0.00,0.00,0.00,0.00,9.00
15816.00,0.00,0.00,0.06,0.00,0.00,5.13,0.00,0.00,1246.84,-0.00,0.00,0.00,-0.00,-0.00,-0.00,7.00
15823.00,0.00,0.00,0.01,0.00,0.00,-7.03,0.00,0.00,-1737.39,-0.00,0.00,0.00,0.00,0.00,0.00,6.00
15834.00,0.00,0.00,-0.01,0.00,0.00,-1.38,0.00,0.00,513.39,-0.00,0.00,0.00,0.00,-0.00,0.00,6.00
15840.00,0.00,0.00,0.13,0.00,0.00,23.31,0.00,0.00,4115.76,-0.00,0.00,0.00,-0.00,0.00,0.00,6.00
15846.00,0.00,0.00,0.02,0.00,0.00,-19.88,0.00,0.00,-7197.84,-0.00,0.00,0.00,-0.00,0.00,0.00,9.00
15855.00,0.00,0.00,0.06,0.00,0.00,5.22,0.00,0.00,2788.85,-0.00,0.00,0.00,0.00,0.00,0.00,7.00
15862.00,0.00,0.00,0.06,0.00,0.00,-0.63,0.00,0.00,-836.24,0.00,0.00,0.00,0.00,0.00,-0.00,6.00
15868.00,0.00,0.00,0.11,0.00,0.00,8.27,0.00,0.00,1484.00,0.00,0.00,0.00,0.00,0.00,-0.00,8.00
15876.00,0.00,0.00,0.03,0.00,0.00,-9.39,0.00,0.00,-2208.11,0.00,0.00,0.00,0.00,-0.00,0.00,7.00
15883.00,0.00,0.00,0.03,0.00,0.00,0.09,0.00,0.00,1354.74,0.00,0.00,0.00,0.00,-0.00,-0.00,6.00
15889.00,0.00,0.00,0.03,0.00,0.00,0.22,0.00,0.00,21.74,0.00,0.00,0.00,0.00,-0.00,-0.00,17.00
15906.00,0.00,0.00,0.05,0.00,0.00,0.76,0.00,0.00,31.58,0.00,0.00,0.00,0.00,0.00,0.00,7.00
15918.00,0.00,0.00,0.10,0.00,0.00,4.22,0.00,0.00,288.74,0.00,0.00,0.00,0.00,0.00,0.00,9.00
15927.00,0.00,0.00,0.09,0.00,0.00,-0.61,0.00,0.00,-536.95,0.00,0.00,0.00,0.00,0.00,-0.00,8.00
15935.00,0.00,0.00,0.07,0.00,0.00,-2.78,0.00,0.00,-271.80,0.00,0.00,0.00,0.00,-0.00,0.00,6.00
15941.00,0.00,0.00,0.01,0.00,0.00,-9.38,0.00,0.00,-1099.19,0.00,0.00,0.00,0.00,-0.00,0.00,6.00
15947.00,0.00,0.00,0.07,0.00,0.00,10.00,0.00,0.00,3230.04,0.00,0.00,0.00,0.00,-0.00,0.00,9.00
15956.00,0.00,0.00,0.10,0.00,0.00,3.37,0.00,0.00,-736.28,0.00,0.00,0.00,0.00,-0.00,-0.00,7.00
15963.00,0.00,0.00,0.06,0.00,0.00,-6.66,0.00,0.00,-1434.25,0.00,0.00,0.00,0.00,0.00,0.00,6.00
15969.00,0.00,0.00,0.09,0.00,0.00,5.88,0.00,0.00,2090.63,0.00,0.00,0.00,0.00,0.00,0.00,7.00
15976.00,0.00,0.00,0.13,0.00,0.00,5.77,0.00,0.00,-15.65,0.00,0.00,0.00,-0.00,0.00,0.00,8.00
15984.00,0.00,0.00,0.11,0.00,0.00,-3.32,0.00,0.00,-1136.07,0.00,0.00,0.00,0.00,-0.00,-0.00,5.00
15999.00,0.00,0.00,0.10,0.00,0.00,-0.71,0.00,0.00,173.63,0.00,0.00,0.00,0.00,-0.00,0.00,18.00
16017.00,0.00,0.00,0.06,0.00,0.00,-1.91,0.00,0.00,-66.31,0.00,0.00,0.00,-0.00,-0.00,-0.00,9.00
16026.00,0.00,0.00,0.06,0.00,0.00,0.13,0.00,0.00,226.64,0.00,0.00,0.00,0.00,0.00,0.00,7.00
16033.00,0.00,0.00,0.16,0.00,0.00,13.36,0.00,0.00,1889.96,0.00,0.00,-0.00,0.00,0.00,-0.00,5.00
16038.00,0.00,0.00,0.09,0.00,0.00,-13.24,0.00,0.00,-5320.53,0.00,0.00,-0.00,0.00,0.00,-0.00,7.00
16045.00,0.00,0.00,0.05,0.00,0.00,-6.07,0.00,0.00,1025.09,0.00,0.00,-0.00,0.00,0.00,0.00,6.00
16051.00,0.00,0.00,-0.02,0.00,0.00,-11.37,0.00,0.00,-884.78,0.00,0.00,0.00,0.00,0.00,0.00,6.00
16057.00,0.00,0.00,0.06,0.00,0.00,13.30,0.00,0.00,4113.13,0.00,0.00,0.00,0.00,0.00,0.00,9.00
16066.00,0.00,0.00,0.11,0.00,0.00,5.71,0.00,0.00,-843.69,0.00,0.00,0.00,0.00,-0.00,-0.00,7.00
16073.00,0.00,0.00,0.02,0.00,0.00,-12.65,0.00,0.00,-2622.92,0.00,0.00,0.00,0.00,-0.00,0.00,6.00
16084.00,0.00,0.00,0.07,0.00,0.00,4.80,0.00,0.00,1586.31,0.00,0.00,0.00,0.00,0.00,0.00,16.00
16100.00,0.00,0.00,0.01,0.00,0.00,-4.08,0.00,0.00,-555.30,0.00,0.00,0.00,0.00,-0.00,-0.00,7.00
16107.00,0.00,0.00,0.07,0.00,0.00,8.25,0.00,0.00,1761.81,0.00,0.00,0.00,0.00,-0.01,0.00,8.00
16115.00,0.00,0.00,0.03,0.00,0.00,-4.05,0.00,0.00,-1537.36,0.00,0.00,0.00,0.00,-0.00,-0.00,7.00
16122.00,0.00,0.00,0.14,0.00,0.00,15.28,0.00,0.00,2761.19,0.00,-0.00,0.00,0.00,-0.00,0.00,6.00
16128.00,0.00,0.00,0.06,0.00,0.00,-13.58,0.00,0.00,-4809.04,0.00,-0.00,0.00,0.00,-0.00,0.00,8.00
16136.00,0.00,0.00,0.06,0.00,0.00,-0.15,0.00,0.00,1677.94,0.00,-0.00,-0.00,0.00,0.00,-0.00,5.00
16141.00,0.00,0.00,-0.04,0.00,0.00,-19.82,0.00,0.00,-3932.44,0.00,-0.00,-0.00,0.00,0.00,-0.00,7.00
16148.00,0.00,0.00,0.15,0.00,0.00,26.77,0.00,0.00,6654.43,0.00,-0.00,-0.00,0.00,0.00,-0.00,8.00
16156.00,0.00,0.00,0.12,0.00,0.00,-3.98,0.00,0.00,-3843.73,0.00,-0.00,-0.00,0.00,-0.00,-0.00,7.00
16168.00,0.00,0.00,0.08,0.00,0.00,-3.12,0.00,0.00,72.28,0.00,-0.00,-0.00,0.00,-0.00,-0.00,9.00
16177.00,0.00,0.00,-0.01,0.00,0.00,-9.93,0.00,0.00,-757.41,0.00,-0.00,-0.00,0.00,-0.00,0.00,9.00
16186.00,0.00,0.00,0.03,0.00,0.00,4.28,0.00,0.00,1579.18,0.00,-0.00,-0.00,0.00,0.00,-0.00,5.00
16191.00,0.00,0.00,-0.03,0.00,0.00,-10.94,0.00,0.00,-3043.32,0.00,-0.00,-0.00,0.00,-0.00,-0.00,17.00
16208.00,0.00,0.00,0.06,0.00,0.00,5.07,0.00,0.00,941.86,0.00,-0.00,-0.00,0.00,-0.01,0.00,8.00
16216.00,0.00,0.00,0.00,0.00,0.00,-6.90,0.00,0.00,-1496.85,0.00,-0.00,-0.00,0.00,-0.00,0.00,8.00
16224.00,0.00,0.00,-0.02,0.00,0.00,-3.30,0.00,0.00,450.25,0.00,-0.00,-0.00,0.00,0.00,-0.00,5.00
16229.00,0.00,0.00,0.13,0.00,0.00,30.45,0.00,0.00,6750.26,0.00,-0.00,-0.00,0.00,-0.00,-0.00,8.00
16237.00,0.00,0.00,0.10,0.00,0.00,-3.76,0.00,0.00,-4276.34,0.00,-0.00,-0.00,0.00,-0.00,0.00,5.00
16242.00,0.00,0.00,0.09,0.00,0.00,-1.10,0.00,0.00,531.55,0.00,-0.00,-0.00,0.00,-0.00,0.00,6.00
16253.00,0.00,0.00,0.13,0.00,0.00,3.23,0.00,0.00,394.11,0.00,-0.00,-0.00,0.00,0.00,0.00,6.00
16259.00,0.00,0.00,-0.09,0.00,0.00,-36.46,0.00,0.00,-6616.39,0.00,-0.00,-0.00,0.00,0.00,-0.00,7.00
16266.00,0.00,0.00,0.10,0.00,0.00,27.55,0.00,0.00,9144.77,0.00,-0.00,-0.00,0.00,0.00,-0.00,8.00
16274.00,0.00,0.00,0.06,0.00,0.00,-4.95,0.00,0.00,-4062.48,0.00,-0.00,-0.00,-0.00,-0.00,-0.00,6.00
16280.00,0.00,0.00,0.11,0.00,0.00,7.52,0.00,0.00,2077.71,0.00,-0.00,-0.00,-0.00,-0.00,-0.00,7.00
16287.00,0.00,0.00,0.08,0.00,0.00,-3.89,0.00,0.00,-1629.86,0.00,-0.00,-0.00,-0.00,0.00,-0.00,6.00
16293.00,0.00,0.00,-0.03,0.00,0.00,-18.77,0.00,0.00,-2479.77,0.00,-0.00,-0.00,0.00,-0.00,0.00,15.00
16308.00,0.00,0.00,0.02,0.00,0.00,3.11,0.00,0.00,1458.74,0.00,-0.00,-0.00,0.00,0.00,-0.00,8.00
16316.00,0.00,0.00,0.02,0.00,0.00,0.43,0.00,0.00,-334.75,0.00,-0.00,-0.00,0.00,-0.00,0.00,8.00
16324.00,0.00,0.00,0.09,0.00,0.00,8.64,0.00,0.00,1026.37,0.00,-0.00,-0.00,0.00,-0.00,0.00,6.00
16335.00,0.00,0.00,0.09,0.00,0.00,-0.14,0.00,0.00,-798.22,0.00,-0.00,-0.00,0.00,0.00,0.00,6.00
16341.00,0.00,0.00,0.06,0.00,0.00,-4.29,0.00,0.00,-692.42,0.00,-0.00,-0.00,0.00,0.00,0.00,6.00
16347.00,0.00,0.00,0.05,0.00,0.00,-1.83,0.00,0.00,410.96,0.00,-0.00,-0.00,0.00,0.00,0.00,9.00
16356.00,0.00,0.00,0.02,0.00,0.00,-2.90,0.00,0.00,-119.71,0.00,-0.00,-0.00,0.00,-0.00,0.00,7.00
16363.00,0.00,0.00,0.07,0.00,0.00,6.87,0.00,0.00,1395.65,0.00,-0.00,-0.00,-0.00,0.00,0.00,6.00
16369.00,0.00,0.00,-0.04,0.00,0.00,-18.26,0.00,0.00,-4187.36,0.00,-0.00,-0.00,-0.00,0.00,0.00,8.00
16377.00,0.00,0.00,0.03,0.00,0.00,9.01,0.00,0.00,3408.67,0.00,-0.00,-0.00,-0.00,0.00,0.00,8.00
16385.00,0.00,0.00,0.14,0.00,0.00,12.86,0.00,0.00,481.39,0.00,-0.00,-0.00,-0.00,0.00,0.00,5.00
16390.00,0.00,0.00,0.09,0.00,0.00,-9.33,0.00,0.00,-4438.22,0.00,-0.00,-0.00,-0.00,0.00,0.00,16.00
16406.00,0.00,0.00,0.06,0.00,0.00,-1.87,0.00,0.00,466.24,0.00,-0.00,-0.00,-0.00,-0.00,-0.00,8.00
16419.00,0.00,0.00,0.04,0.00,0.00,-1.82,0.00,0.00,3.95,0.00,-0.00,-0.00,0.00,0.00,0.00,9.00
16428.00,0.00,0.00,0.05,0.00,0.00,1.52,0.00,0.00,370.38,0.00,-0.00,-0.00,0.00,0.00,-0.00,8.00
16436.00,0.00,0.00,-0.02,0.00,0.00,-9.10,0.00,0.00,-1327.07,0.00,-0.00,-0.00,-0.00,-0.00,-0.00,6.00
16442.00,0.00,0.00,0.06,0.00,0.00,14.26,0.00,0.00,3893.67,0.00,-0.00,-0.00,-0.00,-0.00,0.00,6.00
16448.00,0.00,0.00,0.07,0.00,0.00,1.22,0.00,0.00,-2173.35,0.00,-0.00,-0.00,0.00,-0.00,0.00,9.00
16457.00,0.00,0.00,-0.07,0.00,0.00,-15.41,0.00,0.00,-1848.00,0.00,-0.00,-0.00,-0.00,-0.00,0.00,7.00
16464.00,0.00,0.00,0.03,0.00,0.00,14.04,0.00,0.00,4207.31,0.00,-0.00,-0.00,-0.00,-0.00,0.00,6.00
16470.00,0.00,0.00,0.02,0.00,0.00,-1.82,0.00,0.00,-2642.73,0.00,-0.00,-0.00,-0.00,-0.00,0.00,7.00
16477.00,0.00,0.00,0.02,0.00,0.00,0.18,0.00,0.00,285.89,0.00,-0.00,-0.00,-0.00,-0.00,0.00,8.00
16485.00,0.00,0.00,0.14,0.00,0.00,15.07,0.00,0.00,1860.92,0.00,-0.00,-0.00,0.00,0.01,0.00,5.00
16495.00,0.00,0.00,0.05,0.00,0.00,-9.27,0.00,0.00,-2434.17,0.00,-0.00,-0.00,0.00,0.00,-0.00,16.00
16511.00,0.00,0.00,-0.01,0.00,0.00,-3.93,0.00,0.00,333.72,0.00,-0.00,-0.00,-0.00,0.00,0.00,7.00
16518.00,0.00,0.00,-0.05,0.00,0.00,-5.70,0.00,0.00,-253.04,0.00,-0.00,-0.00,0.00,0.00,0.00,8.00
16526.00,0.00,0.00,0.15,0.00,0.00,25.31,0.00,0.00,3876.39,0.00,-0.00,-0.00,-0.00,0.00,0.00,7.00
16533.00,0.00,0.00,-0.03,0.00,0.00,-25.63,0.00,0.00,-7277.73,0.00,-0.00,-0.00,0.00,0.00,0.00,6.00
16539.00,0.00,0.00,-0.00,0.00,0.00,4.38,0.00,0.00,5002.64,0.00,-0.00,-0.00,0.00,0.00,0.00,5.00
16544.00,0.00,0.00,0.02,0.00,0.00,5.95,0.00,0.00,312.83,0.00,-0.00,-0.00,-0.00,0.00,0.00,5.00
16549.00,0.00,0.00,-0.06,0.00,0.00,-16.62,0.00,0.00,-4513.90,0.00,-0.00,-0.00,-0.00,0.00,0.00,9.00
16558.00,0.00,0.00,0.13,0.00,0.00,20.49,0.00,0.00,4123.79,0.00,-0.00,0.00,-0.00,0.00,0.00,8.00
16566.00,0.00,0.00,0.02,0.00,0.00,-13.86,0.00,0.00,-4293.19,0.00,-0.00,0.00,0.00,-0.00,0.00,7.00
16578.00,0.00,0.00,0.09,0.00,0.00,6.18,0.00,0.00,1669.77,0.00,0.00,0.00,0.00,0.00,0.00,9.00
16587.00,0.00,0.00,0.10,0.00,0.00,0.70,0.00,0.00,-609.23,0.00,0.00,0.00,-0.00,0.01,0.00,6.00
16593.00,0.00,0.00,0.05,0.00,0.00,-7.35,0.00,0.00,-1341.25,0.00,0.00,0.00,-0.00,0.00,0.00,16.00
16609.00,0.00,0.00,-0.01,0.00,0.00,-3.76,0.00,0.00,224.60,0.00,0.00,0.00,0.00,0.00,0.00,8.00
16617.00,0.00,0.00,0.06,0.00,0.00,8.86,0.00,0.00,1577.22,0.00,0.00,0.00,0.00,0.00,0.00,8.00
16625.00,0.00,0.00,0.02,0.00,0.00,-4.92,0.00,0.00,-1722.80,0.00,0.00,0.00,0.00,-0.00,0.00,5.00
16630.00,0.00,0.00,0.06,0.00,0.00,7.49,0.00,0.00,2481.81,0.00,0.00,0.00,0.00,-0.00,0.00,7.00
16637.00,0.00,0.00,-0.04,0.00,0.00,-14.14,0.00,0.00,-3089.32,0.00,0.00,0.00,0.00,-0.00,0.00,6.00
16643.00,0.00,0.00,0.00,0.00,0.00,6.43,0.00,0.00,3428.21,0.00,0.00,0.00,-0.00,0.00,0.00,6.00
16649.00,0.00,0.00,0.05,0.00,0.00,8.43,0.00,0.00,333.31,0.00,0.00,0.00,-0.00,0.00,0.00,8.00
16662.00,0.00,0.00,0.08,0.00,0.00,2.01,0.00,0.00,-493.86,0.00,0.00,0.00,-0.00,-0.00,0.00,7.00
16669.00,0.00,0.00,0.06,0.00,0.00,-2.78,0.00,0.00,-685.32,0.00,0.00,0.00,-0.00,-0.00,0.00,8.00
16677.00,0.00,0.00,-0.01,0.00,0.00,-8.70,0.00,0.00,-739.95,0.00,0.00,0.00,-0.00,0.00,0.00,7.00
16684.00,0.00,0.00,0.09,0.00,0.00,14.19,0.00,0.00,3270.21,0.00,0.00,0.00,-0.00,-0.00,0.00,6.00
16690.00,0.00,0.00,0.07,0.00,0.00,-2.18,0.00,0.00,-2727.38,0.00,0.00,0.00,-0.00,-0.00,0.00,17.00
16707.00,0.00,0.00,0.04,0.00,0.00,-2.16,0.00,0.00,0.75,0.00,0.00,0.00,0.00,-0.00,0.00,7.00
16714.00,0.00,0.00,-0.01,0.00,0.00,-6.62,0.00,0.00,-636.33,0.00,0.00,0.00,0.00,0.00,0.00,5.00
16719.00,0.00,0.00,0.07,0.00,0.00,15.93,0.00,0.00,4509.09,0.00,0.00,0.00,0.00,0.00,0.00,9.00
16728.00,0.00,0.00,-0.00,0.00,0.00,-8.03,0.00,0.00,-2661.78,0.00,0.00,0.00,-0.00,0.00,0.00,8.00
16736.00,0.00,0.00,0.01,0.00,0.00,1.66,0.00,0.00,1211.24,0.00,0.00,0.00,0.00,0.00,0.00,5.00
16751.00,0.00,0.00,0.07,0.00,0.00,3.87,0.00,0.00,147.55,0.00,0.00,0.00,0.00,-0.00,0.00,8.00
16759.00,0.00,0.00,0.10,0.00,0.00,3.21,0.00,0.00,-82.83,0.00,0.00,0.00,-0.00,-0.00,0.00,8.00
16767.00,0.00,0.00,0.10,0.00,0.00,0.94,0.00,0.00,-283.47,0.00,0.00,0.00,-0.00,0.00,0.00,7.00
16774.00,0.00,0.00,0.06,0.00,0.00,-5.63,0.00,0.00,-938.78,0.00,0.00,0.00,-0.00,0.00,0.00,6.00
16780.00,0.00,0.00,-0.03,0.00,0.00,-15.26,0.00,0.00,-1605.47,0.00,0.00,0.00,-0.00,0.00,0.00,8.00
16788.00,0.00,0.00,0.02,0.00,0.00,6.58,0.00,0.00,2729.84,0.00,0.00,0.00,-0.00,0.00,0.00,5.00
16793.00,0.00,0.00,0.09,0.00,0.00,12.52,0.00,0.00,1189.26,0.00,0.00,0.00,-0.00,0.00,0.00,16.00
16809.00,0.00,0.00,0.12,0.00,0.00,1.87,0.00,0.00,-665.67,0.00,0.00,0.00,0.00,0.00,0.00,8.00
16817.00,0.00,0.00,0.20,0.00,0.00,10.68,0.00,0.00,1100.77,0.00,0.00,0.00,-0.00,0.00,0.00,8.00
16825.00,0.00,0.00,0.01,0.00,0.00,-24.56,0.00,0.00,-4404.85,0.00,0.00,0.00,-0.00,-0.00,0.00,6.00
16836.00,0.00,0.00,-0.00,0.00,0.00,-0.63,0.00,0.00,2175.49,0.00,0.00,0.00,-0.00,-0.00,0.00,6.00
16842.00,0.00,0.00,-0.01,0.00,0.00,-1.26,0.00,0.00,-104.44,0.00,0.00,0.00,0.00,-0.00,0.00,6.00
16848.00,0.00,0.00,-0.01,0.00,0.00,0.46,0.00,0.00,285.49,0.00,0.00,0.00,0.00,-0.00,0.00,9.00
16857.00,0.00,0.00,0.03,0.00,0.00,4.49,0.00,0.00,447.78,0.00,0.00,0.00,-0.00,-0.00,-0.00,8.00
16865.00,0.00,0.00,0.06,0.00,0.00,3.41,0.00,0.00,-134.11,0.00,0.00,0.00,-0.00,0.00,-0.00,6.00
16871.00,0.00,0.00,0.02,0.00,0.00,-7.51,0.00,0.00,-1821.38,0.00,0.00,0.00,-0.00,0.00,0.00,7.00
16878.00,0.00,0.00,0.03,0.00,0.00,2.01,0.00,0.00,1359.79,0.00,0.00,0.00,-0.00,0.00,0.00,8.00
16886.00,0.00,0.00,0.09,0.00,0.00,7.81,0.00,0.00,725.70,0.00,0.00,0.00,0.00,0.00,0.00,5.00
16891.00,0.00,0.00,-0.01,0.00,0.00,-21.10,0.00,0.00,-5781.96,0.00,0.00,0.00,-0.00,0.00,0.00,17.00
16908.00,0.00,0.00,0.03,0.00,0.00,2.33,0.00,0.00,1378.26,0.00,0.00,0.00,-0.00,0.00,-0.00,9.00
16921.00,0.00,0.00,0.09,0.00,0.00,5.05,0.00,0.00,209.08,0.00,0.00,0.00,0.00,0.00,-0.00,8.00
16929.00,0.00,0.00,0.09,0.00,0.00,0.19,0.00,0.00,-607.52,0.00,0.00,0.00,-0.00,0.00,-0.00,8.00
16937.00,0.00,0.00,0.03,0.00,0.00,-7.96,0.00,0.00,-1018.77,0.00,0.00,0.00,0.00,0.00,0.00,6.00
16943.00,0.00,0.00,0.11,0.00,0.00,12.32,0.00,0.00,3379.49,0.00,0.00,0.00,-0.00,0.00,0.00,6.00
16949.00,0.00,0.00,0.05,0.00,0.00,-9.65,0.00,0.00,-3660.85,0.00,0.00,0.00,-0.00,-0.00,0.00,8.00
16957.00,0.00,0.00,-0.06,0.00,0.00,-13.55,0.00,0.00,-488.06,0.00,0.00,0.00,-0.00,-0.00,0.00,8.00
16965.00,0.00,0.00,-0.03,0.00,0.00,3.70,0.00,0.00,2156.84,0.00,0.00,0.00,0.00,-0.00,0.00,6.00
16971.00,0.00,0.00,-0.06,0.00,0.00,-5.16,0.00,0.00,-1476.90,0.00,0.00,0.00,0.00,-0.00,0.00,7.00
16978.00,0.00,0.00,0.03,0.00,0.00,12.52,0.00,0.00,2525.15,0.00,0.00,0.00,-0.00,-0.00,0.00,8.00
16986.00,0.00,0.00,0.03,0.00,0.00,0.15,0.00,0.00,-1545.60,0.00,0.00,0.00,0.00,0.00,0.00,5.00
16996.00,0.00,0.00,0.04,0.00,0.00,1.22,0.00,0.00,106.63,0.00,0.00,0.00,-0.00,0.00,0.00,16.00
17012.00,0.00,0.00,0.03,0.00,0.00,-0.53,0.00,0.00,-109.16,0.00,0.00,0.00,0.00,0.00,0.00,7.00
17019.00,0.00,0.00,0.05,0.00,0.00,3.51,0.00,0.00,576.75,0.00,0.00,0.00,0.00,-0.00,0.00,8.00
17027.00,0.00,0.00,-0.00,0.00,0.00,-7.37,0.00,0.00,-1359.39,0.00,0.00,0.00,-0.00,0.00,0.00,7.00
17034.00,0.00,0.00,0.08,0.00,0.00,11.56,0.00,0.00,2703.39,0.00,0.00,0.00,0.00,-0.00,0.00,5.00
17039.00,0.00,0.00,-0.02,0.00,0.00,-19.61,0.00,0.00,-6234.18,0.00,0.00,0.00,0.00,-0.00,0.00,6.00
17045.00,0.00,0.00,0.03,0.00,0.00,8.61,0.00,0.00,4704.01,0.00,0.00,0.00,-0.00,0.00,0.00,5.00
17050.00,0.00,0.00,0.06,0.00,0.00,5.62,0.00,0.00,-597.78,0.00,0.00,0.00,-0.00,0.00,0.00,8.00
17058.00,0.00,0.00,0.03,0.00,0.00,-3.75,0.00,0.00,-1171.92,0.00,0.00,0.00,-0.00,0.00,0.00,8.00
17066.00,0.00,0.00,0.11,0.00,0.00,9.64,0.00,0.00,1674.94,0.00,0.00,0.00,-0.00,0.00,0.00,6.00
17077.00,0.00,0.00,0.11,0.00,0.00,0.46,0.00,0.00,-834.99,-0.00,0.00,0.00,-0.00,0.00,0.00,8.00
17085.00,0.00,0.00,-0.02,0.00,0.00,-16.36,0.00,0.00,-2102.08,-0.00,0.00,0.00,0.00,-0.00,0.00,5.00
17090.00,0.00,0.00,0.06,0.00,0.00,15.41,0.00,0.00,6353.60,-0.00,0.00,0.00,0.00,-0.00,0.00,16.00
17106.00,0.00,0.00,0.05,0.00,0.00,-0.66,0.00,0.00,-1004.16,-0.00,0.00,0.00,0.00,-0.00,0.00,6.00
17112.00,0.00,0.00,0.06,0.00,0.00,2.74,0.00,0.00,565.56,-0.00,0.00,0.00,-0.00,-0.00,0.00,6.00
17118.00,0.00,0.00,0.13,0.00,0.00,11.29,0.00,0.00,1425.17,-0.00,0.00,0.00,-0.00,-0.00,0.00,9.00
17127.00,0.00,0.00,-0.01,0.00,0.00,-15.76,0.00,0.00,-3005.16,-0.00,0.00,0.00,-0.00,0.00,0.00,7.00
17134.00,0.00,0.00,0.09,0.00,0.00,14.30,0.00,0.00,4293.21,-0.00,0.00,0.00,0.00,-0.00,0.00,6.00
17140.00,0.00,0.00,0.13,0.00,0.00,6.82,0.00,0.00,-1246.59,-0.00,0.00,0.00,0.00,-0.00,0.00,6.00
17146.00,0.00,0.00,0.03,0.00,0.00,-16.86,0.00,0.00,-3945.84,-0.00,0.00,0.00,-0.00,-0.00,-0.00,5.00
17156.00,0.00,0.00,0.10,0.00,0.00,6.93,0.00,0.00,2379.05,-0.00,0.00,0.00,0.00,0.00,0.00,6.00
17162.00,0.00,0.00,0.07,0.00,0.00,-4.65,0.00,0.00,-1930.35,-0.00,0.00,0.00,0.00,0.00,0.00,7.00
17169.00,0.00,0.00,-0.04,0.00,0.00,-15.67,0.00,0.00,-1573.83,-0.00,0.00,0.00,0.00,0.00,0.00,9.00
17178.00,0.00,0.00,0.10,0.00,0.00,16.02,0.00,0.00,3520.68,-0.00,0.00,0.00,0.00,-0.00,0.00,7.00
17185.00,0.00,0.00,0.07,0.00,0.00,-5.16,0.00,0.00,-3025.34,-0.00,0.00,0.00,0.00,-0.00,0.00,15.00
17200.00,0.00,0.00,-0.05,0.00,0.00,-8.17,0.00,0.00,-200.78,-0.00,0.00,0.00,0.00,0.00,0.00,8.00
17208.00,0.00,0.00,0.07,0.00,0.00,15.54,0.00,0.00,2964.21,-0.00,0.00,0.00,-0.00,0.00,0.00,8.00
17216.00,0.00,0.00,0.16,0.00,0.00,11.64,0.00,0.00,-488.00,-0.00,0.00,0.00,-0.00,0.00,-0.00,5.00
17221.00,0.00,0.00,0.05,0.00,0.00,-22.55,0.00,0.00,-6838.28,-0.00,0.00,0.00,-0.00,0.00,-0.00,6.00
17227.00,0.00,0.00,0.06,0.00,0.00,0.98,0.00,0.00,3921.31,-0.00,0.00,0.00,-0.00,0.01,0.00,6.00
17237.00,0.00,0.00,0.07,0.00,0.00,0.98,0.00,0.00,0.46,-0.00,0.00,0.00,-0.00,0.00,0.00,7.00
17244.00,0.00,0.00,0.04,0.00,0.00,-3.71,0.00,0.00,-670.03,-0.00,0.00,0.00,-0.00,0.00,0.00,5.00
17249.00,0.00,0.00,0.02,0.00,0.00,-4.57,0.00,0.00,-172.11,-0.00,0.00,0.00,-0.00,-0.00,0.00,9.00
17258.00,0.00,0.00,0.08,0.00,0.00,7.21,0.00,0.00,1308.69,-0.00,0.00,0.00,-0.00,0.00,0.00,7.00
17265.00,0.00,0.00,0.06,0.00,0.00,-3.47,0.00,0.00,-1525.80,-0.00,0.00,0.00,-0.00,-0.00,0.00,6.00
17271.00,0.00,0.00,0.06,0.00,0.00,0.73,0.00,0.00,700.17,-0.00,0.00,0.00,-0.00,-0.00,0.00,7.00
17278.00,0.00,0.00,0.14,0.00,0.00,11.34,0.00,0.00,1516.53,-0.00,0.00,0.00,0.00,0.00,0.00,9.00
17287.00,0.00,0.00,0.08,0.00,0.00,-6.67,0.00,0.00,-2001.82,-0.00,0.00,0.00,0.00,0.00,-0.00,5.00
17292.00,0.00,0.00,0.01,0.00,0.00,-13.78,0.00,0.00,-1421.54,-0.00,0.00,0.00,0.00,0.00,-0.00,17.00
17309.00,0.00,0.00,0.03,0.00,0.00,1.32,0.00,0.00,888.05,-0.00,0.00,0.00,-0.00,-0.00,-0.00,9.00
17322.00,0.00,0.00,0.03,0.00,0.00,-0.47,0.00,0.00,-137.57,-0.00,0.00,0.00,-0.00,0.00,0.00,8.00
17330.00,0.00,0.00,0.11,0.00,0.00,10.58,0.00,0.00,1381.00,-0.00,0.00,0.00,-0.00,-0.00,0.00,8.00
17338.00,0.00,0.00,0.10,0.00,0.00,-1.23,0.00,0.00,-1476.07,-0.00,0.00,0.00,-0.00,-0.00,0.00,6.00
17344.00,0.00,0.00,0.07,0.00,0.00,-5.12,0.00,0.00,-647.76,-0.00,0.00,0.00,0.00,-0.00,-0.00,5.00
17349.00,0.00,0.00,0.06,0.00,0.00,-3.10,0.00,0.00,404.08,-0.00,0.00,0.00,0.00,0.00,-0.00,9.00
17358.00,0.00,0.00,0.08,0.00,0.00,2.26,0.00,0.00,595.60,-0.00,0.00,0.00,0.00,0.00,0.00,7.00
17365.00,0.00,0.00,0.09,0.00,0.00,2.47,0.00,0.00,29.88,-0.00,0.00,0.00,-0.00,0.00,-0.00,5.00
17370.00,0.00,0.00,0.08,0.00,0.00,-2.13,0.00,0.00,-920.44,-0.00,0.00,0.00,-0.00,0.00,-0.00,8.00
17378.00,0.00,0.00,0.13,0.00,0.00,6.14,0.00,0.00,1034.05,-0.00,0.00,0.00,0.00,0.00,-0.00,8.00
17386.00,0.00,0.00,0.05,0.00,0.00,-10.56,0.00,0.00,-2087.93,-0.00,0.00,0.00,0.00,0.00,-0.00,5.00
17400.00,0.00,0.00,0.13,0.00,0.00,6.15,0.00,0.00,1193.46,-0.00,0.00,0.00,0.00,0.00,0.00,19.00
17419.00,0.00,0.00,0.07,0.00,0.00,-3.65,0.00,0.00,-515.60,-0.00,0.00,0.00,-0.00,-0.00,-0.00,8.00
17427.00,0.00,0.00,-0.04,0.00,0.00,-12.57,0.00,0.00,-1114.54,-0.00,0.00,0.00,-0.00,0.00,0.00,6.00
17433.00,0.00,0.00,0.11,0.00,0.00,23.72,0.00,0.00,6048.33,-0.00,0.00,0.00,-0.00,0.00,-0.00,7.00
17440.00,0.00,0.00,0.06,0.00,0.00,-7.07,0.00,0.00,-4399.68,-0.00,0.00,0.00,0.00,-0.00,-0.00,5.00
17445.00,0.00,0.00,0.04,0.00,0.00,-3.83,0.00,0.00,648.90,-0.00,0.00,0.00,0.00,0.00,0.00,6.00
17451.00,0.00,0.00,0.04,0.00,0.00,0.21,0.00,0.00,673.30,-0.00,0.00,0.00,0.00,0.00,0.00,7.00
17458.00,0.00,0.00,0.09,0.00,0.00,7.54,0.00,0.00,1047.45,-0.00,0.00,0.00,0.00,-0.00,0.00,8.00
17466.00,0.00,0.00,-0.01,0.00,0.00,-12.93,0.00,0.00,-2559.43,-0.00,0.00,0.00,0.00,0.00,0.00,6.00
17472.00,0.00,0.00,-0.01,0.00,0.00,0.97,0.00,0.00,2316.72,-0.00,0.00,0.00,0.00,0.00,0.00,7.00
17484.00,0.00,0.00,0.17,0.00,0.00,14.38,0.00,0.00,1117.39,-0.00,0.00,0.00,-0.00,-0.00,-0.00,16.00
17500.00,0.00,0.00,0.04,0.00,0.00,-7.81,0.00,0.00,-1386.65,-0.00,0.00,0.00,-0.00,0.00,0.00,9.00
17509.00,0.00,0.00,0.15,0.00,0.00,11.85,0.00,0.00,2184.99,-0.00,0.00,0.00,0.00,0.00,0.00,7.00
17516.00,0.00,0.00,0.04,0.00,0.00,-15.79,0.00,0.00,-3949.74,-0.00,0.00,0.00,-0.00,0.00,0.00,6.00
17522.00,0.00,0.00,0.07,0.00,0.00,5.40,0.00,0.00,3533.14,-0.00,0.00,0.00,-0.00,0.00,0.00,7.00
17529.00,0.00,0.00,0.11,0.00,0.00,5.90,0.00,0.00,70.23,-0.00,0.00,0.00,0.00,0.00,0.00,9.00
17538.00,0.00,0.00,0.09,0.00,0.00,-2.49,0.00,0.00,-932.16,-0.00,0.00,0.00,-0.00,0.00,-0.00,5.00
17543.00,0.00,0.00,0.08,0.00,0.00,-2.20,0.00,0.00,59.24,-0.00,0.00,0.00,-0.00,0.00,-0.00,6.00
17549.00,0.00,0.00,0.26,0.00,0.00,30.78,0.00,0.00,5496.88,-0.00,0.00,0.00,0.00,-0.00,0.00,5.00
17554.00,0.00,0.00,0.10,0.00,0.00,-33.28,0.00,0.00,-12812.57,-0.00,0.00,0.00,0.00,0.00,-0.00,6.00
17565.00,0.00,0.00,0.04,0.00,0.00,-4.78,0.00,0.00,2590.38,-0.00,0.00,0.00,0.00,-0.00,0.00,6.00
17571.00,0.00,0.00,0.01,0.00,0.00,-6.55,0.00,0.00,-294.78,-0.00,0.00,0.00,0.00,-0.00,0.00,8.00
17579.00,0.00,0.00,0.09,0.00,0.00,11.20,0.00,0.00,2219.17,-0.00,0.00,0.00,0.00,-0.00,0.00,8.00
17587.00,0.00,0.00,0.03,0.00,0.00,-7.77,0.00,0.00,-2370.85,-0.00,0.00,0.00,-0.00,-0.00,-0.00,5.00
17592.00,0.00,0.00,0.11,0.00,0.00,15.85,0.00,0.00,4723.68,-0.00,0.00,0.00,-0.00,-0.00,-0.00,17.00
17609.00,0.00,0.00,0.08,0.00,0.00,-1.89,0.00,0.00,-1043.75,-0.00,0.00,0.00,0.00,0.00,-0.00,8.00
17617.00,0.00,0.00,0.15,0.00,0.00,9.22,0.00,0.00,1388.38,-0.00,0.00,0.00,-0.00,0.00,0.00,5.00
17622.00,0.00,0.00,0.12,0.00,0.00,-7.69,0.00,0.00,-3381.92,-0.00,0.00,0.00,-0.00,0.00,0.00,8.00
17630.00,0.00,0.00,0.01,0.00,0.00,-13.16,0.00,0.00,-683.36,-0.00,0.00,0.00,-0.00,0.00,0.00,8.00
17638.00,0.00,0.00,0.06,0.00,0.00,6.84,0.00,0.00,2500.34,-0.00,0.00,0.00,0.00,0.00,-0.00,6.00
17648.00,0.00,0.00,0.05,0.00,0.00,-1.11,0.00,0.00,-795.53,-0.00,0.00,0.00,0.00,0.00,0.00,9.00
17657.00,0.00,0.00,0.11,0.00,0.00,6.41,0.00,0.00,835.77,-0.00,0.00,0.00,0.00,0.00,-0.00,5.00
17662.00,0.00,0.00,-0.05,0.00,0.00,-31.51,0.00,0.00,-7583.83,-0.00,0.00,0.00,0.00,0.00,-0.00,8.00
17670.00,0.00,0.00,0.12,0.00,0.00,21.13,0.00,0.00,6580.41,-0.00,0.00,0.00,0.00,0.00,-0.00,8.00
17678.00,0.00,0.00,0.01,0.00,0.00,-14.00,0.00,0.00,-4391.96,-0.00,0.00,0.00,0.00,0.00,0.00,7.00
17685.00,0.00,0.00,-0.04,0.00,0.00,-6.60,0.00,0.00,1057.79,-0.00,0.00,0.00,0.00,0.00,0.00,6.00
17691.00,0.00,0.00,0.03,0.00,0.00,10.78,0.00,0.00,2896.08,-0.00,0.00,0.00,0.00,0.00,0.00,16.00
17707.00,0.00,0.00,0.06,0.00,0.00,2.05,0.00,0.00,-545.72,-0.00,0.00,0.00,0.00,0.00,-0.00,5.00
17712.00,0.00,0.00,-0.07,0.00,0.00,-25.52,0.00,0.00,-5512.65,-0.00,0.00,0.00,-0.00,0.00,-0.00,7.00
17719.00,0.00,0.00,0.06,0.00,0.00,18.19,0.00,0.00,6244.13,-0.00,0.00,0.00,-0.00,0.01,-0.00,9.00
17732.00,0.00,0.00,0.04,0.00,0.00,-1.31,0.00,0.00,-1500.00,-0.00,0.00,0.00,0.00,0.00,-0.00,9.00
17741.00,0.00,0.00,-0.00,0.00,0.00,-5.18,0.00,0.00,-430.71,-0.00,0.00,0.00,0.00,0.00,0.00,5.00
17746.00,0.00,0.00,0.03,0.00,0.00,6.85,0.00,0.00,2407.91,-0.00,0.00,0.00,0.00,0.00,-0.00,6.00
17752.00,0.00,0.00,0.19,0.00,0.00,26.55,0.00,0.00,3283.27,-0.00,0.00,0.00,-0.00,-0.00,-0.00,7.00
17759.00,0.00,0.00,0.06,0.00,0.00,-18.27,0.00,0.00,-6403.69,-0.00,0.00,0.00,-0.00,-0.00,0.00,8.00
17767.00,0.00,0.00,0.05,0.00,0.00,-1.13,0.00,0.00,2142.79,-0.00,0.00,0.00,0.00,-0.00,0.00,5.00
17772.00,0.00,0.00,0.12,0.00,0.00,13.73,0.00,0.00,2971.60,-0.00,0.00,0.00,0.00,-0.00,0.00,6.00
17778.00,0.00,0.00,0.12,0.00,0.00,-0.35,0.00,0.00,-2345.85,-0.00,0.00,0.00,0.00,-0.00,0.00,4.00
17782.00,0.00,0.00,0.10,0.00,0.00,-4.10,0.00,0.00,-938.88,-0.00,0.00,0.00,0.00,-0.00,0.00,18.00
17800.00,0.00,0.00,0.08,0.00,0.00,-1.12,0.00,0.00,165.90,-0.00,0.00,0.00,-0.00,0.01,0.00,8.00
17813.00,0.00,0.00,0.03,0.00,0.00,-4.57,0.00,0.00,-265.71,-0.00,0.00,0.00,-0.00,0.00,0.00,8.00
17821.00,0.00,0.00,0.12,0.00,0.00,11.90,0.00,0.00,2058.54,-0.00,0.00,0.00,0.00,0.00,0.00,8.00
17829.00,0.00,0.00,0.02,0.00,0.00,-11.92,0.00,0.00,-2976.85,-0.00,0.00,0.00,-0.00,0.00,0.00,7.00
17836.00,0.00,0.00,0.11,0.00,0.00,12.76,0.00,0.00,3525.65,-0.00,0.00,0.00,0.00,-0.00,0.00,5.00
17841.00,0.00,0.00,0.09,0.00,0.00,-4.55,0.00,0.00,-3463.09,-0.00,0.00,0.00,0.00,-0.00,0.00,6.00
17847.00,0.00,0.00,0.02,0.00,0.00,-11.35,0.00,0.00,-1132.14,-0.00,0.00,0.00,-0.00,-0.00,0.00,6.00
17853.00,0.00,0.00,-0.02,0.00,0.00,-7.97,0.00,0.00,562.76,-0.00,0.00,0.00,-0.00,0.00,-0.00,7.00
17860.00,0.00,0.00,0.05,0.00,0.00,10.89,0.00,0.00,2694.67,-0.00,0.00,0.00,-0.00,0.00,-0.00,8.00
17868.00,0.00,0.00,0.09,0.00,0.00,4.50,0.00,0.00,-798.96,-0.00,0.00,0.00,-0.00,0.00,0.00,7.00
17875.00,0.00,0.00,0.11,0.00,0.00,3.07,0.00,0.00,-204.76,-0.00,0.00,0.00,0.00,-0.00,0.00,6.00
17885.00,0.00,0.00,0.07,0.00,0.00,-4.01,0.00,0.00,-708.34,-0.00,0.00,0.00,-0.00,-0.00,0.00,7.00
17892.00,0.00,0.00,0.10,0.00,0.00,4.52,0.00,0.00,1218.83,-0.00,0.00,0.00,-0.00,-0.00,0.00,7.00
17899.00,0.00,0.00,0.05,0.00,0.00,-7.73,0.00,0.00,-1749.39,-0.00,0.00,0.00,0.00,-0.00,0.00,17.00
17916.00,0.00,0.00,0.06,0.00,0.00,0.78,0.00,0.00,500.73,-0.00,0.00,0.00,0.00,-0.00,0.00,6.00
17922.00,0.00,0.00,0.03,0.00,0.00,-4.75,0.00,0.00,-922.36,-0.00,0.00,0.00,0.00,-0.00,0.00,7.00
17929.00,0.00,0.00,0.08,0.00,0.00,7.27,0.00,0.00,1717.73,-0.00,0.00,0.00,0.00,0.00,0.00,8.00
17937.00,0.00,0.00,0.02,0.00,0.00,-8.27,0.00,0.00,-1942.89,-0.00,0.00,0.00,0.00,0.00,-0.00,5.00
17942.00,0.00,0.00,0.10,0.00,0.00,17.10,0.00,0.00,5074.46,-0.00,0.00,0.00,0.00,0.00,-0.00,6.00
17948.00,0.00,0.00,0.03,0.00,0.00,-12.09,0.00,0.00,-4865.53,-0.00,0.00,0.00,-0.00,-0.00,0.00,6.00
17954.00,0.00,0.00,0.04,0.00,0.00,2.08,0.00,0.00,2361.65,-0.00,0.00,0.00,-0.00,-0.00,-0.00,7.00
17965.00,0.00,0.00,0.04,0.00,0.00,-0.61,0.00,0.00,-244.45,-0.00,0.00,0.00,0.00,0.00,0.00,7.00
17972.00,0.00,0.00,0.09,0.00,0.00,8.35,0.00,0.00,1280.29,-0.00,0.00,0.00,0.00,-0.00,0.00,7.00
17979.00,0.00,0.00,0.04,0.00,0.00,-7.34,0.00,0.00,-2241.87,-0.00,0.00,0.00,-0.00,-0.00,0.00,8.00
17987.00,0.00,0.00,0.10,0.00,0.00,6.91,0.00,0.00,1781.11,-0.00,0.00,0.00,0.00,0.00,-0.00,6.00
17993.00,0.00,0.00,0.08,0.00,0.00,-2.33,0.00,0.00,-1539.85,-0.00,0.00,0.00,-0.00,0.00,-0.00,17.00
18010.00,0.00,0.00,0.03,0.00,0.00,-3.28,0.00,0.00,-55.71,-0.00,0.00,0.00,-0.00,0.00,-0.00,8.00
18018.00,0.00,0.00,0.09,0.00,0.00,7.39,0.00,0.00,1333.81,-0.00,0.00,0.00,0.00,0.00,-0.00,5.00
18023.00,0.00,0.00,-0.00,0.00,0.00,-17.70,0.00,0.00,-5018.56,-0.00,0.00,0.00,-0.00,0.00,-0.00,7.00
18030.00,0.00,0.00,0.08,0.00,0.00,11.19,0.00,0.00,4127.09,-0.00,0.00,0.00,-0.00,0.00,-0.00,7.00
18037.00,0.00,0.00,0.05,0.00,0.00,-4.29,0.00,0.00,-2212.05,-0.00,0.00,0.00,-0.00,0.00,-0.00,5.00
18047.00,0.00,0.00,0.04,0.00,0.00,-0.26,0.00,0.00,403.35,-0.00,0.00,0.00,0.00,0.00,0.00,6.00
18053.00,0.00,0.00,0.07,0.00,0.00,4.90,0.00,0.00,860.24,-0.00,0.00,0.00,0.00,0.00,0.00,7.00
18060.00,0.00,0.00,0.04,0.00,0.00,-5.23,0.00,0.00,-1447.80,-0.00,0.00,0.00,-0.00,-0.00,0.00,9.00
18069.00,0.00,0.00,0.05,0.00,0.00,1.42,0.00,0.00,739.07,-0.00,0.00,0.00,0.00,0.00,0.00,6.00
18075.00,0.00,0.00,0.09,0.00,0.00,6.76,0.00,0.00,890.33,-0.00,0.00,0.00,0.00,-0.00,0.00,6.00
18081.00,0.00,0.00,0.05,0.00,0.00,-6.14,0.00,0.00,-2149.26,-0.00,0.00,0.00,0.00,-0.00,0.00,8.00
18089.00,0.00,0.00,0.09,0.00,0.00,4.94,0.00,0.00,1385.12,-0.00,0.00,0.00,0.00,0.00,0.00,15.00
18104.00,0.00,0.00,0.10,0.00,0.00,0.64,0.00,0.00,-287.15,-0.00,0.00,0.00,0.00,-0.01,-0.00,7.00
18111.00,0.00,0.00,0.11,0.00,0.00,0.38,0.00,0.00,-37.49,-0.00,0.00,0.00,0.00,-0.01,-0.00,8.00
18119.00,0.00,0.00,0.01,0.00,0.00,-11.58,0.00,0.00,-1493.89,-0.00,0.00,0.00,0.00,0.00,0.00,8.00
18136.00,0.00,0.00,0.16,0.00,0.00,8.88,0.00,0.00,1203.36,-0.00,0.00,0.00,0.00,-0.00,0.00,6.00
18142.00,0.00,0.00,0.14,0.00,0.00,-3.22,0.00,0.00,-2016.20,-0.00,0.00,0.00,0.00,-0.00,0.00,7.00
18149.00,0.00,0.00,0.10,0.00,0.00,-5.74,0.00,0.00,-360.88,-0.00,0.00,0.00,0.00,-0.00,0.00,7.00
18156.00,0.00,0.00,0.07,0.00,0.00,-5.51,0.00,0.00,33.16,-0.00,0.00,0.00,-0.00,0.00,-0.00,5.00
18161.00,0.00,0.00,0.08,0.00,0.00,2.00,0.00,0.00,1501.11,-0.00,0.00,0.00,-0.00,0.00,-0.00,9.00
18170.00,0.00,0.00,0.07,0.00,0.00,-0.36,0.00,0.00,-262.28,-0.00,0.00,0.00,0.00,0.00,0.00,7.00
18177.00,0.00,0.00,0.09,0.00,0.00,2.22,0.00,0.00,369.96,-0.00,0.00,0.00,0.00,-0.00,-0.00,6.00
18183.00,0.00,0.00,0.14,0.00,0.00,8.08,0.00,0.00,975.61,-0.00,0.00,0.00,0.00,-0.00,-0.00,7.00
18190.00,0.00,0.00,0.13,0.00,0.00,-0.68,0.00,0.00,-1251.44,-0.00,0.00,0.00,0.00,0.00,0.00,16.00
18206.00,0.00,0.00,0.09,0.00,0.00,-2.75,0.00,0.00,-129.44,-0.00,0.00,0.00,-0.00,0.00,0.00,6.00
18216.00,0.00,0.00,0.12,0.00,0.00,3.00,0.00,0.00,575.66,-0.00,0.00,0.00,-0.00,-0.00,-0.00,6.00
18222.00,0.00,0.00,0.07,0.00,0.00,-8.69,0.00,0.00,-1948.36,-0.00,0.00,0.00,-0.00,-0.00,-0.00,8.00
18230.00,0.00,0.00,-0.04,0.00,0.00,-13.31,0.00,0.00,-577.81,-0.00,0.00,0.00,-0.00,-0.00,0.00,8.00
18238.00,0.00,0.00,0.12,0.00,0.00,20.33,0.00,0.00,4205.25,-0.00,0.00,0.00,0.00,0.00,0.00,6.00
18244.00,0.00,0.00,0.11,0.00,0.00,-2.27,0.00,0.00,-3766.86,-0.00,0.00,0.00,0.00,0.00,0.00,6.00
18250.00,0.00,0.00,0.03,0.00,0.00,-13.62,0.00,0.00,-1891.69,-0.00,0.00,0.00,0.00,-0.00,0.00,9.00
18259.00,0.00,0.00,0.08,0.00,0.00,6.00,0.00,0.00,2179.48,-0.00,0.00,0.00,-0.00,-0.00,-0.00,6.00
18265.00,0.00,0.00,0.05,0.00,0.00,-5.77,0.00,0.00,-1961.98,-0.00,0.00,0.00,-0.00,-0.00,0.00,7.00
18272.00,0.00,0.00,0.09,0.00,0.00,6.75,0.00,0.00,1789.81,-0.00,0.00,0.00,-0.00,-0.00,0.00,7.00
18279.00,0.00,0.00,0.06,0.00,0.00,-5.07,0.00,0.00,-1688.57,-0.00,0.00,0.00,-0.00,-0.00,-0.00,8.00
18292.00,0.00,0.00,0.06,0.00,0.00,0.57,0.00,0.00,433.45,-0.00,0.00,0.00,-0.00,-0.00,0.00,17.00
18309.00,0.00,0.00,0.03,0.00,0.00,-2.01,0.00,0.00,-151.66,-0.00,0.00,0.00,0.00,-0.00,0.00,7.00
18316.00,0.00,0.00,0.04,0.00,0.00,2.02,0.00,0.00,575.43,-0.00,0.00,0.00,0.00,0.00,0.00,6.00
18322.00,0.00,0.00,0.08,0.00,0.00,5.09,0.00,0.00,512.28,-0.00,0.00,0.00,0.00,0.00,0.00,8.00
18330.00,0.00,0.00,0.07,0.00,0.00,-0.19,0.00,0.00,-660.59,-0.00,0.00,0.00,0.00,0.00,0.00,8.00
18338.00,0.00,0.00,0.05,0.00,0.00,-2.65,0.00,0.00,-307.31,-0.00,0.00,0.00,0.00,0.00,0.00,5.00
18343.00,0.00,0.00,0.06,0.00,0.00,1.09,0.00,0.00,748.52,-0.00,0.00,0.00,0.00,0.00,0.00,7.00
18350.00,0.00,0.00,0.12,0.00,0.00,9.45,0.00,0.00,1194.63,-0.00,0.00,0.00,-0.00,0.00,0.00,8.00
18358.00,0.00,0.00,-0.01,0.00,0.00,-16.65,0.00,0.00,-3263.01,-0.00,0.00,0.00,-0.00,0.00,0.00,5.00
18363.00,0.00,0.00,0.12,0.00,0.00,26.15,0.00,0.00,8559.85,-0.00,0.00,0.00,-0.00,0.00,0.00,8.00
18375.00,0.00,0.00,0.09,0.00,0.00,-2.23,0.00,0.00,-2364.86,-0.00,0.00,0.00,-0.00,0.00,-0.00,7.00
18382.00,0.00,0.00,0.02,0.00,0.00,-10.22,0.00,0.00,-1141.10,-0.00,0.00,0.00,0.00,0.00,-0.00,8.00
18390.00,0.00,0.00,0.07,0.00,0.00,6.12,0.00,0.00,2042.42,-0.00,0.00,0.00,0.00,0.00,-0.00,15.00
18405.00,0.00,0.00,0.12,0.00,0.00,3.15,0.00,0.00,-198.32,-0.00,0.00,0.00,-0.00,-0.00,0.00,7.00
18412.00,0.00,0.00,0.05,0.00,0.00,-9.67,0.00,0.00,-1831.44,-0.00,0.00,0.00,-0.00,-0.00,0.00,8.00
18420.00,0.00,0.00,0.13,0.00,0.00,9.17,0.00,0.00,2354.91,-0.00,0.00,0.00,-0.00,0.00,0.00,7.00
18427.00,0.00,0.00,0.06,0.00,0.00,-8.74,0.00,0.00,-2558.22,-0.00,0.00,0.00,0.00,0.00,0.00,5.00
18432.00,0.00,0.00,0.08,0.00,0.00,4.13,0.00,0.00,2573.54,-0.00,0.00,0.00,0.00,0.00,0.00,8.00
18440.00,0.00,0.00,0.03,0.00,0.00,-6.84,0.00,0.00,-1371.39,-0.00,0.00,0.00,0.00,0.00,0.00,6.00
18446.00,0.00,0.00,0.01,0.00,0.00,-3.83,0.00,0.00,501.85,-0.00,0.00,0.00,0.00,-0.00,0.00,6.00
18457.00,0.00,0.00,0.07,0.00,0.00,5.89,0.00,0.00,883.50,-0.00,0.00,0.00,-0.00,-0.00,0.00,6.00
18463.00,0.00,0.00,-0.01,0.00,0.00,-14.03,0.00,0.00,-3319.73,-0.00,0.00,0.00,-0.00,-0.00,0.00,7.00
18470.00,0.00,0.00,0.12,0.00,0.00,18.78,0.00,0.00,4687.51,-0.00,0.00,0.00,-0.00,-0.00,0.00,8.00
18478.00,0.00,0.00,0.13,0.00,0.00,0.96,0.00,0.00,-2228.00,-0.00,0.00,0.00,-0.00,0.00,0.00,5.00
18483.00,0.00,0.00,0.12,0.00,0.00,-0.92,0.00,0.00,-375.28,-0.00,0.00,0.00,-0.00,0.00,0.00,18.00
18501.00,0.00,0.00,0.07,0.00,0.00,-3.04,0.00,0.00,-117.81,-0.00,0.00,0.00,-0.00,0.00,-0.00,9.00
18510.00,0.00,0.00,0.01,0.00,0.00,-6.03,0.00,0.00,-331.59,-0.00,0.00,0.00,0.00,-0.00,0.00,6.00
18516.00,0.00,0.00,0.06,0.00,0.00,8.57,0.00,0.00,2433.35,-0.00,0.00,0.00,-0.00,0.00,-0.00,6.00
18522.00,0.00,0.00,0.14,0.00,0.00,13.06,0.00,0.00,748.19,-0.00,0.00,0.00,-0.00,0.00,0.00,8.00
18530.00,0.00,0.00,0.13,0.00,0.00,-1.51,0.00,0.00,-1821.65,-0.00,0.00,0.00,-0.00,0.00,0.00,8.00
18542.00,0.00,0.00,0.05,0.00,0.00,-6.84,0.00,0.00,-444.08,-0.00,0.00,0.00,-0.00,0.00,-0.00,7.00
18549.00,0.00,0.00,0.08,0.00,0.00,4.74,0.00,0.00,1653.66,-0.00,0.00,0.00,0.00,0.00,-0.00,6.00
18555.00,0.00,0.00,0.03,0.00,0.00,-8.28,0.00,0.00,-2169.10,-0.00,0.00,0.00,0.00,0.00,0.00,7.00
18562.00,0.00,0.00,0.09,0.00,0.00,8.40,0.00,0.00,2381.89,-0.00,0.00,0.00,0.00,0.00,0.00,8.00
18570.00,0.00,0.00,0.05,0.00,0.00,-4.77,0.00,0.00,-1645.85,-0.00,0.00,0.00,-0.00,-0.00,0.00,7.00
18577.00,0.00,0.00,0.09,0.00,0.00,5.24,0.00,0.00,1430.43,-0.00,0.00,0.00,-0.00,0.00,0.00,5.00
18582.00,0.00,0.00,0.02,0.00,0.00,-14.10,0.00,0.00,-3867.93,-0.00,0.00,0.00,-0.00,0.00,0.00,18.00
18600.00,0.00,0.00,0.06,0.00,0.00,2.25,0.00,0.00,908.23,-0.00,0.00,0.00,0.00,0.00,-0.00,8.00
18608.00,0.00,0.00,0.07,0.00,0.00,1.41,0.00,0.00,-105.17,-0.00,0.00,0.00,-0.00,-0.00,0.00,5.00
18613.00,0.00,0.00,0.07,0.00,0.00,0.27,0.00,0.00,-227.28,-0.00,0.00,0.00,-0.00,-0.00,0.00,8.00
18625.00,0.00,0.00,0.02,0.00,0.00,-4.32,0.00,0.00,-382.98,-0.00,0.00,0.00,0.00,0.00,0.00,8.00
18633.00,0.00,0.00,0.10,0.00,0.00,9.71,0.00,0.00,1754.68,-0.00,0.00,0.00,-0.00,0.00,0.00,7.00
18640.00,0.00,0.00,0.08,0.00,0.00,-2.10,0.00,0.00,-1688.35,-0.00,0.00,0.00,-0.00,0.00,0.00,6.00
18646.00,0.00,0.00,0.08,0.00,0.00,-0.82,0.00,0.00,214.02,-0.00,0.00,0.00,-0.00,0.00,0.00,6.00
18652.00,0.00,0.00,0.10,0.00,0.00,2.78,0.00,0.00,599.15,-0.00,0.00,0.00,-0.00,-0.00,0.00,8.00
18660.00,0.00,0.00,0.02,0.00,0.00,-9.83,0.00,0.00,-1575.66,-0.00,0.00,0.00,-0.00,0.00,0.00,8.00
18668.00,0.00,0.00,0.06,0.00,0.00,6.05,0.00,0.00,1985.03,-0.00,0.00,0.00,-0.00,0.00,0.00,6.00
18674.00,0.00,0.00,0.02,0.00,0.00,-6.68,0.00,0.00,-2121.87,-0.00,0.00,0.00,-0.00,0.00,0.00,7.00
18681.00,0.00,0.00,0.06,0.00,0.00,5.55,0.00,0.00,1747.48,-0.00,0.00,0.00,0.00,0.00,0.00,8.00
18689.00,0.00,0.00,0.10,0.00,0.00,3.94,0.00,0.00,-201.62,-0.00,0.00,0.00,0.00,0.00,0.00,5.00
18699.00,0.00,0.00,0.03,0.00,0.00,-6.14,0.00,0.00,-1008.31,-0.00,0.00,0.00,-0.00,0.00,0.00,16.00
18715.00,0.00,0.00,-0.01,0.00,0.00,-2.82,0.00,0.00,207.71,-0.00,0.00,0.00,0.00,0.00,0.00,4.00
18719.00,0.00,0.00,0.11,0.00,0.00,29.37,0.00,0.00,8048.76,-0.00,0.00,0.00,0.00,0.00,-0.00,5.00
18724.00,0.00,0.00,0.08,0.00,0.00,-4.87,0.00,0.00,-6847.81,-0.00,0.00,0.00,0.00,0.00,-0.00,8.00
18732.00,0.00,0.00,0.11,0.00,0.00,2.99,0.00,0.00,982.50,-0.00,0.00,0.00,-0.00,0.00,0.00,8.00
18740.00,0.00,0.00,0.14,0.00,0.00,4.62,0.00,0.00,202.58,-0.00,0.00,0.00,-0.00,-0.00,-0.00,6.00
18746.00,0.00,0.00,0.16,0.00,0.00,2.70,0.00,0.00,-318.70,-0.00,0.00,0.00,-0.00,-0.00,-0.00,6.00
18752.00,0.00,0.00,0.09,0.00,0.00,-11.60,0.00,0.00,-2383.96,-0.00,0.00,0.00,0.00,0.00,0.00,8.00
18760.00,0.00,0.00,0.06,0.00,0.00,-4.23,0.00,0.00,921.21,-0.00,0.00,0.00,0.00,0.00,0.00,8.00
18768.00,0.00,0.00,0.12,0.00,0.00,8.10,0.00,0.00,1541.97,-0.00,0.00,0.00,0.00,0.00,0.00,5.00
18783.00,0.00,0.00,0.14,0.00,0.00,1.45,0.00,0.00,-443.57,-0.00,0.00,0.00,-0.00,0.00,0.00,18.00
18801.00,0.00,0.00,0.07,0.00,0.00,-3.98,0.00,0.00,-301.48,-0.00,0.00,0.00,0.00,0.00,-0.00,9.00
18810.00,0.00,0.00,0.08,0.00,0.00,0.55,0.00,0.00,502.75,-0.00,0.00,0.00,0.00,-0.00,0.00,7.00
18817.00,0.00,0.00,0.03,0.00,0.00,-6.16,0.00,0.00,-957.77,-0.00,0.00,0.00,0.00,0.00,0.00,6.00
18823.00,0.00,0.00,0.15,0.00,0.00,20.41,0.00,0.00,4427.35,-0.00,0.00,0.00,0.00,0.00,0.00,7.00
18830.00,0.00,0.00,0.11,0.00,0.00,-5.93,0.00,0.00,-3762.13,-0.00,0.00,0.00,0.00,0.00,0.00,8.00
18838.00,0.00,0.00,-0.01,0.00,0.00,-15.19,0.00,0.00,-1158.23,-0.00,0.00,0.00,0.00,-0.00,-0.00,5.00
18843.00,0.00,0.00,0.11,0.00,0.00,24.13,0.00,0.00,7864.13,-0.00,0.00,0.00,0.00,-0.00,-0.00,6.00
18849.00,0.00,0.00,0.11,0.00,0.00,0.36,0.00,0.00,-3960.72,-0.00,0.00,0.00,0.00,0.00,0.00,5.00
18854.00,0.00,0.00,-0.02,0.00,0.00,-27.15,0.00,0.00,-5503.16,-0.00,0.00,0.00,0.00,0.00,0.00,8.00
18866.00,0.00,0.00,0.02,0.00,0.00,3.83,0.00,0.00,2581.75,-0.00,0.00,0.00,0.00,0.00,0.00,7.00
18873.00,0.00,0.00,0.05,0.00,0.00,3.80,0.00,0.00,-3.93,-0.00,0.00,0.00,0.00,0.00,-0.00,8.00
18881.00,0.00,0.00,0.10,0.00,0.00,6.00,0.00,0.00,274.27,-0.00,0.00,0.00,0.00,-0.00,-0.00,7.00
18888.00,0.00,0.00,0.06,0.00,0.00,-6.19,0.00,0.00,-1740.34,-0.00,0.00,0.00,0.00,-0.00,-0.00,6.00
18894.00,0.00,0.00,0.00,0.00,0.00,-9.06,0.00,0.00,-479.48,-0.00,0.00,0.00,0.00,-0.00,-0.00,6.00
18900.00,0.00,0.00,0.33,0.00,0.00,55.33,0.00,0.00,10732.40,-0.00,0.00,0.00,0.00,0.00,0.00,4.00
18904.00,0.00,0.00,0.11,0.00,0.00,-56.08,0.00,0.00,-27853.75,-0.00,0.00,0.00,0.00,-0.00,0.00,17.00
18921.00,0.00,0.00,0.01,0.00,0.00,-5.83,0.00,0.00,2956.02,-0.00,0.00,0.00,-0.00,-0.00,0.00,8.00
18929.00,0.00,0.00,0.07,0.00,0.00,7.11,0.00,0.00,1617.64,-0.00,0.00,0.00,0.00,0.00,0.00,3.00
18932.00,0.00,0.00,0.18,0.00,0.00,36.48,0.00,0.00,9789.33,-0.00,0.00,0.00,0.00,-0.00,-0.00,9.00
18945.00,0.00,0.00,0.07,0.00,0.00,-7.98,0.00,0.00,-3419.74,-0.00,0.00,0.00,0.00,-0.00,0.00,8.00
18953.00,0.00,0.00,0.01,0.00,0.00,-7.59,0.00,0.00,49.03,-0.00,0.00,0.00,0.00,-0.00,0.00,8.00
18961.00,0.00,0.00,0.07,0.00,0.00,7.17,0.00,0.00,1844.39,-0.00,0.00,0.00,0.00,0.00,-0.00,7.00
18968.00,0.00,0.00,0.14,0.00,0.00,10.53,0.00,0.00,480.65,-0.00,0.00,0.00,-0.00,0.00,0.00,5.00
18973.00,0.00,0.00,0.08,0.00,0.00,-13.20,0.00,0.00,-4746.06,-0.00,0.00,0.00,-0.00,0.00,-0.00,8.00
18981.00,0.00,0.00,-0.03,0.00,0.00,-12.97,0.00,0.00,28.01,-0.00,0.00,0.00,-0.00,-0.00,-0.00,8.00
18989.00,0.00,0.00,0.08,0.00,0.00,13.11,0.00,0.00,3260.30,-0.00,0.00,0.00,-0.00,0.00,0.00,16.00
19005.00,0.00,0.00,0.04,0.00,0.00,-2.50,0.00,0.00,-975.89,-0.00,0.00,0.00,0.00,0.00,0.00,7.00
19012.00,0.00,0.00,0.11,0.00,0.00,9.88,0.00,0.00,1769.24,-0.00,0.00,0.00,0.00,0.00,-0.00,8.00
19020.00,0.00,0.00,0.13,0.00,0.00,2.89,0.00,0.00,-874.04,-0.00,0.00,0.00,-0.00,0.00,0.00,8.00
19037.00,0.00,0.00,0.05,0.00,0.00,-4.79,0.00,0.00,-451.89,-0.00,0.00,0.00,0.00,-0.00,0.00,7.00
19044.00,0.00,0.00,0.05,0.00,0.00,0.85,0.00,0.00,806.47,-0.00,0.00,0.00,0.00,-0.00,0.00,6.00
19050.00,0.00,0.00,0.15,0.00,0.00,15.74,0.00,0.00,2480.94,-0.00,0.00,0.00,0.00,-0.00,-0.00,7.00
19057.00,0.00,0.00,0.07,0.00,0.00,-11.63,0.00,0.00,-3909.31,-0.00,0.00,0.00,0.00,-0.00,0.00,6.00
19063.00,0.00,0.00,0.07,0.00,0.00,0.41,0.00,0.00,2006.47,-0.00,0.00,0.00,0.00,-0.00,0.00,8.00
19071.00,0.00,0.00,-0.01,0.00,0.00,-9.92,0.00,0.00,-1290.85,-0.00,0.00,0.00,0.00,-0.00,0.00,8.00
19079.00,0.00,0.00,0.05,0.00,0.00,6.96,0.00,0.00,2109.86,-0.00,0.00,0.00,0.00,-0.00,0.00,6.00
19085.00,0.00,0.00,0.11,0.00,0.00,10.36,0.00,0.00,566.17,-0.00,0.00,0.00,0.00,-0.00,0.00,7.00
19092.00,0.00,0.00,0.18,0.00,0.00,10.69,0.00,0.00,47.45,-0.00,0.00,0.00,0.00,0.00,0.00,15.00
19107.00,0.00,0.00,0.06,0.00,0.00,-8.46,0.00,0.00,-1276.82,-0.00,0.00,0.00,-0.00,-0.00,-0.00,6.00
19118.00,0.00,0.00,0.08,0.00,0.00,2.54,0.00,0.00,999.89,-0.00,0.00,0.00,0.00,0.00,0.00,6.00
19124.00,0.00,0.00,0.10,0.00,0.00,2.87,0.00,0.00,55.11,-0.00,0.00,0.00,0.00,0.00,0.00,7.00
19131.00,0.00,0.00,0.08,0.00,0.00,-2.58,0.00,0.00,-778.50,-0.00,0.00,0.00,0.00,-0.00,-0.00,8.00
19139.00,0.00,0.00,0.13,0.00,0.00,5.77,0.00,0.00,1044.14,-0.00,0.00,0.00,-0.00,0.00,0.00,6.00
19145.00,0.00,0.00,0.09,0.00,0.00,-7.12,0.00,0.00,-2149.37,-0.00,0.00,0.00,-0.00,-0.00,0.00,7.00
19152.00,0.00,0.00,0.11,0.00,0.00,2.60,0.00,0.00,1389.38,-0.00,0.00,0.00,-0.00,-0.00,0.00,8.00
19160.00,0.00,0.00,0.11,0.00,0.00,0.34,0.00,0.00,-282.77,-0.00,0.00,0.00,-0.00,0.00,0.00,6.00
19166.00,0.00,0.00,0.05,0.00,0.00,-9.44,0.00,0.00,-1630.66,-0.00,0.00,0.00,-0.00,0.00,0.00,6.00
19172.00,0.00,0.00,0.01,0.00,0.00,-6.22,0.00,0.00,537.98,-0.00,0.00,0.00,-0.00,0.00,0.00,9.00
19181.00,0.00,0.00,0.04,0.00,0.00,2.68,0.00,0.00,988.45,-0.00,0.00,0.00,-0.00,0.00,0.00,7.00
19193.00,0.00,0.00,0.07,0.00,0.00,2.23,0.00,0.00,-37.16,-0.00,0.00,0.00,0.00,0.00,-0.00,15.00
19208.00,0.00,0.00,0.06,0.00,0.00,-0.67,0.00,0.00,-193.46,-0.00,0.00,0.00,-0.00,-0.00,0.00,6.00
19214.00,0.00,0.00,0.11,0.00,0.00,9.33,0.00,0.00,1665.84,-0.00,0.00,0.00,-0.00,-0.00,0.00,7.00
19221.00,0.00,0.00,0.11,0.00,0.00,-0.27,0.00,0.00,-1370.40,-0.00,0.00,0.00,-0.00,-0.00,0.00,8.00
19229.00,0.00,0.00,0.13,0.00,0.00,2.32,0.00,0.00,323.92,-0.00,0.00,0.00,-0.00,-0.00,-0.00,5.00
19234.00,0.00,0.00,-0.01,0.00,0.00,-28.41,0.00,0.00,-6147.39,-0.00,0.00,0.00,-0.00,-0.00,-0.00,8.00
19242.00,0.00,0.00,0.19,0.00,0.00,25.61,0.00,0.00,6752.85,-0.00,0.00,0.00,0.00,-0.00,0.00,5.00
19247.00,0.00,0.00,0.09,0.00,0.00,-20.63,0.00,0.00,-9247.44,-0.00,0.00,0.00,0.00,0.00,-0.00,6.00
19253.00,0.00,0.00,0.15,0.00,0.00,10.16,0.00,0.00,5131.64,-0.00,0.00,0.00,0.00,0.00,-0.00,8.00
19261.00,0.00,0.00,0.07,0.00,0.00,-10.40,0.00,0.00,-2570.18,-0.00,0.00,0.00,0.00,0.00,0.00,8.00
19273.00,0.00,0.00,0.11,0.00,0.00,4.11,0.00,0.00,1208.95,-0.00,0.00,0.00,0.00,0.00,0.00,9.00
19282.00,0.00,0.00,0.05,0.00,0.00,-7.45,0.00,0.00,-1284.30,-0.00,0.00,0.00,0.00,-0.00,0.00,7.00
19289.00,0.00,0.00,0.16,0.00,0.00,16.26,0.00,0.00,3386.66,-0.00,0.00,0.00,-0.00,-0.00,0.00,16.00
19305.00,0.00,0.00,0.09,0.00,0.00,-4.37,0.00,0.00,-1289.03,-0.00,0.00,0.00,-0.00,0.00,-0.00,8.00
19313.00,0.00,0.00,0.04,0.00,0.00,-6.73,0.00,0.00,-295.95,-0.00,0.00,0.00,-0.00,0.00,-0.00,8.00
19321.00,0.00,0.00,0.13,0.00,0.00,11.73,0.00,0.00,2307.55,-0.00,0.00,0.00,0.00,0.00,0.00,7.00
19328.00,0.00,0.00,0.08,0.00,0.00,-7.29,0.00,0.00,-2716.86,-0.00,0.00,0.00,0.00,0.00,-0.00,5.00
19333.00,0.00,0.00,0.17,0.00,0.00,17.01,0.00,0.00,4859.60,-0.00,0.00,0.00,0.00,0.00,-0.00,9.00
19342.00,0.00,0.00,0.12,0.00,0.00,-4.88,0.00,0.00,-2431.40,-0.00,0.00,0.00,0.00,-0.00,-0.00,5.00
19347.00,0.00,0.00,0.16,0.00,0.00,7.65,0.00,0.00,2504.80,-0.00,0.00,0.00,0.00,0.00,0.00,4.00
19355.00,0.00,0.00,0.09,0.00,0.00,-8.20,0.00,0.00,-1980.39,-0.00,0.00,0.00,0.00,-0.00,-0.00,8.00
19363.00,0.00,0.00,0.20,0.00,0.00,12.65,0.00,0.00,2605.30,-0.00,0.00,0.00,0.00,0.00,-0.00,8.00
19371.00,0.00,0.00,0.11,0.00,0.00,-10.57,0.00,0.00,-2902.13,-0.00,0.00,0.00,0.00,-0.00,-0.00,7.00
19378.00,0.00,0.00,0.13,0.00,0.00,2.99,0.00,0.00,1937.42,-0.00,0.00,0.00,0.00,-0.00,-0.00,6.00
19384.00,0.00,0.00,0.04,0.00,0.00,-15.44,0.00,0.00,-3072.23,-0.00,0.00,0.00,0.00,-0.00,-0.00,18.00
19402.00,0.00,0.00,0.13,0.00,0.00,4.80,0.00,0.00,1124.79,-0.00,0.00,0.00,-0.00,0.00,0.00,7.00
19409.00,0.00,0.00,0.12,0.00,0.00,-0.75,0.00,0.00,-793.20,-0.00,0.00,0.00,0.00,0.00,0.00,5.00
19414.00,0.00,0.00,0.09,0.00,0.00,-6.00,0.00,0.00,-1049.63,-0.00,0.00,0.00,0.00,0.00,0.00,8.00
19422.00,0.00,0.00,0.00,0.00,0.00,-11.05,0.00,0.00,-631.58,-0.00,0.00,0.00,-0.00,0.00,0.00,9.00
19431.00,0.00,0.00,0.13,0.00,0.00,14.76,0.00,0.00,2867.20,-0.00,0.00,0.00,-0.00,0.00,0.00,6.00
19442.00,0.00,0.00,0.04,0.00,0.00,-8.31,0.00,0.00,-2096.80,-0.00,0.00,0.00,0.00,0.00,-0.00,6.00
19448.00,0.00,0.00,0.05,0.00,0.00,1.93,0.00,0.00,1705.92,-0.00,0.00,0.00,0.00,-0.00,0.00,5.00
19453.00,0.00,0.00,0.02,0.00,0.00,-7.39,0.00,0.00,-1864.09,-0.00,0.00,0.00,0.00,-0.00,0.00,9.00
19462.00,0.00,0.00,0.11,0.00,0.00,10.12,0.00,0.00,1946.03,-0.00,0.00,0.00,0.00,-0.00,-0.00,8.00
19470.00,0.00,0.00,0.12,0.00,0.00,0.85,0.00,0.00,-1159.04,-0.00,0.00,0.00,-0.00,-0.00,0.00,5.00
19475.00,0.00,0.00,0.03,0.00,0.00,-16.27,0.00,0.00,-3424.39,-0.00,0.00,0.00,-0.00,-0.00,-0.00,7.00
19482.00,0.00,0.00,-0.01,0.00,0.00,-5.96,0.00,0.00,1473.54,-0.00,0.00,0.00,-0.00,-0.00,-0.00,19.00
19501.00,0.00,0.00,0.03,0.00,0.00,2.04,0.00,0.00,421.20,-0.00,0.00,0.00,0.00,-0.00,0.00,6.00
19507.00,0.00,0.00,0.14,0.00,0.00,18.27,0.00,0.00,2704.37,-0.00,0.00,0.00,-0.00,-0.00,0.00,6.00
19513.00,0.00,0.00,-0.01,0.00,0.00,-24.57,0.00,0.00,-7139.46,-0.00,0.00,0.00,-0.00,0.00,-0.00,9.00
19531.00,0.00,0.00,0.07,0.00,0.00,4.02,0.00,0.00,1588.16,-0.00,0.00,0.00,-0.00,0.00,0.00,7.00
19538.00,0.00,0.00,0.08,0.00,0.00,2.18,0.00,0.00,-263.29,-0.00,0.00,0.00,0.00,0.00,-0.00,6.00
19544.00,0.00,0.00,0.00,0.00,0.00,-13.44,0.00,0.00,-2603.60,-0.00,0.00,0.00,0.00,0.00,-0.00,5.00
19549.00,0.00,0.00,0.13,0.00,0.00,25.24,0.00,0.00,7737.87,-0.00,0.00,0.00,0.00,-0.00,-0.00,6.00
19555.00,0.00,0.00,0.07,0.00,0.00,-10.16,0.00,0.00,-5901.33,-0.00,0.00,0.00,-0.00,-0.00,-0.00,8.00
19563.00,0.00,0.00,0.11,0.00,0.00,4.97,0.00,0.00,1891.89,-0.00,0.00,0.00,-0.00,-0.00,-0.00,8.00
19571.00,0.00,0.00,0.07,0.00,0.00,-4.64,0.00,0.00,-1201.17,-0.00,0.00,0.00,0.00,-0.00,-0.00,6.00
19577.00,0.00,0.00,0.02,0.00,0.00,-8.84,0.00,0.00,-700.64,-0.00,0.00,0.00,-0.00,-0.00,-0.00,6.00
19583.00,0.00,0.00,0.08,0.00,0.00,9.99,0.00,0.00,3138.84,-0.00,0.00,0.00,-0.00,0.00,0.00,18.00
19602.00,0.00,0.00,-0.01,0.00,0.00,-4.65,0.00,0.00,-770.84,-0.00,0.00,0.00,0.00,0.00,0.00,7.00
19613.00,0.00,0.00,0.08,0.00,0.00,8.56,0.00,0.00,1201.02,-0.00,0.00,0.00,-0.00,0.00,0.00,10.00
19623.00,0.00,0.00,0.11,0.00,0.00,3.26,0.00,0.00,-529.24,-0.00,0.00,0.00,0.00,-0.00,0.00,8.00
19631.00,0.00,0.00,0.07,0.00,0.00,-4.90,0.00,0.00,-1020.12,-0.00,0.00,0.00,-0.00,-0.00,0.00,6.00
19637.00,0.00,0.00,0.10,0.00,0.00,4.52,0.00,0.00,1569.16,-0.00,0.00,0.00,-0.00,-0.00,0.00,6.00
19643.00,0.00,0.00,0.35,0.00,0.00,40.86,0.00,0.00,6057.68,-0.00,0.00,0.00,0.00,-0.00,0.00,3.00
19646.00,0.00,0.00,0.02,0.00,0.00,-108.15,0.00,0.00,-49671.38,-0.00,0.00,0.00,-0.00,-0.00,0.00,7.00
19653.00,0.00,0.00,0.01,0.00,0.00,-1.74,0.00,0.00,15200.81,-0.00,0.00,0.00,-0.00,0.00,-0.00,8.00
19661.00,0.00,0.00,0.07,0.00,0.00,7.99,0.00,0.00,1216.46,-0.00,0.00,0.00,-0.00,-0.00,0.00,7.00
19668.00,0.00,0.00,0.09,0.00,0.00,2.48,0.00,0.00,-786.34,-0.00,0.00,0.00,0.00,0.00,-0.00,6.00
19674.00,0.00,0.00,0.10,0.00,0.00,1.70,0.00,0.00,-130.03,-0.00,0.00,0.00,0.00,0.01,-0.00,8.00
19687.00,0.00,0.00,0.07,0.00,0.00,-2.34,0.00,0.00,-310.93,-0.00,0.00,0.00,0.00,0.00,-0.00,7.00
19694.00,0.00,0.00,0.01,0.00,0.00,-9.47,0.00,0.00,-1019.23,-0.00,0.00,0.00,0.00,0.00,-0.00,6.00
19700.00,0.00,0.00,0.03,0.00,0.00,4.31,0.00,0.00,2296.70,-0.00,0.00,0.00,-0.00,0.00,-0.00,15.00
19715.00,0.00,0.00,0.07,0.00,0.00,2.81,0.00,0.00,-99.60,-0.00,0.00,0.00,0.00,0.00,0.00,8.00
19723.00,0.00,0.00,0.15,0.00,0.00,9.56,0.00,0.00,843.35,-0.00,0.00,0.00,-0.00,0.00,0.00,8.00
19731.00,0.00,0.00,0.04,0.00,0.00,-14.18,0.00,0.00,-2966.83,-0.00,0.00,0.00,0.00,0.00,0.00,6.00
19737.00,0.00,0.00,0.09,0.00,0.00,9.34,0.00,0.00,3919.02,-0.00,0.00,0.00,-0.00,0.00,0.00,7.00
19744.00,0.00,0.00,0.09,0.00,0.00,-0.08,0.00,0.00,-1345.94,-0.00,0.00,0.00,-0.00,0.00,0.00,5.00
19749.00,0.00,0.00,0.06,0.00,0.00,-6.50,0.00,0.00,-1283.81,-0.00,0.00,0.00,-0.00,0.00,-0.00,5.00
19754.00,0.00,0.00,0.06,0.00,0.00,1.14,0.00,0.00,1528.69,-0.00,0.00,0.00,-0.00,0.00,-0.00,9.00
19767.00,0.00,0.00,0.08,0.00,0.00,1.48,0.00,0.00,26.30,-0.00,0.00,0.00,-0.00,0.00,-0.00,8.00
19775.00,0.00,0.00,0.04,0.00,0.00,-6.08,0.00,0.00,-945.12,-0.00,0.00,0.00,-0.00,-0.00,-0.00,7.00
19782.00,0.00,0.00,0.07,0.00,0.00,5.40,0.00,0.00,1640.17,-0.00,0.00,0.00,0.00,-0.01,0.00,17.00
19799.00,0.00,0.00,0.07,0.00,0.00,-0.41,0.00,0.00,-342.02,-0.00,0.00,0.00,0.00,0.00,0.00,6.00
19805.00,0.00,0.00,0.11,0.00,0.00,6.92,0.00,0.00,1221.65,-0.00,0.00,0.00,0.00,0.00,0.00,7.00
19812.00,0.00,0.00,0.05,0.00,0.00,-8.96,0.00,0.00,-2268.20,-0.00,0.00,0.00,0.00,0.00,0.00,8.00
19820.00,0.00,0.00,0.22,0.00,0.00,22.15,0.00,0.00,3888.77,-0.00,0.00,0.00,-0.00,-0.00,0.00,5.00
19825.00,0.00,0.00,0.08,0.00,0.00,-28.35,0.00,0.00,-10100.59,-0.00,0.00,0.00,-0.00,0.00,0.00,8.00
19833.00,0.00,0.00,0.04,0.00,0.00,-5.22,0.00,0.00,2890.75,-0.00,0.00,0.00,0.00,0.00,0.00,8.00
19841.00,0.00,0.00,0.07,0.00,0.00,4.26,0.00,0.00,1185.60,-0.00,0.00,0.00,-0.00,-0.00,0.00,6.00
19852.00,0.00,0.00,0.07,0.00,0.00,-0.43,0.00,0.00,-426.64,-0.00,0.00,0.00,-0.00,-0.00,0.00,7.00
19859.00,0.00,0.00,0.01,0.00,0.00,-7.82,0.00,0.00,-1055.87,-0.00,0.00,0.00,0.00,-0.00,-0.00,6.00
19865.00,0.00,0.00,-0.00,0.00,0.00,-2.80,0.00,0.00,837.73,-0.00,0.00,0.00,0.00,0.00,0.00,3.00
19868.00,0.00,0.00,0.08,0.00,0.00,29.09,0.00,0.00,10629.15,-0.00,0.00,0.00,0.00,-0.00,0.00,6.00
19874.00,0.00,0.00,0.12,0.00,0.00,6.75,0.00,0.00,-3723.35,-0.00,0.00,0.00,0.00,-0.00,0.00,8.00
19882.00,0.00,0.00,0.07,0.00,0.00,-6.18,0.00,0.00,-1616.69,-0.00,0.00,0.00,0.00,-0.00,-0.00,8.00
19890.00,0.00,0.00,0.05,0.00,0.00,-2.64,0.00,0.00,443.06,-0.00,0.00,0.00,0.00,0.00,-0.00,5.00
19895.00,0.00,0.00,0.02,0.00,0.00,-7.31,0.00,0.00,-934.36,-0.00,0.00,0.00,0.00,0.00,-0.00,17.00
19912.00,0.00,0.00,0.09,0.00,0.00,4.22,0.00,0.00,678.51,-0.00,0.00,0.00,0.00,0.00,0.00,7.00
19919.00,0.00,0.00,0.13,0.00,0.00,5.35,0.00,0.00,161.49,-0.00,0.00,0.00,0.00,0.00,-0.00,5.00
19929.00,0.00,0.00,0.05,0.00,0.00,-7.95,0.00,0.00,-1330.61,-0.00,0.00,0.00,0.00,-0.00,-0.00,6.00
19935.00,0.00,0.00,0.03,0.00,0.00,-2.64,0.00,0.00,886.10,-0.00,0.00,0.00,-0.00,-0.00,-0.00,8.00
19943.00,0.00,0.00,-0.02,0.00,0.00,-5.79,0.00,0.00,-394.40,-0.00,0.00,0.00,-0.00,-0.00,0.00,6.00
19949.00,0.00,0.00,0.12,0.00,0.00,22.48,0.00,0.00,4711.26,-0.00,0.00,0.00,-0.00,-0.00,0.00,5.00
19954.00,0.00,0.00,0.12,0.00,0.00,0.17,0.00,0.00,-4460.53,-0.00,0.00,0.00,0.00,-0.00,0.00,9.00
19963.00,0.00,0.00,0.05,0.00,0.00,-7.53,0.00,0.00,-855.78,-0.00,0.00,0.00,0.00,0.00,0.00,7.00
19970.00,0.00,0.00,0.18,0.00,0.00,17.88,0.00,0.00,3629.95,-0.00,0.00,0.00,0.00,-0.00,0.00,6.00
19976.00,0.00,0.00,0.19,0.00,0.00,2.79,0.00,0.00,-2515.78,-0.00,0.00,0.00,0.00,-0.00,0.00,7.00
19983.00,0.00,0.00,0.12,0.00,0.00,-11.19,0.00,0.00,-1997.33,-0.00,0.00,0.00,0.00,-0.00,-0.00,18.00
20001.00,0.00,0.00,0.08,0.00,0.00,-2.25,0.00,0.00,497.13,-0.00,0.00,0.00,-0.00,-0.00,0.00,5.00
20011.00,0.00,0.00,0.11,0.00,0.00,3.68,0.00,0.00,592.10,-0.00,0.00,0.00,-0.00,-0.00,0.00,6.00
20017.00,0.00,0.00,0.07,0.00,0.00,-6.36,0.00,0.00,-1673.20,-0.00,0.00,0.00,0.00,0.00,0.00,7.00
20024.00,0.00,0.00,0.11,0.00,0.00,5.13,0.00,0.00,1641.92,-0.00,0.00,0.00,0.00,0.00,0.00,9.00
20033.00,0.00,0.00,0.11,0.00,0.00,-0.24,0.00,0.00,-596.78,-0.00,0.00,0.00,0.00,0.00,0.00,7.00
20040.00,0.00,0.00,0.08,0.00,0.00,-3.50,0.00,0.00,-465.26,-0.00,0.00,0.00,0.00,-0.00,0.00,5.00
20045.00,0.00,0.00,0.10,0.00,0.00,3.94,0.00,0.00,1487.48,-0.00,0.00,0.00,0.00,-0.00,0.00,7.00
20052.00,0.00,0.00,-0.03,0.00,0.00,-18.56,0.00,0.00,-3214.63,-0.00,0.00,0.00,-0.00,0.00,0.00,6.00
20058.00,0.00,0.00,0.13,0.00,0.00,25.32,0.00,0.00,7313.49,-0.00,0.00,0.00,-0.00,-0.00,0.00,6.00
20064.00,0.00,0.00,0.12,0.00,0.00,-0.11,0.00,0.00,-4238.16,-0.00,0.00,0.00,-0.00,-0.00,0.00,9.00
20073.00,0.00,0.00,0.02,0.00,0.00,-11.18,0.00,0.00,-1229.80,-0.00,0.00,0.00,0.00,0.00,-0.00,7.00
20085.00,0.00,0.00,0.02,0.00,0.00,-0.39,0.00,0.00,899.36,-0.00,0.00,0.00,-0.00,0.00,-0.00,18.00
20103.00,0.00,0.00,0.08,0.00,0.00,3.33,0.00,0.00,206.34,-0.00,0.00,0.00,0.00,0.00,0.00,9.00
20112.00,0.00,0.00,0.09,0.00,0.00,0.97,0.00,0.00,-261.83,-0.00,0.00,0.00,-0.00,0.00,0.00,7.00
20119.00,0.00,0.00,0.08,0.00,0.00,-1.29,0.00,0.00,-323.49,-0.00,0.00,0.00,-0.00,-0.00,-0.00,6.00
20125.00,0.00,0.00,0.13,0.00,0.00,7.74,0.00,0.00,1506.46,-0.00,0.00,0.00,-0.00,-0.00,-0.00,8.00
20133.00,0.00,0.00,0.07,0.00,0.00,-6.69,0.00,0.00,-1804.67,-0.00,0.00,0.00,0.00,0.00,0.00,7.00
20140.00,0.00,0.00,0.09,0.00,0.00,1.94,0.00,0.00,1232.64,-0.00,0.00,0.00,0.00,0.00,0.00,6.00
20146.00,0.00,0.00,0.10,0.00,0.00,2.31,0.00,0.00,62.32,-0.00,0.00,0.00,0.00,0.00,0.00,6.00
20152.00,0.00,0.00,-0.03,0.00,0.00,-21.53,0.00,0.00,-3972.83,-0.00,0.00,0.00,0.00,0.00,0.00,7.00
20159.00,0.00,0.00,-0.01,0.00,0.00,2.40,0.00,0.00,3418.43,-0.00,0.00,0.00,-0.00,0.00,0.00,6.00
20175.00,0.00,0.00,0.12,0.00,0.00,8.51,0.00,0.00,382.07,-0.00,0.00,0.00,-0.00,0.00,-0.00,9.00
20184.00,0.00,0.00,0.05,0.00,0.00,-8.20,0.00,0.00,-1857.46,-0.00,0.00,0.00,0.00,0.00,0.00,8.00
20192.00,0.00,0.00,0.10,0.00,0.00,6.88,0.00,0.00,1885.75,-0.00,0.00,0.00,0.00,0.00,0.00,16.00
20208.00,0.00,0.00,0.04,0.00,0.00,-4.19,0.00,0.00,-691.98,-0.00,0.00,0.00,0.00,0.00,-0.00,6.00
20214.00,0.00,0.00,0.09,0.00,0.00,9.23,0.00,0.00,2236.72,-0.00,0.00,0.00,0.00,0.00,-0.00,9.00
20223.00,0.00,0.00,0.08,0.00,0.00,-1.57,0.00,0.00,-1200.19,-0.00,0.00,0.00,0.00,0.00,0.00,7.00
20230.00,0.00,0.00,0.06,0.00,0.00,-2.94,0.00,0.00,-195.50,-0.00,0.00,0.00,0.00,-0.00,-0.00,5.00
20235.00,0.00,0.00,0.12,0.00,0.00,11.99,0.00,0.00,2985.06,-0.00,0.00,0.00,0.00,-0.00,-0.00,9.00
20244.00,0.00,0.00,0.07,0.00,0.00,-4.81,0.00,0.00,-1866.39,-0.00,0.00,0.00,-0.00,-0.00,-0.00,5.00
20249.00,0.00,0.00,0.06,0.00,0.00,-3.34,0.00,0.00,294.06,-0.00,0.00,0.00,-0.00,-0.00,-0.00,6.00
20260.00,0.00,0.00,0.10,0.00,0.00,3.74,0.00,0.00,644.07,-0.00,0.00,0.00,0.00,-0.00,0.00,6.00
20266.00,0.00,0.00,0.13,0.00,0.00,4.73,0.00,0.00,163.74,-0.00,0.00,0.00,0.00,-0.00,0.00,7.00
20273.00,0.00,0.00,0.06,0.00,0.00,-10.16,0.00,0.00,-2127.00,-0.00,0.00,0.00,0.00,-0.00,0.00,9.00
20282.00,0.00,0.00,0.05,0.00,0.00,-0.60,0.00,0.00,1061.95,-0.00,0.00,0.00,-0.00,-0.00,0.00,5.00
20287.00,0.00,0.00,0.06,0.00,0.00,1.95,0.00,0.00,509.92,-0.00,0.00,0.00,-0.00,-0.00,-0.00,17.00
20304.00,0.00,0.00,0.05,0.00,0.00,-0.79,0.00,0.00,-161.16,-0.00,0.00,0.00,0.00,0.00,0.00,9.00
20313.00,0.00,0.00,0.11,0.00,0.00,6.55,0.00,0.00,815.90,-0.00,0.00,0.00,-0.00,0.00,0.00,7.00
20320.00,0.00,0.00,0.05,0.00,0.00,-8.38,0.00,0.00,-2132.49,-0.00,0.00,0.00,0.00,0.00,0.00,3.00
20323.00,0.00,0.00,0.12,0.00,0.00,24.30,0.00,0.00,10893.41,-0.00,0.00,0.00,0.00,-0.00,-0.00,8.00
20331.00,0.00,0.00,0.11,0.00,0.00,-1.59,0.00,0.00,-3236.69,-0.00,0.00,0.00,0.00,0.00,-0.00,6.00
20342.00,0.00,0.00,0.12,0.00,0.00,1.46,0.00,0.00,277.79,-0.00,0.00,0.00,0.00,0.00,-0.00,6.00
20348.00,0.00,0.00,0.04,0.00,0.00,-14.67,0.00,0.00,-2688.97,-0.00,0.00,0.00,0.00,0.00,0.00,6.00
20354.00,0.00,0.00,-0.02,0.00,0.00,-8.76,0.00,0.00,985.50,-0.00,0.00,0.00,0.00,0.00,0.00,9.00
20363.00,0.00,0.00,0.14,0.00,0.00,17.58,0.00,0.00,2926.67,-0.00,0.00,0.00,0.00,-0.00,0.00,7.00
20370.00,0.00,0.00,0.04,0.00,0.00,-14.77,0.00,0.00,-4622.22,-0.00,0.00,0.00,-0.00,-0.00,0.00,6.00
20376.00,0.00,0.00,0.07,0.00,0.00,4.83,0.00,0.00,3266.58,-0.00,0.00,0.00,-0.00,-0.00,0.00,7.00
20383.00,0.00,0.00,0.09,0.00,0.00,3.04,0.00,0.00,-255.51,-0.00,0.00,0.00,0.00,0.00,0.00,4.00
20387.00,0.00,0.00,0.07,0.00,0.00,-5.79,0.00,0.00,-2206.21,-0.00,0.00,0.00,0.00,-0.00,0.00,7.00
20394.00,0.00,0.00,0.07,0.00,0.00,0.01,0.00,0.00,828.08,-0.00,0.00,0.00,0.00,0.00,-0.00,15.00
20409.00,0.00,0.00,0.06,0.00,0.00,-0.09,0.00,0.00,-6.57,-0.00,0.00,0.00,0.00,0.00,-0.00,6.00
20420.00,0.00,0.00,0.08,0.00,0.00,1.29,0.00,0.00,124.92,-0.00,0.00,0.00,0.00,-0.00,0.00,6.00
20426.00,0.00,0.00,0.00,0.00,0.00,-12.80,0.00,0.00,-2346.93,-0.00,0.00,0.00,0.00,-0.00,0.00,6.00
20432.00,0.00,0.00,0.00,0.00,0.00,0.00,0.00,0.00,2132.66,-0.00,0.00,0.00,0.00,0.00,0.00,3.00
20435.00,0.00,0.00,0.15,0.00,0.00,49.10,0.00,0.00,16367.08,-0.00,0.00,0.00,0.00,0.00,0.00,9.00
20444.00,0.00,0.00,0.05,0.00,0.00,-11.02,0.00,0.00,-6680.57,-0.00,0.00,0.00,-0.00,-0.00,-0.00,5.00
20449.00,0.00,0.00,0.02,0.00,0.00,-6.73,0.00,0.00,858.99,-0.00,0.00,0.00,-0.00,-0.00,-0.00,6.00
20455.00,0.00,0.00,0.06,0.00,0.00,6.67,0.00,0.00,2233.53,-0.00,0.00,0.00,0.00,-0.00,-0.00,8.00
20463.00,0.00,0.00,0.02,0.00,0.00,-4.07,0.00,0.00,-1342.21,-0.00,0.00,0.00,0.00,0.00,0.00,8.00
20471.00,0.00,0.00,0.10,0.00,0.00,9.64,0.00,0.00,1712.86,-0.00,0.00,0.00,0.00,0.00,0.00,5.00
20476.00,0.00,0.00,-0.01,0.00,0.00,-21.15,0.00,0.00,-6158.41,-0.00,0.00,0.00,0.00,0.00,-0.00,8.00
20489.00,0.00,0.00,0.06,0.00,0.00,4.68,0.00,0.00,1987.51,-0.00,0.00,0.00,0.00,0.00,0.00,17.00
20506.00,0.00,0.00,0.01,0.00,0.00,-2.56,0.00,0.00,-425.78,-0.00,0.00,0.00,0.00,0.00,-0.00,8.00
20514.00,0.00,0.00,0.09,0.00,0.00,9.76,0.00,0.00,1538.96,-0.00,0.00,0.00,0.00,0.00,-0.00,8.00
20522.00,0.00,0.00,0.02,0.00,0.00,-8.82,0.00,0.00,-2321.80,-0.00,0.00,0.00,-0.00,-0.00,-0.00,5.00
20527.00,0.00,0.00,0.09,0.00,0.00,13.16,0.00,0.00,4395.69,-0.00,0.00,0.00,-0.00,-0.00,-0.00,7.00
20534.00,0.00,0.00,0.07,0.00,0.00,-2.49,0.00,0.00,-2235.35,-0.00,0.00,0.00,-0.00,-0.00,0.00,9.00
20543.00,0.00,0.00,0.07,0.00,0.00,-0.04,0.00,0.00,272.23,-0.00,0.00,0.00,-0.00,0.00,-0.00,5.00
20548.00,0.00,0.00,0.04,0.00,0.00,-4.95,0.00,0.00,-982.04,-0.00,0.00,0.00,0.00,-0.00,0.00,7.00
20555.00,0.00,0.00,0.07,0.00,0.00,3.59,0.00,0.00,1219.50,-0.00,0.00,0.00,0.00,-0.00,0.00,8.00
20563.00,0.00,0.00,0.15,0.00,0.00,10.29,0.00,0.00,837.36,-0.00,0.00,0.00,0.00,0.00,0.00,7.00
20575.00,0.00,0.00,0.10,0.00,0.00,-3.86,0.00,0.00,-1178.99,-0.00,0.00,0.00,0.00,0.00,0.00,9.00
20584.00,0.00,0.00,0.09,0.00,0.00,-1.93,0.00,0.00,214.94,-0.00,0.00,0.00,-0.00,0.00,0.00,8.00
20592.00,0.00,0.00,0.06,0.00,0.00,-2.83,0.00,0.00,-113.70,-0.00,0.00,0.00,0.00,0.00,0.00,16.00
20608.00,0.00,0.00,0.09,0.00,0.00,1.58,0.00,0.00,275.62,-0.00,0.00,0.00,0.00,-0.00,-0.00,7.00
20615.00,0.00,0.00,0.08,0.00,0.00,-1.07,0.00,0.00,-377.47,-0.00,0.00,0.00,0.00,-0.00,-0.00,8.00
20623.00,0.00,0.00,0.06,0.00,0.00,-3.13,0.00,0.00,-257.85,-0.00,0.00,0.00,0.00,0.00,-0.00,7.00
20630.00,0.00,0.00,0.05,0.00,0.00,-1.20,0.00,0.00,276.20,-0.00,0.00,0.00,0.00,0.00,0.00,5.00
20635.00,0.00,0.00,0.09,0.00,0.00,8.60,0.00,0.00,1959.21,-0.00,0.00,0.00,0.00,0.00,0.00,9.00
20644.00,0.00,0.00,0.08,0.00,0.00,-1.35,0.00,0.00,-1105.91,-0.00,0.00,0.00,-0.00,-0.00,0.00,5.00
20649.00,0.00,0.00,0.07,0.00,0.00,-1.66,0.00,0.00,-61.15,-0.00,0.00,0.00,-0.00,-0.00,0.00,7.00
20660.00,0.00,0.00,0.16,0.00,0.00,8.09,0.00,0.00,886.15,-0.00,0.00,0.00,-0.00,0.00,-0.00,6.00
20666.00,0.00,0.00,0.13,0.00,0.00,-5.51,0.00,0.00,-2266.51,-0.00,0.00,0.00,-0.00,0.00,-0.00,8.00
20674.00,0.00,0.00,0.08,0.00,0.00,-6.20,0.00,0.00,-86.33,-0.00,0.00,0.00,-0.00,0.00,-0.00,8.00
20682.00,0.00,0.00,0.17,0.00,0.00,12.15,0.00,0.00,2293.90,-0.00,0.00,0.00,0.00,-0.00,0.00,5.00
20687.00,0.00,0.00,0.08,0.00,0.00,-19.42,0.00,0.00,-6313.47,-0.00,0.00,0.00,-0.00,-0.00,0.00,7.00
20694.00,0.00,0.00,0.01,0.00,0.00,-9.23,0.00,0.00,1454.68,-0.00,0.00,0.00,-0.00,-0.00,-0.00,16.00
20710.00,0.00,0.00,0.16,0.00,0.00,9.17,0.00,0.00,1150.31,-0.00,0.00,0.00,-0.00,0.00,0.00,6.00
20716.00,0.00,0.00,0.02,0.00,0.00,-23.88,0.00,0.00,-5508.73,-0.00,0.00,0.00,-0.00,0.00,0.00,8.00
20724.00,0.00,0.00,0.16,0.00,0.00,18.40,0.00,0.00,5285.16,-0.00,0.00,0.00,0.00,0.00,-0.00,7.00
20731.00,0.00,0.00,0.07,0.00,0.00,-13.47,0.00,0.00,-4552.06,-0.00,0.00,0.00,-0.00,-0.00,0.00,5.00
20741.00,0.00,0.00,0.11,0.00,0.00,4.09,0.00,0.00,1755.77,-0.00,0.00,0.00,0.00,-0.00,-0.00,6.00
20747.00,0.00,0.00,0.14,0.00,0.00,5.20,0.00,0.00,184.61,-0.00,0.00,0.00,0.00,-0.00,-0.00,7.00
20754.00,0.00,0.00,0.02,0.00,0.00,-17.07,0.00,0.00,-3181.89,-0.00,0.00,0.00,0.00,0.00,0.00,7.00
20761.00,0.00,0.00,0.07,0.00,0.00,6.92,0.00,0.00,3428.17,-0.00,0.00,0.00,0.00,0.00,0.00,6.00
20767.00,0.00,0.00,0.09,0.00,0.00,3.34,0.00,0.00,-597.98,-0.00,0.00,0.00,0.00,0.00,0.00,7.00
20774.00,0.00,0.00,0.17,0.00,0.00,11.05,0.00,0.00,1101.73,-0.00,0.00,0.00,-0.00,-0.00,0.00,9.00
20783.00,0.00,0.00,0.07,0.00,0.00,-10.86,0.00,0.00,-2433.69,-0.00,0.00,0.00,-0.00,0.00,0.00,5.00
20788.00,0.00,0.00,0.06,0.00,0.00,-1.95,0.00,0.00,1780.78,-0.00,0.00,0.00,-0.00,-0.00,-0.00,7.00
20795.00,0.00,0.00,0.07,0.00,0.00,1.25,0.00,0.00,456.97,-0.00,0.00,0.00,-0.00,-0.00,-0.00,15.00
20810.00,0.00,0.00,0.04,0.00,0.00,-2.22,0.00,0.00,-231.32,-0.00,0.00,0.00,0.00,0.00,0.00,6.00
20821.00,0.00,0.00,0.12,0.00,0.00,7.88,0.00,0.00,918.07,-0.00,0.00,0.00,0.00,0.00,0.00,6.00
20827.00,0.00,0.00,0.07,0.00,0.00,-8.27,0.00,0.00,-2690.76,-0.00,0.00,0.00,0.00,0.00,-0.00,7.00
20834.00,0.00,0.00,0.06,0.00,0.00,-1.12,0.00,0.00,1021.64,-0.00,0.00,0.00,0.00,0.00,-0.00,9.00
20843.00,0.00,0.00,0.17,0.00,0.00,12.10,0.00,0.00,1468.35,-0.00,0.00,0.00,0.00,0.00,0.00,5.00
20848.00,0.00,0.00,0.02,0.00,0.00,-30.20,0.00,0.00,-8459.36,-0.00,0.00,0.00,0.00,0.00,0.00,6.00
20854.00,0.00,0.00,0.13,0.00,0.00,18.58,0.00,0.00,8129.29,-0.00,0.00,0.00,0.00,0.00,0.00,8.00
20862.00,0.00,0.00,0.03,0.00,0.00,-12.61,0.00,0.00,-3898.29,-0.00,0.00,0.00,0.00,0.00,0.00,6.00
20868.00,0.00,0.00,0.10,0.00,0.00,11.20,0.00,0.00,3968.13,-0.00,0.00,0.00,0.00,-0.00,-0.00,7.00
20875.00,0.00,0.00,0.05,0.00,0.00,-6.50,0.00,0.00,-2528.88,-0.00,0.00,0.00,0.00,-0.00,-0.00,9.00
20884.00,0.00,0.00,0.08,0.00,0.00,2.94,0.00,0.00,1049.60,-0.00,0.00,0.00,0.00,-0.00,0.00,6.00
20899.00,0.00,0.00,0.11,0.00,0.00,1.83,0.00,0.00,-74.46,-0.00,0.00,0.00,0.00,-0.00,-0.00,17.00
20916.00,0.00,0.00,0.10,0.00,0.00,-0.49,0.00,0.00,-136.23,-0.00,0.00,0.00,0.00,-0.00,-0.00,8.00
20924.00,0.00,0.00,0.00,0.00,0.00,-12.05,0.00,0.00,-1444.94,-0.00,0.00,0.00,0.00,0.00,0.00,8.00
20932.00,0.00,0.00,0.09,0.00,0.00,10.44,0.00,0.00,2810.92,-0.00,0.00,0.00,-0.00,-0.00,0.00,6.00
20938.00,0.00,0.00,0.07,0.00,0.00,-3.40,0.00,0.00,-2306.56,-0.00,0.00,0.00,-0.00,-0.00,0.00,7.00
20945.00,0.00,0.00,0.09,0.00,0.00,2.80,0.00,0.00,885.49,-0.00,0.00,0.00,0.00,0.00,-0.00,6.00
20951.00,0.00,0.00,0.11,0.00,0.00,3.18,0.00,0.00,63.79,-0.00,0.00,0.00,-0.00,-0.00,0.00,5.00
20956.00,0.00,0.00,0.11,0.00,0.00,0.15,0.00,0.00,-605.76,-0.00,0.00,0.00,-0.00,-0.00,0.00,8.00
20964.00,0.00,0.00,0.08,0.00,0.00,-3.40,0.00,0.00,-443.55,-0.00,0.00,0.00,-0.00,0.00,-0.00,8.00
20972.00,0.00,0.00,0.07,0.00,0.00,-0.58,0.00,0.00,351.41,-0.00,0.00,0.00,-0.00,0.00,-0.00,6.00
20982.00,0.00,0.00,0.14,0.00,0.00,6.87,0.00,0.00,745.16,-0.00,0.00,0.00,-0.00,0.00,0.00,7.00
20989.00,0.00,0.00,0.14,0.00,0.00,-0.49,0.00,0.00,-1051.24,-0.00,0.00,0.00,0.00,0.00,0.00,6.00
20995.00,0.00,0.00,0.05,0.00,0.00,-14.18,0.00,0.00,-2281.44,-0.00,0.00,0.00,0.00,0.00,0.00,16.00
21011.00,0.00,0.00,0.07,0.00,0.00,0.84,0.00,0.00,938.79,-0.00,0.00,0.00,0.00,-0.00,0.00,6.00
21017.00,0.00,0.00,0.11,0.00,0.00,6.97,0.00,0.00,1021.61,-0.00,0.00,0.00,-0.00,-0.00,0.00,7.00
21024.00,0.00,0.00,0.06,0.00,0.00,-7.04,0.00,0.00,-2000.67,-0.00,0.00,0.00,-0.00,0.00,0.00,8.00
21032.00,0.00,0.00,0.12,0.00,0.00,6.97,0.00,0.00,1751.04,-0.00,0.00,0.00,-0.00,0.00,0.00,5.00
21037.00,0.00,0.00,0.11,0.00,0.00,-1.05,0.00,0.00,-1604.14,-0.00,0.00,0.00,-0.00,-0.00,0.00,8.00
21045.00,0.00,0.00,-0.01,0.00,0.00,-15.04,0.00,0.00,-1748.83,-0.00,0.00,0.00,-0.00,-0.00,-0.00,5.00
21050.00,0.00,0.00,0.11,0.00,0.00,23.36,0.00,0.00,7679.71,-0.00,0.00,0.00,-0.00,-0.00,-0.00,6.00
21061.00,0.00,0.00,0.09,0.00,0.00,-1.94,0.00,0.00,-2300.24,-0.00,0.00,0.00,0.00,0.00,0.00,6.00
21067.00,0.00,0.00,0.07,0.00,0.00,-2.03,0.00,0.00,-14.51,-0.00,0.00,0.00,0.00,0.00,0.00,8.00
21075.00,0.00,0.00,0.12,0.00,0.00,5.64,0.00,0.00,958.58,-0.00,0.00,0.00,-0.00,0.00,0.00,8.00
21083.00,0.00,0.00,0.02,0.00,0.00,-11.87,0.00,0.00,-2188.86,-0.00,0.00,0.00,-0.00,0.00,0.00,5.00
21088.00,0.00,0.00,0.07,0.00,0.00,8.36,0.00,0.00,4047.28,-0.00,0.00,0.00,-0.00,0.00,0.00,17.00
21105.00,0.00,0.00,0.06,0.00,0.00,-0.41,0.00,0.00,-516.04,-0.00,0.00,0.00,0.00,0.00,0.00,9.00
21114.00,0.00,0.00,0.07,0.00,0.00,1.06,0.00,0.00,163.05,-0.00,0.00,0.00,0.00,-0.00,0.00,6.00
21120.00,0.00,0.00,0.10,0.00,0.00,5.45,0.00,0.00,731.00,-0.00,0.00,0.00,0.00,0.00,-0.00,6.00
21126.00,0.00,0.00,0.15,0.00,0.00,7.37,0.00,0.00,320.26,-0.00,0.00,0.00,0.00,0.00,-0.00,8.00
21134.00,0.00,0.00,0.08,0.00,0.00,-7.59,0.00,0.00,-1869.68,-0.00,0.00,0.00,0.00,-0.00,0.00,8.00
21146.00,0.00,0.00,0.08,0.00,0.00,-0.19,0.00,0.00,616.58,-0.00,0.00,0.00,0.00,0.00,0.00,7.00
21153.00,0.00,0.00,0.11,0.00,0.00,4.30,0.00,0.00,641.71,-0.00,0.00,0.00,0.00,-0.00,0.00,5.00
21158.00,0.00,0.00,0.01,0.00,0.00,-20.38,0.00,0.00,-4935.38,-0.00,0.00,0.00,-0.00,-0.00,0.00,8.00
21166.00,0.00,0.00,0.04,0.00,0.00,3.47,0.00,0.00,2980.31,-0.00,0.00,0.00,-0.00,0.00,0.00,8.00
21174.00,0.00,0.00,0.05,0.00,0.00,1.64,0.00,0.00,-227.88,-0.00,0.00,0.00,-0.00,0.00,-0.00,7.00
21181.00,0.00,0.00,0.04,0.00,0.00,-1.81,0.00,0.00,-494.02,-0.00,0.00,0.00,0.00,-0.00,-0.00,6.00
21187.00,0.00,0.00,0.03,0.00,0.00,-1.99,0.00,0.00,-29.84,-0.00,0.00,0.00,0.00,-0.00,-0.00,18.00
21205.00,0.00,0.00,0.13,0.00,0.00,5.99,0.00,0.00,443.48,-0.00,0.00,0.00,0.00,-0.00,0.00,8.00
21213.00,0.00,0.00,0.11,0.00,0.00,-3.15,0.00,0.00,-1141.93,-0.00,0.00,0.00,0.00,-0.00,0.00,5.00
21218.00,0.00,0.00,0.05,0.00,0.00,-12.23,0.00,0.00,-1815.73,-0.00,0.00,0.00,0.00,-0.00,0.00,7.00
21230.00,0.00,0.00,0.09,0.00,0.00,3.25,0.00,0.00,1289.64,-0.00,0.00,0.00,-0.00,0.00,0.00,7.00
21237.00,0.00,0.00,0.15,0.00,0.00,9.17,0.00,0.00,844.98,-0.00,0.00,0.00,0.00,0.00,0.00,8.00
21245.00,0.00,0.00,0.03,0.00,0.00,-15.40,0.00,0.00,-3070.37,-0.00,0.00,0.00,0.00,-0.00,0.00,6.00
21251.00,0.00,0.00,0.12,0.00,0.00,15.05,0.00,0.00,5074.35,-0.00,0.00,0.00,0.00,0.00,0.00,5.00
21256.00,0.00,0.00,0.14,0.00,0.00,3.29,0.00,0.00,-2351.12,-0.00,0.00,0.00,0.00,0.00,0.00,9.00
21265.00,0.00,0.00,0.17,0.00,0.00,4.16,0.00,0.00,96.61,-0.00,0.00,0.00,0.00,0.00,-0.00,7.00
21272.00,0.00,0.00,0.17,0.00,0.00,-0.27,0.00,0.00,-632.84,-0.00,0.00,0.00,0.00,0.00,0.00,6.00
21278.00,0.00,0.00,0.12,0.00,0.00,-7.79,0.00,0.00,-1253.76,-0.00,0.00,0.00,0.00,-0.00,0.00,7.00
21285.00,0.00,0.00,0.03,0.00,0.00,-13.46,0.00,0.00,-810.05,-0.00,0.00,0.00,0.00,-0.00,0.00,18.00
21303.00,0.00,0.00,0.09,0.00,0.00,3.33,0.00,0.00,933.04,-0.00,0.00,0.00,0.00,0.00,0.00,5.00
21313.00,0.00,0.00,0.16,0.00,0.00,7.48,0.00,0.00,414.20,-0.00,0.00,0.00,0.00,-0.01,-0.00,6.00
21319.00,0.00,0.00,0.10,0.00,0.00,-11.05,0.00,0.00,-3087.92,-0.00,0.00,0.00,-0.00,-0.00,-0.00,7.00
21326.00,0.00,0.00,0.07,0.00,0.00,-3.36,0.00,0.00,1098.96,-0.00,0.00,0.00,-0.00,-0.00,0.00,9.00
21335.00,0.00,0.00,0.14,0.00,0.00,7.01,0.00,0.00,1152.03,-0.00,0.00,0.00,-0.00,-0.00,0.00,7.00
21342.00,0.00,0.00,0.03,0.00,0.00,-15.05,0.00,0.00,-3151.96,-0.00,0.00,0.00,-0.00,0.00,0.00,6.00
21348.00,0.00,0.00,0.02,0.00,0.00,-2.03,0.00,0.00,2170.84,-0.00,0.00,0.00,-0.00,0.00,0.00,5.00
21353.00,0.00,0.00,0.20,0.00,0.00,34.97,0.00,0.00,7398.86,-0.00,0.00,0.00,0.00,0.00,0.00,6.00
21359.00,0.00,0.00,0.08,0.00,0.00,-19.95,0.00,0.00,-9152.00,-0.00,0.00,0.00,0.00,0.00,0.00,6.00
21365.00,0.00,0.00,0.16,0.00,0.00,14.51,0.00,0.00,5742.85,-0.00,0.00,0.00,0.00,0.00,0.00,9.00
21374.00,0.00,0.00,0.05,0.00,0.00,-13.01,0.00,0.00,-3057.40,-0.00,0.00,0.00,0.00,0.00,-0.00,6.00
21384.00,0.00,0.00,0.09,0.00,0.00,4.47,0.00,0.00,1747.96,-0.00,0.00,0.00,0.00,0.00,0.00,17.00
21401.00,0.00,0.00,0.13,0.00,0.00,2.05,0.00,0.00,-142.33,-0.00,0.00,0.00,-0.00,0.00,-0.00,6.00
21407.00,0.00,0.00,0.11,0.00,0.00,-3.29,0.00,0.00,-891.27,-0.00,0.00,0.00,-0.00,0.00,-0.00,8.00
21415.00,0.00,0.00,0.08,0.00,0.00,-3.05,0.00,0.00,30.44,-0.00,0.00,0.00,0.00,0.00,-0.00,8.00
21423.00,0.00,0.00,0.09,0.00,0.00,0.91,0.00,0.00,494.71,-0.00,0.00,0.00,-0.00,-0.00,0.00,5.00
21428.00,0.00,0.00,0.11,0.00,0.00,5.15,0.00,0.00,848.48,-0.00,0.00,0.00,-0.00,-0.00,0.00,8.00
21436.00,0.00,0.00,0.17,0.00,0.00,7.44,0.00,0.00,286.44,-0.00,0.00,0.00,0.00,-0.00,0.00,8.00
21444.00,0.00,0.00,0.06,0.00,0.00,-14.28,0.00,0.00,-2715.08,-0.00,0.00,0.00,-0.00,-0.00,-0.00,5.00
21449.00,0.00,0.00,0.19,0.00,0.00,26.32,0.00,0.00,8120.78,-0.00,0.00,0.00,-0.00,0.00,-0.00,7.00
21456.00,0.00,0.00,0.13,0.00,0.00,-9.04,0.00,0.00,-5052.26,-0.00,0.00,0.00,-0.00,0.00,0.00,9.00
21469.00,0.00,0.00,0.10,0.00,0.00,-2.42,0.00,0.00,509.43,-0.00,0.00,0.00,0.00,0.00,-0.00,8.00
21477.00,0.00,0.00,0.03,0.00,0.00,-8.44,0.00,0.00,-752.62,-0.00,0.00,0.00,0.00,0.00,-0.00,8.00
21485.00,0.00,0.00,0.09,0.00,0.00,8.18,0.00,0.00,2077.56,-0.00,0.00,0.00,0.00,-0.00,0.00,17.00
21502.00,0.00,0.00,0.07,0.00,0.00,-1.31,0.00,0.00,-558.17,-0.00,0.00,0.00,0.00,-0.00,-0.00,6.00
21508.00,0.00,0.00,-0.01,0.00,0.00,-13.94,0.00,0.00,-2104.73,-0.00,0.00,0.00,0.00,-0.00,-0.00,7.00
21515.00,0.00,0.00,0.15,0.00,0.00,22.62,0.00,0.00,5221.99,-0.00,0.00,0.00,0.00,-0.00,-0.00,8.00
21523.00,0.00,0.00,0.07,0.00,0.00,-9.53,0.00,0.00,-4018.96,-0.00,0.00,0.00,0.00,0.00,-0.00,4.00
21527.00,0.00,0.00,0.16,0.00,0.00,23.40,0.00,0.00,8233.39,-0.00,0.00,0.00,0.00,0.00,-0.00,8.00
21535.00,0.00,0.00,0.07,0.00,0.00,-12.06,0.00,0.00,-4431.85,-0.00,0.00,0.00,-0.00,0.00,-0.00,8.00
21543.00,0.00,0.00,0.10,0.00,0.00,3.91,0.00,0.00,1995.13,-0.00,0.00,0.00,-0.00,-0.00,-0.00,6.00
21558.00,0.00,0.00,0.06,0.00,0.00,-2.71,0.00,0.00,-441.20,-0.00,0.00,0.00,0.00,0.00,0.00,9.00
21567.00,0.00,0.00,0.17,0.00,0.00,11.99,0.00,0.00,1633.24,-0.00,0.00,0.00,-0.00,-0.00,0.00,8.00
21575.00,0.00,0.00,0.14,0.00,0.00,-3.32,0.00,0.00,-1913.52,-0.00,0.00,0.00,0.00,0.00,0.00,7.00
21582.00,0.00,0.00,0.06,0.00,0.00,-11.86,0.00,0.00,-1219.40,-0.00,0.00,0.00,0.00,-0.00,0.00,5.00
21587.00,0.00,0.00,0.04,0.00,0.00,-2.57,0.00,0.00,1856.57,-0.00,0.00,0.00,0.00,-0.00,0.00,18.00
21605.00,0.00,0.00,0.03,0.00,0.00,-0.92,0.00,0.00,92.08,-0.00,0.00,0.00,-0.00,0.00,0.00,9.00
21614.00,0.00,0.00,0.11,0.00,0.00,8.89,0.00,0.00,1090.06,-0.00,0.00,0.00,0.00,0.00,0.00,5.00
21619.00,0.00,0.00,0.13,0.00,0.00,4.56,0.00,0.00,-866.08,-0.00,0.00,0.00,-0.00,0.00,0.00,7.00
21626.00,0.00,0.00,0.05,0.00,0.00,-12.13,0.00,0.00,-2384.05,-0.00,0.00,0.00,-0.00,0.00,-0.00,9.00
21635.00,0.00,0.00,0.10,0.00,0.00,6.58,0.00,0.00,2078.62,-0.00,0.00,0.00,0.00,0.00,0.00,7.00
21646.00,0.00,0.00,0.06,0.00,0.00,-4.25,0.00,0.00,-984.47,-0.00,0.00,0.00,0.00,0.00,0.00,7.00
21653.00,0.00,0.00,0.14,0.00,0.00,11.77,0.00,0.00,2287.44,-0.00,0.00,0.00,-0.00,-0.00,0.00,5.00
21658.00,0.00,0.00,0.06,0.00,0.00,-15.47,0.00,0.00,-5446.56,-0.00,0.00,0.00,-0.00,-0.00,0.00,8.00
21666.00,0.00,0.00,0.09,0.00,0.00,3.99,0.00,0.00,2432.51,-0.00,0.00,0.00,-0.00,0.00,-0.00,8.00
21674.00,0.00,0.00,0.05,0.00,0.00,-5.64,0.00,0.00,-1204.10,-0.00,0.00,0.00,-0.00,-0.01,-0.00,6.00
21680.00,0.00,0.00,0.05,0.00,0.00,0.74,0.00,0.00,1063.79,-0.00,0.00,0.00,-0.00,-0.00,-0.00,6.00
21686.00,0.00,0.00,0.14,0.00,0.00,14.56,0.00,0.00,2302.23,-0.00,0.00,0.00,-0.00,-0.00,0.00,19.00
21705.00,0.00,0.00,0.10,0.00,0.00,-2.32,0.00,0.00,-888.10,-0.00,0.00,0.00,-0.00,0.00,0.00,7.00
21712.00,0.00,0.00,0.01,0.00,0.00,-13.14,0.00,0.00,-1545.69,-0.00,0.00,0.00,0.00,0.00,0.00,5.00
21717.00,0.00,0.00,0.08,0.00,0.00,14.48,0.00,0.00,5524.39,-0.00,0.00,0.00,0.00,0.00,0.00,9.00
21731.00,0.00,0.00,0.02,0.00,0.00,-4.10,0.00,0.00,-1327.28,-0.00,0.00,0.00,0.00,0.00,-0.00,7.00
21738.00,0.00,0.00,0.09,0.00,0.00,9.94,0.00,0.00,2005.31,-0.00,0.00,0.00,0.00,0.00,0.00,8.00
21746.00,0.00,0.00,0.14,0.00,0.00,6.83,0.00,0.00,-388.32,-0.00,0.00,0.00,0.00,0.00,0.00,6.00
21752.00,0.00,0.00,0.07,0.00,0.00,-11.79,0.00,0.00,-3104.54,-0.00,0.00,0.00,-0.00,0.00,-0.00,5.00
21757.00,0.00,0.00,0.12,0.00,0.00,9.58,0.00,0.00,4275.61,-0.00,0.00,0.00,-0.00,0.00,-0.00,9.00
21766.00,0.00,0.00,0.03,0.00,0.00,-9.92,0.00,0.00,-2167.35,-0.00,0.00,0.00,-0.00,0.00,-0.00,5.00
21771.00,0.00,0.00,0.12,0.00,0.00,17.19,0.00,0.00,5421.61,-0.00,0.00,0.00,-0.00,0.00,-0.00,7.00
21778.00,0.00,0.00,0.21,0.00,0.00,12.44,0.00,0.00,-678.09,-0.00,0.00,0.00,0.00,0.00,0.00,7.00
21785.00,0.00,0.00,0.15,0.00,0.00,-8.14,0.00,0.00,-2939.40,-0.00,0.00,0.00,-0.00,-0.00,-0.00,17.00
21803.00,0.00,0.00,0.07,0.00,0.00,-4.12,0.00,0.00,223.07,-0.00,0.00,0.00,0.00,0.00,-0.00,5.00
21813.00,0.00,0.00,0.15,0.00,0.00,7.33,0.00,0.00,1145.53,-0.00,0.00,0.00,0.00,0.01,0.00,6.00
21819.00,0.00,0.00,0.10,0.00,0.00,-8.35,0.00,0.00,-2613.14,-0.00,0.00,0.00,0.00,0.01,0.00,7.00
21826.00,0.00,0.00,0.11,0.00,0.00,2.50,0.00,0.00,1549.16,-0.00,0.00,0.00,0.00,0.00,0.00,9.00
21835.00,0.00,0.00,0.02,0.00,0.00,-10.71,0.00,0.00,-1467.80,-0.00,0.00,0.00,0.00,0.00,0.00,5.00
21840.00,0.00,0.00,0.02,0.00,0.00,0.53,0.00,0.00,2248.12,-0.00,0.00,0.00,0.00,0.00,0.00,8.00
21848.00,0.00,0.00,0.10,0.00,0.00,9.54,0.00,0.00,1126.16,-0.00,0.00,0.00,0.00,0.00,0.00,5.00
21853.00,0.00,0.00,0.17,0.00,0.00,14.01,0.00,0.00,894.40,-0.00,0.00,0.00,0.00,-0.00,0.00,5.00
21858.00,0.00,0.00,0.07,0.00,0.00,-19.89,0.00,0.00,-6780.88,-0.00,0.00,0.00,0.00,-0.00,0.00,6.00
21864.00,0.00,0.00,0.35,0.00,0.00,46.72,0.00,0.00,11101.88,-0.00,0.00,0.00,0.00,-0.00,-0.00,4.00
21868.00,0.00,0.00,0.16,0.00,0.00,-47.18,0.00,0.00,-23474.63,-0.00,0.00,0.00,0.00,-0.00,-0.00,8.00
21881.00,0.00,0.00,0.11,0.00,0.00,-3.72,0.00,0.00,3343.52,-0.00,0.00,0.00,-0.00,0.00,-0.00,7.00
21888.00,0.00,0.00,0.05,0.00,0.00,-9.05,0.00,0.00,-761.93,-0.00,0.00,0.00,-0.00,0.00,0.00,8.00
21896.00,0.00,0.00,0.12,0.00,0.00,8.92,0.00,0.00,2246.22,-0.00,0.00,0.00,-0.00,0.00,0.00,15.00
21911.00,0.00,0.00,0.11,0.00,0.00,-0.37,0.00,0.00,-619.44,-0.00,0.00,0.00,-0.00,-0.00,0.00,7.00
21918.00,0.00,0.00,0.00,0.00,0.00,-15.77,0.00,0.00,-2200.56,-0.00,0.00,0.00,-0.00,-0.00,0.00,8.00
21926.00,0.00,0.00,0.10,0.00,0.00,12.09,0.00,0.00,3483.14,-0.00,0.00,0.00,0.00,-0.00,-0.00,7.00
21933.00,0.00,0.00,0.10,0.00,0.00,-0.34,0.00,0.00,-1776.32,-0.00,0.00,0.00,-0.00,-0.00,0.00,5.00
21938.00,0.00,0.00,0.01,0.00,0.00,-16.60,0.00,0.00,-3250.94,-0.00,0.00,0.00,-0.00,-0.00,0.00,8.00
21946.00,0.00,0.00,0.12,0.00,0.00,13.39,0.00,0.00,3748.22,-0.00,0.00,0.00,0.00,-0.00,0.00,6.00
21952.00,0.00,0.00,0.12,0.00,0.00,-1.00,0.00,0.00,-2398.61,-0.00,0.00,0.00,0.00,-0.00,-0.00,6.00
21963.00,0.00,0.00,0.11,0.00,0.00,-0.83,0.00,0.00,16.28,-0.00,0.00,0.00,0.00,-0.00,0.00,6.00
21969.00,0.00,0.00,0.07,0.00,0.00,-5.74,0.00,0.00,-819.04,-0.00,0.00,0.00,0.00,-0.00,0.00,7.00
21976.00,0.00,0.00,0.09,0.00,0.00,1.86,0.00,0.00,1085.41,-0.00,0.00,0.00,0.00,0.00,0.00,4.00
21980.00,0.00,0.00,0.16,0.00,0.00,18.53,0.00,0.00,4166.87,-0.00,0.00,0.00,0.00,-0.00,0.00,7.00
21987.00,0.00,0.00,0.13,0.00,0.00,-4.85,0.00,0.00,-3339.71,-0.00,0.00,0.00,-0.00,0.00,0.00,18.00
22005.00,0.00,0.00,0.10,0.00,0.00,-1.23,0.00,0.00,201.10,-0.00,0.00,0.00,-0.00,-0.00,0.00,6.00
22011.00,0.00,0.00,0.11,0.00,0.00,0.44,0.00,0.00,279.38,-0.00,0.00,0.00,-0.00,0.00,0.00,6.00
22017.00,0.00,0.00,0.12,0.00,0.00,1.96,0.00,0.00,253.05,-0.00,0.00,0.00,-0.00,0.00,-0.00,7.00
22024.00,0.00,0.00,0.09,0.00,0.00,-3.31,0.00,0.00,-753.54,-0.00,0.00,0.00,0.00,0.00,-0.00,5.00
22029.00,0.00,0.00,0.00,0.00,0.00,-18.84,0.00,0.00,-3104.71,-0.00,0.00,0.00,0.00,0.00,-0.00,7.00
22041.00,0.00,0.00,0.22,0.00,0.00,18.01,0.00,0.00,3070.52,-0.00,0.00,0.00,0.00,0.00,0.00,4.00
22045.00,0.00,0.00,0.19,0.00,0.00,-6.23,0.00,0.00,-6061.11,-0.00,0.00,0.00,-0.00,-0.01,0.00,5.00
22050.00,0.00,0.00,0.05,0.00,0.00,-28.46,0.00,0.00,-4444.92,-0.00,0.00,0.00,-0.00,-0.00,0.00,7.00
22057.00,0.00,0.00,0.10,0.00,0.00,6.99,0.00,0.00,5063.76,-0.00,0.00,0.00,-0.00,-0.00,0.00,9.00
22066.00,0.00,0.00,0.10,0.00,0.00,-0.02,0.00,0.00,-778.86,-0.00,0.00,0.00,0.00,0.00,0.00,7.00
22073.00,0.00,0.00,0.13,0.00,0.00,4.81,0.00,0.00,690.48,-0.00,0.00,0.00,0.00,-0.00,0.00,5.00
22078.00,0.00,0.00,0.10,0.00,0.00,-5.52,0.00,0.00,-2066.35,-0.00,0.00,0.00,0.00,-0.00,0.00,6.00
22084.00,0.00,0.00,0.42,0.00,0.00,52.72,0.00,0.00,9707.01,-0.00,0.00,0.00,-0.00,-0.00,-0.00,4.00
22088.00,0.00,0.00,0.18,0.00,0.00,-60.41,0.00,0.00,-28282.50,-0.00,0.00,0.00,-0.00,-0.00,0.00,8.00
22096.00,0.00,0.00,0.05,0.00,0.00,-15.96,0.00,0.00,5555.89,-0.00,0.00,0.00,-0.00,-0.00,0.00,16.00
22116.00,0.00,0.00,0.18,0.00,0.00,6.64,0.00,0.00,1130.15,-0.00,0.00,0.00,-0.00,-0.00,-0.00,9.00
22125.00,0.00,0.00,0.10,0.00,0.00,-8.83,0.00,0.00,-1718.89,-0.00,0.00,0.00,0.00,-0.01,0.00,6.00
22131.00,0.00,0.00,0.09,0.00,0.00,-1.58,0.00,0.00,1208.48,-0.00,0.00,0.00,-0.00,-0.00,0.00,7.00
22138.00,0.00,0.00,0.13,0.00,0.00,5.10,0.00,0.00,953.93,-0.00,0.00,0.00,-0.00,0.00,0.00,8.00
22146.00,0.00,0.00,0.07,0.00,0.00,-7.62,0.00,0.00,-1590.59,-0.00,0.00,0.00,-0.00,-0.00,-0.00,6.00
22152.00,0.00,0.00,0.16,0.00,0.00,14.51,0.00,0.00,3689.19,-0.00,0.00,0.00,0.00,0.00,-0.00,6.00
22158.00,0.00,0.00,0.14,0.00,0.00,-2.61,0.00,0.00,-2854.11,-0.00,0.00,0.00,0.00,0.00,-0.00,8.00
22166.00,0.00,0.00,0.14,0.00,0.00,-0.41,0.00,0.00,275.08,-0.00,0.00,0.00,0.00,0.00,0.00,8.00
22174.00,0.00,0.00,0.05,0.00,0.00,-11.07,0.00,0.00,-1332.66,-0.00,0.00,0.00,-0.00,0.00,0.00,5.00
22179.00,0.00,0.00,0.08,0.00,0.00,6.16,0.00,0.00,3447.40,-0.00,0.00,0.00,0.00,0.00,0.00,8.00
22192.00,0.00,0.00,0.11,0.00,0.00,2.11,0.00,0.00,-311.49,-0.00,0.00,0.00,0.00,0.00,-0.00,16.00
22208.00,0.00,0.00,0.11,0.00,0.00,0.22,0.00,0.00,-118.09,-0.00,0.00,0.00,0.00,-0.01,0.00,9.00
22217.00,0.00,0.00,0.12,0.00,0.00,1.01,0.00,0.00,87.39,-0.00,0.00,0.00,0.00,-0.00,0.00,8.00
22225.00,0.00,0.00,0.11,0.00,0.00,-0.71,0.00,0.00,-215.00,-0.00,0.00,0.00,0.00,-0.00,0.00,5.00
22230.00,0.00,0.00,0.09,0.00,0.00,-4.07,0.00,0.00,-672.78,-0.00,0.00,0.00,0.00,-0.00,0.00,7.00
22237.00,0.00,0.00,0.13,0.00,0.00,5.64,0.00,0.00,1388.29,-0.00,0.00,0.00,-0.00,0.00,0.00,9.00
22246.00,0.00,0.00,0.17,0.00,0.00,4.49,0.00,0.00,-128.30,-0.00,-0.00,0.00,-0.00,-0.00,0.00,5.00
22251.00,0.00,0.00,0.25,0.00,0.00,14.40,0.00,0.00,1981.58,-0.00,-0.00,0.00,-0.00,-0.00,0.00,7.00
22258.00,0.00,0.00,0.13,0.00,0.00,-16.36,0.00,0.00,-4393.23,-0.00,-0.00,0.00,-0.00,-0.00,0.00,8.00
22266.00,0.00,0.00,0.15,0.00,0.00,1.82,0.00,0.00,2272.39,-0.00,-0.00,0.00,-0.00,-0.00,-0.00,7.00
22284.00,0.00,0.00,0.18,0.00,0.00,1.68,0.00,0.00,-7.83,-0.00,-0.00,0.00,0.00,-0.00,0.00,16.00
22300.00,0.00,0.00,0.07,0.00,0.00,-6.41,0.00,0.00,-505.82,-0.00,-0.00,0.00,-0.00,-0.00,-0.00,7.00
22307.00,0.00,0.00,0.06,0.00,0.00,-2.03,0.00,0.00,626.15,-0.00,-0.00,0.00,0.00,-0.00,0.00,8.00
22315.00,0.00,0.00,0.13,0.00,0.00,9.35,0.00,0.00,1422.23,-0.00,-0.00,0.00,-0.00,-0.01,0.00,5.00
22320.00,0.00,0.00,0.09,0.00,0.00,-8.21,0.00,0.00,-3512.46,-0.00,-0.00,0.00,-0.00,-0.00,0.00,7.00
22327.00,0.00,0.00,0.16,0.00,0.00,9.37,0.00,0.00,2511.03,-0.00,-0.00,0.00,-0.00,-0.00,0.00,9.00
22336.00,0.00,0.00,0.11,0.00,0.00,-5.22,0.00,0.00,-1620.12,-0.00,-0.00,0.00,-0.00,0.00,0.00,7.00
22343.00,0.00,0.00,0.14,0.00,0.00,3.71,0.00,0.00,1275.06,-0.00,-0.00,0.00,-0.00,-0.00,-0.00,6.00
22349.00,0.00,0.00,0.06,0.00,0.00,-12.20,0.00,0.00,-2650.87,-0.00,-0.00,0.00,-0.00,-0.00,-0.00,6.00
22355.00,0.00,0.00,0.08,0.00,0.00,1.80,0.00,0.00,2333.25,-0.00,-0.00,0.00,-0.00,-0.00,-0.00,5.00
22365.00,0.00,0.00,0.01,0.00,0.00,-6.21,0.00,0.00,-801.32,-0.00,-0.00,0.00,0.00,0.00,0.00,6.00
22371.00,0.00,0.00,0.19,0.00,0.00,28.96,0.00,0.00,5861.46,-0.00,-0.00,0.00,0.00,0.00,-0.00,7.00
22378.00,0.00,0.00,0.12,0.00,0.00,-9.26,0.00,0.00,-5459.80,-0.00,-0.00,0.00,0.00,0.00,-0.00,9.00
22387.00,0.00,0.00,0.11,0.00,0.00,-1.27,0.00,0.00,887.92,-0.00,-0.00,0.00,0.00,0.00,-0.00,7.00
22394.00,0.00,0.00,0.11,0.00,0.00,-0.81,0.00,0.00,65.28,-0.00,-0.00,0.00,-0.00,0.00,0.00,15.00
22409.00,0.00,0.00,0.17,0.00,0.00,4.16,0.00,0.00,331.12,-0.00,-0.00,0.00,-0.00,0.00,-0.00,8.00
22417.00,0.00,0.00,0.13,0.00,0.00,-4.22,0.00,0.00,-1047.41,-0.00,-0.00,0.00,-0.00,0.00,0.00,8.00
22425.00,0.00,0.00,0.11,0.00,0.00,-3.00,0.00,0.00,152.90,-0.00,-0.00,0.00,0.00,0.00,0.00,6.00
22431.00,0.00,0.00,0.16,0.00,0.00,8.75,0.00,0.00,1958.67,-0.00,-0.00,0.00,-0.00,-0.00,0.00,7.00
22438.00,0.00,0.00,0.11,0.00,0.00,-7.45,0.00,0.00,-2314.40,-0.00,-0.00,0.00,-0.00,-0.00,0.00,9.00
22452.00,0.00,0.00,0.10,0.00,0.00,-0.83,0.00,0.00,472.45,-0.00,-0.00,0.00,-0.00,0.00,0.00,7.00
22459.00,0.00,0.00,0.10,0.00,0.00,0.84,0.00,0.00,239.07,-0.00,-0.00,0.00,-0.00,0.00,0.00,8.00
22467.00,0.00,0.00,0.10,0.00,0.00,-1.13,0.00,0.00,-245.79,-0.00,-0.00,0.00,0.00,0.00,0.00,7.00
22474.00,0.00,0.00,0.20,0.00,0.00,15.07,0.00,0.00,2314.09,-0.00,-0.00,0.00,0.00,0.00,0.00,6.00
22480.00,0.00,0.00,0.09,0.00,0.00,-18.04,0.00,0.00,-5519.25,-0.00,-0.00,0.00,0.00,0.00,-0.00,8.00
22488.00,0.00,0.00,0.09,0.00,0.00,-0.69,0.00,0.00,2169.47,-0.00,-0.00,0.00,0.00,0.00,-0.00,8.00
22496.00,0.00,0.00,0.04,0.00,0.00,-6.43,0.00,0.00,-717.79,-0.00,-0.00,0.00,0.00,0.00,0.00,15.00
22511.00,0.00,0.00,0.20,0.00,0.00,11.27,0.00,0.00,1179.77,-0.00,-0.00,0.00,0.00,0.00,0.00,7.00
22518.00,0.00,0.00,0.20,0.00,0.00,-1.18,0.00,0.00,-1778.33,-0.00,-0.00,0.00,-0.00,0.00,0.00,8.00
22526.00,0.00,0.00,0.07,0.00,0.00,-15.75,0.00,0.00,-1821.00,-0.00,0.00,0.00,-0.00,0.00,0.00,7.00
22538.00,0.00,0.00,0.18,0.00,0.00,8.87,0.00,0.00,2051.79,-0.00,-0.00,0.00,-0.00,-0.00,0.00,10.00
22548.00,0.00,0.00,0.03,0.00,0.00,-14.39,0.00,0.00,-2326.22,-0.00,-0.00,0.00,0.00,0.00,0.00,5.00
22553.00,0.00,0.00,0.15,0.00,0.00,22.52,0.00,0.00,7381.90,-0.00,-0.00,0.00,0.00,0.00,0.00,6.00
22559.00,0.00,0.00,0.09,0.00,0.00,-9.21,0.00,0.00,-5287.45,-0.00,-0.00,0.00,0.00,0.00,0.00,8.00
22567.00,0.00,0.00,0.01,0.00,0.00,-9.58,0.00,0.00,-46.51,-0.00,0.00,0.00,0.00,0.00,-0.00,7.00
22574.00,0.00,0.00,0.09,0.00,0.00,11.36,0.00,0.00,2990.52,-0.00,0.00,0.00,-0.00,-0.00,-0.00,6.00
22580.00,0.00,0.00,0.12,0.00,0.00,4.32,0.00,0.00,-1171.98,-0.00,0.00,0.00,-0.00,-0.00,-0.00,8.00
22588.00,0.00,0.00,0.07,0.00,0.00,-6.58,0.00,0.00,-1363.26,-0.00,0.00,0.00,0.00,0.00,0.00,8.00
22596.00,0.00,0.00,0.11,0.00,0.00,5.39,0.00,0.00,1496.07,-0.00,0.00,0.00,0.00,0.00,-0.00,15.00
22611.00,0.00,0.00,0.07,0.00,0.00,-2.59,0.00,0.00,-531.76,-0.00,0.00,0.00,0.00,0.00,0.00,7.00
22623.00,0.00,0.00,0.14,0.00,0.00,5.91,0.00,0.00,708.28,-0.00,0.00,0.00,0.00,0.00,0.00,7.00
22630.00,0.00,0.00,0.18,0.00,0.00,5.51,0.00,0.00,-57.66,-0.00,0.00,0.00,0.00,0.00,0.00,7.00
22637.00,0.00,0.00,0.15,0.00,0.00,-4.87,0.00,0.00,-1481.50,-0.00,0.00,0.00,0.00,0.00,0.00,8.00
22645.00,0.00,0.00,0.05,0.00,0.00,-11.63,0.00,0.00,-846.06,-0.00,0.00,0.00,-0.00,0.00,0.00,5.00
22650.00,0.00,0.00,0.01,0.00,0.00,-9.23,0.00,0.00,479.94,-0.00,0.00,0.00,-0.00,0.00,0.00,7.00
22657.00,0.00,0.00,0.09,0.00,0.00,12.31,0.00,0.00,3077.68,-0.00,0.00,0.00,-0.00,0.00,0.00,8.00
22665.00,0.00,0.00,0.11,0.00,0.00,2.64,0.00,0.00,-1208.78,-0.00,0.00,0.00,-0.00,0.00,0.00,6.00
22671.00,0.00,0.00,0.11,0.00,0.00,-0.51,0.00,0.00,-524.22,-0.00,0.00,0.00,-0.00,-0.00,0.00,7.00
22678.00,0.00,0.00,0.13,0.00,0.00,2.19,0.00,0.00,385.59,-0.00,0.00,0.00,0.00,-0.00,0.00,8.00
22686.00,0.00,0.00,0.03,0.00,0.00,-11.90,0.00,0.00,-1761.97,-0.00,0.00,0.00,0.00,0.00,0.00,5.00
22696.00,0.00,0.00,0.20,0.00,0.00,16.72,0.00,0.00,2862.35,-0.00,0.00,0.00,0.00,0.00,0.00,16.00
22712.00,0.00,0.00,0.13,0.00,0.00,-4.45,0.00,0.00,-1323.00,-0.00,0.00,0.00,0.00,-0.00,-0.00,7.00
22719.00,0.00,0.00,0.07,0.00,0.00,-8.17,0.00,0.00,-531.37,-0.00,0.00,0.00,0.00,0.00,-0.00,8.00
22727.00,0.00,0.00,0.12,0.00,0.00,6.47,0.00,0.00,1829.46,-0.00,0.00,0.00,-0.00,-0.00,-0.00,7.00
22734.00,0.00,0.00,0.14,0.00,0.00,2.39,0.00,0.00,-583.35,-0.00,0.00,0.00,0.00,-0.00,0.00,5.00
22739.00,0.00,0.00,0.15,0.00,0.00,3.18,0.00,0.00,159.55,-0.00,0.00,0.00,0.00,-0.00,0.00,9.00
22748.00,0.00,0.00,0.06,0.00,0.00,-10.02,0.00,0.00,-1466.79,-0.00,0.00,0.00,0.00,0.00,0.00,5.00
22753.00,0.00,0.00,0.18,0.00,0.00,22.26,0.00,0.00,6456.23,-0.00,0.00,0.00,-0.00,-0.00,0.00,6.00
22759.00,0.00,0.00,0.15,0.00,0.00,-4.28,0.00,0.00,-4424.25,-0.00,0.00,0.00,-0.00,-0.00,0.00,8.00
22767.00,0.00,0.00,0.08,0.00,0.00,-8.42,0.00,0.00,-517.11,-0.00,0.00,0.00,0.00,0.00,0.00,8.00
22780.00,0.00,0.00,0.06,0.00,0.00,-1.95,0.00,0.00,497.80,-0.00,0.00,0.00,0.00,0.00,0.00,9.00
22789.00,0.00,0.00,0.05,0.00,0.00,-0.68,0.00,0.00,140.53,-0.00,0.00,0.00,0.00,0.00,0.00,8.00
22797.00,0.00,0.00,0.15,0.00,0.00,12.94,0.00,0.00,1702.86,-0.00,0.00,0.00,0.00,0.00,0.00,15.00
22812.00,0.00,0.00,0.11,0.00,0.00,-3.02,0.00,0.00,-1063.75,-0.00,0.00,0.00,0.00,0.00,0.00,7.00
22819.00,0.00,0.00,0.10,0.00,0.00,-0.98,0.00,0.00,290.33,-0.00,0.00,0.00,0.00,0.00,0.00,8.00
22827.00,0.00,0.00,0.16,0.00,0.00,7.17,0.00,0.00,1019.35,-0.00,0.00,0.00,-0.00,0.00,0.00,7.00
22834.00,0.00,0.00,0.16,0.00,0.00,-0.55,0.00,0.00,-1102.59,-0.00,0.00,0.00,-0.00,0.00,-0.00,5.00
22839.00,0.00,0.00,0.04,0.00,0.00,-22.42,0.00,0.00,-4374.26,-0.00,0.00,0.00,-0.00,0.00,-0.00,9.00
22848.00,0.00,0.00,0.13,0.00,0.00,9.53,0.00,0.00,3550.08,-0.00,0.00,0.00,0.00,-0.00,-0.00,5.00
22853.00,0.00,0.00,-0.01,0.00,0.00,-27.29,0.00,0.00,-7363.51,-0.00,0.00,0.00,0.00,-0.00,-0.00,6.00
22864.00,0.00,0.00,0.11,0.00,0.00,11.05,0.00,0.00,3485.48,-0.00,0.00,0.00,0.00,-0.00,-0.00,7.00
22871.00,0.00,0.00,0.25,0.00,0.00,18.70,0.00,0.00,1092.79,-0.00,0.00,0.00,0.00,-0.00,-0.00,7.00
22878.00,0.00,0.00,0.06,0.00,0.00,-26.51,0.00,0.00,-6459.11,-0.00,0.00,0.00,0.00,-0.00,-0.00,8.00
22886.00,0.00,0.00,0.12,0.00,0.00,7.74,0.00,0.00,4281.25,-0.00,0.00,0.00,-0.00,-0.00,-0.00,5.00
22891.00,0.00,0.00,0.13,0.00,0.00,1.41,0.00,0.00,-1267.00,-0.00,0.00,0.00,-0.00,-0.00,-0.00,17.00
22908.00,0.00,0.00,0.13,0.00,0.00,0.02,0.00,0.00,-81.59,-0.00,0.00,0.00,0.00,0.00,-0.00,9.00
22917.00,0.00,0.00,0.10,0.00,0.00,-3.40,0.00,0.00,-380.34,-0.00,0.00,0.00,0.00,0.00,0.00,6.00
22923.00,0.00,0.00,0.07,0.00,0.00,-4.61,0.00,0.00,-201.31,-0.00,0.00,0.00,0.00,0.00,-0.00,7.00
22930.00,0.00,0.00,0.23,0.00,0.00,23.36,0.00,0.00,3995.94,-0.00,0.00,0.00,0.00,0.00,-0.00,7.00
22937.00,0.00,0.00,0.12,0.00,0.00,-16.00,0.00,0.00,-5622.09,-0.00,0.00,0.00,0.00,0.00,-0.00,8.00
22955.00,0.00,0.00,0.11,0.00,0.00,-0.91,0.00,0.00,838.20,-0.00,0.00,0.00,0.00,-0.00,-0.00,6.00
22961.00,0.00,0.00,0.13,0.00,0.00,3.70,0.00,0.00,767.91,-0.00,0.00,0.00,0.00,0.00,-0.00,7.00
22968.00,0.00,0.00,0.11,0.00,0.00,-3.05,0.00,0.00,-963.52,-0.00,0.00,0.00,0.00,0.00,-0.00,7.00
22975.00,0.00,0.00,0.15,0.00,0.00,6.59,0.00,0.00,1377.01,-0.00,0.00,0.00,-0.00,0.00,0.00,6.00
22981.00,0.00,0.00,0.03,0.00,0.00,-19.72,0.00,0.00,-4385.87,-0.00,0.00,0.00,-0.00,0.00,0.00,8.00
22989.00,0.00,0.00,0.15,0.00,0.00,13.81,0.00,0.00,4191.56,-0.00,0.00,0.00,-0.00,0.00,0.00,8.00
22997.00,0.00,0.00,0.12,0.00,0.00,-2.80,0.00,0.00,-2075.83,-0.00,0.00,0.00,0.00,0.00,0.00,15.00
23012.00,0.00,0.00,0.15,0.00,0.00,1.64,0.00,0.00,295.42,-0.00,0.00,0.00,0.00,0.00,-0.00,7.00
23019.00,0.00,0.00,0.06,0.00,0.00,-12.13,0.00,0.00,-1966.43,-0.00,0.00,0.00,-0.00,-0.00,-0.00,8.00
23027.00,0.00,0.00,0.08,0.00,0.00,2.22,0.00,0.00,1794.02,-0.00,0.00,0.00,0.00,-0.00,-0.00,7.00
23039.00,0.00,0.00,0.07,0.00,0.00,-0.93,0.00,0.00,-262.97,-0.00,0.00,0.00,0.00,0.00,-0.00,10.00
23049.00,0.00,0.00,0.10,0.00,0.00,2.92,0.00,0.00,385.11,-0.00,0.00,0.00,-0.00,0.00,-0.00,5.00
23054.00,0.00,0.00,0.07,0.00,0.00,-5.72,0.00,0.00,-1727.98,-0.00,0.00,0.00,0.00,0.00,0.00,6.00
23060.00,0.00,0.00,0.17,0.00,0.00,17.06,0.00,0.00,3796.57,-0.00,0.00,0.00,0.00,0.00,0.00,8.00
23068.00,0.00,0.00,0.22,0.00,0.00,5.69,0.00,0.00,-1420.68,-0.00,0.00,0.00,0.00,0.00,0.00,7.00
23075.00,0.00,0.00,0.11,0.00,0.00,-15.84,0.00,0.00,-3076.57,-0.00,0.00,0.00,0.00,0.00,0.00,6.00
23081.00,0.00,0.00,0.07,0.00,0.00,-5.31,0.00,0.00,1754.81,-0.00,0.00,0.00,0.00,0.00,0.00,8.00
23089.00,0.00,0.00,0.08,0.00,0.00,0.56,0.00,0.00,734.25,-0.00,0.00,0.00,0.00,0.00,-0.00,8.00
23097.00,0.00,0.00,0.10,0.00,0.00,3.04,0.00,0.00,309.77,-0.00,0.00,0.00,0.00,0.00,-0.00,15.00
23112.00,0.00,0.00,0.18,0.00,0.00,5.03,0.00,0.00,132.87,-0.00,0.00,0.00,0.00,0.01,-0.00,7.00
23124.00,0.00,0.00,0.21,0.00,0.00,2.88,0.00,0.00,-179.57,-0.00,0.00,0.00,0.00,0.00,0.00,7.00
23131.00,0.00,0.00,0.09,0.00,0.00,-17.45,0.00,0.00,-2903.20,-0.00,0.00,0.00,0.00,0.00,-0.00,7.00
23138.00,0.00,0.00,0.17,0.00,0.00,11.64,0.00,0.00,4155.81,-0.00,0.00,0.00,-0.00,0.00,-0.00,8.00
23146.00,0.00,0.00,0.10,0.00,0.00,-8.98,0.00,0.00,-2578.53,-0.00,0.00,0.00,-0.00,0.00,-0.00,5.00
23151.00,0.00,0.00,0.14,0.00,0.00,6.78,0.00,0.00,3151.98,-0.00,0.00,0.00,-0.00,0.00,-0.00,7.00
23158.00,0.00,0.00,0.10,0.00,0.00,-4.94,0.00,0.00,-1673.16,-0.00,0.00,0.00,0.00,0.01,-0.00,8.00
23166.00,0.00,0.00,0.12,0.00,0.00,2.55,0.00,0.00,936.37,-0.00,0.00,0.00,-0.00,0.00,-0.01,6.00
23172.00,0.00,0.00,0.11,0.00,0.00,-1.50,0.00,0.00,-675.94,-0.00,0.00,0.00,-0.00,-0.00,-0.00,7.00
23179.00,0.00,0.00,0.14,0.00,0.00,3.61,0.00,0.00,729.95,-0.00,0.00,0.00,-0.00,-0.00,0.00,8.00
23187.00,0.00,0.00,0.18,0.00,0.00,5.31,0.00,0.00,212.47,-0.00,0.00,0.00,0.00,0.00,-0.00,5.00
23197.00,0.00,0.00,0.10,0.00,0.00,-7.72,0.00,0.00,-1302.43,-0.00,0.00,0.00,0.00,0.00,0.00,16.00
23213.00,0.00,0.00,0.11,0.00,0.00,0.18,0.00,0.00,493.25,-0.00,0.00,0.00,0.00,-0.00,-0.00,7.00
23220.00,0.00,0.00,0.07,0.00,0.00,-5.47,0.00,0.00,-806.12,-0.00,0.00,0.00,0.00,-0.00,0.00,8.00
23228.00,0.00,0.00,0.12,0.00,0.00,6.48,0.00,0.00,1493.33,-0.00,0.00,0.00,0.00,-0.00,0.00,7.00
23235.00,0.00,0.00,0.08,0.00,0.00,-5.07,0.00,0.00,-1649.68,-0.00,0.00,0.00,-0.00,0.00,-0.00,5.00
23240.00,0.00,0.00,0.10,0.00,0.00,3.05,0.00,0.00,1623.14,-0.00,0.00,0.00,-0.00,0.00,-0.00,8.00
23248.00,0.00,0.00,0.08,0.00,0.00,-1.73,0.00,0.00,-596.81,-0.00,0.00,0.00,-0.00,0.00,0.00,6.00
23254.00,0.00,0.00,0.18,0.00,0.00,15.76,0.00,0.00,2914.19,-0.00,0.00,0.00,-0.00,0.00,0.00,6.00
23260.00,0.00,0.00,0.10,0.00,0.00,-13.29,0.00,0.00,-4841.98,-0.00,0.00,0.00,0.00,0.00,0.00,8.00
23268.00,0.00,0.00,0.20,0.00,0.00,12.42,0.00,0.00,3213.84,-0.00,0.00,0.00,0.00,0.00,-0.00,8.00
23281.00,0.00,0.00,0.14,0.00,0.00,-4.49,0.00,0.00,-1300.65,-0.00,0.00,0.00,0.00,0.00,-0.00,8.00
23289.00,0.00,0.00,0.22,0.00,0.00,9.56,0.00,0.00,1756.30,-0.00,0.00,0.00,0.00,0.00,-0.00,6.00
23295.00,0.00,0.00,0.12,0.00,0.00,-15.60,0.00,0.00,-4193.32,-0.00,0.00,0.00,0.00,0.00,-0.00,16.00
23311.00,0.00,0.00,0.15,0.00,0.00,1.78,0.00,0.00,1086.17,-0.00,0.00,0.00,0.00,-0.00,0.00,8.00
23319.00,0.00,0.00,0.09,0.00,0.00,-7.20,0.00,0.00,-1122.25,-0.00,0.00,0.00,0.00,0.00,0.00,8.00
23327.00,0.00,0.00,0.06,0.00,0.00,-3.82,0.00,0.00,421.92,-0.00,0.00,0.00,0.00,-0.00,0.00,5.00
23332.00,0.00,0.00,0.16,0.00,0.00,18.79,0.00,0.00,4523.32,-0.00,0.00,0.00,0.00,-0.00,0.00,7.00
23339.00,0.00,0.00,0.15,0.00,0.00,-0.70,0.00,0.00,-2784.06,-0.00,0.00,0.00,0.00,0.00,-0.00,9.00
23348.00,0.00,0.00,0.18,0.00,0.00,2.83,0.00,0.00,392.15,-0.00,0.00,0.00,0.00,-0.00,0.00,5.00
23353.00,0.00,0.00,0.14,0.00,0.00,-7.40,0.00,0.00,-2045.67,-0.00,0.00,0.00,0.00,-0.00,-0.00,7.00
23365.00,0.00,0.00,0.05,0.00,0.00,-7.30,0.00,0.00,7.70,-0.00,0.00,0.00,0.00,0.00,-0.00,6.00
23371.00,0.00,0.00,0.14,0.00,0.00,14.16,0.00,0.00,3577.68,-0.00,0.00,0.00,0.00,-0.00,-0.00,8.00
23379.00,0.00,0.00,0.09,0.00,0.00,-6.20,0.00,0.00,-2545.01,-0.00,0.00,0.00,0.00,-0.00,-0.00,8.00
23387.00,0.00,0.00,0.15,0.00,0.00,7.40,0.00,0.00,1699.89,-0.00,0.00,0.00,0.00,-0.00,0.00,5.00
23392.00,0.00,0.00,0.07,0.00,0.00,-15.83,0.00,0.00,-4646.85,-0.00,0.00,0.00,-0.00,-0.00,0.00,17.00
23409.00,0.00,0.00,0.17,0.00,0.00,6.15,0.00,0.00,1293.20,-0.00,0.00,0.00,0.00,0.00,0.00,9.00
23418.00,0.00,0.00,0.08,0.00,0.00,-10.32,0.00,0.00,-1830.70,-0.00,0.00,0.00,0.00,0.00,0.00,6.00
23424.00,0.00,0.00,0.10,0.00,0.00,3.77,0.00,0.00,2348.61,-0.00,0.00,0.00,0.00,0.00,0.00,6.00
23430.00,0.00,0.00,0.13,0.00,0.00,4.84,0.00,0.00,178.09,-0.00,0.00,0.00,0.00,0.00,0.00,8.00
23438.00,0.00,0.00,0.10,0.00,0.00,-4.18,0.00,0.00,-1127.03,-0.00,0.00,0.00,-0.00,0.00,-0.00,8.00
23451.00,0.00,0.00,0.16,0.00,0.00,4.51,0.00,0.00,668.62,-0.00,0.00,0.00,0.00,-0.00,0.00,7.00
23458.00,0.00,0.00,0.07,0.00,0.00,-12.28,0.00,0.00,-2399.12,-0.00,0.00,0.00,0.00,0.00,0.00,6.00
23464.00,0.00,0.00,0.14,0.00,0.00,11.13,0.00,0.00,3902.32,-0.00,0.00,0.00,0.00,0.00,0.00,6.00
23470.00,0.00,0.00,0.14,0.00,0.00,0.90,0.00,0.00,-1705.17,-0.00,0.00,0.00,-0.00,0.00,0.00,8.00
23478.00,0.00,0.00,0.11,0.00,0.00,-3.86,0.00,0.00,-595.36,-0.00,0.00,0.00,0.00,-0.00,0.00,8.00
23486.00,0.00,0.00,0.09,0.00,0.00,-2.83,0.00,0.00,129.11,-0.00,0.00,0.00,0.00,0.00,-0.00,5.00
23491.00,0.00,0.00,0.11,0.00,0.00,3.87,0.00,0.00,1339.44,-0.00,0.00,0.00,0.00,0.00,-0.00,16.00
23507.00,0.00,0.00,0.05,0.00,0.00,-3.76,0.00,0.00,-476.91,-0.00,0.00,0.00,0.00,0.00,-0.00,6.00
23513.00,0.00,0.00,0.16,0.00,0.00,18.94,0.00,0.00,3783.23,-0.00,0.00,0.00,0.00,-0.00,-0.00,7.00
23520.00,0.00,0.00,0.08,0.00,0.00,-11.47,0.00,0.00,-4343.92,-0.00,0.00,0.00,0.00,-0.01,0.00,8.00
23533.00,0.00,0.00,0.17,0.00,0.00,6.49,0.00,0.00,1381.66,-0.00,0.00,0.00,-0.00,-0.00,0.00,8.00
23541.00,0.00,0.00,0.02,0.00,0.00,-17.84,0.00,0.00,-3041.95,-0.00,0.00,0.00,-0.00,-0.00,0.00,8.00
23549.00,0.00,0.00,0.10,0.00,0.00,9.95,0.00,0.00,3473.72,-0.00,0.00,0.00,0.00,-0.00,-0.00,6.00
23555.00,0.00,0.00,0.07,0.00,0.00,-5.54,0.00,0.00,-2581.34,-0.00,0.00,0.00,0.00,-0.00,-0.00,5.00
23560.00,0.00,0.00,0.10,0.00,0.00,4.99,0.00,0.00,2106.69,-0.00,0.00,0.00,0.00,-0.00,0.00,9.00
23569.00,0.00,0.00,0.16,0.00,0.00,7.37,0.00,0.00,264.52,-0.00,0.00,0.00,0.00,0.00,-0.00,7.00
23576.00,0.00,0.00,0.18,0.00,0.00,1.92,0.00,0.00,-778.86,-0.00,0.00,0.00,0.00,0.00,0.00,6.00
23582.00,0.00,0.00,0.14,0.00,0.00,-6.53,0.00,0.00,-1409.04,-0.00,0.00,0.00,0.00,0.00,0.00,7.00
23589.00,0.00,0.00,0.07,0.00,0.00,-9.06,0.00,0.00,-361.22,-0.00,0.00,0.00,0.00,-0.00,0.00,18.00
23607.00,0.00,0.00,0.23,0.00,0.00,8.95,0.00,0.00,1000.67,-0.00,0.00,0.00,-0.00,0.00,0.00,6.00
23617.00,0.00,0.00,0.06,0.00,0.00,-17.17,0.00,0.00,-2611.45,-0.00,0.00,0.00,0.00,0.00,0.00,7.00
23624.00,0.00,0.00,0.17,0.00,0.00,15.69,0.00,0.00,4693.06,-0.00,0.00,0.00,0.00,-0.00,0.00,6.00
23630.00,0.00,0.00,0.10,0.00,0.00,-12.80,0.00,0.00,-4747.22,-0.00,0.00,0.00,0.00,-0.00,0.00,9.00
23639.00,0.00,0.00,0.04,0.00,0.00,-6.07,0.00,0.00,747.75,-0.00,0.00,0.00,-0.00,0.00,-0.00,7.00
23646.00,0.00,0.00,0.11,0.00,0.00,9.73,0.00,0.00,2257.52,-0.00,0.00,0.00,0.00,-0.00,-0.00,6.00
23652.00,0.00,0.00,0.14,0.00,0.00,4.86,0.00,0.00,-812.34,-0.00,0.00,0.00,0.00,-0.00,-0.00,6.00
23658.00,0.00,0.00,0.22,0.00,0.00,13.05,0.00,0.00,1365.22,-0.00,0.00,0.00,0.00,-0.00,-0.00,6.00
23664.00,0.00,0.00,0.07,0.00,0.00,-23.80,0.00,0.00,-6141.68,-0.00,0.00,0.00,0.00,-0.00,-0.00,6.00
23670.00,0.00,0.00,0.20,0.00,0.00,21.46,0.00,0.00,7542.88,-0.00,0.00,0.00,0.00,-0.00,-0.00,9.00
23679.00,0.00,0.00,0.00,0.00,0.00,-22.11,0.00,0.00,-4841.10,-0.00,0.00,0.00,0.00,0.00,0.00,7.00
23696.00,0.00,0.00,0.06,0.00,0.00,3.59,0.00,0.00,1511.82,-0.00,0.00,0.00,0.00,0.00,0.00,16.00
23712.00,0.00,0.00,0.07,0.00,0.00,0.33,0.00,0.00,-203.77,-0.00,0.00,0.00,0.00,0.00,-0.00,8.00
23720.00,0.00,0.00,0.14,0.00,0.00,9.35,0.00,0.00,1128.07,-0.00,0.00,0.00,0.00,0.00,-0.00,8.00
23728.00,0.00,0.00,0.06,0.00,0.00,-10.15,0.00,0.00,-2437.52,-0.00,0.00,0.00,0.00,-0.00,0.00,5.00
23733.00,0.00,0.00,0.22,0.00,0.00,31.84,0.00,0.00,8396.55,-0.00,0.00,0.00,0.00,-0.00,0.00,7.00
23740.00,0.00,0.00,0.10,0.00,0.00,-18.10,0.00,0.00,-7134.21,-0.00,0.00,0.00,0.00,-0.00,0.00,9.00
23749.00,0.00,0.00,0.12,0.00,0.00,3.18,0.00,0.00,2365.02,-0.00,0.00,0.00,0.00,0.00,0.00,5.00
23754.00,0.00,0.00,0.09,0.00,0.00,-6.42,0.00,0.00,-1920.03,-0.00,0.00,0.00,0.00,-0.00,0.00,7.00
23761.00,0.00,0.00,0.18,0.00,0.00,13.18,0.00,0.00,2799.27,-0.00,0.00,0.00,0.00,-0.00,0.00,8.00
23769.00,0.00,0.00,0.21,0.00,0.00,3.67,0.00,0.00,-1188.59,-0.00,0.00,0.00,-0.00,0.00,0.00,7.00
23781.00,0.00,0.00,0.18,0.00,0.00,-2.91,0.00,0.00,-548.24,-0.00,0.00,0.00,0.00,0.00,-0.00,19.00
23800.00,0.00,0.00,0.15,0.00,0.00,-1.51,0.00,0.00,73.70,-0.00,0.00,0.00,0.00,0.00,-0.00,5.00
23805.00,0.00,0.00,0.11,0.00,0.00,-8.42,0.00,0.00,-1381.11,-0.00,0.00,0.00,-0.00,-0.00,0.00,6.00
23811.00,0.00,0.00,0.19,0.00,0.00,13.83,0.00,0.00,3707.86,-0.00,0.00,0.00,-0.00,-0.00,0.00,9.00
23820.00,0.00,0.00,0.07,0.00,0.00,-13.20,0.00,0.00,-3003.99,-0.00,0.00,0.00,-0.00,-0.01,0.00,7.00
23827.00,0.00,0.00,0.05,0.00,0.00,-3.75,0.00,0.00,1350.70,-0.00,0.00,0.00,0.00,-0.00,0.00,6.00
23833.00,0.00,0.00,0.18,0.00,0.00,22.38,0.00,0.00,4354.65,-0.00,0.00,0.00,0.00,-0.00,0.00,7.00
23840.00,0.00,0.00,0.08,0.00,0.00,-14.17,0.00,0.00,-5221.79,-0.00,0.00,0.00,0.00,-0.00,0.00,8.00
23848.00,0.00,0.00,0.15,0.00,0.00,8.23,0.00,0.00,2800.95,-0.00,0.00,0.00,0.00,0.00,0.00,5.00
23853.00,0.00,0.00,0.19,0.00,0.00,7.97,0.00,0.00,-53.42,-0.00,0.00,0.00,0.00,0.00,0.00,7.00
23864.00,0.00,0.00,0.10,0.00,0.00,-7.94,0.00,0.00,-1446.46,-0.00,0.00,0.00,0.00,-0.00,0.00,8.00
23872.00,0.00,0.00,0.11,0.00,0.00,0.96,0.00,0.00,1112.92,-0.00,0.00,0.00,-0.00,0.00,0.00,7.00
23879.00,0.00,0.00,0.14,0.00,0.00,4.18,0.00,0.00,460.19,-0.00,0.00,0.00,-0.00,0.00,0.00,8.00
23887.00,0.00,0.00,0.18,0.00,0.00,4.99,0.00,0.00,101.71,-0.00,0.00,0.00,-0.00,0.00,-0.00,5.00
23892.00,0.00,0.00,0.15,0.00,0.00,-5.41,0.00,0.00,-2081.38,-0.00,0.00,0.00,-0.00,0.00,0.00,18.00
23910.00,0.00,0.00,0.08,0.00,0.00,-3.78,0.00,0.00,90.47,-0.00,0.00,0.00,-0.00,0.00,-0.00,8.00
23918.00,0.00,0.00,0.03,0.00,0.00,-6.45,0.00,0.00,-333.64,-0.00,0.00,0.00,-0.00,0.00,-0.00,6.00
23924.00,0.00,0.00,0.14,0.00,0.00,17.93,0.00,0.00,4064.58,-0.00,0.00,0.00,-0.00,-0.00,0.00,7.00
23931.00,0.00,0.00,0.08,0.00,0.00,-7.51,0.00,0.00,-3635.54,-0.00,0.00,0.00,-0.00,-0.00,0.00,8.00
23939.00,0.00,0.00,0.23,0.00,0.00,18.73,0.00,0.00,3281.06,-0.00,0.00,0.00,-0.00,-0.00,-0.00,8.00
23952.00,0.00,0.00,0.12,0.00,0.00,-9.10,0.00,0.00,-2140.89,-0.00,0.00,0.00,0.00,0.00,0.00,6.00
23958.00,0.00,0.00,0.05,0.00,0.00,-11.06,0.00,0.00,-327.75,-0.00,0.00,0.00,0.00,0.00,0.00,5.00
23963.00,0.00,0.00,0.07,0.00,0.00,3.55,0.00,0.00,2923.44,-0.00,0.00,0.00,0.00,0.00,0.00,8.00
23971.00,0.00,0.00,0.06,0.00,0.00,-0.42,0.00,0.00,-496.41,-0.00,0.00,0.00,0.00,0.00,0.00,8.00
23979.00,0.00,0.00,0.17,0.00,0.00,12.61,0.00,0.00,1628.55,-0.00,0.00,0.00,0.00,-0.00,-0.00,7.00
23986.00,0.00,0.00,0.18,0.00,0.00,2.73,0.00,0.00,-1410.99,-0.00,0.00,0.00,0.00,0.00,-0.00,5.00
23991.00,0.00,0.00,0.07,0.00,0.00,-22.62,0.00,0.00,-5071.39,-0.00,0.00,0.00,0.00,0.00,-0.00,19.00
24010.00,0.00,0.00,0.13,0.00,0.00,3.26,0.00,0.00,1362.11,-0.00,0.00,0.00,0.00,0.00,0.00,8.00
24018.00,0.00,0.00,0.10,0.00,0.00,-3.95,0.00,0.00,-901.32,-0.00,0.00,0.00,-0.00,-0.00,0.00,5.00
24023.00,0.00,0.00,0.09,0.00,0.00,-3.20,0.00,0.00,151.68,-0.00,0.00,0.00,-0.00,-0.00,0.00,8.00
24035.00,0.00,0.00,0.17,0.00,0.00,6.76,0.00,0.00,829.50,-0.00,0.00,0.00,0.00,-0.00,0.00,7.00
24042.00,0.00,0.00,0.28,0.00,0.00,16.18,0.00,0.00,1346.17,-0.00,0.00,0.00,0.00,0.00,0.00,8.00
24050.00,0.00,0.00,0.03,0.00,0.00,-31.20,0.00,0.00,-5922.00,-0.00,0.00,0.00,0.00,0.00,0.00,6.00
24056.00,0.00,0.00,0.08,0.00,0.00,8.70,0.00,0.00,6649.77,-0.00,0.00,0.00,-0.00,-0.00,0.00,5.00
24061.00,0.00,0.00,0.05,0.00,0.00,-5.77,0.00,0.00,-2895.07,-0.00,0.00,0.00,-0.00,-0.00,0.00,9.00
24070.00,0.00,0.00,0.12,0.00,0.00,6.93,0.00,0.00,1411.39,-0.00,0.00,0.00,0.00,0.00,0.00,7.00
24077.00,0.00,0.00,0.16,0.00,0.00,6.34,0.00,0.00,-84.17,-0.00,0.00,0.00,0.00,0.00,0.00,6.00
24083.00,0.00,0.00,0.10,0.00,0.00,-9.61,0.00,0.00,-2658.56,-0.00,0.00,0.00,-0.00,0.00,0.00,7.00
24090.00,0.00,0.00,0.10,0.00,0.00,0.17,0.00,0.00,1397.15,-0.00,0.00,0.00,-0.00,0.00,0.00,18.00
24108.00,0.00,0.00,0.04,0.00,0.00,-3.62,0.00,0.00,-210.54,-0.00,0.00,0.00,-0.00,0.00,0.00,5.00
24118.00,0.00,0.00,0.10,0.00,0.00,6.19,0.00,0.00,981.09,-0.00,0.00,0.00,-0.00,0.00,-0.00,6.00
24124.00,0.00,0.00,0.14,0.00,0.00,6.08,0.00,0.00,-17.90,-0.00,0.00,0.00,-0.00,0.00,-0.00,7.00
24131.00,0.00,0.00,0.17,0.00,0.00,4.77,0.00,0.00,-187.06,-0.00,0.00,0.00,0.00,0.00,-0.00,9.00
24140.00,0.00,0.00,0.06,0.00,0.00,-12.32,0.00,0.00,-1899.47,-0.00,0.00,0.00,0.00,0.00,0.00,7.00
24147.00,0.00,0.00,0.06,0.00,0.00,-0.04,0.00,0.00,1754.64,-0.00,0.00,0.00,-0.00,0.00,0.00,6.00
24153.00,0.00,0.00,0.15,0.00,0.00,14.35,0.00,0.00,2398.63,-0.00,0.00,0.00,-0.00,0.00,0.00,6.00
24159.00,0.00,0.00,0.15,0.00,0.00,0.76,0.00,0.00,-2265.56,-0.00,0.00,0.00,0.00,0.00,0.00,6.00
24165.00,0.00,0.00,0.11,0.00,0.00,-7.37,0.00,0.00,-1355.47,-0.00,0.00,0.00,-0.00,-0.00,-0.00,6.00
24171.00,0.00,0.00,0.12,0.00,0.00,2.82,0.00,0.00,1699.53,-0.00,0.00,0.00,-0.00,-0.00,-0.00,9.00
24180.00,0.00,0.00,0.15,0.00,0.00,3.27,0.00,0.00,49.87,-0.00,0.00,0.00,0.00,-0.00,0.00,7.00
24191.00,0.00,0.00,0.14,0.00,0.00,-1.15,0.00,0.00,-402.32,-0.00,0.00,0.00,0.00,-0.00,-0.00,19.00
24210.00,0.00,0.00,0.17,0.00,0.00,1.70,0.00,0.00,149.99,-0.00,0.00,0.00,0.00,0.00,0.00,8.00
24218.00,0.00,0.00,0.15,0.00,0.00,-2.34,0.00,0.00,-504.25,-0.00,0.00,0.00,0.00,0.00,0.00,6.00
24224.00,0.00,0.00,0.18,0.00,0.00,4.21,0.00,0.00,1091.80,-0.00,0.00,0.00,0.00,0.00,0.00,7.00
24231.00,0.00,0.00,0.17,0.00,0.00,-1.09,0.00,0.00,-758.03,-0.00,0.00,0.00,0.00,0.00,0.00,9.00
24240.00,0.00,0.00,0.11,0.00,0.00,-6.84,0.00,0.00,-638.48,-0.00,0.00,0.00,0.00,0.00,-0.00,5.00
24245.00,0.00,0.00,0.10,0.00,0.00,-1.17,0.00,0.00,1132.97,-0.00,0.00,0.00,-0.00,0.00,-0.00,6.00
24251.00,0.00,0.00,0.08,0.00,0.00,-4.51,0.00,0.00,-556.21,-0.00,0.00,0.00,-0.00,0.00,-0.00,6.00
24257.00,0.00,0.00,0.13,0.00,0.00,9.31,0.00,0.00,2303.60,-0.00,0.00,0.00,0.00,-0.00,0.00,4.00
24261.00,0.00,0.00,0.13,0.00,0.00,0.00,0.00,0.00,-2327.73,-0.00,0.00,0.00,0.00,-0.00,0.00,3.00
24269.00,0.00,0.00,0.09,0.00,0.00,-5.23,0.00,0.00,-654.01,-0.00,0.00,0.00,0.00,-0.00,0.00,5.00
24274.00,0.00,0.00,0.38,0.00,0.00,57.17,0.00,0.00,12480.40,-0.00,0.00,0.00,-0.00,-0.00,-0.00,6.00
24280.00,0.00,0.00,0.02,0.00,0.00,-59.07,0.00,0.00,-19373.70,-0.00,0.00,0.00,-0.00,-0.00,-0.00,8.00
24288.00,0.00,0.00,0.14,0.00,0.00,14.60,0.00,0.00,9209.30,-0.00,0.00,0.00,-0.00,0.00,0.00,5.00
24293.00,0.00,0.00,0.11,0.00,0.00,-5.64,0.00,0.00,-4048.54,-0.00,0.00,0.00,-0.00,0.00,-0.00,18.00
24311.00,0.00,0.00,0.15,0.00,0.00,2.21,0.00,0.00,436.24,-0.00,0.00,0.00,-0.00,0.00,-0.00,8.00
24319.00,0.00,0.00,0.15,0.00,0.00,0.53,0.00,0.00,-209.88,-0.00,0.00,0.00,-0.00,0.00,0.00,6.00
24325.00,0.00,0.00,0.13,0.00,0.00,-4.39,0.00,0.00,-820.36,-0.00,0.00,0.00,0.00,0.00,0.00,7.00
24332.00,0.00,0.00,0.09,0.00,0.00,-5.58,0.00,0.00,-169.62,-0.00,0.00,0.00,0.00,0.00,0.00,8.00
24340.00,0.00,0.00,0.12,0.00,0.00,3.90,0.00,0.00,1184.20,-0.00,0.00,0.00,0.00,0.00,0.00,7.00
24357.00,0.00,0.00,0.03,0.00,0.00,-5.18,0.00,0.00,-534.22,-0.00,0.00,0.00,-0.00,-0.00,0.00,6.00
24363.00,0.00,0.00,0.04,0.00,0.00,1.46,0.00,0.00,1107.84,-0.00,0.00,0.00,-0.00,-0.00,0.00,8.00
24371.00,0.00,0.00,0.17,0.00,0.00,15.61,0.00,0.00,1768.03,-0.00,0.00,0.00,0.00,-0.00,0.00,8.00
24379.00,0.00,0.00,0.12,0.00,0.00,-5.57,0.00,0.00,-2647.37,-0.00,0.00,0.00,-0.00,-0.00,0.00,5.00
24384.00,0.00,0.00,0.11,0.00,0.00,-2.46,0.00,0.00,622.12,-0.00,0.00,0.00,-0.00,-0.00,0.00,17.00
24401.00,0.00,0.00,0.23,0.00,0.00,7.25,0.00,0.00,571.57,-0.00,0.00,0.00,0.00,-0.00,-0.00,6.00
24407.00,0.00,0.00,0.11,0.00,0.00,-20.64,0.00,0.00,-4648.69,-0.00,0.00,0.00,0.00,-0.00,0.00,5.00
24412.00,0.00,0.00,0.19,0.00,0.00,16.80,0.00,0.00,7487.83,-0.00,0.00,0.00,0.00,-0.01,0.00,9.00
24421.00,0.00,0.00,0.19,0.00,0.00,-0.43,0.00,0.00,-1915.03,-0.00,0.00,0.00,0.00,0.00,-0.00,7.00
24428.00,0.00,0.00,0.01,0.00,0.00,-25.61,0.00,0.00,-3596.54,-0.00,0.00,0.00,0.00,-0.00,0.00,6.00
24438.00,0.00,0.00,0.16,0.00,0.00,14.86,0.00,0.00,4046.79,-0.00,0.00,0.00,-0.00,0.00,-0.00,7.00
24445.00,0.00,0.00,0.12,0.00,0.00,-4.80,0.00,0.00,-2808.65,-0.00,0.00,0.00,-0.00,-0.00,-0.00,7.00
24452.00,0.00,0.00,0.11,0.00,0.00,-2.07,0.00,0.00,390.93,-0.00,0.00,0.00,0.00,-0.00,-0.00,5.00
24457.00,0.00,0.00,0.10,0.00,0.00,-1.96,0.00,0.00,20.74,-0.00,0.00,0.00,0.00,-0.00,0.00,6.00
24463.00,0.00,0.00,0.17,0.00,0.00,11.70,0.00,0.00,2277.07,-0.00,0.00,0.00,0.00,-0.00,0.00,8.00
24471.00,0.00,0.00,0.08,0.00,0.00,-10.87,0.00,0.00,-2821.05,-0.00,0.00,0.00,-0.00,-0.00,0.00,8.00
24479.00,0.00,0.00,0.02,0.00,0.00,-7.71,0.00,0.00,394.55,-0.00,0.00,0.00,-0.00,0.00,-0.00,5.00
24484.00,0.00,0.00,0.15,0.00,0.00,26.03,0.00,0.00,6748.77,-0.00,0.00,0.00,-0.00,0.00,-0.00,7.00
24491.00,0.00,0.00,0.19,0.00,0.00,5.41,0.00,0.00,-2946.56,-0.00,0.00,0.00,-0.00,0.00,0.00,18.00
24510.00,0.00,0.00,0.13,0.00,0.00,-3.19,0.00,0.00,-452.26,-0.00,0.00,0.00,0.00,0.00,-0.00,6.00
24521.00,0.00,0.00,0.07,0.00,0.00,-5.52,0.00,0.00,-211.89,-0.00,0.00,0.00,-0.00,-0.00,0.00,8.00
24529.00,0.00,0.00,0.14,0.00,0.00,9.50,0.00,0.00,1877.14,-0.00,0.00,0.00,0.00,0.00,-0.00,5.00
24534.00,0.00,0.00,0.08,0.00,0.00,-13.40,0.00,0.00,-4580.64,-0.00,0.00,0.00,0.00,0.00,-0.00,8.00
24542.00,0.00,0.00,0.10,0.00,0.00,2.71,0.00,0.00,2014.06,-0.00,0.00,0.00,0.00,0.00,0.00,8.00
24550.00,0.00,0.00,0.11,0.00,0.00,1.37,0.00,0.00,-167.32,-0.00,0.00,0.00,-0.00,0.00,0.00,6.00
24556.00,0.00,0.00,0.07,0.00,0.00,-7.01,0.00,0.00,-1397.13,-0.00,0.00,0.00,-0.00,0.00,-0.00,6.00
24562.00,0.00,0.00,0.20,0.00,0.00,21.85,0.00,0.00,4809.64,-0.00,0.00,0.00,0.00,0.00,-0.00,9.00
24571.00,0.00,0.00,0.11,0.00,0.00,-10.26,0.00,0.00,-3567.18,-0.00,0.00,0.00,0.00,-0.00,0.00,7.00
24578.00,0.00,0.00,0.22,0.00,0.00,16.81,0.00,0.00,3866.67,-0.00,0.00,0.00,0.00,-0.00,0.00,5.00
24583.00,0.00,0.00,0.16,0.00,0.00,-13.33,0.00,0.00,-6028.43,-0.00,0.00,0.00,-0.00,-0.00,0.00,8.00
24596.00,0.00,0.00,0.07,0.00,0.00,-6.65,0.00,0.00,514.02,-0.00,0.00,0.00,0.00,0.00,-0.00,17.00
24613.00,0.00,0.00,0.14,0.00,0.00,3.82,0.00,0.00,616.00,-0.00,0.00,0.00,-0.00,0.00,0.00,8.00
24621.00,0.00,0.00,0.11,0.00,0.00,-3.56,0.00,0.00,-922.12,-0.00,0.00,0.00,0.00,-0.00,0.00,8.00
24629.00,0.00,0.00,0.12,0.00,0.00,1.63,0.00,0.00,648.50,-0.00,0.00,0.00,0.00,0.00,0.00,6.00
24635.00,0.00,0.00,0.14,0.00,0.00,3.41,0.00,0.00,296.54,-0.00,0.00,0.00,0.00,0.00,0.00,7.00
24642.00,0.00,0.00,0.08,0.00,0.00,-9.03,0.00,0.00,-1777.25,-0.00,0.00,0.00,0.00,-0.00,0.00,8.00
24650.00,0.00,0.00,0.14,0.00,0.00,7.27,0.00,0.00,2037.09,-0.00,0.00,0.00,0.00,0.00,-0.00,6.00
24656.00,0.00,0.00,0.07,0.00,0.00,-11.62,0.00,0.00,-3148.16,-0.00,0.00,0.00,0.00,0.00,-0.00,6.00
24662.00,0.00,0.00,0.07,0.00,0.00,0.45,0.00,0.00,2012.57,-0.00,0.00,0.00,0.00,0.00,-0.00,9.00
24671.00,0.00,0.00,0.08,0.00,0.00,0.98,0.00,0.00,59.10,-0.00,0.00,0.00,-0.00,-0.00,0.00,7.00
24683.00,0.00,0.00,0.09,0.00,0.00,1.06,0.00,0.00,6.28,-0.00,0.00,0.00,0.00,0.00,0.00,18.00
24701.00,0.00,0.00,0.15,0.00,0.00,3.08,0.00,0.00,112.26,-0.00,0.00,0.00,-0.00,0.00,0.00,6.00
24707.00,0.00,0.00,0.09,0.00,0.00,-9.03,0.00,0.00,-2018.58,-0.00,0.00,0.00,0.00,0.00,0.00,6.00
24713.00,0.00,0.00,0.06,0.00,0.00,-5.10,0.00,0.00,655.32,-0.00,0.00,0.00,0.00,0.00,0.00,8.00
24721.00,0.00,0.00,0.16,0.00,0.00,12.70,0.00,0.00,2224.85,-0.00,0.00,0.00,0.00,0.00,0.00,8.00
24729.00,0.00,0.00,0.10,0.00,0.00,-8.29,0.00,0.00,-2623.90,-0.00,0.00,0.00,0.00,-0.00,0.00,6.00
24735.00,0.00,0.00,0.08,0.00,0.00,-3.47,0.00,0.00,803.81,-0.00,0.00,0.00,0.00,-0.00,0.00,7.00
24742.00,0.00,0.00,0.07,0.00,0.00,-0.67,0.00,0.00,399.19,-0.00,0.00,0.00,0.00,0.00,0.00,8.00
24750.00,0.00,0.00,0.06,0.00,0.00,-1.39,0.00,0.00,-89.66,-0.00,0.00,0.00,0.00,-0.00,0.00,5.00
24755.00,0.00,0.00,0.08,0.00,0.00,3.35,0.00,0.00,948.06,-0.00,0.00,0.00,-0.00,-0.00,0.00,8.00
24767.00,0.00,0.00,0.21,0.00,0.00,10.84,0.00,0.00,624.20,-0.00,0.00,0.00,-0.00,0.00,-0.00,7.00
24774.00,0.00,0.00,0.14,0.00,0.00,-9.53,0.00,0.00,-2909.74,-0.00,0.00,0.00,0.00,0.00,-0.00,7.00
24781.00,0.00,0.00,0.07,0.00,0.00,-10.39,0.00,0.00,-123.02,-0.00,0.00,0.00,0.00,0.00,-0.00,18.00
24799.00,0.00,0.00,0.05,0.00,0.00,-0.93,0.00,0.00,525.52,-0.00,0.00,0.00,0.00,0.00,-0.00,5.00
24804.00,0.00,0.00,0.21,0.00,0.00,32.04,0.00,0.00,6593.65,-0.00,0.00,0.00,0.00,0.00,-0.00,7.00
24811.00,0.00,0.00,0.15,0.00,0.00,-9.25,0.00,0.00,-5898.41,-0.00,0.00,0.00,-0.00,-0.00,0.00,8.00
24819.00,0.00,0.00,0.17,0.00,0.00,2.44,0.00,0.00,1461.77,-0.00,0.00,0.00,0.00,0.00,-0.00,5.00
24824.00,0.00,0.00,0.08,0.00,0.00,-16.41,0.00,0.00,-3770.06,-0.00,0.00,0.00,0.00,-0.00,-0.00,8.00
24832.00,0.00,0.00,0.15,0.00,0.00,8.56,0.00,0.00,3121.35,-0.00,0.00,0.00,0.00,-0.00,-0.00,8.00
24840.00,0.00,0.00,0.10,0.00,0.00,-6.61,0.00,0.00,-1897.22,-0.00,0.00,0.00,0.00,-0.00,0.00,4.00
24849.00,0.00,0.00,0.19,0.00,0.00,9.77,0.00,0.00,1821.07,-0.00,0.00,0.00,-0.00,-0.00,-0.00,5.00
24854.00,0.00,0.00,0.11,0.00,0.00,-14.39,0.00,0.00,-4832.64,-0.00,0.00,0.00,-0.00,-0.00,-0.00,6.00
24860.00,0.00,0.00,0.08,0.00,0.00,-6.34,0.00,0.00,1342.07,-0.00,0.00,0.00,-0.00,0.00,0.00,5.00
24865.00,0.00,0.00,0.09,0.00,0.00,3.22,0.00,0.00,1910.56,-0.00,0.00,0.00,-0.00,0.00,-0.00,8.00
24873.00,0.00,0.00,0.14,0.00,0.00,5.49,0.00,0.00,284.69,-0.00,0.00,0.00,0.00,0.00,-0.00,8.00
24881.00,0.00,0.00,0.03,0.00,0.00,-13.25,0.00,0.00,-2343.21,-0.00,0.00,0.00,-0.00,0.01,-0.00,7.00
24888.00,0.00,0.00,0.09,0.00,0.00,8.62,0.00,0.00,3124.71,-0.00,0.00,0.00,-0.00,0.00,0.00,5.00
24893.00,0.00,0.00,0.10,0.00,0.00,2.25,0.00,0.00,-1275.26,-0.00,0.00,0.00,-0.00,0.00,0.00,19.00
24912.00,0.00,0.00,0.12,0.00,0.00,1.11,0.00,0.00,-59.78,-0.00,0.00,0.00,0.00,-0.00,-0.00,6.00
24918.00,0.00,0.00,0.12,0.00,0.00,0.00,0.00,0.00,-184.91,-0.00,0.00,0.00,0.00,0.00,-0.00,4.00
24927.00,0.00,0.00,0.08,0.00,0.00,-4.72,0.00,0.00,-524.28,-0.00,0.00,0.00,0.00,0.00,-0.00,7.00
24934.00,0.00,0.00,0.19,0.00,0.00,15.70,0.00,0.00,2916.92,-0.00,0.00,0.00,0.00,0.00,-0.00,8.00
24942.00,0.00,0.00,0.11,0.00,0.00,-9.89,0.00,0.00,-3199.03,-0.00,0.00,0.00,-0.00,-0.00,0.00,7.00
24949.00,0.00,0.00,0.12,0.00,0.00,0.98,0.00,0.00,1553.49,-0.00,0.00,0.00,0.00,-0.00,0.00,6.00
24955.00,0.00,0.00,0.19,0.00,0.00,11.42,0.00,0.00,1738.82,-0.00,0.00,0.00,0.00,-0.00,0.00,7.00
24962.00,0.00,0.00,0.11,0.00,0.00,-10.77,0.00,0.00,-3169.02,-0.00,0.00,0.00,-0.00,0.00,0.00,7.00
24969.00,0.00,0.00,0.11,0.00,0.00,-0.06,0.00,0.00,1529.20,-0.00,0.00,0.00,0.00,-0.00,0.00,6.00
24975.00,0.00,0.00,0.12,0.00,0.00,1.69,0.00,0.00,292.75,-0.00,0.00,0.00,0.00,-0.00,0.00,7.00
24982.00,0.00,0.00,0.08,0.00,0.00,-5.78,0.00,0.00,-1067.46,-0.00,0.00,0.00,0.00,0.00,0.00,17.00
24999.00,0.00,0.00,0.10,0.00,0.00,0.92,0.00,0.00,394.22,-0.00,0.00,0.00,-0.00,-0.00,-0.00,6.00
25010.00,0.00,0.00,0.11,0.00,0.00,1.63,0.00,0.00,64.16,-0.00,0.00,0.00,0.00,-0.00,-0.00,7.00
25017.00,0.00,0.00,0.06,0.00,0.00,-7.76,0.00,0.00,-1341.35,-0.00,0.00,0.00,0.00,-0.00,0.00,6.00
25023.00,0.00,0.00,0.11,0.00,0.00,8.17,0.00,0.00,2654.92,-0.00,0.00,0.00,0.00,0.00,0.00,4.00
25027.00,0.00,0.00,0.10,0.00,0.00,-1.31,0.00,0.00,-2368.81,-0.00,0.00,0.00,0.00,-0.00,-0.00,6.00
25033.00,0.00,0.00,0.06,0.00,0.00,-7.71,0.00,0.00,-1067.25,-0.00,0.00,0.00,0.00,0.00,-0.00,9.00
25042.00,0.00,0.00,0.12,0.00,0.00,6.91,0.00,0.00,1624.87,-0.00,0.00,0.00,0.00,0.00,0.00,7.00
25049.00,0.00,0.00,0.11,0.00,0.00,-1.34,0.00,0.00,-1179.13,-0.00,0.00,0.00,-0.00,-0.00,0.00,6.00
25055.00,0.00,0.00,0.07,0.00,0.00,-7.45,0.00,0.00,-1018.32,-0.00,0.00,0.00,-0.00,-0.00,0.00,6.00
25061.00,0.00,0.00,0.08,0.00,0.00,1.86,0.00,0.00,1551.62,-0.00,0.00,0.00,0.00,0.00,0.00,7.00
25068.00,0.00,0.00,0.05,0.00,0.00,-3.26,0.00,0.00,-730.71,-0.00,0.00,0.00,0.00,-0.00,0.00,5.00
25083.00,0.00,0.00,0.09,0.00,0.00,2.68,0.00,0.00,395.87,-0.00,0.00,0.00,0.00,-0.00,-0.00,19.00
25102.00,0.00,0.00,0.03,0.00,0.00,-3.58,0.00,0.00,-329.77,-0.00,0.00,0.00,0.00,0.00,0.00,6.00
25108.00,0.00,0.00,0.14,0.00,0.00,18.89,0.00,0.00,3745.53,-0.00,0.00,0.00,0.00,-0.00,-0.00,5.00
25113.00,0.00,0.00,0.15,0.00,0.00,1.86,0.00,0.00,-3406.02,-0.00,0.00,0.00,0.00,-0.00,-0.00,9.00
25122.00,0.00,0.00,0.06,0.00,0.00,-10.00,0.00,0.00,-1317.75,-0.00,0.00,0.00,0.00,-0.00,0.00,8.00
25130.00,0.00,0.00,0.14,0.00,0.00,9.55,0.00,0.00,2444.34,-0.00,0.00,0.00,0.00,0.00,-0.00,5.00
25135.00,0.00,0.00,0.10,0.00,0.00,-6.15,0.00,0.00,-3139.96,-0.00,0.00,0.00,0.00,0.00,-0.00,7.00
25142.00,0.00,0.00,0.20,0.00,0.00,13.53,0.00,0.00,2810.99,-0.00,0.00,0.00,0.00,0.00,0.00,9.00
25151.00,0.00,0.00,0.16,0.00,0.00,-4.53,0.00,0.00,-2007.17,-0.00,0.00,0.00,0.00,0.00,-0.00,5.00
25156.00,0.00,0.00,0.06,0.00,0.00,-18.77,0.00,0.00,-2847.57,-0.00,0.00,0.00,-0.00,-0.00,-0.00,7.00
25168.00,0.00,0.00,0.13,0.00,0.00,5.69,0.00,0.00,2038.17,-0.00,0.00,0.00,-0.00,-0.00,0.00,7.00
25175.00,0.00,0.00,0.05,0.00,0.00,-11.32,0.00,0.00,-2429.93,-0.00,0.00,0.00,0.00,0.00,0.00,7.00
25182.00,0.00,0.00,0.19,0.00,0.00,19.44,0.00,0.00,4394.76,-0.00,0.00,0.00,0.00,0.00,0.00,18.00
25200.00,0.00,0.00,0.15,0.00,0.00,-2.22,0.00,0.00,-1203.40,-0.00,0.00,0.00,-0.00,0.00,0.00,5.00
25205.00,0.00,0.00,0.08,0.00,0.00,-13.62,0.00,0.00,-2280.76,-0.00,0.00,0.00,-0.00,0.00,0.00,7.00
25212.00,0.00,0.00,0.08,0.00,0.00,0.22,0.00,0.00,1977.81,-0.00,0.00,0.00,0.00,0.00,0.00,8.00
25220.00,0.00,0.00,0.09,0.00,0.00,0.30,0.00,0.00,9.68,-0.00,0.00,0.00,0.00,-0.00,0.00,5.00
25225.00,0.00,0.00,0.18,0.00,0.00,18.98,0.00,0.00,3736.57,-0.00,0.00,0.00,0.00,-0.00,0.00,8.00
25233.00,0.00,0.00,0.16,0.00,0.00,-1.97,0.00,0.00,-2619.24,-0.00,0.00,0.00,0.00,0.00,0.00,8.00
25241.00,0.00,0.00,0.12,0.00,0.00,-5.93,0.00,0.00,-494.34,-0.00,0.00,0.00,0.00,0.00,0.00,7.00
25253.00,0.00,0.00,0.20,0.00,0.00,6.82,0.00,0.00,1062.05,-0.00,0.00,0.00,-0.00,0.00,-0.00,7.00
25260.00,0.00,0.00,0.08,0.00,0.00,-16.64,0.00,0.00,-3350.56,-0.00,0.00,0.00,0.00,0.00,-0.00,5.00
25265.00,0.00,0.00,0.06,0.00,0.00,-3.74,0.00,0.00,2579.59,-0.00,0.00,0.00,-0.00,0.00,-0.00,8.00
25273.00,0.00,0.00,0.11,0.00,0.00,6.33,0.00,0.00,1258.60,-0.00,0.00,0.00,-0.00,0.00,0.00,8.00
25281.00,0.00,0.00,0.07,0.00,0.00,-6.07,0.00,0.00,-1550.63,-0.00,0.00,0.00,0.00,0.00,0.00,5.00
25286.00,0.00,0.00,0.14,0.00,0.00,14.01,0.00,0.00,4016.47,-0.00,0.00,0.00,0.00,0.00,0.00,7.00
25293.00,0.00,0.00,0.11,0.00,0.00,-4.35,0.00,0.00,-2622.69,-0.00,0.00,0.00,0.00,0.00,-0.00,18.00
25311.00,0.00,0.00,0.06,0.00,0.00,-2.78,0.00,0.00,87.55,-0.00,0.00,0.00,-0.00,-0.00,-0.00,7.00
25318.00,0.00,0.00,0.17,0.00,0.00,16.50,0.00,0.00,2753.03,-0.00,0.00,0.00,-0.00,-0.00,-0.00,5.00
25323.00,0.00,0.00,0.07,0.00,0.00,-20.88,0.00,0.00,-7475.13,-0.00,0.00,0.00,-0.00,-0.00,0.00,9.00
25337.00,0.00,0.00,0.11,0.00,0.00,2.94,0.00,0.00,1701.55,-0.00,0.00,0.00,0.00,-0.00,-0.00,8.00
25345.00,0.00,0.00,0.21,0.00,0.00,12.69,0.00,0.00,1218.97,-0.00,0.00,0.00,0.00,0.00,-0.00,7.00
25352.00,0.00,0.00,0.08,0.00,0.00,-18.37,0.00,0.00,-4437.96,-0.00,0.00,0.00,0.00,0.00,0.00,6.00
25358.00,0.00,0.00,0.12,0.00,0.00,6.72,0.00,0.00,4181.85,-0.00,0.00,0.00,-0.00,0.00,0.00,6.00
25364.00,0.00,0.00,0.14,0.00,0.00,3.12,0.00,0.00,-599.66,-0.00,0.00,0.00,-0.00,0.00,0.00,9.00
25373.00,0.00,0.00,0.10,0.00,0.00,-4.37,0.00,0.00,-832.63,-0.00,0.00,0.00,0.00,0.00,0.00,7.00
25380.00,0.00,0.00,0.15,0.00,0.00,6.52,0.00,0.00,1555.53,-0.00,0.00,0.00,0.00,-0.00,0.00,6.00
25386.00,0.00,0.00,0.16,0.00,0.00,2.41,0.00,0.00,-683.88,-0.00,0.00,0.00,0.00,-0.00,0.00,7.00
25393.00,0.00,0.00,0.13,0.00,0.00,-4.23,0.00,0.00,-949.14,-0.00,0.00,0.00,0.00,-0.00,-0.00,17.00
25410.00,0.00,0.00,0.09,0.00,0.00,-2.25,0.00,0.00,116.59,-0.00,0.00,0.00,-0.00,0.00,0.00,6.00
25421.00,0.00,0.00,0.08,0.00,0.00,-1.17,0.00,0.00,97.88,-0.00,0.00,0.00,0.00,0.00,0.00,6.00
25427.00,0.00,0.00,0.13,0.00,0.00,8.48,0.00,0.00,1608.52,-0.00,0.00,0.00,-0.00,0.00,-0.00,7.00
25434.00,0.00,0.00,0.08,0.00,0.00,-7.88,0.00,0.00,-2337.57,-0.00,0.00,0.00,-0.00,0.00,-0.00,9.00
25443.00,0.00,0.00,0.18,0.00,0.00,11.26,0.00,0.00,2127.11,-0.00,0.00,0.00,0.00,0.00,0.00,7.00
25450.00,0.00,0.00,0.04,0.00,0.00,-19.41,0.00,0.00,-4381.15,-0.00,0.00,0.00,0.00,-0.00,0.00,5.00
25455.00,0.00,0.00,0.08,0.00,0.00,7.46,0.00,0.00,5374.54,-0.00,0.00,0.00,0.00,-0.00,0.00,7.00
25462.00,0.00,0.00,0.06,0.00,0.00,-2.07,0.00,0.00,-1361.66,-0.00,0.00,0.00,0.00,0.00,-0.00,7.00
25469.00,0.00,0.00,0.17,0.00,0.00,14.52,0.00,0.00,2370.30,-0.00,0.00,0.00,-0.00,0.00,0.00,5.00
25474.00,0.00,0.00,0.07,0.00,0.00,-19.64,0.00,0.00,-6833.49,-0.00,0.00,0.00,-0.00,0.00,0.00,9.00
25483.00,0.00,0.00,0.10,0.00,0.00,4.14,0.00,0.00,2642.08,-0.00,0.00,0.00,-0.00,-0.00,-0.00,7.00
25495.00,0.00,0.00,0.09,0.00,0.00,-1.30,0.00,0.00,-452.85,-0.00,0.00,0.00,-0.00,-0.00,0.00,8.00
25503.00,0.00,0.00,0.09,0.00,0.00,0.00,0.00,0.00,162.27,-0.00,0.00,0.00,0.00,-0.00,0.00,3.00
25506.00,0.00,0.00,0.12,0.00,0.00,11.07,0.00,0.00,3689.76,-0.00,0.00,0.00,0.00,0.00,0.00,17.00
25523.00,0.00,0.00,0.17,0.00,0.00,2.63,0.00,0.00,-496.19,-0.00,0.00,0.00,0.00,0.00,0.00,8.00
25531.00,0.00,0.00,0.03,0.00,0.00,-17.25,0.00,0.00,-2484.99,-0.00,0.00,0.00,0.00,-0.00,0.00,5.00
25536.00,0.00,0.00,0.09,0.00,0.00,12.45,0.00,0.00,5938.78,-0.00,0.00,0.00,0.00,0.00,0.00,4.00
25540.00,0.00,0.00,0.17,0.00,0.00,20.32,0.00,0.00,1967.99,-0.00,0.00,0.00,0.00,-0.00,0.00,5.00
25545.00,0.00,0.00,0.07,0.00,0.00,-20.18,0.00,0.00,-8100.90,-0.00,0.00,0.00,-0.00,-0.00,0.00,8.00
25553.00,0.00,0.00,0.05,0.00,0.00,-3.06,0.00,0.00,2140.64,-0.00,0.00,0.00,-0.00,-0.00,0.00,5.00
25558.00,0.00,0.00,0.06,0.00,0.00,2.68,0.00,0.00,1148.36,-0.00,0.00,0.00,-0.00,-0.00,0.00,6.00
25569.00,0.00,0.00,0.12,0.00,0.00,5.82,0.00,0.00,285.09,-0.00,0.00,0.00,0.00,0.00,0.00,7.00
25576.00,0.00,0.00,0.16,0.00,0.00,4.64,0.00,0.00,-168.30,-0.00,0.00,0.00,0.00,0.00,0.00,7.00
25583.00,0.00,0.00,0.28,0.00,0.00,17.94,0.00,0.00,1900.60,-0.00,0.00,0.00,0.00,-0.00,-0.00,3.00
25586.00,0.00,0.00,0.17,0.00,0.00,-38.54,0.00,0.00,-18828.53,-0.00,0.00,0.00,0.00,-0.00,-0.00,7.00
25593.00,0.00,0.00,0.17,0.00,0.00,0.77,0.00,0.00,5615.36,-0.00,0.00,0.00,0.00,0.00,0.00,18.00
25611.00,0.00,0.00,0.16,0.00,0.00,-0.61,0.00,0.00,-76.70,-0.00,0.00,0.00,0.00,-0.01,0.00,6.00
25617.00,0.00,0.00,0.12,0.00,0.00,-6.20,0.00,0.00,-931.21,-0.00,0.00,0.00,0.00,-0.00,0.00,7.00
25624.00,0.00,0.00,0.12,0.00,0.00,0.03,0.00,0.00,890.08,-0.00,0.00,0.00,-0.00,0.00,0.00,8.00
25632.00,0.00,0.00,0.13,0.00,0.00,0.75,0.00,0.00,89.80,-0.00,0.00,0.00,-0.00,-0.00,0.00,7.00
25639.00,0.00,0.00,0.06,0.00,0.00,-9.80,0.00,0.00,-1506.52,-0.00,0.00,0.00,-0.00,0.00,-0.00,6.00
25650.00,0.00,0.00,0.08,0.00,0.00,1.83,0.00,0.00,1057.44,-0.00,0.00,0.00,0.00,0.00,-0.00,6.00
25656.00,0.00,0.00,0.02,0.00,0.00,-9.79,0.00,0.00,-1937.62,-0.00,0.00,0.00,0.00,0.00,-0.00,6.00
25662.00,0.00,0.00,0.14,0.00,0.00,18.78,0.00,0.00,4762.31,-0.00,0.00,0.00,0.00,0.00,0.00,8.00
25670.00,0.00,0.00,0.14,0.00,0.00,0.71,0.00,0.00,-2258.66,-0.00,0.00,0.00,0.00,-0.00,-0.00,5.00
25675.00,0.00,0.00,0.09,0.00,0.00,-9.82,0.00,0.00,-2106.51,-0.00,0.00,0.00,0.00,-0.00,-0.00,8.00
25683.00,0.00,0.00,0.10,0.00,0.00,1.09,0.00,0.00,1364.18,-0.00,0.00,0.00,-0.00,-0.00,-0.00,8.00
25691.00,0.00,0.00,0.08,0.00,0.00,-3.13,0.00,0.00,-528.44,-0.00,0.00,0.00,0.00,0.00,0.00,3.00
25694.00,0.00,0.00,0.01,0.00,0.00,-20.64,0.00,0.00,-5836.72,-0.00,0.00,0.00,0.00,-0.00,0.00,9.00
25703.00,0.00,0.00,0.12,0.00,0.00,11.83,0.00,0.00,3608.48,-0.00,0.00,0.00,-0.00,-0.00,-0.00,15.00
25718.00,0.00,0.00,0.19,0.00,0.00,4.70,0.00,0.00,-475.64,-0.00,0.00,0.00,0.00,-0.00,0.00,7.00
25734.00,0.00,0.00,0.12,0.00,0.00,-4.53,0.00,0.00,-576.89,-0.00,0.00,0.00,0.00,0.00,0.00,10.00
25744.00,0.00,0.00,0.14,0.00,0.00,1.97,0.00,0.00,650.42,-0.00,0.00,0.00,0.00,0.00,0.00,8.00
25752.00,0.00,0.00,-0.02,0.00,0.00,-19.30,0.00,0.00,-2658.39,-0.00,0.00,0.00,0.00,0.00,0.00,6.00
25758.00,0.00,0.00,0.08,0.00,0.00,15.36,0.00,0.00,5775.47,-0.00,0.00,0.00,0.00,0.00,0.00,6.00
25764.00,0.00,0.00,0.15,0.00,0.00,11.80,0.00,0.00,-593.14,-0.00,0.00,0.00,0.00,0.00,0.00,9.00
25773.00,0.00,0.00,0.14,0.00,0.00,-0.86,0.00,0.00,-1406.35,-0.00,0.00,0.00,-0.00,0.00,0.00,7.00
25780.00,0.00,0.00,0.20,0.00,0.00,8.34,0.00,0.00,1314.39,-0.00,0.00,0.00,0.00,0.01,-0.00,6.00
25786.00,0.00,0.00,0.26,0.00,0.00,10.04,0.00,0.00,283.52,-0.00,0.00,0.00,-0.00,0.00,-0.00,7.00
25793.00,0.00,0.00,0.16,0.00,0.00,-14.69,0.00,0.00,-3533.53,-0.00,0.00,0.00,-0.00,0.00,-0.00,18.00
25811.00,0.00,0.00,0.13,0.00,0.00,-1.38,0.00,0.00,739.80,-0.00,0.00,0.00,0.00,0.00,0.00,6.00
25821.00,0.00,0.00,0.15,0.00,0.00,1.73,0.00,0.00,310.12,-0.00,0.00,0.00,0.00,0.00,-0.00,7.00
25828.00,0.00,0.00,0.07,0.00,0.00,-11.56,0.00,0.00,-1898.32,-0.00,0.00,0.00,0.00,0.00,-0.00,6.00
25834.00,0.00,0.00,0.11,0.00,0.00,7.57,0.00,0.00,3188.12,-0.00,0.00,0.00,0.00,0.00,0.00,9.00
25843.00,0.00,0.00,0.06,0.00,0.00,-6.15,0.00,0.00,-1523.82,-0.00,0.00,0.00,-0.00,0.00,0.00,7.00
25850.00,0.00,0.00,0.12,0.00,0.00,8.77,0.00,0.00,2131.45,-0.00,0.00,0.00,0.00,0.00,-0.00,6.00
25856.00,0.00,0.00,0.17,0.00,0.00,7.84,0.00,0.00,-155.54,-0.00,0.00,0.00,0.00,0.00,-0.00,5.00
25861.00,0.00,0.00,0.15,0.00,0.00,-2.59,0.00,0.00,-2085.04,-0.00,0.00,0.00,0.00,0.00,-0.00,4.00
25865.00,0.00,0.00,0.14,0.00,0.00,-3.00,0.00,0.00,-103.91,-0.00,0.00,0.00,0.00,0.00,-0.00,9.00
25874.00,0.00,0.00,0.16,0.00,0.00,1.99,0.00,0.00,554.31,-0.00,0.00,0.00,0.00,0.00,0.00,7.00
25881.00,0.00,0.00,0.23,0.00,0.00,9.68,0.00,0.00,1098.29,-0.00,0.00,0.00,-0.00,0.00,0.00,6.00
25892.00,0.00,0.00,0.05,0.00,0.00,-16.14,0.00,0.00,-2346.67,-0.00,0.00,0.00,-0.00,0.00,-0.00,5.00
25897.00,0.00,0.00,0.13,0.00,0.00,16.13,0.00,0.00,6453.67,-0.00,0.00,0.00,-0.00,0.00,-0.00,17.00
25914.00,0.00,0.00,0.11,0.00,0.00,-1.24,0.00,0.00,-1021.60,-0.00,0.00,0.00,-0.00,-0.00,0.00,9.00
25923.00,0.00,0.00,0.09,0.00,0.00,-2.03,0.00,0.00,-87.90,-0.00,0.00,0.00,-0.00,0.00,0.00,6.00
25929.00,0.00,0.00,0.14,0.00,0.00,8.37,0.00,0.00,1733.30,-0.00,0.00,0.00,-0.00,0.00,0.00,6.00
25935.00,0.00,0.00,0.17,0.00,0.00,5.74,0.00,0.00,-437.79,-0.00,0.00,0.00,-0.00,0.00,0.00,8.00
25943.00,0.00,0.00,0.14,0.00,0.00,-3.91,0.00,0.00,-1207.42,-0.00,0.00,0.00,0.00,0.01,0.00,8.00
25951.00,0.00,0.00,0.14,0.00,0.00,-0.75,0.00,0.00,395.72,-0.00,0.00,0.00,0.00,0.00,0.00,5.00
25956.00,0.00,0.00,0.11,0.00,0.00,-4.92,0.00,0.00,-833.94,-0.00,0.00,0.00,0.00,0.00,0.00,6.00
25962.00,0.00,0.00,0.07,0.00,0.00,-7.65,0.00,0.00,-455.39,-0.00,0.00,0.00,0.00,-0.00,0.00,5.00
25972.00,0.00,0.00,0.15,0.00,0.00,8.15,0.00,0.00,1580.54,-0.00,0.00,0.00,-0.00,-0.00,-0.00,6.00
25978.00,0.00,0.00,0.13,0.00,0.00,-2.30,0.00,0.00,-1741.93,-0.00,0.00,0.00,-0.00,-0.00,-0.00,7.00
25985.00,0.00,0.00,0.15,0.00,0.00,2.91,0.00,0.00,743.54,-0.00,0.00,0.00,0.00,0.00,0.00,18.00
26003.00,0.00,0.00,0.20,0.00,0.00,2.63,0.00,0.00,-15.40,-0.00,0.00,0.00,0.00,0.00,0.00,6.00
26009.00,0.00,0.00,0.12,0.00,0.00,-13.41,0.00,0.00,-2674.04,-0.00,0.00,0.00,0.00,0.00,0.00,6.00
26015.00,0.00,0.00,0.13,0.00,0.00,0.72,0.00,0.00,2355.82,-0.00,0.00,0.00,0.00,0.00,0.00,9.00
26024.00,0.00,0.00,0.17,0.00,0.00,4.50,0.00,0.00,419.55,-0.00,0.00,0.00,0.00,0.00,0.00,7.00
26031.00,0.00,0.00,0.08,0.00,0.00,-12.79,0.00,0.00,-2470.16,-0.00,0.00,0.00,0.00,-0.00,0.00,5.00
26036.00,0.00,0.00,0.18,0.00,0.00,19.97,0.00,0.00,6552.26,-0.00,0.00,0.00,0.00,-0.00,0.00,8.00
26044.00,0.00,0.00,0.12,0.00,0.00,-6.80,0.00,0.00,-3346.00,-0.00,0.00,0.00,0.00,-0.00,0.00,8.00
26057.00,0.00,0.00,0.14,0.00,0.00,1.34,0.00,0.00,625.93,-0.00,0.00,0.00,0.00,-0.00,0.00,7.00
26064.00,0.00,0.00,0.13,0.00,0.00,-0.67,0.00,0.00,-286.54,-0.00,0.00,0.00,-0.00,0.00,0.00,9.00
26073.00,0.00,0.00,0.20,0.00,0.00,7.37,0.00,0.00,893.45,-0.00,0.00,0.00,-0.00,0.00,0.00,6.00
26079.00,0.00,0.00,0.13,0.00,0.00,-12.01,0.00,0.00,-3230.10,-0.00,0.00,0.00,-0.00,0.00,-0.00,6.00
26085.00,0.00,0.00,0.04,0.00,0.00,-15.10,0.00,0.00,-514.59,-0.00,0.00,0.00,-0.00,0.00,-0.00,18.00
26103.00,0.00,0.00,0.10,0.00,0.00,3.47,0.00,0.00,1031.66,-0.00,0.00,0.00,-0.00,0.00,-0.00,6.00
26109.00,0.00,0.00,0.11,0.00,0.00,1.50,0.00,0.00,-328.90,-0.00,0.00,0.00,-0.00,0.00,-0.00,6.00
26115.00,0.00,0.00,0.04,0.00,0.00,-10.89,0.00,0.00,-2064.73,-0.00,0.00,0.00,-0.00,0.00,-0.00,9.00
26124.00,0.00,0.00,0.13,0.00,0.00,9.93,0.00,0.00,2313.43,-0.00,0.00,0.00,-0.00,0.00,-0.00,7.00
26131.00,0.00,0.00,0.14,0.00,0.00,1.35,0.00,0.00,-1226.72,-0.00,0.00,0.00,-0.00,-0.00,0.00,6.00
26142.00,0.00,0.00,0.13,0.00,0.00,-1.08,0.00,0.00,-220.72,-0.00,0.00,0.00,-0.00,0.00,0.00,6.00
26148.00,0.00,0.00,0.04,0.00,0.00,-14.51,0.00,0.00,-2237.61,-0.00,0.00,0.00,-0.00,0.00,0.00,7.00
26155.00,0.00,0.00,0.17,0.00,0.00,18.46,0.00,0.00,4710.13,-0.00,0.00,0.00,0.00,0.00,0.00,6.00
26161.00,0.00,0.00,0.11,0.00,0.00,-11.45,0.00,0.00,-4985.53,-0.00,0.00,0.00,0.00,0.00,0.00,5.00
26166.00,0.00,0.00,0.08,0.00,0.00,-5.95,0.00,0.00,1100.55,-0.00,0.00,0.00,0.00,0.00,0.00,8.00
26174.00,0.00,0.00,0.23,0.00,0.00,19.44,0.00,0.00,3173.78,-0.00,0.00,0.00,-0.00,-0.00,0.00,8.00
26182.00,0.00,0.00,0.14,0.00,0.00,-11.71,0.00,0.00,-3894.13,-0.00,0.00,0.00,0.00,0.00,0.00,6.00
26188.00,0.00,0.00,0.13,0.00,0.00,-1.68,0.00,0.00,1671.86,-0.00,0.00,0.00,0.00,0.00,-0.00,7.00
26195.00,0.00,0.00,0.06,0.00,0.00,-10.01,0.00,0.00,-1189.63,-0.00,0.00,0.00,0.00,-0.00,-0.00,18.00
26213.00,0.00,0.00,0.15,0.00,0.00,5.16,0.00,0.00,842.72,-0.00,0.00,0.00,0.00,-0.00,0.00,6.00
26223.00,0.00,0.00,0.15,0.00,0.00,0.00,0.00,0.00,-516.25,-0.00,0.00,0.00,0.00,0.00,-0.00,4.00
26227.00,0.00,0.00,0.10,0.00,0.00,-11.53,0.00,0.00,-2882.84,-0.00,0.00,0.00,0.00,-0.00,-0.00,8.00
26235.00,0.00,0.00,0.05,0.00,0.00,-6.72,0.00,0.00,601.84,-0.00,0.00,0.00,0.00,0.00,0.00,3.00
26238.00,0.00,0.00,0.13,0.00,0.00,27.02,0.00,0.00,11244.14,-0.00,0.00,0.00,-0.00,-0.00,0.00,7.00
26245.00,0.00,0.00,0.04,0.00,0.00,-13.14,0.00,0.00,-5736.96,-0.00,0.00,0.00,-0.00,-0.00,0.00,8.00
26253.00,0.00,0.00,0.11,0.00,0.00,8.40,0.00,0.00,2693.48,-0.00,0.00,0.00,-0.00,-0.00,-0.00,5.00
26258.00,0.00,0.00,0.11,0.00,0.00,0.61,0.00,0.00,-1558.37,-0.00,0.00,0.00,-0.00,-0.00,-0.00,7.00
26265.00,0.00,0.00,0.09,0.00,0.00,-3.27,0.00,0.00,-554.45,-0.00,0.00,0.00,0.00,0.00,-0.00,8.00
26273.00,0.00,0.00,0.20,0.00,0.00,14.76,0.00,0.00,2252.89,-0.00,0.00,0.00,-0.00,-0.00,0.00,7.00
26280.00,0.00,0.00,0.22,0.00,0.00,2.49,0.00,0.00,-1752.53,-0.00,0.00,0.00,0.00,-0.00,0.00,6.00
26291.00,0.00,0.00,0.10,0.00,0.00,-11.50,0.00,0.00,-1271.87,-0.00,0.00,0.00,0.00,0.00,0.00,16.00
26307.00,0.00,0.00,0.09,0.00,0.00,-0.53,0.00,0.00,685.74,-0.00,0.00,0.00,-0.00,-0.00,0.00,7.00
26314.00,0.00,0.00,0.15,0.00,0.00,9.07,0.00,0.00,1371.30,-0.00,0.00,0.00,0.00,-0.00,0.00,8.00
26322.00,0.00,0.00,0.04,0.00,0.00,-13.23,0.00,0.00,-2787.66,-0.00,0.00,0.00,0.00,0.00,0.00,6.00
26328.00,0.00,0.00,0.18,0.00,0.00,22.31,0.00,0.00,5923.59,-0.00,0.00,0.00,0.00,0.00,0.00,7.00
26335.00,0.00,0.00,0.12,0.00,0.00,-8.57,0.00,0.00,-4410.82,-0.00,0.00,0.00,-0.00,-0.00,0.00,8.00
26343.00,0.00,0.00,0.12,0.00,0.00,0.76,0.00,0.00,1165.65,-0.00,0.00,0.00,-0.00,-0.01,0.00,5.00
26348.00,0.00,0.00,0.15,0.00,0.00,4.25,0.00,0.00,698.66,-0.00,0.00,0.00,-0.00,-0.01,0.00,8.00
26356.00,0.00,0.00,0.16,0.00,0.00,2.31,0.00,0.00,-243.08,-0.00,0.00,0.00,0.00,-0.00,0.00,5.00
26361.00,0.00,0.00,0.08,0.00,0.00,-17.27,0.00,0.00,-3915.79,-0.00,0.00,0.00,0.00,-0.00,0.00,6.00
26371.00,0.00,0.00,0.04,0.00,0.00,-3.52,0.00,0.00,1375.28,-0.00,0.00,0.00,-0.00,0.00,-0.00,7.00
26378.00,0.00,0.00,0.16,0.00,0.00,16.42,0.00,0.00,2847.90,-0.00,0.00,0.00,-0.00,0.00,-0.00,7.00
26385.00,0.00,0.00,0.07,0.00,0.00,-13.15,0.00,0.00,-4223.09,-0.00,0.00,0.00,-0.00,0.00,0.00,18.00
26403.00,0.00,0.00,0.19,0.00,0.00,7.12,0.00,0.00,1125.74,-0.00,0.00,0.00,-0.00,-0.00,-0.00,5.00
26408.00,0.00,0.00,0.11,0.00,0.00,-17.08,0.00,0.00,-4840.19,-0.00,0.00,0.00,-0.00,0.00,0.00,7.00
26415.00,0.00,0.00,0.16,0.00,0.00,7.13,0.00,0.00,3458.54,-0.00,0.00,0.00,-0.00,0.00,0.00,9.00
26424.00,0.00,0.00,0.08,0.00,0.00,-8.58,0.00,0.00,-1745.14,-0.00,0.00,0.00,0.00,0.01,0.00,6.00
26430.00,0.00,0.00,0.09,0.00,0.00,0.79,0.00,0.00,1562.14,-0.00,0.00,0.00,-0.00,0.00,0.00,6.00
26436.00,0.00,0.00,0.15,0.00,0.00,10.11,0.00,0.00,1553.56,-0.00,0.00,0.00,-0.00,-0.00,0.00,8.00
26444.00,0.00,0.00,0.16,0.00,0.00,1.48,0.00,0.00,-1079.51,-0.00,0.00,0.00,0.00,-0.00,0.00,8.00
26461.00,0.00,0.00,0.17,0.00,0.00,0.75,0.00,0.00,-42.66,-0.00,0.00,0.00,-0.00,-0.00,-0.00,7.00
26468.00,0.00,0.00,0.05,0.00,0.00,-16.81,0.00,0.00,-2508.24,-0.00,0.00,0.00,-0.00,0.00,-0.00,7.00
26475.00,0.00,0.00,0.20,0.00,0.00,20.60,0.00,0.00,5344.07,-0.00,0.00,0.00,-0.00,0.00,0.00,8.00
26483.00,0.00,0.00,0.06,0.00,0.00,-17.71,0.00,0.00,-4789.68,-0.00,0.00,0.00,-0.00,0.00,-0.00,6.00
26489.00,0.00,0.00,0.14,0.00,0.00,13.36,0.00,0.00,5178.42,-0.00,0.00,0.00,0.00,0.00,-0.00,17.00
26506.00,0.00,0.00,0.15,0.00,0.00,1.09,0.00,0.00,-721.37,-0.00,0.00,0.00,-0.00,0.00,-0.00,5.00
26511.00,0.00,0.00,0.09,0.00,0.00,-13.48,0.00,0.00,-2915.52,-0.00,0.00,0.00,-0.01,-0.00,-0.00,6.00
26517.00,0.00,0.00,0.08,0.00,0.00,-0.73,0.00,0.00,2126.40,-0.00,0.00,0.00,-0.01,-0.00,-0.00,8.00
26525.00,0.00,0.00,0.08,0.00,0.00,-0.72,0.00,0.00,0.82,-0.00,0.00,0.00,-0.00,0.00,0.00,8.00
26533.00,0.00,0.00,0.14,0.00,0.00,7.61,0.00,0.00,1041.81,-0.00,0.00,0.00,0.00,0.00,0.00,5.00
26543.00,0.00,0.00,0.15,0.00,0.00,0.92,0.00,0.00,-669.63,-0.00,0.00,0.00,-0.00,0.00,-0.00,7.00
26550.00,0.00,0.00,0.12,0.00,0.00,-3.81,0.00,0.00,-675.50,-0.00,0.00,0.00,-0.00,-0.00,0.00,6.00
26556.00,0.00,0.00,0.14,0.00,0.00,3.97,0.00,0.00,1297.11,-0.00,0.00,0.00,-0.00,-0.00,0.00,6.00
26562.00,0.00,0.00,0.10,0.00,0.00,-6.77,0.00,0.00,-1789.89,-0.00,0.00,0.00,-0.00,-0.00,-0.00,5.00
26567.00,0.00,0.00,0.20,0.00,0.00,19.88,0.00,0.00,5329.10,-0.00,0.00,0.00,-0.00,-0.00,-0.00,8.00
26575.00,0.00,0.00,0.16,0.00,0.00,-5.59,0.00,0.00,-3183.15,-0.00,0.00,0.00,-0.00,0.00,0.00,8.00
26583.00,0.00,0.00,0.16,0.00,0.00,0.63,0.00,0.00,777.58,-0.00,0.00,0.00,0.00,0.00,0.00,6.00
26589.00,0.00,0.00,0.16,0.00,0.00,-1.08,0.00,0.00,-285.50,-0.00,0.00,0.00,0.00,0.00,-0.00,6.00
26595.00,0.00,0.00,0.15,0.00,0.00,-1.54,0.00,0.00,-76.11,-0.00,0.00,0.00,0.00,0.00,-0.00,8.00
26603.00,0.00,0.00,0.12,0.00,0.00,-3.26,0.00,0.00,-215.34,-0.00,0.00,0.00,-0.00,0.00,0.00,5.00
26613.00,0.00,0.00,0.10,0.00,0.00,-2.65,0.00,0.00,60.51,-0.00,0.00,0.00,-0.00,-0.00,-0.00,16.00
26629.00,0.00,0.00,0.16,0.00,0.00,3.74,0.00,0.00,399.76,-0.00,0.00,0.00,-0.00,0.00,-0.00,6.00
26635.00,0.00,0.00,0.21,0.00,0.00,8.33,0.00,0.00,763.87,-0.00,0.00,0.00,0.00,0.00,0.00,8.00
26643.00,0.00,0.00,0.19,0.00,0.00,-2.45,0.00,0.00,-1346.58,-0.00,0.00,0.00,0.00,-0.00,-0.00,6.00
26649.00,0.00,0.00,0.12,0.00,0.00,-10.18,0.00,0.00,-1288.88,-0.00,0.00,0.00,0.00,-0.00,0.00,7.00
26656.00,0.00,0.00,0.16,0.00,0.00,5.02,0.00,0.00,2171.70,-0.00,0.00,0.00,0.00,0.00,0.00,5.00
26661.00,0.00,0.00,0.10,0.00,0.00,-12.95,0.00,0.00,-3594.05,-0.00,0.00,0.00,0.00,0.00,-0.00,6.00
26667.00,0.00,0.00,0.03,0.00,0.00,-11.37,0.00,0.00,262.88,-0.00,0.00,0.00,0.00,0.00,-0.00,8.00
26675.00,0.00,0.00,0.12,0.00,0.00,11.52,0.00,0.00,2861.80,-0.00,0.00,0.00,0.00,0.00,-0.00,8.00
26683.00,0.00,0.00,0.17,0.00,0.00,6.37,0.00,0.00,-644.79,-0.00,0.00,0.00,0.00,-0.00,0.00,5.00
26693.00,0.00,0.00,0.11,0.00,0.00,-6.15,0.00,0.00,-1251.90,-0.00,0.00,0.00,-0.00,-0.00,0.00,16.00
26709.00,0.00,0.00,0.18,0.00,0.00,4.71,0.00,0.00,679.01,-0.00,0.00,0.00,-0.00,-0.00,-0.00,7.00
26716.00,0.00,0.00,0.12,0.00,0.00,-8.81,0.00,0.00,-1931.81,-0.00,0.00,0.00,-0.00,-0.00,-0.00,8.00
26724.00,0.00,0.00,0.15,0.00,0.00,3.71,0.00,0.00,1565.08,-0.00,0.00,0.00,-0.00,0.00,-0.00,8.00
26732.00,0.00,0.00,0.20,0.00,0.00,5.60,0.00,0.00,236.94,-0.00,0.00,0.00,0.00,0.00,-0.00,5.00
26737.00,0.00,0.00,0.13,0.00,0.00,-14.27,0.00,0.00,-3975.16,-0.00,0.00,0.00,0.00,0.00,-0.00,8.00
26745.00,0.00,0.00,0.17,0.00,0.00,5.51,0.00,0.00,2472.49,-0.00,0.00,0.00,-0.00,0.00,0.00,8.00
26753.00,0.00,0.00,0.09,0.00,0.00,-9.79,0.00,0.00,-1912.53,-0.00,0.00,0.00,0.00,0.00,-0.00,6.00
26759.00,0.00,0.00,0.09,0.00,0.00,0.22,0.00,0.00,1668.11,-0.00,0.00,0.00,0.00,0.00,-0.00,6.00
26765.00,0.00,0.00,0.20,0.00,0.00,17.94,0.00,0.00,2953.72,-0.00,0.00,0.00,-0.00,0.00,0.00,8.00
26778.00,0.00,0.00,0.16,0.00,0.00,-2.77,0.00,0.00,-1593.26,-0.00,0.00,0.00,-0.00,-0.00,-0.00,8.00
26786.00,0.00,0.00,0.13,0.00,0.00,-4.12,0.00,0.00,-168.13,-0.00,0.00,0.00,-0.00,0.00,-0.00,8.00
26794.00,0.00,0.00,0.14,0.00,0.00,1.18,0.00,0.00,662.45,-0.00,0.00,0.00,0.00,0.00,0.00,17.00
26811.00,0.00,0.00,0.13,0.00,0.00,-0.61,0.00,0.00,-105.13,-0.00,0.00,0.00,0.00,0.00,0.00,6.00
26817.00,0.00,0.00,0.12,0.00,0.00,-2.44,0.00,0.00,-305.73,-0.00,0.00,0.00,0.00,0.00,0.00,8.00
26825.00,0.00,0.00,0.19,0.00,0.00,9.06,0.00,0.00,1437.87,-0.00,0.00,0.00,0.00,0.01,0.00,8.00
26833.00,0.00,0.00,0.10,0.00,0.00,-11.57,0.00,0.00,-2578.82,-0.00,0.00,0.00,0.00,0.00,0.00,5.00
26838.00,0.00,0.00,0.10,0.00,0.00,0.83,0.00,0.00,2480.04,-0.00,0.00,0.00,0.00,0.00,0.00,8.00
26846.00,0.00,0.00,0.15,0.00,0.00,6.14,0.00,0.00,663.53,-0.00,0.00,0.00,0.00,0.00,0.00,8.00
26854.00,0.00,0.00,0.09,0.00,0.00,-7.24,0.00,0.00,-1673.04,-0.00,0.00,0.00,0.00,-0.00,0.00,6.00
26865.00,0.00,0.00,0.24,0.00,0.00,13.37,0.00,0.00,1874.16,-0.00,0.00,0.00,0.00,0.00,-0.00,7.00
26872.00,0.00,0.00,0.03,0.00,0.00,-29.47,0.00,0.00,-6120.82,-0.00,0.00,0.00,0.00,0.00,0.00,5.00
26877.00,0.00,0.00,0.07,0.00,0.00,8.34,0.00,0.00,7563.24,-0.00,0.00,0.00,0.00,0.00,0.00,8.00
26885.00,0.00,0.00,0.04,0.00,0.00,-3.92,0.00,0.00,-1532.34,-0.00,0.00,0.00,0.00,0.00,-0.00,8.00
26893.00,0.00,0.00,0.18,0.00,0.00,17.56,0.00,0.00,2684.14,-0.00,0.00,0.00,0.00,0.00,0.00,15.00
26908.00,0.00,0.00,0.17,0.00,0.00,-0.51,0.00,0.00,-1204.66,-0.00,0.00,0.00,-0.00,0.00,-0.00,8.00
26916.00,0.00,0.00,0.06,0.00,0.00,-14.85,0.00,0.00,-1791.84,-0.00,0.00,0.00,0.00,0.00,-0.00,8.00
26924.00,0.00,0.00,0.11,0.00,0.00,6.54,0.00,0.00,2673.58,-0.00,0.00,0.00,0.00,0.00,0.00,6.00
26930.00,0.00,0.00,0.10,0.00,0.00,-2.20,0.00,0.00,-1456.03,-0.00,0.00,0.00,-0.00,-0.00,0.00,6.00
26936.00,0.00,0.00,0.07,0.00,0.00,-3.71,0.00,0.00,-251.84,-0.00,0.00,0.00,-0.00,-0.00,0.00,9.00
26950.00,0.00,0.00,0.15,0.00,0.00,5.69,0.00,0.00,671.03,-0.00,0.00,0.00,0.00,0.00,-0.00,8.00
26958.00,0.00,0.00,0.09,0.00,0.00,-7.86,0.00,0.00,-1693.74,-0.00,0.00,0.00,0.00,0.00,-0.00,6.00
26964.00,0.00,0.00,0.12,0.00,0.00,4.53,0.00,0.00,2065.86,-0.00,0.00,0.00,0.00,0.00,-0.00,6.00
26970.00,0.00,0.00,0.09,0.00,0.00,-5.23,0.00,0.00,-1627.52,-0.00,0.00,0.00,0.00,0.00,-0.00,6.00
26976.00,0.00,0.00,0.18,0.00,0.00,16.01,0.00,0.00,3540.00,-0.00,0.00,0.00,0.00,0.00,0.00,9.00
26985.00,0.00,0.00,0.10,0.00,0.00,-9.48,0.00,0.00,-2832.25,-0.00,0.00,0.00,0.00,-0.00,0.00,8.00
26993.00,0.00,0.00,0.11,0.00,0.00,2.14,0.00,0.00,1453.06,-0.00,0.00,0.00,0.00,-0.00,0.00,15.00
27008.00,0.00,0.00,0.21,0.00,0.00,6.58,0.00,0.00,295.96,-0.00,0.00,0.00,0.00,0.00,-0.00,7.00
27015.00,0.00,0.00,0.10,0.00,0.00,-16.50,0.00,0.00,-3297.83,-0.00,0.00,0.00,-0.00,0.00,0.00,6.00
27021.00,0.00,0.00,-0.02,0.00,0.00,-18.70,0.00,0.00,-366.82,-0.00,0.00,0.00,-0.00,0.00,-0.00,6.00
27032.00,0.00,0.00,0.03,0.00,0.00,4.45,0.00,0.00,2104.47,-0.00,0.00,0.00,0.00,-0.00,-0.00,6.00
27038.00,0.00,0.00,0.22,0.00,0.00,30.95,0.00,0.00,4417.91,-0.00,0.00,0.00,0.00,-0.00,-0.00,8.00
27046.00,0.00,0.00,0.06,0.00,0.00,-20.38,0.00,0.00,-6416.76,-0.00,0.00,0.00,0.00,0.00,0.00,8.00
27054.00,0.00,0.00,0.18,0.00,0.00,15.09,0.00,0.00,4434.23,-0.00,0.00,0.00,-0.00,-0.00,0.00,5.00
27059.00,0.00,0.00,0.17,0.00,0.00,-2.09,0.00,0.00,-3436.83,-0.00,0.00,0.00,-0.00,-0.00,0.00,7.00
27066.00,0.00,0.00,0.13,0.00,0.00,-5.52,0.00,0.00,-490.28,-0.00,0.00,0.00,-0.00,0.00,-0.00,7.00
27073.00,0.00,0.00,0.16,0.00,0.00,4.25,0.00,0.00,1396.59,-0.00,0.00,0.00,0.00,0.00,0.00,6.00
27079.00,0.00,0.00,0.10,0.00,0.00,-9.92,0.00,0.00,-2362.46,-0.00,0.00,0.00,0.00,-0.00,0.00,7.00
27086.00,0.00,0.00,0.24,0.00,0.00,20.75,0.00,0.00,4381.43,-0.00,0.00,0.00,0.00,-0.00,-0.00,18.00
27104.00,0.00,0.00,0.12,0.00,0.00,-6.68,0.00,0.00,-1523.65,-0.00,0.00,0.00,0.00,0.00,0.00,6.00
27119.00,0.00,0.00,0.20,0.00,0.00,5.30,0.00,0.00,798.53,-0.00,0.00,0.00,0.00,-0.00,0.00,8.00
27127.00,0.00,0.00,0.11,0.00,0.00,-11.20,0.00,0.00,-2062.85,-0.00,0.00,0.00,-0.00,-0.00,0.00,8.00
27135.00,0.00,0.00,0.17,0.00,0.00,6.59,0.00,0.00,2224.24,-0.00,0.00,0.00,-0.00,0.00,0.00,8.00
27143.00,0.00,0.00,0.10,0.00,0.00,-7.62,0.00,0.00,-1776.17,-0.00,0.00,0.00,-0.00,0.00,0.00,5.00
27148.00,0.00,0.00,0.15,0.00,0.00,8.61,0.00,0.00,3245.45,-0.00,0.00,0.00,-0.00,0.00,0.00,8.00
27156.00,0.00,0.00,0.10,0.00,0.00,-6.12,0.00,0.00,-1840.90,-0.00,0.00,0.00,0.00,-0.00,-0.00,5.00
27161.00,0.00,0.00,0.36,0.00,0.00,52.37,0.00,0.00,11697.20,-0.00,0.00,0.00,0.00,-0.00,-0.00,4.00
27165.00,0.00,0.00,0.10,0.00,0.00,-64.71,0.00,0.00,-29268.33,-0.00,0.00,0.00,-0.00,-0.00,0.00,8.00
27173.00,0.00,0.00,0.18,0.00,0.00,9.26,0.00,0.00,9246.03,-0.00,0.00,0.00,0.00,0.00,0.00,5.00
27178.00,0.00,0.00,0.03,0.00,0.00,-29.06,0.00,0.00,-7664.93,-0.00,0.00,0.00,-0.00,0.00,0.00,8.00
27191.00,0.00,0.00,0.11,0.00,0.00,5.94,0.00,0.00,2692.49,-0.00,0.00,0.00,0.00,-0.00,-0.00,17.00
27208.00,0.00,0.00,0.09,0.00,0.00,-1.17,0.00,0.00,-417.98,-0.00,0.00,0.00,0.00,0.00,-0.00,6.00
27214.00,0.00,0.00,0.16,0.00,0.00,12.61,0.00,0.00,2295.52,-0.00,0.00,0.00,0.00,0.00,0.00,6.00
27220.00,0.00,0.00,0.04,0.00,0.00,-20.10,0.00,0.00,-5451.42,-0.00,0.00,0.00,-0.00,0.00,0.00,7.00
27227.00,0.00,0.00,0.06,0.00,0.00,2.31,0.00,0.00,3202.02,-0.00,0.00,0.00,-0.00,0.00,0.00,8.00
27235.00,0.00,0.00,0.18,0.00,0.00,15.34,0.00,0.00,1628.09,-0.00,0.00,0.00,0.00,0.00,0.00,8.00
27243.00,0.00,0.00,0.05,0.00,0.00,-16.58,0.00,0.00,-3989.67,-0.00,0.00,0.00,0.00,0.00,-0.00,5.00
27248.00,0.00,0.00,0.01,0.00,0.00,-8.14,0.00,0.00,1688.30,-0.00,0.00,0.00,0.00,0.00,-0.00,8.00
27256.00,0.00,0.00,0.26,0.00,0.00,30.99,0.00,0.00,4890.86,-0.00,0.00,0.00,-0.00,0.00,0.00,6.00
27262.00,0.00,0.00,0.13,0.00,0.00,-21.44,0.00,0.00,-8737.68,-0.00,0.00,0.00,-0.00,-0.00,-0.00,6.00
27273.00,0.00,0.00,0.12,0.00,0.00,-1.06,0.00,0.00,1852.69,-0.00,0.00,0.00,0.00,-0.00,-0.00,6.00
27279.00,0.00,0.00,0.08,0.00,0.00,-5.41,0.00,0.00,-726.11,-0.00,0.00,0.00,0.00,-0.00,-0.00,7.00
27286.00,0.00,0.00,0.09,0.00,0.00,1.02,0.00,0.00,919.16,-0.00,0.00,0.00,0.00,-0.00,-0.00,18.00
27304.00,0.00,0.00,0.18,0.00,0.00,4.96,0.00,0.00,218.78,-0.00,0.00,0.00,-0.00,0.00,-0.00,6.00
27310.00,0.00,0.00,0.16,0.00,0.00,-3.64,0.00,0.00,-1433.57,-0.00,0.00,0.00,-0.00,0.00,-0.00,6.00
27316.00,0.00,0.00,0.13,0.00,0.00,-4.88,0.00,0.00,-206.29,-0.00,0.00,0.00,0.00,0.00,-0.00,9.00
27325.00,0.00,0.00,0.11,0.00,0.00,-1.78,0.00,0.00,344.45,-0.00,0.00,0.00,0.00,0.00,-0.00,5.00
27330.00,0.00,0.00,0.14,0.00,0.00,5.25,0.00,0.00,1405.41,-0.00,0.00,0.00,0.00,0.00,-0.00,7.00
27337.00,0.00,0.00,0.12,0.00,0.00,-3.33,0.00,0.00,-1224.80,-0.00,0.00,0.00,0.00,-0.00,-0.00,8.00
27345.00,0.00,0.00,0.11,0.00,0.00,-0.51,0.00,0.00,351.89,-0.00,0.00,0.00,0.00,-0.00,0.00,8.00
27357.00,0.00,0.00,0.06,0.00,0.00,-4.33,0.00,0.00,-318.04,-0.00,0.00,0.00,0.00,-0.00,0.00,6.00
27363.00,0.00,0.00,0.12,0.00,0.00,9.53,0.00,0.00,2310.24,-0.00,0.00,0.00,0.00,-0.00,0.00,6.00
27369.00,0.00,0.00,0.19,0.00,0.00,12.00,0.00,0.00,411.35,-0.00,0.00,0.00,0.00,0.00,0.00,7.00
27376.00,0.00,0.00,0.03,0.00,0.00,-22.92,0.00,0.00,-4989.26,-0.00,0.00,0.00,0.00,0.00,0.00,8.00
27384.00,0.00,0.00,0.21,0.00,0.00,22.92,0.00,0.00,5730.39,-0.00,0.00,0.00,0.00,0.00,0.00,5.00
27389.00,0.00,0.00,0.15,0.00,0.00,-11.50,0.00,0.00,-6883.75,-0.00,0.00,0.00,-0.00,0.00,0.00,17.00
27406.00,0.00,0.00,0.20,0.00,0.00,2.93,0.00,0.00,848.89,-0.00,0.00,0.00,-0.00,0.01,0.00,6.00
27412.00,0.00,0.00,0.14,0.00,0.00,-10.28,0.00,0.00,-2201.54,-0.00,0.00,0.00,0.00,-0.00,0.00,6.00
27418.00,0.00,0.00,0.16,0.00,0.00,2.84,0.00,0.00,2185.59,-0.00,0.00,0.00,0.00,-0.00,0.00,8.00
27426.00,0.00,0.00,0.02,0.00,0.00,-17.55,0.00,0.00,-2547.93,-0.00,0.00,0.00,0.00,0.00,0.00,8.00
27439.00,0.00,0.00,0.09,0.00,0.00,5.57,0.00,0.00,1778.10,-0.00,0.00,0.00,0.00,-0.00,-0.00,6.00
27445.00,0.00,0.00,0.17,0.00,0.00,12.85,0.00,0.00,1214.31,-0.00,0.00,0.00,0.00,-0.00,0.00,4.00
27449.00,0.00,0.00,0.15,0.00,0.00,-3.92,0.00,0.00,-4193.05,-0.00,0.00,0.00,0.00,-0.00,0.00,6.00
27455.00,0.00,0.00,0.21,0.00,0.00,8.93,0.00,0.00,2141.16,-0.00,0.00,0.00,0.00,0.00,0.00,5.00
27460.00,0.00,0.00,0.19,0.00,0.00,-3.34,0.00,0.00,-2453.08,-0.00,0.00,0.00,0.00,0.00,0.00,7.00
27467.00,0.00,0.00,0.13,0.00,0.00,-9.22,0.00,0.00,-839.77,-0.00,0.00,0.00,0.00,-0.00,0.00,7.00
27474.00,0.00,0.00,0.06,0.00,0.00,-9.08,0.00,0.00,19.10,-0.00,0.00,0.00,0.00,0.00,0.00,6.00
27480.00,0.00,0.00,0.23,0.00,0.00,27.65,0.00,0.00,6121.52,-0.00,0.00,0.00,-0.00,0.00,0.00,7.00
27487.00,0.00,0.00,0.06,0.00,0.00,-23.74,0.00,0.00,-7341.53,-0.00,0.00,0.00,-0.00,0.00,0.00,18.00
27505.00,0.00,0.00,0.16,0.00,0.00,5.25,0.00,0.00,1610.84,-0.00,0.00,0.00,0.00,0.00,-0.00,6.00
27515.00,0.00,0.00,0.17,0.00,0.00,1.36,0.00,0.00,-389.01,-0.00,0.00,0.00,0.00,0.00,0.00,8.00
27523.00,0.00,0.00,0.03,0.00,0.00,-17.78,0.00,0.00,-2392.83,-0.00,0.00,0.00,0.00,0.01,-0.00,5.00
27528.00,0.00,0.00,0.12,0.00,0.00,19.53,0.00,0.00,7462.77,-0.00,0.00,0.00,0.00,0.00,-0.00,7.00
27535.00,0.00,0.00,0.21,0.00,0.00,11.71,0.00,0.00,-1117.77,-0.00,0.00,0.00,-0.00,0.00,-0.00,5.00
27540.00,0.00,0.00,0.14,0.00,0.00,-13.45,0.00,0.00,-5031.83,-0.00,0.00,0.00,-0.00,0.00,-0.00,8.00
27548.00,0.00,0.00,0.18,0.00,0.00,4.61,0.00,0.00,2258.09,-0.00,0.00,0.00,-0.00,0.00,-0.00,8.00
27556.00,0.00,0.00,0.09,0.00,0.00,-10.39,0.00,0.00,-1875.20,-0.00,0.00,0.00,0.00,0.00,0.00,6.00
27562.00,0.00,0.00,0.22,0.00,0.00,21.71,0.00,0.00,5350.01,-0.00,0.00,0.00,0.00,0.00,0.00,6.00
27568.00,0.00,0.00,0.12,0.00,0.00,-18.09,0.00,0.00,-6633.93,-0.00,0.00,0.00,0.00,0.00,0.00,8.00
27576.00,0.00,0.00,0.09,0.00,0.00,-2.69,0.00,0.00,1925.38,-0.00,0.00,0.00,0.00,0.00,-0.00,8.00
27588.00,0.00,0.00,0.10,0.00,0.00,0.72,0.00,0.00,283.89,-0.00,0.00,0.00,-0.00,0.00,-0.00,19.00
27607.00,0.00,0.00,0.19,0.00,0.00,4.65,0.00,0.00,207.13,-0.00,0.00,0.00,-0.00,0.01,-0.00,6.00
27613.00,0.00,0.00,0.15,0.00,0.00,-6.73,0.00,0.00,-1898.05,-0.00,0.00,0.00,-0.00,0.01,0.00,5.00
27618.00,0.00,0.00,0.11,0.00,0.00,-8.34,0.00,0.00,-320.65,-0.00,0.00,0.00,-0.00,0.01,0.00,9.00
27627.00,0.00,0.00,0.19,0.00,0.00,8.70,0.00,0.00,1893.45,-0.00,0.00,0.00,0.00,0.00,-0.00,7.00
27634.00,0.00,0.00,0.15,0.00,0.00,-4.56,0.00,0.00,-1894.69,-0.00,0.00,0.00,0.00,0.00,0.00,6.00
27640.00,0.00,0.00,0.01,0.00,0.00,-23.63,0.00,0.00,-3179.03,-0.00,0.00,0.00,0.00,0.00,0.00,7.00
27647.00,0.00,0.00,0.20,0.00,0.00,25.99,0.00,0.00,7088.56,-0.00,0.00,0.00,0.00,0.01,0.00,8.00
27655.00,0.00,0.00,0.12,0.00,0.00,-9.52,0.00,0.00,-4438.27,-0.00,0.00,0.00,0.00,0.00,0.00,5.00
27660.00,0.00,0.00,0.06,0.00,0.00,-11.30,0.00,0.00,-356.00,-0.00,0.00,0.00,0.00,0.00,0.00,7.00
27672.00,0.00,0.00,0.21,0.00,0.00,12.65,0.00,0.00,1995.54,-0.00,0.00,0.00,0.00,-0.00,0.00,7.00
27679.00,0.00,0.00,0.15,0.00,0.00,-9.73,0.00,0.00,-3196.98,-0.00,0.00,0.00,-0.00,-0.00,0.00,8.00
27687.00,0.00,0.00,0.10,0.00,0.00,-5.37,0.00,0.00,545.47,-0.00,0.00,0.00,-0.00,0.00,-0.00,17.00
27704.00,0.00,0.00,0.20,0.00,0.00,5.81,0.00,0.00,657.25,-0.00,0.00,0.00,-0.00,-0.00,0.00,6.00
27710.00,0.00,0.00,0.12,0.00,0.00,-13.18,0.00,0.00,-3163.63,-0.00,0.00,0.00,-0.00,-0.00,0.00,6.00
27716.00,0.00,0.00,0.15,0.00,0.00,4.23,0.00,0.00,2901.48,-0.00,0.00,0.00,0.00,0.00,0.00,8.00
27724.00,0.00,0.00,0.10,0.00,0.00,-6.43,0.00,0.00,-1332.23,-0.00,0.00,0.00,0.00,0.00,-0.00,5.00
27729.00,0.00,0.00,0.20,0.00,0.00,20.55,0.00,0.00,5395.50,-0.00,0.00,0.00,-0.00,0.00,-0.00,8.00
27737.00,0.00,0.00,0.07,0.00,0.00,-16.63,0.00,0.00,-4647.52,-0.00,0.00,0.00,-0.00,0.00,0.00,9.00
27746.00,0.00,0.00,0.03,0.00,0.00,-3.57,0.00,0.00,1450.83,-0.00,0.00,0.00,0.00,-0.00,-0.00,6.00
27756.00,0.00,0.00,0.18,0.00,0.00,14.96,0.00,0.00,1853.14,-0.00,0.00,0.00,0.00,0.00,0.00,7.00
27763.00,0.00,0.00,0.07,0.00,0.00,-16.46,0.00,0.00,-4488.65,-0.00,0.00,0.00,-0.00,-0.00,0.00,5.00
27768.00,0.00,0.00,0.04,0.00,0.00,-4.90,0.00,0.00,2312.95,-0.00,0.00,0.00,-0.00,-0.00,0.00,9.00
27777.00,0.00,0.00,0.12,0.00,0.00,8.84,0.00,0.00,1525.64,-0.00,0.00,0.00,-0.00,0.00,0.00,7.00
27784.00,0.00,0.00,0.05,0.00,0.00,-10.85,0.00,0.00,-2812.11,-0.00,0.00,0.00,0.00,0.00,0.00,16.00
27800.00,0.00,0.00,0.09,0.00,0.00,2.89,0.00,0.00,858.71,-0.00,0.00,0.00,0.00,0.00,0.00,8.00
27808.00,0.00,0.00,0.16,0.00,0.00,8.59,0.00,0.00,712.31,-0.00,0.00,0.00,0.00,0.00,0.00,5.00
27813.00,0.00,0.00,0.12,0.00,0.00,-7.64,0.00,0.00,-3245.55,-0.00,0.00,0.00,-0.00,0.00,-0.00,6.00
27819.00,0.00,0.00,0.16,0.00,0.00,5.20,0.00,0.00,2139.99,-0.00,0.00,0.00,-0.00,0.00,-0.00,6.00
27825.00,0.00,0.00,0.16,0.00,0.00,0.26,0.00,0.00,-824.01,-0.00,0.00,0.00,-0.00,-0.00,0.00,6.00
27841.00,0.00,0.00,0.16,0.00,0.00,0.38,0.00,0.00,7.95,-0.00,0.00,0.00,0.00,0.00,0.00,8.00
27849.00,0.00,0.00,0.12,0.00,0.00,-4.82,0.00,0.00,-650.27,-0.00,0.00,0.00,0.00,-0.00,0.00,8.00
27857.00,0.00,0.00,0.12,0.00,0.00,-0.55,0.00,0.00,533.96,-0.00,0.00,0.00,-0.00,0.00,0.00,6.00
27863.00,0.00,0.00,0.11,0.00,0.00,-1.94,0.00,0.00,-232.87,-0.00,0.00,0.00,-0.00,0.00,0.00,5.00
27868.00,0.00,0.00,0.09,0.00,0.00,-3.19,0.00,0.00,-249.14,-0.00,0.00,0.00,0.00,0.00,0.00,9.00
27877.00,0.00,0.00,0.15,0.00,0.00,6.07,0.00,0.00,1028.69,-0.00,0.00,0.00,-0.00,-0.00,0.00,7.00
27884.00,0.00,0.00,0.16,0.00,0.00,1.85,0.00,0.00,-602.02,-0.00,0.00,0.00,0.00,-0.00,0.00,6.00
27890.00,0.00,0.00,0.13,0.00,0.00,-4.68,0.00,0.00,-1088.82,-0.00,0.00,0.00,0.00,-0.00,0.00,7.00
27897.00,0.00,0.00,0.11,0.00,0.00,-3.89,0.00,0.00,113.19,-0.00,0.00,0.00,0.00,-0.00,0.00,18.00
27915.00,0.00,0.00,0.10,0.00,0.00,-0.15,0.00,0.00,207.77,-0.00,0.00,0.00,0.00,0.00,0.00,6.00
27925.00,0.00,0.00,0.13,0.00,0.00,2.49,0.00,0.00,263.75,-0.00,0.00,0.00,0.00,0.00,0.00,6.00
27931.00,0.00,0.00,0.11,0.00,0.00,-2.17,0.00,0.00,-777.68,-0.00,0.00,0.00,-0.00,-0.00,0.00,7.00
27938.00,0.00,0.00,0.15,0.00,0.00,5.47,0.00,0.00,1091.46,-0.00,0.00,0.00,-0.00,-0.00,0.00,8.00
27946.00,0.00,0.00,0.17,0.00,0.00,1.90,0.00,0.00,-445.87,-0.00,0.00,0.00,-0.00,0.00,-0.00,5.00
27951.00,0.00,0.00,0.05,0.00,0.00,-23.04,0.00,0.00,-4988.20,-0.00,0.00,0.00,-0.00,0.00,0.00,7.00
27958.00,0.00,0.00,0.17,0.00,0.00,16.65,0.00,0.00,5670.19,-0.00,0.00,0.00,0.00,0.00,0.00,6.00
27964.00,0.00,0.00,0.14,0.00,0.00,-4.77,0.00,0.00,-3570.64,-0.00,0.00,0.00,0.00,0.00,0.00,5.00
27969.00,0.00,0.00,0.06,0.00,0.00,-16.45,0.00,0.00,-2334.73,-0.00,0.00,0.00,0.00,0.00,0.00,8.00
27977.00,0.00,0.00,0.11,0.00,0.00,6.93,0.00,0.00,2922.85,-0.00,0.00,0.00,0.00,0.00,0.00,8.00
27985.00,0.00,0.00,0.03,0.00,0.00,-10.37,0.00,0.00,-2162.87,-0.00,0.00,0.00,0.00,-0.00,0.00,16.00
28005.00,0.00,0.00,0.05,0.00,0.00,1.03,0.00,0.00,570.15,-0.00,0.00,0.00,-0.00,-0.00,0.00,6.00
28011.00,0.00,0.00,0.08,0.00,0.00,4.56,0.00,0.00,588.24,-0.00,0.00,0.00,-0.00,-0.00,0.00,7.00
28018.00,0.00,0.00,0.16,0.00,0.00,11.50,0.00,0.00,990.51,-0.00,0.00,0.00,-0.00,-0.00,0.00,9.00
28027.00,0.00,0.00,-0.02,0.00,0.00,-20.30,0.00,0.00,-3532.67,-0.00,0.00,0.00,0.00,0.00,0.00,6.00
28033.00,0.00,0.00,0.14,0.00,0.00,27.26,0.00,0.00,7926.77,-0.00,0.00,0.00,-0.00,0.00,0.00,7.00
28040.00,0.00,0.00,0.03,0.00,0.00,-16.00,0.00,0.00,-6181.23,-0.00,0.00,0.00,-0.00,0.00,0.00,7.00
28047.00,0.00,0.00,0.16,0.00,0.00,19.17,0.00,0.00,5025.29,-0.00,0.00,0.00,-0.00,0.00,0.00,8.00
28055.00,0.00,0.00,0.11,0.00,0.00,-6.13,0.00,0.00,-3163.37,-0.00,0.00,0.00,-0.00,0.00,-0.00,5.00
28060.00,0.00,0.00,0.12,0.00,0.00,2.27,0.00,0.00,1680.38,-0.00,0.00,0.00,-0.00,0.00,-0.00,7.00
28067.00,0.00,0.00,0.11,0.00,0.00,-2.59,0.00,0.00,-694.17,-0.00,0.00,0.00,-0.00,0.00,0.00,6.00
28078.00,0.00,0.00,0.21,0.00,0.00,9.70,0.00,0.00,1117.59,-0.00,0.00,0.00,0.00,-0.00,0.00,9.00
28087.00,0.00,0.00,0.10,0.00,0.00,-12.37,0.00,0.00,-2452.23,-0.00,0.00,0.00,0.00,-0.00,0.00,8.00
28095.00,0.00,0.00,0.07,0.00,0.00,-4.19,0.00,0.00,1022.23,-0.00,0.00,0.00,-0.00,0.00,0.00,15.00
28110.00,0.00,0.00,0.14,0.00,0.00,4.71,0.00,0.00,593.33,-0.00,0.00,0.00,-0.00,-0.00,-0.00,8.00
28118.00,0.00,0.00,0.03,0.00,0.00,-13.37,0.00,0.00,-2260.25,-0.00,0.00,0.00,0.00,-0.00,0.00,7.00
28125.00,0.00,0.00,0.16,0.00,0.00,18.44,0.00,0.00,4544.69,-0.00,0.00,0.00,-0.00,-0.00,0.00,6.00
28131.00,0.00,0.00,0.17,0.00,0.00,0.98,0.00,0.00,-2909.73,-0.00,0.00,0.00,-0.00,-0.00,0.00,7.00
28138.00,0.00,0.00,0.15,0.00,0.00,-2.21,0.00,0.00,-455.93,-0.00,0.00,0.00,-0.00,-0.00,-0.00,8.00
28146.00,0.00,0.00,0.14,0.00,0.00,-1.92,0.00,0.00,36.30,-0.00,0.00,0.00,0.00,0.00,0.00,5.00
28151.00,0.00,0.00,0.13,0.00,0.00,-2.16,0.00,0.00,-48.02,-0.00,0.00,0.00,0.00,0.00,0.00,8.00
28163.00,0.00,0.00,0.05,0.00,0.00,-6.07,0.00,0.00,-325.54,-0.00,0.00,0.00,-0.00,0.00,-0.00,7.00
28170.00,0.00,0.00,0.08,0.00,0.00,3.31,0.00,0.00,1339.76,-0.00,0.00,0.00,-0.00,0.00,-0.00,8.00
28178.00,0.00,0.00,0.20,0.00,0.00,16.12,0.00,0.00,1601.05,-0.00,0.00,0.00,-0.00,0.00,0.00,7.00
28185.00,0.00,0.00,0.03,0.00,0.00,-24.35,0.00,0.00,-5782.15,-0.00,0.00,0.00,-0.00,0.00,0.00,6.00
28191.00,0.00,0.00,0.15,0.00,0.00,18.80,0.00,0.00,7191.63,-0.00,0.00,0.00,-0.00,0.00,0.00,17.00
28208.00,0.00,0.00,0.11,0.00,0.00,-2.31,0.00,0.00,-1241.53,-0.00,0.00,0.00,-0.00,-0.00,0.00,6.00
28214.00,0.00,0.00,0.09,0.00,0.00,-3.48,0.00,0.00,-194.73,-0.00,0.00,0.00,-0.00,-0.00,0.00,5.00
28219.00,0.00,0.00,0.04,0.00,0.00,-10.15,0.00,0.00,-1333.88,-0.00,0.00,0.00,-0.00,-0.00,0.00,9.00
28228.00,0.00,0.00,0.10,0.00,0.00,7.52,0.00,0.00,1963.63,-0.00,0.00,0.00,0.00,0.00,-0.00,7.00
28235.00,0.00,0.00,0.10,0.00,0.00,-1.10,0.00,0.00,-1232.49,-0.00,0.00,0.00,-0.00,0.00,0.00,6.00
28246.00,0.00,0.00,0.11,0.00,0.00,0.90,0.00,0.00,181.68,-0.00,0.00,0.00,0.00,0.00,-0.00,6.00
28252.00,0.00,0.00,0.18,0.00,0.00,12.58,0.00,0.00,1946.63,-0.00,0.00,0.00,0.00,0.00,-0.00,7.00
28259.00,0.00,0.00,0.25,0.00,0.00,10.13,0.00,0.00,-350.05,-0.00,0.00,0.00,0.00,0.00,-0.00,5.00
28264.00,0.00,0.00,0.11,0.00,0.00,-28.26,0.00,0.00,-7676.83,-0.00,0.00,0.00,0.00,-0.00,-0.00,6.00
28270.00,0.00,0.00,0.07,0.00,0.00,-6.61,0.00,0.00,3608.80,-0.00,0.00,0.00,0.00,-0.00,-0.00,8.00
28278.00,0.00,0.00,0.25,0.00,0.00,21.85,0.00,0.00,3556.73,-0.00,0.00,0.00,0.00,0.00,0.00,8.00
28286.00,0.00,0.00,0.16,0.00,0.00,-11.31,0.00,0.00,-4144.30,-0.00,0.00,0.00,0.00,0.00,0.00,15.00
28301.00,0.00,0.00,0.08,0.00,0.00,-5.09,0.00,0.00,414.78,-0.00,0.00,0.00,-0.00,-0.00,-0.00,8.00
28309.00,0.00,0.00,0.04,0.00,0.00,-4.55,0.00,0.00,66.41,-0.00,0.00,0.00,-0.00,-0.00,0.00,5.00
28314.00,0.00,0.00,-0.01,0.00,0.00,-9.85,0.00,0.00,-1058.56,-0.00,0.00,0.00,0.00,0.00,-0.00,5.00
28324.00,0.00,0.00,0.16,0.00,0.00,16.27,0.00,0.00,2611.52,-0.00,0.00,0.00,0.00,0.00,-0.00,7.00
28331.00,0.00,0.00,0.10,0.00,0.00,-7.45,0.00,0.00,-3388.03,-0.00,0.00,0.00,-0.00,0.00,0.00,7.00
28338.00,0.00,0.00,0.17,0.00,0.00,8.75,0.00,0.00,2314.56,-0.00,0.00,0.00,0.00,-0.00,0.00,8.00
28346.00,0.00,0.00,0.23,0.00,0.00,7.91,0.00,0.00,-105.59,-0.00,0.00,0.00,0.00,-0.00,0.00,5.00
28351.00,0.00,0.00,0.17,0.00,0.00,-12.73,0.00,0.00,-4127.94,-0.00,0.00,0.00,0.00,0.00,0.00,4.00
28355.00,0.00,0.00,0.15,0.00,0.00,-4.79,0.00,0.00,1984.71,-0.00,0.00,0.00,0.00,0.00,0.00,5.00
28360.00,0.00,0.00,0.19,0.00,0.00,8.00,0.00,0.00,2558.99,-0.00,0.00,0.00,0.00,0.00,0.00,6.00
28366.00,0.00,0.00,0.19,0.00,0.00,1.22,0.00,0.00,-1130.60,-0.00,0.00,0.00,0.00,0.00,0.00,6.00
28372.00,0.00,0.00,0.02,0.00,0.00,-28.12,0.00,0.00,-4889.99,-0.00,0.00,0.00,0.00,0.00,0.00,6.00
28378.00,0.00,0.00,0.24,0.00,0.00,35.67,0.00,0.00,10631.14,-0.00,0.00,0.00,0.00,0.00,0.00,9.00
28392.00,0.00,0.00,0.17,0.00,0.00,-5.12,0.00,0.00,-2913.32,-0.00,0.00,0.00,0.00,-0.00,0.00,17.00
28409.00,0.00,0.00,0.19,0.00,0.00,1.39,0.00,0.00,383.02,-0.00,0.00,0.00,0.00,-0.00,-0.00,6.00
28415.00,0.00,0.00,0.19,0.00,0.00,0.35,0.00,0.00,-173.36,-0.00,0.00,0.00,0.00,-0.00,0.00,5.00
28420.00,0.00,0.00,0.07,0.00,0.00,-25.39,0.00,0.00,-5149.16,-0.00,0.00,0.00,0.00,-0.00,0.00,9.00
28429.00,0.00,0.00,0.06,0.00,0.00,-0.93,0.00,0.00,2718.70,-0.00,0.00,0.00,0.00,0.00,0.00,7.00
28436.00,0.00,0.00,0.17,0.00,0.00,16.62,0.00,0.00,2506.61,-0.00,0.00,0.00,0.00,0.00,0.00,6.00
28442.00,0.00,0.00,0.15,0.00,0.00,-3.46,0.00,0.00,-3347.00,-0.00,0.00,0.00,0.00,0.00,0.00,7.00
28449.00,0.00,0.00,0.15,0.00,0.00,-0.86,0.00,0.00,371.05,-0.00,0.00,0.00,0.00,0.00,-0.00,9.00
28458.00,0.00,0.00,0.10,0.00,0.00,-5.80,0.00,0.00,-548.87,-0.00,0.00,0.00,0.00,-0.00,-0.00,5.00
28463.00,0.00,0.00,0.12,0.00,0.00,4.03,0.00,0.00,1967.28,-0.00,0.00,0.00,0.00,-0.00,-0.00,7.00
28479.00,0.00,0.00,0.16,0.00,0.00,2.91,0.00,0.00,-70.04,-0.00,0.00,0.00,0.00,-0.00,0.00,9.00
28488.00,0.00,0.00,0.17,0.00,0.00,0.96,0.00,0.00,-217.05,-0.00,0.00,0.00,0.00,0.00,0.00,8.00
28496.00,0.00,0.00,0.09,0.00,0.00,-9.45,0.00,0.00,-1300.81,-0.00,0.00,0.00,0.00,-0.00,-0.00,15.00
28511.00,0.00,0.00,0.13,0.00,0.00,2.29,0.00,0.00,782.83,-0.00,0.00,0.00,0.00,-0.00,0.00,7.00
28518.00,0.00,0.00,0.16,0.00,0.00,4.97,0.00,0.00,381.78,-0.00,0.00,0.00,0.00,-0.00,0.00,8.00
28526.00,0.00,0.00,0.18,0.00,0.00,1.95,0.00,0.00,-376.51,-0.00,0.00,0.00,0.00,-0.00,0.00,6.00
28532.00,0.00,0.00,0.14,0.00,0.00,-6.11,0.00,0.00,-1343.78,-0.00,0.00,0.00,0.00,-0.00,0.00,6.00
28538.00,0.00,0.00,0.37,0.00,0.00,38.25,0.00,0.00,7393.50,-0.00,0.00,0.00,0.00,0.00,-0.00,3.00
28541.00,0.00,0.00,0.20,0.00,0.00,-57.71,0.00,0.00,-31987.12,-0.00,0.00,0.00,0.00,0.00,-0.00,7.00
28548.00,0.00,0.00,0.08,0.00,0.00,-16.59,0.00,0.00,5874.49,-0.00,0.00,0.00,0.00,-0.00,0.00,7.00
28560.00,0.00,0.00,0.09,0.00,0.00,0.28,0.00,0.00,1405.24,-0.00,0.00,0.00,0.00,0.00,-0.00,6.00
28566.00,0.00,0.00,-0.03,0.00,0.00,-18.96,0.00,0.00,-3206.51,-0.00,0.00,0.00,0.00,0.00,0.00,5.00
28571.00,0.00,0.00,0.13,0.00,0.00,32.28,0.00,0.00,10248.78,-0.00,0.00,0.00,0.00,0.00,0.00,8.00
28579.00,0.00,0.00,0.03,0.00,0.00,-13.18,0.00,0.00,-5683.13,-0.00,0.00,0.00,0.00,-0.00,0.00,8.00
28587.00,0.00,0.00,0.16,0.00,0.00,16.36,0.00,0.00,3692.79,-0.00,0.00,0.00,-0.00,-0.00,0.00,16.00
28603.00,0.00,0.00,0.08,0.00,0.00,-5.26,0.00,0.00,-1350.93,-0.00,0.00,0.00,0.00,0.00,0.00,7.00
28610.00,0.00,0.00,0.14,0.00,0.00,8.68,0.00,0.00,1991.22,-0.00,0.00,0.00,0.00,0.00,0.00,5.00
28615.00,0.00,0.00,0.18,0.00,0.00,7.84,0.00,0.00,-167.59,-0.00,0.00,0.00,0.00,0.00,0.00,6.00
28621.00,0.00,0.00,0.14,0.00,0.00,-6.35,0.00,0.00,-2364.94,-0.00,0.00,0.00,0.00,0.00,0.00,7.00
28628.00,0.00,0.00,0.12,0.00,0.00,-2.61,0.00,0.00,533.59,-0.00,0.00,0.00,0.00,0.00,0.00,8.00
28641.00,0.00,0.00,0.07,0.00,0.00,-3.47,0.00,0.00,-66.00,-0.00,0.00,0.00,0.00,-0.00,0.00,9.00
28650.00,0.00,0.00,0.08,0.00,0.00,0.68,0.00,0.00,460.66,-0.00,0.00,0.00,0.00,-0.00,0.00,8.00
28658.00,0.00,0.00,0.16,0.00,0.00,10.50,0.00,0.00,1228.26,-0.00,0.00,0.00,0.00,0.00,0.00,6.00
28664.00,0.00,0.00,0.16,0.00,0.00,-0.65,0.00,0.00,-1858.56,-0.00,0.00,0.00,0.00,-0.00,0.00,6.00
28670.00,0.00,0.00,0.12,0.00,0.00,-7.28,0.00,0.00,-1104.73,-0.00,0.00,0.00,0.00,-0.00,0.00,8.00
28678.00,0.00,0.00,0.14,0.00,0.00,3.10,0.00,0.00,1296.95,-0.00,0.00,0.00,0.00,-0.01,-0.00,8.00
28686.00,0.00,0.00,0.14,0.00,0.00,-0.61,0.00,0.00,-463.37,-0.00,0.00,0.00,-0.00,-0.00,0.00,15.00
28701.00,0.00,0.00,0.09,0.00,0.00,-3.09,0.00,0.00,-165.59,-0.00,0.00,0.00,0.00,0.00,0.00,8.00
28709.00,0.00,0.00,0.03,0.00,0.00,-6.98,0.00,0.00,-486.53,-0.00,0.00,0.00,0.00,0.00,0.00,6.00
28715.00,0.00,0.00,0.11,0.00,0.00,13.11,0.00,0.00,3349.84,-0.00,0.00,0.00,0.00,-0.00,0.00,6.00
28725.00,0.00,0.00,0.08,0.00,0.00,-3.32,0.00,0.00,-1643.61,-0.00,0.00,0.00,-0.00,-0.00,0.00,6.00
28731.00,0.00,0.00,0.12,0.00,0.00,6.77,0.00,0.00,1682.58,-0.00,0.00,0.00,-0.00,-0.00,0.00,8.00
28739.00,0.00,0.00,0.10,0.00,0.00,-2.63,0.00,0.00,-1175.07,-0.00,0.00,0.00,-0.00,-0.00,0.00,9.00
28748.00,0.00,0.00,0.10,0.00,0.00,0.48,0.00,0.00,344.66,-0.00,0.00,0.00,-0.00,-0.01,0.00,6.00
28754.00,0.00,0.00,0.20,0.00,0.00,15.89,0.00,0.00,2569.11,-0.00,0.00,0.00,0.00,-0.00,0.00,6.00
28760.00,0.00,0.00,0.13,0.00,0.00,-11.26,0.00,0.00,-4525.75,-0.00,0.00,0.00,0.00,0.00,0.00,6.00
28766.00,0.00,0.00,0.19,0.00,0.00,9.17,0.00,0.00,3405.22,-0.00,0.00,0.00,0.00,-0.00,0.00,5.00
28771.00,0.00,0.00,0.10,0.00,0.00,-17.77,0.00,0.00,-5387.69,-0.00,0.00,0.00,0.00,0.00,0.00,8.00
28779.00,0.00,0.00,0.20,0.00,0.00,13.01,0.00,0.00,3848.25,-0.00,0.00,0.00,0.00,0.00,0.00,9.00
28788.00,0.00,0.00,0.13,0.00,0.00,-8.28,0.00,0.00,-2366.52,-0.00,0.00,0.00,-0.00,0.00,0.00,15.00
28808.00,0.00,0.00,0.07,0.00,0.00,-2.77,0.00,0.00,275.61,-0.00,0.00,0.00,-0.00,-0.00,-0.00,6.00
28814.00,0.00,0.00,0.18,0.00,0.00,18.23,0.00,0.00,3500.31,-0.00,0.00,0.00,-0.00,-0.00,-0.00,6.00
28820.00,0.00,0.00,0.14,0.00,0.00,-6.81,0.00,0.00,-4173.26,-0.00,0.00,0.00,-0.00,0.00,0.00,9.00
28829.00,0.00,0.00,0.19,0.00,0.00,5.44,0.00,0.00,1361.44,-0.00,0.00,0.00,0.00,-0.00,0.00,7.00
28836.00,0.00,0.00,0.11,0.00,0.00,-11.48,0.00,0.00,-2416.99,-0.00,0.00,0.00,0.00,-0.00,0.00,6.00
28842.00,0.00,0.00,0.14,0.00,0.00,5.45,0.00,0.00,2821.46,-0.00,0.00,0.00,0.00,-0.00,0.00,7.00
28849.00,0.00,0.00,0.09,0.00,0.00,-7.96,0.00,0.00,-1915.75,-0.00,0.00,0.00,0.00,0.00,0.00,8.00
28857.00,0.00,0.00,0.09,0.00,0.00,0.03,0.00,0.00,998.89,-0.00,0.00,0.00,0.00,0.00,0.00,5.00
28862.00,0.00,0.00,0.08,0.00,0.00,-1.89,0.00,0.00,-385.39,-0.00,0.00,0.00,0.00,0.00,0.00,7.00
28869.00,0.00,0.00,0.18,0.00,0.00,14.21,0.00,0.00,2300.98,-0.00,0.00,0.00,0.00,0.00,0.00,7.00
28881.00,0.00,0.00,0.17,0.00,0.00,-0.26,0.00,0.00,-1206.14,-0.00,0.00,0.00,0.00,0.00,-0.00,9.00
28890.00,0.00,0.00,0.08,0.00,0.00,-9.83,0.00,0.00,-1062.93,-0.00,0.00,0.00,0.00,0.00,0.00,8.00
28898.00,0.00,0.00,0.14,0.00,0.00,7.48,0.00,0.00,2162.68,-0.00,0.00,0.00,0.00,0.00,-0.00,17.00
28915.00,0.00,0.00,0.20,0.00,0.00,3.20,0.00,0.00,-251.55,-0.00,0.00,0.00,0.00,0.00,-0.00,6.00
28921.00,0.00,0.00,0.10,0.00,0.00,-17.23,0.00,0.00,-3404.38,-0.00,0.00,0.00,0.00,0.01,-0.00,8.00
28929.00,0.00,0.00,0.18,0.00,0.00,11.13,0.00,0.00,3544.75,-0.00,0.00,0.00,0.00,0.00,0.00,7.00
28936.00,0.00,0.00,0.18,0.00,0.00,-0.52,0.00,0.00,-1663.89,-0.00,0.00,0.00,-0.00,-0.00,-0.00,6.00
28942.00,0.00,0.00,0.04,0.00,0.00,-24.31,0.00,0.00,-3964.77,-0.00,0.00,0.00,0.00,-0.00,-0.00,8.00
28950.00,0.00,0.00,0.06,0.00,0.00,2.93,0.00,0.00,3404.62,-0.00,0.00,0.00,0.00,0.00,-0.00,8.00
28958.00,0.00,0.00,0.16,0.00,0.00,13.20,0.00,0.00,1283.24,-0.00,0.00,0.00,0.00,0.00,-0.00,5.00
28968.00,0.00,0.00,0.22,0.00,0.00,5.09,0.00,0.00,-810.28,-0.00,0.00,0.00,0.00,0.00,-0.00,7.00
28975.00,0.00,0.00,-0.02,0.00,0.00,-33.12,0.00,0.00,-5459.21,-0.00,0.00,0.00,0.00,0.00,-0.00,6.00
28981.00,0.00,0.00,0.19,0.00,0.00,35.20,0.00,0.00,11387.26,-0.00,0.00,0.00,0.00,-0.00,-0.01,18.00
28999.00,0.00,0.00,0.12,0.00,0.00,-4.20,0.00,0.00,-2189.28,-0.00,0.00,0.00,0.00,0.00,0.00,7.00
29006.00,0.00,0.00,0.10,0.00,0.00,-2.25,0.00,0.00,279.32,-0.00,0.00,0.00,0.00,0.01,-0.00,5.00
29011.00,0.00,0.00,0.07,0.00,0.00,-5.71,0.00,0.00,-693.40,-0.00,0.00,0.00,0.00,0.01,-0.00,7.00
29018.00,0.00,0.00,0.15,0.00,0.00,10.15,0.00,0.00,2265.92,-0.00,0.00,0.00,0.00,0.01,-0.00,6.00
29024.00,0.00,0.00,0.06,0.00,0.00,-13.71,0.00,0.00,-3975.36,-0.00,0.00,0.00,0.00,0.00,-0.00,6.00
29030.00,0.00,0.00,0.10,0.00,0.00,6.10,0.00,0.00,3301.49,-0.00,0.00,0.00,0.00,0.00,-0.00,9.00
29039.00,0.00,0.00,0.15,0.00,0.00,5.46,0.00,0.00,-71.79,-0.00,0.00,0.00,0.00,-0.00,0.00,6.00
29050.00,0.00,0.00,0.16,0.00,0.00,0.64,0.00,0.00,-438.27,-0.00,0.00,0.00,0.00,-0.00,0.00,10.00
29060.00,0.00,0.00,0.14,0.00,0.00,-1.95,0.00,0.00,-258.43,-0.00,0.00,0.00,0.00,-0.00,-0.00,5.00
29065.00,0.00,0.00,0.09,0.00,0.00,-8.79,0.00,0.00,-1367.66,-0.00,0.00,0.00,0.00,0.00,-0.00,7.00
29072.00,0.00,0.00,0.04,0.00,0.00,-7.83,0.00,0.00,136.58,-0.00,0.00,0.00,0.00,0.00,-0.00,7.00
29079.00,0.00,0.00,0.17,0.00,0.00,18.41,0.00,0.00,3748.42,-0.00,0.00,0.00,0.00,-0.00,-0.00,5.00
29084.00,0.00,0.00,0.23,0.00,0.00,13.16,0.00,0.00,-1049.30,-0.00,0.00,0.00,0.00,0.00,-0.00,6.00
29090.00,0.00,0.00,0.06,0.00,0.00,-28.11,0.00,0.00,-6879.09,-0.00,0.00,0.00,0.00,0.00,-0.00,18.00
29108.00,0.00,0.00,0.23,0.00,0.00,9.05,0.00,0.00,2064.41,-0.00,0.00,0.00,0.00,0.00,-0.00,6.00
29114.00,0.00,0.00,0.25,0.00,0.00,4.64,0.00,0.00,-734.10,-0.00,0.00,0.00,0.00,0.00,-0.00,6.00
29120.00,0.00,0.00,0.12,0.00,0.00,-22.96,0.00,0.00,-4600.92,-0.00,0.00,0.00,0.00,0.00,-0.00,9.00
29134.00,0.00,0.00,0.23,0.00,0.00,7.88,0.00,0.00,2203.43,-0.00,0.00,0.00,0.00,0.00,-0.00,7.00
29141.00,0.00,0.00,0.03,0.00,0.00,-28.71,0.00,0.00,-5227.91,-0.00,0.00,0.00,0.00,0.00,-0.00,8.00
29149.00,0.00,0.00,0.16,0.00,0.00,16.36,0.00,0.00,5634.10,-0.00,0.00,0.00,0.00,-0.00,-0.00,8.00
29157.00,0.00,0.00,0.11,0.00,0.00,-5.58,0.00,0.00,-2743.14,-0.00,0.00,0.00,0.00,-0.00,-0.00,5.00
29162.00,0.00,0.00,0.14,0.00,0.00,6.11,0.00,0.00,2338.95,-0.00,0.00,0.00,0.00,-0.00,-0.00,7.00
29169.00,0.00,0.00,0.06,0.00,0.00,-11.61,0.00,0.00,-2531.81,-0.00,0.00,0.00,-0.00,0.00,-0.00,6.00
29175.00,0.00,0.00,0.17,0.00,0.00,18.21,0.00,0.00,4970.21,-0.00,0.00,0.00,-0.00,0.00,-0.00,7.00
29182.00,0.00,0.00,0.25,0.00,0.00,11.93,0.00,0.00,-896.81,-0.00,0.00,0.00,0.00,0.00,-0.00,7.00
29189.00,0.00,0.00,0.17,0.00,0.00,-11.51,0.00,0.00,-3348.93,-0.00,0.00,0.00,0.00,-0.00,-0.00,18.00
29207.00,0.00,0.00,0.17,0.00,0.00,-0.36,0.00,0.00,619.67,-0.00,0.00,0.00,0.00,0.00,-0.00,5.00
29222.00,0.00,0.00,0.15,0.00,0.00,-0.96,0.00,0.00,-40.51,-0.00,0.00,0.00,0.00,-0.00,-0.00,8.00
29230.00,0.00,0.00,0.14,0.00,0.00,-1.20,0.00,0.00,-29.95,-0.00,0.00,0.00,0.00,0.00,0.00,9.00
29239.00,0.00,0.00,0.11,0.00,0.00,-4.00,0.00,0.00,-310.24,-0.00,0.00,0.00,0.00,-0.00,0.00,6.00
29245.00,0.00,0.00,0.11,0.00,0.00,0.00,0.00,0.00,665.86,-0.00,0.00,0.00,0.00,0.00,0.00,5.00
29250.00,0.00,0.00,0.09,0.00,0.00,-3.73,0.00,0.00,-745.13,-0.00,0.00,0.00,0.00,0.00,-0.00,8.00
29258.00,0.00,0.00,0.12,0.00,0.00,3.51,0.00,0.00,904.78,-0.00,0.00,0.00,0.00,0.00,-0.00,5.00
29263.00,0.00,0.00,0.17,0.00,0.00,10.30,0.00,0.00,1357.27,-0.00,0.00,0.00,0.00,0.00,-0.00,5.00
29268.00,0.00,0.00,0.05,0.00,0.00,-22.98,0.00,0.00,-6655.54,-0.00,0.00,0.00,0.00,0.00,-0.00,5.00
29273.00,0.00,0.00,0.19,0.00,0.00,26.73,0.00,0.00,9942.39,-0.00,0.00,0.00,0.00,0.00,-0.00,7.00
29280.00,0.00,0.00,0.09,0.00,0.00,-14.13,0.00,0.00,-5837.65,-0.00,0.00,0.00,0.00,0.00,-0.00,9.00
29293.00,0.00,0.00,0.17,0.00,0.00,6.05,0.00,0.00,1552.59,-0.00,0.00,0.00,0.00,-0.00,-0.00,18.00
29311.00,0.00,0.00,0.14,0.00,0.00,-1.71,0.00,0.00,-431.32,-0.00,0.00,0.00,0.00,-0.00,-0.00,5.00
29316.00,0.00,0.00,0.22,0.00,0.00,15.99,0.00,0.00,3540.86,-0.00,0.00,0.00,0.00,-0.00,0.00,6.00
29322.00,0.00,0.00,0.15,0.00,0.00,-11.09,0.00,0.00,-4514.41,-0.00,0.00,0.00,0.00,-0.00,0.00,8.00
29330.00,0.00,0.00,0.11,0.00,0.00,-4.84,0.00,0.00,782.06,-0.00,0.00,0.00,0.00,-0.00,0.00,8.00
29338.00,0.00,0.00,0.17,0.00,0.00,7.36,0.00,0.00,1525.02,-0.00,0.00,0.00,0.00,0.00,-0.00,6.00
29344.00,0.00,0.00,0.15,0.00,0.00,-4.10,0.00,0.00,-1910.22,-0.00,0.00,0.00,0.00,-0.00,-0.00,6.00
29350.00,0.00,0.00,0.17,0.00,0.00,4.54,0.00,0.00,1439.87,-0.00,0.00,0.00,-0.00,-0.00,-0.00,9.00
29359.00,0.00,0.00,0.15,0.00,0.00,-2.79,0.00,0.00,-815.22,-0.00,0.00,0.00,0.00,0.00,0.00,6.00
29365.00,0.00,0.00,0.10,0.00,0.00,-7.80,0.00,0.00,-834.39,-0.00,0.00,0.00,0.00,0.00,-0.00,6.00
29375.00,0.00,0.00,0.03,0.00,0.00,-6.62,0.00,0.00,117.70,-0.00,0.00,0.00,-0.00,0.00,0.00,6.00
29381.00,0.00,0.00,0.14,0.00,0.00,17.78,0.00,0.00,4066.76,-0.00,0.00,0.00,-0.00,0.00,0.00,18.00
29399.00,0.00,0.00,0.10,0.00,0.00,-2.44,0.00,0.00,-1122.98,-0.00,0.00,0.00,0.00,0.00,0.00,7.00
29406.00,0.00,0.00,0.11,0.00,0.00,1.73,0.00,0.00,594.98,-0.00,0.00,0.00,-0.00,0.00,0.00,6.00
29412.00,0.00,0.00,0.09,0.00,0.00,-3.46,0.00,0.00,-864.09,-0.00,0.00,0.00,-0.00,0.00,0.00,6.00
29418.00,0.00,0.00,0.15,0.00,0.00,10.00,0.00,0.00,2242.40,-0.00,0.00,0.00,-0.00,0.00,0.00,5.00
29423.00,0.00,0.00,0.16,0.00,0.00,2.34,0.00,0.00,-1530.63,-0.00,0.00,0.00,-0.00,0.00,0.00,8.00
29431.00,0.00,0.00,0.09,0.00,0.00,-9.18,0.00,0.00,-1440.11,-0.00,0.00,0.00,0.00,0.00,0.00,8.00
29439.00,0.00,0.00,0.11,0.00,0.00,2.39,0.00,0.00,1446.31,-0.00,0.00,0.00,-0.00,0.00,0.00,6.00
29445.00,0.00,0.00,0.14,0.00,0.00,6.16,0.00,0.00,628.04,-0.00,0.00,0.00,-0.00,0.00,0.00,6.00
29460.00,0.00,0.00,0.06,0.00,0.00,-5.42,0.00,0.00,-772.16,-0.00,0.00,0.00,-0.00,0.00,0.00,7.00
29467.00,0.00,0.00,0.13,0.00,0.00,9.69,0.00,0.00,2159.02,-0.00,0.00,0.00,0.00,0.00,-0.00,5.00
29472.00,0.00,0.00,0.10,0.00,0.00,-5.18,0.00,0.00,-2974.89,-0.00,0.00,0.00,0.00,0.00,-0.00,8.00
29480.00,0.00,0.00,0.11,0.00,0.00,0.54,0.00,0.00,715.80,-0.00,0.00,0.00,-0.00,0.00,-0.00,8.00
29488.00,0.00,0.00,0.14,0.00,0.00,4.53,0.00,0.00,498.20,-0.00,0.00,0.00,0.00,0.00,-0.00,15.00
29503.00,0.00,0.00,0.16,0.00,0.00,0.83,0.00,0.00,-246.83,-0.00,0.00,0.00,-0.00,-0.00,0.00,8.00
29511.00,0.00,0.00,0.11,0.00,0.00,-6.10,0.00,0.00,-866.36,-0.00,0.00,0.00,-0.00,0.00,0.00,5.00
29516.00,0.00,0.00,0.10,0.00,0.00,-1.53,0.00,0.00,915.19,-0.00,0.00,0.00,-0.00,0.00,0.00,6.00
29522.00,0.00,0.00,0.23,0.00,0.00,22.49,0.00,0.00,4002.29,-0.00,0.00,0.00,0.00,0.00,0.00,8.00
29530.00,0.00,0.00,0.11,0.00,0.00,-15.32,0.00,0.00,-4725.56,-0.00,0.00,0.00,0.00,-0.00,0.00,8.00
29542.00,0.00,0.00,0.14,0.00,0.00,2.70,0.00,0.00,1501.85,-0.00,0.00,0.00,-0.00,0.00,0.00,9.00
29551.00,0.00,0.00,0.24,0.00,0.00,10.45,0.00,0.00,860.24,-0.00,0.00,0.00,-0.00,0.00,0.00,9.00
29560.00,0.00,0.00,0.21,0.00,0.00,-3.45,0.00,0.00,-1544.31,-0.00,0.00,0.00,-0.00,0.00,0.00,5.00
29565.00,0.00,0.00,0.18,0.00,0.00,-6.21,0.00,0.00,-551.81,-0.00,0.00,0.00,-0.00,0.00,-0.00,7.00
29572.00,0.00,0.00,0.13,0.00,0.00,-6.83,0.00,0.00,-87.96,-0.00,0.00,0.00,0.00,0.00,-0.00,8.00
29580.00,0.00,0.00,0.23,0.00,0.00,12.66,0.00,0.00,2435.39,-0.00,0.00,0.00,-0.00,-0.00,-0.00,7.00
29587.00,0.00,0.00,0.14,0.00,0.00,-12.28,0.00,0.00,-3562.20,-0.00,0.00,0.00,0.00,0.00,-0.00,6.00
29593.00,0.00,0.00,0.19,0.00,0.00,7.07,0.00,0.00,3224.96,-0.00,0.00,0.00,0.00,0.00,-0.00,17.00
29610.00,0.00,0.00,0.16,0.00,0.00,-1.65,0.00,0.00,-512.82,-0.00,0.00,0.00,0.00,0.00,-0.00,6.00
29616.00,0.00,0.00,0.11,0.00,0.00,-7.54,0.00,0.00,-982.64,-0.00,0.00,0.00,0.00,0.00,-0.00,6.00
29626.00,0.00,0.00,0.12,0.00,0.00,0.37,0.00,0.00,791.46,-0.00,0.00,0.00,0.00,-0.00,0.00,7.00
29633.00,0.00,0.00,0.19,0.00,0.00,10.01,0.00,0.00,1377.33,-0.00,0.00,0.00,-0.00,-0.00,0.00,7.00
29640.00,0.00,0.00,0.14,0.00,0.00,-7.37,0.00,0.00,-2483.23,-0.00,0.00,0.00,-0.00,0.00,0.00,8.00
29648.00,0.00,0.00,0.17,0.00,0.00,4.09,0.00,0.00,1432.29,-0.00,0.00,0.00,-0.00,0.00,0.00,5.00
29653.00,0.00,0.00,0.19,0.00,0.00,5.34,0.00,0.00,250.51,-0.00,0.00,0.00,-0.00,0.00,0.00,8.00
29661.00,0.00,0.00,0.19,0.00,0.00,-0.37,0.00,0.00,-713.77,-0.00,0.00,0.00,-0.00,0.00,0.00,6.00
29667.00,0.00,0.00,0.17,0.00,0.00,-3.08,0.00,0.00,-451.78,-0.00,0.00,0.00,-0.00,-0.00,0.00,6.00
29673.00,0.00,0.00,0.16,0.00,0.00,-1.66,0.00,0.00,236.40,-0.00,0.00,0.00,-0.00,-0.00,0.00,7.00
29680.00,0.00,0.00,0.12,0.00,0.00,-6.20,0.00,0.00,-647.80,-0.00,0.00,0.00,0.00,0.00,0.00,8.00
29688.00,0.00,0.00,0.17,0.00,0.00,6.23,0.00,0.00,1553.57,-0.00,0.00,0.00,0.00,0.00,0.00,5.00
29698.00,0.00,0.00,0.12,0.00,0.00,-4.58,0.00,0.00,-1081.25,-0.00,0.00,0.00,-0.00,-0.00,0.00,16.00
29714.00,0.00,0.00,0.25,0.00,0.00,7.56,0.00,0.00,758.63,-0.00,0.00,0.00,-0.00,-0.00,-0.00,7.00
29721.00,0.00,0.00,0.13,0.00,0.00,-17.01,0.00,0.00,-3510.34,-0.00,0.00,0.00,-0.00,-0.00,-0.00,8.00
29729.00,0.00,0.00,0.14,0.00,0.00,1.70,0.00,0.00,2339.72,-0.00,0.00,0.00,-0.00,0.00,0.00,7.00
29736.00,0.00,0.00,0.14,0.00,0.00,0.37,0.00,0.00,-190.17,-0.00,0.00,0.00,-0.00,0.00,0.00,6.00
29742.00,0.00,0.00,0.17,0.00,0.00,4.94,0.00,0.00,762.02,-0.00,0.00,0.00,0.00,0.00,0.00,9.00
29751.00,0.00,0.00,0.06,0.00,0.00,-12.84,0.00,0.00,-1976.16,-0.00,0.00,0.00,0.00,0.00,0.00,7.00
29758.00,0.00,0.00,0.15,0.00,0.00,12.88,0.00,0.00,3674.54,-0.00,0.00,0.00,-0.00,0.00,-0.00,6.00
29764.00,0.00,0.00,0.26,0.00,0.00,18.12,0.00,0.00,873.66,-0.00,0.00,0.00,-0.00,0.00,-0.00,6.00
29770.00,0.00,0.00,0.11,0.00,0.00,-23.71,0.00,0.00,-6971.57,-0.00,0.00,0.00,-0.00,0.00,-0.00,7.00
29782.00,0.00,0.00,0.11,0.00,0.00,-0.66,0.00,0.00,1920.37,-0.00,0.00,0.00,0.00,0.00,-0.00,19.00
29801.00,0.00,0.00,0.32,0.00,0.00,11.17,0.00,0.00,622.75,-0.00,0.00,0.00,-0.00,0.00,0.00,7.00
29808.00,0.00,0.00,0.10,0.00,0.00,-31.48,0.00,0.00,-6092.50,-0.00,0.00,0.00,0.00,0.00,-0.00,6.00
29814.00,0.00,0.00,0.15,0.00,0.00,9.10,0.00,0.00,6762.27,-0.00,0.00,0.00,0.00,0.00,-0.00,7.00
29821.00,0.00,0.00,0.27,0.00,0.00,16.82,0.00,0.00,1102.86,-0.00,0.00,0.00,0.00,0.00,0.00,8.00
29829.00,0.00,0.00,0.19,0.00,0.00,-9.92,0.00,0.00,-3342.51,-0.00,0.00,0.00,-0.00,-0.00,0.00,5.00
29834.00,0.00,0.00,0.10,0.00,0.00,-18.22,0.00,0.00,-1659.59,-0.00,0.00,0.00,-0.00,-0.00,0.00,7.00
29841.00,0.00,0.00,0.17,0.00,0.00,10.12,0.00,0.00,4048.89,-0.00,0.00,0.00,-0.00,-0.00,0.00,9.00
29850.00,0.00,0.00,0.17,0.00,0.00,-0.23,0.00,0.00,-1149.63,-0.00,0.00,0.00,-0.00,-0.00,0.00,6.00
29856.00,0.00,0.00,0.15,0.00,0.00,-2.65,0.00,0.00,-404.01,-0.00,0.00,0.00,-0.00,0.00,0.00,7.00
29872.00,0.00,0.00,0.19,0.00,0.00,2.30,0.00,0.00,309.33,-0.00,0.00,0.00,-0.00,0.00,0.00,9.00
29881.00,0.00,0.00,0.16,0.00,0.00,-3.66,0.00,0.00,-661.90,-0.00,0.00,0.00,0.00,-0.00,0.00,8.00
29889.00,0.00,0.00,0.14,0.00,0.00,-2.47,0.00,0.00,148.93,-0.00,0.00,0.00,0.00,0.00,0.00,16.00
29905.00,0.00,0.00,0.12,0.00,0.00,-0.94,0.00,0.00,95.71,-0.00,0.00,0.00,0.00,0.00,0.00,7.00
29912.00,0.00,0.00,0.18,0.00,0.00,8.64,0.00,0.00,1368.11,-0.00,0.00,0.00,0.00,0.00,0.00,6.00
29918.00,0.00,0.00,0.10,0.00,0.00,-13.45,0.00,0.00,-3682.65,-0.00,0.00,0.00,0.00,0.00,0.00,6.00
29924.00,0.00,0.00,0.12,0.00,0.00,3.27,0.00,0.00,2787.08,-0.00,0.00,0.00,0.00,0.00,0.00,7.00
29931.00,0.00,0.00,0.19,0.00,0.00,9.81,0.00,0.00,934.87,-0.00,0.00,0.00,0.00,0.00,0.00,8.00
29939.00,0.00,0.00,0.09,0.00,0.00,-12.26,0.00,0.00,-2758.48,-0.00,0.00,0.00,0.00,0.00,0.00,5.00
29944.00,0.00,0.00,0.05,0.00,0.00,-8.53,0.00,0.00,746.00,-0.00,0.00,0.00,0.00,0.00,0.00,8.00
29956.00,0.00,0.00,0.10,0.00,0.00,4.68,0.00,0.00,1100.53,-0.00,0.00,0.00,0.00,0.00,0.00,7.00
29963.00,0.00,0.00,0.14,0.00,0.00,4.79,0.00,0.00,15.87,-0.00,0.00,0.00,0.00,-0.00,0.00,6.00
29969.00,0.00,0.00,0.17,0.00,0.00,4.65,0.00,0.00,-23.75,-0.00,0.00,0.00,0.00,-0.00,0.00,6.00
29975.00,0.00,0.00,0.21,0.00,0.00,7.29,0.00,0.00,440.09,-0.00,0.00,0.00,0.00,0.00,0.00,7.00
29982.00,0.00,0.00,0.08,0.00,0.00,-19.00,0.00,0.00,-3755.99,-0.00,0.00,0.00,0.00,0.00,-0.00,18.00
30000.00,0.00,0.00,0.10,0.00,0.00,1.04,0.00,0.00,1113.46,-0.00,0.00,0.00,0.00,0.00,-0.00,6.00
30006.00,0.00,0.00,0.08,0.00,0.00,-1.93,0.00,0.00,-494.53,-0.00,0.00,0.00,0.00,0.00,0.00,6.00
30012.00,0.00,0.00,0.17,0.00,0.00,14.00,0.00,0.00,2654.43,-0.00,0.00,0.00,0.00,0.00,0.00,6.00
30018.00,0.00,0.00,0.11,0.00,0.00,-10.18,0.00,0.00,-4029.99,-0.00,0.00,0.00,0.00,-0.00,-0.00,6.00
30024.00,0.00,0.00,0.21,0.00,0.00,17.57,0.00,0.00,4624.44,-0.00,0.00,0.00,0.00,-0.00,-0.00,8.00
30036.00,0.00,0.00,0.14,0.00,0.00,-5.81,0.00,0.00,-1948.27,-0.00,0.00,0.00,0.00,-0.00,0.00,7.00
30043.00,0.00,0.00,0.16,0.00,0.00,2.29,0.00,0.00,1158.35,-0.00,0.00,0.00,0.00,-0.00,0.00,8.00
30051.00,0.00,0.00,0.12,0.00,0.00,-4.34,0.00,0.00,-830.00,-0.00,0.00,0.00,0.00,-0.00,0.00,8.00
30059.00,0.00,0.00,0.16,0.00,0.00,4.02,0.00,0.00,1045.41,-0.00,0.00,0.00,0.00,0.00,-0.00,5.00
30064.00,0.00,0.00,0.16,0.00,0.00,0.79,0.00,0.00,-646.21,-0.00,0.00,0.00,0.00,0.00,-0.00,6.00
30070.00,0.00,0.00,0.15,0.00,0.00,-2.34,0.00,0.00,-520.80,-0.00,0.00,0.00,0.00,0.00,0.00,7.00
30077.00,0.00,0.00,0.09,0.00,0.00,-7.26,0.00,0.00,-703.47,-0.00,0.00,0.00,-0.00,-0.00,0.00,6.00
30083.00,0.00,0.00,0.19,0.00,0.00,16.63,0.00,0.00,3981.50,-0.00,0.00,0.00,-0.00,-0.00,0.00,8.00
30091.00,0.00,0.00,0.14,0.00,0.00,-7.07,0.00,0.00,-2961.92,-0.00,0.00,0.00,0.00,-0.00,0.00,17.00
30108.00,0.00,0.00,0.16,0.00,0.00,1.03,0.00,0.00,476.24,-0.00,0.00,0.00,0.00,0.00,0.00,6.00
30118.00,0.00,0.00,0.26,0.00,0.00,10.73,0.00,0.00,970.13,-0.00,0.00,0.00,0.00,-0.00,0.00,7.00
30125.00,0.00,0.00,0.16,0.00,0.00,-15.13,0.00,0.00,-3694.26,-0.00,0.00,0.00,0.00,-0.00,0.00,7.00
30132.00,0.00,0.00,0.27,0.00,0.00,15.65,0.00,0.00,4397.44,-0.00,0.00,0.00,0.00,0.00,0.00,8.00
30140.00,0.00,0.00,0.18,0.00,0.00,-11.30,0.00,0.00,-3368.93,-0.00,0.00,0.00,0.00,-0.00,-0.00,6.00
30146.00,0.00,0.00,0.27,0.00,0.00,16.48,0.00,0.00,4629.45,-0.00,0.00,0.00,0.00,-0.00,0.00,7.00
30153.00,0.00,0.00,0.16,0.00,0.00,-16.67,0.00,0.00,-4735.06,-0.00,0.00,0.00,0.00,-0.00,0.00,8.00
30161.00,0.00,0.00,0.11,0.00,0.00,-6.05,0.00,0.00,1327.72,-0.00,0.00,0.00,-0.00,-0.00,0.00,6.00
30167.00,0.00,0.00,0.18,0.00,0.00,12.36,0.00,0.00,3067.07,-0.00,0.00,0.00,0.00,-0.00,0.00,6.00
30173.00,0.00,0.00,0.15,0.00,0.00,-5.25,0.00,0.00,-2934.07,-0.00,0.00,0.00,0.00,-0.00,0.00,8.00
30181.00,0.00,0.00,0.19,0.00,0.00,5.04,0.00,0.00,1285.76,-0.00,0.00,0.00,0.00,-0.00,0.00,8.00
30193.00,0.00,0.00,0.12,0.00,0.00,-6.15,0.00,0.00,-931.96,-0.00,0.00,0.00,-0.00,0.00,-0.00,19.00
30212.00,0.00,0.00,0.21,0.00,0.00,4.98,0.00,0.00,585.41,-0.00,0.00,0.00,0.00,-0.00,-0.00,6.00
30218.00,0.00,0.00,0.16,0.00,0.00,-8.79,0.00,0.00,-2293.67,-0.00,0.00,0.00,-0.00,-0.00,-0.00,5.00
30223.00,0.00,0.00,0.16,0.00,0.00,-1.00,0.00,0.00,1556.55,-0.00,0.00,0.00,-0.00,0.00,0.00,9.00
30232.00,0.00,0.00,0.17,0.00,0.00,1.43,0.00,0.00,270.67,-0.00,0.00,0.00,0.00,0.00,0.00,7.00
30239.00,0.00,0.00,0.15,0.00,0.00,-2.82,0.00,0.00,-607.50,-0.00,0.00,0.00,0.00,0.00,0.00,6.00
30245.00,0.00,0.00,0.17,0.00,0.00,2.96,0.00,0.00,962.44,-0.00,0.00,0.00,0.00,0.00,0.00,7.00
30252.00,0.00,0.00,0.15,0.00,0.00,-3.06,0.00,0.00,-859.21,-0.00,0.00,0.00,-0.00,-0.00,0.00,8.00
30260.00,0.00,0.00,0.14,0.00,0.00,-0.99,0.00,0.00,258.18,-0.00,0.00,0.00,0.00,0.00,-0.00,5.00
30265.00,0.00,0.00,0.20,0.00,0.00,13.00,0.00,0.00,2798.78,-0.00,0.00,0.00,0.00,0.00,-0.00,8.00
30277.00,0.00,0.00,0.15,0.00,0.00,-4.30,0.00,0.00,-1441.42,-0.00,0.00,0.00,0.00,-0.00,-0.00,7.00
30284.00,0.00,0.00,0.12,0.00,0.00,-4.12,0.00,0.00,24.98,-0.00,0.00,0.00,0.00,-0.00,-0.00,8.00
30292.00,0.00,0.00,0.12,0.00,0.00,-0.83,0.00,0.00,411.59,-0.00,0.00,0.00,0.00,-0.00,-0.00,17.00
30309.00,0.00,0.00,0.13,0.00,0.00,0.78,0.00,0.00,94.74,-0.00,0.00,0.00,0.00,-0.00,0.00,6.00
30315.00,0.00,0.00,0.18,0.00,0.00,8.66,0.00,0.00,1313.07,-0.00,0.00,0.00,0.00,-0.00,0.00,6.00
30321.00,0.00,0.00,0.48,0.00,0.00,50.57,0.00,0.00,6985.23,-0.00,0.00,0.00,0.00,-0.00,0.00,3.00
30324.00,0.00,0.00,0.22,0.00,0.00,-89.28,0.00,0.00,-46616.48,-0.00,0.00,0.00,0.00,-0.00,0.00,8.00
30332.00,0.00,0.00,0.12,0.00,0.00,-12.27,0.00,0.00,9625.82,-0.00,0.00,0.00,0.00,-0.00,0.00,8.00
30340.00,0.00,0.00,0.09,0.00,0.00,-3.49,0.00,0.00,1097.56,-0.00,0.00,0.00,0.00,-0.00,0.00,7.00
30347.00,0.00,0.00,0.14,0.00,0.00,6.52,0.00,0.00,1430.40,-0.00,0.00,0.00,-0.00,-0.00,0.00,6.00
30358.00,0.00,0.00,0.12,0.00,0.00,-1.17,0.00,0.00,-699.25,-0.00,0.00,0.00,-0.00,-0.00,0.00,6.00
30364.00,0.00,0.00,0.20,0.00,0.00,13.01,0.00,0.00,2363.65,-0.00,0.00,0.00,0.00,0.00,0.00,6.00
30370.00,0.00,0.00,0.15,0.00,0.00,-8.68,0.00,0.00,-3615.19,-0.00,0.00,0.00,0.00,0.00,0.00,6.00
30376.00,0.00,0.00,0.14,0.00,0.00,-1.48,0.00,0.00,1199.22,-0.00,0.00,0.00,0.00,0.00,0.00,6.00
30382.00,0.00,0.00,0.18,0.00,0.00,5.91,0.00,0.00,1231.62,-0.00,0.00,0.00,0.00,0.00,-0.00,19.00
30401.00,0.00,0.00,0.19,0.00,0.00,0.79,0.00,0.00,-269.27,-0.00,0.00,0.00,-0.00,0.00,0.00,7.00
30408.00,0.00,0.00,0.18,0.00,0.00,-1.93,0.00,0.00,-388.55,-0.00,0.00,0.00,-0.00,0.00,0.00,5.00
30413.00,0.00,0.00,0.21,0.00,0.00,6.30,0.00,0.00,1646.53,-0.00,0.00,0.00,0.00,0.01,0.00,7.00
30420.00,0.00,0.00,0.15,0.00,0.00,-7.77,0.00,0.00,-2009.74,-0.00,0.00,0.00,0.00,0.00,-0.00,5.00
30425.00,0.00,0.00,0.21,0.00,0.00,10.37,0.00,0.00,3626.93,-0.00,0.00,0.00,0.00,0.00,-0.00,8.00
30437.00,0.00,0.00,0.22,0.00,0.00,0.92,0.00,0.00,-787.23,-0.00,0.00,0.00,0.00,0.00,-0.00,7.00
30444.00,0.00,0.00,0.14,0.00,0.00,-11.16,0.00,0.00,-1725.85,-0.00,0.00,0.00,0.00,0.00,-0.00,8.00
30452.00,0.00,0.00,0.11,0.00,0.00,-3.78,0.00,0.00,922.16,-0.00,0.00,0.00,-0.00,0.00,-0.00,8.00
30460.00,0.00,0.00,0.19,0.00,0.00,10.08,0.00,0.00,1733.24,-0.00,0.00,0.00,0.00,0.00,-0.00,5.00
30465.00,0.00,0.00,0.18,0.00,0.00,-2.69,0.00,0.00,-2555.43,-0.00,0.00,0.00,0.00,0.00,-0.00,7.00
30472.00,0.00,0.00,0.18,0.00,0.00,-0.09,0.00,0.00,372.11,-0.00,0.00,0.00,0.00,0.00,-0.00,7.00
30479.00,0.00,0.00,0.22,0.00,0.00,6.43,0.00,0.00,930.87,-0.00,0.00,0.00,-0.00,0.00,-0.00,6.00
30485.00,0.00,0.00,0.23,0.00,0.00,1.47,0.00,0.00,-825.57,-0.00,0.00,0.00,-0.00,0.00,-0.00,7.00
30492.00,0.00,0.00,0.16,0.00,0.00,-10.31,0.00,0.00,-1683.02,-0.00,0.00,0.00,-0.00,0.00,0.00,17.00
30509.00,0.00,0.00,0.14,0.00,0.00,-0.86,0.00,0.00,555.92,-0.00,0.00,0.00,0.00,-0.00,0.00,6.00
30520.00,0.00,0.00,0.14,0.00,0.00,-0.63,0.00,0.00,20.95,-0.00,0.00,0.00,-0.00,0.00,0.00,6.00
30526.00,0.00,0.00,0.20,0.00,0.00,10.35,0.00,0.00,1828.90,-0.00,0.00,0.00,-0.00,0.00,0.00,7.00
30533.00,0.00,0.00,0.11,0.00,0.00,-12.95,0.00,0.00,-3327.86,-0.00,0.00,0.00,0.00,0.00,0.00,9.00
30542.00,0.00,0.00,0.14,0.00,0.00,4.15,0.00,0.00,1900.17,-0.00,0.00,0.00,-0.00,-0.00,0.00,6.00
30548.00,0.00,0.00,0.18,0.00,0.00,5.29,0.00,0.00,190.05,-0.00,0.00,0.00,-0.00,0.00,-0.00,6.00
30554.00,0.00,0.00,0.15,0.00,0.00,-5.09,0.00,0.00,-1730.98,-0.00,0.00,0.00,-0.00,0.00,-0.00,8.00
30562.00,0.00,0.00,0.21,0.00,0.00,8.66,0.00,0.00,1719.37,-0.00,0.00,0.00,-0.00,0.00,0.00,6.00
30568.00,0.00,0.00,0.14,0.00,0.00,-13.26,0.00,0.00,-3653.29,-0.00,0.00,0.00,-0.00,0.00,-0.00,6.00
30574.00,0.00,0.00,0.13,0.00,0.00,-0.84,0.00,0.00,2069.49,-0.00,0.00,0.00,0.00,0.00,-0.00,8.00
30582.00,0.00,0.00,0.18,0.00,0.00,5.79,0.00,0.00,828.00,-0.00,0.00,0.00,0.00,0.00,-0.00,8.00
30599.00,0.00,0.00,0.17,0.00,0.00,-0.39,0.00,0.00,-363.27,-0.00,0.00,0.00,0.00,0.00,0.00,16.00
30615.00,0.00,0.00,0.22,0.00,0.00,3.01,0.00,0.00,212.25,-0.00,0.00,0.00,0.00,0.00,0.00,8.00
30623.00,0.00,0.00,0.23,0.00,0.00,1.53,0.00,0.00,-184.35,-0.00,0.00,0.00,0.00,0.00,0.00,8.00
30631.00,0.00,0.00,0.19,0.00,0.00,-5.61,0.00,0.00,-892.17,-0.00,0.00,0.00,0.00,0.00,-0.00,5.00
30636.00,0.00,0.00,0.20,0.00,0.00,2.04,0.00,0.00,1529.65,-0.00,0.00,0.00,0.00,0.00,-0.00,7.00
30643.00,0.00,0.00,0.17,0.00,0.00,-3.71,0.00,0.00,-821.19,-0.00,0.00,0.00,-0.00,0.00,0.00,9.00
30652.00,0.00,0.00,0.19,0.00,0.00,1.93,0.00,0.00,625.80,-0.00,0.00,0.00,-0.00,0.00,-0.00,4.00
30656.00,0.00,0.00,0.14,0.00,0.00,-11.60,0.00,0.00,-3380.55,-0.00,0.00,0.00,-0.00,0.00,-0.00,8.00
30664.00,0.00,0.00,0.14,0.00,0.00,-0.37,0.00,0.00,1403.25,-0.00,0.00,0.00,0.00,-0.00,-0.00,4.00
30668.00,0.00,0.00,0.14,0.00,0.00,0.00,0.00,0.00,92.68,-0.00,0.00,0.00,0.00,-0.00,-0.00,4.00
30677.00,0.00,0.00,0.19,0.00,0.00,6.10,0.00,0.00,677.52,-0.00,0.00,0.00,0.00,0.00,-0.00,7.00
30684.00,0.00,0.00,0.21,0.00,0.00,2.67,0.00,0.00,-490.08,-0.00,0.00,0.00,0.00,0.00,-0.00,6.00
30690.00,0.00,0.00,0.23,0.00,0.00,2.60,0.00,0.00,-11.32,-0.00,0.00,0.00,0.00,0.00,-0.00,15.00
30705.00,0.00,0.00,0.14,0.00,0.00,-5.67,0.00,0.00,-551.38,-0.00,0.00,0.00,0.00,0.00,0.00,8.00
30713.00,0.00,0.00,0.13,0.00,0.00,-1.41,0.00,0.00,532.69,-0.00,0.00,0.00,0.00,0.00,0.00,5.00
30718.00,0.00,0.00,0.17,0.00,0.00,8.94,0.00,0.00,2070.47,-0.00,0.00,0.00,-0.00,0.00,0.00,7.00
30725.00,0.00,0.00,0.17,0.00,0.00,-1.15,0.00,0.00,-1441.89,-0.00,0.00,0.00,-0.00,-0.00,0.00,7.00
30732.00,0.00,0.00,0.08,0.00,0.00,-12.77,0.00,0.00,-1660.41,-0.00,0.00,0.00,0.00,0.00,0.00,8.00
30740.00,0.00,0.00,0.23,0.00,0.00,18.83,0.00,0.00,3950.74,-0.00,0.00,0.00,0.00,0.00,0.00,5.00
30745.00,0.00,0.00,0.23,0.00,0.00,-0.31,0.00,0.00,-3829.37,-0.00,0.00,0.00,0.00,0.00,0.00,8.00
30758.00,0.00,0.00,0.19,0.00,0.00,-2.80,0.00,0.00,-191.05,-0.00,0.00,0.00,-0.00,0.00,-0.00,7.00
30765.00,0.00,0.00,0.12,0.00,0.00,-10.07,0.00,0.00,-1038.99,-0.00,0.00,0.00,-0.00,0.00,-0.00,6.00
30771.00,0.00,0.00,0.17,0.00,0.00,8.61,0.00,0.00,3113.35,-0.00,0.00,0.00,-0.00,0.00,0.00,7.00
30778.00,0.00,0.00,0.22,0.00,0.00,7.03,0.00,0.00,-225.45,-0.00,0.00,0.00,-0.00,0.00,0.00,6.00
30784.00,0.00,0.00,0.17,0.00,0.00,-7.79,0.00,0.00,-2470.20,-0.00,0.00,0.00,-0.00,0.00,0.00,18.00
30802.00,0.00,0.00,0.22,0.00,0.00,2.82,0.00,0.00,589.25,-0.00,0.00,0.00,0.00,0.00,0.00,7.00
30809.00,0.00,0.00,0.16,0.00,0.00,-8.91,0.00,0.00,-1675.50,-0.00,0.00,0.00,0.00,0.00,0.00,6.00
30815.00,0.00,0.00,0.09,0.00,0.00,-11.41,0.00,0.00,-415.81,-0.00,0.00,0.00,0.00,0.00,0.00,6.00
30821.00,0.00,0.00,0.05,0.00,0.00,-6.69,0.00,0.00,785.82,-0.00,0.00,0.00,0.00,0.00,0.00,5.00
30826.00,0.00,0.00,0.17,0.00,0.00,22.45,0.00,0.00,5827.82,-0.00,0.00,0.00,0.00,0.00,0.00,8.00
30838.00,0.00,0.00,0.19,0.00,0.00,2.29,0.00,0.00,-1679.91,-0.00,0.00,0.00,0.00,0.00,0.00,7.00
30845.00,0.00,0.00,0.21,0.00,0.00,2.59,0.00,0.00,42.59,-0.00,0.00,0.00,-0.00,-0.00,0.00,8.00
30853.00,0.00,0.00,0.14,0.00,0.00,-8.56,0.00,0.00,-1393.58,-0.00,0.00,0.00,-0.00,-0.01,0.00,7.00
30860.00,0.00,0.00,0.07,0.00,0.00,-10.54,0.00,0.00,-282.83,-0.00,0.00,0.00,-0.00,0.00,0.00,6.00
30866.00,0.00,0.00,0.28,0.00,0.00,35.88,0.00,0.00,7736.72,-0.00,0.00,0.00,-0.00,0.00,0.00,6.00
30872.00,0.00,0.00,0.17,0.00,0.00,-19.34,0.00,0.00,-9202.37,-0.00,0.00,0.00,0.00,0.00,-0.00,6.00
30878.00,0.00,0.00,0.14,0.00,0.00,-4.50,0.00,0.00,2472.85,-0.00,0.00,0.00,-0.00,0.00,-0.00,6.00
30884.00,0.00,0.00,0.23,0.00,0.00,14.30,0.00,0.00,3133.40,-0.00,0.00,0.00,-0.00,0.00,0.00,8.00
30892.00,0.00,0.00,0.20,0.00,0.00,-3.47,0.00,0.00,-2221.76,-0.00,0.00,0.00,0.00,-0.00,0.00,5.00
30897.00,0.00,0.00,0.26,0.00,0.00,12.70,0.00,0.00,3234.77,-0.00,0.00,0.00,0.00,0.00,0.00,6.00
30908.00,0.00,0.00,0.16,0.00,0.00,-8.93,0.00,0.00,-1966.45,-0.00,0.00,0.00,-0.00,0.00,0.00,17.00
30925.00,0.00,0.00,0.15,0.00,0.00,-0.73,0.00,0.00,482.11,-0.00,0.00,0.00,0.00,-0.00,0.00,8.00
30933.00,0.00,0.00,0.16,0.00,0.00,0.57,0.00,0.00,162.90,-0.00,0.00,0.00,-0.00,0.00,-0.00,6.00
30939.00,0.00,0.00,0.15,0.00,0.00,-0.30,0.00,0.00,-144.92,-0.00,0.00,0.00,-0.00,-0.00,-0.00,6.00
30945.00,0.00,0.00,0.17,0.00,0.00,1.73,0.00,0.00,337.60,-0.00,0.00,0.00,0.00,-0.00,0.00,8.00
30953.00,0.00,0.00,0.07,0.00,0.00,-12.09,0.00,0.00,-1726.56,-0.00,0.00,0.00,0.00,0.00,0.00,7.00
30960.00,0.00,0.00,0.19,0.00,0.00,17.10,0.00,0.00,4168.96,-0.00,0.00,0.00,-0.00,0.00,-0.00,5.00
30965.00,0.00,0.00,0.13,0.00,0.00,-11.16,0.00,0.00,-5650.69,-0.00,0.00,0.00,-0.00,0.00,-0.00,7.00
30972.00,0.00,0.00,0.18,0.00,0.00,6.16,0.00,0.00,2474.02,-0.00,0.00,0.00,0.00,0.00,0.00,6.00
30978.00,0.00,0.00,0.16,0.00,0.00,-2.08,0.00,0.00,-1373.04,-0.00,0.00,0.00,0.00,0.00,-0.00,7.00
30989.00,0.00,0.00,0.12,0.00,0.00,-3.96,0.00,0.00,-170.66,-0.00,0.00,0.00,0.00,-0.00,-0.00,16.00
31005.00,0.00,0.00,0.15,0.00,0.00,1.76,0.00,0.00,357.29,-0.00,0.00,0.00,0.00,0.00,0.00,9.00
31014.00,0.00,0.00,0.20,0.00,0.00,5.62,0.00,0.00,428.96,-0.00,0.00,0.00,-0.00,0.00,0.00,5.00
31019.00,0.00,0.00,0.19,0.00,0.00,-1.48,0.00,0.00,-1421.35,-0.00,0.00,0.00,0.00,0.00,0.00,6.00
31025.00,0.00,0.00,0.19,0.00,0.00,0.17,0.00,0.00,276.21,-0.00,0.00,0.00,0.00,0.00,0.00,8.00
31033.00,0.00,0.00,0.22,0.00,0.00,2.95,0.00,0.00,347.53,-0.00,0.00,0.00,0.00,0.00,0.00,7.00
31040.00,0.00,0.00,0.17,0.00,0.00,-5.99,0.00,0.00,-1277.65,-0.00,0.00,0.00,-0.00,-0.00,0.00,6.00
31046.00,0.00,0.00,0.25,0.00,0.00,12.76,0.00,0.00,3125.05,-0.00,0.00,0.00,-0.00,-0.00,0.00,8.00
31054.00,0.00,0.00,0.09,0.00,0.00,-19.93,0.00,0.00,-4086.47,-0.00,0.00,0.00,-0.00,0.00,0.00,8.00
31062.00,0.00,0.00,0.22,0.00,0.00,16.35,0.00,0.00,4535.39,-0.00,0.00,0.00,-0.00,0.00,-0.00,6.00
31072.00,0.00,0.00,0.21,0.00,0.00,-0.71,0.00,0.00,-1706.31,-0.00,0.00,0.00,0.00,0.00,-0.00,8.00
31080.00,0.00,0.00,0.25,0.00,0.00,3.90,0.00,0.00,576.51,-0.00,0.00,0.00,0.00,0.00,0.00,5.00
31085.00,0.00,0.00,0.22,0.00,0.00,-5.29,0.00,0.00,-1838.21,-0.00,0.00,0.00,0.00,0.00,0.00,18.00
31103.00,0.00,0.00,0.17,0.00,0.00,-3.00,0.00,0.00,127.40,-0.00,0.00,0.00,-0.00,0.00,0.00,7.00
31110.00,0.00,0.00,0.15,0.00,0.00,-2.60,0.00,0.00,57.40,-0.00,0.00,0.00,0.00,-0.00,-0.00,5.00
31115.00,0.00,0.00,0.15,0.00,0.00,1.26,0.00,0.00,770.61,-0.00,0.00,0.00,0.00,-0.00,-0.00,7.00
31122.00,0.00,0.00,0.12,0.00,0.00,-4.52,0.00,0.00,-824.56,-0.00,0.00,0.00,0.00,0.00,-0.00,6.00
31128.00,0.00,0.00,0.11,0.00,0.00,-1.37,0.00,0.00,524.33,-0.00,0.00,0.00,0.00,0.00,0.00,7.00
31135.00,0.00,0.00,0.16,0.00,0.00,6.00,0.00,0.00,1052.12,-0.00,0.00,0.00,0.00,0.00,0.00,8.00
31143.00,0.00,0.00,0.11,0.00,0.00,-5.34,0.00,0.00,-1416.60,-0.00,0.00,0.00,0.00,-0.00,0.00,4.00
31152.00,0.00,0.00,0.26,0.00,0.00,15.86,0.00,0.00,2354.83,-0.00,0.00,0.00,0.00,-0.01,0.00,5.00
31157.00,0.00,0.00,0.11,0.00,0.00,-28.19,0.00,0.00,-8810.02,-0.00,0.00,0.00,0.00,-0.01,-0.00,8.00
31165.00,0.00,0.00,0.20,0.00,0.00,10.09,0.00,0.00,4785.52,-0.00,0.00,0.00,-0.00,-0.00,-0.00,5.00
31170.00,0.00,0.00,0.23,0.00,0.00,6.71,0.00,0.00,-675.63,-0.00,0.00,0.00,0.00,-0.00,0.00,6.00
31176.00,0.00,0.00,0.23,0.00,0.00,0.64,0.00,0.00,-1011.68,-0.00,0.00,0.00,0.00,0.00,0.00,7.00
31183.00,0.00,0.00,0.19,0.00,0.00,-6.08,0.00,0.00,-960.67,-0.00,0.00,0.00,0.00,0.00,-0.00,17.00
31200.00,0.00,0.00,0.17,0.00,0.00,-1.30,0.00,0.00,281.23,-0.00,0.00,0.00,0.00,0.00,-0.00,6.00
31206.00,0.00,0.00,0.16,0.00,0.00,-1.31,0.00,0.00,-0.81,-0.00,0.00,0.00,0.00,0.00,-0.00,8.00
31214.00,0.00,0.00,0.08,0.00,0.00,-9.71,0.00,0.00,-1050.32,-0.00,0.00,0.00,0.00,0.00,0.00,5.00
31219.00,0.00,0.00,0.19,0.00,0.00,21.69,0.00,0.00,6278.96,-0.00,0.00,0.00,0.00,0.00,0.00,6.00
31234.00,0.00,0.00,0.12,0.00,0.00,-4.75,0.00,0.00,-1762.38,-0.00,0.00,0.00,-0.00,0.00,0.00,10.00
31244.00,0.00,0.00,0.26,0.00,0.00,13.76,0.00,0.00,1851.18,-0.00,0.00,0.00,0.00,-0.00,-0.00,8.00
31252.00,0.00,0.00,0.13,0.00,0.00,-15.49,0.00,0.00,-3656.46,-0.00,0.00,0.00,0.00,0.00,-0.00,6.00
31258.00,0.00,0.00,0.12,0.00,0.00,-2.49,0.00,0.00,2167.31,-0.00,0.00,0.00,0.00,0.00,-0.00,6.00
31264.00,0.00,0.00,0.09,0.00,0.00,-5.06,0.00,0.00,-428.94,-0.00,0.00,0.00,0.00,0.00,0.00,6.00
31270.00,0.00,0.00,0.13,0.00,0.00,6.50,0.00,0.00,1926.65,-0.00,0.00,0.00,0.00,-0.00,0.00,5.00
31275.00,0.00,0.00,0.21,0.00,0.00,16.89,0.00,0.00,2078.71,-0.00,0.00,0.00,0.00,-0.00,0.00,8.00
31283.00,0.00,0.00,0.39,0.00,0.00,21.94,0.00,0.00,630.41,-0.00,0.00,0.00,0.00,0.00,0.00,4.00
31287.00,0.00,0.00,0.18,0.00,0.00,-52.66,0.00,0.00,-18648.98,-0.00,0.00,0.00,-0.00,0.00,0.00,17.00
31304.00,0.00,0.00,0.19,0.00,0.00,0.77,0.00,0.00,3142.86,-0.00,0.00,0.00,0.00,0.00,0.00,9.00
31317.00,0.00,0.00,0.02,0.00,0.00,-12.89,0.00,0.00,-1050.87,-0.00,0.00,0.00,0.00,0.00,-0.00,8.00
31325.00,0.00,0.00,0.14,0.00,0.00,14.42,0.00,0.00,3413.72,-0.00,0.00,0.00,-0.00,-0.00,0.00,8.00
31333.00,0.00,0.00,0.13,0.00,0.00,-0.67,0.00,0.00,-1885.85,-0.00,0.00,0.00,-0.00,-0.00,0.00,8.00
31341.00,0.00,0.00,0.18,0.00,0.00,5.80,0.00,0.00,808.14,-0.00,0.00,0.00,0.00,-0.00,0.00,5.00
31346.00,0.00,0.00,0.20,0.00,0.00,3.78,0.00,0.00,-402.57,-0.00,0.00,0.00,0.00,0.00,0.00,4.00
31350.00,0.00,0.00,0.20,0.00,0.00,1.27,0.00,0.00,-628.45,-0.00,0.00,0.00,0.00,0.00,0.00,5.00
31355.00,0.00,0.00,0.17,0.00,0.00,-6.26,0.00,0.00,-1506.75,-0.00,0.00,0.00,0.00,0.00,0.00,9.00
31364.00,0.00,0.00,0.19,0.00,0.00,2.62,0.00,0.00,987.55,-0.00,0.00,0.00,-0.00,0.00,-0.00,5.00
31369.00,0.00,0.00,0.24,0.00,0.00,9.95,0.00,0.00,1464.48,-0.00,0.00,0.00,0.00,0.00,0.00,6.00
31375.00,0.00,0.00,0.22,0.00,0.00,-3.75,0.00,0.00,-2283.54,-0.00,0.00,0.00,0.00,0.00,0.00,9.00
31388.00,0.00,0.00,0.18,0.00,0.00,-3.46,0.00,0.00,22.62,-0.00,0.00,0.00,-0.00,0.00,-0.00,17.00
31405.00,0.00,0.00,0.13,0.00,0.00,-2.81,0.00,0.00,38.39,-0.00,0.00,0.00,0.00,0.00,0.00,9.00
31414.00,0.00,0.00,0.19,0.00,0.00,7.06,0.00,0.00,1096.02,-0.00,0.00,0.00,0.00,0.00,0.00,5.00
31419.00,0.00,0.00,0.19,0.00,0.00,0.48,0.00,0.00,-1315.34,-0.00,0.00,0.00,-0.00,0.00,-0.00,7.00
31426.00,0.00,0.00,0.21,0.00,0.00,1.87,0.00,0.00,198.26,-0.00,0.00,0.00,-0.00,0.00,-0.00,8.00
31434.00,0.00,0.00,0.14,0.00,0.00,-7.91,0.00,0.00,-1222.09,-0.00,0.00,0.00,0.00,-0.00,0.00,8.00
31442.00,0.00,0.00,0.14,0.00,0.00,-0.84,0.00,0.00,883.76,-0.00,0.00,0.00,-0.00,0.00,-0.00,5.00
31447.00,0.00,0.00,0.19,0.00,0.00,11.19,0.00,0.00,2405.26,-0.00,0.00,0.00,-0.00,0.00,-0.00,7.00
31454.00,0.00,0.00,0.17,0.00,0.00,-3.59,0.00,0.00,-2111.11,-0.00,0.00,0.00,0.00,0.00,0.00,9.00
31463.00,0.00,0.00,0.16,0.00,0.00,-0.68,0.00,0.00,323.36,-0.00,0.00,0.00,0.00,-0.00,-0.00,5.00
31473.00,0.00,0.00,0.15,0.00,0.00,-1.60,0.00,0.00,-92.24,-0.00,0.00,0.00,-0.00,0.00,0.00,7.00
31480.00,0.00,0.00,0.19,0.00,0.00,6.46,0.00,0.00,1152.13,-0.00,0.00,0.00,0.00,0.00,0.00,6.00
31486.00,0.00,0.00,0.09,0.00,0.00,-17.33,0.00,0.00,-3964.98,-0.00,0.00,0.00,0.00,0.00,0.00,18.00
31504.00,0.00,0.00,0.15,0.00,0.00,3.52,0.00,0.00,1158.28,-0.00,0.00,0.00,0.00,0.01,-0.00,8.00
31512.00,0.00,0.00,0.14,0.00,0.00,-1.77,0.00,0.00,-661.93,-0.00,0.00,0.00,0.00,-0.00,0.00,5.00
31517.00,0.00,0.00,0.15,0.00,0.00,3.16,0.00,0.00,987.12,-0.00,0.00,0.00,0.00,-0.00,0.00,7.00
31524.00,0.00,0.00,0.16,0.00,0.00,1.07,0.00,0.00,-298.19,-0.00,0.00,0.00,-0.00,-0.00,0.00,8.00
31532.00,0.00,0.00,0.15,0.00,0.00,-1.15,0.00,0.00,-277.47,-0.00,0.00,0.00,-0.00,0.00,0.00,5.00
31537.00,0.00,0.00,0.23,0.00,0.00,15.03,0.00,0.00,3234.42,-0.00,0.00,0.00,-0.00,0.00,-0.00,7.00
31544.00,0.00,0.00,0.21,0.00,0.00,-1.74,0.00,0.00,-2395.65,-0.00,0.00,0.00,-0.00,0.01,-0.00,9.00
31557.00,0.00,0.00,0.16,0.00,0.00,-4.37,0.00,0.00,-202.41,-0.00,0.00,0.00,0.00,-0.00,0.00,9.00
31566.00,0.00,0.00,0.15,0.00,0.00,-1.05,0.00,0.00,369.30,-0.00,0.00,0.00,0.00,-0.00,0.00,5.00
31571.00,0.00,0.00,0.24,0.00,0.00,18.31,0.00,0.00,3871.66,-0.00,0.00,0.00,0.00,-0.00,0.00,6.00
31577.00,0.00,0.00,0.20,0.00,0.00,-6.41,0.00,0.00,-4119.46,-0.00,0.00,0.00,-0.00,-0.00,0.00,7.00
31584.00,0.00,0.00,0.10,0.00,0.00,-14.04,0.00,0.00,-1089.94,-0.00,0.00,0.00,-0.00,-0.00,0.00,18.00
31602.00,0.00,0.00,0.16,0.00,0.00,2.97,0.00,0.00,944.72,-0.00,0.00,0.00,0.00,0.00,-0.00,6.00
31608.00,0.00,0.00,0.14,0.00,0.00,-3.43,0.00,0.00,-1065.89,-0.00,0.00,0.00,0.00,0.00,-0.00,7.00
31615.00,0.00,0.00,0.25,0.00,0.00,16.13,0.00,0.00,2793.98,-0.00,0.00,0.00,0.00,0.00,0.00,5.00
31620.00,0.00,0.00,0.13,0.00,0.00,-23.25,0.00,0.00,-7875.03,-0.00,0.00,0.00,-0.00,0.00,0.00,6.00
31626.00,0.00,0.00,0.12,0.00,0.00,-1.99,0.00,0.00,3543.40,-0.00,0.00,0.00,-0.00,0.00,0.00,8.00
31639.00,0.00,0.00,0.24,0.00,0.00,8.89,0.00,0.00,836.82,-0.00,0.00,0.00,0.00,-0.00,0.00,7.00
31646.00,0.00,0.00,0.11,0.00,0.00,-17.56,0.00,0.00,-3778.57,-0.00,0.00,0.00,0.00,-0.00,0.00,8.00
31654.00,0.00,0.00,0.18,0.00,0.00,8.24,0.00,0.00,3225.11,-0.00,0.00,0.00,0.00,0.00,-0.00,8.00
31662.00,0.00,0.00,0.24,0.00,0.00,7.09,0.00,0.00,-143.99,-0.00,0.00,0.00,-0.00,0.00,-0.00,5.00
31667.00,0.00,0.00,0.14,0.00,0.00,-19.90,0.00,0.00,-5398.42,-0.00,0.00,0.00,-0.00,0.00,-0.00,7.00
31674.00,0.00,0.00,0.13,0.00,0.00,-1.21,0.00,0.00,2670.76,-0.00,0.00,0.00,-0.00,-0.00,0.00,6.00
31680.00,0.00,0.00,0.25,0.00,0.00,19.59,0.00,0.00,3466.60,-0.00,0.00,0.00,-0.00,-0.00,0.00,6.00
31686.00,0.00,0.00,0.16,0.00,0.00,-13.62,0.00,0.00,-5535.54,-0.00,0.00,0.00,-0.00,0.00,-0.00,8.00
31694.00,0.00,0.00,0.19,0.00,0.00,3.87,0.00,0.00,2186.51,-0.00,0.00,0.00,0.00,0.00,0.00,18.00
31712.00,0.00,0.00,0.12,0.00,0.00,-4.23,0.00,0.00,-450.39,-0.00,0.00,0.00,0.00,-0.00,0.00,6.00
31722.00,0.00,0.00,0.11,0.00,0.00,-0.77,0.00,0.00,346.57,-0.00,0.00,0.00,-0.00,0.00,0.00,6.00
31728.00,0.00,0.00,0.23,0.00,0.00,20.18,0.00,0.00,3490.61,-0.00,0.00,0.00,-0.00,0.00,-0.00,7.00
31735.00,0.00,0.00,0.11,0.00,0.00,-17.60,0.00,0.00,-5395.79,-0.00,0.00,0.00,-0.01,0.00,-0.00,9.00
31744.00,0.00,0.00,0.23,0.00,0.00,13.02,0.00,0.00,3401.60,-0.00,0.00,0.00,-0.00,0.00,0.00,7.00
31751.00,0.00,0.00,0.19,0.00,0.00,-5.66,0.00,0.00,-2669.05,-0.00,0.00,0.00,0.00,0.00,0.00,5.00
31756.00,0.00,0.00,0.14,0.00,0.00,-9.88,0.00,0.00,-842.83,-0.00,0.00,0.00,0.00,0.00,0.00,9.00
31765.00,0.00,0.00,0.15,0.00,0.00,1.28,0.00,0.00,1240.04,-0.00,0.00,0.00,0.00,-0.00,0.00,5.00
31770.00,0.00,0.00,0.14,0.00,0.00,-1.09,0.00,0.00,-474.98,-0.00,0.00,0.00,-0.00,-0.00,0.00,6.00
31776.00,0.00,0.00,0.21,0.00,0.00,11.26,0.00,0.00,2059.01,-0.00,0.00,0.00,-0.00,-0.00,0.00,8.00
31784.00,0.00,0.00,0.09,0.00,0.00,-15.39,0.00,0.00,-3331.81,-0.00,0.00,0.00,0.00,-0.00,-0.00,7.00
31795.00,0.00,0.00,0.56,0.00,0.00,42.87,0.00,0.00,5296.53,-0.00,0.00,0.00,0.00,-0.00,-0.00,6.00
31801.00,0.00,0.00,0.16,0.00,0.00,-65.98,0.00,0.00,-18141.18,-0.00,0.00,0.00,0.00,0.00,-0.00,15.00
31816.00,0.00,0.00,0.17,0.00,0.00,0.37,0.00,0.00,4422.94,-0.00,0.00,0.00,0.00,-0.00,-0.00,7.00
31823.00,0.00,0.00,0.11,0.00,0.00,-8.90,0.00,0.00,-1323.87,-0.00,0.00,0.00,0.00,-0.00,0.01,5.00
31828.00,0.00,0.00,0.16,0.00,0.00,11.80,0.00,0.00,4140.29,-0.00,0.00,0.00,0.00,0.00,0.00,4.00
31832.00,0.00,0.00,0.22,0.00,0.00,12.82,0.00,0.00,254.13,-0.00,0.00,0.00,0.00,0.00,0.01,5.00
31837.00,0.00,0.00,0.24,0.00,0.00,5.13,0.00,0.00,-1537.83,-0.00,0.00,0.00,-0.00,0.00,0.00,7.00
31844.00,0.00,0.00,0.15,0.00,0.00,-12.61,0.00,0.00,-2534.53,-0.00,0.00,0.00,-0.00,0.00,0.00,8.00
31852.00,0.00,0.00,0.18,0.00,0.00,3.86,0.00,0.00,2058.78,-0.00,0.00,0.00,-0.00,0.00,-0.00,5.00
31857.00,0.00,0.00,0.18,0.00,0.00,-1.10,0.00,0.00,-990.97,-0.00,0.00,0.00,0.00,0.00,-0.00,8.00
31870.00,0.00,0.00,0.18,0.00,0.00,-0.27,0.00,0.00,63.63,-0.00,0.00,0.00,-0.00,-0.00,-0.00,7.00
31877.00,0.00,0.00,0.19,0.00,0.00,1.58,0.00,0.00,265.18,-0.00,0.00,0.00,-0.00,-0.00,-0.00,8.00
31885.00,0.00,0.00,0.30,0.00,0.00,14.05,0.00,0.00,1558.68,-0.00,0.00,0.00,-0.00,-0.00,-0.00,17.00
31902.00,0.00,0.00,0.11,0.00,0.00,-11.12,0.00,0.00,-1480.52,-0.00,0.00,0.00,-0.00,-0.00,0.00,6.00
31908.00,0.00,0.00,0.18,0.00,0.00,11.96,0.00,0.00,3845.03,-0.00,0.00,0.00,-0.00,-0.00,0.00,7.00
31915.00,0.00,0.00,0.19,0.00,0.00,1.75,0.00,0.00,-1458.28,-0.00,0.00,0.00,-0.00,0.00,0.00,6.00
31921.00,0.00,0.00,0.14,0.00,0.00,-8.63,0.00,0.00,-1728.82,-0.00,0.00,0.00,-0.00,0.00,0.00,5.00
31926.00,0.00,0.00,0.13,0.00,0.00,-2.45,0.00,0.00,1234.16,-0.00,0.00,0.00,-0.00,-0.00,0.00,9.00
31935.00,0.00,0.00,0.22,0.00,0.00,9.53,0.00,0.00,1331.49,-0.00,0.00,0.00,-0.00,-0.00,-0.00,7.00
31942.00,0.00,0.00,0.12,0.00,0.00,-13.15,0.00,0.00,-3239.18,-0.00,0.00,0.00,-0.00,0.00,0.00,6.00
31958.00,0.00,0.00,0.15,0.00,0.00,1.69,0.00,0.00,927.24,-0.00,0.00,0.00,0.00,0.00,-0.00,8.00
31966.00,0.00,0.00,0.17,0.00,0.00,2.89,0.00,0.00,149.49,-0.00,0.00,0.00,0.00,0.00,0.00,5.00
31971.00,0.00,0.00,0.12,0.00,0.00,-10.73,0.00,0.00,-2723.57,-0.00,0.00,0.00,-0.00,0.00,-0.00,6.00
31977.00,0.00,0.00,0.22,0.00,0.00,16.96,0.00,0.00,4615.00,-0.00,0.00,0.00,-0.00,0.00,-0.00,8.00
31985.00,0.00,0.00,0.22,0.00,0.00,-0.62,0.00,0.00,-2197.46,-0.00,0.00,0.00,-0.00,0.00,-0.00,17.00
32002.00,0.00,0.00,0.18,0.00,0.00,-2.44,0.00,0.00,-106.86,-0.00,0.00,0.00,-0.00,-0.00,0.00,6.00
32008.00,0.00,0.00,0.20,0.00,0.00,4.54,0.00,0.00,1162.93,-0.00,0.00,0.00,-0.00,-0.00,0.00,7.00
32015.00,0.00,0.00,0.18,0.00,0.00,-2.87,0.00,0.00,-1058.56,-0.00,0.00,0.00,0.00,-0.00,0.00,6.00
32021.00,0.00,0.00,0.17,0.00,0.00,-2.24,0.00,0.00,104.55,-0.00,0.00,0.00,0.00,-0.00,0.00,6.00
32027.00,0.00,0.00,0.14,0.00,0.00,-5.01,0.00,0.00,-461.62,-0.00,0.00,0.00,0.00,-0.00,0.00,8.00
32040.00,0.00,0.00,0.18,0.00,0.00,3.09,0.00,0.00,623.10,-0.00,0.00,0.00,-0.00,0.00,0.00,7.00
32047.00,0.00,0.00,0.08,0.00,0.00,-14.22,0.00,0.00,-2471.91,-0.00,0.00,0.00,-0.00,0.00,0.00,8.00
32055.00,0.00,0.00,0.13,0.00,0.00,6.85,0.00,0.00,2633.83,-0.00,0.00,0.00,0.00,0.00,0.00,7.00
32062.00,0.00,0.00,0.10,0.00,0.00,-5.49,0.00,0.00,-1763.12,-0.00,0.00,0.00,0.00,0.01,0.00,5.00
32067.00,0.00,0.00,0.18,0.00,0.00,16.88,0.00,0.00,4474.02,-0.00,0.00,0.00,0.00,0.01,0.00,6.00
32073.00,0.00,0.00,0.19,0.00,0.00,1.39,0.00,0.00,-2581.39,-0.00,0.00,0.00,-0.00,0.00,0.00,5.00
32078.00,0.00,0.00,0.13,0.00,0.00,-10.83,0.00,0.00,-2444.89,-0.00,0.00,0.00,-0.00,0.00,0.00,8.00
32086.00,0.00,0.00,0.20,0.00,0.00,7.59,0.00,0.00,2302.06,-0.00,0.00,0.00,-0.00,0.00,0.00,8.00
32094.00,0.00,0.00,0.17,0.00,0.00,-3.76,0.00,0.00,-1417.92,-0.00,0.00,0.00,0.00,0.00,-0.00,16.00
32110.00,0.00,0.00,0.25,0.00,0.00,5.35,0.00,0.00,569.11,-0.00,0.00,0.00,-0.00,-0.00,0.00,7.00
32122.00,0.00,0.00,0.18,0.00,0.00,-6.32,0.00,0.00,-972.22,-0.00,0.00,0.00,0.00,0.00,0.00,6.00
32128.00,0.00,0.00,0.20,0.00,0.00,3.43,0.00,0.00,1625.25,-0.00,0.00,0.00,-0.00,0.00,0.00,8.00
32136.00,0.00,0.00,0.15,0.00,0.00,-5.65,0.00,0.00,-1135.74,-0.00,0.00,0.00,-0.00,0.00,0.00,7.00
32143.00,0.00,0.00,0.14,0.00,0.00,-1.25,0.00,0.00,628.63,-0.00,0.00,0.00,-0.00,0.00,0.00,6.00
32149.00,0.00,0.00,0.15,0.00,0.00,1.02,0.00,0.00,378.29,-0.00,0.00,0.00,-0.00,0.00,0.00,7.00
32156.00,0.00,0.00,0.23,0.00,0.00,11.37,0.00,0.00,1478.62,-0.00,0.00,0.00,-0.00,0.00,0.00,9.00
32165.00,0.00,0.00,0.12,0.00,0.00,-12.27,0.00,0.00,-2626.19,-0.00,0.00,0.00,-0.00,0.00,0.00,5.00
32170.00,0.00,0.00,0.20,0.00,0.00,16.23,0.00,0.00,5699.64,-0.00,0.00,0.00,-0.00,-0.00,0.00,7.00
32177.00,0.00,0.00,0.23,0.00,0.00,4.21,0.00,0.00,-1716.79,-0.00,0.00,0.00,0.00,-0.00,0.00,8.00
32185.00,0.00,0.00,0.13,0.00,0.00,-12.34,0.00,0.00,-2068.81,-0.00,0.00,0.00,-0.00,0.00,0.00,8.00
32197.00,0.00,0.00,0.17,0.00,0.00,3.27,0.00,0.00,1300.32,-0.00,0.00,0.00,-0.00,0.00,0.00,19.00
32216.00,0.00,0.00,0.12,0.00,0.00,-2.43,0.00,0.00,-299.81,-0.00,0.00,0.00,0.00,0.00,0.00,6.00
32222.00,0.00,0.00,0.16,0.00,0.00,6.35,0.00,0.00,1463.83,-0.00,0.00,0.00,0.00,-0.00,0.00,5.00
32227.00,0.00,0.00,0.26,0.00,0.00,19.83,0.00,0.00,2695.65,-0.00,0.00,0.00,0.00,0.00,0.00,4.00
32231.00,0.00,0.00,0.26,0.00,0.00,-0.75,0.00,0.00,-5145.50,-0.00,0.00,0.00,0.00,0.00,-0.00,5.00
32236.00,0.00,0.00,0.19,0.00,0.00,-13.33,0.00,0.00,-2516.43,-0.00,0.00,0.00,0.00,0.00,-0.00,8.00
32244.00,0.00,0.00,0.20,0.00,0.00,0.81,0.00,0.00,1767.61,-0.00,0.00,0.00,0.00,0.00,0.00,6.00
32250.00,0.00,0.00,0.19,0.00,0.00,-0.18,0.00,0.00,-165.07,-0.00,0.00,0.00,-0.00,0.00,0.00,6.00
32256.00,0.00,0.00,0.16,0.00,0.00,-6.41,0.00,0.00,-1038.01,-0.00,0.00,0.00,-0.00,0.00,0.00,9.00
32265.00,0.00,0.00,0.25,0.00,0.00,10.51,0.00,0.00,1879.53,-0.00,0.00,0.00,0.00,0.01,0.00,5.00
32275.00,0.00,0.00,0.12,0.00,0.00,-12.76,0.00,0.00,-2326.42,-0.00,0.00,0.00,0.00,0.00,0.00,8.00
32283.00,0.00,0.00,0.30,0.00,0.00,21.49,0.00,0.00,4280.59,-0.00,0.00,0.00,-0.00,0.00,0.00,5.00
32288.00,0.00,0.00,0.12,0.00,0.00,-35.11,0.00,0.00,-11320.00,-0.00,0.00,0.00,-0.00,0.00,-0.00,18.00
32306.00,0.00,0.00,0.08,0.00,0.00,-2.48,0.00,0.00,1812.85,-0.00,0.00,0.00,0.00,0.00,0.00,8.00
32314.00,0.00,0.00,0.17,0.00,0.00,12.39,0.00,0.00,1859.68,-0.00,0.00,0.00,0.00,0.00,0.00,5.00
32319.00,0.00,0.00,0.06,0.00,0.00,-23.16,0.00,0.00,-7111.07,-0.00,0.00,0.00,0.00,0.00,0.00,6.00
32325.00,0.00,0.00,0.44,0.00,0.00,63.12,0.00,0.00,14379.89,-0.00,0.00,0.00,0.00,-0.00,0.00,4.00
32329.00,0.00,0.00,0.11,0.00,0.00,-81.84,0.00,0.00,-36240.02,-0.00,0.00,0.00,0.00,-0.00,0.00,7.00
32336.00,0.00,0.00,0.09,0.00,0.00,-2.82,0.00,0.00,11289.25,-0.00,0.00,0.00,0.00,0.00,-0.00,8.00
32344.00,0.00,0.00,0.16,0.00,0.00,9.35,0.00,0.00,1521.23,-0.00,0.00,0.00,-0.00,0.00,-0.00,5.00
32354.00,0.00,0.00,0.17,0.00,0.00,0.10,0.00,0.00,-925.38,-0.00,0.00,0.00,0.00,0.00,0.00,7.00
32361.00,0.00,0.00,0.17,0.00,0.00,0.24,0.00,0.00,19.63,-0.00,0.00,0.00,-0.00,0.00,0.00,6.00
32367.00,0.00,0.00,0.15,0.00,0.00,-2.82,0.00,0.00,-510.21,-0.00,0.00,0.00,-0.00,0.00,0.00,6.00
32373.00,0.00,0.00,0.15,0.00,0.00,-0.06,0.00,0.00,460.25,-0.00,0.00,0.00,-0.00,0.00,-0.00,5.00
32378.00,0.00,0.00,0.19,0.00,0.00,6.98,0.00,0.00,1408.77,-0.00,0.00,0.00,-0.00,-0.00,-0.00,8.00
32386.00,0.00,0.00,0.18,0.00,0.00,-0.11,0.00,0.00,-886.74,-0.00,0.00,0.00,-0.00,-0.00,-0.00,8.00
32394.00,0.00,0.00,0.18,0.00,0.00,-0.13,0.00,0.00,-1.98,-0.00,0.00,0.00,-0.00,0.00,0.00,15.00
32409.00,0.00,0.00,0.18,0.00,0.00,0.07,0.00,0.00,13.15,-0.00,0.00,0.00,0.00,0.00,-0.00,7.00
32416.00,0.00,0.00,0.11,0.00,0.00,-10.19,0.00,0.00,-1465.96,-0.00,0.00,0.00,0.00,0.00,0.00,5.00
32421.00,0.00,0.00,0.21,0.00,0.00,19.95,0.00,0.00,6028.22,-0.00,0.00,0.00,0.00,-0.00,0.00,7.00
32432.00,0.00,0.00,0.18,0.00,0.00,-3.22,0.00,0.00,-2106.34,-0.00,0.00,0.00,0.00,0.00,-0.00,7.00
32439.00,0.00,0.00,0.13,0.00,0.00,-6.94,0.00,0.00,-530.86,-0.00,0.00,0.00,0.00,0.00,-0.00,7.00
32446.00,0.00,0.00,0.15,0.00,0.00,3.34,0.00,0.00,1467.69,-0.00,0.00,0.00,-0.00,0.00,0.00,8.00
32454.00,0.00,0.00,0.17,0.00,0.00,1.74,0.00,0.00,-198.90,-0.00,0.00,0.00,-0.00,-0.00,-0.00,6.00
32460.00,0.00,0.00,0.16,0.00,0.00,-0.72,0.00,0.00,-410.78,-0.00,0.00,0.00,-0.00,-0.00,-0.00,7.00
32467.00,0.00,0.00,0.15,0.00,0.00,-2.34,0.00,0.00,-231.83,-0.00,0.00,0.00,0.00,-0.00,0.00,5.00
32472.00,0.00,0.00,0.08,0.00,0.00,-13.08,0.00,0.00,-2147.43,-0.00,0.00,0.00,0.00,-0.00,0.00,6.00
32478.00,0.00,0.00,0.24,0.00,0.00,26.18,0.00,0.00,6543.63,-0.00,0.00,0.00,0.00,-0.00,0.00,8.00
32486.00,0.00,0.00,0.14,0.00,0.00,-12.25,0.00,0.00,-4804.44,-0.00,0.00,0.00,-0.00,0.00,0.00,17.00
32503.00,0.00,0.00,0.21,0.00,0.00,3.95,0.00,0.00,953.36,-0.00,0.00,0.00,0.00,0.00,0.00,6.00
32514.00,0.00,0.00,0.11,0.00,0.00,-8.73,0.00,0.00,-1152.91,-0.00,0.00,0.00,0.00,-0.00,0.00,6.00
32520.00,0.00,0.00,0.18,0.00,0.00,12.29,0.00,0.00,3503.46,-0.00,0.00,0.00,-0.00,-0.00,0.00,7.00
32527.00,0.00,0.00,0.18,0.00,0.00,-1.19,0.00,0.00,-1925.42,-0.00,0.00,0.00,-0.00,-0.00,-0.00,8.00
32535.00,0.00,0.00,0.11,0.00,0.00,-7.92,0.00,0.00,-841.87,-0.00,0.00,0.00,-0.00,-0.00,0.00,7.00
32542.00,0.00,0.00,0.14,0.00,0.00,4.06,0.00,0.00,1711.39,-0.00,0.00,0.00,-0.00,-0.00,0.00,6.00
32548.00,0.00,0.00,0.19,0.00,0.00,8.29,0.00,0.00,704.90,-0.00,0.00,0.00,-0.00,-0.00,0.00,8.00
32556.00,0.00,0.00,0.16,0.00,0.00,-3.96,0.00,0.00,-1530.64,-0.00,0.00,0.00,-0.00,0.00,0.00,8.00
32564.00,0.00,0.00,0.23,0.00,0.00,8.38,0.00,0.00,1541.65,-0.00,0.00,0.00,0.00,-0.00,0.00,5.00
32569.00,0.00,0.00,0.21,0.00,0.00,-2.67,0.00,0.00,-2210.21,-0.00,0.00,0.00,0.00,-0.00,0.00,6.00
32575.00,0.00,0.00,0.22,0.00,0.00,1.39,0.00,0.00,676.61,-0.00,0.00,0.00,0.00,-0.00,0.00,7.00
32594.00,0.00,0.00,0.24,0.00,0.00,0.93,0.00,0.00,-23.87,-0.00,0.00,0.00,-0.00,0.00,-0.00,16.00
32610.00,0.00,0.00,0.19,0.00,0.00,-3.12,0.00,0.00,-253.40,-0.00,0.00,0.00,0.00,0.00,0.00,8.00
32618.00,0.00,0.00,0.20,0.00,0.00,1.78,0.00,0.00,613.24,-0.00,0.00,0.00,0.00,0.00,-0.00,5.00
32623.00,0.00,0.00,0.18,0.00,0.00,-5.24,0.00,0.00,-1403.96,-0.00,0.00,0.00,0.00,0.00,-0.00,5.00
32628.00,0.00,0.00,0.24,0.00,0.00,12.28,0.00,0.00,3502.43,-0.00,0.00,0.00,0.00,0.00,-0.00,8.00
32636.00,0.00,0.00,0.10,0.00,0.00,-16.88,0.00,0.00,-3644.01,-0.00,0.00,0.00,-0.00,0.00,0.00,8.00
32644.00,0.00,0.00,0.14,0.00,0.00,4.41,0.00,0.00,2660.36,-0.00,0.00,0.00,-0.00,-0.00,0.00,5.00
32649.00,0.00,0.00,0.16,0.00,0.00,5.25,0.00,0.00,169.69,-0.00,0.00,0.00,-0.00,0.00,0.00,8.00
32657.00,0.00,0.00,0.20,0.00,0.00,4.00,0.00,0.00,-156.28,-0.00,0.00,0.00,-0.00,0.00,-0.00,8.00
32665.00,0.00,0.00,0.14,0.00,0.00,-7.45,0.00,0.00,-1431.59,-0.00,0.00,0.00,-0.00,0.00,0.00,6.00
32676.00,0.00,0.00,0.23,0.00,0.00,8.85,0.00,0.00,1481.97,-0.00,0.00,0.00,0.00,-0.00,0.00,9.00
32685.00,0.00,0.00,0.20,0.00,0.00,-3.66,0.00,0.00,-1390.68,-0.00,0.00,0.00,0.00,0.00,0.00,6.00
32691.00,0.00,0.00,0.28,0.00,0.00,13.85,0.00,0.00,2918.94,-0.00,0.00,0.00,0.00,-0.00,0.00,17.00
32708.00,0.00,0.00,0.21,0.00,0.00,-4.33,0.00,0.00,-1069.76,-0.00,0.00,0.00,-0.00,0.00,0.00,8.00
32716.00,0.00,0.00,0.13,0.00,0.00,-9.50,0.00,0.00,-645.91,-0.00,0.00,0.00,0.00,0.00,0.00,6.00
32722.00,0.00,0.00,0.14,0.00,0.00,1.32,0.00,0.00,1804.31,-0.00,0.00,0.00,0.00,0.00,-0.00,6.00
32728.00,0.00,0.00,0.12,0.00,0.00,-2.97,0.00,0.00,-714.99,-0.00,0.00,0.00,0.00,0.00,-0.00,8.00
32736.00,0.00,0.00,0.14,0.00,0.00,1.49,0.00,0.00,556.98,-0.00,0.00,0.00,-0.00,0.00,0.00,8.00
32744.00,0.00,0.00,0.16,0.00,0.00,2.73,0.00,0.00,155.40,-0.00,0.00,0.00,0.00,-0.00,-0.00,5.00
32749.00,0.00,0.00,0.14,0.00,0.00,-2.78,0.00,0.00,-1103.11,-0.00,0.00,0.00,0.00,-0.00,-0.00,8.00
32762.00,0.00,0.00,0.22,0.00,0.00,6.15,0.00,0.00,687.42,-0.00,0.00,0.00,0.00,0.00,0.00,7.00
32769.00,0.00,0.00,0.19,0.00,0.00,-4.75,0.00,0.00,-1557.07,-0.00,0.00,0.00,0.00,0.00,0.00,6.00
32775.00,0.00,0.00,0.26,0.00,0.00,12.12,0.00,0.00,2811.37,-0.00,0.00,0.00,-0.00,0.00,-0.00,6.00
32781.00,0.00,0.00,0.18,0.00,0.00,-13.68,0.00,0.00,-4299.81,-0.00,0.00,0.00,-0.00,0.00,-0.00,7.00
32788.00,0.00,0.00,0.12,0.00,0.00,-8.78,0.00,0.00,699.82,-0.00,0.00,0.00,-0.00,-0.00,0.00,18.00
32806.00,0.00,0.00,0.21,0.00,0.00,4.97,0.00,0.00,763.83,-0.00,0.00,0.00,0.00,-0.00,0.00,7.00
32813.00,0.00,0.00,0.17,0.00,0.00,-6.01,0.00,0.00,-1569.10,-0.00,0.00,0.00,0.00,0.00,0.00,4.00
32817.00,0.00,0.00,0.22,0.00,0.00,13.28,0.00,0.00,4822.64,-0.00,0.00,0.00,0.00,-0.00,-0.00,4.00
32821.00,0.00,0.00,0.15,0.00,0.00,-17.14,0.00,0.00,-7605.37,-0.00,0.00,0.00,-0.00,-0.00,0.00,7.00
32828.00,0.00,0.00,0.19,0.00,0.00,5.06,0.00,0.00,3171.80,-0.00,0.00,0.00,-0.00,-0.00,0.00,8.00
32841.00,0.00,0.00,0.22,0.00,0.00,2.76,0.00,0.00,-176.74,-0.00,0.00,0.00,0.00,0.00,0.00,8.00
32849.00,0.00,0.00,0.15,0.00,0.00,-8.94,0.00,0.00,-1462.61,-0.00,0.00,0.00,0.00,0.00,0.00,8.00
32857.00,0.00,0.00,0.16,0.00,0.00,1.47,0.00,0.00,1301.80,-0.00,0.00,0.00,-0.00,-0.00,-0.00,7.00
32864.00,0.00,0.00,0.17,0.00,0.00,0.24,0.00,0.00,-177.02,-0.00,0.00,0.00,0.00,0.00,0.00,5.00
32869.00,0.00,0.00,0.25,0.00,0.00,16.61,0.00,0.00,3274.85,-0.00,0.00,0.00,0.00,0.00,0.00,6.00
32875.00,0.00,0.00,0.11,0.00,0.00,-23.89,0.00,0.00,-6749.21,-0.00,0.00,0.00,-0.00,-0.00,-0.00,6.00
32881.00,0.00,0.00,0.22,0.00,0.00,18.66,0.00,0.00,7090.13,-0.00,0.00,0.00,0.00,-0.00,-0.00,7.00
32888.00,0.00,0.00,0.18,0.00,0.00,-5.20,0.00,0.00,-3408.25,-0.00,0.00,0.00,0.00,-0.00,-0.00,8.00
32896.00,0.00,0.00,0.10,0.00,0.00,-9.71,0.00,0.00,-564.05,-0.00,0.00,0.00,-0.00,0.00,0.00,17.00
32913.00,0.00,0.00,0.13,0.00,0.00,1.45,0.00,0.00,656.98,-0.00,0.00,0.00,-0.00,0.00,0.00,6.00
32924.00,0.00,0.00,0.21,0.00,0.00,7.49,0.00,0.00,548.70,-0.00,0.00,0.00,-0.00,-0.01,0.00,6.00
32930.00,0.00,0.00,0.15,0.00,0.00,-10.11,0.00,0.00,-2933.65,-0.00,0.00,0.00,-0.00,-0.00,0.00,7.00
32937.00,0.00,0.00,0.17,0.00,0.00,3.36,0.00,0.00,1924.77,-0.00,0.00,0.00,0.00,-0.00,0.00,9.00
32946.00,0.00,0.00,0.19,0.00,0.00,2.12,0.00,0.00,-138.08,-0.00,0.00,0.00,0.00,-0.00,0.00,6.00
32952.00,0.00,0.00,0.17,0.00,0.00,-4.20,0.00,0.00,-1052.75,-0.00,0.00,0.00,0.00,-0.00,0.00,6.00
32958.00,0.00,0.00,0.15,0.00,0.00,-3.17,0.00,0.00,170.57,-0.00,0.00,0.00,0.00,-0.01,0.00,9.00
32967.00,0.00,0.00,0.21,0.00,0.00,7.21,0.00,0.00,1154.13,-0.00,0.00,0.00,-0.00,-0.00,0.00,6.00
32973.00,0.00,0.00,0.31,0.00,0.00,15.84,0.00,0.00,1438.67,-0.00,0.00,0.00,-0.00,-0.00,0.00,5.00
32978.00,0.00,0.00,0.22,0.00,0.00,-18.29,0.00,0.00,-6826.44,-0.00,0.00,0.00,-0.00,0.00,0.00,9.00
32987.00,0.00,0.00,0.16,0.00,0.00,-6.75,0.00,0.00,1281.85,-0.00,0.00,0.00,0.00,-0.00,0.00,7.00
32999.00,0.00,0.00,0.26,0.00,0.00,8.26,0.00,0.00,1250.64,-0.00,0.00,0.00,0.00,-0.00,0.00,19.00
33018.00,0.00,0.00,0.16,0.00,0.00,-4.92,0.00,0.00,-693.61,-0.00,0.00,0.00,0.00,0.00,0.00,5.00
33023.00,0.00,0.00,0.16,0.00,0.00,-0.73,0.00,0.00,839.16,-0.00,0.00,0.00,0.00,0.00,-0.00,5.00
33028.00,0.00,0.00,0.15,0.00,0.00,-1.34,0.00,0.00,-122.01,-0.00,0.00,0.00,0.00,0.00,-0.00,9.00
33037.00,0.00,0.00,0.22,0.00,0.00,8.18,0.00,0.00,1057.86,-0.00,0.00,0.00,-0.00,0.00,0.00,7.00
33044.00,0.00,0.00,0.19,0.00,0.00,-5.28,0.00,0.00,-1923.42,-0.00,0.00,0.00,0.00,0.00,0.00,6.00
33050.00,0.00,0.00,0.15,0.00,0.00,-6.41,0.00,0.00,-188.30,-0.00,0.00,0.00,0.00,0.00,0.00,7.00
33057.00,0.00,0.00,0.26,0.00,0.00,15.94,0.00,0.00,3193.23,-0.00,0.00,0.00,0.00,0.00,0.00,8.00
33065.00,0.00,0.00,0.03,0.00,0.00,-29.41,0.00,0.00,-5668.61,-0.00,0.00,0.00,0.00,0.00,0.00,5.00
33070.00,0.00,0.00,0.20,0.00,0.00,34.66,0.00,0.00,12813.49,-0.00,0.00,0.00,0.00,0.00,0.00,7.00
33082.00,0.00,0.00,0.20,0.00,0.00,-0.12,0.00,0.00,-2898.35,-0.00,0.00,0.00,0.00,0.00,-0.00,7.00
33089.00,0.00,0.00,0.19,0.00,0.00,-1.35,0.00,0.00,-175.31,-0.00,0.00,0.00,0.00,0.00,-0.00,6.00
33095.00,0.00,0.00,0.14,0.00,0.00,-7.54,0.00,0.00,-1033.10,-0.00,0.00,0.00,-0.00,-0.00,-0.00,16.00
33111.00,0.00,0.00,0.10,0.00,0.00,-2.76,0.00,0.00,298.82,-0.00,0.00,0.00,-0.00,-0.00,0.00,7.00
33118.00,0.00,0.00,0.13,0.00,0.00,3.80,0.00,0.00,936.94,-0.00,0.00,0.00,0.00,-0.00,0.00,5.00
33124.00,0.00,0.00,0.04,0.00,0.00,-13.90,0.00,0.00,-2948.67,-0.00,0.00,0.00,-0.00,-0.00,0.00,6.00
33130.00,0.00,0.00,0.14,0.00,0.00,16.40,0.00,0.00,5049.03,-0.00,0.00,0.00,-0.00,-0.00,0.00,7.00
33137.00,0.00,0.00,0.22,0.00,0.00,11.24,0.00,0.00,-736.52,-0.00,0.00,0.00,-0.00,-0.00,-0.00,8.00
33145.00,0.00,0.00,0.16,0.00,0.00,-7.02,0.00,0.00,-2282.82,-0.00,0.00,0.00,-0.00,-0.00,0.00,5.00
33150.00,0.00,0.00,0.09,0.00,0.00,-15.28,0.00,0.00,-1652.47,-0.00,0.00,0.00,-0.00,-0.00,0.00,8.00
33163.00,0.00,0.00,0.16,0.00,0.00,5.90,0.00,0.00,1629.29,-0.00,0.00,0.00,-0.00,-0.00,-0.00,7.00
33170.00,0.00,0.00,0.13,0.00,0.00,-5.21,0.00,0.00,-1586.86,-0.00,0.00,0.00,0.00,0.00,0.00,7.00
33177.00,0.00,0.00,0.18,0.00,0.00,7.41,0.00,0.00,1803.20,-0.00,0.00,0.00,0.00,0.00,0.00,6.00
33183.00,0.00,0.00,0.18,0.00,0.00,-0.35,0.00,0.00,-1294.36,-0.00,0.00,0.00,-0.00,-0.00,0.00,6.00
33189.00,0.00,0.00,0.17,0.00,0.00,-1.59,0.00,0.00,-206.76,-0.00,0.00,0.00,-0.00,-0.00,0.00,18.00
33207.00,0.00,0.00,0.22,0.00,0.00,3.14,0.00,0.00,263.19,-0.00,0.00,0.00,0.00,-0.00,-0.00,7.00
33214.00,0.00,0.00,0.17,0.00,0.00,-7.37,0.00,0.00,-1502.01,-0.00,0.00,0.00,0.00,0.00,-0.00,6.00
33220.00,0.00,0.00,0.19,0.00,0.00,2.50,0.00,0.00,1644.90,-0.00,0.00,0.00,0.00,0.00,-0.00,5.00
33225.00,0.00,0.00,0.19,0.00,0.00,1.58,0.00,0.00,-182.78,-0.00,0.00,0.00,-0.00,0.00,0.00,6.00
33231.00,0.00,0.00,0.21,0.00,0.00,2.89,0.00,0.00,217.19,-0.00,0.00,0.00,-0.00,0.00,0.00,7.00
33243.00,0.00,0.00,0.14,0.00,0.00,-5.73,0.00,0.00,-717.88,-0.00,0.00,0.00,-0.00,-0.00,0.00,6.00
33249.00,0.00,0.00,0.14,0.00,0.00,-0.29,0.00,0.00,906.16,-0.00,0.00,0.00,-0.00,0.00,-0.00,8.00
33257.00,0.00,0.00,0.25,0.00,0.00,13.49,0.00,0.00,1722.12,-0.00,0.00,0.00,-0.00,0.00,0.00,7.00
33264.00,0.00,0.00,0.26,0.00,0.00,1.50,0.00,0.00,-1713.06,-0.00,0.00,0.00,0.00,0.00,0.00,5.00
33269.00,0.00,0.00,0.11,0.00,0.00,-29.49,0.00,0.00,-6197.37,-0.00,0.00,0.00,0.00,0.00,0.00,6.00
33275.00,0.00,0.00,0.16,0.00,0.00,8.31,0.00,0.00,6299.79,-0.00,0.00,0.00,0.00,0.00,0.00,5.00
33280.00,0.00,0.00,0.16,0.00,0.00,0.49,0.00,0.00,-1564.25,-0.00,0.00,0.00,0.00,0.00,0.00,8.00
33288.00,0.00,0.00,0.08,0.00,0.00,-10.74,0.00,0.00,-1403.40,-0.00,0.00,0.00,0.00,0.00,0.00,8.00
33296.00,0.00,0.00,0.18,0.00,0.00,13.00,0.00,0.00,2968.08,-0.00,0.00,0.00,-0.00,0.00,0.00,16.00
33312.00,0.00,0.00,0.18,0.00,0.00,-0.06,0.00,0.00,-816.44,-0.00,0.00,0.00,0.00,-0.00,0.00,7.00
33329.00,0.00,0.00,0.15,0.00,0.00,-1.87,0.00,0.00,-106.53,-0.00,0.00,0.00,0.00,0.00,-0.00,9.00
33338.00,0.00,0.00,0.11,0.00,0.00,-4.88,0.00,0.00,-334.95,-0.00,0.00,0.00,-0.00,0.00,0.00,8.00
33346.00,0.00,0.00,0.15,0.00,0.00,4.95,0.00,0.00,1229.86,-0.00,0.00,0.00,-0.00,0.00,0.00,6.00
33352.00,0.00,0.00,0.16,0.00,0.00,3.13,0.00,0.00,-303.72,-0.00,0.00,0.00,-0.00,0.00,0.00,7.00
33359.00,0.00,0.00,0.16,0.00,0.00,-0.57,0.00,0.00,-528.28,-0.00,0.00,0.00,-0.00,0.01,0.00,9.00
33368.00,0.00,0.00,0.20,0.00,0.00,4.89,0.00,0.00,606.11,-0.00,0.00,0.00,0.00,-0.00,0.00,5.00
33373.00,0.00,0.00,0.12,0.00,0.00,-16.05,0.00,0.00,-4187.71,-0.00,0.00,0.00,0.00,-0.00,-0.00,6.00
33379.00,0.00,0.00,0.18,0.00,0.00,8.69,0.00,0.00,4122.83,-0.00,0.00,0.00,0.00,-0.00,-0.00,8.00
33387.00,0.00,0.00,0.22,0.00,0.00,5.30,0.00,0.00,-423.65,-0.00,0.00,0.00,-0.00,0.00,0.00,17.00
33404.00,0.00,0.00,0.16,0.00,0.00,-3.41,0.00,0.00,-512.53,-0.00,0.00,0.00,-0.00,-0.00,0.00,6.00
33415.00,0.00,0.00,0.13,0.00,0.00,-3.26,0.00,0.00,13.83,-0.00,0.00,0.00,0.00,0.00,0.00,6.00
33421.00,0.00,0.00,0.23,0.00,0.00,17.60,0.00,0.00,3476.29,-0.00,0.00,0.00,-0.00,0.00,0.00,7.00
33428.00,0.00,0.00,0.24,0.00,0.00,1.50,0.00,0.00,-2299.69,-0.00,0.00,0.00,-0.00,-0.00,0.00,8.00
33436.00,0.00,0.00,0.16,0.00,0.00,-10.65,0.00,0.00,-1518.01,-0.00,0.00,0.00,-0.00,-0.00,0.00,6.00
33442.00,0.00,0.00,0.19,0.00,0.00,5.92,0.00,0.00,2761.91,-0.00,0.00,0.00,-0.00,-0.00,0.00,7.00
33449.00,0.00,0.00,0.24,0.00,0.00,6.92,0.00,0.00,141.72,-0.00,0.00,0.00,0.00,-0.00,0.00,8.00
33457.00,0.00,0.00,0.20,0.00,0.00,-5.33,0.00,0.00,-1531.00,-0.00,0.00,0.00,0.00,0.00,-0.00,6.00
33463.00,0.00,0.00,0.18,0.00,0.00,-2.62,0.00,0.00,451.91,-0.00,0.00,0.00,0.00,-0.00,0.00,6.00
33469.00,0.00,0.00,0.20,0.00,0.00,2.23,0.00,0.00,808.72,-0.00,0.00,0.00,0.00,-0.00,0.00,6.00
33475.00,0.00,0.00,0.19,0.00,0.00,-0.79,0.00,0.00,-504.32,-0.00,0.00,0.00,0.00,-0.00,-0.00,5.00
33485.00,0.00,0.00,0.13,0.00,0.00,-6.41,0.00,0.00,-561.54,-0.00,0.00,0.00,-0.00,0.01,-0.00,16.00
33501.00,0.00,0.00,0.17,0.00,0.00,2.80,0.00,0.00,575.70,-0.00,0.00,0.00,-0.00,-0.00,0.00,8.00
33509.00,0.00,0.00,0.26,0.00,0.00,11.50,0.00,0.00,1087.54,-0.00,0.00,0.00,0.00,0.00,0.00,8.00
33517.00,0.00,0.00,0.23,0.00,0.00,-4.57,0.00,0.00,-2008.74,-0.00,0.00,0.00,-0.00,-0.00,0.00,6.00
33523.00,0.00,0.00,0.18,0.00,0.00,-7.90,0.00,0.00,-555.88,-0.00,0.00,0.00,-0.00,-0.00,-0.00,6.00
33529.00,0.00,0.00,0.16,0.00,0.00,-3.19,0.00,0.00,784.78,-0.00,0.00,0.00,-0.00,0.00,-0.00,9.00
33538.00,0.00,0.00,0.18,0.00,0.00,2.67,0.00,0.00,651.28,-0.00,0.00,0.00,-0.00,0.00,0.00,7.00
33545.00,0.00,0.00,0.19,0.00,0.00,0.98,0.00,0.00,-240.80,-0.00,0.00,0.00,-0.00,0.00,0.00,6.00
33551.00,0.00,0.00,0.18,0.00,0.00,-1.24,0.00,0.00,-370.24,-0.00,0.00,0.00,-0.00,0.00,0.00,7.00
33558.00,0.00,0.00,0.13,0.00,0.00,-7.30,0.00,0.00,-866.17,-0.00,0.00,0.00,-0.00,0.00,-0.00,8.00
33571.00,0.00,0.00,0.19,0.00,0.00,4.72,0.00,0.00,925.01,-0.00,0.00,0.00,-0.00,-0.00,0.00,8.00
33579.00,0.00,0.00,0.20,0.00,0.00,1.19,0.00,0.00,-441.16,-0.00,0.00,0.00,0.00,-0.00,-0.00,7.00
33586.00,0.00,0.00,0.13,0.00,0.00,-10.27,0.00,0.00,-1637.58,-0.00,0.00,0.00,0.00,-0.00,0.00,16.00
33602.00,0.00,0.00,0.16,0.00,0.00,1.51,0.00,0.00,736.22,-0.00,0.00,0.00,-0.00,-0.00,-0.00,7.00
33609.00,0.00,0.00,0.20,0.00,0.00,6.48,0.00,0.00,709.35,-0.00,0.00,0.00,-0.00,-0.00,0.00,9.00
33618.00,0.00,0.00,0.12,0.00,0.00,-9.21,0.00,0.00,-1743.29,-0.00,0.00,0.00,0.00,-0.00,0.00,6.00
33624.00,0.00,0.00,0.22,0.00,0.00,17.47,0.00,0.00,4447.82,-0.00,0.00,0.00,-0.00,-0.00,0.00,5.00
33629.00,0.00,0.00,0.13,0.00,0.00,-18.36,0.00,0.00,-7166.29,-0.00,0.00,0.00,-0.00,-0.01,0.00,9.00
33638.00,0.00,0.00,0.12,0.00,0.00,-0.68,0.00,0.00,1964.36,-0.00,0.00,0.00,0.00,-0.00,-0.00,8.00
33646.00,0.00,0.00,0.14,0.00,0.00,1.74,0.00,0.00,302.76,-0.00,0.00,0.00,0.00,0.00,-0.00,6.00
33656.00,0.00,0.00,0.16,0.00,0.00,2.38,0.00,0.00,63.89,-0.00,0.00,0.00,0.00,0.00,0.00,7.00
33663.00,0.00,0.00,0.16,0.00,0.00,-0.50,0.00,0.00,-412.30,-0.00,0.00,0.00,-0.00,0.00,-0.00,6.00
33669.00,0.00,0.00,0.23,0.00,0.00,11.09,0.00,0.00,1932.10,-0.00,0.00,0.00,-0.00,0.00,-0.00,6.00
33675.00,0.00,0.00,0.21,0.00,0.00,-2.98,0.00,0.00,-2344.79,-0.00,0.00,0.00,-0.00,-0.00,-0.00,5.00
33680.00,0.00,0.00,0.15,0.00,0.00,-12.35,0.00,0.00,-1874.15,-0.00,0.00,0.00,-0.00,-0.00,-0.00,9.00
33689.00,0.00,0.00,0.14,0.00,0.00,-0.47,0.00,0.00,1319.95,-0.00,0.00,0.00,0.00,-0.00,0.00,7.00
33696.00,0.00,0.00,0.18,0.00,0.00,4.87,0.00,0.00,763.19,-0.00,0.00,0.00,-0.00,0.00,-0.00,16.00
33712.00,0.00,0.00,0.14,0.00,0.00,-2.12,0.00,0.00,-437.08,-0.00,0.00,0.00,-0.00,0.00,0.00,8.00
33720.00,0.00,0.00,0.18,0.00,0.00,4.85,0.00,0.00,871.27,-0.00,0.00,0.00,-0.00,0.00,0.00,5.00
33725.00,0.00,0.00,0.26,0.00,0.00,15.81,0.00,0.00,2193.36,-0.00,0.00,0.00,0.00,0.00,0.00,6.00
33736.00,0.00,0.00,0.29,0.00,0.00,2.74,0.00,0.00,-1188.43,-0.00,0.00,0.00,0.00,0.00,0.00,6.00
33742.00,0.00,0.00,0.28,0.00,0.00,-2.37,0.00,0.00,-851.08,-0.00,0.00,0.00,-0.00,0.00,0.00,7.00
33749.00,0.00,0.00,0.19,0.00,0.00,-12.43,0.00,0.00,-1437.42,-0.00,0.00,0.00,-0.00,-0.00,-0.00,9.00
33758.00,0.00,0.00,0.11,0.00,0.00,-8.90,0.00,0.00,391.96,-0.00,0.00,0.00,0.00,-0.00,0.00,6.00
33764.00,0.00,0.00,0.27,0.00,0.00,27.35,0.00,0.00,6041.15,-0.00,0.00,0.00,0.00,-0.00,0.00,6.00
33770.00,0.00,0.00,0.18,0.00,0.00,-15.44,0.00,0.00,-7131.37,-0.00,0.00,0.00,0.00,-0.00,0.00,6.00
33776.00,0.00,0.00,0.24,0.00,0.00,9.94,0.00,0.00,4229.36,-0.00,0.00,0.00,-0.00,0.00,0.00,5.00
33781.00,0.00,0.00,0.09,0.00,0.00,-30.44,0.00,0.00,-8074.99,-0.00,0.00,0.00,-0.00,-0.00,0.00,8.00
33789.00,0.00,0.00,0.26,0.00,0.00,21.73,0.00,0.00,6521.28,-0.00,0.00,0.00,0.00,-0.00,0.00,6.00
33795.00,0.00,0.00,0.47,0.00,0.00,34.26,0.00,0.00,2087.58,-0.00,0.00,0.00,0.00,-0.00,0.00,5.00
33805.00,0.00,0.00,0.21,0.00,0.00,-25.21,0.00,0.00,-5947.07,-0.00,0.00,0.00,-0.00,-0.00,0.00,16.00
33821.00,0.00,0.00,0.12,0.00,0.00,-5.74,0.00,0.00,1216.93,-0.00,0.00,0.00,0.00,0.00,0.00,7.00
33828.00,0.00,0.00,0.16,0.00,0.00,5.91,0.00,0.00,1665.15,-0.00,0.00,0.00,0.00,0.00,-0.00,6.00
33834.00,0.00,0.00,0.17,0.00,0.00,0.78,0.00,0.00,-855.81,-0.00,0.00,0.00,0.00,0.00,0.00,6.00
33840.00,0.00,0.00,0.11,0.00,0.00,-10.12,0.00,0.00,-1816.48,-0.00,0.00,0.00,0.00,0.00,0.00,8.00
33848.00,0.00,0.00,0.15,0.00,0.00,4.67,0.00,0.00,1848.92,-0.00,0.00,0.00,0.00,0.00,-0.00,7.00
33855.00,0.00,0.00,0.24,0.00,0.00,14.15,0.00,0.00,1354.43,-0.00,0.00,0.00,0.00,0.01,0.00,5.00
33860.00,0.00,0.00,0.20,0.00,0.00,-7.95,0.00,0.00,-4419.81,-0.00,0.00,0.00,0.00,0.01,0.00,9.00
33869.00,0.00,0.00,0.19,0.00,0.00,-1.12,0.00,0.00,758.50,-0.00,0.00,0.00,0.00,0.00,0.00,3.00
33872.00,0.00,0.00,0.19,0.00,0.00,-1.54,0.00,0.00,-139.25,-0.00,0.00,0.00,0.00,-0.00,0.00,5.00
33882.00,0.00,0.00,0.16,0.00,0.00,-3.00,0.00,0.00,-145.93,-0.00,0.00,0.00,-0.00,-0.00,-0.00,8.00
33890.00,0.00,0.00,0.11,0.00,0.00,-5.78,0.00,0.00,-347.52,-0.00,0.00,0.00,-0.00,-0.00,-0.00,8.00
33898.00,0.00,0.00,0.20,0.00,0.00,10.67,0.00,0.00,2055.69,-0.00,0.00,0.00,-0.00,0.00,0.00,17.00
33915.00,0.00,0.00,0.16,0.00,0.00,-2.55,0.00,0.00,-777.35,-0.00,0.00,0.00,0.00,-0.00,0.00,6.00
33921.00,0.00,0.00,0.25,0.00,0.00,16.22,0.00,0.00,3127.81,-0.00,0.00,0.00,0.00,-0.00,0.00,7.00
33928.00,0.00,0.00,0.20,0.00,0.00,-7.79,0.00,0.00,-3429.98,-0.00,0.00,0.00,-0.00,0.01,0.00,7.00
33935.00,0.00,0.00,0.11,0.00,0.00,-12.65,0.00,0.00,-693.51,-0.00,0.00,0.00,-0.00,0.00,0.00,6.00
33941.00,0.00,0.00,0.18,0.00,0.00,11.50,0.00,0.00,4023.70,-0.00,0.00,0.00,-0.00,0.00,0.00,8.00
33949.00,0.00,0.00,0.16,0.00,0.00,-1.96,0.00,0.00,-1681.57,-0.00,0.00,0.00,0.00,0.01,-0.00,8.00
33957.00,0.00,0.00,0.20,0.00,0.00,4.69,0.00,0.00,830.51,-0.00,0.00,0.00,0.00,-0.00,0.00,5.00
33972.00,0.00,0.00,0.24,0.00,0.00,2.41,0.00,0.00,-151.97,-0.00,0.00,0.00,-0.00,-0.00,-0.00,8.00
33980.00,0.00,0.00,0.22,0.00,0.00,-2.66,0.00,0.00,-633.81,-0.00,0.00,0.00,-0.00,-0.01,-0.00,8.00
33988.00,0.00,0.00,0.17,0.00,0.00,-6.19,0.00,0.00,-440.91,-0.00,0.00,0.00,0.00,-0.00,0.00,6.00
33994.00,0.00,0.00,0.17,0.00,0.00,0.00,0.00,0.00,1031.59,-0.00,0.00,0.00,-0.00,-0.00,0.00,5.00
33999.00,0.00,0.00,0.15,0.00,0.00,-3.35,0.00,0.00,-669.26,-0.00,0.00,0.00,-0.00,0.01,0.00,18.00
34017.00,0.00,0.00,0.21,0.00,0.00,3.39,0.00,0.00,374.11,-0.00,0.00,0.00,-0.00,0.00,0.00,6.00
34023.00,0.00,0.00,0.18,0.00,0.00,-4.98,0.00,0.00,-1395.14,-0.00,0.00,0.00,0.00,0.00,0.00,6.00
34029.00,0.00,0.00,0.20,0.00,0.00,2.81,0.00,0.00,1298.84,-0.00,0.00,0.00,0.00,0.00,0.00,9.00
34038.00,0.00,0.00,0.08,0.00,0.00,-13.37,0.00,0.00,-1798.23,-0.00,0.00,0.00,-0.00,-0.00,0.00,5.00
34043.00,0.00,0.00,0.17,0.00,0.00,18.69,0.00,0.00,6413.79,-0.00,0.00,0.00,-0.00,-0.00,0.00,7.00
34055.00,0.00,0.00,0.23,0.00,0.00,4.83,0.00,0.00,-1155.64,-0.00,0.00,0.00,-0.00,-0.00,-0.00,7.00
34062.00,0.00,0.00,0.20,0.00,0.00,-3.44,0.00,0.00,-1181.03,-0.00,0.00,0.00,-0.00,-0.00,0.00,8.00
34070.00,0.00,0.00,0.10,0.00,0.00,-12.54,0.00,0.00,-1137.12,-0.00,0.00,0.00,0.00,-0.00,0.00,5.00
34075.00,0.00,0.00,0.18,0.00,0.00,15.72,0.00,0.00,5650.64,-0.00,0.00,0.00,-0.00,-0.00,0.00,6.00
34081.00,0.00,0.00,0.16,0.00,0.00,-4.46,0.00,0.00,-3363.48,-0.00,0.00,0.00,-0.00,0.00,0.00,18.00
34099.00,0.00,0.00,0.23,0.00,0.00,4.11,0.00,0.00,476.48,-0.00,0.00,0.00,0.00,0.00,0.00,7.00
34106.00,0.00,0.00,0.14,0.00,0.00,-12.76,0.00,0.00,-2410.31,-0.00,0.00,0.00,0.00,-0.00,0.00,5.00
34111.00,0.00,0.00,0.25,0.00,0.00,21.59,0.00,0.00,6870.86,-0.00,0.00,0.00,0.00,-0.00,-0.00,9.00
34120.00,0.00,0.00,0.21,0.00,0.00,-4.63,0.00,0.00,-2914.20,-0.00,0.00,0.00,0.00,-0.00,-0.00,5.00
34125.00,0.00,0.00,0.22,0.00,0.00,1.84,0.00,0.00,1295.46,-0.00,0.00,0.00,-0.00,0.00,-0.00,6.00
34136.00,0.00,0.00,0.21,0.00,0.00,-0.74,0.00,0.00,-235.07,-0.00,0.00,0.00,-0.00,0.00,-0.00,7.00
34143.00,0.00,0.00,0.21,0.00,0.00,0.75,0.00,0.00,213.14,-0.00,0.00,0.00,-0.00,0.00,-0.00,7.00
34150.00,0.00,0.00,0.21,0.00,0.00,-0.16,0.00,0.00,-129.92,-0.00,0.00,0.00,0.00,0.00,0.00,8.00
34158.00,0.00,0.00,0.24,0.00,0.00,2.96,0.00,0.00,389.43,-0.00,0.00,0.00,-0.00,-0.00,0.00,5.00
34163.00,0.00,0.00,0.18,0.00,0.00,-11.32,0.00,0.00,-2856.13,-0.00,0.00,0.00,-0.00,-0.00,0.00,8.00
34171.00,0.00,0.00,0.10,0.00,0.00,-10.36,0.00,0.00,120.30,-0.00,0.00,0.00,0.00,-0.00,-0.00,5.00
34176.00,0.00,0.00,0.18,0.00,0.00,16.71,0.00,0.00,5415.38,-0.00,0.00,0.00,0.00,-0.01,0.00,6.00
34182.00,0.00,0.00,0.20,0.00,0.00,2.96,0.00,0.00,-2293.15,-0.00,0.00,0.00,0.00,-0.00,0.00,7.00
34189.00,0.00,0.00,0.19,0.00,0.00,-1.24,0.00,0.00,-598.95,-0.00,0.00,0.00,-0.00,-0.00,0.00,17.00
34206.00,0.00,0.00,0.17,0.00,0.00,-1.12,0.00,0.00,6.68,-0.00,0.00,0.00,0.00,0.00,0.00,6.00
34217.00,0.00,0.00,0.23,0.00,0.00,5.20,0.00,0.00,574.55,-0.00,0.00,0.00,-0.00,0.00,0.00,6.00
34223.00,0.00,0.00,0.13,0.00,0.00,-15.92,0.00,0.00,-3519.23,-0.00,0.00,0.00,-0.00,-0.00,0.00,7.00
34230.00,0.00,0.00,0.17,0.00,0.00,4.91,0.00,0.00,2976.03,-0.00,0.00,0.00,-0.00,-0.00,0.00,8.00
34238.00,0.00,0.00,0.22,0.00,0.00,6.28,0.00,0.00,170.60,-0.00,0.00,0.00,-0.00,0.00,0.00,6.00
34244.00,0.00,0.00,0.21,0.00,0.00,-0.54,0.00,0.00,-1136.25,-0.00,0.00,0.00,-0.00,0.00,-0.00,7.00
34251.00,0.00,0.00,0.18,0.00,0.00,-4.91,0.00,0.00,-624.96,-0.00,0.00,0.00,0.00,0.00,-0.00,8.00
34259.00,0.00,0.00,0.19,0.00,0.00,1.26,0.00,0.00,772.13,-0.00,0.00,0.00,0.00,-0.00,-0.00,7.00
34266.00,0.00,0.00,0.17,0.00,0.00,-2.50,0.00,0.00,-537.82,-0.00,0.00,0.00,-0.00,-0.00,0.00,6.00
34272.00,0.00,0.00,0.12,0.00,0.00,-8.22,0.00,0.00,-953.05,-0.00,0.00,0.00,-0.00,-0.00,0.00,5.00
34277.00,0.00,0.00,0.14,0.00,0.00,3.32,0.00,0.00,2307.54,-0.00,0.00,0.00,0.00,0.00,0.00,5.00
34287.00,0.00,0.00,0.22,0.00,0.00,7.85,0.00,0.00,453.13,-0.00,0.00,0.00,0.00,0.00,0.00,16.00
34303.00,0.00,0.00,0.17,0.00,0.00,-3.12,0.00,0.00,-685.34,-0.00,0.00,0.00,0.00,0.01,-0.00,8.00
34311.00,0.00,0.00,0.15,0.00,0.00,-1.54,0.00,0.00,197.28,-0.00,0.00,0.00,-0.00,0.00,-0.00,6.00
34317.00,0.00,0.00,0.18,0.00,0.00,4.87,0.00,0.00,1067.92,-0.00,0.00,0.00,0.00,0.00,-0.00,5.00
34322.00,0.00,0.00,0.19,0.00,0.00,1.98,0.00,0.00,-578.57,-0.00,0.00,0.00,0.00,0.00,-0.00,6.00
34328.00,0.00,0.00,0.18,0.00,0.00,-2.80,0.00,0.00,-796.51,-0.00,0.00,0.00,0.00,-0.00,-0.00,6.00
34334.00,0.00,0.00,0.20,0.00,0.00,4.55,0.00,0.00,1224.98,-0.00,0.00,0.00,0.00,-0.00,-0.00,6.00
34340.00,0.00,0.00,0.17,0.00,0.00,-6.48,0.00,0.00,-1838.40,-0.00,0.00,0.00,0.00,0.00,-0.00,9.00
34349.00,0.00,0.00,0.23,0.00,0.00,6.75,0.00,0.00,1470.65,-0.00,0.00,0.00,0.00,-0.00,0.00,6.00
34355.00,0.00,0.00,0.14,0.00,0.00,-14.53,0.00,0.00,-3547.39,-0.00,0.00,0.00,-0.00,0.00,0.00,7.00
34366.00,0.00,0.00,0.22,0.00,0.00,7.66,0.00,0.00,2017.38,-0.00,0.00,0.00,-0.00,0.00,-0.00,7.00
34373.00,0.00,0.00,0.22,0.00,0.00,-0.41,0.00,0.00,-1152.59,-0.00,0.00,0.00,-0.00,0.00,-0.00,6.00
34379.00,0.00,0.00,0.22,0.00,0.00,-0.20,0.00,0.00,34.14,-0.00,0.00,0.00,-0.00,0.00,0.00,7.00
34386.00,0.00,0.00,0.15,0.00,0.00,-9.18,0.00,0.00,-1282.82,-0.00,0.00,0.00,0.00,0.00,0.00,5.00
34391.00,0.00,0.00,0.20,0.00,0.00,8.65,0.00,0.00,3567.38,-0.00,0.00,0.00,0.00,0.00,0.00,19.00
34410.00,0.00,0.00,0.14,0.00,0.00,-2.82,0.00,0.00,-604.08,-0.00,0.00,0.00,0.00,0.00,0.00,7.00
34417.00,0.00,0.00,0.16,0.00,0.00,2.23,0.00,0.00,722.08,-0.00,0.00,0.00,-0.00,-0.00,0.00,5.00
34422.00,0.00,0.00,0.27,0.00,0.00,21.71,0.00,0.00,3894.96,-0.00,0.00,0.00,-0.00,-0.00,0.00,8.00
34430.00,0.00,0.00,0.19,0.00,0.00,-10.13,0.00,0.00,-3979.42,-0.00,0.00,0.00,0.00,0.00,0.00,7.00
34437.00,0.00,0.00,0.08,0.00,0.00,-15.35,0.00,0.00,-745.30,-0.00,0.00,0.00,0.00,0.00,0.00,6.00
34447.00,0.00,0.00,0.26,0.00,0.00,18.51,0.00,0.00,3385.73,-0.00,0.00,0.00,0.00,0.00,0.00,7.00
34454.00,0.00,0.00,0.27,0.00,0.00,0.40,0.00,0.00,-2586.70,-0.00,0.00,0.00,0.00,0.00,0.00,6.00
34461.00,0.00,0.00,0.10,0.00,0.00,-23.63,0.00,0.00,-3433.42,-0.00,0.00,0.00,0.00,0.00,0.00,8.00
34469.00,0.00,0.00,0.27,0.00,0.00,20.35,0.00,0.00,5497.68,-0.00,0.00,0.00,-0.00,0.00,0.00,5.00
34474.00,0.00,0.00,0.26,0.00,0.00,-1.68,0.00,0.00,-4405.74,-0.00,0.00,0.00,0.00,0.00,0.00,7.00
34481.00,0.00,0.00,0.09,0.00,0.00,-23.17,0.00,0.00,-3070.07,-0.00,0.00,0.00,0.00,0.00,0.00,8.00
34489.00,0.00,0.00,0.23,0.00,0.00,17.18,0.00,0.00,5044.11,-0.00,0.00,0.00,-0.00,-0.00,-0.00,17.00
34506.00,0.00,0.00,0.25,0.00,0.00,1.08,0.00,0.00,-947.58,-0.00,0.00,0.00,0.00,-0.00,0.00,6.00
34512.00,0.00,0.00,0.18,0.00,0.00,-12.52,0.00,0.00,-2265.75,-0.00,0.00,0.00,0.00,-0.00,0.00,8.00
34520.00,0.00,0.00,0.24,0.00,0.00,8.23,0.00,0.00,2593.73,-0.00,0.00,0.00,0.00,-0.00,0.00,6.00
34530.00,0.00,0.00,0.15,0.00,0.00,-9.46,0.00,0.00,-1769.52,-0.00,0.00,0.00,-0.00,0.00,0.00,9.00
34539.00,0.00,0.00,0.24,0.00,0.00,10.18,0.00,0.00,2182.23,-0.00,0.00,0.00,-0.00,0.00,0.00,7.00
34546.00,0.00,0.00,0.33,0.00,0.00,13.19,0.00,0.00,430.62,-0.00,0.00,0.00,0.00,0.00,-0.00,6.00
34552.00,0.00,0.00,0.16,0.00,0.00,-28.89,0.00,0.00,-7014.05,-0.00,0.00,0.00,0.00,-0.00,-0.00,8.00
34560.00,0.00,0.00,0.21,0.00,0.00,6.44,0.00,0.00,4416.40,-0.00,0.00,0.00,0.00,0.00,-0.00,8.00
34568.00,0.00,0.00,0.15,0.00,0.00,-7.04,0.00,0.00,-1685.16,-0.00,0.00,0.00,-0.00,0.00,0.00,5.00
34573.00,0.00,0.00,0.23,0.00,0.00,15.27,0.00,0.00,4463.51,-0.00,0.00,0.00,-0.00,0.00,0.00,7.00
34580.00,0.00,0.00,0.26,0.00,0.00,4.12,0.00,0.00,-1593.08,-0.00,0.00,0.00,0.00,-0.00,0.00,6.00
34586.00,0.00,0.00,0.15,0.00,0.00,-17.76,0.00,0.00,-3646.52,-0.00,0.00,0.00,0.00,-0.00,0.00,16.00
34602.00,0.00,0.00,0.20,0.00,0.00,3.32,0.00,0.00,1317.30,-0.00,0.00,0.00,0.00,-0.00,-0.00,8.00
34615.00,0.00,0.00,0.12,0.00,0.00,-6.69,0.00,0.00,-770.05,-0.00,0.00,0.00,-0.00,-0.00,0.00,8.00
34623.00,0.00,0.00,0.17,0.00,0.00,6.05,0.00,0.00,1592.93,-0.00,0.00,0.00,0.00,-0.00,0.00,6.00
34629.00,0.00,0.00,0.23,0.00,0.00,10.45,0.00,0.00,733.05,-0.00,0.00,0.00,0.00,-0.00,0.00,6.00
34635.00,0.00,0.00,0.15,0.00,0.00,-13.07,0.00,0.00,-3919.49,-0.00,0.00,0.00,-0.00,-0.00,0.00,6.00
34641.00,0.00,0.00,0.20,0.00,0.00,9.19,0.00,0.00,3708.98,-0.00,0.00,0.00,-0.00,-0.00,0.00,9.00
34650.00,0.00,0.00,0.21,0.00,0.00,0.69,0.00,0.00,-944.04,-0.00,0.00,0.00,-0.00,-0.00,0.00,7.00
34657.00,0.00,0.00,0.10,0.00,0.00,-15.79,0.00,0.00,-2354.58,-0.00,0.00,0.00,0.00,0.00,-0.00,6.00
34663.00,0.00,0.00,0.16,0.00,0.00,10.73,0.00,0.00,4420.98,-0.00,0.00,0.00,0.00,0.00,-0.00,8.00
34671.00,0.00,0.00,0.17,0.00,0.00,1.24,0.00,0.00,-1186.95,-0.00,0.00,0.00,0.00,0.00,-0.00,5.00
34676.00,0.00,0.00,0.24,0.00,0.00,12.31,0.00,0.00,2214.08,-0.00,0.00,0.00,0.00,0.00,-0.00,6.00
34691.00,0.00,0.00,0.20,0.00,0.00,-2.16,0.00,0.00,-964.90,-0.00,0.00,0.00,-0.00,-0.00,0.00,19.00
34710.00,0.00,0.00,0.21,0.00,0.00,0.24,0.00,0.00,126.34,-0.00,0.00,0.00,0.00,0.00,0.00,8.00
34718.00,0.00,0.00,0.21,0.00,0.00,-0.16,0.00,0.00,-49.76,-0.00,0.00,0.00,-0.00,0.00,0.00,5.00
34723.00,0.00,0.00,0.20,0.00,0.00,-0.97,0.00,0.00,-161.82,-0.00,0.00,0.00,-0.00,0.00,0.00,7.00
34730.00,0.00,0.00,0.05,0.00,0.00,-21.86,0.00,0.00,-2983.50,-0.00,0.00,0.00,0.00,0.00,-0.00,7.00
34737.00,0.00,0.00,0.15,0.00,0.00,14.06,0.00,0.00,5130.73,-0.00,0.00,0.00,0.00,0.00,0.00,6.00
34743.00,0.00,0.00,0.18,0.00,0.00,5.27,0.00,0.00,-1464.57,-0.00,0.00,0.00,0.00,-0.00,0.00,8.00
34751.00,0.00,0.00,0.22,0.00,0.00,5.02,0.00,0.00,-31.83,-0.00,0.00,0.00,0.00,-0.00,-0.00,7.00
34758.00,0.00,0.00,0.27,0.00,0.00,7.40,0.00,0.00,340.03,-0.00,0.00,0.00,-0.00,-0.00,0.00,6.00
34764.00,0.00,0.00,0.20,0.00,0.00,-11.86,0.00,0.00,-3210.18,-0.00,0.00,0.00,-0.00,-0.00,0.00,8.00
34776.00,0.00,0.00,0.20,0.00,0.00,0.15,0.00,0.00,1001.00,-0.00,0.00,0.00,-0.00,0.00,0.00,7.00
34783.00,0.00,0.00,0.10,0.00,0.00,-14.45,0.00,0.00,-2085.26,-0.00,0.00,0.00,-0.00,0.00,-0.00,7.00
34790.00,0.00,0.00,0.19,0.00,0.00,13.04,0.00,0.00,3927.36,-0.00,0.00,0.00,0.00,-0.00,0.00,18.00
34808.00,0.00,0.00,0.14,0.00,0.00,-2.95,0.00,0.00,-888.48,-0.00,0.00,0.00,-0.00,0.00,-0.00,5.00
34813.00,0.00,0.00,0.15,0.00,0.00,1.54,0.00,0.00,897.09,-0.00,0.00,0.00,-0.00,0.00,-0.00,8.00
34821.00,0.00,0.00,0.25,0.00,0.00,13.16,0.00,0.00,1452.68,-0.00,0.00,0.00,-0.00,-0.00,0.00,6.00
34827.00,0.00,0.00,0.21,0.00,0.00,-7.49,0.00,0.00,-3441.31,-0.00,0.00,0.00,-0.00,-0.00,0.00,5.00
34832.00,0.00,0.00,0.18,0.00,0.00,-6.09,0.00,0.00,280.99,-0.00,0.00,0.00,0.00,-0.00,0.01,9.00
34841.00,0.00,0.00,0.21,0.00,0.00,3.75,0.00,0.00,1092.77,-0.00,0.00,0.00,0.00,0.00,0.00,7.00
34848.00,0.00,0.00,0.16,0.00,0.00,-7.15,0.00,0.00,-1557.30,-0.00,0.00,0.00,0.00,0.00,0.00,6.00
34859.00,0.00,0.00,0.20,0.00,0.00,3.48,0.00,0.00,966.06,-0.00,0.00,0.00,-0.00,0.00,-0.00,6.00
34865.00,0.00,0.00,0.15,0.00,0.00,-8.10,0.00,0.00,-1929.59,-0.00,0.00,0.00,-0.00,0.00,0.00,7.00
34872.00,0.00,0.00,0.17,0.00,0.00,2.53,0.00,0.00,1519.46,-0.00,0.00,0.00,-0.00,-0.00,0.00,6.00
34878.00,0.00,0.00,0.18,0.00,0.00,1.35,0.00,0.00,-197.93,-0.00,0.00,0.00,0.00,0.00,-0.00,5.00
34883.00,0.00,0.00,0.24,0.00,0.00,13.36,0.00,0.00,2403.41,-0.00,0.00,0.00,0.00,0.00,-0.00,8.00
34891.00,0.00,0.00,0.16,0.00,0.00,-10.43,0.00,0.00,-2973.89,-0.00,0.00,0.00,0.00,0.00,0.00,8.00
34899.00,0.00,0.00,0.20,0.00,0.00,5.26,0.00,0.00,1961.36,-0.00,0.00,0.00,0.00,0.00,-0.00,15.00
34914.00,0.00,0.00,0.24,0.00,0.00,2.68,0.00,0.00,-172.34,-0.00,0.00,0.00,-0.00,-0.00,-0.00,8.00
34922.00,0.00,0.00,0.18,0.00,0.00,-7.98,0.00,0.00,-1332.51,-0.00,0.00,0.00,0.00,-0.00,0.00,5.00
34927.00,0.00,0.00,0.25,0.00,0.00,15.12,0.00,0.00,4620.19,-0.00,0.00,0.00,0.00,0.00,-0.00,6.00
34938.00,0.00,0.00,0.27,0.00,0.00,1.53,0.00,0.00,-1234.95,-0.00,0.00,0.00,-0.00,0.00,0.00,6.00
34944.00,0.00,0.00,0.25,0.00,0.00,-3.40,0.00,0.00,-822.47,-0.00,0.00,0.00,-0.00,0.00,-0.00,7.00
34951.00,0.00,0.00,0.26,0.00,0.00,1.37,0.00,0.00,681.27,-0.00,0.00,0.00,0.00,0.00,-0.00,6.00
34957.00,0.00,0.00,0.25,0.00,0.00,-2.31,0.00,0.00,-612.86,-0.00,0.00,0.00,0.00,0.00,0.00,5.00
34962.00,0.00,0.00,0.17,0.00,0.00,-14.92,0.00,0.00,-2522.00,-0.00,0.00,0.00,0.00,0.00,0.00,9.00
34971.00,0.00,0.00,0.13,0.00,0.00,-4.21,0.00,0.00,1189.53,-0.00,0.00,0.00,-0.00,-0.00,-0.00,6.00
34977.00,0.00,0.00,0.24,0.00,0.00,17.08,0.00,0.00,3548.27,-0.00,0.00,0.00,-0.00,-0.00,0.00,6.00
34983.00,0.00,0.00,0.12,0.00,0.00,-19.39,0.00,0.00,-6077.45,-0.00,0.00,0.00,0.00,-0.00,0.00,8.00
34991.00,0.00,0.00,0.22,0.00,0.00,12.65,0.00,0.00,4004.42,-0.00,0.00,0.00,0.00,-0.00,-0.00,6.00
34997.00,0.00,0.00,0.45,0.00,0.00,38.64,0.00,0.00,4332.79,-0.00,0.00,0.00,0.00,-0.00,-0.00,5.00
35007.00,0.00,0.00,0.18,0.00,0.00,-26.90,0.00,0.00,-6554.33,-0.00,0.00,0.00,0.00,0.00,0.00,4.00
35011.00,0.00,0.00,0.18,0.00,0.00,-1.05,0.00,0.00,6462.39,-0.00,0.00,0.00,-0.00,-0.00,0.00,8.00
35019.00,0.00,0.00,0.19,0.00,0.00,0.80,0.00,0.00,231.27,-0.00,0.00,0.00,0.00,0.00,0.00,15.00
35034.00,0.00,0.00,0.18,0.00,0.00,-0.43,0.00,0.00,-82.37,-0.00,0.00,0.00,0.00,0.00,-0.00,8.00
35042.00,0.00,0.00,0.17,0.00,0.00,-0.80,0.00,0.00,-45.50,-0.00,0.00,0.00,-0.00,0.01,0.00,8.00
35050.00,0.00,0.00,0.19,0.00,0.00,2.74,0.00,0.00,442.14,-0.00,0.00,0.00,-0.00,0.00,0.00,7.00
35057.00,0.00,0.00,0.21,0.00,0.00,2.61,0.00,0.00,-18.70,-0.00,0.00,0.00,-0.00,-0.00,-0.00,6.00
35063.00,0.00,0.00,0.18,0.00,0.00,-6.04,0.00,0.00,-1440.57,-0.00,0.00,0.00,0.00,-0.00,-0.00,5.00
35068.00,0.00,0.00,0.31,0.00,0.00,26.23,0.00,0.00,6453.96,-0.00,0.00,0.00,0.00,-0.00,0.00,5.00
35073.00,0.00,0.00,0.16,0.00,0.00,-28.95,0.00,0.00,-11036.17,-0.00,0.00,0.00,0.00,-0.00,0.00,4.00
35082.00,0.00,0.00,0.56,0.00,0.00,44.60,0.00,0.00,8171.54,-0.00,0.00,0.00,0.00,-0.00,0.00,6.00
35088.00,0.00,0.00,0.16,0.00,0.00,-67.22,0.00,0.00,-18635.97,-0.00,0.00,0.00,0.00,-0.01,0.00,5.00
35093.00,0.00,0.00,0.14,0.00,0.00,-3.75,0.00,0.00,12693.03,-0.00,0.00,0.00,0.00,-0.01,0.00,18.00
35111.00,0.00,0.00,0.10,0.00,0.00,-2.22,0.00,0.00,85.02,-0.00,0.00,0.00,-0.00,0.00,0.00,7.00
35118.00,0.00,0.00,0.11,0.00,0.00,0.51,0.00,0.00,389.95,-0.00,0.00,0.00,-0.00,0.00,0.00,5.00
35123.00,0.00,0.00,0.15,0.00,0.00,8.94,0.00,0.00,1687.40,-0.00,0.00,0.00,-0.00,0.00,0.00,7.00
35130.00,0.00,0.00,0.14,0.00,0.00,-2.05,0.00,0.00,-1571.02,-0.00,0.00,0.00,0.00,0.00,-0.00,6.00
35136.00,0.00,0.00,0.16,0.00,0.00,3.29,0.00,0.00,890.34,-0.00,0.00,0.00,0.00,-0.00,-0.00,7.00
35143.00,0.00,0.00,0.20,0.00,0.00,5.83,0.00,0.00,362.91,-0.00,0.00,0.00,0.00,-0.00,0.00,8.00
35151.00,0.00,0.00,0.20,0.00,0.00,0.39,0.00,0.00,-679.81,-0.00,0.00,0.00,-0.00,-0.00,-0.00,7.00
35163.00,0.00,0.00,0.22,0.00,0.00,1.99,0.00,0.00,133.01,-0.00,0.00,0.00,0.00,0.00,0.00,9.00
35172.00,0.00,0.00,0.31,0.00,0.00,9.35,0.00,0.00,818.08,-0.00,0.00,0.00,-0.00,0.00,-0.00,5.00
35177.00,0.00,0.00,0.14,0.00,0.00,-34.05,0.00,0.00,-8679.11,-0.00,0.00,0.00,-0.00,-0.00,-0.00,6.00
35183.00,0.00,0.00,0.21,0.00,0.00,12.05,0.00,0.00,7682.52,-0.00,0.00,0.00,-0.00,-0.00,-0.00,8.00
35191.00,0.00,0.00,0.22,0.00,0.00,1.53,0.00,0.00,-1314.60,-0.00,0.00,0.00,-0.00,-0.00,0.00,18.00
35209.00,0.00,0.00,0.16,0.00,0.00,-3.41,0.00,0.00,-274.52,-0.00,0.00,0.00,-0.00,-0.00,0.00,5.00
35214.00,0.00,0.00,0.28,0.00,0.00,24.38,0.00,0.00,5557.35,-0.00,0.00,0.00,-0.00,-0.00,0.00,8.00
35222.00,0.00,0.00,0.12,0.00,0.00,-19.95,0.00,0.00,-5540.68,-0.00,0.00,0.00,-0.00,-0.00,0.00,6.00
35228.00,0.00,0.00,0.23,0.00,0.00,18.06,0.00,0.00,6334.92,-0.00,0.00,0.00,0.00,0.00,0.00,5.00
35233.00,0.00,0.00,0.19,0.00,0.00,-7.39,0.00,0.00,-5090.68,-0.00,0.00,0.00,0.00,0.00,0.00,9.00
35246.00,0.00,0.00,0.14,0.00,0.00,-3.89,0.00,0.00,269.68,-0.00,0.00,0.00,0.00,0.00,0.00,8.00
35254.00,0.00,0.00,0.21,0.00,0.00,8.37,0.00,0.00,1532.47,-0.00,0.00,0.00,0.00,0.00,0.00,7.00
35261.00,0.00,0.00,0.15,0.00,0.00,-9.14,0.00,0.00,-2502.57,-0.00,0.00,0.00,0.00,-0.00,0.00,8.00
35269.00,0.00,0.00,0.22,0.00,0.00,9.77,0.00,0.00,2363.90,-0.00,0.00,0.00,-0.00,-0.00,-0.00,5.00
35274.00,0.00,0.00,0.26,0.00,0.00,7.03,0.00,0.00,-547.64,-0.00,0.00,0.00,-0.00,-0.00,-0.00,7.00
35281.00,0.00,0.00,0.31,0.00,0.00,7.51,0.00,0.00,68.80,-0.00,0.00,0.00,0.00,-0.00,0.00,6.00
35287.00,0.00,0.00,0.16,0.00,0.00,-24.97,0.00,0.00,-5414.18,-0.00,0.00,0.00,-0.00,-0.00,-0.00,16.00
35303.00,0.00,0.00,0.18,0.00,0.00,1.06,0.00,0.00,1627.19,-0.00,0.00,0.00,-0.00,-0.00,0.00,9.00
35312.00,0.00,0.00,0.17,0.00,0.00,-0.87,0.00,0.00,-213.95,-0.00,0.00,0.00,-0.00,0.00,0.00,7.00
35319.00,0.00,0.00,0.16,0.00,0.00,-1.28,0.00,0.00,-58.95,-0.00,0.00,0.00,-0.00,-0.00,0.00,6.00
35335.00,0.00,0.00,0.25,0.00,0.00,5.21,0.00,0.00,405.28,-0.00,0.00,0.00,0.00,0.00,0.00,8.00
35343.00,0.00,0.00,0.23,0.00,0.00,-1.95,0.00,0.00,-893.95,-0.00,0.00,0.00,0.00,0.00,-0.00,8.00
35351.00,0.00,0.00,0.20,0.00,0.00,-3.39,0.00,0.00,-180.44,-0.00,0.00,0.00,0.00,0.00,0.00,7.00
35358.00,0.00,0.00,0.22,0.00,0.00,2.03,0.00,0.00,774.77,-0.00,0.00,0.00,0.00,0.00,0.00,6.00
35364.00,0.00,0.00,0.21,0.00,0.00,-1.24,0.00,0.00,-545.05,-0.00,0.00,0.00,0.00,0.00,0.00,8.00
35372.00,0.00,0.00,0.14,0.00,0.00,-8.90,0.00,0.00,-957.55,-0.00,0.00,0.00,0.00,-0.00,0.00,4.00
35376.00,0.00,0.00,0.14,0.00,0.00,0.00,0.00,0.00,2223.95,-0.00,0.00,0.00,0.00,-0.00,0.00,3.00
35379.00,0.00,0.00,0.05,0.00,0.00,-28.88,0.00,0.00,-9628.10,-0.00,0.00,0.00,-0.00,0.00,0.00,6.00
35385.00,0.00,0.00,0.18,0.00,0.00,20.48,0.00,0.00,8226.66,-0.00,0.00,0.00,-0.00,0.00,0.00,7.00
35392.00,0.00,0.00,0.17,0.00,0.00,-0.57,0.00,0.00,-3006.61,-0.00,0.00,0.00,0.00,0.00,0.00,18.00
35415.00,0.00,0.00,0.28,0.00,0.00,4.76,0.00,0.00,231.88,-0.00,0.00,0.00,-0.00,0.00,0.00,8.00
35423.00,0.00,0.00,0.18,0.00,0.00,-12.59,0.00,0.00,-2168.95,-0.00,0.00,0.00,-0.00,0.00,0.00,6.00
35429.00,0.00,0.00,0.20,0.00,0.00,3.40,0.00,0.00,2665.04,-0.00,0.00,0.00,0.00,0.01,0.00,6.00
35435.00,0.00,0.00,0.26,0.00,0.00,10.50,0.00,0.00,1183.04,-0.00,0.00,0.00,0.00,0.01,0.00,7.00
35442.00,0.00,0.00,0.21,0.00,0.00,-7.20,0.00,0.00,-2528.55,-0.00,0.00,0.00,0.00,0.01,0.00,8.00
35450.00,0.00,0.00,0.19,0.00,0.00,-3.29,0.00,0.00,489.05,-0.00,0.00,0.00,0.00,0.00,0.00,5.00
35455.00,0.00,0.00,0.28,0.00,0.00,18.75,0.00,0.00,4407.27,-0.00,0.00,0.00,0.00,0.00,0.00,8.00
35463.00,0.00,0.00,0.11,0.00,0.00,-20.78,0.00,0.00,-4941.51,-0.00,0.00,0.00,0.00,0.00,0.00,8.00
35471.00,0.00,0.00,0.21,0.00,0.00,12.52,0.00,0.00,4163.45,-0.00,0.00,0.00,-0.00,0.00,0.00,6.00
35477.00,0.00,0.00,0.21,0.00,0.00,-0.51,0.00,0.00,-2171.75,-0.00,0.00,0.00,0.00,0.00,-0.00,6.00
35488.00,0.00,0.00,0.25,0.00,0.00,3.48,0.00,0.00,362.80,-0.00,0.00,0.00,0.00,0.00,-0.00,16.00
35504.00,0.00,0.00,0.16,0.00,0.00,-5.90,0.00,0.00,-586.77,-0.00,0.00,0.00,0.00,0.00,0.00,8.00
35512.00,0.00,0.00,0.19,0.00,0.00,3.98,0.00,0.00,1235.93,-0.00,0.00,0.00,0.00,0.00,-0.00,9.00
35521.00,0.00,0.00,0.25,0.00,0.00,6.55,0.00,0.00,285.23,-0.00,0.00,0.00,0.00,0.00,0.00,5.00
35526.00,0.00,0.00,0.23,0.00,0.00,-2.49,0.00,0.00,-1807.70,-0.00,0.00,0.00,0.00,0.00,0.00,7.00
35533.00,0.00,0.00,0.11,0.00,0.00,-17.91,0.00,0.00,-2203.73,-0.00,0.00,0.00,0.00,0.00,0.00,9.00
35542.00,0.00,0.00,0.17,0.00,0.00,7.39,0.00,0.00,2811.69,-0.00,0.00,0.00,-0.00,0.00,-0.00,7.00
35549.00,0.00,0.00,0.23,0.00,0.00,7.56,0.00,0.00,24.52,-0.00,0.00,0.00,0.00,0.00,-0.00,6.00
35555.00,0.00,0.00,0.12,0.00,0.00,-17.84,0.00,0.00,-4234.63,-0.00,0.00,0.00,0.00,0.00,-0.00,7.00
35562.00,0.00,0.00,0.15,0.00,0.00,4.11,0.00,0.00,3135.92,-0.00,0.00,0.00,0.00,0.00,0.00,8.00
35575.00,0.00,0.00,0.20,0.00,0.00,3.57,0.00,0.00,-41.55,-0.00,0.00,0.00,-0.00,0.00,0.00,7.00
35582.00,0.00,0.00,0.15,0.00,0.00,-6.50,0.00,0.00,-1437.74,-0.00,0.00,0.00,-0.00,0.00,0.00,7.00
35589.00,0.00,0.00,0.21,0.00,0.00,8.55,0.00,0.00,2149.00,-0.00,0.00,0.00,0.00,0.00,-0.00,16.00
35605.00,0.00,0.00,0.19,0.00,0.00,-1.31,0.00,0.00,-616.13,-0.00,0.00,0.00,0.00,0.00,0.00,8.00
35613.00,0.00,0.00,0.17,0.00,0.00,-2.80,0.00,0.00,-186.36,-0.00,0.00,0.00,0.00,0.00,0.00,8.00
35621.00,0.00,0.00,0.15,0.00,0.00,-1.51,0.00,0.00,162.33,-0.00,0.00,0.00,0.00,0.00,0.00,5.00
35626.00,0.00,0.00,0.18,0.00,0.00,5.33,0.00,0.00,1366.76,-0.00,0.00,0.00,0.00,0.00,0.00,7.00
35633.00,0.00,0.00,0.18,0.00,0.00,-0.78,0.00,0.00,-872.18,-0.00,0.00,0.00,0.00,0.00,0.00,9.00
35642.00,0.00,0.00,0.14,0.00,0.00,-4.43,0.00,0.00,-405.93,-0.00,0.00,0.00,-0.00,-0.00,0.00,6.00
35648.00,0.00,0.00,0.19,0.00,0.00,8.20,0.00,0.00,2105.33,-0.00,0.00,0.00,-0.00,0.00,-0.00,7.00
35659.00,0.00,0.00,0.12,0.00,0.00,-6.10,0.00,0.00,-1300.47,-0.00,0.00,0.00,0.00,0.00,0.00,7.00
35666.00,0.00,0.00,0.19,0.00,0.00,10.61,0.00,0.00,2388.25,-0.00,0.00,0.00,0.00,0.00,-0.00,7.00
35673.00,0.00,0.00,0.21,0.00,0.00,3.11,0.00,0.00,-1071.72,-0.00,0.00,0.00,0.00,0.00,-0.00,6.00
35679.00,0.00,0.00,0.10,0.00,0.00,-18.93,0.00,0.00,-3673.96,-0.00,0.00,0.00,0.00,0.00,0.00,5.00
35684.00,0.00,0.00,0.22,0.00,0.00,24.22,0.00,0.00,8629.48,-0.00,0.00,0.00,0.00,0.00,0.00,18.00
35702.00,0.00,0.00,0.15,0.00,0.00,-3.77,0.00,0.00,-1554.98,-0.00,0.00,0.00,0.00,0.00,-0.00,8.00
35710.00,0.00,0.00,0.26,0.00,0.00,12.70,0.00,0.00,2059.37,-0.00,0.00,0.00,0.00,0.00,-0.00,5.00
35715.00,0.00,0.00,0.19,0.00,0.00,-12.53,0.00,0.00,-5046.63,-0.00,0.00,0.00,0.00,0.00,-0.00,8.00
35723.00,0.00,0.00,0.21,0.00,0.00,2.29,0.00,0.00,1852.47,-0.00,0.00,0.00,-0.00,0.00,0.00,5.00
35728.00,0.00,0.00,0.12,0.00,0.00,-17.51,0.00,0.00,-3959.20,-0.00,0.00,0.00,0.00,0.00,0.00,7.00
35739.00,0.00,0.00,0.21,0.00,0.00,8.11,0.00,0.00,2328.70,-0.00,0.00,0.00,-0.00,-0.00,0.00,7.00
35746.00,0.00,0.00,0.14,0.00,0.00,-9.79,0.00,0.00,-2556.89,-0.00,0.00,0.00,-0.00,0.00,0.00,7.00
35753.00,0.00,0.00,0.19,0.00,0.00,7.24,0.00,0.00,2432.82,-0.00,0.00,0.00,0.00,0.00,0.00,8.00
35761.00,0.00,0.00,0.21,0.00,0.00,2.25,0.00,0.00,-623.96,-0.00,0.00,0.00,0.00,0.00,-0.00,6.00
35767.00,0.00,0.00,0.16,0.00,0.00,-8.54,0.00,0.00,-1797.47,-0.00,0.00,0.00,-0.00,0.00,-0.00,7.00
35774.00,0.00,0.00,0.17,0.00,0.00,1.79,0.00,0.00,1475.43,-0.00,0.00,0.00,-0.00,0.00,0.00,5.00
35779.00,0.00,0.00,0.24,0.00,0.00,12.27,0.00,0.00,2096.66,-0.00,0.00,0.00,-0.00,-0.00,0.00,6.00
35785.00,0.00,0.00,0.17,0.00,0.00,-10.07,0.00,0.00,-3724.04,-0.00,0.00,0.00,-0.00,-0.00,0.00,8.00
35793.00,0.00,0.00,0.24,0.00,0.00,8.24,0.00,0.00,2288.62,-0.00,0.00,0.00,0.00,0.00,0.00,17.00
35810.00,0.00,0.00,0.17,0.00,0.00,-4.34,0.00,0.00,-739.85,-0.00,0.00,0.00,0.00,-0.00,0.00,6.00
35820.00,0.00,0.00,0.20,0.00,0.00,2.84,0.00,0.00,718.27,-0.00,0.00,0.00,0.00,0.00,-0.00,7.00
35827.00,0.00,0.00,0.16,0.00,0.00,-4.97,0.00,0.00,-1116.71,-0.00,0.00,0.00,-0.00,0.00,-0.00,6.00
35833.00,0.00,0.00,0.16,0.00,0.00,0.15,0.00,0.00,854.29,-0.00,0.00,0.00,-0.00,0.00,0.00,9.00
35842.00,0.00,0.00,0.18,0.00,0.00,2.58,0.00,0.00,269.32,-0.00,0.00,0.00,-0.00,0.00,0.00,7.00
35849.00,0.00,0.00,0.14,0.00,0.00,-5.97,0.00,0.00,-1220.70,-0.00,0.00,0.00,0.00,-0.00,0.00,6.00
35855.00,0.00,0.00,0.19,0.00,0.00,7.47,0.00,0.00,2239.34,-0.00,0.00,0.00,0.00,-0.00,0.00,8.00
35863.00,0.00,0.00,0.11,0.00,0.00,-9.84,0.00,0.00,-2163.07,-0.00,0.00,0.00,0.00,0.00,0.00,7.00
35870.00,0.00,0.00,0.25,0.00,0.00,19.68,0.00,0.00,4216.58,-0.00,0.00,0.00,0.00,0.00,0.00,5.00
35875.00,0.00,0.00,0.17,0.00,0.00,-16.38,0.00,0.00,-7211.47,-0.00,0.00,0.00,0.00,0.00,0.00,6.00
35881.00,0.00,0.00,0.25,0.00,0.00,14.72,0.00,0.00,5182.91,-0.00,0.00,0.00,-0.00,0.00,0.00,6.00
35892.00,0.00,0.00,0.28,0.00,0.00,2.02,0.00,0.00,-1154.56,-0.00,0.00,0.00,-0.00,-0.00,0.00,16.00
35908.00,0.00,0.00,0.18,0.00,0.00,-5.76,0.00,0.00,-486.37,-0.00,0.00,0.00,0.00,-0.00,-0.00,7.00
35915.00,0.00,0.00,0.12,0.00,0.00,-8.61,0.00,0.00,-406.15,-0.00,0.00,0.00,0.00,-0.00,0.00,8.00
35923.00,0.00,0.00,0.16,0.00,0.00,4.20,0.00,0.00,1600.99,-0.00,0.00,0.00,-0.00,-0.00,0.00,6.00
35929.00,0.00,0.00,0.11,0.00,0.00,-8.03,0.00,0.00,-2038.49,-0.00,0.00,0.00,-0.00,-0.00,0.00,5.00
35934.00,0.00,0.00,0.15,0.00,0.00,9.03,0.00,0.00,3411.56,-0.00,0.00,0.00,0.00,0.00,0.00,9.00
35943.00,0.00,0.00,0.21,0.00,0.00,6.78,0.00,0.00,-250.08,-0.00,0.00,0.00,-0.00,-0.00,0.00,7.00
35950.00,0.00,0.00,0.27,0.00,0.00,8.34,0.00,0.00,223.59,-0.00,0.00,0.00,-0.00,-0.00,0.00,6.00
35956.00,0.00,0.00,0.23,0.00,0.00,-7.90,0.00,0.00,-2707.76,-0.00,0.00,0.00,-0.00,-0.00,-0.00,7.00
35963.00,0.00,0.00,0.24,0.00,0.00,2.06,0.00,0.00,1423.56,-0.00,0.00,0.00,0.00,-0.00,-0.00,9.00
35976.00,0.00,0.00,0.19,0.00,0.00,-4.12,0.00,0.00,-475.50,-0.00,0.00,0.00,-0.00,-0.00,-0.00,8.00
35984.00,0.00,0.00,0.24,0.00,0.00,6.68,0.00,0.00,1349.36,-0.00,0.00,0.00,-0.00,0.00,-0.00,8.00
35992.00,0.00,0.00,0.22,0.00,0.00,-2.26,0.00,0.00,-1116.79,-0.00,0.00,0.00,-0.00,0.00,0.00,17.00
36009.00,0.00,0.00,0.35,0.00,0.00,7.38,0.00,0.00,567.10,-0.00,0.00,0.00,0.00,0.00,0.00,6.00
36015.00,0.00,0.00,0.25,0.00,0.00,-16.89,0.00,0.00,-4045.29,-0.00,0.00,0.00,0.00,0.00,0.00,8.00
36023.00,0.00,0.00,0.15,0.00,0.00,-11.67,0.00,0.00,652.76,-0.00,0.00,0.00,-0.00,0.00,0.00,6.00
36029.00,0.00,0.00,0.16,0.00,0.00,0.37,0.00,0.00,2006.46,-0.00,0.00,0.00,0.00,0.00,-0.00,5.00
36034.00,0.00,0.00,0.19,0.00,0.00,6.00,0.00,0.00,1126.18,-0.00,0.00,0.00,0.00,0.00,-0.00,9.00
36043.00,0.00,0.00,0.09,0.00,0.00,-10.16,0.00,0.00,-1795.79,-0.00,0.00,0.00,0.00,0.00,-0.00,8.00
36051.00,0.00,0.00,0.20,0.00,0.00,12.78,0.00,0.00,2867.58,-0.00,0.00,0.00,0.00,-0.00,0.00,5.00
36066.00,0.00,0.00,0.23,0.00,0.00,2.60,0.00,0.00,-678.46,-0.00,0.00,0.00,0.00,0.00,0.00,9.00
36075.00,0.00,0.00,0.13,0.00,0.00,-11.62,0.00,0.00,-1579.88,-0.00,0.00,0.00,0.00,0.00,-0.00,5.00
36080.00,0.00,0.00,0.25,0.00,0.00,24.39,0.00,0.00,7201.61,-0.00,0.00,0.00,0.00,0.00,0.00,6.00
36086.00,0.00,0.00,0.15,0.00,0.00,-16.31,0.00,0.00,-6783.55,-0.00,0.00,0.00,0.00,0.00,0.00,7.00
36093.00,0.00,0.00,0.28,0.00,0.00,18.02,0.00,0.00,4904.13,-0.00,0.00,0.00,0.00,0.00,0.00,17.00
36110.00,0.00,0.00,0.18,0.00,0.00,-6.18,0.00,0.00,-1423.72,-0.00,0.00,0.00,0.00,-0.00,-0.00,6.00
36116.00,0.00,0.00,0.24,0.00,0.00,10.48,0.00,0.00,2778.03,-0.00,0.00,0.00,0.00,0.00,0.00,4.00
36120.00,0.00,0.00,0.25,0.00,0.00,3.98,0.00,0.00,-1625.36,-0.00,0.00,0.00,-0.00,-0.00,0.00,5.00
36125.00,0.00,0.00,0.10,0.00,0.00,-30.00,0.00,0.00,-6797.68,-0.00,0.00,0.00,-0.00,-0.00,0.00,7.00
36132.00,0.00,0.00,0.25,0.00,0.00,20.34,0.00,0.00,7192.36,-0.00,0.00,0.00,0.00,0.00,0.00,5.00
36142.00,0.00,0.00,0.17,0.00,0.00,-7.47,0.00,0.00,-2781.08,-0.00,0.00,0.00,0.00,0.00,0.00,6.00
36148.00,0.00,0.00,0.18,0.00,0.00,1.05,0.00,0.00,1420.14,-0.00,0.00,0.00,0.00,0.00,0.00,6.00
36154.00,0.00,0.00,0.23,0.00,0.00,8.60,0.00,0.00,1258.06,-0.00,0.00,0.00,0.00,0.00,-0.00,9.00
36163.00,0.00,0.00,0.22,0.00,0.00,-1.06,0.00,0.00,-1073.49,-0.00,0.00,0.00,-0.00,0.00,0.00,8.00
36171.00,0.00,0.00,0.17,0.00,0.00,-6.76,0.00,0.00,-712.48,-0.00,0.00,0.00,-0.00,0.00,0.00,5.00
36176.00,0.00,0.00,0.15,0.00,0.00,-2.35,0.00,0.00,882.56,-0.00,0.00,0.00,-0.00,0.00,0.00,7.00
36183.00,0.00,0.00,0.27,0.00,0.00,15.90,0.00,0.00,2606.27,-0.00,0.00,0.00,0.00,0.00,-0.00,17.00
36200.00,0.00,0.00,0.23,0.00,0.00,-2.13,0.00,0.00,-1060.21,-0.00,0.00,0.00,0.00,-0.00,0.00,6.00
36206.00,0.00,0.00,0.18,0.00,0.00,-8.87,0.00,0.00,-1123.79,-0.00,0.00,0.00,0.00,-0.00,0.00,7.00
36213.00,0.00,0.00,0.21,0.00,0.00,4.85,0.00,0.00,1959.99,-0.00,0.00,0.00,0.00,0.00,0.00,8.00
36226.00,0.00,0.00,0.22,0.00,0.00,0.83,0.00,0.00,-309.36,-0.00,0.00,0.00,0.00,-0.00,0.00,7.00
36233.00,0.00,0.00,0.19,0.00,0.00,-4.66,0.00,0.00,-783.20,-0.00,0.00,0.00,0.00,-0.00,0.00,6.00
36239.00,0.00,0.00,0.19,0.00,0.00,0.00,0.00,0.00,775.85,-0.00,0.00,0.00,0.00,-0.00,0.00,5.00
36244.00,0.00,0.00,0.14,0.00,0.00,-8.87,0.00,0.00,-1773.87,-0.00,0.00,0.00,0.00,-0.00,0.00,8.00
36252.00,0.00,0.00,0.12,0.00,0.00,-3.49,0.00,0.00,672.42,-0.00,0.00,0.00,-0.00,-0.00,0.00,5.00
36257.00,0.00,0.00,0.17,0.00,0.00,10.26,0.00,0.00,2749.74,-0.00,0.00,0.00,-0.00,-0.00,0.00,7.00
36264.00,0.00,0.00,0.21,0.00,0.00,6.59,0.00,0.00,-523.45,-0.00,0.00,0.00,0.00,0.00,0.00,9.00
36273.00,0.00,0.00,0.24,0.00,0.00,2.45,0.00,0.00,-460.40,-0.00,0.00,0.00,0.00,-0.00,-0.00,5.00
36278.00,0.00,0.00,0.17,0.00,0.00,-13.25,0.00,0.00,-3140.91,-0.00,0.00,0.00,0.00,-0.00,-0.00,7.00
36285.00,0.00,0.00,0.27,0.00,0.00,14.02,0.00,0.00,3896.27,-0.00,0.00,0.00,0.00,-0.00,0.00,8.00
36298.00,0.00,0.00,0.19,0.00,0.00,-5.70,0.00,0.00,-1516.62,-0.00,0.00,0.00,-0.00,-0.00,0.00,17.00
36315.00,0.00,0.00,0.20,0.00,0.00,0.32,0.00,0.00,353.85,-0.00,0.00,0.00,0.00,-0.00,0.00,9.00
36324.00,0.00,0.00,0.19,0.00,0.00,-1.55,0.00,0.00,-207.46,-0.00,0.00,0.00,-0.00,0.00,0.00,5.00
36329.00,0.00,0.00,0.14,0.00,0.00,-8.17,0.00,0.00,-1324.86,-0.00,0.00,0.00,-0.00,0.00,-0.00,6.00
36335.00,0.00,0.00,0.28,0.00,0.00,22.06,0.00,0.00,5038.46,-0.00,0.00,0.00,0.00,0.00,-0.00,8.00
36343.00,0.00,0.00,0.23,0.00,0.00,-5.72,0.00,0.00,-3472.08,-0.00,0.00,0.00,-0.00,0.00,0.00,8.00
36351.00,0.00,0.00,0.22,0.00,0.00,-1.10,0.00,0.00,577.25,-0.00,0.00,0.00,-0.00,0.00,0.00,5.00
36356.00,0.00,0.00,0.14,0.00,0.00,-15.56,0.00,0.00,-2892.66,-0.00,0.00,0.00,-0.00,0.00,0.00,8.00
36364.00,0.00,0.00,0.26,0.00,0.00,14.45,0.00,0.00,3751.50,-0.00,0.00,0.00,0.00,0.00,0.00,8.00
36372.00,0.00,0.00,0.21,0.00,0.00,-5.90,0.00,0.00,-2543.58,-0.00,0.00,0.00,0.00,0.00,0.00,6.00
36383.00,0.00,0.00,0.20,0.00,0.00,-1.18,0.00,0.00,429.19,-0.00,0.00,0.00,0.00,0.00,-0.00,17.00
36400.00,0.00,0.00,0.20,0.00,0.00,-0.19,0.00,0.00,58.27,-0.00,0.00,0.00,0.00,-0.00,-0.00,6.00
36406.00,0.00,0.00,0.27,0.00,0.00,12.04,0.00,0.00,2038.67,-0.00,0.00,0.00,0.00,0.00,-0.00,8.00
36414.00,0.00,0.00,0.18,0.00,0.00,-10.90,0.00,0.00,-2867.94,-0.00,0.00,0.00,-0.00,-0.00,0.00,7.00
36421.00,0.00,0.00,0.19,0.00,0.00,1.26,0.00,0.00,1737.48,-0.00,0.00,0.00,-0.00,-0.00,0.00,6.00
36427.00,0.00,0.00,0.30,0.00,0.00,17.56,0.00,0.00,2716.74,-0.00,0.00,0.00,-0.00,-0.00,0.00,7.00
36434.00,0.00,0.00,0.19,0.00,0.00,-15.53,0.00,0.00,-4727.40,-0.00,0.00,0.00,-0.00,-0.00,-0.00,7.00
36441.00,0.00,0.00,0.15,0.00,0.00,-5.69,0.00,0.00,1405.18,-0.00,0.00,0.00,0.00,0.00,0.00,6.00
36447.00,0.00,0.00,0.21,0.00,0.00,11.19,0.00,0.00,2814.21,-0.00,0.00,0.00,0.00,0.00,0.00,7.00
36454.00,0.00,0.00,0.25,0.00,0.00,5.49,0.00,0.00,-814.22,-0.00,0.00,0.00,-0.00,0.00,0.00,8.00
36467.00,0.00,0.00,0.23,0.00,0.00,-1.93,0.00,0.00,-570.91,-0.00,0.00,0.00,-0.00,-0.00,0.00,9.00
36476.00,0.00,0.00,0.27,0.00,0.00,4.87,0.00,0.00,755.28,-0.00,0.00,0.00,-0.00,-0.00,0.00,5.00
36481.00,0.00,0.00,0.21,0.00,0.00,-13.17,0.00,0.00,-3607.20,-0.00,0.00,0.00,0.00,0.00,0.00,5.00
36486.00,0.00,0.00,0.22,0.00,0.00,2.00,0.00,0.00,3034.26,-0.00,0.00,0.00,0.00,0.00,0.00,8.00
36494.00,0.00,0.00,0.17,0.00,0.00,-5.82,0.00,0.00,-978.55,-0.00,0.00,0.00,0.00,-0.00,0.00,18.00
36512.00,0.00,0.00,0.16,0.00,0.00,-0.67,0.00,0.00,286.58,-0.00,0.00,0.00,-0.00,-0.00,-0.00,5.00
36517.00,0.00,0.00,0.24,0.00,0.00,17.34,0.00,0.00,3601.75,-0.00,0.00,0.00,-0.00,-0.00,-0.00,8.00
36525.00,0.00,0.00,0.14,0.00,0.00,-12.61,0.00,0.00,-3743.65,-0.00,0.00,0.00,0.00,-0.00,0.00,5.00
36530.00,0.00,0.00,0.14,0.00,0.00,-0.07,0.00,0.00,2507.87,-0.00,0.00,0.00,0.00,0.00,-0.00,6.00
36536.00,0.00,0.00,0.24,0.00,0.00,16.71,0.00,0.00,2795.65,-0.00,0.00,0.00,0.00,0.00,-0.00,7.00
36547.00,0.00,0.00,0.18,0.00,0.00,-5.32,0.00,0.00,-2002.33,-0.00,0.00,0.00,-0.00,-0.00,0.00,9.00
36556.00,0.00,0.00,0.20,0.00,0.00,1.89,0.00,0.00,800.45,-0.00,0.00,0.00,0.00,-0.00,-0.00,8.00
36564.00,0.00,0.00,0.25,0.00,0.00,6.17,0.00,0.00,535.78,-0.00,0.00,0.00,0.00,0.00,0.00,7.00
36571.00,0.00,0.00,0.22,0.00,0.00,-3.81,0.00,0.00,-1426.23,-0.00,0.00,0.00,-0.00,0.00,-0.00,5.00
36576.00,0.00,0.00,0.03,0.00,0.00,-37.86,0.00,0.00,-6810.39,-0.00,0.00,0.00,-0.00,0.00,-0.00,6.00
36582.00,0.00,0.00,0.24,0.00,0.00,34.25,0.00,0.00,12019.11,-0.00,0.00,0.00,0.00,-0.00,-0.00,5.00
36587.00,0.00,0.00,0.20,0.00,0.00,-8.07,0.00,0.00,-8463.78,-0.00,0.00,0.00,0.00,-0.00,-0.00,17.00
36604.00,0.00,0.00,0.16,0.00,0.00,-2.34,0.00,0.00,337.10,-0.00,0.00,0.00,0.00,-0.00,-0.00,8.00
36612.00,0.00,0.00,0.20,0.00,0.00,5.55,0.00,0.00,986.35,-0.00,0.00,0.00,-0.00,0.00,0.00,6.00
36618.00,0.00,0.00,0.17,0.00,0.00,-4.96,0.00,0.00,-1751.83,-0.00,0.00,0.00,-0.00,0.00,0.00,7.00
36630.00,0.00,0.00,0.13,0.00,0.00,-3.98,0.00,0.00,81.82,-0.00,0.00,0.00,0.00,-0.00,0.00,7.00
36637.00,0.00,0.00,0.22,0.00,0.00,13.48,0.00,0.00,2494.26,-0.00,0.00,0.00,0.00,-0.00,0.00,7.00
36644.00,0.00,0.00,0.26,0.00,0.00,5.82,0.00,0.00,-1094.36,-0.00,0.00,0.00,0.00,0.00,0.00,9.00
36653.00,0.00,0.00,0.21,0.00,0.00,-6.21,0.00,0.00,-1337.57,-0.00,0.00,0.00,-0.00,0.00,0.00,5.00
36658.00,0.00,0.00,0.23,0.00,0.00,5.19,0.00,0.00,2280.02,-0.00,0.00,0.00,-0.00,0.00,0.00,7.00
36665.00,0.00,0.00,0.21,0.00,0.00,-3.48,0.00,0.00,-1237.94,-0.00,0.00,0.00,-0.00,0.00,0.00,9.00
36674.00,0.00,0.00,0.21,0.00,0.00,0.23,0.00,0.00,411.67,-0.00,0.00,0.00,0.00,0.00,0.00,6.00
36680.00,0.00,0.00,0.30,0.00,0.00,14.88,0.00,0.00,2441.84,-0.00,0.00,0.00,0.00,-0.00,0.00,6.00
36686.00,0.00,0.00,0.25,0.00,0.00,-7.68,0.00,0.00,-3760.00,-0.00,0.00,0.00,0.00,-0.00,0.00,18.00
36704.00,0.00,0.00,0.19,0.00,0.00,-3.24,0.00,0.00,246.59,-0.00,0.00,0.00,0.00,0.00,0.00,7.00
36716.00,0.00,0.00,0.19,0.00,0.00,-0.08,0.00,0.00,263.85,-0.00,0.00,0.00,0.00,0.00,0.00,9.00
36725.00,0.00,0.00,0.18,0.00,0.00,-1.96,0.00,0.00,-209.23,-0.00,0.00,0.00,-0.00,-0.00,0.00,5.00
36730.00,0.00,0.00,0.20,0.00,0.00,4.74,0.00,0.00,1339.52,-0.00,0.00,0.00,-0.00,0.00,-0.00,7.00
36737.00,0.00,0.00,0.14,0.00,0.00,-9.26,0.00,0.00,-1999.52,-0.00,0.00,0.00,-0.00,0.00,-0.00,7.00
36744.00,0.00,0.00,0.15,0.00,0.00,1.92,0.00,0.00,1596.83,-0.00,0.00,0.00,0.00,0.00,-0.00,8.00
36752.00,0.00,0.00,0.06,0.00,0.00,-10.79,0.00,0.00,-1588.16,-0.00,0.00,0.00,-0.00,-0.00,0.00,5.00
36757.00,0.00,0.00,0.13,0.00,0.00,14.28,0.00,0.00,5014.23,-0.00,0.00,0.00,-0.00,-0.00,0.00,8.00
36765.00,0.00,0.00,0.13,0.00,0.00,-0.34,0.00,0.00,-1828.35,-0.00,0.00,0.00,-0.00,0.00,0.00,8.00
36773.00,0.00,0.00,0.11,0.00,0.00,-2.16,0.00,0.00,-227.06,-0.00,0.00,0.00,-0.00,-0.00,-0.00,6.00
36779.00,0.00,0.00,0.17,0.00,0.00,8.89,0.00,0.00,1842.47,-0.00,0.00,0.00,0.00,-0.00,-0.00,7.00
36795.00,0.00,0.00,0.22,0.00,0.00,3.48,0.00,0.00,-338.37,-0.00,0.00,0.00,-0.00,-0.00,0.00,19.00
36814.00,0.00,0.00,0.18,0.00,0.00,-2.28,0.00,0.00,-303.31,-0.00,0.00,0.00,-0.00,0.00,-0.00,8.00
36822.00,0.00,0.00,0.16,0.00,0.00,-2.85,0.00,0.00,-71.29,-0.00,0.00,0.00,0.00,0.00,0.00,6.00
36828.00,0.00,0.00,0.21,0.00,0.00,8.17,0.00,0.00,1837.02,-0.00,0.00,0.00,0.00,0.00,0.00,7.00
36835.00,0.00,0.00,0.21,0.00,0.00,1.36,0.00,0.00,-973.23,-0.00,0.00,0.00,0.00,0.00,0.00,7.00
36842.00,0.00,0.00,0.16,0.00,0.00,-8.05,0.00,0.00,-1344.25,-0.00,0.00,0.00,0.00,0.00,0.00,6.00
36848.00,0.00,0.00,0.25,0.00,0.00,14.49,0.00,0.00,3756.87,-0.00,0.00,0.00,0.00,0.00,0.00,7.00
36855.00,0.00,0.00,0.14,0.00,0.00,-15.35,0.00,0.00,-4262.61,-0.00,0.00,0.00,0.00,-0.00,-0.00,8.00
36863.00,0.00,0.00,0.15,0.00,0.00,1.16,0.00,0.00,2063.91,-0.00,0.00,0.00,-0.00,-0.00,0.00,6.00
36869.00,0.00,0.00,0.28,0.00,0.00,21.34,0.00,0.00,3363.53,-0.00,0.00,0.00,-0.00,-0.00,0.00,7.00
36881.00,0.00,0.00,0.23,0.00,0.00,-3.39,0.00,0.00,-2060.97,-0.00,0.00,0.00,-0.00,-0.00,-0.00,7.00
36888.00,0.00,0.00,0.22,0.00,0.00,-1.47,0.00,0.00,274.11,-0.00,0.00,0.00,-0.00,-0.00,-0.00,7.00
36895.00,0.00,0.00,0.24,0.00,0.00,1.75,0.00,0.00,459.74,-0.00,0.00,0.00,0.00,0.00,0.00,18.00
36913.00,0.00,0.00,0.24,0.00,0.00,0.38,0.00,0.00,-75.74,-0.00,0.00,0.00,0.00,0.00,0.00,5.00
36918.00,0.00,0.00,0.29,0.00,0.00,9.68,0.00,0.00,1859.93,-0.00,0.00,0.00,0.00,-0.00,0.00,7.00
36925.00,0.00,0.00,0.23,0.00,0.00,-8.24,0.00,0.00,-2560.41,-0.00,0.00,0.00,0.00,-0.00,0.00,5.00
36930.00,0.00,0.00,0.31,0.00,0.00,14.73,0.00,0.00,4594.64,-0.00,0.00,0.00,0.00,-0.00,0.00,6.00
36936.00,0.00,0.00,0.31,0.00,0.00,-0.19,0.00,0.00,-2488.11,-0.00,0.00,0.00,-0.00,-0.00,0.00,8.00
36944.00,0.00,0.00,0.24,0.00,0.00,-8.29,0.00,0.00,-1011.84,-0.00,0.00,0.00,-0.00,-0.01,0.00,7.00
36951.00,0.00,0.00,0.19,0.00,0.00,-6.54,0.00,0.00,250.53,-0.00,0.00,0.00,0.00,-0.00,-0.00,6.00
36962.00,0.00,0.00,0.27,0.00,0.00,7.16,0.00,0.00,1244.86,-0.00,0.00,0.00,0.00,0.00,0.00,6.00
36968.00,0.00,0.00,0.24,0.00,0.00,-5.55,0.00,0.00,-2117.27,-0.00,0.00,0.00,0.00,-0.00,0.00,7.00
36975.00,0.00,0.00,0.20,0.00,0.00,-5.08,0.00,0.00,67.03,-0.00,0.00,0.00,0.00,-0.00,0.00,6.00
36981.00,0.00,0.00,0.17,0.00,0.00,-5.19,0.00,0.00,-19.35,-0.00,0.00,0.00,0.00,0.00,0.00,6.00
36987.00,0.00,0.00,0.30,0.00,0.00,21.19,0.00,0.00,4396.41,-0.00,0.00,0.00,0.00,0.00,0.00,18.00
37005.00,0.00,0.00,0.08,0.00,0.00,-12.00,0.00,0.00,-1843.88,-0.00,0.00,0.00,-0.00,0.00,0.00,7.00
37012.00,0.00,0.00,0.21,0.00,0.00,17.53,0.00,0.00,4218.45,-0.00,0.00,0.00,0.00,0.00,-0.00,4.00
37016.00,0.00,0.00,0.19,0.00,0.00,-5.02,0.00,0.00,-5636.98,-0.00,0.00,0.00,0.00,0.00,-0.00,9.00
37025.00,0.00,0.00,0.14,0.00,0.00,-5.30,0.00,0.00,-31.08,-0.00,0.00,0.00,-0.00,0.00,-0.00,5.00
37030.00,0.00,0.00,0.13,0.00,0.00,-2.06,0.00,0.00,649.28,-0.00,0.00,0.00,-0.00,-0.00,0.00,7.00
37042.00,0.00,0.00,0.31,0.00,0.00,14.79,0.00,0.00,1404.18,-0.00,0.00,0.00,0.00,0.00,0.00,6.00
37048.00,0.00,0.00,0.21,0.00,0.00,-16.20,0.00,0.00,-5166.23,-0.00,0.00,0.00,0.00,0.00,0.00,7.00
37055.00,0.00,0.00,0.12,0.00,0.00,-12.33,0.00,0.00,553.23,-0.00,0.00,0.00,0.00,0.00,0.00,9.00
37064.00,0.00,0.00,0.25,0.00,0.00,13.77,0.00,0.00,2900.36,-0.00,0.00,0.00,-0.00,0.01,-0.00,5.00
37069.00,0.00,0.00,0.14,0.00,0.00,-21.41,0.00,0.00,-7037.06,-0.00,0.00,0.00,-0.00,0.01,-0.00,7.00
37076.00,0.00,0.00,0.22,0.00,0.00,11.99,0.00,0.00,4771.17,-0.00,0.00,0.00,0.00,0.00,-0.00,6.00
37082.00,0.00,0.00,0.24,0.00,0.00,3.38,0.00,0.00,-1435.00,-0.00,0.00,0.00,0.00,-0.00,0.00,5.00
37087.00,0.00,0.00,0.24,0.00,0.00,0.00,0.00,0.00,-675.20,-0.00,0.00,0.00,0.00,-0.00,0.00,3.00
37090.00,0.00,0.00,0.20,0.00,0.00,-14.46,0.00,0.00,-4820.42,-0.00,0.00,0.00,0.00,-0.00,-0.00,6.00
37096.00,0.00,0.00,0.31,0.00,0.00,17.52,0.00,0.00,5330.63,-0.00,0.00,0.00,0.00,0.00,-0.00,19.00
37120.00,0.00,0.00,0.18,0.00,0.00,-5.46,0.00,0.00,-957.64,-0.00,0.00,0.00,0.00,0.00,0.00,7.00
37127.00,0.00,0.00,0.23,0.00,0.00,7.60,0.00,0.00,1865.57,-0.00,0.00,0.00,0.00,0.00,0.00,7.00
37134.00,0.00,0.00,0.30,0.00,0.00,10.47,0.00,0.00,410.47,-0.00,0.00,0.00,0.00,0.00,-0.00,5.00
37139.00,0.00,0.00,0.24,0.00,0.00,-13.06,0.00,0.00,-4706.78,-0.00,0.00,0.00,-0.00,0.00,-0.00,7.00
37146.00,0.00,0.00,0.23,0.00,0.00,-0.82,0.00,0.00,1748.97,-0.00,0.00,0.00,-0.00,0.00,0.00,9.00
37155.00,0.00,0.00,0.12,0.00,0.00,-11.84,0.00,0.00,-1224.38,-0.00,0.00,0.00,0.00,0.00,0.00,7.00
37162.00,0.00,0.00,0.25,0.00,0.00,17.46,0.00,0.00,4185.33,-0.00,0.00,0.00,0.00,0.00,0.00,6.00
37168.00,0.00,0.00,0.18,0.00,0.00,-10.19,0.00,0.00,-4608.12,-0.00,0.00,0.00,0.00,-0.00,0.00,7.00
37175.00,0.00,0.00,0.24,0.00,0.00,7.37,0.00,0.00,2509.29,-0.00,0.00,0.00,0.00,-0.00,0.00,6.00
37181.00,0.00,0.00,0.20,0.00,0.00,-6.38,0.00,0.00,-2291.86,-0.00,0.00,0.00,0.00,0.00,0.00,6.00
37192.00,0.00,0.00,0.20,0.00,0.00,-0.10,0.00,0.00,570.55,-0.00,0.00,0.00,0.00,-0.00,0.00,16.00
37208.00,0.00,0.00,0.18,0.00,0.00,-1.14,0.00,0.00,-65.27,-0.00,0.00,0.00,-0.00,0.00,-0.00,8.00
37216.00,0.00,0.00,0.10,0.00,0.00,-9.30,0.00,0.00,-1018.80,-0.00,0.00,0.00,0.00,0.00,-0.00,8.00
37224.00,0.00,0.00,0.18,0.00,0.00,8.94,0.00,0.00,2278.79,-0.00,0.00,0.00,0.00,-0.00,-0.00,6.00
37230.00,0.00,0.00,0.32,0.00,0.00,23.66,0.00,0.00,2454.28,-0.00,0.00,0.00,-0.00,-0.00,-0.00,6.00
37236.00,0.00,0.00,0.16,0.00,0.00,-25.53,0.00,0.00,-8197.89,-0.00,0.00,0.00,-0.00,-0.00,-0.00,9.00
37245.00,0.00,0.00,0.17,0.00,0.00,1.09,0.00,0.00,2956.92,-0.00,0.00,0.00,-0.00,0.00,0.00,7.00
37252.00,0.00,0.00,0.11,0.00,0.00,-9.19,0.00,0.00,-1467.43,-0.00,0.00,0.00,-0.00,0.00,-0.00,6.00
37258.00,0.00,0.00,0.21,0.00,0.00,16.64,0.00,0.00,4303.79,-0.00,0.00,0.00,-0.00,0.00,-0.00,7.00
37265.00,0.00,0.00,0.21,0.00,0.00,-0.53,0.00,0.00,-2452.44,-0.00,0.00,0.00,0.00,0.00,-0.00,8.00
37278.00,0.00,0.00,0.20,0.00,0.00,-0.81,0.00,0.00,-21.54,-0.00,0.00,0.00,-0.00,-0.00,0.00,7.00
37285.00,0.00,0.00,0.21,0.00,0.00,2.23,0.00,0.00,434.90,-0.00,0.00,0.00,-0.00,-0.00,0.00,7.00
37292.00,0.00,0.00,0.21,0.00,0.00,-0.85,0.00,0.00,-440.32,-0.00,0.00,0.00,-0.00,-0.00,0.00,15.00
37307.00,0.00,0.00,0.08,0.00,0.00,-8.39,0.00,0.00,-502.98,-0.00,0.00,0.00,-0.00,-0.00,0.00,9.00
37316.00,0.00,0.00,0.18,0.00,0.00,11.36,0.00,0.00,2194.52,-0.00,0.00,0.00,-0.00,0.00,0.00,7.00
37323.00,0.00,0.00,0.23,0.00,0.00,6.62,0.00,0.00,-676.93,-0.00,0.00,0.00,-0.00,-0.00,-0.00,6.00
37329.00,0.00,0.00,0.18,0.00,0.00,-7.75,0.00,0.00,-2394.10,-0.00,0.00,0.00,-0.00,-0.00,-0.00,6.00
37335.00,0.00,0.00,0.21,0.00,0.00,4.55,0.00,0.00,2049.58,-0.00,0.00,0.00,0.00,0.00,-0.00,8.00
37343.00,0.00,0.00,0.24,0.00,0.00,3.28,0.00,0.00,-159.33,-0.00,0.00,0.00,-0.00,0.00,-0.00,5.00
37348.00,0.00,0.00,0.21,0.00,0.00,-4.93,0.00,0.00,-1640.80,-0.00,0.00,0.00,-0.00,0.00,0.00,8.00
37361.00,0.00,0.00,0.26,0.00,0.00,3.91,0.00,0.00,679.75,-0.00,0.00,0.00,0.00,0.00,0.00,7.00
37368.00,0.00,0.00,0.17,0.00,0.00,-12.50,0.00,0.00,-2343.96,-0.00,0.00,0.00,-0.00,0.00,-0.00,8.00
37376.00,0.00,0.00,0.22,0.00,0.00,5.85,0.00,0.00,2292.97,-0.00,0.00,0.00,-0.00,0.00,-0.00,5.00
37381.00,0.00,0.00,0.25,0.00,0.00,5.01,0.00,0.00,-166.81,-0.00,0.00,0.00,-0.00,0.00,-0.00,6.00
37387.00,0.00,0.00,0.23,0.00,0.00,-1.96,0.00,0.00,-1161.29,-0.00,0.00,0.00,-0.00,0.00,-0.00,18.00
37405.00,0.00,0.00,0.14,0.00,0.00,-5.45,0.00,0.00,-194.19,-0.00,0.00,0.00,0.00,0.00,0.00,7.00
37412.00,0.00,0.00,0.23,0.00,0.00,13.10,0.00,0.00,2650.33,-0.00,0.00,0.00,0.00,0.00,-0.00,5.00
37417.00,0.00,0.00,0.11,0.00,0.00,-23.36,0.00,0.00,-7292.25,-0.00,0.00,0.00,0.00,0.00,-0.00,9.00
37426.00,0.00,0.00,0.27,0.00,0.00,17.97,0.00,0.00,4592.49,-0.00,0.00,0.00,-0.00,0.00,0.00,5.00
37431.00,0.00,0.00,0.12,0.00,0.00,-30.16,0.00,0.00,-9625.94,-0.00,0.00,0.00,0.00,-0.00,0.00,7.00
37447.00,0.00,0.00,0.25,0.00,0.00,7.78,0.00,0.00,2371.03,-0.00,0.00,0.00,0.00,0.00,-0.00,9.00
37456.00,0.00,0.00,0.20,0.00,0.00,-4.77,0.00,0.00,-1394.30,-0.00,0.00,0.00,-0.00,0.00,0.00,9.00
37465.00,0.00,0.00,0.17,0.00,0.00,-3.95,0.00,0.00,91.40,-0.00,0.00,0.00,-0.00,0.00,0.00,6.00
37471.00,0.00,0.00,0.30,0.00,0.00,21.90,0.00,0.00,4307.65,-0.00,0.00,0.00,0.00,0.00,0.00,6.00
37477.00,0.00,0.00,0.28,0.00,0.00,-3.03,0.00,0.00,-4154.53,-0.00,0.00,0.00,0.00,0.00,0.00,6.00
37483.00,0.00,0.00,0.21,0.00,0.00,-11.21,0.00,0.00,-1363.37,-0.00,0.00,0.00,0.00,-0.00,0.00,5.00
37488.00,0.00,0.00,0.25,0.00,0.00,7.19,0.00,0.00,3679.48,-0.00,0.00,0.00,0.00,-0.00,0.00,18.00
37506.00,0.00,0.00,0.23,0.00,0.00,-1.26,0.00,0.00,-469.42,-0.00,0.00,0.00,0.00,0.00,-0.00,7.00
37513.00,0.00,0.00,0.18,0.00,0.00,-7.24,0.00,0.00,-854.63,-0.00,0.00,0.00,0.00,0.00,0.00,6.00
37519.00,0.00,0.00,0.20,0.00,0.00,3.86,0.00,0.00,1850.00,-0.00,0.00,0.00,0.00,0.00,0.00,8.00
37531.00,0.00,0.00,0.22,0.00,0.00,1.55,0.00,0.00,-192.54,-0.00,0.00,0.00,-0.00,-0.00,-0.00,7.00
37538.00,0.00,0.00,0.12,0.00,0.00,-13.86,0.00,0.00,-2201.22,-0.00,0.00,0.00,-0.00,-0.00,-0.00,8.00
37546.00,0.00,0.00,0.17,0.00,0.00,5.59,0.00,0.00,2431.87,-0.00,0.00,0.00,0.00,0.00,0.00,8.00
37554.00,0.00,0.00,0.25,0.00,0.00,10.61,0.00,0.00,627.22,-0.00,0.00,0.00,0.00,0.00,0.00,5.00
37559.00,0.00,0.00,0.21,0.00,0.00,-7.67,0.00,0.00,-3656.29,-0.00,0.00,0.00,0.00,0.00,0.00,8.00
37567.00,0.00,0.00,0.27,0.00,0.00,6.89,0.00,0.00,1820.44,-0.00,0.00,0.00,0.00,-0.00,0.00,7.00
37574.00,0.00,0.00,0.27,0.00,0.00,0.00,0.00,0.00,-984.63,-0.00,0.00,0.00,0.00,-0.00,0.00,4.00
37578.00,0.00,0.00,0.16,0.00,0.00,-26.91,0.00,0.00,-6728.61,-0.00,0.00,0.00,0.00,-0.00,0.00,5.00
37583.00,0.00,0.00,0.21,0.00,0.00,11.05,0.00,0.00,7592.40,-0.00,0.00,0.00,0.00,-0.01,0.00,5.00
37588.00,0.00,0.00,0.18,0.00,0.00,-6.63,0.00,0.00,-3535.09,-0.00,0.00,0.00,0.00,-0.00,0.00,8.00
37601.00,0.00,0.00,0.25,0.00,0.00,5.05,0.00,0.00,897.92,-0.00,0.00,0.00,0.00,0.00,0.00,17.00
37618.00,0.00,0.00,0.23,0.00,0.00,-0.83,0.00,0.00,-345.38,-0.00,0.00,0.00,0.00,-0.00,0.00,8.00
37626.00,0.00,0.00,0.15,0.00,0.00,-9.95,0.00,0.00,-1140.26,-0.00,0.00,0.00,-0.00,-0.00,0.00,6.00
37632.00,0.00,0.00,0.29,0.00,0.00,22.38,0.00,0.00,5388.76,-0.00,0.00,0.00,0.00,-0.00,0.00,6.00
37638.00,0.00,0.00,0.29,0.00,0.00,0.96,0.00,0.00,-3571.33,-0.00,0.00,0.00,0.00,0.00,0.00,8.00
37646.00,0.00,0.00,0.15,0.00,0.00,-17.55,0.00,0.00,-2313.32,-0.00,0.00,0.00,-0.00,0.00,-0.00,7.00
37653.00,0.00,0.00,0.20,0.00,0.00,6.40,0.00,0.00,3422.22,-0.00,0.00,0.00,0.00,-0.00,0.00,6.00
37659.00,0.00,0.00,0.27,0.00,0.00,11.70,0.00,0.00,882.69,-0.00,0.00,0.00,0.00,-0.00,0.00,8.00
37667.00,0.00,0.00,0.20,0.00,0.00,-7.97,0.00,0.00,-2458.78,-0.00,0.00,0.00,0.00,-0.00,0.00,8.00
37675.00,0.00,0.00,0.04,0.00,0.00,-21.04,0.00,0.00,-1634.16,-0.00,0.00,0.00,0.00,-0.00,0.00,5.00
37685.00,0.00,0.00,0.18,0.00,0.00,14.41,0.00,0.00,3545.18,-0.00,0.00,0.00,0.00,0.00,0.00,16.00
37701.00,0.00,0.00,0.26,0.00,0.00,4.79,0.00,0.00,-600.98,-0.00,0.00,0.00,-0.00,0.00,-0.00,7.00
37708.00,0.00,0.00,0.17,0.00,0.00,-13.15,0.00,0.00,-2563.69,-0.00,0.00,0.00,-0.00,0.00,-0.00,8.00
37716.00,0.00,0.00,0.26,0.00,0.00,12.25,0.00,0.00,3175.61,-0.00,0.00,0.00,-0.00,-0.00,0.00,7.00
37723.00,0.00,0.00,0.21,0.00,0.00,-7.51,0.00,0.00,-2823.86,-0.00,0.00,0.00,0.00,0.00,0.00,5.00
37728.00,0.00,0.00,0.18,0.00,0.00,-6.19,0.00,0.00,264.47,-0.00,0.00,0.00,0.00,0.00,0.00,7.00
37735.00,0.00,0.00,0.18,0.00,0.00,0.49,0.00,0.00,954.13,-0.00,0.00,0.00,0.00,-0.00,0.00,5.00
37740.00,0.00,0.00,0.23,0.00,0.00,10.00,0.00,0.00,1902.42,-0.00,0.00,0.00,0.00,0.00,0.00,8.00
37748.00,0.00,0.00,0.19,0.00,0.00,-5.16,0.00,0.00,-1895.06,-0.00,0.00,0.00,0.00,0.00,0.00,8.00
37756.00,0.00,0.00,0.28,0.00,0.00,10.93,0.00,0.00,2011.72,-0.00,0.00,0.00,0.00,0.00,0.00,7.00
37767.00,0.00,0.00,0.13,0.00,0.00,-13.29,0.00,0.00,-2202.45,-0.00,0.00,0.00,0.00,0.01,-0.00,10.00
37777.00,0.00,0.00,0.13,0.00,0.00,-0.50,0.00,0.00,1279.45,-0.00,0.00,0.00,0.00,0.00,-0.00,5.00
37782.00,0.00,0.00,0.21,0.00,0.00,15.74,0.00,0.00,3248.85,-0.00,0.00,0.00,0.00,0.00,-0.00,7.00
37789.00,0.00,0.00,0.22,0.00,0.00,1.25,0.00,0.00,-2071.10,-0.00,0.00,0.00,-0.00,-0.00,0.00,7.00
37796.00,0.00,0.00,0.15,0.00,0.00,-9.91,0.00,0.00,-1593.06,-0.00,0.00,0.00,0.00,0.00,-0.00,18.00
37814.00,0.00,0.00,0.14,0.00,0.00,-0.27,0.00,0.00,535.48,-0.00,0.00,0.00,-0.00,0.00,0.00,5.00
37819.00,0.00,0.00,0.22,0.00,0.00,15.71,0.00,0.00,3195.94,-0.00,0.00,0.00,-0.00,0.00,0.00,8.00
37827.00,0.00,0.00,0.19,0.00,0.00,-3.44,0.00,0.00,-2393.63,-0.00,0.00,0.00,0.00,0.00,-0.00,6.00
37833.00,0.00,0.00,0.20,0.00,0.00,1.50,0.00,0.00,822.90,-0.00,0.00,0.00,0.00,0.00,-0.00,5.00
37838.00,0.00,0.00,0.27,0.00,0.00,13.66,0.00,0.00,2432.19,-0.00,0.00,0.00,0.00,0.00,0.00,9.00
37851.00,0.00,0.00,0.23,0.00,0.00,-3.38,0.00,0.00,-1310.99,-0.00,0.00,0.00,0.00,0.00,0.00,8.00
37859.00,0.00,0.00,0.16,0.00,0.00,-8.81,0.00,0.00,-678.29,-0.00,0.00,0.00,0.00,0.00,0.00,8.00
37867.00,0.00,0.00,0.27,0.00,0.00,13.75,0.00,0.00,2819.13,-0.00,0.00,0.00,0.00,0.00,-0.00,7.00
37874.00,0.00,0.00,0.12,0.00,0.00,-20.11,0.00,0.00,-4837.12,-0.00,0.00,0.00,0.00,0.00,0.00,5.00
37879.00,0.00,0.00,0.18,0.00,0.00,11.61,0.00,0.00,6344.02,-0.00,0.00,0.00,0.00,0.00,0.00,6.00
37885.00,0.00,0.00,0.11,0.00,0.00,-11.87,0.00,0.00,-3913.33,-0.00,0.00,0.00,0.00,0.00,0.00,6.00
37891.00,0.00,0.00,0.19,0.00,0.00,12.69,0.00,0.00,4094.01,-0.00,0.00,0.00,0.00,0.00,0.00,17.00
37908.00,0.00,0.00,0.21,0.00,0.00,1.62,0.00,0.00,-650.96,-0.00,0.00,0.00,0.00,-0.00,-0.00,9.00
37917.00,0.00,0.00,0.19,0.00,0.00,-2.56,0.00,0.00,-464.64,-0.00,0.00,0.00,0.00,-0.00,0.00,7.00
37924.00,0.00,0.00,0.18,0.00,0.00,-2.27,0.00,0.00,41.00,-0.00,0.00,0.00,0.00,0.00,-0.00,6.00
37934.00,0.00,0.00,0.12,0.00,0.00,-5.80,0.00,0.00,-353.44,-0.00,0.00,0.00,0.00,-0.00,0.00,6.00
37940.00,0.00,0.00,0.10,0.00,0.00,-2.96,0.00,0.00,473.74,-0.00,0.00,0.00,0.00,-0.00,0.00,7.00
37947.00,0.00,0.00,0.15,0.00,0.00,6.41,0.00,0.00,1338.23,-0.00,0.00,0.00,-0.00,-0.00,0.00,9.00
37956.00,0.00,0.00,0.21,0.00,0.00,7.55,0.00,0.00,126.93,-0.00,0.00,0.00,-0.00,-0.00,0.00,6.00
37962.00,0.00,0.00,0.19,0.00,0.00,-4.57,0.00,0.00,-2018.90,-0.00,0.00,0.00,-0.00,-0.00,0.00,6.00
37968.00,0.00,0.00,0.24,0.00,0.00,9.53,0.00,0.00,2349.91,-0.00,0.00,0.00,-0.00,-0.00,0.00,9.00
37977.00,0.00,0.00,0.29,0.00,0.00,5.34,0.00,0.00,-465.85,-0.00,0.00,0.00,0.00,-0.00,-0.00,6.00
37983.00,0.00,0.00,0.33,0.00,0.00,6.41,0.00,0.00,177.68,-0.00,0.00,0.00,0.00,-0.00,-0.00,5.00
37988.00,0.00,0.00,0.17,0.00,0.00,-31.66,0.00,0.00,-7612.66,-0.00,0.00,0.00,0.00,-0.00,0.00,19.00
38007.00,0.00,0.00,0.33,0.00,0.00,8.30,0.00,0.00,2102.87,-0.00,0.00,0.00,-0.00,-0.00,0.00,7.00
38018.00,0.00,0.00,0.24,0.00,0.00,-8.19,0.00,0.00,-1499.26,-0.00,0.00,0.00,-0.00,-0.00,0.00,10.00
38028.00,0.00,0.00,0.03,0.00,0.00,-21.19,0.00,0.00,-1299.66,-0.00,0.00,0.00,0.00,0.00,0.00,5.00
38033.00,0.00,0.00,0.26,0.00,0.00,46.18,0.00,0.00,13473.32,-0.00,0.00,0.00,0.00,-0.00,0.00,6.00
38039.00,0.00,0.00,0.12,0.00,0.00,-23.36,0.00,0.00,-11588.61,-0.00,0.00,0.00,0.00,-0.00,0.00,8.00
38047.00,0.00,0.00,0.22,0.00,0.00,13.43,0.00,0.00,4598.72,-0.00,0.00,0.00,0.00,-0.00,-0.00,8.00
38055.00,0.00,0.00,0.19,0.00,0.00,-4.31,0.00,0.00,-2218.26,-0.00,0.00,0.00,0.00,0.00,0.00,5.00
38060.00,0.00,0.00,0.25,0.00,0.00,12.08,0.00,0.00,3279.01,-0.00,0.00,0.00,-0.00,-0.00,0.00,8.00
38068.00,0.00,0.00,0.15,0.00,0.00,-12.31,0.00,0.00,-3049.22,-0.00,0.00,0.00,-0.00,-0.00,0.00,8.00
38076.00,0.00,0.00,0.17,0.00,0.00,2.76,0.00,0.00,1883.69,-0.00,0.00,0.00,0.00,-0.00,-0.00,6.00
38082.00,0.00,0.00,0.29,0.00,0.00,19.64,0.00,0.00,2813.81,-0.00,0.00,0.00,0.00,-0.00,0.00,6.00
38093.00,0.00,0.00,0.25,0.00,0.00,-4.08,0.00,0.00,-2156.35,-0.00,0.00,0.00,0.00,-0.00,0.00,16.00
38109.00,0.00,0.00,0.24,0.00,0.00,-0.54,0.00,0.00,220.93,-0.00,0.00,0.00,0.00,-0.01,0.00,9.00
38118.00,0.00,0.00,0.21,0.00,0.00,-3.03,0.00,0.00,-276.75,-0.00,0.00,0.00,-0.00,-0.00,-0.00,7.00
38125.00,0.00,0.00,0.23,0.00,0.00,2.11,0.00,0.00,734.09,-0.00,0.00,0.00,-0.00,-0.01,-0.00,6.00
38131.00,0.00,0.00,0.25,0.00,0.00,3.22,0.00,0.00,185.47,-0.00,0.00,0.00,0.00,-0.00,-0.00,7.00
38138.00,0.00,0.00,0.24,0.00,0.00,-1.48,0.00,0.00,-671.15,-0.00,0.00,0.00,0.00,-0.00,-0.00,9.00
38147.00,0.00,0.00,0.24,0.00,0.00,0.57,0.00,0.00,227.44,-0.00,0.00,0.00,0.00,0.00,0.00,6.00
38153.00,0.00,0.00,0.18,0.00,0.00,-10.16,0.00,0.00,-1787.14,-0.00,0.00,0.00,0.00,0.00,0.00,6.00
38159.00,0.00,0.00,0.22,0.00,0.00,6.62,0.00,0.00,2795.92,-0.00,0.00,0.00,0.00,0.00,0.00,8.00
38167.00,0.00,0.00,0.22,0.00,0.00,-0.20,0.00,0.00,-852.02,-0.00,0.00,0.00,0.00,-0.00,0.00,8.00
38185.00,0.00,0.00,0.28,0.00,0.00,3.50,0.00,0.00,205.50,-0.00,0.00,0.00,-0.00,0.00,-0.00,15.00
38200.00,0.00,0.00,0.19,0.00,0.00,-6.26,0.00,0.00,-651.01,-0.00,0.00,0.00,0.00,0.00,0.00,8.00
38208.00,0.00,0.00,0.18,0.00,0.00,-0.63,0.00,0.00,704.51,-0.00,0.00,0.00,0.00,0.00,-0.00,8.00
38216.00,0.00,0.00,0.19,0.00,0.00,0.91,0.00,0.00,192.72,-0.00,0.00,0.00,0.00,0.00,0.00,7.00
38223.00,0.00,0.00,0.21,0.00,0.00,3.31,0.00,0.00,341.55,-0.00,0.00,0.00,0.00,-0.00,0.00,6.00
38229.00,0.00,0.00,0.30,0.00,0.00,14.27,0.00,0.00,1827.89,-0.00,0.00,0.00,0.00,-0.01,0.00,6.00
38235.00,0.00,0.00,0.27,0.00,0.00,-4.63,0.00,0.00,-3151.04,-0.00,0.00,0.00,0.00,-0.00,0.00,5.00
38240.00,0.00,0.00,0.21,0.00,0.00,-11.25,0.00,0.00,-1322.62,-0.00,0.00,0.00,-0.00,-0.00,0.00,8.00
38248.00,0.00,0.00,0.23,0.00,0.00,2.32,0.00,0.00,1695.37,-0.00,0.00,0.00,-0.00,-0.00,0.00,8.00
38256.00,0.00,0.00,0.22,0.00,0.00,-1.47,0.00,0.00,-473.13,-0.00,0.00,0.00,0.00,-0.00,0.00,6.00
38266.00,0.00,0.00,0.28,0.00,0.00,6.05,0.00,0.00,752.11,-0.00,0.00,0.00,-0.00,-0.00,-0.00,8.00
38274.00,0.00,0.00,0.23,0.00,0.00,-6.24,0.00,0.00,-1536.03,-0.00,0.00,0.00,-0.00,-0.00,0.00,5.00
38279.00,0.00,0.00,0.20,0.00,0.00,-6.50,0.00,0.00,-52.44,-0.00,0.00,0.00,-0.00,-0.00,0.00,6.00
38285.00,0.00,0.00,0.20,0.00,0.00,0.99,0.00,0.00,1247.22,-0.00,0.00,0.00,0.00,0.00,0.00,3.00
38288.00,0.00,0.00,0.20,0.00,0.00,-1.62,0.00,0.00,-867.42,-0.00,0.00,0.00,0.00,-0.00,0.00,17.00
38305.00,0.00,0.00,0.27,0.00,0.00,4.22,0.00,0.00,343.15,-0.00,0.00,0.00,-0.00,-0.00,0.00,6.00
38311.00,0.00,0.00,0.13,0.00,0.00,-23.96,0.00,0.00,-4696.61,-0.00,0.00,0.00,-0.00,-0.00,0.00,7.00
38318.00,0.00,0.00,0.16,0.00,0.00,4.05,0.00,0.00,4001.28,-0.00,0.00,0.00,0.00,-0.00,0.00,8.00
38326.00,0.00,0.00,0.09,0.00,0.00,-8.27,0.00,0.00,-1539.06,-0.00,0.00,0.00,0.00,-0.01,0.00,5.00
38331.00,0.00,0.00,0.24,0.00,0.00,29.08,0.00,0.00,7468.68,-0.00,0.00,0.00,0.00,-0.00,0.00,7.00
38343.00,0.00,0.00,0.24,0.00,0.00,0.56,0.00,0.00,-2376.37,-0.00,0.00,0.00,-0.00,-0.00,0.00,7.00
38350.00,0.00,0.00,0.22,0.00,0.00,-3.04,0.00,0.00,-514.65,-0.00,0.00,0.00,-0.00,-0.00,0.00,8.00
38358.00,0.00,0.00,0.16,0.00,0.00,-7.26,0.00,0.00,-527.57,-0.00,0.00,0.00,0.00,-0.00,-0.00,8.00
38366.00,0.00,0.00,0.11,0.00,0.00,-6.74,0.00,0.00,65.07,-0.00,0.00,0.00,-0.00,0.00,0.00,5.00
38371.00,0.00,0.00,0.12,0.00,0.00,2.33,0.00,0.00,1814.94,-0.00,0.00,0.00,-0.00,0.00,0.00,8.00
38379.00,0.00,0.00,0.22,0.00,0.00,12.02,0.00,0.00,1210.43,-0.00,0.00,0.00,-0.00,-0.00,0.00,5.00
38384.00,0.00,0.00,0.33,0.00,0.00,21.90,0.00,0.00,1977.70,-0.00,0.00,0.00,-0.00,-0.00,0.00,15.00
38399.00,0.00,0.00,0.14,0.00,0.00,-12.06,0.00,0.00,-2264.23,-0.00,0.00,0.00,0.00,0.00,-0.00,9.00
38408.00,0.00,0.00,0.24,0.00,0.00,10.26,0.00,0.00,2479.58,-0.00,0.00,0.00,-0.00,0.00,-0.00,7.00
38415.00,0.00,0.00,0.31,0.00,0.00,11.05,0.00,0.00,113.54,-0.00,0.00,0.00,0.00,0.00,0.00,5.00
38425.00,0.00,0.00,0.18,0.00,0.00,-13.51,0.00,0.00,-2455.97,-0.00,0.00,0.00,-0.00,-0.00,0.00,6.00
38431.00,0.00,0.00,0.22,0.00,0.00,7.56,0.00,0.00,3510.99,-0.00,0.00,0.00,-0.00,-0.00,0.00,7.00
38438.00,0.00,0.00,0.29,0.00,0.00,9.22,0.00,0.00,236.84,-0.00,0.00,0.00,0.00,0.00,-0.00,7.00
38445.00,0.00,0.00,0.17,0.00,0.00,-17.66,0.00,0.00,-3839.78,-0.00,0.00,0.00,0.00,-0.00,-0.00,6.00
38451.00,0.00,0.00,0.25,0.00,0.00,13.48,0.00,0.00,5189.61,-0.00,0.00,0.00,-0.00,-0.00,-0.00,7.00
38458.00,0.00,0.00,0.24,0.00,0.00,-1.52,0.00,0.00,-2141.83,-0.00,0.00,0.00,-0.00,-0.00,0.00,8.00
38466.00,0.00,0.00,0.15,0.00,0.00,-11.08,0.00,0.00,-1194.74,-0.00,0.00,0.00,-0.00,0.00,-0.00,6.00
38472.00,0.00,0.00,0.11,0.00,0.00,-5.88,0.00,0.00,865.55,-0.00,0.00,0.00,-0.00,0.00,-0.00,7.00
38479.00,0.00,0.00,0.15,0.00,0.00,5.61,0.00,0.00,1641.64,-0.00,0.00,0.00,0.00,0.00,0.00,6.00
38485.00,0.00,0.00,0.22,0.00,0.00,11.48,0.00,0.00,978.71,-0.00,0.00,0.00,0.00,-0.00,0.00,5.00
38495.00,0.00,0.00,0.32,0.00,0.00,9.82,0.00,0.00,-165.94,-0.00,0.00,0.00,0.00,0.00,0.00,15.00
38510.00,0.00,0.00,0.18,0.00,0.00,-9.31,0.00,0.00,-1275.66,-0.00,0.00,0.00,0.00,0.00,-0.00,8.00
38518.00,0.00,0.00,0.14,0.00,0.00,-5.38,0.00,0.00,491.50,-0.00,0.00,0.00,-0.00,0.00,0.00,8.00
38526.00,0.00,0.00,0.24,0.00,0.00,12.88,0.00,0.00,2282.74,-0.00,0.00,0.00,0.00,0.00,-0.00,6.00
38532.00,0.00,0.00,0.22,0.00,0.00,-3.14,0.00,0.00,-2670.59,-0.00,0.00,0.00,0.00,0.00,-0.00,7.00
38539.00,0.00,0.00,0.26,0.00,0.00,6.25,0.00,0.00,1341.76,-0.00,0.00,0.00,0.00,-0.00,0.00,9.00
38548.00,0.00,0.00,0.16,0.00,0.00,-11.38,0.00,0.00,-1959.10,-0.00,0.00,0.00,0.00,-0.00,-0.00,6.00
38554.00,0.00,0.00,0.43,0.00,0.00,45.03,0.00,0.00,9402.74,-0.00,0.00,0.00,0.00,-0.00,-0.00,5.00
38559.00,0.00,0.00,0.22,0.00,0.00,-41.96,0.00,0.00,-17399.90,-0.00,0.00,0.00,0.00,-0.00,-0.00,7.00
38566.00,0.00,0.00,0.18,0.00,0.00,-5.68,0.00,0.00,5183.13,-0.00,0.00,0.00,0.00,0.00,-0.00,6.00
38577.00,0.00,0.00,0.22,0.00,0.00,3.63,0.00,0.00,846.63,-0.00,0.00,0.00,0.00,-0.00,-0.00,6.00
38583.00,0.00,0.00,0.18,0.00,0.00,-6.49,0.00,0.00,-1687.05,-0.00,0.00,0.00,0.00,-0.00,-0.00,6.00
38589.00,0.00,0.00,0.13,0.00,0.00,-8.83,0.00,0.00,-389.94,-0.00,0.00,0.00,0.00,-0.00,-0.00,8.00
38597.00,0.00,0.00,0.52,0.00,0.00,49.25,0.00,0.00,7259.99,-0.00,0.00,0.00,0.00,-0.00,-0.00,4.00
38601.00,0.00,0.00,0.24,0.00,0.00,-70.35,0.00,0.00,-29899.97,-0.00,0.00,0.00,-0.00,-0.00,-0.00,17.00
38618.00,0.00,0.00,0.27,0.00,0.00,1.41,0.00,0.00,4221.50,-0.00,0.00,0.00,-0.00,0.00,-0.00,8.00
38626.00,0.00,0.00,0.17,0.00,0.00,-12.43,0.00,0.00,-1730.29,-0.00,0.00,0.00,0.00,-0.00,-0.00,5.00
38631.00,0.00,0.00,0.26,0.00,0.00,18.80,0.00,0.00,6245.55,-0.00,0.00,0.00,0.00,-0.00,-0.00,7.00
38638.00,0.00,0.00,0.26,0.00,0.00,-0.77,0.00,0.00,-2795.22,-0.00,0.00,0.00,0.00,0.00,-0.00,8.00
38646.00,0.00,0.00,0.20,0.00,0.00,-7.46,0.00,0.00,-836.76,-0.00,0.00,0.00,0.00,-0.00,-0.00,6.00
38656.00,0.00,0.00,0.24,0.00,0.00,4.27,0.00,0.00,1173.45,-0.00,0.00,0.00,-0.00,-0.00,0.00,6.00
38662.00,0.00,0.00,0.10,0.00,0.00,-23.44,0.00,0.00,-4618.61,-0.00,0.00,0.00,0.00,-0.00,0.00,8.00
38670.00,0.00,0.00,0.12,0.00,0.00,3.16,0.00,0.00,3325.02,-0.00,0.00,0.00,0.00,0.00,0.00,8.00
38678.00,0.00,0.00,0.18,0.00,0.00,7.44,0.00,0.00,534.30,-0.00,0.00,0.00,-0.00,0.00,0.00,6.00
38684.00,0.00,0.00,0.19,0.00,0.00,1.50,0.00,0.00,-989.92,-0.00,0.00,0.00,-0.00,0.00,0.00,6.00
38690.00,0.00,0.00,0.15,0.00,0.00,-6.41,0.00,0.00,-1316.95,-0.00,0.00,0.00,-0.00,0.00,0.00,18.00
38708.00,0.00,0.00,0.08,0.00,0.00,-3.93,0.00,0.00,137.51,-0.00,0.00,0.00,0.00,-0.00,0.00,7.00
38715.00,0.00,0.00,0.25,0.00,0.00,24.54,0.00,0.00,4066.73,-0.00,0.00,0.00,0.00,0.00,-0.00,5.00
38720.00,0.00,0.00,0.32,0.00,0.00,13.98,0.00,0.00,-2111.75,-0.00,0.00,0.00,0.00,0.00,-0.00,9.00
38729.00,0.00,0.00,0.24,0.00,0.00,-8.93,0.00,0.00,-2545.51,-0.00,0.00,0.00,-0.00,0.00,0.00,5.00
38739.00,0.00,0.00,0.19,0.00,0.00,-5.62,0.00,0.00,331.02,-0.00,0.00,0.00,-0.00,0.00,-0.00,6.00
38745.00,0.00,0.00,0.29,0.00,0.00,16.35,0.00,0.00,3661.36,-0.00,0.00,0.00,-0.00,-0.00,-0.00,5.00
38750.00,0.00,0.00,0.25,0.00,0.00,-7.69,0.00,0.00,-4807.18,-0.00,0.00,0.00,-0.00,-0.00,-0.00,9.00
38759.00,0.00,0.00,0.25,0.00,0.00,-0.09,0.00,0.00,844.53,-0.00,0.00,0.00,0.00,-0.00,0.00,8.00
38767.00,0.00,0.00,0.27,0.00,0.00,3.09,0.00,0.00,397.72,-0.00,0.00,0.00,0.00,-0.00,-0.00,5.00
38772.00,0.00,0.00,0.20,0.00,0.00,-14.91,0.00,0.00,-3600.07,-0.00,0.00,0.00,0.00,-0.00,-0.00,7.00
38779.00,0.00,0.00,0.24,0.00,0.00,6.43,0.00,0.00,3048.67,-0.00,0.00,0.00,0.00,0.00,-0.00,6.00
38785.00,0.00,0.00,0.15,0.00,0.00,-14.80,0.00,0.00,-3539.32,-0.00,0.00,0.00,0.00,-0.00,-0.00,5.00
38790.00,0.00,0.00,0.14,0.00,0.00,-2.50,0.00,0.00,2461.13,-0.00,0.00,0.00,0.00,-0.00,-0.00,18.00
38808.00,0.00,0.00,0.12,0.00,0.00,-1.04,0.00,0.00,80.85,-0.00,0.00,0.00,0.00,0.00,-0.00,7.00
38824.00,0.00,0.00,0.17,0.00,0.00,2.87,0.00,0.00,244.60,-0.00,0.00,0.00,-0.00,0.00,-0.00,7.00
38831.00,0.00,0.00,0.29,0.00,0.00,16.79,0.00,0.00,1988.27,-0.00,0.00,0.00,-0.00,0.00,-0.00,7.00
38838.00,0.00,0.00,0.21,0.00,0.00,-11.00,0.00,0.00,-3969.73,-0.00,0.00,0.00,-0.00,0.00,0.00,6.00
38844.00,0.00,0.00,0.16,0.00,0.00,-7.26,0.00,0.00,623.72,-0.00,0.00,0.00,-0.00,0.00,0.00,6.00
38850.00,0.00,0.00,0.15,0.00,0.00,-2.30,0.00,0.00,825.09,-0.00,0.00,0.00,0.00,0.00,-0.00,9.00
38859.00,0.00,0.00,0.19,0.00,0.00,4.54,0.00,0.00,760.30,-0.00,0.00,0.00,-0.00,0.00,-0.00,7.00
38866.00,0.00,0.00,0.19,0.00,0.00,0.48,0.00,0.00,-580.14,-0.00,0.00,0.00,0.00,0.00,-0.00,6.00
38872.00,0.00,0.00,0.20,0.00,0.00,0.35,0.00,0.00,-20.91,-0.00,0.00,0.00,0.00,-0.00,-0.00,7.00
38879.00,0.00,0.00,0.21,0.00,0.00,1.71,0.00,0.00,194.62,-0.00,0.00,0.00,0.00,-0.00,-0.00,6.00
38885.00,0.00,0.00,0.14,0.00,0.00,-11.19,0.00,0.00,-2149.78,-0.00,0.00,0.00,0.00,-0.01,-0.00,5.00
38895.00,0.00,0.00,0.26,0.00,0.00,11.33,0.00,0.00,2251.73,-0.00,0.00,0.00,0.00,0.00,0.00,16.00
38911.00,0.00,0.00,0.23,0.00,0.00,-1.80,0.00,0.00,-820.55,-0.00,0.00,0.00,0.00,-0.00,0.00,8.00
38919.00,0.00,0.00,0.26,0.00,0.00,4.14,0.00,0.00,742.25,-0.00,0.00,0.00,-0.00,0.00,0.00,8.00
38927.00,0.00,0.00,0.21,0.00,0.00,-6.06,0.00,0.00,-1275.04,-0.00,0.00,0.00,-0.00,0.00,-0.00,6.00
38933.00,0.00,0.00,0.24,0.00,0.00,4.63,0.00,0.00,1780.73,-0.00,0.00,0.00,-0.00,0.00,0.00,7.00
38940.00,0.00,0.00,0.22,0.00,0.00,-2.83,0.00,0.00,-1064.66,-0.00,0.00,0.00,-0.00,0.00,0.00,8.00
38948.00,0.00,0.00,0.26,0.00,0.00,5.18,0.00,0.00,1000.81,-0.00,0.00,0.00,-0.00,-0.00,-0.00,7.00
38955.00,0.00,0.00,0.17,0.00,0.00,-12.68,0.00,0.00,-2551.61,-0.00,0.00,0.00,-0.00,0.00,0.00,6.00
38961.00,0.00,0.00,0.23,0.00,0.00,9.17,0.00,0.00,3642.58,-0.00,0.00,0.00,-0.00,0.00,0.00,8.00
38969.00,0.00,0.00,0.24,0.00,0.00,1.68,0.00,0.00,-936.13,-0.00,0.00,0.00,0.00,-0.00,-0.00,7.00
38981.00,0.00,0.00,0.12,0.00,0.00,-10.29,0.00,0.00,-997.68,-0.00,0.00,0.00,-0.00,0.00,0.00,6.00
38987.00,0.00,0.00,0.25,0.00,0.00,22.56,0.00,0.00,5474.50,-0.00,0.00,0.00,-0.00,-0.00,0.00,6.00
38993.00,0.00,0.00,0.17,0.00,0.00,-13.53,0.00,0.00,-6014.90,-0.00,0.00,0.00,-0.00,-0.00,0.00,17.00
39010.00,0.00,0.00,0.16,0.00,0.00,-0.41,0.00,0.00,771.78,-0.00,0.00,0.00,0.00,0.00,0.00,3.00
39013.00,0.00,0.00,0.22,0.00,0.00,18.35,0.00,0.00,6254.46,-0.00,0.00,0.00,-0.00,-0.00,-0.00,7.00
39020.00,0.00,0.00,0.17,0.00,0.00,-6.36,0.00,0.00,-3530.02,-0.00,0.00,0.00,-0.00,-0.00,-0.00,9.00
39029.00,0.00,0.00,0.17,0.00,0.00,-0.20,0.00,0.00,684.29,-0.00,0.00,0.00,-0.00,0.00,0.00,5.00
39034.00,0.00,0.00,0.27,0.00,0.00,19.70,0.00,0.00,3979.96,-0.00,0.00,0.00,-0.00,0.00,0.00,7.00
39041.00,0.00,0.00,0.28,0.00,0.00,1.17,0.00,0.00,-2646.93,-0.00,0.00,0.00,0.00,0.00,0.00,8.00
39049.00,0.00,0.00,0.26,0.00,0.00,-1.95,0.00,0.00,-390.54,-0.00,0.00,0.00,-0.00,0.00,0.00,7.00
39061.00,0.00,0.00,0.22,0.00,0.00,-3.47,0.00,0.00,-126.27,-0.00,0.00,0.00,-0.00,0.00,0.00,9.00
39070.00,0.00,0.00,0.12,0.00,0.00,-11.88,0.00,0.00,-934.67,-0.00,0.00,0.00,-0.00,-0.00,0.00,9.00
39079.00,0.00,0.00,0.30,0.00,0.00,20.59,0.00,0.00,3607.92,-0.00,0.00,0.00,0.00,-0.00,-0.00,6.00
39085.00,0.00,0.00,0.17,0.00,0.00,-21.74,0.00,0.00,-7054.88,-0.00,0.00,0.00,-0.00,-0.00,-0.00,16.00
39101.00,0.00,0.00,0.23,0.00,0.00,3.73,0.00,0.00,1591.82,-0.00,0.00,0.00,-0.00,-0.00,0.00,8.00
39109.00,0.00,0.00,0.17,0.00,0.00,-7.30,0.00,0.00,-1378.78,-0.00,0.00,0.00,0.00,0.00,0.00,8.00
39117.00,0.00,0.00,0.25,0.00,0.00,9.46,0.00,0.00,2094.74,-0.00,0.00,0.00,0.00,0.00,0.00,6.00
39123.00,0.00,0.00,0.19,0.00,0.00,-9.95,0.00,0.00,-3234.55,-0.00,0.00,0.00,-0.00,0.00,0.00,7.00
39130.00,0.00,0.00,0.17,0.00,0.00,-2.40,0.00,0.00,1078.57,-0.00,0.00,0.00,-0.00,0.00,0.00,6.00
39136.00,0.00,0.00,0.16,0.00,0.00,-1.11,0.00,0.00,214.97,-0.00,0.00,0.00,0.00,0.00,-0.00,5.00
39146.00,0.00,0.00,0.19,0.00,0.00,2.86,0.00,0.00,396.87,-0.00,0.00,0.00,-0.00,0.00,-0.00,6.00
39152.00,0.00,0.00,0.14,0.00,0.00,-8.00,0.00,0.00,-1809.64,-0.00,0.00,0.00,-0.00,0.00,-0.00,8.00
39160.00,0.00,0.00,0.24,0.00,0.00,12.02,0.00,0.00,2501.92,-0.00,0.00,0.00,0.00,0.00,0.00,8.00
39168.00,0.00,0.00,0.17,0.00,0.00,-9.29,0.00,0.00,-2663.19,-0.00,0.00,0.00,0.00,-0.00,0.00,5.00
39173.00,0.00,0.00,0.19,0.00,0.00,5.22,0.00,0.00,2901.19,-0.00,0.00,0.00,0.00,-0.00,0.00,7.00
39180.00,0.00,0.00,0.28,0.00,0.00,11.96,0.00,0.00,962.65,-0.00,0.00,0.00,0.00,-0.00,0.00,6.00
39186.00,0.00,0.00,0.13,0.00,0.00,-23.61,0.00,0.00,-5928.84,-0.00,0.00,0.00,0.00,-0.00,-0.00,15.00
39201.00,0.00,0.00,0.22,0.00,0.00,5.97,0.00,0.00,1972.35,-0.00,0.00,0.00,0.00,-0.00,0.00,9.00
39210.00,0.00,0.00,0.16,0.00,0.00,-6.93,0.00,0.00,-1433.01,-0.00,0.00,0.00,0.00,0.00,0.00,7.00
39217.00,0.00,0.00,0.25,0.00,0.00,11.84,0.00,0.00,2681.58,-0.00,0.00,0.00,-0.00,-0.00,0.00,6.00
39228.00,0.00,0.00,0.27,0.00,0.00,1.86,0.00,0.00,-908.02,-0.00,0.00,0.00,-0.00,-0.00,0.00,6.00
39234.00,0.00,0.00,0.20,0.00,0.00,-11.01,0.00,0.00,-2145.16,-0.00,0.00,0.00,-0.00,-0.00,0.00,6.00
39240.00,0.00,0.00,0.19,0.00,0.00,-1.62,0.00,0.00,1566.36,-0.00,0.00,0.00,0.00,0.00,-0.00,7.00
39247.00,0.00,0.00,0.26,0.00,0.00,10.72,0.00,0.00,1762.38,-0.00,0.00,0.00,0.00,0.00,-0.00,6.00
39253.00,0.00,0.00,0.26,0.00,0.00,-0.37,0.00,0.00,-1847.96,-0.00,0.00,0.00,0.00,0.00,-0.00,7.00
39260.00,0.00,0.00,0.23,0.00,0.00,-4.30,0.00,0.00,-561.21,-0.00,0.00,0.00,0.00,0.00,0.00,9.00
39269.00,0.00,0.00,0.19,0.00,0.00,-4.20,0.00,0.00,10.23,-0.00,0.00,0.00,0.00,0.00,0.00,6.00
39275.00,0.00,0.00,0.27,0.00,0.00,13.04,0.00,0.00,2873.23,-0.00,0.00,0.00,-0.00,0.00,0.00,6.00
39281.00,0.00,0.00,0.26,0.00,0.00,-1.82,0.00,0.00,-2476.24,-0.00,0.00,0.00,-0.00,0.00,0.00,6.00
39287.00,0.00,0.00,0.22,0.00,0.00,-7.68,0.00,0.00,-976.49,-0.00,0.00,0.00,0.00,-0.00,-0.00,4.00
39296.00,0.00,0.00,0.57,0.00,0.00,39.00,0.00,0.00,5187.13,-0.00,0.00,0.00,0.00,-0.00,-0.00,15.00
39311.00,0.00,0.00,0.22,0.00,0.00,-22.92,0.00,0.00,-4128.27,-0.00,0.00,0.00,0.00,0.00,0.00,9.00
39320.00,0.00,0.00,0.31,0.00,0.00,9.14,0.00,0.00,3562.86,-0.00,0.00,0.00,-0.00,-0.01,-0.00,7.00
39327.00,0.00,0.00,0.29,0.00,0.00,-1.73,0.00,0.00,-1552.96,-0.00,0.00,0.00,-0.00,-0.00,0.00,6.00
39333.00,0.00,0.00,0.30,0.00,0.00,0.30,0.00,0.00,337.57,-0.00,0.00,0.00,-0.00,-0.00,-0.00,7.00
39340.00,0.00,0.00,0.16,0.00,0.00,-19.19,0.00,0.00,-2784.89,-0.00,0.00,0.00,-0.00,-0.00,-0.00,8.00
39348.00,0.00,0.00,0.28,0.00,0.00,14.39,0.00,0.00,4198.12,-0.00,0.00,0.00,0.00,0.00,0.00,5.00
39353.00,0.00,0.00,0.20,0.00,0.00,-15.62,0.00,0.00,-6001.89,-0.00,0.00,0.00,0.00,0.00,0.00,7.00
39360.00,0.00,0.00,0.11,0.00,0.00,-13.16,0.00,0.00,351.65,-0.00,0.00,0.00,-0.00,0.00,0.00,9.00
39369.00,0.00,0.00,0.20,0.00,0.00,10.75,0.00,0.00,2656.45,-0.00,0.00,0.00,-0.00,-0.00,0.00,6.00
39380.00,0.00,0.00,0.22,0.00,0.00,1.46,0.00,0.00,-844.90,-0.00,0.00,0.00,0.00,0.00,0.00,6.00
39386.00,0.00,0.00,0.21,0.00,0.00,-2.16,0.00,0.00,-602.89,-0.00,0.00,0.00,-0.00,-0.00,-0.00,6.00
39392.00,0.00,0.00,0.19,0.00,0.00,-2.92,0.00,0.00,-126.15,-0.00,0.00,0.00,-0.00,-0.00,-0.00,18.00
39410.00,0.00,0.00,0.19,0.00,0.00,0.24,0.00,0.00,175.42,-0.00,0.00,0.00,0.00,0.00,-0.00,7.00
39417.00,0.00,0.00,0.31,0.00,0.00,16.83,0.00,0.00,2370.40,-0.00,0.00,0.00,0.00,0.00,0.00,5.00
39422.00,0.00,0.00,0.17,0.00,0.00,-28.21,0.00,0.00,-9008.93,-0.00,0.00,0.00,0.00,0.00,-0.00,9.00
39431.00,0.00,0.00,0.21,0.00,0.00,4.18,0.00,0.00,3598.76,-0.00,0.00,0.00,-0.00,0.00,-0.00,4.00
39435.00,0.00,0.00,0.29,0.00,0.00,21.72,0.00,0.00,4385.72,-0.00,0.00,0.00,-0.00,0.00,0.00,7.00
39442.00,0.00,0.00,0.25,0.00,0.00,-5.97,0.00,0.00,-3956.29,-0.00,0.00,0.00,0.00,0.00,0.00,8.00
39450.00,0.00,0.00,0.16,0.00,0.00,-10.93,0.00,0.00,-619.98,-0.00,0.00,0.00,-0.00,0.00,0.00,7.00
39461.00,0.00,0.00,0.26,0.00,0.00,8.45,0.00,0.00,1762.09,-0.00,0.00,0.00,0.00,0.00,0.00,10.00
39471.00,0.00,0.00,0.15,0.00,0.00,-10.99,0.00,0.00,-1943.55,-0.00,0.00,0.00,-0.00,-0.00,0.00,8.00
39479.00,0.00,0.00,0.21,0.00,0.00,7.56,0.00,0.00,2318.44,-0.00,0.00,0.00,-0.00,-0.00,0.00,6.00
39485.00,0.00,0.00,0.15,0.00,0.00,-9.64,0.00,0.00,-2866.43,-0.00,0.00,0.00,-0.00,0.00,0.00,6.00
39491.00,0.00,0.00,0.19,0.00,0.00,5.93,0.00,0.00,2595.43,-0.00,0.00,0.00,-0.00,0.01,0.00,19.00
39510.00,0.00,0.00,0.13,0.00,0.00,-2.83,0.00,0.00,-461.16,-0.00,0.00,0.00,0.00,0.00,0.00,7.00
39517.00,0.00,0.00,0.24,0.00,0.00,14.99,0.00,0.00,2545.45,-0.00,0.00,0.00,0.00,0.00,0.00,5.00
39522.00,0.00,0.00,0.30,0.00,0.00,12.93,0.00,0.00,-412.44,-0.00,0.00,0.00,0.00,0.00,0.00,9.00
39531.00,0.00,0.00,0.18,0.00,0.00,-13.13,0.00,0.00,-2894.88,-0.00,0.00,0.00,0.00,0.00,-0.00,5.00
39536.00,0.00,0.00,0.18,0.00,0.00,0.20,0.00,0.00,2664.57,-0.00,0.00,0.00,-0.00,-0.00,-0.00,6.00
39552.00,0.00,0.00,0.22,0.00,0.00,2.52,0.00,0.00,145.27,-0.00,0.00,0.00,0.00,-0.00,-0.00,9.00
39561.00,0.00,0.00,0.22,0.00,0.00,-0.61,0.00,0.00,-348.03,-0.00,0.00,0.00,0.00,-0.00,0.00,8.00
39569.00,0.00,0.00,0.15,0.00,0.00,-8.53,0.00,0.00,-989.80,-0.00,0.00,0.00,-0.00,-0.00,0.00,6.00
39575.00,0.00,0.00,0.25,0.00,0.00,16.87,0.00,0.00,4233.71,-0.00,0.00,0.00,-0.00,-0.00,0.00,7.00
39582.00,0.00,0.00,0.25,0.00,0.00,-0.46,0.00,0.00,-2475.84,-0.00,0.00,0.00,0.00,0.00,0.00,5.00
39587.00,0.00,0.00,0.24,0.00,0.00,-1.11,0.00,0.00,-130.35,-0.00,0.00,0.00,-0.00,-0.00,-0.00,6.00
39593.00,0.00,0.00,0.23,0.00,0.00,-2.90,0.00,0.00,-298.60,-0.00,0.00,0.00,-0.00,0.00,-0.00,17.00
39610.00,0.00,0.00,0.25,0.00,0.00,1.20,0.00,0.00,241.40,-0.00,0.00,0.00,-0.00,0.00,0.00,8.00
39618.00,0.00,0.00,0.21,0.00,0.00,-4.68,0.00,0.00,-734.90,-0.00,0.00,0.00,-0.00,-0.00,0.00,5.00
39623.00,0.00,0.00,0.21,0.00,0.00,0.93,0.00,0.00,1121.24,-0.00,0.00,0.00,-0.00,-0.00,0.00,8.00
39636.00,0.00,0.00,0.25,0.00,0.00,3.07,0.00,0.00,164.60,-0.00,0.00,0.00,-0.00,0.00,0.00,7.00
39643.00,0.00,0.00,0.24,0.00,0.00,-1.81,0.00,0.00,-697.48,-0.00,0.00,0.00,-0.00,0.00,-0.00,7.00
39650.00,0.00,0.00,0.24,0.00,0.00,0.55,0.00,0.00,337.49,-0.00,0.00,0.00,0.00,0.00,-0.00,6.00
39656.00,0.00,0.00,0.22,0.00,0.00,-4.34,0.00,0.00,-815.38,-0.00,0.00,0.00,-0.00,0.00,-0.00,6.00
39662.00,0.00,0.00,0.18,0.00,0.00,-6.23,0.00,0.00,-314.48,-0.00,0.00,0.00,-0.00,0.00,0.00,8.00
39670.00,0.00,0.00,0.25,0.00,0.00,7.96,0.00,0.00,1773.88,-0.00,0.00,0.00,0.00,0.00,0.00,8.00
39678.00,0.00,0.00,0.27,0.00,0.00,3.59,0.00,0.00,-546.91,-0.00,0.00,0.00,0.00,0.00,0.00,5.00
39683.00,0.00,0.00,0.19,0.00,0.00,-17.22,0.00,0.00,-4161.54,-0.00,0.00,0.00,0.00,0.00,0.00,7.00
39690.00,0.00,0.00,0.12,0.00,0.00,-10.03,0.00,0.00,1027.49,-0.00,0.00,0.00,-0.00,-0.00,-0.00,16.00
39706.00,0.00,0.00,0.20,0.00,0.00,5.25,0.00,0.00,954.91,-0.00,0.00,0.00,0.00,0.00,-0.00,7.00
39717.00,0.00,0.00,0.26,0.00,0.00,5.48,0.00,0.00,20.63,-0.00,0.00,0.00,-0.00,-0.00,0.00,6.00
39723.00,0.00,0.00,0.12,0.00,0.00,-23.74,0.00,0.00,-4869.92,-0.00,0.00,0.00,-0.00,-0.00,0.00,8.00
39731.00,0.00,0.00,0.24,0.00,0.00,15.26,0.00,0.00,4875.48,-0.00,0.00,0.00,0.00,0.00,-0.00,6.00
39737.00,0.00,0.00,0.31,0.00,0.00,10.69,0.00,0.00,-761.57,-0.00,0.00,0.00,0.00,-0.00,0.00,5.00
39742.00,0.00,0.00,0.24,0.00,0.00,-13.32,0.00,0.00,-4802.46,-0.00,0.00,0.00,0.00,-0.00,0.00,9.00
39751.00,0.00,0.00,0.15,0.00,0.00,-9.88,0.00,0.00,382.09,-0.00,0.00,0.00,0.00,0.00,-0.00,7.00
39758.00,0.00,0.00,0.19,0.00,0.00,6.20,0.00,0.00,2296.81,-0.00,0.00,0.00,-0.00,0.00,0.00,6.00
39764.00,0.00,0.00,0.29,0.00,0.00,16.49,0.00,0.00,1715.47,-0.00,0.00,0.00,-0.00,0.00,0.00,7.00
39771.00,0.00,0.00,0.15,0.00,0.00,-19.72,0.00,0.00,-5172.59,-0.00,0.00,0.00,-0.00,0.00,-0.00,8.00
39779.00,0.00,0.00,0.23,0.00,0.00,10.02,0.00,0.00,3717.19,-0.00,0.00,0.00,-0.00,0.00,0.00,6.00
39794.00,0.00,0.00,0.15,0.00,0.00,-5.50,0.00,0.00,-1034.40,-0.00,0.00,0.00,-0.00,0.00,-0.00,18.00
39812.00,0.00,0.00,0.25,0.00,0.00,5.47,0.00,0.00,609.58,-0.00,0.00,0.00,0.00,-0.00,0.00,9.00
39821.00,0.00,0.00,0.21,0.00,0.00,-4.29,0.00,0.00,-1084.78,-0.00,0.00,0.00,0.00,-0.00,-0.00,7.00
39828.00,0.00,0.00,0.18,0.00,0.00,-4.52,0.00,0.00,-32.87,-0.00,0.00,0.00,-0.00,-0.00,0.00,5.00
39833.00,0.00,0.00,0.21,0.00,0.00,5.80,0.00,0.00,2062.71,-0.00,0.00,0.00,-0.00,-0.00,0.00,7.00
39840.00,0.00,0.00,0.13,0.00,0.00,-11.19,0.00,0.00,-2426.19,-0.00,0.00,0.00,0.00,-0.00,-0.00,7.00
39847.00,0.00,0.00,0.23,0.00,0.00,13.66,0.00,0.00,3550.05,-0.00,0.00,0.00,0.00,0.00,-0.00,6.00
39853.00,0.00,0.00,0.22,0.00,0.00,-1.10,0.00,0.00,-2460.62,-0.00,0.00,0.00,0.00,0.00,-0.00,8.00
39861.00,0.00,0.00,0.26,0.00,0.00,4.90,0.00,0.00,750.02,-0.00,0.00,0.00,0.00,0.00,-0.00,9.00
39870.00,0.00,0.00,0.27,0.00,0.00,1.63,0.00,0.00,-363.71,-0.00,0.00,0.00,0.00,0.00,-0.00,5.00
39879.00,0.00,0.00,0.30,0.00,0.00,2.98,0.00,0.00,150.66,-0.00,0.00,0.00,0.00,0.00,0.00,6.00
39885.00,0.00,0.00,0.22,0.00,0.00,-13.28,0.00,0.00,-2709.74,-0.00,0.00,0.00,0.00,0.00,0.00,7.00
39892.00,0.00,0.00,0.28,0.00,0.00,8.64,0.00,0.00,3131.43,-0.00,0.00,0.00,0.00,0.00,-0.00,8.00
39900.00,0.00,0.00,0.17,0.00,0.00,-14.43,0.00,0.00,-2884.05,-0.00,0.00,0.00,0.00,0.00,0.00,16.00
39916.00,0.00,0.00,0.35,0.00,0.00,11.79,0.00,0.00,1638.42,-0.00,0.00,0.00,0.00,0.00,-0.00,7.00
39923.00,0.00,0.00,0.32,0.00,0.00,-5.34,0.00,0.00,-2446.97,-0.00,0.00,0.00,0.00,0.00,0.00,8.00
39931.00,0.00,0.00,0.22,0.00,0.00,-12.56,0.00,0.00,-902.05,-0.00,0.00,0.00,0.00,-0.00,-0.00,6.00
39937.00,0.00,0.00,0.17,0.00,0.00,-8.25,0.00,0.00,717.89,-0.00,0.00,0.00,0.00,-0.00,-0.00,5.00
39942.00,0.00,0.00,0.22,0.00,0.00,10.33,0.00,0.00,3715.87,-0.00,0.00,0.00,0.00,-0.00,0.00,9.00
39951.00,0.00,0.00,0.20,0.00,0.00,-2.28,0.00,0.00,-1400.70,-0.00,0.00,0.00,-0.00,0.00,0.00,7.00
39963.00,0.00,0.00,0.27,0.00,0.00,6.38,0.00,0.00,721.53,-0.00,0.00,0.00,-0.00,-0.00,0.00,9.00
39972.00,0.00,0.00,0.20,0.00,0.00,-8.21,0.00,0.00,-1620.64,-0.00,0.00,0.00,0.00,0.00,-0.00,9.00
39981.00,0.00,0.00,0.25,0.00,0.00,5.11,0.00,0.00,1479.89,-0.00,0.00,0.00,0.00,0.00,0.00,6.00
39987.00,0.00,0.00,0.26,0.00,0.00,1.77,0.00,0.00,-556.35,-0.00,0.00,0.00,0.00,-0.00,0.00,5.00
39992.00,0.00,0.00,0.20,0.00,0.00,-11.54,0.00,0.00,-2662.90,-0.00,0.00,0.00,0.00,-0.00,0.00,19.00
40011.00,0.00,0.00,0.17,0.00,0.00,-1.72,0.00,0.00,517.05,-0.00,0.00,0.00,-0.00,0.00,0.00,7.00
40018.00,0.00,0.00,0.27,0.00,0.00,15.36,0.00,0.00,2439.27,-0.00,0.00,0.00,0.00,0.00,0.00,5.00
40023.00,0.00,0.00,0.20,0.00,0.00,-14.66,0.00,0.00,-6002.92,-0.00,0.00,0.00,0.00,-0.00,0.00,9.00
40032.00,0.00,0.00,0.15,0.00,0.00,-5.27,0.00,0.00,1043.42,-0.00,0.00,0.00,-0.00,-0.00,0.00,5.00
40037.00,0.00,0.00,0.20,0.00,0.00,9.56,0.00,0.00,2965.96,-0.00,0.00,0.00,-0.00,-0.00,-0.00,6.00
40048.00,0.00,0.00,0.22,0.00,0.00,1.38,0.00,0.00,-744.41,-0.00,0.00,0.00,0.00,0.00,-0.00,6.00
40054.00,0.00,0.00,0.16,0.00,0.00,-9.84,0.00,0.00,-1869.16,-0.00,0.00,0.00,0.00,0.00,-0.00,7.00
40061.00,0.00,0.00,0.23,0.00,0.00,9.64,0.00,0.00,2783.18,-0.00,0.00,0.00,0.00,0.00,0.00,9.00
40070.00,0.00,0.00,0.14,0.00,0.00,-9.81,0.00,0.00,-2160.88,-0.00,0.00,0.00,-0.00,-0.00,0.00,5.00
40075.00,0.00,0.00,0.16,0.00,0.00,3.94,0.00,0.00,2749.97,-0.00,0.00,0.00,-0.00,-0.00,0.00,8.00
40083.00,0.00,0.00,0.18,0.00,0.00,2.78,0.00,0.00,-145.07,-0.00,0.00,0.00,0.00,0.00,0.00,5.00
40088.00,0.00,0.00,0.23,0.00,0.00,9.62,0.00,0.00,1366.40,-0.00,0.00,0.00,0.00,-0.00,0.00,15.00
40103.00,0.00,0.00,0.25,0.00,0.00,1.39,0.00,0.00,-548.38,-0.00,0.00,0.00,0.00,0.00,0.00,9.00
40112.00,0.00,0.00,0.16,0.00,0.00,-9.72,0.00,0.00,-1234.73,-0.00,0.00,0.00,0.00,-0.00,0.00,7.00
40119.00,0.00,0.00,0.08,0.00,0.00,-11.48,0.00,0.00,-250.56,-0.00,0.00,0.00,0.00,-0.00,0.00,6.00
40130.00,0.00,0.00,0.20,0.00,0.00,10.50,0.00,0.00,1998.08,-0.00,0.00,0.00,0.00,0.01,0.00,6.00
40136.00,0.00,0.00,0.28,0.00,0.00,13.72,0.00,0.00,536.71,-0.00,0.00,0.00,-0.00,0.00,0.00,6.00
40142.00,0.00,0.00,0.22,0.00,0.00,-9.67,0.00,0.00,-3898.54,-0.00,0.00,0.00,-0.00,0.00,0.00,9.00
40151.00,0.00,0.00,0.17,0.00,0.00,-5.36,0.00,0.00,478.87,-0.00,0.00,0.00,-0.00,0.00,0.00,8.00
40159.00,0.00,0.00,0.23,0.00,0.00,6.81,0.00,0.00,1521.58,-0.00,0.00,0.00,0.00,0.00,-0.00,5.00
40164.00,0.00,0.00,0.13,0.00,0.00,-18.30,0.00,0.00,-5023.04,-0.00,0.00,0.00,0.00,0.00,-0.00,7.00
40171.00,0.00,0.00,0.21,0.00,0.00,10.71,0.00,0.00,4144.10,-0.00,0.00,0.00,-0.00,0.00,0.00,6.00
40177.00,0.00,0.00,0.13,0.00,0.00,-13.80,0.00,0.00,-4085.22,-0.00,0.00,0.00,-0.00,0.00,0.00,6.00
40183.00,0.00,0.00,0.22,0.00,0.00,14.98,0.00,0.00,4797.77,-0.00,0.00,0.00,-0.00,0.00,0.00,6.00
40189.00,0.00,0.00,0.21,0.00,0.00,-1.60,0.00,0.00,-2764.46,-0.00,0.00,0.00,0.00,-0.00,0.00,5.00
40203.00,0.00,0.00,0.28,0.00,0.00,4.89,0.00,0.00,463.66,-0.00,0.00,0.00,-0.00,0.00,0.00,19.00
40222.00,0.00,0.00,0.24,0.00,0.00,-1.65,0.00,0.00,-344.02,-0.00,0.00,0.00,0.00,0.00,0.00,8.00
40230.00,0.00,0.00,0.24,0.00,0.00,-0.86,0.00,0.00,98.84,-0.00,0.00,0.00,-0.00,-0.00,0.00,5.00
40235.00,0.00,0.00,0.09,0.00,0.00,-28.99,0.00,0.00,-5627.37,-0.00,0.00,0.00,-0.00,0.00,0.00,7.00
40242.00,0.00,0.00,0.18,0.00,0.00,12.92,0.00,0.00,5987.48,-0.00,0.00,0.00,0.00,0.01,0.00,9.00
40251.00,0.00,0.00,0.21,0.00,0.00,2.91,0.00,0.00,-1112.23,-0.00,0.00,0.00,0.00,0.00,-0.00,6.00
40257.00,0.00,0.00,0.23,0.00,0.00,3.10,0.00,0.00,31.75,-0.00,0.00,0.00,0.00,0.00,-0.00,6.00
40263.00,0.00,0.00,0.10,0.00,0.00,-21.75,0.00,0.00,-4141.58,-0.00,0.00,0.00,0.00,-0.00,0.00,9.00
40272.00,0.00,0.00,0.30,0.00,0.00,22.87,0.00,0.00,4958.52,-0.00,0.00,0.00,0.00,-0.00,0.00,7.00
40279.00,0.00,0.00,0.26,0.00,0.00,-5.72,0.00,0.00,-4085.37,-0.00,0.00,0.00,-0.00,0.00,0.00,6.00
40289.00,0.00,0.00,0.22,0.00,0.00,-4.73,0.00,0.00,99.30,-0.00,0.00,0.00,0.00,-0.00,0.00,16.00
40305.00,0.00,0.00,0.20,0.00,0.00,-1.23,0.00,0.00,218.42,-0.00,0.00,0.00,-0.00,0.00,0.00,8.00
40313.00,0.00,0.00,0.16,0.00,0.00,-4.77,0.00,0.00,-441.58,-0.00,0.00,0.00,-0.00,-0.00,0.00,8.00
40321.00,0.00,0.00,0.24,0.00,0.00,10.67,0.00,0.00,1929.34,-0.00,0.00,0.00,-0.00,0.00,0.00,7.00
40328.00,0.00,0.00,0.15,0.00,0.00,-13.25,0.00,0.00,-3416.72,-0.00,0.00,0.00,0.00,-0.00,0.00,6.00
40334.00,0.00,0.00,0.18,0.00,0.00,4.25,0.00,0.00,2916.48,-0.00,0.00,0.00,0.00,-0.00,0.00,6.00
40340.00,0.00,0.00,0.26,0.00,0.00,13.28,0.00,0.00,1505.69,-0.00,0.00,0.00,-0.00,-0.00,0.00,5.00
40345.00,0.00,0.00,0.20,0.00,0.00,-10.40,0.00,0.00,-4737.22,-0.00,0.00,0.00,-0.00,-0.00,0.00,8.00
40353.00,0.00,0.00,0.25,0.00,0.00,5.26,0.00,0.00,1958.33,-0.00,0.00,0.00,-0.00,0.00,-0.00,8.00
40361.00,0.00,0.00,0.13,0.00,0.00,-14.28,0.00,0.00,-2443.39,-0.00,0.00,0.00,0.00,0.00,0.00,7.00
40373.00,0.00,0.00,0.19,0.00,0.00,4.62,0.00,0.00,1575.58,-0.00,0.00,0.00,-0.00,0.00,0.00,9.00
40382.00,0.00,0.00,0.16,0.00,0.00,-3.05,0.00,0.00,-852.41,-0.00,0.00,0.00,-0.00,-0.00,-0.00,5.00
40387.00,0.00,0.00,0.19,0.00,0.00,5.25,0.00,0.00,1659.04,-0.00,0.00,0.00,-0.00,-0.00,0.00,16.00
40403.00,0.00,0.00,0.19,0.00,0.00,0.19,0.00,0.00,-316.05,-0.00,0.00,0.00,-0.00,0.00,0.00,9.00
40412.00,0.00,0.00,0.25,0.00,0.00,6.76,0.00,0.00,729.81,-0.00,0.00,0.00,0.00,-0.00,-0.00,7.00
40419.00,0.00,0.00,0.23,0.00,0.00,-2.38,0.00,0.00,-1305.81,-0.00,0.00,0.00,0.00,0.00,-0.00,5.00
40424.00,0.00,0.00,0.18,0.00,0.00,-9.95,0.00,0.00,-1514.51,-0.00,0.00,0.00,0.00,0.00,-0.00,8.00
40432.00,0.00,0.00,0.21,0.00,0.00,3.18,0.00,0.00,1642.38,-0.00,0.00,0.00,-0.00,0.00,-0.00,6.00
40438.00,0.00,0.00,0.28,0.00,0.00,11.54,0.00,0.00,1392.98,-0.00,0.00,0.00,0.00,-0.00,0.00,5.00
40443.00,0.00,0.00,0.16,0.00,0.00,-23.92,0.00,0.00,-7091.62,-0.00,0.00,0.00,0.00,-0.00,0.00,9.00
40457.00,0.00,0.00,0.20,0.00,0.00,2.89,0.00,0.00,1914.35,-0.00,0.00,0.00,-0.00,0.00,-0.00,7.00
40464.00,0.00,0.00,0.24,0.00,0.00,5.45,0.00,0.00,367.03,-0.00,0.00,0.00,0.00,-0.00,0.00,8.00
40472.00,0.00,0.00,0.17,0.00,0.00,-8.81,0.00,0.00,-1783.65,-0.00,0.00,0.00,0.00,0.00,-0.00,5.00
40477.00,0.00,0.00,0.24,0.00,0.00,15.32,0.00,0.00,4827.27,-0.00,0.00,0.00,-0.00,0.00,-0.00,7.00
40484.00,0.00,0.00,0.20,0.00,0.00,-5.64,0.00,0.00,-2993.99,-0.00,0.00,0.00,-0.00,0.00,-0.00,15.00
40499.00,0.00,0.00,0.23,0.00,0.00,1.86,0.00,0.00,500.09,-0.00,0.00,0.00,0.00,0.00,-0.00,6.00
40505.00,0.00,0.00,0.21,0.00,0.00,-3.25,0.00,0.00,-852.78,-0.00,0.00,0.00,0.00,0.00,-0.00,7.00
40512.00,0.00,0.00,0.34,0.00,0.00,18.87,0.00,0.00,3160.81,-0.00,0.00,0.00,0.00,0.00,0.00,8.00
40520.00,0.00,0.00,0.17,0.00,0.00,-22.40,0.00,0.00,-5158.88,-0.00,0.00,0.00,0.00,0.00,0.00,126.00
40646.00,0.00,0.00,0.25,0.00,0.00,0.65,0.00,0.00,182.93,-0.00,0.00,0.00,-0.00,0.00,0.00,17.00
40667.00,0.00,0.00,0.28,0.00,0.00,1.55,0.00,0.00,42.57,-0.00,0.00,0.00,-0.00,0.00,-0.00,8.00
40675.00,0.00,0.00,0.19,0.00,0.00,-10.77,0.00,0.00,-1539.05,-0.00,0.00,0.00,0.00,0.00,-0.00,8.00
40683.00,0.00,0.00,0.20,0.00,0.00,0.25,0.00,0.00,1376.68,-0.00,0.00,0.00,0.00,0.00,-0.00,5.00
40688.00,0.00,0.00,0.24,0.00,0.00,9.81,0.00,0.00,1912.32,-0.00,0.00,0.00,0.00,0.00,-0.00,6.00
40694.00,0.00,0.00,0.19,0.00,0.00,-9.45,0.00,0.00,-3209.12,-0.00,0.00,0.00,0.00,0.01,0.00,18.00
40712.00,0.00,0.00,0.25,0.00,0.00,3.70,0.00,0.00,730.24,-0.00,0.00,0.00,-0.00,-0.00,-0.00,7.00
40719.00,0.00,0.00,0.23,0.00,0.00,-4.14,0.00,0.00,-1119.72,-0.00,0.00,0.00,-0.00,-0.00,0.00,6.00
40725.00,0.00,0.00,0.26,0.00,0.00,5.05,0.00,0.00,1531.67,-0.00,0.00,0.00,-0.00,-0.00,0.00,8.00
40733.00,0.00,0.00,0.23,0.00,0.00,-2.71,0.00,0.00,-969.68,-0.00,0.00,0.00,-0.00,0.00,-0.00,5.00
40738.00,0.00,0.00,0.22,0.00,0.00,-2.75,0.00,0.00,-8.93,-0.00,0.00,0.00,-0.00,0.00,-0.00,7.00
40749.00,0.00,0.00,0.16,0.00,0.00,-5.81,0.00,0.00,-277.86,-0.00,0.00,0.00,0.00,0.00,0.00,6.00
40755.00,0.00,0.00,0.20,0.00,0.00,7.58,0.00,0.00,2230.98,-0.00,0.00,0.00,0.00,-0.00,0.00,8.00
40763.00,0.00,0.00,0.23,0.00,0.00,4.03,0.00,0.00,-443.44,-0.00,0.00,0.00,0.00,-0.00,0.00,8.00
40771.00,0.00,0.00,0.25,0.00,0.00,2.17,0.00,0.00,-232.47,-0.00,0.00,0.00,-0.00,-0.00,0.00,6.00
40777.00,0.00,0.00,0.10,0.00,0.00,-25.32,0.00,0.00,-4581.77,-0.00,0.00,0.00,-0.00,-0.00,0.00,7.00
40784.00,0.00,0.00,0.28,0.00,0.00,25.43,0.00,0.00,7249.89,-0.00,0.00,0.00,-0.00,0.00,0.00,15.00
40799.00,0.00,0.00,0.19,0.00,0.00,-5.63,0.00,0.00,-2070.42,-0.00,0.00,0.00,0.00,0.00,-0.00,6.00
40805.00,0.00,0.00,0.15,0.00,0.00,-7.25,0.00,0.00,-270.12,-0.00,0.00,0.00,0.00,0.00,-0.00,8.00
40813.00,0.00,0.00,0.20,0.00,0.00,6.09,0.00,0.00,1667.44,-0.00,0.00,0.00,0.00,0.00,-0.00,7.00
40820.00,0.00,0.00,0.26,0.00,0.00,8.48,0.00,0.00,340.59,-0.00,0.00,0.00,0.00,0.00,-0.00,5.00
40830.00,0.00,0.00,0.18,0.00,0.00,-8.13,0.00,0.00,-1660.80,-0.00,0.00,0.00,0.00,0.00,0.00,6.00
40836.00,0.00,0.00,0.22,0.00,0.00,7.36,0.00,0.00,2582.04,-0.00,0.00,0.00,0.00,0.00,-0.00,7.00
40843.00,0.00,0.00,0.22,0.00,0.00,-0.66,0.00,0.00,-1145.80,-0.00,0.00,0.00,0.00,0.00,-0.00,8.00
40851.00,0.00,0.00,0.22,0.00,0.00,0.06,0.00,0.00,89.51,-0.00,0.00,0.00,0.00,-0.00,0.00,5.00
40856.00,0.00,0.00,0.24,0.00,0.00,5.01,0.00,0.00,991.34,-0.00,0.00,0.00,0.00,0.00,0.00,8.00
40864.00,0.00,0.00,0.27,0.00,0.00,2.96,0.00,0.00,-256.72,-0.00,0.00,0.00,0.00,0.00,0.00,8.00
40872.00,0.00,0.00,0.19,0.00,0.00,-9.12,0.00,0.00,-1509.25,-0.00,0.00,0.00,-0.00,0.00,0.00,7.00
40879.00,0.00,0.00,0.17,0.00,0.00,-2.89,0.00,0.00,889.49,-0.00,0.00,0.00,-0.00,0.00,0.00,6.00
40885.00,0.00,0.00,0.24,0.00,0.00,11.27,0.00,0.00,2359.96,-0.00,0.00,0.00,0.00,0.01,0.00,5.00
40890.00,0.00,0.00,0.25,0.00,0.00,2.09,0.00,0.00,-1835.31,-0.00,0.00,0.00,-0.00,-0.00,0.00,6.00
40900.00,0.00,0.00,0.20,0.00,0.00,-4.59,0.00,0.00,-668.09,-0.00,0.00,0.00,-0.00,-0.00,-0.00,16.00
40916.00,0.00,0.00,0.23,0.00,0.00,1.30,0.00,0.00,368.03,-0.00,0.00,0.00,0.00,-0.00,-0.00,8.00
40924.00,0.00,0.00,0.27,0.00,0.00,6.02,0.00,0.00,589.26,-0.00,0.00,0.00,-0.00,-0.00,-0.00,9.00
40933.00,0.00,0.00,0.26,0.00,0.00,-2.02,0.00,0.00,-892.50,-0.00,0.00,0.00,-0.00,-0.00,0.00,5.00
40938.00,0.00,0.00,0.14,0.00,0.00,-22.55,0.00,0.00,-4106.51,-0.00,0.00,0.00,0.00,-0.00,0.00,6.00
40944.00,0.00,0.00,0.16,0.00,0.00,2.28,0.00,0.00,4137.62,-0.00,0.00,0.00,0.00,-0.00,0.00,9.00
40953.00,0.00,0.00,0.33,0.00,0.00,19.21,0.00,0.00,1881.79,-0.00,0.00,0.00,0.00,-0.00,0.00,7.00
40960.00,0.00,0.00,0.22,0.00,0.00,-15.84,0.00,0.00,-5007.36,-0.00,0.00,0.00,-0.00,-0.01,-0.00,6.00
40966.00,0.00,0.00,0.28,0.00,0.00,10.99,0.00,0.00,4471.99,-0.00,0.00,0.00,-0.00,-0.01,-0.00,7.00
40973.00,0.00,0.00,0.10,0.00,0.00,-26.26,0.00,0.00,-5322.24,-0.00,0.00,0.00,-0.00,-0.00,0.00,8.00
40986.00,0.00,0.00,0.24,0.00,0.00,10.97,0.00,0.00,2863.86,-0.00,0.00,0.00,0.00,-0.00,0.00,17.00
41003.00,0.00,0.00,0.21,0.00,0.00,-1.75,0.00,0.00,-747.84,-0.00,0.00,0.00,0.00,-0.00,0.00,8.00
41011.00,0.00,0.00,0.21,0.00,0.00,-0.75,0.00,0.00,124.84,-0.00,0.00,0.00,-0.00,0.00,0.00,6.00
41017.00,0.00,0.00,0.18,0.00,0.00,-4.72,0.00,0.00,-661.50,-0.00,0.00,0.00,-0.00,-0.00,0.00,7.00
41024.00,0.00,0.00,0.21,0.00,0.00,4.26,0.00,0.00,1282.63,-0.00,0.00,0.00,-0.00,-0.00,-0.00,9.00
41033.00,0.00,0.00,0.24,0.00,0.00,4.03,0.00,0.00,-26.30,-0.00,0.00,0.00,0.00,-0.01,0.00,5.00
41039.00,0.00,0.00,0.24,0.00,0.00,-0.79,0.00,0.00,-801.91,-0.00,0.00,0.00,0.00,0.00,0.00,3.00
41042.00,0.00,0.00,0.22,0.00,0.00,-5.16,0.00,0.00,-1457.19,-0.00,0.00,0.00,-0.00,-0.00,-0.00,5.00
41047.00,0.00,0.00,0.13,0.00,0.00,-19.65,0.00,0.00,-2898.04,-0.00,0.00,0.00,-0.00,-0.00,-0.00,7.00
41054.00,0.00,0.00,0.21,0.00,0.00,12.17,0.00,0.00,4545.08,-0.00,0.00,0.00,-0.00,-0.00,-0.00,9.00
41072.00,0.00,0.00,0.19,0.00,0.00,-1.31,0.00,0.00,-748.97,-0.00,0.00,0.00,0.00,-0.00,0.00,7.00
41079.00,0.00,0.00,0.37,0.00,0.00,25.88,0.00,0.00,3884.63,-0.00,0.00,0.00,-0.00,-0.00,0.00,6.00
41085.00,0.00,0.00,0.27,0.00,0.00,-16.24,0.00,0.00,-7019.64,-0.00,0.00,0.00,-0.00,-0.00,0.00,16.00
41101.00,0.00,0.00,0.22,0.00,0.00,-3.38,0.00,0.00,803.75,-0.00,0.00,0.00,-0.00,0.00,-0.00,5.00
41106.00,0.00,0.00,0.20,0.00,0.00,-3.55,0.00,0.00,-33.51,-0.00,0.00,0.00,-0.00,0.00,-0.00,7.00
41113.00,0.00,0.00,0.17,0.00,0.00,-4.85,0.00,0.00,-185.54,-0.00,0.00,0.00,0.00,0.00,-0.00,8.00
41121.00,0.00,0.00,0.22,0.00,0.00,6.30,0.00,0.00,1392.66,-0.00,0.00,0.00,0.00,-0.00,0.00,5.00
41126.00,0.00,0.00,0.26,0.00,0.00,7.79,0.00,0.00,298.79,-0.00,0.00,0.00,-0.00,-0.00,0.00,8.00
41134.00,0.00,0.00,0.15,0.00,0.00,-13.72,0.00,0.00,-2688.79,-0.00,0.00,0.00,-0.00,-0.00,0.00,5.00
41139.00,0.00,0.00,0.22,0.00,0.00,14.53,0.00,0.00,5650.49,-0.00,0.00,0.00,0.00,-0.00,0.00,7.00
41150.00,0.00,0.00,0.18,0.00,0.00,-3.03,0.00,0.00,-1596.66,-0.00,0.00,0.00,0.00,0.00,0.00,6.00
41156.00,0.00,0.00,0.18,0.00,0.00,-0.84,0.00,0.00,365.76,-0.00,0.00,0.00,0.00,0.00,0.00,8.00
41164.00,0.00,0.00,0.12,0.00,0.00,-7.43,0.00,0.00,-823.60,-0.00,0.00,0.00,0.00,-0.00,0.00,8.00
41172.00,0.00,0.00,0.26,0.00,0.00,17.23,0.00,0.00,3081.43,-0.00,0.00,0.00,-0.00,-0.00,0.00,7.00
41179.00,0.00,0.00,0.26,0.00,0.00,0.88,0.00,0.00,-2335.76,-0.00,0.00,0.00,-0.00,-0.00,0.00,6.00
41185.00,0.00,0.00,0.17,0.00,0.00,-15.85,0.00,0.00,-2786.73,-0.00,0.00,0.00,-0.00,-0.00,0.00,15.00
41200.00,0.00,0.00,0.22,0.00,0.00,3.31,0.00,0.00,1277.27,-0.00,0.00,0.00,0.00,0.00,0.00,6.00
41206.00,0.00,0.00,0.23,0.00,0.00,2.04,0.00,0.00,-212.78,-0.00,0.00,0.00,0.00,0.00,-0.00,8.00
41214.00,0.00,0.00,0.18,0.00,0.00,-6.17,0.00,0.00,-1025.96,-0.00,0.00,0.00,0.00,-0.00,-0.00,7.00
41221.00,0.00,0.00,0.23,0.00,0.00,7.09,0.00,0.00,1893.83,-0.00,0.00,0.00,0.00,0.00,-0.00,6.00
41231.00,0.00,0.00,0.18,0.00,0.00,-4.82,0.00,0.00,-1190.18,-0.00,0.00,0.00,0.00,-0.00,0.00,7.00
41238.00,0.00,0.00,0.27,0.00,0.00,12.89,0.00,0.00,2529.81,-0.00,0.00,0.00,0.00,-0.00,-0.00,6.00
41244.00,0.00,0.00,0.26,0.00,0.00,-2.58,0.00,0.00,-2579.36,-0.00,0.00,0.00,0.00,0.00,-0.00,9.00
41253.00,0.00,0.00,0.20,0.00,0.00,-6.06,0.00,0.00,-385.97,-0.00,0.00,0.00,0.00,0.00,-0.00,7.00
41260.00,0.00,0.00,0.27,0.00,0.00,9.54,0.00,0.00,2228.78,-0.00,0.00,0.00,-0.00,0.00,-0.00,6.00
41266.00,0.00,0.00,0.22,0.00,0.00,-8.44,0.00,0.00,-2997.81,-0.00,0.00,0.00,-0.00,0.00,0.00,8.00
41274.00,0.00,0.00,0.13,0.00,0.00,-10.77,0.00,0.00,-291.15,-0.00,0.00,0.00,-0.00,0.00,0.00,7.00
41281.00,0.00,0.00,0.29,0.00,0.00,22.35,0.00,0.00,4732.06,-0.00,0.00,0.00,-0.00,-0.00,0.00,5.00
41286.00,0.00,0.00,0.26,0.00,0.00,-6.33,0.00,0.00,-5736.42,-0.00,0.00,0.00,-0.00,-0.00,0.00,16.00
41302.00,0.00,0.00,0.22,0.00,0.00,-2.20,0.00,0.00,257.93,-0.00,0.00,0.00,-0.00,0.00,-0.00,6.00
41312.00,0.00,0.00,0.21,0.00,0.00,-1.36,0.00,0.00,84.31,-0.00,0.00,0.00,-0.00,0.00,0.00,7.00
41319.00,0.00,0.00,0.25,0.00,0.00,5.85,0.00,0.00,1029.85,-0.00,0.00,0.00,0.00,0.00,0.00,6.00
41325.00,0.00,0.00,0.28,0.00,0.00,5.76,0.00,0.00,-14.21,-0.00,0.00,0.00,0.00,0.00,0.00,9.00
41334.00,0.00,0.00,0.25,0.00,0.00,-4.24,0.00,0.00,-1111.74,-0.00,0.00,0.00,0.00,-0.00,0.00,5.00
41339.00,0.00,0.00,0.28,0.00,0.00,6.67,0.00,0.00,2182.39,-0.00,0.00,0.00,0.00,0.00,-0.00,7.00
41346.00,0.00,0.00,0.23,0.00,0.00,-6.48,0.00,0.00,-1878.79,-0.00,0.00,0.00,0.00,0.00,-0.00,8.00
41354.00,0.00,0.00,0.24,0.00,0.00,0.08,0.00,0.00,820.28,-0.00,0.00,0.00,0.00,0.00,-0.00,7.00
41361.00,0.00,0.00,0.17,0.00,0.00,-9.58,0.00,0.00,-1380.20,-0.00,0.00,0.00,-0.00,-0.00,-0.00,5.00
41366.00,0.00,0.00,0.23,0.00,0.00,12.72,0.00,0.00,4459.06,-0.00,0.00,0.00,-0.00,-0.00,-0.00,8.00
41374.00,0.00,0.00,0.18,0.00,0.00,-6.91,0.00,0.00,-2452.62,-0.00,0.00,0.00,-0.00,-0.00,-0.00,8.00
41387.00,0.00,0.00,0.19,0.00,0.00,0.66,0.00,0.00,582.27,-0.00,0.00,0.00,0.00,0.00,0.00,17.00
41404.00,0.00,0.00,0.20,0.00,0.00,0.85,0.00,0.00,10.66,-0.00,0.00,0.00,0.00,-0.00,0.00,8.00
41412.00,0.00,0.00,0.24,0.00,0.00,5.66,0.00,0.00,601.62,-0.00,0.00,0.00,-0.00,-0.00,-0.00,5.00
41417.00,0.00,0.00,0.25,0.00,0.00,1.33,0.00,0.00,-864.91,-0.00,0.00,0.00,-0.00,-0.00,-0.00,8.00
41425.00,0.00,0.00,0.20,0.00,0.00,-6.84,0.00,0.00,-1022.02,-0.00,0.00,0.00,0.00,0.00,0.00,8.00
41433.00,0.00,0.00,0.23,0.00,0.00,3.53,0.00,0.00,1297.07,-0.00,0.00,0.00,-0.00,-0.00,0.00,5.00
41438.00,0.00,0.00,0.23,0.00,0.00,1.72,0.00,0.00,-362.12,-0.00,0.00,0.00,-0.00,-0.00,-0.00,7.00
41445.00,0.00,0.00,0.26,0.00,0.00,4.03,0.00,0.00,329.00,-0.00,0.00,0.00,0.00,0.00,-0.00,9.00
41454.00,0.00,0.00,0.25,0.00,0.00,-1.18,0.00,0.00,-578.08,-0.00,0.00,0.00,0.00,-0.00,-0.00,7.00
41461.00,0.00,0.00,0.23,0.00,0.00,-3.05,0.00,0.00,-267.97,-0.00,0.00,0.00,0.00,0.00,0.00,6.00
41471.00,0.00,0.00,0.27,0.00,0.00,3.75,0.00,0.00,680.64,-0.00,0.00,0.00,0.00,0.00,-0.00,7.00
41478.00,0.00,0.00,0.17,0.00,0.00,-13.32,0.00,0.00,-2439.84,-0.00,0.00,0.00,0.00,0.00,-0.00,7.00
41485.00,0.00,0.00,0.25,0.00,0.00,10.41,0.00,0.00,3390.07,-0.00,0.00,0.00,-0.00,-0.00,0.00,15.00
41500.00,0.00,0.00,0.10,0.00,0.00,-9.49,0.00,0.00,-1326.38,-0.00,0.00,0.00,0.00,-0.00,-0.00,6.00
41506.00,0.00,0.00,0.23,0.00,0.00,21.01,0.00,0.00,5082.84,-0.00,0.00,0.00,0.00,0.00,-0.00,8.00
41514.00,0.00,0.00,0.18,0.00,0.00,-6.64,0.00,0.00,-3456.49,-0.00,0.00,0.00,-0.00,-0.00,0.00,8.00
41522.00,0.00,0.00,0.15,0.00,0.00,-3.77,0.00,0.00,359.33,-0.00,0.00,0.00,-0.00,-0.00,0.00,5.00
41527.00,0.00,0.00,0.22,0.00,0.00,14.86,0.00,0.00,3726.49,-0.00,0.00,0.00,-0.00,-0.00,0.00,8.00
41535.00,0.00,0.00,0.31,0.00,0.00,10.97,0.00,0.00,-486.81,-0.00,0.00,0.00,-0.00,-0.00,0.00,5.00
41540.00,0.00,0.00,0.25,0.00,0.00,-12.56,0.00,0.00,-4705.94,-0.00,0.00,0.00,-0.00,0.00,-0.00,7.00
41551.00,0.00,0.00,0.18,0.00,0.00,-6.22,0.00,0.00,576.84,-0.00,0.00,0.00,-0.00,0.00,-0.00,5.00
41556.00,0.00,0.00,0.25,0.00,0.00,14.10,0.00,0.00,4064.18,-0.00,0.00,0.00,-0.00,0.00,-0.00,9.00
41565.00,0.00,0.00,0.27,0.00,0.00,2.62,0.00,0.00,-1275.55,-0.00,0.00,0.00,-0.00,-0.00,0.00,7.00
41572.00,0.00,0.00,0.26,0.00,0.00,-2.00,0.00,0.00,-660.09,-0.00,0.00,0.00,0.00,0.00,0.00,6.00
41578.00,0.00,0.00,0.23,0.00,0.00,-4.35,0.00,0.00,-392.35,-0.00,0.00,0.00,0.00,0.00,0.00,7.00
41585.00,0.00,0.00,0.24,0.00,0.00,0.48,0.00,0.00,690.25,-0.00,0.00,0.00,0.00,0.00,-0.00,15.00
41600.00,0.00,0.00,0.16,0.00,0.00,-4.82,0.00,0.00,-353.22,-0.00,0.00,0.00,-0.00,-0.00,-0.00,7.00
41607.00,0.00,0.00,0.18,0.00,0.00,2.15,0.00,0.00,995.63,-0.00,0.00,0.00,0.00,0.00,-0.00,7.00
41614.00,0.00,0.00,0.13,0.00,0.00,-7.51,0.00,0.00,-1381.02,-0.00,0.00,0.00,0.00,0.00,-0.00,6.00
41620.00,0.00,0.00,0.24,0.00,0.00,19.06,0.00,0.00,4428.65,-0.00,0.00,0.00,0.00,-0.00,-0.00,6.00
41630.00,0.00,0.00,0.19,0.00,0.00,-5.11,0.00,0.00,-2416.88,-0.00,0.00,0.00,-0.00,-0.00,-0.00,7.00
41637.00,0.00,0.00,0.23,0.00,0.00,5.56,0.00,0.00,1524.68,-0.00,0.00,0.00,-0.00,0.00,-0.00,7.00
41644.00,0.00,0.00,0.25,0.00,0.00,2.78,0.00,0.00,-398.02,-0.00,0.00,0.00,0.00,0.00,0.00,8.00
41652.00,0.00,0.00,0.22,0.00,0.00,-3.39,0.00,0.00,-771.20,-0.00,0.00,0.00,-0.00,0.00,0.00,5.00
41657.00,0.00,0.00,0.18,0.00,0.00,-7.44,0.00,0.00,-809.34,-0.00,0.00,0.00,-0.00,-0.00,0.00,8.00
41665.00,0.00,0.00,0.23,0.00,0.00,6.39,0.00,0.00,1729.48,-0.00,0.00,0.00,0.00,-0.00,-0.00,8.00
41673.00,0.00,0.00,0.21,0.00,0.00,-2.56,0.00,0.00,-1119.12,-0.00,0.00,0.00,0.00,0.00,0.00,3.00
41676.00,0.00,0.00,0.23,0.00,0.00,4.24,0.00,0.00,2264.48,-0.00,0.00,0.00,0.00,-0.00,0.00,8.00
41684.00,0.00,0.00,0.27,0.00,0.00,5.76,0.00,0.00,191.20,-0.00,0.00,0.00,-0.00,0.00,0.00,16.00
41700.00,0.00,0.00,0.30,0.00,0.00,1.65,0.00,0.00,-256.95,-0.00,0.00,0.00,0.00,-0.00,0.00,6.00
41716.00,0.00,0.00,0.19,0.00,0.00,-7.01,0.00,0.00,-541.56,-0.00,0.00,0.00,-0.00,-0.00,0.00,9.00
41725.00,0.00,0.00,0.25,0.00,0.00,6.57,0.00,0.00,1509.26,-0.00,0.00,0.00,0.00,0.00,0.00,8.00
41733.00,0.00,0.00,0.27,0.00,0.00,2.67,0.00,0.00,-488.28,-0.00,0.00,0.00,0.00,0.00,0.00,6.00
41739.00,0.00,0.00,0.21,0.00,0.00,-9.35,0.00,0.00,-2003.26,-0.00,0.00,0.00,0.00,0.00,0.00,7.00
41746.00,0.00,0.00,0.15,0.00,0.00,-8.79,0.00,0.00,80.61,-0.00,0.00,0.00,0.00,0.00,-0.00,6.00
41752.00,0.00,0.00,0.29,0.00,0.00,22.96,0.00,0.00,5292.02,-0.00,0.00,0.00,0.00,0.00,-0.00,5.00
41757.00,0.00,0.00,0.26,0.00,0.00,-5.74,0.00,0.00,-5740.63,-0.00,0.00,0.00,0.00,0.00,-0.00,8.00
41765.00,0.00,0.00,0.24,0.00,0.00,-2.64,0.00,0.00,386.98,-0.00,0.00,0.00,0.00,-0.00,-0.00,7.00
41772.00,0.00,0.00,0.56,0.00,0.00,45.79,0.00,0.00,6919.69,-0.00,0.00,0.00,0.00,-0.00,-0.00,4.00
41776.00,0.00,0.00,0.21,0.00,0.00,-88.05,0.00,0.00,-33461.58,-0.00,0.00,0.00,0.00,-0.01,0.00,9.00
41789.00,0.00,0.00,0.24,0.00,0.00,2.66,0.00,0.00,6978.05,-0.00,0.00,0.00,-0.00,0.00,0.00,17.00
41806.00,0.00,0.00,0.33,0.00,0.00,5.27,0.00,0.00,153.66,-0.00,0.00,0.00,0.00,-0.00,-0.00,9.00
41815.00,0.00,0.00,0.23,0.00,0.00,-10.88,0.00,0.00,-1794.54,-0.00,0.00,0.00,0.00,-0.00,0.00,7.00
41822.00,0.00,0.00,0.21,0.00,0.00,-3.69,0.00,0.00,1026.15,-0.00,0.00,0.00,0.00,0.00,0.00,6.00
41828.00,0.00,0.00,0.20,0.00,0.00,-1.92,0.00,0.00,296.04,-0.00,0.00,0.00,-0.00,0.00,0.00,7.00
41835.00,0.00,0.00,0.25,0.00,0.00,7.73,0.00,0.00,1377.68,-0.00,0.00,0.00,-0.00,0.00,-0.00,6.00
41841.00,0.00,0.00,0.23,0.00,0.00,-3.98,0.00,0.00,-1951.71,-0.00,0.00,0.00,0.00,-0.00,0.00,6.00
41847.00,0.00,0.00,0.21,0.00,0.00,-3.34,0.00,0.00,106.77,-0.00,0.00,0.00,0.00,-0.00,0.00,8.00
41855.00,0.00,0.00,0.24,0.00,0.00,4.19,0.00,0.00,941.79,-0.00,0.00,0.00,-0.00,0.00,-0.00,8.00
41863.00,0.00,0.00,0.24,0.00,0.00,0.76,0.00,0.00,-428.36,-0.00,0.00,0.00,0.00,0.00,-0.00,5.00
41873.00,0.00,0.00,0.20,0.00,0.00,-4.47,0.00,0.00,-523.74,-0.00,0.00,0.00,-0.00,0.00,0.00,6.00
41879.00,0.00,0.00,0.19,0.00,0.00,-2.28,0.00,0.00,365.79,-0.00,0.00,0.00,0.00,0.00,-0.00,7.00
41886.00,0.00,0.00,0.25,0.00,0.00,8.43,0.00,0.00,1530.55,-0.00,0.00,0.00,0.00,0.00,-0.00,6.00
41892.00,0.00,0.00,0.20,0.00,0.00,-8.27,0.00,0.00,-2784.94,-0.00,0.00,0.00,-0.00,0.00,-0.00,5.00
41897.00,0.00,0.00,0.28,0.00,0.00,16.46,0.00,0.00,4946.27,-0.00,0.00,0.00,-0.00,0.00,-0.00,18.00
41915.00,0.00,0.00,0.20,0.00,0.00,-4.39,0.00,0.00,-1157.99,-0.00,0.00,0.00,0.00,0.00,0.00,7.00
41922.00,0.00,0.00,0.31,0.00,0.00,16.42,0.00,0.00,2972.99,-0.00,0.00,0.00,0.00,-0.00,0.00,6.00
41928.00,0.00,0.00,0.17,0.00,0.00,-24.52,0.00,0.00,-6824.72,-0.00,0.00,0.00,0.00,-0.00,0.00,8.00
41936.00,0.00,0.00,0.19,0.00,0.00,2.30,0.00,0.00,3353.25,-0.00,0.00,0.00,-0.00,-0.00,0.00,5.00
41941.00,0.00,0.00,0.22,0.00,0.00,7.86,0.00,0.00,1111.74,-0.00,0.00,0.00,-0.00,-0.00,0.00,6.00
41952.00,0.00,0.00,0.25,0.00,0.00,2.73,0.00,0.00,-466.46,-0.00,0.00,0.00,-0.00,0.00,0.00,6.00
41958.00,0.00,0.00,0.27,0.00,0.00,2.74,0.00,0.00,1.28,-0.00,0.00,0.00,-0.00,0.00,-0.00,7.00
41965.00,0.00,0.00,0.24,0.00,0.00,-4.65,0.00,0.00,-1054.67,-0.00,0.00,0.00,0.00,0.00,-0.00,9.00
41974.00,0.00,0.00,0.15,0.00,0.00,-9.52,0.00,0.00,-541.25,-0.00,0.00,0.00,-0.00,0.00,0.00,5.00
41979.00,0.00,0.00,0.20,0.00,0.00,8.59,0.00,0.00,3620.62,-0.00,0.00,0.00,-0.00,-0.00,0.00,8.00
41987.00,0.00,0.00,0.26,0.00,0.00,7.48,0.00,0.00,-138.45,-0.00,0.00,0.00,0.00,-0.00,0.00,5.00
41992.00,0.00,0.00,0.35,0.00,0.00,18.49,0.00,0.00,2202.71,-0.00,0.00,0.00,0.00,-0.00,0.00,15.00
42007.00,0.00,0.00,0.30,0.00,0.00,-3.51,0.00,0.00,-1466.84,-0.00,0.00,0.00,0.00,-0.01,0.00,9.00
42016.00,0.00,0.00,0.29,0.00,0.00,-0.10,0.00,0.00,379.19,-0.00,0.00,0.00,0.00,0.00,-0.00,7.00
42023.00,0.00,0.00,0.25,0.00,0.00,-6.04,0.00,0.00,-849.25,-0.00,0.00,0.00,-0.00,-0.00,0.00,6.00
42033.00,0.00,0.00,0.28,0.00,0.00,2.60,0.00,0.00,864.73,-0.00,0.00,0.00,0.00,-0.00,-0.00,6.00
42039.00,0.00,0.00,0.17,0.00,0.00,-18.41,0.00,0.00,-3502.42,-0.00,0.00,0.00,0.00,-0.00,-0.00,7.00
42046.00,0.00,0.00,0.26,0.00,0.00,13.58,0.00,0.00,4570.03,-0.00,0.00,0.00,0.00,0.00,0.00,9.00
42055.00,0.00,0.00,0.12,0.00,0.00,-15.53,0.00,0.00,-3234.65,-0.00,0.00,0.00,0.00,-0.00,0.00,7.00
42062.00,0.00,0.00,0.09,0.00,0.00,-5.32,0.00,0.00,1458.42,-0.00,0.00,0.00,0.00,-0.00,0.00,5.00
42067.00,0.00,0.00,0.22,0.00,0.00,27.19,0.00,0.00,6501.73,-0.00,0.00,0.00,0.00,-0.00,0.00,9.00
42076.00,0.00,0.00,0.23,0.00,0.00,0.73,0.00,0.00,-2939.21,-0.00,0.00,0.00,-0.00,-0.00,-0.00,7.00
42083.00,0.00,0.00,0.22,0.00,0.00,-0.84,0.00,0.00,-224.31,-0.00,0.00,0.00,-0.00,0.00,-0.00,6.00
42089.00,0.00,0.00,0.20,0.00,0.00,-4.48,0.00,0.00,-606.97,-0.00,0.00,0.00,-0.00,0.00,-0.00,6.00
42095.00,0.00,0.00,0.23,0.00,0.00,5.76,0.00,0.00,1706.10,-0.00,0.00,0.00,0.00,0.00,-0.00,17.00
42117.00,0.00,0.00,0.24,0.00,0.00,0.34,0.00,0.00,-246.19,-0.00,0.00,0.00,-0.00,0.00,0.00,9.00
42126.00,0.00,0.00,0.29,0.00,0.00,5.65,0.00,0.00,589.96,-0.00,0.00,0.00,-0.00,0.00,0.00,8.00
42134.00,0.00,0.00,0.16,0.00,0.00,-15.77,0.00,0.00,-2678.12,-0.00,0.00,0.00,-0.00,-0.00,0.00,6.00
42140.00,0.00,0.00,0.25,0.00,0.00,14.56,0.00,0.00,5055.91,-0.00,0.00,0.00,-0.00,-0.00,0.00,6.00
42146.00,0.00,0.00,0.20,0.00,0.00,-8.59,0.00,0.00,-3857.89,-0.00,0.00,0.00,-0.00,-0.00,0.00,9.00
42155.00,0.00,0.00,0.17,0.00,0.00,-3.54,0.00,0.00,560.22,-0.00,0.00,0.00,0.00,0.00,-0.00,7.00
42162.00,0.00,0.00,0.22,0.00,0.00,7.26,0.00,0.00,1543.46,-0.00,0.00,0.00,-0.00,-0.00,0.00,6.00
42168.00,0.00,0.00,0.21,0.00,0.00,-1.89,0.00,0.00,-1525.19,-0.00,0.00,0.00,-0.00,-0.00,0.00,8.00
42176.00,0.00,0.00,0.24,0.00,0.00,4.07,0.00,0.00,745.53,-0.00,0.00,0.00,-0.00,-0.00,-0.00,7.00
42183.00,0.00,0.00,0.26,0.00,0.00,2.42,0.00,0.00,-235.54,-0.00,0.00,0.00,0.00,0.00,0.00,5.00
42193.00,0.00,0.00,0.29,0.00,0.00,3.82,0.00,0.00,139.96,-0.00,0.00,0.00,0.00,0.00,0.00,16.00
42209.00,0.00,0.00,0.30,0.00,0.00,0.12,0.00,0.00,-231.78,-0.00,0.00,0.00,0.00,-0.00,-0.00,8.00
42217.00,0.00,0.00,0.23,0.00,0.00,-7.74,0.00,0.00,-982.28,-0.00,0.00,0.00,0.00,-0.00,-0.00,5.00
42222.00,0.00,0.00,0.23,0.00,0.00,0.00,0.00,0.00,1548.53,-0.00,0.00,0.00,0.00,-0.00,-0.00,4.00
42226.00,0.00,0.00,0.14,0.00,0.00,-23.24,0.00,0.00,-5810.78,-0.00,0.00,0.00,0.00,-0.00,0.00,9.00
42235.00,0.00,0.00,0.22,0.00,0.00,8.65,0.00,0.00,3543.16,-0.00,0.00,0.00,0.00,-0.00,0.00,5.00
42240.00,0.00,0.00,0.25,0.00,0.00,6.69,0.00,0.00,-390.72,-0.00,0.00,0.00,0.00,-0.00,0.00,7.00
42247.00,0.00,0.00,0.23,0.00,0.00,-2.53,0.00,0.00,-1317.50,-0.00,0.00,0.00,0.00,-0.00,0.00,8.00
42255.00,0.00,0.00,0.18,0.00,0.00,-6.50,0.00,0.00,-496.25,-0.00,0.00,0.00,0.00,0.00,0.00,8.00
42263.00,0.00,0.00,0.25,0.00,0.00,8.33,0.00,0.00,1853.28,-0.00,0.00,0.00,-0.00,-0.00,0.00,5.00
42272.00,0.00,0.00,0.24,0.00,0.00,-0.57,0.00,0.00,-988.67,-0.00,0.00,0.00,-0.00,0.00,-0.00,7.00
42279.00,0.00,0.00,0.27,0.00,0.00,4.01,0.00,0.00,655.32,-0.00,0.00,0.00,-0.00,0.00,-0.00,7.00
42286.00,0.00,0.00,0.18,0.00,0.00,-13.74,0.00,0.00,-2535.94,-0.00,0.00,0.00,-0.00,-0.00,0.00,16.00
42302.00,0.00,0.00,0.19,0.00,0.00,0.65,0.00,0.00,899.23,-0.00,0.00,0.00,-0.00,-0.00,0.00,6.00
42308.00,0.00,0.00,0.36,0.00,0.00,28.37,0.00,0.00,4619.59,-0.00,0.00,0.00,0.00,0.00,0.00,8.00
42316.00,0.00,0.00,0.24,0.00,0.00,-13.99,0.00,0.00,-5295.10,-0.00,0.00,0.00,-0.00,-0.00,0.00,7.00
42323.00,0.00,0.00,0.13,0.00,0.00,-16.59,0.00,0.00,-371.12,-0.00,0.00,0.00,-0.00,0.00,-0.00,5.00
42328.00,0.00,0.00,0.25,0.00,0.00,23.39,0.00,0.00,7995.60,-0.00,0.00,0.00,-0.00,0.00,-0.00,9.00
42337.00,0.00,0.00,0.25,0.00,0.00,0.01,0.00,0.00,-2597.91,-0.00,0.00,0.00,0.00,0.00,-0.00,5.00
42342.00,0.00,0.00,0.04,0.00,0.00,-40.30,0.00,0.00,-8061.57,-0.00,0.00,0.00,0.00,-0.00,-0.00,6.00
42353.00,0.00,0.00,0.21,0.00,0.00,14.69,0.00,0.00,4999.08,-0.00,0.00,0.00,-0.00,-0.00,0.00,6.00
42359.00,0.00,0.00,0.25,0.00,0.00,7.12,0.00,0.00,-1262.12,-0.00,0.00,0.00,-0.00,-0.00,0.00,7.00
42366.00,0.00,0.00,0.21,0.00,0.00,-5.36,0.00,0.00,-1781.94,-0.00,0.00,0.00,-0.00,0.00,-0.00,8.00
42374.00,0.00,0.00,0.30,0.00,0.00,10.69,0.00,0.00,2005.68,-0.00,0.00,0.00,0.00,0.00,-0.00,6.00
42380.00,0.00,0.00,0.18,0.00,0.00,-19.58,0.00,0.00,-5045.26,-0.00,0.00,0.00,-0.00,0.00,-0.00,7.00
42387.00,0.00,0.00,0.24,0.00,0.00,8.37,0.00,0.00,3993.23,-0.00,0.00,0.00,-0.00,0.00,0.00,5.00
42392.00,0.00,0.00,0.21,0.00,0.00,-4.52,0.00,0.00,-2576.98,-0.00,0.00,0.00,-0.00,0.00,0.00,16.00
42408.00,0.00,0.00,0.21,0.00,0.00,0.02,0.00,0.00,283.48,-0.00,0.00,0.00,-0.00,-0.00,0.00,8.00
42416.00,0.00,0.00,0.29,0.00,0.00,8.85,0.00,0.00,1103.94,-0.00,0.00,0.00,0.00,-0.00,0.00,8.00
42424.00,0.00,0.00,0.34,0.00,0.00,6.73,0.00,0.00,-264.54,-0.00,0.00,0.00,0.00,0.00,0.00,6.00
42439.00,0.00,0.00,0.22,0.00,0.00,-8.03,0.00,0.00,-984.47,-0.00,0.00,0.00,-0.00,-0.00,0.00,8.00
42447.00,0.00,0.00,0.21,0.00,0.00,-1.15,0.00,0.00,860.20,-0.00,0.00,0.00,0.00,0.00,-0.00,9.00
42456.00,0.00,0.00,0.18,0.00,0.00,-2.82,0.00,0.00,-185.70,-0.00,0.00,0.00,0.00,0.00,0.00,7.00
42463.00,0.00,0.00,0.19,0.00,0.00,1.08,0.00,0.00,558.07,-0.00,0.00,0.00,0.00,0.01,-0.00,6.00
42469.00,0.00,0.00,0.28,0.00,0.00,14.97,0.00,0.00,2314.85,-0.00,0.00,0.00,-0.00,0.00,0.00,8.00
42477.00,0.00,0.00,0.28,0.00,0.00,-0.41,0.00,0.00,-1922.49,-0.00,0.00,0.00,-0.00,0.00,0.01,8.00
42485.00,0.00,0.00,0.19,0.00,0.00,-11.33,0.00,0.00,-1365.02,-0.00,0.00,0.00,0.00,-0.00,-0.00,15.00
42500.00,0.00,0.00,0.20,0.00,0.00,0.55,0.00,0.00,791.71,-0.00,0.00,0.00,-0.00,-0.00,0.00,7.00
42507.00,0.00,0.00,0.24,0.00,0.00,6.61,0.00,0.00,866.06,-0.00,0.00,0.00,-0.00,0.00,-0.00,9.00
42516.00,0.00,0.00,0.23,0.00,0.00,-1.39,0.00,0.00,-888.74,-0.00,0.00,0.00,0.00,0.00,-0.00,7.00
42528.00,0.00,0.00,0.22,0.00,0.00,-0.96,0.00,0.00,35.35,-0.00,0.00,0.00,0.00,0.00,-0.00,9.00
42537.00,0.00,0.00,0.24,0.00,0.00,2.48,0.00,0.00,383.04,-0.00,0.00,0.00,0.00,-0.00,0.00,5.00
42542.00,0.00,0.00,0.18,0.00,0.00,-12.14,0.00,0.00,-2925.32,-0.00,0.00,0.00,-0.00,-0.00,0.00,6.00
42548.00,0.00,0.00,0.24,0.00,0.00,10.08,0.00,0.00,3703.59,-0.00,0.00,0.00,-0.00,0.00,0.00,8.00
42556.00,0.00,0.00,0.11,0.00,0.00,-15.96,0.00,0.00,-3255.41,-0.00,0.00,0.00,0.00,0.00,0.00,8.00
42564.00,0.00,0.00,0.23,0.00,0.00,15.24,0.00,0.00,3900.09,-0.00,0.00,0.00,-0.00,-0.00,-0.00,5.00
42569.00,0.00,0.00,0.26,0.00,0.00,5.68,0.00,0.00,-1912.09,-0.00,0.00,0.00,-0.00,-0.00,-0.00,8.00
42577.00,0.00,0.00,0.18,0.00,0.00,-10.03,0.00,0.00,-1962.84,-0.00,0.00,0.00,-0.00,-0.00,-0.00,8.00
42585.00,0.00,0.00,0.21,0.00,0.00,3.23,0.00,0.00,1657.65,-0.00,0.00,0.00,-0.00,0.00,-0.00,15.00
42600.00,0.00,0.00,0.13,0.00,0.00,-5.08,0.00,0.00,-554.61,-0.00,0.00,0.00,-0.00,-0.00,0.00,8.00
42613.00,0.00,0.00,0.27,0.00,0.00,10.48,0.00,0.00,1197.38,-0.00,0.00,0.00,-0.00,-0.00,0.00,6.00
42619.00,0.00,0.00,0.23,0.00,0.00,-5.78,0.00,0.00,-2709.59,-0.00,0.00,0.00,-0.00,-0.00,0.00,8.00
42627.00,0.00,0.00,0.28,0.00,0.00,5.13,0.00,0.00,1363.39,-0.00,0.00,0.00,-0.00,-0.00,0.00,8.00
42635.00,0.00,0.00,0.25,0.00,0.00,-3.23,0.00,0.00,-1044.60,-0.00,0.00,0.00,-0.00,0.00,-0.00,5.00
42640.00,0.00,0.00,0.26,0.00,0.00,2.06,0.00,0.00,1057.28,-0.00,0.00,0.00,-0.00,0.00,-0.00,7.00
42647.00,0.00,0.00,0.19,0.00,0.00,-9.96,0.00,0.00,-1716.99,-0.00,0.00,0.00,-0.00,0.00,-0.00,8.00
42655.00,0.00,0.00,0.30,0.00,0.00,13.57,0.00,0.00,2940.63,-0.00,0.00,0.00,-0.00,0.00,-0.00,5.00
42660.00,0.00,0.00,0.23,0.00,0.00,-13.37,0.00,0.00,-5387.00,-0.00,0.00,0.00,-0.00,0.00,-0.00,7.00
42667.00,0.00,0.00,0.19,0.00,0.00,-6.03,0.00,0.00,1048.59,-0.00,0.00,0.00,0.00,-0.00,0.00,9.00
42676.00,0.00,0.00,0.17,0.00,0.00,-1.97,0.00,0.00,451.39,-0.00,0.00,0.00,-0.00,0.00,0.00,5.00
42686.00,0.00,0.00,0.23,0.00,0.00,5.73,0.00,0.00,769.25,-0.00,0.00,0.00,-0.00,0.01,-0.00,16.00
42702.00,0.00,0.00,0.18,0.00,0.00,-3.16,0.00,0.00,-555.57,-0.00,0.00,0.00,0.00,-0.00,-0.00,7.00
42709.00,0.00,0.00,0.30,0.00,0.00,16.70,0.00,0.00,2837.87,-0.00,0.00,0.00,0.00,-0.00,-0.00,8.00
42717.00,0.00,0.00,0.24,0.00,0.00,-6.37,0.00,0.00,-2884.64,-0.00,0.00,0.00,0.01,-0.00,0.00,7.00
42724.00,0.00,0.00,0.21,0.00,0.00,-5.27,0.00,0.00,157.91,-0.00,0.00,0.00,-0.01,-0.00,0.00,5.00
42729.00,0.00,0.00,0.19,0.00,0.00,-3.22,0.00,0.00,409.21,-0.00,0.00,0.00,-0.01,-0.00,0.00,9.00
42738.00,0.00,0.00,0.17,0.00,0.00,-2.90,0.00,0.00,35.75,-0.00,0.00,0.00,-0.01,0.00,0.00,5.00
42743.00,0.00,0.00,0.22,0.00,0.00,10.28,0.00,0.00,2635.78,-0.00,0.00,0.00,-0.00,0.00,0.00,6.00
42749.00,0.00,0.00,0.16,0.00,0.00,-9.71,0.00,0.00,-3332.14,-0.00,0.00,0.00,0.00,0.00,0.00,8.00
42757.00,0.00,0.00,0.29,0.00,0.00,16.92,0.00,0.00,3329.46,-0.00,0.00,0.00,0.01,0.00,-0.00,7.00
42769.00,0.00,0.00,0.29,0.00,0.00,-0.60,0.00,0.00,-1459.76,-0.00,0.00,0.00,-0.00,0.00,-0.00,9.00
42778.00,0.00,0.00,0.33,0.00,0.00,4.45,0.00,0.00,560.27,-0.00,0.00,0.00,-0.01,-0.00,0.00,9.00
42787.00,0.00,0.00,0.20,0.00,0.00,-13.74,0.00,0.00,-2020.78,-0.00,0.00,0.00,-0.00,-0.00,0.00,15.00
42802.00,0.00,0.00,0.24,0.00,0.00,2.18,0.00,0.00,1061.41,-0.00,0.00,0.00,0.00,-0.00,-0.00,6.00
42808.00,0.00,0.00,0.17,0.00,0.00,-11.13,0.00,0.00,-2217.61,-0.00,0.00,0.00,0.00,-0.00,-0.00,9.00
42817.00,0.00,0.00,0.21,0.00,0.00,5.06,0.00,0.00,1798.61,-0.00,0.00,0.00,0.00,0.00,0.00,7.00
42824.00,0.00,0.00,0.17,0.00,0.00,-6.48,0.00,0.00,-1648.37,-0.00,0.00,0.00,-0.00,0.00,0.00,5.00
42829.00,0.00,0.00,0.20,0.00,0.00,5.22,0.00,0.00,2338.51,-0.00,0.00,0.00,-0.00,0.00,0.00,9.00
42838.00,0.00,0.00,0.21,0.00,0.00,1.68,0.00,0.00,-393.05,-0.00,0.00,0.00,-0.01,0.00,0.00,5.00
42843.00,0.00,0.00,0.28,0.00,0.00,14.21,0.00,0.00,2506.22,-0.00,0.00,0.00,-0.00,-0.00,0.00,6.00
42854.00,0.00,0.00,0.23,0.00,0.00,-4.72,0.00,0.00,-1721.05,-0.00,0.00,0.00,0.00,-0.00,-0.00,6.00
42860.00,0.00,0.00,0.31,0.00,0.00,12.85,0.00,0.00,2929.18,-0.00,0.00,0.00,0.00,-0.00,-0.00,7.00
42867.00,0.00,0.00,0.21,0.00,0.00,-14.34,0.00,0.00,-3884.65,-0.00,0.00,0.00,0.00,-0.00,-0.00,9.00
42876.00,0.00,0.00,0.26,0.00,0.00,6.34,0.00,0.00,2297.80,-0.00,0.00,0.00,-0.00,0.00,-0.00,5.00
42881.00,0.00,0.00,0.19,0.00,0.00,-14.32,0.00,0.00,-4131.66,-0.00,0.00,0.00,-0.00,0.00,-0.00,7.00
42888.00,0.00,0.00,0.23,0.00,0.00,4.83,0.00,0.00,2735.88,-0.00,0.00,0.00,-0.01,0.00,0.00,6.00
42894.00,0.00,0.00,0.26,0.00,0.00,5.55,0.00,0.00,118.92,-0.00,0.00,0.00,-0.00,0.00,0.00,15.00
42909.00,0.00,0.00,0.23,0.00,0.00,-1.70,0.00,0.00,-482.95,-0.00,0.00,0.00,0.00,0.00,0.00,9.00
42918.00,0.00,0.00,0.09,0.00,0.00,-16.04,0.00,0.00,-1593.90,-0.00,0.00,0.00,0.00,0.00,0.00,8.00
42926.00,0.00,0.00,0.28,0.00,0.00,24.35,0.00,0.00,5049.01,-0.00,0.00,0.00,-0.00,0.00,0.00,5.00
