Time(ms), X(m), Y(m), Z(m), VX(m/s), VY(m/s), VZ(m/s), AX(m/s^2), AY(m/s^2), AZ(m/s^2), OX(degrees), OY(degrees), OZ(degrees), WX(degrees/s), WY(degrees/s), WZ(degrees/s), execution_time
11717.00,0.00,0.00,-0.05,0.00,0.00,-7.78,0.00,0.00,-1111.17,0.00,0.00,-0.00,0.00,0.01,-0.00,10.00
11732.00,0.00,0.00,-0.11,0.00,0.00,-3.44,0.00,0.00,289.21,-0.00,0.00,-0.00,-0.00,0.00,-0.00,7.00
11739.00,0.00,0.00,-0.18,0.00,0.00,-10.80,0.00,0.00,-1051.51,-0.00,0.00,-0.00,-0.00,0.00,0.00,7.00
11746.00,0.00,0.00,-0.09,0.00,0.00,12.64,0.00,0.00,3348.47,-0.00,0.00,-0.00,-0.00,-0.00,0.00,9.00
11755.00,0.00,0.00,-0.13,0.00,0.00,-4.60,0.00,0.00,-1915.09,-0.00,0.00,0.00,-0.00,0.00,0.00,6.00
11761.00,0.00,0.00,-0.17,0.00,0.00,-5.35,0.00,0.00,-125.04,-0.00,0.00,0.00,-0.00,0.00,-0.00,16.00
11777.00,0.00,0.00,-0.18,0.00,0.00,-0.64,0.00,0.00,294.43,-0.00,0.00,0.00,-0.00,0.00,0.00,6.00
11783.00,0.00,0.00,-0.10,0.00,0.00,12.68,0.00,0.00,2219.84,-0.00,0.00,0.00,-0.00,0.00,0.00,5.00
11788.00,0.00,0.00,-0.14,0.00,0.00,-6.97,0.00,0.00,-3931.11,-0.00,0.00,0.00,-0.00,0.00,0.00,9.00
11797.00,0.00,0.00,-0.08,0.00,0.00,6.56,0.00,0.00,1504.07,-0.00,0.00,0.00,-0.00,0.00,0.00,8.00
11805.00,0.00,0.00,0.00,0.00,0.00,9.73,0.00,0.00,395.75,-0.00,0.00,0.00,0.00,0.00,0.00,6.00
11816.00,0.00,0.00,-0.01,0.00,0.00,-1.30,0.00,0.00,-1002.60,-0.00,0.00,0.00,0.00,-0.00,0.00,7.00
11823.00,0.00,0.00,0.09,0.00,0.00,14.93,0.00,0.00,2317.93,-0.00,0.00,0.00,0.00,-0.00,0.00,6.00
11829.00,0.00,0.00,-0.07,0.00,0.00,-26.77,0.00,0.00,-6948.91,-0.00,0.00,0.00,0.00,-0.00,0.00,7.00
11836.00,0.00,0.00,0.05,0.00,0.00,16.34,0.00,0.00,6158.68,-0.00,0.00,0.00,0.00,-0.00,0.00,6.00
11842.00,0.00,0.00,-0.02,0.00,0.00,-11.57,0.00,0.00,-4652.04,-0.00,0.00,0.00,0.00,-0.00,0.00,7.00
11849.00,0.00,0.00,0.00,0.00,0.00,3.88,0.00,0.00,2206.30,-0.00,0.00,0.00,0.00,0.00,0.00,8.00
11857.00,0.00,0.00,-0.03,0.00,0.00,-4.07,0.00,0.00,-993.33,-0.00,0.00,0.00,0.00,0.00,0.00,17.00
11874.00,0.00,0.00,-0.06,0.00,0.00,-1.89,0.00,0.00,128.41,-0.00,0.00,0.00,-0.00,-0.00,0.00,6.00
11880.00,0.00,0.00,0.06,0.00,0.00,20.14,0.00,0.00,3671.01,-0.00,-0.00,0.00,-0.00,-0.00,0.00,7.00
11887.00,0.00,0.00,-0.02,0.00,0.00,-11.57,0.00,0.00,-4530.26,-0.00,-0.00,0.00,0.00,-0.00,0.00,8.00
11899.00,0.00,0.00,0.08,0.00,0.00,8.67,0.00,0.00,1687.38,-0.00,-0.00,0.00,0.00,-0.00,0.00,9.00
11908.00,0.00,0.00,0.01,0.00,0.00,-8.37,0.00,0.00,-1894.03,-0.00,-0.00,0.00,0.00,-0.00,0.00,8.00
11916.00,-0.01,0.02,0.01,-0.05,0.12,0.56,-0.26,0.56,1116.52,-0.00,-0.00,0.00,-0.00,0.00,0.00,8.00
11924.00,-0.01,0.02,-0.02,-0.05,0.12,-4.05,-0.26,0.56,-576.57,-0.00,-0.00,0.00,-0.00,-0.00,0.00,5.00
11929.00,-0.01,0.02,0.02,-0.05,0.12,8.42,-0.26,0.56,2493.96,-0.00,-0.00,0.00,-0.00,-0.00,0.00,7.00
11936.00,-0.01,0.02,0.03,-0.05,0.12,1.72,-0.26,0.56,-956.33,-0.00,-0.00,0.00,-0.00,-0.00,-0.00,6.00
11942.00,-0.01,0.02,-0.04,-0.05,0.12,-12.16,-0.26,0.56,-2313.58,-0.00,-0.00,0.00,0.00,0.00,-0.00,7.00
11949.00,-0.01,0.02,-0.05,-0.05,0.12,-1.52,-0.26,0.56,1519.08,-0.00,-0.00,0.00,0.00,0.00,0.00,8.00
11957.00,-0.01,0.02,-0.09,-0.05,0.12,-4.95,-0.26,0.56,-427.65,-0.00,-0.00,0.00,0.00,-0.00,0.00,17.00
11974.00,-0.01,0.02,0.06,-0.05,0.12,8.60,-0.26,0.56,796.69,-0.00,-0.00,0.00,0.00,0.00,0.00,6.00
11985.00,-0.01,0.02,0.14,-0.05,0.12,7.26,-0.26,0.56,-121.43,-0.00,-0.00,0.00,-0.00,-0.00,0.00,6.00
11991.00,-0.01,0.02,0.01,-0.05,0.12,-20.41,-0.26,0.56,-4611.47,-0.00,-0.00,0.00,-0.00,-0.00,0.00,7.00
11998.00,-0.01,0.02,0.01,-0.05,0.12,-1.23,-0.26,0.56,2739.25,-0.00,-0.00,0.00,-0.00,0.00,-0.00,9.00
12007.00,-0.01,0.02,0.06,-0.05,0.12,5.94,-0.26,0.56,796.78,-0.00,-0.00,0.00,0.00,-0.00,-0.00,7.00
12014.00,-0.01,0.02,-0.05,-0.05,0.12,-14.92,-0.26,0.56,-2979.35,-0.00,-0.00,0.00,0.00,-0.00,0.00,6.00
12020.00,-0.01,0.02,0.02,-0.05,0.12,10.73,-0.26,0.56,4273.80,-0.00,-0.00,0.00,0.00,0.00,-0.00,7.00
12027.00,-0.01,0.02,0.00,-0.05,0.12,-2.13,-0.26,0.56,-1837.42,-0.00,-0.00,0.00,-0.00,0.00,-0.00,6.00
12033.00,-0.01,0.02,0.01,-0.05,0.12,0.69,-0.26,0.56,470.63,-0.00,-0.00,0.00,-0.00,0.00,0.00,6.00
12039.00,-0.01,0.02,0.01,-0.05,0.12,0.61,-0.26,0.56,-13.04,-0.00,-0.00,0.00,-0.00,0.00,0.00,8.00
12047.00,-0.01,0.02,-0.08,-0.05,0.12,-11.99,-0.26,0.56,-1575.24,-0.00,-0.00,0.00,0.00,0.00,-0.00,8.00
12060.00,-0.01,0.02,0.03,-0.05,0.12,8.84,-0.26,0.56,1602.74,-0.00,-0.00,0.00,0.00,-0.00,-0.00,19.00
12079.00,-0.01,0.02,-0.11,-0.05,0.12,-7.62,-0.26,0.56,-866.47,-0.00,-0.00,0.00,-0.00,0.00,-0.00,6.00
12085.00,-0.01,0.02,-0.04,-0.05,0.12,12.23,-0.26,0.56,3307.27,-0.00,-0.00,0.00,-0.00,0.00,-0.00,5.00
12090.00,-0.01,0.02,-0.14,-0.05,0.12,-19.91,-0.26,0.56,-6426.52,-0.00,-0.00,0.00,0.00,-0.00,-0.00,8.00
12098.00,-0.01,0.02,-0.07,-0.05,0.12,8.99,-0.26,0.56,3612.30,-0.00,-0.00,0.00,0.00,0.00,0.00,4.00
12102.00,-0.01,0.02,-0.11,-0.05,0.12,-10.98,-0.26,0.56,-4991.88,-0.00,-0.00,0.00,0.00,0.00,0.00,3.00
12105.00,-0.01,0.02,-0.08,-0.05,0.12,11.71,-0.26,0.56,7561.71,-0.00,-0.00,0.00,0.00,0.00,0.00,5.00
12110.00,-0.01,0.02,-0.03,-0.05,0.12,10.26,-0.26,0.56,-289.33,-0.00,-0.00,0.00,0.00,0.00,0.00,7.00
12117.00,-0.02,0.05,0.06,-0.06,0.12,12.69,-0.01,0.01,347.02,-0.00,0.00,0.00,0.00,0.00,-0.00,9.00
12126.00,-0.02,0.05,0.00,-0.06,0.12,-6.85,-0.01,0.01,-2171.17,-0.00,0.00,0.00,-0.00,0.00,-0.00,5.00
12135.00,-0.02,0.05,0.05,-0.06,0.12,5.20,-0.01,0.01,1338.39,-0.00,0.00,0.00,0.00,-0.00,-0.00,7.00
12142.00,-0.02,0.05,0.17,-0.06,0.12,17.00,-0.01,0.01,1685.90,-0.00,-0.00,0.00,-0.00,-0.01,-0.00,6.00
12148.00,-0.02,0.05,0.18,-0.06,0.12,2.81,-0.01,0.01,-2364.09,-0.00,-0.00,0.00,-0.00,-0.01,0.00,9.00
12157.00,-0.02,0.05,0.14,-0.06,0.12,-4.43,-0.01,0.01,-805.14,-0.00,-0.00,0.00,-0.00,-0.00,-0.00,8.00
12165.00,-0.02,0.05,0.11,-0.06,0.12,-4.37,-0.01,0.01,7.87,-0.00,-0.00,0.00,-0.00,0.00,-0.00,16.00
12181.00,-0.02,0.05,0.07,-0.06,0.12,-2.56,-0.01,0.01,113.12,-0.00,-0.00,0.00,0.00,0.00,-0.00,7.00
12188.00,-0.02,0.05,-0.11,-0.06,0.12,-25.53,-0.01,0.01,-3280.61,-0.00,-0.00,0.00,0.00,0.00,0.00,8.00
12196.00,-0.02,0.05,-0.03,-0.06,0.12,9.74,-0.01,0.01,4408.37,-0.00,-0.00,0.00,0.00,0.00,-0.00,6.00
12202.00,-0.02,0.05,0.06,-0.06,0.12,15.13,-0.01,0.01,897.74,-0.00,-0.00,0.00,0.00,-0.00,-0.00,6.00
12208.00,-0.02,0.05,-0.05,-0.06,0.12,-17.75,-0.01,0.01,-5479.02,-0.00,-0.00,0.00,0.00,-0.00,-0.00,10.00
12222.00,-0.02,0.05,-0.04,-0.06,0.12,0.88,-0.01,0.01,1330.33,-0.00,-0.00,0.00,0.00,-0.00,-0.00,8.00
12230.00,-0.02,0.05,0.01,-0.06,0.12,6.30,-0.01,0.01,677.76,-0.00,-0.00,0.00,0.00,-0.00,0.00,7.00
12237.00,-0.02,0.05,0.05,-0.06,0.12,4.97,-0.01,0.01,-189.62,-0.00,-0.00,0.00,-0.00,-0.00,0.00,8.00
12245.00,-0.02,0.05,-0.02,-0.06,0.12,-8.27,-0.01,0.01,-1654.83,-0.00,-0.00,0.00,-0.00,0.00,0.00,5.00
12250.00,-0.02,0.05,0.01,-0.06,0.12,5.52,-0.01,0.01,2756.63,-0.00,-0.00,0.00,-0.00,0.00,0.00,9.00
12259.00,-0.02,0.05,-0.06,-0.06,0.12,-7.29,-0.01,0.01,-1423.40,-0.00,-0.00,0.00,0.00,0.01,-0.00,8.00
12267.00,-0.02,0.05,0.03,-0.06,0.12,10.72,-0.01,0.01,2251.63,-0.00,-0.00,0.00,0.00,-0.00,-0.00,17.00
12284.00,-0.02,0.05,-0.08,-0.06,0.12,-6.48,-0.01,0.01,-1011.73,-0.00,0.00,0.00,-0.00,0.00,0.00,6.00
12290.00,-0.02,0.05,-0.13,-0.06,0.12,-8.90,-0.01,0.01,-402.98,-0.00,0.00,0.00,-0.00,0.00,0.00,8.00
12298.00,-0.02,0.05,-0.11,-0.06,0.12,3.02,-0.01,0.01,1489.64,-0.00,0.00,0.00,0.00,0.01,0.00,8.00
12311.00,-0.02,0.05,-0.03,-0.06,0.12,5.80,-0.01,0.01,213.49,-0.00,0.00,0.00,-0.00,0.00,0.00,8.00
12319.00,-0.03,0.07,-0.04,-0.06,0.12,-1.08,0.00,-0.00,-859.23,-0.00,0.00,0.00,-0.00,0.00,0.00,9.00
12328.00,-0.03,0.07,-0.01,-0.06,0.12,3.12,0.00,-0.00,465.94,-0.00,0.00,0.00,-0.00,-0.00,0.00,6.00
12334.00,-0.03,0.07,-0.12,-0.06,0.12,-17.31,0.00,-0.00,-3404.84,-0.00,0.00,0.00,0.00,-0.01,-0.00,6.00
12340.00,-0.03,0.07,-0.06,-0.06,0.12,9.46,0.00,-0.00,4461.72,-0.00,0.00,0.00,0.00,-0.00,-0.00,7.00
12347.00,-0.03,0.07,-0.06,-0.06,0.12,0.00,0.00,-0.00,-1350.95,-0.00,0.00,0.00,-0.00,-0.00,-0.00,3.00
12350.00,-0.03,0.07,-0.13,-0.06,0.12,-23.59,0.00,-0.00,-7863.15,-0.00,0.00,0.00,-0.00,-0.00,-0.00,9.00
12359.00,-0.03,0.07,-0.04,-0.06,0.12,9.77,0.00,-0.00,3706.85,-0.00,0.00,0.00,0.00,0.00,-0.00,8.00
12367.00,-0.03,0.07,-0.05,-0.06,0.12,-0.51,0.00,-0.00,-1285.79,-0.00,0.00,0.00,-0.00,0.00,0.00,17.00
12384.00,-0.03,0.07,-0.03,-0.06,0.12,0.79,0.00,-0.00,76.95,-0.00,0.00,0.00,0.00,0.00,-0.00,6.00
12400.00,-0.03,0.07,0.03,-0.06,0.12,3.92,0.00,-0.00,195.35,-0.00,0.00,-0.00,0.00,0.00,-0.00,9.00
12409.00,-0.03,0.07,-0.02,-0.06,0.12,-5.80,0.00,-0.00,-1080.22,-0.00,0.00,-0.00,0.00,-0.00,-0.00,9.00
12418.00,-0.03,0.07,-0.04,-0.06,0.12,-1.67,0.00,-0.00,459.25,-0.00,0.00,-0.00,0.00,0.00,-0.00,7.00
12425.00,-0.03,0.07,-0.07,-0.06,0.12,-4.06,0.00,-0.00,-341.05,-0.00,0.00,-0.00,-0.00,0.00,0.00,5.00
12430.00,-0.03,0.07,-0.07,-0.06,0.12,-0.47,0.00,-0.00,717.52,-0.00,0.00,-0.00,-0.00,0.00,0.00,7.00
12437.00,-0.03,0.07,-0.04,-0.06,0.12,4.35,0.00,-0.00,688.27,-0.00,0.00,-0.00,0.00,-0.00,0.00,6.00
12443.00,-0.03,0.07,-0.12,-0.06,0.12,-13.89,0.00,-0.00,-3039.30,-0.00,0.00,-0.00,-0.00,0.00,0.00,7.00
12450.00,-0.03,0.07,-0.08,-0.06,0.12,5.66,0.00,-0.00,2792.35,-0.00,0.00,-0.00,-0.00,0.01,0.00,8.00
12458.00,-0.03,0.07,-0.01,-0.06,0.12,9.35,0.00,-0.00,461.55,-0.00,0.00,-0.00,-0.00,0.00,-0.00,8.00
12466.00,-0.03,0.07,-0.07,-0.06,0.12,-7.88,0.00,-0.00,-2154.63,-0.00,0.00,-0.00,0.00,-0.01,0.00,5.00
12475.00,-0.03,0.07,-0.13,-0.06,0.12,-6.63,0.00,-0.00,139.74,-0.00,0.00,-0.00,0.00,-0.01,0.00,17.00
12492.00,-0.03,0.07,-0.16,-0.06,0.12,-1.87,0.00,-0.00,279.85,-0.00,0.00,-0.00,-0.00,0.00,-0.00,8.00
12500.00,-0.03,0.07,-0.08,-0.06,0.12,10.47,0.00,-0.00,1543.07,-0.00,0.00,-0.00,-0.00,0.01,-0.00,8.00
12508.00,-0.03,0.07,0.05,-0.06,0.12,16.10,0.00,-0.00,703.32,-0.00,0.00,-0.00,0.00,0.00,0.00,8.00
12516.00,-0.03,0.07,0.01,-0.06,0.12,-4.82,0.00,-0.00,-2614.96,-0.00,0.00,-0.00,0.00,-0.00,0.00,5.00
12521.00,-0.04,0.10,-0.02,-0.06,0.12,-5.91,0.00,0.00,-218.54,-0.00,0.00,-0.00,0.00,-0.00,0.00,9.00
12530.00,-0.04,0.10,0.00,-0.06,0.12,2.39,0.00,0.00,922.18,-0.00,0.00,-0.00,-0.00,0.00,-0.00,5.00
12535.00,-0.04,0.10,0.03,-0.06,0.12,4.92,0.00,0.00,505.91,-0.00,0.00,-0.00,-0.00,-0.00,-0.00,6.00
12541.00,-0.04,0.10,-0.09,-0.06,0.12,-20.31,0.00,0.00,-4205.31,-0.00,0.00,-0.00,-0.00,-0.00,0.00,8.00
12549.00,-0.04,0.10,-0.09,-0.06,0.12,0.64,0.00,0.00,2618.65,-0.00,0.00,-0.00,-0.00,-0.00,0.00,8.00
12561.00,-0.04,0.10,0.00,-0.06,0.12,7.60,0.00,0.00,580.44,-0.00,0.00,-0.00,-0.00,-0.00,0.00,9.00
12570.00,-0.04,0.10,-0.01,-0.06,0.12,-0.94,0.00,0.00,-948.56,-0.00,0.00,-0.00,-0.00,-0.00,0.00,9.00
12579.00,-0.04,0.10,0.05,-0.06,0.12,6.76,0.00,0.00,855.37,-0.00,0.00,-0.00,-0.00,0.00,-0.00,15.00
12594.00,-0.04,0.10,-0.12,-0.06,0.12,-11.35,0.00,0.00,-1207.66,-0.00,0.00,-0.00,0.00,-0.00,-0.00,7.00
12601.00,-0.04,0.10,-0.11,-0.06,0.12,1.52,0.00,0.00,1838.45,-0.00,0.00,-0.00,0.00,-0.00,-0.00,8.00
12609.00,-0.04,0.10,0.01,-0.06,0.12,14.28,0.00,0.00,1595.96,-0.00,0.00,-0.00,0.00,-0.00,0.00,8.00
12617.00,-0.04,0.10,-0.11,-0.06,0.12,-14.68,0.00,0.00,-3620.94,-0.00,0.00,-0.00,0.00,-0.00,-0.00,5.00
12622.00,-0.04,0.10,-0.08,-0.06,0.12,6.46,0.00,0.00,4228.41,-0.00,0.00,-0.00,0.00,-0.00,-0.00,8.00
12630.00,-0.04,0.10,-0.12,-0.06,0.12,-5.69,0.00,0.00,-1517.93,-0.00,0.00,-0.00,0.00,0.00,0.00,5.00
12635.00,-0.04,0.10,-0.08,-0.06,0.12,8.63,0.00,0.00,2863.23,-0.00,0.00,-0.00,0.00,0.00,0.00,6.00
12646.00,-0.04,0.10,-0.10,-0.06,0.12,-1.52,0.00,0.00,-922.44,-0.00,0.00,-0.00,0.00,0.00,0.00,6.00
12652.00,-0.04,0.10,-0.05,-0.06,0.12,7.60,0.00,0.00,1519.80,-0.00,0.00,-0.00,-0.00,0.00,0.00,8.00
12660.00,-0.04,0.10,-0.25,-0.06,0.12,-24.67,0.00,0.00,-4034.20,-0.00,0.00,-0.00,-0.00,-0.00,0.00,18.00
12678.00,-0.04,0.10,-0.05,-0.06,0.12,10.68,0.00,0.00,1963.68,-0.00,0.00,-0.00,-0.00,-0.00,-0.00,6.00
12684.00,-0.04,0.10,-0.12,-0.06,0.12,-11.02,0.00,0.00,-3616.66,-0.00,0.00,-0.00,-0.00,-0.00,-0.00,6.00
12690.00,-0.04,0.10,-0.09,-0.06,0.12,4.44,0.00,0.00,2577.20,-0.00,0.00,-0.00,-0.00,-0.00,-0.00,10.00
12700.00,-0.04,0.10,-0.07,-0.06,0.12,2.63,0.00,0.00,-180.61,-0.00,0.00,-0.00,-0.00,0.00,0.00,7.00
12707.00,-0.04,0.10,-0.07,-0.06,0.12,-0.25,0.00,0.00,-412.15,-0.00,0.00,-0.00,0.00,0.00,0.01,6.00
12713.00,-0.04,0.10,-0.05,-0.06,0.12,3.44,0.00,0.00,615.53,-0.00,0.00,-0.00,0.00,0.00,0.00,7.00
12720.00,-0.04,0.10,-0.03,-0.06,0.12,3.02,0.00,0.00,-59.65,-0.00,0.00,-0.00,-0.00,0.00,0.00,10.00
12734.00,-0.04,0.10,0.05,0.00,0.04,5.41,0.26,-0.39,170.34,-0.00,0.00,-0.00,0.00,-0.00,-0.01,8.00
12742.00,-0.04,0.10,0.06,0.00,0.04,1.34,0.26,-0.39,-509.03,-0.00,0.00,-0.00,0.00,-0.00,-0.01,7.00
12749.00,-0.04,0.10,-0.09,0.00,0.04,-20.58,0.26,-0.39,-3131.50,-0.00,0.00,-0.00,0.00,-0.00,-0.01,9.00
12758.00,-0.04,0.10,0.04,0.00,0.04,13.40,0.26,-0.39,3775.64,-0.00,0.00,-0.00,0.00,0.00,-0.00,5.00
12763.00,-0.04,0.10,0.03,0.00,0.04,-0.31,0.26,-0.39,-2741.66,-0.00,0.00,-0.00,0.00,0.00,-0.00,18.00
12781.00,-0.04,0.10,-0.05,0.00,0.04,-4.47,0.26,-0.39,-231.08,-0.00,-0.00,-0.00,0.00,-0.00,0.00,5.00
12786.00,-0.04,0.10,-0.02,0.00,0.04,5.61,0.26,-0.39,2015.63,-0.00,-0.00,-0.00,0.00,-0.01,0.00,6.00
12792.00,-0.04,0.10,0.03,0.00,0.04,7.94,0.26,-0.39,388.37,-0.00,-0.00,-0.00,0.00,-0.00,0.00,7.00
12799.00,-0.04,0.10,0.03,0.00,0.04,0.00,0.26,-0.39,-1133.86,-0.00,-0.00,-0.00,-0.00,-0.00,-0.00,3.00
12802.00,-0.04,0.10,0.13,0.00,0.04,33.62,0.26,-0.39,11206.16,-0.00,-0.00,-0.00,-0.00,-0.00,-0.00,8.00
12815.00,-0.04,0.10,-0.03,0.00,0.04,-11.91,0.26,-0.39,-3502.29,-0.00,-0.00,-0.00,0.00,0.00,-0.00,7.00
12822.00,-0.04,0.10,-0.04,0.00,0.04,-2.75,0.26,-0.39,1309.10,-0.00,0.00,-0.00,0.00,0.01,-0.00,8.00
12830.00,-0.04,0.10,0.04,0.00,0.04,10.30,0.26,-0.39,1631.06,-0.00,0.00,-0.00,0.00,0.00,0.00,6.00
12836.00,-0.04,0.10,-0.09,0.00,0.04,-21.55,0.26,-0.39,-5308.06,-0.00,0.00,-0.00,0.00,0.00,0.01,6.00
12842.00,-0.04,0.10,-0.03,0.00,0.04,11.00,0.26,-0.39,5424.62,-0.00,0.00,-0.00,0.00,0.00,0.01,8.00
12850.00,-0.04,0.10,-0.10,0.00,0.04,-8.93,0.26,-0.39,-2491.71,-0.00,0.00,-0.00,0.00,-0.00,0.00,8.00
12858.00,-0.04,0.10,-0.07,0.00,0.04,3.22,0.26,-0.39,1518.72,-0.00,-0.00,-0.00,-0.00,-0.00,-0.00,6.00
12864.00,-0.04,0.10,-0.04,0.00,0.04,5.86,0.26,-0.39,441.28,-0.00,-0.00,-0.00,-0.00,-0.00,-0.00,7.00
12871.00,-0.04,0.10,-0.07,0.00,0.04,-5.34,0.26,-0.39,-1600.22,-0.00,-0.00,-0.00,0.00,-0.01,-0.00,18.00
12889.00,-0.04,0.10,0.01,0.00,0.04,4.35,0.26,-0.39,538.29,-0.00,-0.00,-0.00,-0.00,0.00,-0.00,7.00
12900.00,-0.04,0.10,-0.08,0.00,0.04,-7.70,0.26,-0.39,-1095.79,-0.00,-0.00,-0.00,-0.00,0.01,0.00,10.00
12910.00,-0.04,0.10,-0.09,0.00,0.04,-0.74,0.26,-0.39,696.68,-0.00,0.00,-0.00,0.00,0.00,0.00,8.00
12918.00,-0.04,0.10,-0.12,0.00,0.04,-4.40,0.26,-0.39,-457.66,-0.00,-0.00,-0.00,-0.00,-0.00,0.00,6.00
12924.00,-0.04,0.10,-0.09,0.00,0.04,5.58,0.26,-0.39,1663.36,-0.00,-0.00,-0.00,-0.00,-0.00,0.00,7.00
12931.00,-0.04,0.10,-0.12,0.00,0.04,-4.91,0.26,-0.39,-1499.56,-0.00,-0.00,-0.00,-0.00,-0.00,-0.00,6.00
12937.00,-0.06,0.13,-0.23,-0.05,0.12,-17.43,-0.27,0.40,-2086.81,-0.00,-0.00,-0.00,-0.00,-0.00,-0.01,5.00
12942.00,-0.06,0.13,-0.16,-0.05,0.12,14.14,-0.27,0.40,6313.97,-0.00,-0.00,-0.00,-0.00,-0.00,-0.01,9.00
12951.00,-0.06,0.13,-0.13,-0.05,0.12,3.51,-0.27,0.40,-1181.10,-0.00,-0.00,-0.00,0.00,0.00,-0.00,8.00
12959.00,-0.06,0.13,-0.16,-0.05,0.12,-4.18,-0.27,0.40,-961.28,-0.00,-0.00,-0.00,0.00,0.00,-0.00,15.00
12974.00,-0.06,0.13,-0.08,-0.05,0.12,5.57,-0.27,0.40,649.97,-0.00,-0.00,-0.00,-0.00,0.00,-0.00,8.00
12986.00,-0.06,0.13,-0.17,-0.05,0.12,-7.98,-0.27,0.40,-1129.07,-0.00,-0.00,-0.00,-0.00,-0.00,0.00,7.00
12993.00,-0.06,0.13,0.04,-0.05,0.12,29.90,-0.27,0.40,5411.85,-0.00,-0.00,-0.00,-0.00,-0.00,0.00,8.00
13001.00,-0.06,0.13,0.01,-0.05,0.12,-3.61,-0.27,0.40,-4188.12,-0.00,-0.00,-0.00,-0.00,0.00,0.00,8.00
13009.00,-0.06,0.13,-0.02,-0.05,0.12,-4.02,-0.27,0.40,-51.22,-0.00,-0.00,-0.00,-0.00,-0.00,-0.00,6.00
13015.00,-0.06,0.13,-0.05,-0.05,0.12,-4.53,-0.27,0.40,-85.30,-0.00,-0.00,-0.00,0.00,-0.00,-0.00,7.00
13022.00,-0.06,0.13,0.07,-0.05,0.12,17.14,-0.27,0.40,3094.90,-0.00,-0.00,-0.00,0.00,-0.00,-0.00,8.00
13030.00,-0.06,0.13,0.02,-0.05,0.12,-6.59,-0.27,0.40,-2965.34,-0.00,-0.00,-0.00,0.00,0.00,-0.00,6.00
13036.00,-0.06,0.13,-0.01,-0.05,0.12,-5.30,-0.27,0.40,214.96,-0.00,-0.00,-0.00,-0.00,0.00,0.00,6.00
13042.00,-0.06,0.13,-0.07,-0.05,0.12,-9.89,-0.27,0.40,-766.38,-0.00,-0.00,-0.00,-0.00,0.00,0.00,9.00
13051.00,-0.06,0.13,-0.12,-0.05,0.12,-5.60,-0.27,0.40,477.54,-0.00,-0.00,-0.00,-0.00,-0.00,0.00,7.00
13063.00,-0.06,0.13,-0.06,-0.05,0.12,5.77,-0.27,0.40,947.47,-0.00,-0.00,-0.00,0.00,0.00,0.00,19.00
13082.00,-0.06,0.13,-0.09,-0.05,0.12,-1.90,-0.27,0.40,-403.65,-0.00,-0.00,-0.00,-0.01,-0.00,-0.00,5.00
13087.00,-0.06,0.13,-0.19,-0.05,0.12,-19.17,-0.27,0.40,-3454.20,-0.00,-0.00,-0.00,0.00,0.00,0.00,6.00
13093.00,-0.06,0.13,-0.14,-0.05,0.12,7.00,-0.27,0.40,4361.09,-0.00,-0.00,-0.00,0.00,0.00,0.00,8.00
13101.00,-0.06,0.13,-0.16,-0.05,0.12,-1.32,-0.27,0.40,-1040.10,-0.00,-0.00,-0.00,0.00,0.00,0.00,8.00
13109.00,-0.06,0.13,-0.08,-0.05,0.12,9.79,-0.27,0.40,1388.60,-0.00,-0.00,-0.00,0.00,-0.00,0.00,6.00
13115.00,-0.06,0.13,-0.07,-0.05,0.12,0.69,-0.27,0.40,-1516.65,-0.00,-0.00,-0.00,0.00,-0.00,0.00,7.00
13122.00,-0.06,0.13,-0.20,-0.05,0.12,-18.54,-0.27,0.40,-2746.31,-0.00,-0.00,-0.00,0.00,-0.00,-0.00,9.00
13131.00,-0.06,0.13,-0.16,-0.05,0.12,4.55,-0.27,0.40,2565.44,-0.00,-0.00,-0.00,-0.00,0.00,-0.00,5.00
13136.00,-0.06,0.13,-0.13,-0.05,0.12,6.98,-0.27,0.40,485.06,-0.00,-0.00,-0.00,-0.00,0.00,-0.00,7.00
13152.00,-0.07,0.15,-0.16,-0.05,0.11,-1.86,0.01,-0.03,-552.54,-0.00,-0.00,-0.00,-0.00,0.00,0.00,10.00
13162.00,-0.07,0.15,-0.15,-0.05,0.11,0.45,0.01,-0.03,231.57,-0.00,-0.00,-0.00,-0.00,0.00,-0.00,8.00
13170.00,-0.07,0.15,-0.25,-0.05,0.11,-12.09,0.01,-0.03,-1568.29,-0.00,-0.00,-0.00,-0.00,0.00,0.00,16.00
13186.00,-0.07,0.15,-0.12,-0.05,0.11,7.96,0.01,-0.03,1253.05,-0.00,-0.00,-0.00,-0.00,-0.00,0.00,7.00
13193.00,-0.07,0.15,-0.20,-0.05,0.11,-11.50,0.01,-0.03,-2778.67,-0.00,-0.00,-0.00,-0.00,-0.00,0.00,8.00
13201.00,-0.07,0.15,-0.28,-0.05,0.11,-10.23,0.01,-0.03,157.70,-0.00,-0.00,-0.00,-0.00,-0.00,0.00,8.00
13209.00,-0.07,0.15,-0.17,-0.05,0.11,14.16,0.01,-0.03,3048.95,-0.00,-0.00,-0.00,0.00,0.00,-0.00,5.00
13214.00,-0.07,0.15,-0.16,-0.05,0.11,1.64,0.01,-0.03,-2504.00,-0.00,-0.00,-0.00,0.00,0.00,-0.00,8.00
13222.00,-0.07,0.15,-0.13,-0.05,0.11,3.65,0.01,-0.03,251.24,-0.00,-0.00,-0.00,0.00,0.00,0.00,9.00
13231.00,-0.07,0.15,-0.16,-0.05,0.11,-2.48,0.01,-0.03,-680.81,-0.00,-0.00,-0.00,-0.00,0.00,0.00,6.00
13241.00,-0.07,0.15,-0.12,-0.05,0.11,3.83,0.01,-0.03,631.26,-0.00,-0.00,-0.00,-0.00,0.01,0.01,9.00
13250.00,-0.07,0.15,-0.18,-0.05,0.11,-6.89,0.01,-0.03,-1191.93,-0.00,0.00,-0.00,0.00,0.00,0.00,6.00
13256.00,-0.07,0.15,-0.19,-0.05,0.11,-1.39,0.01,-0.03,917.02,-0.00,0.00,-0.00,0.00,0.00,-0.00,7.00
13263.00,-0.07,0.15,-0.31,-0.05,0.11,-17.85,0.01,-0.03,-2350.50,-0.00,0.00,-0.00,0.00,-0.00,-0.00,8.00
13271.00,-0.07,0.15,-0.21,-0.05,0.11,12.37,0.01,-0.03,3776.43,-0.00,-0.00,-0.00,-0.00,-0.00,-0.00,17.00
13288.00,-0.07,0.15,-0.23,-0.05,0.11,-1.13,0.01,-0.03,-793.76,-0.00,0.00,-0.00,0.00,0.01,0.00,6.00
13294.00,-0.07,0.15,-0.24,-0.05,0.11,-0.39,0.01,-0.03,123.79,-0.00,0.00,-0.00,0.00,0.01,0.00,8.00
13302.00,-0.07,0.15,-0.31,-0.05,0.11,-8.74,0.01,-0.03,-1044.05,-0.00,0.00,-0.00,0.00,0.01,0.01,8.00
13310.00,-0.07,0.15,-0.11,-0.05,0.11,23.99,0.01,-0.03,4091.12,-0.00,0.00,-0.00,0.00,0.01,0.00,5.00
13315.00,-0.07,0.15,-0.28,-0.05,0.11,-33.86,0.01,-0.03,-11570.56,-0.00,0.00,-0.00,0.00,0.00,0.00,7.00
13327.00,-0.07,0.15,-0.34,-0.05,0.11,-4.40,0.01,-0.03,2455.54,-0.00,0.00,-0.00,-0.00,-0.00,-0.00,7.00
13334.00,-0.07,0.15,-0.16,-0.05,0.11,25.36,0.01,-0.03,4251.23,-0.00,0.00,-0.00,-0.00,-0.01,-0.00,7.00
13341.00,-0.07,0.15,-0.35,-0.05,0.11,-27.69,0.01,-0.03,-7578.51,-0.00,0.00,-0.00,-0.00,-0.00,-0.01,8.00
13349.00,-0.07,0.15,-0.24,-0.05,0.11,14.53,0.01,-0.03,5276.90,-0.00,0.00,-0.00,0.00,0.00,-0.00,5.00
13354.00,-0.08,0.17,-0.27,-0.06,0.12,-7.54,-0.02,0.04,-4413.16,-0.00,0.00,-0.00,-0.00,0.00,0.00,8.00
13362.00,-0.08,0.17,-0.29,-0.06,0.12,-2.24,-0.02,0.04,661.63,-0.00,0.00,-0.00,-0.00,0.00,0.01,9.00
13371.00,-0.08,0.17,-0.25,-0.06,0.12,4.09,-0.02,0.04,704.16,-0.00,0.00,-0.00,-0.00,0.00,0.01,16.00
13387.00,-0.08,0.17,-0.20,-0.06,0.12,3.30,-0.02,0.04,-49.54,-0.00,0.00,-0.00,-0.00,0.00,-0.00,7.00
13394.00,-0.08,0.17,-0.16,-0.06,0.12,5.52,-0.02,0.04,317.31,-0.00,0.00,-0.00,0.00,-0.00,-0.00,8.00
13402.00,-0.08,0.17,-0.24,-0.06,0.12,-9.55,-0.02,0.04,-1884.16,-0.00,0.00,-0.00,-0.00,-0.00,-0.01,8.00
13414.00,-0.08,0.17,-0.25,-0.06,0.12,-1.18,-0.02,0.04,697.71,-0.00,0.00,-0.00,0.00,-0.00,-0.00,9.00
13423.00,-0.08,0.17,-0.18,-0.06,0.12,7.67,-0.02,0.04,982.67,-0.00,0.00,-0.00,-0.00,0.00,0.00,9.00
13432.00,-0.08,0.17,-0.25,-0.06,0.12,-6.91,-0.02,0.04,-1620.00,-0.00,0.00,-0.00,0.00,0.00,0.01,5.00
13437.00,-0.08,0.17,-0.14,-0.06,0.12,22.18,-0.02,0.04,5818.02,-0.00,0.00,-0.00,-0.00,0.00,0.01,7.00
13444.00,-0.08,0.17,-0.11,-0.06,0.12,3.15,-0.02,0.04,-2717.78,-0.00,0.00,-0.00,-0.00,0.00,0.01,8.00
13452.00,-0.08,0.17,-0.21,-0.06,0.12,-11.48,-0.02,0.04,-1828.99,-0.00,0.00,-0.00,0.00,-0.01,0.00,8.00
13460.00,-0.08,0.17,-0.28,-0.06,0.12,-9.84,-0.02,0.04,205.19,-0.00,0.00,-0.00,0.00,-0.01,-0.00,5.00
13465.00,-0.08,0.17,-0.17,-0.06,0.12,22.49,-0.02,0.04,6466.55,-0.00,0.00,-0.00,0.00,-0.00,-0.00,17.00
13482.00,-0.08,0.17,-0.31,-0.06,0.12,-8.39,-0.02,0.04,-1816.72,-0.00,0.00,-0.00,-0.00,0.00,0.00,6.00
13488.00,-0.08,0.17,-0.20,-0.06,0.12,19.25,-0.02,0.04,4607.40,-0.00,0.00,-0.00,-0.00,0.01,0.00,6.00
13499.00,-0.08,0.17,-0.13,-0.06,0.12,6.32,-0.02,0.04,-1175.95,-0.00,0.00,-0.00,0.00,0.00,0.01,6.00
13506.00,-0.08,0.17,-0.22,-0.06,0.12,-13.13,-0.02,0.04,-2778.69,-0.00,0.00,-0.00,0.00,0.00,0.01,7.00
13513.00,-0.08,0.17,-0.21,-0.06,0.12,1.18,-0.02,0.04,2044.31,-0.00,0.00,0.00,0.00,-0.00,0.01,8.00
13521.00,-0.08,0.17,-0.34,-0.06,0.12,-15.74,-0.02,0.04,-2114.32,-0.00,0.00,0.00,-0.00,-0.00,-0.00,7.00
13528.00,-0.08,0.17,-0.32,-0.06,0.12,2.77,-0.02,0.04,2643.57,-0.00,0.00,-0.00,-0.00,-0.00,-0.01,7.00
13535.00,-0.08,0.17,-0.24,-0.06,0.12,11.54,-0.02,0.04,1252.90,-0.00,0.00,-0.00,-0.00,-0.00,-0.01,7.00
13542.00,-0.08,0.17,-0.38,-0.06,0.12,-20.84,-0.02,0.04,-4625.13,-0.00,0.00,-0.00,0.00,0.00,-0.00,7.00
13549.00,-0.08,0.17,-0.25,-0.06,0.12,18.69,-0.02,0.04,5646.41,-0.00,0.00,-0.00,0.00,0.00,0.00,5.00
13554.00,-0.08,0.19,-0.27,0.00,0.08,-3.11,0.28,-0.21,-4360.00,-0.00,0.00,-0.00,0.00,0.00,0.00,9.00
13563.00,-0.08,0.19,-0.26,0.00,0.08,1.00,0.28,-0.21,457.32,-0.00,0.00,-0.00,-0.00,0.00,0.00,8.00
13576.00,-0.08,0.19,-0.33,0.00,0.08,-5.34,0.28,-0.21,-488.21,-0.00,0.00,-0.00,0.00,-0.00,0.00,18.00
13594.00,-0.08,0.19,-0.32,0.00,0.08,0.66,0.28,-0.21,333.36,-0.00,0.00,-0.00,0.00,-0.00,0.00,9.00
13603.00,-0.08,0.19,-0.30,0.00,0.08,1.71,0.28,-0.21,116.78,-0.00,0.00,-0.00,-0.00,-0.00,-0.00,8.00
13611.00,-0.08,0.19,-0.35,0.00,0.08,-5.50,0.28,-0.21,-900.90,-0.00,0.00,-0.00,0.00,0.00,-0.00,6.00
13617.00,-0.08,0.19,-0.28,0.00,0.08,10.60,0.28,-0.21,2682.95,-0.00,0.00,-0.00,0.00,0.00,-0.00,7.00
13624.00,-0.08,0.19,-0.33,0.00,0.08,-6.05,0.28,-0.21,-2378.37,-0.00,0.00,-0.00,-0.00,0.00,-0.00,9.00
13633.00,-0.08,0.19,-0.25,0.00,0.08,8.73,0.28,-0.21,1642.29,-0.00,0.00,-0.00,-0.00,-0.00,0.00,5.00
13638.00,-0.08,0.19,-0.16,0.00,0.08,17.99,0.28,-0.21,1852.65,-0.00,0.00,-0.00,-0.00,-0.00,0.01,7.00
13645.00,-0.08,0.19,-0.18,0.00,0.08,-3.15,0.28,-0.21,-3019.82,-0.00,0.00,0.00,0.00,-0.00,0.01,8.00
13653.00,-0.08,0.19,-0.22,0.00,0.08,-4.91,0.28,-0.21,-220.04,-0.00,0.00,0.00,0.00,-0.00,0.00,4.00
13662.00,-0.08,0.19,-0.13,0.00,0.08,9.91,0.28,-0.21,1645.63,-0.00,0.00,0.00,0.00,0.00,0.00,17.00
13679.00,-0.08,0.19,-0.19,0.00,0.08,-3.38,0.28,-0.21,-781.27,-0.00,0.00,0.00,0.00,-0.00,-0.00,6.00
13685.00,-0.08,0.19,-0.25,0.00,0.08,-10.99,0.28,-0.21,-1268.30,-0.00,0.00,-0.00,0.00,-0.00,-0.00,7.00
13692.00,-0.08,0.19,-0.22,0.00,0.08,4.74,0.28,-0.21,2247.05,-0.00,0.00,-0.00,0.00,-0.00,-0.00,6.00
13698.00,-0.08,0.19,-0.27,0.00,0.08,-9.05,0.28,-0.21,-2298.55,-0.00,0.00,-0.00,-0.00,-0.00,-0.00,6.00
13704.00,-0.08,0.19,-0.25,0.00,0.08,3.47,0.28,-0.21,2086.30,-0.00,0.00,-0.00,-0.00,0.00,0.00,9.00
13713.00,-0.08,0.19,-0.24,0.00,0.08,1.78,0.28,-0.21,-187.78,-0.00,0.00,0.00,0.00,0.00,0.00,8.00
13721.00,-0.08,0.19,-0.39,0.00,0.08,-19.53,0.28,-0.21,-2663.40,-0.00,0.00,0.00,0.00,-0.00,0.00,6.00
13727.00,-0.08,0.19,-0.25,0.00,0.08,23.83,0.28,-0.21,7226.46,-0.00,0.00,0.00,0.00,-0.00,0.00,7.00
13734.00,-0.08,0.19,-0.25,0.00,0.08,0.57,0.28,-0.21,-3323.48,-0.00,0.00,0.00,0.00,-0.00,0.00,6.00
13744.00,-0.08,0.19,-0.11,0.00,0.08,13.13,0.28,-0.21,1256.69,-0.00,0.00,0.00,-0.00,-0.00,-0.00,10.00
13754.00,-0.10,0.21,-0.23,-0.11,0.09,-12.04,-0.56,0.05,-2517.84,-0.00,0.00,0.00,0.00,0.00,-0.00,17.00
13771.00,-0.10,0.21,-0.22,-0.11,0.09,1.08,-0.56,0.05,771.97,-0.00,0.00,0.00,-0.00,0.00,0.00,16.00
13787.00,-0.10,0.21,-0.23,-0.11,0.09,-0.90,-0.56,0.05,-123.76,-0.00,0.00,0.00,-0.00,0.00,0.00,7.00
13794.00,-0.10,0.21,-0.27,-0.11,0.09,-6.24,-0.56,0.05,-762.71,-0.00,0.00,0.00,0.00,-0.00,0.00,8.00
13802.00,-0.10,0.21,-0.37,-0.11,0.09,-12.48,-0.56,0.05,-780.24,-0.00,0.00,0.00,0.00,-0.00,-0.00,8.00
13810.00,-0.10,0.21,-0.29,-0.11,0.09,10.23,-0.56,0.05,2839.52,-0.00,0.00,0.00,0.00,0.00,-0.00,5.00
13815.00,-0.10,0.21,-0.26,-0.11,0.09,6.75,-0.56,0.05,-696.12,-0.00,0.00,0.00,0.00,0.00,-0.00,8.00
13823.00,-0.10,0.21,-0.16,-0.11,0.09,12.46,-0.56,0.05,713.24,-0.00,0.00,0.00,0.00,-0.00,-0.00,8.00
13831.00,-0.10,0.21,-0.26,-0.11,0.09,-12.44,-0.56,0.05,-3111.99,-0.00,0.00,0.00,-0.00,0.00,0.00,6.00
13847.00,-0.10,0.21,-0.16,-0.11,0.09,6.46,-0.56,0.05,1181.22,-0.00,0.00,0.00,0.00,0.00,0.00,8.00
13855.00,-0.10,0.21,-0.24,-0.11,0.09,-10.13,-0.56,0.05,-2073.77,-0.00,0.00,0.00,0.00,0.00,0.00,8.00
13863.00,-0.10,0.21,-0.23,-0.11,0.09,0.55,-0.56,0.05,1334.99,-0.00,0.00,0.00,-0.00,-0.00,0.00,18.00
13881.00,-0.10,0.21,-0.27,-0.11,0.09,-2.02,-0.56,0.05,-143.01,-0.00,0.00,0.00,0.00,0.00,0.00,6.00
13887.00,-0.10,0.21,-0.31,-0.11,0.09,-6.21,-0.56,0.05,-697.87,-0.00,0.00,0.00,0.00,0.00,0.00,6.00
13893.00,-0.10,0.21,-0.23,-0.11,0.09,13.20,-0.56,0.05,3234.15,-0.00,0.00,0.00,0.00,0.00,-0.00,9.00
13902.00,-0.10,0.21,-0.20,-0.11,0.09,2.82,-0.56,0.05,-1153.43,-0.00,0.00,0.00,-0.00,0.00,0.00,5.00
13907.00,-0.10,0.21,-0.18,-0.11,0.09,3.65,-0.56,0.05,167.02,-0.00,0.00,0.00,-0.00,0.00,0.00,8.00
13915.00,-0.10,0.21,-0.22,-0.11,0.09,-4.06,-0.56,0.05,-963.38,-0.00,0.00,0.00,0.00,0.00,0.00,8.00
13923.00,-0.10,0.21,-0.25,-0.11,0.09,-4.09,-0.56,0.05,-3.63,-0.00,0.00,0.00,0.00,-0.01,0.00,7.00
13935.00,-0.10,0.21,-0.35,-0.11,0.09,-8.67,-0.56,0.05,-382.26,-0.00,0.00,0.00,-0.00,-0.01,0.00,7.00
13942.00,-0.10,0.21,-0.39,-0.11,0.09,-5.85,-0.56,0.05,403.21,-0.00,0.00,0.00,-0.00,0.00,0.00,6.00
13948.00,-0.10,0.21,-0.32,-0.11,0.09,12.87,-0.56,0.05,3120.63,-0.00,0.00,0.00,-0.00,0.00,0.00,7.00
13955.00,-0.10,0.23,-0.23,0.00,0.11,11.89,0.55,0.14,-140.48,-0.00,0.00,0.00,-0.00,0.00,0.00,8.00
13963.00,-0.10,0.23,-0.30,0.00,0.11,-7.98,0.55,0.14,-2484.26,-0.00,0.00,0.00,0.00,0.00,0.00,18.00
13981.00,-0.10,0.23,-0.29,0.00,0.11,0.14,0.55,0.14,451.51,-0.00,0.00,0.00,-0.00,0.00,-0.00,6.00
13987.00,-0.10,0.23,-0.25,0.00,0.11,6.51,0.55,0.14,1060.47,-0.00,0.00,0.00,-0.00,0.00,-0.00,5.00
13992.00,-0.10,0.23,-0.11,0.00,0.11,28.72,0.55,0.14,4443.73,-0.00,0.00,0.00,0.00,-0.01,-0.00,5.00
13997.00,-0.10,0.23,-0.19,0.00,0.11,-15.51,0.55,0.14,-8847.01,-0.00,0.00,0.00,0.00,-0.01,-0.00,7.00
14004.00,-0.10,0.23,-0.18,0.00,0.11,0.84,0.55,0.14,2335.44,-0.00,0.00,0.00,0.00,-0.01,0.00,9.00
14018.00,-0.10,0.23,-0.25,0.00,0.11,-4.77,0.55,0.14,-400.64,-0.00,0.00,0.00,0.00,-0.00,0.00,8.00
14026.00,-0.10,0.23,-0.28,0.00,0.11,-4.03,0.55,0.14,93.21,-0.00,0.00,0.00,-0.00,0.01,0.00,8.00
14034.00,-0.10,0.23,-0.18,0.00,0.11,12.47,0.55,0.14,2061.69,-0.00,0.00,0.00,0.00,0.00,0.00,6.00
14040.00,-0.10,0.23,-0.18,0.00,0.11,-0.30,0.55,0.14,-2127.41,-0.00,0.00,0.00,0.00,0.00,-0.00,6.00
14046.00,-0.10,0.23,-0.15,0.00,0.11,5.41,0.55,0.14,950.84,-0.00,0.00,0.00,0.00,0.00,-0.00,9.00
14055.00,-0.10,0.23,-0.13,0.00,0.11,2.25,0.55,0.14,-350.77,-0.00,0.00,0.00,-0.00,-0.00,-0.00,8.00
14063.00,-0.10,0.23,-0.22,0.00,0.11,-11.31,0.55,0.14,-1695.45,-0.00,0.00,0.00,-0.00,-0.00,0.00,16.00
14079.00,-0.10,0.23,-0.16,0.00,0.11,4.01,0.55,0.14,957.69,-0.00,0.00,0.00,0.00,-0.00,0.00,7.00
14086.00,-0.10,0.23,-0.13,0.00,0.11,3.58,0.55,0.14,-61.45,-0.00,0.00,0.00,0.00,-0.00,0.00,5.00
14091.00,-0.10,0.23,-0.18,0.00,0.11,-10.22,0.55,0.14,-2760.57,-0.00,0.00,0.00,-0.00,-0.00,0.00,6.00
14101.00,-0.10,0.23,-0.18,0.00,0.11,0.23,0.55,0.14,1044.74,-0.00,0.00,0.00,-0.00,0.00,0.00,7.00
14108.00,-0.10,0.23,-0.13,0.00,0.11,7.52,0.55,0.14,1042.25,-0.00,0.00,0.00,-0.00,-0.00,0.00,7.00
14115.00,-0.10,0.23,-0.14,0.00,0.11,-2.17,0.55,0.14,-1384.76,-0.00,0.00,0.00,-0.00,-0.00,-0.00,9.00
14124.00,-0.10,0.23,-0.24,0.00,0.11,-11.19,0.55,0.14,-1001.73,-0.00,0.00,0.00,0.00,0.00,-0.00,6.00
14130.00,-0.10,0.23,-0.11,0.00,0.11,21.59,0.55,0.14,5463.61,-0.00,0.00,0.00,-0.00,0.00,-0.00,7.00
14137.00,-0.10,0.23,-0.16,0.00,0.11,-5.85,0.55,0.14,-3920.21,-0.00,0.00,0.00,-0.00,0.00,-0.00,7.00
14144.00,-0.10,0.23,-0.25,0.00,0.11,-13.38,0.55,0.14,-1075.41,-0.00,0.00,0.00,-0.00,-0.00,0.00,7.00
14151.00,-0.10,0.23,-0.12,0.00,0.11,17.91,0.55,0.14,4469.92,-0.00,0.00,0.00,0.00,-0.01,0.00,5.00
14156.00,-0.11,0.25,-0.13,-0.06,0.12,-2.06,-0.28,0.02,-3994.42,-0.00,0.00,0.00,0.00,-0.01,0.00,18.00
14174.00,-0.11,0.25,-0.20,-0.06,0.12,-3.74,-0.28,0.02,-93.29,-0.00,0.00,0.00,-0.00,-0.00,-0.00,8.00
14187.00,-0.11,0.25,-0.19,-0.06,0.12,0.75,-0.28,0.02,345.05,-0.00,0.00,0.00,-0.00,0.00,0.00,7.00
14194.00,-0.11,0.25,-0.09,-0.06,0.12,14.98,-0.28,0.02,2032.50,-0.00,0.00,0.00,0.00,0.00,-0.00,6.00
14200.00,-0.11,0.25,-0.16,-0.06,0.12,-12.16,-0.28,0.02,-4522.33,-0.00,0.00,0.00,0.00,0.00,-0.00,7.00
14207.00,-0.11,0.25,-0.24,-0.06,0.12,-10.82,-0.28,0.02,190.67,-0.00,0.00,0.00,0.00,0.00,-0.00,8.00
14215.00,-0.11,0.25,-0.18,-0.06,0.12,6.60,-0.28,0.02,2178.51,-0.00,0.00,0.00,0.00,-0.01,0.00,8.00
14223.00,-0.11,0.25,-0.26,-0.06,0.12,-10.05,-0.28,0.02,-2081.45,-0.00,0.00,0.00,0.00,-0.00,0.01,5.00
14228.00,-0.11,0.25,-0.25,-0.06,0.12,1.91,-0.28,0.02,2390.70,-0.00,0.00,0.00,0.00,-0.00,0.00,8.00
14236.00,-0.11,0.25,-0.23,-0.06,0.12,3.47,-0.28,0.02,195.75,-0.00,0.00,0.00,0.00,-0.00,0.00,5.00
14241.00,-0.11,0.25,-0.25,-0.06,0.12,-4.10,-0.28,0.02,-1515.49,-0.00,0.00,0.00,0.00,0.00,-0.00,6.00
14247.00,-0.11,0.25,-0.14,-0.06,0.12,17.27,-0.28,0.02,3562.59,-0.00,0.00,0.00,0.00,0.00,-0.00,8.00
14259.00,-0.11,0.25,-0.22,-0.06,0.12,-6.34,-0.28,0.02,-1967.28,-0.00,0.00,0.00,0.00,0.00,-0.00,17.00
14276.00,-0.11,0.25,-0.25,-0.06,0.12,-2.06,-0.28,0.02,251.56,-0.00,0.00,0.00,-0.00,-0.00,0.00,9.00
14285.00,-0.11,0.25,-0.33,-0.06,0.12,-8.17,-0.28,0.02,-678.73,-0.00,-0.00,0.00,0.00,-0.01,0.00,6.00
14291.00,-0.11,0.25,-0.25,-0.06,0.12,12.36,-0.28,0.02,3421.00,-0.00,-0.00,0.00,-0.00,-0.00,0.01,6.00
14297.00,-0.11,0.25,-0.32,-0.06,0.12,-11.00,-0.28,0.02,-3892.42,-0.00,-0.00,0.00,-0.00,-0.00,0.01,8.00
14305.00,-0.11,0.25,-0.29,-0.06,0.12,4.23,-0.28,0.02,1904.00,-0.00,-0.00,0.00,-0.00,-0.00,0.00,8.00
14313.00,-0.11,0.25,-0.28,-0.06,0.12,0.98,-0.28,0.02,-406.85,-0.00,-0.00,0.00,0.00,0.00,-0.00,5.00
14318.00,-0.11,0.25,-0.19,-0.06,0.12,17.07,-0.28,0.02,3218.13,-0.00,-0.00,0.00,0.00,0.00,-0.00,8.00
14326.00,-0.11,0.25,-0.22,-0.06,0.12,-4.08,-0.28,0.02,-2644.19,-0.00,-0.00,0.00,0.00,0.00,-0.00,8.00
14334.00,-0.11,0.25,-0.32,-0.06,0.12,-11.70,-0.28,0.02,-952.76,-0.00,-0.00,0.00,0.00,-0.00,-0.01,6.00
14345.00,-0.11,0.25,-0.29,-0.06,0.12,2.33,-0.28,0.02,1275.57,-0.00,-0.00,0.00,0.00,0.00,-0.00,8.00
14353.00,-0.11,0.25,-0.23,-0.06,0.12,7.26,-0.28,0.02,616.94,-0.00,-0.00,0.00,0.00,0.00,0.00,6.00
14359.00,-0.12,0.27,-0.26,-0.05,0.08,-4.03,0.00,-0.19,-1882.29,-0.00,-0.00,0.00,0.00,0.00,0.00,17.00
14376.00,-0.12,0.27,-0.27,-0.05,0.08,-0.44,0.00,-0.19,211.14,-0.00,-0.00,0.00,-0.00,-0.00,0.00,9.00
14385.00,-0.12,0.27,-0.28,-0.05,0.08,-1.68,0.00,-0.19,-137.46,-0.00,-0.00,0.00,0.00,0.00,-0.00,5.00
14390.00,-0.12,0.27,-0.27,-0.05,0.08,2.41,0.00,-0.19,817.25,-0.00,-0.00,0.00,0.00,0.00,-0.00,7.00
14397.00,-0.12,0.27,-0.28,-0.05,0.08,-1.47,0.00,-0.19,-554.17,-0.00,0.00,0.00,0.00,0.01,-0.01,8.00
14405.00,-0.12,0.27,-0.22,-0.05,0.08,8.07,0.00,-0.19,1192.95,-0.00,0.00,0.00,0.00,0.00,-0.00,8.00
14413.00,-0.12,0.27,-0.22,-0.05,0.08,-0.13,0.00,-0.19,-1024.61,-0.00,0.00,0.00,-0.00,-0.00,0.00,5.00
14418.00,-0.12,0.27,-0.19,-0.05,0.08,4.95,0.00,-0.19,1015.09,-0.00,-0.00,0.00,-0.00,-0.00,0.00,8.00
14431.00,-0.12,0.27,-0.19,-0.05,0.08,-0.08,0.00,-0.19,-386.84,-0.00,-0.00,0.00,-0.00,-0.00,0.00,7.00
14438.00,-0.12,0.27,-0.30,-0.05,0.08,-15.69,0.00,-0.19,-2229.91,-0.00,-0.00,0.00,0.00,-0.00,0.01,7.00
14445.00,-0.12,0.27,-0.23,-0.05,0.08,10.88,0.00,-0.19,3794.89,-0.00,-0.00,0.00,0.00,-0.00,-0.00,8.00
14453.00,-0.12,0.27,-0.30,-0.05,0.08,-8.99,0.00,-0.19,-2482.89,-0.00,-0.00,0.00,-0.00,0.00,-0.00,8.00
14461.00,-0.12,0.27,-0.32,-0.05,0.08,-3.09,0.00,-0.19,737.20,-0.00,-0.00,0.00,-0.00,0.00,-0.00,16.00
14477.00,-0.12,0.27,-0.33,-0.05,0.08,-0.39,0.00,-0.19,168.83,-0.00,-0.00,0.00,0.00,0.00,-0.00,9.00
14486.00,-0.12,0.27,-0.17,-0.05,0.08,17.64,0.00,-0.19,2002.88,-0.00,-0.00,0.00,0.00,0.00,0.00,5.00
14491.00,-0.12,0.27,-0.20,-0.05,0.08,-5.04,0.00,-0.19,-4536.05,-0.00,-0.00,0.00,0.00,-0.00,0.00,7.00
14498.00,-0.12,0.27,-0.23,-0.05,0.08,-4.48,0.00,-0.19,81.08,-0.00,-0.00,0.00,0.00,-0.00,0.00,8.00
14506.00,-0.12,0.27,-0.14,-0.05,0.08,10.89,0.00,-0.19,1921.07,-0.00,-0.00,0.00,-0.00,-0.00,0.00,8.00
14523.00,-0.12,0.27,-0.24,-0.05,0.08,-6.07,0.00,-0.19,-997.93,-0.00,-0.00,0.00,-0.00,0.00,-0.00,7.00
14530.00,-0.12,0.27,-0.23,-0.05,0.08,1.16,0.00,-0.19,1033.01,-0.00,-0.00,0.00,-0.00,0.00,-0.00,7.00
14537.00,-0.12,0.27,-0.18,-0.05,0.08,8.30,0.00,-0.19,1020.69,-0.00,0.00,0.00,-0.00,0.00,-0.00,6.00
14543.00,-0.12,0.27,-0.23,-0.05,0.08,-8.48,0.00,-0.19,-2797.08,-0.00,0.00,0.00,-0.00,0.00,0.00,5.00
14548.00,-0.12,0.27,-0.13,-0.05,0.08,19.77,0.00,-0.19,5649.89,-0.00,0.00,0.00,-0.00,0.00,0.00,8.00
14556.00,-0.12,0.27,-0.28,-0.05,0.08,-18.43,0.00,-0.19,-4774.64,-0.00,0.00,0.00,0.00,-0.00,0.00,9.00
14565.00,-0.12,0.29,-0.16,0.00,0.07,13.40,0.27,-0.03,3535.88,-0.00,0.00,0.00,0.00,-0.00,0.00,16.00
14581.00,-0.12,0.29,-0.17,0.00,0.07,-1.02,0.27,-0.03,-900.78,-0.00,-0.00,0.00,-0.00,-0.00,0.00,7.00
14588.00,-0.12,0.29,-0.21,0.00,0.07,-6.00,0.27,-0.03,-711.48,-0.00,-0.00,0.00,-0.00,-0.00,0.00,5.00
14593.00,-0.12,0.29,-0.17,0.00,0.07,8.52,0.27,-0.03,2902.78,-0.00,-0.00,0.00,0.00,-0.00,-0.00,6.00
14604.00,-0.12,0.29,-0.14,0.00,0.07,2.40,0.27,-0.03,-555.82,-0.00,-0.00,0.00,0.00,0.00,-0.00,6.00
14610.00,-0.12,0.29,-0.18,0.00,0.07,-5.91,0.27,-0.03,-1386.29,-0.00,-0.00,0.00,0.00,0.00,-0.00,7.00
14617.00,-0.12,0.29,-0.18,0.00,0.07,-0.49,0.27,-0.03,774.94,-0.00,-0.00,0.00,0.00,0.00,-0.00,9.00
14626.00,-0.12,0.29,-0.18,0.00,0.07,0.21,0.27,-0.03,77.72,-0.00,-0.00,0.00,0.00,-0.00,0.00,7.00
14633.00,-0.12,0.29,-0.18,0.00,0.07,0.70,0.27,-0.03,70.46,-0.00,-0.00,0.00,-0.00,-0.00,0.00,6.00
14639.00,-0.12,0.29,-0.22,0.00,0.07,-7.42,0.27,-0.03,-1353.26,-0.00,-0.00,0.00,-0.00,-0.00,0.00,7.00
14646.00,-0.12,0.29,-0.19,0.00,0.07,4.38,0.27,-0.03,1685.50,-0.00,-0.00,0.00,0.00,-0.01,0.00,8.00
14654.00,-0.12,0.29,-0.24,0.00,0.07,-5.54,0.27,-0.03,-1239.88,-0.00,-0.00,0.00,-0.00,-0.00,0.00,5.00
14659.00,-0.12,0.29,-0.23,0.00,0.07,1.56,0.27,-0.03,1420.10,-0.00,-0.00,0.00,-0.00,-0.00,0.00,17.00
14676.00,-0.12,0.29,-0.18,0.00,0.07,2.77,0.27,-0.03,71.06,-0.00,-0.00,0.00,0.00,0.00,-0.00,9.00
14690.00,-0.12,0.29,-0.22,0.00,0.07,-3.08,0.27,-0.03,-417.76,-0.00,-0.00,0.00,-0.00,0.00,0.00,7.00
14697.00,-0.12,0.29,-0.27,0.00,0.07,-7.14,0.27,-0.03,-580.06,-0.00,-0.00,0.00,-0.00,0.00,0.00,9.00
14706.00,-0.12,0.29,-0.17,0.00,0.07,11.58,0.27,-0.03,2080.03,-0.00,-0.00,0.00,-0.00,0.00,0.00,7.00
14713.00,-0.12,0.29,-0.30,0.00,0.07,-18.20,0.27,-0.03,-4254.95,-0.00,-0.00,0.00,0.00,0.00,0.00,5.00
14718.00,-0.12,0.29,-0.16,0.00,0.07,26.64,0.27,-0.03,8968.20,-0.00,-0.00,0.00,0.00,0.00,0.00,9.00
14727.00,-0.12,0.29,-0.11,0.00,0.07,5.77,0.27,-0.03,-2319.24,-0.00,-0.00,0.00,0.00,-0.00,-0.00,7.00
14734.00,-0.12,0.29,-0.02,0.00,0.07,12.41,0.27,-0.03,949.53,-0.00,-0.00,0.00,-0.00,-0.00,-0.00,4.00
14738.00,-0.12,0.29,-0.05,0.00,0.07,-7.67,0.27,-0.03,-5019.56,-0.00,-0.00,0.00,-0.00,-0.00,-0.00,6.00
14744.00,-0.12,0.29,-0.10,0.00,0.07,-7.70,0.27,-0.03,-5.42,-0.00,-0.00,0.00,-0.00,-0.00,-0.00,6.00
14750.00,-0.12,0.29,-0.10,0.00,0.07,-0.43,0.27,-0.03,1210.98,-0.00,-0.00,0.00,-0.00,0.00,-0.00,7.00
14762.00,-0.12,0.29,-0.12,0.00,0.07,-1.08,0.27,-0.03,-53.72,-0.00,-0.00,0.00,0.00,0.00,0.00,17.00
14779.00,-0.12,0.29,-0.15,0.00,0.04,-1.86,0.00,-0.18,-46.16,-0.00,-0.00,0.00,-0.00,-0.00,0.00,8.00
14787.00,-0.12,0.29,-0.17,0.00,0.04,-3.06,0.00,-0.18,-149.32,-0.00,-0.00,0.00,0.00,-0.00,0.00,6.00
14793.00,-0.12,0.29,-0.14,0.00,0.04,5.77,0.00,-0.18,1471.37,-0.00,-0.00,0.00,0.00,-0.00,0.00,6.00
14799.00,-0.12,0.29,-0.24,0.00,0.04,-17.27,0.00,-0.18,-3840.97,-0.00,-0.00,0.00,0.00,-0.00,-0.00,8.00
14807.00,-0.12,0.29,-0.25,0.00,0.04,-1.47,0.00,-0.18,1975.49,-0.00,-0.00,0.00,0.00,0.00,-0.00,8.00
14815.00,-0.12,0.29,-0.25,0.00,0.04,0.50,0.00,-0.18,246.79,-0.00,-0.00,0.00,0.00,0.00,-0.00,5.00
14820.00,-0.12,0.29,-0.30,0.00,0.04,-10.67,0.00,-0.18,-2235.81,-0.00,-0.00,0.00,-0.00,0.00,-0.00,8.00
14828.00,-0.12,0.29,-0.16,0.00,0.04,17.33,0.00,-0.18,3501.06,-0.00,-0.00,0.00,-0.00,0.00,-0.00,8.00
14836.00,-0.12,0.29,-0.19,0.00,0.04,-3.55,0.00,-0.18,-2610.31,-0.00,-0.00,0.00,0.00,-0.00,0.00,6.00
14847.00,-0.12,0.29,-0.22,0.00,0.04,-2.09,0.00,-0.18,132.33,-0.00,-0.00,0.00,0.00,-0.01,0.00,9.00
14856.00,-0.12,0.29,-0.14,0.00,0.04,8.90,0.00,-0.18,1221.04,-0.00,-0.00,0.00,0.00,-0.00,0.00,5.00
14861.00,-0.12,0.29,-0.14,0.00,0.04,0.00,0.00,-0.18,-1779.37,-0.00,-0.00,0.00,0.00,-0.00,0.00,14.00
14875.00,-0.12,0.29,-0.21,0.00,0.04,-5.12,0.00,-0.18,-365.73,-0.00,-0.00,0.00,0.00,0.00,-0.00,6.00
14881.00,-0.12,0.29,-0.13,0.00,0.04,13.01,0.00,-0.18,3021.22,-0.00,-0.00,0.00,-0.00,0.00,-0.00,7.00
14888.00,-0.12,0.29,-0.17,0.00,0.04,-6.10,0.00,-0.18,-2729.53,-0.00,-0.00,0.00,-0.00,0.00,-0.00,6.00
14894.00,-0.12,0.29,-0.12,0.00,0.04,9.19,0.00,-0.18,2547.96,-0.00,-0.00,0.00,-0.00,0.00,0.00,5.00
14899.00,-0.12,0.29,-0.07,0.00,0.04,9.11,0.00,-0.18,-15.81,-0.00,-0.00,0.00,-0.00,0.00,0.00,8.00
14907.00,-0.12,0.29,-0.22,0.00,0.04,-18.71,0.00,-0.18,-3477.30,-0.00,-0.00,0.00,0.00,0.00,-0.00,8.00
14915.00,-0.12,0.29,-0.09,0.00,0.04,16.86,0.00,-0.18,4445.56,-0.00,-0.00,0.00,0.00,-0.00,0.00,5.00
14925.00,-0.12,0.29,-0.18,0.00,0.04,-9.25,0.00,-0.18,-2610.21,-0.00,-0.00,0.00,0.00,-0.00,0.00,6.00
14931.00,-0.12,0.29,-0.27,0.00,0.04,-14.45,0.00,-0.18,-867.25,-0.00,-0.00,0.00,0.00,-0.00,0.00,7.00
14938.00,-0.12,0.29,-0.20,0.00,0.04,9.55,0.00,-0.18,3428.23,-0.00,-0.00,0.00,0.00,0.00,0.00,6.00
14944.00,-0.12,0.29,-0.27,0.00,0.04,-12.50,0.00,-0.18,-3674.45,-0.00,-0.00,0.00,-0.00,-0.00,-0.00,5.00
14949.00,-0.12,0.29,-0.23,0.00,0.04,8.22,0.00,-0.18,4144.06,-0.00,-0.00,0.00,-0.00,-0.00,-0.00,9.00
14958.00,-0.12,0.29,-0.19,0.00,0.04,5.16,0.00,-0.18,-339.81,-0.00,-0.00,0.00,0.00,0.00,-0.00,8.00
14966.00,-0.12,0.29,-0.12,0.00,0.04,8.23,0.00,-0.18,383.38,-0.00,-0.00,0.00,0.00,-0.00,0.00,16.00
14982.00,-0.12,0.31,-0.21,0.00,0.08,-5.68,0.00,0.20,-869.46,-0.00,-0.00,0.00,0.00,-0.00,0.00,7.00
14989.00,-0.12,0.31,-0.21,0.00,0.08,0.16,0.00,0.20,834.93,-0.00,-0.00,0.00,0.00,-0.00,0.00,5.00
14994.00,-0.12,0.31,-0.22,0.00,0.08,-1.94,0.00,0.20,-421.34,-0.00,-0.00,0.00,0.00,0.00,-0.00,6.00
15005.00,-0.12,0.31,-0.21,0.00,0.08,0.87,0.00,0.20,256.03,-0.00,-0.00,0.00,-0.00,0.00,-0.00,6.00
15011.00,-0.12,0.31,-0.22,0.00,0.08,-1.33,0.00,0.20,-367.02,-0.00,-0.00,0.00,-0.00,0.00,-0.00,7.00
15018.00,-0.12,0.31,-0.24,0.00,0.08,-3.82,0.00,0.20,-356.21,-0.00,-0.00,0.00,0.00,0.00,-0.00,9.00
15027.00,-0.12,0.31,-0.26,0.00,0.08,-2.23,0.00,0.20,177.44,-0.00,-0.00,0.00,-0.00,0.00,-0.00,7.00
15034.00,-0.12,0.31,-0.20,0.00,0.08,9.18,0.00,0.20,1629.06,-0.00,-0.00,0.00,-0.00,0.01,-0.00,6.00
15040.00,-0.12,0.31,-0.35,0.00,0.08,-25.40,0.00,0.20,-5763.01,-0.00,-0.00,0.00,-0.00,0.01,-0.00,7.00
15047.00,-0.12,0.31,-0.28,0.00,0.08,10.64,0.00,0.20,5148.55,-0.00,-0.00,0.00,-0.00,-0.00,0.00,7.00
15054.00,-0.12,0.31,-0.24,0.00,0.08,5.58,0.00,0.20,-722.82,-0.00,-0.00,0.00,-0.00,-0.00,0.00,5.00
15059.00,-0.12,0.31,-0.25,0.00,0.08,-3.07,0.00,0.20,-1730.38,-0.00,-0.00,0.00,-0.00,-0.00,0.00,18.00
15077.00,-0.12,0.31,-0.18,0.00,0.08,4.10,0.00,0.20,398.24,-0.00,-0.00,0.00,-0.02,-0.01,-0.00,8.00
15090.00,-0.12,0.31,-0.13,0.00,0.08,3.66,0.00,0.20,-33.47,-0.00,-0.00,0.00,-0.01,-0.02,0.02,6.00
15096.00,-0.12,0.31,-0.21,0.00,0.08,-13.07,0.00,0.20,-2788.27,-0.00,-0.00,0.00,-0.02,-0.03,0.02,6.00
15102.00,-0.12,0.31,-0.21,0.00,0.08,-0.44,0.00,0.20,2104.91,-0.00,-0.00,0.00,-0.02,-0.03,0.02,6.00
15108.00,-0.12,0.31,-0.17,0.00,0.08,7.01,0.00,0.20,1241.49,-0.00,-0.00,0.00,0.03,-0.01,0.01,8.00
15116.00,-0.12,0.31,-0.27,0.00,0.08,-12.79,0.00,0.20,-2474.62,-0.00,-0.00,0.00,-0.02,-0.01,0.00,6.00
15122.00,-0.12,0.31,-0.23,0.00,0.08,7.32,0.00,0.20,3351.51,-0.00,-0.00,0.00,-0.02,0.00,-0.00,7.00
15129.00,-0.12,0.31,-0.28,0.00,0.08,-7.07,0.00,0.20,-2055.67,-0.00,-0.00,0.00,-0.02,0.01,-0.01,9.00
15138.00,-0.12,0.31,-0.23,0.00,0.08,5.91,0.00,0.20,1441.79,-0.00,-0.00,0.00,0.01,0.00,0.01,5.00
15143.00,-0.12,0.31,-0.27,0.00,0.08,-8.97,0.00,0.20,-2976.46,-0.00,-0.00,0.00,0.01,-0.00,0.01,7.00
15150.00,-0.12,0.31,-0.24,0.00,0.08,4.57,0.00,0.20,1934.44,-0.00,-0.00,0.00,0.01,-0.00,0.01,8.00
15167.00,-0.12,0.31,-0.15,0.00,0.08,5.26,0.00,0.20,40.86,-0.00,-0.00,0.00,-0.02,-0.00,-0.01,19.00
15186.00,-0.13,0.32,-0.22,-0.05,0.04,-3.74,-0.27,-0.16,-473.58,-0.00,-0.00,0.00,0.02,0.00,-0.01,6.00
15192.00,-0.13,0.32,-0.28,-0.05,0.04,-9.68,-0.27,-0.16,-990.37,-0.00,-0.00,0.00,0.02,0.00,-0.01,6.00
15198.00,-0.13,0.32,-0.21,-0.05,0.04,10.81,-0.27,-0.16,3414.39,-0.00,-0.00,0.00,0.00,0.01,-0.00,8.00
15206.00,-0.13,0.32,-0.27,-0.05,0.04,-6.71,-0.27,-0.16,-2189.15,-0.00,-0.00,0.00,0.00,0.02,0.00,5.00
15211.00,-0.13,0.32,-0.27,-0.05,0.04,0.31,-0.27,-0.16,1403.39,-0.00,-0.00,0.00,0.00,0.02,0.00,8.00
15219.00,-0.13,0.32,-0.22,-0.05,0.04,5.66,-0.27,-0.16,669.20,-0.00,-0.00,0.00,0.00,0.02,0.01,8.00
15227.00,-0.13,0.32,-0.27,-0.05,0.04,-5.51,-0.27,-0.16,-1396.40,-0.00,-0.00,0.00,-0.00,0.01,0.00,8.00
15235.00,-0.13,0.32,-0.27,-0.05,0.04,-0.02,-0.27,-0.16,686.37,-0.00,-0.00,0.00,0.01,0.01,-0.01,5.00
15240.00,-0.13,0.32,-0.24,-0.05,0.04,5.82,-0.27,-0.16,1167.94,-0.00,-0.00,0.00,0.01,0.01,-0.01,7.00
15252.00,-0.13,0.32,-0.24,-0.05,0.04,-0.45,-0.27,-0.16,-523.21,-0.00,-0.00,0.00,0.00,-0.00,-0.01,8.00
15260.00,-0.13,0.32,-0.33,-0.05,0.04,-11.24,-0.27,-0.16,-1347.99,-0.00,-0.00,0.00,0.01,-0.01,-0.01,8.00
15268.00,-0.13,0.32,-0.25,-0.05,0.04,10.35,-0.27,-0.16,2698.14,-0.00,-0.00,0.00,-0.00,0.00,0.00,17.00
15285.00,-0.13,0.32,-0.28,-0.05,0.04,-2.03,-0.27,-0.16,-727.95,-0.00,-0.00,0.00,0.01,0.01,0.01,6.00
15291.00,-0.13,0.32,-0.26,-0.05,0.04,3.72,-0.27,-0.16,957.38,-0.00,-0.00,0.00,0.01,0.01,0.01,6.00
15297.00,-0.13,0.32,-0.22,-0.05,0.04,7.12,-0.27,-0.16,566.63,-0.00,-0.00,0.00,0.00,0.01,0.00,6.00
15303.00,-0.13,0.32,-0.27,-0.05,0.04,-7.88,-0.27,-0.16,-2498.88,-0.00,-0.00,0.00,-0.00,-0.00,-0.00,6.00
15309.00,-0.13,0.32,-0.39,-0.05,0.04,-21.03,-0.27,-0.16,-2191.70,-0.00,-0.00,0.00,-0.01,-0.00,-0.00,10.00
15319.00,-0.13,0.32,-0.27,-0.05,0.04,12.28,-0.27,-0.16,3331.19,-0.00,-0.00,0.00,-0.00,-0.01,-0.01,7.00
15326.00,-0.13,0.32,-0.33,-0.05,0.04,-8.80,-0.27,-0.16,-3012.68,-0.00,-0.00,0.00,-0.01,-0.01,-0.00,6.00
15337.00,-0.13,0.32,-0.24,-0.05,0.04,8.40,-0.27,-0.16,1564.41,-0.00,-0.00,0.00,-0.00,-0.00,-0.00,6.00
15343.00,-0.13,0.32,-0.27,-0.05,0.04,-5.50,-0.27,-0.16,-2317.54,-0.00,-0.00,0.00,-0.01,-0.00,0.00,7.00
15350.00,-0.13,0.32,-0.29,-0.05,0.04,-2.21,-0.27,-0.16,470.73,-0.00,-0.00,0.00,-0.01,-0.00,0.01,9.00
15359.00,-0.13,0.32,-0.42,-0.05,0.04,-14.48,-0.27,-0.16,-1363.36,-0.00,-0.00,0.00,-0.00,-0.00,0.01,8.00
15367.00,-0.13,0.32,-0.39,-0.05,0.04,3.75,-0.27,-0.16,2277.74,-0.00,-0.00,0.00,-0.01,-0.01,0.01,17.00
15384.00,-0.13,0.32,-0.26,-0.05,0.04,7.37,-0.27,-0.16,212.96,-0.00,-0.00,0.00,-0.02,-0.08,0.08,7.00
15391.00,-0.13,0.33,-0.31,0.00,0.07,-7.11,0.27,0.16,-2068.40,-0.00,-0.00,0.00,-0.01,-0.09,0.09,5.00
15396.00,-0.13,0.33,-0.27,0.00,0.07,8.07,0.27,0.16,3036.43,-0.00,-0.00,0.00,-0.05,-0.09,0.11,6.00
15402.00,-0.13,0.33,-0.29,0.00,0.07,-3.73,0.27,0.16,-1966.89,-0.00,-0.00,0.00,-0.08,-0.09,0.12,5.00
15407.00,-0.13,0.33,-0.33,0.00,0.07,-6.43,0.27,0.16,-540.07,-0.00,-0.00,0.00,-0.08,-0.09,0.12,6.00
15417.00,-0.13,0.33,-0.22,0.00,0.07,10.12,0.27,0.16,1655.10,-0.00,-0.00,0.01,-0.09,-0.03,0.09,7.00
15424.00,-0.13,0.33,-0.34,0.00,0.07,-16.89,0.27,0.16,-3857.98,-0.00,-0.00,0.01,-0.11,-0.01,0.05,6.00
15430.00,-0.13,0.33,-0.29,0.00,0.07,9.37,0.27,0.16,4375.96,-0.01,-0.00,0.01,-0.13,0.00,0.04,9.00
15439.00,-0.13,0.33,-0.28,0.00,0.07,1.11,0.27,0.16,-917.11,-0.01,-0.00,0.01,-0.09,0.05,-0.02,5.00
15444.00,-0.13,0.33,-0.25,0.00,0.07,5.05,0.27,0.16,787.39,-0.01,-0.00,0.01,-0.07,0.05,-0.04,6.00
15450.00,-0.13,0.33,-0.20,0.00,0.07,8.97,0.27,0.16,653.83,-0.01,-0.00,0.00,-0.02,0.06,-0.09,5.00
15455.00,-0.13,0.33,-0.19,0.00,0.07,0.66,0.27,0.16,-1663.38,-0.01,-0.00,0.00,-0.02,0.06,-0.09,7.00
15462.00,-0.13,0.33,-0.26,0.00,0.07,-9.38,0.27,0.16,-1433.35,-0.01,-0.00,0.00,0.01,0.06,-0.08,7.00
15469.00,-0.13,0.33,-0.27,0.00,0.07,-0.94,0.27,0.16,1204.60,-0.01,-0.00,0.00,0.07,0.05,-0.07,18.00
15487.00,-0.13,0.33,-0.28,0.00,0.07,-0.61,0.27,0.16,18.69,-0.00,-0.00,0.00,0.07,0.07,-0.04,6.00
15498.00,-0.13,0.33,-0.24,0.00,0.07,3.16,0.27,0.16,342.63,-0.00,-0.00,0.00,0.04,0.08,-0.02,6.00
15504.00,-0.13,0.33,-0.32,0.00,0.07,-12.33,0.27,0.16,-2582.02,-0.00,0.00,0.00,0.04,0.08,-0.02,6.00
15510.00,-0.13,0.33,-0.26,0.00,0.07,9.57,0.27,0.16,3649.93,-0.00,0.00,0.00,0.04,0.08,-0.02,9.00
15519.00,-0.13,0.33,-0.22,0.00,0.07,4.86,0.27,0.16,-522.87,-0.00,0.00,0.00,-0.03,0.01,0.01,7.00
15526.00,-0.13,0.33,-0.19,0.00,0.07,3.65,0.27,0.16,-173.36,-0.00,0.00,0.00,0.01,-0.03,0.01,6.00
15532.00,-0.13,0.33,-0.20,0.00,0.07,-1.44,0.27,0.16,-848.09,-0.00,0.00,0.00,0.01,-0.03,0.01,8.00
15540.00,-0.13,0.33,-0.23,0.00,0.07,-4.46,0.27,0.16,-377.80,-0.00,0.00,0.00,0.02,-0.04,0.01,6.00
15546.00,-0.13,0.33,-0.18,0.00,0.07,9.64,0.27,0.16,2350.26,-0.00,-0.00,0.00,0.02,-0.02,-0.00,5.00
15551.00,-0.13,0.33,-0.22,0.00,0.07,-9.55,0.27,0.16,-3838.70,-0.00,-0.00,0.00,0.02,-0.02,-0.00,9.00
15560.00,-0.13,0.33,-0.30,0.00,0.07,-8.43,0.27,0.16,125.03,-0.00,-0.00,0.00,-0.01,0.00,-0.01,8.00
15573.00,-0.13,0.33,-0.26,0.00,0.07,3.02,0.27,0.16,880.29,-0.00,0.00,0.00,-0.02,0.03,-0.01,18.00
15591.00,-0.12,0.34,-0.29,0.06,0.03,-1.83,0.28,-0.21,-269.47,-0.00,0.00,0.00,0.03,-0.00,-0.00,7.00
15598.00,-0.12,0.34,-0.27,0.06,0.03,3.07,0.28,-0.21,700.79,-0.00,0.00,0.00,0.00,-0.02,0.01,5.00
15603.00,-0.12,0.34,-0.18,0.06,0.03,19.36,0.28,-0.21,3258.24,-0.00,-0.00,0.00,-0.01,-0.02,0.02,8.00
15611.00,-0.12,0.34,-0.15,0.06,0.03,3.50,0.28,-0.21,-1983.07,-0.00,-0.00,0.00,-0.02,-0.02,0.02,8.00
15619.00,-0.12,0.34,-0.28,0.06,0.03,-16.20,0.28,-0.21,-2462.21,-0.00,-0.00,0.00,-0.01,-0.01,0.01,8.00
15627.00,-0.12,0.34,-0.29,0.06,0.03,-1.72,0.28,-0.21,1810.21,-0.00,-0.00,0.00,0.02,0.00,-0.01,5.00
15632.00,-0.12,0.34,-0.25,0.06,0.03,7.69,0.28,-0.21,1882.53,-0.00,-0.00,0.00,0.02,0.01,-0.01,8.00
15640.00,-0.12,0.34,-0.24,0.06,0.03,1.04,0.28,-0.21,-832.08,-0.00,-0.00,0.00,0.01,0.02,-0.02,6.00
15646.00,-0.12,0.34,-0.29,0.06,0.03,-7.01,0.28,-0.21,-1340.94,-0.00,-0.00,0.00,-0.01,0.02,-0.02,6.00
15657.00,-0.12,0.34,-0.17,0.06,0.03,10.20,0.28,-0.21,1564.50,-0.00,-0.00,0.00,-0.03,0.00,-0.00,6.00
15663.00,-0.12,0.34,-0.23,0.06,0.03,-9.21,0.28,-0.21,-3235.22,-0.00,-0.00,0.00,-0.02,-0.00,0.00,7.00
15670.00,-0.12,0.34,-0.26,0.06,0.03,-3.67,0.28,-0.21,790.71,-0.00,-0.00,0.00,-0.00,-0.01,0.01,18.00
15688.00,-0.12,0.34,-0.32,0.06,0.03,-3.56,0.28,-0.21,6.28,-0.00,-0.00,0.00,0.01,-0.02,0.01,6.00
15694.00,-0.12,0.34,-0.36,0.06,0.03,-7.05,0.28,-0.21,-581.72,-0.00,-0.00,0.00,0.01,-0.01,0.01,7.00
15701.00,-0.12,0.34,-0.31,0.06,0.03,7.36,0.28,-0.21,2058.55,-0.00,-0.00,0.00,-0.01,0.00,0.00,9.00
15710.00,-0.12,0.34,-0.27,0.06,0.03,4.40,0.28,-0.21,-328.85,-0.00,-0.00,0.00,-0.04,-0.00,-0.00,8.00
15718.00,-0.12,0.34,-0.27,0.06,0.03,-0.31,0.28,-0.21,-588.14,-0.00,-0.00,0.00,-0.03,-0.02,0.01,6.00
15724.00,-0.12,0.34,-0.26,0.06,0.03,1.79,0.28,-0.21,349.66,-0.00,-0.00,0.00,-0.03,-0.03,0.01,6.00
15730.00,-0.12,0.34,-0.22,0.06,0.03,7.53,0.28,-0.21,956.15,-0.00,-0.00,0.00,-0.03,-0.06,0.01,10.00
15744.00,-0.12,0.34,-0.30,0.06,0.03,-5.77,0.28,-0.21,-949.65,-0.00,-0.00,0.00,-0.01,-0.05,0.01,7.00
15751.00,-0.12,0.34,-0.23,0.06,0.03,9.51,0.28,-0.21,2182.47,-0.01,-0.00,0.00,-0.06,-0.05,-0.00,5.00
15756.00,-0.12,0.34,-0.26,0.06,0.03,-5.49,0.28,-0.21,-3000.56,-0.01,-0.00,0.00,-0.06,-0.04,-0.01,6.00
15762.00,-0.12,0.34,-0.20,0.06,0.03,10.25,0.28,-0.21,2623.14,-0.01,-0.00,0.00,-0.07,-0.04,-0.01,8.00
15770.00,-0.12,0.34,-0.22,0.06,0.03,-2.24,0.28,-0.21,-1560.73,-0.01,-0.00,0.00,-0.07,-0.03,-0.00,18.00
15788.00,-0.12,0.34,-0.20,0.06,0.03,0.86,0.28,-0.21,172.34,-0.01,-0.00,0.00,-0.01,-0.00,0.01,6.00
15794.00,-0.12,0.34,-0.31,0.00,0.00,-18.15,-0.27,-0.17,-3168.51,-0.01,-0.00,0.00,-0.00,-0.00,0.01,7.00
15801.00,-0.12,0.34,-0.21,0.00,0.00,14.33,-0.27,-0.17,4639.84,-0.01,-0.00,0.00,0.02,-0.00,0.01,8.00
15809.00,-0.12,0.34,-0.22,0.00,0.00,-1.23,-0.27,-0.17,-1944.69,-0.01,-0.00,0.00,0.03,0.01,-0.00,6.00
15815.00,-0.12,0.34,-0.24,0.00,0.00,-3.08,-0.27,-0.17,-308.62,-0.01,-0.00,0.00,0.02,0.02,-0.01,7.00
15832.00,-0.12,0.34,-0.16,0.00,0.00,4.61,-0.27,-0.17,452.09,-0.01,-0.00,0.00,0.01,0.03,-0.02,9.00
15841.00,-0.12,0.34,-0.22,0.00,0.00,-6.85,-0.27,-0.17,-1273.00,-0.01,-0.00,0.00,0.02,0.03,-0.02,5.00
15846.00,-0.12,0.34,-0.18,0.00,0.00,8.13,-0.27,-0.17,2996.03,-0.01,-0.00,0.00,0.02,0.02,-0.01,6.00
15852.00,-0.12,0.34,-0.18,0.00,0.00,-0.86,-0.27,-0.17,-1498.07,-0.01,-0.00,0.00,0.03,0.02,-0.01,5.00
15857.00,-0.12,0.34,-0.21,0.00,0.00,-4.81,-0.27,-0.17,-789.46,-0.01,-0.00,0.00,0.03,0.00,-0.01,6.00
15863.00,-0.12,0.34,-0.15,0.00,0.00,9.74,-0.27,-0.17,2425.16,-0.01,-0.00,0.00,0.03,0.01,-0.01,8.00
15871.00,-0.12,0.34,-0.20,0.00,0.00,-6.34,-0.27,-0.17,-2011.06,-0.01,-0.00,0.00,0.02,0.01,-0.00,18.00
15889.00,-0.12,0.34,-0.18,0.00,0.00,1.13,-0.27,-0.17,415.37,-0.01,-0.00,0.00,0.00,0.01,0.01,6.00
15895.00,-0.12,0.34,-0.28,0.00,0.00,-16.06,-0.27,-0.17,-2865.48,-0.01,-0.00,0.00,0.00,0.01,0.01,6.00
15901.00,-0.12,0.34,-0.26,0.00,0.00,1.98,-0.27,-0.17,3006.79,-0.01,-0.00,0.00,0.00,0.01,0.01,9.00
15915.00,-0.12,0.34,-0.35,0.00,0.00,-6.45,-0.27,-0.17,-602.30,-0.01,-0.00,0.00,0.00,0.00,0.01,8.00
15923.00,-0.12,0.34,-0.20,0.00,0.00,18.91,-0.27,-0.17,3170.71,-0.00,-0.00,0.00,0.00,-0.00,0.00,8.00
15931.00,-0.12,0.34,-0.22,0.00,0.00,-2.22,-0.27,-0.17,-2641.66,-0.00,-0.00,0.00,0.00,-0.01,0.00,8.00
15939.00,-0.12,0.34,-0.22,0.00,0.00,0.59,-0.27,-0.17,351.61,-0.01,-0.00,0.00,-0.01,-0.02,-0.00,5.00
15944.00,-0.12,0.34,-0.21,0.00,0.00,0.32,-0.27,-0.17,-53.97,-0.01,-0.00,0.00,-0.01,-0.02,-0.00,6.00
15950.00,-0.12,0.34,-0.30,0.00,0.00,-14.86,-0.27,-0.17,-2530.26,-0.01,-0.00,0.00,-0.03,-0.02,-0.01,5.00
15955.00,-0.12,0.34,-0.26,0.00,0.00,8.12,-0.27,-0.17,4595.34,-0.01,-0.00,0.00,-0.03,-0.02,-0.01,6.00
15961.00,-0.12,0.34,-0.21,0.00,0.00,9.61,-0.27,-0.17,249.07,-0.01,-0.00,0.00,-0.03,-0.03,0.00,7.00
15968.00,-0.12,0.34,-0.25,0.00,0.00,-5.66,-0.27,-0.17,-2182.02,-0.01,-0.00,0.00,-0.03,-0.02,0.01,15.00
15983.00,-0.12,0.34,-0.12,0.00,0.00,8.18,-0.27,-0.17,922.47,-0.01,-0.00,0.00,-0.02,-0.03,0.01,9.00
15996.00,-0.12,0.35,-0.27,0.00,0.08,-11.70,0.00,0.38,-1529.06,-0.01,-0.00,0.00,-0.03,-0.02,0.01,7.00
16003.00,-0.12,0.35,-0.22,0.00,0.08,7.95,0.00,0.38,2807.37,-0.01,-0.00,0.00,-0.03,-0.01,0.01,5.00
16008.00,-0.12,0.35,-0.21,0.00,0.08,1.66,0.00,0.38,-1258.09,-0.01,-0.00,0.00,-0.02,-0.00,0.00,6.00
16014.00,-0.12,0.35,-0.16,0.00,0.08,9.18,0.00,0.38,1253.42,-0.01,-0.00,0.00,-0.01,0.00,-0.00,7.00
16021.00,-0.12,0.35,-0.15,0.00,0.08,1.31,0.00,0.38,-1124.30,-0.01,-0.00,0.00,-0.00,0.00,-0.01,9.00
16030.00,-0.12,0.35,-0.17,0.00,0.08,-2.10,0.00,0.38,-378.56,-0.01,-0.00,0.00,0.01,0.01,-0.01,5.00
16035.00,-0.12,0.35,-0.24,0.00,0.08,-14.22,0.00,0.38,-2425.69,-0.01,-0.00,0.00,0.02,0.01,-0.01,8.00
16043.00,-0.12,0.35,-0.22,0.00,0.08,2.03,0.00,0.38,2031.65,-0.01,-0.00,0.00,0.03,0.00,-0.01,5.00
16048.00,-0.12,0.35,-0.22,0.00,0.08,0.02,0.00,0.38,-402.28,-0.01,-0.00,0.00,0.02,0.01,-0.01,6.00
16054.00,-0.12,0.35,-0.16,0.00,0.08,9.48,0.00,0.38,1577.25,-0.01,-0.00,0.00,0.02,0.01,-0.01,7.00
16066.00,-0.12,0.35,-0.14,0.00,0.08,1.84,0.00,0.38,-636.37,-0.01,-0.00,0.00,-0.00,0.01,-0.00,17.00
16083.00,-0.12,0.35,-0.15,0.00,0.08,-0.43,0.00,0.38,-133.52,-0.01,-0.00,0.00,-0.01,0.00,0.00,9.00
16092.00,-0.12,0.35,-0.16,0.00,0.08,-0.90,0.00,0.38,-53.19,-0.01,-0.00,0.00,0.00,0.00,0.01,5.00
16097.00,-0.12,0.35,-0.25,0.00,0.08,-17.97,0.00,0.38,-3412.97,-0.01,-0.00,0.00,0.00,-0.00,0.00,6.00
16103.00,-0.12,0.35,-0.19,0.00,0.08,9.49,0.00,0.38,4575.87,-0.01,-0.00,0.00,0.01,-0.00,0.00,8.00
16111.00,-0.12,0.35,-0.20,0.00,0.08,-1.08,0.00,0.38,-1320.45,-0.01,-0.00,0.00,0.01,-0.00,-0.01,8.00
16119.00,-0.12,0.35,-0.17,0.00,0.08,3.79,0.00,0.38,608.28,-0.01,-0.00,0.00,0.00,0.00,-0.01,5.00
16124.00,-0.12,0.35,-0.13,0.00,0.08,8.12,0.00,0.38,866.79,-0.01,-0.00,0.00,0.00,0.00,-0.01,8.00
16132.00,-0.12,0.35,-0.08,0.00,0.08,5.95,0.00,0.38,-271.00,-0.01,-0.00,0.00,0.00,0.01,-0.01,8.00
16140.00,-0.12,0.35,-0.16,0.00,0.08,-10.64,0.00,0.38,-2074.64,-0.01,-0.00,0.00,-0.00,0.01,0.00,6.00
16151.00,-0.12,0.35,-0.12,0.00,0.08,4.09,0.00,0.38,1339.22,-0.01,-0.00,0.00,-0.01,-0.00,0.01,7.00
16158.00,-0.12,0.35,-0.24,0.00,0.08,-17.29,0.00,0.38,-3053.61,-0.01,-0.00,0.00,-0.00,-0.00,0.01,6.00
16164.00,-0.12,0.35,-0.17,0.00,0.08,12.55,0.00,0.38,4972.49,-0.01,-0.00,0.00,-0.00,-0.00,0.01,18.00
16182.00,-0.12,0.35,-0.21,0.00,0.08,-2.55,0.00,0.38,-838.59,-0.01,-0.00,0.00,-0.01,-0.01,0.01,8.00
16190.00,-0.12,0.35,-0.18,0.00,0.08,3.77,0.00,0.38,789.93,-0.01,-0.00,0.00,-0.01,-0.01,0.00,6.00
16196.00,-0.11,0.36,-0.25,0.06,0.03,-11.38,0.28,-0.21,-2524.91,-0.01,-0.00,0.00,-0.01,-0.01,0.00,7.00
16203.00,-0.11,0.36,-0.19,0.06,0.03,8.65,0.28,-0.21,2860.51,-0.01,-0.00,0.00,-0.01,-0.02,-0.00,8.00
16211.00,-0.11,0.36,-0.23,0.06,0.03,-4.78,0.28,-0.21,-1678.86,-0.01,-0.00,0.00,-0.01,-0.01,0.00,7.00
16218.00,-0.11,0.36,-0.14,0.06,0.03,12.33,0.28,-0.21,2444.50,-0.01,-0.00,0.00,-0.00,-0.01,0.00,5.00
16223.00,-0.11,0.36,-0.19,0.06,0.03,-10.55,0.28,-0.21,-4576.31,-0.01,-0.00,0.00,-0.00,-0.01,0.00,9.00
16237.00,-0.11,0.36,-0.18,0.06,0.03,0.87,0.28,-0.21,815.72,-0.01,-0.00,0.00,-0.00,-0.00,0.00,7.00
16244.00,-0.11,0.36,-0.28,0.06,0.03,-13.74,0.28,-0.21,-2086.03,-0.01,-0.00,0.00,-0.01,0.00,-0.00,7.00
16251.00,-0.11,0.36,-0.11,0.06,0.03,24.07,0.28,-0.21,5401.12,-0.01,-0.00,0.00,-0.00,0.00,-0.00,7.00
16258.00,-0.11,0.36,-0.19,0.06,0.03,-11.56,0.28,-0.21,-5089.85,-0.01,-0.00,0.00,0.00,0.00,-0.00,5.00
16263.00,-0.11,0.36,-0.20,0.06,0.03,-1.83,0.28,-0.21,1946.02,-0.01,-0.00,0.00,0.00,0.00,-0.00,18.00
16281.00,-0.11,0.36,-0.16,0.06,0.03,2.20,0.28,-0.21,223.92,-0.01,-0.00,0.00,0.01,0.00,-0.00,8.00
16289.00,-0.11,0.36,-0.25,0.06,0.03,-11.23,0.28,-0.21,-1679.05,-0.01,-0.00,0.00,0.00,0.00,-0.01,5.00
16294.00,-0.11,0.36,-0.26,0.06,0.03,-2.10,0.28,-0.21,1825.99,-0.01,-0.00,0.00,0.00,0.00,-0.01,6.00
16300.00,-0.11,0.36,-0.27,0.06,0.03,-1.57,0.28,-0.21,88.57,-0.01,-0.00,0.00,-0.00,-0.00,-0.01,5.00
16305.00,-0.11,0.36,-0.26,0.06,0.03,2.67,0.28,-0.21,846.70,-0.01,-0.00,0.00,-0.00,-0.00,-0.01,8.00
16318.00,-0.11,0.36,-0.19,0.06,0.03,4.73,0.28,-0.21,158.38,-0.01,-0.00,0.00,0.00,0.00,-0.00,7.00
16325.00,-0.11,0.36,-0.16,0.06,0.03,5.47,0.28,-0.21,105.94,-0.01,-0.00,0.00,0.01,0.00,0.00,7.00
16332.00,-0.11,0.36,-0.14,0.06,0.03,2.47,0.28,-0.21,-428.60,-0.01,-0.00,0.00,0.00,0.00,0.01,8.00
16340.00,-0.11,0.36,-0.24,0.06,0.03,-12.14,0.28,-0.21,-1825.22,-0.01,-0.00,0.00,-0.00,0.00,0.01,5.00
16345.00,-0.11,0.36,-0.23,0.06,0.03,2.10,0.28,-0.21,2846.72,-0.01,-0.00,0.00,-0.00,0.00,0.01,7.00
16352.00,-0.11,0.36,-0.18,0.06,0.03,6.10,0.28,-0.21,571.52,-0.01,-0.00,0.00,-0.01,0.01,0.01,8.00
16360.00,-0.11,0.36,-0.30,0.06,0.03,-14.85,0.28,-0.21,-2618.49,-0.01,-0.00,0.00,-0.01,-0.00,0.00,15.00
16375.00,-0.11,0.36,-0.28,0.06,0.03,1.28,0.28,-0.21,1075.34,-0.01,-0.00,0.00,-0.01,-0.02,-0.00,8.00
16383.00,-0.11,0.36,-0.28,0.06,0.03,0.27,0.28,-0.21,-126.87,-0.01,-0.00,0.00,-0.01,-0.02,-0.01,8.00
16391.00,-0.11,0.36,-0.15,0.06,0.03,16.08,0.28,-0.21,1976.70,-0.01,-0.00,0.00,-0.01,-0.02,-0.00,6.00
16402.00,-0.10,0.36,-0.31,0.05,-0.00,-13.98,-0.01,-0.19,-2732.93,-0.01,-0.00,0.00,-0.01,-0.02,-0.00,8.00
16410.00,-0.10,0.36,-0.34,0.05,-0.00,-4.73,-0.01,-0.19,1156.08,-0.01,-0.00,0.00,-0.02,-0.01,0.01,6.00
16416.00,-0.10,0.36,-0.28,0.05,-0.00,10.17,-0.01,-0.19,2484.27,-0.01,-0.00,0.00,-0.02,-0.01,0.01,8.00
16424.00,-0.10,0.36,-0.13,0.05,-0.00,18.52,-0.01,-0.19,1043.31,-0.01,-0.00,0.00,-0.02,-0.01,0.01,8.00
16432.00,-0.10,0.36,-0.27,0.05,-0.00,-16.42,-0.01,-0.19,-4366.92,-0.01,-0.00,0.00,-0.01,-0.00,0.01,8.00
16440.00,-0.10,0.36,-0.39,0.05,-0.00,-14.98,-0.01,-0.19,179.71,-0.01,-0.00,0.00,-0.00,-0.00,0.01,5.00
16445.00,-0.10,0.36,-0.37,0.05,-0.00,2.65,-0.01,-0.19,3526.16,-0.01,-0.00,0.00,-0.00,-0.00,0.01,7.00
16452.00,-0.10,0.36,-0.32,0.05,-0.00,7.80,-0.01,-0.19,735.30,-0.01,-0.00,0.00,0.00,-0.00,0.01,7.00
16459.00,-0.10,0.36,-0.32,0.05,-0.00,-0.82,-0.01,-0.19,-1230.77,-0.01,-0.00,0.00,0.01,-0.00,0.00,6.00
16465.00,-0.10,0.36,-0.25,0.05,-0.00,12.11,-0.01,-0.19,2154.45,-0.01,-0.00,0.00,0.01,-0.00,0.00,7.00
16482.00,-0.10,0.36,-0.31,0.05,-0.00,-3.58,-0.01,-0.19,-923.00,-0.01,-0.00,0.00,-0.00,0.01,-0.00,19.00
16501.00,-0.10,0.36,-0.24,0.05,-0.00,3.71,-0.01,-0.19,383.49,-0.01,-0.00,0.00,0.00,-0.00,0.00,6.00
16507.00,-0.10,0.36,-0.39,0.05,-0.00,-24.87,-0.01,-0.19,-4762.17,-0.01,-0.00,0.00,0.00,-0.00,0.00,6.00
16513.00,-0.10,0.36,-0.30,0.05,-0.00,15.60,-0.01,-0.19,6744.34,-0.01,-0.00,0.00,0.00,-0.00,0.00,9.00
16522.00,-0.10,0.36,-0.23,0.05,-0.00,7.19,-0.01,-0.19,-934.29,-0.01,-0.00,0.00,0.00,0.00,0.01,8.00
16530.00,-0.10,0.36,-0.34,0.05,-0.00,-13.49,-0.01,-0.19,-2585.39,-0.01,-0.00,0.00,-0.00,-0.00,0.01,6.00
16536.00,-0.10,0.36,-0.28,0.05,-0.00,10.73,-0.01,-0.19,4037.97,-0.01,-0.00,0.00,-0.00,-0.00,0.01,7.00
16543.00,-0.10,0.36,-0.42,0.05,-0.00,-20.89,-0.01,-0.19,-4517.13,-0.01,-0.00,0.00,-0.00,-0.00,0.00,6.00
16549.00,-0.10,0.36,-0.39,0.05,-0.00,5.14,-0.01,-0.19,4338.29,-0.01,-0.00,0.00,-0.01,-0.00,0.00,6.00
16555.00,-0.10,0.36,-0.28,0.05,-0.00,18.21,-0.01,-0.19,2177.92,-0.01,-0.00,0.00,-0.01,-0.00,0.00,8.00
16568.00,-0.10,0.36,-0.32,0.05,-0.00,-2.74,-0.01,-0.19,-1611.32,-0.01,-0.00,0.00,0.00,-0.00,0.00,17.00
16585.00,-0.10,0.36,-0.34,0.05,-0.00,-1.10,-0.01,-0.19,96.37,-0.01,-0.00,0.00,0.01,-0.00,0.00,9.00
16594.00,-0.10,0.36,-0.30,0.05,-0.00,4.17,-0.01,-0.19,584.73,-0.01,-0.00,0.00,0.00,0.00,0.00,5.00
16599.00,-0.10,0.36,-0.41,0.05,-0.00,-21.42,-0.01,-0.19,-5116.54,-0.01,-0.00,0.00,0.00,0.00,0.00,6.00
16605.00,-0.10,0.38,-0.28,0.00,0.08,20.21,-0.27,0.39,6937.11,-0.01,-0.00,0.00,0.01,0.01,0.00,8.00
16613.00,-0.10,0.38,-0.32,0.00,0.08,-4.28,-0.27,0.39,-3061.19,-0.01,-0.00,0.00,0.01,0.01,0.00,8.00
16621.00,-0.10,0.38,-0.27,0.00,0.08,6.39,-0.27,0.39,1333.81,-0.01,-0.00,0.00,0.01,0.01,0.00,5.00
16626.00,-0.10,0.38,-0.30,0.00,0.08,-6.33,-0.27,0.39,-2543.15,-0.01,-0.00,0.00,0.01,0.01,0.00,8.00
16634.00,-0.10,0.38,-0.31,0.00,0.08,-1.04,-0.27,0.39,661.29,-0.01,-0.00,0.00,0.01,0.00,-0.00,8.00
16642.00,-0.10,0.38,-0.32,0.00,0.08,-1.78,-0.27,0.39,-92.35,-0.01,-0.00,0.00,0.01,0.01,-0.00,6.00
16653.00,-0.10,0.38,-0.19,0.00,0.08,11.96,-0.27,0.39,1248.61,-0.01,-0.00,0.00,0.00,0.00,-0.00,7.00
16660.00,-0.10,0.38,-0.27,0.00,0.08,-10.94,-0.27,0.39,-3271.34,-0.01,-0.00,0.00,0.00,-0.00,0.00,5.00
16665.00,-0.10,0.38,-0.30,0.00,0.08,-7.51,-0.27,0.39,686.26,-0.01,-0.00,0.00,0.00,-0.00,0.00,18.00
16683.00,-0.10,0.38,-0.31,0.00,0.08,-0.32,-0.27,0.39,399.65,-0.01,-0.00,0.00,-0.00,-0.00,0.00,8.00
16691.00,-0.10,0.38,-0.30,0.00,0.08,0.89,-0.27,0.39,151.29,-0.01,-0.00,0.00,-0.00,-0.00,0.00,5.00
16696.00,-0.10,0.38,-0.22,0.00,0.08,16.85,-0.27,0.39,3192.28,-0.01,-0.00,0.00,-0.00,-0.00,0.00,7.00
16703.00,-0.10,0.38,-0.29,0.00,0.08,-10.11,-0.27,0.39,-3851.67,-0.01,-0.00,0.00,-0.00,0.01,0.01,8.00
16711.00,-0.10,0.38,-0.24,0.00,0.08,6.53,-0.27,0.39,2079.75,-0.01,-0.00,0.00,-0.00,0.01,0.00,6.00
16717.00,-0.10,0.38,-0.30,0.00,0.08,-10.98,-0.27,0.39,-2919.00,-0.01,-0.00,0.00,0.00,0.01,0.00,7.00
16724.00,-0.10,0.38,-0.29,0.00,0.08,1.28,-0.27,0.39,1751.76,-0.01,-0.00,0.00,0.00,0.00,-0.00,7.00
16736.00,-0.10,0.38,-0.32,0.00,0.08,-2.30,-0.27,0.39,-298.22,-0.01,-0.00,0.00,0.01,0.00,-0.00,9.00
16745.00,-0.10,0.38,-0.28,0.00,0.08,4.17,-0.27,0.39,719.25,-0.01,-0.00,0.00,0.01,0.01,-0.00,7.00
16752.00,-0.10,0.38,-0.29,0.00,0.08,-0.79,-0.27,0.39,-709.11,-0.01,-0.00,0.00,0.01,0.01,0.00,6.00
16758.00,-0.10,0.38,-0.22,0.00,0.08,12.07,-0.27,0.39,2143.70,-0.01,-0.00,0.00,0.01,0.01,0.00,6.00
16764.00,-0.10,0.38,-0.14,0.00,0.08,12.48,-0.27,0.39,67.46,-0.01,-0.00,0.00,0.01,0.00,0.00,19.00
16783.00,-0.10,0.38,-0.20,0.00,0.08,-2.88,-0.27,0.39,-808.49,-0.01,-0.00,0.00,-0.00,0.00,0.00,7.00
16790.00,-0.10,0.38,-0.31,0.00,0.08,-15.45,-0.27,0.39,-1794.45,-0.01,-0.00,0.00,-0.00,-0.01,0.00,6.00
16796.00,-0.10,0.38,-0.28,0.00,0.08,4.68,-0.27,0.39,3354.74,-0.01,-0.00,0.00,-0.00,-0.01,0.00,6.00
16802.00,-0.10,0.38,-0.34,0.00,0.08,-11.27,-0.27,0.39,-2659.16,-0.01,-0.00,0.00,-0.00,0.00,0.00,5.00
16807.00,-0.10,0.38,-0.31,0.00,0.00,6.61,0.00,-0.37,3577.00,-0.01,-0.00,0.00,0.00,-0.00,0.00,8.00
16820.00,-0.10,0.38,-0.16,0.00,0.00,12.03,0.00,-0.37,416.44,-0.01,-0.00,0.00,0.00,0.00,0.00,4.00
16824.00,-0.10,0.38,-0.17,0.00,0.00,-4.16,0.00,-0.37,-4047.74,-0.01,-0.00,0.00,0.00,-0.00,0.00,7.00
16831.00,-0.10,0.38,-0.17,0.00,0.00,0.10,0.00,-0.37,609.56,-0.01,-0.00,0.00,-0.00,0.00,-0.00,5.00
16836.00,-0.10,0.38,-0.12,0.00,0.00,9.76,0.00,-0.37,1931.82,-0.01,-0.00,0.00,0.00,0.00,-0.00,9.00
16845.00,-0.10,0.38,-0.26,0.00,0.00,-15.25,0.00,-0.37,-2779.16,-0.01,-0.00,0.00,0.00,0.00,0.00,5.00
16850.00,-0.10,0.38,-0.17,0.00,0.00,17.47,0.00,-0.37,6544.21,-0.01,-0.00,0.00,-0.00,-0.00,0.00,6.00
16856.00,-0.10,0.38,-0.25,0.00,0.00,-12.21,0.00,-0.37,-4946.33,-0.01,-0.00,0.00,-0.00,-0.00,0.00,8.00
16864.00,-0.10,0.38,-0.17,0.00,0.00,9.42,0.00,-0.37,2703.63,-0.01,-0.00,0.00,-0.00,-0.00,0.00,17.00
16881.00,-0.10,0.38,-0.14,0.00,0.00,2.00,0.00,-0.37,-436.35,-0.01,-0.00,0.00,-0.01,-0.01,0.00,6.00
16887.00,-0.10,0.38,-0.13,0.00,0.00,1.51,0.00,-0.37,-82.82,-0.01,-0.00,0.00,-0.01,-0.01,0.00,7.00
16899.00,-0.10,0.38,-0.23,0.00,0.00,-8.34,0.00,-0.37,-820.53,-0.01,-0.00,0.00,-0.01,-0.00,0.01,7.00
16906.00,-0.10,0.38,-0.12,0.00,0.00,15.63,0.00,-0.37,3424.17,-0.01,-0.00,0.00,-0.01,-0.01,0.01,8.00
16914.00,-0.10,0.38,-0.21,0.00,0.00,-12.10,0.00,-0.37,-3466.10,-0.01,-0.00,0.00,-0.01,-0.01,0.01,8.00
16922.00,-0.10,0.38,-0.27,0.00,0.00,-6.39,0.00,-0.37,713.43,-0.01,-0.00,0.00,-0.01,-0.01,0.00,5.00
16927.00,-0.10,0.38,-0.35,0.00,0.00,-16.36,0.00,-0.37,-1993.76,-0.01,-0.00,0.00,-0.01,-0.01,0.00,8.00
16935.00,-0.10,0.38,-0.18,0.00,0.00,20.49,0.00,-0.37,4606.69,-0.01,-0.00,0.00,-0.01,-0.01,0.00,8.00
16943.00,-0.10,0.38,-0.20,0.00,0.00,-2.19,0.00,-0.37,-2835.86,-0.01,-0.00,0.00,-0.00,-0.01,0.00,6.00
16949.00,-0.10,0.38,-0.15,0.00,0.00,9.14,0.00,-0.37,1889.77,-0.01,-0.00,0.00,0.00,-0.01,0.00,6.00
16955.00,-0.10,0.38,-0.16,0.00,0.00,-2.38,0.00,-0.37,-1920.39,-0.01,-0.00,0.00,0.00,-0.01,0.00,19.00
16974.00,-0.10,0.38,-0.15,0.00,0.00,0.75,0.00,-0.37,164.69,-0.01,-0.00,0.00,0.00,0.00,-0.01,9.00
16988.00,-0.10,0.38,-0.23,0.00,0.00,-5.90,0.00,-0.37,-475.01,-0.01,-0.00,0.00,0.00,0.01,-0.00,8.00
16996.00,-0.10,0.38,-0.18,0.00,0.00,5.93,0.00,-0.37,1478.95,-0.01,-0.00,0.00,0.00,0.00,-0.00,5.00
17001.00,-0.10,0.38,-0.26,0.00,0.00,-14.87,0.00,-0.37,-4160.67,-0.01,-0.00,0.00,0.00,0.00,0.00,6.00
17007.00,-0.09,0.38,-0.27,0.06,0.03,-2.70,0.28,0.17,2028.48,-0.01,-0.00,0.00,0.00,0.00,0.00,7.00
17014.00,-0.09,0.38,-0.35,0.06,0.03,-11.59,0.28,0.17,-1269.64,-0.01,-0.00,0.00,0.01,-0.00,0.00,9.00
17023.00,-0.09,0.38,-0.30,0.06,0.03,6.35,0.28,0.17,1992.64,-0.01,-0.00,0.00,0.00,0.00,-0.00,5.00
17028.00,-0.09,0.38,-0.34,0.06,0.03,-9.48,0.28,0.17,-3165.23,-0.01,-0.00,0.00,0.00,0.00,-0.00,8.00
17036.00,-0.09,0.38,-0.37,0.06,0.03,-2.79,0.28,0.17,836.72,-0.01,-0.00,0.00,0.00,0.01,-0.00,8.00
17044.00,-0.09,0.38,-0.32,0.06,0.03,5.59,0.28,0.17,1047.20,-0.01,-0.00,0.00,0.00,0.01,-0.00,6.00
17050.00,-0.09,0.38,-0.32,0.06,0.03,-0.20,0.28,0.17,-964.88,-0.01,-0.00,0.00,0.00,0.01,-0.00,6.00
17061.00,-0.09,0.38,-0.23,0.06,0.03,8.01,0.28,0.17,746.42,-0.01,-0.00,0.00,0.01,0.01,-0.01,16.00
17077.00,-0.09,0.38,-0.34,0.06,0.03,-6.81,0.28,0.17,-926.35,-0.01,-0.00,0.00,0.02,0.01,-0.01,8.00
17085.00,-0.09,0.38,-0.32,0.06,0.03,2.91,0.28,0.17,1214.91,-0.01,-0.00,0.00,0.02,0.01,-0.01,8.00
17093.00,-0.09,0.38,-0.19,0.06,0.03,15.87,0.28,0.17,1619.67,-0.01,-0.00,0.00,0.02,0.01,-0.01,6.00
17099.00,-0.09,0.38,-0.18,0.06,0.03,1.43,0.28,0.17,-2406.52,-0.01,-0.00,0.00,0.02,0.01,-0.01,6.00
17105.00,-0.09,0.38,-0.30,0.06,0.03,-18.85,0.28,0.17,-3379.01,-0.01,-0.00,0.00,0.02,0.02,-0.01,10.00
17115.00,-0.09,0.38,-0.28,0.06,0.03,1.62,0.28,0.17,2046.10,-0.01,-0.00,0.00,0.03,0.02,-0.01,7.00
17122.00,-0.09,0.38,-0.30,0.06,0.03,-2.77,0.28,0.17,-627.16,-0.01,-0.00,0.00,0.04,0.04,-0.01,6.00
17128.00,-0.09,0.38,-0.30,0.06,0.03,0.62,0.28,0.17,565.92,-0.01,-0.00,0.00,0.05,0.04,-0.01,7.00
17135.00,-0.09,0.38,-0.26,0.06,0.03,4.72,0.28,0.17,586.24,-0.01,-0.00,0.00,0.06,0.05,-0.01,7.00
17152.00,-0.09,0.38,-0.27,0.06,0.03,-0.22,0.28,0.17,-291.07,-0.00,-0.00,0.00,0.05,0.05,-0.01,6.00
17158.00,-0.09,0.38,-0.22,0.06,0.03,7.58,0.28,0.17,1299.91,-0.00,-0.00,0.00,0.05,0.05,-0.01,6.00
17164.00,-0.09,0.38,-0.26,0.06,0.03,-5.76,0.28,0.17,-2223.42,-0.00,-0.00,0.00,0.03,0.02,0.01,17.00
17181.00,-0.09,0.38,-0.24,0.06,0.03,0.95,0.28,0.17,394.84,-0.00,-0.00,0.00,-0.03,-0.06,0.03,6.00
17187.00,-0.09,0.38,-0.26,0.06,0.03,-3.42,0.28,0.17,-727.70,-0.01,-0.00,0.00,-0.05,-0.06,0.02,8.00
17195.00,-0.09,0.38,-0.28,0.06,0.03,-2.81,0.28,0.17,75.45,-0.01,-0.00,0.00,-0.09,-0.07,0.02,6.00
17201.00,-0.09,0.38,-0.17,0.06,0.03,19.26,0.28,0.17,3678.41,-0.01,-0.00,0.00,-0.07,-0.06,0.01,5.00
17206.00,-0.09,0.38,-0.25,0.06,0.03,-17.02,0.28,0.17,-7254.65,-0.01,-0.00,0.00,-0.06,-0.05,0.01,6.00
17212.00,-0.09,0.39,-0.20,0.00,0.04,9.59,-0.27,0.02,4434.66,-0.01,-0.00,0.00,-0.07,-0.04,0.01,5.00
17217.00,-0.09,0.39,-0.29,0.00,0.04,-19.31,-0.27,0.02,-5779.87,-0.01,-0.00,0.00,-0.07,-0.04,0.01,8.00
17230.00,-0.09,0.39,-0.11,0.00,0.04,14.06,-0.27,0.02,2566.81,-0.01,-0.00,0.00,-0.02,0.01,0.01,7.00
17237.00,-0.09,0.39,-0.19,0.00,0.04,-11.19,-0.27,0.02,-3607.53,-0.01,-0.00,0.00,0.01,0.02,0.01,8.00
17245.00,-0.09,0.39,-0.19,0.00,0.04,0.18,-0.27,0.02,1421.80,-0.01,-0.00,0.00,0.04,0.02,-0.00,6.00
17251.00,-0.09,0.39,-0.26,0.00,0.04,-11.98,-0.27,0.02,-2026.40,-0.01,-0.00,0.00,0.05,0.02,-0.00,5.00
17256.00,-0.09,0.39,-0.19,0.00,0.04,12.97,-0.27,0.02,4988.71,-0.01,-0.00,0.00,0.06,0.02,-0.00,6.00
17262.00,-0.09,0.39,-0.18,0.00,0.04,1.90,-0.27,0.02,-1844.17,-0.01,-0.00,0.00,0.05,0.03,-0.01,5.00
17267.00,-0.09,0.39,-0.12,0.00,0.04,12.66,-0.27,0.02,2150.75,-0.01,-0.00,0.00,0.05,0.03,-0.01,18.00
17285.00,-0.09,0.39,-0.15,0.00,0.04,-1.83,-0.27,0.02,-804.52,-0.01,-0.00,0.00,0.02,0.03,0.00,9.00
17294.00,-0.09,0.39,-0.19,0.00,0.04,-4.54,-0.27,0.02,-302.04,-0.01,-0.00,0.00,0.02,0.03,0.00,5.00
17299.00,-0.09,0.39,-0.25,0.00,0.04,-11.74,-0.27,0.02,-1439.20,-0.01,-0.00,0.00,0.02,0.03,0.00,6.00
17310.00,-0.09,0.39,-0.09,0.00,0.04,14.32,-0.27,0.02,2368.79,-0.01,-0.00,0.00,0.03,0.01,0.00,6.00
17316.00,-0.09,0.39,-0.26,0.00,0.04,-28.39,-0.27,0.02,-7118.05,-0.00,-0.00,0.00,0.03,0.01,-0.01,9.00
17325.00,-0.09,0.39,-0.18,0.00,0.04,9.65,-0.27,0.02,4227.41,-0.00,-0.00,0.00,0.03,0.01,-0.01,7.00
17332.00,-0.09,0.39,-0.23,0.00,0.04,-8.20,-0.27,0.02,-2550.24,-0.00,-0.00,0.00,0.01,0.01,-0.01,5.00
17337.00,-0.09,0.39,-0.27,0.00,0.04,-7.83,-0.27,0.02,73.03,-0.00,-0.00,0.00,0.01,0.01,-0.01,9.00
17346.00,-0.09,0.39,-0.24,0.00,0.04,3.64,-0.27,0.02,1274.16,-0.00,-0.00,0.00,-0.00,0.01,-0.01,5.00
17351.00,-0.09,0.39,-0.22,0.00,0.04,4.16,-0.27,0.02,104.29,-0.00,-0.00,0.00,-0.01,-0.00,-0.00,7.00
17358.00,-0.09,0.39,-0.21,0.00,0.04,2.03,-0.27,0.02,-303.54,-0.00,-0.00,0.00,-0.01,-0.00,-0.00,7.00
17365.00,-0.09,0.39,-0.24,0.00,0.04,-5.53,-0.27,0.02,-1079.70,-0.00,-0.00,0.00,-0.01,-0.01,0.00,18.00
17383.00,-0.09,0.39,-0.24,0.00,0.04,0.27,-0.27,0.02,321.75,-0.00,-0.00,0.00,0.00,-0.01,0.00,6.00
17394.00,-0.09,0.39,-0.24,0.00,0.04,0.34,-0.27,0.02,6.74,-0.00,-0.00,0.00,-0.00,-0.01,0.01,6.00
17400.00,-0.09,0.39,-0.19,0.00,0.04,8.20,-0.27,0.02,1309.64,-0.00,-0.00,0.00,-0.00,-0.01,0.00,7.00
17407.00,-0.09,0.39,-0.21,0.00,0.04,-3.24,-0.27,0.02,-1634.58,-0.00,-0.00,0.00,-0.01,-0.00,0.00,9.00
17416.00,-0.08,0.39,-0.16,0.05,-0.00,5.78,0.27,-0.21,1002.85,-0.00,-0.00,0.00,-0.01,0.00,-0.00,7.00
17423.00,-0.08,0.39,-0.24,0.05,-0.00,-11.73,0.27,-0.21,-2500.91,-0.00,-0.00,0.00,0.00,0.01,0.00,6.00
17429.00,-0.08,0.39,-0.16,0.05,-0.00,13.15,0.27,-0.21,4145.85,-0.00,-0.00,0.00,0.01,0.01,0.00,7.00
17436.00,-0.08,0.39,-0.24,0.05,-0.00,-11.55,0.27,-0.21,-3529.24,-0.00,-0.00,0.00,0.01,0.00,0.00,9.00
17445.00,-0.08,0.39,-0.18,0.05,-0.00,6.36,0.27,-0.21,1991.01,-0.00,-0.00,0.00,0.01,0.00,0.00,5.00
17450.00,-0.08,0.39,-0.15,0.05,-0.00,7.68,0.27,-0.21,263.91,-0.00,-0.00,0.00,0.01,0.01,0.00,7.00
17457.00,-0.08,0.39,-0.22,0.05,-0.00,-10.22,0.27,-0.21,-2557.76,-0.00,-0.00,0.00,0.00,0.01,0.00,8.00
17470.00,-0.08,0.39,-0.24,0.05,-0.00,-1.93,0.27,-0.21,637.83,-0.00,-0.00,0.00,-0.00,0.00,0.00,18.00
17488.00,-0.08,0.39,-0.21,0.05,-0.00,1.85,0.27,-0.21,209.76,-0.00,-0.00,0.00,0.01,-0.00,-0.00,9.00
17497.00,-0.08,0.39,-0.28,0.05,-0.00,-8.10,0.27,-0.21,-1105.40,-0.00,-0.00,0.00,0.00,-0.01,-0.00,5.00
17502.00,-0.08,0.39,-0.13,0.05,-0.00,30.21,0.27,-0.21,7662.12,-0.00,-0.00,0.00,-0.00,-0.00,-0.00,6.00
17508.00,-0.08,0.39,-0.23,0.05,-0.00,-16.43,0.27,-0.21,-7772.59,-0.00,-0.00,0.00,-0.01,0.00,0.00,8.00
17516.00,-0.08,0.39,-0.17,0.05,-0.00,7.55,0.27,-0.21,2997.47,-0.00,-0.00,0.00,-0.01,-0.00,0.01,8.00
17524.00,-0.08,0.39,-0.20,0.05,-0.00,-3.46,0.27,-0.21,-1376.38,-0.00,-0.00,0.00,-0.00,-0.00,0.01,5.00
17529.00,-0.08,0.39,-0.21,0.05,-0.00,-2.40,0.27,-0.21,211.39,-0.00,-0.00,0.00,-0.00,0.00,0.01,8.00
17537.00,-0.08,0.39,-0.22,0.05,-0.00,-1.84,0.27,-0.21,69.89,-0.00,-0.00,0.00,0.00,0.00,0.01,8.00
17545.00,-0.08,0.39,-0.18,0.05,-0.00,5.20,0.27,-0.21,880.08,-0.00,-0.00,0.00,0.00,-0.00,0.00,6.00
17556.00,-0.08,0.39,-0.24,0.05,-0.00,-5.07,0.27,-0.21,-933.74,-0.00,-0.00,0.00,0.00,-0.00,-0.00,8.00
17564.00,-0.08,0.39,-0.30,0.05,-0.00,-8.10,0.27,-0.21,-378.57,-0.00,-0.00,0.00,-0.00,-0.00,0.00,6.00
17570.00,-0.08,0.39,-0.20,0.05,-0.00,16.85,0.27,-0.21,4159.10,-0.00,-0.00,0.00,-0.00,-0.00,0.00,17.00
17587.00,-0.08,0.39,-0.25,0.05,-0.00,-2.76,0.27,-0.21,-1154.04,-0.00,-0.00,0.00,-0.01,0.00,0.00,9.00
17596.00,-0.08,0.39,-0.19,0.05,-0.00,6.17,0.27,-0.21,992.41,-0.00,-0.00,0.00,0.01,-0.01,0.01,5.00
17601.00,-0.08,0.39,-0.26,0.05,-0.00,-13.97,0.27,-0.21,-4026.69,-0.00,-0.00,0.00,0.01,-0.00,0.00,7.00
17608.00,-0.08,0.39,-0.23,0.05,-0.00,5.23,0.27,-0.21,2742.85,-0.00,-0.00,0.00,0.01,-0.00,0.00,8.00
17616.00,-0.08,0.39,-0.10,0.00,0.00,16.27,-0.27,0.02,1379.28,-0.00,-0.00,0.00,0.00,0.00,-0.00,7.00
17623.00,-0.08,0.39,-0.17,0.00,0.00,-9.91,-0.27,0.02,-3739.20,-0.00,-0.00,0.00,-0.00,0.01,-0.00,5.00
17628.00,-0.08,0.39,-0.13,0.00,0.00,7.17,-0.27,0.02,3415.91,-0.00,-0.00,0.00,-0.00,0.01,-0.00,9.00
17641.00,-0.08,0.39,-0.23,0.00,0.00,-7.71,-0.27,0.02,-1144.95,-0.00,-0.00,0.00,0.00,0.00,-0.00,9.00
17650.00,-0.08,0.39,-0.15,0.00,0.00,8.86,-0.27,0.02,1841.05,-0.00,-0.00,0.00,-0.00,0.00,0.00,6.00
17656.00,-0.08,0.39,-0.11,0.00,0.00,7.25,-0.27,0.02,-268.16,-0.00,-0.00,0.00,-0.00,-0.00,0.00,8.00
17664.00,-0.08,0.39,-0.17,0.00,0.00,-8.29,-0.27,0.02,-1943.00,-0.00,-0.00,0.00,-0.00,-0.01,0.01,5.00
17669.00,-0.08,0.39,-0.25,0.00,0.00,-15.29,-0.27,0.02,-1399.71,-0.00,-0.00,0.00,-0.00,-0.01,0.01,18.00
17687.00,-0.08,0.39,-0.16,0.00,0.00,4.88,-0.27,0.02,1120.69,-0.00,-0.00,0.00,-0.01,-0.01,0.01,9.00
17696.00,-0.08,0.39,-0.22,0.00,0.00,-6.89,-0.27,0.02,-1307.41,-0.00,-0.00,0.00,-0.02,-0.01,0.01,5.00
17701.00,-0.08,0.39,-0.23,0.00,0.00,-0.35,-0.27,0.02,1308.31,-0.01,-0.00,0.00,-0.01,-0.01,0.01,7.00
17708.00,-0.08,0.39,-0.26,0.00,0.00,-5.10,-0.27,0.02,-679.68,-0.01,-0.00,0.00,-0.01,-0.00,0.01,8.00
17716.00,-0.08,0.39,-0.25,0.00,0.00,1.31,-0.27,0.02,801.52,-0.01,-0.00,0.00,0.01,0.01,0.00,7.00
17727.00,-0.08,0.39,-0.12,0.00,0.00,12.17,-0.27,0.02,987.74,-0.00,-0.00,0.00,0.02,0.02,-0.01,10.00
17737.00,-0.08,0.39,-0.29,0.00,0.00,-17.11,-0.27,0.02,-2928.62,-0.00,-0.00,0.00,0.02,0.02,-0.01,8.00
17745.00,-0.08,0.39,-0.34,0.00,0.00,-6.80,-0.27,0.02,1288.72,-0.00,-0.00,0.00,0.02,0.02,-0.02,6.00
17751.00,-0.08,0.39,-0.25,0.00,0.00,15.62,-0.27,0.02,3736.80,-0.00,-0.00,0.00,0.02,0.02,-0.02,5.00
17756.00,-0.08,0.39,-0.24,0.00,0.00,1.08,-0.27,0.02,-2908.11,-0.00,-0.00,0.00,0.03,0.02,-0.01,6.00
17762.00,-0.08,0.39,-0.18,0.00,0.00,10.18,-0.27,0.02,1517.84,-0.00,-0.00,0.00,0.02,0.02,-0.01,6.00
17768.00,-0.08,0.39,-0.21,0.00,0.00,-5.41,-0.27,0.02,-2599.46,-0.00,-0.00,0.00,0.02,0.01,-0.00,17.00
17785.00,-0.08,0.39,-0.21,0.00,0.00,0.40,-0.27,0.02,342.04,-0.00,-0.00,0.00,0.01,-0.00,0.02,6.00
17791.00,-0.08,0.39,-0.24,0.00,0.00,-4.91,-0.27,0.02,-885.70,-0.00,-0.00,0.00,-0.00,-0.00,0.02,7.00
17798.00,-0.08,0.39,-0.25,0.00,0.00,-1.58,-0.27,0.02,476.13,-0.00,-0.00,0.00,-0.00,-0.00,0.02,6.00
17808.00,-0.08,0.39,-0.20,0.00,0.00,5.08,-0.27,0.02,665.91,-0.00,-0.00,0.00,0.00,0.00,0.00,10.00
17818.00,-0.08,0.40,-0.23,0.00,0.08,-3.19,0.00,0.38,-826.94,-0.00,-0.00,0.00,0.01,0.01,-0.00,8.00
17826.00,-0.08,0.40,-0.17,0.00,0.08,7.58,0.00,0.38,1345.82,-0.00,-0.00,0.00,0.00,0.01,-0.01,7.00
17833.00,-0.08,0.40,-0.22,0.00,0.08,-7.50,0.00,0.38,-2153.84,-0.00,-0.00,0.00,0.01,0.01,-0.01,6.00
17839.00,-0.08,0.40,-0.27,0.00,0.08,-7.99,0.00,0.38,-80.93,-0.00,-0.00,0.00,0.01,0.01,-0.01,9.00
17848.00,-0.08,0.40,-0.23,0.00,0.08,3.85,0.00,0.38,1315.32,-0.00,-0.00,0.00,0.00,0.01,-0.00,5.00
17853.00,-0.08,0.40,-0.33,0.00,0.08,-18.62,0.00,0.38,-4494.07,-0.00,-0.00,0.00,-0.00,-0.00,0.01,6.00
17859.00,-0.08,0.40,-0.22,0.00,0.08,18.27,0.00,0.38,6147.49,-0.00,-0.00,0.00,-0.00,-0.01,0.01,8.00
17867.00,-0.08,0.40,-0.31,0.00,0.08,-11.89,0.00,0.38,-3769.64,-0.00,-0.00,0.00,-0.01,-0.01,0.02,17.00
17884.00,-0.08,0.40,-0.23,0.00,0.08,5.04,0.00,0.38,995.77,-0.00,-0.00,0.00,0.01,-0.01,0.01,6.00
17899.00,-0.08,0.40,-0.25,0.00,0.08,-1.39,0.00,0.38,-428.69,-0.00,-0.00,0.00,0.01,0.00,0.00,7.00
17906.00,-0.08,0.40,-0.26,0.00,0.08,-1.20,0.00,0.38,27.33,-0.00,-0.00,0.00,0.00,0.00,-0.00,7.00
17913.00,-0.08,0.40,-0.28,0.00,0.08,-3.51,0.00,0.38,-330.32,-0.00,-0.00,0.00,0.00,0.01,-0.01,7.00
17920.00,-0.08,0.40,-0.23,0.00,0.08,6.62,0.00,0.38,1448.09,-0.00,-0.00,0.00,0.00,0.01,-0.01,7.00
17927.00,-0.08,0.40,-0.16,0.00,0.08,9.99,0.00,0.38,480.50,-0.00,-0.00,0.00,0.00,0.01,-0.01,8.00
17935.00,-0.08,0.40,-0.24,0.00,0.08,-9.72,0.00,0.38,-2463.66,-0.00,-0.00,0.00,-0.01,-0.00,0.00,6.00
17941.00,-0.08,0.40,-0.20,0.00,0.08,7.33,0.00,0.38,2842.81,-0.00,-0.00,0.00,-0.01,-0.00,0.00,8.00
17949.00,-0.08,0.40,-0.28,0.00,0.08,-10.71,0.00,0.38,-2256.01,-0.00,-0.00,0.00,-0.00,-0.01,0.01,6.00
17955.00,-0.08,0.40,-0.21,0.00,0.08,12.04,0.00,0.38,3792.20,-0.00,-0.00,0.00,0.00,-0.02,0.01,5.00
17960.00,-0.08,0.40,-0.14,0.00,0.08,15.12,0.00,0.38,615.26,-0.00,-0.00,0.00,0.00,0.00,0.00,4.00
17969.00,-0.08,0.40,-0.12,0.00,0.08,2.00,0.00,0.38,-1457.23,-0.00,-0.00,0.00,0.00,-0.01,0.01,19.00
17988.00,-0.08,0.40,-0.28,0.00,0.08,-8.36,0.00,0.38,-545.21,-0.00,-0.00,0.00,-0.01,0.01,0.00,8.00
17996.00,-0.08,0.40,-0.25,0.00,0.08,3.77,0.00,0.38,1516.05,-0.00,-0.00,0.00,-0.00,-0.00,0.00,5.00
18001.00,-0.08,0.40,-0.15,0.00,0.08,19.62,0.00,0.38,3170.44,-0.00,-0.00,0.00,0.00,0.00,0.00,8.00
18009.00,-0.08,0.40,-0.28,0.00,0.08,-16.76,0.00,0.38,-4547.73,-0.00,-0.00,0.00,0.01,0.00,0.00,8.00
18017.00,-0.08,0.40,-0.13,0.00,0.08,18.81,0.00,0.38,4446.19,-0.00,-0.00,0.00,0.00,0.00,0.00,8.00
18025.00,-0.08,0.40,-0.19,0.00,0.00,-7.51,0.00,-0.37,-3289.60,-0.00,-0.00,0.00,0.00,-0.00,0.00,5.00
18030.00,-0.08,0.40,-0.16,0.00,0.00,5.87,0.00,-0.37,2675.89,-0.00,-0.00,0.01,0.00,-0.00,0.00,9.00
18039.00,-0.08,0.40,-0.24,0.00,0.00,-8.48,0.00,-0.37,-1594.60,-0.00,-0.00,0.01,-0.00,-0.01,0.00,8.00
18047.00,-0.08,0.40,-0.26,0.00,0.00,-2.88,0.00,-0.37,699.64,-0.00,-0.00,0.01,-0.00,-0.00,0.00,6.00
18057.00,-0.08,0.40,-0.19,0.00,0.00,7.24,0.00,-0.37,1012.42,-0.00,-0.00,0.01,-0.01,-0.01,0.00,19.00
18076.00,-0.08,0.40,-0.22,0.00,0.00,-1.80,0.00,-0.37,-476.02,-0.00,-0.00,0.01,0.00,-0.01,0.00,6.00
18082.00,-0.08,0.40,-0.17,0.00,0.00,9.49,0.00,-0.37,1882.55,-0.00,-0.00,0.01,0.00,-0.01,0.00,6.00
18088.00,-0.08,0.40,-0.27,0.00,0.00,-17.84,0.00,-0.37,-4555.85,-0.00,-0.00,0.01,0.00,-0.01,0.00,10.00
18098.00,-0.08,0.40,-0.28,0.00,0.00,-0.95,0.00,-0.37,1689.10,-0.00,-0.00,0.01,-0.01,-0.01,-0.00,5.00
18103.00,-0.08,0.40,-0.27,0.00,0.00,1.89,0.00,-0.37,567.66,-0.00,-0.00,0.01,-0.01,-0.01,0.00,7.00
18110.00,-0.08,0.40,-0.32,0.00,0.00,-6.25,0.00,-0.37,-1163.05,-0.00,-0.00,0.01,-0.02,-0.01,0.00,8.00
18118.00,-0.08,0.40,-0.26,0.00,0.00,7.06,0.00,-0.37,1664.29,-0.00,-0.00,0.01,-0.01,-0.01,0.00,7.00
18125.00,-0.08,0.40,-0.31,0.00,0.00,-7.51,0.00,-0.37,-2081.49,-0.00,-0.00,0.01,-0.01,-0.01,-0.00,5.00
18130.00,-0.08,0.40,-0.20,0.00,0.00,23.81,0.00,-0.37,6263.70,-0.00,-0.00,0.01,-0.01,-0.01,-0.00,9.00
18144.00,-0.08,0.40,-0.28,0.00,0.00,-6.06,0.00,-0.37,-2133.59,-0.00,-0.00,0.01,-0.02,-0.01,-0.00,7.00
18151.00,-0.08,0.40,-0.23,0.00,0.00,7.84,0.00,-0.37,1985.97,-0.00,-0.00,0.01,-0.02,-0.01,-0.00,7.00
18158.00,-0.08,0.40,-0.24,0.00,0.00,-2.72,0.00,-0.37,-1508.82,-0.00,-0.00,0.01,-0.01,-0.01,-0.01,17.00
18175.00,-0.08,0.40,-0.33,0.00,0.00,-4.80,0.00,-0.37,-122.36,-0.00,-0.00,0.00,0.00,0.00,-0.02,6.00
18181.00,-0.08,0.40,-0.25,0.00,0.00,13.41,0.00,-0.37,3035.50,-0.00,-0.00,0.00,0.01,0.00,-0.02,7.00
18188.00,-0.08,0.40,-0.25,0.00,0.00,-0.57,0.00,-0.37,-1997.42,-0.00,-0.00,0.00,0.01,0.01,-0.01,9.00
18197.00,-0.08,0.40,-0.32,0.00,0.00,-7.50,0.00,-0.37,-770.40,-0.00,-0.00,0.00,0.02,0.01,-0.01,6.00
18203.00,-0.08,0.40,-0.26,0.00,0.00,9.07,0.00,-0.37,2762.36,-0.00,-0.00,0.00,0.02,0.01,-0.01,6.00
18209.00,-0.08,0.40,-0.21,0.00,0.00,9.55,0.00,-0.37,79.48,-0.00,-0.00,0.00,0.05,0.02,0.00,5.00
18214.00,-0.08,0.40,-0.30,0.00,0.00,-17.89,0.00,-0.37,-5487.60,-0.00,-0.00,0.00,0.03,0.03,0.00,6.00
18225.00,-0.07,0.41,-0.27,0.06,0.03,1.86,0.28,0.17,1795.23,-0.00,-0.00,0.00,0.03,0.04,0.00,6.00
18231.00,-0.07,0.41,-0.29,0.06,0.03,-2.19,0.28,0.17,-674.31,-0.00,-0.00,0.00,0.02,0.03,0.00,8.00
18239.00,-0.07,0.41,-0.19,0.06,0.03,12.34,0.28,0.17,1815.86,-0.00,-0.00,0.00,-0.00,0.03,0.00,8.00
18247.00,-0.07,0.41,-0.21,0.06,0.03,-2.50,0.28,0.17,-1855.30,-0.00,-0.00,0.00,0.01,0.01,-0.00,6.00
18253.00,-0.07,0.41,-0.27,0.06,0.03,-9.57,0.28,0.17,-1178.36,-0.00,-0.00,0.00,0.01,-0.00,-0.01,7.00
18260.00,-0.07,0.41,-0.27,0.06,0.03,-0.76,0.28,0.17,1259.93,-0.00,-0.00,0.00,0.01,-0.01,-0.01,8.00
18268.00,-0.07,0.41,-0.26,0.06,0.03,1.65,0.28,0.17,300.96,-0.00,-0.00,0.00,-0.00,-0.01,-0.02,18.00
18286.00,-0.07,0.41,-0.28,0.06,0.03,-1.06,0.28,0.17,-150.53,-0.00,-0.00,0.00,0.00,0.01,-0.01,6.00
18292.00,-0.07,0.41,-0.25,0.06,0.03,5.21,0.28,0.17,1044.57,-0.00,-0.00,0.00,-0.00,0.01,-0.01,7.00
18299.00,-0.07,0.41,-0.21,0.06,0.03,5.21,0.28,0.17,-0.63,-0.00,-0.00,0.00,-0.01,0.02,0.00,6.00
18310.00,-0.07,0.41,-0.29,0.06,0.03,-7.27,0.28,0.17,-1134.24,-0.00,-0.00,0.00,-0.00,0.01,0.01,10.00
18320.00,-0.07,0.41,-0.30,0.06,0.03,-0.60,0.28,0.17,667.26,-0.00,-0.00,0.00,0.01,-0.01,0.01,8.00
18328.00,-0.07,0.41,-0.24,0.06,0.03,7.32,0.28,0.17,989.86,-0.00,-0.00,0.00,0.01,-0.02,0.00,6.00
18334.00,-0.07,0.41,-0.27,0.06,0.03,-5.49,0.28,0.17,-2135.17,-0.00,-0.00,0.00,0.00,-0.02,-0.00,6.00
18340.00,-0.07,0.41,-0.32,0.06,0.03,-8.87,0.28,0.17,-563.99,-0.00,-0.00,0.00,-0.00,-0.02,-0.00,9.00
18349.00,-0.07,0.41,-0.23,0.06,0.03,10.33,0.28,0.17,2134.31,-0.00,-0.00,0.00,-0.02,-0.00,-0.01,5.00
18354.00,-0.07,0.41,-0.37,0.06,0.03,-27.05,0.28,0.17,-7476.84,-0.00,-0.00,0.00,-0.01,0.00,-0.01,7.00
18361.00,-0.07,0.41,-0.34,0.06,0.03,3.01,0.28,0.17,4293.60,-0.00,-0.00,0.00,-0.00,0.01,-0.01,8.00
18369.00,-0.07,0.41,-0.25,0.06,0.03,12.20,0.28,0.17,1149.44,-0.00,-0.00,0.00,-0.02,-0.01,0.02,18.00
18387.00,-0.07,0.41,-0.25,0.06,0.03,-0.25,0.28,0.17,-691.69,-0.00,-0.00,0.00,0.00,-0.03,0.02,6.00
18398.00,-0.07,0.41,-0.26,0.06,0.03,-0.53,0.28,0.17,-25.84,-0.00,-0.00,0.00,-0.01,-0.02,-0.00,6.00
18404.00,-0.07,0.41,-0.28,0.06,0.03,-3.81,0.28,0.17,-545.78,-0.00,-0.00,0.00,-0.00,-0.00,-0.01,6.00
18410.00,-0.07,0.41,-0.23,0.06,0.03,8.29,0.28,0.17,2016.77,-0.00,-0.00,0.00,-0.00,0.01,-0.01,9.00
18419.00,-0.07,0.41,-0.30,0.06,0.03,-7.79,0.28,0.17,-1786.74,-0.00,-0.00,0.00,-0.01,0.01,-0.02,8.00
18427.00,-0.07,0.42,-0.24,0.00,0.04,7.90,-0.28,0.02,1961.33,-0.00,-0.00,0.00,0.02,0.03,-0.01,6.00
18433.00,-0.07,0.42,-0.32,0.00,0.04,-13.01,-0.28,0.02,-3485.88,-0.00,-0.00,0.00,0.01,0.02,-0.01,7.00
18440.00,-0.07,0.42,-0.30,0.00,0.04,1.71,-0.28,0.02,2103.74,-0.00,-0.00,0.00,0.00,0.01,-0.00,9.00
18449.00,-0.07,0.42,-0.28,0.00,0.04,2.36,-0.28,0.02,71.98,-0.00,-0.00,0.00,0.01,0.01,0.01,5.00
18454.00,-0.07,0.42,-0.22,0.00,0.04,12.91,-0.28,0.02,2109.07,-0.00,-0.00,0.00,0.01,-0.00,0.01,7.00
18461.00,-0.07,0.42,-0.30,0.00,0.04,-12.40,-0.28,0.02,-3615.64,-0.00,-0.00,0.00,0.01,-0.01,0.02,8.00
18474.00,-0.07,0.42,-0.21,0.00,0.04,7.33,-0.28,0.02,1517.74,-0.00,-0.00,0.00,-0.01,0.00,-0.00,17.00
18491.00,-0.07,0.42,-0.25,0.00,0.04,-2.27,-0.28,0.02,-564.63,-0.00,-0.00,0.00,0.01,0.01,-0.01,9.00
18500.00,-0.07,0.42,-0.16,0.00,0.04,10.11,-0.28,0.02,1376.01,-0.00,-0.00,0.00,0.02,0.02,-0.02,5.00
18505.00,-0.07,0.42,-0.13,0.00,0.04,5.06,-0.28,0.02,-1011.35,-0.00,-0.00,0.00,0.00,0.01,-0.01,7.00
18512.00,-0.07,0.42,-0.26,0.00,0.04,-17.80,-0.28,0.02,-3264.44,-0.00,-0.00,0.00,-0.00,0.01,-0.00,7.00
18519.00,-0.07,0.42,-0.16,0.00,0.04,13.64,-0.28,0.02,4490.57,-0.00,-0.00,0.00,-0.01,0.00,0.01,8.00
18527.00,-0.07,0.42,-0.20,0.00,0.04,-5.12,-0.28,0.02,-2344.54,-0.00,-0.00,0.00,0.00,-0.01,0.01,6.00
18533.00,-0.07,0.42,-0.18,0.00,0.04,4.09,-0.28,0.02,1534.69,-0.00,-0.00,0.00,0.00,-0.00,0.00,6.00
18539.00,-0.07,0.42,-0.17,0.00,0.04,1.20,-0.28,0.02,-481.67,-0.00,-0.00,0.00,0.01,-0.02,0.01,5.00
18544.00,-0.07,0.42,-0.23,0.00,0.04,-12.68,-0.28,0.02,-2776.17,-0.00,-0.00,0.00,0.01,-0.01,0.01,7.00
18561.00,-0.07,0.42,-0.14,0.00,0.04,5.69,-0.28,0.02,1080.80,-0.00,-0.00,0.00,-0.00,0.00,-0.01,19.00
18580.00,-0.07,0.42,-0.19,0.00,0.04,-2.87,-0.28,0.02,-450.49,-0.00,-0.00,0.00,-0.00,0.00,-0.00,7.00
18587.00,-0.07,0.42,-0.19,0.00,0.04,0.52,-0.28,0.02,483.92,-0.00,-0.00,0.00,0.01,0.00,0.00,5.00
18592.00,-0.07,0.42,-0.17,0.00,0.04,3.71,-0.28,0.02,636.79,-0.00,-0.00,0.00,0.01,-0.00,0.01,8.00
18600.00,-0.07,0.42,-0.15,0.00,0.04,2.43,-0.28,0.02,-159.27,-0.00,-0.00,0.00,0.01,-0.01,0.01,6.00
18606.00,-0.07,0.42,-0.17,0.00,0.04,-3.32,-0.28,0.02,-959.05,-0.00,-0.00,0.00,-0.00,-0.01,0.01,6.00
18612.00,-0.07,0.42,-0.20,0.00,0.04,-5.50,-0.28,0.02,-362.68,-0.00,-0.00,0.00,-0.01,-0.01,0.01,7.00
18619.00,-0.07,0.42,-0.21,0.00,0.04,-1.01,-0.28,0.02,640.65,-0.00,-0.00,0.00,-0.03,-0.02,0.01,8.00
18627.00,-0.07,0.43,-0.15,0.00,0.04,7.30,0.00,0.00,1039.66,-0.00,-0.00,0.00,-0.02,-0.02,-0.00,5.00
18632.00,-0.07,0.43,-0.13,0.00,0.04,3.22,0.00,0.00,-815.57,-0.00,-0.00,0.00,-0.02,-0.02,-0.00,8.00
18645.00,-0.07,0.43,-0.19,0.00,0.04,-4.28,0.00,0.00,-577.22,-0.00,-0.00,0.00,-0.01,-0.02,-0.01,7.00
18652.00,-0.07,0.43,-0.15,0.00,0.04,6.21,0.00,0.00,1497.94,-0.00,-0.00,0.00,-0.01,-0.02,-0.01,7.00
18659.00,-0.07,0.43,-0.13,0.00,0.04,2.45,0.00,0.00,-537.02,-0.00,-0.00,0.00,-0.02,-0.01,-0.01,6.00
18665.00,-0.07,0.43,-0.18,0.00,0.04,-9.06,0.00,0.00,-1918.60,-0.00,-0.00,0.00,-0.01,-0.00,-0.00,6.00
18671.00,-0.07,0.43,-0.17,0.00,0.04,1.67,0.00,0.00,1789.35,-0.00,-0.00,0.00,-0.01,0.00,-0.00,18.00
18689.00,-0.07,0.43,-0.23,0.00,0.04,-3.28,0.00,0.00,-274.92,-0.00,-0.00,0.00,0.01,0.01,0.01,7.00
18696.00,-0.07,0.43,-0.13,0.00,0.04,15.15,0.00,0.00,2632.58,-0.00,-0.00,0.00,0.01,0.00,0.01,6.00
18702.00,-0.07,0.43,-0.14,0.00,0.04,-1.35,0.00,0.00,-2750.85,-0.00,-0.00,0.00,0.01,0.00,0.01,5.00
18707.00,-0.07,0.43,-0.16,0.00,0.04,-5.91,0.00,0.00,-912.00,-0.00,-0.00,0.00,0.00,0.01,0.00,6.00
18713.00,-0.07,0.43,-0.20,0.00,0.04,-5.59,0.00,0.00,54.49,-0.00,-0.00,0.00,0.00,0.01,0.00,8.00
18725.00,-0.07,0.43,-0.10,0.00,0.04,7.95,0.00,0.00,1128.20,-0.00,-0.00,0.00,0.01,0.01,-0.00,7.00
18732.00,-0.07,0.43,-0.17,0.00,0.04,-10.17,0.00,0.00,-2589.36,-0.00,-0.00,0.00,0.01,0.01,-0.00,8.00
18740.00,-0.07,0.43,-0.06,0.00,0.04,14.01,0.00,0.00,3022.66,-0.00,-0.00,0.00,0.01,0.01,-0.00,8.00
18748.00,-0.07,0.43,-0.16,0.00,0.04,-11.89,0.00,0.00,-3237.49,-0.00,-0.00,0.00,0.00,0.00,-0.00,5.00
18753.00,-0.07,0.43,-0.04,0.00,0.04,24.43,0.00,0.00,7263.65,-0.00,-0.00,0.00,0.00,0.00,-0.00,6.00
18759.00,-0.07,0.43,-0.20,0.00,0.04,-28.15,0.00,0.00,-8762.46,-0.00,-0.00,0.00,0.00,0.00,0.00,6.00
18765.00,-0.07,0.43,-0.07,0.00,0.04,22.65,0.00,0.00,8465.83,-0.00,-0.00,0.00,0.00,-0.00,0.01,16.00
18781.00,-0.07,0.43,-0.21,0.00,0.04,-9.13,0.00,0.00,-1986.23,-0.00,-0.00,0.00,0.00,-0.00,0.01,9.00
18790.00,-0.07,0.43,-0.19,0.00,0.04,2.84,0.00,0.00,1330.02,-0.00,-0.00,0.00,-0.01,0.00,0.00,6.00
18796.00,-0.07,0.43,-0.14,0.00,0.04,7.99,0.00,0.00,858.62,-0.00,-0.00,0.00,-0.01,-0.00,-0.00,7.00
18807.00,-0.07,0.43,-0.19,0.00,0.04,-4.50,0.00,0.00,-1135.10,-0.00,-0.00,0.00,0.00,-0.00,-0.01,7.00
18814.00,-0.07,0.43,-0.15,0.00,0.04,6.48,0.00,0.00,1568.45,-0.00,-0.00,0.00,0.00,-0.00,-0.01,7.00
18821.00,-0.07,0.43,-0.18,0.00,0.04,-5.54,0.00,0.00,-1717.98,-0.00,-0.00,0.00,-0.00,-0.00,-0.01,8.00
18829.00,-0.06,0.43,-0.24,0.06,0.03,-6.65,0.27,-0.02,-137.82,-0.00,-0.00,0.00,-0.01,-0.01,0.00,5.00
18834.00,-0.06,0.43,-0.12,0.06,0.03,24.02,0.27,-0.02,6132.86,-0.00,-0.00,0.00,-0.01,-0.01,0.00,8.00
18842.00,-0.06,0.43,-0.18,0.06,0.03,-7.64,0.27,-0.02,-3956.95,-0.00,-0.00,0.00,-0.00,-0.01,0.01,8.00
18850.00,-0.06,0.43,-0.24,0.06,0.03,-7.85,0.27,-0.02,-26.08,-0.00,-0.00,0.00,0.00,-0.00,0.01,6.00
18856.00,-0.06,0.43,-0.25,0.06,0.03,-1.46,0.27,-0.02,1064.89,-0.00,-0.00,0.00,0.00,-0.00,0.01,6.00
18862.00,-0.06,0.43,-0.25,0.06,0.03,0.22,0.27,-0.02,279.28,-0.00,-0.00,0.00,0.00,-0.00,0.01,19.00
18881.00,-0.06,0.43,-0.12,0.06,0.03,6.51,0.27,-0.02,330.92,-0.00,-0.00,0.00,0.00,0.00,-0.00,8.00
18894.00,-0.06,0.43,-0.13,0.06,0.03,-0.52,0.27,-0.02,-540.26,-0.00,-0.00,0.00,-0.00,0.00,-0.00,7.00
18901.00,-0.06,0.43,-0.12,0.06,0.03,1.72,0.27,-0.02,319.32,-0.00,-0.00,0.00,0.00,0.00,-0.00,6.00
18907.00,-0.06,0.43,-0.19,0.06,0.03,-11.55,0.27,-0.02,-2211.71,-0.00,-0.00,0.00,0.01,0.00,0.00,6.00
18913.00,-0.06,0.43,-0.21,0.06,0.03,-4.16,0.27,-0.02,1231.69,-0.00,-0.00,0.00,0.01,-0.00,0.00,8.00
18921.00,-0.06,0.43,-0.19,0.06,0.03,2.61,0.27,-0.02,846.64,-0.00,-0.00,0.00,0.01,0.00,0.01,7.00
18928.00,-0.06,0.43,-0.17,0.06,0.03,3.58,0.27,-0.02,138.47,-0.00,-0.00,0.00,-0.00,0.00,0.01,5.00
18933.00,-0.06,0.43,-0.23,0.06,0.03,-12.22,0.27,-0.02,-3159.39,-0.00,-0.00,0.00,-0.00,0.00,0.01,8.00
18941.00,-0.06,0.43,-0.05,0.06,0.03,22.39,0.27,-0.02,4325.59,-0.00,-0.00,0.00,-0.00,0.00,0.00,8.00
18949.00,-0.06,0.43,-0.06,0.06,0.03,-0.73,0.27,-0.02,-2889.76,-0.00,-0.00,0.00,0.01,-0.00,0.00,6.00
18955.00,-0.06,0.43,-0.20,0.06,0.03,-23.49,0.27,-0.02,-3792.89,-0.00,-0.00,0.00,0.00,-0.00,-0.00,6.00
18966.00,-0.06,0.43,-0.22,0.06,0.03,-2.50,0.27,-0.02,1907.68,-0.00,-0.00,0.00,0.00,-0.00,-0.00,17.00
18983.00,-0.06,0.43,-0.16,0.06,0.03,3.56,0.27,-0.02,356.92,-0.00,-0.00,0.00,0.00,0.00,0.00,9.00
18992.00,-0.06,0.43,-0.11,0.06,0.03,6.34,0.27,-0.02,307.95,-0.00,-0.00,0.00,0.01,0.00,0.00,8.00
19000.00,-0.06,0.43,-0.23,0.06,0.03,-15.85,0.27,-0.02,-2773.30,-0.00,-0.00,0.00,0.01,0.00,0.01,5.00
19005.00,-0.06,0.43,-0.12,0.06,0.03,22.20,0.27,-0.02,7609.86,-0.00,-0.00,0.00,0.01,0.00,0.01,7.00
19012.00,-0.06,0.43,-0.10,0.06,0.03,3.89,0.27,-0.02,-2616.02,-0.00,-0.00,0.00,0.00,0.00,0.00,8.00
19020.00,-0.06,0.43,-0.25,0.06,0.03,-19.72,0.27,-0.02,-2950.41,-0.00,-0.00,0.00,0.00,0.00,0.00,5.00
19025.00,-0.06,0.43,-0.14,0.06,0.03,21.72,0.27,-0.02,8288.03,-0.00,-0.00,0.00,0.00,0.00,0.00,7.00
19032.00,-0.06,0.43,-0.21,0.00,0.00,-10.00,-0.27,-0.16,-4531.59,-0.00,-0.00,0.00,-0.00,0.01,0.00,9.00
19041.00,-0.06,0.43,-0.12,0.00,0.00,10.30,-0.27,-0.16,2255.75,-0.00,-0.00,0.00,-0.00,0.00,-0.00,7.00
19053.00,-0.06,0.43,-0.16,0.00,0.00,-3.28,-0.27,-0.16,-1132.26,-0.00,-0.00,0.00,0.00,-0.00,0.00,6.00
19059.00,-0.06,0.43,-0.22,0.00,0.00,-10.50,-0.27,-0.16,-1202.64,-0.00,-0.00,0.00,0.00,-0.00,-0.00,5.00
19064.00,-0.06,0.43,-0.22,0.00,0.00,1.26,-0.27,-0.16,2351.09,-0.00,-0.00,0.00,0.00,-0.00,-0.00,17.00
19081.00,-0.06,0.43,-0.19,0.00,0.00,1.76,-0.27,-0.16,29.42,-0.00,-0.00,0.00,-0.00,-0.00,0.00,8.00
19089.00,-0.06,0.43,-0.20,0.00,0.00,-1.59,-0.27,-0.16,-418.60,-0.00,-0.00,0.00,0.00,-0.00,0.01,5.00
19094.00,-0.06,0.43,-0.09,0.00,0.00,21.82,-0.27,-0.16,4682.69,-0.00,-0.00,0.00,0.00,-0.00,0.00,8.00
19102.00,-0.06,0.43,-0.16,0.00,0.00,-8.05,-0.27,-0.16,-3733.39,-0.00,-0.00,0.00,0.00,0.00,0.00,6.00
19108.00,-0.06,0.43,-0.14,0.00,0.00,2.17,-0.27,-0.16,1702.32,-0.00,-0.00,0.00,0.00,0.00,-0.00,6.00
19114.00,-0.06,0.43,-0.13,0.00,0.00,2.05,-0.27,-0.16,-20.32,-0.00,-0.00,0.00,0.00,0.00,-0.00,7.00
19121.00,-0.06,0.43,-0.17,0.00,0.00,-5.90,-0.27,-0.16,-1134.58,-0.00,-0.00,0.00,0.00,-0.00,0.00,8.00
19134.00,-0.06,0.43,-0.09,0.00,0.00,6.46,-0.27,-0.16,950.86,-0.00,-0.00,0.00,0.00,-0.00,0.00,9.00
19143.00,-0.06,0.43,-0.16,0.00,0.00,-8.09,-0.27,-0.16,-1616.88,-0.00,-0.00,0.00,-0.00,0.00,0.00,8.00
19151.00,-0.06,0.43,-0.09,0.00,0.00,8.35,-0.27,-0.16,2054.21,-0.00,-0.00,0.00,-0.00,0.00,0.00,6.00
19157.00,-0.06,0.43,-0.15,0.00,0.00,-8.93,-0.27,-0.16,-2879.21,-0.00,-0.00,0.00,-0.00,0.00,0.00,6.00
19163.00,-0.06,0.43,-0.22,0.00,0.00,-11.78,-0.27,-0.16,-475.64,-0.00,-0.00,0.00,0.00,0.00,0.00,18.00
19181.00,-0.06,0.43,-0.18,0.00,0.00,2.27,-0.27,-0.16,780.59,-0.00,-0.00,0.00,0.00,0.00,-0.00,7.00
19188.00,-0.06,0.43,-0.17,0.00,0.00,1.46,-0.27,-0.16,-115.72,-0.00,-0.00,0.00,-0.00,0.00,-0.00,5.00
19193.00,-0.06,0.43,-0.19,0.00,0.00,-5.36,-0.27,-0.16,-1363.64,-0.00,-0.00,0.00,-0.00,0.00,-0.00,9.00
19202.00,-0.06,0.43,-0.21,0.00,0.00,-1.86,-0.27,-0.16,388.42,-0.00,-0.00,0.00,-0.00,0.00,0.00,5.00
19207.00,-0.06,0.43,-0.09,0.00,0.00,23.79,-0.27,-0.16,5130.68,-0.00,-0.00,0.00,-0.00,0.00,0.00,7.00
19224.00,-0.06,0.43,-0.15,0.00,0.00,-3.43,-0.27,-0.16,-1601.38,-0.00,-0.00,0.00,0.00,0.00,0.01,9.00
19233.00,-0.04,0.44,-0.21,0.06,0.03,-6.85,0.28,0.17,-379.50,-0.00,-0.00,0.00,0.00,0.00,0.01,8.00
19241.00,-0.04,0.44,-0.18,0.06,0.03,4.44,0.28,0.17,1411.52,-0.00,-0.00,0.00,-0.00,-0.00,0.00,7.00
19248.00,-0.04,0.44,-0.18,0.06,0.03,-0.81,0.28,0.17,-749.80,-0.00,-0.00,0.00,-0.01,0.00,0.00,6.00
19254.00,-0.04,0.44,-0.20,0.06,0.03,-3.54,0.28,0.17,-456.20,-0.00,-0.00,0.00,-0.01,0.00,-0.00,6.00
19260.00,-0.04,0.44,-0.20,0.06,0.03,-0.24,0.28,0.17,550.26,-0.00,-0.00,0.00,0.00,0.00,-0.00,5.00
19265.00,-0.04,0.44,-0.09,0.06,0.03,22.94,0.28,0.17,4636.98,-0.00,-0.00,0.00,0.00,-0.00,-0.00,17.00
19282.00,-0.04,0.44,-0.14,0.06,0.03,-2.80,0.28,0.17,-1514.05,-0.00,-0.00,0.00,0.00,-0.01,-0.00,8.00
19290.00,-0.04,0.44,-0.14,0.06,0.03,-0.40,0.28,0.17,300.04,-0.00,-0.00,0.00,0.00,-0.00,0.00,5.00
19295.00,-0.04,0.44,-0.18,0.06,0.03,-8.82,0.28,0.17,-1685.45,-0.00,-0.00,0.00,0.00,-0.00,-0.00,8.00
19309.00,-0.04,0.44,-0.15,0.06,0.03,2.34,0.28,0.17,797.27,-0.00,-0.00,0.00,0.00,0.00,0.00,6.00
19315.00,-0.04,0.44,-0.14,0.06,0.03,2.05,0.28,0.17,-48.65,-0.00,-0.00,0.00,0.00,0.00,0.00,7.00
19322.00,-0.04,0.44,-0.21,0.06,0.03,-9.41,0.28,0.17,-1636.45,-0.00,-0.00,0.00,0.00,0.00,0.00,9.00
19331.00,-0.04,0.44,-0.16,0.06,0.03,5.55,0.28,0.17,1661.45,-0.00,-0.00,0.00,-0.00,-0.01,-0.00,5.00
19336.00,-0.04,0.44,-0.14,0.06,0.03,2.28,0.28,0.17,-653.68,-0.00,-0.00,0.00,-0.00,-0.01,-0.00,7.00
19343.00,-0.04,0.44,-0.02,0.06,0.03,17.97,0.28,0.17,2241.91,-0.00,-0.00,0.00,-0.00,-0.01,-0.00,9.00
19352.00,-0.04,0.44,-0.21,0.06,0.03,-21.24,0.28,0.17,-4357.08,-0.00,-0.00,0.00,-0.00,-0.01,0.00,5.00
19357.00,-0.04,0.44,-0.20,0.06,0.03,1.49,0.28,0.17,4547.21,-0.00,-0.00,0.00,-0.00,-0.01,-0.00,6.00
19363.00,-0.04,0.44,-0.12,0.06,0.03,14.28,0.28,0.17,2131.02,-0.00,-0.00,0.00,-0.00,-0.00,-0.00,19.00
19382.00,-0.04,0.44,-0.28,0.06,0.03,-8.75,0.28,0.17,-1212.29,-0.00,-0.00,0.00,-0.00,0.00,-0.00,7.00
19394.00,-0.04,0.44,-0.21,0.06,0.03,6.08,0.28,0.17,1236.56,-0.00,-0.00,0.00,-0.00,-0.00,-0.00,9.00
19403.00,-0.04,0.44,-0.14,0.06,0.03,8.23,0.28,0.17,238.44,-0.00,-0.00,0.00,0.00,-0.00,0.00,6.00
19409.00,-0.04,0.44,-0.21,0.06,0.03,-12.87,0.28,0.17,-3517.26,-0.00,-0.00,0.00,0.00,0.00,0.00,6.00
19415.00,-0.04,0.44,-0.15,0.06,0.03,9.93,0.28,0.17,3800.35,-0.00,-0.00,0.00,0.00,0.00,-0.00,8.00
19423.00,-0.04,0.44,-0.20,0.06,0.03,-5.65,0.28,0.17,-1946.70,-0.00,-0.00,0.00,-0.00,0.00,-0.00,7.00
19430.00,-0.04,0.44,-0.15,0.06,0.03,6.84,0.28,0.17,1783.12,-0.00,-0.00,0.00,-0.00,0.00,0.00,5.00
19435.00,-0.04,0.45,-0.26,0.00,0.04,-21.60,-0.27,0.02,-5686.93,-0.00,-0.00,0.00,0.00,0.00,-0.00,8.00
19443.00,-0.04,0.45,-0.14,0.00,0.04,14.61,-0.27,0.02,4526.01,-0.00,-0.00,0.00,0.00,0.00,-0.00,7.00
19450.00,-0.04,0.45,-0.23,0.00,0.04,-12.21,-0.27,0.02,-3830.91,-0.00,-0.00,0.00,0.00,0.00,0.00,6.00
19456.00,-0.04,0.45,-0.17,0.00,0.04,8.97,-0.27,0.02,3529.70,-0.00,-0.00,0.00,0.00,0.00,0.00,7.00
19468.00,-0.04,0.45,-0.22,0.00,0.04,-3.51,-0.27,0.02,-1039.89,-0.00,-0.00,0.00,0.00,0.00,-0.00,17.00
19485.00,-0.04,0.45,-0.28,0.00,0.04,-3.83,-0.27,0.02,-18.78,-0.00,-0.00,0.00,-0.00,-0.00,-0.00,8.00
19493.00,-0.04,0.45,-0.19,0.00,0.04,11.17,-0.27,0.02,1874.12,-0.00,-0.00,0.00,0.00,0.00,-0.00,6.00
19499.00,-0.04,0.45,-0.25,0.00,0.04,-9.94,-0.27,0.02,-3517.56,-0.00,-0.00,0.00,0.00,0.00,-0.00,6.00
19505.00,-0.04,0.45,-0.11,0.00,0.04,23.41,-0.27,0.02,5558.29,-0.00,-0.00,0.00,0.00,0.01,-0.00,6.00
19511.00,-0.04,0.45,-0.19,0.00,0.04,-13.76,-0.27,0.02,-6195.47,-0.00,-0.00,0.00,0.00,0.01,-0.00,6.00
19517.00,-0.04,0.45,-0.24,0.00,0.04,-7.91,-0.27,0.02,975.67,-0.00,-0.00,0.00,0.00,0.01,-0.00,6.00
19523.00,-0.04,0.45,-0.13,0.00,0.04,18.15,-0.27,0.02,4342.33,-0.00,-0.00,0.00,0.00,0.01,-0.01,10.00
19533.00,-0.04,0.45,-0.21,0.00,0.04,-7.37,-0.27,0.02,-2552.09,-0.00,-0.00,0.00,0.00,0.00,-0.00,5.00
19538.00,-0.04,0.45,-0.09,0.00,0.04,23.86,-0.27,0.02,6247.23,-0.00,-0.00,0.00,0.00,-0.00,-0.00,7.00
19550.00,-0.04,0.45,-0.19,0.00,0.04,-8.56,-0.27,0.02,-2701.65,-0.00,-0.00,0.00,-0.00,-0.00,0.00,6.00
19556.00,-0.04,0.45,-0.07,0.00,0.04,19.29,-0.27,0.02,4642.00,-0.00,-0.00,0.00,-0.00,-0.00,0.00,7.00
19563.00,-0.04,0.45,-0.13,0.00,0.04,-8.20,-0.27,0.02,-3927.93,-0.00,-0.00,0.00,-0.00,0.00,0.00,18.00
19581.00,-0.04,0.45,-0.27,0.00,0.04,-7.78,-0.27,0.02,23.29,-0.00,-0.00,0.00,0.00,0.01,0.00,6.00
19587.00,-0.04,0.45,-0.19,0.00,0.04,12.64,-0.27,0.02,3404.49,-0.00,-0.00,0.00,0.00,0.01,-0.00,7.00
19594.00,-0.04,0.45,-0.12,0.00,0.04,11.09,-0.27,0.02,-221.68,-0.00,-0.00,0.00,0.00,0.01,-0.00,9.00
19603.00,-0.04,0.45,-0.09,0.00,0.04,3.04,-0.27,0.02,-894.43,-0.00,-0.00,0.00,-0.00,0.00,-0.00,5.00
19608.00,-0.04,0.45,-0.19,0.00,0.04,-20.09,-0.27,0.02,-4625.76,-0.00,-0.00,0.00,0.00,0.00,-0.00,7.00
19615.00,-0.04,0.45,-0.13,0.00,0.04,8.84,-0.27,0.02,4131.57,-0.00,-0.00,0.00,0.00,0.00,-0.00,8.00
19623.00,-0.04,0.45,-0.15,0.00,0.04,-2.60,-0.27,0.02,-1429.40,-0.00,-0.00,0.00,0.00,0.00,0.00,8.00
19636.00,-0.04,0.46,-0.12,0.00,0.04,2.13,0.00,0.00,363.65,-0.00,-0.00,0.00,0.00,0.00,0.00,8.00
19644.00,-0.04,0.46,-0.12,0.00,0.04,0.00,0.00,0.00,-265.93,-0.00,-0.00,0.00,0.00,-0.00,0.00,2.00
19646.00,-0.04,0.46,-0.21,0.00,0.04,-42.03,0.00,0.00,-21013.30,-0.00,-0.00,0.00,-0.00,-0.00,-0.00,9.00
19655.00,-0.04,0.46,-0.16,0.00,0.04,4.85,0.00,0.00,5208.20,-0.00,-0.00,0.00,-0.00,0.00,-0.00,6.00
19661.00,-0.04,0.46,-0.23,0.00,0.04,-11.24,0.00,0.00,-2681.35,-0.00,-0.00,0.00,-0.00,0.00,-0.00,15.00
19676.00,-0.04,0.46,-0.23,0.00,0.04,0.13,0.00,0.00,758.19,-0.00,-0.00,0.00,0.00,0.00,-0.00,8.00
19684.00,-0.04,0.46,-0.33,0.00,0.04,-13.47,0.00,0.00,-1700.83,-0.00,-0.00,0.00,0.00,0.01,-0.00,8.00
19692.00,-0.04,0.46,-0.17,0.00,0.04,21.08,0.00,0.00,4319.27,-0.00,-0.00,0.00,-0.00,0.00,0.00,7.00
19699.00,-0.04,0.46,-0.14,0.00,0.04,3.89,0.00,0.00,-2455.06,-0.00,-0.00,0.00,-0.00,-0.00,0.00,6.00
19705.00,-0.04,0.46,-0.21,0.00,0.04,-11.73,0.00,0.00,-2604.74,-0.00,-0.00,0.00,0.00,-0.00,0.00,6.00
19716.00,-0.04,0.46,-0.24,0.00,0.04,-2.52,0.00,0.00,837.63,-0.00,-0.00,0.00,-0.00,-0.00,0.00,8.00
19724.00,-0.04,0.46,-0.07,0.00,0.04,20.44,0.00,0.00,2870.28,-0.00,-0.00,0.00,-0.00,-0.01,0.00,9.00
19733.00,-0.04,0.46,-0.22,0.00,0.04,-16.39,0.00,0.00,-4092.58,-0.00,-0.00,0.00,-0.00,-0.00,0.00,7.00
19740.00,-0.04,0.46,-0.19,0.00,0.04,4.55,0.00,0.00,2991.51,-0.00,-0.00,0.00,-0.00,-0.01,0.00,5.00
19745.00,-0.04,0.46,-0.23,0.00,0.04,-8.41,0.00,0.00,-2591.10,-0.00,-0.00,0.00,-0.00,-0.01,0.00,9.00
19754.00,-0.04,0.46,-0.20,0.00,0.04,3.45,0.00,0.00,1317.27,-0.00,-0.00,0.00,-0.00,0.00,0.00,5.00
19759.00,-0.04,0.46,-0.11,0.00,0.04,18.03,0.00,0.00,2916.62,-0.00,-0.00,0.00,-0.00,-0.01,0.01,7.00
19766.00,-0.04,0.46,-0.15,0.00,0.04,-6.08,0.00,0.00,-3443.95,-0.00,-0.00,0.00,-0.00,-0.01,0.01,7.00
19773.00,-0.04,0.46,-0.25,0.00,0.04,-13.67,0.00,0.00,-1084.62,-0.00,-0.00,0.00,-0.00,-0.01,0.01,19.00
19792.00,-0.04,0.46,-0.17,0.00,0.04,4.02,0.00,0.00,930.85,-0.00,-0.00,0.00,-0.01,-0.01,0.00,7.00
19803.00,-0.04,0.46,-0.21,0.00,0.04,-3.10,0.00,0.00,-646.90,-0.00,-0.00,0.00,-0.00,0.00,0.00,7.00
19810.00,-0.04,0.46,-0.16,0.00,0.04,6.47,0.00,0.00,1366.21,-0.00,-0.00,0.00,0.00,0.01,0.00,5.00
19815.00,-0.04,0.46,-0.14,0.00,0.04,5.11,0.00,0.00,-271.60,-0.00,-0.00,0.00,0.00,0.01,0.00,9.00
19824.00,-0.04,0.46,-0.13,0.00,0.04,0.15,0.00,0.00,-550.54,-0.00,-0.00,0.00,0.00,0.01,0.00,8.00
19832.00,-0.04,0.46,-0.05,0.00,0.04,10.84,0.00,0.00,1335.83,-0.00,-0.00,0.00,0.00,0.01,0.00,5.00
19837.00,-0.04,0.46,-0.13,0.00,0.00,-16.34,0.00,-0.19,-5434.94,-0.00,-0.00,0.00,0.00,0.01,0.00,7.00
19844.00,-0.04,0.46,-0.10,0.00,0.00,4.33,0.00,-0.19,2951.65,-0.00,-0.00,0.00,0.00,0.01,0.00,9.00
19853.00,-0.04,0.46,-0.22,0.00,0.00,-13.35,0.00,-0.19,-1963.75,-0.00,-0.00,0.00,0.00,0.00,-0.00,5.00
19858.00,-0.04,0.46,-0.04,0.00,0.00,36.06,0.00,-0.19,9880.50,-0.00,-0.00,0.00,-0.00,-0.00,-0.00,17.00
19875.00,-0.04,0.46,-0.23,0.00,0.00,-11.04,0.00,-0.19,-2770.47,-0.00,-0.00,0.00,-0.00,-0.01,-0.00,9.00
19894.00,-0.04,0.46,-0.22,0.00,0.00,0.44,0.00,-0.19,604.32,-0.00,-0.00,0.00,-0.00,-0.00,-0.00,8.00
19902.00,-0.04,0.46,-0.16,0.00,0.00,7.45,0.00,-0.19,876.90,-0.00,-0.00,0.00,-0.00,-0.00,-0.00,5.00
19907.00,-0.04,0.46,-0.26,0.00,0.00,-19.63,0.00,-0.19,-5416.50,-0.00,-0.00,0.00,-0.00,-0.00,-0.00,7.00
19914.00,-0.04,0.46,-0.16,0.00,0.00,13.02,0.00,-0.19,4664.21,-0.00,-0.00,0.00,0.00,0.00,-0.00,7.00
19921.00,-0.04,0.46,-0.16,0.00,0.00,0.34,0.00,-0.19,-1812.00,-0.00,-0.00,0.00,0.00,0.00,0.00,6.00
19927.00,-0.04,0.46,-0.14,0.00,0.00,3.28,0.00,-0.19,490.91,-0.00,-0.00,0.00,0.00,0.00,0.00,7.00
19934.00,-0.04,0.46,-0.19,0.00,0.00,-6.33,0.00,-0.19,-1373.77,-0.00,-0.00,0.00,0.00,0.00,0.00,9.00
19943.00,-0.04,0.46,-0.10,0.00,0.00,9.88,0.00,-0.19,1801.93,-0.00,-0.00,0.00,0.00,-0.00,0.00,5.00
19948.00,-0.04,0.46,-0.15,0.00,0.00,-10.46,0.00,-0.19,-4069.07,-0.00,-0.00,0.00,0.00,0.00,0.00,8.00
19956.00,-0.04,0.46,-0.17,0.00,0.00,-2.56,0.00,-0.19,987.55,-0.00,-0.00,0.00,0.00,0.00,0.00,5.00
19966.00,-0.04,0.46,-0.16,0.00,0.00,1.37,0.00,-0.19,392.71,-0.00,-0.00,0.00,-0.00,0.00,0.00,20.00
19986.00,-0.04,0.46,-0.24,0.00,0.00,-4.23,0.00,-0.19,-279.61,-0.00,-0.00,0.00,0.01,-0.00,-0.00,9.00
19995.00,-0.04,0.46,-0.26,0.00,0.00,-2.45,0.00,-0.19,197.88,-0.00,-0.00,0.00,0.00,-0.00,-0.01,8.00
20003.00,-0.04,0.46,-0.12,0.00,0.00,17.63,0.00,-0.19,2509.41,-0.00,-0.00,0.00,0.00,0.00,-0.00,6.00
20009.00,-0.04,0.46,-0.21,0.00,0.00,-13.71,0.00,-0.19,-5223.19,-0.00,-0.00,0.00,0.00,0.00,-0.00,6.00
20015.00,-0.04,0.46,-0.22,0.00,0.00,-3.11,0.00,-0.19,1767.17,-0.00,-0.00,0.00,0.00,0.00,-0.00,10.00
20025.00,-0.04,0.46,-0.17,0.00,0.00,5.11,0.00,-0.19,821.96,-0.00,-0.00,0.00,0.01,0.00,0.00,8.00
20033.00,-0.04,0.46,-0.11,0.00,0.00,8.16,0.00,-0.19,380.35,-0.00,-0.00,0.00,0.01,0.00,0.01,6.00
20039.00,-0.03,0.45,-0.12,0.06,-0.00,-1.94,0.27,-0.02,-1682.10,-0.00,-0.00,0.00,0.01,0.00,0.01,6.00
20045.00,-0.03,0.45,-0.09,0.06,-0.00,5.10,0.27,-0.02,1171.91,-0.00,-0.00,0.00,0.01,0.01,0.01,10.00
20060.00,-0.03,0.45,-0.18,0.06,-0.00,-6.33,0.27,-0.02,-761.78,-0.00,-0.00,0.00,0.01,0.01,0.00,17.00
20077.00,-0.03,0.45,-0.18,0.06,-0.00,0.19,0.27,-0.02,383.87,-0.00,-0.00,0.00,0.01,0.00,0.00,8.00
20085.00,-0.03,0.45,-0.31,0.06,-0.00,-16.34,0.27,-0.02,-2067.14,-0.00,-0.00,0.00,0.00,0.00,0.01,9.00
20094.00,-0.03,0.45,-0.13,0.06,-0.00,19.71,0.27,-0.02,4005.83,-0.00,-0.00,0.00,0.00,-0.00,0.00,7.00
20101.00,-0.03,0.45,-0.16,0.06,-0.00,-3.38,0.27,-0.02,-3299.11,-0.00,-0.00,0.00,-0.00,-0.00,0.00,6.00
20107.00,-0.03,0.45,-0.19,0.06,-0.00,-5.06,0.27,-0.02,-279.07,-0.00,-0.00,0.01,-0.00,-0.00,0.00,6.00
20113.00,-0.03,0.45,-0.08,0.06,-0.00,17.38,0.27,-0.02,3739.21,-0.00,-0.00,0.01,-0.01,-0.01,0.00,5.00
20118.00,-0.03,0.45,-0.10,0.06,-0.00,-3.41,0.27,-0.02,-4156.91,-0.00,-0.00,0.01,-0.01,-0.01,0.00,8.00
20126.00,-0.03,0.45,-0.17,0.06,-0.00,-9.25,0.27,-0.02,-730.40,-0.00,-0.00,0.01,-0.01,-0.01,0.00,8.00
20134.00,-0.03,0.45,-0.18,0.06,-0.00,-0.51,0.27,-0.02,1093.17,-0.00,-0.00,0.01,-0.01,-0.02,0.00,7.00
20146.00,-0.03,0.45,-0.17,0.06,-0.00,0.84,0.27,-0.02,112.18,-0.00,-0.00,0.01,0.00,-0.00,-0.00,8.00
20154.00,-0.03,0.45,-0.17,0.06,-0.00,0.00,0.27,-0.02,-105.04,-0.00,-0.00,0.00,0.01,0.01,-0.01,3.00
20157.00,-0.03,0.45,-0.12,0.06,-0.00,16.67,0.27,-0.02,5558.24,-0.00,-0.00,0.00,0.01,0.01,-0.01,17.00
20174.00,-0.03,0.45,-0.10,0.06,-0.00,1.22,0.27,-0.02,-908.90,-0.00,-0.00,0.00,0.02,0.03,-0.01,7.00
20181.00,-0.03,0.45,-0.09,0.06,-0.00,0.84,0.27,-0.02,-54.42,-0.00,-0.00,0.00,0.03,0.03,-0.02,5.00
20186.00,-0.03,0.45,-0.10,0.06,-0.00,-0.80,0.27,-0.02,-328.08,-0.00,-0.00,0.00,0.03,0.03,-0.02,9.00
20195.00,-0.03,0.45,-0.20,0.06,-0.00,-11.15,0.27,-0.02,-1150.73,-0.00,-0.00,0.00,0.02,0.02,-0.01,8.00
20203.00,-0.03,0.45,-0.16,0.06,-0.00,4.83,0.27,-0.02,1997.57,-0.00,-0.00,0.00,-0.01,-0.00,-0.00,6.00
20209.00,-0.03,0.45,-0.11,0.06,-0.00,7.41,0.27,-0.02,429.94,-0.00,-0.00,0.00,-0.01,-0.01,0.00,7.00
20216.00,-0.03,0.45,-0.22,0.06,-0.00,-15.26,0.27,-0.02,-3238.16,-0.00,-0.00,0.00,-0.01,-0.01,0.01,9.00
20230.00,-0.03,0.45,-0.12,0.06,-0.00,7.18,0.27,-0.02,1603.26,-0.00,-0.00,0.00,0.01,-0.02,0.01,7.00
20237.00,-0.03,0.45,-0.07,0.06,-0.00,6.92,0.27,-0.02,-38.42,-0.00,-0.00,0.00,0.01,-0.01,0.01,8.00
20245.00,-0.02,0.46,-0.12,0.05,0.03,-6.68,-0.01,0.18,-1699.32,-0.00,-0.00,0.00,-0.00,0.00,0.00,9.00
20254.00,-0.02,0.46,-0.17,0.05,0.03,-5.25,-0.01,0.18,158.56,-0.00,-0.00,0.00,-0.00,0.02,-0.00,5.00
20259.00,-0.02,0.46,-0.14,0.05,0.03,7.22,-0.01,0.18,2494.53,-0.00,-0.00,0.00,-0.01,0.02,-0.01,18.00
20277.00,-0.02,0.46,-0.21,0.05,0.03,-4.09,-0.01,0.18,-628.39,-0.00,-0.00,0.00,0.01,0.00,-0.01,9.00
20286.00,-0.02,0.46,-0.01,0.05,0.03,22.31,-0.01,0.18,2933.50,-0.00,-0.00,0.00,0.01,-0.02,0.00,7.00
20293.00,-0.02,0.46,-0.20,0.05,0.03,-27.18,-0.01,0.18,-7070.42,-0.00,-0.00,0.00,0.00,-0.02,0.01,6.00
20299.00,-0.02,0.46,-0.03,0.05,0.03,27.61,-0.01,0.18,9131.23,-0.00,-0.00,0.00,-0.00,-0.02,0.01,7.00
20306.00,-0.02,0.46,-0.12,0.05,0.03,-11.75,-0.01,0.18,-5622.87,-0.00,-0.00,0.00,-0.02,-0.02,0.01,6.00
20325.00,-0.02,0.46,-0.19,0.05,0.03,-3.80,-0.01,0.18,418.43,-0.00,-0.00,0.00,-0.02,-0.00,-0.01,9.00
20334.00,-0.02,0.46,-0.10,0.05,0.03,9.83,-0.01,0.18,1514.39,-0.00,-0.00,0.00,-0.01,-0.01,-0.01,5.00
20339.00,-0.02,0.46,-0.15,0.05,0.03,-10.73,-0.01,0.18,-4110.39,-0.00,-0.00,0.00,-0.00,-0.01,-0.01,8.00
20347.00,-0.02,0.46,-0.15,0.05,0.03,0.58,-0.01,0.18,1413.13,-0.00,-0.00,0.00,0.01,-0.01,-0.01,8.00
20355.00,-0.02,0.46,-0.01,0.05,0.03,17.55,-0.01,0.18,2121.60,-0.00,-0.00,0.00,0.01,-0.00,-0.01,6.00
20361.00,-0.02,0.46,-0.13,0.05,0.03,-19.92,-0.01,0.18,-6244.90,-0.00,-0.00,0.00,0.01,0.00,-0.01,6.00
20367.00,-0.02,0.46,-0.10,0.05,0.03,4.36,-0.01,0.18,4047.15,-0.00,-0.00,0.00,0.00,0.00,-0.00,18.00
20385.00,-0.02,0.46,-0.05,0.05,0.03,2.56,-0.01,0.18,-100.32,-0.00,-0.00,0.00,0.00,0.01,-0.00,8.00
20393.00,-0.02,0.46,-0.09,0.05,0.03,-3.97,-0.01,0.18,-815.92,-0.00,-0.00,0.00,0.00,0.00,-0.01,5.00
20398.00,-0.02,0.46,-0.11,0.05,0.03,-5.34,-0.01,0.18,-274.91,-0.00,-0.00,0.00,0.00,0.00,-0.01,9.00
20411.00,-0.02,0.46,-0.11,0.05,0.03,0.43,-0.01,0.18,444.35,-0.00,-0.00,0.00,0.01,-0.01,-0.00,7.00
20418.00,-0.02,0.46,-0.09,0.05,0.03,2.75,-0.01,0.18,330.96,-0.00,-0.00,0.00,0.01,-0.02,0.00,8.00
20426.00,-0.02,0.46,-0.16,0.05,0.03,-8.94,-0.01,0.18,-1461.31,-0.00,-0.00,0.00,-0.00,-0.02,0.00,8.00
20434.00,-0.02,0.46,-0.23,0.05,0.03,-8.16,-0.01,0.18,97.90,-0.00,-0.00,0.00,-0.03,-0.02,0.01,5.00
20439.00,-0.02,0.46,-0.19,0.05,0.03,6.04,-0.01,0.18,2839.53,-0.00,-0.00,0.00,-0.03,-0.02,0.01,8.00
20447.00,-0.02,0.47,-0.14,0.00,0.04,6.79,-0.27,0.03,94.29,-0.00,-0.00,0.00,-0.04,-0.02,0.01,8.00
20455.00,-0.02,0.47,-0.09,0.00,0.04,5.80,-0.27,0.03,-124.59,-0.00,-0.00,0.00,-0.04,-0.03,0.01,6.00
20461.00,-0.02,0.47,-0.08,0.00,0.04,2.55,-0.27,0.03,-541.53,-0.00,-0.00,0.00,-0.04,-0.03,0.01,6.00
20467.00,-0.02,0.47,-0.15,0.00,0.04,-12.54,-0.27,0.03,-2514.51,-0.00,-0.00,0.00,-0.04,-0.03,0.02,15.00
20482.00,-0.02,0.47,-0.16,0.00,0.04,-0.40,-0.27,0.03,809.51,-0.00,-0.00,0.00,-0.04,-0.02,0.00,6.00
20493.00,-0.02,0.47,-0.08,0.00,0.04,7.44,-0.27,0.03,712.63,-0.00,-0.00,0.00,-0.03,-0.02,-0.00,6.00
20499.00,-0.02,0.47,-0.08,0.00,0.04,-0.38,-0.27,0.03,-1303.25,-0.01,-0.00,0.00,-0.02,-0.02,-0.00,8.00
20507.00,-0.02,0.47,-0.03,0.00,0.04,6.66,-0.27,0.03,879.38,-0.01,-0.00,0.00,-0.02,-0.02,-0.00,5.00
20512.00,-0.02,0.47,-0.13,0.00,0.04,-20.00,-0.27,0.03,-5331.72,-0.01,-0.00,0.00,-0.01,-0.01,-0.00,6.00
20518.00,-0.02,0.47,-0.11,0.00,0.04,3.32,-0.27,0.03,3886.75,-0.01,-0.00,0.00,-0.01,-0.01,-0.00,8.00
20526.00,-0.02,0.47,-0.18,0.00,0.04,-9.59,-0.27,0.03,-1613.45,-0.01,-0.00,0.00,-0.00,0.00,0.00,8.00
20534.00,-0.02,0.47,-0.13,0.00,0.04,6.42,-0.27,0.03,2000.53,-0.01,-0.00,0.00,0.01,0.01,0.00,6.00
20540.00,-0.02,0.47,-0.12,0.00,0.04,1.77,-0.27,0.03,-774.40,-0.01,-0.00,0.00,0.01,0.01,0.00,7.00
20547.00,-0.02,0.47,-0.03,0.00,0.04,12.91,-0.27,0.03,1591.30,-0.00,-0.00,0.00,0.02,0.02,0.00,8.00
20555.00,-0.02,0.47,-0.07,0.00,0.04,-4.21,-0.27,0.03,-2139.53,-0.00,-0.00,0.00,0.02,0.03,0.00,6.00
20570.00,-0.02,0.47,-0.09,0.00,0.04,-1.53,-0.27,0.03,178.64,-0.00,-0.00,0.00,0.02,0.02,-0.01,16.00
20586.00,-0.02,0.47,-0.14,0.00,0.04,-3.17,-0.27,0.03,-102.56,-0.00,-0.00,0.00,0.03,0.01,-0.01,7.00
20593.00,-0.02,0.47,-0.10,0.00,0.04,6.03,-0.27,0.03,1313.47,-0.00,-0.00,0.00,0.03,0.02,-0.01,5.00
20598.00,-0.02,0.47,-0.09,0.00,0.04,1.31,-0.27,0.03,-942.68,-0.00,-0.00,0.00,0.03,0.02,-0.01,9.00
20607.00,-0.02,0.47,-0.09,0.00,0.04,-0.41,-0.27,0.03,-191.77,-0.00,-0.00,0.00,0.03,0.01,-0.00,5.00
20612.00,-0.02,0.47,-0.04,0.00,0.04,10.52,-0.27,0.03,2186.06,-0.00,-0.00,0.00,0.03,0.02,-0.00,6.00
20618.00,-0.02,0.47,-0.07,0.00,0.04,-5.32,-0.27,0.03,-2639.10,-0.00,-0.00,0.00,0.03,0.02,0.00,5.00
20623.00,-0.02,0.47,0.01,0.00,0.04,16.90,-0.27,0.03,4443.97,-0.00,-0.00,0.00,0.02,0.02,0.01,6.00
20629.00,-0.02,0.47,-0.16,0.00,0.04,-28.54,-0.27,0.03,-7573.13,-0.00,-0.00,0.00,0.02,0.02,0.01,8.00
20637.00,-0.02,0.47,-0.06,0.00,0.04,12.98,-0.27,0.03,5189.35,-0.00,-0.00,0.00,0.02,0.02,0.00,8.00
20650.00,-0.02,0.48,-0.05,0.00,0.04,0.44,0.00,-0.00,-964.24,-0.00,-0.00,0.00,0.02,0.01,-0.00,8.00
20658.00,-0.02,0.48,-0.11,0.00,0.04,-7.34,0.00,-0.00,-973.17,-0.00,-0.00,0.00,0.02,0.01,-0.00,6.00
20664.00,-0.02,0.48,-0.11,0.00,0.04,0.25,0.00,-0.00,1264.99,-0.00,-0.00,0.00,0.02,0.01,-0.01,15.00
20679.00,-0.02,0.48,-0.02,0.00,0.04,6.04,0.00,-0.00,386.32,-0.00,-0.00,0.00,0.01,0.01,-0.01,8.00
20687.00,-0.02,0.48,-0.08,0.00,0.04,-7.33,0.00,-0.00,-1671.33,-0.00,-0.00,0.00,0.01,0.01,-0.01,8.00
20695.00,-0.02,0.48,0.00,0.00,0.04,9.68,0.00,-0.00,2126.25,-0.00,-0.00,0.00,0.02,0.01,-0.00,7.00
20702.00,-0.02,0.48,-0.06,0.00,0.04,-8.60,0.00,-0.00,-2612.00,-0.00,-0.00,0.00,0.02,0.01,0.00,6.00
20708.00,-0.02,0.48,-0.08,0.00,0.04,-3.92,0.00,-0.00,780.98,-0.00,-0.00,0.00,0.02,0.01,0.00,6.00
20714.00,-0.02,0.48,0.01,0.00,0.04,15.66,0.00,-0.00,3263.24,-0.00,-0.00,0.00,0.02,0.01,0.01,5.00
20719.00,-0.02,0.48,-0.04,0.00,0.04,-10.52,0.00,-0.00,-5237.61,-0.00,-0.00,0.00,0.01,0.01,0.01,8.00
20732.00,-0.02,0.48,0.04,0.00,0.04,6.02,0.00,-0.00,1272.35,-0.00,-0.00,0.00,0.00,0.01,0.00,8.00
20740.00,-0.02,0.48,0.04,0.00,0.04,0.78,0.00,-0.00,-654.29,-0.00,-0.00,0.00,0.00,0.01,-0.00,7.00
20747.00,-0.02,0.48,-0.15,0.00,0.04,-27.02,0.00,-0.00,-3972.35,-0.00,-0.00,0.00,0.01,0.01,-0.00,8.00
20755.00,-0.02,0.48,-0.10,0.00,0.04,5.16,0.00,-0.00,4022.94,-0.00,-0.00,0.00,0.01,0.01,-0.01,6.00
20761.00,-0.02,0.48,-0.05,0.00,0.04,8.68,0.00,-0.00,586.39,-0.00,-0.00,0.00,0.01,0.01,-0.01,17.00
20778.00,-0.02,0.48,-0.07,0.00,0.04,-1.11,0.00,-0.00,-575.75,-0.00,-0.00,0.00,0.00,0.00,0.00,9.00
20787.00,-0.02,0.48,-0.05,0.00,0.04,1.76,0.00,-0.00,319.11,-0.00,-0.00,0.00,0.00,0.00,0.01,7.00
20794.00,-0.02,0.48,-0.04,0.00,0.04,2.62,0.00,-0.00,123.14,-0.00,-0.00,0.00,0.00,-0.00,0.01,6.00
20800.00,-0.02,0.48,-0.06,0.00,0.04,-4.38,0.00,-0.00,-1168.07,-0.00,-0.00,0.00,0.00,-0.00,0.01,7.00
20807.00,-0.02,0.48,-0.00,0.00,0.04,8.37,0.00,-0.00,1821.52,-0.00,-0.00,0.00,0.00,-0.00,0.01,6.00
20818.00,-0.02,0.48,-0.05,0.00,0.04,-3.78,0.00,-0.00,-1104.19,-0.00,-0.00,0.00,-0.00,0.00,0.00,9.00
20827.00,-0.02,0.48,0.09,0.00,0.04,14.91,0.00,-0.00,2076.56,-0.00,-0.00,0.00,0.00,-0.00,-0.00,9.00
20836.00,-0.02,0.48,-0.04,0.00,0.04,-14.08,0.00,-0.00,-3220.81,-0.00,-0.00,0.00,-0.01,-0.00,-0.00,6.00
20842.00,-0.02,0.48,-0.04,0.00,0.04,-0.87,0.00,-0.00,2200.79,-0.00,-0.00,0.00,-0.01,-0.00,-0.00,6.00
20848.00,-0.02,0.48,-0.18,0.00,0.04,-23.15,0.00,-0.00,-3712.19,-0.00,-0.00,0.00,-0.01,-0.00,-0.00,9.00
20857.00,-0.01,0.49,-0.03,0.05,0.07,17.19,0.26,0.15,4481.61,-0.00,-0.00,0.00,-0.01,-0.01,0.00,6.00
20863.00,-0.01,0.49,-0.05,0.05,0.07,-4.47,0.26,0.15,-3609.81,-0.00,-0.00,0.00,-0.00,-0.01,0.00,16.00
20879.00,-0.01,0.49,-0.09,0.05,0.07,-2.14,0.26,0.15,145.91,-0.00,-0.00,0.00,-0.00,-0.01,0.01,8.00
20887.00,-0.01,0.49,-0.02,0.05,0.07,8.21,0.26,0.15,1293.55,-0.00,-0.00,0.00,-0.01,0.00,0.00,8.00
20895.00,-0.01,0.49,0.05,0.05,0.07,9.53,0.26,0.15,164.68,-0.00,-0.00,0.00,-0.01,-0.00,0.00,6.00
20906.00,-0.01,0.49,-0.06,0.05,0.07,-10.40,0.26,0.15,-1811.95,-0.00,-0.00,0.00,-0.01,-0.00,-0.00,6.00
20912.00,-0.01,0.49,-0.04,0.05,0.07,3.93,0.26,0.15,2388.57,-0.00,-0.00,0.00,-0.01,-0.01,-0.01,6.00
20918.00,-0.01,0.49,-0.15,0.05,0.07,-19.24,0.26,0.15,-3860.90,-0.00,-0.00,0.00,-0.00,-0.01,-0.01,9.00
20927.00,-0.01,0.49,-0.11,0.05,0.07,5.32,0.26,0.15,2728.06,-0.00,-0.00,0.00,-0.00,-0.01,-0.00,8.00
20935.00,-0.01,0.49,0.09,0.05,0.07,24.29,0.26,0.15,2371.99,-0.00,-0.00,0.00,-0.01,-0.01,-0.01,6.00
20941.00,-0.01,0.49,-0.00,0.05,0.07,-15.18,0.26,0.15,-6579.20,-0.00,-0.00,0.00,-0.01,-0.01,-0.00,7.00
20948.00,-0.01,0.49,-0.12,0.05,0.07,-17.43,0.26,0.15,-321.67,-0.00,-0.00,0.00,-0.01,-0.01,-0.00,9.00
20957.00,-0.01,0.49,-0.08,0.05,0.07,4.53,0.26,0.15,2440.74,-0.00,-0.00,0.00,-0.01,0.00,0.00,5.00
20962.00,-0.01,0.49,-0.13,0.05,0.07,-9.64,0.26,0.15,-2833.50,-0.00,-0.00,0.00,-0.00,0.00,0.00,17.00
20979.00,-0.01,0.49,-0.07,0.05,0.07,3.71,0.26,0.15,785.11,-0.00,-0.00,0.00,0.01,0.00,0.00,9.00
20992.00,-0.01,0.49,0.06,0.05,0.07,9.61,0.26,0.15,453.72,-0.00,-0.00,0.00,0.01,0.01,-0.01,8.00
21000.00,-0.01,0.49,0.06,0.05,0.07,0.34,0.26,0.15,-1158.85,-0.00,-0.00,0.00,0.01,0.00,-0.01,8.00
21008.00,-0.01,0.49,-0.06,0.05,0.07,-15.53,0.26,0.15,-1984.18,-0.00,-0.00,0.00,0.01,0.00,-0.01,6.00
21014.00,-0.01,0.49,-0.04,0.05,0.07,4.03,0.26,0.15,3260.67,-0.00,-0.00,0.00,0.01,0.00,-0.01,5.00
21019.00,-0.01,0.49,0.02,0.05,0.07,12.93,0.26,0.15,1779.74,-0.00,-0.00,0.00,0.01,0.00,-0.02,9.00
21028.00,-0.01,0.49,-0.02,0.05,0.07,-4.93,0.26,0.15,-1984.71,-0.00,-0.00,0.00,0.01,0.00,-0.01,7.00
21035.00,-0.01,0.49,-0.01,0.05,0.07,1.58,0.26,0.15,930.70,-0.00,-0.00,0.00,0.02,0.01,-0.00,6.00
21041.00,-0.01,0.49,-0.01,0.05,0.07,0.18,0.26,0.15,-234.24,-0.00,-0.00,0.00,0.02,0.01,-0.00,7.00
21048.00,-0.01,0.49,-0.01,0.05,0.07,-0.15,0.26,0.15,-45.80,-0.00,-0.00,0.00,0.02,0.02,0.00,9.00
21057.00,0.00,0.50,-0.05,0.06,0.03,-4.69,0.01,-0.18,-504.99,-0.00,-0.00,0.00,0.01,0.01,0.01,5.00
21067.00,0.00,0.50,-0.02,0.06,0.03,3.49,0.01,-0.18,817.79,-0.00,-0.00,0.00,0.02,0.02,0.00,16.00
21083.00,0.00,0.50,0.06,0.06,0.03,4.97,0.01,-0.18,92.95,-0.00,-0.00,0.00,0.00,0.00,-0.00,6.00
21089.00,0.00,0.50,-0.08,0.06,0.03,-23.20,0.01,-0.18,-4695.81,-0.00,-0.00,0.00,0.00,0.00,-0.01,8.00
21097.00,0.00,0.50,-0.07,0.06,0.03,1.11,0.01,-0.18,3039.15,-0.00,-0.00,0.00,0.01,-0.01,-0.01,8.00
21105.00,0.00,0.50,-0.02,0.06,0.03,5.78,0.01,-0.18,583.70,-0.00,-0.00,0.00,-0.00,-0.02,-0.00,5.00
21110.00,0.00,0.50,-0.04,0.06,0.03,-4.00,0.01,-0.18,-1956.26,-0.00,-0.00,0.00,-0.00,-0.02,-0.00,6.00
21116.00,0.00,0.50,0.02,0.06,0.03,10.14,0.01,-0.18,2356.41,-0.00,-0.00,0.00,-0.01,-0.01,-0.00,5.00
21121.00,0.00,0.50,0.01,0.06,0.03,-1.86,0.01,-0.18,-2399.24,-0.00,-0.00,0.00,-0.01,-0.01,0.00,8.00
21129.00,0.00,0.50,0.05,0.06,0.03,4.66,0.01,-0.18,814.62,-0.00,-0.00,0.00,-0.01,-0.00,0.00,9.00
21138.00,0.00,0.50,-0.03,0.06,0.03,-8.73,0.01,-0.18,-1487.42,-0.00,-0.00,0.00,0.00,0.01,0.01,7.00
21150.00,0.00,0.50,-0.10,0.06,0.03,-5.62,0.01,-0.18,259.15,-0.00,-0.00,0.00,0.01,0.01,0.01,9.00
21159.00,0.00,0.50,-0.05,0.06,0.03,5.62,0.01,-0.18,1248.33,-0.00,-0.00,0.00,0.01,0.02,0.00,6.00
21165.00,0.00,0.50,0.03,0.06,0.03,13.67,0.01,-0.18,1342.65,-0.00,-0.00,0.00,0.01,0.01,-0.01,16.00
21181.00,0.00,0.50,0.01,0.06,0.03,-1.79,0.01,-0.18,-966.61,-0.00,-0.00,0.00,0.01,-0.00,-0.01,8.00
21189.00,0.00,0.50,0.01,0.06,0.03,0.93,0.01,-0.18,339.76,-0.00,-0.00,0.00,0.00,-0.00,-0.01,8.00
21197.00,0.00,0.50,-0.07,0.06,0.03,-9.90,0.01,-0.18,-1353.24,-0.00,-0.00,0.00,-0.02,-0.00,0.00,7.00
21204.00,0.00,0.50,0.05,0.06,0.03,16.57,0.01,-0.18,3781.83,-0.00,-0.00,0.00,-0.01,-0.01,0.00,6.00
21210.00,0.00,0.50,-0.08,0.06,0.03,-21.59,0.01,-0.18,-6360.17,-0.00,-0.00,0.00,-0.01,-0.01,0.00,6.00
21216.00,0.00,0.50,0.03,0.06,0.03,18.11,0.01,-0.18,6615.94,-0.00,-0.00,0.00,-0.01,-0.02,0.01,5.00
21221.00,0.00,0.50,-0.05,0.06,0.03,-16.24,0.01,-0.18,-6869.13,-0.00,-0.00,0.00,-0.00,-0.01,0.01,8.00
21234.00,0.00,0.50,0.13,0.06,0.03,13.90,0.01,-0.18,2318.12,-0.00,-0.00,0.00,0.00,0.00,0.01,7.00
21241.00,0.00,0.50,0.04,0.06,0.03,-12.18,0.01,-0.18,-3725.77,-0.00,-0.00,0.00,0.00,0.01,0.01,8.00
21249.00,0.00,0.50,-0.05,0.06,0.03,-11.08,0.01,-0.18,138.34,-0.00,-0.00,0.00,0.00,0.01,0.00,8.00
21257.00,0.01,0.51,-0.05,0.06,0.07,-0.68,0.00,0.19,1298.80,-0.00,-0.00,0.00,0.01,0.02,-0.01,5.00
21262.00,0.01,0.51,-0.01,0.06,0.07,9.12,0.00,0.19,1961.79,-0.00,-0.00,0.00,0.01,0.02,-0.01,18.00
21280.00,0.01,0.51,-0.15,0.06,0.07,-8.20,0.00,0.19,-962.22,-0.00,-0.00,0.00,0.02,0.01,-0.00,9.00
21289.00,0.01,0.51,0.01,0.06,0.07,17.64,0.00,0.19,2870.96,-0.00,-0.00,0.00,0.01,0.00,0.00,8.00
21297.00,0.01,0.51,0.05,0.06,0.07,6.03,0.00,0.19,-1450.98,-0.00,-0.00,0.00,-0.00,-0.00,0.01,6.00
21303.00,0.01,0.51,0.00,0.06,0.07,-8.73,0.00,0.19,-2461.64,-0.00,-0.00,0.00,-0.01,-0.00,0.01,7.00
21310.00,0.01,0.51,0.02,0.06,0.07,2.27,0.00,0.19,1572.15,-0.00,-0.00,0.00,-0.01,0.00,0.01,6.00
21325.00,0.01,0.51,0.15,0.06,0.07,8.74,0.00,0.19,431.41,-0.00,-0.00,0.00,-0.01,-0.01,-0.00,7.00
21332.00,0.01,0.51,0.01,0.06,0.07,-20.10,0.00,0.19,-4120.27,-0.00,-0.00,0.00,-0.00,-0.01,-0.00,7.00
21339.00,0.01,0.51,-0.02,0.06,0.07,-4.17,0.00,0.19,2276.00,-0.00,-0.00,0.00,0.00,-0.01,-0.01,8.00
21347.00,0.01,0.51,0.04,0.06,0.07,7.21,0.00,0.19,1422.41,-0.00,-0.00,0.00,0.00,-0.01,-0.01,6.00
21353.00,0.01,0.51,0.05,0.06,0.07,1.90,0.00,0.19,-885.89,-0.00,-0.00,0.00,0.00,-0.01,-0.01,8.00
21361.00,0.01,0.51,0.10,0.06,0.07,6.17,0.00,0.19,533.74,-0.00,-0.00,0.00,0.00,-0.00,-0.01,5.00
21366.00,0.01,0.51,-0.05,0.06,0.07,-29.73,0.00,0.19,-7179.28,-0.00,-0.00,0.00,-0.00,0.00,0.00,16.00
21382.00,0.01,0.51,0.00,0.06,0.07,3.32,0.00,0.19,2065.51,-0.00,-0.00,0.00,-0.01,-0.00,0.01,8.00
21390.00,0.01,0.51,0.02,0.06,0.07,1.81,0.00,0.19,-187.74,-0.00,-0.00,0.00,-0.02,0.00,0.00,8.00
21398.00,0.01,0.51,0.04,0.06,0.07,2.63,0.00,0.19,102.50,-0.00,-0.00,0.00,-0.01,-0.00,0.00,7.00
21410.00,0.01,0.51,-0.07,0.06,0.07,-9.13,0.00,0.19,-980.41,-0.00,-0.00,0.00,-0.01,-0.01,-0.00,6.00
21416.00,0.01,0.51,0.04,0.06,0.07,18.88,0.00,0.19,4668.18,-0.00,-0.00,0.00,-0.01,-0.02,-0.01,5.00
21421.00,0.01,0.51,0.09,0.06,0.07,10.19,0.00,0.19,-1738.28,-0.00,-0.00,0.00,-0.01,-0.02,-0.01,9.00
21430.00,0.01,0.51,0.02,0.06,0.07,-8.40,0.00,0.19,-2065.46,-0.00,-0.00,0.00,-0.02,-0.02,-0.01,8.00
21438.00,0.01,0.51,-0.03,0.06,0.07,-6.01,0.00,0.19,298.62,-0.00,-0.00,0.00,-0.02,-0.02,-0.00,5.00
21443.00,0.01,0.51,0.06,0.06,0.07,17.84,0.00,0.19,4770.95,-0.00,-0.00,0.00,-0.02,-0.02,0.00,7.00
21450.00,0.01,0.51,-0.00,0.06,0.07,-8.43,0.00,0.19,-3753.84,-0.00,-0.00,0.00,-0.02,-0.02,0.00,9.00
21459.00,0.02,0.53,-0.02,0.06,0.07,-2.49,-0.00,-0.00,660.32,-0.00,-0.00,0.00,-0.02,-0.01,0.00,5.00
21464.00,0.02,0.53,-0.05,0.06,0.07,-5.32,-0.00,-0.00,-564.92,-0.00,-0.00,0.00,-0.01,-0.00,0.00,17.00
21481.00,0.02,0.53,0.11,0.06,0.07,9.39,-0.00,-0.00,865.35,-0.00,-0.00,0.00,0.00,0.00,-0.00,9.00
21494.00,0.02,0.53,0.06,0.06,0.07,-3.74,-0.00,-0.00,-1010.66,-0.00,-0.00,0.00,0.01,0.01,-0.01,8.00
21502.00,0.02,0.53,0.08,0.06,0.07,2.12,-0.00,-0.00,733.34,-0.00,-0.00,0.00,0.01,0.01,-0.01,8.00
21510.00,0.02,0.53,0.09,0.06,0.07,1.84,-0.00,-0.00,-35.60,-0.00,-0.00,0.00,0.01,0.02,-0.01,6.00
21516.00,0.02,0.53,0.07,0.06,0.07,-4.02,-0.00,-0.00,-975.54,-0.00,-0.00,0.00,0.02,0.02,-0.00,5.00
21521.00,0.02,0.53,0.07,0.06,0.07,-0.01,-0.00,-0.00,800.39,-0.00,-0.00,0.00,0.03,0.02,0.00,6.00
21527.00,0.02,0.53,0.02,0.06,0.07,-8.55,-0.00,-0.00,-1422.18,-0.00,-0.00,0.00,0.04,0.03,0.01,5.00
21532.00,0.02,0.53,0.10,0.06,0.07,15.91,-0.00,-0.00,4891.67,-0.00,-0.00,0.00,0.04,0.03,0.00,8.00
21540.00,0.02,0.53,0.04,0.06,0.07,-7.19,-0.00,-0.00,-2887.34,-0.00,-0.00,0.00,0.04,0.04,0.00,8.00
21548.00,0.02,0.53,0.03,0.06,0.07,-1.01,-0.00,-0.00,772.44,0.00,-0.00,0.00,0.05,0.05,-0.01,7.00
21555.00,0.02,0.53,0.06,0.06,0.07,3.96,-0.00,-0.00,709.42,0.00,0.00,0.00,0.06,0.06,-0.01,6.00
21566.00,0.02,0.53,0.01,0.06,0.07,-4.14,-0.00,-0.00,-736.31,0.00,0.00,0.00,0.06,0.05,-0.02,16.00
21582.00,0.02,0.53,0.07,0.06,0.07,3.75,-0.00,-0.00,493.44,0.00,0.00,0.00,0.00,0.03,-0.00,8.00
21590.00,0.02,0.53,0.07,0.06,0.07,0.12,-0.00,-0.00,-454.03,0.00,0.00,0.00,-0.03,-0.01,0.00,9.00
21599.00,0.02,0.53,0.01,0.06,0.07,-7.28,-0.00,-0.00,-822.86,0.00,0.00,0.00,-0.01,-0.03,0.01,6.00
21605.00,0.02,0.53,-0.03,0.06,0.07,-5.95,-0.00,-0.00,222.84,0.00,0.00,0.00,0.01,-0.03,0.00,6.00
21611.00,0.02,0.53,-0.01,0.06,0.07,2.09,-0.00,-0.00,1339.29,0.00,0.00,0.00,0.02,-0.03,0.00,6.00
21617.00,0.02,0.53,0.04,0.06,0.07,8.71,-0.00,-0.00,1103.77,0.00,0.00,0.00,0.01,-0.02,-0.00,5.00
21622.00,0.02,0.53,0.03,0.06,0.07,-1.68,-0.00,-0.00,-2078.49,0.00,0.00,0.00,0.00,-0.01,-0.00,9.00
21631.00,0.02,0.53,0.08,0.06,0.07,5.44,-0.00,-0.00,791.27,0.00,0.00,0.00,-0.01,0.02,-0.00,8.00
21639.00,0.02,0.53,0.07,0.06,0.07,-0.51,-0.00,-0.00,-743.69,0.00,0.00,0.00,-0.02,0.03,-0.01,8.00
21651.00,0.02,0.53,0.10,0.06,0.07,2.26,-0.00,-0.00,230.78,0.00,0.00,0.00,0.01,0.03,-0.01,10.00
21661.00,0.02,0.53,0.04,0.00,0.04,-6.50,-0.27,-0.17,-876.44,0.00,0.00,0.00,0.02,0.01,-0.00,5.00
21666.00,0.02,0.53,0.02,0.00,0.04,-2.69,-0.27,-0.17,762.64,0.00,0.00,0.00,0.01,-0.02,0.01,16.00
21682.00,0.02,0.53,0.01,0.00,0.04,-0.73,-0.27,-0.17,122.66,0.00,0.00,0.00,-0.01,-0.02,0.01,9.00
21691.00,0.02,0.53,0.06,0.00,0.04,5.78,-0.27,-0.17,722.90,0.00,0.00,0.00,-0.01,-0.01,0.00,8.00
21699.00,0.02,0.53,0.13,0.00,0.04,7.98,-0.27,-0.17,275.58,0.00,0.00,0.00,0.01,0.01,-0.01,7.00
21706.00,0.02,0.53,0.13,0.00,0.04,0.04,-0.27,-0.17,-1135.17,0.00,0.00,0.00,0.01,0.01,-0.01,6.00
21712.00,0.02,0.53,0.07,0.00,0.04,-10.00,-0.27,-0.17,-1671.92,0.00,0.00,0.00,0.02,0.02,-0.01,6.00
21718.00,0.02,0.53,0.07,0.00,0.04,-0.06,-0.27,-0.17,1655.68,0.00,0.00,0.00,0.01,0.01,-0.01,5.00
21723.00,0.02,0.53,0.12,0.00,0.04,11.27,-0.27,-0.17,2265.43,0.00,0.00,0.00,0.00,0.01,-0.00,8.00
21735.00,0.02,0.53,0.08,0.00,0.04,-3.41,-0.27,-0.17,-1222.77,0.00,0.00,0.00,-0.01,-0.00,0.01,8.00
21743.00,0.02,0.53,0.16,0.00,0.04,9.42,-0.27,-0.17,1603.42,0.00,0.00,0.00,0.00,-0.01,0.01,7.00
21750.00,0.02,0.53,0.04,0.00,0.04,-16.56,-0.27,-0.17,-3711.68,0.00,0.00,0.00,0.01,-0.02,0.01,8.00
21758.00,0.02,0.53,0.11,0.00,0.04,8.23,-0.27,-0.17,3098.52,0.00,0.00,0.00,0.01,-0.01,-0.00,5.00
21763.00,0.02,0.53,0.07,0.00,0.04,-7.02,-0.27,-0.17,-3050.19,0.00,0.00,0.00,0.01,-0.01,-0.00,18.00
21781.00,0.02,0.53,0.10,0.00,0.04,1.52,-0.27,-0.17,474.93,0.00,0.00,0.00,-0.01,0.01,-0.01,9.00
21790.00,0.02,0.53,0.17,0.00,0.04,8.18,-0.27,-0.17,739.40,0.00,0.00,0.00,-0.00,0.01,-0.00,6.00
21796.00,0.02,0.53,0.05,0.00,0.04,-20.33,-0.27,-0.17,-4751.51,0.00,0.00,0.00,0.01,0.00,0.00,7.00
21803.00,0.02,0.53,0.05,0.00,0.04,0.19,-0.27,-0.17,2932.04,0.00,0.00,0.00,0.01,0.00,0.00,8.00
21811.00,0.02,0.53,0.11,0.00,0.04,6.62,-0.27,-0.17,802.74,0.00,0.00,0.00,0.01,-0.01,0.01,5.00
21821.00,0.02,0.53,0.15,0.00,0.04,4.21,-0.27,-0.17,-240.34,0.00,0.00,0.00,-0.01,-0.02,0.00,9.00
21830.00,0.02,0.53,0.11,0.00,0.04,-4.60,-0.27,-0.17,-979.39,0.00,0.00,0.00,-0.00,-0.01,-0.00,7.00
21837.00,0.02,0.53,0.21,0.00,0.04,14.99,-0.27,-0.17,2799.32,0.00,0.00,0.00,0.01,0.00,-0.01,6.00
21843.00,0.02,0.53,0.14,0.00,0.04,-11.42,-0.27,-0.17,-4402.33,0.00,0.00,0.00,0.01,0.01,-0.01,8.00
21851.00,0.02,0.53,0.20,0.00,0.04,6.59,-0.27,-0.17,2251.78,0.00,0.00,0.00,0.01,0.01,-0.01,8.00
21859.00,0.02,0.53,0.21,0.00,0.04,1.71,-0.27,-0.17,-611.01,0.00,0.00,0.00,0.00,0.01,-0.00,5.00
21864.00,0.03,0.56,0.18,0.05,0.11,-6.81,0.27,0.35,-1703.04,0.00,0.00,0.00,0.00,0.01,-0.00,17.00
21881.00,0.03,0.56,0.18,0.05,0.11,0.56,0.27,0.35,433.67,0.00,0.00,0.00,0.00,-0.01,0.00,9.00
21890.00,0.03,0.56,0.12,0.05,0.11,-7.63,0.27,0.35,-910.53,0.00,0.00,0.00,0.01,-0.01,-0.00,6.00
21896.00,0.03,0.56,0.18,0.05,0.11,11.30,0.27,0.35,3155.12,0.00,0.00,0.00,0.01,-0.00,-0.00,7.00
21907.00,0.03,0.56,0.14,0.05,0.11,-4.12,0.27,0.35,-1402.00,0.00,0.00,0.00,-0.00,0.01,-0.00,7.00
21914.00,0.03,0.56,0.15,0.05,0.11,1.77,0.27,0.35,841.31,0.00,0.00,0.00,-0.00,0.01,-0.00,7.00
21921.00,0.03,0.56,0.27,0.05,0.11,17.22,0.27,0.35,2207.07,0.00,0.00,0.00,0.00,0.01,-0.00,8.00
21929.00,0.03,0.56,0.09,0.05,0.11,-22.75,0.27,0.35,-4995.84,0.00,0.00,0.00,0.01,0.01,0.00,5.00
21934.00,0.03,0.56,0.18,0.05,0.11,17.97,0.27,0.35,8144.75,0.00,0.00,0.00,0.01,0.00,0.00,8.00
21942.00,0.03,0.56,0.18,0.05,0.11,-0.35,0.27,0.35,-2290.90,0.00,0.00,0.00,0.01,-0.00,0.00,8.00
21950.00,0.03,0.56,0.11,0.05,0.11,-7.82,0.27,0.35,-932.55,0.00,0.00,0.00,-0.00,-0.00,-0.00,8.00
21958.00,0.03,0.56,0.15,0.05,0.11,4.38,0.27,0.35,1524.85,0.00,0.00,0.00,-0.00,-0.00,-0.00,5.00
21963.00,0.03,0.56,0.17,0.05,0.11,3.23,0.27,0.35,-231.67,0.00,0.00,0.00,-0.00,-0.00,-0.00,16.00
21979.00,0.03,0.56,0.18,0.05,0.11,1.13,0.27,0.35,-130.91,0.00,0.00,0.00,0.00,0.01,-0.00,6.00
21994.00,0.03,0.56,0.13,0.05,0.11,-3.56,0.27,0.35,-312.87,0.00,0.00,0.00,0.00,0.01,0.00,9.00
22003.00,0.03,0.56,0.26,0.05,0.11,14.59,0.27,0.35,2017.46,0.00,0.00,0.00,0.00,0.00,0.00,8.00
22011.00,0.03,0.56,0.22,0.05,0.11,-4.57,0.27,0.35,-2395.92,0.00,0.00,0.00,-0.00,-0.00,0.00,6.00
22017.00,0.03,0.56,0.24,0.05,0.11,2.78,0.27,0.35,1224.79,0.00,0.00,0.00,0.00,-0.00,-0.00,6.00
22023.00,0.03,0.56,0.16,0.05,0.11,-14.12,0.27,0.35,-2816.71,0.00,0.00,0.00,0.00,0.00,-0.00,9.00
22032.00,0.03,0.56,0.18,0.05,0.11,2.17,0.27,0.35,1810.89,0.00,0.00,0.00,0.00,-0.00,0.00,8.00
22040.00,0.03,0.56,0.22,0.05,0.11,4.90,0.27,0.35,341.30,0.00,0.00,0.00,0.00,0.00,-0.00,7.00
22047.00,0.03,0.56,0.11,0.05,0.11,-15.63,0.27,0.35,-2933.98,0.00,0.00,0.00,0.00,0.01,0.00,6.00
22053.00,0.03,0.56,0.14,0.05,0.11,5.84,0.27,0.35,3578.86,0.00,0.00,0.00,-0.00,0.01,0.00,9.00
22062.00,0.03,0.56,0.18,0.05,0.11,4.18,0.27,0.35,-184.89,0.00,0.00,0.00,0.00,0.01,0.00,5.00
22072.00,0.04,0.57,0.11,0.05,0.07,-6.47,-0.01,-0.19,-1064.31,0.00,0.00,0.00,0.01,-0.00,0.00,18.00
22090.00,0.04,0.57,0.16,0.05,0.07,2.81,-0.01,-0.19,515.32,0.00,0.00,0.00,0.00,0.00,-0.00,6.00
22096.00,0.04,0.57,0.14,0.05,0.07,-4.49,-0.01,-0.19,-1216.64,0.00,0.00,0.00,-0.00,-0.00,-0.00,7.00
22103.00,0.04,0.57,0.10,0.05,0.07,-5.22,-0.01,-0.19,-104.19,0.00,0.00,0.00,-0.00,-0.00,-0.00,9.00
22112.00,0.04,0.57,0.20,0.05,0.07,10.60,-0.01,-0.19,1758.00,0.00,0.00,0.00,0.01,0.00,-0.00,5.00
22117.00,0.04,0.57,0.15,0.05,0.07,-9.26,-0.01,-0.19,-3972.87,0.00,0.00,0.00,0.00,0.01,-0.00,7.00
22124.00,0.04,0.57,0.15,0.05,0.07,-0.15,-0.01,-0.19,1302.31,0.00,0.00,0.00,0.00,0.01,-0.00,8.00
22132.00,0.04,0.57,0.14,0.05,0.07,-1.21,-0.01,-0.19,-132.95,0.00,0.00,0.00,0.00,-0.00,-0.00,8.00
22140.00,0.04,0.57,0.13,0.05,0.07,-1.57,-0.01,-0.19,-45.26,0.00,0.00,0.00,-0.00,-0.00,0.00,5.00
22145.00,0.04,0.57,0.21,0.05,0.07,17.64,-0.01,-0.19,3843.08,0.00,0.00,0.00,-0.00,-0.00,0.00,8.00
22157.00,0.04,0.57,0.21,0.05,0.07,-0.59,-0.01,-0.19,-1519.58,0.00,0.00,0.00,0.01,0.00,0.00,7.00
22164.00,0.04,0.57,0.12,0.05,0.07,-13.01,-0.01,-0.19,-1774.03,0.00,0.00,0.00,0.01,0.00,-0.00,7.00
22171.00,0.04,0.57,0.15,0.05,0.07,4.76,-0.01,-0.19,2538.56,0.00,0.00,0.00,0.00,0.00,-0.00,17.00
22188.00,0.04,0.57,0.19,0.05,0.07,2.46,-0.01,-0.19,-135.47,0.00,0.00,0.00,-0.00,0.00,0.00,6.00
22194.00,0.04,0.57,0.15,0.05,0.07,-6.54,-0.01,-0.19,-1499.52,0.00,0.00,0.00,0.00,-0.00,0.00,8.00
22202.00,0.04,0.57,0.11,0.05,0.07,-4.74,-0.01,-0.19,224.52,0.00,0.00,0.00,0.01,-0.00,0.00,8.00
22210.00,0.04,0.57,0.24,0.05,0.07,16.02,-0.01,-0.19,2595.24,0.00,0.00,0.00,0.01,-0.00,0.00,5.00
22215.00,0.04,0.57,0.15,0.05,0.07,-17.53,-0.01,-0.19,-6710.34,0.00,0.00,0.00,0.01,-0.00,0.00,7.00
22222.00,0.04,0.57,0.15,0.05,0.07,-0.10,-0.01,-0.19,2490.63,0.00,0.00,0.00,0.00,0.00,0.00,8.00
22230.00,0.04,0.57,0.15,0.05,0.07,-0.42,-0.01,-0.19,-39.85,0.00,0.00,0.00,0.00,-0.00,-0.00,6.00
22240.00,0.04,0.57,0.25,0.05,0.07,9.53,-0.01,-0.19,995.14,0.00,0.00,0.00,0.01,0.00,-0.01,7.00
22247.00,0.04,0.57,0.21,0.05,0.07,-4.77,-0.01,-0.19,-2043.05,0.00,0.00,0.00,0.00,0.00,-0.01,6.00
22253.00,0.04,0.57,0.24,0.05,0.07,5.22,-0.01,-0.19,1665.23,0.00,0.00,0.00,0.00,0.00,-0.01,9.00
22262.00,0.04,0.57,0.19,0.05,0.07,-5.94,-0.01,-0.19,-1240.67,0.00,0.00,0.00,0.00,0.00,0.00,5.00
22267.00,0.04,0.57,0.22,0.05,0.07,4.86,-0.01,-0.19,2160.31,0.00,0.00,0.00,0.00,0.00,0.00,16.00
22283.00,0.06,0.59,0.10,0.05,0.07,-7.04,-0.00,-0.00,-743.89,0.00,0.00,0.00,0.00,-0.01,0.01,9.00
22292.00,0.06,0.59,0.16,0.05,0.07,6.03,-0.00,-0.00,1452.61,0.00,0.00,0.00,0.00,-0.00,0.00,8.00
22300.00,0.06,0.59,0.19,0.05,0.07,4.41,-0.00,-0.00,-201.87,0.00,0.00,0.00,0.00,0.00,-0.01,5.00
22305.00,0.06,0.59,0.17,0.05,0.07,-4.60,-0.00,-0.00,-1802.62,0.00,0.00,0.00,0.00,0.00,-0.01,8.00
22313.00,0.06,0.59,0.20,0.05,0.07,3.31,-0.00,-0.00,988.02,0.00,0.00,0.00,-0.00,0.00,-0.01,6.00
22323.00,0.06,0.59,0.06,0.05,0.07,-13.60,-0.00,-0.00,-1690.60,0.00,0.00,0.00,0.00,0.01,-0.00,10.00
22333.00,0.06,0.59,0.12,0.05,0.07,5.65,-0.00,-0.00,1925.44,0.00,0.00,0.00,0.00,0.00,0.00,8.00
22341.00,0.06,0.59,0.15,0.05,0.07,4.47,-0.00,-0.00,-148.17,0.00,0.00,0.00,0.01,-0.00,0.00,7.00
22348.00,0.06,0.59,0.14,0.05,0.07,-2.30,-0.00,-0.00,-966.49,0.00,0.00,0.00,0.00,-0.01,0.01,6.00
22354.00,0.06,0.59,0.21,0.05,0.07,12.71,-0.00,-0.00,2500.46,0.00,0.00,0.00,0.00,-0.01,0.01,9.00
22363.00,0.06,0.59,0.12,0.05,0.07,-10.07,-0.00,-0.00,-2530.59,0.00,0.00,0.00,0.00,-0.00,0.00,5.00
22368.00,0.06,0.59,0.12,0.05,0.07,0.56,-0.00,-0.00,2126.51,0.00,0.00,0.00,0.00,-0.00,-0.00,16.00
22384.00,0.06,0.59,0.11,0.05,0.07,-1.15,-0.00,-0.00,-107.14,0.00,0.00,0.00,0.00,0.00,-0.01,9.00
22393.00,0.06,0.59,0.15,0.05,0.07,4.68,-0.00,-0.00,648.12,0.00,0.00,0.00,0.00,0.00,-0.00,7.00
22400.00,0.06,0.59,0.15,0.05,0.07,0.76,-0.00,-0.00,-560.55,0.00,0.00,0.00,0.00,0.00,0.00,6.00
22411.00,0.06,0.59,0.19,0.05,0.07,3.00,-0.00,-0.00,203.66,0.00,0.00,0.00,0.00,-0.00,0.01,6.00
22417.00,0.06,0.59,0.03,0.05,0.07,-26.22,-0.00,-0.00,-4870.49,0.00,0.00,0.00,0.00,-0.00,0.00,7.00
22424.00,0.06,0.59,0.27,0.05,0.07,35.12,-0.00,-0.00,8763.94,0.00,0.00,0.00,0.00,-0.00,0.00,9.00
22433.00,0.06,0.59,0.03,0.05,0.07,-27.30,-0.00,-0.00,-6936.36,0.00,0.00,0.00,0.00,-0.00,-0.00,7.00
22440.00,0.06,0.59,0.17,0.05,0.07,20.74,-0.00,-0.00,6862.87,0.00,0.00,0.00,0.00,0.00,-0.00,6.00
22446.00,0.06,0.59,0.21,0.05,0.07,5.29,-0.00,-0.00,-2573.63,0.00,0.00,0.00,0.00,0.00,-0.00,7.00
22453.00,0.06,0.59,0.14,0.05,0.07,-9.94,-0.00,-0.00,-2176.39,0.00,0.00,0.00,0.00,0.00,-0.01,9.00
22462.00,0.06,0.59,0.25,0.05,0.07,12.31,-0.00,-0.00,2472.70,0.00,0.00,0.00,-0.00,0.01,-0.01,5.00
22467.00,0.06,0.59,0.12,0.05,0.07,-25.93,-0.00,-0.00,-7648.31,0.00,0.00,0.00,0.00,0.00,-0.00,17.00
22484.00,0.07,0.59,0.12,0.06,0.03,0.09,0.01,-0.17,1530.27,0.00,0.00,0.00,0.00,-0.01,0.01,9.00
22498.00,0.07,0.59,0.12,0.06,0.03,-0.10,0.01,-0.17,-13.67,0.00,0.00,0.00,0.00,0.00,0.00,7.00
22505.00,0.07,0.59,0.20,0.06,0.03,11.47,0.01,-0.17,1654.08,0.00,0.00,0.00,0.00,0.00,0.00,8.00
22513.00,0.07,0.59,0.18,0.06,0.03,-1.94,0.01,-0.17,-1676.84,0.00,0.00,0.00,0.00,0.01,-0.00,6.00
22519.00,0.07,0.59,0.17,0.06,0.03,-2.50,0.01,-0.17,-93.18,0.00,0.00,0.00,0.00,0.01,-0.01,6.00
22525.00,0.07,0.59,0.18,0.06,0.03,1.95,0.01,-0.17,741.37,0.00,0.00,0.00,0.00,0.01,-0.01,8.00
22533.00,0.07,0.59,0.20,0.06,0.03,3.02,0.01,-0.17,133.74,0.00,0.00,0.00,0.00,0.00,-0.00,7.00
22540.00,0.07,0.59,0.18,0.06,0.03,-3.83,0.01,-0.17,-977.95,0.00,0.00,0.00,-0.00,0.00,0.00,6.00
22546.00,0.07,0.59,0.09,0.06,0.03,-14.54,0.01,-0.17,-1785.61,0.00,0.00,0.00,0.00,-0.00,0.00,7.00
22553.00,0.07,0.59,0.12,0.06,0.03,4.73,0.01,-0.17,2753.03,0.00,0.00,0.00,0.00,-0.00,0.01,8.00
22561.00,0.07,0.59,0.15,0.06,0.03,3.74,0.01,-0.17,-123.53,0.00,0.00,0.00,0.01,-0.00,0.01,5.00
22571.00,0.07,0.59,0.08,0.06,0.03,-6.77,0.01,-0.17,-1051.42,0.00,0.00,0.00,0.00,0.01,-0.00,16.00
22587.00,0.07,0.59,0.10,0.06,0.03,0.71,0.01,-0.17,467.85,0.00,0.00,0.00,-0.00,0.00,-0.01,8.00
22595.00,0.07,0.59,0.13,0.06,0.03,4.13,0.01,-0.17,426.66,0.00,0.00,0.00,-0.00,0.00,-0.01,8.00
22603.00,0.07,0.59,0.13,0.06,0.03,0.80,0.01,-0.17,-416.45,0.00,0.00,0.00,-0.00,0.01,-0.01,8.00
22611.00,0.07,0.59,0.16,0.06,0.03,3.25,0.01,-0.17,306.87,0.00,0.00,0.00,0.00,-0.00,0.00,5.00
22616.00,0.07,0.59,0.16,0.06,0.03,-0.96,0.01,-0.17,-841.62,0.00,0.00,0.00,0.00,-0.00,0.00,7.00
22623.00,0.07,0.59,0.15,0.06,0.03,-0.78,0.01,-0.17,25.21,0.00,0.00,0.00,-0.00,-0.00,0.01,6.00
22629.00,0.07,0.59,0.15,0.06,0.03,-0.50,0.01,-0.17,46.37,0.00,0.00,0.00,-0.00,-0.00,0.00,7.00
22636.00,0.07,0.59,0.22,0.06,0.03,10.12,0.01,-0.17,1517.93,0.00,0.00,0.00,0.00,-0.00,0.00,7.00
22643.00,0.07,0.59,0.19,0.06,0.03,-3.64,0.01,-0.17,-1965.74,0.00,0.00,0.00,0.00,0.00,0.00,8.00
22656.00,0.07,0.59,0.13,0.06,0.03,-4.93,0.01,-0.17,-99.60,0.00,0.00,0.00,-0.00,0.00,-0.01,9.00
22665.00,0.07,0.59,0.20,0.06,0.03,8.09,0.01,-0.17,1446.75,0.00,0.00,0.00,-0.00,0.01,-0.01,5.00
22670.00,0.07,0.59,0.23,0.06,0.03,6.36,0.01,-0.17,-345.69,0.00,0.00,0.00,-0.01,-0.00,-0.00,16.00
22686.00,0.07,0.60,0.21,0.00,0.04,-1.48,-0.27,0.02,-489.81,0.00,0.00,0.00,0.00,-0.00,0.00,8.00
22694.00,0.07,0.60,0.20,0.00,0.04,-1.57,-0.27,0.02,-11.89,0.00,0.00,0.00,0.00,-0.00,0.01,8.00
22702.00,0.07,0.60,0.18,0.00,0.04,-1.60,-0.27,0.02,-3.28,0.00,0.00,0.00,0.00,0.00,0.00,6.00
22708.00,0.07,0.60,0.21,0.00,0.04,4.49,-0.27,0.02,1015.15,0.00,0.00,0.00,-0.00,-0.00,0.00,7.00
22715.00,0.07,0.60,0.06,0.00,0.04,-22.05,-0.27,0.02,-3792.40,0.00,0.00,0.00,-0.00,-0.00,0.00,5.00
22720.00,0.07,0.60,0.11,0.00,0.04,9.98,-0.27,0.02,6407.03,0.00,0.00,0.00,-0.00,-0.00,-0.01,6.00
22726.00,0.07,0.60,0.22,0.00,0.04,19.64,-0.27,0.02,1610.77,0.00,0.00,0.00,-0.00,-0.00,-0.01,8.00
22743.00,0.07,0.60,0.13,0.00,0.04,-5.83,-0.27,0.02,-1498.73,0.00,0.00,0.00,-0.00,0.00,-0.00,8.00
22751.00,0.07,0.60,0.28,0.00,0.04,19.28,-0.27,0.02,3138.75,0.00,0.00,0.00,0.00,-0.00,0.00,5.00
22756.00,0.07,0.60,0.29,0.00,0.04,1.91,-0.27,0.02,-3472.47,0.00,0.00,0.00,0.00,-0.00,0.00,9.00
22765.00,0.07,0.60,0.18,0.00,0.04,-12.30,-0.27,0.02,-1579.40,0.00,0.00,0.00,0.00,-0.00,0.01,5.00
22770.00,0.07,0.60,0.20,0.00,0.04,4.15,-0.27,0.02,3289.70,0.00,0.00,0.00,0.00,-0.00,0.00,16.00
22786.00,0.07,0.60,0.20,0.00,0.04,0.09,-0.27,0.02,-253.66,0.00,0.00,0.00,0.00,-0.00,0.00,9.00
22795.00,0.07,0.60,0.33,0.00,0.04,13.84,-0.27,0.02,1527.28,0.00,0.00,0.00,0.00,0.00,-0.01,8.00
22803.00,0.07,0.60,0.27,0.00,0.04,-7.46,-0.27,0.02,-2662.00,0.00,0.00,0.00,0.00,0.00,-0.00,8.00
22811.00,0.07,0.60,0.13,0.00,0.04,-16.84,-0.27,0.02,-1172.98,0.00,0.00,0.00,0.00,-0.00,-0.00,5.00
22816.00,0.07,0.60,0.18,0.00,0.04,10.38,-0.27,0.02,5445.51,0.00,0.00,0.00,0.00,-0.00,-0.00,6.00
22827.00,0.07,0.60,0.29,0.00,0.04,10.06,-0.27,0.02,-29.56,0.00,0.00,0.00,0.00,-0.00,0.00,9.00
22836.00,0.07,0.60,0.18,0.00,0.04,-12.39,-0.27,0.02,-2493.71,0.00,0.00,0.00,0.00,-0.01,0.00,8.00
22844.00,0.07,0.60,0.15,0.00,0.04,-4.37,-0.27,0.02,1001.55,0.00,0.00,0.00,0.00,-0.00,0.00,8.00
22852.00,0.07,0.60,0.18,0.00,0.04,4.12,-0.27,0.02,1061.37,0.00,0.00,0.00,0.00,0.00,-0.00,5.00
22857.00,0.07,0.60,0.21,0.00,0.04,5.48,-0.27,0.02,272.40,0.00,0.00,0.00,-0.00,-0.00,-0.00,17.00
22874.00,0.07,0.60,0.16,0.00,0.04,-2.61,-0.27,0.02,-475.76,0.00,0.00,0.00,0.00,-0.00,-0.00,9.00
22883.00,0.07,0.60,0.26,0.00,0.04,10.69,-0.27,0.02,1477.47,0.00,0.00,0.00,-0.00,0.00,-0.00,5.00
22888.00,0.08,0.61,0.26,0.06,0.07,-0.14,0.27,0.17,-2164.90,0.00,0.00,0.00,-0.00,0.00,0.00,8.00
22896.00,0.08,0.61,0.17,0.06,0.07,-11.64,0.27,0.17,-1438.52,0.00,0.00,0.00,-0.00,-0.00,0.01,8.00
22904.00,0.08,0.61,0.21,0.06,0.07,6.10,0.27,0.17,2217.78,0.00,0.00,0.00,0.00,0.00,0.00,8.00
22916.00,0.08,0.61,0.23,0.06,0.07,1.62,0.27,0.17,-372.98,0.00,0.00,0.00,0.00,0.00,0.00,7.00
22923.00,0.08,0.61,0.18,0.06,0.07,-7.89,0.27,0.17,-1359.58,0.00,0.00,0.00,-0.00,0.00,-0.00,7.00
22930.00,0.08,0.61,0.14,0.06,0.07,-5.40,0.27,0.17,356.20,0.00,0.00,0.00,-0.00,0.00,-0.00,6.00
22936.00,0.08,0.61,0.16,0.06,0.07,3.80,0.27,0.17,1534.00,0.00,0.00,0.00,0.00,0.00,-0.01,8.00
22944.00,0.08,0.61,0.14,0.06,0.07,-2.35,0.27,0.17,-768.66,0.00,0.00,0.00,-0.00,0.00,-0.00,8.00
22952.00,0.08,0.61,0.12,0.06,0.07,-3.71,0.27,0.17,-170.42,0.00,0.00,0.00,0.00,0.00,-0.00,5.00
22957.00,0.08,0.61,0.17,0.06,0.07,10.37,0.27,0.17,2815.76,0.00,0.00,0.00,0.00,0.00,-0.00,18.00
22975.00,0.08,0.61,0.17,0.06,0.07,0.02,0.27,0.17,-575.06,0.00,0.00,0.00,-0.00,-0.00,0.00,10.00
22985.00,0.08,0.61,0.26,0.06,0.07,9.21,0.27,0.17,919.50,0.00,0.00,0.00,0.00,-0.00,0.00,7.00
22992.00,0.08,0.61,0.17,0.06,0.07,-12.87,0.27,0.17,-3155.07,0.00,0.00,0.00,0.00,0.00,-0.00,6.00
23002.00,0.08,0.61,0.07,0.06,0.07,-9.74,0.27,0.17,313.02,0.00,0.00,0.00,0.00,0.00,-0.00,7.00
23009.00,0.08,0.61,0.18,0.06,0.07,14.80,0.27,0.17,3505.32,0.00,0.00,0.00,0.00,0.00,-0.00,7.00
23016.00,0.08,0.61,0.22,0.06,0.07,5.78,0.27,0.17,-1287.71,0.00,0.00,0.00,0.00,0.00,-0.00,6.00
23022.00,0.08,0.61,0.20,0.06,0.07,-2.59,0.27,0.17,-1395.60,0.00,0.00,0.00,0.00,0.00,-0.00,5.00
23027.00,0.08,0.61,0.22,0.06,0.07,4.33,0.27,0.17,1384.11,0.00,0.00,0.00,0.00,0.00,-0.00,8.00
23035.00,0.08,0.61,0.22,0.06,0.07,-0.77,0.27,0.17,-637.05,0.00,0.00,0.00,0.00,-0.00,0.00,9.00
23044.00,0.08,0.61,0.28,0.06,0.07,7.05,0.27,0.17,868.56,0.00,0.00,0.00,0.00,0.00,0.00,7.00
23051.00,0.08,0.61,0.20,0.06,0.07,-11.35,0.27,0.17,-2628.49,0.00,0.00,0.00,0.00,-0.00,0.00,5.00
23056.00,0.08,0.61,0.17,0.06,0.07,-5.32,0.27,0.17,1205.62,0.00,0.00,0.00,-0.00,-0.00,0.00,19.00
23075.00,0.08,0.61,0.09,0.06,0.07,-4.54,0.27,0.17,41.27,0.00,0.00,0.00,0.00,0.00,0.00,9.00
23089.00,0.09,0.62,0.19,0.06,0.03,7.45,0.00,-0.19,856.21,0.00,0.00,0.00,0.00,-0.00,0.00,8.00
23097.00,0.09,0.62,0.19,0.06,0.03,-0.29,0.00,-0.19,-967.03,0.00,0.00,0.00,0.00,-0.00,-0.00,8.00
23105.00,0.09,0.62,0.19,0.06,0.03,0.13,0.00,-0.19,52.74,0.00,0.00,0.00,0.00,0.01,0.00,7.00
23112.00,0.09,0.62,0.11,0.06,0.03,-10.83,0.00,-0.19,-1565.73,0.00,0.00,0.00,0.00,0.00,0.00,6.00
23118.00,0.09,0.62,0.19,0.06,0.03,12.85,0.00,-0.19,3946.39,0.00,0.00,0.00,0.00,0.00,0.00,6.00
23124.00,0.09,0.62,0.18,0.06,0.03,-1.49,0.00,-0.19,-2389.74,0.00,0.00,0.00,0.00,-0.00,0.00,6.00
23130.00,0.09,0.62,0.18,0.06,0.03,0.00,0.00,-0.19,247.66,0.00,0.00,0.00,0.00,-0.00,0.00,5.00
23135.00,0.09,0.62,0.18,0.06,0.03,-0.80,0.00,-0.19,-159.37,0.00,0.00,0.00,-0.00,0.00,-0.00,7.00
23142.00,0.09,0.62,0.22,0.06,0.03,5.39,0.00,-0.19,884.55,0.00,0.00,0.00,-0.00,0.00,-0.00,6.00
23148.00,0.09,0.62,0.19,0.06,0.03,-4.73,0.00,-0.19,-1687.04,0.00,0.00,0.00,0.00,0.00,-0.00,7.00
23160.00,0.09,0.62,0.18,0.06,0.03,-0.45,0.00,-0.19,356.77,0.00,0.00,0.00,0.00,0.00,-0.00,18.00
23178.00,0.09,0.62,0.10,0.06,0.03,-4.32,0.00,-0.19,-215.22,0.00,0.00,0.00,0.00,0.00,-0.00,8.00
23186.00,0.09,0.62,0.12,0.06,0.03,1.54,0.00,-0.19,732.70,0.00,0.00,0.00,-0.00,0.00,-0.00,6.00
23192.00,0.09,0.62,0.15,0.06,0.03,5.74,0.00,-0.19,699.51,0.00,0.00,0.00,0.00,0.00,0.00,6.00
23198.00,0.09,0.62,0.17,0.06,0.03,3.38,0.00,-0.19,-393.72,0.00,0.00,0.00,0.00,0.00,-0.00,7.00
23205.00,0.09,0.62,0.17,0.06,0.03,-0.52,0.00,-0.19,-556.17,0.00,0.00,0.00,0.00,0.00,-0.00,9.00
23214.00,0.09,0.62,0.14,0.06,0.03,-3.20,0.00,-0.19,-298.13,0.00,0.00,0.00,0.00,-0.00,-0.00,5.00
23219.00,0.09,0.62,0.18,0.06,0.03,8.33,0.00,-0.19,2306.91,0.00,0.00,0.00,0.00,-0.00,0.00,7.00
23226.00,0.09,0.62,0.20,0.06,0.03,2.76,0.00,-0.19,-796.39,0.00,0.00,0.00,-0.00,-0.00,0.00,8.00
23234.00,0.09,0.62,0.16,0.06,0.03,-4.88,0.00,-0.19,-955.03,0.00,0.00,0.00,-0.00,-0.00,0.00,6.00
23245.00,0.09,0.62,0.19,0.06,0.03,2.99,0.00,-0.19,715.32,0.00,0.00,0.00,-0.00,0.00,0.00,8.00
23253.00,0.09,0.62,0.23,0.06,0.03,4.00,0.00,-0.19,126.56,0.00,0.00,0.00,0.00,-0.00,0.00,5.00
23258.00,0.09,0.62,0.29,0.06,0.03,13.43,0.00,-0.19,1885.86,0.00,0.00,0.00,0.00,0.00,-0.00,18.00
23276.00,0.09,0.62,0.14,0.06,0.03,-8.46,0.00,-0.19,-1216.12,0.00,0.00,0.00,-0.00,0.00,-0.00,9.00
23285.00,0.09,0.62,0.19,0.06,0.03,5.85,0.00,-0.19,1589.53,0.00,0.00,0.00,-0.00,0.00,-0.00,7.00
23292.00,0.10,0.64,0.21,0.05,0.07,2.22,-0.00,0.18,-518.62,0.00,0.00,0.00,-0.00,0.00,0.00,6.00
23298.00,0.10,0.64,0.23,0.05,0.07,3.85,-0.00,0.18,271.87,0.00,0.00,0.00,-0.00,0.00,-0.00,8.00
23306.00,0.10,0.64,0.15,0.05,0.07,-10.10,-0.00,0.18,-1743.31,0.00,0.00,0.00,0.00,0.00,-0.00,8.00
23314.00,0.10,0.64,0.20,0.05,0.07,6.40,-0.00,0.18,2062.81,0.00,0.00,0.00,0.00,0.00,0.00,5.00
23319.00,0.10,0.64,0.11,0.05,0.07,-18.01,-0.00,0.18,-4883.20,0.00,0.00,0.00,0.00,0.00,0.00,7.00
23331.00,0.10,0.64,0.17,0.05,0.07,4.77,-0.00,0.18,1898.36,0.00,0.00,0.00,-0.00,0.00,0.00,7.00
23338.00,0.10,0.64,0.26,0.05,0.07,12.59,-0.00,0.18,1118.06,0.00,0.00,0.00,-0.00,0.00,-0.00,8.00
23346.00,0.10,0.64,0.20,0.05,0.07,-7.53,-0.00,0.18,-2514.81,0.00,0.00,0.00,0.00,0.01,-0.00,8.00
23354.00,0.10,0.64,0.14,0.05,0.07,-6.69,-0.00,0.18,104.88,0.00,0.00,0.00,0.00,-0.00,0.00,5.00
23359.00,0.10,0.64,0.07,0.05,0.07,-14.28,-0.00,0.18,-1518.44,0.00,0.00,0.00,0.00,-0.00,0.00,18.00
23377.00,0.10,0.64,0.17,0.05,0.07,5.50,-0.00,0.18,1099.03,0.00,0.00,0.00,-0.00,-0.00,0.00,9.00
23386.00,0.10,0.64,0.13,0.05,0.07,-4.27,-0.00,0.18,-1086.46,0.00,0.00,0.00,-0.00,0.00,0.00,7.00
23393.00,0.10,0.64,0.21,0.05,0.07,10.69,-0.00,0.18,2138.15,0.00,0.00,0.00,0.00,0.00,-0.00,6.00
23399.00,0.10,0.64,0.17,0.05,0.07,-6.25,-0.00,0.18,-2824.49,0.00,0.00,0.00,0.00,0.00,-0.00,7.00
23406.00,0.10,0.64,0.11,0.05,0.07,-8.66,-0.00,0.18,-343.44,0.00,0.00,0.00,0.00,0.00,-0.00,9.00
23424.00,0.10,0.64,0.19,0.05,0.07,4.70,-0.00,0.18,741.90,0.00,0.00,0.00,0.00,-0.00,0.00,7.00
23431.00,0.10,0.64,0.13,0.05,0.07,-8.72,-0.00,0.18,-1917.05,0.00,0.00,0.00,0.00,-0.00,0.00,6.00
23437.00,0.10,0.64,0.19,0.05,0.07,9.56,-0.00,0.18,3047.06,0.00,0.00,0.00,0.00,0.00,0.00,9.00
23446.00,0.10,0.64,0.16,0.05,0.07,-3.12,-0.00,0.18,-1408.52,0.00,0.00,0.00,-0.00,0.00,0.00,7.00
23453.00,0.10,0.64,0.19,0.05,0.07,3.22,-0.00,0.18,905.86,0.00,0.00,0.00,0.00,0.00,-0.00,6.00
23459.00,0.10,0.64,0.13,0.05,0.07,-9.71,-0.00,0.18,-2155.63,0.00,0.00,0.00,0.00,0.00,-0.00,8.00
23467.00,0.10,0.64,0.10,0.05,0.07,-3.14,-0.00,0.18,821.62,0.00,0.00,0.00,-0.00,0.00,-0.00,15.00
23482.00,0.10,0.64,0.18,0.05,0.07,5.49,-0.00,0.18,575.14,0.00,0.00,0.00,0.00,0.00,-0.00,7.00
23489.00,0.10,0.64,0.02,0.05,0.07,-23.40,-0.00,0.18,-4127.23,0.00,0.00,0.00,0.00,0.00,0.00,7.00
23496.00,0.11,0.65,0.17,0.05,0.07,21.89,-0.00,-0.00,6470.40,0.00,0.00,0.00,0.00,0.00,0.00,9.00
23509.00,0.11,0.65,0.09,0.05,0.07,-6.57,-0.00,-0.00,-2189.04,0.00,0.00,0.00,0.00,-0.00,0.00,9.00
23518.00,0.11,0.65,0.22,0.05,0.07,14.85,-0.00,-0.00,2379.64,0.00,0.00,0.00,0.00,-0.00,0.00,6.00
23524.00,0.11,0.65,0.08,0.05,0.07,-23.32,-0.00,-0.00,-6361.85,0.00,0.00,0.00,0.00,0.00,-0.00,6.00
23530.00,0.11,0.65,0.03,0.05,0.07,-8.94,-0.00,-0.00,2396.74,0.00,0.00,0.00,0.00,0.00,-0.00,7.00
23537.00,0.11,0.65,0.12,0.05,0.07,13.77,-0.00,-0.00,3243.71,0.00,0.00,0.00,-0.00,0.00,-0.00,9.00
23546.00,0.11,0.65,0.18,0.05,0.07,5.83,-0.00,-0.00,-881.60,0.00,0.00,0.00,-0.00,0.00,0.00,6.00
23552.00,0.11,0.65,0.13,0.05,0.07,-8.34,-0.00,-0.00,-2361.41,0.00,0.00,0.00,-0.00,-0.00,0.00,7.00
23559.00,0.11,0.65,0.14,0.05,0.07,1.16,-0.00,-0.00,1356.31,0.00,0.00,0.00,0.00,-0.00,0.00,8.00
23567.00,0.11,0.65,0.16,0.05,0.07,3.22,-0.00,-0.00,257.51,0.00,0.00,0.00,0.00,0.00,0.00,5.00
23572.00,0.11,0.65,0.11,0.05,0.07,-11.04,-0.00,-0.00,-2850.56,0.00,0.00,0.00,0.00,0.00,0.00,6.00
23583.00,0.11,0.65,0.27,0.05,0.07,15.24,-0.00,-0.00,2388.32,0.00,0.00,0.00,-0.00,0.00,0.00,17.00
23600.00,0.11,0.65,0.20,0.05,0.07,-4.39,-0.00,-0.00,-1154.71,0.00,0.00,0.00,0.00,-0.00,-0.00,8.00
23608.00,0.11,0.65,0.17,0.05,0.07,-3.45,-0.00,-0.00,118.09,0.00,0.00,0.00,-0.00,0.00,-0.00,8.00
23616.00,0.11,0.65,0.12,0.05,0.07,-6.67,-0.00,-0.00,-402.90,0.00,0.00,0.00,-0.00,0.00,-0.00,6.00
23622.00,0.11,0.65,0.15,0.05,0.07,5.36,-0.00,-0.00,2004.96,0.00,0.00,0.00,0.00,0.00,-0.00,6.00
23628.00,0.11,0.65,0.09,0.05,0.07,-10.23,-0.00,-0.00,-2598.64,0.00,0.00,0.00,0.00,0.00,0.00,9.00
23637.00,0.11,0.65,0.21,0.05,0.07,13.66,-0.00,-0.00,2654.62,0.00,0.00,0.00,0.00,0.00,0.00,7.00
23644.00,0.11,0.65,0.17,0.05,0.07,-6.03,-0.00,-0.00,-2812.46,0.00,0.00,0.00,-0.00,0.00,-0.00,6.00
23650.00,0.11,0.65,0.07,0.05,0.07,-16.59,-0.00,-0.00,-1759.83,0.00,0.00,0.00,-0.00,0.00,0.00,7.00
23657.00,0.11,0.65,0.16,0.05,0.07,12.55,-0.00,-0.00,4162.26,0.00,0.00,0.00,0.00,-0.00,0.00,18.00
23680.00,0.11,0.65,0.15,0.05,0.07,-0.24,-0.00,-0.00,-555.75,0.00,0.00,0.00,0.00,-0.00,-0.00,9.00
23689.00,0.11,0.65,0.12,0.05,0.07,-4.14,-0.00,-0.00,-434.18,0.00,0.00,0.00,0.00,0.00,-0.00,8.00
23697.00,0.11,0.65,0.06,0.00,0.00,-6.77,-0.27,-0.35,-328.21,0.00,0.00,0.00,-0.00,-0.00,0.00,8.00
23705.00,0.11,0.65,0.14,0.00,0.00,9.37,-0.27,-0.35,2016.84,0.00,0.00,0.00,0.00,-0.00,0.00,5.00
23710.00,0.11,0.65,0.04,0.00,0.00,-18.40,-0.27,-0.35,-5553.75,0.00,0.00,0.00,0.00,-0.00,0.00,8.00
23718.00,0.11,0.65,0.13,0.00,0.00,11.14,-0.27,-0.35,3693.36,0.00,0.00,0.00,0.00,0.00,0.00,5.00
23723.00,0.11,0.65,0.11,0.00,0.00,-4.55,-0.27,-0.35,-3138.85,0.00,0.00,0.00,0.00,0.00,0.00,6.00
23729.00,0.11,0.65,0.10,0.00,0.00,-1.22,-0.27,-0.35,554.39,0.00,0.00,0.00,0.00,-0.00,-0.00,8.00
23737.00,0.11,0.65,0.10,0.00,0.00,-0.46,-0.27,-0.35,95.36,0.00,0.00,0.00,-0.00,-0.00,-0.00,8.00
23745.00,0.11,0.65,0.10,0.00,0.00,0.03,-0.27,-0.35,61.20,0.00,0.00,0.00,-0.00,-0.00,-0.00,5.00
23755.00,0.11,0.65,0.17,0.00,0.00,7.22,-0.27,-0.35,718.98,0.00,0.00,0.00,0.00,-0.00,0.00,6.00
23761.00,0.11,0.65,0.09,0.00,0.00,-13.74,-0.27,-0.35,-3493.17,0.00,0.00,0.00,-0.00,-0.00,-0.00,7.00
23768.00,0.11,0.65,0.09,0.00,0.00,-0.11,-0.27,-0.35,1947.30,0.00,0.00,0.00,-0.00,-0.00,-0.00,16.00
23784.00,0.11,0.65,0.18,0.00,0.00,5.84,-0.27,-0.35,371.84,0.00,0.00,0.00,-0.00,-0.00,0.00,6.00
23790.00,0.11,0.65,0.19,0.00,0.00,1.70,-0.27,-0.35,-689.89,0.00,0.00,0.00,0.00,-0.00,0.00,7.00
23797.00,0.11,0.65,0.12,0.00,0.00,-10.85,-0.27,-0.35,-1793.35,0.00,0.00,0.00,0.00,0.00,-0.00,9.00
23806.00,0.11,0.65,0.14,0.00,0.00,2.34,-0.27,-0.35,1466.26,0.00,0.00,0.00,-0.00,0.00,-0.00,5.00
23811.00,0.11,0.65,-0.01,0.00,0.00,-29.90,-0.27,-0.35,-6449.62,0.00,0.00,0.00,-0.00,0.00,-0.00,8.00
23819.00,0.11,0.65,0.15,0.00,0.00,20.41,-0.27,-0.35,6289.54,0.00,0.00,0.00,-0.00,0.00,-0.00,5.00
23824.00,0.11,0.65,0.07,0.00,0.00,-16.91,-0.27,-0.35,-7463.78,0.00,0.00,0.00,0.00,0.00,-0.00,6.00
23835.00,0.11,0.65,0.17,0.00,0.00,9.04,-0.27,-0.35,2359.05,0.00,0.00,0.00,0.00,0.00,0.00,6.00
23841.00,0.11,0.65,0.13,0.00,0.00,-5.21,-0.27,-0.35,-2375.52,0.00,0.00,0.00,0.00,0.00,0.00,7.00
23848.00,0.11,0.65,0.21,0.00,0.00,10.49,-0.27,-0.35,2243.63,0.00,0.00,0.00,0.00,-0.00,0.00,9.00
23857.00,0.11,0.65,0.12,0.00,0.00,-9.33,-0.27,-0.35,-2202.56,0.00,0.00,0.00,0.00,-0.00,0.00,6.00
23863.00,0.11,0.65,0.08,0.00,0.00,-7.02,-0.27,-0.35,384.13,0.00,0.00,0.00,0.00,-0.00,-0.00,16.00
23879.00,0.11,0.65,0.15,0.00,0.00,4.38,-0.27,-0.35,712.65,0.00,0.00,0.00,-0.00,-0.00,-0.00,9.00
23888.00,0.11,0.65,0.15,0.00,0.00,-0.22,-0.27,-0.35,-511.21,0.00,0.00,0.00,-0.00,0.00,-0.00,7.00
23895.00,0.11,0.65,0.11,0.00,0.00,-5.92,-0.27,-0.35,-814.41,0.00,0.00,0.00,0.00,-0.00,0.00,6.00
23901.00,0.12,0.66,0.13,0.05,0.07,4.25,0.27,0.35,1694.81,0.00,0.00,0.00,-0.00,-0.00,0.00,7.00
23908.00,0.12,0.66,0.20,0.05,0.07,9.87,0.27,0.35,802.77,0.00,0.00,0.00,-0.00,-0.00,0.00,9.00
23922.00,0.12,0.66,0.13,0.05,0.07,-5.25,0.27,0.35,-1079.95,0.00,0.00,0.00,-0.00,0.00,-0.00,8.00
23930.00,0.12,0.66,0.13,0.05,0.07,-0.54,0.27,0.35,588.98,0.00,0.00,0.00,0.00,-0.00,0.00,5.00
23935.00,0.12,0.66,0.13,0.05,0.07,0.00,0.27,0.35,108.42,0.00,0.00,0.00,0.00,0.00,-0.00,5.00
23940.00,0.12,0.66,0.11,0.05,0.07,-3.02,0.27,0.35,-604.71,0.00,0.00,0.00,0.00,0.00,-0.00,8.00
23948.00,0.12,0.66,0.11,0.05,0.07,-0.53,0.27,0.35,311.16,0.00,0.00,0.00,0.00,0.00,-0.00,8.00
23956.00,0.12,0.66,0.17,0.05,0.07,8.12,0.27,0.35,1082.29,0.00,0.00,0.00,0.00,0.00,0.00,5.00
23961.00,0.12,0.66,0.10,0.05,0.07,-14.06,0.27,0.35,-4437.30,0.00,0.00,0.00,0.00,0.00,0.00,18.00
23979.00,0.12,0.66,0.03,0.05,0.07,-3.66,0.27,0.35,578.09,0.00,0.00,0.00,-0.00,0.00,0.00,9.00
23988.00,0.12,0.66,0.13,0.05,0.07,10.69,0.27,0.35,1593.60,0.00,0.00,0.00,-0.00,0.00,0.00,7.00
23995.00,0.12,0.66,0.10,0.05,0.07,-4.82,0.27,0.35,-2215.78,0.00,0.00,0.00,0.00,0.00,0.00,6.00
24006.00,0.12,0.66,0.08,0.05,0.07,-1.39,0.27,0.35,312.49,0.00,0.00,0.00,0.00,-0.00,-0.00,6.00
24012.00,0.12,0.66,0.09,0.05,0.07,1.84,0.27,0.35,537.42,0.00,0.00,0.00,-0.00,-0.00,-0.00,7.00
24019.00,0.12,0.66,0.08,0.05,0.07,-1.61,0.27,0.35,-493.08,0.00,0.00,0.00,-0.00,-0.00,-0.00,6.00
24025.00,0.12,0.66,0.08,0.05,0.07,-0.69,0.27,0.35,153.30,0.00,0.00,0.00,-0.00,-0.00,0.00,5.00
24030.00,0.12,0.66,0.08,0.05,0.07,-0.25,0.27,0.35,88.47,0.00,0.00,0.00,-0.00,-0.00,0.00,9.00
24039.00,0.12,0.66,0.01,0.05,0.07,-7.52,0.27,0.35,-807.00,0.00,0.00,0.00,-0.00,-0.00,0.00,8.00
24047.00,0.12,0.66,0.10,0.05,0.07,11.82,0.27,0.35,2416.62,0.00,0.00,0.00,0.00,0.00,-0.00,7.00
24054.00,0.12,0.66,-0.01,0.05,0.07,-15.95,0.27,0.35,-3966.15,0.00,0.00,0.00,0.00,0.00,0.00,6.00
24060.00,0.12,0.66,0.06,0.05,0.07,11.88,0.27,0.35,4637.67,0.00,0.00,0.00,0.00,0.00,0.00,19.00
24079.00,0.12,0.66,0.16,0.05,0.07,4.93,0.27,0.35,-366.05,0.00,0.00,0.00,0.00,0.00,0.00,9.00
24093.00,0.12,0.66,0.15,0.05,0.07,-0.34,0.27,0.35,-376.48,0.00,0.00,0.00,-0.00,0.00,0.00,7.00
24100.00,0.12,0.66,0.00,0.05,0.07,-21.10,0.27,0.35,-2965.08,0.00,0.00,0.00,-0.00,0.00,0.00,8.00
24108.00,0.12,0.68,0.02,0.00,0.07,1.79,-0.26,0.02,2861.49,0.00,0.00,0.00,-0.00,0.00,0.00,8.00
24116.00,0.12,0.68,0.09,0.00,0.07,8.88,-0.26,0.02,886.34,0.00,0.00,0.00,0.00,0.01,0.00,6.00
24122.00,0.12,0.68,0.11,0.00,0.07,2.96,-0.26,0.02,-987.13,0.00,0.00,0.00,0.00,0.01,0.00,7.00
24129.00,0.12,0.68,0.09,0.00,0.07,-2.91,-0.26,0.02,-839.00,0.00,0.00,0.00,-0.00,0.00,-0.00,8.00
24137.00,0.12,0.68,0.09,0.00,0.07,0.04,-0.26,0.02,368.79,0.00,0.00,0.00,-0.00,0.00,-0.00,6.00
24143.00,0.12,0.68,0.11,0.00,0.07,4.44,-0.26,0.02,734.38,0.00,0.00,0.00,-0.00,0.00,-0.00,7.00
24150.00,0.12,0.68,-0.00,0.00,0.07,-16.88,-0.26,0.02,-3046.70,0.00,0.00,0.00,-0.00,0.00,-0.00,9.00
24159.00,0.12,0.68,0.10,0.00,0.07,11.36,-0.26,0.02,3138.21,0.00,0.00,0.00,0.00,-0.00,-0.00,8.00
24176.00,0.12,0.68,0.16,0.00,0.07,3.78,-0.26,0.02,-445.76,0.00,0.00,0.00,0.00,0.00,0.00,17.00
24193.00,0.12,0.68,0.11,0.00,0.07,-2.96,-0.26,0.02,-396.53,0.00,0.00,0.00,0.00,0.00,-0.00,7.00
24200.00,0.12,0.68,0.07,0.00,0.07,-5.89,-0.26,0.02,-419.43,0.00,0.00,0.00,0.00,0.00,0.00,8.00
24208.00,0.12,0.68,0.07,0.00,0.07,0.27,-0.26,0.02,770.07,0.00,0.00,0.00,0.00,0.00,-0.00,6.00
24214.00,0.12,0.68,-0.06,0.00,0.07,-22.01,-0.26,0.02,-3712.09,0.00,0.00,0.00,0.00,0.00,-0.00,6.00
24220.00,0.12,0.68,0.11,0.00,0.07,29.00,-0.26,0.02,8501.07,0.00,0.00,0.00,0.00,0.00,-0.00,6.00
24226.00,0.12,0.68,0.13,0.00,0.07,3.24,-0.26,0.02,-4293.86,0.00,0.00,0.00,0.00,-0.00,-0.00,5.00
24231.00,0.12,0.68,0.07,0.00,0.07,-13.08,-0.26,0.02,-3264.06,0.00,0.00,0.00,0.00,-0.00,-0.00,9.00
24240.00,0.12,0.68,0.10,0.00,0.07,4.05,-0.26,0.02,1903.89,0.00,0.00,0.00,0.00,-0.00,0.00,8.00
24248.00,0.12,0.68,0.06,0.00,0.07,-5.43,-0.26,0.02,-1185.72,0.00,0.00,0.00,-0.00,-0.00,0.00,7.00
24260.00,0.12,0.68,0.12,0.00,0.07,5.18,-0.26,0.02,884.16,0.00,0.00,0.00,0.00,0.00,-0.00,20.00
24280.00,0.12,0.68,0.10,0.00,0.07,-1.26,-0.26,0.02,-321.64,0.00,0.00,0.00,0.00,0.01,-0.00,9.00
24289.00,0.12,0.68,0.17,0.00,0.07,7.44,-0.26,0.02,966.20,0.00,0.00,0.00,0.00,0.00,-0.00,7.00
24296.00,0.12,0.68,0.13,0.00,0.07,-4.81,-0.26,0.02,-1749.07,0.00,0.00,0.00,0.00,-0.00,-0.00,6.00
24302.00,0.12,0.68,0.05,0.00,0.07,-13.20,-0.26,0.02,-1399.56,0.00,0.00,0.00,0.00,-0.00,-0.00,7.00
24309.00,0.13,0.69,0.01,0.06,0.03,-5.96,0.28,-0.20,1035.18,0.00,0.00,0.00,0.00,0.00,0.00,9.00
24318.00,0.13,0.69,0.14,0.06,0.03,14.38,0.28,-0.20,2259.99,0.00,0.00,0.00,-0.00,-0.00,-0.00,5.00
24323.00,0.13,0.69,0.08,0.06,0.03,-11.71,0.28,-0.20,-5219.02,0.00,0.00,0.00,-0.00,-0.00,-0.00,7.00
24330.00,0.13,0.69,0.16,0.06,0.03,11.37,0.28,-0.20,3296.70,0.00,0.00,0.00,-0.00,-0.01,-0.00,8.00
24338.00,0.13,0.69,0.10,0.06,0.03,-7.17,0.28,-0.20,-2317.55,0.00,0.00,0.00,-0.00,-0.00,-0.00,7.00
24350.00,0.13,0.69,0.09,0.06,0.03,-0.80,0.28,-0.20,531.57,0.00,0.00,0.00,-0.00,0.00,-0.00,10.00
24360.00,0.13,0.69,0.10,0.06,0.03,1.08,0.28,-0.20,187.23,0.00,0.00,0.00,0.00,0.00,-0.00,7.00
24367.00,0.13,0.69,0.14,0.06,0.03,5.65,0.28,-0.20,653.88,0.00,0.00,0.00,0.00,0.00,-0.00,16.00
24383.00,0.13,0.69,0.13,0.06,0.03,-1.09,0.28,-0.20,-421.69,0.00,0.00,0.00,-0.00,-0.00,0.00,8.00
24391.00,0.13,0.69,0.03,0.06,0.03,-11.51,0.28,-0.20,-1301.78,0.00,0.00,0.00,0.00,-0.00,-0.00,8.00
24399.00,0.13,0.69,0.07,0.06,0.03,3.99,0.28,-0.20,1937.01,0.00,0.00,0.00,0.00,-0.00,0.00,8.00
24407.00,0.13,0.69,0.01,0.06,0.03,-6.76,0.28,-0.20,-1343.13,0.00,0.00,0.00,0.00,0.00,-0.00,5.00
24412.00,0.13,0.69,0.09,0.06,0.03,15.29,0.28,-0.20,4409.32,0.00,0.00,0.00,-0.00,0.00,-0.00,8.00
24420.00,0.13,0.69,0.13,0.06,0.03,5.22,0.28,-0.20,-1258.99,0.00,0.00,0.00,-0.00,0.00,0.00,6.00
24426.00,0.13,0.69,-0.00,0.06,0.03,-22.17,0.28,-0.20,-4564.76,0.00,0.00,0.00,-0.00,-0.00,0.00,6.00
24436.00,0.13,0.69,0.14,0.06,0.03,14.29,0.28,-0.20,3645.79,0.00,0.00,0.00,-0.00,0.00,-0.00,7.00
24443.00,0.13,0.69,0.10,0.06,0.03,-5.51,0.28,-0.20,-2827.92,0.00,0.00,0.00,-0.00,-0.00,-0.00,7.00
24450.00,0.13,0.69,-0.06,0.06,0.03,-23.41,0.28,-0.20,-2557.72,0.00,0.00,0.00,0.00,-0.00,0.00,9.00
24459.00,0.13,0.69,0.01,0.06,0.03,7.41,0.28,-0.20,3424.83,0.00,0.00,0.00,-0.00,-0.00,0.00,6.00
24465.00,0.13,0.69,0.08,0.06,0.03,12.94,0.28,-0.20,921.85,0.00,0.00,0.00,-0.00,-0.00,0.00,16.00
24481.00,0.13,0.69,0.03,0.06,0.03,-3.20,0.28,-0.20,-1008.74,0.00,0.00,0.00,-0.00,0.00,-0.00,9.00
24490.00,0.13,0.69,0.08,0.06,0.03,4.94,0.28,-0.20,904.11,0.00,0.00,0.00,0.00,-0.00,-0.00,7.00
24497.00,0.13,0.69,0.08,0.06,0.03,1.07,0.28,-0.20,-552.69,0.00,0.00,0.00,-0.00,0.00,0.00,6.00
24503.00,0.13,0.69,0.04,0.06,0.03,-6.61,0.28,-0.20,-1279.61,0.00,0.00,0.00,0.00,-0.00,-0.00,7.00
24510.00,0.13,0.69,0.11,0.00,0.00,9.58,-0.28,-0.17,2312.04,0.00,0.00,0.00,0.00,-0.00,-0.00,9.00
24524.00,0.13,0.69,0.16,0.00,0.00,3.43,-0.28,-0.17,-439.28,0.00,0.00,0.00,-0.00,-0.00,-0.00,7.00
24531.00,0.13,0.69,0.09,0.00,0.00,-9.75,-0.28,-0.17,-1882.71,0.00,0.00,0.00,-0.00,-0.00,-0.00,9.00
24540.00,0.13,0.69,0.05,0.00,0.00,-4.43,-0.28,-0.17,591.39,0.00,0.00,0.00,0.00,-0.00,-0.00,7.00
24547.00,0.13,0.69,0.07,0.00,0.00,2.43,-0.28,-0.17,980.28,0.00,0.00,0.00,-0.00,0.00,0.00,5.00
24552.00,0.13,0.69,-0.00,0.00,0.00,-13.67,-0.28,-0.17,-3219.83,0.00,0.00,0.00,-0.00,0.00,0.00,9.00
24561.00,0.13,0.69,0.11,0.00,0.00,12.01,-0.28,-0.17,2853.11,0.00,0.00,0.00,0.00,-0.00,-0.00,8.00
24569.00,0.13,0.69,0.08,0.00,0.00,-2.84,-0.28,-0.17,-1856.20,0.00,0.00,0.00,0.00,-0.00,0.00,16.00
24585.00,0.13,0.69,-0.06,0.00,0.00,-8.86,-0.28,-0.17,-376.49,0.00,0.00,0.00,0.00,0.00,0.00,7.00
24592.00,0.13,0.69,0.05,0.00,0.00,14.99,-0.28,-0.17,3407.16,0.00,0.00,0.00,0.00,0.00,0.00,8.00
24600.00,0.13,0.69,0.04,0.00,0.00,-0.70,-0.28,-0.17,-1961.07,0.00,0.00,0.00,0.00,0.00,0.00,8.00
24612.00,0.13,0.69,0.05,0.00,0.00,0.96,-0.28,-0.17,137.96,0.00,0.00,0.00,0.00,0.00,0.00,10.00
24622.00,0.13,0.69,0.13,0.00,0.00,7.53,-0.28,-0.17,657.11,0.00,0.00,0.00,-0.00,0.00,0.00,5.00
24627.00,0.13,0.69,0.05,0.00,0.00,-16.34,-0.28,-0.17,-4773.40,0.00,0.00,0.00,0.00,0.01,0.00,6.00
24633.00,0.13,0.69,0.03,0.00,0.00,-3.67,-0.28,-0.17,2111.55,0.00,0.00,0.00,0.00,0.01,0.00,7.00
24640.00,0.13,0.69,0.10,0.00,0.00,10.71,-0.28,-0.17,2055.17,0.00,0.00,0.00,0.00,0.00,0.00,9.00
24649.00,0.13,0.69,0.01,0.00,0.00,-9.83,-0.28,-0.17,-2282.72,0.00,0.00,0.00,0.00,-0.00,0.00,6.00
24655.00,0.13,0.69,-0.09,0.00,0.00,-16.21,-0.28,-0.17,-1064.03,0.00,0.00,0.00,0.00,0.00,0.00,7.00
24662.00,0.13,0.69,0.02,0.00,0.00,14.52,-0.28,-0.17,4390.46,0.00,0.00,0.00,0.00,0.00,0.00,8.00
24670.00,0.13,0.69,0.09,0.00,0.00,8.75,-0.28,-0.17,-721.59,0.00,0.00,0.00,0.00,0.00,-0.00,15.00
24685.00,0.13,0.69,0.10,0.00,0.00,0.89,-0.28,-0.17,-523.79,0.00,0.00,0.00,-0.00,0.00,-0.00,7.00
24697.00,0.13,0.69,0.01,0.00,0.00,-7.84,-0.28,-0.17,-727.32,0.00,0.00,0.00,-0.00,0.00,0.00,6.00
24703.00,0.13,0.69,-0.00,0.00,0.00,-1.32,-0.28,-0.17,1085.54,0.00,0.00,0.00,0.00,0.00,0.00,8.00
24711.00,0.13,0.67,-0.08,0.00,-0.08,-10.02,0.00,-0.38,-1087.23,0.00,0.00,0.00,0.00,0.00,0.00,8.00
24719.00,0.13,0.67,0.11,0.00,-0.08,24.03,0.00,-0.38,4256.27,0.00,0.00,0.00,0.00,0.00,-0.00,5.00
24724.00,0.13,0.67,0.12,0.00,-0.08,1.63,0.00,-0.38,-4479.33,0.00,0.00,0.00,0.00,0.00,-0.00,7.00
24731.00,0.13,0.67,0.07,0.00,-0.08,-7.24,0.00,-0.38,-1266.92,0.00,0.00,0.00,0.00,0.00,0.00,8.00
24739.00,0.13,0.67,0.04,0.00,-0.08,-3.68,0.00,-0.38,444.33,0.00,0.00,0.00,-0.00,0.00,0.00,7.00
24746.00,0.13,0.67,0.07,0.00,-0.08,4.68,0.00,-0.38,1194.17,0.00,0.00,0.00,0.00,0.00,-0.00,6.00
24752.00,0.13,0.67,0.04,0.00,-0.08,-4.62,0.00,-0.38,-1549.33,0.00,0.00,0.00,0.00,0.00,-0.00,9.00
24761.00,0.13,0.67,0.02,0.00,-0.08,-2.58,0.00,-0.38,226.37,0.00,0.00,0.00,-0.00,0.00,0.00,7.00
24773.00,0.13,0.67,0.02,0.00,-0.08,0.28,0.00,-0.38,238.19,0.00,0.00,0.00,0.00,0.00,0.00,17.00
24790.00,0.13,0.67,0.03,0.00,-0.08,0.69,0.00,-0.38,24.21,0.00,0.00,0.00,-0.00,0.00,0.00,6.00
24796.00,0.13,0.67,0.02,0.00,-0.08,-2.30,0.00,-0.38,-498.28,0.00,0.00,0.00,-0.00,0.00,0.00,6.00
24802.00,0.13,0.67,0.14,0.00,-0.08,19.21,0.00,-0.38,3585.50,0.00,0.00,0.00,0.00,0.00,0.00,9.00
24811.00,0.13,0.67,0.01,0.00,-0.08,-13.87,0.00,-0.38,-3675.15,0.00,0.00,0.00,0.00,0.00,-0.00,7.00
24818.00,0.13,0.67,-0.01,0.00,-0.08,-2.84,0.00,-0.38,1575.03,0.00,0.00,0.00,-0.00,-0.00,0.00,6.00
24824.00,0.13,0.67,0.06,0.00,-0.08,10.97,0.00,-0.38,2301.20,0.00,0.00,0.00,-0.00,-0.00,0.00,7.00
24831.00,0.13,0.67,0.10,0.00,-0.08,5.52,0.00,-0.38,-778.45,0.00,0.00,0.00,-0.00,0.00,0.00,7.00
24838.00,0.13,0.67,-0.04,0.00,-0.08,-19.89,0.00,-0.38,-3629.76,0.00,0.00,0.00,0.00,0.00,0.00,5.00
24843.00,0.13,0.67,0.07,0.00,-0.08,22.04,0.00,-0.38,8386.79,0.00,0.00,0.00,0.00,0.00,0.00,9.00
24862.00,0.13,0.67,0.03,0.00,-0.08,-1.93,0.00,-0.38,-1261.76,0.00,0.00,0.00,0.00,0.00,0.00,19.00
24881.00,0.13,0.67,0.05,0.00,-0.08,0.91,0.00,-0.38,149.50,0.00,0.00,0.00,0.00,-0.00,0.00,8.00
24889.00,0.13,0.67,0.02,0.00,-0.08,-3.10,0.00,-0.38,-501.52,0.00,0.00,0.00,0.00,0.00,-0.00,5.00
24894.00,0.13,0.67,0.09,0.00,-0.08,13.00,0.00,-0.38,3221.38,0.00,0.00,0.00,0.00,0.00,-0.00,8.00
24902.00,0.13,0.67,0.05,0.00,-0.08,-4.36,0.00,-0.38,-2170.61,0.00,0.00,0.00,-0.00,0.00,-0.00,8.00
24910.00,0.13,0.67,0.00,0.00,-0.08,-6.00,0.00,-0.38,-205.46,0.00,0.00,0.00,0.00,0.00,-0.00,8.00
24918.00,0.13,0.67,0.05,0.00,0.00,5.68,0.00,0.37,1460.69,0.00,0.00,0.00,0.00,0.00,-0.00,5.00
24923.00,0.13,0.67,0.03,0.00,0.00,-4.78,0.00,0.37,-2092.66,0.00,0.00,0.00,0.00,0.00,-0.00,6.00
24929.00,0.13,0.67,0.09,0.00,0.00,10.54,0.00,0.37,2553.90,0.00,0.00,0.00,0.00,0.00,-0.00,5.00
24934.00,0.13,0.67,0.03,0.00,0.00,-11.32,0.00,0.37,-4372.76,0.00,0.00,0.00,0.00,0.00,0.00,8.00
24947.00,0.13,0.67,0.09,0.00,0.00,4.09,0.00,0.37,1185.21,0.00,0.00,0.00,0.00,0.00,-0.00,7.00
24954.00,0.13,0.67,-0.06,0.00,0.00,-21.29,0.00,0.37,-3625.53,0.00,0.00,0.00,0.00,0.00,-0.00,8.00
24962.00,0.13,0.67,0.01,0.00,0.00,9.58,0.00,0.37,3859.66,0.00,0.00,0.00,-0.00,0.00,-0.00,18.00
24980.00,0.13,0.67,-0.01,0.00,0.00,-1.50,0.00,0.37,-616.08,0.00,0.00,0.00,0.00,0.00,0.00,7.00
24987.00,0.13,0.67,-0.04,0.00,0.00,-3.82,0.00,0.37,-331.06,0.00,0.00,0.00,-0.00,0.00,0.00,6.00
24993.00,0.13,0.67,-0.05,0.00,0.00,-0.81,0.00,0.37,501.29,0.00,0.00,0.00,-0.00,0.00,0.00,9.00
25002.00,0.13,0.67,-0.10,0.00,0.00,-6.56,0.00,0.37,-637.83,0.00,0.00,0.00,-0.00,0.00,0.00,7.00
25009.00,0.13,0.67,0.04,0.00,0.00,20.63,0.00,0.37,3884.11,0.00,0.00,0.00,-0.00,0.00,0.00,6.00
25015.00,0.13,0.67,-0.10,0.00,0.00,-23.36,0.00,0.37,-7331.45,0.00,0.00,0.00,-0.00,0.00,0.00,7.00
25022.00,0.13,0.67,-0.07,0.00,0.00,4.86,0.00,0.37,4031.18,0.00,0.00,0.00,-0.00,0.00,0.00,6.00
25033.00,0.13,0.67,0.02,0.00,0.00,8.14,0.00,0.37,297.99,0.00,0.00,0.00,0.00,0.00,0.00,9.00
25042.00,0.13,0.67,-0.10,0.00,0.00,-13.73,0.00,0.37,-2429.67,0.00,0.00,0.00,0.00,0.00,-0.00,8.00
25050.00,0.13,0.67,0.04,0.00,0.00,17.84,0.00,0.37,3946.17,0.00,0.00,0.00,-0.00,0.00,0.00,5.00
25055.00,0.13,0.67,-0.02,0.00,0.00,-13.29,0.00,0.37,-6226.38,0.00,0.00,0.00,-0.00,0.00,0.00,7.00
25062.00,0.13,0.67,-0.07,0.00,0.00,-7.23,0.00,0.37,866.17,0.00,0.00,0.00,-0.00,0.00,0.00,19.00
25081.00,0.13,0.67,0.01,0.00,0.00,4.64,0.00,0.37,624.53,0.00,0.00,0.00,-0.00,0.00,0.00,6.00
25087.00,0.13,0.67,-0.10,0.00,0.00,-19.30,0.00,0.37,-3990.82,0.00,0.00,0.00,0.00,0.00,0.00,6.00
25093.00,0.13,0.67,-0.05,0.00,0.00,9.47,0.00,0.37,4795.55,0.00,0.00,0.00,0.00,0.00,0.00,9.00
25102.00,0.13,0.67,-0.11,0.00,0.00,-6.96,0.00,0.37,-1825.23,0.00,0.00,0.00,0.00,-0.00,-0.00,7.00
25109.00,0.13,0.67,-0.04,0.00,0.00,9.06,0.00,0.37,2288.60,0.00,0.00,0.00,0.00,-0.00,-0.00,6.00
25120.00,0.13,0.67,-0.07,0.00,0.00,-2.75,0.00,0.00,-1073.57,0.00,0.00,0.00,0.00,-0.00,-0.00,6.00
25126.00,0.13,0.67,-0.12,0.00,0.00,-7.55,0.00,0.00,-800.02,0.00,0.00,0.00,0.00,-0.00,-0.00,7.00
25133.00,0.13,0.67,-0.06,0.00,0.00,8.23,0.00,0.00,2254.38,0.00,0.00,0.00,0.00,0.00,0.00,9.00
25142.00,0.13,0.67,-0.07,0.00,0.00,-1.03,0.00,0.00,-1029.38,0.00,0.00,0.00,0.00,0.00,0.00,7.00
25149.00,0.13,0.67,-0.01,0.00,0.00,9.11,0.00,0.00,1448.43,0.00,0.00,0.00,0.00,0.00,0.00,6.00
25155.00,0.13,0.67,-0.07,0.00,0.00,-10.93,0.00,0.00,-3338.98,0.00,0.00,0.00,0.00,0.00,0.00,7.00
25162.00,0.13,0.67,-0.08,0.00,0.00,-1.40,0.00,0.00,1361.20,0.00,0.00,0.00,0.00,-0.00,0.00,18.00
25180.00,0.13,0.67,-0.13,0.00,0.00,-2.89,0.00,0.00,-82.76,0.00,0.00,0.00,-0.00,-0.00,0.00,6.00
25186.00,0.13,0.67,-0.14,0.00,0.00,-0.78,0.00,0.00,350.99,0.00,0.00,0.00,-0.00,-0.00,0.00,7.00
25193.00,0.13,0.67,-0.09,0.00,0.00,7.62,0.00,0.00,1199.54,0.00,0.00,0.00,0.00,-0.00,0.00,9.00
25207.00,0.13,0.67,-0.03,0.00,0.00,4.27,0.00,0.00,-239.21,0.00,0.00,0.00,0.00,-0.00,0.00,7.00
25214.00,0.13,0.67,-0.04,0.00,0.00,-1.96,0.00,0.00,-889.76,0.00,0.00,0.00,0.00,-0.00,0.00,6.00
25220.00,0.13,0.67,-0.04,0.00,0.00,0.00,0.00,0.00,326.93,0.00,0.00,0.00,0.00,0.00,0.00,5.00
25225.00,0.13,0.67,-0.04,0.00,0.00,0.89,0.00,0.00,177.76,0.00,0.00,0.00,0.00,0.00,0.00,6.00
25231.00,0.13,0.67,-0.06,0.00,0.00,-3.35,0.00,0.00,-706.29,0.00,0.00,0.00,0.00,0.00,0.00,6.00
25237.00,0.13,0.67,-0.04,0.00,0.00,2.73,0.00,0.00,1012.92,0.00,0.00,0.00,0.00,0.00,0.00,6.00
25243.00,0.13,0.67,-0.08,0.00,0.00,-7.12,0.00,0.00,-1641.66,0.00,0.00,0.00,0.00,0.00,0.00,9.00
25252.00,0.13,0.67,-0.06,0.00,0.00,2.28,0.00,0.00,1044.05,0.00,0.00,0.00,0.00,0.00,0.00,8.00
25260.00,0.13,0.67,-0.03,0.00,0.00,3.89,0.00,0.00,202.11,0.00,0.00,0.00,-0.00,-0.00,0.00,15.00
25275.00,0.13,0.67,-0.08,0.00,0.00,-3.05,0.00,0.00,-462.75,0.00,0.00,0.00,0.00,0.00,0.00,8.00
25287.00,0.13,0.67,-0.00,0.00,0.00,6.28,0.00,0.00,777.21,0.00,0.00,0.00,0.00,-0.00,0.00,8.00
25295.00,0.13,0.67,-0.08,0.00,0.00,-9.50,0.00,0.00,-1972.65,0.00,0.00,0.00,0.00,-0.00,0.00,8.00
25303.00,0.13,0.67,-0.04,0.00,0.00,4.28,0.00,0.00,1722.78,0.00,0.00,0.00,0.00,0.00,0.00,8.00
25311.00,0.13,0.67,-0.04,0.00,0.00,-0.09,0.00,0.00,-545.75,0.00,0.00,0.00,0.00,-0.00,0.00,5.00
25316.00,0.13,0.67,-0.02,0.00,0.00,4.58,0.00,0.00,933.78,0.00,0.00,0.00,0.00,0.00,0.00,8.00
25324.00,0.13,0.68,-0.03,0.00,0.04,-1.32,0.00,0.18,-737.87,0.00,0.00,0.00,0.00,0.00,0.00,5.00
25329.00,0.13,0.68,-0.10,0.00,0.04,-13.72,0.00,0.18,-2478.89,0.00,0.00,0.00,0.00,0.00,-0.00,6.00
25335.00,0.13,0.68,-0.00,0.00,0.04,16.20,0.00,0.18,4985.92,0.00,0.00,0.00,0.00,0.00,-0.00,8.00
25343.00,0.13,0.68,-0.05,0.00,0.04,-5.70,0.00,0.18,-2737.22,0.00,0.00,0.00,0.00,0.00,-0.00,8.00
25351.00,0.13,0.68,-0.04,0.00,0.04,0.54,0.00,0.18,780.10,0.00,0.00,0.00,0.00,-0.00,-0.00,5.00
25361.00,0.13,0.68,0.02,0.00,0.04,6.13,0.00,0.18,559.22,0.00,0.00,0.00,0.00,0.00,0.00,16.00
25377.00,0.13,0.68,-0.06,0.00,0.04,-4.74,0.00,0.18,-679.44,0.00,0.00,0.00,-0.00,-0.00,-0.00,7.00
25384.00,0.13,0.68,0.14,0.00,0.04,28.89,0.00,0.18,4803.81,0.00,0.00,0.00,-0.00,-0.00,-0.00,8.00
25392.00,0.13,0.68,0.02,0.00,0.04,-15.43,0.00,0.18,-5539.45,0.00,0.00,0.00,0.00,0.00,0.00,8.00
25400.00,0.13,0.68,-0.08,0.00,0.04,-12.35,0.00,0.18,383.88,0.00,0.00,0.00,0.00,0.00,0.00,5.00
25405.00,0.13,0.68,-0.08,0.00,0.04,-0.57,0.00,0.18,2357.72,0.00,0.00,0.00,0.00,0.00,0.00,8.00
25413.00,0.13,0.68,-0.08,0.00,0.04,0.07,0.00,0.18,79.73,0.00,0.00,0.00,-0.00,0.00,0.00,9.00
25422.00,0.13,0.68,-0.10,0.00,0.04,-2.48,0.00,0.18,-283.59,0.00,0.00,0.00,0.00,0.00,0.00,6.00
25428.00,0.13,0.68,-0.04,0.00,0.04,10.24,0.00,0.18,2120.03,0.00,0.00,0.00,0.00,0.00,0.00,6.00
25434.00,0.13,0.68,-0.10,0.00,0.04,-10.20,0.00,0.18,-3406.20,0.00,0.00,0.00,0.00,0.01,0.00,9.00
25448.00,0.13,0.68,-0.01,0.00,0.04,6.73,0.00,0.18,1209.36,0.00,0.00,0.00,-0.00,-0.00,0.00,8.00
25456.00,0.13,0.68,-0.01,0.00,0.04,-0.80,0.00,0.18,-942.34,0.00,0.00,0.00,-0.00,-0.00,0.00,7.00
25463.00,0.13,0.68,-0.08,0.00,0.04,-9.13,0.00,0.18,-1189.15,0.00,0.00,0.00,-0.00,-0.00,-0.00,18.00
25481.00,0.13,0.68,-0.02,0.00,0.04,3.51,0.00,0.18,702.35,0.00,0.00,0.00,0.00,-0.00,0.00,6.00
25487.00,0.13,0.68,-0.03,0.00,0.04,-1.81,0.00,0.18,-887.08,0.00,0.00,0.00,0.00,-0.00,0.00,7.00
25494.00,0.13,0.68,-0.05,0.00,0.04,-2.93,0.00,0.18,-160.59,0.00,0.00,0.00,0.00,0.00,0.00,9.00
25503.00,0.13,0.68,0.01,0.00,0.04,6.54,0.00,0.18,1052.62,0.00,0.00,0.00,0.00,-0.00,-0.00,6.00
25509.00,0.13,0.68,0.01,0.00,0.04,0.00,0.00,0.18,-1090.06,0.00,0.00,0.00,0.00,-0.00,-0.00,5.00
25514.00,0.13,0.68,-0.01,0.00,0.04,-4.15,0.00,0.18,-829.53,0.00,0.00,0.00,0.00,0.00,0.00,8.00
25522.00,0.13,0.68,-0.08,0.00,0.04,-8.45,0.00,0.18,-538.07,0.00,0.00,0.00,0.00,-0.01,0.00,6.00
25533.00,0.14,0.69,-0.02,0.05,0.03,4.81,0.25,-0.03,1205.75,0.00,0.00,0.00,0.00,-0.00,0.00,7.00
25540.00,0.14,0.69,0.09,0.05,0.03,15.68,0.25,-0.03,1552.38,0.00,0.00,0.00,-0.00,-0.00,0.00,5.00
25545.00,0.14,0.69,0.01,0.05,0.03,-16.18,0.25,-0.03,-6372.38,0.00,0.00,0.00,-0.00,-0.00,0.00,9.00
25554.00,0.14,0.69,-0.01,0.05,0.03,-1.33,0.25,-0.03,1651.02,0.00,0.00,0.00,0.00,0.00,0.00,8.00
25562.00,0.14,0.69,0.03,0.05,0.03,5.06,0.25,-0.03,797.72,0.00,0.00,0.00,0.00,0.00,0.00,6.00
25568.00,0.14,0.69,-0.02,0.05,0.03,-8.59,0.25,-0.03,-2273.87,0.00,0.00,0.00,0.00,0.00,0.00,7.00
25575.00,0.14,0.69,-0.04,0.05,0.03,-2.73,0.25,-0.03,836.63,0.00,0.00,0.00,0.00,0.00,0.00,15.00
25590.00,0.14,0.69,0.01,0.05,0.03,2.99,0.25,-0.03,381.02,0.00,0.00,0.00,-0.00,0.00,0.00,6.00
25596.00,0.14,0.69,-0.02,0.05,0.03,-5.23,0.25,-0.03,-1369.70,0.00,0.00,0.00,-0.00,0.00,0.00,8.00
25604.00,0.14,0.69,0.11,0.05,0.03,16.45,0.25,-0.03,2710.97,0.00,0.00,0.00,0.00,0.00,0.00,8.00
25622.00,0.14,0.69,0.05,0.05,0.03,-3.18,0.25,-0.03,-1091.06,0.00,0.00,0.00,-0.00,-0.00,0.00,6.00
25628.00,0.14,0.69,-0.01,0.05,0.03,-10.68,0.25,-0.03,-1249.38,0.00,0.00,0.00,-0.00,-0.00,0.00,6.00
25634.00,0.14,0.69,-0.02,0.05,0.03,-1.63,0.25,-0.03,1508.33,0.00,0.00,0.00,-0.00,-0.00,0.00,10.00
25644.00,0.14,0.69,0.02,0.05,0.03,4.28,0.25,-0.03,591.30,0.00,0.00,0.00,-0.00,0.00,0.00,7.00
25651.00,0.14,0.69,0.11,0.05,0.03,13.01,0.25,-0.03,1246.32,0.00,0.00,0.00,0.00,0.00,0.00,6.00
25657.00,0.14,0.69,0.09,0.05,0.03,-3.20,0.25,-0.03,-2701.39,0.00,0.00,0.00,0.00,0.00,0.00,7.00
25664.00,0.14,0.69,0.22,0.05,0.03,17.98,0.25,-0.03,3026.13,0.00,0.00,0.00,0.00,0.00,0.00,18.00
25682.00,0.14,0.69,0.12,0.05,0.03,-5.21,0.25,-0.03,-1288.46,0.00,0.00,0.00,-0.00,0.00,-0.00,7.00
25689.00,0.14,0.69,-0.01,0.05,0.03,-18.58,0.25,-0.03,-1909.44,0.00,0.00,0.00,-0.00,-0.00,-0.00,6.00
25695.00,0.14,0.69,0.14,0.05,0.03,24.42,0.25,-0.03,7166.06,0.00,0.00,0.00,0.00,-0.00,-0.00,9.00
25709.00,0.14,0.69,0.17,0.05,0.03,2.15,0.25,-0.03,-1590.58,0.00,0.00,0.00,-0.00,-0.00,0.00,7.00
25716.00,0.14,0.69,0.21,0.05,0.03,5.69,0.25,-0.03,506.04,0.00,0.00,0.00,-0.00,-0.00,0.00,8.00
25724.00,0.14,0.69,0.11,0.05,0.03,-12.25,0.25,-0.03,-2243.49,0.00,0.00,0.00,-0.00,-0.00,0.00,6.00
25730.00,0.14,0.69,0.24,0.05,0.03,21.36,0.25,-0.03,5602.86,0.00,0.00,0.00,0.00,-0.00,0.00,6.00
25736.00,0.14,0.69,0.14,0.00,0.04,-16.95,-0.26,0.03,-6384.75,0.00,0.00,0.00,0.00,-0.00,0.00,8.00
25744.00,0.14,0.69,0.19,0.00,0.04,6.08,-0.26,0.03,2878.19,0.00,0.00,0.00,0.00,-0.00,-0.00,8.00
25752.00,0.14,0.69,0.15,0.00,0.04,-4.52,-0.26,0.03,-1325.45,0.00,0.00,0.00,0.00,-0.00,-0.00,6.00
25758.00,0.14,0.69,0.18,0.00,0.04,5.10,-0.26,0.03,1604.37,0.00,0.00,0.00,0.00,-0.00,-0.00,7.00
25765.00,0.14,0.69,0.15,0.00,0.04,-4.84,-0.26,0.03,-1419.86,0.00,0.00,0.00,0.00,0.00,-0.00,9.00
25774.00,0.14,0.69,0.25,0.00,0.04,10.88,-0.26,0.03,1746.46,0.00,0.00,0.00,-0.00,-0.00,-0.00,5.00
25784.00,0.14,0.69,0.17,0.00,0.04,-7.21,-0.26,0.03,-1808.82,0.00,0.00,0.00,0.00,0.00,-0.00,17.00
25801.00,0.14,0.69,0.20,0.00,0.04,1.44,-0.26,0.03,508.52,0.00,0.00,0.00,0.00,-0.00,0.00,6.00
25807.00,0.14,0.69,0.19,0.00,0.04,-2.12,-0.26,0.03,-593.58,0.00,0.00,0.00,0.00,-0.00,0.00,7.00
25814.00,0.14,0.69,0.19,0.00,0.04,0.61,-0.26,0.03,389.98,0.00,0.00,0.00,0.00,0.00,0.00,9.00
25823.00,0.14,0.69,0.26,0.00,0.04,8.13,-0.26,0.03,835.58,0.00,0.00,0.00,-0.00,0.00,0.00,5.00
25828.00,0.14,0.69,0.22,0.00,0.04,-9.28,-0.26,0.03,-3480.36,0.00,0.00,0.00,-0.00,-0.00,0.00,8.00
25836.00,0.14,0.69,0.25,0.00,0.04,3.65,-0.26,0.03,1615.53,0.00,0.00,0.00,0.00,0.00,0.00,3.00
25839.00,0.14,0.69,0.27,0.00,0.04,7.73,-0.26,0.03,1360.47,0.00,0.00,0.00,0.00,-0.00,0.00,6.00
25845.00,0.14,0.69,0.24,0.00,0.04,-4.67,-0.26,0.03,-2066.63,0.00,0.00,0.00,0.00,-0.00,0.00,9.00
25854.00,0.14,0.69,0.21,0.00,0.04,-3.50,-0.26,0.03,130.07,0.00,0.00,0.00,-0.00,-0.01,0.00,7.00
25866.00,0.14,0.69,0.28,0.00,0.04,6.16,-0.26,0.03,805.10,0.00,0.00,0.00,-0.00,0.00,0.00,19.00
25885.00,0.14,0.69,0.08,0.00,0.04,-10.60,-0.26,0.03,-882.46,0.00,0.00,0.00,0.00,0.00,-0.00,10.00
25895.00,0.14,0.69,0.09,0.00,0.04,0.38,-0.26,0.03,1098.37,0.00,0.00,0.00,-0.00,-0.00,0.00,8.00
25903.00,0.14,0.69,0.17,0.00,0.04,11.11,-0.26,0.03,1341.72,0.00,0.00,0.00,-0.00,-0.00,-0.00,6.00
25909.00,0.14,0.69,0.20,0.00,0.04,3.60,-0.26,0.03,-1252.07,0.00,0.00,0.00,-0.00,0.00,-0.00,6.00
25915.00,0.14,0.69,0.18,0.00,0.04,-2.33,-0.26,0.03,-988.16,0.00,0.00,0.00,-0.00,0.01,0.00,10.00
25925.00,0.14,0.69,0.16,0.00,0.04,-1.91,-0.26,0.03,41.78,0.00,0.00,0.00,-0.00,0.00,0.00,5.00
25930.00,0.14,0.69,0.25,0.00,0.04,17.09,-0.26,0.03,3799.33,0.00,0.00,0.00,0.00,-0.00,0.00,7.00
25937.00,0.14,0.69,0.27,0.00,0.00,2.66,0.00,-0.19,-2061.18,0.00,0.00,0.00,0.00,-0.00,0.00,8.00
25945.00,0.14,0.69,0.15,0.00,0.00,-15.14,0.00,-0.19,-2224.97,0.00,0.00,0.00,-0.00,-0.00,0.00,8.00
25957.00,0.14,0.69,0.23,0.00,0.00,7.16,0.00,-0.19,1858.54,0.00,0.00,0.00,-0.00,-0.00,0.00,9.00
25966.00,0.14,0.69,0.18,0.00,0.00,-5.53,0.00,-0.19,-1410.08,0.00,0.00,0.00,0.00,0.00,0.00,19.00
25985.00,0.14,0.69,0.17,0.00,0.00,-0.84,0.00,-0.19,247.10,0.00,0.00,0.00,-0.00,0.00,0.00,9.00
25994.00,0.14,0.69,0.20,0.00,0.00,3.58,0.00,-0.19,490.87,0.00,0.00,0.00,0.00,0.00,0.00,7.00
26001.00,0.14,0.69,0.16,0.00,0.00,-6.03,0.00,-0.19,-1372.72,0.00,0.00,0.00,-0.00,0.00,-0.00,6.00
26007.00,0.14,0.69,0.26,0.00,0.00,16.89,0.00,-0.19,3819.28,0.00,0.00,0.00,-0.00,-0.00,-0.00,8.00
26015.00,0.14,0.69,0.26,0.00,0.00,0.81,0.00,-0.19,-2009.83,0.00,0.00,0.00,0.00,0.00,-0.00,8.00
26023.00,0.14,0.69,0.22,0.00,0.00,-5.46,0.00,-0.19,-783.34,0.00,0.00,0.00,0.00,-0.00,-0.00,5.00
26028.00,0.14,0.69,0.23,0.00,0.00,2.21,0.00,-0.19,1533.86,0.00,0.00,0.00,0.00,-0.00,-0.00,7.00
26035.00,0.14,0.69,0.13,0.00,0.00,-14.24,0.00,-0.19,-2351.01,0.00,0.00,0.00,0.00,-0.00,-0.00,8.00
26048.00,0.14,0.69,0.26,0.00,0.00,9.51,0.00,-0.19,1827.02,0.00,0.00,0.00,-0.00,-0.00,0.00,8.00
26056.00,0.14,0.69,0.22,0.00,0.00,-4.89,0.00,-0.19,-1799.11,0.00,0.00,0.00,-0.00,-0.00,0.00,9.00
26065.00,0.14,0.69,0.15,0.00,0.00,-7.88,0.00,-0.19,-333.12,0.00,0.00,0.00,0.00,0.00,0.00,17.00
26082.00,0.14,0.69,0.09,0.00,0.00,-3.02,0.00,-0.19,286.05,0.00,0.00,0.00,0.00,0.00,-0.00,6.00
26088.00,0.14,0.69,0.09,0.00,0.00,-0.26,0.00,-0.19,460.89,0.00,0.00,0.00,0.00,0.00,-0.00,7.00
26095.00,0.14,0.69,0.18,0.00,0.00,12.63,0.00,-0.19,1841.06,0.00,0.00,0.00,0.00,0.01,-0.00,9.00
26104.00,0.14,0.69,0.12,0.00,0.00,-6.90,0.00,-0.19,-2170.18,0.00,0.00,0.00,-0.00,-0.00,-0.00,5.00
26109.00,0.14,0.69,0.06,0.00,0.00,-12.54,0.00,-0.19,-1127.84,0.00,0.00,0.00,-0.00,-0.00,0.00,8.00
26117.00,0.14,0.69,0.08,0.00,0.00,2.65,0.00,-0.19,1898.48,0.00,0.00,0.00,0.00,-0.00,0.00,8.00
26125.00,0.14,0.69,0.10,0.00,0.00,3.36,0.00,-0.19,88.40,0.00,0.00,0.00,0.00,0.00,0.00,6.00
26136.00,0.14,0.69,0.12,0.00,0.00,0.98,0.00,-0.19,-215.92,0.00,0.00,0.00,0.00,-0.00,0.00,9.00
26145.00,0.14,0.71,0.03,0.00,0.07,-9.74,0.00,0.35,-1191.31,0.00,0.00,0.00,0.00,0.00,-0.00,6.00
26151.00,0.14,0.71,0.03,0.00,0.07,0.58,0.00,0.35,1720.50,0.00,0.00,0.00,0.00,0.00,0.00,7.00
26158.00,0.14,0.71,0.11,0.00,0.07,11.90,0.00,0.35,1617.40,0.00,0.00,0.00,0.00,0.00,0.00,7.00
26165.00,0.14,0.71,0.02,0.00,0.07,-13.58,0.00,0.35,-3639.96,0.00,0.00,0.00,-0.00,-0.00,0.00,18.00
26183.00,0.14,0.71,0.07,0.00,0.07,2.92,0.00,0.35,916.22,0.00,0.00,0.00,0.00,-0.01,0.00,6.00
26189.00,0.14,0.71,0.05,0.00,0.07,-3.02,0.00,0.35,-990.08,0.00,0.00,0.00,-0.00,-0.01,0.00,7.00
26196.00,0.14,0.71,0.04,0.00,0.07,-2.42,0.00,0.35,86.09,0.00,0.00,0.00,-0.00,-0.00,0.00,9.00
26205.00,0.14,0.71,0.10,0.00,0.07,6.58,0.00,0.35,1000.69,0.00,0.00,0.00,-0.00,-0.00,0.00,7.00
26212.00,0.14,0.71,0.07,0.00,0.07,-3.98,0.00,0.35,-1508.87,0.00,0.00,0.00,-0.00,0.00,0.00,6.00
26223.00,0.14,0.71,0.03,0.00,0.07,-3.12,0.00,0.35,77.70,0.00,0.00,0.00,0.00,0.00,-0.00,7.00
26230.00,0.14,0.71,0.19,0.00,0.07,21.69,0.00,0.35,3544.41,0.00,0.00,0.00,0.00,0.00,-0.00,6.00
26236.00,0.14,0.71,0.14,0.00,0.07,-7.26,0.00,0.35,-4824.07,0.00,0.00,0.00,0.00,0.00,-0.00,9.00
26245.00,0.14,0.71,0.03,0.00,0.07,-12.58,0.00,0.35,-591.73,0.00,0.00,0.00,0.00,0.00,0.00,6.00
26251.00,0.14,0.71,0.10,0.00,0.07,12.39,0.00,0.35,4162.46,0.00,0.00,0.00,-0.00,0.00,0.00,7.00
26258.00,0.14,0.71,0.12,0.00,0.07,3.12,0.00,0.35,-1324.22,0.00,0.00,0.00,-0.00,-0.00,0.00,8.00
26266.00,0.14,0.71,0.08,0.00,0.07,-5.99,0.00,0.35,-1139.37,0.00,0.00,0.00,0.00,-0.01,0.00,17.00
26283.00,0.14,0.71,0.12,0.00,0.07,2.24,0.00,0.35,484.04,0.00,0.00,0.00,-0.00,-0.00,0.00,6.00
26289.00,0.14,0.71,0.15,0.00,0.07,5.64,0.00,0.35,566.71,0.00,0.00,0.00,-0.00,-0.00,0.00,7.00
26296.00,0.14,0.71,0.04,0.00,0.07,-15.55,0.00,0.35,-3027.19,0.00,0.00,0.00,0.00,0.00,0.00,9.00
26315.00,0.14,0.71,0.07,0.00,0.07,1.33,0.00,0.35,888.54,0.00,0.00,0.00,0.00,0.00,-0.00,6.00
26321.00,0.14,0.71,0.21,0.00,0.07,23.38,0.00,0.35,3675.78,0.00,0.00,0.00,-0.00,-0.00,-0.00,7.00
26328.00,0.14,0.71,0.16,0.00,0.07,-6.63,0.00,0.35,-4287.59,0.00,0.00,0.00,-0.00,-0.00,0.00,6.00
26334.00,0.14,0.71,0.09,0.00,0.07,-10.82,0.00,0.35,-698.73,0.00,0.00,0.00,0.00,-0.00,0.00,4.00
26338.00,0.14,0.71,0.09,0.00,0.07,0.00,0.00,0.35,2705.33,0.00,0.00,0.00,0.00,-0.00,0.00,4.00
26342.00,0.14,0.71,0.10,0.00,0.07,1.53,0.00,0.35,381.50,0.00,0.00,0.00,-0.00,-0.00,0.00,6.00
26348.00,0.16,0.73,0.20,0.05,0.11,16.51,0.27,0.17,2497.98,0.00,0.00,0.00,-0.00,-0.00,0.00,8.00
26356.00,0.16,0.73,0.17,0.05,0.11,-3.77,0.27,0.17,-2535.84,0.00,0.00,0.00,0.00,0.00,0.00,8.00
26364.00,0.16,0.73,0.19,0.05,0.11,2.19,0.27,0.17,744.95,0.00,0.00,0.00,0.00,-0.00,0.00,5.00
26369.00,0.16,0.73,0.15,0.05,0.11,-7.51,0.27,0.17,-1939.14,0.00,0.00,0.00,0.00,0.00,0.00,18.00
26392.00,0.16,0.73,0.15,0.05,0.11,0.02,0.27,0.17,327.53,0.00,0.00,0.00,0.00,-0.00,-0.00,7.00
26399.00,0.16,0.73,0.25,0.05,0.11,14.10,0.27,0.17,2010.48,0.00,0.00,0.00,0.00,-0.00,-0.00,7.00
26406.00,0.16,0.73,0.17,0.05,0.11,-11.39,0.27,0.17,-3640.48,0.00,0.00,0.00,0.00,-0.00,-0.00,9.00
26415.00,0.16,0.73,0.11,0.05,0.11,-6.51,0.27,0.17,541.21,0.00,0.00,0.00,-0.00,0.00,0.00,5.00
26420.00,0.16,0.73,0.12,0.05,0.11,1.24,0.27,0.17,1551.98,0.00,0.00,0.00,-0.00,0.00,0.00,8.00
26428.00,0.16,0.73,0.03,0.05,0.11,-10.20,0.27,0.17,-1430.63,0.00,0.00,0.00,0.00,0.00,0.00,5.00
26433.00,0.16,0.73,-0.01,0.05,0.11,-9.26,0.27,0.17,187.98,0.00,0.00,0.00,-0.00,0.00,0.00,6.00
26439.00,0.16,0.73,0.14,0.05,0.11,25.81,0.27,0.17,5845.27,0.00,0.00,0.00,-0.00,0.00,0.00,8.00
26447.00,0.16,0.73,0.15,0.05,0.11,0.57,0.27,0.17,-3155.06,0.00,0.00,0.00,-0.00,0.00,-0.00,8.00
26455.00,0.16,0.73,0.13,0.05,0.11,-2.58,0.27,0.17,-393.90,0.00,0.00,0.00,-0.00,0.00,-0.00,5.00
26465.00,0.16,0.73,0.15,0.05,0.11,2.39,0.27,0.17,497.28,0.00,0.00,0.00,-0.00,-0.00,-0.00,17.00
26482.00,0.16,0.73,0.07,0.05,0.11,-4.69,0.27,0.17,-416.47,0.00,0.00,0.00,0.00,-0.00,0.00,7.00
26489.00,0.16,0.73,0.05,0.05,0.11,-2.55,0.27,0.17,305.66,0.00,0.00,0.00,0.00,0.00,0.00,8.00
26497.00,0.16,0.73,0.17,0.05,0.11,15.12,0.27,0.17,2208.03,0.00,0.00,0.00,0.00,0.00,0.00,8.00
26505.00,0.16,0.73,0.02,0.05,0.11,-19.85,0.27,0.17,-4370.68,0.00,0.00,0.00,-0.00,0.00,0.00,5.00
26510.00,0.16,0.73,0.05,0.05,0.11,6.68,0.27,0.17,5305.18,0.00,0.00,0.00,-0.00,0.00,0.00,8.00
26518.00,0.16,0.73,-0.00,0.05,0.11,-6.47,0.27,0.17,-1643.02,0.00,0.00,0.00,-0.00,0.00,-0.00,8.00
26526.00,0.16,0.73,0.06,0.05,0.11,8.34,0.27,0.17,1850.41,0.00,0.00,0.00,-0.00,-0.00,0.00,6.00
26532.00,0.16,0.73,0.11,0.05,0.11,8.39,0.27,0.17,9.33,0.00,0.00,0.00,0.00,-0.00,-0.00,6.00
26538.00,0.16,0.73,0.07,0.05,0.11,-7.57,0.27,0.17,-2660.31,0.00,0.00,0.00,0.00,-0.00,-0.00,9.00
26552.00,0.16,0.75,0.19,0.00,0.08,8.51,-0.27,-0.16,1148.52,0.00,0.00,0.00,0.00,-0.00,-0.00,8.00
26560.00,0.16,0.75,0.03,0.00,0.08,-20.13,-0.27,-0.16,-3580.15,0.00,0.00,0.00,0.00,-0.00,-0.00,7.00
26567.00,0.16,0.75,0.05,0.00,0.08,2.62,-0.27,-0.16,3249.81,0.00,0.00,0.00,0.00,-0.01,0.00,18.00
26585.00,0.16,0.75,0.07,0.00,0.08,1.30,-0.27,-0.16,-73.34,0.00,0.00,0.00,0.00,-0.00,0.00,7.00
26592.00,0.16,0.75,0.11,0.00,0.08,6.33,-0.27,-0.16,718.32,0.00,0.00,0.00,-0.00,0.00,0.00,6.00
26598.00,0.16,0.75,0.17,0.00,0.08,9.24,-0.27,-0.16,485.70,0.00,0.00,0.00,-0.00,0.00,0.00,9.00
26607.00,0.16,0.75,0.11,0.00,0.08,-6.24,-0.27,-0.16,-1719.94,0.00,0.00,0.00,0.00,-0.00,0.00,7.00
26614.00,0.16,0.75,0.15,0.00,0.08,5.39,-0.27,-0.16,1661.46,0.00,0.00,0.00,0.00,0.00,0.00,6.00
26620.00,0.16,0.75,0.12,0.00,0.08,-4.80,-0.27,-0.16,-1698.58,0.00,0.00,0.00,0.00,0.00,0.00,7.00
26627.00,0.16,0.75,0.13,0.00,0.08,1.68,-0.27,-0.16,926.10,0.00,0.00,0.00,-0.00,0.00,0.00,6.00
26638.00,0.16,0.75,0.11,0.00,0.08,-2.50,-0.27,-0.16,-380.30,0.00,0.00,0.00,-0.00,-0.00,0.00,10.00
26648.00,0.16,0.75,0.09,0.00,0.08,-1.92,-0.27,-0.16,58.06,0.00,0.00,0.00,-0.00,0.00,0.00,8.00
26656.00,0.16,0.75,0.07,0.00,0.08,-1.68,-0.27,-0.16,30.37,0.00,0.00,0.00,0.00,-0.00,0.00,6.00
26662.00,0.16,0.75,-0.00,0.00,0.08,-12.91,-0.27,-0.16,-1871.81,0.00,0.00,0.00,0.00,0.00,0.00,7.00
26669.00,0.16,0.75,0.12,0.00,0.08,17.24,-0.27,-0.16,4307.47,0.00,0.00,0.00,0.00,0.00,0.00,18.00
26687.00,0.16,0.75,0.05,0.00,0.08,-3.72,-0.27,-0.16,-1164.62,0.00,0.00,0.00,-0.00,-0.00,0.00,8.00
26695.00,0.16,0.75,0.14,0.00,0.08,11.38,-0.27,-0.16,1887.65,0.00,0.00,0.00,0.00,0.00,0.00,5.00
26700.00,0.16,0.75,0.07,0.00,0.08,-13.33,-0.27,-0.16,-4942.90,0.00,0.00,0.00,0.00,0.00,0.00,8.00
26708.00,0.16,0.75,0.00,0.00,0.08,-8.70,-0.27,-0.16,578.72,0.00,0.00,0.00,0.00,0.00,0.00,9.00
26717.00,0.16,0.75,0.01,0.00,0.08,0.85,-0.27,-0.16,1060.98,0.00,0.00,0.00,0.00,0.00,0.00,7.00
26729.00,0.16,0.75,0.09,0.00,0.08,6.28,-0.27,-0.16,452.62,0.00,0.00,0.00,-0.00,0.00,0.00,7.00
26736.00,0.16,0.75,0.05,0.00,0.08,-5.07,-0.27,-0.16,-1620.99,0.00,0.00,0.00,-0.00,0.00,0.00,5.00
26741.00,0.16,0.75,-0.02,0.00,0.08,-14.79,-0.27,-0.16,-1943.49,0.00,0.00,0.00,-0.00,0.00,-0.00,8.00
26749.00,0.16,0.75,-0.04,0.00,0.08,-1.71,-0.27,-0.16,1634.30,0.00,0.00,0.00,0.00,0.00,-0.00,8.00
26757.00,0.17,0.76,-0.01,0.05,0.07,3.72,0.26,-0.02,678.86,0.00,0.00,0.00,0.00,0.00,-0.00,8.00
26765.00,0.17,0.76,0.06,0.05,0.07,8.37,0.26,-0.02,581.45,0.00,0.00,0.00,-0.00,0.00,0.00,5.00
26770.00,0.17,0.76,0.05,0.05,0.07,-1.42,0.26,-0.02,-1957.08,0.00,0.00,0.00,-0.00,0.00,0.00,18.00
26788.00,0.17,0.76,-0.00,0.05,0.07,-3.01,0.26,-0.02,-88.73,0.00,0.00,0.00,-0.00,-0.00,0.00,9.00
26797.00,0.17,0.76,0.05,0.05,0.07,5.85,0.26,-0.02,984.66,0.00,0.00,0.00,0.00,-0.00,-0.00,6.00
26803.00,0.17,0.76,0.17,0.05,0.07,19.24,0.26,-0.02,2231.65,0.00,0.00,0.00,0.00,0.00,-0.00,6.00
26814.00,0.17,0.76,-0.02,0.05,0.07,-16.74,0.26,-0.02,-3270.71,0.00,0.00,0.00,-0.00,0.00,0.00,7.00
26821.00,0.17,0.76,0.06,0.05,0.07,10.59,0.26,-0.02,3904.71,0.00,0.00,0.00,-0.00,0.00,0.00,7.00
26828.00,0.17,0.76,0.17,0.05,0.07,16.64,0.26,-0.02,863.51,0.00,0.00,0.00,0.00,0.00,0.00,6.00
26834.00,0.17,0.76,0.16,0.05,0.07,-1.96,0.26,-0.02,-3099.50,0.00,0.00,0.00,-0.00,-0.00,0.00,5.00
26839.00,0.17,0.76,0.11,0.05,0.07,-10.45,0.26,-0.02,-1698.45,0.00,0.00,0.00,-0.00,-0.00,0.00,9.00
26848.00,0.17,0.76,0.08,0.05,0.07,-3.81,0.26,-0.02,737.98,0.00,0.00,0.00,0.00,-0.01,0.00,8.00
26856.00,0.17,0.76,0.07,0.05,0.07,-0.42,0.26,-0.02,423.53,0.00,0.00,0.00,-0.00,-0.01,0.00,6.00
26862.00,0.17,0.76,0.10,0.05,0.07,4.47,0.26,-0.02,814.73,0.00,0.00,0.00,-0.00,-0.01,0.00,6.00
26868.00,0.17,0.76,0.04,0.05,0.07,-9.42,0.26,-0.02,-2315.08,0.00,0.00,0.00,-0.00,-0.00,0.00,19.00
26887.00,0.17,0.76,0.01,0.05,0.07,-1.81,0.26,-0.02,400.47,0.00,0.00,0.00,0.00,0.00,0.00,7.00
26899.00,0.17,0.76,0.06,0.05,0.07,4.10,0.26,-0.02,493.02,0.00,0.00,0.00,0.00,0.01,-0.00,9.00
26908.00,0.17,0.76,0.06,0.05,0.07,-0.10,0.26,-0.02,-467.30,0.00,0.00,0.00,0.00,-0.00,0.00,8.00
26916.00,0.17,0.76,0.02,0.05,0.07,-4.52,0.26,-0.02,-552.27,0.00,0.00,0.00,0.00,-0.00,0.00,6.00
26922.00,0.17,0.76,0.08,0.05,0.07,10.09,0.26,-0.02,2434.73,0.00,0.00,0.00,0.00,-0.00,0.00,7.00
26929.00,0.17,0.76,0.02,0.05,0.07,-8.48,0.26,-0.02,-2652.04,0.00,0.00,0.00,0.00,-0.00,0.00,6.00
26935.00,0.17,0.76,0.04,0.05,0.07,3.90,0.26,-0.02,2063.09,0.00,0.00,0.00,0.00,-0.00,0.00,5.00
26940.00,0.17,0.76,0.06,0.05,0.07,3.93,0.26,-0.02,5.15,0.00,0.00,0.00,0.00,-0.00,0.00,9.00
26949.00,0.17,0.76,0.18,0.05,0.07,12.95,0.26,-0.02,1002.64,0.00,0.00,0.00,0.00,0.00,-0.00,9.00
26958.00,0.17,0.78,0.17,0.00,0.08,-1.10,-0.27,0.03,-1561.14,0.00,0.00,0.00,-0.00,0.00,0.00,7.00
26965.00,0.17,0.78,0.12,0.00,0.08,-7.10,-0.27,0.03,-857.24,0.00,0.00,0.00,0.00,0.00,-0.00,5.00
26975.00,0.17,0.78,0.07,0.00,0.08,-4.83,-0.27,0.03,226.68,0.00,0.00,0.00,0.00,0.00,0.00,16.00
26991.00,0.17,0.78,-0.03,0.00,0.08,-6.65,-0.27,0.03,-113.67,0.00,0.00,0.00,-0.00,0.00,0.00,8.00
26999.00,0.17,0.78,-0.06,0.00,0.08,-2.78,-0.27,0.03,483.61,0.00,0.00,0.00,0.00,-0.00,0.00,9.00
27008.00,0.17,0.78,0.10,0.00,0.08,17.09,-0.27,0.03,2207.76,0.00,0.00,0.00,0.00,-0.00,0.00,7.00
27015.00,0.17,0.78,0.04,0.00,0.08,-7.92,-0.27,0.03,-3572.01,0.00,0.00,0.00,0.00,0.00,-0.00,5.00
27020.00,0.17,0.78,0.04,0.00,0.08,-0.08,-0.27,0.03,1567.80,0.00,0.00,0.00,0.00,0.00,-0.00,9.00
27029.00,0.17,0.78,0.07,0.00,0.08,2.87,-0.27,0.03,327.61,0.00,0.00,0.00,0.00,0.00,-0.00,5.00
27034.00,0.17,0.78,0.03,0.00,0.08,-7.82,-0.27,0.03,-2137.93,0.00,0.00,0.00,-0.00,-0.00,-0.00,7.00
27041.00,0.17,0.78,0.03,0.00,0.08,0.21,-0.27,0.03,1147.82,0.00,0.00,0.00,-0.00,-0.00,-0.01,7.00
27048.00,0.17,0.78,0.06,0.00,0.08,4.33,-0.27,0.03,588.28,0.00,0.00,0.00,0.00,-0.00,-0.00,7.00
27065.00,0.17,0.78,0.06,0.00,0.08,0.00,-0.27,0.03,-254.88,0.00,0.00,0.00,0.00,0.00,0.00,15.00
27080.00,0.17,0.78,0.04,0.00,0.08,-1.53,-0.27,0.03,-101.75,0.00,0.00,0.00,-0.00,-0.00,0.00,6.00
27086.00,0.17,0.78,0.09,0.00,0.08,8.20,-0.27,0.03,1620.26,0.00,0.00,0.00,-0.00,0.00,-0.00,5.00
27091.00,0.17,0.78,0.03,0.00,0.08,-12.35,-0.27,0.03,-4109.99,0.00,0.00,0.00,-0.00,0.00,-0.00,9.00
27100.00,0.17,0.78,0.06,0.00,0.08,3.70,-0.27,0.03,1783.47,0.00,0.00,0.00,-0.00,0.00,-0.00,8.00
27108.00,0.17,0.78,0.18,0.00,0.08,15.21,-0.27,0.03,1439.03,0.00,0.00,0.00,0.00,0.00,-0.00,7.00
27115.00,0.17,0.78,0.12,0.00,0.08,-9.00,-0.27,0.03,-3458.91,0.00,0.00,0.00,0.00,0.00,0.00,6.00
27121.00,0.17,0.78,0.14,0.00,0.08,3.46,-0.27,0.03,2077.90,0.00,0.00,0.00,0.00,0.00,0.00,8.00
27129.00,0.17,0.78,0.12,0.00,0.08,-2.21,-0.27,0.03,-708.93,0.00,0.00,0.00,0.00,0.00,0.00,6.00
27135.00,0.17,0.78,0.14,0.00,0.08,3.66,-0.27,0.03,978.18,0.00,0.00,0.00,0.00,0.00,0.00,6.00
27146.00,0.17,0.78,0.13,0.00,0.08,-1.43,-0.27,0.03,-462.88,0.00,0.00,0.00,-0.00,-0.00,0.00,6.00
27152.00,0.17,0.78,0.18,0.00,0.08,9.19,-0.27,0.03,1770.60,0.00,0.00,0.00,-0.00,-0.00,0.00,7.00
27159.00,0.18,0.80,0.07,0.06,0.15,-15.54,0.28,0.36,-3533.12,0.00,0.00,0.00,0.00,0.00,0.00,18.00
27177.00,0.18,0.80,0.09,0.06,0.15,1.00,0.28,0.36,918.58,0.00,0.00,0.00,0.00,0.00,-0.00,6.00
27183.00,0.18,0.80,0.16,0.06,0.15,11.75,0.28,0.36,1792.69,0.00,0.00,0.00,0.00,0.00,-0.00,6.00
27189.00,0.18,0.80,0.06,0.06,0.15,-16.57,0.28,0.36,-4720.63,0.00,0.00,0.00,-0.00,0.00,-0.00,8.00
27197.00,0.18,0.80,0.19,0.06,0.15,15.43,0.28,0.36,4000.79,0.00,0.00,0.00,-0.00,0.00,-0.00,5.00
27202.00,0.18,0.80,0.10,0.06,0.15,-17.40,0.28,0.36,-6567.84,0.00,0.00,0.00,-0.00,0.00,-0.00,7.00
27209.00,0.18,0.80,0.10,0.06,0.15,0.91,0.28,0.36,2616.97,0.00,0.00,0.00,-0.00,-0.01,0.00,7.00
27216.00,0.18,0.80,0.07,0.06,0.15,-5.49,0.28,0.36,-914.79,0.00,0.00,0.00,-0.00,-0.00,0.00,6.00
27227.00,0.18,0.80,0.13,0.06,0.15,5.81,0.28,0.36,1026.81,0.00,0.00,0.00,-0.00,-0.00,-0.00,6.00
27233.00,0.18,0.80,0.19,0.06,0.15,10.67,0.28,0.36,810.84,0.00,0.00,0.00,-0.00,-0.00,-0.00,7.00
27240.00,0.18,0.80,0.15,0.06,0.15,-6.17,0.28,0.36,-2405.71,0.00,0.00,0.00,0.00,0.00,0.00,9.00
27249.00,0.18,0.80,0.15,0.06,0.15,-0.63,0.28,0.36,615.13,0.00,0.00,0.00,-0.00,0.00,0.00,7.00
27256.00,0.18,0.80,0.15,0.06,0.15,0.67,0.28,0.36,186.87,0.00,0.00,0.00,-0.00,-0.00,-0.00,6.00
27262.00,0.18,0.80,0.08,0.06,0.15,-12.41,0.28,0.36,-2181.11,0.00,0.00,0.00,-0.00,-0.00,-0.00,7.00
27269.00,0.18,0.80,0.07,0.06,0.15,-0.85,0.28,0.36,1651.20,0.00,0.00,0.00,-0.00,-0.00,0.00,18.00
27287.00,0.18,0.80,0.15,0.06,0.15,4.64,0.28,0.36,305.18,0.00,0.00,0.00,0.00,0.00,0.00,6.00
27293.00,0.18,0.80,0.18,0.06,0.15,4.41,0.28,0.36,-38.84,0.00,0.00,0.00,0.00,0.00,0.00,7.00
27300.00,0.18,0.80,0.13,0.06,0.15,-7.29,0.28,0.36,-1670.58,0.00,0.00,0.00,0.00,0.00,0.00,9.00
27314.00,0.18,0.80,0.11,0.06,0.15,-1.09,0.28,0.36,442.67,0.00,0.00,0.00,-0.00,0.00,-0.00,7.00
27321.00,0.18,0.80,0.14,0.06,0.15,3.31,0.28,0.36,627.98,0.00,0.00,0.00,-0.00,-0.00,-0.00,9.00
27330.00,0.18,0.80,0.14,0.06,0.15,0.75,0.28,0.36,-284.20,0.00,0.00,0.00,0.00,-0.00,-0.00,5.00
27335.00,0.18,0.80,0.15,0.06,0.15,1.72,0.28,0.36,193.39,0.00,0.00,0.00,0.00,-0.00,-0.00,6.00
27341.00,0.18,0.80,0.05,0.06,0.15,-16.75,0.28,0.36,-3078.27,0.00,0.00,0.00,0.00,-0.00,-0.00,9.00
27350.00,0.18,0.80,0.09,0.06,0.15,4.66,0.28,0.36,2379.30,0.00,0.00,0.00,-0.00,0.00,0.00,8.00
27358.00,0.18,0.80,0.10,0.06,0.15,0.75,0.28,0.36,-488.68,0.00,0.00,0.00,-0.00,-0.00,0.00,6.00
27364.00,0.17,0.81,0.12,-0.05,0.04,3.48,-0.54,-0.52,454.87,0.00,0.00,0.00,-0.00,-0.00,0.00,6.00
27370.00,0.17,0.81,0.06,-0.05,0.04,-10.63,-0.54,-0.52,-2351.38,0.00,0.00,0.00,0.00,0.00,0.00,19.00
27389.00,0.17,0.81,0.12,-0.05,0.04,3.12,-0.54,-0.52,723.63,0.00,0.00,0.00,0.00,-0.00,-0.00,8.00
27402.00,0.17,0.81,0.22,-0.05,0.04,7.81,-0.54,-0.52,360.59,0.00,0.00,0.00,0.00,0.00,-0.00,9.00
27411.00,0.17,0.81,0.15,-0.05,0.04,-7.83,-0.54,-0.52,-1737.24,0.00,0.00,0.00,0.00,0.00,-0.00,8.00
27419.00,0.17,0.81,0.24,-0.05,0.04,11.19,-0.54,-0.52,2377.30,0.00,0.00,0.00,0.00,0.00,0.00,8.00
27427.00,0.17,0.81,0.19,-0.05,0.04,-5.96,-0.54,-0.52,-2143.28,0.00,0.00,0.00,0.00,-0.00,0.00,5.00
27432.00,0.17,0.81,0.20,-0.05,0.04,1.59,-0.54,-0.52,1508.81,0.00,0.00,0.00,0.00,-0.00,0.00,6.00
27438.00,0.17,0.81,0.29,-0.05,0.04,15.29,-0.54,-0.52,2284.16,0.00,0.00,0.00,-0.00,-0.00,0.00,5.00
27443.00,0.17,0.81,0.27,-0.05,0.04,-3.30,-0.54,-0.52,-3718.91,0.00,0.00,0.00,-0.00,-0.00,-0.00,8.00
27451.00,0.17,0.81,0.22,-0.05,0.04,-6.82,-0.54,-0.52,-440.41,0.00,0.00,0.00,0.00,0.00,-0.00,8.00
27459.00,0.17,0.81,0.26,-0.05,0.04,5.27,-0.54,-0.52,1511.65,0.00,0.00,0.00,0.00,0.00,-0.00,8.00
27467.00,0.17,0.81,0.25,-0.05,0.04,-0.93,-0.54,-0.52,-774.64,0.00,0.00,0.00,0.00,0.01,-0.00,5.00
27477.00,0.17,0.81,0.26,-0.05,0.04,0.41,-0.54,-0.52,134.00,0.00,0.00,0.00,0.00,-0.00,-0.00,16.00
27493.00,0.17,0.81,0.26,-0.05,0.04,0.09,-0.54,-0.52,-20.22,0.00,0.00,0.00,0.00,-0.00,0.00,8.00
27501.00,0.17,0.81,0.10,-0.05,0.04,-19.85,-0.54,-0.52,-2492.20,0.00,0.00,0.00,-0.00,-0.00,0.00,8.00
27509.00,0.17,0.81,0.17,-0.05,0.04,8.49,-0.54,-0.52,3542.60,0.00,0.00,0.00,0.00,-0.00,-0.00,7.00
27516.00,0.17,0.81,0.18,-0.05,0.04,1.36,-0.54,-0.52,-1019.05,0.00,0.00,0.00,-0.00,-0.00,-0.00,6.00
27522.00,0.17,0.81,0.15,-0.05,0.04,-4.10,-0.54,-0.52,-910.42,0.00,0.00,0.00,-0.00,-0.00,0.00,8.00
27530.00,0.17,0.81,0.04,-0.05,0.04,-13.79,-0.54,-0.52,-1210.69,0.00,0.00,0.00,-0.00,0.00,-0.00,6.00
27536.00,0.17,0.81,0.12,-0.05,0.04,13.80,-0.54,-0.52,4597.63,0.00,0.00,0.00,-0.00,0.00,-0.00,6.00
27542.00,0.17,0.81,0.14,-0.05,0.04,3.27,-0.54,-0.52,-1754.87,0.00,0.00,0.00,-0.00,0.00,0.00,8.00
27550.00,0.17,0.81,0.17,-0.05,0.04,3.77,-0.54,-0.52,62.64,0.00,0.00,0.00,0.00,0.00,-0.00,7.00
27562.00,0.17,0.81,0.14,-0.05,0.04,-3.06,-0.54,-0.52,-569.11,0.00,0.00,0.00,-0.00,-0.00,0.00,9.00
27571.00,0.18,0.82,0.13,0.05,0.03,-0.29,0.52,-0.05,307.70,0.00,0.00,0.00,-0.00,-0.00,0.00,8.00
27579.00,0.18,0.82,0.13,0.05,0.03,0.03,0.52,-0.05,39.70,0.00,0.00,0.00,-0.00,-0.00,0.00,16.00
27595.00,0.18,0.82,0.16,0.05,0.03,1.87,0.52,-0.05,115.42,0.00,0.00,0.00,-0.00,0.00,0.00,7.00
27602.00,0.18,0.82,0.25,0.05,0.03,12.91,0.52,-0.05,1577.10,0.00,0.00,0.00,-0.00,0.00,0.00,8.00
27610.00,0.18,0.82,0.11,0.05,0.03,-17.84,0.52,-0.05,-3843.38,0.00,0.00,0.00,-0.00,0.00,-0.00,8.00
27618.00,0.18,0.82,0.21,0.05,0.03,11.89,0.52,-0.05,3716.15,0.00,0.00,0.00,-0.00,0.00,0.00,5.00
27623.00,0.18,0.82,0.10,0.05,0.03,-21.68,0.52,-0.05,-6713.79,0.00,0.00,0.00,-0.00,0.00,0.00,9.00
27632.00,0.18,0.82,0.17,0.05,0.03,8.26,0.52,-0.05,3325.94,0.00,0.00,0.00,0.00,0.00,0.00,5.00
27637.00,0.18,0.82,0.16,0.05,0.03,-2.69,0.52,-0.05,-2189.44,0.00,0.00,0.00,0.00,0.00,0.00,6.00
27648.00,0.18,0.82,0.19,0.05,0.03,3.10,0.52,-0.05,526.47,0.00,0.00,0.00,0.00,-0.00,0.00,6.00
27654.00,0.18,0.82,0.18,0.05,0.03,-1.84,0.52,-0.05,-823.02,0.00,0.00,0.00,0.00,-0.00,0.00,7.00
27661.00,0.18,0.82,0.25,0.05,0.03,10.10,0.52,-0.05,1704.42,0.00,0.00,0.00,-0.00,0.00,-0.00,18.00
27679.00,0.18,0.82,0.33,0.05,0.03,4.50,0.52,-0.05,-311.05,0.00,0.00,0.00,-0.00,0.00,-0.00,6.00
27685.00,0.18,0.82,0.26,0.05,0.03,-12.83,0.52,-0.05,-2887.30,0.00,0.00,0.00,-0.00,0.00,-0.00,7.00
27692.00,0.18,0.82,0.17,0.05,0.03,-12.67,0.52,-0.05,23.01,0.00,0.00,0.00,-0.00,0.00,0.00,9.00
27701.00,0.18,0.82,0.21,0.05,0.03,4.22,0.52,-0.05,1876.39,0.00,0.00,0.00,-0.00,-0.00,0.00,7.00
27708.00,0.18,0.82,0.16,0.05,0.03,-7.20,0.52,-0.05,-1632.18,0.00,0.00,0.00,-0.00,-0.01,0.00,6.00
27714.00,0.18,0.82,0.25,0.05,0.03,15.34,0.52,-0.05,3757.96,0.00,0.00,0.00,-0.00,-0.00,0.00,7.00
27721.00,0.18,0.82,0.19,0.05,0.03,-8.83,0.52,-0.05,-3453.87,0.00,0.00,0.00,-0.00,0.00,0.00,8.00
27739.00,0.18,0.82,0.26,0.05,0.03,4.08,0.52,-0.05,717.41,0.00,0.00,0.00,-0.01,0.00,0.00,7.00
27746.00,0.18,0.82,0.24,0.05,0.03,-2.13,0.52,-0.05,-887.14,0.00,0.00,0.00,-0.00,0.00,-0.00,6.00
27752.00,0.18,0.82,0.21,0.05,0.03,-6.40,0.52,-0.05,-711.05,0.00,0.00,0.00,-0.00,0.00,-0.00,9.00
27761.00,0.18,0.82,0.19,0.05,0.03,-2.32,0.52,-0.05,452.43,0.00,0.00,0.00,0.00,0.00,-0.00,7.00
27768.00,0.18,0.82,0.27,0.05,0.03,12.17,0.52,-0.05,2069.97,0.00,0.00,0.00,0.00,0.00,0.00,6.00
27774.00,0.17,0.83,0.31,-0.05,0.04,7.18,-0.54,0.05,-831.66,0.00,0.00,0.00,-0.00,0.00,0.00,7.00
27781.00,0.17,0.83,0.19,-0.05,0.04,-17.58,-0.54,0.05,-3536.74,0.00,0.00,0.00,-0.00,0.00,0.00,16.00
27797.00,0.17,0.83,0.14,-0.05,0.04,-2.97,-0.54,0.05,913.28,0.00,0.00,0.00,0.00,-0.00,0.00,7.00
27804.00,0.17,0.83,0.23,-0.05,0.04,12.43,-0.54,0.05,2199.78,0.00,0.00,0.00,0.00,-0.00,-0.00,7.00
27811.00,0.17,0.83,0.25,-0.05,0.04,3.14,-0.54,0.05,-1327.12,0.00,0.00,0.00,0.00,-0.00,-0.00,8.00
27824.00,0.17,0.83,0.23,-0.05,0.04,-1.48,-0.54,0.05,-355.34,0.00,0.00,0.00,-0.00,0.00,-0.00,9.00
27833.00,0.17,0.83,0.23,-0.05,0.04,-0.70,-0.54,0.05,86.45,0.00,0.00,0.00,0.00,-0.00,-0.00,5.00
27838.00,0.17,0.83,0.25,-0.05,0.04,5.47,-0.54,0.05,1234.07,0.00,0.00,0.00,0.00,-0.00,-0.00,6.00
27844.00,0.17,0.83,0.22,-0.05,0.04,-5.42,-0.54,0.05,-1814.62,0.00,0.00,0.00,0.00,-0.00,-0.00,7.00
27851.00,0.17,0.83,0.16,-0.05,0.04,-8.78,-0.54,0.05,-480.06,0.00,0.00,0.00,0.00,-0.00,0.00,9.00
27860.00,0.17,0.83,0.15,-0.05,0.04,-1.02,-0.54,0.05,862.69,0.00,0.00,0.00,0.00,0.00,-0.00,5.00
27865.00,0.17,0.83,0.17,-0.05,0.04,3.17,-0.54,0.05,836.59,0.00,0.00,0.00,-0.00,0.00,-0.00,17.00
27882.00,0.17,0.83,0.14,-0.05,0.04,-1.32,-0.54,0.05,-264.04,0.00,0.00,0.00,0.00,0.00,0.00,6.00
27888.00,0.17,0.83,0.24,-0.05,0.04,16.27,-0.54,0.05,2931.94,0.00,0.00,0.00,0.00,0.00,0.00,5.00
27893.00,0.17,0.83,0.07,-0.05,0.04,-34.29,-0.54,0.05,-10112.55,0.00,0.00,0.00,0.00,0.00,0.00,9.00
27907.00,0.17,0.83,0.30,-0.05,0.04,16.19,-0.54,0.05,3605.92,0.00,0.00,0.00,-0.00,-0.00,-0.00,7.00
27914.00,0.17,0.83,0.18,-0.05,0.04,-16.89,-0.54,0.05,-4725.94,0.00,0.00,0.00,-0.00,-0.00,-0.00,7.00
27921.00,0.17,0.83,0.27,-0.05,0.04,12.77,-0.54,0.05,4237.43,0.00,0.00,0.00,-0.00,0.00,-0.00,9.00
27930.00,0.17,0.83,0.31,-0.05,0.04,4.44,-0.54,0.05,-925.12,0.00,0.00,0.00,-0.00,0.00,0.00,5.00
27935.00,0.17,0.83,0.19,-0.05,0.04,-24.07,-0.54,0.05,-5703.83,0.00,0.00,0.00,-0.00,0.00,0.00,7.00
27942.00,0.17,0.83,0.12,-0.05,0.04,-9.96,-0.54,0.05,2016.60,0.00,0.00,0.00,0.00,0.00,0.00,8.00
27950.00,0.17,0.83,0.29,-0.05,0.04,21.48,-0.54,0.05,3930.08,0.00,0.00,0.00,0.00,-0.00,0.00,6.00
27956.00,0.17,0.83,0.08,-0.05,0.04,-35.10,-0.54,0.05,-9430.25,0.00,0.00,0.00,-0.00,-0.00,0.00,6.00
27962.00,0.17,0.83,0.28,-0.05,0.04,33.34,-0.54,0.05,11406.19,0.00,0.00,0.00,-0.00,-0.00,0.00,19.00
27981.00,0.18,0.84,0.25,0.05,0.07,-1.58,0.52,0.13,-1837.76,0.00,0.00,0.00,-0.00,-0.00,-0.00,6.00
27992.00,0.18,0.84,0.32,0.05,0.07,6.87,0.52,0.13,768.33,0.00,0.00,0.00,-0.00,-0.00,0.00,9.00
28001.00,0.18,0.84,0.19,0.05,0.07,-15.25,0.52,0.13,-2458.20,0.00,0.00,0.00,0.00,-0.00,0.00,6.00
28007.00,0.18,0.84,0.29,0.05,0.07,16.77,0.52,0.13,5336.39,0.00,0.00,0.00,0.00,-0.00,0.00,7.00
28014.00,0.18,0.84,0.32,0.05,0.07,4.58,0.52,0.13,-1741.26,0.00,0.00,0.00,0.00,-0.01,0.00,8.00
28022.00,0.18,0.84,0.31,0.05,0.07,-1.22,0.52,0.13,-724.76,0.00,0.00,0.00,0.00,-0.00,0.00,8.00
28030.00,0.18,0.84,0.24,0.05,0.07,-8.92,0.52,0.13,-962.32,0.00,0.00,0.00,0.00,-0.00,-0.00,5.00
28035.00,0.18,0.84,0.29,0.05,0.07,9.78,0.52,0.13,3739.38,0.00,0.00,0.00,0.00,-0.00,-0.00,7.00
28042.00,0.18,0.84,0.21,0.05,0.07,-10.93,0.52,0.13,-2958.28,0.00,0.00,0.00,-0.00,-0.00,-0.01,8.00
28050.00,0.18,0.84,0.23,0.05,0.07,2.54,0.52,0.13,1683.83,0.00,0.00,0.00,-0.00,0.00,-0.00,6.00
28056.00,0.18,0.84,0.19,0.05,0.07,-7.53,0.52,0.13,-1678.67,0.00,0.00,0.00,-0.00,0.00,-0.00,7.00
28067.00,0.18,0.84,0.24,0.05,0.07,4.45,0.52,0.13,1089.35,0.00,0.00,0.00,-0.00,0.00,0.00,17.00
28084.00,0.18,0.84,0.20,0.05,0.07,-1.99,0.52,0.13,-378.67,0.00,0.00,0.00,-0.00,-0.00,0.00,7.00
28091.00,0.18,0.84,0.25,0.05,0.07,6.86,0.52,0.13,1264.14,0.00,0.00,0.00,0.00,-0.00,0.00,5.00
28096.00,0.18,0.84,0.40,0.05,0.07,29.19,0.52,0.13,4465.92,0.00,0.00,0.00,0.00,0.00,0.00,8.00
28104.00,0.18,0.84,0.29,0.05,0.07,-12.92,0.52,0.13,-5263.51,0.00,0.00,0.00,0.00,0.00,0.00,8.00
28112.00,0.18,0.84,0.27,0.05,0.07,-3.09,0.52,0.13,1228.17,0.00,0.00,0.00,0.00,0.01,-0.00,7.00
28119.00,0.18,0.84,0.25,0.05,0.07,-2.27,0.52,0.13,116.64,0.00,0.00,0.00,0.00,0.01,-0.00,6.00
28125.00,0.18,0.84,0.28,0.05,0.07,5.41,0.52,0.13,1280.22,0.00,0.00,0.00,0.00,0.01,-0.00,8.00
28133.00,0.18,0.84,0.22,0.05,0.07,-8.08,0.52,0.13,-1685.59,0.00,0.00,0.00,0.00,0.00,-0.00,5.00
28138.00,0.18,0.84,0.23,0.05,0.07,2.89,0.52,0.13,2192.74,0.00,0.00,0.00,0.00,-0.00,0.00,7.00
28150.00,0.18,0.84,0.20,0.05,0.07,-3.10,0.52,0.13,-498.78,0.00,0.00,0.00,0.00,-0.00,0.00,6.00
28156.00,0.18,0.84,0.23,0.05,0.07,5.37,0.52,0.13,1410.85,0.00,0.00,0.00,0.00,-0.00,0.00,7.00
28163.00,0.18,0.84,0.20,0.05,0.07,-3.92,0.52,0.13,-1326.53,0.00,0.00,0.00,0.00,-0.00,0.00,19.00
28182.00,0.19,0.86,0.16,0.06,0.07,-2.15,0.01,0.01,93.27,0.00,0.00,0.00,-0.00,0.00,-0.00,6.00
28188.00,0.19,0.86,0.16,0.06,0.07,0.23,0.01,0.01,395.91,0.00,0.00,0.00,-0.00,0.01,-0.00,6.00
28194.00,0.19,0.86,0.25,0.06,0.07,14.66,0.01,0.01,2405.61,0.00,0.00,0.00,0.00,0.01,-0.00,8.00
28202.00,0.19,0.86,0.25,0.06,0.07,-0.58,0.01,0.01,-1905.08,0.00,0.00,0.00,0.00,0.00,-0.00,8.00
28210.00,0.19,0.86,0.16,0.06,0.07,-10.95,0.01,0.01,-1296.87,0.00,0.00,0.00,0.00,0.00,0.00,6.00
28216.00,0.19,0.86,0.22,0.06,0.07,10.87,0.01,0.01,3637.99,0.00,0.00,0.00,0.00,-0.00,0.00,7.00
28223.00,0.19,0.86,0.24,0.06,0.07,1.83,0.01,0.01,-1291.72,0.00,0.00,0.00,-0.00,-0.00,0.00,9.00
28236.00,0.19,0.86,0.29,0.06,0.07,3.86,0.01,0.01,155.80,0.00,0.00,0.00,-0.00,0.00,0.00,8.00
28244.00,0.19,0.86,0.33,0.06,0.07,5.07,0.01,0.01,151.70,0.00,0.00,0.00,0.00,0.00,0.00,8.00
28252.00,0.19,0.86,0.38,0.06,0.07,6.06,0.01,0.01,123.93,0.00,0.00,0.00,0.00,0.00,0.00,8.00
28260.00,0.19,0.86,0.44,0.06,0.07,7.73,0.01,0.01,208.81,0.00,0.00,0.00,-0.00,0.00,-0.00,5.00
28265.00,0.19,0.86,0.28,0.06,0.07,-32.36,0.01,0.01,-8017.85,0.00,0.00,0.00,-0.00,0.00,-0.00,18.00
28283.00,0.19,0.86,0.36,0.06,0.07,4.53,0.01,0.01,2049.32,0.00,0.00,0.00,0.00,0.00,0.00,6.00
28289.00,0.19,0.86,0.32,0.06,0.07,-6.21,0.01,0.01,-1790.38,0.00,0.00,0.00,0.00,0.00,0.00,6.00
28295.00,0.19,0.86,0.24,0.06,0.07,-12.86,0.01,0.01,-1108.75,0.00,0.00,0.00,0.00,0.00,0.00,8.00
28303.00,0.19,0.86,0.33,0.06,0.07,11.35,0.01,0.01,3026.33,0.00,0.00,0.00,-0.00,0.00,0.00,8.00
28311.00,0.19,0.86,0.39,0.06,0.07,6.91,0.01,0.01,-554.87,0.00,0.00,0.00,-0.00,0.00,0.00,6.00
28321.00,0.19,0.86,0.37,0.06,0.07,-1.62,0.01,0.01,-852.91,0.00,0.00,0.00,0.00,-0.00,-0.00,7.00
28328.00,0.19,0.86,0.32,0.06,0.07,-8.09,0.01,0.01,-924.84,0.00,0.00,0.00,0.00,-0.00,-0.00,7.00
28335.00,0.19,0.86,0.24,0.06,0.07,-10.51,0.01,0.01,-344.81,0.00,0.00,0.00,0.00,-0.00,-0.00,4.00
28339.00,0.19,0.86,0.24,0.06,0.07,0.00,0.01,0.01,2627.03,0.00,0.00,0.00,0.00,-0.00,0.00,4.00
28343.00,0.19,0.86,0.26,0.06,0.07,4.14,0.01,0.01,1034.69,0.00,0.00,0.00,-0.00,-0.00,0.00,9.00
28352.00,0.19,0.86,0.36,0.06,0.07,11.40,0.01,0.01,806.93,0.00,0.00,0.00,-0.00,-0.00,0.00,7.00
28359.00,0.19,0.86,0.36,0.06,0.07,-0.61,0.01,0.01,-1716.19,0.00,0.00,0.00,-0.00,0.00,0.00,6.00
28365.00,0.19,0.86,0.22,0.06,0.07,-22.28,0.01,0.01,-3611.16,0.00,0.00,0.00,0.00,0.00,0.00,8.00
28373.00,0.19,0.86,0.19,0.06,0.07,-4.72,0.01,0.01,2194.46,0.00,0.00,0.00,0.00,0.00,0.00,18.00
28391.00,0.19,0.87,0.26,0.00,0.07,4.23,-0.26,0.01,497.23,0.00,0.00,0.00,-0.00,0.00,-0.00,6.00
28401.00,0.19,0.87,0.26,0.00,0.07,-0.59,-0.26,0.01,-481.72,0.00,0.00,0.00,0.00,0.00,0.00,6.00
28407.00,0.19,0.87,0.27,0.00,0.07,2.93,-0.26,0.01,586.64,0.00,0.00,0.00,0.00,0.00,0.00,8.00
28415.00,0.19,0.87,0.27,0.00,0.07,-0.16,-0.26,0.01,-386.10,0.00,0.00,0.00,0.00,0.00,0.00,8.00
28423.00,0.19,0.87,0.19,0.00,0.07,-10.06,-0.26,0.01,-1237.21,0.00,0.00,0.00,-0.00,-0.00,-0.00,8.00
28431.00,0.19,0.87,0.25,0.00,0.07,7.85,-0.26,0.01,2238.92,0.00,0.00,0.00,-0.00,-0.01,0.00,5.00
28436.00,0.19,0.87,0.20,0.00,0.07,-10.06,-0.26,0.01,-3582.68,0.00,0.00,0.00,-0.00,-0.01,0.00,6.00
28442.00,0.19,0.87,0.21,0.00,0.07,0.75,-0.26,0.01,1801.58,0.00,0.00,0.00,0.00,0.00,0.00,7.00
28449.00,0.19,0.87,0.20,0.00,0.07,-1.54,-0.26,0.01,-327.28,0.00,0.00,0.00,0.00,0.00,0.00,6.00
28455.00,0.19,0.87,0.26,0.00,0.07,9.74,-0.26,0.01,1879.34,0.00,0.00,0.00,0.00,0.00,0.00,8.00
28463.00,0.19,0.87,0.16,0.00,0.07,-11.87,-0.26,0.01,-2700.59,0.00,0.00,0.00,0.00,0.00,0.00,8.00
28480.00,0.19,0.87,0.13,0.00,0.07,-2.13,-0.26,0.01,573.01,0.00,0.00,0.00,0.00,0.00,0.00,16.00
28496.00,0.19,0.87,0.04,0.00,0.07,-5.20,-0.26,0.01,-191.75,0.00,0.00,0.00,0.00,0.00,0.00,9.00
28505.00,0.19,0.87,0.08,0.00,0.07,4.51,-0.26,0.01,1078.63,0.00,0.00,0.00,0.00,0.00,0.00,8.00
28513.00,0.19,0.87,0.08,0.00,0.07,0.07,-0.26,0.01,-555.25,0.00,0.00,0.00,0.00,-0.00,-0.00,7.00
28520.00,0.19,0.87,0.07,0.00,0.07,-1.45,-0.26,0.01,-217.01,0.00,0.00,0.00,0.00,0.00,0.00,6.00
28526.00,0.19,0.87,0.16,0.00,0.07,14.64,-0.26,0.01,2681.38,0.00,0.00,0.00,0.00,0.00,0.00,9.00
28535.00,0.19,0.87,0.14,0.00,0.07,-2.31,-0.26,0.01,-1882.67,0.00,0.00,0.00,0.00,-0.00,0.00,5.00
28540.00,0.19,0.87,0.08,0.00,0.07,-12.79,-0.26,0.01,-2096.40,0.00,0.00,0.00,0.01,-0.01,-0.00,6.00
28546.00,0.19,0.87,0.17,0.00,0.07,15.81,-0.26,0.01,4766.83,0.00,0.00,0.00,0.01,-0.01,-0.00,8.00
28554.00,0.19,0.87,0.03,0.00,0.07,-17.08,-0.26,0.01,-4112.19,0.00,0.00,0.00,0.00,0.00,-0.00,8.00
28567.00,0.19,0.87,0.12,0.00,0.07,6.61,-0.26,0.01,1822.27,0.00,0.00,0.00,-0.00,0.00,-0.00,18.00
28585.00,0.19,0.87,0.09,0.00,0.07,-1.85,-0.26,0.01,-469.60,0.00,0.00,0.00,0.00,-0.00,0.00,6.00
28591.00,0.18,0.88,0.08,-0.06,0.04,-1.11,-0.28,-0.15,122.63,0.00,0.00,0.00,0.00,-0.00,-0.00,5.00
28596.00,0.18,0.88,0.03,-0.06,0.04,-9.81,-0.28,-0.15,-1739.09,0.00,0.00,0.00,0.00,-0.00,-0.00,9.00
28605.00,0.18,0.88,0.14,-0.06,0.04,12.54,-0.28,-0.15,2483.16,0.00,0.00,0.00,-0.01,0.00,-0.00,8.00
28613.00,0.18,0.88,0.01,-0.06,0.04,-17.01,-0.28,-0.15,-3694.05,0.00,0.00,0.00,-0.00,-0.00,-0.01,7.00
28620.00,0.18,0.88,0.18,-0.06,0.04,24.02,-0.28,-0.15,5861.54,0.00,0.00,0.00,0.00,0.00,-0.00,6.00
28626.00,0.18,0.88,0.24,-0.06,0.04,11.12,-0.28,-0.15,-2150.69,0.00,0.00,0.00,0.00,0.00,-0.00,9.00
28635.00,0.18,0.88,0.25,-0.06,0.04,0.59,-0.28,-0.15,-1169.96,0.00,0.00,0.00,0.00,-0.00,0.00,5.00
28640.00,0.18,0.88,0.26,-0.06,0.04,2.04,-0.28,-0.15,291.27,0.00,0.00,0.00,-0.00,-0.00,0.00,6.00
28651.00,0.18,0.88,0.18,-0.06,0.04,-7.23,-0.28,-0.15,-842.76,0.00,0.00,0.00,-0.00,-0.00,0.00,6.00
28657.00,0.18,0.88,0.10,-0.06,0.04,-12.97,-0.28,-0.15,-957.35,0.00,0.00,0.00,-0.00,-0.00,0.00,7.00
28664.00,0.18,0.88,0.12,-0.06,0.04,2.56,-0.28,-0.15,2219.51,0.00,0.00,0.00,0.00,-0.00,0.00,18.00
28682.00,0.18,0.88,0.19,-0.06,0.04,4.19,-0.28,-0.15,90.05,0.00,0.00,0.00,0.00,0.00,0.00,6.00
28688.00,0.18,0.88,0.21,-0.06,0.04,2.44,-0.28,-0.15,-290.40,0.00,0.00,0.00,-0.00,0.01,-0.00,7.00
28695.00,0.18,0.88,0.18,-0.06,0.04,-4.49,-0.28,-0.15,-989.72,0.00,0.00,0.00,-0.00,0.01,-0.00,9.00
28704.00,0.18,0.88,0.15,-0.06,0.04,-3.02,-0.28,-0.15,163.24,0.00,0.00,0.00,0.00,0.00,-0.00,7.00
28711.00,0.18,0.88,0.11,-0.06,0.04,-6.49,-0.28,-0.15,-496.64,0.00,0.00,0.00,0.00,-0.00,0.00,6.00
28717.00,0.18,0.88,0.17,-0.06,0.04,10.82,-0.28,-0.15,2886.23,0.00,0.00,0.00,0.00,-0.00,0.00,7.00
28724.00,0.18,0.88,0.23,-0.06,0.04,9.13,-0.28,-0.15,-242.69,0.00,0.00,0.00,0.00,-0.00,0.00,8.00
28737.00,0.18,0.88,0.13,-0.06,0.04,-8.37,-0.28,-0.15,-1345.87,0.00,0.00,0.00,0.00,0.00,-0.00,9.00
28746.00,0.18,0.88,0.12,-0.06,0.04,-0.37,-0.28,-0.15,888.96,0.00,0.00,0.00,-0.00,0.00,0.00,8.00
28754.00,0.18,0.88,0.21,-0.06,0.04,10.78,-0.28,-0.15,1393.78,0.00,0.00,0.00,0.00,0.00,-0.00,7.00
28761.00,0.18,0.88,0.11,-0.06,0.04,-13.43,-0.28,-0.15,-3459.11,0.00,0.00,0.00,0.00,0.00,-0.00,5.00
28766.00,0.18,0.88,0.16,-0.06,0.04,8.36,-0.28,-0.15,4359.13,0.00,0.00,0.00,0.00,0.00,-0.00,19.00
28785.00,0.18,0.88,0.20,-0.06,0.04,2.43,-0.28,-0.15,-312.06,0.00,0.00,0.00,-0.00,-0.00,-0.00,6.00
28791.00,0.19,0.90,0.12,0.06,0.07,-13.43,0.56,0.15,-2643.66,0.00,0.00,0.00,-0.00,-0.00,0.00,5.00
28796.00,0.19,0.90,0.12,0.06,0.07,0.44,0.56,0.15,2773.08,0.00,0.00,0.00,0.00,-0.01,0.00,9.00
28805.00,0.19,0.90,0.22,0.06,0.07,10.22,0.56,0.15,1086.57,0.00,0.00,0.00,0.01,-0.01,0.00,8.00
28813.00,0.19,0.90,0.12,0.06,0.07,-11.62,0.56,0.15,-2729.22,0.00,0.00,0.00,0.00,-0.00,0.00,6.00
28824.00,0.19,0.90,0.21,0.06,0.07,8.29,0.56,0.15,1809.51,0.00,0.00,0.00,-0.00,0.01,-0.00,7.00
28831.00,0.19,0.90,0.17,0.06,0.07,-6.10,0.56,0.15,-2054.59,0.00,0.00,0.00,-0.00,0.00,-0.00,6.00
28837.00,0.19,0.90,0.11,0.06,0.07,-11.00,0.56,0.15,-818.09,0.00,0.00,0.00,-0.00,0.00,-0.00,6.00
28843.00,0.19,0.90,0.20,0.06,0.07,15.42,0.56,0.15,4404.55,0.00,0.00,0.00,0.00,0.00,-0.01,5.00
28848.00,0.19,0.90,0.17,0.06,0.07,-6.15,0.56,0.15,-4314.17,0.00,0.00,0.00,0.00,0.00,-0.00,8.00
28856.00,0.19,0.90,0.26,0.06,0.07,11.80,0.56,0.15,2243.26,0.00,0.00,0.00,0.00,-0.00,-0.00,8.00
28864.00,0.19,0.90,0.20,0.06,0.07,-7.50,0.56,0.15,-2412.93,0.00,0.00,0.00,-0.00,-0.00,-0.00,17.00
28881.00,0.19,0.90,0.17,0.06,0.07,-1.94,0.56,0.15,327.50,0.00,0.00,0.00,0.00,0.00,0.00,7.00
28888.00,0.19,0.90,0.14,0.06,0.07,-3.99,0.56,0.15,-293.57,0.00,0.00,0.00,0.00,0.00,0.00,6.00
28894.00,0.19,0.90,0.29,0.06,0.07,24.52,0.56,0.15,4752.78,0.00,0.00,0.00,0.00,0.00,-0.00,8.00
28907.00,0.19,0.90,0.21,0.06,0.07,-5.80,0.56,0.15,-2333.01,0.00,0.00,0.00,-0.00,0.00,-0.00,9.00
28916.00,0.19,0.90,0.16,0.06,0.07,-6.00,0.56,0.15,-21.65,0.00,0.00,0.00,-0.00,0.00,-0.00,8.00
28924.00,0.19,0.90,0.14,0.06,0.07,-2.36,0.56,0.15,454.75,0.00,0.00,0.00,0.00,-0.00,-0.00,8.00
28932.00,0.19,0.90,-0.01,0.06,0.07,-18.40,0.56,0.15,-2005.30,0.00,0.00,0.00,-0.00,-0.01,0.00,5.00
28937.00,0.19,0.90,0.15,0.06,0.07,30.69,0.56,0.15,9817.82,0.00,0.00,0.00,-0.00,-0.01,0.00,6.00
28943.00,0.19,0.90,0.13,0.06,0.07,-1.94,0.56,0.15,-5437.25,0.00,0.00,0.00,-0.00,-0.00,0.00,5.00
28948.00,0.19,0.90,0.16,0.06,0.07,5.00,0.56,0.15,1386.80,0.00,0.00,0.00,-0.00,-0.00,0.00,8.00
28956.00,0.19,0.90,0.13,0.06,0.07,-3.47,0.56,0.15,-1057.80,0.00,0.00,0.00,-0.00,-0.00,0.00,8.00
28964.00,0.19,0.90,0.19,0.06,0.07,7.39,0.56,0.15,1356.91,0.00,0.00,0.00,0.00,0.00,-0.00,18.00
28982.00,0.19,0.90,0.19,0.06,0.07,0.25,0.56,0.15,-396.66,0.00,0.00,0.00,0.00,0.00,-0.01,6.00
28992.00,0.20,0.92,0.30,0.06,0.11,10.13,-0.00,0.19,987.84,0.00,0.00,0.00,-0.00,0.00,-0.00,7.00
28999.00,0.20,0.92,0.14,0.06,0.11,-22.06,-0.00,0.19,-4597.95,0.00,0.00,0.00,-0.00,-0.00,-0.00,7.00
29006.00,0.20,0.92,0.19,0.06,0.11,6.40,-0.00,0.19,4065.43,0.00,0.00,0.00,-0.00,-0.00,0.00,9.00
29015.00,0.20,0.92,0.18,0.06,0.11,-0.89,-0.00,0.19,-809.74,0.00,0.00,0.00,0.00,-0.00,0.00,7.00
29022.00,0.20,0.92,0.16,0.06,0.11,-2.80,-0.00,0.19,-273.65,0.00,0.00,0.00,0.00,-0.01,0.00,6.00
29028.00,0.20,0.92,0.17,0.06,0.11,2.72,-0.00,0.19,920.87,0.00,0.00,0.00,0.00,-0.00,0.00,8.00
29036.00,0.20,0.92,0.12,0.06,0.11,-7.22,-0.00,0.19,-1242.75,0.00,0.00,0.00,-0.00,-0.00,0.00,6.00
29042.00,0.20,0.92,0.16,0.06,0.11,7.46,-0.00,0.19,2447.47,0.00,0.00,0.00,-0.01,0.00,-0.00,5.00
29047.00,0.20,0.92,0.11,0.06,0.11,-10.15,-0.00,0.19,-3522.53,0.00,0.00,0.00,-0.00,0.00,-0.00,7.00
29054.00,0.20,0.92,0.14,0.06,0.11,4.26,-0.00,0.19,2058.08,0.00,0.00,0.00,-0.00,0.00,-0.00,5.00
29064.00,0.20,0.92,0.10,0.06,0.11,-4.43,-0.00,0.19,-868.40,0.00,0.00,0.00,0.01,-0.00,-0.00,17.00
29081.00,0.20,0.92,0.12,0.06,0.11,1.40,-0.00,0.19,342.98,0.00,0.00,0.00,0.00,-0.00,0.00,7.00
29088.00,0.20,0.92,0.14,0.06,0.11,3.36,-0.00,0.19,278.81,0.00,0.00,0.00,-0.00,-0.00,0.01,6.00
29094.00,0.20,0.92,0.12,0.06,0.11,-3.94,-0.00,0.19,-1216.67,0.00,0.00,0.00,-0.00,-0.00,0.01,6.00
29100.00,0.20,0.92,0.14,0.06,0.11,2.73,-0.00,0.19,1112.95,0.00,0.00,0.00,0.00,-0.00,0.00,7.00
29107.00,0.20,0.92,0.01,0.06,0.11,-18.11,-0.00,0.19,-2977.19,0.00,0.00,0.00,0.00,-0.00,-0.00,9.00
29116.00,0.20,0.92,0.10,0.06,0.11,10.48,-0.00,0.19,3176.51,0.00,0.00,0.00,0.00,0.00,-0.00,7.00
29123.00,0.20,0.92,0.10,0.06,0.11,-1.19,-0.00,0.19,-1666.99,0.00,0.00,0.00,-0.01,0.01,-0.00,6.00
29129.00,0.20,0.92,0.08,0.06,0.11,-2.36,-0.00,0.19,-195.23,0.00,0.00,0.00,-0.01,0.01,-0.00,7.00
29136.00,0.20,0.92,0.13,0.06,0.11,6.28,-0.00,0.19,1233.71,0.00,0.00,0.00,-0.00,0.00,0.00,6.00
29152.00,0.20,0.92,0.16,0.06,0.11,1.93,-0.00,0.19,-271.82,0.00,0.00,0.00,0.00,-0.00,0.00,7.00
29159.00,0.20,0.92,0.07,0.06,0.11,-13.05,-0.00,0.19,-2140.12,0.00,0.00,0.00,0.00,-0.00,0.00,7.00
29166.00,0.20,0.92,0.17,0.06,0.11,15.11,-0.00,0.19,4022.51,0.00,0.00,0.00,0.00,0.00,0.00,18.00
29184.00,0.20,0.92,0.06,0.06,0.11,-5.92,-0.00,0.19,-1168.00,0.00,0.00,0.00,0.00,0.00,0.00,6.00
29190.00,0.20,0.92,0.02,0.06,0.11,-6.90,-0.00,0.19,-163.50,0.00,0.00,0.00,0.00,0.00,0.00,7.00
29197.00,0.21,0.92,0.05,0.05,0.03,3.25,-0.01,-0.37,1450.49,0.00,0.00,0.00,-0.00,0.00,-0.00,8.00
29205.00,0.21,0.92,0.12,0.05,0.03,8.88,-0.01,-0.37,703.18,0.00,0.00,0.00,-0.00,-0.00,-0.00,6.00
29211.00,0.21,0.92,0.08,0.05,0.03,-6.31,-0.01,-0.37,-2531.48,0.00,0.00,0.00,0.01,-0.01,-0.00,7.00
29218.00,0.21,0.92,0.01,0.05,0.03,-9.97,-0.01,-0.37,-522.72,0.00,0.00,0.00,0.01,-0.01,0.00,8.00
29226.00,0.21,0.92,0.01,0.05,0.03,-0.29,-0.01,-0.37,1209.57,0.00,0.00,0.00,0.00,-0.00,0.00,4.00
29235.00,0.21,0.92,0.07,0.05,0.03,7.13,-0.01,-0.37,824.25,0.00,0.00,0.00,-0.01,0.00,-0.00,6.00
29241.00,0.21,0.92,-0.02,0.05,0.03,-14.57,-0.01,-0.37,-3615.27,0.00,0.00,0.00,-0.01,0.01,-0.00,6.00
29247.00,0.21,0.92,0.03,0.05,0.03,8.30,-0.01,-0.37,3811.47,0.00,0.00,0.00,-0.00,0.01,-0.01,9.00
29256.00,0.21,0.92,0.13,0.05,0.03,10.41,-0.01,-0.37,233.92,0.00,0.00,0.00,0.01,0.00,0.00,7.00
29263.00,0.21,0.92,0.01,0.05,0.03,-16.30,-0.01,-0.37,-3815.26,0.00,0.00,0.00,0.01,0.00,0.01,16.00
29279.00,0.21,0.92,-0.04,0.05,0.03,-3.49,-0.01,-0.37,800.20,0.00,0.00,0.00,-0.01,-0.00,0.00,8.00
29287.00,0.21,0.92,-0.00,0.05,0.03,4.72,-0.01,-0.37,1026.50,0.00,0.00,0.00,-0.01,-0.00,0.00,5.00
29292.00,0.21,0.92,-0.00,0.05,0.03,0.88,-0.01,-0.37,-766.98,0.00,0.00,0.00,0.01,-0.00,-0.00,7.00
29299.00,0.21,0.92,-0.06,0.05,0.03,-8.64,-0.01,-0.37,-1360.40,0.00,0.00,0.00,0.01,-0.00,-0.00,7.00
29306.00,0.21,0.92,0.05,0.05,0.03,16.51,-0.01,-0.37,3592.48,0.00,0.00,0.00,-0.00,0.00,0.00,9.00
29320.00,0.21,0.92,-0.04,0.05,0.03,-6.95,-0.01,-0.37,-1675.15,0.00,0.00,0.00,-0.02,0.01,0.01,8.00
29328.00,0.21,0.92,-0.10,0.05,0.03,-7.39,-0.01,-0.37,-55.38,0.00,0.00,0.00,-0.01,0.01,0.02,8.00
29336.00,0.21,0.92,-0.14,0.05,0.03,-5.26,-0.01,-0.37,266.49,0.00,0.00,0.00,0.01,-0.01,0.02,6.00
29342.00,0.21,0.92,-0.07,0.05,0.03,12.41,-0.01,-0.37,2945.11,0.00,0.00,0.00,0.01,-0.01,0.01,6.00
29348.00,0.21,0.92,-0.11,0.05,0.03,-7.16,-0.01,-0.37,-3262.11,0.00,0.00,0.00,0.01,-0.01,0.00,9.00
29357.00,0.21,0.92,-0.10,0.05,0.03,1.69,-0.01,-0.37,983.28,0.00,0.00,0.00,-0.01,-0.01,-0.02,8.00
29365.00,0.21,0.92,-0.04,0.05,0.03,7.33,-0.01,-0.37,704.98,0.00,0.00,0.00,-0.01,-0.01,-0.02,16.00
29381.00,0.21,0.92,-0.07,0.05,0.03,-2.23,-0.01,-0.37,-597.76,0.00,0.00,0.00,-0.00,0.01,0.01,8.00
29389.00,0.21,0.92,-0.08,0.05,0.03,-1.33,-0.01,-0.37,112.68,0.00,0.00,0.00,-0.00,0.02,0.01,5.00
29394.00,0.21,0.92,0.02,0.05,0.03,20.67,-0.01,-0.37,4400.98,0.00,0.00,0.00,-0.00,0.02,0.02,6.00
29405.00,0.21,0.93,0.02,0.00,0.04,-0.01,-0.26,0.02,-1880.56,0.00,0.00,0.00,0.03,-0.00,0.02,6.00
29411.00,0.21,0.93,-0.03,0.00,0.04,-8.21,-0.26,0.02,-1367.01,0.00,0.00,0.00,0.00,0.00,0.00,4.00
29415.00,0.21,0.93,-0.00,0.00,0.04,6.92,-0.26,0.02,3783.68,0.00,0.00,0.00,0.04,-0.02,0.00,4.00
29419.00,0.21,0.93,-0.15,0.00,0.04,-36.61,-0.26,0.02,-10882.24,0.00,0.00,0.00,0.02,-0.02,0.00,9.00
29428.00,0.21,0.93,-0.05,0.00,0.04,11.18,-0.26,0.02,5309.80,0.00,0.00,0.00,-0.01,-0.02,-0.01,8.00
29436.00,0.21,0.93,-0.10,0.00,0.04,-6.43,-0.26,0.02,-2200.95,0.00,0.00,0.00,-0.04,0.01,-0.02,6.00
29442.00,0.21,0.93,-0.00,0.00,0.04,16.58,-0.26,0.02,3834.51,0.00,0.00,0.00,-0.02,0.01,-0.02,6.00
29448.00,0.21,0.93,0.03,0.00,0.04,5.37,-0.26,0.02,-1868.00,0.00,0.00,0.00,-0.01,0.02,-0.02,9.00
29457.00,0.21,0.93,-0.05,0.00,0.04,-8.63,-0.26,0.02,-1555.85,0.00,0.00,0.00,0.02,0.01,-0.00,8.00
29465.00,0.21,0.93,0.03,0.00,0.04,9.21,-0.26,0.02,2230.83,0.00,0.00,0.00,0.02,-0.00,0.01,5.00
29475.00,0.21,0.93,0.02,0.00,0.04,-0.80,-0.26,0.02,-1001.87,0.00,0.00,0.00,-0.01,-0.02,0.02,17.00
29492.00,0.21,0.93,-0.00,0.00,0.04,-1.34,-0.26,0.02,-31.65,0.00,0.00,0.00,-0.00,-0.00,0.01,5.00
29497.00,0.21,0.93,0.01,0.00,0.04,2.16,-0.26,0.02,700.52,0.00,0.00,0.00,0.00,-0.00,0.00,6.00
29503.00,0.21,0.93,0.01,0.00,0.04,0.69,-0.26,0.02,-244.47,0.00,0.00,0.00,-0.01,0.01,-0.01,6.00
29509.00,0.21,0.93,0.07,0.00,0.04,9.81,-0.26,0.02,1519.87,0.00,0.00,0.00,-0.01,0.01,-0.01,8.00
29517.00,0.21,0.93,0.02,0.00,0.04,-6.82,-0.26,0.02,-2079.47,0.00,0.00,0.00,-0.00,0.01,-0.01,8.00
29525.00,0.21,0.93,-0.03,0.00,0.04,-5.59,-0.26,0.02,154.69,0.00,0.00,0.00,-0.00,0.01,-0.01,5.00
29530.00,0.21,0.93,-0.03,0.00,0.04,-0.20,-0.26,0.02,1076.67,0.00,0.00,0.00,0.00,0.00,-0.00,8.00
29538.00,0.21,0.93,0.06,0.00,0.04,11.81,-0.26,0.02,1501.84,0.00,0.00,0.00,0.00,-0.01,0.00,5.00
29543.00,0.21,0.93,0.02,0.00,0.04,-8.48,-0.26,0.02,-4059.02,0.00,0.00,0.00,-0.01,-0.02,0.01,6.00
29554.00,0.21,0.93,0.09,0.00,0.04,6.38,-0.26,0.02,1351.37,0.00,0.00,0.00,-0.00,-0.02,0.02,6.00
29560.00,0.21,0.93,0.01,0.00,0.04,-13.17,-0.26,0.02,-3258.47,0.00,0.00,0.00,0.00,-0.01,0.02,8.00
29568.00,0.21,0.93,0.12,0.00,0.04,13.30,-0.26,0.02,3308.50,0.00,0.00,0.00,0.01,0.00,0.01,18.00
29586.00,0.21,0.93,-0.01,0.00,0.04,-7.19,-0.26,0.02,-1138.55,0.00,0.00,0.00,-0.01,0.02,-0.02,6.00
29592.00,0.21,0.93,0.05,0.00,0.04,10.48,-0.26,0.02,2946.33,0.00,0.00,0.00,-0.01,0.01,-0.02,6.00
29598.00,0.21,0.93,0.00,0.00,0.04,-8.70,-0.26,0.02,-3196.74,0.00,0.00,0.00,-0.00,0.00,-0.01,8.00
29606.00,0.21,0.95,-0.09,0.00,0.08,-11.31,0.00,0.20,-326.20,0.00,0.00,0.00,0.01,-0.02,-0.01,7.00
29613.00,0.21,0.95,0.02,0.00,0.08,16.27,0.00,0.20,3938.91,0.00,0.00,0.00,0.01,-0.02,0.01,6.00
29619.00,0.21,0.95,-0.01,0.00,0.08,-5.75,0.00,0.20,-3669.31,0.00,0.00,0.00,0.01,-0.02,0.01,8.00
29627.00,0.21,0.95,0.01,0.00,0.08,2.10,0.00,0.20,981.68,0.00,0.00,0.00,-0.01,-0.01,0.02,9.00
29641.00,0.21,0.95,0.04,0.00,0.08,2.55,0.00,0.20,31.80,0.00,0.00,0.00,0.01,0.00,0.01,8.00
29649.00,0.21,0.95,0.00,0.00,0.08,-4.98,0.00,0.20,-941.21,0.00,0.00,0.00,0.01,0.01,-0.00,8.00
29657.00,0.21,0.95,0.01,0.00,0.08,1.07,0.00,0.20,755.92,0.00,0.00,0.00,-0.00,0.01,-0.02,8.00
29665.00,0.21,0.95,0.01,0.00,0.08,-0.21,0.00,0.20,-159.72,0.00,0.00,0.00,-0.02,0.01,-0.02,5.00
29670.00,0.21,0.95,0.04,0.00,0.08,6.68,0.00,0.20,1377.42,0.00,0.00,0.00,-0.01,0.00,-0.02,18.00
29688.00,0.21,0.95,0.06,0.00,0.08,1.20,0.00,0.20,-304.46,0.00,0.00,0.00,0.01,-0.02,0.01,6.00
29694.00,0.21,0.95,0.05,0.00,0.08,-1.83,0.00,0.20,-503.91,0.00,0.00,0.00,0.01,-0.01,0.02,5.00
29699.00,0.21,0.95,0.14,0.00,0.08,16.44,0.00,0.20,3653.52,0.00,0.00,0.00,0.01,-0.01,0.02,6.00
29705.00,0.21,0.95,0.15,0.00,0.08,1.69,0.00,0.20,-2458.56,0.00,0.00,0.00,-0.00,0.00,0.01,5.00
29710.00,0.21,0.95,0.10,0.00,0.08,-10.09,0.00,0.20,-2355.80,0.00,0.00,0.00,-0.00,0.00,0.01,9.00
29723.00,0.21,0.95,0.00,0.00,0.08,-6.95,0.00,0.20,241.84,0.00,0.00,0.00,-0.00,0.01,-0.01,7.00
29730.00,0.21,0.95,0.21,0.00,0.08,28.61,0.00,0.20,5078.98,0.00,0.00,0.00,-0.00,0.00,-0.01,7.00
29737.00,0.21,0.95,0.05,0.00,0.08,-21.74,0.00,0.20,-7192.84,0.00,0.00,0.00,-0.00,0.00,-0.02,5.00
29742.00,0.21,0.95,0.05,0.00,0.08,-0.39,0.00,0.20,4270.30,0.00,0.00,0.00,-0.00,-0.00,-0.01,7.00
29749.00,0.21,0.95,0.22,0.00,0.08,23.88,0.00,0.20,3467.77,0.00,0.00,0.00,-0.00,-0.01,-0.00,9.00
29758.00,0.21,0.95,0.05,0.00,0.08,-18.97,0.00,0.20,-4761.78,0.00,0.00,0.00,-0.00,-0.01,0.02,7.00
29765.00,0.21,0.95,0.07,0.00,0.08,2.98,0.00,0.20,3136.81,0.00,0.00,0.00,0.00,-0.01,0.02,6.00
29771.00,0.21,0.95,0.06,0.00,0.08,-0.74,0.00,0.20,-621.36,0.00,0.00,0.00,0.00,-0.01,0.02,7.00
29778.00,0.21,0.95,0.15,0.00,0.08,11.71,0.00,0.20,1778.93,0.00,0.00,0.00,0.00,0.00,0.01,18.00
29796.00,0.21,0.95,0.23,0.00,0.08,4.59,0.00,0.20,-395.62,0.00,0.00,0.00,-0.00,0.01,-0.02,6.00
29807.00,0.21,0.96,0.12,0.00,0.04,-9.43,0.00,-0.19,-1274.28,0.00,0.00,0.00,0.00,0.01,-0.02,9.00
29816.00,0.21,0.96,0.04,0.00,0.04,-9.51,0.00,-0.19,-8.88,0.00,0.00,0.00,0.00,-0.00,-0.00,5.00
29821.00,0.21,0.96,0.10,0.00,0.04,11.30,0.00,-0.19,4162.95,0.00,0.00,0.00,0.00,-0.01,0.00,8.00
29829.00,0.21,0.96,0.20,0.00,0.04,12.85,0.00,-0.19,193.13,0.00,0.00,0.00,0.01,-0.01,0.01,8.00
29837.00,0.21,0.96,0.09,0.00,0.04,-13.58,0.00,-0.19,-3303.55,0.00,0.00,0.00,0.00,-0.01,0.01,6.00
29843.00,0.21,0.96,0.09,0.00,0.04,0.55,0.00,-0.19,2355.12,0.00,0.00,0.00,0.00,-0.00,0.01,6.00
29849.00,0.21,0.96,0.06,0.00,0.04,-5.67,0.00,-0.19,-1036.97,0.00,0.00,0.00,0.00,0.00,0.00,9.00
29858.00,0.21,0.96,0.05,0.00,0.04,-0.57,0.00,-0.19,566.74,0.00,0.00,0.00,0.00,0.01,-0.01,5.00
29863.00,0.21,0.96,0.06,0.00,0.04,1.29,0.00,-0.19,371.20,0.00,0.00,0.00,-0.00,0.01,-0.01,16.00
29879.00,0.21,0.96,0.12,0.00,0.04,3.68,0.00,-0.19,149.70,0.00,0.00,0.00,-0.00,0.00,-0.01,10.00
29898.00,0.21,0.96,0.13,0.00,0.04,0.48,0.00,-0.19,-168.69,0.00,0.00,0.00,0.01,-0.01,0.01,10.00
29908.00,0.21,0.96,-0.03,0.00,0.04,-15.88,0.00,-0.19,-1635.47,0.00,0.00,0.00,-0.00,-0.01,0.02,7.00
29915.00,0.21,0.96,0.17,0.00,0.04,28.05,0.00,-0.19,6276.10,0.00,0.00,0.00,-0.00,-0.00,0.01,6.00
29921.00,0.21,0.96,0.11,0.00,0.04,-8.70,0.00,-0.19,-6125.07,0.00,0.00,0.00,-0.00,0.00,0.00,7.00
29928.00,0.21,0.96,0.07,0.00,0.04,-5.67,0.00,-0.19,432.61,0.00,0.00,0.00,-0.00,0.00,-0.01,8.00
29936.00,0.21,0.96,0.09,0.00,0.04,2.50,0.00,-0.19,1021.21,0.00,0.00,0.00,-0.00,0.01,-0.01,5.00
29941.00,0.21,0.96,0.09,0.00,0.04,-0.41,0.00,-0.19,-583.32,0.00,0.00,0.00,-0.00,0.01,-0.01,6.00
29947.00,0.21,0.96,0.03,0.00,0.04,-10.45,0.00,-0.19,-1672.03,0.00,0.00,0.00,-0.01,0.01,-0.01,5.00
29952.00,0.21,0.96,0.02,0.00,0.04,-0.99,0.00,-0.19,1890.76,0.00,0.00,0.00,-0.01,0.00,-0.00,8.00
29960.00,0.21,0.96,0.11,0.00,0.04,10.93,0.00,-0.19,1489.96,0.00,0.00,0.00,-0.00,-0.01,0.00,8.00
29973.00,0.21,0.96,0.05,0.00,0.04,-4.95,0.00,-0.19,-1221.47,0.00,0.00,0.00,0.00,-0.01,0.01,17.00
29990.00,0.21,0.96,0.07,0.00,0.04,1.11,0.00,-0.19,356.63,0.00,0.00,0.00,-0.00,0.00,0.00,7.00
29997.00,0.21,0.96,-0.04,0.00,0.04,-15.12,0.00,-0.19,-2318.31,0.00,0.00,0.00,-0.00,0.01,-0.00,5.00
30002.00,0.21,0.96,0.04,0.00,0.04,15.39,0.00,-0.19,6100.85,0.00,0.00,0.00,0.00,0.01,-0.00,8.00
30010.00,0.21,0.97,0.15,0.00,0.08,14.18,0.00,0.18,-151.26,0.00,0.00,0.00,0.00,0.00,-0.01,8.00
30018.00,0.21,0.97,0.04,0.00,0.08,-13.82,0.00,0.18,-3499.37,0.00,0.00,0.00,-0.00,0.01,-0.01,8.00
30026.00,0.21,0.97,-0.06,0.00,0.08,-12.51,0.00,0.18,162.93,0.00,0.00,0.00,-0.00,-0.00,0.00,5.00
30031.00,0.21,0.97,0.16,0.00,0.08,44.38,0.00,0.18,11378.66,0.00,0.00,0.00,-0.00,-0.00,0.00,9.00
30040.00,0.21,0.97,0.03,0.00,0.08,-15.11,0.00,0.18,-6609.71,0.00,0.00,0.00,0.00,-0.01,0.01,5.00
30045.00,0.21,0.97,0.09,0.00,0.08,12.01,0.00,0.18,5423.36,0.00,0.00,0.00,0.00,-0.01,0.01,6.00
30056.00,0.21,0.97,0.13,0.00,0.08,3.80,0.00,0.18,-746.01,0.00,0.00,0.00,0.00,0.00,0.00,6.00
30062.00,0.21,0.97,0.03,0.00,0.08,-16.60,0.00,0.18,-3401.04,0.00,0.00,0.00,0.00,0.00,-0.00,7.00
30069.00,0.21,0.97,0.03,0.00,0.08,0.85,0.00,0.18,2493.87,0.00,0.00,0.00,-0.00,0.01,-0.01,18.00
30087.00,0.21,0.97,0.07,0.00,0.08,2.06,0.00,0.18,67.04,0.00,0.00,0.00,0.01,0.00,-0.01,6.00
30093.00,0.21,0.97,0.10,0.00,0.08,4.52,0.00,0.18,410.82,0.00,0.00,0.00,0.01,0.00,-0.00,7.00
30100.00,0.21,0.97,0.05,0.00,0.08,-7.38,0.00,0.18,-1700.80,0.00,0.00,0.00,0.01,-0.00,0.00,9.00
30109.00,0.21,0.97,0.11,0.00,0.08,7.46,0.00,0.18,1649.40,0.00,0.00,0.00,0.00,-0.01,0.01,8.00
30117.00,0.21,0.97,0.02,0.00,0.08,-11.14,0.00,0.18,-2325.68,0.00,0.00,0.00,0.00,-0.00,0.01,6.00
30123.00,0.21,0.97,0.15,0.00,0.08,20.93,0.00,0.18,5345.60,0.00,0.00,0.00,0.00,-0.00,0.00,7.00
30130.00,0.21,0.97,0.07,0.00,0.08,-11.94,0.00,0.18,-4695.57,0.00,0.00,0.00,0.00,0.00,-0.00,7.00
30142.00,0.21,0.97,0.07,0.00,0.08,-0.13,0.00,0.18,984.03,0.00,0.00,0.00,0.00,0.00,-0.01,7.00
30149.00,0.21,0.97,0.12,0.00,0.08,7.38,0.00,0.18,1072.98,0.00,0.00,0.00,0.00,0.00,-0.01,6.00
30155.00,0.21,0.97,0.11,0.00,0.08,-1.56,0.00,0.18,-1490.51,0.00,0.00,0.00,-0.00,0.00,-0.01,7.00
30162.00,0.21,0.97,0.17,0.00,0.08,9.42,0.00,0.18,1569.37,0.00,0.00,0.00,-0.00,0.00,-0.00,7.00
30169.00,0.21,0.97,0.07,0.00,0.08,-14.88,0.00,0.18,-3472.15,0.00,0.00,0.00,0.00,0.00,0.00,17.00
30186.00,0.21,0.97,0.07,0.00,0.08,0.21,0.00,0.18,887.76,0.00,0.00,0.00,-0.00,-0.00,0.01,6.00
30192.00,0.21,0.97,0.01,0.00,0.08,-10.96,0.00,0.18,-1861.29,0.00,0.00,0.00,-0.00,-0.00,0.01,7.00
30199.00,0.21,0.97,-0.06,0.00,0.08,-10.13,0.00,0.18,118.57,0.00,0.00,0.00,-0.00,-0.00,0.00,8.00
30207.00,0.21,0.97,0.10,0.00,0.08,20.57,0.00,0.18,3837.55,0.00,0.00,0.00,-0.00,0.00,-0.00,5.00
30212.00,0.22,0.98,0.04,0.06,0.07,-11.86,0.27,-0.02,-6486.76,0.00,0.00,0.00,-0.00,0.00,-0.00,8.00
30225.00,0.22,0.98,0.10,0.06,0.07,4.39,0.27,-0.02,1249.90,0.00,0.00,0.00,-0.00,0.00,-0.00,7.00
30232.00,0.22,0.98,0.08,0.06,0.07,-2.42,0.27,-0.02,-972.63,0.00,0.00,0.00,-0.00,-0.00,0.00,8.00
30240.00,0.22,0.98,0.12,0.06,0.07,4.33,0.27,-0.02,844.08,0.00,0.00,0.00,-0.00,-0.00,0.00,6.00
30246.00,0.22,0.98,0.06,0.06,0.07,-9.63,0.27,-0.02,-2326.55,0.00,0.00,0.00,0.00,-0.00,0.01,5.00
30251.00,0.22,0.98,0.10,0.06,0.07,8.68,0.27,-0.02,3660.45,0.00,0.00,0.00,0.00,-0.00,0.01,9.00
30260.00,0.22,0.98,0.04,0.06,0.07,-6.61,0.27,-0.02,-1698.75,0.00,0.00,0.00,0.00,-0.00,0.01,8.00
30268.00,0.22,0.98,0.02,0.06,0.07,-2.49,0.27,-0.02,514.81,0.00,0.00,0.00,-0.00,-0.00,0.00,15.00
30283.00,0.22,0.98,0.02,0.06,0.07,-0.50,0.27,-0.02,133.09,0.00,0.00,0.00,0.00,-0.00,-0.00,8.00
30291.00,0.22,0.98,0.10,0.06,0.07,10.18,0.27,-0.02,1335.02,0.00,0.00,0.00,0.00,0.00,-0.01,5.00
30296.00,0.22,0.98,0.12,0.06,0.07,4.50,0.27,-0.02,-1135.59,0.00,0.00,0.00,0.00,-0.00,-0.01,6.00
30307.00,0.22,0.98,0.10,0.06,0.07,-1.31,0.27,-0.02,-528.64,0.00,0.00,0.00,0.00,-0.00,-0.00,6.00
30313.00,0.22,0.98,0.08,0.06,0.07,-4.38,0.27,-0.02,-512.12,0.00,0.00,0.00,0.00,-0.00,0.00,7.00
30320.00,0.22,0.98,0.15,0.06,0.07,10.24,0.27,-0.02,2089.16,0.00,0.00,0.00,0.00,-0.00,0.00,9.00
30329.00,0.22,0.98,0.08,0.06,0.07,-8.17,0.27,-0.02,-2046.07,0.00,0.00,0.00,0.01,-0.00,0.00,6.00
30335.00,0.22,0.98,0.08,0.06,0.07,0.00,0.27,-0.02,1362.35,0.00,0.00,0.00,0.01,-0.00,0.00,5.00
30340.00,0.22,0.98,0.11,0.06,0.07,7.16,0.27,-0.02,1431.06,0.00,0.00,0.00,0.00,-0.00,0.00,5.00
30345.00,0.22,0.98,0.08,0.06,0.07,-7.33,0.27,-0.02,-2897.64,0.00,0.00,0.00,0.00,0.00,-0.00,7.00
30352.00,0.22,0.98,0.04,0.06,0.07,-4.47,0.27,-0.02,409.25,0.00,0.00,0.00,0.00,0.01,-0.00,8.00
30360.00,0.22,0.98,0.08,0.06,0.07,4.39,0.27,-0.02,1107.29,0.00,0.00,0.00,0.00,-0.00,-0.01,7.00
30367.00,0.22,0.98,0.01,0.06,0.07,-9.39,0.27,-0.02,-1969.03,0.00,0.00,0.00,-0.00,-0.00,-0.01,5.00
30377.00,0.22,0.98,0.01,0.06,0.07,-0.54,0.27,-0.02,884.88,0.00,0.00,0.00,-0.00,-0.00,-0.00,16.00
30393.00,0.22,0.98,0.06,0.06,0.07,3.28,0.27,-0.02,239.05,0.00,0.00,0.00,0.00,0.00,0.00,7.00
30400.00,0.22,0.98,0.07,0.06,0.07,1.10,0.27,-0.02,-310.99,0.00,0.00,0.00,-0.00,0.00,0.01,7.00
30407.00,0.22,0.98,0.04,0.06,0.07,-3.73,0.27,-0.02,-689.81,0.00,0.00,0.00,-0.00,0.00,0.00,6.00
30413.00,0.22,0.99,0.11,0.00,0.04,10.71,-0.27,-0.16,2405.38,0.00,0.00,0.00,-0.01,-0.00,0.00,7.00
30420.00,0.22,0.99,0.01,0.00,0.04,-14.15,-0.27,-0.16,-3551.50,0.00,0.00,0.00,-0.01,-0.00,0.00,8.00
30428.00,0.22,0.99,-0.01,0.00,0.04,-2.29,-0.27,-0.16,1483.11,0.00,0.00,0.00,-0.01,-0.00,-0.00,5.00
30433.00,0.22,0.99,0.09,0.00,0.04,20.60,-0.27,-0.16,4576.92,0.00,0.00,0.00,-0.01,0.00,-0.00,8.00
30441.00,0.22,0.99,0.10,0.00,0.04,1.33,-0.27,-0.16,-2408.14,0.00,0.00,0.00,-0.00,0.00,0.00,5.00
30446.00,0.22,0.99,0.04,0.00,0.04,-11.98,-0.27,-0.16,-2661.45,0.00,0.00,0.00,-0.01,0.00,0.00,6.00
30457.00,0.22,0.99,0.07,0.00,0.04,2.74,-0.27,-0.16,1337.42,0.00,0.00,0.00,-0.00,-0.00,0.00,7.00
30464.00,0.22,0.99,0.13,0.00,0.04,7.79,-0.27,-0.16,722.59,0.00,0.00,0.00,-0.00,-0.00,0.00,7.00
30471.00,0.22,0.99,0.13,0.00,0.04,0.72,-0.27,-0.16,-1010.58,0.00,0.00,0.00,0.00,-0.00,0.00,17.00
30488.00,0.22,0.99,0.11,0.00,0.04,-1.55,-0.27,-0.16,-133.49,0.00,0.00,0.00,0.00,0.00,0.00,6.00
30494.00,0.22,0.99,0.01,0.00,0.04,-16.36,-0.27,-0.16,-2468.29,0.00,0.00,0.00,0.00,0.00,-0.00,7.00
30501.00,0.22,0.99,0.03,0.00,0.04,2.50,-0.27,-0.16,2694.41,0.00,0.00,0.00,0.00,0.00,-0.00,8.00
30509.00,0.22,0.99,0.06,0.00,0.04,4.19,-0.27,-0.16,210.88,0.00,0.00,0.00,0.00,0.00,-0.00,5.00
30514.00,0.22,0.99,0.10,0.00,0.04,7.87,-0.27,-0.16,736.49,0.00,0.00,0.00,0.00,0.00,-0.00,8.00
30522.00,0.22,0.99,0.17,0.00,0.04,9.35,-0.27,-0.16,184.44,0.00,0.00,0.00,0.00,0.00,-0.00,8.00
30530.00,0.22,0.99,0.02,0.00,0.04,-19.45,-0.27,-0.16,-3599.68,0.00,0.00,0.00,0.00,-0.00,-0.00,7.00
30547.00,0.22,0.99,0.16,0.00,0.04,8.53,-0.27,-0.16,1645.77,0.00,0.00,0.00,0.00,-0.00,0.00,7.00
30554.00,0.22,0.99,-0.00,0.00,0.04,-23.67,-0.27,-0.16,-4599.25,0.00,0.00,0.00,0.00,-0.00,0.00,7.00
30561.00,0.22,0.99,0.13,0.00,0.04,19.57,-0.27,-0.16,6177.30,0.00,0.00,0.00,0.00,0.00,0.00,8.00
30569.00,0.22,0.99,0.02,0.00,0.04,-14.70,-0.27,-0.16,-4283.58,0.00,0.00,0.00,0.00,-0.00,0.00,5.00
30574.00,0.22,0.99,0.14,0.00,0.04,23.85,-0.27,-0.16,7709.12,0.00,0.00,0.00,0.00,-0.00,-0.00,17.00
30591.00,0.22,0.99,0.09,0.00,0.04,-2.40,-0.27,-0.16,-1544.22,0.00,0.00,0.00,0.00,0.00,-0.00,6.00
30597.00,0.22,0.99,0.11,0.00,0.04,2.46,-0.27,-0.16,809.46,0.00,0.00,0.00,-0.00,0.00,-0.00,6.00
30603.00,0.22,0.99,0.02,0.00,0.04,-14.94,-0.27,-0.16,-2899.33,0.00,0.00,0.00,-0.00,0.00,-0.00,8.00
30611.00,0.22,0.99,0.18,0.00,0.04,20.43,-0.27,-0.16,4421.88,0.00,0.00,0.00,0.00,-0.00,0.00,7.00
30618.00,0.22,1.01,0.12,0.00,0.07,-9.11,0.00,0.18,-4221.08,0.00,0.00,0.00,0.00,-0.00,0.00,6.00
30629.00,0.22,1.01,0.16,0.00,0.07,4.09,0.00,0.18,1200.11,0.00,0.00,0.00,0.00,0.00,0.00,7.00
30636.00,0.22,1.01,0.05,0.00,0.07,-16.39,0.00,0.18,-2924.81,0.00,0.00,0.00,-0.00,-0.00,0.00,6.00
30642.00,0.22,1.01,0.13,0.00,0.07,13.48,0.00,0.18,4977.68,0.00,0.00,0.00,-0.00,-0.00,0.00,6.00
30648.00,0.22,1.01,0.14,0.00,0.07,2.21,0.00,0.18,-1877.65,0.00,0.00,0.00,-0.00,-0.00,0.00,5.00
30653.00,0.22,1.01,-0.04,0.00,0.07,-36.54,0.00,0.18,-7751.45,0.00,0.00,0.00,-0.00,-0.00,-0.00,9.00
30662.00,0.22,1.01,-0.04,0.00,0.07,0.14,0.00,0.18,4076.40,0.00,0.00,0.00,-0.01,-0.00,-0.00,7.00
30669.00,0.22,1.01,0.02,0.00,0.07,8.47,0.00,0.18,1189.58,0.00,0.00,0.00,-0.00,0.00,0.00,16.00
30685.00,0.22,1.01,-0.01,0.00,0.07,-1.94,0.00,0.18,-651.03,0.00,0.00,0.00,-0.00,0.00,0.01,8.00
30693.00,0.22,1.01,0.11,0.00,0.07,14.43,0.00,0.18,2047.07,0.00,0.00,0.00,-0.00,0.00,0.00,6.00
30699.00,0.22,1.01,-0.05,0.00,0.07,-25.86,0.00,0.18,-6714.78,0.00,0.00,0.00,-0.00,-0.00,0.00,6.00
30710.00,0.22,1.01,0.09,0.00,0.07,12.62,0.00,0.18,3497.93,0.00,0.00,0.00,-0.00,-0.01,0.00,7.00
30717.00,0.22,1.01,0.01,0.00,0.07,-12.01,0.00,0.18,-3518.56,0.00,0.00,0.00,-0.00,-0.00,-0.01,6.00
30723.00,0.22,1.01,0.01,0.00,0.07,0.68,0.00,0.18,2114.21,0.00,0.00,0.00,-0.00,-0.00,-0.01,9.00
30732.00,0.22,1.01,0.09,0.00,0.07,9.19,0.00,0.18,945.53,0.00,0.00,0.00,-0.00,0.01,-0.01,7.00
30739.00,0.22,1.01,-0.03,0.00,0.07,-17.05,0.00,0.18,-3748.66,0.00,0.00,0.00,0.00,0.01,-0.00,6.00
30745.00,0.22,1.01,0.03,0.00,0.07,10.21,0.00,0.18,4543.34,0.00,0.00,0.00,0.00,0.01,0.00,6.00
30751.00,0.22,1.01,-0.06,0.00,0.07,-15.21,0.00,0.18,-4236.05,0.00,0.00,0.00,0.01,0.01,0.01,8.00
30759.00,0.22,1.01,-0.01,0.00,0.07,6.41,0.00,0.18,2702.14,0.00,0.00,0.00,0.00,0.00,0.01,5.00
30764.00,0.22,1.01,0.08,0.00,0.07,16.47,0.00,0.18,2013.56,0.00,0.00,0.00,0.00,-0.00,0.00,18.00
30782.00,0.22,1.01,0.09,0.00,0.07,0.59,0.00,0.18,-882.25,0.00,0.00,0.00,0.01,-0.01,-0.01,9.00
30795.00,0.22,1.01,0.07,0.00,0.07,-1.43,0.00,0.18,-155.96,0.00,0.00,0.00,0.00,-0.01,-0.01,8.00
30803.00,0.22,1.01,0.05,0.00,0.07,-2.38,0.00,0.18,-118.86,0.00,0.00,0.00,-0.00,0.01,-0.01,8.00
30811.00,0.22,1.01,-0.02,0.00,0.07,-9.11,0.00,0.18,-841.25,0.00,0.00,0.00,0.00,0.01,0.00,7.00
30818.00,0.22,1.02,-0.07,0.00,0.04,-6.12,0.00,-0.18,428.08,0.00,0.00,0.00,0.02,0.01,0.00,5.00
30823.00,0.22,1.02,0.07,0.00,0.04,26.55,0.00,-0.18,6534.14,0.00,0.00,0.00,0.02,0.01,0.00,9.00
30832.00,0.22,1.02,0.08,0.00,0.04,1.55,0.00,-0.18,-2777.62,0.00,0.00,0.00,0.01,-0.01,0.00,7.00
30839.00,0.22,1.02,-0.01,0.00,0.04,-13.36,0.00,-0.18,-2130.39,0.00,0.00,0.00,-0.00,-0.02,-0.00,6.00
30845.00,0.22,1.02,0.09,0.00,0.04,16.31,0.00,-0.18,4944.57,0.00,0.00,0.00,-0.00,-0.02,-0.00,7.00
30852.00,0.22,1.02,-0.00,0.00,0.04,-12.36,0.00,-0.18,-4095.77,0.00,0.00,0.00,-0.00,-0.01,-0.01,8.00
30860.00,0.22,1.02,0.10,0.00,0.04,12.32,0.00,-0.18,3085.42,0.00,0.00,0.00,0.00,0.01,-0.00,6.00
30871.00,0.22,1.02,0.06,0.00,0.04,-3.12,0.00,-0.18,-1403.43,0.00,0.00,0.00,0.01,0.02,0.00,16.00
30887.00,0.22,1.02,0.06,0.00,0.04,0.08,0.00,-0.18,200.07,0.00,0.00,0.00,-0.01,0.00,0.01,7.00
30894.00,0.22,1.02,0.10,0.00,0.04,5.48,0.00,-0.18,770.18,0.00,0.00,0.00,-0.01,-0.00,0.00,5.00
30899.00,0.22,1.02,0.06,0.00,0.04,-9.02,0.00,-0.18,-2899.03,0.00,0.00,0.00,-0.00,-0.01,-0.00,6.00
30905.00,0.22,1.02,0.03,0.00,0.04,-5.02,0.00,-0.18,666.04,0.00,0.00,0.00,-0.00,-0.01,-0.00,7.00
30912.00,0.22,1.02,0.11,0.00,0.04,11.19,0.00,-0.18,2316.61,0.00,0.00,0.00,-0.01,-0.01,-0.00,8.00
30920.00,0.22,1.02,0.12,0.00,0.04,2.20,0.00,-0.18,-1124.31,0.00,0.00,0.00,-0.01,-0.00,0.00,5.00
30925.00,0.22,1.02,0.00,0.00,0.04,-24.34,0.00,-0.18,-5308.73,0.00,0.00,0.00,-0.01,0.00,0.01,8.00
30933.00,0.22,1.02,0.09,0.00,0.04,11.34,0.00,-0.18,4460.04,0.00,0.00,0.00,-0.00,0.01,0.01,7.00
30940.00,0.22,1.02,0.07,0.00,0.04,-2.74,0.00,-0.18,-2011.04,0.00,0.00,0.00,0.00,0.01,0.01,6.00
30951.00,0.22,1.02,0.11,0.00,0.04,3.64,0.00,-0.18,580.32,0.00,0.00,0.00,-0.01,0.00,-0.00,7.00
30958.00,0.22,1.02,-0.03,0.00,0.04,-19.97,0.00,-0.18,-3372.50,0.00,0.00,0.00,-0.01,-0.00,-0.01,6.00
30964.00,0.22,1.02,0.05,0.00,0.04,12.52,0.00,-0.18,5413.62,0.00,0.00,0.00,-0.01,-0.01,-0.01,18.00
30982.00,0.22,1.02,0.07,0.00,0.04,1.37,0.00,-0.18,-619.38,0.00,0.00,0.00,0.01,-0.01,0.00,7.00
30989.00,0.22,1.02,0.09,0.00,0.04,2.90,0.00,-0.18,218.42,0.00,0.00,0.00,0.00,0.01,0.01,5.00
30994.00,0.22,1.02,0.05,0.00,0.04,-8.91,0.00,-0.18,-2360.67,0.00,0.00,0.00,0.00,0.01,0.01,6.00
31000.00,0.22,1.02,-0.01,0.00,0.04,-9.21,0.00,-0.18,-50.02,0.00,0.00,0.00,0.00,0.01,0.01,5.00
31005.00,0.22,1.02,0.01,0.00,0.04,2.31,0.00,-0.18,2302.50,0.00,0.00,0.00,0.01,0.01,0.00,8.00
31013.00,0.22,1.02,0.03,0.00,0.04,3.64,0.00,-0.18,166.49,0.00,0.00,0.00,0.01,0.00,-0.00,8.00
31021.00,0.23,1.03,-0.04,0.05,0.07,-8.73,0.27,0.16,-1545.98,0.00,0.00,0.00,0.01,-0.01,-0.01,5.00
31047.00,0.23,1.03,0.02,0.05,0.07,2.01,0.27,0.16,413.26,0.00,0.00,0.00,0.01,0.00,0.00,7.00
31054.00,0.23,1.03,0.10,0.05,0.07,11.58,0.27,0.16,1366.56,0.00,0.00,0.00,0.01,0.00,0.01,8.00
31062.00,0.23,1.03,-0.02,0.05,0.07,-14.65,0.27,0.16,-3279.01,0.00,0.00,0.00,0.01,-0.00,0.01,8.00
31070.00,0.23,1.03,-0.01,0.05,0.07,1.12,0.27,0.16,1971.64,0.00,0.00,0.00,-0.01,-0.00,0.00,5.00
31075.00,0.23,1.03,-0.00,0.05,0.07,1.15,0.27,0.16,6.21,0.00,0.00,0.00,-0.01,-0.00,0.00,18.00
31093.00,0.23,1.03,0.04,0.05,0.07,2.75,0.27,0.16,88.85,0.00,0.00,0.00,-0.01,-0.00,-0.01,6.00
31099.00,0.23,1.03,0.04,0.05,0.07,-0.41,0.27,0.16,-526.82,0.00,0.00,0.00,0.00,-0.00,0.00,5.00
31104.00,0.23,1.03,0.00,0.05,0.07,-8.44,0.27,0.16,-1605.38,0.00,0.00,0.00,0.00,-0.00,0.00,9.00
31113.00,0.23,1.03,-0.06,0.05,0.07,-6.37,0.27,0.16,229.20,0.00,0.00,0.00,-0.00,0.00,0.01,7.00
31120.00,0.23,1.03,0.00,0.05,0.07,8.62,0.27,0.16,2142.11,0.00,0.00,0.00,-0.00,0.01,0.01,6.00
31130.00,0.23,1.03,0.12,0.05,0.07,11.60,0.27,0.16,298.36,0.00,0.00,0.00,-0.01,0.00,0.00,7.00
31137.00,0.23,1.03,0.06,0.05,0.07,-7.97,0.27,0.16,-2795.79,0.00,0.00,0.00,-0.00,-0.00,0.00,7.00
31144.00,0.23,1.03,-0.02,0.05,0.07,-11.75,0.27,0.16,-540.18,0.00,0.00,0.00,-0.00,-0.01,-0.00,6.00
31150.00,0.23,1.03,-0.04,0.05,0.07,-2.84,0.27,0.16,1484.44,0.00,0.00,0.00,-0.01,-0.00,0.00,5.00
31155.00,0.23,1.03,-0.05,0.05,0.07,-2.14,0.27,0.16,139.29,0.00,0.00,0.00,-0.01,-0.00,0.00,8.00
31163.00,0.23,1.03,-0.03,0.05,0.07,1.81,0.27,0.16,494.02,0.00,0.00,0.00,-0.00,0.00,0.01,8.00
31171.00,0.23,1.03,0.09,0.05,0.07,14.70,0.27,0.16,1611.91,0.00,0.00,0.00,0.01,0.00,0.00,15.00
31186.00,0.23,1.03,0.02,0.05,0.07,-4.05,0.27,0.16,-1250.45,0.00,0.00,0.00,0.01,0.00,-0.00,8.00
31194.00,0.23,1.03,-0.01,0.05,0.07,-3.98,0.27,0.16,9.37,0.00,0.00,0.00,0.00,-0.01,-0.00,5.00
31199.00,0.23,1.03,-0.01,0.05,0.07,0.32,0.27,0.16,859.94,0.00,0.00,0.00,-0.00,-0.01,-0.00,6.00
31210.00,0.23,1.03,0.05,0.05,0.07,4.70,0.27,0.16,398.41,0.00,0.00,0.00,0.00,-0.00,-0.00,6.00
31216.00,0.23,1.03,0.01,0.05,0.07,-6.55,0.27,0.16,-1875.75,0.00,0.00,0.00,0.00,0.00,-0.00,7.00
31223.00,0.23,1.05,0.03,0.00,0.08,2.81,-0.27,0.02,1336.59,0.00,0.00,0.00,0.01,0.00,0.00,8.00
31231.00,0.23,1.05,-0.03,0.00,0.08,-6.97,-0.27,0.02,-1221.65,0.00,0.00,0.00,0.01,0.01,0.00,5.00
31236.00,0.23,1.05,0.05,0.00,0.08,15.90,-0.27,0.02,4573.98,0.00,0.00,0.00,0.01,0.00,0.00,8.00
31244.00,0.23,1.05,0.02,0.00,0.08,-3.54,-0.27,0.02,-2429.80,0.00,0.00,0.00,0.00,0.00,-0.00,5.00
31249.00,0.23,1.05,0.02,0.00,0.08,0.40,-0.27,0.02,786.50,0.00,0.00,0.00,-0.00,-0.01,-0.01,6.00
31255.00,0.23,1.05,0.02,0.00,0.08,-1.00,-0.27,0.02,-231.94,0.00,0.00,0.00,-0.00,-0.01,-0.01,8.00
31263.00,0.23,1.05,0.04,0.00,0.08,2.70,-0.27,0.02,462.37,0.00,0.00,0.00,-0.00,-0.00,-0.01,17.00
31280.00,0.23,1.05,0.05,0.00,0.08,0.90,-0.27,0.02,-106.29,0.00,0.00,0.00,0.00,0.01,0.01,6.00
31295.00,0.23,1.05,0.08,0.00,0.08,1.98,-0.27,0.02,72.16,0.00,0.00,0.00,-0.00,0.01,0.01,6.00
31301.00,0.23,1.05,-0.03,0.00,0.08,-19.70,-0.27,0.02,-3613.08,0.00,0.00,0.00,-0.01,-0.00,0.00,5.00
31306.00,0.23,1.05,-0.07,0.00,0.08,-6.87,-0.27,0.02,2565.25,0.00,0.00,0.00,-0.01,-0.00,-0.00,8.00
31314.00,0.23,1.05,0.03,0.00,0.08,12.56,-0.27,0.02,2428.90,0.00,0.00,0.00,-0.00,-0.00,-0.00,8.00
31322.00,0.23,1.05,0.02,0.00,0.08,-1.07,-0.27,0.02,-1703.48,0.00,0.00,0.00,-0.00,-0.01,-0.00,6.00
31328.00,0.23,1.05,-0.00,0.00,0.08,-4.39,-0.27,0.02,-553.64,0.00,0.00,0.00,-0.00,-0.00,-0.00,6.00
31334.00,0.23,1.05,-0.16,0.00,0.08,-26.91,-0.27,0.02,-3752.70,0.00,0.00,0.00,0.00,0.00,-0.00,9.00
31343.00,0.23,1.05,0.03,0.00,0.08,21.29,-0.27,0.02,5354.90,0.00,0.00,0.00,-0.00,0.00,0.01,5.00
31348.00,0.23,1.05,-0.03,0.00,0.08,-12.33,-0.27,0.02,-6722.48,0.00,0.00,0.00,-0.00,0.00,0.01,7.00
31355.00,0.23,1.05,-0.07,0.00,0.08,-4.97,-0.27,0.02,1050.20,0.00,0.00,0.00,0.00,0.01,0.01,8.00
31368.00,0.23,1.05,-0.01,0.00,0.08,4.72,-0.27,0.02,745.70,0.00,0.00,0.00,0.00,-0.00,-0.00,18.00
31386.00,0.23,1.05,-0.02,0.00,0.08,-0.70,-0.27,0.02,-301.28,0.00,0.00,0.00,0.00,-0.00,-0.01,8.00
31394.00,0.23,1.05,0.03,0.00,0.08,6.76,-0.27,0.02,932.47,0.00,0.00,0.00,-0.00,-0.00,-0.00,5.00
31399.00,0.23,1.05,0.07,0.00,0.08,8.19,-0.27,0.02,286.62,0.00,0.00,0.00,0.00,0.00,-0.00,7.00
31406.00,0.23,1.05,0.09,0.00,0.08,1.80,-0.27,0.02,-912.41,0.00,0.00,0.00,0.00,0.01,0.00,7.00
31413.00,0.23,1.05,0.04,0.00,0.08,-7.30,-0.27,0.02,-1299.71,0.00,0.00,0.00,0.00,0.00,0.00,8.00
31421.00,0.23,1.05,0.01,0.00,0.08,-3.56,-0.27,0.02,466.40,0.00,0.00,0.00,0.00,-0.00,0.00,5.00
31426.00,0.23,1.06,0.02,0.00,0.08,2.40,0.00,-0.00,1192.33,0.00,0.00,0.00,0.00,-0.00,0.00,8.00
31434.00,0.23,1.06,-0.08,0.00,0.08,-12.10,0.00,-0.00,-1812.26,0.00,0.00,0.00,-0.00,-0.00,0.00,8.00
31442.00,0.23,1.06,0.05,0.00,0.08,16.13,0.00,-0.00,3528.99,0.00,0.00,0.00,-0.00,0.00,-0.00,6.00
31453.00,0.23,1.06,0.02,0.00,0.08,-3.18,0.00,-0.00,-1755.37,0.00,0.00,0.00,-0.00,0.00,-0.00,7.00
31460.00,0.23,1.06,0.06,0.00,0.08,5.55,0.00,-0.00,1246.44,0.00,0.00,0.00,0.00,0.00,0.00,5.00
31465.00,0.23,1.06,0.11,0.00,0.08,11.09,0.00,-0.00,1108.13,0.00,0.00,0.00,0.00,0.01,0.00,18.00
31483.00,0.23,1.06,-0.07,0.00,0.08,-10.09,0.00,-0.00,-1176.52,0.00,0.00,0.00,-0.01,0.00,0.00,8.00
31491.00,0.23,1.06,-0.04,0.00,0.08,3.38,0.00,-0.00,1683.15,0.00,0.00,0.00,-0.00,-0.00,-0.00,5.00
31496.00,0.23,1.06,-0.00,0.00,0.08,8.20,0.00,-0.00,964.40,0.00,0.00,0.00,-0.00,-0.00,-0.00,7.00
31503.00,0.23,1.06,-0.08,0.00,0.08,-10.73,0.00,-0.00,-2703.69,0.00,0.00,0.00,0.00,0.00,0.00,6.00
31509.00,0.23,1.06,0.04,0.00,0.08,19.62,0.00,-0.00,5057.34,0.00,0.00,0.00,0.00,-0.00,0.00,7.00
31516.00,0.23,1.06,0.01,0.00,0.08,-4.47,0.00,-0.00,-3440.47,0.00,0.00,0.00,0.00,-0.00,0.00,8.00
31524.00,0.23,1.06,-0.01,0.00,0.08,-1.85,0.00,-0.00,327.01,0.00,0.00,0.00,-0.00,0.00,0.00,8.00
31536.00,0.23,1.06,0.01,0.00,0.08,1.71,0.00,-0.00,296.55,0.00,0.00,0.00,0.00,0.00,-0.00,10.00
31546.00,0.23,1.06,-0.15,0.00,0.08,-16.45,0.00,-0.00,-1815.96,0.00,0.00,0.00,0.01,-0.00,-0.00,5.00
31551.00,0.23,1.06,0.02,0.00,0.08,33.79,0.00,-0.00,10049.49,0.00,0.00,0.00,0.00,-0.00,-0.01,6.00
31557.00,0.23,1.06,-0.05,0.00,0.08,-11.90,0.00,-0.00,-7615.09,0.00,0.00,0.00,0.00,-0.00,-0.00,7.00
31564.00,0.23,1.06,0.00,0.00,0.08,7.67,0.00,-0.00,2794.80,0.00,0.00,0.00,0.00,-0.01,0.00,8.00
31572.00,0.23,1.06,-0.01,0.00,0.08,-1.69,0.00,-0.00,-1169.37,0.00,0.00,0.00,0.00,0.00,0.01,5.00
31577.00,0.23,1.06,-0.09,0.00,0.08,-15.02,0.00,-0.00,-2666.72,0.00,0.00,0.00,0.00,0.00,0.00,17.00
31594.00,0.23,1.06,-0.03,0.00,0.08,3.49,0.00,-0.00,1088.85,0.00,0.00,0.00,0.00,-0.00,0.00,6.00
31600.00,0.23,1.06,-0.10,0.00,0.08,-11.87,0.00,-0.00,-2559.36,0.00,0.00,0.00,-0.00,-0.00,-0.00,6.00
31606.00,0.23,1.06,-0.05,0.00,0.08,8.61,0.00,-0.00,3413.22,0.00,0.00,0.00,-0.00,0.00,-0.00,9.00
31624.00,0.23,1.06,0.02,0.00,0.08,3.75,0.00,-0.00,-270.37,0.00,0.00,0.00,-0.00,0.00,0.00,9.00
31633.00,0.22,1.07,-0.03,-0.05,0.04,-5.09,-0.26,-0.16,-981.44,0.00,0.00,0.00,-0.00,0.01,0.00,5.00
31638.00,0.22,1.07,0.01,-0.05,0.04,6.19,-0.26,-0.16,2255.26,0.00,0.00,0.00,-0.00,0.01,0.00,8.00
31646.00,0.22,1.07,-0.01,-0.05,0.04,-1.70,-0.26,-0.16,-986.63,0.00,0.00,0.00,-0.00,0.00,0.01,5.00
31651.00,0.22,1.07,-0.03,-0.05,0.04,-4.49,-0.26,-0.16,-557.14,0.00,0.00,0.00,-0.00,-0.00,0.01,6.00
31657.00,0.22,1.07,0.12,-0.05,0.04,24.34,-0.26,-0.16,4804.16,0.00,0.00,0.00,-0.00,-0.00,0.00,7.00
31664.00,0.22,1.07,0.03,-0.05,0.04,-12.86,-0.26,-0.16,-5314.20,0.00,0.00,0.00,0.00,-0.01,-0.00,18.00
31682.00,0.22,1.07,0.02,-0.05,0.04,-0.10,-0.26,-0.16,708.83,0.00,0.00,0.00,0.00,0.01,-0.00,6.00
31688.00,0.22,1.07,-0.06,-0.05,0.04,-13.78,-0.26,-0.16,-2279.80,0.00,0.00,0.00,0.00,0.00,-0.00,7.00
31695.00,0.22,1.07,0.06,-0.05,0.04,17.60,-0.26,-0.16,4483.20,0.00,0.00,0.00,0.00,0.00,0.00,6.00
31705.00,0.22,1.07,-0.00,-0.05,0.04,-6.75,-0.26,-0.16,-2434.48,0.00,0.00,0.00,0.00,0.00,0.00,11.00
31716.00,0.22,1.07,-0.05,-0.05,0.04,-4.50,-0.26,-0.16,204.16,0.00,0.00,0.00,0.00,-0.00,0.00,8.00
31724.00,0.22,1.07,0.01,-0.05,0.04,8.28,-0.26,-0.16,1597.74,0.00,0.00,0.00,0.01,-0.00,-0.00,7.00
31731.00,0.22,1.07,-0.00,-0.05,0.04,-2.16,-0.26,-0.16,-1491.66,0.00,0.00,0.00,0.01,-0.00,-0.01,5.00
31736.00,0.22,1.07,-0.02,-0.05,0.04,-3.67,-0.26,-0.16,-302.47,0.00,0.00,0.00,0.01,-0.00,-0.01,9.00
31745.00,0.22,1.07,-0.05,-0.05,0.04,-3.76,-0.26,-0.16,-10.26,0.00,0.00,0.00,0.00,0.00,-0.00,5.00
31750.00,0.22,1.07,0.06,-0.05,0.04,22.93,-0.26,-0.16,5339.06,0.00,0.00,0.00,0.00,0.01,-0.00,7.00
31757.00,0.22,1.07,0.05,-0.05,0.04,-1.31,-0.26,-0.16,-3462.94,0.00,0.00,0.00,0.00,0.01,-0.00,8.00
31765.00,0.22,1.07,-0.02,-0.05,0.04,-8.84,-0.26,-0.16,-941.68,0.00,0.00,0.00,0.01,0.00,0.00,7.00
31772.00,0.22,1.07,0.01,-0.05,0.04,4.81,-0.26,-0.16,1949.93,0.00,0.00,0.00,0.01,-0.00,0.00,5.00
31782.00,0.22,1.07,0.14,-0.05,0.04,12.37,-0.26,-0.16,756.34,0.00,0.00,0.00,-0.00,-0.01,0.00,17.00
31799.00,0.22,1.07,0.02,-0.05,0.04,-6.67,-0.26,-0.16,-1120.07,0.00,0.00,0.00,-0.00,-0.00,0.00,7.00
31806.00,0.22,1.07,0.04,-0.05,0.04,2.91,-0.26,-0.16,1369.41,0.00,0.00,0.00,-0.00,0.00,0.00,8.00
31814.00,0.22,1.07,-0.03,-0.05,0.04,-9.09,-0.26,-0.16,-1500.40,0.00,0.00,0.00,0.00,0.00,0.00,7.00
31821.00,0.22,1.07,0.01,-0.05,0.04,5.37,-0.26,-0.16,2065.95,0.00,0.00,0.00,-0.00,0.00,0.00,6.00
31827.00,0.22,1.07,-0.02,-0.05,0.04,-4.90,-0.26,-0.16,-1712.07,0.00,0.00,0.00,-0.00,0.00,0.00,9.00
31836.00,0.22,1.08,0.04,0.00,0.04,6.73,0.26,-0.02,1292.28,0.00,0.00,0.00,-0.01,-0.00,0.00,8.00
31844.00,0.22,1.08,-0.01,0.00,0.04,-5.86,0.26,-0.02,-1574.35,0.00,0.00,0.00,-0.01,-0.00,0.00,6.00
31850.00,0.22,1.08,-0.00,0.00,0.04,0.64,0.26,-0.02,1083.20,0.00,0.00,0.00,-0.00,-0.00,0.00,6.00
31856.00,0.22,1.08,-0.07,0.00,0.04,-11.56,0.26,-0.02,-2031.71,0.00,0.00,0.00,-0.00,-0.00,0.00,9.00
31870.00,0.22,1.08,0.03,0.00,0.04,7.22,0.26,-0.02,1341.38,0.00,0.00,0.00,-0.00,0.00,0.00,17.00
31887.00,0.22,1.08,0.01,0.00,0.04,-1.05,0.26,-0.02,-486.62,0.00,0.00,0.00,-0.00,0.00,0.00,9.00
31896.00,0.22,1.08,0.03,0.00,0.04,2.39,0.26,-0.02,382.00,0.00,0.00,0.00,0.00,0.00,-0.00,5.00
31901.00,0.22,1.08,0.05,0.00,0.04,4.22,0.26,-0.02,366.54,0.00,0.00,0.00,0.00,-0.00,-0.00,6.00
31907.00,0.22,1.08,0.04,0.00,0.04,-2.46,0.26,-0.02,-1114.01,0.00,0.00,0.00,0.00,-0.00,-0.00,8.00
31915.00,0.22,1.08,0.05,0.00,0.04,1.24,0.26,-0.02,462.12,0.00,0.00,0.00,0.00,-0.00,0.00,8.00
31923.00,0.22,1.08,0.06,0.00,0.04,1.27,0.26,-0.02,4.41,0.00,0.00,0.00,0.00,0.00,-0.00,5.00
31928.00,0.22,1.08,-0.00,0.00,0.04,-12.27,0.26,-0.02,-2708.39,0.00,0.00,0.00,0.00,0.00,-0.00,8.00
31936.00,0.22,1.08,0.02,0.00,0.04,3.22,0.26,-0.02,1935.90,0.00,0.00,0.00,0.01,0.00,0.00,8.00
31944.00,0.22,1.08,0.06,0.00,0.04,4.08,0.26,-0.02,107.54,0.00,0.00,0.00,0.00,-0.00,-0.00,6.00
31959.00,0.22,1.08,0.01,0.00,0.04,-2.88,0.26,-0.02,-463.96,0.00,0.00,0.00,0.00,-0.00,-0.00,9.00
31968.00,0.22,1.08,0.02,0.00,0.04,1.25,0.26,-0.02,458.98,0.00,0.00,0.00,0.00,-0.00,-0.00,5.00
31973.00,0.22,1.08,0.02,0.00,0.04,0.00,0.26,-0.02,-249.51,0.00,0.00,0.00,-0.00,-0.00,0.00,14.00
31987.00,0.22,1.08,0.06,0.00,0.04,2.64,0.26,-0.02,188.58,0.00,0.00,0.00,-0.00,0.00,0.00,9.00
31996.00,0.22,1.08,0.05,0.00,0.04,-1.29,0.26,-0.02,-437.08,0.00,0.00,0.00,-0.00,0.00,0.01,5.00
32001.00,0.22,1.08,0.01,0.00,0.04,-7.05,0.26,-0.02,-1151.61,0.00,0.00,0.00,-0.01,0.00,0.01,7.00
32008.00,0.22,1.08,-0.00,0.00,0.04,-2.25,0.26,-0.02,685.42,0.00,0.00,0.00,-0.01,0.00,0.01,7.00
32015.00,0.22,1.08,0.09,0.00,0.04,13.67,0.26,-0.02,2275.37,0.00,0.00,0.00,-0.01,-0.00,0.00,8.00
32023.00,0.22,1.08,0.11,0.00,0.04,2.01,0.26,-0.02,-1457.88,0.00,0.00,0.00,-0.01,0.00,-0.00,5.00
32028.00,0.22,1.08,0.16,0.00,0.04,9.90,0.26,-0.02,1578.09,0.00,0.00,0.00,-0.01,0.00,-0.00,9.00
32041.00,0.22,1.09,0.13,0.00,0.07,-2.02,0.00,0.18,-916.73,0.00,0.00,0.00,-0.01,-0.00,0.00,7.00
32048.00,0.22,1.09,0.09,0.00,0.07,-6.94,0.00,0.18,-703.16,0.00,0.00,0.00,-0.00,0.00,0.01,7.00
32055.00,0.22,1.09,0.14,0.00,0.07,8.25,0.00,0.18,2170.20,0.00,0.00,0.00,0.00,-0.00,0.01,7.00
32062.00,0.22,1.09,0.14,0.00,0.07,-0.51,0.00,0.18,-1251.48,0.00,0.00,0.00,-0.00,-0.00,0.00,5.00
32067.00,0.22,1.09,0.16,0.00,0.07,3.71,0.00,0.18,842.87,0.00,0.00,0.00,-0.00,-0.00,0.00,19.00
32086.00,0.22,1.09,0.17,0.00,0.07,0.63,0.00,0.18,-161.86,0.00,0.00,0.00,-0.00,0.00,-0.00,8.00
32094.00,0.22,1.09,0.06,0.00,0.07,-13.91,0.00,0.18,-1817.18,0.00,0.00,0.00,0.00,-0.00,-0.00,5.00
32099.00,0.22,1.09,-0.03,0.00,0.07,-17.92,0.00,0.18,-802.85,0.00,0.00,0.00,0.00,-0.00,-0.00,8.00
32107.00,0.22,1.09,0.05,0.00,0.07,10.25,0.00,0.18,3521.27,0.00,0.00,0.00,0.00,0.00,-0.00,8.00
32115.00,0.22,1.09,0.14,0.00,0.07,10.57,0.00,0.18,39.41,0.00,0.00,0.00,0.00,-0.00,0.00,7.00
32131.00,0.22,1.09,0.16,0.00,0.07,1.70,0.00,0.18,-553.91,0.00,0.00,0.00,0.00,-0.00,-0.00,7.00
32138.00,0.22,1.09,0.06,0.00,0.07,-15.27,0.00,0.18,-2424.82,0.00,0.00,0.00,0.00,0.00,-0.00,8.00
32146.00,0.22,1.09,-0.03,0.00,0.07,-10.89,0.00,0.18,547.43,0.00,0.00,0.00,-0.00,0.00,0.00,6.00
32152.00,0.22,1.09,0.13,0.00,0.07,27.33,0.00,0.18,6370.29,0.00,0.00,0.00,0.00,0.00,0.00,6.00
32158.00,0.22,1.09,0.11,0.00,0.07,-4.44,0.00,0.18,-5295.85,0.00,0.00,0.00,0.00,0.00,0.00,8.00
32166.00,0.22,1.09,-0.03,0.00,0.07,-16.78,0.00,0.18,-1541.48,0.00,0.00,0.00,0.00,0.00,0.00,8.00
32174.00,0.22,1.09,0.02,0.00,0.07,6.54,0.00,0.18,2914.63,0.00,0.00,0.00,-0.00,0.00,0.00,15.00
32189.00,0.22,1.09,0.02,0.00,0.07,0.00,0.00,0.18,-435.84,0.00,0.00,0.00,-0.01,0.00,0.00,8.00
32197.00,0.22,1.09,0.00,0.00,0.07,-3.03,0.00,0.18,-378.72,0.00,0.00,0.00,-0.01,0.00,0.00,5.00
32202.00,0.22,1.09,-0.02,0.00,0.07,-4.03,0.00,0.18,-201.56,0.00,0.00,0.00,-0.00,0.00,0.00,7.00
32213.00,0.22,1.09,0.03,0.00,0.07,4.76,0.00,0.18,799.82,0.00,0.00,0.00,-0.00,0.00,0.00,7.00
32220.00,0.22,1.09,0.06,0.00,0.07,3.51,0.00,0.18,-178.63,0.00,0.00,0.00,-0.01,0.00,0.00,7.00
32227.00,0.22,1.09,0.13,0.00,0.07,10.00,0.00,0.18,927.17,0.00,0.00,0.00,-0.01,0.00,0.00,9.00
32236.00,0.22,1.09,0.07,0.00,0.07,-6.67,0.00,0.18,-1852.79,0.00,0.00,0.00,-0.00,-0.00,0.00,6.00
32242.00,0.23,1.11,0.07,0.06,0.07,0.11,0.28,-0.02,1130.99,0.00,0.00,0.00,-0.00,-0.00,0.00,7.00
32249.00,0.23,1.11,0.06,0.06,0.07,-1.33,0.28,-0.02,-206.78,0.00,0.00,0.00,-0.00,-0.00,0.00,6.00
32255.00,0.23,1.11,-0.03,0.06,0.07,-14.37,0.28,-0.02,-2173.37,0.00,0.00,0.00,-0.00,0.00,-0.00,5.00
32260.00,0.23,1.11,0.02,0.06,0.07,10.03,0.28,-0.02,4881.59,0.00,0.00,0.00,-0.00,0.00,-0.00,7.00
32267.00,0.23,1.11,0.15,0.06,0.07,17.60,0.28,-0.02,1081.38,0.00,0.00,0.00,0.00,0.00,0.00,6.00
32273.00,0.23,1.11,0.13,0.06,0.07,-2.15,0.28,-0.02,-3292.07,0.00,0.00,0.00,-0.00,-0.00,0.00,5.00
32283.00,0.23,1.11,0.05,0.06,0.07,-8.26,0.28,-0.02,-611.56,0.00,0.00,0.00,0.00,0.00,0.00,17.00
32300.00,0.23,1.11,-0.05,0.06,0.07,-5.81,0.28,-0.02,144.33,0.00,0.00,0.00,0.00,0.00,0.00,7.00
32307.00,0.23,1.11,-0.01,0.06,0.07,6.16,0.28,-0.02,1710.63,0.00,0.00,0.00,0.00,-0.00,-0.00,8.00
32315.00,0.23,1.11,0.14,0.06,0.07,17.85,0.28,-0.02,1461.19,0.00,0.00,0.00,-0.00,-0.01,-0.00,6.00
32321.00,0.23,1.11,0.07,0.06,0.07,-12.01,0.28,-0.02,-4977.51,0.00,0.00,0.00,0.00,-0.01,-0.00,6.00
32327.00,0.23,1.11,0.17,0.06,0.07,17.30,0.28,-0.02,4885.94,0.00,0.00,0.00,0.00,-0.00,-0.00,9.00
32336.00,0.23,1.11,0.04,0.06,0.07,-14.62,0.28,-0.02,-3547.02,0.00,0.00,0.00,0.00,0.00,-0.00,7.00
32343.00,0.23,1.11,0.10,0.06,0.07,8.58,0.28,-0.02,3314.81,0.00,0.00,0.00,0.00,0.01,0.00,6.00
32349.00,0.23,1.11,0.10,0.06,0.07,0.51,0.28,-0.02,-1345.10,0.00,0.00,0.00,0.00,0.01,0.00,6.00
32355.00,0.23,1.11,0.11,0.06,0.07,1.10,0.28,-0.02,97.66,0.00,0.00,0.00,-0.00,0.00,0.00,5.00
32365.00,0.23,1.11,0.01,0.06,0.07,-9.24,0.28,-0.02,-1034.14,0.00,0.00,0.00,-0.01,-0.00,0.00,16.00
32381.00,0.23,1.11,0.18,0.06,0.07,10.59,0.28,-0.02,1239.73,0.00,0.00,0.00,-0.00,-0.00,-0.00,7.00
32388.00,0.23,1.11,0.09,0.06,0.07,-13.93,0.28,-0.02,-3502.86,0.00,0.00,0.00,-0.00,-0.00,-0.00,9.00
32397.00,0.23,1.11,0.07,0.06,0.07,-2.09,0.28,-0.02,1315.28,0.00,0.00,0.00,-0.00,0.00,0.00,5.00
32402.00,0.23,1.11,0.15,0.06,0.07,16.36,0.28,-0.02,3689.31,0.00,0.00,0.00,-0.00,0.00,0.00,6.00
32408.00,0.23,1.11,0.05,0.06,0.07,-16.26,0.28,-0.02,-5436.13,0.00,0.00,0.00,-0.00,0.00,0.00,9.00
32417.00,0.23,1.11,0.07,0.06,0.07,1.75,0.28,-0.02,2000.48,0.00,0.00,0.00,-0.00,-0.00,0.00,7.00
32424.00,0.23,1.11,0.03,0.06,0.07,-4.81,0.28,-0.02,-936.21,0.00,0.00,0.00,0.00,-0.01,0.00,6.00
32430.00,0.23,1.11,-0.04,0.06,0.07,-11.99,0.28,-0.02,-1197.01,0.00,0.00,0.00,-0.00,-0.01,0.00,7.00
32437.00,0.23,1.11,0.08,0.06,0.07,16.46,0.28,-0.02,4064.61,0.00,0.00,0.00,-0.00,-0.00,0.00,9.00
32450.00,0.22,1.12,-0.00,-0.05,0.08,-6.28,-0.52,0.03,-1749.35,0.00,0.00,0.00,0.00,-0.00,-0.00,8.00
32458.00,0.22,1.12,-0.00,-0.05,0.08,0.46,-0.52,0.03,842.08,0.00,0.00,0.00,-0.00,-0.00,-0.00,9.00
32467.00,0.22,1.12,-0.04,-0.05,0.08,-4.65,-0.52,0.03,-567.16,0.00,0.00,0.00,0.00,-0.00,0.00,16.00
32483.00,0.22,1.12,0.02,-0.05,0.08,4.08,-0.52,0.03,545.51,0.00,0.00,0.00,0.00,0.00,-0.00,7.00
32490.00,0.22,1.12,0.01,-0.05,0.08,-1.78,-0.52,0.03,-836.65,0.00,0.00,0.00,0.00,-0.00,-0.00,7.00
32497.00,0.22,1.12,-0.04,-0.05,0.08,-7.26,-0.52,0.03,-783.19,0.00,0.00,0.00,0.00,-0.00,-0.00,6.00
32503.00,0.22,1.12,0.01,-0.05,0.08,8.76,-0.52,0.03,2669.40,0.00,0.00,0.00,0.00,-0.00,0.00,6.00
32509.00,0.22,1.12,0.02,-0.05,0.08,1.44,-0.52,0.03,-1219.32,0.00,0.00,0.00,0.00,-0.00,0.00,9.00
32518.00,0.22,1.12,0.07,-0.05,0.08,5.86,-0.52,0.03,490.44,0.00,0.00,0.00,0.00,-0.00,-0.00,5.00
32523.00,0.22,1.12,0.07,-0.05,0.08,0.00,-0.52,0.03,-1171.38,0.00,0.00,0.00,0.00,-0.00,-0.00,6.00
32533.00,0.22,1.12,-0.09,-0.05,0.08,-16.03,-0.52,0.03,-1602.68,0.00,0.00,0.00,-0.00,0.00,0.00,7.00
32540.00,0.22,1.12,-0.02,-0.05,0.08,9.54,-0.52,0.03,3652.46,0.00,0.00,0.00,-0.00,0.00,0.00,8.00
32548.00,0.22,1.12,0.01,-0.05,0.08,4.14,-0.52,0.03,-675.27,0.00,0.00,0.00,-0.00,0.00,0.00,6.00
32554.00,0.22,1.12,0.06,-0.05,0.08,7.53,-0.52,0.03,565.07,0.00,0.00,0.00,-0.00,0.00,0.00,5.00
32559.00,0.22,1.12,0.00,-0.05,0.08,-11.00,-0.52,0.03,-3704.84,0.00,0.00,0.00,-0.00,0.00,0.00,9.00
32568.00,0.22,1.12,0.04,-0.05,0.08,4.23,-0.52,0.03,1691.70,0.00,0.00,0.00,-0.00,0.00,0.00,8.00
32576.00,0.22,1.12,0.00,-0.05,0.08,-4.96,-0.52,0.03,-1148.11,0.00,0.00,0.00,-0.00,-0.00,0.00,16.00
32592.00,0.22,1.12,0.03,-0.05,0.08,1.48,-0.52,0.03,402.47,0.00,0.00,0.00,-0.00,-0.00,0.00,7.00
32599.00,0.22,1.12,0.00,-0.05,0.08,-3.40,-0.52,0.03,-697.26,0.00,0.00,0.00,-0.00,0.00,0.00,6.00
32605.00,0.22,1.12,0.11,-0.05,0.08,17.64,-0.52,0.03,3506.85,0.00,0.00,0.00,0.00,0.00,-0.00,5.00
32620.00,0.22,1.12,0.03,-0.05,0.08,-5.43,-0.52,0.03,-1538.04,0.00,0.00,0.00,0.00,-0.00,0.00,9.00
32629.00,0.22,1.12,0.17,-0.05,0.08,15.51,-0.52,0.03,2326.25,0.00,0.00,0.00,0.00,-0.00,0.00,8.00
32637.00,0.22,1.12,0.11,-0.05,0.08,-7.55,-0.52,0.03,-2883.17,0.00,0.00,0.00,0.00,-0.00,0.00,7.00
32644.00,0.22,1.12,0.17,-0.05,0.08,9.15,-0.52,0.03,2386.27,0.00,0.00,0.00,0.01,-0.00,0.00,6.00
32650.00,0.22,1.13,0.14,0.00,0.04,-5.72,0.27,-0.20,-2477.72,0.00,0.00,0.00,0.01,-0.00,0.00,5.00
32655.00,0.22,1.13,0.12,0.00,0.04,-2.13,0.27,-0.20,717.46,0.00,0.00,0.00,0.00,-0.00,0.00,6.00
32661.00,0.22,1.13,0.07,0.00,0.04,-8.53,0.27,-0.20,-1066.04,0.00,0.00,0.00,0.00,-0.00,0.00,8.00
32669.00,0.22,1.13,0.14,0.00,0.04,8.84,0.27,-0.20,2171.27,0.00,0.00,0.00,0.00,-0.00,0.00,8.00
32677.00,0.22,1.13,0.06,0.00,0.04,-10.87,0.27,-0.20,-2464.08,0.00,0.00,0.00,0.00,0.00,-0.00,17.00
32694.00,0.22,1.13,0.16,0.00,0.04,6.23,0.27,-0.20,1005.79,0.00,0.00,0.00,0.00,-0.00,-0.00,6.00
32710.00,0.22,1.13,0.07,0.00,0.04,-5.53,0.27,-0.20,-734.87,0.00,0.00,0.00,0.00,0.00,0.00,9.00
32719.00,0.22,1.13,0.05,0.00,0.04,-2.85,0.27,-0.20,297.25,0.00,0.00,0.00,0.00,0.00,0.00,8.00
32727.00,0.22,1.13,0.06,0.00,0.04,1.39,0.27,-0.20,530.87,0.00,0.00,0.00,-0.01,-0.00,0.00,8.00
32735.00,0.22,1.13,0.06,0.00,0.04,0.03,0.27,-0.20,-170.50,0.00,0.00,0.00,-0.00,0.00,0.00,5.00
32740.00,0.22,1.13,0.04,0.00,0.04,-5.01,0.27,-0.20,-1008.07,0.00,0.00,0.00,-0.00,0.00,0.00,9.00
32749.00,0.22,1.13,0.08,0.00,0.04,4.75,0.27,-0.20,1084.10,0.00,0.00,0.00,-0.00,0.00,0.00,5.00
32754.00,0.22,1.13,0.11,0.00,0.04,6.53,0.27,-0.20,357.52,0.00,0.00,0.00,0.00,0.00,0.00,6.00
32760.00,0.22,1.13,0.08,0.00,0.04,-5.52,0.27,-0.20,-2008.60,0.00,0.00,0.00,0.00,0.00,0.00,8.00
32768.00,0.22,1.13,0.16,0.00,0.04,10.80,0.27,-0.20,2040.21,0.00,0.00,0.00,0.00,0.00,0.00,17.00
32785.00,0.22,1.13,0.20,0.00,0.04,2.08,0.27,-0.20,-513.28,0.00,0.00,0.00,0.00,0.00,-0.00,6.00
32796.00,0.22,1.13,0.13,0.00,0.04,-6.22,0.27,-0.20,-754.18,0.00,0.00,0.00,0.00,-0.00,-0.00,6.00
32802.00,0.22,1.13,0.07,0.00,0.04,-10.55,0.27,-0.20,-722.22,0.00,0.00,0.00,0.00,-0.00,-0.00,7.00
32809.00,0.22,1.13,0.12,0.00,0.04,7.99,0.27,-0.20,2647.98,0.00,0.00,0.00,0.00,0.00,0.00,9.00
32818.00,0.22,1.13,0.14,0.00,0.04,2.04,0.27,-0.20,-660.43,0.00,0.00,0.00,0.00,0.00,-0.00,6.00
32824.00,0.22,1.13,0.13,0.00,0.04,-2.62,0.27,-0.20,-776.47,0.00,0.00,0.00,0.00,0.00,-0.00,7.00
32831.00,0.22,1.13,0.06,0.00,0.04,-8.99,0.27,-0.20,-910.98,0.00,0.00,0.00,0.00,0.00,-0.00,7.00
32838.00,0.22,1.13,0.16,0.00,0.04,13.98,0.27,-0.20,3282.06,0.00,0.00,0.00,0.00,-0.00,-0.00,8.00
32846.00,0.22,1.13,0.11,0.00,0.04,-6.41,0.27,-0.20,-2548.76,0.00,0.00,0.00,0.00,-0.00,-0.00,5.00
32851.00,0.22,1.14,0.14,0.00,0.04,5.64,0.00,-0.00,2409.14,0.00,0.00,0.00,0.00,-0.00,-0.00,8.00
32859.00,0.22,1.14,0.17,0.00,0.04,3.80,0.00,-0.00,-228.91,0.00,0.00,0.00,-0.00,-0.00,0.00,8.00
32871.00,0.22,1.14,0.14,0.00,0.04,-2.75,0.00,-0.00,-546.46,0.00,0.00,0.00,0.00,0.00,-0.00,19.00
32890.00,0.22,1.14,0.06,0.00,0.04,-4.15,0.00,-0.00,-73.31,0.00,0.00,0.00,-0.00,0.00,0.00,9.00
32899.00,0.22,1.14,0.11,0.00,0.04,5.69,0.00,-0.00,1093.23,0.00,0.00,0.00,-0.00,0.00,0.00,5.00
32904.00,0.22,1.14,0.08,0.00,0.04,-5.16,0.00,-0.00,-2169.98,0.00,0.00,0.00,-0.00,-0.00,0.00,7.00
32911.00,0.22,1.14,0.05,0.00,0.04,-4.12,0.00,-0.00,147.86,0.00,0.00,0.00,-0.00,-0.01,0.00,7.00
32918.00,0.22,1.14,0.11,0.00,0.04,7.75,0.00,-0.00,1696.02,0.00,0.00,0.00,-0.00,-0.01,0.00,8.00
32926.00,0.22,1.14,0.09,0.00,0.04,-1.67,0.00,-0.00,-1177.29,0.00,0.00,0.00,-0.00,0.00,0.00,5.00
32931.00,0.22,1.14,0.15,0.00,0.04,11.80,0.00,-0.00,2693.36,0.00,0.00,0.00,-0.00,0.00,0.00,8.00
32939.00,0.22,1.14,0.16,0.00,0.04,1.31,0.00,-0.00,-1311.06,0.00,0.00,0.00,-0.01,0.00,0.00,9.00
32948.00,0.22,1.14,0.11,0.00,0.04,-6.38,0.00,-0.00,-854.80,0.00,0.00,0.00,0.00,-0.00,0.00,6.00
32958.00,0.22,1.14,0.09,0.00,0.04,-1.68,0.00,-0.00,470.74,0.00,0.00,0.00,0.00,-0.00,-0.00,9.00
32967.00,0.22,1.14,0.06,0.00,0.04,-3.20,0.00,-0.00,-168.81,0.00,0.00,0.00,0.00,0.01,-0.00,5.00
32972.00,0.22,1.14,0.14,0.00,0.04,16.08,0.00,-0.00,3854.48,0.00,0.00,0.00,0.00,0.00,-0.00,17.00
32989.00,0.22,1.14,0.16,0.00,0.04,1.17,0.00,-0.00,-876.68,0.00,0.00,0.00,0.00,-0.00,-0.00,9.00
32998.00,0.22,1.14,0.23,0.00,0.04,7.16,0.00,-0.00,665.12,0.00,0.00,0.00,0.00,-0.01,-0.00,5.00
33003.00,0.22,1.14,0.22,0.00,0.04,-1.61,0.00,-0.00,-1753.14,0.00,0.00,0.00,0.00,-0.00,-0.00,7.00
33010.00,0.22,1.14,0.14,0.00,0.04,-11.78,0.00,-0.00,-1453.50,0.00,0.00,0.00,0.01,-0.00,-0.00,8.00
33018.00,0.22,1.14,0.09,0.00,0.04,-6.12,0.00,-0.00,707.91,0.00,0.00,0.00,0.00,0.00,-0.00,8.00
33026.00,0.22,1.14,0.06,0.00,0.04,-3.89,0.00,-0.00,278.98,0.00,0.00,0.00,0.00,0.00,-0.00,5.00
33031.00,0.22,1.14,0.05,0.00,0.04,-0.86,0.00,-0.00,604.14,0.00,0.00,0.00,0.00,0.00,-0.00,9.00
33044.00,0.22,1.14,-0.01,0.00,0.04,-5.04,0.00,-0.00,-321.37,0.00,0.00,0.00,0.00,-0.00,0.00,8.00
33052.00,0.21,1.15,0.03,-0.06,0.08,5.80,-0.28,0.21,1355.11,0.00,0.00,0.00,0.00,-0.01,0.00,6.00
33058.00,0.21,1.15,0.18,-0.06,0.08,24.43,-0.28,0.21,3105.13,0.00,0.00,0.00,-0.00,-0.00,0.00,6.00
33064.00,0.21,1.15,-0.02,-0.06,0.08,-32.44,-0.28,0.21,-9478.99,0.00,0.00,0.00,-0.00,-0.00,-0.00,6.00
33070.00,0.21,1.15,0.11,-0.06,0.08,21.11,-0.28,0.21,8925.50,0.00,0.00,0.00,0.00,-0.00,-0.00,19.00
33089.00,0.21,1.15,0.14,-0.06,0.08,1.76,-0.28,0.21,-1018.10,0.00,0.00,0.00,-0.00,0.00,0.00,8.00
33097.00,0.21,1.15,0.10,-0.06,0.08,-5.29,-0.28,0.21,-881.59,0.00,0.00,0.00,-0.00,0.00,0.00,5.00
33102.00,0.21,1.15,0.06,-0.06,0.08,-7.49,-0.28,0.21,-440.67,0.00,0.00,0.00,-0.00,0.00,0.00,7.00
33109.00,0.21,1.15,0.09,-0.06,0.08,3.49,-0.28,0.21,1569.28,0.00,0.00,0.00,-0.00,-0.00,0.00,8.00
33117.00,0.21,1.15,0.09,-0.06,0.08,0.64,-0.28,0.21,-356.51,0.00,0.00,0.00,-0.00,-0.00,0.00,6.00
33127.00,0.21,1.15,0.14,-0.06,0.08,4.85,-0.28,0.21,421.28,0.00,0.00,0.00,0.00,-0.00,0.00,6.00
33133.00,0.21,1.15,0.08,-0.06,0.08,-9.86,-0.28,0.21,-2453.01,0.00,0.00,0.00,0.00,-0.00,0.00,7.00
33140.00,0.21,1.15,-0.00,-0.06,0.08,-12.47,-0.28,0.21,-372.96,0.00,0.00,0.00,0.00,-0.00,0.00,9.00
33149.00,0.21,1.15,0.13,-0.06,0.08,14.53,-0.28,0.21,3000.72,0.00,0.00,0.00,-0.00,0.00,-0.00,6.00
33155.00,0.21,1.15,0.07,-0.06,0.08,-9.89,-0.28,0.21,-4070.00,0.00,0.00,0.00,-0.00,0.00,-0.00,6.00
33161.00,0.21,1.15,0.08,-0.06,0.08,1.50,-0.28,0.21,1897.70,0.00,0.00,0.00,0.00,0.00,-0.00,9.00
33170.00,0.21,1.15,0.07,-0.06,0.08,-0.34,-0.28,0.21,-204.64,0.00,0.00,0.00,0.00,0.00,-0.00,8.00
33178.00,0.21,1.15,0.09,-0.06,0.08,1.61,-0.28,0.21,244.49,0.00,0.00,0.00,0.00,0.00,-0.00,15.00
33193.00,0.21,1.15,0.09,-0.06,0.08,0.01,-0.28,0.21,-106.74,0.00,0.00,0.00,0.00,0.00,-0.00,8.00
33201.00,0.21,1.15,0.17,-0.06,0.08,9.95,-0.28,0.21,1242.60,0.00,0.00,0.00,0.00,0.00,-0.00,5.00
33211.00,0.21,1.15,0.13,-0.06,0.08,-3.90,-0.28,0.21,-1385.54,0.00,0.00,0.00,0.00,-0.00,-0.00,8.00
33219.00,0.21,1.15,0.31,-0.06,0.08,22.51,-0.28,0.21,3301.43,0.00,0.00,0.00,0.00,0.00,-0.00,3.00
33222.00,0.21,1.15,0.09,-0.06,0.08,-72.88,-0.28,0.21,-31797.37,0.00,0.00,0.00,0.00,0.00,-0.00,8.00
33230.00,0.21,1.15,0.07,-0.06,0.08,-2.81,-0.28,0.21,8758.68,0.00,0.00,0.00,0.00,0.00,-0.00,7.00
33237.00,0.21,1.15,-0.02,-0.06,0.08,-12.79,-0.28,0.21,-1425.74,0.00,0.00,0.00,0.00,0.00,-0.00,6.00
33243.00,0.21,1.15,0.06,-0.06,0.08,14.68,-0.28,0.21,4578.98,0.00,0.00,0.00,0.00,0.00,-0.00,7.00
33250.00,0.21,1.15,0.12,-0.06,0.08,7.82,-0.28,0.21,-980.05,0.00,0.00,0.00,0.00,-0.00,-0.00,6.00
33256.00,0.20,1.16,0.04,-0.05,0.04,-12.52,0.00,-0.19,-3389.36,0.00,0.00,0.00,-0.00,-0.00,0.00,5.00
33261.00,0.20,1.16,0.03,-0.05,0.04,-3.67,0.00,-0.19,1770.51,0.00,0.00,0.00,-0.00,-0.00,0.00,9.00
33270.00,0.20,1.16,0.11,-0.05,0.04,9.07,0.00,-0.19,1414.76,0.00,0.00,0.00,-0.00,-0.01,0.00,7.00
33287.00,0.20,1.16,0.13,-0.05,0.04,1.56,0.00,-0.19,-441.46,0.00,0.00,0.00,-0.00,0.00,0.00,16.00
33303.00,0.20,1.16,0.08,-0.05,0.04,-3.12,0.00,-0.19,-292.48,0.00,0.00,0.00,-0.00,0.01,0.00,7.00
33310.00,0.20,1.16,0.06,-0.05,0.04,-2.74,0.00,-0.19,54.22,0.00,0.00,0.00,-0.00,0.00,-0.00,7.00
33317.00,0.20,1.16,0.05,-0.05,0.04,-2.01,0.00,-0.19,103.50,0.00,0.00,0.00,0.00,-0.00,0.00,6.00
33323.00,0.20,1.16,0.14,-0.05,0.04,15.06,0.00,-0.19,2845.31,0.00,0.00,0.00,-0.00,-0.00,0.00,7.00
33330.00,0.20,1.16,0.10,-0.05,0.04,-5.55,0.00,-0.19,-2943.47,0.00,0.00,0.00,-0.00,0.00,0.00,9.00
33339.00,0.20,1.16,0.16,-0.05,0.04,6.57,0.00,-0.19,1346.25,0.00,0.00,0.00,-0.00,0.00,0.00,6.00
33345.00,0.20,1.16,0.02,-0.05,0.04,-23.93,0.00,-0.19,-5082.70,0.00,0.00,0.00,0.00,0.00,0.00,7.00
33352.00,0.20,1.16,0.01,-0.05,0.04,-0.66,0.00,-0.19,3323.42,0.00,0.00,0.00,0.00,-0.00,0.00,5.00
33357.00,0.20,1.16,0.06,-0.05,0.04,8.60,0.00,-0.19,1851.72,0.00,0.00,0.00,0.00,-0.00,0.00,6.00
33372.00,0.20,1.16,0.14,-0.05,0.04,5.80,0.00,-0.19,-186.74,0.00,0.00,0.00,0.00,0.00,0.00,5.00
33377.00,0.20,1.16,0.14,-0.05,0.04,-1.35,0.00,-0.19,-1428.60,0.00,0.00,0.00,-0.00,-0.00,-0.00,5.00
33382.00,0.20,1.16,0.07,-0.05,0.04,-12.35,0.00,-0.19,-2199.87,0.00,0.00,0.00,-0.00,-0.00,-0.00,18.00
33400.00,0.20,1.16,0.09,-0.05,0.04,0.81,0.00,-0.19,730.80,0.00,0.00,0.00,0.00,-0.00,-0.00,6.00
33406.00,0.20,1.16,0.15,-0.05,0.04,10.30,0.00,-0.19,1581.53,0.00,0.00,0.00,0.00,0.00,0.00,6.00
33412.00,0.20,1.16,0.00,-0.05,0.04,-24.80,0.00,-0.19,-5850.30,0.00,0.00,0.00,0.00,0.00,0.00,8.00
33420.00,0.20,1.16,0.23,-0.05,0.04,27.91,0.00,-0.19,6589.58,0.00,0.00,0.00,-0.00,0.00,-0.00,8.00
33428.00,0.20,1.16,0.07,-0.05,0.04,-19.15,0.00,-0.19,-5882.31,0.00,0.00,0.00,0.00,0.00,0.00,6.00
33434.00,0.20,1.16,0.10,-0.05,0.04,4.49,0.00,-0.19,3938.72,0.00,0.00,0.00,0.00,0.00,0.00,7.00
33441.00,0.20,1.16,0.13,-0.05,0.04,4.08,0.00,-0.19,-58.15,0.00,0.00,0.00,0.00,0.00,0.00,9.00
33454.00,0.20,1.16,0.15,-0.05,0.04,1.44,0.00,-0.19,-203.00,0.00,0.00,0.00,-0.00,-0.00,0.00,8.00
33462.00,0.20,1.18,0.03,0.00,0.07,-14.22,0.26,0.16,-1958.15,0.00,0.00,0.00,-0.00,-0.00,0.00,8.00
33470.00,0.20,1.18,0.18,0.00,0.07,18.00,0.26,0.16,4027.97,0.00,0.00,0.00,-0.00,-0.01,0.00,17.00
33487.00,0.20,1.18,0.21,0.00,0.07,1.70,0.26,0.16,-958.90,0.00,0.00,0.00,-0.00,0.00,0.00,6.00
33493.00,0.20,1.18,0.05,0.00,0.07,-26.48,0.26,0.16,-4696.47,0.00,0.00,0.00,-0.00,0.00,0.00,8.00
33501.00,0.20,1.18,0.04,0.00,0.07,-1.27,0.26,0.16,3151.68,0.00,0.00,0.00,-0.00,0.00,0.00,6.00
33507.00,0.20,1.18,0.08,0.00,0.07,6.66,0.26,0.16,1321.11,0.00,0.00,0.00,-0.00,0.00,0.00,5.00
33512.00,0.20,1.18,0.05,0.00,0.07,-4.65,0.26,0.16,-2262.47,0.00,0.00,0.00,0.00,0.00,0.00,9.00
33521.00,0.20,1.18,0.09,0.00,0.07,4.28,0.26,0.16,993.15,0.00,0.00,0.00,0.00,0.00,-0.00,7.00
33528.00,0.20,1.18,0.13,0.00,0.07,5.73,0.26,0.16,206.28,0.00,0.00,0.00,0.00,-0.00,-0.00,6.00
33539.00,0.20,1.18,0.12,0.00,0.07,-1.34,0.26,0.16,-642.46,0.00,0.00,0.00,0.00,0.00,-0.00,6.00
33545.00,0.20,1.18,0.23,0.00,0.07,19.32,0.26,0.16,3442.35,0.00,0.00,0.00,0.00,-0.00,0.00,7.00
33552.00,0.20,1.18,0.09,0.00,0.07,-20.95,0.26,0.16,-5752.79,0.00,0.00,0.00,0.00,-0.00,0.00,6.00
33558.00,0.20,1.18,0.15,0.00,0.07,11.46,0.26,0.16,5402.53,0.00,0.00,0.00,0.00,-0.00,0.00,5.00
33563.00,0.20,1.18,0.08,0.00,0.07,-14.41,0.26,0.16,-5174.89,0.00,0.00,0.00,0.00,-0.00,-0.00,9.00
33572.00,0.20,1.18,0.09,0.00,0.07,1.27,0.26,0.16,1742.09,0.00,0.00,0.00,0.00,0.00,-0.00,8.00
33580.00,0.20,1.18,0.08,0.00,0.07,-1.35,0.26,0.16,-327.31,0.00,0.00,0.00,0.00,-0.00,-0.00,17.00
33597.00,0.20,1.18,0.09,0.00,0.07,0.64,0.26,0.16,117.15,0.00,0.00,0.00,0.00,-0.00,-0.00,7.00
33604.00,0.20,1.18,0.11,0.00,0.07,1.77,0.26,0.16,162.29,0.00,0.00,0.00,0.00,-0.00,-0.00,6.00
33610.00,0.20,1.18,0.09,0.00,0.07,-3.12,0.26,0.16,-815.03,0.00,0.00,0.00,0.00,0.00,-0.00,8.00
33623.00,0.20,1.18,0.12,0.00,0.07,2.15,0.26,0.16,404.79,0.00,0.00,0.00,-0.00,0.00,-0.00,9.00
33632.00,0.20,1.18,0.09,0.00,0.07,-2.52,0.26,0.16,-518.98,0.00,0.00,0.00,-0.00,0.00,0.00,8.00
33640.00,0.20,1.18,0.04,0.00,0.07,-6.66,0.26,0.16,-517.55,0.00,0.00,0.00,-0.00,0.00,0.00,8.00
33648.00,0.20,1.18,0.07,0.00,0.07,3.22,0.26,0.16,1234.97,0.00,0.00,0.00,-0.00,-0.00,-0.00,5.00
33653.00,0.20,1.18,-0.01,0.00,0.07,-14.81,0.26,0.16,-3605.60,0.00,0.00,0.00,-0.00,-0.00,-0.00,6.00
33659.00,0.20,1.18,0.10,0.00,0.07,17.68,0.26,0.16,5414.66,0.00,0.00,0.00,0.00,-0.00,0.00,5.00
33664.00,0.19,1.19,0.15,-0.06,0.08,9.81,-0.27,0.03,-1572.70,0.00,0.00,0.00,-0.00,-0.00,0.00,18.00
33682.00,0.19,1.19,0.12,-0.06,0.08,-1.48,-0.27,0.03,-627.45,0.00,0.00,0.00,-0.00,0.00,-0.00,9.00
33691.00,0.19,1.19,0.06,-0.06,0.08,-6.88,-0.27,0.03,-599.98,0.00,0.00,0.00,0.00,-0.00,0.00,7.00
33698.00,0.19,1.19,0.04,-0.06,0.08,-2.02,-0.27,0.03,695.22,0.00,0.00,0.00,0.00,0.00,0.00,6.00
33708.00,0.19,1.19,0.12,-0.06,0.08,7.71,-0.27,0.03,972.75,0.00,0.00,0.00,-0.00,-0.00,0.00,7.00
33715.00,0.19,1.19,0.11,-0.06,0.08,-1.75,-0.27,0.03,-1352.18,0.00,0.00,0.00,0.00,-0.00,0.00,7.00
33722.00,0.19,1.19,0.15,-0.06,0.08,5.70,-0.27,0.03,1065.26,0.00,0.00,0.00,0.00,0.00,0.00,9.00
33731.00,0.19,1.19,0.18,-0.06,0.08,2.98,-0.27,0.03,-302.99,0.00,0.00,0.00,0.00,0.00,0.00,6.00
33737.00,0.19,1.19,0.07,-0.06,0.08,-17.79,-0.27,0.03,-3460.63,0.00,0.00,0.00,0.00,0.00,-0.00,7.00
33744.00,0.19,1.19,0.04,-0.06,0.08,-4.59,-0.27,0.03,1885.00,0.00,0.00,0.00,0.00,0.00,-0.00,8.00
33752.00,0.19,1.19,0.14,-0.06,0.08,12.55,-0.27,0.03,2143.15,0.00,0.00,0.00,0.00,-0.00,0.00,5.00
33757.00,0.19,1.19,0.06,-0.06,0.08,-14.81,-0.27,0.03,-5473.51,0.00,0.00,0.00,0.00,0.00,0.00,6.00
33763.00,0.19,1.19,0.16,-0.06,0.08,15.69,-0.27,0.03,5084.88,0.00,0.00,0.00,0.00,0.00,0.00,9.00
33772.00,0.19,1.19,0.03,-0.06,0.08,-13.93,-0.27,0.03,-3291.59,0.00,0.00,0.00,0.00,0.00,0.00,8.00
33784.00,0.19,1.19,0.10,-0.06,0.08,5.35,-0.27,0.03,1606.63,0.00,0.00,0.00,-0.00,0.00,0.00,19.00
33803.00,0.19,1.19,0.06,-0.06,0.08,-2.01,-0.27,0.03,-387.45,0.00,0.00,0.00,0.00,0.00,0.00,6.00
33809.00,0.19,1.19,0.04,-0.06,0.08,-2.16,-0.27,0.03,-24.49,0.00,0.00,0.00,-0.00,0.00,0.00,5.00
33814.00,0.19,1.19,0.01,-0.06,0.08,-6.85,-0.27,0.03,-938.82,0.00,0.00,0.00,-0.00,-0.00,-0.00,8.00
33822.00,0.19,1.19,0.05,-0.06,0.08,4.46,-0.27,0.03,1413.63,0.00,0.00,0.00,-0.00,-0.00,-0.00,8.00
33830.00,0.19,1.19,0.03,-0.06,0.08,-1.41,-0.27,0.03,-733.09,0.00,0.00,0.00,0.00,-0.00,0.00,6.00
33836.00,0.19,1.19,0.03,-0.06,0.08,-0.74,-0.27,0.03,111.12,0.00,0.00,0.00,0.00,-0.00,0.00,6.00
33842.00,0.19,1.19,0.15,-0.06,0.08,20.19,-0.27,0.03,3488.43,0.00,0.00,0.00,-0.00,0.00,0.01,9.00
33851.00,0.19,1.19,0.02,-0.06,0.08,-14.10,-0.27,0.03,-3810.37,0.00,0.00,0.00,-0.00,0.00,0.00,5.00
33856.00,0.19,1.19,0.17,-0.06,0.08,28.18,-0.27,0.03,8457.26,0.00,0.00,0.00,-0.00,0.00,0.00,8.00
33873.00,0.18,1.21,0.15,-0.05,0.08,-0.80,0.01,-0.01,-1704.62,0.00,0.00,0.00,-0.00,0.00,-0.00,19.00
33892.00,0.18,1.21,0.02,-0.05,0.08,-6.90,0.01,-0.01,-321.40,0.00,0.00,0.00,0.00,-0.00,-0.00,8.00
33900.00,0.18,1.21,0.07,-0.05,0.08,6.61,0.01,-0.01,1689.51,0.00,0.00,0.00,0.00,-0.00,-0.00,5.00
33905.00,0.18,1.21,0.04,-0.05,0.08,-7.46,0.01,-0.01,-2815.14,0.00,0.00,0.00,0.00,-0.00,-0.00,8.00
33913.00,0.18,1.21,0.10,-0.05,0.08,7.33,0.01,-0.01,1849.37,0.00,0.00,0.00,0.00,-0.00,-0.00,8.00
33921.00,0.18,1.21,0.01,-0.05,0.08,-11.17,0.01,-0.01,-2312.47,0.00,0.00,0.00,0.00,-0.00,-0.00,6.00
33927.00,0.18,1.21,0.16,-0.05,0.08,26.14,0.01,-0.01,6218.40,0.00,0.00,0.00,0.00,-0.00,-0.00,6.00
33933.00,0.18,1.21,0.10,-0.05,0.08,-10.65,0.01,-0.01,-6132.60,0.00,0.00,0.00,0.00,-0.00,0.00,9.00
33942.00,0.18,1.21,0.09,-0.05,0.08,-0.73,0.01,-0.01,1102.15,0.00,0.00,0.00,0.00,0.00,-0.00,7.00
33949.00,0.18,1.21,0.13,-0.05,0.08,4.94,0.01,-0.01,810.20,0.00,0.00,0.00,0.00,0.00,0.00,6.00
33960.00,0.18,1.21,0.02,-0.05,0.08,-9.76,0.01,-0.01,-1336.44,0.00,0.00,0.00,0.00,-0.00,0.00,6.00
33966.00,0.18,1.21,0.10,-0.05,0.08,13.72,0.01,-0.01,3913.20,0.00,0.00,0.00,0.00,-0.00,0.00,7.00
33973.00,0.18,1.21,0.21,-0.05,0.08,15.37,0.01,-0.01,236.48,0.00,0.00,0.00,-0.00,-0.01,-0.00,18.00
33991.00,0.18,1.21,0.12,-0.05,0.08,-4.79,0.01,-0.01,-1120.18,0.00,-0.00,0.00,0.00,-0.00,0.00,7.00
33998.00,0.18,1.21,0.26,-0.05,0.08,18.91,0.01,-0.01,3386.54,0.00,-0.00,0.00,-0.00,-0.00,-0.00,6.00
34004.00,0.18,1.21,0.03,-0.05,0.08,-37.43,0.01,-0.01,-9390.91,0.00,-0.00,0.00,-0.00,-0.00,-0.00,6.00
34010.00,0.18,1.21,0.06,-0.05,0.08,5.39,0.01,-0.01,7137.63,0.00,-0.00,0.00,-0.00,-0.00,-0.00,5.00
34015.00,0.18,1.21,0.09,-0.05,0.08,5.66,0.01,-0.01,53.84,0.00,-0.00,0.00,-0.00,-0.00,-0.00,8.00
34023.00,0.18,1.21,0.09,-0.05,0.08,-0.28,0.01,-0.01,-742.77,0.00,-0.00,0.00,-0.00,-0.00,0.00,9.00
34032.00,0.18,1.21,0.03,-0.05,0.08,-6.86,0.01,-0.01,-731.79,0.00,-0.00,0.00,-0.00,-0.00,0.00,7.00
34048.00,0.18,1.21,0.04,-0.05,0.08,0.99,0.01,-0.01,490.73,0.00,-0.00,0.00,-0.00,-0.00,0.00,8.00
34056.00,0.18,1.21,0.18,-0.05,0.08,17.15,0.01,-0.01,2020.59,0.00,-0.00,0.00,-0.00,0.00,0.00,6.00
34062.00,0.18,1.21,0.03,-0.05,0.08,-25.17,0.01,-0.01,-7053.17,0.00,-0.00,0.00,0.00,-0.00,-0.00,8.00
34070.00,0.18,1.21,0.08,-0.05,0.08,6.38,0.01,-0.01,3943.87,0.00,-0.00,0.00,0.00,-0.00,0.00,5.00
34075.00,0.17,1.22,0.04,-0.06,0.04,-8.23,-0.01,-0.17,-2922.92,0.00,-0.00,0.00,0.00,-0.00,0.00,18.00
34093.00,0.17,1.22,0.17,-0.06,0.04,7.43,-0.01,-0.17,869.94,0.00,-0.00,0.00,0.00,0.00,-0.00,9.00
34102.00,0.17,1.22,0.06,-0.06,0.04,-12.67,-0.01,-0.17,-2233.24,0.00,-0.00,0.00,0.00,-0.00,0.00,5.00
34107.00,0.17,1.22,0.11,-0.06,0.04,9.39,-0.01,-0.17,4412.40,0.00,-0.00,0.00,0.00,-0.00,0.00,7.00
34114.00,0.17,1.22,0.12,-0.06,0.04,1.75,-0.01,-0.17,-1091.70,0.00,-0.00,0.00,0.00,-0.00,0.00,8.00
34122.00,0.17,1.22,0.04,-0.06,0.04,-10.05,-0.01,-0.17,-1475.11,0.00,-0.00,0.00,-0.00,-0.00,0.00,8.00
34134.00,0.17,1.22,-0.01,-0.06,0.04,-4.37,-0.01,-0.17,473.24,0.00,-0.00,0.00,0.00,-0.00,0.00,10.00
34144.00,0.17,1.22,0.00,-0.06,0.04,1.62,-0.01,-0.17,599.07,0.00,-0.00,0.00,0.00,-0.00,0.00,8.00
34152.00,0.17,1.22,0.07,-0.06,0.04,9.06,-0.01,-0.17,930.54,0.00,-0.00,0.00,-0.00,0.00,0.00,6.00
34158.00,0.17,1.22,-0.00,-0.06,0.04,-12.99,-0.01,-0.17,-3675.39,0.00,-0.00,0.00,-0.00,0.00,0.00,6.00
34164.00,0.17,1.22,0.11,-0.06,0.04,18.70,-0.01,-0.17,5281.00,0.00,-0.00,0.00,-0.00,0.00,0.00,18.00
34182.00,0.17,1.22,0.09,-0.06,0.04,-1.05,-0.01,-0.17,-1096.90,0.00,-0.00,0.00,-0.00,-0.00,0.00,8.00
34190.00,0.17,1.22,0.03,-0.06,0.04,-7.39,-0.01,-0.17,-793.15,0.00,-0.00,0.00,0.00,-0.00,0.00,5.00
34195.00,0.17,1.22,0.09,-0.06,0.04,11.05,-0.01,-0.17,3689.58,0.00,-0.00,0.00,0.00,-0.00,0.00,9.00
34204.00,0.17,1.22,0.04,-0.06,0.04,-5.32,-0.01,-0.17,-1819.10,0.00,-0.00,0.00,-0.00,0.00,-0.00,5.00
34209.00,0.17,1.22,0.10,-0.06,0.04,12.37,-0.01,-0.17,3537.83,0.00,-0.00,0.00,-0.00,0.00,0.00,6.00
34220.00,0.17,1.22,0.11,-0.06,0.04,1.11,-0.01,-0.17,-1024.14,0.00,-0.00,0.00,-0.00,0.00,0.00,6.00
34226.00,0.17,1.22,0.09,-0.06,0.04,-2.95,-0.01,-0.17,-676.63,0.00,-0.00,0.00,-0.00,0.00,0.00,7.00
34233.00,0.17,1.22,0.17,-0.06,0.04,11.32,-0.01,-0.17,2039.15,0.00,-0.00,0.00,0.00,0.00,0.00,9.00
34242.00,0.17,1.22,0.08,-0.06,0.04,-10.11,-0.01,-0.17,-2381.35,0.00,-0.00,0.00,0.00,0.00,0.00,6.00
34248.00,0.17,1.22,0.09,-0.06,0.04,1.63,-0.01,-0.17,1957.07,0.00,-0.00,0.00,-0.00,0.00,0.00,7.00
34255.00,0.17,1.22,0.06,-0.06,0.04,-3.92,-0.01,-0.17,-793.65,0.00,-0.00,0.00,-0.00,0.00,0.00,6.00
34261.00,0.17,1.22,0.14,-0.06,0.04,12.36,-0.01,-0.17,2713.86,0.00,-0.00,0.00,-0.00,0.00,-0.00,6.00
34267.00,0.17,1.22,0.01,-0.06,0.04,-22.05,-0.01,-0.17,-5734.55,0.00,-0.00,0.00,0.00,0.00,-0.00,7.00
34274.00,0.17,1.22,0.04,-0.06,0.04,5.32,-0.01,-0.17,3909.10,0.00,-0.00,0.00,0.00,0.00,-0.00,18.00
34292.00,0.16,1.23,0.01,-0.05,0.04,-1.68,0.02,-0.01,-388.64,0.00,-0.00,0.00,0.00,-0.00,0.00,7.00
34303.00,0.16,1.23,0.08,-0.05,0.04,6.48,0.02,-0.01,742.31,0.00,-0.00,0.00,0.00,-0.00,-0.00,7.00
34310.00,0.16,1.23,0.03,-0.05,0.04,-7.13,0.02,-0.01,-1945.56,0.00,-0.00,0.00,0.00,-0.00,0.00,5.00
34315.00,0.16,1.23,0.07,-0.05,0.04,7.66,0.02,-0.01,2958.17,0.00,-0.00,0.00,0.00,-0.00,0.00,9.00
34324.00,0.16,1.23,0.03,-0.05,0.04,-4.46,0.02,-0.01,-1346.11,0.00,-0.00,0.00,0.00,0.00,0.00,8.00
34332.00,0.16,1.23,0.03,-0.05,0.04,-0.76,0.02,-0.01,462.44,0.00,-0.00,0.00,0.00,0.01,0.00,6.00
34338.00,0.16,1.23,-0.03,-0.05,0.04,-9.42,0.02,-0.01,-1443.30,0.00,-0.00,0.00,-0.00,0.00,0.00,6.00
34344.00,0.16,1.23,0.17,-0.05,0.04,33.37,0.02,-0.01,7131.67,0.00,-0.00,0.00,-0.00,0.00,0.00,10.00
34354.00,0.16,1.23,0.03,-0.05,0.04,-14.56,0.02,-0.01,-4792.94,0.00,-0.00,0.00,-0.00,0.00,0.00,5.00
34359.00,0.16,1.23,0.07,-0.05,0.04,8.66,0.02,-0.01,4643.78,0.00,-0.00,0.00,-0.00,0.00,0.00,7.00
34366.00,0.16,1.23,0.07,-0.05,0.04,-0.46,0.02,-0.01,-1303.20,0.00,-0.00,0.00,-0.00,0.00,0.00,7.00
34383.00,0.16,1.23,0.06,-0.05,0.04,-0.13,0.02,-0.01,19.57,0.00,-0.00,0.00,-0.00,0.00,0.00,17.00
34400.00,0.16,1.23,0.12,-0.05,0.04,3.19,0.02,-0.01,195.31,0.00,-0.00,0.00,-0.00,-0.00,0.00,6.00
34406.00,0.16,1.23,0.04,-0.05,0.04,-12.37,0.02,-0.01,-2593.30,0.00,-0.00,0.00,-0.00,-0.00,0.00,7.00
34413.00,0.16,1.23,0.12,-0.05,0.04,10.64,0.02,-0.01,3286.67,0.00,-0.00,0.00,-0.00,0.00,0.00,6.00
34419.00,0.16,1.23,0.13,-0.05,0.04,2.52,0.02,-0.01,-1353.29,0.00,-0.00,0.00,-0.00,0.00,0.00,6.00
34425.00,0.16,1.23,0.05,-0.05,0.04,-13.37,0.02,-0.01,-2648.46,0.00,-0.00,0.00,-0.00,0.00,0.00,9.00
34434.00,0.16,1.23,0.05,-0.05,0.04,-0.41,0.02,-0.01,1440.28,0.00,-0.00,0.00,-0.00,-0.00,0.00,8.00
34442.00,0.16,1.23,0.04,-0.05,0.04,-0.64,0.02,-0.01,-28.65,0.00,-0.00,0.00,0.01,0.00,0.00,6.00
34448.00,0.16,1.23,0.02,-0.05,0.04,-3.82,0.02,-0.01,-529.99,0.00,-0.00,0.00,0.00,0.00,0.00,7.00
34455.00,0.16,1.23,0.12,-0.05,0.04,14.41,0.02,-0.01,2604.72,0.00,-0.00,0.00,0.00,0.00,-0.00,5.00
34465.00,0.16,1.23,0.03,-0.05,0.04,-9.61,0.02,-0.01,-2402.19,0.00,-0.00,0.00,0.00,0.00,-0.00,10.00
34475.00,0.16,1.23,0.02,-0.05,0.04,-0.55,0.02,-0.01,905.86,0.00,-0.00,0.00,0.00,-0.00,0.00,8.00
34483.00,0.16,1.23,0.08,-0.05,0.04,6.88,0.02,-0.01,928.22,0.00,-0.00,0.00,0.00,-0.00,-0.00,17.00
34500.00,0.16,1.23,0.09,0.00,0.00,0.75,0.25,-0.19,-360.15,0.00,-0.00,0.00,-0.00,0.00,0.00,7.00
34507.00,0.16,1.23,0.02,0.00,0.00,-10.00,0.25,-0.19,-1536.68,0.00,-0.00,0.00,-0.00,0.00,0.00,6.00
34513.00,0.16,1.23,0.09,0.00,0.00,12.44,0.25,-0.19,3741.20,0.00,-0.00,0.00,0.00,0.00,0.00,8.00
34521.00,0.16,1.23,0.12,0.00,0.00,3.89,0.25,-0.19,-1069.36,0.00,-0.00,0.00,-0.00,0.00,-0.00,5.00
34526.00,0.16,1.23,0.07,0.00,0.00,-10.21,0.25,-0.19,-2819.26,0.00,-0.00,0.00,-0.00,0.00,-0.00,9.00
34535.00,0.16,1.23,0.02,0.00,0.00,-6.03,0.25,-0.19,463.83,0.00,-0.00,0.00,-0.00,0.00,0.00,8.00
34543.00,0.16,1.23,0.21,0.00,0.00,24.28,0.25,-0.19,3789.34,0.00,-0.00,0.00,-0.01,0.00,0.00,7.00
34555.00,0.16,1.23,0.03,0.00,0.00,-14.89,0.25,-0.19,-3264.06,0.00,-0.00,0.00,-0.00,0.00,0.00,6.00
34561.00,0.16,1.23,0.10,0.00,0.00,10.19,0.25,-0.19,4179.69,0.00,-0.00,0.00,-0.00,-0.00,0.00,6.00
34567.00,0.16,1.23,0.02,0.00,0.00,-11.96,0.25,-0.19,-3692.04,0.00,-0.00,0.00,-0.00,-0.00,0.00,8.00
34575.00,0.16,1.23,-0.02,0.00,0.00,-4.92,0.25,-0.19,879.49,0.00,-0.00,0.00,-0.00,-0.00,0.00,9.00
34584.00,0.16,1.23,0.04,0.00,0.00,6.77,0.25,-0.19,1299.61,0.00,-0.00,0.00,-0.00,0.00,0.00,7.00
34591.00,0.16,1.23,-0.01,0.00,0.00,-8.21,0.25,-0.19,-2140.58,0.00,-0.00,0.00,-0.00,0.00,0.00,5.00
34596.00,0.16,1.23,0.08,0.00,0.00,18.38,0.25,-0.19,5317.92,0.00,-0.00,0.00,-0.00,0.00,0.00,18.00
34614.00,0.16,1.23,0.08,0.00,0.00,0.01,0.25,-0.19,-1020.41,0.00,-0.00,0.00,-0.00,0.00,-0.00,9.00
34623.00,0.16,1.23,0.08,0.00,0.00,-0.30,0.25,-0.19,-34.88,0.00,-0.00,0.00,-0.00,0.00,-0.00,5.00
34628.00,0.16,1.23,0.10,0.00,0.00,5.40,0.25,-0.19,1141.25,0.00,0.00,0.00,-0.00,0.00,-0.00,8.00
34640.00,0.16,1.23,-0.01,0.00,0.00,-9.89,0.25,-0.19,-1274.66,0.00,0.00,0.00,0.00,0.00,-0.00,7.00
34647.00,0.16,1.23,0.16,0.00,0.00,24.55,0.25,-0.19,4920.86,0.00,0.00,0.00,0.00,0.00,-0.00,8.00
34655.00,0.16,1.23,0.16,0.00,0.00,0.08,0.25,-0.19,-3059.33,0.00,0.00,0.00,-0.00,-0.00,-0.00,5.00
34660.00,0.16,1.23,0.14,0.00,0.00,-3.81,0.25,-0.19,-778.10,0.00,0.00,0.00,-0.00,-0.00,-0.00,6.00
34666.00,0.16,1.23,0.05,0.00,0.00,-14.07,0.25,-0.19,-1708.83,0.00,0.00,0.00,-0.00,-0.00,-0.00,9.00
34675.00,0.16,1.23,0.09,0.00,0.00,4.23,0.25,-0.19,2032.70,0.00,0.00,0.00,-0.00,-0.00,-0.00,9.00
34684.00,0.16,1.23,-0.01,0.00,0.00,-11.26,0.25,-0.19,-1720.59,0.00,0.00,0.00,-0.00,0.00,0.00,17.00
34701.00,0.14,1.24,0.07,-0.06,0.08,4.78,-0.28,0.40,943.22,0.00,0.00,0.00,-0.00,0.00,0.00,6.00
34707.00,0.14,1.24,0.00,-0.06,0.08,-11.36,-0.28,0.40,-2690.38,0.00,0.00,0.00,-0.00,0.00,0.00,7.00
34714.00,0.14,1.24,0.13,-0.06,0.08,17.56,-0.28,0.40,4131.37,0.00,0.00,0.00,-0.00,0.00,0.00,7.00
34726.00,0.14,1.24,0.11,-0.06,0.08,-1.28,-0.28,0.40,-1569.31,0.00,0.00,0.00,0.00,0.00,0.00,10.00
34736.00,0.14,1.24,0.02,-0.06,0.08,-8.69,-0.28,0.40,-741.55,0.00,0.00,0.00,0.00,-0.00,0.00,8.00
34744.00,0.14,1.24,0.09,-0.06,0.08,7.79,-0.28,0.40,2060.12,0.00,-0.00,0.00,0.00,-0.01,-0.00,8.00
34752.00,0.14,1.24,0.06,-0.06,0.08,-2.93,-0.28,0.40,-1340.12,0.00,-0.00,0.00,-0.00,-0.01,0.00,5.00
34757.00,0.14,1.24,0.03,-0.06,0.08,-6.57,-0.28,0.40,-728.23,0.00,-0.00,0.00,-0.00,-0.01,0.00,6.00
34763.00,0.14,1.24,0.08,-0.06,0.08,8.34,-0.28,0.40,2485.90,0.00,-0.00,0.00,-0.00,0.00,0.00,5.00
34768.00,0.14,1.24,0.10,-0.06,0.08,3.46,-0.28,0.40,-975.60,0.00,-0.00,0.00,-0.00,0.00,0.00,8.00
34776.00,0.14,1.24,0.01,-0.06,0.08,-10.92,-0.28,0.40,-1798.29,0.00,-0.00,0.00,-0.00,0.00,0.00,8.00
34784.00,0.14,1.24,0.05,-0.06,0.08,5.45,-0.28,0.40,2046.74,0.00,-0.00,0.00,0.00,0.01,0.00,18.00
34802.00,0.14,1.24,-0.02,-0.06,0.08,-4.26,-0.28,0.40,-539.72,0.00,-0.00,0.00,-0.00,-0.01,-0.00,6.00
34817.00,0.14,1.24,0.05,-0.06,0.08,5.16,-0.28,0.40,628.06,0.00,-0.00,0.00,0.00,-0.00,-0.00,7.00
34824.00,0.14,1.24,0.04,-0.06,0.08,-2.09,-0.28,0.40,-1035.48,0.00,-0.00,0.00,0.00,-0.00,-0.00,4.00
34828.00,0.14,1.24,0.03,-0.06,0.08,-1.61,-0.28,0.40,119.24,0.00,-0.00,0.00,0.00,0.00,-0.00,8.00
34836.00,0.14,1.24,0.18,-0.06,0.08,18.84,-0.28,0.40,2556.52,0.00,-0.00,0.00,0.00,0.00,0.00,9.00
34845.00,0.14,1.24,0.08,-0.06,0.08,-12.00,-0.28,0.40,-3426.85,0.00,-0.00,0.00,0.00,0.01,0.00,7.00
34852.00,0.14,1.24,0.03,-0.06,0.08,-6.78,-0.28,0.40,745.49,0.00,-0.00,0.00,0.00,0.01,0.00,5.00
34857.00,0.14,1.24,0.13,-0.06,0.08,20.96,-0.28,0.40,5549.85,0.00,-0.00,0.00,0.00,0.01,0.00,6.00
34863.00,0.14,1.24,0.00,-0.06,0.08,-21.55,-0.28,0.40,-7085.37,0.00,-0.00,0.00,-0.00,0.00,0.00,5.00
34868.00,0.14,1.24,0.19,-0.06,0.08,37.86,-0.28,0.40,11880.98,0.00,-0.00,0.00,-0.00,0.00,-0.00,8.00
34876.00,0.14,1.24,0.09,-0.06,0.08,-12.84,-0.28,0.40,-6337.81,0.00,-0.00,0.00,0.00,0.00,-0.00,8.00
34889.00,0.14,1.24,0.12,-0.06,0.08,2.31,-0.28,0.40,1165.72,0.00,-0.00,0.00,-0.00,-0.00,0.00,18.00
34907.00,0.13,1.25,0.14,-0.05,0.04,1.19,0.01,-0.19,-62.44,0.00,-0.00,0.00,-0.00,0.00,0.00,5.00
34912.00,0.13,1.25,0.06,-0.05,0.04,-16.15,0.01,-0.19,-3466.40,0.00,0.00,0.00,0.00,0.01,0.00,6.00
34918.00,0.13,1.25,0.13,-0.05,0.04,11.65,0.01,-0.19,4633.21,0.00,0.00,0.00,0.00,0.01,0.00,8.00
34926.00,0.13,1.25,-0.00,-0.05,0.04,-16.66,0.01,-0.19,-3539.50,0.00,0.00,0.00,0.00,0.01,0.00,8.00
34934.00,0.13,1.25,0.05,-0.05,0.04,6.45,0.01,-0.19,2888.96,0.00,0.00,0.00,-0.00,0.00,-0.00,6.00
34940.00,0.13,1.25,0.00,-0.05,0.04,-7.72,0.01,-0.19,-2361.27,0.00,0.00,0.00,0.00,-0.00,-0.00,6.00
34946.00,0.13,1.25,0.03,-0.05,0.04,4.00,0.01,-0.19,1952.66,0.00,0.00,0.00,0.00,-0.00,-0.00,10.00
34956.00,0.13,1.25,0.06,-0.05,0.04,3.32,0.01,-0.19,-67.94,0.00,0.00,0.00,0.00,-0.00,-0.00,5.00
34961.00,0.13,1.25,0.14,-0.05,0.04,15.70,0.01,-0.19,2476.03,0.00,0.00,0.00,0.00,-0.00,-0.00,6.00
34977.00,0.13,1.25,0.11,-0.05,0.04,-1.84,0.01,-0.19,-1096.40,0.00,0.00,0.00,0.00,0.01,0.00,9.00
34986.00,0.13,1.25,0.13,-0.05,0.04,2.68,0.01,-0.19,503.19,0.00,0.00,0.00,0.00,0.01,0.00,9.00
34995.00,0.13,1.25,0.04,-0.05,0.04,-10.56,0.01,-0.19,-1471.69,0.00,0.00,0.00,0.00,0.00,-0.00,17.00
35012.00,0.13,1.25,0.12,-0.05,0.04,5.02,0.01,-0.19,916.26,0.00,0.00,0.00,0.00,0.00,0.00,6.00
35018.00,0.13,1.25,0.01,-0.05,0.04,-18.27,0.01,-0.19,-3880.64,0.00,0.00,0.00,0.00,0.00,0.00,8.00
35026.00,0.13,1.25,-0.01,-0.05,0.04,-3.44,0.01,-0.19,1853.74,0.00,0.00,0.00,0.00,-0.00,-0.00,8.00
35034.00,0.13,1.25,0.11,-0.05,0.04,15.23,0.01,-0.19,2333.05,0.00,0.00,0.00,0.00,0.00,-0.00,5.00
35039.00,0.13,1.25,0.07,-0.05,0.04,-7.04,0.01,-0.19,-4452.58,0.00,0.00,0.00,0.00,0.00,-0.00,8.00
35047.00,0.13,1.25,0.12,-0.05,0.04,5.57,0.01,-0.19,1576.00,0.00,0.00,0.00,0.00,0.00,0.00,8.00
35055.00,0.13,1.25,0.13,-0.05,0.04,1.28,0.01,-0.19,-536.04,0.00,0.00,0.00,-0.00,0.00,0.00,6.00
35066.00,0.13,1.25,0.02,-0.05,0.04,-9.46,0.01,-0.19,-976.67,0.00,0.00,0.00,-0.00,0.00,0.00,9.00
35075.00,0.13,1.25,0.15,-0.05,0.04,14.35,0.01,-0.19,2645.33,0.00,0.00,0.00,0.00,-0.00,-0.00,5.00
35080.00,0.13,1.25,0.03,-0.05,0.04,-25.30,0.01,-0.19,-7929.51,0.00,0.00,0.00,-0.00,-0.00,0.00,18.00
35098.00,0.13,1.25,0.03,-0.05,0.04,-0.10,0.01,-0.19,1400.07,0.00,0.00,0.00,0.00,0.00,-0.00,9.00
35107.00,0.11,1.25,0.08,-0.11,0.01,6.41,-0.29,-0.16,722.74,0.00,0.00,0.00,0.00,0.00,0.00,5.00
35112.00,0.11,1.25,0.11,-0.11,0.01,6.09,-0.29,-0.16,-63.26,0.00,0.00,0.00,0.00,0.00,0.00,6.00
35118.00,0.11,1.25,0.12,-0.11,0.01,0.64,-0.29,-0.16,-908.50,0.00,0.00,0.00,0.00,0.00,0.00,8.00
35126.00,0.11,1.25,0.10,-0.11,0.01,-2.73,-0.29,-0.16,-420.78,0.00,0.00,0.00,0.00,-0.00,0.00,8.00
35134.00,0.11,1.25,0.08,-0.11,0.01,-1.77,-0.29,-0.16,120.31,0.00,0.00,0.00,0.00,-0.00,0.00,5.00
35139.00,0.11,1.25,0.19,-0.11,0.01,21.84,-0.29,-0.16,4721.94,0.00,0.00,0.00,0.00,-0.00,0.00,8.00
35152.00,0.11,1.25,0.03,-0.11,0.01,-12.17,-0.29,-0.16,-2616.32,0.00,0.00,0.00,-0.00,-0.00,-0.00,7.00
35159.00,0.11,1.25,0.12,-0.11,0.01,12.91,-0.29,-0.16,3581.90,0.00,0.00,0.00,-0.00,0.00,-0.00,6.00
35165.00,0.11,1.25,0.08,-0.11,0.01,-7.45,-0.29,-0.16,-3392.44,0.00,0.00,0.00,0.00,0.00,-0.00,7.00
35172.00,0.11,1.25,0.05,-0.11,0.01,-3.98,-0.29,-0.16,495.47,0.00,0.00,0.00,0.00,0.00,-0.00,6.00
35178.00,0.11,1.25,0.11,-0.11,0.01,9.23,-0.29,-0.16,2201.44,0.00,0.00,0.00,0.00,0.00,-0.00,19.00
35197.00,0.11,1.25,0.09,-0.11,0.01,-0.87,-0.29,-0.16,-531.26,0.00,0.00,0.00,0.00,0.00,-0.00,9.00
35206.00,0.11,1.25,0.10,-0.11,0.01,1.04,-0.29,-0.16,211.67,0.00,0.00,0.00,-0.00,-0.00,-0.00,5.00
35211.00,0.11,1.25,0.12,-0.11,0.01,3.38,-0.29,-0.16,468.78,0.00,0.00,0.00,0.00,-0.00,-0.00,7.00
35218.00,0.11,1.25,-0.02,-0.11,0.01,-19.92,-0.29,-0.16,-3329.16,0.00,0.00,0.00,0.00,0.00,-0.00,8.00
35226.00,0.11,1.25,-0.04,-0.11,0.01,-1.48,-0.29,-0.16,2305.19,0.00,0.00,0.00,-0.00,-0.00,0.00,8.00
35239.00,0.11,1.25,0.12,-0.11,0.01,11.86,-0.29,-0.16,1026.04,0.00,0.00,0.00,-0.00,0.00,0.00,9.00
35248.00,0.11,1.25,0.02,-0.11,0.01,-10.56,-0.29,-0.16,-2490.66,0.00,0.00,0.00,0.00,0.00,0.00,8.00
35256.00,0.11,1.25,0.14,-0.11,0.01,14.65,-0.29,-0.16,3151.34,0.00,0.00,0.00,-0.00,0.00,0.00,6.00
35262.00,0.11,1.25,0.09,-0.11,0.01,-8.21,-0.29,-0.16,-3810.66,0.00,0.00,0.00,-0.00,-0.00,0.00,6.00
35268.00,0.11,1.25,0.08,-0.11,0.01,-1.67,-0.29,-0.16,1089.36,0.00,0.00,0.00,-0.00,-0.00,0.00,9.00
35277.00,0.11,1.25,0.01,-0.11,0.01,-8.02,-0.29,-0.16,-705.49,0.00,0.00,0.00,-0.00,0.00,0.00,8.00
35285.00,0.11,1.25,0.10,-0.11,0.01,11.73,-0.29,-0.16,2469.51,0.00,0.00,0.00,-0.00,0.00,0.00,15.00
35300.00,0.11,1.25,0.22,-0.11,0.01,7.61,-0.29,-0.16,-274.49,0.00,0.00,0.00,-0.00,0.00,0.00,8.00
35308.00,0.11,1.25,0.09,0.00,-0.04,-16.27,0.55,-0.24,-2985.59,0.00,0.00,0.00,-0.00,0.00,0.00,5.00
35313.00,0.11,1.25,0.08,0.00,-0.04,-1.57,0.55,-0.24,2939.27,0.00,0.00,0.00,-0.00,0.00,0.00,6.00
35324.00,0.11,1.25,-0.00,0.00,-0.04,-7.33,0.55,-0.24,-523.36,0.00,0.00,0.00,-0.00,0.00,0.00,6.00
35330.00,0.11,1.25,0.05,0.00,-0.04,7.91,0.55,-0.24,2539.48,0.00,0.00,0.00,-0.00,-0.00,0.00,7.00
35337.00,0.11,1.25,0.10,0.00,-0.04,7.77,0.55,-0.24,-19.53,0.00,0.00,0.00,0.00,-0.00,0.00,9.00
35346.00,0.11,1.25,0.07,0.00,-0.04,-3.84,0.55,-0.24,-1290.40,0.00,0.00,0.00,0.00,-0.01,-0.00,6.00
35352.00,0.11,1.25,0.02,0.00,-0.04,-8.09,0.55,-0.24,-707.13,0.00,0.00,0.00,0.00,0.00,0.00,4.00
35356.00,0.11,1.25,0.21,0.00,-0.04,49.17,0.55,-0.24,14315.34,0.00,0.00,0.00,0.00,-0.00,-0.00,5.00
35361.00,0.11,1.25,0.07,0.00,-0.04,-27.74,0.55,-0.24,-15383.02,0.00,0.00,0.00,0.00,-0.00,-0.00,7.00
35368.00,0.11,1.25,0.04,0.00,-0.04,-5.38,0.55,-0.24,3195.06,0.00,0.00,0.00,0.00,0.00,-0.00,8.00
35376.00,0.11,1.25,0.09,0.00,-0.04,6.51,0.55,-0.24,1485.34,0.00,0.00,0.00,-0.00,0.00,0.00,18.00
35394.00,0.11,1.25,0.10,0.00,-0.04,0.61,0.55,-0.24,-327.81,0.00,0.00,0.00,0.00,-0.00,-0.00,6.00
35405.00,0.11,1.25,0.09,0.00,-0.04,-0.92,0.55,-0.24,-138.97,0.00,0.00,0.00,0.00,-0.00,0.00,6.00
35411.00,0.11,1.25,0.06,0.00,-0.04,-5.77,0.55,-0.24,-807.63,0.00,0.00,0.00,0.00,-0.00,-0.00,7.00
35418.00,0.11,1.25,0.16,0.00,-0.04,15.44,0.55,-0.24,3029.99,0.00,0.00,0.00,0.00,-0.00,-0.00,9.00
35427.00,0.11,1.25,0.08,0.00,-0.04,-9.17,0.55,-0.24,-2735.18,0.00,0.00,0.00,-0.00,-0.00,-0.00,7.00
35434.00,0.11,1.25,0.08,0.00,-0.04,0.39,0.55,-0.24,1366.85,0.00,0.00,0.00,-0.00,-0.00,0.00,6.00
35440.00,0.11,1.25,0.13,0.00,-0.04,6.96,0.55,-0.24,1094.43,0.00,0.00,0.00,0.00,-0.00,0.00,7.00
35447.00,0.11,1.25,0.05,0.00,-0.04,-10.62,0.55,-0.24,-2511.70,0.00,0.00,0.00,0.00,0.00,0.00,9.00
35456.00,0.11,1.25,0.08,0.00,-0.04,3.20,0.55,-0.24,1535.17,0.00,0.00,0.00,0.01,-0.00,-0.01,5.00
35461.00,0.11,1.25,0.12,0.00,-0.04,8.98,0.55,-0.24,1156.71,0.00,0.00,0.00,0.01,-0.00,-0.01,7.00
35468.00,0.11,1.25,0.03,0.00,-0.04,-13.35,0.55,-0.24,-3189.33,0.00,0.00,0.00,0.01,-0.00,-0.02,8.00
35490.00,0.11,1.25,0.07,0.00,-0.04,1.57,0.55,-0.24,678.21,0.00,-0.00,0.00,-0.00,-0.01,-0.01,18.00
35508.00,0.11,1.25,0.12,0.00,0.00,3.13,0.00,0.19,86.33,0.00,-0.00,0.00,-0.00,-0.01,-0.01,6.00
35514.00,0.11,1.25,0.16,0.00,0.00,5.63,0.00,0.19,416.35,0.00,-0.00,0.00,0.00,-0.00,-0.01,5.00
35519.00,0.11,1.25,0.05,0.00,0.00,-21.82,0.00,0.19,-5489.50,0.00,-0.00,0.00,0.00,-0.00,-0.01,9.00
35528.00,0.11,1.25,0.09,0.00,0.00,4.56,0.00,0.19,2930.94,0.00,-0.00,0.00,-0.00,0.00,0.00,8.00
35536.00,0.11,1.25,0.06,0.00,0.00,-3.99,0.00,0.19,-1068.52,0.00,-0.00,0.00,-0.01,0.00,0.01,6.00
35542.00,0.11,1.25,0.08,0.00,0.00,3.36,0.00,0.19,1225.48,0.00,-0.00,0.00,-0.01,0.01,0.02,6.00
35548.00,0.11,1.25,0.05,0.00,0.00,-4.71,0.00,0.19,-1345.74,0.00,-0.00,0.00,-0.01,0.01,0.02,10.00
35558.00,0.11,1.25,0.05,0.00,0.00,0.22,0.00,0.19,493.15,0.00,0.00,0.00,0.01,0.01,0.01,5.00
35563.00,0.11,1.25,0.20,0.00,0.00,29.54,0.00,0.19,5864.56,0.00,0.00,0.00,0.01,0.01,0.01,7.00
35574.00,0.11,1.25,0.12,0.00,0.00,-7.08,0.00,0.19,-3329.57,0.00,0.00,0.00,-0.01,0.01,-0.01,6.00
35580.00,0.11,1.25,0.02,0.00,0.00,-16.29,0.00,0.19,-1534.94,0.00,0.00,0.00,-0.01,0.01,-0.01,8.00
35588.00,0.11,1.25,0.08,0.00,0.00,7.08,0.00,0.19,2922.20,0.00,0.00,0.00,-0.01,0.01,-0.01,8.00
35596.00,0.11,1.25,0.04,0.00,0.00,-5.10,0.00,0.19,-1522.79,0.00,0.00,0.00,-0.00,-0.00,-0.01,15.00
35611.00,0.11,1.25,0.10,0.00,0.00,4.43,0.00,0.19,635.07,0.00,0.00,0.00,0.00,-0.01,0.00,8.00
35619.00,0.11,1.25,0.02,0.00,0.00,-9.96,0.00,0.19,-1798.35,0.00,0.00,0.00,0.00,-0.01,0.00,8.00
35627.00,0.11,1.25,-0.01,0.00,0.00,-4.12,0.00,0.19,729.97,0.00,0.00,0.00,-0.01,-0.00,0.00,9.00
35636.00,0.11,1.25,0.00,0.00,0.00,0.94,0.00,0.19,562.63,0.00,0.00,0.00,-0.01,0.01,-0.00,5.00
35641.00,0.11,1.25,0.13,0.00,0.00,26.12,0.00,0.19,5035.17,0.00,0.00,0.00,-0.00,0.01,-0.00,8.00
35649.00,0.11,1.25,0.04,0.00,0.00,-10.80,0.00,0.19,-4614.90,0.00,0.00,0.00,-0.00,0.01,-0.01,8.00
35662.00,0.11,1.25,0.03,0.00,0.00,-1.30,0.00,0.19,730.53,0.00,0.00,0.00,-0.00,0.00,-0.00,8.00
35670.00,0.11,1.25,0.06,0.00,0.00,4.19,0.00,0.19,686.70,0.00,0.00,0.00,-0.00,-0.00,-0.00,8.00
35678.00,0.11,1.25,0.05,0.00,0.00,-1.62,0.00,0.19,-726.29,0.00,0.00,0.00,-0.00,-0.00,0.00,17.00
35695.00,0.11,1.25,0.18,0.00,0.00,7.70,0.00,0.19,548.20,0.00,0.00,0.00,0.01,-0.01,-0.00,6.00
35701.00,0.11,1.25,0.08,0.00,0.00,-17.17,0.00,0.19,-4145.92,0.00,0.00,0.00,0.01,-0.00,-0.00,8.00
35709.00,0.11,1.25,0.13,0.00,0.00,7.12,0.00,0.00,3036.35,0.00,0.00,0.00,0.00,0.00,-0.00,5.00
35714.00,0.11,1.25,0.09,0.00,0.00,-7.88,0.00,0.00,-2998.45,0.00,0.00,0.00,-0.00,0.00,-0.01,6.00
35720.00,0.11,1.25,0.06,0.00,0.00,-5.42,0.00,0.00,408.80,0.00,0.00,0.00,-0.00,0.00,-0.01,8.00
35728.00,0.11,1.25,0.17,0.00,0.00,13.27,0.00,0.00,2337.25,0.00,0.00,0.00,0.00,0.00,0.00,8.00
35736.00,0.11,1.25,0.06,0.00,0.00,-13.93,0.00,0.00,-3401.02,0.00,0.00,0.00,0.00,-0.00,0.01,6.00
35747.00,0.11,1.25,0.08,0.00,0.00,2.38,0.00,0.00,1482.93,0.00,0.00,0.00,0.00,0.00,0.01,6.00
35753.00,0.11,1.25,0.03,0.00,0.00,-8.33,0.00,0.00,-1785.19,0.00,0.00,0.00,0.00,-0.00,0.01,7.00
35760.00,0.11,1.25,0.16,0.00,0.00,17.74,0.00,0.00,3724.41,0.00,0.00,0.00,0.00,-0.00,0.01,5.00
35765.00,0.11,1.25,0.11,0.00,0.00,-9.66,0.00,0.00,-5479.67,0.00,0.00,0.00,0.00,-0.00,0.00,5.00
35770.00,0.11,1.25,0.12,0.00,0.00,3.41,0.00,0.00,2613.99,0.00,0.00,0.00,0.00,-0.00,0.00,9.00
35779.00,0.11,1.25,-0.03,0.00,0.00,-16.70,0.00,0.00,-2234.69,0.00,0.00,0.00,-0.00,0.00,0.00,8.00
35787.00,0.11,1.25,0.09,0.00,0.00,14.94,0.00,0.00,3955.39,0.00,0.00,0.00,-0.00,0.00,-0.00,16.00
35803.00,0.11,1.25,0.04,0.00,0.00,-3.08,0.00,0.00,-1126.54,0.00,0.00,0.00,0.00,0.00,-0.00,7.00
35810.00,0.11,1.25,0.18,0.00,0.00,18.71,0.00,0.00,3113.68,0.00,0.00,0.00,0.00,0.00,-0.00,6.00
35816.00,0.11,1.25,0.11,0.00,0.00,-11.57,0.00,0.00,-5046.80,0.00,0.00,0.00,0.00,0.00,0.00,6.00
35826.00,0.11,1.25,0.08,0.00,0.00,-2.77,0.00,0.00,880.03,0.00,0.00,0.00,0.00,-0.00,-0.00,6.00
35832.00,0.11,1.25,0.19,0.00,0.00,18.08,0.00,0.00,3473.92,0.00,0.00,0.00,0.00,-0.00,-0.00,8.00
35840.00,0.11,1.25,0.04,0.00,0.00,-18.86,0.00,0.00,-4616.87,0.00,0.00,0.00,-0.00,-0.00,-0.01,8.00
35848.00,0.11,1.25,0.13,0.00,0.00,11.14,0.00,0.00,3750.19,0.00,0.00,0.00,-0.00,0.00,-0.01,8.00
35856.00,0.11,1.25,0.06,0.00,0.00,-7.59,0.00,0.00,-2340.85,0.00,0.00,0.00,-0.00,0.00,-0.00,5.00
35861.00,0.11,1.25,0.07,0.00,0.00,1.02,0.00,0.00,1720.45,0.00,0.00,0.00,-0.00,0.00,-0.00,6.00
35867.00,0.11,1.25,0.04,0.00,0.00,-4.81,0.00,0.00,-970.56,0.00,0.00,0.00,0.00,0.00,0.00,5.00
35872.00,0.11,1.25,0.17,0.00,0.00,25.90,0.00,0.00,6141.47,0.00,0.00,0.00,0.00,0.00,0.00,8.00
35880.00,0.11,1.25,0.15,0.00,0.00,-2.60,0.00,0.00,-3562.28,0.00,0.00,0.00,0.00,0.00,0.00,8.00
35888.00,0.11,1.25,0.15,0.00,0.00,-0.54,0.00,0.00,257.77,0.00,0.00,0.00,0.00,0.00,-0.00,17.00
35910.00,0.10,1.26,0.11,-0.06,0.04,-1.38,-0.28,0.21,-38.50,0.00,0.00,0.00,0.00,-0.00,-0.01,7.00
35917.00,0.10,1.26,0.12,-0.06,0.04,0.92,-0.28,0.21,328.44,0.00,0.00,0.00,0.00,0.00,-0.01,5.00
35922.00,0.10,1.26,0.08,-0.06,0.04,-8.48,-0.28,0.21,-1878.41,0.00,0.00,0.00,0.00,0.00,-0.01,8.00
35930.00,0.10,1.26,0.12,-0.06,0.04,5.61,-0.28,0.21,1760.75,0.00,0.00,0.00,0.00,0.00,-0.00,8.00
35938.00,0.10,1.26,0.11,-0.06,0.04,-1.64,-0.28,0.21,-906.60,0.00,0.00,0.00,0.00,0.00,-0.00,8.00
35946.00,0.10,1.26,0.16,-0.06,0.04,5.89,-0.28,0.21,941.56,0.00,0.00,0.00,0.00,0.00,0.00,5.00
35951.00,0.10,1.26,0.15,-0.06,0.04,-0.97,-0.28,0.21,-1371.21,0.00,0.00,0.00,0.00,0.00,0.00,9.00
35960.00,0.10,1.26,0.16,-0.06,0.04,0.41,-0.28,0.21,152.26,0.00,0.00,0.00,-0.00,0.00,-0.00,5.00
35965.00,0.10,1.26,0.11,-0.06,0.04,-10.07,-0.28,0.21,-2095.59,0.00,0.00,0.00,-0.00,-0.00,-0.00,6.00
35971.00,0.10,1.26,0.15,-0.06,0.04,7.38,-0.28,0.21,2908.40,0.00,0.00,0.00,-0.00,-0.00,-0.00,8.00
35983.00,0.10,1.26,0.18,-0.06,0.04,2.19,-0.28,0.21,-432.41,0.00,0.00,0.00,-0.00,-0.00,0.00,19.00
36002.00,0.10,1.26,0.12,-0.06,0.04,-2.76,-0.28,0.21,-260.43,0.00,0.00,0.00,-0.00,0.00,0.00,8.00
36010.00,0.10,1.26,0.12,-0.06,0.04,-1.06,-0.28,0.21,211.95,0.00,0.00,0.00,-0.00,0.01,0.00,5.00
36015.00,0.10,1.26,0.12,-0.06,0.04,0.07,-0.28,0.21,225.84,0.00,0.00,0.00,-0.01,0.01,0.00,6.00
36021.00,0.10,1.26,0.09,-0.06,0.04,-4.02,-0.28,0.21,-681.57,0.00,0.00,0.00,-0.01,0.01,0.00,8.00
36029.00,0.10,1.26,0.16,-0.06,0.04,9.10,-0.28,0.21,1640.99,0.00,0.00,0.00,0.00,0.01,0.00,7.00
36036.00,0.10,1.26,0.03,-0.06,0.04,-19.02,-0.28,0.21,-4017.10,0.00,0.00,0.00,0.01,0.00,-0.01,5.00
36041.00,0.10,1.26,0.11,-0.06,0.04,16.47,-0.28,0.21,7097.81,0.00,0.00,0.00,0.00,0.00,-0.00,7.00
36048.00,0.10,1.26,0.14,-0.06,0.04,3.70,-0.28,0.21,-1825.22,0.00,0.00,0.00,0.00,-0.01,-0.01,6.00
36054.00,0.10,1.26,0.13,-0.06,0.04,-2.11,-0.28,0.21,-968.14,0.00,0.00,0.00,-0.01,-0.01,-0.01,7.00
36066.00,0.10,1.26,0.05,-0.06,0.04,-6.35,-0.28,0.21,-353.42,0.00,0.00,0.00,-0.01,-0.00,-0.01,7.00
36073.00,0.10,1.26,0.11,-0.06,0.04,7.94,-0.28,0.21,2041.92,0.00,0.00,0.00,-0.01,-0.00,-0.01,7.00
36080.00,0.10,1.26,0.14,-0.06,0.04,4.58,-0.28,0.21,-479.43,0.00,0.00,0.00,0.00,0.00,-0.01,19.00
36099.00,0.10,1.26,0.17,-0.06,0.04,1.65,-0.28,0.21,-154.27,0.00,0.00,0.00,0.00,0.00,-0.01,8.00
36107.00,0.10,1.26,0.21,-0.06,0.04,5.49,-0.28,0.21,479.04,0.00,0.00,0.00,-0.01,0.00,0.00,5.00
36112.00,0.10,1.26,0.12,0.00,0.00,-18.95,0.27,-0.21,-4888.06,0.00,0.00,0.00,-0.01,0.00,0.00,8.00
36120.00,0.10,1.26,0.13,0.00,0.00,1.06,0.27,-0.21,2501.33,0.00,0.00,0.00,-0.01,0.00,0.00,8.00
36128.00,0.10,1.26,0.12,0.00,0.00,-1.49,0.27,-0.21,-318.26,0.00,0.00,0.00,0.01,-0.00,0.00,6.00
36134.00,0.10,1.26,0.12,0.00,0.00,1.14,0.27,-0.21,438.21,0.00,0.00,0.00,0.01,-0.00,-0.00,6.00
36140.00,0.10,1.26,-0.03,0.00,0.00,-24.88,0.27,-0.21,-4335.69,0.00,0.00,0.00,0.01,-0.00,-0.00,10.00
36159.00,0.10,1.26,0.15,0.00,0.00,9.26,0.27,-0.21,1796.61,0.00,0.00,0.00,-0.01,0.01,-0.01,6.00
36165.00,0.10,1.26,0.19,0.00,0.00,6.72,0.27,-0.21,-423.62,0.00,0.00,0.00,-0.01,0.01,-0.01,6.00
36171.00,0.10,1.26,0.10,0.00,0.00,-15.73,0.27,-0.21,-3740.88,0.00,0.00,0.00,-0.00,0.01,-0.01,9.00
36180.00,0.10,1.26,0.07,0.00,0.00,-2.48,0.27,-0.21,1472.27,0.00,0.00,0.00,-0.00,-0.00,-0.00,8.00
36188.00,0.10,1.26,0.16,0.00,0.00,10.95,0.27,-0.21,1678.34,0.00,0.00,0.00,-0.00,0.00,-0.00,16.00
36204.00,0.10,1.26,0.01,0.00,0.00,-9.62,0.27,-0.21,-1285.54,0.00,0.00,0.00,-0.00,0.00,0.00,7.00
36211.00,0.10,1.26,0.11,0.00,0.00,14.64,0.27,-0.21,3464.88,0.00,0.00,0.00,0.00,0.00,0.00,6.00
36217.00,0.10,1.26,0.19,0.00,0.00,13.03,0.27,-0.21,-267.08,0.00,0.00,0.00,0.00,0.00,0.00,5.00
36222.00,0.10,1.26,0.11,0.00,0.00,-15.43,0.27,-0.21,-5692.85,0.00,0.00,0.00,0.00,0.00,0.00,8.00
36230.00,0.10,1.26,0.10,0.00,0.00,-1.66,0.27,-0.21,1721.27,0.00,0.00,0.00,-0.00,0.01,-0.00,8.00
36248.00,0.10,1.26,0.15,0.00,0.00,3.20,0.27,-0.21,270.09,0.00,0.00,0.00,-0.00,-0.00,-0.00,7.00
36255.00,0.10,1.26,0.12,0.00,0.00,-4.86,0.27,-0.21,-1151.88,0.00,0.00,0.00,-0.00,-0.00,-0.00,6.00
36261.00,0.10,1.26,0.19,0.00,0.00,11.77,0.27,-0.21,2772.74,0.00,0.00,0.00,-0.00,-0.00,-0.00,6.00
36267.00,0.10,1.26,0.18,0.00,0.00,-2.16,0.27,-0.21,-2321.77,0.00,0.00,0.00,0.00,0.00,0.00,5.00
36272.00,0.10,1.26,0.17,0.00,0.00,-1.40,0.27,-0.21,150.38,0.00,0.00,0.00,0.00,0.00,0.00,8.00
36280.00,0.10,1.26,0.10,0.00,0.00,-8.66,0.27,-0.21,-906.72,0.00,0.00,0.00,0.00,0.00,0.00,9.00
36289.00,0.10,1.26,0.13,0.00,0.00,3.23,0.27,-0.21,1321.17,0.00,0.00,0.00,0.00,0.00,0.00,16.00
36305.00,0.10,1.26,0.11,0.00,0.00,-1.35,0.27,-0.21,-286.58,0.00,0.00,0.00,0.00,0.00,-0.00,7.00
36312.00,0.10,1.26,0.10,0.00,0.00,-2.04,0.00,0.00,-97.73,0.00,0.00,0.00,0.00,0.00,-0.00,6.00
36318.00,0.10,1.26,0.12,0.00,0.00,3.91,0.00,0.00,991.06,0.00,0.00,0.00,0.00,0.00,0.00,6.00
36329.00,0.10,1.26,0.22,0.00,0.00,9.11,0.00,0.00,473.10,0.00,0.00,0.00,0.00,0.00,0.00,8.00
36337.00,0.10,1.26,0.11,0.00,0.00,-13.69,0.00,0.00,-2850.45,0.00,0.00,0.00,0.00,0.01,0.00,5.00
36342.00,0.10,1.26,0.06,0.00,0.00,-10.41,0.00,0.00,656.89,0.00,0.00,0.00,0.00,0.01,0.00,9.00
36351.00,0.10,1.26,0.06,0.00,0.00,0.85,0.00,0.00,1250.92,0.00,0.00,0.00,0.00,0.00,-0.00,8.00
36359.00,0.10,1.26,0.13,0.00,0.00,8.64,0.00,0.00,973.82,0.00,0.00,0.00,0.00,0.00,0.00,6.00
36365.00,0.10,1.26,0.15,0.00,0.00,3.27,0.00,0.00,-894.87,0.00,0.00,0.00,0.00,0.00,-0.00,6.00
36371.00,0.10,1.26,0.12,0.00,0.00,-5.32,0.00,0.00,-1432.28,0.00,0.00,0.00,0.00,0.01,-0.00,9.00
36380.00,0.10,1.26,0.11,0.00,0.00,-0.94,0.00,0.00,487.10,0.00,0.00,0.00,0.00,0.00,-0.00,8.00
36388.00,0.10,1.26,0.15,0.00,0.00,5.03,0.00,0.00,745.46,0.00,0.00,0.00,0.00,0.00,-0.00,15.00
36403.00,0.10,1.26,0.13,0.00,0.00,-1.83,0.00,0.00,-457.24,0.00,0.00,0.00,0.00,-0.00,-0.00,8.00
36416.00,0.10,1.26,0.13,0.00,0.00,0.22,0.00,0.00,157.69,0.00,0.00,0.00,0.00,-0.01,0.00,7.00
36423.00,0.10,1.26,0.12,0.00,0.00,-1.09,0.00,0.00,-186.92,0.00,0.00,0.00,0.00,-0.01,0.00,8.00
36431.00,0.10,1.26,0.11,0.00,0.00,-1.50,0.00,0.00,-51.43,0.00,0.00,0.00,0.00,-0.01,0.00,8.00
36439.00,0.10,1.26,0.08,0.00,0.00,-4.03,0.00,0.00,-316.55,0.00,0.00,0.00,-0.00,-0.00,-0.00,6.00
36445.00,0.10,1.26,0.08,0.00,0.00,0.60,0.00,0.00,772.89,0.00,0.00,0.00,-0.00,-0.00,-0.00,7.00
36452.00,0.10,1.26,0.10,0.00,0.00,3.41,0.00,0.00,401.19,0.00,0.00,0.00,0.00,0.00,-0.00,8.00
36460.00,0.10,1.26,0.14,0.00,0.00,4.66,0.00,0.00,155.84,0.00,0.00,0.00,0.00,0.00,-0.00,6.00
36466.00,0.10,1.26,0.09,0.00,0.00,-9.24,0.00,0.00,-2316.02,0.00,0.00,0.00,0.00,0.00,-0.00,6.00
36472.00,0.10,1.26,0.20,0.00,0.00,19.57,0.00,0.00,4801.04,0.00,0.00,0.00,0.00,0.00,-0.00,9.00
36481.00,0.10,1.26,0.09,0.00,0.00,-12.63,0.00,0.00,-3577.75,0.00,0.00,0.00,-0.00,-0.01,0.00,7.00
36493.00,0.10,1.26,0.11,0.00,0.00,1.37,0.00,0.00,1166.33,0.00,0.00,0.00,0.00,-0.00,0.00,19.00
36512.00,0.09,1.25,0.19,-0.06,-0.03,4.47,-0.28,-0.17,163.37,0.00,0.00,0.00,0.00,-0.00,0.00,6.00
36518.00,0.09,1.25,0.10,-0.06,-0.03,-15.11,-0.28,-0.17,-3263.58,0.00,0.00,0.00,0.00,0.00,0.00,5.00
36523.00,0.09,1.25,0.09,-0.06,-0.03,-1.47,-0.28,-0.17,2727.85,0.00,0.00,0.00,0.00,0.00,-0.00,9.00
36532.00,0.09,1.25,0.09,-0.06,-0.03,-0.24,-0.28,-0.17,136.55,0.00,0.00,0.00,0.00,0.00,-0.00,8.00
36540.00,0.09,1.25,0.16,-0.06,-0.03,9.23,-0.28,-0.17,1183.74,0.00,0.00,0.00,0.00,-0.00,-0.00,7.00
36547.00,0.09,1.25,0.11,-0.06,-0.03,-7.78,-0.28,-0.17,-2429.16,0.00,0.00,0.00,0.00,-0.00,-0.00,6.00
36553.00,0.09,1.25,0.09,-0.06,-0.03,-3.07,-0.28,-0.17,785.29,0.00,0.00,0.00,0.00,0.00,-0.01,8.00
36561.00,0.09,1.25,0.12,-0.06,-0.03,3.75,-0.28,-0.17,851.95,0.00,0.00,0.00,-0.00,0.00,-0.00,5.00
36566.00,0.09,1.25,0.07,-0.06,-0.03,-9.81,-0.28,-0.17,-2712.82,0.00,0.00,0.00,-0.00,-0.00,-0.00,6.00
36577.00,0.09,1.25,0.16,-0.06,-0.03,7.93,-0.28,-0.17,1613.50,0.00,0.00,0.00,-0.00,-0.00,-0.00,7.00
36584.00,0.09,1.25,0.11,-0.06,-0.03,-7.32,-0.28,-0.17,-2178.56,0.00,0.00,0.00,-0.00,-0.00,-0.00,7.00
36591.00,0.09,1.25,0.09,-0.06,-0.03,-3.29,-0.28,-0.17,575.82,0.00,0.00,0.00,-0.00,-0.00,-0.00,18.00
36609.00,0.09,1.25,0.17,-0.06,-0.03,4.52,-0.28,-0.17,433.37,0.00,0.00,0.00,0.00,0.00,0.00,7.00
36616.00,0.09,1.25,0.15,-0.06,-0.03,-2.21,-0.28,-0.17,-960.77,0.00,0.00,0.00,0.01,0.00,0.00,6.00
36622.00,0.09,1.25,0.07,-0.06,-0.03,-13.76,-0.28,-0.17,-1924.50,0.00,0.00,0.00,0.01,0.00,0.00,9.00
36631.00,0.09,1.25,0.12,-0.06,-0.03,5.47,-0.28,-0.17,2136.32,0.00,0.00,0.00,0.01,0.00,-0.00,7.00
36638.00,0.09,1.25,0.13,-0.06,-0.03,0.95,-0.28,-0.17,-645.97,0.00,0.00,0.00,0.00,-0.00,-0.01,6.00
36644.00,0.09,1.25,0.22,-0.06,-0.03,15.29,-0.28,-0.17,2389.65,0.00,0.00,0.00,0.00,-0.00,-0.01,8.00
36652.00,0.09,1.25,0.14,-0.06,-0.03,-9.08,-0.28,-0.17,-3045.96,0.00,0.00,0.00,0.00,-0.00,-0.01,8.00
36729.00,0.09,1.25,0.16,0.00,0.00,0.25,0.26,0.16,121.16,0.00,0.00,0.00,-0.00,0.00,0.00,17.00
36746.00,0.09,1.25,0.04,0.00,0.00,-7.27,0.26,0.16,-441.95,0.00,0.00,0.00,0.00,0.01,-0.00,7.00
36753.00,0.09,1.25,0.09,0.00,0.00,7.75,0.26,0.16,2145.72,0.00,0.00,0.00,0.00,0.01,-0.00,8.00
36761.00,0.09,1.25,0.18,0.00,0.00,10.40,0.26,0.16,330.94,0.00,0.00,0.00,-0.00,0.01,-0.00,6.00
36767.00,0.09,1.25,0.02,0.00,0.00,-26.54,0.26,0.16,-6156.82,0.00,0.00,0.00,-0.00,0.00,-0.00,6.00
36773.00,0.09,1.25,0.20,0.00,0.00,30.65,0.26,0.16,9530.81,0.00,0.00,0.00,-0.00,0.00,0.00,9.00
36782.00,0.09,1.25,0.17,0.00,0.00,-3.25,0.26,0.16,-3766.28,0.00,0.00,0.00,-0.00,-0.00,0.00,7.00
36789.00,0.09,1.25,0.14,0.00,0.00,-5.36,0.26,0.16,-300.96,0.00,0.00,0.00,0.00,-0.00,0.00,16.00
36805.00,0.09,1.25,0.14,0.00,0.00,0.22,0.26,0.16,348.76,0.00,0.00,0.00,0.01,0.00,-0.00,8.00
36813.00,0.09,1.25,0.12,0.00,0.00,-2.46,0.26,0.16,-335.72,0.00,0.00,0.00,0.02,0.01,-0.01,5.00
36823.00,0.09,1.25,0.13,0.00,0.00,1.39,0.26,0.16,385.41,0.00,0.00,0.00,0.02,0.01,-0.01,10.00
36833.00,0.09,1.25,0.12,0.00,0.00,-0.91,0.26,0.16,-229.78,0.00,0.00,0.00,0.02,0.00,-0.01,8.00
36841.00,0.09,1.25,0.21,0.00,0.00,11.03,0.26,0.16,1492.43,0.00,0.00,0.00,0.02,-0.01,-0.01,7.00
36848.00,0.09,1.25,0.14,0.00,0.00,-10.21,0.26,0.16,-3034.15,0.00,0.00,0.00,0.01,-0.01,-0.01,5.00
36853.00,0.09,1.25,0.21,0.00,0.00,13.93,0.26,0.16,4827.30,0.00,0.00,0.00,0.01,-0.00,-0.01,9.00
36862.00,0.09,1.25,0.09,0.00,0.00,-12.89,0.26,0.16,-2980.37,0.00,0.00,0.00,0.01,0.00,0.00,5.00
36867.00,0.09,1.25,0.18,0.00,0.00,17.24,0.26,0.16,6026.20,0.00,0.00,0.00,0.01,0.00,-0.00,7.00
36874.00,0.09,1.25,0.14,0.00,0.00,-6.02,0.26,0.16,-3321.97,0.00,0.00,0.00,0.01,0.01,-0.00,8.00
36882.00,0.09,1.25,0.16,0.00,0.00,2.19,0.26,0.16,1026.37,0.00,0.00,0.00,-0.00,0.00,0.00,19.00
36901.00,0.09,1.25,0.08,0.00,0.00,-3.80,0.26,0.16,-315.52,0.00,0.00,0.00,-0.00,-0.01,0.00,6.00
36912.00,0.09,1.25,0.01,0.00,0.00,-6.34,0.26,0.16,-231.00,0.00,0.00,0.00,0.00,-0.01,0.01,6.00
36918.00,0.09,1.25,0.12,0.00,0.00,17.02,0.26,0.16,3893.59,0.00,0.00,0.00,-0.00,-0.01,0.00,6.00
36924.00,0.09,1.25,0.18,0.00,0.00,10.50,0.26,0.16,-1087.09,0.00,0.00,0.00,-0.00,-0.01,0.00,8.00
36932.00,0.09,1.23,0.03,0.00,-0.08,-18.47,0.00,-0.37,-3620.47,0.00,0.00,0.00,-0.01,-0.01,0.00,8.00
36940.00,0.09,1.23,0.12,0.00,-0.08,11.59,0.00,-0.37,3757.16,0.00,0.00,0.00,0.00,0.00,-0.00,6.00
36946.00,0.09,1.23,0.19,0.00,-0.08,11.13,0.00,-0.37,-76.44,0.00,0.00,0.00,0.00,0.00,-0.00,7.00
36953.00,0.09,1.23,0.16,0.00,-0.08,-4.88,0.00,-0.37,-2287.95,0.00,0.00,0.00,0.01,0.00,0.00,9.00
36962.00,0.09,1.23,0.08,0.00,-0.08,-8.94,0.00,-0.37,-451.03,0.00,0.00,0.00,0.01,-0.00,0.00,5.00
36967.00,0.09,1.23,0.13,0.00,-0.08,10.21,0.00,-0.37,3831.39,0.00,0.00,0.00,0.00,0.00,0.00,4.00
36971.00,0.09,1.23,0.21,0.00,-0.08,21.28,0.00,-0.37,2766.01,0.00,0.00,0.00,0.00,-0.01,-0.00,5.00
36986.00,0.09,1.23,0.16,0.00,-0.08,-3.24,0.00,-0.37,-1634.75,0.00,0.00,0.00,0.00,-0.01,-0.00,19.00
37005.00,0.09,1.23,0.08,0.00,-0.08,-4.61,0.00,-0.37,-71.90,0.00,0.00,0.00,0.00,-0.01,-0.01,8.00
37013.00,0.09,1.23,0.19,0.00,-0.08,13.77,0.00,-0.37,2297.15,0.00,0.00,0.00,-0.00,0.00,-0.01,5.00
37018.00,0.09,1.23,0.18,0.00,-0.08,-1.27,0.00,-0.37,-3008.38,0.00,0.00,0.00,-0.00,0.01,-0.00,7.00
37025.00,0.09,1.23,0.12,0.00,-0.08,-8.37,0.00,-0.37,-1014.33,0.00,0.00,0.00,-0.00,0.01,0.00,8.00
37033.00,0.09,1.23,0.09,0.00,-0.08,-4.11,0.00,-0.37,533.29,0.00,0.00,0.00,-0.00,0.01,0.00,7.00
37040.00,0.09,1.23,0.11,0.00,-0.08,3.10,0.00,-0.37,1029.42,0.00,0.00,0.00,0.00,0.01,0.00,5.00
37045.00,0.09,1.23,0.15,0.00,-0.08,7.34,0.00,-0.37,849.15,0.00,0.00,0.00,0.00,0.01,0.00,9.00
37054.00,0.09,1.23,0.16,0.00,-0.08,1.93,0.00,-0.37,-601.80,0.00,0.00,0.00,0.00,0.00,0.00,8.00
37062.00,0.09,1.23,0.23,0.00,-0.08,8.35,0.00,-0.37,802.84,0.00,0.00,0.00,-0.01,-0.01,0.00,6.00
37073.00,0.09,1.23,0.15,0.00,-0.08,-7.81,0.00,-0.37,-1469.46,0.00,0.00,0.00,-0.00,-0.02,0.00,9.00
37082.00,0.09,1.23,0.13,0.00,-0.08,-1.34,0.00,-0.37,719.32,0.00,0.00,0.00,0.00,-0.02,0.00,6.00
37088.00,0.09,1.23,0.12,0.00,-0.08,-1.85,0.00,-0.37,-85.34,0.00,0.00,0.00,-0.00,-0.01,0.00,17.00
37105.00,0.09,1.23,0.16,0.00,-0.08,2.43,0.00,-0.37,251.93,0.00,0.00,0.00,-0.00,0.00,0.00,9.00
37114.00,0.09,1.23,0.09,0.00,-0.08,-7.95,0.00,-0.37,-1153.16,0.00,0.00,0.00,-0.00,0.00,0.00,5.00
37119.00,0.09,1.23,0.11,0.00,-0.08,3.72,0.00,-0.37,2333.11,0.00,0.00,0.00,0.00,0.01,0.00,6.00
37125.00,0.09,1.23,0.14,0.00,-0.08,5.39,0.00,-0.37,279.38,0.00,0.00,0.00,0.00,0.01,0.00,8.00
37133.00,0.09,1.22,0.13,0.00,-0.08,-1.51,0.00,-0.00,-862.58,0.00,0.00,0.00,0.00,0.01,-0.00,8.00
37141.00,0.09,1.22,0.12,0.00,-0.08,-1.14,0.00,-0.00,46.25,0.00,0.00,0.00,0.00,0.00,-0.00,5.00
37146.00,0.09,1.22,0.18,0.00,-0.08,11.31,0.00,-0.00,2490.09,0.00,0.00,0.00,0.00,-0.00,-0.00,8.00
37159.00,0.09,1.22,0.15,0.00,-0.08,-1.92,0.00,-0.00,-1018.40,0.00,0.00,0.00,0.00,-0.01,-0.00,7.00
37166.00,0.09,1.22,0.24,0.00,-0.08,12.89,0.00,-0.00,2116.79,0.00,0.00,0.00,0.01,-0.01,-0.00,6.00
37172.00,0.09,1.22,0.03,0.00,-0.08,-35.56,0.00,-0.00,-8076.28,0.00,0.00,0.00,0.01,-0.00,-0.00,7.00
37179.00,0.09,1.22,0.08,0.00,-0.08,7.03,0.00,-0.00,6084.46,0.00,0.00,0.00,0.01,0.00,-0.01,6.00
37185.00,0.09,1.22,0.17,0.00,-0.08,15.54,0.00,-0.00,1419.36,0.00,0.00,0.00,0.01,0.00,-0.01,19.00
37204.00,0.09,1.22,0.16,0.00,-0.08,-0.69,0.00,-0.00,-854.57,0.00,0.00,0.00,0.00,0.02,-0.01,9.00
37213.00,0.09,1.22,0.16,0.00,-0.08,0.04,0.00,-0.00,81.91,0.00,0.00,0.00,0.01,0.02,-0.01,5.00
37218.00,0.09,1.22,0.12,0.00,-0.08,-7.05,0.00,-0.00,-1418.70,0.00,0.00,0.00,0.01,0.02,-0.01,7.00
37225.00,0.09,1.22,0.19,0.00,-0.08,9.21,0.00,-0.00,2322.62,0.00,0.00,0.00,0.01,0.02,-0.01,8.00
37233.00,0.09,1.22,0.15,0.00,-0.08,-4.28,0.00,-0.00,-1685.82,0.00,0.00,0.00,0.01,0.02,0.00,8.00
37246.00,0.09,1.22,0.19,0.00,-0.08,2.51,0.00,-0.00,522.53,0.00,0.00,0.00,0.01,0.01,0.01,9.00
37255.00,0.09,1.22,0.10,0.00,-0.08,-9.59,0.00,-0.00,-1344.72,0.00,0.00,0.00,0.00,0.01,0.01,8.00
37263.00,0.09,1.22,0.10,0.00,-0.08,0.20,0.00,-0.00,1224.09,0.00,0.00,0.00,-0.01,0.01,0.00,6.00
37269.00,0.09,1.22,0.27,0.00,-0.08,27.44,0.00,-0.00,4539.03,0.00,0.00,0.00,-0.01,0.01,-0.00,6.00
37275.00,0.09,1.22,0.28,0.00,-0.08,1.76,0.00,-0.00,-4280.17,0.00,0.00,0.00,-0.01,0.01,-0.01,9.00
37284.00,0.09,1.22,0.04,0.00,-0.08,-26.00,0.00,-0.00,-3084.08,0.00,0.00,0.00,0.00,0.02,-0.01,7.00
37291.00,0.09,1.22,0.14,0.00,-0.08,13.60,0.00,-0.00,5656.55,0.00,0.00,0.00,-0.00,0.02,-0.01,16.00
37307.00,0.09,1.22,0.14,0.00,-0.08,0.31,0.00,-0.00,-830.27,0.00,0.00,0.00,-0.01,0.01,-0.00,9.00
37316.00,0.09,1.22,0.08,0.00,-0.08,-7.22,0.00,-0.00,-837.05,0.00,0.00,0.00,-0.01,0.01,-0.00,6.00
37322.00,0.09,1.22,0.13,0.00,-0.08,8.71,0.00,-0.00,2654.61,0.00,0.00,0.00,-0.00,0.00,0.00,6.00
37332.00,0.09,1.22,0.19,0.00,-0.08,5.71,0.00,-0.00,-299.88,0.00,0.00,0.00,0.00,0.00,0.00,4.00
37336.00,0.08,1.21,0.24,-0.05,-0.03,13.74,-0.27,0.21,2007.05,0.00,0.00,0.00,0.00,-0.00,0.00,7.00
37343.00,0.08,1.21,0.24,-0.05,-0.03,0.00,-0.27,0.21,-1962.29,0.00,0.00,0.00,0.00,0.00,0.00,3.00
37346.00,0.08,1.21,0.13,-0.05,-0.03,-37.34,-0.27,0.21,-12446.67,0.00,0.00,0.00,0.00,0.00,0.00,8.00
37354.00,0.08,1.21,0.16,-0.05,-0.03,3.78,-0.27,0.21,5139.39,0.00,0.00,0.00,-0.00,0.00,0.00,8.00
37362.00,0.08,1.21,0.19,-0.05,-0.03,3.53,-0.27,0.21,-30.55,0.00,0.00,0.00,0.00,0.00,-0.00,6.00
37368.00,0.08,1.21,0.20,-0.05,-0.03,1.55,-0.27,0.21,-330.82,0.00,0.00,0.00,0.00,0.00,-0.00,7.00
37375.00,0.08,1.21,0.16,-0.05,-0.03,-4.88,-0.27,0.21,-917.39,0.00,0.00,0.00,0.00,0.00,-0.00,9.00
37384.00,0.08,1.21,0.17,-0.05,-0.03,0.05,-0.27,0.21,547.00,0.00,0.00,0.00,0.00,-0.00,0.00,7.00
37391.00,0.08,1.21,0.14,-0.05,-0.03,-3.07,-0.27,0.21,-445.73,0.00,0.00,0.00,-0.00,0.00,0.00,15.00
37411.00,0.08,1.21,0.18,-0.05,-0.03,1.95,-0.27,0.21,250.96,0.00,0.00,0.00,0.00,0.00,0.00,7.00
37418.00,0.08,1.21,0.24,-0.05,-0.03,7.90,-0.27,0.21,850.00,0.00,0.00,0.00,0.00,-0.00,0.00,7.00
37425.00,0.08,1.21,0.20,-0.05,-0.03,-5.75,-0.27,0.21,-1950.06,0.00,0.00,0.00,0.00,-0.00,0.00,9.00
37434.00,0.08,1.21,0.10,-0.05,-0.03,-10.67,-0.27,0.21,-545.84,0.00,0.00,0.00,0.00,-0.01,-0.00,7.00
37441.00,0.08,1.21,0.10,-0.05,-0.03,0.15,-0.27,0.21,1544.71,0.00,0.00,0.00,0.00,-0.01,0.00,6.00
37447.00,0.08,1.21,0.13,-0.05,-0.03,3.80,-0.27,0.21,608.72,0.00,0.00,0.00,0.00,-0.01,0.00,7.00
37454.00,0.08,1.21,0.23,-0.05,-0.03,15.16,-0.27,0.21,1623.66,0.00,0.00,0.00,0.00,-0.01,0.00,8.00
37462.00,0.08,1.21,0.16,-0.05,-0.03,-9.00,-0.27,0.21,-3020.28,0.00,0.00,0.00,0.00,0.00,0.00,6.00
37468.00,0.08,1.21,0.15,-0.05,-0.03,-1.55,-0.27,0.21,1240.74,0.00,0.00,0.00,0.00,0.00,0.00,8.00
37476.00,0.08,1.21,0.16,-0.05,-0.03,0.85,-0.27,0.21,300.62,0.00,0.00,0.00,-0.00,0.00,0.00,8.00
37489.00,0.08,1.21,0.24,-0.05,-0.03,6.36,-0.27,0.21,423.66,0.00,0.00,0.00,-0.00,0.00,0.00,17.00
37506.00,0.08,1.21,0.16,-0.05,-0.03,-4.64,-0.27,0.21,-646.87,0.00,0.00,0.00,0.00,-0.00,0.00,10.00
37516.00,0.08,1.21,0.20,-0.05,-0.03,4.37,-0.27,0.21,900.38,0.00,0.00,0.00,0.00,-0.01,0.00,6.00
37522.00,0.08,1.21,0.17,-0.05,-0.03,-6.55,-0.27,0.21,-1818.49,0.00,0.00,0.00,0.00,-0.01,0.01,6.00
37528.00,0.08,1.21,0.20,-0.05,-0.03,5.51,-0.27,0.21,2008.59,0.00,0.00,0.00,0.00,-0.01,0.01,7.00
37535.00,0.08,1.21,0.16,-0.05,-0.03,-6.13,-0.27,0.21,-1662.49,0.00,0.00,0.00,0.00,-0.01,0.01,8.00
37543.00,0.08,1.20,0.19,0.00,-0.04,4.65,0.26,-0.02,1347.10,0.00,0.00,0.00,0.00,-0.01,0.00,6.00
37549.00,0.08,1.20,0.18,0.00,-0.04,-1.97,0.26,-0.02,-1102.62,0.00,0.00,0.00,0.00,-0.01,0.00,7.00
37556.00,0.08,1.20,0.16,0.00,-0.04,-2.57,0.26,-0.02,-86.12,0.00,0.00,0.00,-0.00,-0.01,0.00,8.00
37564.00,0.08,1.20,0.11,0.00,-0.04,-6.55,0.26,-0.02,-497.59,0.00,0.00,0.00,0.00,-0.01,0.00,6.00
37575.00,0.08,1.20,0.14,0.00,-0.04,2.25,0.26,-0.02,799.97,0.00,0.00,0.00,0.00,-0.00,0.00,9.00
37584.00,0.08,1.20,0.09,0.00,-0.04,-4.76,0.26,-0.02,-778.06,0.00,0.00,0.00,0.00,0.00,0.00,8.00
37592.00,0.08,1.20,0.19,0.00,-0.04,11.73,0.26,-0.02,2060.53,0.00,0.00,0.00,0.00,0.00,-0.00,15.00
37607.00,0.08,1.20,0.12,0.00,-0.04,-4.39,0.26,-0.02,-1074.31,0.00,0.00,0.00,0.00,0.00,-0.01,9.00
37616.00,0.08,1.20,0.09,0.00,-0.04,-2.94,0.26,-0.02,160.75,0.00,0.00,0.00,-0.00,0.00,-0.01,5.00
37621.00,0.08,1.20,0.13,0.00,-0.04,6.82,0.26,-0.02,1952.72,0.00,0.00,0.00,-0.00,-0.00,-0.01,6.00
37627.00,0.08,1.20,0.15,0.00,-0.04,3.49,0.26,-0.02,-555.18,0.00,0.00,0.00,0.00,-0.00,-0.00,8.00
37635.00,0.08,1.20,0.16,0.00,-0.04,0.84,0.26,-0.02,-332.10,0.00,0.00,0.00,-0.00,0.00,0.00,8.00
37643.00,0.08,1.20,0.25,0.00,-0.04,11.52,0.26,-0.02,1335.55,0.00,0.00,0.00,-0.00,0.00,0.00,5.00
37648.00,0.08,1.20,0.18,0.00,-0.04,-13.71,0.26,-0.02,-5046.14,0.00,0.00,0.00,-0.00,0.00,0.00,8.00
37661.00,0.08,1.20,0.17,0.00,-0.04,-1.03,0.26,-0.02,975.57,0.00,0.00,0.00,0.00,0.00,0.00,7.00
37668.00,0.08,1.20,0.16,0.00,-0.04,-1.19,0.26,-0.02,-23.81,0.00,0.00,0.00,0.00,0.00,0.00,6.00
37674.00,0.08,1.20,0.12,0.00,-0.04,-5.78,0.26,-0.02,-763.74,0.00,0.00,0.00,0.00,0.01,-0.01,8.00
37682.00,0.08,1.20,0.11,0.00,-0.04,-1.60,0.26,-0.02,522.00,0.00,0.00,0.00,-0.00,0.01,-0.01,5.00
37687.00,0.08,1.20,0.06,0.00,-0.04,-9.45,0.26,-0.02,-1569.73,0.00,0.00,0.00,-0.00,0.01,-0.01,18.00
37705.00,0.08,1.20,0.16,0.00,-0.04,5.56,0.26,-0.02,833.84,0.00,0.00,0.00,0.00,-0.00,-0.00,9.00
37714.00,0.08,1.20,0.16,0.00,-0.04,-0.50,0.26,-0.02,-673.19,0.00,0.00,0.00,0.00,-0.01,0.00,5.00
37719.00,0.08,1.20,0.11,0.00,-0.04,-8.74,0.26,-0.02,-1647.51,0.00,0.00,0.00,0.00,-0.00,0.00,8.00
37727.00,0.08,1.20,0.25,0.00,-0.04,17.19,0.26,-0.02,3240.76,0.00,0.00,0.00,0.00,-0.00,0.00,8.00
37735.00,0.08,1.20,0.14,0.00,-0.04,-14.55,0.26,-0.02,-3967.24,0.00,0.00,0.00,0.00,-0.00,0.00,7.00
37752.00,0.08,1.20,0.16,0.00,-0.04,1.45,0.00,0.00,941.03,0.00,0.00,0.00,-0.00,-0.01,-0.00,7.00
37759.00,0.08,1.20,0.14,0.00,-0.04,-2.84,0.00,0.00,-612.43,0.00,0.00,0.00,-0.00,-0.00,-0.00,7.00
37766.00,0.08,1.20,0.17,0.00,-0.04,4.66,0.00,0.00,1070.74,0.00,0.00,0.00,-0.00,0.00,0.00,6.00
37772.00,0.08,1.20,0.23,0.00,-0.04,9.08,0.00,0.00,736.54,0.00,0.00,0.00,-0.00,-0.00,0.00,5.00
37777.00,0.08,1.20,0.13,0.00,-0.04,-20.39,0.00,0.00,-5892.29,0.00,0.00,0.00,-0.00,-0.00,0.00,19.00
37796.00,0.08,1.20,0.07,0.00,-0.04,-2.99,0.00,0.00,915.74,0.00,0.00,0.00,0.01,-0.00,0.00,9.00
37805.00,0.08,1.20,0.22,0.00,-0.04,17.18,0.00,0.00,2240.31,0.00,0.00,0.00,0.01,0.00,-0.00,7.00
37812.00,0.08,1.20,0.20,0.00,-0.04,-2.78,0.00,0.00,-2850.22,0.00,0.00,0.00,0.01,0.00,-0.00,6.00
37818.00,0.08,1.20,0.12,0.00,-0.04,-14.52,0.00,0.00,-1957.17,0.00,0.00,0.00,0.01,0.00,-0.00,7.00
37825.00,0.08,1.20,0.14,0.00,-0.04,3.71,0.00,0.00,2604.32,0.00,0.00,0.00,0.02,0.00,-0.01,7.00
37837.00,0.08,1.20,0.15,0.00,-0.04,0.19,0.00,0.00,-293.26,0.00,0.00,0.00,0.03,-0.01,-0.01,9.00
37846.00,0.08,1.20,0.16,0.00,-0.04,1.47,0.00,0.00,142.32,0.00,0.00,0.00,0.03,-0.01,-0.01,9.00
37855.00,0.08,1.20,0.14,0.00,-0.04,-1.88,0.00,0.00,-373.16,0.00,0.00,0.00,0.02,-0.01,-0.01,6.00
37861.00,0.08,1.20,0.15,0.00,-0.04,1.90,0.00,0.00,630.95,0.00,0.00,-0.00,0.02,-0.01,-0.01,6.00
37867.00,0.08,1.20,0.21,0.00,-0.04,10.33,0.00,0.00,1405.04,0.00,0.00,-0.00,0.02,-0.01,-0.02,6.00
37873.00,0.08,1.20,0.17,0.00,-0.04,-7.96,0.00,0.00,-3048.51,0.01,0.00,-0.00,0.02,-0.01,-0.01,5.00
37878.00,0.08,1.20,0.11,0.00,-0.04,-11.82,0.00,0.00,-771.12,0.01,0.00,-0.00,0.02,-0.01,-0.01,16.00
37894.00,0.08,1.20,0.14,0.00,-0.04,1.86,0.00,0.00,854.65,0.01,0.00,-0.00,0.03,-0.01,-0.02,5.00
37899.00,0.08,1.20,0.12,0.00,-0.04,-3.86,0.00,0.00,-1143.79,0.01,0.00,-0.00,0.03,-0.01,-0.02,7.00
37906.00,0.08,1.20,0.18,0.00,-0.04,8.91,0.00,0.00,1823.74,0.01,0.00,-0.00,0.03,-0.00,-0.02,10.00
37921.00,0.08,1.20,0.12,0.00,-0.04,-4.39,0.00,0.00,-886.33,0.01,0.00,-0.00,0.03,-0.01,-0.01,6.00
37927.00,0.08,1.20,0.17,0.00,-0.04,8.33,0.00,0.00,2119.71,0.01,0.00,-0.00,0.03,-0.00,-0.02,5.00
37932.00,0.08,1.20,0.21,0.00,-0.04,8.86,0.00,0.00,105.63,0.01,0.00,-0.00,0.04,0.00,-0.02,6.00
37938.00,0.08,1.20,0.08,0.00,-0.04,-22.10,0.00,0.00,-5160.05,0.01,0.00,-0.00,0.04,0.00,-0.02,8.00
37946.00,0.08,1.20,0.13,0.00,-0.04,6.76,0.00,0.00,3608.15,0.01,0.00,-0.00,0.01,0.00,-0.01,5.00
37951.00,0.08,1.20,0.17,0.00,-0.04,8.37,0.00,0.00,321.21,0.01,0.00,-0.00,0.04,0.00,-0.02,6.00
37957.00,0.09,1.18,0.19,0.05,-0.08,3.05,0.26,-0.21,-887.18,0.01,0.00,-0.00,0.04,0.00,-0.02,9.00
37966.00,0.09,1.18,0.09,0.05,-0.08,-11.19,0.26,-0.21,-1581.53,0.01,0.00,-0.00,0.04,-0.00,-0.03,5.00
37971.00,0.09,1.18,0.08,0.05,-0.08,-1.85,0.26,-0.21,1866.89,0.01,0.00,-0.00,0.04,-0.00,-0.03,6.00
37977.00,0.09,1.18,0.18,0.05,-0.08,16.32,0.26,-0.21,3028.78,0.01,0.00,-0.00,0.03,-0.00,-0.03,5.00
37987.00,0.09,1.18,0.08,0.05,-0.08,-9.54,0.26,-0.21,-2585.55,0.01,0.00,-0.00,0.01,-0.01,-0.02,19.00
38006.00,0.09,1.18,0.20,0.05,-0.08,5.87,0.26,-0.21,811.03,0.01,0.00,-0.00,0.01,-0.01,-0.02,8.00
38014.00,0.09,1.18,0.09,0.05,-0.08,-13.38,0.26,-0.21,-2406.96,0.01,0.00,-0.00,0.01,-0.01,-0.01,5.00
38019.00,0.09,1.18,0.27,0.05,-0.08,36.38,0.26,-0.21,9952.23,0.01,0.00,-0.00,0.01,-0.01,-0.01,8.00
38027.00,0.09,1.18,0.07,0.05,-0.08,-24.72,0.26,-0.21,-7637.64,0.01,0.00,-0.00,0.00,-0.01,-0.00,8.00
38035.00,0.09,1.18,0.08,0.05,-0.08,1.20,0.26,-0.21,3240.62,0.01,0.00,-0.00,0.00,-0.00,0.00,6.00
38041.00,0.09,1.18,0.16,0.05,-0.08,12.70,0.26,-0.21,1916.33,0.01,0.00,-0.00,0.00,-0.00,0.00,6.00
38047.00,0.09,1.18,0.12,0.05,-0.08,-5.56,0.26,-0.21,-3044.20,0.01,0.00,-0.00,0.00,0.00,0.01,9.00
38056.00,0.09,1.18,0.18,0.05,-0.08,6.08,0.26,-0.21,1294.34,0.01,0.00,-0.00,0.01,0.01,0.00,7.00
38063.00,0.09,1.18,0.13,0.05,-0.08,-7.00,0.26,-0.21,-1868.58,0.01,0.00,-0.00,0.00,0.00,0.00,6.00
38074.00,0.09,1.18,0.17,0.05,-0.08,3.43,0.26,-0.21,947.70,0.01,0.00,-0.00,-0.00,0.01,0.00,6.00
38080.00,0.09,1.18,0.12,0.05,-0.08,-8.06,0.26,-0.21,-1914.09,0.01,0.00,-0.00,-0.00,0.01,0.00,7.00
38087.00,0.09,1.18,0.13,0.05,-0.08,1.78,0.26,-0.21,1404.40,0.01,0.00,-0.00,-0.01,0.01,0.00,18.00
38106.00,0.09,1.18,0.09,0.05,-0.08,-2.08,0.26,-0.21,-202.90,0.01,0.00,-0.00,-0.00,0.01,0.01,6.00
38112.00,0.09,1.18,0.16,0.05,-0.08,10.64,0.26,-0.21,2119.75,0.01,0.00,-0.00,-0.00,0.01,0.00,6.00
38118.00,0.09,1.18,0.13,0.05,-0.08,-4.97,0.26,-0.21,-2601.96,0.01,0.00,-0.00,0.00,0.01,0.00,7.00
38125.00,0.09,1.18,0.10,0.05,-0.08,-3.17,0.26,-0.21,257.66,0.01,0.00,-0.00,0.00,0.00,0.00,5.00
38130.00,0.09,1.18,0.18,0.05,-0.08,16.06,0.26,-0.21,3845.66,0.01,0.00,-0.00,0.00,0.00,0.01,8.00
38138.00,0.09,1.18,0.07,0.05,-0.08,-14.12,0.26,-0.21,-3772.24,0.01,0.00,-0.00,0.00,-0.00,0.01,8.00
38146.00,0.09,1.18,0.21,0.05,-0.08,16.89,0.26,-0.21,3876.65,0.01,0.00,-0.00,-0.00,-0.01,0.00,8.00
38159.00,0.10,1.17,0.14,0.06,-0.04,-5.43,0.00,0.18,-1716.88,0.01,0.00,-0.00,-0.00,0.00,0.00,9.00
38168.00,0.10,1.17,0.16,0.06,-0.04,2.90,0.00,0.18,925.46,0.01,0.00,-0.00,-0.00,0.01,0.00,5.00
38173.00,0.10,1.17,0.12,0.06,-0.04,-7.67,0.00,0.18,-2115.36,0.01,0.00,-0.00,0.00,0.01,0.00,6.00
38179.00,0.10,1.17,0.16,0.06,-0.04,6.31,0.00,0.18,2330.40,0.01,0.00,-0.00,0.00,0.01,0.00,8.00
38187.00,0.10,1.17,0.10,0.06,-0.04,-7.28,0.00,0.18,-1698.74,0.01,0.00,-0.00,-0.00,0.01,0.00,18.00
38205.00,0.10,1.17,0.20,0.06,-0.04,5.28,0.00,0.18,697.68,0.01,0.00,-0.00,0.00,-0.00,0.00,6.00
38211.00,0.10,1.17,0.13,0.06,-0.04,-11.69,0.00,0.18,-2827.64,0.01,0.00,-0.00,0.00,-0.00,0.00,7.00
38218.00,0.10,1.17,0.10,0.06,-0.04,-4.63,0.00,0.18,1007.63,0.01,0.00,-0.00,0.00,-0.00,0.00,6.00
38224.00,0.10,1.17,0.11,0.06,-0.04,1.55,0.00,0.18,1030.67,0.01,0.00,-0.00,0.00,-0.00,-0.00,5.00
38229.00,0.10,1.17,0.24,0.06,-0.04,27.27,0.00,0.18,5144.60,0.01,0.00,-0.00,0.00,-0.00,-0.00,9.00
38243.00,0.10,1.17,0.19,0.06,-0.04,-3.56,0.00,0.18,-2202.06,0.01,0.00,-0.00,0.00,-0.00,-0.00,7.00
38250.00,0.10,1.17,0.19,0.06,-0.04,-0.06,0.00,0.18,499.08,0.01,0.00,-0.00,0.00,0.00,0.00,7.00
38257.00,0.10,1.17,0.16,0.06,-0.04,-5.17,0.00,0.18,-729.01,0.01,0.00,-0.00,-0.00,0.00,0.00,8.00
38265.00,0.10,1.17,0.06,0.06,-0.04,-11.86,0.00,0.18,-836.26,0.01,0.00,-0.00,-0.00,0.00,0.01,5.00
38270.00,0.10,1.17,0.34,0.06,-0.04,55.86,0.00,0.18,13543.88,0.01,0.00,-0.00,-0.00,0.00,0.01,8.00
38278.00,0.10,1.17,0.19,0.06,-0.04,-18.35,0.00,0.18,-9276.17,0.01,0.00,-0.00,-0.00,0.00,0.00,8.00
38286.00,0.10,1.17,0.16,0.06,-0.04,-4.14,0.00,0.18,1775.84,0.01,0.00,-0.00,0.00,0.01,0.01,17.00
38303.00,0.10,1.17,0.14,0.06,-0.04,-1.31,0.00,0.18,166.40,0.01,0.00,-0.00,-0.00,0.01,0.01,6.00
38309.00,0.10,1.17,0.13,0.06,-0.04,-0.61,0.00,0.18,116.71,0.01,0.00,-0.00,-0.00,0.01,0.01,8.00
38317.00,0.10,1.17,0.22,0.06,-0.04,10.26,0.00,0.18,1358.68,0.01,0.00,-0.00,-0.01,0.01,0.01,6.00
38328.00,0.10,1.17,0.10,0.06,-0.04,-10.68,0.00,0.18,-1903.39,0.01,0.00,-0.00,-0.00,0.00,0.01,9.00
38337.00,0.10,1.17,0.18,0.06,-0.04,9.57,0.00,0.18,2250.01,0.01,0.00,-0.00,-0.00,0.00,0.00,8.00
38345.00,0.10,1.17,0.06,0.06,-0.04,-15.64,0.00,0.18,-3151.12,0.01,0.00,-0.00,0.00,0.00,0.00,6.00
38351.00,0.10,1.17,0.15,0.06,-0.04,14.69,0.00,0.18,5054.94,0.01,0.00,-0.00,0.00,0.00,0.00,7.00
38358.00,0.10,1.17,0.09,0.06,-0.04,-8.88,0.00,0.18,-3367.00,0.01,0.00,-0.00,0.00,0.00,0.00,9.00
38367.00,0.11,1.16,0.20,0.05,-0.08,12.83,-0.01,-0.17,2412.18,0.01,0.00,-0.00,0.00,0.00,0.00,5.00
38372.00,0.11,1.16,0.11,0.05,-0.08,-17.59,-0.01,-0.17,-6085.03,0.01,0.00,-0.00,0.00,-0.00,0.00,7.00
38379.00,0.11,1.16,0.14,0.05,-0.08,3.71,-0.01,-0.17,3043.39,0.01,0.00,-0.00,0.00,-0.00,0.00,8.00
38387.00,0.11,1.16,0.14,0.05,-0.08,-0.14,-0.01,-0.17,-481.43,0.01,0.00,-0.00,-0.00,0.00,0.00,18.00
38405.00,0.11,1.16,0.21,0.05,-0.08,4.13,-0.01,-0.17,237.26,0.01,0.00,-0.00,0.00,-0.00,0.01,6.00
38421.00,0.11,1.16,0.16,0.05,-0.08,-3.33,-0.01,-0.17,-466.15,0.01,0.00,-0.00,-0.00,-0.00,0.01,8.00
38429.00,0.11,1.16,0.12,0.05,-0.08,-5.54,-0.01,-0.17,-276.05,0.01,0.00,-0.00,-0.00,-0.00,0.00,8.00
38437.00,0.11,1.16,0.16,0.05,-0.08,5.53,-0.01,-0.17,1382.82,0.01,0.00,-0.00,-0.01,-0.00,0.01,7.00
38444.00,0.11,1.16,0.26,0.05,-0.08,14.91,-0.01,-0.17,1340.63,0.01,0.00,-0.00,-0.01,0.00,0.01,5.00
38449.00,0.11,1.16,0.12,0.05,-0.08,-29.65,-0.01,-0.17,-8912.53,0.01,0.00,-0.00,-0.01,0.00,0.01,9.00
38458.00,0.11,1.16,0.15,0.05,-0.08,4.06,-0.01,-0.17,3745.76,0.01,0.00,-0.00,-0.00,0.00,0.02,8.00
38466.00,0.11,1.16,0.19,0.05,-0.08,5.37,-0.01,-0.17,164.20,0.01,0.00,-0.00,-0.00,0.01,0.02,6.00
38472.00,0.11,1.16,0.26,0.05,-0.08,10.67,-0.01,-0.17,882.59,0.01,0.00,-0.00,-0.00,0.01,0.02,5.00
38477.00,0.11,1.16,0.16,0.05,-0.08,-20.33,-0.01,-0.17,-6200.15,0.01,0.00,-0.00,-0.00,-0.00,0.02,6.00
38483.00,0.11,1.16,0.15,0.05,-0.08,-0.88,-0.01,-0.17,3242.01,0.01,0.00,-0.00,-0.00,-0.00,0.02,5.00
38493.00,0.11,1.16,0.17,0.05,-0.08,1.31,-0.01,-0.17,219.02,0.01,0.00,-0.00,-0.00,-0.01,0.02,17.00
38510.00,0.11,1.16,0.28,0.05,-0.08,7.00,-0.01,-0.17,334.35,0.01,0.00,-0.00,-0.01,-0.01,0.01,9.00
38519.00,0.11,1.16,0.08,0.05,-0.08,-22.40,-0.01,-0.17,-3265.95,0.01,0.00,0.00,-0.00,-0.01,0.01,5.00
38524.00,0.11,1.16,0.14,0.05,-0.08,10.68,-0.01,-0.17,6615.30,0.01,0.00,0.00,-0.00,-0.01,0.01,6.00
38530.00,0.11,1.16,0.17,0.05,-0.08,5.94,-0.01,-0.17,-789.04,0.01,0.00,0.00,-0.01,-0.01,0.00,8.00
38538.00,0.11,1.16,0.17,0.05,-0.08,-0.13,-0.01,-0.17,-758.81,0.01,0.00,0.00,-0.01,-0.01,0.01,7.00
38545.00,0.11,1.16,0.22,0.05,-0.08,6.80,-0.01,-0.17,990.19,0.01,0.00,0.00,-0.01,-0.00,0.01,5.00
38550.00,0.11,1.16,0.23,0.05,-0.08,1.46,-0.01,-0.17,-1069.25,0.01,0.00,0.00,-0.00,-0.00,0.01,9.00
38559.00,0.11,1.16,0.18,0.05,-0.08,-4.93,-0.01,-0.17,-709.46,0.01,0.00,0.00,-0.00,-0.00,0.01,8.00
38567.00,0.11,1.13,0.22,0.00,-0.11,5.23,-0.27,-0.18,1269.90,0.01,0.00,0.00,-0.00,-0.01,0.01,6.00
38578.00,0.11,1.13,0.24,0.00,-0.11,1.73,-0.27,-0.18,-318.52,0.01,0.00,0.00,0.00,-0.01,0.02,8.00
38586.00,0.11,1.13,0.16,0.00,-0.11,-10.29,-0.27,-0.18,-1501.91,0.01,0.00,0.00,-0.00,-0.01,0.02,5.00
38591.00,0.11,1.13,0.16,0.00,-0.11,0.21,-0.27,-0.18,2098.89,0.01,0.00,0.00,-0.00,-0.01,0.02,17.00
38608.00,0.11,1.13,0.15,0.00,-0.11,-0.66,-0.27,-0.18,-51.25,0.01,0.00,0.00,-0.01,-0.00,0.02,10.00
38618.00,0.11,1.13,0.22,0.00,-0.11,6.60,-0.27,-0.18,726.56,0.01,0.00,0.00,0.01,-0.00,0.02,5.00
38623.00,0.11,1.13,0.19,0.00,-0.11,-4.73,-0.27,-0.18,-2267.07,0.01,0.00,0.00,0.01,-0.00,0.02,6.00
38629.00,0.11,1.13,0.12,0.00,-0.11,-12.36,-0.27,-0.18,-1270.85,0.01,0.00,0.00,0.04,-0.01,0.03,5.00
38634.00,0.11,1.13,0.20,0.00,-0.11,17.13,-0.27,-0.18,5897.30,0.01,0.00,0.00,0.08,-0.01,0.03,6.00
38640.00,0.11,1.13,0.28,0.00,-0.11,13.08,-0.27,-0.18,-674.79,0.01,0.00,0.00,0.00,0.00,0.00,4.00
38644.00,0.11,1.13,0.20,0.00,-0.11,-20.10,-0.27,-0.18,-8295.18,0.01,-0.00,0.00,0.10,-0.01,0.03,6.00
38654.00,0.11,1.13,0.21,0.00,-0.11,0.58,-0.27,-0.18,2068.36,0.01,-0.00,0.00,0.06,-0.02,0.04,7.00
38661.00,0.11,1.13,0.09,0.00,-0.11,-17.32,-0.27,-0.18,-2557.57,0.01,-0.00,0.00,0.01,-0.04,0.06,8.00
38669.00,0.11,1.13,0.23,0.00,-0.11,17.62,-0.27,-0.18,4367.72,0.01,-0.00,0.00,-0.03,-0.07,0.07,7.00
38676.00,0.11,1.13,0.19,0.00,-0.11,-5.46,-0.27,-0.18,-3297.46,0.01,-0.00,0.00,-0.03,-0.09,0.07,5.00
38681.00,0.11,1.13,0.14,0.00,-0.11,-9.12,-0.27,-0.18,-731.91,0.01,-0.00,0.00,-0.03,-0.09,0.07,17.00
38698.00,0.11,1.13,0.24,0.00,-0.11,5.91,-0.27,-0.18,884.12,0.01,-0.00,0.00,0.02,0.00,0.01,8.00
38706.00,0.11,1.13,0.24,0.00,-0.11,-0.58,-0.27,-0.18,-811.26,0.01,-0.00,0.00,0.01,0.01,-0.01,4.00
38710.00,0.11,1.13,0.13,0.00,-0.11,-26.14,-0.27,-0.18,-6390.20,0.01,-0.00,0.00,0.02,0.03,-0.03,9.00
38719.00,0.11,1.13,0.26,0.00,-0.11,13.85,-0.27,-0.18,4443.17,0.01,-0.00,0.00,-0.00,0.06,-0.04,5.00
38724.00,0.11,1.13,0.10,0.00,-0.11,-31.54,-0.27,-0.18,-9078.27,0.01,-0.00,0.00,-0.01,0.06,-0.04,6.00
38735.00,0.11,1.13,0.23,0.00,-0.11,12.16,-0.27,-0.18,3972.73,0.01,-0.00,0.00,-0.03,0.03,-0.02,6.00
38741.00,0.11,1.13,0.18,0.00,-0.11,-8.86,-0.27,-0.18,-3502.37,0.01,-0.00,0.00,-0.01,0.01,-0.01,8.00
38749.00,0.11,1.13,0.26,0.00,-0.11,9.81,-0.27,-0.18,2333.88,0.01,-0.00,0.00,0.02,-0.02,0.01,9.00
38758.00,0.11,1.13,0.12,0.00,-0.11,-15.36,-0.27,-0.18,-2796.76,0.01,-0.00,0.00,0.03,-0.06,0.03,6.00
38764.00,0.11,1.13,0.14,0.00,-0.11,3.55,-0.27,-0.18,3152.00,0.01,-0.00,0.00,0.00,-0.04,0.03,7.00
38771.00,0.11,1.13,0.19,0.00,0.00,6.39,0.00,0.56,405.49,0.01,-0.00,0.00,-0.01,-0.03,0.04,5.00
38776.00,0.11,1.13,0.16,0.00,0.00,-4.99,0.00,0.56,-2276.01,0.01,-0.00,0.00,-0.02,0.01,0.01,6.00
38782.00,0.11,1.13,0.13,0.00,0.00,-5.02,0.00,0.56,-5.86,0.01,-0.00,0.00,-0.01,0.02,0.00,7.00
38789.00,0.11,1.13,0.15,0.00,0.00,2.87,0.00,0.56,1127.48,0.01,-0.00,0.00,0.01,0.03,-0.02,18.00
38807.00,0.11,1.13,0.10,0.00,0.00,-2.76,0.00,0.56,-312.72,0.01,-0.00,0.00,-0.01,0.00,-0.02,7.00
38819.00,0.11,1.13,0.26,0.00,0.00,13.00,0.00,0.56,1312.94,0.01,-0.00,0.00,-0.02,-0.02,0.01,6.00
38825.00,0.11,1.13,0.14,0.00,0.00,-19.65,0.00,0.56,-5441.79,0.01,-0.00,0.00,0.00,-0.03,0.03,6.00
38831.00,0.11,1.13,0.23,0.00,0.00,15.14,0.00,0.56,5799.82,0.01,-0.00,0.00,0.01,-0.03,0.03,6.00
38837.00,0.11,1.13,0.11,0.00,0.00,-19.57,0.00,0.56,-5785.69,0.01,-0.00,0.00,0.02,-0.01,0.02,5.00
38842.00,0.11,1.13,0.19,0.00,0.00,15.87,0.00,0.56,7087.71,0.01,-0.00,0.00,0.01,-0.00,0.01,8.00
38850.00,0.11,1.13,0.21,0.00,0.00,1.89,0.00,0.56,-1747.52,0.01,-0.00,0.00,-0.00,0.01,-0.01,8.00
38858.00,0.11,1.13,0.25,0.00,0.00,5.15,0.00,0.56,407.93,0.01,-0.00,0.00,-0.01,0.02,-0.03,5.00
38863.00,0.11,1.13,0.13,0.00,0.00,-23.48,0.00,0.56,-5726.33,0.01,-0.00,0.00,-0.01,0.01,-0.03,7.00
38870.00,0.11,1.13,0.20,0.00,0.00,10.00,0.00,0.56,4782.21,0.01,-0.00,0.00,0.00,0.01,-0.03,6.00
38876.00,0.11,1.13,0.16,0.00,0.00,-6.55,0.00,0.56,-2756.76,0.01,-0.00,0.00,0.00,0.01,-0.01,5.00
38886.00,0.11,1.13,0.22,0.00,0.00,5.14,0.00,0.56,1168.78,0.01,-0.00,0.00,0.00,-0.00,0.01,17.00
38903.00,0.11,1.13,0.18,0.00,0.00,-2.29,0.00,0.56,-437.44,0.01,-0.00,0.00,0.00,-0.02,0.02,7.00
38910.00,0.11,1.13,0.19,0.00,0.00,1.52,0.00,0.56,545.46,0.01,-0.00,0.00,0.00,-0.01,0.01,9.00
38919.00,0.11,1.13,0.22,0.00,0.00,4.10,0.00,0.56,285.69,0.01,-0.00,0.00,0.00,0.01,-0.01,6.00
38925.00,0.11,1.13,0.19,0.00,0.00,-4.98,0.00,0.56,-1511.95,0.01,-0.00,0.00,-0.00,0.02,-0.01,5.00
38930.00,0.11,1.13,0.14,0.00,0.00,-11.69,0.00,0.56,-1342.32,0.01,-0.00,0.00,-0.00,0.02,-0.02,6.00
38936.00,0.11,1.13,0.27,0.00,0.00,22.88,0.00,0.56,5761.00,0.01,-0.00,0.00,-0.01,0.02,-0.01,5.00
38941.00,0.11,1.13,0.09,0.00,0.00,-36.78,0.00,0.56,-11931.61,0.01,-0.00,0.00,-0.01,0.02,-0.01,9.00
38950.00,0.11,1.13,0.17,0.00,0.00,8.77,0.00,0.56,5061.47,0.01,-0.00,0.00,0.00,0.00,0.00,8.00
38958.00,0.11,1.13,0.13,0.00,0.00,-4.26,0.00,0.56,-1628.92,0.01,-0.00,0.00,0.00,-0.01,0.01,8.00
38970.00,0.11,1.13,0.10,0.00,0.00,-2.85,0.00,0.56,117.69,0.01,-0.00,0.00,0.00,-0.02,0.01,7.00
38977.00,0.11,1.13,0.20,0.00,0.00,14.04,0.00,0.00,2412.87,0.01,-0.00,0.00,-0.00,0.00,0.01,5.00
38982.00,0.11,1.13,0.10,0.00,0.00,-19.60,0.00,0.00,-6728.87,0.01,-0.00,0.00,-0.00,0.00,0.00,19.00
39001.00,0.11,1.13,0.06,0.00,0.00,-1.88,0.00,0.00,932.78,0.01,-0.00,0.00,0.00,0.02,-0.01,9.00
39010.00,0.11,1.13,0.09,0.00,0.00,3.12,0.00,0.00,555.69,0.01,-0.00,0.00,0.00,0.01,-0.00,7.00
39017.00,0.11,1.13,0.18,0.00,0.00,12.78,0.00,0.00,1379.01,0.01,-0.00,0.00,0.00,-0.00,0.00,5.00
39022.00,0.11,1.13,0.19,0.00,0.00,2.48,0.00,0.00,-2058.83,0.01,-0.00,0.00,0.00,-0.00,0.00,7.00
39029.00,0.11,1.13,0.17,0.00,0.00,-3.54,0.00,0.00,-859.87,0.01,-0.00,0.00,-0.00,-0.01,0.00,7.00
39036.00,0.11,1.13,0.18,0.00,0.00,1.98,0.00,0.00,788.45,0.01,-0.00,0.00,0.00,-0.01,0.01,5.00
39041.00,0.11,1.13,0.22,0.00,0.00,6.71,0.00,0.00,944.65,0.01,-0.00,0.00,0.00,-0.01,0.01,9.00
39059.00,0.11,1.13,0.20,0.00,0.00,-0.69,0.00,0.00,-411.15,0.01,-0.00,0.00,-0.00,0.01,0.00,8.00
39067.00,0.11,1.13,0.17,0.00,0.00,-4.47,0.00,0.00,-472.27,0.01,-0.00,0.00,-0.01,0.02,-0.01,5.00
39072.00,0.11,1.13,0.19,0.00,0.00,4.57,0.00,0.00,1808.31,0.01,-0.00,0.00,-0.00,0.01,-0.00,5.00
39077.00,0.11,1.13,0.24,0.00,0.00,10.14,0.00,0.00,1113.59,0.01,-0.00,0.00,0.00,-0.01,-0.01,5.00
39082.00,0.11,1.13,0.17,0.00,0.00,-15.23,0.00,0.00,-5073.38,0.01,-0.00,0.00,0.01,-0.01,-0.00,19.00
39101.00,0.11,1.13,0.11,0.00,0.00,-3.03,0.00,0.00,641.85,0.01,-0.00,0.00,0.00,-0.01,0.01,9.00
39110.00,0.11,1.13,0.18,0.00,0.00,8.01,0.00,0.00,1227.70,0.01,-0.00,0.00,-0.01,0.01,0.01,7.00
39117.00,0.11,1.13,0.10,0.00,0.00,-10.96,0.00,0.00,-2710.59,0.01,-0.00,0.00,0.00,0.01,0.00,6.00
39123.00,0.11,1.13,0.14,0.00,0.00,5.51,0.00,0.00,2744.09,0.01,-0.00,0.00,0.00,0.01,0.00,6.00
39129.00,0.11,1.13,0.12,0.00,0.00,-2.44,0.00,0.00,-1324.73,0.01,-0.00,0.00,0.01,0.01,-0.00,7.00
39141.00,0.11,1.13,0.17,0.00,0.00,3.87,0.00,0.00,526.15,0.01,-0.00,0.00,-0.01,-0.01,-0.01,9.00
39150.00,0.11,1.13,0.17,0.00,0.00,-0.26,0.00,0.00,-458.80,0.01,-0.00,0.00,-0.01,-0.01,-0.00,7.00
39157.00,0.11,1.13,0.19,0.00,0.00,3.77,0.00,0.00,575.45,0.01,-0.00,0.00,0.01,-0.00,0.01,6.00
39163.00,0.11,1.13,0.17,0.00,0.00,-3.43,0.00,0.00,-1200.38,0.01,-0.00,0.00,0.01,-0.00,0.01,8.00
39171.00,0.11,1.13,0.13,0.00,0.00,-4.78,0.00,0.00,-168.98,0.01,-0.00,0.00,0.01,0.01,0.01,6.00
39177.00,0.11,1.11,0.17,0.00,-0.11,5.30,0.00,-0.57,1680.67,0.01,-0.00,0.00,-0.01,0.01,0.01,5.00
39182.00,0.11,1.11,0.16,0.00,-0.11,-1.80,0.00,-0.57,-1420.50,0.01,-0.00,0.00,-0.01,0.01,0.01,19.00
39201.00,0.11,1.11,0.12,0.00,-0.11,-2.03,0.00,-0.57,-11.88,0.01,-0.00,0.00,0.01,-0.00,-0.01,9.00
39210.00,0.11,1.11,0.15,0.00,-0.11,3.28,0.00,-0.57,589.49,0.01,-0.00,0.00,0.00,-0.01,-0.01,7.00
39217.00,0.11,1.11,0.24,0.00,-0.11,13.16,0.00,-0.57,1412.02,0.01,-0.00,0.00,-0.01,-0.00,0.00,6.00
39227.00,0.11,1.11,0.19,0.00,-0.11,-4.93,0.00,-0.57,-1808.88,0.01,-0.00,0.00,0.00,-0.00,0.01,7.00
39234.00,0.11,1.11,0.22,0.00,-0.11,4.19,0.00,-0.57,1302.40,0.01,-0.00,0.00,0.01,0.00,0.01,7.00
39241.00,0.11,1.11,0.16,0.00,-0.11,-8.05,0.00,-0.57,-1748.36,0.01,-0.00,0.00,0.01,0.01,0.01,8.00
39249.00,0.11,1.11,0.13,0.00,-0.11,-4.59,0.00,-0.57,432.14,0.01,-0.00,0.00,0.00,0.00,-0.00,4.00
39253.00,0.11,1.11,0.11,0.00,-0.11,-3.22,0.00,-0.57,343.40,0.01,-0.00,0.00,-0.00,0.01,-0.01,8.00
39261.00,0.11,1.11,0.22,0.00,-0.11,13.46,0.00,-0.57,2084.67,0.01,-0.00,0.00,-0.01,0.00,-0.01,8.00
39269.00,0.11,1.11,0.15,0.00,-0.11,-8.96,0.00,-0.57,-2801.72,0.01,-0.00,0.00,-0.00,-0.01,-0.01,7.00
39276.00,0.11,1.11,0.19,0.00,-0.11,5.27,0.00,-0.57,2032.60,0.01,-0.00,0.00,0.00,-0.01,-0.00,6.00
39282.00,0.11,1.11,0.11,0.00,-0.11,-12.30,0.00,-0.57,-2928.94,0.01,-0.00,0.00,0.01,-0.01,0.00,18.00
39300.00,0.11,1.11,0.16,0.00,-0.11,2.74,0.00,-0.57,835.67,0.01,-0.00,0.00,-0.00,0.01,0.01,8.00
39313.00,0.11,1.11,0.27,0.00,-0.11,8.24,0.00,-0.57,423.21,0.01,-0.00,0.00,0.00,0.00,0.00,9.00
39322.00,0.11,1.11,0.27,0.00,-0.11,0.08,0.00,-0.57,-907.03,0.01,-0.00,0.00,0.00,0.00,-0.01,5.00
39327.00,0.11,1.11,0.23,0.00,-0.11,-8.75,0.00,-0.57,-1766.52,0.01,-0.00,0.00,-0.00,0.01,-0.01,6.00
39333.00,0.11,1.11,0.15,0.00,-0.11,-13.16,0.00,-0.57,-735.07,0.01,-0.00,0.00,-0.00,0.01,-0.01,8.00
39341.00,0.11,1.11,0.11,0.00,-0.11,-4.80,0.00,-0.57,1045.31,0.01,-0.00,0.00,0.00,0.00,-0.00,7.00
39348.00,0.11,1.11,0.27,0.00,-0.11,23.04,0.00,-0.57,3977.12,0.01,-0.00,0.00,0.00,-0.00,0.01,5.00
39353.00,0.11,1.11,0.12,0.00,-0.11,-30.34,0.00,-0.57,-10675.05,0.01,-0.00,0.00,0.00,-0.00,0.01,8.00
39361.00,0.11,1.11,0.24,0.00,-0.11,15.32,0.00,-0.57,5706.55,0.01,-0.00,0.00,0.00,-0.00,0.01,8.00
39369.00,0.11,1.11,0.23,0.00,-0.11,-0.90,0.00,-0.57,-2026.97,0.01,-0.00,0.00,0.00,0.01,0.01,6.00
39375.00,0.11,1.11,0.23,0.00,-0.11,-0.94,0.00,-0.57,-6.41,0.01,-0.00,0.00,0.00,0.01,0.00,6.00
39386.00,0.10,1.09,0.24,-0.05,-0.07,1.02,-0.25,0.22,177.96,0.01,-0.00,0.00,-0.00,0.00,-0.01,17.00
39403.00,0.10,1.09,0.30,-0.05,-0.07,3.50,-0.25,0.22,145.63,0.01,-0.00,0.00,-0.00,-0.00,-0.00,8.00
39411.00,0.10,1.09,0.24,-0.05,-0.07,-7.16,-0.25,0.22,-1332.37,0.01,-0.00,0.00,0.01,-0.01,0.00,7.00
39418.00,0.10,1.09,0.28,-0.05,-0.07,5.16,-0.25,0.22,1760.90,0.01,-0.00,0.00,0.00,-0.01,0.01,6.00
39424.00,0.10,1.09,0.13,-0.05,-0.07,-24.15,-0.25,0.22,-4885.54,0.01,-0.00,0.00,0.00,-0.01,0.01,6.00
39430.00,0.10,1.09,0.22,-0.05,-0.07,14.17,-0.25,0.22,6387.31,0.01,-0.00,0.00,0.00,-0.00,0.00,7.00
39437.00,0.10,1.09,0.10,-0.05,-0.07,-16.65,-0.25,0.22,-4403.12,0.01,-0.00,0.00,0.00,0.00,0.00,6.00
39443.00,0.10,1.09,0.17,-0.05,-0.07,10.77,-0.25,0.22,4569.73,0.01,-0.00,0.00,0.00,0.00,0.00,8.00
39451.00,0.10,1.09,0.21,-0.05,-0.07,4.90,-0.25,0.22,-733.88,0.01,-0.00,0.00,0.00,0.00,-0.01,7.00
39458.00,0.10,1.09,0.18,-0.05,-0.07,-3.65,-0.25,0.22,-1221.18,0.01,-0.00,0.00,-0.00,0.01,-0.01,6.00
39469.00,0.10,1.09,0.08,-0.05,-0.07,-8.85,-0.25,0.22,-472.35,0.01,-0.00,0.00,-0.00,0.00,-0.00,7.00
39476.00,0.10,1.09,0.18,-0.05,-0.07,14.56,-0.25,0.22,3344.04,0.01,-0.00,0.00,0.00,-0.00,-0.00,6.00
39482.00,0.10,1.09,0.16,-0.05,-0.07,-4.76,-0.25,0.22,-3220.79,0.01,-0.00,0.00,0.00,-0.00,0.00,18.00
39500.00,0.10,1.09,0.16,-0.05,-0.07,0.27,-0.25,0.22,279.64,0.01,-0.00,0.00,-0.00,0.00,0.01,7.00
39507.00,0.10,1.09,0.30,-0.05,-0.07,20.09,-0.25,0.22,2831.22,0.01,-0.00,0.00,-0.00,0.00,0.00,6.00
39513.00,0.10,1.09,0.20,-0.05,-0.07,-17.12,-0.25,0.22,-6202.11,0.01,-0.00,0.00,-0.00,0.01,0.00,9.00
39522.00,0.10,1.09,0.19,-0.05,-0.07,-0.39,-0.25,0.22,1859.68,0.01,-0.00,0.00,0.00,0.01,-0.01,5.00
39527.00,0.10,1.09,0.21,-0.05,-0.07,2.86,-0.25,0.22,649.09,0.01,-0.00,0.00,0.00,0.00,-0.01,6.00
39533.00,0.10,1.09,0.17,-0.05,-0.07,-6.60,-0.25,0.22,-1576.14,0.01,-0.00,0.00,0.00,-0.00,-0.01,8.00
39541.00,0.10,1.09,0.16,-0.05,-0.07,-0.68,-0.25,0.22,739.09,0.01,-0.00,0.00,-0.00,-0.00,-0.01,7.00
39553.00,0.10,1.09,0.29,-0.05,-0.07,10.07,-0.25,0.22,896.19,0.01,-0.00,0.00,-0.00,0.00,0.01,9.00
39562.00,0.10,1.09,0.17,-0.05,-0.07,-12.93,-0.25,0.22,-2555.14,0.01,-0.00,0.00,0.00,-0.00,0.01,9.00
39571.00,0.10,1.09,0.26,-0.05,-0.07,10.56,-0.25,0.22,2609.15,0.01,-0.00,0.00,0.01,-0.00,0.01,6.00
39577.00,0.10,1.09,0.21,-0.05,-0.07,-8.76,-0.25,0.22,-3219.86,0.01,-0.00,0.00,-0.00,0.00,0.00,6.00
39583.00,0.10,1.09,0.16,-0.05,-0.07,-8.88,-0.25,0.22,-20.33,0.01,-0.00,0.00,-0.00,0.00,-0.00,18.00
39601.00,0.10,1.08,0.27,0.00,-0.07,6.48,0.25,-0.01,853.56,0.01,-0.00,0.00,0.00,-0.00,-0.01,7.00
39608.00,0.10,1.08,0.17,0.00,-0.07,-14.66,0.25,-0.01,-3019.37,0.01,-0.00,0.00,0.00,-0.00,-0.00,5.00
39613.00,0.10,1.08,0.22,0.00,-0.07,9.53,0.25,-0.01,4836.66,0.01,-0.00,0.00,0.00,-0.00,-0.00,9.00
39622.00,0.10,1.08,0.22,0.00,-0.07,0.16,0.25,-0.01,-1041.15,0.01,-0.00,0.00,-0.00,0.00,0.01,5.00
39627.00,0.10,1.08,0.20,0.00,-0.07,-4.71,0.25,-0.01,-973.88,0.01,-0.00,0.00,-0.00,0.00,0.01,7.00
39639.00,0.10,1.08,0.20,0.00,-0.07,0.03,0.25,-0.01,395.08,0.01,-0.00,0.00,0.00,0.00,0.01,6.00
39645.00,0.10,1.08,0.22,0.00,-0.07,3.59,0.25,-0.01,592.84,0.01,-0.00,0.00,0.00,0.00,0.00,7.00
39652.00,0.10,1.08,0.15,0.00,-0.07,-9.65,0.25,-0.01,-1891.40,0.01,-0.00,0.00,0.00,0.00,-0.01,9.00
39661.00,0.10,1.08,0.22,0.00,-0.07,7.09,0.25,-0.01,1860.43,0.01,-0.00,0.00,-0.00,0.00,-0.01,5.00
39666.00,0.10,1.08,0.22,0.00,-0.07,0.04,0.25,-0.01,-1409.20,0.01,-0.00,0.00,-0.00,0.00,-0.01,7.00
39673.00,0.10,1.08,0.24,0.00,-0.07,2.79,0.25,-0.01,392.14,0.01,-0.00,0.00,-0.00,-0.00,-0.01,5.00
39678.00,0.10,1.08,0.27,0.00,-0.07,6.24,0.25,-0.01,690.43,0.01,-0.00,0.00,0.01,0.00,0.00,16.00
39694.00,0.10,1.08,0.24,0.00,-0.07,-1.88,0.25,-0.01,-507.42,0.01,-0.00,0.00,0.00,0.00,0.01,8.00
39702.00,0.10,1.08,0.14,0.00,-0.07,-12.57,0.25,-0.01,-1335.82,0.01,-0.00,0.00,-0.00,-0.00,0.01,8.00
39710.00,0.10,1.08,0.15,0.00,-0.07,2.40,0.25,-0.01,1870.80,0.01,-0.00,0.00,0.00,-0.00,0.00,6.00
39720.00,0.10,1.08,0.19,0.00,-0.07,3.63,0.25,-0.01,123.26,0.01,-0.00,0.00,0.00,-0.00,-0.01,6.00
39726.00,0.10,1.08,0.19,0.00,-0.07,-0.99,0.25,-0.01,-770.36,0.01,-0.00,0.00,0.00,0.00,-0.01,8.00
39734.00,0.10,1.08,0.23,0.00,-0.07,5.10,0.25,-0.01,760.89,0.01,-0.00,0.00,0.00,0.01,-0.01,8.00
39742.00,0.10,1.08,0.09,0.00,-0.07,-16.81,0.25,-0.01,-2738.98,0.01,-0.00,0.00,0.00,0.01,-0.00,7.00
39749.00,0.10,1.08,0.21,0.00,-0.07,16.97,0.25,-0.01,4825.63,0.01,-0.00,0.00,0.00,0.00,0.00,5.00
39754.00,0.10,1.08,0.16,0.00,-0.07,-10.75,0.25,-0.01,-5543.21,0.01,-0.00,0.00,0.00,0.00,0.00,9.00
39763.00,0.10,1.08,0.15,0.00,-0.07,-1.07,0.25,-0.01,1075.16,0.01,-0.00,0.00,0.00,-0.00,0.01,7.00
39770.00,0.10,1.08,0.14,0.00,-0.07,-1.59,0.25,-0.01,-73.18,0.01,-0.00,0.00,0.00,-0.01,0.01,6.00
39776.00,0.10,1.08,0.18,0.00,-0.07,7.94,0.25,-0.01,1588.37,0.01,-0.00,0.00,0.00,-0.01,0.01,6.00
39782.00,0.10,1.08,0.18,0.00,-0.07,-0.81,0.25,-0.01,-1458.90,0.01,-0.00,0.00,0.00,-0.00,0.00,18.00
39810.00,0.10,1.08,0.17,0.00,0.00,-0.31,0.00,0.34,17.70,0.01,-0.00,0.00,0.00,0.01,-0.00,6.00
39816.00,0.10,1.08,0.10,0.00,0.00,-11.77,0.00,0.34,-1908.86,0.01,-0.00,0.00,0.00,0.00,-0.00,7.00
39823.00,0.10,1.08,0.23,0.00,0.00,18.75,0.00,0.34,4358.92,0.01,-0.00,0.00,-0.00,-0.00,0.00,6.00
39829.00,0.10,1.08,0.09,0.00,0.00,-24.23,0.00,0.34,-7162.55,0.01,-0.00,0.00,-0.00,-0.00,0.01,5.00
39834.00,0.10,1.08,0.08,0.00,0.00,-0.11,0.00,0.34,4822.94,0.01,-0.00,0.00,-0.00,-0.00,0.01,9.00
39843.00,0.10,1.08,0.18,0.00,0.00,10.46,0.00,0.34,1174.73,0.01,-0.00,0.00,0.00,-0.01,0.01,7.00
39850.00,0.10,1.08,0.20,0.00,0.00,2.92,0.00,0.34,-1077.47,0.01,-0.00,0.00,0.00,-0.00,0.00,6.00
39856.00,0.10,1.08,0.16,0.00,0.00,-6.62,0.00,0.34,-1589.44,0.01,-0.00,0.00,0.00,-0.00,-0.00,7.00
39863.00,0.10,1.08,0.29,0.00,0.00,18.68,0.00,0.34,3614.41,0.01,-0.00,0.00,0.00,0.01,-0.00,8.00
39871.00,0.10,1.08,0.20,0.00,0.00,-11.23,0.00,0.34,-3738.47,0.01,-0.00,0.00,-0.01,0.00,-0.01,5.00
39881.00,0.10,1.08,0.16,0.00,0.00,-4.46,0.00,0.34,676.70,0.01,-0.00,0.00,-0.00,0.00,-0.00,17.00
39898.00,0.10,1.08,0.19,0.00,0.00,2.22,0.00,0.34,393.12,0.01,-0.00,0.00,0.00,-0.01,0.01,7.00
39905.00,0.10,1.08,0.18,0.00,0.00,-2.64,0.00,0.34,-694.58,0.01,-0.00,0.00,0.00,-0.01,0.01,8.00
39913.00,0.10,1.08,0.15,0.00,0.00,-3.06,0.00,0.34,-53.09,0.01,-0.00,0.00,-0.00,-0.00,0.00,7.00
39920.00,0.10,1.08,0.18,0.00,0.00,3.81,0.00,0.34,981.32,0.01,-0.00,0.00,0.00,0.00,-0.00,5.00
39925.00,0.10,1.08,0.18,0.00,0.00,1.24,0.00,0.34,-513.42,0.01,-0.00,0.00,0.00,0.00,-0.00,7.00
39932.00,0.10,1.08,0.18,0.00,0.00,-0.89,0.00,0.34,-303.75,0.01,-0.00,0.00,0.00,0.00,-0.00,6.00
39938.00,0.10,1.08,0.26,0.00,0.00,13.00,0.00,0.34,2314.09,0.01,-0.00,0.00,0.00,0.00,-0.00,7.00
39945.00,0.10,1.08,0.16,0.00,0.00,-13.18,0.00,0.34,-3739.06,0.01,-0.00,0.00,-0.00,0.00,-0.00,8.00
39953.00,0.10,1.08,0.21,0.00,0.00,5.61,0.00,0.34,2348.71,0.01,-0.00,0.00,-0.00,0.00,-0.00,7.00
39965.00,0.10,1.08,0.28,0.00,0.00,6.24,0.00,0.34,52.37,0.01,-0.00,0.00,0.00,-0.00,0.00,9.00
39974.00,0.10,1.08,0.26,0.00,0.00,-2.62,0.00,0.34,-984.72,0.01,-0.00,0.00,0.00,-0.00,0.01,6.00
39980.00,0.10,1.08,0.25,0.00,0.00,-1.06,0.00,0.34,259.77,0.01,-0.00,0.00,-0.00,-0.00,0.01,15.00
39995.00,0.10,1.08,0.17,0.00,0.00,-5.51,0.00,0.34,-296.69,0.01,-0.00,0.00,-0.00,0.00,-0.00,7.00
40002.00,0.10,1.08,0.21,0.00,0.00,5.25,0.00,0.34,1537.36,0.01,-0.00,0.00,0.00,0.01,-0.01,6.00
40008.00,0.10,1.08,0.19,0.00,0.00,-2.96,0.00,0.34,-1368.45,0.01,-0.00,0.00,0.00,0.01,-0.00,7.00
40015.00,0.11,1.08,0.19,0.05,-0.00,-0.50,0.26,-0.02,352.21,0.01,-0.00,0.00,-0.00,0.00,0.00,8.00
40023.00,0.11,1.08,0.13,0.05,-0.00,-6.98,0.26,-0.02,-810.37,0.01,-0.00,0.00,-0.00,-0.00,0.00,6.00
40029.00,0.11,1.08,0.19,0.05,-0.00,9.68,0.26,-0.02,2775.82,0.01,-0.00,0.00,-0.00,-0.00,0.01,6.00
40035.00,0.11,1.08,0.12,0.05,-0.00,-10.55,0.26,-0.02,-3371.55,0.01,-0.00,0.00,-0.00,-0.00,0.01,8.00
40048.00,0.11,1.08,0.11,0.05,-0.00,-0.98,0.26,-0.02,736.42,0.01,-0.00,0.00,0.00,0.00,0.00,5.00
40053.00,0.11,1.08,0.27,0.05,-0.00,30.72,0.26,-0.02,6340.24,0.01,-0.00,0.00,0.00,0.00,-0.00,6.00
40059.00,0.11,1.08,0.16,0.05,-0.00,-17.74,0.26,-0.02,-8076.50,0.01,-0.00,0.00,-0.00,0.00,-0.00,6.00
40065.00,0.11,1.08,0.18,0.05,-0.00,3.61,0.26,-0.02,3558.87,0.01,-0.00,0.00,-0.00,0.00,-0.00,9.00
40074.00,0.11,1.08,0.22,0.05,-0.00,4.67,0.26,-0.02,117.72,0.01,-0.00,0.00,-0.00,0.00,0.00,5.00
40079.00,0.11,1.08,0.17,0.05,-0.00,-10.15,0.26,-0.02,-2964.71,0.01,-0.00,0.00,0.00,0.00,0.00,16.00
40095.00,0.11,1.08,0.25,0.05,-0.00,4.75,0.26,-0.02,930.93,0.01,-0.00,0.00,0.00,0.00,0.00,9.00
40104.00,0.11,1.08,0.17,0.05,-0.00,-8.99,0.26,-0.02,-1525.84,0.01,-0.00,0.00,-0.00,-0.00,0.00,8.00
40112.00,0.11,1.08,0.12,0.05,-0.00,-5.54,0.26,-0.02,430.76,0.01,-0.00,0.00,0.00,0.00,0.00,7.00
40119.00,0.11,1.08,0.20,0.05,-0.00,10.94,0.26,-0.02,2354.38,0.01,-0.00,0.00,0.00,0.00,-0.00,6.00
40130.00,0.11,1.08,0.25,0.05,-0.00,4.17,0.26,-0.02,-615.57,0.01,-0.00,0.00,0.00,0.01,-0.00,6.00
40136.00,0.11,1.08,0.21,0.05,-0.00,-6.17,0.26,-0.02,-1722.76,0.01,-0.00,0.00,0.00,0.01,-0.00,8.00
40144.00,0.11,1.08,0.18,0.05,-0.00,-3.86,0.26,-0.02,288.86,0.01,-0.00,0.00,-0.00,0.01,-0.00,8.00
40152.00,0.11,1.08,0.23,0.05,-0.00,6.74,0.26,-0.02,1324.60,0.01,-0.00,0.00,0.00,0.00,-0.00,6.00
40158.00,0.11,1.08,0.27,0.05,-0.00,6.95,0.26,-0.02,35.33,0.01,-0.00,0.00,0.00,0.00,-0.00,7.00
40165.00,0.11,1.08,0.18,0.05,-0.00,-12.83,0.26,-0.02,-2826.63,0.01,-0.00,0.00,0.00,0.00,0.00,8.00
40173.00,0.11,1.08,0.16,0.05,-0.00,-2.81,0.26,-0.02,1252.62,0.01,-0.00,0.00,-0.00,-0.00,0.00,6.00
40179.00,0.11,1.08,0.25,0.05,-0.00,15.54,0.26,-0.02,3058.57,0.01,-0.00,0.00,-0.00,0.00,0.00,6.00
40185.00,0.11,1.08,0.23,0.05,-0.00,-4.43,0.26,-0.02,-3327.71,0.01,-0.00,0.00,-0.00,0.00,-0.00,18.00
40203.00,0.11,1.08,0.22,0.05,-0.00,-0.38,0.26,-0.02,225.07,0.01,-0.00,0.00,0.00,0.00,0.00,8.00
40216.00,0.10,1.09,0.28,-0.06,0.04,4.76,-0.55,0.23,394.92,0.01,-0.00,0.00,-0.00,0.00,-0.00,9.00
40225.00,0.10,1.09,0.19,-0.06,0.04,-9.76,-0.55,0.23,-1612.85,0.01,-0.00,0.00,-0.00,-0.01,0.00,5.00
40230.00,0.10,1.09,0.20,-0.06,0.04,1.54,-0.55,0.23,2260.73,0.01,-0.00,0.00,0.00,0.00,0.00,6.00
40236.00,0.10,1.09,0.20,-0.06,0.04,0.05,-0.55,0.23,-249.22,0.01,-0.00,0.00,0.00,0.00,0.00,8.00
40244.00,0.10,1.09,0.17,-0.06,0.04,-3.97,-0.55,0.23,-501.79,0.01,-0.00,0.00,0.00,-0.01,0.00,8.00
40252.00,0.10,1.09,0.25,-0.06,0.04,10.38,-0.55,0.23,1793.74,0.01,-0.00,0.00,0.00,-0.00,0.00,5.00
40257.00,0.10,1.09,0.26,-0.06,0.04,1.86,-0.55,0.23,-1704.48,0.01,-0.00,0.00,0.00,-0.00,0.00,8.00
40265.00,0.10,1.09,0.22,-0.06,0.04,-4.89,-0.55,0.23,-844.39,0.01,-0.00,0.00,0.00,0.00,0.00,8.00
40273.00,0.10,1.09,0.22,-0.06,0.04,0.13,-0.55,0.23,627.46,0.01,-0.00,0.00,-0.00,-0.00,0.00,6.00
40279.00,0.10,1.09,0.16,-0.06,0.04,-11.50,-0.55,0.23,-1937.73,0.01,-0.00,0.00,-0.00,0.00,0.00,6.00
40290.00,0.10,1.09,0.16,-0.06,0.04,0.48,-0.55,0.23,1089.19,0.01,-0.00,0.00,-0.00,-0.00,0.00,16.00
40306.00,0.10,1.09,0.21,-0.06,0.04,2.92,-0.55,0.23,152.60,0.01,-0.00,0.00,0.00,0.00,-0.00,9.00
40315.00,0.10,1.09,0.22,-0.06,0.04,0.83,-0.55,0.23,-232.63,0.01,-0.00,0.00,0.00,0.00,0.00,9.00
40324.00,0.10,1.09,0.25,-0.06,0.04,4.36,-0.55,0.23,392.40,0.01,-0.00,0.00,0.00,0.01,-0.00,5.00
40329.00,0.10,1.09,0.24,-0.06,0.04,-3.13,-0.55,0.23,-1497.72,0.01,-0.00,0.00,0.00,0.00,-0.00,6.00
40335.00,0.10,1.09,0.30,-0.06,0.04,10.33,-0.55,0.23,2242.77,0.01,-0.00,0.00,0.00,0.00,0.00,9.00
40344.00,0.10,1.09,0.26,-0.06,0.04,-4.89,-0.55,0.23,-1691.19,0.01,-0.00,0.00,0.00,0.00,0.00,8.00
40352.00,0.10,1.09,0.25,-0.06,0.04,-0.56,-0.55,0.23,541.23,0.01,-0.00,0.00,-0.00,0.00,0.00,5.00
40357.00,0.10,1.09,0.22,-0.06,0.04,-6.09,-0.55,0.23,-1105.21,0.01,-0.00,0.00,0.00,0.00,0.00,7.00
40364.00,0.10,1.09,0.20,-0.06,0.04,-2.66,-0.55,0.23,489.54,0.01,-0.00,0.00,0.00,0.00,-0.00,9.00
40378.00,0.10,1.09,0.24,-0.06,0.04,2.84,-0.55,0.23,392.84,0.01,-0.00,0.00,-0.00,0.00,-0.00,17.00
40395.00,0.10,1.09,0.24,-0.06,0.04,-0.12,-0.55,0.23,-174.25,0.01,-0.00,0.00,-0.00,-0.00,-0.00,9.00
40404.00,0.10,1.09,0.24,-0.06,0.04,-0.36,-0.55,0.23,-26.45,0.01,-0.00,0.00,0.00,0.00,-0.00,8.00
40412.00,0.10,1.09,0.13,-0.06,0.04,-13.22,-0.55,0.23,-1607.11,0.01,-0.00,0.00,0.00,0.00,0.00,5.00
40417.00,0.10,1.09,0.27,0.00,0.04,28.47,0.28,-0.02,8337.47,0.01,-0.00,0.00,0.00,0.00,0.00,8.00
40425.00,0.10,1.09,0.18,0.00,0.04,-12.20,0.28,-0.02,-5083.56,0.01,-0.00,0.00,0.00,0.00,0.00,6.00
40431.00,0.10,1.09,0.13,0.00,0.04,-7.46,0.28,-0.02,790.73,0.01,-0.00,0.00,-0.00,-0.00,0.00,5.00
40436.00,0.10,1.09,0.19,0.00,0.04,11.74,0.28,-0.02,3839.35,0.01,-0.00,0.00,-0.00,-0.00,0.00,9.00
40445.00,0.10,1.09,0.21,0.00,0.04,2.43,0.28,-0.02,-1034.90,0.01,-0.00,0.00,0.00,-0.00,-0.00,9.00
40454.00,0.10,1.09,0.26,0.00,0.04,5.50,0.28,-0.02,341.63,0.01,-0.00,0.00,0.00,-0.00,-0.00,6.00
40470.00,0.10,1.09,0.28,0.00,0.04,1.24,0.28,-0.02,-266.17,0.01,-0.00,0.00,-0.00,-0.00,0.00,7.00
40477.00,0.10,1.09,0.21,0.00,0.04,-10.68,0.28,-0.02,-1703.64,0.01,-0.00,0.00,-0.00,-0.00,0.00,7.00
40484.00,0.10,1.09,0.29,0.00,0.04,11.15,0.28,-0.02,3119.11,0.01,-0.00,0.00,0.00,-0.00,0.00,17.00
40501.00,0.10,1.09,0.21,0.00,0.04,-4.61,0.28,-0.02,-926.95,0.01,-0.00,0.00,-0.00,0.00,0.00,6.00
40507.00,0.10,1.09,0.18,0.00,0.04,-4.20,0.28,-0.02,68.35,0.01,-0.00,0.00,-0.00,0.00,-0.00,8.00
40515.00,0.10,1.09,0.25,0.00,0.04,8.37,0.28,-0.02,1570.62,0.01,-0.00,0.00,0.00,0.00,-0.00,8.00
40523.00,0.10,1.09,0.23,0.00,0.04,-2.95,0.28,-0.02,-1415.07,0.01,-0.00,0.00,0.00,-0.00,-0.00,5.00
40528.00,0.10,1.09,0.21,0.00,0.04,-3.98,0.28,-0.02,-206.33,0.01,-0.00,0.00,0.00,-0.00,0.00,8.00
40536.00,0.10,1.09,0.27,0.00,0.04,7.89,0.28,-0.02,1484.65,0.01,-0.00,0.00,-0.00,-0.00,0.00,8.00
40544.00,0.10,1.09,0.29,0.00,0.04,2.38,0.28,-0.02,-688.95,0.01,-0.00,0.00,0.00,-0.00,0.00,7.00
40556.00,0.10,1.09,0.26,0.00,0.04,-2.44,0.28,-0.02,-401.42,0.01,-0.00,0.01,0.00,-0.00,0.00,10.00
40566.00,0.10,1.09,0.19,0.00,0.04,-6.46,0.28,-0.02,-402.48,0.01,-0.00,0.01,0.00,0.00,0.00,8.00
40574.00,0.10,1.09,0.27,0.00,0.04,9.04,0.28,-0.02,1937.02,0.01,-0.00,0.01,0.00,-0.00,0.00,6.00
40580.00,0.10,1.09,0.22,0.00,0.04,-6.96,0.28,-0.02,-2666.42,0.01,-0.00,0.01,-0.00,-0.00,-0.00,6.00
40586.00,0.10,1.09,0.21,0.00,0.04,-2.25,0.28,-0.02,784.72,0.01,-0.00,0.01,-0.00,-0.00,-0.00,19.00
40605.00,0.10,1.09,0.34,0.00,0.04,6.94,0.28,-0.02,483.97,0.01,-0.00,0.01,0.00,-0.00,0.00,9.00
40614.00,0.10,1.09,0.25,0.00,0.04,-10.62,0.28,-0.02,-1951.12,0.01,-0.00,0.01,-0.00,-0.00,0.00,7.00
40621.00,0.10,1.09,0.25,0.00,0.00,0.56,0.00,-0.19,1596.71,0.01,-0.00,0.01,-0.00,-0.01,0.00,6.00
40627.00,0.10,1.09,0.25,0.00,0.00,-0.27,0.00,-0.19,-137.75,0.01,-0.00,0.01,0.00,-0.01,0.00,6.00
40633.00,0.10,1.09,0.25,0.00,0.00,0.12,0.00,-0.19,64.78,0.01,-0.00,0.01,0.00,0.00,-0.00,6.00
40644.00,0.10,1.09,0.37,0.00,0.00,10.90,0.00,-0.19,980.25,0.01,-0.00,0.01,0.00,0.01,-0.00,7.00
40651.00,0.10,1.09,0.20,0.00,0.00,-24.68,0.00,-0.19,-5083.46,0.01,-0.00,0.01,-0.00,-0.00,-0.00,6.00
40657.00,0.10,1.09,0.26,0.00,0.00,9.77,0.00,-0.19,5741.14,0.01,-0.00,0.01,-0.00,-0.00,-0.00,9.00
40666.00,0.10,1.09,0.27,0.00,0.00,1.37,0.00,-0.19,-933.05,0.01,-0.00,0.01,0.00,-0.00,0.00,8.00
40674.00,0.10,1.09,0.23,0.00,0.00,-4.84,0.00,-0.19,-776.54,0.01,-0.00,0.01,0.00,-0.00,0.00,5.00
40679.00,0.10,1.09,0.30,0.00,0.00,13.89,0.00,-0.19,3746.33,0.01,-0.00,0.01,0.00,-0.00,0.00,7.00
40686.00,0.10,1.09,0.25,0.00,0.00,-6.26,0.00,-0.19,-2878.38,0.01,-0.00,0.01,0.00,-0.00,0.00,19.00
40705.00,0.10,1.09,0.23,0.00,0.00,-1.26,0.00,-0.19,263.05,0.01,-0.00,0.01,-0.00,0.00,-0.00,9.00
40714.00,0.10,1.09,0.21,0.00,0.00,-2.68,0.00,-0.19,-157.75,0.01,-0.00,0.01,-0.00,0.00,-0.00,4.00
40718.00,0.10,1.09,0.25,0.00,0.00,10.14,0.00,-0.19,3205.87,0.01,-0.00,0.01,-0.00,-0.00,-0.00,8.00
40731.00,0.10,1.09,0.22,0.00,0.00,-2.01,0.00,-0.19,-934.74,0.01,-0.00,0.01,0.00,-0.00,0.00,7.00
40738.00,0.10,1.09,0.17,0.00,0.00,-6.88,0.00,-0.19,-694.86,0.01,-0.00,0.01,0.00,-0.00,0.00,8.00
40746.00,0.10,1.09,0.21,0.00,0.00,4.42,0.00,-0.19,1412.24,0.01,-0.00,0.01,0.00,0.00,0.00,8.00
40754.00,0.10,1.09,0.24,0.00,0.00,4.28,0.00,-0.19,-17.73,0.01,-0.00,0.01,0.00,0.00,0.00,6.00
40760.00,0.10,1.09,0.17,0.00,0.00,-12.40,0.00,-0.19,-2780.28,0.01,-0.00,0.01,-0.00,0.00,0.00,7.00
40767.00,0.10,1.09,0.18,0.00,0.00,2.24,0.00,-0.19,2090.84,0.01,-0.00,0.01,-0.00,0.00,-0.00,8.00
40775.00,0.10,1.09,0.27,0.00,0.00,10.51,0.00,-0.19,1034.87,0.01,-0.00,0.01,-0.00,0.00,-0.00,6.00
40781.00,0.10,1.09,0.24,0.00,0.00,-4.80,0.00,-0.19,-2551.53,0.01,-0.00,0.01,0.00,0.00,-0.00,6.00
40787.00,0.10,1.09,0.24,0.00,0.00,0.86,0.00,-0.19,942.14,0.01,-0.00,0.01,0.00,0.00,-0.00,18.00
40805.00,0.10,1.09,0.20,0.00,0.00,-2.30,0.00,-0.19,-175.50,0.01,-0.00,0.01,0.00,0.00,-0.00,8.00
40818.00,0.10,1.09,0.19,0.00,0.00,-0.88,0.00,-0.19,109.14,0.01,-0.00,0.01,0.00,0.00,0.00,9.00
40827.00,0.10,1.10,0.19,0.00,0.04,-0.55,0.00,0.18,37.06,0.01,-0.00,0.01,0.00,-0.00,0.00,6.00
40833.00,0.10,1.10,0.19,0.00,0.04,0.47,0.00,0.18,169.91,0.01,-0.00,0.01,0.00,0.00,0.00,6.00
40839.00,0.10,1.10,0.23,0.00,0.04,7.17,0.00,0.18,1117.34,0.01,-0.00,0.01,0.00,0.00,0.00,7.00
40846.00,0.10,1.10,0.23,0.00,0.04,-0.62,0.00,0.18,-1112.82,0.01,-0.00,0.01,0.00,0.00,-0.00,9.00
40855.00,0.10,1.10,0.24,0.00,0.04,1.73,0.00,0.18,260.82,0.01,-0.00,0.01,0.00,0.00,-0.00,7.00
40862.00,0.10,1.10,0.27,0.00,0.04,3.68,0.00,0.18,277.85,0.01,-0.00,0.01,-0.00,-0.00,-0.00,6.00
40868.00,0.10,1.10,0.31,0.00,0.04,6.88,0.00,0.18,534.56,0.01,-0.00,0.01,-0.00,-0.00,-0.00,8.00
40876.00,0.10,1.10,0.29,0.00,0.04,-2.91,0.00,0.18,-1223.79,0.01,-0.00,0.01,-0.00,0.00,0.00,6.00
40882.00,0.10,1.10,0.26,0.00,0.04,-5.18,0.00,0.18,-379.70,0.01,-0.00,0.01,0.00,-0.00,0.00,6.00
40892.00,0.10,1.10,0.24,0.00,0.04,-1.45,0.00,0.18,373.11,0.01,-0.00,0.01,0.00,-0.00,0.00,17.00
40909.00,0.10,1.10,0.26,0.00,0.04,1.19,0.00,0.18,155.65,0.01,-0.00,0.01,0.00,-0.00,-0.00,8.00
40917.00,0.10,1.10,0.25,0.00,0.04,-2.00,0.00,0.18,-399.47,0.01,-0.00,0.01,0.00,-0.00,0.00,8.00
40925.00,0.10,1.10,0.29,0.00,0.04,5.47,0.00,0.18,934.26,0.01,-0.00,0.01,-0.00,0.00,-0.00,6.00
40931.00,0.10,1.10,0.24,0.00,0.04,-8.35,0.00,0.18,-2303.59,0.01,-0.00,0.01,0.00,0.00,-0.00,6.00
40937.00,0.10,1.10,0.22,0.00,0.04,-3.09,0.00,0.18,877.26,0.01,-0.00,0.01,0.00,0.00,-0.00,9.00
40946.00,0.10,1.10,0.25,0.00,0.04,3.04,0.00,0.18,680.87,0.01,-0.00,0.01,-0.00,-0.00,0.00,7.00
40953.00,0.10,1.10,0.32,0.00,0.04,10.19,0.00,0.18,1021.77,0.01,-0.00,0.01,0.00,0.00,0.00,6.00
40959.00,0.10,1.10,0.16,0.00,0.04,-26.77,0.00,0.18,-6161.20,0.01,-0.00,0.01,0.00,0.00,0.00,7.00
40966.00,0.10,1.10,0.23,0.00,0.04,9.97,0.00,0.18,5248.38,0.01,-0.00,0.01,0.00,0.00,0.00,10.00
40981.00,0.10,1.10,0.20,0.00,0.04,-2.03,0.00,0.18,-799.56,0.01,-0.00,0.01,0.00,0.00,-0.00,17.00
40998.00,0.10,1.10,0.22,0.00,0.04,1.50,0.00,0.18,207.28,0.01,-0.00,0.01,0.00,0.00,-0.00,9.00
41007.00,0.10,1.10,0.28,0.00,0.04,5.99,0.00,0.18,499.45,0.01,-0.00,0.01,0.00,0.00,-0.00,8.00
41015.00,0.10,1.10,0.22,0.00,0.04,-7.30,0.00,0.18,-1661.04,0.01,-0.00,0.01,-0.00,0.00,0.00,6.00
41021.00,0.10,1.10,0.26,0.00,0.04,7.29,0.00,0.18,2430.51,0.01,-0.00,0.01,-0.00,-0.00,0.00,7.00
41028.00,0.10,1.11,0.30,0.00,0.04,5.20,0.00,0.00,-298.58,0.01,-0.00,0.01,-0.00,-0.00,0.00,6.00
41034.00,0.10,1.11,0.28,0.00,0.04,-3.91,0.00,0.00,-1517.25,0.01,-0.00,0.01,0.00,-0.00,0.00,5.00
41039.00,0.10,1.11,0.23,0.00,0.04,-9.16,0.00,0.00,-1050.85,0.01,-0.00,0.01,0.00,-0.00,-0.00,8.00
41047.00,0.10,1.11,0.19,0.00,0.04,-4.62,0.00,0.00,567.22,0.01,-0.00,0.01,0.00,0.00,-0.00,6.00
41053.00,0.10,1.11,0.29,0.00,0.04,16.08,0.00,0.00,3450.11,0.01,-0.00,0.01,-0.00,-0.00,-0.00,6.00
41064.00,0.10,1.11,0.19,0.00,0.04,-8.75,0.00,0.00,-2257.02,0.01,-0.00,0.01,0.00,0.00,-0.00,6.00
41070.00,0.10,1.11,0.24,0.00,0.04,8.14,0.00,0.00,2815.74,0.01,-0.00,0.01,0.00,-0.00,-0.00,8.00
41078.00,0.10,1.11,0.20,0.00,0.04,-5.77,0.00,0.00,-1739.43,0.01,-0.00,0.01,0.00,-0.00,0.00,5.00
41083.00,0.10,1.11,0.20,0.00,0.04,-0.24,0.00,0.00,1105.67,0.01,-0.00,0.01,0.00,-0.00,0.00,6.00
41089.00,0.10,1.11,0.30,0.00,0.04,17.00,0.00,0.00,2874.52,0.01,-0.00,0.01,0.00,-0.00,0.00,17.00
41106.00,0.10,1.11,0.30,0.00,0.04,-0.05,0.00,0.00,-1003.11,0.01,-0.00,0.01,0.00,0.00,0.00,8.00
41114.00,0.10,1.11,0.29,0.00,0.04,-0.78,0.00,0.00,-91.20,0.01,-0.00,0.01,0.00,-0.00,-0.00,5.00
41119.00,0.10,1.11,0.25,0.00,0.04,-7.80,0.00,0.00,-1404.65,0.01,-0.00,0.01,0.00,-0.00,-0.00,9.00
41128.00,0.10,1.11,0.31,0.00,0.04,6.03,0.00,0.00,1537.32,0.01,-0.00,0.01,0.00,0.00,-0.00,5.00
41133.00,0.10,1.11,0.23,0.00,0.04,-15.18,0.00,0.00,-4243.66,0.01,-0.00,0.01,0.00,-0.00,-0.00,6.00
41144.00,0.10,1.11,0.26,0.00,0.04,3.00,0.00,0.00,1653.29,0.01,-0.00,0.01,-0.00,-0.00,-0.00,7.00
41151.00,0.10,1.11,0.23,0.00,0.04,-5.14,0.00,0.00,-1162.92,0.01,-0.00,0.01,-0.00,-0.00,-0.00,6.00
41157.00,0.10,1.11,0.19,0.00,0.04,-5.76,0.00,0.00,-103.20,0.01,-0.00,0.01,0.00,0.00,0.00,10.00
41167.00,0.10,1.11,0.27,0.00,0.04,7.32,0.00,0.00,1308.10,0.01,-0.00,0.01,0.00,-0.00,0.00,7.00
41174.00,0.10,1.11,0.16,0.00,0.04,-15.14,0.00,0.00,-3209.44,0.01,-0.00,0.01,0.00,-0.00,0.00,6.00
41180.00,0.10,1.11,0.22,0.00,0.04,10.85,0.00,0.00,4331.55,0.01,-0.00,0.01,0.00,-0.00,0.00,6.00
41186.00,0.10,1.11,0.21,0.00,0.04,-2.92,0.00,0.00,-2294.15,0.01,-0.00,0.01,0.00,-0.00,-0.00,15.00
41201.00,0.10,1.11,0.35,0.00,0.04,9.77,0.00,0.00,845.89,0.01,-0.00,0.01,0.00,0.00,0.00,8.00
41209.00,0.10,1.11,0.33,0.00,0.04,-2.40,0.00,0.00,-1521.58,0.01,-0.00,0.01,0.00,0.00,0.00,8.00
41217.00,0.10,1.11,0.25,0.00,0.04,-10.61,0.00,0.00,-1026.26,0.01,-0.00,0.01,0.00,-0.00,0.00,8.00
41234.00,0.11,1.12,0.22,0.05,0.03,-1.62,0.26,-0.03,529.04,0.01,-0.00,0.01,0.00,0.00,0.00,7.00
41241.00,0.11,1.12,0.25,0.05,0.03,4.67,0.26,-0.03,898.79,0.01,-0.00,0.01,0.00,0.00,0.00,7.00
41248.00,0.11,1.12,0.18,0.05,0.03,-10.57,0.26,-0.03,-2178.12,0.01,-0.00,0.01,0.00,0.00,0.00,9.00
41257.00,0.11,1.12,0.28,0.05,0.03,10.53,0.26,-0.03,2345.12,0.01,-0.00,0.01,-0.00,-0.01,0.00,6.00
41263.00,0.11,1.12,0.25,0.05,0.03,-4.76,0.26,-0.03,-2548.98,0.01,-0.00,0.01,0.00,-0.00,0.00,7.00
41270.00,0.11,1.12,0.16,0.05,0.03,-12.37,0.26,-0.03,-1087.05,0.01,-0.00,0.01,0.00,-0.00,0.00,8.00
41278.00,0.11,1.12,0.26,0.05,0.03,12.60,0.26,-0.03,3121.79,0.01,-0.00,0.01,0.00,0.00,0.00,15.00
41293.00,0.11,1.12,0.28,0.05,0.03,1.05,0.26,-0.03,-770.30,0.01,-0.00,0.01,-0.00,-0.00,0.00,7.00
41300.00,0.11,1.12,0.22,0.05,0.03,-8.20,0.26,-0.03,-1320.91,0.01,-0.00,0.01,-0.00,-0.00,0.00,7.00
41307.00,0.11,1.12,0.37,0.05,0.03,21.01,0.26,-0.03,4172.26,0.01,-0.00,0.01,0.00,-0.00,0.00,5.00
41317.00,0.11,1.12,0.25,0.05,0.03,-11.13,0.26,-0.03,-3213.47,0.01,-0.00,0.01,-0.00,0.00,-0.00,6.00
41323.00,0.11,1.12,0.24,0.05,0.03,-3.25,0.26,-0.03,1313.39,0.01,-0.00,0.01,-0.00,0.00,0.00,6.00
41329.00,0.11,1.12,0.21,0.05,0.03,-3.82,0.26,-0.03,-96.07,0.01,-0.00,0.01,-0.00,0.00,0.00,7.00
41336.00,0.11,1.12,0.31,0.05,0.03,14.51,0.26,-0.03,2619.23,0.01,-0.00,0.01,-0.00,0.00,-0.00,4.00
41340.00,0.11,1.12,0.37,0.05,0.03,14.02,0.26,-0.03,-122.73,0.01,-0.00,0.01,-0.00,0.00,-0.00,8.00
41348.00,0.11,1.12,0.25,0.05,0.03,-15.04,0.26,-0.03,-3632.54,0.01,-0.00,0.01,0.00,0.00,-0.00,8.00
41356.00,0.11,1.12,0.17,0.05,0.03,-10.24,0.26,-0.03,600.07,0.01,-0.00,0.01,0.01,0.00,0.00,7.00
41363.00,0.11,1.12,0.25,0.05,0.03,11.90,0.26,-0.03,3163.29,0.01,-0.00,0.01,0.00,0.00,0.00,6.00
41369.00,0.11,1.12,0.28,0.05,0.03,5.54,0.26,-0.03,-1060.12,0.01,-0.00,0.01,0.00,0.00,0.00,9.00
41378.00,0.11,1.12,0.26,0.05,0.03,-2.61,0.26,-0.03,-906.30,0.01,-0.00,0.01,0.00,0.00,-0.00,5.00
41388.00,0.11,1.12,0.22,0.05,0.03,-4.00,0.26,-0.03,-138.42,0.01,-0.00,0.01,-0.00,0.00,0.00,19.00
41407.00,0.11,1.12,0.23,0.05,0.03,0.63,0.26,-0.03,243.61,0.01,-0.00,0.01,-0.00,-0.00,0.00,9.00
41416.00,0.11,1.12,0.31,0.05,0.03,8.27,0.26,-0.03,849.32,0.01,-0.00,0.01,-0.00,-0.00,0.00,5.00
41421.00,0.11,1.12,0.24,0.05,0.03,-14.11,0.26,-0.03,-4476.54,0.01,-0.00,0.01,-0.00,-0.00,0.00,8.00
41429.00,0.11,1.12,0.20,0.05,0.03,-5.10,0.26,-0.03,1126.18,0.01,-0.00,0.01,-0.00,0.00,0.00,5.00
41434.00,0.10,1.13,0.22,-0.06,0.08,4.03,-0.55,0.24,1825.41,0.01,-0.00,0.01,-0.00,0.00,0.00,6.00
41440.00,0.10,1.13,0.26,-0.06,0.08,7.81,-0.55,0.24,630.34,0.01,-0.00,0.01,-0.00,0.00,0.00,8.00
41448.00,0.10,1.13,0.26,-0.06,0.08,-0.55,-0.55,0.24,-1044.58,0.01,-0.00,0.01,-0.00,-0.00,0.00,8.00
41456.00,0.10,1.13,0.22,-0.06,0.08,-4.69,-0.55,0.24,-517.88,0.01,-0.00,0.01,-0.00,-0.00,0.00,5.00
41461.00,0.10,1.13,0.25,-0.06,0.08,5.29,-0.55,0.24,1994.96,0.01,-0.00,0.01,0.00,0.00,0.00,8.00
41474.00,0.10,1.13,0.20,-0.06,0.08,-3.34,-0.55,0.24,-663.10,0.01,-0.00,0.01,0.00,0.00,0.00,7.00
41481.00,0.10,1.13,0.23,-0.06,0.08,4.22,-0.55,0.24,1079.04,0.01,-0.00,0.01,0.00,0.00,0.00,7.00
41488.00,0.10,1.13,0.28,-0.06,0.08,7.24,-0.55,0.24,432.39,0.01,-0.00,0.01,-0.00,-0.00,0.00,17.00
41505.00,0.10,1.13,0.29,-0.06,0.08,0.40,-0.55,0.24,-402.59,0.01,-0.00,0.01,-0.00,-0.00,0.00,6.00
41511.00,0.10,1.13,0.27,-0.06,0.08,-3.81,-0.55,0.24,-701.52,0.01,-0.00,0.01,-0.00,-0.00,0.00,7.00
41518.00,0.10,1.13,0.23,-0.06,0.08,-5.45,-0.55,0.24,-234.87,0.01,-0.00,0.01,0.00,0.00,0.00,9.00
41527.00,0.10,1.13,0.29,-0.06,0.08,6.69,-0.55,0.24,1349.03,0.01,-0.00,0.01,-0.00,0.00,0.00,5.00
41532.00,0.10,1.13,0.29,-0.06,0.08,0.39,-0.55,0.24,-1260.31,0.01,-0.00,0.01,-0.00,-0.00,0.00,8.00
41540.00,0.10,1.13,0.28,-0.06,0.08,-1.08,-0.55,0.24,-183.13,0.01,-0.00,0.01,-0.00,-0.00,-0.00,8.00
41548.00,0.10,1.13,0.26,-0.06,0.08,-3.53,-0.55,0.24,-306.58,0.01,-0.00,0.01,0.00,0.00,0.00,8.00
41561.00,0.10,1.13,0.29,-0.06,0.08,2.97,-0.55,0.24,499.96,0.01,-0.00,0.01,-0.00,0.00,0.00,9.00
41570.00,0.10,1.13,0.25,-0.06,0.08,-4.35,-0.55,0.24,-813.17,0.01,-0.00,0.01,0.00,0.00,-0.00,8.00
41578.00,0.10,1.13,0.18,-0.06,0.08,-9.15,-0.55,0.24,-600.63,0.01,-0.00,0.01,-0.00,0.00,-0.00,6.00
41584.00,0.10,1.13,0.29,-0.06,0.08,18.32,-0.55,0.24,4579.01,0.01,-0.00,0.01,0.00,0.00,0.00,6.00
41590.00,0.10,1.13,0.25,-0.06,0.08,-6.72,-0.55,0.24,-4173.59,0.01,-0.00,0.01,0.00,0.00,0.00,18.00
41608.00,0.10,1.13,0.31,-0.06,0.08,3.31,-0.55,0.24,557.31,0.01,-0.00,0.01,-0.00,0.00,-0.00,9.00
41617.00,0.10,1.13,0.25,-0.06,0.08,-6.35,-0.55,0.24,-1073.18,0.01,-0.00,0.01,-0.00,0.00,-0.00,5.00
41622.00,0.10,1.13,0.24,-0.06,0.08,-2.76,-0.55,0.24,716.82,0.01,-0.00,0.01,-0.00,-0.00,-0.00,8.00
41630.00,0.10,1.13,0.21,-0.06,0.08,-3.91,-0.55,0.24,-143.59,0.01,-0.00,0.01,-0.00,-0.00,0.00,5.00
41635.00,0.10,1.13,0.28,0.00,0.00,14.06,0.28,-0.40,3595.26,0.01,-0.00,0.01,0.00,0.00,0.00,6.00
41646.00,0.10,1.13,0.23,0.00,0.00,-4.79,0.28,-0.40,-1713.63,0.01,-0.00,0.01,-0.00,-0.00,0.00,7.00
41653.00,0.10,1.13,0.28,0.00,0.00,7.33,0.28,-0.40,1730.47,0.01,-0.00,0.01,-0.00,-0.00,0.00,6.00
41659.00,0.10,1.13,0.29,0.00,0.00,1.66,0.28,-0.40,-944.96,0.01,-0.00,0.01,-0.00,-0.00,0.00,10.00
41669.00,0.10,1.13,0.29,0.00,0.00,0.58,0.28,-0.40,-107.99,0.01,-0.00,0.01,0.00,0.00,0.00,8.00
41677.00,0.10,1.13,0.33,0.00,0.00,4.94,0.28,-0.40,545.53,0.01,-0.00,0.01,-0.00,0.00,-0.00,5.00
41682.00,0.10,1.13,0.30,0.00,0.00,-7.00,0.28,-0.40,-2388.73,0.01,-0.00,0.01,-0.00,0.00,-0.00,7.00
41689.00,0.10,1.13,0.30,0.00,0.00,0.51,0.28,-0.40,1073.62,0.01,-0.00,0.01,-0.00,0.00,0.00,18.00
41707.00,0.10,1.13,0.27,0.00,0.00,-1.53,0.28,-0.40,-113.26,0.01,-0.00,0.01,0.00,-0.00,0.00,6.00
41713.00,0.10,1.13,0.21,0.00,0.00,-11.33,0.28,-0.40,-1634.78,0.01,-0.00,0.01,0.00,-0.00,0.00,7.00
41720.00,0.10,1.13,0.25,0.00,0.00,5.72,0.28,-0.40,2436.06,0.01,-0.00,0.01,0.00,-0.00,0.00,9.00
41734.00,0.10,1.13,0.22,0.00,0.00,-2.13,0.28,-0.40,-560.73,0.01,-0.00,0.01,-0.00,0.00,0.00,7.00
41741.00,0.10,1.13,0.30,0.00,0.00,11.80,0.28,-0.40,1990.59,0.01,-0.00,0.01,-0.00,0.00,0.00,8.00
41749.00,0.10,1.13,0.29,0.00,0.00,-1.34,0.28,-0.40,-1643.10,0.01,-0.00,0.01,-0.00,0.00,0.00,8.00
41757.00,0.10,1.13,0.26,0.00,0.00,-4.06,0.28,-0.40,-339.56,0.01,-0.00,0.01,-0.00,0.00,0.00,5.00
41762.00,0.10,1.13,0.22,0.00,0.00,-6.99,0.28,-0.40,-586.41,0.01,-0.00,0.01,-0.00,0.00,0.00,8.00
41770.00,0.10,1.13,0.25,0.00,0.00,3.08,0.28,-0.40,1259.08,0.01,-0.00,0.01,-0.00,0.00,-0.00,9.00
41779.00,0.10,1.13,0.26,0.00,0.00,1.79,0.28,-0.40,-143.51,0.01,-0.00,0.01,-0.00,0.00,-0.00,15.00
41794.00,0.10,1.13,0.30,0.00,0.00,2.84,0.28,-0.40,69.78,0.01,-0.00,0.01,0.00,0.00,0.00,7.00
41801.00,0.10,1.13,0.20,0.00,0.00,-14.75,0.28,-0.40,-2512.08,0.01,-0.00,0.01,0.00,-0.00,0.00,8.00
41809.00,0.10,1.13,0.46,0.00,0.00,32.00,0.28,-0.40,5843.48,0.01,-0.00,0.01,0.00,0.00,0.00,8.00
41821.00,0.10,1.13,0.21,0.00,0.00,-20.42,0.28,-0.40,-4368.32,0.01,-0.00,0.01,-0.00,0.00,-0.00,10.00
41831.00,0.10,1.13,0.25,0.00,0.00,3.36,0.28,-0.40,2378.11,0.01,-0.00,0.01,-0.00,0.00,-0.00,5.00
41836.00,0.10,1.14,0.34,0.00,0.04,18.75,0.00,0.19,3078.01,0.01,-0.00,0.01,0.00,-0.00,0.00,6.00
41842.00,0.10,1.14,0.27,0.00,0.04,-10.78,0.00,0.19,-4921.14,0.01,-0.00,0.01,0.00,-0.00,0.00,7.00
41849.00,0.10,1.14,0.31,0.00,0.04,4.91,0.00,0.19,2240.26,0.01,-0.00,0.01,0.00,0.00,-0.00,9.00
41858.00,0.10,1.14,0.35,0.00,0.04,4.64,0.00,0.19,-29.20,0.01,-0.00,0.01,-0.00,0.00,0.00,5.00
41863.00,0.10,1.14,0.34,0.00,0.04,-2.20,0.00,0.19,-1368.99,0.01,-0.00,0.01,-0.00,0.00,0.00,8.00
41871.00,0.10,1.14,0.28,0.00,0.04,-7.13,0.00,0.19,-616.53,0.01,-0.00,0.01,0.00,0.00,0.00,8.00
41879.00,0.10,1.14,0.29,0.00,0.04,1.38,0.00,0.19,1063.68,0.01,-0.00,0.01,-0.00,0.00,-0.00,15.00
41894.00,0.10,1.14,0.27,0.00,0.04,-1.83,0.00,0.19,-213.47,0.01,-0.00,0.01,0.00,-0.00,-0.00,7.00
41911.00,0.10,1.14,0.30,0.00,0.04,1.76,0.00,0.19,210.79,0.01,-0.00,0.01,0.00,-0.00,0.00,10.00
41921.00,0.10,1.14,0.26,0.00,0.04,-4.03,0.00,0.19,-578.29,0.01,-0.00,0.01,0.00,0.00,0.00,8.00
41929.00,0.10,1.14,0.31,0.00,0.04,6.86,0.00,0.19,1361.09,0.01,-0.00,0.01,0.00,-0.00,0.00,7.00
41936.00,0.10,1.14,0.24,0.00,0.04,-9.37,0.00,0.19,-2319.57,0.01,-0.00,0.01,0.00,-0.00,0.00,5.00
41941.00,0.10,1.14,0.25,0.00,0.04,2.02,0.00,0.19,2278.50,0.01,-0.00,0.01,0.00,-0.00,0.00,9.00
41950.00,0.10,1.14,0.17,0.00,0.04,-8.93,0.00,0.19,-1216.60,0.01,-0.00,0.01,0.00,0.00,0.00,8.00
41958.00,0.10,1.14,0.28,0.00,0.04,13.10,0.00,0.19,2753.94,0.01,-0.00,0.01,0.00,0.00,-0.00,6.00
41964.00,0.10,1.14,0.27,0.00,0.04,-2.00,0.00,0.19,-2516.50,0.01,-0.00,0.01,0.00,-0.00,-0.00,7.00
41971.00,0.10,1.14,0.33,0.00,0.04,8.33,0.00,0.19,1475.33,0.01,-0.00,0.01,0.00,-0.00,-0.00,9.00
41980.00,0.10,1.14,0.30,0.00,0.04,-2.56,0.00,0.19,-1209.88,0.01,-0.00,0.01,0.00,0.00,0.00,5.00
41990.00,0.10,1.14,0.41,0.00,0.04,10.41,0.00,0.19,1296.81,0.01,-0.00,0.01,0.00,0.01,0.00,20.00
42010.00,0.10,1.14,0.31,0.00,0.04,-4.99,0.00,0.19,-769.63,0.01,-0.00,0.01,-0.00,-0.00,0.00,8.00
42018.00,0.10,1.14,0.27,0.00,0.04,-5.05,0.00,0.19,-7.56,0.01,-0.00,0.01,-0.00,-0.00,0.00,5.00
42023.00,0.10,1.14,0.27,0.00,0.04,1.64,0.00,0.19,1336.56,0.01,-0.00,0.01,-0.00,-0.00,0.00,8.00
42031.00,0.10,1.14,0.26,0.00,0.04,-2.11,0.00,0.19,-468.05,0.01,-0.00,0.01,-0.00,-0.00,0.00,5.00
42036.00,0.10,1.16,0.33,0.00,0.08,15.13,0.00,0.19,3448.36,0.01,-0.00,0.01,-0.00,-0.00,-0.00,6.00
42042.00,0.10,1.16,0.28,0.00,0.08,-8.25,0.00,0.19,-3896.86,0.01,-0.00,0.01,0.00,-0.00,-0.00,8.00
42050.00,0.10,1.16,0.30,0.00,0.08,1.74,0.00,0.19,1248.84,0.01,-0.00,0.01,-0.00,-0.01,0.00,8.00
42058.00,0.10,1.16,0.24,0.00,0.08,-7.32,0.00,0.19,-1133.21,0.01,-0.00,0.01,0.00,-0.00,0.00,5.00
42063.00,0.10,1.16,0.29,0.00,0.08,9.74,0.00,0.19,3413.19,0.01,-0.00,0.01,-0.00,-0.00,0.00,8.00
42075.00,0.10,1.16,0.27,0.00,0.08,-1.40,0.00,0.19,-928.69,0.01,-0.00,0.01,-0.00,-0.00,0.00,18.00
42093.00,0.10,1.16,0.26,0.00,0.08,-0.46,0.00,0.19,52.35,0.01,-0.00,0.01,0.00,-0.00,0.00,8.00
42101.00,0.10,1.16,0.26,0.00,0.08,-0.60,0.00,0.19,-18.39,0.01,-0.00,0.01,0.00,-0.00,0.00,8.00
42109.00,0.10,1.16,0.23,0.00,0.08,-3.73,0.00,0.19,-390.90,0.01,-0.00,0.01,0.00,-0.00,-0.00,7.00
42116.00,0.10,1.16,0.18,0.00,0.08,-6.47,0.00,0.19,-390.57,0.01,-0.00,0.01,-0.00,-0.00,0.00,6.00
42122.00,0.10,1.16,0.27,0.00,0.08,15.22,0.00,0.19,3614.49,0.01,-0.00,0.01,-0.00,-0.00,0.00,9.00
42131.00,0.10,1.16,0.26,0.00,0.08,-1.11,0.00,0.19,-1814.90,0.01,-0.00,0.01,-0.00,0.00,0.00,5.00
42136.00,0.10,1.16,0.27,0.00,0.08,1.54,0.00,0.19,531.35,0.01,-0.00,0.01,0.00,0.00,0.00,6.00
42142.00,0.10,1.16,0.32,0.00,0.08,7.68,0.00,0.19,1022.82,0.01,-0.00,0.01,0.00,0.00,0.00,8.00
42150.00,0.10,1.16,0.20,0.00,0.08,-14.68,0.00,0.19,-2795.13,0.01,-0.00,0.01,0.00,-0.00,-0.00,8.00
42163.00,0.10,1.16,0.35,0.00,0.08,11.37,0.00,0.19,2003.73,0.01,-0.00,0.01,0.00,0.00,-0.00,9.00
42172.00,0.10,1.16,0.28,0.00,0.08,-7.91,0.00,0.19,-2142.34,0.01,-0.00,0.01,-0.00,0.00,-0.00,8.00
42180.00,0.10,1.16,0.31,0.00,0.08,3.77,0.00,0.19,1460.74,0.01,-0.00,0.01,0.00,-0.00,0.00,16.00
42196.00,0.10,1.16,0.22,0.00,0.08,-5.44,0.00,0.19,-575.81,0.01,-0.00,0.01,0.00,-0.00,0.00,6.00
42202.00,0.10,1.16,0.30,0.00,0.08,13.73,0.00,0.19,3195.59,0.01,-0.00,0.01,0.00,-0.00,0.00,8.00
42210.00,0.10,1.16,0.30,0.00,0.08,-0.37,0.00,0.19,-1763.15,0.01,-0.00,0.01,-0.00,-0.00,0.01,8.00
42218.00,0.10,1.16,0.24,0.00,0.08,-7.66,0.00,0.19,-911.10,0.01,-0.00,0.01,0.00,-0.00,0.00,5.00
42223.00,0.10,1.16,0.25,0.00,0.08,2.25,0.00,0.19,1981.27,0.01,-0.00,0.01,0.00,-0.00,0.00,8.00
42231.00,0.10,1.16,0.27,0.00,0.08,2.28,0.00,0.19,3.73,0.01,-0.00,0.01,0.00,0.00,0.00,5.00
42236.00,0.10,1.16,0.32,0.00,0.00,10.24,0.00,-0.38,1591.93,0.01,-0.00,0.01,0.00,-0.00,0.00,7.00
42247.00,0.10,1.16,0.31,0.00,0.00,-1.06,0.00,-0.38,-1027.18,0.01,-0.00,0.01,0.00,0.00,0.00,7.00
42254.00,0.10,1.16,0.27,0.00,0.00,-4.83,0.00,-0.38,-538.37,0.01,-0.00,0.01,0.00,0.00,0.00,7.00
42261.00,0.10,1.16,0.29,0.00,0.00,2.37,0.00,-0.38,1029.45,0.01,-0.00,0.01,0.00,0.00,0.00,8.00
42269.00,0.10,1.16,0.27,0.00,0.00,-2.77,0.00,-0.38,-642.92,0.01,-0.00,0.01,-0.00,-0.00,0.00,6.00
42275.00,0.10,1.16,0.33,0.00,0.00,9.91,0.00,-0.38,2112.40,0.01,-0.00,0.01,-0.00,-0.00,0.00,7.00
42282.00,0.10,1.16,0.25,0.00,0.00,-11.81,0.00,-0.38,-3101.80,0.01,-0.00,0.01,0.00,0.00,0.00,5.00
42287.00,0.10,1.16,0.27,0.00,0.00,5.46,0.00,-0.38,3453.02,0.01,-0.00,0.01,0.00,-0.00,0.00,16.00
42303.00,0.10,1.16,0.27,0.00,0.00,-0.32,0.00,-0.38,-360.91,0.01,-0.00,0.01,-0.00,-0.00,0.00,9.00
42312.00,0.10,1.16,0.27,0.00,0.00,0.48,0.00,-0.38,89.00,0.01,-0.00,0.01,-0.00,0.00,-0.00,8.00
42320.00,0.10,1.16,0.25,0.00,0.00,-2.50,0.00,-0.38,-372.99,0.01,-0.00,0.01,-0.00,0.00,0.00,7.00
42332.00,0.10,1.16,0.30,0.00,0.00,3.98,0.00,-0.38,540.33,0.01,-0.00,0.01,0.00,-0.00,-0.00,6.00
42338.00,0.10,1.16,0.33,0.00,0.00,5.15,0.00,-0.38,194.30,0.01,-0.00,0.01,0.00,-0.00,0.00,5.00
42343.00,0.10,1.16,0.29,0.00,0.00,-8.73,0.00,-0.38,-2775.64,0.01,-0.00,0.01,0.00,-0.00,0.00,9.00
42352.00,0.10,1.16,0.27,0.00,0.00,-1.60,0.00,-0.38,792.41,0.01,-0.00,0.01,0.00,-0.01,0.00,8.00
42360.00,0.10,1.16,0.26,0.00,0.00,-2.12,0.00,-0.38,-65.64,0.01,-0.00,0.01,0.00,-0.00,-0.00,7.00
42367.00,0.10,1.16,0.28,0.00,0.00,4.11,0.00,-0.38,890.33,0.01,-0.00,0.01,-0.00,-0.00,-0.00,6.00
42373.00,0.10,1.16,0.33,0.00,0.00,6.86,0.00,-0.38,458.93,0.01,-0.00,0.01,-0.00,0.00,0.00,9.00
42382.00,0.10,1.16,0.28,0.00,0.00,-5.27,0.00,-0.38,-1348.31,0.01,-0.00,0.01,-0.00,0.00,0.00,5.00
42387.00,0.10,1.16,0.29,0.00,0.00,3.14,0.00,-0.38,1682.80,0.01,-0.00,0.01,-0.00,0.00,0.00,16.00
42403.00,0.10,1.16,0.29,0.00,0.00,-0.42,0.00,-0.38,-222.89,0.01,-0.00,0.01,-0.00,0.00,-0.00,9.00
42416.00,0.10,1.16,0.31,0.00,0.00,2.15,0.00,-0.38,198.12,0.01,-0.00,0.01,0.00,-0.00,0.00,7.00
42424.00,0.10,1.16,0.31,0.00,0.00,-0.65,0.00,-0.38,-350.44,0.01,-0.00,0.01,0.00,-0.00,0.00,7.00
42431.00,0.10,1.16,0.23,0.00,0.00,-10.77,0.00,-0.38,-1445.62,0.01,-0.00,0.01,0.00,0.00,-0.00,6.00
42437.00,0.10,1.17,0.23,0.00,0.08,-0.31,0.00,0.38,1743.40,0.01,-0.00,0.01,0.00,0.00,-0.00,6.00
42443.00,0.10,1.17,0.24,0.00,0.08,0.96,0.00,0.38,212.31,0.01,-0.00,0.01,0.00,0.00,-0.00,9.00
42452.00,0.10,1.17,0.20,0.00,0.08,-4.17,0.00,0.38,-570.94,0.01,-0.00,0.01,0.00,0.00,-0.00,8.00
42460.00,0.10,1.17,0.28,0.00,0.08,9.39,0.00,0.38,1695.32,0.01,-0.00,0.01,0.00,-0.00,-0.00,6.00
42466.00,0.10,1.17,0.47,0.00,0.08,32.04,0.00,0.38,3775.12,0.01,-0.00,0.01,0.00,-0.00,-0.00,7.00
42473.00,0.10,1.17,0.26,0.00,0.08,-29.33,0.00,0.38,-8767.00,0.01,-0.00,0.01,0.00,-0.00,-0.00,9.00
42482.00,0.10,1.17,0.28,0.00,0.08,2.32,0.00,0.38,3516.35,0.01,-0.00,0.01,0.00,-0.00,-0.00,5.00
42492.00,0.10,1.17,0.36,0.00,0.08,7.92,0.00,0.38,560.50,0.01,-0.00,0.01,0.00,-0.00,-0.00,18.00
42510.00,0.10,1.17,0.22,0.00,0.08,-8.16,0.00,0.38,-893.59,0.01,-0.00,0.01,-0.00,-0.00,-0.00,6.00
42516.00,0.10,1.17,0.28,0.00,0.08,10.46,0.00,0.38,3102.95,0.01,-0.00,0.01,-0.00,0.00,0.00,6.00
42522.00,0.10,1.17,0.28,0.00,0.08,0.63,0.00,0.38,-1637.11,0.01,-0.00,0.01,0.00,0.00,0.00,9.00
42531.00,0.10,1.17,0.29,0.00,0.08,0.49,0.00,0.38,-15.49,0.01,-0.00,0.01,0.00,0.00,0.00,5.00
42536.00,0.10,1.17,0.28,0.00,0.08,-2.02,0.00,0.38,-503.08,0.01,-0.00,0.01,0.00,0.00,0.00,7.00
42543.00,0.10,1.17,0.25,0.00,0.08,-4.05,0.00,0.38,-289.20,0.01,-0.00,0.01,0.00,0.00,0.00,8.00
42551.00,0.10,1.17,0.19,0.00,0.08,-7.00,0.00,0.38,-368.90,0.01,-0.00,0.01,-0.00,-0.00,0.00,8.00
42559.00,0.10,1.17,0.30,0.00,0.08,12.85,0.00,0.38,2480.79,0.01,-0.00,0.01,-0.00,-0.00,-0.00,5.00
42564.00,0.10,1.17,0.32,0.00,0.08,5.87,0.00,0.38,-1396.50,0.01,-0.00,0.01,-0.00,-0.00,-0.00,8.00
42582.00,0.10,1.17,0.20,0.00,0.08,-6.90,0.00,0.38,-709.04,0.01,-0.00,0.01,-0.00,-0.00,0.00,6.00
42588.00,0.10,1.17,0.25,0.00,0.08,7.67,0.00,0.38,2427.35,0.01,-0.00,0.01,0.00,0.00,-0.00,5.00
42593.00,0.10,1.17,0.40,0.00,0.08,31.24,0.00,0.38,4714.35,0.01,-0.00,0.01,0.00,0.00,-0.00,19.00
42612.00,0.10,1.17,0.37,0.00,0.08,-1.87,0.00,0.38,-1742.37,0.01,-0.00,0.01,0.00,-0.00,-0.00,7.00
42619.00,0.10,1.17,0.25,0.00,0.08,-17.25,0.00,0.38,-2197.28,0.01,-0.00,0.01,0.00,0.00,0.00,5.00
42624.00,0.10,1.17,0.32,0.00,0.08,14.58,0.00,0.38,6365.89,0.01,-0.00,0.01,0.00,0.00,0.00,9.00
42633.00,0.10,1.17,0.18,0.00,0.08,-15.66,0.00,0.38,-3360.52,0.01,-0.00,0.01,0.00,0.01,0.00,5.00
42638.00,0.09,1.18,0.22,-0.06,0.04,8.32,-0.28,-0.17,4795.75,0.01,-0.00,0.01,0.00,0.00,-0.00,6.00
42644.00,0.09,1.18,0.31,-0.06,0.04,14.81,-0.28,-0.17,1082.62,0.01,-0.00,0.01,0.00,0.00,-0.00,8.00
42652.00,0.09,1.18,0.29,-0.06,0.04,-2.17,-0.28,-0.17,-2123.12,0.01,-0.00,0.01,-0.00,-0.00,0.00,8.00
42665.00,0.09,1.18,0.33,-0.06,0.04,3.33,-0.28,-0.17,423.45,0.01,-0.00,0.01,0.00,-0.00,0.00,8.00
42673.00,0.09,1.18,0.25,-0.06,0.04,-10.55,-0.28,-0.17,-1734.94,0.01,-0.00,0.01,0.00,-0.00,0.00,9.00
42682.00,0.09,1.18,0.26,-0.06,0.04,1.50,-0.28,-0.17,1338.08,0.01,-0.00,0.01,0.00,0.00,0.00,15.00
42697.00,0.09,1.18,0.27,-0.06,0.04,0.36,-0.28,-0.17,-75.97,0.01,-0.00,0.01,-0.00,-0.00,0.00,7.00
42704.00,0.09,1.18,0.29,-0.06,0.04,2.52,-0.28,-0.17,309.29,0.01,-0.00,0.01,-0.00,-0.00,0.00,8.00
42712.00,0.09,1.18,0.31,-0.06,0.04,3.00,-0.28,-0.17,59.90,0.01,-0.00,0.01,-0.00,-0.00,-0.00,8.00
42720.00,0.09,1.18,0.29,-0.06,0.04,-2.36,-0.28,-0.17,-670.54,0.01,-0.00,0.01,0.00,0.00,0.00,5.00
42725.00,0.09,1.18,0.26,-0.06,0.04,-5.51,-0.28,-0.17,-628.92,0.01,-0.00,0.01,0.00,0.00,0.00,8.00
42733.00,0.09,1.18,0.25,-0.06,0.04,-1.92,-0.28,-0.17,448.80,0.01,-0.00,0.01,0.00,0.00,0.00,5.00
42738.00,0.09,1.18,0.17,-0.06,0.04,-16.53,-0.28,-0.17,-2922.93,0.01,-0.00,0.01,0.00,-0.00,0.00,7.00
42749.00,0.09,1.18,0.30,-0.06,0.04,11.81,-0.28,-0.17,2576.19,0.01,-0.00,0.01,0.00,-0.00,-0.00,7.00
42756.00,0.09,1.18,0.32,-0.06,0.04,3.56,-0.28,-0.17,-1178.01,0.01,-0.00,0.01,0.00,-0.00,-0.00,7.00
42763.00,0.09,1.18,0.26,-0.06,0.04,-9.43,-0.28,-0.17,-1855.01,0.01,-0.00,0.01,-0.00,0.00,-0.00,8.00
42771.00,0.09,1.18,0.18,-0.06,0.04,-9.26,-0.28,-0.17,20.92,0.01,-0.00,0.01,0.00,0.00,-0.00,6.00
42777.00,0.09,1.18,0.27,-0.06,0.04,15.23,-0.28,-0.17,4081.71,0.01,-0.00,0.01,0.00,0.00,-0.00,7.00
42784.00,0.09,1.18,0.30,-0.06,0.04,4.37,-0.28,-0.17,-1552.11,0.01,-0.00,0.01,0.00,-0.00,-0.00,5.00
42789.00,0.09,1.18,0.34,-0.06,0.04,6.45,-0.28,-0.17,416.05,0.01,-0.00,0.01,-0.00,0.00,-0.00,16.00
42805.00,0.09,1.18,0.26,-0.06,0.04,-4.63,-0.28,-0.17,-692.30,0.01,-0.00,0.01,0.00,0.00,-0.00,8.00
42813.00,0.09,1.18,0.24,-0.06,0.04,-2.12,-0.28,-0.17,313.42,0.01,-0.00,0.01,-0.00,0.00,0.00,9.00
42822.00,0.09,1.18,0.33,-0.06,0.04,9.28,-0.28,-0.17,1267.11,0.01,-0.00,0.01,0.00,-0.00,-0.00,6.00
42833.00,0.09,1.18,0.31,-0.06,0.04,-1.72,-0.28,-0.17,-1000.07,0.01,-0.00,0.01,0.00,0.00,0.00,7.00
42840.00,0.09,1.19,0.30,0.00,0.04,-1.08,0.27,-0.02,91.70,0.01,-0.00,0.01,0.00,-0.00,0.00,5.00
42845.00,0.09,1.19,0.29,0.00,0.04,-1.81,0.27,-0.02,-147.36,0.01,-0.00,0.01,0.00,-0.00,0.00,8.00
42853.00,0.09,1.19,0.23,0.00,0.04,-7.22,0.27,-0.02,-676.35,0.01,-0.00,0.01,-0.00,-0.00,0.00,8.00
42861.00,0.09,1.19,0.30,0.00,0.04,8.01,0.27,-0.02,1904.97,0.01,-0.00,0.01,0.00,-0.00,-0.00,6.00
42867.00,0.09,1.19,0.22,0.00,0.04,-12.92,0.27,-0.02,-3488.53,0.01,-0.00,0.01,-0.00,-0.00,-0.00,7.00
42874.00,0.09,1.19,0.26,0.00,0.04,5.96,0.27,-0.02,2696.45,0.01,-0.00,0.01,-0.00,-0.00,-0.00,9.00
42883.00,0.09,1.19,0.33,0.00,0.04,7.83,0.27,-0.02,207.74,0.01,-0.00,0.01,-0.00,-0.00,-0.00,5.00
42888.00,0.09,1.19,0.23,0.00,0.04,-20.80,0.27,-0.02,-5725.40,0.01,-0.00,0.01,-0.00,-0.00,-0.00,17.00
42905.00,0.09,1.19,0.33,0.00,0.04,6.02,0.27,-0.02,1577.34,0.01,-0.00,0.01,0.00,0.00,0.00,9.00
42918.00,0.09,1.19,0.21,0.00,0.04,-9.43,0.27,-0.02,-1188.46,0.01,-0.00,0.01,0.00,0.00,0.00,8.00
42926.00,0.09,1.19,0.24,0.00,0.04,3.72,0.27,-0.02,1644.05,0.01,-0.00,0.01,-0.00,0.00,0.00,7.00
42933.00,0.09,1.19,0.32,0.00,0.04,11.77,0.27,-0.02,1149.91,0.01,-0.00,0.01,0.00,0.00,-0.00,6.00
42939.00,0.09,1.19,0.21,0.00,0.04,-19.14,0.27,-0.02,-5152.13,0.01,-0.00,0.01,0.00,0.00,-0.00,6.00
42945.00,0.09,1.19,0.27,0.00,0.04,10.46,0.27,-0.02,4933.88,0.01,-0.00,0.01,0.00,0.00,-0.00,8.00
42953.00,0.09,1.19,0.31,0.00,0.04,4.88,0.27,-0.02,-697.18,0.01,-0.00,0.01,0.00,0.00,-0.00,8.00
42961.00,0.09,1.19,0.20,0.00,0.04,-13.95,0.27,-0.02,-2353.82,0.01,-0.00,0.01,-0.00,0.00,-0.00,6.00
42967.00,0.09,1.19,0.26,0.00,0.04,11.08,0.27,-0.02,4171.63,0.01,-0.00,0.01,-0.00,0.00,-0.00,7.00
42974.00,0.09,1.19,0.23,0.00,0.04,-4.52,0.27,-0.02,-2228.96,0.01,-0.00,0.01,0.00,0.00,0.00,8.00
42982.00,0.09,1.19,0.27,0.00,0.04,5.29,0.27,-0.02,1226.81,0.01,-0.00,0.01,0.00,0.00,0.00,5.00
42992.00,0.09,1.19,0.28,0.00,0.04,0.79,0.27,-0.02,-450.69,0.01,-0.00,0.01,-0.00,0.00,-0.00,6.00
42998.00,0.09,1.19,0.32,0.00,0.04,6.51,0.27,-0.02,954.38,0.01,-0.00,0.01,-0.00,0.00,-0.00,6.00
43004.00,0.09,1.19,0.29,0.00,0.04,-5.15,0.27,-0.02,-1942.96,0.01,-0.00,0.01,0.00,0.00,-0.00,19.00
43023.00,0.09,1.19,0.24,0.00,0.04,-2.37,0.27,-0.02,146.17,0.01,-0.00,0.01,-0.00,0.00,0.00,8.00
43031.00,0.09,1.19,0.27,0.00,0.04,3.02,0.27,-0.02,673.41,0.01,-0.00,0.01,0.00,0.00,0.00,5.00
43036.00,0.09,1.19,0.34,0.00,0.04,14.07,0.27,-0.02,2209.96,0.01,-0.00,0.01,0.00,0.00,0.00,7.00
43043.00,0.08,1.20,0.24,-0.05,0.08,-14.41,-0.27,0.21,-4068.12,0.01,-0.00,0.01,-0.00,0.00,0.00,8.00
43051.00,0.08,1.20,0.22,-0.05,0.08,-2.13,-0.27,0.21,1534.73,0.01,-0.00,0.01,0.00,0.00,0.00,6.00
43057.00,0.08,1.20,0.26,-0.05,0.08,6.64,-0.27,0.21,1462.01,0.01,-0.00,0.01,0.00,0.00,0.00,7.00
43064.00,0.08,1.20,0.29,-0.05,0.08,3.80,-0.27,0.21,-405.23,0.01,-0.00,0.01,0.00,0.00,0.00,8.00
43077.00,0.08,1.20,0.28,-0.05,0.08,-0.37,-0.27,0.21,-321.40,0.01,-0.00,0.01,-0.00,0.00,-0.00,18.00
43095.00,0.08,1.20,0.26,-0.05,0.08,-1.28,-0.27,0.21,-50.51,0.01,-0.00,0.01,0.00,0.00,0.00,9.00
43104.00,0.08,1.20,0.32,-0.05,0.08,6.27,-0.27,0.21,839.31,0.01,-0.00,0.01,-0.00,0.00,0.00,8.00
43112.00,0.08,1.20,0.38,-0.05,0.08,7.80,-0.27,0.21,191.14,0.01,-0.00,0.01,0.00,-0.00,-0.00,6.00
43118.00,0.08,1.20,0.22,-0.05,0.08,-26.66,-0.27,0.21,-5743.21,0.01,-0.00,0.01,0.00,-0.00,-0.00,6.00
43124.00,0.08,1.20,0.40,-0.05,0.08,30.09,-0.27,0.21,9458.15,0.01,-0.00,0.01,-0.00,0.00,0.00,10.00
43134.00,0.08,1.20,0.37,-0.05,0.08,-2.85,-0.27,0.21,-3293.48,0.01,-0.00,0.01,-0.00,0.00,0.00,5.00
43139.00,0.08,1.20,0.37,-0.05,0.08,-0.11,-0.27,0.21,547.34,0.01,-0.00,0.01,0.00,-0.00,0.00,7.00
43146.00,0.08,1.20,0.38,-0.05,0.08,1.41,-0.27,0.21,216.71,0.01,-0.00,0.01,0.00,-0.00,0.00,8.00
43154.00,0.08,1.20,0.23,-0.05,0.08,-19.05,-0.27,0.21,-2557.27,0.01,-0.00,0.01,-0.00,-0.00,0.00,8.00
43166.00,0.08,1.20,0.32,-0.05,0.08,7.53,-0.27,0.21,2214.58,0.01,-0.00,0.01,-0.00,0.00,0.00,10.00
43176.00,0.08,1.20,0.40,-0.05,0.08,8.64,-0.27,0.21,111.24,0.01,-0.00,0.01,-0.00,0.00,0.00,8.00
43184.00,0.08,1.20,0.35,-0.05,0.08,-6.88,-0.27,0.21,-1939.79,0.01,-0.00,0.01,0.00,0.00,0.00,15.00
43199.00,0.08,1.20,0.29,-0.05,0.08,-3.99,-0.27,0.21,192.67,0.01,-0.00,0.01,0.00,-0.00,0.00,7.00
43206.00,0.08,1.20,0.33,-0.05,0.08,5.32,-0.27,0.21,1329.87,0.01,-0.00,0.01,0.00,-0.00,0.00,8.00
43214.00,0.08,1.20,0.29,-0.05,0.08,-4.48,-0.27,0.21,-1225.43,0.01,-0.00,0.01,-0.00,0.01,0.00,8.00
43222.00,0.08,1.20,0.20,-0.05,0.08,-11.92,-0.27,0.21,-928.84,0.01,-0.00,0.01,-0.00,0.00,-0.00,5.00
43227.00,0.08,1.20,0.29,-0.05,0.08,18.33,-0.27,0.21,6049.64,0.01,-0.00,0.01,-0.00,0.00,-0.00,9.00
43236.00,0.08,1.20,0.36,-0.05,0.08,8.02,-0.27,0.21,-1146.33,0.01,-0.00,0.01,-0.00,0.00,-0.00,5.00
43241.00,0.08,1.20,0.28,-0.05,0.08,-14.96,-0.27,0.21,-4595.14,0.01,-0.00,0.01,-0.00,-0.00,0.00,6.00
43252.00,0.08,1.21,0.39,0.00,0.04,10.06,0.26,-0.21,2274.48,0.01,-0.00,0.01,0.00,-0.00,0.00,6.00
43258.00,0.08,1.21,0.31,0.00,0.04,-13.37,0.26,-0.21,-3904.33,0.01,-0.00,0.01,0.00,-0.00,0.00,7.00
43265.00,0.08,1.21,0.26,0.00,0.04,-8.04,0.26,-0.21,760.32,0.01,-0.00,0.01,0.00,-0.00,0.00,6.00
43271.00,0.08,1.21,0.34,0.00,0.04,13.29,0.26,-0.21,3555.83,0.01,-0.00,0.01,-0.00,-0.00,0.00,5.00
43276.00,0.08,1.21,0.23,0.00,0.04,-20.75,0.26,-0.21,-6808.00,0.01,-0.00,0.01,-0.00,-0.00,0.00,18.00
43294.00,0.08,1.21,0.26,0.00,0.04,1.21,0.26,-0.21,1219.89,0.01,-0.00,0.01,-0.00,0.00,0.00,9.00
43303.00,0.08,1.21,0.25,0.00,0.04,-0.50,0.26,-0.21,-190.09,0.01,-0.00,0.01,0.00,-0.00,-0.00,5.00
43308.00,0.08,1.21,0.31,0.00,0.04,11.54,0.26,-0.21,2407.65,0.01,-0.00,0.01,0.00,-0.00,-0.00,6.00
43314.00,0.08,1.21,0.42,0.00,0.04,17.65,0.26,-0.21,1018.37,0.01,-0.00,0.01,0.00,-0.00,0.00,5.00
43319.00,0.08,1.21,0.29,0.00,0.04,-25.16,0.26,-0.21,-8561.86,0.01,-0.00,0.01,0.00,0.00,0.00,4.00
43332.00,0.08,1.21,0.37,0.00,0.04,6.38,0.26,-0.21,2426.17,0.01,-0.00,0.01,0.00,0.00,-0.00,6.00
43338.00,0.08,1.21,0.23,0.00,0.04,-23.53,0.26,-0.21,-4984.30,0.01,-0.00,0.01,0.00,0.00,-0.00,6.00
43344.00,0.08,1.21,0.35,0.00,0.04,19.29,0.26,-0.21,7135.74,0.01,-0.00,0.01,0.00,0.00,-0.00,9.00
43353.00,0.08,1.21,0.27,0.00,0.04,-8.85,0.26,-0.21,-3126.34,0.01,-0.00,0.01,0.00,-0.00,0.00,5.00
43358.00,0.08,1.21,0.36,0.00,0.04,17.84,0.26,-0.21,5338.36,0.01,-0.00,0.01,0.00,-0.00,0.00,8.00
43366.00,0.08,1.21,0.31,0.00,0.04,-6.19,0.26,-0.21,-3003.37,0.01,-0.00,0.01,0.00,0.00,0.00,8.00
43374.00,0.08,1.21,0.31,0.00,0.04,-0.20,0.26,-0.21,748.21,0.01,-0.00,0.01,0.00,0.00,0.00,7.00
43381.00,0.08,1.21,0.37,0.00,0.04,8.76,0.26,-0.21,1279.98,0.01,-0.00,0.01,0.00,0.00,0.00,6.00
43387.00,0.08,1.21,0.31,0.00,0.04,-9.20,0.26,-0.21,-2993.15,0.01,-0.00,0.01,0.00,0.00,0.00,15.00
43402.00,0.08,1.21,0.32,0.00,0.04,0.89,0.26,-0.21,672.74,0.01,-0.00,0.01,-0.00,0.00,0.00,6.00
43412.00,0.08,1.21,0.42,0.00,0.04,9.42,0.26,-0.21,853.03,0.01,-0.00,0.01,-0.00,0.00,0.00,7.00
43419.00,0.08,1.21,0.25,0.00,0.04,-23.50,0.26,-0.21,-4702.95,0.01,-0.00,0.01,-0.00,0.00,0.00,6.00
43425.00,0.08,1.21,0.32,0.00,0.04,10.49,0.26,-0.21,5665.27,0.01,-0.00,0.01,0.00,0.00,0.00,10.00
43435.00,0.08,1.21,0.33,0.00,0.04,1.69,0.26,-0.21,-879.95,0.01,-0.00,0.01,0.00,0.00,0.00,5.00
43440.00,0.08,1.21,0.34,0.00,0.04,1.51,0.26,-0.21,-37.62,0.01,-0.00,0.01,0.00,0.00,0.00,7.00
43447.00,0.08,1.21,0.32,0.00,0.04,-3.11,0.26,-0.21,-658.75,0.01,-0.00,0.01,0.00,0.00,0.00,8.00
43455.00,0.07,1.22,0.31,-0.05,0.04,-1.61,-0.27,0.03,186.68,0.01,-0.00,0.01,-0.00,0.00,0.00,8.00
43463.00,0.07,1.22,0.31,-0.05,0.04,0.14,-0.27,0.03,218.86,0.01,-0.00,0.01,0.00,0.00,0.00,5.00
43468.00,0.07,1.22,0.22,-0.05,0.04,-16.68,-0.27,0.03,-3364.30,0.01,-0.00,0.01,0.00,0.00,0.00,8.00
43476.00,0.07,1.22,0.35,-0.05,0.04,15.67,-0.27,0.03,4044.31,0.01,-0.00,0.01,-0.00,0.00,0.00,8.00
43489.00,0.07,1.22,0.25,-0.05,0.04,-7.62,-0.27,0.03,-1791.65,0.01,-0.00,0.01,0.00,-0.00,-0.00,17.00
43506.00,0.07,1.22,0.33,-0.05,0.04,4.60,-0.27,0.03,718.66,0.01,-0.00,0.01,0.00,0.00,0.00,9.00
43515.00,0.07,1.22,0.35,-0.05,0.04,2.12,-0.27,0.03,-274.94,0.01,-0.00,0.01,-0.00,-0.00,0.00,8.00
43523.00,0.07,1.22,0.24,-0.05,0.04,-13.46,-0.27,0.03,-1947.66,0.01,-0.00,0.01,0.00,-0.00,-0.00,6.00
43529.00,0.07,1.22,0.31,-0.05,0.04,12.24,-0.27,0.03,4283.13,0.01,-0.00,0.01,0.00,-0.00,-0.00,7.00
43536.00,0.07,1.22,0.29,-0.05,0.04,-3.43,-0.27,0.03,-2238.68,0.01,-0.00,0.01,0.00,-0.00,0.00,6.00
43542.00,0.07,1.22,0.24,-0.05,0.04,-7.60,-0.27,0.03,-695.08,0.01,-0.00,0.01,0.00,0.00,0.00,5.00
43547.00,0.07,1.22,0.29,-0.05,0.04,10.03,-0.27,0.03,3526.10,0.01,-0.00,0.01,0.00,0.00,0.00,9.00
43556.00,0.07,1.22,0.32,-0.05,0.04,2.86,-0.27,0.03,-796.60,0.01,-0.00,0.01,0.00,0.00,0.00,8.00
43564.00,0.07,1.22,0.27,-0.05,0.04,-6.36,-0.27,0.03,-1152.11,0.01,-0.00,0.01,-0.00,-0.00,0.00,6.00
43575.00,0.07,1.22,0.36,-0.05,0.04,7.77,-0.27,0.03,1284.22,0.01,-0.00,0.01,0.00,-0.00,-0.00,8.00
43583.00,0.07,1.22,0.27,-0.05,0.04,-10.33,-0.27,0.03,-2262.52,0.01,-0.00,0.01,0.00,0.01,0.00,5.00
43588.00,0.07,1.22,0.37,-0.05,0.04,19.38,-0.27,0.03,5941.67,0.01,-0.00,0.01,0.00,0.01,0.00,17.00
43605.00,0.07,1.22,0.28,-0.05,0.04,-5.09,-0.27,0.03,-1439.05,0.01,-0.00,0.01,0.00,-0.00,0.00,8.00
43613.00,0.07,1.22,0.29,-0.05,0.04,0.92,-0.27,0.03,750.37,0.01,-0.00,0.01,0.00,0.00,0.00,5.00
43618.00,0.07,1.22,0.34,-0.05,0.04,9.27,-0.27,0.03,1670.15,0.01,-0.00,0.01,0.00,0.00,0.00,8.00
43626.00,0.07,1.22,0.33,-0.05,0.04,-0.27,-0.27,0.03,-1192.29,0.01,-0.00,0.01,-0.00,0.00,0.00,8.00
43634.00,0.07,1.22,0.35,-0.05,0.04,1.75,-0.27,0.03,253.06,0.01,-0.00,0.01,0.00,0.00,0.00,6.00
43640.00,0.07,1.22,0.28,-0.05,0.04,-12.16,-0.27,0.03,-2319.55,0.01,-0.00,0.01,-0.00,0.00,-0.00,6.00
43646.00,0.07,1.22,0.22,-0.05,0.04,-9.73,-0.27,0.03,405.97,0.01,-0.00,0.01,-0.00,0.00,-0.00,10.00
43660.00,0.06,1.24,0.34,-0.05,0.12,8.56,0.00,0.36,1306.58,0.01,-0.00,0.01,0.00,0.00,0.00,8.00
43668.00,0.06,1.24,0.35,-0.05,0.12,2.16,0.00,0.36,-800.26,0.01,-0.00,0.01,0.00,0.00,0.00,7.00
43675.00,0.06,1.24,0.20,-0.05,0.12,-21.85,0.00,0.36,-3429.84,0.01,-0.00,0.01,0.00,0.00,0.00,9.00
43684.00,0.06,1.24,0.30,-0.05,0.12,11.16,0.00,0.36,3666.97,0.01,-0.00,0.01,0.00,-0.00,0.00,5.00
43689.00,0.06,1.24,0.32,-0.05,0.12,2.84,0.00,0.36,-1662.99,0.01,-0.00,0.01,0.00,-0.00,0.00,17.00
43706.00,0.06,1.24,0.31,-0.05,0.12,-0.58,0.00,0.36,-201.13,0.01,-0.00,0.01,-0.00,0.00,0.00,8.00
43714.00,0.06,1.24,0.26,-0.05,0.12,-5.58,0.00,0.36,-624.69,0.01,-0.00,0.01,0.00,0.00,0.00,5.00
43719.00,0.06,1.24,0.34,-0.05,0.12,16.54,0.00,0.36,4423.72,0.01,-0.00,0.01,-0.00,0.00,0.00,8.00
43727.00,0.06,1.24,0.30,-0.05,0.12,-5.40,0.00,0.36,-2743.05,0.01,-0.00,0.01,-0.00,0.00,0.00,8.00
43735.00,0.06,1.24,0.42,-0.05,0.12,15.21,0.00,0.36,2576.18,0.01,-0.00,0.01,-0.00,-0.00,0.00,6.00
43746.00,0.06,1.24,0.30,-0.05,0.12,-11.21,0.00,0.36,-2402.09,0.01,-0.00,0.01,-0.00,0.00,0.00,8.00
43754.00,0.06,1.24,0.22,-0.05,0.12,-9.87,0.00,0.36,168.52,0.01,-0.00,0.01,0.00,0.00,-0.00,6.00
43760.00,0.06,1.24,0.32,-0.05,0.12,16.89,0.00,0.36,4459.19,0.01,-0.00,0.01,-0.00,0.00,-0.00,7.00
43767.00,0.06,1.24,0.31,-0.05,0.12,-1.98,0.00,0.36,-2695.41,0.01,-0.00,0.01,-0.00,0.00,0.00,8.00
43775.00,0.06,1.24,0.37,-0.05,0.12,8.35,0.00,0.36,1291.42,0.01,-0.00,0.01,0.00,0.00,-0.00,8.00
43783.00,0.06,1.24,0.38,-0.05,0.12,0.46,0.00,0.36,-987.08,0.01,-0.00,0.01,0.00,-0.00,0.00,5.00
43788.00,0.06,1.24,0.38,-0.05,0.12,0.03,0.00,0.36,-85.83,0.01,-0.00,0.01,0.00,-0.00,0.00,15.00
43803.00,0.06,1.24,0.26,-0.05,0.12,-7.66,0.00,0.36,-512.60,0.01,-0.00,0.01,-0.00,0.00,0.00,6.00
43809.00,0.06,1.24,0.37,-0.05,0.12,17.96,0.00,0.36,4270.33,0.01,-0.00,0.01,-0.00,0.00,0.00,7.00
43816.00,0.06,1.24,0.46,-0.05,0.12,12.72,0.00,0.36,-749.07,0.01,-0.00,0.01,0.00,0.00,0.00,9.00
43830.00,0.06,1.24,0.35,-0.05,0.12,-7.69,0.00,0.36,-1457.22,0.01,-0.00,0.01,0.00,-0.00,-0.00,8.00
43838.00,0.06,1.24,0.32,-0.05,0.12,-3.88,0.00,0.36,475.68,0.01,-0.00,0.01,0.00,-0.00,0.00,7.00
43845.00,0.06,1.24,0.32,-0.05,0.12,-0.47,0.00,0.36,487.58,0.01,-0.00,0.01,0.00,-0.00,-0.00,6.00
43851.00,0.06,1.24,0.36,-0.05,0.12,6.47,0.00,0.36,1155.84,0.01,-0.00,0.01,0.00,0.00,0.00,6.00
43857.00,0.06,1.24,0.33,-0.05,0.12,-4.52,0.00,0.36,-1832.05,0.01,-0.00,0.01,0.00,0.00,0.00,9.00
43866.00,0.04,1.27,0.38,-0.05,0.12,6.06,0.00,-0.00,1175.65,0.01,-0.00,0.01,0.00,0.00,-0.00,8.00
43874.00,0.04,1.27,0.34,-0.05,0.12,-5.24,0.00,-0.00,-1411.63,0.01,-0.00,0.01,0.00,0.00,0.00,6.00
43880.00,0.04,1.27,0.31,-0.05,0.12,-5.69,0.00,-0.00,-74.86,0.01,-0.00,0.01,0.00,-0.00,0.00,7.00
43887.00,0.04,1.27,0.43,-0.05,0.12,17.28,0.00,-0.00,3280.46,0.01,-0.00,0.01,0.00,-0.00,0.00,15.00
43902.00,0.04,1.27,0.37,-0.05,0.12,-4.25,0.00,-0.00,-1435.37,0.01,-0.00,0.01,0.00,-0.00,0.00,7.00
43913.00,0.04,1.27,0.30,-0.05,0.12,-5.72,0.00,-0.00,-133.60,0.01,-0.00,0.01,0.00,-0.00,0.00,6.00
43919.00,0.04,1.27,0.68,-0.05,0.12,62.17,0.00,-0.00,11316.15,0.01,-0.00,0.01,0.00,-0.00,0.00,5.00
43924.00,0.04,1.27,0.33,-0.05,0.12,-69.21,0.00,-0.00,-26276.80,0.01,-0.00,0.01,0.00,0.00,0.00,5.00
43929.00,0.04,1.27,0.31,-0.05,0.12,-3.05,0.00,-0.00,13231.42,0.01,-0.00,0.01,0.00,0.00,0.00,9.00
43938.00,0.04,1.27,0.28,-0.05,0.12,-4.22,0.00,-0.00,-129.77,0.01,-0.00,0.01,0.00,0.00,0.00,5.00
43943.00,0.04,1.27,0.26,-0.05,0.12,-3.55,0.00,-0.00,134.23,0.01,-0.00,0.01,0.00,0.00,0.00,6.00
43949.00,0.04,1.27,0.36,-0.05,0.12,16.22,0.00,-0.00,3294.39,0.01,-0.00,0.01,0.00,-0.00,0.00,8.00
43957.00,0.04,1.27,0.23,-0.05,0.12,-15.42,0.00,-0.00,-3954.89,0.01,-0.00,0.01,0.00,-0.00,0.00,8.00
43965.00,0.04,1.27,0.32,-0.05,0.12,11.23,0.00,-0.00,3331.88,0.01,-0.00,0.01,0.00,0.00,0.00,5.00
43970.00,0.04,1.27,0.28,-0.05,0.12,-7.56,0.00,-0.00,-3759.25,0.01,-0.00,0.01,0.00,0.00,0.00,8.00
43987.00,0.04,1.27,0.34,-0.05,0.12,3.07,0.00,-0.00,625.40,0.01,-0.00,0.01,0.00,0.00,-0.00,16.00
44003.00,0.04,1.27,0.29,-0.05,0.12,-2.97,0.00,-0.00,-377.36,0.01,-0.00,0.01,0.00,0.00,0.00,6.00
44009.00,0.04,1.27,0.25,-0.05,0.12,-6.26,0.00,-0.00,-547.64,0.01,-0.00,0.01,0.00,0.00,0.00,8.00
44017.00,0.04,1.27,0.28,-0.05,0.12,3.40,0.00,-0.00,1207.37,0.01,-0.00,0.01,0.00,-0.00,0.00,8.00
44025.00,0.04,1.27,0.36,-0.05,0.12,9.51,0.00,-0.00,763.26,0.01,-0.00,0.01,0.00,0.00,0.00,5.00
44030.00,0.04,1.27,0.33,-0.05,0.12,-4.37,0.00,-0.00,-2776.61,0.01,-0.00,0.01,0.00,-0.00,0.00,8.00
44038.00,0.04,1.27,0.30,-0.05,0.12,-3.65,0.00,-0.00,90.93,0.01,-0.00,0.01,-0.00,-0.00,0.00,5.00
44043.00,0.04,1.27,0.35,-0.05,0.12,8.54,0.00,-0.00,2437.83,0.01,-0.00,0.01,-0.00,0.00,0.00,6.00
44049.00,0.04,1.27,0.36,-0.05,0.12,2.50,0.00,-0.00,-1006.62,0.01,-0.00,0.01,-0.00,0.00,0.00,8.00
44057.00,0.04,1.27,0.27,-0.05,0.12,-10.94,0.00,-0.00,-1680.86,0.01,-0.00,0.01,0.00,0.00,-0.00,8.00
44070.00,0.04,1.24,0.29,0.00,-0.11,1.51,0.26,-1.12,957.65,0.01,-0.00,0.01,-0.00,-0.00,0.00,18.00
44088.00,0.04,1.24,0.28,0.00,-0.11,-0.55,0.26,-1.12,-114.07,0.01,-0.00,0.01,0.00,0.00,-0.00,6.00
44094.00,0.04,1.24,0.36,0.00,-0.11,11.91,0.26,-1.12,2075.62,0.01,-0.00,0.01,0.00,0.00,0.00,5.00
44099.00,0.04,1.24,0.33,0.00,-0.11,-5.92,0.26,-1.12,-3565.08,0.01,-0.00,0.01,0.00,0.00,0.00,9.00
44108.00,0.04,1.24,0.29,0.00,-0.11,-4.41,0.26,-1.12,168.11,0.01,-0.00,0.01,0.00,0.00,0.00,8.00
44116.00,0.04,1.24,0.32,0.00,-0.11,4.13,0.26,-1.12,1067.25,0.01,-0.00,0.01,0.00,0.00,0.00,6.00
44122.00,0.04,1.24,0.29,0.00,-0.11,-4.41,0.26,-1.12,-1423.16,0.01,-0.00,0.01,-0.00,0.00,0.00,6.00
44128.00,0.04,1.24,0.36,0.00,-0.11,11.35,0.26,-1.12,2626.58,0.01,-0.00,0.01,-0.00,0.00,0.00,9.00
44137.00,0.04,1.24,0.31,0.00,-0.11,-6.12,0.26,-1.12,-1941.28,0.01,-0.00,0.01,0.00,-0.00,0.00,5.00
44142.00,0.04,1.24,0.30,0.00,-0.11,-1.02,0.26,-1.12,1019.45,0.01,-0.00,0.01,-0.00,-0.00,0.00,7.00
44154.00,0.04,1.24,0.44,0.00,-0.11,11.94,0.26,-1.12,1080.06,0.01,-0.00,0.01,0.00,-0.00,-0.00,6.00
44160.00,0.04,1.24,0.34,0.00,-0.11,-18.07,0.26,-1.12,-5002.02,0.01,-0.00,0.01,0.00,-0.00,-0.00,8.00
44168.00,0.04,1.24,0.34,0.00,-0.11,0.96,0.26,-1.12,2379.54,0.01,-0.00,0.01,0.00,0.00,-0.00,18.00
44186.00,0.04,1.24,0.33,0.00,-0.11,-0.74,0.26,-1.12,-94.82,0.01,-0.00,0.01,0.00,0.00,-0.00,6.00
44192.00,0.04,1.24,0.24,0.00,-0.11,-14.64,0.26,-1.12,-2315.95,0.01,-0.00,0.01,0.00,0.00,-0.00,6.00
44198.00,0.04,1.24,0.38,0.00,-0.11,23.44,0.26,-1.12,6346.20,0.01,-0.00,0.01,0.00,0.00,0.00,9.00
44207.00,0.04,1.24,0.28,0.00,-0.11,-11.25,0.26,-1.12,-3853.80,0.01,-0.00,0.01,0.00,-0.00,0.00,7.00
44214.00,0.04,1.24,0.34,0.00,-0.11,8.08,0.26,-1.12,2760.62,0.01,-0.00,0.01,0.00,0.00,-0.00,6.00
44220.00,0.04,1.24,0.27,0.00,-0.11,-10.63,0.26,-1.12,-3118.15,0.01,-0.00,0.01,0.00,0.00,-0.00,8.00
44228.00,0.04,1.24,0.32,0.00,-0.11,5.93,0.26,-1.12,2069.72,0.01,-0.00,0.01,0.00,0.00,0.00,8.00
44241.00,0.04,1.24,0.34,0.00,-0.11,1.16,0.26,-1.12,-366.83,0.01,-0.00,0.01,0.00,-0.00,0.00,8.00
44249.00,0.04,1.24,0.37,0.00,-0.11,4.35,0.26,-1.12,398.48,0.01,-0.00,0.01,0.00,-0.00,0.00,8.00
44257.00,0.04,1.24,0.30,0.00,-0.11,-8.46,0.26,-1.12,-1601.14,0.01,-0.00,0.01,0.00,-0.00,0.00,7.00
44264.00,0.04,1.24,0.30,0.00,-0.11,0.00,0.26,-1.12,1209.20,0.01,-0.00,0.01,0.00,-0.00,-0.00,5.00
44269.00,0.04,1.24,0.37,0.00,-0.11,12.70,0.26,-1.12,2539.99,0.01,-0.00,0.01,0.00,-0.00,-0.00,18.00
44287.00,0.04,1.23,0.29,0.00,-0.07,-4.24,0.00,0.19,-940.99,0.01,-0.00,0.01,-0.00,-0.00,-0.00,6.00
44293.00,0.04,1.23,0.34,0.00,-0.07,8.91,0.00,0.19,2190.31,0.01,-0.00,0.01,-0.00,0.00,0.00,6.00
44299.00,0.04,1.23,0.25,0.00,-0.07,-15.59,0.00,0.19,-4082.53,0.01,-0.00,0.01,0.00,0.00,0.00,9.00
44308.00,0.04,1.23,0.38,0.00,-0.07,14.59,0.00,0.19,3353.08,0.01,-0.00,0.01,0.00,-0.00,0.00,7.00
44315.00,0.04,1.23,0.34,0.00,-0.07,-5.37,0.00,0.19,-2850.52,0.01,-0.00,0.01,0.00,0.00,0.00,6.00
44326.00,0.04,1.23,0.35,0.00,-0.07,0.56,0.00,0.19,539.09,0.01,-0.00,0.01,0.00,0.00,-0.00,6.00
44332.00,0.04,1.23,0.36,0.00,-0.07,1.38,0.00,0.19,135.55,0.01,-0.00,0.01,0.00,-0.00,-0.00,7.00
44339.00,0.04,1.23,0.42,0.00,-0.07,8.36,0.00,0.19,997.22,0.01,-0.00,0.01,0.00,-0.00,0.00,6.00
44345.00,0.04,1.23,0.37,0.00,-0.07,-7.12,0.00,0.19,-2580.08,0.01,-0.00,0.01,0.00,0.00,0.00,5.00
44350.00,0.04,1.23,0.28,0.00,-0.07,-19.88,0.00,0.19,-2552.29,0.01,-0.00,0.01,0.00,0.00,0.00,9.00
44359.00,0.04,1.23,0.39,0.00,-0.07,12.78,0.00,0.19,3628.87,0.01,-0.00,0.01,-0.00,-0.00,-0.00,8.00
44367.00,0.04,1.23,0.40,0.00,-0.07,1.60,0.00,0.19,-1396.35,0.01,-0.00,0.01,-0.00,0.00,-0.00,18.00
44385.00,0.04,1.23,0.30,0.00,-0.07,-5.53,0.00,0.19,-396.31,0.01,-0.00,0.01,0.00,-0.00,0.00,6.00
44391.00,0.04,1.23,0.36,0.00,-0.07,8.86,0.00,0.19,2398.38,0.01,-0.00,0.01,0.00,-0.00,0.00,5.00
44396.00,0.04,1.23,0.34,0.00,-0.07,-3.41,0.00,0.19,-2455.09,0.01,-0.00,0.01,0.00,0.00,0.00,6.00
44407.00,0.04,1.23,0.37,0.00,-0.07,2.90,0.00,0.19,573.67,0.01,-0.00,0.01,-0.00,0.00,-0.00,7.00
44414.00,0.04,1.23,0.38,0.00,-0.07,1.45,0.00,0.19,-206.00,0.01,-0.00,0.01,-0.00,0.00,-0.00,6.00
44420.00,0.04,1.23,0.32,0.00,-0.07,-9.96,0.00,0.19,-1903.02,0.01,-0.00,0.01,-0.00,0.00,-0.00,8.00
44428.00,0.04,1.23,0.45,0.00,-0.07,16.45,0.00,0.19,3301.66,0.01,-0.00,0.01,0.00,-0.00,0.00,8.00
44436.00,0.04,1.23,0.33,0.00,-0.07,-15.65,0.00,0.19,-4012.40,0.01,-0.00,0.01,0.00,0.00,0.00,6.00
44442.00,0.04,1.23,0.38,0.00,-0.07,9.02,0.00,0.19,4111.81,0.01,-0.00,0.01,0.00,-0.00,0.00,7.00
44449.00,0.04,1.23,0.33,0.00,-0.07,-7.44,0.00,0.19,-2351.56,0.01,-0.00,0.01,0.00,-0.00,0.00,9.00
44458.00,0.04,1.23,0.32,0.00,-0.07,-1.11,0.00,0.19,703.63,0.01,-0.00,0.01,0.00,0.00,0.00,7.00
44465.00,0.04,1.23,0.41,0.00,-0.07,12.97,0.00,0.19,2010.60,0.01,-0.00,0.01,-0.00,0.00,0.00,6.00
44471.00,0.04,1.23,0.40,0.00,-0.07,-1.54,0.00,0.19,-2418.66,0.01,-0.00,0.01,-0.00,0.00,0.00,7.00
44483.00,0.04,1.23,0.42,0.00,-0.07,1.31,0.00,0.19,238.11,0.01,-0.00,0.01,0.00,0.00,-0.00,18.00
44501.00,0.06,1.21,0.36,0.05,-0.08,-3.33,0.24,-0.02,-257.84,0.01,-0.00,0.01,-0.00,0.00,0.00,8.00
44509.00,0.06,1.21,0.35,0.05,-0.08,-1.58,0.24,-0.02,218.97,0.01,-0.00,0.01,-0.00,0.00,0.00,9.00
44518.00,0.06,1.21,0.41,0.05,-0.08,6.73,0.24,-0.02,922.77,0.01,-0.00,0.01,-0.00,-0.00,0.00,7.00
44525.00,0.06,1.21,0.43,0.05,-0.08,2.75,0.24,-0.02,-568.51,0.01,-0.00,0.01,0.00,-0.00,-0.00,5.00
44530.00,0.06,1.21,0.42,0.05,-0.08,-1.08,0.24,-0.02,-765.59,0.01,-0.00,0.01,0.00,-0.00,-0.00,9.00
44539.00,0.06,1.21,0.38,0.05,-0.08,-4.66,0.24,-0.02,-398.21,0.01,-0.00,0.01,0.00,0.00,-0.00,5.00
44544.00,0.06,1.21,0.44,0.05,-0.08,12.82,0.24,-0.02,3497.39,0.01,-0.00,0.01,0.00,-0.00,-0.00,7.00
44551.00,0.06,1.21,0.36,0.05,-0.08,-12.33,0.24,-0.02,-3593.71,0.01,-0.00,0.01,0.00,-0.01,0.00,8.00
44559.00,0.06,1.21,0.40,0.05,-0.08,5.62,0.24,-0.02,2243.52,0.01,-0.00,0.01,-0.00,-0.00,0.00,8.00
44571.00,0.06,1.21,0.35,0.05,-0.08,-4.12,0.24,-0.02,-811.21,0.01,-0.00,0.01,0.00,0.00,0.00,19.00
44590.00,0.06,1.21,0.39,0.05,-0.08,2.13,0.24,-0.02,328.65,0.01,-0.00,0.01,-0.00,0.00,-0.00,6.00
44596.00,0.06,1.21,0.49,0.05,-0.08,15.98,0.24,-0.02,2309.65,0.01,-0.00,0.01,0.00,-0.00,0.00,5.00
44601.00,0.06,1.21,0.36,0.05,-0.08,-24.76,0.24,-0.02,-8147.96,0.01,-0.00,0.01,0.00,-0.00,0.00,8.00
44609.00,0.06,1.21,0.32,0.05,-0.08,-5.94,0.24,-0.02,2352.18,0.01,-0.00,0.01,-0.00,0.01,0.00,8.00
44617.00,0.06,1.21,0.36,0.05,-0.08,5.97,0.24,-0.02,1488.87,0.01,-0.00,0.01,0.00,0.00,0.00,7.00
44624.00,0.06,1.21,0.37,0.05,-0.08,1.03,0.24,-0.02,-706.23,0.01,-0.00,0.01,0.00,0.00,0.00,6.00
44630.00,0.06,1.21,0.43,0.05,-0.08,9.58,0.24,-0.02,1425.52,0.01,-0.00,0.01,0.00,0.00,-0.00,9.00
44639.00,0.06,1.21,0.47,0.05,-0.08,4.15,0.24,-0.02,-603.04,0.01,-0.00,0.01,-0.00,0.00,-0.00,5.00
44644.00,0.06,1.21,0.44,0.05,-0.08,-5.30,0.24,-0.02,-1891.51,0.01,-0.00,0.01,-0.00,0.00,0.00,7.00
44656.00,0.06,1.21,0.39,0.05,-0.08,-4.26,0.24,-0.02,86.82,0.01,-0.00,0.01,-0.00,0.00,0.00,6.00
44662.00,0.06,1.21,0.34,0.05,-0.08,-8.79,0.24,-0.02,-754.79,0.01,-0.00,0.01,-0.00,0.00,0.00,7.00
44669.00,0.06,1.21,0.41,0.05,-0.08,11.21,0.24,-0.02,2856.42,0.01,-0.00,0.01,-0.00,0.00,0.00,18.00
44687.00,0.06,1.21,0.37,0.05,-0.08,-2.71,0.24,-0.02,-772.89,0.01,-0.00,0.01,0.00,0.00,0.00,6.00
44693.00,0.06,1.21,0.33,0.05,-0.08,-6.64,0.24,-0.02,-655.70,0.01,-0.00,0.01,0.00,0.00,-0.00,7.00
44700.00,0.06,1.21,0.45,0.05,-0.08,17.65,0.24,-0.02,3469.67,0.01,-0.00,0.01,0.00,0.00,-0.00,8.00
44708.00,0.06,1.21,0.34,0.00,-0.04,-13.66,-0.25,0.19,-3912.72,0.01,-0.00,0.01,0.00,-0.00,0.00,6.00
44714.00,0.06,1.21,0.28,0.00,-0.04,-9.63,-0.25,0.19,670.01,0.01,-0.00,0.01,0.00,-0.00,0.00,7.00
44721.00,0.06,1.21,0.40,0.00,-0.04,16.77,-0.25,0.19,3771.46,0.01,-0.00,0.01,0.00,0.00,0.00,8.00
44729.00,0.06,1.21,0.34,0.00,-0.04,-7.17,-0.25,0.19,-2992.37,0.01,-0.00,0.01,-0.00,-0.00,0.00,8.00
44746.00,0.06,1.21,0.38,0.00,-0.04,2.08,-0.25,0.19,544.30,0.01,-0.00,0.01,-0.00,0.00,0.00,7.00
44753.00,0.06,1.21,0.28,0.00,-0.04,-13.36,-0.25,0.19,-2205.35,0.01,-0.00,0.01,-0.00,0.00,0.00,7.00
44760.00,0.06,1.21,0.31,0.00,-0.04,3.53,-0.25,0.19,2412.61,0.01,-0.00,0.01,0.00,0.00,-0.00,8.00
44768.00,0.06,1.21,0.37,0.00,-0.04,8.08,-0.25,0.19,568.41,0.01,-0.00,0.01,-0.00,0.00,0.00,6.00
44774.00,0.06,1.21,0.40,0.00,-0.04,3.91,-0.25,0.19,-694.60,0.01,-0.00,0.01,-0.00,0.00,0.00,17.00
44791.00,0.06,1.21,0.31,0.00,-0.04,-5.28,-0.25,0.19,-540.31,0.01,-0.00,0.01,-0.00,-0.00,0.00,5.00
44796.00,0.06,1.21,0.37,0.00,-0.04,12.33,-0.25,0.19,3521.77,0.01,-0.00,0.01,0.00,0.00,0.00,5.00
44801.00,0.06,1.21,0.37,0.00,-0.04,0.39,-0.25,0.19,-2389.48,0.01,-0.00,0.01,0.00,0.00,0.00,9.00
44810.00,0.06,1.21,0.45,0.00,-0.04,9.16,-0.25,0.19,974.74,0.01,-0.00,0.01,-0.00,0.00,0.00,8.00
44818.00,0.06,1.21,0.38,0.00,-0.04,-9.62,-0.25,0.19,-2347.19,0.01,-0.00,0.01,0.00,-0.00,-0.00,6.00
44828.00,0.06,1.21,0.35,0.00,-0.04,-2.51,-0.25,0.19,711.33,0.01,-0.00,0.01,0.00,0.00,-0.00,8.00
44836.00,0.06,1.21,0.39,0.00,-0.04,5.17,-0.25,0.19,959.30,0.01,-0.00,0.01,-0.00,0.00,-0.00,5.00
44841.00,0.06,1.21,0.38,0.00,-0.04,-2.15,-0.25,0.19,-1464.40,0.01,-0.00,0.01,-0.00,0.00,-0.00,6.00
44847.00,0.06,1.21,0.38,0.00,-0.04,-0.33,-0.25,0.19,303.06,0.01,-0.00,0.01,0.00,0.00,0.00,5.00
44852.00,0.06,1.21,0.23,0.00,-0.04,-29.52,-0.25,0.19,-5837.22,0.01,-0.00,0.01,-0.00,0.00,-0.00,8.00
44860.00,0.06,1.21,0.43,0.00,-0.04,24.59,-0.25,0.19,6764.04,0.01,-0.00,0.01,-0.00,-0.00,-0.00,8.00
44868.00,0.06,1.21,0.33,0.00,-0.04,-12.62,-0.25,0.19,-4651.14,0.01,-0.00,0.01,0.00,-0.00,0.00,17.00
44885.00,0.06,1.21,0.34,0.00,-0.04,0.65,-0.25,0.19,780.45,0.01,-0.00,0.01,0.00,-0.00,-0.00,7.00
44892.00,0.06,1.21,0.42,0.00,-0.04,11.91,-0.25,0.19,1608.65,0.01,-0.00,0.01,0.00,-0.00,-0.00,5.00
44897.00,0.06,1.21,0.43,0.00,-0.04,1.82,-0.25,0.19,-2018.28,0.01,-0.00,0.01,0.00,0.00,-0.00,6.00
44908.00,0.07,1.20,0.43,0.06,-0.00,0.01,0.28,0.16,-164.05,0.01,-0.00,0.01,0.00,-0.00,0.00,6.00
44914.00,0.07,1.20,0.32,0.06,-0.00,-17.99,0.28,0.16,-3000.50,0.01,-0.00,0.01,0.00,-0.00,0.00,7.00
44921.00,0.07,1.20,0.39,0.06,-0.00,9.44,0.28,0.16,3918.58,0.01,-0.00,0.01,0.00,-0.00,0.00,9.00
44930.00,0.07,1.20,0.38,0.06,-0.00,-1.43,0.28,0.16,-1208.42,0.01,-0.00,0.01,0.00,0.00,0.00,7.00
44937.00,0.07,1.20,0.36,0.06,-0.00,-2.35,0.28,0.16,-130.35,0.01,-0.00,0.01,0.00,-0.00,0.00,6.00
44943.00,0.07,1.20,0.43,0.06,-0.00,11.69,0.28,0.16,2340.05,0.01,-0.00,0.01,0.00,-0.00,0.00,7.00
44950.00,0.07,1.20,0.30,0.06,-0.00,-18.01,0.28,0.16,-4244.11,0.01,-0.00,0.01,0.00,-0.00,-0.00,8.00
44958.00,0.07,1.20,0.31,0.06,-0.00,0.53,0.28,0.16,2318.01,0.01,-0.00,0.01,-0.00,0.00,-0.00,5.00
44963.00,0.07,1.20,0.33,0.06,-0.00,3.38,0.28,0.16,569.65,0.01,-0.00,0.01,-0.00,0.00,-0.00,8.00
44971.00,0.07,1.20,0.37,0.06,-0.00,6.12,0.28,0.16,343.23,0.01,-0.00,0.01,0.00,-0.00,0.00,8.00
44984.00,0.07,1.20,0.43,0.06,-0.00,4.04,0.28,0.16,-159.87,0.01,-0.00,0.01,0.00,0.00,0.00,18.00
45002.00,0.07,1.20,0.34,0.06,-0.00,-4.82,0.28,0.16,-492.76,0.01,-0.00,0.01,-0.00,-0.00,0.00,9.00
45011.00,0.07,1.20,0.30,0.06,-0.00,-4.61,0.28,0.16,23.77,0.01,-0.00,0.01,0.00,0.00,0.00,8.00
45019.00,0.07,1.20,0.38,0.06,-0.00,9.68,0.28,0.16,1785.83,0.01,-0.00,0.01,-0.00,-0.00,0.00,6.00
45025.00,0.07,1.20,0.40,0.06,-0.00,4.05,0.28,0.16,-938.27,0.01,-0.00,0.01,0.00,0.00,0.00,6.00
45031.00,0.07,1.20,0.37,0.06,-0.00,-5.55,0.28,0.16,-1600.11,0.01,-0.00,0.01,0.00,0.00,0.00,10.00
45041.00,0.07,1.20,0.43,0.06,-0.00,6.62,0.28,0.16,1217.80,0.01,-0.00,0.01,0.00,0.00,0.00,5.00
45046.00,0.07,1.20,0.35,0.06,-0.00,-16.20,0.28,0.16,-4563.82,0.01,-0.00,0.01,0.00,-0.00,0.00,6.00
45052.00,0.07,1.20,0.44,0.06,-0.00,13.91,0.28,0.16,5016.86,0.01,-0.00,0.01,0.00,-0.00,0.00,8.00
45060.00,0.07,1.20,0.44,0.06,-0.00,0.00,0.28,0.16,-1738.19,0.01,-0.00,0.01,0.00,-0.00,0.00,3.00
45067.00,0.07,1.20,0.35,0.06,-0.00,-12.50,0.28,0.16,-1785.45,0.01,-0.00,0.01,0.00,0.00,0.00,6.00
45073.00,0.07,1.20,0.31,0.06,-0.00,-5.54,0.28,0.16,1160.44,0.01,-0.00,0.01,0.00,0.00,0.00,18.00
45091.00,0.07,1.20,0.32,0.06,-0.00,0.30,0.28,0.16,324.40,0.01,-0.00,0.01,0.00,0.00,0.00,6.00
45097.00,0.07,1.20,0.32,0.06,-0.00,0.43,0.28,0.16,21.00,0.01,-0.00,0.01,0.00,0.00,0.00,5.00
45102.00,0.07,1.20,0.38,0.06,-0.00,12.09,0.28,0.16,2332.02,0.01,-0.00,0.01,0.00,0.00,0.00,9.00
45111.00,0.07,1.19,0.42,0.00,-0.08,3.90,-0.27,-0.35,-910.18,0.01,-0.00,0.01,0.00,0.00,0.00,8.00
45119.00,0.07,1.19,0.37,0.00,-0.08,-5.60,-0.27,-0.35,-1186.95,0.01,-0.00,0.01,0.00,0.01,0.00,6.00
45125.00,0.07,1.19,0.42,0.00,-0.08,7.77,-0.27,-0.35,2227.19,0.01,-0.00,0.01,0.00,0.00,-0.00,6.00
45131.00,0.07,1.19,0.40,0.00,-0.08,-3.28,-0.27,-0.35,-1841.51,0.01,-0.00,0.01,-0.00,0.00,-0.00,7.00
45138.00,0.07,1.19,0.38,0.00,-0.08,-2.71,-0.27,-0.35,81.47,0.01,-0.00,0.01,-0.00,-0.00,0.00,5.00
45148.00,0.07,1.19,0.41,0.00,-0.08,3.00,-0.27,-0.35,571.68,0.01,-0.00,0.01,0.00,0.00,0.00,7.00
45155.00,0.07,1.19,0.36,0.00,-0.08,-7.71,-0.27,-0.35,-1530.51,0.01,-0.00,0.01,-0.00,0.00,0.00,7.00
45162.00,0.07,1.19,0.38,0.00,-0.08,3.77,-0.27,-0.35,1639.58,0.01,-0.00,0.01,-0.00,0.00,0.00,9.00
45171.00,0.07,1.19,0.38,0.00,-0.08,-0.10,-0.27,-0.35,-429.49,0.01,-0.00,0.01,-0.00,0.00,0.00,7.00
45178.00,0.07,1.19,0.40,0.00,-0.08,1.77,-0.27,-0.35,267.44,0.01,-0.00,0.01,0.00,0.01,-0.00,15.00
45193.00,0.07,1.19,0.47,0.00,-0.08,4.78,-0.27,-0.35,200.69,0.01,-0.00,0.01,0.00,0.00,-0.00,7.00
45200.00,0.07,1.19,0.43,0.00,-0.08,-5.64,-0.27,-0.35,-1488.98,0.01,-0.00,0.01,0.00,-0.00,-0.00,7.00
45207.00,0.07,1.19,0.49,0.00,-0.08,8.92,-0.27,-0.35,2080.13,0.01,-0.00,0.01,0.00,0.00,0.00,6.00
45213.00,0.07,1.19,0.43,0.00,-0.08,-10.86,-0.27,-0.35,-3297.13,0.01,-0.00,0.01,0.00,0.00,0.00,8.00
45221.00,0.07,1.19,0.44,0.00,-0.08,1.34,-0.27,-0.35,1524.95,0.01,-0.00,0.01,0.00,0.00,0.00,8.00
45234.00,0.07,1.19,0.33,0.00,-0.08,-8.12,-0.27,-0.35,-727.74,0.01,-0.00,0.01,0.00,0.00,-0.00,9.00
45243.00,0.07,1.19,0.39,0.00,-0.08,6.27,-0.27,-0.35,1599.40,0.01,-0.00,0.01,0.00,0.01,-0.00,5.00
45248.00,0.07,1.19,0.44,0.00,-0.08,11.53,-0.27,-0.35,1052.35,0.01,-0.00,0.01,0.00,0.01,0.00,6.00
45254.00,0.07,1.19,0.37,0.00,-0.08,-13.00,-0.27,-0.35,-4089.75,0.01,-0.00,0.01,-0.00,0.01,0.00,7.00
45261.00,0.07,1.19,0.38,0.00,-0.08,2.29,-0.27,-0.35,2184.65,0.01,-0.00,0.01,-0.00,0.00,0.00,9.00
45270.00,0.07,1.19,0.50,0.00,-0.08,12.57,-0.27,-0.35,1142.90,0.01,-0.00,0.01,-0.00,0.00,-0.00,6.00
45276.00,0.07,1.19,0.38,0.00,-0.08,-18.48,-0.27,-0.35,-5175.97,0.01,-0.00,0.01,0.00,0.00,-0.00,16.00
45292.00,0.07,1.19,0.29,0.00,-0.08,-6.09,-0.27,-0.35,774.74,0.01,-0.00,0.01,-0.00,0.00,0.00,6.00
45298.00,0.07,1.19,0.37,0.00,-0.08,13.05,-0.27,-0.35,3188.76,0.01,-0.00,0.01,-0.00,0.00,0.00,5.00
45303.00,0.07,1.19,0.25,0.00,-0.08,-23.74,-0.27,-0.35,-7357.21,0.01,-0.00,0.01,-0.00,0.00,0.00,9.00
45316.00,0.07,1.18,0.38,0.00,-0.04,10.20,0.00,0.19,2610.33,0.01,-0.00,0.01,0.00,0.00,0.00,8.00
45324.00,0.07,1.18,0.38,0.00,-0.04,-0.34,0.00,0.19,-1317.49,0.01,-0.00,0.01,0.00,0.00,0.00,7.00
45331.00,0.07,1.18,0.41,0.00,-0.04,5.31,0.00,0.19,807.90,0.01,-0.00,0.01,0.00,0.00,0.00,8.00
45339.00,0.07,1.18,0.40,0.00,-0.04,-2.33,0.00,0.19,-955.49,0.01,-0.00,0.01,0.00,0.00,-0.00,5.00
45344.00,0.07,1.18,0.35,0.00,-0.04,-8.55,0.00,0.19,-1243.29,0.01,-0.00,0.01,0.00,-0.00,-0.00,8.00
45352.00,0.07,1.18,0.34,0.00,-0.04,-1.36,0.00,0.19,898.64,0.01,-0.00,0.01,0.00,-0.00,0.00,8.00
45360.00,0.07,1.18,0.37,0.00,-0.04,4.05,0.00,0.19,676.10,0.01,-0.00,0.01,0.00,-0.00,-0.00,7.00
45367.00,0.07,1.18,0.38,0.00,-0.04,0.44,0.00,0.19,-515.59,0.01,-0.00,0.01,-0.00,-0.00,0.00,6.00
45373.00,0.07,1.18,0.35,0.00,-0.04,-3.94,0.00,0.19,-730.50,0.01,-0.00,0.01,-0.00,-0.00,0.00,18.00
45391.00,0.07,1.18,0.33,0.00,-0.04,-1.21,0.00,0.19,151.77,0.01,-0.00,0.01,-0.00,0.00,0.00,6.00
45406.00,0.07,1.18,0.43,0.00,-0.04,6.35,0.00,0.19,504.11,0.01,-0.00,0.01,0.00,0.00,-0.00,8.00
45414.00,0.07,1.18,0.44,0.00,-0.04,2.23,0.00,0.19,-515.04,0.01,-0.00,0.01,0.00,0.00,0.00,8.00
45422.00,0.07,1.18,0.38,0.00,-0.04,-7.72,0.00,0.19,-1243.24,0.01,-0.00,0.01,0.00,0.00,0.00,8.00
45430.00,0.07,1.18,0.37,0.00,-0.04,-1.10,0.00,0.19,826.68,0.01,-0.00,0.01,0.00,0.00,0.00,5.00
45435.00,0.07,1.18,0.44,0.00,-0.04,12.75,0.00,0.19,2769.91,0.01,-0.00,0.01,0.00,0.00,-0.00,8.00
45443.00,0.07,1.18,0.44,0.00,-0.04,-0.15,0.00,0.19,-1612.58,0.01,-0.00,0.01,0.00,-0.00,-0.00,4.00
45447.00,0.07,1.18,0.44,0.00,-0.04,0.00,0.00,0.19,38.47,0.01,-0.00,0.01,0.00,-0.00,-0.00,4.00
45451.00,0.07,1.18,0.38,0.00,-0.04,-15.06,0.00,0.19,-3766.03,0.01,-0.00,0.01,0.00,-0.00,0.00,8.00
45459.00,0.07,1.18,0.43,0.00,-0.04,6.85,0.00,0.19,2739.52,0.01,-0.00,0.01,0.00,-0.00,0.00,5.00
45464.00,0.07,1.18,0.46,0.00,-0.04,5.37,0.00,0.19,-297.25,0.01,-0.00,0.01,-0.00,-0.00,0.00,8.00
45477.00,0.07,1.18,0.44,0.00,-0.04,-1.63,0.00,0.19,-537.81,0.01,-0.00,0.01,-0.00,-0.00,0.00,17.00
45494.00,0.07,1.18,0.43,0.00,-0.04,-0.48,0.00,0.19,67.11,0.01,-0.00,0.01,0.00,0.00,0.00,7.00
45501.00,0.07,1.18,0.41,0.00,-0.04,-2.43,0.00,0.19,-278.47,0.01,-0.00,0.01,0.00,-0.00,0.00,5.00
45506.00,0.07,1.18,0.37,0.00,-0.04,-9.06,0.00,0.19,-1325.33,0.01,-0.00,0.01,0.00,-0.00,0.00,8.00
45514.00,0.07,1.18,0.42,0.00,-0.04,6.69,0.00,0.19,1968.39,0.01,-0.00,0.01,0.00,-0.00,0.00,8.00
45522.00,0.08,1.18,0.42,0.05,-0.00,-0.60,0.26,0.16,-910.32,0.01,-0.00,0.01,-0.00,-0.00,0.00,7.00
45529.00,0.08,1.18,0.37,0.05,-0.00,-6.62,0.26,0.16,-859.99,0.01,-0.00,0.01,0.00,-0.00,0.00,5.00
45534.00,0.08,1.18,0.42,0.05,-0.00,10.34,0.26,0.16,3391.31,0.01,-0.00,0.01,0.00,-0.00,0.00,9.00
45543.00,0.08,1.18,0.44,0.05,-0.00,1.94,0.26,0.16,-933.44,0.01,-0.00,0.01,0.00,0.00,0.00,5.00
45548.00,0.08,1.18,0.40,0.05,-0.00,-6.81,0.26,0.16,-1750.16,0.01,-0.00,0.01,0.00,0.00,0.00,6.00
45559.00,0.08,1.18,0.48,0.05,-0.00,7.17,0.26,0.16,1271.45,0.01,-0.00,0.01,0.00,-0.00,0.00,7.00
45566.00,0.08,1.18,0.34,0.05,-0.00,-20.39,0.26,0.16,-3937.79,0.01,-0.00,0.01,-0.00,-0.00,0.00,7.00
45573.00,0.08,1.18,0.47,0.05,-0.00,18.50,0.26,0.16,5555.34,0.01,-0.00,0.01,-0.00,-0.00,0.00,18.00
45591.00,0.08,1.18,0.42,0.05,-0.00,-2.89,0.26,0.16,-1188.22,0.01,-0.00,0.01,0.00,-0.00,0.00,6.00
45597.00,0.08,1.18,0.41,0.05,-0.00,-2.04,0.26,0.16,141.05,0.01,-0.00,0.01,-0.00,-0.00,0.00,6.00
45603.00,0.08,1.18,0.41,0.05,-0.00,0.56,0.26,0.16,434.54,0.01,-0.00,0.01,-0.00,0.00,0.00,9.00
45612.00,0.08,1.18,0.47,0.05,-0.00,7.25,0.26,0.16,742.48,0.01,-0.00,0.01,-0.00,-0.00,0.00,8.00
45620.00,0.08,1.18,0.44,0.05,-0.00,-4.71,0.26,0.16,-1494.73,0.01,-0.00,0.01,-0.00,0.00,0.00,5.00
45625.00,0.08,1.18,0.46,0.05,-0.00,3.81,0.26,0.16,1704.78,0.01,-0.00,0.01,-0.00,0.00,0.00,8.00
45633.00,0.08,1.18,0.39,0.05,-0.00,-8.26,0.26,0.16,-1508.32,0.01,-0.00,0.01,0.00,-0.00,0.00,8.00
45646.00,0.08,1.18,0.41,0.05,-0.00,1.60,0.26,0.16,758.00,0.01,-0.00,0.01,0.00,-0.00,-0.00,8.00
45654.00,0.08,1.18,0.38,0.05,-0.00,-3.43,0.26,0.16,-628.35,0.01,-0.00,0.01,0.00,0.00,0.00,8.00
45662.00,0.08,1.18,0.42,0.05,-0.00,4.42,0.26,0.16,980.58,0.01,-0.00,0.01,0.00,-0.00,0.00,8.00
45670.00,0.08,1.18,0.43,0.05,-0.00,2.03,0.26,0.16,-298.85,0.01,-0.00,0.01,-0.00,-0.00,-0.00,5.00
45675.00,0.08,1.18,0.30,0.05,-0.00,-25.95,0.26,0.16,-5595.24,0.01,-0.00,0.01,0.00,-0.00,-0.00,17.00
45692.00,0.08,1.18,0.45,0.05,-0.00,8.40,0.26,0.16,2020.76,0.01,-0.00,0.01,0.00,-0.00,0.00,6.00
45698.00,0.08,1.18,0.38,0.05,-0.00,-10.51,0.26,0.16,-3152.81,0.01,-0.00,0.01,0.00,0.00,0.00,6.00
45704.00,0.08,1.18,0.40,0.05,-0.00,3.23,0.26,0.16,2291.19,0.01,-0.00,0.01,0.00,0.00,0.00,9.00
45713.00,0.08,1.18,0.40,0.05,-0.00,-0.18,0.26,0.16,-378.69,0.01,-0.00,0.01,0.00,0.00,-0.00,7.00
45720.00,0.08,1.18,0.50,0.05,-0.00,14.22,0.26,0.16,2056.36,0.01,-0.00,0.01,0.00,0.00,0.00,6.00
45731.00,0.07,1.18,0.47,-0.05,0.00,-2.72,-0.51,0.04,-1539.65,0.01,-0.00,0.01,0.00,-0.00,0.00,6.00
45737.00,0.07,1.18,0.51,-0.05,0.00,6.43,-0.51,0.04,1524.13,0.01,-0.00,0.01,-0.00,-0.00,0.00,7.00
45744.00,0.07,1.18,0.35,-0.05,0.00,-22.43,-0.51,0.04,-4122.00,0.01,-0.00,0.01,-0.00,-0.00,0.00,6.00
45750.00,0.07,1.18,0.50,-0.05,0.00,24.95,-0.51,0.04,7896.68,0.01,-0.00,0.01,-0.00,0.00,-0.00,5.00
45755.00,0.07,1.18,0.45,-0.05,0.00,-10.75,-0.51,0.04,-7140.89,0.01,-0.00,0.01,-0.00,0.00,-0.00,8.00
45763.00,0.07,1.18,0.40,-0.05,0.00,-5.98,-0.51,0.04,595.77,0.01,-0.00,0.01,0.00,0.00,-0.00,8.00
45771.00,0.07,1.18,0.37,-0.05,0.00,-4.14,-0.51,0.04,230.78,0.01,-0.00,0.01,0.00,-0.01,0.00,16.00
45787.00,0.07,1.18,0.48,-0.05,0.00,6.84,-0.51,0.04,685.87,0.01,-0.00,0.01,0.00,0.00,0.00,7.00
45794.00,0.07,1.18,0.32,-0.05,0.00,-22.29,-0.51,0.04,-4160.65,0.01,-0.00,0.01,0.00,-0.00,0.00,5.00
45799.00,0.07,1.18,0.41,-0.05,0.00,18.33,-0.51,0.04,8124.07,0.01,-0.00,0.01,0.00,-0.00,-0.00,6.00
45810.00,0.07,1.18,0.41,-0.05,0.00,0.00,-0.51,0.04,-1666.29,0.01,-0.00,0.01,0.00,-0.00,0.00,6.00
45816.00,0.07,1.18,0.35,-0.05,0.00,-10.17,-0.51,0.04,-1694.88,0.01,-0.00,0.01,0.00,-0.00,-0.00,8.00
45824.00,0.07,1.18,0.35,-0.05,0.00,0.24,-0.51,0.04,1301.18,0.01,-0.00,0.01,0.00,0.00,-0.00,8.00
45832.00,0.07,1.18,0.41,-0.05,0.00,7.19,-0.51,0.04,868.20,0.01,-0.00,0.01,0.00,-0.00,-0.00,6.00
45838.00,0.07,1.18,0.46,-0.05,0.00,8.87,-0.51,0.04,279.99,0.01,-0.00,0.01,0.00,-0.00,0.00,7.00
45845.00,0.07,1.18,0.41,-0.05,0.00,-8.40,-0.51,0.04,-2466.40,0.01,-0.00,0.01,0.00,-0.00,0.00,6.00
45851.00,0.07,1.18,0.49,-0.05,0.00,14.26,-0.51,0.04,3775.87,0.01,-0.00,0.01,-0.00,-0.00,0.00,6.00
45857.00,0.07,1.18,0.38,-0.05,0.00,-18.61,-0.51,0.04,-5477.31,0.01,-0.00,0.01,-0.00,-0.00,0.00,7.00
45864.00,0.07,1.18,0.37,-0.05,0.00,-1.88,-0.51,0.04,2389.20,0.01,-0.00,0.01,0.00,-0.00,0.00,19.00
45883.00,0.07,1.18,0.41,-0.05,0.00,2.29,-0.51,0.04,219.65,0.01,-0.00,0.01,-0.00,0.00,0.00,8.00
45895.00,0.07,1.18,0.41,-0.05,0.00,-0.01,-0.51,0.04,-191.86,0.01,-0.00,0.01,-0.00,-0.00,0.00,6.00
45901.00,0.07,1.18,0.40,-0.05,0.00,-2.23,-0.51,0.04,-370.24,0.01,-0.00,0.01,0.00,0.00,0.00,6.00
45907.00,0.07,1.18,0.31,-0.05,0.00,-14.02,-0.51,0.04,-1964.96,0.01,-0.00,0.01,-0.00,0.00,0.00,7.00
45914.00,0.07,1.18,0.42,-0.05,0.00,15.41,-0.51,0.04,4203.93,0.01,-0.00,0.01,-0.00,0.00,0.00,9.00
45923.00,0.07,1.18,0.36,-0.05,0.00,-6.23,-0.51,0.04,-2404.38,0.01,-0.00,0.01,0.00,0.00,0.00,6.00
45929.00,0.07,1.18,0.41,-0.05,0.00,8.24,-0.51,0.04,2411.90,0.01,-0.00,0.01,-0.00,0.00,-0.00,7.00
45936.00,0.07,1.18,0.40,0.00,0.00,-1.59,0.26,-0.02,-1403.81,0.01,-0.00,0.01,-0.00,0.01,-0.00,8.00
45944.00,0.07,1.18,0.40,0.00,0.00,0.25,0.26,-0.02,229.51,0.01,-0.00,0.01,-0.00,-0.00,-0.00,5.00
45949.00,0.07,1.18,0.41,0.00,0.00,1.68,0.26,-0.02,287.40,0.01,-0.00,0.01,-0.00,-0.00,-0.00,6.00
45955.00,0.07,1.18,0.42,0.00,0.00,0.98,0.26,-0.02,-118.28,0.01,-0.00,0.01,0.00,-0.00,0.00,9.00
45969.00,0.07,1.18,0.41,0.00,0.00,-0.41,0.26,-0.02,-99.18,0.01,-0.00,0.01,0.00,-0.00,0.00,7.00
45976.00,0.07,1.18,0.36,0.00,0.00,-7.62,0.26,-0.02,-1029.55,0.01,-0.00,0.01,0.00,-0.00,0.00,8.00
45984.00,0.07,1.18,0.39,0.00,0.00,4.38,0.26,-0.02,1499.88,0.01,-0.00,0.01,0.00,0.00,0.00,17.00
46001.00,0.07,1.18,0.35,0.00,0.00,-2.52,0.26,-0.02,-405.54,0.01,-0.00,0.01,0.00,-0.00,0.00,6.00
46007.00,0.07,1.18,0.42,0.00,0.00,11.95,0.26,-0.02,2411.39,0.01,-0.00,0.01,0.00,-0.00,-0.00,7.00
46014.00,0.07,1.18,0.39,0.00,0.00,-4.26,0.26,-0.02,-2315.88,0.01,-0.00,0.01,0.00,0.00,-0.00,9.00
46023.00,0.07,1.18,0.45,0.00,0.00,6.35,0.26,-0.02,1178.20,0.01,-0.00,0.01,0.00,-0.00,0.00,6.00
46029.00,0.07,1.18,0.39,0.00,0.00,-10.00,0.26,-0.02,-2723.92,0.01,-0.00,0.01,-0.00,0.00,0.00,7.00
46036.00,0.07,1.18,0.38,0.00,0.00,-2.14,0.26,-0.02,1123.18,0.01,-0.00,0.01,-0.00,0.00,0.00,8.00
46044.00,0.07,1.18,0.35,0.00,0.00,-3.02,0.26,-0.02,-110.15,0.01,-0.00,0.01,0.00,0.00,0.00,6.00
46059.00,0.07,1.18,0.41,0.00,0.00,3.90,0.26,-0.02,461.45,0.01,-0.00,0.01,-0.00,0.00,-0.00,7.00
46066.00,0.07,1.18,0.36,0.00,0.00,-7.27,0.26,-0.02,-1596.78,0.01,-0.00,0.01,-0.00,0.00,-0.00,7.00
46073.00,0.07,1.18,0.40,0.00,0.00,5.09,0.26,-0.02,1766.54,0.01,-0.00,0.01,-0.00,0.00,-0.00,16.00
46089.00,0.07,1.18,0.36,0.00,0.00,-1.99,0.26,-0.02,-442.55,0.01,-0.00,0.01,-0.00,-0.00,0.00,7.00
46096.00,0.07,1.18,0.34,0.00,0.00,-2.94,0.26,-0.02,-136.18,0.01,-0.00,0.01,0.00,-0.00,0.00,5.00
46101.00,0.07,1.18,0.43,0.00,0.00,17.98,0.26,-0.02,4183.51,0.01,-0.00,0.01,0.00,0.00,0.00,6.00
46107.00,0.07,1.18,0.31,0.00,0.00,-21.00,0.26,-0.02,-6495.73,0.01,-0.00,0.01,-0.00,0.00,0.00,7.00
46114.00,0.07,1.18,0.40,0.00,0.00,13.47,0.26,-0.02,4924.17,0.01,-0.00,0.01,-0.00,0.00,0.00,9.00
46123.00,0.07,1.18,0.40,0.00,0.00,-0.54,0.26,-0.02,-1557.26,0.01,-0.00,0.01,-0.00,0.00,0.00,5.00
46128.00,0.07,1.18,0.46,0.00,0.00,12.61,0.26,-0.02,2630.88,0.01,-0.00,0.01,0.00,0.00,0.00,8.00
46140.00,0.07,1.18,0.40,0.00,0.00,-4.65,0.00,0.00,-1438.17,0.01,-0.00,0.01,0.00,-0.00,0.00,7.00
46147.00,0.07,1.18,0.38,0.00,0.00,-3.85,0.00,0.00,114.59,0.01,-0.00,0.01,0.00,-0.00,0.00,7.00
46154.00,0.07,1.18,0.40,0.00,0.00,3.35,0.00,0.00,1027.55,0.01,-0.00,0.01,0.00,0.00,0.00,8.00
46162.00,0.07,1.18,0.37,0.00,0.00,-3.18,0.00,0.00,-815.59,0.01,-0.00,0.01,0.00,0.00,0.00,5.00
46167.00,0.07,1.18,0.50,0.00,0.00,24.94,0.00,0.00,5622.75,0.01,-0.00,0.01,0.00,0.00,0.00,18.00
46185.00,0.07,1.18,0.39,0.00,0.00,-5.84,0.00,0.00,-1709.55,0.01,-0.00,0.01,0.00,0.00,0.00,9.00
46194.00,0.07,1.18,0.40,0.00,0.00,0.86,0.00,0.00,743.57,0.01,-0.00,0.01,0.00,0.00,0.00,5.00
46199.00,0.07,1.18,0.31,0.00,0.00,-17.66,0.00,0.00,-3703.79,0.01,-0.00,0.01,-0.00,-0.00,0.00,7.00
46206.00,0.07,1.18,0.37,0.00,0.00,7.92,0.00,0.00,3655.12,0.01,-0.00,0.01,-0.00,-0.00,0.00,8.00
46214.00,0.07,1.18,0.41,0.00,0.00,5.35,0.00,0.00,-322.29,0.01,-0.00,0.01,0.00,-0.00,0.00,8.00
46226.00,0.07,1.18,0.42,0.00,0.00,0.83,0.00,0.00,-376.61,0.01,-0.00,0.01,0.00,0.00,-0.00,10.00
46236.00,0.07,1.18,0.54,0.00,0.00,11.70,0.00,0.00,1087.73,0.01,-0.00,0.01,-0.00,-0.00,0.00,8.00
46244.00,0.07,1.18,0.40,0.00,0.00,-17.72,0.00,0.00,-3677.78,0.01,-0.00,0.01,-0.00,-0.00,0.00,6.00
46250.00,0.07,1.18,0.45,0.00,0.00,9.08,0.00,0.00,4466.24,0.01,-0.00,0.01,-0.00,-0.00,0.00,6.00
46256.00,0.07,1.18,0.36,0.00,0.00,-14.90,0.00,0.00,-3995.98,0.01,-0.00,0.01,-0.00,0.00,0.00,9.00
46265.00,0.07,1.18,0.38,0.00,0.00,1.98,0.00,0.00,1874.79,0.01,-0.00,0.01,0.00,0.00,-0.00,8.00
46273.00,0.07,1.18,0.37,0.00,0.00,-1.62,0.00,0.00,-449.09,0.01,-0.00,0.01,0.00,-0.00,-0.00,16.00
46289.00,0.07,1.18,0.36,0.00,0.00,-0.55,0.00,0.00,66.68,0.01,-0.00,0.01,0.00,-0.00,-0.00,7.00
46296.00,0.07,1.18,0.43,0.00,0.00,10.75,0.00,0.00,1614.93,0.01,-0.00,0.01,0.00,0.00,0.00,5.00
46301.00,0.07,1.18,0.40,0.00,0.00,-6.16,0.00,0.00,-3382.15,0.01,-0.00,0.01,0.00,-0.00,-0.00,6.00
46312.00,0.07,1.18,0.44,0.00,0.00,3.18,0.00,0.00,848.45,0.01,-0.00,0.01,0.00,-0.01,0.00,6.00
46318.00,0.07,1.18,0.42,0.00,0.00,-2.38,0.00,0.00,-926.15,0.01,-0.00,0.01,0.00,-0.00,0.00,7.00
46325.00,0.07,1.18,0.49,0.00,0.00,9.45,0.00,0.00,1690.04,0.01,-0.00,0.01,-0.00,0.00,0.00,9.00
46334.00,0.07,1.18,0.47,0.00,0.00,-2.19,0.00,0.00,-1293.72,0.01,-0.00,0.01,-0.00,0.00,0.00,6.00
46340.00,0.08,1.18,0.38,0.06,-0.00,-15.31,0.28,-0.02,-2186.12,0.01,-0.00,0.01,-0.00,0.00,0.00,7.00
46347.00,0.08,1.18,0.37,0.06,-0.00,-0.77,0.28,-0.02,2076.84,0.01,-0.00,0.01,0.00,0.00,0.00,6.00
46353.00,0.08,1.18,0.40,0.06,-0.00,4.15,0.28,-0.02,820.58,0.01,-0.00,0.01,-0.00,0.00,0.00,7.00
46360.00,0.08,1.18,0.39,0.06,-0.00,-1.20,0.28,-0.02,-764.91,0.01,-0.00,0.01,0.00,0.00,-0.00,6.00
46366.00,0.08,1.18,0.35,0.06,-0.00,-6.18,0.28,-0.02,-829.20,0.01,-0.00,0.01,0.00,0.00,-0.00,19.00
46385.00,0.08,1.18,0.39,0.06,-0.00,2.24,0.28,-0.02,443.09,0.01,-0.00,0.01,0.00,-0.00,0.00,9.00
46399.00,0.08,1.18,0.42,0.06,-0.00,1.93,0.28,-0.02,-22.06,0.01,-0.00,0.01,-0.00,0.00,0.00,7.00
46406.00,0.08,1.18,0.37,0.06,-0.00,-7.27,0.28,-0.02,-1315.01,0.01,-0.00,0.01,-0.00,0.00,0.00,9.00
46415.00,0.08,1.18,0.31,0.06,-0.00,-6.64,0.28,-0.02,70.80,0.01,-0.00,0.01,0.00,-0.00,0.00,7.00
46422.00,0.08,1.18,0.33,0.06,-0.00,2.21,0.28,-0.02,1264.35,0.01,-0.00,0.01,0.00,-0.00,0.00,5.00
46427.00,0.08,1.18,0.47,0.06,-0.00,28.28,0.28,-0.02,5213.46,0.01,-0.00,0.01,-0.00,-0.00,0.00,9.00
46436.00,0.08,1.18,0.41,0.06,-0.00,-6.13,0.28,-0.02,-3823.99,0.01,-0.00,0.01,-0.00,0.00,-0.00,8.00
46444.00,0.08,1.18,0.35,0.06,-0.00,-7.50,0.28,-0.02,-170.67,0.01,-0.00,0.01,0.00,0.00,-0.00,6.00
46450.00,0.08,1.18,0.50,0.06,-0.00,24.71,0.28,-0.02,5367.82,0.01,-0.00,0.01,0.00,-0.00,0.00,5.00
46455.00,0.08,1.18,0.45,0.06,-0.00,-10.07,0.28,-0.02,-6954.56,0.01,-0.00,0.01,0.00,-0.00,0.00,8.00
46463.00,0.08,1.18,0.47,0.06,-0.00,2.91,0.28,-0.02,1621.74,0.01,-0.00,0.01,-0.00,0.00,-0.00,5.00
46473.00,0.08,1.18,0.42,0.06,-0.00,-5.27,0.28,-0.02,-818.24,0.01,-0.00,0.01,0.00,0.00,-0.00,16.00
46489.00,0.08,1.18,0.41,0.06,-0.00,-0.98,0.28,-0.02,268.37,0.01,-0.00,0.01,-0.00,-0.00,-0.00,8.00
46497.00,0.08,1.18,0.33,0.06,-0.00,-9.06,0.28,-0.02,-1009.98,0.01,-0.00,0.01,0.00,0.00,0.00,5.00
46502.00,0.08,1.18,0.44,0.06,-0.00,22.18,0.28,-0.02,6248.40,0.01,-0.00,0.01,0.00,0.00,0.00,6.00
46508.00,0.08,1.18,0.36,0.06,-0.00,-13.53,0.28,-0.02,-5951.34,0.01,-0.00,0.01,0.00,0.00,0.00,7.00
46515.00,0.08,1.18,0.38,0.06,-0.00,1.97,0.28,-0.02,2214.18,0.01,-0.00,0.01,0.00,0.01,0.00,8.00
46523.00,0.08,1.18,0.44,0.06,-0.00,7.63,0.28,-0.02,707.06,0.01,-0.00,0.01,-0.00,-0.00,0.00,5.00
46528.00,0.08,1.18,0.35,0.06,-0.00,-18.02,0.28,-0.02,-5130.40,0.01,-0.00,0.01,-0.00,-0.00,0.00,8.00
46536.00,0.08,1.18,0.39,0.06,-0.00,5.90,0.28,-0.02,2990.11,0.01,-0.00,0.01,-0.00,0.00,-0.00,9.00
46545.00,0.08,1.18,0.45,0.00,0.00,6.21,-0.27,0.02,34.51,0.01,-0.00,0.01,0.00,0.00,0.00,6.00
46555.00,0.08,1.18,0.35,0.00,0.00,-9.56,-0.27,0.02,-1576.93,0.01,-0.00,0.01,0.00,0.00,0.00,9.00
46564.00,0.08,1.18,0.34,0.00,0.00,-1.91,-0.27,0.02,850.11,0.01,-0.00,0.01,0.00,0.00,0.00,5.00
46569.00,0.08,1.18,0.37,0.00,0.00,6.33,-0.27,0.02,1648.26,0.01,-0.00,0.01,0.00,0.00,0.00,8.00
46577.00,0.08,1.18,0.40,0.00,0.00,4.13,-0.27,0.02,-275.01,0.01,-0.00,0.01,0.00,0.00,-0.00,8.00
46585.00,0.08,1.18,0.46,0.00,0.00,7.22,-0.27,0.02,386.28,0.01,-0.00,0.01,-0.00,-0.01,0.00,17.00
46602.00,0.08,1.18,0.44,0.00,0.00,-0.94,-0.27,0.02,-480.35,0.01,-0.00,0.01,0.00,-0.00,-0.00,6.00
46608.00,0.08,1.18,0.43,0.00,0.00,-2.34,-0.27,0.02,-231.88,0.01,-0.00,0.01,0.00,-0.00,-0.00,8.00
46616.00,0.08,1.18,0.43,0.00,0.00,0.15,-0.27,0.02,310.91,0.01,-0.00,0.01,-0.00,-0.01,0.00,8.00
46624.00,0.08,1.18,0.41,0.00,0.00,-2.32,-0.27,0.02,-308.67,0.01,-0.00,0.01,0.00,-0.00,0.00,5.00
46629.00,0.08,1.18,0.48,0.00,0.00,14.15,-0.27,0.02,3293.50,0.01,-0.00,0.01,0.00,0.00,0.00,8.00
46641.00,0.08,1.18,0.47,0.00,0.00,-1.34,-0.27,0.02,-1291.05,0.01,-0.00,0.01,0.00,0.00,-0.00,8.00
46649.00,0.08,1.18,0.42,0.00,0.00,-6.54,-0.27,0.02,-649.60,0.01,-0.00,0.01,0.00,0.00,-0.00,6.00
46655.00,0.08,1.18,0.46,0.00,0.00,7.81,-0.27,0.02,2390.90,0.01,-0.00,0.01,0.00,0.00,0.00,8.00
46663.00,0.08,1.18,0.55,0.00,0.00,11.03,-0.27,0.02,402.44,0.01,-0.00,0.01,0.00,-0.00,0.00,5.00
46668.00,0.08,1.18,0.43,0.00,0.00,-23.29,-0.27,0.02,-6863.63,0.01,-0.00,0.01,-0.00,-0.00,0.00,18.00
46686.00,0.08,1.18,0.44,0.00,0.00,0.33,-0.27,0.02,1312.31,0.01,-0.00,0.01,-0.00,0.00,0.00,9.00
46695.00,0.08,1.18,0.44,0.00,0.00,-0.18,-0.27,0.02,-56.36,0.01,-0.00,0.01,-0.00,0.00,0.00,5.00
46700.00,0.08,1.18,0.43,0.00,0.00,-1.09,-0.27,0.02,-183.27,0.01,-0.00,0.01,-0.00,0.00,0.00,7.00
46707.00,0.08,1.18,0.48,0.00,0.00,6.22,-0.27,0.02,1045.40,0.01,-0.00,0.01,0.00,0.00,0.00,9.00
46716.00,0.08,1.18,0.45,0.00,0.00,-3.06,-0.27,0.02,-1031.82,0.01,-0.00,0.01,-0.00,-0.00,0.00,7.00
46728.00,0.08,1.18,0.55,0.00,0.00,8.13,-0.27,0.02,932.83,0.01,-0.00,0.01,0.00,0.00,0.00,9.00
46737.00,0.08,1.18,0.48,0.00,0.00,-7.15,-0.27,0.02,-1698.37,0.01,-0.00,0.01,-0.00,-0.00,0.00,8.00
46745.00,0.07,1.18,0.34,-0.06,0.00,-17.99,-0.28,0.02,-1354.36,0.01,-0.00,0.01,0.00,-0.00,0.00,6.00
46751.00,0.07,1.18,0.49,-0.06,0.00,25.54,-0.28,0.02,7255.01,0.01,-0.00,0.01,-0.00,-0.00,0.00,6.00
46757.00,0.07,1.18,0.48,-0.06,0.00,-1.53,-0.28,0.02,-4512.44,0.01,-0.00,0.01,-0.00,0.00,0.00,9.00
46766.00,0.07,1.18,0.46,-0.06,0.00,-2.29,-0.28,0.02,-83.70,0.01,-0.00,0.01,-0.00,-0.00,0.00,7.00
46773.00,0.07,1.18,0.48,-0.06,0.00,2.42,-0.28,0.02,671.78,0.01,-0.00,0.01,0.00,0.00,0.00,16.00
46789.00,0.07,1.18,0.44,-0.06,0.00,-2.26,-0.28,0.02,-291.97,0.01,-0.00,0.01,0.00,0.00,0.00,8.00
46797.00,0.07,1.18,0.48,-0.06,0.00,5.37,-0.28,0.02,953.79,0.01,-0.00,0.01,-0.00,0.01,0.00,5.00
46802.00,0.07,1.18,0.47,-0.06,0.00,-3.54,-0.28,0.02,-1782.76,0.01,-0.00,0.01,0.00,0.00,0.00,7.00
46818.00,0.07,1.18,0.52,-0.06,0.00,3.24,-0.28,0.02,423.83,0.01,-0.00,0.01,0.00,-0.00,0.00,9.00
46827.00,0.07,1.18,0.53,-0.06,0.00,1.22,-0.28,0.02,-224.78,0.01,-0.00,0.01,0.00,0.00,0.00,9.00
46836.00,0.07,1.18,0.33,-0.06,0.00,-21.86,-0.28,0.02,-2563.86,0.01,-0.00,0.01,0.00,-0.00,0.00,7.00
46843.00,0.07,1.18,0.50,-0.06,0.00,23.95,-0.28,0.02,6544.27,0.01,-0.00,0.01,0.00,-0.00,0.00,5.00
46848.00,0.07,1.18,0.41,-0.06,0.00,-19.08,-0.28,0.02,-8607.22,0.01,-0.00,0.01,0.00,-0.00,0.00,7.00
46855.00,0.07,1.18,0.39,-0.06,0.00,-1.76,-0.28,0.02,2474.24,0.01,-0.00,0.01,0.00,0.00,0.00,6.00
46861.00,0.07,1.18,0.31,-0.06,0.00,-14.46,-0.28,0.02,-2116.71,0.01,-0.00,0.01,0.00,0.00,0.00,7.00
46868.00,0.07,1.18,0.36,-0.06,0.00,7.60,-0.28,0.02,3151.57,0.01,-0.00,0.01,0.00,0.00,0.00,8.00
46876.00,0.07,1.18,0.43,-0.06,0.00,8.78,-0.28,0.02,147.51,0.01,-0.00,0.01,-0.00,-0.00,0.00,18.00
46894.00,0.07,1.18,0.44,-0.06,0.00,0.60,-0.28,0.02,-454.32,0.01,-0.00,0.01,0.00,-0.00,0.00,6.00
46905.00,0.07,1.18,0.46,-0.06,0.00,1.92,-0.28,0.02,120.39,0.01,-0.00,0.01,-0.00,-0.00,0.00,6.00
46911.00,0.07,1.18,0.41,-0.06,0.00,-8.35,-0.28,0.02,-1711.95,0.01,-0.00,0.01,0.00,0.00,0.00,7.00
46918.00,0.07,1.18,0.42,-0.06,0.00,0.80,-0.28,0.02,1307.04,0.01,-0.00,0.01,0.00,0.00,0.00,9.00
46927.00,0.07,1.18,0.48,-0.06,0.00,6.97,-0.28,0.02,685.19,0.01,-0.00,0.01,0.00,-0.00,0.00,7.00
46934.00,0.07,1.18,0.48,-0.06,0.00,-0.31,-0.28,0.02,-1039.27,0.01,-0.00,0.01,0.00,0.00,0.00,6.00
46940.00,0.07,1.18,0.49,-0.06,0.00,2.61,-0.28,0.02,485.63,0.01,-0.00,0.01,0.00,-0.00,0.00,7.00
46947.00,0.08,1.18,0.57,0.06,-0.00,11.50,0.55,-0.05,1269.64,0.01,-0.00,0.01,0.00,-0.00,-0.00,6.00
46953.00,0.08,1.18,0.55,0.06,-0.00,-3.23,0.55,-0.05,-2453.97,0.01,-0.00,0.01,0.00,-0.00,-0.00,5.00
46958.00,0.08,1.18,0.51,0.06,-0.00,-9.13,0.55,-0.05,-1179.29,0.01,-0.00,0.01,0.00,-0.00,-0.00,9.00
46967.00,0.08,1.18,0.56,0.06,-0.00,5.62,0.55,-0.05,1638.35,0.01,-0.00,0.01,0.00,0.00,-0.00,8.00
46979.00,0.08,1.18,0.56,0.06,-0.00,-0.02,0.55,-0.05,-470.18,0.01,-0.00,0.01,-0.00,0.00,0.00,19.00
46998.00,0.08,1.18,0.54,0.06,-0.00,-0.97,0.55,-0.05,-49.78,0.01,-0.00,0.01,-0.00,-0.00,-0.00,6.00
47004.00,0.08,1.18,0.59,0.06,-0.00,8.04,0.55,-0.05,1502.06,0.01,-0.00,0.01,-0.00,-0.00,-0.00,5.00
47009.00,0.08,1.18,0.55,0.06,-0.00,-8.62,0.55,-0.05,-3332.62,0.01,-0.00,0.01,-0.00,-0.00,-0.00,9.00
47018.00,0.08,1.18,0.63,0.06,-0.00,9.43,0.55,-0.05,2005.55,0.01,-0.00,0.01,0.00,-0.00,-0.00,8.00
47026.00,0.08,1.18,0.49,0.06,-0.00,-17.81,0.55,-0.05,-3405.74,0.01,-0.00,0.01,-0.00,-0.00,-0.00,7.00
47033.00,0.08,1.18,0.58,0.06,-0.00,13.60,0.55,-0.05,4487.85,0.01,-0.00,0.01,-0.00,0.00,-0.00,6.00
47039.00,0.08,1.18,0.47,0.06,-0.00,-18.41,0.55,-0.05,-5334.64,0.01,-0.00,0.01,-0.00,0.00,-0.00,9.00
47048.00,0.08,1.18,0.60,0.06,-0.00,14.09,0.55,-0.05,3610.56,0.01,-0.00,0.01,0.00,0.00,-0.00,5.00
47053.00,0.08,1.18,0.55,0.06,-0.00,-10.62,0.55,-0.05,-4940.93,0.01,-0.00,0.01,0.00,0.00,-0.00,6.00
47064.00,0.08,1.18,0.67,0.06,-0.00,11.21,0.55,-0.05,1983.84,0.01,-0.00,0.01,0.00,0.00,-0.00,7.00
47071.00,0.08,1.18,0.54,0.06,-0.00,-18.26,0.55,-0.05,-4209.42,0.01,-0.00,0.01,-0.00,-0.00,-0.00,7.00
47078.00,0.08,1.18,0.56,0.06,-0.00,2.30,0.55,-0.05,2936.60,0.01,-0.00,0.01,-0.00,-0.00,-0.00,18.00
47096.00,0.08,1.18,0.66,0.06,-0.00,5.78,0.55,-0.05,193.35,0.01,-0.00,0.01,0.00,-0.00,0.00,6.00
47102.00,0.08,1.18,0.59,0.06,-0.00,-11.81,0.55,-0.05,-2930.50,0.01,-0.00,0.01,-0.00,0.00,0.00,6.00
47108.00,0.08,1.18,0.58,0.06,-0.00,-1.13,0.55,-0.05,1779.36,0.01,-0.00,0.01,-0.00,0.00,0.00,9.00
47117.00,0.08,1.18,0.60,0.06,-0.00,2.18,0.55,-0.05,368.06,0.01,-0.00,0.01,0.00,0.00,-0.00,8.00
47125.00,0.08,1.18,0.67,0.06,-0.00,8.55,0.55,-0.05,796.58,0.01,-0.00,0.01,-0.00,0.00,-0.00,5.00
47130.00,0.08,1.18,0.52,0.06,-0.00,-30.38,0.55,-0.05,-7786.00,0.01,-0.00,0.01,-0.00,-0.00,-0.00,8.00
47138.00,0.08,1.18,0.44,0.06,-0.00,-9.97,0.55,-0.05,2551.17,0.01,-0.00,0.01,-0.00,-0.00,-0.00,8.00
47151.00,0.09,1.19,0.58,0.05,0.03,10.63,-0.00,0.18,1584.15,0.01,-0.00,0.01,0.00,0.00,0.00,9.00
47160.00,0.09,1.19,0.56,0.05,0.03,-2.23,-0.00,0.18,-1428.86,0.01,-0.00,0.01,-0.00,0.00,0.00,7.00
47167.00,0.09,1.19,0.49,0.05,0.03,-9.81,-0.00,0.18,-1082.51,0.01,-0.00,0.01,-0.00,-0.01,0.00,18.00
47185.00,0.09,1.19,0.55,0.05,0.03,3.14,-0.00,0.18,719.42,0.01,-0.00,0.01,0.00,0.00,-0.00,6.00
47191.00,0.09,1.19,0.56,0.05,0.03,1.72,-0.00,0.18,-235.84,0.01,-0.00,0.01,0.00,-0.00,-0.00,7.00
47198.00,0.09,1.19,0.48,0.05,0.03,-10.39,-0.00,0.18,-1730.84,0.01,-0.00,0.01,0.00,-0.00,-0.00,6.00
47204.00,0.09,1.19,0.52,0.05,0.03,5.95,-0.00,0.18,2722.90,0.01,-0.00,0.01,0.00,-0.00,0.00,5.00
47209.00,0.09,1.19,0.48,0.05,0.03,-7.98,-0.00,0.18,-2785.68,0.01,-0.00,0.01,0.00,-0.00,0.00,9.00
47218.00,0.09,1.19,0.49,0.05,0.03,0.64,-0.00,0.18,958.34,0.01,-0.00,0.01,-0.00,-0.00,0.00,8.00
47226.00,0.09,1.19,0.54,0.05,0.03,6.96,-0.00,0.18,789.96,0.01,-0.00,0.01,0.00,0.00,0.00,6.00
47237.00,0.09,1.19,0.47,0.05,0.03,-6.40,-0.00,0.18,-1214.90,0.01,-0.00,0.01,0.00,0.00,0.00,7.00
47244.00,0.09,1.19,0.60,0.05,0.03,18.58,-0.00,0.18,3568.47,0.01,-0.00,0.01,-0.00,0.00,-0.00,6.00
47250.00,0.09,1.19,0.53,0.05,0.03,-11.74,-0.00,0.18,-5052.73,0.01,-0.00,0.01,-0.00,0.00,-0.00,6.00
47256.00,0.09,1.19,0.56,0.05,0.03,4.93,-0.00,0.18,2778.44,0.01,-0.00,0.01,0.00,0.00,-0.00,6.00
47262.00,0.09,1.19,0.58,0.05,0.03,3.46,-0.00,0.18,-246.10,0.01,-0.00,0.01,-0.00,0.00,-0.00,7.00
47269.00,0.09,1.19,0.58,0.05,0.03,-0.18,-0.00,0.18,-519.59,0.01,-0.00,0.01,-0.00,0.00,0.00,8.00
47277.00,0.09,1.19,0.58,0.05,0.03,-0.41,-0.00,0.18,-28.59,0.01,-0.00,0.01,0.00,0.00,-0.00,18.00
47295.00,0.09,1.19,0.50,0.05,0.03,-4.55,-0.00,0.18,-230.11,0.01,-0.00,0.01,0.00,-0.00,0.00,6.00
47301.00,0.09,1.19,0.53,0.05,0.03,5.85,-0.00,0.18,1733.05,0.01,-0.00,0.01,0.00,-0.00,0.00,6.00
47307.00,0.09,1.19,0.55,0.05,0.03,3.80,-0.00,0.18,-340.38,0.01,-0.00,0.01,0.00,-0.00,-0.00,6.00
47318.00,0.09,1.19,0.58,0.05,0.03,2.44,-0.00,0.18,-124.41,0.01,-0.00,0.01,-0.00,-0.00,-0.00,8.00
47326.00,0.09,1.19,0.47,0.05,0.03,-13.33,-0.00,0.18,-1970.79,0.01,-0.00,0.01,-0.00,-0.00,-0.00,5.00
47331.00,0.09,1.19,0.57,0.05,0.03,18.56,-0.00,0.18,6378.48,0.01,-0.00,0.01,-0.00,-0.00,-0.00,8.00
47339.00,0.09,1.19,0.48,0.05,0.03,-10.60,-0.00,0.18,-3645.42,0.01,-0.00,0.01,0.00,0.00,0.00,9.00
47348.00,0.09,1.19,0.52,0.05,0.03,3.98,-0.00,0.18,1619.92,0.01,-0.00,0.01,-0.00,-0.00,-0.00,6.00
47354.00,0.09,1.19,0.45,0.00,0.00,-11.71,-0.27,-0.16,-2615.35,0.01,-0.00,0.01,-0.00,-0.00,-0.00,6.00
47360.00,0.09,1.19,0.52,0.00,0.00,11.50,-0.27,-0.16,3869.02,0.01,-0.00,0.01,0.00,0.00,0.00,8.00
47368.00,0.09,1.19,0.51,0.00,0.00,-1.02,-0.27,-0.16,-1564.84,0.01,-0.00,0.01,0.00,0.00,0.00,8.00
47376.00,0.09,1.19,0.56,0.00,0.00,7.03,-0.27,-0.16,1006.48,0.01,-0.00,0.01,0.00,0.00,-0.00,16.00
47392.00,0.09,1.19,0.48,0.00,0.00,-5.09,-0.27,-0.16,-757.76,0.01,-0.00,0.01,0.00,0.00,-0.00,8.00
47404.00,0.09,1.19,0.43,0.00,0.00,-3.96,-0.27,-0.16,94.43,0.01,-0.00,0.01,-0.00,-0.00,-0.00,7.00
47411.00,0.09,1.19,0.57,0.00,0.00,19.15,-0.27,-0.16,3300.89,0.01,-0.00,0.01,0.00,-0.00,0.00,8.00
47419.00,0.09,1.19,0.51,0.00,0.00,-6.96,-0.27,-0.16,-3263.80,0.01,-0.00,0.01,0.00,0.00,0.00,8.00
47427.00,0.09,1.19,0.56,0.00,0.00,5.95,-0.27,-0.16,1614.41,0.01,-0.00,0.01,0.00,0.01,0.00,6.00
47433.00,0.09,1.19,0.44,0.00,0.00,-19.38,-0.27,-0.16,-4222.66,0.01,-0.00,0.01,-0.00,0.01,0.00,7.00
47440.00,0.09,1.19,0.61,0.00,0.00,23.03,-0.27,-0.16,6059.64,0.01,-0.00,0.01,-0.00,0.00,0.00,8.00
47448.00,0.09,1.19,0.49,0.00,0.00,-13.89,-0.27,-0.16,-4615.86,0.01,-0.00,0.01,-0.00,-0.00,0.00,6.00
47454.00,0.09,1.19,0.51,0.00,0.00,2.05,-0.27,-0.16,2656.60,0.01,-0.00,0.01,-0.00,0.00,0.00,6.00
47460.00,0.09,1.19,0.53,0.00,0.00,3.17,-0.27,-0.16,187.78,0.01,-0.00,0.01,-0.00,0.00,-0.00,9.00
47469.00,0.09,1.19,0.57,0.00,0.00,5.01,-0.27,-0.16,203.92,0.01,-0.00,0.01,-0.00,-0.00,0.00,8.00
47488.00,0.09,1.19,0.61,0.00,0.00,1.93,-0.27,-0.16,-161.81,0.01,-0.00,0.01,0.00,-0.00,0.00,17.00
47505.00,0.09,1.19,0.58,0.00,0.00,-1.84,-0.27,-0.16,-222.13,0.01,-0.00,0.01,0.00,0.00,0.00,6.00
47511.00,0.09,1.19,0.58,0.00,0.00,1.04,-0.27,-0.16,481.11,0.01,-0.00,0.01,0.00,0.00,0.00,8.00
47519.00,0.09,1.19,0.65,0.00,0.00,8.95,-0.27,-0.16,987.87,0.01,-0.00,0.01,-0.00,0.00,0.00,8.00
47527.00,0.09,1.19,0.66,0.00,0.00,0.97,-0.27,-0.16,-996.78,0.01,-0.00,0.01,0.00,0.00,0.00,5.00
47532.00,0.09,1.19,0.67,0.00,0.00,1.96,-0.27,-0.16,197.01,0.01,-0.00,0.01,0.00,0.00,-0.00,8.00
47540.00,0.09,1.19,0.78,0.00,0.00,13.57,-0.27,-0.16,1451.53,0.01,-0.00,0.01,0.00,0.00,-0.00,8.00
47548.00,0.09,1.19,0.81,0.00,0.00,3.27,-0.27,-0.16,-1288.03,0.01,-0.00,0.01,-0.00,0.00,0.00,5.00
47553.00,0.09,1.19,0.71,0.00,0.00,-19.89,-0.27,-0.16,-4632.29,0.01,-0.00,0.01,-0.00,0.00,-0.00,6.00
47559.00,0.10,1.19,0.63,0.05,-0.00,-13.04,0.26,-0.02,1142.73,0.01,-0.00,0.01,-0.00,0.00,-0.00,10.00
47574.00,0.10,1.19,0.49,0.05,-0.00,-9.40,0.26,-0.02,242.36,0.01,-0.00,0.01,0.00,0.00,0.00,17.00
47591.00,0.10,1.19,0.50,0.05,-0.00,0.55,0.26,-0.02,585.19,0.01,-0.00,0.01,0.00,0.00,-0.00,9.00
47600.00,0.10,1.19,0.60,0.05,-0.00,11.15,0.26,-0.02,1178.59,0.01,-0.00,0.01,0.00,0.00,0.00,5.00
47605.00,0.10,1.19,0.55,0.05,-0.00,-9.89,0.26,-0.02,-4209.50,0.01,-0.00,0.01,0.00,0.00,0.00,6.00
47611.00,0.10,1.19,0.57,0.05,-0.00,4.09,0.26,-0.02,2330.79,0.01,-0.00,0.01,0.00,0.00,0.00,8.00
47619.00,0.10,1.19,0.61,0.05,-0.00,4.73,0.26,-0.02,80.08,0.01,-0.00,0.01,0.00,0.00,0.00,8.00
47627.00,0.10,1.19,0.66,0.05,-0.00,6.27,0.26,-0.02,191.86,0.01,-0.00,0.01,-0.00,-0.00,0.00,5.00
47632.00,0.10,1.19,0.65,0.05,-0.00,-1.26,0.26,-0.02,-1506.08,0.01,-0.00,0.01,-0.00,-0.00,0.00,8.00
47640.00,0.10,1.19,0.61,0.05,-0.00,-4.93,0.26,-0.02,-458.26,0.01,-0.00,0.01,0.00,-0.00,0.00,9.00
47649.00,0.10,1.19,0.54,0.05,-0.00,-7.92,0.26,-0.02,-332.22,0.01,-0.00,0.01,0.00,-0.00,-0.00,5.00
47659.00,0.10,1.19,0.69,0.05,-0.00,14.76,0.26,-0.02,2268.15,0.01,-0.00,0.01,0.00,0.00,0.00,8.00
47667.00,0.10,1.19,0.75,0.05,-0.00,7.85,0.26,-0.02,-863.21,0.01,-0.00,0.01,-0.00,0.00,0.00,6.00
47673.00,0.10,1.19,0.64,0.05,-0.00,-18.47,0.26,-0.02,-4387.20,0.01,-0.00,0.01,-0.00,0.00,0.00,17.00
47690.00,0.10,1.19,0.60,0.05,-0.00,-2.64,0.26,-0.02,930.95,0.01,-0.00,0.01,-0.00,0.00,0.00,9.00
47699.00,0.10,1.19,0.64,0.05,-0.00,4.98,0.26,-0.02,847.40,0.01,-0.00,0.01,-0.00,0.00,-0.00,5.00
47704.00,0.10,1.19,0.70,0.05,-0.00,11.01,0.26,-0.02,1205.83,0.01,-0.00,0.01,-0.00,-0.00,-0.00,7.00
47711.00,0.10,1.19,0.63,0.05,-0.00,-9.80,0.26,-0.02,-2973.14,0.01,-0.00,0.01,-0.00,-0.00,0.00,8.00
47719.00,0.10,1.19,0.69,0.05,-0.00,7.75,0.26,-0.02,2193.62,0.01,-0.00,0.01,-0.00,0.00,0.00,8.00
47727.00,0.10,1.19,0.69,0.05,-0.00,0.12,0.26,-0.02,-953.84,0.01,-0.00,0.01,-0.00,0.00,0.00,5.00
47732.00,0.10,1.19,0.69,0.05,-0.00,-1.13,0.26,-0.02,-249.14,0.01,-0.00,0.01,-0.00,0.00,0.00,8.00
47745.00,0.10,1.19,0.49,0.05,-0.00,-14.86,0.26,-0.02,-1056.25,0.01,-0.00,0.01,-0.00,0.00,0.00,7.00
47752.00,0.10,1.19,0.54,0.05,-0.00,6.13,0.26,-0.02,2998.70,0.01,-0.00,0.01,-0.00,0.00,0.00,7.00
47759.00,0.10,1.20,0.55,0.00,0.08,2.48,-0.27,0.41,-521.31,0.01,-0.00,0.01,-0.00,0.00,-0.00,8.00
47767.00,0.10,1.20,0.65,0.00,0.08,12.49,-0.27,0.41,1250.64,0.01,-0.00,0.01,0.00,-0.00,-0.00,5.00
47772.00,0.10,1.20,0.55,0.00,0.08,-21.00,-0.27,0.41,-6698.74,0.01,-0.00,0.01,0.00,-0.00,-0.00,18.00
47790.00,0.10,1.20,0.68,0.00,0.08,7.35,-0.27,0.41,1575.03,0.01,-0.00,0.01,-0.00,0.00,0.00,8.00
47798.00,0.10,1.20,0.61,0.00,0.08,-8.79,-0.27,0.41,-2017.01,0.01,-0.00,0.01,-0.00,-0.00,0.00,5.00
47803.00,0.10,1.20,0.61,0.00,0.08,0.82,-0.27,0.41,1922.73,0.01,-0.00,0.01,-0.00,-0.00,0.00,7.00
47810.00,0.10,1.20,0.60,0.00,0.08,-2.05,-0.27,0.41,-410.90,0.01,-0.00,0.01,0.01,-0.00,0.00,8.00
47818.00,0.10,1.20,0.70,0.00,0.08,12.92,-0.27,0.41,1871.03,0.01,-0.00,0.01,0.00,-0.00,0.00,6.00
47829.00,0.10,1.20,0.53,0.00,0.08,-15.40,-0.27,0.41,-2573.94,0.01,-0.00,0.01,0.00,-0.00,0.00,7.00
47836.00,0.10,1.20,0.67,0.00,0.08,19.14,-0.27,0.41,4933.74,0.01,-0.00,0.01,0.00,-0.00,0.00,6.00
47842.00,0.10,1.20,0.61,0.00,0.08,-9.54,-0.27,0.41,-4779.78,0.01,-0.00,0.01,0.00,-0.00,0.00,8.00
47850.00,0.10,1.20,0.76,0.00,0.08,18.48,-0.27,0.41,3501.96,0.01,-0.00,0.01,0.00,0.00,-0.00,5.00
47855.00,0.10,1.20,0.71,0.00,0.08,-10.46,-0.27,0.41,-5786.42,0.01,-0.00,0.01,-0.00,-0.00,-0.00,7.00
47862.00,0.10,1.20,0.68,0.00,0.08,-3.97,-0.27,0.41,926.09,0.01,-0.00,0.01,-0.00,-0.00,-0.00,8.00
47870.00,0.10,1.20,0.65,0.00,0.08,-4.13,-0.27,0.41,-19.80,0.01,-0.00,0.01,-0.00,0.00,0.00,17.00
47887.00,0.10,1.20,0.66,0.00,0.08,1.02,-0.27,0.41,303.30,0.01,-0.00,0.01,0.00,0.00,0.00,6.00
47893.00,0.10,1.20,0.83,0.00,0.08,26.96,-0.27,0.41,4322.87,0.01,-0.00,0.01,0.00,0.00,0.00,7.00
47900.00,0.10,1.20,0.72,0.00,0.08,-14.97,-0.27,0.41,-5990.07,0.01,-0.00,0.01,0.00,0.00,0.00,6.00
47911.00,0.10,1.20,0.71,0.00,0.08,-0.52,-0.27,0.41,1313.81,0.01,-0.00,0.01,-0.00,-0.00,-0.00,10.00
47921.00,0.10,1.20,0.71,0.00,0.08,-0.65,-0.27,0.41,-13.27,0.01,-0.00,0.01,0.00,0.01,0.00,8.00
47929.00,0.10,1.20,0.68,0.00,0.08,-4.11,-0.27,0.41,-432.39,0.01,-0.00,0.01,0.00,0.01,0.00,6.00
47935.00,0.10,1.20,0.73,0.00,0.08,9.73,-0.27,0.41,2306.12,0.01,-0.00,0.01,0.00,0.00,0.00,6.00
47941.00,0.10,1.20,0.65,0.00,0.08,-14.24,-0.27,0.41,-3995.06,0.01,-0.00,0.01,0.00,0.00,0.00,9.00
47950.00,0.10,1.20,0.73,0.00,0.08,8.76,-0.27,0.41,2555.41,0.01,-0.00,0.01,0.00,0.00,0.00,5.00
47955.00,0.10,1.20,0.73,0.00,0.08,1.26,-0.27,0.41,-1498.71,0.01,-0.00,0.01,0.00,-0.00,-0.00,7.00
47962.00,0.10,1.19,0.68,0.00,-0.04,-7.32,0.00,-0.56,-1225.58,0.01,-0.00,0.01,-0.00,-0.00,-0.00,8.00
47970.00,0.10,1.19,0.67,0.00,-0.04,-2.02,0.00,-0.56,661.61,0.01,-0.00,0.01,0.00,0.00,-0.00,8.00
47978.00,0.10,1.19,0.75,0.00,-0.04,11.13,0.00,-0.56,1644.65,0.01,-0.00,0.01,0.00,0.00,0.00,5.00
47988.00,0.10,1.19,0.75,0.00,-0.04,-0.02,0.00,-0.56,-1115.60,0.01,-0.00,0.01,-0.00,0.00,0.00,16.00
48004.00,0.10,1.19,0.71,0.00,-0.04,-2.66,0.00,-0.56,-164.66,0.01,-0.00,0.01,-0.00,-0.00,0.00,7.00
48011.00,0.10,1.19,0.66,0.00,-0.04,-6.92,0.00,-0.56,-609.52,0.01,-0.00,0.01,-0.00,0.00,0.00,8.00
48019.00,0.10,1.19,0.59,0.00,-0.04,-8.92,0.00,-0.56,-249.15,0.01,-0.00,0.01,0.00,0.00,-0.00,7.00
48026.00,0.10,1.19,0.68,0.00,-0.04,12.64,0.00,-0.56,3078.85,0.01,-0.00,0.01,0.00,-0.00,-0.00,6.00
48032.00,0.10,1.19,0.64,0.00,-0.04,-6.63,0.00,-0.56,-3211.34,0.01,-0.00,0.01,0.00,-0.00,-0.00,9.00
48041.00,0.10,1.19,0.71,0.00,-0.04,7.33,0.00,-0.56,1551.09,0.01,-0.00,0.01,-0.00,0.00,-0.00,7.00
48048.00,0.10,1.19,0.67,0.00,-0.04,-4.94,0.00,-0.56,-1752.16,0.01,-0.00,0.01,0.00,0.00,0.00,6.00
48054.00,0.10,1.19,0.70,0.00,-0.04,5.28,0.00,-0.56,1702.49,0.01,-0.00,0.01,0.00,0.00,0.00,7.00
48061.00,0.10,1.19,0.74,0.00,-0.04,4.49,0.00,-0.56,-112.97,0.01,-0.00,0.01,0.00,0.00,0.00,9.00
48075.00,0.10,1.19,0.69,0.00,-0.04,-3.25,0.00,-0.56,-552.53,0.01,-0.00,0.01,-0.00,0.00,0.00,17.00
48092.00,0.10,1.19,0.76,0.00,-0.04,4.40,0.00,-0.56,449.93,0.01,-0.00,0.01,-0.00,0.00,0.00,9.00
48101.00,0.10,1.19,0.69,0.00,-0.04,-8.84,0.00,-0.56,-1470.51,0.01,-0.00,0.01,0.00,0.00,0.00,5.00
48106.00,0.10,1.19,0.86,0.00,-0.04,35.42,0.00,-0.56,8852.08,0.01,-0.00,0.01,0.00,0.00,0.00,7.00
48113.00,0.10,1.19,0.78,0.00,-0.04,-12.14,0.00,-0.56,-6794.77,0.01,-0.00,0.01,0.00,0.00,0.00,8.00
48121.00,0.10,1.19,0.73,0.00,-0.04,-5.62,0.00,-0.56,815.17,0.01,-0.00,0.01,-0.00,0.00,0.00,8.00
48129.00,0.10,1.19,0.69,0.00,-0.04,-5.55,0.00,-0.56,8.69,0.01,-0.00,0.01,0.00,0.00,0.00,5.00
48134.00,0.10,1.19,0.81,0.00,-0.04,25.03,0.00,-0.56,6115.00,0.01,-0.00,0.01,0.00,0.00,0.00,8.00
48142.00,0.10,1.19,0.85,0.00,-0.04,4.47,0.00,-0.56,-2569.22,0.01,-0.00,0.01,0.00,-0.00,0.00,8.00
48150.00,0.10,1.19,0.87,0.00,-0.04,2.34,0.00,-0.56,-266.83,0.01,-0.00,0.01,0.00,0.00,-0.00,6.00
48161.00,0.10,1.19,0.84,0.00,-0.04,-2.91,0.00,-0.56,-476.97,0.01,-0.00,0.01,-0.00,-0.00,-0.00,9.00
48170.00,0.11,1.17,0.85,0.05,-0.11,1.49,0.26,-0.37,488.57,0.01,-0.00,0.01,0.00,0.00,0.00,6.00
48176.00,0.11,1.17,0.78,0.05,-0.11,-11.22,0.26,-0.37,-2117.79,0.01,-0.00,0.01,0.00,0.00,-0.00,16.00
48192.00,0.11,1.17,0.84,0.05,-0.11,3.49,0.26,-0.37,919.31,0.01,-0.00,0.01,-0.00,-0.00,0.00,9.00
48201.00,0.11,1.17,0.81,0.05,-0.11,-3.41,0.26,-0.37,-767.04,0.01,-0.00,0.01,-0.00,-0.00,-0.00,5.00
48206.00,0.11,1.17,0.79,0.05,-0.11,-3.11,0.26,-0.37,59.55,0.01,-0.00,0.01,0.00,0.00,-0.00,7.00
48213.00,0.11,1.17,0.79,0.05,-0.11,0.34,0.26,-0.37,493.65,0.01,-0.00,0.01,0.00,0.00,-0.00,8.00
48221.00,0.11,1.17,0.80,0.05,-0.11,1.01,0.26,-0.37,83.56,0.01,-0.00,0.01,-0.00,0.00,-0.00,8.00
48229.00,0.11,1.17,0.79,0.05,-0.11,-1.53,0.26,-0.37,-317.48,0.01,-0.00,0.01,0.00,0.00,0.00,5.00
48234.00,0.11,1.17,0.72,0.05,-0.11,-13.93,0.26,-0.37,-2480.71,0.01,-0.00,0.01,0.00,0.00,0.00,8.00
48252.00,0.11,1.17,0.90,0.05,-0.11,9.94,0.26,-0.37,1326.02,0.01,-0.00,0.01,0.00,0.00,-0.00,6.00
48258.00,0.11,1.17,0.81,0.05,-0.11,-14.96,0.26,-0.37,-4148.80,0.01,-0.00,0.01,-0.00,0.01,0.00,5.00
48263.00,0.11,1.17,0.87,0.05,-0.11,12.67,0.26,-0.37,5526.36,0.01,-0.00,0.01,-0.00,0.01,0.00,19.00
48282.00,0.11,1.17,0.81,0.05,-0.11,-3.35,0.26,-0.37,-843.43,0.01,-0.00,0.01,0.00,-0.00,0.00,8.00
48290.00,0.11,1.17,0.71,0.05,-0.11,-12.81,0.26,-0.37,-1181.78,0.01,-0.00,0.01,-0.00,0.00,0.00,6.00
48296.00,0.11,1.17,0.78,0.05,-0.11,12.45,0.26,-0.37,4209.47,0.01,-0.00,0.01,-0.00,0.00,0.00,7.00
48303.00,0.11,1.17,0.73,0.05,-0.11,-7.63,0.26,-0.37,-2868.47,0.01,-0.00,0.01,0.00,0.01,0.00,5.00
48308.00,0.11,1.17,0.87,0.05,-0.11,29.43,0.26,-0.37,7411.92,0.01,-0.00,0.01,0.00,0.00,0.00,6.00
48314.00,0.11,1.17,0.84,0.05,-0.11,-4.98,0.26,-0.37,-5735.09,0.01,-0.00,0.01,-0.00,0.00,-0.00,7.00
48321.00,0.11,1.17,0.94,0.05,-0.11,14.04,0.26,-0.37,2716.29,0.01,-0.00,0.01,-0.00,0.00,-0.00,9.00
48335.00,0.11,1.17,0.84,0.05,-0.11,-7.34,0.26,-0.37,-1527.04,0.01,-0.00,0.01,0.00,0.00,0.00,8.00
48343.00,0.11,1.17,0.81,0.05,-0.11,-4.41,0.26,-0.37,367.12,0.01,-0.00,0.01,0.00,0.00,0.00,8.00
48351.00,0.11,1.17,0.82,0.05,-0.11,1.31,0.26,-0.37,714.28,0.01,-0.00,0.01,0.00,0.00,0.00,6.00
48357.00,0.11,1.17,0.81,0.05,-0.11,-1.39,0.26,-0.37,-449.31,0.01,-0.00,0.01,-0.00,-0.00,0.00,6.00
48363.00,0.11,1.17,0.88,0.05,-0.11,12.44,0.26,-0.37,2305.40,0.01,-0.00,0.01,-0.00,-0.00,0.00,18.00
48381.00,0.08,1.20,0.73,-0.16,0.12,-8.70,-1.00,1.12,-1174.69,0.01,-0.00,0.01,0.00,0.00,0.00,8.00
48389.00,0.08,1.20,0.75,-0.16,0.12,2.93,-1.00,1.12,1454.33,0.01,-0.00,0.01,0.00,0.00,-0.00,5.00
48394.00,0.08,1.20,0.83,-0.16,0.12,16.44,-1.00,1.12,2701.99,0.01,-0.00,0.01,0.00,0.00,-0.00,9.00
48403.00,0.08,1.20,0.83,-0.16,0.12,-0.31,-1.00,1.12,-1861.19,0.01,-0.00,0.01,0.00,0.00,0.00,5.00
48408.00,0.08,1.20,0.89,-0.16,0.12,11.84,-1.00,1.12,2428.63,0.01,-0.00,0.01,0.00,0.00,0.00,6.00
48419.00,0.08,1.20,0.88,-0.16,0.12,-0.71,-1.00,1.12,-1140.37,0.01,-0.00,0.01,0.00,-0.00,-0.00,6.00
48425.00,0.08,1.20,1.00,-0.16,0.12,19.34,-1.00,1.12,3341.74,0.01,-0.00,0.01,0.00,-0.00,-0.00,7.00
48432.00,0.08,1.20,0.90,-0.16,0.12,-13.83,-1.00,1.12,-4739.58,0.01,-0.00,0.01,-0.00,-0.00,-0.00,9.00
48441.00,0.08,1.20,0.91,-0.16,0.12,0.85,-1.00,1.12,1631.42,0.01,-0.00,0.01,-0.00,-0.00,0.00,6.00
48447.00,0.08,1.20,0.83,-0.16,0.12,-12.86,-1.00,1.12,-2284.69,0.01,-0.00,0.01,0.00,-0.00,0.00,7.00
48454.00,0.08,1.20,0.78,-0.16,0.12,-6.43,-1.00,1.12,919.08,0.01,-0.00,0.01,0.00,0.00,-0.00,6.00
48460.00,0.08,1.20,0.81,-0.16,0.12,4.95,-1.00,1.12,1895.19,0.01,-0.00,0.01,0.00,-0.00,0.00,6.00
48466.00,0.08,1.20,0.79,-0.16,0.12,-4.46,-1.00,1.12,-1566.99,0.01,-0.00,0.01,0.00,-0.00,0.00,7.00
48473.00,0.08,1.20,0.88,-0.16,0.12,13.18,-1.00,1.12,2519.84,0.01,-0.00,0.01,-0.00,-0.00,0.00,18.00
48491.00,0.08,1.20,0.80,-0.16,0.12,-4.44,-1.00,1.12,-978.96,0.01,-0.00,0.01,-0.00,-0.00,0.00,8.00
48504.00,0.08,1.20,0.83,-0.16,0.12,2.09,-1.00,1.12,502.29,0.01,-0.00,0.01,-0.00,-0.01,0.00,7.00
48511.00,0.08,1.20,0.87,-0.16,0.12,5.52,-1.00,1.12,490.26,0.01,-0.00,0.01,0.00,-0.00,0.00,5.00
48516.00,0.08,1.20,0.82,-0.16,0.12,-9.32,-1.00,1.12,-2969.04,0.01,-0.00,0.01,0.00,-0.00,0.00,7.00
48523.00,0.08,1.20,0.81,-0.16,0.12,-1.94,-1.00,1.12,1054.60,0.01,-0.00,0.01,-0.00,0.00,0.00,9.00
48532.00,0.08,1.20,0.82,-0.16,0.12,2.14,-1.00,1.12,453.61,0.01,-0.00,0.01,0.00,-0.00,0.00,7.00
48539.00,0.08,1.20,0.86,-0.16,0.12,4.53,-1.00,1.12,340.52,0.01,-0.00,0.01,0.00,0.00,0.00,5.00
48544.00,0.08,1.20,0.83,-0.16,0.12,-4.89,-1.00,1.12,-1882.85,0.01,-0.00,0.01,0.00,0.00,0.00,9.00
48553.00,0.08,1.20,0.83,-0.16,0.12,-0.13,-1.00,1.12,529.11,0.01,-0.00,0.01,-0.00,-0.00,0.00,5.00
48558.00,0.08,1.20,0.85,-0.16,0.12,4.11,-1.00,1.12,846.57,0.01,-0.00,0.01,-0.00,-0.00,0.00,6.00
48564.00,0.08,1.20,0.79,-0.16,0.12,-10.57,-1.00,1.12,-2446.48,0.01,-0.00,0.01,-0.00,-0.00,0.00,8.00
48577.00,0.08,1.20,0.86,-0.16,0.12,5.20,-1.00,1.12,1213.43,0.01,-0.00,0.01,0.00,-0.00,0.00,18.00
48595.00,0.08,1.20,0.80,0.00,0.04,-2.97,0.74,-0.40,-453.82,0.01,-0.00,0.01,0.00,0.00,0.00,8.00
48603.00,0.08,1.20,0.93,0.00,0.04,15.93,0.74,-0.40,2362.04,0.01,-0.00,0.01,0.00,0.00,0.00,5.00
48608.00,0.08,1.20,0.83,0.00,0.04,-20.04,0.74,-0.40,-7193.19,0.01,-0.00,0.01,0.00,-0.00,-0.00,7.00
48615.00,0.08,1.20,0.88,0.00,0.04,6.71,0.74,-0.40,3820.67,0.01,-0.00,0.01,0.00,-0.00,0.00,8.00
48623.00,0.08,1.20,0.92,0.00,0.04,5.91,0.74,-0.40,-100.16,0.01,-0.00,0.01,-0.00,-0.00,0.00,8.00
48631.00,0.08,1.20,0.96,0.00,0.04,4.48,0.74,-0.40,-178.52,0.01,-0.00,0.01,0.00,-0.01,0.00,5.00
48636.00,0.08,1.20,0.83,0.00,0.04,-26.39,0.74,-0.40,-6174.11,0.01,-0.00,0.01,0.00,-0.01,0.00,8.00
48644.00,0.08,1.20,0.78,0.00,0.04,-6.43,0.74,-0.40,2495.32,0.01,-0.00,0.01,0.00,-0.00,0.00,8.00
48652.00,0.08,1.20,0.93,0.00,0.04,19.01,0.74,-0.40,3179.49,0.01,-0.00,0.01,0.00,-0.00,0.00,6.00
48663.00,0.08,1.20,0.90,0.00,0.04,-2.65,0.74,-0.40,-1969.02,0.01,-0.00,0.01,-0.00,-0.00,0.00,19.00
48682.00,0.08,1.20,0.86,0.00,0.04,-2.17,0.74,-0.40,25.55,0.01,-0.00,0.01,-0.00,-0.00,-0.00,8.00
48690.00,0.08,1.20,0.85,0.00,0.04,-0.86,0.74,-0.40,163.33,0.01,-0.00,0.01,0.00,0.00,0.00,5.00
48695.00,0.08,1.20,0.89,0.00,0.04,7.03,0.74,-0.40,1578.11,0.01,-0.00,0.01,0.00,-0.00,0.00,9.00
48704.00,0.08,1.20,0.95,0.00,0.04,7.44,0.74,-0.40,45.43,0.01,-0.00,0.01,0.00,-0.00,0.00,5.00
48709.00,0.08,1.20,0.87,0.00,0.04,-16.79,0.74,-0.40,-4845.22,0.01,-0.00,0.01,-0.00,-0.00,0.00,6.00
48715.00,0.08,1.20,0.97,0.00,0.04,16.18,0.74,-0.40,5494.11,0.01,-0.00,0.01,-0.00,-0.00,0.00,8.00
48723.00,0.08,1.20,0.98,0.00,0.04,1.58,0.74,-0.40,-1825.21,0.01,-0.00,0.01,-0.00,-0.01,0.00,8.00
48731.00,0.08,1.20,0.96,0.00,0.04,-2.60,0.74,-0.40,-521.95,0.01,-0.00,0.01,0.00,0.00,0.00,5.00
48736.00,0.08,1.20,0.85,0.00,0.04,-20.85,0.74,-0.40,-3650.45,0.01,-0.00,0.01,0.00,0.00,-0.00,8.00
48749.00,0.08,1.20,0.96,0.00,0.04,8.29,0.74,-0.40,2241.32,0.01,-0.00,0.01,-0.00,-0.00,-0.00,7.00
48756.00,0.08,1.20,0.90,0.00,0.04,-8.66,0.74,-0.40,-2420.16,0.01,-0.00,0.01,-0.00,-0.00,-0.00,7.00
48763.00,0.08,1.20,0.90,0.00,0.04,-0.37,0.74,-0.40,1183.70,0.01,-0.00,0.01,-0.00,-0.00,0.00,8.00
48771.00,0.08,1.20,0.89,0.00,0.04,-1.36,0.74,-0.40,-123.34,0.01,-0.00,0.01,0.00,0.00,0.00,5.00
48776.00,0.08,1.20,0.83,0.00,0.04,-11.33,0.74,-0.40,-1995.19,0.01,-0.00,0.01,0.00,-0.00,0.00,18.00
48794.00,0.08,1.20,0.94,0.00,0.04,6.11,0.74,-0.40,968.88,0.01,-0.00,0.01,-0.01,0.00,0.00,9.00
48803.00,0.07,1.20,0.93,-0.05,0.00,-1.25,-0.26,-0.15,-817.46,0.01,-0.00,0.01,-0.00,-0.00,0.00,5.00
48808.00,0.07,1.20,0.92,-0.05,0.00,-1.86,-0.26,-0.15,-121.56,0.01,-0.00,0.01,0.00,-0.00,0.00,7.00
48815.00,0.07,1.20,0.89,-0.05,0.00,-3.76,-0.26,-0.15,-271.51,0.01,-0.00,0.01,0.00,-0.00,0.00,8.00
48823.00,0.07,1.20,0.97,-0.05,0.00,9.23,-0.26,-0.15,1623.78,0.01,-0.00,0.01,0.00,-0.01,0.00,8.00
48836.00,0.07,1.20,0.94,-0.05,0.00,-1.85,-0.26,-0.15,-852.19,0.01,-0.00,0.01,0.00,-0.00,0.00,9.00
48845.00,0.07,1.20,0.88,-0.05,0.00,-6.60,-0.26,-0.15,-528.19,0.01,-0.00,0.01,0.00,0.00,0.00,8.00
48853.00,0.07,1.20,0.90,-0.05,0.00,2.06,-0.26,-0.15,1082.71,0.01,-0.00,0.01,0.00,0.00,0.00,6.00
48859.00,0.07,1.20,0.82,-0.05,0.00,-14.00,-0.26,-0.15,-2677.21,0.01,-0.00,0.01,0.00,-0.00,0.00,6.00
48865.00,0.07,1.20,0.88,-0.05,0.00,10.19,-0.26,-0.15,4032.04,0.01,-0.00,0.01,0.00,-0.00,0.00,18.00
48884.00,0.07,1.20,1.00,-0.05,0.00,6.59,-0.26,-0.15,-189.67,0.01,-0.00,0.01,0.00,-0.00,-0.00,8.00
48892.00,0.07,1.20,0.97,-0.05,0.00,-4.10,-0.26,-0.15,-1335.26,0.01,-0.00,0.01,0.01,-0.00,0.00,6.00
48898.00,0.07,1.20,0.98,-0.05,0.00,1.78,-0.26,-0.15,979.41,0.01,-0.00,0.01,0.00,-0.00,0.00,7.00
48905.00,0.07,1.20,0.95,-0.05,0.00,-3.86,-0.26,-0.15,-805.57,0.01,-0.00,0.01,0.00,0.00,0.00,5.00
48910.00,0.07,1.20,0.91,-0.05,0.00,-9.70,-0.26,-0.15,-1167.58,0.01,-0.00,0.01,0.00,-0.00,0.00,6.00
48926.00,0.07,1.20,1.02,-0.05,0.00,6.98,-0.26,-0.15,1042.31,0.01,-0.00,0.01,0.00,-0.00,-0.00,9.00
48935.00,0.07,1.20,0.96,-0.05,0.00,-6.35,-0.26,-0.15,-1481.13,0.01,-0.00,0.01,0.00,0.00,0.00,8.00
48943.00,0.07,1.20,0.97,-0.05,0.00,0.85,-0.26,-0.15,899.91,0.01,-0.00,0.01,-0.00,0.00,0.00,7.00
48950.00,0.07,1.20,0.90,-0.05,0.00,-9.77,-0.26,-0.15,-1517.81,0.01,-0.00,0.01,-0.00,-0.00,-0.00,6.00
48956.00,0.07,1.20,0.98,-0.05,0.00,13.05,-0.26,-0.15,3803.23,0.01,-0.00,0.01,-0.00,-0.00,-0.00,6.00
48962.00,0.07,1.20,0.94,-0.05,0.00,-6.57,-0.26,-0.15,-3268.97,0.01,-0.00,0.01,0.00,0.00,-0.00,6.00
48968.00,0.07,1.20,1.08,-0.05,0.00,23.19,-0.26,-0.15,4959.13,0.01,-0.00,0.01,0.00,0.00,-0.00,17.00
48985.00,0.07,1.20,1.11,-0.05,0.00,2.12,-0.26,-0.15,-1239.32,0.01,-0.00,0.01,-0.00,0.00,0.00,9.00
48994.00,0.07,1.20,1.09,-0.05,0.00,-2.07,-0.26,-0.15,-465.33,0.01,-0.00,0.01,0.00,0.00,0.00,8.00
49002.00,0.07,1.20,0.97,-0.05,0.00,-15.34,-0.26,-0.15,-1658.31,0.01,-0.00,0.01,0.00,-0.00,-0.00,6.00
49012.00,0.07,1.21,0.99,0.00,0.04,1.82,0.26,0.15,1715.86,0.01,-0.00,0.01,0.00,-0.00,0.00,8.00
49020.00,0.07,1.21,0.90,0.00,0.04,-11.42,0.26,0.15,-1655.29,0.01,-0.00,0.01,-0.00,0.00,-0.00,5.00
49025.00,0.07,1.21,0.98,0.00,0.04,17.16,0.26,0.15,5716.69,0.01,-0.00,0.01,-0.00,0.00,-0.00,9.00
49034.00,0.07,1.21,0.96,0.00,0.04,-3.13,0.26,0.15,-2254.98,0.01,-0.00,0.01,-0.00,0.00,0.00,8.00
49042.00,0.07,1.21,0.95,0.00,0.04,-0.80,0.26,0.15,291.10,0.01,-0.00,0.01,-0.00,0.00,0.00,5.00
49047.00,0.07,1.21,0.88,0.00,0.04,-14.00,0.26,0.15,-2640.25,0.01,-0.00,0.01,-0.00,0.00,0.00,7.00
49054.00,0.07,1.21,0.82,0.00,0.04,-8.86,0.26,0.15,735.61,0.01,-0.00,0.01,0.00,0.00,-0.00,6.00
49060.00,0.07,1.21,1.01,0.00,0.04,32.89,0.26,0.15,6958.04,0.01,-0.00,0.01,0.00,0.00,0.00,6.00
49066.00,0.07,1.21,0.95,0.00,0.04,-10.64,0.26,0.15,-7256.26,0.01,-0.00,0.01,0.00,0.00,0.00,18.00
49084.00,0.07,1.21,0.90,0.00,0.04,-3.07,0.26,0.15,420.91,0.01,-0.00,0.01,0.00,-0.00,0.00,8.00
49097.00,0.07,1.21,0.91,0.00,0.04,0.74,0.26,0.15,293.14,0.01,-0.00,0.01,0.00,0.00,-0.00,9.00
49106.00,0.07,1.21,1.01,0.00,0.04,11.89,0.26,0.15,1238.65,0.01,-0.00,0.01,0.00,0.00,-0.00,4.00
49110.00,0.07,1.21,0.93,0.00,0.04,-19.34,0.26,0.15,-7806.66,0.01,-0.00,0.01,0.00,0.00,-0.00,6.00
49116.00,0.07,1.21,0.99,0.00,0.04,9.60,0.26,0.15,4822.42,0.01,-0.00,0.01,0.00,0.00,0.00,8.00
49124.00,0.07,1.21,0.98,0.00,0.04,-2.07,0.26,0.15,-1458.03,0.01,-0.00,0.01,0.00,0.00,-0.00,8.00
49132.00,0.07,1.21,0.92,0.00,0.04,-7.37,0.26,0.15,-662.43,0.01,-0.00,0.01,0.00,-0.00,0.00,5.00
49137.00,0.07,1.21,1.08,0.00,0.04,32.72,0.26,0.15,8016.71,0.01,-0.00,0.01,0.00,-0.00,0.00,8.00
49145.00,0.07,1.21,1.04,0.00,0.04,-4.88,0.26,0.15,-4700.18,0.01,-0.00,0.01,0.00,-0.00,0.00,9.00
49154.00,0.07,1.21,1.07,0.00,0.04,3.57,0.26,0.15,938.80,0.01,-0.00,0.01,0.00,-0.00,0.00,6.00
49160.00,0.07,1.21,1.09,0.00,0.04,2.81,0.26,0.15,-125.81,0.01,-0.00,0.01,0.00,0.00,0.00,6.00
49171.00,0.07,1.21,0.98,0.00,0.04,-9.67,0.26,0.15,-1134.57,0.01,-0.00,0.01,-0.00,0.01,0.00,16.00
49187.00,0.07,1.21,1.03,0.00,0.04,2.81,0.26,0.15,779.85,0.01,-0.00,0.01,-0.00,0.00,-0.00,7.00
49194.00,0.07,1.21,1.02,0.00,0.04,-0.87,0.26,0.15,-526.15,0.01,-0.00,0.01,-0.00,-0.00,0.00,7.00
49201.00,0.07,1.21,1.04,0.00,0.04,2.81,0.26,0.15,526.39,0.01,-0.00,0.01,-0.00,-0.00,0.01,6.00
49207.00,0.07,1.21,1.07,0.00,0.04,3.92,0.26,0.15,185.09,0.01,-0.00,0.01,-0.00,-0.00,0.01,6.00
49213.00,0.06,1.22,1.08,-0.06,0.04,2.81,-0.28,0.03,-184.53,0.01,-0.00,0.01,0.00,-0.00,0.00,6.00
49219.00,0.06,1.22,1.09,-0.06,0.04,1.50,-0.28,0.03,-219.42,0.01,-0.00,0.01,0.00,0.00,0.00,6.00
49225.00,0.06,1.22,1.09,-0.06,0.04,-0.35,-0.28,0.03,-308.47,0.01,-0.00,0.01,0.00,0.00,0.00,9.00
49234.00,0.06,1.22,1.14,-0.06,0.04,5.32,-0.28,0.03,630.32,0.01,-0.00,0.01,-0.00,0.00,-0.00,8.00
49242.00,0.06,1.22,1.13,-0.06,0.04,-1.30,-0.28,0.03,-827.67,0.01,-0.00,0.01,0.00,0.01,-0.00,6.00
49253.00,0.06,1.22,1.09,-0.06,0.04,-3.53,-0.28,0.03,-202.47,0.01,-0.00,0.01,0.00,0.00,-0.00,6.00
49259.00,0.06,1.22,1.08,-0.06,0.04,-1.03,-0.28,0.03,415.75,0.01,-0.00,0.01,0.00,-0.00,-0.00,6.00
49265.00,0.06,1.22,1.05,-0.06,0.04,-5.45,-0.28,0.03,-736.05,0.01,-0.00,0.01,0.00,-0.00,0.00,19.00
49284.00,0.06,1.22,0.96,-0.06,0.04,-4.73,-0.28,0.03,38.20,0.01,-0.00,0.01,0.00,0.00,-0.00,8.00
49292.00,0.06,1.22,1.13,-0.06,0.04,20.68,-0.28,0.03,3175.52,0.01,-0.00,0.01,0.00,0.00,0.00,6.00
49298.00,0.06,1.22,1.08,-0.06,0.04,-8.25,-0.28,0.03,-4821.51,0.01,-0.00,0.01,0.00,0.00,0.00,8.00
49306.00,0.06,1.22,1.12,-0.06,0.04,6.16,-0.28,0.03,1800.72,0.01,-0.00,0.01,0.00,0.00,-0.00,5.00
49311.00,0.06,1.22,1.16,-0.06,0.04,7.08,-0.28,0.03,184.50,0.01,-0.00,0.01,-0.00,0.00,-0.00,6.00
49317.00,0.06,1.22,1.14,-0.06,0.04,-3.84,-0.28,0.03,-1818.89,0.01,-0.00,0.01,-0.00,0.00,-0.01,8.00
49325.00,0.06,1.22,1.22,-0.06,0.04,10.06,-0.28,0.03,1736.56,0.01,-0.00,0.01,-0.00,0.00,-0.00,8.00
49337.00,0.06,1.22,1.25,-0.06,0.04,2.49,-0.28,0.03,-630.28,0.01,-0.00,0.01,0.00,-0.00,0.00,9.00
49346.00,0.06,1.22,1.22,-0.06,0.04,-2.84,-0.28,0.03,-592.60,0.01,-0.00,0.01,0.00,-0.00,0.00,9.00
49355.00,0.06,1.22,1.12,-0.06,0.04,-10.89,-0.28,0.03,-894.04,0.01,-0.00,0.01,-0.00,-0.00,0.00,6.00
49361.00,0.06,1.22,1.13,-0.06,0.04,0.89,-0.28,0.03,1962.45,0.01,-0.00,0.01,-0.00,0.00,0.00,6.00
49367.00,0.06,1.22,1.08,-0.06,0.04,-8.57,-0.28,0.03,-1576.98,0.01,-0.00,0.01,-0.00,0.00,0.00,8.00
49375.00,0.06,1.22,1.08,-0.06,0.04,0.02,-0.28,0.03,1074.18,0.01,-0.00,0.01,0.00,0.01,-0.00,17.00
49392.00,0.06,1.22,1.02,-0.06,0.04,-3.48,-0.28,0.03,-205.69,0.01,-0.00,0.01,-0.00,-0.00,0.00,6.00
49398.00,0.06,1.22,0.98,-0.06,0.04,-6.44,-0.28,0.03,-493.71,0.01,-0.00,0.01,-0.00,-0.00,0.00,8.00
49406.00,0.06,1.22,1.03,-0.06,0.04,6.12,-0.28,0.03,1569.89,0.01,-0.00,0.01,0.00,-0.00,0.00,5.00
49411.00,0.06,1.22,1.03,-0.06,0.04,0.59,-0.28,0.03,-1106.79,0.01,-0.00,0.01,0.00,0.00,0.00,6.00
49422.00,0.04,1.22,1.19,-0.05,0.00,14.55,0.01,-0.18,1269.03,0.01,-0.00,0.01,0.00,-0.00,0.00,6.00
49428.00,0.04,1.22,1.08,-0.05,0.00,-18.95,0.01,-0.18,-5582.91,0.01,-0.00,0.01,-0.00,-0.00,0.00,8.00
49436.00,0.04,1.22,1.15,-0.05,0.00,8.43,0.01,-0.18,3423.14,0.01,-0.00,0.01,-0.00,-0.00,0.00,8.00
49444.00,0.04,1.22,1.08,-0.05,0.00,-8.08,0.01,-0.18,-2064.55,0.01,-0.00,0.01,0.00,-0.00,-0.00,6.00
49450.00,0.04,1.22,1.12,-0.05,0.00,6.00,0.01,-0.18,2347.05,0.01,-0.00,0.01,0.00,-0.00,-0.00,7.00
49457.00,0.04,1.22,0.96,-0.05,0.00,-23.05,0.01,-0.18,-4149.48,0.01,-0.00,0.01,0.00,0.00,0.00,6.00
49463.00,0.04,1.22,1.00,-0.05,0.00,7.67,0.01,-0.18,5119.25,0.01,-0.00,0.01,0.00,0.00,0.00,5.00
49468.00,0.04,1.22,1.11,-0.05,0.00,21.87,0.01,-0.18,2839.36,0.01,-0.00,0.01,0.00,0.00,0.00,8.00
49476.00,0.04,1.22,0.97,-0.05,0.00,-18.04,0.01,-0.18,-4988.17,0.01,-0.00,0.01,0.00,-0.00,0.00,18.00
49494.00,0.04,1.22,1.10,-0.05,0.00,7.48,0.01,-0.18,1417.95,0.01,-0.00,0.01,0.00,-0.00,0.00,6.00
49505.00,0.04,1.22,1.15,-0.05,0.00,4.46,0.01,-0.18,-274.49,0.01,-0.00,0.01,0.00,-0.00,-0.00,6.00
49511.00,0.04,1.22,1.19,-0.05,0.00,6.55,0.01,-0.18,347.79,0.01,-0.00,0.01,-0.00,0.00,-0.00,6.00
49517.00,0.04,1.22,1.17,-0.05,0.00,-3.32,0.01,-0.18,-1645.57,0.01,-0.00,0.01,-0.00,0.00,-0.00,9.00
49526.00,0.04,1.22,1.09,-0.05,0.00,-9.21,0.01,-0.18,-654.47,0.01,-0.00,0.01,0.00,-0.00,-0.00,7.00
49533.00,0.04,1.22,1.14,-0.05,0.00,6.86,0.01,-0.18,2295.85,0.01,-0.00,0.01,0.00,-0.00,0.00,6.00
49539.00,0.04,1.22,1.09,-0.05,0.00,-7.92,0.01,-0.18,-2462.47,0.01,-0.00,0.01,0.00,-0.00,0.00,7.00
49546.00,0.04,1.22,1.03,-0.05,0.00,-8.01,0.01,-0.18,-12.60,0.01,-0.00,0.01,0.00,0.00,0.00,9.00
49555.00,0.04,1.22,1.01,-0.05,0.00,-2.89,0.01,-0.18,568.63,0.01,-0.00,0.01,0.00,-0.00,-0.00,5.00
49560.00,0.04,1.22,1.01,-0.05,0.00,1.82,0.01,-0.18,941.85,0.01,-0.00,0.01,-0.00,-0.00,-0.00,7.00
49567.00,0.04,1.22,1.03,-0.05,0.00,1.98,0.01,-0.18,22.79,0.01,-0.00,0.01,-0.00,-0.00,0.00,8.00
49585.00,0.04,1.22,1.00,-0.05,0.00,-1.86,0.01,-0.18,-213.19,0.01,-0.00,0.01,-0.00,-0.00,0.00,17.00
49602.00,0.04,1.22,1.15,-0.05,0.00,8.86,0.01,-0.18,630.35,0.01,-0.00,0.01,0.00,-0.01,0.00,6.00
49608.00,0.04,1.22,1.12,-0.05,0.00,-4.05,0.01,-0.18,-2152.38,0.01,-0.00,0.01,0.00,-0.01,0.00,6.00
49614.00,0.04,1.22,1.05,-0.05,0.00,-11.43,0.01,-0.18,-1229.89,0.01,-0.00,0.01,0.00,-0.00,0.00,6.00
49620.00,0.04,1.22,1.15,-0.05,0.00,16.77,0.01,-0.18,4699.88,0.01,-0.00,0.01,0.00,-0.00,0.00,7.00
49627.00,0.04,1.24,1.15,0.00,0.07,-0.42,0.26,0.34,-2455.44,0.01,-0.00,0.01,-0.00,-0.00,0.00,9.00
49636.00,0.04,1.24,1.13,0.00,0.07,-2.81,0.26,0.34,-265.41,0.01,-0.00,0.01,-0.00,0.00,0.00,8.00
49644.00,0.04,1.24,1.02,0.00,0.07,-13.45,0.26,0.34,-1330.11,0.01,-0.00,0.01,0.00,0.00,0.00,6.00
49650.00,0.04,1.24,1.11,0.00,0.07,16.04,0.26,0.34,4915.17,0.01,-0.00,0.01,0.00,0.00,0.00,7.00
49657.00,0.04,1.24,1.07,0.00,0.07,-6.51,0.26,0.34,-3220.78,0.01,-0.00,0.01,0.00,-0.00,0.00,6.00
49667.00,0.04,1.24,1.25,0.00,0.07,18.56,0.26,0.34,2506.79,0.01,-0.00,0.01,0.00,-0.00,0.00,19.00
49686.00,0.04,1.24,1.26,0.00,0.07,0.25,0.26,0.34,-963.65,0.01,-0.00,0.01,-0.00,0.00,-0.00,9.00
49695.00,0.04,1.24,1.22,0.00,0.07,-4.13,0.26,0.34,-486.58,0.01,-0.00,0.01,-0.00,-0.00,0.00,6.00
49701.00,0.04,1.24,1.17,0.00,0.07,-9.13,0.26,0.34,-833.73,0.01,-0.00,0.01,-0.00,-0.00,0.00,7.00
49708.00,0.04,1.24,1.26,0.00,0.07,13.53,0.26,0.34,3236.73,0.01,-0.00,0.01,-0.00,-0.00,0.00,5.00
49713.00,0.04,1.24,1.20,0.00,0.07,-12.38,0.26,0.34,-5181.15,0.01,-0.00,0.01,0.00,-0.00,0.00,6.00
49719.00,0.04,1.24,1.37,0.00,0.07,27.87,0.26,0.34,6707.46,0.01,-0.00,0.01,0.00,-0.00,-0.00,7.00
49726.00,0.04,1.24,1.31,0.00,0.07,-8.48,0.26,0.34,-5192.71,0.01,-0.00,0.01,0.00,0.00,-0.00,9.00
49735.00,0.04,1.24,1.39,0.00,0.07,8.94,0.26,0.34,1935.35,0.01,-0.00,0.01,-0.00,0.00,0.00,7.00
49742.00,0.04,1.24,1.23,0.00,0.07,-23.01,0.26,0.34,-4564.25,0.01,-0.00,0.01,-0.00,0.00,0.00,6.00
49753.00,0.04,1.24,1.23,0.00,0.07,-0.11,0.26,0.34,2081.96,0.01,-0.00,0.01,0.00,0.00,0.00,7.00
49760.00,0.04,1.24,1.26,0.00,0.07,5.13,0.26,0.34,748.34,0.01,-0.00,0.01,0.00,0.00,-0.00,7.00
49767.00,0.04,1.24,1.16,0.00,0.07,-14.08,0.26,0.34,-2743.43,0.01,-0.00,0.01,0.00,0.00,-0.01,18.00
49785.00,0.04,1.24,1.24,0.00,0.07,4.10,0.26,0.34,1009.84,0.01,-0.00,0.01,-0.00,0.00,0.00,7.00
49792.00,0.04,1.24,1.22,0.00,0.07,-2.67,0.26,0.34,-967.32,0.01,-0.00,0.01,-0.00,-0.00,0.01,6.00
49798.00,0.04,1.24,1.21,0.00,0.07,-0.74,0.26,0.34,322.56,0.01,-0.00,0.01,0.00,-0.00,0.01,9.00
49807.00,0.04,1.24,1.27,0.00,0.07,6.52,0.26,0.34,805.98,0.01,-0.00,0.01,0.00,-0.00,0.00,5.00
49812.00,0.04,1.24,1.21,0.00,0.07,-12.29,0.26,0.34,-3760.50,0.01,-0.00,0.01,-0.00,-0.00,0.00,7.00
49819.00,0.04,1.24,1.22,0.00,0.07,1.56,0.26,0.34,1978.17,0.01,-0.00,0.01,-0.00,-0.00,-0.00,7.00
49826.00,0.04,1.24,1.20,0.00,0.07,-2.84,0.26,0.34,-628.17,0.01,-0.00,0.01,-0.00,-0.00,-0.00,8.00
49839.00,0.03,1.24,1.21,-0.05,0.00,0.79,-0.25,-0.33,279.11,0.01,-0.00,0.01,0.00,-0.00,-0.00,9.00
49848.00,0.03,1.24,0.97,-0.05,0.00,-26.40,-0.25,-0.33,-3021.77,0.01,-0.00,0.01,0.00,-0.00,0.00,8.00
49856.00,0.03,1.24,0.98,-0.05,0.00,0.52,-0.25,-0.33,3365.47,0.01,-0.00,0.01,0.00,-0.00,0.00,6.00
49862.00,0.03,1.24,1.06,-0.05,0.00,13.67,-0.25,-0.33,2192.24,0.01,-0.00,0.01,0.00,0.00,0.00,6.00
49868.00,0.03,1.24,1.01,-0.05,0.00,-7.69,-0.25,-0.33,-3560.11,0.01,-0.00,0.01,0.00,0.01,0.00,19.00
49887.00,0.03,1.24,1.02,-0.05,0.00,0.08,-0.25,-0.33,408.67,0.01,-0.00,0.01,0.00,0.00,0.00,8.00
49895.00,0.03,1.24,1.01,-0.05,0.00,-0.53,-0.25,-0.33,-75.73,0.01,-0.00,0.01,0.00,0.00,-0.00,6.00
49901.00,0.03,1.24,1.10,-0.05,0.00,14.68,-0.25,-0.33,2535.36,0.01,-0.00,0.01,0.00,0.00,-0.00,7.00
49908.00,0.03,1.24,1.22,-0.05,0.00,17.71,-0.25,-0.33,432.48,0.01,-0.00,0.01,0.00,0.00,-0.00,5.00
49913.00,0.03,1.24,1.21,-0.05,0.00,-3.21,-0.25,-0.33,-4184.86,0.01,-0.00,0.01,0.00,0.00,0.00,6.00
49924.00,0.03,1.24,1.28,-0.05,0.00,6.78,-0.25,-0.33,908.25,0.01,-0.00,0.01,0.00,0.00,0.00,7.00
49931.00,0.03,1.24,1.29,-0.05,0.00,1.00,-0.25,-0.33,-825.09,0.01,-0.00,0.01,0.00,-0.00,0.00,6.00
49937.00,0.03,1.24,1.11,-0.05,0.00,-29.57,-0.25,-0.33,-5094.98,0.01,-0.00,0.01,0.00,-0.00,0.00,9.00
49946.00,0.03,1.24,1.20,-0.05,0.00,9.24,-0.25,-0.33,4311.94,0.01,-0.00,0.01,-0.00,0.00,0.00,7.00
49953.00,0.03,1.24,1.15,-0.05,0.00,-5.90,-0.25,-0.33,-2163.38,0.01,-0.00,0.01,-0.00,0.00,0.00,6.00
49959.00,0.03,1.24,1.18,-0.05,0.00,3.77,-0.25,-0.33,1611.84,0.01,-0.00,0.01,-0.00,0.00,-0.00,7.00
49966.00,0.03,1.24,1.16,-0.05,0.00,-2.88,-0.25,-0.33,-949.41,0.01,-0.00,0.01,0.00,0.00,0.00,6.00
49972.00,0.03,1.24,1.11,-0.05,0.00,-8.41,-0.25,-0.33,-922.31,0.01,-0.00,0.01,-0.00,0.00,0.00,6.00
49978.00,0.03,1.24,1.12,-0.05,0.00,2.72,-0.25,-0.33,1855.43,0.01,-0.00,0.01,-0.00,0.00,0.00,19.00
49997.00,0.03,1.24,1.39,-0.05,0.00,14.23,-0.25,-0.33,605.67,0.01,-0.00,0.01,0.00,-0.00,0.00,8.00
50010.00,0.03,1.24,1.28,-0.05,0.00,-8.68,-0.25,-0.33,-1762.43,0.01,-0.00,0.01,-0.00,0.00,0.00,8.00
50018.00,0.03,1.24,1.18,-0.05,0.00,-12.29,-0.25,-0.33,-450.73,0.01,-0.00,0.01,-0.00,-0.00,0.00,8.00
50026.00,0.03,1.24,1.16,-0.05,0.00,-2.87,-0.25,-0.33,1177.21,0.01,-0.00,0.01,-0.00,-0.00,-0.00,7.00
50033.00,0.03,1.24,1.28,-0.05,0.00,17.13,-0.25,-0.33,2857.78,0.01,-0.00,0.01,-0.00,0.00,0.00,6.00
50039.00,0.02,1.25,1.10,-0.06,0.04,-28.96,-0.02,0.19,-7682.60,0.01,-0.00,0.01,0.00,0.00,0.00,9.00
50048.00,0.02,1.25,1.13,-0.06,0.04,2.36,-0.02,0.19,3480.31,0.01,-0.00,0.01,-0.00,-0.00,0.00,8.00
50056.00,0.02,1.25,1.31,-0.06,0.04,22.93,-0.02,0.19,2570.69,0.01,-0.00,0.01,0.00,0.00,0.00,5.00
50061.00,0.02,1.25,1.47,-0.06,0.04,32.70,-0.02,0.19,1955.60,0.01,-0.00,0.01,0.00,-0.00,0.00,7.00
50068.00,0.02,1.25,1.54,-0.06,0.04,10.17,-0.02,0.19,-3218.70,0.01,-0.00,0.01,0.00,-0.00,0.00,19.00
50087.00,0.02,1.25,1.45,-0.06,0.04,-5.17,-0.02,0.19,-807.59,0.01,-0.00,0.01,-0.00,-0.00,0.00,8.00
50100.00,0.02,1.25,1.32,-0.06,0.04,-9.60,-0.02,0.19,-340.80,0.01,-0.00,0.01,0.00,-0.00,0.00,9.00
50109.00,0.02,1.25,1.17,-0.06,0.04,-17.07,-0.02,0.19,-830.13,0.01,-0.00,0.01,0.00,-0.00,0.00,5.00
50114.00,0.02,1.25,1.33,-0.06,0.04,33.13,-0.02,0.19,10041.15,0.01,-0.00,0.01,-0.00,0.00,0.00,6.00
50120.00,0.02,1.25,1.19,-0.06,0.04,-23.35,-0.02,0.19,-9413.61,0.01,-0.00,0.01,-0.00,0.00,0.00,8.00
50128.00,0.02,1.25,1.20,-0.06,0.04,0.81,-0.02,0.19,3019.57,0.01,-0.00,0.01,0.00,-0.00,-0.00,8.00
50136.00,0.02,1.25,1.13,-0.06,0.04,-8.25,-0.02,0.19,-1131.75,0.01,-0.00,0.01,0.00,-0.00,0.00,5.00
50141.00,0.02,1.25,1.21,-0.06,0.04,14.74,-0.02,0.19,4597.27,0.01,-0.00,0.01,0.00,-0.00,0.00,8.00
50149.00,0.02,1.25,1.04,-0.06,0.04,-20.25,-0.02,0.19,-4373.46,0.01,-0.00,0.01,0.00,-0.00,0.00,8.00
50157.00,0.02,1.25,1.14,-0.06,0.04,11.46,-0.02,0.19,3963.54,0.01,-0.00,0.01,0.00,0.00,0.00,6.00
50163.00,0.02,1.25,1.14,-0.06,0.04,0.67,-0.02,0.19,-1799.04,0.01,-0.00,0.01,0.00,0.00,0.00,6.00
50174.00,0.02,1.25,1.16,-0.06,0.04,1.31,-0.02,0.19,58.64,0.01,-0.00,0.01,0.00,-0.00,0.00,16.00
50190.00,0.02,1.25,1.07,-0.06,0.04,-5.12,-0.02,0.19,-401.69,0.01,-0.00,0.01,0.00,-0.00,-0.00,8.00
50198.00,0.02,1.25,1.02,-0.06,0.04,-6.77,-0.02,0.19,-207.32,0.01,-0.00,0.01,0.00,-0.00,-0.01,9.00
50207.00,0.02,1.25,1.09,-0.06,0.04,7.45,-0.02,0.19,1580.97,0.01,-0.00,0.01,0.00,0.00,-0.00,5.00
50212.00,0.02,1.25,0.95,-0.06,0.04,-26.66,-0.02,0.19,-6823.50,0.01,-0.00,0.01,-0.00,-0.00,-0.00,7.00
50219.00,0.02,1.25,0.96,-0.06,0.04,1.57,-0.02,0.19,4033.54,0.01,-0.00,0.01,-0.00,-0.00,0.00,9.00
50228.00,0.02,1.25,0.91,-0.06,0.04,-5.56,-0.02,0.19,-791.98,0.01,-0.00,0.01,0.00,-0.00,0.00,7.00
50235.00,0.02,1.25,1.03,-0.06,0.04,16.01,-0.02,0.19,3080.74,0.01,-0.00,0.01,0.00,0.00,0.00,6.00
50241.00,0.02,1.25,0.89,0.00,0.00,-22.09,0.28,-0.21,-6349.99,0.01,-0.00,0.01,0.00,0.00,0.00,7.00
50248.00,0.02,1.25,0.97,0.00,0.00,10.47,0.28,-0.21,4651.03,0.01,-0.00,0.01,-0.00,0.00,0.00,9.00
50261.00,0.02,1.25,1.09,0.00,0.00,9.67,0.28,-0.21,-61.60,0.01,-0.00,0.01,-0.00,-0.00,-0.00,9.00
50270.00,0.02,1.25,0.90,0.00,0.00,-21.26,0.28,-0.21,-3436.67,0.01,-0.00,0.01,-0.00,-0.00,-0.00,8.00
50278.00,0.02,1.25,1.07,0.00,0.00,21.19,0.28,-0.21,5306.66,0.01,-0.00,0.01,0.00,0.00,0.00,17.00
50295.00,0.02,1.25,1.21,0.00,0.00,8.51,0.28,-0.21,-746.09,0.01,-0.00,0.01,0.00,0.00,0.00,6.00
50301.00,0.02,1.25,1.05,0.00,0.00,-27.35,0.28,-0.21,-5976.61,0.01,-0.00,0.01,0.00,-0.00,0.00,7.00
50308.00,0.02,1.25,1.07,0.00,0.00,3.42,0.28,-0.21,4395.91,0.01,-0.00,0.01,0.00,-0.00,0.00,6.00
50314.00,0.02,1.25,0.94,0.00,0.00,-22.70,0.28,-0.21,-4353.22,0.01,-0.00,0.01,-0.00,-0.00,0.00,6.00
50320.00,0.02,1.25,0.95,0.00,0.00,2.13,0.28,-0.21,4138.29,0.01,-0.00,0.01,-0.00,-0.00,0.00,8.00
50328.00,0.02,1.25,0.89,0.00,0.00,-8.19,0.28,-0.21,-1290.13,0.01,-0.00,0.01,-0.00,0.00,0.00,8.00
50336.00,0.02,1.25,0.91,0.00,0.00,2.51,0.28,-0.21,1337.55,0.01,-0.00,0.01,0.00,0.00,-0.00,6.00
50351.00,0.02,1.25,0.98,0.00,0.00,4.99,0.28,-0.21,165.48,0.01,-0.00,0.01,0.00,0.00,-0.00,9.00
50360.00,0.02,1.25,0.98,0.00,0.00,-0.51,0.28,-0.21,-610.67,0.01,-0.00,0.01,-0.00,-0.00,-0.00,6.00
50366.00,0.02,1.25,0.99,0.00,0.00,2.83,0.28,-0.21,556.97,0.01,-0.00,0.01,0.00,-0.00,0.00,15.00
50381.00,0.02,1.25,1.06,0.00,0.00,4.53,0.28,-0.21,113.17,0.01,-0.00,0.01,0.00,0.00,0.00,8.00
50389.00,0.02,1.25,1.06,0.00,0.00,0.14,0.28,-0.21,-549.25,0.01,-0.00,0.01,0.00,0.00,0.00,9.00
50398.00,0.02,1.25,0.99,0.00,0.00,-7.66,0.28,-0.21,-866.40,0.01,-0.00,0.01,0.00,0.00,-0.00,7.00
50405.00,0.02,1.25,0.90,0.00,0.00,-12.79,0.28,-0.21,-733.53,0.01,-0.00,0.01,0.00,-0.00,-0.00,5.00
50410.00,0.02,1.25,0.96,0.00,0.00,11.19,0.28,-0.21,4796.39,0.01,-0.00,0.01,0.00,-0.00,-0.00,6.00
50416.00,0.02,1.25,0.86,0.00,0.00,-16.48,0.28,-0.21,-4610.62,0.01,-0.00,0.01,0.00,0.00,-0.00,5.00
50421.00,0.02,1.25,0.85,0.00,0.00,-2.55,0.28,-0.21,2786.00,0.01,-0.00,0.01,0.00,0.00,-0.00,8.00
50434.00,0.02,1.25,0.94,0.00,0.00,6.71,0.28,-0.21,711.82,0.01,-0.00,0.01,-0.00,0.00,0.00,7.00
50441.00,0.01,1.25,1.02,-0.06,0.00,11.79,-0.28,0.02,725.83,0.01,-0.00,0.01,-0.00,-0.00,0.00,8.00
50449.00,0.01,1.25,1.14,-0.06,0.00,15.83,-0.28,0.02,504.91,0.01,-0.00,0.01,-0.00,-0.01,0.01,8.00
50457.00,0.01,1.25,1.14,-0.06,0.00,-0.26,-0.28,0.02,-2011.42,0.01,-0.00,0.01,-0.00,-0.01,0.00,5.00
50462.00,0.01,1.25,1.17,-0.06,0.00,6.19,-0.28,0.02,1290.58,0.01,-0.00,0.01,-0.00,-0.01,0.00,8.00
50470.00,0.01,1.25,1.26,-0.06,0.00,11.27,-0.28,0.02,635.57,0.01,-0.00,0.01,-0.00,0.00,0.00,8.00
50478.00,0.01,1.25,1.16,-0.06,0.00,-13.03,-0.28,0.02,-3038.15,0.01,-0.00,0.01,0.00,-0.00,0.00,17.00
50495.00,0.01,1.25,1.22,-0.06,0.00,3.30,-0.28,0.02,960.49,0.01,-0.00,0.01,-0.00,0.00,0.00,6.00
50501.00,0.01,1.25,1.17,-0.06,0.00,-7.54,-0.28,0.02,-1806.06,0.01,-0.00,0.01,-0.00,0.00,0.00,8.00
50509.00,0.01,1.25,1.10,-0.06,0.00,-8.39,-0.28,0.02,-106.85,0.01,-0.00,0.01,-0.00,0.00,0.00,6.00
50520.00,0.01,1.25,1.17,-0.06,0.00,5.86,-0.28,0.02,1295.85,0.01,-0.00,0.01,-0.00,0.00,0.00,10.00
50530.00,0.01,1.25,1.15,-0.06,0.00,-1.40,-0.28,0.02,-726.38,0.01,-0.00,0.01,0.00,-0.00,0.00,8.00
50538.00,0.01,1.25,1.15,-0.06,0.00,0.21,-0.28,0.02,201.71,0.01,-0.00,0.01,0.00,0.00,-0.00,7.00
50545.00,0.01,1.25,1.06,-0.06,0.00,-12.99,-0.28,0.02,-1885.93,0.01,-0.00,0.01,0.00,0.00,-0.00,6.00
50551.00,0.01,1.25,1.03,-0.06,0.00,-6.26,-0.28,0.02,1121.23,0.01,-0.00,0.01,0.00,0.00,-0.00,9.00
50560.00,0.01,1.25,0.97,-0.06,0.00,-6.46,-0.28,0.02,-22.09,0.01,-0.00,0.01,0.00,0.00,-0.00,5.00
50565.00,0.01,1.25,0.96,-0.06,0.00,-1.43,-0.28,0.02,1007.21,0.01,-0.00,0.01,0.00,0.00,-0.00,6.00
50571.00,0.01,1.25,0.96,-0.06,0.00,0.01,-0.28,0.02,239.28,0.01,-0.00,0.01,0.00,0.00,-0.00,8.00
50579.00,0.01,1.25,0.92,-0.06,0.00,-5.60,-0.28,0.02,-700.81,0.01,-0.00,0.01,0.00,-0.00,0.00,18.00
50597.00,0.01,1.25,1.01,-0.06,0.00,5.42,-0.28,0.02,612.11,0.01,-0.00,0.01,0.00,-0.00,0.00,6.00
50608.00,0.01,1.25,1.15,-0.06,0.00,12.73,-0.28,0.02,664.57,0.01,-0.00,0.01,0.00,0.01,-0.00,6.00
50614.00,0.01,1.25,1.02,-0.06,0.00,-22.95,-0.28,0.02,-5946.82,0.01,-0.00,0.01,-0.00,0.00,-0.00,6.00
50620.00,0.01,1.25,1.00,-0.06,0.00,-2.93,-0.28,0.02,3337.14,0.01,-0.00,0.01,-0.00,0.00,-0.00,9.00
50629.00,0.01,1.25,0.96,-0.06,0.00,-4.36,-0.28,0.02,-159.31,0.01,-0.00,0.01,0.00,-0.00,-0.00,8.00
50637.00,0.01,1.25,0.99,-0.06,0.00,4.07,-0.28,0.02,1054.21,0.01,-0.00,0.01,0.00,0.00,0.00,5.00
50642.00,0.00,1.25,0.95,-0.06,0.00,-7.48,0.00,-0.00,-2310.78,0.01,-0.00,0.01,0.00,0.00,0.00,8.00
50650.00,0.00,1.25,0.94,-0.06,0.00,-1.33,0.00,-0.00,768.89,0.01,-0.00,0.01,0.00,0.00,0.00,8.00
50658.00,0.00,1.25,0.98,-0.06,0.00,5.02,0.00,-0.00,793.39,0.01,-0.00,0.01,0.00,0.00,0.00,5.00
50663.00,0.00,1.25,0.92,-0.06,0.00,-13.13,0.00,-0.00,-3629.34,0.01,-0.00,0.01,0.00,0.00,0.00,8.00
50671.00,0.00,1.25,0.92,-0.06,0.00,0.81,0.00,-0.00,1742.53,0.01,-0.00,0.01,0.00,0.00,0.00,8.00
50684.00,0.00,1.25,0.93,-0.06,0.00,0.59,0.00,-0.00,-17.30,0.01,-0.00,0.01,0.00,0.00,0.00,17.00
50701.00,0.00,1.25,0.95,-0.06,0.00,1.21,0.00,-0.00,36.64,0.01,-0.00,0.01,0.00,0.00,-0.00,9.00
50710.00,0.00,1.25,0.98,-0.06,0.00,3.15,0.00,-0.00,215.72,0.01,-0.00,0.01,-0.00,-0.00,0.00,5.00
50715.00,0.00,1.25,0.97,-0.06,0.00,-3.25,0.00,-0.00,-1279.04,0.01,-0.00,0.01,0.00,-0.00,0.00,7.00
50722.00,0.00,1.25,1.12,-0.06,0.00,22.45,0.00,-0.00,3670.84,0.01,-0.00,0.01,0.00,-0.01,0.00,7.00
50729.00,0.00,1.25,1.01,-0.06,0.00,-15.56,0.00,-0.00,-5429.40,0.01,-0.00,0.01,0.00,-0.00,0.00,9.00
50738.00,0.00,1.25,0.96,-0.06,0.00,-6.29,0.00,-0.00,1029.01,0.01,-0.00,0.01,0.00,0.00,0.00,5.00
50743.00,0.00,1.25,0.96,-0.06,0.00,1.52,0.00,-0.00,1561.85,0.01,-0.00,0.01,-0.00,-0.00,-0.00,8.00
50751.00,0.00,1.25,1.02,-0.06,0.00,7.20,0.00,-0.00,710.13,0.01,-0.00,0.01,-0.00,-0.00,-0.00,8.00
50759.00,0.00,1.25,0.95,-0.06,0.00,-8.71,0.00,-0.00,-1988.75,0.01,-0.00,0.01,0.00,0.00,-0.00,6.00
50770.00,0.00,1.25,0.80,-0.06,0.00,-14.22,0.00,-0.00,-500.60,0.01,-0.00,0.01,0.00,-0.00,0.00,19.00
50789.00,0.00,1.25,1.02,-0.06,0.00,11.69,0.00,-0.00,1363.74,0.01,-0.00,0.01,0.00,-0.00,0.00,7.00
50796.00,0.00,1.25,1.05,-0.06,0.00,4.25,0.00,-0.00,-1062.45,0.01,-0.00,0.01,0.00,-0.01,0.00,6.00
50802.00,0.00,1.25,0.93,-0.06,0.00,-20.43,0.00,-0.00,-4113.17,0.01,-0.00,0.01,0.00,-0.01,0.00,8.00
50810.00,0.00,1.25,1.08,-0.06,0.00,18.96,0.00,-0.00,4923.75,0.01,-0.00,0.01,0.00,-0.01,0.01,5.00
50815.00,0.00,1.25,1.04,-0.06,0.00,-8.17,0.00,-0.00,-5427.35,0.01,-0.00,0.01,0.00,-0.00,0.00,7.00
50822.00,0.00,1.25,1.01,-0.06,0.00,-4.18,0.00,-0.00,570.34,0.01,-0.00,0.01,0.00,-0.00,-0.00,8.00
50830.00,0.00,1.25,1.12,-0.06,0.00,13.54,0.00,-0.00,2215.01,0.01,-0.00,0.01,0.00,0.01,-0.00,8.00
50838.00,0.00,1.25,0.96,-0.06,0.00,-19.52,0.00,-0.00,-4133.11,0.01,-0.00,0.01,-0.00,0.00,-0.00,5.00
50843.00,0.00,1.26,0.96,0.00,0.04,0.59,0.28,0.17,4023.88,0.01,-0.00,0.01,-0.00,0.00,-0.00,8.00
50856.00,0.00,1.26,0.90,0.00,0.04,-4.61,0.28,0.17,-400.14,0.01,-0.00,0.01,0.00,-0.01,0.00,7.00
50863.00,0.00,1.26,0.95,0.00,0.04,6.53,0.28,0.17,1591.39,0.01,-0.00,0.01,0.00,-0.01,0.00,7.00
50870.00,0.00,1.26,0.88,0.00,0.04,-10.16,0.28,0.17,-2384.87,0.01,-0.00,0.01,0.00,0.00,0.00,17.00
50887.00,0.00,1.26,0.80,0.00,0.04,-4.69,0.28,0.17,322.02,0.01,-0.00,0.01,0.00,0.00,-0.00,6.00
50893.00,0.00,1.26,0.80,0.00,0.04,0.27,0.28,0.17,825.69,0.01,-0.00,0.01,0.00,0.00,-0.00,7.00
50900.00,0.00,1.26,0.95,0.00,0.04,21.93,0.28,0.17,3095.42,0.01,-0.00,0.01,0.00,-0.00,-0.00,9.00
50909.00,0.00,1.26,0.88,0.00,0.04,-8.45,0.28,0.17,-3375.93,0.01,-0.00,0.01,0.00,0.00,-0.00,5.00
50914.00,0.00,1.26,0.84,0.00,0.04,-8.02,0.28,0.17,84.85,0.01,-0.00,0.01,0.00,0.00,0.00,7.00
50921.00,0.00,1.26,0.94,0.00,0.04,14.42,0.28,0.17,3206.75,0.01,-0.00,0.01,-0.00,0.00,0.00,8.00
50929.00,0.00,1.26,0.93,0.00,0.04,-0.78,0.28,0.17,-1900.36,0.01,-0.00,0.01,0.00,-0.00,0.00,8.00
50942.00,0.00,1.26,0.99,0.00,0.04,4.27,0.28,0.17,388.33,0.01,-0.00,0.01,0.00,-0.00,0.00,9.00
50951.00,0.00,1.26,0.93,0.00,0.04,-6.64,0.28,0.17,-1211.89,0.01,-0.00,0.01,0.00,-0.00,0.00,8.00
50959.00,0.00,1.26,0.95,0.00,0.04,3.34,0.28,0.17,1246.94,0.01,-0.00,0.01,-0.00,-0.00,-0.00,6.00
50965.00,0.00,1.26,0.84,0.00,0.04,-18.09,0.28,0.17,-3570.65,0.01,-0.00,0.01,0.00,0.00,-0.00,6.00
50971.00,0.00,1.26,0.80,0.00,0.04,-8.10,0.28,0.17,1665.08,0.01,-0.00,0.01,0.00,0.01,-0.00,20.00
50991.00,0.00,1.26,0.89,0.00,0.04,4.61,0.28,0.17,635.56,0.01,-0.00,0.01,-0.00,0.00,0.00,9.00
51000.00,0.00,1.26,0.88,0.00,0.04,-1.41,0.28,0.17,-669.39,0.01,-0.00,0.01,-0.00,0.00,0.00,7.00
51007.00,0.00,1.26,0.88,0.00,0.04,0.35,0.28,0.17,250.81,0.01,-0.00,0.01,0.00,-0.00,0.00,6.00
51013.00,0.00,1.26,0.86,0.00,0.04,-3.78,0.28,0.17,-687.08,0.01,-0.00,0.01,0.00,-0.00,0.00,6.00
51019.00,0.00,1.26,0.79,0.00,0.04,-10.21,0.28,0.17,-1071.78,0.01,-0.00,0.01,-0.00,-0.00,0.00,5.00
51034.00,0.00,1.26,0.88,0.00,0.04,5.82,0.28,0.17,1068.46,0.01,-0.00,0.01,-0.00,0.00,-0.00,9.00
51043.00,-0.01,1.26,0.79,-0.06,0.04,-10.14,-0.28,0.02,-1773.47,0.01,-0.00,0.01,-0.00,0.00,-0.00,7.00
51050.00,-0.01,1.26,0.73,-0.06,0.04,-8.73,-0.28,0.02,201.87,0.01,-0.00,0.01,0.00,0.00,-0.00,8.00
51058.00,-0.01,1.26,0.78,-0.06,0.04,5.77,-0.28,0.02,1812.03,0.01,-0.00,0.01,0.00,-0.00,-0.00,6.00
51064.00,-0.01,1.26,0.70,-0.06,0.04,-12.37,-0.28,0.02,-3022.89,0.01,-0.00,0.01,0.00,-0.00,-0.00,7.00
51071.00,-0.01,1.26,0.81,-0.06,0.04,15.00,-0.28,0.02,3909.57,0.01,-0.00,0.01,-0.00,-0.01,0.01,8.00
51079.00,-0.01,1.26,0.80,-0.06,0.04,-0.53,-0.28,0.02,-1940.66,0.01,-0.00,0.01,0.00,-0.00,0.00,16.00
51095.00,-0.01,1.26,0.68,-0.06,0.04,-7.90,-0.28,0.02,-460.51,0.01,-0.00,0.01,-0.00,-0.00,0.00,7.00
51102.00,-0.01,1.26,0.85,-0.06,0.04,24.30,-0.28,0.02,4599.72,0.01,-0.00,0.01,-0.00,-0.00,-0.00,8.00
51110.00,-0.01,1.26,0.79,-0.06,0.04,-6.87,-0.28,0.02,-3896.39,0.01,-0.00,0.01,-0.00,0.00,-0.00,6.00
51121.00,-0.01,1.26,0.77,-0.06,0.04,-1.87,-0.28,0.02,454.58,0.01,-0.00,0.01,0.00,-0.00,0.00,9.00
51130.00,-0.01,1.26,0.63,-0.06,0.04,-15.51,-0.28,0.02,-1515.76,0.01,-0.00,0.01,0.00,-0.00,0.00,6.00
51136.00,-0.01,1.26,0.66,-0.06,0.04,4.69,-0.28,0.02,3366.08,0.01,-0.00,0.01,-0.00,-0.00,0.00,7.00
51143.00,-0.01,1.26,0.65,-0.06,0.04,-1.06,-0.28,0.02,-821.08,0.01,-0.00,0.01,-0.00,-0.00,0.00,8.00
51151.00,-0.01,1.26,0.80,-0.06,0.04,18.86,-0.28,0.02,2490.35,0.01,-0.00,0.01,-0.00,0.00,0.00,8.00
51159.00,-0.01,1.26,0.73,-0.06,0.04,-8.73,-0.28,0.02,-3448.62,0.01,-0.00,0.01,-0.00,0.00,0.00,5.00
51164.00,-0.01,1.26,0.72,-0.06,0.04,-2.25,-0.28,0.02,1295.56,0.01,-0.00,0.01,-0.00,0.00,0.00,17.00
51181.00,-0.01,1.26,0.67,-0.06,0.04,-3.01,-0.28,0.02,-44.92,0.01,-0.00,0.01,-0.00,0.00,-0.00,8.00
51189.00,-0.01,1.26,0.82,-0.06,0.04,18.38,-0.28,0.02,2674.03,0.01,-0.00,0.01,-0.00,0.00,-0.00,5.00
51194.00,-0.01,1.26,0.77,-0.06,0.04,-8.75,-0.28,0.02,-5426.25,0.01,-0.00,0.01,-0.00,0.00,-0.00,8.00
51207.00,-0.01,1.26,0.71,-0.06,0.04,-4.87,-0.28,0.02,298.79,0.01,-0.00,0.01,0.00,0.00,0.00,7.00
51214.00,-0.01,1.26,0.81,-0.06,0.04,13.96,-0.28,0.02,2689.56,0.01,-0.00,0.01,0.00,0.00,0.00,7.00
51221.00,-0.01,1.26,0.84,-0.06,0.04,4.57,-0.28,0.02,-1340.70,0.01,-0.00,0.01,0.00,0.00,0.00,8.00
51229.00,-0.01,1.26,0.78,-0.06,0.04,-7.79,-0.28,0.02,-1545.27,0.01,-0.00,0.01,-0.00,0.00,0.00,5.00
51234.00,-0.01,1.26,0.87,-0.06,0.04,18.49,-0.28,0.02,5256.42,0.01,-0.00,0.01,-0.00,0.00,0.00,8.00
51242.00,-0.01,1.26,0.76,-0.06,0.04,-13.05,-0.28,0.02,-3942.62,0.01,-0.00,0.01,-0.00,0.00,-0.00,9.00
51251.00,-0.02,1.26,0.74,-0.05,-0.03,-3.25,0.01,-0.36,1088.58,0.01,-0.00,0.01,-0.00,-0.00,0.00,7.00
51258.00,-0.02,1.26,0.82,-0.05,-0.03,11.88,0.01,-0.36,2161.78,0.01,-0.00,0.01,-0.00,0.00,-0.00,5.00
51263.00,-0.02,1.26,0.81,-0.05,-0.03,-2.63,0.01,-0.36,-2901.71,0.01,-0.00,0.01,-0.00,0.00,-0.00,7.00
51270.00,-0.02,1.26,0.84,-0.05,-0.03,4.77,0.01,-0.36,1056.55,0.01,-0.00,0.01,-0.00,0.00,-0.00,6.00
51281.00,-0.02,1.26,0.85,-0.05,-0.03,1.18,0.01,-0.36,-326.16,0.01,-0.00,0.01,-0.00,0.01,0.00,17.00
51298.00,-0.02,1.26,0.80,-0.05,-0.03,-3.31,0.01,-0.36,-264.22,0.01,-0.00,0.01,0.00,-0.00,0.00,6.00
51304.00,-0.02,1.26,0.78,-0.05,-0.03,-3.43,0.01,-0.36,-19.15,0.01,-0.00,0.01,0.00,-0.00,0.00,8.00
51312.00,-0.02,1.26,0.80,-0.05,-0.03,3.31,0.01,-0.36,841.44,0.01,-0.00,0.01,-0.00,0.00,0.00,6.00
51318.00,-0.02,1.26,0.82,-0.05,-0.03,2.54,0.01,-0.36,-128.14,0.01,-0.00,0.01,-0.00,-0.00,-0.00,5.00
51323.00,-0.02,1.26,0.86,-0.05,-0.03,8.20,0.01,-0.36,1131.53,0.01,-0.00,0.01,-0.00,-0.00,-0.00,9.00
51332.00,-0.02,1.26,0.96,-0.05,-0.03,10.95,0.01,-0.36,306.50,0.01,-0.00,0.01,0.00,0.00,-0.00,8.00
51340.00,-0.02,1.26,1.03,-0.05,-0.03,9.26,0.01,-0.36,-212.04,0.01,-0.00,0.01,0.00,0.00,0.00,6.00
51346.00,-0.02,1.26,0.98,-0.05,-0.03,-8.80,0.01,-0.36,-3009.26,0.01,-0.00,0.01,0.00,0.00,0.00,6.00
51352.00,-0.02,1.26,1.07,-0.05,-0.03,15.91,0.01,-0.36,4118.36,0.01,-0.00,0.01,-0.00,-0.00,0.01,10.00
51367.00,-0.02,1.26,0.98,-0.05,-0.03,-6.07,0.01,-0.36,-1465.76,0.01,-0.00,0.01,0.00,0.00,0.00,17.00
51384.00,-0.02,1.26,0.84,-0.05,-0.03,-8.12,0.01,-0.36,-120.40,0.01,-0.00,0.01,-0.00,0.00,-0.00,8.00
51392.00,-0.02,1.26,0.84,-0.05,-0.03,-0.31,0.01,-0.36,976.38,0.01,-0.00,0.01,-0.00,0.00,-0.00,9.00
51401.00,-0.02,1.26,0.86,-0.05,-0.03,2.43,0.01,-0.36,304.00,0.01,-0.00,0.01,0.00,0.00,-0.00,6.00
51407.00,-0.02,1.26,0.84,-0.05,-0.03,-3.52,0.01,-0.36,-990.44,0.01,-0.00,0.01,-0.00,0.00,-0.00,6.00
51413.00,-0.02,1.26,0.88,-0.05,-0.03,6.37,0.01,-0.36,1648.36,0.01,-0.00,0.01,-0.00,0.00,0.00,6.00
51419.00,-0.02,1.26,0.90,-0.05,-0.03,3.75,0.01,-0.36,-437.46,0.01,-0.00,0.01,0.00,-0.00,0.00,5.00
51424.00,-0.02,1.26,0.91,-0.05,-0.03,0.56,0.01,-0.36,-637.91,0.01,-0.00,0.01,-0.00,-0.00,0.00,9.00
51433.00,-0.02,1.26,0.77,-0.05,-0.03,-14.57,0.01,-0.36,-1681.40,0.01,-0.00,0.01,-0.00,-0.01,0.00,8.00
51441.00,-0.02,1.26,0.85,-0.05,-0.03,9.36,0.01,-0.36,2991.50,0.01,-0.00,0.01,0.00,-0.01,0.00,7.00
51453.00,-0.02,1.27,0.92,0.00,0.04,5.45,0.26,0.35,-325.43,0.01,-0.00,0.01,0.00,-0.00,-0.00,9.00
51462.00,-0.02,1.27,0.85,0.00,0.04,-6.96,0.26,0.35,-1378.80,0.01,-0.00,0.01,-0.00,0.00,-0.01,6.00
51468.00,-0.02,1.27,0.94,0.00,0.04,14.41,0.26,0.35,3560.56,0.01,-0.00,0.01,-0.00,0.00,-0.00,6.00
51474.00,-0.02,1.27,1.00,0.00,0.04,10.89,0.26,0.35,-585.83,0.01,-0.00,0.01,-0.00,0.00,-0.00,8.00
51482.00,-0.02,1.27,0.92,0.00,0.04,-10.88,0.26,0.35,-2721.57,0.01,-0.00,0.01,0.00,-0.00,0.00,18.00
51500.00,-0.02,1.27,0.86,0.00,0.04,-2.97,0.26,0.35,439.45,0.01,-0.00,0.01,-0.00,-0.01,0.00,6.00
51506.00,-0.02,1.27,0.78,0.00,0.04,-14.79,0.26,0.35,-1969.58,0.01,-0.00,0.01,-0.00,-0.00,0.00,7.00
51513.00,-0.02,1.27,0.96,0.00,0.04,26.44,0.26,0.35,5890.03,0.01,-0.00,0.01,-0.00,-0.00,0.00,6.00
51519.00,-0.02,1.27,0.85,0.00,0.04,-17.71,0.26,0.35,-7359.41,0.01,-0.00,0.01,0.00,-0.00,0.00,5.00
51524.00,-0.02,1.27,0.93,0.00,0.04,14.81,0.26,0.35,6504.88,0.01,-0.00,0.01,0.00,-0.00,0.00,9.00
51538.00,-0.02,1.27,1.02,0.00,0.04,6.57,0.26,0.35,-588.39,0.01,-0.00,0.01,-0.00,0.00,-0.00,7.00
51545.00,-0.02,1.27,0.93,0.00,0.04,-12.63,0.26,0.35,-2743.07,0.01,-0.00,0.01,-0.00,0.00,-0.00,7.00
51552.00,-0.02,1.27,0.96,0.00,0.04,4.15,0.26,0.35,2397.45,0.01,-0.00,0.01,-0.00,0.00,-0.00,9.00
51561.00,-0.02,1.27,0.93,0.00,0.04,-2.98,0.26,0.35,-792.30,0.01,-0.00,0.01,0.00,-0.01,0.00,5.00
51566.00,-0.02,1.27,0.85,0.00,0.04,-16.18,0.26,0.35,-2639.79,0.01,-0.00,0.01,0.00,-0.01,0.00,17.00
51583.00,-0.02,1.27,0.93,0.00,0.04,4.46,0.26,0.35,1214.08,0.01,-0.00,0.01,-0.00,0.00,0.00,9.00
51592.00,-0.02,1.27,0.93,0.00,0.04,-0.23,0.26,0.35,-521.89,0.01,-0.00,0.01,-0.00,0.01,-0.00,7.00
51599.00,-0.02,1.27,0.85,0.00,0.04,-10.77,0.26,0.35,-1504.84,0.01,-0.00,0.01,0.00,0.01,0.00,6.00
51605.00,-0.02,1.27,0.89,0.00,0.04,6.47,0.26,0.35,2872.62,0.01,-0.00,0.01,0.00,0.00,-0.00,8.00
51613.00,-0.02,1.27,0.84,0.00,0.04,-6.68,0.26,0.35,-1642.99,0.01,-0.00,0.01,0.00,0.00,-0.00,6.00
51624.00,-0.02,1.27,0.91,0.00,0.04,6.88,0.26,0.35,1232.53,0.01,-0.00,0.01,-0.00,-0.00,-0.00,9.00
51633.00,-0.02,1.27,0.93,0.00,0.04,1.80,0.26,0.35,-564.36,0.01,-0.00,0.01,-0.00,-0.00,0.00,9.00
51642.00,-0.02,1.27,1.00,0.00,0.04,8.28,0.26,0.35,720.03,0.01,-0.00,0.01,0.00,-0.00,0.00,7.00
51649.00,-0.02,1.27,0.90,0.00,0.04,-15.13,0.26,0.35,-3344.67,0.01,-0.00,0.01,0.00,-0.01,0.00,5.00
51654.00,-0.03,1.27,0.91,-0.06,0.00,1.54,-0.28,-0.17,3333.21,0.01,-0.00,0.01,0.00,-0.01,0.00,9.00
51663.00,-0.03,1.27,0.78,-0.06,0.00,-13.45,-0.28,-0.17,-1664.82,0.01,-0.00,0.01,0.00,-0.00,-0.00,5.00
51668.00,-0.03,1.27,0.75,-0.06,0.00,-6.20,-0.28,-0.17,1450.12,0.01,-0.00,0.01,0.00,-0.00,-0.01,17.00
51685.00,-0.03,1.27,0.73,-0.06,0.00,-1.13,-0.28,-0.17,297.76,0.01,-0.00,0.01,0.00,0.00,-0.01,8.00
51693.00,-0.03,1.27,0.88,-0.06,0.00,18.70,-0.28,-0.17,2479.78,0.01,-0.00,0.01,0.00,-0.00,-0.00,8.00
51701.00,-0.03,1.27,0.74,-0.06,0.00,-18.47,-0.28,-0.17,-4647.35,0.01,-0.00,0.01,-0.00,-0.01,0.00,6.00
51717.00,-0.03,1.27,0.72,-0.06,0.00,-0.74,-0.28,-0.17,1108.51,0.01,-0.00,0.01,0.00,-0.00,0.00,8.00
51725.00,-0.03,1.27,0.76,-0.06,0.00,4.52,-0.28,-0.17,657.21,0.01,-0.00,0.01,0.00,0.00,0.00,8.00
51733.00,-0.03,1.27,0.83,-0.06,0.00,9.32,-0.28,-0.17,600.48,0.01,-0.00,0.01,0.00,0.00,0.00,8.00
51741.00,-0.03,1.27,0.79,-0.06,0.00,-5.81,-0.28,-0.17,-1892.01,0.01,-0.00,0.01,-0.00,0.00,-0.00,5.00
51746.00,-0.03,1.27,0.71,-0.06,0.00,-16.47,-0.28,-0.17,-2130.51,0.01,-0.00,0.01,-0.00,0.00,-0.00,8.00
51754.00,-0.03,1.27,0.75,-0.06,0.00,4.91,-0.28,-0.17,2672.31,0.01,-0.00,0.01,-0.00,0.00,-0.00,9.00
51763.00,-0.03,1.27,0.85,-0.06,0.00,11.74,-0.28,-0.17,758.97,0.01,-0.00,0.01,0.00,0.00,0.00,5.00
51768.00,-0.03,1.27,0.81,-0.06,0.00,-8.68,-0.28,-0.17,-4084.10,0.01,-0.00,0.01,0.00,0.00,0.00,6.00
51774.00,-0.03,1.27,0.77,-0.06,0.00,-5.58,-0.28,-0.17,516.18,0.01,-0.00,0.01,0.00,0.00,0.00,19.00
51793.00,-0.03,1.27,0.86,-0.06,0.00,4.47,-0.28,-0.17,528.73,0.01,-0.00,0.01,0.00,-0.00,0.00,8.00
51806.00,-0.03,1.27,0.87,-0.06,0.00,0.88,-0.28,-0.17,-275.50,0.01,-0.00,0.01,-0.00,0.00,-0.00,9.00
51815.00,-0.03,1.27,0.78,-0.06,0.00,-10.51,-0.28,-0.17,-1266.39,0.01,-0.00,0.01,0.00,0.01,-0.01,5.00
51820.00,-0.03,1.27,0.82,-0.06,0.00,8.22,-0.28,-0.17,3746.93,0.01,-0.00,0.01,0.00,0.00,-0.01,6.00
51826.00,-0.03,1.27,0.66,-0.06,0.00,-26.14,-0.28,-0.17,-5726.28,0.01,-0.00,0.01,0.00,0.00,-0.00,7.00
51833.00,-0.03,1.27,0.79,-0.06,0.00,18.12,-0.28,-0.17,6322.81,0.01,-0.00,0.01,0.00,-0.00,-0.00,5.00
51838.00,-0.03,1.27,0.77,-0.06,0.00,-2.61,-0.28,-0.17,-4147.43,0.01,-0.00,0.01,0.00,-0.00,0.00,6.00
51844.00,-0.03,1.27,0.80,-0.06,0.00,4.75,-0.28,-0.17,1226.41,0.01,-0.00,0.01,0.00,-0.00,0.00,9.00
51853.00,-0.03,1.27,0.76,-0.06,0.00,-4.63,-0.28,-0.17,-1042.10,0.01,-0.00,0.01,-0.00,0.00,0.00,7.00
51860.00,-0.03,1.27,0.75,0.00,0.00,-1.26,0.27,-0.02,481.24,0.01,-0.00,0.01,0.00,-0.00,0.00,6.00
51866.00,-0.03,1.27,0.80,0.00,0.00,7.80,0.27,-0.02,1511.25,0.01,-0.00,0.01,0.00,-0.00,0.00,7.00
51878.00,-0.03,1.27,0.80,0.00,0.00,0.50,0.27,-0.02,-608.16,0.01,-0.00,0.01,0.00,0.00,-0.00,18.00
51896.00,-0.03,1.27,0.81,0.00,0.00,0.25,0.27,-0.02,-13.93,0.01,-0.00,0.01,-0.00,-0.00,-0.00,8.00
51904.00,-0.03,1.27,0.65,0.00,0.00,-19.40,0.27,-0.02,-2456.91,0.01,-0.00,0.01,-0.00,-0.00,0.00,8.00
51912.00,-0.03,1.27,0.82,0.00,0.00,20.64,0.27,-0.02,5005.14,0.01,-0.00,0.01,0.00,-0.00,0.00,6.00
51918.00,-0.03,1.27,0.74,0.00,0.00,-13.83,0.27,-0.02,-5744.88,0.01,-0.00,0.01,0.00,-0.00,0.00,6.00
51924.00,-0.03,1.27,0.68,0.00,0.00,-9.65,0.27,-0.02,696.88,0.01,-0.00,0.01,0.00,0.00,0.01,9.00
51933.00,-0.03,1.27,0.81,0.00,0.00,14.97,0.27,-0.02,2735.42,0.01,-0.00,0.01,0.00,0.00,0.00,6.00
51939.00,-0.03,1.27,0.71,0.00,0.00,-16.91,0.27,-0.02,-5313.39,0.01,-0.00,0.01,0.00,0.00,-0.00,7.00
51946.00,-0.03,1.27,0.83,0.00,0.00,16.96,0.27,-0.02,4838.63,0.01,-0.00,0.01,0.00,0.00,-0.00,7.00
51953.00,-0.03,1.27,0.84,0.00,0.00,1.84,0.27,-0.02,-2160.45,0.01,-0.00,0.01,0.00,-0.00,-0.00,9.00
51967.00,-0.03,1.27,0.79,0.00,0.00,-3.88,0.27,-0.02,-408.07,0.01,-0.00,0.01,-0.00,-0.00,-0.00,8.00
51975.00,-0.03,1.27,0.79,0.00,0.00,0.58,0.27,-0.02,557.51,0.01,-0.00,0.01,-0.00,0.00,-0.00,8.00
51983.00,-0.03,1.27,0.77,0.00,0.00,-3.54,0.27,-0.02,-515.92,0.01,-0.00,0.01,-0.00,0.00,0.00,17.00
52000.00,-0.03,1.27,0.80,0.00,0.00,2.13,0.27,-0.02,333.96,0.01,-0.00,0.01,0.00,0.00,-0.00,6.00
52006.00,-0.03,1.27,0.83,0.00,0.00,4.38,0.27,-0.02,374.48,0.01,-0.00,0.01,0.00,-0.00,-0.00,8.00
52014.00,-0.03,1.27,0.80,0.00,0.00,-3.56,0.27,-0.02,-992.44,0.01,-0.00,0.01,0.00,-0.00,-0.00,6.00
52020.00,-0.03,1.27,0.88,0.00,0.00,13.49,0.27,-0.02,2841.23,0.01,-0.00,0.01,0.00,0.00,-0.00,6.00
52026.00,-0.03,1.27,0.84,0.00,0.00,-6.43,0.27,-0.02,-3319.97,0.01,-0.00,0.01,0.00,0.00,-0.00,8.00
52034.00,-0.03,1.27,0.92,0.00,0.00,9.24,0.27,-0.02,1959.07,0.01,-0.00,0.01,0.00,0.00,-0.00,8.00
52042.00,-0.03,1.27,0.87,0.00,0.00,-6.31,0.27,-0.02,-1944.00,0.01,-0.00,0.01,0.00,0.00,0.00,6.00
52053.00,-0.03,1.27,0.87,0.00,0.00,0.87,0.27,-0.02,652.47,0.01,-0.00,0.01,0.00,-0.00,0.00,7.00
52060.00,-0.04,1.27,0.78,-0.06,0.00,-13.75,-0.28,0.02,-2088.00,0.01,-0.00,0.01,0.00,0.00,-0.00,6.00
52066.00,-0.04,1.27,0.72,-0.06,0.00,-10.02,-0.28,0.02,620.85,0.01,-0.00,0.01,0.00,0.00,-0.00,15.00
52081.00,-0.04,1.27,0.64,-0.06,0.00,-5.34,-0.28,0.02,312.03,0.01,-0.00,0.01,-0.00,0.00,-0.00,6.00
52087.00,-0.04,1.27,0.75,-0.06,0.00,18.12,-0.28,0.02,3910.07,0.01,-0.00,0.01,-0.00,0.00,-0.00,7.00
52094.00,-0.04,1.27,0.74,-0.06,0.00,-1.46,-0.28,0.02,-2796.41,0.01,-0.00,0.01,0.00,0.00,-0.00,9.00
52103.00,-0.04,1.27,0.72,-0.06,0.00,-2.17,-0.28,0.02,-78.75,0.01,-0.00,0.01,-0.00,-0.00,-0.00,6.00
52109.00,-0.04,1.27,0.73,-0.06,0.00,2.13,-0.28,0.02,716.22,0.01,-0.00,0.01,-0.00,0.00,-0.00,7.00
52116.00,-0.04,1.27,0.81,-0.06,0.00,11.01,-0.28,0.02,1268.98,0.01,-0.00,0.01,-0.00,0.00,0.00,5.00
52121.00,-0.04,1.27,0.77,-0.06,0.00,-8.05,-0.28,0.02,-3812.43,0.01,-0.00,0.01,-0.00,-0.00,0.00,6.00
52132.00,-0.04,1.27,0.77,-0.06,0.00,0.73,-0.28,0.02,798.07,0.01,-0.00,0.01,-0.00,0.00,0.00,6.00
52138.00,-0.04,1.27,0.80,-0.06,0.00,3.64,-0.28,0.02,484.31,0.01,-0.00,0.01,-0.00,0.00,0.00,7.00
52145.00,-0.04,1.27,0.70,-0.06,0.00,-13.68,-0.28,0.02,-2473.63,0.01,-0.00,0.01,0.00,-0.00,0.00,9.00
52154.00,-0.04,1.27,0.69,-0.06,0.00,-1.07,-0.28,0.02,1401.12,0.01,-0.00,0.01,-0.00,0.00,-0.00,7.00
52161.00,-0.04,1.27,0.68,-0.06,0.00,-1.76,-0.28,0.02,-98.15,0.01,-0.00,0.01,0.00,-0.00,-0.01,6.00
52167.00,-0.04,1.27,0.70,-0.06,0.00,4.24,-0.28,0.02,998.53,0.01,-0.00,0.01,0.00,-0.00,-0.01,7.00
52174.00,-0.04,1.27,0.70,-0.06,0.00,-0.59,-0.28,0.02,-689.25,0.01,-0.00,0.01,0.00,-0.00,-0.00,17.00
52191.00,-0.04,1.27,0.65,-0.06,0.00,-2.82,-0.28,0.02,-131.41,0.01,-0.00,0.01,0.00,0.00,0.00,6.00
52197.00,-0.04,1.27,0.71,-0.06,0.00,9.47,-0.28,0.02,2048.87,0.01,-0.00,0.01,0.00,0.00,0.00,8.00
52205.00,-0.04,1.27,0.72,-0.06,0.00,1.81,-0.28,0.02,-957.30,0.01,-0.00,0.01,0.00,0.00,0.00,8.00
52217.00,-0.04,1.27,0.67,-0.06,0.00,-4.12,-0.28,0.02,-493.99,0.01,-0.00,0.01,0.00,-0.00,0.00,9.00
52226.00,-0.04,1.27,0.71,-0.06,0.00,3.67,-0.28,0.02,865.31,0.01,-0.00,0.01,0.00,-0.00,-0.00,8.00
52234.00,-0.04,1.27,0.73,-0.06,0.00,2.96,-0.28,0.02,-89.04,0.01,-0.00,0.01,0.00,0.00,-0.01,7.00
52241.00,-0.04,1.27,0.67,-0.06,0.00,-8.99,-0.28,0.02,-1706.72,0.01,-0.00,0.01,0.00,0.00,-0.00,5.00
52246.00,-0.04,1.27,0.72,-0.06,0.00,9.80,-0.28,0.02,3758.66,0.01,-0.00,0.01,0.00,0.00,-0.00,9.00
52255.00,-0.04,1.27,0.66,-0.06,0.00,-5.78,-0.28,0.02,-1732.18,0.01,-0.00,0.01,0.00,0.00,-0.00,8.00
52263.00,-0.06,1.28,0.72,-0.05,0.04,6.99,0.00,0.19,1596.88,0.01,-0.00,0.01,-0.00,0.00,0.00,6.00
52269.00,-0.06,1.28,0.65,-0.05,0.04,-11.97,0.00,0.19,-3159.54,0.01,-0.00,0.01,-0.00,0.00,0.00,7.00
52276.00,-0.06,1.28,0.75,-0.05,0.04,15.12,0.00,0.19,3868.91,0.01,-0.00,0.01,-0.00,0.00,0.00,18.00
52294.00,-0.06,1.28,0.67,-0.05,0.04,-4.52,0.00,0.19,-1091.12,0.01,-0.00,0.01,0.00,-0.00,-0.00,8.00
52307.00,-0.06,1.28,0.70,-0.05,0.04,1.87,0.00,0.19,491.91,0.01,-0.00,0.01,0.00,-0.00,-0.01,9.00
52316.00,-0.06,1.28,0.68,-0.05,0.04,-1.65,0.00,0.19,-391.44,0.01,-0.00,0.01,-0.00,0.00,0.00,6.00
52322.00,-0.06,1.28,0.73,-0.05,0.04,7.75,0.00,0.19,1566.33,0.01,-0.00,0.01,-0.00,0.00,0.00,5.00
52327.00,-0.06,1.28,0.71,-0.05,0.04,-4.37,0.00,0.19,-2422.34,0.01,-0.00,0.01,-0.00,0.00,0.00,8.00
52335.00,-0.06,1.28,0.69,-0.05,0.04,-2.36,0.00,0.19,251.35,0.01,-0.00,0.01,-0.00,0.00,-0.00,8.00
52343.00,-0.06,1.28,0.74,-0.05,0.04,6.39,0.00,0.19,1092.80,0.01,-0.00,0.01,0.00,-0.00,-0.00,5.00
52348.00,-0.06,1.28,0.73,-0.05,0.04,-1.26,0.00,0.19,-1529.19,0.01,-0.00,0.01,0.00,-0.00,-0.00,8.00
52356.00,-0.06,1.28,0.72,-0.05,0.04,-1.38,0.00,0.19,-15.14,0.01,-0.00,0.01,0.00,-0.00,0.00,9.00
52365.00,-0.06,1.28,0.70,-0.05,0.04,-2.60,0.00,0.19,-135.84,0.01,-0.00,0.01,0.00,-0.00,0.00,5.00
52370.00,-0.06,1.28,0.70,-0.05,0.04,0.56,0.00,0.19,632.12,0.01,-0.00,0.01,0.00,-0.00,-0.00,6.00
52381.00,-0.06,1.28,0.74,-0.05,0.04,3.28,0.00,0.19,247.10,0.01,-0.00,0.01,0.00,0.00,-0.00,17.00
52398.00,-0.06,1.28,0.76,-0.05,0.04,1.37,0.00,0.19,-112.21,0.01,-0.00,0.01,0.00,-0.00,0.00,8.00
52406.00,-0.06,1.28,0.66,-0.05,0.04,-12.21,0.00,0.19,-1697.28,0.01,-0.00,0.01,0.00,0.00,0.00,8.00
52414.00,-0.06,1.28,0.65,-0.05,0.04,-2.09,0.00,0.19,1264.62,0.01,-0.00,0.01,-0.00,0.00,0.00,6.00
52420.00,-0.06,1.28,0.73,-0.05,0.04,14.03,0.00,0.19,2686.98,0.01,-0.00,0.01,-0.00,-0.00,0.00,6.00
52426.00,-0.06,1.28,0.71,-0.05,0.04,-2.81,0.00,0.19,-2807.27,0.01,-0.00,0.01,0.00,-0.00,0.00,9.00
52435.00,-0.06,1.28,0.69,-0.05,0.04,-2.09,0.00,0.19,80.41,0.01,-0.00,0.01,0.00,0.00,0.00,8.00
52443.00,-0.06,1.28,0.73,-0.05,0.04,4.41,0.00,0.19,812.09,0.01,-0.00,0.01,0.00,0.00,-0.00,6.00
52449.00,-0.06,1.28,0.67,-0.05,0.04,-9.97,0.00,0.19,-2395.75,0.01,-0.00,0.01,0.00,0.00,-0.00,7.00
52456.00,-0.06,1.28,0.77,-0.05,0.04,14.73,0.00,0.19,3528.65,0.01,-0.00,0.01,0.00,-0.00,-0.00,9.00
52484.00,-0.07,1.28,0.66,-0.05,0.00,-3.97,0.02,-0.17,-667.80,0.01,-0.00,0.01,-0.00,0.00,0.00,16.00
52500.00,-0.07,1.28,0.64,-0.05,0.00,-1.27,0.02,-0.17,168.83,0.01,-0.00,0.01,-0.00,0.00,0.00,7.00
52507.00,-0.07,1.28,0.73,-0.05,0.00,12.23,0.02,-0.17,1927.83,0.01,-0.00,0.01,-0.00,-0.00,0.00,8.00
52515.00,-0.07,1.28,0.73,-0.05,0.00,0.03,0.02,-0.17,-1525.01,0.01,-0.00,0.01,-0.00,-0.00,-0.00,6.00
52521.00,-0.07,1.28,0.66,-0.05,0.00,-11.80,0.02,-0.17,-1971.55,0.01,-0.00,0.01,-0.00,-0.00,-0.00,6.00
52527.00,-0.07,1.28,0.73,-0.05,0.00,12.46,0.02,-0.17,4043.31,0.01,-0.00,0.01,-0.00,0.00,-0.00,9.00
52536.00,-0.07,1.28,0.76,-0.05,0.00,2.88,0.02,-0.17,-1064.50,0.01,-0.00,0.01,0.00,-0.00,-0.00,8.00
52544.00,-0.07,1.28,0.69,-0.05,0.00,-8.00,0.02,-0.17,-1360.45,0.01,-0.00,0.01,0.00,-0.00,0.00,5.00
52549.00,-0.07,1.28,0.77,-0.05,0.00,15.51,0.02,-0.17,4703.52,0.01,-0.00,0.01,0.00,-0.00,0.00,7.00
52556.00,-0.07,1.28,0.65,-0.05,0.00,-17.14,0.02,-0.17,-4664.90,0.01,-0.00,0.01,0.00,0.00,0.00,9.00
52570.00,-0.07,1.28,0.65,-0.05,0.00,-0.01,0.02,-0.17,1223.35,0.01,-0.00,0.01,-0.00,0.00,-0.00,18.00
52588.00,-0.07,1.28,0.65,-0.05,0.00,-0.17,0.02,-0.17,-8.62,0.01,-0.00,0.01,0.00,0.00,-0.00,8.00
52596.00,-0.07,1.28,0.69,-0.05,0.00,5.13,0.02,-0.17,662.15,0.01,-0.00,0.01,0.00,0.00,-0.00,8.00
52604.00,-0.07,1.28,0.67,-0.05,0.00,-2.99,0.02,-0.17,-1014.77,0.01,-0.00,0.01,0.00,0.00,-0.00,6.00
52610.00,-0.07,1.28,0.57,-0.05,0.00,-15.11,0.02,-0.17,-2020.20,0.01,-0.00,0.01,0.00,-0.00,-0.00,7.00
52617.00,-0.07,1.28,0.70,-0.05,0.00,17.78,0.02,-0.17,4698.75,0.01,-0.00,0.01,-0.00,-0.00,-0.00,6.00
52623.00,-0.07,1.28,0.62,-0.05,0.00,-13.30,0.02,-0.17,-5179.27,0.01,-0.00,0.01,-0.00,-0.00,0.00,5.00
52628.00,-0.07,1.28,0.64,-0.05,0.00,5.11,0.02,-0.17,3680.29,0.01,-0.00,0.01,-0.00,-0.00,0.00,8.00
52636.00,-0.07,1.28,0.64,-0.05,0.00,-0.47,0.02,-0.17,-696.96,0.01,-0.00,0.01,0.00,-0.00,0.00,8.00
52644.00,-0.07,1.28,0.70,-0.05,0.00,7.11,0.02,-0.17,947.34,0.01,-0.00,0.01,-0.00,0.00,0.00,6.00
52655.00,-0.07,1.28,0.70,-0.05,0.00,-0.01,0.02,-0.17,-647.15,0.01,-0.00,0.01,0.00,0.00,0.00,6.00
52661.00,-0.07,1.28,0.70,-0.05,0.00,-0.34,0.02,-0.17,-55.18,0.01,-0.00,0.01,0.00,0.00,0.00,7.00
52668.00,-0.07,1.28,0.59,-0.05,0.00,-14.85,0.02,-0.17,-2072.82,0.01,-0.00,0.01,-0.00,0.00,0.00,15.00
52683.00,-0.07,1.28,0.74,-0.05,0.00,9.83,0.02,-0.17,1645.23,0.01,-0.00,0.01,0.00,0.00,-0.00,6.00
52689.00,-0.09,1.29,0.70,-0.11,0.05,-6.29,-0.28,0.21,-2687.09,0.01,-0.00,0.01,0.00,0.00,0.00,7.00
52696.00,-0.09,1.29,0.66,-0.11,0.05,-6.18,-0.28,0.21,16.61,0.01,-0.00,0.01,0.00,0.00,0.00,9.00
52705.00,-0.09,1.29,0.66,-0.11,0.05,-0.23,-0.28,0.21,660.40,0.01,-0.00,0.01,-0.00,0.00,0.00,6.00
52711.00,-0.09,1.29,0.71,-0.11,0.05,8.51,-0.28,0.21,1457.14,0.01,-0.00,0.01,-0.00,0.00,-0.00,7.00
52718.00,-0.09,1.29,0.68,-0.11,0.05,-3.29,-0.28,0.21,-1685.64,0.01,-0.00,0.01,-0.00,0.00,-0.00,5.00
52723.00,-0.09,1.29,0.68,-0.11,0.05,0.10,-0.28,0.21,678.06,0.01,-0.00,0.01,-0.00,-0.00,-0.00,6.00
52734.00,-0.09,1.29,0.74,-0.11,0.05,5.09,-0.28,0.21,453.39,0.01,-0.00,0.01,-0.00,0.00,-0.00,7.00
52741.00,-0.09,1.29,0.64,-0.11,0.05,-13.79,-0.28,0.21,-2696.61,0.01,-0.00,0.01,-0.00,0.00,-0.00,6.00
52747.00,-0.09,1.29,0.68,-0.11,0.05,5.18,-0.28,0.21,3161.44,0.01,-0.00,0.01,-0.00,0.00,-0.00,9.00
52756.00,-0.09,1.29,0.73,-0.11,0.05,6.13,-0.28,0.21,106.14,0.01,-0.00,0.01,0.00,-0.00,0.00,8.00
52764.00,-0.09,1.29,0.74,-0.11,0.05,1.25,-0.28,0.21,-609.91,0.01,-0.00,0.01,0.00,0.00,0.00,5.00
52769.00,-0.09,1.29,0.62,-0.11,0.05,-25.03,-0.28,0.21,-5256.82,0.01,-0.00,0.01,0.00,0.00,0.00,7.00
52776.00,-0.09,1.29,0.69,-0.11,0.05,11.17,-0.28,0.21,5171.67,0.01,-0.00,0.01,0.00,0.00,0.00,17.00
52793.00,-0.09,1.29,0.71,-0.11,0.05,1.17,-0.28,0.21,-588.34,0.01,-0.00,0.01,-0.00,-0.00,-0.00,6.00
52799.00,-0.09,1.29,0.72,-0.11,0.05,0.64,-0.28,0.21,-88.30,0.01,-0.00,0.01,-0.00,-0.00,-0.00,8.00
52807.00,-0.09,1.29,0.61,-0.11,0.05,-13.02,-0.28,0.21,-1707.71,0.01,-0.00,0.01,0.00,-0.00,-0.00,8.00
52820.00,-0.09,1.29,0.72,-0.11,0.05,7.85,-0.28,0.21,1605.22,0.01,-0.00,0.01,0.00,0.00,-0.00,8.00
52828.00,-0.09,1.29,0.67,-0.11,0.05,-6.08,-0.28,0.21,-1741.42,0.01,-0.00,0.01,-0.00,0.00,0.00,8.00
52836.00,-0.09,1.29,0.72,-0.11,0.05,6.15,-0.28,0.21,1529.72,0.01,-0.00,0.01,0.00,0.00,0.00,8.00
52844.00,-0.09,1.29,0.61,-0.11,0.05,-13.60,-0.28,0.21,-2469.06,0.01,-0.00,0.01,-0.00,-0.00,0.00,5.00
52849.00,-0.09,1.29,0.67,-0.11,0.05,13.50,-0.28,0.21,5420.36,0.01,-0.00,0.01,-0.00,-0.00,0.00,8.00
52857.00,-0.09,1.29,0.76,-0.11,0.05,10.99,-0.28,0.21,-313.88,0.01,-0.00,0.01,0.00,-0.00,-0.00,8.00
52865.00,-0.09,1.29,0.56,-0.11,0.05,-25.46,-0.28,0.21,-4555.84,0.01,-0.00,0.01,-0.00,-0.00,-0.00,6.00
52871.00,-0.09,1.29,0.63,-0.11,0.05,11.50,-0.28,0.21,6158.68,0.01,-0.00,0.01,-0.00,-0.00,-0.00,7.00
52878.00,-0.09,1.29,0.69,-0.11,0.05,9.38,-0.28,0.21,-302.97,0.01,-0.00,0.01,0.00,0.00,-0.00,19.00
52897.00,-0.09,1.29,0.60,0.00,0.00,-4.87,0.52,-0.22,-749.77,0.01,-0.00,0.01,0.00,-0.00,0.00,8.00
52910.00,-0.09,1.29,0.65,0.00,0.00,3.45,0.52,-0.22,640.03,0.01,-0.00,0.01,-0.00,-0.00,0.00,8.00
52918.00,-0.09,1.29,0.68,0.00,0.00,4.83,0.52,-0.22,172.59,0.01,-0.00,0.01,-0.00,-0.00,0.00,6.00
52924.00,-0.09,1.29,0.65,0.00,0.00,-5.87,0.52,-0.22,-1784.30,0.01,-0.00,0.01,0.00,-0.00,-0.00,5.00
52929.00,-0.09,1.29,0.69,0.00,0.00,7.36,0.52,-0.22,2647.26,0.01,-0.00,0.01,0.00,-0.00,-0.00,8.00
52937.00,-0.09,1.29,0.66,0.00,0.00,-2.86,0.52,-0.22,-1277.13,0.01,-0.00,0.01,0.00,0.00,-0.00,8.00
52945.00,-0.09,1.29,0.57,0.00,0.00,-11.70,0.52,-0.22,-1105.79,0.01,-0.00,0.01,0.00,0.00,-0.00,5.00
52950.00,-0.09,1.29,0.76,0.00,0.00,37.43,0.52,-0.22,9827.15,0.01,-0.00,0.01,0.00,0.00,-0.00,8.00
52958.00,-0.09,1.29,0.62,0.00,0.00,-16.67,0.52,-0.22,-6763.61,0.01,-0.00,0.01,0.00,-0.00,-0.00,9.00
52967.00,-0.09,1.29,0.78,0.00,0.00,17.72,0.52,-0.22,3821.10,0.01,-0.00,0.01,0.00,-0.00,0.00,15.00
52982.00,-0.09,1.29,0.68,0.00,0.00,-7.13,0.52,-0.22,-1656.50,0.01,-0.00,0.01,0.00,-0.00,0.00,7.00
52994.00,-0.09,1.29,0.71,0.00,0.00,3.17,0.52,-0.22,858.12,0.01,-0.00,0.01,0.00,0.00,0.00,6.00
53000.00,-0.09,1.29,0.65,0.00,0.00,-10.75,0.52,-0.22,-2319.37,0.01,-0.00,0.01,-0.00,0.00,-0.00,8.00
53008.00,-0.09,1.29,0.58,0.00,0.00,-8.80,0.52,-0.22,243.64,0.01,-0.00,0.01,-0.00,0.00,-0.00,8.00
53016.00,-0.09,1.29,0.67,0.00,0.00,11.94,0.52,-0.22,2592.28,0.01,-0.00,0.01,0.00,0.00,-0.00,5.00
53021.00,-0.09,1.29,0.64,0.00,0.00,-7.11,0.52,-0.22,-3810.00,0.01,-0.00,0.01,0.00,0.01,-0.00,8.00
53029.00,-0.09,1.29,0.63,0.00,0.00,-0.79,0.52,-0.22,790.94,0.01,-0.00,0.01,0.00,0.01,0.00,8.00
53037.00,-0.09,1.29,0.78,0.00,0.00,18.53,0.52,-0.22,2414.99,0.01,-0.00,0.01,0.00,0.00,0.00,8.00
53045.00,-0.09,1.29,0.70,0.00,0.00,-10.37,0.52,-0.22,-3612.52,0.01,-0.00,0.01,0.00,0.00,0.00,5.00
53050.00,-0.09,1.29,0.72,0.00,0.00,4.08,0.52,-0.22,2889.14,0.01,-0.00,0.01,0.00,0.00,0.00,8.00
53058.00,-0.09,1.29,0.63,0.00,0.00,-10.81,0.52,-0.22,-1861.44,0.01,-0.00,0.01,0.00,0.00,0.00,8.00
53071.00,-0.09,1.29,0.69,0.00,0.00,4.28,0.52,-0.22,1160.90,0.01,-0.00,0.01,0.00,0.00,-0.00,18.00
53089.00,-0.09,1.29,0.64,0.00,0.00,-2.63,0.52,-0.22,-383.67,0.01,-0.00,0.01,0.00,-0.00,-0.00,9.00
53098.00,-0.10,1.28,0.66,-0.06,-0.03,2.30,-0.28,-0.17,547.06,0.01,-0.00,0.01,0.00,0.00,0.00,8.00
53106.00,-0.10,1.28,0.71,-0.06,-0.03,5.58,-0.28,-0.17,409.75,0.01,-0.00,0.01,0.00,-0.00,0.00,6.00
53112.00,-0.10,1.28,0.72,-0.06,-0.03,1.71,-0.28,-0.17,-644.59,0.01,-0.00,0.01,0.00,-0.00,0.00,7.00
53119.00,-0.10,1.28,0.64,-0.06,-0.03,-11.34,-0.28,-0.17,-1863.93,0.01,-0.00,0.01,0.00,-0.00,0.00,5.00
53124.00,-0.10,1.28,0.67,-0.06,-0.03,6.40,-0.28,-0.17,3547.68,0.01,-0.00,0.01,0.00,0.00,-0.00,6.00
53130.00,-0.10,1.28,0.57,-0.06,-0.03,-16.64,-0.28,-0.17,-3840.13,0.01,-0.00,0.01,0.00,0.00,-0.00,8.00
53138.00,-0.10,1.28,0.66,-0.06,-0.03,11.78,-0.28,-0.17,3553.24,0.01,-0.00,0.01,-0.00,-0.00,-0.00,8.00
53146.00,-0.10,1.28,0.67,-0.06,-0.03,0.76,-0.28,-0.17,-1377.92,0.01,-0.00,0.01,-0.00,0.00,-0.00,6.00
53161.00,-0.10,1.28,0.68,-0.06,-0.03,0.89,-0.28,-0.17,8.97,0.01,-0.00,0.01,0.00,0.00,0.00,9.00
53170.00,-0.10,1.28,0.64,-0.06,-0.03,-5.17,-0.28,-0.17,-674.30,0.01,-0.00,0.01,0.00,-0.00,0.00,6.00
53176.00,-0.10,1.28,0.64,-0.06,-0.03,1.59,-0.28,-0.17,1127.34,0.01,-0.00,0.01,0.00,-0.00,-0.00,16.00
53192.00,-0.10,1.28,0.63,-0.06,-0.03,-0.85,-0.28,-0.17,-152.62,0.01,-0.00,0.01,-0.00,0.00,0.00,7.00
53199.00,-0.10,1.28,0.70,-0.06,-0.03,9.19,-0.28,-0.17,1434.84,0.01,-0.00,0.01,0.00,0.00,0.00,8.00
53207.00,-0.10,1.28,0.60,-0.06,-0.03,-11.57,-0.28,-0.17,-2595.04,0.01,-0.00,0.01,-0.00,0.00,-0.00,8.00
53215.00,-0.10,1.28,0.67,-0.06,-0.03,8.38,-0.28,-0.17,2493.60,0.01,-0.00,0.01,0.00,0.01,-0.00,5.00
53220.00,-0.10,1.28,0.66,-0.06,-0.03,-2.08,-0.28,-0.17,-2091.83,0.01,-0.00,0.01,0.00,0.01,-0.00,7.00
53227.00,-0.10,1.28,0.71,-0.06,-0.03,7.03,-0.28,-0.17,1301.02,0.01,-0.00,0.01,0.00,0.00,-0.00,6.00
53233.00,-0.10,1.28,0.62,-0.06,-0.03,-14.20,-0.28,-0.17,-3538.48,0.01,-0.00,0.01,0.00,0.00,-0.00,7.00
53245.00,-0.10,1.28,0.75,-0.06,-0.03,10.62,-0.28,-0.17,2068.59,0.01,-0.00,0.01,0.00,0.00,0.00,6.00
53251.00,-0.10,1.28,0.60,-0.06,-0.03,-25.62,-0.28,-0.17,-6039.96,0.01,-0.00,0.01,0.00,0.00,0.00,7.00
53258.00,-0.10,1.28,0.70,-0.06,-0.03,14.38,-0.28,-0.17,5714.47,0.01,-0.00,0.01,-0.00,0.00,0.00,9.00
53267.00,-0.10,1.28,0.66,-0.06,-0.03,-3.95,-0.28,-0.17,-2037.27,0.01,-0.00,0.01,-0.00,0.01,0.00,5.00
53272.00,-0.10,1.28,0.69,-0.06,-0.03,5.31,-0.28,-0.17,1852.30,0.01,-0.00,0.01,0.00,0.01,0.00,17.00
53289.00,-0.10,1.28,0.54,-0.06,-0.03,-8.85,-0.28,-0.17,-832.73,0.01,-0.00,0.01,0.00,0.01,0.00,9.00
53298.00,-0.12,1.29,0.52,-0.11,0.05,-2.18,-0.28,0.41,740.83,0.01,-0.00,0.01,-0.00,0.00,-0.00,8.00
53306.00,-0.12,1.29,0.59,-0.11,0.05,8.36,-0.28,0.41,1318.19,0.01,-0.00,0.01,0.00,-0.00,0.00,6.00
53312.00,-0.12,1.29,0.55,-0.11,0.05,-5.88,-0.28,0.41,-2374.95,0.01,-0.00,0.01,0.00,-0.00,0.00,7.00
53319.00,-0.12,1.29,0.64,-0.11,0.05,12.34,-0.28,0.41,2603.65,0.01,-0.00,0.01,0.00,0.00,0.00,6.00
53330.00,-0.12,1.29,0.62,-0.11,0.05,-1.77,-0.28,0.41,-1282.54,0.01,-0.00,0.01,0.00,0.00,0.00,10.00
53340.00,-0.12,1.29,0.63,-0.11,0.05,1.50,-0.28,0.41,326.57,0.01,-0.00,0.01,0.00,0.00,0.00,8.00
53348.00,-0.12,1.29,0.58,-0.11,0.05,-6.44,-0.28,0.41,-992.43,0.01,-0.00,0.01,0.00,0.00,-0.00,7.00
53355.00,-0.12,1.29,0.69,-0.11,0.05,15.25,-0.28,0.41,3098.06,0.01,-0.00,0.01,0.00,0.00,0.00,5.00
53360.00,-0.12,1.29,0.70,-0.11,0.05,2.09,-0.28,0.41,-2630.32,0.01,-0.00,0.01,0.00,0.00,0.00,9.00
53369.00,-0.12,1.29,0.65,-0.11,0.05,-5.78,-0.28,0.41,-875.34,0.01,-0.00,0.01,-0.00,0.00,-0.00,5.00
53374.00,-0.12,1.29,0.62,-0.11,0.05,-4.89,-0.28,0.41,177.89,0.01,-0.00,0.01,0.00,0.00,-0.00,16.00
53390.00,-0.12,1.29,0.80,-0.11,0.05,11.27,-0.28,0.41,1010.32,0.01,-0.00,0.01,0.00,0.00,0.00,9.00
53399.00,-0.12,1.29,0.76,-0.11,0.05,-5.01,-0.28,0.41,-1809.13,0.01,-0.00,0.01,-0.00,-0.00,0.00,9.00
53408.00,-0.12,1.29,0.78,-0.11,0.05,2.05,-0.28,0.41,784.28,0.01,-0.00,0.01,-0.00,0.00,0.00,6.00
53419.00,-0.12,1.29,0.84,-0.11,0.05,6.23,-0.28,0.41,380.40,0.01,-0.00,0.01,-0.00,0.00,-0.00,6.00
53425.00,-0.12,1.29,0.74,-0.11,0.05,-17.36,-0.28,0.41,-3931.07,0.01,-0.00,0.01,0.00,0.01,-0.00,5.00
53430.00,-0.12,1.29,0.63,-0.11,0.05,-22.87,-0.28,0.41,-1102.67,0.01,-0.00,0.01,0.00,0.01,-0.00,9.00
53439.00,-0.12,1.29,0.75,-0.11,0.05,14.00,-0.28,0.41,4096.42,0.01,-0.00,0.01,0.00,-0.00,-0.00,8.00
53447.00,-0.12,1.29,0.67,-0.11,0.05,-9.99,-0.28,0.41,-2998.60,0.01,-0.00,0.01,-0.00,-0.00,0.00,7.00
53454.00,-0.12,1.29,0.74,-0.11,0.05,9.19,-0.28,0.41,2740.13,0.01,-0.00,0.01,0.00,0.00,0.00,6.00
53460.00,-0.12,1.29,0.63,-0.11,0.05,-17.04,-0.28,0.41,-4372.05,0.01,-0.00,0.01,0.00,0.00,0.00,9.00
53469.00,-0.12,1.29,0.64,-0.11,0.05,0.58,-0.28,0.41,1957.85,0.01,-0.00,0.01,-0.00,0.00,0.00,5.00
53474.00,-0.12,1.29,0.75,-0.11,0.05,22.11,-0.28,0.41,4306.88,0.01,-0.00,0.01,-0.00,-0.00,0.00,16.00
53490.00,-0.12,1.29,0.71,-0.11,0.05,-2.41,-0.28,0.41,-1532.98,0.01,-0.00,0.01,0.00,-0.00,0.00,9.00
53504.00,-0.12,1.29,0.52,0.00,0.00,-13.73,0.54,-0.23,-808.13,0.01,-0.00,0.01,0.00,-0.00,0.00,7.00
53511.00,-0.12,1.29,0.59,0.00,0.00,9.85,0.54,-0.23,3368.68,0.01,-0.00,0.01,-0.00,-0.00,0.00,8.00
53519.00,-0.12,1.29,0.56,0.00,0.00,-3.01,0.54,-0.23,-1608.13,0.01,-0.00,0.01,-0.00,-0.00,0.00,6.00
53525.00,-0.12,1.29,0.64,0.00,0.00,12.52,0.54,-0.23,2588.17,0.01,-0.00,0.01,-0.00,-0.00,0.00,6.00
53531.00,-0.12,1.29,0.65,0.00,0.00,1.55,0.54,-0.23,-1828.52,0.01,-0.00,0.01,0.00,-0.00,0.00,8.00
53539.00,-0.12,1.29,0.59,0.00,0.00,-7.08,0.54,-0.23,-1078.77,0.01,-0.00,0.01,0.00,-0.00,0.00,8.00
53547.00,-0.12,1.29,0.68,0.00,0.00,10.61,0.54,-0.23,2211.84,0.01,-0.00,0.01,0.00,-0.00,0.00,6.00
53553.00,-0.12,1.29,0.63,0.00,0.00,-8.02,0.54,-0.23,-3105.48,0.01,-0.00,0.01,-0.00,-0.00,0.00,7.00
53560.00,-0.12,1.29,0.65,0.00,0.00,2.80,0.54,-0.23,1546.31,0.01,-0.00,0.01,-0.00,-0.00,0.00,8.00
53568.00,-0.12,1.29,0.59,0.00,0.00,-7.56,0.54,-0.23,-1295.73,0.01,-0.00,0.01,0.00,-0.01,0.00,5.00
53578.00,-0.12,1.29,0.64,0.00,0.00,5.50,0.54,-0.23,1306.77,0.01,-0.00,0.01,0.00,0.00,-0.00,17.00
53595.00,-0.12,1.29,0.62,0.00,0.00,-1.01,0.54,-0.23,-383.46,0.01,-0.00,0.01,0.00,-0.00,-0.00,6.00
53601.00,-0.12,1.29,0.72,0.00,0.00,16.08,0.54,-0.23,2848.35,0.01,-0.00,0.01,0.00,-0.01,0.00,8.00
53609.00,-0.12,1.29,0.67,0.00,0.00,-6.07,0.54,-0.23,-2767.62,0.01,-0.00,0.01,0.00,-0.00,0.00,8.00
53617.00,-0.12,1.29,0.81,0.00,0.00,16.85,0.54,-0.23,2864.17,0.01,-0.00,0.01,0.00,-0.00,0.00,5.00
53622.00,-0.12,1.29,0.63,0.00,0.00,-34.86,0.54,-0.23,-10342.14,0.01,-0.00,0.01,0.00,-0.00,0.00,7.00
53629.00,-0.12,1.29,0.71,0.00,0.00,10.67,0.54,-0.23,6504.89,0.01,-0.00,0.01,0.00,-0.00,0.00,8.00
53637.00,-0.12,1.29,0.61,0.00,0.00,-11.79,0.54,-0.23,-2808.13,0.01,-0.00,0.01,0.00,-0.00,-0.00,5.00
53642.00,-0.12,1.29,0.74,0.00,0.00,25.73,0.54,-0.23,7503.94,0.01,-0.00,0.01,0.00,-0.00,-0.00,8.00
53650.00,-0.12,1.29,0.60,0.00,0.00,-18.14,0.54,-0.23,-5483.32,0.01,-0.00,0.01,0.00,-0.00,-0.00,8.00
53663.00,-0.12,1.29,0.70,0.00,0.00,7.73,0.54,-0.23,1989.79,0.01,-0.00,0.01,0.00,-0.00,-0.00,8.00
53671.00,-0.12,1.29,0.64,0.00,0.00,-6.88,0.54,-0.23,-1826.35,0.01,-0.00,0.01,0.00,-0.00,0.00,6.00
53677.00,-0.12,1.29,0.64,0.00,0.00,-1.03,0.54,-0.23,975.65,0.01,-0.00,0.01,0.00,0.00,0.00,16.00
53693.00,-0.12,1.29,0.63,0.00,0.00,-0.30,0.54,-0.23,45.92,0.01,-0.00,0.01,-0.00,-0.00,0.00,7.00
53700.00,-0.12,1.29,0.60,0.00,0.00,-4.34,0.54,-0.23,-577.58,0.01,-0.00,0.01,0.00,-0.00,0.00,9.00
53709.00,-0.13,1.28,0.62,-0.05,-0.03,2.32,-0.26,-0.16,739.66,0.01,-0.00,0.01,0.00,0.00,0.00,3.00
53712.00,-0.13,1.28,0.66,-0.05,-0.03,13.60,-0.26,-0.16,3762.02,0.01,-0.00,0.01,0.00,-0.00,-0.00,8.00
53720.00,-0.13,1.28,0.68,-0.05,-0.03,2.14,-0.26,-0.16,-1432.99,0.01,-0.00,0.01,-0.00,-0.00,-0.00,6.00
53726.00,-0.13,1.28,0.66,-0.05,-0.03,-2.75,-0.26,-0.16,-815.85,0.01,-0.00,0.01,-0.00,-0.00,-0.00,5.00
53731.00,-0.13,1.28,0.65,-0.05,-0.03,-2.57,-0.26,-0.16,36.50,0.01,-0.00,0.01,-0.00,-0.00,-0.00,9.00
53745.00,-0.13,1.28,0.77,-0.05,-0.03,8.27,-0.26,-0.16,774.38,0.01,-0.00,0.01,0.00,-0.01,0.00,7.00
53752.00,-0.13,1.28,0.61,-0.05,-0.03,-22.49,-0.26,-0.16,-4394.50,0.01,-0.00,0.01,0.00,-0.01,0.00,8.00
53760.00,-0.13,1.28,0.69,-0.05,-0.03,10.34,-0.26,-0.16,4104.41,0.01,-0.00,0.01,0.00,-0.01,0.00,8.00
53768.00,-0.13,1.28,0.75,-0.05,-0.03,6.88,-0.26,-0.16,-433.17,0.01,-0.00,0.01,0.00,0.00,-0.00,5.00
53773.00,-0.13,1.28,0.55,-0.05,-0.03,-39.14,-0.26,-0.16,-9203.48,0.01,-0.00,0.01,0.00,-0.00,-0.00,17.00
53790.00,-0.13,1.28,0.77,-0.05,-0.03,12.90,-0.26,-0.16,3061.15,0.01,-0.00,0.01,0.00,0.00,-0.00,9.00
53799.00,-0.13,1.28,0.76,-0.05,-0.03,-0.61,-0.26,-0.16,-1501.03,0.01,-0.00,0.01,0.00,0.00,0.00,6.00
53805.00,-0.13,1.28,0.68,-0.05,-0.03,-13.61,-0.26,-0.16,-2166.42,0.01,-0.00,0.01,0.00,-0.00,0.00,7.00
53812.00,-0.13,1.28,0.73,-0.05,-0.03,6.33,-0.26,-0.16,2848.13,0.01,-0.00,0.01,0.00,-0.01,0.00,8.00
53820.00,-0.13,1.28,0.60,-0.05,-0.03,-16.20,-0.26,-0.16,-2815.49,0.01,-0.00,0.01,0.00,-0.00,-0.00,6.00
53835.00,-0.13,1.28,0.75,-0.05,-0.03,9.94,-0.26,-0.16,1742.12,0.01,-0.00,0.01,0.00,-0.00,0.00,7.00
53842.00,-0.13,1.28,0.69,-0.05,-0.03,-7.77,-0.26,-0.16,-2529.05,0.01,-0.00,0.01,0.00,-0.00,0.00,8.00
53850.00,-0.13,1.28,0.62,-0.05,-0.03,-8.92,-0.26,-0.16,-144.20,0.01,-0.00,0.01,-0.00,-0.00,0.00,8.00
53858.00,-0.13,1.28,0.74,-0.05,-0.03,14.95,-0.26,-0.16,2984.11,0.01,-0.00,0.01,0.00,-0.00,0.00,5.00
53863.00,-0.13,1.28,0.62,-0.05,-0.03,-24.02,-0.26,-0.16,-7794.97,0.01,-0.00,0.01,0.00,-0.00,0.00,8.00
53871.00,-0.13,1.28,0.66,-0.05,-0.03,4.68,-0.26,-0.16,3588.28,0.01,-0.00,0.01,0.00,-0.00,0.00,5.00
53876.00,-0.13,1.28,0.67,-0.05,-0.03,2.15,-0.26,-0.16,-506.30,0.01,-0.00,0.01,-0.00,-0.00,0.00,16.00
53892.00,-0.13,1.28,0.60,-0.05,-0.03,-4.48,-0.26,-0.16,-414.82,0.01,-0.00,0.01,0.00,-0.00,-0.00,9.00
53901.00,-0.13,1.28,0.72,-0.05,-0.03,14.06,-0.26,-0.16,2060.69,0.01,-0.00,0.01,0.00,-0.00,0.00,8.00
53909.00,-0.13,1.28,0.59,0.00,-0.04,-16.21,0.27,-0.03,-3784.08,0.01,-0.00,0.01,0.00,-0.00,0.00,7.00
53921.00,-0.13,1.28,0.60,0.00,-0.04,0.62,0.27,-0.03,1402.40,0.01,-0.00,0.01,-0.00,0.00,0.00,6.00
53927.00,-0.13,1.28,0.64,0.00,-0.04,5.68,0.27,-0.03,843.59,0.01,-0.00,0.01,0.00,-0.01,-0.00,5.00
53932.00,-0.13,1.28,0.63,0.00,-0.04,-0.43,0.27,-0.03,-1221.61,0.01,-0.00,0.01,0.00,-0.01,-0.00,9.00
53941.00,-0.13,1.28,0.67,0.00,-0.04,4.17,0.27,-0.03,510.55,0.01,-0.00,0.01,0.00,0.00,0.00,8.00
53949.00,-0.13,1.28,0.62,0.00,-0.04,-6.32,0.27,-0.03,-1310.56,0.01,-0.00,0.01,0.00,-0.00,0.00,6.00
53955.00,-0.13,1.28,0.66,0.00,-0.04,6.80,0.27,-0.03,2186.99,0.01,-0.00,0.01,-0.00,-0.00,0.00,7.00
53962.00,-0.13,1.28,0.74,0.00,-0.04,11.63,0.27,-0.03,689.01,0.01,-0.00,0.01,-0.00,-0.00,0.00,9.00
53971.00,-0.13,1.28,0.73,0.00,-0.04,-1.64,0.27,-0.03,-1473.70,0.01,-0.00,0.01,0.00,0.00,-0.00,5.00
53976.00,-0.13,1.28,0.67,0.00,-0.04,-10.96,0.27,-0.03,-1864.61,0.01,-0.00,0.01,-0.00,-0.00,-0.00,6.00
53982.00,-0.13,1.28,0.72,0.00,-0.04,7.20,0.27,-0.03,3026.19,0.01,-0.00,0.01,-0.00,-0.00,0.00,8.00
53995.00,-0.13,1.28,0.65,0.00,-0.04,-5.11,0.27,-0.03,-947.01,0.01,-0.00,0.01,0.00,0.00,-0.00,17.00
54012.00,-0.13,1.28,0.59,0.00,-0.04,-3.71,0.27,-0.03,82.67,0.01,-0.00,0.01,0.00,0.00,0.00,9.00
54021.00,-0.13,1.28,0.57,0.00,-0.04,-1.50,0.27,-0.03,244.99,0.01,-0.00,0.01,0.00,0.00,0.00,5.00
54026.00,-0.13,1.28,0.62,0.00,-0.04,9.85,0.27,-0.03,2270.01,0.01,-0.00,0.01,0.00,0.00,0.00,7.00
54033.00,-0.13,1.28,0.69,0.00,-0.04,9.64,0.27,-0.03,-29.47,0.01,-0.00,0.01,-0.00,-0.00,0.00,8.00
54041.00,-0.13,1.28,0.64,0.00,-0.04,-5.61,0.27,-0.03,-1906.78,0.01,-0.00,0.01,0.00,-0.00,0.00,8.00
54049.00,-0.13,1.28,0.66,0.00,-0.04,2.38,0.27,-0.03,998.80,0.01,-0.00,0.01,-0.00,-0.00,-0.00,5.00
54054.00,-0.13,1.28,0.63,0.00,-0.04,-5.95,0.27,-0.03,-1664.46,0.01,-0.00,0.01,-0.00,-0.00,-0.00,8.00
54062.00,-0.13,1.28,0.65,0.00,-0.04,2.11,0.27,-0.03,1007.11,0.01,-0.00,0.01,-0.00,0.00,0.00,8.00
54070.00,-0.13,1.28,0.62,0.00,-0.04,-3.73,0.27,-0.03,-730.00,0.01,-0.00,0.01,0.00,0.00,0.00,16.00
54091.00,-0.13,1.28,0.54,0.00,-0.04,-3.75,0.27,-0.03,-0.78,0.01,-0.00,0.01,-0.00,0.00,0.00,8.00
54099.00,-0.13,1.28,0.50,0.00,-0.04,-5.68,0.27,-0.03,-242.07,0.01,-0.00,0.01,-0.00,0.00,-0.00,5.00
54104.00,-0.13,1.28,0.58,0.00,-0.04,16.02,0.27,-0.03,4340.16,0.01,-0.00,0.01,-0.00,0.00,-0.00,8.00
54112.00,-0.16,1.28,0.48,-0.11,0.01,-11.79,-0.54,0.23,-3476.55,0.01,-0.00,0.01,0.00,0.01,-0.00,9.00
54121.00,-0.16,1.28,0.44,-0.11,0.01,-4.35,-0.54,0.23,826.87,0.01,-0.00,0.01,0.00,0.00,-0.00,5.00
54126.00,-0.16,1.28,0.55,-0.11,0.01,21.64,-0.54,0.23,5198.35,0.01,-0.00,0.01,0.00,-0.00,-0.00,6.00
54132.00,-0.16,1.28,0.44,-0.11,0.01,-18.03,-0.54,0.23,-6612.25,0.01,-0.00,0.01,0.00,-0.00,0.00,9.00
54141.00,-0.16,1.28,0.54,-0.11,0.01,10.45,-0.54,0.23,3165.18,0.01,-0.00,0.01,0.00,0.00,0.00,8.00
54149.00,-0.16,1.28,0.55,-0.11,0.01,2.00,-0.54,0.23,-1057.01,0.01,-0.00,0.01,0.00,-0.00,0.00,5.00
54154.00,-0.16,1.28,0.58,-0.11,0.01,4.84,-0.54,0.23,568.00,0.01,-0.00,0.01,-0.00,-0.00,0.00,7.00
54166.00,-0.16,1.28,0.58,-0.11,0.01,0.59,-0.54,0.23,-354.09,0.01,-0.00,0.01,-0.00,-0.00,-0.00,17.00
54183.00,-0.16,1.28,0.52,-0.11,0.01,-3.97,-0.54,0.23,-268.05,0.01,-0.00,0.01,0.00,0.00,0.00,9.00
54192.00,-0.16,1.28,0.55,-0.11,0.01,3.48,-0.54,0.23,827.61,0.01,-0.00,0.01,-0.00,0.00,0.00,8.00
54200.00,-0.16,1.28,0.46,-0.11,0.01,-11.71,-0.54,0.23,-1898.76,0.01,-0.00,0.01,-0.00,-0.00,0.00,7.00
54207.00,-0.16,1.28,0.57,-0.11,0.01,16.46,-0.54,0.23,4024.36,0.01,-0.00,0.01,0.00,-0.00,0.00,6.00
54213.00,-0.16,1.28,0.60,-0.11,0.01,4.72,-0.54,0.23,-1957.33,0.01,-0.00,0.01,0.00,0.00,0.00,9.00
54222.00,-0.16,1.28,0.58,-0.11,0.01,-1.87,-0.54,0.23,-731.47,0.01,-0.00,0.01,0.00,0.00,0.00,5.00
54227.00,-0.16,1.28,0.48,-0.11,0.01,-19.50,-0.54,0.23,-3526.92,0.01,-0.00,0.01,0.00,0.00,-0.00,6.00
54233.00,-0.16,1.28,0.55,-0.11,0.01,11.18,-0.54,0.23,5112.88,0.01,-0.00,0.01,0.00,0.00,-0.00,8.00
54241.00,-0.16,1.28,0.57,-0.11,0.01,2.87,-0.54,0.23,-1038.53,0.01,-0.00,0.01,0.00,0.00,-0.00,8.00
54254.00,-0.16,1.28,0.62,-0.11,0.01,3.67,-0.54,0.23,61.74,0.01,-0.00,0.01,0.00,0.00,0.00,9.00
54263.00,-0.16,1.28,0.57,-0.11,0.01,-5.84,-0.54,0.23,-1056.52,0.01,-0.00,0.01,0.00,0.00,0.00,8.00
54271.00,-0.16,1.28,0.56,-0.11,0.01,-0.87,-0.54,0.23,620.62,0.01,-0.00,0.01,0.00,0.00,0.00,16.00
54287.00,-0.16,1.28,0.48,-0.11,0.01,-4.85,-0.54,0.23,-248.25,0.01,-0.00,0.01,0.00,0.00,0.00,7.00
54294.00,-0.16,1.28,0.57,-0.11,0.01,12.64,-0.54,0.23,2497.69,0.01,-0.00,0.01,0.00,0.00,0.00,7.00
54301.00,-0.16,1.28,0.59,-0.11,0.01,1.69,-0.54,0.23,-1563.34,0.01,-0.00,0.01,0.00,0.00,0.00,9.00
54310.00,-0.16,1.28,0.58,-0.11,0.01,-0.85,-0.54,0.23,-282.87,0.01,-0.00,0.01,0.00,0.00,0.00,5.00
54315.00,-0.16,1.27,0.57,0.00,-0.04,-1.26,0.54,-0.23,-81.74,0.01,-0.00,0.01,-0.00,-0.00,0.00,8.00
54323.00,-0.16,1.27,0.46,0.00,-0.04,-14.01,0.54,-0.23,-1593.16,0.01,-0.00,0.01,-0.00,-0.00,0.00,5.00
54328.00,-0.16,1.27,0.52,0.00,-0.04,11.72,0.54,-0.23,5145.74,0.01,-0.00,0.01,-0.00,0.00,0.00,6.00
54339.00,-0.16,1.27,0.62,0.00,-0.04,9.12,0.54,-0.23,-236.47,0.01,-0.00,0.01,0.00,0.00,-0.00,6.00
54345.00,-0.16,1.27,0.48,0.00,-0.04,-23.69,0.54,-0.23,-5469.27,0.01,-0.00,0.01,0.00,0.00,-0.00,7.00
54352.00,-0.16,1.27,0.60,0.00,-0.04,17.40,0.54,-0.23,5870.50,0.01,-0.00,0.01,0.00,0.00,0.00,9.00
54361.00,-0.16,1.27,0.57,0.00,-0.04,-3.41,0.54,-0.23,-2312.35,0.01,-0.00,0.01,-0.00,0.00,0.00,6.00
54367.00,-0.16,1.27,0.63,0.00,-0.04,10.29,0.54,-0.23,2282.96,0.01,-0.00,0.01,-0.00,0.00,-0.00,17.00
54384.00,-0.16,1.27,0.63,0.00,-0.04,-0.12,0.54,-0.23,-612.38,0.01,-0.00,0.01,0.00,-0.00,0.00,8.00
54392.00,-0.16,1.27,0.69,0.00,-0.04,8.30,0.54,-0.23,1052.93,0.01,-0.00,0.01,0.00,0.00,0.00,8.00
54400.00,-0.16,1.27,0.71,0.00,-0.04,2.52,0.54,-0.23,-721.85,0.01,-0.00,0.01,0.00,0.00,0.00,6.00
54406.00,-0.16,1.27,0.69,0.00,-0.04,-4.27,0.54,-0.23,-1132.10,0.01,-0.00,0.01,0.00,0.00,0.00,7.00
54413.00,-0.16,1.27,0.60,0.00,-0.04,-12.30,0.54,-0.23,-1147.97,0.01,-0.00,0.01,0.00,-0.00,0.00,9.00
54427.00,-0.16,1.27,0.61,0.00,-0.04,0.36,0.54,-0.23,904.27,0.01,-0.00,0.01,0.00,0.00,-0.00,7.00
54434.00,-0.16,1.27,0.61,0.00,-0.04,-0.14,0.54,-0.23,-70.91,0.01,-0.00,0.01,-0.00,-0.00,0.00,8.00
54442.00,-0.16,1.27,0.60,0.00,-0.04,-0.87,0.54,-0.23,-91.60,0.01,-0.00,0.01,-0.00,-0.00,0.00,8.00
54450.00,-0.16,1.27,0.58,0.00,-0.04,-2.85,0.54,-0.23,-246.54,0.01,-0.00,0.01,0.00,0.00,-0.00,5.00
54455.00,-0.16,1.27,0.60,0.00,-0.04,5.61,0.54,-0.23,1690.10,0.01,-0.00,0.01,0.00,0.00,-0.00,8.00
54463.00,-0.16,1.27,0.67,0.00,-0.04,8.13,0.54,-0.23,315.52,0.01,-0.00,0.01,0.00,0.00,0.00,9.00
54472.00,-0.16,1.27,0.58,0.00,-0.04,-9.83,0.54,-0.23,-1995.06,0.01,-0.00,0.01,-0.00,-0.00,0.00,15.00
54487.00,-0.16,1.27,0.58,0.00,-0.04,0.06,0.54,-0.23,659.28,0.01,-0.00,0.01,-0.00,-0.00,-0.00,7.00
54494.00,-0.16,1.27,0.59,0.00,-0.04,0.81,0.54,-0.23,106.72,0.01,-0.00,0.01,-0.00,0.00,-0.00,8.00
54502.00,-0.16,1.27,0.71,0.00,-0.04,15.16,0.54,-0.23,1794.03,0.01,-0.00,0.01,-0.00,-0.00,-0.00,8.00
54519.00,-0.17,1.26,0.61,-0.05,-0.03,-5.97,-0.27,0.02,-1243.16,0.01,-0.00,0.01,0.00,0.00,0.00,7.00
54526.00,-0.17,1.26,0.63,-0.05,-0.03,3.05,-0.27,0.02,1288.90,0.01,-0.00,0.01,0.00,0.00,0.00,6.00
54532.00,-0.17,1.26,0.60,-0.05,-0.03,-4.82,-0.27,0.02,-1312.34,0.01,-0.00,0.01,0.00,0.00,0.00,8.00
54540.00,-0.17,1.26,0.72,-0.05,-0.03,15.29,-0.27,0.02,2514.55,0.01,-0.00,0.01,0.00,0.00,0.00,5.00
54545.00,-0.17,1.26,0.68,-0.05,-0.03,-8.78,-0.27,0.02,-4814.10,0.01,-0.00,0.01,0.00,0.00,0.00,8.00
54553.00,-0.17,1.26,0.57,-0.05,-0.03,-13.89,-0.27,0.02,-638.83,0.01,-0.00,0.01,0.00,0.00,0.00,9.00
54562.00,-0.17,1.26,0.72,-0.05,-0.03,17.13,-0.27,0.02,3446.00,0.01,-0.00,0.01,0.00,-0.01,-0.00,7.00
54569.00,-0.17,1.26,0.66,-0.05,-0.03,-8.31,-0.27,0.02,-3633.19,0.01,-0.00,0.01,0.00,0.00,-0.00,5.00
54574.00,-0.17,1.26,0.83,-0.05,-0.03,33.51,-0.27,0.02,8362.97,0.01,-0.00,0.01,0.00,0.00,-0.00,17.00
54591.00,-0.17,1.26,0.66,-0.05,-0.03,-10.10,-0.27,0.02,-2565.46,0.01,-0.00,0.01,-0.00,-0.00,0.00,6.00
54601.00,-0.17,1.26,0.73,-0.05,-0.03,7.44,-0.27,0.02,1754.32,0.01,-0.00,0.01,-0.00,0.00,0.00,8.00
54609.00,-0.17,1.26,0.61,-0.05,-0.03,-15.01,-0.27,0.02,-2805.86,0.01,-0.00,0.01,-0.00,-0.00,0.00,5.00
54614.00,-0.17,1.26,0.64,-0.05,-0.03,5.13,-0.27,0.02,4027.97,0.01,-0.00,0.01,-0.00,-0.00,0.00,9.00
54623.00,-0.17,1.26,0.54,-0.05,-0.03,-11.46,-0.27,0.02,-1843.24,0.01,-0.00,0.01,0.00,0.00,0.00,5.00
54628.00,-0.17,1.26,0.54,-0.05,-0.03,1.16,-0.27,0.02,2522.38,0.01,-0.00,0.01,-0.00,0.00,0.00,7.00
54635.00,-0.17,1.26,0.58,-0.05,-0.03,5.22,-0.27,0.02,580.18,0.01,-0.00,0.01,-0.00,0.00,0.00,8.00
54643.00,-0.17,1.26,0.53,-0.05,-0.03,-5.77,-0.27,0.02,-1373.67,0.01,-0.00,0.01,-0.00,0.00,0.00,8.00
54651.00,-0.17,1.26,0.58,-0.05,-0.03,5.50,-0.27,0.02,1409.67,0.01,-0.00,0.01,0.00,0.00,0.00,5.00
54656.00,-0.17,1.26,0.69,-0.05,-0.03,23.57,-0.27,0.02,3612.62,0.01,-0.00,0.01,0.00,0.00,-0.00,8.00
54664.00,-0.17,1.26,0.70,-0.05,-0.03,0.63,-0.27,0.02,-2866.63,0.01,-0.00,0.01,0.00,0.00,-0.00,8.00
54677.00,-0.17,1.26,0.65,-0.05,-0.03,-3.59,-0.27,0.02,-325.29,0.01,-0.00,0.01,-0.00,-0.00,0.00,17.00
54694.00,-0.17,1.26,0.65,-0.05,-0.03,-0.20,-0.27,0.02,199.95,0.01,-0.00,0.01,0.00,0.00,0.00,9.00
54703.00,-0.17,1.26,0.65,-0.05,-0.03,-0.22,-0.27,0.02,-2.37,0.01,-0.00,0.01,0.00,0.00,0.00,7.00
54710.00,-0.17,1.26,0.58,-0.05,-0.03,-9.66,-0.27,0.02,-1348.72,0.01,-0.00,0.01,0.00,0.00,0.00,6.00
54716.00,-0.17,1.26,0.62,-0.05,-0.03,6.40,-0.27,0.02,2676.51,0.01,-0.00,0.01,-0.00,0.00,-0.00,8.00
54724.00,-0.17,1.26,0.46,0.00,0.00,-19.72,0.27,0.16,-3265.34,0.01,-0.00,0.01,-0.00,0.00,-0.00,5.00
54729.00,-0.17,1.26,0.54,0.00,0.00,16.72,0.27,0.16,7288.17,0.01,-0.00,0.01,-0.00,-0.00,0.00,5.00
54734.00,-0.17,1.26,0.62,0.00,0.00,14.41,0.27,0.16,-462.25,0.01,-0.00,0.01,-0.00,-0.00,0.00,9.00
54743.00,-0.17,1.26,0.63,0.00,0.00,1.83,0.27,0.16,-1397.82,0.01,-0.00,0.01,-0.00,-0.00,-0.00,8.00
54751.00,-0.17,1.26,0.60,0.00,0.00,-4.12,0.27,0.16,-742.91,0.01,-0.00,0.01,-0.00,-0.00,0.00,6.00
54761.00,-0.17,1.26,0.59,0.00,0.00,-1.36,0.27,0.16,275.93,0.01,-0.00,0.01,0.00,-0.00,0.00,6.00
54767.00,-0.17,1.26,0.67,0.00,0.00,14.47,0.27,0.16,2637.28,0.01,-0.00,0.01,0.00,-0.00,-0.00,17.00
54784.00,-0.17,1.26,0.73,0.00,0.00,3.46,0.27,0.16,-647.64,0.01,-0.00,0.01,0.00,0.00,-0.00,9.00
54793.00,-0.17,1.26,0.63,0.00,0.00,-11.07,0.27,0.16,-1614.18,0.01,-0.00,0.01,-0.00,-0.00,0.00,8.00
54801.00,-0.17,1.26,0.64,0.00,0.00,1.09,0.27,0.16,1520.37,0.01,-0.00,0.01,0.00,0.00,0.00,5.00
54806.00,-0.17,1.26,0.63,0.00,0.00,-1.44,0.27,0.16,-507.41,0.01,-0.00,0.01,0.00,0.00,0.00,8.00
54814.00,-0.17,1.26,0.72,0.00,0.00,10.62,0.27,0.16,1508.45,0.01,-0.00,0.01,0.00,0.01,0.00,8.00
54822.00,-0.17,1.26,0.59,0.00,0.00,-15.80,0.27,0.16,-3303.22,0.01,-0.00,0.01,-0.00,0.00,0.00,5.00
54827.00,-0.17,1.26,0.63,0.00,0.00,8.41,0.27,0.16,4841.38,0.01,-0.00,0.01,-0.00,0.00,0.00,7.00
54834.00,-0.17,1.26,0.60,0.00,0.00,-4.65,0.27,0.16,-1865.09,0.01,-0.00,0.01,-0.00,-0.00,-0.00,9.00
54847.00,-0.17,1.26,0.64,0.00,0.00,2.92,0.27,0.16,582.61,0.01,-0.00,0.01,-0.00,0.00,0.00,9.00
54856.00,-0.17,1.26,0.68,0.00,0.00,4.82,0.27,0.16,210.19,0.01,-0.00,0.01,0.00,0.00,0.00,7.00
54863.00,-0.17,1.26,0.61,0.00,0.00,-10.89,0.27,0.16,-2243.24,0.01,-0.00,0.01,0.00,0.00,-0.00,8.00
54871.00,-0.17,1.26,0.54,0.00,0.00,-8.20,0.27,0.16,336.56,0.01,-0.00,0.01,-0.00,0.00,-0.00,5.00
54876.00,-0.17,1.26,0.61,0.00,0.00,14.68,0.27,0.16,4575.30,0.01,-0.00,0.01,-0.00,0.00,-0.00,18.00
54894.00,-0.17,1.26,0.59,0.00,0.00,-1.51,0.27,0.16,-899.50,0.01,-0.00,0.01,-0.00,0.00,0.00,9.00
54903.00,-0.17,1.26,0.62,0.00,0.00,3.62,0.27,0.16,569.47,0.01,-0.00,0.01,0.00,0.00,-0.00,6.00
54909.00,-0.17,1.26,0.57,0.00,0.00,-8.63,0.27,0.16,-2040.54,0.01,-0.00,0.01,-0.00,0.00,-0.00,7.00
54916.00,-0.17,1.26,0.64,0.00,0.00,10.60,0.27,0.16,2747.22,0.01,-0.00,0.01,-0.00,0.00,0.00,8.00
54924.00,-0.18,1.26,0.59,-0.06,0.00,-5.99,-0.28,0.02,-2073.71,0.01,-0.00,0.01,0.00,0.00,0.00,6.00
54935.00,-0.18,1.26,0.63,-0.06,0.00,3.52,-0.28,0.02,864.48,0.01,-0.00,0.01,0.00,-0.00,0.00,9.00
54944.00,-0.18,1.26,0.59,-0.06,0.00,-5.08,-0.28,0.02,-955.39,0.01,-0.00,0.01,0.00,-0.00,-0.00,9.00
54953.00,-0.18,1.26,0.61,-0.06,0.00,2.72,-0.28,0.02,866.64,0.01,-0.00,0.01,-0.00,-0.01,0.00,7.00
54960.00,-0.18,1.26,0.56,-0.06,0.00,-6.65,-0.28,0.02,-1338.83,0.01,-0.00,0.01,-0.00,-0.00,0.00,5.00
54965.00,-0.18,1.26,0.58,-0.06,0.00,2.63,-0.28,0.02,1855.09,0.01,-0.00,0.01,-0.00,-0.00,0.00,19.00
54984.00,-0.18,1.26,0.52,-0.06,0.00,-3.21,-0.28,0.02,-307.49,0.01,-0.00,0.01,0.00,0.00,0.00,8.00
54992.00,-0.18,1.26,0.57,-0.06,0.00,6.52,-0.28,0.02,1217.42,0.01,-0.00,0.01,0.00,-0.00,-0.00,6.00
54998.00,-0.18,1.26,0.53,-0.06,0.00,-6.86,-0.28,0.02,-2231.11,0.01,-0.00,0.01,0.00,-0.00,-0.00,7.00
55005.00,-0.18,1.26,0.69,-0.06,0.00,23.79,-0.28,0.02,4379.50,0.01,-0.00,0.01,-0.00,-0.00,0.00,8.00
55013.00,-0.18,1.26,0.58,-0.06,0.00,-13.74,-0.28,0.02,-4692.15,0.01,-0.00,0.01,0.00,0.00,0.00,8.00
55026.00,-0.18,1.26,0.69,-0.06,0.00,8.12,-0.28,0.02,1681.62,0.01,-0.00,0.01,-0.00,-0.00,0.00,6.00
55032.00,-0.18,1.26,0.61,-0.06,0.00,-12.57,-0.28,0.02,-3447.77,0.01,-0.00,0.01,0.00,-0.00,-0.00,5.00
55037.00,-0.18,1.26,0.54,-0.06,0.00,-15.14,-0.28,0.02,-514.14,0.01,-0.00,0.01,0.00,-0.00,-0.00,8.00
55045.00,-0.18,1.26,0.57,-0.06,0.00,3.71,-0.28,0.02,2356.56,0.01,-0.00,0.01,0.00,-0.00,0.00,8.00
55053.00,-0.18,1.26,0.73,-0.06,0.00,19.99,-0.28,0.02,2034.03,0.01,-0.00,0.01,0.00,-0.01,0.00,8.00
55061.00,-0.18,1.26,0.65,-0.06,0.00,-9.69,-0.28,0.02,-3709.94,0.01,-0.00,0.01,-0.00,-0.00,-0.00,5.00
55066.00,-0.18,1.26,0.65,-0.06,0.00,0.82,-0.28,0.02,2103.43,0.01,-0.00,0.01,-0.00,-0.00,-0.00,19.00
55085.00,-0.18,1.26,0.60,-0.06,0.00,-2.84,-0.28,0.02,-192.83,0.01,-0.00,0.01,0.00,-0.00,0.00,9.00
55094.00,-0.18,1.26,0.62,-0.06,0.00,2.58,-0.28,0.02,602.41,0.01,-0.00,0.01,0.00,0.00,-0.00,7.00
55101.00,-0.18,1.26,0.59,-0.06,0.00,-5.26,-0.28,0.02,-1120.68,0.01,-0.00,0.01,-0.00,-0.00,0.00,6.00
55112.00,-0.18,1.26,0.56,-0.06,0.00,-2.04,-0.28,0.02,292.76,0.01,-0.00,0.01,0.00,0.00,-0.00,6.00
55118.00,-0.18,1.26,0.46,-0.06,0.00,-16.99,-0.28,0.02,-2491.13,0.01,-0.00,0.01,0.00,-0.00,-0.00,7.00
55125.00,-0.19,1.26,0.56,-0.06,0.00,13.46,0.00,-0.00,4350.45,0.01,-0.00,0.01,0.00,-0.00,-0.00,6.00
55131.00,-0.19,1.26,0.54,-0.06,0.00,-3.49,0.00,-0.00,-2825.84,0.01,-0.00,0.01,-0.00,-0.00,-0.00,5.00
55136.00,-0.19,1.26,0.48,-0.06,0.00,-11.94,0.00,-0.00,-1689.07,0.01,-0.00,0.01,-0.00,-0.00,-0.00,9.00
55145.00,-0.19,1.26,0.46,-0.06,0.00,-1.45,0.00,-0.00,1164.83,0.01,-0.00,0.01,-0.00,0.00,0.00,8.00
55153.00,-0.19,1.26,0.55,-0.06,0.00,11.27,0.00,-0.00,1590.38,0.01,-0.00,0.01,-0.00,-0.00,-0.00,7.00
55160.00,-0.19,1.26,0.40,-0.06,0.00,-22.57,0.00,-0.00,-4834.32,0.01,-0.00,0.01,0.00,-0.00,0.00,6.00
55166.00,-0.19,1.26,0.44,-0.06,0.00,7.60,0.00,-0.00,5028.72,0.01,-0.00,0.01,0.00,-0.00,0.00,20.00
55186.00,-0.19,1.26,0.46,-0.06,0.00,1.13,0.00,-0.00,-323.51,0.01,-0.00,0.01,0.00,-0.01,0.00,8.00
55199.00,-0.19,1.26,0.52,-0.06,0.00,4.23,0.00,-0.00,238.60,0.01,-0.00,0.01,0.00,-0.00,-0.00,8.00
55207.00,-0.19,1.26,0.61,-0.06,0.00,11.73,0.00,-0.00,937.44,0.01,-0.00,0.01,0.00,0.00,0.00,4.00
55211.00,-0.19,1.26,0.60,-0.06,0.00,-3.55,0.00,-0.00,-3819.96,0.01,-0.00,0.01,0.00,-0.00,-0.00,5.00
55216.00,-0.19,1.26,0.45,-0.06,0.00,-29.66,0.00,-0.00,-5222.81,0.01,-0.00,0.01,0.00,0.00,-0.00,9.00
55225.00,-0.19,1.26,0.48,-0.06,0.00,3.22,0.00,-0.00,3653.39,0.01,-0.00,0.01,-0.00,-0.00,0.00,5.00
55230.00,-0.19,1.26,0.52,-0.06,0.00,7.29,0.00,-0.00,813.33,0.01,-0.00,0.01,-0.00,-0.00,0.00,6.00
55236.00,-0.19,1.26,0.54,-0.06,0.00,3.96,0.00,-0.00,-554.81,0.01,-0.00,0.01,-0.00,-0.00,0.00,9.00
55245.00,-0.19,1.26,0.56,-0.06,0.00,2.64,0.00,-0.00,-146.22,0.01,-0.00,0.01,0.00,-0.00,0.00,8.00
55253.00,-0.19,1.26,0.63,-0.06,0.00,8.89,0.00,-0.00,781.12,0.01,-0.00,0.01,0.00,-0.00,-0.00,6.00
55259.00,-0.19,1.26,0.51,-0.06,0.00,-20.35,0.00,-0.00,-4872.69,0.01,-0.00,0.01,0.00,-0.00,-0.00,7.00
55275.00,-0.19,1.26,0.47,-0.06,0.00,-2.70,0.00,-0.00,1102.71,0.01,-0.00,0.01,-0.00,-0.00,0.00,17.00
55292.00,-0.19,1.26,0.51,-0.06,0.00,2.23,0.00,-0.00,290.43,0.01,-0.00,0.01,0.00,-0.00,0.00,5.00
55297.00,-0.19,1.26,0.39,-0.06,0.00,-24.21,0.00,-0.00,-5288.55,0.01,-0.00,0.01,0.00,-0.00,0.00,8.00
55305.00,-0.19,1.26,0.44,-0.06,0.00,7.20,0.00,-0.00,3926.69,0.01,-0.00,0.01,0.00,-0.00,0.00,8.00
55313.00,-0.19,1.26,0.45,-0.06,0.00,1.20,0.00,-0.00,-750.65,0.01,-0.00,0.01,0.00,-0.00,0.00,5.00
55318.00,-0.19,1.26,0.46,-0.06,0.00,1.63,0.00,-0.00,86.98,0.01,-0.00,0.01,0.00,-0.00,0.00,8.00
55326.00,-0.20,1.27,0.47,-0.06,0.04,1.07,0.00,0.19,-70.84,0.01,-0.00,0.01,0.00,0.00,-0.00,5.00
55331.00,-0.20,1.27,0.44,-0.06,0.04,-6.50,0.00,0.19,-1513.08,0.01,-0.00,0.01,0.00,-0.00,0.00,6.00
55337.00,-0.20,1.27,0.58,-0.06,0.04,23.19,0.00,0.19,4947.21,0.01,-0.00,0.01,0.00,-0.00,0.00,8.00
55345.00,-0.20,1.27,0.66,-0.06,0.04,10.25,0.00,0.19,-1616.36,0.01,-0.00,0.01,0.00,-0.00,-0.00,8.00
55357.00,-0.20,1.27,0.52,-0.06,0.04,-11.35,0.00,0.19,-1800.10,0.01,-0.00,0.01,0.00,0.00,-0.00,9.00
55366.00,-0.20,1.27,0.67,-0.06,0.04,16.38,0.00,0.19,3080.84,0.01,-0.00,0.01,-0.00,-0.00,0.00,9.00
55375.00,-0.20,1.27,0.73,-0.06,0.04,6.73,0.00,0.19,-1072.47,0.01,-0.00,0.01,0.00,-0.01,0.00,16.00
55391.00,-0.20,1.27,0.75,-0.06,0.04,1.39,0.00,0.19,-333.58,0.01,-0.00,0.01,0.00,-0.00,-0.00,6.00
55397.00,-0.20,1.27,0.67,-0.06,0.04,-13.34,0.00,0.19,-2455.58,0.01,-0.00,0.01,0.00,-0.00,-0.00,8.00
55405.00,-0.20,1.27,0.73,-0.06,0.04,7.72,0.00,0.19,2632.47,0.01,-0.00,0.01,0.00,-0.00,0.00,8.00
55413.00,-0.20,1.27,0.73,-0.06,0.04,-0.02,0.00,0.19,-967.26,0.01,-0.00,0.01,0.00,-0.00,-0.00,5.00
55418.00,-0.20,1.27,0.71,-0.06,0.04,-4.82,0.00,0.19,-959.77,0.01,-0.00,0.01,0.00,-0.00,-0.00,8.00
55426.00,-0.20,1.27,0.68,-0.06,0.04,-4.28,0.00,0.19,67.17,0.01,-0.00,0.01,0.00,-0.00,-0.00,5.00
55431.00,-0.20,1.27,0.62,-0.06,0.04,-12.09,0.00,0.19,-1561.64,0.01,-0.00,0.01,-0.00,-0.00,-0.00,7.00
55442.00,-0.20,1.27,0.64,-0.06,0.04,1.99,0.00,0.19,1280.43,0.01,-0.00,0.01,-0.00,-0.00,0.00,7.00
55449.00,-0.20,1.27,0.58,-0.06,0.04,-8.23,0.00,0.19,-1461.24,0.01,-0.00,0.01,-0.00,-0.00,0.00,7.00
55456.00,-0.20,1.27,0.51,-0.06,0.04,-9.45,0.00,0.19,-173.40,0.01,-0.00,0.01,0.00,0.00,0.00,8.00
55464.00,-0.20,1.27,0.52,-0.06,0.04,0.28,0.00,0.19,1215.78,0.01,-0.00,0.01,-0.00,-0.00,0.00,6.00
55470.00,-0.20,1.27,0.56,-0.06,0.04,6.97,0.00,0.19,1115.09,0.01,-0.00,0.01,-0.00,-0.00,-0.00,17.00
55487.00,-0.20,1.27,0.48,-0.06,0.04,-4.59,0.00,0.19,-680.24,0.01,-0.00,0.01,-0.00,0.00,0.00,9.00
55496.00,-0.20,1.27,0.53,-0.06,0.04,5.42,0.00,0.19,1112.61,0.01,-0.00,0.01,0.00,0.01,0.00,8.00
55504.00,-0.20,1.27,0.55,-0.06,0.04,3.17,0.00,0.19,-281.15,0.01,-0.00,0.01,0.00,0.00,0.00,5.00
55509.00,-0.20,1.27,0.57,-0.06,0.04,3.41,0.00,0.19,48.77,0.01,-0.00,0.01,-0.00,0.00,0.00,7.00
55516.00,-0.20,1.27,0.63,-0.06,0.04,9.04,0.00,0.19,803.22,0.01,-0.00,0.01,-0.00,0.01,0.00,9.00
55530.00,-0.21,1.26,0.59,-0.05,-0.07,-2.79,0.00,-0.56,-844.99,0.01,-0.00,0.01,-0.00,0.00,0.00,8.00
55538.00,-0.21,1.26,0.59,-0.05,-0.07,-0.63,0.00,-0.56,270.11,0.01,-0.00,0.01,0.00,0.00,-0.00,8.00
55546.00,-0.21,1.26,0.47,-0.05,-0.07,-15.42,0.00,-0.56,-1848.84,0.01,-0.00,0.01,-0.00,0.00,0.00,8.00
55554.00,-0.21,1.26,0.44,-0.05,-0.07,-3.77,0.00,-0.56,1456.73,0.01,-0.00,0.01,-0.00,0.00,0.00,5.00
55559.00,-0.21,1.26,0.55,-0.05,-0.07,23.37,0.00,-0.56,5427.75,0.01,-0.00,0.01,-0.00,0.00,0.00,8.00
55567.00,-0.21,1.26,0.61,-0.05,-0.07,7.66,0.00,-0.56,-1963.81,0.01,-0.00,0.01,-0.00,0.00,0.00,8.00
55575.00,-0.21,1.26,0.61,-0.05,-0.07,-0.98,0.00,-0.56,-1080.24,0.01,-0.00,0.01,0.00,0.00,0.00,16.00
55591.00,-0.21,1.26,0.56,-0.05,-0.07,-2.76,0.00,-0.56,-111.23,0.01,-0.00,0.01,-0.00,-0.00,-0.00,7.00
55598.00,-0.21,1.26,0.57,-0.05,-0.07,1.27,0.00,-0.56,575.63,0.01,-0.00,0.01,-0.00,-0.00,-0.00,8.00
55606.00,-0.21,1.26,0.60,-0.05,-0.07,3.15,0.00,-0.56,235.12,0.01,-0.00,0.01,-0.00,-0.00,0.00,7.00
55618.00,-0.21,1.26,0.72,-0.05,-0.07,10.38,0.00,-0.56,602.53,0.01,-0.00,0.01,0.00,0.00,0.00,9.00
55627.00,-0.21,1.26,0.65,-0.05,-0.07,-8.06,0.00,-0.56,-2048.45,0.01,-0.00,0.01,0.00,0.00,0.00,5.00
55632.00,-0.21,1.26,0.61,-0.05,-0.07,-7.26,0.00,-0.56,159.31,0.01,-0.00,0.01,-0.00,0.00,-0.00,6.00
55638.00,-0.21,1.26,0.53,-0.05,-0.07,-13.54,0.00,-0.56,-1046.58,0.01,-0.00,0.01,-0.00,0.00,-0.00,8.00
55646.00,-0.21,1.26,0.58,-0.05,-0.07,5.66,0.00,-0.56,2399.92,0.01,-0.00,0.01,-0.00,0.00,0.00,8.00
55654.00,-0.21,1.26,0.59,-0.05,-0.07,1.94,0.00,-0.56,-465.21,0.01,-0.00,0.01,0.00,0.01,0.00,5.00
55659.00,-0.21,1.26,0.55,-0.05,-0.07,-8.48,0.00,-0.56,-2083.07,0.01,-0.00,0.01,0.00,0.00,0.00,8.00
55667.00,-0.21,1.26,0.60,-0.05,-0.07,5.86,0.00,-0.56,1792.17,0.01,-0.00,0.01,0.00,0.00,0.00,9.00
55676.00,-0.21,1.26,0.63,-0.05,-0.07,4.35,0.00,-0.56,-167.97,0.01,-0.00,0.01,-0.00,0.01,-0.00,15.00
55691.00,-0.21,1.26,0.64,-0.05,-0.07,0.30,0.00,-0.56,-269.47,0.01,-0.00,0.01,0.00,0.00,-0.00,7.00
55702.00,-0.21,1.26,0.55,-0.05,-0.07,-8.05,0.00,-0.56,-759.66,0.01,-0.00,0.01,-0.00,-0.00,0.00,8.00
55710.00,-0.21,1.26,0.58,-0.05,-0.07,3.88,0.00,-0.56,1491.18,0.01,-0.00,0.01,-0.01,-0.00,-0.00,7.00
55717.00,-0.21,1.26,0.57,-0.05,-0.07,-2.28,0.00,-0.56,-879.74,0.01,-0.00,0.01,-0.01,-0.00,-0.00,8.00
55725.00,-0.21,1.26,0.76,-0.05,-0.07,24.46,0.00,-0.56,3342.04,0.01,-0.00,0.01,-0.00,0.00,-0.00,5.00
55730.00,-0.22,1.27,0.62,-0.06,0.04,-28.45,-0.01,0.57,-10581.83,0.01,-0.00,0.01,-0.00,0.00,-0.00,8.00
55738.00,-0.22,1.27,0.66,-0.06,0.04,4.69,-0.01,0.57,4142.95,0.01,-0.00,0.01,-0.00,0.01,0.00,8.00
55746.00,-0.22,1.27,0.68,-0.06,0.04,2.38,-0.01,0.57,-288.56,0.01,-0.00,0.01,-0.00,0.00,0.00,8.00
55754.00,-0.22,1.27,0.68,-0.06,0.04,-0.02,-0.01,0.57,-300.34,0.01,-0.00,0.01,-0.00,0.00,0.00,5.00
55759.00,-0.22,1.27,0.70,-0.06,0.04,3.88,-0.01,0.57,779.57,0.01,-0.00,0.01,-0.00,-0.00,0.00,8.00
55767.00,-0.22,1.27,0.65,-0.06,0.04,-5.32,-0.01,0.57,-1149.24,0.01,-0.00,0.01,0.00,-0.01,0.00,8.00
55780.00,-0.22,1.27,0.57,-0.06,0.04,-6.42,-0.01,0.57,-84.88,0.01,-0.00,0.01,0.00,-0.00,0.00,18.00
55798.00,-0.22,1.27,0.60,-0.06,0.04,1.61,-0.01,0.57,446.37,0.01,-0.00,0.01,-0.00,-0.00,0.00,9.00
55807.00,-0.22,1.27,0.57,-0.06,0.04,-3.35,-0.01,0.57,-551.23,0.01,-0.00,0.01,0.00,0.00,0.00,7.00
55814.00,-0.22,1.27,0.47,-0.06,0.04,-14.37,-0.01,0.57,-1574.07,0.01,-0.00,0.01,0.00,0.00,-0.00,6.00
55820.00,-0.22,1.27,0.51,-0.06,0.04,6.49,-0.01,0.57,3475.71,0.01,-0.00,0.01,0.00,-0.00,-0.00,7.00
55827.00,-0.22,1.27,0.58,-0.06,0.04,11.03,-0.01,0.57,649.00,0.01,-0.00,0.01,-0.00,-0.00,0.00,6.00
55833.00,-0.22,1.27,0.53,-0.06,0.04,-8.38,-0.01,0.57,-3235.66,0.01,-0.00,0.01,0.00,0.00,0.00,5.00
55838.00,-0.22,1.27,0.49,-0.06,0.04,-8.89,-0.01,0.57,-101.14,0.01,-0.00,0.01,0.00,0.00,0.00,9.00
55847.00,-0.22,1.27,0.61,-0.06,0.04,12.94,-0.01,0.57,2425.15,0.01,-0.00,0.01,0.00,0.00,0.00,8.00
55855.00,-0.22,1.27,0.40,-0.06,0.04,-25.09,-0.01,0.57,-4753.24,0.01,-0.00,0.01,0.00,0.00,0.00,6.00
55865.00,-0.22,1.27,0.58,-0.06,0.04,17.67,-0.01,0.57,4276.24,0.01,-0.00,0.01,-0.00,0.01,0.00,7.00
55872.00,-0.22,1.27,0.53,-0.06,0.04,-6.80,-0.01,0.57,-3497.08,0.01,-0.00,0.01,-0.00,0.00,0.00,6.00
55878.00,-0.22,1.27,0.56,-0.06,0.04,4.76,-0.01,0.57,1926.75,0.01,-0.00,0.01,0.00,0.00,0.00,17.00
55895.00,-0.22,1.27,0.79,-0.06,0.04,13.40,-0.01,0.57,508.49,0.01,-0.00,0.01,-0.00,0.00,0.00,6.00
55901.00,-0.22,1.27,0.66,-0.06,0.04,-21.38,-0.01,0.57,-5796.60,0.01,-0.00,0.01,-0.00,-0.00,0.00,7.00
55908.00,-0.22,1.27,0.63,-0.06,0.04,-4.35,-0.01,0.57,2432.15,0.01,-0.00,0.01,-0.00,-0.00,0.00,9.00
55917.00,-0.22,1.27,0.68,-0.06,0.04,5.90,-0.01,0.57,1139.81,0.01,-0.00,0.01,-0.00,-0.00,0.00,7.00
55924.00,-0.22,1.27,0.65,-0.06,0.04,-4.40,-0.01,0.57,-1471.48,0.01,-0.00,0.01,-0.00,-0.00,-0.00,6.00
55930.00,-0.22,1.27,0.61,0.00,0.00,-7.20,0.28,-0.21,-467.61,0.01,-0.00,0.01,-0.00,-0.00,-0.00,6.00
55936.00,-0.22,1.27,0.55,0.00,0.00,-9.61,0.28,-0.21,-400.77,0.01,-0.00,0.01,-0.00,0.00,0.00,8.00
55953.00,-0.22,1.27,0.48,0.00,0.00,-4.42,0.28,-0.21,304.99,0.01,-0.00,0.01,0.00,0.01,0.00,7.00
55960.00,-0.22,1.27,0.49,0.00,0.00,2.27,0.28,-0.21,955.76,0.01,-0.00,0.01,0.00,0.01,0.00,7.00
55967.00,-0.22,1.27,0.50,0.00,0.00,1.62,0.28,-0.21,-93.01,0.01,-0.00,0.01,-0.00,0.01,0.01,9.00
55976.00,-0.22,1.27,0.57,0.00,0.00,6.69,0.28,-0.21,563.91,0.01,-0.00,0.01,-0.00,0.00,0.00,5.00
55981.00,-0.22,1.27,0.62,0.00,0.00,10.53,0.28,-0.21,768.22,0.01,-0.00,0.01,-0.00,0.00,0.00,17.00
55998.00,-0.22,1.27,0.49,0.00,0.00,-7.63,0.28,-0.21,-1068.38,0.01,-0.00,0.01,-0.00,0.01,0.00,8.00
56006.00,-0.22,1.27,0.65,0.00,0.00,19.62,0.28,-0.21,3406.39,0.01,-0.00,0.01,-0.00,0.00,0.00,6.00
56012.00,-0.22,1.27,0.45,0.00,0.00,-32.72,0.28,-0.21,-8724.23,0.01,-0.00,0.01,0.00,-0.00,-0.00,7.00
56019.00,-0.22,1.27,0.41,0.00,0.00,-4.83,0.28,-0.21,3985.20,0.01,-0.00,0.01,0.00,-0.01,-0.00,8.00
56027.00,-0.22,1.27,0.49,0.00,0.00,8.81,0.28,-0.21,1704.15,0.01,-0.00,0.01,0.00,-0.00,-0.01,6.00
56038.00,-0.22,1.27,0.46,0.00,0.00,-2.12,0.28,-0.21,-993.43,0.01,-0.00,0.01,-0.00,0.01,-0.01,9.00
56047.00,-0.22,1.27,0.38,0.00,0.00,-9.55,0.28,-0.21,-825.12,0.01,-0.00,0.01,0.00,0.01,0.01,8.00
56055.00,-0.22,1.27,0.47,0.00,0.00,11.55,0.28,-0.21,2637.28,0.01,-0.00,0.01,-0.00,0.01,0.04,6.00
56061.00,-0.22,1.27,0.41,0.00,0.00,-9.82,0.28,-0.21,-3561.26,0.01,-0.00,0.01,-0.01,0.01,0.04,7.00
56068.00,-0.22,1.27,0.46,0.00,0.00,7.25,0.28,-0.21,2438.76,0.01,-0.00,0.01,-0.01,0.01,0.05,19.00
56087.00,-0.22,1.27,0.53,0.00,0.00,3.80,0.28,-0.21,-181.97,0.01,-0.00,0.01,-0.02,-0.01,-0.02,8.00
56095.00,-0.22,1.27,0.50,0.00,0.00,-4.35,0.28,-0.21,-1018.52,0.01,-0.00,0.01,-0.02,0.00,-0.05,5.00
56100.00,-0.22,1.27,0.53,0.00,0.00,6.82,0.28,-0.21,2233.27,0.01,-0.00,0.01,-0.02,0.00,-0.05,8.00
56108.00,-0.22,1.27,0.62,0.00,0.00,11.31,0.28,-0.21,562.44,0.01,-0.00,0.01,-0.01,0.00,-0.04,9.00
56117.00,-0.22,1.27,0.55,0.00,0.00,-8.10,0.28,-0.21,-2157.73,0.01,-0.00,0.01,0.00,0.00,0.01,7.00
56129.00,-0.22,1.27,0.61,0.00,0.00,4.74,0.28,-0.21,1070.70,0.01,-0.00,0.01,0.01,0.01,0.06,7.00
56136.00,-0.23,1.26,0.58,-0.05,-0.03,-3.22,-0.26,-0.16,-1137.99,0.01,-0.00,0.01,0.01,0.03,0.06,5.00
56141.00,-0.23,1.26,0.61,-0.05,-0.03,5.48,-0.26,-0.16,1740.47,0.01,-0.00,0.01,0.01,0.03,0.06,6.00
56147.00,-0.23,1.26,0.54,-0.05,-0.03,-11.66,-0.26,-0.16,-2856.69,0.01,-0.00,0.01,0.01,0.03,0.02,7.00
56154.00,-0.23,1.26,0.52,-0.05,-0.03,-3.56,-0.26,-0.16,1156.78,0.01,-0.00,0.01,0.00,0.02,-0.01,6.00
56160.00,-0.23,1.26,0.50,-0.05,-0.03,-3.37,-0.26,-0.16,31.36,0.01,-0.00,0.01,-0.01,0.00,-0.03,8.00
56168.00,-0.23,1.26,0.55,-0.05,-0.03,7.32,-0.26,-0.16,1336.33,0.01,-0.00,0.01,-0.01,-0.01,-0.04,18.00
56186.00,-0.23,1.26,0.51,-0.05,-0.03,-2.31,-0.26,-0.16,-534.81,0.01,-0.00,0.01,-0.01,0.00,0.02,7.00
56193.00,-0.23,1.26,0.49,-0.05,-0.03,-3.29,-0.26,-0.16,-140.03,0.01,-0.00,0.01,-0.01,0.02,0.03,6.00
56199.00,-0.23,1.26,0.48,-0.05,-0.03,-1.72,-0.26,-0.16,260.95,0.01,-0.00,0.01,-0.01,0.03,0.04,9.00
56213.00,-0.23,1.26,0.52,-0.05,-0.03,2.72,-0.26,-0.16,317.65,0.01,-0.00,0.01,-0.01,0.02,0.03,8.00
56221.00,-0.23,1.26,0.64,-0.05,-0.03,15.53,-0.26,-0.16,1600.75,0.01,-0.00,0.01,-0.00,0.01,0.01,7.00
56228.00,-0.23,1.26,0.59,-0.05,-0.03,-7.89,-0.26,-0.16,-3345.87,0.01,-0.00,0.01,0.00,-0.00,-0.02,6.00
56234.00,-0.23,1.26,0.48,-0.05,-0.03,-17.27,-0.26,-0.16,-1563.42,0.01,-0.00,0.01,-0.00,-0.02,-0.03,5.00
56239.00,-0.23,1.26,0.45,-0.05,-0.03,-7.10,-0.26,-0.16,2033.85,0.01,-0.00,0.01,-0.00,-0.03,-0.03,6.00
56245.00,-0.23,1.26,0.48,-0.05,-0.03,5.75,-0.26,-0.16,2143.15,0.01,-0.00,0.01,-0.00,-0.02,-0.01,5.00
56250.00,-0.23,1.26,0.47,-0.05,-0.03,-2.21,-0.26,-0.16,-1592.92,0.01,-0.00,0.01,-0.00,-0.02,-0.01,9.00
56259.00,-0.23,1.26,0.47,-0.05,-0.03,-0.60,-0.26,-0.16,178.93,0.01,-0.00,0.01,0.01,0.00,0.01,9.00
56268.00,-0.23,1.26,0.49,-0.05,-0.03,2.45,-0.26,-0.16,339.20,0.01,-0.00,0.01,0.01,0.03,0.02,18.00
56286.00,-0.23,1.26,0.42,-0.05,-0.03,-3.64,-0.26,-0.16,-338.33,0.01,-0.00,0.01,0.00,0.00,-0.00,5.00
56296.00,-0.23,1.26,0.48,-0.05,-0.03,6.14,-0.26,-0.16,977.64,0.01,-0.00,0.01,0.00,-0.02,-0.02,6.00
56302.00,-0.23,1.26,0.50,-0.05,-0.03,1.99,-0.26,-0.16,-691.31,0.01,-0.00,0.01,0.00,-0.03,-0.02,7.00
56309.00,-0.23,1.26,0.47,-0.05,-0.03,-4.13,-0.26,-0.16,-875.24,0.01,-0.00,0.01,0.01,-0.03,-0.02,9.00
56318.00,-0.23,1.26,0.46,-0.05,-0.03,-0.75,-0.26,-0.16,375.66,0.01,-0.00,0.01,-0.00,-0.02,-0.02,8.00
56326.00,-0.23,1.26,0.48,-0.05,-0.03,2.04,-0.26,-0.16,348.98,0.01,-0.00,0.01,-0.01,0.00,0.00,6.00
56332.00,-0.23,1.26,0.44,-0.05,-0.03,-5.96,-0.26,-0.16,-1333.50,0.01,-0.00,0.01,-0.01,0.00,0.01,7.00
56339.00,-0.23,1.25,0.42,0.00,-0.04,-2.79,0.27,-0.02,453.85,0.01,-0.00,0.01,-0.00,0.01,0.01,9.00
56348.00,-0.23,1.25,0.49,0.00,-0.04,7.54,0.27,-0.02,1146.75,0.01,-0.00,0.01,0.00,-0.01,0.01,7.00
56355.00,-0.23,1.25,0.56,0.00,-0.04,9.56,0.27,-0.02,289.51,0.01,-0.00,0.01,0.00,-0.01,0.00,6.00
56361.00,-0.23,1.25,0.43,0.00,-0.04,-20.26,0.27,-0.02,-4971.08,0.01,-0.00,0.01,0.00,-0.01,0.00,7.00
56373.00,-0.23,1.25,0.61,0.00,-0.04,14.71,0.27,-0.02,2914.88,0.01,-0.00,0.01,0.00,0.01,-0.00,17.00
56390.00,-0.23,1.25,0.47,0.00,-0.04,-8.27,0.27,-0.02,-1352.01,0.01,-0.00,0.01,-0.00,0.02,0.00,9.00
56399.00,-0.23,1.25,0.50,0.00,-0.04,3.65,0.27,-0.02,1324.62,0.01,-0.00,0.01,0.00,0.01,0.01,9.00
56408.00,-0.23,1.25,0.46,0.00,-0.04,-5.05,0.27,-0.02,-966.71,0.01,-0.00,0.01,0.01,-0.01,0.00,8.00
56416.00,-0.23,1.25,0.51,0.00,-0.04,6.00,0.27,-0.02,1381.50,0.01,-0.00,0.01,-0.02,0.00,0.01,5.00
56421.00,-0.23,1.25,0.47,0.00,-0.04,-6.98,0.27,-0.02,-2596.52,0.01,-0.00,0.01,-0.02,0.00,0.01,8.00
56429.00,-0.23,1.25,0.47,0.00,-0.04,-0.09,0.27,-0.02,861.67,0.01,-0.00,0.01,-0.02,0.03,0.01,5.00
56434.00,-0.23,1.25,0.49,0.00,-0.04,4.41,0.27,-0.02,899.98,0.01,-0.00,0.01,-0.00,0.02,0.01,7.00
56441.00,-0.23,1.25,0.52,0.00,-0.04,3.29,0.27,-0.02,-159.92,0.01,-0.00,0.01,0.01,0.02,0.01,8.00
56449.00,-0.23,1.25,0.54,0.00,-0.04,3.08,0.27,-0.02,-26.97,0.01,-0.00,0.01,0.01,-0.01,0.01,8.00
56462.00,-0.23,1.25,0.56,0.00,-0.04,1.88,0.27,-0.02,-92.54,0.01,-0.00,0.01,-0.02,-0.02,-0.01,9.00
56471.00,-0.23,1.25,0.52,0.00,-0.04,-5.11,0.27,-0.02,-775.59,0.01,-0.00,0.01,-0.02,-0.01,-0.02,8.00
56479.00,-0.23,1.25,0.58,0.00,-0.04,7.89,0.27,-0.02,1625.03,0.01,-0.00,0.01,0.02,0.00,-0.01,15.00
56494.00,-0.23,1.25,0.52,0.00,-0.04,-3.89,0.27,-0.02,-785.42,0.01,-0.00,0.01,-0.01,0.01,0.01,7.00
56501.00,-0.23,1.25,0.48,0.00,-0.04,-6.32,0.27,-0.02,-347.13,0.01,-0.00,0.01,-0.02,0.01,0.01,8.00
56509.00,-0.23,1.25,0.51,0.00,-0.04,3.73,0.27,-0.02,1256.31,0.01,-0.00,0.01,0.00,0.01,0.00,8.00
56517.00,-0.23,1.25,0.38,0.00,-0.04,-16.42,0.27,-0.02,-2519.50,0.01,-0.00,0.01,0.03,-0.01,-0.01,5.00
56522.00,-0.23,1.25,0.40,0.00,-0.04,5.14,0.27,-0.02,4311.47,0.01,-0.00,0.01,0.02,-0.02,-0.01,8.00
56530.00,-0.23,1.25,0.48,0.00,-0.04,9.29,0.27,-0.02,519.36,0.01,-0.00,0.01,0.01,-0.03,-0.01,5.00
56535.00,-0.23,1.25,0.40,0.00,-0.04,-15.30,0.27,-0.02,-4918.03,0.01,-0.00,0.01,-0.01,-0.01,-0.01,6.00
56546.00,-0.24,1.25,0.48,-0.05,0.00,7.21,-0.26,0.20,2046.41,0.01,-0.00,0.01,-0.00,0.02,0.00,7.00
56553.00,-0.24,1.25,0.43,-0.05,0.00,-6.56,-0.26,0.20,-1967.95,0.01,-0.00,0.01,0.00,0.02,0.00,7.00
56560.00,-0.24,1.25,0.46,-0.05,0.00,3.58,-0.26,0.20,1448.94,0.01,-0.00,0.01,0.01,0.03,0.01,9.00
56569.00,-0.24,1.25,0.45,-0.05,0.00,-1.56,-0.26,0.20,-570.72,0.01,-0.00,0.01,-0.00,0.03,0.01,8.00
56577.00,-0.24,1.25,0.48,-0.05,0.00,3.74,-0.26,0.20,661.97,0.01,-0.00,0.01,-0.02,0.00,0.01,15.00
56592.00,-0.24,1.25,0.46,-0.05,0.00,-0.92,-0.26,0.20,-310.52,0.01,-0.00,0.01,0.00,-0.00,0.01,8.00
56600.00,-0.24,1.25,0.48,-0.05,0.00,1.93,-0.26,0.20,356.40,0.01,-0.00,0.01,0.01,0.01,0.01,9.00
56609.00,-0.24,1.25,0.55,-0.05,0.00,7.67,-0.26,0.20,638.04,0.01,-0.00,0.01,-0.00,0.02,0.01,7.00
56616.00,-0.24,1.25,0.60,-0.05,0.00,7.39,-0.26,0.20,-40.14,0.01,-0.00,0.01,-0.02,0.03,0.02,5.00
56621.00,-0.24,1.25,0.58,-0.05,0.00,-3.66,-0.26,0.20,-2210.24,0.01,-0.00,0.01,-0.02,0.03,0.02,9.00
56639.00,-0.24,1.25,0.56,-0.05,0.00,-0.91,-0.26,0.20,152.60,0.01,-0.00,0.01,0.01,0.02,0.01,9.00
56648.00,-0.24,1.25,0.42,-0.05,0.00,-16.03,-0.26,0.20,-1679.25,0.01,0.00,0.01,0.00,0.02,0.01,5.00
56653.00,-0.24,1.25,0.54,-0.05,0.00,23.40,-0.26,0.20,7885.68,0.01,0.00,0.01,0.00,0.01,0.01,8.00
56661.00,-0.24,1.25,0.53,-0.05,0.00,-1.03,-0.26,0.20,-3053.50,0.01,0.00,0.01,-0.01,0.01,0.01,8.00
56669.00,-0.24,1.25,0.47,-0.05,0.00,-6.60,-0.26,0.20,-696.43,0.01,0.00,0.01,-0.00,0.02,0.01,17.00
56686.00,-0.24,1.25,0.43,-0.05,0.00,-2.81,-0.26,0.20,222.51,0.01,0.00,0.01,0.01,0.02,0.01,6.00
56692.00,-0.24,1.25,0.42,-0.05,0.00,-0.58,-0.26,0.20,373.01,0.01,0.00,0.01,0.01,0.02,0.01,8.00
56700.00,-0.24,1.25,0.52,-0.05,0.00,11.51,-0.26,0.20,1510.87,0.01,0.00,0.01,-0.00,0.02,0.00,8.00
56708.00,-0.24,1.25,0.51,-0.05,0.00,-0.59,-0.26,0.20,-1512.95,0.01,0.00,0.01,0.00,0.03,0.01,5.00
56713.00,-0.24,1.25,0.38,-0.05,0.00,-25.69,-0.26,0.20,-5019.30,0.01,0.00,0.01,0.00,0.03,0.01,8.00
56725.00,-0.24,1.25,0.51,-0.05,0.00,10.56,-0.26,0.20,3021.15,0.01,0.00,0.01,0.01,0.02,0.01,8.00
56733.00,-0.24,1.25,0.51,-0.05,0.00,0.55,-0.26,0.20,-1251.33,0.01,0.00,0.01,0.00,0.02,0.01,5.00
56738.00,-0.24,1.25,0.51,-0.05,0.00,-1.04,-0.26,0.20,-318.91,0.01,0.00,0.01,-0.01,0.02,0.01,7.00
56745.00,-0.24,1.25,0.48,-0.05,0.00,-3.95,-0.26,0.20,-415.99,0.01,0.00,0.01,-0.01,0.02,0.01,6.00
56751.00,-0.26,1.27,0.51,-0.05,0.08,5.68,-0.00,0.36,1604.78,0.01,0.00,0.01,-0.00,0.02,0.01,9.00
56760.00,-0.26,1.27,0.41,-0.05,0.08,-11.72,-0.00,0.36,-1932.46,0.01,0.00,0.01,0.00,0.02,0.01,7.00
56767.00,-0.26,1.27,0.43,-0.05,0.08,3.38,-0.00,0.36,2157.00,0.01,0.00,0.01,-0.00,0.02,0.01,16.00
56783.00,-0.26,1.27,0.34,-0.05,0.08,-5.94,-0.00,0.36,-582.47,0.01,0.00,0.01,-0.01,0.03,0.01,6.00
56789.00,-0.26,1.27,0.40,-0.05,0.08,10.84,-0.00,0.36,2796.05,0.01,0.00,0.01,-0.00,0.04,0.02,5.00
56794.00,-0.26,1.27,0.39,-0.05,0.08,-2.53,-0.00,0.36,-2673.94,0.01,0.00,0.01,-0.00,0.04,0.02,6.00
56805.00,-0.26,1.27,0.39,-0.05,0.08,-0.46,-0.00,0.36,188.04,0.01,0.00,0.01,0.00,0.03,0.02,7.00
56812.00,-0.26,1.27,0.37,-0.05,0.08,-2.53,-0.00,0.36,-294.85,0.01,0.00,0.01,0.00,0.03,0.01,8.00
56820.00,-0.26,1.27,0.38,-0.05,0.08,1.72,-0.00,0.36,530.89,0.01,0.00,0.01,0.00,0.03,0.01,9.00
56829.00,-0.26,1.27,0.44,-0.05,0.08,6.39,-0.00,0.36,519.27,0.01,0.00,0.01,0.02,0.01,0.01,5.00
56834.00,-0.26,1.27,0.40,-0.05,0.08,-7.38,-0.00,0.36,-2755.36,0.01,0.00,0.01,0.02,0.01,0.01,6.00
56840.00,-0.26,1.27,0.40,-0.05,0.08,-0.44,-0.00,0.36,1156.89,0.01,0.00,0.01,0.05,-0.00,-0.01,5.00
56845.00,-0.26,1.27,0.36,-0.05,0.08,-7.12,-0.00,0.36,-1335.14,0.01,0.00,0.01,0.05,-0.00,-0.01,6.00
56851.00,-0.26,1.27,0.46,-0.05,0.08,16.90,-0.00,0.36,4002.80,0.01,0.00,0.01,0.05,0.00,-0.01,9.00
56860.00,-0.26,1.27,0.39,-0.05,0.08,-8.16,-0.00,0.36,-2784.78,0.01,0.00,0.01,-0.00,0.04,-0.01,7.00
56867.00,-0.26,1.27,0.34,-0.05,0.08,-7.55,-0.00,0.36,87.88,0.01,0.00,0.01,-0.03,0.05,0.03,5.00
56877.00,-0.26,1.27,0.32,-0.05,0.08,-1.58,-0.00,0.36,596.89,0.01,0.01,0.01,-0.06,0.05,0.02,16.00
56893.00,-0.26,1.27,0.39,-0.05,0.08,4.28,-0.00,0.36,366.37,0.01,0.01,0.01,-0.02,0.02,0.01,6.00
56899.00,-0.26,1.27,0.43,-0.05,0.08,6.81,-0.00,0.36,421.20,0.01,0.01,0.01,-0.03,-0.00,0.00,7.00
56906.00,-0.26,1.27,0.38,-0.05,0.08,-7.77,-0.00,0.36,-2082.42,0.01,0.01,0.01,-0.02,-0.03,0.00,7.00
56913.00,-0.26,1.27,0.28,-0.05,0.08,-13.59,-0.00,0.36,-832.01,0.01,0.01,0.01,0.00,-0.04,-0.01,7.00
56920.00,-0.26,1.27,0.47,-0.05,0.08,26.24,-0.00,0.36,5690.71,0.01,0.00,0.01,0.02,-0.05,-0.02,9.00
56929.00,-0.26,1.27,0.43,-0.05,0.08,-4.14,-0.00,0.36,-3375.84,0.01,0.00,0.01,0.01,-0.01,-0.03,5.00
56934.00,-0.26,1.27,0.26,-0.05,0.08,-33.65,-0.00,0.36,-5902.89,0.01,0.00,0.01,0.01,-0.01,-0.03,6.00
56940.00,-0.26,1.27,0.47,-0.05,0.08,34.65,-0.00,0.36,11383.83,0.01,0.01,0.01,-0.03,0.05,-0.00,5.00
56945.00,-0.26,1.27,0.42,-0.05,0.08,-10.26,-0.00,0.36,-8982.72,0.01,0.01,0.01,-0.03,0.04,0.00,6.00
56956.00,-0.27,1.28,0.29,-0.05,0.04,-11.92,0.00,-0.18,-150.67,0.01,0.01,0.01,-0.01,-0.00,0.02,7.00
56963.00,-0.27,1.28,0.29,-0.05,0.04,0.56,0.00,-0.18,1782.30,0.01,0.00,0.01,0.01,-0.04,0.01,8.00
56971.00,-0.27,1.28,0.40,-0.05,0.04,13.44,0.00,-0.18,1610.40,0.01,0.00,0.01,0.03,-0.06,-0.01,18.00
56989.00,-0.27,1.28,0.34,-0.05,0.04,-3.25,0.00,-0.18,-926.92,0.01,0.00,0.01,-0.04,-0.01,-0.01,6.00
56995.00,-0.27,1.28,0.33,-0.05,0.04,-1.63,0.00,-0.18,269.20,0.01,0.00,0.01,-0.03,0.00,-0.00,6.00
57001.00,-0.27,1.28,0.33,-0.05,0.04,-0.24,0.00,-0.18,232.08,0.01,0.00,0.01,0.01,0.03,0.01,9.00
57010.00,-0.27,1.28,0.35,-0.05,0.04,2.61,0.00,-0.18,316.86,0.01,0.01,0.01,0.04,0.06,-0.00,8.00
57018.00,-0.27,1.28,0.39,-0.05,0.04,4.84,0.00,-0.18,278.58,0.01,0.01,0.01,0.01,0.03,-0.01,5.00
57023.00,-0.27,1.28,0.41,-0.05,0.04,3.07,0.00,-0.18,-355.34,0.01,0.01,0.01,0.01,0.01,-0.01,8.00
57031.00,-0.27,1.28,0.34,-0.05,0.04,-8.62,0.00,-0.18,-1460.43,0.01,0.01,0.01,-0.00,-0.03,-0.01,6.00
57042.00,-0.27,1.28,0.29,-0.05,0.04,-3.94,0.00,-0.18,424.94,0.01,0.00,0.01,0.00,-0.06,0.00,6.00
57048.00,-0.27,1.28,0.29,-0.05,0.04,0.06,0.00,-0.18,666.56,0.01,0.00,0.01,-0.00,-0.03,0.01,5.00
57053.00,-0.27,1.28,0.33,-0.05,0.04,7.71,0.00,-0.18,1530.45,0.01,0.00,0.01,-0.00,-0.01,0.01,8.00
57061.00,-0.27,1.28,0.25,-0.05,0.04,-9.99,0.00,-0.18,-2212.88,0.01,0.00,0.01,0.00,0.04,0.01,9.00
57070.00,-0.27,1.28,0.19,-0.05,0.04,-7.08,0.00,-0.18,323.73,0.01,0.00,0.01,0.00,0.05,0.00,16.00
57086.00,-0.27,1.28,0.28,-0.05,0.04,5.42,0.00,-0.18,781.22,0.01,0.00,0.01,-0.01,-0.00,-0.01,7.00
57093.00,-0.27,1.28,0.30,-0.05,0.04,3.26,0.00,-0.18,-308.18,0.01,0.00,0.01,-0.01,-0.02,-0.01,8.00
57101.00,-0.27,1.28,0.35,-0.05,0.04,5.87,0.00,-0.18,326.06,0.01,0.00,0.01,0.00,-0.04,-0.01,8.00
57109.00,-0.27,1.28,0.32,-0.05,0.04,-3.25,0.00,-0.18,-1140.37,0.01,0.00,0.01,0.01,-0.03,0.00,6.00
57115.00,-0.27,1.28,0.30,-0.05,0.04,-2.89,0.00,-0.18,60.93,0.01,0.00,0.01,0.00,-0.01,0.01,7.00
57127.00,-0.27,1.28,0.41,-0.05,0.04,9.12,0.00,-0.18,1000.29,0.01,0.00,0.01,0.00,0.03,0.02,7.00
57134.00,-0.27,1.28,0.46,-0.05,0.04,7.43,0.00,-0.18,-240.86,0.01,0.00,0.01,0.00,0.04,0.02,5.00
57139.00,-0.27,1.28,0.34,-0.05,0.04,-25.22,0.00,-0.18,-6529.59,0.01,0.01,0.01,0.02,0.04,0.00,6.00
57145.00,-0.27,1.28,0.38,-0.05,0.04,7.21,0.00,-0.18,5404.59,0.01,0.01,0.01,0.02,0.04,0.00,5.00
57150.00,-0.27,1.28,0.49,-0.05,0.04,21.59,0.00,-0.18,2876.41,0.01,0.01,0.01,0.00,0.01,-0.02,8.00
57158.00,-0.27,1.29,0.37,0.00,0.08,-14.25,0.27,0.17,-4479.99,0.01,0.01,0.01,-0.01,-0.02,-0.02,5.00
57163.00,-0.27,1.29,0.47,0.00,0.08,19.31,0.27,0.17,6711.20,0.01,0.01,0.01,-0.01,-0.02,-0.02,18.00
57181.00,-0.27,1.29,0.43,0.00,0.08,-2.12,0.27,0.17,-1190.18,0.01,0.01,0.01,0.01,0.02,0.02,6.00
57187.00,-0.27,1.29,0.36,0.00,0.08,-11.74,0.27,0.17,-1604.78,0.01,0.01,0.01,0.01,0.04,0.02,5.00
57192.00,-0.27,1.29,0.32,0.00,0.08,-8.53,0.27,0.17,642.30,0.01,0.01,0.01,0.01,0.05,0.03,6.00
57203.00,-0.27,1.29,0.46,0.00,0.08,12.49,0.27,0.17,1910.81,0.01,0.01,0.01,0.02,0.03,0.01,9.00
57212.00,-0.27,1.29,0.39,0.00,0.08,-7.06,0.27,0.17,-2172.03,0.01,0.01,0.01,0.02,-0.01,-0.01,8.00
57220.00,-0.27,1.29,0.41,0.00,0.08,1.78,0.27,0.17,1105.64,0.01,0.01,0.01,-0.00,-0.01,-0.02,8.00
57228.00,-0.27,1.29,0.40,0.00,0.08,-0.95,0.27,0.17,-342.19,0.01,0.01,0.01,-0.01,0.01,-0.02,5.00
57233.00,-0.27,1.29,0.35,0.00,0.08,-10.41,0.27,0.17,-1890.04,0.01,0.01,0.01,-0.01,0.01,-0.02,7.00
57240.00,-0.27,1.29,0.39,0.00,0.08,5.43,0.27,0.17,2261.74,0.01,0.01,0.01,0.00,0.03,0.00,5.00
57245.00,-0.27,1.29,0.33,0.00,0.08,-11.79,0.27,0.17,-3444.12,0.01,0.01,0.01,0.00,0.03,0.00,6.00
57251.00,-0.27,1.29,0.27,0.00,0.08,-10.11,0.27,0.17,280.75,0.01,0.01,0.01,0.00,0.01,0.02,7.00
57258.00,-0.27,1.29,0.34,0.00,0.08,10.88,0.27,0.17,2998.16,0.01,0.01,0.01,-0.01,-0.01,0.02,6.00
57264.00,-0.27,1.29,0.37,0.00,0.08,5.37,0.27,0.17,-917.29,0.01,0.01,0.01,-0.01,-0.02,0.01,7.00
57276.00,-0.27,1.29,0.31,0.00,0.08,-5.50,0.27,0.17,-906.14,0.01,0.01,0.01,-0.01,-0.03,-0.01,18.00
57294.00,-0.27,1.29,0.29,0.00,0.08,-0.93,0.27,0.17,254.08,0.01,0.01,0.01,-0.01,0.00,-0.01,8.00
57302.00,-0.27,1.29,0.36,0.00,0.08,8.25,0.27,0.17,1146.41,0.01,0.01,0.01,-0.01,0.02,-0.00,9.00
57311.00,-0.27,1.29,0.36,0.00,0.08,0.29,0.27,0.17,-883.55,0.01,0.01,0.01,-0.00,0.02,-0.00,6.00
57317.00,-0.27,1.29,0.34,0.00,0.08,-4.20,0.27,0.17,-749.52,0.01,0.01,0.01,-0.00,-0.00,0.00,6.00
57323.00,-0.27,1.29,0.31,0.00,0.08,-3.77,0.27,0.17,71.91,0.01,0.01,0.01,-0.00,-0.01,0.01,9.00
57332.00,-0.27,1.29,0.40,0.00,0.08,9.54,0.27,0.17,1478.64,0.01,0.01,0.01,-0.01,-0.03,0.00,5.00
57337.00,-0.27,1.29,0.41,0.00,0.08,1.42,0.27,0.17,-1622.73,0.01,0.01,0.01,-0.01,-0.04,0.00,6.00
57343.00,-0.27,1.29,0.33,0.00,0.08,-11.98,0.27,0.17,-2233.56,0.01,0.01,0.01,-0.00,-0.04,-0.01,5.00
57348.00,-0.27,1.29,0.40,0.00,0.08,13.13,0.27,0.17,5022.66,0.01,0.01,0.01,-0.00,-0.01,-0.01,6.00
57363.00,-0.27,1.31,0.41,0.00,0.07,0.62,0.00,-0.01,-834.26,0.01,0.01,0.01,-0.01,0.03,-0.01,19.00
57382.00,-0.27,1.31,0.43,0.00,0.07,1.07,0.00,-0.01,23.51,0.01,0.01,0.01,0.01,-0.00,0.01,6.00
57388.00,-0.27,1.31,0.26,0.00,0.07,-28.63,0.00,-0.01,-4949.50,0.01,0.01,0.01,0.00,-0.02,-0.00,5.00
57393.00,-0.27,1.31,0.34,0.00,0.07,16.10,0.00,-0.01,8946.04,0.01,0.01,0.01,-0.00,-0.02,-0.01,6.00
57399.00,-0.27,1.31,0.30,0.00,0.07,-6.91,0.00,-0.01,-3834.34,0.01,0.01,0.01,-0.01,-0.02,-0.01,5.00
57404.00,-0.27,1.31,0.31,0.00,0.07,2.91,0.00,-0.01,1964.14,0.01,0.01,0.01,-0.00,-0.01,-0.01,9.00
57413.00,-0.27,1.31,0.25,0.00,0.07,-7.27,0.00,-0.01,-1131.91,0.01,0.01,0.01,0.01,-0.01,0.00,8.00
57421.00,-0.27,1.31,0.39,0.00,0.07,18.02,0.00,-0.01,3162.02,0.01,0.01,0.01,0.01,0.01,0.01,8.00
57429.00,-0.27,1.31,0.36,0.00,0.07,-3.75,0.00,-0.01,-2721.03,0.01,0.01,0.01,-0.01,0.02,0.01,5.00
57434.00,-0.27,1.31,0.38,0.00,0.07,4.83,0.00,-0.01,1715.54,0.01,0.01,0.01,-0.01,0.02,0.01,6.00
57445.00,-0.27,1.31,0.32,0.00,0.07,-5.81,0.00,-0.01,-967.84,0.01,0.01,0.01,-0.00,0.01,-0.00,9.00
57454.00,-0.27,1.31,0.26,0.00,0.07,-6.78,0.00,-0.01,-107.70,0.01,0.01,0.01,0.01,-0.01,-0.01,8.00
57462.00,-0.27,1.31,0.31,0.00,0.07,6.35,0.00,-0.01,1641.20,0.01,0.01,0.01,0.01,-0.01,-0.01,6.00
57468.00,-0.27,1.31,0.29,0.00,0.07,-2.65,0.00,-0.01,-1499.63,0.01,0.01,0.01,-0.00,0.00,-0.00,6.00
57474.00,-0.27,1.31,0.31,0.00,0.07,2.55,0.00,-0.01,867.28,0.01,0.01,0.01,-0.00,0.00,-0.00,16.00
57490.00,-0.27,1.31,0.37,0.00,0.07,3.67,0.00,-0.01,69.69,0.01,0.01,0.01,0.02,0.03,0.02,6.00
57496.00,-0.27,1.31,0.38,0.00,0.07,2.17,0.00,-0.01,-249.23,0.01,0.01,0.01,0.02,0.03,0.02,5.00
57501.00,-0.27,1.31,0.24,0.00,0.07,-28.39,0.00,-0.01,-6112.56,0.01,0.01,0.01,0.01,0.02,0.02,7.00
57508.00,-0.27,1.31,0.28,0.00,0.07,5.67,0.00,-0.01,4865.11,0.01,0.01,0.01,0.00,0.01,0.01,6.00
57514.00,-0.27,1.31,0.39,0.00,0.07,19.33,0.00,-0.01,2277.19,0.01,0.01,0.01,-0.00,0.01,0.01,8.00
57527.00,-0.27,1.31,0.37,0.00,0.07,-2.01,0.00,-0.01,-1641.27,0.01,0.01,0.01,0.01,0.01,-0.01,8.00
57535.00,-0.27,1.31,0.46,0.00,0.07,11.93,0.00,-0.01,1742.24,0.01,0.01,0.01,0.01,0.01,-0.02,6.00
57541.00,-0.27,1.31,0.35,0.00,0.07,-18.44,0.00,-0.01,-5061.71,0.01,0.01,0.01,0.01,0.00,0.00,8.00
57549.00,-0.27,1.31,0.33,0.00,0.07,-2.38,0.00,-0.01,2008.02,0.01,0.01,0.01,-0.00,0.00,0.01,5.00
57554.00,-0.27,1.31,0.37,0.00,0.07,7.02,0.00,-0.01,1880.21,0.01,0.01,0.01,-0.00,0.00,0.01,9.00
57563.00,-0.27,1.32,0.42,0.00,0.04,6.04,0.00,-0.18,-108.95,0.01,0.01,0.01,-0.01,-0.00,0.01,7.00
57570.00,-0.27,1.32,0.39,0.00,0.04,-4.10,0.00,-0.18,-1448.63,0.01,0.01,0.01,-0.01,-0.01,0.00,15.00
57585.00,-0.27,1.32,0.40,0.00,0.04,0.01,0.00,-0.18,273.76,0.01,0.01,0.01,-0.00,-0.02,0.00,8.00
57593.00,-0.27,1.32,0.39,0.00,0.04,-0.20,0.00,-0.18,-26.60,0.01,0.01,0.01,-0.01,-0.02,-0.01,8.00
57601.00,-0.27,1.32,0.40,0.00,0.04,1.07,0.00,-0.18,159.13,0.01,0.01,0.01,-0.02,-0.00,-0.01,8.00
57614.00,-0.27,1.32,0.31,0.00,0.04,-7.39,0.00,-0.18,-650.58,0.01,0.01,0.01,-0.00,0.00,-0.01,9.00
57623.00,-0.27,1.32,0.36,0.00,0.04,6.19,0.00,-0.18,1508.45,0.01,0.01,0.01,-0.00,-0.01,0.00,9.00
57632.00,-0.27,1.32,0.34,0.00,0.04,-2.38,0.00,-0.18,-952.26,0.01,0.01,0.01,-0.00,-0.02,0.00,5.00
57637.00,-0.27,1.32,0.26,0.00,0.04,-16.27,0.00,-0.18,-2776.94,0.01,0.01,0.01,-0.01,-0.01,-0.00,7.00
57644.00,-0.27,1.32,0.35,0.00,0.04,13.37,0.00,-0.18,4234.24,0.01,0.01,0.01,-0.01,-0.01,-0.01,8.00
57652.00,-0.27,1.32,0.31,0.00,0.04,-4.94,0.00,-0.18,-2289.71,0.01,0.01,0.01,0.00,-0.01,-0.01,7.00
57659.00,-0.27,1.32,0.35,0.00,0.04,5.35,0.00,-0.18,1470.37,0.01,0.01,0.01,0.01,-0.01,-0.01,6.00
57665.00,-0.27,1.32,0.24,0.00,0.04,-18.53,0.00,-0.18,-3979.51,0.01,0.01,0.01,0.00,0.00,0.00,3.00
57668.00,-0.27,1.32,0.34,0.00,0.04,32.87,0.00,-0.18,17134.55,0.01,0.01,0.01,-0.00,-0.01,-0.00,16.00
57684.00,-0.27,1.32,0.23,0.00,0.04,-6.57,0.00,-0.18,-2465.35,0.01,0.01,0.01,-0.01,-0.00,0.01,6.00
57695.00,-0.27,1.32,0.38,0.00,0.04,13.04,0.00,-0.18,1783.12,0.01,0.01,0.01,-0.00,0.00,-0.00,9.00
57704.00,-0.27,1.32,0.29,0.00,0.04,-9.04,0.00,-0.18,-2453.60,0.01,0.01,0.01,0.00,0.00,-0.01,8.00
57712.00,-0.27,1.32,0.27,0.00,0.04,-2.64,0.00,-0.18,800.20,0.01,0.01,0.01,-0.00,-0.02,-0.01,6.00
57718.00,-0.27,1.32,0.28,0.00,0.04,0.77,0.00,-0.18,567.68,0.01,0.01,0.01,-0.00,-0.02,-0.00,6.00
57724.00,-0.27,1.32,0.35,0.00,0.04,11.45,0.00,-0.18,1779.77,0.01,0.01,0.01,-0.00,-0.02,-0.00,9.00
57733.00,-0.27,1.32,0.43,0.00,0.04,8.99,0.00,-0.18,-273.00,0.01,0.01,0.01,0.01,-0.01,-0.00,5.00
57738.00,-0.27,1.32,0.33,0.00,0.04,-19.69,0.00,-0.18,-5735.51,0.01,0.01,0.01,0.01,0.01,-0.00,7.00
57745.00,-0.27,1.32,0.35,0.00,0.04,2.54,0.00,-0.18,3175.19,0.01,0.01,0.01,0.01,0.02,0.00,8.00
57753.00,-0.27,1.32,0.33,0.00,0.04,-2.00,0.00,-0.18,-567.83,0.01,0.01,0.01,0.00,0.01,-0.00,8.00
57761.00,-0.27,1.32,0.36,0.00,0.04,4.17,0.00,-0.18,771.97,0.01,0.01,0.01,0.00,-0.01,-0.00,5.00
57771.00,-0.27,1.32,0.36,0.00,0.04,-0.12,0.00,-0.01,-429.07,0.01,0.01,0.01,0.00,-0.01,-0.01,16.00
57787.00,-0.27,1.32,0.40,0.00,0.04,2.46,0.00,-0.01,161.34,0.01,0.00,0.01,0.00,-0.01,-0.00,8.00
57795.00,-0.27,1.32,0.40,0.00,0.04,0.04,0.00,-0.01,-303.32,0.01,0.00,0.01,-0.00,-0.01,0.00,8.00
57803.00,-0.27,1.32,0.34,0.00,0.04,-8.11,0.00,-0.01,-1018.54,0.01,0.00,0.01,-0.00,-0.00,0.01,7.00
57810.00,-0.27,1.32,0.37,0.00,0.04,4.45,0.00,-0.01,1794.36,0.01,0.00,0.01,-0.00,0.01,0.00,5.00
57815.00,-0.27,1.32,0.46,0.00,0.04,18.52,0.00,-0.01,2813.68,0.01,0.00,0.01,-0.00,0.01,0.00,9.00
57824.00,-0.27,1.32,0.29,0.00,0.04,-19.45,0.00,-0.01,-4218.66,0.01,0.01,0.01,0.00,0.01,-0.00,8.00
57832.00,-0.27,1.32,0.34,0.00,0.04,6.51,0.00,-0.01,3245.60,0.01,0.01,0.01,0.00,0.00,-0.01,5.00
57837.00,-0.27,1.32,0.33,0.00,0.04,-1.33,0.00,-0.01,-1568.82,0.01,0.01,0.01,-0.00,0.00,-0.01,7.00
57844.00,-0.27,1.32,0.33,0.00,0.04,-0.67,0.00,-0.01,94.77,0.01,0.01,0.01,-0.00,-0.01,-0.00,7.00
57856.00,-0.27,1.32,0.36,0.00,0.04,2.88,0.00,-0.01,295.85,0.01,0.01,0.01,0.00,-0.00,0.00,9.00
57865.00,-0.27,1.32,0.37,0.00,0.04,0.98,0.00,-0.01,-211.50,0.01,0.01,0.01,0.01,0.00,0.01,8.00
57873.00,-0.27,1.32,0.40,0.00,0.04,4.05,0.00,-0.01,383.34,0.01,0.01,0.01,0.00,0.01,0.00,16.00
57889.00,-0.27,1.32,0.32,0.00,0.04,-5.13,0.00,-0.01,-573.64,0.01,0.01,0.01,-0.00,0.01,0.00,7.00
57896.00,-0.27,1.32,0.35,0.00,0.04,3.54,0.00,-0.01,1238.55,0.01,0.01,0.01,0.00,0.00,0.00,7.00
57903.00,-0.27,1.32,0.42,0.00,0.04,10.16,0.00,-0.01,945.35,0.01,0.01,0.01,0.01,0.00,-0.01,8.00
57911.00,-0.27,1.32,0.33,0.00,0.04,-10.71,0.00,-0.01,-2608.62,0.01,0.01,0.01,0.00,0.01,-0.00,5.00
57916.00,-0.27,1.32,0.37,0.00,0.04,7.12,0.00,-0.01,3566.96,0.01,0.01,0.01,0.00,0.01,-0.00,8.00
57924.00,-0.27,1.32,0.37,0.00,0.04,-0.24,0.00,-0.01,-919.66,0.01,0.01,0.01,-0.00,0.00,0.01,8.00
57932.00,-0.27,1.32,0.37,0.00,0.04,1.11,0.00,-0.01,168.59,0.01,0.01,0.01,0.00,-0.01,0.01,6.00
57943.00,-0.27,1.32,0.35,0.00,0.04,-2.00,0.00,-0.01,-282.97,0.01,0.01,0.01,0.00,-0.01,0.00,7.00
57950.00,-0.27,1.32,0.32,0.00,0.04,-5.23,0.00,-0.01,-462.06,0.01,0.01,0.01,0.00,-0.00,-0.00,5.00
57955.00,-0.27,1.32,0.36,0.00,0.04,8.69,0.00,-0.01,2785.79,0.01,0.01,0.01,-0.00,-0.00,-0.01,9.00
57964.00,-0.27,1.32,0.35,0.00,0.04,-0.79,0.00,-0.01,-1053.38,0.01,0.01,0.01,-0.01,0.00,-0.01,7.00
57971.00,-0.26,1.34,0.36,0.06,0.07,1.15,0.28,0.18,276.70,0.01,0.01,0.01,-0.00,-0.00,-0.01,6.00
57977.00,-0.26,1.34,0.42,0.06,0.07,9.40,0.28,0.18,1374.10,0.01,0.01,0.01,-0.00,-0.01,-0.01,7.00
57984.00,-0.26,1.34,0.49,0.06,0.07,9.95,0.28,0.18,78.68,0.01,0.01,0.01,-0.00,-0.01,0.00,16.00
58000.00,-0.26,1.34,0.40,0.06,0.07,-5.66,0.28,0.18,-975.22,0.01,0.00,0.01,-0.01,-0.02,-0.00,6.00
58006.00,-0.26,1.34,0.48,0.06,0.07,13.69,0.28,0.18,3224.84,0.01,0.00,0.01,-0.01,-0.02,-0.00,8.00
58014.00,-0.26,1.34,0.52,0.06,0.07,4.91,0.28,0.18,-1098.25,0.01,0.00,0.01,0.00,-0.02,-0.00,7.00
58032.00,-0.26,1.34,0.43,0.06,0.07,-4.95,0.28,0.18,-547.43,0.01,0.00,0.01,-0.00,-0.00,-0.01,6.00
58038.00,-0.26,1.34,0.33,0.06,0.07,-17.02,0.28,0.18,-2012.56,0.01,0.00,0.01,-0.00,-0.00,-0.01,6.00
58044.00,-0.26,1.34,0.28,0.06,0.07,-7.93,0.28,0.18,1516.22,0.01,0.00,0.01,-0.00,-0.00,-0.01,8.00
58052.00,-0.26,1.34,0.28,0.06,0.07,0.53,0.28,0.18,1056.69,0.01,0.00,0.01,0.01,-0.01,-0.01,5.00
58057.00,-0.26,1.34,0.33,0.06,0.07,8.55,0.28,0.18,1605.30,0.01,0.00,0.01,0.00,-0.02,-0.00,8.00
58065.00,-0.26,1.34,0.33,0.06,0.07,0.28,0.28,0.18,-1034.15,0.01,0.00,0.01,0.00,-0.03,-0.00,8.00
58073.00,-0.26,1.34,0.29,0.06,0.07,-4.09,0.28,0.18,-546.82,0.01,0.00,0.01,0.00,-0.02,-0.00,16.00
58089.00,-0.26,1.34,0.38,0.06,0.07,5.10,0.28,0.18,574.29,0.01,0.00,0.01,-0.00,-0.02,-0.02,7.00
58096.00,-0.26,1.34,0.29,0.06,0.07,-12.35,0.28,0.18,-2492.14,0.01,0.00,0.01,-0.00,-0.01,-0.02,8.00
58104.00,-0.26,1.34,0.25,0.06,0.07,-5.24,0.28,0.18,889.17,0.01,0.00,0.01,-0.00,-0.02,-0.02,8.00
58118.00,-0.26,1.34,0.31,0.06,0.07,4.24,0.28,0.18,676.79,0.01,0.00,0.01,-0.00,-0.02,-0.01,8.00
58126.00,-0.26,1.34,0.25,0.06,0.07,-7.34,0.28,0.18,-1446.91,0.01,0.00,0.01,-0.00,-0.02,-0.01,8.00
58134.00,-0.26,1.34,0.27,0.06,0.07,3.25,0.28,0.18,1323.47,0.01,0.00,0.01,-0.00,-0.03,-0.00,6.00
58140.00,-0.26,1.34,0.32,0.06,0.07,8.07,0.28,0.18,803.36,0.01,0.00,0.01,-0.00,-0.03,-0.01,6.00
58146.00,-0.26,1.34,0.33,0.06,0.07,0.94,0.28,0.18,-1188.18,0.01,0.00,0.01,-0.00,-0.03,-0.01,5.00
58151.00,-0.26,1.34,0.34,0.06,0.07,1.62,0.28,0.18,136.52,0.01,0.00,0.01,-0.00,-0.03,-0.02,5.00
58156.00,-0.26,1.34,0.34,0.06,0.07,1.18,0.28,0.18,-88.93,0.01,0.00,0.01,-0.00,-0.03,-0.02,8.00
58164.00,-0.26,1.34,0.24,0.06,0.07,-13.06,0.28,0.18,-1779.92,0.01,0.00,0.01,-0.01,-0.03,-0.02,8.00
58172.00,-0.26,1.36,0.31,0.00,0.11,9.08,-0.28,0.21,2767.40,0.01,0.00,0.01,-0.01,-0.03,-0.03,16.00
58188.00,-0.26,1.36,0.30,0.00,0.11,-0.96,-0.28,0.21,-627.82,0.01,0.00,0.01,0.00,-0.05,-0.02,5.00
58198.00,-0.26,1.36,0.32,0.00,0.11,2.64,-0.28,0.21,360.70,0.01,0.00,0.01,0.02,-0.05,0.00,8.00
58206.00,-0.26,1.36,0.28,0.00,0.11,-5.26,-0.28,0.21,-987.64,0.01,0.00,0.01,0.06,-0.01,0.02,8.00
58214.00,-0.26,1.36,0.45,0.00,0.11,21.58,-0.28,0.21,3354.49,0.01,0.00,0.01,0.03,0.03,-0.00,8.00
58222.00,-0.26,1.36,0.33,0.00,0.11,-15.83,-0.28,0.21,-4675.60,0.01,0.00,0.01,-0.03,0.09,-0.02,5.00
58227.00,-0.26,1.36,0.46,0.00,0.11,27.83,-0.28,0.21,8732.20,0.01,0.00,0.01,-0.04,0.08,-0.02,8.00
58235.00,-0.26,1.36,0.33,0.00,0.11,-16.38,-0.28,0.21,-5526.71,0.01,0.00,0.01,-0.05,0.06,-0.03,6.00
58241.00,-0.26,1.36,0.26,0.00,0.11,-12.00,-0.28,0.21,730.63,0.01,0.00,0.01,0.01,-0.00,-0.02,6.00
58247.00,-0.26,1.36,0.37,0.00,0.11,18.70,-0.28,0.21,5116.72,0.01,0.00,0.01,0.03,-0.04,-0.02,5.00
58252.00,-0.26,1.36,0.37,0.00,0.11,-0.47,-0.28,0.21,-3835.68,0.01,0.00,0.01,-0.08,-0.03,0.00,6.00
58258.00,-0.26,1.36,0.28,0.00,0.11,-14.81,-0.28,0.21,-2389.96,0.01,0.00,0.01,-0.06,-0.03,0.00,7.00
58270.00,-0.26,1.36,0.21,0.00,0.11,-5.97,-0.28,0.21,737.14,0.01,0.00,0.01,-0.00,-0.02,0.00,17.00
58287.00,-0.26,1.36,0.36,0.00,0.11,8.50,-0.28,0.21,851.23,0.01,0.00,0.01,0.04,0.00,0.01,5.00
58292.00,-0.26,1.36,0.31,0.00,0.11,-9.16,-0.28,0.21,-3532.68,0.01,0.00,0.01,-0.00,0.03,0.03,6.00
58298.00,-0.26,1.36,0.31,0.00,0.11,0.81,-0.28,0.21,1661.33,0.01,0.00,0.01,-0.00,0.03,0.03,5.00
58303.00,-0.26,1.36,0.27,0.00,0.11,-9.38,-0.28,0.21,-2036.57,0.01,0.00,0.01,-0.04,0.03,0.03,6.00
58309.00,-0.26,1.36,0.36,0.00,0.11,16.03,-0.28,0.21,4234.77,0.01,0.00,0.01,-0.02,0.03,0.00,7.00
58316.00,-0.26,1.36,0.29,0.00,0.11,-10.92,-0.28,0.21,-3849.88,0.01,0.00,0.01,-0.02,0.03,-0.01,8.00
58324.00,-0.26,1.36,0.29,0.00,0.11,0.89,-0.28,0.21,1475.96,0.01,0.00,0.01,0.02,0.01,-0.03,9.00
58333.00,-0.26,1.36,0.25,0.00,0.11,-5.21,-0.28,0.21,-677.92,0.01,0.00,0.01,0.02,-0.00,-0.04,5.00
58338.00,-0.26,1.36,0.24,0.00,0.11,-0.83,-0.28,0.21,877.00,0.01,0.00,0.01,0.02,-0.00,-0.04,6.00
58349.00,-0.26,1.36,0.28,0.00,0.11,3.07,-0.28,0.21,354.33,0.01,0.00,0.01,-0.03,-0.02,-0.00,6.00
58355.00,-0.26,1.36,0.37,0.00,0.11,15.10,-0.28,0.21,2004.40,0.01,0.00,0.01,-0.03,-0.02,0.04,7.00
58362.00,-0.26,1.36,0.38,0.00,0.11,1.23,-0.28,0.21,-1981.79,0.01,0.00,0.01,0.01,-0.01,0.05,6.00
58368.00,-0.26,1.36,0.29,0.00,0.11,-15.13,-0.28,0.21,-2725.72,0.01,0.00,0.01,0.02,-0.00,0.04,7.00
58375.00,-0.24,1.37,0.27,0.05,0.03,-2.96,0.27,-0.40,1738.92,0.01,0.00,0.01,0.03,0.00,0.02,19.00
58394.00,-0.24,1.37,0.31,0.05,0.03,2.26,0.27,-0.40,274.66,0.01,0.00,0.01,-0.03,0.04,-0.04,6.00
58400.00,-0.24,1.37,0.40,0.05,0.03,15.30,0.27,-0.40,2172.46,0.01,0.00,0.01,-0.02,0.04,-0.03,6.00
58406.00,-0.24,1.37,0.34,0.05,0.03,-10.41,0.27,-0.40,-4285.34,0.01,0.00,0.01,-0.00,0.05,-0.03,9.00
58415.00,-0.24,1.37,0.27,0.05,0.03,-7.40,0.27,-0.40,335.22,0.01,0.00,0.01,0.00,0.03,-0.01,8.00
58423.00,-0.24,1.37,0.27,0.05,0.03,-0.53,0.27,-0.40,857.93,0.01,0.00,0.01,-0.02,-0.01,0.02,6.00
58434.00,-0.24,1.37,0.29,0.05,0.03,2.52,0.27,-0.40,277.45,0.01,0.00,0.01,0.00,-0.05,0.03,7.00
58441.00,-0.24,1.37,0.48,0.05,0.03,25.97,0.27,-0.40,3350.32,0.01,0.00,0.01,0.00,-0.05,0.03,5.00
58446.00,-0.24,1.37,0.31,0.05,0.03,-34.10,0.27,-0.40,-12013.31,0.01,0.00,0.01,0.01,-0.05,0.03,6.00
58452.00,-0.24,1.37,0.33,0.05,0.03,3.44,0.27,-0.40,6256.32,0.01,0.00,0.01,-0.01,-0.01,0.02,5.00
58457.00,-0.24,1.37,0.28,0.05,0.03,-10.22,0.27,-0.40,-2732.80,0.01,0.00,0.01,-0.01,-0.01,0.02,9.00
58466.00,-0.24,1.37,0.32,0.05,0.03,4.81,0.27,-0.40,1670.46,0.01,0.00,0.01,-0.01,0.04,-0.01,8.00
58474.00,-0.24,1.37,0.41,0.05,0.03,11.11,0.27,-0.40,787.37,0.01,0.00,0.01,-0.00,0.05,-0.03,16.00
58490.00,-0.24,1.37,0.31,0.05,0.03,-6.35,0.27,-0.40,-1091.07,0.01,0.00,0.01,0.00,0.02,-0.02,7.00
58497.00,-0.24,1.37,0.33,0.05,0.03,2.88,0.27,-0.40,1318.07,0.01,0.00,0.01,0.01,-0.01,0.00,8.00
58505.00,-0.24,1.37,0.30,0.05,0.03,-2.79,0.27,-0.40,-709.00,0.01,0.00,0.01,0.01,-0.03,0.01,8.00
58518.00,-0.24,1.37,0.31,0.05,0.03,0.36,0.27,-0.40,242.32,0.01,0.00,0.01,0.00,-0.03,0.02,9.00
58527.00,-0.24,1.37,0.44,0.05,0.03,14.22,0.27,-0.40,1539.99,0.01,0.00,0.01,0.00,-0.00,0.00,5.00
58532.00,-0.24,1.37,0.44,0.05,0.03,0.00,0.27,-0.40,-2843.53,0.01,0.00,0.01,0.01,0.01,0.00,5.00
58537.00,-0.24,1.37,0.31,0.05,0.03,-24.34,0.27,-0.40,-4867.43,0.01,0.00,0.01,0.01,0.01,0.00,6.00
58543.00,-0.24,1.37,0.31,0.05,0.03,0.03,0.27,-0.40,4061.53,0.01,0.00,0.01,0.01,0.02,0.00,5.00
58548.00,-0.24,1.37,0.32,0.05,0.03,0.13,0.27,-0.40,20.27,0.01,0.00,0.01,0.00,0.02,-0.00,8.00
58556.00,-0.24,1.37,0.29,0.05,0.03,-3.71,0.27,-0.40,-480.89,0.01,0.00,0.01,-0.00,0.02,-0.01,8.00
58564.00,-0.24,1.37,0.28,0.05,0.03,-0.27,0.27,-0.40,430.97,0.01,0.00,0.01,-0.00,0.01,-0.01,6.00
58570.00,-0.24,1.37,0.30,0.05,0.03,2.34,0.27,-0.40,433.89,0.01,0.00,0.01,0.00,-0.00,-0.01,17.00
58587.00,-0.24,1.38,0.30,0.00,0.04,0.25,-0.26,0.01,-122.54,0.01,0.00,0.01,0.01,-0.02,0.01,7.00
58599.00,-0.24,1.38,0.31,0.00,0.04,0.63,-0.26,0.01,31.36,0.01,0.00,0.01,0.00,-0.00,0.01,8.00
58607.00,-0.24,1.38,0.37,0.00,0.04,7.93,-0.26,0.01,912.90,0.01,0.00,0.01,-0.00,0.01,0.01,9.00
58616.00,-0.24,1.38,0.33,0.00,0.04,-4.37,-0.26,0.01,-1367.39,0.01,0.00,0.01,-0.01,0.02,-0.01,8.00
58624.00,-0.24,1.38,0.43,0.00,0.04,11.67,-0.26,0.01,2005.23,0.01,0.00,0.01,-0.00,0.01,-0.02,5.00
58629.00,-0.24,1.38,0.37,0.00,0.04,-10.50,-0.26,0.01,-4432.89,0.01,0.00,0.01,-0.00,0.00,-0.01,8.00
58637.00,-0.24,1.38,0.27,0.00,0.04,-12.69,-0.26,0.01,-274.60,0.01,0.00,0.01,-0.00,-0.01,-0.00,5.00
58642.00,-0.24,1.38,0.32,0.00,0.04,9.64,-0.26,0.01,4467.34,0.01,0.00,0.01,0.01,-0.00,0.01,6.00
58648.00,-0.24,1.38,0.34,0.00,0.04,3.70,-0.26,0.01,-991.49,0.01,0.00,0.01,0.01,-0.00,0.01,8.00
58656.00,-0.24,1.38,0.34,0.00,0.04,-0.43,-0.26,0.01,-515.12,0.01,0.00,0.01,-0.00,0.01,0.01,7.00
58663.00,-0.24,1.38,0.29,0.00,0.04,-6.63,-0.26,0.01,-886.76,0.01,0.00,0.01,-0.01,0.01,0.01,6.00
58678.00,-0.24,1.38,0.34,0.00,0.04,3.12,-0.26,0.01,649.88,0.01,0.00,0.01,0.00,-0.01,0.00,19.00
58697.00,-0.24,1.38,0.28,0.00,0.04,-3.05,-0.26,0.01,-324.40,0.01,0.00,0.01,-0.01,0.01,-0.01,9.00
58706.00,-0.24,1.38,0.27,0.00,0.04,-1.88,-0.26,0.01,129.77,0.01,0.00,0.01,-0.01,0.02,-0.00,8.00
58714.00,-0.24,1.38,0.32,0.00,0.04,6.21,-0.26,0.01,1010.85,0.01,0.00,0.01,0.02,-0.00,0.01,6.00
58720.00,-0.24,1.38,0.24,0.00,0.04,-12.62,-0.26,0.01,-3137.73,0.01,0.00,0.01,0.02,-0.01,0.01,128.00
58848.00,-0.24,1.38,0.42,0.00,0.00,1.43,0.00,-0.14,109.75,0.01,0.00,0.01,0.00,0.00,0.01,18.00
58866.00,-0.24,1.38,0.36,0.00,0.00,-3.59,0.00,-0.14,-278.58,0.01,0.00,0.01,-0.01,-0.00,0.02,16.00
58882.00,-0.24,1.38,0.35,0.00,0.00,-0.24,0.00,-0.14,209.30,0.01,0.00,0.01,0.00,0.00,-0.00,7.00
58889.00,-0.24,1.38,0.32,0.00,0.00,-4.42,0.00,-0.14,-597.28,0.01,0.00,0.01,0.00,0.00,-0.00,4.00
58893.00,-0.24,1.38,0.41,0.00,0.00,22.75,0.00,-0.14,6791.01,0.01,0.00,0.01,-0.01,-0.01,-0.01,6.00
58904.00,-0.24,1.38,0.35,0.00,0.00,-5.68,0.00,-0.14,-2584.10,0.01,0.00,0.01,-0.00,-0.01,0.01,7.00
58911.00,-0.24,1.38,0.34,0.00,0.00,-2.27,0.00,-0.14,486.30,0.01,0.00,0.01,0.00,-0.01,0.01,7.00
58918.00,-0.24,1.38,0.44,0.00,0.00,14.74,0.00,-0.14,2431.35,0.01,0.00,0.01,0.01,0.00,0.02,8.00
58926.00,-0.24,1.38,0.29,0.00,0.00,-19.03,0.00,-0.14,-4221.73,0.01,0.00,0.01,0.01,0.00,0.02,5.00
58931.00,-0.24,1.38,0.41,0.00,0.00,24.56,0.00,-0.14,8718.57,0.01,0.00,0.01,0.00,0.00,0.01,7.00
58938.00,-0.24,1.38,0.32,0.00,0.00,-12.47,0.00,-0.14,-5290.69,0.01,0.00,0.01,-0.02,0.01,0.00,6.00
58944.00,-0.24,1.38,0.32,0.00,0.00,-0.06,0.00,-0.14,2068.15,0.01,0.00,0.01,-0.01,-0.00,-0.01,5.00
58949.00,-0.24,1.38,0.36,0.00,0.00,8.19,0.00,-0.14,1650.62,0.01,0.00,0.01,-0.00,-0.01,-0.01,8.00
58957.00,-0.24,1.38,0.39,0.00,0.00,2.85,0.00,-0.14,-668.04,0.01,0.00,0.01,0.01,-0.01,-0.01,9.00
58966.00,-0.24,1.38,0.31,0.00,0.00,-8.81,0.00,-0.14,-1295.43,0.01,0.00,0.01,0.01,-0.01,-0.01,5.00
58976.00,-0.24,1.38,0.38,0.00,0.00,7.03,0.00,-0.14,1584.48,0.01,0.00,0.01,-0.01,0.00,0.01,16.00
58992.00,-0.24,1.38,0.29,0.00,0.00,-5.71,0.00,-0.14,-796.12,0.01,0.00,0.01,0.01,0.00,0.01,7.00
58999.00,-0.24,1.38,0.34,0.00,0.00,8.23,0.00,-0.14,1991.12,0.01,0.00,0.01,0.01,0.00,0.01,8.00
59007.00,-0.24,1.38,0.39,0.00,0.00,6.05,0.00,-0.14,-272.66,0.01,0.00,0.01,0.00,0.00,-0.00,6.00
59013.00,-0.24,1.38,0.40,0.00,0.00,1.29,0.00,-0.14,-793.19,0.01,0.00,0.01,-0.01,0.00,-0.01,6.00
59019.00,-0.24,1.38,0.35,0.00,0.00,-8.64,0.00,-0.14,-1655.92,0.01,0.00,0.01,-0.01,0.00,-0.01,8.00
59027.00,-0.24,1.38,0.56,0.00,0.00,26.62,0.00,-0.14,4407.53,0.01,0.00,0.01,-0.01,0.00,-0.01,8.00
59035.00,-0.24,1.38,0.43,0.00,0.00,-15.91,0.00,-0.14,-5315.30,0.01,0.00,0.01,0.00,-0.01,0.00,5.00
59040.00,-0.24,1.38,0.46,0.00,0.00,5.28,0.00,-0.14,4237.47,0.01,0.00,0.01,0.00,-0.01,0.00,7.00
59047.00,-0.24,1.38,0.45,0.00,0.00,-2.01,0.00,-0.14,-1041.26,0.01,0.00,0.01,0.01,-0.00,0.01,6.00
59058.00,-0.24,1.39,0.43,0.00,0.07,-1.79,0.00,0.35,20.10,0.01,0.00,0.01,-0.00,0.00,0.01,10.00
59068.00,-0.24,1.39,0.39,0.00,0.07,-3.94,0.00,0.35,-215.33,0.01,0.00,0.01,-0.01,0.00,0.00,8.00
59076.00,-0.24,1.39,0.41,0.00,0.07,3.18,0.00,0.35,889.96,0.01,0.00,0.01,0.01,0.00,-0.01,16.00
59092.00,-0.24,1.39,0.40,0.00,0.07,-0.64,0.00,0.35,-238.81,0.01,0.00,0.01,-0.00,-0.00,-0.02,7.00
59099.00,-0.24,1.39,0.42,0.00,0.07,2.97,0.00,0.35,516.16,0.01,0.00,0.01,-0.01,-0.00,-0.02,8.00
59107.00,-0.24,1.39,0.52,0.00,0.07,12.41,0.00,0.35,1179.64,0.01,0.00,0.01,-0.00,0.00,0.00,9.00
59116.00,-0.24,1.39,0.42,0.00,0.07,-11.14,0.00,0.35,-2616.76,0.01,0.00,0.01,0.01,0.00,0.01,5.00
59121.00,-0.24,1.39,0.35,0.00,0.07,-13.67,0.00,0.35,-506.03,0.01,0.00,0.01,0.01,0.00,0.01,8.00
59129.00,-0.24,1.39,0.38,0.00,0.07,3.34,0.00,0.35,2126.88,0.01,0.00,0.01,0.01,0.00,0.01,8.00
59137.00,-0.24,1.39,0.43,0.00,0.07,6.12,0.00,0.35,346.98,0.01,0.00,0.01,0.00,-0.00,0.00,6.00
59148.00,-0.24,1.39,0.26,0.00,0.07,-15.12,0.00,0.35,-1931.20,0.01,0.00,0.01,-0.00,-0.00,-0.01,8.00
59156.00,-0.24,1.39,0.39,0.00,0.07,15.81,0.00,0.35,3867.06,0.01,0.00,0.01,0.00,0.00,-0.02,5.00
59161.00,-0.24,1.39,0.38,0.00,0.07,-2.24,0.00,0.35,-3611.34,0.01,0.00,0.01,0.00,0.00,-0.01,8.00
59169.00,-0.24,1.39,0.32,0.00,0.07,-7.53,0.00,0.35,-661.02,0.01,0.00,0.01,0.00,0.01,-0.00,8.00
59177.00,-0.24,1.39,0.30,0.00,0.07,-1.70,0.00,0.35,728.77,0.01,0.00,0.01,0.00,0.00,0.01,17.00
59194.00,-0.24,1.39,0.38,0.00,0.07,4.47,0.00,0.35,363.22,0.01,0.00,0.01,0.00,-0.01,0.02,6.00
59200.00,-0.24,1.39,0.29,0.00,0.07,-15.54,0.00,0.35,-3335.24,0.01,0.00,0.01,0.01,-0.01,0.01,8.00
59208.00,-0.24,1.39,0.19,0.00,0.07,-11.93,0.00,0.35,451.71,0.01,0.00,0.01,0.00,-0.01,-0.00,8.00
59216.00,-0.24,1.39,0.35,0.00,0.07,19.87,0.00,0.35,3974.76,0.01,0.00,0.01,-0.01,0.01,-0.02,6.00
59222.00,-0.24,1.39,0.39,0.00,0.07,7.17,0.00,0.35,-2116.99,0.01,0.00,0.01,-0.01,0.01,-0.01,7.00
59234.00,-0.24,1.39,0.38,0.00,0.07,-1.27,0.00,0.35,-703.44,0.01,0.00,0.01,0.00,0.01,-0.00,7.00
59241.00,-0.24,1.39,0.40,0.00,0.07,2.59,0.00,0.35,551.63,0.01,0.00,0.01,0.01,0.01,0.00,7.00
59248.00,-0.24,1.39,0.29,0.00,0.07,-14.64,0.00,0.35,-2461.63,0.01,0.00,0.01,0.01,0.01,0.01,8.00
59256.00,-0.24,1.39,0.38,0.00,0.07,10.23,0.00,0.35,3108.87,0.01,0.00,0.01,-0.00,0.00,0.02,6.00
59262.00,-0.24,1.40,0.34,0.00,0.04,-5.18,0.00,-0.17,-2568.33,0.01,0.00,0.01,-0.00,0.00,0.01,7.00
59269.00,-0.24,1.40,0.44,0.00,0.04,13.39,0.00,-0.17,2652.26,0.01,0.00,0.01,-0.01,-0.00,0.01,9.00
59278.00,-0.24,1.40,0.38,0.00,0.04,-5.97,0.00,-0.17,-2150.32,0.01,0.00,0.01,0.01,-0.00,-0.01,17.00
59295.00,-0.24,1.40,0.27,0.00,0.04,-6.89,0.00,-0.17,-54.39,0.01,0.00,0.01,-0.02,0.01,-0.01,6.00
59301.00,-0.24,1.40,0.28,0.00,0.04,2.04,0.00,-0.17,1488.05,0.01,0.00,0.01,-0.01,0.01,-0.00,7.00
59308.00,-0.24,1.40,0.31,0.00,0.04,3.81,0.00,-0.17,253.89,0.01,0.00,0.01,-0.01,0.00,0.00,9.00
59322.00,-0.24,1.40,0.38,0.00,0.04,4.97,0.00,-0.17,82.48,0.01,0.00,0.01,0.01,-0.01,0.01,8.00
59330.00,-0.24,1.40,0.29,0.00,0.04,-10.22,0.00,-0.17,-1899.07,0.01,0.00,0.01,0.00,-0.01,0.01,8.00
59338.00,-0.24,1.40,0.33,0.00,0.04,4.04,0.00,-0.17,1783.49,0.01,0.00,0.01,0.00,-0.01,0.01,6.00
59344.00,-0.24,1.40,0.36,0.00,0.04,6.18,0.00,-0.17,356.38,0.01,0.00,0.01,-0.00,0.00,-0.00,6.00
59350.00,-0.24,1.40,0.46,0.00,0.04,16.78,0.00,-0.17,1766.68,0.01,0.00,0.01,-0.00,0.00,-0.00,7.00
59357.00,-0.24,1.40,0.39,0.00,0.04,-9.94,0.00,-0.17,-3818.16,0.01,0.00,0.01,0.00,0.01,-0.01,5.00
59362.00,-0.24,1.40,0.35,0.00,0.04,-9.73,0.00,-0.17,42.05,0.01,0.00,0.01,0.00,0.01,-0.01,7.00
59369.00,-0.24,1.40,0.39,0.00,0.04,5.87,0.00,-0.17,2229.30,0.01,0.00,0.01,0.01,0.01,-0.01,9.00
59378.00,-0.24,1.40,0.46,0.00,0.04,8.56,0.00,-0.17,298.38,0.01,0.00,0.01,0.00,-0.01,0.00,17.00
59395.00,-0.24,1.40,0.42,0.00,0.04,-2.33,0.00,-0.17,-640.45,0.01,0.00,0.01,-0.00,-0.01,0.01,6.00
59406.00,-0.24,1.40,0.29,0.00,0.04,-11.98,0.00,-0.17,-877.41,0.01,0.00,0.01,0.01,-0.01,0.00,6.00
59412.00,-0.24,1.40,0.39,0.00,0.04,15.51,0.00,-0.17,4581.41,0.01,0.00,0.01,0.01,-0.01,0.00,7.00
59419.00,-0.24,1.40,0.35,0.00,0.04,-5.46,0.00,-0.17,-2995.18,0.01,0.00,0.01,0.01,-0.00,0.00,9.00
59428.00,-0.24,1.40,0.34,0.00,0.04,-1.05,0.00,-0.17,490.58,0.01,0.00,0.01,-0.00,0.00,-0.00,5.00
59433.00,-0.24,1.40,0.30,0.00,0.04,-6.73,0.00,-0.17,-1136.56,0.01,0.00,0.01,-0.01,0.01,-0.01,7.00
59440.00,-0.24,1.40,0.21,0.00,0.04,-13.15,0.00,-0.17,-918.09,0.01,0.00,0.01,-0.01,0.01,-0.01,6.00
59446.00,-0.24,1.40,0.30,0.00,0.04,14.64,0.00,-0.17,4633.25,0.01,0.00,0.01,0.00,0.00,-0.00,5.00
59451.00,-0.24,1.40,0.40,0.00,0.04,19.89,0.00,-0.17,1048.75,0.01,0.00,0.01,0.00,0.00,0.00,8.00
59459.00,-0.24,1.40,0.34,0.00,0.04,-7.47,0.00,-0.17,-3420.25,0.01,0.00,0.01,0.01,-0.00,0.01,8.00
59467.00,-0.24,1.42,0.44,0.00,0.11,12.60,0.00,0.36,2508.61,0.01,0.00,0.01,-0.00,-0.01,0.01,7.00
59478.00,-0.24,1.42,0.45,0.00,0.11,1.06,0.00,0.36,-1048.78,0.01,0.00,0.01,-0.00,-0.00,0.01,19.00
59497.00,-0.24,1.42,0.39,0.00,0.11,-3.30,0.00,0.36,-229.18,0.01,0.00,0.01,0.00,0.00,-0.01,6.00
59503.00,-0.24,1.42,0.47,0.00,0.11,13.88,0.00,0.36,2862.96,0.01,0.00,0.01,-0.00,0.00,-0.01,7.00
59510.00,-0.24,1.42,0.43,0.00,0.11,-6.23,0.00,0.36,-2873.52,0.01,0.00,0.01,-0.00,0.00,-0.01,8.00
59518.00,-0.24,1.42,0.44,0.00,0.11,0.92,0.00,0.36,893.62,0.01,0.00,0.01,-0.00,0.00,-0.01,6.00
59524.00,-0.24,1.42,0.40,0.00,0.11,-5.19,0.00,0.36,-1018.14,0.01,0.00,0.01,0.00,0.00,0.00,7.00
59531.00,-0.24,1.42,0.39,0.00,0.11,-1.49,0.00,0.36,528.21,0.01,0.00,0.01,0.00,-0.00,0.00,8.00
59539.00,-0.24,1.42,0.42,0.00,0.11,2.65,0.00,0.36,518.32,0.01,0.00,0.01,0.01,-0.01,0.01,6.00
59545.00,-0.24,1.42,0.47,0.00,0.11,9.05,0.00,0.36,1067.08,0.01,0.00,0.01,0.00,-0.00,0.00,6.00
59551.00,-0.24,1.42,0.39,0.00,0.11,-14.03,0.00,0.36,-3848.13,0.01,0.00,0.01,0.00,-0.00,0.00,8.00
59569.00,-0.24,1.42,0.43,0.00,0.11,2.69,0.00,0.36,929.17,0.01,0.00,0.01,0.00,0.00,-0.00,18.00
59587.00,-0.24,1.42,0.38,0.00,0.11,-2.86,0.00,0.36,-308.50,0.01,0.00,0.01,0.00,-0.00,0.00,6.00
59593.00,-0.24,1.42,0.37,0.00,0.11,-2.90,0.00,0.36,-5.72,0.01,0.00,0.01,0.00,-0.00,0.00,6.00
59599.00,-0.24,1.42,0.38,0.00,0.11,2.62,0.00,0.36,919.19,0.01,0.00,0.01,-0.01,-0.01,0.01,7.00
59606.00,-0.24,1.42,0.37,0.00,0.11,-1.54,0.00,0.36,-594.05,0.01,0.00,0.01,-0.00,0.00,0.01,5.00
59611.00,-0.24,1.42,0.44,0.00,0.11,13.11,0.00,0.36,2930.02,0.01,0.00,0.01,-0.00,0.00,0.01,9.00
59620.00,-0.24,1.42,0.31,0.00,0.11,-13.66,0.00,0.36,-2974.14,0.01,0.00,0.01,0.01,0.00,0.00,8.00
59628.00,-0.24,1.42,0.44,0.00,0.11,16.25,0.00,0.36,3738.64,0.01,0.00,0.01,-0.00,-0.00,-0.00,6.00
59634.00,-0.24,1.42,0.47,0.00,0.11,4.17,0.00,0.36,-2013.18,0.01,0.00,0.01,-0.01,-0.00,-0.00,6.00
59640.00,-0.24,1.42,0.52,0.00,0.11,8.49,0.00,0.36,719.37,0.01,0.00,0.01,-0.01,-0.01,0.00,6.00
59651.00,-0.24,1.42,0.46,0.00,0.11,-5.49,0.00,0.36,-1270.84,0.01,0.00,0.01,-0.00,0.00,0.00,10.00
59661.00,-0.24,1.42,0.44,0.00,0.11,-2.19,0.00,0.36,330.24,0.01,0.00,0.01,0.00,0.00,0.01,8.00
59669.00,-0.23,1.44,0.38,0.06,0.07,-7.51,0.27,-0.20,-665.42,0.01,0.00,0.01,0.00,-0.00,0.01,17.00
59686.00,-0.23,1.44,0.44,0.06,0.07,4.00,0.27,-0.20,677.34,0.01,0.00,0.01,-0.00,0.00,0.00,6.00
59692.00,-0.23,1.44,0.54,0.06,0.07,15.62,0.27,-0.20,1936.86,0.01,0.00,0.01,-0.00,0.00,0.00,6.00
59698.00,-0.23,1.44,0.40,0.06,0.07,-22.35,0.27,-0.20,-6328.63,0.01,0.00,0.01,0.00,0.00,-0.00,6.00
59704.00,-0.23,1.44,0.45,0.06,0.07,8.03,0.27,-0.20,5062.61,0.01,0.00,0.01,0.00,0.00,-0.00,7.00
59711.00,-0.23,1.44,0.52,0.06,0.07,9.89,0.27,-0.20,265.59,0.01,0.00,0.01,0.00,0.00,-0.00,8.00
59719.00,-0.23,1.44,0.59,0.06,0.07,9.12,0.27,-0.20,-96.06,0.01,0.00,0.01,-0.00,0.00,0.00,6.00
59725.00,-0.23,1.44,0.51,0.06,0.07,-14.90,0.27,-0.20,-4003.54,0.01,0.00,0.01,-0.00,0.00,0.01,7.00
59736.00,-0.23,1.44,0.46,0.06,0.07,-3.90,0.27,-0.20,999.97,0.01,0.00,0.01,0.00,-0.00,0.01,7.00
59743.00,-0.23,1.44,0.51,0.06,0.07,7.41,0.27,-0.20,1616.12,0.01,0.00,0.01,0.00,-0.00,0.01,6.00
59749.00,-0.23,1.44,0.37,0.06,0.07,-24.13,0.27,-0.20,-5257.48,0.01,0.00,0.01,0.00,-0.00,0.00,5.00
59754.00,-0.23,1.44,0.44,0.06,0.07,14.58,0.27,-0.20,7742.09,0.01,0.00,0.01,-0.00,-0.00,0.00,7.00
59761.00,-0.23,1.44,0.50,0.06,0.07,8.20,0.27,-0.20,-911.44,0.01,0.00,0.01,-0.00,-0.00,0.00,8.00
59769.00,-0.23,1.44,0.50,0.06,0.07,0.61,0.27,-0.20,-948.37,0.01,0.00,0.01,-0.00,-0.00,-0.00,6.00
59775.00,-0.23,1.44,0.62,0.06,0.07,19.57,0.27,-0.20,3160.34,0.01,0.00,0.01,-0.00,0.00,-0.01,16.00
59791.00,-0.23,1.44,0.50,0.06,0.07,-7.35,0.27,-0.20,-1682.30,0.01,0.00,0.01,0.00,0.00,-0.01,6.00
59797.00,-0.23,1.44,0.54,0.06,0.07,5.40,0.27,-0.20,2124.32,0.01,0.00,0.01,-0.00,-0.00,0.00,5.00
59802.00,-0.23,1.44,0.67,0.06,0.07,26.23,0.27,-0.20,4166.25,0.01,0.00,0.01,-0.00,-0.00,0.00,9.00
59816.00,-0.23,1.44,0.49,0.06,0.07,-12.95,0.27,-0.20,-2798.81,0.01,0.00,0.01,0.00,-0.00,0.00,7.00
59823.00,-0.23,1.44,0.52,0.06,0.07,4.30,0.27,-0.20,2464.88,0.01,0.00,0.01,0.00,-0.00,0.00,7.00
59830.00,-0.23,1.44,0.51,0.06,0.07,-0.79,0.27,-0.20,-726.88,0.01,0.00,0.01,0.00,-0.00,-0.00,8.00
59838.00,-0.23,1.44,0.34,0.06,0.07,-20.91,0.27,-0.20,-2514.96,0.01,0.00,0.01,-0.00,0.00,-0.01,5.00
59843.00,-0.23,1.44,0.45,0.06,0.07,21.06,0.27,-0.20,8393.18,0.01,0.00,0.01,-0.00,0.00,-0.01,6.00
59849.00,-0.23,1.44,0.46,0.06,0.07,1.14,0.27,-0.20,-3319.60,0.01,0.00,0.01,-0.00,0.00,-0.01,6.00
59855.00,-0.23,1.44,0.47,0.06,0.07,2.07,0.27,-0.20,154.70,0.01,0.00,0.01,0.00,0.00,-0.00,7.00
59862.00,-0.23,1.44,0.41,0.06,0.07,-7.99,0.27,-0.20,-1437.70,0.01,0.00,0.01,0.00,-0.00,0.00,8.00
59870.00,-0.23,1.44,0.53,0.00,0.04,14.87,-0.27,-0.16,2858.24,0.01,0.00,0.01,0.01,-0.00,0.00,17.00
59887.00,-0.23,1.44,0.45,0.00,0.04,-5.05,-0.27,-0.16,-1171.95,0.01,0.00,0.01,0.00,0.00,0.00,6.00
59898.00,-0.23,1.44,0.46,0.00,0.04,1.36,-0.27,-0.16,583.09,0.01,0.00,0.01,0.00,0.00,-0.00,6.00
59904.00,-0.23,1.44,0.43,0.00,0.04,-5.07,-0.27,-0.16,-1071.58,0.01,0.00,0.01,0.00,0.00,-0.00,7.00
59911.00,-0.23,1.44,0.57,0.00,0.04,19.69,-0.27,-0.16,3536.17,0.01,0.00,0.01,-0.00,-0.00,-0.00,8.00
59919.00,-0.23,1.44,0.50,0.00,0.04,-8.20,-0.27,-0.16,-3485.96,0.01,0.00,0.01,-0.01,0.00,-0.00,5.00
59924.00,-0.23,1.44,0.52,0.00,0.04,4.17,-0.27,-0.16,2473.20,0.01,0.00,0.01,-0.01,-0.00,-0.00,8.00
59932.00,-0.23,1.44,0.49,0.00,0.04,-4.34,-0.27,-0.16,-1062.90,0.01,0.00,0.01,-0.01,-0.00,-0.00,8.00
59940.00,-0.23,1.44,0.48,0.00,0.04,-0.55,-0.27,-0.16,473.10,0.01,0.00,0.01,0.00,0.00,0.00,6.00
59946.00,-0.23,1.44,0.56,0.00,0.04,11.79,-0.27,-0.16,2057.66,0.01,0.00,0.01,0.00,-0.00,0.00,6.00
59952.00,-0.23,1.44,0.42,0.00,0.04,-23.34,-0.27,-0.16,-5854.90,0.01,0.00,0.01,0.00,-0.00,0.00,9.00
59961.00,-0.23,1.44,0.43,0.00,0.04,1.78,-0.27,-0.16,2790.33,0.01,0.00,0.01,0.00,0.00,0.00,7.00
59973.00,-0.23,1.44,0.47,0.00,0.04,3.26,-0.27,-0.16,123.39,0.01,0.00,0.01,-0.00,0.01,-0.00,9.00
59982.00,-0.23,1.44,0.43,0.00,0.04,-4.49,-0.27,-0.16,-860.78,0.01,0.00,0.01,-0.00,0.00,-0.00,8.00
59990.00,-0.23,1.44,0.41,0.00,0.04,-2.19,-0.27,-0.16,287.15,0.01,0.00,0.01,0.00,0.01,-0.01,15.00
60005.00,-0.23,1.44,0.38,0.00,0.04,-1.90,-0.27,-0.16,19.68,0.01,0.00,0.01,0.00,-0.00,0.00,7.00
60012.00,-0.23,1.44,0.35,0.00,0.04,-4.65,-0.27,-0.16,-393.60,0.01,0.00,0.01,0.00,-0.01,0.00,8.00
60020.00,-0.23,1.44,0.36,0.00,0.04,1.21,-0.27,-0.16,732.55,0.01,0.00,0.01,0.00,0.00,0.01,7.00
60027.00,-0.23,1.44,0.30,0.00,0.04,-8.40,-0.27,-0.16,-1372.26,0.01,0.00,0.01,0.00,0.01,0.01,5.00
60032.00,-0.23,1.44,0.33,0.00,0.04,5.73,-0.27,-0.16,2825.29,0.01,0.00,0.01,0.00,0.01,0.01,9.00
60041.00,-0.23,1.44,0.43,0.00,0.04,11.54,-0.27,-0.16,646.01,0.01,0.00,0.01,0.00,0.00,0.00,5.00
60046.00,-0.23,1.44,0.38,0.00,0.04,-10.27,-0.27,-0.16,-4362.15,0.01,0.00,0.01,-0.00,0.00,-0.00,7.00
60057.00,-0.23,1.44,0.48,0.00,0.04,9.01,-0.27,-0.16,1752.92,0.01,0.00,0.01,-0.00,-0.00,-0.01,7.00
60064.00,-0.23,1.44,0.49,0.00,0.04,0.68,-0.27,-0.16,-1190.36,0.01,0.00,0.01,-0.00,-0.00,-0.01,7.00
60071.00,-0.23,1.46,0.39,0.00,0.08,-14.55,0.00,0.19,-2175.76,0.01,0.00,0.01,0.00,-0.00,-0.01,19.00
60090.00,-0.23,1.46,0.46,0.00,0.08,4.03,0.00,0.19,977.63,0.01,0.00,0.01,0.00,-0.00,0.01,5.00
60095.00,-0.23,1.46,0.40,0.00,0.08,-11.65,0.00,0.19,-3136.00,0.01,0.00,0.01,0.00,0.00,0.00,4.00
60099.00,-0.23,1.46,0.48,0.00,0.08,18.80,0.00,0.19,7613.66,0.01,0.00,0.01,0.00,0.01,0.01,5.00
60104.00,-0.23,1.46,0.44,0.00,0.08,-7.46,0.00,0.19,-5252.22,0.01,0.00,0.01,0.00,0.01,0.01,8.00
60112.00,-0.23,1.46,0.41,0.00,0.08,-4.49,0.00,0.19,371.47,0.01,0.00,0.01,0.00,0.00,0.00,7.00
60119.00,-0.23,1.46,0.39,0.00,0.08,-1.58,0.00,0.19,415.29,0.01,0.00,0.01,0.00,0.01,-0.01,6.00
60125.00,-0.23,1.46,0.46,0.00,0.08,10.95,0.00,0.19,2088.12,0.01,0.00,0.01,-0.00,0.00,-0.01,7.00
60137.00,-0.23,1.46,0.47,0.00,0.08,0.78,0.00,0.19,-847.44,0.01,0.00,0.01,0.00,0.00,-0.01,7.00
60144.00,-0.23,1.46,0.44,0.00,0.08,-4.60,0.00,0.19,-768.01,0.01,0.00,0.01,0.00,0.00,-0.01,6.00
60150.00,-0.23,1.46,0.36,0.00,0.08,-12.66,0.00,0.19,-1343.32,0.01,0.00,0.01,0.00,-0.00,0.00,6.00
60156.00,-0.23,1.46,0.41,0.00,0.08,8.52,0.00,0.19,3529.36,0.01,0.00,0.01,0.00,0.00,0.00,6.00
60162.00,-0.23,1.46,0.41,0.00,0.08,0.08,0.00,0.19,-1405.76,0.01,0.00,0.01,0.00,0.00,0.01,18.00
60180.00,-0.23,1.46,0.41,0.00,0.08,0.05,0.00,0.19,-1.70,0.01,0.00,0.01,0.00,-0.00,-0.00,7.00
60187.00,-0.23,1.46,0.47,0.00,0.08,8.03,0.00,0.19,1140.04,0.01,0.00,0.01,0.00,-0.00,-0.00,6.00
60193.00,-0.23,1.46,0.39,0.00,0.08,-13.91,0.00,0.19,-3656.85,0.01,0.00,0.01,0.00,0.00,-0.00,6.00
60199.00,-0.23,1.46,0.46,0.00,0.08,12.43,0.00,0.19,4389.88,0.01,0.00,0.01,-0.00,0.00,-0.01,5.00
60204.00,-0.23,1.46,0.48,0.00,0.08,3.20,0.00,0.19,-1845.94,0.01,0.00,0.01,-0.00,0.00,-0.00,8.00
60222.00,-0.23,1.46,0.53,0.00,0.08,3.07,0.00,0.19,-7.12,0.01,0.00,0.01,-0.00,0.00,0.01,8.00
60230.00,-0.23,1.46,0.50,0.00,0.08,-4.45,0.00,0.19,-940.52,0.01,0.00,0.01,0.00,-0.01,0.01,5.00
60235.00,-0.23,1.46,0.53,0.00,0.08,6.54,0.00,0.19,2198.00,0.01,0.00,0.01,0.00,-0.01,0.01,8.00
60243.00,-0.23,1.46,0.55,0.00,0.08,2.41,0.00,0.19,-515.86,0.01,0.00,0.01,-0.00,-0.00,0.00,5.00
60248.00,-0.23,1.46,0.46,0.00,0.08,-18.80,0.00,0.19,-4242.35,0.01,0.00,0.01,-0.00,0.01,0.00,6.00
60254.00,-0.23,1.46,0.56,0.00,0.08,18.30,0.00,0.19,6183.60,0.01,0.00,0.01,-0.00,0.01,0.00,7.00
60261.00,-0.23,1.46,0.57,0.00,0.08,0.78,0.00,0.19,-2502.63,0.01,0.00,0.01,-0.00,0.01,0.00,8.00
60269.00,-0.23,1.46,0.38,0.00,0.08,-23.26,0.00,0.19,-3005.05,0.01,0.00,0.01,-0.00,0.00,0.00,5.00
60274.00,-0.23,1.47,0.59,0.00,0.08,40.84,0.00,-0.00,12819.87,0.01,0.00,0.01,-0.00,0.00,-0.00,18.00
60292.00,-0.23,1.47,0.51,0.00,0.08,-4.38,0.00,-0.00,-2512.30,0.01,0.00,0.01,-0.00,-0.01,0.00,6.00
60303.00,-0.23,1.47,0.53,0.00,0.08,1.60,0.00,-0.00,543.04,0.01,0.00,0.01,0.00,-0.01,-0.00,9.00
60312.00,-0.23,1.47,0.48,0.00,0.08,-5.23,0.00,-0.00,-758.46,0.01,0.00,0.01,0.00,-0.00,-0.00,8.00
60320.00,-0.23,1.47,0.38,0.00,0.08,-12.31,0.00,-0.00,-885.48,0.01,0.00,0.01,0.00,0.00,-0.00,6.00
60326.00,-0.23,1.47,0.46,0.00,0.08,12.63,0.00,-0.00,4157.48,0.01,0.00,0.01,0.00,0.00,-0.00,6.00
60332.00,-0.23,1.47,0.52,0.00,0.08,10.45,0.00,-0.00,-362.58,0.01,0.00,0.01,0.00,0.00,0.00,9.00
60341.00,-0.23,1.47,0.48,0.00,0.08,-4.40,0.00,-0.00,-1650.45,0.01,0.00,0.01,0.00,0.01,-0.00,5.00
60346.00,-0.23,1.47,0.47,0.00,0.08,-1.61,0.00,-0.00,557.65,0.01,0.00,0.01,0.00,0.00,-0.00,7.00
60353.00,-0.23,1.47,0.50,0.00,0.08,3.63,0.00,-0.00,748.79,0.01,0.00,0.01,-0.00,-0.00,-0.00,8.00
60361.00,-0.23,1.47,0.47,0.00,0.08,-3.61,0.00,-0.00,-905.10,0.01,0.00,0.01,-0.00,-0.02,-0.00,8.00
60369.00,-0.23,1.47,0.44,0.00,0.08,-3.13,0.00,-0.00,59.43,0.01,0.00,0.01,0.00,-0.02,0.01,6.00
60379.00,-0.23,1.47,0.34,0.00,0.08,-10.62,0.00,-0.00,-748.73,0.01,0.00,0.01,0.01,-0.01,0.00,16.00
60395.00,-0.23,1.47,0.37,0.00,0.08,2.11,0.00,-0.00,795.52,0.01,0.00,0.01,-0.00,0.01,0.00,6.00
60401.00,-0.23,1.47,0.39,0.00,0.08,3.28,0.00,-0.00,195.77,0.01,0.00,0.01,-0.00,0.03,-0.00,5.00
60406.00,-0.23,1.47,0.40,0.00,0.08,1.62,0.00,-0.00,-332.07,0.01,0.00,0.01,0.00,0.02,-0.00,7.00
60413.00,-0.23,1.47,0.47,0.00,0.08,9.47,0.00,-0.00,1120.95,0.01,0.00,0.01,0.00,0.01,-0.00,8.00
60421.00,-0.23,1.47,0.31,0.00,0.08,-19.15,0.00,-0.00,-3576.59,0.01,0.00,0.01,0.00,-0.01,0.00,8.00
60429.00,-0.23,1.47,0.39,0.00,0.08,9.18,0.00,-0.00,3541.29,0.01,0.00,0.01,-0.00,-0.02,0.00,5.00
60434.00,-0.23,1.47,0.50,0.00,0.08,22.06,0.00,-0.00,2575.43,0.01,0.00,0.01,-0.00,-0.02,0.00,9.00
60443.00,-0.23,1.47,0.47,0.00,0.08,-2.39,0.00,-0.00,-2717.42,0.01,0.00,0.01,-0.01,-0.01,0.00,5.00
60448.00,-0.23,1.47,0.44,0.00,0.08,-6.70,0.00,-0.00,-861.75,0.01,0.00,0.01,-0.00,-0.00,0.00,6.00
60459.00,-0.23,1.47,0.49,0.00,0.08,4.46,0.00,-0.00,1014.58,0.01,0.00,0.01,0.00,0.01,0.00,6.00
60465.00,-0.23,1.47,0.50,0.00,0.08,2.02,0.00,-0.00,-406.36,0.01,0.00,0.01,0.00,0.01,0.00,8.00
60473.00,-0.23,1.47,0.57,0.00,0.08,8.97,0.00,-0.00,868.98,0.01,0.00,0.01,-0.00,0.01,0.00,18.00
60491.00,-0.22,1.49,0.39,0.05,0.07,-10.41,0.24,-0.04,-1076.77,0.01,0.00,0.01,-0.00,0.00,-0.00,6.00
60497.00,-0.22,1.49,0.50,0.05,0.07,19.53,0.24,-0.04,4991.07,0.01,0.00,0.01,-0.00,-0.00,-0.00,6.00
60503.00,-0.22,1.49,0.42,0.05,0.07,-14.18,0.24,-0.04,-5618.97,0.01,0.00,0.01,0.00,-0.01,-0.00,9.00
60512.00,-0.22,1.49,0.42,0.05,0.07,0.55,0.24,-0.04,1636.12,0.01,0.00,0.01,-0.00,-0.01,0.00,7.00
60519.00,-0.22,1.49,0.50,0.05,0.07,10.65,0.24,-0.04,1443.12,0.01,0.00,0.01,-0.00,-0.00,0.01,6.00
60525.00,-0.22,1.49,0.45,0.05,0.07,-7.50,0.24,-0.04,-3025.48,0.01,0.00,0.01,0.00,0.00,0.01,7.00
60532.00,-0.22,1.49,0.44,0.05,0.07,-1.26,0.24,-0.04,892.28,0.01,0.00,0.01,0.00,0.01,0.01,8.00
60545.00,-0.22,1.49,0.64,0.05,0.07,15.20,0.24,-0.04,1265.81,0.01,0.00,0.01,0.00,0.01,0.00,7.00
60552.00,-0.22,1.49,0.47,0.05,0.07,-24.13,0.24,-0.04,-5618.63,0.01,0.00,0.01,0.00,0.00,-0.01,5.00
60557.00,-0.22,1.49,0.39,0.05,0.07,-17.38,0.24,-0.04,1351.26,0.01,0.00,0.01,0.00,-0.01,-0.00,7.00
60564.00,-0.22,1.49,0.48,0.05,0.07,13.91,0.24,-0.04,4469.57,0.01,0.00,0.01,0.00,-0.01,-0.00,8.00
60572.00,-0.22,1.49,0.45,0.05,0.07,-4.15,0.24,-0.04,-2257.11,0.01,0.00,0.01,0.00,-0.01,-0.00,17.00
60589.00,-0.22,1.49,0.46,0.05,0.07,0.33,0.24,-0.04,263.50,0.01,0.00,0.01,0.01,-0.00,0.01,6.00
60595.00,-0.22,1.49,0.51,0.05,0.07,8.77,0.24,-0.04,1406.23,0.01,0.00,0.01,0.01,-0.00,0.01,6.00
60601.00,-0.22,1.49,0.31,0.05,0.07,-33.14,0.24,-0.04,-6985.58,0.01,0.00,0.01,0.01,-0.00,0.00,6.00
60607.00,-0.22,1.49,0.43,0.05,0.07,20.86,0.24,-0.04,9001.07,0.01,0.00,0.01,0.00,0.00,0.00,7.00
60614.00,-0.22,1.49,0.49,0.05,0.07,8.58,0.24,-0.04,-1753.96,0.01,0.00,0.01,-0.00,0.00,-0.00,9.00
60627.00,-0.22,1.49,0.41,0.05,0.07,-6.77,0.24,-0.04,-1180.84,0.01,0.00,0.01,0.00,0.01,-0.01,8.00
60635.00,-0.22,1.49,0.44,0.05,0.07,4.36,0.24,-0.04,1390.17,0.01,0.00,0.01,0.01,0.01,-0.01,8.00
60643.00,-0.22,1.49,0.46,0.05,0.07,2.27,0.24,-0.04,-260.08,0.01,0.00,0.01,0.01,-0.00,-0.00,6.00
60649.00,-0.22,1.49,0.51,0.05,0.07,7.86,0.24,-0.04,930.25,0.01,0.00,0.01,-0.01,-0.01,0.00,5.00
60654.00,-0.22,1.49,0.54,0.05,0.07,5.87,0.24,-0.04,-396.35,0.01,0.00,0.01,-0.01,-0.01,0.00,9.00
60663.00,-0.22,1.49,0.36,0.05,0.07,-19.70,0.24,-0.04,-2841.41,0.01,0.00,0.01,-0.00,0.00,0.00,8.00
60671.00,-0.22,1.49,0.49,0.05,0.07,16.34,0.24,-0.04,4505.25,0.01,0.00,0.01,0.00,0.01,0.01,16.00
60687.00,-0.22,1.49,0.44,0.05,0.07,-3.41,0.24,-0.04,-1234.37,0.01,0.00,0.01,-0.00,0.00,0.00,7.00
60694.00,-0.22,1.50,0.45,0.00,0.04,2.00,-0.25,-0.14,771.90,0.01,0.00,0.01,-0.01,0.01,0.00,6.00
60700.00,-0.22,1.50,0.57,0.00,0.04,20.87,-0.25,-0.14,3144.84,0.01,0.00,0.01,-0.01,-0.00,0.00,5.00
60710.00,-0.22,1.50,0.51,0.00,0.04,-6.92,-0.25,-0.14,-2778.22,0.01,0.00,0.01,0.00,-0.00,-0.00,6.00
60716.00,-0.22,1.50,0.53,0.00,0.04,4.45,-0.25,-0.14,1894.08,0.01,0.00,0.01,0.00,-0.00,0.00,8.00
60724.00,-0.22,1.50,0.32,0.00,0.04,-26.39,-0.25,-0.14,-3854.46,0.01,0.00,0.01,0.00,-0.01,0.00,7.00
60731.00,-0.22,1.50,0.50,0.00,0.04,25.99,-0.25,-0.14,7481.77,0.01,0.00,0.01,-0.00,-0.00,0.00,5.00
60736.00,-0.22,1.50,0.45,0.00,0.04,-10.94,-0.25,-0.14,-7384.33,0.01,0.00,0.01,-0.00,-0.00,0.00,8.00
60744.00,-0.22,1.50,0.47,0.00,0.04,2.14,-0.25,-0.14,1634.99,0.01,0.00,0.01,-0.00,0.00,0.00,5.00
60749.00,-0.22,1.50,0.43,0.00,0.04,-7.62,-0.25,-0.14,-1953.36,0.01,0.00,0.01,0.01,0.00,-0.00,6.00
60755.00,-0.22,1.50,0.41,0.00,0.04,-3.28,-0.25,-0.14,724.24,0.01,0.00,0.01,0.01,0.00,-0.00,8.00
60763.00,-0.22,1.50,0.35,0.00,0.04,-7.21,-0.25,-0.14,-492.02,0.01,0.00,0.01,0.01,0.01,-0.00,8.00
60771.00,-0.22,1.50,0.33,0.00,0.04,-2.42,-0.25,-0.14,599.83,0.01,0.00,0.01,-0.00,0.00,-0.01,5.00
60780.00,-0.22,1.50,0.39,0.00,0.04,6.88,-0.25,-0.14,1033.25,0.01,0.00,0.01,0.00,-0.00,-0.00,16.00
60796.00,-0.22,1.50,0.49,0.00,0.04,5.83,-0.25,-0.14,-66.08,0.01,0.00,0.01,0.01,-0.01,0.00,8.00
60804.00,-0.22,1.50,0.42,0.00,0.04,-8.39,-0.25,-0.14,-1777.07,0.01,0.00,0.01,0.01,-0.00,0.00,8.00
60812.00,-0.22,1.50,0.41,0.00,0.04,-1.71,-0.25,-0.14,835.03,0.01,0.00,0.01,0.00,-0.00,0.00,8.00
60820.00,-0.22,1.50,0.32,0.00,0.04,-10.58,-0.25,-0.14,-1109.06,0.01,0.00,0.01,0.00,0.01,0.00,5.00
60825.00,-0.22,1.50,0.22,0.00,0.04,-19.69,-0.25,-0.14,-1822.14,0.01,0.00,0.01,0.00,0.01,0.00,9.00
60834.00,-0.22,1.50,0.36,0.00,0.04,15.63,-0.25,-0.14,3925.03,0.01,0.00,0.01,0.00,0.01,-0.00,8.00
60842.00,-0.22,1.50,0.37,0.00,0.04,1.01,-0.25,-0.14,-1827.28,0.01,0.00,0.01,0.00,0.01,-0.00,6.00
60848.00,-0.22,1.50,0.35,0.00,0.04,-3.08,-0.25,-0.14,-682.47,0.01,0.00,0.01,-0.00,0.00,-0.00,7.00
60855.00,-0.22,1.50,0.45,0.00,0.04,14.25,-0.25,-0.14,2476.42,0.01,0.00,0.01,-0.00,0.00,-0.00,8.00
60868.00,-0.22,1.50,0.35,0.00,0.04,-7.54,-0.25,-0.14,-1676.82,0.01,0.00,0.01,0.00,-0.01,0.00,18.00
60886.00,-0.22,1.50,0.41,0.00,0.04,3.00,-0.25,-0.14,585.59,0.01,0.00,0.01,0.00,0.00,-0.00,8.00
60894.00,-0.22,1.50,0.46,0.00,0.04,6.44,0.00,0.00,429.91,0.01,0.00,0.01,-0.00,0.01,-0.00,6.00
60900.00,-0.22,1.50,0.33,0.00,0.04,-21.36,0.00,0.00,-4632.12,0.01,0.00,0.01,-0.00,0.01,-0.00,6.00
60906.00,-0.22,1.50,0.40,0.00,0.04,11.37,0.00,0.00,5454.50,0.01,0.00,0.01,-0.00,0.01,-0.00,8.00
60914.00,-0.22,1.50,0.44,0.00,0.04,5.28,0.00,0.00,-760.75,0.01,0.00,0.01,-0.00,0.01,0.01,8.00
60922.00,-0.22,1.50,0.40,0.00,0.04,-5.39,0.00,0.00,-1334.65,0.01,0.00,0.01,-0.00,-0.00,0.00,6.00
60928.00,-0.22,1.50,0.46,0.00,0.04,10.43,0.00,0.00,2638.05,0.01,0.00,0.01,-0.00,-0.01,0.00,7.00
60935.00,-0.22,1.50,0.39,0.00,0.04,-10.60,0.00,0.00,-3004.68,0.01,0.00,0.01,-0.00,-0.01,0.00,9.00
60944.00,-0.22,1.50,0.44,0.00,0.04,6.31,0.00,0.00,1878.96,0.01,0.00,0.01,-0.00,-0.01,0.00,5.00
60959.00,-0.22,1.50,0.29,0.00,0.04,-9.93,0.00,0.00,-1083.03,0.01,0.00,0.01,-0.00,0.00,0.00,7.00
60966.00,-0.22,1.50,0.37,0.00,0.04,10.03,0.00,0.00,2852.45,0.01,0.00,0.01,0.00,0.01,0.00,8.00
60974.00,-0.22,1.50,0.36,0.00,0.04,-0.71,0.00,0.00,-1342.86,0.01,0.00,0.01,0.01,0.01,0.00,17.00
60991.00,-0.22,1.50,0.40,0.00,0.04,2.22,0.00,0.00,172.57,0.01,0.00,0.01,0.00,0.00,-0.00,6.00
60997.00,-0.22,1.50,0.33,0.00,0.04,-10.71,0.00,0.00,-2155.61,0.01,0.00,0.01,0.00,0.00,-0.00,5.00
61002.00,-0.22,1.50,0.35,0.00,0.04,4.30,0.00,0.00,3002.35,0.01,0.00,0.01,0.00,0.00,-0.00,6.00
61008.00,-0.22,1.50,0.34,0.00,0.04,-3.09,0.00,0.00,-1231.90,0.01,0.00,0.01,0.00,0.00,-0.00,7.00
61015.00,-0.22,1.50,0.36,0.00,0.04,2.82,0.00,0.00,843.84,0.01,0.00,0.01,0.00,0.00,-0.00,8.00
61023.00,-0.22,1.50,0.45,0.00,0.04,11.79,0.00,0.00,1121.16,0.01,0.00,0.01,0.00,0.00,-0.00,5.00
61028.00,-0.22,1.50,0.36,0.00,0.04,-17.19,0.00,0.00,-5794.98,0.01,0.00,0.01,0.00,0.00,0.00,7.00
61040.00,-0.22,1.50,0.37,0.00,0.04,0.90,0.00,0.00,1507.53,0.01,0.00,0.01,0.00,0.00,0.01,7.00
61047.00,-0.22,1.50,0.36,0.00,0.04,-1.62,0.00,0.00,-360.75,0.01,0.00,0.01,0.00,0.00,0.01,6.00
61053.00,-0.22,1.50,0.42,0.00,0.04,9.94,0.00,0.00,1926.89,0.01,0.00,0.01,-0.00,0.01,0.01,6.00
61059.00,-0.22,1.50,0.38,0.00,0.04,-6.72,0.00,0.00,-2777.24,0.01,0.00,0.01,-0.00,0.01,0.00,6.00
61065.00,-0.22,1.50,0.26,0.00,0.04,-20.78,0.00,0.00,-2342.50,0.01,0.00,0.01,0.00,0.01,0.00,19.00
61084.00,-0.22,1.50,0.34,0.00,0.04,4.48,0.00,0.00,1329.61,0.01,0.00,0.01,-0.00,0.01,-0.01,8.00
61092.00,-0.22,1.50,0.41,0.00,0.04,7.96,0.00,0.00,434.22,0.01,0.00,0.01,-0.00,-0.00,0.00,5.00
61097.00,-0.22,1.52,0.41,0.00,0.08,0.40,0.00,0.18,-1510.87,0.01,0.00,0.01,-0.00,-0.00,0.00,7.00
61104.00,-0.22,1.52,0.35,0.00,0.08,-7.92,0.00,0.18,-1188.32,0.01,0.00,0.01,0.00,-0.01,0.01,7.00
61111.00,-0.22,1.52,0.33,0.00,0.08,-3.40,0.00,0.18,645.21,0.01,0.00,0.01,0.00,0.00,0.01,6.00
61122.00,-0.22,1.52,0.32,0.00,0.08,-0.91,0.00,0.18,226.62,0.01,0.00,0.01,-0.00,0.01,0.00,6.00
61128.00,-0.22,1.52,0.38,0.00,0.08,9.65,0.00,0.18,1759.70,0.01,0.00,0.01,-0.00,0.01,0.00,7.00
61135.00,-0.22,1.52,0.26,0.00,0.08,-16.86,0.00,0.18,-3786.94,0.01,0.00,0.01,0.00,0.01,-0.00,8.00
61143.00,-0.22,1.52,0.36,0.00,0.08,12.22,0.00,0.18,3634.74,0.01,0.00,0.01,0.00,0.00,-0.01,5.00
61148.00,-0.22,1.52,0.35,0.00,0.08,-0.58,0.00,0.18,-2560.64,0.01,0.00,0.01,0.00,-0.00,-0.01,7.00
61155.00,-0.22,1.52,0.36,0.00,0.08,1.29,0.00,0.18,267.56,0.01,0.00,0.01,0.00,-0.00,-0.01,8.00
61163.00,-0.22,1.52,0.24,0.00,0.08,-14.99,0.00,0.18,-2035.01,0.01,0.00,0.01,-0.00,-0.00,-0.00,6.00
61169.00,-0.22,1.52,0.24,0.00,0.08,-0.96,0.00,0.18,2338.69,0.01,0.00,0.01,0.00,-0.01,0.00,7.00
61176.00,-0.22,1.52,0.28,0.00,0.08,6.23,0.00,0.18,1026.89,0.01,0.00,0.01,0.00,-0.01,0.01,18.00
61194.00,-0.22,1.52,0.35,0.00,0.08,3.95,0.00,0.18,-126.62,0.01,0.00,0.01,-0.00,0.01,0.00,6.00
61205.00,-0.22,1.52,0.37,0.00,0.08,1.35,0.00,0.18,-236.83,0.01,0.00,0.01,-0.01,0.01,-0.01,8.00
61213.00,-0.22,1.52,0.28,0.00,0.08,-10.81,0.00,0.18,-1520.22,0.01,0.00,0.01,-0.00,0.00,-0.01,6.00
61219.00,-0.22,1.52,0.37,0.00,0.08,15.40,0.00,0.18,4369.31,0.01,0.00,0.01,-0.00,-0.00,-0.01,7.00
61226.00,-0.22,1.52,0.38,0.00,0.08,0.48,0.00,0.18,-2131.48,0.01,0.00,0.01,0.00,-0.01,-0.00,8.00
61234.00,-0.22,1.52,0.32,0.00,0.08,-6.84,0.00,0.18,-915.52,0.01,0.00,0.01,-0.00,-0.01,-0.00,7.00
61241.00,-0.22,1.52,0.33,0.00,0.08,1.85,0.00,0.18,1241.89,0.01,0.00,0.01,-0.01,-0.01,0.00,6.00
61247.00,-0.22,1.52,0.34,0.00,0.08,0.39,0.00,0.18,-242.68,0.01,0.00,0.01,-0.01,-0.00,0.00,5.00
61252.00,-0.22,1.52,0.35,0.00,0.08,2.50,0.00,0.18,420.42,0.01,0.00,0.01,0.00,0.00,0.01,6.00
61258.00,-0.22,1.52,0.30,0.00,0.08,-7.93,0.00,0.18,-1737.32,0.01,0.00,0.01,0.00,0.00,0.01,8.00
61266.00,-0.22,1.52,0.39,0.00,0.08,11.17,0.00,0.18,2386.77,0.01,0.00,0.01,0.00,0.00,0.00,7.00
61278.00,-0.22,1.52,0.40,0.00,0.08,0.92,0.00,0.18,-854.24,0.01,0.00,0.01,-0.00,0.00,-0.00,18.00
61296.00,-0.22,1.52,0.45,0.00,0.08,2.51,0.00,0.18,88.85,0.01,0.00,0.01,0.00,0.00,-0.00,6.00
61302.00,-0.22,1.54,0.45,0.00,0.07,0.13,0.00,-0.00,-397.98,0.01,0.00,0.01,0.00,-0.00,-0.00,5.00
61307.00,-0.22,1.54,0.30,0.00,0.07,-29.46,0.00,-0.00,-5918.31,0.01,0.00,0.01,0.00,-0.00,-0.00,8.00
61315.00,-0.22,1.54,0.33,0.00,0.07,3.37,0.00,-0.00,4104.47,0.01,0.00,0.01,0.00,-0.01,-0.00,7.00
61322.00,-0.22,1.54,0.34,0.00,0.07,1.82,0.00,-0.00,-220.86,0.01,0.00,0.01,0.00,-0.01,-0.01,6.00
61328.00,-0.22,1.54,0.27,0.00,0.07,-11.83,0.00,-0.00,-2274.99,0.01,0.00,0.01,0.00,-0.00,-0.00,7.00
61335.00,-0.22,1.54,0.33,0.00,0.07,9.08,0.00,-0.00,2985.97,0.01,0.00,0.01,-0.00,0.00,-0.00,8.00
61343.00,-0.22,1.54,0.41,0.00,0.07,9.81,0.00,-0.00,92.18,0.01,0.00,0.01,0.00,0.00,0.00,5.00
61348.00,-0.22,1.54,0.24,0.00,0.07,-35.32,0.00,-0.00,-9026.49,0.01,0.00,0.01,0.00,0.00,0.00,7.00
61360.00,-0.22,1.54,0.37,0.00,0.07,11.62,0.00,-0.00,3911.25,0.01,0.00,0.01,0.01,0.00,0.00,8.00
61368.00,-0.22,1.54,0.33,0.00,0.07,-5.14,0.00,-0.00,-2094.21,0.01,0.00,0.01,0.00,0.00,0.00,7.00
61375.00,-0.22,1.54,0.39,0.00,0.07,8.63,0.00,-0.00,1966.36,0.01,0.00,0.01,-0.00,0.00,-0.00,17.00
61392.00,-0.22,1.54,0.31,0.00,0.07,-4.99,0.00,-0.00,-801.01,0.01,0.00,0.01,0.01,0.00,-0.00,6.00
61398.00,-0.22,1.54,0.34,0.00,0.07,5.17,0.00,-0.00,1693.13,0.01,0.00,0.01,0.01,0.00,-0.00,6.00
61404.00,-0.22,1.54,0.36,0.00,0.07,2.65,0.00,-0.00,-419.14,0.01,0.00,0.01,0.00,-0.00,0.01,6.00
61410.00,-0.22,1.54,0.38,0.00,0.07,4.21,0.00,-0.00,258.96,0.01,0.00,0.01,-0.00,0.00,0.01,6.00
61416.00,-0.22,1.54,0.32,0.00,0.07,-9.63,0.00,-0.00,-2305.86,0.01,0.00,0.01,-0.01,0.00,0.01,9.00
61425.00,-0.22,1.54,0.35,0.00,0.07,2.45,0.00,-0.00,1341.62,0.01,0.00,0.01,-0.01,0.01,0.00,6.00
61431.00,-0.22,1.54,0.29,0.00,0.07,-10.02,0.00,-0.00,-2078.50,0.01,0.00,0.01,-0.00,0.00,0.00,7.00
61443.00,-0.22,1.54,0.30,0.00,0.07,1.02,0.00,-0.00,920.07,0.01,0.00,0.01,0.00,-0.01,-0.00,6.00
61449.00,-0.22,1.54,0.33,0.00,0.07,6.09,0.00,-0.00,845.91,0.01,0.00,0.01,0.00,-0.01,-0.00,6.00
61455.00,-0.22,1.54,0.36,0.00,0.07,4.63,0.00,-0.00,-244.15,0.01,0.00,0.01,-0.00,0.00,-0.01,7.00
61462.00,-0.22,1.54,0.46,0.00,0.07,14.43,0.00,-0.00,1399.76,0.01,0.00,0.01,-0.01,0.01,-0.00,5.00
61467.00,-0.22,1.54,0.38,0.00,0.07,-16.30,0.00,-0.00,-6144.40,0.01,0.00,0.01,-0.01,0.01,-0.00,18.00
61485.00,-0.22,1.54,0.39,0.00,0.07,0.40,0.00,-0.00,927.62,0.01,0.00,0.01,0.01,0.01,0.01,8.00
61493.00,-0.22,1.54,0.34,0.00,0.07,-6.38,0.00,-0.00,-847.96,0.01,0.00,0.01,-0.00,0.00,0.00,5.00
61498.00,-0.22,1.54,0.42,0.00,0.07,16.74,0.00,-0.00,4625.03,0.01,0.00,0.01,-0.00,0.00,0.00,7.00
61505.00,-0.22,1.54,0.37,0.00,0.04,-6.78,0.00,-0.18,-3359.97,0.01,0.00,0.01,-0.00,0.00,0.00,6.00
61511.00,-0.22,1.54,0.35,0.00,0.04,-4.31,0.00,-0.18,410.62,0.01,0.00,0.01,0.00,0.00,-0.00,7.00
61523.00,-0.22,1.54,0.09,0.00,0.04,-21.12,0.00,-0.18,-1400.54,0.01,0.00,0.01,0.01,0.01,0.00,6.00
61529.00,-0.22,1.54,0.31,0.00,0.04,35.66,0.00,-0.18,9463.09,0.01,0.00,0.01,0.00,0.01,0.01,7.00
61536.00,-0.22,1.54,0.35,0.00,0.04,5.36,0.00,-0.18,-4327.97,0.01,0.00,0.01,-0.00,0.01,0.01,8.00
61544.00,-0.22,1.54,0.33,0.00,0.04,-1.46,0.00,-0.18,-852.64,0.01,0.00,0.01,-0.00,0.01,0.01,5.00
61549.00,-0.22,1.54,0.34,0.00,0.04,0.32,0.00,-0.18,355.22,0.01,0.01,0.01,-0.00,0.01,0.01,7.00
61556.00,-0.22,1.54,0.37,0.00,0.04,4.42,0.00,-0.18,585.80,0.01,0.01,0.01,0.00,0.01,0.00,7.00
61563.00,-0.22,1.54,0.38,0.00,0.04,1.87,0.00,-0.18,-364.46,0.01,0.01,0.01,0.00,0.01,0.00,6.00
61569.00,-0.22,1.54,0.38,0.00,0.04,0.28,0.00,-0.18,-264.89,0.01,0.01,0.01,0.00,0.01,0.00,7.00
61576.00,-0.22,1.54,0.34,0.00,0.04,-5.73,0.00,-0.18,-858.06,0.01,0.01,0.01,-0.00,0.00,0.00,18.00
61594.00,-0.22,1.54,0.29,0.00,0.04,-3.08,0.00,-0.18,147.38,0.01,0.01,0.01,0.00,0.01,0.01,6.00
61610.00,-0.22,1.54,0.39,0.00,0.04,6.63,0.00,-0.18,606.84,0.01,0.01,0.01,0.00,0.01,0.01,8.00
61618.00,-0.22,1.54,0.24,0.00,0.04,-19.05,0.00,-0.18,-3210.74,0.01,0.01,0.01,-0.01,0.01,0.01,8.00
61626.00,-0.22,1.54,0.29,0.00,0.04,6.71,0.00,-0.18,3220.54,0.01,0.01,0.01,-0.01,0.01,0.00,7.00
61633.00,-0.22,1.54,0.26,0.00,0.04,-4.60,0.00,-0.18,-1615.66,0.01,0.01,0.01,0.00,0.00,0.00,5.00
61638.00,-0.22,1.54,0.33,0.00,0.04,13.01,0.00,-0.18,3521.49,0.01,0.01,0.01,0.00,0.00,0.00,9.00
61647.00,-0.22,1.54,0.28,0.00,0.04,-5.65,0.00,-0.18,-2073.16,0.01,0.01,0.01,0.00,0.00,0.00,5.00
61652.00,-0.22,1.54,0.33,0.00,0.04,11.32,0.00,-0.18,3394.72,0.01,0.01,0.01,-0.00,0.00,0.00,6.00
61658.00,-0.22,1.54,0.26,0.00,0.04,-11.29,0.00,-0.18,-3769.20,0.01,0.01,0.01,-0.00,0.01,0.00,8.00
61666.00,-0.22,1.54,0.27,0.00,0.04,1.14,0.00,-0.18,1553.69,0.01,0.01,0.01,-0.00,0.01,0.00,17.00
61683.00,-0.22,1.54,0.27,0.00,0.04,-0.11,0.00,-0.18,-73.68,0.01,0.01,0.01,0.00,0.01,0.00,6.00
