Time(ms), X(m), Y(m), Z(m), VX(m/s), VY(m/s), VZ(m/s), AX(m/s^2), AY(m/s^2), AZ(m/s^2), OX(degrees), OY(degrees), OZ(degrees), WX(degrees/s), WY(degrees/s), WZ(degrees/s), execution_time
17213.00,0.00,0.00,0.04,0.00,0.00,2.53,0.00,0.00,158.33,0.00,-0.00,-0.00,0.00,-0.00,-0.00,10.00
17229.00,0.00,0.00,0.04,0.00,0.00,0.17,0.00,0.00,-147.44,0.00,-0.00,-0.00,0.00,-0.00,0.00,10.00
17239.00,0.00,0.00,0.06,0.00,0.00,1.99,0.00,0.00,181.87,0.00,-0.00,-0.00,-0.00,0.00,0.00,10.00
17249.00,0.00,0.00,0.08,0.00,0.00,1.71,0.00,0.00,-28.15,0.00,-0.00,-0.00,0.00,-0.00,0.00,10.00
17259.00,0.00,0.00,0.09,0.00,0.00,1.06,0.00,0.00,-64.83,0.00,-0.00,0.00,0.00,-0.00,0.00,10.00
17269.00,0.00,0.00,0.07,0.00,0.00,-1.81,0.00,0.00,-286.94,0.00,-0.00,0.00,-0.00,-0.00,-0.00,10.00
17279.00,0.00,0.00,0.05,0.00,0.00,-2.77,0.00,0.00,-96.82,0.00,-0.00,0.00,0.00,-0.00,0.00,19.00
17298.00,0.00,0.00,0.00,0.00,0.00,-2.31,0.00,0.00,24.49,-0.00,-0.00,-0.00,-0.00,0.00,-0.00,10.00
17308.00,0.00,0.00,0.08,0.00,0.00,8.00,0.00,0.00,1031.28,-0.00,-0.00,-0.00,0.00,0.00,0.00,10.00
17318.00,0.00,0.00,-0.02,0.00,0.00,-10.07,0.00,0.00,-1807.41,-0.00,-0.00,-0.00,0.00,-0.00,0.00,10.00
17328.00,0.00,0.00,-0.01,0.00,0.00,1.06,0.00,0.00,1112.56,-0.00,-0.00,-0.00,-0.00,0.00,0.00,10.00
17343.00,0.00,0.00,0.12,0.00,0.00,8.39,0.00,0.00,488.70,-0.00,-0.00,-0.00,0.00,0.00,-0.00,10.00
17353.00,0.00,0.00,0.06,0.00,0.00,-5.53,0.00,0.00,-1391.08,-0.00,-0.00,-0.00,-0.00,0.00,-0.00,10.00
17363.00,0.00,0.00,0.01,0.00,0.00,-5.32,0.00,0.00,20.66,-0.00,-0.00,-0.00,-0.00,0.00,-0.00,10.00
17373.00,0.00,0.00,0.09,0.00,0.00,8.15,0.00,0.00,1347.19,-0.00,0.00,-0.00,-0.00,0.00,-0.00,10.00
17383.00,0.00,0.00,0.11,0.00,0.00,1.63,0.00,0.00,-652.63,-0.00,0.00,-0.00,0.00,0.00,-0.00,17.00
17400.00,0.19,-0.00,-0.05,0.93,-0.00,-9.17,4.59,-0.01,-634.95,-0.00,0.00,-0.00,0.00,0.00,-0.00,10.00
17410.00,0.19,-0.00,0.08,0.93,-0.00,12.64,4.59,-0.01,2180.89,-0.00,0.00,-0.00,0.00,0.00,0.00,10.00
17420.00,0.19,-0.00,0.17,0.93,-0.00,9.80,4.59,-0.01,-284.32,-0.00,0.00,-0.00,0.00,0.00,-0.00,10.00
17430.00,0.19,-0.00,0.09,0.93,-0.00,-8.22,4.59,-0.01,-1802.03,-0.00,0.00,-0.00,0.00,0.00,-0.00,10.00
17440.00,0.19,-0.00,-0.02,0.93,-0.00,-11.03,4.59,-0.01,-281.15,-0.00,0.00,-0.00,-0.00,0.00,0.00,10.00
17454.00,0.19,-0.00,0.11,0.93,-0.00,9.36,4.59,-0.01,1456.48,-0.00,0.00,-0.00,-0.00,0.00,-0.00,10.00
17464.00,0.19,-0.00,0.03,0.93,-0.00,-8.27,4.59,-0.01,-1762.46,-0.00,0.00,-0.00,-0.00,0.00,-0.00,10.00
17474.00,0.19,-0.00,0.05,0.93,-0.00,1.96,4.59,-0.01,1022.67,-0.00,0.00,-0.00,0.00,0.00,-0.00,10.00
17484.00,0.19,-0.00,0.01,0.93,-0.00,-4.22,4.59,-0.01,-617.54,-0.00,0.00,-0.00,-0.00,0.00,-0.00,16.00
17500.00,0.19,-0.00,-0.01,0.93,-0.00,-1.36,4.59,-0.01,178.74,-0.00,0.00,-0.00,-0.00,-0.00,0.00,10.00
17510.00,0.19,-0.00,0.01,0.93,-0.00,2.12,4.59,-0.01,347.15,-0.00,0.00,-0.00,0.00,0.00,0.00,10.00
17520.00,0.19,-0.00,0.07,0.93,-0.00,6.14,4.59,-0.01,402.44,-0.00,0.00,-0.00,0.00,0.00,0.00,10.00
17530.00,0.19,-0.00,0.13,0.93,-0.00,5.65,4.59,-0.01,-48.85,-0.00,0.00,-0.00,0.00,0.00,-0.00,10.00
17540.00,0.19,-0.00,0.06,0.93,-0.00,-6.32,4.59,-0.01,-1197.33,-0.00,0.00,-0.00,0.00,-0.00,-0.00,10.00
17550.00,0.19,-0.00,0.03,0.93,-0.00,-3.52,4.59,-0.01,279.79,-0.00,0.00,-0.00,0.00,-0.00,-0.00,10.00
17565.00,0.19,-0.00,-0.00,0.93,-0.00,-2.09,4.59,-0.01,95.77,-0.00,0.00,-0.00,0.00,0.00,-0.00,10.00
17575.00,0.19,-0.00,-0.02,0.93,-0.00,-1.62,4.59,-0.01,46.34,-0.00,0.00,-0.00,0.00,0.00,-0.00,10.00
17585.00,0.19,-0.00,0.06,0.93,-0.00,7.98,4.59,-0.01,960.71,-0.00,0.00,-0.00,0.00,-0.00,0.00,16.00
17601.00,0.38,0.02,0.07,0.94,0.11,0.37,0.05,0.57,-475.67,-0.00,0.00,-0.00,-0.00,-0.00,0.00,10.00
17611.00,0.38,0.02,0.06,0.94,0.11,-0.51,0.05,0.57,-88.45,-0.00,0.00,-0.00,-0.00,-0.00,0.00,10.00
17621.00,0.38,0.02,0.04,0.94,0.11,-1.97,0.05,0.57,-145.93,-0.00,0.00,-0.00,-0.00,0.00,0.00,10.00
17631.00,0.38,0.02,0.08,0.94,0.11,3.65,0.05,0.57,562.38,-0.00,0.00,-0.00,-0.00,0.00,0.00,10.00
17641.00,0.38,0.02,-0.05,0.94,0.11,-12.48,0.05,0.57,-1613.21,-0.00,0.00,-0.00,0.00,0.00,-0.00,10.00
17651.00,0.38,0.02,0.10,0.94,0.11,14.83,0.05,0.57,2730.67,-0.00,0.00,-0.00,-0.00,0.00,0.00,10.00
17661.00,0.38,0.02,0.11,0.94,0.11,0.66,0.05,0.57,-1416.82,-0.00,0.00,-0.00,0.00,0.00,-0.00,10.00
17676.00,0.38,0.02,0.12,0.94,0.11,0.79,0.05,0.57,8.97,-0.00,0.00,-0.00,0.00,-0.00,-0.00,10.00
17686.00,0.38,0.02,0.05,0.94,0.11,-6.43,0.05,0.57,-722.44,-0.00,0.00,-0.00,-0.00,-0.00,-0.00,16.00
17702.00,0.38,0.02,-0.01,0.94,0.11,-4.04,0.05,0.57,149.72,-0.00,0.00,-0.00,0.00,0.00,-0.00,10.00
17712.00,0.38,0.02,0.11,0.94,0.11,11.66,0.05,0.57,1569.16,-0.00,0.00,-0.00,-0.00,-0.00,0.00,10.00
17722.00,0.38,0.02,-0.01,0.94,0.11,-11.43,0.05,0.57,-2308.17,-0.00,0.00,-0.00,-0.00,-0.00,0.00,10.00
17732.00,0.38,0.02,0.05,0.94,0.11,5.54,0.05,0.57,1696.08,-0.00,0.00,-0.00,-0.00,0.00,0.00,10.00
17742.00,0.38,0.02,0.10,0.94,0.11,4.93,0.05,0.57,-60.28,-0.00,0.00,-0.00,-0.00,0.00,0.00,10.00
17752.00,0.38,0.02,0.07,0.94,0.11,-3.00,0.05,0.57,-793.21,-0.00,0.00,-0.00,-0.00,0.00,0.00,10.00
17762.00,0.38,0.02,0.04,0.94,0.11,-2.31,0.05,0.57,68.66,-0.00,0.00,-0.00,0.00,0.00,0.00,10.00
17772.00,0.38,0.02,0.10,0.94,0.11,5.86,0.05,0.57,817.77,-0.00,0.00,-0.00,0.00,0.00,0.00,10.00
17787.00,0.38,0.02,-0.02,0.94,0.11,-8.26,0.05,0.57,-941.97,-0.00,0.00,-0.00,-0.00,0.00,0.00,16.00
17803.00,0.60,0.05,0.04,1.10,0.14,3.78,0.80,0.12,752.91,-0.00,0.00,-0.00,-0.00,0.00,0.00,10.00
17813.00,0.60,0.05,0.04,1.10,0.14,0.06,0.80,0.12,-371.91,-0.00,0.00,-0.00,-0.00,0.00,-0.00,10.00
17823.00,0.60,0.05,0.04,1.10,0.14,-0.21,0.80,0.12,-26.92,-0.00,0.00,-0.00,0.00,0.00,-0.00,10.00
17833.00,0.60,0.05,0.06,1.10,0.14,2.67,0.80,0.12,287.66,-0.00,0.00,-0.00,0.00,0.00,0.00,10.00
17843.00,0.60,0.05,0.10,1.10,0.14,3.33,0.80,0.12,65.98,-0.00,0.00,-0.00,-0.00,-0.00,0.00,10.00
17853.00,0.60,0.05,0.07,1.10,0.14,-2.44,0.80,0.12,-576.67,-0.00,0.00,-0.00,0.00,0.00,0.00,10.00
17863.00,0.60,0.05,0.01,1.10,0.14,-6.68,0.80,0.12,-424.76,-0.00,0.00,-0.00,-0.00,0.00,0.00,10.00
17873.00,0.60,0.05,0.02,1.10,0.14,1.55,0.80,0.12,823.62,-0.00,0.00,-0.00,-0.00,0.00,0.00,10.00
17883.00,0.60,0.05,0.11,1.10,0.14,9.20,0.80,0.12,764.76,-0.00,0.00,-0.00,0.00,0.00,0.00,18.00
17905.00,0.60,0.05,0.10,1.10,0.14,-0.53,0.80,0.12,-442.04,-0.00,0.00,-0.00,-0.00,-0.00,0.00,10.00
17915.00,0.60,0.05,0.06,1.10,0.14,-4.59,0.80,0.12,-406.18,-0.00,0.00,-0.00,0.00,-0.00,0.00,10.00
17925.00,0.60,0.05,0.09,1.10,0.14,3.81,0.80,0.12,839.88,-0.00,0.00,-0.00,0.00,0.00,0.00,10.00
17935.00,0.60,0.05,0.16,1.10,0.14,6.15,0.80,0.12,233.80,-0.00,0.00,-0.00,0.00,0.00,0.00,10.00
17945.00,0.60,0.05,0.04,1.10,0.14,-11.59,0.80,0.12,-1773.47,-0.00,0.00,-0.00,0.00,0.00,0.00,10.00
17955.00,0.60,0.05,0.04,1.10,0.14,-0.30,0.80,0.12,1128.37,-0.00,0.00,-0.00,-0.00,0.00,0.00,10.00
17965.00,0.60,0.05,0.10,1.10,0.14,6.34,0.80,0.12,664.17,-0.00,0.00,-0.00,-0.00,0.00,0.00,10.00
17975.00,0.60,0.05,0.13,1.10,0.14,2.97,0.80,0.12,-336.74,-0.00,0.00,-0.00,-0.00,0.00,-0.00,10.00
17985.00,0.60,0.05,0.03,1.10,0.14,-9.84,0.80,0.12,-1281.33,-0.00,0.00,-0.00,-0.00,0.00,-0.00,17.00
18002.00,0.60,0.05,0.12,1.10,0.14,5.30,0.80,0.12,890.66,-0.00,0.00,-0.00,0.00,-0.00,-0.00,10.00
18017.00,0.76,0.06,0.05,0.73,0.05,-4.50,-1.75,-0.42,-653.15,-0.00,0.00,-0.00,-0.00,0.00,0.00,10.00
18027.00,0.76,0.06,-0.05,0.73,0.05,-10.32,-1.75,-0.42,-582.34,-0.00,0.00,-0.00,0.00,0.00,0.00,10.00
18037.00,0.76,0.06,0.01,0.73,0.05,5.95,-1.75,-0.42,1627.04,-0.00,0.00,-0.00,0.00,-0.00,0.00,10.00
18047.00,0.76,0.06,0.08,0.73,0.05,6.96,-1.75,-0.42,101.18,-0.00,0.00,-0.00,-0.00,0.00,0.00,10.00
18057.00,0.76,0.06,0.02,0.73,0.05,-6.50,-1.75,-0.42,-1346.53,-0.00,0.00,-0.00,0.00,-0.00,0.00,10.00
18067.00,0.76,0.06,0.05,0.73,0.05,3.69,-1.75,-0.42,1019.19,-0.00,0.00,-0.00,0.00,0.01,0.00,10.00
18077.00,0.76,0.06,0.04,0.73,0.05,-1.65,-1.75,-0.42,-533.38,-0.00,0.00,-0.00,0.00,0.00,0.00,16.00
18093.00,0.76,0.06,0.13,0.73,0.05,5.91,-1.75,-0.42,472.03,-0.00,0.00,-0.00,-0.00,0.00,0.00,10.00
18103.00,0.76,0.06,0.14,0.73,0.05,1.28,-1.75,-0.42,-463.08,-0.00,0.00,-0.00,0.00,0.00,0.00,10.00
18113.00,0.76,0.06,0.20,0.73,0.05,6.18,-1.75,-0.42,490.40,-0.00,0.00,-0.00,-0.00,0.00,0.00,10.00
18128.00,0.76,0.06,0.10,0.73,0.05,-7.10,-1.75,-0.42,-885.18,-0.00,0.00,-0.00,0.00,0.00,0.00,10.00
18138.00,0.76,0.06,0.08,0.73,0.05,-1.38,-1.75,-0.42,571.82,-0.00,0.00,-0.00,-0.00,-0.00,0.00,10.00
18148.00,0.76,0.06,0.09,0.73,0.05,0.51,-1.75,-0.42,188.53,-0.00,0.00,-0.00,-0.00,-0.00,0.00,10.00
18158.00,0.76,0.06,0.14,0.73,0.05,4.97,-1.75,-0.42,446.18,-0.00,0.00,-0.00,-0.00,0.00,0.00,10.00
18168.00,0.76,0.06,0.11,0.73,0.05,-2.60,-1.75,-0.42,-757.16,-0.00,0.00,-0.00,-0.00,0.00,0.00,10.00
18178.00,0.76,0.06,0.01,0.73,0.05,-10.67,-1.75,-0.42,-807.09,-0.00,0.00,-0.00,-0.00,0.00,0.00,16.00
18194.00,0.76,0.06,0.09,0.73,0.05,5.10,-1.75,-0.42,986.13,-0.00,0.00,-0.00,0.00,-0.01,0.00,10.00
18204.00,0.76,0.06,0.02,0.73,0.05,-6.60,-1.75,-0.42,-1170.58,-0.00,0.00,-0.00,-0.00,0.00,0.00,10.00
18214.00,0.76,0.06,0.05,0.73,0.05,3.23,-1.75,-0.42,983.24,-0.00,0.00,-0.00,-0.00,0.00,0.00,10.00
18224.00,0.96,0.08,0.09,0.97,0.10,3.87,1.16,0.28,63.50,-0.00,0.00,-0.00,0.00,0.00,0.00,10.00
18244.00,0.96,0.08,0.19,0.97,0.10,4.96,1.16,0.28,54.56,-0.00,0.00,-0.00,0.00,0.00,-0.00,10.00
18254.00,0.96,0.08,0.06,0.97,0.10,-13.15,1.16,0.28,-1810.57,-0.00,0.00,-0.00,0.00,-0.00,0.00,10.00
18264.00,0.96,0.08,0.06,0.97,0.10,-0.08,1.16,0.28,1307.10,-0.00,0.00,-0.00,0.00,0.00,-0.00,10.00
18274.00,0.96,0.08,0.01,0.97,0.10,-4.85,1.16,0.28,-477.03,-0.00,0.00,-0.00,-0.00,-0.00,-0.00,10.00
18284.00,0.96,0.08,0.11,0.97,0.10,9.89,1.16,0.28,1473.70,-0.00,0.00,-0.00,0.00,-0.00,0.00,18.00
18302.00,0.96,0.08,0.08,0.97,0.10,-1.70,1.16,0.28,-643.81,-0.00,0.00,-0.00,0.00,-0.00,-0.00,10.00
18312.00,0.96,0.08,0.21,0.97,0.10,12.62,1.16,0.28,1432.18,-0.00,0.00,-0.00,0.00,-0.00,0.00,10.00
18322.00,0.96,0.08,0.16,0.97,0.10,-4.65,1.16,0.28,-1727.54,-0.00,0.00,-0.00,-0.00,-0.00,-0.00,10.00
18332.00,0.96,0.08,0.09,0.97,0.10,-7.46,1.16,0.28,-280.56,-0.00,0.00,-0.00,0.00,0.00,0.00,10.00
18342.00,0.96,0.08,0.09,0.97,0.10,0.91,1.16,0.28,837.01,-0.00,0.00,-0.00,0.00,-0.00,0.00,10.00
18357.00,0.96,0.08,0.06,0.97,0.10,-2.33,1.16,0.28,-216.16,-0.00,0.00,-0.00,0.00,0.00,0.00,10.00
18367.00,0.96,0.08,0.07,0.97,0.10,1.32,1.16,0.28,364.71,-0.00,0.00,-0.00,0.00,0.00,0.00,10.00
18377.00,0.96,0.08,0.07,0.97,0.10,-0.30,1.16,0.28,-161.86,-0.00,0.00,-0.00,0.00,0.00,0.00,16.00
18393.00,0.96,0.08,0.00,0.97,0.10,-4.07,1.16,0.28,-235.68,-0.00,0.00,-0.00,0.00,0.00,0.00,10.00
18403.00,0.96,0.08,0.09,0.97,0.10,8.55,1.16,0.28,1262.63,-0.00,0.00,-0.00,0.00,0.00,0.00,10.00
18413.00,0.96,0.08,-0.00,0.97,0.10,-9.18,1.16,0.28,-1773.71,-0.00,0.00,-0.00,0.00,0.00,-0.00,10.00
18423.00,0.96,0.08,0.05,0.97,0.10,5.17,1.16,0.28,1435.33,-0.00,0.00,-0.00,0.00,0.00,-0.00,10.00
18433.00,1.18,0.12,0.04,1.07,0.17,-0.86,0.47,0.30,-603.21,-0.00,0.00,-0.00,0.00,0.00,0.00,10.00
18443.00,1.18,0.12,-0.01,1.07,0.17,-4.72,0.47,0.30,-385.59,-0.00,0.00,-0.00,0.00,0.00,0.00,10.00
18453.00,1.18,0.12,0.07,1.07,0.17,8.12,0.47,0.30,1284.27,-0.00,0.00,-0.00,0.00,0.01,0.00,10.00
18468.00,1.18,0.12,0.09,1.07,0.17,0.83,0.47,0.30,-486.27,-0.00,0.00,-0.00,0.00,-0.00,-0.00,10.00
18478.00,1.18,0.12,0.16,1.07,0.17,6.96,0.47,0.30,612.60,-0.00,0.00,-0.00,0.00,-0.00,-0.00,10.00
18488.00,1.18,0.12,0.16,1.07,0.17,0.20,0.47,0.30,-675.24,-0.00,0.00,-0.00,0.00,-0.00,0.00,16.00
18504.00,1.18,0.12,0.07,1.07,0.17,-5.67,0.47,0.30,-367.13,-0.00,0.00,-0.00,0.00,-0.00,0.00,10.00
18514.00,1.18,0.12,0.04,1.07,0.17,-3.04,0.47,0.30,262.68,-0.00,0.00,-0.00,0.00,0.00,0.00,10.00
18524.00,1.18,0.12,0.00,1.07,0.17,-3.70,0.47,0.30,-65.11,-0.00,0.00,0.00,0.00,0.00,0.00,10.00
18534.00,1.18,0.12,0.15,1.07,0.17,15.31,0.47,0.30,1900.23,-0.00,0.00,0.00,0.00,0.01,0.00,10.00
18544.00,1.18,0.12,0.05,1.07,0.17,-10.63,0.47,0.30,-2593.92,-0.00,0.00,0.00,0.00,0.00,0.00,10.00
18554.00,1.18,0.12,0.12,1.07,0.17,6.86,0.47,0.30,1749.70,-0.00,0.00,0.00,0.00,0.00,0.00,10.00
18564.00,1.18,0.12,0.08,1.07,0.17,-3.35,0.47,0.30,-1021.20,-0.00,0.00,0.00,0.00,0.00,0.00,10.00
18578.00,1.18,0.12,0.04,1.07,0.17,-3.36,0.47,0.30,-0.64,-0.00,0.00,0.00,0.00,-0.00,0.00,17.00
18595.00,1.18,0.12,0.07,1.07,0.17,2.30,0.47,0.30,332.51,-0.00,0.00,0.00,0.00,0.00,0.00,10.00
18605.00,1.18,0.12,0.08,1.07,0.17,0.51,0.47,0.30,-178.70,-0.00,0.00,0.00,0.00,0.00,0.00,10.00
18615.00,1.18,0.12,0.10,1.07,0.17,2.37,0.47,0.30,186.41,-0.00,0.00,0.00,0.00,0.00,-0.00,10.00
18625.00,1.18,0.12,0.03,1.07,0.17,-7.70,0.47,0.30,-1007.26,-0.00,0.00,0.00,-0.00,-0.00,-0.00,10.00
18635.00,1.42,0.16,-0.05,1.21,0.20,-7.83,0.73,0.17,-12.76,-0.00,0.00,0.00,-0.00,0.00,0.00,10.00
18645.00,1.42,0.16,0.15,1.21,0.20,20.08,0.73,0.17,2790.38,-0.00,0.00,0.00,0.00,0.00,0.00,10.00
18655.00,1.42,0.16,0.07,1.21,0.20,-8.38,0.73,0.17,-2845.88,-0.00,0.00,0.00,0.00,0.00,0.00,10.00
18665.00,1.42,0.16,-0.06,1.21,0.20,-12.05,0.73,0.17,-367.03,0.00,0.00,0.00,0.00,0.00,0.00,10.00
18675.00,1.42,0.16,0.06,1.21,0.20,11.29,0.73,0.17,2334.28,0.00,0.00,0.00,0.00,0.00,0.00,18.00
18698.00,1.42,0.16,-0.00,1.21,0.20,-2.72,0.73,0.17,-609.18,-0.00,0.00,0.00,-0.00,-0.00,0.00,10.00
18708.00,1.42,0.16,0.04,1.21,0.20,4.27,0.73,0.17,699.24,-0.00,0.00,0.00,0.00,0.00,0.00,10.00
18718.00,1.42,0.16,0.04,1.21,0.20,0.03,0.73,0.17,-424.54,0.00,0.00,0.00,0.00,0.00,0.00,10.00
18728.00,1.42,0.16,0.02,1.21,0.20,-1.67,0.73,0.17,-169.54,0.00,0.00,0.00,0.00,-0.00,0.00,10.00
18738.00,1.42,0.16,-0.01,1.21,0.20,-3.46,0.73,0.17,-179.56,0.00,0.00,0.00,0.00,0.00,0.00,10.00
18748.00,1.42,0.16,0.08,1.21,0.20,9.54,0.73,0.17,1300.85,0.00,0.00,0.00,-0.00,0.00,0.00,10.00
18758.00,1.42,0.16,0.12,1.21,0.20,4.10,0.73,0.17,-544.47,-0.00,0.00,0.00,-0.00,0.00,0.00,10.00
18768.00,1.42,0.16,0.10,1.21,0.20,-2.00,0.73,0.17,-610.44,-0.00,0.00,0.00,-0.00,-0.00,0.00,10.00
18778.00,1.42,0.16,0.15,1.21,0.20,4.37,0.73,0.17,637.37,-0.00,0.00,0.00,-0.00,-0.00,0.00,10.00
18788.00,1.42,0.16,0.13,1.21,0.20,-1.28,0.73,0.17,-564.50,-0.00,0.00,0.00,-0.00,-0.00,0.00,10.00
18803.00,1.42,0.16,0.04,1.21,0.20,-6.24,0.73,0.17,-330.98,-0.00,0.00,0.00,0.00,0.00,0.00,18.00
18821.00,1.42,0.16,-0.01,1.21,0.20,-2.59,0.73,0.17,202.62,0.00,0.00,0.00,0.00,-0.00,0.00,10.00
18831.00,1.42,0.16,0.03,1.21,0.20,3.43,0.73,0.17,602.19,0.00,0.00,0.00,0.00,0.00,0.00,10.00
18841.00,1.60,0.17,0.08,0.86,0.08,4.89,-1.69,-0.61,145.90,0.00,0.00,0.00,-0.00,0.01,0.00,10.00
18851.00,1.60,0.17,0.11,0.86,0.08,3.19,-1.69,-0.61,-169.28,-0.00,0.00,0.00,-0.00,0.00,-0.00,10.00
18861.00,1.60,0.17,0.05,0.86,0.08,-6.32,-1.69,-0.61,-951.69,-0.00,0.00,0.00,-0.00,-0.00,0.00,10.00
18871.00,1.60,0.17,0.01,0.86,0.08,-3.61,-1.69,-0.61,271.50,-0.00,0.00,0.00,-0.00,0.00,0.00,10.00
18881.00,1.60,0.17,0.12,0.86,0.08,10.60,-1.69,-0.61,1420.89,-0.00,0.00,0.00,0.00,0.00,-0.00,10.00
18891.00,1.60,0.17,0.06,0.86,0.08,-6.02,-1.69,-0.61,-1662.12,-0.00,0.00,0.00,0.00,0.00,0.00,10.00
18901.00,1.60,0.17,-0.08,0.86,0.08,-13.28,-1.69,-0.61,-725.53,-0.00,0.00,0.00,-0.00,0.00,0.00,16.00
18921.00,1.60,0.17,0.12,0.86,0.08,9.74,-1.69,-0.61,1150.80,-0.00,0.00,0.00,0.00,-0.00,0.00,10.00
18931.00,1.60,0.17,0.01,0.86,0.08,-10.77,-1.69,-0.61,-2051.10,-0.00,0.00,0.00,-0.00,0.00,-0.00,10.00
18941.00,1.60,0.17,0.00,0.86,0.08,-0.91,-1.69,-0.61,985.59,-0.00,0.00,0.00,0.00,-0.00,0.00,10.00
18951.00,1.60,0.17,0.11,0.86,0.08,10.74,-1.69,-0.61,1165.19,-0.00,0.00,0.00,0.00,0.00,-0.00,10.00
18961.00,1.60,0.17,0.06,0.86,0.08,-4.55,-1.69,-0.61,-1528.94,-0.00,0.00,0.00,-0.00,0.00,0.00,10.00
18971.00,1.60,0.17,0.00,0.86,0.08,-6.01,-1.69,-0.61,-145.62,-0.00,0.00,0.00,0.00,0.00,-0.00,10.00
18981.00,1.60,0.17,0.06,0.86,0.08,5.55,-1.69,-0.61,1155.48,-0.00,0.00,0.00,0.00,-0.00,0.00,16.00
18997.00,1.60,0.17,0.05,0.86,0.08,-0.39,-1.69,-0.61,-370.88,-0.00,0.00,0.00,0.00,0.00,0.00,10.00
19007.00,1.60,0.17,0.15,0.86,0.08,9.89,-1.69,-0.61,1027.62,-0.00,0.00,0.00,0.00,0.00,0.00,10.00
19017.00,1.60,0.17,0.09,0.86,0.08,-5.75,-1.69,-0.61,-1564.23,-0.00,0.00,0.00,-0.00,0.00,0.00,10.00
19032.00,1.60,0.17,0.02,0.86,0.08,-4.66,-1.69,-0.61,73.07,-0.00,0.00,0.00,0.00,0.00,0.00,10.00
19042.00,1.90,0.22,0.13,1.50,0.22,10.30,3.14,0.71,1495.71,-0.00,0.00,0.00,-0.00,-0.00,0.00,10.00
19052.00,1.90,0.22,0.07,1.50,0.22,-5.67,3.14,0.71,-1597.22,-0.00,0.00,0.00,-0.00,0.00,0.00,10.00
19062.00,1.90,0.22,-0.00,1.50,0.22,-7.16,3.14,0.71,-148.65,-0.00,0.00,0.00,0.00,0.00,0.00,10.00
19072.00,1.90,0.22,0.07,1.50,0.22,7.63,3.14,0.71,1478.62,-0.00,0.00,0.00,-0.00,0.00,0.00,10.00
19082.00,1.90,0.22,0.05,1.50,0.22,-2.47,3.14,0.71,-1009.92,-0.00,0.00,0.00,-0.00,-0.00,0.00,16.00
19098.00,1.90,0.22,-0.01,1.50,0.22,-3.86,3.14,0.71,-86.66,-0.00,0.00,0.00,-0.00,0.00,0.00,10.00
19108.00,1.90,0.22,0.01,1.50,0.22,2.41,3.14,0.71,626.56,-0.00,0.00,0.00,-0.00,0.00,0.00,10.00
19118.00,1.90,0.22,0.09,1.50,0.22,7.74,3.14,0.71,532.94,-0.00,0.00,0.00,-0.00,-0.00,0.00,10.00
19128.00,1.90,0.22,0.04,1.50,0.22,-4.98,3.14,0.71,-1271.31,-0.00,0.00,0.00,-0.00,-0.00,0.00,10.00
19148.00,1.90,0.22,0.14,1.50,0.22,5.20,3.14,0.71,508.95,-0.00,0.00,0.00,0.00,-0.00,0.00,10.00
19158.00,1.90,0.22,-0.01,1.50,0.22,-15.47,3.14,0.71,-2067.14,-0.00,0.00,0.00,0.00,-0.00,-0.00,10.00
19168.00,1.90,0.22,0.03,1.50,0.22,4.49,3.14,0.71,1996.04,-0.00,0.00,0.00,-0.00,0.00,0.00,10.00
19178.00,1.90,0.22,0.15,1.50,0.22,11.78,3.14,0.71,728.88,-0.00,0.00,0.00,0.00,0.00,0.00,17.00
19195.00,1.90,0.22,-0.00,1.50,0.22,-9.12,3.14,0.71,-1229.34,-0.00,0.00,0.00,-0.00,0.00,0.00,10.00
19205.00,1.90,0.22,0.15,1.50,0.22,15.43,3.14,0.71,2454.88,-0.00,0.00,0.00,-0.00,0.00,-0.00,10.00
19215.00,1.90,0.22,0.03,1.50,0.22,-11.95,3.14,0.71,-2737.80,-0.00,0.00,0.00,-0.00,0.00,-0.00,10.00
19225.00,1.90,0.22,0.06,1.50,0.22,2.75,3.14,0.71,1470.22,-0.00,0.00,0.00,0.00,-0.00,0.00,10.00
19235.00,1.90,0.22,0.13,1.50,0.22,7.38,3.14,0.71,462.96,-0.00,0.00,0.00,-0.00,-0.01,-0.00,10.00
19245.00,2.13,0.25,0.03,1.10,0.17,-9.95,-1.96,-0.23,-1733.31,-0.00,0.00,0.00,-0.00,-0.00,-0.00,10.00
19260.00,2.13,0.25,0.10,1.10,0.17,4.72,-1.96,-0.23,978.28,-0.00,0.00,0.00,-0.00,-0.00,-0.00,10.00
19270.00,2.13,0.25,0.03,1.10,0.17,-7.55,-1.96,-0.23,-1227.31,-0.00,0.00,0.00,-0.00,0.00,-0.00,10.00
19280.00,2.13,0.25,0.10,1.10,0.17,7.54,-1.96,-0.23,1508.41,-0.00,0.00,0.00,-0.00,0.00,-0.00,16.00
19296.00,2.13,0.25,0.01,1.10,0.17,-6.03,-1.96,-0.23,-847.81,-0.00,0.00,0.00,0.00,-0.00,0.00,10.00
19306.00,2.13,0.25,0.12,1.10,0.17,10.76,-1.96,-0.23,1679.24,-0.00,0.00,0.00,0.00,0.00,0.00,10.00
19316.00,2.13,0.25,0.04,1.10,0.17,-7.31,-1.96,-0.23,-1807.20,-0.00,0.00,0.00,0.00,-0.00,0.00,10.00
19326.00,2.13,0.25,0.07,1.10,0.17,2.94,-1.96,-0.23,1024.53,-0.00,0.00,0.00,0.00,-0.00,-0.00,10.00
19336.00,2.13,0.25,0.06,1.10,0.17,-1.00,-1.96,-0.23,-393.22,-0.00,0.00,0.00,-0.00,-0.00,0.00,10.00
19346.00,2.13,0.25,0.02,1.10,0.17,-4.13,-1.96,-0.23,-313.67,-0.00,0.00,0.00,-0.00,-0.00,-0.00,10.00
19356.00,2.13,0.25,0.07,1.10,0.17,5.12,-1.96,-0.23,925.62,-0.00,0.00,0.00,0.00,-0.00,0.00,10.00
19371.00,2.13,0.25,0.11,1.10,0.17,2.44,-1.96,-0.23,-179.27,-0.00,0.00,0.00,-0.00,-0.00,0.00,10.00
19381.00,2.13,0.25,0.02,1.10,0.17,-8.83,-1.96,-0.23,-1126.13,-0.00,0.00,0.00,0.00,-0.00,-0.00,10.00
19391.00,2.13,0.25,0.04,1.10,0.17,2.48,-1.96,-0.23,1130.20,-0.00,0.00,0.00,-0.00,-0.00,-0.00,16.00
19407.00,2.13,0.25,0.04,1.10,0.17,-0.57,-1.96,-0.23,-190.32,-0.00,0.00,0.00,0.00,-0.00,-0.00,10.00
19417.00,2.13,0.25,0.06,1.10,0.17,2.84,-1.96,-0.23,341.27,-0.00,0.00,0.00,0.00,0.00,-0.00,10.00
19427.00,2.13,0.25,0.05,1.10,0.17,-0.99,-1.96,-0.23,-383.53,-0.00,0.00,0.00,0.00,-0.00,-0.00,10.00
19437.00,2.13,0.25,0.07,1.10,0.17,1.38,-1.96,-0.23,236.69,-0.00,0.00,0.00,0.00,-0.00,-0.00,10.00
19447.00,2.32,0.27,-0.01,0.94,0.11,-8.23,-0.79,-0.30,-960.59,-0.00,0.00,0.00,-0.00,0.00,0.00,10.00
19457.00,2.32,0.27,0.08,0.94,0.11,9.56,-0.79,-0.30,1779.22,-0.00,0.00,0.00,-0.00,-0.00,0.00,10.00
19467.00,2.32,0.27,0.14,0.94,0.11,5.50,-0.79,-0.30,-405.68,-0.00,0.00,0.00,-0.00,0.00,-0.00,10.00
19482.00,2.32,0.27,0.06,0.94,0.11,-4.98,-0.79,-0.30,-698.87,-0.00,0.00,0.00,-0.00,0.00,0.00,16.00
19498.00,2.32,0.27,0.01,0.94,0.11,-3.07,-0.79,-0.30,119.40,-0.00,0.00,0.00,-0.00,0.00,-0.00,10.00
19508.00,2.32,0.27,0.10,0.94,0.11,8.44,-0.79,-0.30,1151.18,-0.00,0.00,0.00,-0.00,-0.00,0.00,10.00
19518.00,2.32,0.27,-0.02,0.94,0.11,-11.49,-0.79,-0.30,-1993.72,-0.00,0.00,0.00,0.00,0.00,0.00,10.00
19528.00,2.32,0.27,0.14,0.94,0.11,15.64,-0.79,-0.30,2713.76,-0.00,0.00,0.00,-0.00,-0.00,0.00,10.00
19538.00,2.32,0.27,0.10,0.94,0.11,-4.22,-0.79,-0.30,-1986.76,-0.00,0.00,0.00,0.00,-0.00,0.00,10.00
19548.00,2.32,0.27,0.09,0.94,0.11,-0.85,-0.79,-0.30,336.97,-0.00,0.00,0.00,0.00,-0.00,-0.00,10.00
19558.00,2.32,0.27,-0.03,0.94,0.11,-11.49,-0.79,-0.30,-1063.64,-0.00,0.00,0.00,0.00,-0.00,-0.00,10.00
19568.00,2.32,0.27,0.11,0.94,0.11,13.93,-0.79,-0.30,2541.91,-0.00,0.00,0.00,0.00,0.00,0.00,10.00
19578.00,2.32,0.27,0.09,0.94,0.11,-2.36,-0.79,-0.30,-1629.11,-0.00,0.00,0.00,0.00,-0.00,-0.00,18.00
19601.00,2.32,0.27,0.14,0.94,0.11,2.24,-0.79,-0.30,199.91,-0.00,0.00,0.00,0.00,0.00,-0.00,10.00
19611.00,2.32,0.27,0.04,0.94,0.11,-10.27,-0.79,-0.30,-1250.27,-0.00,0.00,0.00,-0.00,0.00,0.00,10.00
19621.00,2.32,0.27,0.02,0.94,0.11,-1.20,-0.79,-0.30,906.23,-0.00,0.00,0.00,-0.00,0.00,0.00,10.00
19631.00,2.32,0.27,0.03,0.94,0.11,0.75,-0.79,-0.30,195.00,-0.00,0.00,0.00,-0.00,-0.00,0.00,10.00
19641.00,2.32,0.27,0.13,0.94,0.11,9.72,-0.79,-0.30,897.66,-0.00,0.00,0.00,0.00,-0.00,0.00,10.00
19651.00,2.48,0.30,0.07,0.82,0.12,-6.38,-0.58,0.04,-1610.53,-0.00,0.00,0.00,-0.00,0.00,0.00,10.00
19661.00,2.48,0.30,0.05,0.82,0.12,-1.71,-0.58,0.04,467.05,-0.00,0.00,0.00,-0.00,0.00,0.00,10.00
19671.00,2.48,0.30,0.08,0.82,0.12,3.34,-0.58,0.04,505.54,-0.00,0.00,0.00,0.00,0.00,0.00,10.00
19681.00,2.48,0.30,0.07,0.82,0.12,-0.84,-0.58,0.04,-418.48,-0.00,0.00,0.00,0.00,0.00,0.00,16.00
19697.00,2.48,0.30,-0.02,0.82,0.12,-6.09,-0.58,0.04,-328.05,-0.00,0.00,0.00,0.00,-0.00,0.00,10.00
19712.00,2.48,0.30,0.07,0.82,0.12,5.98,-0.58,0.04,804.81,-0.00,0.00,0.00,0.00,-0.01,0.00,10.00
19722.00,2.48,0.30,0.15,0.82,0.12,8.82,-0.58,0.04,283.50,-0.00,0.00,0.00,-0.00,-0.00,-0.00,10.00
19732.00,2.48,0.30,0.09,0.82,0.12,-6.16,-0.58,0.04,-1497.74,-0.00,0.00,0.00,-0.00,0.00,-0.00,10.00
19742.00,2.48,0.30,-0.05,0.82,0.12,-14.66,-0.58,0.04,-850.21,-0.00,0.00,0.00,0.00,0.00,-0.00,10.00
19752.00,2.48,0.30,0.03,0.82,0.12,8.08,-0.58,0.04,2274.02,-0.00,0.00,0.00,-0.00,0.01,-0.00,10.00
19762.00,2.48,0.30,0.09,0.82,0.12,6.49,-0.58,0.04,-158.64,-0.00,0.00,0.00,0.00,0.00,0.00,10.00
19772.00,2.48,0.30,0.01,0.82,0.12,-8.04,-0.58,0.04,-1452.83,-0.00,0.00,0.00,0.00,-0.00,-0.00,10.00
19782.00,2.48,0.30,0.04,0.82,0.12,3.21,-0.58,0.04,1124.76,-0.00,0.00,0.00,0.00,0.00,-0.00,16.00
19798.00,2.48,0.30,0.07,0.82,0.12,1.79,-0.58,0.04,-88.95,-0.00,0.00,0.00,-0.00,-0.00,-0.00,10.00
19808.00,2.48,0.30,0.03,0.82,0.12,-4.35,-0.58,0.04,-613.20,-0.00,0.00,0.00,0.00,0.00,0.00,10.00
19823.00,2.48,0.30,0.12,0.82,0.12,6.44,-0.58,0.04,719.24,-0.00,0.00,0.00,0.00,-0.00,-0.00,10.00
19833.00,2.48,0.30,0.12,0.82,0.12,-0.73,-0.58,0.04,-716.85,-0.00,0.00,0.00,0.00,0.00,0.00,10.00
19843.00,2.48,0.30,0.08,0.82,0.12,-3.88,-0.58,0.04,-315.55,-0.00,0.00,0.00,-0.00,0.00,-0.00,10.00
19853.00,2.65,0.32,0.08,0.83,0.12,0.39,0.04,0.01,426.74,-0.00,0.00,0.00,-0.00,-0.01,0.00,10.00
19863.00,2.65,0.32,0.05,0.83,0.12,-3.19,0.04,0.01,-357.93,-0.00,0.00,0.00,-0.00,-0.00,0.00,10.00
19873.00,2.65,0.32,0.09,0.83,0.12,3.96,0.04,0.01,715.51,-0.00,0.00,0.00,0.00,-0.00,0.00,10.00
19883.00,2.65,0.32,0.06,0.83,0.12,-3.00,0.04,0.01,-696.29,-0.00,0.00,0.00,-0.00,0.00,-0.00,10.00
19893.00,2.65,0.32,0.00,0.83,0.12,-5.77,0.04,0.01,-277.41,-0.00,0.00,0.00,-0.00,-0.00,-0.00,16.00
19909.00,2.65,0.32,0.01,0.83,0.12,0.43,0.04,0.01,387.83,-0.00,0.00,0.00,-0.00,-0.00,0.00,10.00
19919.00,2.65,0.32,0.14,0.83,0.12,13.06,0.04,0.01,1262.93,-0.00,0.00,0.00,-0.00,0.00,0.00,10.00
19934.00,2.65,0.32,-0.03,0.83,0.12,-11.61,0.04,0.01,-1644.74,-0.00,0.00,0.00,0.00,-0.00,0.00,10.00
19944.00,2.65,0.32,-0.01,0.83,0.12,2.65,0.04,0.01,1425.64,-0.00,0.00,0.00,0.00,-0.00,-0.00,10.00
19954.00,2.65,0.32,0.14,0.83,0.12,15.19,0.04,0.01,1253.98,-0.00,0.00,-0.00,-0.00,0.00,-0.00,10.00
19964.00,2.65,0.32,0.01,0.83,0.12,-13.46,0.04,0.01,-2864.35,-0.00,0.00,-0.00,-0.00,0.00,0.00,10.00
19974.00,2.65,0.32,0.02,0.83,0.12,0.97,0.04,0.01,1442.87,-0.00,0.00,-0.00,0.00,0.00,-0.00,10.00
19984.00,2.65,0.32,0.09,0.83,0.12,7.43,0.04,0.01,646.19,-0.00,0.00,-0.00,0.00,0.00,0.00,16.00
20000.00,2.65,0.32,0.04,0.83,0.12,-3.15,0.04,0.01,-661.18,-0.00,0.00,-0.00,-0.00,-0.00,-0.00,10.00
20010.00,2.65,0.32,0.13,0.83,0.12,8.72,0.04,0.01,1186.84,-0.00,0.00,-0.00,-0.00,-0.00,-0.00,10.00
20020.00,2.65,0.32,0.05,0.83,0.12,-7.60,0.04,0.01,-1631.90,-0.00,0.00,-0.00,-0.00,-0.00,-0.00,10.00
20030.00,2.65,0.32,0.03,0.83,0.12,-2.85,0.04,0.01,474.33,-0.00,0.00,-0.00,-0.00,0.00,0.00,10.00
20051.00,2.65,0.32,0.05,0.83,0.12,1.38,0.04,0.01,201.56,-0.00,0.00,-0.00,0.00,-0.00,0.00,10.00
20061.00,2.78,0.34,0.06,0.64,0.09,0.74,-0.89,-0.13,-64.11,-0.00,0.00,-0.00,0.00,-0.00,0.00,10.00
20071.00,2.78,0.34,0.09,0.64,0.09,2.33,-0.89,-0.13,158.74,-0.00,0.00,-0.00,0.00,0.00,-0.00,10.00
20081.00,2.78,0.34,0.00,0.64,0.09,-8.16,-0.89,-0.13,-1048.40,-0.00,0.00,-0.00,0.00,0.00,-0.00,17.00
20098.00,2.78,0.34,0.03,0.64,0.09,1.64,-0.89,-0.13,576.15,-0.00,0.00,-0.00,-0.00,-0.00,-0.00,10.00
20108.00,2.78,0.34,0.03,0.64,0.09,-0.50,-0.89,-0.13,-213.17,-0.00,0.00,-0.00,0.00,0.01,-0.00,10.00
20118.00,2.78,0.34,0.07,0.64,0.09,4.45,-0.89,-0.13,494.11,-0.00,0.00,-0.00,0.00,0.00,-0.00,10.00
20128.00,2.78,0.34,0.16,0.64,0.09,8.47,-0.89,-0.13,402.07,-0.00,0.00,-0.00,-0.00,-0.00,-0.00,10.00
20138.00,2.78,0.34,0.13,0.64,0.09,-2.39,-0.89,-0.13,-1085.15,-0.00,0.00,-0.00,0.00,0.00,-0.00,10.00
20148.00,2.78,0.34,0.05,0.64,0.09,-8.20,-0.89,-0.13,-580.98,-0.00,0.00,-0.00,0.00,-0.00,-0.00,10.00
20163.00,2.78,0.34,0.11,0.64,0.09,4.13,-0.89,-0.13,821.68,-0.00,0.00,-0.00,0.00,0.00,-0.00,10.00
20173.00,2.78,0.34,0.09,0.64,0.09,-2.31,-0.89,-0.13,-644.17,-0.00,0.00,-0.00,0.00,0.00,-0.00,10.00
20183.00,2.78,0.34,0.02,0.64,0.09,-6.46,-0.89,-0.13,-414.89,-0.00,0.00,-0.00,0.00,-0.00,-0.00,16.00
20199.00,2.78,0.34,0.07,0.64,0.09,2.93,-0.89,-0.13,587.10,-0.00,0.00,-0.00,0.00,-0.00,-0.00,10.00
20209.00,2.78,0.34,0.03,0.64,0.09,-4.39,-0.89,-0.13,-732.27,-0.00,0.00,-0.00,0.00,0.00,-0.00,10.00
20219.00,2.78,0.34,0.03,0.64,0.09,-0.15,-0.89,-0.13,423.98,-0.00,0.00,-0.00,0.00,-0.00,-0.00,10.00
20229.00,2.78,0.34,0.07,0.64,0.09,4.32,-0.89,-0.13,447.49,-0.00,0.00,-0.00,0.00,0.00,-0.00,10.00
20239.00,2.78,0.34,0.08,0.64,0.09,1.19,-0.89,-0.13,-313.00,-0.00,0.00,-0.00,0.00,0.00,0.00,10.00
20249.00,2.78,0.34,0.07,0.64,0.09,-1.61,-0.89,-0.13,-280.63,-0.00,0.00,-0.00,0.00,0.00,0.00,10.00
20259.00,2.78,0.34,0.16,0.64,0.09,9.23,-0.89,-0.13,1083.86,-0.00,0.00,-0.00,0.00,0.00,0.00,10.00
20274.00,2.98,0.38,0.09,0.94,0.17,-4.63,1.40,0.37,-924.07,-0.00,0.00,-0.00,0.00,-0.00,0.00,10.00
20284.00,2.98,0.38,0.06,0.94,0.17,-2.35,1.40,0.37,228.81,-0.00,0.00,-0.00,-0.00,-0.00,-0.00,10.00
20294.00,2.98,0.38,0.11,0.94,0.17,4.96,1.40,0.37,730.57,-0.00,0.00,-0.00,-0.00,0.00,0.00,16.00
20310.00,2.98,0.38,0.08,0.94,0.17,-1.92,1.40,0.37,-429.77,-0.00,0.00,-0.00,0.00,0.00,0.00,10.00
20320.00,2.98,0.38,0.07,0.94,0.17,-1.73,1.40,0.37,19.01,-0.00,0.00,-0.00,-0.00,-0.00,0.00,10.00
20330.00,2.98,0.38,0.12,0.94,0.17,5.46,1.40,0.37,719.01,-0.00,0.00,-0.00,-0.00,-0.00,-0.00,10.00
20340.00,2.98,0.38,0.10,0.94,0.17,-2.30,1.40,0.37,-776.23,-0.00,0.00,-0.00,0.00,0.00,-0.00,10.00
20350.00,2.98,0.38,0.15,0.94,0.17,5.40,1.40,0.37,769.57,-0.00,0.00,-0.00,-0.00,-0.00,0.00,10.00
20360.00,2.98,0.38,0.10,0.94,0.17,-5.60,1.40,0.37,-1099.83,-0.00,0.00,-0.00,-0.00,-0.00,0.00,10.00
20370.00,2.98,0.38,0.12,0.94,0.17,2.18,1.40,0.37,777.68,-0.00,0.00,-0.00,-0.00,0.00,-0.00,10.00
20385.00,2.98,0.38,-0.02,0.94,0.17,-9.06,1.40,0.37,-749.33,-0.00,0.00,-0.00,0.00,0.00,0.00,16.00
20401.00,2.98,0.38,0.05,0.94,0.17,4.53,1.40,0.37,849.45,-0.00,0.00,-0.00,0.00,0.00,0.00,10.00
20411.00,2.98,0.38,0.14,0.94,0.17,9.02,1.40,0.37,449.75,-0.00,0.00,-0.00,0.00,0.00,0.00,10.00
20421.00,2.98,0.38,0.10,0.94,0.17,-4.09,1.40,0.37,-1311.31,-0.00,0.00,-0.00,0.00,0.00,-0.00,10.00
20431.00,2.98,0.38,0.05,0.94,0.17,-5.38,1.40,0.37,-128.71,-0.00,0.00,-0.00,-0.00,0.00,-0.00,10.00
20441.00,2.98,0.38,0.07,0.94,0.17,2.26,1.40,0.37,763.51,-0.00,0.00,-0.00,-0.00,-0.00,-0.00,10.00
20451.00,2.98,0.38,0.06,0.94,0.17,-1.18,1.40,0.37,-344.08,-0.00,0.00,-0.00,0.00,-0.00,-0.00,10.00
20461.00,2.98,0.38,0.04,0.94,0.17,-2.18,1.40,0.37,-99.61,-0.00,0.00,-0.00,-0.00,-0.00,0.00,10.00
20471.00,2.98,0.38,0.14,0.94,0.17,9.74,1.40,0.37,1191.64,-0.00,0.00,-0.00,0.00,0.00,0.00,10.00
20481.00,3.33,0.46,0.15,1.67,0.38,1.65,3.51,0.99,-808.75,-0.00,0.00,-0.00,0.00,0.00,0.00,18.00
20504.00,3.33,0.46,0.13,1.67,0.38,-0.93,3.51,0.99,-112.17,-0.00,0.00,-0.00,0.00,-0.00,0.00,10.00
20514.00,3.33,0.46,0.05,1.67,0.38,-8.26,3.51,0.99,-733.42,-0.00,0.00,-0.00,0.00,-0.00,0.00,10.00
20524.00,3.33,0.46,0.11,1.67,0.38,6.25,3.51,0.99,1451.45,-0.00,0.00,-0.00,0.00,-0.00,-0.00,10.00
20534.00,3.33,0.46,0.08,1.67,0.38,-2.89,3.51,0.99,-914.42,-0.00,0.00,-0.00,0.00,-0.00,-0.00,10.00
20544.00,3.33,0.46,0.09,1.67,0.38,0.66,3.51,0.99,355.46,-0.00,0.00,-0.00,-0.00,-0.00,0.00,10.00
20554.00,3.33,0.46,0.06,1.67,0.38,-2.53,3.51,0.99,-318.77,-0.00,0.00,-0.00,0.00,-0.00,0.00,10.00
20564.00,3.33,0.46,0.05,1.67,0.38,-1.50,3.51,0.99,102.42,-0.00,0.00,-0.00,-0.00,-0.00,0.00,10.00
20574.00,3.33,0.46,0.10,1.67,0.38,5.41,3.51,0.99,690.79,-0.00,0.00,-0.00,-0.00,-0.00,0.00,10.00
20584.00,3.33,0.46,0.01,1.67,0.38,-8.76,3.51,0.99,-1417.01,-0.00,0.00,-0.00,-0.00,-0.00,0.00,17.00
20601.00,3.33,0.46,-0.05,1.67,0.38,-4.04,3.51,0.99,277.83,-0.00,0.00,-0.00,0.00,-0.00,-0.00,10.00
20616.00,3.33,0.46,0.10,1.67,0.38,10.36,3.51,0.99,959.72,-0.00,0.00,-0.00,0.00,0.00,-0.00,10.00
20626.00,3.33,0.46,0.12,1.67,0.38,1.59,3.51,0.99,-876.38,-0.00,0.00,-0.00,0.00,-0.00,0.00,10.00
20636.00,3.33,0.46,0.10,1.67,0.38,-2.18,3.51,0.99,-376.99,-0.00,0.00,-0.00,0.00,-0.00,-0.00,10.00
20646.00,3.33,0.46,0.08,1.67,0.38,-1.88,3.51,0.99,29.91,-0.00,0.00,-0.00,0.00,0.00,0.00,10.00
20656.00,3.33,0.46,0.05,1.67,0.38,-2.48,3.51,0.99,-60.30,-0.00,0.00,-0.00,-0.00,-0.00,0.00,10.00
20666.00,3.33,0.46,0.07,1.67,0.38,2.26,3.51,0.99,473.93,-0.00,0.00,-0.00,0.00,-0.00,0.00,10.00
20676.00,3.33,0.46,0.13,1.67,0.38,5.22,3.51,0.99,296.70,-0.00,-0.00,-0.00,0.00,-0.00,0.00,10.00
20686.00,3.52,0.50,0.04,0.92,0.18,-8.64,-3.63,-0.95,-1386.43,-0.00,-0.00,-0.00,0.00,-0.00,0.00,16.00
20702.00,3.52,0.50,0.09,0.92,0.18,3.28,-3.63,-0.95,745.12,-0.00,-0.00,-0.00,0.00,0.00,0.00,10.00
20712.00,3.52,0.50,0.01,0.92,0.18,-7.85,-3.63,-0.95,-1112.76,-0.00,-0.00,-0.00,0.00,0.00,-0.00,10.00
20726.00,3.52,0.50,0.07,0.92,0.18,4.30,-3.63,-0.95,867.49,-0.00,-0.00,-0.00,0.00,0.00,0.00,10.00
20736.00,3.52,0.50,0.12,0.92,0.18,4.84,-3.63,-0.95,54.06,-0.00,-0.00,-0.00,-0.00,0.00,0.00,10.00
20746.00,3.52,0.50,0.11,0.92,0.18,-1.27,-3.63,-0.95,-610.73,-0.00,0.00,-0.00,0.00,0.00,-0.00,10.00
20756.00,3.52,0.50,0.06,0.92,0.18,-5.10,-3.63,-0.95,-383.52,-0.00,0.00,-0.00,-0.00,0.00,-0.00,10.00
20766.00,3.52,0.50,0.05,0.92,0.18,-0.62,-3.63,-0.95,448.48,-0.00,0.00,-0.00,-0.00,-0.00,0.00,10.00
20776.00,3.52,0.50,0.10,0.92,0.18,4.84,-3.63,-0.95,545.53,-0.00,0.00,-0.00,0.00,0.00,0.00,10.00
20786.00,3.52,0.50,0.11,0.92,0.18,0.64,-3.63,-0.95,-419.25,-0.00,0.00,-0.00,-0.00,0.00,-0.00,16.00
20802.00,3.52,0.50,0.01,0.92,0.18,-6.26,-3.63,-0.95,-431.69,-0.00,0.00,-0.00,0.00,0.00,0.00,10.00
20812.00,3.52,0.50,0.12,0.92,0.18,11.46,-3.63,-0.95,1772.67,-0.00,0.00,-0.00,0.00,0.00,0.00,10.00
20822.00,3.52,0.50,0.11,0.92,0.18,-1.69,-3.63,-0.95,-1314.94,-0.00,0.00,-0.00,0.00,0.00,-0.00,10.00
20837.00,3.52,0.50,0.09,0.92,0.18,-0.96,-3.63,-0.95,48.12,-0.00,0.00,-0.00,0.00,-0.00,0.00,10.00
20847.00,3.52,0.50,0.09,0.92,0.18,-0.33,-3.63,-0.95,63.70,-0.00,0.00,-0.00,-0.00,-0.00,0.00,10.00
20857.00,3.52,0.50,0.02,0.92,0.18,-6.67,-3.63,-0.95,-634.85,-0.00,0.00,-0.00,-0.00,0.00,0.00,10.00
20867.00,3.52,0.50,-0.00,0.92,0.18,-2.41,-3.63,-0.95,426.23,-0.00,0.00,-0.00,0.00,0.01,-0.00,10.00
20877.00,3.52,0.50,0.07,0.92,0.18,7.50,-3.63,-0.95,990.77,-0.00,0.00,-0.00,-0.00,0.00,0.00,10.00
20887.00,3.64,0.52,0.04,0.61,0.14,-2.95,-1.56,-0.22,-1044.14,-0.00,0.00,-0.00,0.00,0.00,0.00,10.00
20897.00,3.64,0.52,0.03,0.61,0.14,-1.59,-1.56,-0.22,135.13,-0.00,0.00,-0.00,-0.00,0.00,0.00,10.00
20907.00,3.64,0.52,-0.00,0.61,0.14,-2.86,-1.56,-0.22,-126.12,-0.00,0.00,-0.00,0.00,0.00,0.00,10.00
20917.00,3.64,0.52,0.04,0.61,0.14,4.47,-1.56,-0.22,732.15,-0.00,0.00,-0.00,0.00,0.00,0.00,16.00
20933.00,3.64,0.52,0.04,0.61,0.14,-0.35,-1.56,-0.22,-301.19,-0.00,0.00,-0.00,-0.00,0.00,0.00,10.00
20948.00,3.64,0.52,0.06,0.61,0.14,1.83,-1.56,-0.22,145.28,-0.00,0.00,-0.00,0.00,0.00,0.00,10.00
20958.00,3.64,0.52,0.01,0.61,0.14,-5.75,-1.56,-0.22,-757.77,-0.00,0.00,0.00,-0.00,0.00,0.00,10.00
20968.00,3.64,0.52,0.04,0.61,0.14,3.51,-1.56,-0.22,926.47,-0.00,0.00,0.00,0.00,0.00,0.00,10.00
20978.00,3.64,0.52,0.07,0.61,0.14,2.52,-1.56,-0.22,-99.19,-0.00,0.00,0.00,0.00,0.00,0.00,15.00
20993.00,3.64,0.52,-0.00,0.61,0.14,-4.59,-1.56,-0.22,-473.90,-0.00,0.00,0.00,0.00,0.00,-0.00,10.00
21003.00,3.64,0.52,-0.00,0.61,0.14,-0.25,-1.56,-0.22,434.25,-0.00,0.00,0.00,0.00,-0.00,-0.00,10.00
21013.00,3.64,0.52,0.09,0.61,0.14,9.87,-1.56,-0.22,1011.90,-0.00,0.00,0.00,0.00,-0.00,0.00,10.00
21023.00,3.64,0.52,0.03,0.61,0.14,-6.17,-1.56,-0.22,-1604.10,-0.00,0.00,0.00,-0.00,-0.00,0.00,10.00
21033.00,3.64,0.52,0.12,0.61,0.14,8.57,-1.56,-0.22,1473.24,-0.00,0.00,0.00,0.00,0.00,0.00,10.00
21043.00,3.64,0.52,0.10,0.61,0.14,-1.61,-1.56,-0.22,-1017.19,-0.00,0.00,0.00,0.00,0.00,0.00,10.00
21063.00,3.64,0.52,0.10,0.61,0.14,-0.20,-1.56,-0.22,70.30,-0.00,0.00,0.00,0.00,0.00,0.00,10.00
21073.00,3.64,0.52,0.02,0.61,0.14,-8.19,-1.56,-0.22,-799.02,-0.00,0.00,0.00,-0.00,0.00,-0.00,10.00
21083.00,3.64,0.52,0.12,0.61,0.14,10.34,-1.56,-0.22,1852.79,-0.00,0.00,0.00,-0.00,0.00,-0.00,18.00
21101.00,-120.46,-17.70,-0.06,-579.90,-85.15,-9.97,-2712.68,-398.55,-1128.24,-0.00,0.00,0.00,-0.00,-0.00,-0.00,10.00
21111.00,-120.46,-17.70,0.10,-579.90,-85.15,15.90,-2712.68,-398.55,2587.19,-0.00,0.00,-0.00,-0.00,0.00,-0.00,10.00
21121.00,-120.46,-17.70,0.01,-579.90,-85.15,-8.53,-2712.68,-398.55,-2442.91,-0.00,0.00,0.00,0.00,0.00,0.00,10.00
21131.00,-120.46,-17.70,0.17,-579.90,-85.15,15.29,-2712.68,-398.55,2381.54,-0.00,0.00,0.00,-0.00,0.00,0.01,10.00
21141.00,-120.46,-17.70,0.04,-579.90,-85.15,-12.88,-2712.68,-398.55,-2816.85,-0.00,0.00,0.00,0.00,0.00,0.00,10.00
21151.00,-120.46,-17.70,-0.03,-579.90,-85.15,-6.44,-2712.68,-398.55,643.89,-0.00,0.00,0.00,-0.00,0.01,-0.00,10.00
21161.00,-120.46,-17.70,0.04,-579.90,-85.15,6.18,-2712.68,-398.55,1261.84,-0.00,0.00,0.00,-0.00,0.00,-0.00,10.00
21176.00,-120.46,-17.70,0.02,-579.90,-85.15,-1.11,-2712.68,-398.55,-485.90,-0.00,0.00,0.00,-0.00,0.00,0.00,17.00
21193.00,-120.46,-17.70,-0.05,-579.90,-85.15,-3.92,-2712.68,-398.55,-165.07,-0.00,0.00,0.00,-0.00,-0.00,0.00,10.00
21203.00,-120.46,-17.70,0.07,-579.90,-85.15,11.80,-2712.68,-398.55,1571.45,-0.00,0.00,0.00,0.00,-0.00,0.00,10.00
21213.00,-120.46,-17.70,0.09,-579.90,-85.15,2.03,-2712.68,-398.55,-976.34,-0.00,0.00,0.00,0.00,0.00,0.00,10.00
21223.00,-120.46,-17.70,0.08,-579.90,-85.15,-0.79,-2712.68,-398.55,-282.06,-0.00,0.00,0.00,-0.00,-0.00,0.00,10.00
21233.00,-120.46,-17.70,0.04,-579.90,-85.15,-4.10,-2712.68,-398.55,-331.12,-0.00,0.00,0.00,-0.00,-0.00,0.00,10.00
21243.00,-120.46,-17.70,0.14,-579.90,-85.15,9.93,-2712.68,-398.55,1403.11,-0.00,0.00,0.00,-0.00,-0.00,0.00,10.00
21253.00,-120.46,-17.70,0.05,-579.90,-85.15,-8.68,-2712.68,-398.55,-1860.86,-0.00,0.00,0.00,-0.00,-0.00,0.00,10.00
21263.00,-120.46,-17.70,0.02,-579.90,-85.15,-3.60,-2712.68,-398.55,507.83,-0.00,0.00,0.00,0.00,0.00,0.00,10.00
21273.00,-120.46,-17.70,0.06,-579.90,-85.15,4.29,-2712.68,-398.55,788.79,-0.00,0.00,0.00,0.00,-0.00,-0.00,10.00
21287.00,-120.46,-17.70,0.13,-579.90,-85.15,4.58,-2712.68,-398.55,21.12,-0.00,0.00,0.00,-0.00,0.00,-0.00,16.00
21303.00,-120.52,-17.70,0.10,-0.28,-0.02,-1.27,2869.45,421.46,-365.94,-0.00,0.00,0.00,-0.00,-0.00,0.00,10.00
21313.00,-120.52,-17.70,0.05,-0.28,-0.02,-5.73,2869.45,421.46,-445.96,-0.00,0.00,0.00,-0.00,-0.00,-0.00,10.00
21323.00,-120.52,-17.70,0.11,-0.28,-0.02,5.86,2869.45,421.46,1159.12,-0.00,0.00,0.00,-0.00,-0.00,0.00,10.00
21333.00,-120.52,-17.70,0.03,-0.28,-0.02,-7.28,2869.45,421.46,-1313.81,-0.00,0.00,0.00,-0.00,0.00,-0.00,10.00
21343.00,-120.52,-17.70,0.08,-0.28,-0.02,4.19,2869.45,421.46,1146.42,-0.00,0.00,0.00,0.00,0.00,0.00,10.00
21353.00,-120.52,-17.70,0.21,-0.28,-0.02,13.34,2869.45,421.46,915.46,-0.00,0.00,0.00,-0.00,0.00,-0.00,10.00
21363.00,-120.52,-17.70,0.09,-0.28,-0.02,-12.19,2869.45,421.46,-2553.69,-0.00,0.00,0.00,0.00,0.00,0.00,10.00
21373.00,-120.52,-17.70,0.07,-0.28,-0.02,-1.58,2869.45,421.46,1061.28,-0.00,0.00,0.00,-0.00,0.00,0.00,10.00
21383.00,-120.52,-17.70,0.06,-0.28,-0.02,-1.10,2869.45,421.46,48.19,-0.00,0.00,0.00,-0.00,0.00,0.00,10.00
21398.00,-120.52,-17.70,0.08,-0.28,-0.02,1.45,2869.45,421.46,170.07,-0.00,0.00,0.00,0.00,-0.00,0.00,16.00
21414.00,-120.52,-17.70,0.08,-0.28,-0.02,-0.35,2869.45,421.46,-112.62,-0.00,0.00,0.00,0.00,-0.00,0.00,10.00
21424.00,-120.52,-17.70,0.06,-0.28,-0.02,-1.52,2869.45,421.46,-117.10,-0.00,0.00,0.00,-0.00,-0.00,0.00,10.00
21434.00,-120.52,-17.70,0.01,-0.28,-0.02,-5.27,2869.45,421.46,-374.43,-0.00,0.00,0.00,-0.00,0.00,0.00,10.00
21444.00,-120.52,-17.70,0.05,-0.28,-0.02,4.65,2869.45,421.46,991.79,-0.00,0.00,0.00,0.00,-0.00,0.00,10.00
21454.00,-120.52,-17.70,0.09,-0.28,-0.02,3.88,2869.45,421.46,-76.86,-0.00,0.00,0.00,0.00,-0.00,0.00,10.00
21464.00,-120.52,-17.70,0.08,-0.28,-0.02,-1.31,2869.45,421.46,-519.22,-0.00,0.00,0.00,-0.00,0.00,0.00,10.00
21474.00,-120.52,-17.70,0.06,-0.28,-0.02,-2.16,2869.45,421.46,-85.16,-0.00,0.00,0.00,0.00,-0.00,-0.00,10.00
21484.00,-120.52,-17.70,0.11,-0.28,-0.02,4.97,2869.45,421.46,712.63,-0.00,0.00,0.00,-0.00,-0.00,-0.00,18.00
21502.00,-120.52,-17.70,0.05,-0.28,-0.02,-3.05,2869.45,421.46,-445.33,-0.00,0.00,0.00,-0.00,-0.00,0.00,10.00
21517.00,-120.57,-17.70,0.12,-0.26,-0.01,4.32,0.07,0.00,491.35,-0.00,0.00,0.00,-0.00,0.00,0.00,10.00
21527.00,-120.57,-17.70,0.13,-0.26,-0.01,1.46,0.07,0.00,-286.02,-0.00,0.00,0.00,-0.00,0.00,0.00,10.00
21537.00,-120.57,-17.70,0.13,-0.26,-0.01,-0.08,0.07,0.00,-153.53,-0.00,0.00,0.00,-0.00,0.00,0.00,10.00
21547.00,-120.57,-17.70,-0.07,-0.26,-0.01,-19.98,0.07,0.00,-1990.27,-0.00,0.00,0.00,-0.00,0.00,0.00,10.00
21557.00,-120.57,-17.70,0.16,-0.26,-0.01,22.47,0.07,0.00,4245.01,-0.00,0.00,0.00,-0.00,0.00,-0.00,10.00
21567.00,-120.57,-17.70,0.05,-0.26,-0.01,-10.98,0.07,0.00,-3344.71,-0.00,0.00,0.00,0.00,0.00,-0.00,10.00
21577.00,-120.57,-17.70,0.09,-0.26,-0.01,4.44,0.07,0.00,1541.67,-0.00,0.00,0.00,-0.00,-0.00,-0.00,16.00
21593.00,-120.57,-17.70,0.07,-0.26,-0.01,-1.57,0.07,0.00,-375.48,-0.00,0.00,0.00,-0.00,-0.00,-0.00,10.00
21603.00,-120.57,-17.70,0.12,-0.26,-0.01,4.91,0.07,0.00,647.62,-0.00,0.00,0.00,0.00,0.00,0.00,10.00
21613.00,-120.57,-17.70,0.10,-0.26,-0.01,-2.01,0.07,0.00,-691.58,-0.00,0.00,0.00,0.00,-0.00,-0.00,10.00
21628.00,-120.57,-17.70,0.09,-0.26,-0.01,-0.65,0.07,0.00,90.56,-0.00,0.00,0.00,0.00,0.00,-0.00,10.00
21638.00,-120.57,-17.70,0.03,-0.26,-0.01,-5.41,0.07,0.00,-476.20,-0.00,0.00,0.00,0.00,0.00,-0.00,10.00
21648.00,-120.57,-17.70,0.12,-0.26,-0.01,8.45,0.07,0.00,1386.38,-0.00,0.00,0.00,0.00,-0.00,0.00,10.00
21658.00,-120.57,-17.70,0.17,-0.26,-0.01,5.70,0.07,0.00,-275.93,-0.00,0.00,0.00,-0.00,-0.00,0.00,10.00
21668.00,-120.57,-17.70,0.11,-0.26,-0.01,-6.80,0.07,0.00,-1249.31,-0.00,0.00,0.00,-0.00,-0.00,0.00,10.00
21678.00,-120.57,-17.70,0.13,-0.26,-0.01,2.43,0.07,0.00,922.95,-0.00,0.00,0.00,-0.00,-0.00,0.00,16.00
21694.00,-120.57,-17.70,0.08,-0.26,-0.01,-3.00,0.07,0.00,-339.16,-0.00,0.00,0.00,-0.00,0.00,0.00,10.00
21704.00,-120.57,-17.70,0.06,-0.26,-0.01,-2.40,0.07,0.00,59.42,-0.00,0.00,0.00,0.00,-0.00,0.00,10.00
21714.00,-120.57,-17.70,0.05,-0.26,-0.01,-0.98,0.07,0.00,141.74,-0.00,0.00,0.00,-0.00,0.00,0.00,10.00
21724.00,-120.62,-17.72,0.09,-0.22,-0.06,4.09,0.22,-0.20,507.53,-0.00,0.00,0.00,0.00,0.01,0.00,10.00
21739.00,-120.62,-17.72,0.11,-0.22,-0.06,1.15,0.22,-0.20,-196.20,-0.00,0.00,0.00,0.00,-0.00,0.00,10.00
21749.00,-120.62,-17.72,0.12,-0.22,-0.06,1.22,0.22,-0.20,7.34,-0.00,0.00,0.00,0.00,0.00,0.00,10.00
21759.00,-120.62,-17.72,0.09,-0.22,-0.06,-3.09,0.22,-0.20,-431.26,-0.00,0.00,0.00,0.00,-0.00,0.00,10.00
21769.00,-120.62,-17.72,0.09,-0.22,-0.06,0.73,0.22,-0.20,381.88,-0.00,0.00,0.00,0.00,0.00,0.00,10.00
21779.00,-120.62,-17.72,0.06,-0.22,-0.06,-3.52,0.22,-0.20,-424.64,-0.00,0.00,0.00,0.00,0.00,0.00,10.00
21789.00,-120.62,-17.72,0.03,-0.22,-0.06,-2.52,0.22,-0.20,99.69,-0.00,0.00,0.00,0.00,0.00,0.00,10.00
21799.00,-120.62,-17.72,0.04,-0.22,-0.06,0.79,0.22,-0.20,331.23,-0.00,0.00,0.00,-0.00,-0.00,0.00,16.00
21815.00,-120.62,-17.72,0.11,-0.22,-0.06,4.32,0.22,-0.20,220.86,-0.00,0.00,0.00,0.00,-0.00,0.00,10.00
21825.00,-120.62,-17.72,0.09,-0.22,-0.06,-2.63,0.22,-0.20,-695.43,-0.00,0.00,0.00,0.00,0.00,0.00,10.00
21835.00,-120.62,-17.72,0.17,-0.22,-0.06,8.54,0.22,-0.20,1116.89,-0.00,0.00,0.00,0.00,0.00,0.00,10.00
21855.00,-120.62,-17.72,-0.01,-0.22,-0.06,-9.10,0.22,-0.20,-881.85,-0.00,0.00,0.00,0.00,0.00,-0.00,10.00
21865.00,-120.62,-17.72,0.24,-0.22,-0.06,25.36,0.22,-0.20,3445.58,-0.00,0.00,0.00,0.00,0.00,-0.00,10.00
21875.00,-120.62,-17.72,0.09,-0.22,-0.06,-14.95,0.22,-0.20,-4031.12,-0.00,0.00,0.00,0.00,0.00,-0.00,10.00
21885.00,-120.62,-17.72,0.14,-0.22,-0.06,4.52,0.22,-0.20,1946.97,-0.00,0.00,0.00,0.00,0.00,0.00,18.00
21903.00,-120.62,-17.72,0.05,-0.22,-0.06,-4.68,0.22,-0.20,-510.66,-0.00,0.00,0.00,0.00,0.00,0.00,10.00
21913.00,-120.62,-17.72,0.12,-0.22,-0.06,6.23,0.22,-0.20,1090.60,-0.00,0.00,0.00,0.00,0.00,0.00,10.00
21923.00,-120.62,-17.72,0.11,-0.22,-0.06,-0.13,0.22,-0.20,-635.75,-0.00,0.00,0.00,0.00,0.00,-0.00,10.00
21933.00,-120.65,-17.73,0.09,-0.16,-0.06,-2.19,0.26,-0.02,-206.10,-0.00,0.00,0.00,0.00,0.00,-0.00,10.00
21943.00,-120.65,-17.73,0.07,-0.16,-0.06,-2.17,0.26,-0.02,2.25,-0.00,0.00,0.00,0.00,-0.00,0.00,10.00
21953.00,-120.65,-17.73,0.03,-0.16,-0.06,-3.68,0.26,-0.02,-151.19,-0.00,0.00,0.00,0.00,-0.00,0.00,10.00
21968.00,-120.65,-17.73,0.08,-0.16,-0.06,2.73,0.26,-0.02,426.97,-0.00,0.00,0.00,0.00,0.00,0.00,10.00
21978.00,-120.65,-17.73,0.08,-0.16,-0.06,0.58,0.26,-0.02,-214.92,-0.00,0.00,0.00,0.00,0.00,0.00,10.00
21988.00,-120.65,-17.73,0.13,-0.16,-0.06,4.56,0.26,-0.02,397.68,-0.00,0.00,0.00,0.00,0.00,0.00,17.00
22005.00,-120.65,-17.73,0.10,-0.16,-0.06,-1.73,0.26,-0.02,-369.80,-0.00,0.00,0.00,0.00,0.00,-0.00,10.00
22015.00,-120.65,-17.73,0.12,-0.16,-0.06,2.42,0.26,-0.02,415.32,-0.00,0.00,0.00,0.00,0.00,0.00,10.00
22025.00,-120.65,-17.73,0.08,-0.16,-0.06,-4.15,0.26,-0.02,-657.22,-0.00,0.00,0.00,-0.00,-0.00,0.00,10.00
22035.00,-120.65,-17.73,-0.04,-0.16,-0.06,-11.54,0.26,-0.02,-739.37,-0.00,0.00,0.00,-0.00,0.00,0.00,10.00
22045.00,-120.65,-17.73,0.14,-0.16,-0.06,17.55,0.26,-0.02,2909.75,-0.00,0.00,0.00,0.00,-0.00,-0.00,10.00
22055.00,-120.65,-17.73,0.02,-0.16,-0.06,-11.75,0.26,-0.02,-2930.50,-0.00,0.00,0.00,0.00,-0.00,0.00,10.00
22065.00,-120.65,-17.73,0.09,-0.16,-0.06,7.22,0.26,-0.02,1896.87,-0.00,0.00,0.00,0.00,-0.00,0.00,10.00
22080.00,-120.65,-17.73,0.17,-0.16,-0.06,4.83,0.26,-0.02,-159.47,-0.00,0.00,0.00,0.00,-0.00,0.00,16.00
22096.00,-120.65,-17.73,0.11,-0.16,-0.06,-3.72,0.26,-0.02,-534.05,-0.00,0.00,0.00,-0.00,0.00,0.00,10.00
22106.00,-120.65,-17.73,0.10,-0.16,-0.06,-1.20,0.26,-0.02,251.74,-0.00,0.00,0.00,-0.00,0.00,0.00,10.00
22116.00,-120.65,-17.73,0.08,-0.16,-0.06,-1.54,0.26,-0.02,-33.29,-0.00,0.00,0.00,0.00,0.00,-0.00,10.00
22126.00,-120.65,-17.73,0.15,-0.16,-0.06,7.40,0.26,-0.02,893.19,-0.00,0.00,0.00,0.00,0.00,0.00,10.00
22136.00,-120.70,-17.72,0.07,-0.27,0.02,-8.66,-0.56,0.41,-1605.45,-0.00,0.00,0.00,0.00,-0.00,0.00,10.00
22146.00,-120.70,-17.72,0.05,-0.27,0.02,-1.96,-0.56,0.41,669.95,-0.00,0.00,0.00,0.00,-0.00,0.00,10.00
22156.00,-120.70,-17.72,0.18,-0.27,0.02,13.10,-0.56,0.41,1505.59,-0.00,0.00,0.00,0.00,-0.01,0.00,10.00
22166.00,-120.70,-17.72,0.05,-0.27,0.02,-13.40,-0.56,0.41,-2649.68,-0.00,0.00,0.00,0.00,0.00,0.00,10.00
22176.00,-120.70,-17.72,0.09,-0.27,0.02,4.19,-0.56,0.41,1759.16,-0.00,0.00,0.00,0.00,-0.00,0.00,18.00
22199.00,-120.70,-17.72,0.06,-0.27,0.02,-1.05,-0.56,0.41,-227.82,-0.00,0.00,0.00,0.00,-0.00,0.00,10.00
22209.00,-120.70,-17.72,0.16,-0.27,0.02,10.03,-0.56,0.41,1108.17,-0.00,0.00,0.00,0.00,0.00,0.00,10.00
22219.00,-120.70,-17.72,0.14,-0.27,0.02,-2.08,-0.56,0.41,-1211.45,-0.00,0.00,0.00,-0.00,0.00,-0.00,10.00
22229.00,-120.70,-17.72,0.01,-0.27,0.02,-12.86,-0.56,0.41,-1078.05,-0.00,0.00,0.00,-0.00,0.00,-0.00,10.00
22239.00,-120.70,-17.72,0.12,-0.27,0.02,10.68,-0.56,0.41,2354.13,-0.00,0.00,0.00,-0.00,-0.00,-0.00,10.00
22249.00,-120.70,-17.72,0.18,-0.27,0.02,5.84,-0.56,0.41,-483.75,-0.00,0.00,0.00,-0.00,-0.00,0.00,10.00
22259.00,-120.70,-17.72,0.14,-0.27,0.02,-3.92,-0.56,0.41,-976.15,-0.00,0.00,0.00,-0.00,-0.00,-0.00,10.00
22269.00,-120.70,-17.72,0.16,-0.27,0.02,1.51,-0.56,0.41,542.66,-0.00,0.00,0.00,-0.00,0.00,-0.00,10.00
22279.00,-120.70,-17.72,0.14,-0.27,0.02,-1.78,-0.56,0.41,-328.86,-0.00,0.00,0.00,0.00,-0.00,-0.00,17.00
22296.00,-120.70,-17.72,0.21,-0.27,0.02,4.44,-0.56,0.41,365.97,-0.00,0.00,0.00,0.00,-0.00,-0.00,10.00
22311.00,-120.70,-17.72,0.11,-0.27,0.02,-7.12,-0.56,0.41,-770.56,-0.00,0.00,0.00,-0.00,-0.00,-0.00,10.00
22321.00,-120.70,-17.72,0.16,-0.27,0.02,5.81,-0.56,0.41,1292.85,-0.00,0.00,0.00,-0.00,-0.00,0.00,10.00
22331.00,-120.70,-17.72,0.19,-0.27,0.02,3.08,-0.56,0.41,-272.98,-0.00,0.00,0.00,0.00,-0.00,-0.00,10.00
22341.00,-120.75,-17.73,0.15,-0.22,-0.02,-4.43,0.28,-0.21,-751.41,-0.00,0.00,0.00,-0.00,0.00,0.00,10.00
22351.00,-120.75,-17.73,0.03,-0.22,-0.02,-12.52,0.28,-0.21,-808.43,-0.00,0.00,0.00,0.00,0.00,0.00,10.00
22361.00,-120.75,-17.73,0.19,-0.22,-0.02,16.16,0.28,-0.21,2867.85,-0.00,0.00,0.00,0.00,0.00,0.00,10.00
22371.00,-120.75,-17.73,0.12,-0.22,-0.02,-6.57,0.28,-0.21,-2273.64,-0.00,0.00,0.00,0.00,-0.00,-0.00,10.00
22381.00,-120.75,-17.73,0.07,-0.22,-0.02,-5.60,0.28,-0.21,97.23,-0.00,0.00,0.00,0.00,0.00,-0.00,10.00
22391.00,-120.75,-17.73,0.21,-0.22,-0.02,14.52,0.28,-0.21,2012.16,-0.00,0.00,0.00,0.00,0.00,0.00,16.00
22407.00,-120.75,-17.73,0.04,-0.22,-0.02,-10.88,0.28,-0.21,-1587.17,-0.00,0.00,0.00,0.00,-0.00,0.00,10.00
22422.00,-120.75,-17.73,0.08,-0.22,-0.02,2.73,0.28,-0.21,907.07,-0.00,0.00,0.00,-0.00,0.00,0.00,10.00
22432.00,-120.75,-17.73,0.08,-0.22,-0.02,0.41,0.28,-0.21,-231.74,-0.00,0.00,0.00,0.00,0.00,0.00,10.00
22442.00,-120.75,-17.73,0.11,-0.22,-0.02,3.05,0.28,-0.21,264.05,-0.00,0.00,0.00,-0.00,0.00,0.00,10.00
22452.00,-120.75,-17.73,0.10,-0.22,-0.02,-0.87,0.28,-0.21,-392.24,-0.00,0.00,0.00,0.00,0.00,0.00,10.00
22462.00,-120.75,-17.73,0.12,-0.22,-0.02,1.28,0.28,-0.21,215.19,-0.00,0.00,0.00,0.00,0.00,0.00,10.00
22472.00,-120.75,-17.73,0.03,-0.22,-0.02,-9.04,0.28,-0.21,-1032.69,-0.00,0.00,0.00,0.00,0.00,0.00,10.00
22482.00,-120.75,-17.73,0.10,-0.22,-0.02,7.28,0.28,-0.21,1631.96,-0.00,0.00,0.00,0.00,0.00,-0.00,15.00
22497.00,-120.75,-17.73,0.13,-0.22,-0.02,2.26,0.28,-0.21,-334.09,-0.00,0.00,0.00,0.00,0.00,-0.00,10.00
22507.00,-120.75,-17.73,0.03,-0.22,-0.02,-10.40,0.28,-0.21,-1266.77,-0.00,0.00,0.00,0.00,-0.00,-0.00,10.00
22517.00,-120.75,-17.73,0.07,-0.22,-0.02,3.87,0.28,-0.21,1427.08,-0.00,0.00,0.00,-0.00,0.00,-0.00,10.00
22532.00,-120.75,-17.73,0.17,-0.22,-0.02,7.13,0.28,-0.21,217.32,-0.00,0.00,0.00,-0.00,-0.00,-0.00,10.00
22542.00,-120.78,-17.72,0.07,-0.17,0.01,-10.29,0.25,0.16,-1741.39,-0.00,0.00,0.00,-0.00,0.00,0.00,10.00
22552.00,-120.78,-17.72,0.10,-0.17,0.01,2.62,0.25,0.16,1290.70,-0.00,0.00,0.00,0.00,0.00,0.00,10.00
22562.00,-120.78,-17.72,0.06,-0.17,0.01,-3.82,0.25,0.16,-643.86,-0.00,0.00,0.00,0.00,0.00,-0.00,10.00
22572.00,-120.78,-17.72,0.07,-0.17,0.01,0.82,0.25,0.16,463.88,-0.00,0.00,0.00,0.00,0.00,-0.00,10.00
22582.00,-120.78,-17.72,0.11,-0.17,0.01,3.83,0.25,0.16,300.73,-0.00,0.00,0.00,0.00,0.00,-0.00,16.00
22598.00,-120.78,-17.72,0.10,-0.17,0.01,-0.50,0.25,0.16,-270.53,-0.00,0.00,0.00,-0.00,0.00,-0.00,10.00
22608.00,-120.78,-17.72,0.08,-0.17,0.01,-1.47,0.25,0.16,-96.43,-0.00,0.00,0.00,-0.00,0.00,-0.00,10.00
22618.00,-120.78,-17.72,0.13,-0.17,0.01,4.68,0.25,0.16,614.69,-0.00,0.00,0.00,0.00,-0.00,0.00,10.00
22628.00,-120.78,-17.72,0.12,-0.17,0.01,-1.09,0.25,0.16,-576.74,-0.00,0.00,0.00,0.00,-0.00,-0.00,10.00
22643.00,-120.78,-17.72,0.09,-0.17,0.01,-1.81,0.25,0.16,-48.55,-0.00,0.00,0.00,0.00,-0.00,-0.00,10.00
22653.00,-120.78,-17.72,0.17,-0.17,0.01,8.02,0.25,0.16,983.38,-0.00,0.00,0.00,0.00,0.00,-0.00,10.00
22663.00,-120.78,-17.72,0.17,-0.17,0.01,-0.29,0.25,0.16,-830.75,-0.00,0.00,0.00,-0.00,-0.00,0.00,10.00
22673.00,-120.78,-17.72,0.06,-0.17,0.01,-11.12,0.25,0.16,-1083.47,-0.00,0.00,0.00,0.00,-0.00,-0.00,10.00
22683.00,-120.78,-17.72,0.15,-0.17,0.01,9.52,0.25,0.16,2064.41,-0.00,0.00,0.00,0.00,0.00,-0.00,10.00
22693.00,-120.78,-17.72,0.11,-0.17,0.01,-4.80,0.25,0.16,-1432.39,-0.00,0.00,0.00,0.00,0.00,-0.00,16.00
22709.00,-120.78,-17.72,0.04,-0.17,0.01,-4.01,0.25,0.16,49.37,-0.00,0.00,0.00,0.00,-0.00,-0.00,10.00
22719.00,-120.78,-17.72,0.04,-0.17,0.01,0.23,0.25,0.16,423.84,-0.00,0.00,0.00,-0.00,-0.00,0.00,10.00
22729.00,-120.78,-17.72,0.09,-0.17,0.01,5.06,0.25,0.16,483.67,-0.00,0.00,0.00,-0.00,-0.00,0.00,10.00
22739.00,-120.78,-17.72,0.07,-0.17,0.01,-2.55,0.25,0.16,-761.14,-0.00,0.00,0.00,-0.00,-0.00,0.00,10.00
22758.00,-120.82,-17.74,0.09,-0.15,-0.06,1.26,0.05,-0.33,200.40,-0.00,0.00,0.00,0.00,0.00,-0.00,10.00
22768.00,-120.82,-17.74,0.09,-0.15,-0.06,0.18,0.05,-0.33,-107.90,-0.00,0.00,0.00,-0.00,0.00,0.00,10.00
22778.00,-120.82,-17.74,0.13,-0.15,-0.06,4.03,0.05,-0.33,384.86,-0.00,0.00,0.00,-0.00,-0.00,-0.00,18.00
22796.00,-120.82,-17.74,0.04,-0.15,-0.06,-5.41,0.05,-0.33,-524.35,-0.00,0.00,0.00,0.00,-0.01,0.00,10.00
22806.00,-120.82,-17.74,0.10,-0.15,-0.06,5.86,0.05,-0.33,1127.32,-0.00,0.00,0.00,0.00,-0.00,0.00,10.00
22816.00,-120.82,-17.74,0.09,-0.15,-0.06,-0.89,0.05,-0.33,-675.17,-0.00,0.00,0.00,0.00,-0.00,0.00,10.00
22826.00,-120.82,-17.74,0.07,-0.15,-0.06,-1.88,0.05,-0.33,-98.87,-0.00,0.00,0.00,0.00,-0.00,0.00,10.00
22836.00,-120.82,-17.74,0.10,-0.15,-0.06,3.20,0.05,-0.33,507.20,-0.00,0.00,0.00,0.00,0.00,0.00,10.00
22846.00,-120.82,-17.74,0.12,-0.15,-0.06,2.40,0.05,-0.33,-79.44,-0.00,0.00,0.00,-0.00,-0.00,0.00,10.00
22856.00,-120.82,-17.74,0.09,-0.15,-0.06,-3.45,0.05,-0.33,-585.06,-0.00,-0.00,0.00,0.00,-0.00,0.00,10.00
22870.00,-120.82,-17.74,0.12,-0.15,-0.06,2.03,0.05,-0.33,391.62,-0.00,-0.00,0.00,-0.00,0.00,0.00,10.00
22880.00,-120.82,-17.74,0.16,-0.15,-0.06,3.91,0.05,-0.33,187.50,-0.00,-0.00,0.00,0.00,0.00,0.00,10.00
22890.00,-120.82,-17.74,0.13,-0.15,-0.06,-2.37,0.05,-0.33,-627.61,-0.00,-0.00,0.00,0.00,0.00,0.00,17.00
22907.00,-120.82,-17.74,0.03,-0.15,-0.06,-5.84,0.05,-0.33,-204.21,-0.00,-0.00,0.00,0.00,0.00,0.00,10.00
22917.00,-120.82,-17.74,0.07,-0.15,-0.06,3.79,0.05,-0.33,962.45,-0.00,0.00,0.00,0.00,0.00,0.00,10.00
22927.00,-120.82,-17.74,0.05,-0.15,-0.06,-1.84,0.05,-0.33,-562.13,-0.00,-0.00,0.00,0.00,-0.00,-0.00,10.00
22937.00,-120.82,-17.74,0.16,-0.15,-0.06,10.79,0.05,-0.33,1262.55,-0.00,0.00,0.00,0.00,0.00,0.00,10.00
22947.00,-120.82,-17.74,0.14,-0.15,-0.06,-2.43,0.05,-0.33,-1322.31,-0.00,-0.00,0.00,0.00,-0.01,0.00,10.00
22957.00,-120.82,-17.74,0.13,-0.15,-0.06,-0.77,0.05,-0.33,165.91,-0.00,-0.00,0.00,-0.00,-0.00,0.00,10.00
22967.00,-119.59,-17.51,0.14,5.86,1.09,0.68,28.77,5.49,144.98,-0.00,-0.00,0.00,-0.00,-0.00,0.00,10.00
22981.00,-119.59,-17.51,0.20,5.86,1.09,4.83,28.77,5.49,296.76,-0.00,-0.00,0.00,-0.00,-0.00,0.00,17.00
22998.00,-119.59,-17.51,0.12,5.86,1.09,-4.78,28.77,5.49,-565.39,-0.00,-0.00,0.00,-0.00,0.00,0.00,10.00
23008.00,-119.59,-17.51,0.14,5.86,1.09,1.35,28.77,5.49,612.81,-0.00,-0.00,0.00,-0.00,0.00,0.00,10.00
23018.00,-119.59,-17.51,0.10,5.86,1.09,-4.02,28.77,5.49,-536.99,-0.00,-0.00,0.00,0.00,0.00,0.00,10.00
23028.00,-119.59,-17.51,0.13,5.86,1.09,3.33,28.77,5.49,735.15,-0.00,-0.00,0.00,0.00,-0.00,-0.00,10.00
23038.00,-119.59,-17.51,0.11,5.86,1.09,-1.99,28.77,5.49,-531.29,-0.00,-0.00,0.00,0.00,-0.00,0.00,10.00
23048.00,-119.59,-17.51,0.13,5.86,1.09,1.69,28.77,5.49,367.34,-0.00,-0.00,0.00,-0.00,-0.00,0.00,10.00
23058.00,-119.59,-17.51,0.09,5.86,1.09,-3.73,28.77,5.49,-541.48,-0.00,-0.00,0.00,-0.00,0.00,0.00,10.00
23068.00,-119.59,-17.51,0.09,5.86,1.09,0.05,28.77,5.49,377.67,-0.00,-0.00,0.00,-0.00,-0.00,0.00,10.00
23078.00,-119.59,-17.51,0.15,5.86,1.09,6.03,28.77,5.49,598.40,-0.00,-0.00,0.00,0.00,-0.00,0.00,10.00
23093.00,-119.59,-17.51,0.08,5.86,1.09,-4.59,28.77,5.49,-708.43,-0.00,-0.00,0.00,-0.00,-0.00,0.00,16.00
23109.00,-119.59,-17.51,0.10,5.86,1.09,1.31,28.77,5.49,368.60,-0.00,-0.00,0.00,0.00,0.00,0.00,10.00
23119.00,-119.59,-17.51,0.19,5.86,1.09,8.44,28.77,5.49,713.94,-0.00,-0.00,0.00,0.00,0.00,0.00,10.00
23129.00,-119.59,-17.51,0.20,5.86,1.09,1.71,28.77,5.49,-673.08,-0.00,-0.00,0.00,-0.00,0.00,-0.00,10.00
23139.00,-119.59,-17.51,0.13,5.86,1.09,-7.29,28.77,5.49,-900.62,-0.00,-0.00,0.00,-0.00,0.00,0.00,10.00
23149.00,-119.59,-17.51,0.12,5.86,1.09,-0.54,28.77,5.49,675.40,-0.00,-0.00,0.00,0.00,0.00,0.00,10.00
23159.00,-119.59,-17.51,0.13,5.86,1.09,0.24,28.77,5.49,78.17,-0.00,-0.00,0.00,0.00,0.00,0.00,10.00
23169.00,-117.99,-17.11,0.16,7.94,1.96,2.92,10.28,4.30,267.58,-0.00,-0.00,0.00,0.00,0.00,0.00,10.00
23179.00,-117.99,-17.11,0.08,7.94,1.96,-7.70,10.28,4.30,-1062.29,-0.00,-0.00,0.00,-0.00,-0.00,0.00,18.00
23197.00,-117.99,-17.11,0.12,7.94,1.96,2.10,10.28,4.30,544.88,-0.00,-0.00,0.00,-0.00,0.00,0.00,10.00
23211.00,-117.99,-17.11,0.17,7.94,1.96,3.69,10.28,4.30,113.03,-0.00,-0.00,0.00,-0.00,0.00,0.00,10.00
23221.00,-117.99,-17.11,0.18,7.94,1.96,0.78,10.28,4.30,-290.48,-0.00,-0.00,0.00,0.00,0.00,0.00,10.00
23231.00,-117.99,-17.11,0.07,7.94,1.96,-10.64,10.28,4.30,-1142.08,-0.00,-0.00,0.00,0.00,0.00,0.00,10.00
23241.00,-117.99,-17.11,0.15,7.94,1.96,8.08,10.28,4.30,1872.14,-0.00,-0.00,0.00,0.00,0.00,0.00,10.00
23251.00,-117.99,-17.11,0.27,7.94,1.96,12.36,10.28,4.30,427.87,-0.00,-0.00,0.00,0.00,0.00,0.00,10.00
23261.00,-117.99,-17.11,0.17,7.94,1.96,-10.21,10.28,4.30,-2257.14,-0.00,-0.00,0.00,0.00,-0.00,0.00,10.00
23271.00,-117.99,-17.11,0.08,7.94,1.96,-9.27,10.28,4.30,94.27,-0.00,-0.00,0.00,0.00,-0.00,-0.00,10.00
23281.00,-117.99,-17.11,0.15,7.94,1.96,7.00,10.28,4.30,1626.29,-0.00,-0.00,0.00,0.00,0.00,-0.00,10.00
23291.00,-117.99,-17.11,0.15,7.94,1.96,0.36,10.28,4.30,-663.94,-0.00,0.00,0.00,0.00,0.00,0.00,17.00
23308.00,-117.99,-17.11,0.08,7.94,1.96,-4.55,10.28,4.30,-288.36,-0.00,-0.00,0.00,0.00,-0.00,0.00,10.00
23323.00,-117.99,-17.11,0.17,7.94,1.96,6.56,10.28,4.30,740.56,-0.00,-0.00,0.00,0.00,0.00,-0.00,10.00
23333.00,-117.99,-17.11,0.13,7.94,1.96,-4.63,10.28,4.30,-1119.35,-0.00,-0.00,0.00,0.00,-0.00,-0.00,10.00
23343.00,-117.99,-17.11,0.16,7.94,1.96,3.52,10.28,4.30,815.55,-0.00,-0.00,0.00,0.00,-0.00,-0.00,10.00
23353.00,-117.99,-17.11,0.15,7.94,1.96,-1.56,10.28,4.30,-508.34,-0.00,-0.00,0.00,0.00,-0.00,0.00,10.00
23363.00,-117.99,-17.11,0.23,7.94,1.96,8.35,10.28,4.30,990.37,-0.00,-0.00,0.00,0.00,-0.00,0.00,10.00
23373.00,-117.41,-16.98,0.19,2.84,0.67,-3.82,-24.99,-6.33,-1216.90,-0.00,-0.00,0.00,0.00,-0.00,0.00,10.00
23383.00,-117.41,-16.98,0.09,2.84,0.67,-10.05,-24.99,-6.33,-623.07,-0.00,-0.00,0.00,0.00,-0.00,-0.00,10.00
23393.00,-117.41,-16.98,0.12,2.84,0.67,2.69,-24.99,-6.33,1274.87,-0.00,-0.00,0.00,0.00,0.00,-0.00,16.00
23409.00,-117.41,-16.98,0.18,2.84,0.67,3.69,-24.99,-6.33,61.97,-0.00,-0.00,0.00,0.00,-0.00,-0.00,10.00
23419.00,-117.41,-16.98,0.25,2.84,0.67,6.98,-24.99,-6.33,329.61,-0.00,-0.00,0.00,0.00,-0.00,-0.00,10.00
23434.00,-117.41,-16.98,0.12,2.84,0.67,-8.39,-24.99,-6.33,-1024.72,-0.00,-0.00,0.00,0.00,-0.00,0.00,10.00
23444.00,-117.41,-16.98,0.23,2.84,0.67,10.30,-24.99,-6.33,1868.56,-0.00,-0.00,0.00,0.00,-0.00,0.00,10.00
23454.00,-117.41,-16.98,0.16,2.84,0.67,-6.36,-24.99,-6.33,-1666.08,-0.00,-0.00,0.00,-0.00,-0.00,0.00,10.00
23464.00,-117.41,-16.98,0.06,2.84,0.67,-10.55,-24.99,-6.33,-418.26,-0.00,-0.00,0.00,-0.00,-0.00,0.00,10.00
23474.00,-117.41,-16.98,0.11,2.84,0.67,5.75,-24.99,-6.33,1630.19,-0.00,-0.00,0.00,-0.00,-0.00,0.00,10.00
23484.00,-117.41,-16.98,0.15,2.84,0.67,4.05,-24.99,-6.33,-170.62,-0.00,-0.00,0.00,0.00,-0.00,-0.00,16.00
23500.00,-117.41,-16.98,0.19,2.84,0.67,2.12,-24.99,-6.33,-120.59,-0.00,-0.00,0.00,0.00,-0.00,-0.00,10.00
23510.00,-117.41,-16.98,0.04,2.84,0.67,-14.44,-24.99,-6.33,-1656.27,-0.00,-0.00,0.00,0.00,0.00,-0.00,10.00
23520.00,-117.41,-16.98,0.15,2.84,0.67,10.85,-24.99,-6.33,2529.27,-0.00,-0.00,0.00,-0.00,-0.00,0.00,10.00
23530.00,-117.41,-16.98,0.18,2.84,0.67,2.93,-24.99,-6.33,-792.41,-0.00,-0.00,0.00,0.00,0.00,0.00,10.00
23544.00,-117.41,-16.98,0.21,2.84,0.67,2.03,-24.99,-6.33,-64.09,-0.00,-0.00,0.00,-0.00,0.00,0.00,10.00
23554.00,-117.41,-16.98,0.16,2.84,0.67,-5.24,-24.99,-6.33,-726.74,-0.00,-0.00,0.00,-0.00,0.00,-0.00,10.00
23564.00,-117.41,-16.98,0.12,2.84,0.67,-3.59,-24.99,-6.33,165.08,-0.00,-0.00,0.00,0.00,0.00,-0.00,10.00
23574.00,-117.28,-16.96,0.12,0.66,0.10,-0.10,-10.81,-2.83,348.62,-0.00,-0.00,0.00,0.00,0.00,-0.00,10.00
23584.00,-117.28,-16.96,0.15,0.66,0.10,2.84,-10.81,-2.83,294.44,-0.00,-0.00,0.00,0.00,0.00,-0.00,16.00
23600.00,-117.28,-16.96,0.16,0.66,0.10,0.47,-10.81,-2.83,-148.10,-0.00,-0.00,0.00,0.00,-0.00,0.00,10.00
23610.00,-117.28,-16.96,0.15,0.66,0.10,-0.29,-10.81,-2.83,-75.93,-0.00,-0.00,0.00,-0.00,-0.00,0.00,10.00
23620.00,-117.28,-16.96,0.16,0.66,0.10,0.16,-10.81,-2.83,44.25,-0.00,-0.00,0.00,0.00,-0.00,0.00,10.00
23630.00,-117.28,-16.96,0.25,0.66,0.10,9.69,-10.81,-2.83,953.27,-0.00,-0.00,0.00,-0.00,-0.01,0.00,10.00
23640.00,-117.28,-16.96,0.15,0.66,0.10,-10.26,-10.81,-2.83,-1995.25,-0.00,-0.00,0.00,-0.00,-0.00,-0.00,10.00
23659.00,-117.28,-16.96,0.20,0.66,0.10,2.58,-10.81,-2.83,675.94,-0.00,-0.00,0.00,0.00,-0.00,0.00,10.00
23669.00,-117.28,-16.96,0.22,0.66,0.10,2.54,-10.81,-2.83,-3.94,-0.00,-0.00,0.00,0.00,-0.00,0.00,10.00
23679.00,-117.28,-16.96,0.11,0.66,0.10,-11.78,-10.81,-2.83,-1431.74,-0.00,-0.00,0.00,0.00,0.00,-0.00,18.00
23697.00,-117.28,-16.96,0.14,0.66,0.10,1.83,-10.81,-2.83,756.20,-0.00,-0.00,0.00,-0.00,-0.00,-0.00,10.00
23707.00,-117.28,-16.96,0.12,0.66,0.10,-1.94,-10.81,-2.83,-377.60,-0.00,-0.00,0.00,0.00,-0.00,0.00,10.00
23717.00,-117.28,-16.96,0.21,0.66,0.10,9.14,-10.81,-2.83,1107.99,-0.00,-0.00,0.00,0.00,-0.00,-0.00,10.00
23727.00,-117.28,-16.96,0.18,0.66,0.10,-2.66,-10.81,-2.83,-1179.26,-0.00,-0.00,0.00,0.00,-0.00,0.00,10.00
23737.00,-117.28,-16.96,0.16,0.66,0.10,-2.51,-10.81,-2.83,14.85,-0.00,-0.00,0.00,-0.00,-0.00,0.00,10.00
23747.00,-117.28,-16.96,0.21,0.66,0.10,5.52,-10.81,-2.83,802.33,-0.00,-0.00,0.00,-0.00,0.00,0.00,10.00
23757.00,-117.28,-16.96,0.13,0.66,0.10,-8.34,-10.81,-2.83,-1385.99,-0.00,-0.00,0.00,0.00,0.00,0.00,10.00
23771.00,-117.28,-16.96,0.14,0.66,0.10,0.48,-10.81,-2.83,630.61,-0.00,-0.00,0.00,-0.00,0.00,0.00,10.00
23781.00,-117.28,-16.98,0.15,0.00,-0.11,1.09,-3.21,-1.01,60.05,-0.00,-0.00,0.00,-0.00,0.00,0.00,18.00
23799.00,-117.28,-16.98,0.17,0.00,-0.11,1.14,-3.21,-1.01,2.77,-0.00,-0.00,0.00,-0.00,-0.00,0.00,10.00
23810.00,-117.28,-16.98,0.19,0.00,-0.11,1.76,-3.21,-1.01,56.53,-0.00,-0.00,0.00,-0.00,0.00,0.00,10.00
23820.00,-117.28,-16.98,0.07,0.00,-0.11,-11.59,-3.21,-1.01,-1334.27,-0.00,-0.00,0.00,0.00,-0.00,0.00,10.00
23830.00,-117.28,-16.98,0.19,0.00,-0.11,11.55,-3.21,-1.01,2314.03,-0.00,-0.00,0.00,0.00,0.00,0.00,10.00
23840.00,-117.28,-16.98,0.19,0.00,-0.11,0.08,-3.21,-1.01,-1147.05,-0.00,-0.00,0.00,0.00,0.00,0.00,10.00
23850.00,-117.28,-16.98,0.04,0.00,-0.11,-14.57,-3.21,-1.01,-1465.21,-0.00,-0.00,0.00,-0.00,-0.00,0.00,10.00
23860.00,-117.28,-16.98,0.13,0.00,-0.11,8.65,-3.21,-1.01,2321.84,-0.00,-0.00,0.00,0.00,0.00,0.00,10.00
23870.00,-117.28,-16.98,0.24,0.00,-0.11,10.54,-3.21,-1.01,188.67,-0.00,-0.00,0.00,-0.00,-0.00,0.00,10.00
23884.00,-117.28,-16.98,0.18,0.00,-0.11,-3.76,-3.21,-1.01,-1021.09,-0.00,-0.00,0.00,0.00,0.00,0.00,17.00
23901.00,-117.28,-16.98,0.07,0.00,-0.11,-6.43,-3.21,-1.01,-157.31,-0.00,-0.00,0.00,-0.00,-0.00,0.00,10.00
23911.00,-117.28,-16.98,0.16,0.00,-0.11,8.44,-3.21,-1.01,1487.71,-0.00,-0.00,0.00,0.00,-0.00,0.00,10.00
23921.00,-117.28,-16.98,0.13,0.00,-0.11,-2.79,-3.21,-1.01,-1123.29,-0.00,-0.00,0.00,0.00,0.00,0.00,10.00
23931.00,-117.28,-16.98,0.23,0.00,-0.11,10.10,-3.21,-1.01,1288.33,-0.00,-0.00,0.00,-0.00,0.01,0.00,10.00
23941.00,-117.28,-16.98,0.15,0.00,-0.11,-8.09,-3.21,-1.01,-1818.06,-0.00,-0.00,0.00,-0.00,0.00,0.00,10.00
23951.00,-117.28,-16.98,0.19,0.00,-0.11,4.29,-3.21,-1.01,1237.04,-0.00,-0.00,0.00,0.00,-0.00,-0.00,10.00
23961.00,-117.28,-16.98,0.15,0.00,-0.11,-4.07,-3.21,-1.01,-835.87,-0.00,-0.00,0.00,-0.00,0.00,0.00,10.00
23971.00,-117.28,-16.98,0.21,0.00,-0.11,5.35,-3.21,-1.01,942.40,-0.00,-0.00,0.00,0.00,0.00,0.00,10.00
23981.00,-117.29,-16.99,0.24,-0.06,-0.03,3.81,-0.28,0.39,-154.30,-0.00,-0.00,0.00,0.00,0.00,0.00,10.00
23996.00,-117.29,-16.99,0.11,-0.06,-0.03,-8.81,-0.28,0.39,-841.48,-0.00,-0.00,0.00,0.00,0.00,0.00,16.00
24012.00,-117.29,-16.99,0.15,-0.06,-0.03,2.15,-0.28,0.39,685.25,-0.00,-0.00,0.00,0.00,-0.00,0.00,10.00
24022.00,-117.29,-16.99,0.17,-0.06,-0.03,2.08,-0.28,0.39,-6.76,-0.00,-0.00,0.00,0.00,-0.00,0.00,10.00
24032.00,-117.29,-16.99,0.24,-0.06,-0.03,7.30,-0.28,0.39,522.05,-0.00,-0.00,0.00,0.00,0.00,0.00,10.00
24042.00,-117.29,-16.99,0.11,-0.06,-0.03,-12.50,-0.28,0.39,-1980.24,-0.00,-0.00,0.00,-0.00,-0.00,-0.00,10.00
24052.00,-117.29,-16.99,0.27,-0.06,-0.03,15.47,-0.28,0.39,2797.25,-0.00,-0.00,0.00,0.00,0.00,0.00,10.00
24062.00,-117.29,-16.99,0.22,-0.06,-0.03,-4.69,-0.28,0.39,-2015.79,-0.00,-0.00,0.00,0.00,0.00,-0.00,10.00
24072.00,-117.29,-16.99,0.16,-0.06,-0.03,-5.80,-0.28,0.39,-111.23,-0.00,-0.00,0.00,0.00,-0.00,0.00,10.00
24082.00,-117.29,-16.99,0.34,-0.06,-0.03,17.51,-0.28,0.39,2331.08,-0.00,-0.00,0.00,-0.00,0.00,-0.00,18.00
24100.00,-117.29,-16.99,0.19,-0.06,-0.03,-8.42,-0.28,0.39,-1440.82,-0.00,-0.00,0.00,0.00,0.00,0.00,10.00
24115.00,-117.29,-16.99,0.25,-0.06,-0.03,3.88,-0.28,0.39,820.43,-0.00,-0.00,0.00,0.00,0.00,0.00,10.00
24125.00,-117.29,-16.99,0.17,-0.06,-0.03,-7.53,-0.28,0.39,-1141.18,-0.00,-0.00,0.00,0.00,0.00,-0.00,10.00
24135.00,-117.29,-16.99,0.20,-0.06,-0.03,3.24,-0.28,0.39,1076.44,-0.00,-0.00,0.00,0.00,-0.00,-0.00,10.00
24145.00,-117.29,-16.99,0.20,-0.06,-0.03,-0.16,-0.28,0.39,-339.55,-0.00,-0.00,0.00,0.00,-0.00,0.00,10.00
24155.00,-117.29,-16.99,0.15,-0.06,-0.03,-5.03,-0.28,0.39,-487.56,-0.00,-0.00,0.00,0.00,-0.00,0.00,10.00
24165.00,-117.29,-16.99,0.19,-0.06,-0.03,4.31,-0.28,0.39,934.15,-0.00,-0.00,0.00,-0.00,0.00,-0.00,10.00
24175.00,-117.29,-16.99,0.20,-0.06,-0.03,0.17,-0.28,0.39,-414.22,-0.00,-0.00,0.00,0.00,0.00,0.00,10.00
24185.00,-117.41,-17.02,0.18,-0.60,-0.18,-1.73,-2.67,-0.69,-189.25,-0.00,-0.00,0.00,0.00,-0.00,0.00,10.00
24195.00,-117.41,-17.02,0.11,-0.60,-0.18,-6.75,-2.67,-0.69,-502.66,-0.00,-0.00,0.00,0.00,-0.00,0.00,17.00
24212.00,-117.41,-17.02,0.12,-0.60,-0.18,0.25,-2.67,-0.69,411.90,-0.00,-0.00,0.00,-0.00,0.00,0.00,10.00
24227.00,-117.41,-17.02,0.20,-0.60,-0.18,5.59,-2.67,-0.69,356.30,-0.00,-0.00,0.00,0.00,0.00,-0.00,10.00
24237.00,-117.41,-17.02,0.26,-0.60,-0.18,5.83,-2.67,-0.69,24.03,-0.00,-0.00,0.00,0.00,-0.00,-0.00,10.00
24247.00,-117.41,-17.02,0.15,-0.60,-0.18,-10.40,-2.67,-0.69,-1623.58,-0.00,-0.00,0.00,0.00,-0.00,0.00,10.00
24257.00,-117.41,-17.02,0.17,-0.60,-0.18,1.60,-2.67,-0.69,1200.64,-0.00,-0.00,0.00,0.00,-0.00,0.00,10.00
24267.00,-117.41,-17.02,0.21,-0.60,-0.18,4.25,-2.67,-0.69,264.93,-0.00,-0.00,0.00,0.00,-0.00,0.00,10.00
24277.00,-117.41,-17.02,0.21,-0.60,-0.18,0.18,-2.67,-0.69,-407.69,-0.00,-0.00,0.00,0.00,0.00,0.00,10.00
24287.00,-117.41,-17.02,0.10,-0.60,-0.18,-11.56,-2.67,-0.69,-1174.12,-0.00,-0.00,0.00,-0.00,0.00,0.00,16.00
24303.00,-117.41,-17.02,0.21,-0.60,-0.18,7.15,-2.67,-0.69,1169.52,-0.00,-0.00,0.00,-0.00,0.00,-0.00,10.00
24313.00,-117.41,-17.02,0.18,-0.60,-0.18,-3.31,-2.67,-0.69,-1045.38,-0.00,-0.00,0.00,0.00,-0.00,0.00,10.00
24323.00,-117.41,-17.02,0.19,-0.60,-0.18,1.18,-2.67,-0.69,448.38,-0.00,-0.00,0.00,0.00,0.00,-0.00,10.00
24338.00,-117.41,-17.02,0.17,-0.60,-0.18,-1.77,-2.67,-0.69,-196.78,-0.00,-0.00,0.00,-0.00,-0.00,-0.00,10.00
24348.00,-117.41,-17.02,0.17,-0.60,-0.18,0.96,-2.67,-0.69,273.64,-0.00,-0.00,0.00,0.00,-0.00,0.00,10.00
24358.00,-117.41,-17.02,0.10,-0.60,-0.18,-7.14,-2.67,-0.69,-810.06,-0.00,-0.00,0.00,0.00,0.00,-0.00,10.00
24368.00,-117.41,-17.02,0.21,-0.60,-0.18,10.75,-2.67,-0.69,1788.55,-0.00,-0.00,0.00,0.00,0.00,0.00,10.00
24378.00,-117.41,-17.02,0.16,-0.60,-0.18,-4.70,-2.67,-0.69,-1544.43,-0.00,-0.00,0.00,0.00,0.00,0.00,10.00
24388.00,-117.59,-17.07,0.21,-0.88,-0.23,5.06,-1.37,-0.26,976.00,-0.00,-0.00,0.00,0.00,0.00,-0.00,10.00
24398.00,-117.59,-17.07,0.25,-0.88,-0.23,3.90,-1.37,-0.26,-116.15,-0.00,-0.00,0.00,-0.00,0.00,0.00,16.00
24414.00,-117.59,-17.07,0.21,-0.88,-0.23,-2.57,-1.37,-0.26,-404.54,-0.00,-0.00,0.00,-0.00,-0.00,0.00,10.00
24424.00,-117.59,-17.07,0.17,-0.88,-0.23,-4.05,-1.37,-0.26,-148.13,-0.00,-0.00,0.00,-0.00,0.00,0.00,10.00
24434.00,-117.59,-17.07,0.19,-0.88,-0.23,2.01,-1.37,-0.26,605.91,-0.00,-0.00,0.00,0.00,0.00,-0.00,10.00
24449.00,-117.59,-17.07,0.20,-0.88,-0.23,0.23,-1.37,-0.26,-118.55,-0.00,-0.00,0.00,0.00,0.00,0.00,10.00
24459.00,-117.59,-17.07,0.20,-0.88,-0.23,0.31,-1.37,-0.26,7.73,-0.00,-0.00,0.00,0.00,-0.00,0.00,10.00
24469.00,-117.59,-17.07,0.17,-0.88,-0.23,-3.19,-1.37,-0.26,-349.86,-0.00,-0.00,0.00,-0.00,0.00,0.00,10.00
24479.00,-117.59,-17.07,0.17,-0.88,-0.23,-0.09,-1.37,-0.26,310.30,-0.00,-0.00,0.00,-0.00,0.00,0.00,10.00
24489.00,-117.59,-17.07,0.19,-0.88,-0.23,2.74,-1.37,-0.26,283.03,-0.00,-0.00,0.00,0.00,0.00,0.00,16.00
24505.00,-117.59,-17.07,0.13,-0.88,-0.23,-3.92,-1.37,-0.26,-416.46,-0.00,-0.00,0.00,-0.00,0.00,0.00,10.00
24515.00,-117.59,-17.07,0.17,-0.88,-0.23,3.89,-1.37,-0.26,781.70,-0.00,-0.00,0.00,-0.00,0.00,0.00,10.00
24525.00,-117.59,-17.07,0.24,-0.88,-0.23,6.70,-1.37,-0.26,281.06,-0.00,-0.00,0.00,-0.00,0.00,0.00,10.00
24535.00,-117.59,-17.07,0.16,-0.88,-0.23,-7.85,-1.37,-0.26,-1455.37,-0.00,-0.00,0.00,0.00,0.00,-0.00,10.00
24545.00,-117.59,-17.07,0.24,-0.88,-0.23,8.11,-1.37,-0.26,1596.21,-0.00,-0.00,0.00,0.00,-0.00,0.00,10.00
24564.00,-117.59,-17.07,0.15,-0.88,-0.23,-4.73,-1.37,-0.26,-675.87,-0.00,-0.00,0.00,0.00,0.00,0.00,10.00
24574.00,-117.59,-17.07,0.20,-0.88,-0.23,5.56,-1.37,-0.26,1028.72,-0.00,-0.00,0.00,-0.00,0.00,-0.00,10.00
24584.00,-117.59,-17.07,0.20,-0.88,-0.23,-0.68,-1.37,-0.26,-623.92,-0.00,-0.00,0.00,-0.00,0.00,0.00,18.00
24602.00,-117.83,-17.13,0.19,-1.14,-0.26,-0.35,-1.25,-0.16,18.31,-0.00,-0.00,0.00,0.00,0.00,-0.00,10.00
24612.00,-117.83,-17.13,0.22,-1.14,-0.26,2.79,-1.25,-0.16,314.61,-0.00,-0.00,0.00,0.00,0.00,-0.00,10.00
24622.00,-117.83,-17.13,0.25,-1.14,-0.26,3.52,-1.25,-0.16,72.95,-0.00,-0.00,0.00,-0.00,0.00,0.00,10.00
24632.00,-117.83,-17.13,0.12,-1.14,-0.26,-13.69,-1.25,-0.16,-1721.17,-0.00,-0.00,0.00,0.00,0.00,0.00,10.00
24642.00,-117.83,-17.13,0.20,-1.14,-0.26,7.92,-1.25,-0.16,2160.72,-0.00,-0.00,0.00,0.00,0.00,0.00,10.00
24652.00,-117.83,-17.13,0.23,-1.14,-0.26,2.90,-1.25,-0.16,-501.69,-0.00,-0.00,0.00,0.00,0.00,-0.00,10.00
24662.00,-117.83,-17.13,0.24,-1.14,-0.26,1.50,-1.25,-0.16,-140.46,-0.00,-0.00,0.00,0.00,-0.00,0.00,10.00
24677.00,-117.83,-17.13,0.28,-1.14,-0.26,2.57,-1.25,-0.16,71.72,-0.00,-0.00,0.00,-0.00,-0.00,-0.00,10.00
24687.00,-117.83,-17.13,0.13,-1.14,-0.26,-14.80,-1.25,-0.16,-1737.76,-0.00,-0.00,0.00,0.00,0.00,-0.00,16.00
24703.00,-117.83,-17.13,0.24,-1.14,-0.26,6.61,-1.25,-0.16,1338.58,-0.00,-0.00,0.00,0.00,0.00,-0.00,10.00
24713.00,-117.83,-17.13,0.19,-1.14,-0.26,-5.22,-1.25,-0.16,-1183.85,-0.00,-0.00,0.00,0.00,0.00,-0.00,10.00
24723.00,-117.83,-17.13,0.20,-1.14,-0.26,1.06,-1.25,-0.16,628.27,-0.00,-0.00,0.00,-0.00,0.01,0.00,10.00
24733.00,-117.83,-17.13,0.19,-1.14,-0.26,-0.89,-1.25,-0.16,-194.75,-0.00,-0.00,0.00,-0.00,-0.00,-0.00,10.00
24743.00,-117.83,-17.13,0.13,-1.14,-0.26,-5.48,-1.25,-0.16,-458.56,-0.00,-0.00,0.00,0.00,0.00,-0.00,10.00
24753.00,-117.83,-17.13,0.25,-1.14,-0.26,11.46,-1.25,-0.16,1693.32,-0.00,-0.00,0.00,-0.00,0.00,0.00,10.00
24763.00,-117.83,-17.13,0.19,-1.14,-0.26,-6.09,-1.25,-0.16,-1754.67,-0.00,-0.00,0.00,0.00,0.00,0.00,10.00
24773.00,-117.83,-17.13,0.17,-1.14,-0.26,-1.61,-1.25,-0.16,447.71,-0.00,-0.00,0.00,0.00,0.00,-0.00,10.00
24788.00,-117.83,-17.13,0.27,-1.14,-0.26,6.84,-1.25,-0.16,563.33,-0.00,-0.00,0.00,-0.00,-0.00,0.00,16.00
24804.00,-117.95,-17.16,0.23,-0.61,-0.18,-2.93,2.66,0.42,-610.55,-0.00,-0.00,0.00,-0.00,-0.00,0.00,10.00
24814.00,-117.95,-17.16,0.15,-0.61,-0.18,-7.23,2.66,0.42,-430.34,-0.00,-0.00,0.00,-0.00,-0.01,0.00,10.00
24824.00,-117.95,-17.16,0.17,-0.61,-0.18,1.83,2.66,0.42,906.01,-0.00,-0.00,0.00,0.00,0.00,0.00,10.00
24834.00,-117.95,-17.16,0.16,-0.61,-0.18,-1.02,2.66,0.42,-284.91,-0.00,-0.00,0.00,0.00,-0.00,0.00,10.00
24844.00,-117.95,-17.16,0.21,-0.61,-0.18,4.62,2.66,0.42,564.51,-0.00,-0.00,0.00,0.00,-0.00,0.00,10.00
24854.00,-117.95,-17.16,0.16,-0.61,-0.18,-5.01,2.66,0.42,-963.11,-0.00,-0.00,0.00,-0.00,0.00,0.00,10.00
24864.00,-117.95,-17.16,0.24,-0.61,-0.18,8.29,2.66,0.42,1330.28,-0.00,-0.00,0.00,0.00,0.00,-0.00,10.00
24874.00,-117.95,-17.16,0.22,-0.61,-0.18,-2.00,2.66,0.42,-1029.85,-0.00,-0.00,0.00,-0.00,0.01,0.00,10.00
24884.00,-117.95,-17.16,0.17,-0.61,-0.18,-5.21,2.66,0.42,-320.65,-0.00,-0.00,0.00,0.00,0.00,0.00,10.00
24899.00,-117.95,-17.16,0.22,-0.61,-0.18,3.28,2.66,0.42,566.19,-0.00,-0.00,0.00,0.00,0.00,-0.00,17.00
24916.00,-117.95,-17.16,0.24,-0.61,-0.18,1.28,2.66,0.42,-117.93,-0.00,-0.00,0.00,0.00,0.00,0.00,10.00
24926.00,-117.95,-17.16,0.34,-0.61,-0.18,9.73,2.66,0.42,845.72,-0.00,-0.00,0.00,0.00,-0.00,0.00,10.00
24936.00,-117.95,-17.16,0.20,-0.61,-0.18,-13.21,2.66,0.42,-2294.25,-0.00,-0.00,0.00,0.00,0.00,0.00,10.00
24946.00,-117.95,-17.16,0.25,-0.61,-0.18,4.44,2.66,0.42,1764.81,-0.00,-0.00,0.00,0.00,0.00,0.00,10.00
24956.00,-117.95,-17.16,0.25,-0.61,-0.18,0.51,2.66,0.42,-393.04,-0.00,-0.00,0.00,-0.00,-0.00,-0.00,10.00
24966.00,-117.95,-17.16,0.16,-0.61,-0.18,-8.95,2.66,0.42,-945.79,-0.00,-0.00,0.00,-0.00,0.00,0.00,10.00
24976.00,-117.95,-17.16,0.19,-0.61,-0.18,3.05,2.66,0.42,1199.76,-0.00,-0.00,0.00,0.00,0.00,0.00,10.00
24986.00,-117.95,-17.16,0.24,-0.61,-0.18,4.30,2.66,0.42,124.96,-0.00,-0.00,0.00,0.00,0.00,0.00,18.00
25004.00,-118.08,-17.18,0.26,-0.61,-0.10,1.27,-0.03,0.37,-168.21,-0.00,-0.00,0.00,0.00,0.00,0.00,10.00
25019.00,-118.08,-17.18,0.18,-0.61,-0.10,-5.58,-0.03,0.37,-456.60,-0.00,-0.00,0.00,-0.00,-0.00,0.00,10.00
25029.00,-118.08,-17.18,0.20,-0.61,-0.10,2.58,-0.03,0.37,816.24,-0.00,-0.00,0.00,0.00,-0.00,0.00,10.00
25039.00,-118.08,-17.18,0.19,-0.61,-0.10,-1.57,-0.03,0.37,-415.17,-0.00,-0.00,0.00,0.00,-0.00,0.00,10.00
25049.00,-118.08,-17.18,0.16,-0.61,-0.10,-2.33,-0.03,0.37,-76.10,-0.00,-0.00,0.00,-0.00,-0.00,0.00,10.00
25059.00,-118.08,-17.18,0.23,-0.61,-0.10,6.89,-0.03,0.37,921.43,-0.00,-0.00,0.00,-0.00,-0.01,0.00,10.00
25069.00,-118.08,-17.18,0.17,-0.61,-0.10,-5.81,-0.03,0.37,-1269.86,-0.00,-0.00,0.00,-0.00,-0.00,0.00,10.00
25079.00,-118.08,-17.18,0.10,-0.61,-0.10,-7.77,-0.03,0.37,-195.46,-0.00,-0.00,0.00,-0.00,-0.00,0.00,16.00
25095.00,-118.08,-17.18,0.21,-0.61,-0.10,7.10,-0.03,0.37,929.48,-0.00,-0.00,0.00,0.00,0.00,0.00,10.00
25105.00,-118.08,-17.18,0.15,-0.61,-0.10,-6.24,-0.03,0.37,-1334.25,-0.00,-0.00,0.00,0.00,0.00,0.00,10.00
25115.00,-118.08,-17.18,0.09,-0.61,-0.10,-6.03,-0.03,0.37,21.20,-0.00,-0.00,0.00,0.00,0.00,0.00,10.00
25130.00,-118.08,-17.18,0.18,-0.61,-0.10,6.23,-0.03,0.37,816.82,-0.00,-0.00,0.00,0.00,0.00,0.00,10.00
25140.00,-118.08,-17.18,0.25,-0.61,-0.10,6.55,-0.03,0.37,32.06,-0.00,-0.00,0.00,-0.00,-0.00,0.00,10.00
25150.00,-118.08,-17.18,0.19,-0.61,-0.10,-5.99,-0.03,0.37,-1254.00,-0.00,-0.00,0.00,0.00,-0.00,0.00,10.00
25160.00,-118.08,-17.18,0.28,-0.61,-0.10,9.59,-0.03,0.37,1558.36,-0.00,-0.00,0.00,0.00,-0.00,0.00,10.00
25170.00,-118.08,-17.18,0.14,-0.61,-0.10,-13.78,-0.03,0.37,-2337.45,-0.00,-0.00,0.00,-0.00,-0.00,0.00,10.00
25180.00,-118.08,-17.18,0.11,-0.61,-0.10,-3.69,-0.03,0.37,1009.40,-0.00,-0.00,0.00,-0.00,0.00,0.00,16.00
25196.00,-118.08,-17.18,0.28,-0.61,-0.10,10.49,-0.03,0.37,886.19,-0.00,-0.00,0.00,0.00,-0.00,0.00,10.00
25206.00,-118.11,-17.19,0.23,-0.17,-0.02,-4.89,2.21,0.39,-1537.87,-0.00,-0.00,0.00,-0.00,0.00,-0.00,10.00
25216.00,-118.11,-17.19,0.24,-0.17,-0.02,1.03,2.21,0.39,592.13,-0.00,-0.00,0.00,-0.00,-0.00,-0.00,10.00
25226.00,-118.11,-17.19,0.23,-0.17,-0.02,-1.17,2.21,0.39,-220.31,-0.00,-0.00,0.00,-0.00,0.00,-0.00,10.00
25241.00,-118.11,-17.19,0.19,-0.17,-0.02,-2.36,2.21,0.39,-79.24,-0.00,-0.00,0.00,0.00,0.00,0.00,10.00
25251.00,-118.11,-17.19,0.15,-0.17,-0.02,-3.79,2.21,0.39,-142.78,-0.00,-0.00,0.00,0.00,0.00,-0.00,10.00
25261.00,-118.11,-17.19,0.19,-0.17,-0.02,4.27,2.21,0.39,805.44,-0.00,-0.00,0.00,0.00,-0.00,-0.00,10.00
25271.00,-118.11,-17.19,0.24,-0.17,-0.02,4.77,2.21,0.39,50.36,-0.00,-0.00,0.00,-0.00,0.00,-0.00,10.00
25281.00,-118.11,-17.19,0.30,-0.17,-0.02,5.49,2.21,0.39,72.06,-0.00,-0.00,0.00,0.00,0.00,-0.00,10.00
25291.00,-118.11,-17.19,0.19,-0.17,-0.02,-10.38,2.21,0.39,-1586.60,-0.00,-0.00,0.00,0.00,0.01,0.00,15.00
25306.00,-118.11,-17.19,0.25,-0.17,-0.02,3.45,2.21,0.39,921.76,-0.00,-0.00,0.00,-0.00,0.00,-0.00,10.00
25316.00,-118.11,-17.19,0.23,-0.17,-0.02,-1.70,2.21,0.39,-515.45,-0.00,-0.00,0.00,-0.00,0.00,-0.00,10.00
25326.00,-118.11,-17.19,0.29,-0.17,-0.02,6.16,2.21,0.39,785.99,-0.00,-0.00,0.00,-0.00,-0.00,-0.00,10.00
25336.00,-118.11,-17.19,0.20,-0.17,-0.02,-9.02,2.21,0.39,-1517.40,-0.00,-0.00,0.00,-0.00,0.00,-0.00,10.00
25350.00,-118.11,-17.19,0.19,-0.17,-0.02,-0.59,2.21,0.39,602.22,-0.00,-0.00,0.00,0.00,0.00,-0.00,10.00
25360.00,-118.11,-17.19,0.23,-0.17,-0.02,3.92,2.21,0.39,450.75,-0.00,-0.00,0.00,-0.00,0.00,-0.00,10.00
25370.00,-118.11,-17.19,0.15,-0.17,-0.02,-7.85,2.21,0.39,-1177.34,-0.00,-0.00,0.00,-0.00,0.00,-0.00,10.00
25380.00,-118.11,-17.19,0.23,-0.17,-0.02,7.76,2.21,0.39,1560.97,-0.00,-0.00,0.00,0.00,0.00,-0.00,16.00
25396.00,-118.11,-17.19,0.23,-0.17,-0.02,0.32,2.21,0.39,-464.85,-0.00,0.00,0.00,0.00,0.00,-0.00,10.00
25406.00,-118.16,-17.19,0.16,-0.22,-0.02,-7.85,-0.29,0.02,-817.30,-0.00,0.00,0.00,0.00,0.00,-0.00,10.00
25416.00,-118.16,-17.19,0.05,-0.22,-0.02,-10.29,-0.29,0.02,-243.86,-0.00,0.00,0.00,0.00,0.00,-0.00,10.00
25426.00,-118.16,-17.19,0.15,-0.22,-0.02,10.10,-0.29,0.02,2039.46,-0.00,0.00,0.00,-0.00,-0.00,0.00,10.00
25436.00,-118.16,-17.19,0.14,-0.22,-0.02,-1.82,-0.29,0.02,-1191.99,-0.00,0.00,0.00,-0.00,0.00,-0.00,10.00
25446.00,-118.16,-17.19,0.23,-0.22,-0.02,9.05,-0.29,0.02,1086.63,-0.00,0.00,0.00,-0.00,0.00,0.00,10.00
25465.00,-118.16,-17.19,0.20,-0.22,-0.02,-1.66,-0.29,0.02,-563.54,-0.00,0.00,0.00,0.00,0.00,0.00,10.00
25475.00,-118.16,-17.19,0.23,-0.22,-0.02,3.50,-0.29,0.02,515.42,-0.00,0.00,0.00,0.00,-0.00,0.00,18.00
25493.00,-118.16,-17.19,0.16,-0.22,-0.02,-4.17,-0.29,0.02,-425.63,-0.00,0.00,0.00,-0.00,0.00,0.00,10.00
25503.00,-118.16,-17.19,0.13,-0.22,-0.02,-2.40,-0.29,0.02,176.87,-0.00,0.00,0.00,-0.00,-0.00,0.00,10.00
25513.00,-118.16,-17.19,0.20,-0.22,-0.02,7.14,-0.29,0.02,953.59,-0.00,0.00,0.00,-0.00,0.00,-0.00,10.00
25523.00,-118.16,-17.19,0.28,-0.22,-0.02,8.12,-0.29,0.02,97.64,-0.00,0.00,0.00,-0.00,0.00,0.00,10.00
25533.00,-118.16,-17.19,0.18,-0.22,-0.02,-10.38,-0.29,0.02,-1849.22,-0.00,0.00,0.00,0.00,0.00,-0.00,10.00
25543.00,-118.16,-17.19,0.28,-0.22,-0.02,9.50,-0.29,0.02,1987.72,-0.00,0.00,0.00,0.00,0.00,0.00,10.00
25553.00,-118.16,-17.19,0.25,-0.22,-0.02,-2.21,-0.29,0.02,-1171.33,-0.00,0.00,0.00,0.00,0.00,-0.00,10.00
25563.00,-118.16,-17.19,0.23,-0.22,-0.02,-1.86,-0.29,0.02,34.83,-0.00,0.00,0.00,0.00,0.00,0.00,10.00
25578.00,-118.16,-17.19,0.22,-0.22,-0.02,-1.25,-0.29,0.02,41.16,-0.00,0.00,0.00,0.00,0.01,0.00,18.00
25596.00,-118.16,-17.19,0.17,-0.22,-0.02,-2.72,-0.29,0.02,-82.08,-0.00,0.00,0.00,0.00,0.00,-0.00,10.00
25606.00,-118.19,-17.20,0.22,-0.17,-0.02,5.55,0.28,-0.02,827.69,-0.00,0.00,0.00,-0.00,0.00,-0.00,10.00
25616.00,-118.19,-17.20,0.18,-0.17,-0.02,-4.28,0.28,-0.02,-983.48,-0.00,0.00,0.00,0.00,0.00,0.00,10.00
25626.00,-118.19,-17.20,0.26,-0.17,-0.02,8.18,0.28,-0.02,1245.85,-0.00,0.00,0.00,0.00,0.00,-0.00,10.00
25636.00,-118.19,-17.20,0.15,-0.17,-0.02,-11.11,0.28,-0.02,-1928.96,-0.00,0.00,0.00,0.00,0.00,-0.00,10.00
25646.00,-118.19,-17.20,0.26,-0.17,-0.02,10.61,0.28,-0.02,2172.43,-0.00,0.00,0.00,-0.00,-0.00,0.00,10.00
25656.00,-118.19,-17.20,0.23,-0.17,-0.02,-2.11,0.28,-0.02,-1272.11,-0.00,0.00,0.00,0.00,-0.00,-0.00,10.00
25666.00,-118.19,-17.20,0.10,-0.17,-0.02,-13.73,0.28,-0.02,-1161.80,-0.00,0.00,0.00,-0.00,-0.00,-0.00,10.00
25676.00,-118.19,-17.20,0.14,-0.17,-0.02,3.92,0.28,-0.02,1764.89,-0.00,0.00,0.00,0.00,-0.00,0.00,19.00
25699.00,-118.19,-17.20,0.19,-0.17,-0.02,2.20,0.28,-0.02,-75.02,-0.00,0.00,0.00,0.00,-0.00,-0.00,10.00
25709.00,-118.19,-17.20,0.18,-0.17,-0.02,-0.87,0.28,-0.02,-306.53,-0.00,0.00,0.00,0.00,0.00,-0.00,10.00
25719.00,-118.19,-17.20,0.20,-0.17,-0.02,1.69,0.28,-0.02,255.88,-0.00,0.00,0.00,0.00,0.00,-0.00,10.00
25729.00,-118.19,-17.20,0.12,-0.17,-0.02,-7.90,0.28,-0.02,-958.92,-0.00,0.00,0.00,0.00,-0.00,-0.00,10.00
25739.00,-118.19,-17.20,0.18,-0.17,-0.02,6.42,0.28,-0.02,1432.37,-0.00,0.00,0.00,0.00,-0.00,0.00,10.00
25749.00,-118.19,-17.20,0.15,-0.17,-0.02,-2.69,0.28,-0.02,-911.61,-0.00,0.00,0.00,0.00,0.00,-0.00,10.00
25759.00,-118.19,-17.20,0.06,-0.17,-0.02,-9.73,0.28,-0.02,-703.89,-0.00,0.00,0.00,-0.00,-0.00,0.00,10.00
25769.00,-118.19,-17.20,0.18,-0.17,-0.02,12.55,0.28,-0.02,2228.19,-0.00,0.00,0.00,-0.00,0.00,0.00,10.00
25779.00,-118.19,-17.20,0.17,-0.17,-0.02,-0.81,0.28,-0.02,-1335.54,-0.00,0.00,0.00,-0.00,-0.00,0.00,17.00
25796.00,-118.19,-17.20,0.16,-0.17,-0.02,-0.88,0.28,-0.02,-4.13,-0.00,0.00,0.00,0.00,-0.00,0.00,10.00
25811.00,-118.20,-17.20,0.21,-0.05,-0.03,3.73,0.55,-0.04,307.21,-0.00,0.00,0.00,0.00,-0.00,0.00,10.00
25821.00,-118.20,-17.20,0.28,-0.05,-0.03,6.22,0.55,-0.04,248.47,-0.00,0.00,0.00,0.00,-0.00,0.00,10.00
25831.00,-118.20,-17.20,0.12,-0.05,-0.03,-15.84,0.55,-0.04,-2205.29,-0.00,0.00,0.00,0.00,0.00,0.00,10.00
25841.00,-118.20,-17.20,0.10,-0.05,-0.03,-1.62,0.55,-0.04,1421.95,-0.00,0.00,0.00,0.00,-0.00,0.00,10.00
25851.00,-118.20,-17.20,0.15,-0.05,-0.03,4.70,0.55,-0.04,631.22,-0.00,0.00,0.00,0.00,-0.00,0.00,10.00
25861.00,-118.20,-17.20,0.20,-0.05,-0.03,5.07,0.55,-0.04,36.97,-0.00,0.00,0.00,0.00,0.00,-0.00,10.00
25871.00,-118.20,-17.20,0.14,-0.05,-0.03,-6.31,0.55,-0.04,-1137.70,-0.00,0.00,0.00,-0.00,0.00,-0.00,10.00
25881.00,-118.20,-17.20,0.16,-0.05,-0.03,2.36,0.55,-0.04,867.53,-0.00,0.00,0.00,-0.00,0.00,0.00,10.00
25891.00,-118.20,-17.20,0.21,-0.05,-0.03,4.96,0.55,-0.04,259.97,-0.00,0.00,0.00,-0.00,-0.00,0.00,10.00
25901.00,-118.20,-17.20,0.20,-0.05,-0.03,-0.99,0.55,-0.04,-595.34,-0.00,0.00,0.00,-0.00,-0.00,-0.00,17.00
25922.00,-118.20,-17.20,0.12,-0.05,-0.03,-3.64,0.55,-0.04,-126.34,-0.00,0.00,0.00,-0.00,0.00,-0.00,10.00
25932.00,-118.20,-17.20,0.16,-0.05,-0.03,3.88,0.55,-0.04,752.04,-0.00,0.00,0.00,-0.00,0.00,0.00,10.00
25942.00,-118.20,-17.20,0.16,-0.05,-0.03,0.22,0.55,-0.04,-366.11,-0.00,0.00,0.00,-0.00,-0.00,0.00,10.00
25952.00,-118.20,-17.20,0.11,-0.05,-0.03,-5.57,0.55,-0.04,-578.42,-0.00,0.00,0.00,0.00,-0.00,0.00,10.00
25962.00,-118.20,-17.20,0.09,-0.05,-0.03,-2.27,0.55,-0.04,329.47,-0.00,0.00,0.00,0.00,-0.00,-0.00,10.00
25972.00,-118.20,-17.20,0.23,-0.05,-0.03,14.72,0.55,-0.04,1699.35,-0.00,0.00,0.00,0.00,-0.00,-0.00,10.00
25982.00,-118.20,-17.20,0.22,-0.05,-0.03,-1.30,0.55,-0.04,-1602.14,-0.00,0.00,0.00,0.00,0.00,0.00,16.00
25998.00,-118.20,-17.20,0.17,-0.05,-0.03,-2.98,0.55,-0.04,-105.03,-0.00,0.00,0.00,-0.00,0.00,0.00,10.00
26008.00,-118.20,-17.20,0.19,-0.05,-0.03,1.41,0.55,-0.04,439.60,-0.00,0.00,0.00,-0.00,0.00,0.00,10.00
26018.00,-118.23,-17.22,0.15,-0.16,-0.10,-3.51,-0.52,-0.31,-492.00,-0.00,0.00,0.00,0.00,0.00,0.00,10.00
26033.00,-118.23,-17.22,0.16,-0.16,-0.10,0.30,-0.52,-0.31,253.81,-0.00,0.00,0.00,-0.00,0.00,0.00,10.00
26043.00,-118.23,-17.22,0.17,-0.16,-0.10,1.75,-0.52,-0.31,144.40,-0.00,0.00,0.00,0.00,-0.00,0.00,10.00
26053.00,-118.23,-17.22,0.18,-0.16,-0.10,0.43,-0.52,-0.31,-131.38,-0.00,0.00,0.00,0.00,0.00,0.00,10.00
26063.00,-118.23,-17.22,0.15,-0.16,-0.10,-3.22,-0.52,-0.31,-365.42,-0.00,0.00,0.00,0.00,0.00,0.00,10.00
26073.00,-118.23,-17.22,0.17,-0.16,-0.10,2.14,-0.52,-0.31,535.73,-0.00,0.00,0.00,0.00,0.00,0.00,10.00
26083.00,-118.23,-17.22,0.23,-0.16,-0.10,5.95,-0.52,-0.31,381.68,-0.00,0.00,0.00,0.00,0.00,0.00,10.00
26093.00,-118.23,-17.22,0.18,-0.16,-0.10,-4.98,-0.52,-0.31,-1093.12,-0.00,0.00,0.00,0.00,0.00,0.00,15.00
26108.00,-118.23,-17.22,0.20,-0.16,-0.10,1.31,-0.52,-0.31,419.01,-0.00,0.00,0.00,-0.00,0.00,0.00,10.00
26118.00,-118.23,-17.22,0.09,-0.16,-0.10,-11.11,-0.52,-0.31,-1241.25,-0.00,0.00,0.00,0.00,0.00,0.00,10.00
26128.00,-118.23,-17.22,0.17,-0.16,-0.10,8.04,-0.52,-0.31,1914.61,-0.00,0.00,0.00,0.00,0.00,0.00,10.00
26143.00,-118.23,-17.22,0.20,-0.16,-0.10,2.35,-0.52,-0.31,-379.35,-0.00,0.00,0.00,-0.00,-0.00,0.00,10.00
26153.00,-118.23,-17.22,0.23,-0.16,-0.10,2.72,-0.52,-0.31,36.95,-0.00,0.00,0.00,-0.00,0.00,0.00,10.00
26163.00,-118.23,-17.22,0.15,-0.16,-0.10,-8.26,-0.52,-0.31,-1097.90,-0.00,0.00,0.00,0.00,0.00,0.00,10.00
26173.00,-118.23,-17.22,0.16,-0.16,-0.10,1.77,-0.52,-0.31,1003.23,-0.00,0.00,0.00,0.00,0.00,-0.00,10.00
26183.00,-118.23,-17.22,0.18,-0.16,-0.10,1.28,-0.52,-0.31,-49.26,-0.00,0.00,0.00,0.00,0.00,0.00,16.00
26199.00,-118.23,-17.22,0.13,-0.16,-0.10,-2.71,-0.52,-0.31,-249.27,-0.00,0.00,0.00,-0.00,0.00,0.00,10.00
26209.00,-118.23,-17.22,0.15,-0.16,-0.10,2.16,-0.52,-0.31,486.47,-0.00,0.00,0.00,-0.00,0.00,0.00,10.00
26219.00,-118.41,-17.26,0.12,-0.89,-0.15,-3.43,-3.61,-0.29,-558.75,-0.00,0.00,0.00,0.00,0.00,0.00,10.00
26229.00,-118.41,-17.26,0.11,-0.89,-0.15,-1.28,-3.61,-0.29,215.13,-0.00,0.00,0.00,-0.00,0.00,0.00,10.00
26239.00,-118.41,-17.26,0.24,-0.89,-0.15,13.03,-3.61,-0.29,1431.18,-0.00,0.00,0.00,0.00,0.00,0.00,10.00
26259.00,-118.41,-17.26,0.25,-0.89,-0.15,0.43,-3.61,-0.29,-630.28,-0.00,0.00,0.00,-0.00,-0.00,0.00,10.00
26269.00,-118.41,-17.26,0.19,-0.89,-0.15,-5.25,-3.61,-0.29,-567.83,-0.00,0.00,0.00,0.00,-0.00,0.00,10.00
26279.00,-118.41,-17.26,0.11,-0.89,-0.15,-8.44,-3.61,-0.29,-318.45,-0.00,0.00,0.00,0.00,0.00,0.00,18.00
26297.00,-118.41,-17.26,0.11,-0.89,-0.15,0.08,-3.61,-0.29,473.30,-0.00,0.00,0.00,0.00,0.00,-0.00,10.00
26307.00,-118.41,-17.26,0.21,-0.89,-0.15,10.29,-3.61,-0.29,1020.34,-0.00,0.00,0.00,0.00,-0.00,0.00,10.00
26317.00,-118.41,-17.26,0.18,-0.89,-0.15,-3.51,-3.61,-0.29,-1379.17,-0.00,0.00,0.00,0.00,-0.00,0.00,10.00
26327.00,-118.41,-17.26,0.24,-0.89,-0.15,5.62,-3.61,-0.29,912.71,-0.00,0.00,0.00,0.00,-0.00,-0.00,10.00
26337.00,-118.41,-17.26,0.10,-0.89,-0.15,-13.58,-3.61,-0.29,-1919.94,-0.00,0.00,0.00,-0.00,0.00,0.00,10.00
26347.00,-118.41,-17.26,0.20,-0.89,-0.15,10.17,-3.61,-0.29,2375.12,-0.00,0.00,0.00,0.00,-0.00,-0.00,10.00
26357.00,-118.41,-17.26,0.24,-0.89,-0.15,3.60,-3.61,-0.29,-657.46,-0.00,0.00,0.00,-0.00,-0.00,0.00,10.00
26372.00,-118.41,-17.26,0.24,-0.89,-0.15,-0.11,-3.61,-0.29,-246.90,-0.00,0.00,0.00,0.00,-0.00,0.00,10.00
26382.00,-118.41,-17.26,0.24,-0.89,-0.15,0.07,-3.61,-0.29,17.47,-0.00,0.00,0.00,-0.00,-0.00,-0.00,10.00
26392.00,-118.41,-17.26,0.28,-0.89,-0.15,4.62,-3.61,-0.29,455.37,-0.00,0.00,0.00,-0.00,-0.00,0.00,17.00
26409.00,-118.41,-17.26,0.29,-0.89,-0.15,0.19,-3.61,-0.29,-260.99,-0.00,0.00,0.00,-0.00,-0.00,-0.00,10.00
26419.00,-118.56,-17.29,0.17,-0.72,-0.17,-12.04,0.81,-0.07,-1222.39,-0.00,0.00,0.00,0.00,-0.00,-0.00,10.00
26429.00,-118.56,-17.29,0.17,-0.72,-0.17,0.67,0.81,-0.07,1271.23,-0.00,0.00,0.00,0.00,-0.00,0.00,10.00
26439.00,-118.56,-17.29,0.17,-0.72,-0.17,0.14,0.81,-0.07,-53.93,-0.00,0.00,0.00,0.00,-0.01,0.00,10.00
26449.00,-118.56,-17.29,0.22,-0.72,-0.17,4.85,0.81,-0.07,471.53,-0.00,0.00,0.00,0.00,0.00,0.00,10.00
26459.00,-118.56,-17.29,0.17,-0.72,-0.17,-4.77,0.81,-0.07,-961.73,-0.00,0.00,0.00,0.00,-0.00,-0.00,10.00
26469.00,-118.56,-17.29,0.22,-0.72,-0.17,4.27,0.81,-0.07,904.02,-0.00,0.00,0.00,-0.00,0.00,-0.00,10.00
26483.00,-118.56,-17.29,0.21,-0.72,-0.17,-0.27,0.81,-0.07,-324.50,-0.00,0.00,0.00,-0.00,-0.00,-0.00,17.00
26500.00,-118.56,-17.29,0.23,-0.72,-0.17,1.19,0.81,-0.07,85.57,-0.00,-0.00,0.00,0.00,-0.00,0.00,10.00
26510.00,-118.56,-17.29,0.21,-0.72,-0.17,-2.33,0.81,-0.07,-351.04,-0.00,-0.00,0.00,0.00,-0.00,0.00,10.00
26520.00,-118.56,-17.29,0.21,-0.72,-0.17,-0.15,0.81,-0.07,217.91,-0.00,-0.00,0.00,0.00,-0.00,0.00,10.00
26530.00,-118.56,-17.29,0.24,-0.72,-0.17,3.42,0.81,-0.07,356.41,-0.00,-0.00,0.00,-0.00,-0.00,-0.00,10.00
26540.00,-118.56,-17.29,0.25,-0.72,-0.17,1.16,0.81,-0.07,-225.72,-0.00,-0.00,0.00,-0.00,-0.00,-0.00,10.00
26550.00,-118.56,-17.29,0.24,-0.72,-0.17,-1.18,0.81,-0.07,-234.25,-0.00,-0.00,0.00,0.00,0.00,0.00,10.00
26560.00,-118.56,-17.29,0.19,-0.72,-0.17,-5.13,0.81,-0.07,-394.45,-0.00,-0.00,0.00,-0.00,0.00,0.00,10.00
26570.00,-118.56,-17.29,0.17,-0.72,-0.17,-2.01,0.81,-0.07,311.59,-0.00,-0.00,0.00,-0.00,-0.00,-0.00,10.00
26580.00,-118.56,-17.29,0.21,-0.72,-0.17,3.45,0.81,-0.07,545.60,-0.00,-0.00,0.00,-0.00,-0.00,0.00,18.00
26603.00,-118.56,-17.29,0.23,-0.72,-0.17,1.20,0.81,-0.07,-97.62,-0.00,-0.00,0.00,0.00,0.00,-0.00,10.00
26613.00,-118.56,-17.29,0.19,-0.72,-0.17,-3.86,0.81,-0.07,-506.46,-0.00,-0.00,0.00,0.00,-0.00,-0.00,10.00
26623.00,-118.68,-17.31,0.16,-0.60,-0.10,-3.68,0.60,0.34,18.25,-0.00,-0.00,0.00,-0.00,-0.00,0.00,10.00
26633.00,-118.68,-17.31,0.20,-0.60,-0.10,4.46,0.60,0.34,814.50,-0.00,-0.00,0.00,-0.00,0.00,0.00,10.00
26643.00,-118.68,-17.31,0.18,-0.60,-0.10,-2.19,0.60,0.34,-665.38,-0.00,-0.00,0.00,-0.00,-0.00,0.00,10.00
26653.00,-118.68,-17.31,0.27,-0.60,-0.10,8.83,0.60,0.34,1102.15,-0.00,-0.00,0.00,-0.00,-0.00,0.00,10.00
26663.00,-118.68,-17.31,0.22,-0.60,-0.10,-5.32,0.60,0.34,-1415.52,-0.00,-0.00,0.00,-0.00,-0.00,0.00,10.00
26673.00,-118.68,-17.31,0.21,-0.60,-0.10,-0.51,0.60,0.34,481.65,-0.00,-0.00,0.00,-0.00,-0.00,0.00,10.00
26683.00,-118.68,-17.31,0.21,-0.60,-0.10,-0.13,0.60,0.34,37.67,-0.00,-0.00,0.00,0.00,-0.00,-0.00,10.00
26693.00,-118.68,-17.31,0.25,-0.60,-0.10,4.43,0.60,0.34,456.43,-0.00,-0.00,0.00,0.00,-0.00,-0.00,16.00
26714.00,-118.68,-17.31,0.18,-0.60,-0.10,-3.28,0.60,0.34,-367.36,-0.00,-0.00,0.00,-0.00,-0.00,-0.00,10.00
26724.00,-118.68,-17.31,0.24,-0.60,-0.10,5.98,0.60,0.34,926.31,-0.00,-0.00,0.00,0.00,-0.00,-0.00,10.00
26734.00,-118.68,-17.31,0.31,-0.60,-0.10,6.51,0.60,0.34,53.19,-0.00,-0.00,0.00,0.00,-0.00,0.00,10.00
26744.00,-118.68,-17.31,0.23,-0.60,-0.10,-7.63,0.60,0.34,-1414.31,-0.00,-0.00,0.00,0.00,0.00,0.00,10.00
26754.00,-118.68,-17.31,0.27,-0.60,-0.10,3.92,0.60,0.34,1154.76,-0.00,-0.00,0.00,0.00,0.00,0.00,10.00
26764.00,-118.68,-17.31,0.25,-0.60,-0.10,-2.41,0.60,0.34,-632.62,-0.00,-0.00,0.00,0.00,-0.00,0.00,10.00
26774.00,-118.68,-17.31,0.23,-0.60,-0.10,-1.48,0.60,0.34,92.28,-0.00,-0.00,0.00,0.00,-0.00,-0.00,10.00
26784.00,-118.68,-17.31,0.20,-0.60,-0.10,-3.02,0.60,0.34,-153.25,-0.00,-0.00,0.00,0.00,-0.00,-0.00,10.00
26794.00,-118.68,-17.31,0.19,-0.60,-0.10,-1.35,0.60,0.34,166.51,-0.00,-0.00,0.00,0.00,-0.00,0.00,16.00
26810.00,-118.68,-17.31,0.23,-0.60,-0.10,2.50,0.60,0.34,240.62,-0.00,-0.00,0.00,0.00,-0.00,-0.00,10.00
26824.00,-118.78,-17.34,0.22,-0.50,-0.15,-0.49,0.51,-0.24,-213.53,-0.00,-0.00,0.00,0.00,0.00,0.00,10.00
26834.00,-118.78,-17.34,0.23,-0.50,-0.15,1.03,0.51,-0.24,152.26,-0.00,-0.00,0.00,-0.00,0.00,0.00,10.00
26844.00,-118.78,-17.34,0.25,-0.50,-0.15,1.26,0.51,-0.24,23.34,-0.00,-0.00,0.00,-0.00,-0.00,-0.00,10.00
26854.00,-118.78,-17.34,0.28,-0.50,-0.15,3.08,0.51,-0.24,181.48,-0.00,-0.00,0.00,-0.00,-0.00,-0.00,10.00
26864.00,-118.78,-17.34,0.28,-0.50,-0.15,-0.11,0.51,-0.24,-319.33,-0.00,-0.00,0.00,-0.00,0.00,0.00,10.00
26874.00,-118.78,-17.34,0.18,-0.50,-0.15,-9.27,0.51,-0.24,-915.85,-0.00,-0.00,0.00,-0.00,-0.00,0.00,10.00
26884.00,-118.78,-17.34,0.29,-0.50,-0.15,10.71,0.51,-0.24,1997.86,-0.00,-0.00,0.00,0.00,-0.00,0.00,16.00
26900.00,-118.78,-17.34,0.18,-0.50,-0.15,-6.74,0.51,-0.24,-1090.08,-0.00,-0.00,0.00,0.00,-0.00,-0.00,10.00
26910.00,-118.78,-17.34,0.15,-0.50,-0.15,-3.02,0.51,-0.24,371.77,-0.00,-0.00,0.00,0.00,0.00,0.00,10.00
26920.00,-118.78,-17.34,0.28,-0.50,-0.15,12.60,0.51,-0.24,1561.37,-0.00,-0.00,0.00,-0.00,-0.00,-0.00,10.00
26935.00,-118.78,-17.34,0.17,-0.50,-0.15,-7.36,0.51,-0.24,-1330.32,-0.00,-0.00,0.00,0.00,-0.00,0.00,10.00
26945.00,-118.78,-17.34,0.21,-0.50,-0.15,4.08,0.51,-0.24,1143.70,-0.00,-0.00,0.00,0.00,-0.00,-0.00,10.00
26955.00,-118.78,-17.34,0.23,-0.50,-0.15,2.52,0.51,-0.24,-156.00,-0.00,-0.00,0.00,0.00,0.00,-0.00,10.00
26965.00,-118.78,-17.34,0.21,-0.50,-0.15,-2.04,0.51,-0.24,-456.17,-0.00,-0.00,0.00,0.00,0.00,0.00,10.00
26975.00,-118.78,-17.34,0.18,-0.50,-0.15,-3.69,0.51,-0.24,-164.89,-0.00,-0.00,0.00,0.00,0.00,-0.00,10.00
26985.00,-118.78,-17.34,0.26,-0.50,-0.15,8.31,0.51,-0.24,1200.44,-0.00,-0.00,0.00,-0.00,-0.00,-0.00,16.00
27001.00,-118.78,-17.34,0.15,-0.50,-0.15,-6.93,0.51,-0.24,-952.76,-0.00,-0.00,0.00,0.00,0.00,-0.00,10.00
27011.00,-118.78,-17.34,0.19,-0.50,-0.15,4.49,0.51,-0.24,1142.53,-0.00,-0.00,0.00,-0.00,-0.00,-0.00,10.00
27021.00,-118.78,-17.34,0.20,-0.50,-0.15,0.85,0.51,-0.24,-363.89,-0.00,-0.00,0.00,0.00,0.00,-0.00,10.00
27031.00,-118.86,-17.36,0.17,-0.38,-0.08,-2.84,0.59,0.34,-369.51,-0.00,-0.00,0.00,0.00,0.00,0.00,10.00
27045.00,-118.86,-17.36,0.31,-0.38,-0.08,9.87,0.59,0.34,908.25,-0.00,-0.00,0.00,0.00,0.00,0.00,10.00
27055.00,-118.86,-17.36,0.31,-0.38,-0.08,0.23,0.59,0.34,-964.67,-0.00,-0.00,0.00,0.00,-0.00,-0.00,10.00
27065.00,-118.86,-17.36,0.21,-0.38,-0.08,-10.78,0.59,0.34,-1100.47,-0.00,-0.00,0.00,-0.00,-0.00,-0.00,10.00
27075.00,-118.86,-17.36,0.20,-0.38,-0.08,-0.82,0.59,0.34,996.01,-0.00,-0.00,0.00,0.00,0.00,-0.00,10.00
27085.00,-118.86,-17.36,0.17,-0.38,-0.08,-3.15,0.59,0.34,-232.96,-0.00,-0.00,0.00,0.00,0.00,-0.00,16.00
27101.00,-118.86,-17.36,0.24,-0.38,-0.08,4.84,0.59,0.34,499.34,-0.00,-0.00,0.00,-0.00,0.00,0.00,10.00
27111.00,-118.86,-17.36,0.32,-0.38,-0.08,7.93,0.59,0.34,309.05,-0.00,-0.00,0.00,0.00,0.00,0.00,16.00
27127.00,-118.86,-17.36,0.27,-0.38,-0.08,-3.43,0.59,0.34,-710.15,-0.00,-0.00,0.00,0.00,-0.00,-0.00,10.00
27137.00,-118.86,-17.36,0.28,-0.38,-0.08,1.10,0.59,0.34,452.62,-0.00,-0.00,0.00,-0.00,-0.00,-0.00,10.00
27147.00,-118.86,-17.36,0.26,-0.38,-0.08,-1.61,0.59,0.34,-270.75,-0.00,-0.00,0.00,0.00,0.00,-0.00,10.00
27168.00,-118.86,-17.36,0.23,-0.38,-0.08,-1.38,0.59,0.34,11.11,-0.00,-0.00,0.00,-0.00,0.00,-0.00,10.00
27178.00,-118.86,-17.36,0.26,-0.38,-0.08,2.66,0.59,0.34,403.88,-0.00,-0.00,0.00,0.00,-0.00,-0.00,10.00
27188.00,-118.86,-17.36,0.29,-0.38,-0.08,2.84,0.59,0.34,17.78,-0.00,-0.00,0.00,0.00,0.00,-0.00,10.00
27198.00,-118.86,-17.36,0.18,-0.38,-0.08,-10.45,0.59,0.34,-1328.48,-0.00,-0.00,0.00,0.00,0.00,-0.00,15.00
27213.00,-118.86,-17.36,0.16,-0.38,-0.08,-1.57,0.59,0.34,591.62,-0.00,-0.00,0.00,0.00,-0.00,0.00,10.00
27223.00,-118.86,-17.36,0.22,-0.38,-0.08,6.04,0.59,0.34,761.49,-0.00,-0.00,0.00,0.00,0.00,0.00,10.00
27233.00,-119.02,-17.40,0.28,-0.83,-0.20,5.56,-2.23,-0.58,-47.88,-0.00,-0.00,0.00,0.00,0.00,0.00,10.00
27243.00,-119.02,-17.40,0.29,-0.83,-0.20,1.72,-2.23,-0.58,-384.67,-0.00,-0.00,0.00,-0.00,-0.00,-0.00,10.00
27253.00,-119.02,-17.40,0.30,-0.83,-0.20,0.65,-2.23,-0.58,-106.76,-0.00,-0.00,0.00,-0.00,0.00,-0.00,10.00
27263.00,-119.02,-17.40,0.25,-0.83,-0.20,-4.77,-2.23,-0.58,-542.09,-0.00,-0.00,0.00,-0.00,-0.00,0.00,10.00
27277.00,-119.02,-17.40,0.22,-0.83,-0.20,-2.57,-2.23,-0.58,157.03,-0.00,-0.00,0.00,0.00,-0.00,0.00,10.00
27287.00,-119.02,-17.40,0.32,-0.83,-0.20,9.79,-2.23,-0.58,1236.01,-0.00,-0.00,0.00,0.00,-0.00,0.00,10.00
27297.00,-119.02,-17.40,0.23,-0.83,-0.20,-8.85,-2.23,-0.58,-1863.52,-0.00,-0.00,0.00,0.00,-0.00,0.00,15.00
27312.00,-119.02,-17.40,0.33,-0.83,-0.20,6.56,-2.23,-0.58,1027.22,-0.00,-0.00,0.00,-0.00,-0.00,-0.00,10.00
27322.00,-119.02,-17.40,0.22,-0.83,-0.20,-10.05,-2.23,-0.58,-1661.64,-0.00,-0.00,0.00,-0.00,0.00,-0.00,10.00
27332.00,-119.02,-17.40,0.22,-0.83,-0.20,-0.84,-2.23,-0.58,921.57,-0.00,-0.00,0.00,-0.00,-0.00,-0.00,10.00
27342.00,-119.02,-17.40,0.20,-0.83,-0.20,-1.82,-2.23,-0.58,-97.62,-0.00,-0.00,0.00,0.00,-0.00,0.00,10.00
27352.00,-119.02,-17.40,0.19,-0.83,-0.20,-0.71,-2.23,-0.58,110.25,-0.00,-0.00,0.00,0.00,0.00,0.00,10.00
27362.00,-119.02,-17.40,0.24,-0.83,-0.20,4.89,-2.23,-0.58,560.05,-0.00,-0.00,0.00,0.00,0.00,0.00,10.00
27372.00,-119.02,-17.40,0.16,-0.83,-0.20,-7.78,-2.23,-0.58,-1267.19,-0.00,-0.00,0.00,0.00,0.00,0.00,10.00
27386.00,-119.02,-17.40,0.36,-0.83,-0.20,14.22,-2.23,-0.58,1571.46,-0.00,-0.00,0.00,-0.00,0.01,-0.00,17.00
27403.00,-119.02,-17.40,0.17,-0.83,-0.20,-11.01,-2.23,-0.58,-1483.65,-0.00,-0.00,0.00,-0.00,0.00,-0.00,10.00
27413.00,-119.02,-17.40,0.19,-0.83,-0.20,1.18,-2.23,-0.58,1218.36,-0.00,-0.00,0.00,0.00,-0.00,0.00,10.00
27423.00,-119.02,-17.40,0.23,-0.83,-0.20,4.54,-2.23,-0.58,336.25,-0.00,-0.00,0.00,0.00,0.00,0.00,10.00
27433.00,-119.16,-17.43,0.19,-0.67,-0.17,-4.15,0.79,0.11,-868.62,-0.00,-0.00,0.00,0.00,-0.00,0.00,10.00
27443.00,-119.16,-17.43,0.31,-0.67,-0.17,12.38,0.79,0.11,1652.19,-0.00,-0.00,0.00,0.00,-0.00,0.00,10.00
27453.00,-119.16,-17.43,0.16,-0.67,-0.17,-15.83,0.79,0.11,-2820.49,-0.00,-0.00,0.00,0.00,-0.00,0.00,10.00
27463.00,-119.16,-17.43,0.24,-0.67,-0.17,8.34,0.79,0.11,2417.28,-0.00,-0.00,0.00,-0.00,0.00,0.00,10.00
27473.00,-119.16,-17.43,0.13,-0.67,-0.17,-11.09,0.79,0.11,-1943.11,-0.00,-0.00,0.00,-0.00,0.00,0.00,10.00
27483.00,-119.16,-17.43,0.23,-0.67,-0.17,10.37,0.79,0.11,2145.26,-0.00,-0.00,0.00,-0.00,-0.00,-0.00,18.00
27505.00,-119.16,-17.43,0.23,-0.67,-0.17,0.04,0.79,0.11,-469.43,-0.00,-0.00,0.00,-0.00,-0.00,-0.00,10.00
27515.00,-119.16,-17.43,0.22,-0.67,-0.17,-1.57,0.79,0.11,-161.14,-0.00,-0.00,0.00,-0.00,-0.00,-0.00,10.00
27525.00,-119.16,-17.43,0.26,-0.67,-0.17,3.92,0.79,0.11,549.81,-0.00,-0.00,0.00,-0.00,-0.00,-0.00,10.00
27535.00,-119.16,-17.43,0.25,-0.67,-0.17,-0.82,0.79,0.11,-474.93,-0.00,-0.00,0.00,-0.00,-0.00,0.00,10.00
27545.00,-119.16,-17.43,0.30,-0.67,-0.17,5.65,0.79,0.11,647.64,-0.00,-0.00,0.00,-0.00,0.00,0.00,10.00
27555.00,-119.16,-17.43,0.23,-0.67,-0.17,-7.62,0.79,0.11,-1326.91,-0.00,-0.00,0.00,-0.00,0.00,0.00,10.00
27565.00,-119.16,-17.43,0.26,-0.67,-0.17,3.55,0.79,0.11,1116.42,-0.00,-0.00,0.00,0.00,0.00,-0.00,10.00
27575.00,-119.16,-17.43,0.25,-0.67,-0.17,-0.90,0.79,0.11,-444.68,-0.00,-0.00,0.00,0.00,-0.00,-0.00,10.00
27585.00,-119.16,-17.43,0.26,-0.67,-0.17,0.49,0.79,0.11,138.93,-0.00,-0.00,0.00,-0.00,0.00,0.00,17.00
27602.00,-119.16,-17.43,0.19,-0.67,-0.17,-4.30,0.79,0.11,-281.62,-0.00,-0.00,0.00,0.00,0.00,0.00,10.00
27616.00,-119.16,-17.43,0.22,-0.67,-0.17,2.45,0.79,0.11,482.05,-0.00,-0.00,0.00,0.00,0.00,0.00,10.00
27626.00,-119.16,-17.43,0.30,-0.67,-0.17,8.39,0.79,0.11,593.55,-0.00,-0.00,0.00,0.00,0.00,0.00,10.00
27636.00,-119.27,-17.45,0.23,-0.55,-0.11,-7.92,0.59,0.34,-1630.56,-0.00,-0.00,0.00,0.00,0.00,0.00,10.00
27646.00,-119.27,-17.45,0.24,-0.55,-0.11,1.20,0.59,0.34,912.12,-0.00,-0.00,0.00,0.00,-0.00,-0.00,10.00
27656.00,-119.27,-17.45,0.32,-0.55,-0.11,8.51,0.59,0.34,730.70,-0.00,-0.00,0.00,0.00,0.00,-0.00,10.00
27666.00,-119.27,-17.45,0.11,-0.55,-0.11,-21.12,0.59,0.34,-2962.66,-0.00,-0.00,0.00,0.00,0.00,0.00,10.00
27676.00,-119.27,-17.45,0.25,-0.55,-0.11,14.04,0.59,0.34,3515.81,-0.00,-0.00,0.00,0.00,0.00,0.00,10.00
27686.00,-119.27,-17.45,0.36,-0.55,-0.11,10.66,0.59,0.34,-337.81,-0.00,-0.00,0.00,-0.00,0.00,0.00,10.00
27696.00,-119.27,-17.45,0.21,-0.55,-0.11,-14.45,0.59,0.34,-2511.62,-0.00,-0.00,0.00,-0.00,-0.00,0.00,17.00
27713.00,-119.27,-17.45,0.31,-0.55,-0.11,5.64,0.59,0.34,1182.22,-0.00,-0.00,0.00,-0.00,0.00,-0.00,10.00
27727.00,-119.27,-17.45,0.27,-0.55,-0.11,-2.76,0.59,0.34,-600.50,-0.00,-0.00,0.00,0.00,0.00,0.00,10.00
27737.00,-119.27,-17.45,0.20,-0.55,-0.11,-6.72,0.59,0.34,-395.91,-0.00,-0.00,0.00,-0.00,0.00,0.00,10.00
27747.00,-119.27,-17.45,0.14,-0.55,-0.11,-6.03,0.59,0.34,69.78,-0.00,-0.00,0.00,0.00,0.00,0.00,10.00
27757.00,-119.27,-17.45,0.19,-0.55,-0.11,4.60,0.59,0.34,1062.89,-0.00,-0.00,0.00,0.00,-0.00,0.00,10.00
27767.00,-119.27,-17.45,0.27,-0.55,-0.11,8.24,0.59,0.34,363.89,-0.00,-0.00,0.00,0.00,-0.00,0.00,10.00
27777.00,-119.27,-17.45,0.09,-0.55,-0.11,-17.73,0.59,0.34,-2597.01,-0.00,-0.00,0.00,0.00,-0.00,0.00,10.00
27787.00,-119.27,-17.45,0.18,-0.55,-0.11,8.25,0.59,0.34,2597.79,-0.00,-0.00,0.00,-0.00,-0.00,0.00,10.00
27797.00,-119.27,-17.45,0.26,-0.55,-0.11,8.78,0.59,0.34,52.52,-0.00,-0.00,0.00,-0.00,-0.00,0.00,16.00
27813.00,-119.27,-17.45,0.11,-0.55,-0.11,-9.77,0.59,0.34,-1158.95,-0.00,-0.00,0.00,-0.00,-0.00,0.00,10.00
27823.00,-119.27,-17.45,0.18,-0.55,-0.11,6.77,0.59,0.34,1654.24,-0.00,-0.00,0.00,0.00,0.00,0.00,10.00
27838.00,-119.37,-17.47,0.30,-0.50,-0.11,8.51,0.26,-0.03,115.89,-0.00,-0.00,0.00,-0.00,-0.00,0.00,10.00
27848.00,-119.37,-17.47,0.25,-0.50,-0.11,-5.10,0.26,-0.03,-1361.22,-0.00,-0.00,0.00,-0.00,-0.00,0.00,10.00
27858.00,-119.37,-17.47,0.23,-0.50,-0.11,-2.15,0.26,-0.03,295.34,-0.00,-0.00,0.00,-0.00,0.00,0.00,10.00
27868.00,-119.37,-17.47,0.17,-0.50,-0.11,-5.70,0.26,-0.03,-354.94,-0.00,-0.00,0.00,0.00,0.00,0.00,10.00
27878.00,-119.37,-17.47,0.21,-0.50,-0.11,3.10,0.26,-0.03,879.57,-0.00,-0.00,0.00,0.00,-0.00,0.00,10.00
27888.00,-119.37,-17.47,0.13,-0.50,-0.11,-7.11,0.26,-0.03,-1021.50,-0.00,-0.00,0.00,-0.00,0.00,0.00,16.00
27904.00,-119.37,-17.47,0.09,-0.50,-0.11,-2.90,0.26,-0.03,263.11,-0.00,-0.00,0.00,-0.00,-0.00,0.00,10.00
27914.00,-119.37,-17.47,0.19,-0.50,-0.11,10.71,0.26,-0.03,1361.18,-0.00,-0.00,0.00,0.00,-0.00,0.00,10.00
27924.00,-119.37,-17.47,0.21,-0.50,-0.11,1.94,0.26,-0.03,-876.27,-0.00,-0.00,0.00,-0.00,-0.01,0.00,10.00
27934.00,-119.37,-17.47,0.26,-0.50,-0.11,4.20,0.26,-0.03,225.44,-0.00,-0.00,0.00,0.00,-0.00,0.00,10.00
27949.00,-119.37,-17.47,0.16,-0.50,-0.11,-6.16,0.26,-0.03,-690.63,-0.00,-0.00,0.00,-0.00,-0.00,0.00,10.00
27959.00,-119.37,-17.47,0.25,-0.50,-0.11,9.08,0.26,-0.03,1523.95,-0.00,-0.00,0.00,0.00,0.00,0.00,10.00
27969.00,-119.37,-17.47,0.27,-0.50,-0.11,1.65,0.26,-0.03,-742.44,-0.00,-0.00,0.00,0.00,0.00,-0.00,10.00
27979.00,-119.37,-17.47,0.29,-0.50,-0.11,1.78,0.26,-0.03,12.84,-0.00,-0.00,0.00,0.00,-0.00,0.00,10.00
27989.00,-119.37,-17.47,0.32,-0.50,-0.11,3.12,0.26,-0.03,133.24,-0.00,-0.00,0.00,-0.00,-0.00,0.00,19.00
28008.00,-119.37,-17.47,0.18,-0.50,-0.11,-7.59,0.26,-0.03,-563.57,-0.00,-0.00,0.00,0.00,0.00,0.00,10.00
28018.00,-119.37,-17.47,0.20,-0.50,-0.11,2.57,0.26,-0.03,1016.23,-0.00,-0.00,0.00,0.00,-0.00,0.00,10.00
28028.00,-119.37,-17.47,0.17,-0.50,-0.11,-2.86,0.26,-0.03,-542.47,-0.00,-0.00,0.00,-0.00,-0.00,0.00,10.00
28038.00,-119.45,-17.49,0.22,-0.39,-0.08,4.71,0.53,0.14,756.89,-0.00,-0.00,0.00,-0.00,-0.00,0.00,10.00
28048.00,-119.45,-17.49,0.32,-0.39,-0.08,10.32,0.53,0.14,560.87,-0.00,-0.00,0.00,0.00,-0.00,-0.00,10.00
28067.00,-119.45,-17.49,0.19,-0.39,-0.08,-6.88,0.53,0.14,-905.62,-0.00,-0.00,0.00,-0.00,0.00,0.00,10.00
28077.00,-119.45,-17.49,0.32,-0.39,-0.08,12.81,0.53,0.14,1969.47,-0.00,-0.00,0.00,0.00,-0.00,0.00,10.00
28087.00,-119.45,-17.49,0.19,-0.39,-0.08,-13.18,0.53,0.14,-2599.00,-0.00,-0.00,0.00,0.00,-0.00,0.00,17.00
28104.00,-119.45,-17.49,0.18,-0.39,-0.08,-0.45,0.53,0.14,748.93,-0.00,-0.00,0.00,-0.00,-0.00,0.00,10.00
28114.00,-119.45,-17.49,0.29,-0.39,-0.08,11.33,0.53,0.14,1177.58,-0.00,-0.00,0.00,-0.00,-0.00,-0.00,10.00
28124.00,-119.45,-17.49,0.20,-0.39,-0.08,-9.05,0.53,0.14,-2037.67,-0.00,-0.00,0.00,-0.00,-0.00,0.00,10.00
28134.00,-119.45,-17.49,0.27,-0.39,-0.08,6.28,0.53,0.14,1532.89,-0.00,-0.00,0.00,-0.00,0.00,0.00,10.00
28144.00,-119.45,-17.49,0.19,-0.39,-0.08,-8.02,0.53,0.14,-1430.05,-0.00,-0.00,0.00,-0.00,-0.00,0.00,10.00
28154.00,-119.45,-17.49,0.28,-0.39,-0.08,9.30,0.53,0.14,1732.46,-0.00,-0.00,0.00,-0.00,-0.00,0.00,10.00
28164.00,-119.45,-17.49,0.26,-0.39,-0.08,-1.79,0.53,0.14,-1109.39,-0.00,-0.00,0.00,0.00,-0.00,0.00,10.00
28179.00,-119.45,-17.49,0.32,-0.39,-0.08,3.93,0.53,0.14,381.00,-0.00,-0.00,0.00,0.00,-0.00,-0.00,16.00
28195.00,-119.45,-17.49,0.20,-0.39,-0.08,-7.61,0.53,0.14,-720.71,-0.00,-0.00,0.00,0.00,-0.00,0.00,10.00
28205.00,-119.45,-17.49,0.21,-0.39,-0.08,1.33,0.53,0.14,893.31,-0.00,-0.00,0.00,0.00,0.00,0.00,10.00
28215.00,-119.45,-17.49,0.26,-0.39,-0.08,4.52,0.53,0.14,319.27,-0.00,-0.00,0.00,-0.00,0.00,0.00,10.00
28225.00,-119.45,-17.49,0.18,-0.39,-0.08,-7.52,0.53,0.14,-1204.17,-0.00,-0.00,0.00,0.00,0.00,0.00,10.00
28235.00,-119.45,-17.49,0.29,-0.39,-0.08,10.56,0.53,0.14,1807.89,-0.00,-0.00,0.00,0.00,-0.00,-0.00,10.00
28245.00,-119.41,-17.49,0.23,0.16,-0.01,-6.13,2.66,0.33,-1668.26,-0.00,-0.00,0.00,0.00,0.00,-0.00,10.00
28255.00,-119.41,-17.49,0.19,0.16,-0.01,-3.67,2.66,0.33,245.63,-0.00,-0.00,0.00,-0.00,0.00,-0.00,10.00
28265.00,-119.41,-17.49,0.18,0.16,-0.01,-1.08,2.66,0.33,258.91,-0.00,-0.00,0.00,-0.00,0.00,0.00,10.00
28275.00,-119.41,-17.49,0.22,0.16,-0.01,3.98,2.66,0.33,506.29,-0.00,-0.00,0.00,0.00,0.00,0.00,10.00
28290.00,-119.41,-17.49,0.28,0.16,-0.01,4.36,2.66,0.33,25.40,-0.00,-0.00,0.00,0.00,0.00,-0.00,16.00
28306.00,-119.41,-17.49,0.24,0.16,-0.01,-2.93,2.66,0.33,-456.00,-0.00,-0.00,0.00,-0.00,-0.00,-0.00,10.00
28316.00,-119.41,-17.49,0.18,0.16,-0.01,-5.48,2.66,0.33,-254.81,-0.00,-0.00,0.00,-0.00,0.00,-0.00,10.00
28326.00,-119.41,-17.49,0.17,0.16,-0.01,-1.56,2.66,0.33,391.99,-0.00,-0.00,0.00,-0.00,0.00,0.00,10.00
28336.00,-119.41,-17.49,0.24,0.16,-0.01,7.08,2.66,0.33,864.05,-0.00,-0.00,0.00,0.00,0.00,-0.00,10.00
28346.00,-119.41,-17.49,0.28,0.16,-0.01,3.98,2.66,0.33,-309.83,-0.00,-0.00,0.00,0.00,0.00,-0.00,10.00
28356.00,-119.41,-17.49,0.25,0.16,-0.01,-2.46,2.66,0.33,-644.45,-0.00,-0.00,0.00,0.00,0.00,-0.00,10.00
28366.00,-119.41,-17.49,0.29,0.16,-0.01,3.52,2.66,0.33,598.08,-0.00,-0.00,0.00,-0.00,0.00,-0.00,10.00
28376.00,-119.41,-17.49,0.28,0.16,-0.01,-1.04,2.66,0.33,-455.49,-0.00,-0.00,0.00,0.00,0.00,-0.00,10.00
28386.00,-119.41,-17.49,0.24,0.16,-0.01,-4.01,2.66,0.33,-297.09,-0.00,-0.00,0.00,-0.00,-0.00,0.00,18.00
28408.00,-119.41,-17.49,0.19,0.16,-0.01,-2.14,2.66,0.33,84.75,-0.00,-0.00,0.00,0.00,0.00,-0.00,10.00
28418.00,-119.41,-17.49,0.30,0.16,-0.01,11.18,2.66,0.33,1332.83,-0.00,-0.00,0.00,0.00,-0.00,-0.00,10.00
28428.00,-119.41,-17.49,0.19,0.16,-0.01,-11.70,2.66,0.33,-2288.44,-0.00,-0.00,0.00,-0.00,-0.00,-0.00,10.00
28438.00,-119.41,-17.49,0.30,0.16,-0.01,11.36,2.66,0.33,2305.67,-0.00,-0.00,0.00,-0.00,0.00,-0.00,10.00
28448.00,-119.38,-17.49,0.25,0.16,0.02,-5.08,0.02,0.18,-1643.30,-0.00,-0.00,0.00,0.00,0.00,-0.00,10.00
28458.00,-119.38,-17.49,0.26,0.16,0.02,1.36,0.02,0.18,643.37,-0.00,-0.00,0.00,-0.00,0.00,-0.00,10.00
28468.00,-119.38,-17.49,0.26,0.16,0.02,-0.47,0.02,0.18,-183.19,-0.00,-0.00,0.00,-0.00,-0.00,-0.00,10.00
28478.00,-119.38,-17.49,0.24,0.16,0.02,-1.51,0.02,0.18,-104.03,-0.00,-0.00,0.00,0.00,-0.00,-0.00,17.00
28495.00,-119.38,-17.49,0.23,0.16,0.02,-0.82,0.02,0.18,40.98,-0.00,-0.00,0.00,0.00,-0.00,0.00,10.00
28505.00,-119.38,-17.49,0.27,0.16,0.02,4.67,0.02,0.18,549.13,-0.00,-0.00,0.00,-0.00,0.00,0.00,10.00
28520.00,-119.38,-17.49,0.31,0.16,0.02,2.40,0.02,0.18,-151.80,-0.00,-0.00,0.00,-0.00,0.00,0.00,10.00
28530.00,-119.38,-17.49,0.30,0.16,0.02,-1.20,0.02,0.18,-359.22,-0.00,-0.00,0.00,0.00,0.00,0.00,10.00
28540.00,-119.38,-17.49,0.23,0.16,0.02,-6.69,0.02,0.18,-549.75,-0.00,-0.00,0.00,0.00,-0.00,0.00,10.00
28550.00,-119.38,-17.49,0.25,0.16,0.02,2.16,0.02,0.18,884.89,-0.00,-0.00,0.00,-0.00,-0.00,-0.00,10.00
28560.00,-119.38,-17.49,0.25,0.16,0.02,-0.01,0.02,0.18,-216.58,-0.00,-0.00,0.00,0.00,0.00,-0.00,10.00
28570.00,-119.38,-17.49,0.19,0.16,0.02,-5.93,0.02,0.18,-592.20,-0.00,-0.00,0.00,0.00,0.00,-0.00,10.00
28580.00,-119.38,-17.49,0.29,0.16,0.02,9.57,0.02,0.18,1550.63,-0.00,-0.00,0.00,0.00,0.00,-0.00,10.00
28590.00,-119.38,-17.49,0.22,0.16,0.02,-7.12,0.02,0.18,-1668.97,-0.00,-0.00,0.00,0.00,0.00,0.00,16.00
28606.00,-119.38,-17.49,0.19,0.16,0.02,-1.84,0.02,0.18,329.65,-0.00,-0.00,0.00,0.00,0.00,0.00,10.00
28616.00,-119.38,-17.49,0.21,0.16,0.02,2.34,0.02,0.18,418.15,-0.00,-0.00,0.00,0.00,0.00,0.00,10.00
28631.00,-119.38,-17.49,0.23,0.16,0.02,0.98,0.02,0.18,-90.73,-0.00,-0.00,0.00,0.00,-0.00,0.00,10.00
28641.00,-119.38,-17.49,0.34,0.16,0.02,11.22,0.02,0.18,1024.39,-0.00,-0.00,0.00,-0.00,-0.00,-0.00,10.00
28651.00,-119.35,-17.48,0.27,0.16,0.02,-6.50,0.00,-0.00,-1772.06,-0.00,-0.00,0.00,-0.00,0.00,0.00,10.00
28661.00,-119.35,-17.48,0.29,0.16,0.02,1.76,0.00,-0.00,826.03,-0.00,-0.00,0.00,-0.00,0.00,0.00,10.00
28671.00,-119.35,-17.48,0.19,0.16,0.02,-10.59,0.00,-0.00,-1235.57,-0.00,-0.00,0.00,-0.00,0.00,-0.00,10.00
28681.00,-119.35,-17.48,0.22,0.16,0.02,3.85,0.00,-0.00,1443.96,-0.00,-0.00,0.00,-0.00,0.00,-0.00,10.00
28691.00,-119.35,-17.48,0.32,0.16,0.02,9.69,0.00,-0.00,584.60,-0.00,-0.00,0.00,0.00,0.00,-0.00,16.00
28707.00,-119.35,-17.48,0.19,0.16,0.02,-8.13,0.00,-0.00,-1113.63,-0.00,-0.00,0.00,0.00,-0.00,0.00,10.00
28717.00,-119.35,-17.48,0.23,0.16,0.02,4.24,0.00,-0.00,1236.55,-0.00,-0.00,0.00,0.00,0.00,-0.00,10.00
28727.00,-119.35,-17.48,0.28,0.16,0.02,4.42,0.00,-0.00,17.94,-0.00,-0.00,0.00,0.00,-0.00,-0.00,10.00
28741.00,-119.35,-17.48,0.23,0.16,0.02,-3.62,0.00,-0.00,-574.37,-0.00,-0.00,0.00,0.00,-0.00,0.00,10.00
28751.00,-119.35,-17.48,0.33,0.16,0.02,10.20,0.00,-0.00,1381.69,-0.00,-0.00,0.00,0.00,-0.00,-0.00,10.00
28761.00,-119.35,-17.48,0.31,0.16,0.02,-1.94,0.00,-0.00,-1213.35,-0.00,-0.00,0.00,0.00,-0.00,-0.00,10.00
28771.00,-119.35,-17.48,0.26,0.16,0.02,-5.28,0.00,-0.00,-334.09,-0.00,-0.00,0.00,0.00,0.00,-0.00,10.00
28781.00,-119.35,-17.48,0.28,0.16,0.02,2.71,0.00,-0.00,799.17,-0.00,-0.00,0.00,0.00,0.00,0.00,16.00
28797.00,-119.35,-17.48,0.22,0.16,0.02,-3.77,0.00,-0.00,-405.07,-0.00,-0.00,0.00,-0.00,-0.00,0.00,10.00
28807.00,-119.35,-17.48,0.36,0.16,0.02,13.26,0.00,-0.00,1702.71,-0.00,-0.00,0.00,0.00,-0.00,-0.00,10.00
28817.00,-119.35,-17.48,0.42,0.16,0.02,5.89,0.00,-0.00,-736.70,-0.00,-0.00,0.00,0.00,0.00,-0.00,10.00
28827.00,-119.35,-17.48,0.26,0.16,0.02,-15.37,0.00,-0.00,-2126.45,-0.00,-0.00,0.00,0.00,-0.00,0.00,10.00
28837.00,-119.35,-17.48,0.22,0.16,0.02,-4.22,0.00,-0.00,1114.88,-0.00,-0.00,0.00,-0.00,-0.00,-0.00,10.00
28852.00,-119.31,-17.49,0.25,0.17,-0.01,2.26,0.01,-0.19,432.61,-0.00,-0.00,0.00,-0.00,-0.00,-0.00,10.00
28862.00,-119.31,-17.49,0.22,0.17,-0.01,-3.19,0.01,-0.19,-545.47,-0.00,-0.00,0.00,0.00,0.00,-0.00,10.00
28872.00,-119.31,-17.49,0.26,0.17,-0.01,4.25,0.01,-0.19,743.51,-0.00,-0.00,0.00,0.00,0.00,-0.00,10.00
28882.00,-119.31,-17.49,0.25,0.17,-0.01,-1.25,0.01,-0.19,-549.50,-0.00,-0.00,0.00,0.00,0.00,0.00,10.00
28892.00,-119.31,-17.49,0.25,0.17,-0.01,0.13,0.01,-0.19,138.32,-0.00,-0.00,0.00,0.00,0.00,-0.00,15.00
28907.00,-119.31,-17.49,0.15,0.17,-0.01,-6.61,0.01,-0.19,-449.43,-0.00,-0.00,0.00,-0.00,0.00,0.00,10.00
28917.00,-119.31,-17.49,0.19,0.17,-0.01,4.09,0.01,-0.19,1069.52,-0.00,-0.00,0.00,-0.00,-0.00,-0.00,10.00
28927.00,-119.31,-17.49,0.26,0.17,-0.01,6.05,0.01,-0.19,196.60,-0.00,-0.00,0.00,0.00,-0.00,-0.00,10.00
28937.00,-119.31,-17.49,0.23,0.17,-0.01,-3.02,0.01,-0.19,-907.34,-0.00,-0.00,0.00,-0.00,-0.00,-0.00,10.00
28947.00,-119.31,-17.49,0.27,0.17,-0.01,4.29,0.01,-0.19,731.43,-0.00,-0.00,0.00,0.00,-0.01,-0.00,10.00
28967.00,-119.31,-17.49,0.20,0.17,-0.01,-3.30,0.01,-0.19,-379.70,-0.00,-0.00,0.00,-0.00,-0.00,0.00,10.00
28977.00,-119.31,-17.49,0.26,0.17,-0.01,5.45,0.01,-0.19,874.99,-0.00,-0.00,0.00,0.00,-0.00,-0.00,10.00
28987.00,-119.31,-17.49,0.23,0.17,-0.01,-2.94,0.01,-0.19,-839.07,-0.00,-0.00,0.00,0.00,0.00,-0.00,18.00
29005.00,-119.31,-17.49,0.23,0.17,-0.01,0.21,0.01,-0.19,174.84,-0.00,-0.00,0.00,-0.00,-0.00,0.00,10.00
29015.00,-119.31,-17.49,0.23,0.17,-0.01,-0.40,0.01,-0.19,-60.48,-0.00,-0.00,0.00,-0.00,-0.00,-0.00,10.00
29025.00,-119.31,-17.49,0.25,0.17,-0.01,2.06,0.01,-0.19,245.78,-0.00,-0.00,0.00,-0.00,-0.00,0.00,10.00
29035.00,-119.31,-17.49,0.18,0.17,-0.01,-6.86,0.01,-0.19,-891.91,-0.00,-0.00,0.00,-0.00,-0.00,-0.00,10.00
29045.00,-119.31,-17.49,0.18,0.17,-0.01,-0.11,0.01,-0.19,675.45,-0.00,-0.00,0.00,-0.00,0.00,0.00,10.00
29055.00,-119.29,-17.50,0.23,0.11,-0.05,5.50,-0.28,-0.16,560.48,-0.00,-0.00,0.00,0.00,0.00,0.00,10.00
29065.00,-119.29,-17.50,0.28,0.11,-0.05,4.25,-0.28,-0.16,-124.94,-0.00,-0.00,0.00,0.00,-0.00,-0.00,10.00
29080.00,-119.29,-17.50,0.27,0.11,-0.05,-0.12,-0.28,-0.16,-291.45,-0.00,-0.00,0.00,0.00,0.00,-0.00,17.00
29097.00,-119.29,-17.50,0.26,0.11,-0.05,-0.89,-0.28,-0.16,-44.96,-0.00,-0.00,0.00,-0.00,0.00,0.00,10.00
29107.00,-119.29,-17.50,0.30,0.11,-0.05,3.69,-0.28,-0.16,457.36,-0.00,-0.00,0.00,-0.00,0.00,-0.00,10.00
29117.00,-119.29,-17.50,0.19,0.11,-0.05,-10.33,-0.28,-0.16,-1401.30,-0.00,-0.00,0.00,0.00,0.00,-0.00,10.00
29127.00,-119.29,-17.50,0.16,0.11,-0.05,-3.50,-0.28,-0.16,682.04,-0.00,-0.00,0.00,-0.00,0.00,-0.00,10.00
29137.00,-119.29,-17.50,0.23,0.11,-0.05,7.71,-0.28,-0.16,1121.53,-0.00,-0.00,0.00,-0.00,-0.00,-0.00,10.00
29147.00,-119.29,-17.50,0.21,0.11,-0.05,-2.16,-0.28,-0.16,-987.00,-0.00,-0.00,0.00,0.00,-0.00,0.00,10.00
29157.00,-119.29,-17.50,0.28,0.11,-0.05,6.35,-0.28,-0.16,850.78,-0.00,-0.00,0.00,-0.00,0.00,-0.00,10.00
29167.00,-119.29,-17.50,0.18,0.11,-0.05,-9.14,-0.28,-0.16,-1548.95,-0.00,-0.00,0.00,0.00,-0.00,0.00,10.00
29177.00,-119.29,-17.50,0.35,0.11,-0.05,16.65,-0.28,-0.16,2579.30,-0.00,-0.00,0.00,-0.00,-0.00,-0.00,10.00
29192.00,-119.29,-17.50,0.28,0.11,-0.05,-4.46,-0.28,-0.16,-1407.58,-0.00,-0.00,0.00,0.00,0.00,-0.00,16.00
29208.00,-119.29,-17.50,0.27,0.11,-0.05,-0.85,-0.28,-0.16,226.04,-0.00,-0.00,0.00,0.00,0.00,0.00,10.00
29218.00,-119.29,-17.50,0.27,0.11,-0.05,-0.12,-0.28,-0.16,72.81,-0.00,-0.00,0.00,0.00,0.00,0.00,10.00
29228.00,-119.29,-17.50,0.19,0.11,-0.05,-7.74,-0.28,-0.16,-762.35,-0.00,-0.00,0.00,0.00,0.00,-0.00,10.00
29238.00,-119.29,-17.50,0.30,0.11,-0.05,10.60,-0.28,-0.16,1833.62,-0.00,-0.00,0.00,0.00,0.00,0.00,10.00
29248.00,-119.29,-17.50,0.21,0.11,-0.05,-8.76,-0.28,-0.16,-1935.41,-0.00,-0.00,0.00,0.00,0.00,0.00,10.00
29258.00,-119.32,-17.50,0.20,-0.16,-0.02,-1.28,-1.35,0.11,747.90,-0.00,-0.00,0.00,-0.00,0.00,0.00,10.00
29268.00,-119.32,-17.50,0.23,-0.16,-0.02,3.56,-1.35,0.11,483.72,-0.00,-0.00,0.00,-0.00,-0.00,-0.00,10.00
29278.00,-119.32,-17.50,0.29,-0.16,-0.02,5.43,-1.35,0.11,187.59,-0.00,-0.00,0.00,-0.00,-0.00,0.00,10.00
29288.00,-119.32,-17.50,0.35,-0.16,-0.02,6.58,-1.35,0.11,115.03,-0.00,-0.00,0.00,0.00,-0.00,-0.00,18.00
29311.00,-119.32,-17.50,0.32,-0.16,-0.02,-1.26,-1.35,0.11,-340.91,-0.00,-0.00,0.00,-0.00,0.00,0.00,10.00
29321.00,-119.32,-17.50,0.25,-0.16,-0.02,-7.68,-1.35,0.11,-642.26,-0.00,-0.00,0.00,-0.00,0.00,0.00,10.00
29331.00,-119.32,-17.50,0.26,-0.16,-0.02,1.69,-1.35,0.11,937.07,-0.00,-0.00,0.00,0.00,0.00,-0.00,10.00
29341.00,-119.32,-17.50,0.34,-0.16,-0.02,7.82,-1.35,0.11,613.03,-0.00,-0.00,0.00,-0.00,0.00,-0.00,10.00
29351.00,-119.32,-17.50,0.28,-0.16,-0.02,-6.31,-1.35,0.11,-1413.57,-0.00,-0.00,0.00,-0.00,0.00,-0.00,10.00
29361.00,-119.32,-17.50,0.29,-0.16,-0.02,1.49,-1.35,0.11,780.17,-0.00,-0.00,0.00,-0.00,-0.00,-0.00,10.00
29371.00,-119.32,-17.50,0.23,-0.16,-0.02,-6.62,-1.35,0.11,-810.26,-0.00,-0.00,0.00,-0.00,-0.00,0.00,10.00
29381.00,-119.32,-17.50,0.21,-0.16,-0.02,-1.50,-1.35,0.11,511.44,-0.00,-0.00,0.00,0.00,-0.00,0.00,17.00
29398.00,-119.32,-17.50,0.37,-0.16,-0.02,9.43,-1.35,0.11,643.11,-0.00,-0.00,0.00,-0.00,0.00,0.00,10.00
29408.00,-119.32,-17.50,0.35,-0.16,-0.02,-2.78,-1.35,0.11,-1221.48,-0.00,-0.00,0.00,-0.00,-0.00,-0.00,10.00
29423.00,-119.32,-17.50,0.33,-0.16,-0.02,-0.94,-1.35,0.11,122.66,-0.00,-0.00,0.00,0.00,0.00,0.00,10.00
29433.00,-119.32,-17.50,0.32,-0.16,-0.02,-1.15,-1.35,0.11,-20.57,-0.00,-0.00,0.00,-0.00,0.00,0.00,10.00
29443.00,-119.32,-17.50,0.30,-0.16,-0.02,-2.48,-1.35,0.11,-132.83,-0.00,-0.00,0.00,0.00,0.00,0.00,10.00
29453.00,-119.32,-17.50,0.23,-0.16,-0.02,-6.31,-1.35,0.11,-382.86,-0.00,-0.00,0.00,0.00,0.00,0.00,10.00
29463.00,-119.35,-17.52,0.23,-0.11,-0.10,-0.12,0.27,-0.39,618.59,-0.00,-0.00,0.00,0.00,-0.00,0.00,10.00
29473.00,-119.35,-17.52,0.33,-0.11,-0.10,10.10,0.27,-0.39,1022.35,-0.00,-0.00,0.00,0.00,-0.00,-0.00,10.00
29483.00,-119.35,-17.52,0.32,-0.11,-0.10,-1.21,0.27,-0.39,-1131.14,-0.00,-0.00,0.00,0.00,-0.00,-0.00,16.00
29499.00,-119.35,-17.52,0.34,-0.11,-0.10,1.15,0.27,-0.39,147.49,-0.00,-0.00,0.00,0.00,0.00,0.00,10.00
29509.00,-119.35,-17.52,0.35,-0.11,-0.10,0.88,0.27,-0.39,-27.58,-0.00,-0.00,0.00,-0.00,-0.00,-0.00,10.00
29519.00,-119.35,-17.52,0.34,-0.11,-0.10,-1.23,0.27,-0.39,-210.76,-0.00,-0.00,0.00,-0.00,-0.00,0.00,10.00
29534.00,-119.35,-17.52,0.36,-0.11,-0.10,1.86,0.27,-0.39,206.08,-0.00,-0.00,0.00,0.00,-0.00,0.00,10.00
29544.00,-119.35,-17.52,0.30,-0.11,-0.10,-6.62,0.27,-0.39,-847.72,-0.00,-0.00,0.00,0.00,-0.00,0.00,10.00
29554.00,-119.35,-17.52,0.27,-0.11,-0.10,-2.69,0.27,-0.39,392.72,-0.00,-0.00,0.00,0.00,-0.00,0.00,10.00
29564.00,-119.35,-17.52,0.28,-0.11,-0.10,1.31,0.27,-0.39,400.31,-0.00,-0.00,0.00,0.00,0.00,0.00,10.00
29574.00,-119.35,-17.52,0.28,-0.11,-0.10,-0.70,0.27,-0.39,-201.48,-0.00,-0.00,0.00,0.00,-0.00,0.00,10.00
29584.00,-119.35,-17.52,0.32,-0.11,-0.10,4.63,0.27,-0.39,533.42,-0.00,-0.00,0.00,0.00,0.00,0.00,10.00
29594.00,-119.35,-17.52,0.28,-0.11,-0.10,-4.70,0.27,-0.39,-932.93,-0.00,-0.00,0.00,-0.00,0.00,-0.00,16.00
29610.00,-119.35,-17.52,0.30,-0.11,-0.10,1.55,0.27,-0.39,390.43,-0.00,-0.00,0.00,-0.00,-0.00,-0.00,10.00
29620.00,-119.35,-17.52,0.25,-0.11,-0.10,-5.44,0.27,-0.39,-698.89,-0.00,-0.00,0.00,-0.00,-0.00,0.00,10.00
29630.00,-119.35,-17.52,0.34,-0.11,-0.10,9.87,0.27,-0.39,1530.76,-0.00,-0.00,0.00,-0.00,0.00,0.00,10.00
29645.00,-119.35,-17.52,0.37,-0.11,-0.10,1.49,0.27,-0.39,-558.91,-0.00,-0.00,0.00,0.00,0.00,0.00,10.00
29655.00,-119.35,-17.52,0.28,-0.11,-0.10,-8.26,0.27,-0.39,-974.81,-0.00,-0.00,0.00,-0.00,-0.00,0.00,10.00
29665.00,-119.37,-17.53,0.39,-0.11,-0.03,10.77,-0.01,0.37,1903.23,-0.00,-0.00,0.00,0.00,0.00,0.00,10.00
29675.00,-119.37,-17.53,0.26,-0.11,-0.03,-13.68,-0.01,0.37,-2444.72,-0.00,-0.00,0.00,0.00,0.00,0.00,10.00
29685.00,-119.37,-17.53,0.29,-0.11,-0.03,3.99,-0.01,0.37,1766.42,-0.00,-0.00,0.00,-0.00,0.00,0.00,16.00
29701.00,-119.37,-17.53,0.30,-0.11,-0.03,0.02,-0.01,0.37,-248.00,-0.00,-0.00,0.00,0.00,0.00,-0.00,10.00
29711.00,-119.37,-17.53,0.29,-0.11,-0.03,-0.14,-0.01,0.37,-16.00,-0.00,-0.00,0.00,0.00,0.00,-0.00,10.00
29721.00,-119.37,-17.53,0.38,-0.11,-0.03,8.89,-0.01,0.37,902.91,-0.00,-0.00,0.00,-0.00,-0.00,-0.00,10.00
29731.00,-119.37,-17.53,0.35,-0.11,-0.03,-3.13,-0.01,0.37,-1202.11,-0.00,-0.00,0.00,-0.00,0.00,0.00,10.00
29741.00,-119.37,-17.53,0.29,-0.11,-0.03,-6.33,-0.01,0.37,-319.27,-0.00,-0.00,0.00,-0.00,0.00,0.00,10.00
29756.00,-119.37,-17.53,0.36,-0.11,-0.03,4.94,-0.01,0.37,751.12,-0.00,-0.00,0.00,0.00,0.00,-0.00,10.00
29766.00,-119.37,-17.53,0.24,-0.11,-0.03,-12.14,-0.01,0.37,-1707.71,-0.00,-0.00,0.00,0.00,0.00,0.00,10.00
29776.00,-119.37,-17.53,0.29,-0.11,-0.03,4.99,-0.01,0.37,1712.17,-0.00,-0.00,0.00,-0.00,-0.00,0.00,10.00
29786.00,-119.37,-17.53,0.35,-0.11,-0.03,5.96,-0.01,0.37,97.01,-0.00,-0.00,0.00,-0.00,0.00,0.00,15.00
29801.00,-119.37,-17.53,0.29,-0.11,-0.03,-3.84,-0.01,0.37,-653.17,-0.00,-0.00,0.00,0.00,0.00,-0.00,10.00
29811.00,-119.37,-17.53,0.24,-0.11,-0.03,-5.61,-0.01,0.37,-176.53,-0.00,-0.00,0.00,0.00,0.00,-0.00,10.00
29821.00,-119.37,-17.53,0.19,-0.11,-0.03,-4.64,-0.01,0.37,96.68,-0.00,-0.00,0.00,0.00,-0.00,-0.00,10.00
29831.00,-119.37,-17.53,0.29,-0.11,-0.03,9.80,-0.01,0.37,1443.66,-0.00,-0.00,0.00,0.00,-0.00,0.00,10.00
29841.00,-119.37,-17.53,0.35,-0.11,-0.03,6.18,-0.01,0.37,-361.46,-0.00,-0.00,0.00,0.00,0.01,0.00,10.00
29851.00,-119.37,-17.53,0.28,-0.11,-0.03,-7.46,-0.01,0.37,-1363.97,-0.00,-0.00,0.00,0.00,0.00,0.00,10.00
29871.00,-119.39,-17.54,0.29,-0.11,-0.07,0.50,0.01,-0.18,397.70,-0.00,-0.00,0.00,0.00,0.00,-0.00,10.00
29881.00,-119.39,-17.54,0.26,-0.11,-0.07,-2.64,0.01,-0.18,-313.98,-0.00,-0.00,0.00,0.00,0.00,0.00,10.00
29891.00,-119.39,-17.54,0.25,-0.11,-0.07,-0.87,0.01,-0.18,177.75,-0.00,-0.00,0.00,-0.00,0.00,0.00,17.00
29908.00,-119.39,-17.54,0.25,-0.11,-0.07,0.18,0.01,-0.18,61.40,-0.00,-0.00,0.00,0.00,-0.00,0.00,10.00
29918.00,-119.39,-17.54,0.28,-0.11,-0.07,2.53,0.01,-0.18,234.94,-0.00,-0.00,0.00,0.00,0.00,0.00,10.00
29928.00,-119.39,-17.54,0.27,-0.11,-0.07,-0.57,0.01,-0.18,-309.64,-0.00,-0.00,0.00,0.00,0.00,-0.00,10.00
29938.00,-119.39,-17.54,0.24,-0.11,-0.07,-3.46,0.01,-0.18,-289.44,-0.00,-0.00,0.00,0.00,0.00,0.00,10.00
29948.00,-119.39,-17.54,0.21,-0.11,-0.07,-2.56,0.01,-0.18,90.72,-0.00,-0.00,0.00,0.00,-0.00,0.00,10.00
29958.00,-119.39,-17.54,0.33,-0.11,-0.07,11.60,0.01,-0.18,1415.44,-0.00,-0.00,0.00,0.00,-0.00,0.00,10.00
29968.00,-119.39,-17.54,0.28,-0.11,-0.07,-4.78,0.01,-0.18,-1637.91,-0.00,-0.00,0.00,-0.00,0.00,-0.00,10.00
29983.00,-119.39,-17.54,0.25,-0.11,-0.07,-1.74,0.01,-0.18,202.75,-0.00,-0.00,0.00,0.00,0.00,0.00,18.00
30001.00,-119.39,-17.54,0.32,-0.11,-0.07,3.69,0.01,-0.18,301.72,-0.00,-0.00,0.00,0.00,0.00,0.00,10.00
30011.00,-119.39,-17.54,0.27,-0.11,-0.07,-5.56,0.01,-0.18,-925.14,-0.00,-0.00,0.00,-0.00,0.00,0.00,10.00
30021.00,-119.39,-17.54,0.21,-0.11,-0.07,-5.87,0.01,-0.18,-31.24,-0.00,-0.00,0.00,-0.00,0.00,0.00,10.00
30031.00,-119.39,-17.54,0.20,-0.11,-0.07,-0.45,0.01,-0.18,542.76,-0.00,-0.00,0.00,-0.00,0.00,-0.00,10.00
30041.00,-119.39,-17.54,0.41,-0.11,-0.07,20.98,0.01,-0.18,2142.44,-0.00,-0.00,0.00,-0.00,-0.00,-0.00,10.00
30051.00,-119.39,-17.54,0.30,-0.11,-0.07,-11.22,0.01,-0.18,-3219.57,-0.00,-0.00,0.00,0.00,-0.00,0.00,10.00
30061.00,-119.39,-17.54,0.21,-0.11,-0.07,-8.97,0.01,-0.18,224.45,-0.00,-0.00,0.00,0.00,-0.00,-0.00,10.00
30071.00,-119.40,-17.55,0.32,-0.06,-0.03,10.72,0.26,0.16,1969.61,-0.00,-0.00,0.00,0.00,0.00,0.00,10.00
30081.00,-119.40,-17.55,0.27,-0.06,-0.03,-4.26,0.26,0.16,-1498.09,-0.00,-0.00,0.00,0.00,0.00,0.00,10.00
30096.00,-119.40,-17.55,0.27,-0.06,-0.03,-0.30,0.26,0.16,264.09,-0.00,-0.00,0.00,-0.00,-0.00,0.00,16.00
30112.00,-119.40,-17.55,0.30,-0.06,-0.03,1.76,0.26,0.16,128.20,-0.00,-0.00,0.00,0.00,-0.00,0.00,10.00
30122.00,-119.40,-17.55,0.35,-0.06,-0.03,5.65,0.26,0.16,389.75,-0.00,-0.00,0.00,0.00,0.00,-0.00,10.00
30132.00,-119.40,-17.55,0.25,-0.06,-0.03,-10.84,0.26,0.16,-1649.77,-0.00,-0.00,0.00,-0.00,0.00,0.00,10.00
30142.00,-119.40,-17.55,0.24,-0.06,-0.03,-0.26,0.26,0.16,1058.94,-0.00,-0.00,0.00,0.00,-0.00,-0.00,10.00
30152.00,-119.40,-17.55,0.27,-0.06,-0.03,2.78,0.26,0.16,303.50,-0.00,-0.00,0.00,0.00,-0.00,-0.00,10.00
30162.00,-119.40,-17.55,0.18,-0.06,-0.03,-9.11,0.26,0.16,-1189.18,-0.00,-0.00,0.00,-0.00,-0.00,0.00,10.00
30172.00,-119.40,-17.55,0.33,-0.06,-0.03,14.79,0.26,0.16,2389.95,-0.00,-0.00,0.00,0.00,-0.00,0.00,10.00
30182.00,-119.40,-17.55,0.30,-0.06,-0.03,-2.90,0.26,0.16,-1768.97,-0.00,-0.00,0.00,0.00,-0.00,0.00,10.00
30192.00,-119.40,-17.55,0.25,-0.06,-0.03,-5.07,0.26,0.16,-216.43,-0.00,-0.00,0.00,-0.00,-0.00,0.00,17.00
30214.00,-119.40,-17.55,0.29,-0.06,-0.03,2.00,0.26,0.16,321.16,-0.00,-0.00,0.00,0.00,0.00,-0.00,10.00
30224.00,-119.40,-17.55,0.28,-0.06,-0.03,-0.93,0.26,0.16,-293.25,-0.00,-0.00,0.00,0.00,-0.00,0.00,10.00
30234.00,-119.40,-17.55,0.22,-0.06,-0.03,-5.93,0.26,0.16,-499.32,-0.00,-0.00,0.00,0.00,-0.00,0.00,10.00
30244.00,-119.40,-17.55,0.33,-0.06,-0.03,10.08,0.26,0.16,1600.76,-0.00,-0.00,0.00,0.00,-0.00,-0.00,10.00
30254.00,-119.40,-17.55,0.26,-0.06,-0.03,-6.51,0.26,0.16,-1658.65,-0.00,-0.00,0.00,0.00,-0.00,0.00,10.00
30264.00,-119.40,-17.55,0.23,-0.06,-0.03,-2.68,0.26,0.16,382.36,-0.00,-0.00,0.00,0.00,0.00,0.00,10.00
30274.00,-119.49,-17.57,0.14,-0.44,-0.11,-9.16,-1.89,-0.40,-647.71,-0.00,-0.00,0.00,0.00,-0.00,0.00,10.00
30284.00,-119.49,-17.57,0.27,-0.44,-0.11,13.11,-1.89,-0.40,2227.24,-0.00,-0.00,0.00,0.00,-0.00,0.00,17.00
30301.00,-119.49,-17.57,0.25,-0.44,-0.11,-1.25,-1.89,-0.40,-844.77,-0.00,-0.00,0.00,0.00,0.00,-0.00,10.00
30311.00,-119.49,-17.57,0.29,-0.44,-0.11,3.65,-1.89,-0.40,490.27,-0.00,-0.00,0.00,0.00,0.00,0.00,10.00
30387.00,-119.49,-17.57,0.34,-0.44,-0.11,0.63,-1.89,-0.40,-39.79,-0.00,-0.00,0.00,0.00,-0.00,-0.00,17.00
30404.00,-119.49,-17.57,0.20,-0.44,-0.11,-8.21,-1.89,-0.40,-519.77,-0.00,-0.00,0.00,-0.00,0.00,0.00,10.00
30414.00,-119.49,-17.57,0.18,-0.44,-0.11,-1.97,-1.89,-0.40,623.80,-0.00,-0.00,0.00,-0.00,0.00,0.00,10.00
30424.00,-119.49,-17.57,0.24,-0.44,-0.11,6.63,-1.89,-0.40,859.36,-0.00,-0.00,0.00,0.00,0.00,0.00,10.00
30434.00,-119.49,-17.57,0.28,-0.44,-0.11,3.76,-1.89,-0.40,-286.69,-0.00,-0.00,0.00,0.00,0.00,0.00,10.00
30444.00,-119.49,-17.57,0.24,-0.44,-0.11,-4.11,-1.89,-0.40,-786.94,-0.00,-0.00,0.00,0.00,0.00,-0.00,10.00
30454.00,-119.49,-17.57,0.25,-0.44,-0.11,0.85,-1.89,-0.40,496.15,-0.00,-0.00,0.00,0.00,0.00,0.00,10.00
30464.00,-119.49,-17.57,0.26,-0.44,-0.11,1.31,-1.89,-0.40,45.93,-0.00,-0.00,0.00,0.00,0.00,-0.00,10.00
30474.00,-119.57,-17.60,0.27,-0.39,-0.12,1.33,0.25,-0.03,1.74,-0.00,-0.00,0.00,-0.00,0.00,-0.00,10.00
30484.00,-119.57,-17.60,0.31,-0.39,-0.12,3.90,0.25,-0.03,257.51,-0.00,-0.00,0.00,-0.00,0.00,-0.00,10.00
30499.00,-119.57,-17.60,0.25,-0.39,-0.12,-4.07,0.25,-0.03,-531.79,-0.00,-0.00,0.00,0.00,0.00,0.00,17.00
30516.00,-119.57,-17.60,0.33,-0.39,-0.12,4.41,0.25,-0.03,498.92,-0.00,-0.00,0.00,0.00,0.00,0.00,10.00
30526.00,-119.57,-17.60,0.31,-0.39,-0.12,-2.23,0.25,-0.03,-663.56,-0.00,-0.00,0.00,0.00,0.00,0.00,10.00
30536.00,-119.57,-17.60,0.33,-0.39,-0.12,2.73,0.25,-0.03,495.87,-0.00,-0.00,0.00,-0.00,0.00,0.00,10.00
30546.00,-119.57,-17.60,0.31,-0.39,-0.12,-1.95,0.25,-0.03,-467.76,-0.00,-0.00,0.00,0.00,0.00,0.00,10.00
30556.00,-119.57,-17.60,0.30,-0.39,-0.12,-1.02,0.25,-0.03,92.48,-0.00,-0.00,0.00,0.00,0.00,0.00,10.00
30566.00,-119.57,-17.60,0.26,-0.39,-0.12,-4.62,0.25,-0.03,-360.13,-0.00,-0.00,0.00,0.00,0.00,0.00,10.00
30576.00,-119.57,-17.60,0.22,-0.39,-0.12,-3.32,0.25,-0.03,129.87,-0.00,-0.00,0.00,0.00,0.00,0.00,10.00
30586.00,-119.57,-17.60,0.34,-0.39,-0.12,11.41,0.25,-0.03,1473.51,-0.00,-0.00,0.00,0.00,0.00,0.00,10.00
30596.00,-119.57,-17.60,0.31,-0.39,-0.12,-2.79,0.25,-0.03,-1419.99,-0.00,-0.00,0.00,0.00,-0.00,0.00,16.00
30617.00,-119.57,-17.60,0.24,-0.39,-0.12,-3.52,0.25,-0.03,-34.86,-0.00,-0.00,0.00,-0.00,0.00,0.00,10.00
30627.00,-119.57,-17.60,0.25,-0.39,-0.12,1.02,0.25,-0.03,454.24,-0.00,-0.00,0.00,0.00,0.00,0.00,10.00
30637.00,-119.57,-17.60,0.33,-0.39,-0.12,8.52,0.25,-0.03,749.86,-0.00,-0.00,0.00,0.00,0.01,0.00,10.00
30647.00,-119.57,-17.60,0.28,-0.39,-0.12,-4.62,0.25,-0.03,-1314.01,-0.00,-0.00,0.00,-0.00,0.01,0.00,10.00
30657.00,-119.57,-17.60,0.25,-0.39,-0.12,-2.99,0.25,-0.03,162.56,-0.00,-0.00,0.00,0.00,0.00,0.00,10.00
30667.00,-119.57,-17.60,0.28,-0.39,-0.12,2.30,0.25,-0.03,529.06,-0.00,-0.00,0.00,0.00,0.00,0.00,10.00
30677.00,-119.64,-17.61,0.28,-0.33,-0.09,-0.26,0.30,0.17,-255.14,-0.00,-0.00,0.00,-0.00,-0.00,0.00,10.00
30687.00,-119.64,-17.61,0.22,-0.33,-0.09,-5.10,0.30,0.17,-484.13,-0.00,-0.00,0.00,0.00,0.00,-0.00,16.00
30703.00,-119.64,-17.61,0.33,-0.33,-0.09,6.65,0.30,0.17,733.96,-0.00,-0.00,0.00,-0.00,-0.00,0.00,10.00
30713.00,-119.64,-17.61,0.29,-0.33,-0.09,-4.05,0.30,0.17,-1069.80,-0.00,-0.00,0.00,0.00,0.00,-0.00,10.00
30733.00,-119.64,-17.61,0.33,-0.33,-0.09,1.92,0.30,0.17,298.68,-0.00,-0.00,0.00,-0.00,0.00,-0.00,10.00
30743.00,-119.64,-17.61,0.30,-0.33,-0.09,-3.27,0.30,0.17,-519.05,-0.00,-0.00,0.00,-0.00,-0.00,0.00,10.00
30753.00,-119.64,-17.61,0.21,-0.33,-0.09,-8.84,0.30,0.17,-556.99,-0.00,-0.00,0.00,-0.00,0.00,0.00,10.00
30763.00,-119.64,-17.61,0.27,-0.33,-0.09,6.23,0.30,0.17,1506.40,-0.00,-0.00,0.00,0.00,-0.00,0.00,10.00
30773.00,-119.64,-17.61,0.30,-0.33,-0.09,3.05,0.30,0.17,-317.65,-0.00,-0.00,0.00,0.00,-0.00,0.00,10.00
30783.00,-119.64,-17.61,0.31,-0.33,-0.09,0.90,0.30,0.17,-215.36,-0.00,-0.00,0.00,0.00,0.00,0.00,10.00
30793.00,-119.64,-17.61,0.29,-0.33,-0.09,-2.35,0.30,0.17,-324.10,-0.00,-0.00,0.00,-0.00,-0.00,0.00,18.00
30811.00,-119.64,-17.61,0.31,-0.33,-0.09,1.22,0.30,0.17,197.91,-0.00,-0.00,0.00,-0.00,-0.00,0.00,10.00
30821.00,-119.64,-17.61,0.33,-0.33,-0.09,2.45,0.30,0.17,122.94,-0.00,-0.00,0.00,0.00,-0.01,-0.00,10.00
30831.00,-119.64,-17.61,0.30,-0.33,-0.09,-3.02,0.30,0.17,-546.50,-0.00,-0.00,0.00,0.00,-0.00,-0.00,10.00
30846.00,-119.64,-17.61,0.31,-0.33,-0.09,0.63,0.30,0.17,243.49,-0.00,-0.00,0.00,-0.00,0.00,0.00,10.00
30856.00,-119.64,-17.61,0.26,-0.33,-0.09,-4.90,0.30,0.17,-553.56,-0.00,-0.00,0.00,0.00,0.00,-0.00,10.00
30866.00,-119.64,-17.61,0.30,-0.33,-0.09,3.98,0.30,0.17,888.03,-0.00,-0.00,0.00,0.00,0.00,0.00,10.00
30876.00,-119.64,-17.61,0.24,-0.33,-0.09,-5.89,0.30,0.17,-986.48,-0.00,-0.00,0.00,0.00,-0.00,-0.00,10.00
30886.00,-119.71,-17.64,0.31,-0.37,-0.12,6.97,-0.21,-0.14,1285.19,-0.00,-0.00,0.00,0.00,-0.00,0.00,17.00
30903.00,-119.71,-17.64,0.35,-0.37,-0.12,2.11,-0.21,-0.14,-285.64,-0.00,-0.00,0.00,-0.00,-0.00,-0.00,10.00
30913.00,-119.71,-17.64,0.33,-0.37,-0.12,-1.41,-0.21,-0.14,-351.68,-0.00,-0.00,0.00,-0.00,-0.00,-0.00,10.00
30923.00,-119.71,-17.64,0.38,-0.37,-0.12,4.72,-0.21,-0.14,613.04,-0.00,-0.00,0.00,0.00,-0.00,-0.00,10.00
30933.00,-119.71,-17.64,0.22,-0.37,-0.12,-16.27,-0.21,-0.14,-2099.12,-0.00,-0.00,0.00,0.00,-0.00,-0.00,10.00
30943.00,-119.71,-17.64,0.42,-0.37,-0.12,20.28,-0.21,-0.14,3655.02,-0.00,-0.00,0.00,-0.00,0.00,0.00,10.00
30958.00,-119.71,-17.64,0.35,-0.37,-0.12,-4.74,-0.21,-0.14,-1668.47,-0.00,-0.00,0.00,0.00,0.00,0.00,10.00
30968.00,-119.71,-17.64,0.28,-0.37,-0.12,-6.96,-0.21,-0.14,-221.71,-0.00,-0.00,0.00,0.00,-0.00,0.00,10.00
30978.00,-119.71,-17.64,0.30,-0.37,-0.12,2.02,-0.21,-0.14,897.96,-0.00,-0.00,0.00,0.00,-0.01,-0.00,10.00
30988.00,-119.71,-17.64,0.36,-0.37,-0.12,5.36,-0.21,-0.14,333.97,-0.00,-0.00,0.00,0.00,0.00,-0.00,16.00
31004.00,-119.71,-17.64,0.28,-0.37,-0.12,-4.77,-0.21,-0.14,-633.24,-0.00,-0.00,0.00,-0.00,-0.00,0.00,10.00
31014.00,-119.71,-17.64,0.39,-0.37,-0.12,11.32,-0.21,-0.14,1609.77,-0.00,-0.00,0.00,0.00,-0.00,-0.00,10.00
31024.00,-119.71,-17.64,0.43,-0.37,-0.12,3.38,-0.21,-0.14,-794.41,-0.00,-0.00,0.00,-0.00,0.00,-0.00,10.00
31034.00,-119.71,-17.64,0.28,-0.37,-0.12,-14.81,-0.21,-0.14,-1819.28,-0.00,-0.00,0.00,-0.00,0.00,-0.00,10.00
31044.00,-119.71,-17.64,0.28,-0.37,-0.12,0.17,-0.21,-0.14,1498.75,-0.00,-0.00,0.00,-0.00,0.00,0.00,10.00
31054.00,-119.71,-17.64,0.33,-0.37,-0.12,5.41,-0.21,-0.14,523.79,-0.00,-0.00,0.00,-0.00,0.00,-0.00,10.00
31069.00,-119.71,-17.64,0.45,-0.37,-0.12,7.92,-0.21,-0.14,166.89,-0.00,-0.00,0.00,0.00,0.00,0.00,10.00
31079.00,-119.71,-17.64,0.36,-0.37,-0.12,-9.04,-0.21,-0.14,-1695.50,-0.00,-0.00,0.00,0.00,-0.00,-0.00,10.00
31089.00,-119.75,-17.65,0.31,-0.16,-0.06,-4.84,1.03,0.27,419.58,-0.00,-0.00,0.00,-0.00,-0.00,0.00,15.00
31104.00,-119.75,-17.65,0.37,-0.16,-0.06,3.66,1.03,0.27,566.60,-0.00,-0.00,0.00,0.00,0.00,-0.00,10.00
31114.00,-119.75,-17.65,0.37,-0.16,-0.06,0.11,1.03,0.27,-354.02,-0.00,-0.00,0.00,0.00,0.01,-0.00,10.00
31124.00,-119.75,-17.65,0.42,-0.16,-0.06,5.27,1.03,0.27,515.55,-0.00,-0.00,0.00,-0.00,0.00,-0.00,10.00
31134.00,-119.75,-17.65,0.34,-0.16,-0.06,-8.48,1.03,0.27,-1375.19,-0.00,-0.00,0.00,-0.00,-0.01,0.00,10.00
31144.00,-119.75,-17.65,0.38,-0.16,-0.06,4.05,1.03,0.27,1252.83,-0.00,-0.00,0.00,0.00,0.00,-0.00,10.00
31154.00,-119.75,-17.65,0.39,-0.16,-0.06,1.38,1.03,0.27,-266.76,-0.00,-0.00,0.00,0.00,0.00,-0.00,10.00
31164.00,-119.75,-17.65,0.40,-0.16,-0.06,1.36,1.03,0.27,-2.12,-0.00,-0.00,0.00,0.00,-0.00,-0.00,10.00
31179.00,-119.75,-17.65,0.41,-0.16,-0.06,0.60,1.03,0.27,-50.26,-0.00,-0.00,0.00,-0.00,-0.00,-0.00,16.00
31195.00,-119.75,-17.65,0.41,-0.16,-0.06,-0.14,1.03,0.27,-46.78,-0.00,-0.00,0.00,-0.00,0.00,0.00,10.00
31205.00,-119.75,-17.65,0.38,-0.16,-0.06,-3.05,1.03,0.27,-290.43,-0.00,-0.00,0.00,0.00,-0.00,0.00,10.00
31215.00,-119.75,-17.65,0.46,-0.16,-0.06,8.03,1.03,0.27,1108.29,-0.00,-0.00,0.00,0.00,-0.00,-0.00,10.00
31225.00,-119.75,-17.65,0.36,-0.16,-0.06,-10.28,1.03,0.27,-1831.13,-0.00,-0.00,0.00,0.00,-0.00,-0.00,10.00
31235.00,-119.75,-17.65,0.47,-0.16,-0.06,11.19,1.03,0.27,2146.58,-0.00,-0.00,0.00,0.00,0.00,-0.00,10.00
31245.00,-119.75,-17.65,0.39,-0.16,-0.06,-8.36,1.03,0.27,-1954.99,-0.00,-0.00,0.00,-0.00,-0.00,-0.00,10.00
31255.00,-119.75,-17.65,0.38,-0.16,-0.06,-0.81,1.03,0.27,755.14,-0.00,-0.00,0.00,-0.00,-0.00,0.00,10.00
31265.00,-119.75,-17.65,0.42,-0.16,-0.06,4.40,1.03,0.27,520.85,-0.00,-0.00,0.00,-0.00,-0.00,-0.00,10.00
31275.00,-119.75,-17.65,0.31,-0.16,-0.06,-11.11,1.03,0.27,-1550.99,-0.00,-0.00,0.00,0.00,0.00,0.00,10.00
31290.00,-119.77,-17.66,0.34,-0.11,-0.03,1.83,0.27,0.16,862.58,-0.00,-0.00,0.00,0.00,0.00,-0.00,16.00
31306.00,-119.77,-17.66,0.44,-0.11,-0.03,6.31,0.27,0.16,280.41,-0.00,-0.00,0.00,0.00,0.00,0.00,10.00
31316.00,-119.77,-17.66,0.41,-0.11,-0.03,-3.26,0.27,0.16,-956.98,-0.00,-0.00,0.00,0.00,-0.00,0.00,10.00
31326.00,-119.77,-17.66,0.38,-0.11,-0.03,-2.75,0.27,0.16,50.11,-0.00,-0.00,0.00,-0.00,-0.00,-0.00,10.00
31336.00,-119.77,-17.66,0.48,-0.11,-0.03,9.66,0.27,0.16,1241.14,-0.00,-0.00,0.00,0.00,0.00,-0.00,10.00
31346.00,-119.77,-17.66,0.36,-0.11,-0.03,-11.39,0.27,0.16,-2104.91,-0.00,-0.00,0.00,-0.00,0.00,-0.00,10.00
31356.00,-119.77,-17.66,0.41,-0.11,-0.03,4.83,0.27,0.16,1622.22,-0.00,-0.00,0.00,-0.00,-0.00,0.00,10.00
31366.00,-119.77,-17.66,0.41,-0.11,-0.03,0.01,0.27,0.16,-481.56,-0.00,-0.00,0.00,-0.00,0.00,0.00,10.00
31376.00,-119.77,-17.66,0.44,-0.11,-0.03,3.11,0.27,0.16,309.77,-0.00,-0.00,0.00,0.00,0.00,0.00,10.00
31386.00,-119.77,-17.66,0.45,-0.11,-0.03,1.16,0.27,0.16,-195.42,-0.00,-0.00,0.00,0.00,-0.00,0.00,10.00
31401.00,-119.77,-17.66,0.36,-0.11,-0.03,-6.04,0.27,0.16,-479.97,-0.00,-0.00,0.00,-0.00,0.00,-0.00,16.00
31417.00,-119.77,-17.66,0.44,-0.11,-0.03,4.66,0.27,0.16,668.86,-0.00,-0.00,0.00,-0.00,-0.00,0.00,10.00
31427.00,-119.77,-17.66,0.32,-0.11,-0.03,-12.03,0.27,0.16,-1669.39,-0.00,-0.00,0.00,0.00,-0.00,0.00,10.00
31437.00,-119.77,-17.66,0.54,-0.11,-0.03,22.60,0.27,0.16,3463.81,-0.00,-0.00,0.00,0.00,-0.00,0.00,10.00
31447.00,-119.77,-17.66,0.32,-0.11,-0.03,-22.84,0.27,0.16,-4543.95,-0.00,-0.00,0.00,0.00,-0.00,0.00,10.00
31457.00,-119.77,-17.66,0.37,-0.11,-0.03,5.18,0.27,0.16,2801.23,-0.00,-0.00,0.00,-0.00,-0.00,0.00,10.00
31467.00,-119.77,-17.66,0.45,-0.11,-0.03,8.77,0.27,0.16,358.93,-0.00,-0.00,0.00,-0.00,-0.00,-0.00,10.00
31477.00,-119.77,-17.66,0.22,-0.11,-0.03,-23.54,0.27,0.16,-3230.28,-0.00,-0.00,0.00,-0.00,0.00,-0.00,17.00
31494.00,-119.79,-17.67,0.30,-0.11,-0.07,4.92,0.01,-0.18,1674.12,-0.00,-0.00,0.00,-0.00,0.00,0.00,10.00
31504.00,-119.79,-17.67,0.32,-0.11,-0.07,1.81,0.01,-0.18,-311.62,-0.00,-0.00,0.00,-0.00,0.00,0.00,10.00
31519.00,-119.79,-17.67,0.38,-0.11,-0.07,3.72,0.01,-0.18,127.74,-0.00,-0.00,0.00,0.00,-0.00,0.00,10.00
31529.00,-119.79,-17.67,0.31,-0.11,-0.07,-7.06,0.01,-0.18,-1078.64,-0.00,-0.00,0.00,0.00,0.00,0.00,10.00
31539.00,-119.79,-17.67,0.34,-0.11,-0.07,3.31,0.01,-0.18,1037.63,-0.00,-0.00,0.00,-0.00,-0.00,0.00,10.00
31549.00,-119.79,-17.67,0.27,-0.11,-0.07,-6.61,0.01,-0.18,-991.85,-0.00,-0.00,0.00,-0.00,-0.00,-0.00,10.00
31559.00,-119.79,-17.67,0.27,-0.11,-0.07,-0.03,0.01,-0.18,657.23,-0.00,-0.00,0.00,0.00,-0.00,0.00,10.00
31569.00,-119.79,-17.67,0.41,-0.11,-0.07,13.74,0.01,-0.18,1377.53,-0.00,-0.00,0.00,0.00,-0.00,0.00,10.00
31579.00,-119.79,-17.67,0.41,-0.11,-0.07,-0.48,0.01,-0.18,-1422.50,-0.00,-0.00,0.00,-0.00,0.00,0.00,16.00
31595.00,-119.79,-17.67,0.31,-0.11,-0.07,-6.29,0.01,-0.18,-362.97,-0.00,-0.00,0.00,-0.00,0.00,-0.00,10.00
31605.00,-119.79,-17.67,0.20,-0.11,-0.07,-10.34,0.01,-0.18,-404.86,-0.00,-0.00,0.00,-0.00,-0.00,0.00,10.00
31615.00,-119.79,-17.67,0.32,-0.11,-0.07,11.88,0.01,-0.18,2222.36,-0.00,-0.00,0.00,0.00,-0.00,0.00,10.00
31635.00,-119.79,-17.67,0.27,-0.11,-0.07,-2.48,0.01,-0.18,-718.47,-0.00,-0.00,0.00,0.00,0.00,0.00,10.00
31645.00,-119.79,-17.67,0.20,-0.11,-0.07,-7.22,0.01,-0.18,-473.97,-0.00,-0.00,0.00,-0.00,-0.00,0.00,10.00
31655.00,-119.79,-17.67,0.25,-0.11,-0.07,4.78,0.01,-0.18,1199.94,-0.00,-0.00,0.00,-0.00,-0.00,-0.00,10.00
31665.00,-119.79,-17.67,0.28,-0.11,-0.07,3.16,0.01,-0.18,-161.88,-0.00,-0.00,0.00,-0.00,-0.00,0.00,10.00
31675.00,-119.79,-17.67,0.23,-0.11,-0.07,-4.92,0.01,-0.18,-807.56,-0.00,-0.00,0.00,0.01,0.00,-0.00,10.00
31685.00,-119.79,-17.67,0.31,-0.11,-0.07,8.62,0.01,-0.18,1353.77,-0.00,-0.00,0.00,0.00,-0.00,0.00,10.00
31695.00,-119.80,-17.68,0.29,-0.06,-0.03,-2.34,0.27,0.16,-1096.22,-0.00,-0.00,0.00,0.00,0.00,0.00,19.00
31714.00,-119.80,-17.68,0.29,-0.06,-0.03,-0.30,0.27,0.16,107.41,-0.00,-0.00,0.00,-0.00,-0.00,0.00,10.00
31724.00,-119.80,-17.68,0.27,-0.06,-0.03,-1.74,0.27,0.16,-143.53,-0.00,-0.00,0.00,0.00,0.00,0.00,10.00
31734.00,-119.80,-17.68,0.23,-0.06,-0.03,-3.75,0.27,0.16,-201.29,-0.00,-0.00,0.00,0.00,0.00,0.00,10.00
31749.00,-119.80,-17.68,0.33,-0.06,-0.03,6.88,0.27,0.16,708.70,-0.00,-0.00,0.00,-0.00,-0.00,0.00,10.00
31759.00,-119.80,-17.68,0.34,-0.06,-0.03,0.90,0.27,0.16,-598.29,-0.00,-0.00,0.00,-0.00,-0.00,-0.00,10.00
31769.00,-119.80,-17.68,0.34,-0.06,-0.03,0.20,0.27,0.16,-69.24,-0.00,-0.00,0.00,0.00,0.00,-0.00,10.00
31779.00,-119.80,-17.68,0.31,-0.06,-0.03,-3.72,0.27,0.16,-392.08,-0.00,-0.00,0.00,0.00,0.00,-0.00,10.00
31789.00,-119.80,-17.68,0.32,-0.06,-0.03,1.13,0.27,0.16,484.99,-0.00,-0.00,0.00,-0.00,-0.00,0.00,10.00
31799.00,-119.80,-17.68,0.32,-0.06,-0.03,0.07,0.27,0.16,-106.49,-0.00,-0.00,0.00,-0.00,0.00,0.00,16.00
31815.00,-119.80,-17.68,0.27,-0.06,-0.03,-3.10,0.27,0.16,-198.28,-0.00,-0.00,0.00,-0.00,-0.00,0.00,10.00
31825.00,-119.80,-17.68,0.28,-0.06,-0.03,1.43,0.27,0.16,453.11,-0.00,-0.00,0.00,0.00,-0.00,0.00,10.00
31835.00,-119.80,-17.68,0.22,-0.06,-0.03,-6.17,0.27,0.16,-759.72,-0.00,-0.00,0.00,0.00,-0.00,0.00,10.00
31845.00,-119.80,-17.68,0.33,-0.06,-0.03,11.14,0.27,0.16,1731.10,-0.00,-0.00,0.00,-0.00,-0.01,0.00,10.00
31860.00,-119.80,-17.68,0.28,-0.06,-0.03,-3.73,0.27,0.16,-991.44,-0.00,-0.00,0.00,0.00,-0.00,-0.00,10.00
31870.00,-119.80,-17.68,0.31,-0.06,-0.03,2.90,0.27,0.16,663.49,-0.00,-0.00,0.00,0.00,0.00,-0.00,10.00
31880.00,-119.80,-17.68,0.24,-0.06,-0.03,-6.51,0.27,0.16,-941.45,-0.00,-0.00,0.00,0.00,0.00,0.00,10.00
31890.00,-119.80,-17.68,0.28,-0.06,-0.03,4.10,0.27,0.16,1060.86,-0.00,-0.00,0.00,-0.00,-0.00,0.00,10.00
31900.00,-119.81,-17.68,0.29,-0.05,-0.03,0.74,0.01,0.00,-335.70,-0.00,-0.00,0.00,-0.00,-0.00,0.00,16.00
31916.00,-119.81,-17.68,0.33,-0.05,-0.03,2.22,0.01,0.00,92.65,-0.00,-0.00,0.00,-0.00,-0.01,0.00,10.00
31926.00,-119.81,-17.68,0.27,-0.05,-0.03,-5.40,0.01,0.00,-762.71,-0.00,-0.00,0.00,0.00,0.00,0.00,10.00
31936.00,-119.81,-17.68,0.32,-0.05,-0.03,5.00,0.01,0.00,1040.04,-0.00,-0.00,0.00,-0.00,-0.00,0.00,10.00
31946.00,-119.81,-17.68,0.34,-0.05,-0.03,2.04,0.01,0.00,-295.46,-0.00,-0.00,0.00,-0.00,-0.00,0.00,10.00
31956.00,-119.81,-17.68,0.38,-0.05,-0.03,3.42,0.01,0.00,137.83,-0.00,-0.00,0.00,-0.00,0.00,0.00,10.00
31971.00,-119.81,-17.68,0.39,-0.05,-0.03,0.62,0.01,0.00,-186.88,-0.00,-0.00,0.00,0.00,-0.00,0.00,10.00
31981.00,-119.81,-17.68,0.35,-0.05,-0.03,-3.40,0.01,0.00,-401.64,-0.00,-0.00,0.00,0.00,-0.00,0.00,16.00
31997.00,-119.81,-17.68,0.29,-0.05,-0.03,-4.08,0.01,0.00,-42.59,-0.00,-0.00,0.00,-0.00,0.00,-0.00,10.00
32007.00,-119.81,-17.68,0.41,-0.05,-0.03,12.58,0.01,0.00,1665.98,-0.00,-0.00,0.00,0.00,0.00,-0.00,10.00
32017.00,-119.81,-17.68,0.35,-0.05,-0.03,-6.25,0.01,0.00,-1882.63,-0.00,-0.00,0.00,0.00,0.00,-0.00,10.00
32027.00,-119.81,-17.68,0.35,-0.05,-0.03,0.17,0.01,0.00,641.79,-0.00,-0.00,0.00,0.00,0.00,-0.00,10.00
32037.00,-119.81,-17.68,0.35,-0.05,-0.03,-0.25,0.01,0.00,-42.56,-0.00,-0.00,0.00,0.00,0.00,-0.00,10.00
32047.00,-119.81,-17.68,0.31,-0.05,-0.03,-3.47,0.01,0.00,-321.03,-0.00,-0.00,0.00,0.00,0.00,0.00,10.00
32057.00,-119.81,-17.68,0.43,-0.05,-0.03,11.61,0.01,0.00,1507.87,-0.00,-0.00,0.00,-0.00,-0.00,0.00,10.00
32067.00,-119.81,-17.68,0.22,-0.05,-0.03,-21.27,0.01,0.00,-3288.26,-0.00,-0.00,0.00,0.00,-0.00,0.00,10.00
32082.00,-119.81,-17.68,0.34,-0.05,-0.03,7.88,0.01,0.00,1943.01,-0.00,-0.00,0.00,0.00,0.00,0.00,16.00
32098.00,-119.81,-17.68,0.25,-0.05,-0.03,-5.32,0.01,0.00,-824.45,-0.00,-0.00,0.00,0.00,0.00,-0.00,10.00
32108.00,-119.85,-17.69,0.25,-0.16,-0.06,0.20,-0.51,-0.13,551.20,-0.00,-0.00,0.00,-0.00,0.00,0.00,10.00
32118.00,-119.85,-17.69,0.22,-0.16,-0.06,-2.86,-0.51,-0.13,-305.25,-0.00,-0.00,0.00,-0.00,0.00,0.00,10.00
32128.00,-119.85,-17.69,0.27,-0.16,-0.06,4.91,-0.51,-0.13,776.98,-0.00,-0.00,0.00,-0.00,0.00,0.00,10.00
32138.00,-119.85,-17.69,0.27,-0.16,-0.06,-0.41,-0.51,-0.13,-532.56,-0.00,-0.00,0.00,-0.00,0.00,0.00,10.00
32148.00,-119.85,-17.69,0.22,-0.16,-0.06,-4.97,-0.51,-0.13,-455.51,-0.00,-0.00,0.00,0.00,0.00,0.00,10.00
32158.00,-119.85,-17.69,0.29,-0.16,-0.06,7.44,-0.51,-0.13,1240.99,-0.00,-0.00,0.00,0.00,-0.00,0.00,10.00
32168.00,-119.85,-17.69,0.21,-0.16,-0.06,-8.66,-0.51,-0.13,-1610.06,-0.00,-0.00,0.00,0.00,-0.00,-0.00,10.00
32178.00,-119.85,-17.69,0.16,-0.16,-0.06,-4.91,-0.51,-0.13,374.65,-0.00,-0.00,0.00,0.00,-0.00,-0.00,18.00
32201.00,-119.85,-17.69,0.25,-0.16,-0.06,4.11,-0.51,-0.13,392.10,-0.00,-0.00,0.00,0.00,0.00,-0.00,10.00
32211.00,-119.85,-17.69,0.21,-0.16,-0.06,-4.70,-0.51,-0.13,-880.73,-0.00,-0.00,0.00,-0.00,0.00,0.00,10.00
32221.00,-119.85,-17.69,0.22,-0.16,-0.06,1.37,-0.51,-0.13,606.68,-0.00,-0.00,0.00,-0.00,0.00,0.00,10.00
32231.00,-119.85,-17.69,0.20,-0.16,-0.06,-1.94,-0.51,-0.13,-330.32,-0.00,-0.00,0.00,-0.00,0.00,0.00,10.00
32241.00,-119.85,-17.69,0.24,-0.16,-0.06,3.61,-0.51,-0.13,554.92,-0.00,-0.00,0.00,0.00,-0.00,0.00,10.00
32251.00,-119.85,-17.69,0.21,-0.16,-0.06,-3.02,-0.51,-0.13,-663.18,-0.00,-0.00,0.00,0.00,-0.00,-0.00,10.00
32261.00,-119.85,-17.69,0.29,-0.16,-0.06,8.50,-0.51,-0.13,1152.04,-0.00,-0.00,0.00,-0.00,0.00,0.00,10.00
32271.00,-119.85,-17.69,0.31,-0.16,-0.06,1.44,-0.51,-0.13,-706.45,-0.00,-0.00,0.00,-0.00,0.00,0.00,10.00
32281.00,-119.85,-17.69,0.30,-0.16,-0.06,-0.89,-0.51,-0.13,-232.38,-0.00,-0.00,0.00,0.00,-0.00,0.00,16.00
32297.00,-119.85,-17.69,0.24,-0.16,-0.06,-3.84,-0.51,-0.13,-184.29,-0.00,-0.00,0.00,-0.01,0.00,0.00,10.00
32312.00,-119.90,-17.71,0.27,-0.27,-0.05,2.53,-0.55,0.04,424.66,-0.00,-0.00,0.00,0.00,-0.00,-0.00,10.00
32322.00,-119.90,-17.71,0.28,-0.27,-0.05,0.92,-0.55,0.04,-161.37,-0.00,-0.00,0.00,0.00,-0.00,-0.00,10.00
32332.00,-119.90,-17.71,0.27,-0.27,-0.05,-0.85,-0.55,0.04,-176.58,-0.00,-0.00,0.00,-0.00,0.00,0.00,10.00
32342.00,-119.90,-17.71,0.28,-0.27,-0.05,0.87,-0.55,0.04,171.17,-0.00,-0.00,0.00,-0.00,0.00,-0.00,10.00
32352.00,-119.90,-17.71,0.15,-0.27,-0.05,-13.26,-0.55,0.04,-1412.84,-0.00,-0.00,0.00,0.00,-0.00,0.00,10.00
32362.00,-119.90,-17.71,0.21,-0.27,-0.05,6.06,-0.55,0.04,1932.28,-0.00,-0.00,0.00,0.00,0.00,0.00,10.00
32372.00,-119.90,-17.71,0.24,-0.27,-0.05,2.80,-0.55,0.04,-325.80,-0.00,-0.00,0.00,-0.00,0.00,-0.00,10.00
32382.00,-119.90,-17.71,0.32,-0.27,-0.05,7.83,-0.55,0.04,503.06,-0.00,-0.00,0.00,-0.00,-0.00,0.00,16.00
32398.00,-119.90,-17.71,0.32,-0.27,-0.05,0.36,-0.55,0.04,-467.10,-0.00,-0.00,0.00,-0.00,-0.00,0.00,10.00
32408.00,-119.90,-17.71,0.31,-0.27,-0.05,-1.64,-0.55,0.04,-199.72,-0.00,-0.00,0.00,0.00,-0.00,-0.00,10.00
32422.00,-119.90,-17.71,0.26,-0.27,-0.05,-3.49,-0.55,0.04,-132.31,-0.00,-0.00,0.00,-0.00,-0.00,0.00,10.00
32432.00,-119.90,-17.71,0.25,-0.27,-0.05,-0.67,-0.55,0.04,282.41,-0.00,-0.00,0.00,-0.00,-0.00,0.00,10.00
32442.00,-119.90,-17.71,0.25,-0.27,-0.05,0.24,-0.55,0.04,90.83,-0.00,-0.00,0.00,-0.00,-0.00,0.00,10.00
32452.00,-119.90,-17.71,0.26,-0.27,-0.05,0.87,-0.55,0.04,62.38,-0.00,-0.00,0.00,0.00,-0.00,0.00,10.00
32462.00,-119.90,-17.71,0.25,-0.27,-0.05,-1.19,-0.55,0.04,-205.68,-0.00,-0.00,0.00,0.00,-0.00,0.00,10.00
32472.00,-119.90,-17.71,0.31,-0.27,-0.05,5.55,-0.55,0.04,674.25,-0.00,-0.00,0.00,-0.00,-0.00,0.00,10.00
32482.00,-119.90,-17.71,0.30,-0.27,-0.05,-1.01,-0.55,0.04,-655.94,-0.00,-0.00,0.00,-0.00,-0.00,-0.00,17.00
32499.00,-119.90,-17.71,0.21,-0.27,-0.05,-4.84,-0.55,0.04,-225.38,-0.00,-0.00,0.00,-0.00,0.00,-0.00,10.00
32509.00,-119.90,-17.71,0.28,-0.27,-0.05,6.64,-0.55,0.04,1147.86,-0.00,-0.00,0.00,-0.00,0.00,-0.00,10.00
32519.00,-119.95,-17.72,0.32,-0.22,-0.06,3.99,0.28,-0.02,-264.76,-0.00,-0.00,0.00,-0.00,0.00,-0.00,10.00
32539.00,-119.95,-17.72,0.32,-0.22,-0.06,0.07,0.28,-0.02,-196.16,-0.00,-0.00,0.00,-0.00,0.00,0.00,10.00
32549.00,-119.95,-17.72,0.25,-0.22,-0.06,-6.92,0.28,-0.02,-698.79,-0.00,-0.00,0.00,-0.00,-0.00,0.00,10.00
32559.00,-119.95,-17.72,0.20,-0.22,-0.06,-5.18,0.28,-0.02,174.12,-0.00,-0.00,0.00,-0.00,-0.00,0.00,10.00
32569.00,-119.95,-17.72,0.23,-0.22,-0.06,2.78,0.28,-0.02,795.70,-0.00,-0.00,0.00,-0.00,0.00,0.00,10.00
32579.00,-119.95,-17.72,0.28,-0.22,-0.06,5.37,0.28,-0.02,258.94,-0.00,-0.00,0.00,-0.00,-0.00,-0.00,18.00
32597.00,-119.95,-17.72,0.25,-0.22,-0.06,-1.89,0.28,-0.02,-403.19,-0.00,-0.00,0.00,0.00,0.00,0.00,10.00
32607.00,-119.95,-17.72,0.26,-0.22,-0.06,1.73,0.28,-0.02,361.80,-0.00,-0.00,0.00,-0.00,0.00,0.00,10.00
32617.00,-119.95,-17.72,0.21,-0.22,-0.06,-5.48,0.28,-0.02,-720.95,-0.00,-0.00,0.00,0.00,0.00,0.00,10.00
32627.00,-119.95,-17.72,0.27,-0.22,-0.06,6.19,0.28,-0.02,1167.35,-0.00,-0.00,0.00,-0.00,0.00,0.00,10.00
32637.00,-119.95,-17.72,0.28,-0.22,-0.06,1.14,0.28,-0.02,-505.44,-0.00,-0.00,0.00,-0.00,-0.00,0.00,10.00
32652.00,-119.95,-17.72,0.23,-0.22,-0.06,-3.24,0.28,-0.02,-291.77,-0.00,-0.00,0.00,0.00,0.00,0.00,10.00
32662.00,-119.95,-17.72,0.25,-0.22,-0.06,1.41,0.28,-0.02,464.27,-0.00,-0.00,0.00,0.00,-0.00,-0.00,10.00
32672.00,-119.95,-17.72,0.26,-0.22,-0.06,0.63,0.28,-0.02,-77.62,-0.00,-0.00,0.00,0.00,-0.00,0.00,10.00
32682.00,-119.95,-17.72,0.36,-0.22,-0.06,10.42,0.28,-0.02,979.32,-0.00,-0.00,0.00,-0.00,0.00,0.00,10.00
32692.00,-119.95,-17.72,0.24,-0.22,-0.06,-11.48,0.28,-0.02,-2190.64,-0.00,-0.00,0.00,-0.00,0.00,0.00,17.00
32709.00,-119.95,-17.72,0.25,-0.22,-0.06,0.30,0.28,-0.02,693.16,-0.00,-0.00,0.00,-0.00,0.00,0.00,10.00
32719.00,-119.98,-17.72,0.28,-0.17,-0.02,3.50,0.24,0.16,319.55,-0.00,-0.00,0.00,0.00,-0.00,0.00,10.00
32729.00,-119.98,-17.72,0.20,-0.17,-0.02,-8.43,0.24,0.16,-1192.21,-0.00,-0.00,0.00,0.00,0.00,-0.00,10.00
32739.00,-119.98,-17.72,0.29,-0.17,-0.02,9.06,0.24,0.16,1748.25,-0.00,-0.00,0.00,0.00,0.00,0.00,10.00
32749.00,-119.98,-17.72,0.25,-0.17,-0.02,-4.06,0.24,0.16,-1311.12,-0.00,-0.00,0.00,0.00,-0.00,0.00,10.00
32764.00,-119.98,-17.72,0.26,-0.17,-0.02,0.83,0.24,0.16,325.78,-0.00,-0.00,0.00,0.00,0.00,-0.00,10.00
32774.00,-119.98,-17.72,0.18,-0.17,-0.02,-8.49,0.24,0.16,-931.77,-0.00,-0.00,0.00,-0.00,-0.00,-0.00,10.00
32784.00,-119.98,-17.72,0.21,-0.17,-0.02,2.80,0.24,0.16,1128.92,-0.00,-0.00,0.00,0.00,0.00,0.00,10.00
32794.00,-119.98,-17.72,0.08,-0.17,-0.02,-12.37,0.24,0.16,-1517.53,-0.00,-0.00,0.00,-0.00,0.00,0.00,16.00
32810.00,-119.98,-17.72,0.26,-0.17,-0.02,11.17,0.24,0.16,1471.24,-0.00,-0.00,0.00,-0.00,-0.00,0.00,10.00
32820.00,-119.98,-17.72,0.25,-0.17,-0.02,-0.67,0.24,0.16,-1184.13,-0.00,-0.00,0.00,0.00,-0.00,-0.00,10.00
32830.00,-119.98,-17.72,0.24,-0.17,-0.02,-1.85,0.24,0.16,-117.63,-0.00,-0.00,0.00,0.00,0.00,-0.00,10.00
32840.00,-119.98,-17.72,0.23,-0.17,-0.02,-0.56,0.24,0.16,129.30,-0.00,-0.00,0.00,0.00,0.00,-0.00,10.00
32850.00,-119.98,-17.72,0.23,-0.17,-0.02,0.18,0.24,0.16,73.98,-0.00,-0.00,0.00,-0.00,0.01,-0.01,10.00
32860.00,-119.98,-17.72,0.27,-0.17,-0.02,3.45,0.24,0.16,326.58,-0.00,-0.00,0.00,-0.00,0.00,-0.00,10.00
32875.00,-119.98,-17.72,0.29,-0.17,-0.02,1.74,0.24,0.16,-113.58,-0.00,-0.00,0.00,0.00,0.00,0.00,10.00
32885.00,-119.98,-17.72,0.24,-0.17,-0.02,-5.66,0.24,0.16,-740.66,-0.00,-0.00,0.00,0.00,0.00,-0.00,10.00
32895.00,-119.98,-17.72,0.25,-0.17,-0.02,1.44,0.24,0.16,710.30,-0.00,-0.00,0.00,0.00,-0.00,-0.00,15.00
32910.00,-119.98,-17.72,0.27,-0.17,-0.02,1.26,0.24,0.16,-12.38,-0.00,-0.00,0.00,0.00,-0.00,0.00,10.00
32920.00,-120.00,-17.74,0.25,-0.11,-0.07,-2.36,0.28,-0.21,-361.70,-0.00,-0.00,0.00,0.00,0.00,-0.00,10.00
32930.00,-120.00,-17.74,0.21,-0.11,-0.07,-3.36,0.28,-0.21,-99.87,-0.00,-0.00,0.00,-0.00,0.00,-0.00,10.00
32940.00,-120.00,-17.74,0.27,-0.11,-0.07,5.87,0.28,-0.21,923.00,-0.00,-0.00,0.00,0.00,0.00,0.00,10.00
32950.00,-120.00,-17.74,0.27,-0.11,-0.07,-0.41,0.28,-0.21,-627.67,-0.00,-0.00,0.00,-0.00,0.00,-0.00,10.00
32960.00,-120.00,-17.74,0.18,-0.11,-0.07,-8.18,0.28,-0.21,-777.40,-0.00,-0.00,0.00,-0.00,0.00,-0.00,10.00
32970.00,-120.00,-17.74,0.22,-0.11,-0.07,3.30,0.28,-0.21,1148.55,-0.00,-0.00,0.00,0.00,0.00,-0.00,10.00
32985.00,-120.00,-17.74,0.18,-0.11,-0.07,-2.41,0.28,-0.21,-381.09,-0.00,-0.00,0.00,0.00,0.00,-0.00,16.00
33001.00,-120.00,-17.74,0.26,-0.11,-0.07,4.82,0.28,-0.21,451.91,-0.00,-0.00,0.00,0.00,-0.00,0.00,10.00
33011.00,-120.00,-17.74,0.29,-0.11,-0.07,3.08,0.28,-0.21,-173.79,-0.00,-0.00,0.00,0.00,-0.00,0.00,10.00
33021.00,-120.00,-17.74,0.27,-0.11,-0.07,-2.17,0.28,-0.21,-524.64,-0.00,-0.00,0.00,0.00,-0.00,-0.00,10.00
33031.00,-120.00,-17.74,0.28,-0.11,-0.07,0.80,0.28,-0.21,296.87,-0.00,-0.00,0.00,0.00,-0.00,-0.00,10.00
33041.00,-120.00,-17.74,0.30,-0.11,-0.07,2.60,0.28,-0.21,179.27,-0.00,-0.00,0.00,0.00,-0.00,-0.00,10.00
33051.00,-120.00,-17.74,0.23,-0.11,-0.07,-7.11,0.28,-0.21,-970.79,-0.00,-0.00,0.00,-0.00,0.00,-0.00,10.00
33061.00,-120.00,-17.74,0.18,-0.11,-0.07,-4.87,0.28,-0.21,224.40,-0.00,-0.00,0.00,-0.00,-0.00,0.00,10.00
33071.00,-120.00,-17.74,0.21,-0.11,-0.07,2.78,0.28,-0.21,764.71,-0.00,-0.00,0.00,0.00,-0.00,-0.00,10.00
33081.00,-120.00,-17.74,0.27,-0.11,-0.07,5.53,0.28,-0.21,275.51,-0.00,-0.00,0.00,0.00,-0.00,0.00,18.00
33104.00,-120.00,-17.74,0.29,-0.11,-0.07,1.25,0.28,-0.21,-186.36,-0.00,-0.00,0.00,-0.00,-0.00,0.00,10.00
33114.00,-120.00,-17.74,0.31,-0.11,-0.07,1.82,0.28,-0.21,57.46,-0.00,-0.00,0.00,-0.00,0.00,-0.00,10.00
33124.00,-120.01,-17.73,0.15,-0.05,0.00,-16.36,0.28,0.35,-1817.94,-0.00,-0.00,0.00,0.00,0.00,-0.00,10.00
33134.00,-120.01,-17.73,0.33,-0.05,0.00,18.01,0.28,0.35,3436.69,-0.00,-0.00,0.00,0.00,0.00,-0.00,10.00
33144.00,-120.01,-17.73,0.22,-0.05,0.00,-11.20,0.28,0.35,-2920.77,-0.00,-0.00,0.00,-0.00,0.00,-0.00,10.00
33154.00,-120.01,-17.73,0.24,-0.05,0.00,2.07,0.28,0.35,1327.20,-0.00,-0.00,0.00,-0.00,0.00,-0.00,10.00
33164.00,-120.01,-17.73,0.23,-0.05,0.00,-0.57,0.28,0.35,-264.61,-0.00,-0.00,0.00,0.00,0.00,-0.00,10.00
33174.00,-120.01,-17.73,0.27,-0.05,0.00,3.99,0.28,0.35,456.72,-0.00,-0.00,0.00,0.00,0.00,-0.00,10.00
33184.00,-120.01,-17.73,0.20,-0.05,0.00,-7.33,0.28,0.35,-1132.61,-0.00,-0.00,0.00,0.00,-0.00,0.00,16.00
33200.00,-120.01,-17.73,0.27,-0.05,0.00,4.66,0.28,0.35,749.64,-0.00,-0.00,0.00,0.00,-0.00,0.00,10.00
33214.00,-120.01,-17.73,0.23,-0.05,0.00,-2.86,0.28,0.35,-537.10,-0.00,-0.00,0.00,-0.00,-0.00,-0.00,10.00
33224.00,-120.01,-17.73,0.11,-0.05,0.00,-12.40,0.28,0.35,-954.09,-0.00,-0.00,0.00,0.00,-0.00,-0.00,10.00
33234.00,-120.01,-17.73,0.26,-0.05,0.00,14.95,0.28,0.35,2734.25,-0.00,-0.00,0.00,0.00,-0.00,-0.00,10.00
33244.00,-120.01,-17.73,0.23,-0.05,0.00,-2.66,0.28,0.35,-1760.67,-0.00,-0.00,0.00,-0.00,-0.00,-0.00,10.00
33254.00,-120.01,-17.73,0.31,-0.05,0.00,7.63,0.28,0.35,1029.55,-0.00,-0.00,0.00,-0.00,-0.00,0.00,10.00
33264.00,-120.01,-17.73,0.30,-0.05,0.00,-1.08,0.28,0.35,-871.65,-0.00,-0.00,0.00,-0.00,-0.00,0.00,127.00
33391.00,-119.99,-17.74,0.26,0.08,-0.01,-0.32,0.52,-0.04,6.03,-0.00,-0.00,0.00,0.00,-0.01,-0.00,24.00
33415.00,-119.99,-17.74,0.27,0.08,-0.01,0.60,0.52,-0.04,37.99,-0.00,-0.00,0.00,-0.00,0.00,-0.00,10.00
33425.00,-119.99,-17.74,0.21,0.08,-0.01,-6.46,0.52,-0.04,-705.14,-0.00,-0.00,0.00,-0.00,0.00,0.00,10.00
33435.00,-119.99,-17.74,0.27,0.08,-0.01,6.21,0.52,-0.04,1266.94,-0.00,-0.00,0.00,-0.00,0.00,-0.00,10.00
33450.00,-119.99,-17.74,0.24,0.08,-0.01,-2.05,0.52,-0.04,-551.14,-0.00,-0.00,0.00,-0.00,0.00,0.00,10.00
33460.00,-119.99,-17.74,0.20,0.08,-0.01,-3.45,0.52,-0.04,-139.64,-0.00,-0.00,0.00,0.00,0.00,0.00,10.00
33470.00,-119.99,-17.74,0.24,0.08,-0.01,3.77,0.52,-0.04,721.75,-0.00,-0.00,0.00,0.00,0.00,-0.00,10.00
33480.00,-119.99,-17.74,0.17,0.08,-0.01,-7.14,0.52,-0.04,-1090.79,-0.00,-0.00,0.00,0.00,-0.00,-0.00,10.00
33490.00,-119.99,-17.74,0.29,0.08,-0.01,11.86,0.52,-0.04,1900.43,-0.00,-0.00,0.00,0.00,0.00,-0.00,15.00
33505.00,-119.99,-17.74,0.31,0.08,-0.01,1.35,0.52,-0.04,-700.84,-0.00,-0.00,0.00,0.00,-0.00,-0.00,10.00
33515.00,-119.99,-17.74,0.26,0.08,-0.01,-4.63,0.52,-0.04,-598.23,-0.00,-0.00,0.00,0.00,0.00,-0.00,10.00
33525.00,-119.99,-17.74,0.16,0.08,-0.01,-10.13,0.52,-0.04,-550.30,-0.00,-0.00,0.00,0.00,0.00,-0.00,10.00
33535.00,-119.99,-17.74,0.20,0.08,-0.01,4.24,0.52,-0.04,1437.77,-0.00,-0.00,0.00,-0.00,0.00,-0.00,10.00
33545.00,-119.99,-17.74,0.32,0.08,-0.01,11.18,0.52,-0.04,693.71,-0.00,-0.00,0.00,-0.00,-0.00,0.00,10.00
33565.00,-119.99,-17.74,0.22,0.08,-0.01,-4.60,0.52,-0.04,-788.85,-0.00,-0.00,0.00,0.00,0.00,-0.00,10.00
33575.00,-119.99,-17.74,0.26,0.08,-0.01,3.76,0.52,-0.04,836.01,-0.00,-0.00,0.00,0.00,0.00,-0.00,10.00
33585.00,-119.99,-17.74,0.18,0.08,-0.01,-8.31,0.52,-0.04,-1206.92,-0.00,-0.00,0.00,0.00,0.00,0.00,17.00
33602.00,-119.98,-17.74,0.22,0.05,-0.00,2.50,-0.15,0.01,635.73,-0.00,-0.00,0.00,-0.00,0.00,0.00,10.00
33612.00,-119.98,-17.74,0.18,0.05,-0.00,-4.05,-0.15,0.01,-655.18,-0.00,-0.00,0.00,-0.00,0.00,0.00,10.00
33622.00,-119.98,-17.74,0.14,0.05,-0.00,-3.59,-0.15,0.01,46.19,-0.00,-0.00,0.00,0.00,0.00,0.00,10.00
33632.00,-119.98,-17.74,0.31,0.05,-0.00,16.36,-0.15,0.01,1995.00,-0.00,-0.00,0.00,0.00,0.00,0.00,10.00
33642.00,-119.98,-17.74,0.17,0.05,-0.00,-14.02,-0.15,0.01,-3038.11,-0.00,-0.00,0.00,0.00,0.00,-0.00,10.00
33652.00,-119.98,-17.74,0.20,0.05,-0.00,3.25,-0.15,0.01,1726.53,-0.00,-0.00,0.00,0.00,0.00,0.00,10.00
33662.00,-119.98,-17.74,0.24,0.05,-0.00,3.53,-0.15,0.01,28.68,-0.00,-0.00,0.00,-0.00,-0.00,-0.00,10.00
33677.00,-119.98,-17.74,0.19,0.05,-0.00,-3.17,-0.15,0.01,-446.58,-0.00,-0.00,0.00,0.00,0.00,-0.00,10.00
33687.00,-119.98,-17.74,0.14,0.05,-0.00,-5.09,-0.15,0.01,-192.93,-0.00,-0.00,0.00,0.00,0.00,0.00,10.00
33697.00,-119.98,-17.74,0.24,0.05,-0.00,10.17,-0.15,0.01,1526.48,-0.00,-0.00,0.00,-0.00,0.00,0.00,15.00
33712.00,-119.98,-17.74,0.11,0.05,-0.00,-8.62,-0.15,0.01,-1252.98,-0.00,-0.00,0.00,-0.00,-0.00,0.00,10.00
33722.00,-119.98,-17.74,0.21,0.05,-0.00,9.65,-0.15,0.01,1827.31,-0.00,-0.00,0.00,-0.00,-0.00,-0.00,10.00
33732.00,-119.98,-17.74,0.16,0.05,-0.00,-4.62,-0.15,0.01,-1426.48,-0.00,-0.00,0.00,0.00,-0.00,-0.00,10.00
33742.00,-119.98,-17.74,0.23,0.05,-0.00,7.52,-0.15,0.01,1213.41,-0.00,-0.00,0.00,0.00,0.00,-0.00,10.00
33752.00,-119.98,-17.74,0.17,0.05,-0.00,-6.47,-0.15,0.01,-1399.21,-0.00,-0.00,0.00,-0.00,0.00,-0.00,10.00
33762.00,-119.98,-17.74,0.17,0.05,-0.00,-0.25,-0.15,0.01,621.99,-0.00,-0.00,0.00,0.00,0.00,-0.00,10.00
33772.00,-119.98,-17.74,0.28,0.05,-0.00,10.75,-0.15,0.01,1100.59,-0.00,-0.00,0.00,0.00,0.00,-0.00,10.00
33786.00,-119.98,-17.74,0.21,0.05,-0.00,-4.40,-0.15,0.01,-1082.37,-0.00,-0.00,0.00,-0.00,-0.00,-0.00,17.00
33803.00,-119.97,-17.75,0.14,0.06,-0.04,-4.49,0.01,-0.19,-5.02,-0.00,-0.00,0.00,0.00,0.00,0.00,10.00
33813.00,-119.97,-17.75,0.16,0.06,-0.04,2.76,0.01,-0.19,725.02,-0.00,-0.00,0.00,-0.00,0.00,0.00,10.00
33823.00,-119.97,-17.75,0.12,0.06,-0.04,-4.23,0.01,-0.19,-699.53,-0.00,-0.00,0.00,-0.00,0.00,0.00,10.00
33833.00,-119.97,-17.75,0.21,0.06,-0.04,8.74,0.01,-0.19,1296.95,-0.00,-0.00,0.00,0.00,-0.00,0.00,10.00
33843.00,-119.97,-17.75,0.13,0.06,-0.04,-7.90,0.01,-0.19,-1663.99,-0.00,-0.00,0.00,0.00,0.00,-0.00,10.00
33853.00,-119.97,-17.75,0.26,0.06,-0.04,12.92,0.01,-0.19,2082.01,-0.00,-0.00,0.00,0.00,0.00,-0.00,10.00
33863.00,-119.97,-17.75,0.23,0.06,-0.04,-3.21,0.01,-0.19,-1613.07,-0.00,-0.00,0.00,0.00,-0.00,-0.00,10.00
33873.00,-119.97,-17.75,0.18,0.06,-0.04,-5.28,0.01,-0.19,-206.43,-0.00,-0.00,0.00,0.00,-0.00,-0.00,10.00
33883.00,-119.97,-17.75,0.20,0.06,-0.04,2.48,0.01,-0.19,775.30,-0.00,-0.00,0.00,0.00,-0.00,-0.00,19.00
33907.00,-119.97,-17.75,0.30,0.06,-0.04,4.04,0.01,-0.19,65.32,-0.00,-0.00,-0.00,-0.00,-0.00,-0.00,10.00
33917.00,-119.97,-17.75,0.16,0.06,-0.04,-13.67,0.01,-0.19,-1771.06,-0.00,-0.00,-0.00,0.00,-0.00,-0.00,10.00
33927.00,-119.97,-17.75,0.13,0.06,-0.04,-3.31,0.01,-0.19,1035.80,-0.00,-0.00,-0.00,-0.00,-0.00,0.00,10.00
33937.00,-119.97,-17.75,0.17,0.06,-0.04,3.80,0.01,-0.19,710.49,-0.00,-0.00,-0.00,-0.00,-0.00,0.00,10.00
33947.00,-119.97,-17.75,0.25,0.06,-0.04,8.92,0.01,-0.19,512.14,-0.00,-0.00,-0.00,-0.00,-0.00,0.00,10.00
33957.00,-119.97,-17.75,0.18,0.06,-0.04,-7.26,0.01,-0.19,-1617.54,-0.00,-0.00,0.00,0.00,0.00,0.00,10.00
33967.00,-119.97,-17.75,0.27,0.06,-0.04,8.84,0.01,-0.19,1609.38,-0.00,-0.00,-0.00,0.00,-0.00,-0.00,10.00
33977.00,-119.97,-17.75,0.25,0.06,-0.04,-2.38,0.01,-0.19,-1121.70,-0.00,-0.00,-0.00,0.00,-0.00,-0.00,10.00
33987.00,-119.97,-17.75,0.14,0.06,-0.04,-10.69,0.01,-0.19,-830.95,-0.00,-0.00,-0.00,-0.00,-0.00,0.00,16.00
34003.00,-119.96,-17.74,0.23,0.06,0.03,5.79,0.00,0.38,1029.97,-0.00,-0.00,-0.00,-0.00,0.00,0.00,10.00
34018.00,-119.96,-17.74,0.18,0.06,0.03,-3.14,0.00,0.38,-595.37,-0.00,-0.00,-0.00,-0.00,0.00,0.00,10.00
34028.00,-119.96,-17.74,0.22,0.06,0.03,3.35,0.00,0.38,649.61,-0.00,-0.00,-0.00,-0.00,-0.00,0.00,10.00
34038.00,-119.96,-17.74,0.14,0.06,0.03,-8.32,0.00,0.38,-1167.33,-0.00,-0.00,0.00,-0.00,-0.00,0.00,10.00
34048.00,-119.96,-17.74,0.21,0.06,0.03,7.84,0.00,0.38,1615.98,-0.00,-0.00,0.00,0.00,0.00,0.00,10.00
34058.00,-119.96,-17.74,0.28,0.06,0.03,6.43,0.00,0.38,-140.69,-0.00,-0.00,0.00,0.00,-0.00,0.00,10.00
34068.00,-119.96,-17.74,0.24,0.06,0.03,-3.66,0.00,0.38,-1009.33,-0.00,-0.00,0.00,0.00,0.00,-0.00,10.00
34078.00,-119.96,-17.74,0.21,0.06,0.03,-3.02,0.00,0.38,63.87,-0.00,-0.00,0.00,0.00,0.00,0.00,10.00
34088.00,-119.96,-17.74,0.35,0.06,0.03,14.11,0.00,0.38,1713.04,-0.00,-0.00,0.00,-0.00,0.00,0.00,16.00
34104.00,-119.96,-17.74,0.15,0.06,0.03,-12.72,0.00,0.38,-1676.90,-0.00,-0.00,0.00,-0.00,0.00,0.00,10.00
34114.00,-119.96,-17.74,0.24,0.06,0.03,9.58,0.00,0.38,2230.06,-0.00,-0.00,0.00,-0.00,0.00,0.00,10.00
34129.00,-119.96,-17.74,0.17,0.06,0.03,-4.68,0.00,0.38,-950.32,-0.00,-0.00,0.00,-0.00,0.00,0.00,10.00
34139.00,-119.96,-17.74,0.13,0.06,0.03,-4.68,0.00,0.38,-0.03,-0.00,-0.00,0.00,0.00,-0.00,0.00,10.00
34149.00,-119.96,-17.74,0.25,0.06,0.03,12.20,0.00,0.38,1687.80,-0.00,-0.00,0.00,0.00,-0.00,-0.00,10.00
34159.00,-119.96,-17.74,0.20,0.06,0.03,-5.08,0.00,0.38,-1728.21,-0.00,-0.00,0.00,0.00,0.00,-0.00,10.00
34169.00,-119.96,-17.74,0.21,0.06,0.03,1.18,0.00,0.38,626.41,-0.00,-0.00,0.00,0.00,0.00,-0.00,10.00
34179.00,-119.96,-17.74,0.22,0.06,0.03,0.58,0.00,0.38,-60.56,-0.00,-0.00,-0.00,-0.00,-0.00,-0.00,10.00
34189.00,-119.96,-17.74,0.34,0.06,0.03,12.17,0.00,0.38,1159.11,-0.00,-0.00,-0.00,0.00,0.00,0.00,15.00
34204.00,-119.88,-17.73,0.25,0.39,0.04,-5.83,1.65,0.05,-1199.89,-0.00,-0.00,-0.00,-0.00,0.00,-0.00,10.00
34214.00,-119.88,-17.73,0.27,0.39,0.04,1.69,1.65,0.05,751.62,-0.00,-0.00,-0.00,0.00,0.00,-0.00,10.00
34224.00,-119.88,-17.73,0.28,0.39,0.04,1.37,1.65,0.05,-31.67,-0.00,-0.00,-0.00,0.00,0.00,-0.00,10.00
34239.00,-119.88,-17.73,0.31,0.39,0.04,2.10,1.65,0.05,48.89,-0.00,-0.00,-0.00,0.00,0.00,0.00,10.00
34249.00,-119.88,-17.73,0.27,0.39,0.04,-4.28,1.65,0.05,-638.07,-0.00,-0.00,-0.00,0.00,0.00,0.00,10.00
34259.00,-119.88,-17.73,0.18,0.39,0.04,-9.44,1.65,0.05,-516.45,-0.00,-0.00,-0.00,0.00,-0.00,0.00,10.00
34269.00,-119.88,-17.73,0.23,0.39,0.04,5.68,1.65,0.05,1511.82,-0.00,-0.00,-0.00,-0.00,-0.00,-0.00,10.00
34279.00,-119.88,-17.73,0.23,0.39,0.04,0.22,1.65,0.05,-545.17,-0.00,-0.00,-0.00,-0.00,-0.00,-0.00,10.00
34289.00,-119.88,-17.73,0.32,0.39,0.04,8.97,1.65,0.05,874.91,-0.00,-0.00,-0.00,-0.00,-0.00,-0.00,10.00
34299.00,-119.88,-17.73,0.31,0.39,0.04,-1.43,1.65,0.05,-1040.11,-0.00,-0.00,-0.00,-0.00,-0.01,0.00,16.00
34315.00,-119.88,-17.73,0.23,0.39,0.04,-4.74,1.65,0.05,-207.13,-0.00,-0.00,-0.00,0.00,-0.00,-0.00,10.00
34325.00,-119.88,-17.73,0.33,0.39,0.04,9.11,1.65,0.05,1385.57,-0.00,-0.00,-0.00,-0.00,-0.00,-0.00,10.00
34335.00,-119.88,-17.73,0.28,0.39,0.04,-4.60,1.65,0.05,-1371.24,-0.00,-0.00,-0.00,-0.00,0.00,0.00,10.00
34350.00,-119.88,-17.73,0.29,0.39,0.04,1.05,1.65,0.05,376.20,-0.00,-0.00,-0.00,0.00,-0.00,0.00,10.00
34360.00,-119.88,-17.73,0.32,0.39,0.04,2.71,1.65,0.05,166.41,-0.00,-0.00,-0.00,0.00,0.00,-0.00,10.00
34370.00,-119.88,-17.73,0.26,0.39,0.04,-6.21,1.65,0.05,-892.23,-0.00,-0.00,-0.00,-0.00,-0.00,0.00,10.00
34380.00,-119.88,-17.73,0.25,0.39,0.04,-0.78,1.65,0.05,543.06,-0.00,-0.00,-0.00,-0.00,0.00,0.00,10.00
34390.00,-119.88,-17.73,0.33,0.39,0.04,7.30,1.65,0.05,808.68,-0.00,-0.00,-0.00,-0.00,-0.01,-0.00,15.00
34405.00,-119.80,-17.72,0.25,0.39,0.04,-4.94,0.00,-0.00,-816.50,-0.00,-0.00,-0.00,0.00,-0.00,0.00,10.00
34415.00,-119.80,-17.72,0.17,0.39,0.04,-7.97,0.00,-0.00,-302.99,-0.00,-0.00,-0.00,0.00,0.00,0.00,10.00
34425.00,-119.80,-17.72,0.39,0.39,0.04,21.87,0.00,-0.00,2984.58,-0.00,-0.00,-0.00,0.00,-0.00,0.00,10.00
34435.00,-119.80,-17.72,0.25,0.39,0.04,-14.44,0.00,-0.00,-3631.22,-0.00,-0.00,-0.00,-0.00,-0.00,0.00,10.00
34445.00,-119.80,-17.72,0.27,0.39,0.04,2.16,0.00,-0.00,1660.07,-0.00,-0.00,-0.00,-0.00,-0.00,0.00,10.00
34464.00,-119.80,-17.72,0.21,0.39,0.04,-3.04,0.00,-0.00,-273.48,-0.00,-0.00,-0.00,-0.00,0.00,-0.00,10.00
34474.00,-119.80,-17.72,0.29,0.39,0.04,7.72,0.00,-0.00,1075.65,-0.00,-0.00,-0.00,0.00,0.00,-0.00,10.00
34484.00,-119.80,-17.72,0.35,0.39,0.04,6.55,0.00,-0.00,-117.00,-0.00,-0.00,-0.00,0.00,-0.00,-0.00,19.00
34503.00,-119.80,-17.72,0.20,0.39,0.04,-8.08,0.00,-0.00,-770.09,-0.00,-0.00,-0.00,-0.00,-0.00,0.00,10.00
34513.00,-119.80,-17.72,0.24,0.39,0.04,4.20,0.00,-0.00,1227.97,-0.00,-0.00,-0.00,0.00,0.00,0.00,10.00
34523.00,-119.80,-17.72,0.21,0.39,0.04,-3.26,0.00,-0.00,-746.08,-0.00,-0.00,-0.00,-0.00,-0.00,-0.00,10.00
34533.00,-119.80,-17.72,0.22,0.39,0.04,0.78,0.00,-0.00,404.37,-0.00,-0.00,-0.00,0.00,-0.00,-0.00,10.00
34543.00,-119.80,-17.72,0.29,0.39,0.04,7.22,0.00,-0.00,644.06,-0.00,-0.00,-0.00,-0.00,-0.00,-0.00,10.00
34553.00,-119.80,-17.72,0.21,0.39,0.04,-7.39,0.00,-0.00,-1460.84,-0.00,-0.00,-0.00,0.00,-0.00,-0.00,10.00
34563.00,-119.80,-17.72,0.21,0.39,0.04,-0.22,0.00,-0.00,716.08,-0.00,-0.00,-0.00,-0.00,0.00,0.00,10.00
34577.00,-119.80,-17.72,0.25,0.39,0.04,2.52,0.00,-0.00,196.30,-0.00,-0.00,-0.00,-0.00,-0.00,0.00,10.00
34587.00,-119.80,-17.72,0.21,0.39,0.04,-4.18,0.00,-0.00,-670.80,-0.00,-0.00,-0.00,-0.00,-0.01,0.00,17.00
34604.00,-119.80,-17.72,0.28,0.39,0.04,4.25,0.00,-0.00,496.27,-0.00,-0.00,-0.00,0.00,-0.00,0.00,10.00
34614.00,-119.74,-17.71,0.26,0.32,0.05,-1.28,-0.33,0.01,-553.74,-0.00,-0.00,-0.00,0.00,-0.00,0.00,10.00
34624.00,-119.74,-17.71,0.18,0.32,0.05,-8.26,-0.33,0.01,-697.63,-0.00,-0.00,-0.00,-0.00,0.00,-0.00,10.00
34634.00,-119.74,-17.71,0.24,0.32,0.05,5.33,-0.33,0.01,1359.02,-0.00,-0.00,-0.00,-0.00,-0.00,-0.00,10.00
34644.00,-119.74,-17.71,0.28,0.32,0.05,4.42,-0.33,0.01,-90.42,-0.00,-0.00,-0.00,-0.00,0.00,0.00,10.00
34654.00,-119.74,-17.71,0.34,0.32,0.05,5.53,-0.33,0.01,110.23,-0.00,-0.00,-0.00,0.00,-0.00,-0.00,10.00
34664.00,-119.74,-17.71,0.34,0.32,0.05,0.61,-0.33,0.01,-491.92,-0.00,-0.00,-0.00,-0.00,0.00,0.00,10.00
34674.00,-119.74,-17.71,0.21,0.32,0.05,-13.35,-0.33,0.01,-1395.84,-0.00,-0.00,-0.00,0.00,-0.00,-0.00,10.00
34689.00,-119.74,-17.71,0.23,0.32,0.05,1.16,-0.33,0.01,967.19,-0.00,-0.00,-0.00,-0.00,-0.00,-0.00,17.00
34706.00,-119.74,-17.71,0.29,0.32,0.05,3.74,-0.33,0.01,151.80,-0.00,-0.00,-0.00,0.00,-0.00,-0.00,10.00
34716.00,-119.74,-17.71,0.35,0.32,0.05,5.81,-0.33,0.01,207.40,-0.00,-0.00,-0.00,0.00,-0.00,-0.00,10.00
34726.00,-119.74,-17.71,0.25,0.32,0.05,-9.47,-0.33,0.01,-1528.37,-0.00,-0.00,-0.00,0.00,0.00,-0.00,10.00
34736.00,-119.74,-17.71,0.35,0.32,0.05,10.07,-0.33,0.01,1954.58,-0.00,-0.00,-0.00,-0.00,0.00,-0.00,10.00
34746.00,-119.74,-17.71,0.31,0.32,0.05,-4.06,-0.33,0.01,-1413.31,-0.00,-0.00,-0.00,-0.00,0.00,0.00,10.00
34756.00,-119.74,-17.71,0.31,0.32,0.05,-0.14,-0.33,0.01,391.84,-0.00,-0.00,-0.00,-0.01,0.00,0.00,10.00
34766.00,-119.74,-17.71,0.41,0.32,0.05,10.13,-0.33,0.01,1027.23,-0.00,-0.00,-0.00,-0.00,0.00,0.00,10.00
34776.00,-119.74,-17.71,0.33,0.32,0.05,-8.43,-0.33,0.01,-1856.62,-0.00,-0.00,-0.00,0.00,0.00,0.00,10.00
34786.00,-119.74,-17.71,0.26,0.32,0.05,-6.85,-0.33,0.01,158.59,-0.00,-0.00,-0.00,0.00,-0.00,0.00,18.00
34809.00,-119.74,-17.71,0.33,0.32,0.05,3.11,-0.33,0.01,432.79,-0.00,-0.00,-0.00,-0.00,0.01,-0.00,10.00
34819.00,-119.68,-17.70,0.32,0.27,0.05,-1.39,-0.23,0.03,-449.67,-0.00,-0.00,-0.00,0.00,0.00,-0.00,10.00
34829.00,-119.68,-17.70,0.30,0.27,0.05,-1.78,-0.23,0.03,-39.22,-0.00,-0.00,-0.00,0.00,-0.00,0.00,10.00
34839.00,-119.68,-17.70,0.35,0.27,0.05,4.82,-0.23,0.03,660.62,-0.00,-0.00,-0.00,0.00,0.00,0.00,10.00
34849.00,-119.68,-17.70,0.34,0.27,0.05,-1.05,-0.23,0.03,-587.74,-0.00,-0.00,-0.00,-0.00,0.00,0.00,10.00
34859.00,-119.68,-17.70,0.25,0.27,0.05,-9.03,-0.23,0.03,-797.28,-0.00,-0.00,-0.00,-0.00,0.00,0.00,10.00
34869.00,-119.68,-17.70,0.31,0.27,0.05,6.40,-0.23,0.03,1543.21,-0.00,-0.00,-0.00,-0.00,0.00,0.00,10.00
34879.00,-119.68,-17.70,0.29,0.27,0.05,-2.23,-0.23,0.03,-863.15,-0.00,-0.00,-0.00,0.00,0.00,-0.00,10.00
34889.00,-119.68,-17.70,0.29,0.27,0.05,0.19,-0.23,0.03,242.18,-0.00,-0.00,-0.00,-0.00,0.01,-0.00,17.00
34906.00,-119.68,-17.70,0.31,0.27,0.05,1.23,-0.23,0.03,61.03,-0.00,-0.00,-0.00,-0.00,0.00,-0.00,10.00
34921.00,-119.68,-17.70,0.21,0.27,0.05,-6.79,-0.23,0.03,-535.07,-0.00,-0.00,-0.00,0.00,-0.01,0.00,10.00
34931.00,-119.68,-17.70,0.19,0.27,0.05,-1.82,-0.23,0.03,497.18,-0.00,-0.00,-0.00,0.01,-0.00,0.00,10.00
34941.00,-119.68,-17.70,0.32,0.27,0.05,12.76,-0.23,0.03,1458.35,-0.00,-0.00,-0.00,0.01,-0.00,0.00,10.00
34951.00,-119.68,-17.70,0.26,0.27,0.05,-5.73,-0.23,0.03,-1848.71,-0.00,-0.00,-0.00,0.00,0.00,0.00,10.00
34961.00,-119.68,-17.70,0.25,0.27,0.05,-1.29,-0.23,0.03,444.01,-0.00,-0.00,-0.00,-0.01,0.00,0.00,10.00
34971.00,-119.68,-17.70,0.25,0.27,0.05,-0.00,-0.23,0.03,128.47,-0.00,-0.00,-0.00,-0.00,0.00,0.00,10.00
34981.00,-119.68,-17.70,0.20,0.27,0.05,-5.34,-0.23,0.03,-533.75,-0.00,-0.00,-0.00,0.00,0.00,-0.00,15.00
34996.00,-119.68,-17.70,0.26,0.27,0.05,4.26,-0.23,0.03,639.60,-0.00,-0.00,-0.00,0.01,0.00,-0.00,10.00
35006.00,-119.68,-17.70,0.31,0.27,0.05,5.23,-0.23,0.03,97.77,-0.00,-0.00,-0.00,0.00,0.00,0.00,10.00
35016.00,-119.68,-17.70,0.19,0.27,0.05,-11.88,-0.23,0.03,-1710.87,-0.00,-0.00,-0.00,-0.01,0.00,0.00,10.00
35031.00,-119.62,-17.69,0.27,0.26,0.05,5.20,-0.04,-0.01,1138.39,-0.00,-0.00,-0.00,-0.00,0.00,-0.00,10.00
35041.00,-119.62,-17.69,0.29,0.26,0.05,1.53,-0.04,-0.01,-366.92,-0.00,-0.00,-0.00,0.00,0.00,-0.00,10.00
35051.00,-119.62,-17.69,0.23,0.26,0.05,-5.88,-0.04,-0.01,-740.88,-0.00,-0.00,-0.00,-0.00,0.01,-0.00,10.00
35061.00,-119.62,-17.69,0.25,0.26,0.05,2.01,-0.04,-0.01,788.23,-0.00,-0.00,-0.00,-0.00,0.01,-0.00,10.00
35071.00,-119.62,-17.69,0.15,0.26,0.05,-9.66,-0.04,-0.01,-1166.47,-0.00,-0.00,-0.00,-0.01,-0.00,0.00,10.00
35081.00,-119.62,-17.69,0.17,0.26,0.05,2.01,-0.04,-0.01,1167.13,-0.00,-0.00,-0.00,-0.00,-0.00,0.00,16.00
35097.00,-119.62,-17.69,0.09,0.26,0.05,-4.74,-0.04,-0.01,-421.84,-0.00,-0.00,-0.00,0.01,0.00,0.01,10.00
35107.00,-119.62,-17.69,0.14,0.26,0.05,4.50,-0.04,-0.01,923.38,-0.00,-0.00,-0.00,0.01,0.00,0.00,10.00
35117.00,-119.62,-17.69,0.03,0.26,0.05,-11.17,-0.04,-0.01,-1567.07,-0.00,-0.00,-0.00,-0.00,0.00,0.00,10.00
35127.00,-119.62,-17.69,0.14,0.26,0.05,10.97,-0.04,-0.01,2214.91,-0.00,-0.00,-0.00,-0.00,-0.00,0.00,10.00
35142.00,-119.62,-17.69,0.17,0.26,0.05,2.34,-0.04,-0.01,-575.36,-0.00,-0.00,-0.00,0.00,0.00,-0.00,10.00
35152.00,-119.62,-17.69,0.19,0.26,0.05,2.06,-0.04,-0.01,-28.22,-0.00,-0.00,-0.00,0.01,0.00,-0.00,10.00
35162.00,-119.62,-17.69,0.14,0.26,0.05,-5.14,-0.04,-0.01,-720.16,-0.00,-0.00,-0.00,0.00,-0.00,0.00,10.00
35172.00,-119.62,-17.69,0.24,0.26,0.05,9.34,-0.04,-0.01,1447.83,-0.00,-0.00,-0.00,-0.01,0.00,0.00,10.00
35182.00,-119.62,-17.69,0.13,0.26,0.05,-10.93,-0.04,-0.01,-2027.12,-0.00,-0.00,-0.00,-0.01,0.00,0.00,15.00
35197.00,-119.62,-17.69,0.11,0.26,0.05,-1.08,-0.04,-0.01,656.78,-0.00,-0.00,0.00,0.00,0.00,0.00,10.00
35207.00,-119.62,-17.69,0.08,0.26,0.05,-3.09,-0.04,-0.01,-201.13,-0.00,-0.00,0.00,0.01,0.00,0.00,10.00
35217.00,-119.62,-17.69,0.11,0.26,0.05,3.48,-0.04,-0.01,656.84,-0.00,-0.00,0.00,0.00,-0.00,-0.00,10.00
35227.00,-119.62,-17.69,0.13,0.26,0.05,1.81,-0.04,-0.01,-166.87,-0.00,-0.00,-0.00,-0.00,-0.00,-0.00,10.00
35237.00,-119.51,-17.68,0.17,0.54,0.07,3.39,1.35,0.08,158.23,-0.00,-0.00,-0.00,-0.01,-0.00,0.00,10.00
35257.00,-119.51,-17.68,0.16,0.54,0.07,-0.42,1.35,0.08,-190.45,-0.00,-0.00,0.00,0.00,0.00,0.00,10.00
35267.00,-119.51,-17.68,0.25,0.54,0.07,9.28,1.35,0.08,970.40,-0.00,-0.00,0.00,0.00,0.00,0.00,10.00
35277.00,-119.51,-17.68,0.06,0.54,0.07,-18.91,1.35,0.08,-2818.96,-0.00,-0.00,0.00,0.00,-0.01,0.00,10.00
35287.00,-119.51,-17.68,0.22,0.54,0.07,15.63,1.35,0.08,3453.12,-0.00,-0.00,0.00,-0.00,-0.00,0.00,10.00
35297.00,-119.51,-17.68,0.22,0.54,0.07,-0.19,1.35,0.08,-1581.43,-0.00,-0.00,0.00,-0.00,-0.00,-0.00,16.00
35313.00,-119.51,-17.68,0.22,0.54,0.07,0.47,1.35,0.08,41.36,-0.00,-0.00,-0.00,-0.00,0.00,-0.01,10.00
35323.00,-119.51,-17.68,0.19,0.54,0.07,-3.78,1.35,0.08,-424.91,-0.00,-0.00,-0.00,-0.00,0.00,-0.00,10.00
35333.00,-119.51,-17.68,0.04,0.54,0.07,-14.14,1.35,0.08,-1036.65,-0.00,-0.00,-0.00,0.00,0.00,-0.00,10.00
35343.00,-119.51,-17.68,0.28,0.54,0.07,23.81,1.35,0.08,3794.94,-0.00,-0.00,-0.00,0.00,-0.00,-0.00,10.00
35353.00,-119.51,-17.68,0.19,0.54,0.07,-8.97,1.35,0.08,-3277.78,-0.00,-0.00,-0.00,0.01,-0.01,0.00,10.00
35368.00,-119.51,-17.68,0.18,0.54,0.07,-1.13,1.35,0.08,522.39,-0.00,-0.00,-0.00,0.00,-0.01,0.00,10.00
35378.00,-119.51,-17.68,0.22,0.54,0.07,4.01,1.35,0.08,514.15,-0.00,-0.00,-0.00,-0.00,-0.00,0.00,10.00
35388.00,-119.51,-17.68,0.19,0.54,0.07,-2.25,1.35,0.08,-625.44,-0.00,-0.00,-0.00,-0.00,0.01,0.00,18.00
35406.00,-119.51,-17.68,0.20,0.54,0.07,0.23,1.35,0.08,137.62,-0.00,-0.00,-0.00,-0.00,-0.00,-0.00,10.00
35416.00,-119.51,-17.68,0.19,0.54,0.07,-0.55,1.35,0.08,-78.03,-0.00,-0.00,-0.00,-0.01,-0.00,-0.00,10.00
35426.00,-119.51,-17.68,0.20,0.54,0.07,0.88,1.35,0.08,143.11,-0.00,-0.00,-0.00,-0.00,0.00,-0.01,10.00
35436.00,-119.51,-17.68,0.24,0.54,0.07,4.34,1.35,0.08,345.70,-0.00,-0.00,-0.00,0.00,0.00,-0.00,10.00
35446.00,-119.42,-17.66,0.20,0.43,0.07,-4.69,-0.55,0.04,-902.82,-0.00,-0.00,-0.00,0.00,0.00,0.00,10.00
35456.00,-119.42,-17.66,0.26,0.43,0.07,6.05,-0.55,0.04,1073.92,-0.00,-0.00,-0.00,0.00,-0.00,0.01,10.00
35466.00,-119.42,-17.66,0.16,0.43,0.07,-9.56,-0.55,0.04,-1560.89,-0.00,-0.00,-0.00,0.00,0.00,0.01,10.00
35481.00,-119.42,-17.66,0.25,0.43,0.07,5.64,-0.55,0.04,1013.67,-0.00,-0.00,-0.00,0.01,-0.01,0.00,17.00
35498.00,-119.42,-17.66,0.18,0.43,0.07,-3.61,-0.55,0.04,-544.40,-0.00,-0.00,-0.00,0.00,-0.00,-0.00,10.00
35508.00,-119.42,-17.66,0.33,0.43,0.07,14.83,-0.55,0.04,1843.57,-0.00,-0.00,-0.00,-0.01,0.00,-0.01,10.00
35518.00,-119.42,-17.66,0.29,0.43,0.07,-4.58,-0.55,0.04,-1940.10,-0.00,-0.00,-0.00,-0.01,0.00,-0.00,10.00
35528.00,-119.42,-17.66,0.05,0.43,0.07,-23.36,-0.55,0.04,-1878.15,-0.00,-0.00,-0.00,-0.00,0.01,-0.00,10.00
35538.00,-119.42,-17.66,0.22,0.43,0.07,16.87,-0.55,0.04,4022.91,-0.00,-0.00,-0.00,0.00,0.01,0.00,10.00
35548.00,-119.42,-17.66,0.19,0.43,0.07,-3.41,-0.55,0.04,-2027.97,-0.00,-0.00,-0.00,0.00,0.00,0.00,10.00
35558.00,-119.42,-17.66,0.17,0.43,0.07,-1.59,-0.55,0.04,181.68,-0.00,-0.00,-0.00,-0.00,-0.00,0.00,10.00
35568.00,-119.42,-17.66,0.24,0.43,0.07,7.02,-0.55,0.04,860.95,-0.00,-0.00,-0.00,0.00,-0.01,0.00,10.00
35578.00,-119.42,-17.66,0.25,0.43,0.07,0.79,-0.55,0.04,-622.75,-0.00,-0.00,-0.00,0.00,-0.00,-0.00,18.00
35601.00,-119.42,-17.66,0.16,0.43,0.07,-3.85,-0.55,0.04,-201.90,-0.00,-0.00,-0.00,-0.01,0.00,-0.00,10.00
35611.00,-119.42,-17.66,0.20,0.43,0.07,3.79,-0.55,0.04,763.98,-0.00,-0.00,-0.00,-0.01,0.00,0.00,10.00
35621.00,-119.42,-17.66,0.28,0.43,0.07,7.89,-0.55,0.04,410.37,-0.00,-0.00,-0.00,0.00,0.00,0.00,10.00
35631.00,-119.42,-17.66,0.17,0.43,0.07,-10.79,-0.55,0.04,-1868.54,-0.00,-0.00,-0.00,0.01,0.00,0.00,10.00
35641.00,-119.42,-17.66,0.27,0.43,0.07,9.51,-0.55,0.04,2030.12,-0.00,-0.00,-0.00,0.01,-0.00,0.00,10.00
35651.00,-119.34,-17.65,0.30,0.43,0.08,3.14,0.04,0.01,-637.02,-0.00,-0.00,-0.00,0.01,-0.00,0.00,10.00
35661.00,-119.34,-17.65,0.27,0.43,0.08,-2.35,0.04,0.01,-548.53,-0.00,-0.00,-0.00,0.00,-0.00,-0.00,10.00
35671.00,-119.34,-17.65,0.30,0.43,0.08,2.36,0.04,0.01,471.30,-0.00,-0.00,-0.00,-0.00,-0.00,-0.01,10.00
35681.00,-119.34,-17.65,0.29,0.43,0.08,-0.62,0.04,0.01,-298.81,-0.00,-0.00,-0.00,0.00,-0.00,-0.01,17.00
35698.00,-119.34,-17.65,0.34,0.43,0.08,2.77,0.04,0.01,199.48,-0.00,-0.00,-0.00,0.00,0.00,-0.00,10.00
35713.00,-119.34,-17.65,0.35,0.43,0.08,0.47,0.04,0.01,-153.02,-0.00,-0.00,-0.00,-0.00,-0.00,0.00,10.00
35723.00,-119.34,-17.65,0.40,0.43,0.08,5.75,0.04,0.01,528.11,-0.00,-0.00,-0.00,-0.00,-0.01,0.01,10.00
35733.00,-119.34,-17.65,0.34,0.43,0.08,-5.81,0.04,0.01,-1156.72,-0.00,-0.00,-0.00,0.01,-0.01,0.00,10.00
35743.00,-119.34,-17.65,0.22,0.43,0.08,-12.36,0.04,0.01,-654.40,-0.00,-0.00,-0.00,0.01,-0.00,0.00,10.00
35753.00,-119.34,-17.65,0.18,0.43,0.08,-3.69,0.04,0.01,866.59,-0.00,-0.00,-0.00,0.01,-0.00,0.00,10.00
35763.00,-119.34,-17.65,0.37,0.43,0.08,18.68,0.04,0.01,2237.40,-0.00,-0.00,-0.00,-0.00,-0.00,-0.00,10.00
35773.00,-119.34,-17.65,0.34,0.43,0.08,-3.15,0.04,0.01,-2183.49,-0.00,-0.00,-0.00,-0.01,0.00,-0.00,10.00
35783.00,-119.34,-17.65,0.31,0.43,0.08,-3.25,0.04,0.01,-9.51,-0.00,-0.00,-0.00,-0.00,0.01,-0.01,10.00
35793.00,-119.34,-17.65,0.22,0.43,0.08,-8.38,0.04,0.01,-512.79,-0.00,-0.00,-0.00,0.01,0.01,-0.00,16.00
35809.00,-119.34,-17.65,0.25,0.43,0.08,1.46,0.04,0.01,614.69,-0.00,-0.00,-0.00,0.01,0.01,-0.00,10.00
35824.00,-119.34,-17.65,0.23,0.43,0.08,-1.00,0.04,0.01,-163.61,-0.00,-0.00,-0.00,-0.01,-0.00,0.00,10.00
35834.00,-119.34,-17.65,0.26,0.43,0.08,2.66,0.04,0.01,365.64,-0.00,-0.00,-0.00,-0.00,-0.00,0.00,10.00
35844.00,-119.34,-17.65,0.19,0.43,0.08,-6.81,0.04,0.01,-946.67,-0.00,-0.00,-0.00,0.01,0.00,0.00,10.00
35854.00,-119.26,-17.64,0.29,0.38,0.04,9.79,-0.25,-0.16,1659.77,-0.00,-0.00,-0.00,0.01,0.01,-0.00,10.00
35864.00,-119.26,-17.64,0.21,0.38,0.04,-7.33,-0.25,-0.16,-1712.15,-0.00,-0.00,-0.00,0.00,-0.00,-0.00,10.00
35874.00,-119.26,-17.64,0.28,0.38,0.04,6.49,-0.25,-0.16,1382.24,-0.00,-0.00,-0.00,-0.01,0.00,-0.00,10.00
35884.00,-119.26,-17.64,0.30,0.38,0.04,1.70,-0.25,-0.16,-479.74,-0.00,-0.00,-0.00,-0.01,0.00,-0.00,10.00
35894.00,-119.26,-17.64,0.30,0.38,0.04,0.46,-0.25,-0.16,-123.70,-0.00,-0.00,-0.00,0.00,0.00,-0.00,16.00
35910.00,-119.26,-17.64,0.39,0.38,0.04,5.84,-0.25,-0.16,336.43,-0.00,-0.00,-0.00,0.01,0.00,-0.00,10.00
35920.00,-119.26,-17.64,0.27,0.38,0.04,-12.46,-0.25,-0.16,-1829.94,-0.00,-0.00,-0.00,0.00,-0.00,0.00,10.00
35935.00,-119.26,-17.64,0.35,0.38,0.04,5.04,-0.25,-0.16,1166.68,-0.00,-0.00,-0.00,-0.00,-0.01,0.00,10.00
35945.00,-119.26,-17.64,0.23,0.38,0.04,-11.11,-0.25,-0.16,-1614.87,-0.00,-0.00,-0.00,0.00,-0.00,0.00,10.00
35955.00,-119.26,-17.64,0.32,0.38,0.04,8.37,-0.25,-0.16,1947.54,-0.00,-0.00,-0.00,0.00,0.00,-0.00,10.00
35965.00,-119.26,-17.64,0.29,0.38,0.04,-2.57,-0.25,-0.16,-1093.96,-0.00,-0.00,-0.00,0.00,0.00,-0.00,10.00
35975.00,-119.26,-17.64,0.34,0.38,0.04,4.22,-0.25,-0.16,679.22,-0.00,-0.00,-0.00,-0.00,0.00,-0.00,10.00
35985.00,-119.26,-17.64,0.36,0.38,0.04,2.12,-0.25,-0.16,-210.26,-0.00,-0.00,-0.00,-0.01,0.00,-0.00,10.00
35995.00,-119.26,-17.64,0.42,0.38,0.04,6.78,-0.25,-0.16,466.43,-0.00,-0.00,-0.00,-0.01,0.00,0.00,15.00
36010.00,-119.26,-17.64,0.37,0.38,0.04,-3.31,-0.25,-0.16,-672.59,-0.00,-0.00,-0.00,0.00,-0.00,0.00,10.00
36020.00,-119.26,-17.64,0.37,0.38,0.04,-0.78,-0.25,-0.16,252.22,-0.00,-0.00,-0.00,0.01,-0.00,-0.00,10.00
36030.00,-119.26,-17.64,0.45,0.38,0.04,8.06,-0.25,-0.16,884.44,-0.00,-0.00,-0.00,0.00,0.00,-0.00,10.00
36045.00,-119.26,-17.64,0.41,0.38,0.04,-2.65,-0.25,-0.16,-714.29,-0.00,-0.00,-0.00,-0.00,-0.00,0.00,10.00
36055.00,-119.18,-17.63,0.46,0.39,0.04,5.24,0.02,0.00,788.82,-0.00,-0.00,-0.00,-0.01,-0.00,-0.00,10.00
36065.00,-119.18,-17.63,0.35,0.39,0.04,-10.95,0.02,0.00,-1618.29,-0.00,-0.00,-0.00,0.00,0.00,-0.01,10.00
36075.00,-119.18,-17.63,0.39,0.39,0.04,3.68,0.02,0.00,1462.27,-0.00,-0.00,-0.00,0.00,0.00,-0.01,10.00
36085.00,-119.18,-17.63,0.43,0.39,0.04,3.92,0.02,0.00,24.72,-0.00,-0.00,-0.00,0.00,0.00,-0.00,16.00
36101.00,-119.18,-17.63,0.36,0.39,0.04,-3.84,0.02,0.00,-485.07,-0.00,-0.00,-0.00,0.00,-0.01,0.00,10.00
36111.00,-119.18,-17.63,0.45,0.39,0.04,8.73,0.02,0.00,1256.72,-0.00,-0.00,-0.00,0.00,0.00,0.00,10.00
36121.00,-119.18,-17.63,0.30,0.39,0.04,-14.85,0.02,0.00,-2357.36,-0.00,-0.00,-0.00,0.00,-0.00,0.00,10.00
36131.00,-119.18,-17.63,0.35,0.39,0.04,4.91,0.02,0.00,1975.79,-0.00,-0.00,-0.00,-0.00,-0.00,0.00,10.00
36141.00,-119.18,-17.63,0.30,0.39,0.04,-5.58,0.02,0.00,-1049.12,-0.00,-0.00,-0.00,-0.00,-0.00,-0.00,10.00
36161.00,-119.18,-17.63,0.38,0.39,0.04,4.10,0.02,0.00,483.71,-0.00,-0.00,-0.00,-0.00,0.01,-0.01,10.00
36171.00,-119.18,-17.63,0.35,0.39,0.04,-2.91,0.02,0.00,-700.11,-0.00,-0.00,-0.00,-0.01,0.00,-0.00,10.00
36181.00,-119.18,-17.63,0.40,0.39,0.04,4.68,0.02,0.00,758.97,-0.00,-0.00,-0.00,-0.01,-0.00,-0.00,18.00
36199.00,-119.18,-17.63,0.37,0.39,0.04,-1.40,0.02,0.00,-337.86,-0.00,-0.00,-0.00,0.01,0.00,0.00,10.00
36209.00,-119.18,-17.63,0.29,0.39,0.04,-8.63,0.02,0.00,-722.98,-0.00,-0.00,-0.00,0.01,0.00,0.00,10.00
36219.00,-119.18,-17.63,0.35,0.39,0.04,6.55,0.02,0.00,1517.71,-0.00,-0.00,-0.00,-0.00,-0.00,-0.00,10.00
36229.00,-119.18,-17.63,0.38,0.39,0.04,2.69,0.02,0.00,-386.09,-0.00,-0.00,-0.00,-0.01,0.00,-0.00,10.00
36239.00,-119.18,-17.63,0.39,0.39,0.04,1.43,0.02,0.00,-125.85,-0.00,-0.00,-0.00,-0.01,0.00,-0.00,10.00
36249.00,-119.18,-17.63,0.48,0.39,0.04,8.87,0.02,0.00,743.81,-0.00,-0.00,-0.00,0.00,0.01,-0.00,10.00
36259.00,-119.10,-17.62,0.35,0.38,0.04,-12.97,-0.03,-0.00,-2183.60,-0.00,-0.00,-0.00,0.01,0.01,0.00,10.00
36283.00,-119.10,-17.62,0.37,0.38,0.04,0.84,-0.03,-0.00,575.12,-0.00,-0.00,-0.00,-0.00,-0.00,0.00,17.00
36300.00,-119.10,-17.62,0.44,0.38,0.04,4.00,-0.03,-0.00,186.23,-0.00,-0.00,-0.00,0.00,0.00,0.00,10.00
36310.00,-119.10,-17.62,0.40,0.38,0.04,-3.55,-0.03,-0.00,-755.53,-0.00,-0.00,-0.00,0.01,-0.00,0.00,10.00
36320.00,-119.10,-17.62,0.42,0.38,0.04,1.14,-0.03,-0.00,468.90,-0.00,-0.00,-0.00,0.00,0.00,-0.00,10.00
36330.00,-119.10,-17.62,0.44,0.38,0.04,2.31,-0.03,-0.00,117.25,-0.00,-0.00,-0.00,-0.00,0.00,-0.00,10.00
36340.00,-119.10,-17.62,0.33,0.38,0.04,-10.44,-0.03,-0.00,-1274.45,-0.00,-0.00,-0.00,-0.01,0.00,-0.00,10.00
36350.00,-119.10,-17.62,0.35,0.38,0.04,1.94,-0.03,-0.00,1237.55,-0.00,-0.00,-0.00,-0.00,0.00,-0.00,10.00
36360.00,-119.10,-17.62,0.35,0.38,0.04,-0.61,-0.03,-0.00,-254.49,-0.00,-0.00,-0.00,0.00,-0.00,-0.00,10.00
36370.00,-119.10,-17.62,0.25,0.38,0.04,-9.37,-0.03,-0.00,-876.62,-0.00,-0.00,-0.00,0.01,-0.00,0.00,10.00
36380.00,-119.10,-17.62,0.27,0.38,0.04,1.91,-0.03,-0.00,1128.41,-0.00,-0.00,-0.00,0.00,-0.00,0.00,19.00
36403.00,-119.10,-17.62,0.34,0.38,0.04,2.86,-0.03,-0.00,41.26,-0.00,-0.00,-0.00,0.00,0.00,-0.00,10.00
36413.00,-119.10,-17.62,0.29,0.38,0.04,-4.36,-0.03,-0.00,-722.43,-0.00,-0.00,-0.00,0.00,0.00,-0.00,10.00
36423.00,-119.10,-17.62,0.21,0.38,0.04,-8.39,-0.03,-0.00,-402.97,-0.00,-0.00,-0.00,0.00,0.01,-0.00,10.00
36433.00,-119.10,-17.62,0.31,0.38,0.04,10.27,-0.03,-0.00,1866.07,-0.00,-0.00,-0.00,-0.00,0.01,-0.00,10.00
36443.00,-119.10,-17.62,0.28,0.38,0.04,-2.90,-0.03,-0.00,-1316.59,-0.00,-0.00,-0.00,-0.00,-0.00,0.00,10.00
36453.00,-119.10,-17.62,0.25,0.38,0.04,-3.84,-0.03,-0.00,-94.19,-0.00,-0.00,-0.00,0.00,-0.00,0.00,10.00
36463.00,-119.05,-17.62,0.26,0.27,0.01,0.96,-0.53,-0.14,479.54,-0.00,-0.00,-0.00,0.01,-0.00,0.00,10.00
36473.00,-119.05,-17.62,0.26,0.27,0.01,0.42,-0.53,-0.14,-53.36,-0.00,-0.00,-0.00,0.00,0.00,0.00,10.00
36483.00,-119.05,-17.62,0.23,0.27,0.01,-2.54,-0.53,-0.14,-295.86,-0.00,-0.00,-0.00,-0.01,-0.00,0.00,17.00
36500.00,-119.05,-17.62,0.33,0.27,0.01,5.36,-0.53,-0.14,464.46,-0.00,-0.00,-0.00,-0.01,-0.00,-0.00,10.00
36514.00,-119.05,-17.62,0.33,0.27,0.01,0.60,-0.53,-0.14,-339.92,-0.00,-0.00,-0.00,0.01,0.00,-0.00,10.00
36524.00,-119.05,-17.62,0.35,0.27,0.01,1.76,-0.53,-0.14,116.11,-0.00,-0.00,-0.00,0.00,0.00,-0.00,10.00
36534.00,-119.05,-17.62,0.27,0.27,0.01,-7.88,-0.53,-0.14,-963.98,-0.00,-0.00,-0.00,-0.00,-0.00,0.00,10.00
36544.00,-119.05,-17.62,0.13,0.27,0.01,-13.97,-0.53,-0.14,-608.88,-0.00,-0.00,-0.00,-0.01,-0.00,0.00,10.00
36554.00,-119.05,-17.62,0.29,0.27,0.01,15.81,-0.53,-0.14,2977.95,-0.00,-0.00,-0.00,-0.00,-0.00,0.00,10.00
36564.00,-119.05,-17.62,0.28,0.27,0.01,-1.40,-0.53,-0.14,-1721.36,-0.00,-0.00,-0.00,0.01,0.00,-0.00,10.00
36574.00,-119.05,-17.62,0.27,0.27,0.01,-0.35,-0.53,-0.14,105.40,-0.00,-0.00,-0.00,0.01,0.00,-0.00,10.00
36584.00,-119.05,-17.62,0.24,0.27,0.01,-3.80,-0.53,-0.14,-345.02,-0.00,-0.00,-0.00,-0.00,0.00,-0.00,10.00
36594.00,-119.05,-17.62,0.22,0.27,0.01,-1.94,-0.53,-0.14,186.21,-0.00,-0.00,-0.00,-0.01,-0.00,-0.00,17.00
36611.00,-119.05,-17.62,0.17,0.27,0.01,-2.56,-0.53,-0.14,-36.99,-0.00,-0.00,-0.00,-0.00,0.00,-0.00,10.00
36626.00,-119.05,-17.62,0.34,0.27,0.01,11.26,-0.53,-0.14,921.87,-0.00,-0.00,-0.00,0.00,-0.00,0.00,10.00
36636.00,-119.05,-17.62,0.32,0.27,0.01,-2.58,-0.53,-0.14,-1384.05,-0.00,-0.00,-0.00,0.00,-0.00,0.00,10.00
36646.00,-119.05,-17.62,0.34,0.27,0.01,2.67,-0.53,-0.14,524.24,-0.00,-0.00,-0.00,-0.00,-0.00,0.00,10.00
36656.00,-119.05,-17.62,0.18,0.27,0.01,-16.05,-0.53,-0.14,-1871.50,-0.00,-0.00,-0.00,-0.00,-0.00,0.00,10.00
36666.00,-118.99,-17.61,0.24,0.27,0.01,5.65,0.01,0.00,2170.32,-0.00,-0.00,-0.00,0.01,0.00,0.00,10.00
36676.00,-118.99,-17.61,0.25,0.27,0.01,1.46,0.01,0.00,-419.12,-0.00,-0.00,-0.00,0.00,0.00,-0.00,10.00
36686.00,-118.99,-17.61,0.25,0.27,0.01,-0.15,0.01,0.00,-161.09,-0.00,-0.00,-0.00,0.00,-0.00,-0.00,16.00
36702.00,-118.99,-17.61,0.27,0.27,0.01,0.98,0.01,0.00,70.50,-0.00,-0.00,-0.00,-0.00,0.01,-0.00,10.00
36712.00,-118.99,-17.61,0.34,0.27,0.01,7.34,0.01,0.00,636.55,-0.00,-0.00,-0.00,-0.00,0.01,0.00,10.00
36722.00,-118.99,-17.61,0.32,0.27,0.01,-2.08,0.01,0.00,-942.38,-0.00,-0.00,-0.00,0.00,0.00,0.00,10.00
36737.00,-118.99,-17.61,0.28,0.27,0.01,-2.82,0.01,0.00,-49.33,-0.00,-0.00,-0.00,0.00,0.00,0.00,10.00
36747.00,-118.99,-17.61,0.25,0.27,0.01,-2.52,0.01,0.00,30.25,-0.00,-0.00,-0.00,0.00,0.00,-0.00,10.00
36757.00,-118.99,-17.61,0.17,0.27,0.01,-8.51,0.01,0.00,-599.05,-0.00,-0.00,-0.00,-0.00,0.00,0.00,10.00
36767.00,-118.99,-17.61,0.22,0.27,0.01,5.41,0.01,0.00,1392.20,-0.00,-0.00,-0.00,0.00,0.00,-0.00,10.00
36777.00,-118.99,-17.61,0.17,0.27,0.01,-5.11,0.01,0.00,-1052.46,-0.00,-0.00,-0.00,0.00,0.00,-0.00,10.00
36787.00,-118.99,-17.61,0.18,0.27,0.01,0.90,0.01,0.00,601.20,-0.00,-0.00,-0.00,-0.00,0.00,-0.00,16.00
36803.00,-118.99,-17.61,0.17,0.27,0.01,-0.79,0.01,0.00,-105.55,-0.00,-0.00,-0.00,0.00,0.00,0.00,10.00
36813.00,-118.99,-17.61,0.23,0.27,0.01,5.89,0.01,0.00,667.46,-0.00,-0.00,-0.00,0.00,0.00,-0.00,10.00
36823.00,-118.99,-17.61,0.24,0.27,0.01,1.74,0.01,0.00,-414.44,-0.00,-0.00,-0.00,0.00,0.00,-0.00,10.00
36833.00,-118.99,-17.61,0.30,0.27,0.01,5.73,0.01,0.00,398.35,-0.00,-0.00,-0.00,0.00,-0.00,-0.00,10.00
36848.00,-118.99,-17.61,0.21,0.27,0.01,-5.88,0.01,0.00,-773.90,-0.00,-0.00,-0.00,0.00,-0.00,-0.00,10.00
36858.00,-118.99,-17.61,0.30,0.27,0.01,9.24,0.01,0.00,1512.35,-0.00,-0.00,-0.00,0.00,0.00,-0.00,10.00
36868.00,-118.92,-17.60,0.24,0.33,0.05,-6.49,0.28,0.17,-1573.10,-0.00,-0.00,-0.00,0.00,0.00,-0.01,10.00
36878.00,-118.92,-17.60,0.15,0.33,0.05,-8.77,0.28,0.17,-228.14,-0.00,-0.00,-0.00,-0.01,-0.00,0.00,10.00
36888.00,-118.92,-17.60,0.21,0.33,0.05,5.89,0.28,0.17,1466.45,-0.00,-0.00,-0.00,-0.01,0.00,0.00,16.00
36904.00,-118.92,-17.60,0.26,0.33,0.05,3.10,0.28,0.17,-174.41,-0.00,-0.00,-0.00,-0.00,0.00,0.00,10.00
36914.00,-118.92,-17.60,0.35,0.33,0.05,8.74,0.28,0.17,563.69,-0.00,-0.00,-0.00,0.00,0.00,0.00,10.00
36924.00,-118.92,-17.60,0.31,0.33,0.05,-3.88,0.28,0.17,-1262.34,-0.00,-0.00,-0.00,0.00,0.00,0.00,10.00
36934.00,-118.92,-17.60,0.26,0.33,0.05,-5.29,0.28,0.17,-140.93,-0.00,-0.00,-0.00,-0.00,-0.00,0.00,10.00
36944.00,-118.92,-17.60,0.27,0.33,0.05,1.24,0.28,0.17,653.58,-0.00,-0.00,-0.00,-0.00,0.00,0.00,10.00
36959.00,-118.92,-17.60,0.38,0.33,0.05,7.65,0.28,0.17,426.77,-0.00,-0.00,-0.00,0.00,0.00,-0.00,10.00
36969.00,-118.92,-17.60,0.26,0.33,0.05,-12.22,0.28,0.17,-1986.55,-0.00,-0.00,-0.00,-0.00,0.00,-0.00,10.00
36979.00,-118.92,-17.60,0.35,0.33,0.05,9.19,0.28,0.17,2140.58,-0.00,-0.00,-0.00,-0.00,0.00,-0.00,10.00
36989.00,-118.92,-17.60,0.35,0.33,0.05,-0.68,0.28,0.17,-986.92,-0.00,-0.00,-0.00,-0.00,0.00,0.00,16.00
37005.00,-118.92,-17.60,0.33,0.33,0.05,-0.93,0.28,0.17,-15.35,-0.00,-0.00,-0.00,0.00,-0.00,-0.00,10.00
37015.00,-118.92,-17.60,0.30,0.33,0.05,-3.16,0.28,0.17,-222.87,-0.00,-0.00,-0.00,0.00,-0.00,-0.00,10.00
37025.00,-118.92,-17.60,0.28,0.33,0.05,-2.47,0.28,0.17,69.28,-0.00,-0.00,-0.00,0.00,-0.00,-0.00,10.00
37035.00,-118.92,-17.60,0.38,0.33,0.05,10.51,0.28,0.17,1297.92,-0.00,-0.00,-0.00,0.00,0.00,-0.00,10.00
37045.00,-118.92,-17.60,0.32,0.33,0.05,-5.58,0.28,0.17,-1609.35,-0.00,-0.00,-0.00,-0.00,0.01,-0.00,10.00
37055.00,-118.92,-17.60,0.29,0.33,0.05,-3.35,0.28,0.17,222.60,-0.00,-0.00,-0.00,-0.00,0.00,-0.00,10.00
37075.00,-118.88,-17.60,0.27,0.22,0.02,-0.84,-0.56,-0.14,125.82,-0.00,-0.00,-0.00,0.00,0.00,-0.00,10.00
37085.00,-118.88,-17.60,0.35,0.22,0.02,7.87,-0.56,-0.14,870.33,-0.00,-0.00,-0.00,0.00,0.00,-0.00,17.00
37102.00,-118.88,-17.60,0.32,0.22,0.02,-1.68,-0.56,-0.14,-561.56,-0.00,-0.00,-0.00,-0.00,-0.00,0.00,10.00
37112.00,-118.88,-17.60,0.26,0.22,0.02,-6.35,-0.56,-0.14,-466.92,-0.00,-0.00,-0.00,-0.00,0.00,0.00,10.00
37122.00,-118.88,-17.60,0.29,0.22,0.02,2.98,-0.56,-0.14,932.49,-0.00,-0.00,-0.00,-0.01,-0.01,0.00,10.00
37132.00,-118.88,-17.60,0.34,0.22,0.02,4.73,-0.56,-0.14,175.08,-0.00,-0.00,-0.00,0.00,0.00,-0.00,10.00
37142.00,-118.88,-17.60,0.32,0.22,0.02,-1.46,-0.56,-0.14,-618.93,-0.00,-0.00,-0.00,0.00,0.00,-0.00,10.00
37152.00,-118.88,-17.60,0.29,0.22,0.02,-2.91,-0.56,-0.14,-144.91,-0.00,-0.00,-0.00,0.00,0.00,-0.00,10.00
37162.00,-118.88,-17.60,0.35,0.22,0.02,5.61,-0.56,-0.14,851.86,-0.00,-0.00,-0.00,-0.00,0.00,0.00,10.00
37172.00,-118.88,-17.60,0.29,0.22,0.02,-5.99,-0.56,-0.14,-1159.39,-0.00,-0.00,-0.00,-0.00,0.00,-0.00,10.00
37187.00,-118.88,-17.60,0.43,0.22,0.02,9.30,-0.56,-0.14,1018.88,-0.00,-0.00,-0.00,0.01,-0.00,0.00,17.00
37204.00,-118.88,-17.60,0.31,0.22,0.02,-7.27,-0.56,-0.14,-974.60,-0.00,-0.00,-0.00,0.00,0.00,0.00,10.00
37214.00,-118.88,-17.60,0.26,0.22,0.02,-4.42,-0.56,-0.14,285.41,-0.00,-0.00,-0.00,-0.00,0.00,-0.00,10.00
37224.00,-118.88,-17.60,0.22,0.22,0.02,-4.02,-0.56,-0.14,40.07,-0.00,-0.00,-0.00,-0.00,0.00,-0.00,10.00
37234.00,-118.88,-17.60,0.32,0.22,0.02,9.76,-0.56,-0.14,1377.47,-0.00,-0.00,-0.00,0.00,0.00,-0.00,10.00
37244.00,-118.88,-17.60,0.34,0.22,0.02,1.75,-0.56,-0.14,-800.70,-0.00,-0.00,-0.00,0.00,0.00,-0.00,10.00
37254.00,-118.88,-17.60,0.26,0.22,0.02,-7.63,-0.56,-0.14,-938.21,-0.00,-0.00,-0.00,0.00,-0.00,-0.00,10.00
37264.00,-118.88,-17.60,0.23,0.22,0.02,-3.43,-0.56,-0.14,420.62,-0.00,-0.00,-0.00,-0.00,0.00,-0.00,10.00
37274.00,-118.88,-17.60,0.27,0.22,0.02,3.97,-0.56,-0.14,739.90,-0.00,-0.00,-0.00,-0.00,-0.00,-0.00,10.00
37284.00,-118.78,-17.58,0.33,0.48,0.07,6.00,1.26,0.24,202.45,-0.00,-0.00,-0.00,0.00,0.00,-0.00,18.00
37306.00,-118.78,-17.58,0.30,0.48,0.07,-1.03,1.26,0.24,-319.37,-0.00,-0.00,-0.00,-0.00,-0.00,0.00,10.00
37316.00,-118.78,-17.58,0.41,0.48,0.07,10.26,1.26,0.24,1128.78,-0.00,-0.00,-0.00,-0.00,0.00,0.00,10.00
37326.00,-118.78,-17.58,0.24,0.48,0.07,-16.66,1.26,0.24,-2692.31,-0.00,-0.00,-0.00,-0.00,0.00,0.00,10.00
37336.00,-118.78,-17.58,0.36,0.48,0.07,11.73,1.26,0.24,2838.96,-0.00,-0.00,-0.00,0.00,0.00,-0.00,10.00
37346.00,-118.78,-17.58,0.21,0.48,0.07,-14.31,1.26,0.24,-2603.16,-0.00,-0.00,-0.00,0.01,0.00,-0.00,10.00
37356.00,-118.78,-17.58,0.32,0.48,0.07,10.31,1.26,0.24,2461.74,-0.00,-0.00,-0.00,0.00,0.00,0.00,10.00
37366.00,-118.78,-17.58,0.35,0.48,0.07,3.39,1.26,0.24,-692.30,-0.00,-0.00,-0.00,0.00,-0.00,0.00,10.00
37376.00,-118.78,-17.58,0.32,0.48,0.07,-2.75,1.26,0.24,-613.42,-0.00,-0.00,-0.00,-0.00,0.00,0.00,10.00
37386.00,-118.78,-17.58,0.28,0.48,0.07,-4.48,1.26,0.24,-173.41,-0.00,-0.00,-0.00,-0.00,0.00,0.00,17.00
37403.00,-118.78,-17.58,0.26,0.48,0.07,-1.23,1.26,0.24,190.93,-0.00,-0.00,-0.00,0.00,-0.00,-0.00,10.00
37418.00,-118.78,-17.58,0.48,0.48,0.07,14.98,1.26,0.24,1080.63,-0.00,-0.00,-0.00,0.00,-0.00,-0.00,10.00
37428.00,-118.78,-17.58,0.42,0.48,0.07,-6.07,1.26,0.24,-2104.30,-0.00,-0.00,-0.00,-0.00,-0.00,0.00,10.00
37438.00,-118.78,-17.58,0.27,0.48,0.07,-14.81,1.26,0.24,-874.41,-0.00,-0.00,-0.00,0.00,-0.00,0.00,10.00
37448.00,-118.78,-17.58,0.30,0.48,0.07,2.47,1.26,0.24,1728.36,-0.00,-0.00,-0.00,0.00,-0.00,0.00,10.00
37458.00,-118.78,-17.58,0.23,0.48,0.07,-7.25,1.26,0.24,-972.00,-0.00,-0.00,-0.00,0.00,0.00,0.00,10.00
37468.00,-118.78,-17.58,0.31,0.48,0.07,8.78,1.26,0.24,1602.93,-0.00,-0.00,-0.00,0.00,0.00,0.00,10.00
37478.00,-118.78,-17.58,0.24,0.48,0.07,-7.62,1.26,0.24,-1639.69,-0.00,-0.00,-0.00,0.00,-0.00,0.00,10.00
37488.00,-118.72,-17.59,0.32,0.27,-0.02,8.20,-1.01,-0.45,1581.14,-0.00,-0.00,-0.00,-0.00,-0.00,0.00,16.00
37504.00,-118.72,-17.59,0.33,0.27,-0.02,0.91,-1.01,-0.45,-455.37,-0.00,-0.00,-0.00,-0.00,-0.01,-0.00,10.00
37514.00,-118.72,-17.59,0.27,0.27,-0.02,-6.84,-1.01,-0.45,-774.84,-0.00,-0.00,-0.00,0.00,-0.00,0.00,10.00
37528.00,-118.72,-17.59,0.31,0.27,-0.02,3.35,-1.01,-0.45,727.78,-0.00,-0.00,-0.00,-0.00,-0.00,0.00,10.00
37538.00,-118.72,-17.59,0.29,0.27,-0.02,-2.52,-1.01,-0.45,-586.70,-0.00,-0.00,-0.00,-0.00,0.00,0.00,10.00
37548.00,-118.72,-17.59,0.33,0.27,-0.02,4.38,-1.01,-0.45,690.00,-0.00,-0.00,-0.00,-0.00,0.00,0.00,10.00
37558.00,-118.72,-17.59,0.31,0.27,-0.02,-2.26,-1.01,-0.45,-664.31,-0.00,-0.00,-0.00,-0.00,0.00,0.00,10.00
37568.00,-118.72,-17.59,0.27,0.27,-0.02,-4.11,-1.01,-0.45,-184.58,-0.00,-0.00,-0.00,0.00,-0.00,0.00,10.00
37578.00,-118.72,-17.59,0.35,0.27,-0.02,8.08,-1.01,-0.45,1218.37,-0.00,-0.00,-0.00,0.00,-0.00,0.00,10.00
37588.00,-118.72,-17.59,0.22,0.27,-0.02,-12.65,-1.01,-0.45,-2072.81,-0.00,-0.00,-0.00,0.00,-0.00,-0.00,10.00
37598.00,-118.72,-17.59,0.24,0.27,-0.02,2.12,-1.01,-0.45,1476.75,-0.00,-0.00,-0.00,0.00,-0.00,0.00,16.00
37614.00,-118.72,-17.59,0.25,0.27,-0.02,0.60,-1.01,-0.45,-94.68,-0.00,-0.00,-0.00,0.00,0.00,0.00,10.00
37624.00,-118.72,-17.59,0.34,0.27,-0.02,8.60,-1.01,-0.45,799.80,-0.00,-0.00,-0.00,-0.00,0.00,0.01,10.00
37639.00,-118.72,-17.59,0.32,0.27,-0.02,-1.20,-1.01,-0.45,-653.42,-0.00,-0.00,-0.00,0.00,0.01,0.00,10.00
37649.00,-118.72,-17.59,0.26,0.27,-0.02,-5.75,-1.01,-0.45,-455.34,-0.00,-0.00,-0.00,0.00,0.00,-0.00,10.00
37659.00,-118.72,-17.59,0.28,0.27,-0.02,1.29,-1.01,-0.45,703.98,-0.00,-0.00,-0.00,0.00,0.00,-0.00,10.00
37669.00,-118.72,-17.59,0.36,0.27,-0.02,8.35,-1.01,-0.45,706.79,-0.00,-0.00,-0.00,0.00,-0.01,-0.00,10.00
37679.00,-118.72,-17.59,0.28,0.27,-0.02,-8.37,-1.01,-0.45,-1671.97,-0.00,-0.00,-0.00,-0.00,0.00,0.00,10.00
37689.00,-118.67,-17.58,0.24,0.28,0.05,-3.94,0.02,0.38,442.23,-0.00,-0.00,-0.00,0.00,0.00,0.00,16.00
37705.00,-118.67,-17.58,0.24,0.28,0.05,-0.01,0.02,0.38,246.16,-0.00,-0.00,-0.00,0.00,0.00,0.00,10.00
37715.00,-118.67,-17.58,0.33,0.28,0.05,9.47,0.02,0.38,947.65,-0.00,-0.00,-0.00,-0.00,0.00,0.00,10.00
37725.00,-118.67,-17.58,0.25,0.28,0.05,-7.89,0.02,0.38,-1736.19,-0.00,-0.00,-0.00,-0.00,0.00,0.00,10.00
37735.00,-118.67,-17.58,0.29,0.28,0.05,4.09,0.02,0.38,1197.84,-0.00,-0.00,-0.00,-0.00,-0.00,0.00,10.00
37749.00,-118.67,-17.58,0.25,0.28,0.05,-2.83,0.02,0.38,-494.43,-0.00,-0.00,-0.00,0.00,0.00,-0.00,10.00
37759.00,-118.67,-17.58,0.38,0.28,0.05,12.43,0.02,0.38,1526.62,-0.00,-0.00,-0.00,0.00,-0.00,-0.00,10.00
37769.00,-118.67,-17.58,0.32,0.28,0.05,-5.65,0.02,0.38,-1808.68,-0.00,-0.00,-0.00,-0.00,-0.00,0.00,10.00
37779.00,-118.67,-17.58,0.32,0.28,0.05,-0.14,0.02,0.38,551.47,-0.00,-0.00,-0.00,-0.01,0.00,0.00,10.00
37789.00,-118.67,-17.58,0.28,0.28,0.05,-4.37,0.02,0.38,-422.66,-0.00,-0.00,-0.00,-0.01,0.00,0.00,16.00
37805.00,-118.67,-17.58,0.36,0.28,0.05,5.25,0.02,0.38,601.23,-0.00,-0.00,-0.00,0.00,0.00,0.00,10.00
37815.00,-118.67,-17.58,0.23,0.28,0.05,-13.21,0.02,0.38,-1846.19,-0.00,-0.00,-0.00,0.00,0.00,-0.00,10.00
37825.00,-118.67,-17.58,0.29,0.28,0.05,5.88,0.02,0.38,1909.29,-0.00,-0.00,-0.00,0.00,-0.01,0.00,10.00
37835.00,-118.67,-17.58,0.24,0.28,0.05,-4.54,0.02,0.38,-1041.97,-0.00,-0.00,-0.00,-0.00,-0.00,-0.00,10.00
37845.00,-118.67,-17.58,0.22,0.28,0.05,-2.09,0.02,0.38,244.90,-0.00,-0.00,-0.00,-0.00,-0.00,-0.00,10.00
37859.00,-118.67,-17.58,0.19,0.28,0.05,-1.92,0.02,0.38,12.05,-0.00,-0.00,-0.00,0.00,0.00,0.00,10.00
37869.00,-118.67,-17.58,0.25,0.28,0.05,5.37,0.02,0.38,729.12,-0.00,-0.00,-0.00,0.00,0.00,-0.00,10.00
37879.00,-118.67,-17.58,0.25,0.28,0.05,0.49,0.02,0.38,-488.85,-0.00,-0.00,-0.00,-0.00,0.00,0.00,10.00
37889.00,-118.64,-17.58,0.22,0.11,-0.01,-3.58,-0.83,-0.31,-406.34,-0.00,-0.00,-0.00,-0.00,0.00,0.00,10.00
37899.00,-118.64,-17.58,0.29,0.11,-0.01,7.09,-0.83,-0.31,1066.95,-0.00,-0.00,-0.00,0.00,0.00,-0.00,16.00
37915.00,-118.64,-17.58,0.26,0.11,-0.01,-1.98,-0.83,-0.31,-567.05,-0.00,-0.00,-0.00,0.01,0.00,-0.00,10.00
37925.00,-118.64,-17.58,0.31,0.11,-0.01,5.30,-0.83,-0.31,728.48,-0.00,-0.00,-0.00,0.00,0.00,-0.00,10.00
37935.00,-118.64,-17.58,0.12,0.11,-0.01,-18.51,-0.83,-0.31,-2381.22,-0.00,-0.00,-0.00,-0.00,-0.00,0.00,10.00
37945.00,-118.64,-17.58,0.20,0.11,-0.01,7.69,-0.83,-0.31,2620.37,-0.00,-0.00,-0.00,-0.01,0.00,-0.00,10.00
37955.00,-118.64,-17.58,0.21,0.11,-0.01,1.24,-0.83,-0.31,-645.39,-0.00,-0.00,-0.00,-0.00,0.00,0.00,10.00
37975.00,-118.64,-17.58,0.18,0.11,-0.01,-1.39,-0.83,-0.31,-131.57,-0.00,-0.00,-0.00,0.00,0.00,0.00,10.00
37985.00,-118.64,-17.58,0.23,0.11,-0.01,4.50,-0.83,-0.31,589.24,-0.00,-0.00,-0.00,-0.00,-0.00,0.00,19.00
38004.00,-118.64,-17.58,0.15,0.11,-0.01,-4.14,-0.83,-0.31,-454.68,-0.00,-0.00,-0.00,-0.00,-0.00,0.00,10.00
38014.00,-118.64,-17.58,0.20,0.11,-0.01,5.23,-0.83,-0.31,937.12,-0.00,-0.00,-0.00,0.00,-0.00,-0.00,10.00
38024.00,-118.64,-17.58,0.22,0.11,-0.01,1.99,-0.83,-0.31,-324.14,-0.00,-0.00,-0.00,0.00,-0.01,0.00,10.00
38034.00,-118.64,-17.58,0.17,0.11,-0.01,-4.99,-0.83,-0.31,-698.46,-0.00,-0.00,-0.00,0.00,-0.00,0.00,10.00
38044.00,-118.64,-17.58,0.30,0.11,-0.01,12.26,-0.83,-0.31,1724.92,-0.00,-0.00,-0.00,-0.00,0.00,0.00,10.00
38054.00,-118.64,-17.58,0.30,0.11,-0.01,0.47,-0.83,-0.31,-1178.45,-0.00,-0.00,-0.00,-0.00,-0.00,0.00,10.00
38064.00,-118.64,-17.58,0.25,0.11,-0.01,-5.03,-0.83,-0.31,-549.83,-0.00,-0.00,-0.00,-0.00,-0.00,0.00,10.00
38074.00,-118.64,-17.58,0.20,0.11,-0.01,-5.25,-0.83,-0.31,-22.48,-0.00,-0.00,-0.00,0.00,-0.00,-0.00,10.00
38088.00,-118.64,-17.58,0.25,0.11,-0.01,3.73,-0.83,-0.31,641.20,-0.00,-0.00,-0.00,0.00,-0.00,0.00,18.00
38106.00,-118.57,-17.57,0.18,0.36,0.04,-3.86,1.14,0.23,-421.50,-0.00,-0.00,-0.00,-0.00,0.00,-0.00,10.00
38116.00,-118.57,-17.57,0.16,0.36,0.04,-1.61,1.14,0.23,224.80,-0.00,-0.00,-0.00,-0.01,0.00,0.00,10.00
38126.00,-118.57,-17.57,0.18,0.36,0.04,1.99,1.14,0.23,359.89,-0.00,-0.00,-0.00,-0.00,-0.00,0.00,10.00
38136.00,-118.57,-17.57,0.20,0.36,0.04,1.15,1.14,0.23,-83.83,-0.00,-0.00,-0.00,0.00,-0.00,-0.00,10.00
38146.00,-118.57,-17.57,0.43,0.36,0.04,23.51,1.14,0.23,2236.00,-0.00,-0.00,-0.00,-0.00,-0.01,0.00,10.00
38156.00,-118.57,-17.57,0.27,0.36,0.04,-16.04,1.14,0.23,-3955.15,-0.00,-0.00,-0.00,0.00,-0.01,0.00,10.00
38166.00,-118.57,-17.57,0.14,0.36,0.04,-13.21,1.14,0.23,283.13,-0.00,-0.00,-0.00,-0.00,-0.01,-0.00,10.00
38176.00,-118.57,-17.57,0.14,0.36,0.04,0.10,1.14,0.23,1331.07,-0.00,-0.00,-0.00,-0.00,-0.00,0.00,10.00
38186.00,-118.57,-17.57,0.19,0.36,0.04,5.12,1.14,0.23,501.99,-0.00,-0.00,-0.00,0.00,-0.01,0.00,19.00
38209.00,-118.57,-17.57,0.17,0.36,0.04,-1.04,1.14,0.23,-267.65,-0.00,-0.00,-0.00,-0.00,0.00,0.00,10.00
38219.00,-118.57,-17.57,0.18,0.36,0.04,0.85,1.14,0.23,188.53,-0.00,-0.00,-0.00,-0.00,-0.00,0.00,10.00
38229.00,-118.57,-17.57,0.20,0.36,0.04,2.90,1.14,0.23,205.23,-0.00,-0.00,-0.00,-0.00,-0.00,-0.00,10.00
38239.00,-118.57,-17.57,0.14,0.36,0.04,-6.92,1.14,0.23,-981.85,-0.00,-0.00,-0.00,0.00,-0.00,-0.00,10.00
38249.00,-118.57,-17.57,0.14,0.36,0.04,0.69,1.14,0.23,760.39,-0.00,-0.00,-0.00,0.00,-0.00,-0.00,10.00
38259.00,-118.57,-17.57,0.09,0.36,0.04,-4.71,1.14,0.23,-539.56,-0.00,-0.00,-0.00,0.00,-0.00,-0.00,10.00
38269.00,-118.57,-17.57,0.17,0.36,0.04,7.40,1.14,0.23,1211.05,-0.00,-0.00,-0.00,0.00,0.00,-0.00,10.00
38279.00,-118.57,-17.57,-0.01,0.36,0.04,-18.35,1.14,0.23,-2575.38,-0.00,-0.00,-0.00,-0.00,0.00,-0.00,17.00
38296.00,-118.57,-17.57,0.08,0.36,0.04,5.35,1.14,0.23,1394.58,-0.00,-0.00,-0.00,-0.01,-0.00,0.00,10.00
38306.00,-118.50,-17.56,0.13,0.33,0.05,5.67,-0.13,0.04,31.51,-0.00,-0.00,-0.00,-0.00,0.00,0.00,10.00
38321.00,-118.50,-17.56,0.08,0.33,0.05,-3.37,-0.13,0.04,-602.54,-0.00,-0.00,-0.00,0.00,-0.00,-0.00,10.00
38331.00,-118.50,-17.56,0.08,0.33,0.05,-0.19,-0.13,0.04,317.70,-0.00,-0.00,-0.00,-0.00,0.00,-0.00,10.00
38341.00,-118.50,-17.56,0.14,0.33,0.05,6.41,-0.13,0.04,659.74,-0.00,-0.00,-0.00,-0.00,-0.00,-0.00,10.00
38351.00,-118.50,-17.56,0.11,0.33,0.05,-3.29,-0.13,0.04,-969.29,-0.00,-0.00,-0.00,-0.00,-0.00,-0.00,10.00
38361.00,-118.50,-17.56,0.01,0.33,0.05,-10.03,-0.13,0.04,-673.96,-0.00,-0.00,-0.00,0.00,0.00,0.00,10.00
38371.00,-118.50,-17.56,0.16,0.33,0.05,14.87,-0.13,0.04,2489.73,-0.00,-0.00,-0.00,0.00,0.00,0.00,10.00
38381.00,-118.50,-17.56,0.13,0.33,0.05,-2.85,-0.13,0.04,-1771.73,-0.00,-0.00,-0.00,-0.00,0.00,0.00,10.00
38391.00,-118.50,-17.56,0.08,0.33,0.05,-4.98,-0.13,0.04,-213.42,-0.00,-0.00,-0.00,-0.00,-0.00,0.00,16.00
38407.00,-118.50,-17.56,0.04,0.33,0.05,-2.45,-0.13,0.04,158.42,-0.00,-0.00,-0.00,0.00,-0.01,-0.00,10.00
38417.00,-118.50,-17.56,0.12,0.33,0.05,7.59,-0.13,0.04,1003.89,-0.00,-0.00,-0.00,0.00,-0.00,-0.00,10.00
38432.00,-118.50,-17.56,0.14,0.33,0.05,1.17,-0.13,0.04,-428.41,-0.00,-0.00,-0.00,0.00,0.00,-0.00,10.00
38442.00,-118.50,-17.56,0.08,0.33,0.05,-5.56,-0.13,0.04,-673.16,-0.00,-0.00,-0.00,-0.00,0.00,0.00,10.00
38452.00,-118.50,-17.56,0.09,0.33,0.05,1.19,-0.13,0.04,675.44,-0.00,-0.00,-0.00,-0.00,0.00,0.00,10.00
38462.00,-118.50,-17.56,0.11,0.33,0.05,1.29,-0.13,0.04,9.55,-0.00,-0.00,-0.00,-0.00,0.00,-0.00,10.00
38472.00,-118.50,-17.56,0.09,0.33,0.05,-1.90,-0.13,0.04,-318.82,-0.00,-0.00,-0.00,-0.00,0.00,-0.00,10.00
38482.00,-118.50,-17.56,0.08,0.33,0.05,-0.96,-0.13,0.04,94.69,-0.00,-0.00,-0.00,0.00,0.00,0.00,16.00
38498.00,-118.50,-17.56,0.10,0.33,0.05,1.74,-0.13,0.04,168.38,-0.00,-0.00,-0.00,-0.00,0.00,-0.00,10.00
38508.00,-118.44,-17.56,0.10,0.28,0.02,-0.53,-0.29,-0.17,-226.86,-0.00,-0.00,-0.00,-0.00,0.00,-0.00,10.00
38518.00,-118.44,-17.56,0.13,0.28,0.02,3.21,-0.29,-0.17,374.24,-0.00,-0.00,-0.00,0.00,-0.00,-0.00,10.00
38528.00,-118.44,-17.56,0.08,0.28,0.02,-5.16,-0.29,-0.17,-836.91,-0.00,-0.00,-0.00,-0.00,-0.00,-0.00,10.00
38543.00,-118.44,-17.56,-0.06,0.28,0.02,-9.07,-0.29,-0.17,-260.75,-0.00,-0.00,-0.00,-0.00,0.00,0.00,10.00
38553.00,-118.44,-17.56,0.13,0.28,0.02,18.15,-0.29,-0.17,2721.42,-0.00,-0.00,-0.00,-0.01,0.01,0.00,10.00
38563.00,-118.44,-17.56,0.09,0.28,0.02,-3.78,-0.29,-0.17,-2192.71,-0.00,-0.00,-0.00,-0.00,0.00,0.00,10.00
38573.00,-118.44,-17.56,0.14,0.28,0.02,5.73,-0.29,-0.17,951.27,-0.00,-0.00,-0.00,0.00,0.00,-0.00,10.00
38583.00,-118.44,-17.56,0.08,0.28,0.02,-6.68,-0.29,-0.17,-1240.69,-0.00,-0.00,-0.00,0.00,0.00,-0.00,10.00
38593.00,-118.44,-17.56,0.03,0.28,0.02,-5.00,-0.29,-0.17,167.41,-0.00,-0.00,-0.00,0.00,0.00,-0.00,16.00
38609.00,-118.44,-17.56,0.03,0.28,0.02,0.19,-0.29,-0.17,324.30,-0.00,-0.00,-0.00,-0.00,0.00,-0.00,10.00
38619.00,-118.44,-17.56,0.12,0.28,0.02,9.27,-0.29,-0.17,908.69,-0.00,-0.00,-0.00,-0.01,0.00,0.00,10.00
38629.00,-118.44,-17.56,0.13,0.28,0.02,0.47,-0.29,-0.17,-880.74,-0.00,-0.00,-0.00,-0.00,-0.00,0.00,10.00
38639.00,-118.44,-17.56,0.05,0.28,0.02,-7.87,-0.29,-0.17,-833.77,-0.00,-0.00,-0.00,0.00,0.00,-0.00,10.00
38653.00,-118.44,-17.56,0.13,0.28,0.02,5.77,-0.29,-0.17,974.65,-0.00,-0.00,-0.00,-0.00,0.00,-0.01,10.00
38663.00,-118.44,-17.56,0.13,0.28,0.02,0.20,-0.29,-0.17,-557.02,-0.00,-0.00,-0.00,-0.00,-0.00,-0.00,10.00
38673.00,-118.44,-17.56,0.06,0.28,0.02,-7.37,-0.29,-0.17,-757.29,-0.00,-0.00,-0.00,-0.00,-0.00,-0.00,10.00
38683.00,-118.44,-17.56,0.06,0.28,0.02,-0.04,-0.29,-0.17,732.40,-0.00,-0.00,-0.00,0.00,0.00,0.00,10.00
38693.00,-118.44,-17.56,0.12,0.28,0.02,6.39,-0.29,-0.17,643.04,-0.00,-0.00,-0.00,0.00,0.00,0.00,15.00
38708.00,-118.39,-17.55,0.07,0.28,0.05,-3.61,0.01,0.19,-666.07,-0.00,-0.00,-0.00,0.00,0.00,0.00,10.00
38718.00,-118.39,-17.55,0.11,0.28,0.05,4.18,0.01,0.19,778.18,-0.00,-0.00,-0.00,-0.00,0.00,0.00,10.00
38728.00,-118.39,-17.55,0.10,0.28,0.05,-1.14,0.01,0.19,-531.47,-0.00,-0.00,-0.00,-0.00,0.00,-0.01,10.00
38738.00,-118.39,-17.55,0.10,0.28,0.05,0.41,0.01,0.19,154.60,-0.00,-0.00,-0.00,-0.00,0.00,-0.00,10.00
38748.00,-118.39,-17.55,0.15,0.28,0.05,4.75,0.01,0.19,434.45,-0.00,-0.00,-0.00,-0.00,0.00,-0.00,10.00
38763.00,-118.39,-17.55,0.00,0.28,0.05,-9.99,0.01,0.19,-982.92,-0.00,-0.00,-0.00,0.00,-0.00,0.00,10.00
38773.00,-118.39,-17.55,0.12,0.28,0.05,12.07,0.01,0.19,2206.37,-0.00,-0.00,-0.00,0.00,-0.00,0.00,10.00
38783.00,-118.39,-17.55,0.11,0.28,0.05,-1.01,0.01,0.19,-1308.48,-0.00,-0.00,-0.00,0.00,-0.00,0.01,10.00
38793.00,-118.39,-17.55,0.09,0.28,0.05,-2.15,0.01,0.19,-113.51,-0.00,-0.00,-0.00,0.00,-0.00,0.00,16.00
38809.00,-118.39,-17.55,-0.02,0.28,0.05,-7.06,0.01,0.19,-306.90,-0.00,-0.00,-0.00,-0.00,0.00,0.00,10.00
38819.00,-118.39,-17.55,0.14,0.28,0.05,16.79,0.01,0.19,2385.30,-0.00,-0.00,-0.00,-0.00,-0.00,-0.00,10.00
38829.00,-118.39,-17.55,0.11,0.28,0.05,-3.26,0.01,0.19,-2005.50,-0.00,-0.00,-0.00,0.00,-0.00,-0.00,10.00
38839.00,-118.39,-17.55,0.06,0.28,0.05,-5.41,0.01,0.19,-214.80,-0.00,-0.00,-0.00,0.00,0.00,0.00,10.00
38849.00,-118.39,-17.55,0.03,0.28,0.05,-2.71,0.01,0.19,269.93,-0.00,-0.00,-0.00,0.00,-0.00,-0.00,10.00
38859.00,-118.39,-17.55,0.16,0.28,0.05,12.59,0.01,0.19,1529.96,-0.00,-0.00,-0.00,0.00,0.00,-0.00,10.00
38878.00,-118.39,-17.55,0.17,0.28,0.05,0.47,0.01,0.19,-638.01,-0.00,-0.00,-0.00,0.00,0.00,0.00,10.00
38888.00,-118.39,-17.55,0.13,0.28,0.05,-3.44,0.01,0.19,-390.55,-0.00,-0.00,-0.00,0.00,0.00,0.00,18.00
38906.00,-118.39,-17.55,0.23,0.28,0.05,5.50,0.01,0.19,496.33,-0.00,-0.00,-0.00,0.00,0.00,-0.00,10.00
38916.00,-118.34,-17.54,0.15,0.21,0.02,-7.72,-0.31,-0.17,-1322.09,-0.00,-0.00,-0.00,0.00,0.01,-0.00,10.00
38926.00,-118.34,-17.54,0.11,0.21,0.02,-4.57,-0.31,-0.17,315.17,-0.00,-0.00,-0.00,-0.00,0.00,0.00,10.00
38936.00,-118.34,-17.54,0.15,0.21,0.02,3.92,-0.31,-0.17,849.12,-0.00,-0.00,-0.00,0.00,0.00,-0.00,10.00
38946.00,-118.34,-17.54,0.15,0.21,0.02,0.01,-0.31,-0.17,-390.68,-0.00,-0.00,-0.00,0.00,-0.00,0.00,10.00
38956.00,-118.34,-17.54,0.08,0.21,0.02,-6.40,-0.31,-0.17,-641.18,-0.00,-0.00,-0.00,0.00,-0.00,0.00,10.00
38966.00,-118.34,-17.54,0.07,0.21,0.02,-1.40,-0.31,-0.17,499.80,-0.00,-0.00,-0.00,0.00,-0.01,0.00,10.00
38976.00,-118.34,-17.54,0.09,0.21,0.02,2.23,-0.31,-0.17,363.65,-0.00,-0.00,-0.00,0.00,-0.00,0.00,10.00
38991.00,-118.34,-17.54,0.09,0.21,0.02,-0.24,-0.31,-0.17,-164.68,-0.00,-0.00,-0.00,0.00,-0.00,0.00,18.00
39009.00,-118.34,-17.54,-0.00,0.21,0.02,-5.02,-0.31,-0.17,-265.54,-0.00,-0.00,-0.00,-0.00,0.00,0.00,10.00
39019.00,-118.34,-17.54,-0.02,0.21,0.02,-2.09,-0.31,-0.17,292.04,-0.00,-0.00,-0.00,0.00,0.00,0.00,10.00
39029.00,-118.34,-17.54,-0.02,0.21,0.02,-0.09,-0.31,-0.17,200.57,-0.00,-0.00,-0.00,0.00,0.00,0.00,10.00
39039.00,-118.34,-17.54,0.06,0.21,0.02,8.62,-0.31,-0.17,870.89,-0.00,-0.00,-0.00,0.00,0.00,0.00,10.00
39049.00,-118.34,-17.54,0.10,0.21,0.02,3.77,-0.31,-0.17,-484.78,-0.00,-0.00,-0.00,0.00,0.00,-0.00,10.00
39059.00,-118.34,-17.54,0.21,0.21,0.02,11.21,-0.31,-0.17,743.34,-0.00,-0.00,-0.00,0.00,0.00,-0.00,10.00
39069.00,-118.34,-17.54,0.18,0.21,0.02,-2.80,-0.31,-0.17,-1400.63,-0.00,-0.00,-0.00,-0.00,-0.00,-0.00,10.00
39079.00,-118.34,-17.54,0.16,0.21,0.02,-2.38,-0.31,-0.17,41.88,-0.00,-0.00,-0.00,0.00,-0.00,-0.00,18.00
39097.00,-118.34,-17.54,0.06,0.21,0.02,-5.35,-0.31,-0.17,-164.68,-0.00,-0.00,-0.00,0.00,-0.00,-0.00,10.00
39112.00,-118.34,-17.54,0.20,0.21,0.02,8.84,-0.31,-0.17,945.68,-0.00,-0.00,-0.00,0.00,-0.00,0.00,10.00
39122.00,-118.30,-17.54,0.12,0.22,0.02,-7.28,0.01,0.00,-1612.30,-0.00,-0.00,-0.00,-0.00,-0.00,0.00,10.00
39132.00,-118.30,-17.54,-0.05,0.22,0.02,-17.08,0.01,0.00,-979.67,-0.00,-0.00,-0.00,-0.00,0.00,0.00,10.00
39142.00,-118.30,-17.54,0.18,0.22,0.02,23.28,0.01,0.00,4036.17,-0.00,-0.00,-0.00,-0.00,0.00,0.00,10.00
39152.00,-118.30,-17.54,0.15,0.22,0.02,-3.59,0.01,0.00,-2687.41,-0.00,-0.00,-0.00,-0.00,0.00,0.00,10.00
39162.00,-118.30,-17.54,0.11,0.22,0.02,-4.37,0.01,0.00,-78.08,-0.00,-0.00,-0.00,-0.00,0.00,-0.00,10.00
39172.00,-118.30,-17.54,0.16,0.22,0.02,5.22,0.01,0.00,959.05,-0.00,-0.00,-0.00,-0.00,0.00,-0.00,10.00
39182.00,-118.30,-17.54,0.06,0.22,0.02,-9.47,0.01,0.00,-1469.03,-0.00,-0.00,-0.00,-0.00,-0.00,-0.00,17.00
39199.00,-118.30,-17.54,0.07,0.22,0.02,0.44,0.01,0.00,583.33,-0.00,-0.00,-0.00,0.01,-0.00,0.00,10.00
39209.00,-118.30,-17.54,0.14,0.22,0.02,7.26,0.01,0.00,682.18,-0.00,-0.00,-0.00,0.01,-0.00,0.00,10.00
39224.00,-118.30,-17.54,0.13,0.22,0.02,-0.93,0.01,0.00,-546.48,-0.00,-0.00,-0.00,-0.00,0.00,0.00,10.00
39234.00,-118.30,-17.54,0.10,0.22,0.02,-2.92,0.01,0.00,-198.77,-0.00,-0.00,-0.00,-0.00,0.00,0.00,10.00
39244.00,-118.30,-17.54,0.10,0.22,0.02,-0.26,0.01,0.00,265.85,-0.00,-0.00,-0.00,-0.00,0.00,-0.00,10.00
39254.00,-118.30,-17.54,0.13,0.22,0.02,3.63,0.01,0.00,388.82,-0.00,-0.00,-0.00,0.00,0.00,-0.00,10.00
39264.00,-118.30,-17.54,0.22,0.22,0.02,8.98,0.01,0.00,535.33,-0.00,-0.00,-0.00,0.00,-0.00,-0.00,10.00
39274.00,-118.30,-17.54,0.15,0.22,0.02,-7.62,0.01,0.00,-1660.23,-0.00,-0.00,-0.00,-0.00,-0.01,0.00,10.00
39284.00,-118.30,-17.54,0.18,0.22,0.02,3.67,0.01,0.00,1129.33,-0.00,-0.00,-0.00,-0.00,-0.00,0.00,16.00
39300.00,-118.30,-17.54,0.21,0.22,0.02,1.71,0.01,0.00,-122.68,-0.00,-0.00,-0.00,0.00,-0.00,0.00,10.00
39310.00,-118.30,-17.54,0.11,0.22,0.02,-9.74,0.01,0.00,-1145.15,-0.00,-0.00,-0.00,0.00,-0.00,0.00,10.00
39320.00,-118.30,-17.54,0.16,0.22,0.02,5.15,0.01,0.00,1489.71,-0.00,-0.00,-0.00,0.00,0.00,0.00,10.00
39335.00,-118.24,-17.54,0.13,0.26,0.01,-2.65,0.21,-0.02,-520.37,-0.00,-0.00,-0.00,-0.01,0.00,-0.00,10.00
39345.00,-118.24,-17.54,0.16,0.26,0.01,3.76,0.21,-0.02,641.45,-0.00,-0.00,-0.00,-0.00,0.00,-0.00,10.00
39355.00,-118.24,-17.54,0.17,0.26,0.01,0.26,0.21,-0.02,-349.78,-0.00,-0.00,-0.00,0.00,-0.00,-0.00,10.00
39365.00,-118.24,-17.54,0.04,0.26,0.01,-12.90,0.21,-0.02,-1316.86,-0.00,-0.00,-0.00,0.00,-0.00,0.00,10.00
39375.00,-118.24,-17.54,0.07,0.26,0.01,3.04,0.21,-0.02,1594.48,-0.00,-0.00,-0.00,0.00,-0.00,0.00,10.00
39385.00,-118.24,-17.54,0.23,0.26,0.01,16.73,0.21,-0.02,1368.94,-0.00,-0.00,-0.00,-0.00,-0.00,0.01,16.00
39401.00,-118.24,-17.54,0.18,0.26,0.01,-3.31,0.21,-0.02,-1252.55,-0.00,-0.00,-0.00,-0.00,0.00,0.00,10.00
39411.00,-118.24,-17.54,0.22,0.26,0.01,3.44,0.21,-0.02,675.01,-0.00,-0.00,-0.00,0.00,0.00,0.00,10.00
39421.00,-118.24,-17.54,0.13,0.26,0.01,-8.17,0.21,-0.02,-1161.33,-0.00,-0.00,-0.00,0.00,0.00,-0.00,10.00
39431.00,-118.24,-17.54,0.10,0.26,0.01,-3.78,0.21,-0.02,439.34,-0.00,-0.00,-0.00,0.00,-0.00,-0.01,10.00
39445.00,-118.24,-17.54,0.15,0.26,0.01,3.82,0.21,-0.02,542.61,-0.00,-0.00,-0.00,0.00,0.00,0.00,10.00
39455.00,-118.24,-17.54,0.17,0.26,0.01,1.88,0.21,-0.02,-193.86,-0.00,-0.00,-0.00,0.00,-0.00,0.00,10.00
39465.00,-118.24,-17.54,0.12,0.26,0.01,-4.95,0.21,-0.02,-682.65,-0.00,-0.00,-0.00,0.00,-0.00,0.00,10.00
39475.00,-118.24,-17.54,0.10,0.26,0.01,-2.05,0.21,-0.02,290.37,-0.00,-0.00,-0.00,0.00,0.00,0.01,10.00
39485.00,-118.24,-17.54,0.22,0.26,0.01,12.39,0.21,-0.02,1443.73,-0.00,-0.00,-0.00,0.00,0.00,0.00,16.00
39501.00,-118.24,-17.54,0.09,0.26,0.01,-8.07,0.21,-0.02,-1278.70,-0.00,-0.00,-0.00,-0.00,0.00,-0.00,10.00
39511.00,-118.24,-17.54,0.08,0.26,0.01,-1.08,0.21,-0.02,699.20,-0.00,-0.00,-0.00,-0.00,-0.00,-0.00,10.00
39521.00,-118.24,-17.54,0.14,0.26,0.01,5.74,0.21,-0.02,681.58,-0.00,-0.00,-0.00,-0.00,-0.00,-0.00,10.00
39531.00,-118.24,-17.54,0.17,0.26,0.01,3.45,0.21,-0.02,-228.63,-0.00,-0.00,-0.00,-0.00,-0.00,-0.00,10.00
39541.00,-118.20,-17.53,0.18,0.22,0.02,1.00,-0.22,0.02,-245.03,-0.00,-0.00,-0.00,-0.00,0.00,0.00,10.00
39556.00,-118.20,-17.53,0.23,0.22,0.02,2.80,-0.22,0.02,119.63,-0.00,-0.00,-0.00,-0.00,0.00,0.00,10.00
39566.00,-118.20,-17.53,0.20,0.22,0.02,-2.70,-0.22,0.02,-550.06,-0.00,-0.00,-0.00,0.00,0.00,0.00,10.00
39576.00,-118.20,-17.53,0.15,0.22,0.02,-5.17,-0.22,0.02,-246.94,-0.00,-0.00,-0.00,0.00,0.00,0.00,10.00
39586.00,-118.20,-17.53,0.14,0.22,0.02,-1.15,-0.22,0.02,402.37,-0.00,-0.00,-0.00,0.00,0.00,0.00,16.00
39602.00,-118.20,-17.53,0.05,0.22,0.02,-5.48,-0.22,0.02,-270.89,-0.00,-0.00,-0.00,-0.00,0.00,-0.00,10.00
39612.00,-118.20,-17.53,0.17,0.22,0.02,12.36,-0.22,0.02,1784.61,-0.00,-0.00,-0.00,-0.00,0.00,-0.00,10.00
39622.00,-118.20,-17.53,0.22,0.22,0.02,5.28,-0.22,0.02,-708.69,-0.00,-0.00,-0.00,-0.00,0.00,0.00,10.00
39632.00,-118.20,-17.53,0.12,0.22,0.02,-10.60,-0.22,0.02,-1587.76,-0.00,-0.00,-0.00,0.00,0.00,-0.00,10.00
39642.00,-118.20,-17.53,0.19,0.22,0.02,7.53,-0.22,0.02,1813.32,-0.00,-0.00,-0.00,0.00,0.00,0.00,10.00
39652.00,-118.20,-17.53,0.24,0.22,0.02,4.55,-0.22,0.02,-298.20,-0.00,-0.00,-0.00,0.00,-0.00,0.00,10.00
39671.00,-118.20,-17.53,0.26,0.22,0.02,1.15,-0.22,0.02,-179.13,-0.00,-0.00,-0.00,0.00,0.00,0.00,10.00
39681.00,-118.20,-17.53,0.08,0.22,0.02,-18.58,-0.22,0.02,-1973.15,-0.00,-0.00,-0.00,0.00,-0.00,-0.00,10.00
39691.00,-118.20,-17.53,0.13,0.22,0.02,5.03,-0.22,0.02,2361.46,-0.00,-0.00,-0.00,0.00,0.00,-0.00,18.00
39709.00,-118.20,-17.53,0.15,0.22,0.02,1.23,-0.22,0.02,-210.85,-0.00,-0.00,-0.00,-0.00,0.00,0.00,10.00
39719.00,-118.20,-17.53,0.15,0.22,0.02,0.10,-0.22,0.02,-113.24,-0.00,-0.00,-0.00,-0.00,0.01,0.00,10.00
39729.00,-118.20,-17.53,0.14,0.22,0.02,-1.17,-0.22,0.02,-127.43,-0.00,-0.00,-0.00,-0.00,0.00,0.00,10.00
39739.00,-118.20,-17.53,0.21,0.22,0.02,6.96,-0.22,0.02,813.25,-0.00,-0.00,-0.00,0.00,0.00,0.00,10.00
39749.00,-118.16,-17.53,0.12,0.21,0.02,-8.51,-0.01,-0.00,-1546.62,-0.00,-0.00,-0.00,0.00,-0.00,0.00,10.00
39759.00,-118.16,-17.53,0.13,0.21,0.02,0.39,-0.01,-0.00,889.42,-0.00,-0.00,-0.00,0.00,0.00,0.00,10.00
39769.00,-118.16,-17.53,0.22,0.21,0.02,9.11,-0.01,-0.00,871.74,-0.00,-0.00,-0.00,0.00,0.00,0.00,10.00
39783.00,-118.16,-17.53,0.13,0.21,0.02,-6.33,-0.01,-0.00,-1102.73,-0.00,-0.00,-0.00,-0.00,0.00,0.00,18.00
39801.00,-118.16,-17.53,0.21,0.21,0.02,4.63,-0.01,-0.00,608.84,-0.00,-0.00,-0.00,-0.00,0.00,0.00,10.00
39811.00,-118.16,-17.53,0.11,0.21,0.02,-10.16,-0.01,-0.00,-1478.84,-0.00,-0.00,-0.00,0.00,0.00,0.00,10.00
39821.00,-118.16,-17.53,0.16,0.21,0.02,4.90,-0.01,-0.00,1505.70,-0.00,-0.00,-0.00,0.00,-0.00,0.00,10.00
39831.00,-118.16,-17.53,0.18,0.21,0.02,1.86,-0.01,-0.00,-303.04,-0.00,-0.00,-0.00,0.00,-0.00,0.00,10.00
39841.00,-118.16,-17.53,0.07,0.21,0.02,-10.48,-0.01,-0.00,-1234.23,-0.00,-0.00,-0.00,-0.00,-0.00,0.00,10.00
39851.00,-118.16,-17.53,0.22,0.21,0.02,14.42,-0.01,-0.00,2489.63,-0.00,-0.00,-0.00,-0.00,-0.00,-0.00,10.00
39861.00,-118.16,-17.53,0.07,0.21,0.02,-15.04,-0.01,-0.00,-2946.11,-0.00,-0.00,-0.00,0.00,0.00,0.00,10.00
39871.00,-118.16,-17.53,0.14,0.21,0.02,7.56,-0.01,-0.00,2260.28,-0.00,-0.00,-0.00,0.00,0.01,0.00,10.00
39881.00,-118.16,-17.53,0.13,0.21,0.02,-1.24,-0.01,-0.00,-880.01,-0.00,-0.00,-0.00,0.00,0.00,0.00,10.00
39896.00,-118.16,-17.53,0.07,0.21,0.02,-4.14,-0.01,-0.00,-193.56,-0.00,-0.00,-0.00,-0.00,-0.00,-0.00,16.00
39912.00,-118.16,-17.53,0.16,0.21,0.02,5.70,-0.01,-0.00,615.16,-0.00,-0.00,-0.00,0.00,-0.00,0.00,10.00
39922.00,-118.16,-17.53,0.12,0.21,0.02,-3.74,-0.01,-0.00,-944.39,-0.00,-0.00,-0.00,0.00,-0.00,-0.00,10.00
39932.00,-118.16,-17.53,0.10,0.21,0.02,-2.07,-0.01,-0.00,167.47,-0.00,-0.00,-0.00,-0.00,-0.00,0.00,10.00
39942.00,-118.16,-17.53,0.12,0.21,0.02,1.50,-0.01,-0.00,357.04,-0.00,-0.00,-0.00,-0.00,-0.00,0.00,10.00
39952.00,-118.12,-17.52,0.13,0.16,0.02,1.21,-0.24,0.02,-29.07,-0.00,-0.00,-0.00,0.00,-0.00,0.00,10.00
39962.00,-118.12,-17.52,0.21,0.16,0.02,8.60,-0.24,0.02,739.13,-0.00,-0.00,-0.00,0.00,0.00,0.00,10.00
39972.00,-118.12,-17.52,0.18,0.16,0.02,-3.73,-0.24,0.02,-1233.39,-0.00,-0.00,-0.00,-0.00,0.00,0.00,10.00
39982.00,-118.12,-17.52,0.12,0.16,0.02,-5.52,-0.24,0.02,-178.87,-0.00,-0.00,-0.00,-0.00,-0.00,-0.00,18.00
40000.00,-118.12,-17.52,0.22,0.16,0.02,5.30,-0.24,0.02,601.05,-0.00,-0.00,-0.00,0.00,0.00,-0.00,10.00
40015.00,-118.12,-17.52,0.14,0.16,0.02,-5.04,-0.24,0.02,-689.11,-0.00,-0.00,-0.00,0.00,0.00,0.00,10.00
40025.00,-118.12,-17.52,0.17,0.16,0.02,3.04,-0.24,0.02,807.85,-0.00,-0.00,-0.00,0.00,-0.00,0.00,10.00
40035.00,-118.12,-17.52,0.13,0.16,0.02,-4.57,-0.24,0.02,-761.13,-0.00,-0.00,-0.00,0.00,-0.00,0.00,10.00
40045.00,-118.12,-17.52,0.20,0.16,0.02,7.58,-0.24,0.02,1215.71,-0.00,-0.00,-0.00,0.00,0.00,0.00,10.00
40055.00,-118.12,-17.52,0.24,0.16,0.02,3.60,-0.24,0.02,-398.51,-0.00,-0.00,-0.00,0.00,0.00,0.00,10.00
40065.00,-118.12,-17.52,0.19,0.16,0.02,-5.07,-0.24,0.02,-866.73,-0.00,-0.00,-0.00,-0.00,-0.00,-0.00,10.00
40075.00,-118.12,-17.52,0.17,0.16,0.02,-1.50,-0.24,0.02,356.35,-0.00,-0.00,-0.00,0.00,0.00,-0.00,10.00
40085.00,-118.12,-17.52,0.09,0.16,0.02,-7.88,-0.24,0.02,-637.82,-0.00,-0.00,-0.00,0.00,0.00,-0.00,10.00
40095.00,-118.12,-17.52,0.16,0.16,0.02,7.10,-0.24,0.02,1498.60,-0.00,-0.00,-0.00,0.00,0.00,-0.00,17.00
40112.00,-118.12,-17.52,0.14,0.16,0.02,-1.50,-0.24,0.02,-506.23,-0.00,-0.00,-0.00,0.00,-0.00,0.00,10.00
40126.00,-118.12,-17.52,0.17,0.16,0.02,2.17,-0.24,0.02,262.27,-0.00,-0.00,-0.00,0.00,-0.00,0.00,10.00
40136.00,-118.12,-17.52,0.09,0.16,0.02,-7.52,-0.24,0.02,-969.13,-0.00,-0.00,-0.00,0.00,0.00,0.00,10.00
40146.00,-118.12,-17.52,0.19,0.16,0.02,9.19,-0.24,0.02,1670.69,-0.00,-0.00,-0.00,0.00,0.00,0.00,10.00
40156.00,-118.07,-17.52,0.17,0.27,0.01,-1.85,0.53,-0.05,-1104.00,-0.00,-0.00,-0.00,-0.00,-0.00,0.00,10.00
40166.00,-118.07,-17.52,0.16,0.27,0.01,-0.97,0.53,-0.05,88.72,-0.00,-0.00,-0.00,0.00,-0.00,-0.00,10.00
40176.00,-118.07,-17.52,0.07,0.27,0.01,-9.01,0.53,-0.05,-804.38,-0.00,-0.00,-0.00,0.00,-0.00,-0.00,10.00
40186.00,-118.07,-17.52,0.19,0.27,0.01,12.47,0.53,-0.05,2147.72,-0.00,-0.00,-0.00,0.00,-0.00,-0.00,16.00
40202.00,-118.07,-17.52,0.24,0.27,0.01,3.19,0.53,-0.05,-579.45,-0.00,-0.00,-0.00,-0.00,-0.00,0.00,10.00
40212.00,-118.07,-17.52,0.15,0.27,0.01,-9.33,0.53,-0.05,-1252.88,-0.00,-0.00,-0.00,-0.00,0.00,0.00,10.00
40222.00,-118.07,-17.52,0.09,0.27,0.01,-5.62,0.53,-0.05,371.88,-0.00,-0.00,-0.00,0.00,0.00,0.00,10.00
40237.00,-118.07,-17.52,0.02,0.27,0.01,-4.62,0.53,-0.05,66.47,-0.00,-0.00,-0.00,0.00,0.00,0.00,10.00
40247.00,-118.07,-17.52,0.04,0.27,0.01,1.75,0.53,-0.05,637.08,-0.00,-0.00,-0.00,0.00,0.00,0.00,10.00
40257.00,-118.07,-17.52,0.19,0.27,0.01,14.78,0.53,-0.05,1302.60,-0.00,-0.00,-0.00,-0.00,0.00,0.00,10.00
40267.00,-118.07,-17.52,0.11,0.27,0.01,-8.42,0.53,-0.05,-2319.87,-0.00,-0.00,-0.00,-0.00,0.00,-0.00,10.00
40277.00,-118.07,-17.52,0.19,0.27,0.01,8.28,0.53,-0.05,1670.48,-0.00,-0.00,-0.00,-0.00,-0.00,-0.00,10.00
40287.00,-118.07,-17.52,0.09,0.27,0.01,-10.22,0.53,-0.05,-1850.40,-0.00,-0.00,-0.00,-0.00,-0.00,-0.00,16.00
40303.00,-118.07,-17.52,0.15,0.27,0.01,3.88,0.53,-0.05,881.29,-0.00,-0.00,-0.00,0.00,0.00,0.00,10.00
40313.00,-118.07,-17.52,0.22,0.27,0.01,7.22,0.53,-0.05,334.02,-0.00,-0.00,-0.00,0.00,0.00,0.00,10.00
40323.00,-118.07,-17.52,0.15,0.27,0.01,-7.37,0.53,-0.05,-1458.68,-0.00,-0.00,-0.00,0.00,-0.00,0.00,10.00
40333.00,-118.07,-17.52,0.20,0.27,0.01,5.04,0.53,-0.05,1240.21,-0.00,-0.00,-0.00,-0.00,-0.00,0.00,10.00
40347.00,-118.07,-17.52,0.07,0.27,0.01,-8.83,0.53,-0.05,-990.12,-0.00,-0.00,-0.00,0.00,-0.00,0.00,10.00
40357.00,-118.00,-17.51,0.21,0.33,0.05,13.73,0.30,0.17,2255.23,-0.00,-0.00,-0.00,0.00,0.00,-0.00,10.00
40367.00,-118.00,-17.51,0.18,0.33,0.05,-3.05,0.30,0.17,-1678.11,-0.00,-0.00,-0.00,-0.00,-0.00,-0.00,10.00
40377.00,-118.00,-17.51,0.15,0.33,0.05,-3.26,0.30,0.17,-21.01,-0.00,-0.00,-0.00,-0.00,-0.00,0.00,10.00
40387.00,-118.00,-17.51,0.15,0.33,0.05,0.51,0.30,0.17,376.99,-0.00,-0.00,-0.00,-0.00,-0.00,0.00,16.00
40403.00,-118.00,-17.51,0.04,0.33,0.05,-6.79,0.30,0.17,-456.06,-0.00,-0.00,-0.00,0.00,-0.00,0.00,10.00
40413.00,-118.00,-17.51,0.17,0.33,0.05,12.66,0.30,0.17,1945.42,-0.00,-0.00,-0.00,0.00,0.00,0.00,10.00
40423.00,-118.00,-17.51,0.15,0.33,0.05,-1.89,0.30,0.17,-1455.32,-0.00,-0.00,-0.00,0.00,-0.01,-0.00,10.00
40433.00,-118.00,-17.51,0.11,0.33,0.05,-4.35,0.30,0.17,-245.79,-0.00,-0.00,-0.00,0.00,-0.00,0.00,10.00
40443.00,-118.00,-17.51,0.19,0.33,0.05,7.73,0.30,0.17,1207.37,-0.00,-0.00,-0.00,-0.00,-0.00,0.00,10.00
40457.00,-118.00,-17.51,0.23,0.33,0.05,3.22,0.30,0.17,-321.95,-0.00,-0.00,-0.00,0.00,0.00,0.00,10.00
40467.00,-118.00,-17.51,0.17,0.33,0.05,-5.70,0.30,0.17,-891.85,-0.00,-0.00,-0.00,0.00,-0.00,0.00,10.00
40477.00,-118.00,-17.51,0.19,0.33,0.05,1.75,0.30,0.17,744.67,-0.00,-0.00,-0.00,0.00,-0.00,0.00,10.00
40487.00,-118.00,-17.51,0.11,0.33,0.05,-8.04,0.30,0.17,-978.24,-0.00,-0.00,-0.00,0.00,0.00,0.00,10.00
40497.00,-118.00,-17.51,0.15,0.33,0.05,3.85,0.30,0.17,1188.18,-0.00,-0.00,-0.00,0.00,-0.00,0.00,16.00
40513.00,-118.00,-17.51,0.16,0.33,0.05,0.51,0.30,0.17,-208.79,-0.00,-0.00,-0.00,-0.00,0.00,-0.00,10.00
40523.00,-118.00,-17.51,0.27,0.33,0.05,11.22,0.30,0.17,1071.67,-0.00,-0.00,-0.00,0.00,-0.00,0.00,10.00
40533.00,-118.00,-17.51,0.09,0.33,0.05,-18.38,0.30,0.17,-2960.11,-0.00,-0.00,-0.00,0.00,-0.00,0.00,10.00
40543.00,-118.00,-17.51,0.16,0.33,0.05,7.57,0.30,0.17,2594.68,-0.00,-0.00,-0.00,0.00,0.00,-0.00,10.00
40553.00,-118.00,-17.51,0.16,0.33,0.05,-0.56,0.30,0.17,-812.52,-0.00,-0.00,-0.00,0.00,-0.00,0.00,10.00
40573.00,-117.94,-17.51,0.14,0.26,0.01,-0.58,-0.35,-0.16,-1.22,-0.00,-0.00,-0.00,0.00,0.00,0.00,10.00
40583.00,-117.94,-17.51,0.09,0.26,0.01,-5.78,-0.35,-0.16,-519.65,-0.00,-0.00,-0.00,0.00,0.00,0.00,10.00
40593.00,-117.94,-17.51,0.09,0.26,0.01,0.11,-0.35,-0.16,588.41,-0.00,-0.00,-0.00,0.00,0.00,0.00,19.00
40612.00,-117.94,-17.51,0.12,0.26,0.01,1.59,-0.35,-0.16,78.08,-0.00,-0.00,-0.00,-0.00,-0.00,0.00,10.00
40622.00,-117.94,-17.51,0.06,0.26,0.01,-5.82,-0.35,-0.16,-741.15,-0.00,-0.00,-0.00,-0.00,0.00,0.00,10.00
40632.00,-117.94,-17.51,0.04,0.26,0.01,-2.21,-0.35,-0.16,361.45,-0.00,-0.00,-0.00,0.00,0.00,-0.00,10.00
40642.00,-117.94,-17.51,0.10,0.26,0.01,6.43,-0.35,-0.16,863.66,-0.00,-0.00,-0.00,0.00,0.00,0.00,10.00
40652.00,-117.94,-17.51,0.16,0.26,0.01,5.68,-0.35,-0.16,-75.30,-0.00,-0.00,-0.00,-0.00,0.00,0.00,10.00
40662.00,-117.94,-17.51,0.16,0.26,0.01,-0.02,-0.35,-0.16,-569.43,-0.00,-0.00,-0.00,-0.00,-0.00,0.00,10.00
40672.00,-117.94,-17.51,0.15,0.26,0.01,-0.39,-0.35,-0.16,-37.46,-0.00,-0.00,-0.00,0.00,-0.00,0.00,10.00
40687.00,-117.94,-17.51,0.09,0.26,0.01,-4.05,-0.35,-0.16,-243.92,-0.00,-0.00,-0.00,0.00,0.00,0.00,18.00
40705.00,-117.94,-17.51,0.12,0.26,0.01,1.74,-0.35,-0.16,321.58,-0.00,-0.00,-0.00,-0.00,-0.00,0.00,10.00
40715.00,-117.94,-17.51,0.07,0.26,0.01,-5.44,-0.35,-0.16,-717.93,-0.00,-0.00,-0.00,-0.00,0.00,-0.00,10.00
40725.00,-117.94,-17.51,0.08,0.26,0.01,0.95,-0.35,-0.16,639.19,-0.00,-0.00,-0.00,0.00,0.00,-0.00,10.00
40735.00,-117.94,-17.51,0.10,0.26,0.01,1.91,-0.35,-0.16,95.59,-0.00,-0.00,-0.00,0.00,0.00,-0.00,10.00
40745.00,-117.94,-17.51,0.21,0.26,0.01,10.99,-0.35,-0.16,908.61,-0.00,-0.00,-0.00,-0.00,-0.00,0.00,10.00
40755.00,-117.94,-17.51,0.09,0.26,0.01,-11.52,-0.35,-0.16,-2251.59,-0.00,-0.00,-0.00,-0.01,-0.00,0.00,10.00
40765.00,-117.94,-17.51,0.09,0.26,0.01,0.14,-0.35,-0.16,1166.32,-0.00,-0.00,-0.00,-0.00,0.00,0.00,10.00
40775.00,-117.89,-17.51,0.11,0.28,0.02,1.34,0.09,0.00,119.70,-0.00,-0.00,-0.00,0.00,0.00,0.00,10.00
40785.00,-117.89,-17.51,0.12,0.28,0.02,0.96,0.09,0.00,-37.39,-0.00,-0.00,-0.00,0.00,-0.00,-0.00,18.00
40808.00,-117.89,-17.51,0.14,0.28,0.02,1.11,0.09,0.00,6.48,-0.00,-0.00,-0.00,0.00,-0.00,0.00,10.00
40818.00,-117.89,-17.51,0.16,0.28,0.02,1.43,0.09,0.00,31.75,-0.00,-0.00,-0.00,0.00,0.00,-0.00,10.00
40828.00,-117.89,-17.51,0.06,0.28,0.02,-9.96,0.09,0.00,-1138.88,-0.00,-0.00,-0.00,-0.00,-0.00,-0.00,10.00
40838.00,-117.89,-17.51,0.03,0.28,0.02,-3.00,0.09,0.00,695.88,-0.00,-0.00,-0.00,-0.00,-0.00,-0.00,10.00
40848.00,-117.89,-17.51,0.12,0.28,0.02,9.03,0.09,0.00,1203.24,-0.00,-0.00,-0.00,-0.00,-0.00,0.00,10.00
40858.00,-117.89,-17.51,0.05,0.28,0.02,-7.23,0.09,0.00,-1626.24,-0.00,-0.00,-0.00,0.00,0.00,0.00,10.00
40868.00,-117.89,-17.51,0.12,0.28,0.02,7.86,0.09,0.00,1508.70,-0.00,-0.00,-0.00,0.00,0.00,-0.00,10.00
40878.00,-117.89,-17.51,0.10,0.28,0.02,-2.66,0.09,0.00,-1051.47,-0.00,-0.00,-0.00,0.00,0.00,-0.00,10.00
40888.00,-117.89,-17.51,0.06,0.28,0.02,-3.58,0.09,0.00,-91.85,-0.00,-0.00,-0.00,-0.00,0.00,-0.00,16.00
40904.00,-117.89,-17.51,0.12,0.28,0.02,3.42,0.09,0.00,437.49,-0.00,-0.00,-0.00,-0.00,0.00,0.00,10.00
40919.00,-117.89,-17.51,0.03,0.28,0.02,-5.92,0.09,0.00,-622.65,-0.00,-0.00,-0.00,0.00,0.00,0.00,10.00
40929.00,-117.89,-17.51,-0.01,0.28,0.02,-4.15,0.09,0.00,177.29,-0.00,-0.00,-0.00,0.00,0.00,0.00,10.00
40939.00,-117.89,-17.51,0.05,0.28,0.02,6.28,0.09,0.00,1042.68,-0.00,-0.00,-0.00,-0.00,-0.00,-0.00,10.00
40949.00,-117.89,-17.51,0.02,0.28,0.02,-2.80,0.09,0.00,-907.96,-0.00,-0.00,-0.00,-0.00,-0.00,-0.00,10.00
40959.00,-117.89,-17.51,-0.00,0.28,0.02,-2.54,0.09,0.00,25.66,-0.00,-0.00,-0.00,0.00,0.00,-0.00,10.00
40969.00,-117.89,-17.51,0.06,0.28,0.02,6.47,0.09,0.00,901.29,-0.00,-0.00,-0.00,-0.00,0.00,-0.00,10.00
40979.00,-117.84,-17.50,-0.05,0.22,0.02,-11.19,-0.28,0.02,-1766.26,-0.00,-0.00,-0.00,0.00,-0.00,-0.00,10.00
40989.00,-117.84,-17.50,0.10,0.22,0.02,15.21,-0.28,0.02,2639.74,-0.00,-0.00,-0.00,0.00,0.00,-0.00,16.00
41005.00,-117.84,-17.50,0.01,0.22,0.02,-5.85,-0.28,0.02,-1316.12,-0.00,-0.00,-0.00,0.00,-0.00,-0.00,10.00
41015.00,-117.84,-17.50,-0.03,0.22,0.02,-3.84,-0.28,0.02,200.86,-0.00,-0.00,-0.00,0.00,0.00,-0.00,10.00
41030.00,-117.84,-17.50,0.03,0.22,0.02,3.98,-0.28,0.02,521.78,-0.00,-0.00,-0.00,-0.00,-0.01,0.00,10.00
41040.00,-117.84,-17.50,-0.01,0.22,0.02,-4.30,-0.28,0.02,-828.69,-0.00,-0.00,-0.00,0.00,-0.00,0.00,10.00
41050.00,-117.84,-17.50,-0.09,0.22,0.02,-7.74,-0.28,0.02,-343.19,-0.00,-0.00,-0.00,0.00,-0.00,-0.00,10.00
41060.00,-117.84,-17.50,0.09,0.22,0.02,18.26,-0.28,0.02,2599.47,-0.00,-0.00,-0.00,-0.00,-0.00,-0.00,10.00
41070.00,-117.84,-17.50,0.04,0.22,0.02,-5.57,-0.28,0.02,-2382.79,-0.00,-0.00,-0.00,-0.00,-0.00,-0.00,10.00
41080.00,-117.84,-17.50,-0.04,0.22,0.02,-7.39,-0.28,0.02,-182.12,-0.00,-0.00,-0.00,0.00,-0.00,-0.00,10.00
41090.00,-117.84,-17.50,0.09,0.22,0.02,12.47,-0.28,0.02,1986.18,-0.00,-0.00,-0.00,0.00,0.00,-0.00,10.00
41100.00,-117.84,-17.50,0.09,0.22,0.02,0.03,-0.28,0.02,-1244.54,-0.00,-0.00,-0.00,0.00,0.00,0.00,16.00
41116.00,-117.84,-17.50,-0.03,0.22,0.02,-7.33,-0.28,0.02,-459.84,-0.00,-0.00,-0.00,0.00,0.00,-0.00,10.00
41126.00,-117.84,-17.50,0.06,0.22,0.02,9.46,-0.28,0.02,1679.26,-0.00,-0.00,-0.00,0.00,-0.01,0.00,10.00
41141.00,-117.84,-17.50,0.17,0.22,0.02,7.17,-0.28,0.02,-152.66,-0.00,-0.00,-0.00,0.00,-0.00,0.00,10.00
41151.00,-117.84,-17.50,0.03,0.22,0.02,-14.27,-0.28,0.02,-2143.80,-0.00,-0.00,-0.00,-0.00,-0.00,0.00,10.00
41161.00,-117.84,-17.50,-0.00,0.22,0.02,-2.95,-0.28,0.02,1132.07,-0.00,-0.00,-0.00,-0.01,-0.00,-0.00,10.00
41171.00,-117.84,-17.50,0.10,0.22,0.02,10.58,-0.28,0.02,1352.54,-0.00,-0.00,-0.00,0.00,0.00,-0.00,10.00
41181.00,-117.78,-17.48,0.05,0.33,0.09,-5.76,0.56,0.33,-1634.10,-0.00,-0.00,-0.00,0.00,0.00,-0.00,10.00
41191.00,-117.78,-17.48,0.10,0.33,0.09,4.93,0.56,0.33,1069.34,-0.00,-0.00,-0.00,0.00,0.00,0.00,15.00
41206.00,-117.78,-17.48,-0.01,0.33,0.09,-7.30,0.56,0.33,-815.67,-0.00,-0.00,-0.00,0.00,0.00,-0.00,10.00
41216.00,-117.78,-17.48,0.08,0.33,0.09,9.20,0.56,0.33,1649.74,-0.00,-0.00,-0.00,0.00,-0.00,0.00,10.00
41226.00,-117.78,-17.48,-0.00,0.33,0.09,-8.08,0.56,0.33,-1727.30,-0.00,-0.00,-0.00,0.00,0.01,0.00,10.00
41236.00,-117.78,-17.48,-0.04,0.33,0.09,-3.86,0.56,0.33,421.97,-0.00,-0.00,-0.00,0.00,0.01,0.00,10.00
41251.00,-117.78,-17.48,0.05,0.33,0.09,6.22,0.56,0.33,671.75,-0.00,-0.00,-0.00,0.00,-0.00,0.00,10.00
41261.00,-117.78,-17.48,-0.01,0.33,0.09,-5.98,0.56,0.33,-1219.96,-0.00,-0.00,-0.00,-0.00,-0.00,-0.00,10.00
41271.00,-117.78,-17.48,0.00,0.33,0.09,1.06,0.56,0.33,703.73,-0.00,-0.00,-0.00,0.00,-0.00,-0.00,10.00
41281.00,-117.78,-17.48,0.06,0.33,0.09,5.67,0.56,0.33,461.27,-0.00,-0.00,-0.00,0.00,0.00,0.00,10.00
41291.00,-117.78,-17.48,0.05,0.33,0.09,-0.70,0.56,0.33,-637.21,-0.00,-0.00,-0.00,0.00,0.01,-0.00,15.00
41306.00,-117.78,-17.48,0.10,0.33,0.09,3.43,0.56,0.33,275.87,-0.00,-0.00,-0.00,-0.00,0.00,-0.00,10.00
41316.00,-117.78,-17.48,0.06,0.33,0.09,-4.20,0.56,0.33,-763.39,-0.00,-0.00,-0.00,-0.00,-0.00,0.00,10.00
41326.00,-117.78,-17.48,0.04,0.33,0.09,-2.61,0.56,0.33,159.07,-0.00,-0.00,-0.00,-0.00,0.00,-0.00,10.00
41336.00,-117.78,-17.48,-0.01,0.33,0.09,-4.18,0.56,0.33,-157.54,-0.00,-0.00,-0.00,0.00,0.00,0.00,10.00
41346.00,-117.78,-17.48,0.03,0.33,0.09,3.88,0.56,0.33,806.54,-0.00,-0.00,-0.00,0.00,0.00,0.00,10.00
41360.00,-117.78,-17.48,0.11,0.33,0.09,5.54,0.56,0.33,118.32,-0.00,-0.00,-0.00,-0.00,0.00,0.01,10.00
41370.00,-117.78,-17.48,0.06,0.33,0.09,-4.73,0.56,0.33,-1026.48,-0.00,-0.00,-0.00,-0.00,0.00,0.00,10.00
41380.00,-117.78,-17.48,0.07,0.33,0.09,0.57,0.56,0.33,529.97,-0.00,-0.00,-0.00,-0.00,0.00,0.00,10.00
41390.00,-117.65,-17.47,0.07,0.59,0.06,-0.31,1.22,-0.12,-88.71,-0.00,-0.00,-0.00,0.00,0.00,-0.00,16.00
41406.00,-117.65,-17.47,0.02,0.59,0.06,-2.70,1.22,-0.12,-149.20,-0.00,-0.00,-0.00,0.00,0.00,-0.00,10.00
41416.00,-117.65,-17.47,0.05,0.59,0.06,2.30,1.22,-0.12,500.26,-0.00,-0.00,-0.00,-0.00,-0.00,-0.00,10.00
41426.00,-117.65,-17.47,-0.04,0.59,0.06,-8.31,1.22,-0.12,-1061.06,-0.00,-0.00,-0.00,-0.00,0.00,0.00,10.00
41436.00,-117.65,-17.47,0.00,0.59,0.06,3.73,1.22,-0.12,1204.17,-0.00,-0.00,-0.00,0.00,0.00,0.00,10.00
41446.00,-117.65,-17.47,-0.01,0.59,0.06,-0.71,1.22,-0.12,-444.50,-0.00,-0.00,-0.00,0.00,-0.00,0.00,10.00
41456.00,-117.65,-17.47,-0.02,0.59,0.06,-1.18,1.22,-0.12,-46.37,-0.00,-0.00,-0.00,0.00,0.00,0.00,10.00
41476.00,-117.65,-17.47,0.07,0.59,0.06,4.45,1.22,-0.12,281.14,-0.00,-0.00,-0.00,-0.00,-0.00,0.00,10.00
41486.00,-117.65,-17.47,0.03,0.59,0.06,-4.00,1.22,-0.12,-844.75,-0.00,-0.00,-0.00,0.00,-0.00,-0.00,10.00
41496.00,-117.65,-17.47,0.04,0.59,0.06,1.43,1.22,-0.12,542.97,-0.00,-0.00,-0.00,0.00,-0.00,-0.00,19.00
41515.00,-117.65,-17.47,0.06,0.59,0.06,0.58,1.22,-0.12,-44.45,-0.00,-0.00,-0.00,0.00,0.00,0.00,10.00
41525.00,-117.65,-17.47,0.02,0.59,0.06,-3.81,1.22,-0.12,-439.22,-0.00,-0.00,-0.00,-0.00,0.00,0.00,10.00
41535.00,-117.65,-17.47,0.01,0.59,0.06,-0.52,1.22,-0.12,328.60,-0.00,-0.00,-0.00,-0.00,0.00,0.00,10.00
41545.00,-117.65,-17.47,0.09,0.59,0.06,7.76,1.22,-0.12,828.09,-0.00,-0.00,-0.00,-0.00,0.00,0.00,10.00
41555.00,-117.65,-17.47,-0.01,0.59,0.06,-10.40,1.22,-0.12,-1815.50,-0.00,-0.00,-0.00,0.00,0.00,0.00,10.00
41565.00,-117.65,-17.47,0.07,0.59,0.06,7.99,1.22,-0.12,1839.11,-0.00,-0.00,-0.00,0.00,0.00,-0.00,10.00
41575.00,-117.65,-17.47,0.05,0.59,0.06,-1.36,1.22,-0.12,-935.10,-0.00,-0.00,-0.00,-0.00,0.00,-0.00,10.00
41590.00,-117.59,-17.45,0.07,0.33,0.09,1.19,-1.26,0.13,169.63,-0.00,-0.00,-0.00,-0.00,0.00,-0.00,18.00
41608.00,-117.59,-17.45,0.01,0.33,0.09,-3.14,-1.26,0.13,-240.27,-0.00,-0.00,-0.00,0.00,0.00,0.00,10.00
41618.00,-117.59,-17.45,0.16,0.33,0.09,14.45,-1.26,0.13,1758.68,-0.00,-0.00,-0.00,0.00,0.00,0.00,10.00
41628.00,-117.59,-17.45,0.01,0.33,0.09,-14.59,-1.26,0.13,-2904.41,-0.00,-0.00,-0.00,-0.00,0.00,0.00,10.00
41638.00,-117.59,-17.45,0.05,0.33,0.09,4.03,-1.26,0.13,1862.23,-0.00,-0.00,-0.00,0.00,-0.00,0.00,10.00
41648.00,-117.59,-17.45,0.11,0.33,0.09,5.57,-1.26,0.13,154.26,-0.00,-0.00,-0.00,0.00,0.00,-0.00,10.00
41658.00,-117.59,-17.45,0.11,0.33,0.09,0.63,-1.26,0.13,-494.44,-0.00,-0.00,-0.00,0.00,0.00,-0.00,10.00
41668.00,-117.59,-17.45,0.11,0.33,0.09,-0.06,-1.26,0.13,-68.82,-0.00,-0.00,-0.00,-0.00,-0.00,0.00,10.00
41678.00,-117.59,-17.45,0.05,0.33,0.09,-6.41,-1.26,0.13,-634.47,-0.00,-0.00,-0.00,-0.00,-0.00,0.00,10.00
41688.00,-117.59,-17.45,0.01,0.33,0.09,-4.27,-1.26,0.13,213.76,-0.00,-0.00,-0.00,-0.00,0.00,0.00,18.00
41710.00,-117.59,-17.45,0.09,0.33,0.09,3.87,-1.26,0.13,369.77,-0.00,-0.00,-0.00,0.00,-0.00,0.00,10.00
41720.00,-117.59,-17.45,0.08,0.33,0.09,-1.20,-1.26,0.13,-506.97,-0.00,-0.00,-0.00,0.00,-0.00,0.00,10.00
41730.00,-117.59,-17.45,0.14,0.33,0.09,5.62,-1.26,0.13,681.98,-0.00,-0.00,-0.00,0.00,-0.00,0.00,10.00
41740.00,-117.59,-17.45,0.13,0.33,0.09,-0.84,-1.26,0.13,-645.85,-0.00,-0.00,-0.00,0.00,0.00,-0.00,10.00
41750.00,-117.59,-17.45,0.11,0.33,0.09,-2.27,-1.26,0.13,-142.41,-0.00,-0.00,-0.00,-0.00,0.00,0.00,10.00
41760.00,-117.59,-17.45,-0.00,0.33,0.09,-10.55,-1.26,0.13,-828.25,-0.00,-0.00,-0.00,-0.00,0.00,0.00,10.00
41770.00,-117.59,-17.45,0.01,0.33,0.09,1.18,-1.26,0.13,1172.67,-0.00,-0.00,-0.00,-0.00,0.00,0.00,10.00
41780.00,-117.59,-17.45,0.12,0.33,0.09,10.37,-1.26,0.13,919.48,-0.00,-0.00,-0.00,0.00,-0.00,0.00,10.00
41790.00,-117.53,-17.45,0.08,0.28,0.02,-3.87,-0.28,-0.36,-1424.72,-0.00,-0.00,-0.00,0.00,-0.00,0.00,17.00
41807.00,-117.53,-17.45,0.04,0.28,0.02,-2.12,-0.28,-0.36,103.13,-0.00,-0.00,-0.00,0.00,-0.00,-0.00,10.00
41822.00,-117.53,-17.45,0.01,0.28,0.02,-1.87,-0.28,-0.36,16.88,-0.00,-0.00,-0.00,-0.00,0.00,-0.00,10.00
41832.00,-117.53,-17.45,0.04,0.28,0.02,3.20,-0.28,-0.36,506.37,-0.00,-0.00,-0.00,0.00,0.00,-0.00,10.00
41842.00,-117.53,-17.45,0.00,0.28,0.02,-4.43,-0.28,-0.36,-762.48,-0.00,-0.00,-0.00,0.00,0.00,-0.00,10.00
41852.00,-117.53,-17.45,0.03,0.28,0.02,2.97,-0.28,-0.36,739.64,-0.00,-0.00,-0.00,-0.00,0.00,0.00,10.00
41862.00,-117.53,-17.45,0.10,0.28,0.02,6.53,-0.28,-0.36,356.34,-0.00,-0.00,-0.00,-0.00,0.00,0.00,10.00
41872.00,-117.53,-17.45,-0.11,0.28,0.02,-20.74,-0.28,-0.36,-2727.06,-0.00,-0.00,-0.00,0.00,0.00,0.00,10.00
41882.00,-117.53,-17.45,0.02,0.28,0.02,12.93,-0.28,-0.36,3367.21,-0.00,-0.00,-0.00,0.00,-0.00,-0.00,10.00
41892.00,-117.53,-17.45,-0.00,0.28,0.02,-2.02,-0.28,-0.36,-1495.34,-0.00,-0.00,-0.00,0.00,-0.00,-0.00,16.00
41908.00,-117.53,-17.45,0.01,0.28,0.02,0.69,-0.28,-0.36,169.24,-0.00,-0.00,-0.00,-0.00,-0.00,0.00,10.00
41918.00,-117.53,-17.45,-0.07,0.28,0.02,-7.49,-0.28,-0.36,-817.33,-0.00,-0.00,-0.00,-0.00,0.00,-0.00,10.00
41932.00,-117.53,-17.45,0.07,0.28,0.02,9.83,-0.28,-0.36,1236.84,-0.00,-0.00,-0.00,-0.00,0.00,-0.00,10.00
41942.00,-117.53,-17.45,-0.03,0.28,0.02,-10.04,-0.28,-0.36,-1987.20,-0.00,-0.00,-0.00,-0.00,0.00,0.00,10.00
41952.00,-117.53,-17.45,0.10,0.28,0.02,13.07,-0.28,-0.36,2311.66,-0.00,-0.00,-0.00,-0.00,-0.00,-0.00,10.00
41962.00,-117.53,-17.45,-0.01,0.28,0.02,-10.91,-0.28,-0.36,-2397.90,-0.00,-0.00,-0.00,-0.00,0.00,-0.00,10.00
41972.00,-117.53,-17.45,-0.01,0.28,0.02,0.11,-0.28,-0.36,1101.56,-0.00,-0.00,-0.00,0.00,0.00,-0.00,10.00
41982.00,-117.53,-17.45,-0.00,0.28,0.02,0.24,-0.28,-0.36,13.38,-0.00,-0.00,-0.00,0.00,0.00,-0.00,16.00
41998.00,-117.46,-17.44,0.01,0.32,0.05,0.85,0.21,0.15,38.09,-0.00,-0.00,-0.00,-0.00,-0.01,0.00,10.00
42008.00,-117.46,-17.44,0.03,0.32,0.05,1.86,0.21,0.15,101.08,-0.00,-0.00,-0.00,-0.00,-0.00,0.00,10.00
42018.00,-117.46,-17.44,-0.08,0.32,0.05,-11.26,0.21,0.15,-1311.91,-0.00,-0.00,-0.00,0.00,0.00,0.00,10.00
42028.00,-117.46,-17.44,0.00,0.32,0.05,8.96,0.21,0.15,2021.80,-0.00,-0.00,-0.00,0.00,0.01,0.00,10.00
42043.00,-117.46,-17.44,-0.00,0.32,0.05,-0.64,0.21,0.15,-640.25,-0.00,-0.00,-0.00,0.00,-0.00,0.00,10.00
42053.00,-117.46,-17.44,0.06,0.32,0.05,6.85,0.21,0.15,749.15,-0.00,-0.00,-0.00,0.00,-0.00,-0.00,10.00
42063.00,-117.46,-17.44,0.00,0.32,0.05,-6.17,0.21,0.15,-1302.36,-0.00,-0.00,-0.00,0.00,-0.00,-0.00,10.00
42073.00,-117.46,-17.44,0.05,0.32,0.05,4.66,0.21,0.15,1083.67,-0.00,-0.00,-0.00,-0.00,0.00,0.00,10.00
42083.00,-117.46,-17.44,0.09,0.32,0.05,3.90,0.21,0.15,-76.20,-0.00,-0.00,-0.00,-0.00,-0.00,0.00,16.00
42099.00,-117.46,-17.44,0.03,0.32,0.05,-3.71,0.21,0.15,-475.49,-0.00,-0.00,-0.00,-0.00,0.00,0.00,10.00
42109.00,-117.46,-17.44,-0.03,0.32,0.05,-5.48,0.21,0.15,-177.36,-0.00,-0.00,-0.00,-0.00,0.00,-0.00,10.00
42119.00,-117.46,-17.44,-0.02,0.32,0.05,1.02,0.21,0.15,649.69,-0.00,-0.00,-0.00,0.00,0.00,-0.00,10.00
42129.00,-117.46,-17.44,0.04,0.32,0.05,5.28,0.21,0.15,426.56,-0.00,-0.00,-0.00,-0.00,-0.00,0.00,10.00
42139.00,-117.46,-17.44,-0.00,0.32,0.05,-3.72,0.21,0.15,-899.89,-0.00,-0.00,-0.00,0.00,-0.00,-0.00,10.00
42153.00,-117.46,-17.44,0.09,0.32,0.05,6.72,0.21,0.15,745.63,-0.00,-0.00,-0.00,0.00,-0.00,-0.00,10.00
42163.00,-117.46,-17.44,0.05,0.32,0.05,-4.01,0.21,0.15,-1073.40,-0.00,-0.00,-0.00,-0.00,0.00,-0.00,10.00
42173.00,-117.46,-17.44,0.10,0.32,0.05,4.47,0.21,0.15,848.40,-0.00,-0.00,-0.00,0.00,0.00,0.00,10.00
42183.00,-117.46,-17.44,-0.11,0.32,0.05,-20.92,0.21,0.15,-2538.89,-0.00,-0.00,-0.00,-0.00,-0.00,0.00,16.00
42199.00,-117.36,-17.43,-0.02,0.50,0.07,5.81,0.88,0.13,1670.09,-0.00,-0.00,-0.00,0.00,0.00,0.00,10.00
42209.00,-117.36,-17.43,0.05,0.50,0.07,6.87,0.88,0.13,106.25,-0.00,-0.00,-0.00,-0.00,-0.00,0.00,10.00
42219.00,-117.36,-17.43,0.02,0.50,0.07,-2.95,0.88,0.13,-982.14,-0.00,-0.00,-0.00,0.00,-0.00,-0.00,10.00
42229.00,-117.36,-17.43,0.01,0.50,0.07,-1.45,0.88,0.13,150.36,-0.00,-0.00,-0.00,-0.00,0.00,0.00,10.00
42239.00,-117.36,-17.43,-0.02,0.50,0.07,-2.53,0.88,0.13,-108.37,-0.00,-0.00,-0.00,0.00,-0.00,-0.00,10.00
42249.00,-117.36,-17.43,-0.06,0.50,0.07,-3.81,0.88,0.13,-128.08,-0.00,-0.00,-0.00,-0.00,0.00,0.00,10.00
42264.00,-117.36,-17.43,-0.02,0.50,0.07,2.34,0.88,0.13,410.38,-0.00,-0.00,-0.00,-0.00,0.01,0.00,10.00
42274.00,-117.36,-17.43,-0.09,0.50,0.07,-7.06,0.88,0.13,-940.17,-0.00,-0.00,-0.00,-0.00,0.00,-0.00,10.00
42284.00,-117.36,-17.43,-0.18,0.50,0.07,-9.17,0.88,0.13,-211.00,-0.00,-0.00,-0.00,0.00,-0.00,-0.00,16.00
42300.00,-117.36,-17.43,-0.12,0.50,0.07,3.79,0.88,0.13,809.97,-0.00,-0.00,-0.00,-0.00,-0.00,-0.00,10.00
42310.00,-117.36,-17.43,-0.01,0.50,0.07,11.28,0.88,0.13,749.55,-0.00,-0.00,-0.00,-0.00,0.00,-0.00,10.00
42320.00,-117.36,-17.43,-0.02,0.50,0.07,-0.68,0.88,0.13,-1196.19,-0.00,-0.00,-0.00,0.00,0.00,-0.00,10.00
42330.00,-117.36,-17.43,-0.13,0.50,0.07,-11.33,0.88,0.13,-1065.23,-0.00,-0.00,-0.00,-0.00,0.00,-0.00,10.00
42340.00,-117.36,-17.43,0.04,0.50,0.07,16.63,0.88,0.13,2796.47,-0.00,-0.00,-0.00,0.00,0.00,-0.00,10.00
42350.00,-117.36,-17.43,0.00,0.50,0.07,-3.06,0.88,0.13,-1969.94,-0.00,-0.00,-0.00,0.00,-0.00,-0.00,10.00
42361.00,-117.36,-17.43,-0.09,0.50,0.07,-8.18,0.88,0.13,-465.43,-0.00,-0.00,-0.00,0.00,-0.00,-0.00,10.00
42380.00,-117.36,-17.43,0.00,0.50,0.07,4.68,0.88,0.13,676.82,-0.00,-0.00,-0.00,0.00,0.00,-0.00,19.00
42399.00,-117.28,-17.41,-0.01,0.45,0.08,-0.96,-0.27,0.02,-296.67,-0.00,-0.00,-0.00,-0.00,-0.00,0.00,10.00
42409.00,-117.28,-17.41,0.06,0.45,0.08,7.61,-0.27,0.02,857.00,-0.00,-0.00,-0.00,-0.00,0.00,-0.00,10.00
42419.00,-117.28,-17.41,0.04,0.45,0.08,-2.24,-0.27,0.02,-984.76,-0.00,-0.00,-0.00,0.00,0.00,-0.00,10.00
42429.00,-117.28,-17.41,0.03,0.45,0.08,-0.69,-0.27,0.02,154.66,-0.00,-0.00,-0.00,0.00,-0.00,0.00,10.00
42439.00,-117.28,-17.41,0.01,0.45,0.08,-1.74,-0.27,0.02,-105.21,-0.00,-0.00,-0.00,-0.00,-0.00,-0.00,10.00
42449.00,-117.28,-17.41,0.06,0.45,0.08,4.31,-0.27,0.02,605.24,-0.00,-0.00,-0.00,0.00,0.00,-0.00,10.00
42459.00,-117.28,-17.41,-0.04,0.45,0.08,-9.55,-0.27,0.02,-1386.07,-0.00,-0.00,-0.00,0.00,0.00,-0.00,10.00
42469.00,-117.28,-17.41,-0.01,0.45,0.08,2.47,-0.27,0.02,1202.43,-0.00,-0.00,-0.00,0.00,0.00,-0.00,10.00
42479.00,-117.28,-17.41,0.06,0.45,0.08,7.65,-0.27,0.02,517.59,-0.00,-0.00,-0.00,-0.00,0.00,0.00,18.00
42502.00,-117.28,-17.41,-0.01,0.45,0.08,-3.38,-0.27,0.02,-479.28,-0.00,-0.00,-0.00,0.00,-0.00,-0.00,10.00
42512.00,-117.28,-17.41,0.02,0.45,0.08,3.44,-0.27,0.02,681.77,-0.00,-0.00,-0.00,0.00,-0.00,-0.00,10.00
42522.00,-117.28,-17.41,-0.04,0.45,0.08,-6.28,-0.27,0.02,-972.26,-0.00,-0.00,-0.00,0.00,-0.00,0.00,10.00
42532.00,-117.28,-17.41,-0.04,0.45,0.08,0.17,-0.27,0.02,645.47,-0.00,-0.00,-0.00,-0.00,-0.00,-0.00,10.00
42542.00,-117.28,-17.41,-0.06,0.45,0.08,-2.22,-0.27,0.02,-239.15,-0.00,-0.00,-0.00,-0.00,0.00,0.00,10.00
42552.00,-117.28,-17.41,0.02,0.45,0.08,8.13,-0.27,0.02,1034.94,-0.00,-0.00,-0.00,-0.00,0.00,0.00,10.00
42562.00,-117.28,-17.41,0.05,0.45,0.08,2.77,-0.27,0.02,-536.49,-0.00,-0.00,-0.00,-0.00,0.00,0.00,10.00
42572.00,-117.28,-17.41,-0.02,0.45,0.08,-6.87,-0.27,0.02,-963.74,-0.00,-0.00,-0.00,-0.00,0.00,0.00,10.00
42582.00,-117.28,-17.41,0.04,0.45,0.08,6.32,-0.27,0.02,1319.27,-0.00,-0.00,-0.00,-0.00,0.00,-0.00,17.00
42599.00,-117.19,-17.40,-0.11,0.45,0.04,-8.95,0.00,-0.19,-898.25,-0.00,-0.00,-0.00,0.00,-0.00,-0.00,10.00
42614.00,-117.19,-17.40,-0.01,0.45,0.04,6.95,0.00,-0.19,1060.01,-0.00,-0.00,-0.00,0.00,0.00,-0.00,10.00
42624.00,-117.19,-17.40,0.03,0.45,0.04,3.94,0.00,-0.19,-301.62,-0.00,-0.00,-0.00,-0.00,0.00,0.00,10.00
42634.00,-117.19,-17.40,0.05,0.45,0.04,1.99,0.00,-0.19,-194.79,-0.00,-0.00,-0.00,0.00,-0.00,0.00,10.00
42644.00,-117.19,-17.40,0.03,0.45,0.04,-2.01,0.00,-0.19,-400.33,-0.00,-0.00,-0.00,0.00,0.00,-0.00,10.00
42654.00,-117.19,-17.40,0.05,0.45,0.04,1.87,0.00,-0.19,388.95,-0.00,-0.00,-0.00,-0.00,0.00,0.00,10.00
42664.00,-117.19,-17.40,-0.03,0.45,0.04,-7.95,0.00,-0.19,-982.14,-0.00,-0.00,-0.00,-0.00,-0.00,0.00,10.00
42674.00,-117.19,-17.40,0.02,0.45,0.04,4.92,0.00,-0.19,1286.39,-0.00,-0.00,-0.00,0.00,0.00,-0.00,10.00
42684.00,-117.19,-17.40,-0.06,0.45,0.04,-8.28,0.00,-0.19,-1319.94,-0.00,-0.00,-0.00,0.00,-0.00,-0.00,16.00
42700.00,-117.19,-17.40,-0.05,0.45,0.04,0.97,0.00,-0.19,578.36,-0.00,-0.00,-0.00,-0.00,0.00,-0.00,10.00
42710.00,-117.19,-17.40,-0.01,0.45,0.04,3.91,0.00,-0.19,293.40,-0.00,-0.00,-0.00,-0.00,-0.00,-0.00,10.00
42725.00,-117.19,-17.40,0.08,0.45,0.04,5.75,0.00,-0.19,122.99,-0.00,-0.00,-0.00,-0.00,0.00,-0.00,10.00
42735.00,-117.19,-17.40,-0.03,0.45,0.04,-10.69,0.00,-0.19,-1643.72,-0.00,-0.00,-0.00,-0.00,-0.00,-0.00,10.00
42745.00,-117.19,-17.40,0.06,0.45,0.04,8.40,0.00,-0.19,1908.73,-0.00,-0.00,-0.00,0.00,0.00,-0.00,10.00
42755.00,-117.19,-17.40,-0.02,0.45,0.04,-7.10,0.00,-0.19,-1550.08,-0.00,-0.00,-0.00,-0.00,0.00,-0.00,10.00
42765.00,-117.19,-17.40,0.05,0.45,0.04,6.45,0.00,-0.19,1354.96,-0.00,-0.00,-0.00,0.00,-0.00,0.00,10.00
42775.00,-117.19,-17.40,-0.02,0.45,0.04,-6.89,0.00,-0.19,-1333.97,-0.00,-0.00,-0.00,0.00,-0.00,0.00,10.00
42785.00,-117.19,-17.40,-0.02,0.45,0.04,0.27,0.00,-0.19,716.48,-0.00,-0.00,-0.00,0.00,-0.00,0.00,16.00
42801.00,-117.11,-17.39,-0.02,0.39,0.04,-0.37,-0.29,0.02,-40.13,-0.00,-0.00,-0.00,-0.00,0.00,0.00,10.00
42811.00,-117.11,-17.39,-0.00,0.39,0.04,2.27,-0.29,0.02,263.70,-0.00,-0.00,-0.00,-0.00,0.00,0.00,10.00
42821.00,-117.11,-17.39,-0.07,0.39,0.04,-6.57,-0.29,0.02,-884.22,-0.00,-0.00,-0.00,0.00,0.00,-0.00,10.00
42835.00,-117.11,-17.39,0.09,0.39,0.04,11.12,-0.29,0.02,1263.85,-0.00,-0.00,-0.00,0.00,-0.00,0.00,10.00
42845.00,-117.11,-17.39,-0.04,0.39,0.04,-13.42,-0.29,0.02,-2453.83,-0.00,-0.00,-0.00,0.00,-0.00,0.00,10.00
42855.00,-117.11,-17.39,-0.05,0.39,0.04,-0.50,-0.29,0.02,1291.77,-0.00,-0.00,-0.00,0.00,-0.00,0.00,10.00
42865.00,-117.11,-17.39,-0.03,0.39,0.04,1.99,-0.29,0.02,248.78,-0.00,-0.00,-0.00,0.00,0.00,0.00,10.00
42875.00,-117.11,-17.39,0.05,0.39,0.04,7.73,-0.29,0.02,573.81,-0.00,-0.00,-0.00,0.00,-0.00,0.00,10.00
42885.00,-117.11,-17.39,-0.06,0.39,0.04,-10.46,-0.29,0.02,-1818.25,-0.00,-0.00,-0.00,-0.00,-0.00,0.00,16.00
42901.00,-117.11,-17.39,-0.01,0.39,0.04,3.26,-0.29,0.02,857.42,-0.00,-0.00,-0.00,0.00,0.00,0.00,10.00
42911.00,-117.11,-17.39,-0.05,0.39,0.04,-4.56,-0.29,0.02,-782.42,-0.00,-0.00,-0.00,0.00,0.00,-0.00,10.00
42921.00,-117.11,-17.39,-0.04,0.39,0.04,1.28,-0.29,0.02,583.99,-0.00,-0.00,-0.00,0.00,0.00,0.00,10.00
42931.00,-117.11,-17.39,0.02,0.39,0.04,5.87,-0.29,0.02,459.44,-0.00,-0.00,-0.00,0.00,0.00,0.00,10.00
42946.00,-117.11,-17.39,0.06,0.39,0.04,2.54,-0.29,0.02,-221.98,-0.00,-0.00,-0.00,0.00,0.00,0.00,10.00
42956.00,-117.11,-17.39,0.08,0.39,0.04,2.31,-0.29,0.02,-23.49,-0.00,-0.00,-0.00,0.00,0.00,0.00,10.00
42966.00,-117.11,-17.39,-0.04,0.39,0.04,-11.95,-0.29,0.02,-1425.80,-0.00,-0.00,-0.00,0.00,0.00,0.00,10.00
42976.00,-117.11,-17.39,-0.00,0.39,0.04,3.28,-0.29,0.02,1522.64,-0.00,-0.00,-0.00,0.00,0.00,0.00,10.00
42986.00,-117.11,-17.39,-0.02,0.39,0.04,-1.73,-0.29,0.02,-500.40,-0.00,-0.00,-0.00,0.00,-0.00,-0.00,10.00
42996.00,-117.11,-17.39,-0.09,0.39,0.04,-7.28,-0.29,0.02,-555.63,-0.00,-0.00,-0.00,0.00,-0.00,-0.00,16.00
43012.00,-117.04,-17.38,-0.06,0.32,0.05,2.42,-0.33,0.01,606.42,-0.00,-0.00,-0.00,0.00,-0.01,-0.00,10.00
43022.00,-117.04,-17.38,-0.08,0.32,0.05,-2.58,-0.33,0.01,-499.45,-0.00,-0.00,-0.00,0.00,-0.00,0.00,10.00
43032.00,-117.04,-17.38,0.02,0.32,0.05,9.88,-0.33,0.01,1245.58,-0.00,-0.00,-0.00,-0.00,-0.00,0.00,10.00
43042.00,-117.04,-17.38,0.02,0.32,0.05,0.61,-0.33,0.01,-926.81,-0.00,-0.00,-0.00,0.00,0.00,-0.00,10.00
43057.00,-117.04,-17.38,-0.01,0.32,0.05,-2.43,-0.33,0.01,-203.00,-0.00,-0.00,-0.00,0.00,0.00,0.00,10.00
43067.00,-117.04,-17.38,0.05,0.32,0.05,6.69,-0.33,0.01,912.73,-0.00,-0.00,-0.00,0.01,-0.00,0.00,10.00
43077.00,-117.04,-17.38,-0.03,0.32,0.05,-8.70,-0.33,0.01,-1538.97,-0.00,-0.00,-0.00,0.00,-0.00,0.00,10.00
43087.00,-117.04,-17.38,-0.04,0.32,0.05,-0.70,-0.33,0.01,799.95,-0.00,-0.00,-0.00,0.00,-0.00,0.00,10.00
43097.00,-117.04,-17.38,0.01,0.32,0.05,4.67,-0.33,0.01,537.06,-0.00,-0.00,-0.00,-0.00,-0.00,0.00,16.00
43113.00,-117.04,-17.38,-0.02,0.32,0.05,-1.53,-0.33,0.01,-387.60,-0.00,-0.00,-0.00,0.00,-0.00,0.00,10.00
43123.00,-117.04,-17.38,-0.09,0.32,0.05,-6.87,-0.33,0.01,-534.16,-0.00,-0.00,-0.00,0.00,-0.00,-0.00,10.00
43133.00,-117.04,-17.38,-0.03,0.32,0.05,6.13,-0.33,0.01,1299.96,-0.00,-0.00,-0.00,0.00,-0.00,-0.00,10.00
43143.00,-117.04,-17.38,0.05,0.32,0.05,7.07,-0.33,0.01,93.43,-0.00,-0.00,-0.00,-0.00,-0.00,0.00,10.00
43153.00,-117.04,-17.38,-0.16,0.32,0.05,-21.01,-0.33,0.01,-2807.24,-0.00,-0.00,-0.00,-0.00,-0.00,0.00,10.00
43167.00,-117.04,-17.38,0.03,0.32,0.05,14.27,-0.33,0.01,2519.49,-0.00,-0.00,-0.00,0.00,-0.00,-0.00,10.00
43177.00,-117.04,-17.38,-0.09,0.32,0.05,-12.97,-0.33,0.01,-2724.04,-0.00,-0.00,-0.00,0.00,0.00,-0.00,10.00
43187.00,-117.04,-17.38,0.01,0.32,0.05,10.23,-0.33,0.01,2320.86,-0.00,-0.00,-0.00,0.00,0.00,0.00,16.00
43203.00,-117.04,-17.38,-0.09,0.32,0.05,-6.16,-0.33,0.01,-1024.77,-0.00,-0.00,-0.00,0.00,0.00,0.00,10.00
43213.00,-116.96,-17.37,-0.06,0.39,0.08,3.10,0.35,0.18,926.08,-0.00,-0.00,-0.00,-0.00,-0.00,0.00,10.00
43223.00,-116.96,-17.37,-0.06,0.39,0.08,-0.24,0.35,0.18,-333.66,-0.00,-0.00,-0.00,-0.00,-0.00,0.00,10.00
43233.00,-116.96,-17.37,-0.11,0.39,0.08,-4.35,0.35,0.18,-411.63,-0.00,-0.00,-0.00,-0.00,0.00,0.00,10.00
43243.00,-116.96,-17.37,-0.09,0.39,0.08,1.39,0.35,0.18,574.11,-0.00,-0.00,-0.00,0.00,0.00,0.00,10.00
43253.00,-116.96,-17.37,0.01,0.39,0.08,9.78,0.35,0.18,839.06,-0.00,-0.00,-0.00,0.00,-0.00,0.00,10.00
43263.00,-116.96,-17.37,0.01,0.39,0.08,0.22,0.35,0.18,-955.56,-0.00,-0.00,-0.00,0.00,-0.00,0.00,10.00
43283.00,-116.96,-17.37,-0.10,0.39,0.08,-5.27,0.35,0.18,-274.78,-0.00,-0.00,-0.00,0.00,-0.00,0.00,18.00
43301.00,-116.96,-17.37,-0.14,0.39,0.08,-2.41,0.35,0.18,159.34,-0.00,-0.00,-0.00,0.00,-0.00,0.00,10.00
43311.00,-116.96,-17.37,-0.00,0.39,0.08,13.63,0.35,0.18,1603.48,-0.00,-0.00,-0.00,-0.00,-0.00,0.00,10.00
43321.00,-116.96,-17.37,0.01,0.39,0.08,1.95,0.35,0.18,-1168.23,-0.00,-0.00,-0.00,0.00,-0.00,0.00,10.00
43331.00,-116.96,-17.37,0.00,0.39,0.08,-1.41,0.35,0.18,-335.33,-0.00,-0.00,-0.00,0.00,-0.00,0.00,10.00
43341.00,-116.96,-17.37,0.01,0.39,0.08,0.97,0.35,0.18,237.40,-0.00,-0.00,-0.00,0.00,0.00,0.00,10.00
43351.00,-116.96,-17.37,-0.02,0.39,0.08,-3.48,0.35,0.18,-444.45,-0.00,-0.00,-0.00,-0.00,0.00,-0.00,10.00
43361.00,-116.96,-17.37,-0.09,0.39,0.08,-7.04,0.35,0.18,-356.29,-0.00,-0.00,-0.00,0.00,0.00,0.00,10.00
43371.00,-116.96,-17.37,-0.01,0.39,0.08,8.40,0.35,0.18,1543.91,-0.00,-0.00,-0.00,-0.00,0.00,-0.00,10.00
43381.00,-116.96,-17.37,-0.09,0.39,0.08,-7.62,0.35,0.18,-1601.63,-0.00,-0.00,-0.00,0.00,0.00,0.00,18.00
43404.00,-116.96,-17.37,0.06,0.39,0.08,6.23,0.35,0.18,601.90,-0.00,-0.00,-0.00,0.00,0.00,-0.00,10.00
43414.00,-116.89,-17.36,-0.05,0.39,0.04,-10.66,0.00,-0.19,-1688.53,-0.00,-0.00,-0.00,0.00,-0.00,-0.00,10.00
43424.00,-116.89,-17.36,-0.09,0.39,0.04,-4.05,0.00,-0.19,661.34,-0.00,-0.00,-0.00,0.00,-0.00,0.00,10.00
43434.00,-116.89,-17.36,-0.07,0.39,0.04,1.75,0.00,-0.19,579.46,-0.00,-0.00,-0.00,0.00,-0.00,-0.00,10.00
43444.00,-116.89,-17.36,-0.07,0.39,0.04,0.07,0.00,-0.19,-168.29,-0.00,-0.00,-0.00,0.00,-0.00,-0.00,10.00
43454.00,-116.89,-17.36,-0.05,0.39,0.04,2.45,0.00,-0.19,237.97,-0.00,-0.00,-0.00,-0.00,-0.00,0.00,10.00
43464.00,-116.89,-17.36,-0.08,0.39,0.04,-3.47,0.00,-0.19,-591.14,-0.00,-0.00,-0.00,-0.00,-0.00,0.00,10.00
43474.00,-116.89,-17.36,0.03,0.39,0.04,11.62,0.00,-0.19,1508.41,-0.00,-0.00,-0.00,-0.00,-0.00,0.00,10.00
43484.00,-116.89,-17.36,-0.00,0.39,0.04,-3.73,0.00,-0.19,-1534.57,-0.00,-0.00,-0.00,0.00,0.00,0.00,10.00
43494.00,-116.89,-17.36,-0.05,0.39,0.04,-4.66,0.00,-0.19,-93.40,-0.00,-0.00,-0.00,0.00,0.00,0.00,18.00
43517.00,-116.89,-17.36,0.03,0.39,0.04,3.38,0.00,-0.19,349.75,-0.00,-0.00,-0.00,-0.00,-0.01,0.00,10.00
43527.00,-116.89,-17.36,-0.06,0.39,0.04,-9.12,0.00,-0.19,-1250.30,-0.00,-0.00,-0.00,-0.00,-0.00,0.00,10.00
43537.00,-116.89,-17.36,-0.01,0.39,0.04,5.57,0.00,-0.19,1468.73,-0.00,-0.00,-0.00,0.00,0.01,-0.00,10.00
43547.00,-116.89,-17.36,-0.04,0.39,0.04,-2.69,0.00,-0.19,-825.85,-0.00,-0.00,-0.00,-0.00,0.01,0.00,10.00
43557.00,-116.89,-17.36,0.00,0.39,0.04,3.65,0.00,-0.19,634.51,-0.00,-0.00,-0.00,-0.00,0.00,0.00,10.00
43567.00,-116.89,-17.36,-0.03,0.39,0.04,-3.27,0.00,-0.19,-692.17,-0.00,-0.00,-0.00,-0.00,0.00,0.00,10.00
43577.00,-116.89,-17.36,-0.00,0.39,0.04,3.04,0.00,-0.19,630.29,-0.00,-0.00,-0.00,0.00,-0.00,-0.00,10.00
43587.00,-116.89,-17.36,-0.06,0.39,0.04,-5.75,0.00,-0.19,-878.73,-0.00,-0.00,-0.00,0.00,0.00,-0.00,16.00
43603.00,-116.89,-17.36,-0.01,0.39,0.04,2.84,0.00,-0.19,537.12,-0.00,-0.00,-0.00,0.00,0.00,0.00,10.00
43613.00,-116.89,-17.36,0.03,0.39,0.04,4.71,0.00,-0.19,187.15,-0.00,-0.00,-0.00,0.00,0.00,0.00,10.00
43628.00,-116.82,-17.35,0.03,0.31,0.05,-0.05,-0.35,0.01,-317.67,-0.00,-0.00,-0.00,-0.00,0.00,0.00,10.00
43638.00,-116.82,-17.35,0.09,0.31,0.05,5.49,-0.35,0.01,554.59,-0.00,-0.00,-0.00,-0.00,0.00,0.00,10.00
43648.00,-116.82,-17.35,-0.01,0.31,0.05,-10.20,-0.35,0.01,-1568.94,-0.00,-0.00,-0.00,-0.00,-0.00,-0.00,10.00
43658.00,-116.82,-17.35,-0.02,0.31,0.05,-0.90,-0.35,0.01,929.59,-0.00,-0.00,-0.00,-0.00,-0.00,-0.00,10.00
43668.00,-116.82,-17.35,0.00,0.31,0.05,2.72,-0.35,0.01,361.70,-0.00,-0.00,-0.00,-0.00,0.00,0.00,10.00
43678.00,-116.82,-17.35,-0.05,0.31,0.05,-5.29,-0.35,0.01,-800.58,-0.00,-0.00,-0.00,0.00,0.00,0.00,10.00
43688.00,-116.82,-17.35,-0.09,0.31,0.05,-4.34,-0.35,0.01,94.73,-0.00,-0.00,-0.00,-0.00,0.00,0.01,16.00
43704.00,-116.82,-17.35,-0.05,0.31,0.05,2.91,-0.35,0.01,453.39,-0.00,-0.00,-0.00,0.00,0.00,0.00,10.00
43714.00,-116.82,-17.35,0.05,0.31,0.05,9.61,-0.35,0.01,670.01,-0.00,-0.00,-0.00,-0.00,0.01,-0.00,10.00
43724.00,-116.82,-17.35,-0.03,0.31,0.05,-8.04,-0.35,0.01,-1765.15,-0.00,-0.00,-0.00,0.00,0.00,-0.00,10.00
43739.00,-116.82,-17.35,0.07,0.31,0.05,6.48,-0.35,0.01,968.14,-0.00,-0.00,-0.00,0.00,-0.00,0.00,10.00
43749.00,-116.82,-17.35,-0.03,0.31,0.05,-10.25,-0.35,0.01,-1673.88,-0.00,-0.00,-0.00,0.00,0.00,0.00,10.00
43759.00,-116.82,-17.35,-0.07,0.31,0.05,-3.38,-0.35,0.01,687.52,-0.00,-0.00,-0.00,0.00,-0.00,0.00,10.00
43769.00,-116.82,-17.35,-0.09,0.31,0.05,-2.19,-0.35,0.01,119.13,-0.00,-0.00,-0.00,0.00,0.00,0.00,10.00
43779.00,-116.82,-17.35,-0.09,0.31,0.05,-0.06,-0.35,0.01,213.00,-0.00,-0.00,-0.00,0.00,-0.00,0.00,10.00
43789.00,-116.82,-17.35,-0.12,0.31,0.05,-3.29,-0.35,0.01,-323.32,-0.00,-0.00,-0.00,-0.00,0.00,0.00,17.00
43806.00,-116.82,-17.35,-0.13,0.31,0.05,-0.10,-0.35,0.01,187.48,-0.00,-0.00,-0.00,-0.00,0.00,-0.00,10.00
43816.00,-116.82,-17.35,-0.16,0.31,0.05,-3.13,-0.35,0.01,-302.54,-0.00,-0.00,-0.00,-0.00,0.00,-0.00,10.00
43826.00,-116.82,-17.35,-0.16,0.31,0.05,-0.07,-0.35,0.01,305.82,-0.00,-0.00,-0.00,-0.00,0.00,-0.00,10.00
43836.00,-116.76,-17.34,-0.03,0.27,0.05,12.53,-0.21,0.03,1259.85,-0.00,-0.00,-0.00,0.00,-0.00,-0.00,10.00
43851.00,-116.76,-17.34,-0.06,0.27,0.05,-1.90,-0.21,0.03,-962.09,-0.00,-0.00,-0.00,0.00,-0.00,0.00,10.00
43861.00,-116.76,-17.34,-0.02,0.27,0.05,4.59,-0.21,0.03,649.02,-0.00,-0.00,-0.00,0.00,-0.01,0.00,10.00
43871.00,-116.76,-17.34,-0.11,0.27,0.05,-9.14,-0.21,0.03,-1372.93,-0.00,-0.00,-0.00,0.00,0.00,0.00,10.00
43881.00,-116.76,-17.34,0.02,0.27,0.05,12.27,-0.21,0.03,2141.48,-0.00,-0.00,-0.00,-0.00,0.00,0.00,10.00
43891.00,-116.76,-17.34,-0.06,0.27,0.05,-7.48,-0.21,0.03,-1975.02,-0.00,-0.00,-0.00,-0.00,0.00,-0.00,10.00
43901.00,-116.76,-17.34,-0.04,0.27,0.05,2.07,-0.21,0.03,954.84,-0.00,-0.00,-0.00,-0.00,-0.00,0.00,16.00
43917.00,-116.76,-17.34,-0.07,0.27,0.05,-2.09,-0.21,0.03,-260.26,-0.00,-0.00,-0.00,0.00,-0.00,-0.00,10.00
43927.00,-116.76,-17.34,-0.06,0.27,0.05,1.25,-0.21,0.03,334.86,-0.00,-0.00,-0.00,0.00,-0.00,-0.00,10.00
43937.00,-116.76,-17.34,-0.04,0.27,0.05,1.62,-0.21,0.03,37.00,-0.00,-0.00,-0.00,-0.00,-0.00,0.00,10.00
43947.00,-116.76,-17.34,-0.03,0.27,0.05,1.49,-0.21,0.03,-13.61,-0.00,-0.00,-0.00,0.00,-0.00,0.00,10.00
43962.00,-116.76,-17.34,-0.16,0.27,0.05,-8.96,-0.21,0.03,-696.83,-0.00,-0.00,-0.00,0.00,0.00,-0.00,10.00
43972.00,-116.76,-17.34,-0.01,0.27,0.05,14.85,-0.21,0.03,2381.51,-0.00,-0.00,-0.00,-0.00,-0.00,-0.00,10.00
43982.00,-116.76,-17.34,-0.02,0.27,0.05,-0.59,-0.21,0.03,-1544.47,-0.00,-0.00,-0.00,-0.00,-0.00,-0.00,18.00
44000.00,-116.76,-17.34,-0.05,0.27,0.05,-1.45,-0.21,0.03,-47.42,-0.00,-0.00,-0.00,0.00,0.00,0.00,10.00
44010.00,-116.76,-17.34,-0.09,0.27,0.05,-4.14,-0.21,0.03,-269.43,-0.00,-0.00,-0.00,0.01,0.00,0.00,10.00
44020.00,-116.76,-17.34,-0.12,0.27,0.05,-3.17,-0.21,0.03,97.41,-0.00,-0.00,-0.00,0.00,-0.00,0.00,10.00
44030.00,-116.76,-17.34,-0.06,0.27,0.05,6.20,-0.21,0.03,937.09,-0.00,-0.00,-0.00,-0.01,-0.00,0.00,10.00
44040.00,-116.71,-17.34,-0.20,0.27,0.01,-14.03,0.03,-0.18,-2023.29,-0.00,-0.00,-0.00,-0.00,-0.00,0.00,10.00
44050.00,-116.71,-17.34,-0.00,0.27,0.01,19.30,0.03,-0.18,3332.90,-0.00,-0.00,-0.00,0.00,0.00,-0.00,10.00
44060.00,-116.71,-17.34,-0.13,0.27,0.01,-12.77,0.03,-0.18,-3207.38,-0.00,-0.00,-0.00,0.00,0.00,-0.00,10.00
44075.00,-116.71,-17.34,-0.09,0.27,0.01,2.64,0.03,-0.18,1027.60,-0.00,-0.00,-0.00,0.00,0.00,-0.00,10.00
44085.00,-116.71,-17.34,-0.08,0.27,0.01,0.94,0.03,-0.18,-170.16,-0.00,-0.00,-0.00,0.00,-0.00,0.00,18.00
44103.00,-116.71,-17.34,-0.14,0.27,0.01,-3.01,0.03,-0.18,-219.50,-0.00,-0.00,-0.00,0.01,-0.00,0.00,10.00
44113.00,-116.71,-17.34,-0.13,0.27,0.01,1.03,0.03,-0.18,404.68,-0.00,-0.00,-0.00,0.00,-0.00,0.00,10.00
44123.00,-116.71,-17.34,-0.14,0.27,0.01,-1.49,0.03,-0.18,-252.11,-0.00,-0.00,-0.00,0.00,-0.00,0.00,10.00
44133.00,-116.71,-17.34,-0.11,0.27,0.01,3.10,0.03,-0.18,458.72,-0.00,-0.00,-0.00,-0.00,-0.01,-0.00,10.00
44143.00,-116.71,-17.34,-0.12,0.27,0.01,-0.74,0.03,-0.18,-384.09,-0.00,-0.00,-0.00,-0.01,-0.00,-0.00,10.00
44153.00,-116.71,-17.34,-0.14,0.27,0.01,-1.72,0.03,-0.18,-98.05,-0.00,-0.00,-0.00,-0.00,-0.00,-0.00,10.00
44163.00,-116.71,-17.34,-0.16,0.27,0.01,-2.89,0.03,-0.18,-116.41,-0.00,-0.00,-0.00,0.00,0.00,-0.00,10.00
44173.00,-116.71,-17.34,-0.18,0.27,0.01,-1.43,0.03,-0.18,145.17,-0.00,-0.00,-0.00,0.00,-0.00,0.00,10.00
44193.00,-116.71,-17.34,-0.06,0.27,0.01,5.91,0.03,-0.18,367.08,-0.00,-0.00,-0.00,0.00,-0.01,0.00,17.00
44210.00,-116.71,-17.34,-0.20,0.27,0.01,-8.05,0.03,-0.18,-821.13,-0.00,-0.00,-0.00,0.00,-0.00,0.00,10.00
44220.00,-116.71,-17.34,-0.06,0.27,0.01,13.26,0.03,-0.18,2131.30,-0.00,-0.00,-0.00,0.00,-0.00,-0.00,10.00
44230.00,-116.71,-17.34,-0.13,0.27,0.01,-6.77,0.03,-0.18,-2003.09,-0.00,-0.00,-0.00,-0.00,0.00,-0.00,10.00
44240.00,-116.65,-17.32,-0.15,0.28,0.05,-1.75,0.03,0.19,501.52,-0.00,-0.00,-0.00,-0.00,0.00,-0.00,10.00
44250.00,-116.65,-17.32,-0.08,0.28,0.05,6.78,0.03,0.19,853.53,-0.00,-0.00,-0.00,-0.00,0.00,-0.00,10.00
44260.00,-116.65,-17.32,-0.12,0.28,0.05,-4.20,0.03,0.19,-1097.70,-0.00,-0.00,-0.00,-0.00,-0.00,0.00,10.00
44270.00,-116.65,-17.32,-0.12,0.28,0.05,0.15,0.03,0.19,434.36,-0.00,-0.00,-0.00,0.00,-0.00,-0.00,10.00
44280.00,-116.65,-17.32,-0.00,0.28,0.05,12.08,0.03,0.19,1193.29,-0.00,-0.00,-0.00,0.00,-0.00,0.00,10.00
44290.00,-116.65,-17.32,-0.18,0.28,0.05,-17.93,0.03,0.19,-3001.45,-0.00,-0.00,-0.00,0.00,0.00,0.00,16.00
44310.00,-116.65,-17.32,0.03,0.28,0.05,10.81,0.03,0.19,1437.03,-0.00,-0.00,-0.00,-0.00,0.01,-0.00,10.00
44320.00,-116.65,-17.32,-0.11,0.28,0.05,-14.23,0.03,0.19,-2503.56,-0.00,-0.00,-0.00,0.00,0.00,-0.00,10.00
44330.00,-116.65,-17.32,-0.06,0.28,0.05,4.35,0.03,0.19,1858.14,-0.00,-0.00,-0.00,-0.00,-0.00,-0.01,10.00
44340.00,-116.65,-17.32,-0.08,0.28,0.05,-1.71,0.03,0.19,-605.75,-0.00,-0.00,-0.00,-0.00,0.00,-0.00,10.00
44350.00,-116.65,-17.32,-0.04,0.28,0.05,4.21,0.03,0.19,591.41,-0.00,-0.00,-0.00,-0.00,0.00,-0.00,10.00
44360.00,-116.65,-17.32,-0.16,0.28,0.05,-11.63,0.03,0.19,-1584.08,-0.00,-0.00,-0.00,0.00,0.00,-0.00,10.00
44370.00,-116.65,-17.32,-0.07,0.28,0.05,8.48,0.03,0.19,2011.59,-0.00,-0.00,-0.00,0.00,0.00,0.00,10.00
44380.00,-116.65,-17.32,-0.13,0.28,0.05,-5.53,0.03,0.19,-1401.79,-0.00,-0.00,-0.00,0.00,-0.00,0.00,10.00
44390.00,-116.65,-17.32,-0.23,0.28,0.05,-10.50,0.03,0.19,-496.38,-0.00,-0.00,-0.00,-0.00,0.00,0.00,16.00
44406.00,-116.65,-17.32,-0.28,0.28,0.05,-3.05,0.03,0.19,465.45,-0.00,-0.00,-0.00,0.00,0.00,-0.00,10.00
44421.00,-116.65,-17.32,-0.13,0.28,0.05,9.97,0.03,0.19,868.31,-0.00,-0.00,-0.00,0.00,0.00,-0.01,10.00
44431.00,-116.65,-17.32,-0.14,0.28,0.05,-0.89,0.03,0.19,-1086.64,-0.00,-0.00,-0.00,0.00,0.00,0.00,10.00
44441.00,-116.60,-17.32,-0.16,0.28,0.02,-2.02,-0.01,-0.19,-112.29,-0.00,-0.00,-0.00,0.00,0.00,0.00,10.00
44451.00,-116.60,-17.32,-0.15,0.28,0.02,0.60,-0.01,-0.19,262.05,-0.00,-0.00,-0.00,0.00,0.00,-0.00,10.00
44461.00,-116.60,-17.32,-0.24,0.28,0.02,-8.63,-0.01,-0.19,-923.48,-0.00,-0.00,-0.00,0.00,0.00,0.00,10.00
44471.00,-116.60,-17.32,-0.14,0.28,0.02,9.46,-0.01,-0.19,1809.19,-0.00,-0.00,-0.00,0.00,-0.00,0.00,10.00
44481.00,-116.60,-17.32,-0.23,0.28,0.02,-8.07,-0.01,-0.19,-1753.18,-0.00,-0.00,-0.00,-0.00,0.00,0.00,16.00
44497.00,-116.60,-17.32,-0.23,0.28,0.02,-0.01,-0.01,-0.19,503.64,-0.00,-0.00,-0.00,-0.00,0.00,0.00,10.00
44507.00,-116.60,-17.32,-0.17,0.28,0.02,5.95,-0.01,-0.19,596.62,-0.00,-0.00,-0.00,-0.00,0.00,-0.00,10.00
44517.00,-116.60,-17.32,-0.22,0.28,0.02,-5.20,-0.01,-0.19,-1115.84,-0.00,-0.00,-0.00,-0.00,0.00,-0.00,10.00
44532.00,-116.60,-17.32,-0.09,0.28,0.02,8.39,-0.01,-0.19,905.99,-0.00,-0.00,-0.00,0.00,0.00,-0.00,10.00
44542.00,-116.60,-17.32,-0.19,0.28,0.02,-9.82,-0.01,-0.19,-1820.55,-0.00,-0.00,-0.00,0.00,-0.00,-0.00,10.00
44552.00,-116.60,-17.32,-0.20,0.28,0.02,-0.88,-0.01,-0.19,894.36,-0.00,-0.00,-0.00,-0.00,-0.00,0.00,10.00
44562.00,-116.60,-17.32,-0.12,0.28,0.02,7.58,-0.01,-0.19,845.70,-0.00,-0.00,-0.00,-0.00,0.00,-0.00,10.00
44572.00,-116.60,-17.32,-0.13,0.28,0.02,-0.98,-0.01,-0.19,-855.79,-0.00,-0.00,-0.00,0.00,0.00,-0.00,10.00
44582.00,-116.60,-17.32,-0.18,0.28,0.02,-4.34,-0.01,-0.19,-336.51,-0.00,-0.00,-0.00,0.00,0.00,-0.00,10.00
44592.00,-116.60,-17.32,-0.23,0.28,0.02,-5.84,-0.01,-0.19,-149.82,-0.00,-0.00,-0.00,0.00,-0.00,-0.00,16.00
44608.00,-116.60,-17.32,-0.23,0.28,0.02,0.34,-0.01,-0.19,386.16,-0.00,-0.00,-0.00,-0.00,-0.00,-0.00,10.00
44618.00,-116.60,-17.32,-0.19,0.28,0.02,3.67,-0.01,-0.19,333.36,-0.00,-0.00,-0.00,-0.00,-0.00,-0.00,10.00
44628.00,-116.60,-17.32,-0.18,0.28,0.02,1.77,-0.01,-0.19,-190.33,-0.00,-0.00,-0.00,0.00,0.00,-0.00,10.00
44643.00,-116.55,-17.31,-0.17,0.22,0.06,0.36,-0.28,0.21,-94.11,-0.00,-0.00,-0.00,0.00,0.01,-0.00,10.00
44653.00,-116.55,-17.31,-0.19,0.22,0.06,-2.52,-0.28,0.21,-287.64,-0.00,-0.00,-0.00,-0.00,0.00,0.00,10.00
44663.00,-116.55,-17.31,-0.15,0.22,0.06,4.09,-0.28,0.21,661.30,-0.00,-0.00,-0.00,-0.00,-0.00,-0.00,10.00
44673.00,-116.55,-17.31,-0.12,0.22,0.06,3.05,-0.28,0.21,-103.98,-0.00,-0.00,-0.00,0.00,0.00,0.00,10.00
44683.00,-116.55,-17.31,-0.06,0.22,0.06,6.06,-0.28,0.21,300.79,-0.00,-0.00,-0.00,-0.00,0.00,0.00,10.00
44693.00,-116.55,-17.31,-0.23,0.22,0.06,-16.84,-0.28,0.21,-2290.09,-0.00,-0.00,-0.00,-0.00,0.01,0.00,15.00
44708.00,-116.55,-17.31,-0.20,0.22,0.06,2.15,-0.28,0.21,1265.80,-0.00,-0.00,-0.00,-0.00,0.00,-0.00,10.00
44718.00,-116.55,-17.31,-0.12,0.22,0.06,7.41,-0.28,0.21,526.58,-0.00,-0.00,-0.00,0.00,0.00,-0.00,10.00
44728.00,-116.55,-17.31,-0.16,0.22,0.06,-4.02,-0.28,0.21,-1142.97,-0.00,-0.00,-0.00,0.00,-0.00,0.00,10.00
44738.00,-116.55,-17.31,-0.23,0.22,0.06,-6.74,-0.28,0.21,-272.53,-0.00,-0.00,-0.00,0.00,-0.00,0.00,10.00
44753.00,-116.55,-17.31,-0.18,0.22,0.06,3.28,-0.28,0.21,668.09,-0.00,-0.00,-0.00,-0.00,-0.00,0.00,10.00
44763.00,-116.55,-17.31,-0.24,0.22,0.06,-5.28,-0.28,0.21,-856.15,-0.00,-0.00,-0.00,-0.00,-0.00,0.00,10.00
44773.00,-116.55,-17.31,-0.15,0.22,0.06,9.04,-0.28,0.21,1432.10,-0.00,-0.00,-0.00,-0.00,-0.00,0.00,10.00
44783.00,-116.55,-17.31,-0.20,0.22,0.06,-5.84,-0.28,0.21,-1487.97,-0.00,-0.00,-0.00,-0.00,-0.00,-0.00,10.00
44793.00,-116.55,-17.31,-0.07,0.22,0.06,13.37,-0.28,0.21,1920.94,-0.00,-0.00,-0.00,-0.00,-0.01,0.00,15.00
44808.00,-116.55,-17.31,-0.23,0.22,0.06,-10.63,-0.28,0.21,-1599.66,-0.00,-0.00,-0.00,0.00,0.00,-0.00,10.00
44818.00,-116.55,-17.31,-0.18,0.22,0.06,5.44,-0.28,0.21,1606.31,-0.00,-0.00,-0.00,0.00,-0.00,-0.00,10.00
44828.00,-116.55,-17.31,-0.26,0.22,0.06,-8.82,-0.28,0.21,-1425.63,-0.00,-0.00,-0.00,0.00,-0.00,0.00,10.00
44838.00,-116.55,-17.31,-0.23,0.22,0.06,2.96,-0.28,0.21,1178.09,-0.00,-0.00,-0.00,0.00,-0.00,0.00,10.00
44848.00,-116.51,-17.31,-0.16,0.22,-0.02,7.66,-0.02,-0.37,469.45,-0.00,-0.00,-0.00,-0.00,-0.00,-0.00,10.00
44868.00,-116.51,-17.31,-0.13,0.22,-0.02,1.31,-0.02,-0.37,-317.40,-0.00,-0.00,-0.00,-0.00,0.00,0.00,10.00
44878.00,-116.51,-17.31,-0.26,0.22,-0.02,-12.80,-0.02,-0.37,-1410.85,-0.00,-0.00,-0.00,-0.00,0.00,0.00,10.00
44888.00,-116.51,-17.31,-0.14,0.22,-0.02,12.37,-0.02,-0.37,2517.04,-0.00,-0.00,-0.00,0.00,-0.00,0.00,18.00
44906.00,-116.51,-17.31,-0.15,0.22,-0.02,-0.85,-0.02,-0.37,-734.24,-0.00,-0.00,-0.00,-0.00,-0.00,0.00,10.00
44916.00,-116.51,-17.31,-0.28,0.22,-0.02,-13.05,-0.02,-0.37,-1220.49,-0.00,-0.00,-0.00,-0.00,-0.00,0.00,10.00
44926.00,-116.51,-17.31,-0.27,0.22,-0.02,1.30,-0.02,-0.37,1435.56,-0.00,-0.00,-0.00,-0.00,-0.00,0.00,10.00
44936.00,-116.51,-17.31,-0.20,0.22,-0.02,6.79,-0.02,-0.37,548.01,-0.00,-0.00,-0.00,0.00,0.00,0.00,10.00
44946.00,-116.51,-17.31,-0.09,0.22,-0.02,10.58,-0.02,-0.37,379.40,-0.00,-0.00,-0.00,0.00,-0.00,0.00,10.00
44956.00,-116.51,-17.31,-0.12,0.22,-0.02,-2.42,-0.02,-0.37,-1299.87,-0.00,-0.00,-0.00,-0.00,0.00,0.00,10.00
44966.00,-116.51,-17.31,-0.22,0.22,-0.02,-10.46,-0.02,-0.37,-803.91,-0.00,-0.00,-0.00,-0.00,-0.00,0.00,10.00
44986.00,-116.51,-17.31,-0.19,0.22,-0.02,1.62,-0.02,-0.37,603.84,-0.00,-0.00,-0.00,-0.00,0.00,-0.00,19.00
45005.00,-116.51,-17.31,-0.23,0.22,-0.02,-2.20,-0.02,-0.37,-201.19,-0.00,-0.00,-0.00,0.00,-0.00,0.00,10.00
45015.00,-116.51,-17.31,-0.13,0.22,-0.02,10.17,-0.02,-0.37,1237.74,-0.00,-0.00,-0.00,-0.01,-0.00,-0.00,10.00
45025.00,-116.51,-17.31,-0.20,0.22,-0.02,-6.57,-0.02,-0.37,-1674.39,-0.00,-0.00,-0.00,-0.00,-0.00,0.00,10.00
45035.00,-116.51,-17.31,-0.19,0.22,-0.02,0.22,-0.02,-0.37,679.56,-0.00,-0.00,-0.00,-0.00,-0.00,0.00,10.00
45045.00,-116.51,-17.31,-0.22,0.22,-0.02,-2.12,-0.02,-0.37,-234.43,-0.00,-0.00,-0.00,0.00,0.00,-0.00,10.00
45055.00,-116.46,-17.31,-0.25,0.22,0.02,-3.79,-0.01,0.18,-167.36,-0.00,-0.00,-0.00,-0.00,0.00,-0.00,10.00
45065.00,-116.46,-17.31,-0.26,0.22,0.02,-0.97,-0.01,0.18,281.90,-0.00,-0.00,-0.00,-0.00,-0.00,-0.00,10.00
45075.00,-116.46,-17.31,-0.09,0.22,0.02,17.01,-0.01,0.18,1798.09,-0.00,-0.00,-0.00,0.00,0.00,-0.00,10.00
45085.00,-116.46,-17.31,-0.20,0.22,0.02,-10.72,-0.01,0.18,-2772.82,-0.00,-0.00,-0.00,-0.00,0.00,0.00,15.00
45105.00,-116.46,-17.31,-0.25,0.22,0.02,-2.28,-0.01,0.18,422.23,-0.00,-0.00,-0.00,-0.00,0.00,0.00,10.00
45115.00,-116.46,-17.31,-0.28,0.22,0.02,-3.48,-0.01,0.18,-120.79,-0.00,-0.00,-0.00,0.00,-0.00,0.00,10.00
45125.00,-116.46,-17.31,-0.23,0.22,0.02,5.27,-0.01,0.18,875.40,-0.00,-0.00,-0.00,0.00,-0.00,-0.00,10.00
45135.00,-116.46,-17.31,-0.18,0.22,0.02,5.02,-0.01,0.18,-24.73,-0.00,-0.00,-0.00,-0.00,-0.00,-0.00,10.00
45145.00,-116.46,-17.31,-0.25,0.22,0.02,-7.16,-0.01,0.18,-1217.87,-0.00,-0.00,-0.00,0.00,-0.00,-0.00,10.00
45155.00,-116.46,-17.31,-0.25,0.22,0.02,0.17,-0.01,0.18,732.77,-0.00,-0.00,-0.00,-0.00,-0.00,0.00,10.00
45165.00,-116.46,-17.31,-0.19,0.22,0.02,5.46,-0.01,0.18,529.07,-0.00,-0.00,-0.00,-0.00,-0.00,-0.00,10.00
45175.00,-116.46,-17.31,-0.19,0.22,0.02,0.41,-0.01,0.18,-505.08,-0.00,-0.00,-0.00,0.00,0.00,-0.00,10.00
45185.00,-116.46,-17.31,-0.20,0.22,0.02,-0.71,-0.01,0.18,-112.37,-0.00,-0.00,-0.00,0.00,0.00,0.00,16.00
45201.00,-116.46,-17.31,-0.14,0.22,0.02,3.35,-0.01,0.18,253.91,-0.00,-0.00,-0.00,-0.00,0.00,0.00,10.00
45216.00,-116.46,-17.31,-0.25,0.22,0.02,-7.25,-0.01,0.18,-706.50,-0.00,-0.00,-0.00,0.00,-0.00,-0.00,10.00
45226.00,-116.46,-17.31,-0.21,0.22,0.02,4.14,-0.01,0.18,1139.17,-0.00,-0.00,-0.00,0.00,0.00,-0.00,10.00
45236.00,-116.46,-17.31,-0.22,0.22,0.02,-1.23,-0.01,0.18,-537.48,-0.00,-0.00,-0.00,0.00,-0.00,-0.00,10.00
45246.00,-116.46,-17.31,-0.18,0.22,0.02,4.14,-0.01,0.18,537.55,-0.00,-0.00,-0.00,0.00,-0.00,-0.00,10.00
45256.00,-116.42,-17.30,-0.28,0.22,0.06,-9.66,0.03,0.19,-1380.75,-0.00,-0.00,-0.00,0.00,0.00,-0.00,10.00
45266.00,-116.42,-17.30,-0.15,0.22,0.06,12.75,0.03,0.19,2241.26,-0.00,-0.00,-0.00,0.00,0.00,0.00,10.00
45276.00,-116.42,-17.30,-0.16,0.22,0.06,-0.79,0.03,0.19,-1354.11,-0.00,-0.00,-0.00,-0.00,0.00,-0.00,10.00
45286.00,-116.42,-17.30,-0.14,0.22,0.06,2.04,0.03,0.19,283.47,-0.00,-0.00,-0.00,0.00,-0.00,0.00,18.00
45304.00,-116.42,-17.30,-0.27,0.22,0.06,-7.25,0.03,0.19,-516.39,-0.00,-0.00,-0.00,0.00,-0.00,0.00,10.00
45314.00,-116.42,-17.30,-0.29,0.22,0.06,-2.09,0.03,0.19,515.89,-0.00,-0.00,-0.00,-0.00,-0.00,0.00,10.00
45329.00,-116.42,-17.30,-0.22,0.22,0.06,4.74,0.03,0.19,455.25,-0.00,-0.00,-0.00,-0.00,-0.00,0.00,10.00
45339.00,-116.42,-17.30,-0.15,0.22,0.06,7.22,0.03,0.19,248.05,-0.00,-0.00,-0.00,-0.00,0.00,-0.00,10.00
45349.00,-116.42,-17.30,-0.24,0.22,0.06,-9.47,0.03,0.19,-1668.80,-0.00,-0.00,-0.00,0.00,0.00,-0.00,10.00
45359.00,-116.42,-17.30,-0.21,0.22,0.06,2.70,0.03,0.19,1216.95,-0.00,-0.00,-0.00,0.00,0.01,-0.00,10.00
45369.00,-116.42,-17.30,-0.18,0.22,0.06,3.81,0.03,0.19,110.76,-0.00,-0.00,-0.00,0.00,-0.00,0.00,10.00
45379.00,-116.42,-17.30,-0.20,0.22,0.06,-2.22,0.03,0.19,-602.53,-0.00,-0.00,-0.00,0.00,0.00,-0.00,10.00
45389.00,-116.42,-17.30,-0.19,0.22,0.06,0.27,0.03,0.19,248.52,-0.00,-0.00,-0.00,-0.00,-0.00,0.00,18.00
45407.00,-116.42,-17.30,-0.14,0.22,0.06,3.29,0.03,0.19,168.10,-0.00,-0.00,-0.00,0.00,-0.00,-0.00,10.00
45417.00,-116.42,-17.30,-0.28,0.22,0.06,-14.63,0.03,0.19,-1791.77,-0.00,-0.00,-0.00,-0.00,0.00,0.00,10.00
45427.00,-116.42,-17.30,-0.21,0.22,0.06,7.61,0.03,0.19,2224.11,-0.00,-0.00,-0.00,-0.00,0.00,0.00,10.00
45442.00,-116.42,-17.30,-0.04,0.22,0.06,10.93,0.03,0.19,220.75,-0.00,-0.00,-0.00,-0.00,0.00,-0.00,10.00
45452.00,-116.42,-17.30,-0.19,0.22,0.06,-14.71,0.03,0.19,-2563.77,-0.00,-0.00,-0.00,0.00,0.00,0.00,10.00
45462.00,-116.39,-17.30,-0.15,0.16,-0.01,3.85,-0.29,-0.35,1856.22,-0.00,-0.00,-0.00,0.00,-0.00,-0.00,10.00
45472.00,-116.39,-17.30,-0.29,0.16,-0.01,-14.02,-0.29,-0.35,-1787.07,-0.00,-0.00,-0.00,0.00,-0.00,0.00,10.00
45482.00,-116.39,-17.30,-0.15,0.16,-0.01,14.37,-0.29,-0.35,2839.12,-0.00,-0.00,-0.00,0.00,0.00,0.00,17.00
45499.00,-116.39,-17.30,-0.07,0.16,-0.01,4.57,-0.29,-0.35,-576.80,-0.00,-0.00,-0.00,0.00,-0.00,0.00,10.00
45509.00,-116.39,-17.30,-0.19,0.16,-0.01,-12.24,-0.29,-0.35,-1680.36,-0.00,-0.00,-0.00,-0.00,0.00,0.00,10.00
45519.00,-116.39,-17.30,-0.23,0.16,-0.01,-3.39,-0.29,-0.35,884.86,-0.00,-0.00,-0.00,0.00,0.00,0.00,10.00
45529.00,-116.39,-17.30,-0.25,0.16,-0.01,-2.67,-0.29,-0.35,72.21,-0.00,-0.00,-0.00,-0.00,0.00,-0.00,10.00
45539.00,-116.39,-17.30,-0.08,0.16,-0.01,17.26,-0.29,-0.35,1992.72,-0.00,-0.00,-0.00,-0.00,-0.00,-0.00,10.00
45554.00,-116.39,-17.30,-0.19,0.16,-0.01,-7.03,-0.29,-0.35,-1619.22,-0.00,-0.00,-0.00,0.00,-0.00,0.00,10.00
45564.00,-116.39,-17.30,-0.15,0.16,-0.01,3.39,-0.29,-0.35,1041.46,-0.00,-0.00,-0.00,0.00,-0.00,0.00,10.00
45574.00,-116.39,-17.30,-0.25,0.16,-0.01,-10.01,-0.29,-0.35,-1339.52,-0.00,-0.00,-0.00,0.00,0.00,-0.00,10.00
45584.00,-116.39,-17.30,-0.15,0.16,-0.01,9.79,-0.29,-0.35,1979.47,-0.00,-0.00,-0.00,-0.00,-0.00,0.00,16.00
45600.00,-116.39,-17.30,-0.26,0.16,-0.01,-6.47,-0.29,-0.35,-1016.22,-0.00,-0.00,-0.00,0.00,-0.00,0.00,10.00
45610.00,-116.39,-17.30,-0.04,0.16,-0.01,22.09,-0.29,-0.35,2856.16,-0.00,-0.00,-0.00,-0.00,-0.00,0.00,10.00
45620.00,-116.39,-17.30,-0.28,0.16,-0.01,-24.82,-0.29,-0.35,-4690.61,-0.00,-0.00,-0.00,0.00,-0.00,-0.00,10.00
45630.00,-116.39,-17.30,-0.30,0.16,-0.01,-1.64,-0.29,-0.35,2318.04,-0.00,-0.00,-0.00,0.00,-0.00,-0.00,10.00
45640.00,-116.39,-17.30,-0.19,0.16,-0.01,11.31,-0.29,-0.35,1294.56,-0.00,-0.00,-0.00,-0.00,-0.00,0.00,10.00
45650.00,-116.39,-17.30,-0.20,0.16,-0.01,-1.16,-0.29,-0.35,-1246.68,-0.00,-0.00,-0.00,0.00,-0.00,0.00,10.00
45665.00,-116.35,-17.29,-0.14,0.16,0.06,3.67,0.01,0.37,321.76,-0.00,-0.00,-0.00,0.00,-0.00,-0.00,10.00
45675.00,-116.35,-17.29,-0.18,0.16,0.06,-3.09,0.01,0.37,-676.07,-0.00,-0.00,-0.00,-0.00,-0.00,-0.00,10.00
45685.00,-116.35,-17.29,-0.09,0.16,0.06,8.15,0.01,0.37,1124.74,-0.00,-0.00,-0.00,-0.00,0.00,0.00,16.00
45701.00,-116.35,-17.29,-0.25,0.16,0.06,-9.97,0.01,0.37,-1132.49,-0.00,-0.00,-0.00,-0.00,-0.00,0.00,10.00
45711.00,-116.35,-17.29,-0.28,0.16,0.06,-2.63,0.01,0.37,733.73,-0.00,-0.00,-0.00,0.00,0.00,0.00,10.00
45721.00,-116.35,-17.29,-0.20,0.16,0.06,7.76,0.01,0.37,1038.91,-0.00,-0.00,-0.00,0.00,0.00,0.00,10.00
45731.00,-116.35,-17.29,-0.21,0.16,0.06,-0.34,0.01,0.37,-809.88,-0.00,-0.00,-0.00,0.00,-0.00,0.00,10.00
45741.00,-116.35,-17.29,-0.16,0.16,0.06,4.40,0.01,0.37,473.72,-0.00,-0.00,-0.00,0.00,-0.00,0.00,10.00
45751.00,-116.35,-17.29,-0.27,0.16,0.06,-10.83,0.01,0.37,-1523.03,-0.00,-0.00,-0.00,0.00,0.00,0.00,10.00
45761.00,-116.35,-17.29,-0.15,0.16,0.06,12.35,0.01,0.37,2318.41,-0.00,-0.00,-0.00,0.00,0.00,0.00,10.00
45776.00,-116.35,-17.29,-0.28,0.16,0.06,-8.74,0.01,0.37,-1406.04,-0.00,-0.00,-0.00,-0.00,0.00,0.00,10.00
45786.00,-116.35,-17.29,-0.19,0.16,0.06,9.06,0.01,0.37,1780.22,-0.00,-0.00,-0.00,-0.00,-0.00,-0.00,16.00
45802.00,-116.35,-17.29,-0.17,0.16,0.06,0.76,0.01,0.37,-518.92,-0.00,-0.00,-0.00,0.00,-0.00,-0.00,10.00
45812.00,-116.35,-17.29,-0.27,0.16,0.06,-9.93,0.01,0.37,-1069.40,-0.00,-0.00,-0.00,0.00,0.00,0.00,10.00
45822.00,-116.35,-17.29,-0.27,0.16,0.06,0.11,0.01,0.37,1004.00,-0.00,-0.00,-0.00,0.00,0.00,-0.00,10.00
45832.00,-116.35,-17.29,-0.20,0.16,0.06,7.20,0.01,0.37,709.19,-0.00,-0.00,-0.00,-0.00,0.00,0.00,10.00
45842.00,-116.35,-17.29,-0.17,0.16,0.06,3.35,0.01,0.37,-384.71,-0.00,-0.00,-0.00,-0.00,0.00,0.00,10.00
45852.00,-116.35,-17.29,-0.15,0.16,0.06,1.44,0.01,0.37,-190.78,-0.00,-0.00,-0.00,-0.00,0.00,0.00,10.00
45862.00,-116.35,-17.29,-0.18,0.16,0.06,-2.54,0.01,0.37,-398.17,-0.00,-0.00,-0.00,0.00,0.00,-0.00,10.00
45872.00,-116.32,-17.29,-0.16,0.16,-0.01,1.78,-0.02,-0.36,431.66,-0.00,-0.00,-0.00,0.00,0.00,-0.00,10.00
45891.00,-116.32,-17.29,-0.23,0.16,-0.01,-3.46,-0.02,-0.36,-275.97,-0.00,-0.00,-0.00,0.00,0.00,-0.00,18.00
45909.00,-116.32,-17.29,-0.18,0.16,-0.01,2.28,-0.02,-0.36,319.31,-0.00,-0.00,-0.00,-0.00,0.00,0.00,10.00
45919.00,-116.32,-17.29,-0.19,0.16,-0.01,-0.38,-0.02,-0.36,-265.94,-0.00,-0.00,-0.00,0.00,-0.00,0.00,10.00
45929.00,-116.32,-17.29,-0.16,0.16,-0.01,2.38,-0.02,-0.36,275.75,-0.00,-0.00,-0.00,-0.00,-0.00,0.00,10.00
45939.00,-116.32,-17.29,-0.20,0.16,-0.01,-3.51,-0.02,-0.36,-589.00,-0.00,-0.00,-0.00,-0.00,-0.00,-0.00,10.00
45949.00,-116.32,-17.29,-0.21,0.16,-0.01,-0.93,-0.02,-0.36,257.66,-0.00,-0.00,-0.00,0.00,0.00,-0.00,10.00
45959.00,-116.32,-17.29,-0.24,0.16,-0.01,-3.43,-0.02,-0.36,-249.92,-0.00,-0.00,-0.00,0.00,0.00,-0.00,10.00
45969.00,-116.32,-17.29,-0.21,0.16,-0.01,3.29,-0.02,-0.36,671.93,-0.00,-0.00,-0.00,0.00,-0.00,0.00,10.00
45979.00,-116.32,-17.29,-0.14,0.16,-0.01,6.79,-0.02,-0.36,350.65,-0.00,-0.00,-0.00,-0.00,0.00,0.00,10.00
45989.00,-116.32,-17.29,-0.20,0.16,-0.01,-6.11,-0.02,-0.36,-1290.73,-0.00,-0.00,-0.00,0.00,-0.00,0.00,19.00
46013.00,-116.32,-17.29,-0.17,0.16,-0.01,1.45,-0.02,-0.36,314.93,-0.00,-0.00,-0.00,0.00,0.00,-0.00,10.00
46023.00,-116.32,-17.29,-0.17,0.16,-0.01,-0.32,-0.02,-0.36,-176.32,-0.00,-0.00,-0.00,-0.00,0.00,0.00,10.00
46033.00,-116.32,-17.29,-0.17,0.16,-0.01,0.62,-0.02,-0.36,93.66,-0.00,-0.00,-0.00,-0.00,0.00,-0.00,10.00
46043.00,-116.32,-17.29,-0.22,0.16,-0.01,-5.07,-0.02,-0.36,-569.41,-0.00,-0.00,-0.00,0.00,0.00,-0.00,10.00
46053.00,-116.32,-17.29,-0.12,0.16,-0.01,9.57,-0.02,-0.36,1464.78,-0.00,-0.00,-0.00,0.00,0.00,-0.00,10.00
46063.00,-116.32,-17.29,-0.19,0.16,-0.01,-7.20,-0.02,-0.36,-1676.84,-0.00,-0.00,-0.00,0.00,0.00,-0.00,10.00
46073.00,-116.32,-17.29,-0.16,0.00,0.00,3.22,-0.80,0.07,1041.41,-0.00,-0.00,-0.00,-0.00,0.00,-0.00,10.00
46083.00,-116.32,-17.29,-0.16,0.00,0.00,-0.21,-0.80,0.07,-342.53,-0.00,-0.00,-0.00,-0.00,0.00,0.00,17.00
46100.00,-116.32,-17.29,-0.25,0.00,0.00,-4.93,-0.80,0.07,-277.84,-0.00,-0.00,-0.00,0.00,-0.00,-0.00,10.00
46110.00,-116.32,-17.29,-0.14,0.00,0.00,10.66,-0.80,0.07,1559.46,-0.00,-0.00,-0.00,0.00,0.00,-0.00,10.00
46125.00,-116.32,-17.29,-0.25,0.00,0.00,-7.35,-0.80,0.07,-1201.00,-0.00,-0.00,-0.00,-0.00,0.00,-0.00,10.00
46135.00,-116.32,-17.29,-0.20,0.00,0.00,5.31,-0.80,0.07,1266.06,-0.00,-0.00,-0.00,-0.00,0.00,-0.00,10.00
46145.00,-116.32,-17.29,-0.08,0.00,0.00,11.58,-0.80,0.07,627.08,-0.00,-0.00,-0.00,-0.00,0.00,-0.00,10.00
46155.00,-116.32,-17.29,-0.07,0.00,0.00,0.94,-0.80,0.07,-1064.11,-0.00,-0.00,-0.00,-0.00,0.00,0.00,10.00
46165.00,-116.32,-17.29,-0.15,0.00,0.00,-7.50,-0.80,0.07,-843.69,-0.00,-0.00,-0.00,0.00,0.00,0.00,10.00
46175.00,-116.32,-17.29,-0.24,0.00,0.00,-9.68,-0.80,0.07,-217.82,-0.00,-0.00,-0.00,0.00,-0.00,0.00,10.00
46185.00,-116.32,-17.29,-0.12,0.00,0.00,12.20,-0.80,0.07,2187.13,-0.00,-0.00,-0.00,-0.00,-0.00,0.00,17.00
46202.00,-116.32,-17.29,-0.25,0.00,0.00,-7.81,-0.80,0.07,-1176.86,-0.00,-0.00,-0.00,0.00,0.00,0.00,10.00
46212.00,-116.32,-17.29,-0.18,0.00,0.00,7.12,-0.80,0.07,1492.61,-0.00,-0.00,-0.00,-0.00,0.00,-0.00,10.00
46222.00,-116.32,-17.29,-0.30,0.00,0.00,-11.19,-0.80,0.07,-1831.05,-0.00,-0.00,-0.00,-0.00,-0.00,-0.00,10.00
46237.00,-116.32,-17.29,-0.20,0.00,0.00,6.45,-0.80,0.07,1176.51,-0.00,-0.00,-0.00,0.00,-0.00,-0.00,10.00
46247.00,-116.32,-17.29,-0.20,0.00,0.00,0.19,-0.80,0.07,-626.08,-0.00,-0.00,-0.00,0.00,0.00,0.00,10.00
46257.00,-116.32,-17.29,-0.11,0.00,0.00,9.08,-0.80,0.07,888.59,-0.00,-0.00,-0.00,0.00,0.00,0.00,10.00
46267.00,-116.32,-17.29,-0.10,0.00,0.00,0.26,-0.80,0.07,-881.97,-0.00,-0.00,-0.00,0.00,0.00,-0.00,10.00
46277.00,-116.28,-17.29,-0.14,0.16,0.02,-3.74,0.80,0.12,-400.18,-0.00,-0.00,-0.00,0.00,0.00,-0.00,10.00
46287.00,-116.28,-17.29,-0.17,0.16,0.02,-3.42,0.80,0.12,32.43,-0.00,-0.00,-0.00,-0.00,-0.00,0.00,10.00
46297.00,-116.28,-17.29,-0.13,0.16,0.02,4.56,0.80,0.12,798.14,-0.00,-0.00,-0.00,-0.00,0.00,-0.00,15.00
46312.00,-116.28,-17.29,-0.13,0.16,0.02,0.18,0.80,0.12,-292.24,-0.00,-0.00,-0.00,0.00,0.00,-0.00,10.00
46322.00,-116.28,-17.29,-0.16,0.16,0.02,-3.54,0.80,0.12,-371.73,-0.00,-0.00,-0.00,0.00,-0.00,0.00,10.00
46332.00,-116.28,-17.29,-0.12,0.16,0.02,4.19,0.80,0.12,773.33,-0.00,-0.00,-0.00,0.00,-0.00,0.00,10.00
46347.00,-116.28,-17.29,-0.08,0.16,0.02,2.89,0.80,0.12,-86.73,-0.00,-0.00,-0.00,-0.00,0.00,-0.00,10.00
46357.00,-116.28,-17.29,-0.24,0.16,0.02,-16.73,0.80,0.12,-1961.90,-0.00,-0.00,-0.00,0.00,0.00,0.00,10.00
46367.00,-116.28,-17.29,-0.08,0.16,0.02,16.56,0.80,0.12,3328.20,-0.00,-0.00,-0.00,0.00,0.00,0.00,10.00
46377.00,-116.28,-17.29,-0.14,0.16,0.02,-5.91,0.80,0.12,-2246.26,-0.00,-0.00,-0.00,0.00,0.00,0.00,10.00
46387.00,-116.28,-17.29,-0.09,0.16,0.02,4.39,0.80,0.12,1029.52,-0.00,-0.00,-0.00,-0.00,0.00,0.00,10.00
46397.00,-116.28,-17.29,-0.16,0.16,0.02,-6.44,0.80,0.12,-1082.89,-0.00,-0.00,-0.00,-0.00,-0.00,0.00,16.00
46413.00,-116.28,-17.29,-0.20,0.16,0.02,-2.73,0.80,0.12,231.56,-0.00,-0.00,-0.00,0.00,0.00,-0.00,10.00
46423.00,-116.28,-17.29,-0.17,0.16,0.02,3.59,0.80,0.12,632.98,-0.00,-0.00,-0.00,0.00,0.00,-0.00,10.00
46433.00,-116.28,-17.29,-0.14,0.16,0.02,2.36,0.80,0.12,-123.08,-0.00,-0.00,-0.00,-0.00,0.00,-0.00,10.00
46443.00,-116.28,-17.29,-0.14,0.16,0.02,0.69,0.80,0.12,-167.80,-0.00,-0.00,-0.00,0.00,0.00,0.00,10.00
46458.00,-116.28,-17.29,-0.14,0.16,0.02,-0.10,0.80,0.12,-52.12,-0.00,-0.00,-0.00,-0.00,0.00,-0.00,10.00
46468.00,-116.28,-17.29,-0.11,0.16,0.02,2.36,0.80,0.12,245.22,-0.00,-0.00,-0.00,0.00,0.00,-0.00,10.00
46478.00,-116.26,-17.27,-0.11,0.11,0.07,0.61,-0.26,0.21,-175.15,-0.00,-0.00,-0.00,0.00,0.00,0.00,10.00
46488.00,-116.26,-17.27,-0.15,0.11,0.07,-4.10,-0.26,0.21,-470.03,-0.00,-0.00,-0.00,0.00,0.01,-0.00,10.00
46498.00,-116.26,-17.27,-0.16,0.11,0.07,-1.43,-0.26,0.21,266.47,-0.00,-0.00,-0.00,-0.00,0.00,-0.00,15.00
46513.00,-116.26,-17.27,-0.17,0.11,0.07,-0.37,-0.26,0.21,70.48,-0.00,-0.00,-0.00,-0.00,0.00,-0.00,10.00
46523.00,-116.26,-17.27,-0.22,0.11,0.07,-5.02,-0.26,0.21,-465.15,-0.00,-0.00,-0.00,-0.00,0.00,-0.00,10.00
46533.00,-116.26,-17.27,-0.06,0.11,0.07,15.67,-0.26,0.21,2069.69,-0.00,-0.00,-0.00,-0.00,0.00,0.00,10.00
46543.00,-116.26,-17.27,-0.17,0.11,0.07,-11.11,-0.26,0.21,-2677.75,-0.00,-0.00,-0.00,0.00,0.00,-0.00,10.00
46553.00,-116.26,-17.27,-0.13,0.11,0.07,4.44,-0.26,0.21,1554.39,-0.00,-0.00,-0.00,0.01,-0.00,-0.00,10.00
46568.00,-116.26,-17.27,-0.11,0.11,0.07,1.18,-0.26,0.21,-217.08,-0.00,-0.00,-0.00,0.00,-0.00,0.00,10.00
46578.00,-116.26,-17.27,-0.14,0.11,0.07,-2.86,-0.26,0.21,-404.14,-0.00,-0.00,-0.00,-0.00,0.00,0.00,10.00
46588.00,-116.26,-17.27,0.01,0.11,0.07,14.46,-0.26,0.21,1731.88,-0.00,-0.00,-0.00,0.00,0.00,0.00,16.00
46604.00,-116.26,-17.27,-0.25,0.11,0.07,-16.11,-0.26,0.21,-1910.80,-0.00,-0.00,-0.00,0.00,0.00,-0.00,10.00
46614.00,-116.26,-17.27,-0.17,0.11,0.07,8.52,-0.26,0.21,2463.43,-0.00,-0.00,-0.00,-0.00,0.00,-0.00,10.00
46624.00,-116.26,-17.27,-0.12,0.11,0.07,4.90,-0.26,0.21,-362.55,-0.00,-0.00,-0.00,-0.00,0.00,-0.00,10.00
46634.00,-116.26,-17.27,-0.16,0.11,0.07,-4.45,-0.26,0.21,-935.01,-0.00,-0.00,-0.00,0.00,-0.00,-0.00,10.00
46644.00,-116.26,-17.27,-0.14,0.11,0.07,2.33,-0.26,0.21,678.06,-0.00,-0.00,-0.00,0.00,0.00,-0.00,10.00
46654.00,-116.26,-17.27,-0.06,0.11,0.07,8.17,-0.26,0.21,584.71,-0.00,-0.00,-0.00,0.00,0.00,-0.00,10.00
46664.00,-116.26,-17.27,-0.13,0.11,0.07,-7.12,-0.26,0.21,-1529.25,-0.00,-0.00,-0.00,0.00,0.00,0.00,10.00
46679.00,-116.23,-17.28,-0.10,0.17,-0.01,2.07,0.28,-0.40,612.55,-0.00,-0.00,-0.00,0.00,0.00,-0.00,10.00
46689.00,-116.23,-17.28,-0.19,0.17,-0.01,-8.91,0.28,-0.40,-1098.29,-0.00,-0.00,-0.00,0.00,0.00,0.00,16.00
46705.00,-116.23,-17.28,-0.20,0.17,-0.01,-0.68,0.28,-0.40,514.67,-0.00,-0.00,-0.00,-0.00,0.00,-0.00,10.00
46715.00,-116.23,-17.28,-0.15,0.17,-0.01,4.96,0.28,-0.40,563.95,-0.00,-0.00,-0.00,0.00,0.00,-0.00,10.00
46725.00,-116.23,-17.28,-0.13,0.17,-0.01,1.58,0.28,-0.40,-337.90,-0.00,-0.00,-0.00,-0.00,-0.00,-0.00,10.00
46735.00,-116.23,-17.28,-0.09,0.17,-0.01,4.37,0.28,-0.40,278.77,-0.00,-0.00,-0.00,-0.00,-0.00,-0.00,10.00
46745.00,-116.23,-17.28,-0.14,0.17,-0.01,-4.67,0.28,-0.40,-904.31,-0.00,-0.00,-0.00,0.00,0.00,-0.00,10.00
46755.00,-116.23,-17.28,-0.13,0.17,-0.01,0.47,0.28,-0.40,514.01,-0.00,-0.00,-0.00,-0.00,0.00,0.00,10.00
46765.00,-116.23,-17.28,-0.13,0.17,-0.01,-0.09,0.28,-0.40,-55.60,-0.00,-0.00,-0.00,-0.00,0.00,0.00,10.00
46775.00,-116.23,-17.28,-0.09,0.17,-0.01,4.29,0.28,-0.40,438.31,-0.00,-0.00,-0.00,-0.00,0.00,-0.00,10.00
46794.00,-116.23,-17.28,-0.06,0.17,-0.01,1.58,0.28,-0.40,-142.81,-0.00,-0.00,-0.00,0.00,-0.00,-0.00,19.00
46813.00,-116.23,-17.28,-0.23,0.17,-0.01,-9.03,0.28,-0.40,-558.21,-0.00,-0.00,-0.00,0.00,0.00,0.00,10.00
46823.00,-116.23,-17.28,-0.18,0.17,-0.01,4.97,0.28,-0.40,1399.60,-0.00,-0.00,-0.00,0.00,-0.00,0.00,10.00
46833.00,-116.23,-17.28,-0.27,0.17,-0.01,-8.48,0.28,-0.40,-1344.88,-0.00,-0.00,-0.00,-0.00,0.00,-0.00,10.00
46843.00,-116.23,-17.28,-0.13,0.17,-0.01,13.21,0.28,-0.40,2168.70,-0.00,-0.00,-0.00,-0.00,-0.00,0.00,10.00
46853.00,-116.23,-17.28,-0.13,0.17,-0.01,0.60,0.28,-0.40,-1260.60,-0.00,-0.00,-0.00,-0.00,0.00,0.00,10.00
46863.00,-116.23,-17.28,-0.24,0.17,-0.01,-11.65,0.28,-0.40,-1225.10,-0.00,-0.00,-0.00,0.00,-0.00,0.00,10.00
46873.00,-116.23,-17.28,-0.12,0.17,-0.01,11.99,0.28,-0.40,2364.15,-0.00,-0.00,-0.00,0.00,-0.00,0.00,10.00
46883.00,-116.21,-17.27,-0.12,0.11,0.03,0.00,-0.28,0.21,-1199.27,-0.00,-0.00,-0.00,0.00,-0.00,0.00,10.00
46893.00,-116.21,-17.27,-0.12,0.11,0.03,0.44,-0.28,0.21,43.93,-0.00,-0.00,-0.00,0.00,-0.00,-0.00,18.00
46916.00,-116.21,-17.27,-0.16,0.11,0.03,-1.65,-0.28,0.21,-90.99,-0.00,-0.00,-0.00,0.00,0.00,0.00,10.00
46926.00,-116.21,-17.27,-0.23,0.11,0.03,-7.66,-0.28,0.21,-600.24,-0.00,-0.00,-0.00,-0.00,-0.00,0.00,10.00
46936.00,-116.21,-17.27,-0.11,0.11,0.03,12.12,-0.28,0.21,1978.04,-0.00,-0.00,-0.00,0.00,0.00,0.00,10.00
46946.00,-116.21,-17.27,-0.21,0.11,0.03,-9.58,-0.28,0.21,-2170.81,-0.00,-0.00,-0.00,-0.00,0.00,-0.00,10.00
46956.00,-116.21,-17.27,-0.22,0.11,0.03,-1.05,-0.28,0.21,853.17,-0.00,-0.00,-0.00,-0.00,0.00,-0.00,10.00
46966.00,-116.21,-17.27,-0.05,0.11,0.03,17.16,-0.28,0.21,1821.57,-0.00,-0.00,-0.00,-0.00,0.00,-0.00,10.00
46976.00,-116.21,-17.27,-0.18,0.11,0.03,-13.47,-0.28,0.21,-3063.44,-0.00,-0.00,-0.00,0.00,0.00,0.00,10.00
46986.00,-116.21,-17.27,-0.17,0.11,0.03,1.02,-0.28,0.21,1448.96,-0.00,-0.00,-0.00,0.00,0.00,-0.00,10.00
46996.00,-116.21,-17.27,-0.17,0.11,0.03,0.17,-0.28,0.21,-85.35,-0.00,-0.00,-0.00,-0.00,0.00,0.00,17.00
47013.00,-116.21,-17.27,-0.20,0.11,0.03,-1.64,-0.28,0.21,-105.92,-0.00,-0.00,-0.00,-0.00,0.00,0.00,10.00
47028.00,-116.21,-17.27,-0.10,0.11,0.03,6.40,-0.28,0.21,535.42,-0.00,-0.00,-0.00,-0.00,0.00,0.00,10.00
47038.00,-116.21,-17.27,-0.15,0.11,0.03,-4.37,-0.28,0.21,-1076.56,-0.00,-0.00,-0.00,-0.00,0.00,0.00,10.00
47048.00,-116.21,-17.27,-0.12,0.11,0.03,2.64,-0.28,0.21,700.92,-0.00,-0.00,-0.00,-0.00,0.00,-0.00,10.00
47058.00,-116.21,-17.27,-0.19,0.11,0.03,-6.97,-0.28,0.21,-961.20,-0.00,-0.00,-0.00,-0.00,0.00,-0.00,10.00
47068.00,-116.21,-17.27,-0.15,0.11,0.03,4.04,-0.28,0.21,1101.54,-0.00,-0.00,-0.00,0.00,0.00,0.00,10.00
47078.00,-116.21,-17.27,-0.12,0.11,0.03,3.28,-0.28,0.21,-76.15,-0.00,-0.00,-0.00,0.00,0.00,0.00,10.00
47088.00,-116.17,-17.26,-0.14,0.16,0.02,-2.04,0.26,-0.02,-531.81,-0.00,-0.00,-0.00,0.00,0.00,0.00,17.00
47105.00,-116.17,-17.26,-0.10,0.16,0.02,1.85,0.26,-0.02,228.67,-0.00,-0.00,-0.00,-0.00,-0.00,0.00,10.00
47115.00,-116.17,-17.26,-0.18,0.16,0.02,-7.42,0.26,-0.02,-927.54,-0.00,-0.00,-0.00,0.00,-0.00,0.00,10.00
47125.00,-116.17,-17.26,-0.20,0.16,0.02,-1.88,0.26,-0.02,554.11,-0.00,-0.00,-0.00,0.00,-0.00,0.00,10.00
47140.00,-116.17,-17.26,-0.13,0.16,0.02,4.62,0.26,-0.02,433.85,-0.00,-0.00,-0.00,-0.00,0.00,0.00,10.00
47150.00,-116.17,-17.26,-0.13,0.16,0.02,0.11,0.26,-0.02,-451.68,-0.00,-0.00,-0.00,-0.00,0.00,0.00,10.00
47160.00,-116.17,-17.26,-0.23,0.16,0.02,-10.00,0.26,-0.02,-1011.12,-0.00,-0.00,-0.00,0.00,-0.00,0.00,10.00
47170.00,-116.17,-17.26,-0.24,0.16,0.02,-1.27,0.26,-0.02,873.49,-0.00,-0.00,-0.00,-0.00,-0.00,0.00,10.00
47180.00,-116.17,-17.26,-0.26,0.16,0.02,-2.12,0.26,-0.02,-84.87,-0.00,-0.00,-0.00,0.00,-0.00,0.00,10.00
47190.00,-116.17,-17.26,-0.18,0.16,0.02,8.52,0.26,-0.02,1063.45,-0.00,-0.00,-0.00,0.00,-0.00,0.00,10.00
47200.00,-116.17,-17.26,-0.20,0.16,0.02,-2.78,0.26,-0.02,-1129.41,-0.00,-0.00,-0.00,0.00,0.00,0.00,16.00
47216.00,-116.17,-17.26,-0.22,0.16,0.02,-1.13,0.26,-0.02,102.90,-0.00,-0.00,-0.00,-0.00,-0.00,0.00,10.00
47226.00,-116.17,-17.26,-0.20,0.16,0.02,2.64,0.26,-0.02,376.92,-0.00,-0.00,-0.00,-0.00,0.00,0.00,10.00
47236.00,-116.17,-17.26,-0.29,0.16,0.02,-9.06,0.26,-0.02,-1170.12,-0.00,-0.00,-0.00,-0.00,0.00,0.00,10.00
47250.00,-116.17,-17.26,-0.37,0.16,0.02,-5.75,0.26,-0.02,236.70,-0.00,-0.00,-0.00,-0.00,-0.00,0.00,10.00
47260.00,-116.17,-17.26,-0.26,0.16,0.02,11.05,0.26,-0.02,1679.95,-0.00,-0.00,-0.00,0.00,0.00,0.00,10.00
47270.00,-116.17,-17.26,-0.15,0.16,0.02,10.25,0.26,-0.02,-80.42,-0.00,-0.00,-0.00,0.00,-0.00,0.00,10.00
47280.00,-116.17,-17.26,-0.15,0.16,0.02,0.03,0.26,-0.02,-1021.22,-0.00,-0.00,-0.00,0.00,0.00,0.00,10.00
47290.00,-116.15,-17.27,-0.16,0.11,-0.01,-0.61,-0.26,-0.16,-64.64,-0.00,-0.00,-0.00,-0.00,0.00,0.00,16.00
47306.00,-116.15,-17.27,-0.19,0.11,-0.01,-1.70,-0.26,-0.16,-67.94,-0.00,-0.00,-0.00,-0.00,0.00,-0.00,10.00
47316.00,-116.15,-17.27,-0.20,0.11,-0.01,-1.42,-0.26,-0.16,27.61,-0.00,-0.00,-0.00,-0.00,0.00,-0.00,10.00
47326.00,-116.15,-17.27,-0.19,0.11,-0.01,0.65,-0.26,-0.16,207.58,-0.00,-0.00,-0.00,-0.00,0.00,-0.00,10.00
47336.00,-116.15,-17.27,-0.14,0.11,-0.01,5.34,-0.26,-0.16,468.61,-0.00,-0.00,-0.00,-0.00,0.00,0.00,10.00
47346.00,-116.15,-17.27,-0.19,0.11,-0.01,-4.86,-0.26,-0.16,-1020.09,-0.00,-0.00,-0.00,-0.00,0.00,0.00,10.00
47361.00,-116.15,-17.27,-0.12,0.11,-0.01,4.81,-0.26,-0.16,645.00,-0.00,-0.00,-0.00,0.00,-0.00,0.00,10.00
47371.00,-116.15,-17.27,-0.18,0.11,-0.01,-6.47,-0.26,-0.16,-1128.14,-0.00,-0.00,-0.00,0.00,-0.01,-0.00,10.00
47381.00,-116.15,-17.27,-0.14,0.11,-0.01,4.13,-0.26,-0.16,1059.75,-0.00,-0.00,-0.00,0.00,-0.00,-0.00,15.00
47396.00,-116.15,-17.27,-0.21,0.11,-0.01,-4.35,-0.26,-0.16,-565.12,-0.00,-0.00,-0.00,-0.00,0.00,-0.00,10.00
47406.00,-116.15,-17.27,-0.13,0.11,-0.01,7.57,-0.26,-0.16,1191.95,-0.00,-0.00,-0.00,-0.00,0.00,0.00,10.00
47416.00,-116.15,-17.27,-0.12,0.11,-0.01,0.97,-0.26,-0.16,-660.64,-0.00,-0.00,-0.00,-0.00,0.01,0.00,10.00
47426.00,-116.15,-17.27,-0.12,0.11,-0.01,0.37,-0.26,-0.16,-59.31,-0.00,-0.00,-0.00,-0.00,0.00,0.00,10.00
47436.00,-116.15,-17.27,-0.05,0.11,-0.01,6.55,-0.26,-0.16,618.17,-0.00,-0.00,-0.00,-0.00,0.00,-0.00,10.00
47446.00,-116.15,-17.27,-0.30,0.11,-0.01,-24.76,-0.26,-0.16,-3131.63,-0.00,-0.00,-0.00,0.00,-0.00,-0.00,10.00
47456.00,-116.15,-17.27,-0.13,0.11,-0.01,17.33,-0.26,-0.16,4208.96,-0.00,-0.00,-0.00,0.00,-0.00,0.00,10.00
47471.00,-116.15,-17.27,-0.15,0.11,-0.01,-1.32,-0.26,-0.16,-1243.28,-0.00,-0.00,-0.00,0.00,0.00,0.00,10.00
47481.00,-116.15,-17.27,-0.21,0.11,-0.01,-6.44,-0.26,-0.16,-511.84,-0.00,-0.00,-0.00,-0.00,0.00,0.00,10.00
47491.00,-116.14,-17.27,-0.25,0.06,-0.00,-3.71,-0.27,0.02,273.39,-0.00,-0.00,-0.00,-0.01,0.00,0.00,10.00
47501.00,-116.14,-17.27,-0.12,0.06,-0.00,12.46,-0.27,0.02,1616.37,-0.00,-0.00,-0.00,-0.00,0.01,-0.00,16.00
47517.00,-116.14,-17.27,-0.26,0.06,-0.00,-8.32,-0.27,0.02,-1298.58,-0.00,-0.00,-0.00,-0.00,0.00,-0.00,10.00
47527.00,-116.14,-17.27,-0.18,0.06,-0.00,7.72,-0.27,0.02,1603.91,-0.00,-0.00,-0.00,0.00,0.00,-0.00,10.00
47537.00,-116.14,-17.27,-0.12,0.06,-0.00,6.05,-0.27,0.02,-166.56,-0.00,-0.00,-0.00,0.00,-0.00,-0.00,10.00
47547.00,-116.14,-17.27,-0.17,0.06,-0.00,-5.69,-0.27,0.02,-1174.04,-0.00,-0.00,-0.00,-0.00,-0.00,0.00,10.00
47557.00,-116.14,-17.27,-0.13,0.06,-0.00,4.85,-0.27,0.02,1053.48,-0.00,-0.00,-0.00,0.00,0.00,0.00,10.00
47567.00,-116.14,-17.27,-0.29,0.06,-0.00,-16.32,-0.27,0.02,-2116.85,-0.00,-0.00,-0.00,0.00,0.00,-0.00,10.00
47588.00,-116.14,-17.27,-0.10,0.06,-0.00,9.19,-0.27,0.02,1214.82,-0.00,-0.00,-0.00,-0.00,0.00,-0.00,17.00
47605.00,-116.14,-17.27,-0.17,0.06,-0.00,-4.26,-0.27,0.02,-791.39,-0.00,-0.00,-0.00,-0.00,0.00,-0.00,10.00
47615.00,-116.14,-17.27,-0.10,0.06,-0.00,7.13,-0.27,0.02,1138.91,-0.00,-0.00,-0.00,0.00,0.00,-0.00,10.00
47625.00,-116.14,-17.27,-0.22,0.06,-0.00,-12.40,-0.27,0.02,-1952.16,-0.00,-0.00,-0.00,-0.00,0.00,0.00,10.00
47635.00,-116.14,-17.27,-0.13,0.06,-0.00,9.65,-0.27,0.02,2204.67,-0.00,-0.00,-0.00,-0.00,-0.00,0.00,10.00
47645.00,-116.14,-17.27,-0.12,0.06,-0.00,0.90,-0.27,0.02,-874.90,-0.00,-0.00,-0.00,0.00,-0.00,0.00,10.00
47655.00,-116.14,-17.27,-0.15,0.06,-0.00,-3.55,-0.27,0.02,-445.40,-0.00,-0.00,-0.00,0.00,0.00,0.00,10.00
47665.00,-116.14,-17.27,-0.15,0.06,-0.00,0.26,-0.27,0.02,381.14,-0.00,-0.00,-0.00,0.00,0.00,0.00,10.00
47675.00,-116.14,-17.27,-0.18,0.06,-0.00,-3.14,-0.27,0.02,-340.05,-0.00,-0.00,-0.00,0.00,0.00,0.00,10.00
47685.00,-116.14,-17.27,-0.13,0.06,-0.00,4.98,-0.27,0.02,812.20,-0.00,-0.00,-0.00,0.00,-0.00,-0.00,16.00
47706.00,-116.12,-17.26,-0.20,0.10,0.03,-3.46,0.22,0.15,-402.08,-0.00,-0.00,-0.00,0.00,0.00,-0.00,10.00
47716.00,-116.12,-17.26,-0.12,0.10,0.03,8.63,0.22,0.15,1208.81,-0.00,-0.00,-0.00,-0.00,0.00,-0.00,10.00
47726.00,-116.12,-17.26,-0.23,0.10,0.03,-11.19,0.22,0.15,-1981.36,-0.00,-0.00,-0.00,0.00,0.00,-0.00,10.00
47736.00,-116.12,-17.26,-0.16,0.10,0.03,7.10,0.22,0.15,1829.18,-0.00,-0.00,-0.00,-0.00,0.00,0.00,10.00
47746.00,-116.12,-17.26,-0.20,0.10,0.03,-3.86,0.22,0.15,-1096.74,-0.00,-0.00,-0.00,0.00,0.00,0.00,10.00
47756.00,-116.12,-17.26,-0.20,0.10,0.03,-0.44,0.22,0.15,342.20,-0.00,-0.00,-0.00,0.00,-0.00,0.00,10.00
47766.00,-116.12,-17.26,-0.06,0.10,0.03,13.65,0.22,0.15,1409.37,-0.00,-0.00,-0.00,0.00,-0.00,0.00,10.00
47776.00,-116.12,-17.26,-0.12,0.10,0.03,-5.71,0.22,0.15,-1936.10,-0.00,-0.00,-0.00,-0.00,-0.00,0.00,10.00
47786.00,-116.12,-17.26,-0.15,0.10,0.03,-3.31,0.22,0.15,239.73,-0.00,-0.00,-0.00,0.00,-0.00,-0.00,10.00
47796.00,-116.12,-17.26,-0.17,0.10,0.03,-1.22,0.22,0.15,208.78,-0.00,-0.00,-0.00,-0.00,0.00,-0.00,18.00
47819.00,-116.12,-17.26,-0.19,0.10,0.03,-0.86,0.22,0.15,15.72,-0.00,-0.00,-0.00,-0.00,-0.00,0.00,10.00
47829.00,-116.12,-17.26,-0.23,0.10,0.03,-4.47,0.22,0.15,-361.22,-0.00,-0.00,-0.00,-0.00,0.00,0.00,10.00
47839.00,-116.12,-17.26,-0.22,0.10,0.03,1.01,0.22,0.15,548.34,-0.00,-0.00,-0.00,0.00,-0.00,0.00,10.00
47849.00,-116.12,-17.26,-0.10,0.10,0.03,11.87,0.22,0.15,1086.37,-0.00,-0.00,-0.00,0.00,-0.00,0.00,10.00
47859.00,-116.12,-17.26,-0.20,0.10,0.03,-9.71,0.22,0.15,-2158.12,-0.00,-0.00,-0.00,0.00,-0.00,0.00,10.00
47869.00,-116.12,-17.26,-0.29,0.10,0.03,-9.42,0.22,0.15,28.84,-0.00,-0.00,-0.00,0.00,-0.00,0.00,10.00
47879.00,-116.12,-17.26,-0.21,0.10,0.03,8.40,0.22,0.15,1781.59,-0.00,-0.00,-0.00,0.00,0.00,0.00,10.00
47889.00,-116.12,-17.26,-0.14,0.10,0.03,6.81,0.22,0.15,-158.21,-0.00,-0.00,-0.00,-0.00,0.00,-0.00,17.00
47906.00,-116.11,-17.26,-0.09,0.06,-0.00,3.30,-0.24,-0.16,-206.78,-0.00,-0.00,-0.00,0.00,0.00,0.00,10.00
47916.00,-116.11,-17.26,-0.17,0.06,-0.00,-8.24,-0.24,-0.16,-1153.44,-0.00,-0.00,-0.00,0.00,-0.00,-0.00,10.00
47931.00,-116.11,-17.26,-0.09,0.06,-0.00,5.18,-0.24,-0.16,894.37,-0.00,-0.00,-0.00,-0.00,-0.00,-0.00,10.00
47941.00,-116.11,-17.26,-0.19,0.06,-0.00,-9.71,-0.24,-0.16,-1488.84,-0.00,-0.00,-0.00,0.00,0.00,0.00,10.00
47951.00,-116.11,-17.26,-0.09,0.06,-0.00,10.07,-0.24,-0.16,1977.86,-0.00,-0.00,-0.00,-0.00,-0.00,0.00,10.00
47961.00,-116.11,-17.26,-0.16,0.06,-0.00,-6.83,-0.24,-0.16,-1690.04,-0.00,-0.00,-0.00,-0.00,-0.00,0.00,10.00
47971.00,-116.11,-17.26,-0.20,0.06,-0.00,-4.55,-0.24,-0.16,228.26,-0.00,-0.00,-0.00,-0.00,-0.00,0.00,10.00
47981.00,-116.11,-17.26,-0.15,0.06,-0.00,5.28,-0.24,-0.16,983.03,-0.00,-0.00,-0.00,-0.00,0.00,0.00,16.00
47997.00,-116.11,-17.26,-0.10,0.06,-0.00,2.84,-0.24,-0.16,-152.73,-0.00,-0.00,-0.00,0.00,0.00,0.00,10.00
48007.00,-116.11,-17.26,-0.18,0.06,-0.00,-7.73,-0.24,-0.16,-1057.28,-0.00,-0.00,-0.00,0.00,-0.00,0.00,10.00
48017.00,-116.11,-17.26,-0.17,0.06,-0.00,1.44,-0.24,-0.16,917.52,-0.00,-0.00,-0.00,-0.00,-0.01,-0.00,10.00
48027.00,-116.11,-17.26,-0.10,0.06,-0.00,6.31,-0.24,-0.16,487.36,-0.00,-0.00,-0.00,0.00,0.00,-0.00,10.00
48042.00,-116.11,-17.26,-0.06,0.06,-0.00,2.61,-0.24,-0.16,-247.24,-0.00,-0.00,-0.00,0.00,0.00,0.00,10.00
48052.00,-116.11,-17.26,-0.23,0.06,-0.00,-16.95,-0.24,-0.16,-1956.06,-0.00,-0.00,-0.00,0.00,-0.00,0.00,10.00
48062.00,-116.11,-17.26,-0.08,0.06,-0.00,15.43,-0.24,-0.16,3238.29,-0.00,-0.00,-0.00,0.00,-0.00,0.00,10.00
48072.00,-116.11,-17.26,-0.18,0.06,-0.00,-10.35,-0.24,-0.16,-2577.63,-0.00,-0.00,-0.00,-0.00,-0.00,0.00,10.00
48082.00,-116.11,-17.26,-0.19,0.06,-0.00,-0.63,-0.24,-0.16,971.80,-0.00,-0.00,-0.00,0.00,0.00,0.00,16.00
48098.00,-116.11,-17.26,-0.21,0.06,-0.00,-1.35,-0.24,-0.16,-45.21,-0.00,-0.00,-0.00,-0.00,0.01,-0.00,10.00
48108.00,-116.08,-17.26,-0.18,0.11,-0.01,3.45,0.27,-0.02,480.29,-0.00,-0.00,-0.00,-0.00,0.00,-0.00,10.00
48118.00,-116.08,-17.26,-0.17,0.11,-0.01,0.24,0.27,-0.02,-321.00,-0.00,-0.00,-0.00,-0.00,-0.00,0.00,10.00
48128.00,-116.08,-17.26,-0.16,0.11,-0.01,1.01,0.27,-0.02,77.53,-0.00,-0.00,-0.00,-0.00,-0.00,-0.00,10.00
48138.00,-116.08,-17.26,-0.19,0.11,-0.01,-2.47,0.27,-0.02,-348.36,-0.00,-0.00,-0.00,0.00,-0.00,0.00,10.00
48153.00,-116.08,-17.26,-0.24,0.11,-0.01,-3.63,0.27,-0.02,-77.18,-0.00,-0.00,-0.00,0.00,0.00,0.00,10.00
48163.00,-116.08,-17.26,-0.11,0.11,-0.01,13.41,0.27,-0.02,1704.01,-0.00,-0.00,-0.00,-0.00,0.00,0.00,10.00
48173.00,-116.08,-17.26,-0.17,0.11,-0.01,-5.81,0.27,-0.02,-1922.77,-0.00,-0.00,-0.00,0.00,0.00,0.00,10.00
48183.00,-116.08,-17.26,-0.14,0.11,-0.01,2.32,0.27,-0.02,813.07,-0.00,-0.00,-0.00,0.00,0.00,-0.00,10.00
48193.00,-116.08,-17.26,-0.13,0.11,-0.01,0.96,0.27,-0.02,-135.47,-0.00,-0.00,-0.00,0.00,0.00,-0.00,16.00
48209.00,-116.08,-17.26,-0.08,0.11,-0.01,3.17,0.27,-0.02,138.30,-0.00,-0.00,-0.00,-0.00,0.00,-0.00,10.00
48219.00,-116.08,-17.26,-0.15,0.11,-0.01,-6.71,0.27,-0.02,-988.87,-0.00,-0.00,-0.00,-0.00,-0.00,0.00,10.00
48229.00,-116.08,-17.26,-0.11,0.11,-0.01,3.85,0.27,-0.02,1056.78,-0.00,-0.00,-0.00,0.00,-0.00,-0.00,10.00
48239.00,-116.08,-17.26,-0.13,0.11,-0.01,-2.33,0.27,-0.02,-618.52,-0.00,-0.00,-0.00,0.00,-0.00,0.00,10.00
48249.00,-116.08,-17.26,-0.20,0.11,-0.01,-6.44,0.27,-0.02,-410.61,-0.00,-0.00,-0.00,0.00,0.00,0.00,10.00
48264.00,-116.08,-17.26,-0.16,0.11,-0.01,2.55,0.27,-0.02,599.42,-0.00,-0.00,-0.00,-0.01,-0.00,0.00,10.00
48274.00,-116.08,-17.26,-0.26,0.11,-0.01,-9.68,0.27,-0.02,-1223.40,-0.00,-0.00,-0.00,-0.00,-0.00,0.00,10.00
48284.00,-116.08,-17.26,-0.16,0.11,-0.01,9.23,0.27,-0.02,1890.69,-0.00,-0.00,-0.00,0.00,0.00,0.00,15.00
48299.00,-116.08,-17.26,-0.13,0.11,-0.01,2.46,0.27,-0.02,-451.21,-0.00,-0.00,-0.00,0.00,-0.00,0.00,10.00
48309.00,-116.07,-17.26,-0.29,0.06,0.03,-16.04,-0.27,0.21,-1849.40,-0.00,-0.00,-0.00,-0.00,-0.00,0.00,10.00
48319.00,-116.07,-17.26,-0.23,0.06,0.03,5.78,-0.27,0.21,2181.66,-0.00,-0.00,-0.00,-0.00,-0.00,0.00,10.00
48329.00,-116.07,-17.26,-0.25,0.06,0.03,-2.15,-0.27,0.21,-793.41,-0.00,-0.00,-0.00,0.00,-0.00,0.00,10.00
48339.00,-116.07,-17.26,-0.17,0.06,0.03,8.49,-0.27,0.21,1064.70,-0.00,-0.00,-0.00,-0.00,-0.00,0.00,10.00
48349.00,-116.07,-17.26,-0.11,0.06,0.03,5.77,-0.27,0.21,-272.78,-0.00,-0.00,-0.00,0.00,0.00,-0.00,10.00
48359.00,-116.07,-17.26,-0.26,0.06,0.03,-15.30,-0.27,0.21,-2106.82,-0.00,-0.00,-0.00,-0.00,0.00,0.00,10.00
48374.00,-116.07,-17.26,-0.22,0.06,0.03,3.12,-0.27,0.21,1227.82,-0.00,-0.00,-0.00,-0.00,0.00,-0.00,10.00
48384.00,-116.07,-17.26,-0.11,0.06,0.03,10.29,-0.27,0.21,717.06,-0.00,-0.00,-0.00,0.00,0.00,0.00,10.00
48394.00,-116.07,-17.26,-0.11,0.06,0.03,-0.17,-0.27,0.21,-1046.04,-0.00,-0.00,-0.00,-0.00,-0.00,0.00,15.00
48409.00,-116.07,-17.26,-0.10,0.06,0.03,0.90,-0.27,0.21,71.39,-0.00,-0.00,-0.00,-0.00,-0.00,-0.00,10.00
48419.00,-116.07,-17.26,-0.14,0.06,0.03,-3.58,-0.27,0.21,-447.32,-0.00,-0.00,-0.00,-0.00,-0.00,0.00,10.00
48429.00,-116.07,-17.26,-0.17,0.06,0.03,-3.65,-0.27,0.21,-7.62,-0.00,-0.00,-0.00,-0.00,-0.00,0.00,10.00
48439.00,-116.07,-17.26,-0.12,0.06,0.03,5.31,-0.27,0.21,895.96,-0.00,-0.00,-0.00,0.00,-0.00,0.00,10.00
48449.00,-116.07,-17.26,-0.13,0.06,0.03,-0.89,-0.27,0.21,-620.13,-0.00,-0.00,-0.00,0.00,-0.00,0.00,10.00
48459.00,-116.07,-17.26,-0.16,0.06,0.03,-2.75,-0.27,0.21,-185.09,-0.00,-0.00,-0.00,0.00,-0.00,0.00,10.00
48469.00,-116.07,-17.26,-0.09,0.06,0.03,6.29,-0.27,0.21,903.12,-0.00,-0.00,-0.00,0.00,-0.00,0.00,10.00
48489.00,-116.07,-17.26,-0.19,0.06,0.03,-4.60,-0.27,0.21,-544.32,-0.00,-0.00,-0.00,0.00,0.00,0.00,17.00
48506.00,-116.07,-17.26,-0.11,0.06,0.03,4.68,-0.27,0.21,545.63,-0.00,-0.00,-0.00,0.00,0.00,0.00,10.00
48516.00,-116.06,-17.26,-0.21,0.05,-0.00,-10.27,-0.01,-0.18,-1494.86,-0.00,-0.00,-0.00,-0.00,0.00,0.00,10.00
48526.00,-116.06,-17.26,-0.15,0.05,-0.00,5.88,-0.01,-0.18,1615.45,-0.00,-0.00,-0.00,-0.00,0.00,0.00,10.00
48536.00,-116.06,-17.26,-0.14,0.05,-0.00,0.73,-0.01,-0.18,-514.69,-0.00,-0.00,-0.00,0.00,-0.00,-0.00,10.00
48546.00,-116.06,-17.26,-0.23,0.05,-0.00,-8.81,-0.01,-0.18,-954.78,-0.00,-0.00,-0.00,-0.00,-0.00,-0.00,10.00
48556.00,-116.06,-17.26,-0.21,0.05,-0.00,1.64,-0.01,-0.18,1045.71,-0.00,-0.00,-0.00,0.00,-0.00,0.00,10.00
48566.00,-116.06,-17.26,-0.23,0.05,-0.00,-1.81,-0.01,-0.18,-345.65,-0.00,-0.00,-0.00,-0.00,-0.00,0.00,10.00
48576.00,-116.06,-17.26,-0.17,0.05,-0.00,5.95,-0.01,-0.18,776.13,-0.00,-0.00,-0.00,0.00,0.00,-0.00,10.00
48586.00,-116.06,-17.26,-0.19,0.05,-0.00,-1.96,-0.01,-0.18,-790.59,-0.00,-0.00,-0.00,0.00,-0.00,-0.00,16.00
48607.00,-116.06,-17.26,-0.30,0.05,-0.00,-5.25,-0.01,-0.18,-156.59,-0.00,-0.00,-0.00,-0.00,-0.00,-0.00,10.00
48617.00,-116.06,-17.26,-0.25,0.05,-0.00,5.53,-0.01,-0.18,1077.14,-0.00,-0.00,-0.00,0.00,-0.00,0.00,10.00
48627.00,-116.06,-17.26,-0.30,0.05,-0.00,-4.96,-0.01,-0.18,-1048.87,-0.00,-0.00,-0.00,-0.00,-0.00,0.00,10.00
48637.00,-116.06,-17.26,-0.12,0.05,-0.00,18.20,-0.01,-0.18,2316.57,-0.00,-0.00,-0.00,-0.00,-0.00,0.00,10.00
48647.00,-116.06,-17.26,-0.21,0.05,-0.00,-9.28,-0.01,-0.18,-2747.96,-0.00,-0.00,-0.00,-0.00,-0.00,0.00,10.00
48657.00,-116.06,-17.26,-0.18,0.05,-0.00,3.31,-0.01,-0.18,1259.02,-0.00,-0.00,-0.00,-0.00,0.00,0.00,10.00
48667.00,-116.06,-17.26,-0.23,0.05,-0.00,-5.65,-0.01,-0.18,-896.48,-0.00,-0.00,-0.00,-0.00,0.00,0.00,10.00
48677.00,-116.06,-17.26,-0.25,0.05,-0.00,-1.38,-0.01,-0.18,427.64,-0.00,-0.00,-0.00,-0.01,-0.00,0.00,10.00
48687.00,-116.06,-17.26,-0.18,0.05,-0.00,6.72,-0.01,-0.18,809.44,-0.00,-0.00,-0.00,-0.00,0.00,0.00,16.00
48703.00,-116.06,-17.26,-0.18,0.05,-0.00,-0.40,-0.01,-0.18,-445.12,-0.00,-0.00,-0.00,0.00,-0.00,-0.00,10.00
48717.00,-116.05,-17.26,-0.24,0.06,-0.00,-4.31,0.01,-0.00,-279.08,-0.00,-0.00,-0.00,0.00,-0.00,-0.00,10.00
48727.00,-116.05,-17.26,-0.18,0.06,-0.00,6.85,0.01,-0.00,1115.94,-0.00,-0.00,-0.00,0.00,0.00,0.00,10.00
48737.00,-116.05,-17.26,-0.17,0.06,-0.00,0.88,0.01,-0.00,-596.72,-0.00,-0.00,-0.00,-0.00,-0.00,0.00,10.00
48747.00,-116.05,-17.26,-0.16,0.06,-0.00,0.94,0.01,-0.00,5.92,-0.00,-0.00,-0.00,-0.00,-0.00,0.00,10.00
48757.00,-116.05,-17.26,-0.17,0.06,-0.00,-1.47,0.01,-0.00,-240.85,-0.00,-0.00,-0.00,0.00,0.00,0.00,10.00
48767.00,-116.05,-17.26,-0.26,0.06,-0.00,-8.69,0.01,-0.00,-722.06,-0.00,-0.00,-0.00,0.00,0.00,0.00,10.00
48777.00,-116.05,-17.26,-0.20,0.06,-0.00,5.68,0.01,-0.00,1436.76,-0.00,-0.00,-0.00,-0.00,-0.00,0.00,10.00
48787.00,-116.05,-17.26,-0.18,0.06,-0.00,1.99,0.01,-0.00,-369.15,-0.00,-0.00,-0.00,-0.00,0.00,0.00,10.00
48797.00,-116.05,-17.26,-0.25,0.06,-0.00,-6.91,0.01,-0.00,-889.31,-0.00,-0.00,-0.00,0.00,0.00,0.00,17.00
48814.00,-116.05,-17.26,-0.36,0.06,-0.00,-6.07,0.01,-0.00,49.14,-0.00,-0.00,-0.00,0.00,-0.00,0.00,10.00
48829.00,-116.05,-17.26,-0.32,0.06,-0.00,2.39,0.01,-0.00,563.66,-0.00,-0.00,-0.00,0.00,0.00,-0.00,10.00
48839.00,-116.05,-17.26,-0.29,0.06,-0.00,3.31,0.01,-0.00,92.24,-0.00,-0.00,-0.00,-0.00,0.00,0.00,10.00
48849.00,-116.05,-17.26,-0.22,0.06,-0.00,6.50,0.01,-0.00,319.07,-0.00,-0.00,-0.00,0.00,0.00,-0.00,10.00
48859.00,-116.05,-17.26,-0.21,0.06,-0.00,0.95,0.01,-0.00,-555.26,-0.00,-0.00,-0.00,0.00,0.00,-0.00,10.00
48869.00,-116.05,-17.26,-0.18,0.06,-0.00,3.57,0.01,-0.00,262.71,-0.00,-0.00,-0.00,-0.00,-0.00,-0.00,10.00
48879.00,-116.05,-17.26,-0.29,0.06,-0.00,-11.70,0.01,-0.00,-1527.32,-0.00,-0.00,-0.00,-0.00,-0.00,0.00,10.00
48889.00,-116.05,-17.26,-0.16,0.06,-0.00,12.92,0.01,-0.00,2461.89,-0.00,-0.00,-0.00,-0.00,-0.00,0.00,16.00
48905.00,-116.05,-17.26,-0.19,0.06,-0.00,-1.63,0.01,-0.00,-909.35,-0.00,-0.00,-0.00,0.00,-0.00,0.00,10.00
48915.00,-116.05,-17.26,-0.26,0.06,-0.00,-7.17,0.01,-0.00,-554.24,-0.00,-0.00,-0.00,0.00,-0.01,-0.00,10.00
48925.00,-116.04,-17.26,-0.30,0.05,-0.00,-3.35,-0.01,0.00,382.68,-0.00,-0.00,-0.00,-0.00,0.00,-0.00,10.00
48940.00,-116.04,-17.26,-0.27,0.05,-0.00,1.75,-0.01,0.00,339.67,-0.00,-0.00,-0.00,-0.00,0.00,-0.00,10.00
48950.00,-116.04,-17.26,-0.25,0.05,-0.00,1.65,-0.01,0.00,-9.54,-0.00,-0.00,-0.00,-0.00,0.00,0.00,10.00
48960.00,-116.04,-17.26,-0.22,0.05,-0.00,3.69,-0.01,0.00,204.00,-0.00,-0.00,-0.00,0.00,0.00,0.00,10.00
48970.00,-116.04,-17.26,-0.24,0.05,-0.00,-2.08,-0.01,0.00,-577.57,-0.00,-0.00,-0.00,0.00,-0.00,0.00,10.00
48980.00,-116.04,-17.26,-0.28,0.05,-0.00,-4.45,-0.01,0.00,-236.81,-0.00,-0.00,-0.00,-0.00,-0.00,0.00,10.00
48990.00,-116.04,-17.26,-0.20,0.05,-0.00,8.04,-0.01,0.00,1249.37,-0.00,-0.00,-0.00,-0.00,-0.00,0.00,16.00
49006.00,-116.04,-17.26,-0.26,0.05,-0.00,-3.87,-0.01,0.00,-744.68,-0.00,-0.00,-0.00,0.01,-0.00,0.00,10.00
49016.00,-116.04,-17.26,-0.28,0.05,-0.00,-1.28,-0.01,0.00,259.67,-0.00,-0.00,-0.00,0.00,0.00,-0.00,10.00
49026.00,-116.04,-17.26,-0.20,0.05,-0.00,7.26,-0.01,0.00,853.47,-0.00,-0.00,-0.00,-0.00,-0.00,-0.00,10.00
49036.00,-116.04,-17.26,-0.35,0.05,-0.00,-14.58,-0.01,0.00,-2183.70,-0.00,-0.00,-0.00,-0.00,0.00,0.00,10.00
49051.00,-116.04,-17.26,-0.35,0.05,-0.00,0.03,-0.01,0.00,973.64,-0.00,-0.00,-0.00,-0.00,0.00,-0.00,10.00
49061.00,-116.04,-17.26,-0.27,0.05,-0.00,7.35,-0.01,0.00,732.14,-0.00,-0.00,-0.00,0.00,0.00,-0.00,10.00
49071.00,-116.04,-17.26,-0.22,0.05,-0.00,5.37,-0.01,0.00,-197.44,-0.00,-0.00,-0.00,0.00,-0.00,-0.00,10.00
49081.00,-116.04,-17.26,-0.19,0.05,-0.00,3.19,-0.01,0.00,-218.34,-0.00,-0.00,-0.00,0.00,-0.00,0.00,10.00
49091.00,-116.04,-17.26,-0.19,0.05,-0.00,0.19,-0.01,0.00,-299.81,-0.00,-0.00,-0.00,-0.00,-0.00,0.00,16.00
49107.00,-116.04,-17.26,-0.28,0.05,-0.00,-5.51,-0.01,0.00,-356.35,-0.00,-0.00,-0.00,0.00,-0.00,-0.00,10.00
49117.00,-116.04,-17.26,-0.35,0.05,-0.00,-7.21,-0.01,0.00,-170.11,-0.00,-0.00,-0.00,-0.00,0.00,0.00,10.00
49127.00,-116.03,-17.26,-0.23,0.06,-0.00,11.60,0.01,-0.00,1880.59,-0.00,-0.00,-0.00,-0.00,0.00,-0.00,10.00
49137.00,-116.03,-17.26,-0.24,0.06,-0.00,-1.29,0.01,-0.00,-1288.64,-0.00,-0.00,-0.00,-0.00,0.00,0.00,10.00
49147.00,-116.03,-17.26,-0.20,0.06,-0.00,4.54,0.01,-0.00,582.79,-0.00,-0.00,-0.00,0.00,-0.00,-0.00,10.00
49162.00,-116.03,-17.26,-0.20,0.06,-0.00,-0.09,0.01,-0.00,-308.81,-0.00,-0.00,-0.00,0.00,0.00,0.00,10.00
49172.00,-116.03,-17.26,-0.28,0.06,-0.00,-8.37,0.01,-0.00,-827.71,-0.00,-0.00,-0.00,0.00,-0.00,0.00,10.00
49182.00,-116.03,-17.26,-0.28,0.06,-0.00,0.59,0.01,-0.00,895.81,-0.00,-0.00,-0.00,0.00,-0.00,0.00,18.00
49200.00,-116.03,-17.26,-0.16,0.06,-0.00,6.28,0.01,-0.00,316.53,-0.00,-0.00,-0.00,0.00,-0.00,0.00,10.00
49210.00,-116.03,-17.26,-0.29,0.06,-0.00,-12.70,0.01,-0.00,-1898.43,-0.00,-0.00,-0.00,0.00,-0.01,0.00,10.00
49220.00,-116.03,-17.26,-0.15,0.06,-0.00,14.67,0.01,-0.00,2737.47,-0.00,-0.00,-0.00,0.00,-0.00,-0.00,10.00
49230.00,-116.03,-17.26,-0.34,0.06,-0.00,-19.36,0.01,-0.00,-3403.41,-0.00,-0.00,-0.00,0.00,-0.00,-0.00,10.00
49240.00,-116.03,-17.26,-0.34,0.06,-0.00,-0.35,0.01,-0.00,1901.29,-0.00,-0.00,-0.00,0.00,0.00,-0.00,10.00
49250.00,-116.03,-17.26,-0.15,0.06,-0.00,18.74,0.01,-0.00,1908.94,-0.00,-0.00,-0.00,0.00,-0.00,-0.00,10.00
49260.00,-116.03,-17.26,-0.26,0.06,-0.00,-10.43,0.01,-0.00,-2917.00,-0.00,-0.00,-0.00,0.00,0.00,-0.00,10.00
49275.00,-116.03,-17.26,-0.22,0.06,-0.00,2.93,0.01,-0.00,890.80,-0.00,-0.00,-0.00,0.00,-0.00,0.00,10.00
49285.00,-116.03,-17.26,-0.32,0.06,-0.00,-10.39,0.01,-0.00,-1332.25,-0.00,-0.00,-0.00,0.00,-0.00,0.00,10.00
49295.00,-116.03,-17.26,-0.36,0.06,-0.00,-4.14,0.01,-0.00,625.05,-0.00,-0.00,-0.00,0.00,0.00,-0.00,16.00
49311.00,-116.03,-17.26,-0.35,0.06,-0.00,0.42,0.01,-0.00,284.97,-0.00,-0.00,-0.00,-0.00,0.00,0.00,10.00
49321.00,-116.03,-17.26,-0.27,0.06,-0.00,8.39,0.01,-0.00,797.13,-0.00,-0.00,-0.00,-0.00,-0.00,-0.00,10.00
49331.00,-116.03,-17.25,-0.38,0.00,0.04,-10.59,-0.27,0.21,-1898.58,-0.00,-0.00,-0.00,0.00,-0.00,-0.00,10.00
49341.00,-116.03,-17.25,-0.30,0.00,0.04,7.97,-0.27,0.21,1856.37,-0.00,-0.00,-0.00,0.00,0.00,0.00,10.00
49351.00,-116.03,-17.25,-0.29,0.00,0.04,0.68,-0.27,0.21,-728.90,-0.00,-0.00,-0.00,0.00,0.00,-0.00,10.00
49361.00,-116.03,-17.25,-0.37,0.00,0.04,-7.73,-0.27,0.21,-841.65,-0.00,-0.00,-0.00,-0.00,0.00,0.00,10.00
49371.00,-116.03,-17.25,-0.30,0.00,0.04,6.84,-0.27,0.21,1457.18,-0.00,-0.00,-0.00,-0.00,0.00,-0.00,10.00
49391.00,-116.03,-17.25,-0.19,0.00,0.04,5.37,-0.27,0.21,-73.62,-0.00,-0.00,-0.00,0.00,0.00,-0.00,16.00
49407.00,-116.03,-17.25,-0.33,0.00,0.04,-8.78,-0.27,0.21,-884.25,-0.00,-0.00,-0.00,0.00,0.00,-0.00,10.00
49417.00,-116.03,-17.25,-0.27,0.00,0.04,5.68,-0.27,0.21,1445.83,-0.00,-0.00,-0.00,-0.00,0.00,-0.00,10.00
49427.00,-116.03,-17.25,-0.22,0.00,0.04,5.50,-0.27,0.21,-17.61,-0.00,-0.00,-0.00,-0.00,0.00,-0.00,10.00
49437.00,-116.03,-17.25,-0.23,0.00,0.04,-1.39,-0.27,0.21,-689.23,-0.00,-0.00,-0.00,-0.00,0.01,0.00,10.00
49447.00,-116.03,-17.25,-0.24,0.00,0.04,-0.79,-0.27,0.21,60.44,-0.00,-0.00,-0.00,-0.00,0.00,0.00,10.00
49457.00,-116.03,-17.25,-0.25,0.00,0.04,-0.57,-0.27,0.21,22.01,-0.00,-0.00,-0.00,0.00,0.00,0.00,10.00
49467.00,-116.03,-17.25,-0.31,0.00,0.04,-5.95,-0.27,0.21,-538.45,-0.00,-0.00,-0.00,0.00,0.00,-0.00,10.00
49477.00,-116.03,-17.25,-0.31,0.00,0.04,-0.18,-0.27,0.21,577.17,-0.00,-0.00,-0.00,0.00,0.00,-0.00,10.00
49487.00,-116.03,-17.25,-0.32,0.00,0.04,-1.62,-0.27,0.21,-144.02,-0.00,-0.00,-0.00,0.00,-0.00,-0.00,10.00
49502.00,-116.03,-17.25,-0.28,0.00,0.04,2.77,-0.27,0.21,292.49,-0.00,-0.00,-0.00,0.00,0.00,-0.00,19.00
49521.00,-116.03,-17.25,-0.31,0.00,0.04,-1.56,-0.27,0.21,-227.45,-0.00,-0.00,-0.00,-0.00,0.00,-0.00,10.00
49531.00,-116.02,-17.25,-0.27,0.06,-0.00,4.74,0.28,-0.21,629.55,-0.00,-0.00,-0.00,-0.00,0.00,0.00,10.00
49541.00,-116.02,-17.25,-0.27,0.06,-0.00,-0.27,0.28,-0.21,-501.23,-0.00,-0.00,-0.00,0.00,0.00,0.00,10.00
49551.00,-116.02,-17.25,-0.31,0.06,-0.00,-3.98,0.28,-0.21,-370.36,-0.00,-0.00,-0.00,0.00,-0.00,0.00,10.00
49561.00,-116.02,-17.25,-0.28,0.06,-0.00,2.95,0.28,-0.21,692.28,-0.00,-0.00,-0.00,0.00,-0.00,-0.00,10.00
49571.00,-116.02,-17.25,-0.26,0.06,-0.00,1.92,0.28,-0.21,-102.29,-0.00,-0.00,-0.00,0.00,0.00,-0.00,10.00
49581.00,-116.02,-17.25,-0.26,0.06,-0.00,-0.18,0.28,-0.21,-210.20,-0.00,-0.00,-0.00,0.00,0.00,-0.00,10.00
49591.00,-116.02,-17.25,-0.27,0.06,-0.00,-0.79,0.28,-0.21,-60.75,-0.00,-0.00,-0.00,0.00,0.00,0.00,15.00
49606.00,-116.02,-17.25,-0.23,0.06,-0.00,2.60,0.28,-0.21,225.51,-0.00,-0.00,-0.00,-0.00,0.00,0.00,10.00
49621.00,-116.02,-17.25,-0.40,0.06,-0.00,-11.09,0.28,-0.21,-912.22,-0.00,-0.00,-0.00,-0.00,-0.00,0.00,10.00
49631.00,-116.02,-17.25,-0.27,0.06,-0.00,12.40,0.28,-0.21,2349.11,-0.00,-0.00,-0.00,0.00,-0.00,0.00,10.00
49641.00,-116.02,-17.25,-0.29,0.06,-0.00,-1.64,0.28,-0.21,-1404.63,-0.00,-0.00,-0.00,0.00,-0.00,-0.00,10.00
49651.00,-116.02,-17.25,-0.24,0.06,-0.00,4.47,0.28,-0.21,611.23,-0.00,-0.00,-0.00,0.00,-0.00,0.00,10.00
49661.00,-116.02,-17.25,-0.31,0.06,-0.00,-6.97,0.28,-0.21,-1144.14,-0.00,-0.00,-0.00,-0.00,-0.00,0.00,10.00
49671.00,-116.02,-17.25,-0.33,0.06,-0.00,-1.87,0.28,-0.21,510.19,-0.00,-0.00,-0.00,-0.00,-0.00,-0.00,10.00
49681.00,-116.02,-17.25,-0.30,0.06,-0.00,3.13,0.28,-0.21,500.14,-0.00,-0.00,-0.00,0.00,0.00,-0.00,10.00
49691.00,-116.02,-17.25,-0.27,0.06,-0.00,2.63,0.28,-0.21,-50.57,-0.00,-0.00,-0.00,0.00,0.00,-0.00,15.00
49706.00,-116.02,-17.25,-0.28,0.06,-0.00,-0.12,0.28,-0.21,-183.37,-0.00,-0.00,-0.00,0.00,-0.00,0.00,10.00
49716.00,-116.02,-17.25,-0.24,0.06,-0.00,3.27,0.28,-0.21,339.55,-0.00,-0.00,-0.00,0.00,-0.00,0.00,10.00
49731.00,-116.02,-17.25,-0.21,0.00,0.04,1.94,-0.28,0.21,-88.83,-0.00,-0.00,-0.00,0.00,-0.00,0.00,10.00
49741.00,-116.02,-17.25,-0.25,0.00,0.04,-3.28,-0.28,0.21,-521.73,-0.00,-0.00,-0.00,0.00,0.00,0.00,10.00
49751.00,-116.02,-17.25,-0.27,0.00,0.04,-1.88,-0.28,0.21,140.24,-0.00,-0.00,-0.00,0.00,0.00,0.00,10.00
49761.00,-116.02,-17.25,-0.44,0.00,0.04,-17.42,-0.28,0.21,-1554.41,-0.00,-0.00,-0.00,-0.00,0.00,0.00,10.00
49771.00,-116.02,-17.25,-0.25,0.00,0.04,19.04,-0.28,0.21,3645.87,-0.00,-0.00,-0.00,-0.01,0.00,0.00,10.00
49781.00,-116.02,-17.25,-0.30,0.00,0.04,-4.89,-0.28,0.21,-2393.18,-0.00,-0.00,-0.00,-0.00,0.00,-0.00,10.00
49791.00,-116.02,-17.25,-0.39,0.00,0.04,-9.58,-0.28,0.21,-468.28,-0.00,-0.00,-0.00,0.00,0.00,0.00,10.00
49801.00,-116.02,-17.25,-0.30,0.00,0.04,9.47,-0.28,0.21,1904.25,-0.00,-0.00,-0.00,0.00,-0.00,0.00,17.00
49818.00,-116.02,-17.25,-0.30,0.00,0.04,0.03,-0.28,0.21,-555.16,-0.00,-0.00,-0.00,-0.00,0.00,0.00,10.00
49828.00,-116.02,-17.25,-0.25,0.00,0.04,4.92,-0.28,0.21,488.90,-0.00,-0.00,-0.00,0.00,0.00,-0.00,10.00
49843.00,-116.02,-17.25,-0.24,0.00,0.04,0.65,-0.28,0.21,-284.26,-0.00,-0.00,-0.00,-0.00,0.00,-0.00,10.00
49853.00,-116.02,-17.25,-0.23,0.00,0.04,0.64,-0.28,0.21,-1.16,-0.00,-0.00,-0.00,0.00,0.00,-0.00,10.00
49863.00,-116.02,-17.25,-0.28,0.00,0.04,-4.25,-0.28,0.21,-489.62,-0.00,-0.00,-0.00,-0.00,-0.00,-0.00,10.00
49873.00,-116.02,-17.25,-0.31,0.00,0.04,-3.77,-0.28,0.21,48.74,-0.00,-0.00,-0.00,-0.00,0.00,-0.00,10.00
49883.00,-116.02,-17.25,-0.33,0.00,0.04,-1.64,-0.28,0.21,212.67,-0.00,-0.00,-0.00,-0.00,-0.00,0.00,10.00
49893.00,-116.02,-17.25,-0.30,0.00,0.04,2.66,-0.28,0.21,429.76,-0.00,-0.00,-0.00,0.00,-0.00,-0.00,16.00
49909.00,-116.02,-17.25,-0.33,0.00,0.04,-1.33,-0.28,0.21,-249.30,-0.00,-0.00,-0.00,0.00,0.00,0.00,10.00
49919.00,-116.02,-17.25,-0.18,0.00,0.04,14.75,-0.28,0.21,1608.42,-0.00,-0.00,-0.00,0.00,0.00,0.00,10.00
49929.00,-116.02,-17.25,-0.22,0.00,0.04,-3.73,-0.28,0.21,-1848.72,-0.00,-0.00,-0.00,-0.00,0.00,-0.00,10.00
49939.00,-116.01,-17.26,-0.23,0.05,-0.04,-1.27,0.26,-0.38,246.31,-0.00,-0.00,-0.00,-0.00,0.01,0.00,10.00
49954.00,-116.01,-17.26,-0.29,0.05,-0.04,-4.27,0.26,-0.38,-200.32,-0.00,-0.00,-0.00,-0.00,-0.00,0.00,10.00
49964.00,-116.01,-17.26,-0.25,0.05,-0.04,3.93,0.26,-0.38,820.80,-0.00,-0.00,-0.00,0.00,-0.00,-0.00,10.00
49974.00,-116.01,-17.26,-0.29,0.05,-0.04,-3.35,0.26,-0.38,-728.00,-0.00,-0.00,-0.00,-0.00,-0.00,-0.00,10.00
49984.00,-116.01,-17.26,-0.28,0.05,-0.04,1.10,0.26,-0.38,444.28,-0.00,-0.00,-0.00,0.00,-0.00,-0.00,10.00
49994.00,-116.01,-17.26,-0.01,0.05,-0.04,26.40,0.26,-0.38,2530.49,-0.00,-0.00,-0.00,-0.00,-0.00,-0.00,14.00
50008.00,-116.01,-17.26,-0.32,0.05,-0.04,-22.09,0.26,-0.38,-3463.69,-0.00,-0.00,-0.00,0.00,0.00,-0.00,10.00
50018.00,-116.01,-17.26,-0.25,0.05,-0.04,7.02,0.26,-0.38,2910.67,-0.00,-0.00,-0.00,0.00,0.00,0.00,10.00
50028.00,-116.01,-17.26,-0.23,0.05,-0.04,2.07,0.26,-0.38,-494.28,-0.00,-0.00,-0.00,0.00,0.01,-0.00,10.00
50038.00,-116.01,-17.26,-0.19,0.05,-0.04,3.86,0.26,-0.38,178.46,-0.00,-0.00,-0.00,-0.00,0.00,-0.00,10.00
50048.00,-116.01,-17.26,-0.29,0.05,-0.04,-9.99,0.26,-0.38,-1384.54,-0.00,-0.00,-0.00,-0.00,0.00,-0.00,10.00
50063.00,-116.01,-17.26,-0.26,0.05,-0.04,1.81,0.26,-0.38,786.71,-0.00,-0.00,-0.00,0.00,-0.00,-0.00,10.00
50073.00,-116.01,-17.26,-0.27,0.05,-0.04,-1.12,0.26,-0.38,-293.17,-0.00,-0.00,-0.00,0.00,0.00,-0.00,10.00
50083.00,-116.01,-17.26,-0.29,0.05,-0.04,-1.40,0.26,-0.38,-27.85,-0.00,-0.00,-0.00,0.00,0.00,0.00,19.00
50102.00,-116.01,-17.26,-0.27,0.05,-0.04,0.78,0.26,-0.38,114.85,-0.00,-0.00,-0.00,-0.00,0.00,0.00,10.00
50112.00,-116.01,-17.26,-0.27,0.05,-0.04,-0.02,0.26,-0.38,-80.60,-0.00,-0.00,-0.00,-0.00,0.01,0.00,10.00
50122.00,-116.01,-17.26,-0.26,0.05,-0.04,1.36,0.26,-0.38,137.63,-0.00,-0.00,-0.00,0.00,0.00,-0.00,10.00
50132.00,-116.01,-17.26,-0.21,0.05,-0.04,5.11,0.26,-0.38,375.94,-0.00,-0.00,-0.00,-0.00,0.00,-0.00,10.00
50142.00,-116.01,-17.26,-0.22,0.00,0.00,-0.64,-0.26,0.20,-575.27,-0.00,-0.00,-0.00,-0.00,-0.00,-0.00,10.00
50152.00,-116.01,-17.26,-0.16,0.00,0.00,5.64,-0.26,0.20,627.99,-0.00,-0.00,-0.00,0.00,-0.00,0.00,10.00
50162.00,-116.01,-17.26,-0.23,0.00,0.00,-7.23,-0.26,0.20,-1286.98,-0.00,-0.00,-0.00,-0.00,0.00,0.00,10.00
50182.00,-116.01,-17.26,-0.29,0.00,0.00,-2.75,-0.26,0.20,223.94,-0.00,-0.00,-0.00,-0.00,0.01,0.00,18.00
50200.00,-116.01,-17.26,-0.32,0.00,0.00,-2.04,-0.26,0.20,39.51,-0.00,-0.00,-0.00,-0.00,0.00,-0.00,10.00
50210.00,-116.01,-17.26,-0.16,0.00,0.00,16.09,-0.26,0.20,1813.06,-0.00,-0.00,-0.00,-0.00,0.00,0.00,10.00
50220.00,-116.01,-17.26,-0.18,0.00,0.00,-1.98,-0.26,0.20,-1807.07,-0.00,-0.00,-0.00,-0.00,0.00,-0.00,10.00
50230.00,-116.01,-17.26,-0.31,0.00,0.00,-12.92,-0.26,0.20,-1094.52,-0.00,-0.00,-0.00,0.00,0.00,-0.00,10.00
50240.00,-116.01,-17.26,-0.20,0.00,0.00,10.73,-0.26,0.20,2365.17,-0.00,-0.00,-0.00,-0.00,-0.00,-0.00,10.00
50250.00,-116.01,-17.26,-0.26,0.00,0.00,-5.33,-0.26,0.20,-1605.80,-0.00,-0.00,-0.00,-0.00,0.00,-0.00,10.00
50260.00,-116.01,-17.26,-0.25,0.00,0.00,0.65,-0.26,0.20,597.93,-0.00,-0.00,-0.00,0.00,0.00,0.00,10.00
50270.00,-116.01,-17.26,-0.23,0.00,0.00,2.50,-0.26,0.20,184.67,-0.00,-0.00,-0.00,-0.00,0.00,0.00,10.00
50280.00,-116.01,-17.26,-0.15,0.00,0.00,7.11,-0.26,0.20,461.48,-0.00,-0.00,-0.00,-0.00,0.00,-0.00,16.00
50301.00,-116.01,-17.26,-0.27,0.00,0.00,-5.62,-0.26,0.20,-606.22,-0.00,-0.00,-0.00,-0.00,0.00,-0.00,10.00
50311.00,-116.01,-17.26,-0.22,0.00,0.00,5.52,-0.26,0.20,1114.01,-0.00,-0.00,-0.00,0.00,-0.00,-0.00,10.00
50321.00,-116.01,-17.26,-0.18,0.00,0.00,3.42,-0.26,0.20,-210.25,-0.00,-0.00,-0.00,0.00,0.00,-0.00,10.00
50331.00,-116.01,-17.26,-0.16,0.00,0.00,2.64,-0.26,0.20,-77.72,-0.00,-0.00,-0.00,0.00,0.00,0.00,10.00
50341.00,-116.01,-17.26,-0.19,0.00,0.00,-3.24,-0.26,0.20,-587.76,-0.00,-0.00,-0.00,-0.00,-0.00,0.00,10.00
50351.00,-116.00,-17.25,-0.26,0.05,0.03,-7.32,0.25,0.15,-408.74,-0.00,-0.00,-0.00,0.00,0.00,-0.00,10.00
50361.00,-116.00,-17.25,-0.33,0.05,0.03,-7.06,0.25,0.15,26.07,-0.00,-0.00,-0.00,0.00,-0.00,0.00,10.00
50371.00,-116.00,-17.25,-0.15,0.05,0.03,17.83,0.25,0.15,2489.74,-0.00,-0.00,-0.00,0.00,-0.00,0.00,10.00
50381.00,-116.00,-17.25,-0.32,0.05,0.03,-16.04,0.25,0.15,-3387.67,-0.00,-0.00,-0.00,-0.00,-0.00,-0.00,16.00
50397.00,-116.00,-17.25,-0.25,0.05,0.03,3.78,0.25,0.15,1238.87,-0.00,-0.00,-0.00,0.00,-0.00,-0.00,10.00
50412.00,-116.00,-17.25,-0.24,0.05,0.03,0.75,0.25,0.15,-201.68,-0.00,-0.00,-0.00,0.00,0.00,-0.00,10.00
50422.00,-116.00,-17.25,-0.24,0.05,0.03,0.46,0.25,0.15,-28.96,-0.00,-0.00,-0.00,-0.00,0.00,-0.00,10.00
50432.00,-116.00,-17.25,-0.33,0.05,0.03,-9.49,0.25,0.15,-995.63,-0.00,-0.00,-0.00,-0.00,-0.00,-0.00,10.00
50442.00,-116.00,-17.25,-0.25,0.05,0.03,8.86,0.25,0.15,1834.75,-0.00,-0.00,-0.00,-0.00,-0.00,-0.00,10.00
50452.00,-116.00,-17.25,-0.24,0.05,0.03,0.91,0.25,0.15,-794.85,-0.00,-0.00,-0.00,-0.00,0.00,0.00,10.00
50462.00,-116.00,-17.25,-0.23,0.05,0.03,0.15,0.25,0.15,-75.58,-0.00,-0.00,-0.00,0.00,0.00,0.00,10.00
50472.00,-116.00,-17.25,-0.33,0.05,0.03,-9.23,0.25,0.15,-938.56,-0.00,-0.00,-0.00,0.00,0.00,0.00,10.00
50482.00,-116.00,-17.25,-0.22,0.05,0.03,10.64,0.25,0.15,1987.89,-0.00,-0.00,-0.00,0.00,-0.00,-0.00,15.00
50497.00,-116.00,-17.25,-0.25,0.05,0.03,-2.29,0.25,0.15,-862.41,-0.00,-0.00,-0.00,0.00,-0.00,0.00,10.00
50507.00,-116.00,-17.25,-0.26,0.05,0.03,-0.93,0.25,0.15,136.11,-0.00,-0.00,-0.00,0.00,0.00,-0.00,10.00
50522.00,-116.00,-17.25,-0.25,0.05,0.03,1.00,0.25,0.15,128.54,-0.00,-0.00,-0.00,0.00,-0.00,-0.00,10.00
50532.00,-116.00,-17.25,-0.23,0.05,0.03,2.35,0.25,0.15,135.22,-0.00,-0.00,-0.00,0.00,-0.01,-0.00,10.00
50542.00,-116.00,-17.25,-0.27,0.05,0.03,-4.65,0.25,0.15,-700.29,-0.00,-0.00,-0.00,-0.00,0.00,-0.00,10.00
50552.00,-116.00,-17.25,-0.25,0.00,0.00,2.24,-0.26,-0.16,689.63,-0.00,-0.00,-0.00,0.00,0.00,0.00,10.00
50562.00,-116.00,-17.25,-0.18,0.00,0.00,7.14,-0.26,-0.16,489.96,-0.00,-0.00,-0.00,0.00,0.00,0.00,10.00
50572.00,-116.00,-17.25,-0.27,0.00,0.00,-9.10,-0.26,-0.16,-1623.92,-0.00,-0.00,-0.00,0.00,0.00,-0.00,10.00
50582.00,-116.00,-17.25,-0.26,0.00,0.00,0.86,-0.26,-0.16,995.11,-0.00,-0.00,-0.00,-0.00,-0.00,0.00,10.00
50592.00,-116.00,-17.25,-0.32,0.00,0.00,-6.11,-0.26,-0.16,-696.46,-0.00,-0.00,-0.00,-0.00,-0.00,-0.00,15.00
50607.00,-116.00,-17.25,-0.26,0.00,0.00,4.36,-0.26,-0.16,697.83,-0.00,-0.00,-0.00,0.00,0.00,0.00,10.00
50617.00,-116.00,-17.25,-0.20,0.00,0.00,5.83,-0.26,-0.16,146.73,-0.00,-0.00,-0.00,0.00,0.00,0.00,10.00
50641.00,-116.00,-17.25,-0.16,0.00,0.00,1.43,-0.26,-0.16,-183.23,-0.00,-0.00,-0.00,0.00,0.00,0.00,10.00
50651.00,-116.00,-17.25,-0.18,0.00,0.00,-1.54,-0.26,-0.16,-296.52,-0.00,-0.00,-0.00,0.00,-0.01,-0.00,10.00
50661.00,-116.00,-17.25,-0.29,0.00,0.00,-11.46,-0.26,-0.16,-991.80,-0.00,-0.00,-0.00,0.00,-0.01,-0.00,10.00
50671.00,-116.00,-17.25,-0.26,0.00,0.00,3.76,-0.26,-0.16,1521.55,-0.00,-0.00,-0.00,-0.00,0.00,0.00,10.00
50681.00,-116.00,-17.25,-0.36,0.00,0.00,-10.27,-0.26,-0.16,-1402.73,-0.00,-0.00,-0.00,-0.00,0.00,0.00,10.00
50691.00,-116.00,-17.25,-0.15,0.00,0.00,20.99,-0.26,-0.16,3125.54,-0.00,-0.00,-0.00,0.00,-0.00,0.00,10.00
50701.00,-116.00,-17.25,-0.31,0.00,0.00,-16.03,-0.26,-0.16,-3702.08,-0.00,-0.00,-0.00,0.00,-0.00,0.00,16.00
50717.00,-116.00,-17.25,-0.26,0.00,0.00,2.89,-0.26,-0.16,1182.92,-0.00,-0.00,-0.00,0.01,-0.00,-0.00,10.00
50727.00,-116.00,-17.25,-0.21,0.00,0.00,5.55,-0.26,-0.16,265.93,-0.00,-0.00,-0.00,-0.00,-0.00,-0.00,10.00
50737.00,-116.00,-17.25,-0.31,0.00,0.00,-9.82,-0.26,-0.16,-1537.55,-0.00,-0.00,-0.00,-0.00,0.00,-0.00,10.00
50752.00,-116.00,-17.25,-0.31,0.00,0.00,-0.33,0.00,0.00,633.03,-0.00,-0.00,-0.00,0.00,0.00,0.00,10.00
50762.00,-116.00,-17.25,-0.23,0.00,0.00,7.86,0.00,0.00,818.24,-0.00,-0.00,-0.00,0.00,0.00,-0.00,10.00
50772.00,-116.00,-17.25,-0.29,0.00,0.00,-5.87,0.00,0.00,-1372.34,-0.00,-0.00,-0.00,0.00,0.00,0.00,10.00
50782.00,-116.00,-17.25,-0.26,0.00,0.00,2.98,0.00,0.00,884.73,-0.00,-0.00,-0.00,0.00,0.00,0.00,10.00
50792.00,-116.00,-17.25,-0.25,0.00,0.00,1.03,0.00,0.00,-194.81,-0.00,-0.00,-0.00,0.00,-0.00,-0.00,16.00
50808.00,-116.00,-17.25,-0.25,0.00,0.00,0.28,0.00,0.00,-46.78,-0.00,-0.00,-0.00,0.00,-0.00,0.00,10.00
50818.00,-116.00,-17.25,-0.25,0.00,0.00,-0.17,0.00,0.00,-45.47,-0.00,-0.00,-0.00,-0.00,0.00,-0.00,10.00
50828.00,-116.00,-17.25,-0.26,0.00,0.00,-1.31,0.00,0.00,-114.02,-0.00,-0.00,-0.00,-0.00,0.01,-0.00,10.00
50838.00,-116.00,-17.25,-0.30,0.00,0.00,-3.87,0.00,0.00,-256.28,-0.00,-0.00,-0.00,-0.00,0.00,-0.00,10.00
50848.00,-116.00,-17.25,-0.29,0.00,0.00,0.89,0.00,0.00,476.13,-0.00,-0.00,-0.00,-0.01,-0.00,-0.00,10.00
50862.00,-116.00,-17.25,-0.18,0.00,0.00,7.61,0.00,0.00,480.34,-0.00,-0.00,-0.00,0.00,0.00,-0.00,10.00
50872.00,-116.00,-17.25,-0.32,0.00,0.00,-13.80,0.00,0.00,-2140.77,-0.00,-0.00,-0.00,0.00,0.00,-0.00,10.00
50882.00,-116.00,-17.25,-0.30,0.00,0.00,2.50,0.00,0.00,1629.35,-0.00,-0.00,-0.00,0.00,0.00,0.00,10.00
50892.00,-116.00,-17.25,-0.29,0.00,0.00,0.52,0.00,0.00,-197.55,-0.00,-0.00,-0.00,-0.00,0.00,0.00,10.00
50902.00,-116.00,-17.25,-0.38,0.00,0.00,-8.80,0.00,0.00,-932.49,-0.00,-0.00,-0.00,-0.00,0.00,0.00,16.00
50918.00,-116.00,-17.25,-0.26,0.00,0.00,7.36,0.00,0.00,1010.29,-0.00,-0.00,-0.00,-0.00,0.00,0.00,10.00
50928.00,-116.00,-17.25,-0.31,0.00,0.00,-4.95,0.00,0.00,-1230.90,-0.00,-0.00,-0.00,-0.00,0.00,0.00,10.00
50938.00,-116.00,-17.25,-0.25,0.00,0.00,6.17,0.00,0.00,1111.56,-0.00,-0.00,-0.00,-0.00,0.00,-0.00,10.00
50948.00,-116.00,-17.25,-0.29,0.00,0.00,-3.89,0.00,0.00,-1005.35,-0.00,-0.00,-0.00,-0.00,0.00,-0.00,10.00
50958.00,-116.00,-17.25,-0.27,0.00,0.00,2.38,0.00,0.00,626.18,-0.00,-0.00,-0.00,0.00,0.00,-0.00,10.00
50973.00,-116.00,-17.25,-0.35,0.00,0.00,-5.63,0.00,0.00,-533.82,-0.00,-0.00,-0.00,0.00,-0.00,-0.00,10.00
50983.00,-116.00,-17.25,-0.25,0.00,0.00,9.58,0.00,0.00,1520.87,-0.00,-0.00,-0.00,0.00,0.00,0.00,16.00
50999.00,-116.00,-17.25,-0.32,0.00,0.00,-3.84,0.00,0.00,-838.54,-0.00,-0.00,-0.00,-0.00,0.00,0.00,10.00
51009.00,-116.00,-17.25,-0.33,0.00,0.00,-1.45,0.00,0.00,238.74,-0.00,-0.00,-0.00,-0.00,0.00,0.00,10.00
51019.00,-116.00,-17.25,-0.40,0.00,0.00,-7.13,0.00,0.00,-567.78,-0.00,-0.00,-0.00,0.00,0.00,-0.00,10.00
51029.00,-116.00,-17.25,-0.24,0.00,0.00,16.08,0.00,0.00,2321.22,-0.00,-0.00,-0.00,0.00,0.00,-0.00,10.00
51039.00,-116.00,-17.25,-0.34,0.00,0.00,-9.64,0.00,0.00,-2572.54,-0.00,-0.00,-0.00,0.00,0.00,-0.00,10.00
51049.00,-116.00,-17.25,-0.35,0.00,0.00,-0.90,0.00,0.00,874.02,-0.00,-0.00,-0.00,-0.00,0.00,-0.00,10.00
51059.00,-116.00,-17.25,-0.32,0.00,0.00,2.82,0.00,0.00,372.09,-0.00,-0.00,-0.00,-0.00,-0.00,-0.00,10.00
51069.00,-116.00,-17.25,-0.45,0.00,0.00,-13.39,0.00,0.00,-1621.25,-0.00,-0.00,-0.00,0.00,-0.00,0.00,10.00
51088.00,-116.00,-17.25,-0.29,0.00,0.00,8.47,0.00,0.00,1150.57,-0.00,-0.00,-0.00,-0.00,-0.00,-0.00,18.00
51106.00,-116.00,-17.25,-0.23,0.00,0.00,3.46,0.00,0.00,-278.00,-0.00,-0.00,-0.00,-0.00,0.01,-0.00,10.00
51116.00,-116.00,-17.25,-0.28,0.00,0.00,-5.48,0.00,0.00,-894.61,-0.00,-0.00,-0.00,0.00,0.00,-0.00,10.00
51126.00,-116.00,-17.25,-0.31,0.00,0.00,-2.85,0.00,0.00,263.02,-0.00,-0.00,-0.00,0.00,0.00,-0.00,10.00
51136.00,-116.00,-17.25,-0.26,0.00,0.00,5.64,0.00,0.00,848.88,-0.00,-0.00,-0.00,-0.00,0.00,-0.00,10.00
51146.00,-116.00,-17.25,-0.35,0.00,0.00,-9.35,0.00,0.00,-1498.74,-0.00,-0.00,-0.00,0.00,0.00,-0.00,10.00
51156.00,-116.00,-17.25,-0.30,0.00,0.00,4.50,0.00,0.00,1385.09,-0.00,-0.00,-0.00,-0.01,0.00,0.00,10.00
51166.00,-116.00,-17.25,-0.30,0.00,0.00,0.49,0.00,0.00,-401.39,-0.00,-0.00,-0.00,0.00,0.00,0.00,10.00
51176.00,-116.00,-17.25,-0.36,0.00,0.00,-5.73,0.00,0.00,-621.90,-0.00,-0.00,-0.00,0.00,-0.00,0.00,10.00
51186.00,-116.00,-17.25,-0.27,0.00,0.00,8.49,0.00,0.00,1422.37,-0.00,-0.00,-0.00,0.00,0.00,-0.00,19.00
51209.00,-116.00,-17.25,-0.21,0.00,0.00,2.51,0.00,0.00,-259.98,-0.00,-0.00,-0.00,-0.00,0.00,0.00,10.00
51219.00,-116.00,-17.25,-0.27,0.00,0.00,-6.09,0.00,0.00,-860.32,-0.00,-0.00,-0.00,0.00,0.00,0.00,10.00
51229.00,-116.00,-17.25,-0.23,0.00,0.00,4.03,0.00,0.00,1011.87,-0.00,-0.00,-0.00,0.01,0.00,-0.00,10.00
51239.00,-116.00,-17.25,-0.45,0.00,0.00,-21.95,0.00,0.00,-2597.60,-0.00,-0.00,-0.00,0.00,-0.00,-0.00,10.00
51249.00,-116.00,-17.25,-0.32,0.00,0.00,13.13,0.00,0.00,3507.92,-0.00,-0.00,-0.00,-0.00,-0.00,-0.00,10.00
51259.00,-116.00,-17.25,-0.31,0.00,0.00,1.30,0.00,0.00,-1183.28,-0.00,-0.00,-0.00,-0.00,-0.00,-0.00,10.00
51269.00,-116.00,-17.25,-0.27,0.00,0.00,4.00,0.00,0.00,270.07,-0.00,-0.00,-0.00,0.00,-0.00,-0.00,10.00
51279.00,-116.00,-17.25,-0.39,0.00,0.00,-12.43,0.00,0.00,-1642.62,-0.00,-0.00,-0.00,0.00,0.00,-0.00,10.00
51289.00,-116.00,-17.25,-0.39,0.00,0.00,0.40,0.00,0.00,1282.88,-0.00,-0.00,-0.00,0.00,0.00,-0.00,18.00
51307.00,-116.00,-17.25,-0.32,0.00,0.00,4.14,0.00,0.00,207.50,-0.00,-0.00,-0.00,-0.00,-0.00,-0.00,10.00
51322.00,-116.00,-17.25,-0.27,0.00,0.00,3.08,0.00,0.00,-70.61,-0.00,-0.00,-0.00,0.00,0.00,0.00,10.00
51332.00,-116.00,-17.25,-0.26,0.00,0.00,0.45,0.00,0.00,-262.95,-0.00,-0.00,-0.00,0.00,0.00,0.00,10.00
51342.00,-116.00,-17.25,-0.28,0.00,0.00,-1.97,0.00,0.00,-241.75,-0.00,-0.00,-0.00,0.00,0.00,0.00,10.00
51352.00,-116.00,-17.25,-0.29,0.00,0.00,-0.86,0.00,0.00,111.48,-0.00,-0.00,-0.00,-0.00,-0.00,0.00,10.00
51362.00,-116.00,-17.25,-0.32,0.00,0.00,-2.99,0.00,0.00,-213.33,-0.00,-0.00,-0.00,0.00,-0.00,0.00,10.00
51372.00,-115.98,-17.24,-0.31,0.05,0.03,0.98,0.26,0.16,397.17,-0.00,-0.00,-0.00,0.00,-0.00,0.00,10.00
51382.00,-115.98,-17.24,-0.32,0.05,0.03,-0.48,0.26,0.16,-146.36,-0.00,-0.00,-0.00,0.00,-0.00,-0.00,10.00
51392.00,-115.98,-17.24,-0.27,0.05,0.03,4.46,0.26,0.16,494.06,-0.00,-0.00,-0.00,0.00,-0.00,-0.00,16.00
51408.00,-115.98,-17.24,-0.36,0.05,0.03,-5.63,0.26,0.16,-630.61,-0.00,-0.00,-0.00,-0.00,-0.00,-0.00,10.00
51418.00,-115.98,-17.24,-0.48,0.05,0.03,-12.11,0.26,0.16,-648.01,-0.00,-0.00,-0.00,0.00,0.00,0.00,10.00
51433.00,-115.98,-17.24,-0.22,0.05,0.03,17.44,0.26,0.16,1970.09,-0.00,-0.00,-0.00,0.00,0.00,0.00,10.00
51443.00,-115.98,-17.24,-0.28,0.05,0.03,-5.83,0.26,0.16,-2327.04,-0.00,-0.00,-0.00,-0.00,0.00,0.00,10.00
51453.00,-115.98,-17.24,-0.30,0.05,0.03,-1.80,0.26,0.16,402.96,-0.00,-0.00,-0.00,-0.00,-0.00,0.00,10.00
51463.00,-115.98,-17.24,-0.36,0.05,0.03,-6.38,0.26,0.16,-457.81,-0.00,-0.00,-0.00,0.00,0.00,0.00,10.00
51473.00,-115.98,-17.24,-0.38,0.05,0.03,-1.74,0.26,0.16,464.02,-0.00,-0.00,-0.00,-0.00,0.00,0.00,10.00
51483.00,-115.98,-17.24,-0.40,0.05,0.03,-2.33,0.26,0.16,-58.80,-0.00,-0.00,-0.00,-0.00,-0.00,0.00,16.00
51499.00,-115.98,-17.24,-0.27,0.05,0.03,8.58,0.26,0.16,681.34,-0.00,-0.00,-0.00,-0.00,0.00,0.00,10.00
51509.00,-115.98,-17.24,-0.30,0.05,0.03,-3.64,0.26,0.16,-1221.22,-0.00,-0.00,-0.00,-0.00,0.00,0.00,10.00
51519.00,-115.98,-17.24,-0.31,0.05,0.03,-1.10,0.26,0.16,253.60,-0.00,-0.00,-0.00,-0.00,0.00,0.00,10.00
51529.00,-115.98,-17.24,-0.35,0.05,0.03,-3.51,0.26,0.16,-240.82,-0.00,-0.00,-0.00,-0.00,0.00,0.00,10.00
51543.00,-115.98,-17.24,-0.24,0.05,0.03,7.78,0.26,0.16,806.02,-0.00,-0.00,-0.00,0.00,0.00,0.00,10.00
51553.00,-115.98,-17.24,-0.32,0.05,0.03,-8.40,0.26,0.16,-1617.96,-0.00,-0.00,-0.00,-0.00,0.00,0.00,10.00
51563.00,-115.98,-17.24,-0.29,0.05,0.03,2.92,0.26,0.16,1132.01,-0.00,-0.00,-0.00,-0.00,-0.00,0.00,10.00
51573.00,-115.98,-17.25,-0.32,0.00,-0.04,-2.74,-0.27,-0.35,-565.74,-0.00,-0.00,-0.00,0.00,0.00,-0.00,10.00
51583.00,-115.98,-17.25,-0.26,0.00,-0.04,5.99,-0.27,-0.35,872.84,-0.00,-0.00,-0.00,0.00,0.01,-0.00,16.00
51599.00,-115.98,-17.25,-0.33,0.00,-0.04,-3.99,-0.27,-0.35,-623.51,-0.00,-0.00,-0.00,-0.00,0.00,0.00,10.00
51609.00,-115.98,-17.25,-0.31,0.00,-0.04,1.89,-0.27,-0.35,588.21,-0.00,-0.00,-0.00,-0.00,0.00,0.00,10.00
51619.00,-115.98,-17.25,-0.34,0.00,-0.04,-3.21,-0.27,-0.35,-509.83,-0.00,-0.00,-0.00,-0.00,0.00,0.00,10.00
51629.00,-115.98,-17.25,-0.26,0.00,-0.04,7.56,-0.27,-0.35,1076.97,-0.00,-0.00,-0.00,0.00,0.00,0.00,10.00
51639.00,-115.98,-17.25,-0.31,0.00,-0.04,-4.64,-0.27,-0.35,-1219.96,-0.00,-0.00,-0.00,0.01,-0.00,0.00,10.00
51653.00,-115.98,-17.25,-0.32,0.00,-0.04,-0.82,-0.27,-0.35,272.82,-0.00,-0.00,-0.00,-0.00,-0.00,0.00,10.00
51663.00,-115.98,-17.25,-0.35,0.00,-0.04,-3.24,-0.27,-0.35,-242.20,-0.00,-0.00,-0.00,-0.00,0.00,-0.00,10.00
51673.00,-115.98,-17.25,-0.25,0.00,-0.04,10.65,-0.27,-0.35,1388.59,-0.00,-0.00,-0.00,-0.00,0.00,0.00,10.00
51683.00,-115.98,-17.25,-0.31,0.00,-0.04,-6.62,-0.27,-0.35,-1726.57,-0.00,-0.00,-0.00,0.00,0.00,-0.00,16.00
51699.00,-115.98,-17.25,-0.33,0.00,-0.04,-1.24,-0.27,-0.35,336.17,-0.00,-0.00,-0.00,0.00,0.00,-0.00,10.00
51709.00,-115.98,-17.25,-0.24,0.00,-0.04,9.73,-0.27,-0.35,1096.66,-0.00,-0.00,-0.00,-0.00,0.00,0.00,10.00
51719.00,-115.98,-17.25,-0.19,0.00,-0.04,4.62,-0.27,-0.35,-510.98,-0.00,-0.00,-0.00,0.00,-0.00,0.00,10.00
51729.00,-115.98,-17.25,-0.32,0.00,-0.04,-13.43,-0.27,-0.35,-1804.79,-0.00,-0.00,-0.00,0.00,-0.00,0.00,10.00
51739.00,-115.98,-17.25,-0.26,0.00,-0.04,6.50,-0.27,-0.35,1992.93,-0.00,-0.00,-0.00,0.00,-0.00,0.00,10.00
51749.00,-115.98,-17.25,-0.34,0.00,-0.04,-7.63,-0.27,-0.35,-1412.55,-0.00,-0.00,-0.00,0.00,0.00,0.00,10.00
51763.00,-115.98,-17.25,-0.27,0.00,-0.04,4.39,-0.27,-0.35,858.00,-0.00,-0.00,-0.00,-0.00,0.00,0.00,10.00
51773.00,-115.98,-17.25,-0.41,0.00,0.00,-13.34,0.00,0.19,-1772.31,-0.00,-0.00,-0.00,-0.00,0.00,0.00,10.00
51783.00,-115.98,-17.25,-0.29,0.00,0.00,11.49,0.00,0.19,2482.70,-0.00,-0.00,-0.00,-0.00,0.00,-0.00,17.00
51800.00,-115.98,-17.25,-0.34,0.00,0.00,-2.56,0.00,0.19,-826.59,-0.00,-0.00,-0.00,0.00,0.00,0.00,10.00
51810.00,-115.98,-17.25,-0.36,0.00,0.00,-2.07,0.00,0.19,49.35,-0.00,0.00,-0.00,0.00,0.00,0.00,10.00
51821.00,-115.98,-17.25,-0.27,0.00,0.00,7.80,0.00,0.19,897.00,-0.00,0.00,-0.00,-0.00,-0.00,0.00,10.00
51831.00,-115.98,-17.25,-0.26,0.00,0.00,1.14,0.00,0.19,-665.68,-0.00,0.00,-0.00,-0.00,0.00,0.00,10.00
51841.00,-115.98,-17.25,-0.23,0.00,0.00,2.77,0.00,0.19,162.59,-0.00,0.00,-0.00,-0.00,0.00,-0.00,10.00
51851.00,-115.98,-17.25,-0.35,0.00,0.00,-11.52,0.00,0.19,-1428.58,-0.00,0.00,-0.00,-0.00,0.00,-0.00,10.00
51861.00,-115.98,-17.25,-0.26,0.00,0.00,8.33,0.00,0.19,1984.44,-0.00,0.00,-0.00,0.00,0.00,-0.00,10.00
51876.00,-115.98,-17.25,-0.34,0.00,0.00,-5.21,0.00,0.19,-902.31,-0.00,0.00,-0.00,-0.00,-0.00,-0.00,10.00
51886.00,-115.98,-17.25,-0.32,0.00,0.00,2.10,0.00,0.19,730.77,-0.00,0.00,-0.00,0.00,-0.00,-0.00,10.00
51896.00,-115.98,-17.25,-0.39,0.00,0.00,-6.66,0.00,0.19,-875.97,-0.00,0.00,-0.00,0.00,0.00,-0.00,10.00
51906.00,-115.98,-17.25,-0.28,0.00,0.00,10.97,0.00,0.19,1762.68,-0.00,0.00,-0.00,0.00,0.00,0.00,16.00
51922.00,-115.98,-17.25,-0.30,0.00,0.00,-1.26,0.00,0.19,-764.33,-0.00,0.00,-0.00,-0.00,-0.00,0.00,10.00
51932.00,-115.98,-17.25,-0.31,0.00,0.00,-0.71,0.00,0.19,55.73,-0.00,0.00,-0.00,0.00,-0.00,0.00,10.00
51942.00,-115.98,-17.25,-0.40,0.00,0.00,-9.37,0.00,0.19,-866.55,-0.00,0.00,-0.00,0.00,-0.00,-0.00,10.00
51952.00,-115.98,-17.25,-0.27,0.00,0.00,12.62,0.00,0.19,2198.77,-0.00,0.00,-0.00,0.00,0.00,-0.00,10.00
51962.00,-115.98,-17.25,-0.25,0.00,0.00,1.80,0.00,0.19,-1082.04,-0.00,0.00,-0.00,0.00,0.00,-0.00,10.00
51972.00,-115.98,-17.25,-0.31,0.00,0.00,-5.66,0.00,0.19,-745.08,-0.00,0.00,-0.00,-0.00,0.00,-0.00,10.00
51991.00,-115.98,-17.25,-0.21,0.00,0.00,5.13,0.00,0.00,567.91,-0.00,0.00,-0.00,0.00,-0.00,0.00,19.00
52010.00,-115.98,-17.25,-0.41,0.00,0.00,-10.24,0.00,0.00,-809.27,-0.00,0.00,-0.00,-0.00,0.01,0.00,10.00
52020.00,-115.98,-17.25,-0.25,0.00,0.00,15.50,0.00,0.00,2574.40,-0.00,0.00,-0.00,-0.00,-0.00,-0.00,10.00
52030.00,-115.98,-17.25,-0.44,0.00,0.00,-19.04,0.00,0.00,-3454.37,-0.00,0.00,-0.00,-0.00,-0.00,-0.00,10.00
52040.00,-115.98,-17.25,-0.38,0.00,0.00,6.80,0.00,0.00,2584.29,-0.00,0.00,-0.00,0.00,-0.00,-0.00,10.00
52050.00,-115.98,-17.25,-0.29,0.00,0.00,8.86,0.00,0.00,205.52,-0.00,0.00,-0.00,0.00,-0.00,-0.00,10.00
52060.00,-115.98,-17.25,-0.37,0.00,0.00,-8.22,0.00,0.00,-1707.22,-0.00,-0.00,-0.00,0.00,-0.00,0.00,10.00
52070.00,-115.98,-17.25,-0.26,0.00,0.00,10.90,0.00,0.00,1911.24,-0.00,0.00,-0.00,-0.00,0.00,-0.00,10.00
52080.00,-115.98,-17.25,-0.42,0.00,0.00,-15.52,0.00,0.00,-2641.87,-0.00,0.00,-0.00,0.00,0.00,-0.00,19.00
52099.00,-115.98,-17.25,-0.24,0.00,0.00,9.15,0.00,0.00,1298.61,-0.00,0.00,-0.00,0.00,0.00,0.00,10.00
52114.00,-115.98,-17.25,-0.26,0.00,0.00,-0.95,0.00,0.00,-673.19,-0.00,0.00,-0.00,-0.00,0.00,-0.00,10.00
52124.00,-115.98,-17.25,-0.33,0.00,0.00,-7.54,0.00,0.00,-659.47,-0.00,0.00,-0.00,0.00,-0.00,0.00,10.00
52134.00,-115.98,-17.25,-0.36,0.00,0.00,-2.86,0.00,0.00,467.74,-0.00,0.00,-0.00,0.00,-0.00,-0.00,10.00
52144.00,-115.98,-17.25,-0.32,0.00,0.00,3.86,0.00,0.00,672.24,-0.00,0.00,-0.00,0.00,-0.00,0.00,10.00
52154.00,-115.98,-17.25,-0.28,0.00,0.00,4.30,0.00,0.00,43.80,-0.00,0.00,-0.00,0.00,0.00,-0.00,10.00
52164.00,-115.98,-17.25,-0.34,0.00,0.00,-6.14,0.00,0.00,-1043.97,-0.00,0.00,-0.00,-0.00,0.00,-0.00,10.00
52174.00,-115.98,-17.25,-0.33,0.00,0.00,0.70,0.00,0.00,684.18,-0.00,0.00,-0.00,-0.00,0.00,-0.00,10.00
52184.00,-115.98,-17.25,-0.42,0.00,0.00,-8.40,0.00,0.00,-909.78,-0.00,0.00,-0.00,-0.00,0.00,-0.00,17.00
52201.00,-115.98,-17.25,-0.29,0.00,0.00,7.38,0.00,0.00,927.87,-0.00,0.00,-0.00,-0.00,0.00,-0.00,10.00
52211.00,-115.98,-17.25,-0.25,0.00,0.00,3.88,0.00,0.00,-349.23,-0.00,0.00,-0.00,-0.00,0.00,0.00,10.00
52226.00,-115.98,-17.25,-0.36,0.00,0.00,-7.26,0.00,0.00,-742.94,-0.00,0.00,-0.00,-0.00,0.00,-0.00,10.00
52236.00,-115.98,-17.25,-0.29,0.00,0.00,7.52,0.00,0.00,1477.66,-0.00,0.00,-0.00,-0.00,-0.01,0.00,10.00
52246.00,-115.98,-17.25,-0.31,0.00,0.00,-2.38,0.00,0.00,-989.22,-0.00,0.00,-0.00,0.00,-0.00,0.00,10.00
52256.00,-115.98,-17.25,-0.26,0.00,0.00,5.25,0.00,0.00,762.47,-0.00,0.00,-0.00,-0.00,0.00,0.00,10.00
52267.00,-115.98,-17.25,-0.35,0.00,0.00,-8.43,0.00,0.00,-1243.18,-0.00,0.00,-0.00,-0.00,0.00,0.00,10.00
52277.00,-115.98,-17.25,-0.39,0.00,0.00,-3.60,0.00,0.00,483.04,-0.00,0.00,-0.00,-0.00,0.00,0.00,10.00
52287.00,-115.98,-17.25,-0.24,0.00,0.00,14.91,0.00,0.00,1850.17,-0.00,0.00,-0.00,0.00,0.00,-0.00,16.00
52303.00,-115.98,-17.25,-0.32,0.00,0.00,-5.35,0.00,0.00,-1265.95,-0.00,0.00,-0.00,-0.00,-0.00,0.00,10.00
52313.00,-115.98,-17.25,-0.37,0.00,0.00,-4.45,0.00,0.00,89.85,-0.00,0.00,-0.00,-0.00,-0.00,-0.00,10.00
52323.00,-115.98,-17.25,-0.44,0.00,0.00,-7.73,0.00,0.00,-327.77,-0.00,0.00,-0.00,-0.00,-0.00,0.00,10.00
52337.00,-115.98,-17.25,-0.32,0.00,0.00,8.74,0.00,0.00,1176.21,-0.00,0.00,-0.00,-0.00,0.00,-0.00,10.00
52347.00,-115.98,-17.25,-0.35,0.00,0.00,-3.05,0.00,0.00,-1178.76,-0.00,0.00,-0.00,0.00,0.00,-0.00,10.00
52357.00,-115.98,-17.25,-0.20,0.00,0.00,14.84,0.00,0.00,1789.00,-0.00,0.00,-0.00,0.00,-0.00,-0.00,10.00
52367.00,-115.98,-17.25,-0.29,0.00,0.00,-8.86,0.00,0.00,-2370.41,-0.00,0.00,-0.00,0.00,-0.00,0.00,10.00
52377.00,-115.98,-17.25,-0.30,0.00,0.00,-1.19,0.00,0.00,767.30,-0.00,-0.00,-0.00,-0.00,-0.01,0.00,10.00
52387.00,-115.98,-17.25,-0.33,0.00,0.00,-2.96,0.00,0.00,-177.24,-0.00,-0.00,-0.00,-0.00,-0.00,0.00,16.00
52403.00,-115.98,-17.25,-0.41,0.00,0.00,-5.01,0.00,0.00,-128.01,-0.00,-0.00,-0.00,-0.00,-0.00,-0.00,10.00
52413.00,-115.98,-17.25,-0.26,0.00,0.00,15.86,0.00,0.00,2087.06,-0.00,-0.00,-0.00,0.00,0.00,0.00,10.00
52423.00,-115.98,-17.25,-0.40,0.00,0.00,-14.29,0.00,0.00,-3014.74,-0.00,-0.00,-0.00,-0.00,0.00,-0.00,10.00
52433.00,-115.98,-17.25,-0.36,0.00,0.00,4.10,0.00,0.00,1839.20,-0.00,-0.00,-0.00,-0.00,0.00,-0.00,10.00
52448.00,-115.98,-17.25,-0.34,0.00,0.00,1.25,0.00,0.00,-190.04,-0.00,-0.00,-0.00,0.00,-0.00,0.00,10.00
52458.00,-115.98,-17.25,-0.33,0.00,0.00,0.76,0.00,0.00,-49.41,-0.00,-0.00,-0.00,0.01,-0.01,-0.00,10.00
52468.00,-115.98,-17.25,-0.32,0.00,0.00,0.97,0.00,0.00,20.97,-0.00,-0.00,-0.00,0.00,0.00,0.00,10.00
52478.00,-115.98,-17.25,-0.25,0.00,0.00,7.11,0.00,0.00,614.28,-0.00,-0.00,-0.00,0.00,-0.00,0.00,10.00
52488.00,-115.98,-17.25,-0.33,0.00,0.00,-7.83,0.00,0.00,-1494.00,-0.00,-0.00,-0.00,0.00,0.00,0.00,15.00
52503.00,-115.98,-17.25,-0.39,0.00,0.00,-3.87,0.00,0.00,263.66,-0.00,-0.00,-0.00,0.00,0.00,-0.00,10.00
52513.00,-115.98,-17.25,-0.33,0.00,0.00,5.75,0.00,0.00,962.69,-0.00,-0.00,-0.00,0.00,0.00,-0.00,10.00
52523.00,-115.98,-17.25,-0.33,0.00,0.00,0.09,0.00,0.00,-566.10,-0.00,-0.00,-0.00,0.00,0.00,-0.00,10.00
52533.00,-115.98,-17.25,-0.29,0.00,0.00,4.15,0.00,0.00,405.33,-0.00,-0.00,-0.00,0.00,0.00,-0.00,10.00
52543.00,-115.98,-17.25,-0.38,0.00,0.00,-9.33,0.00,0.00,-1347.29,-0.00,-0.00,-0.00,0.00,0.00,0.00,10.00
52558.00,-115.98,-17.25,-0.34,0.00,0.00,2.95,0.00,0.00,818.35,-0.00,-0.00,-0.00,0.00,-0.00,-0.00,10.00
52568.00,-115.98,-17.25,-0.37,0.00,0.00,-3.43,0.00,0.00,-638.27,-0.00,-0.00,-0.00,0.00,0.00,0.00,10.00
52578.00,-115.98,-17.25,-0.25,0.00,0.00,12.17,0.00,0.00,1560.86,-0.00,-0.00,-0.00,0.00,0.00,-0.00,10.00
52588.00,-115.98,-17.25,-0.37,0.00,0.00,-12.05,0.00,0.00,-2422.09,-0.00,0.00,-0.00,-0.00,0.00,-0.00,16.00
52604.00,-115.98,-17.25,-0.36,0.00,0.00,0.60,0.00,0.00,790.38,-0.00,0.00,-0.00,0.00,0.00,-0.00,10.00
52614.00,-115.98,-17.25,-0.27,0.00,0.00,8.99,0.00,0.00,839.20,-0.00,0.00,-0.00,0.00,-0.00,-0.00,10.00
52624.00,-115.98,-17.25,-0.40,0.00,0.00,-13.29,0.00,0.00,-2228.44,-0.00,0.00,-0.00,0.00,0.00,-0.00,10.00
52634.00,-115.98,-17.25,-0.35,0.00,0.00,4.83,0.00,0.00,1812.17,-0.00,0.00,-0.00,-0.00,-0.00,-0.00,10.00
52644.00,-115.98,-17.25,-0.29,0.00,0.00,6.10,0.00,0.00,127.46,-0.00,0.00,-0.00,-0.00,-0.00,-0.00,10.00
52654.00,-115.98,-17.25,-0.47,0.00,0.00,-18.10,0.00,0.00,-2420.47,-0.00,0.00,-0.00,-0.00,0.00,-0.00,10.00
52669.00,-115.98,-17.25,-0.33,0.00,0.00,9.89,0.00,0.00,1866.35,-0.00,0.00,-0.00,0.00,-0.00,0.00,10.00
52679.00,-115.98,-17.25,-0.38,0.00,0.00,-5.33,0.00,0.00,-1522.56,-0.00,0.00,-0.00,0.00,-0.00,-0.00,10.00
52689.00,-115.98,-17.25,-0.39,0.00,0.00,-0.74,0.00,0.00,459.28,-0.00,0.00,-0.00,0.00,0.00,0.00,10.00
52699.00,-115.98,-17.25,-0.31,0.00,0.00,7.41,0.00,0.00,814.53,-0.00,0.00,-0.00,0.00,0.00,-0.00,15.00
52714.00,-115.98,-17.25,-0.36,0.00,0.00,-2.91,0.00,0.00,-687.99,-0.00,0.00,-0.00,0.00,0.00,-0.00,10.00
52724.00,-115.98,-17.25,-0.32,0.00,0.00,3.33,0.00,0.00,623.97,-0.00,0.00,-0.00,0.00,-0.00,0.00,10.00
52734.00,-115.98,-17.25,-0.32,0.00,0.00,-0.02,0.00,0.00,-334.87,-0.00,0.00,-0.00,-0.00,-0.00,-0.00,10.00
52744.00,-115.98,-17.25,-0.37,0.00,0.00,-4.41,0.00,0.00,-439.10,-0.00,0.00,-0.00,-0.00,-0.00,-0.00,10.00
52754.00,-115.98,-17.25,-0.38,0.00,0.00,-0.81,0.00,0.00,360.35,-0.00,0.00,-0.00,-0.00,-0.00,-0.00,10.00
52764.00,-115.98,-17.25,-0.35,0.00,0.00,2.49,0.00,0.00,329.58,-0.00,0.00,-0.00,0.00,0.00,-0.00,10.00
52779.00,-115.98,-17.25,-0.38,0.00,0.00,-1.93,0.00,0.00,-294.67,-0.00,0.00,-0.00,0.00,-0.00,0.00,10.00
52789.00,-115.98,-17.25,-0.36,0.00,0.00,1.58,0.00,0.00,351.16,-0.00,0.00,-0.00,0.00,-0.00,0.00,10.00
52799.00,-115.98,-17.25,-0.31,0.00,0.00,5.79,0.00,0.00,421.54,-0.00,0.00,-0.00,0.00,0.00,0.00,16.00
52815.00,-115.98,-17.24,-0.36,0.00,0.04,-3.50,0.00,0.17,-580.66,-0.00,0.00,-0.00,0.00,0.00,0.00,10.00
52825.00,-115.98,-17.24,-0.36,0.00,0.04,0.41,0.00,0.17,390.95,-0.00,0.00,-0.00,-0.00,-0.00,-0.00,10.00
52835.00,-115.98,-17.24,-0.32,0.00,0.04,3.80,0.00,0.17,339.15,-0.00,0.00,-0.00,-0.00,-0.00,-0.00,10.00
52845.00,-115.98,-17.24,-0.45,0.00,0.04,-12.57,0.00,0.17,-1637.35,-0.00,-0.00,-0.00,-0.00,-0.00,-0.00,10.00
52855.00,-115.98,-17.24,-0.37,0.00,0.04,7.52,0.00,0.17,2008.88,-0.00,-0.00,-0.00,-0.00,-0.00,0.00,10.00
52865.00,-115.98,-17.24,-0.37,0.00,0.04,-0.44,0.00,0.17,-795.42,-0.00,-0.00,-0.00,0.00,-0.00,-0.00,10.00
52875.00,-115.98,-17.24,-0.34,0.00,0.04,3.74,0.00,0.17,417.87,-0.00,-0.00,-0.00,0.00,-0.00,0.00,10.00
52894.00,-115.98,-17.24,-0.35,0.00,0.04,-0.46,0.00,0.17,-220.97,-0.00,-0.00,-0.00,0.00,0.00,0.00,19.00
52913.00,-115.98,-17.24,-0.34,0.00,0.04,0.26,0.00,0.17,37.84,-0.00,0.00,-0.00,0.00,0.00,0.00,10.00
52923.00,-115.98,-17.24,-0.30,0.00,0.04,4.02,0.00,0.17,375.36,-0.00,0.00,-0.00,0.00,0.00,0.00,10.00
52933.00,-115.98,-17.24,-0.28,0.00,0.04,2.42,0.00,0.17,-159.29,-0.00,0.00,-0.00,0.00,0.00,0.00,10.00
52943.00,-115.98,-17.24,-0.35,0.00,0.04,-7.66,0.00,0.17,-1008.81,-0.00,0.00,-0.00,0.00,-0.00,0.00,10.00
52953.00,-115.98,-17.24,-0.31,0.00,0.04,4.60,0.00,0.17,1226.22,-0.00,0.00,-0.00,0.00,-0.00,0.00,10.00
52963.00,-115.98,-17.24,-0.32,0.00,0.04,-1.44,0.00,0.17,-603.95,-0.00,-0.00,-0.00,0.00,-0.00,0.00,10.00
52973.00,-115.98,-17.24,-0.32,0.00,0.04,-0.04,0.00,0.17,139.76,-0.00,-0.00,-0.00,0.00,0.00,-0.00,10.00
52983.00,-115.98,-17.24,-0.32,0.00,0.04,0.36,0.00,0.17,39.99,-0.00,-0.00,-0.00,-0.00,-0.00,0.00,19.00
53002.00,-115.98,-17.24,-0.29,0.00,0.04,1.58,0.00,0.17,64.56,-0.00,0.00,-0.00,-0.00,0.00,0.00,10.00
53017.00,-115.98,-17.25,-0.30,0.00,-0.04,-0.89,0.00,-0.37,-164.89,-0.00,-0.00,-0.00,0.00,-0.00,0.00,10.00
53027.00,-115.98,-17.25,-0.26,0.00,-0.04,3.97,0.00,-0.37,486.52,-0.00,-0.00,-0.00,-0.00,-0.00,0.00,10.00
53037.00,-115.98,-17.25,-0.25,0.00,-0.04,1.47,0.00,-0.37,-250.80,-0.00,-0.00,-0.00,-0.00,-0.00,-0.00,10.00
53047.00,-115.98,-17.25,-0.36,0.00,-0.04,-11.20,0.00,-0.37,-1267.11,-0.00,-0.00,-0.00,-0.00,0.00,0.00,10.00
53057.00,-115.98,-17.25,-0.30,0.00,-0.04,6.12,0.00,-0.37,1732.26,-0.00,-0.00,-0.00,0.00,0.00,0.00,10.00
53067.00,-115.98,-17.25,-0.30,0.00,-0.04,-0.15,0.00,-0.37,-627.08,-0.00,-0.00,-0.00,0.00,-0.00,0.00,10.00
53077.00,-115.98,-17.25,-0.34,0.00,-0.04,-4.06,0.00,-0.37,-390.39,-0.00,-0.00,-0.00,0.00,-0.00,0.00,10.00
53087.00,-115.98,-17.25,-0.25,0.00,-0.04,8.89,0.00,-0.37,1294.75,-0.00,-0.00,-0.00,0.00,0.00,0.00,10.00
53097.00,-115.98,-17.25,-0.33,0.00,-0.04,-7.64,0.00,-0.37,-1652.78,-0.00,-0.00,-0.00,0.00,-0.00,0.00,17.00
53114.00,-115.98,-17.25,-0.30,0.00,-0.04,1.66,0.00,-0.37,547.07,-0.00,-0.00,-0.00,0.00,0.00,0.00,10.00
53128.00,-115.98,-17.25,-0.26,0.00,-0.04,2.59,0.00,-0.37,65.93,-0.00,-0.00,-0.00,0.00,-0.00,0.00,10.00
53138.00,-115.98,-17.25,-0.39,0.00,-0.04,-13.08,0.00,-0.37,-1566.37,-0.00,-0.00,-0.00,0.00,0.00,0.00,10.00
53148.00,-115.98,-17.25,-0.35,0.00,-0.04,4.12,0.00,-0.37,1720.00,-0.00,-0.00,-0.00,-0.00,0.00,0.00,10.00
53158.00,-115.98,-17.25,-0.33,0.00,-0.04,2.74,0.00,-0.37,-138.74,-0.00,0.00,-0.00,-0.00,0.00,0.00,10.00
53168.00,-115.98,-17.25,-0.30,0.00,-0.04,2.22,0.00,-0.37,-51.30,-0.00,0.00,-0.00,0.00,0.00,0.00,10.00
53178.00,-115.98,-17.25,-0.45,0.00,-0.04,-14.65,0.00,-0.37,-1687.52,-0.00,-0.00,-0.00,0.00,-0.00,0.00,10.00
53188.00,-115.98,-17.25,-0.26,0.00,-0.04,19.28,0.00,-0.37,3393.48,-0.00,-0.00,-0.00,0.00,-0.00,0.00,10.00
53198.00,-115.98,-17.25,-0.37,0.00,-0.04,-10.81,0.00,-0.37,-3009.23,-0.00,-0.00,-0.00,0.00,0.00,0.00,17.00
53215.00,-115.98,-17.25,-0.35,0.00,-0.04,0.87,0.00,-0.37,687.15,-0.00,0.00,-0.00,0.00,0.00,-0.00,10.00
53225.00,-115.98,-17.25,-0.34,0.00,0.00,1.10,0.00,0.18,23.05,-0.00,0.00,-0.00,0.00,0.00,-0.00,10.00
53239.00,-115.98,-17.25,-0.24,0.00,0.00,7.20,0.00,0.18,435.36,-0.00,0.00,-0.00,-0.00,-0.00,-0.00,10.00
53249.00,-115.98,-17.25,-0.30,0.00,0.00,-6.46,0.00,0.18,-1366.19,-0.00,0.00,-0.00,-0.00,-0.00,0.00,10.00
53259.00,-115.98,-17.25,-0.40,0.00,0.00,-9.62,0.00,0.18,-315.86,-0.00,-0.00,-0.00,-0.00,-0.01,0.00,10.00
53269.00,-115.98,-17.25,-0.32,0.00,0.00,7.64,0.00,0.18,1726.39,-0.00,-0.00,-0.00,-0.00,0.00,0.00,10.00
53279.00,-115.98,-17.25,-0.25,0.00,0.00,7.28,0.00,0.18,-35.63,-0.00,-0.00,-0.00,-0.00,-0.00,0.00,10.00
53289.00,-115.98,-17.25,-0.32,0.00,0.00,-6.70,0.00,0.18,-1398.26,-0.00,-0.00,-0.00,-0.00,0.00,0.00,10.00
53299.00,-115.98,-17.25,-0.32,0.00,0.00,0.11,0.00,0.18,680.57,-0.00,-0.00,-0.00,0.00,0.00,-0.00,16.00
53315.00,-115.98,-17.25,-0.40,0.00,0.00,-5.08,0.00,0.18,-324.26,-0.00,-0.00,-0.00,0.00,-0.00,-0.00,10.00
53325.00,-115.98,-17.25,-0.34,0.00,0.00,5.85,0.00,0.18,1093.23,-0.00,-0.00,-0.00,-0.00,0.00,-0.00,10.00
53335.00,-115.98,-17.25,-0.34,0.00,0.00,-0.20,0.00,0.18,-604.91,-0.00,0.00,-0.00,0.00,0.00,0.00,10.00
53349.00,-115.98,-17.25,-0.38,0.00,0.00,-2.79,0.00,0.18,-184.98,-0.00,0.00,-0.00,0.00,0.00,0.00,10.00
53359.00,-115.98,-17.25,-0.40,0.00,0.00,-2.38,0.00,0.18,40.83,-0.00,0.00,-0.00,0.00,-0.00,0.00,10.00
53369.00,-115.98,-17.25,-0.32,0.00,0.00,8.20,0.00,0.18,1057.50,-0.00,-0.00,-0.00,0.00,-0.00,-0.00,10.00
53379.00,-115.98,-17.25,-0.36,0.00,0.00,-3.77,0.00,0.18,-1196.72,-0.00,-0.00,-0.00,0.00,-0.00,-0.00,10.00
53389.00,-115.98,-17.25,-0.36,0.00,0.00,0.14,0.00,0.18,391.07,-0.00,-0.00,-0.00,0.00,-0.00,0.00,16.00
53405.00,-115.98,-17.25,-0.31,0.00,0.00,3.13,0.00,0.18,187.20,-0.00,-0.00,-0.00,0.00,-0.00,0.00,10.00
53415.00,-115.98,-17.25,-0.38,0.00,0.00,-7.15,0.00,0.18,-1028.27,-0.00,-0.00,-0.00,0.00,0.00,-0.00,10.00
53425.00,-115.98,-17.25,-0.45,0.00,0.00,-6.69,0.00,0.00,46.20,-0.00,-0.00,-0.00,0.00,-0.00,-0.00,10.00
53435.00,-115.98,-17.25,-0.27,0.00,0.00,17.40,0.00,0.00,2408.69,-0.00,-0.00,-0.00,0.00,-0.00,-0.00,10.00
53445.00,-115.98,-17.25,-0.31,0.00,0.00,-4.05,0.00,0.00,-2145.38,-0.00,-0.00,-0.00,-0.00,-0.00,0.00,10.00
53460.00,-115.98,-17.25,-0.38,0.00,0.00,-4.26,0.00,0.00,-14.00,-0.00,-0.00,-0.00,-0.00,0.00,0.00,10.00
53470.00,-115.98,-17.25,-0.37,0.00,0.00,0.81,0.00,0.00,507.09,-0.00,-0.00,-0.00,0.00,0.00,0.00,10.00
53480.00,-115.98,-17.25,-0.40,0.00,0.00,-3.07,0.00,0.00,-387.48,-0.00,-0.00,-0.00,0.00,0.00,-0.00,10.00
53490.00,-115.98,-17.25,-0.39,0.00,0.00,0.73,0.00,0.00,380.18,-0.00,-0.00,-0.00,0.00,-0.00,0.00,16.00
53506.00,-115.98,-17.25,-0.33,0.00,0.00,3.81,0.00,0.00,192.03,-0.00,-0.00,-0.00,-0.00,-0.00,-0.00,10.00
53516.00,-115.98,-17.25,-0.37,0.00,0.00,-3.41,0.00,0.00,-721.66,-0.00,-0.00,-0.00,-0.00,-0.00,-0.00,10.00
53526.00,-115.98,-17.25,-0.38,0.00,0.00,-1.25,0.00,0.00,215.64,-0.00,-0.00,-0.00,0.00,-0.00,0.00,10.00
53536.00,-115.98,-17.25,-0.41,0.00,0.00,-2.97,0.00,0.00,-171.29,-0.00,-0.00,-0.00,0.00,0.00,0.00,10.00
53546.00,-115.98,-17.25,-0.29,0.00,0.00,11.25,0.00,0.00,1421.99,-0.00,-0.00,-0.00,0.00,0.00,0.00,10.00
53556.00,-115.98,-17.25,-0.40,0.00,0.00,-10.47,0.00,0.00,-2172.73,-0.00,-0.00,-0.00,0.00,-0.00,0.00,10.00
53570.00,-115.98,-17.25,-0.25,0.00,0.00,10.35,0.00,0.00,1487.06,-0.00,-0.00,-0.00,0.00,-0.00,0.00,10.00
53580.00,-115.98,-17.25,-0.39,0.00,0.00,-13.81,0.00,0.00,-2415.49,-0.00,-0.00,-0.00,0.00,-0.00,0.00,10.00
53590.00,-115.98,-17.25,-0.35,0.00,0.00,3.98,0.00,0.00,1779.36,-0.00,-0.00,-0.00,-0.00,-0.00,-0.00,16.00
53606.00,-115.98,-17.25,-0.40,0.00,0.00,-2.69,0.00,0.00,-417.18,-0.00,-0.00,-0.00,-0.00,0.00,-0.00,10.00
53616.00,-115.98,-17.25,-0.34,0.00,0.00,5.75,0.00,0.00,844.39,-0.00,-0.00,-0.00,-0.00,0.00,0.00,10.00
53626.00,-115.98,-17.26,-0.37,0.00,-0.04,-3.37,0.00,-0.19,-912.84,-0.00,-0.00,-0.00,-0.00,-0.00,0.00,10.00
53636.00,-115.98,-17.26,-0.37,0.00,-0.04,-0.27,0.00,-0.19,310.77,-0.00,-0.00,-0.00,0.00,0.00,0.00,10.00
53646.00,-115.98,-17.26,-0.38,0.00,-0.04,-0.81,0.00,-0.19,-53.90,-0.00,-0.00,-0.00,-0.00,0.00,0.00,10.00
53656.00,-115.98,-17.26,-0.42,0.00,-0.04,-3.71,0.00,-0.19,-290.34,-0.00,-0.00,-0.00,0.00,0.00,0.00,10.00
53666.00,-115.98,-17.26,-0.32,0.00,-0.04,10.47,0.00,-0.19,1418.02,-0.00,-0.00,-0.00,0.00,0.00,0.00,10.00
53680.00,-115.98,-17.26,-0.35,0.00,-0.04,-2.37,0.00,-0.19,-917.13,-0.00,-0.00,-0.00,-0.00,-0.00,-0.00,10.00
53690.00,-115.98,-17.26,-0.38,0.00,-0.04,-3.28,0.00,-0.19,-90.93,-0.00,-0.00,-0.00,-0.00,-0.00,-0.00,16.00
53706.00,-115.98,-17.26,-0.39,0.00,-0.04,-0.36,0.00,-0.19,182.35,-0.00,-0.00,-0.00,0.00,-0.00,0.00,10.00
53716.00,-115.98,-17.26,-0.43,0.00,-0.04,-4.19,0.00,-0.19,-382.46,-0.00,-0.00,-0.00,0.00,-0.00,0.00,10.00
53726.00,-115.98,-17.26,-0.34,0.00,-0.04,8.47,0.00,-0.19,1265.37,-0.00,-0.00,-0.00,-0.00,0.00,0.00,10.00
53736.00,-115.98,-17.26,-0.28,0.00,-0.04,6.45,0.00,-0.19,-202.28,-0.00,-0.00,-0.00,-0.00,0.00,0.00,10.00
53746.00,-115.98,-17.26,-0.36,0.00,-0.04,-8.13,0.00,-0.19,-1457.24,-0.00,-0.00,-0.00,0.00,-0.00,0.00,10.00
53756.00,-115.98,-17.26,-0.41,0.00,-0.04,-4.59,0.00,-0.19,353.23,-0.00,-0.00,-0.00,0.00,-0.00,-0.00,10.00
53766.00,-115.98,-17.26,-0.31,0.00,-0.04,9.42,0.00,-0.19,1401.14,-0.00,-0.00,-0.00,0.00,-0.00,0.00,10.00
53776.00,-115.98,-17.26,-0.23,0.00,-0.04,8.02,0.00,-0.19,-139.20,-0.00,-0.00,-0.00,-0.00,-0.00,0.00,10.00
53795.00,-115.98,-17.26,-0.27,0.00,-0.04,-1.93,0.00,-0.19,-523.81,-0.00,-0.00,-0.00,0.00,-0.00,0.00,20.00
53815.00,-115.98,-17.26,-0.34,0.00,-0.04,-3.60,0.00,-0.19,-83.59,-0.00,-0.00,-0.00,-0.00,0.00,0.00,10.00
53825.00,-115.98,-17.26,-0.43,0.00,-0.04,-8.39,0.00,-0.19,-478.73,-0.00,-0.00,-0.00,0.00,0.00,0.00,10.00
53835.00,-115.98,-17.26,-0.34,0.00,0.00,8.30,0.00,0.18,1669.00,-0.00,-0.00,-0.00,-0.00,-0.00,0.00,10.00
53845.00,-115.98,-17.26,-0.37,0.00,0.00,-3.14,0.00,0.18,-1144.36,-0.00,-0.00,-0.00,0.00,0.00,0.00,10.00
53855.00,-115.98,-17.26,-0.37,0.00,0.00,0.05,0.00,0.18,318.81,-0.00,-0.00,-0.00,0.00,0.00,-0.00,10.00
53865.00,-115.98,-17.26,-0.45,0.00,0.00,-7.94,0.00,0.18,-798.80,-0.00,-0.00,-0.00,0.00,0.00,0.00,10.00
53875.00,-115.98,-17.26,-0.35,0.00,0.00,9.93,0.00,0.18,1786.96,-0.00,-0.00,-0.00,-0.00,-0.00,0.00,10.00
53885.00,-115.98,-17.26,-0.40,0.00,0.00,-4.44,0.00,0.18,-1436.81,-0.00,-0.00,-0.00,-0.00,-0.00,0.00,10.00
53895.00,-115.98,-17.26,-0.38,0.00,0.00,1.69,0.00,0.18,612.93,-0.00,-0.00,-0.00,-0.00,-0.00,-0.00,18.00
53917.00,-115.98,-17.26,-0.38,0.00,0.00,0.19,0.00,0.18,-68.12,-0.00,-0.00,-0.00,0.00,0.00,-0.00,10.00
53927.00,-115.98,-17.26,-0.31,0.00,0.00,6.48,0.00,0.18,628.40,-0.00,-0.00,-0.00,0.00,0.00,-0.00,10.00
53937.00,-115.98,-17.26,-0.31,0.00,0.00,-0.11,0.00,0.18,-658.84,-0.00,-0.00,-0.00,-0.00,-0.00,0.00,10.00
53947.00,-115.98,-17.26,-0.43,0.00,0.00,-11.67,0.00,0.18,-1155.97,-0.00,-0.00,-0.00,0.00,0.00,-0.00,10.00
53957.00,-115.98,-17.26,-0.40,0.00,0.00,2.69,0.00,0.18,1436.02,-0.00,-0.00,-0.00,0.00,-0.00,-0.00,10.00
53967.00,-115.98,-17.26,-0.32,0.00,0.00,8.38,0.00,0.18,568.98,-0.00,-0.00,-0.00,0.00,0.00,-0.00,10.00
53977.00,-115.98,-17.26,-0.46,0.00,0.00,-13.73,0.00,0.18,-2211.11,-0.00,-0.00,-0.00,-0.00,0.00,-0.00,10.00
53987.00,-115.98,-17.26,-0.46,0.00,0.00,-0.85,0.00,0.18,1288.43,-0.00,-0.00,-0.00,-0.00,0.00,0.00,10.00
53997.00,-115.98,-17.26,-0.36,0.00,0.00,10.29,0.00,0.18,1114.20,-0.00,-0.00,-0.00,0.00,-0.00,0.00,19.00
54016.00,-115.98,-17.26,-0.38,0.00,0.00,-1.17,0.00,0.18,-603.21,-0.00,-0.00,-0.00,-0.00,0.00,-0.00,10.00
54031.00,-115.98,-17.26,-0.47,0.00,0.00,-5.43,0.00,0.18,-284.09,-0.00,-0.00,-0.00,-0.00,-0.00,0.00,10.00
54041.00,-115.98,-17.27,-0.28,0.00,-0.04,18.69,0.00,-0.18,2411.93,-0.00,-0.00,-0.00,0.00,0.00,-0.00,10.00
54051.00,-115.98,-17.27,-0.33,0.00,-0.04,-5.42,0.00,-0.18,-2410.84,-0.00,-0.00,-0.00,0.00,0.00,0.00,10.00
54061.00,-115.98,-17.27,-0.39,0.00,-0.04,-5.61,0.00,-0.18,-19.12,-0.00,-0.00,-0.00,0.00,0.00,-0.00,10.00
54071.00,-115.98,-17.27,-0.32,0.00,-0.04,7.26,0.00,-0.18,1286.58,-0.00,-0.00,-0.00,0.00,0.00,-0.00,10.00
54081.00,-115.98,-17.27,-0.35,0.00,-0.04,-3.01,0.00,-0.18,-1026.19,-0.00,-0.00,-0.00,0.00,-0.00,0.00,10.00
54091.00,-115.98,-17.27,-0.36,0.00,-0.04,-1.60,0.00,-0.18,140.11,-0.00,-0.00,-0.00,0.00,-0.00,0.00,17.00
54108.00,-115.98,-17.27,-0.37,0.00,-0.04,-0.46,0.00,-0.18,67.18,-0.00,-0.00,-0.00,0.00,-0.00,-0.00,10.00
54118.00,-115.98,-17.27,-0.42,0.00,-0.04,-4.54,0.00,-0.18,-407.98,-0.00,-0.00,-0.00,0.00,0.00,0.00,10.00
54128.00,-115.98,-17.27,-0.44,0.00,-0.04,-2.23,0.00,-0.18,231.00,-0.00,-0.00,-0.00,0.00,-0.00,0.00,10.00
54143.00,-115.98,-17.27,-0.38,0.00,-0.04,4.12,0.00,-0.18,423.52,-0.00,-0.00,-0.00,-0.00,-0.00,-0.00,10.00
54153.00,-115.98,-17.27,-0.36,0.00,-0.04,1.42,0.00,-0.18,-270.38,-0.00,-0.00,-0.00,0.00,-0.01,-0.00,10.00
54163.00,-115.98,-17.27,-0.34,0.00,-0.04,1.73,0.00,-0.18,31.77,-0.00,-0.00,-0.00,0.00,0.00,-0.00,10.00
54173.00,-115.98,-17.27,-0.32,0.00,-0.04,2.44,0.00,-0.18,70.86,-0.00,-0.00,-0.00,0.00,0.00,-0.00,10.00
54183.00,-115.98,-17.27,-0.32,0.00,-0.04,-0.29,0.00,-0.18,-273.39,-0.00,-0.00,-0.00,0.00,-0.00,-0.00,10.00
54193.00,-115.98,-17.27,-0.35,0.00,-0.04,-3.14,0.00,-0.18,-284.77,-0.00,-0.00,-0.00,0.00,-0.00,0.00,16.00
54209.00,-115.98,-17.27,-0.36,0.00,-0.04,-0.36,0.00,-0.18,173.90,-0.00,-0.00,-0.00,-0.00,-0.00,0.00,10.00
54219.00,-115.98,-17.27,-0.32,0.00,-0.04,3.84,0.00,-0.18,419.79,-0.00,-0.00,-0.00,-0.00,-0.00,-0.00,10.00
54229.00,-115.98,-17.27,-0.38,0.00,-0.04,-5.46,0.00,-0.18,-930.66,-0.00,-0.00,-0.00,0.00,-0.00,-0.00,10.00
54239.00,-115.98,-17.27,-0.30,0.00,-0.04,7.42,0.00,-0.18,1288.00,-0.00,-0.00,-0.00,0.00,0.00,-0.00,10.00
54254.00,-115.98,-17.27,-0.23,0.00,0.00,4.58,0.00,0.17,-188.70,-0.00,-0.00,-0.00,0.00,0.00,0.00,10.00
54264.00,-115.98,-17.27,-0.35,0.00,0.00,-12.03,0.00,0.17,-1661.53,-0.00,-0.00,-0.00,-0.00,-0.00,-0.00,10.00
54274.00,-115.98,-17.27,-0.22,0.00,0.00,13.21,0.00,0.17,2524.04,-0.00,-0.00,-0.00,-0.00,-0.00,-0.00,10.00
54284.00,-115.98,-17.27,-0.46,0.00,0.00,-24.22,0.00,0.17,-3742.86,-0.00,-0.00,-0.00,-0.00,0.00,-0.00,15.00
54299.00,-115.98,-17.27,-0.44,0.00,0.00,1.64,0.00,0.17,1723.77,-0.00,-0.00,-0.00,0.00,-0.00,-0.00,10.00
54309.00,-115.98,-17.27,-0.36,0.00,0.00,7.86,0.00,0.17,621.85,-0.00,-0.00,-0.00,0.00,-0.00,0.00,10.00
54319.00,-115.98,-17.27,-0.43,0.00,0.00,-7.10,0.00,0.17,-1495.16,-0.00,-0.00,-0.00,0.00,0.00,0.00,10.00
54329.00,-115.98,-17.27,-0.37,0.00,0.00,5.67,0.00,0.17,1276.15,-0.00,-0.00,-0.00,-0.00,-0.00,-0.00,10.00
54339.00,-115.98,-17.27,-0.28,0.00,0.00,9.85,0.00,0.17,418.79,-0.00,-0.00,-0.00,-0.00,-0.00,0.00,10.00
54349.00,-115.98,-17.27,-0.20,0.00,0.00,8.08,0.00,0.17,-177.84,-0.00,-0.00,-0.00,-0.00,0.00,-0.00,10.00
54363.00,-115.98,-17.27,-0.42,0.00,0.00,-16.06,0.00,0.17,-1723.65,-0.00,-0.00,-0.00,-0.00,-0.00,0.00,10.00
54373.00,-115.98,-17.27,-0.32,0.00,0.00,10.49,0.00,0.17,2654.91,-0.00,-0.00,-0.00,-0.00,-0.00,0.00,10.00
54383.00,-115.98,-17.27,-0.35,0.00,0.00,-2.99,0.00,0.17,-1348.12,-0.00,-0.00,-0.00,-0.00,0.00,0.00,16.00
54399.00,-115.98,-17.27,-0.31,0.00,0.00,2.06,0.00,0.17,315.18,-0.00,-0.00,-0.00,-0.00,-0.00,0.00,10.00
54409.00,-115.98,-17.27,-0.36,0.00,0.00,-4.28,0.00,0.17,-633.35,-0.00,-0.00,-0.00,0.00,0.00,-0.00,10.00
54419.00,-115.98,-17.27,-0.25,0.00,0.00,10.03,0.00,0.17,1431.28,-0.00,-0.00,-0.00,-0.00,0.00,0.00,10.00
54429.00,-115.98,-17.27,-0.44,0.00,0.00,-18.89,0.00,0.17,-2892.87,-0.00,-0.00,-0.00,-0.00,0.00,0.00,10.00
54439.00,-115.98,-17.27,-0.35,0.00,0.00,9.02,0.00,0.17,2791.77,-0.00,-0.00,-0.00,-0.00,0.00,0.00,10.00
54449.00,-115.98,-17.27,-0.37,0.00,0.00,-1.65,0.00,0.17,-1067.45,-0.00,-0.00,-0.00,-0.00,0.00,0.00,10.00
54459.00,-115.98,-17.27,-0.33,0.00,0.00,3.93,0.00,0.00,557.96,-0.00,-0.00,-0.00,-0.00,0.00,0.00,10.00
54473.00,-115.98,-17.27,-0.36,0.00,0.00,-2.24,0.00,0.00,-440.43,-0.00,-0.00,-0.00,-0.00,0.00,0.00,10.00
54483.00,-115.98,-17.27,-0.33,0.00,0.00,2.75,0.00,0.00,498.59,-0.00,-0.00,-0.00,-0.00,0.00,0.00,16.00
54499.00,-115.98,-17.27,-0.31,0.00,0.00,1.39,0.00,0.00,-84.84,-0.00,-0.00,-0.00,-0.01,-0.01,0.00,10.00
54509.00,-115.98,-17.27,-0.35,0.00,0.00,-3.91,0.00,0.00,-530.09,-0.00,-0.00,-0.00,-0.00,0.00,-0.00,10.00
54519.00,-115.98,-17.27,-0.28,0.00,0.00,7.56,0.00,0.00,1147.36,-0.00,-0.00,-0.00,-0.00,-0.00,0.00,10.00
54529.00,-115.98,-17.27,-0.32,0.00,0.00,-4.70,0.00,0.00,-1226.32,-0.00,-0.00,-0.00,-0.00,0.00,0.00,10.00
54539.00,-115.98,-17.27,-0.27,0.00,0.00,5.06,0.00,0.00,976.19,-0.00,-0.00,-0.00,0.00,0.00,0.00,10.00
54549.00,-115.98,-17.27,-0.34,0.00,0.00,-7.17,0.00,0.00,-1223.71,-0.00,-0.00,-0.00,0.00,0.00,-0.00,10.00
54559.00,-115.98,-17.27,-0.38,0.00,0.00,-3.28,0.00,0.00,389.91,-0.00,-0.00,-0.00,-0.00,0.01,0.00,10.00
54569.00,-115.98,-17.27,-0.23,0.00,0.00,15.17,0.00,0.00,1844.12,-0.00,-0.00,-0.00,-0.00,0.00,-0.00,10.00
54589.00,-115.98,-17.27,-0.32,0.00,0.00,-4.98,0.00,0.00,-1007.36,-0.00,-0.00,-0.00,0.00,0.00,0.00,19.00
54608.00,-115.98,-17.27,-0.34,0.00,0.00,-0.95,0.00,0.00,211.95,-0.00,-0.00,-0.00,-0.00,0.00,0.00,10.00
54618.00,-115.98,-17.27,-0.26,0.00,0.00,8.47,0.00,0.00,942.32,-0.00,-0.00,-0.00,-0.00,0.00,0.00,10.00
54628.00,-115.98,-17.27,-0.43,0.00,0.00,-16.99,0.00,0.00,-2545.40,-0.00,-0.00,-0.00,0.00,0.00,0.00,10.00
54638.00,-115.98,-17.27,-0.42,0.00,0.00,0.97,0.00,0.00,1795.51,-0.00,-0.00,-0.00,0.00,-0.00,0.00,10.00
54648.00,-115.98,-17.27,-0.32,0.00,0.00,10.06,0.00,0.00,908.64,-0.00,-0.00,-0.00,-0.00,0.00,0.00,10.00
54658.00,-115.98,-17.27,-0.30,0.00,0.00,1.58,0.00,0.00,-847.20,-0.00,-0.00,-0.00,-0.00,0.00,-0.00,10.00
54668.00,-115.98,-17.27,-0.36,0.00,0.00,-5.49,0.00,0.00,-707.07,-0.00,-0.00,-0.00,-0.00,-0.00,0.00,10.00
54678.00,-115.98,-17.27,-0.37,0.00,0.00,-1.78,0.00,0.00,370.90,-0.00,-0.00,-0.00,0.00,0.00,0.00,10.00
54688.00,-115.98,-17.27,-0.37,0.00,0.00,0.17,0.00,0.00,195.01,-0.00,-0.00,-0.00,0.00,0.00,-0.00,20.00
54713.00,-115.98,-17.27,-0.31,0.00,0.00,2.60,0.00,0.00,97.21,-0.00,-0.00,-0.00,-0.00,-0.00,0.00,10.00
54723.00,-115.98,-17.27,-0.31,0.00,0.00,-0.57,0.00,0.00,-317.10,-0.00,-0.00,-0.00,0.00,-0.00,-0.00,10.00
54733.00,-115.98,-17.27,-0.34,0.00,0.00,-2.72,0.00,0.00,-214.77,-0.00,-0.00,-0.00,0.00,0.00,-0.00,10.00
54743.00,-115.98,-17.27,-0.28,0.00,0.00,5.61,0.00,0.00,832.64,-0.00,-0.00,-0.00,0.00,-0.00,0.00,10.00
54753.00,-115.98,-17.27,-0.38,0.00,0.00,-9.84,0.00,0.00,-1544.75,-0.00,-0.00,-0.00,-0.00,-0.00,-0.00,10.00
54763.00,-115.98,-17.27,-0.30,0.00,0.00,8.28,0.00,0.00,1811.83,-0.00,-0.00,-0.00,-0.00,0.00,-0.00,10.00
54773.00,-115.98,-17.27,-0.43,0.00,0.00,-13.07,0.00,0.00,-2135.44,-0.00,-0.00,-0.00,-0.00,-0.00,-0.00,10.00
54783.00,-115.98,-17.27,-0.24,0.00,0.00,19.39,0.00,0.00,3246.58,-0.00,-0.00,-0.00,0.00,0.00,0.00,10.00
54793.00,-115.98,-17.27,-0.31,0.00,0.00,-7.37,0.00,0.00,-2676.58,-0.00,-0.00,-0.00,-0.00,0.00,0.00,17.00
54810.00,-115.98,-17.27,-0.18,0.00,0.00,7.53,0.00,0.00,876.66,-0.00,-0.00,-0.00,-0.00,0.00,0.00,10.00
54825.00,-115.98,-17.27,-0.31,0.00,0.00,-8.67,0.00,0.00,-1080.05,-0.00,-0.00,-0.00,0.00,0.00,0.00,10.00
54835.00,-115.98,-17.27,-0.34,0.00,0.00,-2.52,0.00,0.00,615.57,-0.00,-0.00,-0.00,0.00,0.00,0.00,10.00
54845.00,-115.98,-17.27,-0.38,0.00,0.00,-4.48,0.00,0.00,-196.58,-0.00,-0.00,-0.00,-0.00,0.00,0.00,10.00
54855.00,-115.98,-17.27,-0.26,0.00,0.00,11.90,0.00,0.00,1637.99,-0.00,-0.00,-0.00,-0.00,-0.00,0.00,10.00
54865.00,-115.98,-17.27,-0.33,0.00,0.00,-6.38,0.00,0.00,-1827.74,-0.00,-0.00,-0.00,0.00,0.00,0.00,10.00
54875.00,-115.98,-17.27,-0.21,0.00,-0.04,12.11,0.00,-0.18,1848.73,-0.00,-0.00,-0.00,-0.00,0.00,0.00,10.00
54885.00,-115.98,-17.27,-0.26,0.00,-0.04,-5.51,0.00,-0.18,-1761.72,-0.00,-0.00,-0.00,0.00,0.00,0.00,16.00
54901.00,-115.98,-17.27,-0.34,0.00,-0.04,-4.79,0.00,-0.18,44.72,-0.00,-0.00,-0.00,0.00,0.00,0.00,10.00
54911.00,-115.98,-17.27,-0.28,0.00,-0.04,6.15,0.00,-0.18,1093.98,-0.00,-0.00,-0.00,0.00,-0.00,0.00,10.00
54921.00,-115.98,-17.27,-0.27,0.00,-0.04,0.79,0.00,-0.18,-536.04,-0.00,-0.00,-0.00,-0.00,-0.00,0.00,10.00
54936.00,-115.98,-17.27,-0.27,0.00,-0.04,-0.16,0.00,-0.18,-63.13,-0.00,-0.00,-0.00,0.00,0.00,0.00,10.00
54946.00,-115.98,-17.27,-0.26,0.00,-0.04,0.86,0.00,-0.18,102.37,-0.00,-0.00,-0.00,-0.00,0.00,0.00,10.00
54956.00,-115.98,-17.27,-0.22,0.00,-0.04,3.94,0.00,-0.18,307.85,-0.00,-0.00,-0.00,0.00,0.00,0.00,10.00
54966.00,-115.98,-17.27,-0.33,0.00,-0.04,-10.54,0.00,-0.18,-1448.53,-0.00,-0.00,-0.00,0.00,0.00,0.00,10.00
54976.00,-115.98,-17.27,-0.27,0.00,-0.04,5.73,0.00,-0.18,1626.96,-0.00,-0.00,-0.00,0.00,0.00,0.00,10.00
54986.00,-115.98,-17.27,-0.31,0.00,-0.04,-3.71,0.00,-0.18,-943.27,-0.00,-0.00,-0.00,0.00,-0.00,-0.00,17.00
55003.00,-115.98,-17.27,-0.31,0.00,-0.04,-0.31,0.00,-0.18,199.99,-0.00,-0.00,-0.00,-0.00,-0.00,0.00,10.00
55013.00,-115.98,-17.27,-0.38,0.00,-0.04,-6.55,0.00,-0.18,-624.80,-0.00,-0.00,-0.00,-0.00,0.00,0.00,10.00
55023.00,-115.98,-17.27,-0.36,0.00,-0.04,2.00,0.00,-0.18,855.39,-0.00,-0.00,-0.00,-0.00,-0.00,-0.00,10.00
55033.00,-115.98,-17.27,-0.31,0.00,-0.04,4.79,0.00,-0.18,278.62,-0.00,-0.00,-0.00,-0.00,0.00,-0.00,10.00
55047.00,-115.98,-17.27,-0.37,0.00,-0.04,-4.48,0.00,-0.18,-661.86,-0.00,-0.00,-0.00,0.00,0.00,-0.00,10.00
55057.00,-115.98,-17.27,-0.30,0.00,-0.04,7.20,0.00,-0.18,1167.63,-0.00,-0.00,-0.00,-0.00,-0.00,0.00,10.00
55067.00,-115.98,-17.27,-0.38,0.00,-0.04,-8.26,0.00,-0.18,-1545.22,-0.00,-0.00,-0.00,-0.00,-0.01,0.00,10.00
55077.00,-115.98,-17.27,-0.33,0.00,0.00,5.72,0.00,0.18,1398.09,-0.00,-0.00,-0.00,0.00,0.00,0.00,10.00
55087.00,-115.98,-17.27,-0.32,0.00,0.00,1.21,0.00,0.18,-451.19,-0.00,-0.00,-0.00,-0.00,-0.00,0.00,16.00
55103.00,-115.98,-17.27,-0.35,0.00,0.00,-2.25,0.00,0.18,-216.28,-0.00,-0.00,-0.00,-0.00,0.00,0.00,10.00
55113.00,-115.98,-17.27,-0.26,0.00,0.00,8.97,0.00,0.18,1121.73,-0.00,-0.00,-0.00,-0.00,-0.00,0.00,10.00
55123.00,-115.98,-17.27,-0.41,0.00,0.00,-15.04,0.00,0.18,-2400.51,-0.00,-0.00,-0.00,-0.00,-0.00,0.00,10.00
55133.00,-115.98,-17.27,-0.31,0.00,0.00,10.23,0.00,0.18,2526.43,-0.00,-0.00,-0.00,-0.00,-0.01,0.00,10.00
55143.00,-115.98,-17.27,-0.39,0.00,0.00,-7.65,0.00,0.18,-1787.56,-0.00,-0.00,-0.00,-0.00,-0.00,0.00,10.00
55158.00,-115.98,-17.27,-0.32,0.00,0.00,4.29,0.00,0.18,796.03,-0.00,-0.00,-0.00,-0.00,-0.00,0.00,10.00
55168.00,-115.98,-17.27,-0.27,0.00,0.00,4.87,0.00,0.18,57.28,-0.00,-0.00,-0.00,-0.00,0.00,0.00,10.00
55178.00,-115.98,-17.27,-0.25,0.00,0.00,2.41,0.00,0.18,-245.98,-0.00,-0.00,-0.00,-0.00,0.00,0.00,10.00
55188.00,-115.98,-17.27,-0.31,0.00,0.00,-6.47,0.00,0.18,-887.60,-0.00,-0.00,-0.00,0.00,0.00,0.00,15.00
55203.00,-115.98,-17.27,-0.25,0.00,0.00,4.21,0.00,0.18,711.96,-0.00,-0.00,-0.00,0.00,0.00,-0.00,10.00
55213.00,-115.98,-17.27,-0.35,0.00,0.00,-10.01,0.00,0.18,-1422.14,-0.00,-0.00,-0.00,0.00,0.00,-0.00,10.00
55223.00,-115.98,-17.27,-0.38,0.00,0.00,-3.09,0.00,0.18,691.99,-0.00,-0.00,-0.00,-0.00,0.00,0.00,10.00
55233.00,-115.98,-17.27,-0.33,0.00,0.00,4.86,0.00,0.18,795.22,-0.00,-0.00,-0.00,-0.00,0.00,0.00,10.00
55243.00,-115.98,-17.27,-0.27,0.00,0.00,6.60,0.00,0.18,174.41,-0.00,-0.00,-0.00,0.00,0.00,0.00,10.00
55253.00,-115.98,-17.27,-0.23,0.00,0.00,3.82,0.00,0.18,-278.22,-0.00,-0.00,-0.00,-0.00,0.00,0.00,10.00
55268.00,-115.98,-17.27,-0.34,0.00,0.00,-7.40,0.00,0.18,-747.83,-0.00,-0.00,-0.00,-0.00,-0.00,0.00,10.00
55278.00,-116.00,-17.28,-0.34,-0.06,-0.03,-0.15,-0.28,-0.17,724.83,-0.00,-0.00,-0.00,0.00,0.00,-0.00,10.00
55288.00,-116.00,-17.28,-0.32,-0.06,-0.03,2.19,-0.28,-0.17,233.53,-0.00,-0.00,-0.00,0.00,0.00,-0.00,16.00
55304.00,-116.00,-17.28,-0.38,-0.06,-0.03,-3.79,-0.28,-0.17,-373.78,-0.00,-0.00,-0.00,-0.00,0.00,0.00,10.00
55314.00,-116.00,-17.28,-0.33,-0.06,-0.03,4.79,-0.28,-0.17,858.15,-0.00,-0.00,-0.00,0.00,0.00,0.00,10.00
55324.00,-116.00,-17.28,-0.39,-0.06,-0.03,-6.11,-0.28,-0.17,-1089.56,-0.00,-0.00,-0.00,-0.00,0.00,0.00,10.00
55334.00,-116.00,-17.28,-0.37,-0.06,-0.03,2.56,-0.28,-0.17,866.21,-0.00,-0.00,-0.00,0.00,0.00,0.00,10.00
55344.00,-116.00,-17.28,-0.39,-0.06,-0.03,-1.87,-0.28,-0.17,-442.82,-0.00,-0.00,-0.00,0.00,0.00,-0.00,10.00
55354.00,-116.00,-17.28,-0.32,-0.06,-0.03,6.93,-0.28,-0.17,880.02,-0.00,-0.00,-0.00,0.00,0.00,-0.00,10.00
55364.00,-116.00,-17.28,-0.34,-0.06,-0.03,-2.62,-0.28,-0.17,-954.34,-0.00,-0.00,-0.00,-0.00,0.00,-0.00,10.00
55378.00,-116.00,-17.28,-0.42,-0.06,-0.03,-5.23,-0.28,-0.17,-186.43,-0.00,-0.00,-0.00,0.00,-0.00,-0.00,10.00
55388.00,-116.00,-17.28,-0.28,-0.06,-0.03,13.93,-0.28,-0.17,1916.01,-0.00,-0.00,-0.00,0.00,0.00,0.00,10.00
55398.00,-116.00,-17.28,-0.32,-0.06,-0.03,-4.25,-0.28,-0.17,-1818.03,-0.00,-0.00,-0.00,0.00,0.00,0.00,16.00
55414.00,-116.00,-17.28,-0.40,-0.06,-0.03,-5.01,-0.28,-0.17,-47.58,-0.00,-0.00,-0.00,0.00,0.00,0.00,10.00
55424.00,-116.00,-17.28,-0.33,-0.06,-0.03,6.99,-0.28,-0.17,1199.82,-0.00,-0.00,-0.00,-0.00,0.00,0.00,10.00
55434.00,-116.00,-17.28,-0.36,-0.06,-0.03,-3.12,-0.28,-0.17,-1010.76,-0.00,-0.00,-0.00,0.00,-0.00,0.00,10.00
55444.00,-116.00,-17.28,-0.36,-0.06,-0.03,-0.17,-0.28,-0.17,294.52,-0.00,-0.00,-0.00,0.00,0.00,-0.00,10.00
55454.00,-116.00,-17.28,-0.38,-0.06,-0.03,-2.05,-0.28,-0.17,-187.87,-0.00,-0.00,-0.00,0.00,0.00,-0.00,10.00
55464.00,-116.00,-17.28,-0.43,-0.06,-0.03,-4.40,-0.28,-0.17,-235.45,-0.00,-0.00,-0.00,0.00,-0.00,-0.00,10.00
55474.00,-116.00,-17.28,-0.36,-0.06,-0.03,6.80,-0.28,-0.17,1120.48,-0.00,-0.00,-0.00,-0.00,-0.00,-0.00,10.00
55494.00,-116.00,-17.29,-0.31,0.00,-0.04,2.41,0.26,-0.01,-219.40,-0.00,-0.00,-0.00,0.00,0.00,0.00,18.00
55512.00,-116.00,-17.29,-0.34,0.00,-0.04,-1.89,0.26,-0.01,-238.81,-0.00,-0.00,-0.00,-0.00,0.00,-0.00,10.00
55522.00,-116.00,-17.29,-0.23,0.00,-0.04,11.62,0.26,-0.01,1350.33,-0.00,-0.00,-0.00,-0.00,-0.00,0.00,10.00
55532.00,-116.00,-17.29,-0.37,0.00,-0.04,-13.81,0.26,-0.01,-2542.66,-0.00,-0.00,-0.00,-0.00,-0.00,-0.00,10.00
55542.00,-116.00,-17.29,-0.42,0.00,-0.04,-5.23,0.26,-0.01,858.41,-0.00,-0.00,-0.00,0.00,0.00,0.00,10.00
55552.00,-116.00,-17.29,-0.38,0.00,-0.04,3.76,0.26,-0.01,898.45,-0.00,-0.00,-0.00,0.00,-0.00,0.00,10.00
55562.00,-116.00,-17.29,-0.37,0.00,-0.04,1.27,0.26,-0.01,-248.77,-0.00,-0.00,-0.00,-0.00,-0.00,0.00,10.00
55572.00,-116.00,-17.29,-0.44,0.00,-0.04,-6.70,0.26,-0.01,-796.91,-0.00,-0.00,-0.00,0.00,0.00,-0.00,10.00
55582.00,-116.00,-17.29,-0.37,0.00,-0.04,6.82,0.26,-0.01,1351.99,-0.00,-0.00,-0.00,-0.00,0.00,0.00,10.00
55592.00,-116.00,-17.29,-0.39,0.00,-0.04,-1.77,0.26,-0.01,-859.20,-0.00,-0.00,-0.00,0.00,0.01,-0.00,19.00
55616.00,-116.00,-17.29,-0.37,0.00,-0.04,0.75,0.26,-0.01,104.81,-0.00,-0.00,-0.00,0.00,0.00,-0.00,10.00
55626.00,-116.00,-17.29,-0.41,0.00,-0.04,-4.11,0.26,-0.01,-485.21,-0.00,0.00,-0.00,0.00,0.00,-0.00,10.00
55636.00,-116.00,-17.29,-0.33,0.00,-0.04,7.93,0.26,-0.01,1203.80,-0.00,0.00,-0.00,0.00,0.00,-0.00,10.00
55646.00,-116.00,-17.29,-0.39,0.00,-0.04,-5.72,0.26,-0.01,-1365.51,-0.00,0.00,-0.00,0.00,-0.00,-0.00,10.00
55656.00,-116.00,-17.29,-0.33,0.00,-0.04,5.15,0.26,-0.01,1087.03,-0.00,0.00,-0.00,0.00,0.00,-0.00,10.00
55666.00,-116.00,-17.29,-0.39,0.00,-0.04,-5.37,0.26,-0.01,-1052.12,-0.00,0.00,-0.00,0.00,0.00,-0.00,10.00
55676.00,-116.00,-17.29,-0.38,0.00,-0.04,0.39,0.26,-0.01,576.34,-0.00,0.00,-0.00,0.00,0.00,-0.00,10.00
55686.00,-116.00,-17.29,-0.41,0.00,-0.04,-2.51,0.26,-0.01,-289.54,-0.00,0.00,-0.00,0.00,0.00,-0.00,17.00
55703.00,-116.01,-17.29,-0.47,-0.05,0.00,-3.30,-0.25,0.19,-46.91,-0.00,0.00,-0.00,0.00,-0.00,-0.00,10.00
55713.00,-116.01,-17.29,-0.49,-0.05,0.00,-2.86,-0.25,0.19,44.75,-0.00,0.00,-0.00,-0.00,-0.00,-0.00,10.00
55728.00,-116.01,-17.29,-0.37,-0.05,0.00,8.07,-0.25,0.19,728.45,-0.00,0.00,-0.00,0.00,0.00,-0.00,10.00
55738.00,-116.01,-17.29,-0.42,-0.05,0.00,-4.64,-0.25,0.19,-1270.99,-0.00,0.00,-0.00,0.00,0.00,0.00,10.00
55748.00,-116.01,-17.29,-0.32,-0.05,0.00,10.31,-0.25,0.19,1495.29,-0.00,0.00,-0.00,0.00,0.00,0.00,10.00
55758.00,-116.01,-17.29,-0.24,-0.05,0.00,7.54,-0.25,0.19,-277.77,-0.00,0.00,-0.00,0.00,0.00,0.00,10.00
55768.00,-116.01,-17.29,-0.39,-0.05,0.00,-14.86,-0.25,0.19,-2239.78,-0.00,0.00,-0.00,0.00,-0.00,0.00,10.00
55778.00,-116.01,-17.29,-0.37,-0.05,0.00,2.22,-0.25,0.19,1708.60,-0.00,0.00,-0.00,0.00,-0.00,0.00,10.00
55788.00,-116.01,-17.29,-0.37,-0.05,0.00,0.20,-0.25,0.19,-202.77,-0.00,0.00,-0.00,0.00,0.00,-0.00,16.00
55804.00,-116.01,-17.29,-0.36,-0.05,0.00,0.29,-0.25,0.19,5.62,-0.00,0.00,-0.00,-0.00,-0.00,0.00,10.00
55814.00,-116.01,-17.29,-0.33,-0.05,0.00,3.31,-0.25,0.19,302.37,-0.00,0.00,-0.00,0.00,0.00,-0.00,10.00
55824.00,-116.01,-17.29,-0.39,-0.05,0.00,-5.79,-0.25,0.19,-909.74,-0.00,0.00,-0.00,0.00,0.00,0.00,10.00
55839.00,-116.01,-17.29,-0.41,-0.05,0.00,-1.28,-0.25,0.19,300.16,-0.00,-0.00,-0.00,-0.00,-0.00,0.00,10.00
55849.00,-116.01,-17.29,-0.38,-0.05,0.00,2.09,-0.25,0.19,337.46,-0.00,-0.00,-0.00,0.00,-0.00,0.00,10.00
55859.00,-116.01,-17.29,-0.42,-0.05,0.00,-3.36,-0.25,0.19,-544.63,-0.00,-0.00,-0.00,0.00,-0.00,0.00,10.00
55869.00,-116.01,-17.29,-0.43,-0.05,0.00,-0.94,-0.25,0.19,241.98,-0.00,-0.00,-0.00,-0.00,-0.00,0.00,10.00
55879.00,-116.01,-17.29,-0.45,-0.05,0.00,-2.01,-0.25,0.19,-106.89,-0.00,-0.00,-0.00,0.00,-0.00,0.00,10.00
55889.00,-116.01,-17.29,-0.43,-0.05,0.00,1.39,-0.25,0.19,339.68,-0.00,-0.00,-0.00,-0.00,-0.00,-0.00,10.00
55899.00,-116.01,-17.29,-0.42,-0.05,0.00,1.23,-0.25,0.19,-16.56,-0.00,-0.00,-0.00,-0.00,-0.00,-0.00,15.00
55914.00,-116.01,-17.29,-0.35,0.00,-0.04,4.96,0.25,-0.19,248.91,-0.00,-0.00,-0.00,0.00,-0.00,-0.00,10.00
55924.00,-116.01,-17.29,-0.37,0.00,-0.04,-2.73,0.25,-0.19,-768.81,-0.00,-0.00,-0.00,-0.00,0.00,0.00,10.00
55934.00,-116.01,-17.29,-0.31,0.00,-0.04,6.17,0.25,-0.19,889.80,-0.00,-0.00,-0.00,0.00,-0.00,0.00,10.00
55949.00,-116.01,-17.29,-0.35,0.00,-0.04,-2.51,0.25,-0.19,-578.42,-0.00,-0.00,-0.00,0.00,0.00,-0.00,10.00
55959.00,-116.01,-17.29,-0.38,0.00,-0.04,-2.70,0.25,-0.19,-19.37,-0.00,-0.00,-0.00,-0.00,0.00,0.00,10.00
55969.00,-116.01,-17.29,-0.34,0.00,-0.04,3.42,0.25,-0.19,611.84,-0.00,-0.00,-0.00,0.00,0.00,0.00,10.00
55979.00,-116.01,-17.29,-0.37,0.00,-0.04,-2.33,0.25,-0.19,-574.44,-0.00,-0.00,-0.00,-0.00,-0.00,0.00,10.00
55989.00,-116.01,-17.29,-0.38,0.00,-0.04,-1.31,0.25,-0.19,102.08,-0.00,-0.00,-0.00,-0.00,0.00,0.00,17.00
56006.00,-116.01,-17.29,-0.31,0.00,-0.04,3.97,0.25,-0.19,310.47,-0.00,-0.00,-0.00,0.00,-0.00,0.00,10.00
56016.00,-116.01,-17.29,-0.35,0.00,-0.04,-3.99,0.25,-0.19,-796.23,-0.00,-0.00,-0.00,0.00,0.00,0.00,10.00
56026.00,-116.01,-17.29,-0.34,0.00,-0.04,1.25,0.25,-0.19,523.77,-0.00,-0.00,-0.00,-0.00,-0.00,-0.00,10.00
56036.00,-116.01,-17.29,-0.39,0.00,-0.04,-5.54,0.25,-0.19,-678.65,-0.00,-0.00,-0.00,-0.00,-0.00,-0.00,10.00
56046.00,-116.01,-17.29,-0.37,0.00,-0.04,2.26,0.25,-0.19,779.58,-0.00,-0.00,-0.00,-0.00,-0.00,-0.00,10.00
56060.00,-116.01,-17.29,-0.34,0.00,-0.04,2.14,0.25,-0.19,-8.66,-0.00,-0.00,-0.00,0.00,0.00,0.00,10.00
56070.00,-116.01,-17.29,-0.40,0.00,-0.04,-6.01,0.25,-0.19,-814.40,-0.00,-0.00,-0.00,0.00,0.00,-0.00,10.00
56080.00,-116.01,-17.29,-0.36,0.00,-0.04,4.33,0.25,-0.19,1033.70,-0.00,-0.00,-0.00,-0.00,-0.00,0.00,10.00
56090.00,-116.01,-17.29,-0.42,0.00,-0.04,-5.71,0.25,-0.19,-1004.07,-0.00,-0.00,-0.00,0.00,-0.00,0.00,16.00
56106.00,-116.01,-17.29,-0.34,0.00,-0.04,5.00,0.25,-0.19,669.84,-0.00,-0.00,-0.00,0.00,0.00,0.00,10.00
56116.00,-116.02,-17.29,-0.42,-0.06,0.00,-8.58,-0.27,0.20,-1358.44,-0.00,-0.00,-0.00,0.00,0.01,0.00,10.00
56126.00,-116.02,-17.29,-0.38,-0.06,0.00,4.31,-0.27,0.20,1289.19,-0.00,-0.00,-0.00,-0.00,-0.00,0.00,10.00
56136.00,-116.02,-17.29,-0.39,-0.06,0.00,-1.00,-0.27,0.20,-531.68,-0.00,-0.00,-0.00,0.00,0.00,0.00,10.00
56146.00,-116.02,-17.29,-0.35,-0.06,0.00,4.00,-0.27,0.20,500.09,-0.00,-0.00,-0.00,0.00,0.00,0.00,10.00
56156.00,-116.02,-17.29,-0.40,-0.06,0.00,-5.33,-0.27,0.20,-932.28,-0.00,-0.00,-0.00,0.00,-0.00,0.00,10.00
56171.00,-116.02,-17.29,-0.47,-0.06,0.00,-4.79,-0.27,0.20,35.51,-0.00,-0.00,-0.00,-0.00,-0.01,-0.00,10.00
56181.00,-116.02,-17.29,-0.33,-0.06,0.00,14.17,-0.27,0.20,1896.41,-0.00,-0.00,-0.00,0.00,0.00,0.00,10.00
56191.00,-116.02,-17.29,-0.42,-0.06,0.00,-9.22,-0.27,0.20,-2338.99,-0.00,-0.00,-0.00,0.00,-0.00,0.00,16.00
56207.00,-116.02,-17.29,-0.43,-0.06,0.00,-0.43,-0.27,0.20,549.55,-0.00,-0.00,-0.00,0.00,-0.00,0.00,10.00
56217.00,-116.02,-17.29,-0.38,-0.06,0.00,5.17,-0.27,0.20,559.62,-0.00,-0.00,-0.00,-0.00,0.00,0.00,10.00
56227.00,-116.02,-17.29,-0.43,-0.06,0.00,-4.94,-0.27,0.20,-1011.00,-0.00,-0.00,-0.00,-0.00,0.00,0.00,10.00
56237.00,-116.02,-17.29,-0.34,-0.06,0.00,9.15,-0.27,0.20,1408.86,-0.00,-0.00,-0.00,-0.00,0.00,-0.00,10.00
56247.00,-116.02,-17.29,-0.47,-0.06,0.00,-13.39,-0.27,0.20,-2253.38,-0.00,-0.00,-0.00,-0.00,0.00,-0.00,10.00
56257.00,-116.02,-17.29,-0.48,-0.06,0.00,-1.38,-0.27,0.20,1200.99,-0.00,-0.00,-0.00,0.00,0.00,-0.00,10.00
56267.00,-116.02,-17.29,-0.28,-0.06,0.00,20.13,-0.27,0.20,2150.88,-0.00,-0.00,-0.00,-0.00,0.00,0.00,10.00
56282.00,-116.02,-17.29,-0.42,-0.06,0.00,-9.34,-0.27,0.20,-1964.65,-0.00,-0.00,-0.00,0.01,-0.00,0.00,17.00
56299.00,-116.02,-17.29,-0.35,-0.06,0.00,4.19,-0.27,0.20,795.43,-0.00,-0.00,-0.00,0.00,-0.00,0.00,10.00
56309.00,-116.02,-17.29,-0.41,-0.06,0.00,-6.06,-0.27,0.20,-1024.74,-0.00,-0.00,-0.00,0.00,-0.00,-0.00,10.00
56319.00,-116.03,-17.29,-0.30,-0.05,0.00,11.54,0.00,-0.00,1760.41,-0.00,-0.00,-0.00,0.00,0.00,0.00,10.00
56329.00,-116.03,-17.29,-0.48,-0.05,0.00,-18.16,0.00,-0.00,-2970.12,-0.00,-0.00,-0.00,-0.00,0.00,0.00,10.00
56339.00,-116.03,-17.29,-0.45,-0.05,0.00,2.54,0.00,-0.00,2069.55,-0.00,-0.00,-0.00,0.00,-0.00,-0.00,10.00
56349.00,-116.03,-17.29,-0.36,-0.05,0.00,9.39,0.00,-0.00,685.58,-0.00,-0.00,-0.00,-0.00,-0.00,-0.00,10.00
56359.00,-116.03,-17.29,-0.46,-0.05,0.00,-10.29,0.00,-0.00,-1968.32,-0.00,-0.00,-0.00,-0.00,0.00,-0.00,10.00
56369.00,-116.03,-17.29,-0.37,-0.05,0.00,9.75,0.00,-0.00,2003.64,-0.00,-0.00,-0.00,0.00,-0.00,0.00,10.00
56379.00,-116.03,-17.29,-0.29,-0.05,0.00,7.11,0.00,-0.00,-263.12,-0.00,-0.00,-0.00,0.00,-0.00,0.00,10.00
56398.00,-116.03,-17.29,-0.32,-0.05,0.00,-1.33,0.00,-0.00,-444.58,-0.00,-0.00,-0.00,0.00,-0.00,0.00,18.00
56416.00,-116.03,-17.29,-0.37,-0.05,0.00,-2.89,0.00,-0.00,-86.37,-0.00,-0.00,-0.00,0.00,0.00,-0.00,10.00
56426.00,-116.03,-17.29,-0.42,-0.05,0.00,-4.89,0.00,-0.00,-199.97,-0.00,-0.00,-0.00,0.00,-0.00,0.00,10.00
56436.00,-116.03,-17.29,-0.36,-0.05,0.00,5.83,0.00,-0.00,1071.65,-0.00,-0.00,-0.00,0.00,0.00,-0.00,10.00
56446.00,-116.03,-17.29,-0.41,-0.05,0.00,-5.29,0.00,-0.00,-1111.60,-0.00,-0.00,-0.00,0.00,-0.00,-0.00,10.00
56456.00,-116.03,-17.29,-0.34,-0.05,0.00,7.14,0.00,-0.00,1242.41,-0.00,-0.00,-0.00,-0.00,-0.00,-0.00,10.00
56466.00,-116.03,-17.29,-0.41,-0.05,0.00,-6.87,0.00,-0.00,-1401.22,-0.00,-0.00,-0.00,-0.00,0.00,0.00,10.00
56476.00,-116.03,-17.29,-0.33,-0.05,0.00,7.90,0.00,-0.00,1477.98,-0.00,-0.00,-0.00,0.00,-0.00,0.00,10.00
56486.00,-116.03,-17.29,-0.38,-0.05,0.00,-4.52,0.00,-0.00,-1242.03,-0.00,-0.00,-0.00,0.00,0.00,-0.00,10.00
56496.00,-116.03,-17.29,-0.31,-0.05,0.00,6.82,0.00,-0.00,1133.98,-0.00,-0.00,-0.00,0.00,0.00,-0.00,18.00
56519.00,-116.03,-17.29,-0.45,0.00,0.00,-5.88,0.27,-0.02,-552.46,-0.00,-0.00,-0.00,0.00,-0.00,0.00,10.00
56529.00,-116.03,-17.29,-0.40,0.00,0.00,4.66,0.27,-0.02,1054.65,-0.00,-0.00,-0.00,-0.00,-0.01,0.00,10.00
56539.00,-116.03,-17.29,-0.36,0.00,0.00,4.27,0.27,-0.02,-39.35,-0.00,-0.00,-0.00,-0.00,-0.00,-0.00,10.00
56549.00,-116.03,-17.29,-0.33,0.00,0.00,2.71,0.27,-0.02,-156.13,-0.00,-0.00,-0.00,0.00,0.00,-0.00,10.00
56559.00,-116.03,-17.29,-0.34,0.00,0.00,-1.26,0.27,-0.02,-397.35,-0.00,-0.00,-0.00,-0.00,0.00,-0.00,10.00
56569.00,-116.03,-17.29,-0.36,0.00,0.00,-1.39,0.27,-0.02,-12.29,-0.00,-0.00,-0.00,-0.00,-0.00,-0.00,10.00
56579.00,-116.03,-17.29,-0.37,0.00,0.00,-1.43,0.27,-0.02,-4.75,-0.00,-0.00,-0.00,0.00,-0.00,-0.00,10.00
56589.00,-116.03,-17.29,-0.37,0.00,0.00,0.07,0.27,-0.02,150.88,-0.00,-0.00,-0.00,0.00,0.00,-0.00,17.00
56606.00,-116.03,-17.29,-0.42,0.00,0.00,-2.84,0.27,-0.02,-171.45,-0.00,-0.00,-0.00,0.00,-0.00,0.00,10.00
56616.00,-116.03,-17.29,-0.33,0.00,0.00,8.74,0.27,-0.02,1158.17,-0.00,-0.00,-0.00,-0.00,-0.00,-0.00,10.00
56631.00,-116.03,-17.29,-0.38,0.00,0.00,-3.11,0.27,-0.02,-790.21,-0.00,-0.00,-0.00,-0.00,0.00,0.00,10.00
56641.00,-116.03,-17.29,-0.41,0.00,0.00,-3.31,0.27,-0.02,-19.77,-0.00,-0.00,-0.00,-0.00,0.00,0.00,10.00
56651.00,-116.03,-17.29,-0.31,0.00,0.00,9.72,0.27,-0.02,1302.67,-0.00,-0.00,-0.00,-0.00,0.00,0.00,10.00
56661.00,-116.03,-17.29,-0.34,0.00,0.00,-2.38,0.27,-0.02,-1210.22,-0.00,-0.00,-0.00,0.00,-0.00,-0.00,10.00
56671.00,-116.03,-17.29,-0.43,0.00,0.00,-9.30,0.27,-0.02,-691.64,-0.00,-0.00,-0.00,0.00,-0.00,-0.00,10.00
56681.00,-116.03,-17.29,-0.43,0.00,0.00,0.13,0.27,-0.02,943.60,-0.00,-0.00,-0.00,0.00,0.00,-0.00,10.00
56691.00,-116.03,-17.29,-0.32,0.00,0.00,10.86,0.27,-0.02,1072.70,-0.00,-0.00,-0.00,0.00,0.00,-0.00,17.00
56708.00,-116.03,-17.29,-0.42,0.00,0.00,-5.84,0.27,-0.02,-982.73,-0.00,-0.00,-0.00,-0.00,0.00,-0.00,10.00
56718.00,-116.03,-17.29,-0.38,0.00,0.00,3.68,0.27,-0.02,952.84,-0.00,-0.00,-0.00,0.00,0.00,0.00,10.00
56728.00,-116.04,-17.29,-0.43,-0.05,0.00,-5.05,-0.25,0.02,-872.95,-0.00,-0.00,-0.00,0.00,0.00,-0.00,10.00
56743.00,-116.04,-17.29,-0.30,-0.05,0.00,8.75,-0.25,0.02,919.92,-0.00,-0.00,-0.00,0.00,0.00,-0.00,10.00
56753.00,-116.04,-17.29,-0.36,-0.05,0.00,-6.23,-0.25,0.02,-1498.53,-0.00,-0.00,-0.00,0.00,-0.00,-0.00,10.00
56763.00,-116.04,-17.29,-0.41,-0.05,0.00,-4.75,-0.25,0.02,148.09,-0.00,-0.00,-0.00,0.00,0.00,-0.00,10.00
56773.00,-116.04,-17.29,-0.41,-0.05,0.00,0.55,-0.25,0.02,530.03,-0.00,-0.00,-0.00,0.00,0.00,-0.00,10.00
56783.00,-116.04,-17.29,-0.34,-0.05,0.00,6.73,-0.25,0.02,618.43,-0.00,-0.00,-0.00,0.00,0.00,0.00,10.00
56793.00,-116.04,-17.29,-0.36,-0.05,0.00,-2.37,-0.25,0.02,-910.21,-0.00,-0.00,-0.00,0.00,-0.00,0.00,10.00
56803.00,-116.04,-17.29,-0.36,-0.05,0.00,0.58,-0.25,0.02,294.46,-0.00,-0.00,-0.00,-0.00,-0.00,0.00,15.00
56818.00,-116.04,-17.29,-0.33,-0.05,0.00,1.66,-0.25,0.02,72.10,-0.00,-0.00,-0.00,-0.00,-0.00,-0.00,10.00
56828.00,-116.04,-17.29,-0.38,-0.05,0.00,-4.56,-0.25,0.02,-622.01,-0.00,-0.00,-0.00,0.00,-0.00,-0.00,10.00
56838.00,-116.04,-17.29,-0.32,-0.05,0.00,5.46,-0.25,0.02,1002.56,-0.00,-0.00,-0.00,0.00,-0.00,0.00,10.00
56853.00,-116.04,-17.29,-0.27,-0.05,0.00,3.52,-0.25,0.02,-129.26,-0.00,-0.00,-0.00,-0.00,-0.00,0.00,10.00
56863.00,-116.04,-17.29,-0.40,-0.05,0.00,-13.18,-0.25,0.02,-1669.89,-0.00,-0.00,-0.00,-0.00,0.00,0.00,10.00
56873.00,-116.04,-17.29,-0.46,-0.05,0.00,-6.15,-0.25,0.02,702.09,-0.00,-0.00,-0.00,0.00,0.00,0.00,10.00
56883.00,-116.04,-17.29,-0.35,-0.05,0.00,10.89,-0.25,0.02,1704.68,-0.00,-0.00,-0.00,-0.00,0.00,0.00,10.00
56893.00,-116.04,-17.29,-0.34,-0.05,0.00,0.99,-0.25,0.02,-990.30,-0.00,-0.00,-0.00,-0.00,0.00,0.00,16.00
56909.00,-116.04,-17.29,-0.46,-0.05,0.00,-6.99,-0.25,0.02,-498.49,-0.00,-0.00,-0.00,-0.00,0.00,0.00,10.00
56919.00,-116.04,-17.29,-0.39,-0.05,0.00,6.68,-0.25,0.02,1366.67,-0.00,-0.00,-0.00,0.00,0.00,0.00,10.00
56929.00,-116.04,-17.29,-0.33,0.00,0.00,5.42,0.26,-0.02,-126.05,-0.00,-0.00,-0.00,0.00,0.00,0.00,10.00
56939.00,-116.04,-17.29,-0.45,0.00,0.00,-11.12,0.26,-0.02,-1654.22,-0.00,-0.00,-0.00,0.00,0.00,0.00,10.00
56949.00,-116.04,-17.29,-0.33,0.00,0.00,11.20,0.26,-0.02,2231.76,-0.00,-0.00,-0.00,0.00,0.00,0.00,10.00
56963.00,-116.04,-17.29,-0.39,0.00,0.00,-3.98,0.26,-0.02,-1083.71,-0.00,-0.00,-0.00,-0.00,0.00,0.00,10.00
56973.00,-116.04,-17.29,-0.37,0.00,0.00,2.04,0.26,-0.02,601.41,-0.00,-0.00,-0.00,0.00,0.00,-0.00,10.00
56983.00,-116.04,-17.29,-0.34,0.00,0.00,3.22,0.26,-0.02,118.02,-0.00,-0.00,-0.00,0.00,-0.00,-0.00,16.00
56999.00,-116.04,-17.29,-0.27,0.00,0.00,4.00,0.26,-0.02,48.98,-0.00,-0.00,-0.00,-0.00,0.00,0.00,10.00
57009.00,-116.04,-17.29,-0.39,0.00,0.00,-11.21,0.26,-0.02,-1521.04,-0.00,-0.00,-0.00,-0.00,-0.00,0.00,10.00
57019.00,-116.04,-17.29,-0.42,0.00,0.00,-3.18,0.26,-0.02,802.58,-0.00,-0.00,-0.00,0.00,0.00,-0.00,10.00
57029.00,-116.04,-17.29,-0.33,0.00,0.00,8.27,0.26,-0.02,1145.45,-0.00,-0.00,-0.00,0.00,0.00,0.00,10.00
57039.00,-116.04,-17.29,-0.37,0.00,0.00,-3.62,0.26,-0.02,-1189.62,-0.00,-0.00,-0.00,0.00,-0.00,0.00,10.00
57049.00,-116.04,-17.29,-0.34,0.00,0.00,3.12,0.26,-0.02,674.02,-0.00,-0.00,-0.00,-0.00,-0.00,0.00,10.00
57059.00,-116.04,-17.29,-0.51,0.00,0.00,-17.32,0.26,-0.02,-2043.04,-0.00,-0.00,-0.00,-0.00,-0.00,0.00,10.00
57074.00,-116.04,-17.29,-0.31,0.00,0.00,13.44,0.26,-0.02,2050.47,-0.00,-0.00,-0.00,0.00,0.00,0.00,10.00
57084.00,-116.04,-17.29,-0.40,0.00,0.00,-9.39,0.26,-0.02,-2283.55,-0.00,-0.00,-0.00,0.00,0.00,-0.00,10.00
57094.00,-116.04,-17.29,-0.35,0.00,0.00,5.20,0.26,-0.02,1459.40,-0.00,-0.00,-0.00,-0.00,-0.00,0.00,16.00
57110.00,-116.04,-17.29,-0.36,0.00,0.00,-0.71,0.26,-0.02,-369.57,-0.00,-0.00,-0.00,-0.00,0.00,-0.00,10.00
57120.00,-116.04,-17.29,-0.39,0.00,0.00,-2.78,0.26,-0.02,-206.28,-0.00,-0.00,-0.00,-0.00,-0.00,0.00,10.00
57130.00,-116.05,-17.30,-0.46,-0.06,-0.03,-6.50,-0.28,-0.17,-372.41,-0.00,-0.00,-0.00,0.00,0.00,-0.00,10.00
57140.00,-116.05,-17.30,-0.36,-0.06,-0.03,9.78,-0.28,-0.17,1628.11,-0.00,-0.00,-0.00,0.00,-0.00,-0.00,10.00
57150.00,-116.05,-17.30,-0.42,-0.06,-0.03,-6.19,-0.28,-0.17,-1597.32,-0.00,-0.00,-0.00,0.00,-0.00,-0.00,10.00
57160.00,-116.05,-17.30,-0.30,-0.06,-0.03,12.29,-0.28,-0.17,1848.55,-0.00,-0.00,-0.00,-0.00,-0.00,-0.00,10.00
57170.00,-116.05,-17.30,-0.41,-0.06,-0.03,-11.08,-0.28,-0.17,-2337.29,-0.00,-0.00,-0.00,-0.00,-0.00,0.00,10.00
57184.00,-116.05,-17.30,-0.37,-0.06,-0.03,2.95,-0.28,-0.17,1002.06,-0.00,-0.00,-0.00,0.00,0.00,-0.00,16.00
57200.00,-116.05,-17.30,-0.36,-0.06,-0.03,0.50,-0.28,-0.17,-152.92,-0.00,-0.00,-0.00,-0.00,0.00,-0.00,10.00
57210.00,-116.05,-17.30,-0.34,-0.06,-0.03,2.44,-0.28,-0.17,193.41,-0.00,-0.00,-0.00,-0.00,-0.00,0.00,10.00
57220.00,-116.05,-17.30,-0.42,-0.06,-0.03,-8.17,-0.28,-0.17,-1060.35,-0.00,-0.00,-0.00,0.00,-0.00,-0.00,10.00
57230.00,-116.05,-17.30,-0.34,-0.06,-0.03,7.38,-0.28,-0.17,1554.94,-0.00,-0.00,-0.00,0.00,0.00,0.00,10.00
57240.00,-116.05,-17.30,-0.35,-0.06,-0.03,-0.91,-0.28,-0.17,-828.95,-0.00,-0.00,-0.00,0.00,0.00,0.00,10.00
57250.00,-116.05,-17.30,-0.47,-0.06,-0.03,-11.47,-0.28,-0.17,-1056.04,-0.00,-0.00,-0.00,0.00,-0.00,0.00,10.00
57260.00,-116.05,-17.30,-0.43,-0.06,-0.03,4.03,-0.28,-0.17,1549.33,-0.00,-0.00,-0.00,-0.00,-0.00,0.00,10.00
57270.00,-116.05,-17.30,-0.37,-0.06,-0.03,5.51,-0.28,-0.17,148.33,-0.00,-0.00,-0.00,-0.00,0.00,0.00,10.00
57280.00,-116.05,-17.30,-0.39,-0.06,-0.03,-2.00,-0.28,-0.17,-751.43,-0.00,-0.00,-0.00,-0.00,0.00,0.00,10.00
57299.00,-116.05,-17.30,-0.41,-0.06,-0.03,-0.92,-0.28,-0.17,56.87,-0.00,-0.00,-0.00,-0.00,0.00,-0.00,19.00
57318.00,-116.05,-17.30,-0.48,-0.06,-0.03,-3.55,-0.28,-0.17,-138.30,-0.00,-0.00,-0.00,-0.00,0.00,0.00,10.00
57328.00,-116.05,-17.30,-0.44,-0.06,-0.03,3.64,-0.28,-0.17,719.36,-0.00,-0.00,-0.00,0.00,0.00,0.00,10.00
57338.00,-116.06,-17.30,-0.38,-0.05,0.00,5.99,0.01,0.18,234.63,-0.00,-0.00,-0.00,-0.00,-0.00,0.00,10.00
57348.00,-116.06,-17.30,-0.42,-0.05,0.00,-4.26,0.01,0.18,-1025.03,-0.00,-0.00,-0.00,-0.00,0.00,0.00,10.00
57358.00,-116.06,-17.30,-0.40,-0.05,0.00,2.50,0.01,0.18,675.94,-0.00,-0.00,-0.00,0.00,-0.00,0.00,10.00
57368.00,-116.06,-17.30,-0.40,-0.05,0.00,0.00,0.01,0.18,-249.76,-0.00,-0.00,-0.00,0.00,-0.00,0.00,10.00
57378.00,-116.06,-17.30,-0.41,-0.05,0.00,-1.45,0.01,0.18,-145.24,-0.00,-0.00,-0.00,-0.00,-0.00,-0.00,10.00
57388.00,-116.06,-17.30,-0.46,-0.05,0.00,-4.33,0.01,0.18,-287.96,-0.00,-0.00,-0.00,-0.00,-0.00,-0.00,19.00
57407.00,-116.06,-17.30,-0.45,-0.05,0.00,0.05,0.01,0.18,230.64,-0.00,-0.00,-0.00,-0.00,0.00,0.00,10.00
57421.00,-116.06,-17.30,-0.38,-0.05,0.00,5.27,0.01,0.18,372.83,-0.00,-0.00,-0.00,-0.00,0.00,0.00,10.00
57431.00,-116.06,-17.30,-0.44,-0.05,0.00,-5.76,0.01,0.18,-1102.66,-0.00,-0.00,-0.00,0.00,0.00,0.00,10.00
57441.00,-116.06,-17.30,-0.31,-0.05,0.00,13.32,0.01,0.18,1907.63,-0.00,-0.00,-0.00,0.00,-0.00,0.00,10.00
57451.00,-116.06,-17.30,-0.28,-0.05,0.00,2.23,0.01,0.18,-1108.93,-0.00,-0.00,-0.00,0.00,-0.00,0.00,10.00
57461.00,-116.06,-17.30,-0.47,-0.05,0.00,-18.51,0.01,0.18,-2074.06,-0.00,-0.00,-0.00,-0.00,0.00,0.00,10.00
57471.00,-116.06,-17.30,-0.44,-0.05,0.00,2.85,0.01,0.18,2135.96,-0.00,-0.00,-0.00,-0.00,0.00,0.00,10.00
57481.00,-116.06,-17.30,-0.43,-0.05,0.00,1.10,0.01,0.18,-174.46,-0.00,-0.00,-0.00,0.00,0.00,0.00,17.00
57498.00,-116.06,-17.30,-0.39,-0.05,0.00,2.03,0.01,0.18,54.45,-0.00,-0.00,-0.00,0.00,-0.00,-0.00,10.00
57508.00,-116.06,-17.30,-0.46,-0.05,0.00,-6.96,0.01,0.18,-898.68,-0.00,-0.00,-0.00,0.00,0.00,0.00,10.00
57518.00,-116.06,-17.30,-0.38,-0.05,0.00,8.06,0.01,0.18,1501.45,-0.00,-0.00,-0.00,0.00,-0.00,0.00,10.00
57533.00,-116.06,-17.30,-0.36,-0.05,0.00,1.25,0.01,0.18,-453.70,-0.00,-0.00,-0.00,0.00,0.00,-0.00,10.00
57543.00,-116.07,-17.30,-0.37,-0.05,0.00,-0.16,-0.00,0.00,-140.84,-0.00,-0.00,-0.00,0.00,0.00,0.00,10.00
57553.00,-116.07,-17.30,-0.37,-0.05,0.00,-0.65,-0.00,0.00,-49.73,-0.00,-0.00,-0.00,-0.00,0.00,0.00,10.00
57563.00,-116.07,-17.30,-0.39,-0.05,0.00,-1.90,-0.00,0.00,-124.50,-0.00,-0.00,-0.00,-0.00,-0.00,-0.00,10.00
57573.00,-116.07,-17.30,-0.43,-0.05,0.00,-4.03,-0.00,0.00,-213.09,-0.00,-0.00,-0.00,-0.00,-0.00,-0.00,10.00
57583.00,-116.07,-17.30,-0.45,-0.05,0.00,-1.88,-0.00,0.00,214.74,-0.00,-0.00,-0.00,-0.00,-0.00,0.00,10.00
57593.00,-116.07,-17.30,-0.47,-0.05,0.00,-1.66,-0.00,0.00,21.79,-0.00,-0.00,-0.00,0.00,0.00,0.00,17.00
57610.00,-116.07,-17.30,-0.42,-0.05,0.00,3.05,-0.00,0.00,277.35,-0.00,-0.00,-0.00,-0.00,-0.00,0.00,10.00
57620.00,-116.07,-17.30,-0.50,-0.05,0.00,-8.31,-0.00,0.00,-1136.14,-0.00,-0.00,-0.00,-0.00,-0.00,-0.00,10.00
57630.00,-116.07,-17.30,-0.42,-0.05,0.00,8.04,-0.00,0.00,1635.29,-0.00,-0.00,-0.00,-0.00,-0.00,-0.00,10.00
57644.00,-116.07,-17.30,-0.47,-0.05,0.00,-3.98,-0.00,0.00,-858.68,-0.00,-0.00,-0.00,0.00,-0.00,0.00,10.00
57654.00,-116.07,-17.30,-0.31,-0.05,0.00,16.68,-0.00,0.00,2065.95,-0.00,-0.00,-0.00,0.00,0.00,0.00,10.00
57664.00,-116.07,-17.30,-0.48,-0.05,0.00,-17.64,-0.00,0.00,-3431.89,-0.00,-0.00,-0.00,0.00,0.00,0.00,10.00
57674.00,-116.07,-17.30,-0.39,-0.05,0.00,8.86,-0.00,0.00,2649.37,-0.00,-0.00,-0.00,0.00,0.00,0.00,10.00
57684.00,-116.07,-17.30,-0.30,-0.05,0.00,9.68,-0.00,0.00,82.33,-0.00,-0.00,-0.00,-0.00,-0.00,-0.00,16.00
57700.00,-116.07,-17.30,-0.42,-0.05,0.00,-7.45,-0.00,0.00,-1070.42,-0.00,-0.00,-0.00,-0.00,0.00,0.00,10.00
57710.00,-116.07,-17.30,-0.43,-0.05,0.00,-1.33,-0.00,0.00,612.13,-0.00,-0.00,-0.00,0.00,0.00,0.00,10.00
57720.00,-116.07,-17.30,-0.39,-0.05,0.00,4.52,-0.00,0.00,584.37,-0.00,-0.00,-0.00,0.00,0.00,0.00,10.00
57730.00,-116.07,-17.30,-0.40,-0.05,0.00,-1.82,-0.00,0.00,-633.61,-0.00,-0.00,-0.00,0.00,0.00,0.00,10.00
57740.00,-116.07,-17.30,-0.50,-0.05,0.00,-9.18,-0.00,0.00,-735.77,-0.00,-0.00,-0.00,-0.00,0.00,0.00,10.00
57755.00,-116.08,-17.30,-0.30,-0.05,0.00,13.02,0.01,-0.00,1479.54,-0.00,-0.00,-0.00,0.00,0.00,-0.00,10.00
57765.00,-116.08,-17.30,-0.42,-0.05,0.00,-11.97,0.01,-0.00,-2498.25,-0.00,-0.00,-0.00,-0.00,0.00,0.00,10.00
57775.00,-116.08,-17.30,-0.41,-0.05,0.00,0.79,0.01,-0.00,1275.64,-0.00,-0.00,-0.00,-0.00,0.00,0.00,10.00
57785.00,-116.08,-17.30,-0.39,-0.05,0.00,1.86,0.01,-0.00,106.84,-0.00,-0.00,-0.00,-0.00,-0.00,0.00,16.00
57801.00,-116.08,-17.30,-0.35,-0.05,0.00,2.87,0.01,-0.00,63.53,-0.00,-0.00,-0.00,-0.00,0.00,0.00,10.00
57811.00,-116.08,-17.30,-0.45,-0.05,0.00,-10.37,0.01,-0.00,-1324.19,-0.00,-0.00,-0.00,0.00,0.00,0.00,10.00
57821.00,-116.08,-17.30,-0.40,-0.05,0.00,4.63,0.01,-0.00,1499.33,-0.00,-0.00,-0.00,0.00,-0.00,0.00,10.00
57831.00,-116.08,-17.30,-0.35,-0.05,0.00,5.81,0.01,-0.00,117.99,-0.00,-0.00,-0.00,0.00,0.00,-0.00,10.00
57841.00,-116.08,-17.30,-0.44,-0.05,0.00,-8.89,0.01,-0.00,-1469.85,-0.00,-0.00,-0.00,-0.00,0.00,-0.00,10.00
57851.00,-116.08,-17.30,-0.36,-0.05,0.00,8.01,0.01,-0.00,1689.97,-0.00,-0.00,-0.00,0.00,-0.00,0.00,10.00
57866.00,-116.08,-17.30,-0.38,-0.05,0.00,-1.61,0.01,-0.00,-641.43,-0.00,-0.00,-0.00,-0.00,0.00,0.00,10.00
57876.00,-116.08,-17.30,-0.35,-0.05,0.00,3.22,0.01,-0.00,483.78,-0.00,-0.00,-0.00,0.00,0.00,-0.00,10.00
57886.00,-116.08,-17.30,-0.27,-0.05,0.00,7.33,0.01,-0.00,410.90,-0.00,-0.00,-0.00,-0.00,-0.00,-0.00,10.00
57896.00,-116.08,-17.30,-0.36,-0.05,0.00,-8.93,0.01,-0.00,-1626.58,-0.00,-0.00,-0.00,-0.00,-0.00,0.00,10.00
57906.00,-116.08,-17.30,-0.37,-0.05,0.00,-0.29,0.01,-0.00,864.09,-0.00,-0.00,-0.00,0.00,-0.00,-0.00,16.00
57922.00,-116.08,-17.30,-0.35,-0.05,0.00,1.31,0.01,-0.00,99.94,-0.00,-0.00,-0.00,-0.00,0.00,0.00,10.00
57932.00,-116.08,-17.30,-0.44,-0.05,0.00,-9.07,0.01,-0.00,-1037.85,-0.00,-0.00,-0.00,0.00,0.00,-0.00,10.00
57942.00,-116.08,-17.30,-0.33,-0.05,0.00,10.74,0.01,-0.00,1981.04,-0.00,-0.00,-0.00,-0.00,0.00,-0.00,10.00
57952.00,-116.08,-17.30,-0.33,-0.05,0.00,0.11,0.01,-0.00,-1062.71,-0.00,-0.00,-0.00,0.00,0.00,-0.00,10.00
57962.00,-116.10,-17.30,-0.44,-0.05,-0.03,-10.96,-0.01,-0.18,-1107.57,-0.00,-0.00,-0.00,0.00,0.00,0.00,10.00
57976.00,-116.10,-17.30,-0.43,-0.05,-0.03,0.80,-0.01,-0.18,840.44,-0.00,-0.00,-0.00,-0.00,-0.00,0.00,10.00
57986.00,-116.10,-17.30,-0.45,-0.05,-0.03,-2.75,-0.01,-0.18,-355.40,-0.00,-0.00,-0.00,-0.00,-0.00,0.00,10.00
57996.00,-116.10,-17.30,-0.36,-0.05,-0.03,8.89,-0.01,-0.18,1163.74,-0.00,-0.00,-0.00,-0.00,-0.00,0.00,16.00
58012.00,-116.10,-17.30,-0.47,-0.05,-0.03,-6.69,-0.01,-0.18,-973.55,-0.00,-0.00,-0.00,0.00,-0.01,0.00,10.00
58022.00,-116.10,-17.30,-0.39,-0.05,-0.03,7.92,-0.01,-0.18,1461.08,-0.00,-0.00,-0.00,0.00,-0.00,-0.00,10.00
58032.00,-116.10,-17.30,-0.43,-0.05,-0.03,-4.16,-0.01,-0.18,-1208.00,-0.00,-0.00,-0.00,0.00,-0.01,0.00,10.00
58042.00,-116.10,-17.30,-0.34,-0.05,-0.03,8.96,-0.01,-0.18,1312.49,-0.00,-0.00,-0.00,0.00,-0.00,-0.00,10.00
58052.00,-116.10,-17.30,-0.41,-0.05,-0.03,-6.82,-0.01,-0.18,-1578.28,-0.00,-0.00,-0.00,0.00,-0.00,-0.00,10.00
58062.00,-116.10,-17.30,-0.33,-0.05,-0.03,7.84,-0.01,-0.18,1466.06,-0.00,-0.00,-0.00,0.00,0.00,0.00,10.00
58072.00,-116.10,-17.30,-0.38,-0.05,-0.03,-4.09,-0.01,-0.18,-1193.59,-0.00,-0.00,-0.00,0.00,0.00,0.00,10.00
58091.00,-116.10,-17.30,-0.47,-0.05,-0.03,-5.09,-0.01,-0.18,-52.68,-0.00,-0.00,-0.00,0.00,0.00,-0.00,19.00
58110.00,-116.10,-17.30,-0.42,-0.05,-0.03,2.82,-0.01,-0.18,416.48,-0.00,-0.00,-0.00,0.00,0.00,-0.00,10.00
58120.00,-116.10,-17.30,-0.37,-0.05,-0.03,4.44,-0.01,-0.18,162.00,-0.00,-0.00,-0.00,0.00,0.00,-0.00,10.00
58130.00,-116.10,-17.30,-0.37,-0.05,-0.03,0.77,-0.01,-0.18,-366.67,-0.00,-0.00,-0.00,0.00,0.00,-0.00,10.00
58140.00,-116.10,-17.30,-0.57,-0.05,-0.03,-20.49,-0.01,-0.18,-2125.95,-0.00,-0.00,-0.00,0.00,-0.00,-0.00,10.00
58150.00,-116.10,-17.30,-0.37,-0.05,-0.03,20.36,-0.01,-0.18,4084.30,-0.00,-0.00,-0.00,0.00,-0.00,0.00,10.00
58160.00,-116.10,-17.30,-0.40,-0.05,-0.03,-3.25,-0.01,-0.18,-2360.41,-0.00,-0.00,-0.00,0.00,-0.00,0.00,10.00
58170.00,-116.11,-17.30,-0.41,-0.05,0.00,-1.48,0.00,0.18,176.88,-0.00,-0.00,-0.00,0.00,-0.00,-0.00,10.00
58180.00,-116.11,-17.30,-0.41,-0.05,0.00,0.53,0.00,0.18,200.93,-0.00,-0.00,-0.00,-0.00,-0.00,0.00,19.00
58199.00,-116.11,-17.30,-0.42,-0.05,0.00,-0.80,0.00,0.18,-70.17,-0.00,-0.00,-0.00,-0.00,-0.00,0.00,10.00
58214.00,-116.11,-17.30,-0.39,-0.05,0.00,2.64,0.00,0.18,229.64,-0.00,-0.00,-0.00,-0.00,0.00,0.00,10.00
58224.00,-116.11,-17.30,-0.34,-0.05,0.00,4.18,0.00,0.18,154.14,-0.00,-0.00,-0.00,0.00,-0.00,0.00,10.00
58234.00,-116.11,-17.30,-0.37,-0.05,0.00,-2.78,0.00,0.18,-696.27,-0.00,-0.00,-0.00,-0.00,-0.00,-0.00,10.00
58244.00,-116.11,-17.30,-0.33,-0.05,0.00,3.89,0.00,0.18,667.09,-0.00,-0.00,-0.00,-0.00,-0.00,-0.00,10.00
58254.00,-116.11,-17.30,-0.44,-0.05,0.00,-10.42,0.00,0.18,-1430.98,-0.00,-0.00,-0.00,0.00,-0.00,-0.00,10.00
58264.00,-116.11,-17.30,-0.32,-0.05,0.00,12.13,0.00,0.18,2254.54,-0.00,-0.00,-0.00,-0.00,-0.00,-0.00,10.00
58274.00,-116.11,-17.30,-0.42,-0.05,0.00,-10.58,0.00,0.18,-2270.42,-0.00,-0.00,-0.00,-0.00,-0.00,-0.00,10.00
58284.00,-116.11,-17.30,-0.43,-0.05,0.00,-0.85,0.00,0.18,972.50,-0.00,-0.00,-0.00,-0.00,0.00,0.00,17.00
58301.00,-116.11,-17.30,-0.38,-0.05,0.00,3.14,0.00,0.18,235.05,-0.00,-0.00,-0.00,-0.00,0.00,-0.00,10.00
58311.00,-116.11,-17.30,-0.47,-0.05,0.00,-9.09,0.00,0.18,-1223.44,-0.00,-0.00,-0.00,0.00,0.00,-0.00,10.00
58326.00,-116.11,-17.30,-0.43,-0.05,0.00,2.24,0.00,0.18,755.63,-0.00,-0.00,-0.00,0.00,0.00,-0.00,10.00
58336.00,-116.11,-17.30,-0.37,-0.05,0.00,6.08,0.00,0.18,383.30,-0.00,-0.00,-0.00,-0.00,0.00,-0.00,10.00
58346.00,-116.11,-17.30,-0.40,-0.05,0.00,-2.94,0.00,0.18,-902.05,-0.00,-0.00,-0.00,0.00,0.00,0.00,10.00
58356.00,-116.11,-17.30,-0.41,-0.05,0.00,-0.50,0.00,0.18,244.79,-0.00,-0.00,-0.00,-0.00,0.00,0.00,10.00
58366.00,-116.11,-17.30,-0.32,-0.05,0.00,8.23,0.00,0.18,873.14,-0.00,-0.00,-0.00,-0.00,0.00,-0.00,10.00
58376.00,-116.13,-17.30,-0.37,-0.11,0.01,-4.92,-0.26,0.02,-1315.66,-0.00,-0.00,-0.00,0.00,0.00,-0.00,10.00
58386.00,-116.13,-17.30,-0.38,-0.11,0.01,-0.21,-0.26,0.02,471.41,-0.00,-0.00,-0.00,0.00,0.00,-0.00,10.00
58396.00,-116.13,-17.30,-0.34,-0.11,0.01,3.19,-0.26,0.02,339.64,-0.00,-0.00,-0.00,0.00,0.00,-0.00,17.00
58413.00,-116.13,-17.30,-0.41,-0.11,0.01,-3.96,-0.26,0.02,-420.69,-0.00,-0.00,-0.00,0.00,0.00,0.00,10.00
58423.00,-116.13,-17.30,-0.34,-0.11,0.01,7.04,-0.26,0.02,1099.97,-0.00,-0.00,-0.00,-0.00,-0.00,0.00,10.00
58437.00,-116.13,-17.30,-0.39,-0.11,0.01,-3.49,-0.26,0.02,-751.69,-0.00,-0.00,-0.00,0.00,0.00,0.00,10.00
58447.00,-116.13,-17.30,-0.37,-0.11,0.01,2.23,-0.26,0.02,571.77,-0.00,-0.00,-0.00,-0.00,0.00,-0.00,10.00
58457.00,-116.13,-17.30,-0.47,-0.11,0.01,-10.22,-0.26,0.02,-1245.11,-0.00,-0.00,-0.00,0.00,0.00,-0.00,10.00
58467.00,-116.13,-17.30,-0.34,-0.11,0.01,12.66,-0.26,0.02,2287.88,-0.00,-0.00,-0.00,-0.00,-0.00,0.00,10.00
58477.00,-116.13,-17.30,-0.48,-0.11,0.01,-13.46,-0.26,0.02,-2611.89,-0.00,-0.00,-0.00,-0.00,-0.00,0.00,10.00
58487.00,-116.13,-17.30,-0.44,-0.11,0.01,4.06,-0.26,0.02,1752.17,-0.00,-0.00,-0.00,-0.00,-0.00,0.00,16.00
58503.00,-116.13,-17.30,-0.37,-0.11,0.01,4.14,-0.26,0.02,4.76,-0.00,-0.00,-0.00,0.00,0.00,-0.00,10.00
58513.00,-116.13,-17.30,-0.42,-0.11,0.01,-4.72,-0.26,0.02,-885.38,-0.00,-0.00,-0.00,-0.00,-0.00,0.00,10.00
58523.00,-116.13,-17.30,-0.47,-0.11,0.01,-5.62,-0.26,0.02,-90.19,-0.00,-0.00,-0.00,0.00,-0.00,0.00,10.00
58533.00,-116.13,-17.30,-0.39,-0.11,0.01,8.06,-0.26,0.02,1367.97,-0.00,-0.00,-0.00,0.00,0.00,0.00,10.00
58548.00,-116.13,-17.30,-0.35,-0.11,0.01,3.02,-0.26,0.02,-336.13,-0.00,-0.00,-0.00,0.00,0.00,0.00,10.00
58558.00,-116.13,-17.30,-0.36,-0.11,0.01,-1.20,-0.26,0.02,-421.83,-0.00,-0.00,-0.00,-0.00,-0.00,0.00,10.00
58568.00,-116.13,-17.30,-0.55,-0.11,0.01,-19.31,-0.26,0.02,-1811.31,-0.00,-0.00,-0.00,-0.00,-0.00,0.00,10.00
58578.00,-116.14,-17.30,-0.37,-0.06,0.00,18.75,0.26,-0.02,3806.26,-0.00,-0.00,-0.00,-0.00,0.00,0.00,10.00
58588.00,-116.14,-17.30,-0.39,-0.06,0.00,-2.19,0.26,-0.02,-2094.13,-0.00,-0.00,-0.00,0.00,0.00,0.00,16.00
58604.00,-116.14,-17.30,-0.40,-0.06,0.00,-0.93,0.26,-0.02,78.69,-0.00,-0.00,-0.00,0.00,-0.00,0.00,10.00
58614.00,-116.14,-17.30,-0.39,-0.06,0.00,1.41,0.26,-0.02,234.41,-0.00,-0.00,-0.00,-0.00,-0.00,0.00,10.00
58624.00,-116.14,-17.30,-0.50,-0.06,0.00,-10.72,0.26,-0.02,-1212.92,-0.00,-0.00,-0.00,-0.00,-0.00,0.00,10.00
58634.00,-116.14,-17.30,-0.41,-0.06,0.00,8.86,0.26,-0.02,1957.55,-0.00,-0.00,-0.00,0.00,0.00,0.00,10.00
58644.00,-116.14,-17.30,-0.39,-0.06,0.00,1.32,0.26,-0.02,-753.66,-0.00,-0.00,-0.00,-0.00,-0.00,0.00,10.00
58659.00,-116.14,-17.30,-0.38,-0.06,0.00,0.95,0.26,-0.02,-25.12,-0.00,-0.00,-0.00,-0.00,-0.00,0.00,10.00
58669.00,-116.14,-17.30,-0.45,-0.06,0.00,-7.09,0.26,-0.02,-803.43,-0.00,-0.00,-0.00,-0.00,-0.00,0.00,10.00
58679.00,-116.14,-17.30,-0.44,-0.06,0.00,0.70,0.26,-0.02,778.49,-0.00,-0.00,-0.00,-0.00,-0.00,0.00,10.00
58689.00,-116.14,-17.30,-0.40,-0.06,0.00,4.80,0.26,-0.02,410.60,-0.00,-0.00,-0.00,0.00,0.00,-0.00,15.00
58704.00,-116.14,-17.30,-0.45,-0.06,0.00,-3.51,0.26,-0.02,-553.83,-0.00,-0.00,-0.00,0.00,0.00,0.00,10.00
58714.00,-116.14,-17.30,-0.35,-0.06,0.00,9.41,0.26,-0.02,1291.24,-0.00,-0.00,-0.00,-0.00,0.00,0.00,10.00
58724.00,-116.14,-17.30,-0.45,-0.06,0.00,-9.16,0.26,-0.02,-1857.06,-0.00,-0.00,-0.00,-0.00,0.00,0.00,10.00
58734.00,-116.14,-17.30,-0.40,-0.06,0.00,4.90,0.26,-0.02,1406.77,-0.00,-0.00,-0.00,0.00,-0.00,-0.00,10.00
58744.00,-116.14,-17.30,-0.46,-0.06,0.00,-6.09,0.26,-0.02,-1099.29,-0.00,-0.00,-0.00,0.00,0.00,0.00,10.00
58754.00,-116.14,-17.30,-0.35,-0.06,0.00,11.06,0.26,-0.02,1715.37,-0.00,-0.00,-0.00,0.00,0.00,0.00,10.00
58769.00,-116.14,-17.30,-0.47,-0.06,0.00,-8.13,0.26,-0.02,-1279.78,-0.00,-0.00,-0.00,-0.00,0.01,0.00,10.00
58779.00,-116.16,-17.30,-0.36,-0.11,0.01,11.24,-0.28,0.02,1937.41,-0.00,-0.00,-0.00,0.00,0.00,0.00,10.00
58789.00,-116.16,-17.30,-0.34,-0.11,0.01,1.63,-0.28,0.02,-961.37,-0.00,-0.00,-0.00,0.00,-0.00,0.00,10.00
58799.00,-116.16,-17.30,-0.35,-0.11,0.01,-0.58,-0.28,0.02,-220.33,-0.00,-0.00,-0.00,0.00,-0.00,0.00,15.00
58814.00,-116.16,-17.30,-0.35,-0.11,0.01,-0.53,-0.28,0.02,2.82,-0.00,-0.00,-0.00,-0.00,-0.00,0.00,10.00
58824.00,-116.16,-17.30,-0.49,-0.11,0.01,-13.17,-0.28,0.02,-1263.37,-0.00,-0.00,-0.00,-0.00,-0.00,-0.00,10.00
58834.00,-116.16,-17.30,-0.34,-0.11,0.01,14.76,-0.28,0.02,2792.20,-0.00,-0.00,-0.00,0.00,-0.00,-0.00,10.00
58844.00,-116.16,-17.30,-0.31,-0.11,0.01,3.29,-0.28,0.02,-1146.77,-0.00,-0.00,-0.00,0.00,-0.00,0.00,10.00
58854.00,-116.16,-17.30,-0.42,-0.11,0.01,-11.91,-0.28,0.02,-1519.93,-0.00,-0.00,-0.00,-0.00,0.00,0.00,10.00
58864.00,-116.16,-17.30,-0.36,-0.11,0.01,6.12,-0.28,0.02,1802.96,-0.00,-0.00,-0.00,-0.00,-0.00,0.00,10.00
58879.00,-116.16,-17.30,-0.33,-0.11,0.01,2.44,-0.28,0.02,-245.12,-0.00,-0.00,-0.00,0.00,0.00,0.00,10.00
58889.00,-116.16,-17.30,-0.30,-0.11,0.01,2.92,-0.28,0.02,47.88,-0.00,-0.00,-0.00,0.00,0.00,0.00,10.00
58899.00,-116.16,-17.30,-0.42,-0.11,0.01,-12.04,-0.28,0.02,-1495.86,-0.00,-0.00,-0.00,-0.00,0.00,-0.00,15.00
58914.00,-116.16,-17.30,-0.32,-0.11,0.01,6.30,-0.28,0.02,1222.63,-0.00,-0.00,-0.00,-0.00,0.00,-0.00,10.00
58924.00,-116.16,-17.30,-0.47,-0.11,0.01,-14.66,-0.28,0.02,-2096.09,-0.00,-0.00,-0.00,-0.00,0.00,-0.00,10.00
58934.00,-116.16,-17.30,-0.40,-0.11,0.01,6.70,-0.28,0.02,2135.75,-0.00,-0.00,-0.00,0.00,0.00,0.00,10.00
58944.00,-116.16,-17.30,-0.48,-0.11,0.01,-8.07,-0.28,0.02,-1476.94,-0.00,-0.00,-0.00,0.00,0.00,0.00,10.00
58954.00,-116.16,-17.30,-0.31,-0.11,0.01,17.32,-0.28,0.02,2539.06,-0.00,-0.00,-0.00,0.00,-0.00,0.00,10.00
58964.00,-116.16,-17.30,-0.39,-0.11,0.01,-7.76,-0.28,0.02,-2507.82,-0.00,-0.00,-0.00,0.00,-0.00,-0.00,10.00
58974.00,-116.16,-17.30,-0.36,-0.11,0.01,2.35,-0.28,0.02,1010.56,-0.00,-0.00,-0.00,-0.00,-0.00,-0.00,10.00
58994.00,-116.18,-17.29,-0.35,-0.10,0.01,0.90,0.03,-0.00,-72.22,-0.00,-0.00,-0.00,0.00,0.00,0.00,19.00
59013.00,-116.18,-17.29,-0.38,-0.10,0.01,-1.98,0.03,-0.00,-151.55,-0.00,-0.00,-0.00,0.00,0.00,0.00,10.00
59023.00,-116.18,-17.29,-0.39,-0.10,0.01,-0.31,0.03,-0.00,167.16,-0.00,-0.00,-0.00,0.00,-0.00,-0.00,10.00
59033.00,-116.18,-17.29,-0.38,-0.10,0.01,0.57,0.03,-0.00,87.30,-0.00,-0.00,-0.00,0.00,0.00,0.00,10.00
59043.00,-116.18,-17.29,-0.48,-0.10,0.01,-9.36,0.03,-0.00,-992.60,-0.00,-0.00,-0.00,0.00,-0.00,0.00,10.00
59053.00,-116.18,-17.29,-0.37,-0.10,0.01,10.85,0.03,-0.00,2020.42,-0.00,-0.00,-0.00,0.00,0.00,-0.00,10.00
59063.00,-116.18,-17.29,-0.40,-0.10,0.01,-2.95,0.03,-0.00,-1379.30,-0.00,-0.00,-0.00,0.00,0.00,0.00,10.00
59073.00,-116.18,-17.29,-0.40,-0.10,0.01,-0.30,0.03,-0.00,264.93,-0.00,-0.00,-0.00,0.00,0.00,0.00,10.00
59083.00,-116.18,-17.29,-0.50,-0.10,0.01,-10.22,0.03,-0.00,-992.68,-0.00,-0.00,-0.00,-0.00,0.00,-0.00,17.00
59100.00,-116.18,-17.29,-0.38,-0.10,0.01,7.22,0.03,-0.00,1025.99,-0.00,-0.00,-0.00,-0.00,-0.00,0.00,10.00
59119.00,-116.18,-17.29,-0.31,-0.10,0.01,3.82,0.03,-0.00,-178.88,-0.00,-0.00,-0.00,0.00,0.00,0.00,10.00
59129.00,-116.18,-17.29,-0.43,-0.10,0.01,-12.24,0.03,-0.00,-1605.72,-0.00,-0.00,-0.00,0.00,0.00,-0.00,10.00
59139.00,-116.18,-17.29,-0.37,-0.10,0.01,6.11,0.03,-0.00,1835.35,-0.00,-0.00,-0.00,0.00,-0.00,-0.00,10.00
59149.00,-116.18,-17.29,-0.39,-0.10,0.01,-1.90,0.03,-0.00,-801.24,-0.00,-0.00,-0.00,-0.00,-0.00,0.00,10.00
59159.00,-116.18,-17.29,-0.41,-0.10,0.01,-2.83,0.03,-0.00,-93.55,-0.00,-0.00,-0.00,-0.00,0.00,0.00,10.00
59169.00,-116.18,-17.29,-0.45,-0.10,0.01,-3.90,0.03,-0.00,-107.10,-0.00,-0.00,-0.00,0.00,-0.00,0.00,10.00
59179.00,-116.18,-17.29,-0.43,-0.10,0.01,2.86,0.03,-0.00,676.74,-0.00,-0.00,-0.00,0.00,0.00,-0.00,10.00
59189.00,-116.18,-17.29,-0.39,-0.10,0.01,3.74,0.03,-0.00,87.94,-0.00,-0.00,-0.00,0.00,0.00,0.00,16.00
59205.00,-116.20,-17.29,-0.44,-0.05,0.04,-3.29,0.24,0.15,-439.81,-0.00,-0.00,-0.00,0.00,0.00,0.00,10.00
59215.00,-116.20,-17.29,-0.36,-0.05,0.04,8.54,0.24,0.15,1183.71,-0.00,-0.00,-0.00,0.00,-0.00,0.00,10.00
59229.00,-116.20,-17.29,-0.40,-0.05,0.04,-3.41,0.24,0.15,-853.81,-0.00,-0.00,-0.00,0.00,0.00,-0.00,10.00
59239.00,-116.20,-17.29,-0.37,-0.05,0.04,3.24,0.24,0.15,664.99,-0.00,-0.00,-0.00,0.00,-0.00,0.00,10.00
59249.00,-116.20,-17.29,-0.32,-0.05,0.04,4.64,0.24,0.15,140.30,-0.00,-0.00,-0.00,0.00,-0.00,0.00,10.00
59259.00,-116.20,-17.29,-0.40,-0.05,0.04,-7.93,0.24,0.15,-1257.11,-0.00,-0.00,-0.00,0.00,-0.00,0.00,10.00
59269.00,-116.20,-17.29,-0.41,-0.05,0.04,-0.57,0.24,0.15,736.40,-0.00,-0.00,-0.00,0.00,-0.00,0.00,10.00
59279.00,-116.20,-17.29,-0.38,-0.05,0.04,2.99,0.24,0.15,355.97,-0.00,-0.00,-0.00,0.00,0.00,0.00,10.00
59289.00,-116.20,-17.29,-0.38,-0.05,0.04,-0.08,0.24,0.15,-307.95,-0.00,-0.00,-0.00,0.00,0.00,-0.00,17.00
59306.00,-116.20,-17.29,-0.32,-0.05,0.04,3.30,0.24,0.15,199.05,-0.00,-0.00,-0.00,0.00,-0.00,0.00,10.00
59316.00,-116.20,-17.29,-0.42,-0.05,0.04,-9.22,0.24,0.15,-1251.79,-0.00,-0.00,-0.00,0.00,0.00,0.00,10.00
59326.00,-116.20,-17.29,-0.41,-0.05,0.04,0.55,0.24,0.15,977.29,-0.00,-0.00,-0.00,0.00,0.00,0.00,10.00
59340.00,-116.20,-17.29,-0.41,-0.05,0.04,0.30,0.24,0.15,-18.38,-0.00,-0.00,-0.00,0.00,0.00,0.00,10.00
59350.00,-116.20,-17.29,-0.51,-0.05,0.04,-10.02,0.24,0.15,-1031.23,-0.00,-0.00,-0.00,-0.00,0.00,0.00,10.00
59360.00,-116.20,-17.29,-0.47,-0.05,0.04,3.30,0.24,0.15,1331.33,-0.00,-0.00,-0.00,-0.00,0.00,0.00,10.00
59370.00,-116.20,-17.29,-0.43,-0.05,0.04,4.80,0.24,0.15,150.01,-0.00,-0.00,-0.00,0.00,0.00,-0.00,10.00
59380.00,-116.20,-17.29,-0.42,-0.05,0.04,0.48,0.24,0.15,-431.73,-0.00,-0.00,-0.00,0.00,0.00,-0.00,10.00
59390.00,-116.20,-17.29,-0.47,-0.05,0.04,-5.42,0.24,0.15,-589.93,-0.00,-0.00,-0.00,0.00,0.00,-0.00,10.00
59400.00,-116.20,-17.29,-0.40,-0.05,0.04,7.82,0.24,0.15,1324.08,-0.00,-0.00,-0.00,-0.00,0.00,-0.00,16.00
59416.00,-116.21,-17.27,-0.45,-0.05,0.08,-3.30,0.00,0.17,-694.87,-0.00,-0.00,-0.00,-0.00,0.00,-0.00,10.00
59426.00,-116.21,-17.27,-0.46,-0.05,0.08,-1.41,0.00,0.17,188.53,-0.00,-0.00,-0.00,-0.00,0.00,-0.00,10.00
59436.00,-116.21,-17.27,-0.44,-0.05,0.08,1.98,0.00,0.17,339.37,-0.00,-0.00,-0.00,0.00,0.00,0.00,10.00
59451.00,-116.21,-17.27,-0.39,-0.05,0.08,3.82,0.00,0.17,122.48,-0.00,-0.00,-0.00,0.00,0.00,-0.00,10.00
59461.00,-116.21,-17.27,-0.37,-0.05,0.08,1.53,0.00,0.17,-229.22,-0.00,-0.00,-0.00,0.00,0.00,-0.00,10.00
59471.00,-116.21,-17.27,-0.42,-0.05,0.08,-4.49,0.00,0.17,-601.59,-0.00,-0.00,-0.00,0.00,-0.00,-0.00,10.00
59481.00,-116.21,-17.27,-0.44,-0.05,0.08,-2.27,0.00,0.17,221.63,-0.00,-0.00,-0.00,0.00,-0.00,-0.00,10.00
59491.00,-116.21,-17.27,-0.37,-0.05,0.08,6.73,0.00,0.17,899.90,-0.00,-0.00,-0.00,0.00,0.00,-0.00,17.00
59508.00,-116.21,-17.27,-0.42,-0.05,0.08,-3.06,0.00,0.17,-575.81,-0.00,-0.00,-0.00,-0.00,0.00,0.00,10.00
59518.00,-116.21,-17.27,-0.42,-0.05,0.08,0.77,0.00,0.17,383.57,-0.00,-0.00,-0.00,-0.00,0.00,-0.00,10.00
59528.00,-116.21,-17.27,-0.39,-0.05,0.08,2.86,0.00,0.17,208.64,-0.00,-0.00,-0.00,0.00,0.00,-0.00,10.00
59538.00,-116.21,-17.27,-0.40,-0.05,0.08,-0.87,0.00,0.17,-373.06,-0.00,-0.00,-0.00,0.00,0.00,0.00,10.00
59548.00,-116.21,-17.27,-0.45,-0.05,0.08,-5.14,0.00,0.17,-426.83,-0.00,-0.00,-0.00,-0.00,0.00,-0.00,10.00
59563.00,-116.21,-17.27,-0.42,-0.05,0.08,1.74,0.00,0.17,458.83,-0.00,-0.00,-0.00,0.00,0.00,-0.00,10.00
59573.00,-116.21,-17.27,-0.29,-0.05,0.08,13.15,0.00,0.17,1140.21,-0.00,-0.00,-0.00,0.00,0.00,-0.00,10.00
59583.00,-116.21,-17.27,-0.33,-0.05,0.08,-3.73,0.00,0.17,-1687.17,-0.00,-0.00,-0.00,0.00,0.00,-0.00,16.00
59599.00,-116.21,-17.27,-0.42,-0.05,0.08,-5.89,0.00,0.17,-135.56,-0.00,-0.00,-0.00,-0.00,0.00,0.00,10.00
59609.00,-116.21,-17.27,-0.34,-0.05,0.08,7.68,0.00,0.17,1357.22,-0.00,-0.00,-0.00,-0.00,0.00,0.00,10.00
59619.00,-116.21,-17.26,-0.39,0.00,0.04,-4.38,0.26,-0.19,-1205.84,-0.00,-0.00,-0.00,-0.00,0.00,0.00,10.00
59629.00,-116.21,-17.26,-0.45,0.00,0.04,-5.79,0.26,-0.19,-140.72,-0.00,-0.00,-0.00,0.00,0.00,0.00,10.00
59639.00,-116.21,-17.26,-0.43,0.00,0.04,1.64,0.26,-0.19,743.15,-0.00,-0.00,-0.00,0.00,0.00,-0.00,10.00
59649.00,-116.21,-17.26,-0.41,0.00,0.04,2.22,0.26,-0.19,57.65,-0.00,-0.00,-0.00,-0.00,-0.00,0.00,10.00
59659.00,-116.21,-17.26,-0.42,0.00,0.04,-1.06,0.26,-0.19,-327.78,-0.00,-0.00,-0.00,-0.00,-0.00,-0.00,10.00
59674.00,-116.21,-17.26,-0.44,0.00,0.04,-1.31,0.26,-0.19,-16.90,-0.00,-0.00,-0.00,0.00,0.00,0.00,10.00
59684.00,-116.21,-17.26,-0.35,0.00,0.04,8.53,0.26,-0.19,983.88,-0.00,-0.00,-0.00,-0.00,0.00,0.00,10.00
59694.00,-116.21,-17.26,-0.49,0.00,0.04,-13.46,0.26,-0.19,-2198.67,-0.00,-0.00,-0.00,0.00,0.00,0.00,16.00
59710.00,-116.21,-17.26,-0.42,0.00,0.04,4.35,0.26,-0.19,1113.06,-0.00,0.00,-0.00,0.00,0.00,-0.00,10.00
59720.00,-116.21,-17.26,-0.44,0.00,0.04,-1.84,0.26,-0.19,-619.22,-0.00,0.00,-0.00,0.00,0.00,-0.00,10.00
59730.00,-116.21,-17.26,-0.50,0.00,0.04,-6.12,0.26,-0.19,-427.47,-0.00,0.00,-0.00,0.00,-0.00,-0.00,10.00
59740.00,-116.21,-17.26,-0.44,0.00,0.04,5.41,0.26,-0.19,1152.43,-0.00,-0.00,-0.00,0.00,-0.00,0.00,10.00
59750.00,-116.21,-17.26,-0.39,0.00,0.04,5.63,0.26,-0.19,22.34,-0.00,-0.00,-0.00,-0.00,-0.00,0.00,10.00
59760.00,-116.21,-17.26,-0.40,0.00,0.04,-1.83,0.26,-0.19,-745.89,-0.00,-0.00,-0.00,-0.00,0.00,0.00,10.00
59770.00,-116.21,-17.26,-0.41,0.00,0.04,-0.72,0.26,-0.19,111.23,-0.00,-0.00,-0.00,-0.00,0.00,0.00,10.00
59785.00,-116.21,-17.26,-0.39,0.00,0.04,1.25,0.26,-0.19,131.28,-0.00,0.00,-0.00,0.00,0.00,0.00,18.00
59803.00,-116.21,-17.26,-0.40,0.00,0.04,-0.49,0.26,-0.19,-97.12,-0.00,0.00,-0.00,-0.00,0.00,-0.00,10.00
59813.00,-116.21,-17.26,-0.37,0.00,0.04,3.07,0.26,-0.19,356.60,-0.00,0.00,-0.00,-0.00,0.00,0.00,10.00
59823.00,-116.22,-17.25,-0.39,-0.05,0.04,-1.50,-0.27,0.02,-456.88,-0.00,0.00,-0.00,0.00,0.00,-0.00,10.00
59833.00,-116.22,-17.25,-0.39,-0.05,0.04,-0.35,-0.27,0.02,114.35,-0.00,0.00,-0.00,0.00,0.00,-0.00,10.00
59843.00,-116.22,-17.25,-0.32,-0.05,0.04,7.28,-0.27,0.02,763.10,-0.00,0.00,-0.00,0.00,0.00,-0.00,10.00
59853.00,-116.22,-17.25,-0.45,-0.05,0.04,-12.99,-0.27,0.02,-2027.05,-0.00,0.00,-0.00,0.00,-0.00,-0.00,10.00
59863.00,-116.22,-17.25,-0.44,-0.05,0.04,1.04,-0.27,0.02,1403.31,-0.00,0.00,-0.00,-0.00,-0.00,0.00,10.00
59873.00,-116.22,-17.25,-0.38,-0.05,0.04,5.43,-0.27,0.02,439.52,-0.00,-0.00,-0.00,0.00,-0.00,0.00,10.00
59883.00,-116.22,-17.25,-0.40,-0.05,0.04,-1.77,-0.27,0.02,-720.82,-0.00,-0.00,-0.00,0.00,-0.00,0.00,10.00
59903.00,-116.22,-17.25,-0.40,-0.05,0.04,-0.18,-0.27,0.02,79.49,-0.00,-0.00,-0.00,-0.00,-0.00,-0.00,17.00
59920.00,-116.22,-17.25,-0.37,-0.05,0.04,1.78,-0.27,0.02,115.41,-0.00,-0.00,-0.00,0.00,0.00,-0.00,10.00
59930.00,-116.22,-17.25,-0.42,-0.05,0.04,-5.12,-0.27,0.02,-689.90,-0.00,0.00,-0.00,0.00,0.01,0.00,10.00
59940.00,-116.22,-17.25,-0.43,-0.05,0.04,-0.88,-0.27,0.02,424.30,-0.00,0.00,-0.00,0.00,-0.00,0.00,10.00
59950.00,-116.22,-17.25,-0.37,-0.05,0.04,6.68,-0.27,0.02,755.86,-0.00,-0.00,-0.00,0.00,-0.00,0.00,10.00
59960.00,-116.22,-17.25,-0.50,-0.05,0.04,-12.92,-0.27,0.02,-1960.28,-0.00,-0.00,-0.00,0.00,-0.00,0.00,10.00
59970.00,-116.22,-17.25,-0.45,-0.05,0.04,4.95,-0.27,0.02,1787.33,-0.00,-0.00,-0.00,0.00,-0.00,-0.00,10.00
59980.00,-116.22,-17.25,-0.43,-0.05,0.04,1.55,-0.27,0.02,-340.34,-0.00,-0.00,-0.00,0.00,-0.00,-0.00,10.00
59990.00,-116.22,-17.25,-0.48,-0.05,0.04,-5.08,-0.27,0.02,-663.26,-0.00,-0.00,-0.00,0.00,-0.00,-0.00,18.00
60008.00,-116.22,-17.25,-0.44,-0.05,0.04,2.29,-0.27,0.02,409.95,-0.00,-0.00,-0.00,-0.00,0.00,0.00,10.00
60023.00,-116.23,-17.25,-0.39,-0.06,0.04,3.29,-0.01,0.00,66.22,-0.00,-0.00,-0.00,-0.00,0.00,0.00,10.00
60033.00,-116.23,-17.25,-0.44,-0.06,0.04,-4.66,-0.01,0.00,-794.56,-0.00,-0.00,-0.00,-0.00,-0.00,0.00,10.00
60043.00,-116.23,-17.25,-0.43,-0.06,0.04,1.19,-0.01,0.00,584.57,-0.00,-0.00,-0.00,0.00,0.00,-0.00,10.00
60053.00,-116.23,-17.25,-0.39,-0.06,0.04,3.73,-0.01,0.00,254.39,-0.00,-0.00,-0.00,0.00,0.00,0.00,10.00
60063.00,-116.23,-17.25,-0.29,-0.06,0.04,10.22,-0.01,0.00,648.68,-0.00,-0.00,-0.00,0.00,-0.00,-0.00,10.00
60073.00,-116.23,-17.25,-0.54,-0.06,0.04,-24.95,-0.01,0.00,-3517.28,-0.00,-0.00,-0.00,0.00,0.00,-0.00,10.00
60083.00,-116.23,-17.25,-0.39,-0.06,0.04,14.74,-0.01,0.00,3969.65,-0.00,-0.00,-0.00,0.00,0.00,-0.00,16.00
60099.00,-116.23,-17.25,-0.47,-0.06,0.04,-5.08,-0.01,0.00,-1239.04,-0.00,-0.00,-0.00,0.00,0.00,0.00,10.00
60109.00,-116.23,-17.25,-0.41,-0.06,0.04,6.38,-0.01,0.00,1146.05,-0.00,-0.00,-0.00,0.00,0.00,-0.00,10.00
60119.00,-116.23,-17.25,-0.42,-0.06,0.04,-1.23,-0.01,0.00,-761.09,-0.00,-0.00,-0.00,0.00,0.00,-0.00,10.00
60134.00,-116.23,-17.25,-0.42,-0.06,0.04,0.13,-0.01,0.00,90.88,-0.00,-0.00,-0.00,0.00,0.00,-0.00,10.00
60144.00,-116.23,-17.25,-0.43,-0.06,0.04,-1.65,-0.01,0.00,-177.69,-0.00,-0.00,-0.00,0.00,0.00,0.00,10.00
60154.00,-116.23,-17.25,-0.44,-0.06,0.04,-0.44,-0.01,0.00,120.19,-0.00,-0.00,-0.00,0.00,-0.00,0.00,10.00
60164.00,-116.23,-17.25,-0.48,-0.06,0.04,-4.05,-0.01,0.00,-360.79,-0.00,-0.00,-0.00,0.00,0.00,-0.00,10.00
60174.00,-116.23,-17.25,-0.47,-0.06,0.04,0.65,-0.01,0.00,470.54,-0.00,-0.00,-0.00,0.00,0.00,0.00,10.00
60184.00,-116.23,-17.25,-0.40,-0.06,0.04,6.91,-0.01,0.00,625.37,-0.00,-0.00,-0.00,0.00,-0.00,0.00,16.00
60200.00,-116.23,-17.25,-0.36,-0.06,0.04,2.44,-0.01,0.00,-278.93,-0.00,-0.00,-0.00,-0.00,-0.00,-0.00,10.00
60210.00,-116.23,-17.25,-0.46,-0.06,0.04,-9.40,-0.01,0.00,-1184.79,-0.00,-0.00,-0.00,0.00,-0.00,-0.00,10.00
60220.00,-116.23,-17.25,-0.40,-0.06,0.04,5.31,-0.01,0.00,1471.38,-0.00,-0.00,-0.00,0.00,-0.00,-0.00,10.00
60230.00,-116.24,-17.22,-0.52,-0.05,0.12,-11.89,0.01,0.35,-1719.92,-0.00,-0.00,-0.00,0.00,-0.00,0.00,10.00
60245.00,-116.24,-17.22,-0.39,-0.05,0.12,9.01,0.01,0.35,1393.28,-0.00,-0.00,-0.00,0.00,0.00,0.00,10.00
60255.00,-116.24,-17.22,-0.36,-0.05,0.12,2.75,0.01,0.35,-626.34,-0.00,-0.00,-0.00,0.00,-0.00,-0.00,10.00
60265.00,-116.24,-17.22,-0.49,-0.05,0.12,-12.49,0.01,0.35,-1523.99,-0.00,-0.00,-0.00,0.00,-0.00,-0.00,10.00
60275.00,-116.24,-17.22,-0.42,-0.05,0.12,6.88,0.01,0.35,1937.04,-0.00,-0.00,-0.00,0.00,-0.00,0.00,10.00
60285.00,-116.24,-17.22,-0.48,-0.05,0.12,-6.70,0.01,0.35,-1357.24,-0.00,-0.00,-0.00,0.00,0.00,0.00,15.00
60300.00,-116.24,-17.22,-0.40,-0.05,0.12,5.89,0.01,0.35,838.73,-0.00,-0.00,-0.00,0.00,0.00,0.00,10.00
60310.00,-116.24,-17.22,-0.39,-0.05,0.12,0.87,0.01,0.35,-501.15,-0.00,-0.00,-0.00,0.00,-0.00,-0.00,10.00
60320.00,-116.24,-17.22,-0.44,-0.05,0.12,-5.22,0.01,0.35,-609.07,-0.00,-0.00,-0.00,0.00,-0.00,-0.00,10.00
60330.00,-116.24,-17.22,-0.60,-0.05,0.12,-16.23,0.01,0.35,-1101.68,-0.00,-0.00,-0.00,0.00,0.00,0.00,10.00
60340.00,-116.24,-17.22,-0.39,-0.05,0.12,21.00,0.01,0.35,3723.24,-0.00,-0.00,-0.00,0.00,0.00,0.00,10.00
60355.00,-116.24,-17.22,-0.44,-0.05,0.12,-3.01,0.01,0.35,-1600.66,-0.00,-0.00,-0.00,0.00,0.00,0.00,10.00
60365.00,-116.24,-17.22,-0.46,-0.05,0.12,-2.51,0.01,0.35,50.60,-0.00,-0.00,-0.00,-0.00,0.00,0.00,10.00
60375.00,-116.24,-17.22,-0.45,-0.05,0.12,0.72,0.01,0.35,322.22,-0.00,-0.00,-0.00,-0.00,-0.00,0.00,10.00
60385.00,-116.24,-17.22,-0.39,-0.05,0.12,6.61,0.01,0.35,589.38,-0.00,-0.00,-0.00,0.00,-0.00,0.00,10.00
60395.00,-116.24,-17.22,-0.34,-0.05,0.12,4.34,0.01,0.35,-227.53,-0.00,-0.00,-0.00,0.00,0.00,-0.00,16.00
60411.00,-116.24,-17.22,-0.44,-0.05,0.12,-6.26,0.01,0.35,-662.16,-0.00,-0.00,-0.00,-0.00,0.00,-0.00,10.00
60421.00,-116.24,-17.22,-0.39,-0.05,0.12,5.56,0.01,0.35,1181.97,-0.00,-0.00,-0.00,-0.00,0.00,-0.00,10.00
60431.00,-116.24,-17.20,-0.41,0.00,0.11,-1.97,0.27,-0.01,-752.58,-0.00,-0.00,-0.00,0.00,-0.00,-0.00,10.00
60441.00,-116.24,-17.20,-0.44,0.00,0.11,-3.25,0.27,-0.01,-128.22,-0.00,-0.00,-0.00,-0.00,0.00,-0.00,10.00
60451.00,-116.24,-17.20,-0.48,0.00,0.11,-4.11,0.27,-0.01,-86.67,-0.00,-0.00,-0.00,-0.00,0.00,-0.00,10.00
60466.00,-116.24,-17.20,-0.45,0.00,0.11,2.02,0.27,-0.01,408.72,-0.00,-0.00,-0.00,-0.00,0.00,0.00,10.00
60476.00,-116.24,-17.20,-0.41,0.00,0.11,4.58,0.27,-0.01,256.76,-0.00,-0.00,-0.00,0.00,-0.00,0.00,10.00
60486.00,-116.24,-17.20,-0.40,0.00,0.11,0.91,0.27,-0.01,-367.66,-0.00,-0.00,-0.00,0.00,0.00,-0.00,10.00
60496.00,-116.24,-17.20,-0.46,0.00,0.11,-6.14,0.27,-0.01,-705.19,-0.00,-0.00,-0.00,0.00,-0.00,0.00,16.00
60512.00,-116.24,-17.20,-0.46,0.00,0.11,-0.04,0.27,-0.01,381.51,-0.00,-0.00,-0.00,-0.00,-0.00,0.00,10.00
60522.00,-116.24,-17.20,-0.55,0.00,0.11,-8.93,0.27,-0.01,-888.50,-0.00,-0.00,-0.00,0.00,0.00,0.00,10.00
60532.00,-116.24,-17.20,-0.49,0.00,0.11,5.78,0.27,-0.01,1470.42,-0.00,-0.00,-0.00,0.00,0.00,0.00,10.00
60542.00,-116.24,-17.20,-0.47,0.00,0.11,1.63,0.27,-0.01,-415.02,-0.00,-0.00,-0.00,0.00,-0.00,-0.00,10.00
60552.00,-116.24,-17.20,-0.49,0.00,0.11,-1.38,0.27,-0.01,-300.52,-0.00,-0.00,-0.00,0.00,-0.00,-0.00,10.00
60562.00,-116.24,-17.20,-0.51,0.00,0.11,-2.41,0.27,-0.01,-103.21,-0.00,-0.00,-0.00,0.00,0.00,-0.00,10.00
60577.00,-116.24,-17.20,-0.40,0.00,0.11,7.61,0.27,-0.01,667.80,-0.00,-0.00,-0.00,0.00,0.00,-0.00,10.00
60587.00,-116.24,-17.20,-0.42,0.00,0.11,-2.13,0.27,-0.01,-973.66,-0.00,-0.00,-0.00,0.00,0.00,-0.00,16.00
60603.00,-116.24,-17.20,-0.44,0.00,0.11,-1.59,0.27,-0.01,33.42,-0.00,-0.00,-0.00,0.00,0.00,0.00,10.00
60613.00,-116.24,-17.20,-0.42,0.00,0.11,2.19,0.27,-0.01,378.71,-0.00,-0.00,-0.00,-0.00,0.00,0.00,10.00
60623.00,-116.24,-17.20,-0.36,0.00,0.11,6.09,0.27,-0.01,389.98,-0.00,-0.00,-0.00,-0.00,0.00,-0.00,10.00
60633.00,-116.24,-17.18,-0.43,0.00,0.08,-6.56,0.00,-0.19,-1265.74,-0.00,-0.00,-0.00,0.00,0.00,-0.00,10.00
60643.00,-116.24,-17.18,-0.46,0.00,0.08,-2.84,0.00,-0.19,372.08,-0.00,-0.00,-0.00,0.00,0.00,-0.00,10.00
60653.00,-116.24,-17.18,-0.44,0.00,0.08,1.65,0.00,-0.19,449.54,-0.00,-0.00,-0.00,0.00,0.00,-0.00,10.00
60663.00,-116.24,-17.18,-0.46,0.00,0.08,-1.98,0.00,-0.19,-363.00,-0.00,0.00,-0.00,0.00,0.00,-0.00,10.00
60673.00,-116.24,-17.18,-0.36,0.00,0.08,10.40,0.00,-0.19,1237.50,-0.00,0.00,-0.00,0.00,0.00,0.00,10.00
60692.00,-116.24,-17.18,-0.38,0.00,0.08,-1.38,0.00,-0.19,-619.61,-0.00,0.00,-0.00,-0.00,0.00,0.00,18.00
60710.00,-116.24,-17.18,-0.46,0.00,0.08,-4.44,0.00,-0.19,-170.47,-0.00,0.00,-0.00,0.00,0.00,-0.00,10.00
60720.00,-116.24,-17.18,-0.48,0.00,0.08,-1.76,0.00,-0.19,268.65,-0.00,0.00,-0.00,-0.00,0.00,-0.00,10.00
60730.00,-116.24,-17.18,-0.44,0.00,0.08,3.56,0.00,-0.19,531.44,-0.00,0.00,-0.00,0.00,0.00,0.00,10.00
60740.00,-116.24,-17.18,-0.39,0.00,0.08,5.35,0.00,-0.19,179.24,-0.00,0.00,-0.00,0.00,-0.00,-0.00,10.00
60750.00,-116.24,-17.18,-0.47,0.00,0.08,-7.64,0.00,-0.19,-1298.95,-0.00,0.00,-0.00,0.00,0.00,0.00,10.00
60760.00,-116.24,-17.18,-0.52,0.00,0.08,-4.87,0.00,-0.19,276.54,-0.00,0.00,-0.00,0.00,0.00,-0.00,10.00
60770.00,-116.24,-17.18,-0.47,0.00,0.08,4.48,0.00,-0.19,935.94,-0.00,0.00,-0.00,0.00,-0.00,-0.00,10.00
60780.00,-116.24,-17.18,-0.38,0.00,0.08,8.58,0.00,-0.19,409.16,-0.00,0.00,-0.00,-0.00,0.00,-0.00,10.00
60790.00,-116.24,-17.18,-0.35,0.00,0.08,3.52,0.00,-0.19,-505.65,-0.00,0.00,-0.00,0.00,-0.00,0.00,19.00
60814.00,-116.24,-17.18,-0.41,0.00,0.08,-2.33,0.00,-0.19,-243.84,-0.00,0.00,-0.00,-0.00,0.00,-0.00,10.00
60824.00,-116.24,-17.18,-0.39,0.00,0.08,1.59,0.00,-0.19,392.24,-0.00,0.00,-0.00,0.00,-0.00,0.00,10.00
60834.00,-116.25,-17.17,-0.38,-0.06,0.08,0.63,-0.28,0.02,-95.71,-0.00,0.00,-0.00,0.00,0.00,-0.00,10.00
60844.00,-116.25,-17.17,-0.40,-0.06,0.08,-2.12,-0.28,0.02,-275.29,-0.00,0.00,-0.00,-0.00,0.00,-0.00,10.00
60854.00,-116.25,-17.17,-0.56,-0.06,0.08,-15.56,-0.28,0.02,-1343.54,-0.00,0.00,-0.00,-0.00,0.00,-0.00,10.00
60864.00,-116.25,-17.17,-0.40,-0.06,0.08,15.90,-0.28,0.02,3145.74,-0.00,0.00,-0.00,-0.00,0.00,-0.00,10.00
60874.00,-116.25,-17.17,-0.42,-0.06,0.08,-1.71,-0.28,0.02,-1761.39,-0.00,0.00,-0.00,-0.00,-0.00,0.00,10.00
60884.00,-116.25,-17.17,-0.48,-0.06,0.08,-5.77,-0.28,0.02,-405.95,-0.00,0.00,-0.00,-0.00,-0.00,0.00,10.00
60894.00,-116.25,-17.17,-0.37,-0.06,0.08,10.47,-0.28,0.02,1623.78,-0.00,0.00,-0.00,0.00,-0.01,0.00,17.00
60911.00,-116.25,-17.17,-0.45,-0.06,0.08,-4.89,-0.28,0.02,-903.57,-0.00,-0.00,-0.00,0.00,-0.00,0.00,10.00
60926.00,-116.25,-17.17,-0.34,-0.06,0.08,7.69,-0.28,0.02,838.97,-0.00,-0.00,-0.00,-0.00,-0.00,0.00,10.00
60936.00,-116.25,-17.17,-0.41,-0.06,0.08,-7.40,-0.28,0.02,-1508.92,-0.00,-0.00,-0.00,0.00,-0.00,0.00,10.00
60946.00,-116.25,-17.17,-0.49,-0.06,0.08,-7.27,-0.28,0.02,12.64,-0.00,-0.00,-0.00,0.00,-0.00,0.00,10.00
60956.00,-116.25,-17.17,-0.46,-0.06,0.08,2.23,-0.28,0.02,950.15,-0.00,-0.00,-0.00,0.00,-0.00,0.00,10.00
60966.00,-116.25,-17.17,-0.37,-0.06,0.08,9.28,-0.28,0.02,704.62,-0.00,-0.00,-0.00,-0.00,-0.00,0.00,10.00
60976.00,-116.25,-17.17,-0.40,-0.06,0.08,-3.34,-0.28,0.02,-1261.41,-0.00,-0.00,-0.00,-0.00,-0.00,0.00,10.00
60986.00,-116.25,-17.17,-0.40,-0.06,0.08,0.82,-0.28,0.02,416.17,-0.00,-0.00,-0.00,0.00,0.00,0.00,10.00
60996.00,-116.25,-17.17,-0.31,-0.06,0.08,8.50,-0.28,0.02,767.72,-0.00,-0.00,-0.00,0.00,-0.00,0.00,16.00
61012.00,-116.25,-17.17,-0.43,-0.06,0.08,-7.16,-0.28,0.02,-978.58,-0.00,-0.00,-0.00,0.00,-0.00,0.00,10.00
61022.00,-116.25,-17.17,-0.39,-0.06,0.08,3.71,-0.28,0.02,1086.92,-0.00,-0.00,-0.00,0.00,-0.00,0.00,10.00
61037.00,-116.26,-17.16,-0.51,-0.05,0.04,-7.92,0.00,-0.19,-775.60,-0.00,-0.00,-0.00,0.00,0.00,0.00,10.00
61047.00,-116.26,-17.16,-0.36,-0.05,0.04,14.51,0.00,-0.19,2242.72,-0.00,-0.00,-0.00,0.00,0.00,0.00,10.00
61057.00,-116.26,-17.16,-0.42,-0.05,0.04,-6.27,0.00,-0.19,-2077.62,-0.00,-0.00,-0.00,0.00,0.00,-0.00,10.00
61067.00,-116.26,-17.16,-0.41,-0.05,0.04,1.76,0.00,-0.19,802.98,-0.00,-0.00,-0.00,0.00,0.00,0.00,10.00
61077.00,-116.26,-17.16,-0.54,-0.05,0.04,-13.76,0.00,-0.19,-1551.84,-0.00,-0.00,-0.00,0.00,0.00,-0.00,10.00
61087.00,-116.26,-17.16,-0.46,-0.05,0.04,7.96,0.00,-0.19,2171.71,-0.00,-0.00,-0.00,-0.00,-0.00,0.00,16.00
61103.00,-116.26,-17.16,-0.41,-0.05,0.04,3.58,0.00,-0.19,-273.87,-0.00,-0.00,-0.00,-0.00,-0.00,0.00,10.00
61113.00,-116.26,-17.16,-0.37,-0.05,0.04,3.61,0.00,-0.19,3.77,-0.00,-0.00,-0.00,-0.00,0.00,-0.00,10.00
61123.00,-116.26,-17.16,-0.43,-0.05,0.04,-6.03,0.00,-0.19,-963.98,-0.00,-0.00,-0.00,0.00,0.00,0.00,10.00
61133.00,-116.26,-17.16,-0.36,-0.05,0.04,7.28,0.00,-0.19,1330.92,-0.00,-0.00,-0.00,0.00,0.00,0.00,10.00
61148.00,-116.26,-17.16,-0.38,-0.05,0.04,-1.46,0.00,-0.19,-583.07,-0.00,-0.00,-0.00,0.00,0.00,0.00,10.00
61158.00,-116.26,-17.16,-0.38,-0.05,0.04,0.34,0.00,-0.19,180.02,-0.00,-0.00,-0.00,0.00,0.00,-0.00,10.00
61168.00,-116.26,-17.16,-0.46,-0.05,0.04,-8.19,0.00,-0.19,-852.46,-0.00,-0.00,-0.00,-0.00,0.00,0.00,10.00
61178.00,-116.26,-17.16,-0.44,-0.05,0.04,2.07,0.00,-0.19,1026.11,-0.00,-0.00,-0.00,-0.00,-0.00,0.00,10.00
61188.00,-116.26,-17.16,-0.51,-0.05,0.04,-7.59,0.00,-0.19,-966.01,-0.00,-0.00,-0.00,0.00,0.00,-0.00,10.00
61198.00,-116.26,-17.16,-0.39,-0.05,0.04,12.69,0.00,-0.19,2027.52,-0.00,-0.00,-0.00,0.00,0.00,0.00,15.00
61213.00,-116.26,-17.16,-0.45,-0.05,0.04,-4.03,0.00,-0.19,-1114.27,-0.00,-0.00,-0.00,-0.00,0.00,0.00,10.00
61223.00,-116.26,-17.16,-0.40,-0.05,0.04,4.39,0.00,-0.19,841.60,-0.00,-0.00,-0.00,-0.00,0.00,-0.00,10.00
61233.00,-116.26,-17.16,-0.45,-0.05,0.04,-4.29,0.00,-0.19,-867.60,-0.00,-0.00,-0.00,0.00,-0.00,-0.00,10.00
61243.00,-116.26,-17.13,-0.32,0.00,0.15,13.13,0.27,0.52,1741.63,-0.00,-0.00,-0.00,0.00,0.00,0.00,10.00
61258.00,-116.26,-17.13,-0.34,0.00,0.15,-1.38,0.27,0.52,-967.38,-0.00,-0.00,-0.00,-0.00,0.00,0.00,10.00
61268.00,-116.26,-17.13,-0.39,0.00,0.15,-5.25,0.27,0.52,-387.19,-0.00,-0.00,-0.00,0.00,0.00,0.00,10.00
61278.00,-116.26,-17.13,-0.32,0.00,0.15,6.43,0.27,0.52,1167.95,-0.00,-0.00,-0.00,0.00,0.00,0.00,10.00
61288.00,-116.26,-17.13,-0.45,0.00,0.15,-12.92,0.27,0.52,-1935.17,-0.00,-0.00,-0.00,0.00,0.00,0.00,10.00
61298.00,-116.26,-17.13,-0.33,0.00,0.15,12.14,0.27,0.52,2506.86,-0.00,-0.00,-0.00,-0.00,-0.00,0.00,16.00
61314.00,-116.26,-17.13,-0.44,0.00,0.15,-6.78,0.27,0.52,-1182.89,-0.00,-0.00,-0.00,-0.00,-0.00,0.00,10.00
61324.00,-116.26,-17.13,-0.40,0.00,0.15,3.75,0.27,0.52,1053.04,-0.00,-0.00,-0.00,-0.00,-0.00,0.00,10.00
61334.00,-116.26,-17.13,-0.42,0.00,0.15,-1.86,0.27,0.52,-560.41,-0.00,-0.00,-0.00,0.00,-0.00,0.00,10.00
61344.00,-116.26,-17.13,-0.45,0.00,0.15,-3.00,0.27,0.52,-114.65,-0.00,-0.00,-0.00,-0.00,0.00,0.00,10.00
61354.00,-116.26,-17.13,-0.43,0.00,0.15,2.09,0.27,0.52,508.89,-0.00,-0.00,-0.00,-0.00,0.00,-0.00,10.00
61369.00,-116.26,-17.13,-0.43,0.00,0.15,-0.06,0.27,0.52,-143.22,-0.00,0.00,-0.00,-0.00,0.01,-0.00,10.00
61379.00,-116.26,-17.13,-0.36,0.00,0.15,7.02,0.27,0.52,708.34,-0.00,0.00,-0.00,-0.00,0.00,0.00,10.00
61389.00,-116.26,-17.13,-0.44,0.00,0.15,-7.67,0.27,0.52,-1469.19,-0.00,0.00,-0.00,0.00,0.00,-0.00,16.00
61405.00,-116.26,-17.13,-0.43,0.00,0.15,0.35,0.27,0.52,501.28,-0.00,0.00,-0.00,-0.00,-0.00,-0.00,10.00
61415.00,-116.26,-17.13,-0.30,0.00,0.15,13.46,0.27,0.52,1310.94,-0.00,0.00,-0.00,-0.00,-0.00,-0.00,10.00
61425.00,-116.26,-17.13,-0.38,0.00,0.15,-8.51,0.27,0.52,-2196.60,-0.00,0.00,-0.00,-0.00,-0.00,-0.00,10.00
61435.00,-116.26,-17.13,-0.44,0.00,0.15,-5.33,0.27,0.52,317.35,-0.00,0.00,-0.00,-0.00,0.00,0.00,10.00
61445.00,-116.26,-17.10,-0.41,0.00,0.15,2.99,0.00,0.01,832.10,-0.00,0.00,-0.00,0.00,-0.00,-0.00,10.00
61455.00,-116.26,-17.10,-0.41,0.00,0.15,-0.25,0.00,0.01,-323.97,-0.00,0.00,-0.00,0.00,-0.00,-0.00,10.00
61465.00,-116.26,-17.10,-0.45,0.00,0.15,-3.57,0.00,0.01,-331.72,-0.00,-0.00,-0.00,-0.00,-0.00,0.00,10.00
61480.00,-116.26,-17.10,-0.36,0.00,0.15,5.49,0.00,0.01,604.05,-0.00,-0.00,-0.00,-0.00,-0.00,-0.00,10.00
61490.00,-116.26,-17.10,-0.38,0.00,0.15,-1.34,0.00,0.01,-683.14,-0.00,-0.00,-0.00,-0.00,-0.00,-0.00,16.00
61506.00,-116.26,-17.10,-0.43,0.00,0.15,-3.08,0.00,0.01,-108.83,-0.00,-0.00,-0.00,0.00,-0.00,-0.00,10.00
61516.00,-116.26,-17.10,-0.53,0.00,0.15,-10.25,0.00,0.01,-716.69,-0.00,-0.00,-0.00,-0.00,-0.00,-0.00,10.00
61526.00,-116.26,-17.10,-0.38,0.00,0.15,14.79,0.00,0.01,2503.59,-0.00,-0.00,-0.00,0.00,-0.01,0.00,10.00
61536.00,-116.26,-17.10,-0.45,0.00,0.15,-7.10,0.00,0.01,-2188.73,-0.00,-0.00,-0.00,-0.00,-0.01,0.00,10.00
61546.00,-116.26,-17.10,-0.45,0.00,0.15,0.60,0.00,0.01,769.67,-0.00,-0.00,-0.00,-0.00,-0.01,0.00,10.00
61556.00,-116.26,-17.10,-0.46,0.00,0.15,-1.69,0.00,0.01,-228.99,-0.00,-0.00,-0.00,0.00,-0.00,-0.00,10.00
61566.00,-116.26,-17.10,-0.33,0.00,0.15,13.43,0.00,0.01,1512.11,-0.00,-0.00,-0.00,0.00,-0.00,-0.00,10.00
61576.00,-116.26,-17.10,-0.38,0.00,0.15,-5.52,0.00,0.01,-1894.68,-0.00,-0.00,-0.00,-0.00,0.00,0.00,10.00
61596.00,-116.26,-17.10,-0.46,0.00,0.15,-3.89,0.00,0.01,81.50,-0.00,-0.00,-0.00,0.00,-0.00,-0.00,17.00
61613.00,-116.26,-17.10,-0.44,0.00,0.15,1.11,0.00,0.01,293.83,-0.00,-0.00,-0.00,0.00,0.00,-0.00,10.00
61623.00,-116.26,-17.10,-0.45,0.00,0.15,-1.26,0.00,0.01,-236.89,-0.00,-0.00,-0.00,0.00,-0.01,0.00,10.00
61633.00,-116.26,-17.10,-0.48,0.00,0.15,-2.86,0.00,0.01,-159.73,-0.00,-0.00,-0.00,-0.00,-0.00,0.00,10.00
61643.00,-116.26,-17.10,-0.32,0.00,0.15,16.51,0.00,0.01,1937.05,-0.00,-0.00,-0.00,0.00,-0.00,0.00,10.00
61653.00,-116.26,-17.07,-0.35,0.00,0.15,-3.14,0.00,-0.02,-1965.39,-0.00,-0.00,-0.00,0.00,-0.00,0.00,10.00
61663.00,-116.26,-17.07,-0.38,0.00,0.15,-3.40,0.00,-0.02,-25.38,-0.00,-0.00,-0.00,0.00,0.00,0.00,10.00
61673.00,-116.26,-17.07,-0.46,0.00,0.15,-8.03,0.00,-0.02,-463.03,-0.00,-0.00,-0.00,0.00,-0.00,-0.00,10.00
61683.00,-116.26,-17.07,-0.32,0.00,0.15,14.77,0.00,-0.02,2279.87,-0.00,-0.00,-0.00,0.00,0.00,-0.00,10.00
61693.00,-116.26,-17.07,-0.43,0.00,0.15,-11.80,0.00,-0.02,-2656.98,-0.00,-0.00,-0.00,0.00,-0.00,0.00,17.00
61716.00,-116.26,-17.07,-0.40,0.00,0.15,1.57,0.00,-0.02,580.99,-0.00,-0.00,-0.00,0.00,0.00,-0.00,10.00
61726.00,-116.26,-17.07,-0.43,0.00,0.15,-2.76,0.00,-0.02,-432.49,-0.00,-0.00,-0.00,0.00,-0.00,-0.00,10.00
61736.00,-116.26,-17.07,-0.42,0.00,0.15,0.28,0.00,-0.02,303.69,-0.00,-0.00,-0.00,0.00,-0.01,0.00,10.00
61746.00,-116.26,-17.07,-0.42,0.00,0.15,0.44,0.00,-0.02,15.93,-0.00,-0.00,-0.00,-0.00,-0.00,0.00,10.00
61756.00,-116.26,-17.07,-0.34,0.00,0.15,7.81,0.00,-0.02,737.35,-0.00,-0.00,-0.00,-0.00,-0.00,-0.00,10.00
61766.00,-116.26,-17.07,-0.39,0.00,0.15,-5.36,0.00,-0.02,-1316.76,-0.00,-0.00,-0.00,0.00,0.00,-0.00,10.00
61776.00,-116.26,-17.07,-0.38,0.00,0.15,1.09,0.00,-0.02,645.05,-0.00,-0.00,-0.00,0.00,-0.00,-0.00,10.00
61786.00,-116.26,-17.07,-0.47,0.00,0.15,-8.75,0.00,-0.02,-983.95,-0.00,-0.00,-0.00,0.00,-0.00,-0.00,18.00
61804.00,-116.26,-17.07,-0.41,0.00,0.15,3.36,0.00,-0.02,672.74,-0.00,-0.00,-0.00,-0.00,-0.00,0.00,10.00
61814.00,-116.26,-17.07,-0.44,0.00,0.15,-2.73,0.00,-0.02,-609.14,-0.00,-0.00,-0.00,0.00,-0.00,-0.00,10.00
61829.00,-116.26,-17.07,-0.47,0.00,0.15,-2.49,0.00,-0.02,16.18,-0.00,-0.00,-0.00,0.00,-0.00,0.00,10.00
61839.00,-116.26,-17.07,-0.32,0.00,0.15,15.46,0.00,-0.02,1794.93,-0.00,-0.00,-0.00,0.00,0.00,0.00,10.00
61849.00,-116.26,-17.07,-0.36,0.00,0.15,-4.47,0.00,-0.02,-1993.47,-0.00,-0.00,-0.00,-0.00,-0.00,0.00,10.00
61859.00,-116.26,-17.06,-0.41,0.00,0.04,-4.25,0.00,-0.53,22.12,-0.00,-0.00,-0.00,-0.00,0.00,-0.00,10.00
61869.00,-116.26,-17.06,-0.39,0.00,0.04,2.18,0.00,-0.53,642.59,-0.00,-0.00,-0.00,-0.00,0.00,-0.00,10.00
61879.00,-116.26,-17.06,-0.39,0.00,0.04,-0.19,0.00,-0.53,-236.13,-0.00,-0.00,-0.00,-0.00,0.00,-0.00,10.00
61889.00,-116.26,-17.06,-0.42,0.00,0.04,-3.55,0.00,-0.53,-336.92,-0.00,-0.00,-0.00,0.00,0.00,-0.00,10.00
61899.00,-116.26,-17.06,-0.34,0.00,0.04,8.30,0.00,-0.53,1185.36,-0.00,-0.00,-0.00,-0.00,0.00,-0.00,16.00
61915.00,-116.26,-17.06,-0.39,0.00,0.04,-3.01,0.00,-0.53,-707.01,-0.00,-0.00,-0.00,0.00,0.00,0.00,10.00
61925.00,-116.26,-17.06,-0.40,0.00,0.04,-0.98,0.00,-0.53,203.77,-0.00,-0.00,-0.00,0.00,0.00,0.00,10.00
61940.00,-116.26,-17.06,-0.38,0.00,0.04,0.96,0.00,-0.53,129.09,-0.00,-0.00,-0.00,0.00,0.00,0.00,10.00
61950.00,-116.26,-17.06,-0.42,0.00,0.04,-3.79,0.00,-0.53,-475.06,-0.00,-0.00,-0.00,0.00,-0.00,-0.00,10.00
61960.00,-116.26,-17.06,-0.44,0.00,0.04,-1.77,0.00,-0.53,202.17,-0.00,-0.00,-0.00,-0.00,-0.00,-0.00,10.00
61970.00,-116.26,-17.06,-0.38,0.00,0.04,5.44,0.00,-0.53,721.20,-0.00,-0.00,-0.00,-0.00,-0.00,-0.00,10.00
61980.00,-116.26,-17.06,-0.32,0.00,0.04,6.41,0.00,-0.53,96.88,-0.00,-0.00,-0.00,-0.00,-0.00,0.00,10.00
61990.00,-116.26,-17.06,-0.37,0.00,0.04,-5.12,0.00,-0.53,-1153.68,-0.00,-0.00,-0.00,0.00,0.00,-0.00,10.00
62000.00,-116.26,-17.06,-0.54,0.00,0.04,-17.12,0.00,-0.53,-1199.16,-0.00,-0.00,-0.00,0.00,0.00,-0.00,16.00
62016.00,-116.26,-17.06,-0.36,0.00,0.04,11.69,0.00,-0.53,1800.06,-0.00,-0.00,-0.00,-0.00,0.00,0.00,10.00
62026.00,-116.26,-17.06,-0.42,0.00,0.04,-6.32,0.00,-0.53,-1800.47,-0.00,-0.00,-0.00,0.00,0.00,0.00,10.00
62036.00,-116.26,-17.06,-0.38,0.00,0.04,4.33,0.00,-0.53,1065.15,-0.00,-0.00,-0.00,-0.00,0.00,0.00,10.00
62051.00,-116.26,-17.06,-0.42,0.00,0.04,-3.11,0.00,-0.53,-495.94,-0.00,-0.00,-0.00,0.00,0.00,0.00,10.00
62061.00,-116.26,-17.04,-0.38,0.00,0.08,4.07,0.00,0.19,717.54,-0.00,-0.00,-0.00,-0.00,-0.00,-0.00,10.00
62071.00,-116.26,-17.04,-0.33,0.00,0.08,5.40,0.00,0.19,132.75,-0.00,-0.00,-0.00,0.00,0.00,0.00,10.00
62081.00,-116.26,-17.04,-0.37,0.00,0.08,-4.44,0.00,0.19,-983.35,-0.00,-0.00,-0.00,-0.00,0.00,0.00,10.00
62091.00,-116.26,-17.04,-0.47,0.00,0.08,-9.77,0.00,0.19,-533.24,-0.00,-0.00,-0.00,0.00,0.00,0.00,10.00
62101.00,-116.26,-17.04,-0.45,0.00,0.08,1.64,0.00,0.19,1141.27,-0.00,-0.00,-0.00,0.00,0.00,0.00,16.00
62117.00,-116.26,-17.04,-0.44,0.00,0.08,0.54,0.00,0.19,-68.64,-0.00,-0.00,-0.00,0.00,-0.00,-0.00,10.00
62127.00,-116.26,-17.04,-0.44,0.00,0.08,0.01,0.00,0.19,-53.24,-0.00,-0.00,-0.00,0.00,-0.00,-0.00,10.00
62137.00,-116.26,-17.04,-0.43,0.00,0.08,1.28,0.00,0.19,126.90,-0.00,-0.00,-0.00,0.00,0.00,-0.00,10.00
62147.00,-116.26,-17.04,-0.53,0.00,0.08,-9.70,0.00,0.19,-1097.79,-0.00,-0.00,-0.00,-0.00,0.00,-0.00,10.00
62162.00,-116.26,-17.04,-0.44,0.00,0.08,5.70,0.00,0.19,1026.56,-0.00,-0.00,-0.00,-0.00,-0.00,0.00,10.00
62172.00,-116.26,-17.04,-0.47,0.00,0.08,-2.72,0.00,0.19,-842.32,-0.00,-0.00,-0.00,0.00,0.00,0.00,10.00
62182.00,-116.26,-17.04,-0.41,0.00,0.08,5.70,0.00,0.19,842.29,-0.00,-0.00,-0.00,-0.00,-0.00,-0.00,16.00
62198.00,-116.26,-17.04,-0.40,0.00,0.08,1.06,0.00,0.19,-290.17,-0.00,-0.00,-0.00,-0.00,0.00,-0.00,10.00
62208.00,-116.26,-17.04,-0.44,0.00,0.08,-4.71,0.00,0.19,-576.50,-0.00,-0.00,-0.00,-0.00,0.00,-0.00,10.00
62218.00,-116.26,-17.04,-0.41,0.00,0.08,3.49,0.00,0.19,819.52,-0.00,-0.00,-0.00,0.00,0.00,-0.00,10.00
62228.00,-116.26,-17.04,-0.38,0.00,0.08,2.77,0.00,0.19,-71.52,-0.00,-0.00,-0.00,0.00,0.00,-0.00,10.00
62238.00,-116.26,-17.04,-0.46,0.00,0.08,-8.41,0.00,0.19,-1117.98,-0.00,-0.00,-0.00,0.00,0.00,-0.00,10.00
62248.00,-116.26,-17.04,-0.43,0.00,0.08,3.45,0.00,0.19,1185.14,-0.00,-0.00,-0.00,0.00,-0.00,-0.00,10.00
62258.00,-116.26,-17.04,-0.41,0.00,0.08,1.55,0.00,0.19,-189.91,-0.00,-0.00,-0.00,0.00,0.00,-0.00,10.00
62273.00,-116.27,-16.99,-0.39,-0.05,0.26,1.54,-0.25,0.86,-0.12,-0.00,-0.00,-0.00,-0.00,-0.00,0.00,10.00
62283.00,-116.27,-16.99,-0.43,-0.05,0.26,-4.05,-0.25,0.86,-558.97,-0.00,-0.00,-0.00,-0.00,-0.00,-0.00,10.00
62293.00,-116.27,-16.99,-0.46,-0.05,0.26,-2.77,-0.25,0.86,127.89,-0.00,-0.00,-0.00,0.00,-0.00,0.00,10.00
62303.00,-116.27,-16.99,-0.46,-0.05,0.26,0.00,-0.25,0.86,276.63,-0.00,-0.00,-0.00,-0.00,0.00,0.00,10.00
62313.00,-116.27,-16.99,-0.31,-0.05,0.26,15.18,-0.25,0.86,1518.34,-0.00,-0.00,-0.00,-0.00,0.00,-0.00,16.00
62329.00,-116.27,-16.99,-0.43,-0.05,0.26,-7.83,-0.25,0.86,-1438.62,-0.00,-0.00,-0.00,-0.00,-0.00,0.00,10.00
62339.00,-116.27,-16.99,-0.49,-0.05,0.26,-6.13,-0.25,0.86,170.82,-0.00,-0.00,-0.00,-0.00,-0.00,-0.00,10.00
62349.00,-116.27,-16.99,-0.40,-0.05,0.26,9.87,-0.25,0.86,1599.25,-0.00,-0.00,-0.00,-0.00,0.00,0.00,10.00
62359.00,-116.27,-16.99,-0.37,-0.05,0.26,2.55,-0.25,0.86,-731.36,-0.00,-0.00,-0.00,-0.00,0.00,0.00,10.00
62369.00,-116.27,-16.99,-0.45,-0.05,0.26,-7.54,-0.25,0.86,-1009.63,-0.00,-0.00,-0.00,0.00,-0.00,0.00,10.00
62384.00,-116.27,-16.99,-0.33,-0.05,0.26,7.57,-0.25,0.86,1007.53,-0.00,-0.00,-0.00,0.00,0.00,0.00,16.00
62400.00,-116.27,-16.99,-0.41,-0.05,0.26,-4.71,-0.25,0.86,-767.66,-0.00,-0.00,-0.00,-0.00,0.00,-0.00,10.00
62410.00,-116.27,-16.99,-0.32,-0.05,0.26,8.62,-0.25,0.86,1333.52,-0.00,-0.00,-0.00,-0.00,-0.00,0.00,10.00
62420.00,-116.27,-16.99,-0.35,-0.05,0.26,-2.56,-0.25,0.86,-1118.37,-0.00,-0.00,-0.00,-0.00,0.00,0.00,10.00
62430.00,-116.27,-16.99,-0.37,-0.05,0.26,-2.57,-0.25,0.86,-0.90,-0.00,-0.00,-0.00,0.00,0.00,0.00,10.00
62440.00,-116.27,-16.99,-0.46,-0.05,0.26,-8.41,-0.25,0.86,-583.44,-0.00,-0.00,-0.00,-0.00,-0.00,-0.00,10.00
62450.00,-116.27,-16.99,-0.42,-0.05,0.26,3.43,-0.25,0.86,1183.09,-0.00,-0.00,-0.00,-0.00,-0.00,0.00,10.00
62460.00,-116.27,-16.99,-0.41,-0.05,0.26,1.04,-0.25,0.86,-238.94,-0.00,-0.00,-0.00,-0.00,0.00,0.00,10.00
62470.00,-116.27,-16.99,-0.40,-0.05,0.26,1.27,-0.25,0.86,23.37,-0.00,-0.00,-0.00,0.00,0.00,0.00,10.00
62480.00,-116.27,-16.95,-0.38,0.00,0.19,1.50,0.25,-0.35,22.93,-0.00,-0.00,-0.00,-0.00,0.00,0.00,10.00
62499.00,-116.27,-16.95,-0.40,0.00,0.19,-1.08,0.25,-0.35,-135.79,-0.00,-0.00,-0.00,-0.00,-0.00,0.00,18.00
62517.00,-116.27,-16.95,-0.44,0.00,0.19,-2.18,0.25,-0.35,-60.80,-0.00,-0.00,-0.00,-0.00,0.00,0.00,10.00
62527.00,-116.27,-16.95,-0.41,0.00,0.19,2.92,0.25,-0.35,509.46,-0.00,-0.00,-0.00,0.00,-0.00,-0.00,10.00
62537.00,-116.27,-16.95,-0.55,0.00,0.19,-13.80,0.25,-0.35,-1671.74,-0.00,-0.00,-0.00,-0.00,0.00,-0.00,10.00
62547.00,-116.27,-16.95,-0.49,0.00,0.19,6.20,0.25,-0.35,2000.11,-0.00,-0.00,-0.00,0.00,-0.00,-0.00,10.00
62557.00,-116.27,-16.95,-0.38,0.00,0.19,11.36,0.25,-0.35,515.42,-0.00,-0.00,-0.00,-0.00,0.00,0.00,10.00
62567.00,-116.27,-16.95,-0.44,0.00,0.19,-6.72,0.25,-0.35,-1808.20,-0.00,-0.00,-0.00,0.00,0.00,0.00,10.00
62577.00,-116.27,-16.95,-0.37,0.00,0.19,7.84,0.25,-0.35,1456.22,-0.00,-0.00,-0.00,-0.00,-0.00,0.00,10.00
62587.00,-116.27,-16.95,-0.44,0.00,0.19,-7.42,0.25,-0.35,-1526.09,-0.00,-0.00,-0.00,-0.00,-0.00,0.00,17.00
62604.00,-116.27,-16.95,-0.47,0.00,0.19,-1.89,0.25,-0.35,325.65,-0.00,-0.00,-0.00,0.00,-0.00,-0.00,10.00
62619.00,-116.27,-16.95,-0.40,0.00,0.19,4.58,0.25,-0.35,431.32,-0.00,-0.00,-0.00,0.00,-0.00,0.00,10.00
62629.00,-116.27,-16.95,-0.39,0.00,0.19,1.23,0.25,-0.35,-334.96,-0.00,-0.00,-0.00,0.00,-0.00,0.00,10.00
62639.00,-116.27,-16.95,-0.39,0.00,0.19,0.26,0.25,-0.35,-97.71,-0.00,-0.00,-0.00,-0.00,-0.00,-0.00,10.00
62649.00,-116.27,-16.95,-0.43,0.00,0.19,-4.19,0.25,-0.35,-444.97,-0.00,-0.00,-0.00,0.00,0.00,-0.00,10.00
62659.00,-116.27,-16.95,-0.42,0.00,0.19,0.86,0.25,-0.35,505.63,-0.00,-0.00,-0.00,0.00,0.01,0.00,10.00
62669.00,-116.27,-16.95,-0.49,0.00,0.19,-6.44,0.25,-0.35,-730.67,-0.00,-0.00,-0.00,-0.00,0.00,0.00,10.00
62679.00,-116.27,-16.95,-0.39,0.00,0.19,9.22,0.25,-0.35,1566.07,-0.00,-0.00,-0.00,-0.00,0.00,0.00,10.00
62689.00,-116.27,-16.90,-0.37,0.00,0.22,2.55,0.00,0.17,-666.45,-0.00,-0.00,-0.00,0.00,0.00,0.00,18.00
62707.00,-116.27,-16.90,-0.42,0.00,0.22,-2.83,0.00,0.17,-299.18,-0.00,-0.00,-0.00,0.00,-0.00,0.00,10.00
62717.00,-116.27,-16.90,-0.48,0.00,0.22,-6.38,0.00,0.17,-354.24,-0.00,-0.00,-0.00,0.00,0.00,-0.00,10.00
62732.00,-116.27,-16.90,-0.38,0.00,0.22,7.04,0.00,0.17,894.48,-0.00,-0.00,-0.00,-0.00,0.00,0.00,10.00
62742.00,-116.27,-16.90,-0.34,0.00,0.22,3.72,0.00,0.17,-331.83,-0.00,-0.00,-0.00,0.00,0.00,0.00,10.00
62752.00,-116.27,-16.90,-0.41,0.00,0.22,-7.03,0.00,0.17,-1075.22,-0.00,-0.00,-0.00,-0.00,0.00,0.00,10.00
62762.00,-116.27,-16.90,-0.36,0.00,0.22,5.17,0.00,0.17,1220.30,-0.00,-0.00,-0.00,-0.00,0.00,0.00,10.00
62772.00,-116.27,-16.90,-0.41,0.00,0.22,-4.72,0.00,0.17,-989.62,-0.00,-0.00,-0.00,0.00,-0.00,0.00,10.00
62782.00,-116.27,-16.90,-0.40,0.00,0.22,0.23,0.00,0.17,495.22,-0.00,-0.00,-0.00,-0.00,-0.00,0.00,10.00
62792.00,-116.27,-16.90,-0.35,0.00,0.22,5.33,0.00,0.17,510.39,-0.00,-0.00,-0.00,-0.00,0.00,0.00,10.00
62802.00,-116.27,-16.90,-0.38,0.00,0.22,-2.59,0.00,0.17,-792.28,-0.00,-0.00,-0.00,0.00,0.00,0.00,16.00
62818.00,-116.27,-16.90,-0.48,0.00,0.22,-6.36,0.00,0.17,-235.43,-0.00,-0.00,-0.00,0.00,0.00,0.00,10.00
62828.00,-116.27,-16.90,-0.44,0.00,0.22,4.07,0.00,0.17,1042.95,-0.00,-0.00,-0.00,0.00,0.00,-0.00,10.00
62843.00,-116.27,-16.90,-0.47,0.00,0.22,-1.89,0.00,0.17,-397.57,-0.00,-0.00,-0.00,0.00,0.00,0.00,10.00
62853.00,-116.27,-16.90,-0.42,0.00,0.22,4.98,0.00,0.17,686.87,-0.00,-0.00,-0.00,0.00,-0.00,0.00,10.00
62863.00,-116.27,-16.90,-0.40,0.00,0.22,1.53,0.00,0.17,-344.59,-0.00,-0.00,-0.00,-0.00,0.00,0.00,10.00
62873.00,-116.27,-16.90,-0.35,0.00,0.22,5.53,0.00,0.17,399.59,-0.00,-0.00,-0.00,-0.00,0.00,-0.00,10.00
62883.00,-116.27,-16.90,-0.40,0.00,0.22,-5.86,0.00,0.17,-1138.71,-0.00,-0.00,-0.00,0.00,0.00,-0.00,10.00
62893.00,-116.27,-16.87,-0.44,0.00,0.15,-3.71,0.00,-0.34,214.80,-0.00,-0.00,-0.00,-0.00,0.00,0.00,16.00
62909.00,-116.27,-16.87,-0.38,0.00,0.15,3.61,0.00,-0.34,457.23,-0.00,-0.00,-0.00,0.00,0.00,0.00,10.00
62919.00,-116.27,-16.87,-0.53,0.00,0.15,-14.37,0.00,-0.34,-1797.13,-0.00,-0.00,-0.00,0.00,0.00,-0.00,10.00
62929.00,-116.27,-16.87,-0.46,0.00,0.15,6.99,0.00,-0.34,2135.30,-0.00,-0.00,-0.00,-0.00,0.00,0.00,10.00
62939.00,-116.27,-16.87,-0.43,0.00,0.15,2.45,0.00,-0.34,-453.76,-0.00,-0.00,-0.00,0.00,-0.00,0.00,10.00
62954.00,-116.27,-16.87,-0.36,0.00,0.15,4.62,0.00,-0.34,144.39,-0.00,-0.00,-0.00,-0.00,0.00,0.00,10.00
62964.00,-116.27,-16.87,-0.41,0.00,0.15,-4.21,0.00,-0.34,-882.52,-0.00,-0.00,-0.00,-0.00,-0.00,0.00,10.00
62974.00,-116.27,-16.87,-0.31,0.00,0.15,9.69,0.00,-0.34,1390.49,-0.00,-0.00,-0.00,-0.00,-0.00,0.00,10.00
62984.00,-116.27,-16.87,-0.34,0.00,0.15,-2.62,0.00,-0.34,-1231.98,-0.00,-0.00,-0.00,0.00,-0.00,0.00,16.00
63000.00,-116.27,-16.87,-0.54,0.00,0.15,-12.71,0.00,-0.34,-630.21,-0.00,-0.00,-0.00,-0.00,-0.00,0.00,10.00
63010.00,-116.27,-16.87,-0.44,0.00,0.15,9.50,0.00,-0.34,2220.90,-0.00,-0.00,-0.00,-0.00,-0.00,0.00,10.00
63020.00,-116.27,-16.87,-0.39,0.00,0.15,5.70,0.00,-0.34,-380.22,-0.00,-0.00,-0.00,-0.00,-0.00,0.00,10.00
63030.00,-116.27,-16.87,-0.45,0.00,0.15,-6.30,0.00,-0.34,-1200.30,-0.00,-0.00,-0.00,-0.00,0.00,0.00,10.00
63040.00,-116.27,-16.87,-0.45,0.00,0.15,0.29,0.00,-0.34,659.66,-0.00,-0.00,-0.00,0.00,0.00,0.00,10.00
63050.00,-116.27,-16.87,-0.40,0.00,0.15,4.90,0.00,-0.34,460.38,-0.00,-0.00,-0.00,0.00,0.00,-0.00,10.00
63065.00,-116.27,-16.87,-0.34,0.00,0.15,3.78,0.00,-0.34,-74.68,-0.00,-0.00,-0.00,-0.00,-0.00,0.00,10.00
63075.00,-116.27,-16.87,-0.36,0.00,0.15,-1.78,0.00,-0.34,-555.18,-0.00,-0.00,-0.00,-0.00,0.00,-0.00,10.00
63085.00,-116.27,-16.87,-0.40,0.00,0.15,-3.93,0.00,-0.34,-215.76,-0.00,-0.00,-0.00,0.00,0.00,-0.00,16.00
63101.00,-116.28,-16.84,-0.33,-0.05,0.15,4.20,-0.26,0.01,508.25,-0.00,-0.00,-0.00,0.00,0.00,0.00,10.00
63111.00,-116.28,-16.84,-0.45,-0.05,0.15,-11.41,-0.26,0.01,-1560.67,-0.00,-0.00,-0.00,0.00,0.00,0.00,10.00
63121.00,-116.28,-16.84,-0.42,-0.05,0.15,2.26,-0.26,0.01,1366.99,-0.00,-0.00,-0.00,-0.00,-0.00,0.00,10.00
63131.00,-116.28,-16.84,-0.38,-0.05,0.15,3.97,-0.26,0.01,170.74,-0.00,-0.00,-0.00,0.00,-0.00,0.00,10.00
63141.00,-116.28,-16.84,-0.43,-0.05,0.15,-5.11,-0.26,0.01,-907.51,-0.00,-0.00,-0.00,0.00,-0.00,0.00,10.00
63151.00,-116.28,-16.84,-0.47,-0.05,0.15,-3.55,-0.26,0.01,155.46,-0.00,-0.00,-0.00,0.00,-0.00,0.00,10.00
63161.00,-116.28,-16.84,-0.42,-0.05,0.15,4.64,-0.26,0.01,819.16,-0.00,-0.00,-0.00,-0.00,-0.00,0.00,10.00
63176.00,-116.28,-16.84,-0.43,-0.05,0.15,-0.25,-0.26,0.01,-326.03,-0.00,-0.00,-0.00,-0.00,-0.00,0.00,10.00
63186.00,-116.28,-16.84,-0.46,-0.05,0.15,-3.53,-0.26,0.01,-328.16,-0.00,-0.00,-0.00,0.00,-0.00,-0.00,16.00
63202.00,-116.28,-16.84,-0.34,-0.05,0.15,7.92,-0.26,0.01,715.58,-0.00,-0.00,-0.00,0.00,0.00,0.00,10.00
63212.00,-116.28,-16.84,-0.41,-0.05,0.15,-7.92,-0.26,0.01,-1583.92,-0.00,-0.00,-0.00,-0.00,-0.00,0.00,10.00
63222.00,-116.28,-16.84,-0.41,-0.05,0.15,0.01,-0.26,0.01,792.89,-0.00,-0.00,-0.00,-0.00,-0.00,0.00,10.00
63232.00,-116.28,-16.84,-0.45,-0.05,0.15,-3.30,-0.26,0.01,-330.60,-0.00,-0.00,-0.00,-0.00,-0.00,0.00,10.00
63242.00,-116.28,-16.84,-0.36,-0.05,0.15,8.25,-0.26,0.01,1154.80,-0.00,-0.00,-0.00,-0.00,-0.00,0.00,10.00
63252.00,-116.28,-16.84,-0.42,-0.05,0.15,-5.11,-0.26,0.01,-1335.56,-0.00,-0.00,-0.00,-0.00,-0.00,0.00,10.00
63262.00,-116.28,-16.84,-0.39,-0.05,0.15,3.04,-0.26,0.01,814.95,-0.00,-0.00,-0.00,-0.00,-0.01,0.00,10.00
63272.00,-116.28,-16.84,-0.39,-0.05,0.15,-0.69,-0.26,0.01,-373.76,-0.00,-0.00,-0.00,-0.00,-0.01,-0.00,10.00
63286.00,-116.28,-16.84,-0.46,-0.05,0.15,-4.76,-0.26,0.01,-290.41,-0.00,-0.00,-0.00,0.00,0.00,0.00,16.00
63302.00,-116.28,-16.80,-0.41,0.00,0.23,2.80,0.27,0.38,472.57,-0.00,-0.00,-0.00,0.00,-0.00,0.00,10.00
63312.00,-116.28,-16.80,-0.44,0.00,0.23,-2.56,0.27,0.38,-536.41,-0.00,-0.00,-0.00,0.00,0.00,0.00,10.00
63322.00,-116.28,-16.80,-0.50,0.00,0.23,-6.30,0.27,0.38,-373.39,-0.00,-0.00,-0.00,0.00,0.00,0.00,10.00
63332.00,-116.28,-16.80,-0.34,0.00,0.23,16.54,0.27,0.38,2284.00,-0.00,-0.00,-0.00,-0.00,0.00,0.00,10.00
63342.00,-116.28,-16.80,-0.45,0.00,0.23,-11.08,0.27,0.38,-2762.13,-0.00,-0.00,-0.00,0.00,0.00,0.00,10.00
63352.00,-116.28,-16.80,-0.40,0.00,0.23,4.67,0.27,0.38,1575.12,-0.00,-0.00,-0.00,-0.00,-0.00,0.00,10.00
63362.00,-116.28,-16.80,-0.36,0.00,0.23,4.54,0.27,0.38,-13.18,-0.00,-0.00,-0.00,0.00,-0.00,-0.00,10.00
63372.00,-116.28,-16.80,-0.47,0.00,0.23,-11.20,0.27,0.38,-1574.12,-0.00,-0.00,-0.00,0.00,-0.00,-0.00,10.00
63382.00,-116.28,-16.80,-0.41,0.00,0.23,5.97,0.27,0.38,1717.22,-0.00,-0.00,-0.00,-0.00,0.00,-0.00,10.00
63402.00,-116.28,-16.80,-0.38,0.00,0.23,1.66,0.27,0.38,-215.76,-0.00,-0.00,-0.00,0.00,0.00,0.00,18.00
63420.00,-116.28,-16.80,-0.53,0.00,0.23,-8.82,0.27,0.38,-581.77,-0.00,-0.00,-0.00,0.00,0.00,-0.00,10.00
63430.00,-116.28,-16.80,-0.45,0.00,0.23,8.46,0.27,0.38,1727.83,-0.00,-0.00,-0.00,0.00,0.00,0.00,10.00
63440.00,-116.28,-16.80,-0.38,0.00,0.23,6.91,0.27,0.38,-155.14,-0.00,-0.00,-0.00,0.00,0.00,0.00,10.00
63450.00,-116.28,-16.80,-0.39,0.00,0.23,-1.21,0.27,0.38,-812.27,-0.00,-0.00,-0.00,0.00,0.01,-0.00,10.00
63460.00,-116.28,-16.80,-0.39,0.00,0.23,0.05,0.27,0.38,125.75,-0.00,-0.00,-0.00,0.00,0.00,-0.00,10.00
63470.00,-116.28,-16.80,-0.37,0.00,0.23,2.52,0.27,0.38,247.69,-0.00,-0.00,-0.00,0.00,0.00,-0.00,10.00
63480.00,-116.28,-16.80,-0.41,0.00,0.23,-4.53,0.27,0.38,-705.71,-0.00,-0.00,-0.00,-0.00,0.00,-0.00,10.00
63490.00,-116.28,-16.80,-0.43,0.00,0.23,-1.99,0.27,0.38,254.05,-0.00,-0.00,-0.00,-0.00,0.00,0.00,17.00
63507.00,-116.28,-16.76,-0.30,0.00,0.19,7.99,0.00,-0.20,587.15,-0.00,-0.00,-0.00,0.00,0.00,0.00,10.00
63522.00,-116.28,-16.76,-0.42,0.00,0.19,-8.38,0.00,-0.20,-1091.22,-0.00,-0.00,-0.00,-0.00,0.00,-0.00,10.00
63532.00,-116.28,-16.76,-0.39,0.00,0.19,3.04,0.00,-0.20,1141.59,-0.00,-0.00,-0.00,-0.00,0.00,-0.00,10.00
63542.00,-116.28,-16.76,-0.37,0.00,0.19,1.85,0.00,-0.20,-118.86,-0.00,-0.00,-0.00,0.00,0.00,-0.00,10.00
63552.00,-116.28,-16.76,-0.46,0.00,0.19,-8.93,0.00,-0.20,-1077.76,-0.00,-0.00,-0.00,0.00,0.00,-0.00,10.00
63562.00,-116.28,-16.76,-0.37,0.00,0.19,9.69,0.00,-0.20,1861.84,-0.00,-0.00,-0.00,0.00,0.01,-0.00,10.00
63572.00,-116.28,-16.76,-0.40,0.00,0.19,-3.07,0.00,-0.20,-1275.77,-0.00,-0.00,-0.00,-0.00,0.00,0.00,10.00
63582.00,-116.28,-16.76,-0.41,0.00,0.19,-1.00,0.00,-0.20,206.66,-0.00,-0.00,-0.00,-0.00,0.00,-0.00,18.00
63600.00,-116.28,-16.76,-0.47,0.00,0.19,-3.68,0.00,-0.20,-148.98,-0.00,-0.00,-0.00,0.00,0.00,-0.00,10.00
63610.00,-116.28,-16.76,-0.47,0.00,0.19,0.60,0.00,-0.20,428.52,-0.00,-0.00,-0.00,-0.00,0.00,0.00,10.00
63620.00,-116.28,-16.76,-0.41,0.00,0.19,5.91,0.00,-0.20,530.83,-0.00,-0.00,-0.00,0.00,-0.00,-0.00,10.00
63635.00,-116.28,-16.76,-0.41,0.00,0.19,-0.42,0.00,-0.20,-422.04,-0.00,-0.00,-0.00,0.00,0.00,0.00,10.00
63645.00,-116.28,-16.76,-0.39,0.00,0.19,2.52,0.00,-0.20,294.23,-0.00,-0.00,-0.00,0.00,0.00,0.00,10.00
63655.00,-116.28,-16.76,-0.41,0.00,0.19,-1.79,0.00,-0.20,-430.74,-0.00,-0.00,-0.00,0.00,-0.00,0.00,10.00
63665.00,-116.28,-16.76,-0.59,0.00,0.19,-18.24,0.00,-0.20,-1645.48,-0.00,-0.00,-0.00,0.00,-0.00,0.00,10.00
63675.00,-116.28,-16.76,-0.48,0.00,0.19,11.12,0.00,-0.20,2936.13,-0.00,-0.00,-0.00,0.00,0.00,-0.00,10.00
63685.00,-116.28,-16.76,-0.44,0.00,0.19,3.86,0.00,-0.20,-725.48,-0.00,-0.00,-0.00,-0.00,-0.00,0.00,16.00
63701.00,-116.28,-16.76,-0.34,0.00,0.19,6.13,0.00,-0.20,141.60,-0.00,-0.00,-0.00,-0.00,-0.00,-0.00,10.00
63711.00,-116.28,-16.73,-0.42,0.00,0.15,-8.04,0.00,-0.18,-1417.32,-0.00,-0.00,-0.00,0.00,0.00,0.00,10.00
63721.00,-116.28,-16.73,-0.38,0.00,0.15,4.13,0.00,-0.18,1217.75,-0.00,-0.00,-0.00,0.00,0.00,-0.00,10.00
63731.00,-116.28,-16.73,-0.34,0.00,0.15,4.13,0.00,-0.18,-0.63,-0.00,0.00,-0.00,0.00,0.00,-0.00,10.00
63746.00,-116.28,-16.73,-0.38,0.00,0.15,-2.95,0.00,-0.18,-471.89,-0.00,0.00,-0.00,-0.00,0.00,0.00,10.00
63756.00,-116.28,-16.73,-0.40,0.00,0.15,-1.27,0.00,-0.18,168.48,-0.00,0.00,-0.00,-0.00,0.00,-0.00,10.00
63766.00,-116.28,-16.73,-0.42,0.00,0.15,-2.90,0.00,-0.18,-163.76,-0.00,0.00,-0.00,0.00,0.00,-0.00,10.00
63776.00,-116.28,-16.73,-0.42,0.00,0.15,0.47,0.00,-0.18,336.99,-0.00,0.00,-0.00,-0.00,-0.00,0.00,10.00
63786.00,-116.28,-16.73,-0.32,0.00,0.15,10.40,0.00,-0.18,993.25,-0.00,0.00,-0.00,-0.00,-0.00,0.00,16.00
63802.00,-116.28,-16.73,-0.34,0.00,0.15,-1.72,0.00,-0.18,-757.17,-0.00,0.00,-0.00,0.00,0.00,-0.00,10.00
63812.00,-116.28,-16.73,-0.43,0.00,0.15,-9.09,0.00,-0.18,-737.85,-0.00,0.00,-0.00,-0.00,-0.00,0.00,10.00
63822.00,-116.28,-16.73,-0.52,0.00,0.15,-8.52,0.00,-0.18,57.84,-0.00,0.00,-0.00,-0.00,0.00,-0.00,10.00
63832.00,-116.28,-16.73,-0.35,0.00,0.15,16.56,0.00,-0.18,2507.10,-0.00,0.00,-0.00,-0.00,0.00,-0.00,10.00
63842.00,-116.28,-16.73,-0.44,0.00,0.15,-8.81,0.00,-0.18,-2536.74,-0.00,0.00,-0.00,-0.00,0.00,0.00,10.00
63856.00,-116.28,-16.73,-0.38,0.00,0.15,4.17,0.00,-0.18,926.96,-0.00,0.00,-0.00,0.00,0.00,-0.00,10.00
63866.00,-116.28,-16.73,-0.41,0.00,0.15,-2.63,0.00,-0.18,-679.66,-0.00,0.00,-0.00,0.00,0.00,-0.00,10.00
63876.00,-116.28,-16.73,-0.38,0.00,0.15,3.00,0.00,-0.18,562.59,-0.00,0.00,-0.00,0.00,0.00,-0.00,10.00
63886.00,-116.28,-16.73,-0.48,0.00,0.15,-10.15,0.00,-0.18,-1314.63,-0.00,0.00,-0.00,0.00,0.00,-0.00,10.00
63896.00,-116.28,-16.73,-0.48,0.00,0.15,0.55,0.00,-0.18,1069.71,-0.00,0.00,-0.00,0.00,0.00,-0.00,16.00
63912.00,-116.28,-16.70,-0.55,0.00,0.15,-4.43,0.00,0.01,-311.25,-0.00,0.00,-0.00,-0.00,-0.00,0.00,10.00
63922.00,-116.28,-16.70,-0.45,0.00,0.15,9.28,0.00,0.01,1371.11,-0.00,0.00,-0.00,-0.00,-0.00,0.00,10.00
63932.00,-116.28,-16.70,-0.32,0.00,0.15,13.65,0.00,0.01,437.15,-0.00,0.00,-0.00,0.00,0.00,0.00,10.00
63942.00,-116.28,-16.70,-0.39,0.00,0.15,-7.22,0.00,0.01,-2086.67,-0.00,0.00,-0.00,0.00,0.00,-0.00,10.00
63952.00,-116.28,-16.70,-0.38,0.00,0.15,0.80,0.00,0.01,802.26,-0.00,0.00,-0.00,0.00,0.00,0.00,10.00
63967.00,-116.28,-16.70,-0.36,0.00,0.15,1.50,0.00,0.01,46.11,-0.00,0.00,-0.00,-0.00,0.00,0.00,10.00
63977.00,-116.28,-16.70,-0.45,0.00,0.15,-8.72,0.00,0.01,-1021.86,-0.00,0.00,-0.00,0.00,0.00,-0.00,10.00
63987.00,-116.28,-16.70,-0.40,0.00,0.15,4.97,0.00,0.01,1369.59,-0.00,0.00,-0.00,-0.00,-0.00,0.00,16.00
64003.00,-116.28,-16.70,-0.52,0.00,0.15,-7.51,0.00,0.01,-780.25,-0.00,0.00,-0.00,-0.00,-0.00,0.00,10.00
64013.00,-116.28,-16.70,-0.43,0.00,0.15,8.28,0.00,0.01,1578.61,-0.00,0.00,-0.00,0.00,-0.00,-0.00,10.00
64023.00,-116.28,-16.70,-0.51,0.00,0.15,-7.64,0.00,0.01,-1591.28,-0.00,0.00,-0.00,0.00,0.00,-0.00,10.00
64033.00,-116.28,-16.70,-0.44,0.00,0.15,7.52,0.00,0.01,1515.68,-0.00,0.00,-0.00,-0.00,-0.00,0.00,10.00
64043.00,-116.28,-16.70,-0.51,0.00,0.15,-7.44,0.00,0.01,-1495.49,-0.00,0.00,-0.00,0.00,0.00,-0.00,10.00
64053.00,-116.28,-16.70,-0.46,0.00,0.15,4.64,0.00,0.01,1207.37,-0.00,0.00,-0.00,-0.00,-0.00,0.00,10.00
64063.00,-116.28,-16.70,-0.41,0.00,0.15,5.42,0.00,0.01,77.97,-0.00,0.00,-0.00,-0.00,-0.00,0.00,10.00
64077.00,-116.28,-16.70,-0.51,0.00,0.15,-6.94,0.00,0.01,-882.80,-0.00,0.00,-0.00,0.00,0.00,0.00,10.00
64087.00,-116.28,-16.70,-0.45,0.00,0.15,5.71,0.00,0.01,1265.51,-0.00,0.00,-0.00,-0.00,0.00,0.00,16.00
64103.00,-116.28,-16.70,-0.45,0.00,0.15,0.19,0.00,0.01,-345.00,-0.00,0.00,-0.00,0.00,0.00,-0.00,10.00
64113.00,-116.28,-16.66,-0.49,0.00,0.19,-4.70,0.00,0.19,-488.96,-0.00,0.00,-0.00,0.00,-0.00,-0.00,10.00
64123.00,-116.28,-16.66,-0.45,0.00,0.19,4.57,0.00,0.19,926.91,-0.00,0.00,-0.00,0.00,0.00,-0.00,10.00
64133.00,-116.28,-16.66,-0.42,0.00,0.19,3.24,0.00,0.19,-133.70,-0.00,0.00,-0.00,-0.00,0.00,0.00,10.00
64143.00,-116.28,-16.66,-0.38,0.00,0.19,3.85,0.00,0.19,61.17,-0.00,0.00,-0.00,-0.00,-0.00,0.00,10.00
64153.00,-116.28,-16.66,-0.33,0.00,0.19,4.99,0.00,0.19,114.06,-0.00,0.00,-0.00,0.00,0.00,-0.00,10.00
64163.00,-116.28,-16.66,-0.46,0.00,0.19,-13.33,0.00,0.19,-1831.67,-0.00,0.00,-0.00,0.00,-0.00,0.00,10.00
64173.00,-116.28,-16.66,-0.33,0.00,0.19,13.07,0.00,0.19,2640.27,-0.00,0.00,-0.00,0.00,-0.00,0.00,10.00
64192.00,-116.28,-16.66,-0.39,0.00,0.19,-2.96,0.00,0.19,-843.98,-0.00,0.00,-0.00,0.00,0.00,-0.00,17.00
64209.00,-116.28,-16.66,-0.49,0.00,0.19,-6.05,0.00,0.19,-181.83,-0.00,0.00,-0.00,-0.00,0.00,-0.00,10.00
64219.00,-116.28,-16.66,-0.37,0.00,0.19,12.20,0.00,0.19,1825.54,-0.00,0.00,-0.00,0.00,-0.00,0.00,10.00
64229.00,-116.28,-16.66,-0.47,0.00,0.19,-10.41,0.00,0.19,-2261.39,-0.00,0.00,-0.00,0.00,-0.00,-0.00,10.00
64239.00,-116.28,-16.66,-0.34,0.00,0.19,12.76,0.00,0.19,2317.10,-0.00,0.00,-0.00,0.00,0.00,-0.00,10.00
64249.00,-116.28,-16.66,-0.40,0.00,0.19,-5.63,0.00,0.19,-1839.03,-0.00,0.00,-0.00,-0.00,0.00,-0.00,10.00
64259.00,-116.28,-16.66,-0.40,0.00,0.19,-0.12,0.00,0.19,550.96,-0.00,0.00,-0.00,-0.00,-0.00,0.00,10.00
64269.00,-116.28,-16.66,-0.40,0.00,0.19,0.33,0.00,0.19,45.01,-0.00,0.00,-0.00,0.00,-0.01,0.00,10.00
64279.00,-116.28,-16.66,-0.47,0.00,0.19,-7.52,0.00,0.19,-784.83,-0.00,0.00,-0.00,0.00,-0.00,0.00,10.00
64289.00,-116.28,-16.66,-0.37,0.00,0.19,9.93,0.00,0.19,1744.42,-0.00,0.00,-0.00,0.00,0.00,-0.00,16.00
64310.00,-116.28,-16.66,-0.43,0.00,0.19,-2.59,0.00,0.19,-596.18,-0.00,-0.00,-0.00,0.00,-0.00,0.00,10.00
64320.00,-116.27,-16.61,-0.44,0.05,0.22,-1.18,0.26,0.13,141.01,-0.00,-0.00,-0.00,-0.00,-0.00,0.00,10.00
64330.00,-116.27,-16.61,-0.44,0.05,0.22,0.24,0.26,0.13,142.21,-0.00,-0.00,-0.00,0.00,0.00,0.00,10.00
64340.00,-116.27,-16.61,-0.42,0.05,0.22,2.00,0.26,0.13,176.28,-0.00,-0.00,-0.00,0.00,-0.00,0.00,10.00
64350.00,-116.27,-16.61,-0.35,0.05,0.22,7.19,0.26,0.13,518.89,-0.00,-0.00,-0.00,0.00,0.00,0.00,10.00
64360.00,-116.27,-16.61,-0.33,0.05,0.22,1.32,0.26,0.13,-586.65,-0.00,-0.00,-0.00,0.00,0.00,-0.00,10.00
64370.00,-116.27,-16.61,-0.43,0.05,0.22,-9.96,0.26,0.13,-1128.57,-0.00,-0.00,-0.00,0.00,-0.00,-0.00,10.00
64380.00,-116.27,-16.61,-0.42,0.05,0.22,1.64,0.26,0.13,1160.42,-0.00,-0.00,-0.00,-0.00,-0.00,-0.00,10.00
64390.00,-116.27,-16.61,-0.41,0.05,0.22,0.87,0.26,0.13,-77.33,-0.00,-0.00,-0.00,0.00,-0.00,0.00,16.00
64406.00,-116.27,-16.61,-0.43,0.05,0.22,-1.38,0.26,0.13,-140.52,-0.00,-0.00,-0.00,-0.00,0.00,-0.00,10.00
64421.00,-116.27,-16.61,-0.41,0.05,0.22,1.36,0.26,0.13,182.78,-0.00,-0.00,-0.00,-0.00,-0.00,0.00,10.00
64431.00,-116.27,-16.61,-0.41,0.05,0.22,0.26,0.26,0.13,-109.81,-0.00,-0.00,-0.00,0.00,-0.00,0.00,10.00
64441.00,-116.27,-16.61,-0.40,0.05,0.22,0.74,0.26,0.13,48.00,-0.00,-0.00,-0.00,0.00,0.00,0.00,10.00
64451.00,-116.27,-16.61,-0.38,0.05,0.22,2.07,0.26,0.13,132.90,-0.00,-0.00,-0.00,-0.00,-0.01,-0.00,10.00
64461.00,-116.27,-16.61,-0.46,0.05,0.22,-7.86,0.26,0.13,-992.91,-0.00,-0.00,-0.00,0.00,0.00,-0.00,10.00
64471.00,-116.27,-16.61,-0.45,0.05,0.22,0.96,0.26,0.13,881.46,-0.00,-0.00,-0.00,-0.00,0.00,-0.00,10.00
64481.00,-116.27,-16.61,-0.40,0.05,0.22,5.06,0.26,0.13,409.98,-0.00,-0.00,-0.00,0.00,0.00,0.00,10.00
64491.00,-116.27,-16.61,-0.38,0.05,0.22,1.46,0.26,0.13,-359.63,-0.00,-0.00,-0.00,0.00,0.00,0.00,10.00
64501.00,-116.27,-16.61,-0.44,0.05,0.22,-6.08,0.26,0.13,-753.90,-0.00,-0.00,-0.00,-0.00,-0.00,0.00,17.00
64518.00,-116.27,-16.61,-0.44,0.05,0.22,0.10,0.26,0.13,363.63,-0.00,-0.00,-0.00,0.00,-0.00,0.00,10.00
64533.00,-116.26,-16.57,-0.44,0.05,0.21,0.29,-0.01,-0.03,12.42,-0.00,-0.00,-0.00,-0.00,0.00,-0.00,10.00
64543.00,-116.26,-16.57,-0.43,0.05,0.21,0.99,-0.01,-0.03,70.44,-0.00,-0.00,-0.00,0.00,0.00,-0.00,10.00
64553.00,-116.26,-16.57,-0.47,0.05,0.21,-4.69,-0.01,-0.03,-568.76,-0.00,-0.00,-0.00,0.00,0.00,-0.00,10.00
64563.00,-116.26,-16.57,-0.40,0.05,0.21,6.89,-0.01,-0.03,1158.49,-0.00,-0.00,-0.00,0.00,-0.00,-0.00,10.00
64573.00,-116.26,-16.57,-0.37,0.05,0.21,3.23,-0.01,-0.03,-366.13,-0.00,-0.00,-0.00,-0.00,-0.00,0.00,10.00
64583.00,-116.26,-16.57,-0.46,0.05,0.21,-9.14,-0.01,-0.03,-1236.63,-0.00,-0.00,-0.00,-0.00,0.00,0.00,10.00
64593.00,-116.26,-16.57,-0.44,0.05,0.21,2.00,-0.01,-0.03,1113.71,-0.00,-0.00,-0.00,0.00,-0.00,0.00,16.00
64609.00,-116.26,-16.57,-0.41,0.05,0.21,1.82,-0.01,-0.03,-11.06,-0.00,-0.00,-0.00,-0.00,-0.00,0.00,10.00
64619.00,-116.26,-16.57,-0.35,0.05,0.21,5.86,-0.01,-0.03,403.66,-0.00,-0.00,-0.00,-0.00,-0.00,-0.00,10.00
64629.00,-116.26,-16.57,-0.35,0.05,0.21,0.73,-0.01,-0.03,-513.46,-0.00,-0.00,-0.00,-0.00,-0.01,0.00,10.00
64644.00,-116.26,-16.57,-0.21,0.05,0.21,9.35,-0.01,-0.03,575.03,-0.00,-0.00,-0.00,0.00,0.00,-0.00,10.00
64654.00,-116.26,-16.57,-0.40,0.05,0.21,-19.63,-0.01,-0.03,-2898.65,-0.00,-0.00,-0.00,0.00,-0.00,0.00,10.00
64664.00,-116.26,-16.57,-0.37,0.05,0.21,3.42,-0.01,-0.03,2305.44,-0.00,-0.00,-0.00,-0.00,0.00,-0.00,10.00
64674.00,-116.26,-16.57,-0.44,0.05,0.21,-7.47,-0.01,-0.03,-1088.59,-0.00,-0.00,-0.00,-0.00,-0.01,0.00,10.00
64684.00,-116.26,-16.57,-0.42,0.05,0.21,2.88,-0.01,-0.03,1034.28,-0.00,-0.00,-0.00,0.00,0.00,0.00,19.00
64703.00,-116.26,-16.57,-0.34,0.05,0.21,4.11,-0.01,-0.03,64.77,-0.00,-0.00,-0.00,0.00,0.00,-0.00,10.00
64713.00,-116.26,-16.57,-0.42,0.05,0.21,-8.11,-0.01,-0.03,-1222.18,-0.00,-0.00,-0.00,0.00,0.00,0.00,10.00
64723.00,-116.26,-16.57,-0.37,0.05,0.21,4.98,-0.01,-0.03,1309.68,-0.00,-0.00,-0.00,-0.00,0.00,0.00,10.00
64733.00,-116.26,-16.53,-0.35,0.00,0.19,1.98,-0.26,-0.10,-300.14,-0.00,-0.00,-0.00,0.00,-0.00,0.00,10.00
64743.00,-116.26,-16.53,-0.37,0.00,0.19,-2.57,-0.26,-0.10,-455.16,-0.00,-0.00,-0.00,-0.00,-0.00,0.00,10.00
64758.00,-116.26,-16.53,-0.29,0.00,0.19,5.68,-0.26,-0.10,550.21,-0.00,-0.00,-0.00,-0.00,0.00,-0.00,10.00
64768.00,-116.26,-16.53,-0.37,0.00,0.19,-7.73,-0.26,-0.10,-1341.71,-0.00,-0.00,-0.00,-0.00,-0.00,-0.00,10.00
64778.00,-116.26,-16.53,-0.42,0.00,0.19,-5.30,-0.26,-0.10,242.97,-0.00,-0.00,-0.00,-0.00,-0.00,-0.00,10.00
64788.00,-116.26,-16.53,-0.39,0.00,0.19,2.81,-0.26,-0.10,811.16,-0.00,-0.00,-0.00,0.00,0.00,-0.00,17.00
64805.00,-116.26,-16.53,-0.42,0.00,0.19,-1.96,-0.26,-0.10,-280.38,-0.00,-0.00,-0.00,-0.00,0.00,0.00,10.00
64815.00,-116.26,-16.53,-0.45,0.00,0.19,-2.66,-0.26,-0.10,-70.16,-0.00,-0.00,-0.00,-0.00,0.00,-0.00,10.00
64825.00,-116.26,-16.53,-0.47,0.00,0.19,-1.65,-0.26,-0.10,100.68,-0.00,-0.00,-0.00,0.00,0.00,0.00,10.00
64835.00,-116.26,-16.53,-0.42,0.00,0.19,5.27,-0.26,-0.10,692.07,-0.00,-0.00,-0.00,-0.00,0.00,-0.00,10.00
64845.00,-116.26,-16.53,-0.46,0.00,0.19,-4.83,-0.26,-0.10,-1009.96,-0.00,-0.00,-0.00,0.00,0.00,0.00,10.00
64855.00,-116.26,-16.53,-0.41,0.00,0.19,5.06,-0.26,-0.10,989.17,-0.00,-0.00,-0.00,0.00,0.00,0.00,10.00
64869.00,-116.26,-16.53,-0.44,0.00,0.19,-2.19,-0.26,-0.10,-517.65,-0.00,-0.00,-0.00,0.00,-0.00,-0.00,10.00
64879.00,-116.26,-16.53,-0.46,0.00,0.19,-1.84,-0.26,-0.10,34.81,-0.00,-0.00,-0.00,0.00,-0.00,0.00,10.00
64889.00,-116.26,-16.53,-0.49,0.00,0.19,-2.65,-0.26,-0.10,-80.98,-0.00,-0.00,-0.00,0.00,0.00,-0.00,17.00
64906.00,-116.26,-16.53,-0.45,0.00,0.19,2.15,-0.26,-0.10,282.54,-0.00,-0.00,-0.00,0.00,-0.00,0.00,10.00
64916.00,-116.26,-16.53,-0.36,0.00,0.19,8.96,-0.26,-0.10,680.74,-0.00,-0.00,-0.00,0.00,0.00,0.00,10.00
64926.00,-116.26,-16.53,-0.55,0.00,0.19,-18.77,-0.26,-0.10,-2773.21,-0.00,-0.00,-0.00,0.00,0.00,0.00,10.00
64936.00,-116.25,-16.51,-0.47,0.05,0.11,7.87,0.27,-0.41,2664.62,-0.00,-0.00,-0.00,0.00,0.00,-0.00,10.00
64946.00,-116.25,-16.51,-0.35,0.05,0.11,12.05,0.27,-0.41,417.46,-0.00,-0.00,-0.00,0.00,-0.00,-0.00,10.00
64956.00,-116.25,-16.51,-0.42,0.05,0.11,-6.55,0.27,-0.41,-1859.60,-0.00,-0.00,-0.00,0.00,-0.00,0.00,10.00
64966.00,-116.25,-16.51,-0.40,0.05,0.11,1.34,0.27,-0.41,788.93,-0.00,-0.00,-0.00,0.00,-0.00,0.00,10.00
64989.00,-116.25,-16.51,-0.41,0.05,0.11,-0.47,0.27,-0.41,-78.59,-0.00,-0.00,-0.00,0.00,-0.00,0.00,17.00
65006.00,-116.25,-16.51,-0.42,0.05,0.11,-0.62,0.27,-0.41,-8.94,-0.00,-0.00,-0.00,0.00,-0.00,-0.00,10.00
65016.00,-116.25,-16.51,-0.36,0.05,0.11,6.07,0.27,-0.41,669.04,-0.00,-0.00,-0.00,0.00,-0.00,0.00,10.00
65026.00,-116.25,-16.51,-0.43,0.05,0.11,-6.70,0.27,-0.41,-1277.62,-0.00,-0.00,-0.00,0.00,-0.00,-0.00,10.00
65036.00,-116.25,-16.51,-0.37,0.05,0.11,5.93,0.27,-0.41,1263.06,-0.00,-0.00,-0.00,0.00,-0.00,-0.00,10.00
65046.00,-116.25,-16.51,-0.38,0.05,0.11,-0.68,0.27,-0.41,-660.82,-0.00,-0.00,-0.00,-0.00,0.00,-0.00,10.00
65056.00,-116.25,-16.51,-0.38,0.05,0.11,-0.03,0.27,-0.41,65.15,-0.00,-0.00,-0.00,0.00,0.00,-0.00,10.00
65066.00,-116.25,-16.51,-0.38,0.05,0.11,-0.48,0.27,-0.41,-44.92,-0.00,-0.00,-0.00,0.00,0.00,0.00,10.00
65076.00,-116.25,-16.51,-0.37,0.05,0.11,0.83,0.27,-0.41,131.32,-0.00,-0.00,-0.00,0.00,-0.00,-0.00,10.00
65086.00,-116.25,-16.51,-0.45,0.05,0.11,-7.15,0.27,-0.41,-798.15,-0.00,-0.00,-0.00,0.00,-0.01,-0.00,10.00
65105.00,-116.25,-16.51,-0.46,0.05,0.11,-0.84,0.27,-0.41,331.85,-0.00,-0.00,-0.00,0.00,-0.00,-0.00,20.00
65125.00,-116.25,-16.51,-0.44,0.05,0.11,1.10,0.27,-0.41,96.97,-0.00,-0.00,-0.00,0.00,0.00,0.00,10.00
65135.00,-116.25,-16.51,-0.39,0.05,0.11,5.25,0.27,-0.41,415.29,-0.00,-0.00,-0.00,0.00,0.00,0.00,10.00
65145.00,-116.23,-16.47,-0.35,0.11,0.17,3.46,0.25,0.31,-179.54,-0.00,-0.00,-0.00,0.00,0.00,0.00,10.00
65155.00,-116.23,-16.47,-0.34,0.11,0.17,1.78,0.25,0.31,-167.19,-0.00,-0.00,-0.00,-0.00,0.00,0.00,10.00
65165.00,-116.23,-16.47,-0.30,0.11,0.17,3.28,0.25,0.31,149.95,-0.00,-0.00,-0.00,-0.00,0.00,-0.00,10.00
65175.00,-116.23,-16.47,-0.38,0.11,0.17,-7.76,0.25,0.31,-1103.88,-0.00,-0.00,-0.00,0.00,0.00,-0.00,10.00
65185.00,-116.23,-16.47,-0.47,0.11,0.17,-8.85,0.25,0.31,-109.08,-0.00,-0.00,-0.00,0.00,0.00,-0.00,10.00
65195.00,-116.23,-16.47,-0.42,0.11,0.17,4.53,0.25,0.31,1337.25,-0.00,-0.00,-0.00,0.01,0.00,-0.00,15.00
65210.00,-116.23,-16.47,-0.41,0.11,0.17,0.89,0.25,0.31,-242.33,-0.00,-0.00,-0.00,0.00,0.00,0.00,10.00
65224.00,-116.23,-16.47,-0.29,0.11,0.17,8.72,0.25,0.31,559.14,-0.00,-0.00,-0.00,0.00,-0.00,0.00,10.00
65234.00,-116.23,-16.47,-0.41,0.11,0.17,-11.88,0.25,0.31,-2060.01,-0.00,-0.00,-0.00,0.00,-0.00,-0.00,10.00
65244.00,-116.23,-16.47,-0.33,0.11,0.17,7.43,0.25,0.31,1931.41,-0.00,-0.00,-0.00,0.00,-0.00,-0.00,10.00
65254.00,-116.23,-16.47,-0.46,0.11,0.17,-13.05,0.25,0.31,-2048.26,-0.00,-0.00,-0.00,0.00,-0.00,0.00,10.00
65264.00,-116.23,-16.47,-0.48,0.11,0.17,-1.86,0.25,0.31,1119.46,-0.00,-0.00,-0.00,0.00,0.00,-0.00,10.00
65274.00,-116.23,-16.47,-0.32,0.11,0.17,16.10,0.25,0.31,1795.44,-0.00,-0.00,-0.00,-0.00,-0.00,-0.00,10.00
65284.00,-116.23,-16.47,-0.42,0.11,0.17,-9.69,0.25,0.31,-2579.02,-0.00,-0.00,-0.00,0.00,0.00,-0.00,10.00
65294.00,-116.23,-16.47,-0.39,0.11,0.17,2.67,0.25,0.31,1236.35,-0.00,-0.00,-0.00,-0.00,-0.00,0.00,15.00
65309.00,-116.23,-16.47,-0.46,0.11,0.17,-4.76,0.25,0.31,-495.55,-0.00,-0.00,-0.00,0.00,-0.00,-0.00,10.00
65319.00,-116.23,-16.47,-0.34,0.11,0.17,12.08,0.25,0.31,1684.32,-0.00,-0.00,-0.00,0.00,-0.00,-0.00,10.00
65333.00,-116.23,-16.47,-0.32,0.11,0.17,1.32,0.25,0.31,-768.74,-0.00,-0.00,-0.00,0.00,-0.00,0.00,10.00
65343.00,-116.23,-16.47,-0.37,0.11,0.17,-5.21,0.25,0.31,-653.16,-0.00,-0.00,-0.00,0.00,0.00,0.00,10.00
65353.00,-116.20,-16.42,-0.44,0.16,0.24,-6.96,0.26,0.34,-175.07,-0.00,-0.00,-0.00,0.00,0.00,0.00,10.00
65363.00,-116.20,-16.42,-0.34,0.16,0.24,10.27,0.26,0.34,1723.00,-0.00,-0.00,-0.00,-0.00,0.00,0.00,10.00
65373.00,-116.20,-16.42,-0.34,0.16,0.24,0.19,0.26,0.34,-1008.15,-0.00,-0.00,-0.00,-0.00,-0.00,0.00,10.00
65383.00,-116.20,-16.42,-0.40,0.16,0.24,-5.89,0.26,0.34,-608.04,-0.00,-0.00,-0.00,-0.00,-0.00,0.00,10.00
65393.00,-116.20,-16.42,-0.37,0.16,0.24,2.75,0.26,0.34,864.11,-0.00,-0.00,-0.00,-0.00,-0.00,-0.00,15.00
65408.00,-116.20,-16.42,-0.38,0.16,0.24,-0.38,0.26,0.34,-208.64,-0.00,-0.00,-0.00,-0.00,-0.00,-0.00,10.00
65418.00,-116.20,-16.42,-0.35,0.16,0.24,3.00,0.26,0.34,338.74,-0.00,-0.00,-0.00,0.00,0.00,0.00,10.00
65428.00,-116.20,-16.42,-0.37,0.16,0.24,-2.37,0.26,0.34,-537.48,-0.00,-0.00,-0.00,0.00,-0.00,0.00,10.00
65443.00,-116.20,-16.42,-0.42,0.16,0.24,-3.37,0.26,0.34,-66.75,-0.00,-0.00,-0.00,0.00,-0.00,0.00,10.00
65453.00,-116.20,-16.42,-0.35,0.16,0.24,6.86,0.26,0.34,1023.26,-0.00,-0.00,-0.00,-0.00,-0.00,-0.00,10.00
65463.00,-116.20,-16.42,-0.36,0.16,0.24,-0.77,0.26,0.34,-763.39,-0.00,-0.00,-0.00,-0.00,-0.00,0.00,10.00
65473.00,-116.20,-16.42,-0.43,0.16,0.24,-6.45,0.26,0.34,-567.89,-0.00,-0.00,-0.00,-0.00,-0.00,-0.00,10.00
65483.00,-116.20,-16.42,-0.29,0.16,0.24,13.08,0.26,0.34,1953.52,-0.00,-0.00,-0.00,0.00,-0.00,0.00,10.00
65493.00,-116.20,-16.42,-0.34,0.16,0.24,-4.09,0.26,0.34,-1717.45,-0.00,-0.00,-0.00,-0.00,0.00,0.00,16.00
65509.00,-116.20,-16.42,-0.43,0.16,0.24,-5.93,0.26,0.34,-114.97,-0.00,-0.00,-0.00,0.00,-0.00,-0.00,10.00
65519.00,-116.20,-16.42,-0.39,0.16,0.24,4.18,0.26,0.34,1011.23,-0.00,-0.00,-0.00,-0.00,-0.00,-0.00,10.00
65529.00,-116.20,-16.42,-0.40,0.16,0.24,-0.84,0.26,0.34,-502.07,-0.00,-0.00,-0.00,-0.00,0.00,-0.00,10.00
65539.00,-116.20,-16.42,-0.39,0.16,0.24,0.56,0.26,0.34,139.41,-0.00,-0.00,-0.00,0.00,0.00,-0.00,10.00
65554.00,-116.18,-16.38,-0.38,0.06,0.22,0.42,-0.52,-0.10,-8.89,-0.00,-0.00,-0.00,0.00,-0.00,-0.00,10.00
65564.00,-116.18,-16.38,-0.38,0.06,0.22,0.46,-0.52,-0.10,3.64,-0.00,-0.00,-0.00,0.00,0.00,0.00,10.00
65574.00,-116.18,-16.38,-0.41,0.06,0.22,-2.68,-0.52,-0.10,-313.54,-0.00,-0.00,-0.00,0.00,0.00,0.00,10.00
65584.00,-116.18,-16.38,-0.41,0.06,0.22,0.03,-0.52,-0.10,270.35,-0.00,-0.00,-0.00,-0.00,0.00,0.00,10.00
65594.00,-116.18,-16.38,-0.39,0.06,0.22,2.11,-0.52,-0.10,208.45,-0.00,-0.00,-0.00,0.00,-0.00,-0.00,10.00
65604.00,-116.18,-16.38,-0.42,0.06,0.22,-3.87,-0.52,-0.10,-598.10,-0.00,-0.00,-0.00,-0.00,0.00,-0.00,16.00
65620.00,-116.18,-16.38,-0.47,0.06,0.22,-2.74,-0.52,-0.10,70.37,-0.00,-0.00,-0.00,0.00,-0.00,-0.00,10.00
65630.00,-116.18,-16.38,-0.45,0.06,0.22,2.09,-0.52,-0.10,483.70,-0.00,-0.00,-0.00,-0.00,-0.01,-0.00,10.00
65640.00,-116.18,-16.38,-0.32,0.06,0.22,12.61,-0.52,-0.10,1051.78,-0.00,-0.00,-0.00,-0.00,-0.01,0.00,10.00
65650.00,-116.18,-16.38,-0.38,0.06,0.22,-5.90,-0.52,-0.10,-1850.75,-0.00,-0.00,-0.00,-0.00,-0.00,0.00,10.00
65664.00,-116.18,-16.38,-0.44,0.06,0.22,-4.30,-0.52,-0.10,113.84,-0.00,-0.00,-0.00,0.00,0.00,0.00,10.00
65674.00,-116.18,-16.38,-0.39,0.06,0.22,5.38,-0.52,-0.10,968.61,-0.00,-0.00,-0.00,-0.00,0.00,-0.00,10.00
65684.00,-116.18,-16.38,-0.36,0.06,0.22,2.33,-0.52,-0.10,-305.73,-0.00,-0.00,-0.00,-0.00,0.00,0.00,10.00
65694.00,-116.18,-16.38,-0.42,0.06,0.22,-5.84,-0.52,-0.10,-816.18,-0.00,-0.00,-0.00,-0.00,0.00,-0.00,10.00
65704.00,-116.18,-16.38,-0.39,0.06,0.22,3.58,-0.52,-0.10,941.14,-0.00,-0.00,-0.00,0.00,0.00,0.00,15.00
65719.00,-116.18,-16.38,-0.40,0.06,0.22,-0.91,-0.52,-0.10,-298.95,-0.00,-0.00,-0.00,0.00,-0.00,-0.00,10.00
65729.00,-116.18,-16.38,-0.36,0.06,0.22,4.32,-0.52,-0.10,522.56,-0.00,-0.00,-0.00,-0.00,-0.00,0.00,10.00
65739.00,-116.18,-16.38,-0.27,0.06,0.22,8.32,-0.52,-0.10,400.47,-0.00,-0.00,-0.00,-0.00,0.00,-0.00,10.00
65749.00,-116.18,-16.38,-0.40,0.06,0.22,-12.99,-0.52,-0.10,-2131.26,-0.00,-0.00,-0.00,0.00,-0.00,0.00,10.00
65759.00,-116.16,-16.34,-0.37,0.11,0.18,3.53,0.26,-0.23,1651.91,-0.00,-0.00,-0.00,0.00,-0.00,0.00,10.00
65774.00,-116.16,-16.34,-0.32,0.11,0.18,3.28,0.26,-0.23,-16.39,-0.00,-0.00,-0.00,-0.00,-0.00,-0.00,10.00
65784.00,-116.16,-16.34,-0.50,0.11,0.18,-17.93,0.26,-0.23,-2121.32,-0.00,-0.00,-0.00,0.00,-0.00,0.00,10.00
65794.00,-116.16,-16.34,-0.41,0.11,0.18,9.18,0.26,-0.23,2711.42,-0.00,-0.00,-0.00,-0.00,-0.00,-0.00,10.00
65804.00,-116.16,-16.34,-0.43,0.11,0.18,-2.88,0.26,-0.23,-1206.33,-0.00,-0.00,-0.00,-0.00,-0.00,0.00,15.00
65819.00,-116.16,-16.34,-0.39,0.11,0.18,3.10,0.26,-0.23,398.40,-0.00,-0.00,-0.00,0.00,0.00,0.00,10.00
65829.00,-116.16,-16.34,-0.52,0.11,0.18,-13.27,0.26,-0.23,-1636.55,-0.00,-0.00,-0.00,-0.00,0.00,-0.00,10.00
65839.00,-116.16,-16.34,-0.28,0.11,0.18,23.98,0.26,-0.23,3724.63,-0.00,-0.00,-0.00,0.00,0.00,-0.00,10.00
65849.00,-116.16,-16.34,-0.32,0.11,0.18,-3.75,0.26,-0.23,-2772.62,-0.00,-0.00,-0.00,0.00,0.00,-0.00,10.00
65859.00,-116.16,-16.34,-0.36,0.11,0.18,-4.38,0.26,-0.23,-63.17,-0.00,-0.00,-0.00,0.00,0.00,-0.00,10.00
65869.00,-116.16,-16.34,-0.42,0.11,0.18,-6.12,0.26,-0.23,-173.57,-0.00,-0.00,-0.00,-0.00,0.00,0.00,10.00
65883.00,-116.16,-16.34,-0.34,0.11,0.18,5.84,0.26,-0.23,854.19,-0.00,-0.00,-0.00,0.00,0.00,-0.00,10.00
65893.00,-116.16,-16.34,-0.44,0.11,0.18,-9.32,0.26,-0.23,-1515.98,-0.00,-0.00,-0.00,0.00,0.00,-0.00,10.00
65903.00,-116.16,-16.34,-0.34,0.11,0.18,9.98,0.26,-0.23,1929.70,-0.00,-0.00,-0.00,0.00,0.00,-0.00,16.00
65919.00,-116.16,-16.34,-0.50,0.11,0.18,-10.20,0.26,-0.23,-1261.02,-0.00,-0.00,-0.00,-0.00,0.00,-0.00,10.00
65929.00,-116.16,-16.34,-0.35,0.11,0.18,14.96,0.26,-0.23,2515.41,-0.00,-0.00,-0.00,-0.00,0.01,-0.00,10.00
65939.00,-116.16,-16.34,-0.38,0.11,0.18,-2.83,0.26,-0.23,-1778.33,-0.00,-0.00,-0.00,0.00,0.01,-0.00,10.00
65949.00,-116.16,-16.34,-0.33,0.11,0.18,5.10,0.26,-0.23,792.34,-0.00,-0.00,-0.00,0.00,0.00,0.00,10.00
65959.00,-116.14,-16.32,-0.37,0.11,0.11,-4.78,0.01,-0.36,-987.21,-0.00,-0.00,-0.00,0.00,-0.00,-0.00,10.00
65969.00,-116.14,-16.32,-0.36,0.11,0.11,1.02,0.01,-0.36,579.96,-0.00,-0.00,-0.00,0.00,0.00,0.00,10.00
65979.00,-116.14,-16.32,-0.39,0.11,0.11,-2.37,0.01,-0.36,-339.49,-0.00,-0.00,-0.00,0.00,0.00,-0.00,10.00
65998.00,-116.14,-16.32,-0.29,0.11,0.11,5.16,0.01,-0.36,396.11,-0.00,-0.00,-0.00,0.00,-0.00,0.00,17.00
66015.00,-116.14,-16.32,-0.37,0.11,0.11,-5.01,0.01,-0.36,-598.11,-0.00,-0.00,-0.00,0.00,-0.00,0.00,10.00
66025.00,-116.14,-16.32,-0.43,0.11,0.11,-5.54,0.01,-0.36,-52.89,-0.00,-0.00,-0.00,-0.00,-0.00,0.00,10.00
66035.00,-116.14,-16.32,-0.41,0.11,0.11,2.38,0.01,-0.36,791.67,-0.00,-0.00,-0.00,-0.00,0.00,-0.00,10.00
66045.00,-116.14,-16.32,-0.31,0.11,0.11,9.80,0.01,-0.36,742.12,-0.00,-0.00,-0.00,0.00,0.00,-0.00,10.00
66055.00,-116.14,-16.32,-0.39,0.11,0.11,-8.45,0.01,-0.36,-1824.76,-0.00,-0.00,-0.00,0.00,0.01,-0.00,10.00
66065.00,-116.14,-16.32,-0.34,0.11,0.11,5.14,0.01,-0.36,1359.56,-0.00,-0.00,-0.00,0.00,-0.00,-0.00,10.00
66075.00,-116.14,-16.32,-0.37,0.11,0.11,-3.33,0.01,-0.36,-847.22,-0.00,-0.00,-0.00,-0.00,0.00,0.00,10.00
66085.00,-116.14,-16.32,-0.46,0.11,0.11,-8.27,0.01,-0.36,-494.33,-0.00,-0.00,-0.00,-0.00,-0.00,0.00,10.00
66095.00,-116.14,-16.32,-0.42,0.11,0.11,3.66,0.01,-0.36,1193.49,-0.00,-0.00,-0.00,0.00,0.00,-0.00,10.00
66110.00,-116.14,-16.32,-0.32,0.11,0.11,6.61,0.01,-0.36,196.10,-0.00,-0.00,-0.00,0.00,0.00,0.00,19.00
66129.00,-116.14,-16.32,-0.42,0.11,0.11,-5.24,0.01,-0.36,-623.61,-0.00,-0.00,-0.00,-0.00,-0.00,-0.00,10.00
66139.00,-116.14,-16.32,-0.38,0.11,0.11,4.12,0.01,-0.36,936.06,-0.00,-0.00,-0.00,-0.00,-0.00,-0.00,10.00
66149.00,-116.14,-16.32,-0.44,0.11,0.11,-5.93,0.01,-0.36,-1005.12,-0.00,-0.00,-0.00,0.00,0.00,0.00,10.00
66159.00,-116.14,-16.28,-0.44,0.00,0.19,0.20,-0.56,0.43,613.89,-0.00,-0.00,-0.00,0.00,0.00,0.00,10.00
66169.00,-116.14,-16.28,-0.41,0.00,0.19,3.09,-0.56,0.43,288.56,-0.00,-0.00,-0.00,-0.00,-0.00,0.00,10.00
66179.00,-116.14,-16.28,-0.36,0.00,0.19,4.82,-0.56,0.43,172.57,-0.00,-0.00,-0.00,-0.00,-0.00,-0.00,10.00
66189.00,-116.14,-16.28,-0.43,0.00,0.19,-6.92,-0.56,0.43,-1173.84,-0.00,-0.00,-0.00,-0.00,0.00,-0.00,19.00
66208.00,-116.14,-16.28,-0.43,0.00,0.19,-0.38,-0.56,0.43,344.17,-0.00,-0.00,-0.00,0.00,0.00,0.00,10.00
66218.00,-116.14,-16.28,-0.43,0.00,0.19,0.14,-0.56,0.43,52.15,-0.00,-0.00,-0.00,0.00,-0.00,0.00,10.00
66233.00,-116.14,-16.28,-0.36,0.00,0.19,5.13,-0.56,0.43,332.66,-0.00,-0.00,-0.00,0.00,0.00,-0.00,10.00
66243.00,-116.14,-16.28,-0.38,0.00,0.19,-2.64,-0.56,0.43,-776.42,-0.00,-0.00,-0.00,0.00,0.00,-0.00,10.00
66253.00,-116.14,-16.28,-0.42,0.00,0.19,-3.76,-0.56,0.43,-112.87,-0.00,-0.00,-0.00,0.00,0.00,-0.00,10.00
66263.00,-116.14,-16.28,-0.38,0.00,0.19,3.85,-0.56,0.43,761.72,-0.00,-0.00,-0.00,0.00,0.00,-0.00,10.00
66273.00,-116.14,-16.28,-0.31,0.00,0.19,7.48,-0.56,0.43,362.68,-0.00,-0.00,-0.00,-0.00,-0.00,0.00,10.00
66283.00,-116.14,-16.28,-0.52,0.00,0.19,-20.85,-0.56,0.43,-2832.44,-0.00,-0.00,-0.00,-0.00,0.00,-0.00,10.00
66293.00,-116.14,-16.28,-0.43,0.00,0.19,8.59,-0.56,0.43,2943.83,-0.00,-0.00,-0.00,-0.00,0.00,-0.00,17.00
66310.00,-116.14,-16.28,-0.34,0.00,0.19,5.22,-0.56,0.43,-198.59,-0.00,-0.00,-0.00,0.00,0.00,0.00,10.00
66320.00,-116.14,-16.28,-0.42,0.00,0.19,-7.65,-0.56,0.43,-1286.44,-0.00,-0.00,-0.00,0.00,0.00,-0.00,10.00
66330.00,-116.14,-16.28,-0.31,0.00,0.19,10.32,-0.56,0.43,1796.37,-0.00,-0.00,-0.00,-0.00,0.00,0.00,10.00
