Time(ms), X(m), Y(m), Z(m), VX(m/s), VY(m/s), VZ(m/s), AX(m/s^2), AY(m/s^2), AZ(m/s^2), OX(degrees), OY(degrees), OZ(degrees), WX(degrees/s), WY(degrees/s), WZ(degrees/s), execution_time
12690.00,0.00,0.00,0.00,-0.05,-0.06,0.01,-3.12,-3.56,0.88,-0.00,0.00,0.00,-0.00,0.01,0.01,10.00
12705.00,-0.02,-0.01,-0.01,-0.05,-0.08,0.00,-0.13,-1.20,-0.67,-0.00,0.00,0.00,-0.01,0.01,0.02,19.00
12724.00,-0.02,-0.01,-0.01,-0.05,-0.08,0.00,0.00,0.00,0.00,-0.00,0.00,0.00,-0.01,0.01,0.01,10.00
12734.00,-0.02,-0.01,-0.01,-0.05,-0.08,0.00,0.00,0.00,0.00,-0.00,0.00,0.00,-0.00,0.01,-0.01,10.00
12744.00,-0.02,-0.01,-0.01,-0.05,-0.08,0.00,0.00,0.00,0.00,-0.00,0.00,0.00,0.00,-0.00,-0.01,10.00
12754.00,-0.03,-0.01,-0.02,-0.01,-0.06,-0.00,4.50,1.50,-0.60,-0.00,0.00,0.00,0.01,-0.01,-0.02,18.00
12772.00,-0.03,-0.01,-0.02,-0.01,-0.06,-0.00,0.00,0.00,0.00,-0.00,0.00,0.00,0.01,-0.01,0.01,10.00
12782.00,-0.03,-0.01,-0.02,-0.01,-0.06,-0.00,0.00,0.00,0.00,-0.00,0.00,0.00,0.00,-0.00,0.01,10.00
12792.00,-0.03,-0.01,-0.02,-0.01,-0.06,-0.00,0.00,0.00,0.00,-0.00,0.00,0.00,-0.01,0.01,0.02,10.00
12802.00,-0.06,-0.02,-0.02,-0.03,-0.06,-0.01,-2.50,0.10,-0.90,-0.00,0.00,0.00,-0.01,0.01,0.01,17.00
12819.00,-0.06,-0.02,-0.02,-0.03,-0.06,-0.01,0.00,0.00,0.00,-0.00,0.00,0.00,-0.00,0.00,-0.01,10.00
12834.00,-0.06,-0.02,-0.02,-0.03,-0.06,-0.01,0.00,0.00,0.00,-0.00,0.00,0.00,0.00,-0.01,-0.01,10.00
12844.00,-0.06,-0.02,-0.02,-0.03,-0.06,-0.01,0.00,0.00,0.00,-0.00,0.00,0.00,0.01,-0.01,-0.00,10.00
12854.00,-0.06,-0.02,-0.02,-0.03,-0.06,-0.01,0.00,0.00,0.00,-0.00,0.00,0.00,0.00,-0.01,0.00,10.00
12864.00,-0.08,-0.02,-0.03,-0.06,-0.10,-0.02,-3.20,-4.00,-1.20,-0.00,0.00,0.00,0.00,-0.00,0.01,17.00
12881.00,-0.08,-0.02,-0.03,-0.06,-0.10,-0.02,0.00,0.00,0.00,-0.00,0.00,0.00,-0.01,0.01,0.00,10.00
12891.00,-0.08,-0.02,-0.03,-0.06,-0.10,-0.02,0.00,0.00,0.00,-0.00,0.00,0.00,-0.00,-0.00,-0.00,10.00
12901.00,-0.08,-0.02,-0.03,-0.06,-0.10,-0.02,0.00,0.00,0.00,-0.00,0.00,0.00,0.00,-0.01,-0.00,10.00
12911.00,-0.09,-0.04,-0.03,-0.02,-0.16,-0.03,4.30,-6.00,-1.10,-0.00,0.00,0.00,0.01,-0.01,0.00,15.00
12926.00,-0.09,-0.04,-0.03,-0.02,-0.16,-0.03,0.00,0.00,0.00,-0.00,0.00,0.00,0.00,-0.01,0.00,10.00
12936.00,-0.09,-0.04,-0.03,-0.02,-0.16,-0.03,0.00,0.00,0.00,-0.00,0.00,0.00,-0.00,-0.00,0.00,10.00
12951.00,-0.09,-0.04,-0.03,-0.02,-0.16,-0.03,0.00,0.00,0.00,-0.00,0.00,0.00,0.00,0.01,0.01,10.00
12961.00,-0.09,-0.04,-0.03,-0.02,-0.16,-0.03,0.00,0.00,0.00,-0.00,0.00,0.00,-0.00,0.01,0.01,10.00
12971.00,-0.10,-0.05,-0.04,-0.01,-0.20,-0.04,1.20,-4.40,-0.50,-0.00,0.00,0.00,-0.00,-0.00,0.00,15.00
12986.00,-0.10,-0.05,-0.04,-0.01,-0.20,-0.04,0.00,0.00,0.00,-0.00,0.00,0.00,0.00,-0.01,-0.00,10.00
12996.00,-0.10,-0.05,-0.04,-0.01,-0.20,-0.04,0.00,0.00,0.00,-0.00,0.00,0.00,0.01,-0.01,-0.00,10.00
13006.00,-0.10,-0.07,-0.08,0.03,-0.10,-0.01,4.20,9.90,2.60,-0.00,-0.00,0.00,0.00,-0.00,-0.00,18.00
13024.00,-0.10,-0.07,-0.08,0.03,-0.10,-0.01,0.00,0.00,0.00,-0.00,0.00,0.00,-0.01,0.01,0.00,10.00
13034.00,-0.10,-0.07,-0.08,0.03,-0.10,-0.01,0.00,0.00,0.00,-0.00,0.00,0.00,-0.01,0.01,0.00,10.00
13044.00,-0.10,-0.07,-0.08,0.03,-0.10,-0.01,0.00,0.00,0.00,-0.00,0.00,0.00,0.00,0.00,-0.00,10.00
13054.00,-0.13,-0.07,-0.08,-0.07,-0.11,-0.02,-9.90,-0.70,-0.80,-0.00,0.00,0.00,0.00,-0.00,-0.00,18.00
13077.00,-0.13,-0.07,-0.08,-0.07,-0.11,-0.02,0.00,0.00,0.00,-0.00,-0.00,0.00,0.00,-0.01,-0.00,10.00
13087.00,-0.13,-0.07,-0.08,-0.07,-0.11,-0.02,0.00,0.00,0.00,-0.00,-0.00,0.00,0.00,-0.00,-0.00,10.00
13097.00,-0.13,-0.07,-0.08,-0.07,-0.11,-0.02,0.00,0.00,0.00,-0.00,-0.00,0.00,-0.00,-0.00,-0.00,10.00
13107.00,-0.17,-0.06,-0.07,-0.16,-0.09,-0.04,-9.50,2.60,-2.10,-0.00,-0.00,0.00,0.00,0.00,-0.00,17.00
13124.00,-0.17,-0.06,-0.07,-0.16,-0.09,-0.04,0.00,0.00,0.00,-0.00,-0.00,0.00,-0.00,-0.00,0.00,10.00
13134.00,-0.17,-0.06,-0.07,-0.16,-0.09,-0.04,0.00,0.00,0.00,-0.00,-0.00,0.00,0.00,-0.00,0.00,10.00
13144.00,-0.17,-0.06,-0.07,-0.16,-0.09,-0.04,0.00,0.00,0.00,-0.00,-0.00,0.00,0.00,-0.00,0.00,10.00
13154.00,-0.17,-0.06,-0.09,-0.02,0.01,-0.03,14.30,9.80,1.50,-0.00,-0.00,0.00,0.00,-0.00,-0.00,17.00
13171.00,-0.17,-0.06,-0.09,-0.02,0.01,-0.03,0.00,0.00,0.00,-0.00,-0.00,0.00,-0.01,-0.00,-0.00,10.00
13181.00,-0.17,-0.06,-0.09,-0.02,0.01,-0.03,0.00,0.00,0.00,-0.00,-0.00,0.00,0.00,0.00,0.00,10.00
13196.00,-0.17,-0.06,-0.09,-0.02,0.01,-0.03,0.00,0.00,0.00,-0.00,-0.00,0.00,0.00,-0.00,0.01,10.00
13206.00,-0.14,-0.10,-0.15,0.14,0.01,0.02,16.20,-0.40,4.50,-0.00,-0.00,0.00,-0.00,0.00,0.00,18.00
13224.00,-0.14,-0.10,-0.15,0.14,0.01,0.02,0.00,0.00,0.00,-0.00,-0.00,0.00,-0.00,0.00,-0.00,10.00
13234.00,-0.14,-0.10,-0.15,0.14,0.01,0.02,0.00,0.00,0.00,-0.00,-0.00,0.00,-0.00,0.00,-0.00,10.00
13244.00,-0.14,-0.10,-0.15,0.14,0.01,0.02,0.00,0.00,0.00,-0.00,-0.00,0.00,0.00,-0.00,-0.00,10.00
13254.00,-0.14,-0.10,-0.15,0.14,0.01,0.02,0.00,0.00,0.00,-0.00,-0.00,0.00,0.00,-0.00,0.00,10.00
13264.00,-0.18,-0.08,-0.14,-0.00,0.02,0.00,-14.50,0.80,-1.50,-0.00,-0.00,0.00,0.00,0.00,0.00,17.00
13281.00,-0.18,-0.08,-0.14,-0.00,0.02,0.00,0.00,0.00,0.00,-0.00,-0.00,0.00,0.00,-0.00,0.00,10.00
13291.00,-0.18,-0.08,-0.14,-0.00,0.02,0.00,0.00,0.00,0.00,-0.00,-0.00,0.00,0.00,0.00,0.00,10.00
13301.00,-0.22,-0.07,-0.10,-0.20,-0.03,-0.04,-19.70,-4.50,-4.40,-0.00,-0.00,0.00,0.00,0.00,-0.00,16.00
13322.00,-0.22,-0.07,-0.10,-0.20,-0.03,-0.04,0.00,0.00,0.00,-0.00,-0.00,0.00,0.00,0.00,-0.00,10.00
13332.00,-0.22,-0.07,-0.10,-0.20,-0.03,-0.04,0.00,0.00,0.00,-0.00,-0.00,0.00,0.00,-0.00,0.00,10.00
13342.00,-0.22,-0.07,-0.10,-0.20,-0.03,-0.04,0.00,0.00,0.00,-0.00,-0.00,0.00,0.00,-0.01,0.00,10.00
13352.00,-0.22,-0.07,-0.10,-0.20,-0.03,-0.04,0.00,0.00,0.00,-0.00,-0.00,0.00,0.00,-0.00,0.00,10.00
13362.00,-0.24,-0.06,-0.09,-0.19,-0.01,-0.05,1.00,1.70,-1.30,-0.00,-0.00,0.00,-0.00,0.00,0.00,16.00
13378.00,-0.24,-0.06,-0.09,-0.19,-0.01,-0.05,0.00,0.00,0.00,-0.00,-0.00,0.00,-0.01,0.00,0.00,10.00
13388.00,-0.24,-0.06,-0.09,-0.19,-0.01,-0.05,0.00,0.00,0.00,-0.00,-0.00,0.00,-0.00,0.00,-0.00,10.00
13398.00,-0.24,-0.06,-0.09,-0.19,-0.01,-0.05,0.00,0.00,0.00,-0.00,-0.00,0.00,0.00,0.00,-0.00,10.00
13408.00,-0.26,-0.07,-0.10,-0.07,0.05,-0.05,12.20,5.70,0.20,-0.00,-0.00,0.00,-0.00,0.00,0.00,17.00
13425.00,-0.26,-0.07,-0.10,-0.07,0.05,-0.05,0.00,0.00,0.00,-0.00,-0.00,0.00,-0.00,-0.00,0.00,10.00
13440.00,-0.26,-0.07,-0.10,-0.07,0.05,-0.05,0.00,0.00,0.00,-0.00,-0.00,0.00,0.00,-0.00,-0.00,10.00
13450.00,-0.26,-0.07,-0.10,-0.07,0.05,-0.05,0.00,0.00,0.00,-0.00,-0.00,0.00,-0.00,-0.00,-0.00,10.00
13460.00,-0.24,-0.08,-0.12,0.07,0.06,-0.04,13.50,1.10,1.50,-0.00,-0.00,0.00,-0.00,-0.00,-0.00,16.00
13476.00,-0.24,-0.08,-0.12,0.07,0.06,-0.04,0.00,0.00,0.00,-0.00,-0.00,0.00,0.00,-0.00,0.00,10.00
13486.00,-0.24,-0.08,-0.12,0.07,0.06,-0.04,0.00,0.00,0.00,-0.00,-0.00,0.00,0.00,0.00,0.00,10.00
13496.00,-0.24,-0.08,-0.12,0.07,0.06,-0.04,0.00,0.00,0.00,-0.00,-0.00,0.00,0.00,0.00,0.00,10.00
13506.00,-0.26,-0.09,-0.13,0.07,0.03,-0.03,-0.20,-2.70,1.20,-0.00,-0.00,0.00,0.00,-0.00,0.00,18.00
13524.00,-0.26,-0.09,-0.13,0.07,0.03,-0.03,0.00,0.00,0.00,-0.00,-0.00,0.00,0.00,-0.00,0.00,10.00
13534.00,-0.26,-0.09,-0.13,0.07,0.03,-0.03,0.00,0.00,0.00,-0.00,-0.00,0.00,0.00,-0.00,0.00,10.00
13544.00,-0.26,-0.09,-0.13,0.07,0.03,-0.03,0.00,0.00,0.00,-0.00,-0.00,0.00,0.00,-0.00,-0.00,10.00
13559.00,-0.29,-0.09,-0.12,-0.06,-0.01,-0.04,-8.67,-2.53,-1.00,-0.00,-0.00,0.00,-0.00,-0.00,-0.00,17.00
13576.00,-0.29,-0.09,-0.12,-0.06,-0.01,-0.04,0.00,0.00,0.00,-0.00,-0.00,0.00,0.00,0.00,0.00,10.00
13586.00,-0.29,-0.09,-0.12,-0.06,-0.01,-0.04,0.00,0.00,0.00,-0.00,-0.00,0.00,0.00,0.00,0.00,10.00
13596.00,-0.29,-0.09,-0.12,-0.06,-0.01,-0.04,0.00,0.00,0.00,-0.00,-0.00,0.00,0.00,-0.00,0.00,10.00
13606.00,-0.32,-0.08,-0.11,-0.18,0.03,-0.06,-12.10,3.80,-1.60,-0.00,-0.00,0.00,-0.00,-0.00,0.00,18.00
13624.00,-0.32,-0.08,-0.11,-0.18,0.03,-0.06,0.00,0.00,0.00,-0.00,-0.00,0.00,0.00,0.00,-0.00,10.00
13634.00,-0.32,-0.08,-0.11,-0.18,0.03,-0.06,0.00,0.00,0.00,-0.00,-0.00,0.00,0.00,-0.00,-0.00,10.00
13644.00,-0.32,-0.08,-0.11,-0.18,0.03,-0.06,0.00,0.00,0.00,-0.00,-0.00,0.00,-0.00,-0.00,0.00,10.00
13654.00,-0.32,-0.08,-0.11,-0.18,0.03,-0.06,0.00,0.00,0.00,-0.00,-0.00,0.00,-0.00,0.00,0.00,10.00
13664.00,-0.35,-0.08,-0.11,-0.18,0.06,-0.07,0.20,3.00,-0.90,-0.00,-0.00,0.00,-0.00,0.00,0.00,18.00
13691.00,-0.35,-0.08,-0.11,-0.18,0.06,-0.07,0.00,0.00,0.00,-0.00,-0.00,0.00,0.00,0.00,0.00,10.00
13701.00,-0.35,-0.08,-0.11,-0.18,0.06,-0.07,0.00,0.00,0.00,-0.00,-0.00,0.00,-0.00,-0.00,0.00,10.00
13711.00,-0.35,-0.10,-0.12,-0.00,0.01,-0.06,17.80,-5.00,0.60,-0.00,-0.00,0.00,-0.00,-0.00,0.00,16.00
13727.00,-0.35,-0.10,-0.12,-0.00,0.01,-0.06,0.00,0.00,0.00,-0.00,-0.00,0.00,0.00,-0.00,0.00,10.00
13737.00,-0.35,-0.10,-0.12,-0.00,0.01,-0.06,0.00,0.00,0.00,-0.00,-0.00,0.00,0.00,-0.00,-0.00,10.00
13747.00,-0.35,-0.10,-0.12,-0.00,0.01,-0.06,0.00,0.00,0.00,-0.00,-0.00,0.00,-0.00,0.00,0.00,10.00
13757.00,-0.33,-0.13,-0.15,0.16,-0.04,-0.03,16.10,-4.60,2.60,-0.00,-0.00,0.00,0.00,0.00,0.00,18.00
13775.00,-0.33,-0.13,-0.15,0.16,-0.04,-0.03,0.00,0.00,0.00,-0.00,-0.00,0.00,0.00,-0.00,-0.00,10.00
13785.00,-0.33,-0.13,-0.15,0.16,-0.04,-0.03,0.00,0.00,0.00,-0.00,-0.00,0.00,-0.00,0.00,-0.00,10.00
13796.00,-0.33,-0.13,-0.15,0.16,-0.04,-0.03,0.00,0.00,0.00,-0.00,-0.00,0.00,-0.00,0.00,-0.00,10.00
13811.00,-0.35,-0.15,-0.16,0.09,-0.06,-0.02,-4.20,-1.47,1.00,-0.00,-0.00,0.00,-0.00,0.00,0.00,16.00
13827.00,-0.35,-0.15,-0.16,0.09,-0.06,-0.02,0.00,0.00,0.00,-0.00,-0.00,0.00,0.00,-0.00,0.00,10.00
13837.00,-0.35,-0.15,-0.16,0.09,-0.06,-0.02,0.00,0.00,0.00,-0.00,-0.00,0.00,0.00,-0.00,0.00,10.00
13847.00,-0.35,-0.15,-0.16,0.09,-0.06,-0.02,0.00,0.00,0.00,-0.00,-0.00,0.00,0.00,0.00,0.00,10.00
13857.00,-0.39,-0.14,-0.14,-0.11,-0.08,-0.04,-19.90,-1.90,-2.60,-0.00,-0.00,0.00,0.00,0.00,-0.00,18.00
13875.00,-0.39,-0.14,-0.14,-0.11,-0.08,-0.04,0.00,0.00,0.00,-0.00,-0.00,0.00,0.00,0.00,0.00,10.00
13885.00,-0.39,-0.14,-0.14,-0.11,-0.08,-0.04,0.00,0.00,0.00,-0.00,-0.00,0.00,0.00,-0.00,0.00,10.00
13895.00,-0.39,-0.14,-0.14,-0.11,-0.08,-0.04,0.00,0.00,0.00,-0.00,-0.00,0.00,-0.00,0.00,0.00,10.00
13905.00,-0.42,-0.13,-0.11,-0.19,-0.05,-0.07,-8.20,2.80,-3.00,-0.00,-0.00,0.00,0.00,0.01,0.00,18.00
13923.00,-0.42,-0.13,-0.11,-0.19,-0.05,-0.07,0.00,0.00,0.00,-0.00,-0.00,0.00,0.00,0.00,-0.00,10.00
13938.00,-0.42,-0.13,-0.11,-0.19,-0.05,-0.07,0.00,0.00,0.00,-0.00,-0.00,0.00,0.00,0.00,0.00,10.00
13948.00,-0.42,-0.13,-0.11,-0.19,-0.05,-0.07,0.00,0.00,0.00,-0.00,-0.00,0.00,0.00,0.00,-0.00,10.00
13958.00,-0.45,-0.12,-0.08,-0.12,0.02,-0.10,6.30,6.40,-2.60,-0.00,-0.00,0.00,0.00,0.00,-0.00,18.00
13976.00,-0.45,-0.12,-0.08,-0.12,0.02,-0.10,0.00,0.00,0.00,-0.00,-0.00,0.00,0.00,-0.00,0.00,10.00
13986.00,-0.45,-0.12,-0.08,-0.12,0.02,-0.10,0.00,0.00,0.00,-0.00,-0.00,0.00,-0.00,0.00,0.00,10.00
13996.00,-0.45,-0.12,-0.08,-0.12,0.02,-0.10,0.00,0.00,0.00,-0.00,-0.00,0.00,-0.00,-0.00,0.00,10.00
14006.00,-0.45,-0.13,-0.10,0.01,0.07,-0.09,13.10,5.20,1.20,-0.00,-0.00,0.00,-0.00,-0.00,-0.00,19.00
14025.00,-0.45,-0.13,-0.10,0.01,0.07,-0.09,0.00,0.00,0.00,-0.00,-0.00,0.00,0.00,-0.00,0.00,10.00
14035.00,-0.45,-0.13,-0.10,0.01,0.07,-0.09,0.00,0.00,0.00,-0.00,-0.00,0.00,-0.00,0.00,0.00,10.00
14045.00,-0.45,-0.13,-0.10,0.01,0.07,-0.09,0.00,0.00,0.00,-0.00,-0.00,0.00,0.00,0.00,0.00,10.00
14059.00,-0.42,-0.16,-0.15,0.19,0.06,-0.04,13.00,-0.71,3.50,-0.00,-0.00,0.00,-0.00,0.00,-0.00,18.00
14077.00,-0.42,-0.16,-0.15,0.19,0.06,-0.04,0.00,0.00,0.00,-0.00,-0.00,0.00,0.00,0.00,-0.00,10.00
14087.00,-0.42,-0.16,-0.15,0.19,0.06,-0.04,0.00,0.00,0.00,-0.00,-0.00,0.00,0.00,0.00,-0.00,10.00
14097.00,-0.42,-0.16,-0.15,0.19,0.06,-0.04,0.00,0.00,0.00,-0.00,-0.00,0.00,-0.00,0.00,0.00,10.00
14107.00,-0.46,-0.16,-0.13,-0.04,-0.02,-0.06,-22.50,-7.80,-2.10,-0.00,-0.00,0.00,0.00,-0.00,0.00,18.00
14125.00,-0.46,-0.16,-0.13,-0.04,-0.02,-0.06,0.00,0.00,0.00,-0.00,-0.00,0.00,0.00,0.00,0.00,10.00
14135.00,-0.46,-0.16,-0.13,-0.04,-0.02,-0.06,0.00,0.00,0.00,-0.00,-0.00,0.00,0.00,0.01,-0.00,10.00
14145.00,-0.46,-0.16,-0.13,-0.04,-0.02,-0.06,0.00,0.00,0.00,-0.00,-0.00,0.00,-0.00,0.00,-0.00,10.00
14155.00,-0.49,-0.16,-0.11,-0.15,-0.05,-0.09,-11.50,-2.50,-2.80,-0.00,-0.00,0.00,0.00,-0.00,0.00,16.00
14171.00,-0.49,-0.16,-0.11,-0.15,-0.05,-0.09,0.00,0.00,0.00,-0.00,-0.00,0.00,0.00,-0.00,-0.00,10.00
14185.00,-0.49,-0.16,-0.11,-0.15,-0.05,-0.09,0.00,0.00,0.00,-0.00,-0.00,0.00,0.00,0.00,-0.00,10.00
14195.00,-0.49,-0.16,-0.11,-0.15,-0.05,-0.09,0.00,0.00,0.00,-0.00,-0.00,0.00,-0.00,0.00,0.00,10.00
14205.00,-0.50,-0.16,-0.10,-0.08,0.02,-0.10,7.00,6.70,-0.90,-0.00,-0.00,0.00,-0.00,-0.00,0.00,16.00
14221.00,-0.50,-0.16,-0.10,-0.08,0.02,-0.10,0.00,0.00,0.00,-0.00,-0.00,0.00,-0.00,0.00,0.00,10.00
14231.00,-0.50,-0.16,-0.10,-0.08,0.02,-0.10,0.00,0.00,0.00,-0.00,-0.00,0.00,-0.00,-0.00,0.00,10.00
14241.00,-0.50,-0.16,-0.10,-0.08,0.02,-0.10,0.00,0.00,0.00,-0.00,-0.00,0.00,-0.00,-0.00,-0.00,10.00
14251.00,-0.50,-0.16,-0.10,-0.08,0.02,-0.10,0.00,0.00,0.00,-0.00,-0.00,0.00,-0.00,-0.00,-0.00,10.00
14261.00,-0.51,-0.16,-0.11,-0.00,0.03,-0.08,7.90,0.80,1.30,-0.00,-0.00,0.00,0.00,-0.00,-0.00,16.00
14277.00,-0.51,-0.16,-0.11,-0.00,0.03,-0.08,0.00,0.00,0.00,-0.00,-0.00,0.00,-0.00,-0.00,0.00,10.00
14287.00,-0.51,-0.16,-0.11,-0.00,0.03,-0.08,0.00,0.00,0.00,-0.00,-0.00,0.00,0.00,-0.00,0.00,10.00
14302.00,-0.51,-0.18,-0.14,0.03,0.04,-0.06,2.33,0.93,1.53,-0.00,-0.00,0.00,0.00,0.00,-0.00,16.00
14318.00,-0.51,-0.18,-0.14,0.03,0.04,-0.06,0.00,0.00,0.00,-0.00,-0.00,0.00,0.00,-0.00,0.00,10.00
14328.00,-0.51,-0.18,-0.14,0.03,0.04,-0.06,0.00,0.00,0.00,-0.00,-0.00,0.00,0.00,0.00,0.00,10.00
14338.00,-0.51,-0.18,-0.14,0.03,0.04,-0.06,0.00,0.00,0.00,-0.00,-0.00,0.00,0.00,-0.00,-0.00,10.00
14348.00,-0.51,-0.18,-0.14,0.03,0.04,-0.06,0.00,0.00,0.00,-0.00,-0.00,0.00,0.00,-0.00,0.00,10.00
14358.00,-0.52,-0.19,-0.15,0.02,0.06,-0.05,-1.10,2.10,1.50,-0.00,-0.00,0.00,-0.00,0.00,0.00,18.00
14376.00,-0.52,-0.19,-0.15,0.02,0.06,-0.05,0.00,0.00,0.00,-0.00,-0.00,0.00,-0.00,0.00,0.00,10.00
14386.00,-0.52,-0.19,-0.15,0.02,0.06,-0.05,0.00,0.00,0.00,-0.00,-0.00,0.00,-0.00,-0.00,0.00,10.00
14396.00,-0.52,-0.19,-0.15,0.02,0.06,-0.05,0.00,0.00,0.00,-0.00,-0.00,0.00,-0.00,0.00,-0.00,10.00
14406.00,-0.55,-0.19,-0.16,-0.02,0.08,-0.04,-4.50,1.70,0.60,-0.00,-0.00,0.00,-0.00,0.00,-0.00,16.00
14427.00,-0.55,-0.19,-0.16,-0.02,0.08,-0.04,0.00,0.00,0.00,-0.00,-0.00,0.00,-0.00,-0.00,0.00,10.00
14437.00,-0.55,-0.19,-0.16,-0.02,0.08,-0.04,0.00,0.00,0.00,-0.00,-0.00,0.00,0.00,0.00,0.00,10.00
14447.00,-0.55,-0.19,-0.16,-0.02,0.08,-0.04,0.00,0.00,0.00,-0.00,-0.00,0.00,-0.00,-0.00,0.00,10.00
14457.00,-0.56,-0.19,-0.15,-0.04,0.06,-0.05,-1.80,-1.80,-1.40,-0.00,-0.00,0.00,0.00,-0.00,0.00,18.00
14475.00,-0.56,-0.19,-0.15,-0.04,0.06,-0.05,0.00,0.00,0.00,-0.00,-0.00,0.00,0.00,-0.00,-0.00,10.00
14485.00,-0.56,-0.19,-0.15,-0.04,0.06,-0.05,0.00,0.00,0.00,-0.00,-0.00,0.00,0.00,-0.00,0.00,10.00
14495.00,-0.56,-0.19,-0.15,-0.04,0.06,-0.05,0.00,0.00,0.00,-0.00,-0.00,0.00,0.00,-0.00,0.00,10.00
14505.00,-0.58,-0.20,-0.15,-0.04,0.02,-0.06,0.60,-4.40,-0.50,-0.00,-0.00,0.00,0.00,-0.00,0.00,17.00
14522.00,-0.58,-0.20,-0.15,-0.04,0.02,-0.06,0.00,0.00,0.00,-0.00,-0.00,0.00,0.00,-0.00,-0.00,10.00
14532.00,-0.58,-0.20,-0.15,-0.04,0.02,-0.06,0.00,0.00,0.00,-0.00,-0.00,0.00,0.00,0.00,0.00,10.00
14547.00,-0.58,-0.20,-0.15,-0.04,0.02,-0.06,0.00,0.00,0.00,-0.00,-0.00,0.00,-0.00,0.00,0.00,10.00
14557.00,-0.58,-0.20,-0.15,-0.04,0.02,-0.06,0.00,0.00,0.00,-0.00,-0.00,0.00,0.00,0.00,0.00,10.00
14567.00,-0.59,-0.20,-0.16,-0.02,0.04,-0.05,1.30,2.20,0.70,-0.00,-0.00,0.00,-0.00,0.00,-0.00,19.00
14586.00,-0.59,-0.20,-0.16,-0.02,0.04,-0.05,0.00,0.00,0.00,-0.00,-0.00,0.00,-0.00,-0.00,-0.00,10.00
14596.00,-0.59,-0.20,-0.16,-0.02,0.04,-0.05,0.00,0.00,0.00,-0.00,-0.00,0.00,-0.00,0.00,0.00,10.00
14606.00,-0.59,-0.21,-0.18,0.04,0.03,-0.05,6.00,-0.90,0.40,-0.00,-0.00,0.00,-0.00,-0.00,0.00,17.00
14623.00,-0.59,-0.21,-0.18,0.04,0.03,-0.05,0.00,0.00,0.00,-0.00,-0.00,0.00,0.00,0.00,0.00,10.00
14633.00,-0.59,-0.21,-0.18,0.04,0.03,-0.05,0.00,0.00,0.00,-0.00,-0.00,0.00,0.00,0.00,-0.00,10.00
14643.00,-0.59,-0.21,-0.18,0.04,0.03,-0.05,0.00,0.00,0.00,-0.00,-0.00,0.00,-0.00,-0.01,-0.00,10.00
14653.00,-0.59,-0.21,-0.18,0.04,0.03,-0.05,0.00,0.00,0.00,-0.00,-0.00,0.00,0.00,-0.00,0.00,10.00
14668.00,-0.60,-0.23,-0.19,0.01,0.01,-0.04,-1.80,-1.33,0.33,-0.00,-0.00,0.00,0.00,-0.00,0.00,19.00
14687.00,-0.60,-0.23,-0.19,0.01,0.01,-0.04,0.00,0.00,0.00,-0.00,-0.00,0.00,0.00,0.00,-0.00,10.00
14697.00,-0.60,-0.23,-0.19,0.01,0.01,-0.04,0.00,0.00,0.00,-0.00,-0.00,0.00,0.00,0.00,-0.00,10.00
14707.00,-0.61,-0.22,-0.19,0.03,0.03,-0.05,1.50,1.90,-0.40,-0.00,-0.00,0.00,0.00,0.00,-0.00,19.00
14726.00,-0.61,-0.22,-0.19,0.03,0.03,-0.05,0.00,0.00,0.00,-0.00,-0.00,0.00,0.00,0.00,-0.00,10.00
14736.00,-0.61,-0.22,-0.19,0.03,0.03,-0.05,0.00,0.00,0.00,-0.00,-0.00,0.00,-0.00,-0.00,0.00,10.00
14746.00,-0.61,-0.22,-0.19,0.03,0.03,-0.05,0.00,0.00,0.00,-0.00,-0.00,0.00,-0.00,-0.00,0.00,10.00
14756.00,-0.61,-0.22,-0.19,0.03,0.03,-0.05,0.00,0.00,0.00,-0.00,-0.00,0.00,-0.00,-0.00,-0.00,10.00
14766.00,-0.62,-0.23,-0.20,0.00,0.02,-0.04,-2.60,-0.70,0.80,-0.00,-0.00,0.00,-0.00,-0.00,0.00,16.00
14782.00,-0.62,-0.23,-0.20,0.00,0.02,-0.04,0.00,0.00,0.00,-0.00,-0.00,0.00,-0.00,0.00,-0.00,10.00
14801.00,-0.63,-0.24,-0.21,-0.01,0.04,-0.03,-0.37,0.58,0.32,-0.00,-0.00,0.00,0.00,-0.00,0.00,18.00
14819.00,-0.63,-0.24,-0.21,-0.01,0.04,-0.03,0.00,0.00,0.00,-0.00,-0.00,0.00,0.00,0.00,0.00,10.00
14829.00,-0.63,-0.24,-0.21,-0.01,0.04,-0.03,0.00,0.00,0.00,-0.00,-0.00,0.00,0.00,0.00,-0.00,10.00
14839.00,-0.63,-0.24,-0.21,-0.01,0.04,-0.03,0.00,0.00,0.00,-0.00,-0.00,0.00,0.00,0.00,0.00,10.00
14849.00,-0.63,-0.24,-0.21,-0.01,0.04,-0.03,0.00,0.00,0.00,-0.00,-0.00,0.00,0.00,-0.00,0.00,10.00
14859.00,-0.65,-0.25,-0.23,0.03,0.01,-0.03,3.90,-2.50,0.60,-0.00,-0.00,0.00,0.00,-0.00,-0.00,18.00
14877.00,-0.65,-0.25,-0.23,0.03,0.01,-0.03,0.00,0.00,0.00,-0.00,-0.00,0.00,0.00,-0.00,0.00,10.00
14887.00,-0.65,-0.25,-0.23,0.03,0.01,-0.03,0.00,0.00,0.00,-0.00,-0.00,0.00,0.00,-0.00,0.00,10.00
14897.00,-0.65,-0.25,-0.23,0.03,0.01,-0.03,0.00,0.00,0.00,-0.00,-0.00,0.00,-0.00,0.00,0.00,10.00
14907.00,-0.66,-0.26,-0.23,0.00,-0.01,-0.03,-3.00,-1.80,-0.40,-0.00,-0.00,0.00,-0.00,-0.00,0.00,17.00
14928.00,-0.66,-0.26,-0.23,0.00,-0.01,-0.03,0.00,0.00,0.00,-0.00,-0.00,0.00,0.00,0.00,0.00,10.00
14938.00,-0.66,-0.26,-0.23,0.00,-0.01,-0.03,0.00,0.00,0.00,-0.00,-0.00,0.00,0.00,0.00,0.00,10.00
14948.00,-0.66,-0.26,-0.23,0.00,-0.01,-0.03,0.00,0.00,0.00,-0.00,-0.00,0.00,0.00,-0.00,-0.00,10.00
14958.00,-0.67,-0.27,-0.24,-0.00,-0.02,-0.03,-0.40,-1.30,-0.10,-0.00,-0.00,0.00,-0.00,-0.00,0.00,19.00
14977.00,-0.67,-0.27,-0.24,-0.00,-0.02,-0.03,0.00,0.00,0.00,-0.00,-0.00,0.00,0.00,0.00,-0.00,10.00
14987.00,-0.67,-0.27,-0.24,-0.00,-0.02,-0.03,0.00,0.00,0.00,-0.00,-0.00,0.00,0.00,-0.00,0.00,10.00
14997.00,-0.67,-0.27,-0.24,-0.00,-0.02,-0.03,0.00,0.00,0.00,-0.00,-0.00,0.00,0.00,0.00,0.00,10.00
15007.00,-0.69,-0.26,-0.25,-0.04,0.03,-0.03,-4.20,5.10,0.00,-0.00,-0.00,0.00,0.00,0.00,0.00,19.00
15026.00,-0.69,-0.26,-0.25,-0.04,0.03,-0.03,0.00,0.00,0.00,-0.00,-0.00,0.00,0.00,-0.00,0.00,10.00
15036.00,-0.69,-0.26,-0.25,-0.04,0.03,-0.03,0.00,0.00,0.00,-0.00,-0.00,0.00,-0.00,0.00,0.00,10.00
15051.00,-0.69,-0.26,-0.25,-0.04,0.03,-0.03,0.00,0.00,0.00,-0.00,-0.00,0.00,0.00,0.00,-0.00,10.00
15061.00,-0.70,-0.28,-0.25,-0.07,-0.01,-0.04,-2.20,-4.30,-0.30,-0.00,-0.00,0.00,0.00,-0.00,0.00,17.00
15078.00,-0.70,-0.28,-0.25,-0.07,-0.01,-0.04,0.00,0.00,0.00,-0.00,-0.00,0.00,0.00,0.00,0.00,10.00
15088.00,-0.70,-0.28,-0.25,-0.07,-0.01,-0.04,0.00,0.00,0.00,-0.00,-0.00,0.00,0.00,0.00,-0.00,10.00
15098.00,-0.70,-0.28,-0.25,-0.07,-0.01,-0.04,0.00,0.00,0.00,-0.00,-0.00,0.00,0.00,0.00,-0.00,10.00
15108.00,-0.71,-0.29,-0.25,-0.02,-0.02,-0.04,4.70,-0.20,-0.40,-0.00,-0.00,0.00,-0.00,0.00,0.00,19.00
15127.00,-0.71,-0.29,-0.25,-0.02,-0.02,-0.04,0.00,0.00,0.00,-0.00,-0.00,0.00,0.00,0.00,0.00,10.00
15137.00,-0.71,-0.29,-0.25,-0.02,-0.02,-0.04,0.00,0.00,0.00,-0.00,-0.00,0.00,-0.00,-0.00,-0.00,10.00
15147.00,-0.71,-0.29,-0.25,-0.02,-0.02,-0.04,0.00,0.00,0.00,-0.00,-0.00,0.00,-0.00,0.00,0.00,10.00
15157.00,-0.72,-0.29,-0.26,0.04,0.04,-0.03,5.50,5.10,0.60,-0.00,-0.00,0.00,-0.00,0.00,-0.00,18.00
15179.00,-0.72,-0.29,-0.26,0.04,0.04,-0.03,0.00,0.00,0.00,-0.00,-0.00,0.00,-0.00,-0.00,0.00,10.00
15189.00,-0.72,-0.29,-0.26,0.04,0.04,-0.03,0.00,0.00,0.00,-0.00,-0.00,0.00,-0.00,-0.00,0.00,10.00
15199.00,-0.72,-0.29,-0.26,0.04,0.04,-0.03,0.00,0.00,0.00,-0.00,-0.00,0.00,-0.00,0.00,0.00,10.00
15209.00,-0.72,-0.29,-0.26,0.04,0.04,-0.03,0.00,0.00,0.00,-0.00,-0.00,0.00,-0.00,0.00,-0.00,10.00
15219.00,-0.73,-0.30,-0.27,0.02,0.08,-0.03,-1.70,3.90,0.60,-0.00,-0.00,0.00,-0.00,0.00,0.00,19.00
15238.00,-0.73,-0.30,-0.27,0.02,0.08,-0.03,0.00,0.00,0.00,-0.00,-0.00,0.00,-0.00,-0.00,-0.00,10.00
15248.00,-0.73,-0.30,-0.27,0.02,0.08,-0.03,0.00,0.00,0.00,-0.00,-0.00,0.00,-0.00,-0.00,-0.00,10.00
15258.00,-0.75,-0.31,-0.28,-0.01,0.07,-0.02,-2.80,-0.20,0.70,-0.00,-0.00,0.00,-0.00,-0.01,0.00,19.00
15277.00,-0.75,-0.31,-0.28,-0.01,0.07,-0.02,0.00,0.00,0.00,-0.00,-0.00,0.00,0.00,0.00,-0.00,10.00
15287.00,-0.75,-0.31,-0.28,-0.01,0.07,-0.02,0.00,0.00,0.00,-0.00,-0.00,0.00,-0.00,0.00,-0.00,10.00
15301.00,-0.76,-0.32,-0.30,-0.00,0.03,-0.01,0.43,-3.29,0.64,-0.00,-0.00,0.00,-0.00,-0.00,-0.00,18.00
15319.00,-0.76,-0.32,-0.30,-0.00,0.03,-0.01,0.00,0.00,0.00,-0.00,-0.00,0.00,-0.00,-0.00,0.00,10.00
15329.00,-0.76,-0.32,-0.30,-0.00,0.03,-0.01,0.00,0.00,0.00,-0.00,-0.00,0.00,-0.00,0.00,0.00,10.00
15339.00,-0.76,-0.32,-0.30,-0.00,0.03,-0.01,0.00,0.00,0.00,-0.00,-0.00,0.00,-0.00,-0.00,0.00,10.00
15349.00,-0.76,-0.32,-0.30,-0.00,0.03,-0.01,0.00,0.00,0.00,-0.00,-0.00,0.00,-0.00,0.00,0.00,10.00
15359.00,-0.78,-0.33,-0.31,-0.02,-0.00,-0.01,-1.20,-3.00,-0.10,-0.00,-0.00,0.00,-0.00,0.00,0.00,19.00
15378.00,-0.78,-0.33,-0.31,-0.02,-0.00,-0.01,0.00,0.00,0.00,-0.00,-0.00,0.00,-0.00,-0.00,-0.00,10.00
15388.00,-0.78,-0.33,-0.31,-0.02,-0.00,-0.01,0.00,0.00,0.00,-0.00,-0.00,0.00,-0.00,0.00,0.00,10.00
15398.00,-0.78,-0.33,-0.31,-0.02,-0.00,-0.01,0.00,0.00,0.00,-0.00,-0.00,0.00,-0.00,0.00,0.00,10.00
15408.00,-0.79,-0.33,-0.31,-0.01,-0.00,-0.02,0.60,0.10,-0.50,-0.00,-0.00,0.00,-0.00,0.00,-0.00,18.00
15430.00,-0.79,-0.33,-0.31,-0.01,-0.00,-0.02,0.00,0.00,0.00,-0.00,-0.00,0.00,0.00,0.00,0.00,10.00
15440.00,-0.79,-0.33,-0.31,-0.01,-0.00,-0.02,0.00,0.00,0.00,-0.00,-0.00,0.00,0.00,0.00,0.00,10.00
15450.00,-0.79,-0.33,-0.31,-0.01,-0.00,-0.02,0.00,0.00,0.00,-0.00,-0.00,0.00,0.00,0.00,-0.00,10.00
15460.00,-0.80,-0.35,-0.32,0.01,-0.00,-0.02,2.10,-0.10,0.20,-0.00,-0.00,0.00,-0.00,0.00,-0.00,18.00
15478.00,-0.80,-0.35,-0.32,0.01,-0.00,-0.02,0.00,0.00,0.00,-0.00,-0.00,0.00,-0.00,0.00,-0.00,10.00
15488.00,-0.80,-0.35,-0.32,0.01,-0.00,-0.02,0.00,0.00,0.00,-0.00,-0.00,0.00,-0.00,0.00,0.00,10.00
15498.00,-0.80,-0.35,-0.32,0.01,-0.00,-0.02,0.00,0.00,0.00,-0.00,-0.00,0.00,-0.00,-0.00,-0.00,10.00
15508.00,-0.81,-0.35,-0.33,-0.01,-0.01,-0.01,-2.50,-0.30,0.10,-0.00,-0.00,0.00,0.00,-0.00,0.00,16.00
15524.00,-0.81,-0.35,-0.33,-0.01,-0.01,-0.01,0.00,0.00,0.00,-0.00,-0.00,0.00,-0.00,-0.00,0.00,10.00
15534.00,-0.81,-0.35,-0.33,-0.01,-0.01,-0.01,0.00,0.00,0.00,-0.00,-0.00,0.00,-0.00,-0.00,0.00,10.00
15549.00,-0.81,-0.35,-0.33,-0.01,-0.01,-0.01,0.00,0.00,0.00,-0.00,-0.00,0.00,-0.00,0.00,0.00,10.00
15559.00,-0.81,-0.35,-0.33,-0.01,-0.01,-0.01,0.00,0.00,0.00,-0.00,-0.00,0.00,0.00,0.00,0.00,10.00
15569.00,-0.83,-0.35,-0.34,-0.05,0.02,-0.02,-3.20,2.10,-0.40,-0.00,-0.00,0.00,0.00,0.00,0.00,18.00
15587.00,-0.83,-0.35,-0.34,-0.05,0.02,-0.02,0.00,0.00,0.00,-0.00,-0.00,0.00,0.00,-0.00,-0.00,10.00
15597.00,-0.83,-0.35,-0.34,-0.05,0.02,-0.02,0.00,0.00,0.00,-0.00,-0.00,0.00,-0.00,-0.00,0.00,10.00
15607.00,-0.85,-0.37,-0.34,-0.04,-0.03,-0.02,0.70,-4.30,-0.60,-0.00,-0.00,0.00,-0.00,-0.00,0.00,16.00
15623.00,-0.85,-0.37,-0.34,-0.04,-0.03,-0.02,0.00,0.00,0.00,-0.00,-0.00,0.00,-0.00,-0.00,0.00,10.00
15633.00,-0.85,-0.37,-0.34,-0.04,-0.03,-0.02,0.00,0.00,0.00,-0.00,-0.00,0.00,-0.00,0.00,0.00,10.00
15643.00,-0.85,-0.37,-0.34,-0.04,-0.03,-0.02,0.00,0.00,0.00,-0.00,-0.00,0.00,-0.00,0.00,0.00,10.00
15653.00,-0.85,-0.37,-0.34,-0.04,-0.03,-0.02,0.00,0.00,0.00,-0.00,-0.00,0.00,-0.00,0.00,0.00,10.00
15668.00,-0.86,-0.37,-0.35,0.00,0.01,-0.02,2.53,2.60,0.00,-0.00,-0.00,0.00,-0.00,-0.00,0.00,18.00
15686.00,-0.86,-0.37,-0.35,0.00,0.01,-0.02,0.00,0.00,0.00,-0.00,-0.00,0.00,0.00,0.00,0.00,10.00
15696.00,-0.86,-0.37,-0.35,0.00,0.01,-0.02,0.00,0.00,0.00,-0.00,-0.00,0.00,0.00,-0.00,-0.00,10.00
15706.00,-0.87,-0.37,-0.37,-0.03,0.03,-0.02,-2.70,2.30,0.20,-0.00,-0.00,0.00,0.00,-0.00,-0.00,15.00
15721.00,-0.87,-0.37,-0.37,-0.03,0.03,-0.02,0.00,0.00,0.00,-0.00,-0.00,0.00,-0.00,-0.00,-0.00,10.00
15731.00,-0.87,-0.37,-0.37,-0.03,0.03,-0.02,0.00,0.00,0.00,-0.00,-0.00,0.00,-0.00,0.00,-0.00,10.00
15741.00,-0.87,-0.37,-0.37,-0.03,0.03,-0.02,0.00,0.00,0.00,-0.00,-0.00,0.00,0.00,0.00,0.00,10.00
15751.00,-0.89,-0.38,-0.37,-0.01,0.03,-0.02,1.30,-0.70,-0.10,-0.00,-0.00,0.00,0.00,0.00,-0.00,18.00
15769.00,-0.89,-0.38,-0.37,-0.01,0.03,-0.02,0.00,0.00,0.00,-0.00,-0.00,0.00,-0.00,0.00,-0.00,10.00
15779.00,-0.89,-0.38,-0.37,-0.01,0.03,-0.02,0.00,0.00,0.00,-0.00,-0.00,0.00,-0.00,-0.00,0.00,10.00
15799.00,-0.89,-0.39,-0.39,0.02,0.03,-0.02,1.60,-0.10,0.30,-0.00,-0.00,0.00,-0.00,-0.00,0.00,20.00
15819.00,-0.89,-0.39,-0.39,0.02,0.03,-0.02,0.00,0.00,0.00,-0.00,-0.00,0.00,-0.00,-0.00,0.00,10.00
15829.00,-0.89,-0.39,-0.39,0.02,0.03,-0.02,0.00,0.00,0.00,-0.00,-0.00,0.00,-0.00,-0.00,0.00,10.00
15839.00,-0.89,-0.39,-0.39,0.02,0.03,-0.02,0.00,0.00,0.00,-0.00,-0.00,0.00,0.00,0.00,0.00,10.00
15849.00,-0.89,-0.39,-0.39,0.02,0.03,-0.02,0.00,0.00,0.00,-0.00,-0.00,0.00,0.00,0.00,0.00,10.00
15859.00,-0.91,-0.40,-0.40,0.00,-0.01,-0.02,-1.70,-3.80,-0.20,-0.00,-0.00,0.00,0.00,0.00,-0.00,19.00
15878.00,-0.91,-0.40,-0.40,0.00,-0.01,-0.02,0.00,0.00,0.00,-0.00,-0.00,0.00,0.00,-0.00,-0.00,10.00
15888.00,-0.91,-0.40,-0.40,0.00,-0.01,-0.02,0.00,0.00,0.00,-0.00,-0.00,0.00,0.00,0.00,0.00,10.00
15898.00,-0.91,-0.40,-0.40,0.00,-0.01,-0.02,0.00,0.00,0.00,-0.00,-0.00,0.00,0.00,0.00,0.00,10.00
15908.00,-0.92,-0.40,-0.41,-0.02,0.02,-0.02,-2.20,3.60,0.20,-0.00,-0.00,0.00,0.00,-0.00,0.00,16.00
15929.00,-0.92,-0.40,-0.41,-0.02,0.02,-0.02,0.00,0.00,0.00,-0.00,-0.00,0.00,0.00,0.00,-0.00,10.00
15939.00,-0.92,-0.40,-0.41,-0.02,0.02,-0.02,0.00,0.00,0.00,-0.00,-0.00,0.00,0.00,-0.00,0.00,10.00
15949.00,-0.92,-0.40,-0.41,-0.02,0.02,-0.02,0.00,0.00,0.00,-0.00,-0.00,0.00,0.00,-0.00,0.00,10.00
15960.00,-0.94,-0.40,-0.41,-0.04,0.01,-0.02,-1.27,-1.45,-0.55,-0.00,-0.00,0.00,-0.00,-0.00,0.00,19.00
15979.00,-0.94,-0.40,-0.41,-0.04,0.01,-0.02,0.00,0.00,0.00,-0.00,-0.00,0.00,-0.00,-0.00,-0.00,10.00
15989.00,-0.94,-0.40,-0.41,-0.04,0.01,-0.02,0.00,0.00,0.00,-0.00,-0.00,0.00,0.00,0.00,0.00,10.00
15999.00,-0.94,-0.40,-0.41,-0.04,0.01,-0.02,0.00,0.00,0.00,-0.00,-0.00,0.00,0.00,0.00,0.00,10.00
16009.00,-0.94,-0.40,-0.41,-0.04,0.01,-0.02,0.00,0.00,0.00,-0.00,-0.00,0.00,-0.00,-0.00,0.00,10.00
16019.00,-0.95,-0.41,-0.43,0.01,0.01,-0.02,4.00,0.30,0.50,-0.00,-0.00,0.00,0.00,0.00,0.00,19.00
16038.00,-0.95,-0.41,-0.43,0.01,0.01,-0.02,0.00,0.00,0.00,-0.00,-0.00,0.00,0.00,0.00,-0.00,10.00
16053.00,-0.96,-0.42,-0.44,0.03,0.03,-0.01,1.40,1.13,0.33,-0.00,-0.00,0.00,0.00,-0.00,-0.00,17.00
16070.00,-0.96,-0.42,-0.44,0.03,0.03,-0.01,0.00,0.00,0.00,-0.00,-0.00,0.00,0.00,-0.00,0.00,10.00
16080.00,-0.96,-0.42,-0.44,0.03,0.03,-0.01,0.00,0.00,0.00,-0.00,-0.00,0.00,0.00,-0.00,0.00,10.00
16090.00,-0.96,-0.42,-0.44,0.03,0.03,-0.01,0.00,0.00,0.00,-0.00,-0.00,0.00,-0.00,0.00,-0.00,10.00
16100.00,-0.96,-0.42,-0.44,0.03,0.03,-0.01,0.00,0.00,0.00,-0.00,-0.00,0.00,-0.00,0.00,-0.00,10.00
16110.00,-0.97,-0.43,-0.44,0.01,0.02,-0.02,-1.40,-1.10,-0.40,-0.00,-0.00,0.00,-0.00,-0.00,0.00,19.00
16129.00,-0.97,-0.43,-0.44,0.01,0.02,-0.02,0.00,0.00,0.00,-0.00,-0.00,0.00,0.00,-0.00,0.00,10.00
16139.00,-0.97,-0.43,-0.44,0.01,0.02,-0.02,0.00,0.00,0.00,-0.00,-0.00,0.00,0.00,0.00,-0.00,10.00
16149.00,-0.97,-0.43,-0.44,0.01,0.02,-0.02,0.00,0.00,0.00,-0.00,-0.00,0.00,0.00,0.00,-0.00,10.00
16159.00,-0.98,-0.43,-0.45,0.01,0.01,-0.01,-0.50,-0.20,0.30,-0.00,-0.00,0.00,-0.00,-0.00,-0.00,18.00
16182.00,-0.98,-0.43,-0.45,0.01,0.01,-0.01,0.00,0.00,0.00,-0.00,-0.00,0.00,0.00,-0.00,0.00,10.00
16192.00,-0.98,-0.43,-0.45,0.01,0.01,-0.01,0.00,0.00,0.00,-0.00,-0.00,0.00,-0.00,0.00,0.00,10.00
16202.00,-0.98,-0.43,-0.45,0.01,0.01,-0.01,0.00,0.00,0.00,-0.00,-0.00,0.00,-0.00,0.00,0.00,10.00
16212.00,-0.99,-0.45,-0.47,-0.02,0.02,-0.00,-2.50,0.60,1.00,-0.00,-0.00,0.00,-0.00,0.00,0.00,17.00
16229.00,-0.99,-0.45,-0.47,-0.02,0.02,-0.00,0.00,0.00,0.00,-0.00,-0.00,0.00,-0.00,0.00,0.00,10.00
16239.00,-0.99,-0.45,-0.47,-0.02,0.02,-0.00,0.00,0.00,0.00,-0.00,-0.00,0.00,0.00,-0.00,0.00,10.00
16249.00,-0.99,-0.45,-0.47,-0.02,0.02,-0.00,0.00,0.00,0.00,-0.00,-0.00,0.00,0.00,0.00,0.00,10.00
16259.00,-1.00,-0.45,-0.48,-0.02,0.02,-0.01,-0.40,0.00,-0.50,-0.00,-0.00,0.00,0.00,0.00,-0.00,18.00
16277.00,-1.00,-0.45,-0.48,-0.02,0.02,-0.01,0.00,0.00,0.00,-0.00,-0.00,0.00,-0.00,0.00,-0.00,10.00
16287.00,-1.00,-0.45,-0.48,-0.02,0.02,-0.01,0.00,0.00,0.00,-0.00,-0.00,0.00,-0.00,0.00,0.00,10.00
16302.00,-1.01,-0.46,-0.49,-0.00,0.02,-0.01,1.40,-0.20,-0.13,-0.00,-0.00,0.00,-0.00,-0.00,-0.00,18.00
16320.00,-1.01,-0.46,-0.49,-0.00,0.02,-0.01,0.00,0.00,0.00,-0.00,-0.00,0.00,-0.00,-0.00,-0.00,10.00
16330.00,-1.01,-0.46,-0.49,-0.00,0.02,-0.01,0.00,0.00,0.00,-0.00,-0.00,0.00,0.00,0.00,0.00,10.00
16340.00,-1.01,-0.46,-0.49,-0.00,0.02,-0.01,0.00,0.00,0.00,-0.00,-0.00,0.00,0.00,0.00,0.00,10.00
16350.00,-1.02,-0.47,-0.49,-0.01,-0.00,-0.01,-1.10,-1.80,0.00,-0.00,-0.00,0.00,0.00,-0.00,0.00,19.00
16369.00,-1.02,-0.47,-0.49,-0.01,-0.00,-0.01,0.00,0.00,0.00,-0.00,-0.00,0.00,0.00,0.00,0.00,10.00
16379.00,-1.02,-0.47,-0.49,-0.01,-0.00,-0.01,0.00,0.00,0.00,-0.00,-0.00,0.00,-0.00,-0.00,0.00,10.00
16389.00,-1.02,-0.47,-0.49,-0.01,-0.00,-0.01,0.00,0.00,0.00,-0.00,-0.00,0.00,0.00,0.00,0.00,10.00
16399.00,-1.02,-0.47,-0.49,-0.01,-0.00,-0.01,0.00,0.00,0.00,-0.00,-0.00,0.00,-0.00,0.00,0.00,10.00
16409.00,-1.05,-0.47,-0.50,-0.02,-0.01,-0.01,-0.90,-0.40,0.00,-0.00,-0.00,0.00,-0.00,0.00,-0.00,18.00
16431.00,-1.05,-0.47,-0.50,-0.02,-0.01,-0.01,0.00,0.00,0.00,-0.00,-0.00,0.00,0.00,-0.00,0.00,10.00
16441.00,-1.05,-0.47,-0.50,-0.02,-0.01,-0.01,0.00,0.00,0.00,-0.00,-0.00,0.00,-0.00,-0.00,0.00,10.00
16451.00,-1.05,-0.47,-0.50,-0.02,-0.01,-0.01,0.00,0.00,0.00,-0.00,-0.00,0.00,-0.00,-0.00,0.00,10.00
16461.00,-1.06,-0.48,-0.50,-0.02,0.01,-0.01,0.50,1.70,-0.20,-0.00,-0.00,0.00,0.00,0.00,-0.00,18.00
16479.00,-1.06,-0.48,-0.50,-0.02,0.01,-0.01,0.00,0.00,0.00,-0.00,-0.00,0.00,-0.00,0.00,0.00,10.00
16489.00,-1.06,-0.48,-0.50,-0.02,0.01,-0.01,0.00,0.00,0.00,-0.00,-0.00,0.00,0.00,0.00,0.00,10.00
16499.00,-1.06,-0.48,-0.50,-0.02,0.01,-0.01,0.00,0.00,0.00,-0.00,-0.00,0.00,0.00,0.00,0.00,10.00
16509.00,-1.06,-0.48,-0.50,-0.02,0.01,-0.01,0.00,0.00,0.00,-0.00,-0.00,0.00,-0.00,-0.00,-0.00,10.00
16519.00,-1.07,-0.49,-0.51,0.03,-0.01,-0.01,4.40,-2.30,0.00,-0.00,-0.00,0.00,0.00,0.00,0.00,16.00
16535.00,-1.07,-0.49,-0.51,0.03,-0.01,-0.01,0.00,0.00,0.00,-0.00,-0.00,0.00,0.00,-0.00,-0.00,10.00
16550.00,-1.08,-0.50,-0.52,0.00,-0.03,-0.02,-1.67,-1.47,-0.13,-0.00,-0.00,0.00,-0.00,-0.00,0.00,19.00
16569.00,-1.08,-0.50,-0.52,0.00,-0.03,-0.02,0.00,0.00,0.00,-0.00,-0.00,0.00,0.00,0.00,0.00,10.00
16579.00,-1.08,-0.50,-0.52,0.00,-0.03,-0.02,0.00,0.00,0.00,-0.00,-0.00,0.00,0.00,-0.00,0.00,10.00
16589.00,-1.08,-0.50,-0.52,0.00,-0.03,-0.02,0.00,0.00,0.00,-0.00,-0.00,0.00,0.00,0.00,-0.00,10.00
16599.00,-1.08,-0.50,-0.52,0.00,-0.03,-0.02,0.00,0.00,0.00,-0.00,-0.00,0.00,-0.00,-0.00,0.00,10.00
16609.00,-1.09,-0.51,-0.53,-0.01,-0.02,-0.01,-1.50,1.40,0.50,-0.00,-0.00,0.00,-0.00,-0.00,-0.00,17.00
16626.00,-1.09,-0.51,-0.53,-0.01,-0.02,-0.01,0.00,0.00,0.00,-0.00,-0.00,0.00,0.00,0.00,0.00,10.00
16636.00,-1.09,-0.51,-0.53,-0.01,-0.02,-0.01,0.00,0.00,0.00,-0.00,-0.00,0.00,0.00,0.00,0.00,10.00
16646.00,-1.09,-0.51,-0.53,-0.01,-0.02,-0.01,0.00,0.00,0.00,-0.00,-0.00,0.00,0.00,0.00,0.00,10.00
16656.00,-1.10,-0.51,-0.54,0.01,0.03,-0.01,1.70,4.80,0.30,-0.00,-0.00,0.00,0.00,0.00,0.00,16.00
16677.00,-1.10,-0.51,-0.54,0.01,0.03,-0.01,0.00,0.00,0.00,-0.00,-0.00,0.00,0.00,0.00,0.00,10.00
16687.00,-1.10,-0.51,-0.54,0.01,0.03,-0.01,0.00,0.00,0.00,-0.00,-0.00,0.00,0.00,-0.00,0.00,10.00
16697.00,-1.10,-0.51,-0.54,0.01,0.03,-0.01,0.00,0.00,0.00,-0.00,-0.00,0.00,0.00,-0.00,0.00,10.00
16707.00,-1.10,-0.51,-0.54,0.01,0.03,-0.01,0.00,0.00,0.00,-0.00,-0.00,0.00,0.00,0.01,-0.00,10.00
16717.00,-1.11,-0.52,-0.55,0.01,0.04,-0.00,0.10,1.20,0.50,-0.00,-0.00,0.00,-0.00,0.00,-0.00,16.00
16733.00,-1.11,-0.52,-0.55,0.01,0.04,-0.00,0.00,0.00,0.00,-0.00,-0.00,0.00,-0.00,0.00,-0.00,10.00
16743.00,-1.11,-0.52,-0.55,0.01,0.04,-0.00,0.00,0.00,0.00,-0.00,-0.00,0.00,-0.00,-0.00,-0.00,10.00
16753.00,-1.11,-0.54,-0.56,0.01,-0.02,0.01,0.70,-6.00,0.70,-0.00,-0.00,0.00,-0.00,-0.00,0.00,18.00
16771.00,-1.11,-0.54,-0.56,0.01,-0.02,0.01,0.00,0.00,0.00,-0.00,-0.00,0.00,0.00,0.00,0.00,10.00
16781.00,-1.11,-0.54,-0.56,0.01,-0.02,0.01,0.00,0.00,0.00,-0.00,-0.00,0.00,0.00,0.00,-0.00,10.00
16801.00,-1.12,-0.53,-0.56,0.02,0.01,0.00,0.20,1.20,-0.20,-0.00,-0.00,0.00,0.00,0.00,0.00,19.00
16820.00,-1.12,-0.53,-0.56,0.02,0.01,0.00,0.00,0.00,0.00,-0.00,-0.00,0.00,0.00,-0.00,0.00,10.00
16830.00,-1.12,-0.53,-0.56,0.02,0.01,0.00,0.00,0.00,0.00,-0.00,-0.00,0.00,-0.00,-0.00,-0.00,10.00
16840.00,-1.12,-0.53,-0.56,0.02,0.01,0.00,0.00,0.00,0.00,-0.00,-0.00,0.00,-0.00,0.00,-0.00,10.00
16850.00,-1.14,-0.55,-0.57,0.03,0.00,-0.00,1.50,-0.10,-0.20,-0.00,-0.00,0.00,0.00,0.00,0.00,18.00
16868.00,-1.14,-0.55,-0.57,0.03,0.00,-0.00,0.00,0.00,0.00,-0.00,-0.00,0.00,0.00,0.00,0.00,10.00
16878.00,-1.14,-0.55,-0.57,0.03,0.00,-0.00,0.00,0.00,0.00,-0.00,-0.00,0.00,0.00,-0.00,-0.00,10.00
16888.00,-1.14,-0.55,-0.57,0.03,0.00,-0.00,0.00,0.00,0.00,-0.00,-0.00,0.00,-0.00,0.00,-0.00,10.00
16898.00,-1.14,-0.55,-0.57,0.03,0.00,-0.00,0.00,0.00,0.00,-0.00,-0.00,0.00,-0.00,0.00,0.00,10.00
16908.00,-1.14,-0.55,-0.57,0.03,0.00,-0.00,0.00,0.00,0.00,-0.00,-0.00,0.00,-0.00,0.00,0.00,10.00
16923.00,-1.15,-0.56,-0.58,-0.01,0.01,-0.00,-2.67,0.33,0.00,-0.00,-0.00,0.00,-0.00,-0.00,0.00,19.00
16942.00,-1.15,-0.56,-0.58,-0.01,0.01,-0.00,0.00,0.00,0.00,-0.00,-0.00,0.00,0.00,-0.00,0.00,10.00
16952.00,-1.15,-0.56,-0.58,-0.01,0.01,-0.00,0.00,0.00,0.00,-0.00,-0.00,0.00,-0.00,-0.00,0.00,10.00
16962.00,-1.16,-0.56,-0.58,-0.00,0.00,0.00,0.50,-0.60,0.10,-0.00,-0.00,0.00,0.00,-0.00,0.00,19.00
16981.00,-1.16,-0.56,-0.58,-0.00,0.00,0.00,0.00,0.00,0.00,-0.00,-0.00,0.00,0.00,0.00,0.00,10.00
16991.00,-1.16,-0.56,-0.58,-0.00,0.00,0.00,0.00,0.00,0.00,-0.00,-0.00,0.00,0.00,0.00,-0.00,10.00
17001.00,-1.18,-0.57,-0.58,-0.01,0.00,0.00,-0.80,0.00,0.10,-0.00,-0.00,0.00,-0.00,0.00,0.00,19.00
17020.00,-1.18,-0.57,-0.58,-0.01,0.00,0.00,0.00,0.00,0.00,-0.00,-0.00,0.00,0.00,-0.00,0.00,10.00
17030.00,-1.18,-0.57,-0.58,-0.01,0.00,0.00,0.00,0.00,0.00,-0.00,-0.00,0.00,-0.00,0.00,0.00,10.00
17040.00,-1.18,-0.57,-0.58,-0.01,0.00,0.00,0.00,0.00,0.00,-0.00,-0.00,0.00,-0.00,0.00,-0.00,10.00
17055.00,-1.19,-0.58,-0.59,0.01,-0.02,0.00,1.27,-1.40,0.00,-0.00,-0.00,0.00,0.00,-0.00,0.00,18.00
17073.00,-1.19,-0.58,-0.59,0.01,-0.02,0.00,0.00,0.00,0.00,-0.00,-0.00,0.00,-0.00,-0.00,0.00,10.00
17083.00,-1.19,-0.58,-0.59,0.01,-0.02,0.00,0.00,0.00,0.00,-0.00,-0.00,0.00,-0.00,-0.00,0.00,10.00
17093.00,-1.19,-0.58,-0.59,0.01,-0.02,0.00,0.00,0.00,0.00,-0.00,-0.00,0.00,0.00,-0.00,-0.00,10.00
17103.00,-1.19,-0.58,-0.59,0.01,-0.02,0.00,0.00,0.00,0.00,-0.00,-0.00,0.00,0.00,0.00,0.00,10.00
17113.00,-1.20,-0.59,-0.59,-0.01,0.01,0.00,-1.70,2.50,0.20,-0.00,-0.00,0.00,-0.00,-0.00,0.00,18.00
17131.00,-1.20,-0.59,-0.59,-0.01,0.01,0.00,0.00,0.00,0.00,-0.00,-0.00,0.00,0.00,-0.00,0.00,10.00
17141.00,-1.20,-0.59,-0.59,-0.01,0.01,0.00,0.00,0.00,0.00,-0.00,-0.00,0.00,-0.00,-0.00,0.00,10.00
17151.00,-1.20,-0.59,-0.59,-0.01,0.01,0.00,0.00,0.00,0.00,-0.00,-0.00,0.00,-0.00,0.00,0.00,10.00
17161.00,-1.20,-0.59,-0.59,-0.01,0.01,0.00,0.00,0.00,0.00,-0.00,-0.00,0.00,-0.00,0.00,0.00,10.00
17176.00,-1.21,-0.60,-0.59,-0.02,0.03,0.01,-0.47,1.40,0.13,-0.00,-0.00,0.00,0.00,0.00,0.00,18.00
17194.00,-1.21,-0.60,-0.59,-0.02,0.03,0.01,0.00,0.00,0.00,-0.00,-0.00,0.00,-0.00,0.00,-0.00,10.00
17204.00,-1.21,-0.60,-0.59,-0.02,0.03,0.01,0.00,0.00,0.00,-0.00,-0.00,0.00,0.00,0.00,-0.00,10.00
17214.00,-1.22,-0.61,-0.59,0.01,0.01,-0.00,2.50,-1.40,-0.60,-0.00,-0.00,0.00,0.00,0.00,-0.00,18.00
17232.00,-1.22,-0.61,-0.59,0.01,0.01,-0.00,0.00,0.00,0.00,-0.00,-0.00,0.00,0.00,0.00,0.00,10.00
17242.00,-1.22,-0.61,-0.59,0.01,0.01,-0.00,0.00,0.00,0.00,-0.00,-0.00,0.00,0.00,0.00,-0.00,10.00
17252.00,-1.22,-0.61,-0.59,0.01,0.01,-0.00,0.00,0.00,0.00,-0.00,-0.00,0.00,0.00,-0.00,-0.00,10.00
17262.00,-1.24,-0.62,-0.58,0.02,0.01,-0.01,1.50,-0.20,-0.70,-0.00,-0.00,0.00,-0.00,-0.00,0.00,19.00
17281.00,-1.24,-0.62,-0.58,0.02,0.01,-0.01,0.00,0.00,0.00,-0.00,-0.00,0.00,0.00,0.00,0.00,10.00
17291.00,-1.24,-0.62,-0.58,0.02,0.01,-0.01,0.00,0.00,0.00,-0.00,-0.00,0.00,-0.00,0.00,0.00,10.00
17306.00,-1.25,-0.62,-0.58,0.04,0.04,-0.00,0.87,2.00,0.33,-0.00,-0.00,0.00,0.00,0.00,0.00,18.00
17324.00,-1.25,-0.62,-0.58,0.04,0.04,-0.00,0.00,0.00,0.00,-0.00,-0.00,0.00,0.00,-0.00,-0.00,10.00
17334.00,-1.25,-0.62,-0.58,0.04,0.04,-0.00,0.00,0.00,0.00,-0.00,-0.00,0.00,0.00,0.00,-0.00,10.00
17344.00,-1.25,-0.62,-0.58,0.04,0.04,-0.00,0.00,0.00,0.00,-0.00,-0.00,0.00,-0.00,0.00,0.00,10.00
17354.00,-1.25,-0.62,-0.58,0.04,0.04,-0.00,0.00,0.00,0.00,-0.00,-0.00,0.00,-0.00,0.00,0.00,10.00
17364.00,-1.26,-0.65,-0.59,0.02,0.04,0.01,-1.90,-0.10,1.10,-0.00,-0.00,0.00,-0.00,0.00,0.00,18.00
17382.00,-1.26,-0.65,-0.59,0.02,0.04,0.01,0.00,0.00,0.00,-0.00,-0.00,0.00,-0.00,0.00,0.00,10.00
17392.00,-1.26,-0.65,-0.59,0.02,0.04,0.01,0.00,0.00,0.00,-0.00,-0.00,0.00,0.00,0.00,0.00,10.00
17402.00,-1.27,-0.66,-0.59,0.00,0.01,0.01,-1.70,-3.00,0.10,-0.00,-0.00,0.00,-0.00,0.00,0.00,19.00
17421.00,-1.27,-0.66,-0.59,0.00,0.01,0.01,0.00,0.00,0.00,-0.00,-0.00,0.00,0.00,0.00,0.00,10.00
17436.00,-1.27,-0.66,-0.59,0.00,0.01,0.01,0.00,0.00,0.00,-0.00,-0.00,0.00,-0.00,0.00,0.00,10.00
17446.00,-1.27,-0.66,-0.59,0.00,0.01,0.01,0.00,0.00,0.00,-0.00,-0.00,0.00,-0.00,-0.00,0.00,10.00
17456.00,-1.28,-0.67,-0.59,-0.03,-0.03,0.01,-3.10,-3.80,0.30,-0.00,-0.00,0.00,-0.00,0.00,0.00,17.00
17473.00,-1.28,-0.67,-0.59,-0.03,-0.03,0.01,0.00,0.00,0.00,-0.00,-0.00,0.00,0.00,-0.00,0.00,10.00
17483.00,-1.28,-0.67,-0.59,-0.03,-0.03,0.01,0.00,0.00,0.00,-0.00,-0.00,0.00,0.00,0.00,-0.00,10.00
17493.00,-1.28,-0.67,-0.59,-0.03,-0.03,0.01,0.00,0.00,0.00,-0.00,-0.00,0.00,-0.00,0.00,-0.00,10.00
17503.00,-1.28,-0.67,-0.59,-0.03,-0.03,0.01,0.00,0.00,0.00,-0.00,-0.00,0.00,-0.00,0.00,0.00,10.00
17513.00,-1.30,-0.67,-0.61,-0.08,-0.01,0.01,-4.50,1.70,0.00,-0.00,-0.00,0.00,0.00,0.00,0.00,18.00
17531.00,-1.30,-0.67,-0.61,-0.08,-0.01,0.01,0.00,0.00,0.00,-0.00,-0.00,0.00,0.00,0.00,-0.00,10.00
17541.00,-1.30,-0.67,-0.61,-0.08,-0.01,0.01,0.00,0.00,0.00,-0.00,-0.00,0.00,-0.00,0.00,0.00,10.00
17556.00,-1.31,-0.67,-0.61,-0.03,-0.01,0.01,3.00,0.27,-0.47,-0.00,-0.00,0.00,-0.00,0.00,0.00,18.00
17574.00,-1.31,-0.67,-0.61,-0.03,-0.01,0.01,0.00,0.00,0.00,-0.00,-0.00,0.00,0.00,-0.00,0.00,10.00
17584.00,-1.31,-0.67,-0.61,-0.03,-0.01,0.01,0.00,0.00,0.00,-0.00,-0.00,0.00,0.00,0.00,0.00,10.00
17594.00,-1.31,-0.67,-0.61,-0.03,-0.01,0.01,0.00,0.00,0.00,-0.00,-0.00,0.00,0.00,-0.00,0.00,10.00
17604.00,-1.31,-0.67,-0.61,-0.03,-0.01,0.01,0.00,0.00,0.00,-0.00,-0.00,0.00,0.00,-0.00,0.00,10.00
17614.00,-1.31,-0.67,-0.62,0.05,-0.03,-0.00,7.80,-2.30,-0.60,-0.00,-0.00,0.00,0.00,0.00,0.00,15.00
17629.00,-1.31,-0.67,-0.62,0.05,-0.03,-0.00,0.00,0.00,0.00,-0.00,-0.00,0.00,0.00,0.00,0.00,10.00
17639.00,-1.31,-0.67,-0.62,0.05,-0.03,-0.00,0.00,0.00,0.00,-0.00,-0.00,0.00,0.00,0.00,0.00,10.00
17649.00,-1.31,-0.67,-0.62,0.05,-0.03,-0.00,0.00,0.00,0.00,-0.00,-0.00,0.00,0.00,0.00,0.00,10.00
17659.00,-1.31,-0.67,-0.63,0.11,-0.01,-0.00,6.40,2.30,-0.30,-0.00,-0.00,0.00,-0.00,-0.00,0.00,16.00
17679.00,-1.31,-0.67,-0.63,0.11,-0.01,-0.00,0.00,0.00,0.00,-0.00,-0.00,0.00,0.00,0.00,0.00,10.00
17689.00,-1.31,-0.67,-0.63,0.11,-0.01,-0.00,0.00,0.00,0.00,-0.00,-0.00,0.00,-0.00,0.00,0.00,10.00
17699.00,-1.31,-0.67,-0.63,0.11,-0.01,-0.00,0.00,0.00,0.00,-0.00,-0.00,0.00,0.00,-0.00,0.00,10.00
17709.00,-1.31,-0.67,-0.63,0.11,-0.01,-0.00,0.00,0.00,0.00,-0.00,-0.00,0.00,0.00,-0.00,-0.00,10.00
17719.00,-1.31,-0.68,-0.65,0.09,-0.00,0.01,-2.60,0.30,0.90,-0.00,-0.00,0.00,0.00,-0.00,0.00,16.00
17735.00,-1.31,-0.68,-0.65,0.09,-0.00,0.01,0.00,0.00,0.00,-0.00,-0.00,0.00,0.00,-0.00,0.00,10.00
17745.00,-1.31,-0.68,-0.65,0.09,-0.00,0.01,0.00,0.00,0.00,-0.00,-0.00,0.00,0.00,-0.00,0.00,10.00
17755.00,-1.31,-0.68,-0.65,0.09,-0.00,0.01,0.00,0.00,0.00,-0.00,-0.00,0.00,0.00,-0.00,0.00,10.00
17765.00,-1.32,-0.68,-0.66,0.05,0.03,0.01,-3.70,3.40,0.00,-0.00,-0.00,0.00,-0.00,-0.00,0.00,18.00
17783.00,-1.32,-0.68,-0.66,0.05,0.03,0.01,0.00,0.00,0.00,-0.00,-0.00,0.00,-0.00,-0.00,0.00,10.00
17803.00,-1.34,-0.68,-0.67,0.01,0.01,0.00,-1.90,-1.20,-0.20,-0.00,-0.00,0.00,0.00,0.00,0.00,19.00
17822.00,-1.34,-0.68,-0.67,0.01,0.01,0.00,0.00,0.00,0.00,-0.00,-0.00,0.00,0.00,0.01,-0.00,10.00
17832.00,-1.34,-0.68,-0.67,0.01,0.01,0.00,0.00,0.00,0.00,-0.00,-0.00,0.00,-0.00,0.00,-0.00,10.00
17843.00,-1.34,-0.68,-0.67,0.01,0.01,0.00,0.00,0.00,0.00,-0.00,-0.00,0.00,0.00,-0.00,0.00,10.00
17853.00,-1.34,-0.69,-0.69,-0.01,-0.00,0.01,-1.80,-1.10,0.40,-0.00,-0.00,0.00,0.00,0.00,0.00,19.00
17872.00,-1.34,-0.69,-0.69,-0.01,-0.00,0.01,0.00,0.00,0.00,-0.00,-0.00,0.00,0.00,0.00,0.00,10.00
17882.00,-1.34,-0.69,-0.69,-0.01,-0.00,0.01,0.00,0.00,0.00,-0.00,-0.00,0.00,0.00,0.00,0.00,10.00
17892.00,-1.34,-0.69,-0.69,-0.01,-0.00,0.01,0.00,0.00,0.00,-0.00,-0.00,0.00,0.00,-0.00,0.00,10.00
17902.00,-1.34,-0.69,-0.69,-0.01,-0.00,0.01,0.00,0.00,0.00,-0.00,-0.00,0.00,-0.00,-0.00,0.00,10.00
17912.00,-1.35,-0.68,-0.71,-0.01,0.01,0.01,-0.60,1.40,0.40,-0.00,-0.00,0.00,-0.00,-0.00,0.00,17.00
17934.00,-1.35,-0.68,-0.71,-0.01,0.01,0.01,0.00,0.00,0.00,-0.00,-0.00,0.00,-0.00,-0.00,0.00,10.00
17944.00,-1.35,-0.68,-0.71,-0.01,0.01,0.01,0.00,0.00,0.00,-0.00,-0.00,0.00,-0.00,0.00,0.00,10.00
17954.00,-1.35,-0.68,-0.71,-0.01,0.01,0.01,0.00,0.00,0.00,-0.00,-0.00,0.00,-0.00,0.00,0.00,10.00
17964.00,-1.36,-0.69,-0.72,-0.01,-0.01,0.01,-0.10,-1.90,-0.20,-0.00,-0.00,0.00,-0.00,0.00,-0.00,19.00
17983.00,-1.36,-0.69,-0.72,-0.01,-0.01,0.01,0.00,0.00,0.00,-0.00,-0.00,0.00,-0.00,0.00,-0.00,10.00
17993.00,-1.36,-0.69,-0.72,-0.01,-0.01,0.01,0.00,0.00,0.00,-0.00,-0.00,0.00,-0.00,0.00,0.00,10.00
18003.00,-1.36,-0.69,-0.73,0.03,0.00,0.01,4.40,1.30,-0.20,-0.00,-0.00,0.00,-0.00,-0.00,0.00,19.00
18022.00,-1.36,-0.69,-0.73,0.03,0.00,0.01,0.00,0.00,0.00,-0.00,-0.00,0.00,0.00,0.00,0.00,10.00
18032.00,-1.36,-0.69,-0.73,0.03,0.00,0.01,0.00,0.00,0.00,-0.00,-0.00,0.00,-0.00,0.00,0.00,10.00
18042.00,-1.36,-0.69,-0.73,0.03,0.00,0.01,0.00,0.00,0.00,-0.00,-0.00,0.00,0.00,-0.00,0.00,10.00
18057.00,-1.37,-0.69,-0.73,0.02,-0.01,-0.00,-0.60,-0.67,-0.47,-0.00,-0.00,0.00,0.00,0.00,0.00,18.00
18075.00,-1.37,-0.69,-0.73,0.02,-0.01,-0.00,0.00,0.00,0.00,-0.00,-0.00,0.00,0.00,0.00,-0.00,10.00
18085.00,-1.37,-0.69,-0.73,0.02,-0.01,-0.00,0.00,0.00,0.00,-0.00,-0.00,0.00,0.00,-0.00,-0.00,10.00
18095.00,-1.37,-0.69,-0.73,0.02,-0.01,-0.00,0.00,0.00,0.00,-0.00,-0.00,0.00,-0.00,-0.00,0.00,10.00
18105.00,-1.38,-0.69,-0.75,-0.01,-0.00,0.00,-3.40,0.40,0.40,-0.00,-0.00,0.00,-0.00,-0.00,-0.00,18.00
18123.00,-1.38,-0.69,-0.75,-0.01,-0.00,0.00,0.00,0.00,0.00,-0.00,-0.00,0.00,0.00,0.00,0.00,10.00
18133.00,-1.38,-0.69,-0.75,-0.01,-0.00,0.00,0.00,0.00,0.00,-0.00,-0.00,0.00,-0.00,0.00,0.00,10.00
18143.00,-1.38,-0.69,-0.75,-0.01,-0.00,0.00,0.00,0.00,0.00,-0.00,-0.00,0.00,-0.00,-0.00,0.00,10.00
18153.00,-1.38,-0.69,-0.75,-0.01,-0.00,0.00,0.00,0.00,0.00,-0.00,-0.00,0.00,0.00,-0.00,0.00,10.00
18163.00,-1.39,-0.69,-0.76,-0.02,0.00,0.00,-0.30,0.20,0.00,-0.00,-0.00,0.00,-0.00,-0.00,-0.00,18.00
18185.00,-1.39,-0.69,-0.76,-0.02,0.00,0.00,0.00,0.00,0.00,-0.00,-0.00,0.00,-0.00,0.00,0.00,10.00
18195.00,-1.39,-0.69,-0.76,-0.02,0.00,0.00,0.00,0.00,0.00,-0.00,-0.00,0.00,-0.00,-0.00,0.00,10.00
18205.00,-1.39,-0.70,-0.78,-0.00,0.00,0.01,1.50,0.40,0.50,-0.00,-0.00,0.00,0.00,-0.00,0.00,18.00
18223.00,-1.39,-0.70,-0.78,-0.00,0.00,0.01,0.00,0.00,0.00,-0.00,-0.00,0.00,0.00,0.00,0.00,10.00
18233.00,-1.39,-0.70,-0.78,-0.00,0.00,0.01,0.00,0.00,0.00,-0.00,-0.00,0.00,0.00,-0.00,0.00,10.00
18243.00,-1.39,-0.70,-0.78,-0.00,0.00,0.01,0.00,0.00,0.00,-0.00,-0.00,0.00,0.00,-0.00,0.00,10.00
18253.00,-1.40,-0.70,-0.79,-0.00,0.02,0.01,-0.10,1.20,0.10,-0.00,-0.00,0.00,0.00,0.00,-0.00,18.00
18271.00,-1.40,-0.70,-0.79,-0.00,0.02,0.01,0.00,0.00,0.00,-0.00,-0.00,0.00,0.00,0.00,0.00,10.00
18281.00,-1.40,-0.70,-0.79,-0.00,0.02,0.01,0.00,0.00,0.00,-0.00,-0.00,0.00,0.00,-0.00,0.00,10.00
18291.00,-1.40,-0.70,-0.79,-0.00,0.02,0.01,0.00,0.00,0.00,-0.00,-0.00,0.00,0.00,-0.00,0.00,10.00
18306.00,-1.40,-0.70,-0.80,0.01,-0.01,0.01,0.67,-1.47,-0.20,-0.00,-0.00,0.00,0.00,-0.00,-0.00,18.00
18324.00,-1.40,-0.70,-0.80,0.01,-0.01,0.01,0.00,0.00,0.00,-0.00,-0.00,0.00,0.00,-0.00,0.00,10.00
18334.00,-1.40,-0.70,-0.80,0.01,-0.01,0.01,0.00,0.00,0.00,-0.00,-0.00,0.00,-0.00,-0.00,0.00,10.00
18344.00,-1.40,-0.70,-0.80,0.01,-0.01,0.01,0.00,0.00,0.00,-0.00,-0.00,0.00,-0.00,0.00,0.00,10.00
18354.00,-1.40,-0.70,-0.80,0.01,-0.01,0.01,0.00,0.00,0.00,-0.00,-0.00,0.00,0.00,-0.00,-0.00,10.00
18364.00,-1.41,-0.70,-0.80,-0.02,-0.01,0.00,-2.40,-0.60,-0.50,-0.00,-0.00,0.00,0.00,-0.00,0.00,18.00
18382.00,-1.41,-0.70,-0.80,-0.02,-0.01,0.00,0.00,0.00,0.00,-0.00,-0.00,0.00,-0.00,-0.00,-0.00,10.00
18392.00,-1.41,-0.70,-0.80,-0.02,-0.01,0.00,0.00,0.00,0.00,-0.00,-0.00,0.00,0.00,0.00,0.00,10.00
18402.00,-1.41,-0.70,-0.80,-0.02,-0.01,0.00,0.00,0.00,0.00,-0.00,-0.00,0.00,-0.00,-0.01,0.00,10.00
18412.00,-1.42,-0.70,-0.82,-0.02,0.00,0.00,0.10,1.20,0.30,-0.00,-0.00,0.00,0.00,-0.00,0.00,17.00
18434.00,-1.42,-0.70,-0.82,-0.02,0.00,0.00,0.00,0.00,0.00,-0.00,-0.00,0.00,0.00,-0.00,-0.00,10.00
18444.00,-1.42,-0.70,-0.82,-0.02,0.00,0.00,0.00,0.00,0.00,-0.00,-0.00,0.00,0.00,-0.00,-0.00,10.00
18454.00,-1.44,-0.70,-0.83,0.00,0.01,0.00,1.70,1.40,-0.30,-0.00,-0.00,0.00,0.00,0.00,0.00,19.00
18473.00,-1.44,-0.70,-0.83,0.00,0.01,0.00,0.00,0.00,0.00,-0.00,-0.00,0.00,-0.00,0.00,0.00,10.00
18483.00,-1.44,-0.70,-0.83,0.00,0.01,0.00,0.00,0.00,0.00,-0.00,-0.00,0.00,0.00,-0.00,0.00,10.00
18493.00,-1.44,-0.70,-0.83,0.00,0.01,0.00,0.00,0.00,0.00,-0.00,-0.00,0.00,0.00,-0.00,0.00,10.00
18503.00,-1.44,-0.70,-0.84,0.00,0.02,0.00,-0.20,0.20,0.30,-0.00,-0.00,0.00,0.00,0.00,-0.00,17.00
18520.00,-1.44,-0.70,-0.84,0.00,0.02,0.00,0.00,0.00,0.00,-0.00,-0.00,0.00,0.00,0.00,0.00,10.00
18530.00,-1.44,-0.70,-0.84,0.00,0.02,0.00,0.00,0.00,0.00,-0.00,-0.00,0.00,0.00,0.00,0.00,10.00
18540.00,-1.44,-0.70,-0.84,0.00,0.02,0.00,0.00,0.00,0.00,-0.00,-0.00,0.00,0.00,-0.00,0.00,10.00
18554.00,-1.45,-0.71,-0.85,0.01,-0.01,0.01,0.57,-1.57,0.29,-0.00,-0.00,0.00,0.00,-0.00,-0.00,20.00
18574.00,-1.45,-0.71,-0.85,0.01,-0.01,0.01,0.00,0.00,0.00,-0.00,-0.00,0.00,0.00,-0.00,0.00,10.00
18584.00,-1.45,-0.71,-0.85,0.01,-0.01,0.01,0.00,0.00,0.00,-0.00,-0.00,0.00,0.00,0.00,0.00,10.00
18594.00,-1.45,-0.71,-0.85,0.01,-0.01,0.01,0.00,0.00,0.00,-0.00,-0.00,0.00,0.00,0.00,0.00,10.00
18604.00,-1.46,-0.71,-0.86,-0.02,0.00,0.01,-2.70,0.90,0.20,-0.00,-0.00,0.00,0.00,-0.00,0.00,19.00
18623.00,-1.46,-0.71,-0.86,-0.02,0.00,0.01,0.00,0.00,0.00,-0.00,-0.00,0.00,0.00,0.00,0.00,10.00
18633.00,-1.46,-0.71,-0.86,-0.02,0.00,0.01,0.00,0.00,0.00,-0.00,-0.00,0.00,0.00,-0.00,0.00,10.00
18643.00,-1.46,-0.71,-0.86,-0.02,0.00,0.01,0.00,0.00,0.00,-0.00,-0.00,0.00,0.00,-0.01,0.00,10.00
18653.00,-1.46,-0.71,-0.87,-0.01,-0.02,0.00,1.00,-2.00,-0.50,-0.00,-0.00,0.00,-0.00,-0.00,0.00,18.00
18671.00,-1.46,-0.71,-0.87,-0.01,-0.02,0.00,0.00,0.00,0.00,-0.00,-0.00,0.00,-0.00,0.00,0.00,10.00
18686.00,-1.46,-0.71,-0.87,-0.01,-0.02,0.00,0.00,0.00,0.00,-0.00,-0.00,0.00,-0.00,0.00,0.00,10.00
18696.00,-1.46,-0.71,-0.87,-0.01,-0.02,0.00,0.00,0.00,0.00,-0.00,-0.00,0.00,0.00,0.00,0.00,10.00
18706.00,-1.47,-0.71,-0.88,-0.02,-0.01,0.00,-0.80,0.80,0.00,-0.00,-0.00,0.00,-0.00,-0.00,0.00,18.00
18724.00,-1.47,-0.71,-0.88,-0.02,-0.01,0.00,0.00,0.00,0.00,-0.00,-0.00,0.00,-0.00,0.00,0.00,10.00
18734.00,-1.47,-0.71,-0.88,-0.02,-0.01,0.00,0.00,0.00,0.00,-0.00,-0.00,0.00,0.00,-0.00,0.00,10.00
18744.00,-1.47,-0.71,-0.88,-0.02,-0.01,0.00,0.00,0.00,0.00,-0.00,-0.00,0.00,0.00,0.00,0.00,10.00
18754.00,-1.47,-0.71,-0.90,0.00,0.01,0.01,2.00,1.80,0.20,-0.00,-0.00,0.00,0.00,-0.00,0.00,19.00
18773.00,-1.47,-0.71,-0.90,0.00,0.01,0.01,0.00,0.00,0.00,-0.00,-0.00,0.00,0.00,0.00,0.00,10.00
18783.00,-1.47,-0.71,-0.90,0.00,0.01,0.01,0.00,0.00,0.00,-0.00,-0.00,0.00,0.00,-0.00,-0.00,10.00
18793.00,-1.47,-0.71,-0.90,0.00,0.01,0.01,0.00,0.00,0.00,-0.00,-0.00,0.00,-0.00,0.00,-0.00,10.00
18808.00,-1.48,-0.71,-0.90,0.00,0.01,0.00,0.00,0.20,-0.13,-0.00,-0.00,0.00,-0.00,0.00,0.00,17.00
18825.00,-1.48,-0.71,-0.90,0.00,0.01,0.00,0.00,0.00,0.00,-0.00,-0.00,0.00,-0.00,0.00,0.00,10.00
18835.00,-1.48,-0.71,-0.90,0.00,0.01,0.00,0.00,0.00,0.00,-0.00,-0.00,0.00,-0.00,-0.00,0.00,10.00
18845.00,-1.48,-0.71,-0.90,0.00,0.01,0.00,0.00,0.00,0.00,-0.00,-0.00,0.00,0.00,-0.00,0.00,10.00
18855.00,-1.48,-0.71,-0.90,0.00,0.01,0.00,0.00,0.00,0.00,-0.00,-0.00,0.00,0.00,0.00,-0.00,10.00
18865.00,-1.49,-0.71,-0.91,0.00,-0.00,0.00,0.00,-1.30,-0.10,-0.00,-0.00,0.00,-0.00,0.00,0.00,18.00
18883.00,-1.49,-0.71,-0.91,0.00,-0.00,0.00,0.00,0.00,0.00,-0.00,-0.00,0.00,0.00,0.00,0.00,10.00
18893.00,-1.49,-0.71,-0.91,0.00,-0.00,0.00,0.00,0.00,0.00,-0.00,-0.00,0.00,0.00,0.00,0.00,10.00
18903.00,-1.49,-0.71,-0.91,0.00,-0.00,0.00,0.00,0.00,0.00,-0.00,-0.00,0.00,-0.00,0.00,0.00,10.00
18913.00,-1.49,-0.71,-0.92,0.00,0.00,0.01,0.00,0.50,0.20,-0.00,-0.00,0.00,0.00,0.00,0.00,17.00
18939.00,-1.49,-0.71,-0.92,0.00,0.00,0.01,0.00,0.00,0.00,-0.00,-0.00,0.00,0.00,0.00,-0.00,10.00
18949.00,-1.49,-0.71,-0.92,0.00,0.00,0.01,0.00,0.00,0.00,-0.00,-0.00,0.00,0.00,-0.00,-0.00,10.00
18959.00,-1.50,-0.71,-0.93,-0.01,0.02,0.00,-1.50,1.70,-0.40,-0.00,-0.00,0.00,0.00,-0.00,0.00,16.00
18975.00,-1.50,-0.71,-0.93,-0.01,0.02,0.00,0.00,0.00,0.00,-0.00,-0.00,0.00,-0.00,-0.00,0.00,10.00
18985.00,-1.50,-0.71,-0.93,-0.01,0.02,0.00,0.00,0.00,0.00,-0.00,-0.00,0.00,-0.00,0.00,0.00,10.00
18995.00,-1.50,-0.71,-0.93,-0.01,0.02,0.00,0.00,0.00,0.00,-0.00,-0.00,0.00,0.00,0.00,0.00,10.00
19005.00,-1.51,-0.72,-0.95,-0.03,0.03,0.00,-1.60,0.90,0.10,-0.00,-0.00,0.00,0.00,0.00,-0.00,18.00
19023.00,-1.51,-0.72,-0.95,-0.03,0.03,0.00,0.00,0.00,0.00,-0.00,-0.00,0.00,-0.00,0.00,-0.00,10.00
19033.00,-1.51,-0.72,-0.95,-0.03,0.03,0.00,0.00,0.00,0.00,-0.00,-0.00,0.00,0.00,0.00,0.00,10.00
19043.00,-1.51,-0.72,-0.95,-0.03,0.03,0.00,0.00,0.00,0.00,-0.00,-0.00,0.00,0.00,0.00,-0.00,10.00
19057.00,-1.51,-0.72,-0.95,0.00,0.00,-0.00,2.07,-1.86,-0.29,-0.00,-0.00,0.00,0.00,0.00,0.00,18.00
19075.00,-1.51,-0.72,-0.95,0.00,0.00,-0.00,0.00,0.00,0.00,-0.00,-0.00,0.00,0.00,-0.00,0.00,10.00
19085.00,-1.51,-0.72,-0.95,0.00,0.00,-0.00,0.00,0.00,0.00,-0.00,-0.00,0.00,-0.00,0.00,-0.00,10.00
19095.00,-1.51,-0.72,-0.95,0.00,0.00,-0.00,0.00,0.00,0.00,-0.00,-0.00,0.00,-0.00,0.00,0.00,10.00
19105.00,-1.53,-0.72,-0.96,-0.01,0.01,-0.00,-0.70,0.80,-0.10,-0.00,-0.00,0.00,-0.00,0.00,0.00,19.00
19124.00,-1.53,-0.72,-0.96,-0.01,0.01,-0.00,0.00,0.00,0.00,-0.00,-0.00,0.00,0.00,-0.00,0.00,10.00
19134.00,-1.53,-0.72,-0.96,-0.01,0.01,-0.00,0.00,0.00,0.00,-0.00,-0.00,0.00,-0.00,-0.00,0.00,10.00
19144.00,-1.53,-0.72,-0.96,-0.01,0.01,-0.00,0.00,0.00,0.00,-0.00,-0.00,0.00,0.00,0.00,-0.00,10.00
19154.00,-1.53,-0.72,-0.96,-0.01,0.01,-0.00,0.00,0.00,0.00,-0.00,-0.00,0.00,-0.00,0.00,0.00,10.00
19164.00,-1.53,-0.72,-0.98,0.00,0.00,0.01,0.80,-1.10,0.90,-0.00,-0.00,0.00,0.00,0.01,0.00,16.00
19185.00,-1.53,-0.72,-0.98,0.00,0.00,0.01,0.00,0.00,0.00,-0.00,-0.00,0.00,0.00,0.00,-0.00,10.00
19195.00,-1.53,-0.72,-0.98,0.00,0.00,0.01,0.00,0.00,0.00,-0.00,-0.00,0.00,0.00,0.00,-0.00,10.00
19205.00,-1.54,-0.72,-0.99,0.01,-0.00,0.01,1.20,-0.50,0.20,-0.00,-0.00,0.00,-0.00,0.00,0.00,18.00
19223.00,-1.54,-0.72,-0.99,0.01,-0.00,0.01,0.00,0.00,0.00,-0.00,-0.00,0.00,0.00,-0.00,-0.00,10.00
19233.00,-1.54,-0.72,-0.99,0.01,-0.00,0.01,0.00,0.00,0.00,-0.00,-0.00,0.00,-0.00,0.00,0.00,10.00
19243.00,-1.54,-0.72,-0.99,0.01,-0.00,0.01,0.00,0.00,0.00,-0.00,-0.00,0.00,0.00,0.00,0.00,10.00
19253.00,-1.54,-0.72,-0.99,0.01,-0.00,0.01,0.00,0.00,0.00,-0.00,-0.00,0.00,0.00,0.00,0.00,10.00
19263.00,-1.54,-0.72,-1.00,0.01,0.02,0.00,-0.40,2.80,-0.40,-0.00,-0.00,0.00,0.00,0.00,0.00,15.00
19278.00,-1.54,-0.72,-1.00,0.01,0.02,0.00,0.00,0.00,0.00,-0.00,-0.00,0.00,-0.00,-0.00,0.00,10.00
19288.00,-1.54,-0.72,-1.00,0.01,0.02,0.00,0.00,0.00,0.00,-0.00,-0.00,0.00,0.00,-0.00,0.00,10.00
19303.00,-1.55,-0.72,-1.00,-0.03,-0.01,-0.00,-2.47,-2.40,-0.47,-0.00,-0.00,0.00,0.00,0.00,0.00,16.00
19319.00,-1.55,-0.72,-1.00,-0.03,-0.01,-0.00,0.00,0.00,0.00,-0.00,-0.00,0.00,-0.00,0.00,-0.00,10.00
19329.00,-1.55,-0.72,-1.00,-0.03,-0.01,-0.00,0.00,0.00,0.00,-0.00,-0.00,0.00,-0.00,0.00,-0.00,10.00
19339.00,-1.55,-0.72,-1.00,-0.03,-0.01,-0.00,0.00,0.00,0.00,-0.00,-0.00,0.00,-0.00,-0.00,-0.00,10.00
19349.00,-1.55,-0.72,-1.00,-0.03,-0.01,-0.00,0.00,0.00,0.00,-0.00,-0.00,0.00,-0.00,-0.00,0.00,10.00
19359.00,-1.55,-0.73,-1.02,0.00,-0.02,0.01,3.00,-0.80,0.90,-0.00,-0.00,0.00,-0.00,-0.00,0.00,17.00
19376.00,-1.55,-0.73,-1.02,0.00,-0.02,0.01,0.00,0.00,0.00,-0.00,-0.00,0.00,-0.00,0.00,-0.00,10.00
19386.00,-1.55,-0.73,-1.02,0.00,-0.02,0.01,0.00,0.00,0.00,-0.00,-0.00,0.00,0.00,0.00,0.00,10.00
19396.00,-1.55,-0.73,-1.02,0.00,-0.02,0.01,0.00,0.00,0.00,-0.00,-0.00,0.00,-0.00,0.00,-0.00,10.00
19406.00,-1.55,-0.73,-1.02,0.00,-0.02,0.01,0.00,0.00,0.00,-0.00,-0.00,0.00,0.00,0.00,0.00,10.00
19422.00,-1.56,-0.73,-1.03,0.02,-0.02,0.01,0.88,-0.12,0.25,-0.00,-0.00,0.00,0.00,-0.00,-0.00,16.00
19438.00,-1.56,-0.73,-1.03,0.02,-0.02,0.01,0.00,0.00,0.00,-0.00,-0.00,0.00,-0.00,0.00,0.00,10.00
19448.00,-1.56,-0.73,-1.03,0.02,-0.02,0.01,0.00,0.00,0.00,-0.00,-0.00,0.00,-0.00,-0.00,0.00,10.00
19458.00,-1.57,-0.73,-1.03,-0.00,0.02,0.01,-1.90,3.70,-0.40,-0.00,-0.00,0.00,-0.00,-0.00,0.00,18.00
19476.00,-1.57,-0.73,-1.03,-0.00,0.02,0.01,0.00,0.00,0.00,-0.00,-0.00,0.00,-0.00,-0.00,-0.00,10.00
19486.00,-1.57,-0.73,-1.03,-0.00,0.02,0.01,0.00,0.00,0.00,-0.00,-0.00,0.00,0.00,-0.00,0.00,10.00
19496.00,-1.57,-0.73,-1.03,-0.00,0.02,0.01,0.00,0.00,0.00,-0.00,-0.00,0.00,0.00,0.00,-0.00,10.00
19506.00,-1.57,-0.73,-1.04,-0.01,0.01,0.00,-0.80,-0.10,-0.50,-0.00,-0.00,0.00,0.00,0.00,0.00,19.00
19525.00,-1.57,-0.73,-1.04,-0.01,0.01,0.00,0.00,0.00,0.00,-0.00,-0.00,0.00,-0.00,0.00,0.00,10.00
19535.00,-1.57,-0.73,-1.04,-0.01,0.01,0.00,0.00,0.00,0.00,-0.00,-0.00,0.00,-0.00,-0.00,0.00,10.00
19550.00,-1.57,-0.73,-1.04,-0.01,0.01,0.00,0.00,0.00,0.00,-0.00,-0.00,0.00,-0.00,0.00,0.00,10.00
19560.00,-1.57,-0.73,-1.04,-0.01,0.01,0.00,0.00,0.00,0.00,-0.00,-0.00,0.00,0.00,0.00,0.00,10.00
19570.00,-1.58,-0.73,-1.05,-0.00,0.01,-0.00,0.60,-0.30,-0.40,-0.00,-0.00,0.00,-0.00,0.00,0.00,17.00
19587.00,-1.58,-0.73,-1.05,-0.00,0.01,-0.00,0.00,0.00,0.00,-0.00,-0.00,0.00,0.00,-0.00,0.00,10.00
19597.00,-1.58,-0.73,-1.05,-0.00,0.01,-0.00,0.00,0.00,0.00,-0.00,-0.00,0.00,0.00,-0.00,0.00,10.00
19607.00,-1.58,-0.73,-1.05,-0.00,0.01,-0.00,0.00,0.00,0.00,-0.00,-0.00,0.00,0.00,0.00,0.00,10.00
19617.00,-1.58,-0.73,-1.06,-0.00,0.01,0.00,0.20,0.10,0.50,-0.00,-0.00,0.00,-0.00,0.00,0.00,18.00
19635.00,-1.58,-0.73,-1.06,-0.00,0.01,0.00,0.00,0.00,0.00,-0.00,-0.00,0.00,0.00,0.00,0.00,10.00
19645.00,-1.58,-0.73,-1.06,-0.00,0.01,0.00,0.00,0.00,0.00,-0.00,-0.00,0.00,0.00,0.00,0.00,10.00
19655.00,-1.58,-0.73,-1.06,-0.00,0.01,0.00,0.00,0.00,0.00,-0.00,-0.00,0.00,-0.00,0.00,-0.00,10.00
19670.00,-1.59,-0.73,-1.07,0.01,-0.00,0.01,0.87,-1.00,0.20,-0.00,-0.00,0.00,0.00,0.00,0.00,17.00
19687.00,-1.59,-0.73,-1.07,0.01,-0.00,0.01,0.00,0.00,0.00,-0.00,-0.00,0.00,0.00,0.01,-0.00,10.00
19697.00,-1.59,-0.73,-1.07,0.01,-0.00,0.01,0.00,0.00,0.00,-0.00,-0.00,0.00,0.00,0.00,0.00,10.00
19707.00,-1.59,-0.73,-1.07,0.01,-0.00,0.01,0.00,0.00,0.00,-0.00,-0.00,0.00,0.00,0.00,-0.00,10.00
19717.00,-1.59,-0.73,-1.08,-0.00,0.01,0.01,-1.20,1.30,0.00,-0.00,-0.00,0.00,0.00,0.00,-0.00,19.00
19736.00,-1.59,-0.73,-1.08,-0.00,0.01,0.01,0.00,0.00,0.00,-0.00,-0.00,0.00,0.00,0.00,0.00,10.00
19746.00,-1.59,-0.73,-1.08,-0.00,0.01,0.01,0.00,0.00,0.00,-0.00,-0.00,0.00,-0.00,0.00,0.00,10.00
19756.00,-1.59,-0.73,-1.08,-0.00,0.01,0.01,0.00,0.00,0.00,-0.00,-0.00,0.00,0.00,0.00,0.00,10.00
19766.00,-1.60,-0.73,-1.09,-0.00,-0.02,0.01,0.00,-2.90,0.20,-0.00,-0.00,0.00,0.00,-0.00,0.00,18.00
19784.00,-1.60,-0.73,-1.09,-0.00,-0.02,0.01,0.00,0.00,0.00,-0.00,-0.00,0.00,0.00,0.00,0.00,10.00
19799.00,-1.60,-0.73,-1.09,-0.00,-0.02,0.01,0.00,0.00,0.00,-0.00,-0.00,0.00,-0.00,0.00,0.00,10.00
19809.00,-1.60,-0.73,-1.09,-0.00,-0.02,0.01,0.00,0.00,0.00,-0.00,-0.00,0.00,-0.00,0.00,0.00,10.00
19819.00,-1.60,-0.73,-1.10,-0.01,0.00,0.01,-0.50,1.90,-0.20,-0.00,-0.00,0.00,-0.00,0.00,0.00,17.00
19836.00,-1.60,-0.73,-1.10,-0.01,0.00,0.01,0.00,0.00,0.00,-0.00,-0.00,0.00,0.00,0.00,0.00,10.00
19846.00,-1.60,-0.73,-1.10,-0.01,0.00,0.01,0.00,0.00,0.00,-0.00,-0.00,0.00,0.00,0.01,0.00,10.00
19856.00,-1.60,-0.73,-1.10,-0.01,0.00,0.01,0.00,0.00,0.00,-0.00,-0.00,0.00,0.00,0.01,0.00,10.00
19866.00,-1.61,-0.73,-1.11,0.00,0.01,0.01,0.90,0.60,0.00,-0.00,-0.00,0.00,-0.00,0.00,0.00,17.00
19883.00,-1.61,-0.73,-1.11,0.00,0.01,0.01,0.00,0.00,0.00,-0.00,-0.00,0.00,0.00,-0.00,-0.00,10.00
19893.00,-1.61,-0.73,-1.11,0.00,0.01,0.01,0.00,0.00,0.00,-0.00,-0.00,0.00,-0.00,0.00,0.00,10.00
19903.00,-1.63,-0.73,-1.11,0.01,-0.02,-0.00,0.20,-2.10,-0.80,-0.00,-0.00,0.00,0.00,0.01,-0.00,16.00
19929.00,-1.63,-0.73,-1.11,0.01,-0.02,-0.00,0.00,0.00,0.00,-0.00,-0.00,0.00,0.00,0.00,0.00,10.00
19939.00,-1.63,-0.73,-1.11,0.01,-0.02,-0.00,0.00,0.00,0.00,-0.00,-0.00,0.00,0.00,0.00,0.00,10.00
19949.00,-1.63,-0.73,-1.11,0.01,-0.02,-0.00,0.00,0.00,0.00,-0.00,-0.00,0.00,0.00,0.00,0.00,10.00
19959.00,-1.63,-0.73,-1.11,0.01,-0.02,-0.00,0.00,0.00,0.00,-0.00,-0.00,0.00,0.00,-0.00,0.00,10.00
19969.00,-1.63,-0.74,-1.12,0.00,-0.03,0.00,-0.40,-1.10,0.40,-0.00,-0.00,0.00,0.00,0.00,0.00,17.00
19986.00,-1.63,-0.74,-1.12,0.00,-0.03,0.00,0.00,0.00,0.00,-0.00,-0.00,0.00,0.00,0.00,0.00,10.00
19996.00,-1.63,-0.74,-1.12,0.00,-0.03,0.00,0.00,0.00,0.00,-0.00,-0.00,0.00,-0.00,-0.00,0.00,10.00
20006.00,-1.63,-0.74,-1.12,0.00,-0.03,0.00,0.00,0.00,0.00,-0.00,-0.00,0.00,0.00,0.00,0.00,10.00
20016.00,-1.64,-0.74,-1.14,-0.00,0.02,0.01,-0.40,4.10,0.70,-0.00,-0.00,0.00,0.00,0.00,0.00,17.00
20033.00,-1.64,-0.74,-1.14,-0.00,0.02,0.01,0.00,0.00,0.00,-0.00,0.00,0.00,-0.00,0.00,-0.00,10.00
20048.00,-1.64,-0.74,-1.14,-0.00,0.02,0.01,0.00,0.00,0.00,-0.00,-0.00,0.00,0.00,-0.00,0.00,10.00
20058.00,-1.64,-0.74,-1.14,-0.00,0.02,0.01,0.00,0.00,0.00,-0.00,-0.00,0.00,0.00,0.00,0.00,10.00
20068.00,-1.64,-0.74,-1.15,0.03,0.02,0.01,3.00,0.40,0.30,-0.00,-0.00,0.00,0.00,-0.00,0.00,19.00
20087.00,-1.64,-0.74,-1.15,0.03,0.02,0.01,0.00,0.00,0.00,-0.00,-0.00,0.00,0.00,0.00,0.00,10.00
20097.00,-1.64,-0.74,-1.15,0.03,0.02,0.01,0.00,0.00,0.00,-0.00,-0.00,0.00,0.00,-0.00,0.00,10.00
20107.00,-1.64,-0.74,-1.15,0.03,0.02,0.00,0.00,0.50,-0.80,-0.00,-0.00,0.00,-0.00,-0.00,0.00,19.00
20126.00,-1.64,-0.74,-1.15,0.03,0.02,0.00,0.00,0.00,0.00,-0.00,0.00,0.00,0.00,0.01,0.00,10.00
20136.00,-1.64,-0.74,-1.15,0.03,0.02,0.00,0.00,0.00,0.00,-0.00,0.00,0.00,-0.00,-0.00,0.00,10.00
20146.00,-1.64,-0.74,-1.15,0.03,0.02,0.00,0.00,0.00,0.00,-0.00,0.00,0.00,-0.00,-0.00,0.00,10.00
20156.00,-1.64,-0.74,-1.15,0.03,0.02,0.00,0.00,0.00,0.00,-0.00,0.00,0.00,0.00,0.00,-0.00,10.00
20170.00,-1.65,-0.74,-1.16,-0.00,-0.01,-0.00,-2.00,-2.21,-0.29,-0.00,0.00,0.00,0.00,0.00,0.00,18.00
20188.00,-1.65,-0.74,-1.16,-0.00,-0.01,-0.00,0.00,0.00,0.00,-0.00,0.00,0.00,0.00,0.00,0.00,10.00
20198.00,-1.65,-0.74,-1.16,-0.00,-0.01,-0.00,0.00,0.00,0.00,-0.00,0.00,0.00,-0.00,-0.00,0.00,10.00
20208.00,-1.65,-0.74,-1.16,-0.00,-0.01,-0.00,0.00,0.00,0.00,-0.00,0.00,0.00,-0.00,0.00,0.00,10.00
20218.00,-1.65,-0.74,-1.16,0.01,-0.01,-0.00,1.00,-0.40,-0.10,-0.00,0.00,0.00,0.00,0.00,-0.00,18.00
20236.00,-1.65,-0.74,-1.16,0.01,-0.01,-0.00,0.00,0.00,0.00,-0.00,0.00,0.00,-0.00,-0.00,0.00,10.00
20246.00,-1.65,-0.74,-1.16,0.01,-0.01,-0.00,0.00,0.00,0.00,-0.00,0.00,0.00,-0.00,0.00,-0.00,10.00
20256.00,-1.65,-0.74,-1.16,0.01,-0.01,-0.00,0.00,0.00,0.00,-0.00,0.00,0.00,0.00,0.00,0.00,10.00
20266.00,-1.66,-0.74,-1.18,-0.02,0.00,0.00,-2.60,1.50,0.30,-0.00,0.00,0.00,0.00,0.00,0.00,17.00
20283.00,-1.66,-0.74,-1.18,-0.02,0.00,0.00,0.00,0.00,0.00,-0.00,0.00,0.00,-0.00,0.00,-0.00,10.00
20298.00,-1.66,-0.74,-1.18,-0.02,0.00,0.00,0.00,0.00,0.00,-0.00,0.00,0.00,-0.00,-0.00,-0.00,10.00
20308.00,-1.66,-0.74,-1.18,-0.02,0.00,0.00,0.00,0.00,0.00,-0.00,0.00,0.00,0.00,0.00,-0.00,10.00
20318.00,-1.66,-0.74,-1.19,-0.02,0.03,0.00,0.10,2.40,0.20,-0.00,0.00,0.00,-0.00,0.00,-0.00,19.00
20337.00,-1.66,-0.74,-1.19,-0.02,0.03,0.00,0.00,0.00,0.00,-0.00,0.00,0.00,0.00,0.00,-0.00,10.00
20347.00,-1.66,-0.74,-1.19,-0.02,0.03,0.00,0.00,0.00,0.00,-0.00,0.00,0.00,0.00,0.00,0.00,10.00
20357.00,-1.66,-0.74,-1.19,-0.02,0.03,0.00,0.00,0.00,0.00,-0.00,0.00,0.00,0.00,0.00,0.00,10.00
20367.00,-1.67,-0.74,-1.19,-0.00,0.02,0.01,1.30,-1.20,0.20,-0.00,0.00,0.00,0.00,0.00,-0.00,18.00
20385.00,-1.67,-0.74,-1.19,-0.00,0.02,0.01,0.00,0.00,0.00,-0.00,0.00,0.00,-0.00,-0.00,-0.00,10.00
20395.00,-1.67,-0.74,-1.19,-0.00,0.02,0.01,0.00,0.00,0.00,-0.00,0.00,0.00,0.00,0.00,0.00,10.00
20405.00,-1.67,-0.75,-1.20,-0.01,-0.03,0.01,-0.40,-4.60,0.20,-0.00,0.00,0.00,0.00,0.00,0.00,16.00
20426.00,-1.67,-0.75,-1.20,-0.01,-0.03,0.01,0.00,0.00,0.00,-0.00,0.00,0.00,0.00,0.00,0.00,10.00
20436.00,-1.67,-0.75,-1.20,-0.01,-0.03,0.01,0.00,0.00,0.00,-0.00,0.00,0.00,0.00,0.00,0.00,10.00
20446.00,-1.67,-0.75,-1.20,-0.01,-0.03,0.01,0.00,0.00,0.00,-0.00,0.00,0.00,-0.00,-0.00,-0.00,10.00
20456.00,-1.68,-0.74,-1.20,0.00,0.00,-0.00,1.00,3.00,-0.90,-0.00,0.00,0.00,0.00,0.00,0.00,17.00
20473.00,-1.68,-0.74,-1.20,0.00,0.00,-0.00,0.00,0.00,0.00,-0.00,0.00,0.00,-0.00,0.00,-0.00,10.00
20483.00,-1.68,-0.74,-1.20,0.00,0.00,-0.00,0.00,0.00,0.00,-0.00,0.00,0.00,-0.00,0.00,0.00,10.00
20493.00,-1.68,-0.74,-1.20,0.00,0.00,-0.00,0.00,0.00,0.00,-0.00,0.00,0.00,0.00,0.00,-0.00,10.00
20503.00,-1.68,-0.75,-1.21,0.03,0.00,0.00,2.90,0.20,0.40,-0.00,0.00,0.00,0.00,0.00,-0.00,16.00
20519.00,-1.68,-0.75,-1.21,0.03,0.00,0.00,0.00,0.00,0.00,-0.00,0.00,0.00,0.00,0.00,0.00,10.00
20529.00,-1.68,-0.75,-1.21,0.03,0.00,0.00,0.00,0.00,0.00,-0.00,0.00,0.00,0.00,0.00,0.00,10.00
20544.00,-1.68,-0.75,-1.21,0.03,0.00,0.00,0.00,0.00,0.00,-0.00,0.00,0.00,0.00,-0.00,-0.00,10.00
20554.00,-1.69,-0.75,-1.22,0.03,-0.02,0.00,-0.40,-2.10,0.00,-0.00,0.00,0.00,0.00,0.00,-0.00,16.00
20570.00,-1.69,-0.75,-1.22,0.03,-0.02,0.00,0.00,0.00,0.00,-0.00,0.00,0.00,0.00,0.00,-0.00,10.00
20580.00,-1.69,-0.75,-1.22,0.03,-0.02,0.00,0.00,0.00,0.00,-0.00,0.00,0.00,0.00,0.00,0.00,10.00
20590.00,-1.69,-0.75,-1.22,0.03,-0.02,0.00,0.00,0.00,0.00,-0.00,0.00,0.00,0.00,0.00,-0.00,10.00
20600.00,-1.69,-0.75,-1.23,0.02,0.01,0.00,-1.30,3.30,0.10,-0.00,0.00,0.00,-0.00,-0.00,0.00,17.00
20617.00,-1.69,-0.75,-1.23,0.02,0.01,0.00,0.00,0.00,0.00,-0.00,0.00,0.00,-0.00,-0.00,0.00,10.00
20627.00,-1.69,-0.75,-1.23,0.02,0.01,0.00,0.00,0.00,0.00,-0.00,0.00,0.00,0.00,0.00,0.00,10.00
20637.00,-1.69,-0.75,-1.23,0.02,0.01,0.00,0.00,0.00,0.00,-0.00,0.00,0.00,0.00,0.00,0.00,10.00
20647.00,-1.69,-0.75,-1.23,0.02,0.01,0.00,0.00,0.00,0.00,-0.00,0.00,0.00,0.00,0.00,0.00,10.00
20662.00,-1.70,-0.75,-1.24,-0.03,-0.00,0.00,-3.00,-1.07,-0.07,-0.00,0.00,0.00,-0.00,-0.00,0.00,18.00
20680.00,-1.70,-0.75,-1.24,-0.03,-0.00,0.00,0.00,0.00,0.00,-0.00,0.00,0.00,-0.00,0.00,-0.00,10.00
20690.00,-1.70,-0.75,-1.24,-0.03,-0.00,0.00,0.00,0.00,0.00,-0.00,0.00,0.00,0.00,-0.00,0.00,10.00
20700.00,-1.70,-0.75,-1.25,-0.02,-0.02,0.01,0.90,-1.70,0.40,-0.00,0.00,0.00,-0.00,0.00,-0.00,17.00
20717.00,-1.70,-0.75,-1.25,-0.02,-0.02,0.01,0.00,0.00,0.00,-0.00,0.00,0.00,0.00,-0.01,0.00,10.00
20727.00,-1.70,-0.75,-1.25,-0.02,-0.02,0.01,0.00,0.00,0.00,-0.00,0.00,0.00,0.00,-0.00,0.00,10.00
20737.00,-1.70,-0.75,-1.25,-0.02,-0.02,0.01,0.00,0.00,0.00,-0.00,0.00,0.00,-0.00,-0.00,0.00,10.00
20747.00,-1.70,-0.75,-1.25,-0.02,-0.02,0.01,0.00,0.00,0.00,-0.00,0.00,0.00,0.00,-0.00,-0.00,10.00
20757.00,-1.70,-0.75,-1.25,-0.02,-0.02,0.01,0.00,0.00,0.00,-0.00,0.00,0.00,0.00,0.00,-0.00,10.00
20767.00,-1.70,-0.76,-1.26,0.01,-0.00,0.02,2.70,1.70,1.00,-0.00,0.00,0.00,-0.00,0.00,0.00,16.00
20788.00,-1.70,-0.76,-1.26,0.01,-0.00,0.02,0.00,0.00,0.00,-0.00,0.00,0.00,-0.00,-0.00,0.00,10.00
20798.00,-1.70,-0.76,-1.26,0.01,-0.00,0.02,0.00,0.00,0.00,-0.00,0.00,0.00,0.00,0.00,0.00,10.00
20808.00,-1.70,-0.76,-1.26,0.01,-0.00,0.02,0.00,0.00,0.00,-0.00,0.00,0.00,-0.00,0.00,0.00,10.00
20818.00,-1.71,-0.75,-1.26,0.01,-0.01,0.01,0.10,-0.60,-1.10,-0.00,0.00,0.00,0.00,-0.00,0.00,20.00
20838.00,-1.71,-0.75,-1.26,0.01,-0.01,0.01,0.00,0.00,0.00,-0.00,0.00,0.00,0.00,-0.00,-0.00,10.00
20848.00,-1.71,-0.75,-1.26,0.01,-0.01,0.01,0.00,0.00,0.00,-0.00,0.00,0.00,0.00,0.00,0.00,10.00
20858.00,-1.71,-0.75,-1.26,0.01,-0.01,0.01,0.00,0.00,0.00,-0.00,0.00,0.00,-0.00,-0.00,0.00,10.00
20868.00,-1.73,-0.75,-1.26,0.01,0.00,-0.00,0.10,0.90,-0.90,-0.00,0.00,0.00,-0.00,0.00,-0.00,19.00
20887.00,-1.73,-0.75,-1.26,0.01,0.00,-0.00,0.00,0.00,0.00,-0.00,0.00,0.00,0.00,0.00,0.00,10.00
20897.00,-1.73,-0.75,-1.26,0.01,0.00,-0.00,0.00,0.00,0.00,-0.00,0.00,0.00,0.00,0.00,0.00,10.00
20917.00,-1.73,-0.75,-1.27,-0.01,0.02,0.00,-0.95,1.05,0.25,-0.00,0.00,0.00,-0.00,0.00,-0.00,18.00
20935.00,-1.73,-0.75,-1.27,-0.01,0.02,0.00,0.00,0.00,0.00,-0.00,0.00,0.00,-0.00,-0.00,0.00,10.00
20945.00,-1.73,-0.75,-1.27,-0.01,0.02,0.00,0.00,0.00,0.00,-0.00,0.00,0.00,0.00,-0.00,0.00,10.00
20955.00,-1.73,-0.76,-1.28,0.01,0.01,0.00,1.90,-1.10,0.20,-0.00,0.00,0.00,-0.00,0.00,-0.00,16.00
20971.00,-1.73,-0.76,-1.28,0.01,0.01,0.00,0.00,0.00,0.00,-0.00,0.00,0.00,-0.00,0.00,-0.00,10.00
20981.00,-1.73,-0.76,-1.28,0.01,0.01,0.00,0.00,0.00,0.00,-0.00,0.00,0.00,-0.00,-0.00,0.00,10.00
20991.00,-1.73,-0.76,-1.28,0.01,0.01,0.00,0.00,0.00,0.00,-0.00,0.00,0.00,0.00,-0.00,0.00,10.00
21001.00,-1.73,-0.76,-1.28,0.01,0.01,0.00,0.00,0.00,0.00,-0.00,0.00,0.00,0.00,-0.00,0.00,10.00
21011.00,-1.73,-0.76,-1.28,0.01,0.01,0.00,0.00,0.00,0.00,-0.00,0.00,0.00,0.00,-0.00,-0.00,10.00
21021.00,-1.74,-0.76,-1.29,0.00,0.01,0.00,-0.70,-0.30,-0.20,-0.00,0.00,0.00,0.00,0.00,-0.00,18.00
21043.00,-1.74,-0.76,-1.29,0.00,0.01,0.00,0.00,0.00,0.00,-0.00,0.00,0.00,0.00,0.00,0.00,10.00
21053.00,-1.74,-0.76,-1.29,0.00,0.01,0.00,0.00,0.00,0.00,-0.00,0.00,0.00,0.00,0.00,0.00,10.00
21063.00,-1.74,-0.76,-1.30,-0.00,-0.01,0.00,-0.40,-1.90,-0.10,-0.00,0.00,0.00,0.00,-0.00,0.00,16.00
21079.00,-1.74,-0.76,-1.30,-0.00,-0.01,0.00,0.00,0.00,0.00,-0.00,0.00,0.00,0.00,0.00,0.00,10.00
21089.00,-1.74,-0.76,-1.30,-0.00,-0.01,0.00,0.00,0.00,0.00,-0.00,0.00,0.00,0.00,-0.00,0.00,10.00
21099.00,-1.74,-0.76,-1.30,-0.00,-0.01,0.00,0.00,0.00,0.00,-0.00,0.00,0.00,0.00,-0.00,0.00,10.00
21109.00,-1.74,-0.76,-1.30,-0.00,-0.01,0.00,0.00,0.00,0.00,-0.00,0.00,0.00,0.00,0.00,-0.00,10.00
21119.00,-1.75,-0.76,-1.30,-0.01,0.01,-0.00,-0.30,1.90,-0.10,-0.00,0.00,0.00,0.00,0.00,0.00,18.00
21137.00,-1.75,-0.76,-1.30,-0.01,0.01,-0.00,0.00,0.00,0.00,-0.00,0.00,0.00,0.00,0.00,-0.00,10.00
21147.00,-1.75,-0.76,-1.30,-0.01,0.01,-0.00,0.00,0.00,0.00,-0.00,0.00,0.00,-0.00,0.00,0.00,10.00
21162.00,-1.75,-0.77,-1.31,-0.00,0.00,0.01,0.20,-0.47,0.47,-0.00,0.00,0.00,-0.00,-0.00,0.00,18.00
21180.00,-1.75,-0.77,-1.31,-0.00,0.00,0.01,0.00,0.00,0.00,-0.00,0.00,0.00,0.00,-0.00,0.00,10.00
21190.00,-1.75,-0.77,-1.31,-0.00,0.00,0.01,0.00,0.00,0.00,-0.00,0.00,0.00,-0.00,-0.00,-0.00,10.00
21200.00,-1.75,-0.77,-1.32,0.03,-0.02,0.00,3.00,-1.90,-0.30,-0.00,0.00,0.00,-0.00,0.00,-0.00,19.00
21219.00,-1.75,-0.77,-1.32,0.03,-0.02,0.00,0.00,0.00,0.00,-0.00,0.00,0.00,0.00,-0.00,0.00,10.00
21229.00,-1.75,-0.77,-1.32,0.03,-0.02,0.00,0.00,0.00,0.00,-0.00,0.00,0.00,0.00,0.00,0.00,10.00
21239.00,-1.75,-0.77,-1.32,0.03,-0.02,0.00,0.00,0.00,0.00,-0.00,0.00,0.00,-0.00,-0.00,0.00,10.00
21249.00,-1.76,-0.77,-1.32,0.01,-0.02,0.00,-2.10,0.20,-0.30,-0.00,0.00,0.00,-0.00,0.00,-0.00,18.00
21267.00,-1.76,-0.77,-1.32,0.01,-0.02,0.00,0.00,0.00,0.00,-0.00,0.00,0.00,-0.00,0.00,0.00,10.00
21277.00,-1.76,-0.77,-1.32,0.01,-0.02,0.00,0.00,0.00,0.00,-0.00,0.00,0.00,0.00,0.00,-0.00,10.00
21292.00,-1.76,-0.77,-1.32,0.01,-0.02,0.00,0.00,0.00,0.00,-0.00,0.00,0.00,-0.00,0.00,0.00,10.00
21302.00,-1.77,-0.76,-1.33,-0.01,-0.00,0.00,-1.60,1.30,0.00,-0.00,0.00,0.00,-0.00,0.00,0.00,17.00
21319.00,-1.77,-0.76,-1.33,-0.01,-0.00,0.00,0.00,0.00,0.00,-0.00,0.00,0.00,0.00,0.00,0.00,10.00
21329.00,-1.77,-0.76,-1.33,-0.01,-0.00,0.00,0.00,0.00,0.00,-0.00,0.00,0.00,0.00,0.00,0.00,10.00
21339.00,-1.77,-0.76,-1.33,-0.01,-0.00,0.00,0.00,0.00,0.00,-0.00,0.00,0.00,0.00,0.00,-0.00,10.00
21349.00,-1.77,-0.76,-1.33,-0.01,-0.00,0.00,0.00,0.00,0.00,-0.00,0.00,0.00,0.00,-0.00,0.00,10.00
21359.00,-1.77,-0.76,-1.33,-0.01,-0.00,0.00,0.00,0.00,0.00,-0.00,0.00,0.00,0.00,-0.01,-0.00,10.00
21369.00,-1.77,-0.76,-1.33,-0.01,0.00,0.00,0.00,0.60,0.00,-0.00,0.00,0.00,-0.00,-0.00,0.00,19.00
21388.00,-1.77,-0.76,-1.33,-0.01,0.00,0.00,0.00,0.00,0.00,-0.00,0.00,0.00,0.00,-0.00,0.00,10.00
21398.00,-1.77,-0.76,-1.33,-0.01,0.00,0.00,0.00,0.00,0.00,-0.00,0.00,0.00,0.00,0.00,0.00,10.00
21413.00,-1.77,-0.77,-1.34,-0.01,-0.01,0.00,0.07,-0.80,0.13,-0.00,0.00,0.00,0.00,0.00,0.00,17.00
21430.00,-1.77,-0.77,-1.34,-0.01,-0.01,0.00,0.00,0.00,0.00,-0.00,0.00,0.00,0.00,-0.01,-0.00,10.00
21440.00,-1.77,-0.77,-1.34,-0.01,-0.01,0.00,0.00,0.00,0.00,-0.00,0.00,0.00,-0.00,-0.00,0.00,10.00
21450.00,-1.78,-0.77,-1.35,-0.01,-0.00,0.00,-0.20,0.60,-0.10,-0.00,0.00,0.00,-0.00,0.00,0.00,19.00
21469.00,-1.78,-0.77,-1.35,-0.01,-0.00,0.00,0.00,0.00,0.00,-0.00,0.00,0.00,-0.00,0.00,0.00,10.00
21479.00,-1.78,-0.77,-1.35,-0.01,-0.00,0.00,0.00,0.00,0.00,-0.00,0.00,0.00,-0.00,0.00,0.00,10.00
21489.00,-1.78,-0.77,-1.35,-0.01,-0.00,0.00,0.00,0.00,0.00,-0.00,0.00,0.00,-0.00,0.00,0.00,10.00
21499.00,-1.78,-0.77,-1.35,-0.01,-0.00,0.00,0.00,0.00,0.00,-0.00,0.00,0.00,0.00,0.00,-0.00,10.00
21509.00,-1.78,-0.77,-1.35,0.01,-0.01,-0.00,2.30,-0.60,-0.50,-0.00,0.00,0.00,0.00,0.00,0.00,19.00
21528.00,-1.78,-0.77,-1.35,0.01,-0.01,-0.00,0.00,0.00,0.00,-0.00,0.00,0.00,0.00,0.01,0.00,10.00
21543.00,-1.78,-0.77,-1.35,0.01,-0.01,-0.00,0.00,0.00,0.00,-0.00,0.00,0.00,-0.00,-0.00,-0.00,10.00
21553.00,-1.78,-0.77,-1.35,0.01,-0.01,-0.00,0.00,0.00,0.00,-0.00,0.00,0.00,0.00,-0.00,-0.00,10.00
21563.00,-1.78,-0.77,-1.36,0.01,0.03,-0.00,0.00,3.80,0.20,-0.00,0.00,0.00,-0.01,0.00,0.00,16.00
21579.00,-1.78,-0.77,-1.36,0.01,0.03,-0.00,0.00,0.00,0.00,-0.00,0.00,0.00,-0.00,-0.01,0.00,10.00
21589.00,-1.78,-0.77,-1.36,0.01,0.03,-0.00,0.00,0.00,0.00,-0.00,0.00,0.00,-0.00,-0.00,-0.00,10.00
21599.00,-1.78,-0.77,-1.36,0.01,0.03,-0.00,0.00,0.00,0.00,-0.00,0.00,0.00,0.00,-0.00,0.00,10.00
21609.00,-1.79,-0.77,-1.37,-0.01,-0.02,0.00,-2.00,-4.90,0.20,-0.00,0.00,0.00,0.00,-0.00,0.00,18.00
21627.00,-1.79,-0.77,-1.37,-0.01,-0.02,0.00,0.00,0.00,0.00,-0.00,0.00,0.00,-0.00,-0.00,-0.00,10.00
21637.00,-1.79,-0.77,-1.37,-0.01,-0.02,0.00,0.00,0.00,0.00,-0.00,0.00,0.00,0.00,0.00,0.00,10.00
21647.00,-1.79,-0.77,-1.37,-0.01,-0.02,0.00,0.00,0.00,0.00,-0.00,0.00,0.00,-0.00,-0.00,0.00,10.00
21662.00,-1.79,-0.78,-1.37,0.01,-0.03,-0.00,0.87,-0.80,-0.13,-0.00,0.00,0.00,0.00,0.00,0.00,18.00
21680.00,-1.79,-0.78,-1.37,0.01,-0.03,-0.00,0.00,0.00,0.00,-0.00,0.00,0.00,0.00,-0.00,-0.00,10.00
21690.00,-1.79,-0.78,-1.37,0.01,-0.03,-0.00,0.00,0.00,0.00,-0.00,0.00,0.00,0.00,0.00,-0.00,10.00
21700.00,-1.80,-0.78,-1.38,0.00,-0.01,-0.00,-0.30,2.00,0.10,-0.00,0.00,0.00,0.00,0.00,-0.00,18.00
21718.00,-1.80,-0.78,-1.38,0.00,-0.01,-0.00,0.00,0.00,0.00,-0.00,0.00,0.00,0.00,-0.00,0.00,10.00
21728.00,-1.80,-0.78,-1.38,0.00,-0.01,-0.00,0.00,0.00,0.00,-0.00,0.00,0.00,0.00,0.00,0.00,10.00
21738.00,-1.80,-0.78,-1.38,0.00,-0.01,-0.00,0.00,0.00,0.00,-0.00,0.00,0.00,-0.00,0.00,-0.00,10.00
21748.00,-1.80,-0.78,-1.38,0.00,-0.01,-0.00,0.00,0.00,0.00,-0.00,0.00,0.00,-0.00,-0.00,0.00,10.00
21758.00,-1.80,-0.78,-1.38,0.02,0.01,-0.00,2.00,2.40,-0.10,-0.00,0.00,0.00,-0.00,0.00,0.00,16.00
21774.00,-1.80,-0.78,-1.38,0.02,0.01,-0.00,0.00,0.00,0.00,-0.00,0.00,0.00,-0.00,0.00,-0.00,10.00
21789.00,-1.80,-0.78,-1.38,0.02,0.01,-0.00,0.00,0.00,0.00,-0.00,0.00,0.00,-0.00,-0.00,-0.00,10.00
21799.00,-1.80,-0.78,-1.38,0.02,0.01,-0.00,0.00,0.00,0.00,-0.00,0.00,0.00,-0.00,-0.00,0.00,10.00
21809.00,-1.80,-0.78,-1.38,0.02,0.01,-0.00,0.00,0.00,0.00,-0.00,0.00,0.00,0.00,0.00,0.00,10.00
21819.00,-1.80,-0.78,-1.39,0.02,-0.02,-0.00,-0.50,-3.00,-0.20,-0.00,0.00,0.00,0.00,-0.00,0.00,17.00
21836.00,-1.80,-0.78,-1.39,0.02,-0.02,-0.00,0.00,0.00,0.00,-0.00,0.00,0.00,0.00,0.00,0.00,10.00
21846.00,-1.80,-0.78,-1.39,0.02,-0.02,-0.00,0.00,0.00,0.00,-0.00,0.00,0.00,-0.00,0.00,0.00,10.00
21856.00,-1.80,-0.78,-1.40,0.02,0.01,-0.00,0.60,2.30,0.30,-0.00,0.00,0.00,-0.00,0.00,-0.00,16.00
21872.00,-1.80,-0.78,-1.40,0.02,0.01,-0.00,0.00,0.00,0.00,-0.00,0.00,0.00,-0.00,0.00,-0.00,10.00
21882.00,-1.80,-0.78,-1.40,0.02,0.01,-0.00,0.00,0.00,0.00,-0.00,0.00,0.00,-0.00,0.00,-0.00,10.00
21892.00,-1.80,-0.78,-1.40,0.02,0.01,-0.00,0.00,0.00,0.00,-0.00,0.00,0.00,-0.00,0.00,-0.00,10.00
21907.00,-1.81,-0.78,-1.40,0.02,-0.00,-0.00,-0.27,-0.53,-0.07,-0.00,0.00,0.00,-0.00,0.00,0.00,16.00
21923.00,-1.81,-0.78,-1.40,0.02,-0.00,-0.00,0.00,0.00,0.00,-0.00,0.00,0.00,-0.00,0.01,0.00,10.00
21933.00,-1.81,-0.78,-1.40,0.02,-0.00,-0.00,0.00,0.00,0.00,-0.00,0.00,0.00,-0.00,0.00,0.00,10.00
21943.00,-1.81,-0.78,-1.40,0.02,-0.00,-0.00,0.00,0.00,0.00,-0.00,0.00,0.00,-0.00,0.00,0.00,10.00
21953.00,-1.81,-0.78,-1.40,0.02,-0.00,-0.00,0.00,0.00,0.00,-0.00,0.00,0.00,-0.00,0.00,0.00,10.00
21963.00,-1.81,-0.78,-1.41,-0.01,-0.04,-0.00,-2.90,-3.20,0.10,-0.00,0.00,0.00,-0.00,0.00,-0.00,18.00
21981.00,-1.81,-0.78,-1.41,-0.01,-0.04,-0.00,0.00,0.00,0.00,-0.00,0.00,0.00,0.00,0.00,0.00,10.00
21991.00,-1.81,-0.78,-1.41,-0.01,-0.04,-0.00,0.00,0.00,0.00,-0.00,0.00,0.00,-0.00,0.00,-0.00,10.00
22001.00,-1.81,-0.78,-1.41,-0.01,-0.04,-0.00,0.00,0.00,0.00,-0.00,0.00,0.00,0.00,0.00,0.00,10.00
22011.00,-1.81,-0.78,-1.41,-0.01,-0.04,-0.00,0.00,0.00,0.00,-0.00,0.00,0.00,0.00,-0.00,0.00,10.00
22031.00,-1.81,-0.79,-1.42,0.01,-0.03,-0.00,0.90,0.20,0.00,-0.00,0.00,0.00,-0.00,0.00,0.00,20.00
22051.00,-1.81,-0.79,-1.42,0.02,-0.03,-0.01,0.80,-0.05,-0.25,-0.00,0.00,0.00,-0.00,0.00,-0.00,18.00
22069.00,-1.81,-0.79,-1.42,0.02,-0.03,-0.01,0.00,0.00,0.00,-0.00,0.00,0.00,-0.00,0.00,0.00,10.00
22079.00,-1.81,-0.79,-1.42,0.02,-0.03,-0.01,0.00,0.00,0.00,-0.00,0.00,0.00,-0.00,-0.00,0.00,10.00
22089.00,-1.81,-0.79,-1.42,0.02,-0.03,-0.01,0.00,0.00,0.00,-0.00,0.00,0.00,0.00,-0.00,0.00,10.00
22099.00,-1.81,-0.79,-1.42,0.02,-0.03,-0.01,0.00,0.00,0.00,-0.00,0.00,0.00,0.00,0.00,-0.00,10.00
22109.00,-1.81,-0.79,-1.42,0.02,-0.03,-0.01,0.00,0.00,0.00,-0.00,0.00,0.00,0.00,-0.00,0.00,10.00
22119.00,-1.83,-0.79,-1.43,0.00,0.01,-0.00,-2.10,3.70,0.40,-0.00,0.00,0.00,0.00,0.00,0.00,17.00
22136.00,-1.83,-0.79,-1.43,0.00,0.01,-0.00,0.00,0.00,0.00,-0.00,0.00,0.00,0.00,-0.00,0.00,10.00
22146.00,-1.83,-0.79,-1.43,0.00,0.01,-0.00,0.00,0.00,0.00,-0.00,0.00,0.00,0.00,-0.00,0.00,10.00
22161.00,-1.84,-0.79,-1.43,-0.01,0.00,0.00,-0.80,-0.33,0.13,-0.00,0.00,0.00,0.00,0.00,-0.00,19.00
22180.00,-1.84,-0.79,-1.43,-0.01,0.00,0.00,0.00,0.00,0.00,-0.00,0.00,0.00,-0.00,-0.00,0.00,10.00
22190.00,-1.84,-0.79,-1.43,-0.01,0.00,0.00,0.00,0.00,0.00,-0.00,0.00,0.00,0.00,-0.00,0.00,10.00
22200.00,-1.84,-0.79,-1.43,-0.01,0.00,0.00,0.00,0.00,0.00,-0.00,0.00,0.00,0.00,0.00,0.00,10.00
22210.00,-1.84,-0.79,-1.43,-0.01,0.00,0.00,0.00,0.00,0.00,-0.00,0.00,0.00,0.00,-0.00,0.00,10.00
22220.00,-1.84,-0.79,-1.44,0.00,0.00,0.00,1.30,0.40,0.20,-0.00,0.00,0.00,-0.00,-0.00,0.00,18.00
22238.00,-1.84,-0.79,-1.44,0.00,0.00,0.00,0.00,0.00,0.00,-0.00,0.00,0.00,0.00,-0.00,0.00,10.00
22248.00,-1.84,-0.79,-1.44,0.00,0.00,0.00,0.00,0.00,0.00,-0.00,0.00,0.00,-0.00,-0.00,0.00,10.00
22258.00,-1.84,-0.79,-1.44,0.00,0.00,0.00,0.00,0.00,0.00,-0.00,0.00,0.00,-0.00,0.00,0.00,10.00
22268.00,-1.84,-0.79,-1.45,0.01,0.01,-0.00,0.10,0.60,-0.30,-0.00,0.00,0.00,0.00,0.00,0.00,16.00
22289.00,-1.84,-0.79,-1.45,0.01,0.01,-0.00,0.00,0.00,0.00,-0.00,0.00,0.00,0.00,-0.00,0.00,10.00
22299.00,-1.84,-0.79,-1.45,0.01,0.01,-0.00,0.00,0.00,0.00,-0.00,0.00,0.00,0.00,-0.00,-0.00,10.00
22309.00,-1.84,-0.79,-1.45,0.01,0.01,-0.00,0.00,0.00,0.00,-0.00,0.00,0.00,0.00,0.00,0.00,10.00
22319.00,-1.85,-0.79,-1.45,-0.01,0.02,-0.01,-1.60,1.30,-0.50,-0.00,0.00,0.00,0.00,0.00,0.00,17.00
22336.00,-1.85,-0.79,-1.45,-0.01,0.02,-0.01,0.00,0.00,0.00,-0.00,0.00,0.00,0.00,0.00,-0.00,10.00
22346.00,-1.85,-0.79,-1.45,-0.01,0.02,-0.01,0.00,0.00,0.00,-0.00,0.00,0.00,0.00,-0.00,0.00,10.00
22356.00,-1.85,-0.79,-1.45,-0.01,0.02,-0.01,0.00,0.00,0.00,-0.00,0.00,0.00,0.00,-0.00,0.00,10.00
22366.00,-1.85,-0.79,-1.45,-0.01,0.02,-0.01,0.00,0.00,0.00,-0.00,0.00,0.00,0.00,-0.00,0.00,10.00
22376.00,-1.85,-0.79,-1.45,-0.01,0.02,-0.01,0.60,-0.60,-0.40,-0.00,0.00,0.00,0.00,-0.00,-0.00,16.00
22392.00,-1.85,-0.79,-1.45,-0.01,0.02,-0.01,0.00,0.00,0.00,-0.00,0.00,0.00,0.00,0.00,0.00,10.00
22407.00,-1.86,-0.79,-1.46,0.01,0.04,-0.01,0.73,1.27,-0.07,-0.00,0.00,0.00,0.00,-0.00,0.00,17.00
22424.00,-1.86,-0.79,-1.46,0.01,0.04,-0.01,0.00,0.00,0.00,-0.00,0.00,0.00,0.00,-0.00,0.00,10.00
22434.00,-1.86,-0.79,-1.46,0.01,0.04,-0.01,0.00,0.00,0.00,-0.00,0.00,0.00,0.00,-0.00,0.00,10.00
22444.00,-1.86,-0.79,-1.46,0.01,0.04,-0.01,0.00,0.00,0.00,-0.00,0.00,0.00,0.00,0.00,0.00,10.00
22454.00,-1.86,-0.79,-1.46,0.01,0.04,-0.01,0.00,0.00,0.00,-0.00,0.00,0.00,0.00,-0.00,0.00,10.00
22464.00,-1.85,-0.79,-1.46,0.07,0.04,-0.01,6.10,0.10,-0.10,-0.00,0.00,0.00,0.00,-0.00,0.00,17.00
22481.00,-1.85,-0.79,-1.46,0.07,0.04,-0.01,0.00,0.00,0.00,-0.00,0.00,0.00,-0.00,-0.00,0.00,10.00
22491.00,-1.85,-0.79,-1.46,0.07,0.04,-0.01,0.00,0.00,0.00,-0.00,0.00,0.00,0.00,0.00,0.00,10.00
22501.00,-1.86,-0.79,-1.47,0.03,0.01,-0.01,-4.20,-2.30,0.20,-0.00,0.00,0.00,0.00,0.00,-0.00,17.00
22518.00,-1.86,-0.79,-1.47,0.03,0.01,-0.01,0.00,0.00,0.00,-0.00,0.00,0.00,0.00,-0.00,-0.00,10.00
22533.00,-1.86,-0.79,-1.47,0.03,0.01,-0.01,0.00,0.00,0.00,-0.00,0.00,0.00,0.00,-0.00,0.00,10.00
22543.00,-1.86,-0.79,-1.47,0.03,0.01,-0.01,0.00,0.00,0.00,-0.00,0.00,0.00,0.00,-0.00,0.00,10.00
22553.00,-1.86,-0.80,-1.49,-0.04,0.02,-0.00,-6.60,0.40,0.80,-0.00,0.00,0.00,0.00,0.00,0.00,18.00
22571.00,-1.86,-0.80,-1.49,-0.04,0.02,-0.00,0.00,0.00,0.00,-0.00,0.00,0.00,0.00,0.00,0.00,10.00
22581.00,-1.86,-0.80,-1.49,-0.04,0.02,-0.00,0.00,0.00,0.00,-0.00,0.00,0.00,0.00,0.00,0.00,10.00
22591.00,-1.86,-0.80,-1.49,-0.04,0.02,-0.00,0.00,0.00,0.00,-0.00,0.00,0.00,0.00,0.00,-0.00,10.00
22601.00,-1.87,-0.79,-1.49,-0.06,0.02,-0.00,-2.20,0.00,-0.20,-0.00,0.00,0.00,-0.00,0.00,0.00,18.00
22619.00,-1.87,-0.79,-1.49,-0.06,0.02,-0.00,0.00,0.00,0.00,-0.00,0.00,0.00,0.00,0.00,-0.00,10.00
22629.00,-1.87,-0.79,-1.49,-0.06,0.02,-0.00,0.00,0.00,0.00,-0.00,0.00,0.00,-0.00,0.00,0.00,10.00
22639.00,-1.87,-0.79,-1.49,-0.06,0.02,-0.00,0.00,0.00,0.00,-0.00,0.00,0.00,0.00,0.00,-0.00,10.00
22654.00,-1.87,-0.79,-1.49,-0.06,0.02,-0.00,0.00,0.00,0.00,-0.00,0.00,0.00,0.00,0.00,0.00,10.00
22664.00,-1.88,-0.79,-1.48,-0.07,-0.02,-0.02,-1.00,-3.40,-1.70,-0.00,0.00,0.00,-0.00,-0.00,-0.00,18.00
22682.00,-1.88,-0.79,-1.48,-0.07,-0.02,-0.02,0.00,0.00,0.00,-0.00,0.00,0.00,-0.00,-0.00,0.00,10.00
22692.00,-1.88,-0.79,-1.48,-0.07,-0.02,-0.02,0.00,0.00,0.00,-0.00,0.00,0.00,0.00,-0.00,0.00,10.00
22702.00,-1.88,-0.79,-1.49,-0.00,0.02,-0.01,7.20,3.10,1.30,-0.00,0.00,0.00,-0.00,0.00,0.00,19.00
22721.00,-1.88,-0.79,-1.49,-0.00,0.02,-0.01,0.00,0.00,0.00,-0.00,0.00,0.00,0.00,-0.01,0.00,10.00
22731.00,-1.88,-0.79,-1.49,-0.00,0.02,-0.01,0.00,0.00,0.00,-0.00,0.00,0.00,-0.00,-0.00,0.00,10.00
22741.00,-1.88,-0.79,-1.49,-0.00,0.02,-0.01,0.00,0.00,0.00,-0.00,0.00,0.00,0.00,0.00,-0.00,10.00
22751.00,-1.87,-0.79,-1.52,0.02,0.09,0.01,2.40,7.00,1.90,-0.00,0.00,0.00,0.00,0.00,0.00,18.00
22769.00,-1.87,-0.79,-1.52,0.02,0.09,0.01,0.00,0.00,0.00,-0.00,0.00,0.00,-0.00,-0.00,-0.00,10.00
22784.00,-1.87,-0.79,-1.52,0.02,0.09,0.01,0.00,0.00,0.00,-0.00,0.00,0.00,0.00,-0.00,-0.00,10.00
22794.00,-1.87,-0.79,-1.52,0.02,0.09,0.01,0.00,0.00,0.00,-0.00,0.00,0.00,0.00,-0.00,0.00,10.00
22804.00,-1.88,-0.79,-1.53,-0.04,0.08,0.01,-6.50,-0.10,0.10,-0.00,0.00,0.00,-0.00,-0.00,0.00,18.00
22822.00,-1.88,-0.79,-1.53,-0.04,0.08,0.01,0.00,0.00,0.00,-0.00,0.00,0.00,-0.00,-0.00,-0.00,10.00
22832.00,-1.88,-0.79,-1.53,-0.04,0.08,0.01,0.00,0.00,0.00,-0.00,0.00,0.00,0.00,-0.00,0.00,10.00
22842.00,-1.88,-0.79,-1.53,-0.04,0.08,0.01,0.00,0.00,0.00,-0.00,0.00,0.00,0.00,-0.00,0.00,10.00
22852.00,-1.89,-0.79,-1.53,-0.06,0.02,0.00,-1.90,-6.30,-0.90,-0.00,0.00,0.00,0.00,0.00,-0.00,19.00
22871.00,-1.89,-0.79,-1.53,-0.06,0.02,0.00,0.00,0.00,0.00,-0.00,0.00,0.00,-0.00,-0.00,0.00,10.00
22881.00,-1.89,-0.79,-1.53,-0.06,0.02,0.00,0.00,0.00,0.00,-0.00,0.00,0.00,0.00,-0.00,0.00,10.00
22891.00,-1.89,-0.79,-1.53,-0.06,0.02,0.00,0.00,0.00,0.00,-0.00,-0.00,0.00,0.00,-0.00,0.00,10.00
22906.00,-1.89,-0.79,-1.53,-0.03,-0.02,-0.00,2.00,-2.80,-0.27,-0.00,-0.00,0.00,0.00,-0.00,0.00,18.00
22924.00,-1.89,-0.79,-1.53,-0.03,-0.02,-0.00,0.00,0.00,0.00,-0.00,-0.00,0.00,0.00,-0.00,-0.00,10.00
22934.00,-1.89,-0.79,-1.53,-0.03,-0.02,-0.00,0.00,0.00,0.00,-0.00,-0.00,0.00,-0.00,0.00,0.00,10.00
22944.00,-1.89,-0.79,-1.53,-0.03,-0.02,-0.00,0.00,0.00,0.00,-0.00,-0.00,0.00,0.00,-0.00,0.00,10.00
22954.00,-1.90,-0.79,-1.53,0.02,-0.03,-0.01,5.10,-1.10,-0.40,-0.00,-0.00,0.00,-0.00,0.00,-0.00,19.00
22973.00,-1.90,-0.79,-1.53,0.02,-0.03,-0.01,0.00,0.00,0.00,-0.00,-0.00,0.00,0.00,0.00,-0.00,10.00
22983.00,-1.90,-0.79,-1.53,0.02,-0.03,-0.01,0.00,0.00,0.00,-0.00,-0.00,0.00,0.00,0.00,0.00,10.00
22993.00,-1.90,-0.79,-1.53,0.02,-0.03,-0.01,0.00,0.00,0.00,-0.00,-0.00,0.00,0.00,0.00,-0.00,10.00
23003.00,-1.90,-0.79,-1.53,0.03,0.01,-0.01,1.10,4.40,-0.30,-0.00,-0.00,0.00,0.00,-0.00,-0.00,19.00
23022.00,-1.90,-0.79,-1.53,0.03,0.01,-0.01,0.00,0.00,0.00,-0.00,-0.00,0.00,0.00,-0.00,0.00,10.00
23042.00,-1.90,-0.79,-1.53,0.03,0.01,-0.01,0.00,0.00,0.00,-0.00,-0.00,0.00,0.00,-0.00,-0.00,10.00
23052.00,-1.90,-0.79,-1.53,0.03,0.01,-0.01,0.00,0.00,0.00,-0.00,-0.00,0.00,0.00,0.00,0.00,10.00
23062.00,-1.90,-0.80,-1.54,0.00,0.01,-0.00,-3.00,-0.70,0.60,-0.00,-0.00,0.00,-0.00,0.00,0.00,17.00
23079.00,-1.90,-0.80,-1.54,0.00,0.01,-0.00,0.00,0.00,0.00,-0.00,-0.00,0.00,0.00,0.00,0.00,10.00
23089.00,-1.90,-0.80,-1.54,0.00,0.01,-0.00,0.00,0.00,0.00,-0.00,-0.00,0.00,0.00,-0.00,0.00,10.00
23099.00,-1.90,-0.80,-1.54,0.00,0.01,-0.00,0.00,0.00,0.00,-0.00,-0.00,0.00,0.00,-0.00,0.00,10.00
23109.00,-1.90,-0.80,-1.54,0.00,0.01,-0.00,0.00,0.00,0.00,-0.00,-0.00,0.00,0.00,0.00,-0.00,10.00
23119.00,-1.90,-0.81,-1.56,0.02,-0.01,0.00,1.50,-1.90,0.50,-0.00,-0.00,0.00,0.00,-0.00,0.00,15.00
23134.00,-1.90,-0.81,-1.56,0.02,-0.01,0.00,0.00,0.00,0.00,-0.00,-0.00,0.00,-0.00,-0.01,0.00,10.00
23144.00,-1.90,-0.81,-1.56,0.02,-0.01,0.00,0.00,0.00,0.00,-0.00,-0.00,0.00,-0.00,-0.00,0.00,10.00
23159.00,-1.90,-0.81,-1.57,0.01,-0.02,0.01,-0.20,-0.27,0.40,-0.00,-0.00,0.00,0.00,0.00,-0.00,16.00
23175.00,-1.90,-0.81,-1.57,0.01,-0.02,0.01,0.00,0.00,0.00,-0.00,-0.00,0.00,-0.00,0.00,-0.00,10.00
23185.00,-1.90,-0.81,-1.57,0.01,-0.02,0.01,0.00,0.00,0.00,-0.00,-0.00,0.00,-0.00,0.00,0.00,10.00
23195.00,-1.90,-0.81,-1.57,0.01,-0.02,0.01,0.00,0.00,0.00,-0.00,-0.00,0.00,-0.00,0.00,0.00,10.00
23205.00,-1.91,-0.81,-1.57,-0.01,-0.02,0.01,-2.50,-0.50,0.30,-0.00,-0.00,0.00,0.00,-0.00,0.00,18.00
23223.00,-1.91,-0.81,-1.57,-0.01,-0.02,0.01,0.00,0.00,0.00,-0.00,-0.00,0.00,0.00,0.00,0.00,10.00
23233.00,-1.91,-0.81,-1.57,-0.01,-0.02,0.01,0.00,0.00,0.00,-0.00,-0.00,0.00,0.00,0.00,0.00,10.00
23243.00,-1.91,-0.81,-1.57,-0.01,-0.02,0.01,0.00,0.00,0.00,-0.00,-0.00,0.00,-0.00,0.00,0.00,10.00
23253.00,-1.91,-0.81,-1.58,-0.01,-0.02,0.01,0.00,0.30,0.00,-0.00,-0.00,0.00,-0.00,0.00,-0.00,19.00
23272.00,-1.91,-0.81,-1.58,-0.01,-0.02,0.01,0.00,0.00,0.00,-0.00,-0.00,0.00,0.00,0.00,0.00,10.00
23287.00,-1.91,-0.81,-1.58,-0.01,-0.02,0.01,0.00,0.00,0.00,-0.00,-0.00,0.00,0.00,0.00,-0.00,10.00
23297.00,-1.91,-0.81,-1.58,-0.01,-0.02,0.01,0.00,0.00,0.00,-0.00,-0.00,0.00,-0.00,0.00,-0.00,10.00
23307.00,-1.93,-0.81,-1.58,-0.01,-0.04,0.01,0.10,-2.10,-0.20,-0.00,-0.00,0.00,-0.00,0.00,-0.00,16.00
23323.00,-1.93,-0.81,-1.58,-0.01,-0.04,0.01,0.00,0.00,0.00,-0.00,-0.00,0.00,-0.00,-0.00,0.00,10.00
23333.00,-1.93,-0.81,-1.58,-0.01,-0.04,0.01,0.00,0.00,0.00,-0.00,-0.00,0.00,0.00,-0.00,0.00,10.00
23343.00,-1.93,-0.81,-1.58,-0.01,-0.04,0.01,0.00,0.00,0.00,-0.00,-0.00,0.00,-0.00,0.00,0.00,10.00
23353.00,-1.93,-0.82,-1.58,-0.00,-0.05,0.00,1.00,-1.10,-0.60,-0.00,-0.00,0.00,0.00,0.00,0.00,19.00
23372.00,-1.93,-0.82,-1.58,-0.00,-0.05,0.00,0.00,0.00,0.00,-0.00,-0.00,0.00,0.00,-0.00,-0.00,10.00
23382.00,-1.93,-0.82,-1.58,-0.00,-0.05,0.00,0.00,0.00,0.00,-0.00,-0.00,0.00,-0.00,0.00,-0.00,10.00
23392.00,-1.93,-0.82,-1.58,-0.00,-0.05,0.00,0.00,0.00,0.00,-0.00,-0.00,0.00,-0.00,0.00,0.00,10.00
23407.00,-1.93,-0.82,-1.59,-0.01,-0.06,0.00,-0.47,-0.20,0.00,-0.00,-0.00,0.00,0.00,-0.00,-0.00,18.00
23425.00,-1.93,-0.82,-1.59,-0.01,-0.06,0.00,0.00,0.00,0.00,-0.00,-0.00,0.00,0.00,-0.00,-0.00,10.00
23435.00,-1.93,-0.82,-1.59,-0.01,-0.06,0.00,0.00,0.00,0.00,-0.00,-0.00,0.00,0.00,-0.00,0.00,10.00
23445.00,-1.93,-0.82,-1.59,-0.01,-0.06,0.00,0.00,0.00,0.00,-0.00,-0.00,0.00,-0.00,-0.00,-0.00,10.00
23455.00,-1.94,-0.82,-1.59,0.00,0.00,0.01,1.20,5.70,0.40,-0.00,-0.00,0.00,0.00,0.00,-0.00,18.00
23473.00,-1.94,-0.82,-1.59,0.00,0.00,0.01,0.00,0.00,0.00,-0.00,-0.00,0.00,0.00,0.01,0.00,10.00
23483.00,-1.94,-0.82,-1.59,0.00,0.00,0.01,0.00,0.00,0.00,-0.00,-0.00,0.00,-0.00,-0.00,-0.00,10.00
23493.00,-1.94,-0.82,-1.59,0.00,0.00,0.01,0.00,0.00,0.00,-0.00,-0.00,0.00,0.00,0.00,-0.00,10.00
23503.00,-1.94,-0.81,-1.60,0.01,0.04,0.01,0.90,3.60,0.10,-0.00,-0.00,0.00,0.00,0.00,0.00,18.00
23521.00,-1.94,-0.81,-1.60,0.01,0.04,0.01,0.00,0.00,0.00,-0.00,-0.00,0.00,0.00,-0.00,0.00,10.00
23536.00,-1.94,-0.81,-1.60,0.01,0.04,0.01,0.00,0.00,0.00,-0.00,-0.00,0.00,0.00,0.00,0.00,10.00
23546.00,-1.94,-0.81,-1.60,0.01,0.04,0.01,0.00,0.00,0.00,-0.00,-0.00,0.00,0.00,0.00,0.00,10.00
23556.00,-1.94,-0.81,-1.60,0.02,0.04,0.01,0.50,0.50,-0.40,-0.00,-0.00,0.00,-0.00,0.00,-0.00,17.00
23573.00,-1.94,-0.81,-1.60,0.02,0.04,0.01,0.00,0.00,0.00,-0.00,-0.00,0.00,0.00,0.00,0.00,10.00
23583.00,-1.94,-0.81,-1.60,0.02,0.04,0.01,0.00,0.00,0.00,-0.00,-0.00,0.00,0.00,-0.00,0.00,10.00
23593.00,-1.94,-0.81,-1.60,0.02,0.04,0.01,0.00,0.00,0.00,-0.00,-0.00,0.00,-0.00,-0.00,0.00,10.00
23603.00,-1.94,-0.81,-1.61,0.02,0.03,0.01,0.40,-1.80,0.30,-0.00,-0.00,0.00,0.00,0.00,0.00,18.00
23621.00,-1.94,-0.81,-1.61,0.02,0.03,0.01,0.00,0.00,0.00,-0.00,-0.00,0.00,-0.00,0.00,-0.00,10.00
23631.00,-1.94,-0.81,-1.61,0.02,0.03,0.01,0.00,0.00,0.00,-0.00,-0.00,0.00,0.00,0.00,-0.00,10.00
23641.00,-1.94,-0.81,-1.61,0.02,0.03,0.01,0.00,0.00,0.00,-0.00,-0.00,0.00,0.00,-0.00,0.00,10.00
23656.00,-1.95,-0.81,-1.60,0.03,-0.02,0.00,0.40,-2.80,-0.33,-0.00,-0.00,0.00,0.00,-0.00,-0.00,19.00
23675.00,-1.95,-0.81,-1.60,0.03,-0.02,0.00,0.00,0.00,0.00,-0.00,-0.00,0.00,-0.00,0.00,0.00,10.00
23685.00,-1.95,-0.81,-1.60,0.03,-0.02,0.00,0.00,0.00,0.00,-0.00,-0.00,0.00,0.00,0.00,0.00,10.00
23695.00,-1.95,-0.81,-1.60,0.03,-0.02,0.00,0.00,0.00,0.00,-0.00,-0.00,0.00,0.00,-0.00,-0.00,10.00
23705.00,-1.95,-0.81,-1.60,0.01,-0.03,-0.01,-2.10,-1.70,-0.90,-0.00,-0.00,0.00,-0.00,-0.00,0.00,18.00
23723.00,-1.95,-0.81,-1.60,0.01,-0.03,-0.01,0.00,0.00,0.00,-0.00,-0.00,0.00,0.00,0.00,0.00,10.00
23733.00,-1.95,-0.81,-1.60,0.01,-0.03,-0.01,0.00,0.00,0.00,-0.00,-0.00,0.00,0.00,0.00,0.00,10.00
23743.00,-1.95,-0.81,-1.60,0.01,-0.03,-0.01,0.00,0.00,0.00,-0.00,-0.00,0.00,0.00,-0.00,-0.00,10.00
23753.00,-1.96,-0.80,-1.59,-0.01,0.01,-0.01,-2.00,4.10,-0.40,-0.00,-0.00,0.00,0.00,0.00,0.00,18.00
23771.00,-1.96,-0.80,-1.59,-0.01,0.01,-0.01,0.00,0.00,0.00,-0.00,-0.00,0.00,0.00,-0.00,-0.00,10.00
23786.00,-1.96,-0.80,-1.59,-0.01,0.01,-0.01,0.00,0.00,0.00,-0.00,-0.00,0.00,0.00,0.00,0.00,10.00
23796.00,-1.96,-0.80,-1.59,-0.01,0.01,-0.01,0.00,0.00,0.00,-0.00,-0.00,0.00,0.00,0.00,0.00,10.00
23806.00,-1.97,-0.79,-1.59,-0.03,0.06,-0.01,-1.40,4.80,0.00,-0.00,0.00,0.00,0.00,0.01,0.00,17.00
23823.00,-1.97,-0.79,-1.59,-0.03,0.06,-0.01,0.00,0.00,0.00,-0.00,0.00,0.00,0.00,0.00,0.00,10.00
23833.00,-1.97,-0.79,-1.59,-0.03,0.06,-0.01,0.00,0.00,0.00,-0.00,0.00,0.00,0.00,0.00,-0.00,10.00
23843.00,-1.97,-0.79,-1.59,-0.03,0.06,-0.01,0.00,0.00,0.00,-0.00,0.00,0.00,-0.00,0.00,0.00,10.00
23853.00,-1.97,-0.79,-1.60,0.03,0.07,-0.01,5.40,1.40,0.40,-0.00,0.00,0.00,0.00,0.00,0.00,18.00
23871.00,-1.97,-0.79,-1.60,0.03,0.07,-0.01,0.00,0.00,0.00,-0.00,0.00,0.00,-0.00,-0.00,0.00,10.00
23881.00,-1.97,-0.79,-1.60,0.03,0.07,-0.01,0.00,0.00,0.00,-0.00,0.00,0.00,-0.00,-0.00,0.00,10.00
23891.00,-1.97,-0.79,-1.60,0.03,0.07,-0.01,0.00,0.00,0.00,-0.00,0.00,0.00,-0.00,0.00,0.00,10.00
23906.00,-1.97,-0.79,-1.60,-0.00,0.06,-0.01,-1.87,-0.73,0.00,-0.00,0.00,0.00,0.00,-0.00,0.00,18.00
23924.00,-1.97,-0.79,-1.60,-0.00,0.06,-0.01,0.00,0.00,0.00,-0.00,0.00,0.00,0.00,0.00,-0.00,10.00
23934.00,-1.97,-0.79,-1.60,-0.00,0.06,-0.01,0.00,0.00,0.00,-0.00,0.00,0.00,0.00,0.00,0.00,10.00
23944.00,-1.97,-0.79,-1.60,-0.00,0.06,-0.01,0.00,0.00,0.00,-0.00,0.00,0.00,0.00,0.00,0.00,10.00
23954.00,-1.97,-0.80,-1.62,0.03,0.00,0.01,2.60,-5.60,1.20,-0.00,0.00,0.00,-0.00,-0.00,0.00,19.00
23973.00,-1.97,-0.80,-1.62,0.03,0.00,0.01,0.00,0.00,0.00,-0.00,0.00,0.00,-0.00,0.00,0.00,10.00
23983.00,-1.97,-0.80,-1.62,0.03,0.00,0.01,0.00,0.00,0.00,-0.00,0.00,0.00,0.00,0.00,0.00,10.00
23993.00,-1.97,-0.80,-1.62,0.03,0.00,0.01,0.00,0.00,0.00,-0.00,0.00,0.00,-0.00,0.00,0.00,10.00
24003.00,-1.97,-0.80,-1.62,0.03,0.00,0.01,0.00,0.00,0.00,-0.00,0.00,0.00,-0.00,0.00,0.00,10.00
24013.00,-1.97,-0.81,-1.62,0.02,-0.02,0.01,-0.50,-2.40,0.50,-0.00,0.00,0.00,0.00,0.00,0.00,27.00
24050.00,-1.97,-0.81,-1.62,0.02,-0.02,0.01,0.00,0.00,0.00,-0.00,0.00,0.00,0.00,-0.00,0.00,10.00
24060.00,-1.97,-0.81,-1.62,0.02,-0.02,0.01,0.00,0.00,0.00,-0.00,0.00,0.00,-0.00,0.00,-0.00,10.00
24070.00,-1.97,-0.82,-1.63,0.01,-0.03,0.01,-1.00,-1.00,0.30,-0.00,0.00,0.00,-0.00,-0.00,0.00,16.00
24086.00,-1.97,-0.82,-1.63,0.01,-0.03,0.01,0.00,0.00,0.00,-0.00,0.00,0.00,0.00,-0.00,0.00,10.00
24096.00,-1.97,-0.82,-1.63,0.01,-0.03,0.01,0.00,0.00,0.00,-0.00,0.00,0.00,0.00,0.00,-0.00,10.00
24106.00,-1.98,-0.82,-1.63,-0.00,-0.01,0.01,-1.10,2.60,-0.10,-0.00,0.00,0.00,0.00,0.01,0.00,18.00
24124.00,-1.98,-0.82,-1.63,-0.00,-0.01,0.01,0.00,0.00,0.00,-0.00,0.00,0.00,0.00,0.00,-0.00,10.00
24134.00,-1.98,-0.82,-1.63,-0.00,-0.01,0.01,0.00,0.00,0.00,-0.00,0.00,0.00,0.00,0.00,0.00,10.00
24144.00,-1.98,-0.82,-1.63,-0.00,-0.01,0.01,0.00,0.00,0.00,-0.00,0.00,0.00,0.00,0.00,-0.00,10.00
24154.00,-1.99,-0.81,-1.62,-0.03,0.01,0.01,-2.40,1.10,-0.80,-0.00,0.00,0.00,0.00,0.00,0.00,18.00
24177.00,-1.99,-0.81,-1.62,-0.03,0.01,0.01,0.00,0.00,0.00,-0.00,0.00,0.00,0.00,-0.00,0.00,10.00
24187.00,-1.99,-0.81,-1.62,-0.03,0.01,0.01,0.00,0.00,0.00,-0.00,0.00,0.00,0.00,0.00,0.00,10.00
24197.00,-1.99,-0.81,-1.62,-0.03,0.01,0.01,0.00,0.00,0.00,-0.00,0.00,0.00,0.00,0.00,-0.00,10.00
24207.00,-1.99,-0.81,-1.62,-0.03,0.02,0.00,-0.10,1.30,-0.20,-0.00,0.00,0.00,0.00,-0.00,0.00,17.00
24224.00,-1.99,-0.81,-1.62,-0.03,0.02,0.00,0.00,0.00,0.00,-0.00,0.00,0.00,-0.00,-0.00,0.00,10.00
24234.00,-1.99,-0.81,-1.62,-0.03,0.02,0.00,0.00,0.00,0.00,-0.00,0.00,0.00,0.00,-0.00,0.00,10.00
24244.00,-1.99,-0.81,-1.62,-0.03,0.02,0.00,0.00,0.00,0.00,-0.00,0.00,0.00,0.00,-0.00,0.00,10.00
24254.00,-2.00,-0.81,-1.61,-0.01,0.01,-0.01,1.20,-0.40,-1.20,-0.00,0.00,0.00,0.00,-0.00,0.00,17.00
24271.00,-2.00,-0.81,-1.61,-0.01,0.01,-0.01,0.00,0.00,0.00,-0.00,0.00,0.00,-0.00,0.00,-0.00,10.00
24281.00,-2.00,-0.81,-1.61,-0.01,0.01,-0.01,0.00,0.00,0.00,-0.00,0.00,0.00,0.00,0.00,0.00,10.00
24296.00,-2.00,-0.81,-1.61,-0.01,0.01,-0.01,0.00,0.00,0.00,-0.00,0.00,0.00,-0.00,0.00,0.00,10.00
24306.00,-2.01,-0.82,-1.61,-0.03,-0.03,-0.01,-1.90,-4.20,-0.50,-0.00,0.00,0.00,0.00,0.00,0.00,18.00
24324.00,-2.01,-0.82,-1.61,-0.03,-0.03,-0.01,0.00,0.00,0.00,-0.00,0.00,0.00,0.00,0.00,0.00,10.00
24334.00,-2.01,-0.82,-1.61,-0.03,-0.03,-0.01,0.00,0.00,0.00,-0.00,0.00,0.00,0.00,-0.00,-0.00,10.00
24344.00,-2.01,-0.82,-1.61,-0.03,-0.03,-0.01,0.00,0.00,0.00,-0.00,0.00,0.00,0.00,-0.00,-0.00,10.00
24354.00,-2.01,-0.81,-1.61,-0.04,0.01,-0.02,-0.60,4.10,-0.20,-0.00,0.00,0.00,0.00,0.00,0.00,19.00
24373.00,-2.01,-0.81,-1.61,-0.04,0.01,-0.02,0.00,0.00,0.00,-0.00,0.00,0.00,0.00,0.00,-0.00,10.00
24383.00,-2.01,-0.81,-1.61,-0.04,0.01,-0.02,0.00,0.00,0.00,-0.00,0.00,0.00,-0.00,0.00,0.00,10.00
24393.00,-2.01,-0.81,-1.61,-0.04,0.01,-0.02,0.00,0.00,0.00,-0.00,0.00,0.00,-0.00,-0.00,0.00,10.00
24403.00,-2.01,-0.82,-1.61,0.04,0.01,-0.01,7.70,-0.50,0.20,-0.00,0.00,0.00,0.00,-0.00,0.00,16.00
24424.00,-2.01,-0.82,-1.61,0.04,0.01,-0.01,0.00,0.00,0.00,-0.00,0.00,0.00,-0.00,-0.00,0.00,10.00
24434.00,-2.01,-0.82,-1.61,0.04,0.01,-0.01,0.00,0.00,0.00,-0.00,0.00,0.00,0.00,0.00,0.00,10.00
24444.00,-2.01,-0.82,-1.61,0.04,0.01,-0.01,0.00,0.00,0.00,-0.00,0.00,0.00,0.00,0.00,0.00,10.00
24454.00,-2.01,-0.83,-1.63,0.01,0.01,0.00,-2.40,0.40,1.60,-0.00,0.00,0.00,0.00,0.00,0.00,17.00
24471.00,-2.01,-0.83,-1.63,0.01,0.01,0.00,0.00,0.00,0.00,-0.00,0.00,0.00,0.00,-0.00,-0.00,10.00
24481.00,-2.01,-0.83,-1.63,0.01,0.01,0.00,0.00,0.00,0.00,-0.00,0.00,0.00,0.00,0.00,0.00,10.00
24491.00,-2.01,-0.83,-1.63,0.01,0.01,0.00,0.00,0.00,0.00,-0.00,0.00,0.00,-0.00,-0.00,0.00,10.00
24501.00,-2.01,-0.83,-1.63,0.01,0.01,0.00,0.00,0.00,0.00,-0.00,0.00,0.00,0.00,0.00,0.00,10.00
24511.00,-2.03,-0.83,-1.63,0.00,0.06,0.00,-1.40,5.00,0.00,-0.00,0.00,0.00,-0.00,0.00,0.00,16.00
24527.00,-2.03,-0.83,-1.63,0.00,0.06,0.00,0.00,0.00,0.00,-0.00,0.00,0.00,0.00,-0.00,-0.00,10.00
24542.00,-2.03,-0.83,-1.63,0.00,0.06,0.00,0.00,0.00,0.00,-0.00,0.00,0.00,-0.00,-0.00,0.00,10.00
24552.00,-2.03,-0.83,-1.63,0.00,0.06,0.00,0.00,0.00,0.00,-0.00,0.00,0.00,0.00,-0.00,0.00,10.00
24562.00,-2.03,-0.83,-1.63,0.00,0.06,0.00,0.00,0.00,0.00,-0.00,0.00,0.00,0.00,0.00,-0.00,10.00
24572.00,-2.04,-0.81,-1.61,-0.01,0.13,-0.01,-0.90,7.20,-0.90,-0.00,0.00,0.00,0.00,-0.00,-0.00,15.00
24587.00,-2.04,-0.81,-1.61,-0.01,0.13,-0.01,0.00,0.00,0.00,-0.00,0.00,0.00,0.00,0.00,0.00,10.00
24597.00,-2.04,-0.81,-1.61,-0.01,0.13,-0.01,0.00,0.00,0.00,-0.00,0.00,0.00,0.00,0.00,0.00,10.00
24607.00,-2.05,-0.79,-1.60,-0.05,0.14,-0.02,-4.50,0.80,-1.00,-0.00,0.00,0.00,0.00,-0.00,0.00,18.00
24625.00,-2.05,-0.79,-1.60,-0.05,0.14,-0.02,0.00,0.00,0.00,-0.00,0.00,0.00,0.00,0.00,0.00,10.00
24635.00,-2.05,-0.79,-1.60,-0.05,0.14,-0.02,0.00,0.00,0.00,-0.00,0.00,0.00,0.00,-0.00,0.00,10.00
24645.00,-2.05,-0.79,-1.60,-0.05,0.14,-0.02,0.00,0.00,0.00,-0.00,0.00,0.00,0.00,0.00,-0.00,10.00
24660.00,-2.05,-0.79,-1.59,-0.02,0.09,-0.02,2.40,-3.80,-0.07,-0.00,0.00,0.00,-0.00,-0.00,0.00,17.00
24677.00,-2.05,-0.79,-1.59,-0.02,0.09,-0.02,0.00,0.00,0.00,-0.00,0.00,0.00,0.00,-0.00,0.00,10.00
24687.00,-2.05,-0.79,-1.59,-0.02,0.09,-0.02,0.00,0.00,0.00,-0.00,0.00,0.00,0.00,0.00,0.00,10.00
24697.00,-2.05,-0.79,-1.59,-0.02,0.09,-0.02,0.00,0.00,0.00,-0.00,0.00,0.00,0.00,0.00,-0.00,10.00
24707.00,-2.06,-0.80,-1.59,-0.02,0.02,-0.02,-0.20,-6.80,-0.30,-0.00,0.00,0.00,-0.00,0.00,-0.00,18.00
24725.00,-2.06,-0.80,-1.59,-0.02,0.02,-0.02,0.00,0.00,0.00,-0.00,0.00,0.00,0.00,0.00,0.00,10.00
24735.00,-2.06,-0.80,-1.59,-0.02,0.02,-0.02,0.00,0.00,0.00,-0.00,0.00,0.00,0.00,0.00,0.00,10.00
24745.00,-2.06,-0.80,-1.59,-0.02,0.02,-0.02,0.00,0.00,0.00,-0.00,0.00,0.00,0.00,0.00,0.00,10.00
24755.00,-2.06,-0.80,-1.58,0.01,-0.01,-0.02,2.70,-3.00,0.00,-0.00,0.00,0.00,-0.00,0.00,0.00,18.00
24773.00,-2.06,-0.80,-1.58,0.01,-0.01,-0.02,0.00,0.00,0.00,-0.00,0.00,0.00,-0.00,0.00,0.00,10.00
24788.00,-2.06,-0.80,-1.58,0.01,-0.01,-0.02,0.00,0.00,0.00,-0.00,0.00,0.00,-0.00,0.00,-0.00,10.00
24798.00,-2.06,-0.80,-1.58,0.01,-0.01,-0.02,0.00,0.00,0.00,-0.00,0.00,0.00,0.00,-0.00,0.00,10.00
24808.00,-2.07,-0.80,-1.58,-0.00,-0.02,-0.03,-1.10,-0.50,-0.40,-0.00,0.00,0.00,-0.00,-0.00,-0.00,18.00
24826.00,-2.07,-0.80,-1.58,-0.00,-0.02,-0.03,0.00,0.00,0.00,-0.00,0.00,0.00,-0.00,0.00,0.00,10.00
24836.00,-2.07,-0.80,-1.58,-0.00,-0.02,-0.03,0.00,0.00,0.00,-0.00,0.00,0.00,-0.00,0.00,-0.00,10.00
24846.00,-2.07,-0.80,-1.58,-0.00,-0.02,-0.03,0.00,0.00,0.00,-0.00,0.00,0.00,0.00,0.00,0.00,10.00
24856.00,-2.08,-0.80,-1.57,-0.05,-0.01,-0.04,-4.50,1.20,-1.10,-0.00,0.00,0.00,0.00,0.00,0.00,19.00
24875.00,-2.08,-0.80,-1.57,-0.05,-0.01,-0.04,0.00,0.00,0.00,-0.00,0.00,0.00,0.00,-0.00,-0.00,10.00
24885.00,-2.08,-0.80,-1.57,-0.05,-0.01,-0.04,0.00,0.00,0.00,-0.00,0.00,0.00,0.00,-0.00,0.00,10.00
24895.00,-2.08,-0.80,-1.57,-0.05,-0.01,-0.04,0.00,0.00,0.00,-0.00,0.00,0.00,0.00,-0.00,0.00,10.00
24910.00,-2.08,-0.80,-1.57,-0.02,0.01,-0.04,2.27,1.20,-0.13,-0.00,0.00,0.00,-0.00,-0.00,0.00,17.00
24927.00,-2.08,-0.80,-1.57,-0.02,0.01,-0.04,0.00,0.00,0.00,-0.00,0.00,0.00,0.00,0.00,0.00,10.00
24937.00,-2.08,-0.80,-1.57,-0.02,0.01,-0.04,0.00,0.00,0.00,-0.00,0.00,0.00,0.00,0.00,-0.00,10.00
24947.00,-2.08,-0.80,-1.57,-0.02,0.01,-0.04,0.00,0.00,0.00,-0.00,0.00,0.00,0.00,0.00,-0.00,10.00
24957.00,-2.08,-0.81,-1.58,0.01,0.01,-0.04,2.00,-0.40,0.30,-0.00,0.00,0.00,0.00,0.00,0.00,19.00
24976.00,-2.08,-0.81,-1.58,0.01,0.01,-0.04,0.00,0.00,0.00,-0.00,0.00,0.00,-0.00,0.00,0.00,10.00
24986.00,-2.08,-0.81,-1.58,0.01,0.01,-0.04,0.00,0.00,0.00,-0.00,0.00,0.00,0.00,-0.00,0.00,10.00
24996.00,-2.08,-0.81,-1.58,0.01,0.01,-0.04,0.00,0.00,0.00,-0.00,0.00,0.00,0.00,0.00,0.00,10.00
25006.00,-2.08,-0.81,-1.59,0.00,0.03,-0.03,-0.40,2.50,0.80,-0.00,0.00,0.00,-0.00,0.00,-0.00,19.00
25025.00,-2.08,-0.81,-1.59,0.00,0.03,-0.03,0.00,0.00,0.00,-0.00,0.00,0.00,0.00,0.00,-0.00,10.00
25040.00,-2.08,-0.81,-1.59,0.00,0.03,-0.03,0.00,0.00,0.00,-0.00,0.00,0.00,0.00,0.00,0.00,10.00
25050.00,-2.08,-0.81,-1.59,0.00,0.03,-0.03,0.00,0.00,0.00,-0.00,0.00,0.00,0.00,0.00,-0.00,10.00
25060.00,-2.09,-0.81,-1.60,-0.04,0.03,-0.02,-4.30,-0.60,0.70,-0.00,0.00,0.00,0.00,0.00,-0.00,17.00
25077.00,-2.09,-0.81,-1.60,-0.04,0.03,-0.02,0.00,0.00,0.00,-0.00,0.00,0.00,-0.00,-0.00,0.00,12.00
25089.00,-2.09,-0.81,-1.60,-0.04,0.03,-0.02,0.00,0.00,0.00,-0.00,0.00,0.00,-0.00,-0.00,0.00,10.00
25099.00,-2.09,-0.81,-1.60,-0.04,0.03,-0.02,0.00,0.00,0.00,-0.00,0.00,0.00,0.00,-0.00,0.00,10.00
25109.00,-2.09,-0.82,-1.60,-0.03,-0.04,-0.03,1.20,-7.10,-0.60,-0.00,0.00,0.00,-0.00,-0.00,-0.00,17.00
25126.00,-2.09,-0.82,-1.60,-0.03,-0.04,-0.03,0.00,0.00,0.00,-0.00,0.00,0.00,0.00,0.00,0.00,10.00
25136.00,-2.09,-0.82,-1.60,-0.03,-0.04,-0.03,0.00,0.00,0.00,-0.00,0.00,0.00,0.00,-0.00,0.00,10.00
25146.00,-2.09,-0.82,-1.60,-0.03,-0.04,-0.03,0.00,0.00,0.00,-0.00,0.00,0.00,0.00,0.00,0.00,10.00
25166.00,-2.09,-0.81,-1.60,-0.01,-0.00,-0.03,0.80,2.00,0.00,-0.00,0.00,0.00,0.00,0.00,0.00,18.00
25184.00,-2.09,-0.81,-1.60,-0.01,-0.00,-0.03,0.00,0.00,0.00,-0.00,0.00,0.00,0.00,-0.00,-0.00,10.00
25194.00,-2.09,-0.81,-1.60,-0.01,-0.00,-0.03,0.00,0.00,0.00,-0.00,0.00,0.00,0.00,-0.00,0.00,10.00
25204.00,-2.10,-0.81,-1.60,-0.03,0.04,-0.03,-1.40,4.50,-0.10,-0.00,0.00,0.00,-0.00,-0.00,0.00,15.00
25219.00,-2.10,-0.81,-1.60,-0.03,0.04,-0.03,0.00,0.00,0.00,-0.00,0.00,0.00,0.00,-0.00,-0.00,10.00
25229.00,-2.10,-0.81,-1.60,-0.03,0.04,-0.03,0.00,0.00,0.00,-0.00,0.00,0.00,0.00,-0.00,0.00,10.00
25239.00,-2.10,-0.81,-1.60,-0.03,0.04,-0.03,0.00,0.00,0.00,-0.00,0.00,0.00,0.00,0.00,-0.00,10.00
25249.00,-2.10,-0.81,-1.60,-0.03,0.04,-0.03,0.00,0.00,0.00,-0.00,0.00,0.00,0.00,0.00,-0.00,10.00
25259.00,-2.10,-0.81,-1.62,-0.01,0.04,-0.02,1.60,-0.50,1.00,-0.00,0.00,0.00,0.00,0.00,0.00,18.00
25277.00,-2.10,-0.81,-1.62,-0.01,0.04,-0.02,0.00,0.00,0.00,-0.00,0.00,0.00,0.00,-0.00,0.00,10.00
25292.00,-2.10,-0.81,-1.62,-0.01,0.04,-0.02,0.00,0.00,0.00,-0.00,0.00,0.00,-0.00,0.00,0.00,10.00
25302.00,-2.10,-0.81,-1.62,-0.01,0.04,-0.02,0.00,0.00,0.00,-0.00,0.00,0.00,-0.00,-0.00,0.00,10.00
25312.00,-2.10,-0.82,-1.62,-0.02,0.03,-0.01,-1.00,-0.90,0.50,-0.00,0.00,0.00,0.00,-0.00,0.00,16.00
25328.00,-2.10,-0.82,-1.62,-0.02,0.03,-0.01,0.00,0.00,0.00,-0.00,0.00,0.00,0.00,-0.00,0.00,10.00
25338.00,-2.10,-0.82,-1.62,-0.02,0.03,-0.01,0.00,0.00,0.00,-0.00,0.00,0.00,0.00,0.00,0.00,10.00
25348.00,-2.10,-0.82,-1.62,-0.02,0.03,-0.01,0.00,0.00,0.00,-0.00,0.00,0.00,0.00,0.00,0.00,10.00
25358.00,-2.12,-0.82,-1.62,-0.00,0.02,-0.02,1.90,-1.00,-0.40,-0.00,0.00,0.00,0.00,0.00,-0.00,18.00
25376.00,-2.12,-0.82,-1.62,-0.00,0.02,-0.02,0.00,0.00,0.00,-0.00,0.00,0.00,-0.00,-0.00,-0.00,10.00
25386.00,-2.12,-0.82,-1.62,-0.00,0.02,-0.02,0.00,0.00,0.00,-0.00,0.00,0.00,-0.00,0.00,-0.00,10.00
25396.00,-2.12,-0.82,-1.62,-0.00,0.02,-0.02,0.00,0.00,0.00,-0.00,0.00,0.00,-0.00,0.00,-0.00,10.00
25411.00,-2.12,-0.81,-1.62,0.02,0.03,-0.01,1.20,0.67,0.13,-0.00,0.00,0.00,0.00,0.00,0.00,17.00
25428.00,-2.12,-0.81,-1.62,0.02,0.03,-0.01,0.00,0.00,0.00,-0.00,0.00,0.00,-0.00,0.00,0.00,10.00
25438.00,-2.12,-0.81,-1.62,0.02,0.03,-0.01,0.00,0.00,0.00,-0.00,0.00,0.00,0.00,0.00,0.00,10.00
25448.00,-2.12,-0.81,-1.62,0.02,0.03,-0.01,0.00,0.00,0.00,-0.00,0.00,0.00,0.00,0.01,-0.00,10.00
25458.00,-2.12,-0.83,-1.63,0.01,-0.02,-0.01,-0.70,-4.20,0.80,-0.00,0.00,0.00,0.00,0.00,0.00,18.00
25476.00,-2.12,-0.83,-1.63,0.01,-0.02,-0.01,0.00,0.00,0.00,-0.00,0.00,0.00,-0.00,0.00,-0.00,10.00
25486.00,-2.12,-0.83,-1.63,0.01,-0.02,-0.01,0.00,0.00,0.00,-0.00,0.00,0.00,-0.00,0.00,-0.00,10.00
25496.00,-2.12,-0.83,-1.63,0.01,-0.02,-0.01,0.00,0.00,0.00,-0.00,0.00,0.00,-0.00,-0.00,0.00,10.00
25506.00,-2.12,-0.83,-1.64,0.02,0.01,-0.00,0.90,2.10,0.20,-0.00,0.00,0.00,0.00,-0.00,0.00,17.00
25523.00,-2.12,-0.83,-1.64,0.02,0.01,-0.00,0.00,0.00,0.00,-0.00,0.00,0.00,-0.00,0.00,-0.00,10.00
25538.00,-2.12,-0.83,-1.64,0.02,0.01,-0.00,0.00,0.00,0.00,-0.00,0.00,0.00,0.00,-0.00,-0.00,10.00
25548.00,-2.12,-0.83,-1.64,0.02,0.01,-0.00,0.00,0.00,0.00,-0.00,0.00,0.00,0.00,0.00,-0.00,10.00
25558.00,-2.12,-0.82,-1.64,0.01,0.02,-0.01,-0.70,1.60,-0.40,-0.00,0.00,0.00,-0.00,-0.00,0.00,18.00
25576.00,-2.12,-0.82,-1.64,0.01,0.02,-0.01,0.00,0.00,0.00,-0.00,0.00,0.00,0.00,-0.00,0.00,10.00
25586.00,-2.12,-0.82,-1.64,0.01,0.02,-0.01,0.00,0.00,0.00,-0.00,0.00,0.00,-0.00,0.00,0.00,10.00
25596.00,-2.12,-0.82,-1.64,0.01,0.02,-0.01,0.00,0.00,0.00,-0.00,0.00,0.00,-0.00,0.00,0.00,10.00
25606.00,-2.13,-0.83,-1.64,-0.00,-0.01,-0.01,-1.30,-2.80,0.30,-0.00,0.00,0.00,0.00,-0.00,0.00,17.00
25623.00,-2.13,-0.83,-1.64,-0.00,-0.01,-0.01,0.00,0.00,0.00,-0.00,0.00,0.00,0.00,0.00,-0.00,10.00
25633.00,-2.13,-0.83,-1.64,-0.00,-0.01,-0.01,0.00,0.00,0.00,-0.00,0.00,0.00,0.00,-0.00,0.00,10.00
25643.00,-2.13,-0.83,-1.64,-0.00,-0.01,-0.01,0.00,0.00,0.00,-0.00,0.00,0.00,0.00,0.00,-0.00,10.00
25658.00,-2.14,-0.83,-1.64,-0.02,-0.04,-0.01,-0.80,-1.93,0.00,-0.00,0.00,0.00,0.00,-0.00,0.00,20.00
25678.00,-2.14,-0.83,-1.64,-0.02,-0.04,-0.01,0.00,0.00,0.00,-0.00,0.00,0.00,0.00,-0.00,-0.00,10.00
25688.00,-2.14,-0.83,-1.64,-0.02,-0.04,-0.01,0.00,0.00,0.00,-0.00,0.00,0.00,0.00,0.00,0.00,10.00
25698.00,-2.14,-0.83,-1.64,-0.02,-0.04,-0.01,0.00,0.00,0.00,-0.00,0.00,0.00,0.00,-0.00,0.00,10.00
25708.00,-2.14,-0.82,-1.63,0.01,-0.02,-0.01,2.80,1.80,-0.20,-0.00,0.00,0.00,0.00,0.00,-0.00,18.00
25726.00,-2.14,-0.82,-1.63,0.01,-0.02,-0.01,0.00,0.00,0.00,-0.00,0.00,0.00,0.00,0.00,0.00,10.00
25736.00,-2.14,-0.82,-1.63,0.01,-0.02,-0.01,0.00,0.00,0.00,-0.00,0.00,0.00,-0.00,-0.00,0.00,10.00
25746.00,-2.14,-0.82,-1.63,0.01,-0.02,-0.01,0.00,0.00,0.00,-0.00,0.00,0.00,0.00,-0.00,0.00,10.00
25756.00,-2.14,-0.82,-1.64,0.00,0.01,-0.01,-1.20,2.60,-0.20,-0.00,0.00,0.00,0.00,-0.00,-0.00,17.00
25773.00,-2.14,-0.82,-1.64,0.00,0.01,-0.01,0.00,0.00,0.00,-0.00,0.00,0.00,0.00,-0.00,0.00,10.00
25788.00,-2.14,-0.82,-1.64,0.00,0.01,-0.01,0.00,0.00,0.00,-0.00,0.00,0.00,-0.00,-0.00,0.00,10.00
25798.00,-2.14,-0.82,-1.64,0.00,0.01,-0.01,0.00,0.00,0.00,-0.00,0.00,0.00,-0.00,0.00,0.00,10.00
25808.00,-2.14,-0.83,-1.65,0.01,-0.01,-0.00,0.80,-2.20,0.80,-0.00,0.00,0.00,0.00,0.00,0.00,19.00
25827.00,-2.14,-0.83,-1.65,0.01,-0.01,-0.00,0.00,0.00,0.00,-0.00,0.00,0.00,0.00,0.00,0.00,10.00
25837.00,-2.14,-0.83,-1.65,0.01,-0.01,-0.00,0.00,0.00,0.00,-0.00,0.00,0.00,0.00,-0.00,0.00,10.00
25847.00,-2.14,-0.83,-1.65,0.01,-0.01,-0.00,0.00,0.00,0.00,-0.00,0.00,0.00,0.00,-0.00,0.00,10.00
25857.00,-2.15,-0.83,-1.64,0.01,-0.04,-0.00,0.00,-2.40,-0.10,-0.00,0.00,0.00,0.00,0.00,-0.00,17.00
25874.00,-2.15,-0.83,-1.64,0.01,-0.04,-0.00,0.00,0.00,0.00,-0.00,0.00,0.00,0.00,0.00,0.00,10.00
25884.00,-2.15,-0.83,-1.64,0.01,-0.04,-0.00,0.00,0.00,0.00,-0.00,0.00,0.00,-0.00,0.00,0.00,10.00
25894.00,-2.15,-0.83,-1.64,0.01,-0.04,-0.00,0.00,0.00,0.00,-0.00,0.00,0.00,-0.00,0.00,0.00,10.00
25909.00,-2.15,-0.84,-1.65,0.04,-0.04,0.00,1.93,-0.27,0.33,-0.00,0.00,0.00,-0.00,-0.00,0.00,19.00
25928.00,-2.15,-0.84,-1.65,0.04,-0.04,0.00,0.00,0.00,0.00,-0.00,0.00,0.00,-0.00,0.00,0.00,10.00
25938.00,-2.15,-0.84,-1.65,0.04,-0.04,0.00,0.00,0.00,0.00,-0.00,0.00,0.00,0.00,0.01,0.00,10.00
25948.00,-2.15,-0.84,-1.65,0.04,-0.04,0.00,0.00,0.00,0.00,-0.00,0.00,0.00,0.00,-0.01,0.00,10.00
25958.00,-2.14,-0.85,-1.66,0.06,-0.03,0.01,1.90,1.40,0.50,-0.00,0.00,0.00,0.00,0.00,0.00,18.00
25976.00,-2.14,-0.85,-1.66,0.06,-0.03,0.01,0.00,0.00,0.00,-0.00,0.00,0.00,0.00,0.00,0.00,10.00
25986.00,-2.14,-0.85,-1.66,0.06,-0.03,0.01,0.00,0.00,0.00,-0.00,0.00,0.00,-0.00,-0.00,0.00,10.00
25996.00,-2.14,-0.85,-1.66,0.06,-0.03,0.01,0.00,0.00,0.00,-0.00,0.00,0.00,0.00,0.00,-0.00,10.00
26006.00,-2.14,-0.85,-1.66,0.05,0.00,0.01,-0.90,2.70,0.40,-0.00,0.00,0.00,0.00,0.00,0.00,17.00
26023.00,-2.14,-0.85,-1.66,0.05,0.00,0.01,0.00,0.00,0.00,-0.00,0.00,0.00,-0.00,-0.00,-0.00,10.00
26038.00,-2.14,-0.85,-1.66,0.05,0.00,0.01,0.00,0.00,0.00,-0.00,0.00,0.00,0.00,0.00,0.00,10.00
26048.00,-2.14,-0.85,-1.66,0.05,0.00,0.01,0.00,0.00,0.00,-0.00,0.00,0.00,0.00,0.00,-0.00,10.00
26058.00,-2.15,-0.85,-1.68,-0.03,0.03,0.02,-8.00,2.90,0.90,-0.00,0.00,0.00,0.00,-0.00,0.00,19.00
26077.00,-2.15,-0.85,-1.68,-0.03,0.03,0.02,0.00,0.00,0.00,-0.00,0.00,0.00,0.00,0.00,0.00,10.00
26087.00,-2.15,-0.85,-1.68,-0.03,0.03,0.02,0.00,0.00,0.00,-0.00,0.00,0.00,0.00,0.00,0.00,10.00
26097.00,-2.15,-0.85,-1.68,-0.03,0.03,0.02,0.00,0.00,0.00,-0.00,0.00,0.00,0.00,0.00,0.00,10.00
26107.00,-2.16,-0.85,-1.67,-0.01,0.03,0.02,2.00,-0.40,-0.50,-0.00,0.00,0.00,0.00,0.00,-0.00,17.00
26124.00,-2.16,-0.85,-1.67,-0.01,0.03,0.02,0.00,0.00,0.00,-0.00,0.00,0.00,0.00,0.00,0.00,10.00
26134.00,-2.16,-0.85,-1.67,-0.01,0.03,0.02,0.00,0.00,0.00,-0.00,0.00,0.00,-0.00,0.00,0.00,10.00
26144.00,-2.16,-0.85,-1.67,-0.01,0.03,0.02,0.00,0.00,0.00,-0.00,0.00,0.00,0.00,-0.00,0.00,10.00
26164.00,-2.15,-0.86,-1.67,0.04,-0.05,0.02,2.40,-3.90,0.05,-0.00,0.00,0.00,-0.00,0.00,-0.00,16.00
26180.00,-2.15,-0.86,-1.67,0.04,-0.05,0.02,0.00,0.00,0.00,-0.00,0.00,0.00,-0.00,-0.00,-0.00,10.00
26190.00,-2.15,-0.86,-1.67,0.04,-0.05,0.02,0.00,0.00,0.00,-0.00,0.00,0.00,-0.00,-0.00,-0.00,10.00
26200.00,-2.15,-0.86,-1.67,0.04,-0.05,0.02,0.00,0.00,0.00,-0.00,0.00,0.00,-0.00,-0.00,0.00,10.00
26210.00,-2.15,-0.87,-1.67,0.06,-0.14,0.01,2.50,-8.40,-0.30,-0.00,0.00,0.00,-0.00,-0.00,-0.00,18.00
26228.00,-2.15,-0.87,-1.67,0.06,-0.14,0.01,0.00,0.00,0.00,-0.00,0.00,0.00,-0.00,0.00,-0.00,10.00
26238.00,-2.15,-0.87,-1.67,0.06,-0.14,0.01,0.00,0.00,0.00,-0.00,0.00,0.00,-0.00,0.00,-0.00,10.00
26248.00,-2.15,-0.87,-1.67,0.06,-0.14,0.01,0.00,0.00,0.00,-0.00,0.00,0.00,-0.00,0.00,0.00,10.00
26258.00,-2.17,-0.85,-1.65,-0.00,-0.00,-0.00,-6.40,13.50,-1.80,-0.00,0.00,0.00,-0.00,0.00,0.00,18.00
26276.00,-2.17,-0.85,-1.65,-0.00,-0.00,-0.00,0.00,0.00,0.00,-0.00,0.00,0.00,0.00,-0.00,0.00,10.00
26291.00,-2.17,-0.85,-1.65,-0.00,-0.00,-0.00,0.00,0.00,0.00,-0.00,0.00,0.00,0.00,-0.00,-0.00,10.00
26301.00,-2.17,-0.85,-1.65,-0.00,-0.00,-0.00,0.00,0.00,0.00,-0.00,0.00,0.00,0.00,-0.00,0.00,10.00
26311.00,-2.18,-0.85,-1.64,-0.07,0.07,-0.01,-7.10,7.30,-0.60,-0.00,0.00,0.00,-0.00,0.00,0.00,18.00
26329.00,-2.18,-0.85,-1.64,-0.07,0.07,-0.01,0.00,0.00,0.00,-0.00,0.00,0.00,0.00,0.00,0.00,10.00
26339.00,-2.18,-0.85,-1.64,-0.07,0.07,-0.01,0.00,0.00,0.00,-0.00,0.00,0.00,0.00,0.00,0.00,10.00
26349.00,-2.18,-0.85,-1.64,-0.07,0.07,-0.01,0.00,0.00,0.00,-0.00,0.00,0.00,0.00,-0.00,0.00,10.00
26359.00,-2.17,-0.87,-1.65,0.08,-0.04,0.00,15.50,-11.50,1.20,-0.00,0.00,0.00,0.00,0.00,0.00,18.00
26377.00,-2.17,-0.87,-1.65,0.08,-0.04,0.00,0.00,0.00,0.00,-0.00,0.00,0.00,-0.00,-0.00,0.00,10.00
26387.00,-2.17,-0.87,-1.65,0.08,-0.04,0.00,0.00,0.00,0.00,-0.00,0.00,0.00,0.00,0.00,0.00,10.00
26397.00,-2.17,-0.87,-1.65,0.08,-0.04,0.00,0.00,0.00,0.00,-0.00,0.00,0.00,0.00,0.00,-0.00,10.00
26412.00,-2.17,-0.88,-1.67,0.05,-0.01,0.02,-2.00,2.13,1.47,-0.00,0.00,0.00,0.00,-0.00,-0.00,18.00
26430.00,-2.17,-0.88,-1.67,0.05,-0.01,0.02,0.00,0.00,0.00,-0.00,0.00,0.00,0.00,-0.00,0.00,10.00
26440.00,-2.17,-0.88,-1.67,0.05,-0.01,0.02,0.00,0.00,0.00,-0.00,0.00,0.00,-0.00,0.00,0.00,10.00
26450.00,-2.17,-0.88,-1.67,0.05,-0.01,0.02,0.00,0.00,0.00,-0.00,0.00,0.00,-0.00,-0.00,0.00,10.00
26460.00,-2.17,-0.88,-1.68,0.01,-0.01,0.03,-4.00,0.20,0.40,-0.00,0.00,0.00,0.00,-0.00,0.00,18.00
26478.00,-2.17,-0.88,-1.68,0.01,-0.01,0.03,0.00,0.00,0.00,-0.00,0.00,0.00,-0.00,0.00,-0.00,10.00
26488.00,-2.17,-0.88,-1.68,0.01,-0.01,0.03,0.00,0.00,0.00,-0.00,0.00,0.00,0.00,0.00,-0.00,10.00
26498.00,-2.17,-0.88,-1.68,0.01,-0.01,0.03,0.00,0.00,0.00,-0.00,0.00,0.00,0.00,0.00,0.00,10.00
26508.00,-2.18,-0.89,-1.67,-0.01,-0.03,0.02,-2.00,-2.20,-1.30,-0.00,0.00,0.00,0.00,0.00,0.00,18.00
26526.00,-2.18,-0.89,-1.67,-0.01,-0.03,0.02,0.00,0.00,0.00,-0.00,0.00,0.00,-0.00,0.00,-0.00,10.00
26541.00,-2.18,-0.89,-1.67,-0.01,-0.03,0.02,0.00,0.00,0.00,-0.00,0.00,0.00,0.00,-0.00,0.00,10.00
26551.00,-2.18,-0.89,-1.67,-0.01,-0.03,0.02,0.00,0.00,0.00,-0.00,0.00,0.00,0.00,-0.00,0.00,10.00
26561.00,-2.19,-0.88,-1.65,0.00,0.02,0.00,1.10,5.50,-1.10,-0.00,0.00,0.00,-0.00,-0.00,0.00,18.00
26579.00,-2.19,-0.88,-1.65,0.00,0.02,0.00,0.00,0.00,0.00,-0.00,0.00,0.00,0.00,0.00,0.00,10.00
26589.00,-2.19,-0.88,-1.65,0.00,0.02,0.00,0.00,0.00,0.00,-0.00,0.00,0.00,0.00,-0.00,-0.00,10.00
26599.00,-2.19,-0.88,-1.65,0.00,0.02,0.00,0.00,0.00,0.00,-0.00,0.00,0.00,0.00,-0.00,0.00,10.00
26609.00,-2.19,-0.88,-1.65,-0.02,-0.03,0.00,-2.50,-5.30,-0.30,-0.00,0.00,0.00,0.00,-0.00,0.00,17.00
26626.00,-2.19,-0.88,-1.65,-0.02,-0.03,0.00,0.00,0.00,0.00,-0.00,0.00,0.00,-0.00,-0.00,0.00,10.00
26636.00,-2.19,-0.88,-1.65,-0.02,-0.03,0.00,0.00,0.00,0.00,-0.00,0.00,0.00,-0.00,-0.00,-0.00,10.00
26646.00,-2.19,-0.88,-1.65,-0.02,-0.03,0.00,0.00,0.00,0.00,-0.00,0.00,0.00,0.00,0.00,0.00,10.00
26661.00,-2.20,-0.89,-1.65,0.01,-0.04,0.00,2.13,-0.33,0.20,-0.00,0.00,0.00,-0.00,-0.00,0.00,19.00
26680.00,-2.20,-0.89,-1.65,0.01,-0.04,0.00,0.00,0.00,0.00,-0.00,0.00,0.00,0.00,-0.00,0.00,10.00
26690.00,-2.20,-0.89,-1.65,0.01,-0.04,0.00,0.00,0.00,0.00,-0.00,0.00,0.00,-0.00,0.00,0.00,10.00
26700.00,-2.20,-0.89,-1.65,0.01,-0.04,0.00,0.00,0.00,0.00,-0.00,0.00,0.00,-0.00,-0.00,0.00,10.00
26710.00,-2.19,-0.91,-1.65,0.04,-0.07,0.01,3.30,-3.90,0.70,-0.00,0.00,0.00,0.00,-0.00,0.00,19.00
26729.00,-2.19,-0.91,-1.65,0.04,-0.07,0.01,0.00,0.00,0.00,-0.00,0.00,0.00,-0.00,0.00,0.00,10.00
26739.00,-2.19,-0.91,-1.65,0.04,-0.07,0.01,0.00,0.00,0.00,-0.00,0.00,0.00,0.00,0.00,0.00,10.00
26749.00,-2.19,-0.91,-1.65,0.04,-0.07,0.01,0.00,0.00,0.00,-0.00,0.00,0.00,0.00,0.00,0.00,10.00
26759.00,-2.20,-0.90,-1.66,0.01,-0.00,0.01,-3.60,7.00,0.30,-0.00,0.00,0.00,0.00,-0.00,0.00,19.00
26778.00,-2.20,-0.90,-1.66,0.01,-0.00,0.01,0.00,0.00,0.00,-0.00,0.00,0.00,0.00,-0.00,-0.00,10.00
26793.00,-2.20,-0.90,-1.66,0.01,-0.00,0.01,0.00,0.00,0.00,-0.00,0.00,0.00,-0.00,0.00,-0.00,10.00
26803.00,-2.20,-0.90,-1.65,-0.01,0.08,0.01,-1.30,8.10,-0.20,-0.00,0.00,0.00,-0.00,0.00,-0.00,16.00
26819.00,-2.20,-0.90,-1.65,-0.01,0.08,0.01,0.00,0.00,0.00,-0.00,0.00,0.00,-0.00,0.00,-0.00,10.00
26829.00,-2.20,-0.90,-1.65,-0.01,0.08,0.01,0.00,0.00,0.00,-0.00,0.00,0.00,0.00,-0.00,0.00,10.00
26839.00,-2.20,-0.90,-1.65,-0.01,0.08,0.01,0.00,0.00,0.00,-0.00,0.00,0.00,0.00,-0.00,0.00,10.00
26849.00,-2.20,-0.90,-1.65,-0.01,0.08,0.01,0.00,0.00,0.00,-0.00,0.00,0.00,-0.00,-0.01,-0.00,10.00
26859.00,-2.22,-0.90,-1.64,0.01,0.06,0.00,2.00,-2.20,-0.80,-0.00,0.00,0.00,-0.00,-0.00,0.00,17.00
26876.00,-2.22,-0.90,-1.64,0.01,0.06,0.00,0.00,0.00,0.00,-0.00,0.00,0.00,0.00,-0.00,0.00,10.00
26886.00,-2.22,-0.90,-1.64,0.01,0.06,0.00,0.00,0.00,0.00,-0.00,0.00,0.00,0.00,-0.00,0.00,10.00
26896.00,-2.22,-0.90,-1.64,0.01,0.06,0.00,0.00,0.00,0.00,-0.00,0.00,0.00,0.00,0.00,0.00,10.00
26911.00,-2.22,-0.91,-1.64,0.03,-0.05,0.01,0.87,-7.07,0.07,-0.00,0.00,0.00,0.00,0.00,0.00,19.00
26930.00,-2.22,-0.91,-1.64,0.03,-0.05,0.01,0.00,0.00,0.00,-0.00,0.00,0.00,0.00,-0.00,-0.00,10.00
26940.00,-2.22,-0.91,-1.64,0.03,-0.05,0.01,0.00,0.00,0.00,-0.00,0.00,0.00,0.00,-0.00,0.00,10.00
26950.00,-2.22,-0.91,-1.64,0.03,-0.05,0.01,0.00,0.00,0.00,-0.00,0.00,0.00,0.00,-0.00,0.00,10.00
26960.00,-2.22,-0.93,-1.65,0.05,-0.09,0.01,2.00,-3.50,0.80,-0.00,0.00,0.00,0.00,0.00,0.00,19.00
26979.00,-2.22,-0.93,-1.65,0.05,-0.09,0.01,0.00,0.00,0.00,-0.00,0.00,0.00,-0.00,0.00,0.00,10.00
26989.00,-2.22,-0.93,-1.65,0.05,-0.09,0.01,0.00,0.00,0.00,-0.00,0.00,0.00,0.00,0.00,0.00,10.00
26999.00,-2.22,-0.93,-1.65,0.05,-0.09,0.01,0.00,0.00,0.00,-0.00,0.00,0.00,0.00,-0.00,0.00,10.00
27009.00,-2.22,-0.93,-1.66,-0.02,-0.03,0.03,-6.20,5.90,1.20,-0.00,0.00,0.00,-0.00,0.00,0.00,17.00
27026.00,-2.22,-0.93,-1.66,-0.02,-0.03,0.03,0.00,0.00,0.00,-0.00,0.00,0.00,-0.00,0.00,-0.00,10.00
27041.00,-2.22,-0.93,-1.66,-0.02,-0.03,0.03,0.00,0.00,0.00,-0.00,0.00,0.00,0.00,0.00,-0.00,10.00
27051.00,-2.22,-0.93,-1.66,-0.02,-0.03,0.03,0.00,0.00,0.00,-0.00,0.00,0.00,-0.00,0.00,0.00,10.00
27061.00,-2.23,-0.93,-1.65,-0.06,0.02,0.01,-4.00,4.60,-1.20,-0.00,0.00,0.00,0.00,0.00,0.00,18.00
27079.00,-2.23,-0.93,-1.65,-0.06,0.02,0.01,0.00,0.00,0.00,-0.00,0.00,0.00,-0.00,-0.00,0.00,10.00
27089.00,-2.23,-0.93,-1.65,-0.06,0.02,0.01,0.00,0.00,0.00,-0.00,0.00,0.00,-0.00,0.00,-0.00,10.00
27099.00,-2.23,-0.93,-1.65,-0.06,0.02,0.01,0.00,0.00,0.00,-0.00,0.00,0.00,0.00,0.00,0.00,10.00
27109.00,-2.24,-0.92,-1.63,-0.02,0.04,-0.01,3.90,2.30,-1.80,-0.00,0.00,0.00,-0.00,-0.00,0.00,18.00
27127.00,-2.24,-0.92,-1.63,-0.02,0.04,-0.01,0.00,0.00,0.00,-0.00,0.00,0.00,0.00,0.00,-0.00,10.00
27137.00,-2.24,-0.92,-1.63,-0.02,0.04,-0.01,0.00,0.00,0.00,-0.00,0.00,0.00,-0.00,0.00,-0.00,10.00
27147.00,-2.24,-0.92,-1.63,-0.02,0.04,-0.01,0.00,0.00,0.00,-0.00,0.00,0.00,0.00,0.01,0.00,10.00
27162.00,-2.24,-0.92,-1.62,0.04,0.01,-0.01,3.60,-2.33,-0.47,-0.00,0.00,0.00,-0.00,0.00,0.00,18.00
27180.00,-2.24,-0.92,-1.62,0.04,0.01,-0.01,0.00,0.00,0.00,-0.00,0.00,0.00,-0.00,-0.00,0.00,10.00
27190.00,-2.24,-0.92,-1.62,0.04,0.01,-0.01,0.00,0.00,0.00,-0.00,0.00,0.00,0.00,-0.00,0.00,10.00
27200.00,-2.24,-0.92,-1.62,0.04,0.01,-0.01,0.00,0.00,0.00,-0.00,0.00,0.00,-0.00,-0.01,0.00,10.00
27210.00,-2.24,-0.93,-1.63,0.07,-0.02,0.00,3.10,-3.00,1.40,-0.00,0.00,0.00,-0.00,-0.00,0.00,18.00
27228.00,-2.24,-0.93,-1.63,0.07,-0.02,0.00,0.00,0.00,0.00,-0.00,0.00,0.00,-0.00,0.00,-0.00,10.00
27238.00,-2.24,-0.93,-1.63,0.07,-0.02,0.00,0.00,0.00,0.00,-0.00,0.00,0.00,-0.00,-0.00,0.00,10.00
27248.00,-2.24,-0.93,-1.63,0.07,-0.02,0.00,0.00,0.00,0.00,-0.00,0.00,0.00,0.00,-0.00,0.00,10.00
27258.00,-2.24,-0.94,-1.64,0.00,-0.03,0.02,-6.50,-0.80,1.40,-0.00,0.00,0.00,0.00,0.00,0.00,16.00
27274.00,-2.24,-0.94,-1.64,0.00,-0.03,0.02,0.00,0.00,0.00,-0.00,0.00,0.00,-0.00,-0.00,0.00,10.00
27303.00,-2.24,-0.95,-1.64,-0.01,-0.04,0.02,-0.52,-0.45,0.00,-0.00,0.00,0.00,0.00,0.00,-0.00,17.00
27320.00,-2.24,-0.95,-1.64,-0.01,-0.04,0.02,0.00,0.00,0.00,-0.00,0.00,0.00,0.00,0.00,-0.00,10.00
27330.00,-2.24,-0.95,-1.64,-0.01,-0.04,0.02,0.00,0.00,0.00,-0.00,0.00,0.00,-0.00,-0.00,0.00,10.00
27340.00,-2.24,-0.95,-1.64,-0.01,-0.04,0.02,0.00,0.00,0.00,-0.00,0.00,0.00,0.00,-0.00,-0.00,10.00
27350.00,-2.24,-0.95,-1.64,-0.01,-0.04,0.02,0.00,0.00,0.00,-0.00,0.00,0.00,0.00,-0.00,0.00,10.00
27360.00,-2.25,-0.95,-1.64,-0.01,-0.03,0.02,0.00,1.60,-0.10,-0.00,-0.00,0.00,-0.00,-0.00,0.00,17.00
27377.00,-2.25,-0.95,-1.64,-0.01,-0.03,0.02,0.00,0.00,0.00,-0.00,-0.00,0.00,0.00,-0.00,0.00,10.00
27387.00,-2.25,-0.95,-1.64,-0.01,-0.03,0.02,0.00,0.00,0.00,-0.00,-0.00,0.00,0.00,-0.00,0.00,10.00
27397.00,-2.25,-0.95,-1.64,-0.01,-0.03,0.02,0.00,0.00,0.00,-0.00,-0.00,0.00,0.00,-0.00,-0.00,10.00
27407.00,-2.25,-0.95,-1.64,-0.01,-0.03,0.02,0.00,0.00,0.00,-0.00,-0.00,0.00,0.00,0.00,0.00,10.00
27422.00,-2.25,-0.95,-1.64,0.02,-0.04,0.01,2.33,-0.93,-0.27,-0.00,-0.00,0.00,-0.00,0.00,0.00,19.00
27441.00,-2.25,-0.95,-1.64,0.02,-0.04,0.01,0.00,0.00,0.00,-0.00,-0.00,0.00,-0.00,-0.00,0.00,10.00
27451.00,-2.25,-0.95,-1.64,0.02,-0.04,0.01,0.00,0.00,0.00,-0.00,-0.00,0.00,0.00,0.00,0.00,10.00
27461.00,-2.25,-0.95,-1.63,0.05,-0.00,0.01,2.50,3.80,-0.20,-0.00,-0.00,0.00,-0.00,0.00,-0.00,18.00
27479.00,-2.25,-0.95,-1.63,0.05,-0.00,0.01,0.00,0.00,0.00,-0.00,0.00,0.00,0.00,0.00,0.00,10.00
27489.00,-2.25,-0.95,-1.63,0.05,-0.00,0.01,0.00,0.00,0.00,-0.00,-0.00,0.00,0.00,-0.00,0.00,10.00
27499.00,-2.25,-0.95,-1.63,0.05,-0.00,0.01,0.00,0.00,0.00,-0.00,-0.00,0.00,0.00,0.00,0.00,10.00
27509.00,-2.25,-0.95,-1.63,0.05,-0.00,0.01,0.00,0.00,0.00,-0.00,-0.00,0.00,-0.00,-0.00,0.00,10.00
27519.00,-2.26,-0.95,-1.63,0.01,-0.01,0.01,-3.70,-0.30,-0.10,-0.00,-0.00,0.00,0.00,-0.00,0.00,18.00
27537.00,-2.26,-0.95,-1.63,0.01,-0.01,0.01,0.00,0.00,0.00,-0.00,-0.00,0.00,-0.00,-0.00,0.00,10.00
27552.00,-2.26,-0.95,-1.62,-0.01,-0.05,0.00,-1.53,-2.73,-0.33,-0.00,-0.00,0.00,0.00,-0.00,0.00,17.00
27569.00,-2.26,-0.95,-1.62,-0.01,-0.05,0.00,0.00,0.00,0.00,-0.00,-0.00,0.00,-0.00,-0.00,0.00,10.00
27579.00,-2.26,-0.95,-1.62,-0.01,-0.05,0.00,0.00,0.00,0.00,-0.00,-0.00,0.00,-0.00,-0.00,0.00,10.00
27589.00,-2.26,-0.95,-1.62,-0.01,-0.05,0.00,0.00,0.00,0.00,-0.00,-0.00,0.00,0.00,-0.00,0.00,10.00
27599.00,-2.26,-0.95,-1.62,-0.01,-0.05,0.00,0.00,0.00,0.00,-0.00,-0.00,0.00,0.00,0.00,0.00,10.00
27609.00,-2.27,-0.95,-1.62,-0.03,-0.01,0.00,-2.10,4.20,-0.10,-0.00,-0.00,0.00,-0.00,-0.00,0.00,16.00
27625.00,-2.27,-0.95,-1.62,-0.03,-0.01,0.00,0.00,0.00,0.00,-0.00,-0.00,0.00,-0.00,-0.00,0.00,10.00
27635.00,-2.27,-0.95,-1.62,-0.03,-0.01,0.00,0.00,0.00,0.00,-0.00,-0.00,0.00,-0.00,0.00,0.00,10.00
27645.00,-2.27,-0.95,-1.62,-0.03,-0.01,0.00,0.00,0.00,0.00,-0.00,-0.00,0.00,0.00,0.00,-0.00,10.00
27655.00,-2.27,-0.95,-1.62,-0.03,-0.01,0.00,0.00,0.00,0.00,-0.00,-0.00,0.00,0.00,0.00,0.00,10.00
27670.00,-2.27,-0.96,-1.62,-0.00,0.03,0.00,2.13,2.47,0.00,-0.00,-0.00,0.00,-0.00,0.00,-0.00,16.00
27686.00,-2.27,-0.96,-1.62,-0.00,0.03,0.00,0.00,0.00,0.00,-0.00,-0.00,0.00,-0.00,0.00,-0.00,10.00
27696.00,-2.27,-0.96,-1.62,-0.00,0.03,0.00,0.00,0.00,0.00,-0.00,-0.00,0.00,-0.00,0.00,-0.00,10.00
27706.00,-2.27,-0.96,-1.62,-0.00,0.03,0.00,0.00,0.00,0.00,-0.00,-0.00,0.00,-0.00,-0.00,-0.00,10.00
27716.00,-2.28,-0.95,-1.62,-0.01,0.05,-0.00,-0.50,1.40,-0.60,-0.00,-0.00,0.00,-0.00,-0.00,0.00,16.00
27732.00,-2.28,-0.95,-1.62,-0.01,0.05,-0.00,0.00,0.00,0.00,-0.00,-0.00,0.00,0.00,0.00,0.00,10.00
27742.00,-2.28,-0.95,-1.62,-0.01,0.05,-0.00,0.00,0.00,0.00,-0.00,-0.00,0.00,-0.00,0.00,0.00,10.00
27752.00,-2.28,-0.95,-1.62,-0.01,0.05,-0.00,0.00,0.00,0.00,-0.00,-0.00,0.00,-0.00,-0.00,-0.00,10.00
27762.00,-2.28,-0.96,-1.62,-0.00,0.02,-0.00,0.30,-3.00,0.30,-0.00,-0.00,0.00,-0.00,-0.00,0.00,18.00
27780.00,-2.28,-0.96,-1.62,-0.00,0.02,-0.00,0.00,0.00,0.00,-0.00,-0.00,0.00,-0.00,0.00,0.00,10.00
27795.00,-2.28,-0.96,-1.62,-0.00,0.02,-0.00,0.00,0.00,0.00,-0.00,-0.00,0.00,0.00,0.00,0.00,10.00
27805.00,-2.28,-0.96,-1.62,-0.00,0.02,-0.00,0.00,0.00,0.00,-0.00,-0.00,0.00,0.00,-0.00,-0.00,10.00
27815.00,-2.29,-0.96,-1.61,-0.02,-0.04,-0.01,-1.20,-5.20,-0.70,-0.00,-0.00,0.00,0.00,0.00,-0.00,17.00
27832.00,-2.29,-0.96,-1.61,-0.02,-0.04,-0.01,0.00,0.00,0.00,-0.00,-0.00,0.00,0.00,-0.00,0.00,10.00
27842.00,-2.29,-0.96,-1.61,-0.02,-0.04,-0.01,0.00,0.00,0.00,-0.00,-0.00,0.00,-0.00,-0.00,0.00,10.00
27852.00,-2.29,-0.97,-1.62,0.01,-0.04,0.00,2.90,-0.10,0.80,-0.00,-0.00,0.00,0.00,-0.00,-0.00,17.00
27869.00,-2.29,-0.97,-1.62,0.01,-0.04,0.00,0.00,0.00,0.00,-0.00,-0.00,0.00,-0.00,0.00,-0.00,10.00
27879.00,-2.29,-0.97,-1.62,0.01,-0.04,0.00,0.00,0.00,0.00,-0.00,-0.00,0.00,0.00,0.00,-0.00,10.00
27889.00,-2.29,-0.97,-1.62,0.01,-0.04,0.00,0.00,0.00,0.00,-0.00,-0.00,0.00,0.00,-0.00,-0.00,10.00
27899.00,-2.29,-0.97,-1.62,0.01,-0.04,0.00,0.00,0.00,0.00,-0.00,-0.00,0.00,-0.00,0.00,0.00,10.00
27914.00,-2.29,-0.96,-1.62,0.02,0.03,0.00,0.13,4.67,0.20,-0.00,-0.00,0.00,-0.00,-0.00,-0.00,18.00
27932.00,-2.29,-0.96,-1.62,0.02,0.03,0.00,0.00,0.00,0.00,-0.00,-0.00,0.00,0.00,0.00,-0.00,10.00
27942.00,-2.29,-0.96,-1.62,0.02,0.03,0.00,0.00,0.00,0.00,-0.00,-0.00,0.00,0.00,0.00,-0.00,10.00
27952.00,-2.29,-0.96,-1.62,0.02,0.03,0.00,0.00,0.00,0.00,-0.00,-0.00,0.00,0.00,-0.00,-0.00,10.00
27962.00,-2.29,-0.96,-1.62,0.01,0.04,0.00,-1.10,0.70,0.10,-0.00,-0.00,0.00,-0.00,-0.00,0.00,19.00
27981.00,-2.29,-0.96,-1.62,0.01,0.04,0.00,0.00,0.00,0.00,-0.00,-0.00,0.00,0.00,0.00,-0.00,10.00
27991.00,-2.29,-0.96,-1.62,0.01,0.04,0.00,0.00,0.00,0.00,-0.00,-0.00,0.00,0.00,0.00,-0.00,10.00
28001.00,-2.29,-0.96,-1.62,0.01,0.04,0.00,0.00,0.00,0.00,-0.00,-0.00,0.00,-0.00,-0.00,-0.00,10.00
28011.00,-2.30,-0.96,-1.62,-0.03,0.01,-0.01,-3.40,-3.20,-0.90,-0.00,-0.00,0.00,0.00,-0.00,0.00,19.00
28030.00,-2.30,-0.96,-1.62,-0.03,0.01,-0.01,0.00,0.00,0.00,-0.00,-0.00,0.00,-0.00,-0.00,-0.00,10.00
28045.00,-2.30,-0.96,-1.62,-0.03,0.01,-0.01,0.00,0.00,0.00,-0.00,-0.00,0.00,-0.00,0.00,-0.00,10.00
28055.00,-2.30,-0.97,-1.61,-0.03,-0.04,-0.01,0.10,-4.60,-0.20,-0.00,-0.00,0.00,0.00,0.00,-0.00,17.00
28072.00,-2.30,-0.97,-1.61,-0.03,-0.04,-0.01,0.00,0.00,0.00,-0.00,-0.00,0.00,0.00,0.00,0.00,10.00
28082.00,-2.30,-0.97,-1.61,-0.03,-0.04,-0.01,0.00,0.00,0.00,-0.00,-0.00,0.00,-0.00,-0.00,-0.00,10.00
28092.00,-2.30,-0.97,-1.61,-0.03,-0.04,-0.01,0.00,0.00,0.00,-0.00,-0.00,0.00,-0.00,0.00,0.00,10.00
28102.00,-2.30,-0.97,-1.61,-0.03,-0.04,-0.01,0.00,0.00,0.00,-0.00,-0.00,0.00,0.00,0.00,0.00,10.00
28112.00,-2.32,-0.96,-1.61,-0.01,-0.02,-0.01,1.60,1.70,-0.10,-0.00,-0.00,0.00,0.00,0.00,-0.00,17.00
28129.00,-2.32,-0.96,-1.61,-0.01,-0.02,-0.01,0.00,0.00,0.00,-0.00,-0.00,0.00,0.00,0.00,-0.00,10.00
28139.00,-2.32,-0.96,-1.61,-0.01,-0.02,-0.01,0.00,0.00,0.00,-0.00,-0.00,0.00,0.00,-0.00,-0.00,10.00
28149.00,-2.32,-0.96,-1.61,-0.01,-0.02,-0.01,0.00,0.00,0.00,-0.00,-0.00,0.00,0.00,-0.00,-0.00,10.00
28164.00,-2.32,-0.96,-1.61,0.01,0.02,-0.01,1.27,2.60,-0.27,-0.00,-0.00,0.00,0.00,-0.00,0.00,18.00
28182.00,-2.32,-0.96,-1.61,0.01,0.02,-0.01,0.00,0.00,0.00,-0.00,-0.00,0.00,-0.00,-0.00,0.00,10.00
28192.00,-2.32,-0.96,-1.61,0.01,0.02,-0.01,0.00,0.00,0.00,-0.00,-0.00,0.00,-0.00,-0.00,0.00,10.00
28202.00,-2.32,-0.96,-1.61,0.01,0.02,-0.01,0.00,0.00,0.00,-0.00,-0.00,0.00,0.00,0.00,0.00,10.00
28212.00,-2.32,-0.96,-1.62,0.01,0.03,-0.01,0.70,1.30,0.70,-0.00,-0.00,0.00,-0.00,-0.00,0.00,19.00
28231.00,-2.32,-0.96,-1.62,0.01,0.03,-0.01,0.00,0.00,0.00,-0.00,-0.00,0.00,0.00,-0.01,0.00,10.00
28241.00,-2.32,-0.96,-1.62,0.01,0.03,-0.01,0.00,0.00,0.00,-0.00,-0.00,0.00,-0.00,-0.00,0.00,10.00
28251.00,-2.32,-0.96,-1.62,0.01,0.03,-0.01,0.00,0.00,0.00,-0.00,-0.00,0.00,-0.00,-0.00,0.00,10.00
28261.00,-2.32,-0.96,-1.62,0.01,0.01,-0.00,0.00,-1.80,0.10,-0.00,-0.00,0.00,0.00,0.00,0.00,17.00
28278.00,-2.32,-0.96,-1.62,0.01,0.01,-0.00,0.00,0.00,0.00,-0.00,-0.00,0.00,-0.00,-0.00,0.00,10.00
28297.00,-2.32,-0.96,-1.62,0.01,0.01,-0.00,0.00,0.00,0.00,-0.00,-0.00,0.00,0.00,0.00,0.00,10.00
28307.00,-2.32,-0.96,-1.62,0.01,0.01,-0.00,0.00,0.00,0.00,-0.00,-0.00,0.00,-0.00,0.00,0.00,10.00
28317.00,-2.33,-0.97,-1.62,-0.01,-0.02,0.00,-2.60,-3.00,0.40,-0.00,-0.00,0.00,-0.00,-0.00,-0.00,17.00
28334.00,-2.33,-0.97,-1.62,-0.01,-0.02,0.00,0.00,0.00,0.00,-0.00,-0.00,0.00,0.00,-0.01,-0.00,10.00
28344.00,-2.33,-0.97,-1.62,-0.01,-0.02,0.00,0.00,0.00,0.00,-0.00,-0.00,0.00,0.00,-0.00,0.00,10.00
28354.00,-2.33,-0.97,-1.62,-0.01,-0.02,0.00,0.00,0.00,0.00,-0.00,-0.00,0.00,0.00,-0.00,0.00,10.00
28364.00,-2.33,-0.98,-1.62,-0.01,-0.03,0.00,0.20,-1.00,0.00,-0.00,-0.00,0.00,0.00,-0.00,0.00,18.00
28382.00,-2.33,-0.98,-1.62,-0.01,-0.03,0.00,0.00,0.00,0.00,-0.00,-0.00,0.00,-0.00,0.00,-0.00,10.00
28392.00,-2.33,-0.98,-1.62,-0.01,-0.03,0.00,0.00,0.00,0.00,-0.00,-0.00,0.00,0.00,0.00,0.00,10.00
28402.00,-2.33,-0.98,-1.62,-0.01,-0.03,0.00,0.00,0.00,0.00,-0.00,-0.00,0.00,-0.00,0.00,0.00,10.00
28417.00,-2.34,-0.97,-1.61,-0.01,0.01,-0.01,0.33,2.73,-0.40,-0.00,-0.00,0.00,-0.00,-0.00,-0.00,17.00
28434.00,-2.34,-0.97,-1.61,-0.01,0.01,-0.01,0.00,0.00,0.00,-0.00,-0.00,0.00,-0.00,-0.00,0.00,10.00
28444.00,-2.34,-0.97,-1.61,-0.01,0.01,-0.01,0.00,0.00,0.00,-0.00,-0.00,0.00,0.00,-0.00,-0.00,10.00
28454.00,-2.34,-0.97,-1.61,-0.01,0.01,-0.01,0.00,0.00,0.00,-0.00,-0.00,0.00,0.00,-0.00,0.00,10.00
28464.00,-2.34,-0.98,-1.62,0.01,0.00,-0.00,1.90,-1.20,0.30,-0.00,-0.00,0.00,0.00,0.00,0.00,18.00
28482.00,-2.34,-0.98,-1.62,0.01,0.00,-0.00,0.00,0.00,0.00,-0.00,-0.00,0.00,-0.00,-0.00,-0.00,10.00
28492.00,-2.34,-0.98,-1.62,0.01,0.00,-0.00,0.00,0.00,0.00,-0.00,-0.00,0.00,-0.00,-0.00,-0.00,10.00
28502.00,-2.34,-0.98,-1.62,0.01,0.00,-0.00,0.00,0.00,0.00,-0.00,-0.00,0.00,0.00,0.00,0.00,10.00
28512.00,-2.34,-0.97,-1.61,0.01,0.00,-0.01,-0.50,0.10,-0.20,-0.00,-0.00,0.00,-0.00,0.00,0.00,19.00
28531.00,-2.34,-0.97,-1.61,0.01,0.00,-0.01,0.00,0.00,0.00,-0.00,-0.00,0.00,0.00,-0.00,0.00,10.00
28546.00,-2.34,-0.97,-1.61,0.01,0.00,-0.01,0.00,0.00,0.00,-0.00,-0.00,0.00,0.00,0.00,0.00,10.00
28556.00,-2.35,-0.97,-1.61,-0.02,0.00,-0.01,-3.20,0.00,-0.10,-0.00,-0.00,0.00,0.00,0.00,0.00,17.00
28573.00,-2.35,-0.97,-1.61,-0.02,0.00,-0.01,0.00,0.00,0.00,-0.00,-0.00,0.00,0.00,0.00,0.00,10.00
28583.00,-2.35,-0.97,-1.61,-0.02,0.00,-0.01,0.00,0.00,0.00,-0.00,-0.00,0.00,0.00,-0.00,0.00,10.00
28593.00,-2.35,-0.97,-1.61,-0.02,0.00,-0.01,0.00,0.00,0.00,-0.00,-0.00,0.00,0.00,0.00,-0.00,10.00
28603.00,-2.35,-0.97,-1.61,-0.02,0.00,-0.01,0.00,0.00,0.00,-0.00,-0.00,0.00,0.00,-0.00,-0.00,10.00
28613.00,-2.35,-0.98,-1.62,0.01,-0.00,0.00,3.50,-0.40,0.60,-0.00,-0.00,0.00,0.00,-0.00,0.00,19.00
28632.00,-2.35,-0.98,-1.62,0.01,-0.00,0.00,0.00,0.00,0.00,-0.00,-0.00,0.00,0.00,-0.00,0.00,10.00
28642.00,-2.35,-0.98,-1.62,0.01,-0.00,0.00,0.00,0.00,0.00,-0.00,-0.00,0.00,0.00,0.00,0.00,10.00
28652.00,-2.35,-0.98,-1.62,0.01,-0.00,0.00,0.00,0.00,0.00,-0.00,-0.00,0.00,-0.00,-0.00,0.00,10.00
28667.00,-2.35,-0.98,-1.62,0.03,-0.01,-0.00,1.47,-0.33,-0.13,-0.00,-0.00,0.00,0.00,-0.00,-0.00,17.00
28684.00,-2.35,-0.98,-1.62,0.03,-0.01,-0.00,0.00,0.00,0.00,-0.00,-0.00,0.00,0.00,0.00,0.00,10.00
28694.00,-2.35,-0.98,-1.62,0.03,-0.01,-0.00,0.00,0.00,0.00,-0.00,-0.00,0.00,-0.00,-0.00,-0.00,10.00
28704.00,-2.35,-0.98,-1.62,0.03,-0.01,-0.00,0.00,0.00,0.00,-0.00,-0.00,0.00,-0.00,0.00,-0.00,10.00
28714.00,-2.35,-0.98,-1.61,0.01,-0.00,-0.01,-2.80,0.50,-0.30,-0.00,-0.00,0.00,-0.00,0.00,0.00,19.00
28733.00,-2.35,-0.98,-1.61,0.01,-0.00,-0.01,0.00,0.00,0.00,-0.00,-0.00,0.00,0.00,0.00,0.00,10.00
28743.00,-2.35,-0.98,-1.61,0.01,-0.00,-0.01,0.00,0.00,0.00,-0.00,-0.00,0.00,0.00,-0.00,0.00,10.00
28753.00,-2.35,-0.98,-1.61,0.01,-0.00,-0.01,0.00,0.00,0.00,-0.00,-0.00,0.00,-0.00,0.00,0.00,10.00
28763.00,-2.36,-0.98,-1.61,-0.02,-0.03,-0.00,-2.70,-2.40,0.30,-0.00,-0.00,0.00,-0.00,0.00,0.00,19.00
28782.00,-2.36,-0.98,-1.61,-0.02,-0.03,-0.00,0.00,0.00,0.00,-0.00,-0.00,0.00,0.00,0.00,0.00,10.00
28797.00,-2.36,-0.98,-1.61,-0.02,-0.03,-0.00,0.00,0.00,0.00,-0.00,-0.00,0.00,0.00,0.00,0.00,10.00
28807.00,-2.36,-0.98,-1.61,-0.02,-0.03,-0.00,0.00,0.00,0.00,-0.00,-0.00,0.00,0.00,-0.00,0.00,10.00
28817.00,-2.36,-0.98,-1.61,-0.01,0.02,-0.00,1.60,4.70,0.00,-0.00,-0.00,0.00,0.00,-0.00,0.00,17.00
28834.00,-2.36,-0.98,-1.61,-0.01,0.02,-0.00,0.00,0.00,0.00,-0.00,-0.00,0.00,0.00,-0.00,0.00,10.00
28844.00,-2.36,-0.98,-1.61,-0.01,0.02,-0.00,0.00,0.00,0.00,-0.00,-0.00,0.00,0.00,0.00,0.00,10.00
28854.00,-2.37,-0.97,-1.61,0.00,0.01,-0.01,0.60,-0.70,-0.60,-0.00,-0.00,0.00,-0.00,0.00,-0.00,17.00
28871.00,-2.37,-0.97,-1.61,0.00,0.01,-0.01,0.00,0.00,0.00,-0.00,-0.00,0.00,0.00,0.00,-0.00,10.00
28881.00,-2.37,-0.97,-1.61,0.00,0.01,-0.01,0.00,0.00,0.00,-0.00,-0.00,0.00,0.00,0.00,0.00,10.00
28891.00,-2.37,-0.97,-1.61,0.00,0.01,-0.01,0.00,0.00,0.00,-0.00,-0.00,0.00,-0.00,-0.00,0.00,10.00
28901.00,-2.37,-0.97,-1.61,0.00,0.01,-0.01,0.00,0.00,0.00,-0.00,-0.00,0.00,0.00,0.00,0.00,10.00
28916.00,-2.37,-0.98,-1.61,-0.01,0.00,-0.00,-0.40,-0.80,0.33,-0.00,-0.00,0.00,0.00,-0.00,0.00,18.00
28934.00,-2.37,-0.98,-1.61,-0.01,0.00,-0.00,0.00,0.00,0.00,-0.00,-0.00,0.00,-0.00,0.00,-0.00,10.00
28944.00,-2.37,-0.98,-1.61,-0.01,0.00,-0.00,0.00,0.00,0.00,-0.00,-0.00,0.00,-0.00,0.00,0.00,10.00
28954.00,-2.37,-0.99,-1.62,0.04,-0.02,-0.00,4.10,-2.30,0.00,-0.00,-0.00,0.00,-0.00,-0.00,-0.00,17.00
28971.00,-2.37,-0.99,-1.62,0.04,-0.02,-0.00,0.00,0.00,0.00,-0.00,-0.00,0.00,0.00,-0.00,-0.00,10.00
28981.00,-2.37,-0.99,-1.62,0.04,-0.02,-0.00,0.00,0.00,0.00,-0.00,-0.00,0.00,0.00,0.00,-0.00,10.00
28991.00,-2.37,-0.99,-1.62,0.04,-0.02,-0.00,0.00,0.00,0.00,-0.00,-0.00,0.00,0.00,0.00,-0.00,10.00
29001.00,-2.37,-0.99,-1.62,0.04,-0.02,-0.00,0.00,0.00,0.00,-0.00,-0.00,0.00,-0.00,-0.00,0.00,10.00
29011.00,-2.37,-0.99,-1.61,0.01,0.01,-0.01,-2.20,2.70,-0.50,-0.00,-0.00,0.00,0.00,0.00,-0.00,16.00
29027.00,-2.37,-0.99,-1.61,0.01,0.01,-0.01,0.00,0.00,0.00,-0.00,-0.00,0.00,-0.00,0.00,0.00,10.00
29042.00,-2.37,-0.99,-1.61,0.01,0.01,-0.01,0.00,0.00,0.00,-0.00,-0.00,0.00,0.00,0.00,-0.00,10.00
29052.00,-2.37,-0.99,-1.61,0.01,0.01,-0.01,0.00,0.00,0.00,-0.00,-0.00,0.00,-0.00,0.00,0.00,10.00
29062.00,-2.38,-0.99,-1.61,-0.02,0.02,-0.01,-3.40,1.20,-0.20,-0.00,-0.00,0.00,-0.00,-0.00,0.00,17.00
29079.00,-2.38,-0.99,-1.61,-0.02,0.02,-0.01,0.00,0.00,0.00,-0.00,-0.00,0.00,0.00,-0.00,0.00,10.00
29089.00,-2.38,-0.99,-1.61,-0.02,0.02,-0.01,0.00,0.00,0.00,-0.00,-0.00,0.00,0.00,-0.00,0.00,10.00
29099.00,-2.38,-0.99,-1.61,-0.02,0.02,-0.01,0.00,0.00,0.00,-0.00,-0.00,0.00,-0.00,0.00,-0.00,10.00
29109.00,-2.39,-0.98,-1.60,-0.03,0.02,-0.01,-1.30,0.00,-0.20,-0.00,-0.00,0.00,0.00,-0.00,0.00,16.00
29125.00,-2.39,-0.98,-1.60,-0.03,0.02,-0.01,0.00,0.00,0.00,-0.00,-0.00,0.00,-0.00,0.00,-0.00,10.00
29135.00,-2.39,-0.98,-1.60,-0.03,0.02,-0.01,0.00,0.00,0.00,-0.00,-0.00,0.00,0.00,-0.00,-0.00,10.00
29145.00,-2.39,-0.98,-1.60,-0.03,0.02,-0.01,0.00,0.00,0.00,-0.00,-0.00,0.00,-0.00,0.00,0.00,10.00
29159.00,-2.39,-0.99,-1.61,-0.02,0.01,-0.00,1.07,-0.43,0.71,-0.00,-0.00,0.00,-0.00,0.00,0.00,17.00
29176.00,-2.39,-0.99,-1.61,-0.02,0.01,-0.00,0.00,0.00,0.00,-0.00,-0.00,0.00,0.00,0.00,-0.00,10.00
29186.00,-2.39,-0.99,-1.61,-0.02,0.01,-0.00,0.00,0.00,0.00,-0.00,-0.00,0.00,0.00,0.00,0.00,10.00
29196.00,-2.39,-0.99,-1.61,-0.02,0.01,-0.00,0.00,0.00,0.00,-0.00,-0.00,0.00,0.00,-0.00,0.00,10.00
29206.00,-2.39,-0.99,-1.61,-0.02,0.01,-0.00,0.00,0.00,0.00,-0.00,-0.00,0.00,0.00,-0.00,-0.00,10.00
29216.00,-2.39,-0.99,-1.61,-0.01,0.01,-0.01,1.00,-0.50,-0.30,-0.00,-0.00,0.00,0.00,-0.00,0.00,18.00
29234.00,-2.39,-0.99,-1.61,-0.01,0.01,-0.01,0.00,0.00,0.00,-0.00,-0.00,0.00,0.00,0.00,-0.00,10.00
29244.00,-2.39,-0.99,-1.61,-0.01,0.01,-0.01,0.00,0.00,0.00,-0.00,-0.00,0.00,0.00,0.00,0.00,10.00
29254.00,-2.39,-0.99,-1.61,-0.01,0.01,-0.01,0.00,0.00,0.00,-0.00,-0.00,0.00,0.00,0.00,-0.00,10.00
29264.00,-2.39,-0.99,-1.61,0.02,-0.00,-0.01,3.10,-0.90,-0.30,-0.00,-0.00,0.00,0.00,0.01,-0.00,19.00
29292.00,-2.39,-0.99,-1.61,0.02,-0.00,-0.01,0.00,0.00,0.00,-0.00,-0.00,0.00,0.00,0.00,-0.00,10.00
29302.00,-2.39,-0.99,-1.61,0.02,-0.00,-0.01,0.00,0.00,0.00,-0.00,-0.00,0.00,0.00,0.00,0.00,10.00
29312.00,-2.39,-1.00,-1.60,0.02,0.00,-0.01,0.10,0.30,-0.40,-0.00,-0.00,0.00,0.00,0.00,-0.00,16.00
29328.00,-2.39,-1.00,-1.60,0.02,0.00,-0.01,0.00,0.00,0.00,-0.00,-0.00,0.00,0.00,-0.00,-0.00,10.00
29338.00,-2.39,-1.00,-1.60,0.02,0.00,-0.01,0.00,0.00,0.00,-0.00,-0.00,0.00,0.00,0.00,-0.00,10.00
29348.00,-2.39,-1.00,-1.60,0.02,0.00,-0.01,0.00,0.00,0.00,-0.00,-0.00,0.00,0.00,0.00,0.00,10.00
29358.00,-2.39,-1.00,-1.60,0.02,0.00,-0.01,0.00,0.00,0.00,-0.00,-0.00,0.00,0.00,0.00,-0.00,10.00
29368.00,-2.40,-1.00,-1.61,-0.01,0.02,-0.01,-3.20,1.60,0.40,-0.00,-0.00,0.00,0.00,-0.00,0.00,17.00
29385.00,-2.40,-1.00,-1.61,-0.01,0.02,-0.01,0.00,0.00,0.00,-0.00,-0.00,0.00,0.00,-0.00,0.00,10.00
29395.00,-2.40,-1.00,-1.61,-0.01,0.02,-0.01,0.00,0.00,0.00,-0.00,-0.00,0.00,0.00,0.01,-0.00,10.00
29410.00,-2.40,-1.00,-1.61,-0.04,0.01,-0.00,-1.93,-0.33,0.33,-0.00,-0.00,0.00,0.00,0.00,0.00,16.00
29426.00,-2.40,-1.00,-1.61,-0.04,0.01,-0.00,0.00,0.00,0.00,-0.00,-0.00,0.00,0.00,0.00,0.00,10.00
29436.00,-2.40,-1.00,-1.61,-0.04,0.01,-0.00,0.00,0.00,0.00,-0.00,-0.00,0.00,0.00,0.00,0.00,10.00
29446.00,-2.40,-1.00,-1.61,-0.04,0.01,-0.00,0.00,0.00,0.00,-0.00,-0.00,0.00,0.00,0.00,0.00,10.00
29456.00,-2.40,-1.00,-1.61,-0.04,0.01,-0.00,0.00,0.00,0.00,-0.00,-0.00,0.00,0.00,0.00,0.00,10.00
29466.00,-2.42,-1.00,-1.61,-0.01,-0.01,-0.01,2.60,-2.60,-0.40,-0.00,-0.00,0.00,0.00,0.00,0.00,18.00
29484.00,-2.42,-1.00,-1.61,-0.01,-0.01,-0.01,0.00,0.00,0.00,-0.00,-0.00,0.00,0.00,0.00,0.00,10.00
29494.00,-2.42,-1.00,-1.61,-0.01,-0.01,-0.01,0.00,0.00,0.00,-0.00,-0.00,0.00,0.00,0.00,-0.00,10.00
29504.00,-2.42,-1.00,-1.61,0.00,0.00,-0.00,1.40,1.40,0.30,-0.00,-0.00,0.00,0.00,0.01,-0.00,15.00
29519.00,-2.42,-1.00,-1.61,0.00,0.00,-0.00,0.00,0.00,0.00,-0.00,-0.00,0.00,0.00,-0.00,0.00,10.00
29534.00,-2.42,-1.00,-1.61,0.00,0.00,-0.00,0.00,0.00,0.00,-0.00,-0.00,0.00,0.00,0.00,0.00,10.00
29544.00,-2.42,-1.00,-1.61,0.00,0.00,-0.00,0.00,0.00,0.00,-0.00,-0.00,0.00,0.00,0.00,0.00,10.00
29554.00,-2.42,-1.00,-1.61,0.00,0.00,-0.00,0.00,0.00,0.00,-0.00,-0.00,0.00,0.00,0.00,0.00,10.00
29564.00,-2.42,-1.00,-1.61,0.00,0.01,-0.00,-0.20,0.90,0.00,-0.00,-0.00,0.00,-0.00,0.00,0.00,18.00
29582.00,-2.42,-1.00,-1.61,0.00,0.01,-0.00,0.00,0.00,0.00,-0.00,-0.00,0.00,0.00,0.00,0.00,10.00
29592.00,-2.42,-1.00,-1.61,0.00,0.01,-0.00,0.00,0.00,0.00,-0.00,-0.00,0.00,0.00,-0.01,-0.00,10.00
29602.00,-2.42,-1.00,-1.61,0.00,0.01,-0.00,0.00,0.00,0.00,-0.00,-0.00,0.00,0.00,0.00,0.00,10.00
29612.00,-2.42,-1.00,-1.61,0.02,0.01,-0.00,1.40,0.00,0.10,-0.00,-0.00,0.00,0.00,0.00,0.00,16.00
29628.00,-2.42,-1.00,-1.61,0.02,0.01,-0.00,0.00,0.00,0.00,-0.00,-0.00,0.00,0.00,0.00,0.00,10.00
29638.00,-2.42,-1.00,-1.61,0.02,0.01,-0.00,0.00,0.00,0.00,-0.00,-0.00,0.00,0.00,0.00,-0.00,10.00
29653.00,-2.43,-1.00,-1.60,-0.01,0.02,-0.01,-1.87,0.87,-0.40,-0.00,-0.00,0.00,0.00,-0.00,0.00,17.00
29670.00,-2.43,-1.00,-1.60,-0.01,0.02,-0.01,0.00,0.00,0.00,-0.00,-0.00,0.00,0.00,-0.00,-0.00,10.00
29680.00,-2.43,-1.00,-1.60,-0.01,0.02,-0.01,0.00,0.00,0.00,-0.00,-0.00,0.00,0.00,-0.00,0.00,10.00
29690.00,-2.43,-1.00,-1.60,-0.01,0.02,-0.01,0.00,0.00,0.00,-0.00,-0.00,0.00,0.00,-0.00,0.00,10.00
29700.00,-2.43,-1.00,-1.60,-0.01,0.02,-0.01,0.00,0.00,0.00,-0.00,-0.00,0.00,-0.00,-0.00,0.00,10.00
29710.00,-2.43,-1.00,-1.61,-0.01,0.01,-0.01,0.50,-1.20,0.10,-0.00,-0.00,0.00,-0.00,-0.00,0.00,16.00
29726.00,-2.43,-1.00,-1.61,-0.01,0.01,-0.01,0.00,0.00,0.00,-0.00,-0.00,0.00,0.00,0.00,-0.00,10.00
29736.00,-2.43,-1.00,-1.61,-0.01,0.01,-0.01,0.00,0.00,0.00,-0.00,-0.00,0.00,0.00,-0.00,-0.00,10.00
29746.00,-2.43,-1.00,-1.61,-0.01,0.01,-0.01,0.00,0.00,0.00,-0.00,-0.00,0.00,0.00,0.00,0.00,10.00
29756.00,-2.43,-1.00,-1.61,-0.01,0.01,-0.01,0.00,0.00,0.00,-0.00,-0.00,0.00,-0.00,0.00,0.00,10.00
29771.00,-2.43,-1.01,-1.62,-0.00,-0.01,0.00,0.27,-1.60,0.53,-0.00,-0.00,0.00,0.00,0.00,0.00,16.00
29787.00,-2.43,-1.01,-1.62,-0.00,-0.01,0.00,0.00,0.00,0.00,-0.00,-0.00,0.00,0.00,0.00,0.00,10.00
29797.00,-2.43,-1.01,-1.62,-0.00,-0.01,0.00,0.00,0.00,0.00,-0.00,-0.00,0.00,-0.00,-0.00,0.00,10.00
29807.00,-2.43,-1.01,-1.62,-0.00,-0.01,0.00,0.00,0.00,0.00,-0.00,-0.00,0.00,-0.00,-0.00,0.00,10.00
29817.00,-2.44,-1.01,-1.61,0.01,-0.01,-0.01,1.40,0.60,-0.60,-0.00,-0.00,0.00,-0.00,0.00,0.00,18.00
29835.00,-2.44,-1.01,-1.61,0.01,-0.01,-0.01,0.00,0.00,0.00,-0.00,-0.00,0.00,0.00,0.00,0.00,10.00
29845.00,-2.44,-1.01,-1.61,0.01,-0.01,-0.01,0.00,0.00,0.00,-0.00,-0.00,0.00,0.00,-0.00,0.00,10.00
29855.00,-2.44,-1.01,-1.61,0.01,-0.01,-0.01,0.00,0.00,0.00,-0.00,-0.00,0.00,-0.00,-0.00,0.00,10.00
29865.00,-2.44,-1.01,-1.61,-0.00,0.02,-0.01,-1.40,2.90,-0.30,-0.00,-0.00,0.00,0.00,0.00,0.00,18.00
29883.00,-2.44,-1.01,-1.61,-0.00,0.02,-0.01,0.00,0.00,0.00,-0.00,-0.00,0.00,0.00,0.00,0.00,10.00
29898.00,-2.44,-1.01,-1.61,-0.00,0.02,-0.01,0.00,0.00,0.00,-0.00,-0.00,0.00,-0.00,-0.00,-0.00,10.00
29908.00,-2.44,-1.01,-1.61,-0.00,0.02,-0.01,0.00,0.00,0.00,-0.00,-0.00,0.00,-0.00,0.00,-0.00,10.00
29918.00,-2.45,-1.01,-1.60,-0.00,0.02,-0.01,0.10,-0.30,-0.20,-0.00,-0.00,0.00,0.00,0.00,-0.00,18.00
29936.00,-2.45,-1.01,-1.60,-0.00,0.02,-0.01,0.00,0.00,0.00,-0.00,-0.00,0.00,0.00,0.00,-0.00,10.00
29946.00,-2.45,-1.01,-1.60,-0.00,0.02,-0.01,0.00,0.00,0.00,-0.00,-0.00,0.00,0.00,0.00,0.00,10.00
29956.00,-2.45,-1.01,-1.60,-0.00,0.02,-0.01,0.00,0.00,0.00,-0.00,-0.00,0.00,0.00,0.00,-0.00,10.00
29966.00,-2.45,-1.01,-1.60,-0.02,-0.01,-0.01,-1.30,-2.90,0.30,-0.00,-0.00,0.00,-0.00,-0.00,0.00,18.00
29984.00,-2.45,-1.01,-1.60,-0.02,-0.01,-0.01,0.00,0.00,0.00,-0.00,-0.00,0.00,-0.00,-0.00,-0.00,10.00
29994.00,-2.45,-1.01,-1.60,-0.02,-0.01,-0.01,0.00,0.00,0.00,-0.00,-0.00,0.00,0.00,-0.00,0.00,10.00
30004.00,-2.45,-1.01,-1.60,-0.02,-0.01,-0.01,0.00,0.00,0.00,-0.00,-0.00,0.00,0.00,0.00,0.00,10.00
30018.00,-2.45,-1.01,-1.61,0.01,0.00,-0.01,1.79,1.00,0.14,-0.00,-0.00,0.00,-0.00,-0.00,0.00,18.00
30036.00,-2.45,-1.01,-1.61,0.01,0.00,-0.01,0.00,0.00,0.00,-0.00,-0.00,0.00,0.00,0.00,0.00,10.00
30046.00,-2.45,-1.01,-1.61,0.01,0.00,-0.01,0.00,0.00,0.00,-0.00,-0.00,0.00,-0.00,0.00,0.00,10.00
30056.00,-2.45,-1.01,-1.61,-0.01,0.02,-0.01,-1.60,1.40,0.10,-0.00,-0.00,0.00,-0.00,0.00,0.00,16.00
30072.00,-2.45,-1.01,-1.61,-0.01,0.02,-0.01,0.00,0.00,0.00,-0.00,-0.00,0.00,0.00,0.00,-0.00,10.00
30082.00,-2.45,-1.01,-1.61,-0.01,0.02,-0.01,0.00,0.00,0.00,-0.00,-0.00,0.00,0.00,0.00,0.00,10.00
30092.00,-2.45,-1.01,-1.61,-0.01,0.02,-0.01,0.00,0.00,0.00,-0.00,-0.00,0.00,0.00,0.00,0.00,10.00
30102.00,-2.45,-1.01,-1.61,-0.01,0.02,-0.01,0.00,0.00,0.00,-0.00,-0.00,0.00,0.00,0.00,-0.00,10.00
30112.00,-2.46,-1.01,-1.61,-0.02,0.02,-0.00,-0.80,0.00,0.10,-0.00,-0.00,0.00,0.00,0.00,0.00,16.00
30128.00,-2.46,-1.01,-1.61,-0.02,0.02,-0.00,0.00,0.00,0.00,-0.00,-0.00,0.00,0.00,0.00,0.00,10.00
30142.00,-2.46,-1.01,-1.61,-0.02,0.02,-0.00,0.00,0.00,0.00,-0.00,-0.00,0.00,-0.00,0.00,0.00,10.00
30152.00,-2.46,-1.01,-1.61,-0.02,0.02,-0.00,0.00,0.00,0.00,-0.00,-0.00,0.00,-0.00,0.00,0.00,10.00
30162.00,-2.46,-1.01,-1.61,0.00,-0.01,-0.01,1.90,-2.40,-0.30,-0.00,-0.00,0.00,0.00,-0.00,-0.00,15.00
30177.00,-2.46,-1.01,-1.61,0.00,-0.01,-0.01,0.00,0.00,0.00,-0.00,-0.00,0.00,0.00,-0.00,0.00,10.00
30187.00,-2.46,-1.01,-1.61,0.00,-0.01,-0.01,0.00,0.00,0.00,-0.00,-0.00,0.00,0.00,-0.00,-0.00,10.00
30197.00,-2.46,-1.01,-1.61,0.00,-0.01,-0.01,0.00,0.00,0.00,-0.00,-0.00,0.00,-0.00,-0.00,-0.00,10.00
30207.00,-2.46,-1.01,-1.61,0.00,-0.01,-0.01,0.00,0.00,0.00,-0.00,-0.00,0.00,0.00,-0.00,0.00,10.00
30217.00,-2.46,-1.02,-1.61,-0.00,-0.00,-0.00,-0.80,0.60,0.50,-0.00,-0.00,0.00,0.00,0.00,-0.00,18.00
30235.00,-2.46,-1.02,-1.61,-0.00,-0.00,-0.00,0.00,0.00,0.00,-0.00,-0.00,0.00,0.00,-0.00,0.00,10.00
30245.00,-2.46,-1.02,-1.61,-0.00,-0.00,-0.00,0.00,0.00,0.00,-0.00,-0.00,0.00,0.00,0.00,0.00,10.00
30265.00,-2.47,-1.02,-1.61,-0.00,0.01,-0.01,0.00,0.30,-0.20,-0.00,-0.00,0.00,0.00,-0.00,-0.00,17.00
30282.00,-2.47,-1.02,-1.61,-0.00,0.01,-0.01,0.00,0.00,0.00,-0.00,-0.00,0.00,0.00,-0.00,0.00,10.00
30292.00,-2.47,-1.02,-1.61,-0.00,0.01,-0.01,0.00,0.00,0.00,-0.00,-0.00,0.00,0.00,-0.00,0.00,10.00
30302.00,-2.47,-1.02,-1.61,-0.00,0.01,-0.01,0.00,0.00,0.00,-0.00,-0.00,0.00,0.00,-0.00,0.00,10.00
30312.00,-2.47,-1.02,-1.61,-0.00,0.01,-0.01,0.00,0.00,0.00,-0.00,-0.00,0.00,0.00,-0.00,0.00,10.00
30322.00,-2.47,-1.02,-1.61,0.00,-0.02,-0.01,0.50,-2.30,-0.20,-0.00,-0.00,0.00,0.00,0.00,0.00,16.00
30338.00,-2.47,-1.02,-1.61,0.00,-0.02,-0.01,0.00,0.00,0.00,-0.00,-0.00,0.00,0.00,-0.00,0.00,10.00
30348.00,-2.47,-1.02,-1.61,0.00,-0.02,-0.01,0.00,0.00,0.00,-0.00,-0.00,0.00,0.00,-0.00,0.00,10.00
30358.00,-2.47,-1.03,-1.61,-0.01,0.01,-0.01,-1.40,2.60,0.30,-0.00,-0.00,0.00,-0.00,-0.00,0.00,17.00
30375.00,-2.47,-1.03,-1.61,-0.01,0.01,-0.01,0.00,0.00,0.00,-0.00,-0.00,0.00,-0.00,0.00,-0.00,10.00
30390.00,-2.47,-1.03,-1.61,-0.01,0.01,-0.01,0.00,0.00,0.00,-0.00,-0.00,0.00,0.00,-0.00,-0.00,10.00
30400.00,-2.47,-1.03,-1.61,-0.01,0.01,-0.01,0.00,0.00,0.00,-0.00,-0.00,0.00,0.00,0.00,0.00,10.00
30410.00,-2.48,-1.03,-1.61,0.01,0.01,-0.01,1.90,-0.20,0.00,-0.00,-0.00,0.00,-0.00,0.00,-0.00,17.00
30427.00,-2.48,-1.03,-1.61,0.01,0.01,-0.01,0.00,0.00,0.00,-0.00,-0.00,0.00,-0.00,-0.00,0.00,10.00
30437.00,-2.48,-1.03,-1.61,0.01,0.01,-0.01,0.00,0.00,0.00,-0.00,-0.00,0.00,-0.00,-0.00,0.00,10.00
30447.00,-2.48,-1.03,-1.61,0.01,0.01,-0.01,0.00,0.00,0.00,-0.00,-0.00,0.00,-0.00,-0.01,0.00,10.00
30457.00,-2.48,-1.03,-1.61,0.02,-0.01,-0.00,1.00,-1.10,0.20,-0.00,-0.00,0.00,-0.00,0.00,0.00,17.00
30474.00,-2.48,-1.03,-1.61,0.02,-0.01,-0.00,0.00,0.00,0.00,-0.00,-0.00,0.00,-0.00,0.00,0.00,10.00
30484.00,-2.48,-1.03,-1.61,0.02,-0.01,-0.00,0.00,0.00,0.00,-0.00,-0.00,0.00,0.00,0.00,0.00,10.00
30494.00,-2.48,-1.03,-1.61,0.02,-0.01,-0.00,0.00,0.00,0.00,-0.00,-0.00,0.00,0.00,0.00,0.00,10.00
30509.00,-2.48,-1.03,-1.60,-0.01,0.02,-0.01,-1.87,1.80,-0.53,-0.00,-0.00,0.00,0.00,0.00,0.00,17.00
30526.00,-2.48,-1.03,-1.60,-0.01,0.02,-0.01,0.00,0.00,0.00,-0.00,-0.00,0.00,0.00,0.00,-0.00,10.00
30536.00,-2.48,-1.03,-1.60,-0.01,0.02,-0.01,0.00,0.00,0.00,-0.00,-0.00,0.00,-0.00,0.00,0.00,10.00
30546.00,-2.48,-1.03,-1.60,-0.01,0.02,-0.01,0.00,0.00,0.00,-0.00,-0.00,0.00,-0.00,-0.00,0.00,10.00
30556.00,-2.48,-1.03,-1.60,-0.01,0.02,-0.01,0.00,0.00,0.00,-0.00,-0.00,0.00,0.00,0.00,0.00,10.00
30566.00,-2.49,-1.03,-1.61,-0.02,0.03,-0.01,-0.90,0.50,0.50,-0.00,-0.00,0.00,0.00,-0.00,-0.00,18.00
30584.00,-2.49,-1.03,-1.61,-0.02,0.03,-0.01,0.00,0.00,0.00,-0.00,-0.00,0.00,0.00,0.00,-0.00,10.00
30594.00,-2.49,-1.03,-1.61,-0.02,0.03,-0.01,0.00,0.00,0.00,-0.00,-0.00,0.00,0.00,0.00,0.00,10.00
30604.00,-2.49,-1.03,-1.61,-0.01,0.01,-0.00,1.30,-1.60,0.40,-0.00,-0.00,0.00,0.00,-0.00,0.00,15.00
30619.00,-2.49,-1.03,-1.61,-0.01,0.01,-0.00,0.00,0.00,0.00,-0.00,-0.00,0.00,0.00,-0.00,0.00,10.00
30634.00,-2.49,-1.03,-1.61,-0.01,0.01,-0.00,0.00,0.00,0.00,-0.00,-0.00,0.00,0.00,-0.01,0.00,10.00
30644.00,-2.49,-1.03,-1.61,-0.01,0.01,-0.00,0.00,0.00,0.00,-0.00,-0.00,0.00,-0.00,-0.00,-0.00,10.00
30654.00,-2.49,-1.03,-1.61,-0.01,0.01,-0.00,0.00,0.00,0.00,-0.00,-0.00,0.00,0.00,0.00,0.00,10.00
30664.00,-2.49,-1.03,-1.61,-0.01,-0.01,-0.01,0.00,-1.70,-0.50,-0.00,-0.00,0.00,0.00,0.00,0.00,15.00
30679.00,-2.49,-1.03,-1.61,-0.01,-0.01,-0.01,0.00,0.00,0.00,-0.00,-0.00,0.00,-0.00,0.00,0.00,10.00
30689.00,-2.49,-1.03,-1.61,-0.01,-0.01,-0.01,0.00,0.00,0.00,-0.00,-0.00,0.00,0.00,0.00,0.00,10.00
30699.00,-2.49,-1.03,-1.61,-0.01,-0.01,-0.01,0.00,0.00,0.00,-0.00,-0.00,0.00,-0.00,-0.00,-0.00,10.00
30709.00,-2.49,-1.03,-1.61,-0.01,-0.01,-0.01,0.00,0.00,0.00,-0.00,-0.00,0.00,0.00,0.00,-0.00,10.00
30719.00,-2.50,-1.03,-1.60,0.00,-0.01,-0.01,1.10,-0.60,-0.30,-0.00,-0.00,0.00,-0.00,0.00,0.00,18.00
30737.00,-2.50,-1.03,-1.60,0.00,-0.01,-0.01,0.00,0.00,0.00,-0.00,-0.00,0.00,-0.00,0.00,0.00,10.00
30752.00,-2.50,-1.03,-1.60,0.00,-0.01,-0.01,0.00,0.00,0.00,-0.00,-0.00,0.00,-0.00,-0.00,0.00,10.00
30762.00,-2.50,-1.03,-1.60,0.00,-0.01,-0.01,0.00,0.00,0.00,-0.00,-0.00,0.00,-0.00,-0.00,0.00,10.00
30772.00,-2.50,-1.03,-1.61,0.01,-0.00,-0.01,1.10,1.00,0.50,-0.00,-0.00,0.00,0.00,0.00,0.00,15.00
30787.00,-2.50,-1.03,-1.61,0.01,-0.00,-0.01,0.00,0.00,0.00,-0.00,-0.00,0.00,0.00,0.00,0.00,10.00
30797.00,-2.50,-1.03,-1.61,0.01,-0.00,-0.01,0.00,0.00,0.00,-0.00,-0.00,0.00,-0.00,-0.00,0.00,10.00
30807.00,-2.50,-1.03,-1.61,0.01,-0.00,-0.01,0.00,0.00,0.00,-0.00,-0.00,0.00,0.00,-0.00,-0.00,10.00
30817.00,-2.50,-1.03,-1.61,0.02,0.04,-0.00,0.10,4.40,0.20,-0.00,-0.00,0.00,0.00,0.00,0.00,19.00
30836.00,-2.50,-1.03,-1.61,0.02,0.04,-0.00,0.00,0.00,0.00,-0.00,-0.00,0.00,-0.00,-0.00,-0.00,10.00
30846.00,-2.50,-1.03,-1.61,0.02,0.04,-0.00,0.00,0.00,0.00,-0.00,-0.00,0.00,0.00,-0.00,0.00,10.00
30856.00,-2.52,-1.03,-1.60,-0.02,0.01,-0.01,-3.00,-3.30,-0.60,-0.00,-0.00,0.00,0.00,-0.00,0.00,13.00
30873.00,-2.52,-1.03,-1.60,-0.02,0.01,-0.01,0.00,0.00,0.00,-0.00,-0.00,0.00,0.00,0.00,0.00,10.00
30883.00,-2.52,-1.03,-1.60,-0.02,0.01,-0.01,0.00,0.00,0.00,-0.00,-0.00,0.00,0.00,0.00,-0.00,10.00
30893.00,-2.52,-1.03,-1.60,-0.02,0.01,-0.01,0.00,0.00,0.00,-0.00,-0.00,0.00,0.00,0.00,0.00,10.00
30903.00,-2.52,-1.03,-1.60,-0.02,0.01,-0.01,0.00,0.00,0.00,-0.00,-0.00,0.00,0.00,0.00,0.00,10.00
30913.00,-2.52,-1.04,-1.60,-0.00,-0.02,-0.01,1.40,-2.80,0.20,-0.00,-0.00,0.00,0.00,-0.00,-0.00,16.00
30929.00,-2.52,-1.04,-1.60,-0.00,-0.02,-0.01,0.00,0.00,0.00,-0.00,-0.00,0.00,-0.00,-0.00,-0.00,10.00
30939.00,-2.52,-1.04,-1.60,-0.00,-0.02,-0.01,0.00,0.00,0.00,-0.00,-0.00,0.00,0.00,-0.00,0.00,10.00
30949.00,-2.52,-1.04,-1.60,-0.00,-0.02,-0.01,0.00,0.00,0.00,-0.00,-0.00,0.00,-0.00,0.00,0.00,10.00
30959.00,-2.52,-1.04,-1.60,-0.00,-0.02,-0.01,0.00,0.00,0.00,-0.00,-0.00,0.00,0.00,0.00,0.00,10.00
30969.00,-2.52,-1.04,-1.60,-0.00,-0.02,-0.01,0.00,0.00,0.00,-0.00,-0.00,0.00,0.00,-0.00,0.00,10.00
30983.00,-2.52,-1.04,-1.60,0.00,-0.03,-0.01,0.29,-1.07,-0.07,-0.00,-0.00,0.00,0.00,-0.00,0.00,15.00
30998.00,-2.52,-1.04,-1.60,0.00,-0.03,-0.01,0.00,0.00,0.00,-0.00,-0.00,0.00,0.00,-0.00,-0.00,10.00
31008.00,-2.52,-1.04,-1.60,0.00,-0.03,-0.01,0.00,0.00,0.00,-0.00,-0.00,0.00,0.00,0.00,-0.00,10.00
31018.00,-2.52,-1.04,-1.61,0.02,0.02,-0.01,1.60,5.30,0.20,-0.00,-0.00,0.00,-0.00,0.00,0.00,18.00
31036.00,-2.52,-1.04,-1.61,0.02,0.02,-0.01,0.00,0.00,0.00,-0.00,-0.00,0.00,0.00,-0.00,0.00,10.00
31046.00,-2.52,-1.04,-1.61,0.02,0.02,-0.01,0.00,0.00,0.00,-0.00,-0.00,0.00,0.00,0.00,0.00,10.00
31056.00,-2.53,-1.04,-1.61,-0.01,0.03,-0.00,-3.20,1.20,0.20,-0.00,-0.00,0.00,-0.00,0.00,0.00,16.00
31072.00,-2.53,-1.04,-1.61,-0.01,0.03,-0.00,0.00,0.00,0.00,-0.00,-0.00,0.00,-0.00,-0.00,0.00,10.00
31082.00,-2.53,-1.04,-1.61,-0.01,0.03,-0.00,0.00,0.00,0.00,-0.00,-0.00,0.00,-0.00,-0.00,0.00,10.00
31092.00,-2.53,-1.04,-1.61,-0.01,0.03,-0.00,0.00,0.00,0.00,-0.00,-0.00,0.00,-0.00,0.00,0.00,10.00
31107.00,-2.53,-1.04,-1.61,-0.02,0.02,-0.01,-0.27,-0.87,-0.07,-0.00,-0.00,0.00,-0.00,-0.00,0.00,16.00
31123.00,-2.53,-1.04,-1.61,-0.02,0.02,-0.01,0.00,0.00,0.00,-0.00,-0.00,0.00,0.00,0.00,-0.00,10.00
31133.00,-2.53,-1.04,-1.61,-0.02,0.02,-0.01,0.00,0.00,0.00,-0.00,-0.00,0.00,0.00,0.00,-0.00,10.00
31143.00,-2.53,-1.04,-1.61,-0.02,0.02,-0.01,0.00,0.00,0.00,-0.00,-0.00,0.00,0.00,0.00,0.00,10.00
31153.00,-2.53,-1.05,-1.61,-0.00,0.01,-0.01,1.50,-0.40,-0.10,-0.00,-0.00,0.00,-0.00,0.00,0.00,16.00
31169.00,-2.53,-1.05,-1.61,-0.00,0.01,-0.01,0.00,0.00,0.00,-0.00,-0.00,0.00,-0.00,0.00,0.00,10.00
31179.00,-2.53,-1.05,-1.61,-0.00,0.01,-0.01,0.00,0.00,0.00,-0.00,-0.00,0.00,-0.00,0.00,0.00,10.00
31189.00,-2.53,-1.05,-1.61,-0.00,0.01,-0.01,0.00,0.00,0.00,-0.00,-0.00,0.00,0.00,-0.00,0.00,10.00
31199.00,-2.53,-1.05,-1.61,-0.00,0.01,-0.01,0.00,0.00,0.00,-0.00,-0.00,0.00,-0.00,0.00,-0.00,10.00
31209.00,-2.53,-1.05,-1.61,-0.00,0.01,-0.01,0.00,0.00,0.00,-0.00,-0.00,0.00,-0.00,-0.00,0.00,10.00
31224.00,-2.53,-1.05,-1.61,0.01,0.00,-0.01,0.87,-0.67,-0.20,-0.00,-0.00,0.00,0.00,0.00,0.00,16.00
31240.00,-2.53,-1.05,-1.61,0.01,0.00,-0.01,0.00,0.00,0.00,-0.00,-0.00,0.00,-0.00,0.00,0.00,10.00
31250.00,-2.53,-1.05,-1.61,0.01,0.00,-0.01,0.00,0.00,0.00,-0.00,-0.00,0.00,-0.00,-0.00,0.00,10.00
31260.00,-2.53,-1.05,-1.61,0.01,0.00,-0.01,0.00,0.00,0.00,-0.00,-0.00,0.00,0.00,-0.00,0.00,10.00
31270.00,-2.53,-1.05,-1.61,0.01,0.01,-0.01,-0.10,0.10,0.30,-0.00,-0.00,0.00,0.00,-0.00,0.00,18.00
31288.00,-2.53,-1.05,-1.61,0.01,0.01,-0.01,0.00,0.00,0.00,-0.00,-0.00,0.00,-0.00,-0.00,0.00,10.00
31298.00,-2.53,-1.05,-1.61,0.01,0.01,-0.01,0.00,0.00,0.00,-0.00,-0.00,0.00,0.00,-0.00,0.00,10.00
31308.00,-2.53,-1.05,-1.61,0.01,0.01,-0.01,0.00,0.00,0.00,-0.00,-0.00,0.00,0.00,0.00,-0.00,10.00
31318.00,-2.54,-1.05,-1.61,-0.00,-0.00,-0.00,-1.40,-0.90,0.20,-0.00,-0.00,0.00,0.00,-0.01,-0.00,19.00
31337.00,-2.54,-1.05,-1.61,-0.00,-0.00,-0.00,0.00,0.00,0.00,-0.00,-0.00,0.00,-0.00,-0.00,0.00,10.00
31356.00,-2.54,-1.05,-1.61,0.01,-0.01,-0.00,0.89,-0.26,0.00,-0.00,-0.00,0.00,-0.00,-0.00,-0.00,16.00
31372.00,-2.54,-1.05,-1.61,0.01,-0.01,-0.00,0.00,0.00,0.00,-0.00,-0.00,0.00,0.00,0.00,-0.00,10.00
31382.00,-2.54,-1.05,-1.61,0.01,-0.01,-0.00,0.00,0.00,0.00,-0.00,-0.00,0.00,-0.00,0.00,-0.00,10.00
31392.00,-2.54,-1.05,-1.61,0.01,-0.01,-0.00,0.00,0.00,0.00,-0.00,-0.00,0.00,-0.00,0.00,0.00,10.00
31402.00,-2.54,-1.05,-1.61,-0.01,0.00,-0.00,-2.00,0.90,0.10,-0.00,-0.00,0.00,0.00,-0.00,0.00,17.00
31419.00,-2.54,-1.05,-1.61,-0.01,0.00,-0.00,0.00,0.00,0.00,-0.00,-0.00,0.00,0.00,0.00,0.00,10.00
31429.00,-2.54,-1.05,-1.61,-0.01,0.00,-0.00,0.00,0.00,0.00,-0.00,-0.00,0.00,0.00,-0.00,0.00,10.00
31439.00,-2.54,-1.05,-1.61,-0.01,0.00,-0.00,0.00,0.00,0.00,-0.00,-0.00,0.00,0.00,-0.00,-0.00,10.00
31449.00,-2.54,-1.05,-1.61,-0.01,0.00,-0.00,0.00,0.00,0.00,-0.00,-0.00,0.00,-0.00,0.00,-0.00,10.00
31459.00,-2.55,-1.05,-1.61,-0.00,0.01,-0.00,0.50,1.00,0.00,-0.00,-0.00,0.00,0.00,0.00,0.00,17.00
31480.00,-2.55,-1.05,-1.61,-0.00,0.01,-0.00,0.00,0.00,0.00,-0.00,-0.00,0.00,0.00,0.00,0.00,10.00
31490.00,-2.55,-1.05,-1.61,-0.00,0.01,-0.00,0.00,0.00,0.00,-0.00,-0.00,0.00,0.00,0.00,-0.00,10.00
31500.00,-2.55,-1.05,-1.60,-0.02,0.02,-0.01,-2.10,0.70,-0.50,-0.00,-0.00,0.00,0.00,0.00,-0.00,19.00
31519.00,-2.55,-1.05,-1.60,-0.02,0.02,-0.01,0.00,0.00,0.00,-0.00,-0.00,0.00,-0.00,-0.00,0.00,10.00
31529.00,-2.55,-1.05,-1.60,-0.02,0.02,-0.01,0.00,0.00,0.00,-0.00,-0.00,0.00,0.00,0.00,-0.00,10.00
31539.00,-2.55,-1.05,-1.60,-0.02,0.02,-0.01,0.00,0.00,0.00,-0.00,-0.00,0.00,-0.00,0.00,0.00,10.00
31549.00,-2.55,-1.05,-1.60,-0.02,0.02,-0.01,0.00,0.00,0.00,-0.00,-0.00,0.00,0.00,-0.00,0.00,10.00
31559.00,-2.55,-1.05,-1.60,-0.02,0.02,-0.01,0.00,0.00,0.00,-0.00,-0.00,0.00,-0.00,-0.00,0.00,10.00
31569.00,-2.55,-1.05,-1.60,0.00,0.02,-0.01,2.40,0.10,0.10,-0.00,-0.00,0.00,0.00,0.01,-0.00,18.00
31587.00,-2.55,-1.05,-1.60,0.00,0.02,-0.01,0.00,0.00,0.00,-0.00,-0.00,0.00,0.00,0.00,0.00,10.00
31602.00,-2.55,-1.06,-1.60,0.03,-0.00,-0.01,1.73,-1.33,0.07,-0.00,-0.00,0.00,0.00,0.00,-0.00,17.00
31619.00,-2.55,-1.06,-1.60,0.03,-0.00,-0.01,0.00,0.00,0.00,-0.00,-0.00,0.00,0.00,0.00,-0.00,10.00
31629.00,-2.55,-1.06,-1.60,0.03,-0.00,-0.01,0.00,0.00,0.00,-0.00,-0.00,0.00,0.00,0.00,0.00,10.00
31639.00,-2.55,-1.06,-1.60,0.03,-0.00,-0.01,0.00,0.00,0.00,-0.00,-0.00,0.00,0.00,0.00,-0.00,10.00
31649.00,-2.55,-1.06,-1.60,0.03,-0.00,-0.01,0.00,0.00,0.00,-0.00,-0.00,0.00,-0.00,0.00,0.00,10.00
31659.00,-2.56,-1.06,-1.60,0.03,-0.03,-0.01,0.20,-2.30,0.00,-0.00,-0.00,0.00,0.00,0.01,0.00,15.00
31674.00,-2.56,-1.06,-1.60,0.03,-0.03,-0.01,0.00,0.00,0.00,-0.00,-0.00,0.00,0.00,-0.00,0.00,10.00
31684.00,-2.56,-1.06,-1.60,0.03,-0.03,-0.01,0.00,0.00,0.00,-0.00,-0.00,0.00,-0.00,0.00,0.00,10.00
31694.00,-2.56,-1.06,-1.60,0.03,-0.03,-0.01,0.00,0.00,0.00,-0.00,-0.00,0.00,-0.00,-0.00,0.00,10.00
31704.00,-2.56,-1.06,-1.61,-0.00,-0.02,-0.00,-3.00,0.30,0.50,-0.00,-0.00,0.00,-0.00,-0.00,0.00,16.00
31725.00,-2.56,-1.06,-1.61,-0.00,-0.02,-0.00,0.00,0.00,0.00,-0.00,-0.00,0.00,0.00,-0.00,-0.00,10.00
31735.00,-2.56,-1.06,-1.61,-0.00,-0.02,-0.00,0.00,0.00,0.00,-0.00,-0.00,0.00,-0.00,0.00,0.00,10.00
31745.00,-2.56,-1.06,-1.61,-0.00,-0.02,-0.00,0.00,0.00,0.00,-0.00,-0.00,0.00,0.00,-0.00,0.00,10.00
31755.00,-2.56,-1.06,-1.61,-0.00,0.01,-0.00,-0.20,3.50,-0.10,-0.00,-0.00,0.00,0.00,-0.00,0.00,16.00
31771.00,-2.56,-1.06,-1.61,-0.00,0.01,-0.00,0.00,0.00,0.00,-0.00,-0.00,0.00,0.00,0.00,-0.00,10.00
31781.00,-2.56,-1.06,-1.61,-0.00,0.01,-0.00,0.00,0.00,0.00,-0.00,-0.00,0.00,0.00,-0.00,0.00,10.00
31791.00,-2.56,-1.06,-1.61,-0.00,0.01,-0.00,0.00,0.00,0.00,-0.00,-0.00,0.00,-0.00,-0.00,0.00,10.00
31801.00,-2.56,-1.06,-1.61,-0.00,0.01,-0.00,0.00,0.00,0.00,-0.00,-0.00,0.00,0.00,-0.00,0.00,10.00
31811.00,-2.57,-1.07,-1.60,-0.02,0.01,-0.01,-1.60,-0.70,-0.30,-0.00,-0.00,0.00,-0.00,0.00,0.00,16.00
31827.00,-2.57,-1.07,-1.60,-0.02,0.01,-0.01,0.00,0.00,0.00,-0.00,-0.00,0.00,0.00,-0.01,0.00,10.00
31841.00,-2.57,-1.07,-1.60,-0.02,0.01,-0.01,0.00,0.00,0.00,-0.00,-0.00,0.00,0.00,-0.00,0.00,10.00
31851.00,-2.57,-1.07,-1.60,-0.02,0.01,-0.01,0.00,0.00,0.00,-0.00,-0.00,0.00,-0.00,-0.00,0.00,10.00
31861.00,-2.57,-1.07,-1.61,-0.02,0.01,-0.00,0.10,0.30,0.20,-0.00,-0.00,0.00,-0.00,-0.00,0.00,18.00
31879.00,-2.57,-1.07,-1.61,-0.02,0.01,-0.00,0.00,0.00,0.00,-0.00,-0.00,0.00,0.00,-0.00,0.00,10.00
31889.00,-2.57,-1.07,-1.61,-0.02,0.01,-0.00,0.00,0.00,0.00,-0.00,-0.00,0.00,0.00,-0.00,0.00,10.00
31899.00,-2.57,-1.07,-1.60,0.00,-0.02,-0.00,2.10,-3.10,0.10,-0.00,-0.00,0.00,0.00,-0.00,-0.00,19.00
31918.00,-2.57,-1.07,-1.60,0.00,-0.02,-0.00,0.00,0.00,0.00,-0.00,-0.00,0.00,-0.00,0.00,0.00,10.00
31928.00,-2.57,-1.07,-1.60,0.00,-0.02,-0.00,0.00,0.00,0.00,-0.00,-0.00,0.00,0.00,0.00,-0.00,10.00
31938.00,-2.57,-1.07,-1.60,0.00,-0.02,-0.00,0.00,0.00,0.00,-0.00,-0.00,0.00,0.00,0.00,-0.00,10.00
31948.00,-2.57,-1.07,-1.60,0.00,-0.02,-0.00,0.00,0.00,0.00,-0.00,-0.00,0.00,0.00,0.00,-0.00,10.00
31963.00,-2.57,-1.07,-1.60,0.03,-0.02,-0.00,1.47,-0.13,-0.07,-0.00,-0.00,0.00,0.00,-0.00,-0.00,17.00
31980.00,-2.57,-1.07,-1.60,0.03,-0.02,-0.00,0.00,0.00,0.00,-0.00,-0.00,0.00,0.00,-0.00,0.00,10.00
31990.00,-2.57,-1.07,-1.60,0.03,-0.02,-0.00,0.00,0.00,0.00,-0.00,-0.00,0.00,-0.00,-0.00,0.00,10.00
32000.00,-2.57,-1.07,-1.60,0.03,-0.02,-0.00,0.00,0.00,0.00,-0.00,-0.00,0.00,0.00,-0.00,0.00,10.00
32010.00,-2.57,-1.07,-1.60,0.03,-0.02,-0.00,0.00,0.00,0.00,-0.00,-0.00,0.00,0.00,-0.00,0.00,10.00
32020.00,-2.57,-1.07,-1.61,0.04,0.02,-0.00,1.10,4.20,0.20,-0.00,-0.00,0.00,-0.00,-0.00,0.00,18.00
32039.00,-2.57,-1.07,-1.61,0.04,0.02,-0.00,0.00,0.00,0.00,-0.00,-0.00,0.00,-0.00,-0.00,0.00,10.00
32049.00,-2.58,-1.07,-1.60,-0.02,0.02,-0.00,-5.30,0.10,-0.30,-0.00,-0.00,0.00,-0.00,-0.00,0.00,19.00
32068.00,-2.58,-1.07,-1.60,-0.02,0.02,-0.00,0.00,0.00,0.00,-0.00,-0.00,0.00,0.00,-0.01,0.00,10.00
32078.00,-2.58,-1.07,-1.60,-0.02,0.02,-0.00,0.00,0.00,0.00,-0.00,-0.00,0.00,0.00,-0.00,-0.00,10.00
32093.00,-2.58,-1.07,-1.60,-0.02,0.02,-0.00,0.00,0.00,0.00,-0.00,-0.00,0.00,0.00,-0.00,-0.00,10.00
32103.00,-2.58,-1.07,-1.61,-0.02,-0.00,-0.00,-0.70,-2.30,0.30,-0.00,-0.00,0.00,-0.00,-0.00,0.00,17.00
32120.00,-2.58,-1.07,-1.61,-0.02,-0.00,-0.00,0.00,0.00,0.00,-0.00,-0.00,0.00,-0.00,-0.00,-0.00,10.00
32130.00,-2.58,-1.07,-1.61,-0.02,-0.00,-0.00,0.00,0.00,0.00,-0.00,-0.00,0.00,0.00,-0.00,0.00,10.00
32140.00,-2.58,-1.07,-1.61,-0.02,-0.00,-0.00,0.00,0.00,0.00,-0.00,-0.00,0.00,0.00,-0.00,-0.00,10.00
32150.00,-2.58,-1.08,-1.60,0.01,-0.01,-0.00,3.00,-0.50,-0.20,-0.00,-0.00,0.00,0.00,0.00,0.00,20.00
32170.00,-2.58,-1.08,-1.60,0.01,-0.01,-0.00,0.00,0.00,0.00,-0.00,-0.00,0.00,0.00,0.00,0.00,10.00
32180.00,-2.58,-1.08,-1.60,0.01,-0.01,-0.00,0.00,0.00,0.00,-0.00,-0.00,0.00,-0.00,0.00,0.00,10.00
32190.00,-2.58,-1.08,-1.60,0.01,-0.01,-0.00,0.00,0.00,0.00,-0.00,-0.00,0.00,-0.00,0.00,0.00,10.00
32200.00,-2.58,-1.08,-1.60,0.01,-0.01,-0.00,0.00,0.00,0.00,-0.00,-0.00,0.00,-0.00,-0.00,0.00,10.00
32215.00,-2.59,-1.08,-1.60,0.00,-0.01,-0.00,-0.13,0.27,0.07,-0.00,-0.00,0.00,-0.00,0.00,-0.00,17.00
32232.00,-2.59,-1.08,-1.60,0.00,-0.01,-0.00,0.00,0.00,0.00,-0.00,-0.00,0.00,0.00,0.01,0.00,10.00
32242.00,-2.59,-1.08,-1.60,0.00,-0.01,-0.00,0.00,0.00,0.00,-0.00,-0.00,0.00,0.00,0.00,0.00,10.00
32252.00,-2.59,-1.09,-1.61,0.03,-0.02,0.00,2.30,-1.40,0.30,-0.00,-0.00,0.00,-0.00,-0.00,0.00,18.00
32270.00,-2.59,-1.09,-1.61,0.03,-0.02,0.00,0.00,0.00,0.00,-0.00,-0.00,0.00,0.00,0.00,-0.00,10.00
32280.00,-2.59,-1.09,-1.61,0.03,-0.02,0.00,0.00,0.00,0.00,-0.00,-0.00,0.00,-0.00,0.00,-0.00,10.00
32290.00,-2.59,-1.09,-1.61,0.03,-0.02,0.00,0.00,0.00,0.00,-0.00,-0.00,0.00,-0.00,-0.00,0.00,10.00
32300.00,-2.59,-1.08,-1.60,0.00,-0.00,-0.00,-2.40,1.80,-0.40,-0.00,-0.00,0.00,-0.00,0.00,0.00,19.00
32319.00,-2.59,-1.08,-1.60,0.00,-0.00,-0.00,0.00,0.00,0.00,-0.00,-0.00,0.00,0.00,0.00,0.00,10.00
32329.00,-2.59,-1.08,-1.60,0.00,-0.00,-0.00,0.00,0.00,0.00,-0.00,-0.00,0.00,-0.00,0.00,0.00,10.00
32348.00,-2.59,-1.08,-1.60,0.00,-0.00,-0.00,0.00,0.00,0.00,-0.00,-0.00,0.00,0.00,0.00,0.00,10.00
32358.00,-2.59,-1.08,-1.60,0.00,-0.00,-0.00,0.00,0.00,0.00,-0.00,-0.00,0.00,0.00,0.00,0.00,10.00
32368.00,-2.60,-1.08,-1.59,-0.02,0.02,-0.01,-1.90,2.10,-0.70,-0.00,-0.00,0.00,0.00,0.01,0.00,17.00
32385.00,-2.60,-1.08,-1.59,-0.02,0.02,-0.01,0.00,0.00,0.00,-0.00,-0.00,0.00,0.00,-0.00,-0.00,10.00
32395.00,-2.60,-1.08,-1.59,-0.02,0.02,-0.01,0.00,0.00,0.00,-0.00,-0.00,0.00,-0.00,0.00,0.00,10.00
32405.00,-2.60,-1.07,-1.59,-0.04,0.02,-0.01,-2.00,0.00,-0.10,-0.00,-0.00,0.00,-0.00,-0.00,0.00,16.00
32421.00,-2.60,-1.07,-1.59,-0.04,0.02,-0.01,0.00,0.00,0.00,-0.00,-0.00,0.00,0.00,0.00,0.00,10.00
32431.00,-2.60,-1.07,-1.59,-0.04,0.02,-0.01,0.00,0.00,0.00,-0.00,-0.00,0.00,-0.00,-0.00,0.00,10.00
32441.00,-2.60,-1.07,-1.59,-0.04,0.02,-0.01,0.00,0.00,0.00,-0.00,-0.00,0.00,0.00,-0.00,0.00,10.00
32451.00,-2.60,-1.08,-1.60,-0.01,-0.01,-0.01,2.30,-3.40,0.30,-0.00,-0.00,0.00,-0.00,0.00,0.00,19.00
32475.00,-2.60,-1.08,-1.60,-0.01,-0.01,-0.01,0.00,0.00,0.00,-0.00,-0.00,0.00,-0.00,0.00,-0.00,10.00
32485.00,-2.60,-1.08,-1.60,-0.01,-0.01,-0.01,0.00,0.00,0.00,-0.00,-0.00,0.00,0.00,-0.00,0.00,10.00
32495.00,-2.60,-1.08,-1.60,-0.01,-0.01,-0.01,0.00,0.00,0.00,-0.00,-0.00,0.00,0.00,-0.00,0.00,10.00
32505.00,-2.60,-1.09,-1.60,0.02,-0.03,-0.00,3.10,-2.00,0.40,-0.00,-0.00,0.00,-0.00,0.00,0.00,16.00
32521.00,-2.60,-1.09,-1.60,0.02,-0.03,-0.00,0.00,0.00,0.00,-0.00,-0.00,0.00,0.00,0.00,0.00,10.00
32531.00,-2.60,-1.09,-1.60,0.02,-0.03,-0.00,0.00,0.00,0.00,-0.00,-0.00,0.00,0.00,0.00,0.00,10.00
32541.00,-2.60,-1.09,-1.60,0.02,-0.03,-0.00,0.00,0.00,0.00,-0.00,-0.00,0.00,-0.00,0.00,0.00,10.00
32551.00,-2.60,-1.09,-1.60,0.02,-0.03,-0.00,0.00,0.00,0.00,-0.00,-0.00,0.00,0.00,0.00,-0.00,10.00
32561.00,-2.62,-1.08,-1.59,0.02,-0.03,-0.01,0.20,0.00,-0.60,-0.00,-0.00,0.00,0.00,0.00,0.00,16.00
32577.00,-2.62,-1.08,-1.59,0.02,-0.03,-0.01,0.00,0.00,0.00,-0.00,-0.00,0.00,0.00,0.00,0.00,10.00
32592.00,-2.62,-1.08,-1.59,0.02,-0.03,-0.01,0.00,0.00,0.00,-0.00,-0.00,0.00,-0.00,0.00,-0.00,10.00
32602.00,-2.62,-1.08,-1.60,-0.02,0.01,-0.01,-4.30,4.10,0.50,-0.00,-0.00,0.00,-0.00,-0.00,0.00,18.00
32620.00,-2.62,-1.08,-1.60,-0.02,0.01,-0.01,0.00,0.00,0.00,-0.00,-0.00,0.00,0.00,-0.00,0.00,10.00
32630.00,-2.62,-1.08,-1.60,-0.02,0.01,-0.01,0.00,0.00,0.00,-0.00,-0.00,0.00,-0.00,-0.00,0.00,10.00
32640.00,-2.62,-1.08,-1.60,-0.02,0.01,-0.01,0.00,0.00,0.00,-0.00,-0.00,0.00,-0.00,-0.00,-0.00,10.00
32650.00,-2.62,-1.08,-1.60,-0.02,0.02,-0.01,0.10,1.00,0.00,-0.00,-0.00,0.00,0.00,-0.00,0.00,19.00
32669.00,-2.62,-1.08,-1.60,-0.02,0.02,-0.01,0.00,0.00,0.00,-0.00,-0.00,0.00,-0.00,0.00,0.00,10.00
32679.00,-2.62,-1.08,-1.60,-0.02,0.02,-0.01,0.00,0.00,0.00,-0.00,-0.00,0.00,-0.00,0.00,0.00,10.00
32689.00,-2.62,-1.08,-1.60,-0.02,0.02,-0.01,0.00,0.00,0.00,-0.00,-0.00,0.00,-0.00,0.00,0.00,10.00
32699.00,-2.62,-1.08,-1.60,-0.02,0.02,-0.01,0.00,0.00,0.00,-0.00,-0.00,0.00,-0.00,0.00,0.00,10.00
32714.00,-2.63,-1.09,-1.60,-0.03,-0.00,-0.00,-0.20,-1.33,0.13,-0.00,-0.00,0.00,-0.00,0.00,0.00,17.00
32731.00,-2.63,-1.09,-1.60,-0.03,-0.00,-0.00,0.00,0.00,0.00,-0.00,-0.00,0.00,-0.00,0.00,0.00,10.00
32741.00,-2.63,-1.09,-1.60,-0.03,-0.00,-0.00,0.00,0.00,0.00,-0.00,-0.00,0.00,0.00,0.00,0.00,10.00
32751.00,-2.63,-1.09,-1.61,0.01,0.02,0.00,3.70,1.80,0.50,-0.00,-0.00,0.00,0.00,0.00,0.00,19.00
32770.00,-2.63,-1.09,-1.61,0.01,0.02,0.00,0.00,0.00,0.00,-0.00,-0.00,0.00,-0.00,0.00,-0.00,10.00
32780.00,-2.63,-1.09,-1.61,0.01,0.02,0.00,0.00,0.00,0.00,-0.00,-0.00,0.00,-0.00,0.00,-0.00,10.00
32790.00,-2.63,-1.09,-1.61,0.01,0.02,0.00,0.00,0.00,0.00,-0.00,-0.00,0.00,-0.00,0.00,0.00,10.00
32800.00,-2.63,-1.08,-1.59,0.01,0.02,-0.01,0.00,0.80,-1.10,-0.00,-0.00,0.00,-0.00,0.00,-0.00,18.00
32818.00,-2.63,-1.08,-1.59,0.01,0.02,-0.01,0.00,0.00,0.00,-0.00,-0.00,0.00,-0.00,-0.00,-0.00,10.00
32828.00,-2.63,-1.08,-1.59,0.01,0.02,-0.01,0.00,0.00,0.00,-0.00,-0.00,0.00,-0.00,-0.00,-0.00,10.00
32843.00,-2.63,-1.08,-1.59,0.01,0.02,-0.01,0.00,0.00,0.00,-0.00,-0.00,0.00,0.00,0.00,0.00,10.00
32853.00,-2.63,-1.08,-1.59,0.02,0.02,-0.01,0.90,-0.50,-0.30,-0.00,-0.00,0.00,0.00,0.00,-0.00,18.00
32871.00,-2.63,-1.08,-1.59,0.02,0.02,-0.01,0.00,0.00,0.00,-0.00,-0.00,0.00,-0.00,0.00,0.00,10.00
32881.00,-2.63,-1.08,-1.59,0.02,0.02,-0.01,0.00,0.00,0.00,-0.00,-0.00,0.00,0.00,0.00,-0.00,10.00
32891.00,-2.63,-1.08,-1.59,0.02,0.02,-0.01,0.00,0.00,0.00,-0.00,-0.00,0.00,0.00,0.00,-0.00,10.00
32901.00,-2.63,-1.09,-1.60,-0.01,-0.01,0.00,-3.50,-2.70,1.20,-0.00,-0.00,0.00,-0.00,0.00,0.00,19.00
32920.00,-2.63,-1.09,-1.60,-0.01,-0.01,0.00,0.00,0.00,0.00,-0.00,-0.00,0.00,-0.00,-0.00,0.00,10.00
32930.00,-2.63,-1.09,-1.60,-0.01,-0.01,0.00,0.00,0.00,0.00,-0.00,-0.00,0.00,-0.00,0.00,0.00,10.00
32940.00,-2.63,-1.09,-1.60,-0.01,-0.01,0.00,0.00,0.00,0.00,-0.00,-0.00,0.00,0.00,0.00,0.00,10.00
32950.00,-2.64,-1.10,-1.61,-0.04,0.01,0.01,-2.60,1.70,0.50,-0.00,-0.00,0.00,0.00,0.00,0.00,18.00
32973.00,-2.64,-1.10,-1.61,-0.04,0.01,0.01,0.00,0.00,0.00,-0.00,-0.00,0.00,0.00,0.00,-0.00,10.00
32983.00,-2.64,-1.10,-1.61,-0.04,0.01,0.01,0.00,0.00,0.00,-0.00,-0.00,0.00,0.00,0.01,0.00,10.00
32993.00,-2.64,-1.10,-1.61,-0.04,0.01,0.01,0.00,0.00,0.00,-0.00,-0.00,0.00,-0.00,0.00,-0.00,10.00
33003.00,-2.64,-1.10,-1.61,-0.04,0.01,0.01,0.00,0.00,0.00,-0.00,-0.00,0.00,-0.00,0.00,-0.00,10.00
33013.00,-2.64,-1.10,-1.61,-0.04,0.01,0.01,0.00,0.00,0.00,-0.00,-0.00,0.00,-0.00,0.00,-0.00,10.00
33023.00,-2.64,-1.10,-1.60,0.00,0.03,-0.00,4.20,1.80,-0.60,-0.00,-0.00,0.00,-0.00,-0.00,0.00,18.00
33041.00,-2.64,-1.10,-1.60,0.00,0.03,-0.00,0.00,0.00,0.00,-0.00,-0.00,0.00,0.00,0.00,0.00,10.00
33051.00,-2.64,-1.09,-1.58,0.03,0.02,-0.02,2.70,-0.90,-1.60,-0.00,-0.00,0.00,-0.00,0.00,0.00,19.00
33070.00,-2.64,-1.09,-1.58,0.03,0.02,-0.02,0.00,0.00,0.00,-0.00,-0.00,0.00,0.00,0.00,0.00,10.00
33080.00,-2.64,-1.09,-1.58,0.03,0.02,-0.02,0.00,0.00,0.00,-0.00,-0.00,0.00,0.00,0.00,0.00,10.00
33095.00,-2.64,-1.09,-1.58,0.03,0.02,-0.02,0.00,0.00,0.00,-0.00,-0.00,0.00,-0.00,0.00,0.00,10.00
33105.00,-2.64,-1.09,-1.58,0.03,0.02,-0.02,0.00,0.00,0.00,-0.00,-0.00,0.00,-0.00,0.00,0.00,10.00
33115.00,-2.65,-1.09,-1.58,-0.02,-0.00,-0.02,-4.70,-2.10,-0.10,-0.00,-0.00,0.00,-0.00,-0.00,0.00,17.00
33132.00,-2.65,-1.09,-1.58,-0.02,-0.00,-0.02,0.00,0.00,0.00,-0.00,-0.00,0.00,-0.00,0.00,0.00,10.00
33142.00,-2.65,-1.09,-1.58,-0.02,-0.00,-0.02,0.00,0.00,0.00,-0.00,-0.00,0.00,0.00,-0.00,-0.00,10.00
33152.00,-2.65,-1.10,-1.59,-0.03,-0.03,-0.01,-1.50,-2.60,0.60,-0.00,-0.00,0.00,0.00,-0.00,0.00,19.00
33171.00,-2.65,-1.10,-1.59,-0.03,-0.03,-0.01,0.00,0.00,0.00,-0.00,-0.00,0.00,-0.00,0.00,0.00,10.00
33181.00,-2.65,-1.10,-1.59,-0.03,-0.03,-0.01,0.00,0.00,0.00,-0.00,-0.00,0.00,-0.00,-0.00,-0.00,10.00
33191.00,-2.65,-1.10,-1.59,-0.03,-0.03,-0.01,0.00,0.00,0.00,-0.00,-0.00,0.00,-0.00,0.00,0.00,10.00
33201.00,-2.65,-1.10,-1.59,0.00,0.00,-0.01,3.60,3.10,0.70,-0.00,-0.00,0.00,0.00,0.00,-0.00,19.00
33224.00,-2.65,-1.10,-1.59,0.00,0.00,-0.01,0.00,0.00,0.00,-0.00,0.00,0.00,-0.00,0.00,-0.00,10.00
33234.00,-2.65,-1.10,-1.59,0.00,0.00,-0.01,0.00,0.00,0.00,-0.00,0.00,0.00,-0.00,0.00,-0.00,10.00
33244.00,-2.65,-1.10,-1.59,0.00,0.00,-0.01,0.00,0.00,0.00,-0.00,-0.00,0.00,-0.00,-0.00,-0.00,10.00
33254.00,-2.65,-1.10,-1.59,0.00,0.00,-0.01,0.00,0.00,0.00,-0.00,-0.00,0.00,-0.00,-0.00,-0.00,10.00
33264.00,-2.65,-1.09,-1.59,0.05,0.06,-0.01,4.30,5.40,-0.30,-0.00,-0.00,0.00,0.00,-0.00,0.00,18.00
33282.00,-2.65,-1.09,-1.59,0.05,0.06,-0.01,0.00,0.00,0.00,-0.00,-0.00,0.00,0.00,-0.00,0.00,10.00
33292.00,-2.65,-1.09,-1.59,0.05,0.06,-0.01,0.00,0.00,0.00,-0.00,-0.00,0.00,0.00,-0.00,-0.00,10.00
33302.00,-2.66,-1.09,-1.59,-0.03,0.06,-0.01,-7.40,0.20,0.30,-0.00,-0.00,0.00,0.00,-0.00,0.00,19.00
33321.00,-2.66,-1.09,-1.59,-0.03,0.06,-0.01,0.00,0.00,0.00,-0.00,-0.00,0.00,0.00,0.00,0.00,10.00
33331.00,-2.66,-1.09,-1.59,-0.03,0.06,-0.01,0.00,0.00,0.00,-0.00,-0.00,0.00,-0.00,0.00,0.00,10.00
33351.00,-2.66,-1.09,-1.59,-0.03,0.06,-0.01,0.00,0.00,0.00,-0.00,-0.00,0.00,0.00,0.00,-0.00,10.00
33361.00,-2.66,-1.09,-1.59,-0.03,0.06,-0.01,0.00,0.00,0.00,-0.00,-0.00,0.00,0.00,0.00,-0.00,10.00
33371.00,-2.67,-1.09,-1.58,-0.07,0.01,-0.01,-3.80,-4.30,-0.30,-0.00,-0.00,0.00,0.00,-0.00,-0.00,19.00
33390.00,-2.67,-1.09,-1.58,-0.07,0.01,-0.01,0.00,0.00,0.00,-0.00,-0.00,0.00,0.00,-0.00,0.00,10.00
33400.00,-2.67,-1.09,-1.58,-0.07,0.01,-0.01,0.00,0.00,0.00,-0.00,-0.00,0.00,0.00,-0.00,-0.00,10.00
33410.00,-2.67,-1.09,-1.58,-0.07,0.01,-0.01,0.00,0.00,0.00,-0.00,-0.00,0.00,-0.00,0.00,-0.00,10.00
33420.00,-2.67,-1.09,-1.58,0.02,-0.02,-0.01,8.10,-3.70,0.10,-0.00,-0.00,0.00,-0.00,0.00,0.00,16.00
33436.00,-2.67,-1.09,-1.58,0.02,-0.02,-0.01,0.00,0.00,0.00,-0.00,-0.00,0.00,-0.00,0.00,0.00,10.00
33446.00,-2.67,-1.09,-1.58,0.02,-0.02,-0.01,0.00,0.00,0.00,-0.00,-0.00,0.00,0.00,0.00,-0.00,10.00
33456.00,-2.67,-1.10,-1.59,0.03,0.02,-0.01,1.70,4.20,0.10,-0.00,-0.00,0.00,0.00,-0.00,-0.00,17.00
33478.00,-2.67,-1.10,-1.59,0.03,0.02,-0.01,0.00,0.00,0.00,-0.00,-0.00,0.00,-0.00,-0.00,-0.00,10.00
33488.00,-2.67,-1.10,-1.59,0.03,0.02,-0.01,0.00,0.00,0.00,-0.00,-0.00,0.00,-0.00,0.00,-0.00,10.00
33498.00,-2.67,-1.10,-1.59,0.03,0.02,-0.01,0.00,0.00,0.00,-0.00,-0.00,0.00,-0.00,0.00,-0.00,10.00
33508.00,-2.66,-1.10,-1.59,0.05,0.02,-0.01,2.00,-0.30,0.10,-0.00,-0.00,0.00,0.00,-0.00,0.00,15.00
33523.00,-2.66,-1.10,-1.59,0.05,0.02,-0.01,0.00,0.00,0.00,-0.00,-0.00,0.00,-0.00,0.00,0.00,10.00
33533.00,-2.66,-1.10,-1.59,0.05,0.02,-0.01,0.00,0.00,0.00,-0.00,-0.00,0.00,-0.00,-0.00,-0.00,10.00
33543.00,-2.66,-1.10,-1.59,0.05,0.02,-0.01,0.00,0.00,0.00,-0.00,-0.00,0.00,0.00,-0.00,-0.00,10.00
33553.00,-2.67,-1.10,-1.59,0.01,-0.01,-0.00,-3.80,-2.80,0.40,-0.00,-0.00,0.00,0.00,0.00,-0.00,19.00
33572.00,-2.67,-1.10,-1.59,0.01,-0.01,-0.00,0.00,0.00,0.00,-0.00,-0.00,0.00,0.00,-0.00,-0.00,10.00
33582.00,-2.67,-1.10,-1.59,0.01,-0.01,-0.00,0.00,0.00,0.00,-0.00,-0.00,0.00,-0.00,-0.00,-0.00,10.00
33597.00,-2.67,-1.10,-1.59,0.01,-0.01,-0.00,0.00,0.00,0.00,-0.00,-0.00,0.00,-0.00,-0.00,0.00,10.00
33607.00,-2.67,-1.10,-1.60,-0.06,-0.02,0.01,-7.30,-0.70,0.70,-0.00,-0.00,0.00,-0.00,-0.00,-0.00,16.00
33623.00,-2.67,-1.10,-1.60,-0.06,-0.02,0.01,0.00,0.00,0.00,-0.00,-0.00,0.00,-0.00,0.01,0.00,10.00
33633.00,-2.67,-1.10,-1.60,-0.06,-0.02,0.01,0.00,0.00,0.00,-0.00,-0.00,0.00,-0.00,-0.00,-0.00,10.00
33643.00,-2.67,-1.10,-1.60,-0.06,-0.02,0.01,0.00,0.00,0.00,-0.00,-0.00,0.00,0.00,-0.00,-0.00,10.00
33653.00,-2.67,-1.10,-1.59,0.02,0.00,-0.00,7.90,2.30,-0.80,-0.00,-0.00,0.00,0.00,-0.00,-0.00,19.00
33672.00,-2.67,-1.10,-1.59,0.02,0.00,-0.00,0.00,0.00,0.00,-0.00,-0.00,0.00,0.00,0.00,0.00,10.00
33682.00,-2.67,-1.10,-1.59,0.02,0.00,-0.00,0.00,0.00,0.00,-0.00,-0.00,0.00,-0.00,0.00,0.00,10.00
33692.00,-2.67,-1.10,-1.59,0.02,0.00,-0.00,0.00,0.00,0.00,-0.00,-0.00,0.00,-0.00,0.00,-0.00,10.00
33702.00,-2.67,-1.10,-1.59,0.02,0.00,-0.00,0.00,0.00,0.00,-0.00,-0.00,0.00,0.00,0.00,0.00,10.00
33717.00,-2.68,-1.07,-1.56,0.05,0.04,-0.03,1.87,2.20,-1.87,-0.00,-0.00,0.00,0.00,-0.00,0.00,17.00
33734.00,-2.68,-1.07,-1.56,0.05,0.04,-0.03,0.00,0.00,0.00,-0.00,-0.00,0.00,0.00,0.00,-0.00,10.00
33744.00,-2.68,-1.07,-1.56,0.05,0.04,-0.03,0.00,0.00,0.00,-0.00,-0.00,0.00,-0.00,0.00,0.00,10.00
33754.00,-2.69,-1.08,-1.56,-0.02,0.01,-0.03,-7.20,-3.00,0.30,-0.00,-0.00,0.00,0.00,-0.00,-0.00,19.00
33773.00,-2.69,-1.08,-1.56,-0.02,0.01,-0.03,0.00,0.00,0.00,-0.00,-0.00,0.00,0.00,0.00,0.00,10.00
33783.00,-2.69,-1.08,-1.56,-0.02,0.01,-0.03,0.00,0.00,0.00,-0.00,-0.00,0.00,0.00,-0.00,0.00,10.00
33793.00,-2.69,-1.08,-1.56,-0.02,0.01,-0.03,0.00,0.00,0.00,-0.00,-0.00,0.00,-0.00,0.00,-0.00,10.00
33803.00,-2.69,-1.08,-1.56,-0.02,0.01,-0.03,0.00,0.00,0.00,-0.00,-0.00,0.00,-0.00,0.00,-0.00,10.00
33813.00,-2.69,-1.09,-1.59,-0.05,-0.00,-0.00,-2.10,-0.90,2.40,-0.00,-0.00,0.00,0.00,0.00,0.00,16.00
33829.00,-2.69,-1.09,-1.59,-0.05,-0.00,-0.00,0.00,0.00,0.00,-0.00,-0.00,0.00,-0.00,0.00,-0.00,10.00
33844.00,-2.69,-1.09,-1.59,-0.05,-0.00,-0.00,0.00,0.00,0.00,-0.00,-0.00,0.00,0.00,0.00,-0.00,10.00
33854.00,-2.68,-1.10,-1.60,0.03,0.03,0.01,7.50,2.80,1.70,-0.00,-0.00,0.00,-0.00,0.00,0.00,19.00
33873.00,-2.68,-1.10,-1.60,0.03,0.03,0.01,0.00,0.00,0.00,-0.00,0.00,0.00,0.00,0.01,-0.00,10.00
33883.00,-2.68,-1.10,-1.60,0.03,0.03,0.01,0.00,0.00,0.00,-0.00,0.00,0.00,-0.00,0.00,-0.00,10.00
33893.00,-2.68,-1.10,-1.60,0.03,0.03,0.01,0.00,0.00,0.00,-0.00,0.00,0.00,-0.00,0.00,0.00,10.00
33903.00,-2.68,-1.09,-1.59,0.06,0.05,0.01,2.70,2.40,-0.50,-0.00,0.00,0.00,0.00,-0.00,0.00,19.00
33922.00,-2.68,-1.09,-1.59,0.06,0.05,0.01,0.00,0.00,0.00,-0.00,0.00,0.00,0.00,-0.00,-0.00,10.00
33932.00,-2.68,-1.09,-1.59,0.06,0.05,0.01,0.00,0.00,0.00,-0.00,0.00,0.00,0.00,0.00,-0.00,10.00
33942.00,-2.68,-1.09,-1.59,0.06,0.05,0.01,0.00,0.00,0.00,-0.00,0.00,0.00,-0.00,0.00,0.00,10.00
33952.00,-2.69,-1.09,-1.58,-0.04,0.10,0.00,-10.00,4.90,-0.60,-0.00,0.00,0.00,-0.00,0.00,0.00,18.00
33975.00,-2.69,-1.09,-1.58,-0.04,0.10,0.00,0.00,0.00,0.00,-0.00,0.00,0.00,0.00,0.00,-0.00,10.00
33985.00,-2.69,-1.09,-1.58,-0.04,0.10,0.00,0.00,0.00,0.00,-0.00,0.00,0.00,0.00,0.00,-0.00,10.00
33995.00,-2.69,-1.09,-1.58,-0.04,0.10,0.00,0.00,0.00,0.00,-0.00,0.00,0.00,0.00,0.00,0.00,10.00
34005.00,-2.69,-1.09,-1.58,-0.04,0.10,0.00,0.00,0.00,0.00,-0.00,0.00,0.00,0.00,-0.00,-0.00,10.00
34015.00,-2.71,-1.08,-1.57,-0.05,0.05,-0.01,-1.10,-5.30,-1.30,-0.00,0.00,0.00,0.00,-0.00,-0.00,18.00
34033.00,-2.71,-1.08,-1.57,-0.05,0.05,-0.01,0.00,0.00,0.00,-0.00,0.00,0.00,-0.00,0.00,0.00,10.00
34043.00,-2.71,-1.08,-1.57,-0.05,0.05,-0.01,0.00,0.00,0.00,-0.00,0.00,0.00,-0.00,0.00,-0.00,10.00
34053.00,-2.71,-1.09,-1.56,-0.03,-0.02,-0.02,2.20,-6.50,-0.60,-0.00,0.00,0.00,-0.00,0.00,0.00,19.00
34072.00,-2.71,-1.09,-1.56,-0.03,-0.02,-0.02,0.00,0.00,0.00,-0.00,0.00,0.00,0.00,0.00,-0.00,10.00
34082.00,-2.71,-1.09,-1.56,-0.03,-0.02,-0.02,0.00,0.00,0.00,-0.00,0.00,0.00,-0.00,0.00,-0.00,10.00
34097.00,-2.71,-1.09,-1.56,-0.03,-0.02,-0.02,0.00,0.00,0.00,-0.00,0.00,0.00,-0.00,-0.00,0.00,10.00
34107.00,-2.72,-1.10,-1.57,-0.05,-0.04,-0.01,-1.80,-1.80,0.80,-0.00,0.00,0.00,0.00,0.00,0.00,17.00
34124.00,-2.72,-1.10,-1.57,-0.05,-0.04,-0.01,0.00,0.00,0.00,-0.00,0.00,0.00,-0.00,-0.00,-0.00,10.00
34134.00,-2.72,-1.10,-1.57,-0.05,-0.04,-0.01,0.00,0.00,0.00,-0.00,0.00,0.00,-0.00,0.00,0.00,10.00
34144.00,-2.72,-1.10,-1.57,-0.05,-0.04,-0.01,0.00,0.00,0.00,-0.00,0.00,0.00,0.00,0.00,-0.00,10.00
34154.00,-2.72,-1.11,-1.57,-0.03,-0.03,-0.00,1.70,1.00,0.70,-0.00,0.00,0.00,0.00,0.00,0.00,19.00
34173.00,-2.72,-1.11,-1.57,-0.03,-0.03,-0.00,0.00,0.00,0.00,-0.00,0.00,0.00,-0.00,0.00,0.00,10.00
34183.00,-2.72,-1.11,-1.57,-0.03,-0.03,-0.00,0.00,0.00,0.00,-0.00,0.00,0.00,0.00,-0.00,0.00,10.00
34193.00,-2.72,-1.11,-1.57,-0.03,-0.03,-0.00,0.00,0.00,0.00,-0.00,0.00,0.00,0.00,-0.00,0.00,10.00
34203.00,-2.72,-1.11,-1.58,-0.01,-0.02,0.01,2.50,0.50,0.90,-0.00,0.00,0.00,0.00,0.00,0.00,19.00
34227.00,-2.72,-1.11,-1.58,-0.01,-0.02,0.01,0.00,0.00,0.00,-0.00,0.00,0.00,-0.00,0.00,-0.00,10.00
34237.00,-2.72,-1.11,-1.58,-0.01,-0.02,0.01,0.00,0.00,0.00,-0.00,0.00,0.00,-0.00,0.00,-0.00,10.00
34247.00,-2.72,-1.11,-1.58,-0.01,-0.02,0.01,0.00,0.00,0.00,-0.00,0.00,0.00,0.00,0.00,0.00,10.00
34257.00,-2.72,-1.11,-1.58,-0.01,0.01,0.01,-0.10,3.10,0.60,-0.00,0.00,0.00,-0.00,0.00,0.00,17.00
34274.00,-2.72,-1.11,-1.58,-0.01,0.01,0.01,0.00,0.00,0.00,-0.00,0.00,0.00,-0.00,-0.00,-0.00,10.00
34284.00,-2.72,-1.11,-1.58,-0.01,0.01,0.01,0.00,0.00,0.00,-0.00,0.00,0.00,-0.00,0.00,0.00,10.00
34294.00,-2.72,-1.11,-1.58,-0.01,0.01,0.01,0.00,0.00,0.00,-0.00,0.00,0.00,0.00,-0.00,0.00,10.00
34304.00,-2.72,-1.11,-1.58,-0.01,0.01,0.01,0.00,0.00,0.00,-0.00,0.00,0.00,-0.00,-0.00,0.00,10.00
34314.00,-2.73,-1.11,-1.57,-0.01,0.00,0.00,-0.20,-0.50,-1.40,-0.00,0.00,0.00,0.00,-0.00,0.00,16.00
34330.00,-2.73,-1.11,-1.57,-0.01,0.00,0.00,0.00,0.00,0.00,-0.00,0.00,0.00,0.00,0.00,0.00,10.00
34349.00,-2.73,-1.11,-1.57,-0.01,0.00,0.00,0.00,0.00,0.00,-0.00,0.00,0.00,0.00,-0.00,0.00,10.00
34359.00,-2.73,-1.11,-1.55,0.05,0.01,-0.02,5.70,0.80,-2.00,-0.00,0.00,0.00,0.00,-0.00,0.00,16.00
34375.00,-2.73,-1.11,-1.55,0.05,0.01,-0.02,0.00,0.00,0.00,-0.00,0.00,0.00,-0.00,0.00,0.00,10.00
34385.00,-2.73,-1.11,-1.55,0.05,0.01,-0.02,0.00,0.00,0.00,-0.00,0.00,0.00,0.00,0.00,0.00,10.00
34395.00,-2.73,-1.11,-1.55,0.05,0.01,-0.02,0.00,0.00,0.00,-0.00,0.00,0.00,-0.00,0.00,0.00,10.00
34405.00,-2.73,-1.10,-1.53,0.08,0.04,-0.03,3.80,3.00,-1.00,-0.00,0.00,0.00,0.00,-0.00,-0.00,18.00
34423.00,-2.73,-1.10,-1.53,0.08,0.04,-0.03,0.00,0.00,0.00,-0.00,0.00,0.00,0.00,-0.00,0.00,10.00
34433.00,-2.73,-1.10,-1.53,0.08,0.04,-0.03,0.00,0.00,0.00,-0.00,0.00,0.00,0.00,0.00,0.00,10.00
34443.00,-2.73,-1.10,-1.53,0.08,0.04,-0.03,0.00,0.00,0.00,-0.00,0.00,0.00,0.00,0.00,-0.00,10.00
34453.00,-2.73,-1.10,-1.53,0.08,0.04,-0.03,0.00,0.00,0.00,-0.00,0.00,0.00,0.00,0.00,0.00,10.00
34468.00,-2.73,-1.10,-1.54,0.00,0.02,-0.02,-5.60,-1.40,0.87,-0.00,0.00,0.00,0.00,-0.00,0.00,17.00
34485.00,-2.73,-1.10,-1.54,0.00,0.02,-0.02,0.00,0.00,0.00,-0.00,0.00,0.00,0.00,-0.00,0.00,10.00
34495.00,-2.73,-1.10,-1.54,0.00,0.02,-0.02,0.00,0.00,0.00,-0.00,0.00,0.00,-0.00,-0.00,-0.00,10.00
34505.00,-2.73,-1.10,-1.54,0.00,0.02,-0.02,0.00,0.00,0.00,-0.00,0.00,0.00,-0.00,-0.00,0.00,10.00
34515.00,-2.74,-1.11,-1.54,-0.03,0.01,-0.01,-3.00,-1.20,0.80,-0.00,0.00,0.00,0.00,0.00,0.00,15.00
34530.00,-2.74,-1.11,-1.54,-0.03,0.01,-0.01,0.00,0.00,0.00,-0.00,0.00,0.00,0.00,0.00,-0.00,10.00
34540.00,-2.74,-1.11,-1.54,-0.03,0.01,-0.01,0.00,0.00,0.00,-0.00,0.00,0.00,0.00,-0.00,0.00,10.00
34550.00,-2.74,-1.11,-1.54,-0.03,0.01,-0.01,0.00,0.00,0.00,-0.00,0.00,0.00,-0.00,-0.00,0.00,10.00
34560.00,-2.74,-1.11,-1.54,-0.03,0.01,-0.01,0.00,0.00,0.00,-0.00,0.00,0.00,0.00,0.00,-0.00,10.00
34570.00,-2.74,-1.11,-1.55,-0.03,0.02,0.00,0.40,0.80,0.90,-0.00,0.00,0.00,0.00,-0.00,-0.00,16.00
34590.00,-2.74,-1.11,-1.55,-0.03,0.02,0.00,0.00,0.00,0.00,-0.00,0.00,0.00,0.00,0.00,-0.00,10.00
34600.00,-2.74,-1.11,-1.55,-0.03,0.02,0.00,0.00,0.00,0.00,-0.00,0.00,0.00,-0.00,0.00,0.00,10.00
34610.00,-2.74,-1.11,-1.55,-0.01,0.06,0.00,1.70,3.80,0.20,-0.00,0.00,0.00,0.00,0.00,0.00,16.00
34626.00,-2.74,-1.11,-1.55,-0.01,0.06,0.00,0.00,0.00,0.00,-0.00,0.00,0.00,0.00,0.00,-0.00,10.00
34636.00,-2.74,-1.11,-1.55,-0.01,0.06,0.00,0.00,0.00,0.00,-0.00,0.00,0.00,0.00,-0.00,0.00,10.00
34646.00,-2.74,-1.11,-1.55,-0.01,0.06,0.00,0.00,0.00,0.00,-0.00,0.00,0.00,0.00,0.00,0.00,10.00
34656.00,-2.75,-1.11,-1.54,-0.03,0.03,-0.01,-2.40,-2.10,-0.80,-0.00,0.00,0.00,-0.00,-0.00,-0.00,18.00
34674.00,-2.75,-1.11,-1.54,-0.03,0.03,-0.01,0.00,0.00,0.00,-0.00,0.00,0.00,0.00,0.00,0.00,10.00
34684.00,-2.75,-1.11,-1.54,-0.03,0.03,-0.01,0.00,0.00,0.00,-0.00,0.00,0.00,0.00,-0.00,-0.00,10.00
34694.00,-2.75,-1.11,-1.54,-0.03,0.03,-0.01,0.00,0.00,0.00,-0.00,0.00,0.00,-0.00,-0.00,-0.00,10.00
34709.00,-2.75,-1.11,-1.53,-0.01,0.02,-0.01,1.80,-1.20,-0.47,-0.00,0.00,0.00,0.00,-0.00,0.00,17.00
34726.00,-2.75,-1.11,-1.53,-0.01,0.02,-0.01,0.00,0.00,0.00,-0.00,0.00,0.00,0.00,-0.00,-0.00,10.00
34736.00,-2.75,-1.11,-1.53,-0.01,0.02,-0.01,0.00,0.00,0.00,-0.00,0.00,0.00,0.00,-0.00,-0.00,10.00
34746.00,-2.75,-1.11,-1.53,-0.01,0.02,-0.01,0.00,0.00,0.00,-0.00,0.00,0.00,-0.00,0.00,0.00,10.00
34756.00,-2.76,-1.11,-1.52,-0.03,-0.02,-0.01,-2.00,-3.20,0.00,-0.00,0.00,0.00,-0.00,0.00,-0.00,18.00
34774.00,-2.76,-1.11,-1.52,-0.03,-0.02,-0.01,0.00,0.00,0.00,-0.00,0.00,0.00,-0.00,-0.00,0.00,10.00
34784.00,-2.76,-1.11,-1.52,-0.03,-0.02,-0.01,0.00,0.00,0.00,-0.00,0.00,0.00,0.00,-0.00,0.00,10.00
34794.00,-2.76,-1.11,-1.52,-0.03,-0.02,-0.01,0.00,0.00,0.00,-0.00,0.00,0.00,0.00,-0.00,0.00,10.00
34804.00,-2.76,-1.12,-1.53,-0.02,-0.03,-0.01,0.40,-1.50,0.70,-0.00,0.00,0.00,0.00,0.00,0.00,19.00
34823.00,-2.76,-1.12,-1.53,-0.02,-0.03,-0.01,0.00,0.00,0.00,-0.00,0.00,0.00,0.00,0.00,-0.00,10.00
34838.00,-2.76,-1.12,-1.53,-0.02,-0.03,-0.01,0.00,0.00,0.00,-0.00,0.00,0.00,0.00,-0.00,0.00,10.00
34848.00,-2.76,-1.12,-1.53,-0.02,-0.03,-0.01,0.00,0.00,0.00,-0.00,0.00,0.00,0.00,-0.00,0.00,10.00
34858.00,-2.76,-1.12,-1.53,-0.02,-0.03,-0.01,0.00,0.00,0.00,-0.00,0.00,0.00,0.00,0.00,0.00,10.00
34868.00,-2.76,-1.12,-1.53,-0.02,-0.03,-0.01,0.00,0.00,0.00,-0.00,0.00,0.00,0.00,-0.00,0.00,10.00
34878.00,-2.76,-1.12,-1.52,-0.01,0.02,-0.01,1.20,4.80,-0.10,-0.00,0.00,0.00,0.00,0.00,-0.00,17.00
34895.00,-2.76,-1.12,-1.52,-0.01,0.02,-0.01,0.00,0.00,0.00,-0.00,-0.00,0.00,-0.00,-0.00,0.00,10.00
34905.00,-2.76,-1.12,-1.52,-0.01,0.02,-0.01,0.00,0.00,0.00,-0.00,-0.00,0.00,-0.00,-0.00,0.00,10.00
34915.00,-2.76,-1.13,-1.52,0.01,0.01,-0.00,1.90,-0.70,0.50,-0.00,-0.00,0.00,0.00,0.00,-0.00,16.00
34931.00,-2.76,-1.13,-1.52,0.01,0.01,-0.00,0.00,0.00,0.00,-0.00,0.00,0.00,0.00,0.00,-0.00,10.00
34941.00,-2.76,-1.13,-1.52,0.01,0.01,-0.00,0.00,0.00,0.00,-0.00,0.00,0.00,0.00,0.00,0.00,10.00
34956.00,-2.76,-1.13,-1.52,0.00,-0.01,-0.00,-0.47,-1.53,-0.13,-0.00,0.00,0.00,0.00,0.00,0.00,19.00
34975.00,-2.76,-1.13,-1.52,0.00,-0.01,-0.00,0.00,0.00,0.00,-0.00,-0.00,0.00,-0.00,-0.00,0.00,10.00
34985.00,-2.76,-1.13,-1.52,0.00,-0.01,-0.00,0.00,0.00,0.00,-0.00,-0.00,0.00,0.00,0.00,0.00,10.00
34995.00,-2.76,-1.13,-1.52,0.00,-0.01,-0.00,0.00,0.00,0.00,-0.00,-0.00,0.00,-0.00,-0.00,0.00,10.00
35005.00,-2.77,-1.13,-1.51,0.01,0.01,-0.01,0.80,2.30,-0.50,-0.00,-0.00,0.00,0.00,0.00,-0.00,19.00
35024.00,-2.77,-1.13,-1.51,0.01,0.01,-0.01,0.00,0.00,0.00,-0.00,-0.00,0.00,0.00,0.00,0.00,10.00
35034.00,-2.77,-1.13,-1.51,0.01,0.01,-0.01,0.00,0.00,0.00,-0.00,0.00,0.00,-0.00,0.00,0.00,10.00
35044.00,-2.77,-1.13,-1.51,0.01,0.01,-0.01,0.00,0.00,0.00,-0.00,0.00,0.00,0.00,0.00,0.00,10.00
35054.00,-2.77,-1.13,-1.50,-0.02,0.00,-0.01,-2.90,-0.70,-0.50,-0.00,-0.00,0.00,0.00,-0.00,0.00,19.00
35073.00,-2.77,-1.13,-1.50,-0.02,0.00,-0.01,0.00,0.00,0.00,-0.00,0.00,0.00,-0.00,0.00,-0.00,10.00
35087.00,-2.77,-1.13,-1.50,-0.02,0.00,-0.01,0.00,0.00,0.00,-0.00,-0.00,0.00,-0.00,-0.00,0.00,10.00
35097.00,-2.77,-1.13,-1.50,-0.02,0.00,-0.01,0.00,0.00,0.00,-0.00,0.00,0.00,0.00,0.00,0.00,10.00
35107.00,-2.77,-1.13,-1.50,0.00,0.01,-0.01,2.30,0.70,0.00,-0.00,0.00,0.00,0.00,-0.00,0.00,18.00
35125.00,-2.77,-1.13,-1.50,0.00,0.01,-0.01,0.00,0.00,0.00,-0.00,-0.00,0.00,-0.00,-0.00,-0.00,10.00
35135.00,-2.77,-1.13,-1.50,0.00,0.01,-0.01,0.00,0.00,0.00,-0.00,-0.00,0.00,0.00,-0.00,0.00,10.00
35145.00,-2.77,-1.13,-1.50,0.00,0.01,-0.01,0.00,0.00,0.00,-0.00,-0.00,0.00,0.00,0.00,0.00,10.00
35155.00,-2.77,-1.13,-1.50,0.01,0.03,-0.01,0.40,1.60,0.30,-0.00,-0.00,0.00,-0.01,0.00,-0.00,19.00
35174.00,-2.77,-1.13,-1.50,0.01,0.03,-0.01,0.00,0.00,0.00,-0.00,-0.00,0.00,0.00,0.00,0.00,10.00
35184.00,-2.77,-1.13,-1.50,0.01,0.03,-0.01,0.00,0.00,0.00,-0.00,0.00,0.00,0.00,0.00,0.00,10.00
35194.00,-2.77,-1.13,-1.50,0.01,0.03,-0.01,0.00,0.00,0.00,-0.00,-0.00,0.00,0.00,-0.00,-0.00,10.00
35209.00,-2.78,-1.14,-1.50,-0.00,0.00,-0.01,-0.73,-1.47,0.40,-0.00,-0.00,0.00,-0.00,-0.00,0.00,18.00
35227.00,-2.78,-1.14,-1.50,-0.00,0.00,-0.01,0.00,0.00,0.00,-0.00,0.00,0.00,0.00,0.00,-0.00,10.00
35237.00,-2.78,-1.14,-1.50,-0.00,0.00,-0.01,0.00,0.00,0.00,-0.00,0.00,0.00,-0.00,0.00,-0.00,10.00
35247.00,-2.78,-1.14,-1.50,-0.00,0.00,-0.01,0.00,0.00,0.00,-0.00,0.00,0.00,-0.00,0.00,-0.00,10.00
35257.00,-2.78,-1.14,-1.50,-0.01,0.01,-0.01,-0.80,0.40,-0.20,-0.00,0.00,0.00,0.00,-0.00,0.00,18.00
35275.00,-2.78,-1.14,-1.50,-0.01,0.01,-0.01,0.00,0.00,0.00,-0.00,0.00,0.00,-0.00,0.00,0.00,10.00
35285.00,-2.78,-1.14,-1.50,-0.01,0.01,-0.01,0.00,0.00,0.00,-0.00,0.00,0.00,-0.01,0.00,0.00,10.00
35295.00,-2.78,-1.14,-1.50,-0.01,0.01,-0.01,0.00,0.00,0.00,-0.00,0.00,0.00,-0.00,0.00,0.00,10.00
35305.00,-2.78,-1.14,-1.49,-0.02,0.02,-0.01,-1.00,1.00,-0.50,-0.00,0.00,0.00,0.00,0.00,0.00,18.00
35323.00,-2.78,-1.14,-1.49,-0.02,0.02,-0.01,0.00,0.00,0.00,-0.00,-0.00,0.00,-0.00,-0.00,-0.00,10.00
35338.00,-2.78,-1.14,-1.49,-0.02,0.02,-0.01,0.00,0.00,0.00,-0.00,-0.00,0.00,0.00,-0.01,0.00,10.00
35348.00,-2.78,-1.14,-1.49,-0.02,0.02,-0.01,0.00,0.00,0.00,-0.00,-0.00,0.00,0.00,-0.01,0.00,10.00
35358.00,-2.79,-1.14,-1.49,-0.01,0.03,-0.02,1.40,0.90,-0.40,-0.00,-0.00,0.00,-0.00,-0.00,-0.00,18.00
35376.00,-2.79,-1.14,-1.49,-0.01,0.03,-0.02,0.00,0.00,0.00,-0.00,-0.00,0.00,0.00,0.00,0.00,10.00
35386.00,-2.79,-1.14,-1.49,-0.01,0.03,-0.02,0.00,0.00,0.00,-0.00,-0.00,0.00,-0.00,-0.00,0.00,10.00
35396.00,-2.79,-1.14,-1.49,-0.01,0.03,-0.02,0.00,0.00,0.00,-0.00,-0.00,0.00,0.00,0.00,-0.00,10.00
35406.00,-2.79,-1.15,-1.49,0.01,-0.01,-0.01,2.10,-3.20,0.60,-0.00,-0.00,0.00,0.01,0.00,0.00,19.00
35425.00,-2.79,-1.15,-1.49,0.01,-0.01,-0.01,0.00,0.00,0.00,-0.00,-0.00,0.00,-0.00,0.00,0.00,10.00
35435.00,-2.79,-1.15,-1.49,0.01,-0.01,-0.01,0.00,0.00,0.00,-0.00,-0.00,0.00,-0.00,0.00,0.00,10.00
35445.00,-2.79,-1.15,-1.49,0.01,-0.01,-0.01,0.00,0.00,0.00,-0.00,-0.00,0.00,0.00,-0.00,0.00,10.00
35465.00,-2.79,-1.15,-1.49,0.01,-0.02,-0.01,-0.40,-0.85,0.20,-0.00,-0.00,0.00,-0.00,-0.00,-0.00,16.00
35481.00,-2.79,-1.15,-1.49,0.01,-0.02,-0.01,0.00,0.00,0.00,-0.00,-0.00,0.00,0.00,0.00,0.00,10.00
35491.00,-2.79,-1.15,-1.49,0.01,-0.02,-0.01,0.00,0.00,0.00,-0.00,-0.00,0.00,0.00,0.01,0.00,10.00
35501.00,-2.79,-1.15,-1.49,0.01,-0.02,-0.01,0.00,0.00,0.00,-0.00,-0.00,0.00,-0.00,0.00,0.00,10.00
35511.00,-2.79,-1.15,-1.48,0.02,-0.03,-0.00,0.90,-0.70,0.20,-0.00,-0.00,0.00,-0.01,0.00,-0.00,16.00
35527.00,-2.79,-1.15,-1.48,0.02,-0.03,-0.00,0.00,0.00,0.00,-0.00,-0.00,0.00,0.00,0.00,-0.00,10.00
35537.00,-2.79,-1.15,-1.48,0.02,-0.03,-0.00,0.00,0.00,0.00,-0.00,-0.00,0.00,0.00,0.00,0.00,10.00
35547.00,-2.79,-1.15,-1.48,0.02,-0.03,-0.00,0.00,0.00,0.00,-0.00,-0.00,0.00,0.00,-0.00,0.00,10.00
35557.00,-2.81,-1.15,-1.48,-0.02,-0.02,-0.00,-3.80,1.00,0.20,-0.00,-0.00,0.00,0.00,-0.00,-0.00,19.00
35576.00,-2.81,-1.15,-1.48,-0.02,-0.02,-0.00,0.00,0.00,0.00,-0.00,-0.00,0.00,0.00,0.00,-0.00,10.00
35591.00,-2.81,-1.15,-1.48,-0.02,-0.02,-0.00,0.00,0.00,0.00,-0.00,-0.00,0.00,0.00,0.00,-0.00,10.00
35601.00,-2.81,-1.15,-1.48,-0.02,-0.02,-0.00,0.00,0.00,0.00,-0.00,-0.00,0.00,0.00,0.00,0.00,10.00
35611.00,-2.81,-1.15,-1.48,-0.01,0.01,-0.00,1.70,3.30,0.00,-0.00,-0.00,0.00,0.00,-0.00,0.00,16.00
35627.00,-2.81,-1.15,-1.48,-0.01,0.01,-0.00,0.00,0.00,0.00,-0.00,-0.00,0.00,-0.00,0.00,0.00,10.00
35637.00,-2.81,-1.15,-1.48,-0.01,0.01,-0.00,0.00,0.00,0.00,-0.00,0.00,0.00,0.00,0.00,-0.00,10.00
35647.00,-2.81,-1.15,-1.48,-0.01,0.01,-0.00,0.00,0.00,0.00,-0.00,0.00,0.00,0.00,0.01,-0.00,10.00
35657.00,-2.81,-1.15,-1.48,-0.01,0.01,-0.00,0.00,0.00,0.00,-0.00,0.00,0.00,-0.00,-0.00,0.00,10.00
35667.00,-2.81,-1.15,-1.47,0.03,-0.01,-0.01,3.10,-1.90,-0.40,-0.00,0.00,0.00,-0.00,-0.00,0.00,15.00
35682.00,-2.81,-1.15,-1.47,0.03,-0.01,-0.01,0.00,0.00,0.00,-0.00,0.00,0.00,0.00,0.00,0.00,10.00
35692.00,-2.81,-1.15,-1.47,0.03,-0.01,-0.01,0.00,0.00,0.00,-0.00,0.00,0.00,-0.00,0.00,0.00,10.00
35707.00,-2.81,-1.15,-1.46,0.03,-0.00,-0.01,0.33,0.07,-0.27,-0.00,0.00,0.00,-0.01,0.00,0.00,19.00
35726.00,-2.81,-1.15,-1.46,0.03,-0.00,-0.01,0.00,0.00,0.00,-0.00,0.00,0.00,0.00,0.00,0.00,10.00
35736.00,-2.81,-1.15,-1.46,0.03,-0.00,-0.01,0.00,0.00,0.00,-0.00,0.00,0.00,0.00,0.00,0.00,10.00
35746.00,-2.81,-1.15,-1.46,0.03,-0.00,-0.01,0.00,0.00,0.00,-0.00,0.00,0.00,-0.00,-0.00,0.00,10.00
35756.00,-2.81,-1.15,-1.46,0.03,-0.00,-0.01,0.00,0.00,0.00,-0.00,0.00,0.00,-0.00,-0.00,-0.00,10.00
35766.00,-2.82,-1.15,-1.46,-0.01,0.02,-0.01,-3.70,2.00,0.40,-0.00,0.00,0.00,-0.00,-0.00,-0.00,15.00
35781.00,-2.82,-1.15,-1.46,-0.01,0.02,-0.01,0.00,0.00,0.00,-0.00,0.00,0.00,0.00,0.00,0.00,10.00
35791.00,-2.82,-1.15,-1.46,-0.01,0.02,-0.01,0.00,0.00,0.00,-0.00,0.00,0.00,-0.00,-0.00,0.00,10.00
35801.00,-2.82,-1.15,-1.46,-0.01,0.02,-0.01,0.00,0.00,0.00,-0.00,0.00,0.00,-0.00,-0.00,-0.00,10.00
35811.00,-2.82,-1.15,-1.46,-0.00,-0.00,-0.00,0.40,-1.70,0.50,-0.00,-0.00,0.00,-0.00,-0.00,-0.00,16.00
35832.00,-2.82,-1.15,-1.46,-0.00,-0.00,-0.00,0.00,0.00,0.00,-0.00,0.00,0.00,-0.00,0.00,-0.00,10.00
35842.00,-2.82,-1.15,-1.46,-0.00,-0.00,-0.00,0.00,0.00,0.00,-0.00,0.00,0.00,-0.00,0.00,0.00,10.00
35852.00,-2.82,-1.15,-1.46,-0.00,-0.00,-0.00,0.00,0.00,0.00,-0.00,0.00,0.00,-0.00,-0.00,0.00,10.00
35862.00,-2.82,-1.16,-1.46,0.01,-0.04,0.00,1.30,-4.20,0.30,-0.00,0.00,0.00,0.00,0.00,-0.00,16.00
35878.00,-2.82,-1.16,-1.46,0.01,-0.04,0.00,0.00,0.00,0.00,-0.00,0.00,0.00,0.00,-0.00,-0.00,10.00
35888.00,-2.82,-1.16,-1.46,0.01,-0.04,0.00,0.00,0.00,0.00,-0.00,0.00,0.00,-0.00,0.00,-0.00,10.00
35898.00,-2.82,-1.16,-1.46,0.01,-0.04,0.00,0.00,0.00,0.00,-0.00,0.00,0.00,-0.00,0.00,-0.00,10.00
35908.00,-2.82,-1.16,-1.45,-0.00,-0.02,-0.01,-1.30,2.60,-0.80,-0.00,0.00,0.00,-0.00,0.00,-0.00,18.00
35926.00,-2.82,-1.16,-1.45,-0.00,-0.02,-0.01,0.00,0.00,0.00,-0.00,0.00,0.00,0.00,0.00,0.00,10.00
35936.00,-2.82,-1.16,-1.45,-0.00,-0.02,-0.01,0.00,0.00,0.00,-0.00,0.00,0.00,-0.00,0.00,-0.00,10.00
35950.00,-2.82,-1.16,-1.45,-0.00,-0.02,-0.01,0.00,0.00,0.00,-0.00,0.00,0.00,0.00,0.00,-0.00,10.00
35960.00,-2.83,-1.16,-1.46,-0.01,0.00,-0.01,-0.40,2.10,0.10,-0.00,0.00,0.00,0.00,-0.00,-0.00,18.00
35978.00,-2.83,-1.16,-1.46,-0.01,0.00,-0.01,0.00,0.00,0.00,-0.00,0.00,0.00,0.00,0.00,0.00,10.00
35988.00,-2.83,-1.16,-1.46,-0.01,0.00,-0.01,0.00,0.00,0.00,-0.00,0.00,0.00,0.00,-0.00,0.00,10.00
35998.00,-2.83,-1.16,-1.46,-0.01,0.00,-0.01,0.00,0.00,0.00,-0.00,0.00,0.00,0.00,-0.00,0.00,10.00
36008.00,-2.83,-1.16,-1.46,-0.01,0.00,-0.01,0.00,0.00,0.00,-0.00,0.00,0.00,0.00,-0.00,0.01,10.00
36018.00,-2.83,-1.16,-1.46,-0.01,0.04,-0.01,0.00,3.10,0.00,-0.00,0.00,0.00,0.00,-0.00,0.00,16.00
36034.00,-2.83,-1.16,-1.46,-0.01,0.04,-0.01,0.00,0.00,0.00,-0.00,0.00,0.00,0.00,0.01,-0.00,10.00
36044.00,-2.83,-1.16,-1.46,-0.01,0.04,-0.01,0.00,0.00,0.00,-0.00,0.00,0.00,0.00,0.00,-0.01,10.00
36054.00,-2.83,-1.16,-1.46,-0.00,0.04,-0.00,0.30,0.50,0.30,-0.00,0.00,0.00,0.00,-0.00,-0.01,15.00
36074.00,-2.83,-1.16,-1.46,-0.00,0.04,-0.00,0.00,0.00,0.00,-0.00,0.00,0.00,0.00,-0.01,0.01,10.00
36084.00,-2.83,-1.16,-1.46,-0.00,0.04,-0.00,0.00,0.00,0.00,-0.00,0.00,0.00,0.00,0.00,0.01,10.00
36094.00,-2.83,-1.16,-1.46,-0.00,0.04,-0.00,0.00,0.00,0.00,-0.00,0.00,0.00,-0.00,0.00,-0.00,10.00
36104.00,-2.83,-1.16,-1.46,-0.00,0.04,-0.00,0.00,0.00,0.00,-0.00,0.00,0.00,-0.00,0.00,-0.00,10.00
36114.00,-2.83,-1.17,-1.46,-0.00,-0.01,0.00,0.30,-4.70,0.20,-0.00,0.00,0.00,-0.01,0.00,-0.00,15.00
36129.00,-2.83,-1.17,-1.46,-0.00,-0.01,0.00,0.00,0.00,0.00,-0.00,0.00,0.00,0.00,-0.00,-0.00,10.00
36139.00,-2.83,-1.17,-1.46,-0.00,-0.01,0.00,0.00,0.00,0.00,-0.00,0.00,0.00,-0.00,-0.00,0.00,10.00
36149.00,-2.83,-1.17,-1.46,-0.00,-0.01,0.00,0.00,0.00,0.00,-0.00,-0.00,0.00,-0.00,-0.00,0.00,10.00
36159.00,-2.83,-1.17,-1.45,0.01,0.01,-0.00,1.40,1.80,-0.20,-0.00,-0.00,0.00,-0.00,-0.00,0.00,18.00
36177.00,-2.83,-1.17,-1.45,0.01,0.01,-0.00,0.00,0.00,0.00,-0.00,0.00,0.00,0.00,0.01,-0.00,10.00
36192.00,-2.83,-1.17,-1.45,0.01,0.01,-0.00,0.00,0.00,0.00,-0.00,0.00,0.00,0.00,-0.00,-0.00,10.00
36202.00,-2.83,-1.17,-1.45,0.01,0.01,-0.00,0.00,0.00,0.00,-0.00,0.00,0.00,0.00,-0.01,-0.00,10.00
36212.00,-2.84,-1.16,-1.44,0.01,-0.00,-0.01,-0.50,-1.20,-0.50,-0.00,-0.00,0.00,0.01,-0.01,0.00,16.00
36228.00,-2.84,-1.16,-1.44,0.01,-0.00,-0.01,0.00,0.00,0.00,-0.00,-0.00,0.00,0.00,0.00,0.00,10.00
36238.00,-2.84,-1.16,-1.44,0.01,-0.00,-0.01,0.00,0.00,0.00,-0.00,0.00,0.00,-0.00,0.01,0.00,10.00
36248.00,-2.84,-1.16,-1.44,0.01,-0.00,-0.01,0.00,0.00,0.00,-0.00,0.00,0.00,-0.01,0.00,0.00,10.00
36258.00,-2.84,-1.16,-1.44,0.01,-0.00,-0.01,0.00,0.00,0.00,-0.00,0.00,0.00,-0.01,0.00,-0.00,10.00
36268.00,-2.84,-1.17,-1.44,-0.00,-0.01,-0.01,-1.10,-0.60,-0.60,-0.00,0.00,0.00,-0.00,0.00,-0.00,15.00
36283.00,-2.84,-1.17,-1.44,-0.00,-0.01,-0.01,0.00,0.00,0.00,-0.00,0.00,0.00,-0.01,0.00,-0.00,10.00
36293.00,-2.84,-1.17,-1.44,-0.00,-0.01,-0.01,0.00,0.00,0.00,-0.00,0.00,0.00,-0.01,-0.01,0.00,10.00
36307.00,-2.84,-1.17,-1.44,-0.00,-0.03,-0.01,0.14,-1.57,0.57,-0.00,0.00,0.00,-0.00,0.00,0.00,20.00
36327.00,-2.84,-1.17,-1.44,-0.00,-0.03,-0.01,0.00,0.00,0.00,-0.00,0.00,0.00,-0.00,0.00,0.00,10.00
36337.00,-2.84,-1.17,-1.44,-0.00,-0.03,-0.01,0.00,0.00,0.00,-0.00,0.00,0.00,-0.01,-0.00,-0.01,10.00
36347.00,-2.84,-1.17,-1.44,-0.00,-0.03,-0.01,0.00,0.00,0.00,-0.00,0.00,0.00,0.00,-0.00,0.00,10.00
36357.00,-2.84,-1.17,-1.44,-0.00,-0.03,-0.01,0.00,0.00,0.00,-0.00,0.00,0.00,0.01,-0.00,-0.00,10.00
36367.00,-2.85,-1.16,-1.44,-0.02,0.04,-0.00,-1.60,6.50,0.10,-0.00,0.00,0.00,0.00,-0.00,0.00,16.00
36383.00,-2.85,-1.16,-1.44,-0.02,0.04,-0.00,0.00,0.00,0.00,-0.00,0.00,0.00,-0.00,0.00,0.00,10.00
36393.00,-2.85,-1.16,-1.44,-0.02,0.04,-0.00,0.00,0.00,0.00,-0.00,0.00,0.00,0.00,0.00,0.00,10.00
36403.00,-2.85,-1.16,-1.44,-0.03,0.00,-0.00,-1.00,-3.20,0.20,-0.00,0.00,0.00,0.01,0.00,0.00,16.00
36419.00,-2.85,-1.16,-1.44,-0.03,0.00,-0.00,0.00,0.00,0.00,-0.00,0.00,0.00,0.00,-0.00,0.00,10.00
36439.00,-2.85,-1.16,-1.44,-0.03,0.00,-0.00,0.00,0.00,0.00,-0.00,-0.00,0.00,-0.00,-0.01,0.00,10.00
36449.00,-2.85,-1.16,-1.44,-0.03,0.00,-0.00,0.00,0.00,0.00,-0.00,-0.00,0.00,-0.00,-0.00,-0.00,10.00
36459.00,-2.86,-1.16,-1.43,-0.02,0.00,-0.01,0.30,-0.40,-0.70,-0.00,-0.00,0.00,-0.00,0.00,0.00,18.00
36477.00,-2.86,-1.16,-1.43,-0.02,0.00,-0.01,0.00,0.00,0.00,-0.00,-0.00,0.00,-0.00,0.00,0.00,10.00
36487.00,-2.86,-1.16,-1.43,-0.02,0.00,-0.01,0.00,0.00,0.00,-0.00,-0.00,0.00,-0.00,-0.00,0.00,10.00
36497.00,-2.86,-1.16,-1.43,-0.02,0.00,-0.01,0.00,0.00,0.00,-0.00,-0.00,0.00,0.00,0.00,-0.00,10.00
36507.00,-2.85,-1.17,-1.43,0.01,-0.01,-0.01,3.80,-1.30,0.20,-0.00,0.00,0.00,0.00,0.00,-0.00,18.00
36525.00,-2.85,-1.17,-1.43,0.01,-0.01,-0.01,0.00,0.00,0.00,-0.00,0.00,0.00,-0.01,0.00,0.00,10.00
36535.00,-2.85,-1.17,-1.43,0.01,-0.01,-0.01,0.00,0.00,0.00,-0.00,0.00,0.00,0.00,-0.00,0.00,10.00
36545.00,-2.85,-1.17,-1.43,0.01,-0.01,-0.01,0.00,0.00,0.00,-0.00,0.00,0.00,0.01,0.00,0.01,10.00
36560.00,-2.86,-1.17,-1.43,-0.02,-0.01,-0.01,-2.47,0.27,-0.07,-0.00,0.00,0.00,0.00,0.00,0.00,18.00
36578.00,-2.86,-1.17,-1.43,-0.02,-0.01,-0.01,0.00,0.00,0.00,-0.00,0.00,0.00,-0.00,-0.00,-0.00,10.00
36588.00,-2.86,-1.17,-1.43,-0.02,-0.01,-0.01,0.00,0.00,0.00,-0.00,0.00,0.00,0.00,-0.00,-0.00,10.00
36598.00,-2.86,-1.17,-1.43,-0.02,-0.01,-0.01,0.00,0.00,0.00,-0.00,0.00,0.00,0.00,0.00,0.00,10.00
36608.00,-2.86,-1.17,-1.42,-0.02,-0.03,-0.01,-0.10,-2.00,0.10,-0.00,0.00,0.00,-0.00,0.00,0.00,19.00
36627.00,-2.86,-1.17,-1.42,-0.02,-0.03,-0.01,0.00,0.00,0.00,-0.00,0.00,0.00,0.00,0.00,0.00,10.00
36637.00,-2.86,-1.17,-1.42,-0.02,-0.03,-0.01,0.00,0.00,0.00,-0.00,0.00,0.00,0.00,-0.00,0.00,10.00
36647.00,-2.86,-1.17,-1.42,-0.02,-0.03,-0.01,0.00,0.00,0.00,-0.00,0.00,0.00,0.00,0.00,-0.00,10.00
36657.00,-2.86,-1.17,-1.42,-0.02,-0.03,-0.01,0.00,0.00,0.00,-0.00,0.00,0.00,-0.00,0.00,-0.00,10.00
36667.00,-2.86,-1.18,-1.43,0.00,0.01,0.01,2.70,3.40,1.40,-0.00,0.00,0.00,-0.00,0.00,-0.00,15.00
36687.00,-2.86,-1.18,-1.43,0.00,0.01,0.01,0.00,0.00,0.00,-0.00,0.00,0.00,0.00,-0.00,0.00,10.00
36697.00,-2.86,-1.18,-1.43,0.00,0.01,0.01,0.00,0.00,0.00,-0.00,0.00,0.00,0.00,-0.00,0.00,10.00
36707.00,-2.86,-1.18,-1.43,0.02,-0.01,0.01,1.60,-1.00,0.10,-0.00,0.00,0.00,-0.00,0.00,0.00,17.00
36724.00,-2.86,-1.18,-1.43,0.02,-0.01,0.01,0.00,0.00,0.00,-0.00,0.00,0.00,0.00,0.00,-0.00,10.00
36734.00,-2.86,-1.18,-1.43,0.02,-0.01,0.01,0.00,0.00,0.00,-0.00,0.00,0.00,0.00,-0.00,-0.00,10.00
36744.00,-2.86,-1.18,-1.43,0.02,-0.01,0.01,0.00,0.00,0.00,-0.00,0.00,0.00,0.00,0.00,0.00,10.00
36754.00,-2.86,-1.18,-1.43,0.02,-0.01,0.01,0.00,0.00,0.00,-0.00,0.00,0.00,-0.00,0.00,0.00,10.00
36764.00,-2.86,-1.18,-1.43,0.03,-0.00,0.00,1.20,0.10,-0.70,-0.00,0.00,0.00,-0.00,0.00,0.00,15.00
36779.00,-2.86,-1.18,-1.43,0.03,-0.00,0.00,0.00,0.00,0.00,-0.00,0.00,0.00,-0.01,0.00,0.00,10.00
36789.00,-2.86,-1.18,-1.43,0.03,-0.00,0.00,0.00,0.00,0.00,-0.00,0.00,0.00,0.00,-0.00,0.00,10.00
36804.00,-2.87,-1.18,-1.42,-0.01,-0.00,0.00,-2.67,0.20,-0.07,-0.00,0.00,0.00,-0.00,0.00,-0.00,16.00
36820.00,-2.87,-1.18,-1.42,-0.01,-0.00,0.00,0.00,0.00,0.00,-0.00,0.00,0.00,0.00,0.00,0.00,10.00
36830.00,-2.87,-1.18,-1.42,-0.01,-0.00,0.00,0.00,0.00,0.00,-0.00,0.00,0.00,0.00,-0.00,0.00,10.00
36840.00,-2.87,-1.18,-1.42,-0.01,-0.00,0.00,0.00,0.00,0.00,-0.00,0.00,0.00,0.00,-0.00,0.00,10.00
36850.00,-2.87,-1.19,-1.42,-0.00,-0.01,0.00,0.80,-1.00,0.10,-0.00,0.00,0.00,-0.00,0.00,0.00,18.00
36868.00,-2.87,-1.19,-1.42,-0.00,-0.01,0.00,0.00,0.00,0.00,-0.00,0.00,0.00,0.00,-0.00,0.00,10.00
36878.00,-2.87,-1.19,-1.42,-0.00,-0.01,0.00,0.00,0.00,0.00,-0.00,0.00,0.00,-0.00,0.00,0.00,10.00
36888.00,-2.87,-1.19,-1.42,-0.00,-0.01,0.00,0.00,0.00,0.00,-0.00,0.00,0.00,0.00,0.00,-0.00,10.00
36898.00,-2.87,-1.19,-1.42,-0.00,-0.01,0.00,0.00,0.00,0.00,-0.00,0.00,0.00,0.00,-0.00,0.00,10.00
36908.00,-2.87,-1.19,-1.42,0.02,0.01,0.00,1.80,1.80,0.30,-0.00,0.00,0.00,-0.00,-0.00,0.00,19.00
36932.00,-2.87,-1.19,-1.42,0.02,0.01,0.00,0.00,0.00,0.00,-0.00,0.00,0.00,0.00,0.00,0.00,10.00
36942.00,-2.87,-1.19,-1.42,0.02,0.01,0.00,0.00,0.00,0.00,-0.00,0.00,0.00,0.00,-0.00,0.00,10.00
36952.00,-2.87,-1.19,-1.42,0.04,0.02,0.01,2.60,1.10,0.30,-0.00,-0.00,0.00,-0.00,-0.00,0.00,17.00
36969.00,-2.87,-1.19,-1.42,0.04,0.02,0.01,0.00,0.00,0.00,-0.00,-0.00,0.00,-0.00,0.00,0.00,10.00
36979.00,-2.87,-1.19,-1.42,0.04,0.02,0.01,0.00,0.00,0.00,-0.00,-0.00,0.00,0.00,-0.00,0.00,10.00
36989.00,-2.87,-1.19,-1.42,0.04,0.02,0.01,0.00,0.00,0.00,-0.00,-0.00,0.00,0.00,-0.00,0.00,10.00
36999.00,-2.87,-1.19,-1.42,0.04,0.02,0.01,0.00,0.00,0.00,-0.00,-0.00,0.00,-0.00,-0.00,-0.00,10.00
37009.00,-2.87,-1.19,-1.42,0.01,-0.01,0.00,-3.20,-2.40,-0.40,-0.00,-0.00,0.00,-0.00,-0.00,0.00,18.00
37027.00,-2.87,-1.19,-1.42,0.01,-0.01,0.00,0.00,0.00,0.00,-0.00,-0.00,0.00,0.00,0.00,-0.00,10.00
37037.00,-2.87,-1.19,-1.42,0.01,-0.01,0.00,0.00,0.00,0.00,-0.00,-0.00,0.00,0.00,-0.00,-0.00,10.00
37052.00,-2.87,-1.19,-1.41,0.04,-0.03,0.00,1.73,-1.60,-0.20,-0.00,-0.00,0.00,0.00,-0.00,-0.00,17.00
37069.00,-2.87,-1.19,-1.41,0.04,-0.03,0.00,0.00,0.00,0.00,-0.00,-0.00,0.00,0.00,0.00,0.00,10.00
37079.00,-2.87,-1.19,-1.41,0.04,-0.03,0.00,0.00,0.00,0.00,-0.00,-0.00,0.00,0.00,0.00,-0.00,10.00
37089.00,-2.87,-1.19,-1.41,0.04,-0.03,0.00,0.00,0.00,0.00,-0.00,-0.00,0.00,-0.01,0.00,-0.01,10.00
37099.00,-2.87,-1.19,-1.41,0.04,-0.03,0.00,0.00,0.00,0.00,-0.00,-0.00,0.00,-0.01,-0.00,0.00,10.00
37109.00,-2.88,-1.19,-1.40,0.01,-0.02,0.00,-2.50,1.40,0.00,-0.00,-0.00,0.00,0.00,-0.01,0.01,20.00
37129.00,-2.88,-1.19,-1.40,0.01,-0.02,0.00,0.00,0.00,0.00,-0.00,-0.00,0.00,-0.00,-0.00,0.00,10.00
37139.00,-2.88,-1.19,-1.40,0.01,-0.02,0.00,0.00,0.00,0.00,-0.00,-0.00,0.00,-0.01,0.01,-0.00,10.00
37149.00,-2.88,-1.19,-1.40,0.01,-0.02,0.00,0.00,0.00,0.00,-0.00,-0.00,0.00,-0.01,0.01,0.00,10.00
37159.00,-2.88,-1.20,-1.41,0.01,0.00,0.01,0.20,1.90,1.00,-0.00,-0.00,0.00,-0.00,0.00,-0.00,19.00
37183.00,-2.88,-1.20,-1.41,0.01,0.00,0.01,0.00,0.00,0.00,-0.00,-0.00,0.00,0.00,-0.01,0.00,10.00
37193.00,-2.88,-1.20,-1.41,0.01,0.00,0.01,0.00,0.00,0.00,-0.00,-0.00,0.00,0.00,-0.00,0.00,10.00
37203.00,-2.88,-1.20,-1.41,0.01,0.00,0.01,0.00,0.00,0.00,-0.00,-0.00,0.00,0.00,0.00,0.00,10.00
37213.00,-2.88,-1.20,-1.41,-0.02,0.01,0.01,-3.60,0.40,-0.40,-0.00,-0.00,0.00,0.00,0.01,-0.00,17.00
37230.00,-2.88,-1.20,-1.41,-0.02,0.01,0.01,0.00,0.00,0.00,-0.00,-0.00,0.00,0.00,0.00,-0.00,10.00
37240.00,-2.88,-1.20,-1.41,-0.02,0.01,0.01,0.00,0.00,0.00,-0.00,-0.00,0.00,0.00,-0.00,-0.00,10.00
37250.00,-2.88,-1.20,-1.41,-0.02,0.01,0.01,0.00,0.00,0.00,-0.00,-0.00,0.00,0.01,-0.00,-0.00,10.00
37260.00,-2.88,-1.20,-1.40,0.02,-0.01,0.00,3.70,-1.60,-0.50,-0.00,-0.00,0.00,0.01,-0.00,0.01,19.00
37279.00,-2.88,-1.20,-1.40,0.02,-0.01,0.00,0.00,0.00,0.00,-0.00,-0.00,0.00,-0.00,0.01,-0.00,10.00
37289.00,-2.88,-1.20,-1.40,0.02,-0.01,0.00,0.00,0.00,0.00,-0.00,0.00,0.00,-0.00,0.00,-0.00,10.00
37304.00,-2.89,-1.20,-1.39,0.00,0.01,-0.00,-0.80,1.13,-0.20,-0.00,0.00,0.00,0.00,0.00,-0.00,17.00
37321.00,-2.89,-1.20,-1.39,0.00,0.01,-0.00,0.00,0.00,0.00,-0.00,0.00,0.00,-0.00,-0.00,-0.00,10.00
37331.00,-2.89,-1.20,-1.39,0.00,0.01,-0.00,0.00,0.00,0.00,-0.00,-0.00,0.00,-0.00,-0.00,-0.00,10.00
37341.00,-2.89,-1.20,-1.39,0.00,0.01,-0.00,0.00,0.00,0.00,-0.00,0.00,0.00,0.00,0.00,0.00,10.00
37351.00,-2.89,-1.20,-1.38,0.00,0.02,-0.01,-0.30,1.60,-0.30,-0.00,0.00,0.00,0.00,0.01,0.00,18.00
37369.00,-2.89,-1.20,-1.38,0.00,0.02,-0.01,0.00,0.00,0.00,-0.00,0.00,0.00,0.00,0.00,-0.00,10.00
37379.00,-2.89,-1.20,-1.38,0.00,0.02,-0.01,0.00,0.00,0.00,-0.00,0.00,0.00,0.00,0.00,0.00,10.00
37389.00,-2.89,-1.20,-1.38,0.00,0.02,-0.01,0.00,0.00,0.00,-0.00,0.00,0.00,0.00,-0.00,0.00,10.00
37399.00,-2.89,-1.21,-1.38,0.03,-0.01,-0.00,2.50,-3.10,0.40,-0.00,0.00,0.00,0.00,0.00,0.00,19.00
37418.00,-2.89,-1.21,-1.38,0.03,-0.01,-0.00,0.00,0.00,0.00,-0.00,0.00,0.00,0.00,0.00,0.00,10.00
37438.00,-2.89,-1.21,-1.38,0.03,-0.01,-0.00,0.00,0.00,0.00,-0.00,0.00,0.00,-0.00,0.00,-0.00,10.00
37448.00,-2.89,-1.21,-1.38,0.03,-0.01,-0.00,0.00,0.00,0.00,-0.00,0.00,0.00,0.00,0.00,0.00,10.00
37458.00,-2.89,-1.21,-1.39,0.04,0.01,0.01,1.40,1.90,0.70,-0.00,0.00,0.00,0.00,-0.00,0.00,18.00
37476.00,-2.89,-1.21,-1.39,0.04,0.01,0.01,0.00,0.00,0.00,-0.00,0.00,0.00,-0.00,0.00,0.00,10.00
37486.00,-2.89,-1.21,-1.39,0.04,0.01,0.01,0.00,0.00,0.00,-0.00,0.00,0.00,0.00,0.00,0.00,10.00
37496.00,-2.89,-1.21,-1.39,0.04,0.01,0.01,0.00,0.00,0.00,-0.00,0.00,0.00,0.00,0.01,0.00,10.00
37506.00,-2.91,-1.21,-1.38,-0.01,-0.02,-0.00,-5.10,-3.10,-0.90,-0.00,0.00,0.00,-0.01,0.00,0.00,15.00
37521.00,-2.91,-1.21,-1.38,-0.01,-0.02,-0.00,0.00,0.00,0.00,-0.00,0.00,0.00,-0.00,0.00,-0.00,10.00
37531.00,-2.91,-1.21,-1.38,-0.01,-0.02,-0.00,0.00,0.00,0.00,-0.00,0.00,0.00,0.00,0.00,0.00,10.00
37541.00,-2.91,-1.21,-1.38,-0.01,-0.02,-0.00,0.00,0.00,0.00,-0.00,0.00,0.00,0.00,-0.00,0.00,10.00
37556.00,-2.91,-1.21,-1.37,-0.04,0.02,-0.01,-1.73,2.67,-0.33,-0.00,0.00,0.00,-0.00,0.00,0.00,17.00
37573.00,-2.91,-1.21,-1.37,-0.04,0.02,-0.01,0.00,0.00,0.00,-0.00,0.00,0.00,-0.00,0.00,0.00,10.00
37583.00,-2.91,-1.21,-1.37,-0.04,0.02,-0.01,0.00,0.00,0.00,-0.00,0.00,0.00,0.01,-0.00,0.00,10.00
37593.00,-2.91,-1.21,-1.37,-0.04,0.02,-0.01,0.00,0.00,0.00,-0.00,0.00,0.00,0.00,-0.01,0.00,10.00
37603.00,-2.92,-1.21,-1.36,-0.03,0.02,-0.01,0.60,-0.40,-0.40,-0.00,0.00,0.00,0.00,-0.00,0.00,17.00
37620.00,-2.92,-1.21,-1.36,-0.03,0.02,-0.01,0.00,0.00,0.00,-0.00,0.00,0.00,0.00,0.00,0.00,10.00
37630.00,-2.92,-1.21,-1.36,-0.03,0.02,-0.01,0.00,0.00,0.00,-0.00,0.00,0.00,-0.00,-0.00,0.00,10.00
37640.00,-2.92,-1.21,-1.36,-0.03,0.02,-0.01,0.00,0.00,0.00,-0.00,0.00,0.00,0.00,-0.00,0.00,10.00
37650.00,-2.92,-1.22,-1.37,-0.02,0.03,-0.00,0.90,1.60,0.90,-0.00,0.00,0.00,0.00,0.00,-0.00,19.00
37669.00,-2.92,-1.22,-1.37,-0.02,0.03,-0.00,0.00,0.00,0.00,-0.00,0.00,0.00,0.00,-0.00,0.00,10.00
37684.00,-2.92,-1.22,-1.37,-0.02,0.03,-0.00,0.00,0.00,0.00,-0.00,0.00,0.00,-0.00,0.00,0.00,10.00
37694.00,-2.92,-1.22,-1.37,-0.02,0.03,-0.00,0.00,0.00,0.00,-0.00,0.00,0.00,-0.00,0.01,-0.00,10.00
37704.00,-2.92,-1.23,-1.37,0.01,0.01,0.01,3.50,-2.70,0.90,-0.00,0.00,0.00,-0.00,0.00,-0.00,16.00
37720.00,-2.92,-1.23,-1.37,0.01,0.01,0.01,0.00,0.00,0.00,-0.00,0.00,0.00,0.00,0.00,0.00,10.00
37730.00,-2.92,-1.23,-1.37,0.01,0.01,0.01,0.00,0.00,0.00,-0.00,0.00,0.00,0.01,-0.00,0.00,10.00
37740.00,-2.92,-1.23,-1.37,0.01,0.01,0.01,0.00,0.00,0.00,-0.00,0.00,0.00,0.00,-0.00,-0.00,10.00
37750.00,-2.92,-1.24,-1.36,0.02,-0.04,-0.00,0.80,-4.30,-1.00,-0.00,0.00,0.00,-0.00,0.00,0.00,19.00
37769.00,-2.92,-1.24,-1.36,0.02,-0.04,-0.00,0.00,0.00,0.00,-0.00,0.00,0.00,0.00,-0.00,0.00,10.00
37779.00,-2.92,-1.24,-1.36,0.02,-0.04,-0.00,0.00,0.00,0.00,-0.00,0.00,0.00,0.00,-0.00,0.01,10.00
37789.00,-2.92,-1.24,-1.36,0.02,-0.04,-0.00,0.00,0.00,0.00,-0.00,0.00,0.00,0.00,0.00,0.00,10.00
37804.00,-2.92,-1.23,-1.35,0.01,-0.02,-0.01,-0.60,1.20,-0.53,-0.00,0.00,0.00,-0.00,0.00,-0.00,18.00
37822.00,-2.92,-1.23,-1.35,0.01,-0.02,-0.01,0.00,0.00,0.00,-0.00,0.00,0.00,-0.00,0.00,0.00,10.00
37832.00,-2.92,-1.23,-1.35,0.01,-0.02,-0.01,0.00,0.00,0.00,-0.00,0.00,0.00,0.00,0.00,0.00,10.00
37842.00,-2.92,-1.23,-1.35,0.01,-0.02,-0.01,0.00,0.00,0.00,-0.00,0.00,0.00,-0.00,0.00,0.00,10.00
37852.00,-2.92,-1.23,-1.35,0.01,-0.02,-0.01,0.00,0.00,0.00,-0.00,0.00,0.00,-0.00,0.00,0.00,10.00
37862.00,-2.92,-1.24,-1.35,0.01,0.02,-0.01,0.30,3.70,0.60,-0.00,0.00,0.00,-0.00,-0.00,0.00,17.00
37879.00,-2.92,-1.24,-1.35,0.01,0.02,-0.01,0.00,0.00,0.00,-0.00,0.00,0.00,0.00,0.00,0.00,10.00
37889.00,-2.92,-1.24,-1.35,0.01,0.02,-0.01,0.00,0.00,0.00,-0.00,0.00,0.00,0.00,0.01,0.00,10.00
37899.00,-2.92,-1.24,-1.35,0.01,0.02,-0.01,0.00,0.00,0.00,-0.00,0.00,0.00,-0.00,0.00,-0.00,10.00
37909.00,-2.93,-1.23,-1.35,-0.02,0.01,0.00,-3.20,-1.00,0.70,-0.00,0.00,0.00,-0.00,0.00,0.00,18.00
37932.00,-2.93,-1.23,-1.35,-0.02,0.01,0.00,0.00,0.00,0.00,-0.00,0.00,0.00,0.00,0.00,0.00,10.00
37942.00,-2.93,-1.23,-1.35,-0.02,0.01,0.00,0.00,0.00,0.00,-0.00,0.00,0.00,-0.00,0.00,-0.00,10.00
37952.00,-2.93,-1.23,-1.35,0.00,0.04,-0.00,1.80,3.00,-0.30,-0.00,0.00,0.00,-0.01,0.00,-0.00,18.00
37970.00,-2.93,-1.23,-1.35,0.00,0.04,-0.00,0.00,0.00,0.00,-0.00,0.00,0.00,0.00,0.00,0.00,10.00
37980.00,-2.93,-1.23,-1.35,0.00,0.04,-0.00,0.00,0.00,0.00,-0.00,0.00,0.00,0.00,0.00,0.00,10.00
37990.00,-2.93,-1.23,-1.35,0.00,0.04,-0.00,0.00,0.00,0.00,-0.00,0.00,0.00,-0.00,0.00,0.00,10.00
38000.00,-2.93,-1.23,-1.35,0.00,0.04,-0.00,0.00,0.00,0.00,-0.00,0.00,0.00,-0.00,0.00,0.00,10.00
38010.00,-2.93,-1.24,-1.34,0.00,0.01,-0.01,0.10,-3.30,-0.70,-0.00,0.00,0.00,-0.00,0.00,-0.00,20.00
38030.00,-2.93,-1.24,-1.34,0.00,0.01,-0.01,0.00,0.00,0.00,-0.00,0.00,0.00,-0.00,0.00,-0.00,10.00
38040.00,-2.93,-1.24,-1.34,0.00,0.01,-0.01,0.00,0.00,0.00,-0.00,0.00,0.00,-0.00,-0.00,0.00,10.00
38055.00,-2.93,-1.25,-1.34,-0.00,-0.05,-0.01,-0.13,-3.67,-0.07,-0.00,0.00,0.00,0.00,0.00,0.00,17.00
38072.00,-2.93,-1.25,-1.34,-0.00,-0.05,-0.01,0.00,0.00,0.00,-0.00,0.00,0.00,0.00,0.00,-0.00,10.00
38082.00,-2.93,-1.25,-1.34,-0.00,-0.05,-0.01,0.00,0.00,0.00,-0.00,0.00,0.00,-0.00,0.00,0.00,10.00
38092.00,-2.93,-1.25,-1.34,-0.00,-0.05,-0.01,0.00,0.00,0.00,-0.00,0.00,0.00,0.00,0.00,0.00,10.00
38102.00,-2.93,-1.25,-1.33,0.01,-0.02,-0.01,1.00,3.10,0.10,-0.00,0.00,0.00,0.00,0.00,-0.00,18.00
38120.00,-2.93,-1.25,-1.33,0.01,-0.02,-0.01,0.00,0.00,0.00,-0.00,0.00,0.00,-0.00,0.00,0.00,10.00
38130.00,-2.93,-1.25,-1.33,0.01,-0.02,-0.01,0.00,0.00,0.00,-0.00,0.00,0.00,-0.00,-0.00,0.00,10.00
38140.00,-2.93,-1.25,-1.33,0.01,-0.02,-0.01,0.00,0.00,0.00,-0.00,0.00,0.00,-0.00,-0.00,0.01,10.00
38150.00,-2.93,-1.25,-1.34,0.04,0.03,-0.00,2.70,5.20,0.80,-0.00,0.00,0.00,0.00,-0.00,0.00,19.00
38169.00,-2.93,-1.25,-1.34,0.04,0.03,-0.00,0.00,0.00,0.00,-0.00,0.00,0.00,-0.01,0.00,0.00,10.00
38184.00,-2.93,-1.25,-1.34,0.04,0.03,-0.00,0.00,0.00,0.00,-0.00,0.00,0.00,-0.00,-0.00,0.00,10.00
38194.00,-2.93,-1.25,-1.34,0.04,0.03,-0.00,0.00,0.00,0.00,-0.00,0.00,0.00,0.00,-0.00,-0.00,10.00
38204.00,-2.94,-1.24,-1.33,0.00,0.02,-0.01,-3.30,-1.20,-0.70,-0.00,0.00,0.00,0.00,-0.00,0.00,17.00
38221.00,-2.94,-1.24,-1.33,0.00,0.02,-0.01,0.00,0.00,0.00,-0.00,0.00,0.00,0.01,-0.00,0.00,10.00
38231.00,-2.94,-1.24,-1.33,0.00,0.02,-0.01,0.00,0.00,0.00,-0.00,0.00,0.00,0.00,0.00,0.00,10.00
38241.00,-2.94,-1.24,-1.33,0.00,0.02,-0.01,0.00,0.00,0.00,-0.00,0.00,0.00,0.00,-0.00,-0.00,10.00
38251.00,-2.94,-1.24,-1.33,-0.01,0.01,-0.01,-1.20,-1.50,0.00,-0.00,0.00,0.00,0.00,-0.00,-0.00,19.00
38270.00,-2.94,-1.24,-1.33,-0.01,0.01,-0.01,0.00,0.00,0.00,-0.00,0.00,0.00,-0.00,-0.01,-0.00,10.00
38280.00,-2.94,-1.24,-1.33,-0.01,0.01,-0.01,0.00,0.00,0.00,-0.00,0.00,0.00,0.01,-0.00,0.00,10.00
38290.00,-2.94,-1.24,-1.33,-0.01,0.01,-0.01,0.00,0.00,0.00,-0.00,0.00,0.00,0.01,0.00,-0.00,10.00
38305.00,-2.94,-1.25,-1.33,-0.02,0.01,-0.00,-1.00,0.07,0.47,-0.00,0.00,0.00,-0.00,0.00,-0.00,17.00
38322.00,-2.94,-1.25,-1.33,-0.02,0.01,-0.00,0.00,0.00,0.00,-0.00,0.00,0.00,-0.00,0.00,0.00,10.00
38332.00,-2.94,-1.25,-1.33,-0.02,0.01,-0.00,0.00,0.00,0.00,-0.00,0.00,0.00,0.00,0.00,0.00,10.00
38342.00,-2.94,-1.25,-1.33,-0.02,0.01,-0.00,0.00,0.00,0.00,-0.00,0.00,0.00,0.00,0.00,0.00,10.00
38352.00,-2.94,-1.25,-1.33,-0.02,0.01,-0.00,0.00,0.00,0.00,-0.00,0.00,0.00,-0.01,0.00,0.00,10.00
38362.00,-2.94,-1.26,-1.34,0.03,0.00,0.00,5.80,-0.40,0.30,-0.00,0.00,0.00,-0.00,0.00,0.00,18.00
38380.00,-2.94,-1.26,-1.34,0.03,0.00,0.00,0.00,0.00,0.00,-0.00,0.00,0.00,0.00,0.00,-0.00,10.00
38390.00,-2.94,-1.26,-1.34,0.03,0.00,0.00,0.00,0.00,0.00,-0.00,0.00,0.00,-0.00,-0.00,0.00,10.00
38400.00,-2.94,-1.25,-1.33,0.03,0.00,-0.00,-0.50,0.10,-0.60,-0.00,0.00,0.00,0.00,0.00,0.00,18.00
38418.00,-2.94,-1.25,-1.33,0.03,0.00,-0.00,0.00,0.00,0.00,-0.00,0.00,0.00,0.00,-0.00,0.00,10.00
38433.00,-2.94,-1.25,-1.33,0.03,0.00,-0.00,0.00,0.00,0.00,-0.00,0.00,0.00,0.00,-0.00,0.00,10.00
38443.00,-2.94,-1.25,-1.33,0.03,0.00,-0.00,0.00,0.00,0.00,-0.00,0.00,0.00,-0.00,-0.00,0.00,10.00
38453.00,-2.94,-1.25,-1.32,0.03,0.00,-0.01,0.40,-0.20,-0.10,-0.00,0.00,0.00,0.00,-0.00,0.00,18.00
38471.00,-2.94,-1.25,-1.32,0.03,0.00,-0.01,0.00,0.00,0.00,-0.00,0.00,0.00,0.00,-0.00,-0.00,10.00
38481.00,-2.94,-1.25,-1.32,0.03,0.00,-0.01,0.00,0.00,0.00,-0.00,0.00,0.00,-0.00,-0.00,-0.00,10.00
38491.00,-2.94,-1.25,-1.32,0.03,0.00,-0.01,0.00,0.00,0.00,-0.00,0.00,0.00,-0.00,-0.01,0.00,10.00
38501.00,-2.95,-1.26,-1.32,-0.03,-0.03,-0.01,-6.10,-3.00,-0.20,-0.00,0.00,0.00,-0.00,-0.00,0.00,19.00
38520.00,-2.95,-1.26,-1.32,-0.03,-0.03,-0.01,0.00,0.00,0.00,-0.00,0.00,0.00,-0.00,0.00,0.00,10.00
38530.00,-2.95,-1.26,-1.32,-0.03,-0.03,-0.01,0.00,0.00,0.00,-0.00,0.00,0.00,-0.00,0.00,-0.00,10.00
38540.00,-2.95,-1.26,-1.32,-0.03,-0.03,-0.01,0.00,0.00,0.00,-0.00,0.00,0.00,-0.00,0.00,0.00,10.00
38560.00,-2.95,-1.26,-1.31,-0.04,-0.01,-0.01,-0.50,1.10,-0.15,-0.00,0.00,0.00,0.00,-0.00,0.00,19.00
38579.00,-2.95,-1.26,-1.31,-0.04,-0.01,-0.01,0.00,0.00,0.00,-0.00,0.00,0.00,0.00,-0.00,-0.00,10.00
38589.00,-2.95,-1.26,-1.31,-0.04,-0.01,-0.01,0.00,0.00,0.00,-0.00,0.00,0.00,0.00,-0.00,0.00,10.00
38599.00,-2.95,-1.26,-1.31,-0.04,-0.01,-0.01,0.00,0.00,0.00,-0.00,0.00,0.00,0.01,-0.00,0.00,10.00
38609.00,-2.96,-1.26,-1.31,-0.03,0.00,-0.01,0.50,1.00,0.10,-0.00,0.00,0.00,0.01,0.00,0.00,16.00
38625.00,-2.96,-1.26,-1.31,-0.03,0.00,-0.01,0.00,0.00,0.00,-0.00,0.00,0.00,0.00,0.00,0.00,10.00
38635.00,-2.96,-1.26,-1.31,-0.03,0.00,-0.01,0.00,0.00,0.00,-0.00,0.00,0.00,0.00,0.00,0.00,10.00
38645.00,-2.96,-1.26,-1.31,-0.03,0.00,-0.01,0.00,0.00,0.00,-0.00,0.00,0.00,0.00,0.00,0.00,10.00
38655.00,-2.95,-1.26,-1.32,0.01,-0.01,-0.00,4.10,-1.50,0.80,-0.00,0.00,0.00,0.00,0.00,-0.00,17.00
38672.00,-2.95,-1.26,-1.32,0.01,-0.01,-0.00,0.00,0.00,0.00,-0.00,0.00,0.00,-0.01,0.00,0.00,10.00
38687.00,-2.95,-1.26,-1.32,0.01,-0.01,-0.00,0.00,0.00,0.00,-0.00,0.00,0.00,0.00,-0.01,0.00,10.00
38697.00,-2.95,-1.26,-1.32,0.01,-0.01,-0.00,0.00,0.00,0.00,-0.00,0.00,0.00,0.00,-0.00,0.00,10.00
38707.00,-2.95,-1.26,-1.32,0.02,-0.02,-0.00,0.90,-0.60,0.00,-0.00,0.00,0.00,-0.00,0.00,-0.00,16.00
38723.00,-2.95,-1.26,-1.32,0.02,-0.02,-0.00,0.00,0.00,0.00,-0.00,0.00,0.00,-0.00,-0.00,-0.00,10.00
38733.00,-2.95,-1.26,-1.32,0.02,-0.02,-0.00,0.00,0.00,0.00,-0.00,0.00,0.00,0.00,-0.00,0.00,10.00
38743.00,-2.95,-1.26,-1.32,0.02,-0.02,-0.00,0.00,0.00,0.00,-0.00,0.00,0.00,0.00,0.00,0.00,10.00
38753.00,-2.95,-1.26,-1.32,0.02,-0.02,-0.00,0.00,0.00,0.00,-0.00,0.00,0.00,0.01,0.01,0.00,10.00
38763.00,-2.96,-1.26,-1.31,0.02,-0.01,-0.01,0.10,0.70,-0.50,-0.00,0.00,0.00,0.00,0.00,0.00,18.00
38781.00,-2.96,-1.26,-1.31,0.02,-0.01,-0.01,0.00,0.00,0.00,-0.00,0.00,0.00,0.00,-0.00,0.00,10.00
38791.00,-2.96,-1.26,-1.31,0.02,-0.01,-0.01,0.00,0.00,0.00,-0.00,0.00,0.00,0.01,0.00,0.00,10.00
38806.00,-2.96,-1.26,-1.31,-0.02,0.02,-0.01,-2.73,1.67,-0.07,-0.00,0.00,0.00,0.00,0.00,0.00,17.00
38823.00,-2.96,-1.26,-1.31,-0.02,0.02,-0.01,0.00,0.00,0.00,-0.00,0.00,0.00,0.00,-0.00,-0.00,10.00
38833.00,-2.96,-1.26,-1.31,-0.02,0.02,-0.01,0.00,0.00,0.00,-0.00,0.00,0.00,0.00,-0.00,-0.00,10.00
38843.00,-2.96,-1.26,-1.31,-0.02,0.02,-0.01,0.00,0.00,0.00,-0.00,0.00,0.00,0.00,-0.00,0.00,10.00
38853.00,-2.96,-1.27,-1.32,-0.02,-0.02,0.00,0.60,-3.60,0.90,-0.00,0.00,0.00,0.00,-0.00,0.00,18.00
38871.00,-2.96,-1.27,-1.32,-0.02,-0.02,0.00,0.00,0.00,0.00,-0.00,0.00,0.00,-0.00,0.00,-0.00,10.00
38881.00,-2.96,-1.27,-1.32,-0.02,-0.02,0.00,0.00,0.00,0.00,-0.00,0.00,0.00,0.00,0.00,0.00,10.00
38891.00,-2.96,-1.27,-1.32,-0.02,-0.02,0.00,0.00,0.00,0.00,-0.00,0.00,0.00,0.00,-0.00,0.00,10.00
38901.00,-2.96,-1.27,-1.32,-0.02,-0.02,0.00,0.00,0.00,0.00,-0.00,0.00,0.00,-0.00,-0.01,-0.00,10.00
38911.00,-2.96,-1.27,-1.32,0.02,0.01,0.01,3.20,3.20,0.70,-0.00,0.00,0.00,0.00,0.00,-0.00,18.00
38934.00,-2.96,-1.27,-1.32,0.02,0.01,0.01,0.00,0.00,0.00,-0.00,0.00,0.00,0.00,-0.00,-0.00,10.00
38944.00,-2.96,-1.27,-1.32,0.02,0.01,0.01,0.00,0.00,0.00,-0.00,0.00,0.00,0.00,0.00,0.00,10.00
38954.00,-2.97,-1.26,-1.32,-0.03,0.03,0.01,-4.70,2.30,-0.40,-0.00,0.00,0.00,0.01,0.00,0.00,18.00
38972.00,-2.97,-1.26,-1.32,-0.03,0.03,0.01,0.00,0.00,0.00,-0.00,0.00,0.00,0.00,0.00,-0.00,10.00
38982.00,-2.97,-1.26,-1.32,-0.03,0.03,0.01,0.00,0.00,0.00,-0.00,0.00,0.00,0.00,-0.00,-0.00,10.00
38992.00,-2.97,-1.26,-1.32,-0.03,0.03,0.01,0.00,0.00,0.00,-0.00,0.00,0.00,0.00,0.00,0.00,10.00
39002.00,-2.97,-1.26,-1.31,-0.02,0.03,-0.00,1.30,-0.10,-0.90,-0.00,0.00,0.00,0.00,0.00,0.00,19.00
39021.00,-2.97,-1.26,-1.31,-0.02,0.03,-0.00,0.00,0.00,0.00,-0.00,0.00,0.00,0.00,-0.00,0.00,10.00
39031.00,-2.97,-1.26,-1.31,-0.02,0.03,-0.00,0.00,0.00,0.00,-0.00,0.00,0.00,0.00,-0.00,0.01,10.00
39041.00,-2.97,-1.26,-1.31,-0.02,0.03,-0.00,0.00,0.00,0.00,-0.00,0.00,0.00,0.00,0.00,0.00,10.00
39056.00,-2.97,-1.27,-1.31,0.04,-0.01,-0.00,3.87,-2.80,0.07,-0.00,0.00,0.00,-0.00,0.00,-0.00,17.00
39073.00,-2.97,-1.27,-1.31,0.04,-0.01,-0.00,0.00,0.00,0.00,-0.00,0.00,0.00,-0.00,-0.00,-0.00,10.00
39083.00,-2.97,-1.27,-1.31,0.04,-0.01,-0.00,0.00,0.00,0.00,-0.00,0.00,0.00,0.00,-0.00,0.00,10.00
39093.00,-2.97,-1.27,-1.31,0.04,-0.01,-0.00,0.00,0.00,0.00,-0.00,0.00,0.00,0.00,-0.00,0.00,10.00
39103.00,-2.97,-1.26,-1.30,-0.01,0.01,0.00,-5.20,1.50,0.40,-0.00,0.00,0.00,0.00,0.00,0.00,18.00
39121.00,-2.97,-1.26,-1.30,-0.01,0.01,0.00,0.00,0.00,0.00,-0.00,0.00,0.00,0.00,-0.00,0.00,10.00
39131.00,-2.97,-1.26,-1.30,-0.01,0.01,0.00,0.00,0.00,0.00,-0.00,0.00,0.00,0.00,-0.00,-0.00,10.00
39141.00,-2.97,-1.26,-1.30,-0.01,0.01,0.00,0.00,0.00,0.00,-0.00,0.00,0.00,0.01,-0.00,0.00,10.00
39151.00,-2.97,-1.26,-1.30,-0.01,0.01,0.00,0.00,0.00,0.00,-0.00,0.00,0.00,0.00,-0.00,0.00,10.00
39161.00,-2.98,-1.26,-1.30,-0.05,0.00,-0.00,-3.80,-0.50,-0.30,-0.00,0.00,0.00,0.00,-0.00,0.00,17.00
39182.00,-2.98,-1.26,-1.30,-0.05,0.00,-0.00,0.00,0.00,0.00,-0.00,0.00,0.00,0.01,0.00,0.01,10.00
39192.00,-2.98,-1.26,-1.30,-0.05,0.00,-0.00,0.00,0.00,0.00,-0.00,0.00,0.00,-0.00,-0.00,0.00,10.00
39202.00,-2.98,-1.26,-1.30,-0.02,0.07,-0.00,3.00,6.60,0.00,-0.00,0.00,0.00,-0.00,-0.00,-0.00,17.00
39219.00,-2.98,-1.26,-1.30,-0.02,0.07,-0.00,0.00,0.00,0.00,-0.00,-0.00,0.00,0.00,-0.00,-0.00,10.00
39229.00,-2.98,-1.26,-1.30,-0.02,0.07,-0.00,0.00,0.00,0.00,-0.00,0.00,0.00,0.00,0.00,0.00,10.00
39239.00,-2.98,-1.26,-1.30,-0.02,0.07,-0.00,0.00,0.00,0.00,-0.00,0.00,0.00,0.00,0.00,0.00,10.00
39249.00,-2.98,-1.26,-1.30,-0.02,0.07,-0.00,0.00,0.00,0.00,-0.00,0.00,0.00,-0.00,0.00,0.00,10.00
39259.00,-2.98,-1.27,-1.29,-0.01,0.01,-0.01,1.50,-6.10,-0.40,-0.00,0.00,0.00,0.00,0.00,0.00,15.00
39274.00,-2.98,-1.27,-1.29,-0.01,0.01,-0.01,0.00,0.00,0.00,-0.00,0.00,0.00,-0.00,0.00,-0.00,10.00
39284.00,-2.98,-1.27,-1.29,-0.01,0.01,-0.01,0.00,0.00,0.00,-0.00,0.00,0.00,-0.00,-0.00,-0.00,10.00
39299.00,-2.98,-1.27,-1.29,-0.01,0.01,-0.01,0.00,0.00,0.00,-0.00,0.00,0.00,-0.00,-0.00,-0.00,10.00
39309.00,-2.98,-1.27,-1.29,-0.00,-0.04,-0.01,0.40,-4.20,0.10,-0.00,0.00,0.00,-0.00,0.00,-0.00,15.00
39324.00,-2.98,-1.27,-1.29,-0.00,-0.04,-0.01,0.00,0.00,0.00,-0.00,0.00,0.00,0.00,-0.00,-0.00,10.00
39334.00,-2.98,-1.27,-1.29,-0.00,-0.04,-0.01,0.00,0.00,0.00,-0.00,0.00,0.00,0.00,-0.00,0.00,10.00
39344.00,-2.98,-1.27,-1.29,-0.00,-0.04,-0.01,0.00,0.00,0.00,-0.00,0.00,0.00,0.00,-0.00,0.00,10.00
39354.00,-2.99,-1.28,-1.28,0.01,-0.03,-0.01,1.40,0.80,-0.20,-0.00,0.00,0.00,0.00,0.00,-0.00,18.00
39372.00,-2.99,-1.28,-1.28,0.01,-0.03,-0.01,0.00,0.00,0.00,-0.00,0.00,0.00,-0.00,0.00,-0.00,10.00
39382.00,-2.99,-1.28,-1.28,0.01,-0.03,-0.01,0.00,0.00,0.00,-0.00,0.00,0.00,-0.00,0.00,-0.00,10.00
39392.00,-2.99,-1.28,-1.28,0.01,-0.03,-0.01,0.00,0.00,0.00,-0.00,0.00,0.00,0.00,0.01,0.00,10.00
39402.00,-2.99,-1.28,-1.29,0.01,0.02,0.00,-0.40,5.10,0.80,-0.00,0.00,0.00,0.00,0.00,0.00,17.00
39423.00,-2.99,-1.28,-1.29,0.01,0.02,0.00,0.00,0.00,0.00,-0.00,0.00,0.00,-0.00,-0.00,-0.00,10.00
39433.00,-2.99,-1.28,-1.29,0.01,0.02,0.00,0.00,0.00,0.00,-0.00,0.00,0.00,0.00,-0.00,0.00,10.00
39443.00,-2.99,-1.28,-1.29,0.01,0.02,0.00,0.00,0.00,0.00,-0.00,0.00,0.00,0.00,-0.00,-0.01,10.00
39453.00,-2.99,-1.29,-1.29,0.02,-0.02,0.01,0.70,-3.90,0.60,-0.00,0.00,0.00,-0.00,-0.00,-0.00,19.00
39472.00,-2.99,-1.29,-1.29,0.02,-0.02,0.01,0.00,0.00,0.00,-0.00,-0.00,0.00,-0.00,-0.00,0.00,10.00
39482.00,-2.99,-1.29,-1.29,0.02,-0.02,0.01,0.00,0.00,0.00,-0.00,-0.00,0.00,0.00,-0.00,0.00,10.00
39492.00,-2.99,-1.29,-1.29,0.02,-0.02,0.01,0.00,0.00,0.00,-0.00,-0.00,0.00,0.00,0.00,0.00,10.00
39502.00,-2.99,-1.29,-1.29,0.02,-0.02,0.01,0.00,0.00,0.00,-0.00,-0.00,0.00,-0.00,0.00,-0.00,10.00
39512.00,-2.99,-1.29,-1.28,0.04,-0.04,0.01,2.60,-2.80,-0.10,-0.00,-0.00,0.00,-0.01,-0.00,-0.00,18.00
39530.00,-2.99,-1.29,-1.28,0.04,-0.04,0.01,0.00,0.00,0.00,-0.00,-0.00,0.00,0.00,-0.00,-0.00,10.00
39550.00,-2.99,-1.29,-1.28,0.04,-0.04,0.01,0.00,0.00,0.00,-0.00,-0.00,0.00,-0.00,0.00,-0.00,10.00
39560.00,-2.99,-1.29,-1.27,0.02,-0.04,-0.00,-1.70,0.90,-0.80,-0.00,-0.00,0.00,-0.00,0.00,0.00,15.00
39575.00,-2.99,-1.29,-1.27,0.02,-0.04,-0.00,0.00,0.00,0.00,-0.00,-0.00,0.00,0.00,-0.00,-0.00,10.00
39585.00,-2.99,-1.29,-1.27,0.02,-0.04,-0.00,0.00,0.00,0.00,-0.00,-0.00,0.00,0.01,0.00,0.00,10.00
39595.00,-2.99,-1.29,-1.27,0.02,-0.04,-0.00,0.00,0.00,0.00,-0.00,-0.00,0.00,-0.00,-0.00,-0.00,10.00
39605.00,-3.01,-1.28,-1.26,-0.01,0.03,-0.01,-3.70,6.30,-1.10,-0.00,-0.00,0.00,-0.00,-0.00,-0.00,18.00
39623.00,-3.01,-1.28,-1.26,-0.01,0.03,-0.01,0.00,0.00,0.00,-0.00,-0.00,0.00,0.01,-0.01,0.00,10.00
39633.00,-3.01,-1.28,-1.26,-0.01,0.03,-0.01,0.00,0.00,0.00,-0.00,-0.00,0.00,0.00,0.00,0.00,10.00
39643.00,-3.01,-1.28,-1.26,-0.01,0.03,-0.01,0.00,0.00,0.00,-0.00,-0.00,0.00,-0.01,0.00,-0.00,10.00
39653.00,-3.01,-1.28,-1.26,-0.01,0.03,-0.01,0.00,0.00,0.00,-0.00,-0.00,0.00,-0.00,0.01,-0.00,10.00
39668.00,-3.01,-1.29,-1.27,-0.02,0.02,-0.00,-0.53,-0.87,0.80,-0.00,-0.00,0.00,0.00,0.00,-0.00,17.00
39685.00,-3.01,-1.29,-1.27,-0.02,0.02,-0.00,0.00,0.00,0.00,-0.00,-0.00,0.00,0.00,-0.00,-0.00,10.00
39695.00,-3.01,-1.29,-1.27,-0.02,0.02,-0.00,0.00,0.00,0.00,-0.00,-0.00,0.00,-0.00,-0.00,0.00,10.00
39705.00,-3.01,-1.29,-1.26,-0.02,0.02,-0.01,0.20,0.40,-0.80,-0.00,-0.00,0.00,-0.00,0.00,0.00,18.00
39723.00,-3.01,-1.29,-1.26,-0.02,0.02,-0.01,0.00,0.00,0.00,-0.00,-0.00,0.00,0.00,0.00,0.00,10.00
39733.00,-3.01,-1.29,-1.26,-0.02,0.02,-0.01,0.00,0.00,0.00,-0.00,-0.00,0.00,-0.00,0.00,0.00,10.00
39743.00,-3.01,-1.29,-1.26,-0.02,0.02,-0.01,0.00,0.00,0.00,-0.00,-0.00,0.00,-0.00,0.00,0.00,10.00
39753.00,-3.01,-1.28,-1.25,0.01,0.06,-0.02,3.10,3.60,-0.70,-0.00,-0.00,0.00,0.00,-0.00,-0.00,17.00
39770.00,-3.01,-1.28,-1.25,0.01,0.06,-0.02,0.00,0.00,0.00,-0.00,-0.00,0.00,0.01,-0.00,0.00,10.00
39780.00,-3.01,-1.28,-1.25,0.01,0.06,-0.02,0.00,0.00,0.00,-0.00,-0.00,0.00,0.00,0.00,0.00,10.00
39794.00,-3.01,-1.28,-1.25,0.01,0.06,-0.02,0.00,0.00,0.00,-0.00,-0.00,0.00,-0.00,0.01,0.00,10.00
39804.00,-3.01,-1.28,-1.25,0.01,0.06,-0.02,0.00,0.00,0.00,-0.00,-0.00,0.00,0.00,0.00,0.00,10.00
39814.00,-3.01,-1.28,-1.25,0.01,0.06,-0.02,0.00,0.00,0.00,-0.00,-0.00,0.00,0.00,-0.00,0.00,10.00
39824.00,-3.01,-1.28,-1.25,0.01,0.06,-0.02,0.00,0.00,0.00,-0.00,-0.00,0.00,0.00,-0.00,0.00,10.00
39834.00,-3.01,-1.30,-1.25,0.02,-0.02,-0.02,0.60,-7.70,0.10,-0.00,-0.00,0.00,0.00,-0.01,0.00,19.00
39853.00,-3.01,-1.30,-1.25,0.04,-0.00,-0.02,1.00,1.05,0.00,-0.00,-0.00,0.00,-0.00,0.01,-0.00,17.00
39870.00,-3.01,-1.30,-1.25,0.04,-0.00,-0.02,0.00,0.00,0.00,-0.00,0.00,0.00,0.00,0.01,0.00,10.00
39880.00,-3.01,-1.30,-1.25,0.04,-0.00,-0.02,0.00,0.00,0.00,-0.00,0.00,0.00,-0.00,0.00,0.00,10.00
39890.00,-3.01,-1.30,-1.25,0.04,-0.00,-0.02,0.00,0.00,0.00,-0.00,0.00,0.00,-0.00,-0.00,0.00,10.00
39900.00,-3.01,-1.30,-1.25,0.04,-0.00,-0.02,0.00,0.00,0.00,-0.00,0.00,0.00,0.00,-0.00,0.00,10.00
39915.00,-3.01,-1.31,-1.26,0.02,-0.00,-0.00,-1.13,0.00,0.73,-0.00,-0.00,0.00,-0.00,-0.00,-0.00,20.00
39935.00,-3.01,-1.31,-1.26,0.02,-0.00,-0.00,0.00,0.00,0.00,-0.00,0.00,0.00,-0.00,0.01,0.00,10.00
39945.00,-3.01,-1.31,-1.26,0.02,-0.00,-0.00,0.00,0.00,0.00,-0.00,0.00,0.00,0.00,0.00,0.00,10.00
39955.00,-3.01,-1.31,-1.26,0.02,-0.00,-0.00,0.00,0.00,0.00,-0.00,0.00,0.00,-0.00,-0.00,0.00,10.00
39965.00,-3.02,-1.31,-1.26,-0.01,-0.00,-0.00,-2.90,-0.20,0.10,-0.00,0.00,0.00,0.00,-0.00,0.00,18.00
39983.00,-3.02,-1.31,-1.26,-0.01,-0.00,-0.00,0.00,0.00,0.00,-0.00,0.00,0.00,0.00,0.00,-0.00,10.00
39993.00,-3.02,-1.31,-1.26,-0.01,-0.00,-0.00,0.00,0.00,0.00,-0.00,0.00,0.00,-0.00,-0.00,-0.00,10.00
40003.00,-3.02,-1.30,-1.24,-0.03,0.10,-0.01,-2.00,10.00,-0.70,-0.00,0.00,0.00,0.00,0.01,-0.00,18.00
40021.00,-3.02,-1.30,-1.24,-0.03,0.10,-0.01,0.00,0.00,0.00,-0.00,0.00,0.00,0.00,0.00,0.01,10.00
40031.00,-3.02,-1.30,-1.24,-0.03,0.10,-0.01,0.00,0.00,0.00,-0.00,0.00,0.00,-0.00,0.00,0.00,10.00
40046.00,-3.02,-1.30,-1.24,-0.03,0.10,-0.01,0.00,0.00,0.00,-0.00,0.00,0.00,0.00,-0.00,0.00,10.00
40056.00,-3.02,-1.30,-1.24,-0.03,0.10,-0.01,0.00,0.00,0.00,-0.00,0.00,0.00,0.00,0.00,0.00,10.00
40066.00,-3.03,-1.29,-1.21,-0.05,0.03,-0.03,-1.70,-6.20,-2.00,-0.00,0.00,0.00,-0.00,0.00,-0.00,18.00
40084.00,-3.03,-1.29,-1.21,-0.05,0.03,-0.03,0.00,0.00,0.00,-0.00,0.00,0.00,0.00,0.00,0.00,10.00
40094.00,-3.03,-1.29,-1.21,-0.05,0.03,-0.03,0.00,0.00,0.00,-0.00,0.00,0.00,-0.00,-0.00,0.00,10.00
40104.00,-3.03,-1.30,-1.23,0.03,0.03,-0.02,8.00,-0.20,1.40,-0.00,0.00,0.00,0.00,0.00,0.00,19.00
40123.00,-3.03,-1.30,-1.23,0.03,0.03,-0.02,0.00,0.00,0.00,-0.00,0.00,0.00,0.00,0.00,-0.00,10.00
40133.00,-3.03,-1.30,-1.23,0.03,0.03,-0.02,0.00,0.00,0.00,-0.00,0.00,0.00,-0.00,0.00,-0.00,10.00
40143.00,-3.03,-1.30,-1.23,0.03,0.03,-0.02,0.00,0.00,0.00,-0.00,0.00,0.00,-0.00,0.00,-0.00,10.00
40153.00,-3.03,-1.30,-1.22,0.01,0.02,-0.02,-2.50,-1.00,-0.60,-0.00,0.00,0.00,0.00,0.00,0.00,18.00
40176.00,-3.03,-1.30,-1.22,0.01,0.02,-0.02,0.00,0.00,0.00,-0.00,0.00,0.00,0.00,0.00,0.00,10.00
40186.00,-3.03,-1.30,-1.22,0.01,0.02,-0.02,0.00,0.00,0.00,-0.00,0.00,0.00,-0.00,0.00,-0.00,10.00
40196.00,-3.03,-1.30,-1.22,0.01,0.02,-0.02,0.00,0.00,0.00,-0.00,0.00,0.00,0.00,0.00,-0.00,10.00
40206.00,-3.02,-1.32,-1.24,0.04,-0.04,-0.01,3.20,-5.90,1.70,-0.00,0.00,0.00,0.00,0.00,-0.00,18.00
40224.00,-3.02,-1.32,-1.24,0.04,-0.04,-0.01,0.00,0.00,0.00,-0.00,0.00,0.00,-0.00,-0.01,-0.00,10.00
40234.00,-3.02,-1.32,-1.24,0.04,-0.04,-0.01,0.00,0.00,0.00,-0.00,0.00,0.00,-0.00,-0.01,0.00,10.00
40244.00,-3.02,-1.32,-1.24,0.04,-0.04,-0.01,0.00,0.00,0.00,-0.00,0.00,0.00,0.00,0.00,0.00,10.00
40254.00,-3.03,-1.32,-1.23,-0.01,-0.06,-0.01,-4.80,-2.30,-0.40,-0.00,0.00,0.00,0.00,-0.00,0.01,18.00
40272.00,-3.03,-1.32,-1.23,-0.01,-0.06,-0.01,0.00,0.00,0.00,-0.00,0.00,0.00,-0.01,0.00,-0.00,10.00
40282.00,-3.03,-1.32,-1.23,-0.01,-0.06,-0.01,0.00,0.00,0.00,-0.00,0.00,0.00,0.00,-0.00,0.00,10.00
40297.00,-3.03,-1.32,-1.23,-0.01,-0.06,-0.01,0.00,0.00,0.00,-0.00,0.00,0.00,0.00,-0.00,0.00,10.00
40307.00,-3.03,-1.32,-1.23,-0.01,-0.06,-0.01,0.00,0.00,0.00,-0.00,0.00,0.00,0.00,-0.00,0.00,10.00
40317.00,-3.04,-1.32,-1.23,-0.04,0.03,-0.01,-3.00,9.40,0.40,-0.00,0.00,0.00,0.00,0.00,0.00,18.00
40335.00,-3.04,-1.32,-1.23,-0.04,0.03,-0.01,0.00,0.00,0.00,-0.00,0.00,0.00,0.00,0.00,0.00,10.00
40345.00,-3.04,-1.32,-1.23,-0.04,0.03,-0.01,0.00,0.00,0.00,-0.00,0.00,0.00,0.00,0.00,-0.00,10.00
40355.00,-3.04,-1.32,-1.23,-0.04,0.03,-0.01,0.00,0.00,0.00,-0.00,0.00,0.00,0.00,0.00,-0.00,10.00
40365.00,-3.04,-1.31,-1.22,-0.06,0.10,-0.01,-2.40,7.00,-0.50,-0.00,0.00,0.00,0.00,0.00,0.00,18.00
40383.00,-3.04,-1.31,-1.22,-0.06,0.10,-0.01,0.00,0.00,0.00,-0.00,0.00,0.00,0.00,0.00,0.00,10.00
40393.00,-3.04,-1.31,-1.22,-0.06,0.10,-0.01,0.00,0.00,0.00,-0.00,0.00,0.00,0.00,0.00,0.00,10.00
40403.00,-3.04,-1.31,-1.22,-0.06,0.10,-0.01,0.00,0.00,0.00,-0.00,0.00,0.00,-0.00,0.00,-0.00,10.00
40418.00,-3.04,-1.32,-1.21,-0.01,0.06,-0.01,3.40,-2.73,-0.20,-0.00,0.00,0.00,-0.00,0.00,-0.00,18.00
40436.00,-3.04,-1.32,-1.21,-0.01,0.06,-0.01,0.00,0.00,0.00,-0.00,0.00,0.00,0.00,-0.00,0.00,10.00
40446.00,-3.04,-1.32,-1.21,-0.01,0.06,-0.01,0.00,0.00,0.00,-0.00,0.00,0.00,0.00,-0.00,0.00,10.00
40456.00,-3.04,-1.32,-1.21,-0.01,0.06,-0.01,0.00,0.00,0.00,-0.00,0.00,0.00,0.00,0.00,0.00,10.00
40466.00,-3.03,-1.33,-1.21,0.10,-0.00,-0.01,11.20,-6.70,0.80,-0.00,0.00,0.00,-0.00,0.00,0.00,18.00
40484.00,-3.03,-1.33,-1.21,0.10,-0.00,-0.01,0.00,0.00,0.00,-0.00,0.00,0.00,0.00,0.00,0.00,10.00
40494.00,-3.03,-1.33,-1.21,0.10,-0.00,-0.01,0.00,0.00,0.00,-0.00,0.00,0.00,-0.00,-0.00,-0.00,10.00
40504.00,-3.04,-1.34,-1.21,0.01,-0.04,-0.00,-9.70,-3.10,0.20,-0.00,0.00,0.00,0.00,-0.00,-0.00,17.00
40521.00,-3.04,-1.34,-1.21,0.01,-0.04,-0.00,0.00,0.00,0.00,-0.00,0.00,0.00,0.00,0.00,0.00,10.00
40531.00,-3.04,-1.34,-1.21,0.01,-0.04,-0.00,0.00,0.00,0.00,-0.00,0.00,0.00,-0.00,-0.00,0.00,10.00
40550.00,-3.04,-1.34,-1.21,0.01,-0.04,-0.00,0.00,0.00,0.00,-0.00,0.00,0.00,0.00,0.00,-0.00,10.00
40560.00,-3.04,-1.34,-1.21,0.01,-0.04,-0.00,0.00,0.00,0.00,-0.00,0.00,0.00,0.00,-0.00,-0.00,10.00
40570.00,-3.04,-1.35,-1.22,-0.02,0.00,0.01,-2.90,3.60,0.80,-0.00,0.00,0.00,-0.00,-0.00,-0.00,16.00
40586.00,-3.04,-1.35,-1.22,-0.02,0.00,0.01,0.00,0.00,0.00,-0.00,0.00,0.00,0.00,-0.01,0.00,10.00
40596.00,-3.04,-1.35,-1.22,-0.02,0.00,0.01,0.00,0.00,0.00,-0.00,0.00,0.00,-0.00,-0.01,0.00,10.00
40606.00,-3.04,-1.36,-1.21,0.03,0.03,0.00,5.30,2.40,-0.40,-0.00,0.00,0.00,-0.00,0.00,0.00,18.00
40624.00,-3.04,-1.36,-1.21,0.03,0.03,0.00,0.00,0.00,0.00,-0.00,0.00,0.00,-0.00,0.00,-0.00,10.00
40634.00,-3.04,-1.36,-1.21,0.03,0.03,0.00,0.00,0.00,0.00,-0.00,0.00,0.00,0.00,-0.00,-0.00,10.00
40644.00,-3.04,-1.36,-1.21,0.03,0.03,0.00,0.00,0.00,0.00,-0.00,0.00,0.00,0.00,0.00,-0.00,10.00
40654.00,-3.05,-1.35,-1.19,-0.01,0.03,-0.02,-4.00,0.80,-1.60,-0.00,0.00,0.00,-0.00,0.00,-0.00,16.00
40675.00,-3.05,-1.35,-1.19,-0.01,0.03,-0.02,0.00,0.00,0.00,-0.00,0.00,0.00,-0.00,0.00,0.00,10.00
40685.00,-3.05,-1.35,-1.19,-0.01,0.03,-0.02,0.00,0.00,0.00,-0.00,0.00,0.00,-0.00,0.00,0.00,10.00
40695.00,-3.05,-1.35,-1.19,-0.01,0.03,-0.02,0.00,0.00,0.00,-0.00,0.00,0.00,0.00,0.01,0.00,10.00
40705.00,-3.05,-1.36,-1.19,-0.04,0.04,-0.01,-3.30,0.30,0.10,-0.00,0.00,0.00,0.00,-0.00,-0.00,19.00
40724.00,-3.05,-1.36,-1.19,-0.04,0.04,-0.01,0.00,0.00,0.00,-0.00,0.00,0.00,0.00,-0.00,0.00,10.00
40734.00,-3.05,-1.36,-1.19,-0.04,0.04,-0.01,0.00,0.00,0.00,-0.00,0.00,0.00,-0.00,-0.00,-0.00,10.00
40744.00,-3.05,-1.36,-1.19,-0.04,0.04,-0.01,0.00,0.00,0.00,-0.00,0.00,0.00,0.00,0.00,0.00,10.00
40754.00,-3.05,-1.38,-1.20,0.01,-0.03,0.01,5.80,-6.40,2.10,-0.00,0.00,0.00,0.00,0.00,0.00,19.00
40773.00,-3.05,-1.38,-1.20,0.01,-0.03,0.01,0.00,0.00,0.00,-0.00,0.00,0.00,-0.00,0.00,0.00,10.00
40783.00,-3.05,-1.38,-1.20,0.01,-0.03,0.01,0.00,0.00,0.00,-0.00,0.00,0.00,0.00,-0.00,0.00,10.00
40798.00,-3.05,-1.38,-1.20,0.01,-0.03,0.01,0.00,0.00,0.00,-0.00,0.00,0.00,0.00,0.00,-0.00,10.00
40808.00,-3.05,-1.38,-1.20,0.01,-0.03,0.01,0.00,0.00,0.00,-0.00,0.00,0.00,-0.00,0.00,0.00,10.00
40818.00,-3.05,-1.38,-1.21,0.03,-0.03,0.01,1.40,-0.60,0.60,-0.00,0.00,0.00,0.00,0.01,0.00,17.00
40835.00,-3.05,-1.38,-1.21,0.03,-0.03,0.01,0.00,0.00,0.00,-0.00,0.00,0.00,0.00,0.00,0.00,10.00
40845.00,-3.05,-1.38,-1.21,0.03,-0.03,0.01,0.00,0.00,0.00,-0.00,0.00,0.00,0.00,0.00,0.00,10.00
40855.00,-3.05,-1.38,-1.19,0.03,-0.02,0.00,-0.30,1.20,-1.10,-0.00,0.00,0.00,0.00,0.00,0.00,18.00
40873.00,-3.05,-1.38,-1.19,0.03,-0.02,0.00,0.00,0.00,0.00,-0.00,0.00,0.00,0.00,-0.00,0.00,10.00
40883.00,-3.05,-1.38,-1.19,0.03,-0.02,0.00,0.00,0.00,0.00,-0.00,0.00,0.00,0.00,0.01,0.00,10.00
40893.00,-3.05,-1.38,-1.19,0.03,-0.02,0.00,0.00,0.00,0.00,-0.00,0.00,0.00,0.00,0.00,0.00,10.00
40903.00,-3.05,-1.37,-1.19,0.04,0.04,0.00,1.50,6.10,0.00,-0.00,0.00,0.00,0.00,-0.00,0.00,16.00
40924.00,-3.05,-1.37,-1.19,0.04,0.04,0.00,0.00,0.00,0.00,-0.00,0.00,0.00,0.00,0.00,0.00,10.00
40934.00,-3.05,-1.37,-1.19,0.04,0.04,0.00,0.00,0.00,0.00,-0.00,0.00,0.00,-0.00,0.00,0.00,10.00
40944.00,-3.05,-1.37,-1.19,0.04,0.04,0.00,0.00,0.00,0.00,-0.00,0.00,0.00,-0.00,0.00,-0.00,10.00
40954.00,-3.05,-1.37,-1.19,0.04,0.04,0.00,0.00,0.00,0.00,-0.00,0.00,0.00,-0.00,0.00,-0.00,10.00
40964.00,-3.05,-1.37,-1.18,0.02,-0.03,-0.01,-2.40,-7.00,-1.00,-0.00,0.00,0.00,0.00,0.01,0.00,16.00
40980.00,-3.05,-1.37,-1.18,0.02,-0.03,-0.01,0.00,0.00,0.00,-0.00,0.00,0.00,0.00,0.00,0.00,10.00
40990.00,-3.05,-1.37,-1.18,0.02,-0.03,-0.01,0.00,0.00,0.00,-0.00,0.00,0.00,0.00,0.00,0.00,10.00
41000.00,-3.05,-1.37,-1.18,0.02,-0.03,-0.01,0.00,0.00,0.00,-0.00,0.00,0.00,0.00,0.00,0.00,10.00
41010.00,-3.05,-1.37,-1.18,0.02,-0.03,-0.01,0.00,0.00,0.00,-0.00,0.00,0.00,0.00,0.00,0.00,10.00
41020.00,-3.06,-1.36,-1.17,-0.04,0.00,-0.01,-5.10,3.40,-0.60,-0.00,0.00,0.00,-0.00,0.00,0.00,18.00
41043.00,-3.06,-1.36,-1.17,-0.04,0.00,-0.01,0.00,0.00,0.00,-0.00,0.00,0.00,0.00,-0.00,-0.00,10.00
41053.00,-3.07,-1.35,-1.16,-0.04,0.08,-0.01,-0.60,7.60,0.40,-0.00,0.00,0.00,0.00,0.00,-0.00,16.00
41069.00,-3.07,-1.35,-1.16,-0.04,0.08,-0.01,0.00,0.00,0.00,-0.00,0.00,0.00,-0.00,-0.00,-0.00,10.00
41079.00,-3.07,-1.35,-1.16,-0.04,0.08,-0.01,0.00,0.00,0.00,-0.00,0.00,0.00,-0.00,-0.00,-0.00,10.00
41089.00,-3.07,-1.35,-1.16,-0.04,0.08,-0.01,0.00,0.00,0.00,-0.00,0.00,0.00,-0.00,-0.00,0.00,10.00
41099.00,-3.07,-1.35,-1.16,-0.04,0.08,-0.01,0.00,0.00,0.00,-0.00,0.00,0.00,-0.00,0.00,-0.00,10.00
41109.00,-3.07,-1.35,-1.16,-0.04,0.08,-0.01,0.00,0.00,0.00,-0.00,0.00,0.00,0.00,0.00,-0.00,10.00
41119.00,-3.07,-1.36,-1.16,-0.03,0.00,-0.01,1.20,-7.60,0.00,-0.00,0.00,0.00,0.00,0.00,0.00,18.00
41137.00,-3.07,-1.36,-1.16,-0.03,0.00,-0.01,0.00,0.00,0.00,-0.00,0.00,0.00,-0.00,0.00,0.00,10.00
41147.00,-3.07,-1.36,-1.16,-0.03,0.00,-0.01,0.00,0.00,0.00,-0.00,0.00,0.00,0.00,0.00,0.00,10.00
41162.00,-3.07,-1.36,-1.15,0.01,0.00,-0.01,2.40,-0.13,-0.13,-0.00,0.00,0.00,-0.00,0.00,-0.00,16.00
41178.00,-3.07,-1.36,-1.15,0.01,0.00,-0.01,0.00,0.00,0.00,-0.00,0.00,0.00,-0.00,0.00,0.00,10.00
41188.00,-3.07,-1.36,-1.15,0.01,0.00,-0.01,0.00,0.00,0.00,-0.00,0.00,0.00,0.00,0.00,0.00,10.00
41198.00,-3.07,-1.36,-1.15,0.01,0.00,-0.01,0.00,0.00,0.00,-0.00,0.00,0.00,0.00,-0.00,-0.00,10.00
41208.00,-3.07,-1.37,-1.14,0.01,-0.01,-0.02,0.40,-1.20,-0.40,-0.00,0.00,0.00,-0.00,-0.00,0.00,18.00
41226.00,-3.07,-1.37,-1.14,0.01,-0.01,-0.02,0.00,0.00,0.00,-0.00,0.00,0.00,0.00,-0.00,0.00,10.00
41236.00,-3.07,-1.37,-1.14,0.01,-0.01,-0.02,0.00,0.00,0.00,-0.00,0.00,0.00,0.00,-0.00,0.00,10.00
41246.00,-3.07,-1.37,-1.14,0.01,-0.01,-0.02,0.00,0.00,0.00,-0.00,0.00,0.00,-0.00,0.00,0.00,10.00
41256.00,-3.07,-1.36,-1.14,0.02,0.05,-0.02,0.50,5.80,-0.20,-0.00,0.00,0.00,-0.00,0.00,-0.00,18.00
41274.00,-3.07,-1.36,-1.14,0.02,0.05,-0.02,0.00,0.00,0.00,-0.00,0.00,0.00,-0.00,-0.00,0.00,10.00
41289.00,-3.07,-1.36,-1.14,0.02,0.05,-0.02,0.00,0.00,0.00,-0.00,0.00,0.00,-0.00,0.00,0.00,10.00
41299.00,-3.07,-1.36,-1.14,0.02,0.05,-0.02,0.00,0.00,0.00,-0.00,0.00,0.00,0.00,0.00,0.00,10.00
41309.00,-3.08,-1.37,-1.13,-0.01,0.04,-0.02,-2.80,-0.90,0.30,-0.00,0.00,0.00,0.00,-0.00,0.00,17.00
41326.00,-3.08,-1.37,-1.13,-0.01,0.04,-0.02,0.00,0.00,0.00,-0.00,0.00,0.00,0.00,-0.00,0.00,10.00
41336.00,-3.08,-1.37,-1.13,-0.01,0.04,-0.02,0.00,0.00,0.00,-0.00,0.00,0.00,0.00,0.00,0.00,10.00
41346.00,-3.08,-1.37,-1.13,-0.01,0.04,-0.02,0.00,0.00,0.00,-0.00,0.00,0.00,0.00,-0.00,0.00,10.00
41356.00,-3.08,-1.37,-1.13,-0.01,0.04,-0.02,0.00,0.00,0.00,-0.00,0.00,0.00,-0.00,-0.00,0.00,10.00
41366.00,-3.08,-1.38,-1.12,0.03,-0.00,-0.01,3.80,-4.10,0.20,-0.00,0.00,0.00,0.00,0.00,-0.00,19.00
41385.00,-3.08,-1.38,-1.12,0.03,-0.00,-0.01,0.00,0.00,0.00,-0.00,0.00,0.00,0.00,0.00,0.00,10.00
41395.00,-3.08,-1.38,-1.12,0.03,-0.00,-0.01,0.00,0.00,0.00,-0.00,0.00,0.00,0.00,-0.00,0.00,10.00
41410.00,-3.08,-1.38,-1.12,-0.01,-0.03,-0.01,-2.67,-1.93,0.27,-0.00,0.00,0.00,-0.00,-0.00,-0.00,18.00
41428.00,-3.08,-1.38,-1.12,-0.01,-0.03,-0.01,0.00,0.00,0.00,-0.00,0.00,0.00,0.00,-0.00,-0.00,10.00
41438.00,-3.08,-1.38,-1.12,-0.01,-0.03,-0.01,0.00,0.00,0.00,-0.00,0.00,0.00,-0.00,0.00,0.00,10.00
41448.00,-3.08,-1.38,-1.12,-0.01,-0.03,-0.01,0.00,0.00,0.00,-0.00,0.00,0.00,0.00,0.00,0.00,10.00
41458.00,-3.08,-1.38,-1.12,-0.01,-0.03,-0.01,0.00,0.00,0.00,-0.00,0.00,0.00,0.00,-0.00,0.00,10.00
41468.00,-3.08,-1.39,-1.12,-0.01,0.01,-0.01,0.10,3.80,-0.10,-0.00,0.00,0.00,0.00,-0.00,0.00,19.00
41487.00,-3.08,-1.39,-1.12,-0.01,0.01,-0.01,0.00,0.00,0.00,-0.00,0.00,0.00,0.00,-0.00,-0.00,10.00
41497.00,-3.08,-1.39,-1.12,-0.01,0.01,-0.01,0.00,0.00,0.00,-0.00,0.00,0.00,0.00,0.00,-0.00,10.00
41507.00,-3.08,-1.39,-1.12,-0.01,0.01,-0.01,0.00,0.00,0.00,-0.00,0.00,0.00,-0.00,-0.00,0.00,10.00
41517.00,-3.08,-1.39,-1.11,0.04,0.02,-0.02,5.60,1.80,-0.80,-0.00,0.00,0.00,0.00,0.00,-0.00,19.00
41541.00,-3.08,-1.39,-1.11,0.04,0.02,-0.02,0.00,0.00,0.00,-0.00,0.00,0.00,0.00,-0.00,0.00,10.00
41551.00,-3.08,-1.39,-1.11,0.04,0.02,-0.02,0.00,0.00,0.00,-0.00,0.00,0.00,0.00,-0.00,0.00,10.00
41561.00,-3.08,-1.39,-1.10,0.04,0.02,-0.02,-0.20,-0.80,-0.20,-0.00,0.00,0.00,0.00,-0.00,0.00,16.00
41577.00,-3.08,-1.39,-1.10,0.04,0.02,-0.02,0.00,0.00,0.00,-0.00,0.00,0.00,0.00,-0.00,0.00,10.00
41587.00,-3.08,-1.39,-1.10,0.04,0.02,-0.02,0.00,0.00,0.00,-0.00,0.00,0.00,-0.00,0.00,0.00,10.00
41597.00,-3.08,-1.39,-1.10,0.04,0.02,-0.02,0.00,0.00,0.00,-0.00,0.00,0.00,-0.00,-0.00,0.00,10.00
41607.00,-3.08,-1.39,-1.10,0.04,0.02,-0.02,0.00,0.00,0.00,-0.00,0.00,0.00,0.00,0.00,0.00,10.00
41617.00,-3.09,-1.40,-1.09,-0.05,-0.01,-0.02,-9.30,-2.80,-0.30,-0.00,0.00,0.00,-0.00,-0.00,0.00,19.00
41636.00,-3.09,-1.40,-1.09,-0.05,-0.01,-0.02,0.00,0.00,0.00,-0.00,0.00,0.00,-0.00,0.00,-0.00,10.00
41646.00,-3.09,-1.40,-1.09,-0.05,-0.01,-0.02,0.00,0.00,0.00,-0.00,0.00,0.00,0.00,0.00,0.00,10.00
41666.00,-3.11,-1.40,-1.09,-0.02,-0.05,-0.02,1.45,-1.65,0.25,-0.00,0.00,0.00,-0.00,-0.00,0.00,18.00
41684.00,-3.11,-1.40,-1.09,-0.02,-0.05,-0.02,0.00,0.00,0.00,-0.00,0.00,0.00,0.00,-0.00,0.00,10.00
41694.00,-3.11,-1.40,-1.09,-0.02,-0.05,-0.02,0.00,0.00,0.00,-0.00,0.00,0.00,0.00,-0.00,0.00,10.00
41704.00,-3.11,-1.40,-1.09,-0.02,-0.05,-0.02,0.00,0.00,0.00,-0.00,0.00,0.00,-0.00,-0.00,-0.00,10.00
41714.00,-3.09,-1.41,-1.10,0.01,-0.00,-0.01,3.70,4.30,1.30,-0.00,0.00,0.00,0.00,0.00,0.00,16.00
41730.00,-3.09,-1.41,-1.10,0.01,-0.00,-0.01,0.00,0.00,0.00,-0.00,0.00,0.00,0.00,-0.00,0.00,10.00
41740.00,-3.09,-1.41,-1.10,0.01,-0.00,-0.01,0.00,0.00,0.00,-0.00,0.00,0.00,-0.00,-0.00,0.00,10.00
41750.00,-3.09,-1.41,-1.10,0.01,-0.00,-0.01,0.00,0.00,0.00,-0.00,0.00,0.00,-0.00,-0.00,0.00,10.00
41760.00,-3.09,-1.41,-1.10,0.04,0.07,-0.00,2.70,6.70,0.30,-0.00,0.00,0.00,-0.00,-0.00,-0.00,17.00
41777.00,-3.09,-1.41,-1.10,0.04,0.07,-0.00,0.00,0.00,0.00,-0.00,0.00,0.00,-0.00,0.00,-0.00,10.00
41792.00,-3.09,-1.41,-1.10,0.04,0.07,-0.00,0.00,0.00,0.00,-0.00,0.00,0.00,-0.00,-0.00,-0.00,10.00
41802.00,-3.09,-1.41,-1.09,0.01,0.04,-0.00,-3.00,-2.50,-0.20,-0.00,0.00,0.00,0.00,0.00,-0.00,17.00
41819.00,-3.09,-1.41,-1.09,0.01,0.04,-0.00,0.00,0.00,0.00,-0.00,0.00,0.00,0.00,0.00,0.00,10.00
41829.00,-3.09,-1.41,-1.09,0.01,0.04,-0.00,0.00,0.00,0.00,-0.00,0.00,0.00,0.00,0.00,0.00,10.00
41839.00,-3.09,-1.41,-1.09,0.01,0.04,-0.00,0.00,0.00,0.00,-0.00,0.00,0.00,0.00,0.00,0.00,10.00
41849.00,-3.09,-1.41,-1.09,0.01,0.04,-0.00,0.00,0.00,0.00,-0.00,0.00,0.00,0.00,-0.00,-0.00,10.00
41859.00,-3.11,-1.41,-1.08,-0.03,-0.02,-0.01,-4.10,-6.00,-0.50,-0.00,0.00,0.00,0.00,-0.00,-0.00,19.00
41878.00,-3.11,-1.41,-1.08,-0.03,-0.02,-0.01,0.00,0.00,0.00,-0.00,0.00,0.00,0.00,0.00,0.00,10.00
41888.00,-3.11,-1.41,-1.08,-0.03,-0.02,-0.01,0.00,0.00,0.00,-0.00,0.00,0.00,-0.00,0.00,0.00,10.00
41898.00,-3.11,-1.41,-1.08,-0.03,-0.02,-0.01,0.00,0.00,0.00,-0.00,0.00,0.00,-0.00,0.00,0.00,10.00
41912.00,-3.12,-1.40,-1.06,-0.02,-0.03,-0.01,0.93,-0.50,-0.29,-0.00,0.00,0.00,0.00,0.00,-0.00,17.00
41929.00,-3.12,-1.40,-1.06,-0.02,-0.03,-0.01,0.00,0.00,0.00,-0.00,0.00,0.00,-0.00,0.00,-0.00,10.00
41939.00,-3.12,-1.40,-1.06,-0.02,-0.03,-0.01,0.00,0.00,0.00,-0.00,0.00,0.00,0.00,0.00,0.00,10.00
41949.00,-3.12,-1.40,-1.06,-0.02,-0.03,-0.01,0.00,0.00,0.00,-0.00,0.00,0.00,0.00,-0.00,0.00,10.00
41959.00,-3.12,-1.40,-1.06,-0.02,-0.03,-0.01,0.00,0.00,0.00,-0.00,0.00,0.00,0.00,-0.00,0.00,10.00
41969.00,-3.12,-1.41,-1.06,0.01,-0.01,-0.01,2.80,1.60,-0.10,-0.00,0.00,0.00,0.00,0.00,0.00,18.00
41987.00,-3.12,-1.41,-1.06,0.01,-0.01,-0.01,0.00,0.00,0.00,-0.00,0.00,0.00,-0.00,-0.00,-0.00,10.00
41997.00,-3.12,-1.41,-1.06,0.01,-0.01,-0.01,0.00,0.00,0.00,-0.00,0.00,0.00,-0.00,-0.00,-0.00,10.00
42007.00,-3.12,-1.41,-1.06,-0.00,0.01,-0.02,-1.20,2.30,-0.10,-0.00,0.00,0.00,0.00,-0.00,0.00,17.00
42024.00,-3.12,-1.41,-1.06,-0.00,0.01,-0.02,0.00,0.00,0.00,-0.00,0.00,0.00,0.00,0.00,0.00,10.00
42039.00,-3.12,-1.41,-1.06,-0.00,0.01,-0.02,0.00,0.00,0.00,-0.00,0.00,0.00,-0.01,0.00,-0.00,10.00
42049.00,-3.12,-1.41,-1.06,-0.00,0.01,-0.02,0.00,0.00,0.00,-0.00,0.00,0.00,-0.00,-0.00,-0.00,10.00
42059.00,-3.12,-1.41,-1.06,-0.00,0.01,-0.02,0.00,0.00,0.00,-0.00,0.00,0.00,0.01,-0.00,0.00,10.00
42069.00,-3.12,-1.40,-1.04,-0.01,-0.01,-0.03,-0.40,-2.10,-1.30,-0.00,0.00,0.00,0.01,-0.00,0.00,18.00
42087.00,-3.12,-1.40,-1.04,-0.01,-0.01,-0.03,0.00,0.00,0.00,-0.00,0.00,0.00,-0.01,-0.00,0.00,10.00
42097.00,-3.12,-1.40,-1.04,-0.01,-0.01,-0.03,0.00,0.00,0.00,-0.00,0.00,0.00,-0.00,-0.00,0.01,10.00
42107.00,-3.13,-1.40,-1.05,-0.05,0.02,-0.02,-4.40,3.10,0.50,-0.00,0.00,0.00,0.00,0.00,0.00,17.00
42124.00,-3.13,-1.40,-1.05,-0.05,0.02,-0.02,0.00,0.00,0.00,-0.00,0.00,0.00,-0.00,0.00,-0.01,10.00
42134.00,-3.13,-1.40,-1.05,-0.05,0.02,-0.02,0.00,0.00,0.00,-0.00,0.00,0.00,-0.00,-0.00,-0.00,10.00
42144.00,-3.13,-1.40,-1.05,-0.05,0.02,-0.02,0.00,0.00,0.00,-0.00,0.00,0.00,0.00,-0.00,0.00,10.00
42159.00,-3.13,-1.40,-1.05,-0.02,0.01,-0.02,2.20,-0.60,0.40,-0.00,0.00,0.00,0.00,0.00,-0.00,19.00
42178.00,-3.13,-1.40,-1.05,-0.02,0.01,-0.02,0.00,0.00,0.00,-0.00,0.00,0.00,-0.00,0.00,0.00,10.00
42188.00,-3.13,-1.40,-1.05,-0.02,0.01,-0.02,0.00,0.00,0.00,-0.00,0.00,0.00,-0.00,0.00,0.00,10.00
42198.00,-3.13,-1.40,-1.05,-0.02,0.01,-0.02,0.00,0.00,0.00,-0.00,0.00,0.00,0.00,-0.01,0.00,10.00
42208.00,-3.13,-1.40,-1.05,0.00,-0.01,-0.02,1.90,-2.00,-0.10,-0.00,0.00,0.00,0.01,-0.00,0.00,19.00
42227.00,-3.13,-1.40,-1.05,0.00,-0.01,-0.02,0.00,0.00,0.00,-0.00,0.00,0.00,-0.01,-0.00,-0.00,10.00
42237.00,-3.13,-1.40,-1.05,0.00,-0.01,-0.02,0.00,0.00,0.00,-0.00,0.00,0.00,-0.00,-0.00,0.00,10.00
42247.00,-3.13,-1.40,-1.05,0.00,-0.01,-0.02,0.00,0.00,0.00,-0.00,0.00,0.00,0.01,0.00,0.01,10.00
42257.00,-3.14,-1.40,-1.03,-0.01,0.01,-0.03,-1.00,2.10,-0.80,-0.00,0.00,0.00,0.01,0.00,0.00,17.00
42274.00,-3.14,-1.40,-1.03,-0.01,0.01,-0.03,0.00,0.00,0.00,-0.00,0.00,0.00,-0.01,-0.00,-0.01,10.00
42289.00,-3.14,-1.40,-1.03,-0.01,0.01,-0.03,0.00,0.00,0.00,-0.00,-0.00,0.00,0.01,-0.01,0.00,10.00
42299.00,-3.14,-1.40,-1.03,-0.01,0.01,-0.03,0.00,0.00,0.00,-0.00,-0.00,0.00,0.01,0.00,0.01,10.00
42309.00,-3.14,-1.39,-1.03,-0.02,0.01,-0.03,-1.20,-0.70,-0.30,-0.00,-0.00,0.00,-0.00,0.00,0.00,18.00
42327.00,-3.14,-1.39,-1.03,-0.02,0.01,-0.03,0.00,0.00,0.00,-0.00,-0.00,0.00,-0.00,-0.00,0.00,10.00
42337.00,-3.14,-1.39,-1.03,-0.02,0.01,-0.03,0.00,0.00,0.00,-0.00,-0.00,0.00,0.00,-0.00,0.00,10.00
42347.00,-3.14,-1.39,-1.03,-0.02,0.01,-0.03,0.00,0.00,0.00,-0.00,-0.00,0.00,0.00,-0.00,0.00,10.00
42357.00,-3.14,-1.39,-1.03,-0.02,0.01,-0.03,0.00,0.00,0.00,-0.00,-0.00,0.00,-0.00,-0.00,-0.00,10.00
42367.00,-3.14,-1.41,-1.04,-0.02,-0.02,-0.02,-0.10,-2.50,0.90,-0.00,-0.00,0.00,-0.00,0.00,-0.00,17.00
42384.00,-3.14,-1.41,-1.04,-0.02,-0.02,-0.02,0.00,0.00,0.00,-0.00,-0.00,0.00,0.00,0.00,0.00,10.00
42394.00,-3.14,-1.41,-1.04,-0.02,-0.02,-0.02,0.00,0.00,0.00,-0.00,-0.00,0.00,0.00,0.00,0.00,10.00
42409.00,-3.14,-1.41,-1.04,0.00,0.02,-0.02,1.60,2.60,0.27,-0.00,-0.00,0.00,0.00,0.00,0.00,19.00
42428.00,-3.14,-1.41,-1.04,0.00,0.02,-0.02,0.00,0.00,0.00,-0.00,-0.00,0.00,0.00,-0.00,0.00,10.00
42438.00,-3.14,-1.41,-1.04,0.00,0.02,-0.02,0.00,0.00,0.00,-0.00,-0.00,0.00,0.01,0.00,0.00,10.00
42448.00,-3.14,-1.41,-1.04,0.00,0.02,-0.02,0.00,0.00,0.00,-0.00,-0.00,0.00,0.00,0.00,0.00,10.00
42458.00,-3.14,-1.42,-1.05,0.01,0.03,-0.01,0.70,0.80,0.80,-0.00,0.00,0.00,-0.00,0.01,0.00,19.00
42477.00,-3.14,-1.42,-1.05,0.01,0.03,-0.01,0.00,0.00,0.00,-0.00,0.00,0.00,0.00,-0.00,0.00,10.00
42487.00,-3.14,-1.42,-1.05,0.01,0.03,-0.01,0.00,0.00,0.00,-0.00,-0.00,0.00,0.00,-0.00,0.00,10.00
42497.00,-3.14,-1.42,-1.05,0.01,0.03,-0.01,0.00,0.00,0.00,-0.00,-0.00,0.00,-0.00,0.00,0.00,10.00
42507.00,-3.14,-1.42,-1.04,-0.02,0.00,-0.01,-2.70,-2.50,-0.50,-0.00,-0.00,0.00,-0.01,-0.00,-0.01,17.00
42524.00,-3.14,-1.42,-1.04,-0.02,0.00,-0.01,0.00,0.00,0.00,-0.00,-0.00,0.00,-0.00,0.00,-0.00,10.00
42539.00,-3.14,-1.42,-1.04,-0.02,0.00,-0.01,0.00,0.00,0.00,-0.00,-0.00,0.00,-0.00,0.00,0.00,10.00
42549.00,-3.14,-1.42,-1.04,-0.02,0.00,-0.01,0.00,0.00,0.00,-0.00,0.00,0.00,-0.00,0.00,0.00,10.00
42559.00,-3.15,-1.41,-1.03,-0.04,-0.01,-0.02,-2.40,-1.60,-0.60,-0.00,0.00,0.00,-0.00,0.00,-0.00,18.00
42577.00,-3.15,-1.41,-1.03,-0.04,-0.01,-0.02,0.00,0.00,0.00,-0.00,-0.00,0.00,0.00,-0.01,0.00,10.00
42587.00,-3.15,-1.41,-1.03,-0.04,-0.01,-0.02,0.00,0.00,0.00,-0.00,-0.00,0.00,0.00,0.00,-0.00,10.00
42597.00,-3.15,-1.41,-1.03,-0.04,-0.01,-0.02,0.00,0.00,0.00,-0.00,-0.00,0.00,-0.00,0.00,-0.00,10.00
42607.00,-3.15,-1.41,-1.02,0.01,0.01,-0.02,5.30,1.70,-0.10,-0.00,-0.00,0.00,0.00,0.00,0.00,17.00
42624.00,-3.15,-1.41,-1.02,0.01,0.01,-0.02,0.00,0.00,0.00,-0.00,-0.00,0.00,0.00,-0.00,0.00,10.00
42634.00,-3.15,-1.41,-1.02,0.01,0.01,-0.02,0.00,0.00,0.00,-0.00,-0.00,0.00,0.00,-0.00,0.00,10.00
42644.00,-3.15,-1.41,-1.02,0.01,0.01,-0.02,0.00,0.00,0.00,-0.00,-0.00,0.00,-0.00,0.00,0.00,10.00
42664.00,-3.15,-1.42,-1.02,0.05,-0.01,-0.01,1.75,-0.55,0.45,-0.00,-0.00,0.00,-0.00,-0.00,-0.00,16.00
42680.00,-3.15,-1.42,-1.02,0.05,-0.01,-0.01,0.00,0.00,0.00,-0.00,-0.00,0.00,0.00,0.00,-0.00,10.00
42690.00,-3.15,-1.42,-1.02,0.05,-0.01,-0.01,0.00,0.00,0.00,-0.00,-0.00,0.00,-0.00,-0.00,0.00,10.00
42700.00,-3.15,-1.42,-1.02,0.05,-0.01,-0.01,0.00,0.00,0.00,-0.00,-0.00,0.00,-0.00,0.00,0.00,10.00
42710.00,-3.15,-1.42,-1.03,-0.01,-0.00,0.01,-5.60,0.40,1.60,-0.00,-0.00,0.00,-0.01,-0.00,-0.00,18.00
42728.00,-3.15,-1.42,-1.03,-0.01,-0.00,0.01,0.00,0.00,0.00,-0.00,-0.00,0.00,0.00,-0.00,-0.00,10.00
42738.00,-3.15,-1.42,-1.03,-0.01,-0.00,0.01,0.00,0.00,0.00,-0.00,-0.00,0.00,-0.00,-0.00,-0.00,10.00
42748.00,-3.15,-1.42,-1.03,-0.01,-0.00,0.01,0.00,0.00,0.00,-0.00,-0.00,0.00,-0.00,0.00,-0.00,10.00
42758.00,-3.16,-1.41,-1.02,-0.04,0.02,-0.00,-3.10,2.40,-0.80,-0.00,-0.00,0.00,-0.00,-0.00,0.00,16.00
42774.00,-3.16,-1.41,-1.02,-0.04,0.02,-0.00,0.00,0.00,0.00,-0.00,-0.00,0.00,0.00,-0.00,-0.00,10.00
42789.00,-3.16,-1.41,-1.02,-0.04,0.02,-0.00,0.00,0.00,0.00,-0.00,-0.00,0.00,-0.00,0.00,-0.00,10.00
42799.00,-3.16,-1.41,-1.02,-0.04,0.02,-0.00,0.00,0.00,0.00,-0.00,-0.00,0.00,-0.00,0.00,-0.00,10.00
42809.00,-3.16,-1.41,-1.02,-0.04,0.02,-0.00,0.00,0.00,0.00,-0.00,-0.00,0.00,0.00,0.00,0.00,10.00
42819.00,-3.16,-1.42,-1.01,-0.05,-0.01,-0.00,-1.20,-3.20,0.00,-0.00,-0.00,0.00,0.00,0.00,0.00,17.00
42836.00,-3.16,-1.42,-1.01,-0.05,-0.01,-0.00,0.00,0.00,0.00,-0.00,-0.00,0.00,-0.00,-0.00,0.00,10.00
42846.00,-3.16,-1.42,-1.01,-0.05,-0.01,-0.00,0.00,0.00,0.00,-0.00,-0.00,0.00,-0.00,-0.00,-0.00,10.00
42856.00,-3.16,-1.43,-1.01,-0.02,-0.05,-0.00,3.10,-3.90,-0.10,-0.00,-0.00,0.00,0.00,0.00,-0.00,16.00
42872.00,-3.16,-1.43,-1.01,-0.02,-0.05,-0.00,0.00,0.00,0.00,-0.00,-0.00,0.00,0.00,-0.00,0.00,10.00
42882.00,-3.16,-1.43,-1.01,-0.02,-0.05,-0.00,0.00,0.00,0.00,-0.00,-0.00,0.00,0.00,-0.00,0.00,10.00
42892.00,-3.16,-1.43,-1.01,-0.02,-0.05,-0.00,0.00,0.00,0.00,-0.00,-0.00,0.00,-0.00,-0.00,-0.00,10.00
42907.00,-3.16,-1.43,-1.00,-0.00,-0.05,-0.01,1.07,0.20,-0.13,-0.00,-0.00,0.00,0.00,-0.00,0.00,16.00
42923.00,-3.16,-1.43,-1.00,-0.00,-0.05,-0.01,0.00,0.00,0.00,-0.00,-0.00,0.00,0.00,0.00,0.00,10.00
42933.00,-3.16,-1.43,-1.00,-0.00,-0.05,-0.01,0.00,0.00,0.00,-0.00,-0.00,0.00,-0.00,0.00,0.00,10.00
42943.00,-3.16,-1.43,-1.00,-0.00,-0.05,-0.01,0.00,0.00,0.00,-0.00,-0.00,0.00,-0.00,-0.00,-0.00,10.00
42953.00,-3.17,-1.42,-0.99,0.01,0.04,-0.01,1.80,9.00,-0.60,-0.00,-0.00,0.00,0.00,-0.00,-0.00,17.00
42970.00,-3.17,-1.42,-0.99,0.01,0.04,-0.01,0.00,0.00,0.00,-0.00,-0.00,0.00,-0.00,-0.00,0.00,10.00
42980.00,-3.17,-1.42,-0.99,0.01,0.04,-0.01,0.00,0.00,0.00,-0.00,-0.00,0.00,-0.00,0.00,-0.00,10.00
42990.00,-3.17,-1.42,-0.99,0.01,0.04,-0.01,0.00,0.00,0.00,-0.00,-0.00,0.00,-0.00,-0.00,0.00,10.00
43000.00,-3.17,-1.42,-0.99,0.01,0.04,-0.01,0.00,0.00,0.00,-0.00,-0.00,0.00,0.00,0.00,0.00,10.00
43010.00,-3.17,-1.41,-0.98,-0.00,0.08,-0.02,-1.70,3.10,-0.80,-0.00,-0.00,0.00,0.00,0.00,0.00,19.00
43043.00,-3.17,-1.41,-0.98,-0.00,0.08,-0.02,0.00,0.00,0.00,-0.00,-0.00,0.00,0.00,0.00,0.00,10.00
43053.00,-3.17,-1.42,-0.98,-0.03,0.04,-0.01,-2.90,-3.90,0.60,-0.00,-0.00,0.00,0.01,0.00,0.00,17.00
43070.00,-3.17,-1.42,-0.98,-0.03,0.04,-0.01,0.00,0.00,0.00,-0.00,-0.00,0.00,0.00,0.00,0.00,10.00
43080.00,-3.17,-1.42,-0.98,-0.03,0.04,-0.01,0.00,0.00,0.00,-0.00,-0.00,0.00,0.00,0.00,-0.00,10.00
43090.00,-3.17,-1.42,-0.98,-0.03,0.04,-0.01,0.00,0.00,0.00,-0.00,-0.00,0.00,0.00,0.00,0.00,10.00
43100.00,-3.18,-1.42,-0.98,-0.05,0.00,-0.01,-1.60,-3.20,0.70,-0.00,-0.00,0.00,0.00,0.00,0.00,20.00
43120.00,-3.18,-1.42,-0.98,-0.05,0.00,-0.01,0.00,0.00,0.00,-0.00,-0.00,0.00,0.00,0.00,0.00,10.00
43130.00,-3.18,-1.42,-0.98,-0.05,0.00,-0.01,0.00,0.00,0.00,-0.00,0.00,0.00,-0.00,0.00,-0.00,10.00
43140.00,-3.18,-1.42,-0.98,-0.05,0.00,-0.01,0.00,0.00,0.00,-0.00,0.00,0.00,0.00,0.01,0.00,10.00
43150.00,-3.17,-1.42,-0.97,0.05,0.04,-0.00,9.50,3.20,0.30,-0.00,0.00,0.00,-0.00,0.00,-0.00,20.00
43174.00,-3.17,-1.42,-0.97,0.05,0.04,-0.00,0.00,0.00,0.00,-0.00,0.00,0.00,-0.01,-0.00,-0.00,10.00
43184.00,-3.17,-1.42,-0.97,0.05,0.04,-0.00,0.00,0.00,0.00,-0.00,0.00,0.00,-0.00,-0.00,0.00,10.00
43194.00,-3.17,-1.42,-0.97,0.05,0.04,-0.00,0.00,0.00,0.00,-0.00,0.00,0.00,0.00,0.00,-0.00,10.00
43204.00,-3.17,-1.42,-0.97,0.05,0.04,-0.00,0.00,0.00,0.00,-0.00,0.00,0.00,0.00,-0.00,0.00,10.00
43214.00,-3.17,-1.43,-0.96,0.05,-0.04,-0.01,0.10,-7.10,-0.40,-0.00,-0.00,0.00,0.00,-0.00,0.00,17.00
43231.00,-3.17,-1.43,-0.96,0.05,-0.04,-0.01,0.00,0.00,0.00,-0.00,0.00,0.00,0.00,0.00,-0.00,10.00
43241.00,-3.17,-1.43,-0.96,0.05,-0.04,-0.01,0.00,0.00,0.00,-0.00,0.00,0.00,0.00,0.00,0.00,10.00
43251.00,-3.18,-1.44,-0.96,-0.00,-0.00,-0.01,-5.10,3.10,0.00,-0.00,0.00,0.00,0.00,0.00,0.00,19.00
43270.00,-3.18,-1.44,-0.96,-0.00,-0.00,-0.01,0.00,0.00,0.00,-0.00,0.00,0.00,0.00,0.00,0.00,10.00
43280.00,-3.18,-1.44,-0.96,-0.00,-0.00,-0.01,0.00,0.00,0.00,-0.00,-0.00,0.00,0.00,-0.00,0.00,10.00
43295.00,-3.18,-1.44,-0.96,-0.00,-0.00,-0.01,0.00,0.00,0.00,-0.00,-0.00,0.00,-0.00,0.00,0.00,10.00
43305.00,-3.19,-1.44,-0.96,-0.07,-0.00,-0.00,-7.10,0.10,0.70,-0.00,0.00,0.00,-0.00,0.00,0.00,16.00
43321.00,-3.19,-1.44,-0.96,-0.07,-0.00,-0.00,0.00,0.00,0.00,-0.00,0.00,0.00,-0.00,0.00,-0.00,10.00
43331.00,-3.19,-1.44,-0.96,-0.07,-0.00,-0.00,0.00,0.00,0.00,-0.00,-0.00,0.00,-0.00,-0.00,0.00,10.00
43341.00,-3.19,-1.44,-0.96,-0.07,-0.00,-0.00,0.00,0.00,0.00,-0.00,-0.00,0.00,0.00,0.00,-0.00,10.00
43351.00,-3.19,-1.44,-0.96,-0.07,-0.00,-0.00,0.00,0.00,0.00,-0.00,0.00,0.00,-0.00,0.00,-0.00,10.00
43361.00,-3.19,-1.44,-0.95,-0.04,0.03,-0.00,3.40,3.20,-0.30,-0.00,0.00,0.00,-0.00,0.00,-0.00,19.00
43380.00,-3.19,-1.44,-0.95,-0.04,0.03,-0.00,0.00,0.00,0.00,-0.00,-0.00,0.00,0.00,-0.00,0.00,10.00
43390.00,-3.19,-1.44,-0.95,-0.04,0.03,-0.00,0.00,0.00,0.00,-0.00,-0.00,0.00,0.00,0.00,0.00,10.00
43400.00,-3.19,-1.44,-0.95,-0.04,0.03,-0.00,0.00,0.00,0.00,-0.00,-0.00,0.00,0.00,0.00,0.00,10.00
43415.00,-3.19,-1.43,-0.93,-0.01,0.03,-0.01,2.07,0.20,-0.67,-0.00,-0.00,0.00,0.00,0.00,0.00,17.00
43432.00,-3.19,-1.43,-0.93,-0.01,0.03,-0.01,0.00,0.00,0.00,-0.00,0.00,0.00,0.00,0.00,0.00,10.00
43442.00,-3.19,-1.43,-0.93,-0.01,0.03,-0.01,0.00,0.00,0.00,-0.00,0.00,0.00,0.00,0.00,0.00,10.00
43452.00,-3.21,-1.43,-0.91,0.04,0.01,-0.03,4.70,-2.10,-1.40,-0.00,0.00,0.00,0.00,0.00,-0.00,18.00
43470.00,-3.21,-1.43,-0.91,0.04,0.01,-0.03,0.00,0.00,0.00,-0.00,0.00,0.00,0.00,-0.00,0.00,10.00
43480.00,-3.21,-1.43,-0.91,0.04,0.01,-0.03,0.00,0.00,0.00,-0.00,0.00,0.00,0.00,-0.00,0.00,10.00
43490.00,-3.21,-1.43,-0.91,0.04,0.01,-0.03,0.00,0.00,0.00,-0.00,0.00,0.00,0.00,0.00,-0.00,10.00
43500.00,-3.21,-1.43,-0.91,0.04,0.01,-0.03,0.00,0.00,0.00,-0.00,0.00,0.00,-0.00,0.00,-0.00,10.00
43510.00,-3.21,-1.43,-0.89,0.05,0.02,-0.04,1.50,1.10,-0.70,-0.00,-0.00,0.00,-0.00,-0.00,-0.00,18.00
43528.00,-3.21,-1.43,-0.89,0.05,0.02,-0.04,0.00,0.00,0.00,-0.00,-0.00,0.00,-0.00,0.00,-0.00,10.00
43543.00,-3.21,-1.43,-0.89,0.05,0.02,-0.04,0.00,0.00,0.00,-0.00,0.00,0.00,-0.00,0.00,-0.00,10.00
43553.00,-3.21,-1.43,-0.89,0.05,0.02,-0.04,0.00,0.00,0.00,-0.00,0.00,0.00,-0.00,0.00,0.00,10.00
43563.00,-3.21,-1.43,-0.89,-0.02,0.03,-0.03,-7.00,0.60,0.40,-0.00,0.00,0.00,0.00,0.00,0.00,17.00
43580.00,-3.21,-1.43,-0.89,-0.02,0.03,-0.03,0.00,0.00,0.00,-0.00,0.00,0.00,0.00,0.00,0.00,10.00
43590.00,-3.21,-1.43,-0.89,-0.02,0.03,-0.03,0.00,0.00,0.00,-0.00,0.00,0.00,0.00,0.00,-0.00,10.00
43600.00,-3.22,-1.44,-0.90,-0.11,0.01,-0.01,-9.70,-1.80,1.70,-0.00,0.00,0.00,0.00,0.00,0.00,19.00
43619.00,-3.22,-1.44,-0.90,-0.11,0.01,-0.01,0.00,0.00,0.00,-0.00,0.00,0.00,0.00,0.00,-0.00,10.00
43629.00,-3.22,-1.44,-0.90,-0.11,0.01,-0.01,0.00,0.00,0.00,-0.00,0.00,0.00,0.00,0.00,-0.00,10.00
43639.00,-3.22,-1.44,-0.90,-0.11,0.01,-0.01,0.00,0.00,0.00,-0.00,0.00,0.00,-0.00,0.00,0.00,10.00
43649.00,-3.22,-1.44,-0.90,-0.11,0.01,-0.01,0.00,0.00,0.00,-0.00,0.00,0.00,0.00,0.00,-0.00,10.00
43668.00,-3.22,-1.45,-0.90,-0.10,-0.06,-0.01,0.53,-3.84,0.32,-0.00,0.00,0.00,0.00,0.00,-0.00,17.00
43685.00,-3.22,-1.45,-0.90,-0.10,-0.06,-0.01,0.00,0.00,0.00,-0.00,0.00,0.00,-0.00,0.00,-0.00,10.00
43695.00,-3.22,-1.45,-0.90,-0.10,-0.06,-0.01,0.00,0.00,0.00,-0.00,0.00,0.00,-0.00,0.00,0.00,10.00
43705.00,-3.22,-1.46,-0.92,-0.04,-0.08,0.01,6.60,-1.90,1.70,-0.00,0.00,0.00,-0.01,0.00,0.00,17.00
43722.00,-3.22,-1.46,-0.92,-0.04,-0.08,0.01,0.00,0.00,0.00,-0.00,0.00,0.00,-0.00,0.00,0.00,10.00
43732.00,-3.22,-1.46,-0.92,-0.04,-0.08,0.01,0.00,0.00,0.00,-0.00,0.00,0.00,-0.00,0.00,-0.00,10.00
43742.00,-3.22,-1.46,-0.92,-0.04,-0.08,0.01,0.00,0.00,0.00,-0.00,0.00,0.00,-0.00,0.01,-0.00,10.00
43752.00,-3.22,-1.46,-0.92,-0.04,-0.08,0.01,0.00,0.00,0.00,-0.00,0.00,0.00,-0.00,-0.00,0.00,10.00
43762.00,-3.22,-1.47,-0.92,0.05,-0.06,0.01,8.90,1.90,-0.10,-0.00,0.00,0.00,-0.01,0.00,0.00,19.00
43781.00,-3.22,-1.47,-0.92,0.05,-0.06,0.01,0.00,0.00,0.00,-0.00,0.00,0.00,0.01,0.00,-0.00,10.00
43796.00,-3.22,-1.47,-0.92,0.05,-0.06,0.01,0.00,0.00,0.00,-0.00,0.00,0.00,0.02,-0.01,-0.01,10.00
43806.00,-3.22,-1.46,-0.90,0.05,-0.00,-0.01,-0.60,6.10,-1.90,-0.00,0.00,0.00,0.01,-0.01,-0.01,17.00
43823.00,-3.22,-1.46,-0.90,0.05,-0.00,-0.01,0.00,0.00,0.00,-0.00,-0.00,0.00,0.00,-0.01,-0.01,10.00
43833.00,-3.22,-1.46,-0.90,0.05,-0.00,-0.01,0.00,0.00,0.00,-0.00,0.00,0.00,0.00,0.01,0.00,10.00
43843.00,-3.22,-1.46,-0.90,0.05,-0.00,-0.01,0.00,0.00,0.00,-0.00,0.00,0.00,-0.00,0.02,0.01,10.00
43853.00,-3.23,-1.45,-0.89,0.04,0.03,-0.02,-0.60,2.80,-0.50,-0.00,0.00,0.00,-0.01,0.02,0.02,18.00
43871.00,-3.23,-1.45,-0.89,0.04,0.03,-0.02,0.00,0.00,0.00,-0.00,0.00,0.00,-0.01,0.02,0.01,10.00
43881.00,-3.23,-1.45,-0.89,0.04,0.03,-0.02,0.00,0.00,0.00,-0.00,0.00,0.00,-0.00,0.01,0.00,10.00
43891.00,-3.23,-1.45,-0.89,0.04,0.03,-0.02,0.00,0.00,0.00,-0.00,0.00,0.00,0.00,-0.00,-0.01,10.00
43901.00,-3.23,-1.45,-0.89,0.04,0.03,-0.02,0.00,0.00,0.00,-0.00,0.00,0.00,-0.01,-0.01,-0.01,10.00
43916.00,-3.23,-1.46,-0.90,-0.06,0.02,-0.00,-6.33,-0.13,0.87,-0.00,0.00,0.00,-0.00,-0.00,-0.01,17.00
43933.00,-3.23,-1.46,-0.90,-0.06,0.02,-0.00,0.00,0.00,0.00,-0.00,0.00,0.00,-0.00,0.00,-0.00,10.00
43943.00,-3.23,-1.46,-0.90,-0.06,0.02,-0.00,0.00,0.00,0.00,-0.00,0.00,0.00,-0.00,0.00,0.00,10.00
43953.00,-3.24,-1.45,-0.90,-0.09,0.02,-0.00,-3.50,-0.70,0.10,-0.00,0.00,0.00,-0.00,0.00,0.01,18.00
43971.00,-3.24,-1.45,-0.90,-0.09,0.02,-0.00,0.00,0.00,0.00,-0.00,0.00,0.00,-0.01,0.00,0.01,10.00
43981.00,-3.24,-1.45,-0.90,-0.09,0.02,-0.00,0.00,0.00,0.00,-0.00,0.00,0.00,-0.01,0.01,-0.00,10.00
43991.00,-3.24,-1.45,-0.90,-0.09,0.02,-0.00,0.00,0.00,0.00,-0.00,0.00,0.00,-0.01,0.01,-0.01,10.00
44001.00,-3.24,-1.45,-0.90,-0.09,0.02,-0.00,0.00,0.00,0.00,-0.00,0.00,0.00,-0.01,0.00,-0.01,10.00
44011.00,-3.24,-1.45,-0.90,-0.09,0.02,-0.00,0.00,0.00,0.00,-0.00,0.00,0.00,-0.01,-0.00,0.01,10.00
44021.00,-3.24,-1.45,-0.89,-0.03,0.00,-0.00,5.70,-1.50,-0.10,-0.00,0.00,0.00,-0.03,0.00,0.02,18.00
44044.00,-3.24,-1.45,-0.89,-0.03,0.00,-0.00,0.00,0.00,0.00,-0.00,0.00,0.00,0.02,0.03,0.01,10.00
44054.00,-3.24,-1.46,-0.89,0.04,0.04,-0.00,7.70,3.50,0.00,-0.00,0.00,0.00,0.00,0.00,-0.00,19.00
44073.00,-3.24,-1.46,-0.89,0.04,0.04,-0.00,0.00,0.00,0.00,-0.00,0.00,0.00,0.00,-0.01,-0.01,10.00
44083.00,-3.24,-1.46,-0.89,0.04,0.04,-0.00,0.00,0.00,0.00,-0.00,0.00,0.00,0.02,-0.01,-0.02,10.00
44093.00,-3.24,-1.46,-0.89,0.04,0.04,-0.00,0.00,0.00,0.00,-0.00,0.00,0.00,0.02,0.00,-0.01,10.00
44103.00,-3.24,-1.46,-0.89,0.02,0.04,-0.00,-2.70,0.20,0.20,-0.00,0.00,0.00,0.01,0.01,0.00,18.00
44121.00,-3.24,-1.46,-0.89,0.02,0.04,-0.00,0.00,0.00,0.00,-0.00,0.00,0.00,0.01,0.04,0.01,10.00
44131.00,-3.24,-1.46,-0.89,0.02,0.04,-0.00,0.00,0.00,0.00,-0.00,0.00,0.00,0.01,0.05,0.01,10.00
44141.00,-3.24,-1.46,-0.89,0.02,0.04,-0.00,0.00,0.00,0.00,-0.00,0.00,0.00,-0.01,0.06,0.01,10.00
44151.00,-3.24,-1.46,-0.88,-0.01,0.02,-0.00,-2.40,-1.60,-0.30,-0.00,0.00,0.00,-0.04,0.05,0.02,18.00
44174.00,-3.24,-1.46,-0.88,-0.01,0.02,-0.00,0.00,0.00,0.00,-0.00,0.00,0.01,-0.08,0.01,0.03,10.00
44184.00,-3.24,-1.46,-0.88,-0.01,0.02,-0.00,0.00,0.00,0.00,-0.00,0.00,0.01,-0.06,-0.01,0.04,10.00
44194.00,-3.24,-1.46,-0.88,-0.01,0.02,-0.00,0.00,0.00,0.00,-0.00,0.00,0.01,-0.02,-0.02,0.03,10.00
44204.00,-3.24,-1.47,-0.88,-0.04,-0.00,0.00,-3.50,-2.50,0.70,-0.00,0.00,0.01,0.02,-0.05,0.01,18.00
44222.00,-3.24,-1.47,-0.88,-0.04,-0.00,0.00,0.00,0.00,0.00,-0.00,0.00,0.01,0.02,-0.06,-0.03,10.00
44232.00,-3.24,-1.47,-0.88,-0.04,-0.00,0.00,0.00,0.00,0.00,-0.00,0.00,0.01,-0.01,-0.05,-0.05,10.00
44242.00,-3.24,-1.47,-0.88,-0.04,-0.00,0.00,0.00,0.00,0.00,-0.00,0.00,0.00,-0.03,-0.01,-0.05,10.00
44252.00,-3.25,-1.48,-0.87,-0.03,-0.02,-0.00,0.90,-1.70,-0.60,-0.00,0.00,0.00,-0.04,0.01,-0.03,19.00
44271.00,-3.25,-1.48,-0.87,-0.03,-0.02,-0.00,0.00,0.00,0.00,-0.01,0.00,0.00,-0.07,0.01,0.02,10.00
44281.00,-3.25,-1.48,-0.87,-0.03,-0.02,-0.00,0.00,0.00,0.00,-0.01,0.00,0.00,-0.05,-0.02,0.02,10.00
44296.00,-3.25,-1.48,-0.87,-0.03,-0.02,-0.00,0.00,0.00,0.00,-0.01,0.00,0.00,0.03,-0.03,-0.00,10.00
44306.00,-3.25,-1.48,-0.86,-0.01,0.01,-0.00,2.50,2.70,-0.10,-0.00,0.00,0.00,0.08,-0.02,-0.03,16.00
44322.00,-3.25,-1.48,-0.86,-0.01,0.01,-0.00,0.00,0.00,0.00,-0.00,0.00,0.00,0.08,-0.02,-0.05,10.00
44332.00,-3.25,-1.48,-0.86,-0.01,0.01,-0.00,0.00,0.00,0.00,-0.00,0.00,0.00,0.02,-0.01,-0.02,10.00
44342.00,-3.25,-1.48,-0.86,-0.01,0.01,-0.00,0.00,0.00,0.00,-0.00,0.00,0.00,0.04,-0.03,-0.04,10.00
44352.00,-3.25,-1.48,-0.85,0.01,-0.02,-0.01,1.50,-2.90,-0.30,-0.00,-0.00,0.00,0.03,-0.03,-0.03,19.00
44371.00,-3.25,-1.48,-0.85,0.01,-0.02,-0.01,0.00,0.00,0.00,-0.00,-0.00,0.00,-0.01,-0.02,0.00,10.00
44381.00,-3.25,-1.48,-0.85,0.01,-0.02,-0.01,0.00,0.00,0.00,-0.00,-0.00,0.00,-0.02,-0.02,0.01,10.00
44391.00,-3.25,-1.48,-0.85,0.01,-0.02,-0.01,0.00,0.00,0.00,-0.00,-0.00,0.00,-0.02,-0.02,0.01,10.00
44401.00,-3.25,-1.48,-0.85,0.00,0.02,-0.00,-0.30,4.20,0.40,-0.00,-0.00,0.00,-0.01,-0.03,0.00,18.00
44424.00,-3.25,-1.48,-0.85,0.00,0.02,-0.00,0.00,0.00,0.00,-0.00,-0.00,0.00,0.00,-0.02,-0.01,10.00
44434.00,-3.25,-1.48,-0.85,0.00,0.02,-0.00,0.00,0.00,0.00,-0.00,-0.00,0.00,0.03,-0.05,-0.02,10.00
44444.00,-3.25,-1.48,-0.85,0.00,0.02,-0.00,0.00,0.00,0.00,-0.00,-0.00,0.00,0.04,-0.05,-0.01,10.00
44454.00,-3.26,-1.49,-0.85,-0.02,0.03,0.00,-1.80,1.10,0.40,-0.00,-0.00,0.00,0.04,-0.04,0.01,18.00
44472.00,-3.26,-1.49,-0.85,-0.02,0.03,0.00,0.00,0.00,0.00,-0.00,-0.00,0.00,0.03,-0.04,0.04,10.00
44482.00,-3.26,-1.49,-0.85,-0.02,0.03,0.00,0.00,0.00,0.00,-0.00,-0.00,0.00,0.03,-0.06,0.05,10.00
44492.00,-3.26,-1.49,-0.85,-0.02,0.03,0.00,0.00,0.00,0.00,-0.00,-0.00,0.00,0.03,-0.07,0.04,10.00
44502.00,-3.26,-1.49,-0.84,-0.04,0.02,-0.01,-2.40,-1.30,-0.70,-0.00,-0.01,0.00,0.04,-0.09,0.03,19.00
44521.00,-3.26,-1.49,-0.84,-0.04,0.02,-0.01,0.00,0.00,0.00,0.00,-0.01,0.01,0.03,-0.11,0.01,10.00
44531.00,-3.26,-1.49,-0.84,-0.04,0.02,-0.01,0.00,0.00,0.00,0.00,-0.01,0.01,0.03,-0.11,-0.01,10.00
44545.00,-3.26,-1.49,-0.84,-0.04,0.02,-0.01,0.00,0.00,0.00,0.00,-0.01,0.00,0.04,-0.11,-0.01,10.00
44555.00,-3.26,-1.49,-0.84,-0.04,0.02,-0.01,0.00,0.00,0.00,0.00,-0.01,0.00,0.02,-0.03,-0.00,10.00
44565.00,-3.27,-1.48,-0.82,-0.01,0.02,-0.01,2.90,0.20,-0.60,0.00,-0.01,0.00,0.06,-0.09,-0.02,17.00
44582.00,-3.27,-1.48,-0.82,-0.01,0.02,-0.01,0.00,0.00,0.00,0.00,-0.01,0.00,0.05,-0.06,-0.03,10.00
44592.00,-3.27,-1.48,-0.82,-0.01,0.02,-0.01,0.00,0.00,0.00,0.00,-0.01,0.00,0.05,-0.03,-0.04,10.00
44602.00,-3.27,-1.49,-0.82,0.01,0.01,-0.01,1.50,-0.70,0.10,0.00,-0.01,0.00,0.04,-0.03,-0.05,19.00
44621.00,-3.27,-1.49,-0.82,0.01,0.01,-0.01,0.00,0.00,0.00,0.00,-0.01,0.00,0.03,-0.02,-0.05,10.00
44631.00,-3.27,-1.49,-0.82,0.01,0.01,-0.01,0.00,0.00,0.00,0.00,-0.01,0.00,0.03,-0.00,-0.04,10.00
44641.00,-3.27,-1.49,-0.82,0.01,0.01,-0.01,0.00,0.00,0.00,0.00,-0.01,0.00,0.01,0.01,-0.03,10.00
44651.00,-3.27,-1.50,-0.82,-0.01,0.00,-0.01,-1.20,-1.10,0.30,0.00,-0.01,0.00,-0.01,0.01,-0.03,18.00
44679.00,-3.27,-1.50,-0.82,-0.01,0.00,-0.01,0.00,0.00,0.00,0.00,-0.01,0.00,0.00,-0.04,-0.01,10.00
44689.00,-3.27,-1.50,-0.82,-0.01,0.00,-0.01,0.00,0.00,0.00,0.00,-0.02,0.00,0.00,-0.06,-0.01,10.00
44699.00,-3.27,-1.50,-0.82,-0.01,0.00,-0.01,0.00,0.00,0.00,0.00,-0.02,0.00,-0.01,-0.07,0.01,10.00
44709.00,-3.27,-1.51,-0.82,-0.01,-0.01,0.00,-0.30,-1.40,1.00,0.00,-0.02,0.00,-0.02,-0.07,0.02,16.00
44725.00,-3.27,-1.51,-0.82,-0.01,-0.01,0.00,0.00,0.00,0.00,0.00,-0.02,0.00,-0.04,-0.07,0.03,10.00
44735.00,-3.27,-1.51,-0.82,-0.01,-0.01,0.00,0.00,0.00,0.00,0.00,-0.02,0.00,-0.05,-0.07,0.04,10.00
44745.00,-3.27,-1.51,-0.82,-0.01,-0.01,0.00,0.00,0.00,0.00,0.00,-0.02,0.00,-0.05,-0.07,0.05,10.00
44755.00,-3.28,-1.50,-0.81,-0.01,0.01,-0.01,-0.40,1.80,-0.90,0.00,-0.02,0.00,-0.05,-0.07,0.05,17.00
44772.00,-3.28,-1.50,-0.81,-0.01,0.01,-0.01,0.00,0.00,0.00,0.00,-0.02,0.00,-0.06,-0.08,0.03,10.00
44782.00,-3.28,-1.50,-0.81,-0.01,0.01,-0.01,0.00,0.00,0.00,0.00,-0.02,0.00,-0.07,-0.09,0.02,10.00
44797.00,-3.28,-1.50,-0.81,-0.01,0.01,-0.01,0.00,0.00,0.00,-0.00,-0.02,0.00,-0.06,-0.09,-0.00,10.00
44807.00,-3.28,-1.50,-0.80,0.01,0.01,-0.01,2.00,-0.10,-0.30,-0.00,-0.02,0.00,-0.06,-0.09,-0.02,16.00
44823.00,-3.28,-1.50,-0.80,0.01,0.01,-0.01,0.00,0.00,0.00,-0.00,-0.03,0.00,-0.06,-0.09,-0.05,10.00
44833.00,-3.28,-1.50,-0.80,0.01,0.01,-0.01,0.00,0.00,0.00,-0.00,-0.03,0.00,-0.04,-0.08,-0.06,10.00
44843.00,-3.28,-1.50,-0.80,0.01,0.01,-0.01,0.00,0.00,0.00,-0.00,-0.03,0.00,-0.03,-0.08,-0.07,10.00
44853.00,-3.28,-1.50,-0.78,0.01,0.03,-0.02,0.60,2.10,-0.50,-0.00,-0.03,0.00,-0.03,-0.09,-0.07,19.00
44872.00,-3.28,-1.50,-0.78,0.01,0.03,-0.02,0.00,0.00,0.00,-0.00,-0.03,-0.00,-0.04,-0.13,-0.06,10.00
44882.00,-3.28,-1.50,-0.78,0.01,0.03,-0.02,0.00,0.00,0.00,-0.00,-0.03,-0.00,-0.03,-0.16,-0.06,10.00
44892.00,-3.28,-1.50,-0.78,0.01,0.03,-0.02,0.00,0.00,0.00,-0.00,-0.03,-0.00,-0.01,-0.18,-0.07,10.00
44902.00,-3.28,-1.50,-0.78,0.01,0.05,-0.01,0.00,2.20,0.30,-0.00,-0.04,-0.00,0.00,-0.17,-0.09,17.00
44924.00,-3.28,-1.50,-0.78,0.01,0.05,-0.01,0.00,0.00,0.00,-0.00,-0.04,-0.01,0.04,-0.16,-0.12,10.00
44934.00,-3.28,-1.50,-0.78,0.01,0.05,-0.01,0.00,0.00,0.00,-0.00,-0.04,-0.01,0.05,-0.17,-0.12,10.00
44944.00,-3.28,-1.50,-0.78,0.01,0.05,-0.01,0.00,0.00,0.00,-0.00,-0.04,-0.01,0.05,-0.18,-0.12,10.00
44954.00,-3.30,-1.51,-0.78,-0.01,0.04,-0.01,-1.70,-1.10,0.40,-0.00,-0.05,-0.01,0.05,-0.20,-0.12,18.00
44972.00,-3.30,-1.51,-0.78,-0.01,0.04,-0.01,0.00,0.00,0.00,-0.00,-0.05,-0.01,0.04,-0.23,-0.12,10.00
44982.00,-3.30,-1.51,-0.78,-0.01,0.04,-0.01,0.00,0.00,0.00,-0.00,-0.05,-0.01,0.03,-0.23,-0.12,10.00
44992.00,-3.30,-1.51,-0.78,-0.01,0.04,-0.01,0.00,0.00,0.00,-0.00,-0.05,-0.01,0.03,-0.23,-0.12,10.00
45002.00,-3.30,-1.51,-0.78,-0.01,0.04,-0.01,0.00,0.00,0.00,0.00,-0.06,-0.01,0.03,-0.23,-0.12,10.00
45012.00,-3.30,-1.51,-0.78,-0.01,0.04,-0.01,0.00,0.00,0.00,0.00,-0.06,-0.02,0.04,-0.24,-0.12,10.00
45022.00,-3.30,-1.51,-0.77,0.01,0.02,-0.01,1.60,-1.50,-0.10,0.00,-0.06,-0.02,0.05,-0.27,-0.12,17.00
45044.00,-3.30,-1.51,-0.77,0.01,0.02,-0.01,0.00,0.00,0.00,0.00,-0.07,-0.02,0.10,-0.29,-0.14,10.00
45054.00,-3.30,-1.51,-0.77,0.01,0.02,-0.01,0.00,0.00,0.00,0.00,-0.07,-0.02,0.13,-0.30,-0.15,10.00
45064.00,-3.30,-1.51,-0.76,0.01,0.02,-0.01,-0.30,-0.10,-0.50,0.01,-0.07,-0.02,0.15,-0.31,-0.16,18.00
45082.00,-3.30,-1.51,-0.76,0.01,0.02,-0.01,0.00,0.00,0.00,0.01,-0.08,-0.03,0.15,-0.32,-0.15,10.00
45092.00,-3.30,-1.51,-0.76,0.01,0.02,-0.01,0.00,0.00,0.00,0.01,-0.08,-0.03,0.16,-0.33,-0.14,10.00
45102.00,-3.30,-1.51,-0.76,0.01,0.02,-0.01,0.00,0.00,0.00,0.01,-0.09,-0.03,0.16,-0.33,-0.14,10.00
45112.00,-3.31,-1.51,-0.75,0.01,0.03,-0.02,0.60,0.30,-0.60,0.01,-0.09,-0.03,0.15,-0.34,-0.12,17.00
45129.00,-3.31,-1.51,-0.75,0.01,0.03,-0.02,0.00,0.00,0.00,0.02,-0.10,-0.03,0.11,-0.32,-0.10,10.00
45139.00,-3.31,-1.51,-0.75,0.01,0.03,-0.02,0.00,0.00,0.00,0.02,-0.10,-0.03,0.09,-0.32,-0.09,10.00
45149.00,-3.31,-1.51,-0.75,0.01,0.03,-0.02,0.00,0.00,0.00,0.02,-0.10,-0.03,0.06,-0.31,-0.07,10.00
45164.00,-3.31,-1.51,-0.75,0.03,0.07,-0.02,0.87,2.80,0.33,0.02,-0.11,-0.03,0.03,-0.31,-0.04,18.00
45182.00,-3.31,-1.51,-0.75,0.03,0.07,-0.02,0.00,0.00,0.00,0.02,-0.11,-0.03,0.00,-0.32,-0.00,10.00
45192.00,-3.31,-1.51,-0.75,0.03,0.07,-0.02,0.00,0.00,0.00,0.02,-0.11,-0.03,-0.00,-0.32,0.01,10.00
45202.00,-3.31,-1.51,-0.75,0.03,0.07,-0.02,0.00,0.00,0.00,0.02,-0.12,-0.03,-0.00,-0.33,0.02,10.00
45212.00,-3.31,-1.51,-0.75,0.03,0.07,-0.02,0.00,0.00,0.00,0.02,-0.12,-0.03,-0.00,-0.34,0.03,10.00
45222.00,-3.31,-1.50,-0.75,0.02,0.10,-0.01,-0.80,3.10,0.10,0.02,-0.13,-0.03,-0.01,-0.36,0.04,15.00
45237.00,-3.31,-1.50,-0.75,0.02,0.10,-0.01,0.00,0.00,0.00,0.02,-0.13,-0.03,-0.01,-0.37,0.04,10.00
45247.00,-3.31,-1.50,-0.75,0.02,0.10,-0.01,0.00,0.00,0.00,0.02,-0.13,-0.03,-0.02,-0.37,0.05,10.00
45257.00,-3.31,-1.49,-0.74,-0.01,0.14,-0.02,-2.80,3.80,-0.70,0.02,-0.14,-0.03,-0.02,-0.37,0.05,17.00
45274.00,-3.31,-1.49,-0.74,-0.01,0.14,-0.02,0.00,0.00,0.00,0.02,-0.14,-0.03,-0.02,-0.37,0.07,10.00
45289.00,-3.31,-1.49,-0.74,-0.01,0.14,-0.02,0.00,0.00,0.00,0.02,-0.15,-0.03,-0.02,-0.37,0.09,10.00
45299.00,-3.31,-1.49,-0.74,-0.01,0.14,-0.02,0.00,0.00,0.00,0.02,-0.15,-0.03,-0.01,-0.37,0.10,10.00
45309.00,-3.31,-1.49,-0.74,-0.02,0.12,-0.03,-1.30,-2.00,-0.40,0.02,-0.16,-0.03,-0.01,-0.40,0.12,17.00
45326.00,-3.31,-1.49,-0.74,-0.02,0.12,-0.03,0.00,0.00,0.00,0.02,-0.17,-0.02,-0.01,-0.44,0.14,10.00
45336.00,-3.31,-1.49,-0.74,-0.02,0.12,-0.03,0.00,0.00,0.00,0.02,-0.17,-0.02,-0.01,-0.45,0.15,10.00
45346.00,-3.31,-1.49,-0.74,-0.02,0.12,-0.03,0.00,0.00,0.00,0.02,-0.17,-0.02,-0.02,-0.46,0.17,10.00
45356.00,-3.32,-1.49,-0.74,-0.03,0.11,-0.02,-0.70,-0.70,0.40,0.02,-0.18,-0.02,-0.02,-0.48,0.17,17.00
45373.00,-3.32,-1.49,-0.74,-0.03,0.11,-0.02,0.00,0.00,0.00,0.02,-0.19,-0.02,-0.02,-0.51,0.17,10.00
45383.00,-3.32,-1.49,-0.74,-0.03,0.11,-0.02,0.00,0.00,0.00,0.02,-0.19,-0.01,-0.02,-0.52,0.17,10.00
45393.00,-3.32,-1.49,-0.74,-0.03,0.11,-0.02,0.00,0.00,0.00,0.01,-0.20,-0.01,-0.01,-0.53,0.16,10.00
45408.00,-3.32,-1.48,-0.73,-0.03,0.09,-0.02,0.13,-1.20,-0.20,0.01,-0.20,-0.01,0.00,0.00,0.00,14.00
45422.00,-3.32,-1.48,-0.73,-0.03,0.09,-0.02,0.00,0.00,0.00,0.02,-0.21,-0.01,0.02,-0.55,0.13,10.00
45432.00,-3.32,-1.48,-0.73,-0.03,0.09,-0.02,0.00,0.00,0.00,0.02,-0.21,-0.01,0.03,-0.55,0.14,10.00
45442.00,-3.32,-1.48,-0.73,-0.03,0.09,-0.02,0.00,0.00,0.00,0.02,-0.22,-0.01,0.04,-0.55,0.13,10.00
45452.00,-3.32,-1.48,-0.73,-0.03,0.09,-0.02,0.00,0.00,0.00,0.02,-0.22,-0.01,0.04,-0.56,0.13,10.00
45462.00,-3.33,-1.47,-0.72,-0.05,0.12,-0.03,-2.40,3.20,-0.20,0.02,-0.23,-0.01,0.05,-0.58,0.13,17.00
45479.00,-3.33,-1.47,-0.72,-0.05,0.12,-0.03,0.00,0.00,0.00,0.02,-0.24,-0.00,0.05,-0.60,0.11,10.00
45489.00,-3.33,-1.47,-0.72,-0.05,0.12,-0.03,0.00,0.00,0.00,0.02,-0.24,-0.00,0.06,-0.62,0.09,10.00
45499.00,-3.33,-1.47,-0.72,-0.05,0.12,-0.03,0.00,0.00,0.00,0.02,-0.25,-0.00,0.07,-0.64,0.08,10.00
45509.00,-3.34,-1.45,-0.71,-0.11,0.15,-0.04,-5.70,2.30,-1.00,0.02,-0.26,-0.00,0.08,-0.65,0.06,17.00
45530.00,-3.34,-1.45,-0.71,-0.11,0.15,-0.04,0.00,0.00,0.00,0.02,-0.27,-0.00,0.11,-0.67,0.04,10.00
45540.00,-3.34,-1.45,-0.71,-0.11,0.15,-0.04,0.00,0.00,0.00,0.02,-0.28,0.00,0.11,-0.67,0.04,10.00
45550.00,-3.34,-1.45,-0.71,-0.11,0.15,-0.04,0.00,0.00,0.00,0.02,-0.29,0.00,0.11,-0.67,0.04,10.00
45560.00,-3.34,-1.45,-0.71,-0.11,0.15,-0.04,0.00,0.00,0.00,0.03,-0.29,0.00,0.11,-0.67,0.03,10.00
45570.00,-3.35,-1.44,-0.70,-0.14,0.15,-0.04,-3.00,0.20,-0.60,0.03,-0.30,0.00,0.10,-0.66,0.01,16.00
45586.00,-3.35,-1.44,-0.70,-0.14,0.15,-0.04,0.00,0.00,0.00,0.03,-0.31,0.00,0.09,-0.66,-0.01,10.00
45596.00,-3.35,-1.44,-0.70,-0.14,0.15,-0.04,0.00,0.00,0.00,0.03,-0.32,0.00,0.09,-0.67,-0.02,10.00
45606.00,-3.36,-1.42,-0.69,-0.12,0.15,-0.04,2.30,-0.20,0.10,0.03,-0.32,0.00,0.08,-0.67,-0.04,18.00
45624.00,-3.36,-1.42,-0.69,-0.12,0.15,-0.04,0.00,0.00,0.00,0.03,-0.33,-0.00,0.07,-0.68,-0.05,10.00
45634.00,-3.36,-1.42,-0.69,-0.12,0.15,-0.04,0.00,0.00,0.00,0.03,-0.34,-0.00,0.07,-0.69,-0.06,10.00
45648.00,-3.36,-1.42,-0.69,-0.12,0.15,-0.04,0.00,0.00,0.00,0.03,-0.35,-0.00,0.08,-0.70,-0.06,10.00
45658.00,-3.37,-1.42,-0.68,-0.15,0.08,-0.04,-3.20,-6.40,0.20,0.03,-0.36,-0.00,0.08,-0.71,-0.07,17.00
45675.00,-3.37,-1.42,-0.68,-0.15,0.08,-0.04,0.00,0.00,0.00,0.04,-0.37,-0.00,0.10,-0.73,-0.09,10.00
45685.00,-3.37,-1.42,-0.68,-0.15,0.08,-0.04,0.00,0.00,0.00,0.04,-0.38,-0.01,0.11,-0.75,-0.09,10.00
45695.00,-3.37,-1.42,-0.68,-0.15,0.08,-0.04,0.00,0.00,0.00,0.04,-0.39,-0.01,0.11,-0.75,-0.09,10.00
45705.00,-3.38,-1.41,-0.68,-0.12,0.11,-0.03,3.20,3.00,0.70,0.04,-0.39,-0.01,0.07,-0.50,-0.07,18.00
45723.00,-3.38,-1.41,-0.68,-0.12,0.11,-0.03,0.00,0.00,0.00,0.04,-0.40,-0.01,0.12,-0.73,-0.10,10.00
45733.00,-3.38,-1.41,-0.68,-0.12,0.11,-0.03,0.00,0.00,0.00,0.04,-0.41,-0.01,0.10,-0.72,-0.10,10.00
45743.00,-3.38,-1.41,-0.68,-0.12,0.11,-0.03,0.00,0.00,0.00,0.04,-0.42,-0.01,0.10,-0.72,-0.10,10.00
45753.00,-3.38,-1.39,-0.67,-0.08,0.18,-0.03,3.80,6.60,-0.10,0.04,-0.43,-0.01,0.10,-0.72,-0.10,16.00
45779.00,-3.38,-1.39,-0.67,-0.08,0.18,-0.03,0.00,0.00,0.00,0.05,-0.44,-0.01,0.09,-0.73,-0.11,10.00
45789.00,-3.38,-1.39,-0.67,-0.08,0.18,-0.03,0.00,0.00,0.00,0.05,-0.45,-0.02,0.08,-0.73,-0.11,10.00
45799.00,-3.38,-1.39,-0.67,-0.08,0.18,-0.03,0.00,0.00,0.00,0.05,-0.46,-0.02,0.08,-0.73,-0.11,10.00
45809.00,-3.38,-1.38,-0.69,-0.01,0.30,-0.01,6.90,12.00,2.50,0.05,-0.47,-0.02,0.08,-0.71,-0.11,17.00
45826.00,-3.38,-1.38,-0.69,-0.01,0.30,-0.01,0.00,0.00,0.00,0.05,-0.48,-0.02,0.07,-0.67,-0.11,10.00
45836.00,-3.38,-1.38,-0.69,-0.01,0.30,-0.01,0.00,0.00,0.00,0.05,-0.48,-0.02,0.07,-0.66,-0.11,10.00
45846.00,-3.38,-1.38,-0.69,-0.01,0.30,-0.01,0.00,0.00,0.00,0.05,-0.49,-0.02,0.07,-0.65,-0.10,10.00
45856.00,-3.37,-1.37,-0.69,0.01,0.27,-0.00,1.50,-2.90,0.70,0.05,-0.50,-0.02,0.08,-0.64,-0.10,18.00
45874.00,-3.37,-1.37,-0.69,0.01,0.27,-0.00,0.00,0.00,0.00,0.05,-0.51,-0.03,0.08,-0.66,-0.11,10.00
45884.00,-3.37,-1.37,-0.69,0.01,0.27,-0.00,0.00,0.00,0.00,0.05,-0.52,-0.03,0.09,-0.66,-0.11,10.00
45898.00,-3.37,-1.37,-0.69,0.01,0.27,-0.00,0.00,0.00,0.00,0.05,-0.52,-0.03,0.09,-0.66,-0.11,10.00
45908.00,-3.40,-1.35,-0.66,-0.11,0.16,-0.03,-11.70,-11.30,-2.40,0.06,-0.53,-0.03,0.09,-0.66,-0.10,18.00
45926.00,-3.40,-1.35,-0.66,-0.11,0.16,-0.03,0.00,0.00,0.00,0.06,-0.54,-0.03,0.08,-0.66,-0.09,10.00
45936.00,-3.40,-1.35,-0.66,-0.11,0.16,-0.03,0.00,0.00,0.00,0.06,-0.55,-0.03,0.08,-0.66,-0.10,10.00
45946.00,-3.40,-1.35,-0.66,-0.11,0.16,-0.03,0.00,0.00,0.00,0.06,-0.56,-0.03,0.09,-0.67,-0.10,10.00
45956.00,-3.42,-1.33,-0.62,-0.13,0.12,-0.05,-1.60,-3.40,-2.70,0.06,-0.56,-0.03,0.10,-0.66,-0.11,18.00
45974.00,-3.42,-1.33,-0.62,-0.13,0.12,-0.05,0.00,0.00,0.00,0.06,-0.57,-0.04,0.12,-0.63,-0.13,10.00
45984.00,-3.42,-1.33,-0.62,-0.13,0.12,-0.05,0.00,0.00,0.00,0.06,-0.58,-0.04,0.11,-0.63,-0.14,10.00
45994.00,-3.42,-1.33,-0.62,-0.13,0.12,-0.05,0.00,0.00,0.00,0.06,-0.59,-0.04,0.10,-0.64,-0.14,10.00
46004.00,-3.42,-1.33,-0.62,-0.13,0.12,-0.05,0.00,0.00,0.00,0.06,-0.59,-0.04,0.09,-0.65,-0.14,10.00
46019.00,-3.43,-1.32,-0.62,-0.13,0.15,-0.05,-0.47,2.07,0.27,0.07,-0.60,-0.04,0.08,-0.65,-0.13,17.00
46036.00,-3.43,-1.32,-0.62,-0.13,0.15,-0.05,0.00,0.00,0.00,0.07,-0.61,-0.04,0.07,-0.66,-0.13,10.00
46046.00,-3.43,-1.32,-0.62,-0.13,0.15,-0.05,0.00,0.00,0.00,0.07,-0.62,-0.05,0.06,-0.67,-0.12,10.00
46056.00,-3.43,-1.31,-0.62,-0.09,0.19,-0.04,4.40,3.80,1.10,0.07,-0.63,-0.05,0.05,-0.67,-0.13,18.00
46074.00,-3.43,-1.31,-0.62,-0.09,0.19,-0.04,0.00,0.00,0.00,0.07,-0.64,-0.05,0.05,-0.68,-0.15,10.00
46084.00,-3.43,-1.31,-0.62,-0.09,0.19,-0.04,0.00,0.00,0.00,0.07,-0.65,-0.05,0.07,-0.70,-0.15,10.00
46094.00,-3.43,-1.31,-0.62,-0.09,0.19,-0.04,0.00,0.00,0.00,0.07,-0.65,-0.05,0.08,-0.72,-0.15,10.00
46104.00,-3.43,-1.31,-0.62,-0.09,0.19,-0.04,0.00,0.00,0.00,0.07,-0.66,-0.05,0.08,-0.72,-0.14,10.00
46114.00,-3.43,-1.30,-0.62,-0.04,0.20,-0.03,5.40,0.50,1.10,0.07,-0.67,-0.05,0.07,-0.73,-0.13,17.00
46131.00,-3.43,-1.30,-0.62,-0.04,0.20,-0.03,0.00,0.00,0.00,0.07,-0.68,-0.06,0.09,-0.78,-0.14,10.00
46146.00,-3.43,-1.30,-0.62,-0.04,0.20,-0.03,0.00,0.00,0.00,0.08,-0.69,-0.06,0.11,-0.75,-0.15,10.00
46156.00,-3.42,-1.30,-0.62,0.03,0.16,-0.02,6.00,-3.50,0.80,0.08,-0.70,-0.06,0.15,-0.91,-0.08,18.00
46174.00,-3.42,-1.30,-0.62,0.03,0.16,-0.02,0.00,0.00,0.00,0.08,-0.72,-0.06,-0.02,-0.85,-0.07,10.00
46184.00,-3.42,-1.30,-0.62,0.03,0.16,-0.02,0.00,0.00,0.00,0.08,-0.73,-0.06,0.02,-0.81,-0.09,10.00
46194.00,-3.42,-1.30,-0.62,0.03,0.16,-0.02,0.00,0.00,0.00,0.08,-0.73,-0.06,0.07,-0.83,-0.07,10.00
46204.00,-3.42,-1.30,-0.61,0.04,0.07,-0.03,1.60,-9.30,-0.80,0.08,-0.74,-0.06,0.04,-0.81,-0.10,17.00
46221.00,-3.42,-1.30,-0.61,0.04,0.07,-0.03,0.00,0.00,0.00,0.08,-0.75,-0.07,0.04,-0.71,-0.14,10.00
46231.00,-3.42,-1.30,-0.61,0.04,0.07,-0.03,0.00,0.00,0.00,0.08,-0.76,-0.07,0.07,-0.67,-0.14,10.00
46241.00,-3.42,-1.30,-0.61,0.04,0.07,-0.03,0.00,0.00,0.00,0.08,-0.77,-0.07,0.07,-0.66,-0.15,10.00
46251.00,-3.42,-1.30,-0.61,0.04,0.07,-0.03,0.00,0.00,0.00,0.08,-0.77,-0.07,0.05,-0.67,-0.16,10.00
46266.00,-3.44,-1.28,-0.56,-0.12,-0.00,-0.07,-10.80,-4.73,-2.60,0.08,-0.78,-0.07,0.02,-0.67,-0.16,19.00
46285.00,-3.44,-1.28,-0.56,-0.12,-0.00,-0.07,0.00,0.00,0.00,0.08,-0.80,-0.08,0.07,-0.67,-0.14,10.00
46295.00,-3.44,-1.28,-0.56,-0.12,-0.00,-0.07,0.00,0.00,0.00,0.08,-0.80,-0.08,0.06,-0.69,-0.13,10.00
46305.00,-3.46,-1.24,-0.51,-0.12,0.11,-0.09,-0.30,11.40,-2.70,0.08,-0.81,-0.08,0.05,-0.73,-0.11,19.00
46324.00,-3.46,-1.24,-0.51,-0.12,0.11,-0.09,0.00,0.00,0.00,0.08,-0.83,-0.08,0.09,-0.72,-0.10,10.00
46334.00,-3.46,-1.24,-0.51,-0.12,0.11,-0.09,0.00,0.00,0.00,0.09,-0.83,-0.08,0.09,-0.74,-0.09,10.00
46344.00,-3.46,-1.24,-0.51,-0.12,0.11,-0.09,0.00,0.00,0.00,0.09,-0.84,-0.08,0.10,-0.75,-0.06,10.00
46354.00,-3.46,-1.24,-0.51,-0.12,0.11,-0.09,0.00,0.00,0.00,0.09,-0.85,-0.08,0.13,-0.75,-0.04,10.00
46364.00,-3.46,-1.24,-0.51,-0.12,0.11,-0.09,0.00,0.00,0.00,0.09,-0.85,-0.08,0.14,-0.74,-0.01,10.00
46374.00,-3.46,-1.24,-0.50,-0.06,0.16,-0.09,6.60,5.10,0.30,0.09,-0.86,-0.08,0.13,-0.75,0.02,17.00
46396.00,-3.46,-1.24,-0.50,-0.06,0.16,-0.09,0.00,0.00,0.00,0.09,-0.88,-0.08,0.15,-0.75,0.06,10.00
46406.00,-3.46,-1.23,-0.50,-0.01,0.21,-0.07,4.40,5.20,1.60,0.10,-0.89,-0.08,0.15,-0.74,0.07,19.00
46425.00,-3.46,-1.23,-0.50,-0.01,0.21,-0.07,0.00,0.00,0.00,0.10,-0.90,-0.08,0.17,-0.73,0.10,10.00
46435.00,-3.46,-1.23,-0.50,-0.01,0.21,-0.07,0.00,0.00,0.00,0.10,-0.91,-0.08,0.17,-0.72,0.10,10.00
46445.00,-3.46,-1.23,-0.50,-0.01,0.21,-0.07,0.00,0.00,0.00,0.10,-0.91,-0.08,0.17,-0.73,0.11,10.00
46455.00,-3.46,-1.22,-0.52,-0.06,0.27,-0.06,-4.40,5.40,1.70,0.10,-0.92,-0.08,0.17,-0.73,0.12,17.00
46472.00,-3.46,-1.22,-0.52,-0.06,0.27,-0.06,0.00,0.00,0.00,0.11,-0.93,-0.07,0.17,-0.69,0.12,10.00
46482.00,-3.46,-1.22,-0.52,-0.06,0.27,-0.06,0.00,0.00,0.00,0.11,-0.94,-0.07,0.18,-0.69,0.13,10.00
46492.00,-3.46,-1.22,-0.52,-0.06,0.27,-0.06,0.00,0.00,0.00,0.11,-0.95,-0.07,0.19,-0.70,0.13,10.00
46502.00,-3.46,-1.22,-0.52,-0.06,0.27,-0.06,0.00,0.00,0.00,0.11,-0.95,-0.07,0.20,-0.70,0.14,10.00
46517.00,-3.47,-1.20,-0.52,-0.13,0.32,-0.04,-4.87,3.53,0.80,0.12,-0.96,-0.07,0.20,-0.68,0.15,19.00
46536.00,-3.47,-1.20,-0.52,-0.13,0.32,-0.04,0.00,0.00,0.00,0.12,-0.98,-0.06,0.21,-0.69,0.17,10.00
46546.00,-3.47,-1.20,-0.52,-0.13,0.32,-0.04,0.00,0.00,0.00,0.12,-0.99,-0.06,0.22,-0.70,0.18,10.00
46556.00,-3.47,-1.19,-0.54,-0.12,0.33,-0.02,1.40,1.30,2.60,0.12,-0.99,-0.06,0.22,-0.70,0.18,18.00
46574.00,-3.47,-1.19,-0.54,-0.12,0.33,-0.02,0.00,0.00,0.00,0.13,-1.00,-0.06,0.22,-0.70,0.17,10.00
46584.00,-3.47,-1.19,-0.54,-0.12,0.33,-0.02,0.00,0.00,0.00,0.13,-1.01,-0.06,0.22,-0.72,0.16,10.00
46594.00,-3.47,-1.19,-0.54,-0.12,0.33,-0.02,0.00,0.00,0.00,0.13,-1.02,-0.05,0.21,-0.72,0.15,10.00
46604.00,-3.48,-1.19,-0.56,-0.12,0.22,0.00,-0.70,-11.50,2.10,0.13,-1.03,-0.05,0.22,-0.71,0.15,16.00
46620.00,-3.48,-1.19,-0.56,-0.12,0.22,0.00,0.00,0.00,0.00,0.14,-1.04,-0.05,0.23,-0.73,0.17,10.00
46630.00,-3.48,-1.19,-0.56,-0.12,0.22,0.00,0.00,0.00,0.00,0.14,-1.05,-0.05,0.21,-0.75,0.19,10.00
46645.00,-3.48,-1.19,-0.56,-0.12,0.22,0.00,0.00,0.00,0.00,0.14,-1.06,-0.04,0.18,-0.76,0.20,10.00
46655.00,-3.50,-1.18,-0.54,-0.17,0.11,-0.01,-4.20,-11.30,-1.00,0.14,-1.06,-0.04,0.17,-0.79,0.20,17.00
46672.00,-3.50,-1.18,-0.54,-0.17,0.11,-0.01,0.00,0.00,0.00,0.15,-1.08,-0.04,0.18,-0.82,0.22,10.00
46682.00,-3.50,-1.18,-0.54,-0.17,0.11,-0.01,0.00,0.00,0.00,0.15,-1.09,-0.04,0.18,-0.86,0.24,10.00
46692.00,-3.50,-1.18,-0.54,-0.17,0.11,-0.01,0.00,0.00,0.00,0.15,-1.10,-0.03,0.18,-0.87,0.25,10.00
46702.00,-3.50,-1.18,-0.54,-0.17,0.11,-0.01,0.00,0.00,0.00,0.15,-1.10,-0.03,0.20,-0.89,0.27,10.00
46712.00,-3.51,-1.18,-0.53,-0.26,0.00,-0.02,-9.00,-10.60,-0.80,0.15,-1.11,-0.03,0.20,-0.89,0.27,15.00
46727.00,-3.51,-1.18,-0.53,-0.26,0.00,-0.02,0.00,0.00,0.00,0.16,-1.13,-0.02,0.21,-0.90,0.29,10.00
46737.00,-3.51,-1.18,-0.53,-0.26,0.00,-0.02,0.00,0.00,0.00,0.16,-1.14,-0.02,0.19,-0.92,0.29,10.00
46747.00,-3.51,-1.18,-0.53,-0.26,0.00,-0.02,0.00,0.00,0.00,0.16,-1.15,-0.02,0.18,-0.92,0.29,10.00
46767.00,-3.52,-1.17,-0.54,-0.25,0.08,0.01,0.50,4.20,1.10,0.17,-1.16,-0.01,0.19,-0.92,0.30,19.00
46786.00,-3.52,-1.17,-0.54,-0.25,0.08,0.01,0.00,0.00,0.00,0.17,-1.18,-0.01,0.22,-0.88,0.30,10.00
46796.00,-3.52,-1.17,-0.54,-0.25,0.08,0.01,0.00,0.00,0.00,0.17,-1.19,-0.00,0.22,-0.85,0.31,10.00
46806.00,-3.53,-1.16,-0.57,-0.26,0.23,0.06,-1.20,14.30,4.80,0.17,-1.20,-0.00,0.22,-0.82,0.31,19.00
46825.00,-3.53,-1.16,-0.57,-0.26,0.23,0.06,0.00,0.00,0.00,0.18,-1.21,0.01,0.18,-0.76,0.30,10.00
46835.00,-3.53,-1.16,-0.57,-0.26,0.23,0.06,0.00,0.00,0.00,0.18,-1.22,0.01,0.15,-0.73,0.28,10.00
46845.00,-3.53,-1.16,-0.57,-0.26,0.23,0.06,0.00,0.00,0.00,0.18,-1.23,0.01,0.12,-0.71,0.27,10.00
46855.00,-3.53,-1.14,-0.60,-0.22,0.34,0.09,4.00,11.20,3.40,0.18,-1.23,0.01,0.11,-0.68,0.24,17.00
46872.00,-3.53,-1.14,-0.60,-0.22,0.34,0.09,0.00,0.00,0.00,0.18,-1.24,0.02,0.11,-0.67,0.20,10.00
46882.00,-3.53,-1.14,-0.60,-0.22,0.34,0.09,0.00,0.00,0.00,0.18,-1.25,0.02,0.11,-0.67,0.17,10.00
46897.00,-3.53,-1.14,-0.60,-0.22,0.34,0.09,0.00,0.00,0.00,0.19,-1.26,0.02,0.10,-0.66,0.13,10.00
46907.00,-3.54,-1.13,-0.60,-0.16,0.31,0.09,5.80,-3.30,0.00,0.19,-1.27,0.02,0.08,-0.67,0.10,19.00
46926.00,-3.54,-1.13,-0.60,-0.16,0.31,0.09,0.00,0.00,0.00,0.19,-1.28,0.02,0.04,-0.68,0.05,10.00
46936.00,-3.54,-1.13,-0.60,-0.16,0.31,0.09,0.00,0.00,0.00,0.19,-1.29,0.02,0.03,-0.70,0.03,10.00
46946.00,-3.54,-1.13,-0.60,-0.16,0.31,0.09,0.00,0.00,0.00,0.19,-1.29,0.02,0.01,-0.72,0.02,10.00
46956.00,-3.54,-1.13,-0.60,-0.11,0.16,0.09,5.40,-15.10,-0.20,0.19,-1.30,0.02,-0.01,-0.74,0.00,18.00
46974.00,-3.54,-1.13,-0.60,-0.11,0.16,0.09,0.00,0.00,0.00,0.19,-1.32,0.02,-0.05,-0.80,-0.02,10.00
46984.00,-3.54,-1.13,-0.60,-0.11,0.16,0.09,0.00,0.00,0.00,0.19,-1.32,0.02,-0.05,-0.82,-0.03,10.00
46994.00,-3.54,-1.13,-0.60,-0.11,0.16,0.09,0.00,0.00,0.00,0.19,-1.33,0.02,-0.06,-0.84,-0.03,10.00
47004.00,-3.54,-1.13,-0.60,-0.11,0.16,0.09,0.00,0.00,0.00,0.18,-1.34,0.02,-0.09,-0.85,-0.03,10.00
47019.00,-3.54,-1.13,-0.60,-0.11,0.16,0.09,0.00,0.00,0.00,0.18,-1.34,0.02,0.00,0.00,0.00,10.00
47029.00,-3.54,-1.12,-0.60,-0.05,0.16,0.09,5.60,0.80,-0.10,0.18,-1.35,0.02,-0.13,-0.88,-0.02,18.00
47047.00,-3.54,-1.12,-0.60,-0.05,0.16,0.09,0.00,0.00,0.00,0.18,-1.37,0.02,-0.15,-0.86,-0.01,10.00
47057.00,-3.53,-1.10,-0.61,0.02,0.22,0.11,6.60,5.20,1.90,0.18,-1.37,0.02,-0.16,-0.85,-0.02,18.00
47075.00,-3.53,-1.10,-0.61,0.02,0.22,0.11,0.00,0.00,0.00,0.18,-1.39,0.02,-0.15,-0.82,-0.04,10.00
47085.00,-3.53,-1.10,-0.61,0.02,0.22,0.11,0.00,0.00,0.00,0.18,-1.40,0.02,-0.13,-0.81,-0.05,10.00
47095.00,-3.53,-1.10,-0.61,0.02,0.22,0.11,0.00,0.00,0.00,0.17,-1.41,0.02,-0.11,-0.79,-0.06,10.00
47105.00,-3.53,-1.10,-0.61,0.02,0.22,0.11,0.00,0.00,0.00,0.17,-1.41,0.02,-0.11,-0.77,-0.07,10.00
47115.00,-3.53,-1.09,-0.63,0.07,0.26,0.13,5.20,4.20,2.50,0.17,-1.42,0.02,-0.12,-0.76,-0.07,16.00
47131.00,-3.53,-1.09,-0.63,0.07,0.26,0.13,0.00,0.00,0.00,0.17,-1.43,0.02,-0.13,-0.73,-0.08,10.00
47146.00,-3.53,-1.09,-0.63,0.07,0.26,0.13,0.00,0.00,0.00,0.17,-1.44,0.01,-0.12,-0.71,-0.09,10.00
47156.00,-3.52,-1.06,-0.65,0.07,0.33,0.14,0.30,7.40,1.20,0.17,-1.45,0.01,-0.10,-0.69,-0.10,16.00
47172.00,-3.52,-1.06,-0.65,0.07,0.33,0.14,0.00,0.00,0.00,0.17,-1.46,0.01,-0.09,-0.66,-0.09,10.00
47182.00,-3.52,-1.06,-0.65,0.07,0.33,0.14,0.00,0.00,0.00,0.16,-1.47,0.01,-0.09,-0.65,-0.08,10.00
47192.00,-3.52,-1.06,-0.65,0.07,0.33,0.14,0.00,0.00,0.00,0.16,-1.47,0.01,-0.09,-0.63,-0.07,10.00
47202.00,-3.52,-1.06,-0.65,0.07,0.33,0.14,0.00,0.00,0.00,0.16,-1.48,0.01,-0.09,-0.60,-0.06,10.00
47212.00,-3.52,-1.05,-0.64,0.10,0.30,0.13,3.10,-2.90,-1.00,0.16,-1.48,0.01,-0.09,-0.57,-0.06,16.00
47228.00,-3.52,-1.05,-0.64,0.10,0.30,0.13,0.00,0.00,0.00,0.16,-1.49,0.01,-0.08,-0.54,-0.06,10.00
47238.00,-3.52,-1.05,-0.64,0.10,0.30,0.13,0.00,0.00,0.00,0.16,-1.50,0.01,-0.07,-0.53,-0.05,10.00
47248.00,-3.52,-1.05,-0.64,0.10,0.30,0.13,0.00,0.00,0.00,0.16,-1.50,0.01,-0.06,-0.52,-0.06,10.00
47263.00,-3.51,-1.04,-0.62,0.10,0.18,0.11,0.07,-8.20,-1.73,0.16,-1.51,0.01,-0.06,-0.52,-0.05,16.00
47279.00,-3.51,-1.04,-0.62,0.10,0.18,0.11,0.00,0.00,0.00,0.16,-1.52,0.01,-0.06,-0.50,-0.05,10.00
47289.00,-3.51,-1.04,-0.62,0.10,0.18,0.11,0.00,0.00,0.00,0.16,-1.52,0.01,-0.06,-0.49,-0.05,10.00
47299.00,-3.51,-1.04,-0.62,0.10,0.18,0.11,0.00,0.00,0.00,0.16,-1.53,0.00,-0.06,-0.47,-0.05,10.00
47309.00,-3.52,-1.03,-0.62,0.00,0.10,0.09,-9.90,-7.90,-1.50,0.16,-1.53,0.00,-0.05,-0.46,-0.04,16.00
47325.00,-3.52,-1.03,-0.62,0.00,0.10,0.09,0.00,0.00,0.00,0.16,-1.54,0.00,-0.05,-0.47,-0.04,10.00
47335.00,-3.52,-1.03,-0.62,0.00,0.10,0.09,0.00,0.00,0.00,0.15,-1.55,0.00,-0.05,-0.48,-0.03,10.00
47345.00,-3.52,-1.03,-0.62,0.00,0.10,0.09,0.00,0.00,0.00,0.15,-1.55,0.00,-0.06,-0.49,-0.03,10.00
47355.00,-3.51,-1.04,-0.62,0.01,0.04,0.09,0.10,-6.30,0.10,0.15,-1.56,0.00,-0.07,-0.48,-0.02,16.00
47371.00,-3.51,-1.04,-0.62,0.01,0.04,0.09,0.00,0.00,0.00,0.15,-1.56,0.00,0.00,0.00,0.00,10.00
47385.00,-3.51,-1.04,-0.62,0.01,0.04,0.09,0.00,0.00,0.00,0.15,-1.56,0.00,-0.08,-0.47,0.01,10.00
47395.00,-3.51,-1.04,-0.62,0.01,0.04,0.09,0.00,0.00,0.00,0.15,-1.57,0.00,-0.08,-0.47,0.03,10.00
47405.00,-3.51,-1.04,-0.62,0.01,0.04,0.09,0.00,0.00,0.00,0.15,-1.57,0.00,-0.09,-0.48,0.04,10.00
47415.00,-3.51,-1.03,-0.62,0.03,0.09,0.09,2.30,5.60,-0.10,0.15,-1.58,0.00,-0.10,-0.48,0.06,16.00
47431.00,-3.51,-1.03,-0.62,0.03,0.09,0.09,0.00,0.00,0.00,0.15,-1.58,0.01,-0.10,-0.48,0.07,10.00
47441.00,-3.51,-1.03,-0.62,0.03,0.09,0.09,0.00,0.00,0.00,0.15,-1.59,0.01,-0.09,-0.47,0.08,10.00
47451.00,-3.51,-1.03,-0.62,0.03,0.09,0.09,0.00,0.00,0.00,0.15,-1.59,0.01,-0.09,-0.43,0.08,10.00
47461.00,-3.51,-1.02,-0.62,0.03,0.08,0.09,0.40,-1.00,0.20,0.15,-1.60,0.01,-0.09,-0.39,0.09,17.00
47478.00,-3.51,-1.02,-0.62,0.03,0.08,0.09,0.00,0.00,0.00,0.14,-1.60,0.01,-0.03,-0.12,0.03,10.00
47488.00,-3.51,-1.02,-0.62,0.03,0.08,0.09,0.00,0.00,0.00,0.14,-1.60,0.01,-0.10,-0.33,0.09,10.00
47503.00,-3.51,-1.02,-0.62,0.03,0.08,0.09,0.00,0.00,0.00,0.14,-1.61,0.01,-0.11,-0.32,0.07,10.00
47513.00,-3.51,-1.02,-0.62,0.03,0.08,0.09,0.00,0.00,0.00,0.14,-1.61,0.01,0.00,0.00,0.00,10.00
47523.00,-3.51,-1.00,-0.62,0.01,0.10,0.09,-1.80,1.30,0.00,0.14,-1.61,0.01,-0.09,-0.30,0.05,15.00
47538.00,-3.51,-1.00,-0.62,0.01,0.10,0.09,0.00,0.00,0.00,0.14,-1.61,0.01,-0.07,-0.27,0.02,10.00
47548.00,-3.51,-1.00,-0.62,0.01,0.10,0.09,0.00,0.00,0.00,0.14,-1.62,0.01,-0.05,-0.23,0.01,10.00
47558.00,-3.51,-1.00,-0.62,0.01,0.10,0.09,0.00,0.70,-0.10,0.14,-1.62,0.01,-0.05,-0.19,0.01,17.00
47575.00,-3.51,-1.00,-0.62,0.01,0.10,0.09,0.00,0.00,0.00,0.14,-1.62,0.01,-0.05,-0.12,-0.00,10.00
47585.00,-3.51,-1.00,-0.62,0.01,0.10,0.09,0.00,0.00,0.00,0.14,-1.62,0.01,-0.05,-0.10,-0.01,10.00
47595.00,-3.51,-1.00,-0.62,0.01,0.10,0.09,0.00,0.00,0.00,0.14,-1.62,0.01,-0.05,-0.09,-0.01,10.00
47605.00,-3.51,-1.00,-0.62,0.01,0.10,0.09,0.00,0.00,0.00,0.14,-1.62,0.01,-0.05,-0.08,-0.01,10.00
47620.00,-3.51,-1.00,-0.62,-0.01,0.10,0.09,-1.87,-0.53,-0.20,0.14,-1.62,0.01,-0.05,-0.07,-0.02,18.00
47638.00,-3.51,-1.00,-0.62,-0.01,0.10,0.09,0.00,0.00,0.00,0.13,-1.63,0.01,-0.07,-0.06,-0.02,10.00
47648.00,-3.51,-1.00,-0.62,-0.01,0.10,0.09,0.00,0.00,0.00,0.13,-1.63,0.01,-0.08,-0.07,-0.02,10.00
47658.00,-3.51,-1.00,-0.62,-0.03,0.05,0.09,-2.00,-4.50,-0.40,0.13,-1.63,0.01,-0.10,-0.07,-0.02,17.00
47675.00,-3.51,-1.00,-0.62,-0.03,0.05,0.09,0.00,0.00,0.00,0.13,-1.63,0.01,-0.12,-0.10,-0.03,10.00
47685.00,-3.51,-1.00,-0.62,-0.03,0.05,0.09,0.00,0.00,0.00,0.13,-1.63,0.01,-0.14,-0.11,-0.02,10.00
47695.00,-3.51,-1.00,-0.62,-0.03,0.05,0.09,0.00,0.00,0.00,0.13,-1.63,0.01,-0.16,-0.11,-0.02,10.00
47705.00,-3.51,-1.00,-0.62,-0.03,0.05,0.09,0.00,0.00,0.00,0.13,-1.63,0.01,-0.18,-0.10,-0.02,10.00
47715.00,-3.51,-0.99,-0.62,-0.03,0.05,0.08,0.50,-0.30,-0.40,0.12,-1.63,0.01,-0.19,-0.10,-0.02,16.00
47731.00,-3.51,-0.99,-0.62,-0.03,0.05,0.08,0.00,0.00,0.00,0.12,-1.63,0.01,-0.21,-0.10,-0.02,10.00
47751.00,-3.51,-0.99,-0.62,-0.03,0.05,0.08,0.00,0.00,0.00,0.12,-1.64,0.01,-0.21,-0.10,-0.02,10.00
47761.00,-3.51,-0.99,-0.62,0.01,0.05,0.08,3.90,0.10,0.10,0.11,-1.64,0.01,-0.20,-0.10,-0.02,16.00
47777.00,-3.51,-0.99,-0.62,0.01,0.05,0.08,0.00,0.00,0.00,0.11,-1.64,0.01,-0.16,-0.09,-0.02,10.00
47787.00,-3.51,-0.99,-0.62,0.01,0.05,0.08,0.00,0.00,0.00,0.11,-1.64,0.01,-0.14,-0.08,-0.01,10.00
47797.00,-3.51,-0.99,-0.62,0.01,0.05,0.08,0.00,0.00,0.00,0.11,-1.64,0.01,-0.13,-0.07,0.01,10.00
47807.00,-3.51,-0.99,-0.62,0.01,0.05,0.08,0.00,0.00,0.00,0.11,-1.64,0.01,-0.11,-0.06,0.02,10.00
47817.00,-3.50,-0.98,-0.63,-0.01,0.03,0.08,-2.40,-2.30,-0.40,0.11,-1.64,0.01,-0.10,-0.06,0.03,15.00
47833.00,-3.50,-0.98,-0.63,-0.01,0.03,0.08,0.00,0.00,0.00,0.11,-1.64,0.01,-0.06,-0.06,0.05,10.00
47843.00,-3.50,-0.98,-0.63,-0.01,0.03,0.08,0.00,0.00,0.00,0.11,-1.64,0.01,-0.05,-0.06,0.06,10.00
47853.00,-3.50,-0.98,-0.63,-0.03,0.03,0.08,-1.90,0.60,-0.10,0.11,-1.64,0.01,-0.01,-0.06,0.07,16.00
47874.00,-3.50,-0.98,-0.63,-0.03,0.03,0.08,0.00,0.00,0.00,0.11,-1.64,0.01,0.05,-0.04,0.09,10.00
47884.00,-3.50,-0.98,-0.63,-0.03,0.03,0.08,0.00,0.00,0.00,0.11,-1.64,0.01,0.07,-0.04,0.09,10.00
47894.00,-3.50,-0.98,-0.63,-0.03,0.03,0.08,0.00,0.00,0.00,0.11,-1.65,0.01,0.09,-0.04,0.09,10.00
47904.00,-3.50,-0.97,-0.64,-0.07,0.06,0.08,-3.90,2.80,0.30,0.11,-1.65,0.01,0.10,-0.04,0.09,16.00
47920.00,-3.50,-0.97,-0.64,-0.07,0.06,0.08,0.00,0.00,0.00,0.11,-1.65,0.02,0.11,-0.03,0.09,10.00
47930.00,-3.50,-0.97,-0.64,-0.07,0.06,0.08,0.00,0.00,0.00,0.11,-1.65,0.02,0.11,-0.04,0.09,10.00
47940.00,-3.50,-0.97,-0.64,-0.07,0.06,0.08,0.00,0.00,0.00,0.11,-1.65,0.02,0.10,-0.03,0.09,10.00
47950.00,-3.50,-0.97,-0.64,-0.07,0.06,0.08,0.00,0.00,0.00,0.11,-1.65,0.02,0.10,-0.04,0.09,10.00
47960.00,-3.50,-0.97,-0.64,-0.07,0.06,0.08,0.00,0.00,0.00,0.12,-1.65,0.02,0.10,-0.05,0.08,10.00
47970.00,-3.50,-0.97,-0.63,-0.07,0.04,0.07,0.60,-1.50,-1.40,0.12,-1.65,0.02,0.10,-0.06,0.08,19.00
47993.00,-3.50,-0.97,-0.63,-0.07,0.04,0.07,0.00,0.00,0.00,0.12,-1.65,0.02,0.08,-0.07,0.07,10.00
48003.00,-3.50,-0.97,-0.63,-0.07,0.04,0.07,0.00,0.00,0.00,0.12,-1.65,0.02,0.06,-0.07,0.07,10.00
48013.00,-3.50,-0.97,-0.63,-0.02,0.02,0.06,4.80,-2.20,-0.80,0.12,-1.65,0.02,0.04,-0.06,0.07,17.00
48030.00,-3.50,-0.97,-0.63,-0.02,0.02,0.06,0.00,0.00,0.00,0.12,-1.65,0.02,0.02,-0.05,0.06,10.00
48040.00,-3.50,-0.97,-0.63,-0.02,0.02,0.06,0.00,0.00,0.00,0.12,-1.65,0.02,0.01,-0.04,0.05,10.00
48050.00,-3.50,-0.97,-0.63,-0.02,0.02,0.06,0.00,0.00,0.00,0.12,-1.65,0.03,0.00,-0.04,0.03,10.00
48060.00,-3.48,-0.98,-0.64,-0.01,-0.04,0.06,0.90,-6.40,0.20,0.12,-1.65,0.03,-0.01,-0.04,0.02,16.00
48076.00,-3.48,-0.98,-0.64,-0.01,-0.04,0.06,0.00,0.00,0.00,0.12,-1.65,0.03,-0.04,-0.03,0.00,10.00
48086.00,-3.48,-0.98,-0.64,-0.01,-0.04,0.06,0.00,0.00,0.00,0.12,-1.65,0.03,-0.05,-0.04,-0.01,10.00
48096.00,-3.48,-0.98,-0.64,-0.01,-0.04,0.06,0.00,0.00,0.00,0.12,-1.65,0.03,-0.07,-0.04,-0.01,10.00
48111.00,-3.48,-0.98,-0.65,-0.01,-0.01,0.07,0.13,2.07,0.40,0.12,-1.66,0.03,-0.08,-0.04,-0.02,17.00
48128.00,-3.48,-0.98,-0.65,-0.01,-0.01,0.07,0.00,0.00,0.00,0.11,-1.66,0.02,-0.09,-0.05,-0.03,10.00
48138.00,-3.48,-0.98,-0.65,-0.01,-0.01,0.07,0.00,0.00,0.00,0.11,-1.66,0.02,-0.09,-0.05,-0.03,10.00
48148.00,-3.48,-0.98,-0.65,-0.01,-0.01,0.07,0.00,0.00,0.00,0.11,-1.66,0.02,-0.09,-0.05,-0.03,10.00
48158.00,-3.48,-0.98,-0.65,-0.01,-0.01,0.07,0.00,0.00,0.00,0.11,-1.66,0.02,-0.09,-0.06,-0.04,10.00
48168.00,-3.48,-0.97,-0.65,-0.01,0.02,0.07,-0.30,2.90,0.00,0.11,-1.66,0.02,-0.08,-0.07,-0.04,17.00
48185.00,-3.48,-0.97,-0.65,-0.01,0.02,0.07,0.00,0.00,0.00,0.11,-1.66,0.02,-0.06,-0.08,-0.04,10.00
48195.00,-3.48,-0.97,-0.65,-0.01,0.02,0.07,0.00,0.00,0.00,0.11,-1.66,0.02,-0.05,-0.08,-0.04,10.00
48205.00,-3.48,-0.97,-0.65,0.01,0.02,0.06,2.40,0.60,-1.00,0.11,-1.66,0.02,-0.05,-0.08,-0.04,16.00
48221.00,-3.48,-0.97,-0.65,0.01,0.02,0.06,0.00,0.00,0.00,0.11,-1.66,0.02,-0.04,-0.07,-0.04,10.00
48236.00,-3.48,-0.97,-0.65,0.01,0.02,0.06,0.00,0.00,0.00,0.11,-1.66,0.02,-0.02,-0.07,-0.04,10.00
48246.00,-3.48,-0.97,-0.65,0.01,0.02,0.06,0.00,0.00,0.00,0.11,-1.66,0.02,-0.01,-0.08,-0.03,10.00
48256.00,-3.47,-0.98,-0.65,0.00,0.01,0.05,-1.10,-1.00,-0.40,0.11,-1.66,0.02,-0.00,-0.08,-0.03,15.00
48271.00,-3.47,-0.98,-0.65,0.00,0.01,0.05,0.00,0.00,0.00,0.11,-1.67,0.02,-0.00,-0.08,-0.02,10.00
48281.00,-3.47,-0.98,-0.65,0.00,0.01,0.05,0.00,0.00,0.00,0.11,-1.67,0.02,-0.01,-0.07,-0.02,10.00
48291.00,-3.47,-0.98,-0.65,0.00,0.01,0.05,0.00,0.00,0.00,0.11,-1.67,0.02,-0.01,-0.07,-0.01,10.00
48301.00,-3.47,-0.98,-0.65,0.00,0.01,0.05,0.00,0.00,0.00,0.11,-1.67,0.02,-0.01,-0.06,-0.00,10.00
48311.00,-3.47,-0.98,-0.66,0.01,0.02,0.06,0.70,0.10,0.50,0.11,-1.67,0.02,-0.01,-0.05,0.00,17.00
48328.00,-3.47,-0.98,-0.66,0.01,0.02,0.06,0.00,0.00,0.00,0.11,-1.67,0.02,-0.01,-0.03,0.02,10.00
48338.00,-3.47,-0.98,-0.66,0.01,0.02,0.06,0.00,0.00,0.00,0.11,-1.67,0.02,-0.00,-0.03,0.03,10.00
48353.00,-3.47,-0.98,-0.66,0.01,0.02,0.06,0.00,0.00,0.00,0.11,-1.67,0.02,0.00,-0.02,0.03,10.00
48363.00,-3.47,-0.98,-0.67,-0.01,0.01,0.05,-2.20,-0.70,-0.30,0.11,-1.67,0.02,0.01,-0.00,0.03,17.00
48380.00,-3.47,-0.98,-0.67,-0.01,0.01,0.05,0.00,0.00,0.00,0.11,-1.67,0.02,0.02,0.01,0.03,10.00
48390.00,-3.47,-0.98,-0.67,-0.01,0.01,0.05,0.00,0.00,0.00,0.11,-1.67,0.02,0.02,0.02,0.03,10.00
48400.00,-3.47,-0.98,-0.67,-0.01,0.01,0.05,0.00,0.00,0.00,0.11,-1.67,0.02,0.03,0.02,0.02,10.00
48410.00,-3.47,-0.98,-0.67,-0.03,0.00,0.05,-2.00,-0.60,-0.20,0.11,-1.67,0.02,0.03,0.02,0.02,16.00
48426.00,-3.47,-0.98,-0.67,-0.03,0.00,0.05,0.00,0.00,0.00,0.11,-1.67,0.02,0.01,0.01,0.03,10.00
48436.00,-3.47,-0.98,-0.67,-0.03,0.00,0.05,0.00,0.00,0.00,0.11,-1.67,0.02,-0.01,0.01,0.03,10.00
48446.00,-3.47,-0.98,-0.67,-0.03,0.00,0.05,0.00,0.00,0.00,0.11,-1.67,0.02,-0.02,0.01,0.04,10.00
48456.00,-3.47,-0.98,-0.67,-0.03,0.00,0.05,0.00,0.00,0.00,0.11,-1.67,0.02,-0.01,0.01,0.03,10.00
48471.00,-3.46,-0.98,-0.67,-0.00,-0.00,0.05,1.93,-0.20,-0.40,0.11,-1.67,0.02,-0.01,0.03,0.03,19.00
48490.00,-3.46,-0.98,-0.67,-0.00,-0.00,0.05,0.00,0.00,0.00,0.11,-1.67,0.02,0.00,0.03,0.03,10.00
48500.00,-3.46,-0.98,-0.67,-0.00,-0.00,0.05,0.00,0.00,0.00,0.11,-1.67,0.02,-0.00,0.03,0.03,10.00
48510.00,-3.46,-0.99,-0.67,0.02,-0.01,0.04,2.40,-0.60,-0.30,0.11,-1.67,0.02,-0.00,0.03,0.02,15.00
48525.00,-3.46,-0.99,-0.67,0.02,-0.01,0.04,0.00,0.00,0.00,0.11,-1.67,0.03,-0.00,0.02,0.03,10.00
48535.00,-3.46,-0.99,-0.67,0.02,-0.01,0.04,0.00,0.00,0.00,0.11,-1.67,0.03,-0.00,0.01,0.02,10.00
48545.00,-3.46,-0.99,-0.67,0.02,-0.01,0.04,0.00,0.00,0.00,0.11,-1.67,0.03,0.00,0.01,0.02,10.00
48555.00,-3.45,-0.99,-0.67,-0.02,0.02,0.03,-3.60,2.30,-1.40,0.11,-1.67,0.03,0.00,0.00,0.02,17.00
48572.00,-3.45,-0.99,-0.67,-0.02,0.02,0.03,0.00,0.00,0.00,0.11,-1.67,0.03,0.00,-0.01,0.02,10.00
48582.00,-3.45,-0.99,-0.67,-0.02,0.02,0.03,0.00,0.00,0.00,0.11,-1.67,0.03,-0.00,-0.01,0.02,10.00
48596.00,-3.45,-0.99,-0.67,-0.02,0.02,0.03,0.00,0.00,0.00,0.11,-1.67,0.03,-0.00,-0.02,0.02,10.00
48606.00,-3.45,-0.99,-0.67,-0.02,0.02,0.03,0.00,0.00,0.00,0.11,-1.67,0.03,-0.00,-0.03,0.03,10.00
48616.00,-3.45,-0.98,-0.67,-0.03,0.03,0.03,-1.80,1.30,0.00,0.11,-1.67,0.03,-0.01,-0.04,0.03,15.00
48631.00,-3.45,-0.98,-0.67,-0.03,0.03,0.03,0.00,0.00,0.00,0.11,-1.67,0.03,-0.00,-0.05,0.03,10.00
48641.00,-3.45,-0.98,-0.67,-0.03,0.03,0.03,0.00,0.00,0.00,0.11,-1.67,0.03,-0.01,-0.05,0.03,10.00
48651.00,-3.45,-0.98,-0.67,-0.03,0.03,0.03,0.00,0.00,0.00,0.11,-1.67,0.03,-0.01,-0.05,0.03,10.00
48661.00,-3.45,-0.99,-0.67,-0.02,-0.00,0.03,1.60,-3.30,-0.10,0.11,-1.67,0.03,-0.00,-0.05,0.03,17.00
48678.00,-3.45,-0.99,-0.67,-0.02,-0.00,0.03,0.00,0.00,0.00,0.11,-1.67,0.03,-0.01,-0.05,0.02,10.00
48688.00,-3.45,-0.99,-0.67,-0.02,-0.00,0.03,0.00,0.00,0.00,0.11,-1.67,0.03,-0.01,-0.05,0.01,10.00
48698.00,-3.45,-0.99,-0.67,-0.02,-0.00,0.03,0.00,0.00,0.00,0.11,-1.67,0.03,-0.01,-0.05,0.01,10.00
48713.00,-3.45,-0.99,-0.68,0.00,-0.01,0.03,1.33,-0.33,-0.13,0.11,-1.67,0.03,-0.01,-0.04,0.00,18.00
48731.00,-3.45,-0.99,-0.68,0.00,-0.01,0.03,0.00,0.00,0.00,0.11,-1.67,0.03,-0.01,-0.04,-0.00,10.00
48741.00,-3.45,-0.99,-0.68,0.00,-0.01,0.03,0.00,0.00,0.00,0.11,-1.67,0.03,-0.02,-0.03,-0.00,10.00
48751.00,-3.45,-0.99,-0.68,0.00,-0.01,0.03,0.00,0.00,0.00,0.11,-1.67,0.03,-0.01,-0.03,-0.00,10.00
48761.00,-3.45,-1.00,-0.68,-0.01,0.01,0.03,-1.70,1.60,0.50,0.11,-1.67,0.03,-0.02,-0.02,-0.01,16.00
48777.00,-3.45,-1.00,-0.68,-0.01,0.01,0.03,0.00,0.00,0.00,0.11,-1.67,0.03,-0.02,-0.01,-0.00,10.00
48787.00,-3.45,-1.00,-0.68,-0.01,0.01,0.03,0.00,0.00,0.00,0.11,-1.67,0.03,-0.01,-0.00,-0.00,10.00
48797.00,-3.45,-1.00,-0.68,-0.01,0.01,0.03,0.00,0.00,0.00,0.11,-1.67,0.03,-0.02,-0.00,-0.00,10.00
48807.00,-3.45,-1.00,-0.68,-0.01,0.01,0.03,0.00,0.00,0.00,0.11,-1.67,0.03,-0.02,0.01,0.00,10.00
48817.00,-3.44,-1.00,-0.68,-0.02,-0.01,0.03,-0.30,-1.80,-0.60,0.11,-1.67,0.03,-0.02,0.02,0.01,16.00
48842.00,-3.44,-1.00,-0.68,-0.02,-0.01,0.03,0.00,0.00,0.00,0.11,-1.67,0.03,-0.03,0.04,0.00,10.00
48852.00,-3.44,-1.00,-0.68,-0.02,-0.01,0.03,0.00,0.00,0.00,0.11,-1.67,0.03,-0.02,0.04,0.00,10.00
48862.00,-3.44,-1.01,-0.68,0.02,-0.05,0.02,3.80,-3.90,-0.50,0.11,-1.67,0.03,-0.02,0.05,-0.00,17.00
48879.00,-3.44,-1.01,-0.68,0.02,-0.05,0.02,0.00,0.00,0.00,0.11,-1.67,0.03,-0.01,0.04,-0.02,10.00
48889.00,-3.44,-1.01,-0.68,0.02,-0.05,0.02,0.00,0.00,0.00,0.11,-1.67,0.03,-0.00,0.05,-0.02,10.00
48899.00,-3.44,-1.01,-0.68,0.02,-0.05,0.02,0.00,0.00,0.00,0.11,-1.67,0.03,0.00,0.05,-0.03,10.00
48909.00,-3.43,-1.01,-0.68,0.03,-0.01,0.02,1.20,4.00,-0.40,0.11,-1.67,0.03,-0.00,0.06,-0.03,15.00
48924.00,-3.43,-1.01,-0.68,0.03,-0.01,0.02,0.00,0.00,0.00,0.10,-1.67,0.03,-0.01,0.06,-0.01,10.00
48934.00,-3.43,-1.01,-0.68,0.03,-0.01,0.02,0.00,0.00,0.00,0.10,-1.67,0.03,-0.02,0.06,-0.01,10.00
48944.00,-3.43,-1.01,-0.68,0.03,-0.01,0.02,0.00,0.00,0.00,0.10,-1.67,0.03,-0.02,0.06,-0.01,10.00
48959.00,-3.43,-1.00,-0.68,0.02,0.05,0.01,-1.20,3.67,-0.13,0.10,-1.67,0.03,-0.03,0.07,-0.00,15.00
48974.00,-3.43,-1.00,-0.68,0.02,0.05,0.01,0.00,0.00,0.00,0.10,-1.67,0.03,-0.03,0.05,-0.00,10.00
48984.00,-3.43,-1.00,-0.68,0.02,0.05,0.01,0.00,0.00,0.00,0.10,-1.67,0.03,-0.02,0.04,-0.00,10.00
48994.00,-3.43,-1.00,-0.68,0.02,0.05,0.01,0.00,0.00,0.00,0.10,-1.66,0.03,-0.02,0.04,-0.01,10.00
49004.00,-3.43,-1.00,-0.68,0.02,0.05,0.01,0.00,0.00,0.00,0.10,-1.66,0.03,-0.01,0.03,-0.01,10.00
49014.00,-3.43,-1.01,-0.68,0.01,0.01,0.01,-1.00,-3.70,-0.20,0.10,-1.66,0.03,-0.00,0.01,-0.01,18.00
49032.00,-3.43,-1.01,-0.68,0.01,0.01,0.01,0.00,0.00,0.00,0.10,-1.66,0.03,0.00,-0.01,-0.01,10.00
49042.00,-3.43,-1.01,-0.68,0.01,0.01,0.01,0.00,0.00,0.00,0.10,-1.66,0.03,0.01,-0.01,-0.01,10.00
49052.00,-3.42,-1.02,-0.67,0.01,-0.03,0.01,0.00,-3.40,-0.40,0.10,-1.66,0.03,0.01,-0.02,-0.00,18.00
49070.00,-3.42,-1.02,-0.67,0.01,-0.03,0.01,0.00,0.00,0.00,0.10,-1.67,0.03,0.01,-0.03,0.00,10.00
49085.00,-3.42,-1.02,-0.67,0.01,-0.03,0.01,0.00,0.00,0.00,0.10,-1.67,0.03,0.01,-0.03,0.00,10.00
49095.00,-3.42,-1.02,-0.67,0.01,-0.03,0.01,0.00,0.00,0.00,0.10,-1.67,0.03,0.02,-0.03,0.00,10.00
49105.00,-3.42,-1.01,-0.68,-0.01,-0.00,0.02,-1.60,2.30,0.70,0.10,-1.67,0.03,0.02,-0.03,0.00,16.00
49121.00,-3.42,-1.01,-0.68,-0.01,-0.00,0.02,0.00,0.00,0.00,0.10,-1.67,0.03,0.02,-0.02,-0.00,10.00
49131.00,-3.42,-1.01,-0.68,-0.01,-0.00,0.02,0.00,0.00,0.00,0.10,-1.67,0.03,0.01,-0.02,-0.00,10.00
49141.00,-3.42,-1.01,-0.68,-0.01,-0.00,0.02,0.00,0.00,0.00,0.10,-1.67,0.03,0.00,-0.02,-0.00,10.00
49151.00,-3.42,-1.01,-0.68,-0.01,-0.00,0.02,0.00,0.00,0.00,0.10,-1.67,0.03,0.00,0.00,0.00,10.00
49161.00,-3.42,-1.01,-0.68,-0.00,-0.03,0.01,0.90,-2.30,-0.10,0.10,-1.67,0.03,0.00,-0.01,-0.02,17.00
49178.00,-3.42,-1.01,-0.68,-0.00,-0.03,0.01,0.00,0.00,0.00,0.10,-1.67,0.03,0.01,-0.02,-0.03,10.00
49188.00,-3.42,-1.01,-0.68,-0.00,-0.03,0.01,0.00,0.00,0.00,0.10,-1.67,0.03,0.01,-0.01,-0.03,10.00
49203.00,-3.42,-1.01,-0.68,-0.00,-0.03,0.01,0.00,0.00,0.00,0.11,-1.67,0.03,0.01,-0.01,-0.03,10.00
49213.00,-3.42,-1.03,-0.68,0.04,-0.04,0.01,4.50,-1.50,-0.20,0.11,-1.67,0.03,-0.01,-0.01,-0.02,18.00
49231.00,-3.42,-1.03,-0.68,0.04,-0.04,0.01,0.00,0.00,0.00,0.10,-1.67,0.03,-0.03,0.01,-0.00,10.00
49241.00,-3.42,-1.03,-0.68,0.04,-0.04,0.01,0.00,0.00,0.00,0.10,-1.67,0.03,-0.03,0.02,0.00,10.00
49251.00,-3.42,-1.03,-0.68,0.04,-0.04,0.01,0.00,0.00,0.00,0.10,-1.67,0.03,-0.04,0.03,0.01,10.00
49261.00,-3.41,-1.03,-0.68,0.02,-0.01,0.01,-1.90,3.30,-0.40,0.10,-1.67,0.03,-0.03,0.04,0.01,16.00
49277.00,-3.41,-1.03,-0.68,0.02,-0.01,0.01,0.00,0.00,0.00,0.10,-1.67,0.03,-0.03,0.05,0.00,10.00
49287.00,-3.41,-1.03,-0.68,0.02,-0.01,0.01,0.00,0.00,0.00,0.10,-1.67,0.03,-0.03,0.07,0.00,10.00
49297.00,-3.41,-1.03,-0.68,0.02,-0.01,0.01,0.00,0.00,0.00,0.10,-1.66,0.03,-0.03,0.07,-0.00,10.00
49307.00,-3.41,-1.03,-0.68,0.02,-0.01,0.01,0.00,0.00,0.00,0.10,-1.66,0.03,-0.03,0.09,-0.01,10.00
49322.00,-3.41,-1.03,-0.67,-0.01,0.01,0.00,-2.40,1.07,-0.40,0.10,-1.66,0.03,-0.03,0.10,-0.01,20.00
49342.00,-3.41,-1.03,-0.67,-0.01,0.01,0.00,0.00,0.00,0.00,0.10,-1.66,0.03,-0.03,0.10,-0.01,10.00
49352.00,-3.41,-1.03,-0.67,-0.01,0.01,0.00,0.00,0.00,0.00,0.10,-1.66,0.03,-0.03,0.11,-0.01,10.00
49362.00,-3.41,-1.03,-0.67,-0.01,-0.02,-0.00,0.20,-2.60,-0.50,0.10,-1.66,0.03,-0.03,0.10,-0.01,16.00
49378.00,-3.41,-1.03,-0.67,-0.01,-0.02,-0.00,0.00,0.00,0.00,0.10,-1.66,0.03,-0.04,0.10,-0.00,10.00
49388.00,-3.41,-1.03,-0.67,-0.01,-0.02,-0.00,0.00,0.00,0.00,0.10,-1.66,0.02,-0.04,0.11,-0.00,10.00
49398.00,-3.41,-1.03,-0.67,-0.01,-0.02,-0.00,0.00,0.00,0.00,0.10,-1.65,0.02,-0.04,0.10,0.00,10.00
49408.00,-3.41,-1.03,-0.67,-0.01,-0.02,-0.00,0.00,0.00,0.00,0.10,-1.65,0.03,-0.03,0.10,0.00,10.00
49418.00,-3.41,-1.03,-0.67,0.02,-0.00,-0.00,2.50,1.40,-0.10,0.10,-1.65,0.03,-0.03,0.11,0.00,16.00
49434.00,-3.41,-1.03,-0.67,0.02,-0.00,-0.00,0.00,0.00,0.00,0.10,-1.65,0.03,-0.02,0.11,0.01,10.00
49449.00,-3.41,-1.03,-0.67,0.02,-0.00,-0.00,0.00,0.00,0.00,0.10,-1.65,0.03,-0.02,0.12,0.01,10.00
49459.00,-3.41,-1.04,-0.66,-0.01,0.02,-0.01,-2.50,2.60,-0.40,0.10,-1.65,0.03,-0.01,0.13,0.01,15.00
49474.00,-3.41,-1.04,-0.66,-0.01,0.02,-0.01,0.00,0.00,0.00,0.10,-1.65,0.03,-0.01,0.14,0.01,10.00
49484.00,-3.41,-1.04,-0.66,-0.01,0.02,-0.01,0.00,0.00,0.00,0.10,-1.64,0.03,-0.00,0.16,0.01,10.00
49494.00,-3.41,-1.04,-0.66,-0.01,0.02,-0.01,0.00,0.00,0.00,0.10,-1.64,0.03,0.00,0.16,0.01,10.00
49504.00,-3.41,-1.04,-0.66,-0.01,0.02,-0.01,0.00,0.00,0.00,0.10,-1.64,0.03,0.01,0.17,0.01,10.00
49514.00,-3.40,-1.04,-0.66,-0.02,-0.02,-0.02,-1.10,-4.30,-1.00,0.10,-1.64,0.03,0.01,0.18,0.01,19.00
49533.00,-3.40,-1.04,-0.66,-0.02,-0.02,-0.02,0.00,0.00,0.00,0.10,-1.63,0.03,0.01,0.20,0.00,10.00
49543.00,-3.40,-1.04,-0.66,-0.02,-0.02,-0.02,0.00,0.00,0.00,0.10,-1.63,0.03,0.01,0.22,0.01,10.00
49553.00,-3.40,-1.04,-0.66,-0.02,-0.02,-0.02,0.00,0.00,0.00,0.10,-1.63,0.03,0.01,0.23,0.01,10.00
49568.00,-3.40,-1.06,-0.65,0.02,-0.06,-0.02,2.73,-2.87,-0.27,0.10,-1.63,0.03,0.01,0.25,0.01,16.00
49584.00,-3.40,-1.06,-0.65,0.02,-0.06,-0.02,0.00,0.00,0.00,0.10,-1.62,0.03,0.01,0.28,0.01,10.00
49594.00,-3.40,-1.06,-0.65,0.02,-0.06,-0.02,0.00,0.00,0.00,0.10,-1.62,0.03,0.01,0.30,0.01,10.00
49604.00,-3.38,-1.06,-0.63,0.02,-0.06,-0.04,0.30,0.50,-1.80,0.10,-1.62,0.03,0.01,0.34,0.01,16.00
49620.00,-3.38,-1.06,-0.63,0.02,-0.06,-0.04,0.00,0.00,0.00,0.10,-1.61,0.03,0.01,0.36,0.01,10.00
49630.00,-3.38,-1.06,-0.63,0.02,-0.06,-0.04,0.00,0.00,0.00,0.10,-1.61,0.03,0.01,0.39,0.01,10.00
49640.00,-3.38,-1.06,-0.63,0.02,-0.06,-0.04,0.00,0.00,0.00,0.10,-1.60,0.03,0.02,0.42,0.01,10.00
49650.00,-3.38,-1.06,-0.63,0.02,-0.06,-0.04,0.00,0.00,0.00,0.10,-1.60,0.03,0.03,0.48,0.00,10.00
49660.00,-3.38,-1.06,-0.63,0.02,-0.06,-0.04,0.00,0.00,0.00,0.10,-1.59,0.03,0.03,0.48,0.00,10.00
49670.00,-3.38,-1.07,-0.62,0.02,-0.07,-0.05,-0.30,-1.00,-0.80,0.10,-1.59,0.03,0.04,0.52,-0.01,18.00
49692.00,-3.38,-1.07,-0.62,0.02,-0.07,-0.05,0.00,0.00,0.00,0.10,-1.57,0.03,0.08,0.61,-0.03,10.00
49702.00,-3.38,-1.07,-0.62,0.02,-0.07,-0.05,0.00,0.00,0.00,0.10,-1.57,0.03,0.11,0.72,-0.05,10.00
49712.00,-3.38,-1.07,-0.62,0.01,-0.04,-0.05,-1.40,3.30,-0.30,0.10,-1.56,0.03,0.11,0.72,-0.05,17.00
49729.00,-3.38,-1.07,-0.62,0.01,-0.04,-0.05,0.00,0.00,0.00,0.11,-1.55,0.02,0.12,0.80,-0.05,10.00
49739.00,-3.38,-1.07,-0.62,0.01,-0.04,-0.05,0.00,0.00,0.00,0.11,-1.54,0.02,0.04,0.27,-0.01,10.00
49749.00,-3.38,-1.07,-0.62,0.01,-0.04,-0.05,0.00,0.00,0.00,0.11,-1.53,0.02,0.09,0.88,-0.02,10.00
49759.00,-3.38,-1.07,-0.62,0.01,-0.04,-0.05,0.00,0.00,0.00,0.11,-1.53,0.02,0.09,0.88,-0.02,10.00
49769.00,-3.38,-1.08,-0.61,-0.01,-0.04,-0.06,-1.20,-0.30,-0.60,0.11,-1.52,0.02,0.09,0.92,-0.01,16.00
49785.00,-3.38,-1.08,-0.61,-0.01,-0.04,-0.06,0.00,0.00,0.00,0.11,-1.50,0.02,0.09,0.96,-0.01,10.00
49795.00,-3.38,-1.08,-0.61,-0.01,-0.04,-0.06,0.00,0.00,0.00,0.11,-1.49,0.02,0.09,0.99,-0.00,10.00
49814.00,-3.37,-1.10,-0.60,-0.01,-0.05,-0.06,-0.42,-0.74,-0.37,0.11,-1.47,0.02,0.12,1.05,-0.01,18.00
49832.00,-3.37,-1.10,-0.60,-0.01,-0.05,-0.06,0.00,0.00,0.00,0.12,-1.45,0.02,0.10,1.11,-0.00,10.00
49842.00,-3.37,-1.10,-0.60,-0.01,-0.05,-0.06,0.00,0.00,0.00,0.12,-1.44,0.02,0.09,1.14,0.00,10.00
49852.00,-3.37,-1.10,-0.60,-0.01,-0.05,-0.06,0.00,0.00,0.00,0.12,-1.43,0.02,0.07,1.14,0.01,10.00
49862.00,-3.38,-1.11,-0.59,-0.08,-0.07,-0.07,-6.80,-2.00,-0.30,0.12,-1.42,0.02,0.07,1.14,0.01,17.00
49879.00,-3.38,-1.11,-0.59,-0.08,-0.07,-0.07,0.00,0.00,0.00,0.12,-1.40,0.02,0.00,1.11,0.03,10.00
49889.00,-3.38,-1.11,-0.59,-0.08,-0.07,-0.07,0.00,0.00,0.00,0.12,-1.39,0.02,-0.01,1.11,0.04,10.00
49899.00,-3.38,-1.11,-0.59,-0.08,-0.07,-0.07,0.00,0.00,0.00,0.12,-1.38,0.03,-0.02,1.10,0.05,10.00
49909.00,-3.38,-1.11,-0.59,-0.08,-0.07,-0.07,0.00,0.00,0.00,0.12,-1.36,0.03,-0.02,1.10,0.05,10.00
49919.00,-3.38,-1.11,-0.59,-0.12,-0.07,-0.08,-3.50,0.30,-0.80,0.12,-1.35,0.03,-0.04,1.09,0.07,16.00
49939.00,-3.38,-1.11,-0.59,-0.12,-0.07,-0.08,0.00,0.00,0.00,0.12,-1.33,0.03,-0.06,1.07,0.09,10.00
49949.00,-3.38,-1.11,-0.59,-0.12,-0.07,-0.08,0.00,0.00,0.00,0.12,-1.32,0.03,-0.06,1.07,0.09,10.00
49959.00,-3.38,-1.12,-0.57,-0.12,-0.11,-0.09,-0.70,-4.20,-1.60,0.11,-1.31,0.03,-0.06,1.07,0.09,15.00
49974.00,-3.38,-1.12,-0.57,-0.12,-0.11,-0.09,0.00,0.00,0.00,0.11,-1.29,0.03,-0.05,1.08,0.09,10.00
49984.00,-3.38,-1.12,-0.57,-0.12,-0.11,-0.09,0.00,0.00,0.00,0.11,-1.28,0.03,-0.04,1.08,0.09,10.00
49994.00,-3.38,-1.12,-0.57,-0.12,-0.11,-0.09,0.00,0.00,0.00,0.11,-1.27,0.03,-0.04,1.08,0.10,10.00
50004.00,-3.38,-1.12,-0.57,-0.12,-0.11,-0.09,0.00,0.00,0.00,0.11,-1.26,0.03,-0.04,1.07,0.10,10.00
50014.00,-3.38,-1.14,-0.55,-0.08,-0.22,-0.11,4.10,-11.20,-2.20,0.11,-1.25,0.04,-0.04,1.07,0.10,18.00
50032.00,-3.38,-1.14,-0.55,-0.08,-0.22,-0.11,0.00,0.00,0.00,0.11,-1.23,0.04,-0.06,1.07,0.13,10.00
50042.00,-3.38,-1.14,-0.55,-0.08,-0.22,-0.11,0.00,0.00,0.00,0.11,-1.22,0.04,-0.06,1.08,0.12,10.00
50057.00,-3.38,-1.16,-0.53,-0.02,-0.28,-0.13,4.40,-3.67,-1.13,0.11,-1.21,0.04,-0.04,1.08,0.12,16.00
50073.00,-3.38,-1.16,-0.53,-0.02,-0.28,-0.13,0.00,0.00,0.00,0.11,-1.19,0.04,-0.01,1.08,0.10,10.00
50083.00,-3.38,-1.16,-0.53,-0.02,-0.28,-0.13,0.00,0.00,0.00,0.11,-1.18,0.04,0.03,1.09,0.08,10.00
50093.00,-3.38,-1.16,-0.53,-0.02,-0.28,-0.13,0.00,0.00,0.00,0.11,-1.17,0.04,0.07,1.10,0.06,10.00
50103.00,-3.38,-1.16,-0.53,-0.02,-0.28,-0.13,0.00,0.00,0.00,0.11,-1.16,0.04,0.10,1.09,0.03,10.00
50113.00,-3.37,-1.18,-0.53,0.02,-0.26,-0.13,3.20,1.50,-0.10,0.11,-1.14,0.04,0.11,1.09,0.01,19.00
50132.00,-3.37,-1.18,-0.53,0.02,-0.26,-0.13,0.00,0.00,0.00,0.11,-1.12,0.04,0.09,1.09,-0.02,10.00
50142.00,-3.37,-1.18,-0.53,0.02,-0.26,-0.13,0.00,0.00,0.00,0.12,-1.11,0.04,0.09,1.10,-0.03,10.00
50152.00,-3.37,-1.18,-0.53,0.02,-0.26,-0.13,0.00,0.00,0.00,0.12,-1.10,0.04,0.09,1.11,-0.04,10.00
50162.00,-3.37,-1.17,-0.52,0.08,-0.06,-0.13,6.20,20.90,0.40,0.12,-1.09,0.04,0.09,1.12,-0.05,16.00
50183.00,-3.37,-1.17,-0.52,0.08,-0.06,-0.13,0.00,0.00,0.00,0.12,-1.07,0.04,0.09,1.14,-0.05,10.00
50193.00,-3.37,-1.17,-0.52,0.08,-0.06,-0.13,0.00,0.00,0.00,0.12,-1.05,0.04,0.08,1.16,-0.04,10.00
50203.00,-3.37,-1.17,-0.52,0.08,-0.06,-0.13,0.00,0.00,0.00,0.12,-1.04,0.04,0.07,1.19,-0.04,10.00
50213.00,-3.37,-1.16,-0.50,0.12,0.04,-0.15,4.40,9.10,-1.90,0.12,-1.03,0.04,0.06,1.21,-0.03,19.00
50232.00,-3.37,-1.16,-0.50,0.12,0.04,-0.15,0.00,0.00,0.00,0.12,-1.01,0.04,0.03,1.22,-0.01,10.00
50242.00,-3.37,-1.16,-0.50,0.12,0.04,-0.15,0.00,0.00,0.00,0.12,-1.00,0.04,0.03,1.23,-0.00,10.00
50252.00,-3.37,-1.16,-0.50,0.12,0.04,-0.15,0.00,0.00,0.00,0.12,-0.98,0.04,0.03,1.24,0.00,10.00
50262.00,-3.36,-1.16,-0.47,0.11,0.01,-0.18,-0.70,-2.60,-3.30,0.12,-0.97,0.04,0.01,1.23,0.01,17.00
50279.00,-3.36,-1.16,-0.47,0.11,0.01,-0.18,0.00,0.00,0.00,0.12,-0.95,0.04,-0.01,1.24,0.02,10.00
50289.00,-3.36,-1.16,-0.47,0.11,0.01,-0.18,0.00,0.00,0.00,0.12,-0.94,0.04,-0.01,1.27,0.02,10.00
50304.00,-3.35,-1.18,-0.46,0.10,-0.09,-0.19,-1.07,-6.80,-0.47,0.12,-0.92,0.04,-0.00,1.28,0.01,16.00
50320.00,-3.35,-1.18,-0.46,0.10,-0.09,-0.19,0.00,0.00,0.00,0.12,-0.90,0.04,-0.03,1.28,0.02,10.00
50330.00,-3.35,-1.18,-0.46,0.10,-0.09,-0.19,0.00,0.00,0.00,0.12,-0.88,0.04,-0.02,1.29,0.02,10.00
50340.00,-3.35,-1.18,-0.46,0.10,-0.09,-0.19,0.00,0.00,0.00,0.12,-0.87,0.04,-0.02,1.28,0.02,10.00
50350.00,-3.35,-1.18,-0.46,0.10,-0.09,-0.19,0.00,0.00,0.00,0.12,-0.86,0.04,-0.03,1.28,0.03,10.00
50360.00,-3.34,-1.22,-0.46,0.09,-0.33,-0.18,-1.10,-23.80,0.70,0.12,-0.85,0.04,-0.05,1.29,0.03,15.00
50375.00,-3.34,-1.22,-0.46,0.09,-0.33,-0.18,0.00,0.00,0.00,0.12,-0.83,0.04,-0.08,1.31,0.04,10.00
50385.00,-3.34,-1.22,-0.46,0.09,-0.33,-0.18,0.00,0.00,0.00,0.12,-0.81,0.04,-0.08,1.32,0.03,10.00
50395.00,-3.34,-1.22,-0.46,0.09,-0.33,-0.18,0.00,0.00,0.00,0.12,-0.80,0.04,-0.08,1.34,0.03,10.00
50405.00,-3.33,-1.25,-0.48,0.15,-0.30,-0.14,6.10,2.80,3.90,0.12,-0.79,0.04,-0.06,1.35,0.02,16.00
50426.00,-3.33,-1.25,-0.48,0.15,-0.30,-0.14,0.00,0.00,0.00,0.12,-0.76,0.04,-0.05,1.36,0.01,10.00
50436.00,-3.33,-1.25,-0.48,0.15,-0.30,-0.14,0.00,0.00,0.00,0.12,-0.74,0.04,-0.06,1.36,0.00,10.00
50446.00,-3.33,-1.25,-0.48,0.15,-0.30,-0.14,0.00,0.00,0.00,0.11,-0.73,0.04,-0.07,1.36,0.00,10.00
50456.00,-3.32,-1.26,-0.50,0.15,-0.15,-0.11,0.30,14.90,2.80,0.11,-0.72,0.04,-0.10,1.34,0.01,16.00
50472.00,-3.32,-1.26,-0.50,0.15,-0.15,-0.11,0.00,0.00,0.00,0.11,-0.70,0.04,-0.14,1.32,0.00,10.00
50482.00,-3.32,-1.26,-0.50,0.15,-0.15,-0.11,0.00,0.00,0.00,0.11,-0.68,0.04,-0.15,1.29,-0.01,10.00
50492.00,-3.32,-1.26,-0.50,0.15,-0.15,-0.11,0.00,0.00,0.00,0.11,-0.67,0.04,-0.17,1.25,-0.01,10.00
50502.00,-3.32,-1.26,-0.50,0.15,-0.15,-0.11,0.00,0.00,0.00,0.11,-0.66,0.04,-0.17,1.24,-0.02,10.00
50512.00,-3.32,-1.26,-0.50,0.15,-0.15,-0.11,0.00,0.00,0.00,0.10,-0.65,0.04,-0.18,1.21,-0.04,10.00
50522.00,-3.32,-1.26,-0.49,0.06,-0.07,-0.11,-9.10,7.90,0.50,0.10,-0.63,0.04,-0.19,1.18,-0.05,18.00
50545.00,-3.32,-1.26,-0.49,0.06,-0.07,-0.11,0.00,0.00,0.00,0.10,-0.61,0.04,-0.20,1.15,-0.09,10.00
50555.00,-3.32,-1.26,-0.49,0.06,-0.07,-0.11,0.00,0.00,0.00,0.10,-0.60,0.04,-0.22,1.13,-0.10,10.00
50565.00,-3.32,-1.27,-0.48,0.08,-0.14,-0.11,1.50,-6.80,-0.30,0.09,-0.59,0.04,-0.22,1.10,-0.11,18.00
50583.00,-3.32,-1.27,-0.48,0.08,-0.14,-0.11,0.00,0.00,0.00,0.09,-0.57,0.04,-0.21,1.04,-0.13,10.00
50593.00,-3.32,-1.27,-0.48,0.08,-0.14,-0.11,0.00,0.00,0.00,0.09,-0.56,0.03,-0.22,1.01,-0.15,10.00
50603.00,-3.32,-1.27,-0.48,0.08,-0.14,-0.11,0.00,0.00,0.00,0.09,-0.55,0.03,-0.24,0.96,-0.16,10.00
50613.00,-3.31,-1.30,-0.50,0.16,-0.21,-0.09,8.10,-6.40,2.40,0.08,-0.54,0.03,-0.23,0.94,-0.18,18.00
50631.00,-3.31,-1.30,-0.50,0.16,-0.21,-0.09,0.00,0.00,0.00,0.08,-0.52,0.03,-0.23,0.89,-0.21,10.00
50641.00,-3.31,-1.30,-0.50,0.16,-0.21,-0.09,0.00,0.00,0.00,0.08,-0.51,0.02,-0.22,0.89,-0.23,10.00
50651.00,-3.31,-1.30,-0.50,0.16,-0.21,-0.09,0.00,0.00,0.00,0.07,-0.50,0.02,-0.21,0.89,-0.24,10.00
50666.00,-3.30,-1.31,-0.50,0.20,-0.14,-0.06,2.87,4.47,1.60,0.07,-0.49,0.02,-0.19,0.88,-0.24,18.00
50684.00,-3.30,-1.31,-0.50,0.20,-0.14,-0.06,0.00,0.00,0.00,0.07,-0.47,0.01,-0.14,0.88,-0.23,10.00
50694.00,-3.30,-1.31,-0.50,0.20,-0.14,-0.06,0.00,0.00,0.00,0.07,-0.47,0.01,-0.12,0.88,-0.21,10.00
50704.00,-3.28,-1.33,-0.50,0.17,-0.19,-0.05,-3.20,-5.30,0.80,0.07,-0.46,0.01,-0.10,0.87,-0.19,16.00
50720.00,-3.28,-1.33,-0.50,0.17,-0.19,-0.05,0.00,0.00,0.00,0.07,-0.44,0.01,-0.09,0.85,-0.14,10.00
50730.00,-3.28,-1.33,-0.50,0.17,-0.19,-0.05,0.00,0.00,0.00,0.07,-0.44,0.01,-0.08,0.84,-0.13,10.00
50740.00,-3.28,-1.33,-0.50,0.17,-0.19,-0.05,0.00,0.00,0.00,0.06,-0.43,0.01,-0.06,0.81,-0.12,10.00
50750.00,-3.28,-1.33,-0.50,0.17,-0.19,-0.05,0.00,0.00,0.00,0.06,-0.42,0.01,-0.05,0.78,-0.10,10.00
50760.00,-3.28,-1.33,-0.50,0.17,-0.19,-0.05,0.00,0.00,0.00,0.06,-0.41,0.00,-0.04,0.75,-0.08,10.00
50770.00,-3.28,-1.34,-0.51,0.13,-0.14,-0.04,-3.50,5.40,1.90,0.06,-0.40,0.00,-0.03,0.73,-0.06,16.00
50795.00,-3.28,-1.34,-0.51,0.13,-0.14,-0.04,0.00,0.00,0.00,0.06,-0.39,0.00,0.01,0.70,0.01,10.00
50805.00,-3.28,-1.34,-0.51,0.13,-0.14,-0.04,0.00,0.00,0.00,0.06,-0.38,0.00,0.02,0.70,0.04,10.00
50815.00,-3.27,-1.35,-0.51,0.13,-0.11,-0.02,-0.60,2.50,1.80,0.06,-0.37,0.01,0.03,0.69,0.08,16.00
50831.00,-3.27,-1.35,-0.51,0.13,-0.11,-0.02,0.00,0.00,0.00,0.06,-0.36,0.01,0.03,0.67,0.14,10.00
50841.00,-3.27,-1.35,-0.51,0.13,-0.11,-0.02,0.00,0.00,0.00,0.06,-0.36,0.01,0.03,0.66,0.17,10.00
50851.00,-3.27,-1.35,-0.51,0.13,-0.11,-0.02,0.00,0.00,0.00,0.06,-0.35,0.01,0.03,0.64,0.19,10.00
50861.00,-3.27,-1.35,-0.51,0.13,-0.11,-0.02,0.00,0.00,0.00,0.07,-0.34,0.01,0.03,0.62,0.22,10.00
50871.00,-3.27,-1.37,-0.53,0.16,-0.07,0.02,3.70,4.30,3.60,0.07,-0.34,0.02,0.04,0.61,0.24,16.00
50887.00,-3.27,-1.37,-0.53,0.16,-0.07,0.02,0.00,0.00,0.00,0.07,-0.33,0.02,0.05,0.60,0.26,10.00
50897.00,-3.27,-1.37,-0.53,0.16,-0.07,0.02,0.00,0.00,0.00,0.07,-0.32,0.02,0.06,0.59,0.27,10.00
50912.00,-3.27,-1.37,-0.51,0.07,-0.10,0.01,-6.00,-1.73,-0.53,0.07,-0.31,0.03,0.06,0.59,0.30,16.00
50928.00,-3.27,-1.37,-0.51,0.07,-0.10,0.01,0.00,0.00,0.00,0.07,-0.30,0.03,0.08,0.59,0.32,10.00
50938.00,-3.27,-1.37,-0.51,0.07,-0.10,0.01,0.00,0.00,0.00,0.07,-0.30,0.04,0.09,0.58,0.32,10.00
50948.00,-3.27,-1.37,-0.51,0.07,-0.10,0.01,0.00,0.00,0.00,0.07,-0.29,0.04,0.09,0.58,0.32,10.00
50958.00,-3.28,-1.38,-0.50,-0.03,-0.21,0.01,-9.80,-11.60,-0.20,0.07,-0.29,0.04,0.10,0.58,0.31,15.00
50973.00,-3.28,-1.38,-0.50,-0.03,-0.21,0.01,0.00,0.00,0.00,0.07,-0.28,0.05,0.12,0.56,0.29,10.00
50983.00,-3.28,-1.38,-0.50,-0.03,-0.21,0.01,0.00,0.00,0.00,0.08,-0.27,0.05,0.13,0.57,0.28,10.00
50993.00,-3.28,-1.38,-0.50,-0.03,-0.21,0.01,0.00,0.00,0.00,0.08,-0.27,0.05,0.13,0.56,0.28,10.00
51003.00,-3.28,-1.38,-0.50,-0.03,-0.21,0.01,0.00,0.00,0.00,0.08,-0.26,0.05,0.12,0.56,0.28,10.00
51013.00,-3.28,-1.40,-0.50,-0.02,-0.19,0.02,0.80,2.50,0.90,0.08,-0.25,0.06,0.10,0.55,0.26,16.00
51034.00,-3.28,-1.40,-0.50,-0.02,-0.19,0.02,0.00,0.00,0.00,0.08,-0.24,0.06,0.10,0.52,0.23,10.00
51044.00,-3.28,-1.40,-0.50,-0.02,-0.19,0.02,0.00,0.00,0.00,0.08,-0.24,0.06,0.09,0.51,0.21,10.00
51054.00,-3.30,-1.40,-0.50,-0.00,-0.13,0.02,1.50,5.90,-0.10,0.08,-0.23,0.07,0.09,0.50,0.18,15.00
51069.00,-3.30,-1.40,-0.50,-0.00,-0.13,0.02,0.00,0.00,0.00,0.08,-0.23,0.07,0.07,0.49,0.14,10.00
51079.00,-3.30,-1.40,-0.50,-0.00,-0.13,0.02,0.00,0.00,0.00,0.08,-0.22,0.07,0.05,0.50,0.11,10.00
51089.00,-3.30,-1.40,-0.50,-0.00,-0.13,0.02,0.00,0.00,0.00,0.08,-0.22,0.07,0.02,0.50,0.09,10.00
51099.00,-3.30,-1.40,-0.50,-0.00,-0.13,0.02,0.00,0.00,0.00,0.08,-0.21,0.07,0.01,0.50,0.07,10.00
51109.00,-3.28,-1.41,-0.50,0.10,-0.09,0.03,10.20,3.60,1.70,0.08,-0.21,0.07,-0.01,0.50,0.04,16.00
51125.00,-3.28,-1.41,-0.50,0.10,-0.09,0.03,0.00,0.00,0.00,0.08,-0.20,0.07,-0.02,0.50,0.02,10.00
51135.00,-3.28,-1.41,-0.50,0.10,-0.09,0.03,0.00,0.00,0.00,0.08,-0.19,0.07,-0.04,0.51,0.01,10.00
51150.00,-3.28,-1.41,-0.50,0.10,-0.09,0.03,0.00,0.00,0.00,0.08,-0.19,0.07,-0.02,0.49,-0.03,10.00
51160.00,-3.28,-1.41,-0.50,0.10,-0.09,0.03,0.00,0.00,0.00,0.08,-0.18,0.07,0.00,0.49,-0.05,10.00
51170.00,-3.27,-1.42,-0.51,0.17,-0.08,0.06,6.60,1.20,2.30,0.08,-0.18,0.07,0.02,0.51,-0.07,16.00
51186.00,-3.27,-1.42,-0.51,0.17,-0.08,0.06,0.00,0.00,0.00,0.08,-0.17,0.07,0.05,0.51,-0.09,10.00
51196.00,-3.27,-1.42,-0.51,0.17,-0.08,0.06,0.00,0.00,0.00,0.08,-0.16,0.07,0.07,0.51,-0.11,10.00
51206.00,-3.26,-1.43,-0.52,0.17,-0.03,0.07,0.50,5.40,1.50,0.09,-0.16,0.07,0.08,0.50,-0.13,15.00
51221.00,-3.26,-1.43,-0.52,0.17,-0.03,0.07,0.00,0.00,0.00,0.09,-0.15,0.06,0.07,0.49,-0.18,10.00
51231.00,-3.26,-1.43,-0.52,0.17,-0.03,0.07,0.00,0.00,0.00,0.09,-0.15,0.06,0.05,0.49,-0.20,10.00
51241.00,-3.26,-1.43,-0.52,0.17,-0.03,0.07,0.00,0.00,0.00,0.09,-0.14,0.06,0.05,0.49,-0.22,10.00
51251.00,-3.26,-1.43,-0.52,0.17,-0.03,0.07,0.00,0.00,0.00,0.09,-0.14,0.06,0.03,0.51,-0.23,10.00
51266.00,-3.26,-1.44,-0.52,0.10,-0.05,0.08,-4.73,-1.80,0.40,0.09,-0.13,0.05,0.02,0.53,-0.25,16.00
51282.00,-3.26,-1.44,-0.52,0.10,-0.05,0.08,0.00,0.00,0.00,0.09,-0.12,0.05,0.01,0.57,-0.28,10.00
51292.00,-3.26,-1.44,-0.52,0.10,-0.05,0.08,0.00,0.00,0.00,0.09,-0.11,0.05,0.00,0.60,-0.29,10.00
51302.00,-3.26,-1.44,-0.52,0.10,-0.05,0.08,0.00,0.00,0.00,0.09,-0.11,0.04,-0.01,0.62,-0.29,10.00
51312.00,-3.26,-1.44,-0.52,0.10,-0.05,0.08,0.00,0.00,0.00,0.09,-0.10,0.04,-0.02,0.64,-0.30,10.00
51322.00,-3.26,-1.44,-0.51,0.08,-0.07,0.06,-2.30,-2.00,-1.70,0.09,-0.09,0.04,-0.03,0.65,-0.30,15.00
51337.00,-3.26,-1.44,-0.51,0.08,-0.07,0.06,0.00,0.00,0.00,0.09,-0.08,0.03,-0.03,0.65,-0.30,10.00
51347.00,-3.26,-1.44,-0.51,0.08,-0.07,0.06,0.00,0.00,0.00,0.09,-0.08,0.03,-0.03,0.65,-0.30,10.00
51357.00,-3.26,-1.44,-0.50,0.07,-0.08,0.05,-0.40,-0.40,-0.90,0.09,-0.07,0.03,-0.04,0.64,-0.30,16.00
51373.00,-3.26,-1.44,-0.50,0.07,-0.08,0.05,0.00,0.00,0.00,0.09,-0.06,0.02,-0.05,0.62,-0.28,10.00
51388.00,-3.26,-1.44,-0.50,0.07,-0.08,0.05,0.00,0.00,0.00,0.08,-0.05,0.02,-0.06,0.59,-0.27,10.00
51398.00,-3.26,-1.44,-0.50,0.07,-0.08,0.05,0.00,0.00,0.00,0.08,-0.05,0.02,-0.06,0.57,-0.25,10.00
51408.00,-3.26,-1.45,-0.50,0.08,-0.10,0.06,0.20,-1.80,0.90,0.08,-0.04,0.01,-0.06,0.54,-0.23,15.00
51423.00,-3.26,-1.45,-0.50,0.08,-0.10,0.06,0.00,0.00,0.00,0.08,-0.03,0.01,-0.06,0.48,-0.18,10.00
51433.00,-3.26,-1.45,-0.50,0.08,-0.10,0.06,0.00,0.00,0.00,0.08,-0.03,0.01,-0.06,0.44,-0.16,10.00
51443.00,-3.26,-1.45,-0.50,0.08,-0.10,0.06,0.00,0.00,0.00,0.08,-0.03,0.01,-0.06,0.40,-0.13,10.00
51453.00,-3.26,-1.45,-0.50,0.08,-0.10,0.06,0.00,0.00,0.00,0.08,-0.02,0.01,-0.06,0.35,-0.10,10.00
51463.00,-3.26,-1.45,-0.50,0.08,-0.10,0.06,0.00,0.00,0.00,0.08,-0.02,0.01,-0.06,0.31,-0.07,10.00
51473.00,-3.25,-1.46,-0.51,0.06,-0.08,0.07,-1.50,1.20,1.20,0.08,-0.02,0.01,-0.06,0.26,-0.04,17.00
51490.00,-3.25,-1.46,-0.51,0.06,-0.08,0.07,0.00,0.00,0.00,0.08,-0.01,0.01,-0.04,0.20,0.01,10.00
51505.00,-3.25,-1.46,-0.51,0.06,-0.05,0.07,-0.33,1.93,0.07,0.08,-0.01,0.01,-0.05,0.14,0.04,17.00
51522.00,-3.25,-1.46,-0.51,0.06,-0.05,0.07,0.00,0.00,0.00,0.08,-0.01,0.01,-0.06,0.08,0.08,10.00
51532.00,-3.25,-1.46,-0.51,0.06,-0.05,0.07,0.00,0.00,0.00,0.08,-0.01,0.01,-0.05,0.05,0.10,10.00
51542.00,-3.25,-1.46,-0.51,0.06,-0.05,0.07,0.00,0.00,0.00,0.08,-0.01,0.01,-0.05,0.01,0.11,10.00
51552.00,-3.25,-1.46,-0.51,0.06,-0.05,0.07,0.00,0.00,0.00,0.08,-0.01,0.01,-0.04,-0.02,0.14,10.00
51562.00,-3.25,-1.46,-0.51,0.06,-0.05,0.07,0.00,0.00,0.00,0.08,-0.01,0.01,-0.02,-0.05,0.15,10.00
51572.00,-3.25,-1.46,-0.51,0.03,-0.02,0.08,-2.70,3.70,0.60,0.08,-0.01,0.01,-0.01,-0.07,0.17,15.00
51587.00,-3.25,-1.46,-0.51,0.03,-0.02,0.08,0.00,0.00,0.00,0.08,-0.01,0.02,-0.00,-0.10,0.20,10.00
51597.00,-3.25,-1.46,-0.51,0.03,-0.02,0.08,0.00,0.00,0.00,0.08,-0.01,0.02,-0.00,-0.11,0.21,10.00
51607.00,-3.25,-1.46,-0.51,0.02,-0.04,0.09,-1.00,-2.40,0.60,0.08,-0.01,0.02,-0.01,-0.12,0.22,15.00
51627.00,-3.25,-1.46,-0.51,0.02,-0.04,0.09,0.00,0.00,0.00,0.08,-0.02,0.03,-0.02,-0.14,0.20,10.00
51637.00,-3.25,-1.46,-0.51,0.02,-0.04,0.09,0.00,0.00,0.00,0.07,-0.02,0.03,-0.03,-0.13,0.19,10.00
51647.00,-3.25,-1.46,-0.51,0.02,-0.04,0.09,0.00,0.00,0.00,0.07,-0.02,0.03,-0.04,-0.11,0.16,10.00
51657.00,-3.25,-1.47,-0.51,0.01,-0.04,0.09,-1.30,-0.20,0.10,0.07,-0.02,0.03,-0.04,-0.10,0.13,16.00
51673.00,-3.25,-1.47,-0.51,0.01,-0.04,0.09,0.00,0.00,0.00,0.07,-0.02,0.03,-0.03,-0.04,0.08,10.00
51683.00,-3.25,-1.47,-0.51,0.01,-0.04,0.09,0.00,0.00,0.00,0.07,-0.02,0.03,-0.02,-0.01,0.07,10.00
51693.00,-3.25,-1.47,-0.51,0.01,-0.04,0.09,0.00,0.00,0.00,0.07,-0.02,0.03,-0.02,0.03,0.07,10.00
51703.00,-3.24,-1.48,-0.52,0.01,-0.03,0.10,0.50,0.90,1.10,0.07,-0.02,0.03,-0.01,0.06,0.07,17.00
51720.00,-3.24,-1.48,-0.52,0.01,-0.03,0.10,0.00,0.00,0.00,0.07,-0.02,0.04,-0.02,0.12,0.10,10.00
51730.00,-3.24,-1.48,-0.52,0.01,-0.03,0.10,0.00,0.00,0.00,0.07,-0.02,0.04,-0.02,0.14,0.10,10.00
51745.00,-3.24,-1.48,-0.52,0.01,-0.03,0.10,0.00,0.00,0.00,0.07,-0.01,0.04,-0.04,0.15,0.09,10.00
51755.00,-3.25,-1.48,-0.51,-0.01,-0.02,0.09,-1.90,1.10,-0.90,0.07,-0.01,0.04,-0.04,0.14,0.08,16.00
51771.00,-3.25,-1.48,-0.51,-0.01,-0.02,0.09,0.00,0.00,0.00,0.07,-0.01,0.04,-0.06,0.11,0.06,10.00
51781.00,-3.25,-1.48,-0.51,-0.01,-0.02,0.09,0.00,0.00,0.00,0.07,-0.01,0.04,-0.05,0.05,0.04,10.00
51791.00,-3.25,-1.48,-0.51,-0.01,-0.02,0.09,0.00,0.00,0.00,0.07,-0.01,0.04,0.00,0.00,0.00,10.00
51801.00,-3.25,-1.48,-0.51,-0.01,-0.02,0.09,0.00,0.00,0.00,0.07,-0.01,0.04,-0.08,0.05,0.04,10.00
51811.00,-3.25,-1.48,-0.51,0.00,0.01,0.09,1.10,3.30,-0.40,0.07,-0.01,0.04,-0.19,0.24,-0.01,16.00
51827.00,-3.25,-1.48,-0.51,0.00,0.01,0.09,0.00,0.00,0.00,0.06,-0.00,0.04,-0.21,0.34,-0.05,10.00
51837.00,-3.25,-1.48,-0.51,0.00,0.01,0.09,0.00,0.00,0.00,0.06,0.00,0.04,-0.21,0.41,-0.08,10.00
51847.00,-3.25,-1.48,-0.51,0.00,0.01,0.09,0.00,0.00,0.00,0.06,0.01,0.04,-0.21,0.43,-0.10,10.00
51867.00,-3.24,-1.48,-0.52,0.03,-0.02,0.09,1.30,-1.55,0.45,0.06,0.01,0.04,-0.18,0.39,-0.09,18.00
51885.00,-3.24,-1.48,-0.52,0.03,-0.02,0.09,0.00,0.00,0.00,0.05,0.02,0.04,-0.14,0.29,-0.02,10.00
51895.00,-3.24,-1.48,-0.52,0.03,-0.02,0.09,0.00,0.00,0.00,0.05,0.02,0.04,-0.12,0.24,0.02,10.00
51905.00,-3.24,-1.48,-0.51,0.03,0.00,0.09,0.40,2.40,-0.40,0.05,0.02,0.04,-0.11,0.21,0.05,16.00
51921.00,-3.24,-1.48,-0.51,0.03,0.00,0.09,0.00,0.00,0.00,0.05,0.02,0.04,0.00,0.00,0.00,10.00
51931.00,-3.24,-1.48,-0.51,0.03,0.00,0.09,0.00,0.00,0.00,0.05,0.02,0.04,-0.06,0.06,0.02,10.00
51941.00,-3.24,-1.48,-0.51,0.03,0.00,0.09,0.00,0.00,0.00,0.05,0.02,0.04,-0.04,0.02,-0.01,10.00
51951.00,-3.24,-1.48,-0.51,0.03,0.00,0.09,0.00,0.00,0.00,0.05,0.02,0.04,-0.02,-0.03,-0.06,10.00
51961.00,-3.24,-1.49,-0.51,0.04,-0.02,0.09,0.30,-2.40,-0.10,0.05,0.02,0.03,-0.01,-0.06,-0.09,16.00
51977.00,-3.24,-1.49,-0.51,0.04,-0.02,0.09,0.00,0.00,0.00,0.05,0.02,0.03,-0.02,-0.11,-0.13,10.00
51992.00,-3.24,-1.49,-0.51,0.04,-0.02,0.09,0.00,0.00,0.00,0.05,0.02,0.03,-0.04,-0.06,-0.14,10.00
52002.00,-3.24,-1.49,-0.51,0.04,-0.02,0.09,0.00,0.00,0.00,0.05,0.02,0.03,-0.05,0.01,-0.11,10.00
52012.00,-3.24,-1.49,-0.51,0.04,-0.02,0.09,0.00,0.00,0.00,0.05,0.02,0.03,-0.06,0.06,-0.07,10.00
52022.00,-3.23,-1.50,-0.52,0.07,-0.06,0.09,3.10,-3.60,0.10,0.05,0.02,0.03,-0.04,0.07,-0.01,16.00
52038.00,-3.23,-1.50,-0.52,0.07,-0.06,0.09,0.00,0.00,0.00,0.05,0.02,0.03,-0.02,0.08,0.01,10.00
52048.00,-3.23,-1.50,-0.52,0.07,-0.06,0.09,0.00,0.00,0.00,0.05,0.02,0.03,-0.01,0.07,0.05,10.00
52058.00,-3.23,-1.49,-0.52,0.06,-0.01,0.09,-0.60,4.30,-0.20,0.05,0.02,0.03,-0.01,0.06,0.06,16.00
52074.00,-3.23,-1.49,-0.52,0.06,-0.01,0.09,0.00,0.00,0.00,0.05,0.03,0.03,-0.01,0.00,0.08,10.00
52084.00,-3.23,-1.49,-0.52,0.06,-0.01,0.09,0.00,0.00,0.00,0.05,0.03,0.03,-0.01,-0.00,0.08,10.00
52094.00,-3.23,-1.49,-0.52,0.06,-0.01,0.09,0.00,0.00,0.00,0.05,0.03,0.03,-0.01,0.01,0.09,10.00
52109.00,-3.23,-1.49,-0.51,0.01,-0.04,0.08,-3.47,-2.00,-0.27,0.05,0.03,0.03,-0.01,0.02,0.09,16.00
52125.00,-3.23,-1.49,-0.51,0.01,-0.04,0.08,0.00,0.00,0.00,0.05,0.03,0.04,-0.01,0.08,0.09,10.00
52135.00,-3.23,-1.49,-0.51,0.01,-0.04,0.08,0.00,0.00,0.00,0.05,0.03,0.04,-0.01,0.11,0.08,10.00
52145.00,-3.23,-1.49,-0.51,0.01,-0.04,0.08,0.00,0.00,0.00,0.05,0.03,0.04,0.00,0.11,0.05,10.00
52155.00,-3.23,-1.50,-0.52,-0.02,-0.05,0.09,-2.40,-0.40,0.30,0.05,0.03,0.04,0.00,0.10,0.02,16.00
52171.00,-3.23,-1.50,-0.52,-0.02,-0.05,0.09,0.00,0.00,0.00,0.05,0.03,0.04,-0.02,0.05,-0.01,10.00
52181.00,-3.23,-1.50,-0.52,-0.02,-0.05,0.09,0.00,0.00,0.00,0.05,0.03,0.04,-0.05,0.02,-0.02,10.00
52191.00,-3.23,-1.50,-0.52,-0.02,-0.05,0.09,0.00,0.00,0.00,0.04,0.03,0.04,-0.08,-0.00,-0.02,10.00
52201.00,-3.23,-1.50,-0.52,-0.02,-0.05,0.09,0.00,0.00,0.00,0.04,0.03,0.04,-0.08,-0.03,-0.02,10.00
52211.00,-3.23,-1.50,-0.52,0.02,-0.06,0.08,3.30,-1.20,-0.40,0.04,0.03,0.04,-0.05,-0.04,-0.02,16.00
52232.00,-3.23,-1.50,-0.52,0.02,-0.06,0.08,0.00,0.00,0.00,0.04,0.03,0.04,-0.00,0.00,-0.02,10.00
52242.00,-3.23,-1.50,-0.52,0.02,-0.06,0.08,0.00,0.00,0.00,0.04,0.03,0.04,0.01,0.02,-0.03,10.00
52252.00,-3.23,-1.50,-0.52,0.02,-0.06,0.08,0.00,0.00,0.00,0.04,0.03,0.04,0.01,0.03,-0.05,10.00
52262.00,-3.23,-1.50,-0.51,0.06,-0.04,0.07,3.90,2.50,-1.20,0.04,0.03,0.03,-0.01,0.02,-0.05,16.00
52278.00,-3.23,-1.50,-0.51,0.06,-0.04,0.07,0.00,0.00,0.00,0.04,0.03,0.03,-0.02,0.00,-0.05,10.00
52288.00,-3.23,-1.50,-0.51,0.06,-0.04,0.07,0.00,0.00,0.00,0.04,0.03,0.03,-0.02,-0.02,-0.04,10.00
52298.00,-3.23,-1.50,-0.51,0.06,-0.04,0.07,0.00,0.00,0.00,0.04,0.03,0.03,-0.03,-0.03,-0.03,10.00
52308.00,-3.22,-1.50,-0.51,0.04,-0.01,0.07,-2.00,2.50,0.20,0.04,0.03,0.03,-0.02,-0.02,-0.03,15.00
52323.00,-3.22,-1.50,-0.51,0.04,-0.01,0.07,0.00,0.00,0.00,0.04,0.03,0.03,0.01,0.01,-0.01,10.00
52333.00,-3.22,-1.50,-0.51,0.04,-0.01,0.07,0.00,0.00,0.00,0.04,0.03,0.03,0.04,0.01,0.00,10.00
52348.00,-3.22,-1.50,-0.51,0.04,-0.01,0.07,0.00,0.00,0.00,0.04,0.03,0.03,0.06,0.00,0.00,10.00
52358.00,-3.22,-1.50,-0.51,0.04,-0.01,0.07,0.00,0.00,0.00,0.04,0.03,0.03,0.04,-0.01,0.01,10.00
52368.00,-3.22,-1.50,-0.52,0.01,-0.01,0.08,-2.50,0.10,0.40,0.04,0.03,0.03,0.02,-0.02,0.01,18.00
52386.00,-3.22,-1.50,-0.52,0.01,-0.01,0.08,0.00,0.00,0.00,0.04,0.03,0.03,-0.02,-0.02,0.02,10.00
52396.00,-3.22,-1.50,-0.52,0.01,-0.01,0.08,0.00,0.00,0.00,0.04,0.03,0.03,-0.04,-0.02,0.01,10.00
52406.00,-3.22,-1.50,-0.52,0.01,-0.02,0.08,0.20,-1.10,0.50,0.04,0.03,0.03,-0.03,-0.01,-0.01,16.00
52422.00,-3.22,-1.50,-0.52,0.01,-0.02,0.08,0.00,0.00,0.00,0.04,0.03,0.03,0.01,0.01,-0.04,10.00
52432.00,-3.22,-1.50,-0.52,0.01,-0.02,0.08,0.00,0.00,0.00,0.04,0.03,0.03,-0.01,0.00,-0.05,10.00
52442.00,-3.22,-1.50,-0.52,0.01,-0.02,0.08,0.00,0.00,0.00,0.04,0.03,0.03,0.00,-0.00,-0.04,10.00
52452.00,-3.22,-1.50,-0.52,0.01,-0.02,0.08,0.00,0.00,0.00,0.04,0.03,0.03,0.04,-0.02,-0.02,10.00
52467.00,-3.22,-1.51,-0.52,0.02,-0.04,0.08,0.27,-1.33,-0.07,0.04,0.03,0.03,0.02,-0.02,-0.01,18.00
52485.00,-3.22,-1.51,-0.52,0.02,-0.04,0.08,0.00,0.00,0.00,0.04,0.03,0.03,-0.02,-0.01,0.01,10.00
52495.00,-3.22,-1.51,-0.52,0.02,-0.04,0.08,0.00,0.00,0.00,0.04,0.03,0.03,-0.03,-0.00,0.01,10.00
52505.00,-3.22,-1.51,-0.52,0.02,-0.04,0.07,0.10,0.20,-1.60,0.04,0.03,0.03,-0.00,0.00,0.01,16.00
52521.00,-3.22,-1.51,-0.52,0.02,-0.04,0.07,0.00,0.00,0.00,0.04,0.03,0.03,0.02,0.00,0.00,10.00
52531.00,-3.22,-1.51,-0.52,0.02,-0.04,0.07,0.00,0.00,0.00,0.04,0.03,0.03,0.01,-0.00,-0.01,10.00
52541.00,-3.22,-1.51,-0.52,0.02,-0.04,0.07,0.00,0.00,0.00,0.04,0.03,0.03,-0.00,-0.00,-0.02,10.00
52551.00,-3.22,-1.51,-0.52,0.02,-0.04,0.07,0.00,0.00,0.00,0.04,0.03,0.03,-0.01,0.00,-0.01,10.00
52561.00,-3.21,-1.52,-0.52,0.03,-0.03,0.06,1.60,1.00,-0.10,0.04,0.03,0.03,0.00,0.00,0.00,17.00
52578.00,-3.21,-1.52,-0.52,0.03,-0.03,0.06,0.00,0.00,0.00,0.04,0.03,0.03,0.00,0.00,0.01,10.00
52593.00,-3.21,-1.52,-0.52,0.03,-0.03,0.06,0.00,0.00,0.00,0.04,0.03,0.03,-0.00,-0.00,-0.00,10.00
52603.00,-3.21,-1.52,-0.52,0.03,-0.03,0.06,0.00,0.00,0.00,0.04,0.03,0.03,-0.01,0.00,-0.01,10.00
52613.00,-3.21,-1.52,-0.52,0.04,-0.04,0.07,0.60,-1.50,0.40,0.04,0.03,0.03,-0.00,0.01,-0.01,16.00
52629.00,-3.21,-1.52,-0.52,0.04,-0.04,0.07,0.00,0.00,0.00,0.04,0.03,0.03,0.01,0.00,-0.01,10.00
52639.00,-3.21,-1.52,-0.52,0.04,-0.04,0.07,0.00,0.00,0.00,0.04,0.03,0.03,-0.00,0.00,0.01,10.00
52649.00,-3.21,-1.52,-0.52,0.04,-0.04,0.07,0.00,0.00,0.00,0.04,0.03,0.03,-0.01,0.00,0.01,10.00
52659.00,-3.19,-1.52,-0.52,0.06,-0.05,0.07,2.10,-0.90,-0.20,0.04,0.03,0.03,-0.01,-0.00,0.00,18.00
52677.00,-3.19,-1.52,-0.52,0.06,-0.05,0.07,0.00,0.00,0.00,0.04,0.03,0.03,0.01,-0.00,-0.01,10.00
52687.00,-3.19,-1.52,-0.52,0.06,-0.05,0.07,0.00,0.00,0.00,0.04,0.03,0.03,0.01,0.00,-0.00,10.00
52697.00,-3.19,-1.52,-0.52,0.06,-0.05,0.07,0.00,0.00,0.00,0.04,0.03,0.03,0.00,0.01,-0.00,10.00
52712.00,-3.19,-1.53,-0.52,0.07,-0.08,0.06,0.80,-1.53,-0.13,0.04,0.03,0.03,-0.00,0.01,-0.00,17.00
52729.00,-3.19,-1.53,-0.52,0.07,-0.08,0.06,0.00,0.00,0.00,0.04,0.03,0.03,0.01,-0.00,0.00,10.00
52739.00,-3.19,-1.53,-0.52,0.07,-0.08,0.06,0.00,0.00,0.00,0.04,0.03,0.03,0.01,-0.00,0.01,10.00
52749.00,-3.19,-1.53,-0.52,0.07,-0.08,0.06,0.00,0.00,0.00,0.04,0.03,0.03,0.00,-0.00,0.00,10.00
52759.00,-3.17,-1.54,-0.54,0.10,-0.10,0.08,2.60,-2.30,1.30,0.04,0.03,0.03,-0.01,0.00,-0.00,18.00
52777.00,-3.17,-1.54,-0.54,0.10,-0.10,0.08,0.00,0.00,0.00,0.04,0.03,0.03,0.01,0.00,-0.01,10.00
52787.00,-3.17,-1.54,-0.54,0.10,-0.10,0.08,0.00,0.00,0.00,0.04,0.03,0.03,0.00,0.00,-0.00,10.00
52797.00,-3.17,-1.54,-0.54,0.10,-0.10,0.08,0.00,0.00,0.00,0.04,0.03,0.03,-0.00,0.00,0.01,10.00
52807.00,-3.17,-1.54,-0.55,0.10,-0.08,0.08,-0.40,2.10,0.00,0.04,0.03,0.03,-0.01,-0.00,0.01,18.00
52825.00,-3.17,-1.54,-0.55,0.10,-0.08,0.08,0.00,0.00,0.00,0.04,0.03,0.03,-0.00,0.00,-0.00,10.00
52845.00,-3.17,-1.54,-0.55,0.10,-0.08,0.08,0.00,0.00,0.00,0.04,0.03,0.03,0.01,0.00,-0.01,10.00
52855.00,-3.17,-1.54,-0.55,0.10,-0.08,0.08,0.00,0.00,0.00,0.04,0.03,0.03,-0.00,0.00,0.00,10.00
52865.00,-3.18,-1.54,-0.53,0.00,-0.05,0.06,-9.10,2.60,-2.00,0.04,0.03,0.03,-0.00,0.00,0.01,15.00
52880.00,-3.18,-1.54,-0.53,0.00,-0.05,0.06,0.00,0.00,0.00,0.04,0.03,0.03,0.00,0.00,0.00,10.00
52890.00,-3.18,-1.54,-0.53,0.00,-0.05,0.06,0.00,0.00,0.00,0.04,0.03,0.03,0.01,-0.00,-0.00,10.00
52900.00,-3.18,-1.54,-0.53,0.00,-0.05,0.06,0.00,0.00,0.00,0.04,0.03,0.03,0.01,-0.00,-0.00,10.00
52910.00,-3.18,-1.54,-0.53,-0.06,-0.09,0.06,-5.90,-4.00,-0.20,0.04,0.03,0.03,-0.00,-0.00,-0.00,17.00
52927.00,-3.18,-1.54,-0.53,-0.06,-0.09,0.06,0.00,0.00,0.00,0.04,0.03,0.03,0.00,0.00,0.00,10.00
52937.00,-3.18,-1.54,-0.53,-0.06,-0.09,0.06,0.00,0.00,0.00,0.04,0.03,0.03,0.00,0.00,0.00,10.00
52947.00,-3.18,-1.54,-0.53,-0.06,-0.09,0.06,0.00,0.00,0.00,0.04,0.03,0.03,0.00,-0.00,-0.00,10.00
52962.00,-3.18,-1.54,-0.54,-0.07,-0.08,0.08,-1.20,1.00,1.40,0.04,0.03,0.03,-0.00,-0.00,0.00,17.00
52979.00,-3.18,-1.54,-0.54,-0.07,-0.08,0.08,0.00,0.00,0.00,0.04,0.03,0.03,-0.01,-0.00,0.00,10.00
52989.00,-3.18,-1.54,-0.54,-0.07,-0.08,0.08,0.00,0.00,0.00,0.04,0.03,0.03,-0.00,-0.00,-0.00,10.00
52999.00,-3.18,-1.54,-0.54,-0.07,-0.08,0.08,0.00,0.00,0.00,0.04,0.03,0.03,0.00,-0.00,-0.00,10.00
53009.00,-3.17,-1.54,-0.55,0.04,-0.04,0.08,11.40,3.40,0.20,0.04,0.03,0.03,-0.00,0.01,-0.00,18.00
53027.00,-3.17,-1.54,-0.55,0.04,-0.04,0.08,0.00,0.00,0.00,0.04,0.03,0.03,-0.00,0.00,0.00,10.00
53037.00,-3.17,-1.54,-0.55,0.04,-0.04,0.08,0.00,0.00,0.00,0.04,0.03,0.03,0.00,0.00,0.00,10.00
53047.00,-3.17,-1.54,-0.55,0.04,-0.04,0.08,0.00,0.00,0.00,0.04,0.03,0.03,-0.00,0.00,-0.00,10.00
53057.00,-3.17,-1.53,-0.53,0.12,0.02,0.06,7.80,6.30,-2.00,0.04,0.03,0.03,0.00,0.01,-0.01,18.00
53075.00,-3.17,-1.53,-0.53,0.12,0.02,0.06,0.00,0.00,0.00,0.04,0.03,0.03,0.00,0.00,0.00,10.00
53090.00,-3.17,-1.53,-0.53,0.12,0.02,0.06,0.00,0.00,0.00,0.04,0.03,0.03,0.00,0.00,0.00,10.00
53100.00,-3.17,-1.53,-0.53,0.12,0.02,0.06,0.00,0.00,0.00,0.04,0.03,0.03,0.01,0.00,0.00,10.00
53110.00,-3.17,-1.52,-0.52,0.02,0.02,0.04,-9.80,-0.50,-1.50,0.04,0.03,0.03,-0.00,-0.01,-0.00,17.00
53127.00,-3.17,-1.52,-0.52,0.02,0.02,0.04,0.00,0.00,0.00,0.04,0.03,0.03,0.00,-0.00,-0.00,10.00
53137.00,-3.17,-1.52,-0.52,0.02,0.02,0.04,0.00,0.00,0.00,0.04,0.03,0.03,0.00,0.00,0.00,10.00
53147.00,-3.17,-1.52,-0.52,0.02,0.02,0.04,0.00,0.00,0.00,0.04,0.03,0.03,-0.00,0.00,0.00,10.00
53157.00,-3.17,-1.52,-0.52,0.02,0.02,0.04,0.00,0.00,0.00,0.04,0.03,0.03,0.00,0.00,0.00,10.00
53167.00,-3.17,-1.54,-0.54,-0.09,-0.06,0.06,-11.20,-7.70,1.80,0.04,0.03,0.03,0.00,0.00,-0.00,17.00
53184.00,-3.17,-1.54,-0.54,-0.09,-0.06,0.06,0.00,0.00,0.00,0.04,0.03,0.03,0.00,-0.01,-0.00,10.00
53194.00,-3.17,-1.54,-0.54,-0.09,-0.06,0.06,0.00,0.00,0.00,0.04,0.03,0.03,0.00,0.00,0.00,10.00
53209.00,-3.16,-1.54,-0.55,0.01,-0.06,0.07,6.40,0.27,0.53,0.04,0.03,0.03,0.00,0.00,0.00,19.00
53228.00,-3.16,-1.54,-0.55,0.01,-0.06,0.07,0.00,0.00,0.00,0.04,0.03,0.03,-0.00,0.00,-0.00,10.00
53238.00,-3.16,-1.54,-0.55,0.01,-0.06,0.07,0.00,0.00,0.00,0.04,0.03,0.03,-0.00,0.00,-0.00,10.00
53248.00,-3.16,-1.54,-0.55,0.01,-0.06,0.07,0.00,0.00,0.00,0.04,0.03,0.03,0.00,-0.00,0.00,10.00
53258.00,-3.16,-1.54,-0.53,0.14,-0.07,0.05,13.30,-1.00,-2.20,0.04,0.03,0.03,-0.00,-0.00,0.00,18.00
53276.00,-3.16,-1.54,-0.53,0.14,-0.07,0.05,0.00,0.00,0.00,0.04,0.03,0.03,-0.00,0.00,-0.00,10.00
53286.00,-3.16,-1.54,-0.53,0.14,-0.07,0.05,0.00,0.00,0.00,0.04,0.03,0.03,-0.00,0.00,-0.00,10.00
53296.00,-3.16,-1.54,-0.53,0.14,-0.07,0.05,0.00,0.00,0.00,0.04,0.03,0.03,0.00,0.00,-0.00,10.00
53306.00,-3.16,-1.52,-0.50,0.11,0.03,0.01,-2.80,9.70,-3.40,0.04,0.03,0.03,0.00,0.00,0.00,16.00
53322.00,-3.16,-1.52,-0.50,0.11,0.03,0.01,0.00,0.00,0.00,0.04,0.03,0.03,-0.00,-0.00,0.00,10.00
53337.00,-3.16,-1.52,-0.50,0.11,0.03,0.01,0.00,0.00,0.00,0.04,0.03,0.03,0.00,0.00,-0.01,10.00
53347.00,-3.16,-1.52,-0.50,0.11,0.03,0.01,0.00,0.00,0.00,0.04,0.03,0.03,0.00,0.00,-0.00,10.00
53357.00,-3.17,-1.52,-0.50,-0.03,0.04,0.01,-13.70,1.00,-0.40,0.04,0.03,0.03,-0.00,0.00,0.00,16.00
53373.00,-3.17,-1.52,-0.50,-0.03,0.04,0.01,0.00,0.00,0.00,0.04,0.03,0.03,0.00,0.00,0.00,10.00
53383.00,-3.17,-1.52,-0.50,-0.03,0.04,0.01,0.00,0.00,0.00,0.04,0.03,0.03,0.00,0.00,0.00,10.00
53393.00,-3.17,-1.52,-0.50,-0.03,0.04,0.01,0.00,0.00,0.00,0.04,0.03,0.03,-0.00,0.00,-0.00,10.00
53403.00,-3.17,-1.52,-0.50,-0.03,0.04,0.01,0.00,0.00,0.00,0.04,0.03,0.03,-0.00,-0.00,-0.00,10.00
53413.00,-3.16,-1.53,-0.51,-0.05,-0.02,0.03,-2.10,-6.00,2.00,0.04,0.03,0.03,-0.00,-0.00,-0.00,16.00
53429.00,-3.16,-1.53,-0.51,-0.05,-0.02,0.03,0.00,0.00,0.00,0.04,0.03,0.03,-0.00,0.00,0.00,10.00
53439.00,-3.16,-1.53,-0.51,-0.05,-0.02,0.03,0.00,0.00,0.00,0.04,0.03,0.03,-0.00,0.00,0.00,10.00
53454.00,-3.15,-1.54,-0.54,0.02,-0.03,0.05,4.53,-0.93,1.60,0.04,0.03,0.03,-0.01,-0.00,-0.00,16.00
53470.00,-3.15,-1.54,-0.54,0.02,-0.03,0.05,0.00,0.00,0.00,0.04,0.03,0.03,-0.01,-0.00,-0.00,10.00
53480.00,-3.15,-1.54,-0.54,0.02,-0.03,0.05,0.00,0.00,0.00,0.04,0.03,0.03,-0.00,-0.01,-0.00,10.00
53490.00,-3.15,-1.54,-0.54,0.02,-0.03,0.05,0.00,0.00,0.00,0.04,0.03,0.03,0.00,-0.01,-0.00,10.00
53500.00,-3.15,-1.54,-0.54,0.02,-0.03,0.05,0.00,0.00,0.00,0.04,0.03,0.03,-0.00,-0.00,-0.00,10.00
53510.00,-3.14,-1.55,-0.55,0.08,-0.02,0.06,6.20,1.20,0.70,0.04,0.03,0.03,0.00,0.00,0.00,18.00
53528.00,-3.14,-1.55,-0.55,0.08,-0.02,0.06,0.00,0.00,0.00,0.04,0.03,0.03,0.02,-0.00,-0.01,10.00
53538.00,-3.14,-1.55,-0.55,0.08,-0.02,0.06,0.00,0.00,0.00,0.04,0.03,0.03,-0.01,0.00,-0.01,10.00
53548.00,-3.14,-1.55,-0.55,0.08,-0.02,0.06,0.00,0.00,0.00,0.04,0.03,0.03,-0.04,0.02,0.00,10.00
53558.00,-3.14,-1.55,-0.55,0.04,-0.04,0.05,-3.80,-1.90,-0.80,0.04,0.03,0.03,-0.01,0.01,0.01,19.00
53582.00,-3.14,-1.55,-0.55,0.04,-0.04,0.05,0.00,0.00,0.00,0.04,0.03,0.03,0.02,-0.01,0.01,10.00
53592.00,-3.14,-1.55,-0.55,0.04,-0.04,0.05,0.00,0.00,0.00,0.04,0.03,0.03,-0.00,-0.01,-0.01,10.00
53602.00,-3.14,-1.55,-0.55,0.04,-0.04,0.05,0.00,0.00,0.00,0.04,0.03,0.03,-0.00,-0.00,-0.02,10.00
53612.00,-3.14,-1.54,-0.54,-0.02,-0.03,0.04,-6.70,1.10,-1.50,0.04,0.03,0.03,0.01,-0.01,-0.01,17.00
53629.00,-3.14,-1.54,-0.54,-0.02,-0.03,0.04,0.00,0.00,0.00,0.04,0.03,0.03,0.02,0.01,0.01,10.00
53639.00,-3.14,-1.54,-0.54,-0.02,-0.03,0.04,0.00,0.00,0.00,0.04,0.03,0.03,0.02,0.00,0.02,10.00
53649.00,-3.14,-1.54,-0.54,-0.02,-0.03,0.04,0.00,0.00,0.00,0.04,0.03,0.03,-0.01,-0.00,0.02,10.00
53659.00,-3.14,-1.53,-0.53,-0.03,-0.01,0.03,-1.00,1.80,-0.70,0.04,0.03,0.03,-0.02,-0.01,0.01,15.00
53674.00,-3.14,-1.53,-0.53,-0.03,-0.01,0.03,0.00,0.00,0.00,0.04,0.03,0.03,-0.00,-0.01,-0.01,10.00
53684.00,-3.14,-1.53,-0.53,-0.03,-0.01,0.03,0.00,0.00,0.00,0.04,0.03,0.03,0.01,-0.00,-0.01,10.00
53699.00,-3.14,-1.53,-0.53,-0.03,-0.01,0.03,0.00,0.00,0.00,0.04,0.03,0.03,-0.01,0.01,-0.01,10.00
53709.00,-3.14,-1.53,-0.53,0.03,-0.05,0.03,6.70,-3.40,0.30,0.04,0.03,0.03,-0.02,0.01,0.00,17.00
53726.00,-3.14,-1.53,-0.53,0.03,-0.05,0.03,0.00,0.00,0.00,0.04,0.03,0.03,0.00,0.00,0.00,10.00
53736.00,-3.14,-1.53,-0.53,0.03,-0.05,0.03,0.00,0.00,0.00,0.04,0.03,0.03,0.01,-0.00,-0.00,10.00
53746.00,-3.14,-1.53,-0.53,0.03,-0.05,0.03,0.00,0.00,0.00,0.04,0.03,0.03,0.02,-0.01,-0.01,10.00
53756.00,-3.14,-1.53,-0.53,0.03,-0.05,0.03,0.00,0.00,0.00,0.04,0.03,0.03,0.00,-0.00,-0.02,10.00
53766.00,-3.13,-1.53,-0.54,0.06,-0.03,0.03,3.00,1.70,0.10,0.04,0.03,0.03,-0.01,0.00,-0.00,15.00
53781.00,-3.13,-1.53,-0.54,0.06,-0.03,0.03,0.00,0.00,0.00,0.04,0.03,0.03,-0.00,0.01,0.02,10.00
53791.00,-3.13,-1.53,-0.54,0.06,-0.03,0.03,0.00,0.00,0.00,0.04,0.03,0.03,0.01,0.00,0.03,10.00
53801.00,-3.13,-1.53,-0.54,0.06,-0.03,0.03,0.00,0.00,0.00,0.04,0.03,0.03,0.01,-0.00,0.02,10.00
53821.00,-3.13,-1.54,-0.55,0.03,-0.01,0.04,-1.60,0.85,0.45,0.04,0.03,0.03,0.01,-0.01,-0.02,18.00
53839.00,-3.13,-1.54,-0.55,0.03,-0.01,0.04,0.00,0.00,0.00,0.04,0.03,0.03,0.03,0.00,-0.02,10.00
53849.00,-3.13,-1.54,-0.55,0.03,-0.01,0.04,0.00,0.00,0.00,0.05,0.03,0.03,0.02,0.01,-0.01,10.00
53859.00,-3.12,-1.54,-0.55,0.01,-0.03,0.04,-2.20,-1.70,-0.20,0.05,0.03,0.03,0.00,0.01,0.01,18.00
53877.00,-3.12,-1.54,-0.55,0.01,-0.03,0.04,0.00,0.00,0.00,0.05,0.03,0.03,-0.01,0.00,0.01,10.00
53887.00,-3.12,-1.54,-0.55,0.01,-0.03,0.04,0.00,0.00,0.00,0.05,0.03,0.03,0.00,-0.01,0.00,10.00
53897.00,-3.12,-1.54,-0.55,0.01,-0.03,0.04,0.00,0.00,0.00,0.05,0.03,0.03,0.01,-0.01,-0.01,10.00
53907.00,-3.13,-1.52,-0.54,-0.00,-0.01,0.03,-1.20,1.70,-1.20,0.05,0.03,0.03,0.00,-0.00,-0.01,16.00
53923.00,-3.13,-1.52,-0.54,-0.00,-0.01,0.03,0.00,0.00,0.00,0.04,0.03,0.03,-0.02,0.01,-0.01,10.00
53933.00,-3.13,-1.52,-0.54,-0.00,-0.01,0.03,0.00,0.00,0.00,0.04,0.03,0.03,-0.01,0.01,0.01,10.00
53948.00,-3.13,-1.52,-0.54,-0.00,-0.01,0.03,0.00,0.00,0.00,0.04,0.03,0.03,0.00,0.00,0.01,10.00
53958.00,-3.12,-1.53,-0.55,0.01,-0.01,0.03,1.30,-0.20,0.40,0.04,0.03,0.03,0.00,-0.00,0.00,16.00
53974.00,-3.12,-1.53,-0.55,0.01,-0.01,0.03,0.00,0.00,0.00,0.04,0.03,0.03,-0.01,-0.01,-0.01,10.00
53984.00,-3.12,-1.53,-0.55,0.01,-0.01,0.03,0.00,0.00,0.00,0.04,0.03,0.03,-0.01,-0.00,-0.02,10.00
53994.00,-3.12,-1.53,-0.55,0.01,-0.01,0.03,0.00,0.00,0.00,0.04,0.03,0.03,-0.00,0.00,-0.01,10.00
54004.00,-3.12,-1.53,-0.55,0.01,-0.01,0.03,0.00,0.00,0.00,0.04,0.03,0.03,0.01,0.01,0.01,10.00
54014.00,-3.12,-1.53,-0.55,0.04,-0.03,0.04,3.20,-1.70,0.20,0.04,0.03,0.03,0.00,0.00,0.01,17.00
54031.00,-3.12,-1.53,-0.55,0.04,-0.03,0.04,0.00,0.00,0.00,0.04,0.03,0.03,-0.01,0.00,0.01,10.00
54041.00,-3.12,-1.53,-0.55,0.04,-0.03,0.04,0.00,0.00,0.00,0.04,0.03,0.03,0.00,-0.00,-0.01,10.00
54051.00,-3.12,-1.53,-0.55,0.04,-0.03,0.04,0.00,0.00,0.00,0.04,0.03,0.03,0.02,-0.01,-0.01,10.00
54066.00,-3.12,-1.53,-0.55,0.03,-0.05,0.03,-1.20,-1.20,-0.47,0.04,0.03,0.03,-0.00,0.01,0.00,16.00
54082.00,-3.12,-1.53,-0.55,0.03,-0.05,0.03,0.00,0.00,0.00,0.04,0.03,0.03,-0.00,0.01,0.01,10.00
54092.00,-3.12,-1.53,-0.55,0.03,-0.05,0.03,0.00,0.00,0.00,0.04,0.03,0.03,0.00,-0.00,0.01,10.00
54102.00,-3.12,-1.53,-0.55,0.03,-0.05,0.03,0.00,0.00,0.00,0.04,0.03,0.03,0.00,-0.01,0.00,10.00
54112.00,-3.12,-1.53,-0.56,-0.02,-0.03,0.03,-4.20,2.00,0.50,0.04,0.03,0.03,-0.00,-0.00,-0.01,18.00
54130.00,-3.12,-1.53,-0.56,-0.02,-0.03,0.03,0.00,0.00,0.00,0.04,0.03,0.03,-0.01,0.00,-0.01,10.00
54140.00,-3.12,-1.53,-0.56,-0.02,-0.03,0.03,0.00,0.00,0.00,0.04,0.03,0.03,-0.00,0.01,-0.01,10.00
54150.00,-3.12,-1.53,-0.56,-0.02,-0.03,0.03,0.00,0.00,0.00,0.04,0.03,0.03,0.01,0.01,0.00,10.00
54160.00,-3.11,-1.53,-0.57,-0.00,-0.01,0.04,1.60,1.90,0.70,0.04,0.03,0.03,-0.00,0.00,0.01,20.00
54180.00,-3.11,-1.53,-0.57,-0.00,-0.01,0.04,0.00,0.00,0.00,0.04,0.03,0.03,-0.01,-0.00,-0.00,10.00
54195.00,-3.11,-1.53,-0.57,-0.00,-0.01,0.04,0.00,0.00,0.00,0.04,0.03,0.03,0.01,0.00,-0.01,10.00
54205.00,-3.11,-1.53,-0.57,-0.00,-0.01,0.04,0.00,0.00,0.00,0.04,0.03,0.03,0.00,0.00,-0.00,10.00
54215.00,-3.11,-1.53,-0.57,0.03,-0.02,0.04,3.20,-0.80,-0.50,0.04,0.03,0.03,0.00,0.01,0.00,16.00
54231.00,-3.11,-1.53,-0.57,0.03,-0.02,0.04,0.00,0.00,0.00,0.04,0.03,0.03,0.00,0.01,0.01,10.00
54241.00,-3.11,-1.53,-0.57,0.03,-0.02,0.04,0.00,0.00,0.00,0.04,0.03,0.03,0.00,-0.00,0.01,10.00
54251.00,-3.11,-1.53,-0.57,0.03,-0.02,0.04,0.00,0.00,0.00,0.04,0.03,0.03,0.00,-0.01,-0.01,10.00
54261.00,-3.09,-1.53,-0.57,0.04,-0.03,0.04,0.90,-0.90,0.40,0.04,0.03,0.03,0.00,-0.00,-0.01,19.00
54280.00,-3.09,-1.53,-0.57,0.04,-0.03,0.04,0.00,0.00,0.00,0.04,0.03,0.03,0.01,0.01,0.00,10.00
54290.00,-3.09,-1.53,-0.57,0.04,-0.03,0.04,0.00,0.00,0.00,0.04,0.03,0.03,0.00,0.01,0.00,10.00
54300.00,-3.09,-1.53,-0.57,0.04,-0.03,0.04,0.00,0.00,0.00,0.04,0.03,0.03,-0.01,0.01,0.01,10.00
54315.00,-3.09,-1.53,-0.57,0.02,-0.01,0.04,-1.20,1.00,0.00,0.04,0.03,0.03,-0.00,-0.01,-0.00,17.00
54332.00,-3.09,-1.53,-0.57,0.02,-0.01,0.04,0.00,0.00,0.00,0.04,0.03,0.03,0.00,0.00,0.00,10.00
54342.00,-3.09,-1.53,-0.57,0.02,-0.01,0.04,0.00,0.00,0.00,0.04,0.03,0.03,-0.00,-0.00,-0.01,10.00
54352.00,-3.09,-1.53,-0.57,0.02,-0.01,0.04,0.00,0.00,0.00,0.04,0.03,0.03,-0.01,0.01,-0.00,10.00
54362.00,-3.09,-1.53,-0.57,0.02,-0.01,0.04,0.00,0.00,0.00,0.04,0.03,0.03,-0.00,0.01,-0.00,10.00
54372.00,-3.09,-1.52,-0.57,-0.01,-0.02,0.03,-3.20,-1.00,-0.70,0.04,0.03,0.03,-0.00,0.00,0.00,18.00
54390.00,-3.09,-1.52,-0.57,-0.01,-0.02,0.03,0.00,0.00,0.00,0.04,0.03,0.03,-0.01,-0.00,-0.00,10.00
54400.00,-3.09,-1.52,-0.57,-0.01,-0.02,0.03,0.00,0.00,0.00,0.04,0.03,0.03,-0.01,-0.00,-0.01,10.00
54410.00,-3.09,-1.51,-0.57,-0.01,0.01,0.03,-0.40,2.90,-0.30,0.04,0.03,0.03,-0.00,-0.00,-0.01,17.00
54427.00,-3.09,-1.51,-0.57,-0.01,0.01,0.03,0.00,0.00,0.00,0.04,0.03,0.03,0.01,0.01,-0.01,10.00
54442.00,-3.09,-1.51,-0.57,-0.01,0.01,0.03,0.00,0.00,0.00,0.04,0.03,0.03,0.01,0.01,0.00,10.00
54452.00,-3.09,-1.51,-0.57,-0.01,0.01,0.03,0.00,0.00,0.00,0.04,0.03,0.03,-0.00,0.00,0.00,10.00
54462.00,-3.09,-1.52,-0.58,-0.02,-0.04,0.04,-0.40,-4.80,1.00,0.04,0.03,0.03,-0.01,-0.00,0.00,18.00
54480.00,-3.09,-1.52,-0.58,-0.02,-0.04,0.04,0.00,0.00,0.00,0.04,0.03,0.03,0.00,-0.01,0.00,10.00
54490.00,-3.09,-1.52,-0.58,-0.02,-0.04,0.04,0.00,0.00,0.00,0.04,0.03,0.03,0.01,-0.00,-0.00,10.00
54500.00,-3.09,-1.52,-0.58,-0.02,-0.04,0.04,0.00,0.00,0.00,0.04,0.03,0.03,0.00,0.01,-0.01,10.00
54510.00,-3.08,-1.51,-0.58,0.05,-0.01,0.03,6.80,2.70,-0.60,0.04,0.03,0.03,-0.00,0.01,-0.01,17.00
54527.00,-3.08,-1.51,-0.58,0.05,-0.01,0.03,0.00,0.00,0.00,0.04,0.03,0.03,0.00,-0.00,0.00,10.00
54537.00,-3.08,-1.51,-0.58,0.05,-0.01,0.03,0.00,0.00,0.00,0.04,0.03,0.03,-0.00,-0.00,0.00,10.00
54547.00,-3.08,-1.51,-0.58,0.05,-0.01,0.03,0.00,0.00,0.00,0.04,0.03,0.03,-0.01,-0.01,0.00,10.00
54562.00,-3.09,-1.50,-0.57,0.01,-0.02,0.03,-2.47,-0.67,-0.33,0.04,0.03,0.03,0.00,0.00,-0.00,19.00
54581.00,-3.09,-1.50,-0.57,0.01,-0.02,0.03,0.00,0.00,0.00,0.04,0.03,0.03,0.01,0.00,-0.00,10.00
54591.00,-3.09,-1.50,-0.57,0.01,-0.02,0.03,0.00,0.00,0.00,0.04,0.03,0.03,0.00,0.00,-0.00,10.00
54601.00,-3.09,-1.50,-0.57,0.01,-0.02,0.03,0.00,0.00,0.00,0.04,0.03,0.03,-0.01,0.00,0.00,10.00
54611.00,-3.08,-1.51,-0.58,0.01,-0.02,0.03,-0.30,0.30,0.40,0.04,0.03,0.03,-0.00,-0.01,0.00,18.00
54629.00,-3.08,-1.51,-0.58,0.01,-0.02,0.03,0.00,0.00,0.00,0.04,0.03,0.03,0.00,-0.01,-0.00,10.00
54639.00,-3.08,-1.51,-0.58,0.01,-0.02,0.03,0.00,0.00,0.00,0.04,0.03,0.03,0.00,0.00,-0.01,10.00
54649.00,-3.08,-1.51,-0.58,0.01,-0.02,0.03,0.00,0.00,0.00,0.04,0.03,0.03,-0.00,0.01,-0.01,10.00
54659.00,-3.08,-1.51,-0.58,0.01,-0.02,0.03,0.00,0.00,0.00,0.04,0.03,0.03,0.00,0.01,-0.00,10.00
54669.00,-3.09,-1.50,-0.57,-0.02,-0.02,0.02,-2.90,0.40,-1.00,0.04,0.03,0.03,0.00,0.00,0.00,15.00
54689.00,-3.09,-1.50,-0.57,-0.02,-0.02,0.02,0.00,0.00,0.00,0.04,0.03,0.03,-0.00,-0.01,0.00,10.00
54699.00,-3.09,-1.50,-0.57,-0.02,-0.02,0.02,0.00,0.00,0.00,0.04,0.03,0.03,0.00,-0.00,-0.00,10.00
54709.00,-3.09,-1.50,-0.57,-0.02,-0.02,0.02,0.00,0.00,0.00,0.04,0.03,0.03,0.00,0.00,-0.01,10.00
54719.00,-3.08,-1.50,-0.58,0.02,-0.01,0.02,3.90,0.30,0.10,0.04,0.03,0.03,0.00,0.01,-0.01,15.00
54734.00,-3.08,-1.50,-0.58,0.02,-0.01,0.02,0.00,0.00,0.00,0.04,0.03,0.03,-0.00,0.01,-0.00,10.00
54744.00,-3.08,-1.50,-0.58,0.02,-0.01,0.02,0.00,0.00,0.00,0.04,0.03,0.03,0.00,0.00,0.00,10.00
54754.00,-3.08,-1.49,-0.58,0.01,-0.02,0.02,-1.30,-0.50,-0.10,0.04,0.03,0.03,0.00,-0.00,0.01,17.00
54771.00,-3.08,-1.49,-0.58,0.01,-0.02,0.02,0.00,0.00,0.00,0.04,0.03,0.03,-0.00,-0.01,-0.00,10.00
54781.00,-3.08,-1.49,-0.58,0.01,-0.02,0.02,0.00,0.00,0.00,0.04,0.03,0.03,-0.01,-0.00,-0.01,10.00
54791.00,-3.08,-1.49,-0.58,0.01,-0.02,0.02,0.00,0.00,0.00,0.04,0.03,0.03,0.00,0.00,-0.01,10.00
54806.00,-3.08,-1.48,-0.57,0.02,-0.02,0.02,1.00,0.20,0.00,0.04,0.03,0.03,0.01,0.00,0.00,17.00
54823.00,-3.08,-1.48,-0.57,0.02,-0.02,0.02,0.00,0.00,0.00,0.04,0.03,0.03,-0.00,0.00,0.00,10.00
54833.00,-3.08,-1.48,-0.57,0.02,-0.02,0.02,0.00,0.00,0.00,0.04,0.03,0.03,-0.01,0.00,0.00,10.00
54843.00,-3.08,-1.48,-0.57,0.02,-0.02,0.02,0.00,0.00,0.00,0.04,0.03,0.03,-0.00,-0.01,-0.00,10.00
54853.00,-3.08,-1.48,-0.57,0.02,-0.02,0.02,0.00,0.00,0.00,0.04,0.03,0.03,0.00,-0.01,-0.00,10.00
54863.00,-3.08,-1.48,-0.58,0.01,-0.01,0.03,-1.20,1.00,0.60,0.04,0.03,0.03,0.00,0.01,-0.00,18.00
54881.00,-3.08,-1.48,-0.58,0.01,-0.01,0.03,0.00,0.00,0.00,0.04,0.03,0.03,-0.00,0.00,-0.00,10.00
54891.00,-3.08,-1.48,-0.58,0.01,-0.01,0.03,0.00,0.00,0.00,0.04,0.03,0.03,0.00,0.00,-0.00,10.00
54901.00,-3.08,-1.48,-0.58,0.01,-0.01,0.03,0.00,0.00,0.00,0.04,0.03,0.03,0.00,-0.00,-0.00,10.00
54911.00,-3.08,-1.48,-0.58,0.02,0.00,0.03,1.30,0.80,0.10,0.04,0.03,0.03,-0.01,-0.00,0.00,18.00
54940.00,-3.08,-1.48,-0.58,0.02,0.00,0.03,0.00,0.00,0.00,0.04,0.03,0.03,0.01,0.00,0.00,10.00
54950.00,-3.08,-1.48,-0.58,0.02,0.00,0.03,0.00,0.00,0.00,0.04,0.03,0.03,0.00,0.00,-0.01,10.00
54960.00,-3.07,-1.48,-0.58,0.01,-0.02,0.03,-1.40,-2.20,0.00,0.04,0.03,0.03,-0.00,0.00,-0.01,17.00
54977.00,-3.07,-1.48,-0.58,0.01,-0.02,0.03,0.00,0.00,0.00,0.04,0.03,0.03,-0.00,-0.00,-0.00,10.00
54987.00,-3.07,-1.48,-0.58,0.01,-0.02,0.03,0.00,0.00,0.00,0.04,0.03,0.03,-0.00,-0.00,0.00,10.00
54997.00,-3.07,-1.48,-0.58,0.01,-0.02,0.03,0.00,0.00,0.00,0.04,0.03,0.03,0.00,0.00,0.01,10.00
55007.00,-3.08,-1.47,-0.58,-0.03,0.00,0.02,-3.60,2.00,-0.80,0.04,0.03,0.03,0.00,0.00,0.00,16.00
55023.00,-3.08,-1.47,-0.58,-0.03,0.00,0.02,0.00,0.00,0.00,0.04,0.03,0.03,-0.00,0.00,-0.01,10.00
55033.00,-3.08,-1.47,-0.58,-0.03,0.00,0.02,0.00,0.00,0.00,0.04,0.03,0.03,0.00,0.00,-0.01,10.00
55043.00,-3.08,-1.47,-0.58,-0.03,0.00,0.02,0.00,0.00,0.00,0.04,0.03,0.03,0.00,0.00,-0.00,10.00
55058.00,-3.08,-1.46,-0.57,-0.04,0.02,0.02,-0.53,1.47,-0.13,0.04,0.03,0.03,-0.00,-0.00,0.01,16.00
55074.00,-3.08,-1.46,-0.57,-0.04,0.02,0.02,0.00,0.00,0.00,0.04,0.03,0.03,-0.00,-0.00,0.00,10.00
55084.00,-3.08,-1.46,-0.57,-0.04,0.02,0.02,0.00,0.00,0.00,0.04,0.03,0.03,0.00,0.00,-0.00,10.00
55094.00,-3.08,-1.46,-0.57,-0.04,0.02,0.02,0.00,0.00,0.00,0.04,0.03,0.03,0.00,0.00,-0.01,10.00
55104.00,-3.08,-1.46,-0.57,-0.04,0.02,0.02,0.00,0.00,0.00,0.04,0.03,0.03,0.00,0.01,-0.01,10.00
55114.00,-3.08,-1.45,-0.56,0.00,0.01,0.01,3.60,-1.50,-1.10,0.04,0.03,0.03,-0.00,0.01,-0.00,18.00
55132.00,-3.08,-1.45,-0.56,0.00,0.01,0.01,0.00,0.00,0.00,0.04,0.03,0.03,0.01,-0.00,0.01,10.00
55142.00,-3.08,-1.45,-0.56,0.00,0.01,0.01,0.00,0.00,0.00,0.04,0.03,0.03,0.00,-0.00,0.00,10.00
55152.00,-3.08,-1.45,-0.56,0.00,0.01,0.01,0.00,0.00,0.00,0.04,0.03,0.03,-0.01,-0.00,0.00,10.00
55162.00,-3.07,-1.47,-0.58,0.02,-0.08,0.02,1.50,-9.00,1.30,0.04,0.03,0.03,-0.00,0.00,-0.00,16.00
55183.00,-3.07,-1.47,-0.58,0.02,-0.08,0.02,0.00,0.00,0.00,0.04,0.03,0.03,0.01,0.00,-0.00,10.00
55193.00,-3.07,-1.47,-0.58,0.02,-0.08,0.02,0.00,0.00,0.00,0.04,0.03,0.03,0.00,0.00,0.00,10.00
55203.00,-3.07,-1.47,-0.58,0.02,-0.08,0.02,0.00,0.00,0.00,0.04,0.03,0.03,-0.02,0.00,0.01,10.00
55213.00,-3.07,-1.46,-0.58,0.03,-0.03,0.03,1.50,5.00,0.60,0.04,0.03,0.03,-0.01,-0.00,0.01,18.00
55231.00,-3.07,-1.46,-0.58,0.03,-0.03,0.03,0.00,0.00,0.00,0.04,0.03,0.03,0.01,-0.00,-0.00,10.00
55241.00,-3.07,-1.46,-0.58,0.03,-0.03,0.03,0.00,0.00,0.00,0.04,0.03,0.03,-0.00,0.00,-0.01,10.00
55251.00,-3.07,-1.46,-0.58,0.03,-0.03,0.03,0.00,0.00,0.00,0.04,0.03,0.03,-0.00,0.00,-0.00,10.00
55261.00,-3.07,-1.45,-0.58,0.02,0.02,0.03,-1.00,5.10,0.10,0.04,0.03,0.03,0.01,0.00,0.00,17.00
55278.00,-3.07,-1.45,-0.58,0.02,0.02,0.03,0.00,0.00,0.00,0.04,0.03,0.03,-0.00,-0.00,0.01,10.00
55288.00,-3.07,-1.45,-0.58,0.02,0.02,0.03,0.00,0.00,0.00,0.04,0.03,0.03,-0.01,-0.00,0.00,10.00
55303.00,-3.07,-1.45,-0.57,0.01,0.02,0.02,-1.07,0.00,-0.60,0.04,0.03,0.03,0.00,-0.01,-0.00,16.00
55319.00,-3.07,-1.45,-0.57,0.01,0.02,0.02,0.00,0.00,0.00,0.04,0.03,0.03,0.00,0.00,-0.00,10.00
55329.00,-3.07,-1.45,-0.57,0.01,0.02,0.02,0.00,0.00,0.00,0.04,0.03,0.03,-0.01,0.01,-0.00,10.00
55339.00,-3.07,-1.45,-0.57,0.01,0.02,0.02,0.00,0.00,0.00,0.04,0.03,0.03,0.00,0.01,0.00,10.00
55349.00,-3.07,-1.45,-0.57,0.01,0.02,0.02,0.00,0.00,0.00,0.04,0.03,0.03,0.01,0.00,0.01,10.00
55359.00,-3.07,-1.45,-0.57,-0.00,0.01,0.02,-0.90,-0.50,-0.10,0.04,0.03,0.03,0.00,-0.00,0.00,15.00
55374.00,-3.07,-1.45,-0.57,-0.00,0.01,0.02,0.00,0.00,0.00,0.04,0.03,0.03,-0.00,-0.00,-0.00,10.00
55384.00,-3.07,-1.45,-0.57,-0.00,0.01,0.02,0.00,0.00,0.00,0.04,0.03,0.03,-0.00,0.00,-0.00,10.00
55394.00,-3.07,-1.45,-0.57,-0.00,0.01,0.02,0.00,0.00,0.00,0.04,0.03,0.03,0.00,0.00,-0.00,10.00
55404.00,-3.07,-1.45,-0.57,-0.00,0.01,0.02,0.00,0.00,0.00,0.04,0.03,0.03,0.01,0.00,0.00,10.00
55419.00,-3.07,-1.44,-0.57,-0.03,-0.01,0.02,-1.40,-1.27,-0.13,0.04,0.03,0.03,-0.01,0.00,0.00,16.00
55435.00,-3.07,-1.44,-0.57,-0.03,-0.01,0.02,0.00,0.00,0.00,0.04,0.03,0.03,0.01,-0.01,0.00,10.00
55445.00,-3.07,-1.44,-0.57,-0.03,-0.01,0.02,0.00,0.00,0.00,0.04,0.03,0.03,0.01,-0.01,-0.00,10.00
55455.00,-3.07,-1.43,-0.56,0.01,-0.01,0.01,3.00,-0.70,-0.30,0.04,0.03,0.03,0.00,-0.01,-0.00,17.00
55472.00,-3.07,-1.43,-0.56,0.01,-0.01,0.01,0.00,0.00,0.00,0.04,0.03,0.03,-0.00,0.01,-0.00,10.00
55482.00,-3.07,-1.43,-0.56,0.01,-0.01,0.01,0.00,0.00,0.00,0.04,0.03,0.03,0.01,0.01,0.00,10.00
55492.00,-3.07,-1.43,-0.56,0.01,-0.01,0.01,0.00,0.00,0.00,0.05,0.03,0.03,0.01,0.00,0.00,10.00
55502.00,-3.07,-1.43,-0.56,0.01,-0.01,0.01,0.00,0.00,0.00,0.05,0.03,0.03,-0.01,-0.00,0.00,10.00
55512.00,-3.07,-1.42,-0.55,0.01,-0.04,0.01,0.50,-2.50,-0.30,0.04,0.03,0.03,-0.01,-0.00,0.00,16.00
55528.00,-3.07,-1.42,-0.55,0.01,-0.04,0.01,0.00,0.00,0.00,0.05,0.03,0.03,0.01,-0.00,0.00,10.00
55543.00,-3.07,-1.42,-0.55,0.01,-0.04,0.01,0.00,0.00,0.00,0.05,0.03,0.03,0.01,0.00,-0.00,10.00
55553.00,-3.07,-1.42,-0.55,0.01,-0.04,0.01,0.00,0.00,0.00,0.05,0.03,0.03,0.00,0.01,-0.00,10.00
55563.00,-3.07,-1.41,-0.55,0.01,-0.01,0.01,0.20,2.40,-0.20,0.05,0.03,0.03,0.00,0.00,0.00,19.00
55582.00,-3.07,-1.41,-0.55,0.01,-0.01,0.01,0.00,0.00,0.00,0.05,0.03,0.03,-0.00,-0.01,0.00,10.00
55592.00,-3.07,-1.41,-0.55,0.01,-0.01,0.01,0.00,0.00,0.00,0.05,0.03,0.03,-0.01,-0.00,0.00,10.00
55602.00,-3.07,-1.41,-0.55,0.01,-0.01,0.01,0.00,0.00,0.00,0.04,0.03,0.03,-0.00,-0.00,-0.01,10.00
55612.00,-3.07,-1.41,-0.55,0.04,-0.01,0.01,2.60,0.40,0.10,0.05,0.03,0.03,0.01,0.00,-0.01,18.00
55630.00,-3.07,-1.41,-0.55,0.04,-0.01,0.01,0.00,0.00,0.00,0.04,0.03,0.03,-0.01,0.01,0.00,10.00
55640.00,-3.07,-1.41,-0.55,0.04,-0.01,0.01,0.00,0.00,0.00,0.04,0.03,0.03,-0.01,0.00,0.00,10.00
55650.00,-3.07,-1.41,-0.55,0.04,-0.01,0.01,0.00,0.00,0.00,0.04,0.03,0.03,0.00,-0.00,0.00,10.00
55665.00,-3.07,-1.40,-0.54,0.01,-0.00,0.01,-1.80,0.53,-0.13,0.04,0.03,0.03,-0.00,-0.01,-0.00,18.00
55683.00,-3.07,-1.40,-0.54,0.01,-0.00,0.01,0.00,0.00,0.00,0.04,0.03,0.03,-0.01,0.01,-0.01,10.00
55693.00,-3.07,-1.40,-0.54,0.01,-0.00,0.01,0.00,0.00,0.00,0.04,0.03,0.03,0.01,0.01,-0.00,10.00
55703.00,-3.07,-1.40,-0.54,0.01,-0.00,0.01,0.00,0.00,0.00,0.04,0.03,0.03,0.01,0.00,-0.00,10.00
55713.00,-3.08,-1.40,-0.54,-0.02,-0.01,0.00,-3.50,-0.90,-0.50,0.04,0.03,0.03,0.01,-0.00,0.00,17.00
55730.00,-3.08,-1.40,-0.54,-0.02,-0.01,0.00,0.00,0.00,0.00,0.04,0.03,0.03,-0.01,-0.00,0.00,10.00
55740.00,-3.08,-1.40,-0.54,-0.02,-0.01,0.00,0.00,0.00,0.00,0.04,0.03,0.03,0.01,-0.01,0.00,10.00
55750.00,-3.08,-1.40,-0.54,-0.02,-0.01,0.00,0.00,0.00,0.00,0.04,0.03,0.03,0.01,-0.00,0.00,10.00
55760.00,-3.08,-1.39,-0.53,-0.03,0.02,-0.00,-0.50,2.90,-0.30,0.04,0.03,0.03,0.00,0.00,-0.00,16.00
55776.00,-3.08,-1.39,-0.53,-0.03,0.02,-0.00,0.00,0.00,0.00,0.04,0.03,0.03,-0.01,0.01,-0.00,10.00
55791.00,-3.08,-1.39,-0.53,-0.03,0.02,-0.00,0.00,0.00,0.00,0.04,0.03,0.03,0.01,-0.00,-0.00,10.00
55801.00,-3.08,-1.39,-0.53,-0.03,0.02,-0.00,0.00,0.00,0.00,0.04,0.03,0.03,0.00,-0.00,0.00,10.00
55811.00,-3.08,-1.38,-0.53,-0.02,0.03,-0.00,0.90,0.70,-0.10,0.04,0.03,0.03,-0.01,-0.01,0.00,16.00
55827.00,-3.08,-1.38,-0.53,-0.02,0.03,-0.00,0.00,0.00,0.00,0.04,0.03,0.03,-0.00,-0.00,0.00,10.00
55837.00,-3.08,-1.38,-0.53,-0.02,0.03,-0.00,0.00,0.00,0.00,0.04,0.03,0.03,0.01,-0.01,-0.00,10.00
55847.00,-3.08,-1.38,-0.53,-0.02,0.03,-0.00,0.00,0.00,0.00,0.04,0.03,0.03,0.00,0.00,-0.00,10.00
55857.00,-3.07,-1.38,-0.54,0.02,-0.02,0.01,3.60,-4.40,0.70,0.04,0.03,0.03,-0.00,0.01,-0.01,17.00
55874.00,-3.07,-1.38,-0.54,0.02,-0.02,0.01,0.00,0.00,0.00,0.04,0.03,0.03,-0.00,-0.00,-0.00,10.00
55884.00,-3.07,-1.38,-0.54,0.02,-0.02,0.01,0.00,0.00,0.00,0.04,0.03,0.03,0.00,-0.00,0.00,10.00
55894.00,-3.07,-1.38,-0.54,0.02,-0.02,0.01,0.00,0.00,0.00,0.04,0.03,0.03,0.00,-0.01,0.00,10.00
55914.00,-3.07,-1.38,-0.54,0.02,-0.01,0.01,0.10,0.45,0.25,0.04,0.03,0.03,0.00,0.00,-0.00,19.00
55933.00,-3.07,-1.38,-0.54,0.02,-0.01,0.01,0.00,0.00,0.00,0.04,0.03,0.03,0.00,0.00,-0.00,10.00
55943.00,-3.07,-1.38,-0.54,0.02,-0.01,0.01,0.00,0.00,0.00,0.04,0.03,0.03,-0.00,0.00,-0.00,10.00
55953.00,-3.07,-1.38,-0.54,0.02,-0.01,0.01,0.00,0.00,0.00,0.04,0.03,0.03,-0.00,0.00,0.00,10.00
55963.00,-3.07,-1.37,-0.53,0.03,0.03,0.01,1.10,4.10,0.10,0.04,0.03,0.03,0.00,-0.00,0.00,17.00
55980.00,-3.07,-1.37,-0.53,0.03,0.03,0.01,0.00,0.00,0.00,0.04,0.03,0.03,0.00,0.00,-0.00,10.00
55990.00,-3.07,-1.37,-0.53,0.03,0.03,0.01,0.00,0.00,0.00,0.04,0.03,0.03,-0.00,0.00,-0.00,10.00
56000.00,-3.07,-1.37,-0.53,0.03,0.03,0.01,0.00,0.00,0.00,0.04,0.03,0.03,-0.00,0.01,-0.00,10.00
56010.00,-3.07,-1.36,-0.52,0.00,0.01,0.00,-2.80,-2.50,-0.90,0.04,0.03,0.03,0.00,0.01,-0.00,16.00
56026.00,-3.07,-1.36,-0.52,0.00,0.01,0.00,0.00,0.00,0.00,0.04,0.03,0.03,0.00,-0.00,0.00,10.00
56041.00,-3.07,-1.36,-0.52,0.00,0.01,0.00,0.00,0.00,0.00,0.04,0.03,0.03,-0.01,-0.00,0.00,10.00
56051.00,-3.07,-1.36,-0.52,0.00,0.01,0.00,0.00,0.00,0.00,0.04,0.03,0.03,-0.00,-0.00,-0.00,10.00
56061.00,-3.07,-1.36,-0.52,0.00,0.01,0.00,0.00,0.00,0.00,0.04,0.03,0.03,0.00,0.00,-0.00,10.00
56071.00,-3.08,-1.35,-0.51,-0.04,-0.01,-0.01,-3.90,-1.80,-1.30,0.04,0.03,0.03,-0.00,0.01,-0.01,17.00
56088.00,-3.08,-1.35,-0.51,-0.04,-0.01,-0.01,0.00,0.00,0.00,0.04,0.03,0.03,-0.00,0.01,0.00,10.00
56098.00,-3.08,-1.35,-0.51,-0.04,-0.01,-0.01,0.00,0.00,0.00,0.04,0.03,0.03,0.00,-0.00,0.00,10.00
56108.00,-3.08,-1.35,-0.51,-0.02,0.00,-0.00,2.10,1.40,0.90,0.04,0.03,0.03,0.00,-0.00,-0.00,16.00
56124.00,-3.08,-1.35,-0.51,-0.02,0.00,-0.00,0.00,0.00,0.00,0.04,0.03,0.03,-0.00,-0.00,-0.00,10.00
56134.00,-3.08,-1.35,-0.51,-0.02,0.00,-0.00,0.00,0.00,0.00,0.04,0.03,0.03,-0.00,0.01,-0.01,10.00
56144.00,-3.08,-1.35,-0.51,-0.02,0.00,-0.00,0.00,0.00,0.00,0.04,0.03,0.03,-0.00,0.00,0.00,10.00
56159.00,-3.08,-1.34,-0.52,-0.01,0.02,0.00,0.20,1.33,0.33,0.04,0.03,0.03,0.00,0.01,0.00,17.00
56176.00,-3.08,-1.34,-0.52,-0.01,0.02,0.00,0.00,0.00,0.00,0.04,0.03,0.03,-0.00,0.00,-0.00,10.00
56186.00,-3.08,-1.34,-0.52,-0.01,0.02,0.00,0.00,0.00,0.00,0.04,0.03,0.03,-0.00,-0.00,-0.00,10.00
56196.00,-3.08,-1.34,-0.52,-0.01,0.02,0.00,0.00,0.00,0.00,0.04,0.03,0.03,-0.00,0.00,-0.00,10.00
56206.00,-3.08,-1.34,-0.52,-0.01,0.02,0.00,0.00,0.00,0.00,0.04,0.03,0.03,-0.00,0.00,-0.01,10.00
56216.00,-3.08,-1.34,-0.51,-0.01,0.02,-0.01,0.00,-0.40,-1.00,0.04,0.03,0.03,-0.00,0.00,-0.00,18.00
56234.00,-3.08,-1.34,-0.51,-0.01,0.02,-0.01,0.00,0.00,0.00,0.04,0.03,0.03,0.00,-0.00,0.00,10.00
56244.00,-3.08,-1.34,-0.51,-0.01,0.02,-0.01,0.00,0.00,0.00,0.04,0.03,0.03,0.00,-0.00,-0.00,10.00
56254.00,-3.08,-1.34,-0.51,-0.01,0.02,-0.01,0.00,0.00,0.00,0.04,0.03,0.03,0.00,-0.00,-0.00,10.00
56264.00,-3.08,-1.34,-0.50,-0.02,0.01,-0.01,-0.80,-1.10,-0.10,0.04,0.03,0.03,-0.00,-0.00,-0.00,19.00
56288.00,-3.08,-1.34,-0.50,-0.02,0.01,-0.01,0.00,0.00,0.00,0.04,0.03,0.03,-0.00,0.00,0.00,10.00
56298.00,-3.08,-1.34,-0.50,-0.02,0.01,-0.01,0.00,0.00,0.00,0.04,0.03,0.03,-0.00,0.01,0.00,10.00
56308.00,-3.08,-1.33,-0.50,-0.01,0.02,-0.01,1.30,1.70,-0.20,0.04,0.03,0.03,-0.00,0.00,-0.00,17.00
56325.00,-3.08,-1.33,-0.50,-0.01,0.02,-0.01,0.00,0.00,0.00,0.04,0.03,0.03,-0.00,-0.00,-0.00,10.00
56335.00,-3.08,-1.33,-0.50,-0.01,0.02,-0.01,0.00,0.00,0.00,0.04,0.03,0.03,-0.00,-0.00,-0.00,10.00
56345.00,-3.08,-1.33,-0.50,-0.01,0.02,-0.01,0.00,0.00,0.00,0.04,0.03,0.03,-0.00,-0.00,-0.00,10.00
56355.00,-3.09,-1.32,-0.49,-0.01,0.00,-0.01,-0.40,-2.30,0.20,0.04,0.03,0.03,0.00,0.00,0.00,16.00
56371.00,-3.09,-1.32,-0.49,-0.01,0.00,-0.01,0.00,0.00,0.00,0.04,0.03,0.03,0.00,0.01,-0.00,10.00
56381.00,-3.09,-1.32,-0.49,-0.01,0.00,-0.01,0.00,0.00,0.00,0.04,0.03,0.03,0.00,-0.00,-0.00,10.00
56391.00,-3.09,-1.32,-0.49,-0.01,0.00,-0.01,0.00,0.00,0.00,0.04,0.03,0.03,-0.00,-0.00,-0.00,10.00
56406.00,-3.09,-1.31,-0.49,-0.01,0.00,-0.01,0.47,-0.07,0.07,0.04,0.03,0.03,0.00,-0.00,-0.00,17.00
56423.00,-3.09,-1.31,-0.49,-0.01,0.00,-0.01,0.00,0.00,0.00,0.04,0.03,0.03,0.00,0.00,-0.00,10.00
56433.00,-3.09,-1.31,-0.49,-0.01,0.00,-0.01,0.00,0.00,0.00,0.04,0.03,0.03,0.00,0.00,-0.00,10.00
56443.00,-3.09,-1.31,-0.49,-0.01,0.00,-0.01,0.00,0.00,0.00,0.04,0.03,0.03,0.00,0.00,-0.00,10.00
56453.00,-3.09,-1.31,-0.49,-0.01,0.00,-0.01,0.00,0.00,0.00,0.04,0.03,0.03,0.00,-0.00,-0.00,10.00
56463.00,-3.09,-1.31,-0.49,-0.02,-0.01,-0.01,-1.00,-1.20,-0.40,0.04,0.03,0.03,0.00,-0.00,-0.00,17.00
56480.00,-3.09,-1.31,-0.49,-0.02,-0.01,-0.01,0.00,0.00,0.00,0.04,0.03,0.03,0.00,-0.00,0.00,10.00
56490.00,-3.09,-1.31,-0.49,-0.02,-0.01,-0.01,0.00,0.00,0.00,0.04,0.03,0.03,0.00,0.00,0.00,10.00
56500.00,-3.09,-1.31,-0.49,-0.02,-0.01,-0.01,0.00,0.00,0.00,0.04,0.03,0.03,0.00,0.00,-0.00,10.00
56510.00,-3.09,-1.31,-0.48,-0.01,0.00,-0.02,0.80,1.60,-0.40,0.04,0.03,0.03,-0.00,0.00,0.00,16.00
56531.00,-3.09,-1.31,-0.48,-0.01,0.00,-0.02,0.00,0.00,0.00,0.04,0.03,0.03,-0.00,-0.00,-0.00,10.00
56541.00,-3.09,-1.31,-0.48,-0.01,0.00,-0.02,0.00,0.00,0.00,0.04,0.03,0.03,-0.00,-0.00,0.00,10.00
56551.00,-3.09,-1.31,-0.48,-0.01,0.00,-0.02,0.00,0.00,0.00,0.04,0.03,0.03,-0.00,0.00,0.00,10.00
56561.00,-3.09,-1.30,-0.48,0.02,0.03,-0.01,2.50,2.20,0.70,0.04,0.03,0.03,0.00,-0.00,0.00,16.00
56577.00,-3.09,-1.30,-0.48,0.02,0.03,-0.01,0.00,0.00,0.00,0.04,0.03,0.03,-0.00,-0.00,0.00,10.00
56587.00,-3.09,-1.30,-0.48,0.02,0.03,-0.01,0.00,0.00,0.00,0.04,0.03,0.03,-0.00,-0.00,-0.00,10.00
56597.00,-3.09,-1.30,-0.48,0.02,0.03,-0.01,0.00,0.00,0.00,0.04,0.03,0.03,-0.00,0.00,-0.00,10.00
56607.00,-3.09,-1.30,-0.48,0.02,0.03,-0.01,0.00,0.00,0.00,0.04,0.03,0.03,-0.00,0.00,-0.00,10.00
56617.00,-3.08,-1.30,-0.49,0.03,0.01,0.01,1.30,-1.20,1.40,0.04,0.03,0.03,0.00,0.00,-0.00,17.00
56634.00,-3.08,-1.30,-0.49,0.03,0.01,0.01,0.00,0.00,0.00,0.04,0.03,0.03,-0.00,0.00,0.00,10.00
56649.00,-3.08,-1.30,-0.49,0.03,0.01,0.01,0.00,0.00,0.00,0.04,0.03,0.03,-0.00,0.00,-0.00,10.00
56659.00,-3.08,-1.30,-0.49,0.03,0.01,0.01,0.00,0.00,0.00,0.04,0.03,0.03,0.00,0.00,-0.00,10.00
56669.00,-3.08,-1.30,-0.50,0.02,-0.02,0.01,-1.40,-3.70,0.60,0.04,0.03,0.03,-0.00,-0.00,-0.00,17.00
56686.00,-3.08,-1.30,-0.50,0.02,-0.02,0.01,0.00,0.00,0.00,0.04,0.03,0.03,-0.01,0.00,0.00,10.00
56696.00,-3.08,-1.30,-0.50,0.02,-0.02,0.01,0.00,0.00,0.00,0.04,0.03,0.03,0.01,0.00,0.00,10.00
56706.00,-3.08,-1.30,-0.50,0.02,-0.02,0.01,0.00,0.00,0.00,0.04,0.03,0.03,0.01,-0.00,0.00,10.00
56716.00,-3.08,-1.29,-0.48,-0.00,-0.02,0.00,-2.00,0.20,-1.00,0.04,0.03,0.03,-0.00,0.00,0.00,18.00
56734.00,-3.08,-1.29,-0.48,-0.00,-0.02,0.00,0.00,0.00,0.00,0.04,0.03,0.03,0.00,-0.00,-0.00,10.00
56744.00,-3.08,-1.29,-0.48,-0.00,-0.02,0.00,0.00,0.00,0.00,0.04,0.03,0.03,0.01,-0.00,0.00,10.00
56754.00,-3.08,-1.28,-0.47,0.02,-0.02,-0.01,2.40,0.40,-1.30,0.04,0.03,0.03,-0.00,0.00,0.00,15.00
56774.00,-3.08,-1.28,-0.47,0.02,-0.02,-0.01,0.00,0.00,0.00,0.04,0.03,0.03,-0.01,0.00,0.00,10.00
56784.00,-3.08,-1.28,-0.47,0.02,-0.02,-0.01,0.00,0.00,0.00,0.04,0.03,0.03,0.00,-0.01,0.00,10.00
56794.00,-3.08,-1.28,-0.47,0.02,-0.02,-0.01,0.00,0.00,0.00,0.04,0.03,0.03,0.00,-0.01,-0.00,10.00
56804.00,-3.08,-1.28,-0.47,0.02,-0.02,-0.01,0.00,0.00,0.00,0.04,0.03,0.03,-0.01,0.00,-0.00,10.00
56814.00,-3.09,-1.28,-0.47,-0.06,-0.06,-0.01,-8.20,-3.90,-0.10,0.04,0.03,0.03,-0.00,0.00,0.00,16.00
56830.00,-3.09,-1.28,-0.47,-0.06,-0.06,-0.01,0.00,0.00,0.00,0.04,0.03,0.03,0.00,0.00,0.00,10.00
56840.00,-3.09,-1.28,-0.47,-0.06,-0.06,-0.01,0.00,0.00,0.00,0.04,0.03,0.03,0.00,-0.00,0.00,10.00
56850.00,-3.09,-1.28,-0.47,-0.06,-0.06,-0.01,0.00,0.00,0.00,0.04,0.03,0.03,-0.00,0.00,0.00,10.00
56860.00,-3.09,-1.27,-0.47,-0.03,0.02,-0.00,2.90,7.60,1.00,0.04,0.03,0.03,-0.00,0.00,-0.00,17.00
56877.00,-3.09,-1.27,-0.47,-0.03,0.02,-0.00,0.00,0.00,0.00,0.04,0.03,0.03,0.01,-0.00,0.00,10.00
56892.00,-3.09,-1.27,-0.47,-0.03,0.02,-0.00,0.00,0.00,0.00,0.04,0.03,0.03,0.00,0.00,0.00,10.00
56902.00,-3.09,-1.27,-0.47,-0.03,0.02,-0.00,0.00,0.00,0.00,0.04,0.03,0.03,0.00,0.00,0.00,10.00
56912.00,-3.09,-1.27,-0.47,-0.03,0.02,-0.00,0.00,0.00,0.00,0.04,0.03,0.03,0.00,-0.00,0.00,10.00
56922.00,-3.09,-1.27,-0.47,0.02,0.06,0.00,4.80,3.60,0.60,0.04,0.03,0.03,-0.00,-0.01,0.00,15.00
56937.00,-3.09,-1.27,-0.47,0.02,0.06,0.00,0.00,0.00,0.00,0.04,0.03,0.03,-0.00,-0.00,-0.00,10.00
56947.00,-3.09,-1.27,-0.47,0.02,0.06,0.00,0.00,0.00,0.00,0.04,0.03,0.03,0.00,0.00,-0.00,10.00
56957.00,-3.09,-1.27,-0.47,0.02,0.06,0.00,0.00,0.00,0.00,0.04,0.03,0.03,0.00,0.01,0.00,10.00
56967.00,-3.09,-1.27,-0.47,0.00,0.07,-0.00,-1.20,1.80,-0.50,0.04,0.03,0.03,0.00,0.00,0.00,19.00
56986.00,-3.09,-1.27,-0.47,0.00,0.07,-0.00,0.00,0.00,0.00,0.04,0.03,0.03,0.00,0.00,-0.00,10.00
56996.00,-3.09,-1.27,-0.47,0.00,0.07,-0.00,0.00,0.00,0.00,0.04,0.03,0.03,0.00,0.00,0.00,10.00
57016.00,-3.09,-1.27,-0.47,0.00,0.07,-0.00,0.00,0.00,0.00,0.04,0.03,0.03,0.00,0.00,-0.00,10.00
57026.00,-3.11,-1.25,-0.44,-0.03,0.05,-0.03,-3.00,-2.80,-2.60,0.04,0.03,0.03,0.00,0.00,0.00,18.00
57044.00,-3.11,-1.25,-0.44,-0.03,0.05,-0.03,0.00,0.00,0.00,0.04,0.03,0.03,0.00,0.00,0.00,10.00
57054.00,-3.11,-1.25,-0.44,-0.03,0.05,-0.03,0.00,0.00,0.00,0.04,0.03,0.03,0.00,0.00,-0.00,10.00
57064.00,-3.11,-1.24,-0.42,-0.02,0.00,-0.04,0.40,-4.60,-1.50,0.04,0.03,0.03,-0.00,-0.00,-0.00,16.00
57080.00,-3.11,-1.24,-0.42,-0.02,0.00,-0.04,0.00,0.00,0.00,0.04,0.03,0.03,0.00,-0.00,-0.00,10.00
57090.00,-3.11,-1.24,-0.42,-0.02,0.00,-0.04,0.00,0.00,0.00,0.04,0.03,0.03,0.00,0.00,0.00,10.00
57100.00,-3.11,-1.24,-0.42,-0.02,0.00,-0.04,0.00,0.00,0.00,0.04,0.03,0.03,0.00,0.00,0.00,10.00
57110.00,-3.11,-1.24,-0.42,-0.02,0.00,-0.04,0.00,0.00,0.00,0.04,0.03,0.03,0.00,0.00,0.00,10.00
57120.00,-3.09,-1.24,-0.45,0.01,0.01,-0.01,3.10,1.30,3.70,0.04,0.03,0.03,0.00,0.00,-0.00,17.00
57142.00,-3.09,-1.24,-0.45,0.01,0.01,-0.01,0.00,0.00,0.00,0.04,0.03,0.03,-0.00,-0.00,-0.00,10.00
57152.00,-3.09,-1.24,-0.45,0.01,0.01,-0.01,0.00,0.00,0.00,0.04,0.03,0.03,0.00,-0.00,0.00,10.00
57162.00,-3.09,-1.24,-0.45,0.01,0.01,-0.01,0.00,0.00,0.00,0.04,0.03,0.03,-0.00,0.00,0.00,10.00
57172.00,-3.09,-1.24,-0.45,0.00,0.03,0.00,-0.80,1.20,0.70,0.04,0.03,0.03,0.00,-0.00,0.00,16.00
57188.00,-3.09,-1.24,-0.45,0.00,0.03,0.00,0.00,0.00,0.00,0.04,0.03,0.03,0.00,0.00,-0.00,10.00
57198.00,-3.09,-1.24,-0.45,0.00,0.03,0.00,0.00,0.00,0.00,0.04,0.03,0.03,0.00,0.00,-0.00,10.00
57208.00,-3.09,-1.24,-0.45,0.00,0.03,0.00,0.00,0.00,0.00,0.04,0.03,0.03,0.00,-0.00,-0.00,10.00
57218.00,-3.11,-1.23,-0.42,0.03,0.02,-0.02,2.90,-0.90,-2.40,0.04,0.03,0.03,-0.00,0.00,0.00,18.00
57236.00,-3.11,-1.23,-0.42,0.03,0.02,-0.02,0.00,0.00,0.00,0.04,0.03,0.03,0.00,0.00,0.00,10.00
57246.00,-3.11,-1.23,-0.42,0.03,0.02,-0.02,0.00,0.00,0.00,0.04,0.03,0.03,-0.00,0.00,0.00,10.00
57261.00,-3.11,-1.22,-0.41,-0.03,0.03,-0.03,-3.67,0.73,-0.20,0.04,0.03,0.03,-0.00,-0.00,-0.00,17.00
57278.00,-3.11,-1.22,-0.41,-0.03,0.03,-0.03,0.00,0.00,0.00,0.04,0.03,0.03,0.00,-0.00,-0.00,10.00
57288.00,-3.11,-1.22,-0.41,-0.03,0.03,-0.03,0.00,0.00,0.00,0.04,0.03,0.03,-0.00,-0.00,-0.00,10.00
57298.00,-3.11,-1.22,-0.41,-0.03,0.03,-0.03,0.00,0.00,0.00,0.04,0.03,0.03,-0.00,0.00,0.00,10.00
57308.00,-3.11,-1.22,-0.41,-0.03,0.03,-0.03,0.00,0.00,0.00,0.04,0.03,0.03,0.00,0.00,0.00,10.00
57318.00,-3.11,-1.22,-0.41,-0.01,0.01,-0.02,1.50,-1.50,0.40,0.04,0.03,0.03,0.00,-0.00,0.00,18.00
57336.00,-3.11,-1.22,-0.41,-0.01,0.01,-0.02,0.00,0.00,0.00,0.04,0.03,0.03,-0.00,-0.00,-0.00,10.00
57346.00,-3.11,-1.22,-0.41,-0.01,0.01,-0.02,0.00,0.00,0.00,0.04,0.03,0.03,-0.00,0.00,-0.00,10.00
57356.00,-3.12,-1.22,-0.41,-0.09,-0.03,-0.01,-7.90,-4.60,0.80,0.04,0.03,0.03,0.00,-0.00,0.00,16.00
57372.00,-3.12,-1.22,-0.41,-0.09,-0.03,-0.01,0.00,0.00,0.00,0.04,0.03,0.03,0.00,0.00,0.00,10.00
57387.00,-3.12,-1.22,-0.41,-0.09,-0.03,-0.01,0.00,0.00,0.00,0.04,0.03,0.03,-0.00,-0.00,0.00,10.00
57397.00,-3.12,-1.22,-0.41,-0.09,-0.03,-0.01,0.00,0.00,0.00,0.04,0.03,0.03,0.00,-0.00,-0.00,10.00
57407.00,-3.12,-1.21,-0.40,0.03,-0.04,-0.02,11.80,-0.30,-0.70,0.04,0.03,0.03,0.00,0.00,-0.00,13.00
57420.00,-3.12,-1.21,-0.40,0.03,-0.04,-0.02,0.00,0.00,0.00,0.04,0.03,0.03,0.00,-0.00,0.00,10.00
57430.00,-3.12,-1.21,-0.40,0.03,-0.04,-0.02,0.00,0.00,0.00,0.04,0.03,0.03,0.00,-0.00,0.00,10.00
57440.00,-3.12,-1.21,-0.40,0.03,-0.04,-0.02,0.00,0.00,0.00,0.04,0.03,0.03,-0.00,0.00,0.00,10.00
57450.00,-3.12,-1.21,-0.40,0.03,-0.04,-0.02,0.00,0.00,0.00,0.04,0.03,0.03,-0.00,0.00,0.00,10.00
57460.00,-3.12,-1.21,-0.40,0.03,-0.04,-0.02,0.00,0.00,0.00,0.04,0.03,0.03,0.00,-0.00,0.00,10.00
57470.00,-3.11,-1.22,-0.41,0.01,-0.03,-0.01,-1.60,0.40,1.30,0.04,0.03,0.03,0.00,-0.00,-0.00,17.00
57487.00,-3.11,-1.22,-0.41,0.01,-0.03,-0.01,0.00,0.00,0.00,0.04,0.03,0.03,-0.00,-0.00,0.00,10.00
57502.00,-3.11,-1.22,-0.41,0.01,-0.03,-0.01,0.00,0.00,0.00,0.04,0.03,0.03,0.00,0.00,0.00,10.00
57512.00,-3.12,-1.20,-0.41,-0.05,0.04,0.01,-5.70,7.60,1.50,0.04,0.03,0.03,-0.00,-0.00,0.00,16.00
57528.00,-3.12,-1.20,-0.41,-0.05,0.04,0.01,0.00,0.00,0.00,0.04,0.03,0.03,-0.00,0.00,-0.00,10.00
57538.00,-3.12,-1.20,-0.41,-0.05,0.04,0.01,0.00,0.00,0.00,0.04,0.03,0.03,-0.00,0.00,-0.00,10.00
57548.00,-3.12,-1.20,-0.41,-0.05,0.04,0.01,0.00,0.00,0.00,0.04,0.03,0.03,0.00,0.00,0.00,10.00
57558.00,-3.12,-1.20,-0.41,-0.05,0.04,0.01,0.00,0.00,0.00,0.04,0.03,0.03,0.00,-0.00,0.00,10.00
57568.00,-3.12,-1.19,-0.40,-0.00,0.08,0.00,4.10,4.00,-0.50,0.04,0.03,0.03,0.00,-0.01,0.00,19.00
57587.00,-3.12,-1.19,-0.40,-0.00,0.08,0.00,0.00,0.00,0.00,0.04,0.03,0.03,-0.00,-0.00,0.00,130.00
57717.00,-3.12,-1.19,-0.37,-0.09,-0.09,-0.02,-0.64,-1.32,-0.14,0.04,0.03,0.03,-0.00,-0.00,0.00,36.00
57753.00,-3.12,-1.19,-0.37,-0.09,-0.09,-0.02,0.00,0.00,0.00,0.04,0.03,0.03,-0.01,0.00,-0.00,10.00
57768.00,-3.13,-1.19,-0.37,-0.15,-0.09,-0.01,-4.33,-0.33,0.53,0.04,0.03,0.03,0.00,0.00,0.00,19.00
57787.00,-3.13,-1.19,-0.37,-0.15,-0.09,-0.01,0.00,0.00,0.00,0.04,0.03,0.03,0.00,0.00,0.00,10.00
57797.00,-3.13,-1.19,-0.37,-0.15,-0.09,-0.01,0.00,0.00,0.00,0.04,0.03,0.03,-0.01,-0.00,0.00,10.00
57807.00,-3.13,-1.19,-0.38,-0.02,-0.04,0.01,13.20,5.60,1.90,0.04,0.03,0.03,-0.00,-0.00,-0.00,16.00
57823.00,-3.13,-1.19,-0.38,-0.02,-0.04,0.01,0.00,0.00,0.00,0.04,0.03,0.03,0.00,0.00,-0.00,10.00
57833.00,-3.13,-1.19,-0.38,-0.02,-0.04,0.01,0.00,0.00,0.00,0.04,0.03,0.03,-0.00,0.00,-0.00,10.00
57843.00,-3.13,-1.19,-0.38,-0.02,-0.04,0.01,0.00,0.00,0.00,0.04,0.03,0.03,0.00,0.00,-0.00,10.00
57853.00,-3.13,-1.19,-0.38,-0.02,-0.04,0.01,0.00,0.00,0.00,0.04,0.03,0.03,0.00,-0.00,0.00,10.00
57863.00,-3.12,-1.17,-0.37,0.08,0.04,0.01,10.40,7.60,-0.20,0.04,0.03,0.03,0.00,-0.00,0.00,16.00
57879.00,-3.12,-1.17,-0.37,0.08,0.04,0.01,0.00,0.00,0.00,0.04,0.03,0.03,-0.00,0.00,0.00,10.00
57894.00,-3.12,-1.17,-0.37,0.08,0.04,0.01,0.00,0.00,0.00,0.04,0.03,0.03,-0.00,0.00,-0.00,10.00
57904.00,-3.12,-1.17,-0.37,0.08,0.04,0.01,0.00,0.00,0.00,0.04,0.03,0.03,0.00,-0.00,0.00,10.00
57914.00,-3.12,-1.17,-0.37,0.12,0.06,0.01,3.50,1.90,-0.20,0.04,0.03,0.03,0.00,0.00,0.00,15.00
57929.00,-3.12,-1.17,-0.37,0.12,0.06,0.01,0.00,0.00,0.00,0.04,0.03,0.03,-0.00,-0.00,0.00,10.00
57939.00,-3.12,-1.17,-0.37,0.12,0.06,0.01,0.00,0.00,0.00,0.04,0.03,0.03,-0.00,-0.00,0.00,10.00
57949.00,-3.12,-1.17,-0.37,0.12,0.06,0.01,0.00,0.00,0.00,0.04,0.03,0.03,0.00,-0.00,0.00,10.00
57959.00,-3.12,-1.17,-0.37,0.12,0.06,0.01,0.00,0.00,0.00,0.04,0.03,0.03,-0.00,0.00,-0.00,10.00
57969.00,-3.12,-1.17,-0.36,0.01,0.01,0.00,-10.80,-4.80,-0.40,0.04,0.03,0.03,-0.00,0.00,-0.00,18.00
57987.00,-3.12,-1.17,-0.36,0.01,0.01,0.00,0.00,0.00,0.00,0.04,0.03,0.03,0.00,0.00,0.00,10.00
57997.00,-3.12,-1.17,-0.36,0.01,0.01,0.00,0.00,0.00,0.00,0.04,0.03,0.03,-0.00,-0.00,0.00,10.00
58011.00,-3.14,-1.15,-0.34,-0.12,0.02,-0.01,-9.07,0.64,-0.71,0.04,0.03,0.03,-0.00,0.00,-0.00,19.00
58030.00,-3.14,-1.15,-0.34,-0.12,0.02,-0.01,0.00,0.00,0.00,0.04,0.03,0.03,0.00,-0.00,0.00,10.00
58040.00,-3.14,-1.15,-0.34,-0.12,0.02,-0.01,0.00,0.00,0.00,0.04,0.03,0.03,0.00,-0.00,0.00,10.00
58050.00,-3.14,-1.15,-0.34,-0.12,0.02,-0.01,0.00,0.00,0.00,0.04,0.03,0.03,-0.00,-0.00,0.00,10.00
58060.00,-3.14,-1.15,-0.34,-0.12,0.02,-0.01,0.00,0.00,0.00,0.04,0.03,0.03,-0.00,-0.00,0.00,10.00
58070.00,-3.14,-1.15,-0.34,-0.01,-0.03,-0.01,10.70,-4.50,-0.20,0.04,0.03,0.03,-0.00,-0.00,0.00,18.00
58088.00,-3.14,-1.15,-0.34,-0.01,-0.03,-0.01,0.00,0.00,0.00,0.04,0.03,0.03,-0.00,-0.00,0.00,10.00
58098.00,-3.14,-1.15,-0.34,-0.01,-0.03,-0.01,0.00,0.00,0.00,0.04,0.03,0.03,0.00,-0.00,0.00,10.00
58108.00,-3.14,-1.15,-0.34,-0.01,-0.03,-0.01,0.00,0.00,0.00,0.04,0.03,0.03,0.00,-0.00,0.00,10.00
58118.00,-3.14,-1.15,-0.33,-0.03,-0.03,-0.01,-2.10,0.10,0.30,0.04,0.03,0.03,0.00,-0.00,-0.00,19.00
58147.00,-3.14,-1.15,-0.33,-0.03,-0.03,-0.01,0.00,0.00,0.00,0.04,0.03,0.03,0.00,0.00,-0.00,10.00
58157.00,-3.14,-1.15,-0.33,-0.03,-0.03,-0.01,0.00,0.00,0.00,0.04,0.03,0.03,0.00,0.00,0.00,10.00
58167.00,-3.14,-1.15,-0.34,-0.00,0.01,0.01,2.60,3.70,1.20,0.04,0.03,0.03,-0.00,-0.00,0.00,18.00
58185.00,-3.14,-1.15,-0.34,-0.00,0.01,0.01,0.00,0.00,0.00,0.04,0.03,0.03,0.00,-0.00,0.00,10.00
58195.00,-3.14,-1.15,-0.34,-0.00,0.01,0.01,0.00,0.00,0.00,0.04,0.03,0.03,0.00,-0.00,0.00,10.00
58205.00,-3.14,-1.15,-0.34,-0.00,0.01,0.01,0.00,0.00,0.00,0.04,0.03,0.03,0.00,0.00,-0.00,10.00
58215.00,-3.14,-1.14,-0.33,0.04,0.02,-0.00,4.50,1.20,-0.80,0.04,0.03,0.03,-0.00,-0.00,0.00,16.00
58231.00,-3.14,-1.14,-0.33,0.04,0.02,-0.00,0.00,0.00,0.00,0.04,0.03,0.03,-0.00,-0.00,-0.00,10.00
58241.00,-3.14,-1.14,-0.33,0.04,0.02,-0.00,0.00,0.00,0.00,0.04,0.03,0.03,-0.00,-0.00,0.00,10.00
58251.00,-3.14,-1.14,-0.33,0.04,0.02,-0.00,0.00,0.00,0.00,0.04,0.03,0.03,0.00,0.00,0.00,10.00
58266.00,-3.14,-1.13,-0.30,0.07,0.00,-0.03,1.67,-1.47,-1.60,0.04,0.03,0.03,-0.00,0.00,0.00,16.00
58282.00,-3.14,-1.13,-0.30,0.07,0.00,-0.03,0.00,0.00,0.00,0.04,0.03,0.03,0.00,0.00,0.00,10.00
58292.00,-3.14,-1.13,-0.30,0.07,0.00,-0.03,0.00,0.00,0.00,0.04,0.03,0.03,0.01,-0.00,0.00,10.00
58302.00,-3.14,-1.13,-0.30,0.07,0.00,-0.03,0.00,0.00,0.00,0.04,0.03,0.03,0.00,-0.01,0.01,10.00
58312.00,-3.14,-1.13,-0.31,0.01,0.00,-0.01,-5.20,0.20,1.40,0.04,0.03,0.03,-0.01,-0.00,0.00,17.00
58329.00,-3.14,-1.13,-0.31,0.01,0.00,-0.01,0.00,0.00,0.00,0.04,0.03,0.03,-0.01,0.00,-0.00,10.00
58339.00,-3.14,-1.13,-0.31,0.01,0.00,-0.01,0.00,0.00,0.00,0.04,0.03,0.03,0.00,0.00,0.00,10.00
58349.00,-3.14,-1.13,-0.31,0.01,0.00,-0.01,0.00,0.00,0.00,0.04,0.03,0.03,0.01,0.00,0.00,10.00
58359.00,-3.14,-1.13,-0.31,0.01,0.00,-0.01,0.00,0.00,0.00,0.04,0.03,0.03,0.00,0.00,0.00,10.00
58369.00,-3.15,-1.12,-0.30,-0.11,-0.03,-0.01,-12.30,-3.70,0.20,0.04,0.03,0.03,-0.00,0.00,0.00,19.00
58393.00,-3.15,-1.12,-0.30,-0.11,-0.03,-0.01,0.00,0.00,0.00,0.04,0.03,0.03,0.00,0.00,-0.00,10.00
58403.00,-3.15,-1.12,-0.30,-0.07,0.01,-0.00,4.00,4.00,0.50,0.04,0.03,0.03,-0.00,0.00,-0.00,17.00
58420.00,-3.15,-1.12,-0.30,-0.07,0.01,-0.00,0.00,0.00,0.00,0.04,0.03,0.03,-0.00,-0.00,-0.00,10.00
58430.00,-3.15,-1.12,-0.30,-0.07,0.01,-0.00,0.00,0.00,0.00,0.04,0.03,0.03,0.00,-0.00,-0.00,10.00
58440.00,-3.15,-1.12,-0.30,-0.07,0.01,-0.00,0.00,0.00,0.00,0.04,0.03,0.03,0.00,-0.00,0.00,10.00
58450.00,-3.15,-1.12,-0.30,-0.07,0.01,-0.00,0.00,0.00,0.00,0.04,0.03,0.03,-0.00,-0.00,0.00,10.00
58460.00,-3.15,-1.12,-0.30,0.02,0.02,0.00,8.70,1.50,0.70,0.04,0.03,0.03,-0.00,0.00,0.00,15.00
58475.00,-3.15,-1.12,-0.30,0.02,0.02,0.00,0.00,0.00,0.00,0.04,0.03,0.03,0.00,-0.00,0.00,10.00
58485.00,-3.15,-1.12,-0.30,0.02,0.02,0.00,0.00,0.00,0.00,0.04,0.03,0.03,0.00,0.00,0.00,10.00
58495.00,-3.15,-1.12,-0.30,0.02,0.02,0.00,0.00,0.00,0.00,0.04,0.03,0.03,-0.00,0.00,-0.00,10.00
58510.00,-3.16,-1.10,-0.26,-0.01,0.02,-0.03,-1.53,-0.27,-2.07,0.04,0.03,0.03,0.00,0.00,-0.00,16.00
58526.00,-3.16,-1.10,-0.26,-0.01,0.02,-0.03,0.00,0.00,0.00,0.04,0.03,0.03,0.00,-0.00,0.00,10.00
58536.00,-3.16,-1.10,-0.26,-0.01,0.02,-0.03,0.00,0.00,0.00,0.04,0.03,0.03,0.00,0.00,-0.00,10.00
58546.00,-3.16,-1.10,-0.26,-0.01,0.02,-0.03,0.00,0.00,0.00,0.04,0.03,0.03,0.00,0.00,0.00,10.00
58556.00,-3.16,-1.10,-0.26,-0.01,0.02,-0.03,0.00,0.00,0.00,0.04,0.03,0.03,0.00,0.00,-0.00,10.00
58566.00,-3.16,-1.10,-0.27,0.03,0.02,-0.02,3.50,-0.10,0.90,0.04,0.03,0.03,-0.00,-0.00,-0.00,16.00
58582.00,-3.16,-1.10,-0.27,0.03,0.02,-0.02,0.00,0.00,0.00,0.04,0.03,0.03,0.00,-0.00,-0.00,10.00
58592.00,-3.16,-1.10,-0.27,0.03,0.02,-0.02,0.00,0.00,0.00,0.04,0.03,0.03,0.00,0.00,-0.00,10.00
58602.00,-3.16,-1.10,-0.27,0.03,0.02,-0.02,0.00,0.00,0.00,0.04,0.03,0.03,0.00,0.00,0.00,10.00
58612.00,-3.16,-1.10,-0.26,-0.03,-0.01,-0.01,-6.30,-3.00,0.60,0.04,0.03,0.03,0.00,-0.00,0.00,17.00
58634.00,-3.16,-1.10,-0.26,-0.03,-0.01,-0.01,0.00,0.00,0.00,0.04,0.03,0.03,-0.00,-0.00,-0.00,10.00
58644.00,-3.16,-1.10,-0.26,-0.03,-0.01,-0.01,0.00,0.00,0.00,0.04,0.03,0.03,0.00,-0.00,-0.00,10.00
58654.00,-3.16,-1.10,-0.27,-0.03,-0.03,-0.00,0.30,-1.70,1.00,0.04,0.03,0.03,0.00,0.00,-0.00,17.00
58671.00,-3.16,-1.10,-0.27,-0.03,-0.03,-0.00,0.00,0.00,0.00,0.04,0.03,0.03,0.00,0.00,0.00,10.00
58681.00,-3.16,-1.10,-0.27,-0.03,-0.03,-0.00,0.00,0.00,0.00,0.04,0.03,0.03,0.00,-0.00,0.00,10.00
58691.00,-3.16,-1.10,-0.27,-0.03,-0.03,-0.00,0.00,0.00,0.00,0.04,0.03,0.03,0.00,-0.01,0.00,10.00
58701.00,-3.16,-1.09,-0.26,-0.01,0.00,-0.01,2.10,3.30,-0.50,0.04,0.03,0.03,0.00,-0.00,0.00,19.00
58720.00,-3.16,-1.09,-0.26,-0.01,0.00,-0.01,0.00,0.00,0.00,0.04,0.03,0.03,0.00,0.00,-0.00,10.00
58730.00,-3.16,-1.09,-0.26,-0.01,0.00,-0.01,0.00,0.00,0.00,0.04,0.03,0.03,0.00,0.00,-0.00,10.00
58740.00,-3.16,-1.09,-0.26,-0.01,0.00,-0.01,0.00,0.00,0.00,0.04,0.03,0.03,0.00,-0.00,0.00,10.00
58755.00,-3.16,-1.09,-0.26,0.07,0.03,-0.01,5.13,1.60,0.20,0.04,0.03,0.03,-0.00,-0.01,-0.00,17.00
58772.00,-3.16,-1.09,-0.26,0.07,0.03,-0.01,0.00,0.00,0.00,0.04,0.03,0.03,-0.00,-0.00,0.00,10.00
58782.00,-3.16,-1.09,-0.26,0.07,0.03,-0.01,0.00,0.00,0.00,0.04,0.03,0.03,0.00,-0.00,-0.00,10.00
58792.00,-3.16,-1.09,-0.26,0.07,0.03,-0.01,0.00,0.00,0.00,0.04,0.03,0.03,0.00,0.00,-0.00,10.00
58802.00,-3.17,-1.08,-0.25,-0.03,0.04,-0.01,-9.30,1.40,-0.90,0.04,0.03,0.03,-0.00,0.00,-0.00,18.00
58820.00,-3.17,-1.08,-0.25,-0.03,0.04,-0.01,0.00,0.00,0.00,0.04,0.03,0.03,0.00,-0.00,-0.00,10.00
58830.00,-3.17,-1.08,-0.25,-0.03,0.04,-0.01,0.00,0.00,0.00,0.04,0.03,0.03,0.00,0.00,0.00,10.00
58840.00,-3.17,-1.08,-0.25,-0.03,0.04,-0.01,0.00,0.00,0.00,0.04,0.03,0.03,-0.00,-0.00,0.00,10.00
58850.00,-3.17,-1.08,-0.23,-0.04,0.02,-0.02,-1.00,-2.50,-0.50,0.04,0.03,0.03,-0.00,-0.00,0.00,19.00
58869.00,-3.17,-1.08,-0.23,-0.04,0.02,-0.02,0.00,0.00,0.00,0.04,0.03,0.03,0.00,0.00,0.00,10.00
58893.00,-3.17,-1.08,-0.23,-0.04,0.02,-0.02,0.00,0.00,0.00,0.04,0.03,0.03,0.00,-0.00,-0.00,10.00
58903.00,-3.17,-1.08,-0.24,-0.02,-0.00,-0.01,2.00,-1.70,0.90,0.04,0.03,0.03,-0.01,-0.00,-0.01,17.00
58920.00,-3.17,-1.08,-0.24,-0.02,-0.00,-0.01,0.00,0.00,0.00,0.04,0.03,0.03,-0.01,-0.00,-0.01,10.00
58930.00,-3.17,-1.08,-0.24,-0.02,-0.00,-0.01,0.00,0.00,0.00,0.04,0.03,0.03,0.00,0.00,-0.00,10.00
58940.00,-3.17,-1.08,-0.24,-0.02,-0.00,-0.01,0.00,0.00,0.00,0.04,0.03,0.03,0.01,-0.00,0.01,10.00
58950.00,-3.17,-1.08,-0.24,-0.02,-0.00,-0.01,0.00,0.00,0.00,0.04,0.03,0.03,0.00,-0.00,0.01,10.00
58960.00,-3.17,-1.08,-0.24,-0.02,-0.00,-0.01,0.00,0.00,0.00,0.04,0.03,0.03,-0.02,-0.00,0.00,10.00
58970.00,-3.17,-1.07,-0.23,0.02,0.02,-0.02,3.70,1.80,-0.80,0.04,0.03,0.03,-0.02,0.00,-0.01,19.00
58989.00,-3.17,-1.07,-0.23,0.02,0.02,-0.02,0.00,0.00,0.00,0.04,0.03,0.03,0.02,-0.00,-0.01,10.00
58999.00,-3.17,-1.07,-0.23,0.02,0.02,-0.02,0.00,0.00,0.00,0.04,0.03,0.03,0.01,0.00,0.00,10.00
59013.00,-3.17,-1.07,-0.24,0.03,0.01,0.00,0.21,-0.14,1.29,0.04,0.03,0.03,-0.01,0.01,0.00,17.00
59030.00,-3.17,-1.07,-0.24,0.03,0.01,0.00,0.00,0.00,0.00,0.04,0.03,0.03,0.01,-0.01,-0.00,10.00
59040.00,-3.17,-1.07,-0.24,0.03,0.01,0.00,0.00,0.00,0.00,0.04,0.03,0.03,0.01,-0.01,-0.00,10.00
59050.00,-3.17,-1.07,-0.23,-0.03,-0.00,-0.00,-5.10,-1.80,-0.20,0.04,0.03,0.03,-0.01,0.00,0.00,19.00
59069.00,-3.17,-1.07,-0.23,-0.03,-0.00,-0.00,0.00,0.00,0.00,0.04,0.03,0.03,0.01,-0.00,0.00,10.00
59079.00,-3.17,-1.07,-0.23,-0.03,-0.00,-0.00,0.00,0.00,0.00,0.04,0.03,0.03,0.01,0.00,-0.00,10.00
59089.00,-3.17,-1.07,-0.23,-0.03,-0.00,-0.00,0.00,0.00,0.00,0.04,0.03,0.03,-0.01,0.00,-0.00,10.00
59099.00,-3.17,-1.07,-0.23,-0.03,-0.00,-0.00,0.00,0.00,0.00,0.04,0.03,0.03,-0.02,0.01,-0.01,10.00
59109.00,-3.17,-1.07,-0.23,-0.03,-0.00,-0.00,0.00,0.00,0.00,0.04,0.03,0.03,-0.00,0.00,-0.00,10.00
59119.00,-3.18,-1.06,-0.22,-0.05,-0.00,-0.01,-2.40,0.10,-0.30,0.04,0.03,0.03,0.00,-0.00,-0.00,18.00
59142.00,-3.18,-1.06,-0.22,-0.05,-0.00,-0.01,0.00,0.00,0.00,0.04,0.03,0.03,0.00,0.00,0.00,10.00
59152.00,-3.18,-1.06,-0.22,-0.05,-0.00,-0.01,0.00,0.00,0.00,0.04,0.03,0.03,0.01,0.00,-0.00,10.00
59162.00,-3.18,-1.05,-0.22,-0.00,0.02,-0.01,4.70,2.60,-0.30,0.04,0.03,0.03,0.00,0.00,-0.01,15.00
59177.00,-3.18,-1.05,-0.22,-0.00,0.02,-0.01,0.00,0.00,0.00,0.04,0.03,0.03,-0.01,-0.00,-0.00,10.00
59187.00,-3.18,-1.05,-0.22,-0.00,0.02,-0.01,0.00,0.00,0.00,0.04,0.03,0.03,0.00,0.00,0.00,10.00
59197.00,-3.18,-1.05,-0.22,-0.00,0.02,-0.01,0.00,0.00,0.00,0.04,0.03,0.03,0.01,0.00,0.00,10.00
59207.00,-3.18,-1.05,-0.22,0.00,-0.03,0.00,0.40,-5.20,1.10,0.04,0.03,0.03,0.01,-0.00,0.00,15.00
59222.00,-3.18,-1.05,-0.22,0.00,-0.03,0.00,0.00,0.00,0.00,0.04,0.03,0.03,-0.00,-0.00,-0.01,10.00
59232.00,-3.18,-1.05,-0.22,0.00,-0.03,0.00,0.00,0.00,0.00,0.04,0.03,0.03,-0.00,0.00,-0.01,10.00
59242.00,-3.18,-1.05,-0.22,0.00,-0.03,0.00,0.00,0.00,0.00,0.04,0.03,0.03,-0.00,0.00,-0.00,10.00
59261.00,-3.18,-1.05,-0.21,0.01,0.00,-0.00,0.53,1.68,-0.26,0.04,0.03,0.03,0.00,-0.00,0.01,16.00
59277.00,-3.18,-1.05,-0.21,0.01,0.00,-0.00,0.00,0.00,0.00,0.04,0.03,0.03,-0.00,-0.00,-0.00,10.00
59287.00,-3.18,-1.05,-0.21,0.01,0.00,-0.00,0.00,0.00,0.00,0.04,0.03,0.03,-0.00,-0.00,-0.01,10.00
59297.00,-3.18,-1.05,-0.21,0.01,0.00,-0.00,0.00,0.00,0.00,0.04,0.03,0.03,0.00,0.00,-0.01,10.00
59307.00,-3.18,-1.05,-0.21,0.01,0.00,-0.00,0.00,0.00,0.00,0.04,0.03,0.03,-0.00,-0.00,-0.00,10.00
59317.00,-3.18,-1.05,-0.21,0.02,0.03,0.00,1.00,2.70,0.50,0.04,0.03,0.03,-0.00,-0.00,0.01,16.00
59333.00,-3.18,-1.05,-0.21,0.02,0.03,0.00,0.00,0.00,0.00,0.04,0.03,0.03,-0.00,-0.00,0.00,10.00
59343.00,-3.18,-1.05,-0.21,0.02,0.03,0.00,0.00,0.00,0.00,0.04,0.03,0.03,0.00,-0.00,-0.00,10.00
59353.00,-3.18,-1.05,-0.21,0.02,0.03,0.00,0.00,0.00,0.00,0.04,0.03,0.03,0.00,-0.00,-0.01,10.00
59363.00,-3.19,-1.04,-0.20,-0.02,0.01,-0.01,-4.50,-2.40,-0.80,0.04,0.03,0.03,0.00,0.00,-0.01,17.00
59385.00,-3.19,-1.04,-0.20,-0.02,0.01,-0.01,0.00,0.00,0.00,0.04,0.03,0.03,0.00,0.00,0.01,10.00
59395.00,-3.19,-1.04,-0.20,-0.02,0.01,-0.01,0.00,0.00,0.00,0.04,0.03,0.03,0.01,-0.00,0.01,10.00
59405.00,-3.19,-1.04,-0.20,-0.02,0.01,-0.01,0.00,0.00,0.00,0.04,0.03,0.03,-0.00,-0.01,0.00,10.00
59415.00,-3.19,-1.03,-0.18,-0.02,0.01,-0.02,0.70,0.60,-1.30,0.04,0.03,0.03,-0.00,-0.01,-0.01,16.00
59431.00,-3.19,-1.03,-0.18,-0.02,0.01,-0.02,0.00,0.00,0.00,0.04,0.03,0.03,-0.00,0.00,-0.00,10.00
59441.00,-3.19,-1.03,-0.18,-0.02,0.01,-0.02,0.00,0.00,0.00,0.04,0.03,0.03,0.00,0.00,-0.00,10.00
59451.00,-3.19,-1.03,-0.18,-0.02,0.01,-0.02,0.00,0.00,0.00,0.04,0.03,0.03,-0.00,0.00,0.00,10.00
59461.00,-3.21,-1.02,-0.17,-0.01,-0.00,-0.01,0.30,-1.50,0.50,0.04,0.03,0.03,0.00,0.00,0.01,15.00
59476.00,-3.21,-1.02,-0.17,-0.01,-0.00,-0.01,0.00,0.00,0.00,0.04,0.03,0.03,0.00,-0.00,-0.00,10.00
59486.00,-3.21,-1.02,-0.17,-0.01,-0.00,-0.01,0.00,0.00,0.00,0.04,0.03,0.03,-0.00,-0.01,-0.01,10.00
59501.00,-3.21,-1.01,-0.17,-0.01,0.03,-0.01,0.00,2.13,0.53,0.04,0.03,0.03,-0.00,0.00,-0.01,19.00
59520.00,-3.21,-1.01,-0.17,-0.01,0.03,-0.01,0.00,0.00,0.00,0.04,0.03,0.03,0.00,-0.00,0.01,10.00
59530.00,-3.21,-1.01,-0.17,-0.01,0.03,-0.01,0.00,0.00,0.00,0.04,0.03,0.03,0.00,0.00,0.01,10.00
59540.00,-3.21,-1.01,-0.17,-0.01,0.03,-0.01,0.00,0.00,0.00,0.04,0.03,0.03,-0.00,-0.01,0.01,10.00
59550.00,-3.21,-1.01,-0.17,-0.01,0.03,-0.01,0.00,0.00,0.00,0.04,0.03,0.03,-0.01,-0.01,-0.00,10.00
59560.00,-3.21,-1.01,-0.17,-0.01,0.03,-0.01,0.00,0.00,0.00,0.04,0.03,0.03,0.00,-0.01,-0.01,10.00
59570.00,-3.21,-1.01,-0.16,-0.04,0.02,-0.01,-2.20,-1.30,-0.80,0.04,0.03,0.03,0.00,0.01,-0.01,18.00
59588.00,-3.21,-1.01,-0.16,-0.04,0.02,-0.01,0.00,0.00,0.00,0.04,0.03,0.03,0.00,0.01,0.01,10.00
59598.00,-3.21,-1.01,-0.16,-0.04,0.02,-0.01,0.00,0.00,0.00,0.04,0.03,0.03,-0.00,0.01,0.01,10.00
59608.00,-3.21,-1.01,-0.15,0.02,-0.00,-0.02,5.60,-1.80,-0.50,0.04,0.03,0.03,-0.00,-0.01,0.00,15.00
59628.00,-3.21,-1.01,-0.15,0.02,-0.00,-0.02,0.00,0.00,0.00,0.04,0.03,0.03,0.00,-0.00,-0.01,10.00
59638.00,-3.21,-1.01,-0.15,0.02,-0.00,-0.02,0.00,0.00,0.00,0.04,0.03,0.03,0.00,-0.00,-0.01,10.00
59648.00,-3.21,-1.01,-0.15,0.02,-0.00,-0.02,0.00,0.00,0.00,0.04,0.03,0.03,-0.00,0.00,-0.00,10.00
59658.00,-3.22,-1.00,-0.14,-0.01,0.00,-0.02,-2.50,0.30,-0.40,0.04,0.03,0.03,-0.00,0.01,0.00,16.00
59674.00,-3.22,-1.00,-0.14,-0.01,0.00,-0.02,0.00,0.00,0.00,0.04,0.03,0.03,0.00,0.00,0.00,10.00
59684.00,-3.22,-1.00,-0.14,-0.01,0.00,-0.02,0.00,0.00,0.00,0.04,0.03,0.03,-0.00,-0.01,0.00,10.00
59694.00,-3.22,-1.00,-0.14,-0.01,0.00,-0.02,0.00,0.00,0.00,0.04,0.03,0.03,-0.00,-0.01,-0.00,10.00
59704.00,-3.22,-1.00,-0.14,-0.01,0.00,-0.02,0.00,0.00,0.00,0.04,0.03,0.03,-0.00,-0.00,-0.00,10.00
59714.00,-3.21,-1.00,-0.14,0.03,0.01,-0.01,3.10,0.50,1.20,0.04,0.03,0.03,0.00,-0.00,-0.00,17.00
59731.00,-3.21,-1.00,-0.14,0.03,0.01,-0.01,0.00,0.00,0.00,0.04,0.03,0.03,0.00,0.01,0.00,10.00
59746.00,-3.21,-1.00,-0.14,0.03,0.01,-0.01,0.00,0.00,0.00,0.04,0.03,0.03,-0.00,0.00,0.00,10.00
59756.00,-3.22,-0.99,-0.13,0.01,0.00,-0.02,-1.40,-0.30,-0.60,0.04,0.03,0.03,-0.00,-0.00,-0.01,16.00
59772.00,-3.22,-0.99,-0.13,0.01,0.00,-0.02,0.00,0.00,0.00,0.04,0.03,0.03,0.00,-0.00,-0.01,10.00
59782.00,-3.22,-0.99,-0.13,0.01,0.00,-0.02,0.00,0.00,0.00,0.04,0.03,0.03,-0.00,-0.00,-0.01,10.00
59792.00,-3.22,-0.99,-0.13,0.01,0.00,-0.02,0.00,0.00,0.00,0.04,0.03,0.03,-0.00,0.00,0.00,10.00
59802.00,-3.22,-0.99,-0.13,0.01,0.00,-0.02,0.00,0.00,0.00,0.04,0.03,0.03,-0.00,0.00,0.01,10.00
59812.00,-3.22,-0.99,-0.13,0.01,-0.01,-0.01,0.20,-1.50,0.70,0.04,0.03,0.03,0.00,0.00,0.00,16.00
59828.00,-3.22,-0.99,-0.13,0.01,-0.01,-0.01,0.00,0.00,0.00,0.04,0.03,0.03,0.00,-0.01,-0.01,10.00
59838.00,-3.22,-0.99,-0.13,0.01,-0.01,-0.01,0.00,0.00,0.00,0.04,0.03,0.03,0.00,-0.00,-0.01,10.00
59848.00,-3.22,-0.99,-0.13,0.01,-0.01,-0.01,0.00,0.00,0.00,0.04,0.03,0.03,0.00,0.00,-0.00,10.00
59863.00,-3.22,-0.98,-0.12,-0.03,0.01,-0.01,-2.73,1.40,-0.20,0.04,0.03,0.03,0.00,0.00,-0.00,16.00
59879.00,-3.22,-0.98,-0.12,-0.03,0.01,-0.01,0.00,0.00,0.00,0.04,0.03,0.03,-0.00,0.01,-0.00,10.00
59889.00,-3.22,-0.98,-0.12,-0.03,0.01,-0.01,0.00,0.00,0.00,0.04,0.03,0.03,-0.00,-0.00,0.00,10.00
59899.00,-3.22,-0.98,-0.12,-0.03,0.01,-0.01,0.00,0.00,0.00,0.04,0.03,0.03,-0.00,-0.01,-0.00,10.00
59909.00,-3.22,-0.98,-0.12,-0.03,0.01,-0.01,0.00,0.00,0.00,0.04,0.03,0.03,0.00,-0.00,-0.00,10.00
59919.00,-3.23,-0.97,-0.10,-0.04,-0.00,-0.02,-1.40,-1.20,-0.80,0.04,0.03,0.03,0.00,-0.00,-0.00,15.00
59934.00,-3.23,-0.97,-0.10,-0.04,-0.00,-0.02,0.00,0.00,0.00,0.04,0.03,0.03,0.00,0.00,-0.00,10.00
59944.00,-3.23,-0.97,-0.10,-0.04,-0.00,-0.02,0.00,0.00,0.00,0.04,0.03,0.03,-0.00,0.01,-0.00,10.00
59954.00,-3.23,-0.96,-0.10,0.00,0.05,-0.01,4.40,4.80,0.70,0.04,0.03,0.03,-0.00,0.00,-0.00,18.00
59972.00,-3.23,-0.96,-0.10,0.00,0.05,-0.01,0.00,0.00,0.00,0.04,0.03,0.03,0.00,-0.00,0.00,10.00
59987.00,-3.23,-0.96,-0.10,0.00,0.05,-0.01,0.00,0.00,0.00,0.04,0.03,0.03,-0.01,-0.00,0.00,10.00
59997.00,-3.23,-0.96,-0.10,0.00,0.05,-0.01,0.00,0.00,0.00,0.04,0.03,0.03,-0.00,-0.00,0.00,10.00
60007.00,-3.23,-0.96,-0.09,-0.02,0.02,-0.02,-2.50,-2.80,-0.30,0.04,0.03,0.03,-0.00,0.00,0.00,16.00
60023.00,-3.23,-0.96,-0.09,-0.02,0.02,-0.02,0.00,0.00,0.00,0.04,0.03,0.03,0.00,0.01,-0.01,10.00
60033.00,-3.23,-0.96,-0.09,-0.02,0.02,-0.02,0.00,0.00,0.00,0.04,0.03,0.03,0.00,0.00,-0.00,10.00
60043.00,-3.23,-0.96,-0.09,-0.02,0.02,-0.02,0.00,0.00,0.00,0.04,0.03,0.03,0.00,-0.00,-0.00,10.00
60053.00,-3.23,-0.96,-0.09,-0.00,-0.02,-0.01,2.10,-4.00,0.30,0.04,0.03,0.03,-0.00,-0.01,0.01,18.00
60071.00,-3.23,-0.96,-0.09,-0.00,-0.02,-0.01,0.00,0.00,0.00,0.04,0.03,0.03,-0.01,0.00,0.00,10.00
60081.00,-3.23,-0.96,-0.09,-0.00,-0.02,-0.01,0.00,0.00,0.00,0.04,0.03,0.03,0.00,-0.00,-0.00,10.00
60091.00,-3.23,-0.96,-0.09,-0.00,-0.02,-0.01,0.00,0.00,0.00,0.04,0.03,0.03,0.01,0.00,-0.01,10.00
60106.00,-3.24,-0.95,-0.08,0.00,-0.01,-0.02,0.27,0.80,-0.20,0.04,0.03,0.03,0.00,-0.00,-0.00,17.00
60123.00,-3.24,-0.95,-0.08,0.00,-0.01,-0.02,0.00,0.00,0.00,0.04,0.03,0.03,0.00,0.00,0.00,10.00
60133.00,-3.24,-0.95,-0.08,0.00,-0.01,-0.02,0.00,0.00,0.00,0.04,0.03,0.03,-0.00,-0.00,0.01,10.00
60143.00,-3.24,-0.95,-0.08,0.00,-0.01,-0.02,0.00,0.00,0.00,0.04,0.03,0.03,0.00,0.00,0.00,10.00
60153.00,-3.24,-0.94,-0.07,-0.00,0.04,-0.02,-0.50,5.20,-0.20,0.04,0.03,0.03,0.01,-0.00,-0.00,19.00
60172.00,-3.24,-0.94,-0.07,-0.00,0.04,-0.02,0.00,0.00,0.00,0.04,0.03,0.03,0.00,0.01,-0.01,10.00
60182.00,-3.24,-0.94,-0.07,-0.00,0.04,-0.02,0.00,0.00,0.00,0.04,0.03,0.03,-0.00,0.01,0.00,10.00
60192.00,-3.24,-0.94,-0.07,-0.00,0.04,-0.02,0.00,0.00,0.00,0.04,0.03,0.03,-0.00,-0.00,0.00,10.00
60202.00,-3.24,-0.94,-0.07,-0.00,0.04,-0.02,0.00,0.00,0.00,0.04,0.03,0.03,-0.00,-0.01,0.00,10.00
60212.00,-3.24,-0.94,-0.07,-0.01,0.03,-0.01,-0.90,-1.30,0.80,0.04,0.03,0.03,-0.00,0.00,-0.00,15.00
60237.00,-3.24,-0.94,-0.07,-0.01,0.03,-0.01,0.00,0.00,0.00,0.04,0.03,0.03,0.00,0.01,-0.01,10.00
60247.00,-3.24,-0.94,-0.07,-0.01,0.03,-0.01,0.00,0.00,0.00,0.04,0.03,0.03,0.00,0.00,-0.00,10.00
60257.00,-3.24,-0.93,-0.06,-0.02,-0.01,-0.02,-1.00,-4.00,-0.50,0.04,0.03,0.03,0.00,-0.00,0.01,16.00
60273.00,-3.24,-0.93,-0.06,-0.02,-0.01,-0.02,0.00,0.00,0.00,0.04,0.03,0.03,0.01,-0.00,0.01,10.00
60283.00,-3.24,-0.93,-0.06,-0.02,-0.01,-0.02,0.00,0.00,0.00,0.04,0.03,0.03,-0.00,-0.01,0.00,10.00
60293.00,-3.24,-0.93,-0.06,-0.02,-0.01,-0.02,0.00,0.00,0.00,0.04,0.03,0.03,-0.01,-0.00,-0.00,10.00
60303.00,-3.24,-0.93,-0.06,-0.02,-0.01,-0.02,0.00,0.00,0.00,0.04,0.03,0.03,-0.00,0.00,-0.01,10.00
60313.00,-3.24,-0.93,-0.06,-0.01,-0.00,-0.01,1.20,1.00,0.30,0.04,0.03,0.03,0.01,0.00,-0.01,16.00
60329.00,-3.24,-0.93,-0.06,-0.01,-0.00,-0.01,0.00,0.00,0.00,0.04,0.03,0.03,0.00,0.00,0.00,10.00
60339.00,-3.24,-0.93,-0.06,-0.01,-0.00,-0.01,0.00,0.00,0.00,0.04,0.03,0.03,-0.00,0.00,0.00,10.00
60354.00,-3.25,-0.92,-0.05,-0.02,0.04,-0.01,-0.73,2.53,-0.13,0.04,0.03,0.03,-0.00,-0.00,-0.00,18.00
60372.00,-3.25,-0.92,-0.05,-0.02,0.04,-0.01,0.00,0.00,0.00,0.04,0.03,0.03,0.00,-0.01,-0.00,10.00
60382.00,-3.25,-0.92,-0.05,-0.02,0.04,-0.01,0.00,0.00,0.00,0.04,0.03,0.03,0.01,0.00,0.00,10.00
60392.00,-3.25,-0.92,-0.05,-0.02,0.04,-0.01,0.00,0.00,0.00,0.04,0.03,0.03,0.00,0.00,0.00,10.00
60402.00,-3.25,-0.92,-0.04,0.01,-0.01,-0.02,2.80,-4.40,-0.20,0.04,0.03,0.03,-0.01,0.00,0.00,19.00
60421.00,-3.25,-0.92,-0.04,0.01,-0.01,-0.02,0.00,0.00,0.00,0.04,0.03,0.03,0.00,-0.00,-0.01,10.00
60431.00,-3.25,-0.92,-0.04,0.01,-0.01,-0.02,0.00,0.00,0.00,0.04,0.03,0.03,0.00,-0.00,-0.00,10.00
60441.00,-3.25,-0.92,-0.04,0.01,-0.01,-0.02,0.00,0.00,0.00,0.04,0.03,0.03,-0.00,-0.00,-0.00,10.00
60451.00,-3.25,-0.92,-0.04,0.01,-0.01,-0.02,0.00,0.00,0.00,0.04,0.03,0.03,-0.00,0.00,0.00,10.00
60461.00,-3.25,-0.92,-0.04,0.01,-0.01,-0.02,0.00,0.00,0.00,0.04,0.03,0.03,-0.00,0.00,0.00,10.00
60476.00,-3.25,-0.92,-0.04,0.00,0.01,-0.00,-0.40,0.87,0.80,0.04,0.03,0.03,0.00,0.00,-0.00,17.00
60493.00,-3.25,-0.92,-0.04,0.00,0.01,-0.00,0.00,0.00,0.00,0.04,0.03,0.03,-0.01,0.00,-0.01,10.00
60503.00,-3.25,-0.91,-0.03,-0.00,0.01,-0.01,-0.40,0.10,-0.90,0.04,0.03,0.03,-0.01,-0.00,-0.00,19.00
60522.00,-3.25,-0.91,-0.03,-0.00,0.01,-0.01,0.00,0.00,0.00,0.04,0.03,0.03,0.01,-0.00,0.00,10.00
60532.00,-3.25,-0.91,-0.03,-0.00,0.01,-0.01,0.00,0.00,0.00,0.04,0.03,0.03,0.01,0.00,0.00,10.00
60542.00,-3.25,-0.91,-0.03,-0.00,0.01,-0.01,0.00,0.00,0.00,0.04,0.03,0.03,0.00,0.01,-0.00,10.00
60552.00,-3.25,-0.91,-0.03,-0.00,0.01,-0.01,0.00,0.00,0.00,0.04,0.03,0.03,-0.01,0.00,-0.00,10.00
60562.00,-3.26,-0.90,-0.01,-0.00,-0.02,-0.03,0.10,-2.60,-1.20,0.04,0.03,0.03,-0.01,0.00,0.00,15.00
60577.00,-3.26,-0.90,-0.01,-0.00,-0.02,-0.03,0.00,0.00,0.00,0.04,0.03,0.03,0.00,-0.01,0.00,10.00
60587.00,-3.26,-0.90,-0.01,-0.00,-0.02,-0.03,0.00,0.00,0.00,0.04,0.03,0.03,0.00,-0.00,0.00,10.00
60602.00,-3.26,-0.90,-0.01,-0.01,0.02,-0.02,-0.53,2.93,0.67,0.04,0.03,0.03,-0.00,0.00,-0.00,18.00
60620.00,-3.26,-0.90,-0.01,-0.01,0.02,-0.02,0.00,0.00,0.00,0.04,0.03,0.03,-0.00,0.00,-0.00,10.00
60630.00,-3.26,-0.90,-0.01,-0.01,0.02,-0.02,0.00,0.00,0.00,0.04,0.03,0.03,-0.00,-0.00,0.00,10.00
60640.00,-3.26,-0.90,-0.01,-0.01,0.02,-0.02,0.00,0.00,0.00,0.04,0.03,0.03,0.00,-0.00,0.00,10.00
60650.00,-3.26,-0.90,-0.01,-0.01,0.02,-0.02,0.00,0.00,0.00,0.04,0.03,0.03,0.00,-0.00,0.01,10.00
60660.00,-3.26,-0.89,-0.00,-0.01,0.06,-0.02,-0.50,3.80,0.00,0.04,0.03,0.03,0.00,-0.00,0.00,15.00
60675.00,-3.26,-0.89,-0.00,-0.01,0.06,-0.02,0.00,0.00,0.00,0.04,0.03,0.03,-0.00,0.00,-0.01,10.00
60685.00,-3.26,-0.89,-0.00,-0.01,0.06,-0.02,0.00,0.00,0.00,0.04,0.03,0.03,-0.00,0.01,-0.01,10.00
60695.00,-3.26,-0.89,-0.00,-0.01,0.06,-0.02,0.00,0.00,0.00,0.04,0.03,0.03,0.00,0.00,-0.00,10.00
60705.00,-3.26,-0.89,-0.00,-0.01,-0.00,-0.01,0.70,-6.50,0.60,0.04,0.03,0.03,0.01,-0.00,0.00,18.00
60727.00,-3.26,-0.89,-0.00,-0.01,-0.00,-0.01,0.00,0.00,0.00,0.04,0.03,0.03,-0.01,-0.00,0.00,10.00
60737.00,-3.26,-0.89,-0.00,-0.01,-0.00,-0.01,0.00,0.00,0.00,0.04,0.03,0.03,-0.00,-0.00,-0.00,10.00
60747.00,-3.26,-0.89,-0.00,-0.01,-0.00,-0.01,0.00,0.00,0.00,0.04,0.03,0.03,0.00,0.00,-0.00,10.00
60757.00,-3.27,-0.88,0.01,-0.02,-0.03,-0.01,-0.90,-2.20,-0.50,0.04,0.03,0.03,0.00,0.01,-0.00,17.00
60774.00,-3.27,-0.88,0.01,-0.02,-0.03,-0.01,0.00,0.00,0.00,0.04,0.03,0.03,-0.00,0.00,0.00,10.00
60784.00,-3.27,-0.88,0.01,-0.02,-0.03,-0.01,0.00,0.00,0.00,0.04,0.03,0.03,-0.01,0.00,0.00,10.00
60794.00,-3.27,-0.88,0.01,-0.02,-0.03,-0.01,0.00,0.00,0.00,0.04,0.03,0.03,-0.00,-0.00,-0.00,10.00
60804.00,-3.27,-0.88,0.01,-0.02,-0.03,-0.01,0.00,0.00,0.00,0.04,0.03,0.03,-0.00,-0.00,-0.00,10.00
60814.00,-3.27,-0.88,0.01,-0.00,0.01,-0.01,1.50,3.80,0.10,0.04,0.03,0.03,0.00,-0.00,-0.00,16.00
60830.00,-3.27,-0.88,0.01,-0.00,0.01,-0.01,0.00,0.00,0.00,0.04,0.03,0.03,0.01,0.00,0.00,10.00
60845.00,-3.27,-0.88,0.01,-0.00,0.01,-0.01,0.00,0.00,0.00,0.04,0.03,0.03,0.01,-0.00,0.00,10.00
60855.00,-3.27,-0.87,0.02,0.00,0.03,-0.02,0.20,1.70,-0.30,0.04,0.03,0.03,-0.00,-0.00,0.00,18.00
60873.00,-3.27,-0.87,0.02,0.00,0.03,-0.02,0.00,0.00,0.00,0.04,0.03,0.03,-0.00,-0.00,-0.01,10.00
60883.00,-3.27,-0.87,0.02,0.00,0.03,-0.02,0.00,0.00,0.00,0.04,0.03,0.03,0.00,-0.00,-0.00,10.00
60893.00,-3.27,-0.87,0.02,0.00,0.03,-0.02,0.00,0.00,0.00,0.04,0.03,0.03,0.01,-0.00,0.00,10.00
60903.00,-3.27,-0.87,0.02,0.00,0.03,-0.02,0.00,0.00,0.00,0.04,0.03,0.03,0.01,0.00,0.00,10.00
60913.00,-3.27,-0.86,0.03,0.01,-0.01,-0.02,1.20,-4.00,0.00,0.04,0.03,0.03,-0.01,0.00,0.00,15.00
60928.00,-3.27,-0.86,0.03,0.01,-0.01,-0.02,0.00,0.00,0.00,0.04,0.03,0.03,-0.00,-0.00,0.00,10.00
60938.00,-3.27,-0.86,0.03,0.01,-0.01,-0.02,0.00,0.00,0.00,0.04,0.03,0.03,0.00,-0.01,-0.00,10.00
60948.00,-3.27,-0.86,0.03,0.01,-0.01,-0.02,0.00,0.00,0.00,0.04,0.03,0.03,0.00,0.00,-0.00,10.00
60963.00,-3.27,-0.85,0.03,-0.01,0.05,-0.01,-1.40,3.93,0.33,0.04,0.03,0.03,0.00,0.01,-0.00,15.00
60978.00,-3.27,-0.85,0.03,-0.01,0.05,-0.01,0.00,0.00,0.00,0.04,0.03,0.03,0.00,0.00,0.00,10.00
60988.00,-3.27,-0.85,0.03,-0.01,0.05,-0.01,0.00,0.00,0.00,0.04,0.03,0.03,0.00,0.00,0.00,10.00
60998.00,-3.27,-0.85,0.03,-0.01,0.05,-0.01,0.00,0.00,0.00,0.04,0.03,0.03,-0.00,-0.00,0.00,10.00
61008.00,-3.27,-0.85,0.03,-0.01,0.05,-0.01,0.00,0.00,0.00,0.04,0.03,0.03,-0.00,-0.00,-0.00,10.00
61018.00,-3.28,-0.85,0.04,-0.02,0.00,-0.01,-1.00,-4.60,-0.20,0.04,0.03,0.03,-0.00,-0.00,-0.00,16.00
61034.00,-3.28,-0.85,0.04,-0.02,0.00,-0.01,0.00,0.00,0.00,0.04,0.03,0.03,0.00,0.00,-0.00,10.00
61044.00,-3.28,-0.85,0.04,-0.02,0.00,-0.01,0.00,0.00,0.00,0.04,0.03,0.03,0.01,0.00,-0.00,10.00
61054.00,-3.28,-0.85,0.04,-0.02,-0.01,-0.01,0.30,-1.40,0.60,0.04,0.03,0.03,0.00,0.00,0.00,19.00
61073.00,-3.28,-0.85,0.04,-0.02,-0.01,-0.01,0.00,0.00,0.00,0.04,0.03,0.03,-0.01,0.00,-0.00,10.00
61088.00,-3.28,-0.85,0.04,-0.02,-0.01,-0.01,0.00,0.00,0.00,0.04,0.03,0.03,0.00,-0.00,-0.00,10.00
61098.00,-3.28,-0.85,0.04,-0.02,-0.01,-0.01,0.00,0.00,0.00,0.04,0.03,0.03,0.00,0.00,0.00,10.00
61108.00,-3.28,-0.84,0.05,-0.00,-0.02,-0.01,1.30,-1.30,-0.10,0.04,0.03,0.03,-0.00,0.00,0.00,16.00
61124.00,-3.28,-0.84,0.05,-0.00,-0.02,-0.01,0.00,0.00,0.00,0.04,0.03,0.03,0.00,-0.00,0.00,10.00
61134.00,-3.28,-0.84,0.05,-0.00,-0.02,-0.01,0.00,0.00,0.00,0.04,0.03,0.03,0.00,-0.00,0.00,10.00
61144.00,-3.28,-0.84,0.05,-0.00,-0.02,-0.01,0.00,0.00,0.00,0.04,0.03,0.03,-0.00,-0.00,0.00,10.00
61154.00,-3.30,-0.84,0.06,0.01,-0.02,-0.01,1.00,0.30,-0.20,0.04,0.03,0.03,-0.00,-0.00,-0.00,19.00
61173.00,-3.30,-0.84,0.06,0.01,-0.02,-0.01,0.00,0.00,0.00,0.04,0.03,0.03,0.01,-0.00,-0.01,10.00
61183.00,-3.30,-0.84,0.06,0.01,-0.02,-0.01,0.00,0.00,0.00,0.04,0.03,0.03,0.00,0.00,0.00,10.00
61193.00,-3.30,-0.84,0.06,0.01,-0.02,-0.01,0.00,0.00,0.00,0.04,0.03,0.03,-0.01,0.00,0.01,10.00
61212.00,-3.30,-0.84,0.06,0.00,-0.00,-0.01,-0.26,0.89,0.26,0.04,0.03,0.03,0.00,-0.01,0.00,16.00
61228.00,-3.30,-0.84,0.06,0.00,-0.00,-0.01,0.00,0.00,0.00,0.04,0.03,0.03,0.01,-0.00,-0.01,10.00
61238.00,-3.30,-0.84,0.06,0.00,-0.00,-0.01,0.00,0.00,0.00,0.04,0.03,0.03,0.00,0.00,-0.01,10.00
61248.00,-3.30,-0.84,0.06,0.00,-0.00,-0.01,0.00,0.00,0.00,0.04,0.03,0.03,0.00,0.01,-0.00,10.00
61258.00,-3.30,-0.83,0.06,-0.01,0.01,-0.01,-1.40,1.40,0.00,0.04,0.03,0.03,0.01,0.01,0.00,17.00
61275.00,-3.30,-0.83,0.06,-0.01,0.01,-0.01,0.00,0.00,0.00,0.04,0.03,0.03,0.01,0.00,0.01,10.00
61285.00,-3.30,-0.83,0.06,-0.01,0.01,-0.01,0.00,0.00,0.00,0.04,0.03,0.03,-0.00,-0.01,0.00,10.00
61295.00,-3.30,-0.83,0.06,-0.01,0.01,-0.01,0.00,0.00,0.00,0.04,0.03,0.03,-0.01,0.00,-0.00,10.00
61305.00,-3.30,-0.81,0.07,-0.00,0.04,-0.00,0.90,2.80,0.30,0.04,0.03,0.03,-0.01,-0.00,-0.01,18.00
61323.00,-3.30,-0.81,0.07,-0.00,0.04,-0.00,0.00,0.00,0.00,0.04,0.03,0.03,0.00,0.01,-0.00,10.00
61338.00,-3.30,-0.81,0.07,-0.00,0.04,-0.00,0.00,0.00,0.00,0.04,0.03,0.03,-0.01,0.01,0.00,10.00
61348.00,-3.30,-0.81,0.07,-0.00,0.04,-0.00,0.00,0.00,0.00,0.04,0.03,0.03,-0.01,0.00,-0.00,10.00
61358.00,-3.31,-0.81,0.09,-0.03,0.01,-0.02,-2.40,-2.90,-1.30,0.04,0.03,0.03,0.01,-0.01,-0.01,18.00
61376.00,-3.31,-0.81,0.09,-0.03,0.01,-0.02,0.00,0.00,0.00,0.04,0.03,0.03,0.02,-0.00,-0.01,10.00
61386.00,-3.31,-0.81,0.09,-0.03,0.01,-0.02,0.00,0.00,0.00,0.04,0.03,0.03,-0.01,0.00,0.00,10.00
61396.00,-3.31,-0.81,0.09,-0.03,0.01,-0.02,0.00,0.00,0.00,0.04,0.03,0.03,-0.02,0.00,0.01,10.00
61406.00,-3.31,-0.81,0.08,0.01,0.00,-0.01,3.10,-0.80,0.60,0.04,0.03,0.03,0.00,-0.00,0.01,18.00
61424.00,-3.31,-0.81,0.08,0.01,0.00,-0.01,0.00,0.00,0.00,0.04,0.03,0.03,0.01,-0.01,-0.01,10.00
61434.00,-3.31,-0.81,0.08,0.01,0.00,-0.01,0.00,0.00,0.00,0.04,0.03,0.03,-0.00,-0.00,-0.02,10.00
61444.00,-3.31,-0.81,0.08,0.01,0.00,-0.01,0.00,0.00,0.00,0.04,0.03,0.03,-0.01,0.01,-0.02,10.00
61459.00,-3.31,-0.81,0.09,-0.02,0.02,-0.01,-1.53,1.20,-0.13,0.04,0.03,0.03,0.00,0.01,0.01,17.00
61476.00,-3.31,-0.81,0.09,-0.02,0.02,-0.01,0.00,0.00,0.00,0.04,0.03,0.03,0.00,0.00,0.02,10.00
61486.00,-3.31,-0.81,0.09,-0.02,0.02,-0.01,0.00,0.00,0.00,0.04,0.03,0.03,0.01,-0.01,0.00,10.00
61496.00,-3.31,-0.81,0.09,-0.02,0.02,-0.01,0.00,0.00,0.00,0.04,0.03,0.03,0.00,-0.01,-0.01,10.00
61506.00,-3.31,-0.80,0.10,-0.02,0.02,-0.01,0.20,-0.20,0.20,0.04,0.03,0.03,-0.00,-0.00,-0.02,18.00
61524.00,-3.31,-0.80,0.10,-0.02,0.02,-0.01,0.00,0.00,0.00,0.04,0.03,0.03,-0.01,0.01,-0.00,10.00
61534.00,-3.31,-0.80,0.10,-0.02,0.02,-0.01,0.00,0.00,0.00,0.04,0.03,0.03,0.01,0.01,0.01,10.00
61544.00,-3.31,-0.80,0.10,-0.02,0.02,-0.01,0.00,0.00,0.00,0.04,0.03,0.03,0.01,0.01,0.01,10.00
61554.00,-3.31,-0.80,0.10,-0.02,0.02,-0.01,0.00,0.00,0.00,0.04,0.03,0.03,0.00,-0.01,0.01,10.00
61564.00,-3.31,-0.79,0.10,0.02,0.03,-0.00,3.70,1.40,0.70,0.04,0.03,0.03,-0.00,-0.00,-0.01,16.00
61584.00,-3.31,-0.79,0.10,0.02,0.03,-0.00,0.00,0.00,0.00,0.04,0.03,0.03,0.00,0.00,-0.01,10.00
61594.00,-3.31,-0.79,0.10,0.02,0.03,-0.00,0.00,0.00,0.00,0.04,0.03,0.03,-0.00,0.01,0.00,10.00
61604.00,-3.32,-0.78,0.11,-0.02,0.00,-0.00,-4.40,-3.00,-0.20,0.04,0.03,0.03,-0.00,0.01,0.01,19.00
61623.00,-3.32,-0.78,0.11,-0.02,0.00,-0.00,0.00,0.00,0.00,0.04,0.03,0.03,0.00,-0.00,0.00,10.00
61633.00,-3.32,-0.78,0.11,-0.02,0.00,-0.00,0.00,0.00,0.00,0.04,0.03,0.03,0.01,-0.01,-0.01,10.00
61643.00,-3.32,-0.78,0.11,-0.02,0.00,-0.00,0.00,0.00,0.00,0.04,0.03,0.03,-0.00,-0.00,-0.02,10.00
61653.00,-3.32,-0.78,0.12,-0.01,-0.05,-0.01,1.30,-4.60,-0.40,0.04,0.03,0.03,-0.01,0.00,-0.01,17.00
61670.00,-3.32,-0.78,0.12,-0.01,-0.05,-0.01,0.00,0.00,0.00,0.04,0.03,0.03,0.00,0.01,0.01,10.00
61680.00,-3.32,-0.78,0.12,-0.01,-0.05,-0.01,0.00,0.00,0.00,0.04,0.03,0.03,0.01,0.00,0.02,10.00
61690.00,-3.32,-0.78,0.12,-0.01,-0.05,-0.01,0.00,0.00,0.00,0.04,0.03,0.03,0.00,-0.00,0.01,10.00
61705.00,-3.32,-0.78,0.11,0.01,-0.02,0.00,1.47,2.00,0.73,0.04,0.03,0.03,-0.01,-0.01,-0.02,19.00
61724.00,-3.32,-0.78,0.11,0.01,-0.02,0.00,0.00,0.00,0.00,0.04,0.03,0.03,0.00,0.00,-0.01,10.00
61734.00,-3.32,-0.78,0.11,0.01,-0.02,0.00,0.00,0.00,0.00,0.04,0.03,0.03,0.01,0.01,0.00,10.00
61744.00,-3.32,-0.78,0.11,0.01,-0.02,0.00,0.00,0.00,0.00,0.04,0.03,0.03,0.01,0.01,0.01,10.00
61754.00,-3.33,-0.77,0.12,-0.02,0.04,0.00,-3.40,5.00,-0.30,0.04,0.03,0.03,0.01,-0.00,0.01,17.00
61771.00,-3.33,-0.77,0.12,-0.02,0.04,0.00,0.00,0.00,0.00,0.04,0.03,0.03,-0.01,-0.01,-0.01,10.00
61781.00,-3.33,-0.77,0.12,-0.02,0.04,0.00,0.00,0.00,0.00,0.04,0.03,0.03,-0.01,0.00,-0.02,10.00
61791.00,-3.33,-0.77,0.12,-0.02,0.04,0.00,0.00,0.00,0.00,0.04,0.03,0.03,0.01,0.00,-0.01,10.00
61801.00,-3.33,-0.77,0.12,-0.02,0.04,0.00,0.00,0.00,0.00,0.04,0.03,0.03,0.01,0.01,0.01,10.00
61811.00,-3.33,-0.77,0.12,-0.00,0.00,0.00,1.80,-3.30,0.10,0.04,0.03,0.03,0.01,0.01,0.01,16.00
61832.00,-3.33,-0.77,0.12,-0.00,0.00,0.00,0.00,0.00,0.00,0.04,0.03,0.03,-0.01,-0.01,-0.00,10.00
61842.00,-3.33,-0.77,0.12,-0.00,0.00,0.00,0.00,0.00,0.00,0.04,0.03,0.03,-0.01,-0.00,-0.01,10.00
61852.00,-3.33,-0.77,0.12,-0.00,0.00,0.00,0.00,0.00,0.00,0.04,0.03,0.03,-0.00,-0.00,-0.01,10.00
61862.00,-3.33,-0.76,0.13,0.01,-0.02,0.00,1.50,-1.70,-0.10,0.04,0.03,0.03,0.00,0.00,0.00,15.00
61877.00,-3.33,-0.76,0.13,0.01,-0.02,0.00,0.00,0.00,0.00,0.04,0.03,0.03,0.01,0.00,0.01,10.00
61887.00,-3.33,-0.76,0.13,0.01,-0.02,0.00,0.00,0.00,0.00,0.04,0.03,0.03,0.00,0.00,0.00,10.00
61897.00,-3.33,-0.76,0.13,0.01,-0.02,0.00,0.00,0.00,0.00,0.04,0.03,0.03,-0.01,-0.00,-0.00,10.00
61907.00,-3.33,-0.75,0.14,0.01,0.01,-0.01,0.20,2.50,-0.60,0.04,0.03,0.03,-0.01,-0.00,-0.01,18.00
61925.00,-3.33,-0.75,0.14,0.01,0.01,-0.01,0.00,0.00,0.00,0.04,0.03,0.03,0.00,-0.00,-0.00,10.00
61935.00,-3.33,-0.75,0.14,0.01,0.01,-0.01,0.00,0.00,0.00,0.04,0.03,0.03,0.01,0.00,0.00,10.00
61950.00,-3.33,-0.75,0.14,0.01,0.01,-0.01,0.00,0.00,0.00,0.04,0.03,0.03,0.00,0.00,0.01,10.00
61960.00,-3.33,-0.74,0.15,-0.00,0.03,-0.01,-1.60,2.40,-0.20,0.04,0.03,0.03,-0.01,0.01,-0.00,17.00
61977.00,-3.33,-0.74,0.15,-0.00,0.03,-0.01,0.00,0.00,0.00,0.04,0.03,0.03,-0.01,0.00,-0.01,10.00
61987.00,-3.33,-0.74,0.15,-0.00,0.03,-0.01,0.00,0.00,0.00,0.04,0.03,0.03,0.01,-0.01,-0.01,10.00
61997.00,-3.33,-0.74,0.15,-0.00,0.03,-0.01,0.00,0.00,0.00,0.04,0.03,0.03,0.01,-0.00,0.00,10.00
62007.00,-3.34,-0.74,0.15,-0.01,0.00,-0.00,-0.70,-3.40,0.70,0.04,0.03,0.03,-0.00,0.00,0.01,18.00
62025.00,-3.34,-0.74,0.15,-0.01,0.00,-0.00,0.00,0.00,0.00,0.04,0.03,0.03,-0.00,-0.00,0.00,10.00
62035.00,-3.34,-0.74,0.15,-0.01,0.00,-0.00,0.00,0.00,0.00,0.04,0.03,0.03,0.00,-0.00,-0.00,10.00
62045.00,-3.34,-0.74,0.15,-0.01,0.00,-0.00,0.00,0.00,0.00,0.04,0.03,0.03,-0.00,-0.01,-0.01,10.00
62055.00,-3.34,-0.74,0.15,-0.01,0.00,-0.00,0.00,0.00,0.00,0.04,0.03,0.03,-0.00,0.00,-0.00,10.00
62069.00,-3.34,-0.74,0.15,-0.01,-0.02,0.01,0.36,-1.29,0.64,0.04,0.03,0.03,0.00,0.00,0.00,18.00
62087.00,-3.34,-0.74,0.15,-0.01,-0.02,0.01,0.00,0.00,0.00,0.04,0.03,0.03,-0.00,0.00,0.00,10.00
62097.00,-3.34,-0.74,0.15,-0.01,-0.02,0.01,0.00,0.00,0.00,0.04,0.03,0.03,-0.01,0.00,-0.00,10.00
62107.00,-3.34,-0.74,0.15,-0.01,-0.02,0.01,0.00,0.00,0.00,0.04,0.03,0.03,-0.01,0.00,-0.01,10.00
62117.00,-3.34,-0.73,0.16,0.00,-0.02,0.00,0.50,-0.60,-0.70,0.04,0.03,0.03,0.00,-0.00,-0.01,15.00
62132.00,-3.34,-0.73,0.16,0.00,-0.02,0.00,0.00,0.00,0.00,0.04,0.03,0.03,-0.00,0.00,0.00,10.00
62142.00,-3.34,-0.73,0.16,0.00,-0.02,0.00,0.00,0.00,0.00,0.04,0.03,0.03,-0.01,0.01,0.00,10.00
62152.00,-3.34,-0.73,0.16,0.00,-0.02,0.00,0.00,0.00,0.00,0.04,0.03,0.03,-0.00,0.00,0.00,10.00
62162.00,-3.34,-0.73,0.16,0.00,-0.02,0.00,0.00,0.00,0.00,0.04,0.03,0.03,0.01,-0.00,-0.00,10.00
62172.00,-3.34,-0.73,0.17,0.01,-0.02,0.00,0.80,0.60,-0.10,0.04,0.03,0.03,0.00,-0.00,-0.00,16.00
62192.00,-3.34,-0.73,0.17,0.01,-0.02,0.00,0.00,0.00,0.00,0.04,0.03,0.03,-0.00,-0.00,0.00,10.00
62202.00,-3.34,-0.73,0.17,0.01,-0.02,0.00,0.00,0.00,0.00,0.04,0.03,0.03,0.00,-0.00,-0.00,10.00
62212.00,-3.35,-0.72,0.18,-0.01,0.02,-0.00,-1.90,3.40,-0.40,0.04,0.03,0.03,0.00,0.00,0.00,15.00
62227.00,-3.35,-0.72,0.18,-0.01,0.02,-0.00,0.00,0.00,0.00,0.04,0.03,0.03,-0.00,0.00,-0.00,10.00
62237.00,-3.35,-0.72,0.18,-0.01,0.02,-0.00,0.00,0.00,0.00,0.04,0.03,0.03,0.00,0.00,-0.00,10.00
62247.00,-3.35,-0.72,0.18,-0.01,0.02,-0.00,0.00,0.00,0.00,0.04,0.03,0.03,0.00,-0.00,-0.00,10.00
62257.00,-3.35,-0.71,0.19,-0.01,0.02,-0.01,-0.20,0.30,-0.60,0.04,0.03,0.03,0.00,-0.00,0.00,19.00
62276.00,-3.35,-0.71,0.19,-0.01,0.02,-0.01,0.00,0.00,0.00,0.04,0.03,0.03,-0.00,0.00,-0.00,10.00
62286.00,-3.35,-0.71,0.19,-0.01,0.02,-0.01,0.00,0.00,0.00,0.04,0.03,0.03,0.00,0.00,0.00,10.00
62296.00,-3.35,-0.71,0.19,-0.01,0.02,-0.01,0.00,0.00,0.00,0.04,0.03,0.03,0.00,0.01,-0.00,10.00
62315.00,-3.35,-0.72,0.19,0.02,0.01,0.00,1.74,-0.42,0.58,0.04,0.03,0.02,0.00,-0.00,-0.00,17.00
62332.00,-3.35,-0.72,0.19,0.02,0.01,0.00,0.00,0.00,0.00,0.04,0.03,0.02,0.00,-0.00,-0.00,10.00
62342.00,-3.35,-0.72,0.19,0.02,0.01,0.00,0.00,0.00,0.00,0.04,0.03,0.02,-0.00,0.00,-0.00,10.00
62352.00,-3.35,-0.72,0.19,0.02,0.01,0.00,0.00,0.00,0.00,0.04,0.03,0.02,0.00,0.00,0.00,10.00
62362.00,-3.35,-0.71,0.19,0.01,-0.00,0.00,-1.40,-1.40,0.20,0.04,0.03,0.02,0.00,0.00,0.00,16.00
62378.00,-3.35,-0.71,0.19,0.01,-0.00,0.00,0.00,0.00,0.00,0.04,0.03,0.02,-0.00,0.00,-0.00,10.00
62388.00,-3.35,-0.71,0.19,0.01,-0.00,0.00,0.00,0.00,0.00,0.04,0.03,0.02,-0.00,0.00,-0.00,10.00
62398.00,-3.35,-0.71,0.19,0.01,-0.00,0.00,0.00,0.00,0.00,0.04,0.03,0.02,-0.00,-0.00,-0.00,10.00
62408.00,-3.36,-0.69,0.21,-0.02,0.01,-0.01,-2.50,1.00,-1.00,0.04,0.03,0.02,0.00,-0.00,-0.00,18.00
62426.00,-3.36,-0.69,0.21,-0.02,0.01,-0.01,0.00,0.00,0.00,0.04,0.03,0.02,-0.00,-0.00,0.01,10.00
62440.00,-3.36,-0.69,0.21,-0.02,0.01,-0.01,0.00,0.00,0.00,0.04,0.03,0.02,0.00,-0.00,-0.00,10.00
62450.00,-3.36,-0.69,0.21,-0.02,0.01,-0.01,0.00,0.00,0.00,0.04,0.03,0.02,0.00,-0.00,-0.00,10.00
62460.00,-3.36,-0.69,0.21,-0.01,-0.02,-0.00,0.80,-2.50,0.30,0.04,0.03,0.02,-0.00,0.00,-0.00,17.00
62477.00,-3.36,-0.69,0.21,-0.01,-0.02,-0.00,0.00,0.00,0.00,0.04,0.03,0.02,-0.00,0.00,-0.00,10.00
62487.00,-3.36,-0.69,0.21,-0.01,-0.02,-0.00,0.00,0.00,0.00,0.04,0.03,0.02,0.00,0.00,0.00,10.00
62497.00,-3.36,-0.69,0.21,-0.01,-0.02,-0.00,0.00,0.00,0.00,0.04,0.03,0.02,0.00,0.00,0.00,10.00
62507.00,-3.36,-0.69,0.22,-0.00,0.01,-0.00,1.00,2.40,0.30,0.04,0.03,0.02,0.00,0.00,0.00,19.00
62526.00,-3.36,-0.69,0.22,-0.00,0.01,-0.00,0.00,0.00,0.00,0.04,0.03,0.02,0.00,-0.00,-0.00,10.00
62536.00,-3.36,-0.69,0.22,-0.00,0.01,-0.00,0.00,0.00,0.00,0.04,0.03,0.02,-0.00,0.00,-0.00,10.00
62546.00,-3.36,-0.69,0.22,-0.00,0.01,-0.00,0.00,0.00,0.00,0.04,0.03,0.02,0.00,0.00,0.00,10.00
62561.00,-3.37,-0.68,0.22,0.01,0.02,-0.00,0.73,0.67,-0.07,0.04,0.03,0.02,-0.00,-0.00,0.00,17.00
62578.00,-3.37,-0.68,0.22,0.01,0.02,-0.00,0.00,0.00,0.00,0.04,0.03,0.02,-0.00,0.00,-0.01,10.00
62588.00,-3.37,-0.68,0.22,0.01,0.02,-0.00,0.00,0.00,0.00,0.04,0.03,0.02,-0.00,0.00,-0.00,10.00
62598.00,-3.37,-0.68,0.22,0.01,0.02,-0.00,0.00,0.00,0.00,0.04,0.03,0.02,0.00,-0.00,0.00,10.00
62608.00,-3.37,-0.68,0.22,0.01,0.02,-0.00,0.00,0.00,0.00,0.04,0.03,0.02,-0.00,-0.01,0.00,10.00
62618.00,-3.37,-0.68,0.23,-0.01,0.01,-0.01,-1.90,-0.40,-0.50,0.04,0.03,0.02,-0.00,0.00,0.00,16.00
62634.00,-3.37,-0.68,0.23,-0.01,0.01,-0.01,0.00,0.00,0.00,0.04,0.03,0.02,0.00,-0.00,-0.00,10.00
62644.00,-3.37,-0.68,0.23,-0.01,0.01,-0.01,0.00,0.00,0.00,0.04,0.03,0.02,0.00,0.00,-0.00,10.00
62654.00,-3.37,-0.68,0.23,-0.01,0.01,-0.01,0.00,0.00,0.00,0.04,0.03,0.02,0.00,0.00,-0.00,10.00
62664.00,-3.37,-0.67,0.24,0.01,0.01,-0.00,1.50,-0.30,0.30,0.04,0.03,0.02,-0.00,0.01,-0.00,16.00
62684.00,-3.37,-0.67,0.24,0.01,0.01,-0.00,0.00,0.00,0.00,0.04,0.03,0.02,0.00,-0.00,-0.00,10.00
62694.00,-3.37,-0.67,0.24,0.01,0.01,-0.00,0.00,0.00,0.00,0.04,0.03,0.02,-0.00,0.00,0.00,10.00
62704.00,-3.38,-0.67,0.24,-0.03,-0.01,-0.01,-3.10,-1.70,-0.40,0.04,0.03,0.02,0.00,0.00,0.00,16.00
62720.00,-3.38,-0.67,0.24,-0.03,-0.01,-0.01,0.00,0.00,0.00,0.04,0.03,0.02,0.00,-0.00,-0.00,10.00
62730.00,-3.38,-0.67,0.24,-0.03,-0.01,-0.01,0.00,0.00,0.00,0.04,0.03,0.02,0.00,-0.00,-0.00,10.00
62740.00,-3.38,-0.67,0.24,-0.03,-0.01,-0.01,0.00,0.00,0.00,0.04,0.03,0.02,0.00,0.00,-0.00,10.00
62750.00,-3.38,-0.67,0.24,-0.03,-0.01,-0.01,0.00,0.00,0.00,0.04,0.03,0.02,-0.00,0.00,-0.00,10.00
62760.00,-3.38,-0.66,0.24,-0.01,0.01,-0.00,1.50,1.40,0.70,0.04,0.03,0.02,-0.00,0.00,-0.00,17.00
62777.00,-3.38,-0.66,0.24,-0.01,0.01,-0.00,0.00,0.00,0.00,0.04,0.03,0.02,0.00,-0.00,-0.00,10.00
62787.00,-3.38,-0.66,0.24,-0.01,0.01,-0.00,0.00,0.00,0.00,0.04,0.03,0.02,0.00,-0.00,-0.00,10.00
62801.00,-3.38,-0.66,0.24,-0.01,0.01,-0.00,0.00,0.00,0.00,0.04,0.03,0.02,-0.00,-0.00,0.00,10.00
62811.00,-3.38,-0.66,0.24,-0.01,0.01,-0.00,0.00,0.00,0.00,0.04,0.03,0.02,-0.00,0.00,-0.00,10.00
62821.00,-3.38,-0.65,0.25,0.00,0.01,-0.01,1.20,0.50,-0.80,0.04,0.03,0.02,0.00,0.00,0.00,17.00
62838.00,-3.38,-0.65,0.25,0.00,0.01,-0.01,0.00,0.00,0.00,0.04,0.03,0.02,0.00,0.00,0.00,10.00
62848.00,-3.38,-0.65,0.25,0.00,0.01,-0.01,0.00,0.00,0.00,0.04,0.03,0.02,-0.00,0.00,0.00,10.00
62858.00,-3.38,-0.65,0.25,0.00,0.01,-0.01,0.00,0.00,0.00,0.04,0.03,0.02,-0.00,-0.00,0.00,10.00
62868.00,-3.38,-0.65,0.26,0.03,0.01,-0.01,3.00,0.00,0.40,0.04,0.03,0.02,-0.00,0.00,0.00,16.00
62884.00,-3.38,-0.65,0.26,0.03,0.01,-0.01,0.00,0.00,0.00,0.04,0.03,0.02,-0.00,0.00,-0.00,10.00
62894.00,-3.38,-0.65,0.26,0.03,0.01,-0.01,0.00,0.00,0.00,0.04,0.03,0.02,0.00,0.00,0.00,10.00
62904.00,-3.38,-0.65,0.27,0.01,-0.01,-0.00,-2.40,-2.20,0.10,0.04,0.03,0.02,0.00,0.00,0.00,16.00
62924.00,-3.38,-0.65,0.27,0.01,-0.01,-0.00,0.00,0.00,0.00,0.04,0.03,0.02,0.00,0.00,-0.00,10.00
62934.00,-3.38,-0.65,0.27,0.01,-0.01,-0.00,0.00,0.00,0.00,0.04,0.03,0.02,0.00,0.00,-0.00,10.00
62944.00,-3.38,-0.65,0.27,0.01,-0.01,-0.00,0.00,0.00,0.00,0.04,0.03,0.02,-0.00,0.00,-0.00,10.00
62954.00,-3.38,-0.65,0.27,0.01,-0.01,-0.00,0.00,0.00,0.00,0.04,0.03,0.02,0.00,0.00,0.00,10.00
62964.00,-3.40,-0.64,0.27,-0.01,-0.01,-0.01,-1.50,-0.10,-0.10,0.04,0.03,0.02,-0.00,0.00,-0.00,15.00
62979.00,-3.40,-0.64,0.27,-0.01,-0.01,-0.01,0.00,0.00,0.00,0.04,0.03,0.02,-0.00,-0.00,-0.00,10.00
62989.00,-3.40,-0.64,0.27,-0.01,-0.01,-0.01,0.00,0.00,0.00,0.04,0.03,0.02,-0.00,-0.00,-0.00,10.00
62999.00,-3.40,-0.64,0.27,-0.01,-0.01,-0.01,0.00,0.00,0.00,0.04,0.03,0.02,-0.00,0.00,-0.00,10.00
63009.00,-3.40,-0.64,0.28,-0.01,-0.00,-0.00,-0.40,0.90,0.10,0.04,0.03,0.02,-0.00,0.00,-0.00,18.00
63027.00,-3.40,-0.64,0.28,-0.01,-0.00,-0.00,0.00,0.00,0.00,0.04,0.03,0.02,-0.00,-0.00,0.00,10.00
63041.00,-3.40,-0.64,0.28,-0.01,-0.00,-0.00,0.00,0.00,0.00,0.04,0.03,0.02,0.00,0.00,0.00,10.00
63051.00,-3.40,-0.64,0.28,-0.01,-0.00,-0.00,0.00,0.00,0.00,0.04,0.03,0.02,0.00,-0.00,0.00,10.00
63061.00,-3.40,-0.63,0.29,0.01,0.01,-0.01,1.80,1.20,-0.20,0.04,0.03,0.02,-0.00,-0.00,0.00,17.00
63078.00,-3.40,-0.63,0.29,0.01,0.01,-0.01,0.00,0.00,0.00,0.04,0.03,0.02,0.00,0.00,-0.00,10.00
63088.00,-3.40,-0.63,0.29,0.01,0.01,-0.01,0.00,0.00,0.00,0.04,0.03,0.02,0.00,-0.00,-0.00,10.00
63098.00,-3.40,-0.63,0.29,0.01,0.01,-0.01,0.00,0.00,0.00,0.04,0.03,0.02,0.00,0.00,0.00,10.00
63108.00,-3.40,-0.62,0.29,0.01,0.01,-0.01,-0.10,0.30,-0.10,0.04,0.03,0.02,-0.00,-0.00,0.00,19.00
63127.00,-3.40,-0.62,0.29,0.01,0.01,-0.01,0.00,0.00,0.00,0.04,0.03,0.02,-0.00,-0.00,0.00,10.00
63137.00,-3.40,-0.62,0.29,0.01,0.01,-0.01,0.00,0.00,0.00,0.04,0.03,0.02,0.00,-0.00,0.00,10.00
63147.00,-3.40,-0.62,0.29,0.01,0.01,-0.01,0.00,0.00,0.00,0.04,0.03,0.02,0.00,0.00,-0.00,10.00
63161.00,-3.41,-0.61,0.30,0.01,0.02,-0.01,-0.07,0.57,-0.07,0.04,0.03,0.02,-0.00,0.00,-0.00,18.00
63179.00,-3.41,-0.61,0.30,0.01,0.02,-0.01,0.00,0.00,0.00,0.04,0.03,0.02,0.00,0.00,0.00,10.00
63189.00,-3.41,-0.61,0.30,0.01,0.02,-0.01,0.00,0.00,0.00,0.04,0.03,0.02,-0.00,-0.00,0.00,10.00
63199.00,-3.41,-0.61,0.30,0.01,0.02,-0.01,0.00,0.00,0.00,0.04,0.03,0.02,0.00,-0.00,0.00,10.00
63209.00,-3.41,-0.61,0.30,0.00,-0.01,-0.01,-0.40,-2.70,0.20,0.04,0.03,0.02,-0.00,-0.00,0.00,18.00
63227.00,-3.41,-0.61,0.30,0.00,-0.01,-0.01,0.00,0.00,0.00,0.04,0.03,0.02,0.00,-0.00,0.00,10.00
63237.00,-3.41,-0.61,0.30,0.00,-0.01,-0.01,0.00,0.00,0.00,0.04,0.03,0.02,0.00,0.00,0.00,10.00
63247.00,-3.41,-0.61,0.30,0.00,-0.01,-0.01,0.00,0.00,0.00,0.04,0.03,0.02,-0.00,-0.00,0.00,10.00
63257.00,-3.41,-0.61,0.31,-0.03,0.01,-0.01,-3.20,1.30,-0.30,0.04,0.03,0.02,0.00,0.00,0.00,17.00
63274.00,-3.41,-0.61,0.31,-0.03,0.01,-0.01,0.00,0.00,0.00,0.04,0.03,0.02,0.00,-0.00,-0.00,10.00
63294.00,-3.41,-0.61,0.31,-0.03,0.01,-0.01,0.00,0.00,0.00,0.04,0.03,0.02,0.00,0.00,0.00,10.00
63304.00,-3.41,-0.61,0.31,-0.03,0.01,-0.01,0.00,0.00,0.00,0.04,0.03,0.02,-0.00,0.01,-0.00,10.00
63314.00,-3.41,-0.60,0.32,-0.01,0.01,-0.01,2.10,0.80,0.30,0.04,0.03,0.02,0.00,0.01,-0.00,16.00
63330.00,-3.41,-0.60,0.32,-0.01,0.01,-0.01,0.00,0.00,0.00,0.04,0.03,0.02,-0.00,0.00,-0.00,10.00
63340.00,-3.41,-0.60,0.32,-0.01,0.01,-0.01,0.00,0.00,0.00,0.04,0.03,0.02,0.00,-0.00,-0.00,10.00
63350.00,-3.41,-0.60,0.32,-0.01,0.01,-0.01,0.00,0.00,0.00,0.04,0.03,0.02,0.00,-0.00,0.00,10.00
63360.00,-3.41,-0.60,0.32,0.01,0.00,-0.01,1.80,-1.30,0.00,0.04,0.03,0.02,-0.00,-0.00,0.00,18.00
63378.00,-3.41,-0.60,0.32,0.01,0.00,-0.01,0.00,0.00,0.00,0.04,0.03,0.02,-0.00,0.00,-0.00,10.00
63388.00,-3.41,-0.60,0.32,0.01,0.00,-0.01,0.00,0.00,0.00,0.04,0.03,0.02,-0.00,0.00,-0.00,10.00
63398.00,-3.41,-0.60,0.32,0.01,0.00,-0.01,0.00,0.00,0.00,0.04,0.03,0.02,0.00,0.00,-0.00,10.00
63413.00,-3.42,-0.59,0.33,0.02,0.01,-0.01,0.87,0.27,-0.07,0.04,0.03,0.02,-0.00,-0.00,0.00,17.00
63430.00,-3.42,-0.59,0.33,0.02,0.01,-0.01,0.00,0.00,0.00,0.04,0.03,0.02,0.00,0.00,0.00,10.00
63440.00,-3.42,-0.59,0.33,0.02,0.01,-0.01,0.00,0.00,0.00,0.04,0.03,0.02,0.00,0.00,-0.00,10.00
63450.00,-3.42,-0.59,0.33,0.02,0.01,-0.01,0.00,0.00,0.00,0.04,0.03,0.02,-0.00,0.00,-0.00,10.00
63460.00,-3.42,-0.59,0.33,0.00,0.01,-0.00,-1.80,0.60,0.30,0.04,0.03,0.02,-0.00,0.00,0.00,19.00
63479.00,-3.42,-0.59,0.33,0.00,0.01,-0.00,0.00,0.00,0.00,0.04,0.03,0.02,0.00,-0.00,-0.00,10.00
63489.00,-3.42,-0.59,0.33,0.00,0.01,-0.00,0.00,0.00,0.00,0.04,0.03,0.02,0.00,0.00,-0.00,10.00
63499.00,-3.42,-0.59,0.33,0.00,0.01,-0.00,0.00,0.00,0.00,0.04,0.03,0.02,0.00,-0.00,0.00,10.00
63509.00,-3.42,-0.59,0.33,0.00,0.01,-0.00,0.00,0.00,0.00,0.04,0.03,0.02,-0.00,-0.00,0.00,10.00
63519.00,-3.42,-0.57,0.34,-0.01,0.03,-0.01,-1.50,2.00,-0.60,0.04,0.03,0.02,0.00,0.00,0.00,15.00
63539.00,-3.42,-0.57,0.34,-0.01,0.03,-0.01,0.00,0.00,0.00,0.04,0.03,0.02,-0.00,0.00,-0.00,10.00
63549.00,-3.42,-0.57,0.34,-0.01,0.03,-0.01,0.00,0.00,0.00,0.04,0.03,0.02,0.00,0.00,0.00,10.00
63559.00,-3.42,-0.57,0.35,-0.01,0.02,-0.01,0.40,-1.60,0.00,0.04,0.03,0.02,-0.00,-0.00,-0.00,18.00
63577.00,-3.42,-0.57,0.35,-0.01,0.02,-0.01,0.00,0.00,0.00,0.04,0.03,0.02,-0.00,0.00,0.00,10.00
63587.00,-3.42,-0.57,0.35,-0.01,0.02,-0.01,0.00,0.00,0.00,0.04,0.03,0.02,0.00,0.01,-0.00,10.00
63597.00,-3.42,-0.57,0.35,-0.01,0.02,-0.01,0.00,0.00,0.00,0.04,0.03,0.02,0.00,0.00,0.00,10.00
63607.00,-3.42,-0.57,0.35,-0.01,0.02,-0.01,0.00,0.00,0.00,0.04,0.03,0.02,-0.01,0.00,-0.00,10.00
63617.00,-3.43,-0.57,0.36,0.01,-0.03,-0.01,1.90,-4.40,-0.30,0.04,0.03,0.02,-0.00,0.00,-0.00,15.00
63633.00,-3.43,-0.57,0.36,0.01,-0.03,-0.01,0.00,0.00,0.00,0.04,0.03,0.02,0.00,0.00,-0.00,10.00
63643.00,-3.43,-0.57,0.36,0.01,-0.03,-0.01,0.00,0.00,0.00,0.04,0.03,0.02,0.01,0.00,-0.00,10.00
63658.00,-3.43,-0.57,0.36,0.00,-0.02,-0.01,-0.53,0.80,0.40,0.04,0.03,0.02,-0.01,-0.00,0.00,17.00
63675.00,-3.43,-0.57,0.36,0.00,-0.02,-0.01,0.00,0.00,0.00,0.04,0.03,0.02,0.00,0.00,0.00,10.00
63685.00,-3.43,-0.57,0.36,0.00,-0.02,-0.01,0.00,0.00,0.00,0.04,0.03,0.02,0.00,0.00,-0.00,10.00
63695.00,-3.43,-0.57,0.36,0.00,-0.02,-0.01,0.00,0.00,0.00,0.04,0.03,0.02,-0.00,-0.00,0.00,10.00
63705.00,-3.43,-0.57,0.36,0.00,-0.02,-0.01,0.00,0.00,0.00,0.04,0.03,0.02,-0.00,0.00,0.00,10.00
63715.00,-3.43,-0.56,0.37,-0.01,0.01,-0.01,-1.70,2.30,-0.30,0.04,0.03,0.02,0.00,0.00,-0.00,16.00
63731.00,-3.43,-0.56,0.37,-0.01,0.01,-0.01,0.00,0.00,0.00,0.04,0.03,0.02,0.00,-0.00,-0.00,10.00
63741.00,-3.43,-0.56,0.37,-0.01,0.01,-0.01,0.00,0.00,0.00,0.04,0.03,0.02,-0.00,0.00,-0.00,10.00
63751.00,-3.43,-0.56,0.37,-0.01,0.01,-0.01,0.00,0.00,0.00,0.04,0.03,0.02,-0.00,0.00,0.00,10.00
63761.00,-3.44,-0.55,0.37,-0.02,0.01,-0.01,-0.70,0.10,0.10,0.04,0.03,0.02,0.00,-0.00,0.00,18.00
63784.00,-3.44,-0.55,0.37,-0.02,0.01,-0.01,0.00,0.00,0.00,0.04,0.03,0.02,-0.01,0.00,-0.01,10.00
63794.00,-3.44,-0.55,0.37,-0.02,0.01,-0.01,0.00,0.00,0.00,0.04,0.03,0.02,-0.01,0.00,-0.01,10.00
63804.00,-3.44,-0.55,0.38,0.00,0.02,-0.01,2.20,1.60,-0.10,0.04,0.03,0.02,0.01,-0.00,-0.00,16.00
63820.00,-3.44,-0.55,0.38,0.00,0.02,-0.01,0.00,0.00,0.00,0.04,0.03,0.02,0.00,-0.00,0.01,10.00
63830.00,-3.44,-0.55,0.38,0.00,0.02,-0.01,0.00,0.00,0.00,0.04,0.03,0.02,-0.00,-0.00,0.01,10.00
63840.00,-3.44,-0.55,0.38,0.00,0.02,-0.01,0.00,0.00,0.00,0.04,0.03,0.02,-0.01,0.00,0.00,10.00
63850.00,-3.44,-0.55,0.38,0.00,0.02,-0.01,0.00,0.00,0.00,0.04,0.03,0.02,0.01,-0.01,-0.00,10.00
63860.00,-3.44,-0.54,0.38,0.00,0.02,-0.01,0.20,-0.70,-0.10,0.04,0.03,0.02,0.01,-0.01,-0.01,19.00
63879.00,-3.44,-0.54,0.38,0.00,0.02,-0.01,0.00,0.00,0.00,0.04,0.03,0.02,-0.01,0.00,0.00,10.00
63889.00,-3.44,-0.54,0.38,0.00,0.02,-0.01,0.00,0.00,0.00,0.04,0.03,0.02,-0.00,-0.00,0.01,10.00
63904.00,-3.44,-0.53,0.39,0.00,0.02,-0.01,0.00,0.33,0.13,0.04,0.03,0.02,0.01,-0.00,0.00,17.00
63921.00,-3.44,-0.53,0.39,0.00,0.02,-0.01,0.00,0.00,0.00,0.04,0.03,0.02,-0.01,-0.00,-0.01,10.00
63931.00,-3.44,-0.53,0.39,0.00,0.02,-0.01,0.00,0.00,0.00,0.04,0.03,0.02,-0.00,0.00,-0.00,10.00
63941.00,-3.44,-0.53,0.39,0.00,0.02,-0.01,0.00,0.00,0.00,0.04,0.03,0.02,0.01,0.00,-0.00,10.00
63951.00,-3.44,-0.53,0.39,0.00,0.02,-0.01,0.00,0.00,0.00,0.04,0.03,0.02,0.00,0.01,0.00,10.00
63961.00,-3.44,-0.53,0.40,-0.00,-0.01,-0.01,-0.50,-3.30,0.10,0.04,0.03,0.02,-0.00,0.00,0.00,18.00
63979.00,-3.44,-0.53,0.40,-0.00,-0.01,-0.01,0.00,0.00,0.00,0.04,0.03,0.02,-0.01,-0.01,-0.00,10.00
63989.00,-3.44,-0.53,0.40,-0.00,-0.01,-0.01,0.00,0.00,0.00,0.04,0.03,0.02,0.00,-0.01,-0.00,10.00
63999.00,-3.44,-0.53,0.40,-0.00,-0.01,-0.01,0.00,0.00,0.00,0.04,0.03,0.02,0.00,-0.00,-0.01,10.00
64009.00,-3.45,-0.53,0.40,-0.01,-0.01,-0.01,-0.30,-0.10,0.30,0.04,0.03,0.02,0.01,0.00,-0.00,18.00
64032.00,-3.45,-0.53,0.40,-0.01,-0.01,-0.01,0.00,0.00,0.00,0.04,0.03,0.02,-0.00,-0.00,0.00,10.00
64042.00,-3.45,-0.53,0.40,-0.01,-0.01,-0.01,0.00,0.00,0.00,0.04,0.03,0.02,0.00,-0.00,0.00,10.00
64052.00,-3.45,-0.53,0.40,-0.01,-0.01,-0.01,0.00,0.00,0.00,0.04,0.03,0.02,0.00,-0.00,-0.00,10.00
64062.00,-3.45,-0.52,0.41,0.00,-0.01,-0.01,0.70,0.60,-0.80,0.04,0.03,0.02,-0.00,-0.00,-0.01,18.00
64080.00,-3.45,-0.52,0.41,0.00,-0.01,-0.01,0.00,0.00,0.00,0.04,0.03,0.02,0.01,-0.00,-0.00,10.00
64090.00,-3.45,-0.52,0.41,0.00,-0.01,-0.01,0.00,0.00,0.00,0.04,0.03,0.02,0.01,0.01,0.01,10.00
64100.00,-3.45,-0.52,0.41,0.00,-0.01,-0.01,0.00,0.00,0.00,0.04,0.03,0.02,-0.00,-0.00,0.01,10.00
64110.00,-3.45,-0.51,0.42,-0.04,0.02,-0.02,-4.20,2.60,-0.20,0.04,0.03,0.02,-0.00,-0.00,-0.00,19.00
64129.00,-3.45,-0.51,0.42,-0.04,0.02,-0.02,0.00,0.00,0.00,0.04,0.03,0.02,0.00,0.00,0.00,10.00
64139.00,-3.45,-0.51,0.42,-0.04,0.02,-0.02,0.00,0.00,0.00,0.04,0.03,0.02,0.00,0.00,-0.00,10.00
64154.00,-3.46,-0.50,0.42,-0.02,0.03,-0.01,1.13,0.40,0.20,0.04,0.03,0.02,-0.00,0.00,0.00,17.00
64171.00,-3.46,-0.50,0.42,-0.02,0.03,-0.01,0.00,0.00,0.00,0.04,0.03,0.02,0.00,-0.00,0.01,10.00
64181.00,-3.46,-0.50,0.42,-0.02,0.03,-0.01,0.00,0.00,0.00,0.04,0.03,0.02,-0.00,-0.00,-0.00,10.00
64191.00,-3.46,-0.50,0.42,-0.02,0.03,-0.01,0.00,0.00,0.00,0.04,0.03,0.02,-0.01,-0.00,-0.00,10.00
64201.00,-3.46,-0.50,0.42,-0.02,0.03,-0.01,0.00,0.00,0.00,0.04,0.03,0.02,-0.00,-0.00,-0.00,10.00
64211.00,-3.46,-0.50,0.43,0.01,0.01,-0.01,3.00,-1.20,0.30,0.04,0.03,0.02,0.00,-0.00,0.00,18.00
64230.00,-3.46,-0.50,0.43,0.01,0.01,-0.01,0.00,0.00,0.00,0.04,0.03,0.02,-0.01,0.00,0.00,10.00
64240.00,-3.46,-0.50,0.43,0.01,0.01,-0.01,0.00,0.00,0.00,0.04,0.03,0.02,-0.01,0.00,0.00,10.00
64250.00,-3.46,-0.49,0.43,0.01,-0.02,-0.01,0.40,-2.90,0.30,0.04,0.03,0.02,0.00,-0.00,0.00,19.00
64269.00,-3.46,-0.49,0.43,0.01,-0.02,-0.01,0.00,0.00,0.00,0.04,0.03,0.02,0.00,-0.00,-0.00,10.00
64284.00,-3.46,-0.49,0.43,0.01,-0.02,-0.01,0.00,0.00,0.00,0.04,0.03,0.02,0.00,0.00,0.00,10.00
64294.00,-3.46,-0.49,0.43,0.01,-0.02,-0.01,0.00,0.00,0.00,0.04,0.03,0.02,0.01,0.00,0.00,10.00
64304.00,-3.46,-0.49,0.44,-0.02,0.01,-0.01,-2.60,2.10,-0.40,0.04,0.03,0.02,0.00,-0.00,0.00,17.00
64321.00,-3.46,-0.49,0.44,-0.02,0.01,-0.01,0.00,0.00,0.00,0.04,0.03,0.02,-0.00,-0.00,-0.00,10.00
64331.00,-3.46,-0.49,0.44,-0.02,0.01,-0.01,0.00,0.00,0.00,0.04,0.03,0.02,0.00,-0.00,-0.00,10.00
64341.00,-3.46,-0.49,0.44,-0.02,0.01,-0.01,0.00,0.00,0.00,0.04,0.03,0.02,0.00,-0.01,0.00,10.00
64351.00,-3.46,-0.49,0.44,-0.02,0.01,-0.01,0.00,0.00,0.00,0.04,0.03,0.02,0.00,-0.01,-0.00,10.00
64361.00,-3.47,-0.48,0.45,-0.01,-0.01,-0.02,0.30,-1.00,-0.50,0.04,0.03,0.02,-0.00,0.01,0.00,18.00
64379.00,-3.47,-0.48,0.45,-0.01,-0.01,-0.02,0.00,0.00,0.00,0.04,0.03,0.02,0.00,0.00,-0.00,10.00
64389.00,-3.47,-0.48,0.45,-0.01,-0.01,-0.02,0.00,0.00,0.00,0.04,0.03,0.02,0.00,-0.00,-0.00,10.00
64408.00,-3.47,-0.48,0.46,0.01,0.02,-0.02,0.89,1.11,0.00,0.04,0.03,0.02,-0.01,-0.00,-0.00,13.00
64421.00,-3.47,-0.48,0.46,0.01,0.02,-0.02,0.00,0.00,0.00,0.04,0.03,0.02,-0.00,0.00,0.00,10.00
64431.00,-3.47,-0.48,0.46,0.01,0.02,-0.02,0.00,0.00,0.00,0.04,0.03,0.02,0.01,0.00,0.00,10.00
64441.00,-3.47,-0.48,0.46,0.01,0.02,-0.02,0.00,0.00,0.00,0.04,0.03,0.02,0.01,-0.00,-0.00,10.00
64451.00,-3.47,-0.48,0.46,0.01,0.02,-0.02,0.00,0.00,0.00,0.04,0.03,0.02,-0.01,0.00,-0.01,10.00
64461.00,-3.47,-0.48,0.46,0.01,0.02,-0.02,0.00,0.00,0.00,0.04,0.03,0.02,-0.01,-0.00,-0.00,10.00
64471.00,-3.47,-0.47,0.45,0.00,0.01,-0.00,-0.10,-1.10,1.10,0.04,0.03,0.02,0.01,-0.00,0.00,17.00
64488.00,-3.47,-0.47,0.45,0.00,0.01,-0.00,0.00,0.00,0.00,0.04,0.03,0.02,-0.00,0.00,0.00,10.00
64498.00,-3.47,-0.47,0.45,0.00,0.01,-0.00,0.00,0.00,0.00,0.04,0.03,0.02,-0.00,0.00,0.00,10.00
64508.00,-3.47,-0.47,0.45,0.00,0.01,-0.00,0.00,0.00,0.00,0.04,0.03,0.02,-0.00,0.00,-0.00,10.00
64523.00,-3.47,-0.47,0.46,-0.01,-0.01,-0.01,-1.20,-0.80,-0.07,0.04,0.03,0.02,0.00,0.00,-0.00,17.00
64540.00,-3.47,-0.47,0.46,-0.01,-0.01,-0.01,0.00,0.00,0.00,0.04,0.03,0.02,-0.00,-0.00,0.00,10.00
64550.00,-3.47,-0.47,0.46,-0.01,-0.01,-0.01,0.00,0.00,0.00,0.04,0.03,0.02,-0.00,0.00,0.00,10.00
64560.00,-3.47,-0.46,0.47,-0.01,0.00,-0.01,0.60,0.90,-0.90,0.04,0.03,0.02,-0.00,0.00,0.00,19.00
64579.00,-3.47,-0.46,0.47,-0.01,0.00,-0.01,0.00,0.00,0.00,0.04,0.03,0.02,0.00,-0.00,-0.01,10.00
64589.00,-3.47,-0.46,0.47,-0.01,0.00,-0.01,0.00,0.00,0.00,0.04,0.03,0.02,0.00,0.00,-0.00,10.00
64599.00,-3.47,-0.46,0.47,-0.01,0.00,-0.01,0.00,0.00,0.00,0.04,0.03,0.02,-0.00,-0.00,-0.00,10.00
64609.00,-3.47,-0.46,0.47,-0.01,0.00,-0.01,0.00,0.00,0.00,0.04,0.03,0.02,-0.00,-0.00,0.00,10.00
64619.00,-3.48,-0.45,0.48,-0.01,0.02,-0.01,0.30,1.80,0.00,0.04,0.03,0.02,-0.00,-0.00,0.00,16.00
64635.00,-3.48,-0.45,0.48,-0.01,0.02,-0.01,0.00,0.00,0.00,0.04,0.03,0.02,0.00,-0.00,-0.00,10.00
64650.00,-3.48,-0.45,0.48,-0.01,0.02,-0.01,0.00,0.00,0.00,0.04,0.03,0.02,-0.00,0.00,-0.00,10.00
64660.00,-3.48,-0.45,0.48,-0.01,0.02,-0.01,0.00,0.00,0.00,0.04,0.03,0.02,-0.00,0.00,-0.00,10.00
64670.00,-3.48,-0.45,0.48,-0.02,-0.02,-0.01,-1.00,-4.30,0.90,0.04,0.03,0.02,0.00,-0.00,0.00,15.00
64685.00,-3.48,-0.45,0.48,-0.02,-0.02,-0.01,0.00,0.00,0.00,0.04,0.03,0.02,-0.00,0.00,-0.00,10.00
64695.00,-3.48,-0.45,0.48,-0.02,-0.02,-0.01,0.00,0.00,0.00,0.04,0.03,0.02,-0.00,0.00,-0.00,10.00
64705.00,-3.48,-0.45,0.49,0.00,0.01,-0.01,1.50,3.30,-0.20,0.04,0.03,0.02,0.00,0.00,-0.00,17.00
64722.00,-3.48,-0.45,0.49,0.00,0.01,-0.01,0.00,0.00,0.00,0.04,0.03,0.02,0.00,-0.00,-0.00,10.00
64732.00,-3.48,-0.45,0.49,0.00,0.01,-0.01,0.00,0.00,0.00,0.04,0.03,0.02,0.00,-0.00,0.00,10.00
64742.00,-3.48,-0.45,0.49,0.00,0.01,-0.01,0.00,0.00,0.00,0.04,0.03,0.02,0.00,-0.00,0.00,10.00
64752.00,-3.48,-0.45,0.49,0.00,0.01,-0.01,0.00,0.00,0.00,0.04,0.03,0.02,0.00,-0.00,-0.00,10.00
64766.00,-3.48,-0.44,0.49,-0.01,0.02,-0.01,-0.50,1.00,-0.07,0.04,0.03,0.02,0.00,0.00,-0.00,17.00
64783.00,-3.48,-0.44,0.49,-0.01,0.02,-0.01,0.00,0.00,0.00,0.04,0.03,0.02,0.00,0.00,-0.00,10.00
64793.00,-3.48,-0.44,0.49,-0.01,0.02,-0.01,0.00,0.00,0.00,0.04,0.03,0.02,0.00,0.00,-0.00,10.00
64803.00,-3.48,-0.44,0.50,0.01,0.00,-0.01,1.70,-2.10,0.10,0.04,0.03,0.02,-0.00,-0.00,0.00,18.00
64821.00,-3.48,-0.44,0.50,0.01,0.00,-0.01,0.00,0.00,0.00,0.04,0.03,0.02,-0.00,-0.00,-0.00,10.00
64831.00,-3.48,-0.44,0.50,0.01,0.00,-0.01,0.00,0.00,0.00,0.04,0.03,0.02,0.00,-0.00,0.00,10.00
64841.00,-3.48,-0.44,0.50,0.01,0.00,-0.01,0.00,0.00,0.00,0.04,0.03,0.02,0.00,-0.00,0.00,10.00
64851.00,-3.50,-0.43,0.51,-0.04,-0.01,-0.02,-4.50,-1.10,-0.80,0.04,0.03,0.02,-0.00,-0.00,-0.00,19.00
64870.00,-3.50,-0.43,0.51,-0.04,-0.01,-0.02,0.00,0.00,0.00,0.04,0.03,0.02,0.00,0.00,-0.00,10.00
64880.00,-3.50,-0.43,0.51,-0.04,-0.01,-0.02,0.00,0.00,0.00,0.04,0.03,0.02,0.00,-0.00,0.00,10.00
64895.00,-3.50,-0.43,0.51,-0.04,-0.01,-0.02,0.00,0.00,0.00,0.04,0.03,0.02,-0.00,0.00,-0.00,10.00
64905.00,-3.50,-0.43,0.51,-0.04,-0.01,-0.02,0.00,0.00,0.00,0.04,0.03,0.02,-0.00,0.00,-0.01,10.00
64915.00,-3.50,-0.42,0.51,-0.01,0.02,-0.01,2.90,3.00,0.40,0.04,0.03,0.02,-0.00,-0.00,-0.00,17.00
64932.00,-3.50,-0.42,0.51,-0.01,0.02,-0.01,0.00,0.00,0.00,0.04,0.03,0.02,0.00,0.00,0.00,10.00
64942.00,-3.50,-0.42,0.51,-0.01,0.02,-0.01,0.00,0.00,0.00,0.04,0.03,0.02,0.01,0.00,0.00,10.00
64952.00,-3.50,-0.41,0.52,0.01,0.02,-0.01,1.20,-0.70,-0.30,0.04,0.03,0.02,0.01,0.00,0.00,18.00
64970.00,-3.50,-0.41,0.52,0.01,0.02,-0.01,0.00,0.00,0.00,0.04,0.03,0.02,0.00,-0.00,-0.01,10.00
64980.00,-3.50,-0.41,0.52,0.01,0.02,-0.01,0.00,0.00,0.00,0.04,0.03,0.02,-0.00,0.00,-0.00,10.00
64990.00,-3.50,-0.41,0.52,0.01,0.02,-0.01,0.00,0.00,0.00,0.04,0.03,0.02,-0.00,0.00,0.01,10.00
65000.00,-3.50,-0.41,0.52,0.01,0.02,-0.01,0.00,0.00,0.00,0.04,0.03,0.02,0.00,0.00,0.01,10.00
65014.00,-3.50,-0.41,0.52,0.01,-0.01,-0.01,0.00,-1.86,0.64,0.04,0.03,0.02,0.00,-0.00,-0.00,18.00
65032.00,-3.50,-0.41,0.52,0.01,-0.01,-0.01,0.00,0.00,0.00,0.04,0.03,0.02,-0.00,0.00,-0.01,10.00
65042.00,-3.50,-0.41,0.52,0.01,-0.01,-0.01,0.00,0.00,0.00,0.04,0.03,0.02,-0.00,0.00,-0.01,10.00
65052.00,-3.51,-0.41,0.52,-0.02,-0.01,-0.00,-2.40,0.60,0.30,0.04,0.03,0.02,-0.00,0.00,-0.00,18.00
65070.00,-3.51,-0.41,0.52,-0.02,-0.01,-0.00,0.00,0.00,0.00,0.04,0.03,0.02,-0.01,0.00,0.01,10.00
65080.00,-3.51,-0.41,0.52,-0.02,-0.01,-0.00,0.00,0.00,0.00,0.04,0.03,0.02,-0.02,0.00,0.00,10.00
65090.00,-3.51,-0.41,0.52,-0.02,-0.01,-0.00,0.00,0.00,0.00,0.04,0.03,0.02,-0.00,-0.01,-0.00,10.00
65100.00,-3.51,-0.41,0.52,-0.02,-0.01,-0.00,0.00,0.00,0.00,0.04,0.03,0.02,0.02,-0.00,-0.00,10.00
65110.00,-3.51,-0.41,0.54,-0.01,-0.02,-0.01,1.10,-1.20,-0.70,0.04,0.03,0.02,0.02,-0.00,-0.01,17.00
65127.00,-3.51,-0.41,0.54,-0.01,-0.02,-0.01,0.00,0.00,0.00,0.04,0.03,0.02,-0.03,0.01,-0.00,10.00
65142.00,-3.51,-0.41,0.54,-0.01,-0.02,-0.01,0.00,0.00,0.00,0.04,0.03,0.02,-0.00,-0.00,0.01,10.00
65152.00,-3.51,-0.40,0.54,0.01,0.01,-0.01,2.10,2.70,0.30,0.04,0.03,0.02,0.02,-0.01,0.00,19.00
65171.00,-3.51,-0.40,0.54,0.01,0.01,-0.01,0.00,0.00,0.00,0.04,0.03,0.02,-0.00,0.00,-0.00,10.00
65181.00,-3.51,-0.40,0.54,0.01,0.01,-0.01,0.00,0.00,0.00,0.04,0.03,0.02,-0.01,0.00,-0.00,10.00
65191.00,-3.51,-0.40,0.54,0.01,0.01,-0.01,0.00,0.00,0.00,0.04,0.03,0.02,0.01,0.00,-0.00,10.00
65201.00,-3.51,-0.40,0.54,0.01,0.01,-0.01,0.00,0.00,0.00,0.04,0.03,0.02,0.01,0.00,0.00,10.00
65211.00,-3.51,-0.40,0.54,-0.02,0.03,-0.01,-3.30,1.70,-0.10,0.04,0.03,0.02,-0.00,-0.01,0.01,16.00
65227.00,-3.51,-0.40,0.54,-0.02,0.03,-0.01,0.00,0.00,0.00,0.04,0.03,0.02,0.00,-0.01,-0.01,10.00
65237.00,-3.51,-0.40,0.54,-0.02,0.03,-0.01,0.00,0.00,0.00,0.04,0.03,0.02,0.01,-0.00,-0.01,10.00
65247.00,-3.51,-0.40,0.54,-0.02,0.03,-0.01,0.00,0.00,0.00,0.04,0.03,0.02,0.01,0.00,-0.01,10.00
65262.00,-3.52,-0.39,0.55,-0.02,0.02,-0.01,0.13,-0.60,-0.07,0.04,0.03,0.02,-0.00,0.01,-0.01,20.00
65282.00,-3.52,-0.39,0.55,-0.02,0.02,-0.01,0.00,0.00,0.00,0.04,0.03,0.02,-0.01,-0.00,0.01,10.00
65292.00,-3.52,-0.39,0.55,-0.02,0.02,-0.01,0.00,0.00,0.00,0.04,0.03,0.02,0.00,-0.01,0.00,10.00
65302.00,-3.52,-0.39,0.55,-0.02,0.02,-0.01,0.00,0.00,0.00,0.04,0.03,0.02,-0.00,-0.01,-0.01,10.00
65312.00,-3.52,-0.38,0.56,0.01,-0.01,-0.01,2.40,-2.50,0.20,0.04,0.03,0.02,-0.01,-0.01,-0.01,19.00
65331.00,-3.52,-0.38,0.56,0.01,-0.01,-0.01,0.00,0.00,0.00,0.04,0.03,0.02,-0.00,0.01,-0.00,10.00
65341.00,-3.52,-0.38,0.56,0.01,-0.01,-0.01,0.00,0.00,0.00,0.04,0.03,0.02,0.01,0.01,0.01,10.00
65351.00,-3.52,-0.38,0.56,0.01,-0.01,-0.01,0.00,0.00,0.00,0.04,0.03,0.02,0.01,0.00,0.01,10.00
65361.00,-3.52,-0.37,0.56,0.01,-0.02,-0.00,0.60,-1.00,0.40,0.04,0.03,0.02,0.00,-0.01,0.01,17.00
65378.00,-3.52,-0.37,0.56,0.01,-0.02,-0.00,0.00,0.00,0.00,0.04,0.03,0.02,-0.01,-0.00,-0.01,10.00
65397.00,-3.52,-0.37,0.56,0.01,-0.02,-0.00,0.00,0.00,0.00,0.04,0.03,0.02,0.01,0.00,-0.00,10.00
65407.00,-3.52,-0.37,0.57,-0.00,-0.01,-0.01,-1.70,1.00,-0.30,0.04,0.03,0.02,0.01,0.01,0.00,16.00
65423.00,-3.52,-0.37,0.57,-0.00,-0.01,-0.01,0.00,0.00,0.00,0.04,0.03,0.02,-0.01,0.00,0.00,10.00
65433.00,-3.52,-0.37,0.57,-0.00,-0.01,-0.01,0.00,0.00,0.00,0.04,0.03,0.02,-0.00,-0.01,0.00,10.00
65443.00,-3.52,-0.37,0.57,-0.00,-0.01,-0.01,0.00,0.00,0.00,0.04,0.03,0.02,0.01,-0.01,-0.00,10.00
65453.00,-3.52,-0.37,0.57,-0.00,-0.01,-0.01,0.00,0.00,0.00,0.04,0.03,0.02,0.00,0.00,0.00,10.00
65463.00,-3.52,-0.37,0.57,0.00,0.01,-0.01,0.40,1.90,0.00,0.04,0.03,0.02,-0.00,0.00,-0.00,18.00
65481.00,-3.52,-0.37,0.57,0.00,0.01,-0.01,0.00,0.00,0.00,0.04,0.03,0.02,-0.00,0.00,0.00,10.00
65491.00,-3.52,-0.37,0.57,0.00,0.01,-0.01,0.00,0.00,0.00,0.04,0.03,0.02,0.00,-0.00,0.00,10.00
65501.00,-3.52,-0.37,0.57,0.00,0.01,-0.01,0.00,0.00,0.00,0.04,0.03,0.02,-0.00,-0.01,-0.00,10.00
65515.00,-3.53,-0.36,0.57,-0.01,0.03,-0.00,-1.00,0.93,0.07,0.04,0.03,0.02,-0.01,-0.00,-0.00,18.00
65533.00,-3.53,-0.36,0.57,-0.01,0.03,-0.00,0.00,0.00,0.00,0.04,0.03,0.02,0.01,0.00,0.00,10.00
65543.00,-3.53,-0.36,0.57,-0.01,0.03,-0.00,0.00,0.00,0.00,0.04,0.03,0.02,0.01,0.00,0.00,10.00
65553.00,-3.53,-0.36,0.58,-0.01,0.01,-0.01,0.40,-1.80,-0.30,0.04,0.03,0.02,-0.00,0.00,0.00,19.00
65572.00,-3.53,-0.36,0.58,-0.01,0.01,-0.01,0.00,0.00,0.00,0.04,0.03,0.02,0.00,0.00,-0.00,10.00
65582.00,-3.53,-0.36,0.58,-0.01,0.01,-0.01,0.00,0.00,0.00,0.04,0.03,0.02,0.00,-0.00,-0.00,10.00
65592.00,-3.53,-0.36,0.58,-0.01,0.01,-0.01,0.00,0.00,0.00,0.04,0.03,0.02,0.00,-0.01,0.00,10.00
65602.00,-3.53,-0.36,0.58,-0.01,0.01,-0.01,0.00,0.00,0.00,0.04,0.03,0.02,-0.00,0.00,0.01,10.00
65612.00,-3.53,-0.35,0.59,0.02,0.00,-0.01,2.70,-0.50,0.10,0.04,0.03,0.02,0.00,0.01,0.00,18.00
65630.00,-3.53,-0.35,0.59,0.02,0.00,-0.01,0.00,0.00,0.00,0.04,0.03,0.02,0.00,0.00,-0.01,10.00
65645.00,-3.53,-0.35,0.59,0.02,0.00,-0.01,0.00,0.00,0.00,0.04,0.03,0.02,0.00,-0.00,-0.01,10.00
65655.00,-3.53,-0.35,0.59,0.02,0.00,-0.01,0.00,0.00,0.00,0.04,0.03,0.02,-0.00,-0.00,0.00,10.00
65665.00,-3.53,-0.34,0.59,-0.02,0.01,-0.00,-3.60,1.20,0.20,0.04,0.03,0.02,-0.00,-0.00,0.00,18.00
65683.00,-3.53,-0.34,0.59,-0.02,0.01,-0.00,0.00,0.00,0.00,0.04,0.03,0.02,0.01,0.00,0.00,10.00
65693.00,-3.53,-0.34,0.59,-0.02,0.01,-0.00,0.00,0.00,0.00,0.04,0.03,0.02,0.00,0.00,-0.00,10.00
65703.00,-3.53,-0.34,0.59,-0.02,0.01,-0.00,0.00,0.00,0.00,0.04,0.03,0.02,-0.00,0.01,-0.01,10.00
65713.00,-3.54,-0.34,0.60,-0.02,-0.01,-0.00,0.30,-1.90,0.10,0.04,0.03,0.02,0.00,0.00,-0.01,19.00
65732.00,-3.54,-0.34,0.60,-0.02,-0.01,-0.00,0.00,0.00,0.00,0.04,0.03,0.02,0.01,-0.00,0.00,10.00
65742.00,-3.54,-0.34,0.60,-0.02,-0.01,-0.00,0.00,0.00,0.00,0.04,0.03,0.02,-0.00,0.00,0.01,10.00
65752.00,-3.54,-0.34,0.60,-0.02,-0.01,-0.00,0.00,0.00,0.00,0.04,0.03,0.02,-0.00,0.00,0.00,10.00
65767.00,-3.54,-0.33,0.60,-0.00,-0.00,-0.01,0.80,0.13,-0.40,0.04,0.03,0.02,0.01,-0.00,-0.00,18.00
65785.00,-3.54,-0.33,0.60,-0.00,-0.00,-0.01,0.00,0.00,0.00,0.04,0.03,0.02,-0.00,-0.00,0.00,10.00
65795.00,-3.54,-0.33,0.60,-0.00,-0.00,-0.01,0.00,0.00,0.00,0.04,0.03,0.02,-0.01,0.00,0.00,10.00
65805.00,-3.54,-0.33,0.61,-0.01,0.00,-0.00,-0.10,0.40,0.50,0.04,0.03,0.02,-0.00,0.00,-0.00,18.00
65823.00,-3.54,-0.33,0.61,-0.01,0.00,-0.00,0.00,0.00,0.00,0.04,0.03,0.02,0.00,-0.00,-0.00,10.00
65833.00,-3.54,-0.33,0.61,-0.01,0.00,-0.00,0.00,0.00,0.00,0.04,0.03,0.02,-0.00,0.00,0.00,10.00
65843.00,-3.54,-0.33,0.61,-0.01,0.00,-0.00,0.00,0.00,0.00,0.04,0.03,0.02,-0.01,0.00,0.00,10.00
65853.00,-3.54,-0.32,0.61,0.01,0.04,-0.00,1.80,4.00,0.10,0.04,0.03,0.02,0.00,-0.00,-0.00,19.00
65872.00,-3.54,-0.32,0.61,0.01,0.04,-0.00,0.00,0.00,0.00,0.04,0.03,0.02,-0.00,-0.00,-0.00,10.00
65882.00,-3.54,-0.32,0.61,0.01,0.04,-0.00,0.00,0.00,0.00,0.04,0.03,0.02,-0.00,-0.00,-0.00,10.00
65897.00,-3.54,-0.32,0.61,0.01,0.04,-0.00,0.00,0.00,0.00,0.04,0.03,0.02,0.00,-0.00,0.00,10.00
65907.00,-3.54,-0.32,0.61,0.01,0.04,-0.00,0.00,0.00,0.00,0.04,0.03,0.02,0.00,-0.00,0.00,10.00
65917.00,-3.54,-0.32,0.62,0.01,-0.00,-0.01,-0.60,-4.30,-0.20,0.04,0.03,0.02,-0.00,0.00,-0.00,17.00
65934.00,-3.54,-0.32,0.62,0.01,-0.00,-0.01,0.00,0.00,0.00,0.04,0.03,0.02,0.00,0.00,-0.01,10.00
65944.00,-3.54,-0.32,0.62,0.01,-0.00,-0.01,0.00,0.00,0.00,0.04,0.03,0.02,0.01,-0.00,-0.01,10.00
65954.00,-3.55,-0.32,0.62,-0.02,-0.01,-0.01,-3.10,-1.10,-0.30,0.04,0.03,0.02,0.01,-0.00,0.00,18.00
65972.00,-3.55,-0.32,0.62,-0.02,-0.01,-0.01,0.00,0.00,0.00,0.04,0.03,0.02,-0.01,0.00,0.00,10.00
65982.00,-3.55,-0.32,0.62,-0.02,-0.01,-0.01,0.00,0.00,0.00,0.04,0.03,0.02,0.00,0.00,-0.00,10.00
65992.00,-3.55,-0.32,0.62,-0.02,-0.01,-0.01,0.00,0.00,0.00,0.04,0.03,0.02,0.01,0.00,-0.01,10.00
66002.00,-3.55,-0.32,0.62,-0.02,-0.01,-0.01,0.00,0.00,0.00,0.04,0.03,0.02,0.00,-0.00,-0.01,10.00
66017.00,-3.55,-0.31,0.63,-0.00,0.00,-0.01,1.53,1.00,-0.13,0.04,0.03,0.02,-0.01,0.00,-0.00,17.00
66034.00,-3.55,-0.31,0.63,-0.00,0.00,-0.01,0.00,0.00,0.00,0.04,0.03,0.02,0.00,0.00,0.00,10.00
66044.00,-3.55,-0.31,0.63,-0.00,0.00,-0.01,0.00,0.00,0.00,0.04,0.03,0.02,0.00,-0.00,-0.00,10.00
66054.00,-3.55,-0.30,0.63,0.01,0.02,-0.01,1.30,1.80,0.10,0.04,0.03,0.02,-0.01,-0.00,-0.00,18.00
66072.00,-3.55,-0.30,0.63,0.01,0.02,-0.01,0.00,0.00,0.00,0.04,0.03,0.02,0.00,-0.00,-0.00,10.00
66082.00,-3.55,-0.30,0.63,0.01,0.02,-0.01,0.00,0.00,0.00,0.04,0.03,0.02,0.01,-0.00,-0.00,10.00
66092.00,-3.55,-0.30,0.63,0.01,0.02,-0.01,0.00,0.00,0.00,0.04,0.03,0.02,0.00,0.00,-0.00,10.00
66102.00,-3.55,-0.30,0.63,0.01,0.02,-0.01,0.00,0.00,0.00,0.04,0.03,0.02,-0.01,0.00,0.00,10.00
66112.00,-3.55,-0.30,0.63,0.01,0.02,-0.01,0.00,0.00,0.00,0.04,0.03,0.02,-0.01,0.00,-0.00,10.00
66122.00,-3.55,-0.30,0.64,0.02,0.01,-0.00,0.60,-0.90,0.60,0.04,0.03,0.02,0.00,0.00,-0.00,16.00
66143.00,-3.55,-0.30,0.64,0.02,0.01,-0.00,0.00,0.00,0.00,0.04,0.03,0.02,-0.00,-0.00,-0.00,10.00
66153.00,-3.55,-0.29,0.65,0.02,-0.02,-0.01,0.20,-2.90,-0.50,0.04,0.03,0.02,-0.00,0.00,-0.00,18.00
66171.00,-3.55,-0.29,0.65,0.02,-0.02,-0.01,0.00,0.00,0.00,0.04,0.03,0.02,-0.00,-0.00,0.00,10.00
66181.00,-3.55,-0.29,0.65,0.02,-0.02,-0.01,0.00,0.00,0.00,0.04,0.03,0.02,-0.00,-0.01,0.00,10.00
66191.00,-3.55,-0.29,0.65,0.02,-0.02,-0.01,0.00,0.00,0.00,0.04,0.03,0.02,0.00,-0.00,0.00,10.00
66201.00,-3.55,-0.29,0.65,0.02,-0.02,-0.01,0.00,0.00,0.00,0.04,0.03,0.02,0.00,0.00,0.00,10.00
66211.00,-3.56,-0.29,0.65,-0.02,-0.02,-0.01,-4.20,-0.50,0.20,0.04,0.03,0.02,0.01,0.00,-0.00,16.00
66227.00,-3.56,-0.29,0.65,-0.02,-0.02,-0.01,0.00,0.00,0.00,0.04,0.03,0.02,0.00,0.01,0.00,10.00
66237.00,-3.56,-0.29,0.65,-0.02,-0.02,-0.01,0.00,0.00,0.00,0.04,0.03,0.02,0.00,0.00,0.01,10.00
66247.00,-3.56,-0.29,0.65,-0.02,-0.02,-0.01,0.00,0.00,0.00,0.04,0.03,0.02,0.01,-0.00,0.01,10.00
66262.00,-3.56,-0.29,0.66,-0.03,-0.00,-0.01,-0.27,1.27,-0.07,0.04,0.03,0.02,0.01,-0.01,0.00,17.00
66279.00,-3.56,-0.29,0.66,-0.03,-0.00,-0.01,0.00,0.00,0.00,0.04,0.03,0.02,0.00,-0.00,-0.00,10.00
66289.00,-3.56,-0.29,0.66,-0.03,-0.00,-0.01,0.00,0.00,0.00,0.04,0.03,0.02,0.00,0.00,-0.00,10.00
66299.00,-3.56,-0.29,0.66,-0.03,-0.00,-0.01,0.00,0.00,0.00,0.04,0.03,0.02,0.01,0.00,0.00,10.00
66309.00,-3.56,-0.28,0.66,-0.01,0.00,-0.01,1.70,0.80,-0.20,0.04,0.03,0.02,0.00,0.00,0.01,16.00
66325.00,-3.56,-0.28,0.66,-0.01,0.00,-0.01,0.00,0.00,0.00,0.04,0.03,0.02,-0.00,0.00,0.01,10.00
66335.00,-3.56,-0.28,0.66,-0.01,0.00,-0.01,0.00,0.00,0.00,0.04,0.03,0.02,-0.01,0.00,0.00,10.00
66345.00,-3.56,-0.28,0.66,-0.01,0.00,-0.01,0.00,0.00,0.00,0.04,0.03,0.02,-0.01,-0.00,-0.01,10.00
66355.00,-3.56,-0.28,0.67,-0.01,0.01,-0.01,-0.30,0.70,-0.40,0.04,0.03,0.02,0.00,0.00,-0.00,19.00
66374.00,-3.56,-0.28,0.67,-0.01,0.01,-0.01,0.00,0.00,0.00,0.04,0.03,0.02,-0.01,0.01,-0.00,10.00
66389.00,-3.56,-0.28,0.67,-0.01,0.01,-0.01,0.00,0.00,0.00,0.04,0.03,0.02,-0.00,-0.00,0.01,10.00
66399.00,-3.56,-0.28,0.67,-0.01,0.01,-0.01,0.00,0.00,0.00,0.04,0.03,0.02,0.00,-0.00,0.01,10.00
66409.00,-3.56,-0.27,0.68,0.02,0.02,-0.02,2.70,1.00,-0.50,0.04,0.03,0.02,0.01,-0.00,0.00,16.00
66425.00,-3.56,-0.27,0.68,0.02,0.02,-0.02,0.00,0.00,0.00,0.04,0.03,0.02,0.01,-0.00,0.00,10.00
66435.00,-3.56,-0.27,0.68,0.02,0.02,-0.02,0.00,0.00,0.00,0.04,0.03,0.02,0.01,0.00,-0.01,10.00
66445.00,-3.56,-0.27,0.68,0.02,0.02,-0.02,0.00,0.00,0.00,0.04,0.03,0.02,-0.01,0.01,-0.00,10.00
66455.00,-3.57,-0.26,0.68,-0.01,-0.00,-0.01,-2.30,-2.40,0.80,0.04,0.03,0.02,0.00,0.00,0.01,18.00
66473.00,-3.57,-0.26,0.68,-0.01,-0.00,-0.01,0.00,0.00,0.00,0.04,0.03,0.02,0.01,-0.01,0.01,10.00
66483.00,-3.57,-0.26,0.68,-0.01,-0.00,-0.01,0.00,0.00,0.00,0.04,0.03,0.02,-0.01,-0.01,-0.00,10.00
66493.00,-3.57,-0.26,0.68,-0.01,-0.00,-0.01,0.00,0.00,0.00,0.04,0.03,0.02,-0.02,0.00,-0.01,10.00
66513.00,-3.57,-0.26,0.69,0.00,-0.00,-0.01,0.55,-0.05,0.00,0.04,0.03,0.02,0.01,0.00,0.00,16.00
66529.00,-3.57,-0.26,0.69,0.00,-0.00,-0.01,0.00,0.00,0.00,0.04,0.03,0.02,-0.01,0.00,0.01,10.00
66539.00,-3.57,-0.26,0.69,0.00,-0.00,-0.01,0.00,0.00,0.00,0.04,0.03,0.02,-0.02,0.00,-0.00,10.00
66549.00,-3.57,-0.26,0.69,0.00,-0.00,-0.01,0.00,0.00,0.00,0.04,0.03,0.02,-0.01,0.00,-0.01,10.00
66559.00,-3.57,-0.26,0.69,0.00,-0.01,-0.02,-0.10,-0.40,-0.60,0.04,0.03,0.02,0.01,-0.00,-0.01,16.00
66575.00,-3.57,-0.26,0.69,0.00,-0.01,-0.02,0.00,0.00,0.00,0.04,0.03,0.02,0.01,0.00,0.00,10.00
66585.00,-3.57,-0.26,0.69,0.00,-0.01,-0.02,0.00,0.00,0.00,0.04,0.03,0.02,-0.01,0.01,0.01,10.00
66595.00,-3.57,-0.26,0.69,0.00,-0.01,-0.02,0.00,0.00,0.00,0.04,0.03,0.02,-0.01,0.00,0.01,10.00
66605.00,-3.57,-0.25,0.70,0.02,0.01,-0.02,1.50,1.30,0.00,0.04,0.03,0.02,0.01,-0.01,-0.00,19.00
66624.00,-3.57,-0.25,0.70,0.02,0.01,-0.02,0.00,0.00,0.00,0.04,0.03,0.02,0.01,-0.01,-0.01,10.00
66639.00,-3.57,-0.25,0.70,0.02,0.01,-0.02,0.00,0.00,0.00,0.04,0.03,0.02,-0.00,0.00,0.00,10.00
66649.00,-3.57,-0.25,0.70,0.02,0.01,-0.02,0.00,0.00,0.00,0.04,0.03,0.02,-0.01,0.01,0.00,10.00
66659.00,-3.57,-0.25,0.70,0.02,0.02,-0.02,0.20,1.50,0.10,0.04,0.03,0.02,-0.00,0.01,-0.00,16.00
66675.00,-3.57,-0.25,0.70,0.02,0.02,-0.02,0.00,0.00,0.00,0.04,0.03,0.02,0.01,0.00,-0.00,10.00
66685.00,-3.57,-0.25,0.70,0.02,0.02,-0.02,0.00,0.00,0.00,0.04,0.03,0.02,-0.00,-0.00,0.00,10.00
66695.00,-3.57,-0.25,0.70,0.02,0.02,-0.02,0.00,0.00,0.00,0.04,0.03,0.02,-0.02,-0.01,0.01,10.00
66705.00,-3.58,-0.24,0.70,-0.02,0.01,-0.01,-3.60,-0.60,0.80,0.04,0.03,0.02,-0.01,0.00,-0.00,19.00
66724.00,-3.58,-0.24,0.70,-0.02,0.01,-0.01,0.00,0.00,0.00,0.04,0.03,0.02,0.01,0.00,-0.00,10.00
66734.00,-3.58,-0.24,0.70,-0.02,0.01,-0.01,0.00,0.00,0.00,0.04,0.03,0.02,0.00,0.01,0.00,10.00
66744.00,-3.58,-0.24,0.70,-0.02,0.01,-0.01,0.00,0.00,0.00,0.04,0.03,0.02,-0.01,0.00,0.01,10.00
66759.00,-3.58,-0.24,0.71,-0.04,-0.01,-0.01,-1.20,-1.53,-0.20,0.04,0.03,0.02,0.01,-0.00,0.00,17.00
66776.00,-3.58,-0.24,0.71,-0.04,-0.01,-0.01,0.00,0.00,0.00,0.04,0.03,0.02,0.01,-0.01,-0.01,10.00
66786.00,-3.58,-0.24,0.71,-0.04,-0.01,-0.01,0.00,0.00,0.00,0.04,0.03,0.02,0.00,0.00,-0.01,10.00
66796.00,-3.58,-0.24,0.71,-0.04,-0.01,-0.01,0.00,0.00,0.00,0.04,0.03,0.02,-0.00,0.00,0.00,10.00
66806.00,-3.58,-0.24,0.71,-0.04,-0.01,-0.01,0.00,0.00,0.00,0.04,0.03,0.02,0.00,0.00,0.01,10.00
66816.00,-3.58,-0.23,0.72,0.00,0.01,-0.01,3.50,2.00,-0.20,0.04,0.03,0.02,0.00,-0.00,0.01,19.00
66835.00,-3.58,-0.23,0.72,0.00,0.01,-0.01,0.00,0.00,0.00,0.04,0.03,0.02,-0.01,-0.01,-0.01,10.00
66845.00,-3.58,-0.23,0.72,0.00,0.01,-0.01,0.00,0.00,0.00,0.04,0.03,0.02,-0.00,0.00,-0.01,10.00
66855.00,-3.58,-0.23,0.72,0.00,0.01,-0.01,0.00,0.00,0.00,0.04,0.03,0.02,0.00,0.00,-0.00,10.00
66865.00,-3.58,-0.22,0.73,0.01,0.01,-0.01,0.90,0.00,-0.10,0.04,0.03,0.02,0.00,0.01,0.01,19.00
66889.00,-3.58,-0.22,0.73,0.01,0.01,-0.01,0.00,0.00,0.00,0.04,0.03,0.02,-0.00,0.00,-0.00,10.00
66899.00,-3.58,-0.22,0.73,0.01,0.01,-0.01,0.00,0.00,0.00,0.04,0.03,0.02,0.00,-0.00,-0.00,10.00
66909.00,-3.58,-0.22,0.73,0.03,0.01,-0.01,2.30,-0.30,0.60,0.04,0.03,0.02,0.01,-0.01,-0.00,16.00
66925.00,-3.58,-0.22,0.73,0.03,0.01,-0.01,0.00,0.00,0.00,0.04,0.03,0.02,0.01,-0.00,0.00,10.00
66935.00,-3.58,-0.22,0.73,0.03,0.01,-0.01,0.00,0.00,0.00,0.04,0.03,0.02,-0.00,0.01,0.01,10.00
66945.00,-3.58,-0.22,0.73,0.03,0.01,-0.01,0.00,0.00,0.00,0.04,0.03,0.02,0.00,0.00,0.00,10.00
66955.00,-3.58,-0.22,0.73,-0.01,-0.01,-0.00,-3.80,-1.80,0.30,0.04,0.03,0.02,0.01,-0.00,0.00,18.00
66973.00,-3.58,-0.22,0.73,-0.01,-0.01,-0.00,0.00,0.00,0.00,0.04,0.03,0.02,-0.00,-0.00,0.00,10.00
66983.00,-3.58,-0.22,0.73,-0.01,-0.01,-0.00,0.00,0.00,0.00,0.04,0.03,0.02,-0.01,-0.00,-0.00,10.00
66993.00,-3.58,-0.22,0.73,-0.01,-0.01,-0.00,0.00,0.00,0.00,0.04,0.03,0.02,-0.01,0.00,-0.01,10.00
67008.00,-3.60,-0.21,0.74,-0.03,-0.01,-0.01,-1.47,0.00,-0.33,0.04,0.03,0.02,0.00,0.00,-0.01,18.00
67026.00,-3.60,-0.21,0.74,-0.03,-0.01,-0.01,0.00,0.00,0.00,0.04,0.03,0.02,0.00,0.00,-0.00,10.00
67036.00,-3.60,-0.21,0.74,-0.03,-0.01,-0.01,0.00,0.00,0.00,0.04,0.03,0.02,-0.02,-0.00,0.00,10.00
67046.00,-3.60,-0.21,0.74,-0.03,-0.01,-0.01,0.00,0.00,0.00,0.04,0.03,0.02,-0.01,-0.00,0.00,10.00
67056.00,-3.60,-0.21,0.74,0.00,0.01,-0.01,3.10,2.30,0.00,0.04,0.03,0.02,0.00,-0.00,0.00,18.00
67074.00,-3.60,-0.21,0.74,0.00,0.01,-0.01,0.00,0.00,0.00,0.04,0.03,0.02,0.00,0.00,0.00,10.00
67084.00,-3.60,-0.21,0.74,0.00,0.01,-0.01,0.00,0.00,0.00,0.04,0.03,0.02,-0.00,-0.00,-0.00,10.00
67094.00,-3.60,-0.21,0.74,0.00,0.01,-0.01,0.00,0.00,0.00,0.04,0.03,0.02,0.00,0.00,-0.01,10.00
67104.00,-3.60,-0.20,0.74,-0.01,-0.01,-0.00,-1.30,-2.20,0.50,0.04,0.03,0.02,0.00,0.00,-0.00,16.00
67120.00,-3.60,-0.20,0.74,-0.01,-0.01,-0.00,0.00,0.00,0.00,0.04,0.03,0.02,0.01,-0.00,0.01,10.00
67135.00,-3.60,-0.20,0.74,-0.01,-0.01,-0.00,0.00,0.00,0.00,0.04,0.03,0.02,0.00,-0.00,0.01,10.00
67145.00,-3.60,-0.20,0.74,-0.01,-0.01,-0.00,0.00,0.00,0.00,0.04,0.03,0.02,-0.01,-0.00,-0.00,10.00
67155.00,-3.60,-0.19,0.75,-0.00,-0.01,-0.01,0.90,0.10,-0.20,0.04,0.03,0.02,-0.01,0.00,-0.01,19.00
67174.00,-3.60,-0.19,0.75,-0.00,-0.01,-0.01,0.00,0.00,0.00,0.04,0.03,0.02,0.01,0.00,0.00,10.00
67184.00,-3.60,-0.19,0.75,-0.00,-0.01,-0.01,0.00,0.00,0.00,0.04,0.03,0.02,-0.00,0.00,0.02,10.00
67194.00,-3.60,-0.19,0.75,-0.00,-0.01,-0.01,0.00,0.00,0.00,0.04,0.03,0.02,-0.01,0.00,0.01,10.00
67204.00,-3.61,-0.18,0.76,0.01,0.02,-0.01,0.80,2.50,-0.30,0.04,0.03,0.02,-0.00,-0.00,0.00,18.00
67222.00,-3.61,-0.18,0.76,0.01,0.02,-0.01,0.00,0.00,0.00,0.04,0.03,0.02,0.00,0.01,-0.01,10.00
67232.00,-3.61,-0.18,0.76,0.01,0.02,-0.01,0.00,0.00,0.00,0.04,0.03,0.02,-0.01,0.01,-0.01,10.00
67242.00,-3.61,-0.18,0.76,0.01,0.02,-0.01,0.00,0.00,0.00,0.04,0.03,0.02,-0.00,0.00,0.00,10.00
67257.00,-3.61,-0.18,0.76,0.01,0.00,-0.00,-0.13,-1.00,0.40,0.04,0.03,0.02,0.01,0.00,0.01,19.00
67276.00,-3.61,-0.18,0.76,0.01,0.00,-0.00,0.00,0.00,0.00,0.04,0.03,0.02,-0.00,-0.00,-0.00,10.00
67286.00,-3.61,-0.18,0.76,0.01,0.00,-0.00,0.00,0.00,0.00,0.04,0.03,0.02,-0.01,-0.00,-0.01,10.00
67296.00,-3.61,-0.18,0.76,0.01,0.00,-0.00,0.00,0.00,0.00,0.04,0.03,0.02,-0.01,0.01,-0.01,10.00
67306.00,-3.61,-0.18,0.76,0.01,0.00,-0.00,0.00,0.00,0.00,0.04,0.03,0.02,0.01,0.00,-0.00,10.00
67316.00,-3.61,-0.18,0.77,-0.02,-0.01,-0.01,-2.30,-1.60,-0.80,0.04,0.03,0.02,0.02,0.00,0.00,19.00
67335.00,-3.61,-0.18,0.77,-0.02,-0.01,-0.01,0.00,0.00,0.00,0.04,0.03,0.02,-0.01,0.00,0.00,10.00
67345.00,-3.61,-0.18,0.77,-0.02,-0.01,-0.01,0.00,0.00,0.00,0.04,0.03,0.02,-0.01,-0.01,-0.00,10.00
67355.00,-3.61,-0.18,0.77,-0.02,0.01,-0.01,0.30,2.60,0.50,0.04,0.03,0.02,0.00,-0.00,-0.01,18.00
67373.00,-3.61,-0.18,0.77,-0.02,0.01,-0.01,0.00,0.00,0.00,0.04,0.03,0.02,0.01,0.00,-0.00,10.00
67388.00,-3.61,-0.18,0.77,-0.02,0.01,-0.01,0.00,0.00,0.00,0.04,0.03,0.02,0.00,0.00,0.00,10.00
67398.00,-3.61,-0.18,0.77,-0.02,0.01,-0.01,0.00,0.00,0.00,0.04,0.03,0.02,0.00,0.00,0.00,10.00
67408.00,-3.61,-0.17,0.77,-0.01,0.05,-0.00,0.10,3.70,0.20,0.04,0.03,0.02,0.00,-0.00,0.00,18.00
67426.00,-3.61,-0.17,0.77,-0.01,0.05,-0.00,0.00,0.00,0.00,0.04,0.03,0.02,-0.00,-0.00,-0.00,10.00
67436.00,-3.61,-0.17,0.77,-0.01,0.05,-0.00,0.00,0.00,0.00,0.04,0.03,0.02,-0.00,0.00,-0.00,10.00
67446.00,-3.61,-0.17,0.77,-0.01,0.05,-0.00,0.00,0.00,0.00,0.04,0.03,0.02,0.00,-0.00,0.00,10.00
67456.00,-3.62,-0.16,0.78,0.01,0.05,-0.00,2.10,-0.10,0.00,0.04,0.03,0.02,0.01,0.00,0.00,19.00
67475.00,-3.62,-0.16,0.78,0.01,0.05,-0.00,0.00,0.00,0.00,0.04,0.03,0.02,-0.01,0.00,0.00,10.00
67485.00,-3.62,-0.16,0.78,0.01,0.05,-0.00,0.00,0.00,0.00,0.04,0.03,0.02,0.00,0.00,-0.00,10.00
67495.00,-3.62,-0.16,0.78,0.01,0.05,-0.00,0.00,0.00,0.00,0.04,0.03,0.02,0.00,-0.00,-0.00,10.00
67515.00,-3.62,-0.15,0.79,0.01,0.01,-0.01,0.35,-2.05,-0.40,0.04,0.03,0.02,0.00,-0.00,-0.00,17.00
67532.00,-3.62,-0.15,0.79,0.01,0.01,-0.01,0.00,0.00,0.00,0.04,0.03,0.02,-0.00,0.00,-0.00,10.00
67542.00,-3.62,-0.15,0.79,0.01,0.01,-0.01,0.00,0.00,0.00,0.04,0.03,0.02,0.00,0.00,0.00,10.00
67552.00,-3.62,-0.15,0.79,0.01,0.01,-0.01,0.00,0.00,0.00,0.04,0.03,0.02,0.01,-0.00,0.00,10.00
67562.00,-3.62,-0.15,0.79,0.01,0.01,-0.01,0.00,0.00,0.00,0.04,0.03,0.02,0.00,-0.01,-0.00,10.00
67572.00,-3.62,-0.14,0.80,-0.03,-0.02,-0.01,-4.80,-2.60,0.00,0.04,0.03,0.02,0.00,-0.00,-0.00,16.00
67588.00,-3.62,-0.14,0.80,-0.03,-0.02,-0.01,0.00,0.00,0.00,0.04,0.03,0.02,0.00,0.00,-0.00,10.00
67598.00,-3.62,-0.14,0.80,-0.03,-0.02,-0.01,0.00,0.00,0.00,0.04,0.03,0.02,0.00,0.00,-0.00,10.00
67608.00,-3.62,-0.14,0.80,-0.02,-0.01,-0.01,1.80,1.10,0.20,0.04,0.03,0.02,0.00,0.01,0.00,18.00
67626.00,-3.62,-0.14,0.80,-0.02,-0.01,-0.01,0.00,0.00,0.00,0.04,0.03,0.02,0.00,-0.00,0.00,10.00
67641.00,-3.62,-0.14,0.80,-0.02,-0.01,-0.01,0.00,0.00,0.00,0.04,0.03,0.02,-0.00,-0.00,-0.00,10.00
67651.00,-3.62,-0.14,0.80,-0.02,-0.01,-0.01,0.00,0.00,0.00,0.04,0.03,0.02,-0.00,0.00,-0.01,10.00
67661.00,-3.62,-0.14,0.80,-0.02,-0.01,-0.01,0.00,0.00,0.00,0.04,0.03,0.02,0.00,0.00,0.00,10.00
67671.00,-3.62,-0.14,0.80,-0.00,0.03,-0.01,1.50,3.30,0.20,0.04,0.03,0.02,0.00,0.00,0.00,16.00
67687.00,-3.62,-0.14,0.80,-0.00,0.03,-0.01,0.00,0.00,0.00,0.04,0.03,0.02,-0.00,-0.00,0.00,10.00
67697.00,-3.62,-0.14,0.80,-0.00,0.03,-0.01,0.00,0.00,0.00,0.04,0.03,0.02,-0.00,-0.00,0.00,10.00
67707.00,-3.63,-0.13,0.81,0.01,0.02,-0.01,0.80,-0.30,-0.50,0.04,0.03,0.02,0.00,-0.00,-0.00,19.00
67726.00,-3.63,-0.13,0.81,0.01,0.02,-0.01,0.00,0.00,0.00,0.04,0.03,0.02,0.00,0.00,0.00,10.00
67736.00,-3.63,-0.13,0.81,0.01,0.02,-0.01,0.00,0.00,0.00,0.04,0.03,0.02,-0.00,0.00,0.00,10.00
67746.00,-3.63,-0.13,0.81,0.01,0.02,-0.01,0.00,0.00,0.00,0.04,0.03,0.02,0.01,0.00,0.00,10.00
67761.00,-3.63,-0.13,0.81,-0.00,0.02,-0.01,-0.67,-0.47,0.07,0.04,0.03,0.02,0.00,-0.00,-0.00,17.00
67778.00,-3.63,-0.13,0.81,-0.00,0.02,-0.01,0.00,0.00,0.00,0.04,0.03,0.02,-0.00,-0.00,-0.00,10.00
67788.00,-3.63,-0.13,0.81,-0.00,0.02,-0.01,0.00,0.00,0.00,0.04,0.03,0.02,-0.00,0.00,0.00,10.00
67798.00,-3.63,-0.13,0.81,-0.00,0.02,-0.01,0.00,0.00,0.00,0.04,0.03,0.02,0.01,-0.00,0.00,10.00
67808.00,-3.63,-0.12,0.82,-0.00,0.00,-0.01,0.20,-1.30,-0.20,0.04,0.03,0.02,0.01,-0.00,0.00,18.00
67826.00,-3.63,-0.12,0.82,-0.00,0.00,-0.01,0.00,0.00,0.00,0.04,0.03,0.02,-0.00,-0.00,0.00,10.00
67836.00,-3.63,-0.12,0.82,-0.00,0.00,-0.01,0.00,0.00,0.00,0.04,0.03,0.02,-0.00,0.00,-0.00,10.00
67846.00,-3.63,-0.12,0.82,-0.00,0.00,-0.01,0.00,0.00,0.00,0.04,0.03,0.02,-0.00,-0.00,0.00,10.00
67856.00,-3.63,-0.12,0.82,-0.01,-0.01,-0.01,-1.00,-1.50,0.50,0.04,0.03,0.02,0.00,-0.00,0.00,17.00
67873.00,-3.63,-0.12,0.82,-0.01,-0.01,-0.01,0.00,0.00,0.00,0.04,0.03,0.02,-0.00,0.00,0.00,10.00
67888.00,-3.63,-0.12,0.82,-0.01,-0.01,-0.01,0.00,0.00,0.00,0.04,0.03,0.02,0.00,-0.00,0.00,10.00
67898.00,-3.63,-0.12,0.82,-0.01,-0.01,-0.01,0.00,0.00,0.00,0.04,0.03,0.02,0.00,-0.00,-0.00,10.00
67908.00,-3.63,-0.11,0.82,-0.01,-0.00,-0.01,0.30,1.20,0.40,0.04,0.03,0.02,0.00,-0.00,-0.00,18.00
67926.00,-3.63,-0.11,0.82,-0.01,-0.00,-0.01,0.00,0.00,0.00,0.04,0.03,0.02,0.00,0.00,0.00,10.00
67936.00,-3.63,-0.11,0.82,-0.01,-0.00,-0.01,0.00,0.00,0.00,0.04,0.03,0.02,0.00,0.00,0.00,10.00
67946.00,-3.63,-0.11,0.82,-0.01,-0.00,-0.01,0.00,0.00,0.00,0.04,0.03,0.02,-0.00,-0.00,0.01,10.00
67956.00,-3.64,-0.10,0.83,-0.02,0.01,-0.00,-0.90,1.50,0.10,0.04,0.03,0.02,0.00,0.00,0.00,16.00
67972.00,-3.64,-0.10,0.83,-0.02,0.01,-0.00,0.00,0.00,0.00,0.04,0.03,0.02,0.01,0.00,-0.01,10.00
67982.00,-3.64,-0.10,0.83,-0.02,0.01,-0.00,0.00,0.00,0.00,0.04,0.03,0.02,0.00,0.00,-0.01,10.00
67992.00,-3.64,-0.10,0.83,-0.02,0.01,-0.00,0.00,0.00,0.00,0.04,0.03,0.02,0.00,0.00,-0.00,10.00
68007.00,-3.64,-0.10,0.84,0.01,0.02,-0.01,1.47,0.27,-0.07,0.05,0.03,0.02,0.01,0.00,0.01,18.00
68025.00,-3.64,-0.10,0.84,0.01,0.02,-0.01,0.00,0.00,0.00,0.04,0.03,0.02,-0.01,0.00,0.00,10.00
68035.00,-3.64,-0.10,0.84,0.01,0.02,-0.01,0.00,0.00,0.00,0.04,0.03,0.02,-0.01,-0.00,-0.00,10.00
68045.00,-3.64,-0.10,0.84,0.01,0.02,-0.01,0.00,0.00,0.00,0.04,0.03,0.02,0.00,-0.00,-0.01,10.00
68055.00,-3.64,-0.10,0.84,0.00,0.01,-0.01,-0.30,-0.90,-0.20,0.04,0.03,0.02,0.01,0.00,-0.01,18.00
68073.00,-3.64,-0.10,0.84,0.00,0.01,-0.01,0.00,0.00,0.00,0.04,0.03,0.02,-0.00,0.00,0.01,10.00
68083.00,-3.64,-0.10,0.84,0.00,0.01,-0.01,0.00,0.00,0.00,0.04,0.03,0.02,-0.01,0.00,0.01,10.00
68093.00,-3.64,-0.10,0.84,0.00,0.01,-0.01,0.00,0.00,0.00,0.04,0.03,0.02,0.00,0.00,0.00,10.00
68103.00,-3.64,-0.10,0.84,0.00,0.01,-0.01,0.00,0.00,0.00,0.04,0.03,0.02,0.01,-0.00,-0.00,10.00
68113.00,-3.64,-0.09,0.85,0.01,-0.00,-0.01,0.40,-1.30,-0.10,0.05,0.03,0.02,0.01,-0.00,-0.00,15.00
68133.00,-3.64,-0.09,0.85,0.01,-0.00,-0.01,0.00,0.00,0.00,0.04,0.03,0.02,-0.00,0.01,0.00,10.00
68143.00,-3.64,-0.09,0.85,0.01,-0.00,-0.01,0.00,0.00,0.00,0.05,0.03,0.02,0.00,0.00,0.00,10.00
68153.00,-3.64,-0.09,0.85,0.01,-0.00,-0.01,0.00,0.00,0.00,0.05,0.03,0.02,0.00,0.00,0.00,10.00
68163.00,-3.65,-0.08,0.85,-0.01,-0.02,-0.01,-1.20,-1.30,0.10,0.04,0.03,0.02,-0.00,-0.01,0.00,16.00
68179.00,-3.65,-0.08,0.85,-0.01,-0.02,-0.01,0.00,0.00,0.00,0.04,0.03,0.02,-0.00,-0.01,-0.00,10.00
68189.00,-3.65,-0.08,0.85,-0.01,-0.02,-0.01,0.00,0.00,0.00,0.04,0.03,0.02,0.01,-0.00,-0.00,10.00
68199.00,-3.65,-0.08,0.85,-0.01,-0.02,-0.01,0.00,0.00,0.00,0.05,0.03,0.02,0.00,0.00,-0.00,10.00
68209.00,-3.65,-0.08,0.85,-0.02,-0.02,0.00,-1.30,0.10,0.70,0.04,0.03,0.02,-0.01,0.01,0.00,18.00
68227.00,-3.65,-0.08,0.85,-0.02,-0.02,0.00,0.00,0.00,0.00,0.04,0.03,0.02,0.00,0.00,0.01,10.00
68237.00,-3.65,-0.08,0.85,-0.02,-0.02,0.00,0.00,0.00,0.00,0.05,0.03,0.02,0.01,-0.01,0.01,10.00
68252.00,-3.65,-0.08,0.85,-0.02,-0.02,0.00,0.00,0.00,0.00,0.04,0.03,0.02,-0.01,-0.00,-0.01,10.00
68262.00,-3.65,-0.08,0.85,-0.02,-0.02,0.00,0.00,0.00,0.00,0.04,0.03,0.02,-0.00,0.00,-0.01,10.00
68272.00,-3.65,-0.07,0.86,0.01,-0.01,-0.00,3.00,1.00,-0.20,0.04,0.03,0.02,0.01,0.00,-0.00,16.00
68288.00,-3.65,-0.07,0.86,0.01,-0.01,-0.00,0.00,0.00,0.00,0.05,0.03,0.02,0.00,0.01,0.00,10.00
68298.00,-3.65,-0.07,0.86,0.01,-0.01,-0.00,0.00,0.00,0.00,0.04,0.03,0.02,-0.01,-0.00,0.01,10.00
68308.00,-3.65,-0.07,0.86,0.03,-0.01,0.00,2.10,-0.70,0.50,0.04,0.03,0.02,-0.00,-0.01,0.00,19.00
68327.00,-3.65,-0.07,0.86,0.03,-0.01,0.00,0.00,0.00,0.00,0.04,0.03,0.02,0.00,-0.01,-0.00,10.00
68337.00,-3.65,-0.07,0.86,0.03,-0.01,0.00,0.00,0.00,0.00,0.04,0.03,0.02,-0.00,0.00,0.00,10.00
68347.00,-3.65,-0.07,0.86,0.03,-0.01,0.00,0.00,0.00,0.00,0.04,0.03,0.02,-0.00,0.00,0.00,10.00
68357.00,-3.65,-0.06,0.87,-0.02,0.02,-0.01,-4.90,3.20,-0.90,0.04,0.03,0.02,0.00,0.00,0.00,18.00
68380.00,-3.65,-0.06,0.87,-0.02,0.02,-0.01,0.00,0.00,0.00,0.04,0.03,0.02,-0.00,-0.00,-0.00,10.00
68390.00,-3.65,-0.06,0.87,-0.02,0.02,-0.01,0.00,0.00,0.00,0.04,0.03,0.02,0.00,-0.01,-0.00,10.00
68400.00,-3.65,-0.06,0.87,-0.02,0.02,-0.01,0.00,0.00,0.00,0.04,0.03,0.02,-0.00,-0.00,0.00,10.00
68410.00,-3.66,-0.06,0.88,-0.02,0.01,-0.01,0.20,-1.00,-0.80,0.04,0.03,0.02,-0.01,0.00,0.00,18.00
68428.00,-3.66,-0.06,0.88,-0.02,0.01,-0.01,0.00,0.00,0.00,0.04,0.03,0.02,0.00,0.01,-0.00,10.00
68438.00,-3.66,-0.06,0.88,-0.02,0.01,-0.01,0.00,0.00,0.00,0.04,0.03,0.02,0.01,-0.00,-0.00,10.00
68448.00,-3.66,-0.06,0.88,-0.02,0.01,-0.01,0.00,0.00,0.00,0.05,0.03,0.02,0.01,-0.00,-0.00,10.00
68458.00,-3.66,-0.05,0.88,-0.02,-0.00,-0.01,-0.70,-1.00,0.30,0.04,0.03,0.02,-0.01,-0.01,-0.00,19.00
68477.00,-3.66,-0.05,0.88,-0.02,-0.00,-0.01,0.00,0.00,0.00,0.05,0.03,0.02,0.00,-0.00,0.01,10.00
68487.00,-3.66,-0.05,0.88,-0.02,-0.00,-0.01,0.00,0.00,0.00,0.05,0.03,0.02,0.01,-0.00,0.00,10.00
68502.00,-3.66,-0.05,0.88,-0.02,-0.00,-0.01,0.00,0.00,0.00,0.05,0.03,0.02,-0.00,0.00,-0.00,10.00
68512.00,-3.66,-0.05,0.88,-0.02,-0.00,-0.01,0.00,0.00,0.00,0.04,0.03,0.02,-0.00,-0.00,-0.00,10.00
68522.00,-3.66,-0.05,0.88,-0.01,-0.02,-0.00,1.00,-2.10,0.90,0.05,0.03,0.02,0.01,-0.00,-0.00,17.00
68539.00,-3.66,-0.05,0.88,-0.01,-0.02,-0.00,0.00,0.00,0.00,0.05,0.03,0.02,0.00,-0.00,0.00,10.00
68549.00,-3.66,-0.05,0.88,-0.01,-0.02,-0.00,0.00,0.00,0.00,0.04,0.03,0.02,-0.01,-0.00,0.01,10.00
68559.00,-3.66,-0.05,0.88,0.01,-0.00,0.01,2.40,2.00,0.70,0.04,0.03,0.02,-0.00,-0.00,0.01,18.00
68577.00,-3.66,-0.05,0.88,0.01,-0.00,0.01,0.00,0.00,0.00,0.04,0.03,0.02,0.00,-0.00,-0.00,10.00
68587.00,-3.66,-0.05,0.88,0.01,-0.00,0.01,0.00,0.00,0.00,0.04,0.03,0.02,-0.01,-0.00,-0.01,10.00
68597.00,-3.66,-0.05,0.88,0.01,-0.00,0.01,0.00,0.00,0.00,0.04,0.03,0.02,0.00,0.00,-0.01,10.00
68607.00,-3.66,-0.04,0.89,-0.01,0.02,-0.00,-2.30,2.30,-0.80,0.05,0.03,0.02,0.01,-0.01,0.00,17.00
68634.00,-3.66,-0.04,0.89,-0.01,0.02,-0.00,0.00,0.00,0.00,0.04,0.03,0.02,-0.01,0.00,-0.00,10.00
68644.00,-3.66,-0.04,0.89,-0.01,0.02,-0.00,0.00,0.00,0.00,0.04,0.03,0.02,-0.00,-0.00,-0.00,10.00
68654.00,-3.67,-0.03,0.90,-0.01,0.02,-0.01,0.60,-0.30,-0.70,0.04,0.03,0.02,0.01,-0.00,-0.01,16.00
68670.00,-3.67,-0.03,0.90,-0.01,0.02,-0.01,0.00,0.00,0.00,0.04,0.03,0.02,-0.00,0.00,-0.00,10.00
68680.00,-3.67,-0.03,0.90,-0.01,0.02,-0.01,0.00,0.00,0.00,0.04,0.03,0.02,-0.01,0.00,0.00,10.00
68690.00,-3.67,-0.03,0.90,-0.01,0.02,-0.01,0.00,0.00,0.00,0.04,0.03,0.02,-0.00,-0.00,0.01,10.00
68700.00,-3.67,-0.03,0.90,-0.01,0.02,-0.01,0.00,0.00,0.00,0.04,0.03,0.02,-0.00,0.00,0.00,10.00
68710.00,-3.67,-0.03,0.90,-0.00,0.00,-0.00,0.40,-1.60,0.70,0.04,0.03,0.02,-0.01,0.00,-0.00,18.00
68728.00,-3.67,-0.03,0.90,-0.00,0.00,-0.00,0.00,0.00,0.00,0.04,0.03,0.02,0.01,-0.00,-0.00,10.00
68738.00,-3.67,-0.03,0.90,-0.00,0.00,-0.00,0.00,0.00,0.00,0.04,0.03,0.02,0.01,-0.00,0.00,10.00
68753.00,-3.67,-0.02,0.91,0.02,-0.02,-0.01,1.13,-1.60,-0.40,0.04,0.03,0.02,-0.00,0.00,0.00,17.00
68770.00,-3.67,-0.02,0.91,0.02,-0.02,-0.01,0.00,0.00,0.00,0.04,0.03,0.02,0.01,-0.00,0.00,10.00
68780.00,-3.67,-0.02,0.91,0.02,-0.02,-0.01,0.00,0.00,0.00,0.04,0.03,0.02,0.01,-0.00,-0.00,10.00
68790.00,-3.67,-0.02,0.91,0.02,-0.02,-0.01,0.00,0.00,0.00,0.04,0.03,0.02,-0.00,-0.00,0.00,10.00
68800.00,-3.67,-0.02,0.91,0.02,-0.02,-0.01,0.20,0.40,0.20,0.04,0.03,0.02,-0.00,-0.00,0.00,18.00
68818.00,-3.67,-0.02,0.91,0.02,-0.02,-0.01,0.00,0.00,0.00,0.04,0.03,0.02,0.01,-0.00,0.00,10.00
68828.00,-3.67,-0.02,0.91,0.02,-0.02,-0.01,0.00,0.00,0.00,0.04,0.03,0.02,-0.00,0.00,0.00,10.00
68838.00,-3.67,-0.02,0.91,0.02,-0.02,-0.01,0.00,0.00,0.00,0.04,0.03,0.02,-0.01,0.00,-0.00,10.00
68848.00,-3.67,-0.02,0.91,0.02,-0.02,-0.01,0.00,0.00,0.00,0.04,0.03,0.02,0.00,-0.00,-0.00,10.00
68858.00,-3.68,-0.02,0.92,-0.01,0.01,-0.01,-3.10,2.30,0.10,0.04,0.03,0.02,0.01,-0.00,0.00,18.00
68880.00,-3.68,-0.02,0.92,-0.01,0.01,-0.01,0.00,0.00,0.00,0.04,0.03,0.02,-0.00,-0.00,0.00,10.00
68890.00,-3.68,-0.02,0.92,-0.01,0.01,-0.01,0.00,0.00,0.00,0.04,0.03,0.02,0.00,-0.00,0.00,10.00
68900.00,-3.68,-0.01,0.92,-0.00,0.01,0.00,1.00,0.10,0.60,0.04,0.03,0.02,0.00,0.00,0.00,19.00
68919.00,-3.68,-0.01,0.92,-0.00,0.01,0.00,0.00,0.00,0.00,0.04,0.03,0.02,0.00,-0.00,-0.00,10.00
68929.00,-3.68,-0.01,0.92,-0.00,0.01,0.00,0.00,0.00,0.00,0.04,0.03,0.02,-0.00,-0.00,-0.00,10.00
68939.00,-3.68,-0.01,0.92,-0.00,0.01,0.00,0.00,0.00,0.00,0.04,0.03,0.02,0.00,-0.00,0.00,10.00
68949.00,-3.68,-0.01,0.92,-0.00,0.01,0.00,0.00,0.00,0.00,0.04,0.03,0.02,0.00,0.00,0.00,10.00
68959.00,-3.68,-0.01,0.92,-0.03,0.00,0.01,-2.50,-0.40,0.50,0.04,0.03,0.02,0.00,-0.00,0.00,19.00
68978.00,-3.68,-0.01,0.92,-0.03,0.00,0.01,0.00,0.00,0.00,0.04,0.03,0.02,0.00,-0.01,-0.00,10.00
68988.00,-3.68,-0.01,0.92,-0.03,0.00,0.01,0.00,0.00,0.00,0.04,0.03,0.02,0.00,-0.00,-0.00,10.00
69003.00,-3.68,-0.01,0.92,-0.03,0.00,0.01,0.00,0.00,0.00,0.04,0.03,0.02,-0.00,-0.00,0.00,10.00
69013.00,-3.68,-0.01,0.92,-0.03,0.00,0.01,0.00,0.00,0.00,0.04,0.03,0.02,0.00,-0.00,0.00,10.00
69023.00,-3.68,-0.01,0.92,0.01,-0.00,-0.00,3.30,-0.40,-0.70,0.04,0.03,0.02,0.00,0.00,0.00,17.00
69040.00,-3.68,-0.01,0.92,0.01,-0.00,-0.00,0.00,0.00,0.00,0.04,0.03,0.02,0.00,0.00,-0.00,10.00
69050.00,-3.68,-0.01,0.92,0.01,-0.00,-0.00,0.00,0.00,0.00,0.04,0.03,0.02,0.00,-0.00,0.00,10.00
69060.00,-3.68,-0.01,0.92,0.01,-0.00,-0.00,0.00,0.00,0.00,0.04,0.03,0.02,-0.00,-0.00,-0.00,10.00
69070.00,-3.68,-0.00,0.93,0.02,0.02,-0.01,1.80,1.90,-0.30,0.04,0.03,0.02,0.00,-0.00,0.00,19.00
69089.00,-3.68,-0.00,0.93,0.02,0.02,-0.01,0.00,0.00,0.00,0.04,0.03,0.02,-0.00,0.00,0.00,10.00
69099.00,-3.68,-0.00,0.93,0.02,0.02,-0.01,0.00,0.00,0.00,0.04,0.03,0.02,0.00,0.00,0.00,10.00
69109.00,-3.68,-0.00,0.93,0.02,0.02,-0.01,0.00,0.00,0.00,0.04,0.03,0.02,0.00,-0.00,0.00,10.00
69124.00,-3.68,0.01,0.93,0.01,0.01,-0.00,-1.20,-0.60,0.13,0.04,0.03,0.02,0.00,-0.01,0.00,16.00
69140.00,-3.68,0.01,0.93,0.01,0.01,-0.00,0.00,0.00,0.00,0.04,0.03,0.02,-0.00,-0.00,0.00,10.00
69150.00,-3.68,0.01,0.93,0.01,0.01,-0.00,0.00,0.00,0.00,0.04,0.03,0.02,-0.00,-0.00,-0.00,10.00
69160.00,-3.68,0.01,0.93,0.01,0.01,-0.00,0.00,0.00,0.00,0.04,0.03,0.02,0.00,-0.00,0.00,10.00
69170.00,-3.68,0.01,0.93,0.01,0.01,-0.00,0.00,0.00,0.00,0.04,0.03,0.02,0.00,-0.00,0.00,10.00
69180.00,-3.70,0.02,0.94,-0.01,0.00,-0.00,-1.40,-0.50,-0.10,0.04,0.03,0.02,-0.01,-0.01,0.00,16.00
69196.00,-3.70,0.02,0.94,-0.01,0.00,-0.00,0.00,0.00,0.00,0.04,0.03,0.02,0.00,-0.00,0.00,10.00
69206.00,-3.70,0.02,0.94,0.02,-0.01,0.00,3.10,-1.20,0.60,0.04,0.03,0.02,0.00,-0.00,-0.00,16.00
69222.00,-3.70,0.02,0.94,0.02,-0.01,0.00,0.00,0.00,0.00,0.04,0.03,0.02,-0.00,-0.00,-0.00,10.00
69232.00,-3.70,0.02,0.94,0.02,-0.01,0.00,0.00,0.00,0.00,0.04,0.03,0.02,-0.01,0.00,0.00,10.00
69247.00,-3.70,0.02,0.94,0.02,-0.01,0.00,0.00,0.00,0.00,0.04,0.03,0.02,0.00,-0.00,0.01,10.00
69257.00,-3.70,0.02,0.94,-0.00,-0.03,0.00,-2.30,-2.50,0.10,0.04,0.03,0.02,0.01,-0.00,0.00,15.00
69272.00,-3.70,0.02,0.94,-0.00,-0.03,0.00,0.00,0.00,0.00,0.04,0.03,0.02,-0.00,0.00,0.00,10.00
69282.00,-3.70,0.02,0.94,-0.00,-0.03,0.00,0.00,0.00,0.00,0.04,0.03,0.02,-0.01,0.00,-0.00,10.00
69292.00,-3.70,0.02,0.94,-0.00,-0.03,0.00,0.00,0.00,0.00,0.04,0.03,0.02,-0.00,0.00,-0.00,10.00
69302.00,-3.70,0.02,0.94,-0.00,-0.03,0.00,0.00,0.00,0.00,0.04,0.03,0.02,0.00,-0.00,0.00,10.00
69312.00,-3.70,0.02,0.95,-0.00,-0.00,0.00,-0.30,3.10,-0.30,0.04,0.03,0.02,0.00,-0.00,0.00,18.00
69330.00,-3.70,0.02,0.95,-0.00,-0.00,0.00,0.00,0.00,0.00,0.04,0.03,0.02,-0.00,-0.01,0.00,10.00
69340.00,-3.70,0.02,0.95,-0.00,-0.00,0.00,0.00,0.00,0.00,0.04,0.03,0.02,0.00,-0.00,-0.00,10.00
69350.00,-3.70,0.02,0.95,-0.00,-0.00,0.00,0.00,0.00,0.00,0.04,0.03,0.02,0.00,-0.00,-0.00,10.00
69364.00,-3.71,0.03,0.95,-0.02,0.01,0.00,-1.29,0.93,0.00,0.04,0.03,0.02,0.00,0.00,-0.00,17.00
69381.00,-3.71,0.03,0.95,-0.02,0.01,0.00,0.00,0.00,0.00,0.04,0.03,0.02,-0.00,0.00,0.00,10.00
69391.00,-3.71,0.03,0.95,-0.02,0.01,0.00,0.00,0.00,0.00,0.04,0.03,0.02,-0.00,-0.00,0.00,10.00
69401.00,-3.71,0.03,0.95,-0.02,0.01,0.00,0.00,0.00,0.00,0.04,0.03,0.02,0.00,-0.00,0.00,10.00
69411.00,-3.71,0.04,0.96,0.00,0.02,-0.00,2.40,0.90,-0.30,0.04,0.03,0.02,0.01,-0.01,-0.00,19.00
69430.00,-3.71,0.04,0.96,0.00,0.02,-0.00,0.00,0.00,0.00,0.04,0.03,0.02,-0.01,0.00,0.00,10.00
69440.00,-3.71,0.04,0.96,0.00,0.02,-0.00,0.00,0.00,0.00,0.04,0.03,0.02,-0.01,0.01,0.00,10.00
69450.00,-3.71,0.04,0.96,0.00,0.02,-0.00,0.00,0.00,0.00,0.04,0.03,0.02,0.00,-0.00,0.00,10.00
69460.00,-3.71,0.04,0.96,0.00,0.03,0.00,0.00,0.70,0.70,0.04,0.03,0.02,0.01,-0.00,0.00,19.00
69479.00,-3.71,0.04,0.96,0.00,0.03,0.00,0.00,0.00,0.00,0.04,0.03,0.02,-0.00,0.00,0.00,10.00
69494.00,-3.71,0.04,0.96,0.00,0.03,0.00,0.00,0.00,0.00,0.04,0.03,0.02,0.00,0.00,-0.00,10.00
69504.00,-3.71,0.04,0.96,0.00,0.03,0.00,0.00,0.00,0.00,0.04,0.03,0.02,0.00,-0.00,0.00,10.00
69514.00,-3.71,0.04,0.96,-0.00,0.00,-0.00,-0.40,-2.60,-0.60,0.04,0.03,0.02,0.00,-0.00,0.00,17.00
69531.00,-3.71,0.04,0.96,-0.00,0.00,-0.00,0.00,0.00,0.00,0.05,0.03,0.02,0.00,-0.01,0.00,10.00
69541.00,-3.71,0.04,0.96,-0.00,0.00,-0.00,0.00,0.00,0.00,0.05,0.03,0.02,0.00,-0.00,0.00,10.00
69551.00,-3.71,0.04,0.96,-0.00,0.00,-0.00,0.00,0.00,0.00,0.05,0.03,0.02,-0.00,-0.00,-0.01,10.00
69561.00,-3.71,0.05,0.97,-0.03,-0.02,-0.01,-2.70,-1.50,-0.40,0.04,0.03,0.02,-0.01,-0.00,-0.01,19.00
69580.00,-3.71,0.05,0.97,-0.03,-0.02,-0.01,0.00,0.00,0.00,0.05,0.03,0.02,0.00,-0.00,0.01,10.00
69590.00,-3.71,0.05,0.97,-0.03,-0.02,-0.01,0.00,0.00,0.00,0.05,0.03,0.02,0.00,0.00,0.00,10.00
69600.00,-3.71,0.05,0.97,-0.03,-0.02,-0.01,0.00,0.00,0.00,0.04,0.03,0.02,-0.01,-0.00,-0.00,10.00
69620.00,-3.72,0.06,0.98,0.01,0.02,-0.01,1.90,1.60,-0.20,0.05,0.03,0.02,0.00,-0.00,-0.01,20.00
69640.00,-3.72,0.06,0.98,0.01,0.02,-0.01,0.00,0.00,0.00,0.04,0.03,0.02,-0.01,0.00,0.01,10.00
69650.00,-3.72,0.06,0.98,0.01,0.02,-0.01,0.00,0.00,0.00,0.04,0.03,0.02,-0.01,0.00,0.00,10.00
69660.00,-3.71,0.06,0.98,0.04,-0.02,0.00,3.10,-3.50,1.30,0.04,0.03,0.02,0.00,-0.00,-0.00,19.00
69679.00,-3.71,0.06,0.98,0.04,-0.02,0.00,0.00,0.00,0.00,0.04,0.03,0.02,-0.00,0.00,0.00,10.00
69689.00,-3.71,0.06,0.98,0.04,-0.02,0.00,0.00,0.00,0.00,0.04,0.03,0.02,-0.01,-0.00,0.00,10.00
69699.00,-3.71,0.06,0.98,0.04,-0.02,0.00,0.00,0.00,0.00,0.04,0.03,0.02,0.00,0.00,0.01,10.00
69709.00,-3.71,0.06,0.98,0.01,-0.02,0.01,-3.40,-0.60,0.20,0.04,0.03,0.02,0.01,0.00,0.00,18.00
69727.00,-3.71,0.06,0.98,0.01,-0.02,0.01,0.00,0.00,0.00,0.04,0.03,0.02,-0.01,-0.00,-0.00,10.00
69737.00,-3.71,0.06,0.98,0.01,-0.02,0.01,0.00,0.00,0.00,0.04,0.03,0.02,-0.00,0.00,0.00,10.00
69752.00,-3.72,0.06,0.99,-0.01,-0.02,-0.00,-1.00,0.33,-0.53,0.04,0.03,0.02,0.01,-0.00,0.01,18.00
69770.00,-3.72,0.06,0.99,-0.01,-0.02,-0.00,0.00,0.00,0.00,0.04,0.03,0.02,-0.00,0.00,-0.00,10.00
69780.00,-3.72,0.06,0.99,-0.01,-0.02,-0.00,0.00,0.00,0.00,0.04,0.03,0.02,-0.01,0.00,-0.00,10.00
69790.00,-3.72,0.06,0.99,-0.01,-0.02,-0.00,0.00,0.00,0.00,0.04,0.03,0.02,0.00,-0.00,0.00,10.00
69800.00,-3.72,0.06,0.99,-0.01,-0.02,-0.00,0.00,0.00,0.00,0.04,0.03,0.02,0.01,-0.00,0.00,10.00
69810.00,-3.72,0.07,1.00,-0.01,-0.02,-0.01,-0.10,0.30,-0.70,0.04,0.03,0.02,0.00,0.00,0.00,17.00
69827.00,-3.72,0.07,1.00,-0.01,-0.02,-0.01,0.00,0.00,0.00,0.04,0.03,0.02,-0.00,-0.00,-0.01,10.00
69837.00,-3.72,0.07,1.00,-0.01,-0.02,-0.01,0.00,0.00,0.00,0.04,0.03,0.02,0.00,0.00,-0.01,10.00
69847.00,-3.72,0.07,1.00,-0.01,-0.02,-0.01,0.00,0.00,0.00,0.04,0.03,0.02,0.00,0.00,0.00,10.00
69857.00,-3.72,0.07,1.00,-0.01,-0.02,-0.01,0.00,0.00,0.00,0.04,0.03,0.02,0.00,-0.00,0.00,10.00
69872.00,-3.73,0.08,1.00,0.01,0.02,-0.01,1.07,2.20,0.20,0.04,0.03,0.02,-0.00,0.00,0.00,20.00
69892.00,-3.73,0.08,1.00,0.01,0.02,-0.01,0.00,0.00,0.00,0.04,0.03,0.02,-0.00,0.00,-0.00,10.00
69902.00,-3.73,0.09,1.00,0.01,0.02,0.00,0.60,0.30,0.80,0.04,0.03,0.02,-0.00,0.00,0.00,18.00
69920.00,-3.73,0.09,1.00,0.01,0.02,0.00,0.00,0.00,0.00,0.04,0.03,0.02,0.00,0.00,0.00,10.00
69930.00,-3.73,0.09,1.00,0.01,0.02,0.00,0.00,0.00,0.00,0.04,0.03,0.02,-0.00,0.00,0.00,10.00
69940.00,-3.73,0.09,1.00,0.01,0.02,0.00,0.00,0.00,0.00,0.04,0.03,0.02,-0.00,0.00,-0.00,10.00
69950.00,-3.73,0.09,1.00,0.01,0.02,0.00,0.00,0.00,0.00,0.04,0.03,0.02,0.00,0.00,-0.00,10.00
69960.00,-3.73,0.09,1.01,0.02,0.01,-0.00,0.70,-1.30,-0.40,0.04,0.03,0.02,0.00,0.00,-0.00,16.00
69976.00,-3.73,0.09,1.01,0.02,0.01,-0.00,0.00,0.00,0.00,0.04,0.03,0.02,-0.00,0.00,0.00,10.00
69986.00,-3.73,0.09,1.01,0.02,0.01,-0.00,0.00,0.00,0.00,0.04,0.03,0.02,-0.00,0.00,0.00,10.00
70001.00,-3.73,0.09,1.01,0.02,0.01,-0.00,0.00,0.00,0.00,0.04,0.03,0.02,-0.00,0.00,-0.00,10.00
70011.00,-3.73,0.09,1.01,-0.01,-0.04,0.00,-2.60,-4.40,0.30,0.04,0.03,0.02,-0.00,0.00,-0.00,18.00
70029.00,-3.73,0.09,1.01,-0.01,-0.04,0.00,0.00,0.00,0.00,0.04,0.03,0.02,-0.00,-0.00,0.01,10.00
70039.00,-3.73,0.09,1.01,-0.01,-0.04,0.00,0.00,0.00,0.00,0.04,0.03,0.02,-0.00,0.00,0.00,10.00
70049.00,-3.73,0.09,1.01,-0.01,-0.04,0.00,0.00,0.00,0.00,0.04,0.03,0.02,-0.00,-0.00,-0.00,10.00
70059.00,-3.73,0.09,1.01,-0.01,-0.04,0.00,0.00,0.00,0.00,0.04,0.03,0.02,0.00,0.00,-0.00,10.00
70069.00,-3.73,0.10,1.01,-0.02,-0.01,0.00,-1.00,3.20,0.40,0.04,0.03,0.02,0.00,0.00,0.00,16.00
70085.00,-3.73,0.10,1.01,-0.02,-0.01,0.00,0.00,0.00,0.00,0.04,0.03,0.02,0.00,-0.00,0.00,10.00
70095.00,-3.73,0.10,1.01,-0.02,-0.01,0.00,0.00,0.00,0.00,0.04,0.03,0.02,0.00,0.00,0.00,10.00
70105.00,-3.73,0.10,1.01,-0.02,-0.01,0.00,0.00,0.00,0.00,0.04,0.03,0.02,-0.00,0.00,-0.00,17.00
70127.00,-3.73,0.10,1.01,-0.00,0.00,-0.00,0.59,0.41,-0.27,0.04,0.03,0.02,0.00,0.00,0.00,10.00
70137.00,-3.73,0.10,1.01,-0.00,0.00,-0.00,0.00,0.00,0.00,0.04,0.03,0.02,0.00,0.00,0.00,10.00
70147.00,-3.73,0.10,1.01,-0.00,0.00,-0.00,0.00,0.00,0.00,0.04,0.03,0.02,-0.00,0.00,0.00,10.00
70157.00,-3.73,0.10,1.01,-0.00,0.00,-0.00,0.00,0.00,0.00,0.04,0.03,0.02,0.00,-0.00,-0.00,10.00
70167.00,-3.73,0.10,1.01,-0.00,0.00,-0.00,0.00,0.00,0.00,0.04,0.03,0.02,0.00,-0.00,-0.00,10.00
70177.00,-3.74,0.11,1.03,0.01,0.02,-0.01,1.40,1.70,-0.80,0.04,0.03,0.02,0.00,-0.00,-0.00,15.00
70192.00,-3.74,0.11,1.03,0.01,0.02,-0.01,0.00,0.00,0.00,0.04,0.03,0.02,-0.01,-0.00,-0.00,10.00
70202.00,-3.74,0.11,1.03,0.01,0.02,-0.01,0.00,0.00,0.00,0.04,0.03,0.02,-0.00,0.00,0.00,10.00
70212.00,-3.74,0.11,1.03,-0.00,0.01,-0.00,-1.10,-1.60,0.70,0.04,0.03,0.02,0.00,0.00,0.00,19.00
70231.00,-3.74,0.11,1.03,-0.00,0.01,-0.00,0.00,0.00,0.00,0.04,0.03,0.02,-0.00,0.00,-0.00,10.00
70246.00,-3.74,0.11,1.03,-0.00,0.01,-0.00,0.00,0.00,0.00,0.04,0.03,0.02,0.00,0.00,0.00,10.00
70256.00,-3.74,0.11,1.03,-0.00,0.01,-0.00,0.00,0.00,0.00,0.04,0.03,0.02,0.00,0.00,0.00,10.00
70266.00,-3.74,0.11,1.03,0.00,-0.00,0.00,0.10,-0.60,0.30,0.04,0.03,0.02,-0.00,-0.00,-0.00,17.00
70283.00,-3.74,0.11,1.03,0.00,-0.00,0.00,0.00,0.00,0.00,0.04,0.03,0.02,0.00,0.00,-0.00,10.00
70293.00,-3.74,0.11,1.03,0.00,-0.00,0.00,0.00,0.00,0.00,0.04,0.03,0.02,-0.00,0.00,0.00,10.00
70303.00,-3.74,0.12,1.03,-0.03,0.01,-0.00,-2.90,1.00,-0.30,0.04,0.03,0.02,-0.00,-0.00,-0.00,18.00
70321.00,-3.74,0.12,1.03,-0.03,0.01,-0.00,0.00,0.00,0.00,0.04,0.03,0.02,-0.00,0.00,-0.00,10.00
70331.00,-3.74,0.12,1.03,-0.03,0.01,-0.00,0.00,0.00,0.00,0.04,0.03,0.02,0.00,0.00,0.00,10.00
70341.00,-3.74,0.12,1.03,-0.03,0.01,-0.00,0.00,0.00,0.00,0.04,0.03,0.02,0.00,0.00,0.00,10.00
70351.00,-3.74,0.12,1.03,-0.03,0.01,-0.00,0.00,0.00,0.00,0.04,0.03,0.02,0.00,-0.00,0.00,10.00
70366.00,-3.75,0.13,1.04,-0.00,0.03,-0.00,1.73,1.27,0.00,0.04,0.03,0.02,-0.00,0.00,0.00,17.00
70383.00,-3.75,0.13,1.04,-0.00,0.03,-0.00,0.00,0.00,0.00,0.04,0.03,0.02,-0.00,0.00,-0.00,10.00
70393.00,-3.75,0.13,1.04,-0.00,0.03,-0.00,0.00,0.00,0.00,0.04,0.03,0.02,0.00,0.00,-0.00,10.00
70403.00,-3.75,0.13,1.04,-0.00,0.03,-0.00,0.00,0.00,0.00,0.04,0.03,0.02,0.00,0.00,0.00,10.00
70413.00,-3.75,0.13,1.04,0.02,-0.01,-0.00,2.40,-3.70,0.10,0.04,0.03,0.02,-0.00,0.00,0.00,18.00
70431.00,-3.75,0.13,1.04,0.02,-0.01,-0.00,0.00,0.00,0.00,0.04,0.03,0.02,-0.00,-0.00,0.00,10.00
70441.00,-3.75,0.13,1.04,0.02,-0.01,-0.00,0.00,0.00,0.00,0.04,0.03,0.02,0.00,0.00,0.00,10.00
70451.00,-3.75,0.13,1.04,0.02,-0.01,-0.00,0.00,0.00,0.00,0.04,0.03,0.02,0.00,0.00,-0.00,10.00
70461.00,-3.75,0.13,1.04,0.02,-0.01,-0.00,0.00,0.00,0.00,0.04,0.03,0.02,0.00,-0.00,-0.00,10.00
70471.00,-3.75,0.14,1.05,0.00,-0.04,-0.01,-1.90,-2.60,-0.60,0.04,0.03,0.02,0.00,0.00,0.00,17.00
70493.00,-3.75,0.14,1.05,0.00,-0.04,-0.01,0.00,0.00,0.00,0.04,0.03,0.02,-0.00,-0.01,0.00,10.00
70503.00,-3.75,0.14,1.05,0.00,-0.04,-0.01,0.00,0.00,0.00,0.04,0.03,0.02,0.00,-0.00,0.00,10.00
70513.00,-3.75,0.14,1.05,0.00,-0.04,-0.01,0.00,0.00,0.00,0.04,0.03,0.02,0.00,0.00,-0.00,10.00
70523.00,-3.75,0.14,1.05,0.03,-0.01,0.00,2.40,3.00,0.80,0.04,0.03,0.02,0.00,0.00,-0.00,19.00
70542.00,-3.75,0.14,1.05,0.03,-0.01,0.00,0.00,0.00,0.00,0.04,0.03,0.02,0.00,0.00,0.00,10.00
70552.00,-3.75,0.14,1.05,0.03,-0.01,0.00,0.00,0.00,0.00,0.04,0.03,0.02,0.00,0.00,0.00,10.00
70562.00,-3.76,0.14,1.06,-0.02,0.01,-0.00,-4.60,1.10,-0.30,0.04,0.03,0.02,0.00,-0.00,0.01,19.00
70581.00,-3.76,0.14,1.06,-0.02,0.01,-0.00,0.00,0.00,0.00,0.04,0.03,0.02,0.00,0.00,0.00,10.00
70591.00,-3.76,0.14,1.06,-0.02,0.01,-0.00,0.00,0.00,0.00,0.04,0.03,0.02,0.00,-0.00,0.00,10.00
70601.00,-3.76,0.14,1.06,-0.02,0.01,-0.00,0.00,0.00,0.00,0.04,0.03,0.02,0.00,0.00,0.00,10.00
70616.00,-3.76,0.15,1.06,-0.03,0.01,-0.01,-0.67,0.40,-0.27,0.04,0.03,0.02,0.00,-0.00,0.00,17.00
70633.00,-3.76,0.15,1.06,-0.03,0.01,-0.01,0.00,0.00,0.00,0.04,0.03,0.02,-0.00,-0.00,0.01,10.00
70643.00,-3.76,0.15,1.06,-0.03,0.01,-0.01,0.00,0.00,0.00,0.04,0.03,0.02,0.00,-0.00,0.01,10.00
70653.00,-3.76,0.15,1.06,-0.03,0.01,-0.01,0.00,0.00,0.00,0.04,0.03,0.02,0.00,-0.00,0.00,10.00
70663.00,-3.76,0.15,1.06,0.01,0.03,-0.01,4.40,1.80,0.10,0.04,0.03,0.02,0.00,0.00,0.00,19.00
70682.00,-3.76,0.15,1.06,0.01,0.03,-0.01,0.00,0.00,0.00,0.04,0.03,0.02,0.00,0.00,0.00,10.00
70692.00,-3.76,0.15,1.06,0.01,0.03,-0.01,0.00,0.00,0.00,0.04,0.03,0.02,0.00,0.00,0.01,10.00
70702.00,-3.76,0.16,1.06,0.01,-0.02,-0.00,-0.90,-5.10,0.30,0.04,0.03,0.02,0.00,-0.00,0.00,19.00
70721.00,-3.76,0.16,1.06,0.01,-0.02,-0.00,0.00,0.00,0.00,0.04,0.03,0.02,0.00,-0.00,-0.00,10.00
70731.00,-3.76,0.16,1.06,0.01,-0.02,-0.00,0.00,0.00,0.00,0.04,0.03,0.02,0.00,0.00,-0.00,10.00
70751.00,-3.76,0.16,1.06,0.01,-0.02,-0.00,0.00,0.00,0.00,0.04,0.03,0.02,0.00,0.00,0.01,10.00
70761.00,-3.76,0.16,1.07,0.00,-0.02,-0.00,-0.30,0.30,0.10,0.04,0.03,0.02,0.00,0.00,0.00,17.00
70778.00,-3.76,0.16,1.07,0.00,-0.02,-0.00,0.00,0.00,0.00,0.04,0.03,0.02,0.00,-0.00,0.01,10.00
70788.00,-3.76,0.16,1.07,0.00,-0.02,-0.00,0.00,0.00,0.00,0.04,0.03,0.02,-0.01,-0.01,0.01,10.00
70798.00,-3.76,0.16,1.07,0.00,-0.02,-0.00,0.00,0.00,0.00,0.04,0.03,0.02,-0.01,-0.00,0.01,10.00
70808.00,-3.77,0.17,1.08,-0.01,-0.00,-0.01,-1.20,1.50,-0.80,0.04,0.03,0.02,0.00,-0.00,0.00,16.00
70824.00,-3.77,0.17,1.08,-0.01,-0.00,-0.01,0.00,0.00,0.00,0.04,0.03,0.02,0.01,-0.00,-0.01,10.00
70834.00,-3.77,0.17,1.08,-0.01,-0.00,-0.01,0.00,0.00,0.00,0.04,0.03,0.02,0.01,0.00,-0.01,10.00
70844.00,-3.77,0.17,1.08,-0.01,-0.00,-0.01,0.00,0.00,0.00,0.04,0.03,0.02,0.01,0.01,-0.01,10.00
70854.00,-3.76,0.17,1.09,0.03,0.00,-0.01,4.30,0.70,-0.30,0.04,0.03,0.02,0.00,0.00,0.00,18.00
70877.00,-3.76,0.17,1.09,0.03,0.00,-0.01,0.00,0.00,0.00,0.04,0.03,0.02,-0.01,-0.00,0.00,10.00
70887.00,-3.76,0.17,1.09,0.03,0.00,-0.01,0.00,0.00,0.00,0.04,0.03,0.02,-0.01,-0.00,0.00,10.00
70897.00,-3.76,0.17,1.09,0.03,0.00,-0.01,0.00,0.00,0.00,0.04,0.03,0.02,-0.01,0.00,-0.00,10.00
70907.00,-3.76,0.17,1.09,0.03,0.00,-0.01,0.00,0.00,0.00,0.04,0.03,0.02,-0.00,0.00,-0.01,10.00
70917.00,-3.77,0.18,1.09,0.01,0.01,-0.01,-2.40,0.40,0.00,0.04,0.03,0.02,0.00,0.01,-0.01,16.00
70933.00,-3.77,0.18,1.09,0.01,0.01,-0.01,0.00,0.00,0.00,0.04,0.03,0.02,0.01,0.00,-0.00,10.00
70943.00,-3.77,0.18,1.09,0.01,0.01,-0.01,0.00,0.00,0.00,0.04,0.03,0.02,-0.01,-0.00,0.00,10.00
70953.00,-3.77,0.18,1.10,-0.01,0.01,-0.02,-1.70,-0.30,-0.40,0.04,0.03,0.02,-0.02,-0.01,0.00,19.00
70972.00,-3.77,0.18,1.10,-0.01,0.01,-0.02,0.00,0.00,0.00,0.04,0.03,0.02,0.01,-0.00,0.00,10.00
70982.00,-3.77,0.18,1.10,-0.01,0.01,-0.02,0.00,0.00,0.00,0.04,0.03,0.02,-0.00,0.01,0.00,10.00
70997.00,-3.77,0.18,1.10,-0.01,0.01,-0.02,0.00,0.00,0.00,0.04,0.03,0.02,0.01,0.01,0.00,10.00
71007.00,-3.77,0.18,1.10,-0.01,0.01,-0.02,0.00,0.00,0.00,0.04,0.03,0.02,0.01,-0.00,0.00,10.00
71017.00,-3.77,0.18,1.10,0.01,0.01,-0.02,1.40,0.10,0.10,0.04,0.03,0.02,0.00,-0.01,0.00,17.00
71034.00,-3.77,0.18,1.10,0.01,0.01,-0.02,0.00,0.00,0.00,0.04,0.03,0.02,0.00,-0.01,0.00,10.00
71044.00,-3.77,0.18,1.10,0.01,0.01,-0.02,0.00,0.00,0.00,0.04,0.03,0.02,0.01,-0.00,-0.00,10.00
71054.00,-3.77,0.18,1.10,0.01,0.01,-0.02,0.00,0.00,0.00,0.04,0.03,0.02,0.01,0.01,0.00,10.00
71064.00,-3.77,0.19,1.10,0.00,0.00,-0.02,-0.30,-0.20,-0.30,0.04,0.03,0.02,-0.00,0.01,0.00,18.00
71082.00,-3.77,0.19,1.10,0.00,0.00,-0.02,0.00,0.00,0.00,0.04,0.03,0.02,-0.01,0.01,-0.00,10.00
71092.00,-3.77,0.19,1.10,0.00,0.00,-0.02,0.00,0.00,0.00,0.04,0.03,0.02,-0.00,-0.00,0.00,10.00
71102.00,-3.77,0.19,1.10,0.00,0.00,-0.02,0.00,0.00,0.00,0.04,0.03,0.02,-0.00,-0.01,0.00,10.00
71117.00,-3.77,0.19,1.09,-0.01,0.04,-0.01,-0.87,2.13,0.67,0.04,0.03,0.02,-0.01,0.00,-0.00,18.00
71135.00,-3.77,0.19,1.09,-0.01,0.04,-0.01,0.00,0.00,0.00,0.04,0.03,0.02,-0.01,0.01,-0.00,10.00
71145.00,-3.77,0.19,1.09,-0.01,0.04,-0.01,0.00,0.00,0.00,0.04,0.03,0.02,0.00,0.00,-0.00,10.00
71155.00,-3.77,0.19,1.08,0.02,0.07,0.00,3.10,3.20,1.00,0.04,0.03,0.02,-0.00,-0.00,0.00,18.00
71173.00,-3.77,0.19,1.08,0.02,0.07,0.00,0.00,0.00,0.00,0.04,0.03,0.02,0.00,-0.00,0.00,10.00
71183.00,-3.77,0.19,1.08,0.02,0.07,0.00,0.00,0.00,0.00,0.04,0.03,0.02,0.01,-0.00,-0.00,10.00
71193.00,-3.77,0.19,1.08,0.02,0.07,0.00,0.00,0.00,0.00,0.04,0.03,0.02,0.01,-0.00,-0.00,10.00
71203.00,-3.77,0.19,1.08,-0.02,0.02,0.01,-4.20,-4.80,0.40,0.04,0.03,0.02,0.01,0.00,-0.00,19.00
71222.00,-3.77,0.19,1.08,-0.02,0.02,0.01,0.00,0.00,0.00,0.04,0.03,0.02,-0.00,0.01,0.00,10.00
71232.00,-3.77,0.19,1.08,-0.02,0.02,0.01,0.00,0.00,0.00,0.04,0.03,0.02,-0.00,0.01,0.01,10.00
71247.00,-3.77,0.19,1.08,-0.02,0.02,0.01,0.00,0.00,0.00,0.04,0.03,0.02,0.01,-0.01,0.00,10.00
71257.00,-3.77,0.20,1.09,-0.03,-0.00,-0.01,-1.00,-2.40,-1.40,0.04,0.03,0.02,0.01,-0.01,-0.00,17.00
71274.00,-3.77,0.20,1.09,-0.03,-0.00,-0.01,0.00,0.00,0.00,0.04,0.03,0.02,-0.01,0.01,-0.00,10.00
71284.00,-3.77,0.20,1.09,-0.03,-0.00,-0.01,0.00,0.00,0.00,0.04,0.03,0.02,-0.00,0.01,-0.00,10.00
71294.00,-3.77,0.20,1.09,-0.03,-0.00,-0.01,0.00,0.00,0.00,0.04,0.03,0.02,0.01,0.01,0.00,10.00
71304.00,-3.77,0.20,1.09,-0.03,-0.00,-0.01,0.00,0.00,0.00,0.04,0.03,0.02,0.00,0.00,0.01,10.00
71314.00,-3.77,0.19,1.09,-0.02,-0.02,-0.01,1.20,-1.30,0.20,0.04,0.03,0.02,-0.02,-0.00,0.01,19.00
71333.00,-3.77,0.19,1.09,-0.02,-0.02,-0.01,0.00,0.00,0.00,0.04,0.03,0.02,0.00,-0.00,-0.01,10.00
71343.00,-3.77,0.19,1.09,-0.02,-0.02,-0.01,0.00,0.00,0.00,0.04,0.03,0.02,0.01,0.00,-0.01,10.00
71353.00,-3.77,0.20,1.09,0.02,0.02,-0.01,3.40,3.60,-0.70,0.04,0.03,0.02,0.00,0.00,-0.00,19.00
71376.00,-3.77,0.20,1.09,0.02,0.02,-0.01,0.00,0.00,0.00,0.04,0.03,0.02,-0.00,0.01,0.00,10.00
71386.00,-3.77,0.20,1.09,0.02,0.02,-0.01,0.00,0.00,0.00,0.04,0.03,0.02,0.00,0.00,0.01,10.00
71396.00,-3.77,0.20,1.09,0.02,0.02,-0.01,0.00,0.00,0.00,0.04,0.03,0.02,0.00,-0.01,0.00,10.00
71406.00,-3.77,0.20,1.09,0.02,0.02,-0.01,0.00,0.00,0.00,0.04,0.03,0.02,0.00,-0.00,0.00,10.00
71416.00,-3.77,0.21,1.11,0.02,0.05,-0.03,0.80,3.20,-1.60,0.04,0.03,0.02,0.00,-0.00,-0.00,18.00
71434.00,-3.77,0.21,1.11,0.02,0.05,-0.03,0.00,0.00,0.00,0.04,0.03,0.02,0.00,0.01,-0.00,10.00
71444.00,-3.77,0.21,1.11,0.02,0.05,-0.03,0.00,0.00,0.00,0.04,0.03,0.02,-0.00,0.01,0.00,10.00
71454.00,-3.78,0.22,1.13,0.03,0.04,-0.05,0.20,-1.30,-2.30,0.04,0.03,0.02,0.00,0.00,-0.00,19.00
71473.00,-3.78,0.22,1.13,0.03,0.04,-0.05,0.00,0.00,0.00,0.04,0.03,0.02,-0.00,-0.00,0.00,10.00
71483.00,-3.78,0.22,1.13,0.03,0.04,-0.05,0.00,0.00,0.00,0.04,0.03,0.02,-0.01,0.00,0.00,10.00
71498.00,-3.78,0.22,1.13,0.03,0.04,-0.05,0.00,0.00,0.00,0.04,0.03,0.02,0.00,0.01,-0.01,10.00
71508.00,-3.78,0.22,1.13,0.03,0.04,-0.05,0.00,0.00,0.00,0.04,0.03,0.02,0.01,0.00,-0.00,10.00
71518.00,-3.78,0.24,1.15,0.01,0.03,-0.07,-1.60,-1.00,-1.30,0.04,0.03,0.02,-0.00,0.01,0.00,16.00
71534.00,-3.78,0.24,1.15,0.01,0.03,-0.07,0.00,0.00,0.00,0.04,0.03,0.02,-0.01,0.01,0.00,10.00
71544.00,-3.78,0.24,1.15,0.01,0.03,-0.07,0.00,0.00,0.00,0.04,0.03,0.02,-0.00,0.00,-0.00,10.00
71554.00,-3.78,0.23,1.14,0.02,-0.00,-0.04,0.60,-2.90,2.30,0.04,0.03,0.02,0.00,-0.01,-0.00,19.00
71573.00,-3.78,0.23,1.14,0.02,-0.00,-0.04,0.00,0.00,0.00,0.04,0.03,0.02,-0.00,0.00,0.00,10.00
71583.00,-3.78,0.23,1.14,0.02,-0.00,-0.04,0.00,0.00,0.00,0.04,0.03,0.02,-0.00,0.00,0.00,10.00
71593.00,-3.78,0.23,1.14,0.02,-0.00,-0.04,0.00,0.00,0.00,0.04,0.03,0.02,0.00,0.00,0.00,10.00
71603.00,-3.78,0.23,1.14,0.02,-0.00,-0.04,0.00,0.00,0.00,0.04,0.03,0.02,0.01,-0.00,-0.00,10.00
71618.00,-3.77,0.22,1.12,-0.01,-0.00,-0.02,-1.33,-0.13,1.60,0.04,0.03,0.02,-0.00,-0.01,0.00,17.00
71635.00,-3.77,0.22,1.12,-0.01,-0.00,-0.02,0.00,0.00,0.00,0.04,0.03,0.02,-0.00,0.00,0.01,10.00
71645.00,-3.77,0.22,1.12,-0.01,-0.00,-0.02,0.00,0.00,0.00,0.04,0.03,0.02,0.00,0.00,0.01,10.00
71655.00,-3.77,0.22,1.12,-0.01,-0.00,-0.02,0.00,0.00,0.00,0.04,0.03,0.02,0.00,0.01,0.00,10.00
71665.00,-3.78,0.23,1.11,-0.05,0.06,-0.01,-4.70,5.80,0.70,0.04,0.03,0.02,0.00,0.00,0.00,19.00
71684.00,-3.78,0.23,1.11,-0.05,0.06,-0.01,0.00,0.00,0.00,0.04,0.03,0.02,0.00,-0.00,-0.00,10.00
71694.00,-3.78,0.23,1.11,-0.05,0.06,-0.01,0.00,0.00,0.00,0.04,0.03,0.02,0.00,-0.00,0.00,10.00
71704.00,-3.80,0.25,1.13,-0.04,0.13,-0.03,1.10,7.20,-2.20,0.04,0.03,0.02,0.00,0.00,-0.00,19.00
71723.00,-3.80,0.25,1.13,-0.04,0.13,-0.03,0.00,0.00,0.00,0.04,0.03,0.02,-0.01,0.01,-0.00,10.00
71733.00,-3.80,0.25,1.13,-0.04,0.13,-0.03,0.00,0.00,0.00,0.04,0.03,0.02,-0.00,0.01,0.00,13.00
71757.00,-3.81,0.27,1.16,-0.07,0.15,-0.06,-1.12,0.92,-0.87,0.04,0.03,0.02,-0.00,-0.00,-0.00,18.00
71775.00,-3.81,0.27,1.16,-0.07,0.15,-0.06,0.00,0.00,0.00,0.04,0.03,0.02,0.00,0.00,-0.00,10.00
71785.00,-3.81,0.27,1.16,-0.07,0.15,-0.06,0.00,0.00,0.00,0.04,0.03,0.02,0.00,0.00,-0.00,10.00
71795.00,-3.81,0.27,1.16,-0.07,0.15,-0.06,0.00,0.00,0.00,0.04,0.03,0.02,-0.00,0.00,0.01,10.00
71805.00,-3.81,0.27,1.16,-0.07,0.15,-0.06,0.00,0.00,0.00,0.04,0.03,0.02,-0.00,0.01,0.00,10.00
71815.00,-3.82,0.29,1.18,-0.02,0.13,-0.08,4.80,-1.60,-2.00,0.04,0.03,0.02,0.00,0.00,0.00,19.00
71834.00,-3.82,0.29,1.18,-0.02,0.13,-0.08,0.00,0.00,0.00,0.04,0.03,0.02,0.00,-0.01,-0.00,10.00
71844.00,-3.82,0.29,1.18,-0.02,0.13,-0.08,0.00,0.00,0.00,0.04,0.03,0.02,0.01,-0.00,0.00,10.00
71854.00,-3.82,0.29,1.18,-0.02,0.13,-0.08,0.00,0.00,0.00,0.04,0.03,0.02,0.01,0.00,0.00,10.00
71864.00,-3.83,0.29,1.18,-0.11,0.04,-0.07,-9.30,-9.50,0.80,0.04,0.03,0.02,0.01,0.00,0.00,19.00
71889.00,-3.83,0.29,1.18,-0.11,0.04,-0.07,0.00,0.00,0.00,0.04,0.03,0.02,-0.00,0.00,-0.00,10.00
71899.00,-3.83,0.29,1.18,-0.11,0.04,-0.07,0.00,0.00,0.00,0.04,0.03,0.02,-0.00,-0.00,0.00,10.00
71909.00,-3.83,0.29,1.17,-0.14,0.03,-0.04,-2.50,-1.30,2.50,0.04,0.03,0.02,-0.00,-0.00,0.00,17.00
71926.00,-3.83,0.29,1.17,-0.14,0.03,-0.04,0.00,0.00,0.00,0.04,0.03,0.02,-0.00,0.00,-0.00,10.00
71936.00,-3.83,0.29,1.17,-0.14,0.03,-0.04,0.00,0.00,0.00,0.04,0.03,0.02,-0.00,0.00,-0.00,10.00
71946.00,-3.83,0.29,1.17,-0.14,0.03,-0.04,0.00,0.00,0.00,0.04,0.03,0.02,0.00,0.00,-0.00,10.00
71956.00,-3.83,0.29,1.15,-0.06,0.07,-0.02,7.70,4.10,2.00,0.04,0.03,0.02,-0.01,0.00,-0.00,18.00
71974.00,-3.83,0.29,1.15,-0.06,0.07,-0.02,0.00,0.00,0.00,0.04,0.03,0.02,-0.01,0.00,0.00,10.00
71984.00,-3.83,0.29,1.15,-0.06,0.07,-0.02,0.00,0.00,0.00,0.04,0.03,0.02,-0.00,-0.00,0.00,10.00
71994.00,-3.83,0.29,1.15,-0.06,0.07,-0.02,0.00,0.00,0.00,0.04,0.03,0.02,0.00,-0.00,0.00,10.00
72009.00,-3.82,0.29,1.16,0.06,0.04,-0.03,8.13,-1.67,-0.47,0.04,0.03,0.02,0.00,0.00,0.00,17.00
72026.00,-3.82,0.29,1.16,0.06,0.04,-0.03,0.00,0.00,0.00,0.04,0.03,0.02,0.00,0.01,0.00,10.00
72036.00,-3.82,0.29,1.16,0.06,0.04,-0.03,0.00,0.00,0.00,0.04,0.03,0.02,0.01,0.00,0.00,10.00
72046.00,-3.82,0.29,1.16,0.06,0.04,-0.03,0.00,0.00,0.00,0.04,0.03,0.02,0.00,0.00,0.00,10.00
72056.00,-3.82,0.29,1.17,0.07,-0.02,-0.03,0.90,-6.50,-0.30,0.04,0.03,0.02,0.00,0.00,0.00,18.00
72074.00,-3.82,0.29,1.17,0.07,-0.02,-0.03,0.00,0.00,0.00,0.04,0.03,0.02,0.00,-0.00,0.00,10.00
72084.00,-3.82,0.29,1.17,0.07,-0.02,-0.03,0.00,0.00,0.00,0.04,0.03,0.02,0.00,0.00,0.00,10.00
72094.00,-3.82,0.29,1.17,0.07,-0.02,-0.03,0.00,0.00,0.00,0.04,0.03,0.02,0.00,0.01,-0.01,10.00
72104.00,-3.81,0.28,1.18,0.05,-0.05,-0.04,-2.00,-3.00,-1.00,0.04,0.03,0.02,0.00,0.01,-0.00,18.00
72122.00,-3.81,0.28,1.18,0.05,-0.05,-0.04,0.00,0.00,0.00,0.04,0.03,0.02,-0.01,0.00,0.00,10.00
72137.00,-3.81,0.28,1.18,0.05,-0.05,-0.04,0.00,0.00,0.00,0.04,0.03,0.02,-0.01,-0.00,0.01,10.00
72147.00,-3.81,0.28,1.18,0.05,-0.05,-0.04,0.00,0.00,0.00,0.04,0.03,0.02,-0.01,-0.00,0.00,10.00
72157.00,-3.81,0.28,1.18,0.05,-0.05,-0.04,0.00,0.00,0.00,0.04,0.03,0.02,-0.01,-0.01,-0.01,10.00
72167.00,-3.81,0.28,1.18,0.00,-0.06,-0.04,-4.70,-0.50,0.50,0.04,0.03,0.02,-0.01,-0.01,-0.01,18.00
72185.00,-3.81,0.28,1.18,0.00,-0.06,-0.04,0.00,0.00,0.00,0.04,0.03,0.02,0.00,-0.00,0.00,10.00
72195.00,-3.81,0.28,1.18,0.00,-0.06,-0.04,0.00,0.00,0.00,0.04,0.03,0.02,0.00,0.00,0.01,10.00
72205.00,-3.82,0.28,1.17,0.00,-0.02,-0.02,-0.20,4.20,1.50,0.04,0.03,0.02,-0.01,-0.00,0.01,18.00
72223.00,-3.82,0.28,1.17,0.00,-0.02,-0.02,0.00,0.00,0.00,0.04,0.03,0.02,-0.00,-0.01,-0.01,10.00
72233.00,-3.82,0.28,1.17,0.00,-0.02,-0.02,0.00,0.00,0.00,0.04,0.03,0.02,0.01,-0.01,-0.01,10.00
72243.00,-3.82,0.28,1.17,0.00,-0.02,-0.02,0.00,0.00,0.00,0.04,0.03,0.02,0.01,0.00,-0.00,10.00
72258.00,-3.82,0.29,1.17,-0.04,0.01,-0.01,-2.80,1.93,0.53,0.04,0.03,0.02,0.01,0.01,0.01,18.00
72276.00,-3.82,0.29,1.17,-0.04,0.01,-0.01,0.00,0.00,0.00,0.04,0.03,0.02,-0.00,0.01,0.01,10.00
72286.00,-3.82,0.29,1.17,-0.04,0.01,-0.01,0.00,0.00,0.00,0.04,0.03,0.02,-0.00,-0.00,-0.01,10.00
72296.00,-3.82,0.29,1.17,-0.04,0.01,-0.01,0.00,0.00,0.00,0.04,0.03,0.02,0.01,-0.00,-0.01,10.00
72306.00,-3.82,0.29,1.17,-0.04,0.01,-0.01,0.00,0.00,0.00,0.04,0.03,0.02,0.01,-0.01,-0.00,10.00
72316.00,-3.83,0.30,1.17,-0.04,0.01,-0.01,0.40,-0.50,0.80,0.04,0.03,0.02,-0.00,0.00,0.00,19.00
72335.00,-3.83,0.30,1.17,-0.04,0.01,-0.01,0.00,0.00,0.00,0.04,0.03,0.02,-0.01,0.01,0.01,10.00
72345.00,-3.83,0.30,1.17,-0.04,0.01,-0.01,0.00,0.00,0.00,0.04,0.03,0.02,0.00,0.00,0.00,10.00
72355.00,-3.83,0.30,1.17,-0.04,0.01,-0.01,0.00,0.00,0.00,0.04,0.03,0.02,0.00,-0.00,-0.01,10.00
72365.00,-3.83,0.31,1.19,-0.02,0.02,-0.02,2.00,0.90,-1.40,0.04,0.03,0.02,-0.01,-0.01,-0.01,16.00
72386.00,-3.83,0.31,1.19,-0.02,0.02,-0.02,0.00,0.00,0.00,0.04,0.03,0.02,0.00,0.00,0.00,10.00
72396.00,-3.83,0.31,1.19,-0.02,0.02,-0.02,0.00,0.00,0.00,0.04,0.03,0.02,0.01,0.01,0.00,10.00
72406.00,-3.83,0.31,1.19,-0.02,0.02,-0.02,0.00,0.00,0.00,0.04,0.03,0.02,0.00,0.00,0.00,10.00
72416.00,-3.84,0.31,1.20,-0.02,0.01,-0.03,-0.60,-0.80,-1.00,0.04,0.03,0.02,0.00,0.00,-0.00,18.00
72434.00,-3.84,0.31,1.20,-0.02,0.01,-0.03,0.00,0.00,0.00,0.04,0.03,0.02,-0.00,-0.01,-0.01,10.00
72444.00,-3.84,0.31,1.20,-0.02,0.01,-0.03,0.00,0.00,0.00,0.04,0.03,0.02,0.00,-0.00,-0.00,10.00
72454.00,-3.84,0.31,1.20,-0.02,0.01,-0.03,0.00,0.00,0.00,0.04,0.03,0.02,0.01,0.00,0.01,10.00
72464.00,-3.84,0.31,1.21,0.00,-0.01,-0.04,2.30,-1.40,-1.00,0.04,0.03,0.02,0.00,0.00,0.01,17.00
72481.00,-3.84,0.31,1.21,0.00,-0.01,-0.04,0.00,0.00,0.00,0.04,0.03,0.02,-0.00,-0.00,-0.00,10.00
72491.00,-3.84,0.31,1.21,0.00,-0.01,-0.04,0.00,0.00,0.00,0.04,0.03,0.02,0.00,-0.00,-0.00,10.00
72505.00,-3.84,0.31,1.21,0.00,-0.01,-0.04,0.00,0.00,0.00,0.04,0.03,0.02,0.00,0.00,-0.00,10.00
72515.00,-3.84,0.33,1.23,-0.02,0.00,-0.05,-2.20,0.70,-1.00,0.04,0.03,0.02,-0.00,0.00,0.00,17.00
72532.00,-3.84,0.33,1.23,-0.02,0.00,-0.05,0.00,0.00,0.00,0.04,0.03,0.02,-0.00,0.01,0.00,10.00
72542.00,-3.84,0.33,1.23,-0.02,0.00,-0.05,0.00,0.00,0.00,0.04,0.03,0.02,0.00,0.00,0.00,10.00
72552.00,-3.84,0.33,1.23,-0.02,0.00,-0.05,0.00,0.00,0.00,0.04,0.03,0.02,0.00,-0.00,-0.01,10.00
72562.00,-3.84,0.33,1.23,-0.02,0.00,-0.05,0.00,0.00,0.00,0.04,0.03,0.02,-0.00,-0.00,-0.01,10.00
72572.00,-3.84,0.33,1.24,0.01,0.00,-0.05,3.20,0.30,-0.20,0.04,0.03,0.02,-0.00,-0.00,-0.01,15.00
72587.00,-3.84,0.33,1.24,0.01,0.00,-0.05,0.00,0.00,0.00,0.04,0.03,0.02,-0.00,-0.00,0.00,10.00
72597.00,-3.84,0.33,1.24,0.01,0.00,-0.05,0.00,0.00,0.00,0.04,0.03,0.02,0.00,0.00,0.00,10.00
72607.00,-3.85,0.34,1.25,0.00,0.02,-0.05,-0.70,1.80,0.40,0.04,0.03,0.02,0.00,-0.01,-0.01,18.00
72630.00,-3.85,0.34,1.25,0.00,0.02,-0.05,0.00,0.00,0.00,0.04,0.03,0.02,0.03,-0.01,-0.01,10.00
72640.00,-3.85,0.34,1.25,0.00,0.02,-0.05,0.00,0.00,0.00,0.05,0.03,0.02,0.03,-0.01,-0.01,10.00
72651.00,-3.85,0.34,1.25,0.00,0.02,-0.05,0.00,0.00,0.00,0.05,0.03,0.02,0.01,-0.01,-0.02,10.00
72661.00,-3.85,0.34,1.25,0.00,0.04,-0.04,0.00,1.80,0.60,0.05,0.03,0.02,0.01,-0.01,-0.02,16.00
72677.00,-3.85,0.34,1.25,0.00,0.04,-0.04,0.00,0.00,0.00,0.05,0.03,0.02,0.02,-0.02,-0.00,10.00
72687.00,-3.85,0.34,1.25,0.00,0.04,-0.04,0.00,0.00,0.00,0.05,0.03,0.02,0.03,-0.01,0.00,10.00
72697.00,-3.85,0.34,1.25,0.00,0.04,-0.04,0.00,0.00,0.00,0.05,0.03,0.02,0.00,0.00,0.01,10.00
72707.00,-3.85,0.36,1.24,-0.04,0.09,-0.03,-4.10,4.70,1.10,0.05,0.03,0.02,-0.03,0.01,0.00,18.00
72725.00,-3.85,0.36,1.24,-0.04,0.09,-0.03,0.00,0.00,0.00,0.05,0.03,0.02,0.01,0.00,0.02,10.00
72735.00,-3.85,0.36,1.24,-0.04,0.09,-0.03,0.00,0.00,0.00,0.05,0.03,0.02,0.00,0.01,0.03,10.00
72750.00,-3.85,0.36,1.24,-0.04,0.09,-0.03,0.00,0.00,0.00,0.05,0.03,0.02,-0.03,0.02,0.02,10.00
72760.00,-3.86,0.37,1.24,-0.08,0.10,-0.03,-3.70,1.40,0.60,0.05,0.03,0.02,-0.03,0.03,0.01,17.00
72777.00,-3.86,0.37,1.24,-0.08,0.10,-0.03,0.00,0.00,0.00,0.05,0.03,0.02,0.04,0.00,0.00,10.00
72787.00,-3.86,0.37,1.24,-0.08,0.10,-0.03,0.00,0.00,0.00,0.05,0.03,0.02,0.03,-0.01,-0.01,10.00
72797.00,-3.86,0.37,1.24,-0.08,0.10,-0.03,0.00,0.00,0.00,0.05,0.03,0.02,-0.02,-0.00,-0.02,12.00
72809.00,-3.86,0.37,1.25,-0.05,0.09,-0.03,2.17,-1.33,-0.17,0.05,0.03,0.02,-0.01,0.00,-0.02,18.00
72827.00,-3.86,0.37,1.25,-0.05,0.09,-0.03,0.00,0.00,0.00,0.05,0.03,0.02,0.04,0.00,-0.02,10.00
72837.00,-3.86,0.37,1.25,-0.05,0.09,-0.03,0.00,0.00,0.00,0.05,0.03,0.02,0.03,-0.00,-0.02,10.00
72847.00,-3.86,0.37,1.25,-0.05,0.09,-0.03,0.00,0.00,0.00,0.05,0.03,0.02,0.01,-0.00,-0.01,10.00
72857.00,-3.86,0.37,1.25,-0.05,0.09,-0.03,0.00,0.00,0.00,0.05,0.03,0.02,0.00,-0.01,-0.01,10.00
72878.00,-3.86,0.37,1.26,-0.04,0.11,-0.04,0.52,1.05,-0.43,0.05,0.03,0.02,0.01,-0.02,0.00,18.00
72896.00,-3.86,0.37,1.26,-0.04,0.11,-0.04,0.00,0.00,0.00,0.05,0.03,0.02,0.02,-0.01,0.00,10.00
72906.00,-3.86,0.37,1.25,-0.04,0.09,-0.03,-0.40,-1.90,1.00,0.05,0.03,0.02,0.01,-0.00,-0.00,19.00
72925.00,-3.86,0.37,1.25,-0.04,0.09,-0.03,0.00,0.00,0.00,0.05,0.03,0.02,0.00,0.01,-0.01,10.00
72935.00,-3.86,0.37,1.25,-0.04,0.09,-0.03,0.00,0.00,0.00,0.05,0.03,0.02,0.01,0.02,-0.01,10.00
72945.00,-3.86,0.37,1.25,-0.04,0.09,-0.03,0.00,0.00,0.00,0.05,0.03,0.02,0.01,0.02,-0.00,10.00
72955.00,-3.86,0.37,1.25,-0.04,0.09,-0.03,0.00,0.00,0.00,0.05,0.03,0.02,0.01,0.01,-0.00,10.00
72965.00,-3.86,0.38,1.24,-0.01,0.11,-0.02,3.00,2.20,0.90,0.05,0.03,0.02,0.01,0.00,-0.00,16.00
72981.00,-3.86,0.38,1.24,-0.01,0.11,-0.02,0.00,0.00,0.00,0.05,0.03,0.02,-0.00,-0.01,-0.00,10.00
72991.00,-3.86,0.38,1.24,-0.01,0.11,-0.02,0.00,0.00,0.00,0.05,0.03,0.02,-0.01,-0.00,0.00,10.00
73006.00,-3.86,0.38,1.26,-0.01,0.04,-0.03,0.47,-4.73,-0.93,0.05,0.03,0.02,-0.01,0.00,0.00,17.00
73023.00,-3.86,0.38,1.26,-0.01,0.04,-0.03,0.00,0.00,0.00,0.05,0.03,0.02,0.00,0.00,0.00,10.00
73033.00,-3.86,0.38,1.26,-0.01,0.04,-0.03,0.00,0.00,0.00,0.05,0.03,0.02,0.01,0.00,0.00,10.00
73043.00,-3.86,0.38,1.26,-0.01,0.04,-0.03,0.00,0.00,0.00,0.05,0.03,0.02,-0.01,0.00,0.00,10.00
73053.00,-3.86,0.38,1.26,-0.01,0.04,-0.03,0.00,0.00,0.00,0.05,0.03,0.02,-0.01,0.01,0.00,10.00
73063.00,-3.86,0.37,1.27,-0.01,-0.01,-0.03,0.00,-5.30,-0.30,0.05,0.03,0.02,-0.02,0.01,0.00,16.00
73079.00,-3.86,0.37,1.27,-0.01,-0.01,-0.03,0.00,0.00,0.00,0.05,0.03,0.02,-0.00,0.02,0.00,10.00
73089.00,-3.86,0.37,1.27,-0.01,-0.01,-0.03,0.00,0.00,0.00,0.05,0.03,0.02,-0.00,0.02,-0.01,10.00
73099.00,-3.86,0.37,1.27,-0.01,-0.01,-0.03,0.00,0.00,0.00,0.05,0.03,0.02,-0.04,0.02,-0.01,10.00
73109.00,-3.86,0.37,1.27,0.01,-0.05,-0.03,1.80,-4.00,0.30,0.05,0.03,0.02,-0.06,0.02,-0.03,18.00
73132.00,-3.86,0.37,1.27,0.01,-0.05,-0.03,0.00,0.00,0.00,0.05,0.03,0.02,-0.04,-0.00,-0.04,10.00
73142.00,-3.86,0.37,1.27,0.01,-0.05,-0.03,0.00,0.00,0.00,0.05,0.03,0.02,-0.03,-0.00,-0.04,10.00
73152.00,-3.86,0.37,1.27,0.01,-0.05,-0.03,0.00,0.00,0.00,0.05,0.03,0.02,-0.00,-0.00,-0.05,10.00
73162.00,-3.86,0.36,1.26,0.03,-0.04,-0.02,1.80,1.40,1.00,0.05,0.03,0.02,0.01,-0.00,-0.05,16.00
73178.00,-3.86,0.36,1.26,0.03,-0.04,-0.02,0.00,0.00,0.00,0.05,0.03,0.02,0.01,0.02,-0.04,10.00
73188.00,-3.86,0.36,1.26,0.03,-0.04,-0.02,0.00,0.00,0.00,0.05,0.03,0.02,-0.00,0.02,-0.04,10.00
73198.00,-3.86,0.36,1.26,0.03,-0.04,-0.02,0.00,0.00,0.00,0.05,0.03,0.02,0.01,0.01,-0.02,10.00
73208.00,-3.86,0.37,1.26,0.03,0.05,-0.02,-0.60,8.80,0.10,0.05,0.03,0.02,0.01,0.00,-0.02,17.00
73225.00,-3.86,0.37,1.26,0.03,0.05,-0.02,0.00,0.00,0.00,0.05,0.03,0.02,0.01,-0.01,-0.01,10.00
73235.00,-3.86,0.37,1.26,0.03,0.05,-0.02,0.00,0.00,0.00,0.05,0.03,0.02,0.01,-0.02,-0.01,10.00
73250.00,-3.86,0.37,1.26,0.03,0.05,-0.02,0.00,0.00,0.00,0.05,0.03,0.02,0.02,-0.03,-0.02,10.00
73260.00,-3.86,0.38,1.28,0.01,0.03,-0.03,-1.10,-2.20,-1.40,0.05,0.03,0.02,0.01,-0.03,-0.02,17.00
73277.00,-3.86,0.38,1.28,0.01,0.03,-0.03,0.00,0.00,0.00,0.05,0.03,0.02,-0.01,-0.01,-0.02,10.00
73287.00,-3.86,0.38,1.28,0.01,0.03,-0.03,0.00,0.00,0.00,0.05,0.03,0.02,-0.01,0.01,-0.01,10.00
73297.00,-3.86,0.38,1.28,0.01,0.03,-0.03,0.00,0.00,0.00,0.05,0.03,0.02,-0.01,0.03,0.01,10.00
73307.00,-3.86,0.37,1.28,-0.04,-0.04,-0.03,-5.10,-6.90,0.50,0.05,0.03,0.02,-0.00,0.03,0.01,19.00
73326.00,-3.86,0.37,1.28,-0.04,-0.04,-0.03,0.00,0.00,0.00,0.05,0.03,0.02,0.01,0.02,0.00,10.00
73336.00,-3.86,0.37,1.28,-0.04,-0.04,-0.03,0.00,0.00,0.00,0.05,0.03,0.02,0.01,0.01,-0.01,10.00
73346.00,-3.86,0.37,1.28,-0.04,-0.04,-0.03,0.00,0.00,0.00,0.05,0.03,0.02,0.01,-0.00,-0.01,10.00
73356.00,-3.86,0.37,1.28,-0.04,-0.04,-0.03,0.00,0.00,0.00,0.05,0.03,0.02,0.01,-0.00,-0.01,10.00
73371.00,-3.87,0.38,1.29,-0.12,0.06,-0.03,-5.33,6.67,-0.13,0.05,0.03,0.02,0.01,0.01,0.00,16.00
73387.00,-3.87,0.38,1.29,-0.12,0.06,-0.03,0.00,0.00,0.00,0.05,0.03,0.02,0.03,0.03,0.00,10.00
73397.00,-3.87,0.38,1.29,-0.12,0.06,-0.03,0.00,0.00,0.00,0.05,0.03,0.02,0.05,0.04,0.00,10.00
73407.00,-3.89,0.40,1.30,-0.07,0.09,-0.03,4.60,3.20,-0.10,0.05,0.03,0.02,0.08,0.05,-0.01,17.00
73424.00,-3.89,0.40,1.30,-0.07,0.09,-0.03,0.00,0.00,0.00,0.05,0.03,0.02,0.09,0.04,-0.03,10.00
73434.00,-3.89,0.40,1.30,-0.07,0.09,-0.03,0.00,0.00,0.00,0.05,0.03,0.02,0.08,0.03,-0.03,10.00
73444.00,-3.89,0.40,1.30,-0.07,0.09,-0.03,0.00,0.00,0.00,0.05,0.03,0.02,0.05,0.00,-0.03,10.00
73454.00,-3.89,0.39,1.29,-0.02,-0.03,-0.02,5.10,-11.60,1.50,0.05,0.03,0.02,0.01,-0.02,-0.01,16.00
73470.00,-3.89,0.39,1.29,-0.02,-0.03,-0.02,0.00,0.00,0.00,0.05,0.03,0.02,-0.07,-0.04,0.02,10.00
73480.00,-3.89,0.39,1.29,-0.02,-0.03,-0.02,0.00,0.00,0.00,0.05,0.03,0.02,-0.11,-0.05,0.03,10.00
73495.00,-3.89,0.39,1.29,-0.02,-0.03,-0.02,0.00,0.00,0.00,0.05,0.03,0.02,-0.14,-0.04,0.02,10.00
73505.00,-3.89,0.39,1.29,-0.02,-0.03,-0.02,0.00,0.00,0.00,0.05,0.03,0.02,-0.11,-0.04,0.01,10.00
73515.00,-3.89,0.39,1.29,-0.05,-0.02,-0.01,-3.40,1.10,0.50,0.05,0.03,0.02,-0.05,-0.03,-0.00,16.00
73531.00,-3.89,0.39,1.29,-0.05,-0.02,-0.01,0.00,0.00,0.00,0.05,0.03,0.02,0.00,0.00,0.00,10.00
73541.00,-3.89,0.39,1.29,-0.05,-0.02,-0.01,0.00,0.00,0.00,0.05,0.03,0.02,0.04,-0.02,0.02,10.00
73551.00,-3.89,0.39,1.29,-0.05,-0.02,-0.01,0.00,0.00,0.00,0.05,0.03,0.02,0.05,0.00,0.04,10.00
73561.00,-3.90,0.40,1.30,-0.07,0.09,-0.02,-1.70,10.10,-0.70,0.05,0.03,0.02,0.05,0.01,0.05,17.00
73578.00,-3.90,0.40,1.30,-0.07,0.09,-0.02,0.00,0.00,0.00,0.05,0.03,0.02,0.06,0.03,0.03,10.00
73588.00,-3.90,0.40,1.30,-0.07,0.09,-0.02,0.00,0.00,0.00,0.05,0.03,0.02,0.07,0.03,0.00,10.00
73598.00,-3.90,0.40,1.30,-0.07,0.09,-0.02,0.00,0.00,0.00,0.05,0.03,0.02,0.07,0.03,-0.02,10.00
73613.00,-3.90,0.42,1.31,-0.03,0.12,-0.02,2.53,2.07,-0.33,0.05,0.03,0.02,0.02,0.03,-0.02,16.00
73629.00,-3.90,0.42,1.31,-0.03,0.12,-0.02,0.00,0.00,0.00,0.05,0.03,0.02,-0.03,0.02,-0.02,10.00
73639.00,-3.90,0.42,1.31,-0.03,0.12,-0.02,0.00,0.00,0.00,0.05,0.03,0.02,-0.04,-0.00,-0.00,10.00
73649.00,-3.90,0.42,1.31,-0.03,0.12,-0.02,0.00,0.00,0.00,0.05,0.03,0.02,-0.04,-0.02,0.01,10.00
73659.00,-3.90,0.41,1.34,0.01,-0.04,-0.04,4.00,-15.80,-1.60,0.05,0.03,0.02,-0.03,-0.04,0.01,18.00
73677.00,-3.90,0.41,1.34,0.01,-0.04,-0.04,0.00,0.00,0.00,0.05,0.03,0.02,-0.01,-0.04,0.01,10.00
73687.00,-3.90,0.41,1.34,0.01,-0.04,-0.04,0.00,0.00,0.00,0.05,0.03,0.02,-0.01,-0.02,0.01,10.00
73697.00,-3.90,0.41,1.34,0.01,-0.04,-0.04,0.00,0.00,0.00,0.05,0.03,0.02,-0.01,-0.00,0.01,10.00
73707.00,-3.90,0.41,1.34,0.01,-0.04,-0.04,0.00,0.00,0.00,0.05,0.03,0.02,-0.03,0.02,0.02,10.00
73717.00,-3.89,0.39,1.35,0.09,-0.15,-0.04,8.50,-10.80,-0.40,0.05,0.03,0.02,-0.03,0.04,0.02,16.00
73738.00,-3.89,0.39,1.35,0.09,-0.15,-0.04,0.00,0.00,0.00,0.05,0.03,0.02,-0.01,0.05,0.02,10.00
73748.00,-3.89,0.39,1.35,0.09,-0.15,-0.04,0.00,0.00,0.00,0.05,0.03,0.02,-0.00,0.05,0.03,10.00
73758.00,-3.89,0.40,1.34,0.11,-0.06,-0.03,1.50,8.90,1.50,0.05,0.03,0.02,-0.01,0.05,0.03,15.00
73773.00,-3.89,0.40,1.34,0.11,-0.06,-0.03,0.00,0.00,0.00,0.05,0.03,0.02,-0.02,0.04,0.04,10.00
73783.00,-3.89,0.40,1.34,0.11,-0.06,-0.03,0.00,0.00,0.00,0.05,0.03,0.02,-0.03,0.03,0.04,10.00
73793.00,-3.89,0.40,1.34,0.11,-0.06,-0.03,0.00,0.00,0.00,0.05,0.03,0.02,-0.05,0.02,0.04,10.00
73803.00,-3.89,0.40,1.34,0.11,-0.06,-0.03,0.00,0.00,0.00,0.04,0.03,0.02,-0.04,0.01,0.03,10.00
73813.00,-3.89,0.41,1.33,0.05,0.00,-0.01,-6.10,6.10,2.20,0.04,0.03,0.02,-0.03,-0.01,0.01,16.00
73829.00,-3.89,0.41,1.33,0.05,0.00,-0.01,0.00,0.00,0.00,0.04,0.03,0.02,-0.01,-0.03,-0.02,10.00
73839.00,-3.89,0.41,1.33,0.05,0.00,-0.01,0.00,0.00,0.00,0.04,0.03,0.02,-0.02,-0.03,-0.03,10.00
73854.00,-3.90,0.43,1.33,-0.05,0.08,-0.00,-6.60,5.20,0.33,0.04,0.03,0.02,-0.03,-0.02,-0.04,16.00
73870.00,-3.90,0.43,1.33,-0.05,0.08,-0.00,0.00,0.00,0.00,0.04,0.03,0.02,-0.02,-0.01,-0.03,10.00
73880.00,-3.90,0.43,1.33,-0.05,0.08,-0.00,0.00,0.00,0.00,0.04,0.03,0.02,0.00,-0.01,-0.04,10.00
73890.00,-3.90,0.43,1.33,-0.05,0.08,-0.00,0.00,0.00,0.00,0.04,0.03,0.02,0.02,-0.02,-0.04,10.00
73900.00,-3.90,0.43,1.33,-0.05,0.08,-0.00,0.00,0.00,0.00,0.04,0.03,0.02,0.02,-0.02,-0.03,10.00
73910.00,-3.91,0.45,1.35,-0.02,0.11,-0.01,2.90,3.10,-1.20,0.04,0.03,0.02,0.02,-0.01,-0.02,18.00
73928.00,-3.91,0.45,1.35,-0.02,0.11,-0.01,0.00,0.00,0.00,0.05,0.03,0.02,0.05,-0.01,-0.01,10.00
73938.00,-3.91,0.45,1.35,-0.02,0.11,-0.01,0.00,0.00,0.00,0.05,0.03,0.02,0.06,-0.02,-0.01,10.00
73948.00,-3.91,0.45,1.35,-0.02,0.11,-0.01,0.00,0.00,0.00,0.05,0.03,0.02,0.06,-0.02,-0.01,10.00
73958.00,-3.91,0.45,1.37,-0.03,0.08,-0.03,-0.90,-2.60,-1.20,0.05,0.03,0.02,0.06,0.00,-0.02,19.00
