Time(ms), X(m), Y(m), Z(m), VX(m/s), VY(m/s), VZ(m/s), AX(m/s^2), AY(m/s^2), AZ(m/s^2), OX(degrees), OY(degrees), OZ(degrees), WX(degrees/s), WY(degrees/s), WZ(degrees/s), execution_time
12824.00,0.00,0.00,0.00,0.00,0.00,0.00,0.00,0.00,0.00,0.00,0.00,0.00,0.00,0.00,0.00,10.00
12840.00,0.00,0.00,0.00,0.00,0.00,0.00,0.00,0.00,0.00,-0.00,-0.00,0.00,-0.00,-0.00,0.00,10.00
12850.00,0.00,0.00,0.00,0.00,0.00,0.00,0.00,0.00,0.00,-0.00,-0.00,-0.00,0.00,-0.00,-0.00,10.00
12860.00,0.00,0.00,0.00,0.00,0.00,0.00,0.00,0.00,0.00,-0.00,-0.00,-0.00,-0.00,0.00,0.00,10.00
12870.00,0.00,0.00,0.00,0.00,0.00,0.00,0.00,0.00,0.00,-0.00,-0.00,-0.00,0.00,0.00,-0.00,10.00
12880.00,0.00,0.00,0.00,0.00,0.00,0.00,0.00,0.00,0.00,-0.00,-0.00,-0.00,-0.00,-0.00,-0.00,10.00
12890.00,0.00,0.00,0.00,0.00,0.00,0.00,0.00,0.00,0.00,-0.00,-0.00,-0.00,0.00,-0.00,0.00,10.00
12900.00,0.00,0.00,0.00,0.00,0.00,0.00,0.00,0.00,0.00,-0.00,-0.00,-0.00,-0.00,-0.00,0.00,16.00
12916.00,0.00,0.00,0.00,0.00,0.00,0.00,0.00,0.00,0.00,-0.00,-0.00,-0.00,0.00,-0.00,0.00,10.00
12926.00,0.00,0.00,0.00,0.00,0.00,0.00,0.00,0.00,0.00,-0.00,-0.00,-0.00,0.00,-0.00,0.00,10.00
12936.00,0.00,0.00,0.00,0.00,0.00,0.00,0.00,0.00,0.00,-0.00,-0.00,-0.00,-0.00,-0.00,0.00,10.00
12950.00,0.00,0.00,0.00,0.00,0.00,0.00,0.00,0.00,0.00,-0.00,-0.00,-0.00,-0.00,0.00,0.00,10.00
12960.00,0.00,0.00,0.00,0.00,0.00,0.00,0.00,0.00,0.00,-0.00,-0.00,-0.00,0.00,0.00,-0.00,10.00
12970.00,0.00,0.00,0.00,0.00,0.00,0.00,0.00,0.00,0.00,-0.00,-0.00,-0.00,0.00,0.00,0.00,10.00
12980.00,0.00,0.00,0.00,0.00,0.00,0.00,0.00,0.00,0.00,-0.00,-0.00,-0.00,0.00,0.00,0.00,10.00
12990.00,0.00,0.00,0.00,0.00,0.00,0.00,0.00,0.00,0.00,-0.00,-0.00,-0.00,-0.00,-0.00,0.00,10.00
13000.00,0.00,0.00,0.00,0.00,0.00,0.00,0.00,0.00,0.00,-0.00,-0.00,-0.00,0.00,0.00,-0.00,16.00
13016.00,0.00,0.00,0.00,-0.00,0.00,-0.00,-0.00,0.00,-0.00,-0.00,-0.00,-0.00,-0.00,0.00,-0.00,10.00
13026.00,0.00,0.00,0.00,-0.00,0.00,-0.00,-0.00,0.00,-0.00,-0.00,-0.00,-0.00,-0.00,0.00,-0.00,10.00
13036.00,0.00,0.00,0.00,-0.00,0.00,-0.00,-0.00,0.00,-0.00,-0.00,-0.00,-0.00,0.00,0.00,0.00,10.00
13046.00,0.00,0.00,0.00,-0.00,0.00,-0.00,-0.00,0.00,-0.00,-0.00,-0.00,-0.00,0.00,0.00,0.00,10.00
13061.00,0.00,0.00,0.00,-0.00,0.00,-0.00,-0.00,0.00,-0.00,-0.00,-0.00,-0.00,0.00,0.00,-0.00,10.00
13071.00,0.00,0.00,0.00,-0.00,0.00,-0.00,-0.00,0.00,-0.00,-0.00,-0.00,-0.00,0.00,0.00,0.00,10.00
13081.00,0.00,0.00,0.00,-0.00,0.00,-0.00,-0.00,0.00,-0.00,-0.00,-0.00,-0.00,0.00,0.00,0.00,10.00
13091.00,0.00,0.00,0.00,-0.00,0.00,-0.00,-0.00,0.00,-0.00,-0.00,-0.00,-0.00,0.00,0.00,-0.00,10.00
13101.00,0.00,0.00,0.00,-0.00,0.00,-0.00,-0.00,0.00,-0.00,-0.00,-0.00,-0.00,0.00,-0.00,-0.00,10.00
13111.00,0.00,0.00,0.00,-0.00,0.00,-0.00,-0.00,0.00,-0.00,-0.00,-0.00,-0.00,0.00,0.00,0.00,16.00
13127.00,0.00,0.00,0.00,-0.00,0.00,-0.00,-0.00,0.00,-0.00,-0.00,-0.00,-0.00,-0.00,0.00,-0.00,10.00
13137.00,0.00,0.00,0.00,-0.00,0.00,-0.00,-0.00,0.00,-0.00,-0.00,-0.00,-0.00,0.00,-0.00,-0.00,10.00
13147.00,0.00,0.00,0.00,-0.00,0.00,-0.00,-0.00,0.00,-0.00,-0.00,-0.00,-0.00,0.00,-0.00,0.00,10.00
13157.00,0.00,0.00,0.00,-0.00,0.00,-0.00,-0.00,0.00,-0.00,-0.00,-0.00,-0.00,0.00,0.00,-0.00,10.00
13172.00,0.00,0.00,0.00,-0.00,0.00,-0.00,-0.00,0.00,-0.00,-0.00,-0.00,-0.00,0.00,0.00,0.00,10.00
13182.00,0.00,0.00,0.00,-0.00,0.00,-0.00,-0.00,0.00,-0.00,-0.00,-0.00,-0.00,0.00,-0.00,-0.00,10.00
13192.00,0.00,0.00,0.00,-0.00,0.00,-0.00,-0.00,0.00,-0.00,-0.00,-0.00,-0.00,-0.00,0.00,0.00,10.00
13202.00,0.00,0.00,0.00,-0.00,0.00,-0.00,-0.00,0.00,-0.00,-0.00,-0.00,-0.00,-0.00,0.00,-0.00,10.00
13212.00,0.00,0.00,0.00,-0.00,0.00,-0.00,-0.00,0.00,-0.00,-0.00,-0.00,-0.00,0.00,0.00,-0.00,16.00
13228.00,0.00,0.00,0.00,0.00,0.00,0.00,0.00,0.00,0.00,-0.00,-0.00,-0.00,-0.00,-0.00,0.00,10.00
13238.00,0.00,0.00,0.00,0.00,0.00,0.00,0.00,0.00,0.00,-0.00,-0.00,-0.00,-0.00,-0.00,-0.00,10.00
13248.00,0.00,0.00,0.00,0.00,0.00,0.00,0.00,0.00,0.00,-0.00,-0.00,-0.00,0.00,0.00,-0.00,10.00
13258.00,0.00,0.00,0.00,0.00,0.00,0.00,0.00,0.00,0.00,-0.00,-0.00,-0.00,-0.00,0.00,-0.00,10.00
13268.00,0.00,0.00,0.00,0.00,0.00,0.00,0.00,0.00,0.00,-0.00,-0.00,-0.00,0.00,0.00,-0.00,10.00
13283.00,0.00,0.00,0.00,0.00,0.00,0.00,0.00,0.00,0.00,-0.00,-0.00,-0.00,-0.00,-0.00,0.00,10.00
13293.00,0.00,0.00,0.00,0.00,0.00,0.00,0.00,0.00,0.00,-0.00,-0.00,-0.00,0.00,0.00,-0.00,10.00
13303.00,0.00,0.00,0.00,0.00,0.00,0.00,0.00,0.00,0.00,-0.00,-0.00,-0.00,-0.00,-0.00,0.00,16.00
13319.00,0.00,0.00,0.00,0.00,0.00,0.00,0.00,0.00,0.00,-0.00,-0.00,-0.00,0.00,-0.00,0.00,10.00
13329.00,0.00,0.00,0.00,0.00,0.00,0.00,0.00,0.00,0.00,-0.00,-0.00,-0.00,0.00,-0.00,0.00,10.00
13339.00,0.00,0.00,0.00,0.00,0.00,0.00,0.00,0.00,0.00,-0.00,-0.00,-0.00,0.00,-0.00,0.00,10.00
13349.00,0.00,0.00,0.00,0.00,0.00,0.00,0.00,0.00,0.00,-0.00,-0.00,-0.00,0.00,-0.00,0.00,10.00
13359.00,0.00,0.00,0.00,0.00,0.00,0.00,0.00,0.00,0.00,-0.00,-0.00,-0.00,0.00,-0.00,0.00,10.00
13369.00,0.00,0.00,0.00,0.00,0.00,0.00,0.00,0.00,0.00,-0.00,-0.00,-0.00,-0.00,-0.00,0.00,10.00
13379.00,0.00,0.00,0.00,0.00,0.00,0.00,0.00,0.00,0.00,-0.00,-0.00,-0.00,0.00,-0.00,-0.00,10.00
13394.00,0.00,0.00,0.00,0.00,0.00,0.00,0.00,0.00,0.00,-0.00,-0.00,-0.00,-0.00,-0.00,0.00,10.00
13404.00,0.00,0.00,0.00,0.00,0.00,0.00,0.00,0.00,0.00,-0.00,-0.00,-0.00,0.00,-0.00,-0.00,10.00
13414.00,0.00,0.00,0.00,0.00,0.00,0.00,0.00,0.00,0.00,-0.00,-0.00,-0.00,0.00,0.00,0.00,16.00
13430.00,0.00,0.00,0.00,0.00,-0.00,0.00,0.00,-0.00,-0.00,-0.00,-0.00,-0.00,-0.00,0.00,-0.00,10.00
13440.00,0.00,0.00,0.00,0.00,-0.00,0.00,0.00,-0.00,-0.00,-0.00,-0.00,-0.00,-0.00,-0.00,-0.00,10.00
13450.00,0.00,0.00,0.00,0.00,-0.00,0.00,0.00,-0.00,-0.00,-0.00,-0.00,-0.00,0.00,-0.00,-0.00,10.00
13460.00,0.00,0.00,0.00,0.00,-0.00,0.00,0.00,-0.00,-0.00,-0.00,-0.00,-0.00,0.00,-0.00,0.00,10.00
13470.00,0.00,0.00,0.00,0.00,-0.00,0.00,0.00,-0.00,-0.00,-0.00,-0.00,-0.00,0.00,-0.00,-0.00,10.00
13480.00,0.00,0.00,0.00,0.00,-0.00,0.00,0.00,-0.00,-0.00,-0.00,-0.00,-0.00,0.00,-0.00,-0.00,10.00
13490.00,0.00,0.00,0.00,0.00,-0.00,0.00,0.00,-0.00,-0.00,-0.00,-0.00,-0.00,0.00,-0.00,-0.00,10.00
13505.00,0.00,0.00,0.00,0.00,-0.00,0.00,0.00,-0.00,-0.00,-0.00,-0.00,-0.00,0.00,-0.00,0.00,17.00
13522.00,0.00,0.00,0.00,0.00,-0.00,0.00,0.00,-0.00,-0.00,-0.00,-0.00,-0.00,-0.00,-0.00,-0.00,10.00
13532.00,0.00,0.00,0.00,0.00,-0.00,0.00,0.00,-0.00,-0.00,-0.00,-0.00,-0.00,0.00,-0.00,0.00,10.00
13542.00,0.00,0.00,0.00,0.00,-0.00,0.00,0.00,-0.00,-0.00,-0.00,-0.00,-0.00,0.00,-0.00,0.00,10.00
13552.00,0.00,0.00,0.00,0.00,-0.00,0.00,0.00,-0.00,-0.00,-0.00,-0.00,-0.00,-0.00,-0.00,0.00,10.00
13562.00,0.00,0.00,0.00,0.00,-0.00,0.00,0.00,-0.00,-0.00,-0.00,-0.00,-0.00,0.00,-0.00,-0.00,10.00
13572.00,0.00,0.00,0.00,0.00,-0.00,0.00,0.00,-0.00,-0.00,-0.00,-0.00,-0.00,0.00,0.00,0.00,10.00
13582.00,0.00,0.00,0.00,0.00,-0.00,0.00,0.00,-0.00,-0.00,-0.00,-0.00,-0.00,-0.00,0.00,0.00,10.00
13592.00,0.00,0.00,0.00,0.00,-0.00,0.00,0.00,-0.00,-0.00,-0.00,-0.00,-0.00,-0.00,0.00,-0.00,10.00
13602.00,0.00,0.00,0.00,0.00,-0.00,0.00,0.00,-0.00,-0.00,-0.00,-0.00,-0.00,-0.00,-0.00,0.00,16.00
13623.00,0.00,0.00,0.00,0.00,-0.00,0.00,0.00,-0.00,-0.00,-0.00,-0.00,-0.00,-0.00,-0.00,-0.00,10.00
13633.00,0.00,0.00,0.00,-0.00,-0.00,-0.00,-0.00,-0.00,-0.00,-0.00,-0.00,-0.00,-0.00,-0.00,-0.00,10.00
13643.00,0.00,0.00,0.00,-0.00,-0.00,-0.00,-0.00,-0.00,-0.00,-0.00,-0.00,-0.00,0.00,-0.00,0.00,10.00
13653.00,0.00,0.00,0.00,-0.00,-0.00,-0.00,-0.00,-0.00,-0.00,-0.00,-0.00,-0.00,-0.00,0.00,0.00,10.00
13663.00,0.00,0.00,0.00,-0.00,-0.00,-0.00,-0.00,-0.00,-0.00,-0.00,-0.00,-0.00,0.00,0.00,-0.00,10.00
13673.00,0.00,0.00,0.00,-0.00,-0.00,-0.00,-0.00,-0.00,-0.00,-0.00,-0.00,-0.00,-0.00,0.00,0.00,10.00
13683.00,0.00,0.00,0.00,-0.00,-0.00,-0.00,-0.00,-0.00,-0.00,-0.00,-0.00,-0.00,0.00,0.00,0.00,10.00
13693.00,0.00,0.00,0.00,-0.00,-0.00,-0.00,-0.00,-0.00,-0.00,-0.00,-0.00,-0.00,0.00,-0.00,0.00,10.00
13703.00,0.00,0.00,0.00,-0.00,-0.00,-0.00,-0.00,-0.00,-0.00,-0.00,-0.00,-0.00,-0.00,0.00,0.00,10.00
13713.00,0.00,0.00,0.00,-0.00,-0.00,-0.00,-0.00,-0.00,-0.00,-0.00,-0.00,-0.00,-0.00,0.00,0.00,15.00
13733.00,0.00,0.00,0.00,-0.00,-0.00,-0.00,-0.00,-0.00,-0.00,-0.00,-0.00,-0.00,-0.00,0.00,0.00,10.00
13743.00,0.00,0.00,0.00,-0.00,-0.00,-0.00,-0.00,-0.00,-0.00,-0.00,-0.00,-0.00,-0.00,0.00,-0.00,10.00
13753.00,0.00,0.00,0.00,-0.00,-0.00,-0.00,-0.00,-0.00,-0.00,-0.00,-0.00,-0.00,-0.00,0.00,-0.00,10.00
13763.00,0.00,0.00,0.00,-0.00,-0.00,-0.00,-0.00,-0.00,-0.00,-0.00,-0.00,-0.00,-0.00,0.00,-0.00,10.00
13773.00,0.00,0.00,0.00,-0.00,-0.00,-0.00,-0.00,-0.00,-0.00,-0.00,-0.00,-0.00,0.00,0.00,-0.00,10.00
13783.00,0.00,0.00,0.00,-0.00,-0.00,-0.00,-0.00,-0.00,-0.00,-0.00,-0.00,-0.00,-0.00,-0.00,0.00,10.00
13793.00,0.00,0.00,0.00,-0.00,-0.00,-0.00,-0.00,-0.00,-0.00,-0.00,-0.00,-0.00,0.00,-0.00,0.00,10.00
13803.00,0.00,0.00,0.00,-0.00,-0.00,-0.00,-0.00,-0.00,-0.00,-0.00,-0.00,-0.00,-0.00,0.00,-0.00,10.00
13813.00,0.00,0.00,0.00,-0.00,-0.00,-0.00,-0.00,-0.00,-0.00,-0.00,-0.00,-0.00,0.00,0.00,-0.00,15.00
13828.00,0.00,0.00,0.00,-0.00,-0.00,-0.00,-0.00,-0.00,-0.00,-0.00,-0.00,-0.00,0.00,-0.00,0.00,10.00
13847.00,0.00,0.00,0.00,-0.00,0.00,-0.00,0.00,0.00,0.00,-0.00,-0.00,-0.00,-0.00,0.00,-0.00,10.00
13857.00,0.00,0.00,0.00,-0.00,0.00,-0.00,0.00,0.00,0.00,-0.00,-0.00,-0.00,0.00,-0.00,0.00,10.00
13867.00,0.00,0.00,0.00,-0.00,0.00,-0.00,0.00,0.00,0.00,-0.00,-0.00,-0.00,0.00,0.00,0.00,10.00
13877.00,0.00,0.00,0.00,-0.00,0.00,-0.00,0.00,0.00,0.00,-0.00,-0.00,-0.00,0.00,-0.00,0.00,10.00
13887.00,0.00,0.00,0.00,-0.00,0.00,-0.00,0.00,0.00,0.00,-0.00,-0.00,-0.00,0.00,-0.00,-0.00,10.00
13897.00,0.00,0.00,0.00,-0.00,0.00,-0.00,0.00,0.00,0.00,-0.00,-0.00,-0.00,0.00,0.00,0.00,17.00
13914.00,0.00,0.00,0.00,-0.00,0.00,-0.00,0.00,0.00,0.00,-0.00,-0.00,-0.00,-0.00,0.00,-0.00,10.00
13924.00,0.00,0.00,0.00,-0.00,0.00,-0.00,0.00,0.00,0.00,-0.00,-0.00,-0.00,0.00,-0.00,-0.00,10.00
13934.00,0.00,0.00,0.00,-0.00,0.00,-0.00,0.00,0.00,0.00,-0.00,-0.00,-0.00,0.00,-0.00,0.00,10.00
13944.00,0.00,0.00,0.00,-0.00,0.00,-0.00,0.00,0.00,0.00,-0.00,-0.00,-0.00,0.00,-0.00,0.00,10.00
13959.00,0.00,0.00,0.00,-0.00,0.00,-0.00,0.00,0.00,0.00,-0.00,-0.00,-0.00,0.00,0.00,0.00,10.00
13969.00,0.00,0.00,0.00,-0.00,0.00,-0.00,0.00,0.00,0.00,-0.00,-0.00,-0.00,0.00,-0.00,0.00,10.00
13979.00,0.00,0.00,0.00,-0.00,0.00,-0.00,0.00,0.00,0.00,-0.00,-0.00,-0.00,0.00,-0.00,-0.00,10.00
13989.00,0.00,0.00,0.00,-0.00,0.00,-0.00,0.00,0.00,0.00,-0.00,-0.00,-0.00,0.00,-0.00,0.00,10.00
13999.00,0.00,0.00,0.00,-0.00,0.00,-0.00,0.00,0.00,0.00,-0.00,-0.00,-0.00,0.00,0.00,-0.00,18.00
14017.00,0.00,0.00,0.00,-0.00,0.00,-0.00,0.00,0.00,0.00,-0.00,-0.00,-0.00,0.00,0.00,0.00,10.00
14027.00,0.00,0.00,0.00,-0.00,0.00,-0.00,0.00,0.00,0.00,-0.00,-0.00,-0.00,0.00,0.00,-0.00,10.00
14037.00,0.00,0.00,0.00,-0.00,0.00,-0.00,0.00,0.00,0.00,-0.00,-0.00,-0.00,0.00,-0.00,0.00,10.00
14047.00,0.00,0.00,0.00,0.00,-0.00,-0.00,0.00,-0.00,0.00,-0.00,-0.00,-0.00,0.00,-0.00,-0.00,10.00
14057.00,0.00,0.00,0.00,0.00,-0.00,-0.00,0.00,-0.00,0.00,-0.00,-0.00,-0.00,0.00,0.00,-0.00,10.00
14072.00,0.00,0.00,0.00,0.00,-0.00,-0.00,0.00,-0.00,0.00,-0.00,-0.00,-0.00,-0.00,0.00,0.00,10.00
14082.00,0.00,0.00,0.00,0.00,-0.00,-0.00,0.00,-0.00,0.00,-0.00,-0.00,-0.00,-0.00,0.00,-0.00,10.00
14092.00,0.00,0.00,0.00,0.00,-0.00,-0.00,0.00,-0.00,0.00,-0.00,-0.00,-0.00,0.00,0.00,-0.00,10.00
14102.00,0.00,0.00,0.00,0.00,-0.00,-0.00,0.00,-0.00,0.00,-0.00,-0.00,-0.00,0.00,0.00,-0.00,17.00
14119.00,0.00,0.00,0.00,0.00,-0.00,-0.00,0.00,-0.00,0.00,-0.00,-0.00,-0.00,0.00,-0.00,-0.00,10.00
14129.00,0.00,0.00,0.00,0.00,-0.00,-0.00,0.00,-0.00,0.00,-0.00,-0.00,-0.00,0.00,-0.00,0.00,10.00
14139.00,0.00,0.00,0.00,0.00,-0.00,-0.00,0.00,-0.00,0.00,-0.00,-0.00,-0.00,0.00,-0.00,0.00,10.00
14149.00,0.00,0.00,0.00,0.00,-0.00,-0.00,0.00,-0.00,0.00,-0.00,-0.00,-0.00,0.00,-0.00,0.00,10.00
14159.00,0.00,0.00,0.00,0.00,-0.00,-0.00,0.00,-0.00,0.00,-0.00,-0.00,-0.00,0.00,0.00,-0.00,10.00
14169.00,0.00,0.00,0.00,0.00,-0.00,-0.00,0.00,-0.00,0.00,-0.00,-0.00,-0.00,0.00,0.00,-0.00,10.00
14184.00,0.00,0.00,0.00,0.00,-0.00,-0.00,0.00,-0.00,0.00,-0.00,-0.00,-0.00,0.00,0.00,0.00,10.00
14194.00,0.00,0.00,0.00,0.00,-0.00,-0.00,0.00,-0.00,0.00,-0.00,-0.00,-0.00,0.00,-0.00,0.00,10.00
14204.00,0.00,0.00,0.00,0.00,-0.00,-0.00,0.00,-0.00,0.00,-0.00,-0.00,-0.00,0.00,0.00,-0.00,15.00
14219.00,0.00,0.00,0.00,0.00,-0.00,-0.00,0.00,-0.00,0.00,-0.00,-0.00,-0.00,0.00,0.00,-0.00,10.00
14229.00,0.00,0.00,0.00,0.00,-0.00,-0.00,0.00,-0.00,0.00,-0.00,-0.00,-0.00,0.00,-0.00,0.00,10.00
14239.00,0.00,0.00,0.00,0.00,-0.00,-0.00,0.00,-0.00,0.00,-0.00,-0.00,-0.00,0.00,-0.00,-0.00,10.00
14249.00,0.00,0.00,0.00,0.00,-0.00,-0.00,0.00,0.00,-0.00,0.00,-0.00,-0.00,0.00,-0.00,-0.00,10.00
14259.00,0.00,0.00,0.00,0.00,-0.00,-0.00,0.00,0.00,-0.00,0.00,-0.00,-0.00,0.00,0.00,0.00,10.00
14269.00,0.00,0.00,0.00,0.00,-0.00,-0.00,0.00,0.00,-0.00,0.00,-0.00,-0.00,0.00,-0.00,-0.00,10.00
14279.00,0.00,0.00,0.00,0.00,-0.00,-0.00,0.00,0.00,-0.00,0.00,-0.00,-0.00,-0.00,0.00,-0.00,10.00
14294.00,0.00,0.00,0.00,0.00,-0.00,-0.00,0.00,0.00,-0.00,0.00,-0.00,-0.00,0.00,0.00,0.00,10.00
14304.00,0.00,0.00,0.00,0.00,-0.00,-0.00,0.00,0.00,-0.00,0.00,-0.00,-0.00,0.00,0.00,0.00,16.00
14320.00,0.00,0.00,0.00,0.00,-0.00,-0.00,0.00,0.00,-0.00,0.00,-0.00,-0.00,0.00,0.00,0.00,10.00
14330.00,0.00,0.00,0.00,0.00,-0.00,-0.00,0.00,0.00,-0.00,0.00,-0.00,-0.00,0.00,0.00,-0.00,10.00
14340.00,0.00,0.00,0.00,0.00,-0.00,-0.00,0.00,0.00,-0.00,0.00,-0.00,-0.00,0.00,-0.00,0.00,10.00
14350.00,0.00,0.00,0.00,0.00,-0.00,-0.00,0.00,0.00,-0.00,0.00,-0.00,-0.00,0.00,-0.00,0.00,10.00
14360.00,0.00,0.00,0.00,0.00,-0.00,-0.00,0.00,0.00,-0.00,0.00,-0.00,-0.00,0.00,0.00,-0.00,10.00
14370.00,0.00,0.00,0.00,0.00,-0.00,-0.00,0.00,0.00,-0.00,0.00,-0.00,-0.00,0.00,0.00,0.00,10.00
14380.00,0.00,0.00,0.00,0.00,-0.00,-0.00,0.00,0.00,-0.00,0.00,-0.00,-0.00,0.00,0.00,-0.00,10.00
14390.00,0.00,0.00,0.00,0.00,-0.00,-0.00,0.00,0.00,-0.00,0.00,-0.00,-0.00,0.00,0.00,-0.00,10.00
14405.00,0.00,0.00,0.00,0.00,-0.00,-0.00,0.00,0.00,-0.00,0.00,-0.00,-0.00,-0.00,0.00,-0.00,16.00
14421.00,0.00,0.00,0.00,0.00,-0.00,-0.00,0.00,0.00,-0.00,0.00,-0.00,-0.00,0.00,-0.00,0.00,10.00
14431.00,0.00,0.00,0.00,0.00,-0.00,-0.00,0.00,0.00,-0.00,0.00,-0.00,-0.00,-0.00,-0.00,0.00,10.00
14441.00,0.00,0.00,0.00,0.00,-0.00,-0.00,0.00,0.00,-0.00,0.00,-0.00,-0.00,0.00,0.00,-0.00,10.00
14451.00,0.00,0.00,0.00,-0.00,0.00,-0.00,-0.00,0.00,0.00,0.00,-0.00,-0.00,-0.00,0.00,-0.00,10.00
14461.00,0.00,0.00,0.00,-0.00,0.00,-0.00,-0.00,0.00,0.00,0.00,-0.00,-0.00,0.00,0.00,0.00,10.00
14471.00,0.00,0.00,0.00,-0.00,0.00,-0.00,-0.00,0.00,0.00,0.00,-0.00,-0.00,0.00,0.00,0.00,10.00
14481.00,0.00,0.00,0.00,-0.00,0.00,-0.00,-0.00,0.00,0.00,0.00,-0.00,-0.00,0.00,-0.00,-0.00,10.00
14491.00,0.00,0.00,0.00,-0.00,0.00,-0.00,-0.00,0.00,0.00,0.00,-0.00,-0.00,-0.00,0.00,-0.00,10.00
14502.00,0.00,0.00,0.00,-0.00,0.00,-0.00,-0.00,0.00,0.00,0.00,-0.00,-0.00,-0.00,0.00,0.00,17.00
14524.00,0.00,0.00,0.00,-0.00,0.00,-0.00,-0.00,0.00,0.00,0.00,-0.00,-0.00,0.00,-0.00,0.00,10.00
14534.00,0.00,0.00,0.00,-0.00,0.00,-0.00,-0.00,0.00,0.00,0.00,-0.00,-0.00,-0.00,-0.00,0.00,10.00
14544.00,0.00,0.00,0.00,-0.00,0.00,-0.00,-0.00,0.00,0.00,0.00,-0.00,-0.00,0.00,-0.00,0.00,10.00
14554.00,0.00,0.00,0.00,-0.00,0.00,-0.00,-0.00,0.00,0.00,0.00,-0.00,-0.00,-0.00,0.00,0.00,10.00
14564.00,0.00,0.00,0.00,-0.00,0.00,-0.00,-0.00,0.00,0.00,0.00,-0.00,-0.00,0.00,0.00,0.00,10.00
14574.00,0.00,0.00,0.00,-0.00,0.00,-0.00,-0.00,0.00,0.00,0.00,-0.00,-0.00,0.00,-0.00,-0.00,10.00
14584.00,0.00,0.00,0.00,-0.00,0.00,-0.00,-0.00,0.00,0.00,0.00,-0.00,-0.00,-0.00,-0.00,-0.00,10.00
14594.00,0.00,0.00,0.00,-0.00,0.00,-0.00,-0.00,0.00,0.00,0.00,-0.00,-0.00,0.00,0.00,-0.00,17.00
14611.00,0.00,0.00,0.00,-0.00,0.00,-0.00,-0.00,0.00,0.00,0.00,-0.00,-0.00,0.00,0.00,0.00,10.00
14621.00,0.00,0.00,0.00,-0.00,0.00,-0.00,-0.00,0.00,0.00,0.00,-0.00,-0.00,0.00,0.00,0.00,10.00
14636.00,0.00,0.00,0.00,-0.00,0.00,-0.00,-0.00,0.00,0.00,0.00,-0.00,-0.00,0.00,0.00,-0.00,10.00
14646.00,0.00,0.00,0.00,-0.00,0.00,-0.00,-0.00,0.00,0.00,0.00,-0.00,-0.00,0.00,0.00,-0.00,10.00
14656.00,0.00,0.00,0.00,0.00,0.00,-0.00,0.00,0.00,0.00,0.00,-0.00,-0.00,0.00,0.00,-0.00,10.00
14666.00,0.00,0.00,0.00,0.00,0.00,-0.00,0.00,0.00,0.00,0.00,-0.00,-0.00,0.00,0.00,-0.00,10.00
14676.00,0.00,0.00,0.00,0.00,0.00,-0.00,0.00,0.00,0.00,0.00,-0.00,-0.00,0.00,0.00,-0.00,10.00
14686.00,0.00,0.00,0.00,0.00,0.00,-0.00,0.00,0.00,0.00,0.00,-0.00,-0.00,0.00,0.00,0.00,10.00
14696.00,0.00,0.00,0.00,0.00,0.00,-0.00,0.00,0.00,0.00,0.00,-0.00,-0.00,-0.00,0.00,-0.00,10.00
14706.00,0.00,0.00,0.00,0.00,0.00,-0.00,0.00,0.00,0.00,0.00,-0.00,-0.00,0.00,0.00,-0.00,16.00
14722.00,0.00,0.00,0.00,0.00,0.00,-0.00,0.00,0.00,0.00,0.00,-0.00,-0.00,-0.00,0.00,-0.00,10.00
14732.00,0.00,0.00,0.00,0.00,0.00,-0.00,0.00,0.00,0.00,0.00,-0.00,-0.00,-0.00,0.00,-0.00,10.00
14751.00,0.00,0.00,0.00,0.00,0.00,-0.00,0.00,0.00,0.00,0.00,-0.00,-0.00,-0.00,0.00,-0.00,10.00
14761.00,0.00,0.00,0.00,0.00,0.00,-0.00,0.00,0.00,0.00,0.00,-0.00,-0.00,0.00,0.00,-0.00,10.00
14771.00,0.00,0.00,0.00,0.00,0.00,-0.00,0.00,0.00,0.00,0.00,-0.00,-0.00,0.00,0.00,-0.00,10.00
14781.00,0.00,0.00,0.00,0.00,0.00,-0.00,0.00,0.00,0.00,0.00,-0.00,-0.00,0.00,0.00,-0.00,10.00
14791.00,0.00,0.00,0.00,0.00,0.00,-0.00,0.00,0.00,0.00,0.00,-0.00,-0.00,0.00,0.00,0.00,10.00
14801.00,0.00,0.00,0.00,0.00,0.00,-0.00,0.00,0.00,0.00,0.00,-0.00,-0.00,0.00,-0.00,-0.00,19.00
14820.00,0.00,0.00,0.00,0.00,0.00,-0.00,0.00,0.00,0.00,0.00,-0.00,-0.00,0.00,0.00,-0.00,10.00
14830.00,0.00,0.00,0.00,0.00,0.00,-0.00,0.00,0.00,0.00,0.00,-0.00,-0.00,0.00,0.00,0.00,10.00
14840.00,0.00,0.00,0.00,0.00,0.00,-0.00,0.00,0.00,0.00,0.00,-0.00,-0.00,0.00,0.00,-0.00,10.00
14850.00,0.00,0.00,0.00,0.00,0.00,-0.00,0.00,0.00,0.00,0.00,-0.00,-0.00,0.00,0.00,-0.00,10.00
14864.00,0.00,0.00,0.00,0.00,-0.00,0.00,0.00,-0.00,0.00,0.00,-0.00,-0.00,0.00,-0.00,0.00,10.00
14874.00,0.00,0.00,0.00,0.00,-0.00,0.00,0.00,-0.00,0.00,0.00,-0.00,-0.00,0.00,-0.00,0.00,10.00
14884.00,0.00,0.00,0.00,0.00,-0.00,0.00,0.00,-0.00,0.00,0.00,-0.00,-0.00,-0.00,-0.00,0.00,10.00
14894.00,0.00,0.00,0.00,0.00,-0.00,0.00,0.00,-0.00,0.00,0.00,-0.00,-0.00,-0.00,0.00,0.00,10.00
14904.00,0.00,0.00,0.00,0.00,-0.00,0.00,0.00,-0.00,0.00,0.00,-0.00,-0.00,0.00,0.00,0.00,17.00
14921.00,0.00,0.00,0.00,0.00,-0.00,0.00,0.00,-0.00,0.00,0.00,-0.00,-0.00,-0.00,-0.00,0.00,10.00
14931.00,0.00,0.00,0.00,0.00,-0.00,0.00,0.00,-0.00,0.00,0.00,-0.00,-0.00,0.00,0.00,0.00,10.00
14941.00,0.00,0.00,0.00,0.00,-0.00,0.00,0.00,-0.00,0.00,0.00,-0.00,-0.00,0.00,-0.00,0.00,10.00
14951.00,0.00,0.00,0.00,0.00,-0.00,0.00,0.00,-0.00,0.00,0.00,-0.00,-0.00,-0.00,0.00,0.00,10.00
14961.00,0.00,0.00,0.00,0.00,-0.00,0.00,0.00,-0.00,0.00,0.00,-0.00,-0.00,-0.00,-0.00,0.00,10.00
14975.00,0.00,0.00,0.00,0.00,-0.00,0.00,0.00,-0.00,0.00,0.00,-0.00,-0.00,0.00,0.00,0.00,10.00
14985.00,0.00,0.00,0.00,0.00,-0.00,0.00,0.00,-0.00,0.00,0.00,-0.00,-0.00,0.00,-0.00,0.00,10.00
14995.00,0.00,0.00,0.00,0.00,-0.00,0.00,0.00,-0.00,0.00,0.00,-0.00,-0.00,-0.00,-0.00,-0.00,17.00
15012.00,0.00,0.00,0.00,0.00,-0.00,0.00,0.00,-0.00,0.00,0.00,-0.00,-0.00,-0.00,-0.00,0.00,10.00
15022.00,0.00,0.00,0.00,0.00,-0.00,0.00,0.00,-0.00,0.00,0.00,-0.00,-0.00,0.00,-0.00,0.00,10.00
15032.00,0.00,0.00,0.00,0.00,-0.00,0.00,0.00,-0.00,0.00,0.00,-0.00,-0.00,0.00,0.00,0.00,10.00
15042.00,0.00,0.00,0.00,0.00,-0.00,0.00,0.00,-0.00,0.00,0.00,-0.00,-0.00,-0.00,0.00,0.00,10.00
15052.00,0.00,0.00,0.00,0.00,-0.00,0.00,0.00,-0.00,0.00,0.00,-0.00,-0.00,-0.00,-0.00,0.00,10.00
15062.00,0.00,0.00,0.00,0.00,-0.00,0.00,0.00,-0.00,0.00,0.00,-0.00,-0.00,0.00,-0.00,0.00,10.00
15072.00,0.00,0.00,0.00,0.00,-0.00,-0.00,-0.00,-0.00,-0.00,0.00,-0.00,-0.00,0.00,-0.00,-0.00,10.00
15087.00,0.00,0.00,0.00,0.00,-0.00,-0.00,-0.00,-0.00,-0.00,0.00,-0.00,-0.00,0.00,-0.00,0.00,10.00
15097.00,0.00,0.00,0.00,0.00,-0.00,-0.00,-0.00,-0.00,-0.00,0.00,-0.00,-0.00,0.00,0.00,0.00,10.00
15107.00,0.00,0.00,0.00,0.00,-0.00,-0.00,-0.00,-0.00,-0.00,0.00,-0.00,-0.00,0.00,-0.00,0.00,15.00
15122.00,0.00,0.00,0.00,0.00,-0.00,-0.00,-0.00,-0.00,-0.00,0.00,-0.00,-0.00,0.00,0.00,0.00,10.00
15132.00,0.00,0.00,0.00,0.00,-0.00,-0.00,-0.00,-0.00,-0.00,0.00,-0.00,-0.00,-0.00,0.00,0.00,10.00
15142.00,0.00,0.00,0.00,0.00,-0.00,-0.00,-0.00,-0.00,-0.00,0.00,-0.00,-0.00,0.00,0.00,0.00,10.00
15152.00,0.00,0.00,0.00,0.00,-0.00,-0.00,-0.00,-0.00,-0.00,0.00,-0.00,-0.00,0.00,-0.00,0.00,10.00
15162.00,0.00,0.00,0.00,0.00,-0.00,-0.00,-0.00,-0.00,-0.00,0.00,-0.00,-0.00,0.00,-0.00,-0.00,10.00
15172.00,0.00,0.00,0.00,0.00,-0.00,-0.00,-0.00,-0.00,-0.00,0.00,-0.00,-0.00,0.00,-0.00,0.00,10.00
15182.00,0.00,0.00,0.00,0.00,-0.00,-0.00,-0.00,-0.00,-0.00,0.00,-0.00,-0.00,0.00,-0.00,-0.00,10.00
15196.00,0.00,0.00,0.00,0.00,-0.00,-0.00,-0.00,-0.00,-0.00,0.00,-0.00,-0.00,0.00,0.00,0.00,10.00
15206.00,0.00,0.00,0.00,0.00,-0.00,-0.00,-0.00,-0.00,-0.00,0.00,-0.00,-0.00,0.00,0.00,0.00,10.00
15216.00,0.00,0.00,0.00,0.00,-0.00,-0.00,-0.00,-0.00,-0.00,0.00,-0.00,-0.00,-0.00,0.00,0.00,16.00
15232.00,0.00,0.00,0.00,0.00,-0.00,-0.00,-0.00,-0.00,-0.00,0.00,-0.00,-0.00,0.00,0.00,0.00,10.00
15242.00,0.00,0.00,0.00,0.00,-0.00,-0.00,-0.00,-0.00,-0.00,0.00,-0.00,-0.00,0.00,0.00,0.00,10.00
15252.00,0.00,0.00,0.00,0.00,-0.00,-0.00,-0.00,-0.00,-0.00,0.00,-0.00,-0.00,0.00,0.00,0.00,10.00
15262.00,0.00,0.00,0.00,0.00,-0.00,-0.00,-0.00,-0.00,-0.00,0.00,-0.00,-0.00,0.00,0.00,0.00,10.00
15272.00,0.00,0.00,0.00,0.00,0.00,-0.00,0.00,0.00,-0.00,0.00,-0.00,-0.00,0.00,0.00,0.00,10.00
15282.00,0.00,0.00,0.00,0.00,0.00,-0.00,0.00,0.00,-0.00,0.00,-0.00,-0.00,0.00,0.00,0.00,10.00
15292.00,0.00,0.00,0.00,0.00,0.00,-0.00,0.00,0.00,-0.00,0.00,-0.00,-0.00,-0.00,0.00,0.00,10.00
15307.00,0.00,0.00,0.00,0.00,0.00,-0.00,0.00,0.00,-0.00,0.00,-0.00,-0.00,0.00,-0.00,0.00,17.00
15324.00,0.00,0.00,0.00,0.00,0.00,-0.00,0.00,0.00,-0.00,0.00,-0.00,-0.00,0.00,0.00,0.00,10.00
15334.00,0.00,0.00,0.00,0.00,0.00,-0.00,0.00,0.00,-0.00,0.00,-0.00,-0.00,-0.00,-0.00,0.00,10.00
15344.00,0.00,0.00,0.00,0.00,0.00,-0.00,0.00,0.00,-0.00,0.00,-0.00,-0.00,0.00,-0.00,0.00,10.00
15354.00,0.00,0.00,0.00,0.00,0.00,-0.00,0.00,0.00,-0.00,0.00,-0.00,-0.00,-0.00,-0.00,0.00,10.00
15364.00,0.00,0.00,0.00,0.00,0.00,-0.00,0.00,0.00,-0.00,0.00,-0.00,-0.00,0.00,-0.00,0.00,10.00
15374.00,0.00,0.00,0.00,0.00,0.00,-0.00,0.00,0.00,-0.00,0.00,-0.00,-0.00,-0.00,-0.00,0.00,10.00
15384.00,0.00,0.00,0.00,0.00,0.00,-0.00,0.00,0.00,-0.00,0.00,-0.00,-0.00,-0.00,0.00,0.00,10.00
15394.00,0.00,0.00,0.00,0.00,0.00,-0.00,0.00,0.00,-0.00,0.00,-0.00,-0.00,0.00,0.00,0.00,16.00
15410.00,0.00,0.00,0.00,0.00,0.00,-0.00,0.00,0.00,-0.00,0.00,-0.00,-0.00,0.00,-0.00,0.00,10.00
15425.00,0.00,0.00,0.00,0.00,0.00,-0.00,0.00,0.00,-0.00,0.00,-0.00,-0.00,-0.00,-0.00,-0.00,10.00
15435.00,0.00,0.00,0.00,0.00,0.00,-0.00,0.00,0.00,-0.00,0.00,-0.00,-0.00,-0.00,-0.00,-0.00,10.00
15445.00,0.00,0.00,0.00,0.00,0.00,-0.00,0.00,0.00,-0.00,0.00,-0.00,-0.00,-0.00,-0.00,0.00,10.00
15455.00,0.00,0.00,0.00,0.00,0.00,-0.00,0.00,0.00,-0.00,0.00,-0.00,-0.00,-0.00,0.00,-0.00,10.00
15465.00,0.00,0.00,0.00,0.00,0.00,-0.00,0.00,0.00,-0.00,0.00,-0.00,-0.00,-0.00,0.00,-0.00,10.00
15475.00,0.00,0.00,0.00,-0.00,0.00,0.00,-0.00,0.00,0.00,0.00,-0.00,-0.00,0.00,0.00,0.00,10.00
15485.00,0.00,0.00,0.00,-0.00,0.00,0.00,-0.00,0.00,0.00,0.00,-0.00,-0.00,0.00,0.00,0.00,10.00
15495.00,0.00,0.00,0.00,-0.00,0.00,0.00,-0.00,0.00,0.00,0.00,-0.00,-0.00,-0.00,0.00,-0.00,10.00
15505.00,0.00,0.00,0.00,-0.00,0.00,0.00,-0.00,0.00,0.00,0.00,-0.00,-0.00,0.00,-0.00,0.00,17.00
15522.00,0.00,0.00,0.00,-0.00,0.00,0.00,-0.00,0.00,0.00,0.00,-0.00,-0.00,0.00,-0.00,0.00,10.00
15536.00,0.00,0.00,0.00,-0.00,0.00,0.00,-0.00,0.00,0.00,0.00,-0.00,-0.00,0.00,-0.00,-0.00,10.00
15546.00,0.00,0.00,0.00,-0.00,0.00,0.00,-0.00,0.00,0.00,0.00,-0.00,-0.00,0.00,-0.00,0.00,10.00
15556.00,0.00,0.00,0.00,-0.00,0.00,0.00,-0.00,0.00,0.00,0.00,-0.00,-0.00,0.00,-0.00,-0.00,10.00
15566.00,0.00,0.00,0.00,-0.00,0.00,0.00,-0.00,0.00,0.00,0.00,-0.00,-0.00,0.00,-0.00,0.00,10.00
15576.00,0.00,0.00,0.00,-0.00,0.00,0.00,-0.00,0.00,0.00,0.00,-0.00,-0.00,-0.00,-0.00,0.00,10.00
15586.00,0.00,0.00,0.00,-0.00,0.00,0.00,-0.00,0.00,0.00,0.00,-0.00,-0.00,0.00,-0.00,-0.00,10.00
15596.00,0.00,0.00,0.00,-0.00,0.00,0.00,-0.00,0.00,0.00,0.00,-0.00,-0.00,0.00,0.00,-0.00,10.00
15606.00,0.00,0.00,0.00,-0.00,0.00,0.00,-0.00,0.00,0.00,0.00,-0.00,-0.00,0.00,-0.00,-0.00,18.00
15624.00,0.00,0.00,0.00,-0.00,0.00,0.00,-0.00,0.00,0.00,0.00,-0.00,-0.00,0.00,-0.00,-0.00,10.00
15634.00,0.00,0.00,0.00,-0.00,0.00,0.00,-0.00,0.00,0.00,0.00,-0.00,-0.00,0.00,0.00,0.00,10.00
15654.00,0.00,0.00,0.00,-0.00,0.00,0.00,-0.00,0.00,0.00,0.00,-0.00,-0.00,0.00,0.00,-0.00,10.00
15664.00,0.00,0.00,0.00,-0.00,0.00,0.00,-0.00,0.00,0.00,0.00,-0.00,-0.00,-0.00,-0.00,0.00,10.00
15674.00,0.00,0.00,0.00,-0.00,0.00,0.00,-0.00,0.00,0.00,0.00,-0.00,-0.00,-0.00,-0.00,0.00,10.00
15684.00,0.00,0.00,0.00,0.00,-0.00,-0.00,0.00,-0.00,-0.00,0.00,-0.00,-0.00,0.00,-0.00,-0.00,10.00
15694.00,0.00,0.00,0.00,0.00,-0.00,-0.00,0.00,-0.00,-0.00,0.00,-0.00,-0.00,0.00,-0.00,0.00,10.00
15704.00,0.00,0.00,0.00,0.00,-0.00,-0.00,0.00,-0.00,-0.00,0.00,-0.00,-0.00,0.00,-0.00,0.00,19.00
15723.00,0.00,0.00,0.00,0.00,-0.00,-0.00,0.00,-0.00,-0.00,0.00,-0.00,-0.00,0.00,0.00,0.00,10.00
15733.00,0.00,0.00,0.00,0.00,-0.00,-0.00,0.00,-0.00,-0.00,0.00,-0.00,-0.00,-0.00,0.00,0.00,10.00
15743.00,0.00,0.00,0.00,0.00,-0.00,-0.00,0.00,-0.00,-0.00,0.00,-0.00,-0.00,0.00,0.00,0.00,10.00
15753.00,0.00,0.00,0.00,0.00,-0.00,-0.00,0.00,-0.00,-0.00,0.00,-0.00,-0.00,0.00,0.00,-0.00,10.00
15768.00,0.00,0.00,0.00,0.00,-0.00,-0.00,0.00,-0.00,-0.00,0.00,-0.00,-0.00,-0.00,-0.00,0.00,10.00
15778.00,0.00,0.00,0.00,0.00,-0.00,-0.00,0.00,-0.00,-0.00,0.00,-0.00,-0.00,0.00,0.00,-0.00,10.00
15788.00,0.00,0.00,0.00,0.00,-0.00,-0.00,0.00,-0.00,-0.00,0.00,-0.00,-0.00,0.00,0.00,0.00,10.00
15798.00,0.00,0.00,0.00,0.00,-0.00,-0.00,0.00,-0.00,-0.00,0.00,-0.00,-0.00,0.00,-0.00,0.00,10.00
15808.00,0.00,0.00,0.00,0.00,-0.00,-0.00,0.00,-0.00,-0.00,0.00,-0.00,-0.00,0.00,0.00,-0.00,17.00
15825.00,0.00,0.00,0.00,0.00,-0.00,-0.00,0.00,-0.00,-0.00,0.00,-0.00,-0.00,0.00,0.00,-0.00,10.00
15835.00,0.00,0.00,0.00,0.00,-0.00,-0.00,0.00,-0.00,-0.00,0.00,-0.00,-0.00,0.00,-0.00,-0.00,10.00
15845.00,0.00,0.00,0.00,0.00,-0.00,-0.00,0.00,-0.00,-0.00,0.00,-0.00,-0.00,-0.00,0.00,0.00,10.00
15855.00,0.00,0.00,0.00,0.00,-0.00,-0.00,0.00,-0.00,-0.00,0.00,-0.00,-0.00,0.00,0.00,0.00,10.00
15865.00,0.00,0.00,0.00,0.00,-0.00,-0.00,0.00,-0.00,-0.00,0.00,-0.00,-0.00,0.00,0.00,0.00,10.00
15880.00,0.00,0.00,0.00,0.00,-0.00,-0.00,0.00,-0.00,-0.00,0.00,-0.00,-0.00,0.00,0.00,0.00,10.00
15890.00,0.00,0.00,0.00,0.00,0.00,0.00,-0.00,0.00,0.00,0.00,-0.00,-0.00,-0.00,0.00,0.00,10.00
15900.00,0.00,0.00,0.00,0.00,0.00,0.00,-0.00,0.00,0.00,0.00,-0.00,-0.00,0.00,0.00,0.00,16.00
15916.00,0.00,0.00,0.00,0.00,0.00,0.00,-0.00,0.00,0.00,0.00,-0.00,-0.00,0.00,0.00,-0.00,10.00
15926.00,0.00,0.00,0.00,0.00,0.00,0.00,-0.00,0.00,0.00,0.00,-0.00,-0.00,-0.00,0.00,-0.00,10.00
15936.00,0.00,0.00,0.00,0.00,0.00,0.00,-0.00,0.00,0.00,0.00,-0.00,-0.00,-0.00,0.00,-0.00,10.00
15946.00,0.00,0.00,0.00,0.00,0.00,0.00,-0.00,0.00,0.00,0.00,-0.00,-0.00,-0.00,0.00,0.00,10.00
15956.00,0.00,0.00,0.00,0.00,0.00,0.00,-0.00,0.00,0.00,0.00,-0.00,-0.00,0.00,0.00,-0.00,10.00
15966.00,0.00,0.00,0.00,0.00,0.00,0.00,-0.00,0.00,0.00,0.00,-0.00,-0.00,0.00,-0.00,-0.00,10.00
15976.00,0.00,0.00,0.00,0.00,0.00,0.00,-0.00,0.00,0.00,0.00,-0.00,-0.00,0.00,0.00,-0.00,10.00
15990.00,0.00,0.00,0.00,0.00,0.00,0.00,-0.00,0.00,0.00,0.00,-0.00,-0.00,-0.00,-0.00,0.00,10.00
16000.00,0.00,0.00,0.00,0.00,0.00,0.00,-0.00,0.00,0.00,0.00,-0.00,-0.00,-0.00,-0.00,-0.00,10.00
16010.00,0.00,0.00,0.00,0.00,0.00,0.00,-0.00,0.00,0.00,0.00,-0.00,-0.00,0.00,-0.00,0.00,15.00
16025.00,0.00,0.00,0.00,0.00,0.00,0.00,-0.00,0.00,0.00,0.00,-0.00,-0.00,-0.00,0.00,0.00,10.00
16035.00,0.00,0.00,0.00,0.00,0.00,0.00,-0.00,0.00,0.00,0.00,-0.00,-0.00,-0.00,0.00,0.00,10.00
16045.00,0.00,0.00,0.00,0.00,0.00,0.00,-0.00,0.00,0.00,0.00,-0.00,-0.00,0.00,0.00,-0.00,10.00
16055.00,0.00,0.00,0.00,0.00,0.00,0.00,-0.00,0.00,0.00,0.00,-0.00,-0.00,0.00,0.00,0.00,10.00
16065.00,0.00,0.00,0.00,0.00,0.00,0.00,-0.00,0.00,0.00,0.00,-0.00,-0.00,-0.00,0.00,0.00,10.00
16075.00,0.00,0.00,0.00,0.00,0.00,0.00,-0.00,0.00,0.00,0.00,-0.00,-0.00,0.00,0.00,0.00,10.00
16085.00,0.00,0.00,0.00,0.00,0.00,0.00,-0.00,0.00,0.00,0.00,-0.00,-0.00,-0.00,0.00,-0.00,10.00
16100.00,0.00,0.00,0.00,0.00,0.00,-0.00,0.00,-0.00,-0.00,0.00,-0.00,-0.00,-0.00,0.00,-0.00,17.00
16117.00,0.00,0.00,0.00,0.00,0.00,-0.00,0.00,-0.00,-0.00,0.00,-0.00,-0.00,-0.00,0.00,-0.00,10.00
16127.00,0.00,0.00,0.00,0.00,0.00,-0.00,0.00,-0.00,-0.00,0.00,-0.00,-0.00,0.00,0.00,-0.00,10.00
16137.00,0.00,0.00,0.00,0.00,0.00,-0.00,0.00,-0.00,-0.00,0.00,-0.00,-0.00,0.00,-0.00,-0.00,10.00
16147.00,0.00,0.00,0.00,0.00,0.00,-0.00,0.00,-0.00,-0.00,0.00,-0.00,-0.00,0.00,-0.00,0.00,10.00
16157.00,0.00,0.00,0.00,0.00,0.00,-0.00,0.00,-0.00,-0.00,0.00,-0.00,-0.00,0.00,0.00,-0.00,10.00
16167.00,0.00,0.00,0.00,0.00,0.00,-0.00,0.00,-0.00,-0.00,0.00,-0.00,-0.00,0.00,0.00,-0.00,10.00
16177.00,0.00,0.00,0.00,0.00,0.00,-0.00,0.00,-0.00,-0.00,0.00,-0.00,-0.00,-0.00,0.00,-0.00,10.00
16187.00,0.00,0.00,0.00,0.00,0.00,-0.00,0.00,-0.00,-0.00,0.00,-0.00,-0.00,-0.00,-0.00,-0.00,10.00
16197.00,0.00,0.00,0.00,0.00,0.00,-0.00,0.00,-0.00,-0.00,0.00,-0.00,-0.00,-0.00,-0.00,-0.00,10.00
16211.00,0.00,0.00,0.00,0.00,0.00,-0.00,0.00,-0.00,-0.00,0.00,-0.00,-0.00,-0.00,-0.00,-0.00,16.00
16227.00,0.00,0.00,0.00,0.00,0.00,-0.00,0.00,-0.00,-0.00,0.00,-0.00,-0.00,0.00,0.00,-0.00,10.00
16237.00,0.00,0.00,0.00,0.00,0.00,-0.00,0.00,-0.00,-0.00,0.00,-0.00,-0.00,0.00,0.00,0.00,10.00
16247.00,0.00,0.00,0.00,0.00,0.00,-0.00,0.00,-0.00,-0.00,0.00,-0.00,-0.00,-0.00,0.00,-0.00,10.00
16257.00,0.00,0.00,0.00,0.00,0.00,-0.00,0.00,-0.00,-0.00,0.00,-0.00,-0.00,-0.00,0.00,0.00,10.00
16267.00,0.00,0.00,0.00,0.00,0.00,-0.00,0.00,-0.00,-0.00,0.00,-0.00,-0.00,0.00,0.00,-0.00,10.00
16277.00,0.00,0.00,0.00,0.00,0.00,-0.00,0.00,-0.00,-0.00,0.00,-0.00,-0.00,0.00,-0.00,-0.00,10.00
16287.00,0.00,0.00,0.00,0.00,0.00,-0.00,0.00,-0.00,-0.00,0.00,-0.00,-0.00,0.00,-0.00,-0.00,10.00
16297.00,0.00,0.00,0.00,0.00,0.00,-0.00,0.00,-0.00,-0.00,0.00,-0.00,-0.00,0.00,-0.00,-0.00,16.00
16313.00,0.00,0.00,0.00,-0.00,-0.00,0.00,-0.00,-0.00,0.00,0.00,-0.00,-0.00,-0.00,-0.00,0.00,10.00
16327.00,0.00,0.00,0.00,-0.00,-0.00,0.00,-0.00,-0.00,0.00,0.00,-0.00,-0.00,0.00,-0.00,-0.00,10.00
16337.00,0.00,0.00,0.00,-0.00,-0.00,0.00,-0.00,-0.00,0.00,0.00,-0.00,-0.00,0.00,0.00,0.00,10.00
16347.00,0.00,0.00,0.00,-0.00,-0.00,0.00,-0.00,-0.00,0.00,0.00,-0.00,-0.00,-0.00,0.00,0.00,10.00
16357.00,0.00,0.00,0.00,-0.00,-0.00,0.00,-0.00,-0.00,0.00,0.00,-0.00,-0.00,0.00,0.00,0.00,10.00
16367.00,0.00,0.00,0.00,-0.00,-0.00,0.00,-0.00,-0.00,0.00,0.00,-0.00,-0.00,0.00,0.00,0.00,10.00
16377.00,0.00,0.00,0.00,-0.00,-0.00,0.00,-0.00,-0.00,0.00,0.00,-0.00,-0.00,0.00,-0.00,0.00,10.00
16387.00,0.00,0.00,0.00,-0.00,-0.00,0.00,-0.00,-0.00,0.00,0.00,-0.00,-0.00,0.00,0.00,0.00,10.00
16397.00,0.00,0.00,0.00,-0.00,-0.00,0.00,-0.00,-0.00,0.00,0.00,-0.00,-0.00,-0.00,0.00,0.00,16.00
16413.00,0.00,0.00,0.00,-0.00,-0.00,0.00,-0.00,-0.00,0.00,0.00,-0.00,-0.00,-0.00,-0.00,0.00,10.00
16423.00,0.00,0.00,0.00,-0.00,-0.00,0.00,-0.00,-0.00,0.00,0.00,-0.00,-0.00,0.00,0.00,0.00,10.00
16438.00,0.00,0.00,0.00,-0.00,-0.00,0.00,-0.00,-0.00,0.00,0.00,-0.00,-0.00,-0.00,0.00,-0.00,10.00
16448.00,0.00,0.00,0.00,-0.00,-0.00,0.00,-0.00,-0.00,0.00,0.00,-0.00,-0.00,0.00,0.00,0.00,10.00
16458.00,0.00,0.00,0.00,-0.00,-0.00,0.00,-0.00,-0.00,0.00,-0.00,-0.00,-0.00,-0.00,0.00,0.00,10.00
16468.00,0.00,0.00,0.00,-0.00,-0.00,0.00,-0.00,-0.00,0.00,-0.00,-0.00,-0.00,0.00,0.00,0.00,10.00
16478.00,0.00,0.00,0.00,-0.00,-0.00,0.00,-0.00,-0.00,0.00,-0.00,-0.00,-0.00,-0.00,0.00,0.00,10.00
16488.00,0.00,0.00,0.00,-0.00,-0.00,0.00,-0.00,-0.00,0.00,-0.00,-0.00,-0.00,-0.00,-0.00,-0.00,10.00
16498.00,0.00,0.00,0.00,-0.00,-0.00,0.00,-0.00,-0.00,0.00,-0.00,-0.00,-0.00,-0.00,-0.00,-0.00,10.00
16508.00,0.00,0.00,0.00,-0.00,-0.00,0.00,-0.00,-0.00,0.00,-0.00,-0.00,-0.00,0.00,0.00,-0.00,17.00
16525.00,0.00,0.00,0.00,-0.00,0.00,0.00,-0.00,0.00,0.00,-0.00,-0.00,-0.00,-0.00,0.00,0.00,10.00
16535.00,0.00,0.00,0.00,-0.00,0.00,0.00,-0.00,0.00,0.00,-0.00,-0.00,-0.00,-0.00,0.00,0.00,10.00
16550.00,0.00,0.00,0.00,-0.00,0.00,0.00,-0.00,0.00,0.00,-0.00,-0.00,-0.00,0.00,0.00,-0.00,10.00
16560.00,0.00,0.00,0.00,-0.00,0.00,0.00,-0.00,0.00,0.00,-0.00,-0.00,-0.00,0.00,0.00,0.00,10.00
16570.00,0.00,0.00,0.00,-0.00,0.00,0.00,-0.00,0.00,0.00,-0.00,-0.00,-0.00,-0.00,0.00,0.00,10.00
16580.00,0.00,0.00,0.00,-0.00,0.00,0.00,-0.00,0.00,0.00,-0.00,-0.00,-0.00,-0.00,0.00,-0.00,10.00
16590.00,0.00,0.00,0.00,-0.00,0.00,0.00,-0.00,0.00,0.00,-0.00,-0.00,-0.00,-0.00,0.00,-0.00,10.00
16600.00,0.00,0.00,0.00,-0.00,0.00,0.00,-0.00,0.00,0.00,-0.00,-0.00,-0.00,-0.00,-0.00,-0.00,10.00
16610.00,0.00,0.00,0.00,-0.00,0.00,0.00,-0.00,0.00,0.00,-0.00,-0.00,-0.00,0.00,0.00,0.00,17.00
16627.00,0.00,0.00,0.00,-0.00,0.00,0.00,-0.00,0.00,0.00,-0.00,-0.00,-0.00,0.00,0.00,0.00,10.00
16637.00,0.00,0.00,0.00,-0.00,0.00,0.00,-0.00,0.00,0.00,-0.00,-0.00,-0.00,0.00,0.00,0.00,10.00
16647.00,0.00,0.00,0.00,-0.00,0.00,0.00,-0.00,0.00,0.00,-0.00,-0.00,-0.00,0.00,-0.00,-0.00,10.00
16666.00,0.00,0.00,0.00,-0.00,0.00,0.00,-0.00,0.00,0.00,-0.00,-0.00,-0.00,-0.00,-0.00,0.00,10.00
16676.00,0.00,0.00,0.00,-0.00,0.00,0.00,-0.00,0.00,0.00,-0.00,-0.00,-0.00,-0.00,-0.00,0.00,10.00
16686.00,0.00,0.00,0.00,-0.00,0.00,0.00,-0.00,0.00,0.00,-0.00,-0.00,-0.00,0.00,0.00,0.00,10.00
16696.00,0.00,0.00,0.00,-0.00,0.00,0.00,-0.00,0.00,0.00,-0.00,-0.00,-0.00,-0.00,0.00,0.00,10.00
16706.00,0.00,0.00,0.00,-0.00,0.00,0.00,-0.00,0.00,0.00,-0.00,-0.00,-0.00,-0.00,0.00,0.00,17.00
16723.00,0.00,0.00,0.00,-0.00,0.00,0.00,-0.00,0.00,0.00,-0.00,-0.00,-0.00,-0.00,0.00,-0.00,10.00
16733.00,0.00,0.00,0.00,-0.00,-0.00,-0.00,0.00,-0.00,-0.00,-0.00,-0.00,-0.00,-0.00,-0.00,-0.00,10.00
16743.00,0.00,0.00,0.00,-0.00,-0.00,-0.00,0.00,-0.00,-0.00,-0.00,-0.00,-0.00,-0.00,-0.00,0.00,10.00
16753.00,0.00,0.00,0.00,-0.00,-0.00,-0.00,0.00,-0.00,-0.00,-0.00,-0.00,-0.00,-0.00,0.00,0.00,10.00
16763.00,0.00,0.00,0.00,-0.00,-0.00,-0.00,0.00,-0.00,-0.00,-0.00,-0.00,-0.00,0.00,0.00,-0.00,10.00
16778.00,0.00,0.00,0.00,-0.00,-0.00,-0.00,0.00,-0.00,-0.00,-0.00,-0.00,-0.00,-0.00,0.00,0.00,10.00
16788.00,0.00,0.00,0.00,-0.00,-0.00,-0.00,0.00,-0.00,-0.00,-0.00,-0.00,-0.00,0.00,0.00,0.00,10.00
16798.00,0.00,0.00,0.00,-0.00,-0.00,-0.00,0.00,-0.00,-0.00,-0.00,-0.00,-0.00,0.00,0.00,0.00,10.00
16808.00,0.00,0.00,0.00,-0.00,-0.00,-0.00,0.00,-0.00,-0.00,-0.00,-0.00,-0.00,-0.00,0.00,0.00,18.00
16826.00,0.00,0.00,0.00,-0.00,-0.00,-0.00,0.00,-0.00,-0.00,-0.00,-0.00,-0.00,-0.00,0.00,0.00,10.00
16836.00,0.00,0.00,0.00,-0.00,-0.00,-0.00,0.00,-0.00,-0.00,-0.00,-0.00,-0.00,0.00,-0.00,0.00,10.00
16846.00,0.00,0.00,0.00,-0.00,-0.00,-0.00,0.00,-0.00,-0.00,-0.00,-0.00,-0.00,0.00,0.00,0.00,10.00
16856.00,0.00,0.00,0.00,-0.00,-0.00,-0.00,0.00,-0.00,-0.00,-0.00,-0.00,-0.00,0.00,0.00,-0.00,10.00
16866.00,0.00,0.00,0.00,-0.00,-0.00,-0.00,0.00,-0.00,-0.00,-0.00,-0.00,-0.00,0.00,-0.00,0.00,10.00
16876.00,0.00,0.00,0.00,-0.00,-0.00,-0.00,0.00,-0.00,-0.00,-0.00,-0.00,-0.00,0.00,-0.00,-0.00,10.00
16890.00,0.00,0.00,0.00,-0.00,-0.00,-0.00,0.00,-0.00,-0.00,-0.00,-0.00,-0.00,0.00,-0.00,-0.00,10.00
16900.00,0.00,0.00,0.00,-0.00,-0.00,-0.00,0.00,-0.00,-0.00,-0.00,-0.00,-0.00,0.00,-0.00,-0.00,10.00
16910.00,0.00,0.00,0.00,-0.00,-0.00,-0.00,0.00,-0.00,-0.00,-0.00,-0.00,-0.00,-0.00,0.00,-0.00,17.00
16927.00,0.00,0.00,0.00,-0.00,-0.00,-0.00,0.00,-0.00,-0.00,-0.00,-0.00,-0.00,-0.00,-0.00,0.00,10.00
16937.00,0.00,0.00,0.00,0.00,0.00,-0.00,0.00,0.00,0.00,-0.00,-0.00,-0.00,0.00,0.00,-0.00,10.00
16947.00,0.00,0.00,0.00,0.00,0.00,-0.00,0.00,0.00,0.00,-0.00,-0.00,-0.00,-0.00,-0.00,0.00,10.00
16957.00,0.00,0.00,0.00,0.00,0.00,-0.00,0.00,0.00,0.00,-0.00,-0.00,-0.00,-0.00,-0.00,0.00,10.00
16967.00,0.00,0.00,0.00,0.00,0.00,-0.00,0.00,0.00,0.00,-0.00,-0.00,-0.00,0.00,-0.00,-0.00,10.00
16977.00,0.00,0.00,0.00,0.00,0.00,-0.00,0.00,0.00,0.00,-0.00,-0.00,-0.00,0.00,-0.00,-0.00,10.00
16987.00,0.00,0.00,0.00,0.00,0.00,-0.00,0.00,0.00,0.00,-0.00,-0.00,-0.00,-0.00,0.00,0.00,10.00
17002.00,0.00,0.00,0.00,0.00,0.00,-0.00,0.00,0.00,0.00,-0.00,-0.00,-0.00,-0.00,0.00,0.00,17.00
17019.00,0.00,0.00,0.00,0.00,0.00,-0.00,0.00,0.00,0.00,-0.00,-0.00,-0.00,0.00,0.00,0.00,10.00
17029.00,0.00,0.00,0.00,0.00,0.00,-0.00,0.00,0.00,0.00,-0.00,-0.00,-0.00,-0.00,-0.00,-0.00,10.00
17039.00,0.00,0.00,0.00,0.00,0.00,-0.00,0.00,0.00,0.00,-0.00,-0.00,-0.00,-0.00,0.00,0.00,10.00
17049.00,0.00,0.00,0.00,0.00,0.00,-0.00,0.00,0.00,0.00,-0.00,-0.00,-0.00,0.00,0.00,0.00,10.00
17059.00,0.00,0.00,0.00,0.00,0.00,-0.00,0.00,0.00,0.00,-0.00,-0.00,-0.00,0.00,-0.00,-0.00,10.00
17069.00,0.00,0.00,0.00,0.00,0.00,-0.00,0.00,0.00,0.00,-0.00,-0.00,-0.00,0.00,0.00,0.00,10.00
17079.00,0.00,0.00,0.00,0.00,0.00,-0.00,0.00,0.00,0.00,-0.00,-0.00,-0.00,-0.00,-0.00,0.00,10.00
17089.00,0.00,0.00,0.00,0.00,0.00,-0.00,0.00,0.00,0.00,-0.00,-0.00,-0.00,-0.00,0.00,-0.00,10.00
17099.00,0.00,0.00,0.00,0.00,0.00,-0.00,0.00,0.00,0.00,-0.00,-0.00,-0.00,0.00,0.00,-0.00,10.00
17114.00,0.00,0.00,0.00,0.00,0.00,-0.00,0.00,0.00,0.00,-0.00,-0.00,-0.00,0.00,0.00,-0.00,17.00
17131.00,0.00,0.00,0.00,0.00,0.00,-0.00,0.00,0.00,0.00,-0.00,-0.00,-0.00,-0.00,0.00,0.00,10.00
17141.00,0.00,0.00,0.00,-0.00,0.00,0.00,-0.00,0.00,0.00,-0.00,-0.00,-0.00,-0.00,0.00,0.00,10.00
17151.00,0.00,0.00,0.00,-0.00,0.00,0.00,-0.00,0.00,0.00,-0.00,-0.00,-0.00,0.00,0.00,0.00,10.00
17161.00,0.00,0.00,0.00,-0.00,0.00,0.00,-0.00,0.00,0.00,-0.00,-0.00,-0.00,-0.00,-0.00,-0.00,10.00
17171.00,0.00,0.00,0.00,-0.00,0.00,0.00,-0.00,0.00,0.00,-0.00,-0.00,-0.00,-0.00,-0.00,-0.00,10.00
17181.00,0.00,0.00,0.00,-0.00,0.00,0.00,-0.00,0.00,0.00,-0.00,-0.00,-0.00,-0.00,0.00,-0.00,10.00
17191.00,0.00,0.00,0.00,-0.00,0.00,0.00,-0.00,0.00,0.00,-0.00,-0.00,-0.00,-0.00,0.00,0.00,10.00
17201.00,0.00,0.00,0.00,-0.00,0.00,0.00,-0.00,0.00,0.00,-0.00,-0.00,-0.00,0.00,0.00,0.00,17.00
17218.00,0.00,0.00,0.00,-0.00,0.00,0.00,-0.00,0.00,0.00,-0.00,-0.00,-0.00,-0.00,0.00,0.00,10.00
17232.00,0.00,0.00,0.00,-0.00,0.00,0.00,-0.00,0.00,0.00,-0.00,-0.00,-0.00,0.00,-0.00,-0.00,10.00
17242.00,0.00,0.00,0.00,-0.00,0.00,0.00,-0.00,0.00,0.00,-0.00,-0.00,-0.00,-0.00,-0.00,-0.00,10.00
17252.00,0.00,0.00,0.00,-0.00,0.00,0.00,-0.00,0.00,0.00,-0.00,-0.00,-0.00,-0.00,-0.00,-0.00,10.00
17262.00,0.00,0.00,0.00,-0.00,0.00,0.00,-0.00,0.00,0.00,-0.00,-0.00,-0.00,-0.00,-0.00,-0.00,10.00
17272.00,0.00,0.00,0.00,-0.00,0.00,0.00,-0.00,0.00,0.00,-0.00,-0.00,-0.00,0.00,0.00,-0.00,10.00
17282.00,0.00,0.00,0.00,-0.00,0.00,0.00,-0.00,0.00,0.00,-0.00,-0.00,-0.00,0.00,0.00,-0.00,10.00
17292.00,0.00,0.00,0.00,-0.00,0.00,0.00,-0.00,0.00,0.00,-0.00,-0.00,-0.00,0.00,0.00,-0.00,10.00
17302.00,0.00,0.00,0.00,-0.00,0.00,0.00,-0.00,0.00,0.00,-0.00,-0.00,-0.00,0.00,-0.00,-0.00,10.00
17312.00,0.00,0.00,0.00,-0.00,0.00,0.00,-0.00,0.00,0.00,-0.00,-0.00,-0.00,-0.00,-0.00,0.00,17.00
17329.00,0.00,0.00,0.00,-0.00,0.00,0.00,-0.00,0.00,0.00,-0.00,-0.00,-0.00,0.00,-0.00,0.00,10.00
17344.00,0.00,0.00,0.00,-0.00,0.00,0.00,0.00,-0.00,0.00,-0.00,-0.00,-0.00,-0.00,-0.00,0.00,10.00
17354.00,0.00,0.00,0.00,-0.00,0.00,0.00,0.00,-0.00,0.00,-0.00,-0.00,-0.00,0.00,0.00,0.00,10.00
17364.00,0.00,0.00,0.00,-0.00,0.00,0.00,0.00,-0.00,0.00,-0.00,-0.00,-0.00,-0.00,0.00,0.00,10.00
17374.00,0.00,0.00,0.00,-0.00,0.00,0.00,0.00,-0.00,0.00,-0.00,-0.00,-0.00,0.00,-0.00,-0.00,10.00
17384.00,0.00,0.00,0.00,-0.00,0.00,0.00,0.00,-0.00,0.00,-0.00,-0.00,-0.00,-0.00,-0.00,0.00,10.00
17394.00,0.00,0.00,0.00,-0.00,0.00,0.00,0.00,-0.00,0.00,-0.00,-0.00,-0.00,0.00,0.00,-0.00,10.00
17404.00,0.00,0.00,0.00,-0.00,0.00,0.00,0.00,-0.00,0.00,-0.00,-0.00,-0.00,0.00,-0.00,0.00,16.00
17420.00,0.00,0.00,0.00,-0.00,0.00,0.00,0.00,-0.00,0.00,-0.00,-0.00,-0.00,0.00,0.00,0.00,10.00
17430.00,0.00,0.00,0.00,-0.00,0.00,0.00,0.00,-0.00,0.00,-0.00,-0.00,-0.00,0.00,0.00,0.00,10.00
17440.00,0.00,0.00,0.00,-0.00,0.00,0.00,0.00,-0.00,0.00,-0.00,-0.00,-0.00,0.00,0.00,0.00,10.00
17455.00,0.00,0.00,0.00,-0.00,0.00,0.00,0.00,-0.00,0.00,-0.00,-0.00,-0.00,0.00,-0.00,0.00,10.00
17465.00,0.00,0.00,0.00,-0.00,0.00,0.00,0.00,-0.00,0.00,-0.00,-0.00,-0.00,0.00,-0.00,0.00,10.00
17475.00,0.00,0.00,0.00,-0.00,0.00,0.00,0.00,-0.00,0.00,-0.00,-0.00,-0.00,-0.00,-0.00,0.00,10.00
17485.00,0.00,0.00,0.00,-0.00,0.00,0.00,0.00,-0.00,0.00,-0.00,-0.00,-0.00,0.00,0.00,-0.00,10.00
17495.00,0.00,0.00,0.00,-0.00,0.00,0.00,0.00,-0.00,0.00,-0.00,-0.00,-0.00,0.00,0.00,-0.00,16.00
17511.00,0.00,0.00,0.00,-0.00,0.00,0.00,0.00,-0.00,0.00,-0.00,-0.00,-0.00,0.00,0.00,-0.00,10.00
17521.00,0.00,0.00,0.00,-0.00,0.00,0.00,0.00,-0.00,0.00,-0.00,-0.00,-0.00,-0.00,-0.00,0.00,10.00
17531.00,0.00,0.00,0.00,-0.00,0.00,0.00,0.00,-0.00,0.00,-0.00,-0.00,-0.00,-0.00,0.00,0.00,10.00
17541.00,0.00,0.00,0.00,-0.00,0.00,0.00,0.00,-0.00,0.00,-0.00,-0.00,-0.00,-0.00,0.00,0.00,10.00
17551.00,0.00,0.00,0.00,0.00,0.00,0.00,0.00,0.00,-0.00,-0.00,-0.00,-0.00,0.00,0.00,0.00,10.00
17571.00,0.00,0.00,0.00,0.00,0.00,0.00,0.00,0.00,-0.00,-0.00,-0.00,-0.00,-0.00,0.00,0.00,10.00
17581.00,0.00,0.00,0.00,0.00,0.00,0.00,0.00,0.00,-0.00,-0.00,-0.00,-0.00,0.00,0.00,0.00,10.00
17591.00,0.00,0.00,0.00,0.00,0.00,0.00,0.00,0.00,-0.00,-0.00,-0.00,-0.00,0.00,-0.00,0.00,10.00
17601.00,0.00,0.00,0.00,0.00,0.00,0.00,0.00,0.00,-0.00,-0.00,-0.00,-0.00,-0.00,-0.00,0.00,16.00
17617.00,0.00,0.00,0.00,0.00,0.00,0.00,0.00,0.00,-0.00,-0.00,-0.00,-0.00,0.00,0.00,0.00,10.00
17627.00,0.00,0.00,0.00,0.00,0.00,0.00,0.00,0.00,-0.00,-0.00,-0.00,-0.00,-0.00,0.00,0.00,10.00
17637.00,0.00,0.00,0.00,0.00,0.00,0.00,0.00,0.00,-0.00,-0.00,-0.00,-0.00,0.00,0.00,0.00,10.00
17647.00,0.00,0.00,0.00,0.00,0.00,0.00,0.00,0.00,-0.00,-0.00,-0.00,-0.00,0.00,-0.00,0.00,10.00
17657.00,0.00,0.00,0.00,0.00,0.00,0.00,0.00,0.00,-0.00,-0.00,-0.00,-0.00,-0.00,-0.00,0.00,10.00
17667.00,0.00,0.00,0.00,0.00,0.00,0.00,0.00,0.00,-0.00,-0.00,-0.00,-0.00,0.00,-0.00,0.00,10.00
17682.00,0.00,0.00,0.00,0.00,0.00,0.00,0.00,0.00,-0.00,-0.00,-0.00,-0.00,0.00,0.00,0.00,10.00
17692.00,0.00,0.00,0.00,0.00,0.00,0.00,0.00,0.00,-0.00,-0.00,-0.00,-0.00,0.00,-0.00,0.00,18.00
17710.00,0.00,0.00,0.00,0.00,0.00,0.00,0.00,0.00,-0.00,-0.00,-0.00,-0.00,-0.00,-0.00,0.00,10.00
17720.00,0.00,0.00,0.00,0.00,0.00,0.00,0.00,0.00,-0.00,-0.00,-0.00,-0.00,0.00,0.00,0.00,10.00
17730.00,0.00,0.00,0.00,0.00,0.00,0.00,0.00,0.00,-0.00,-0.00,-0.00,-0.00,0.00,-0.00,0.00,10.00
17740.00,0.00,0.00,0.00,0.00,0.00,0.00,0.00,0.00,-0.00,-0.00,-0.00,-0.00,-0.00,0.00,0.00,10.00
17750.00,0.00,0.00,0.00,0.00,0.00,0.00,0.00,0.00,-0.00,-0.00,-0.00,-0.00,-0.00,0.00,-0.00,10.00
17760.00,0.00,0.00,0.00,0.00,0.00,0.00,-0.00,0.00,-0.00,-0.00,-0.00,-0.00,0.00,0.00,0.00,10.00
17770.00,0.00,0.00,0.00,0.00,0.00,0.00,-0.00,0.00,-0.00,-0.00,-0.00,-0.00,0.00,-0.00,0.00,10.00
17780.00,0.00,0.00,0.00,0.00,0.00,0.00,-0.00,0.00,-0.00,-0.00,-0.00,-0.00,0.00,0.00,0.00,10.00
17795.00,0.00,0.00,0.00,0.00,0.00,0.00,-0.00,0.00,-0.00,-0.00,-0.00,-0.00,-0.00,-0.00,0.00,17.00
17812.00,0.00,0.00,0.00,0.00,0.00,0.00,-0.00,0.00,-0.00,-0.00,-0.00,-0.00,0.00,0.00,0.00,10.00
17822.00,0.00,0.00,0.00,0.00,0.00,0.00,-0.00,0.00,-0.00,-0.00,-0.00,-0.00,-0.00,0.00,0.00,10.00
17832.00,0.00,0.00,0.00,0.00,0.00,0.00,-0.00,0.00,-0.00,-0.00,-0.00,-0.00,0.00,0.00,0.00,10.00
17842.00,0.00,0.00,0.00,0.00,0.00,0.00,-0.00,0.00,-0.00,-0.00,-0.00,-0.00,-0.00,-0.00,0.00,10.00
17852.00,0.00,0.00,0.00,0.00,0.00,0.00,-0.00,0.00,-0.00,-0.00,-0.00,-0.00,-0.00,0.00,0.00,10.00
17862.00,0.00,0.00,0.00,0.00,0.00,0.00,-0.00,0.00,-0.00,-0.00,-0.00,-0.00,-0.00,-0.00,0.00,10.00
17872.00,0.00,0.00,0.00,0.00,0.00,0.00,-0.00,0.00,-0.00,-0.00,-0.00,-0.00,0.00,0.00,-0.00,10.00
17882.00,0.00,0.00,0.00,0.00,0.00,0.00,-0.00,0.00,-0.00,-0.00,-0.00,-0.00,0.00,0.00,-0.00,10.00
17892.00,0.00,0.00,0.00,0.00,0.00,0.00,-0.00,0.00,-0.00,-0.00,-0.00,-0.00,0.00,-0.00,-0.00,10.00
17907.00,0.00,0.00,0.00,0.00,0.00,0.00,-0.00,0.00,-0.00,-0.00,-0.00,-0.00,0.00,0.00,-0.00,16.00
17923.00,0.00,0.00,0.00,0.00,0.00,0.00,-0.00,0.00,-0.00,-0.00,-0.00,-0.00,0.00,0.00,0.00,10.00
17933.00,0.00,0.00,0.00,0.00,0.00,0.00,-0.00,0.00,-0.00,-0.00,-0.00,-0.00,0.00,-0.00,0.00,10.00
17943.00,0.00,0.00,0.00,0.00,0.00,0.00,-0.00,0.00,-0.00,-0.00,-0.00,-0.00,0.00,-0.00,-0.00,10.00
17953.00,0.00,0.00,0.00,0.00,0.00,0.00,-0.00,0.00,-0.00,-0.00,-0.00,-0.00,0.00,-0.00,-0.00,10.00
17963.00,0.00,0.00,0.00,0.00,-0.00,0.00,0.00,-0.00,0.00,-0.00,-0.00,-0.00,-0.00,-0.00,0.00,10.00
17973.00,0.00,0.00,0.00,0.00,-0.00,0.00,0.00,-0.00,0.00,-0.00,-0.00,-0.00,-0.00,-0.00,0.00,10.00
17983.00,0.00,0.00,0.00,0.00,-0.00,0.00,0.00,-0.00,0.00,-0.00,-0.00,-0.00,0.00,-0.00,0.00,10.00
17993.00,0.00,0.00,0.00,0.00,-0.00,0.00,0.00,-0.00,0.00,-0.00,-0.00,-0.00,-0.00,0.00,0.00,18.00
18011.00,0.00,0.00,0.00,0.00,-0.00,0.00,0.00,-0.00,0.00,-0.00,-0.00,-0.00,-0.00,0.00,0.00,10.00
18026.00,0.00,0.00,0.00,0.00,-0.00,0.00,0.00,-0.00,0.00,-0.00,-0.00,-0.00,0.00,0.00,-0.00,10.00
18036.00,0.00,0.00,0.00,0.00,-0.00,0.00,0.00,-0.00,0.00,-0.00,-0.00,-0.00,0.00,-0.00,-0.00,10.00
18046.00,0.00,0.00,0.00,0.00,-0.00,0.00,0.00,-0.00,0.00,-0.00,-0.00,-0.00,0.00,-0.00,0.00,10.00
18056.00,0.00,0.00,0.00,0.00,-0.00,0.00,0.00,-0.00,0.00,-0.00,-0.00,-0.00,-0.00,0.00,-0.00,10.00
18066.00,0.00,0.00,0.00,0.00,-0.00,0.00,0.00,-0.00,0.00,-0.00,-0.00,-0.00,0.00,0.00,-0.00,10.00
18076.00,0.00,0.00,0.00,0.00,-0.00,0.00,0.00,-0.00,0.00,-0.00,-0.00,-0.00,0.00,0.00,0.00,10.00
18086.00,0.00,0.00,0.00,0.00,-0.00,0.00,0.00,-0.00,0.00,-0.00,-0.00,-0.00,-0.00,0.00,0.00,10.00
18096.00,0.00,0.00,0.00,0.00,-0.00,0.00,0.00,-0.00,0.00,-0.00,-0.00,-0.00,-0.00,-0.00,0.00,10.00
18106.00,0.00,0.00,0.00,0.00,-0.00,0.00,0.00,-0.00,0.00,-0.00,-0.00,-0.00,0.00,0.00,0.00,17.00
18123.00,0.00,0.00,0.00,0.00,-0.00,0.00,0.00,-0.00,0.00,-0.00,-0.00,-0.00,0.00,0.00,-0.00,10.00
18138.00,0.00,0.00,0.00,0.00,-0.00,0.00,0.00,-0.00,0.00,-0.00,-0.00,-0.00,0.00,0.00,-0.00,10.00
18148.00,0.00,0.00,0.00,0.00,-0.00,0.00,0.00,-0.00,0.00,-0.00,-0.00,-0.00,0.00,-0.00,-0.00,10.00
18158.00,0.00,0.00,0.00,0.00,-0.00,0.00,0.00,-0.00,0.00,-0.00,-0.00,-0.00,0.00,-0.00,0.00,10.00
18168.00,0.00,0.00,0.00,0.00,-0.00,0.00,0.00,0.00,0.00,-0.00,-0.00,-0.00,0.00,-0.00,0.00,10.00
18178.00,0.00,0.00,0.00,0.00,-0.00,0.00,0.00,0.00,0.00,-0.00,-0.00,-0.00,-0.00,0.00,0.00,10.00
18188.00,0.00,0.00,0.00,0.00,-0.00,0.00,0.00,0.00,0.00,-0.00,-0.00,-0.00,0.00,0.00,0.00,10.00
18198.00,0.00,0.00,0.00,0.00,-0.00,0.00,0.00,0.00,0.00,-0.00,-0.00,-0.00,0.00,0.00,-0.00,10.00
18208.00,0.00,0.00,0.00,0.00,-0.00,0.00,0.00,0.00,0.00,-0.00,-0.00,-0.00,-0.00,0.00,-0.00,10.00
18218.00,0.00,0.00,0.00,0.00,-0.00,0.00,0.00,0.00,0.00,-0.00,-0.00,-0.00,0.00,0.00,0.00,15.00
18233.00,0.00,0.00,0.00,0.00,-0.00,0.00,0.00,0.00,0.00,-0.00,-0.00,-0.00,0.00,0.00,-0.00,10.00
18248.00,0.00,0.00,0.00,0.00,-0.00,0.00,0.00,0.00,0.00,-0.00,-0.00,-0.00,0.00,0.00,-0.00,10.00
18258.00,0.00,0.00,0.00,0.00,-0.00,0.00,0.00,0.00,0.00,-0.00,-0.00,-0.00,-0.00,-0.00,0.00,10.00
18268.00,0.00,0.00,0.00,0.00,-0.00,0.00,0.00,0.00,0.00,-0.00,-0.00,-0.00,0.00,0.00,0.00,10.00
18278.00,0.00,0.00,0.00,0.00,-0.00,0.00,0.00,0.00,0.00,-0.00,-0.00,-0.00,0.00,-0.00,-0.00,10.00
18288.00,0.00,0.00,0.00,0.00,-0.00,0.00,0.00,0.00,0.00,-0.00,-0.00,-0.00,0.00,0.00,-0.00,10.00
18298.00,0.00,0.00,0.00,0.00,-0.00,0.00,0.00,0.00,0.00,-0.00,-0.00,-0.00,0.00,-0.00,0.00,15.00
18313.00,0.00,0.00,0.00,0.00,-0.00,0.00,0.00,0.00,0.00,-0.00,-0.00,-0.00,0.00,-0.00,0.00,10.00
18323.00,0.00,0.00,0.00,0.00,-0.00,0.00,0.00,0.00,0.00,-0.00,-0.00,-0.00,0.00,-0.00,0.00,10.00
18333.00,0.00,0.00,0.00,0.00,-0.00,0.00,0.00,0.00,0.00,-0.00,-0.00,-0.00,0.00,0.00,-0.00,10.00
18343.00,0.00,0.00,0.00,0.00,-0.00,0.00,0.00,0.00,0.00,-0.00,-0.00,-0.00,0.00,0.00,-0.00,10.00
18358.00,0.00,0.00,0.00,0.00,-0.00,0.00,0.00,0.00,0.00,-0.00,-0.00,-0.00,0.00,0.00,0.00,10.00
18368.00,0.00,0.00,0.00,0.00,0.00,0.00,0.00,0.00,0.00,-0.00,-0.00,-0.00,0.00,-0.00,0.00,10.00
18378.00,0.00,0.00,0.00,0.00,0.00,0.00,0.00,0.00,0.00,-0.00,-0.00,-0.00,-0.00,-0.00,0.00,10.00
18388.00,0.00,0.00,0.00,0.00,0.00,0.00,0.00,0.00,0.00,-0.00,-0.00,-0.00,-0.00,0.00,-0.00,10.00
18398.00,0.00,0.00,0.00,0.00,0.00,0.00,0.00,0.00,0.00,-0.00,-0.00,-0.00,0.00,0.00,-0.00,15.00
18413.00,0.00,0.00,0.00,0.00,0.00,0.00,0.00,0.00,0.00,-0.00,-0.00,-0.00,0.00,0.00,0.00,10.00
18423.00,0.00,0.00,0.00,0.00,0.00,0.00,0.00,0.00,0.00,-0.00,-0.00,-0.00,-0.00,0.00,0.00,10.00
18433.00,0.00,0.00,0.00,0.00,0.00,0.00,0.00,0.00,0.00,-0.00,-0.00,-0.00,-0.00,-0.00,0.00,10.00
18443.00,0.00,0.00,0.00,0.00,0.00,0.00,0.00,0.00,0.00,-0.00,-0.00,-0.00,0.00,-0.00,-0.00,10.00
18453.00,0.00,0.00,0.00,0.00,0.00,0.00,0.00,0.00,0.00,-0.00,-0.00,-0.00,0.00,0.00,0.00,10.00
18468.00,0.00,0.00,0.00,0.00,0.00,0.00,0.00,0.00,0.00,-0.00,-0.00,-0.00,0.00,-0.00,-0.00,10.00
18478.00,0.00,0.00,0.00,0.00,0.00,0.00,0.00,0.00,0.00,-0.00,-0.00,-0.00,0.00,0.00,-0.00,10.00
18488.00,0.00,0.00,0.00,0.00,0.00,0.00,0.00,0.00,0.00,-0.00,-0.00,-0.00,0.00,-0.00,-0.00,10.00
18498.00,0.00,0.00,0.00,0.00,0.00,0.00,0.00,0.00,0.00,-0.00,-0.00,-0.00,-0.00,-0.00,-0.00,16.00
18514.00,0.00,0.00,0.00,0.00,0.00,0.00,0.00,0.00,0.00,-0.00,-0.00,-0.00,-0.00,-0.00,0.00,10.00
18524.00,0.00,0.00,0.00,0.00,0.00,0.00,0.00,0.00,0.00,-0.00,-0.00,-0.00,0.00,0.00,-0.00,10.00
18534.00,0.00,0.00,0.00,0.00,0.00,0.00,0.00,0.00,0.00,-0.00,-0.00,-0.00,-0.00,0.00,0.00,10.00
18544.00,0.00,0.00,0.00,0.00,0.00,0.00,0.00,0.00,0.00,-0.00,-0.00,-0.00,-0.00,-0.00,-0.00,10.00
18554.00,0.00,0.00,0.00,0.00,0.00,0.00,0.00,0.00,0.00,-0.00,-0.00,-0.00,-0.00,0.00,-0.00,10.00
18564.00,0.00,0.00,0.00,0.00,0.00,0.00,0.00,0.00,0.00,-0.00,-0.00,-0.00,0.00,0.00,0.00,10.00
18583.00,0.00,0.00,0.00,0.00,0.00,0.00,0.00,-0.00,0.00,-0.00,-0.00,-0.00,0.00,0.00,0.00,10.00
18593.00,0.00,0.00,0.00,0.00,0.00,0.00,0.00,-0.00,0.00,-0.00,-0.00,-0.00,0.00,-0.00,0.00,19.00
18612.00,0.00,0.00,0.00,0.00,0.00,0.00,0.00,-0.00,0.00,-0.00,-0.00,-0.00,0.00,-0.00,0.00,10.00
18622.00,0.00,0.00,0.00,0.00,0.00,0.00,0.00,-0.00,0.00,-0.00,-0.00,-0.00,0.00,0.00,0.00,10.00
18632.00,0.00,0.00,0.00,0.00,0.00,0.00,0.00,-0.00,0.00,-0.00,-0.00,-0.00,0.00,-0.00,0.00,10.00
18642.00,0.00,0.00,0.00,0.00,0.00,0.00,0.00,-0.00,0.00,-0.00,-0.00,-0.00,-0.00,-0.00,0.00,10.00
18652.00,0.00,0.00,0.00,0.00,0.00,0.00,0.00,-0.00,0.00,-0.00,-0.00,-0.00,0.00,0.00,-0.00,10.00
18662.00,0.00,0.00,0.00,0.00,0.00,0.00,0.00,-0.00,0.00,-0.00,-0.00,-0.00,0.00,-0.00,0.00,10.00
18672.00,0.00,0.00,0.00,0.00,0.00,0.00,0.00,-0.00,0.00,-0.00,-0.00,-0.00,-0.00,-0.00,0.00,10.00
18682.00,0.00,0.00,0.00,0.00,0.00,0.00,0.00,-0.00,0.00,-0.00,-0.00,-0.00,0.00,-0.00,0.00,10.00
18697.00,0.00,0.00,0.00,0.00,0.00,0.00,0.00,-0.00,0.00,-0.00,-0.00,-0.00,-0.00,-0.00,0.00,16.00
18713.00,0.00,0.00,0.00,0.00,0.00,0.00,0.00,-0.00,0.00,-0.00,-0.00,-0.00,-0.00,0.00,0.00,10.00
18723.00,0.00,0.00,0.00,0.00,0.00,0.00,0.00,-0.00,0.00,-0.00,-0.00,-0.00,0.00,-0.00,0.00,10.00
18733.00,0.00,0.00,0.00,0.00,0.00,0.00,0.00,-0.00,0.00,-0.00,-0.00,-0.00,-0.00,0.00,0.00,10.00
18743.00,0.00,0.00,0.00,0.00,0.00,0.00,0.00,-0.00,0.00,-0.00,-0.00,-0.00,0.00,-0.00,-0.00,10.00
18753.00,0.00,0.00,0.00,0.00,0.00,0.00,0.00,-0.00,0.00,-0.00,-0.00,-0.00,-0.00,0.00,0.00,10.00
18763.00,0.00,0.00,0.00,0.00,0.00,0.00,0.00,-0.00,0.00,-0.00,-0.00,-0.00,0.00,0.00,-0.00,10.00
18773.00,0.00,0.00,0.00,0.00,0.00,0.00,0.00,-0.00,0.00,-0.00,-0.00,-0.00,0.00,-0.00,-0.00,10.00
18783.00,0.00,0.00,0.00,-0.00,0.00,0.00,-0.00,0.00,-0.00,-0.00,-0.00,-0.00,-0.00,0.00,0.00,10.00
18793.00,0.00,0.00,0.00,-0.00,0.00,0.00,-0.00,0.00,-0.00,-0.00,-0.00,-0.00,-0.00,-0.00,0.00,18.00
18816.00,0.00,0.00,0.00,-0.00,0.00,0.00,-0.00,0.00,-0.00,-0.00,-0.00,-0.00,-0.00,-0.00,-0.00,10.00
18826.00,0.00,0.00,0.00,-0.00,0.00,0.00,-0.00,0.00,-0.00,-0.00,-0.00,-0.00,-0.00,0.00,-0.00,10.00
18836.00,0.00,0.00,0.00,-0.00,0.00,0.00,-0.00,0.00,-0.00,-0.00,-0.00,-0.00,0.00,0.00,0.00,10.00
18846.00,0.00,0.00,0.00,-0.00,0.00,0.00,-0.00,0.00,-0.00,-0.00,-0.00,-0.00,0.00,0.00,-0.00,10.00
18856.00,0.00,0.00,0.00,-0.00,0.00,0.00,-0.00,0.00,-0.00,-0.00,-0.00,-0.00,0.00,0.00,-0.00,10.00
18866.00,0.00,0.00,0.00,-0.00,0.00,0.00,-0.00,0.00,-0.00,-0.00,-0.00,-0.00,0.00,0.00,-0.00,10.00
18876.00,0.00,0.00,0.00,-0.00,0.00,0.00,-0.00,0.00,-0.00,-0.00,-0.00,-0.00,0.00,-0.00,0.00,10.00
18886.00,0.00,0.00,0.00,-0.00,0.00,0.00,-0.00,0.00,-0.00,-0.00,-0.00,-0.00,0.00,0.00,0.00,10.00
18896.00,0.00,0.00,0.00,-0.00,0.00,0.00,-0.00,0.00,-0.00,-0.00,-0.00,-0.00,0.00,-0.00,-0.00,18.00
18914.00,0.00,0.00,0.00,-0.00,0.00,0.00,-0.00,0.00,-0.00,-0.00,-0.00,-0.00,0.00,-0.00,0.00,10.00
18928.00,0.00,0.00,0.00,-0.00,0.00,0.00,-0.00,0.00,-0.00,-0.00,-0.00,-0.00,0.00,0.00,-0.00,10.00
18938.00,0.00,0.00,0.00,-0.00,0.00,0.00,-0.00,0.00,-0.00,-0.00,-0.00,-0.00,0.00,-0.00,-0.00,10.00
18948.00,0.00,0.00,0.00,-0.00,0.00,0.00,-0.00,0.00,-0.00,-0.00,-0.00,-0.00,0.00,-0.00,-0.00,10.00
18958.00,0.00,0.00,0.00,-0.00,0.00,0.00,-0.00,0.00,-0.00,-0.00,-0.00,-0.00,0.00,-0.00,-0.00,10.00
18968.00,0.00,0.00,0.00,-0.00,0.00,0.00,-0.00,0.00,-0.00,-0.00,-0.00,-0.00,0.00,-0.00,0.00,10.00
18978.00,0.00,0.00,0.00,-0.00,0.00,0.00,-0.00,0.00,-0.00,-0.00,-0.00,-0.00,0.00,0.00,0.00,10.00
18988.00,0.00,0.00,0.00,0.00,0.00,0.00,0.00,-0.00,0.00,-0.00,-0.00,-0.00,0.00,-0.00,0.00,10.00
18998.00,0.00,0.00,0.00,0.00,0.00,0.00,0.00,-0.00,0.00,-0.00,-0.00,-0.00,-0.00,-0.00,0.00,18.00
19016.00,0.00,0.00,0.00,0.00,0.00,0.00,0.00,-0.00,0.00,-0.00,-0.00,-0.00,-0.00,-0.00,0.00,10.00
19026.00,0.00,0.00,0.00,0.00,0.00,0.00,0.00,-0.00,0.00,-0.00,-0.00,-0.00,-0.00,0.00,0.00,10.00
19040.00,0.00,0.00,0.00,0.00,0.00,0.00,0.00,-0.00,0.00,-0.00,-0.00,-0.00,0.00,0.00,-0.00,10.00
19050.00,0.00,0.00,0.00,0.00,0.00,0.00,0.00,-0.00,0.00,-0.00,-0.00,-0.00,0.00,0.00,-0.00,10.00
19060.00,0.00,0.00,0.00,0.00,0.00,0.00,0.00,-0.00,0.00,-0.00,-0.00,-0.00,0.00,-0.00,-0.00,10.00
19070.00,0.00,0.00,0.00,0.00,0.00,0.00,0.00,-0.00,0.00,-0.00,-0.00,-0.00,0.00,-0.00,0.00,10.00
19080.00,0.00,0.00,0.00,0.00,0.00,0.00,0.00,-0.00,0.00,-0.00,-0.00,-0.00,0.00,0.00,-0.00,10.00
19090.00,0.00,0.00,0.00,0.00,0.00,0.00,0.00,-0.00,0.00,-0.00,-0.00,-0.00,0.00,0.00,-0.00,10.00
19100.00,0.00,0.00,0.00,0.00,0.00,0.00,0.00,-0.00,0.00,-0.00,-0.00,-0.00,0.00,-0.00,-0.00,16.00
19116.00,0.00,0.00,0.00,0.00,0.00,0.00,0.00,-0.00,0.00,-0.00,-0.00,-0.00,-0.00,-0.00,0.00,10.00
19126.00,0.00,0.00,0.00,0.00,0.00,0.00,0.00,-0.00,0.00,-0.00,-0.00,-0.00,-0.00,-0.00,-0.00,10.00
19136.00,0.00,0.00,0.00,0.00,0.00,0.00,0.00,-0.00,0.00,-0.00,-0.00,-0.00,0.00,-0.00,-0.00,10.00
19150.00,0.00,0.00,0.00,0.00,0.00,0.00,0.00,-0.00,0.00,-0.00,-0.00,-0.00,0.00,-0.00,-0.00,10.00
19160.00,0.00,0.00,0.00,0.00,0.00,0.00,0.00,-0.00,0.00,-0.00,-0.00,-0.00,-0.00,0.00,-0.00,10.00
19170.00,0.00,0.00,0.00,0.00,0.00,0.00,0.00,-0.00,0.00,-0.00,-0.00,-0.00,0.00,0.00,0.00,10.00
19180.00,0.00,0.00,0.00,0.00,0.00,0.00,0.00,-0.00,0.00,-0.00,-0.00,-0.00,-0.00,-0.00,-0.00,10.00
19190.00,0.00,0.00,0.00,-0.00,-0.00,-0.00,-0.00,-0.00,-0.00,-0.00,-0.00,-0.00,-0.00,-0.00,0.00,10.00
19200.00,0.00,0.00,0.00,-0.00,-0.00,-0.00,-0.00,-0.00,-0.00,-0.00,-0.00,-0.00,-0.00,-0.00,0.00,10.00
19210.00,0.00,0.00,0.00,-0.00,-0.00,-0.00,-0.00,-0.00,-0.00,-0.00,-0.00,-0.00,0.00,0.00,-0.00,16.00
19226.00,0.00,0.00,0.00,-0.00,-0.00,-0.00,-0.00,-0.00,-0.00,-0.00,-0.00,-0.00,0.00,0.00,-0.00,10.00
19236.00,0.00,0.00,0.00,-0.00,-0.00,-0.00,-0.00,-0.00,-0.00,-0.00,-0.00,-0.00,0.00,0.00,0.00,10.00
19246.00,0.00,0.00,0.00,-0.00,-0.00,-0.00,-0.00,-0.00,-0.00,-0.00,-0.00,-0.00,0.00,0.00,0.00,10.00
19260.00,0.00,0.00,0.00,-0.00,-0.00,-0.00,-0.00,-0.00,-0.00,-0.00,-0.00,-0.00,-0.00,-0.00,0.00,10.00
19270.00,0.00,0.00,0.00,-0.00,-0.00,-0.00,-0.00,-0.00,-0.00,-0.00,-0.00,-0.00,-0.00,-0.00,0.00,10.00
19280.00,0.00,0.00,0.00,-0.00,-0.00,-0.00,-0.00,-0.00,-0.00,-0.00,-0.00,-0.00,0.00,-0.00,0.00,10.00
19290.00,0.00,0.00,0.00,-0.00,-0.00,-0.00,-0.00,-0.00,-0.00,-0.00,-0.00,-0.00,-0.00,0.00,0.00,10.00
19300.00,0.00,0.00,0.00,-0.00,-0.00,-0.00,-0.00,-0.00,-0.00,-0.00,-0.00,-0.00,-0.00,0.00,0.00,16.00
19316.00,0.00,0.00,0.00,-0.00,-0.00,-0.00,-0.00,-0.00,-0.00,-0.00,-0.00,-0.00,-0.00,-0.00,0.00,10.00
19326.00,0.00,0.00,0.00,-0.00,-0.00,-0.00,-0.00,-0.00,-0.00,-0.00,-0.00,-0.00,0.00,-0.00,-0.00,10.00
19336.00,0.00,0.00,0.00,-0.00,-0.00,-0.00,-0.00,-0.00,-0.00,-0.00,-0.00,-0.00,0.00,-0.00,-0.00,10.00
19346.00,0.00,0.00,0.00,-0.00,-0.00,-0.00,-0.00,-0.00,-0.00,-0.00,-0.00,-0.00,-0.00,-0.00,0.00,10.00
19356.00,0.00,0.00,0.00,-0.00,-0.00,-0.00,-0.00,-0.00,-0.00,-0.00,-0.00,-0.00,-0.00,-0.00,0.00,10.00
19371.00,0.00,0.00,0.00,-0.00,-0.00,-0.00,-0.00,-0.00,-0.00,-0.00,-0.00,-0.00,0.00,0.00,0.00,10.00
19381.00,0.00,0.00,0.00,-0.00,-0.00,-0.00,-0.00,-0.00,-0.00,-0.00,-0.00,-0.00,0.00,0.00,0.00,10.00
19391.00,0.00,0.00,0.00,0.00,0.00,0.00,0.00,0.00,0.00,-0.00,-0.00,-0.00,0.00,0.00,0.00,10.00
19401.00,0.00,0.00,0.00,0.00,0.00,0.00,0.00,0.00,0.00,-0.00,-0.00,-0.00,0.00,0.00,0.00,16.00
19417.00,0.00,0.00,0.00,0.00,0.00,0.00,0.00,0.00,0.00,-0.00,-0.00,-0.00,-0.00,-0.00,0.00,10.00
19427.00,0.00,0.00,0.00,0.00,0.00,0.00,0.00,0.00,0.00,-0.00,-0.00,-0.00,-0.00,0.00,0.00,10.00
19437.00,0.00,0.00,0.00,0.00,0.00,0.00,0.00,0.00,0.00,-0.00,-0.00,-0.00,0.00,-0.00,-0.00,16.00
19453.00,0.00,0.00,0.00,0.00,0.00,0.00,0.00,0.00,0.00,-0.00,-0.00,-0.00,0.00,0.00,0.00,10.00
19463.00,0.00,0.00,0.00,0.00,0.00,0.00,0.00,0.00,0.00,-0.00,-0.00,-0.00,0.00,0.00,0.00,10.00
19473.00,0.00,0.00,0.00,0.00,0.00,0.00,0.00,0.00,0.00,-0.00,-0.00,-0.00,0.00,0.00,0.00,10.00
19493.00,0.00,0.00,0.00,0.00,0.00,0.00,0.00,0.00,0.00,-0.00,-0.00,-0.00,0.00,0.00,0.00,10.00
19503.00,0.00,0.00,0.00,0.00,0.00,0.00,0.00,0.00,0.00,-0.00,-0.00,-0.00,0.00,0.00,0.00,10.00
19513.00,0.00,0.00,0.00,0.00,0.00,0.00,0.00,0.00,0.00,-0.00,-0.00,-0.00,-0.00,-0.00,-0.00,15.00
19528.00,0.00,0.00,0.00,0.00,0.00,0.00,0.00,0.00,0.00,-0.00,-0.00,-0.00,0.00,0.00,0.00,10.00
19538.00,0.00,0.00,0.00,0.00,0.00,0.00,0.00,0.00,0.00,-0.00,-0.00,-0.00,0.00,-0.00,0.00,10.00
19548.00,0.00,0.00,0.00,0.00,0.00,0.00,0.00,0.00,0.00,-0.00,-0.00,-0.00,0.00,-0.00,0.00,10.00
19558.00,0.00,0.00,0.00,0.00,0.00,0.00,0.00,0.00,0.00,-0.00,-0.00,-0.00,0.00,0.00,0.00,10.00
19568.00,0.00,0.00,0.00,0.00,0.00,0.00,0.00,0.00,0.00,-0.00,-0.00,-0.00,0.00,0.00,0.00,10.00
19578.00,0.00,0.00,0.00,0.00,0.00,0.00,0.00,0.00,0.00,-0.00,-0.00,-0.00,0.00,0.00,-0.00,10.00
19588.00,0.00,0.00,0.00,0.00,0.00,0.00,0.00,0.00,0.00,-0.00,-0.00,-0.00,0.00,-0.00,0.00,10.00
19604.00,0.00,0.00,0.00,0.00,0.00,0.00,0.00,0.00,0.00,-0.00,-0.00,-0.00,0.00,0.00,0.00,15.00
19619.00,0.00,0.00,0.00,0.00,0.00,0.00,0.00,0.00,0.00,-0.00,-0.00,-0.00,0.00,0.00,0.00,10.00
19629.00,0.00,0.00,0.00,0.00,0.00,0.00,0.00,0.00,0.00,-0.00,-0.00,-0.00,0.00,0.00,-0.00,10.00
19639.00,0.00,0.00,0.00,0.00,0.00,0.00,0.00,0.00,0.00,-0.00,-0.00,-0.00,0.00,0.00,-0.00,10.00
19649.00,0.00,0.00,0.00,0.00,0.00,0.00,0.00,0.00,0.00,-0.00,-0.00,-0.00,0.00,0.00,-0.00,10.00
19659.00,0.00,0.00,0.00,0.00,0.00,0.00,0.00,0.00,0.00,-0.00,-0.00,-0.00,0.00,0.00,-0.00,10.00
19669.00,0.00,0.00,0.00,0.00,0.00,0.00,0.00,0.00,0.00,-0.00,-0.00,-0.00,0.00,0.00,0.00,10.00
19679.00,0.00,0.00,0.00,0.00,0.00,0.00,0.00,0.00,0.00,-0.00,-0.00,-0.00,0.00,0.00,-0.00,10.00
19689.00,0.00,0.00,0.00,0.00,0.00,0.00,0.00,0.00,0.00,-0.00,-0.00,-0.00,0.00,0.00,-0.00,10.00
19699.00,0.00,0.00,0.00,0.00,0.00,0.00,0.00,0.00,0.00,-0.00,-0.00,-0.00,0.00,0.00,-0.00,10.00
19714.00,0.00,0.00,0.00,0.00,0.00,0.00,0.00,0.00,0.00,-0.00,-0.00,-0.00,0.00,-0.00,0.00,16.00
19730.00,0.00,0.00,0.00,0.00,0.00,0.00,0.00,0.00,0.00,-0.00,-0.00,-0.00,-0.00,0.00,-0.00,10.00
19740.00,0.00,0.00,0.00,0.00,0.00,0.00,0.00,0.00,0.00,-0.00,-0.00,-0.00,0.00,0.00,0.00,10.00
19750.00,0.00,0.00,0.00,0.00,0.00,0.00,0.00,0.00,0.00,-0.00,-0.00,-0.00,-0.00,-0.00,0.00,10.00
19760.00,0.00,0.00,0.00,0.00,0.00,0.00,0.00,0.00,0.00,-0.00,-0.00,-0.00,-0.00,0.00,-0.00,10.00
19770.00,0.00,0.00,0.00,0.00,0.00,0.00,0.00,0.00,0.00,-0.00,-0.00,-0.00,-0.00,0.00,-0.00,10.00
19780.00,0.00,0.00,0.00,0.00,0.00,0.00,0.00,0.00,0.00,-0.00,-0.00,-0.00,0.00,0.00,-0.00,10.00
19790.00,0.00,0.00,0.00,0.00,0.00,0.00,0.00,0.00,0.00,-0.00,-0.00,-0.00,0.00,0.00,-0.00,10.00
19800.00,0.00,0.00,0.00,0.00,0.00,0.00,0.00,0.00,0.00,-0.00,-0.00,-0.00,0.00,0.00,-0.00,17.00
19817.00,0.00,0.00,0.00,0.00,0.00,-0.00,0.00,-0.00,-0.00,-0.00,-0.00,-0.00,0.00,0.00,-0.00,10.00
19832.00,0.00,0.00,0.00,0.00,0.00,-0.00,0.00,-0.00,-0.00,-0.00,-0.00,-0.00,-0.00,0.00,0.00,10.00
19842.00,0.00,0.00,0.00,0.00,0.00,-0.00,0.00,-0.00,-0.00,-0.00,-0.00,-0.00,0.00,-0.00,0.00,10.00
19852.00,0.00,0.00,0.00,0.00,0.00,-0.00,0.00,-0.00,-0.00,-0.00,-0.00,-0.00,0.00,0.00,0.00,10.00
19862.00,0.00,0.00,0.00,0.00,0.00,-0.00,0.00,-0.00,-0.00,-0.00,-0.00,-0.00,0.00,-0.00,0.00,10.00
19872.00,0.00,0.00,0.00,0.00,0.00,-0.00,0.00,-0.00,-0.00,-0.00,-0.00,-0.00,0.00,-0.00,0.00,10.00
19882.00,0.00,0.00,0.00,0.00,0.00,-0.00,0.00,-0.00,-0.00,-0.00,-0.00,-0.00,0.00,-0.00,0.00,10.00
19892.00,0.00,0.00,0.00,0.00,0.00,-0.00,0.00,-0.00,-0.00,-0.00,-0.00,-0.00,0.00,-0.00,0.00,10.00
19902.00,0.00,0.00,0.00,0.00,0.00,-0.00,0.00,-0.00,-0.00,-0.00,-0.00,-0.00,0.00,-0.00,0.00,10.00
19912.00,0.00,0.00,0.00,0.00,0.00,-0.00,0.00,-0.00,-0.00,-0.00,-0.00,-0.00,-0.00,-0.00,0.00,16.00
19928.00,0.00,0.00,0.00,0.00,0.00,-0.00,0.00,-0.00,-0.00,-0.00,-0.00,-0.00,0.00,-0.00,0.00,10.00
19943.00,0.00,0.00,0.00,0.00,0.00,-0.00,0.00,-0.00,-0.00,-0.00,-0.00,-0.00,-0.00,0.00,0.00,10.00
19953.00,0.00,0.00,0.00,0.00,0.00,-0.00,0.00,-0.00,-0.00,-0.00,-0.00,-0.00,-0.00,-0.00,-0.00,10.00
19963.00,0.00,0.00,0.00,0.00,0.00,-0.00,0.00,-0.00,-0.00,-0.00,-0.00,-0.00,0.00,0.00,0.00,10.00
19973.00,0.00,0.00,0.00,0.00,0.00,-0.00,0.00,-0.00,-0.00,-0.00,-0.00,-0.00,-0.00,-0.00,0.00,10.00
19983.00,0.00,0.00,0.00,0.00,0.00,-0.00,0.00,-0.00,-0.00,-0.00,-0.00,-0.00,0.00,-0.00,0.00,10.00
19993.00,0.00,0.00,0.00,0.00,0.00,-0.00,0.00,-0.00,-0.00,-0.00,-0.00,-0.00,-0.00,-0.00,0.00,10.00
20003.00,0.00,0.00,0.00,0.00,0.00,-0.00,0.00,-0.00,-0.00,-0.00,-0.00,-0.00,0.00,0.00,0.00,16.00
20019.00,0.00,0.00,0.00,-0.00,-0.00,0.00,-0.00,-0.00,0.00,-0.00,-0.00,-0.00,-0.00,-0.00,0.00,10.00
20029.00,0.00,0.00,0.00,-0.00,-0.00,0.00,-0.00,-0.00,0.00,-0.00,-0.00,-0.00,-0.00,-0.00,0.00,10.00
20039.00,0.00,0.00,0.00,-0.00,-0.00,0.00,-0.00,-0.00,0.00,-0.00,-0.00,-0.00,-0.00,-0.00,0.00,10.00
20054.00,0.00,0.00,0.00,-0.00,-0.00,0.00,-0.00,-0.00,0.00,-0.00,-0.00,-0.00,-0.00,-0.00,0.00,10.00
20064.00,0.00,0.00,0.00,-0.00,-0.00,0.00,-0.00,-0.00,0.00,-0.00,-0.00,-0.00,-0.00,-0.00,0.00,10.00
20074.00,0.00,0.00,0.00,-0.00,-0.00,0.00,-0.00,-0.00,0.00,-0.00,-0.00,-0.00,0.00,-0.00,-0.00,10.00
20084.00,0.00,0.00,0.00,-0.00,-0.00,0.00,-0.00,-0.00,0.00,-0.00,-0.00,-0.00,-0.00,-0.00,0.00,10.00
20094.00,0.00,0.00,0.00,-0.00,-0.00,0.00,-0.00,-0.00,0.00,-0.00,-0.00,-0.00,0.00,0.00,0.00,10.00
20104.00,0.00,0.00,0.00,-0.00,-0.00,0.00,-0.00,-0.00,0.00,-0.00,-0.00,-0.00,0.00,-0.00,0.00,10.00
20114.00,0.00,0.00,0.00,-0.00,-0.00,0.00,-0.00,-0.00,0.00,-0.00,-0.00,-0.00,0.00,-0.00,0.00,16.00
20130.00,0.00,0.00,0.00,-0.00,-0.00,0.00,-0.00,-0.00,0.00,-0.00,-0.00,-0.00,-0.00,-0.00,0.00,10.00
20140.00,0.00,0.00,0.00,-0.00,-0.00,0.00,-0.00,-0.00,0.00,-0.00,-0.00,-0.00,0.00,-0.00,0.00,10.00
20150.00,0.00,0.00,0.00,-0.00,-0.00,0.00,-0.00,-0.00,0.00,-0.00,-0.00,-0.00,-0.00,0.00,-0.00,10.00
20166.00,0.00,0.00,0.00,-0.00,-0.00,0.00,-0.00,-0.00,0.00,-0.00,-0.00,-0.00,-0.00,-0.00,0.00,10.00
20176.00,0.00,0.00,0.00,-0.00,-0.00,0.00,-0.00,-0.00,0.00,-0.00,-0.00,-0.00,-0.00,0.00,0.00,10.00
20186.00,0.00,0.00,0.00,-0.00,-0.00,0.00,-0.00,-0.00,0.00,-0.00,-0.00,-0.00,-0.00,-0.00,0.00,10.00
20196.00,0.00,0.00,0.00,-0.00,-0.00,0.00,-0.00,-0.00,0.00,-0.00,-0.00,-0.00,0.00,-0.00,0.00,10.00
20206.00,0.00,0.00,0.00,-0.00,-0.00,0.00,-0.00,-0.00,0.00,-0.00,-0.00,-0.00,-0.00,0.00,-0.00,10.00
20216.00,0.00,0.00,0.00,-0.00,-0.00,0.00,-0.00,-0.00,0.00,-0.00,-0.00,-0.00,-0.00,0.00,0.00,15.00
20231.00,0.00,0.00,0.00,-0.00,-0.00,-0.00,0.00,0.00,-0.00,-0.00,-0.00,-0.00,-0.00,-0.00,-0.00,10.00
20241.00,0.00,0.00,0.00,-0.00,-0.00,-0.00,0.00,0.00,-0.00,-0.00,-0.00,-0.00,-0.00,-0.00,0.00,10.00
20251.00,0.00,0.00,0.00,-0.00,-0.00,-0.00,0.00,0.00,-0.00,-0.00,-0.00,-0.00,0.00,0.00,0.00,10.00
20261.00,0.00,0.00,0.00,-0.00,-0.00,-0.00,0.00,0.00,-0.00,-0.00,-0.00,-0.00,0.00,0.00,-0.00,10.00
20276.00,0.00,0.00,0.00,-0.00,-0.00,-0.00,0.00,0.00,-0.00,-0.00,-0.00,-0.00,0.00,0.00,0.00,10.00
20286.00,0.00,0.00,0.00,-0.00,-0.00,-0.00,0.00,0.00,-0.00,-0.00,-0.00,-0.00,-0.00,0.00,0.00,10.00
20296.00,0.00,0.00,0.00,-0.00,-0.00,-0.00,0.00,0.00,-0.00,-0.00,-0.00,-0.00,-0.00,-0.00,0.00,10.00
20306.00,0.00,0.00,0.00,-0.00,-0.00,-0.00,0.00,0.00,-0.00,-0.00,-0.00,-0.00,-0.00,-0.00,0.00,16.00
20322.00,0.00,0.00,0.00,-0.00,-0.00,-0.00,0.00,0.00,-0.00,-0.00,-0.00,-0.00,-0.00,-0.00,0.00,10.00
20332.00,0.00,0.00,0.00,-0.00,-0.00,-0.00,0.00,0.00,-0.00,-0.00,-0.00,-0.00,-0.00,-0.00,0.00,10.00
20342.00,0.00,0.00,0.00,-0.00,-0.00,-0.00,0.00,0.00,-0.00,-0.00,-0.00,-0.00,-0.00,-0.00,0.00,10.00
20352.00,0.00,0.00,0.00,-0.00,-0.00,-0.00,0.00,0.00,-0.00,-0.00,-0.00,-0.00,-0.00,-0.00,0.00,10.00
20362.00,0.00,0.00,0.00,-0.00,-0.00,-0.00,0.00,0.00,-0.00,-0.00,-0.00,-0.00,-0.00,0.00,-0.00,10.00
20372.00,0.00,0.00,0.00,-0.00,-0.00,-0.00,0.00,0.00,-0.00,-0.00,-0.00,-0.00,0.00,0.00,-0.00,10.00
20387.00,0.00,0.00,0.00,-0.00,-0.00,-0.00,0.00,0.00,-0.00,-0.00,-0.00,-0.00,0.00,0.00,-0.00,10.00
20397.00,0.00,0.00,0.00,-0.00,-0.00,-0.00,0.00,0.00,-0.00,-0.00,-0.00,-0.00,0.00,0.00,0.00,16.00
20413.00,0.00,0.00,0.00,-0.00,-0.00,-0.00,0.00,0.00,-0.00,-0.00,-0.00,-0.00,0.00,-0.00,-0.00,10.00
20423.00,0.00,0.00,0.00,-0.00,-0.00,-0.00,0.00,0.00,-0.00,-0.00,-0.00,-0.00,-0.00,0.00,-0.00,10.00
20433.00,0.00,0.00,0.00,-0.00,0.00,-0.00,0.00,0.00,0.00,-0.00,-0.00,-0.00,-0.00,0.00,0.00,10.00
20443.00,0.00,0.00,0.00,-0.00,0.00,-0.00,0.00,0.00,0.00,-0.00,-0.00,-0.00,-0.00,-0.00,0.00,10.00
20453.00,0.00,0.00,0.00,-0.00,0.00,-0.00,0.00,0.00,0.00,-0.00,-0.00,-0.00,-0.00,-0.00,-0.00,10.00
20463.00,0.00,0.00,0.00,-0.00,0.00,-0.00,0.00,0.00,0.00,-0.00,-0.00,-0.00,0.00,0.00,0.00,10.00
20473.00,0.00,0.00,0.00,-0.00,0.00,-0.00,0.00,0.00,0.00,-0.00,-0.00,-0.00,0.00,0.00,-0.00,10.00
20483.00,0.00,0.00,0.00,-0.00,0.00,-0.00,0.00,0.00,0.00,-0.00,-0.00,-0.00,0.00,0.00,0.00,10.00
20503.00,0.00,0.00,0.00,-0.00,0.00,-0.00,0.00,0.00,0.00,-0.00,-0.00,-0.00,-0.00,-0.00,-0.00,18.00
20521.00,0.00,0.00,0.00,-0.00,0.00,-0.00,0.00,0.00,0.00,-0.00,-0.00,-0.00,-0.00,0.00,0.00,10.00
20531.00,0.00,0.00,0.00,-0.00,0.00,-0.00,0.00,0.00,0.00,-0.00,-0.00,-0.00,0.00,0.00,0.00,10.00
20541.00,0.00,0.00,0.00,-0.00,0.00,-0.00,0.00,0.00,0.00,-0.00,-0.00,-0.00,0.00,0.00,-0.00,10.00
20551.00,0.00,0.00,0.00,-0.00,0.00,-0.00,0.00,0.00,0.00,-0.00,-0.00,-0.00,0.00,0.00,0.00,10.00
20561.00,0.00,0.00,0.00,-0.00,0.00,-0.00,0.00,0.00,0.00,-0.00,-0.00,-0.00,0.00,0.00,0.00,10.00
20571.00,0.00,0.00,0.00,-0.00,0.00,-0.00,0.00,0.00,0.00,-0.00,-0.00,-0.00,0.00,0.00,0.00,10.00
20581.00,0.00,0.00,0.00,-0.00,0.00,-0.00,0.00,0.00,0.00,-0.00,-0.00,-0.00,0.00,0.00,0.00,10.00
20591.00,0.00,0.00,0.00,-0.00,0.00,-0.00,0.00,0.00,0.00,-0.00,-0.00,-0.00,0.00,0.00,0.00,10.00
20601.00,0.00,0.00,0.00,-0.00,0.00,-0.00,0.00,0.00,0.00,-0.00,-0.00,-0.00,0.00,0.00,0.00,18.00
20624.00,0.00,0.00,0.00,-0.00,0.00,-0.00,0.00,0.00,0.00,-0.00,-0.00,-0.00,0.00,0.00,-0.00,10.00
20634.00,0.00,0.00,0.00,0.00,0.00,-0.00,0.00,0.00,0.00,-0.00,-0.00,-0.00,0.00,0.00,0.00,10.00
20644.00,0.00,0.00,0.00,0.00,0.00,-0.00,0.00,0.00,0.00,-0.00,-0.00,-0.00,0.00,0.00,0.00,10.00
20654.00,0.00,0.00,0.00,0.00,0.00,-0.00,0.00,0.00,0.00,-0.00,-0.00,-0.00,0.00,-0.00,0.00,10.00
20664.00,0.00,0.00,0.00,0.00,0.00,-0.00,0.00,0.00,0.00,-0.00,-0.00,-0.00,0.00,0.00,0.00,10.00
20674.00,0.00,0.00,0.00,0.00,0.00,-0.00,0.00,0.00,0.00,-0.00,-0.00,-0.00,0.00,0.00,0.00,10.00
20684.00,0.00,0.00,0.00,0.00,0.00,-0.00,0.00,0.00,0.00,-0.00,-0.00,-0.00,-0.00,0.00,0.00,10.00
20694.00,0.00,0.00,0.00,0.00,0.00,-0.00,0.00,0.00,0.00,-0.00,-0.00,-0.00,0.00,-0.00,0.00,10.00
20704.00,0.00,0.00,0.00,0.00,0.00,-0.00,0.00,0.00,0.00,-0.00,-0.00,-0.00,0.00,-0.00,0.00,17.00
20721.00,0.00,0.00,0.00,0.00,0.00,-0.00,0.00,0.00,0.00,-0.00,-0.00,-0.00,-0.00,0.00,0.00,10.00
20736.00,0.00,0.00,0.00,0.00,0.00,-0.00,0.00,0.00,0.00,-0.00,-0.00,-0.00,0.00,0.00,0.00,10.00
20746.00,0.00,0.00,0.00,0.00,0.00,-0.00,0.00,0.00,0.00,-0.00,-0.00,-0.00,0.00,0.00,0.00,10.00
20756.00,0.00,0.00,0.00,0.00,0.00,-0.00,0.00,0.00,0.00,-0.00,-0.00,-0.00,0.00,-0.00,0.00,10.00
20766.00,0.00,0.00,0.00,0.00,0.00,-0.00,0.00,0.00,0.00,-0.00,-0.00,-0.00,-0.00,0.00,0.00,10.00
20776.00,0.00,0.00,0.00,0.00,0.00,-0.00,0.00,0.00,0.00,-0.00,-0.00,-0.00,0.00,-0.00,-0.00,10.00
20786.00,0.00,0.00,0.00,0.00,0.00,-0.00,0.00,0.00,0.00,-0.00,-0.00,-0.00,-0.00,0.00,0.00,10.00
20796.00,0.00,0.00,0.00,0.00,0.00,-0.00,0.00,0.00,0.00,-0.00,-0.00,-0.00,-0.00,0.00,0.00,10.00
20806.00,0.00,0.00,0.00,0.00,0.00,-0.00,0.00,0.00,0.00,-0.00,-0.00,-0.00,-0.00,0.00,0.00,16.00
20822.00,0.00,0.00,0.00,0.00,0.00,-0.00,0.00,0.00,0.00,-0.00,-0.00,-0.00,0.00,-0.00,0.00,10.00
20832.00,0.00,0.00,0.00,0.00,0.00,-0.00,0.00,0.00,0.00,-0.00,-0.00,-0.00,0.00,0.00,0.00,10.00
20847.00,0.00,0.00,0.00,-0.00,-0.00,0.00,-0.00,-0.00,0.00,-0.00,-0.00,-0.00,-0.00,-0.00,0.00,10.00
20857.00,0.00,0.00,0.00,-0.00,-0.00,0.00,-0.00,-0.00,0.00,-0.00,-0.00,-0.00,-0.00,-0.00,0.00,10.00
20867.00,0.00,0.00,0.00,-0.00,-0.00,0.00,-0.00,-0.00,0.00,-0.00,-0.00,-0.00,0.00,0.00,-0.00,10.00
20877.00,0.00,0.00,0.00,-0.00,-0.00,0.00,-0.00,-0.00,0.00,-0.00,-0.00,-0.00,0.00,0.00,0.00,10.00
20887.00,0.00,0.00,0.00,-0.00,-0.00,0.00,-0.00,-0.00,0.00,-0.00,-0.00,-0.00,0.00,0.00,-0.00,10.00
20897.00,0.00,0.00,0.00,-0.00,-0.00,0.00,-0.00,-0.00,0.00,-0.00,-0.00,-0.00,0.00,-0.00,0.00,16.00
20913.00,0.00,0.00,0.00,-0.00,-0.00,0.00,-0.00,-0.00,0.00,-0.00,-0.00,-0.00,-0.00,0.00,-0.00,10.00
20923.00,0.00,0.00,0.00,-0.00,-0.00,0.00,-0.00,-0.00,0.00,-0.00,-0.00,-0.00,-0.00,0.00,-0.00,10.00
20933.00,0.00,0.00,0.00,-0.00,-0.00,0.00,-0.00,-0.00,0.00,-0.00,-0.00,-0.00,-0.00,-0.00,-0.00,10.00
20943.00,0.00,0.00,0.00,-0.00,-0.00,0.00,-0.00,-0.00,0.00,-0.00,-0.00,-0.00,0.00,0.00,-0.00,10.00
20958.00,0.00,0.00,0.00,-0.00,-0.00,0.00,-0.00,-0.00,0.00,-0.00,-0.00,-0.00,-0.00,-0.00,0.00,10.00
20968.00,0.00,0.00,0.00,-0.00,-0.00,0.00,-0.00,-0.00,0.00,-0.00,-0.00,-0.00,0.00,-0.00,-0.00,10.00
20978.00,0.00,0.00,0.00,-0.00,-0.00,0.00,-0.00,-0.00,0.00,-0.00,-0.00,-0.00,0.00,0.00,-0.00,10.00
20988.00,0.00,0.00,0.00,-0.00,-0.00,0.00,-0.00,-0.00,0.00,-0.00,-0.00,-0.00,0.00,0.00,-0.00,10.00
20998.00,0.00,0.00,0.00,-0.00,-0.00,0.00,-0.00,-0.00,0.00,-0.00,-0.00,-0.00,-0.00,0.00,-0.00,16.00
21014.00,0.00,0.00,0.00,-0.00,-0.00,0.00,-0.00,-0.00,0.00,-0.00,-0.00,-0.00,-0.00,0.00,-0.00,10.00
21024.00,0.00,0.00,0.00,-0.00,-0.00,0.00,-0.00,-0.00,0.00,-0.00,-0.00,-0.00,0.00,0.00,-0.00,10.00
21034.00,0.00,0.00,0.00,-0.00,-0.00,0.00,-0.00,-0.00,0.00,-0.00,-0.00,-0.00,0.00,0.00,-0.00,10.00
21044.00,0.00,0.00,0.00,-0.00,-0.00,0.00,-0.00,-0.00,0.00,-0.00,-0.00,-0.00,-0.00,-0.00,0.00,10.00
21054.00,0.00,0.00,0.00,-0.00,-0.00,0.00,0.00,-0.00,-0.00,-0.00,-0.00,-0.00,-0.00,0.00,-0.00,10.00
21068.00,0.00,0.00,0.00,-0.00,-0.00,0.00,0.00,-0.00,-0.00,-0.00,-0.00,-0.00,0.00,0.00,0.00,10.00
21078.00,0.00,0.00,0.00,-0.00,-0.00,0.00,0.00,-0.00,-0.00,-0.00,-0.00,-0.00,0.00,-0.00,-0.00,10.00
21088.00,0.00,0.00,0.00,-0.00,-0.00,0.00,0.00,-0.00,-0.00,-0.00,-0.00,-0.00,-0.00,-0.00,-0.00,10.00
21098.00,0.00,0.00,0.00,-0.00,-0.00,0.00,0.00,-0.00,-0.00,-0.00,-0.00,-0.00,-0.00,-0.00,-0.00,10.00
21108.00,0.00,0.00,0.00,-0.00,-0.00,0.00,0.00,-0.00,-0.00,-0.00,-0.00,-0.00,0.00,0.00,0.00,16.00
21124.00,0.00,0.00,0.00,-0.00,-0.00,0.00,0.00,-0.00,-0.00,-0.00,-0.00,-0.00,0.00,-0.00,-0.00,10.00
21134.00,0.00,0.00,0.00,-0.00,-0.00,0.00,0.00,-0.00,-0.00,-0.00,-0.00,-0.00,0.00,-0.00,0.00,10.00
21144.00,0.00,0.00,0.00,-0.00,-0.00,0.00,0.00,-0.00,-0.00,-0.00,-0.00,-0.00,0.00,0.00,0.00,10.00
21154.00,0.00,0.00,0.00,-0.00,-0.00,0.00,0.00,-0.00,-0.00,-0.00,-0.00,-0.00,-0.00,0.00,0.00,10.00
21164.00,0.00,0.00,0.00,-0.00,-0.00,0.00,0.00,-0.00,-0.00,-0.00,-0.00,-0.00,-0.00,0.00,0.00,10.00
21179.00,0.00,0.00,0.00,-0.00,-0.00,0.00,0.00,-0.00,-0.00,-0.00,-0.00,-0.00,0.00,0.00,-0.00,10.00
21189.00,0.00,0.00,0.00,-0.00,-0.00,0.00,0.00,-0.00,-0.00,-0.00,-0.00,-0.00,0.00,0.00,-0.00,10.00
21199.00,0.00,0.00,0.00,-0.00,-0.00,0.00,0.00,-0.00,-0.00,-0.00,-0.00,-0.00,0.00,0.00,0.00,15.00
21214.00,0.00,0.00,0.00,-0.00,-0.00,0.00,0.00,-0.00,-0.00,-0.00,-0.00,-0.00,0.00,0.00,-0.00,10.00
21224.00,0.00,0.00,0.00,-0.00,-0.00,0.00,0.00,-0.00,-0.00,-0.00,-0.00,-0.00,-0.00,0.00,-0.00,10.00
21234.00,0.00,0.00,0.00,-0.00,-0.00,0.00,0.00,-0.00,-0.00,-0.00,-0.00,-0.00,0.00,0.00,-0.00,10.00
21244.00,0.00,0.00,0.00,-0.00,-0.00,0.00,0.00,-0.00,-0.00,-0.00,-0.00,-0.00,0.00,0.00,-0.00,10.00
21254.00,0.00,0.00,0.00,0.00,0.00,0.00,0.00,0.00,0.00,-0.00,-0.00,-0.00,0.00,0.00,0.00,10.00
21264.00,0.00,0.00,0.00,0.00,0.00,0.00,0.00,0.00,0.00,-0.00,-0.00,-0.00,0.00,0.00,-0.00,10.00
21274.00,0.00,0.00,0.00,0.00,0.00,0.00,0.00,0.00,0.00,-0.00,-0.00,-0.00,0.00,-0.00,-0.00,10.00
21289.00,0.00,0.00,0.00,0.00,0.00,0.00,0.00,0.00,0.00,-0.00,-0.00,-0.00,-0.00,0.00,-0.00,10.00
21299.00,0.00,0.00,0.00,0.00,0.00,0.00,0.00,0.00,0.00,-0.00,-0.00,-0.00,0.00,0.00,0.00,10.00
21309.00,0.00,0.00,0.00,0.00,0.00,0.00,0.00,0.00,0.00,-0.00,-0.00,-0.00,-0.00,-0.00,-0.00,16.00
21325.00,0.00,0.00,0.00,0.00,0.00,0.00,0.00,0.00,0.00,-0.00,-0.00,-0.00,0.00,0.00,-0.00,10.00
21335.00,0.00,0.00,0.00,0.00,0.00,0.00,0.00,0.00,0.00,-0.00,-0.00,-0.00,0.00,0.00,-0.00,10.00
21345.00,0.00,0.00,0.00,0.00,0.00,0.00,0.00,0.00,0.00,-0.00,-0.00,-0.00,0.00,0.00,0.00,10.00
21355.00,0.00,0.00,0.00,0.00,0.00,0.00,0.00,0.00,0.00,-0.00,-0.00,-0.00,-0.00,-0.00,-0.00,10.00
21365.00,0.00,0.00,0.00,0.00,0.00,0.00,0.00,0.00,0.00,-0.00,-0.00,-0.00,-0.00,0.00,-0.00,10.00
21375.00,0.00,0.00,0.00,0.00,0.00,0.00,0.00,0.00,0.00,-0.00,-0.00,-0.00,0.00,-0.00,0.00,10.00
21385.00,0.00,0.00,0.00,0.00,0.00,0.00,0.00,0.00,0.00,-0.00,-0.00,-0.00,-0.00,-0.00,0.00,10.00
21405.00,0.00,0.00,0.00,0.00,0.00,0.00,0.00,0.00,0.00,-0.00,-0.00,-0.00,0.00,-0.00,0.00,18.00
21423.00,0.00,0.00,0.00,0.00,0.00,0.00,0.00,0.00,0.00,-0.00,-0.00,-0.00,0.00,-0.00,0.00,10.00
21433.00,0.00,0.00,0.00,0.00,0.00,0.00,0.00,0.00,0.00,-0.00,-0.00,-0.00,0.00,-0.00,0.00,10.00
21443.00,0.00,0.00,0.00,0.00,0.00,0.00,0.00,0.00,0.00,-0.00,-0.00,-0.00,0.00,-0.00,0.00,10.00
21453.00,0.00,0.00,0.00,0.00,0.00,0.00,0.00,0.00,0.00,-0.00,-0.00,-0.00,-0.00,0.00,-0.00,10.00
21463.00,0.00,0.00,0.00,0.00,-0.00,0.00,-0.00,-0.00,0.00,-0.00,-0.00,-0.00,0.00,-0.00,0.00,10.00
21473.00,0.00,0.00,0.00,0.00,-0.00,0.00,-0.00,-0.00,0.00,-0.00,-0.00,-0.00,-0.00,0.00,-0.00,10.00
21483.00,0.00,0.00,0.00,0.00,-0.00,0.00,-0.00,-0.00,0.00,-0.00,-0.00,-0.00,-0.00,0.00,0.00,10.00
21493.00,0.00,0.00,0.00,0.00,-0.00,0.00,-0.00,-0.00,0.00,-0.00,-0.00,-0.00,-0.00,-0.00,0.00,18.00
21511.00,0.00,0.00,0.00,0.00,-0.00,0.00,-0.00,-0.00,0.00,-0.00,-0.00,-0.00,0.00,0.00,0.00,10.00
21526.00,0.00,0.00,0.00,0.00,-0.00,0.00,-0.00,-0.00,0.00,-0.00,-0.00,-0.00,0.00,0.00,0.00,10.00
21536.00,0.00,0.00,0.00,0.00,-0.00,0.00,-0.00,-0.00,0.00,-0.00,-0.00,-0.00,0.00,-0.00,0.00,10.00
21546.00,0.00,0.00,0.00,0.00,-0.00,0.00,-0.00,-0.00,0.00,-0.00,-0.00,-0.00,0.00,-0.00,0.00,10.00
21556.00,0.00,0.00,0.00,0.00,-0.00,0.00,-0.00,-0.00,0.00,-0.00,-0.00,-0.00,0.00,0.00,0.00,10.00
21566.00,0.00,0.00,0.00,0.00,-0.00,0.00,-0.00,-0.00,0.00,-0.00,-0.00,-0.00,-0.00,0.00,0.00,10.00
21576.00,0.00,0.00,0.00,0.00,-0.00,0.00,-0.00,-0.00,0.00,-0.00,-0.00,-0.00,-0.00,0.00,-0.00,10.00
21586.00,0.00,0.00,0.00,0.00,-0.00,0.00,-0.00,-0.00,0.00,-0.00,-0.00,-0.00,0.00,0.00,0.00,10.00
21596.00,0.00,0.00,0.00,0.00,-0.00,0.00,-0.00,-0.00,0.00,-0.00,-0.00,-0.00,0.00,-0.00,0.00,10.00
21606.00,0.00,0.00,0.00,0.00,-0.00,0.00,-0.00,-0.00,0.00,-0.00,-0.00,-0.00,0.00,0.00,0.00,17.00
21623.00,0.00,0.00,0.00,0.00,-0.00,0.00,-0.00,-0.00,0.00,-0.00,-0.00,-0.00,0.00,0.00,0.00,10.00
21638.00,0.00,0.00,0.00,0.00,-0.00,0.00,-0.00,-0.00,0.00,-0.00,-0.00,-0.00,0.00,0.00,0.00,10.00
21648.00,0.00,0.00,0.00,0.00,-0.00,0.00,-0.00,-0.00,0.00,-0.00,-0.00,-0.00,0.00,0.00,0.00,10.00
21658.00,0.00,0.00,0.00,0.00,-0.00,0.00,-0.00,-0.00,0.00,-0.00,-0.00,-0.00,0.00,0.00,-0.00,10.00
21668.00,0.00,0.00,0.00,0.00,0.00,-0.00,0.00,0.00,-0.00,-0.00,-0.00,-0.00,0.00,0.00,0.00,10.00
21678.00,0.00,0.00,0.00,0.00,0.00,-0.00,0.00,0.00,-0.00,-0.00,-0.00,-0.00,-0.00,0.00,0.00,10.00
21688.00,0.00,0.00,0.00,0.00,0.00,-0.00,0.00,0.00,-0.00,-0.00,-0.00,-0.00,0.00,0.00,0.00,10.00
21698.00,0.00,0.00,0.00,0.00,0.00,-0.00,0.00,0.00,-0.00,-0.00,-0.00,-0.00,0.00,0.00,0.00,16.00
21714.00,0.00,0.00,0.00,0.00,0.00,-0.00,0.00,0.00,-0.00,-0.00,-0.00,-0.00,0.00,0.00,0.00,10.00
21724.00,0.00,0.00,0.00,0.00,0.00,-0.00,0.00,0.00,-0.00,-0.00,-0.00,-0.00,0.00,0.00,-0.00,10.00
21734.00,0.00,0.00,0.00,0.00,0.00,-0.00,0.00,0.00,-0.00,-0.00,-0.00,-0.00,0.00,0.00,0.00,10.00
21749.00,0.00,0.00,0.00,0.00,0.00,-0.00,0.00,0.00,-0.00,-0.00,-0.00,-0.00,-0.00,0.00,0.00,10.00
21759.00,0.00,0.00,0.00,0.00,0.00,-0.00,0.00,0.00,-0.00,-0.00,-0.00,-0.00,-0.00,-0.00,0.00,10.00
21769.00,0.00,0.00,0.00,0.00,0.00,-0.00,0.00,0.00,-0.00,-0.00,-0.00,-0.00,0.00,-0.00,0.00,10.00
21779.00,0.00,0.00,0.00,0.00,0.00,-0.00,0.00,0.00,-0.00,-0.00,-0.00,-0.00,-0.00,0.00,0.00,10.00
21789.00,0.00,0.00,0.00,0.00,0.00,-0.00,0.00,0.00,-0.00,-0.00,-0.00,-0.00,0.00,-0.00,0.00,10.00
21799.00,0.00,0.00,0.00,0.00,0.00,-0.00,0.00,0.00,-0.00,-0.00,-0.00,-0.00,0.00,-0.00,0.00,16.00
21815.00,0.00,0.00,0.00,0.00,0.00,-0.00,0.00,0.00,-0.00,-0.00,-0.00,-0.00,-0.00,-0.00,0.00,10.00
21825.00,0.00,0.00,0.00,0.00,0.00,-0.00,0.00,0.00,-0.00,-0.00,-0.00,-0.00,0.00,0.00,0.00,10.00
21835.00,0.00,0.00,0.00,0.00,0.00,-0.00,0.00,0.00,-0.00,-0.00,-0.00,-0.00,0.00,0.00,0.00,10.00
21845.00,0.00,0.00,0.00,0.00,0.00,-0.00,0.00,0.00,-0.00,-0.00,-0.00,-0.00,0.00,0.00,-0.00,10.00
21860.00,0.00,0.00,0.00,0.00,0.00,-0.00,0.00,0.00,-0.00,-0.00,-0.00,-0.00,-0.00,0.00,0.00,10.00
21870.00,0.00,0.00,0.00,0.00,-0.00,0.00,-0.00,-0.00,0.00,-0.00,-0.00,-0.00,0.00,-0.00,0.00,10.00
21880.00,0.00,0.00,0.00,0.00,-0.00,0.00,-0.00,-0.00,0.00,-0.00,-0.00,-0.00,0.00,0.00,-0.00,10.00
21890.00,0.00,0.00,0.00,0.00,-0.00,0.00,-0.00,-0.00,0.00,-0.00,-0.00,-0.00,-0.00,-0.00,-0.00,10.00
21900.00,0.00,0.00,0.00,0.00,-0.00,0.00,-0.00,-0.00,0.00,-0.00,-0.00,-0.00,0.00,-0.00,-0.00,16.00
21916.00,0.00,0.00,0.00,0.00,-0.00,0.00,-0.00,-0.00,0.00,-0.00,-0.00,-0.00,0.00,-0.00,-0.00,10.00
21926.00,0.00,0.00,0.00,0.00,-0.00,0.00,-0.00,-0.00,0.00,-0.00,-0.00,-0.00,0.00,0.00,0.00,10.00
21936.00,0.00,0.00,0.00,0.00,-0.00,0.00,-0.00,-0.00,0.00,-0.00,-0.00,-0.00,0.00,-0.00,0.00,10.00
21946.00,0.00,0.00,0.00,0.00,-0.00,0.00,-0.00,-0.00,0.00,-0.00,-0.00,-0.00,0.00,-0.00,0.00,10.00
21956.00,0.00,0.00,0.00,0.00,-0.00,0.00,-0.00,-0.00,0.00,-0.00,-0.00,-0.00,0.00,-0.00,0.00,10.00
21971.00,0.00,0.00,0.00,0.00,-0.00,0.00,-0.00,-0.00,0.00,-0.00,-0.00,-0.00,0.00,-0.00,0.00,10.00
21981.00,0.00,0.00,0.00,0.00,-0.00,0.00,-0.00,-0.00,0.00,-0.00,-0.00,-0.00,0.00,-0.00,0.00,10.00
21991.00,0.00,0.00,0.00,0.00,-0.00,0.00,-0.00,-0.00,0.00,-0.00,-0.00,-0.00,0.00,0.00,0.00,10.00
22001.00,0.00,0.00,0.00,0.00,-0.00,0.00,-0.00,-0.00,0.00,-0.00,-0.00,-0.00,0.00,-0.00,0.00,10.00
22011.00,0.00,0.00,0.00,0.00,-0.00,0.00,-0.00,-0.00,0.00,-0.00,-0.00,-0.00,-0.00,0.00,0.00,15.00
22026.00,0.00,0.00,0.00,0.00,-0.00,0.00,-0.00,-0.00,0.00,-0.00,-0.00,-0.00,0.00,-0.00,0.00,10.00
22036.00,0.00,0.00,0.00,0.00,-0.00,0.00,-0.00,-0.00,0.00,-0.00,-0.00,-0.00,0.00,-0.00,0.00,10.00
22046.00,0.00,0.00,0.00,0.00,-0.00,0.00,-0.00,-0.00,0.00,-0.00,-0.00,-0.00,0.00,-0.00,0.00,10.00
22056.00,0.00,0.00,0.00,0.00,-0.00,0.00,-0.00,-0.00,0.00,-0.00,-0.00,-0.00,0.00,-0.00,0.00,10.00
22066.00,0.00,0.00,0.00,0.00,-0.00,0.00,-0.00,-0.00,0.00,-0.00,-0.00,-0.00,-0.00,-0.00,0.00,10.00
22081.00,0.00,0.00,0.00,0.00,0.00,0.00,0.00,0.00,-0.00,-0.00,-0.00,-0.00,0.00,0.00,0.00,10.00
22091.00,0.00,0.00,0.00,0.00,0.00,0.00,0.00,0.00,-0.00,-0.00,-0.00,-0.00,0.00,-0.00,-0.00,10.00
22101.00,0.00,0.00,0.00,0.00,0.00,0.00,0.00,0.00,-0.00,-0.00,-0.00,-0.00,0.00,0.00,-0.00,10.00
22111.00,0.00,0.00,0.00,0.00,0.00,0.00,0.00,0.00,-0.00,-0.00,-0.00,-0.00,0.00,0.00,-0.00,15.00
22126.00,0.00,0.00,0.00,0.00,0.00,0.00,0.00,0.00,-0.00,-0.00,-0.00,-0.00,-0.00,-0.00,0.00,10.00
22136.00,0.00,0.00,0.00,0.00,0.00,0.00,0.00,0.00,-0.00,-0.00,-0.00,-0.00,0.00,-0.00,0.00,10.00
22146.00,0.00,0.00,0.00,0.00,0.00,0.00,0.00,0.00,-0.00,-0.00,-0.00,-0.00,-0.00,0.00,0.00,10.00
22156.00,0.00,0.00,0.00,0.00,0.00,0.00,0.00,0.00,-0.00,-0.00,-0.00,-0.00,0.00,0.00,0.00,10.00
22166.00,0.00,0.00,0.00,0.00,0.00,0.00,0.00,0.00,-0.00,-0.00,-0.00,-0.00,0.00,-0.00,0.00,10.00
22176.00,0.00,0.00,0.00,0.00,0.00,0.00,0.00,0.00,-0.00,-0.00,-0.00,-0.00,0.00,-0.00,0.00,10.00
22191.00,0.00,0.00,0.00,0.00,0.00,0.00,0.00,0.00,-0.00,-0.00,-0.00,-0.00,-0.00,0.00,0.00,10.00
22201.00,0.00,0.00,0.00,0.00,0.00,0.00,0.00,0.00,-0.00,-0.00,-0.00,-0.00,-0.00,-0.00,0.00,15.00
22216.00,0.00,0.00,0.00,0.00,0.00,0.00,0.00,0.00,-0.00,-0.00,-0.00,-0.00,-0.00,-0.00,0.00,10.00
22226.00,0.00,0.00,0.00,0.00,0.00,0.00,0.00,0.00,-0.00,-0.00,-0.00,-0.00,0.00,0.00,0.00,10.00
22236.00,0.00,0.00,0.00,0.00,0.00,0.00,0.00,0.00,-0.00,-0.00,-0.00,-0.00,0.00,0.00,0.00,10.00
22246.00,0.00,0.00,0.00,0.00,0.00,0.00,0.00,0.00,-0.00,-0.00,-0.00,-0.00,0.00,0.00,0.00,10.00
22256.00,0.00,0.00,0.00,0.00,0.00,0.00,0.00,0.00,-0.00,-0.00,-0.00,-0.00,-0.00,0.00,-0.00,10.00
22266.00,0.00,0.00,0.00,0.00,0.00,0.00,0.00,0.00,-0.00,-0.00,-0.00,-0.00,-0.00,0.00,0.00,10.00
22276.00,0.00,0.00,0.00,0.00,0.00,0.00,0.00,0.00,-0.00,-0.00,-0.00,-0.00,-0.00,0.00,0.00,10.00
22286.00,0.00,0.00,0.00,0.00,-0.00,0.00,-0.00,-0.00,0.00,-0.00,-0.00,-0.00,0.00,-0.00,0.00,10.00
22306.00,0.00,0.00,0.00,0.00,-0.00,0.00,-0.00,-0.00,0.00,-0.00,-0.00,-0.00,-0.00,0.00,0.00,19.00
22325.00,0.00,0.00,0.00,0.00,-0.00,0.00,-0.00,-0.00,0.00,-0.00,-0.00,-0.00,-0.00,0.00,0.00,10.00
22335.00,0.00,0.00,0.00,0.00,-0.00,0.00,-0.00,-0.00,0.00,-0.00,-0.00,-0.00,0.00,0.00,0.00,10.00
22345.00,0.00,0.00,0.00,0.00,-0.00,0.00,-0.00,-0.00,0.00,-0.00,-0.00,-0.00,0.00,-0.00,0.00,10.00
22355.00,0.00,0.00,0.00,0.00,-0.00,0.00,-0.00,-0.00,0.00,-0.00,-0.00,-0.00,0.00,-0.00,0.00,10.00
22365.00,0.00,0.00,0.00,0.00,-0.00,0.00,-0.00,-0.00,0.00,-0.00,-0.00,-0.00,0.00,-0.00,0.00,10.00
22375.00,0.00,0.00,0.00,0.00,-0.00,0.00,-0.00,-0.00,0.00,-0.00,-0.00,-0.00,0.00,-0.00,0.00,10.00
22385.00,0.00,0.00,0.00,0.00,-0.00,0.00,-0.00,-0.00,0.00,-0.00,-0.00,-0.00,-0.00,-0.00,-0.00,10.00
22395.00,0.00,0.00,0.00,0.00,-0.00,0.00,-0.00,-0.00,0.00,-0.00,-0.00,-0.00,0.00,0.00,-0.00,19.00
22414.00,0.00,0.00,0.00,0.00,-0.00,0.00,-0.00,-0.00,0.00,-0.00,-0.00,-0.00,0.00,-0.00,0.00,10.00
22429.00,0.00,0.00,0.00,0.00,-0.00,0.00,-0.00,-0.00,0.00,-0.00,-0.00,-0.00,0.00,0.00,0.00,10.00
22439.00,0.00,0.00,0.00,0.00,-0.00,0.00,-0.00,-0.00,0.00,-0.00,-0.00,-0.00,0.00,0.00,0.00,10.00
22449.00,0.00,0.00,0.00,0.00,-0.00,0.00,-0.00,-0.00,0.00,-0.00,-0.00,-0.00,0.00,0.00,-0.00,10.00
22459.00,0.00,0.00,0.00,0.00,-0.00,0.00,-0.00,-0.00,0.00,-0.00,-0.00,-0.00,-0.00,0.00,0.00,10.00
22469.00,0.00,0.00,0.00,0.00,-0.00,0.00,-0.00,-0.00,0.00,-0.00,-0.00,-0.00,-0.00,0.00,0.00,10.00
22479.00,0.00,0.00,0.00,0.00,-0.00,0.00,-0.00,-0.00,0.00,-0.00,-0.00,-0.00,0.00,0.00,-0.00,10.00
22489.00,0.00,0.00,0.00,0.00,0.00,-0.00,0.00,0.00,-0.00,-0.00,-0.00,-0.00,-0.00,0.00,0.00,10.00
22499.00,0.00,0.00,0.00,0.00,0.00,-0.00,0.00,0.00,-0.00,-0.00,-0.00,-0.00,-0.00,-0.00,0.00,17.00
22516.00,0.00,0.00,0.00,0.00,0.00,-0.00,0.00,0.00,-0.00,-0.00,-0.00,-0.00,-0.00,0.00,-0.00,10.00
22526.00,0.00,0.00,0.00,0.00,0.00,-0.00,0.00,0.00,-0.00,-0.00,-0.00,-0.00,0.00,-0.00,-0.00,10.00
22541.00,0.00,0.00,0.00,0.00,0.00,-0.00,0.00,0.00,-0.00,-0.00,-0.00,-0.00,0.00,0.00,-0.00,10.00
22551.00,0.00,0.00,0.00,0.00,0.00,-0.00,0.00,0.00,-0.00,-0.00,-0.00,-0.00,0.00,0.00,0.00,10.00
22561.00,0.00,0.00,0.00,0.00,0.00,-0.00,0.00,0.00,-0.00,-0.00,-0.00,-0.00,-0.00,-0.00,-0.00,10.00
22571.00,0.00,0.00,0.00,0.00,0.00,-0.00,0.00,0.00,-0.00,-0.00,-0.00,-0.00,0.00,0.00,-0.00,10.00
22581.00,0.00,0.00,0.00,0.00,0.00,-0.00,0.00,0.00,-0.00,-0.00,-0.00,-0.00,0.00,-0.00,-0.00,10.00
22591.00,0.00,0.00,0.00,0.00,0.00,-0.00,0.00,0.00,-0.00,-0.00,-0.00,-0.00,0.00,-0.00,-0.00,10.00
22601.00,0.00,0.00,0.00,0.00,0.00,-0.00,0.00,0.00,-0.00,-0.00,-0.00,-0.00,-0.00,-0.00,-0.00,10.00
22611.00,0.00,0.00,0.00,0.00,0.00,-0.00,0.00,0.00,-0.00,-0.00,-0.00,-0.00,-0.00,0.00,0.00,16.00
22627.00,0.00,0.00,0.00,0.00,0.00,-0.00,0.00,0.00,-0.00,-0.00,-0.00,-0.00,-0.00,-0.00,-0.00,10.00
22637.00,0.00,0.00,0.00,0.00,0.00,-0.00,0.00,0.00,-0.00,-0.00,-0.00,-0.00,0.00,0.00,0.00,10.00
22652.00,0.00,0.00,0.00,0.00,0.00,-0.00,0.00,0.00,-0.00,-0.00,-0.00,-0.00,0.00,-0.00,0.00,10.00
22662.00,0.00,0.00,0.00,0.00,0.00,-0.00,0.00,0.00,-0.00,-0.00,-0.00,-0.00,0.00,0.00,0.00,10.00
22672.00,0.00,0.00,0.00,0.00,0.00,-0.00,0.00,0.00,-0.00,-0.00,-0.00,-0.00,0.00,0.00,-0.00,10.00
22682.00,0.00,0.00,0.00,0.00,0.00,-0.00,0.00,0.00,-0.00,-0.00,-0.00,-0.00,-0.00,0.00,-0.00,10.00
22692.00,0.00,0.00,0.00,-0.00,0.00,-0.00,-0.00,-0.00,-0.00,-0.00,-0.00,-0.00,0.00,0.00,-0.00,10.00
22702.00,0.00,0.00,0.00,-0.00,0.00,-0.00,-0.00,-0.00,-0.00,-0.00,-0.00,-0.00,0.00,-0.00,0.00,10.00
22712.00,0.00,0.00,0.00,-0.00,0.00,-0.00,-0.00,-0.00,-0.00,-0.00,-0.00,-0.00,0.00,0.00,0.00,16.00
22728.00,0.00,0.00,0.00,-0.00,0.00,-0.00,-0.00,-0.00,-0.00,-0.00,-0.00,-0.00,0.00,0.00,-0.00,10.00
22738.00,0.00,0.00,0.00,-0.00,0.00,-0.00,-0.00,-0.00,-0.00,-0.00,-0.00,-0.00,-0.00,0.00,-0.00,10.00
22748.00,0.00,0.00,0.00,-0.00,0.00,-0.00,-0.00,-0.00,-0.00,-0.00,-0.00,-0.00,0.00,0.00,-0.00,10.00
22763.00,0.00,0.00,0.00,-0.00,0.00,-0.00,-0.00,-0.00,-0.00,-0.00,-0.00,-0.00,0.00,0.00,0.00,10.00
22773.00,0.00,0.00,0.00,-0.00,0.00,-0.00,-0.00,-0.00,-0.00,-0.00,-0.00,-0.00,0.00,-0.00,0.00,10.00
22783.00,0.00,0.00,0.00,-0.00,0.00,-0.00,-0.00,-0.00,-0.00,-0.00,-0.00,-0.00,-0.00,-0.00,0.00,10.00
22793.00,0.00,0.00,0.00,-0.00,0.00,-0.00,-0.00,-0.00,-0.00,-0.00,-0.00,-0.00,-0.00,-0.00,-0.00,10.00
22803.00,0.00,0.00,0.00,-0.00,0.00,-0.00,-0.00,-0.00,-0.00,-0.00,-0.00,-0.00,0.00,-0.00,0.00,15.00
22818.00,0.00,0.00,0.00,-0.00,0.00,-0.00,-0.00,-0.00,-0.00,-0.00,-0.00,-0.00,0.00,0.00,0.00,10.00
22828.00,0.00,0.00,0.00,-0.00,0.00,-0.00,-0.00,-0.00,-0.00,-0.00,-0.00,-0.00,0.00,0.00,-0.00,10.00
22838.00,0.00,0.00,0.00,-0.00,0.00,-0.00,-0.00,-0.00,-0.00,-0.00,-0.00,-0.00,-0.00,0.00,0.00,10.00
22848.00,0.00,0.00,0.00,-0.00,0.00,-0.00,-0.00,-0.00,-0.00,-0.00,-0.00,-0.00,-0.00,-0.00,-0.00,10.00
22858.00,0.00,0.00,0.00,-0.00,0.00,-0.00,-0.00,-0.00,-0.00,-0.00,-0.00,-0.00,-0.00,0.00,0.00,10.00
22872.00,0.00,0.00,0.00,-0.00,0.00,-0.00,-0.00,-0.00,-0.00,-0.00,-0.00,-0.00,0.00,0.00,-0.00,10.00
22882.00,0.00,0.00,0.00,-0.00,0.00,-0.00,-0.00,-0.00,-0.00,-0.00,-0.00,-0.00,-0.00,-0.00,0.00,10.00
22892.00,0.00,0.00,0.00,-0.00,-0.00,0.00,0.00,-0.00,0.00,-0.00,-0.00,-0.00,-0.00,-0.00,0.00,10.00
22902.00,0.00,0.00,0.00,-0.00,-0.00,0.00,0.00,-0.00,0.00,-0.00,-0.00,-0.00,-0.00,0.00,0.00,16.00
22918.00,0.00,0.00,0.00,-0.00,-0.00,0.00,0.00,-0.00,0.00,-0.00,-0.00,-0.00,0.00,-0.00,0.00,10.00
22928.00,0.00,0.00,0.00,-0.00,-0.00,0.00,0.00,-0.00,0.00,-0.00,-0.00,-0.00,0.00,-0.00,0.00,10.00
22938.00,0.00,0.00,0.00,-0.00,-0.00,0.00,0.00,-0.00,0.00,-0.00,-0.00,-0.00,0.00,-0.00,0.00,10.00
22948.00,0.00,0.00,0.00,-0.00,-0.00,0.00,0.00,-0.00,0.00,-0.00,-0.00,-0.00,-0.00,-0.00,0.00,10.00
22958.00,0.00,0.00,0.00,-0.00,-0.00,0.00,0.00,-0.00,0.00,-0.00,-0.00,-0.00,-0.00,-0.00,0.00,10.00
22968.00,0.00,0.00,0.00,-0.00,-0.00,0.00,0.00,-0.00,0.00,-0.00,-0.00,-0.00,0.00,-0.00,0.00,10.00
22983.00,0.00,0.00,0.00,-0.00,-0.00,0.00,0.00,-0.00,0.00,-0.00,-0.00,-0.00,0.00,-0.00,0.00,10.00
22993.00,0.00,0.00,0.00,-0.00,-0.00,0.00,0.00,-0.00,0.00,-0.00,-0.00,-0.00,-0.00,-0.00,-0.00,10.00
23003.00,0.00,0.00,0.00,-0.00,-0.00,0.00,0.00,-0.00,0.00,-0.00,-0.00,-0.00,0.00,-0.00,-0.00,16.00
23019.00,0.00,0.00,0.00,-0.00,-0.00,0.00,0.00,-0.00,0.00,-0.00,-0.00,-0.00,0.00,0.00,0.00,10.00
23029.00,0.00,0.00,0.00,-0.00,-0.00,0.00,0.00,-0.00,0.00,-0.00,-0.00,-0.00,-0.00,-0.00,0.00,10.00
23039.00,0.00,0.00,0.00,-0.00,-0.00,0.00,0.00,-0.00,0.00,-0.00,-0.00,-0.00,0.00,0.00,0.00,10.00
23049.00,0.00,0.00,0.00,-0.00,-0.00,0.00,0.00,-0.00,0.00,-0.00,-0.00,-0.00,0.00,0.00,0.00,10.00
23059.00,0.00,0.00,0.00,-0.00,-0.00,0.00,0.00,-0.00,0.00,-0.00,-0.00,-0.00,-0.00,-0.00,0.00,10.00
23069.00,0.00,0.00,0.00,-0.00,-0.00,0.00,0.00,-0.00,0.00,-0.00,-0.00,-0.00,0.00,-0.00,0.00,10.00
23079.00,0.00,0.00,0.00,-0.00,-0.00,0.00,0.00,-0.00,0.00,-0.00,-0.00,-0.00,0.00,-0.00,0.00,10.00
23094.00,0.00,0.00,0.00,-0.00,-0.00,0.00,0.00,0.00,-0.00,-0.00,-0.00,-0.00,-0.00,-0.00,0.00,10.00
23104.00,0.00,0.00,0.00,-0.00,-0.00,0.00,0.00,0.00,-0.00,-0.00,-0.00,-0.00,0.00,-0.00,0.00,10.00
23114.00,0.00,0.00,0.00,-0.00,-0.00,0.00,0.00,0.00,-0.00,-0.00,-0.00,-0.00,0.00,-0.00,0.00,16.00
23130.00,0.00,0.00,0.00,-0.00,-0.00,0.00,0.00,0.00,-0.00,-0.00,-0.00,-0.00,-0.00,-0.00,0.00,10.00
23140.00,0.00,0.00,0.00,-0.00,-0.00,0.00,0.00,0.00,-0.00,-0.00,-0.00,-0.00,-0.00,-0.00,0.00,10.00
23150.00,0.00,0.00,0.00,-0.00,-0.00,0.00,0.00,0.00,-0.00,-0.00,-0.00,-0.00,-0.00,-0.00,0.00,10.00
23160.00,0.00,0.00,0.00,-0.00,-0.00,0.00,0.00,0.00,-0.00,-0.00,-0.00,-0.00,0.00,-0.00,0.00,10.00
23170.00,0.00,0.00,0.00,-0.00,-0.00,0.00,0.00,0.00,-0.00,-0.00,-0.00,-0.00,0.00,-0.00,-0.00,10.00
23180.00,0.00,0.00,0.00,-0.00,-0.00,0.00,0.00,0.00,-0.00,-0.00,-0.00,-0.00,0.00,0.00,0.00,10.00
23190.00,0.00,0.00,0.00,-0.00,-0.00,0.00,0.00,0.00,-0.00,-0.00,-0.00,-0.00,0.00,0.00,-0.00,10.00
23205.00,0.00,0.00,0.00,-0.00,-0.00,0.00,0.00,0.00,-0.00,-0.00,-0.00,-0.00,-0.00,-0.00,0.00,17.00
23222.00,0.00,0.00,0.00,-0.00,-0.00,0.00,0.00,0.00,-0.00,-0.00,-0.00,-0.00,-0.00,-0.00,0.00,10.00
23232.00,0.00,0.00,0.00,-0.00,-0.00,0.00,0.00,0.00,-0.00,-0.00,-0.00,-0.00,-0.00,-0.00,0.00,10.00
23242.00,0.00,0.00,0.00,-0.00,-0.00,0.00,0.00,0.00,-0.00,-0.00,-0.00,-0.00,-0.00,-0.00,0.00,10.00
23252.00,0.00,0.00,0.00,-0.00,-0.00,0.00,0.00,0.00,-0.00,-0.00,-0.00,-0.00,-0.00,0.00,-0.00,10.00
23262.00,0.00,0.00,0.00,-0.00,-0.00,0.00,0.00,0.00,-0.00,-0.00,-0.00,-0.00,0.00,-0.00,0.00,10.00
23272.00,0.00,0.00,0.00,-0.00,-0.00,0.00,0.00,0.00,-0.00,-0.00,-0.00,-0.00,0.00,-0.00,0.00,10.00
23282.00,0.00,0.00,0.00,-0.00,-0.00,0.00,0.00,0.00,-0.00,-0.00,-0.00,-0.00,-0.00,-0.00,0.00,10.00
23292.00,0.00,0.00,0.00,-0.00,-0.00,0.00,0.00,0.00,-0.00,-0.00,-0.00,-0.00,-0.00,-0.00,0.00,10.00
23302.00,0.00,0.00,0.00,-0.00,-0.00,0.00,0.00,-0.00,0.00,-0.00,-0.00,-0.00,0.00,-0.00,0.00,17.00
23329.00,0.00,0.00,0.00,-0.00,-0.00,0.00,0.00,-0.00,0.00,-0.00,-0.00,-0.00,-0.00,0.00,0.00,10.00
23339.00,0.00,0.00,0.00,-0.00,-0.00,0.00,0.00,-0.00,0.00,-0.00,-0.00,-0.00,-0.00,0.00,0.00,10.00
23349.00,0.00,0.00,0.00,-0.00,-0.00,0.00,0.00,-0.00,0.00,-0.00,-0.00,-0.00,0.00,-0.00,0.00,10.00
23359.00,0.00,0.00,0.00,-0.00,-0.00,0.00,0.00,-0.00,0.00,-0.00,-0.00,-0.00,0.00,0.00,0.00,10.00
23369.00,0.00,0.00,0.00,-0.00,-0.00,0.00,0.00,-0.00,0.00,-0.00,-0.00,-0.00,-0.00,0.00,0.00,10.00
23379.00,0.00,0.00,0.00,-0.00,-0.00,0.00,0.00,-0.00,0.00,-0.00,-0.00,-0.00,-0.00,0.00,-0.00,10.00
23389.00,0.00,0.00,0.00,-0.00,-0.00,0.00,0.00,-0.00,0.00,-0.00,-0.00,-0.00,-0.00,0.00,0.00,10.00
23399.00,0.00,0.00,0.00,-0.00,-0.00,0.00,0.00,-0.00,0.00,-0.00,-0.00,-0.00,0.00,0.00,0.00,19.00
23418.00,0.00,0.00,0.00,-0.00,-0.00,0.00,0.00,-0.00,0.00,-0.00,-0.00,-0.00,0.00,0.00,0.00,10.00
23428.00,0.00,0.00,0.00,-0.00,-0.00,0.00,0.00,-0.00,0.00,-0.00,-0.00,-0.00,0.00,0.00,0.00,10.00
23442.00,0.00,0.00,0.00,-0.00,-0.00,0.00,0.00,-0.00,0.00,-0.00,-0.00,-0.00,0.00,-0.00,-0.00,10.00
23452.00,0.00,0.00,0.00,-0.00,-0.00,0.00,0.00,-0.00,0.00,-0.00,-0.00,-0.00,0.00,-0.00,0.00,10.00
23462.00,0.00,0.00,0.00,-0.00,-0.00,0.00,0.00,-0.00,0.00,-0.00,-0.00,-0.00,0.00,-0.00,0.00,10.00
23472.00,0.00,0.00,0.00,-0.00,-0.00,0.00,0.00,-0.00,0.00,-0.00,-0.00,-0.00,0.00,-0.00,0.00,10.00
23482.00,0.00,0.00,0.00,-0.00,-0.00,0.00,0.00,-0.00,0.00,-0.00,-0.00,-0.00,0.00,-0.00,0.00,10.00
23492.00,0.00,0.00,0.00,-0.00,-0.00,0.00,0.00,-0.00,0.00,-0.00,-0.00,-0.00,0.00,0.00,-0.00,10.00
23502.00,0.00,0.00,0.00,0.00,0.00,-0.00,0.00,0.00,-0.00,-0.00,-0.00,-0.00,0.00,-0.00,0.00,17.00
23519.00,0.00,0.00,0.00,0.00,0.00,-0.00,0.00,0.00,-0.00,-0.00,-0.00,-0.00,-0.00,0.00,0.00,10.00
23529.00,0.00,0.00,0.00,0.00,0.00,-0.00,0.00,0.00,-0.00,-0.00,-0.00,-0.00,0.00,-0.00,0.00,10.00
23539.00,0.00,0.00,0.00,0.00,0.00,-0.00,0.00,0.00,-0.00,-0.00,-0.00,-0.00,-0.00,-0.00,0.00,10.00
23554.00,0.00,0.00,0.00,0.00,0.00,-0.00,0.00,0.00,-0.00,-0.00,-0.00,-0.00,0.00,-0.00,0.00,10.00
23564.00,0.00,0.00,0.00,0.00,0.00,-0.00,0.00,0.00,-0.00,-0.00,-0.00,-0.00,0.00,0.00,0.00,10.00
23574.00,0.00,0.00,0.00,0.00,0.00,-0.00,0.00,0.00,-0.00,-0.00,-0.00,-0.00,0.00,-0.00,0.00,10.00
23584.00,0.00,0.00,0.00,0.00,0.00,-0.00,0.00,0.00,-0.00,-0.00,-0.00,-0.00,0.00,-0.00,0.00,10.00
23594.00,0.00,0.00,0.00,0.00,0.00,-0.00,0.00,0.00,-0.00,-0.00,-0.00,-0.00,0.00,-0.00,0.00,10.00
23604.00,0.00,0.00,0.00,0.00,0.00,-0.00,0.00,0.00,-0.00,-0.00,-0.00,-0.00,0.00,0.00,0.00,10.00
23614.00,0.00,0.00,0.00,0.00,0.00,-0.00,0.00,0.00,-0.00,-0.00,-0.00,-0.00,0.00,-0.00,0.00,17.00
23631.00,0.00,0.00,0.00,0.00,0.00,-0.00,0.00,0.00,-0.00,-0.00,-0.00,-0.00,0.00,-0.00,0.00,10.00
23641.00,0.00,0.00,0.00,0.00,0.00,-0.00,0.00,0.00,-0.00,-0.00,-0.00,0.00,-0.00,0.00,0.00,10.00
23651.00,0.00,0.00,0.00,0.00,0.00,-0.00,0.00,0.00,-0.00,-0.00,-0.00,0.00,0.00,0.00,0.00,10.00
23666.00,0.00,0.00,0.00,0.00,0.00,-0.00,0.00,0.00,-0.00,-0.00,-0.00,0.00,-0.00,0.00,0.00,10.00
23676.00,0.00,0.00,0.00,0.00,0.00,-0.00,0.00,0.00,-0.00,-0.00,-0.00,0.00,0.00,0.00,0.00,10.00
23686.00,0.00,0.00,0.00,0.00,0.00,-0.00,0.00,0.00,-0.00,-0.00,-0.00,0.00,-0.00,0.00,0.00,10.00
23696.00,0.00,0.00,0.00,0.00,0.00,-0.00,0.00,0.00,-0.00,-0.00,-0.00,0.00,-0.00,-0.00,-0.00,10.00
23706.00,0.00,0.00,0.00,0.00,0.00,0.00,-0.00,0.00,0.00,-0.00,-0.00,0.00,0.00,0.00,0.00,15.00
23721.00,0.00,0.00,0.00,0.00,0.00,0.00,-0.00,0.00,0.00,-0.00,-0.00,0.00,0.00,-0.00,0.00,10.00
23731.00,0.00,0.00,0.00,0.00,0.00,0.00,-0.00,0.00,0.00,-0.00,-0.00,0.00,0.00,-0.00,0.00,10.00
23741.00,0.00,0.00,0.00,0.00,0.00,0.00,-0.00,0.00,0.00,-0.00,-0.00,0.00,0.00,-0.00,0.00,10.00
23751.00,0.00,0.00,0.00,0.00,0.00,0.00,-0.00,0.00,0.00,-0.00,-0.00,0.00,-0.00,-0.00,0.00,10.00
23761.00,0.00,0.00,0.00,0.00,0.00,0.00,-0.00,0.00,0.00,-0.00,-0.00,0.00,0.00,-0.00,0.00,10.00
23776.00,0.00,0.00,0.00,0.00,0.00,0.00,-0.00,0.00,0.00,-0.00,-0.00,0.00,0.00,0.00,0.00,10.00
23786.00,0.00,0.00,0.00,0.00,0.00,0.00,-0.00,0.00,0.00,-0.00,-0.00,0.00,0.00,-0.00,0.00,10.00
23796.00,0.00,0.00,0.00,0.00,0.00,0.00,-0.00,0.00,0.00,-0.00,-0.00,0.00,0.00,0.00,0.00,15.00
23811.00,0.00,0.00,0.00,0.00,0.00,0.00,-0.00,0.00,0.00,-0.00,-0.00,0.00,0.00,-0.00,0.00,10.00
23821.00,0.00,0.00,0.00,0.00,0.00,0.00,-0.00,0.00,0.00,-0.00,-0.00,0.00,0.00,0.00,0.00,10.00
23831.00,0.00,0.00,0.00,0.00,0.00,0.00,-0.00,0.00,0.00,-0.00,-0.00,0.00,0.00,0.00,0.00,10.00
23841.00,0.00,0.00,0.00,0.00,0.00,0.00,-0.00,0.00,0.00,-0.00,-0.00,0.00,-0.00,-0.00,0.00,10.00
23851.00,0.00,0.00,0.00,0.00,0.00,0.00,-0.00,0.00,0.00,-0.00,-0.00,0.00,0.00,0.00,0.00,10.00
23861.00,0.00,0.00,0.00,0.00,0.00,0.00,-0.00,0.00,0.00,-0.00,-0.00,0.00,0.00,0.00,0.00,10.00
23871.00,0.00,0.00,0.00,0.00,0.00,0.00,-0.00,0.00,0.00,-0.00,-0.00,0.00,0.00,0.00,0.00,10.00
23886.00,0.00,0.00,0.00,0.00,0.00,0.00,-0.00,0.00,0.00,-0.00,-0.00,0.00,-0.00,0.00,0.00,10.00
23896.00,0.00,0.00,0.00,0.00,0.00,0.00,-0.00,0.00,0.00,-0.00,-0.00,0.00,0.00,0.00,-0.00,16.00
23912.00,0.00,0.00,0.00,0.00,0.00,-0.00,0.00,0.00,-0.00,-0.00,-0.00,0.00,0.00,0.00,-0.00,10.00
23922.00,0.00,0.00,0.00,0.00,0.00,-0.00,0.00,0.00,-0.00,-0.00,-0.00,0.00,0.00,0.00,-0.00,10.00
23932.00,0.00,0.00,0.00,0.00,0.00,-0.00,0.00,0.00,-0.00,-0.00,-0.00,0.00,0.00,-0.00,-0.00,10.00
23942.00,0.00,0.00,0.00,0.00,0.00,-0.00,0.00,0.00,-0.00,-0.00,-0.00,0.00,0.00,-0.00,-0.00,10.00
23952.00,0.00,0.00,0.00,0.00,0.00,-0.00,0.00,0.00,-0.00,-0.00,-0.00,0.00,-0.00,0.00,-0.00,10.00
23962.00,0.00,0.00,0.00,0.00,0.00,-0.00,0.00,0.00,-0.00,-0.00,-0.00,0.00,0.00,0.00,0.00,10.00
23972.00,0.00,0.00,0.00,0.00,0.00,-0.00,0.00,0.00,-0.00,-0.00,-0.00,0.00,0.00,0.00,-0.00,10.00
23982.00,0.00,0.00,0.00,0.00,0.00,-0.00,0.00,0.00,-0.00,-0.00,-0.00,0.00,-0.00,0.00,0.00,10.00
23997.00,0.00,0.00,0.00,0.00,0.00,-0.00,0.00,0.00,-0.00,-0.00,-0.00,0.00,-0.00,0.00,0.00,16.00
24013.00,0.00,0.00,0.00,0.00,0.00,-0.00,0.00,0.00,-0.00,-0.00,-0.00,0.00,0.00,0.00,-0.00,10.00
24023.00,0.00,0.00,0.00,0.00,0.00,-0.00,0.00,0.00,-0.00,-0.00,-0.00,0.00,0.00,0.00,-0.00,10.00
24033.00,0.00,0.00,0.00,0.00,0.00,-0.00,0.00,0.00,-0.00,-0.00,-0.00,0.00,-0.00,0.00,0.00,10.00
24043.00,0.00,0.00,0.00,0.00,0.00,-0.00,0.00,0.00,-0.00,-0.00,-0.00,0.00,-0.00,-0.00,0.00,10.00
24053.00,0.00,0.00,0.00,0.00,0.00,-0.00,0.00,0.00,-0.00,-0.00,-0.00,0.00,-0.00,-0.00,-0.00,10.00
24063.00,0.00,0.00,0.00,0.00,0.00,-0.00,0.00,0.00,-0.00,-0.00,-0.00,0.00,0.00,0.00,0.00,10.00
24073.00,0.00,0.00,0.00,0.00,0.00,-0.00,0.00,0.00,-0.00,-0.00,-0.00,0.00,0.00,0.00,0.00,10.00
24083.00,0.00,0.00,0.00,0.00,0.00,-0.00,0.00,0.00,-0.00,-0.00,-0.00,0.00,0.00,0.00,-0.00,10.00
24093.00,0.00,0.00,0.00,0.00,0.00,-0.00,0.00,0.00,-0.00,-0.00,-0.00,0.00,0.00,0.00,-0.00,18.00
24116.00,0.00,0.00,0.00,0.00,0.00,-0.00,-0.00,-0.00,-0.00,-0.00,-0.00,-0.00,-0.00,-0.00,-0.00,10.00
24126.00,0.00,0.00,0.00,0.00,0.00,-0.00,-0.00,-0.00,-0.00,-0.00,-0.00,-0.00,0.00,0.00,-0.00,10.00
24136.00,0.00,0.00,0.00,0.00,0.00,-0.00,-0.00,-0.00,-0.00,-0.00,-0.00,-0.00,0.00,-0.00,-0.00,10.00
24146.00,0.00,0.00,0.00,0.00,0.00,-0.00,-0.00,-0.00,-0.00,-0.00,-0.00,-0.00,-0.00,0.00,-0.00,10.00
24156.00,0.00,0.00,0.00,0.00,0.00,-0.00,-0.00,-0.00,-0.00,-0.00,-0.00,-0.00,0.00,0.00,-0.00,10.00
24166.00,0.00,0.00,0.00,0.00,0.00,-0.00,-0.00,-0.00,-0.00,-0.00,-0.00,-0.00,0.00,-0.00,-0.00,10.00
24176.00,0.00,0.00,0.00,0.00,0.00,-0.00,-0.00,-0.00,-0.00,-0.00,-0.00,-0.00,-0.00,0.00,-0.00,10.00
24186.00,0.00,0.00,0.00,0.00,0.00,-0.00,-0.00,-0.00,-0.00,-0.00,-0.00,-0.00,0.00,-0.00,-0.00,10.00
24196.00,0.00,0.00,0.00,0.00,0.00,-0.00,-0.00,-0.00,-0.00,-0.00,-0.00,-0.00,0.00,-0.00,0.00,10.00
24206.00,0.00,0.00,0.00,0.00,0.00,-0.00,-0.00,-0.00,-0.00,-0.00,-0.00,-0.00,0.00,0.00,0.00,16.00
24232.00,0.00,0.00,0.00,0.00,0.00,-0.00,-0.00,-0.00,-0.00,-0.00,-0.00,-0.00,0.00,-0.00,-0.00,10.00
24242.00,0.00,0.00,0.00,0.00,0.00,-0.00,-0.00,-0.00,-0.00,-0.00,-0.00,-0.00,0.00,0.00,0.00,10.00
24252.00,0.00,0.00,0.00,0.00,0.00,-0.00,-0.00,-0.00,-0.00,-0.00,-0.00,-0.00,0.00,-0.00,0.00,10.00
24262.00,0.00,0.00,0.00,0.00,0.00,-0.00,-0.00,-0.00,-0.00,-0.00,-0.00,-0.00,0.00,0.00,0.00,10.00
24272.00,0.00,0.00,0.00,0.00,0.00,-0.00,-0.00,-0.00,-0.00,-0.00,-0.00,-0.00,0.00,0.00,0.00,10.00
24282.00,0.00,0.00,0.00,0.00,0.00,-0.00,-0.00,-0.00,-0.00,-0.00,-0.00,-0.00,-0.00,0.00,0.00,10.00
24292.00,0.00,0.00,0.00,0.00,0.00,-0.00,-0.00,-0.00,-0.00,-0.00,-0.00,-0.00,0.00,0.00,-0.00,10.00
24302.00,0.00,0.00,0.00,0.00,0.00,-0.00,-0.00,-0.00,-0.00,-0.00,-0.00,-0.00,0.00,-0.00,-0.00,19.00
24321.00,0.00,0.00,0.00,0.00,0.00,-0.00,0.00,0.00,0.00,-0.00,-0.00,-0.00,0.00,0.00,-0.00,10.00
24331.00,0.00,0.00,0.00,0.00,0.00,-0.00,0.00,0.00,0.00,-0.00,-0.00,-0.00,0.00,0.00,0.00,10.00
24346.00,0.00,0.00,0.00,0.00,0.00,-0.00,0.00,0.00,0.00,-0.00,-0.00,-0.00,0.00,-0.00,0.00,10.00
24356.00,0.00,0.00,0.00,0.00,0.00,-0.00,0.00,0.00,0.00,-0.00,-0.00,-0.00,0.00,0.00,-0.00,10.00
24366.00,0.00,0.00,0.00,0.00,0.00,-0.00,0.00,0.00,0.00,-0.00,-0.00,-0.00,0.00,-0.00,0.00,10.00
24376.00,0.00,0.00,0.00,0.00,0.00,-0.00,0.00,0.00,0.00,-0.00,-0.00,-0.00,0.00,-0.00,0.00,10.00
24386.00,0.00,0.00,0.00,0.00,0.00,-0.00,0.00,0.00,0.00,-0.00,-0.00,-0.00,0.00,0.00,0.00,10.00
24396.00,0.00,0.00,0.00,0.00,0.00,-0.00,0.00,0.00,0.00,-0.00,-0.00,-0.00,0.00,0.00,0.00,10.00
24406.00,0.00,0.00,0.00,0.00,0.00,-0.00,0.00,0.00,0.00,-0.00,-0.00,-0.00,-0.00,0.00,0.00,17.00
24423.00,0.00,0.00,0.00,0.00,0.00,-0.00,0.00,0.00,0.00,-0.00,-0.00,-0.00,0.00,0.00,0.00,10.00
24433.00,0.00,0.00,0.00,0.00,0.00,-0.00,0.00,0.00,0.00,-0.00,-0.00,-0.00,0.00,-0.00,-0.00,10.00
24443.00,0.00,0.00,0.00,0.00,0.00,-0.00,0.00,0.00,0.00,-0.00,-0.00,-0.00,0.00,0.00,0.00,10.00
24458.00,0.00,0.00,0.00,0.00,0.00,-0.00,0.00,0.00,0.00,0.00,-0.00,-0.00,0.00,0.00,-0.00,10.00
24468.00,0.00,0.00,0.00,0.00,0.00,-0.00,0.00,0.00,0.00,0.00,-0.00,-0.00,0.00,0.00,0.00,10.00
24478.00,0.00,0.00,0.00,0.00,0.00,-0.00,0.00,0.00,0.00,0.00,-0.00,-0.00,0.00,-0.00,-0.00,10.00
24488.00,0.00,0.00,0.00,0.00,0.00,-0.00,0.00,0.00,0.00,0.00,-0.00,-0.00,-0.00,-0.00,0.00,10.00
24498.00,0.00,0.00,0.00,0.00,0.00,-0.00,0.00,0.00,0.00,-0.00,-0.00,-0.00,-0.00,0.00,-0.00,10.00
24508.00,0.00,0.00,0.00,0.00,0.00,-0.00,0.00,0.00,0.00,-0.00,-0.00,-0.00,0.00,0.00,-0.00,16.00
24524.00,0.00,0.00,0.00,-0.00,0.00,-0.00,-0.00,0.00,-0.00,-0.00,-0.00,-0.00,-0.00,0.00,-0.00,10.00
24534.00,0.00,0.00,0.00,-0.00,0.00,-0.00,-0.00,0.00,-0.00,-0.00,-0.00,-0.00,0.00,0.00,-0.00,10.00
24544.00,0.00,0.00,0.00,-0.00,0.00,-0.00,-0.00,0.00,-0.00,-0.00,-0.00,-0.00,-0.00,0.00,0.00,10.00
24554.00,0.00,0.00,0.00,-0.00,0.00,-0.00,-0.00,0.00,-0.00,-0.00,-0.00,-0.00,0.00,0.00,0.00,10.00
24569.00,0.00,0.00,0.00,-0.00,0.00,-0.00,-0.00,0.00,-0.00,0.00,-0.00,-0.00,0.00,-0.00,-0.00,10.00
24579.00,0.00,0.00,0.00,-0.00,0.00,-0.00,-0.00,0.00,-0.00,-0.00,-0.00,-0.00,-0.00,-0.00,0.00,10.00
24589.00,0.00,0.00,0.00,-0.00,0.00,-0.00,-0.00,0.00,-0.00,-0.00,-0.00,-0.00,-0.00,-0.00,-0.00,10.00
24599.00,0.00,0.00,0.00,-0.00,0.00,-0.00,-0.00,0.00,-0.00,-0.00,-0.00,-0.00,-0.00,0.00,-0.00,16.00
24615.00,0.00,0.00,0.00,-0.00,0.00,-0.00,-0.00,0.00,-0.00,-0.00,-0.00,-0.00,-0.00,0.00,-0.00,10.00
24625.00,0.00,0.00,0.00,-0.00,0.00,-0.00,-0.00,0.00,-0.00,-0.00,-0.00,-0.00,-0.00,0.00,-0.00,10.00
24635.00,0.00,0.00,0.00,-0.00,0.00,-0.00,-0.00,0.00,-0.00,-0.00,-0.00,-0.00,-0.00,0.00,0.00,10.00
24645.00,0.00,0.00,0.00,-0.00,0.00,-0.00,-0.00,0.00,-0.00,-0.00,-0.00,-0.00,-0.00,0.00,-0.00,10.00
24655.00,0.00,0.00,0.00,-0.00,0.00,-0.00,-0.00,0.00,-0.00,-0.00,-0.00,-0.00,-0.00,-0.00,-0.00,10.00
24665.00,0.00,0.00,0.00,-0.00,0.00,-0.00,-0.00,0.00,-0.00,-0.00,-0.00,-0.00,-0.00,-0.00,-0.00,10.00
24680.00,0.00,0.00,0.00,-0.00,0.00,-0.00,-0.00,0.00,-0.00,-0.00,-0.00,-0.00,-0.00,-0.00,0.00,10.00
24690.00,0.00,0.00,0.00,-0.00,0.00,-0.00,-0.00,0.00,-0.00,-0.00,-0.00,-0.00,-0.00,0.00,-0.00,10.00
24700.00,0.00,0.00,0.00,-0.00,0.00,-0.00,-0.00,0.00,-0.00,-0.00,-0.00,-0.00,0.00,0.00,-0.00,15.00
24715.00,0.00,0.00,0.00,-0.00,0.00,-0.00,-0.00,0.00,-0.00,-0.00,-0.00,-0.00,0.00,-0.00,-0.00,10.00
24725.00,0.00,0.00,0.00,0.00,-0.00,-0.00,0.00,-0.00,0.00,-0.00,-0.00,-0.00,0.00,-0.00,-0.00,10.00
24735.00,0.00,0.00,0.00,0.00,-0.00,-0.00,0.00,-0.00,0.00,-0.00,-0.00,-0.00,-0.00,0.00,-0.00,10.00
24745.00,0.00,0.00,0.00,0.00,-0.00,-0.00,0.00,-0.00,0.00,-0.00,-0.00,-0.00,0.00,0.00,0.00,10.00
24755.00,0.00,0.00,0.00,0.00,-0.00,-0.00,0.00,-0.00,0.00,-0.00,-0.00,-0.00,0.00,-0.00,0.00,10.00
24765.00,0.00,0.00,0.00,0.00,-0.00,-0.00,0.00,-0.00,0.00,-0.00,-0.00,-0.00,0.00,-0.00,0.00,10.00
24775.00,0.00,0.00,0.00,0.00,-0.00,-0.00,0.00,-0.00,0.00,-0.00,-0.00,-0.00,0.00,0.00,0.00,10.00
24790.00,0.00,0.00,0.00,0.00,-0.00,-0.00,0.00,-0.00,0.00,-0.00,-0.00,-0.00,-0.00,-0.00,0.00,10.00
24800.00,0.00,0.00,0.00,0.00,-0.00,-0.00,0.00,-0.00,0.00,-0.00,-0.00,-0.00,-0.00,0.00,-0.00,10.00
24810.00,0.00,0.00,0.00,0.00,-0.00,-0.00,0.00,-0.00,0.00,-0.00,-0.00,-0.00,-0.00,0.00,-0.00,16.00
24826.00,0.00,0.00,0.00,0.00,-0.00,-0.00,0.00,-0.00,0.00,-0.00,-0.00,-0.00,-0.00,-0.00,0.00,10.00
24836.00,0.00,0.00,0.00,0.00,-0.00,-0.00,0.00,-0.00,0.00,-0.00,-0.00,-0.00,0.00,-0.00,0.00,10.00
24846.00,0.00,0.00,0.00,0.00,-0.00,-0.00,0.00,-0.00,0.00,-0.00,-0.00,-0.00,0.00,0.00,0.00,10.00
24856.00,0.00,0.00,0.00,0.00,-0.00,-0.00,0.00,-0.00,0.00,-0.00,-0.00,-0.00,0.00,0.00,-0.00,10.00
24866.00,0.00,0.00,0.00,0.00,-0.00,-0.00,0.00,-0.00,0.00,-0.00,-0.00,-0.00,-0.00,-0.00,-0.00,10.00
24876.00,0.00,0.00,0.00,0.00,-0.00,-0.00,0.00,-0.00,0.00,-0.00,-0.00,-0.00,0.00,-0.00,-0.00,10.00
24886.00,0.00,0.00,0.00,0.00,-0.00,-0.00,0.00,-0.00,0.00,-0.00,-0.00,-0.00,0.00,0.00,0.00,10.00
24901.00,0.00,0.00,0.00,0.00,-0.00,-0.00,0.00,-0.00,0.00,-0.00,-0.00,-0.00,0.00,0.00,0.00,16.00
24917.00,0.00,0.00,0.00,0.00,-0.00,-0.00,0.00,-0.00,0.00,-0.00,-0.00,-0.00,0.00,0.00,0.00,10.00
24927.00,0.00,0.00,0.00,0.00,0.00,0.00,0.00,0.00,0.00,-0.00,-0.00,-0.00,0.00,0.00,0.00,10.00
24937.00,0.00,0.00,0.00,0.00,0.00,0.00,0.00,0.00,0.00,-0.00,-0.00,-0.00,0.00,-0.00,0.00,10.00
24947.00,0.00,0.00,0.00,0.00,0.00,0.00,0.00,0.00,0.00,-0.00,-0.00,-0.00,0.00,-0.00,-0.00,10.00
24957.00,0.00,0.00,0.00,0.00,0.00,0.00,0.00,0.00,0.00,-0.00,-0.00,-0.00,0.00,0.00,-0.00,10.00
24967.00,0.00,0.00,0.00,0.00,0.00,0.00,0.00,0.00,0.00,-0.00,-0.00,-0.00,-0.00,0.00,-0.00,10.00
24977.00,0.00,0.00,0.00,0.00,0.00,0.00,0.00,0.00,0.00,-0.00,-0.00,-0.00,0.00,0.00,-0.00,10.00
24987.00,0.00,0.00,0.00,0.00,0.00,0.00,0.00,0.00,0.00,-0.00,-0.00,-0.00,0.00,0.00,-0.00,10.00
24997.00,0.00,0.00,0.00,0.00,0.00,0.00,0.00,0.00,0.00,-0.00,-0.00,-0.00,-0.00,0.00,-0.00,10.00
25012.00,0.00,0.00,0.00,0.00,0.00,0.00,0.00,0.00,0.00,-0.00,-0.00,-0.00,0.00,-0.00,0.00,16.00
25028.00,0.00,0.00,0.00,0.00,0.00,0.00,0.00,0.00,0.00,-0.00,-0.00,-0.00,0.00,0.00,-0.00,10.00
25038.00,0.00,0.00,0.00,0.00,0.00,0.00,0.00,0.00,0.00,-0.00,-0.00,-0.00,0.00,0.00,0.00,10.00
25048.00,0.00,0.00,0.00,0.00,0.00,0.00,0.00,0.00,0.00,-0.00,-0.00,-0.00,-0.00,-0.00,-0.00,10.00
25058.00,0.00,0.00,0.00,0.00,0.00,0.00,0.00,0.00,0.00,-0.00,-0.00,-0.00,0.00,0.00,-0.00,10.00
25068.00,0.00,0.00,0.00,0.00,0.00,0.00,0.00,0.00,0.00,-0.00,-0.00,-0.00,0.00,0.00,0.00,10.00
25078.00,0.00,0.00,0.00,0.00,0.00,0.00,0.00,0.00,0.00,-0.00,-0.00,-0.00,0.00,0.00,0.00,10.00
25088.00,0.00,0.00,0.00,0.00,0.00,0.00,0.00,0.00,0.00,-0.00,-0.00,-0.00,0.00,-0.00,-0.00,10.00
25098.00,0.00,0.00,0.00,0.00,0.00,0.00,0.00,0.00,0.00,-0.00,-0.00,-0.00,-0.00,0.00,0.00,17.00
25115.00,0.00,0.00,0.00,0.00,0.00,0.00,0.00,0.00,0.00,-0.00,-0.00,-0.00,0.00,-0.00,0.00,10.00
25130.00,0.00,0.00,0.00,0.00,-0.00,-0.00,-0.00,-0.00,-0.00,-0.00,-0.00,-0.00,0.00,0.00,-0.00,10.00
25140.00,0.00,0.00,0.00,0.00,-0.00,-0.00,-0.00,-0.00,-0.00,-0.00,-0.00,-0.00,-0.00,0.00,0.00,10.00
25150.00,0.00,0.00,0.00,0.00,-0.00,-0.00,-0.00,-0.00,-0.00,-0.00,-0.00,-0.00,-0.00,0.00,-0.00,10.00
25160.00,0.00,0.00,0.00,0.00,-0.00,-0.00,-0.00,-0.00,-0.00,-0.00,-0.00,-0.00,0.00,0.00,-0.00,10.00
25170.00,0.00,0.00,0.00,0.00,-0.00,-0.00,-0.00,-0.00,-0.00,-0.00,-0.00,-0.00,0.00,0.00,0.00,10.00
25180.00,0.00,0.00,0.00,0.00,-0.00,-0.00,-0.00,-0.00,-0.00,-0.00,-0.00,-0.00,0.00,0.00,-0.00,10.00
25190.00,0.00,0.00,0.00,0.00,-0.00,-0.00,-0.00,-0.00,-0.00,-0.00,-0.00,-0.00,-0.00,0.00,0.00,10.00
25200.00,0.00,0.00,0.00,0.00,-0.00,-0.00,-0.00,-0.00,-0.00,-0.00,-0.00,-0.00,0.00,-0.00,0.00,16.00
25216.00,0.00,0.00,0.00,0.00,-0.00,-0.00,-0.00,-0.00,-0.00,-0.00,-0.00,-0.00,0.00,0.00,-0.00,10.00
25226.00,0.00,0.00,0.00,0.00,-0.00,-0.00,-0.00,-0.00,-0.00,-0.00,-0.00,-0.00,0.00,-0.00,-0.00,10.00
25245.00,0.00,0.00,0.00,0.00,-0.00,-0.00,-0.00,-0.00,-0.00,-0.00,-0.00,-0.00,-0.00,-0.00,-0.00,10.00
25255.00,0.00,0.00,0.00,0.00,-0.00,-0.00,-0.00,-0.00,-0.00,-0.00,-0.00,-0.00,-0.00,-0.00,-0.00,10.00
25265.00,0.00,0.00,0.00,0.00,-0.00,-0.00,-0.00,-0.00,-0.00,-0.00,-0.00,-0.00,0.00,-0.00,0.00,10.00
25275.00,0.00,0.00,0.00,0.00,-0.00,-0.00,-0.00,-0.00,-0.00,-0.00,-0.00,-0.00,0.00,0.00,-0.00,10.00
25285.00,0.00,0.00,0.00,0.00,-0.00,-0.00,-0.00,-0.00,-0.00,-0.00,-0.00,-0.00,0.00,-0.00,0.00,10.00
25295.00,0.00,0.00,0.00,0.00,-0.00,-0.00,-0.00,-0.00,-0.00,-0.00,-0.00,-0.00,-0.00,0.00,-0.00,19.00
25314.00,0.00,0.00,0.00,0.00,-0.00,-0.00,-0.00,-0.00,-0.00,-0.00,-0.00,-0.00,0.00,0.00,0.00,10.00
25324.00,0.00,0.00,0.00,0.00,-0.00,-0.00,-0.00,-0.00,-0.00,-0.00,-0.00,-0.00,0.00,-0.00,-0.00,10.00
25334.00,0.00,0.00,0.00,-0.00,0.00,0.00,-0.00,0.00,0.00,-0.00,-0.00,-0.00,-0.00,0.00,0.00,10.00
25344.00,0.00,0.00,0.00,-0.00,0.00,0.00,-0.00,0.00,0.00,-0.00,-0.00,-0.00,0.00,0.00,-0.00,10.00
25359.00,0.00,0.00,0.00,-0.00,0.00,0.00,-0.00,0.00,0.00,-0.00,-0.00,-0.00,0.00,-0.00,-0.00,10.00
25369.00,0.00,0.00,0.00,-0.00,0.00,0.00,-0.00,0.00,0.00,-0.00,-0.00,-0.00,0.00,0.00,0.00,10.00
25379.00,0.00,0.00,0.00,-0.00,0.00,0.00,-0.00,0.00,0.00,-0.00,-0.00,-0.00,-0.00,0.00,0.00,10.00
25389.00,0.00,0.00,0.00,-0.00,0.00,0.00,-0.00,0.00,0.00,-0.00,-0.00,-0.00,0.00,0.00,-0.00,10.00
25399.00,0.00,0.00,0.00,-0.00,0.00,0.00,-0.00,0.00,0.00,-0.00,-0.00,-0.00,0.00,0.00,0.00,17.00
25416.00,0.00,0.00,0.00,-0.00,0.00,0.00,-0.00,0.00,0.00,-0.00,-0.00,-0.00,0.00,0.00,-0.00,10.00
25426.00,0.00,0.00,0.00,-0.00,0.00,0.00,-0.00,0.00,0.00,-0.00,-0.00,-0.00,0.00,-0.00,0.00,10.00
25436.00,0.00,0.00,0.00,-0.00,0.00,0.00,-0.00,0.00,0.00,-0.00,-0.00,-0.00,-0.00,-0.00,0.00,10.00
25446.00,0.00,0.00,0.00,-0.00,0.00,0.00,-0.00,0.00,0.00,-0.00,-0.00,-0.00,-0.00,-0.00,0.00,10.00
25456.00,0.00,0.00,0.00,-0.00,0.00,0.00,-0.00,0.00,0.00,-0.00,-0.00,-0.00,0.00,0.00,0.00,10.00
25471.00,0.00,0.00,0.00,-0.00,0.00,0.00,-0.00,0.00,0.00,-0.00,-0.00,-0.00,0.00,0.00,-0.00,10.00
25481.00,0.00,0.00,0.00,-0.00,0.00,0.00,-0.00,0.00,0.00,-0.00,-0.00,-0.00,0.00,0.00,-0.00,10.00
25491.00,0.00,0.00,0.00,-0.00,0.00,0.00,-0.00,0.00,0.00,-0.00,-0.00,-0.00,0.00,0.00,0.00,10.00
25501.00,0.00,0.00,0.00,-0.00,0.00,0.00,-0.00,0.00,0.00,-0.00,-0.00,-0.00,0.00,0.00,0.00,16.00
25517.00,0.00,0.00,0.00,-0.00,0.00,0.00,-0.00,0.00,0.00,-0.00,-0.00,-0.00,-0.00,0.00,0.00,10.00
25527.00,0.00,0.00,0.00,-0.00,0.00,0.00,-0.00,0.00,0.00,-0.00,-0.00,-0.00,0.00,0.00,0.00,10.00
25537.00,0.00,0.00,0.00,0.00,0.00,0.00,0.00,0.00,0.00,-0.00,-0.00,-0.00,0.00,0.00,0.00,10.00
25547.00,0.00,0.00,0.00,0.00,0.00,0.00,0.00,0.00,0.00,-0.00,-0.00,-0.00,0.00,0.00,0.00,10.00
25557.00,0.00,0.00,0.00,0.00,0.00,0.00,0.00,0.00,0.00,-0.00,-0.00,-0.00,0.00,0.00,0.00,10.00
25567.00,0.00,0.00,0.00,0.00,0.00,0.00,0.00,0.00,0.00,-0.00,-0.00,-0.00,0.00,-0.00,0.00,10.00
25582.00,0.00,0.00,0.00,0.00,0.00,0.00,0.00,0.00,0.00,-0.00,-0.00,-0.00,0.00,-0.00,0.00,10.00
25592.00,0.00,0.00,0.00,0.00,0.00,0.00,0.00,0.00,0.00,-0.00,-0.00,-0.00,0.00,-0.00,0.00,10.00
25602.00,0.00,0.00,0.00,0.00,0.00,0.00,0.00,0.00,0.00,-0.00,-0.00,-0.00,0.00,-0.00,0.00,10.00
25612.00,0.00,0.00,0.00,0.00,0.00,0.00,0.00,0.00,0.00,-0.00,-0.00,-0.00,-0.00,0.00,0.00,16.00
25628.00,0.00,0.00,0.00,0.00,0.00,0.00,0.00,0.00,0.00,-0.00,-0.00,-0.00,-0.00,0.00,0.00,10.00
25638.00,0.00,0.00,0.00,0.00,0.00,0.00,0.00,0.00,0.00,-0.00,-0.00,-0.00,0.00,0.00,0.00,10.00
25648.00,0.00,0.00,0.00,0.00,0.00,0.00,0.00,0.00,0.00,-0.00,-0.00,-0.00,0.00,0.00,0.00,10.00
25658.00,0.00,0.00,0.00,0.00,0.00,0.00,0.00,0.00,0.00,-0.00,-0.00,-0.00,0.00,0.00,0.00,10.00
25668.00,0.00,0.00,0.00,0.00,0.00,0.00,0.00,0.00,0.00,-0.00,-0.00,-0.00,0.00,0.00,-0.00,10.00
25678.00,0.00,0.00,0.00,0.00,0.00,0.00,0.00,0.00,0.00,-0.00,-0.00,-0.00,0.00,0.00,-0.00,10.00
25693.00,0.00,0.00,0.00,0.00,0.00,0.00,0.00,0.00,0.00,-0.00,-0.00,-0.00,-0.00,0.00,0.00,10.00
25703.00,0.00,0.00,0.00,0.00,0.00,0.00,0.00,0.00,0.00,-0.00,-0.00,-0.00,-0.00,0.00,0.00,15.00
25718.00,0.00,0.00,0.00,0.00,0.00,0.00,0.00,0.00,0.00,-0.00,-0.00,-0.00,-0.00,0.00,0.00,10.00
25728.00,0.00,0.00,0.00,0.00,0.00,0.00,0.00,0.00,0.00,-0.00,-0.00,-0.00,0.00,0.00,0.00,10.00
25738.00,0.00,0.00,0.00,-0.00,0.00,0.00,-0.00,0.00,-0.00,-0.00,-0.00,-0.00,-0.00,0.00,0.00,10.00
25748.00,0.00,0.00,0.00,-0.00,0.00,0.00,-0.00,0.00,-0.00,-0.00,-0.00,-0.00,0.00,-0.00,0.00,10.00
25758.00,0.00,0.00,0.00,-0.00,0.00,0.00,-0.00,0.00,-0.00,-0.00,-0.00,-0.00,0.00,-0.00,0.00,10.00
25768.00,0.00,0.00,0.00,-0.00,0.00,0.00,-0.00,0.00,-0.00,-0.00,-0.00,-0.00,-0.00,-0.00,0.00,10.00
25778.00,0.00,0.00,0.00,-0.00,0.00,0.00,-0.00,0.00,-0.00,-0.00,-0.00,-0.00,0.00,0.00,0.00,10.00
25788.00,0.00,0.00,0.00,-0.00,0.00,0.00,-0.00,0.00,-0.00,-0.00,-0.00,-0.00,0.00,0.00,0.00,10.00
25803.00,0.00,0.00,0.00,-0.00,0.00,0.00,-0.00,0.00,-0.00,-0.00,-0.00,-0.00,0.00,0.00,0.00,16.00
25819.00,0.00,0.00,0.00,-0.00,0.00,0.00,-0.00,0.00,-0.00,-0.00,-0.00,-0.00,0.00,-0.00,0.00,10.00
25829.00,0.00,0.00,0.00,-0.00,0.00,0.00,-0.00,0.00,-0.00,-0.00,-0.00,-0.00,0.00,-0.00,0.00,10.00
25839.00,0.00,0.00,0.00,-0.00,0.00,0.00,-0.00,0.00,-0.00,-0.00,-0.00,-0.00,0.00,-0.00,-0.00,10.00
25849.00,0.00,0.00,0.00,-0.00,0.00,0.00,-0.00,0.00,-0.00,-0.00,-0.00,-0.00,0.00,0.00,-0.00,10.00
25859.00,0.00,0.00,0.00,-0.00,0.00,0.00,-0.00,0.00,-0.00,-0.00,-0.00,-0.00,0.00,0.00,-0.00,10.00
25869.00,0.00,0.00,0.00,-0.00,0.00,0.00,-0.00,0.00,-0.00,-0.00,-0.00,-0.00,0.00,0.00,0.00,10.00
25879.00,0.00,0.00,0.00,-0.00,0.00,0.00,-0.00,0.00,-0.00,-0.00,-0.00,-0.00,0.00,0.00,0.00,10.00
25889.00,0.00,0.00,0.00,-0.00,0.00,0.00,-0.00,0.00,-0.00,-0.00,-0.00,-0.00,0.00,-0.00,0.00,10.00
25899.00,0.00,0.00,0.00,-0.00,0.00,0.00,-0.00,0.00,-0.00,-0.00,-0.00,-0.00,0.00,0.00,-0.00,18.00
25922.00,0.00,0.00,0.00,-0.00,0.00,0.00,-0.00,0.00,-0.00,-0.00,-0.00,-0.00,0.00,-0.00,-0.00,10.00
25932.00,0.00,0.00,0.00,-0.00,0.00,0.00,-0.00,0.00,-0.00,-0.00,-0.00,-0.00,-0.00,-0.00,-0.00,10.00
25942.00,0.00,0.00,0.00,-0.00,-0.00,-0.00,0.00,-0.00,-0.00,-0.00,-0.00,-0.00,0.00,0.00,0.00,10.00
25952.00,0.00,0.00,0.00,-0.00,-0.00,-0.00,0.00,-0.00,-0.00,-0.00,-0.00,-0.00,0.00,0.00,-0.00,10.00
25962.00,0.00,0.00,0.00,-0.00,-0.00,-0.00,0.00,-0.00,-0.00,0.00,-0.00,-0.00,0.00,0.00,-0.00,10.00
25972.00,0.00,0.00,0.00,-0.00,-0.00,-0.00,0.00,-0.00,-0.00,0.00,-0.00,-0.00,0.00,0.00,-0.00,10.00
25982.00,0.00,0.00,0.00,-0.00,-0.00,-0.00,0.00,-0.00,-0.00,0.00,-0.00,-0.00,0.00,-0.00,0.00,10.00
25992.00,0.00,0.00,0.00,-0.00,-0.00,-0.00,0.00,-0.00,-0.00,0.00,-0.00,-0.00,-0.00,0.00,-0.00,10.00
26002.00,0.00,0.00,0.00,-0.00,-0.00,-0.00,0.00,-0.00,-0.00,0.00,-0.00,-0.00,0.00,0.00,-0.00,10.00
26012.00,0.00,0.00,0.00,-0.00,-0.00,-0.00,0.00,-0.00,-0.00,0.00,-0.00,-0.00,-0.00,-0.00,0.00,16.00
26033.00,0.00,0.00,0.00,-0.00,-0.00,-0.00,0.00,-0.00,-0.00,0.00,-0.00,-0.00,0.00,0.00,-0.00,10.00
26043.00,0.00,0.00,0.00,-0.00,-0.00,-0.00,0.00,-0.00,-0.00,0.00,-0.00,-0.00,-0.00,0.00,-0.00,10.00
26053.00,0.00,0.00,0.00,-0.00,-0.00,-0.00,0.00,-0.00,-0.00,0.00,-0.00,-0.00,-0.00,0.00,-0.00,10.00
26063.00,0.00,0.00,0.00,-0.00,-0.00,-0.00,0.00,-0.00,-0.00,0.00,-0.00,-0.00,0.00,0.00,-0.00,10.00
26073.00,0.00,0.00,0.00,-0.00,-0.00,-0.00,0.00,-0.00,-0.00,0.00,-0.00,-0.00,0.00,0.00,0.00,10.00
26083.00,0.00,0.00,0.00,-0.00,-0.00,-0.00,0.00,-0.00,-0.00,0.00,-0.00,-0.00,0.00,0.00,0.00,10.00
26093.00,0.00,0.00,0.00,-0.00,-0.00,-0.00,0.00,-0.00,-0.00,0.00,-0.00,-0.00,0.00,0.00,-0.00,10.00
26103.00,0.00,0.00,0.00,-0.00,-0.00,-0.00,0.00,-0.00,-0.00,0.00,-0.00,-0.00,0.00,0.00,0.00,16.00
26119.00,0.00,0.00,0.00,-0.00,-0.00,-0.00,0.00,-0.00,-0.00,0.00,-0.00,-0.00,0.00,0.00,-0.00,10.00
26129.00,0.00,0.00,0.00,-0.00,-0.00,-0.00,0.00,-0.00,-0.00,0.00,-0.00,-0.00,0.00,0.00,0.00,10.00
26149.00,0.00,0.00,0.00,-0.00,0.00,-0.00,-0.00,0.00,-0.00,0.00,-0.00,-0.00,-0.00,0.00,-0.00,10.00
26159.00,0.00,0.00,0.00,-0.00,0.00,-0.00,-0.00,0.00,-0.00,0.00,-0.00,-0.00,0.00,0.00,0.00,10.00
26169.00,0.00,0.00,0.00,-0.00,0.00,-0.00,-0.00,0.00,-0.00,0.00,-0.00,-0.00,0.00,0.00,0.00,10.00
26179.00,0.00,0.00,0.00,-0.00,0.00,-0.00,-0.00,0.00,-0.00,0.00,-0.00,-0.00,0.00,0.00,-0.00,10.00
26189.00,0.00,0.00,0.00,-0.00,0.00,-0.00,-0.00,0.00,-0.00,0.00,-0.00,-0.00,0.00,0.00,0.00,10.00
26199.00,0.00,0.00,0.00,-0.00,0.00,-0.00,-0.00,0.00,-0.00,0.00,-0.00,-0.00,0.00,0.00,0.00,10.00
26209.00,0.00,0.00,0.00,-0.00,0.00,-0.00,-0.00,0.00,-0.00,0.00,-0.00,-0.00,0.00,0.00,0.00,19.00
26228.00,0.00,0.00,0.00,-0.00,0.00,-0.00,-0.00,0.00,-0.00,0.00,-0.00,-0.00,0.00,0.00,-0.00,10.00
26238.00,0.00,0.00,0.00,-0.00,0.00,-0.00,-0.00,0.00,-0.00,0.00,-0.00,-0.00,0.00,0.00,0.00,10.00
26248.00,0.00,0.00,0.00,-0.00,0.00,-0.00,-0.00,0.00,-0.00,0.00,-0.00,-0.00,0.00,0.00,0.00,10.00
26263.00,0.00,0.00,0.00,-0.00,0.00,-0.00,-0.00,0.00,-0.00,0.00,-0.00,-0.00,-0.00,0.00,0.00,10.00
26273.00,0.00,0.00,0.00,-0.00,0.00,-0.00,-0.00,0.00,-0.00,0.00,-0.00,-0.00,0.00,0.00,-0.00,10.00
26283.00,0.00,0.00,0.00,-0.00,0.00,-0.00,-0.00,0.00,-0.00,0.00,-0.00,-0.00,-0.00,0.00,0.00,10.00
26293.00,0.00,0.00,0.00,-0.00,0.00,-0.00,-0.00,0.00,-0.00,0.00,-0.00,-0.00,-0.00,0.00,0.00,10.00
26303.00,0.00,0.00,0.00,-0.00,0.00,-0.00,-0.00,0.00,-0.00,0.00,-0.00,-0.00,0.00,0.00,0.00,10.00
26313.00,0.00,0.00,0.00,-0.00,0.00,-0.00,-0.00,0.00,-0.00,0.00,-0.00,-0.00,0.00,0.00,-0.00,16.00
26329.00,0.00,0.00,0.00,-0.00,0.00,-0.00,-0.00,0.00,-0.00,0.00,-0.00,-0.00,-0.00,-0.00,0.00,10.00
26339.00,0.00,0.00,0.00,-0.00,0.00,-0.00,-0.00,0.00,-0.00,0.00,-0.00,-0.00,0.00,0.00,0.00,10.00
26349.00,0.00,0.00,0.00,-0.00,-0.00,-0.00,0.00,-0.00,0.00,0.00,-0.00,-0.00,-0.00,-0.00,-0.00,10.00
26359.00,0.00,0.00,0.00,-0.00,-0.00,-0.00,0.00,-0.00,0.00,0.00,-0.00,-0.00,0.00,0.00,0.00,10.00
26374.00,0.00,0.00,0.00,-0.00,-0.00,-0.00,0.00,-0.00,0.00,0.00,-0.00,-0.00,0.00,0.00,0.00,10.00
26384.00,0.00,0.00,0.00,-0.00,-0.00,-0.00,0.00,-0.00,0.00,0.00,-0.00,-0.00,0.00,0.00,0.00,10.00
26394.00,0.00,0.00,0.00,-0.00,-0.00,-0.00,0.00,-0.00,0.00,0.00,-0.00,-0.00,0.00,0.00,0.00,10.00
26404.00,0.00,0.00,0.00,-0.00,-0.00,-0.00,0.00,-0.00,0.00,0.00,-0.00,-0.00,0.00,-0.00,-0.00,10.00
26414.00,0.00,0.00,0.00,-0.00,-0.00,-0.00,0.00,-0.00,0.00,0.00,-0.00,-0.00,0.00,-0.00,-0.00,16.00
26430.00,0.00,0.00,0.00,-0.00,-0.00,-0.00,0.00,-0.00,0.00,0.00,-0.00,-0.00,-0.00,-0.00,-0.00,10.00
26440.00,0.00,0.00,0.00,-0.00,-0.00,-0.00,0.00,-0.00,0.00,0.00,-0.00,-0.00,0.00,-0.00,-0.00,10.00
26450.00,0.00,0.00,0.00,-0.00,-0.00,-0.00,0.00,-0.00,0.00,0.00,-0.00,-0.00,0.00,-0.00,0.00,10.00
26460.00,0.00,0.00,0.00,-0.00,-0.00,-0.00,0.00,-0.00,0.00,0.00,-0.00,-0.00,0.00,0.00,0.00,10.00
26470.00,0.00,0.00,0.00,-0.00,-0.00,-0.00,0.00,-0.00,0.00,0.00,-0.00,-0.00,0.00,-0.00,0.00,10.00
26485.00,0.00,0.00,0.00,-0.00,-0.00,-0.00,0.00,-0.00,0.00,0.00,-0.00,-0.00,-0.00,-0.00,-0.00,10.00
26495.00,0.00,0.00,0.00,-0.00,-0.00,-0.00,0.00,-0.00,0.00,0.00,-0.00,-0.00,0.00,0.00,0.00,10.00
26505.00,0.00,0.00,0.00,-0.00,-0.00,-0.00,0.00,-0.00,0.00,0.00,-0.00,-0.00,0.00,-0.00,-0.00,16.00
26521.00,0.00,0.00,0.00,-0.00,-0.00,-0.00,0.00,-0.00,0.00,0.00,-0.00,-0.00,0.00,-0.00,-0.00,10.00
26531.00,0.00,0.00,0.00,-0.00,-0.00,-0.00,0.00,-0.00,0.00,0.00,-0.00,-0.00,0.00,0.00,-0.00,10.00
26541.00,0.00,0.00,0.00,-0.00,-0.00,-0.00,0.00,-0.00,0.00,0.00,-0.00,-0.00,0.00,-0.00,-0.00,10.00
26551.00,0.00,0.00,0.00,0.00,-0.00,-0.00,0.00,0.00,-0.00,0.00,-0.00,-0.00,0.00,-0.00,-0.00,10.00
26561.00,0.00,0.00,0.00,0.00,-0.00,-0.00,0.00,0.00,-0.00,0.00,-0.00,-0.00,0.00,-0.00,0.00,10.00
26571.00,0.00,0.00,0.00,0.00,-0.00,-0.00,0.00,0.00,-0.00,0.00,-0.00,-0.00,-0.00,-0.00,-0.00,10.00
26581.00,0.00,0.00,0.00,0.00,-0.00,-0.00,0.00,0.00,-0.00,0.00,-0.00,-0.00,0.00,0.00,-0.00,10.00
26596.00,0.00,0.00,0.00,0.00,-0.00,-0.00,0.00,0.00,-0.00,0.00,-0.00,-0.00,0.00,0.00,-0.00,16.00
26612.00,0.00,0.00,0.00,0.00,-0.00,-0.00,0.00,0.00,-0.00,0.00,-0.00,-0.00,0.00,-0.00,0.00,10.00
26622.00,0.00,0.00,0.00,0.00,-0.00,-0.00,0.00,0.00,-0.00,0.00,-0.00,-0.00,-0.00,0.00,0.00,10.00
26632.00,0.00,0.00,0.00,0.00,-0.00,-0.00,0.00,0.00,-0.00,0.00,-0.00,-0.00,0.00,0.00,0.00,10.00
26642.00,0.00,0.00,0.00,0.00,-0.00,-0.00,0.00,0.00,-0.00,0.00,-0.00,-0.00,0.00,-0.00,0.00,10.00
26652.00,0.00,0.00,0.00,0.00,-0.00,-0.00,0.00,0.00,-0.00,0.00,-0.00,-0.00,0.00,-0.00,-0.00,10.00
26662.00,0.00,0.00,0.00,0.00,-0.00,-0.00,0.00,0.00,-0.00,0.00,-0.00,-0.00,0.00,-0.00,-0.00,10.00
26672.00,0.00,0.00,0.00,0.00,-0.00,-0.00,0.00,0.00,-0.00,0.00,-0.00,-0.00,0.00,0.00,0.00,10.00
26682.00,0.00,0.00,0.00,0.00,-0.00,-0.00,0.00,0.00,-0.00,0.00,-0.00,-0.00,0.00,0.00,0.00,10.00
26692.00,0.00,0.00,0.00,0.00,-0.00,-0.00,0.00,0.00,-0.00,0.00,-0.00,-0.00,-0.00,0.00,-0.00,10.00
26707.00,0.00,0.00,0.00,0.00,-0.00,-0.00,0.00,0.00,-0.00,0.00,-0.00,-0.00,0.00,0.00,0.00,16.00
26723.00,0.00,0.00,0.00,0.00,-0.00,-0.00,0.00,0.00,-0.00,0.00,-0.00,-0.00,-0.00,-0.00,0.00,10.00
26733.00,0.00,0.00,0.00,0.00,-0.00,-0.00,0.00,0.00,-0.00,0.00,-0.00,-0.00,-0.00,0.00,0.00,10.00
26743.00,0.00,0.00,0.00,0.00,-0.00,-0.00,0.00,0.00,-0.00,0.00,-0.00,-0.00,0.00,0.00,-0.00,10.00
26753.00,0.00,0.00,0.00,0.00,0.00,-0.00,0.00,0.00,0.00,0.00,-0.00,-0.00,-0.00,0.00,-0.00,10.00
26763.00,0.00,0.00,0.00,0.00,0.00,-0.00,0.00,0.00,0.00,0.00,-0.00,-0.00,-0.00,-0.00,0.00,10.00
26773.00,0.00,0.00,0.00,0.00,0.00,-0.00,0.00,0.00,0.00,0.00,-0.00,-0.00,0.00,-0.00,0.00,10.00
26783.00,0.00,0.00,0.00,0.00,0.00,-0.00,0.00,0.00,0.00,0.00,-0.00,-0.00,0.00,-0.00,0.00,10.00
26793.00,0.00,0.00,0.00,0.00,0.00,-0.00,0.00,0.00,0.00,0.00,-0.00,-0.00,0.00,0.00,-0.00,10.00
26803.00,0.00,0.00,0.00,0.00,0.00,-0.00,0.00,0.00,0.00,0.00,-0.00,-0.00,0.00,0.00,-0.00,17.00
26825.00,0.00,0.00,0.00,0.00,0.00,-0.00,0.00,0.00,0.00,0.00,-0.00,-0.00,0.00,0.00,-0.00,10.00
26835.00,0.00,0.00,0.00,0.00,0.00,-0.00,0.00,0.00,0.00,0.00,-0.00,-0.00,0.00,0.00,0.00,10.00
26845.00,0.00,0.00,0.00,0.00,0.00,-0.00,0.00,0.00,0.00,0.00,-0.00,-0.00,0.00,-0.00,0.00,10.00
26855.00,0.00,0.00,0.00,0.00,0.00,-0.00,0.00,0.00,0.00,0.00,-0.00,-0.00,0.00,-0.00,0.00,10.00
26865.00,0.00,0.00,0.00,0.00,0.00,-0.00,0.00,0.00,0.00,0.00,-0.00,-0.00,0.00,0.00,0.00,10.00
26875.00,0.00,0.00,0.00,0.00,0.00,-0.00,0.00,0.00,0.00,0.00,-0.00,-0.00,0.00,-0.00,-0.00,10.00
26885.00,0.00,0.00,0.00,0.00,0.00,-0.00,0.00,0.00,0.00,0.00,-0.00,-0.00,0.00,0.00,-0.00,10.00
26895.00,0.00,0.00,0.00,0.00,0.00,-0.00,0.00,0.00,0.00,0.00,-0.00,-0.00,0.00,-0.00,0.00,10.00
26905.00,0.00,0.00,0.00,0.00,0.00,-0.00,0.00,0.00,0.00,0.00,-0.00,-0.00,-0.00,0.00,-0.00,16.00
26921.00,0.00,0.00,0.00,0.00,0.00,-0.00,0.00,0.00,0.00,0.00,-0.00,-0.00,0.00,-0.00,0.00,10.00
26936.00,0.00,0.00,0.00,0.00,0.00,-0.00,0.00,0.00,0.00,0.00,-0.00,-0.00,-0.00,0.00,0.00,10.00
26946.00,0.00,0.00,0.00,0.00,0.00,-0.00,0.00,0.00,0.00,0.00,-0.00,-0.00,-0.00,0.00,0.00,10.00
26956.00,0.00,0.00,0.00,-0.00,0.00,0.00,-0.00,-0.00,0.00,0.00,-0.00,-0.00,0.00,0.00,-0.00,10.00
26966.00,0.00,0.00,0.00,-0.00,0.00,0.00,-0.00,-0.00,0.00,0.00,-0.00,-0.00,0.00,0.00,-0.00,10.00
26976.00,0.00,0.00,0.00,-0.00,0.00,0.00,-0.00,-0.00,0.00,0.00,-0.00,-0.00,0.00,-0.00,0.00,10.00
26986.00,0.00,0.00,0.00,-0.00,0.00,0.00,-0.00,-0.00,0.00,0.00,-0.00,-0.00,0.00,0.00,-0.00,10.00
26996.00,0.00,0.00,0.00,-0.00,0.00,0.00,-0.00,-0.00,0.00,0.00,-0.00,-0.00,-0.00,0.00,0.00,15.00
27011.00,0.00,0.00,0.00,-0.00,0.00,0.00,-0.00,-0.00,0.00,0.00,-0.00,-0.00,-0.00,-0.00,0.00,10.00
27021.00,0.00,0.00,0.00,-0.00,0.00,0.00,-0.00,-0.00,0.00,0.00,-0.00,-0.00,0.00,-0.00,-0.00,10.00
27031.00,0.00,0.00,0.00,-0.00,0.00,0.00,-0.00,-0.00,0.00,0.00,-0.00,-0.00,0.00,0.00,-0.00,10.00
27052.00,0.00,0.00,0.00,-0.00,0.00,0.00,-0.00,-0.00,0.00,0.00,-0.00,-0.00,0.00,0.00,-0.00,10.00
27062.00,0.00,0.00,0.00,-0.00,0.00,0.00,-0.00,-0.00,0.00,0.00,-0.00,-0.00,-0.00,-0.00,-0.00,10.00
27072.00,0.00,0.00,0.00,-0.00,0.00,0.00,-0.00,-0.00,0.00,0.00,-0.00,-0.00,0.00,-0.00,-0.00,10.00
27082.00,0.00,0.00,0.00,-0.00,0.00,0.00,-0.00,-0.00,0.00,0.00,-0.00,-0.00,0.00,-0.00,-0.00,10.00
27092.00,0.00,0.00,0.00,-0.00,0.00,0.00,-0.00,-0.00,0.00,0.00,-0.00,-0.00,0.00,-0.00,0.00,18.00
27110.00,0.00,0.00,0.00,-0.00,0.00,0.00,-0.00,-0.00,0.00,0.00,-0.00,-0.00,0.00,-0.00,-0.00,10.00
27120.00,0.00,0.00,0.00,-0.00,0.00,0.00,-0.00,-0.00,0.00,0.00,-0.00,-0.00,0.00,0.00,0.00,10.00
27130.00,0.00,0.00,0.00,-0.00,0.00,0.00,-0.00,-0.00,0.00,0.00,-0.00,-0.00,0.00,-0.00,0.00,10.00
27140.00,0.00,0.00,0.00,-0.00,0.00,0.00,-0.00,-0.00,0.00,0.00,-0.00,-0.00,0.00,0.00,0.00,10.00
27150.00,0.00,0.00,0.00,-0.00,0.00,0.00,-0.00,-0.00,0.00,0.00,-0.00,-0.00,0.00,-0.00,-0.00,10.00
27166.00,0.00,0.00,0.00,0.00,-0.00,-0.00,0.00,-0.00,-0.00,0.00,-0.00,-0.00,0.00,0.00,0.00,10.00
27176.00,0.00,0.00,0.00,0.00,-0.00,-0.00,0.00,-0.00,-0.00,0.00,-0.00,-0.00,0.00,0.00,0.00,10.00
27186.00,0.00,0.00,0.00,0.00,-0.00,-0.00,0.00,-0.00,-0.00,0.00,-0.00,-0.00,0.00,-0.00,-0.00,10.00
27196.00,0.00,0.00,0.00,0.00,-0.00,-0.00,0.00,-0.00,-0.00,0.00,-0.00,-0.00,0.00,-0.00,-0.00,10.00
27206.00,0.00,0.00,0.00,0.00,-0.00,-0.00,0.00,-0.00,-0.00,0.00,-0.00,-0.00,0.00,0.00,-0.00,16.00
27222.00,0.00,0.00,0.00,0.00,-0.00,-0.00,0.00,-0.00,-0.00,0.00,-0.00,-0.00,0.00,0.00,-0.00,10.00
27232.00,0.00,0.00,0.00,0.00,-0.00,-0.00,0.00,-0.00,-0.00,0.00,-0.00,-0.00,0.00,0.00,0.00,10.00
27242.00,0.00,0.00,0.00,0.00,-0.00,-0.00,0.00,-0.00,-0.00,0.00,-0.00,-0.00,0.00,0.00,-0.00,10.00
27252.00,0.00,0.00,0.00,0.00,-0.00,-0.00,0.00,-0.00,-0.00,0.00,-0.00,-0.00,-0.00,-0.00,-0.00,10.00
27262.00,0.00,0.00,0.00,0.00,-0.00,-0.00,0.00,-0.00,-0.00,0.00,-0.00,-0.00,-0.00,-0.00,0.00,10.00
27286.00,0.00,0.00,0.00,0.00,-0.00,-0.00,0.00,-0.00,-0.00,0.00,-0.00,-0.00,0.00,-0.00,-0.00,10.00
27296.00,0.00,0.00,0.00,0.00,-0.00,-0.00,0.00,-0.00,-0.00,0.00,-0.00,-0.00,0.00,-0.00,-0.00,10.00
27306.00,0.00,0.00,0.00,0.00,-0.00,-0.00,0.00,-0.00,-0.00,0.00,-0.00,-0.00,0.00,-0.00,0.00,16.00
27322.00,0.00,0.00,0.00,0.00,-0.00,-0.00,0.00,-0.00,-0.00,0.00,-0.00,-0.00,0.00,0.00,-0.00,10.00
27332.00,0.00,0.00,0.00,0.00,-0.00,-0.00,0.00,-0.00,-0.00,0.00,-0.00,-0.00,-0.00,-0.00,0.00,10.00
27342.00,0.00,0.00,0.00,0.00,-0.00,-0.00,0.00,-0.00,-0.00,0.00,-0.00,-0.00,0.00,0.00,-0.00,10.00
27352.00,0.00,0.00,0.00,0.00,-0.00,-0.00,0.00,-0.00,-0.00,0.00,-0.00,-0.00,0.00,0.00,-0.00,10.00
27362.00,0.00,0.00,0.00,0.00,-0.00,-0.00,0.00,-0.00,-0.00,0.00,-0.00,-0.00,-0.00,-0.00,0.00,10.00
27372.00,0.00,0.00,0.00,-0.00,-0.00,0.00,-0.00,0.00,0.00,0.00,-0.00,-0.00,-0.00,-0.00,0.00,10.00
27382.00,0.00,0.00,0.00,-0.00,-0.00,0.00,-0.00,0.00,0.00,0.00,-0.00,-0.00,0.00,0.00,0.00,10.00
27397.00,0.00,0.00,0.00,-0.00,-0.00,0.00,-0.00,0.00,0.00,0.00,-0.00,-0.00,-0.00,-0.00,0.00,17.00
27414.00,0.00,0.00,0.00,-0.00,-0.00,0.00,-0.00,0.00,0.00,0.00,-0.00,-0.00,0.00,0.00,0.00,10.00
27424.00,0.00,0.00,0.00,-0.00,-0.00,0.00,-0.00,0.00,0.00,0.00,-0.00,-0.00,0.00,0.00,0.00,10.00
27434.00,0.00,0.00,0.00,-0.00,-0.00,0.00,-0.00,0.00,0.00,0.00,-0.00,-0.00,0.00,0.00,0.00,10.00
27444.00,0.00,0.00,0.00,-0.00,-0.00,0.00,-0.00,0.00,0.00,0.00,-0.00,-0.00,0.00,0.00,0.00,10.00
27454.00,0.00,0.00,0.00,-0.00,-0.00,0.00,-0.00,0.00,0.00,0.00,-0.00,-0.00,0.00,0.00,0.00,10.00
27464.00,0.00,0.00,0.00,-0.00,-0.00,0.00,-0.00,0.00,0.00,0.00,-0.00,-0.00,-0.00,0.00,0.00,10.00
27474.00,0.00,0.00,0.00,-0.00,-0.00,0.00,-0.00,0.00,0.00,0.00,-0.00,-0.00,-0.00,0.00,0.00,10.00
27484.00,0.00,0.00,0.00,-0.00,-0.00,0.00,-0.00,0.00,0.00,0.00,-0.00,-0.00,-0.00,0.00,0.00,10.00
27494.00,0.00,0.00,0.00,-0.00,-0.00,0.00,-0.00,0.00,0.00,0.00,-0.00,-0.00,-0.00,-0.00,0.00,18.00
27517.00,0.00,0.00,0.00,-0.00,-0.00,0.00,-0.00,0.00,0.00,0.00,-0.00,-0.00,0.00,-0.00,-0.00,10.00
27527.00,0.00,0.00,0.00,-0.00,-0.00,0.00,-0.00,0.00,0.00,0.00,-0.00,-0.00,0.00,0.00,0.00,10.00
27537.00,0.00,0.00,0.00,-0.00,-0.00,0.00,-0.00,0.00,0.00,0.00,-0.00,-0.00,0.00,-0.01,0.00,10.00
27547.00,0.00,0.00,0.00,-0.00,-0.00,0.00,-0.00,0.00,0.00,0.00,-0.00,-0.00,0.00,-0.00,0.00,10.00
27557.00,0.00,0.00,0.00,-0.00,-0.00,0.00,-0.00,0.00,0.00,0.00,-0.00,-0.00,-0.00,-0.00,0.00,10.00
27567.00,0.00,0.00,0.00,-0.00,-0.00,0.00,-0.00,0.00,0.00,0.00,-0.00,-0.00,0.00,0.00,0.00,10.00
27577.00,0.00,0.00,0.00,0.00,0.00,0.00,0.00,0.00,-0.00,0.00,-0.00,-0.00,0.00,0.00,0.00,10.00
27587.00,0.00,0.00,0.00,0.00,0.00,0.00,0.00,0.00,-0.00,0.00,-0.00,-0.00,-0.00,-0.00,0.00,10.00
27597.00,0.00,0.00,0.00,0.00,0.00,0.00,0.00,0.00,-0.00,0.00,-0.00,-0.00,0.00,0.00,0.00,16.00
27613.00,0.00,0.00,0.00,0.00,0.00,0.00,0.00,0.00,-0.00,0.00,-0.00,-0.00,-0.00,0.00,0.00,10.00
27628.00,0.00,0.00,0.00,0.00,0.00,0.00,0.00,0.00,-0.00,0.00,-0.00,-0.00,0.00,-0.00,0.00,10.00
27638.00,0.00,0.00,0.00,0.00,0.00,0.00,0.00,0.00,-0.00,0.00,-0.00,-0.00,0.00,-0.00,0.00,10.00
27648.00,0.00,0.00,0.00,0.00,0.00,0.00,0.00,0.00,-0.00,0.00,-0.00,-0.00,0.00,-0.00,0.00,10.00
27658.00,0.00,0.00,0.00,0.00,0.00,0.00,0.00,0.00,-0.00,0.00,-0.00,-0.00,0.00,0.00,0.00,10.00
27668.00,0.00,0.00,0.00,0.00,0.00,0.00,0.00,0.00,-0.00,0.00,-0.00,-0.00,-0.00,0.00,0.00,10.00
27678.00,0.00,0.00,0.00,0.00,0.00,0.00,0.00,0.00,-0.00,0.00,-0.00,-0.00,0.00,-0.00,-0.00,10.00
27688.00,0.00,0.00,0.00,0.00,0.00,0.00,0.00,0.00,-0.00,0.00,-0.00,-0.00,0.00,-0.00,0.00,10.00
27698.00,0.00,0.00,0.00,0.00,0.00,0.00,0.00,0.00,-0.00,0.00,-0.00,-0.00,0.00,-0.00,0.00,16.00
27714.00,0.00,0.00,0.00,0.00,0.00,0.00,0.00,0.00,-0.00,0.00,-0.00,-0.00,0.00,-0.00,0.00,10.00
27724.00,0.00,0.00,0.00,0.00,0.00,0.00,0.00,0.00,-0.00,0.00,-0.00,-0.00,-0.00,-0.00,0.00,10.00
27739.00,0.00,0.00,0.00,0.00,0.00,0.00,0.00,0.00,-0.00,0.00,-0.00,-0.00,0.00,0.00,0.00,10.00
27749.00,0.00,0.00,0.00,0.00,0.00,0.00,0.00,0.00,-0.00,0.00,-0.00,-0.00,0.00,-0.00,0.00,10.00
27759.00,0.00,0.00,0.00,0.00,0.00,0.00,0.00,0.00,-0.00,0.00,-0.00,-0.00,0.00,-0.00,-0.00,10.00
27769.00,0.00,0.00,0.00,0.00,0.00,0.00,0.00,0.00,-0.00,0.00,-0.00,-0.00,0.00,-0.00,-0.00,10.00
27779.00,0.00,0.00,0.00,-0.00,0.00,0.00,-0.00,-0.00,0.00,0.00,-0.00,-0.00,-0.00,0.00,0.00,10.00
27789.00,0.00,0.00,0.00,-0.00,0.00,0.00,-0.00,-0.00,0.00,0.00,-0.00,-0.00,-0.00,-0.00,0.00,10.00
27799.00,0.00,0.00,0.00,-0.00,0.00,0.00,-0.00,-0.00,0.00,0.00,-0.00,-0.00,0.00,0.00,-0.00,16.00
27815.00,0.00,0.00,0.00,-0.00,0.00,0.00,-0.00,-0.00,0.00,0.00,-0.00,-0.00,0.00,0.00,0.00,10.00
27825.00,0.00,0.00,0.00,-0.00,0.00,0.00,-0.00,-0.00,0.00,0.00,-0.00,-0.00,0.00,-0.00,0.00,10.00
27835.00,0.00,0.00,0.00,-0.00,0.00,0.00,-0.00,-0.00,0.00,0.00,-0.00,-0.00,0.00,-0.00,0.00,10.00
27850.00,0.00,0.00,0.00,-0.00,0.00,0.00,-0.00,-0.00,0.00,0.00,-0.00,-0.00,0.00,0.00,-0.00,10.00
27860.00,0.00,0.00,0.00,-0.00,0.00,0.00,-0.00,-0.00,0.00,0.00,-0.00,-0.00,-0.00,0.00,0.00,10.00
27870.00,0.00,0.00,0.00,-0.00,0.00,0.00,-0.00,-0.00,0.00,0.00,-0.00,-0.00,-0.00,0.00,0.00,10.00
27880.00,0.00,0.00,0.00,-0.00,0.00,0.00,-0.00,-0.00,0.00,0.00,-0.00,-0.00,-0.00,0.00,0.00,10.00
27890.00,0.00,0.00,0.00,-0.00,0.00,0.00,-0.00,-0.00,0.00,0.00,-0.00,-0.00,0.00,-0.00,0.00,10.00
27900.00,0.00,0.00,0.00,-0.00,0.00,0.00,-0.00,-0.00,0.00,0.00,-0.00,-0.00,-0.00,-0.00,0.00,16.00
27916.00,0.00,0.00,0.00,-0.00,0.00,0.00,-0.00,-0.00,0.00,0.00,-0.00,-0.00,-0.00,0.00,0.00,10.00
27926.00,0.00,0.00,0.00,-0.00,0.00,0.00,-0.00,-0.00,0.00,0.00,-0.00,-0.00,0.00,0.00,0.00,10.00
27936.00,0.00,0.00,0.00,-0.00,0.00,0.00,-0.00,-0.00,0.00,0.00,-0.00,-0.00,0.00,0.00,0.00,10.00
27946.00,0.00,0.00,0.00,-0.00,0.00,0.00,-0.00,-0.00,0.00,0.00,-0.00,-0.00,0.00,0.00,0.00,10.00
27961.00,0.00,0.00,0.00,-0.00,0.00,0.00,-0.00,-0.00,0.00,0.00,-0.00,-0.00,0.00,0.00,0.00,10.00
27971.00,0.00,0.00,0.00,-0.00,0.00,0.00,-0.00,-0.00,0.00,0.00,-0.00,-0.00,-0.00,-0.00,0.00,10.00
27981.00,0.00,0.00,0.00,-0.00,0.00,0.00,0.00,0.00,0.00,0.00,-0.00,-0.00,-0.00,0.00,0.00,10.00
27991.00,0.00,0.00,0.00,-0.00,0.00,0.00,0.00,0.00,0.00,0.00,-0.00,-0.00,0.00,-0.00,-0.00,10.00
28001.00,0.00,0.00,0.00,-0.00,0.00,0.00,0.00,0.00,0.00,0.00,-0.00,-0.00,-0.00,0.00,-0.00,16.00
28017.00,0.00,0.00,0.00,-0.00,0.00,0.00,0.00,0.00,0.00,0.00,-0.00,-0.00,0.00,0.00,0.00,10.00
28027.00,0.00,0.00,0.00,-0.00,0.00,0.00,0.00,0.00,0.00,0.00,-0.00,-0.00,0.00,0.00,0.00,10.00
28037.00,0.00,0.00,0.00,-0.00,0.00,0.00,0.00,0.00,0.00,0.00,-0.00,-0.00,-0.00,-0.00,0.00,10.00
28047.00,0.00,0.00,0.00,-0.00,0.00,0.00,0.00,0.00,0.00,0.00,-0.00,-0.00,0.00,-0.00,0.00,10.00
28057.00,0.00,0.00,0.00,-0.00,0.00,0.00,0.00,0.00,0.00,0.00,-0.00,-0.00,0.00,-0.00,0.00,10.00
28076.00,0.00,0.00,0.00,-0.00,0.00,0.00,0.00,0.00,0.00,0.00,-0.00,-0.00,-0.00,0.00,0.00,10.00
28086.00,0.00,0.00,0.00,-0.00,0.00,0.00,0.00,0.00,0.00,0.00,-0.00,-0.00,0.00,0.00,0.00,10.00
28096.00,0.00,0.00,0.00,-0.00,0.00,0.00,0.00,0.00,0.00,0.00,-0.00,-0.00,0.00,-0.00,0.00,18.00
28114.00,0.00,0.00,0.00,-0.00,0.00,0.00,0.00,0.00,0.00,0.00,-0.00,-0.00,0.00,0.00,0.00,10.00
28124.00,0.00,0.00,0.00,-0.00,0.00,0.00,0.00,0.00,0.00,0.00,-0.00,-0.00,-0.00,0.00,0.00,10.00
28134.00,0.00,0.00,0.00,-0.00,0.00,0.00,0.00,0.00,0.00,0.00,-0.00,-0.00,0.00,-0.00,-0.00,10.00
28144.00,0.00,0.00,0.00,-0.00,0.00,0.00,0.00,0.00,0.00,0.00,-0.00,-0.00,-0.00,0.00,-0.00,10.00
28154.00,0.00,0.00,0.00,-0.00,0.00,0.00,0.00,0.00,0.00,0.00,-0.00,-0.00,-0.00,0.00,0.00,10.00
28164.00,0.00,0.00,0.00,-0.00,0.00,0.00,0.00,0.00,0.00,0.00,-0.00,-0.00,-0.00,0.00,0.00,10.00
28174.00,0.00,0.00,0.00,-0.00,0.00,0.00,0.00,0.00,0.00,0.00,-0.00,-0.00,0.00,-0.00,0.00,10.00
28189.00,0.00,0.00,0.00,0.00,0.00,0.00,0.00,0.00,0.00,0.00,-0.00,-0.00,0.00,-0.00,0.00,10.00
28199.00,0.00,0.00,0.00,0.00,0.00,0.00,0.00,0.00,0.00,0.00,-0.00,-0.00,-0.00,-0.00,0.00,10.00
28209.00,0.00,0.00,0.00,0.00,0.00,0.00,0.00,0.00,0.00,0.00,-0.00,-0.00,0.00,0.00,0.00,17.00
28226.00,0.00,0.00,0.00,0.00,0.00,0.00,0.00,0.00,0.00,0.00,-0.00,-0.00,0.00,-0.00,0.00,10.00
28236.00,0.00,0.00,0.00,0.00,0.00,0.00,0.00,0.00,0.00,0.00,-0.00,-0.00,-0.00,-0.00,0.00,10.00
28246.00,0.00,0.00,0.00,0.00,0.00,0.00,0.00,0.00,0.00,0.00,-0.00,-0.00,0.00,0.00,-0.00,10.00
28256.00,0.00,0.00,0.00,0.00,0.00,0.00,0.00,0.00,0.00,0.00,-0.00,-0.00,-0.00,0.00,0.00,10.00
28266.00,0.00,0.00,0.00,0.00,0.00,0.00,0.00,0.00,0.00,0.00,-0.00,-0.00,0.00,-0.00,0.00,10.00
28276.00,0.00,0.00,0.00,0.00,0.00,0.00,0.00,0.00,0.00,0.00,-0.00,-0.00,0.00,-0.00,0.00,10.00
28286.00,0.00,0.00,0.00,0.00,0.00,0.00,0.00,0.00,0.00,0.00,-0.00,-0.00,-0.00,0.00,0.00,10.00
28300.00,0.00,0.00,0.00,0.00,0.00,0.00,0.00,0.00,0.00,0.00,-0.00,-0.00,0.00,0.00,-0.00,17.00
28317.00,0.00,0.00,0.00,0.00,0.00,0.00,0.00,0.00,0.00,0.00,-0.00,-0.00,-0.00,0.00,0.00,10.00
28327.00,0.00,0.00,0.00,0.00,0.00,0.00,0.00,0.00,0.00,0.00,-0.00,-0.00,0.00,0.00,0.00,10.00
28337.00,0.00,0.00,0.00,0.00,0.00,0.00,0.00,0.00,0.00,0.00,-0.00,-0.00,0.00,-0.00,0.00,10.00
28347.00,0.00,0.00,0.00,0.00,0.00,0.00,0.00,0.00,0.00,0.00,-0.00,-0.00,-0.00,0.00,0.00,10.00
28357.00,0.00,0.00,0.00,0.00,0.00,0.00,0.00,0.00,0.00,0.00,-0.00,-0.00,0.00,0.00,0.00,10.00
28367.00,0.00,0.00,0.00,0.00,0.00,0.00,0.00,0.00,0.00,0.00,-0.00,-0.00,0.00,0.00,0.00,10.00
28377.00,0.00,0.00,0.00,0.00,0.00,0.00,0.00,0.00,0.00,0.00,-0.00,-0.00,0.00,0.00,0.00,10.00
28387.00,0.00,0.00,0.00,0.00,0.00,0.00,0.00,0.00,0.00,0.00,-0.00,-0.00,0.00,0.00,0.00,10.00
28397.00,0.00,0.00,0.00,-0.00,-0.00,0.00,-0.00,-0.00,-0.00,0.00,-0.00,-0.00,-0.00,-0.00,0.00,18.00
28420.00,0.00,0.00,0.00,-0.00,-0.00,0.00,-0.00,-0.00,-0.00,0.00,-0.00,-0.00,-0.00,-0.00,-0.00,10.00
28430.00,0.00,0.00,0.00,-0.00,-0.00,0.00,-0.00,-0.00,-0.00,0.00,-0.00,-0.00,-0.00,0.00,-0.00,10.00
28440.00,0.00,0.00,0.00,-0.00,-0.00,0.00,-0.00,-0.00,-0.00,0.00,-0.00,-0.00,-0.00,0.00,-0.00,10.00
28450.00,0.00,0.00,0.00,-0.00,-0.00,0.00,-0.00,-0.00,-0.00,0.00,-0.00,-0.00,0.00,0.00,-0.00,10.00
28460.00,0.00,0.00,0.00,-0.00,-0.00,0.00,-0.00,-0.00,-0.00,0.00,-0.00,-0.00,0.00,0.00,-0.00,10.00
28470.00,0.00,0.00,0.00,-0.00,-0.00,0.00,-0.00,-0.00,-0.00,0.00,-0.00,-0.00,0.00,0.00,-0.00,10.00
28480.00,0.00,0.00,0.00,-0.00,-0.00,0.00,-0.00,-0.00,-0.00,0.00,-0.00,-0.00,0.00,0.00,0.00,10.00
28490.00,0.00,0.00,0.00,-0.00,-0.00,0.00,-0.00,-0.00,-0.00,0.00,-0.00,-0.00,0.00,0.00,-0.00,10.00
28500.00,0.00,0.00,0.00,-0.00,-0.00,0.00,-0.00,-0.00,-0.00,0.00,-0.00,-0.00,0.00,0.00,-0.00,16.00
28516.00,0.00,0.00,0.00,-0.00,-0.00,0.00,-0.00,-0.00,-0.00,0.00,-0.00,-0.00,0.00,0.00,-0.00,10.00
28531.00,0.00,0.00,0.00,-0.00,-0.00,0.00,-0.00,-0.00,-0.00,0.00,-0.00,-0.00,0.00,-0.00,-0.00,10.00
28541.00,0.00,0.00,0.00,-0.00,-0.00,0.00,-0.00,-0.00,-0.00,0.00,-0.00,-0.00,0.00,-0.00,0.00,10.00
28551.00,0.00,0.00,0.00,-0.00,-0.00,0.00,-0.00,-0.00,-0.00,0.00,-0.00,-0.00,0.00,-0.00,0.00,10.00
28561.00,0.00,0.00,0.00,-0.00,-0.00,0.00,-0.00,-0.00,-0.00,0.00,-0.00,-0.00,0.00,0.00,-0.00,10.00
28571.00,0.00,0.00,0.00,-0.00,-0.00,0.00,-0.00,-0.00,-0.00,0.00,-0.00,-0.00,0.00,0.00,-0.00,10.00
28581.00,0.00,0.00,0.00,-0.00,-0.00,0.00,-0.00,-0.00,-0.00,0.00,-0.00,-0.00,-0.00,-0.00,0.00,10.00
28591.00,0.00,0.00,0.00,-0.00,-0.00,0.00,-0.00,-0.00,-0.00,0.00,-0.00,-0.00,0.00,-0.00,0.00,10.00
28601.00,0.00,0.00,0.00,0.00,-0.00,0.00,0.00,-0.00,0.00,0.00,-0.00,-0.00,0.00,-0.00,0.00,16.00
28617.00,0.00,0.00,0.00,0.00,-0.00,0.00,0.00,-0.00,0.00,0.00,-0.00,-0.00,-0.00,-0.00,-0.00,10.00
28627.00,0.00,0.00,0.00,0.00,-0.00,0.00,0.00,-0.00,0.00,0.00,-0.00,-0.00,-0.00,-0.00,0.00,10.00
28642.00,0.00,0.00,0.00,0.00,-0.00,0.00,0.00,-0.00,0.00,0.00,-0.00,-0.00,0.00,0.00,-0.00,10.00
28652.00,0.00,0.00,0.00,0.00,-0.00,0.00,0.00,-0.00,0.00,0.00,-0.00,-0.00,0.00,-0.00,-0.00,10.00
28662.00,0.00,0.00,0.00,0.00,-0.00,0.00,0.00,-0.00,0.00,0.00,-0.00,-0.00,0.00,-0.00,0.00,10.00
28672.00,0.00,0.00,0.00,0.00,-0.00,0.00,0.00,-0.00,0.00,0.00,-0.00,-0.00,-0.00,-0.00,0.00,10.00
28682.00,0.00,0.00,0.00,0.00,-0.00,0.00,0.00,-0.00,0.00,0.00,-0.00,-0.00,0.00,-0.00,0.00,10.00
28692.00,0.00,0.00,0.00,0.00,-0.00,0.00,0.00,-0.00,0.00,0.00,-0.00,-0.00,0.00,-0.00,-0.00,10.00
28702.00,0.00,0.00,0.00,0.00,-0.00,0.00,0.00,-0.00,0.00,0.00,-0.00,-0.00,0.00,-0.00,0.00,16.00
28718.00,0.00,0.00,0.00,0.00,-0.00,0.00,0.00,-0.00,0.00,0.00,-0.00,-0.00,0.00,-0.00,0.00,10.00
28728.00,0.00,0.00,0.00,0.00,-0.00,0.00,0.00,-0.00,0.00,0.00,-0.00,-0.00,0.00,-0.00,-0.00,10.00
28738.00,0.00,0.00,0.00,0.00,-0.00,0.00,0.00,-0.00,0.00,0.00,-0.00,-0.00,0.00,-0.00,-0.00,10.00
28753.00,0.00,0.00,0.00,0.00,-0.00,0.00,0.00,-0.00,0.00,0.00,-0.00,-0.00,0.00,0.00,-0.00,10.00
28763.00,0.00,0.00,0.00,0.00,-0.00,0.00,0.00,-0.00,0.00,0.00,-0.00,-0.00,0.00,0.00,0.00,10.00
28773.00,0.00,0.00,0.00,0.00,-0.00,0.00,0.00,-0.00,0.00,0.00,-0.00,-0.00,0.00,0.00,-0.00,10.00
28783.00,0.00,0.00,0.00,0.00,-0.00,0.00,0.00,-0.00,0.00,0.00,-0.00,-0.00,-0.00,-0.00,-0.00,10.00
28793.00,0.00,0.00,0.00,0.00,-0.00,0.00,0.00,-0.00,0.00,0.00,-0.00,-0.00,-0.00,0.00,-0.00,10.00
28803.00,0.00,0.00,0.00,0.00,0.00,0.00,0.00,0.00,0.00,0.00,-0.00,-0.00,0.00,0.00,0.00,15.00
28818.00,0.00,0.00,0.00,0.00,0.00,0.00,0.00,0.00,0.00,0.00,-0.00,-0.00,0.00,0.00,0.00,10.00
28828.00,0.00,0.00,0.00,0.00,0.00,0.00,0.00,0.00,0.00,0.00,-0.00,-0.00,0.00,0.00,0.00,10.00
28838.00,0.00,0.00,0.00,0.00,0.00,0.00,0.00,0.00,0.00,0.00,-0.00,-0.00,0.00,-0.00,-0.00,10.00
28848.00,0.00,0.00,0.00,0.00,0.00,0.00,0.00,0.00,0.00,0.00,-0.00,-0.00,0.00,-0.00,0.00,10.00
28862.00,0.00,0.00,0.00,0.00,0.00,0.00,0.00,0.00,0.00,0.00,-0.00,-0.00,0.00,-0.00,-0.00,10.00
28872.00,0.00,0.00,0.00,0.00,0.00,0.00,0.00,0.00,0.00,0.00,-0.00,-0.00,0.00,-0.00,0.00,10.00
28882.00,0.00,0.00,0.00,0.00,0.00,0.00,0.00,0.00,0.00,0.00,-0.00,-0.00,0.00,-0.00,-0.00,10.00
28892.00,0.00,0.00,0.00,0.00,0.00,0.00,0.00,0.00,0.00,0.00,-0.00,-0.00,-0.00,0.00,0.00,10.00
28902.00,0.00,0.00,0.00,0.00,0.00,0.00,0.00,0.00,0.00,0.00,-0.00,-0.00,0.00,-0.00,-0.00,16.00
28918.00,0.00,0.00,0.00,0.00,0.00,0.00,0.00,0.00,0.00,0.00,-0.00,-0.00,-0.00,-0.00,-0.00,10.00
28928.00,0.00,0.00,0.00,0.00,0.00,0.00,0.00,0.00,0.00,0.00,-0.00,-0.00,0.00,0.00,0.00,10.00
28938.00,0.00,0.00,0.00,0.00,0.00,0.00,0.00,0.00,0.00,0.00,-0.00,-0.00,0.00,-0.00,0.00,10.00
28948.00,0.00,0.00,0.00,0.00,0.00,0.00,0.00,0.00,0.00,0.00,-0.00,-0.00,-0.00,0.00,0.00,10.00
28958.00,0.00,0.00,0.00,0.00,0.00,0.00,0.00,0.00,0.00,0.00,-0.00,-0.00,-0.00,0.00,-0.00,10.00
28978.00,0.00,0.00,0.00,0.00,0.00,0.00,0.00,0.00,0.00,0.00,-0.00,-0.00,0.00,0.00,0.00,10.00
28988.00,0.00,0.00,0.00,0.00,0.00,0.00,0.00,0.00,0.00,0.00,-0.00,-0.00,0.00,0.00,-0.00,10.00
28998.00,0.00,0.00,0.00,0.00,0.00,0.00,0.00,0.00,0.00,0.00,-0.00,-0.00,-0.00,0.00,-0.00,19.00
29017.00,0.00,0.00,0.00,-0.00,0.00,-0.00,-0.00,-0.00,-0.00,0.00,-0.00,-0.00,-0.00,0.00,-0.00,10.00
29027.00,0.00,0.00,0.00,-0.00,0.00,-0.00,-0.00,-0.00,-0.00,0.00,-0.00,-0.00,-0.00,0.00,-0.00,10.00
29037.00,0.00,0.00,0.00,-0.00,0.00,-0.00,-0.00,-0.00,-0.00,0.00,-0.00,-0.00,-0.00,0.00,-0.00,10.00
29047.00,0.00,0.00,0.00,-0.00,0.00,-0.00,-0.00,-0.00,-0.00,0.00,-0.00,-0.00,-0.00,0.00,0.00,10.00
29057.00,0.00,0.00,0.00,-0.00,0.00,-0.00,-0.00,-0.00,-0.00,0.00,-0.00,-0.00,0.00,0.00,0.00,10.00
29067.00,0.00,0.00,0.00,-0.00,0.00,-0.00,-0.00,-0.00,-0.00,0.00,-0.00,-0.00,-0.00,-0.00,-0.00,10.00
29077.00,0.00,0.00,0.00,-0.00,0.00,-0.00,-0.00,-0.00,-0.00,0.00,-0.00,-0.00,0.00,0.00,0.00,10.00
29092.00,0.00,0.00,0.00,-0.00,0.00,-0.00,-0.00,-0.00,-0.00,0.00,-0.00,-0.00,-0.00,0.00,-0.00,10.00
29102.00,0.00,0.00,0.00,-0.00,0.00,-0.00,-0.00,-0.00,-0.00,0.00,-0.00,-0.00,0.00,0.00,-0.00,10.00
29112.00,0.00,0.00,0.00,-0.00,0.00,-0.00,-0.00,-0.00,-0.00,0.00,-0.00,-0.00,0.00,0.00,-0.00,16.00
29128.00,0.00,0.00,0.00,-0.00,0.00,-0.00,-0.00,-0.00,-0.00,0.00,-0.00,-0.00,-0.00,0.00,-0.00,10.00
29138.00,0.00,0.00,0.00,-0.00,0.00,-0.00,-0.00,-0.00,-0.00,0.00,-0.00,-0.00,-0.00,0.00,0.00,10.00
29148.00,0.00,0.00,0.00,-0.00,0.00,-0.00,-0.00,-0.00,-0.00,0.00,-0.00,-0.00,0.00,0.00,0.00,10.00
29158.00,0.00,0.00,0.00,-0.00,0.00,-0.00,-0.00,-0.00,-0.00,0.00,-0.00,-0.00,-0.00,0.00,-0.00,10.00
29168.00,0.00,0.00,0.00,-0.00,0.00,-0.00,-0.00,-0.00,-0.00,0.00,-0.00,-0.00,0.00,-0.00,-0.00,10.00
29178.00,0.00,0.00,0.00,-0.00,0.00,-0.00,-0.00,-0.00,-0.00,0.00,-0.00,-0.00,0.00,0.00,-0.00,10.00
29188.00,0.00,0.00,0.00,-0.00,0.00,-0.00,-0.00,-0.00,-0.00,0.00,-0.00,-0.00,0.00,0.00,0.00,10.00
29203.00,0.00,0.00,0.00,-0.00,0.00,-0.00,-0.00,-0.00,-0.00,0.00,-0.00,-0.00,-0.00,-0.00,-0.00,17.00
29220.00,0.00,0.00,0.00,-0.00,0.00,-0.00,-0.00,0.00,0.00,0.00,-0.00,-0.00,-0.00,0.00,-0.00,10.00
29230.00,0.00,0.00,0.00,-0.00,0.00,-0.00,-0.00,0.00,0.00,0.00,-0.00,-0.00,-0.00,0.00,0.00,10.00
29240.00,0.00,0.00,0.00,-0.00,0.00,-0.00,-0.00,0.00,0.00,0.00,-0.00,-0.00,-0.00,0.00,0.00,10.00
29250.00,0.00,0.00,0.00,-0.00,0.00,-0.00,-0.00,0.00,0.00,0.00,-0.00,-0.00,0.00,-0.00,-0.00,10.00
29260.00,0.00,0.00,0.00,-0.00,0.00,-0.00,-0.00,0.00,0.00,0.00,-0.00,-0.00,-0.00,-0.00,0.00,10.00
29270.00,0.00,0.00,0.00,-0.00,0.00,-0.00,-0.00,0.00,0.00,0.00,-0.00,-0.00,-0.00,-0.00,0.00,10.00
29280.00,0.00,0.00,0.00,-0.00,0.00,-0.00,-0.00,0.00,0.00,0.00,-0.00,-0.00,0.00,0.00,-0.00,10.00
29290.00,0.00,0.00,0.00,-0.00,0.00,-0.00,-0.00,0.00,0.00,0.00,-0.00,-0.00,0.00,0.00,-0.00,10.00
29300.00,0.00,0.00,0.00,-0.00,0.00,-0.00,-0.00,0.00,0.00,0.00,-0.00,-0.00,-0.00,-0.00,-0.00,18.00
29323.00,0.00,0.00,0.00,-0.00,0.00,-0.00,-0.00,0.00,0.00,0.00,-0.00,-0.00,0.00,0.00,-0.00,10.00
29333.00,0.00,0.00,0.00,-0.00,0.00,-0.00,-0.00,0.00,0.00,0.00,-0.00,-0.00,-0.00,0.00,-0.00,10.00
29343.00,0.00,0.00,0.00,-0.00,0.00,-0.00,-0.00,0.00,0.00,0.00,-0.00,-0.00,0.00,-0.00,0.00,10.00
29353.00,0.00,0.00,0.00,-0.00,0.00,-0.00,-0.00,0.00,0.00,0.00,-0.00,-0.00,0.00,-0.00,0.00,10.00
29363.00,0.00,0.00,0.00,-0.00,0.00,-0.00,-0.00,0.00,0.00,0.00,-0.00,-0.00,-0.00,0.00,-0.00,10.00
29373.00,0.00,0.00,0.00,-0.00,0.00,-0.00,-0.00,0.00,0.00,0.00,-0.00,-0.00,-0.00,-0.00,0.00,10.00
29383.00,0.00,0.00,0.00,-0.00,0.00,-0.00,-0.00,0.00,0.00,0.00,-0.00,-0.00,-0.00,0.00,-0.00,10.00
29393.00,0.00,0.00,0.00,-0.00,0.00,-0.00,-0.00,0.00,0.00,0.00,-0.00,-0.00,-0.00,-0.00,-0.00,10.00
29403.00,0.00,0.00,0.00,-0.00,0.00,-0.00,-0.00,0.00,0.00,0.00,-0.00,-0.00,-0.00,0.00,0.00,17.00
29420.00,0.00,0.00,0.00,0.00,0.00,0.00,0.00,-0.00,0.00,0.00,-0.00,-0.00,0.00,0.00,0.00,10.00
29435.00,0.00,0.00,0.00,0.00,0.00,0.00,0.00,-0.00,0.00,0.00,-0.00,-0.00,-0.00,0.00,0.00,10.00
29445.00,0.00,0.00,0.00,0.00,0.00,0.00,0.00,-0.00,0.00,0.00,-0.00,-0.00,0.00,0.00,0.00,10.00
29455.00,0.00,0.00,0.00,0.00,0.00,0.00,0.00,-0.00,0.00,0.00,-0.00,-0.00,0.00,0.00,0.00,10.00
29465.00,0.00,0.00,0.00,0.00,0.00,0.00,0.00,-0.00,0.00,0.00,-0.00,-0.00,0.00,0.00,0.00,10.00
29475.00,0.00,0.00,0.00,0.00,0.00,0.00,0.00,-0.00,0.00,0.00,-0.00,-0.00,0.00,0.00,0.00,10.00
29485.00,0.00,0.00,0.00,0.00,0.00,0.00,0.00,-0.00,0.00,0.00,-0.00,-0.00,0.00,0.00,0.00,10.00
29495.00,0.00,0.00,0.00,0.00,0.00,0.00,0.00,-0.00,0.00,0.00,-0.00,-0.00,-0.00,-0.00,0.00,10.00
29505.00,0.00,0.00,0.00,0.00,0.00,0.00,0.00,-0.00,0.00,0.00,-0.00,-0.00,0.00,0.00,0.00,10.00
29515.00,0.00,0.00,0.00,0.00,0.00,0.00,0.00,-0.00,0.00,0.00,-0.00,-0.00,0.00,-0.00,0.00,15.00
29530.00,0.00,0.00,0.00,0.00,0.00,0.00,0.00,-0.00,0.00,0.00,-0.00,-0.00,0.00,0.00,0.00,10.00
29545.00,0.00,0.00,0.00,0.00,0.00,0.00,0.00,-0.00,0.00,0.00,-0.00,-0.00,0.00,0.00,0.00,10.00
29555.00,0.00,0.00,0.00,0.00,0.00,0.00,0.00,-0.00,0.00,0.00,-0.00,-0.00,0.00,-0.00,0.00,10.00
29565.00,0.00,0.00,0.00,0.00,0.00,0.00,0.00,-0.00,0.00,0.00,-0.00,-0.00,0.00,0.00,0.00,10.00
29575.00,0.00,0.00,0.00,0.00,0.00,0.00,0.00,-0.00,0.00,0.00,-0.00,-0.00,0.00,-0.00,0.00,10.00
29585.00,0.00,0.00,0.00,0.00,0.00,0.00,0.00,-0.00,0.00,0.00,-0.00,-0.00,-0.00,0.00,-0.00,10.00
29595.00,0.00,0.00,0.00,0.00,0.00,0.00,0.00,-0.00,0.00,0.00,-0.00,-0.00,-0.00,0.00,0.00,10.00
29605.00,0.00,0.00,0.00,0.00,0.00,0.00,0.00,-0.00,0.00,0.00,-0.00,-0.00,0.00,0.00,-0.00,10.00
29615.00,0.00,0.00,0.00,0.00,0.00,0.00,0.00,-0.00,0.00,0.00,-0.00,-0.00,0.00,0.00,0.00,16.00
29631.00,0.00,0.00,0.00,0.00,0.00,0.00,0.00,0.00,0.00,0.00,-0.00,-0.00,0.00,0.00,0.00,10.00
29641.00,0.00,0.00,0.00,0.00,0.00,0.00,0.00,0.00,0.00,0.00,-0.00,-0.00,-0.00,0.00,0.00,10.00
29656.00,0.00,0.00,0.00,0.00,0.00,0.00,0.00,0.00,0.00,0.00,-0.00,-0.00,0.00,0.00,0.00,10.00
29666.00,0.00,0.00,0.00,0.00,0.00,0.00,0.00,0.00,0.00,0.00,-0.00,-0.00,0.00,0.00,-0.00,10.00
29676.00,0.00,0.00,0.00,0.00,0.00,0.00,0.00,0.00,0.00,0.00,-0.00,-0.00,0.00,0.00,-0.00,10.00
29686.00,0.00,0.00,0.00,0.00,0.00,0.00,0.00,0.00,0.00,0.00,-0.00,-0.00,0.00,0.00,0.00,10.00
29696.00,0.00,0.00,0.00,0.00,0.00,0.00,0.00,0.00,0.00,0.00,-0.00,-0.00,-0.00,0.00,0.00,10.00
29706.00,0.00,0.00,0.00,0.00,0.00,0.00,0.00,0.00,0.00,0.00,-0.00,-0.00,0.00,-0.00,0.00,15.00
29721.00,0.00,0.00,0.00,0.00,0.00,0.00,0.00,0.00,0.00,0.00,-0.00,-0.00,0.00,0.00,0.00,10.00
29731.00,0.00,0.00,0.00,0.00,0.00,0.00,0.00,0.00,0.00,0.00,-0.00,-0.00,-0.00,0.00,0.00,10.00
29741.00,0.00,0.00,0.00,0.00,0.00,0.00,0.00,0.00,0.00,0.00,-0.00,-0.00,-0.00,0.00,0.00,10.00
29751.00,0.00,0.00,0.00,0.00,0.00,0.00,0.00,0.00,0.00,0.00,-0.00,-0.00,0.00,0.00,0.00,10.00
29765.00,0.00,0.00,0.00,0.00,0.00,0.00,0.00,0.00,0.00,0.00,-0.00,-0.00,0.00,-0.00,0.00,10.00
29775.00,0.00,0.00,0.00,0.00,0.00,0.00,0.00,0.00,0.00,0.00,-0.00,-0.00,0.00,0.00,0.00,10.00
29785.00,0.00,0.00,0.00,0.00,0.00,0.00,0.00,0.00,0.00,0.00,-0.00,-0.00,0.00,-0.00,0.00,10.00
29795.00,0.00,0.00,0.00,0.00,0.00,0.00,0.00,0.00,0.00,0.00,-0.00,-0.00,0.00,0.00,0.00,10.00
29805.00,0.00,0.00,0.00,0.00,0.00,0.00,0.00,0.00,0.00,0.00,-0.00,-0.00,0.00,0.00,-0.00,16.00
29821.00,0.00,0.00,0.00,0.00,0.00,0.00,0.00,0.00,0.00,0.00,-0.00,-0.00,0.00,0.00,-0.00,10.00
29831.00,0.00,0.00,0.00,-0.00,-0.00,0.00,-0.00,-0.00,0.00,0.00,-0.00,-0.00,-0.00,-0.00,0.00,10.00
29841.00,0.00,0.00,0.00,-0.00,-0.00,0.00,-0.00,-0.00,0.00,0.00,-0.00,-0.00,0.00,-0.00,0.00,10.00
29851.00,0.00,0.00,0.00,-0.00,-0.00,0.00,-0.00,-0.00,0.00,0.00,-0.00,-0.00,0.00,0.00,0.00,10.00
29861.00,0.00,0.00,0.00,-0.00,-0.00,0.00,-0.00,-0.00,0.00,0.00,-0.00,-0.00,0.00,0.00,-0.00,10.00
29876.00,0.00,0.00,0.00,-0.00,-0.00,0.00,-0.00,-0.00,0.00,0.00,-0.00,-0.00,-0.00,-0.00,0.00,10.00
29886.00,0.00,0.00,0.00,-0.00,-0.00,0.00,-0.00,-0.00,0.00,0.00,-0.00,-0.00,0.00,-0.00,0.00,10.00
29896.00,0.00,0.00,0.00,-0.00,-0.00,0.00,-0.00,-0.00,0.00,0.00,-0.00,-0.00,0.00,0.00,0.00,10.00
29906.00,0.00,0.00,0.00,-0.00,-0.00,0.00,-0.00,-0.00,0.00,0.00,-0.00,-0.00,0.00,-0.00,0.00,15.00
29921.00,0.00,0.00,0.00,-0.00,-0.00,0.00,-0.00,-0.00,0.00,0.00,-0.00,-0.00,0.00,0.00,-0.00,10.00
29931.00,0.00,0.00,0.00,-0.00,-0.00,0.00,-0.00,-0.00,0.00,0.00,-0.00,-0.00,-0.00,-0.00,0.00,10.00
29941.00,0.00,0.00,0.00,-0.00,-0.00,0.00,-0.00,-0.00,0.00,0.00,-0.00,-0.00,0.00,-0.00,0.00,10.00
29951.00,0.00,0.00,0.00,-0.00,-0.00,0.00,-0.00,-0.00,0.00,0.00,-0.00,-0.00,0.00,-0.00,0.00,10.00
29961.00,0.00,0.00,0.00,-0.00,-0.00,0.00,-0.00,-0.00,0.00,0.00,-0.00,-0.00,0.00,0.00,-0.00,10.00
29971.00,0.00,0.00,0.00,-0.00,-0.00,0.00,-0.00,-0.00,0.00,0.00,-0.00,-0.00,0.00,0.00,-0.00,10.00
29990.00,0.00,0.00,0.00,-0.00,-0.00,0.00,-0.00,-0.00,0.00,0.00,-0.00,-0.00,0.00,0.00,-0.00,10.00
30000.00,0.00,0.00,0.00,-0.00,-0.00,0.00,-0.00,-0.00,0.00,0.00,-0.00,-0.00,0.00,-0.00,-0.00,16.00
30016.00,0.00,0.00,0.00,-0.00,-0.00,0.00,-0.00,-0.00,0.00,0.00,-0.00,-0.00,-0.00,-0.00,0.00,10.00
30026.00,0.00,0.00,0.00,-0.00,-0.00,0.00,-0.00,-0.00,0.00,0.00,-0.00,-0.00,0.00,0.00,-0.00,10.00
30036.00,0.00,0.00,0.00,0.00,0.00,-0.00,0.00,0.00,-0.00,0.00,-0.00,-0.00,-0.00,0.00,-0.00,10.00
30046.00,0.00,0.00,0.00,0.00,0.00,-0.00,0.00,0.00,-0.00,0.00,-0.00,-0.00,-0.00,0.00,0.00,10.00
30056.00,0.00,0.00,0.00,0.00,0.00,-0.00,0.00,0.00,-0.00,0.00,-0.00,-0.00,0.00,0.00,-0.00,10.00
30066.00,0.00,0.00,0.00,0.00,0.00,-0.00,0.00,0.00,-0.00,0.00,-0.00,-0.00,-0.00,0.00,-0.00,10.00
30076.00,0.00,0.00,0.00,0.00,0.00,-0.00,0.00,0.00,-0.00,0.00,-0.00,-0.00,-0.00,-0.00,0.00,10.00
30086.00,0.00,0.00,0.00,0.00,0.00,-0.00,0.00,0.00,-0.00,0.00,-0.00,-0.00,0.00,-0.00,0.00,10.00
30101.00,0.00,0.00,0.00,0.00,0.00,-0.00,0.00,0.00,-0.00,0.00,-0.00,-0.00,0.00,0.00,0.00,18.00
30119.00,0.00,0.00,0.00,0.00,0.00,-0.00,0.00,0.00,-0.00,0.00,-0.00,-0.00,0.00,0.00,-0.00,10.00
30129.00,0.00,0.00,0.00,0.00,0.00,-0.00,0.00,0.00,-0.00,0.00,-0.00,-0.00,0.00,0.00,-0.00,10.00
30139.00,0.00,0.00,0.00,0.00,0.00,-0.00,0.00,0.00,-0.00,0.00,-0.00,-0.00,0.00,-0.00,0.00,10.00
30149.00,0.00,0.00,0.00,0.00,0.00,-0.00,0.00,0.00,-0.00,0.00,-0.00,-0.00,0.00,-0.00,-0.00,10.00
30159.00,0.00,0.00,0.00,0.00,0.00,-0.00,0.00,0.00,-0.00,0.00,-0.00,-0.00,0.00,0.00,0.00,10.00
30169.00,0.00,0.00,0.00,0.00,0.00,-0.00,0.00,0.00,-0.00,0.00,-0.00,-0.00,0.00,-0.00,0.00,10.00
30179.00,0.00,0.00,0.00,0.00,0.00,-0.00,0.00,0.00,-0.00,0.00,-0.00,-0.00,-0.00,-0.00,-0.00,10.00
30189.00,0.00,0.00,0.00,0.00,0.00,-0.00,0.00,0.00,-0.00,0.00,-0.00,-0.00,0.00,0.00,-0.00,10.00
30199.00,0.00,0.00,0.00,0.00,0.00,-0.00,0.00,0.00,-0.00,0.00,-0.00,-0.00,-0.00,-0.00,-0.00,16.00
30220.00,0.00,0.00,0.00,0.00,0.00,-0.00,0.00,0.00,-0.00,0.00,-0.00,-0.00,-0.00,-0.00,0.00,10.00
30230.00,0.00,0.00,0.00,0.00,0.00,-0.00,0.00,0.00,-0.00,0.00,-0.00,-0.00,0.00,-0.00,0.00,10.00
30240.00,0.00,0.00,0.00,-0.00,-0.00,-0.00,-0.00,-0.00,0.00,0.00,-0.00,-0.00,-0.00,-0.00,-0.00,10.00
30250.00,0.00,0.00,0.00,-0.00,-0.00,-0.00,-0.00,-0.00,0.00,0.00,-0.00,-0.00,0.00,-0.00,0.00,10.00
30260.00,0.00,0.00,0.00,-0.00,-0.00,-0.00,-0.00,-0.00,0.00,0.00,-0.00,-0.00,0.00,0.00,-0.00,10.00
30270.00,0.00,0.00,0.00,-0.00,-0.00,-0.00,-0.00,-0.00,0.00,0.00,-0.00,-0.00,0.00,-0.00,-0.00,10.00
30280.00,0.00,0.00,0.00,-0.00,-0.00,-0.00,-0.00,-0.00,0.00,0.00,-0.00,-0.00,0.00,0.00,0.00,10.00
30290.00,0.00,0.00,0.00,-0.00,-0.00,-0.00,-0.00,-0.00,0.00,0.00,-0.00,-0.00,-0.00,0.00,0.00,10.00
30300.00,0.00,0.00,0.00,-0.00,-0.00,-0.00,-0.00,-0.00,0.00,0.00,-0.00,-0.00,-0.00,-0.00,0.00,10.00
30310.00,0.00,0.00,0.00,-0.00,-0.00,-0.00,-0.00,-0.00,0.00,0.00,-0.00,-0.00,0.00,-0.00,-0.00,15.00
30330.00,0.00,0.00,0.00,-0.00,-0.00,-0.00,-0.00,-0.00,0.00,0.00,-0.00,-0.00,0.00,-0.00,0.00,10.00
30340.00,0.00,0.00,0.00,-0.00,-0.00,-0.00,-0.00,-0.00,0.00,0.00,-0.00,-0.00,0.00,0.00,-0.00,10.00
30350.00,0.00,0.00,0.00,-0.00,-0.00,-0.00,-0.00,-0.00,0.00,0.00,-0.00,-0.00,0.00,-0.00,0.00,10.00
30360.00,0.00,0.00,0.00,-0.00,-0.00,-0.00,-0.00,-0.00,0.00,0.00,-0.00,-0.00,0.00,0.00,0.00,10.00
30370.00,0.00,0.00,0.00,-0.00,-0.00,-0.00,-0.00,-0.00,0.00,0.00,-0.00,-0.00,-0.00,-0.00,-0.00,10.00
30380.00,0.00,0.00,0.00,-0.00,-0.00,-0.00,-0.00,-0.00,0.00,0.00,-0.00,-0.00,-0.00,-0.00,0.00,10.00
30390.00,0.00,0.00,0.00,-0.00,-0.00,-0.00,-0.00,-0.00,0.00,0.00,-0.00,-0.00,0.00,-0.00,0.00,10.00
30400.00,0.00,0.00,0.00,-0.00,-0.00,-0.00,-0.00,-0.00,0.00,0.00,-0.00,-0.00,-0.00,-0.00,0.00,10.00
30410.00,0.00,0.00,0.00,-0.00,-0.00,-0.00,-0.00,-0.00,0.00,0.00,-0.00,-0.00,-0.00,0.00,0.00,15.00
30425.00,0.00,0.00,0.00,-0.00,-0.00,-0.00,-0.00,-0.00,0.00,0.00,-0.00,-0.00,0.00,0.00,0.00,10.00
30440.00,0.00,0.00,0.00,-0.00,-0.00,-0.00,0.00,0.00,-0.00,0.00,-0.00,-0.00,-0.00,-0.00,-0.00,10.00
30450.00,0.00,0.00,0.00,-0.00,-0.00,-0.00,0.00,0.00,-0.00,0.00,-0.00,-0.00,0.00,0.00,0.00,10.00
30460.00,0.00,0.00,0.00,-0.00,-0.00,-0.00,0.00,0.00,-0.00,0.00,-0.00,-0.00,-0.00,0.00,-0.00,10.00
30470.00,0.00,0.00,0.00,-0.00,-0.00,-0.00,0.00,0.00,-0.00,0.00,-0.00,-0.00,0.00,0.00,-0.00,10.00
30480.00,0.00,0.00,0.00,-0.00,-0.00,-0.00,0.00,0.00,-0.00,0.00,-0.00,-0.00,-0.00,0.00,0.00,10.00
30490.00,0.00,0.00,0.00,-0.00,-0.00,-0.00,0.00,0.00,-0.00,0.00,-0.00,-0.00,-0.00,0.00,0.00,10.00
30500.00,0.00,0.00,0.00,-0.00,-0.00,-0.00,0.00,0.00,-0.00,0.00,-0.00,-0.00,0.00,0.00,0.00,10.00
30510.00,0.00,0.00,0.00,-0.00,-0.00,-0.00,0.00,0.00,-0.00,0.00,-0.00,-0.00,-0.00,0.00,0.00,16.00
30526.00,0.00,0.00,0.00,-0.00,-0.00,-0.00,0.00,0.00,-0.00,0.00,-0.00,-0.00,0.00,0.00,0.00,10.00
30536.00,0.00,0.00,0.00,-0.00,-0.00,-0.00,0.00,0.00,-0.00,0.00,-0.00,-0.00,0.00,0.00,-0.00,10.00
30551.00,0.00,0.00,0.00,-0.00,-0.00,-0.00,0.00,0.00,-0.00,0.00,-0.00,-0.00,-0.00,0.00,-0.00,10.00
30561.00,0.00,0.00,0.00,-0.00,-0.00,-0.00,0.00,0.00,-0.00,0.00,-0.00,-0.00,0.00,0.00,0.00,10.00
30571.00,0.00,0.00,0.00,-0.00,-0.00,-0.00,0.00,0.00,-0.00,0.00,-0.00,-0.00,-0.00,0.00,0.00,10.00
30581.00,0.00,0.00,0.00,-0.00,-0.00,-0.00,0.00,0.00,-0.00,0.00,-0.00,-0.00,0.00,0.00,-0.00,10.00
30591.00,0.00,0.00,0.00,-0.00,-0.00,-0.00,0.00,0.00,-0.00,0.00,-0.00,-0.00,0.00,0.00,-0.00,10.00
30601.00,0.00,0.00,0.00,-0.00,-0.00,-0.00,0.00,0.00,-0.00,0.00,-0.00,-0.00,0.00,0.00,0.00,16.00
30617.00,0.00,0.00,0.00,-0.00,-0.00,-0.00,0.00,0.00,-0.00,0.00,-0.00,-0.00,0.00,0.00,-0.00,10.00
30627.00,0.00,0.00,0.00,-0.00,-0.00,-0.00,0.00,0.00,-0.00,0.00,-0.00,-0.00,0.00,0.00,-0.00,10.00
30637.00,0.00,0.00,0.00,-0.00,-0.00,-0.00,0.00,0.00,-0.00,0.00,-0.00,-0.00,0.00,0.00,-0.00,10.00
30647.00,0.00,0.00,0.00,0.00,0.00,-0.00,0.00,0.00,0.00,0.00,-0.00,-0.00,0.00,0.00,0.00,10.00
30662.00,0.00,0.00,0.00,0.00,0.00,-0.00,0.00,0.00,0.00,0.00,-0.00,-0.00,-0.00,0.00,0.00,10.00
30672.00,0.00,0.00,0.00,0.00,0.00,-0.00,0.00,0.00,0.00,0.00,-0.00,-0.00,-0.00,0.00,0.00,10.00
30682.00,0.00,0.00,0.00,0.00,0.00,-0.00,0.00,0.00,0.00,0.00,-0.00,-0.00,0.00,0.00,-0.00,10.00
30692.00,0.00,0.00,0.00,0.00,0.00,-0.00,0.00,0.00,0.00,0.00,-0.00,-0.00,-0.00,-0.00,0.00,10.00
30702.00,0.00,0.00,0.00,0.00,0.00,-0.00,0.00,0.00,0.00,0.00,-0.00,-0.00,-0.00,0.00,0.00,18.00
30720.00,0.00,0.00,0.00,0.00,0.00,-0.00,0.00,0.00,0.00,0.00,-0.00,-0.00,0.00,0.00,0.00,10.00
30730.00,0.00,0.00,0.00,0.00,0.00,-0.00,0.00,0.00,0.00,0.00,-0.00,-0.00,0.00,-0.00,0.00,10.00
30740.00,0.00,0.00,0.00,0.00,0.00,-0.00,0.00,0.00,0.00,0.00,-0.00,-0.00,-0.00,0.00,0.00,10.00
30750.00,0.00,0.00,0.00,0.00,0.00,-0.00,0.00,0.00,0.00,0.00,-0.00,-0.00,0.00,0.00,-0.00,10.00
30760.00,0.00,0.00,0.00,0.00,0.00,-0.00,0.00,0.00,0.00,0.00,-0.00,-0.00,0.00,0.01,-0.00,10.00
30775.00,0.00,0.00,0.00,0.00,0.00,-0.00,0.00,0.00,0.00,0.00,-0.00,-0.00,0.00,0.00,0.00,10.00
30785.00,0.00,0.00,0.00,0.00,0.00,-0.00,0.00,0.00,0.00,0.00,-0.00,-0.00,0.00,0.00,0.00,10.00
30795.00,0.00,0.00,0.00,0.00,0.00,-0.00,0.00,0.00,0.00,0.00,-0.00,-0.00,0.00,0.00,-0.00,10.00
30805.00,0.00,0.00,0.00,0.00,0.00,-0.00,0.00,0.00,0.00,0.00,-0.00,-0.00,0.00,0.00,0.00,18.00
30823.00,0.00,0.00,0.00,0.00,0.00,-0.00,0.00,0.00,0.00,0.00,-0.00,-0.00,0.00,0.00,-0.00,10.00
30833.00,0.00,0.00,0.00,0.00,0.00,-0.00,0.00,0.00,0.00,0.00,-0.00,-0.00,-0.00,0.00,-0.00,10.00
30843.00,0.00,0.00,0.00,0.00,0.00,-0.00,0.00,0.00,0.00,0.00,-0.00,-0.00,-0.00,-0.00,-0.00,10.00
30853.00,0.00,0.00,0.00,0.00,0.00,-0.00,0.00,0.00,-0.00,0.00,-0.00,-0.00,0.00,0.00,-0.00,10.00
30863.00,0.00,0.00,0.00,0.00,0.00,-0.00,0.00,0.00,-0.00,0.00,-0.00,-0.00,0.00,0.00,-0.00,10.00
30873.00,0.00,0.00,0.00,0.00,0.00,-0.00,0.00,0.00,-0.00,0.00,-0.00,-0.00,0.00,0.00,-0.00,10.00
30892.00,0.00,0.00,0.00,0.00,0.00,-0.00,0.00,0.00,-0.00,0.00,-0.00,-0.00,0.00,0.00,0.00,10.00
30902.00,0.00,0.00,0.00,0.00,0.00,-0.00,0.00,0.00,-0.00,0.00,-0.00,-0.00,0.00,0.00,0.00,10.00
30912.00,0.00,0.00,0.00,0.00,0.00,-0.00,0.00,0.00,-0.00,0.00,-0.00,-0.00,0.00,-0.00,0.00,16.00
30928.00,0.00,0.00,0.00,0.00,0.00,-0.00,0.00,0.00,-0.00,0.00,-0.00,-0.00,0.00,-0.00,0.00,10.00
30938.00,0.00,0.00,0.00,0.00,0.00,-0.00,0.00,0.00,-0.00,0.00,-0.00,-0.00,0.00,-0.00,-0.00,10.00
30948.00,0.00,0.00,0.00,0.00,0.00,-0.00,0.00,0.00,-0.00,0.00,-0.00,-0.00,-0.00,-0.00,0.00,10.00
30958.00,0.00,0.00,0.00,0.00,0.00,-0.00,0.00,0.00,-0.00,0.00,-0.00,-0.00,-0.00,-0.00,0.00,10.00
30968.00,0.00,0.00,0.00,0.00,0.00,-0.00,0.00,0.00,-0.00,0.00,-0.00,-0.00,0.00,0.00,0.00,10.00
30978.00,0.00,0.00,0.00,0.00,0.00,-0.00,0.00,0.00,-0.00,0.00,-0.00,-0.00,-0.00,-0.00,0.00,10.00
30988.00,0.00,0.00,0.00,0.00,0.00,-0.00,0.00,0.00,-0.00,0.00,-0.00,-0.00,-0.00,-0.00,0.00,10.00
31002.00,0.00,0.00,0.00,0.00,0.00,-0.00,0.00,0.00,-0.00,0.00,-0.00,-0.00,-0.00,0.00,0.00,17.00
31019.00,0.00,0.00,0.00,0.00,0.00,-0.00,0.00,0.00,-0.00,0.00,-0.00,-0.00,-0.00,-0.00,0.00,10.00
31029.00,0.00,0.00,0.00,0.00,0.00,-0.00,0.00,0.00,-0.00,0.00,-0.00,-0.00,-0.00,-0.00,0.00,10.00
31039.00,0.00,0.00,0.00,0.00,0.00,-0.00,0.00,0.00,-0.00,0.00,-0.00,-0.00,-0.00,-0.00,0.00,10.00
31049.00,0.00,0.00,0.00,0.00,0.00,-0.00,0.00,0.00,-0.00,0.00,-0.00,-0.00,-0.00,-0.00,0.00,10.00
31059.00,0.00,0.00,0.00,-0.00,-0.00,0.00,-0.00,-0.00,0.00,0.00,-0.00,-0.00,-0.00,-0.00,0.00,10.00
31069.00,0.00,0.00,0.00,-0.00,-0.00,0.00,-0.00,-0.00,0.00,0.00,-0.00,-0.00,-0.00,0.00,0.00,10.00
31079.00,0.00,0.00,0.00,-0.00,-0.00,0.00,-0.00,-0.00,0.00,0.00,-0.00,-0.00,-0.00,-0.00,0.00,10.00
31089.00,0.00,0.00,0.00,-0.00,-0.00,0.00,-0.00,-0.00,0.00,0.00,-0.00,-0.00,-0.00,-0.00,0.00,10.00
31099.00,0.00,0.00,0.00,-0.00,-0.00,0.00,-0.00,-0.00,0.00,0.00,-0.00,-0.00,-0.00,-0.00,0.00,10.00
31114.00,0.00,0.00,0.00,-0.00,-0.00,0.00,-0.00,-0.00,0.00,0.00,-0.00,-0.00,0.00,0.00,0.00,18.00
31132.00,0.00,0.00,0.00,-0.00,-0.00,0.00,-0.00,-0.00,0.00,0.00,-0.00,-0.00,0.00,0.00,0.00,10.00
31142.00,0.00,0.00,0.00,-0.00,-0.00,0.00,-0.00,-0.00,0.00,0.00,-0.00,-0.00,-0.00,0.00,0.00,10.00
31152.00,0.00,0.00,0.00,-0.00,-0.00,0.00,-0.00,-0.00,0.00,0.00,-0.00,-0.00,-0.00,0.00,0.00,10.00
31162.00,0.00,0.00,0.00,-0.00,-0.00,0.00,-0.00,-0.00,0.00,0.00,-0.00,-0.00,0.00,-0.00,0.00,10.00
31172.00,0.00,0.00,0.00,-0.00,-0.00,0.00,-0.00,-0.00,0.00,0.00,-0.00,-0.00,0.00,0.00,0.00,10.00
31182.00,0.00,0.00,0.00,-0.00,-0.00,0.00,-0.00,-0.00,0.00,0.00,-0.00,-0.00,-0.00,-0.00,0.00,10.00
31192.00,0.00,0.00,0.00,-0.00,-0.00,0.00,-0.00,-0.00,0.00,0.00,-0.00,-0.00,-0.00,-0.00,0.00,10.00
31202.00,0.00,0.00,0.00,-0.00,-0.00,0.00,-0.00,-0.00,0.00,0.00,-0.00,-0.00,-0.00,-0.00,0.00,10.00
31212.00,0.00,0.00,0.00,-0.00,-0.00,0.00,-0.00,-0.00,0.00,0.00,-0.00,-0.00,0.00,0.00,-0.00,16.00
31232.00,0.00,0.00,0.00,-0.00,-0.00,0.00,-0.00,-0.00,0.00,0.00,-0.00,-0.00,-0.00,0.00,-0.00,10.00
31242.00,0.00,0.00,0.00,-0.00,-0.00,0.00,-0.00,-0.00,0.00,0.00,-0.00,-0.00,-0.00,0.00,0.00,10.00
31252.00,0.00,0.00,0.00,-0.00,-0.00,0.00,-0.00,-0.00,0.00,0.00,-0.00,-0.00,-0.00,-0.00,0.00,10.00
31262.00,0.00,0.00,0.00,0.00,0.00,0.00,0.00,0.00,0.00,0.00,-0.00,-0.00,0.00,0.00,0.00,10.00
31272.00,0.00,0.00,0.00,0.00,0.00,0.00,0.00,0.00,0.00,0.00,-0.00,-0.00,0.00,-0.00,-0.00,10.00
31282.00,0.00,0.00,0.00,0.00,0.00,0.00,0.00,0.00,0.00,0.00,-0.00,-0.00,-0.00,0.00,0.00,10.00
31292.00,0.00,0.00,0.00,0.00,0.00,0.00,0.00,0.00,0.00,0.00,-0.00,-0.00,0.00,0.00,-0.00,10.00
31302.00,0.00,0.00,0.00,0.00,0.00,0.00,0.00,0.00,0.00,0.00,-0.00,-0.00,0.00,0.00,0.00,15.00
31317.00,0.00,0.00,0.00,0.00,0.00,0.00,0.00,0.00,0.00,0.00,-0.00,-0.00,-0.00,-0.00,0.00,10.00
31327.00,0.00,0.00,0.00,0.00,0.00,0.00,0.00,0.00,0.00,-0.00,-0.00,-0.00,-0.00,-0.00,0.00,10.00
31342.00,0.00,0.00,0.00,0.00,0.00,0.00,0.00,0.00,0.00,0.00,-0.00,-0.00,0.00,0.00,0.00,10.00
31352.00,0.00,0.00,0.00,0.00,0.00,0.00,0.00,0.00,0.00,0.00,-0.00,-0.00,-0.00,0.00,0.00,10.00
31362.00,0.00,0.00,0.00,0.00,0.00,0.00,0.00,0.00,0.00,-0.00,-0.00,-0.00,-0.00,-0.00,0.00,10.00
31372.00,0.00,0.00,0.00,0.00,0.00,0.00,0.00,0.00,0.00,-0.00,-0.00,-0.00,-0.00,0.00,0.00,10.00
31382.00,0.00,0.00,0.00,0.00,0.00,0.00,0.00,0.00,0.00,-0.00,-0.00,-0.00,-0.00,-0.00,0.00,10.00
31392.00,0.00,0.00,0.00,0.00,0.00,0.00,0.00,0.00,0.00,-0.00,-0.00,-0.00,-0.00,0.00,0.00,10.00
31402.00,0.00,0.00,0.00,0.00,0.00,0.00,0.00,0.00,0.00,-0.00,-0.00,-0.00,-0.00,-0.00,-0.00,10.00
31412.00,0.00,0.00,0.00,0.00,0.00,0.00,0.00,0.00,0.00,-0.00,-0.00,-0.00,0.00,0.00,0.00,16.00
31428.00,0.00,0.00,0.00,0.00,0.00,0.00,0.00,0.00,0.00,-0.00,-0.00,-0.00,0.00,0.00,0.00,10.00
31438.00,0.00,0.00,0.00,0.00,0.00,0.00,0.00,0.00,0.00,-0.00,-0.00,-0.00,0.00,0.00,0.00,10.00
31453.00,0.00,0.00,0.00,0.00,0.00,0.00,0.00,0.00,0.00,-0.00,-0.00,-0.00,0.00,0.00,0.00,10.00
31463.00,0.00,0.00,0.00,0.00,0.00,0.00,0.00,0.00,0.00,0.00,-0.00,-0.00,0.00,0.00,0.00,10.00
31473.00,0.00,0.00,0.00,0.00,0.00,0.00,0.00,0.00,0.00,0.00,-0.00,-0.00,0.00,0.00,0.00,10.00
31483.00,0.00,0.00,0.00,0.00,0.00,0.00,0.00,0.00,0.00,-0.00,-0.00,-0.00,-0.00,0.00,0.00,10.00
31493.00,0.00,0.00,0.00,0.00,0.00,0.00,0.00,0.00,0.00,0.00,-0.00,-0.00,0.00,0.00,0.00,10.00
31503.00,0.00,0.00,0.00,0.00,0.00,0.00,0.00,0.00,0.00,0.00,-0.00,-0.00,0.00,-0.00,0.00,10.00
31513.00,0.00,0.00,0.00,0.00,0.00,0.00,0.00,0.00,0.00,0.00,-0.00,-0.00,0.00,0.00,0.00,15.00
31528.00,0.00,0.00,0.00,0.00,0.00,0.00,0.00,0.00,0.00,0.00,-0.00,-0.00,0.00,-0.00,0.00,10.00
31538.00,0.00,0.00,0.00,0.00,0.00,0.00,0.00,0.00,0.00,0.00,-0.00,-0.00,0.00,0.00,0.00,10.00
31548.00,0.00,0.00,0.00,0.00,0.00,0.00,0.00,0.00,0.00,0.00,-0.00,-0.00,-0.00,0.00,0.00,10.00
31563.00,0.00,0.00,0.00,0.00,0.00,0.00,0.00,0.00,0.00,-0.00,-0.00,-0.00,-0.00,-0.00,0.00,10.00
31573.00,0.00,0.00,0.00,0.00,0.00,0.00,0.00,0.00,0.00,0.00,-0.00,-0.00,0.00,-0.00,0.00,10.00
31583.00,0.00,0.00,0.00,0.00,0.00,0.00,0.00,0.00,0.00,0.00,-0.00,-0.00,0.00,-0.00,0.00,10.00
31593.00,0.00,0.00,0.00,0.00,0.00,0.00,0.00,0.00,0.00,0.00,-0.00,-0.00,0.00,0.00,-0.00,10.00
31603.00,0.00,0.00,0.00,0.00,0.00,0.00,0.00,0.00,0.00,0.00,-0.00,-0.00,0.00,-0.00,-0.00,16.00
31619.00,0.00,0.00,0.00,0.00,0.00,0.00,0.00,0.00,0.00,0.00,-0.00,-0.00,-0.00,0.00,0.00,10.00
31629.00,0.00,0.00,0.00,0.00,0.00,0.00,0.00,0.00,0.00,0.00,-0.00,-0.00,-0.00,0.00,0.00,10.00
31639.00,0.00,0.00,0.00,0.00,0.00,0.00,0.00,0.00,0.00,-0.00,-0.00,-0.00,-0.00,-0.00,0.00,10.00
31649.00,0.00,0.00,0.00,0.00,0.00,0.00,0.00,0.00,0.00,-0.00,-0.00,-0.00,-0.00,-0.00,0.00,10.00
31659.00,0.00,0.00,0.00,0.00,0.00,0.00,0.00,0.00,0.00,-0.00,-0.00,-0.00,0.00,-0.00,0.00,10.00
31674.00,0.00,0.00,0.00,-0.00,-0.00,0.00,-0.00,-0.00,0.00,-0.00,-0.00,-0.00,-0.00,-0.00,0.00,10.00
31684.00,0.00,0.00,0.00,-0.00,-0.00,0.00,-0.00,-0.00,0.00,-0.00,-0.00,-0.00,0.00,-0.00,0.00,10.00
31694.00,0.00,0.00,0.00,-0.00,-0.00,0.00,-0.00,-0.00,0.00,-0.00,-0.00,-0.00,0.00,-0.00,0.00,10.00
31704.00,0.00,0.00,0.00,-0.00,-0.00,0.00,-0.00,-0.00,0.00,-0.00,-0.00,-0.00,0.00,0.00,-0.00,10.00
31714.00,0.00,0.00,0.00,-0.00,-0.00,0.00,-0.00,-0.00,0.00,-0.00,-0.00,-0.00,-0.00,-0.00,0.00,15.00
31729.00,0.00,0.00,0.00,-0.00,-0.00,0.00,-0.00,-0.00,0.00,-0.00,-0.00,-0.00,-0.00,-0.00,-0.00,10.00
31739.00,0.00,0.00,0.00,-0.00,-0.00,0.00,-0.00,-0.00,0.00,-0.00,-0.00,-0.00,-0.00,-0.00,0.00,10.00
31749.00,0.00,0.00,0.00,-0.00,-0.00,0.00,-0.00,-0.00,0.00,-0.00,-0.00,-0.00,0.00,0.00,0.00,10.00
31759.00,0.00,0.00,0.00,-0.00,-0.00,0.00,-0.00,-0.00,0.00,-0.00,-0.00,-0.00,0.00,-0.00,0.00,10.00
31769.00,0.00,0.00,0.00,-0.00,-0.00,0.00,-0.00,-0.00,0.00,-0.00,-0.00,-0.00,0.00,-0.00,0.00,10.00
31784.00,0.00,0.00,0.00,-0.00,-0.00,0.00,-0.00,-0.00,0.00,-0.00,-0.00,-0.00,-0.00,-0.00,0.00,10.00
31794.00,0.00,0.00,0.00,-0.00,-0.00,0.00,-0.00,-0.00,0.00,-0.00,-0.00,-0.00,0.00,0.00,0.00,10.00
31804.00,0.00,0.00,0.00,-0.00,-0.00,0.00,-0.00,-0.00,0.00,-0.00,-0.00,-0.00,0.00,0.00,0.00,10.00
31814.00,0.00,0.00,0.00,-0.00,-0.00,0.00,-0.00,-0.00,0.00,-0.00,-0.00,-0.00,0.00,0.00,0.00,15.00
31829.00,0.00,0.00,0.00,-0.00,-0.00,0.00,-0.00,-0.00,0.00,-0.00,-0.00,-0.00,0.00,-0.00,0.00,10.00
31839.00,0.00,0.00,0.00,-0.00,-0.00,0.00,-0.00,-0.00,0.00,-0.00,-0.00,-0.00,0.00,0.00,0.00,10.00
31849.00,0.00,0.00,0.00,-0.00,-0.00,0.00,-0.00,-0.00,0.00,0.00,-0.00,-0.00,0.00,0.00,0.00,10.00
31859.00,0.00,0.00,0.00,-0.00,-0.00,0.00,-0.00,-0.00,0.00,0.00,-0.00,-0.00,0.00,-0.00,-0.00,10.00
31869.00,0.00,0.00,0.00,-0.00,-0.00,0.00,-0.00,-0.00,0.00,0.00,-0.00,-0.00,0.00,0.00,-0.00,10.00
31879.00,0.00,0.00,0.00,0.00,0.00,0.00,0.00,0.00,-0.00,0.00,-0.00,-0.00,0.00,0.00,-0.00,10.00
31898.00,0.00,0.00,0.00,0.00,0.00,0.00,0.00,0.00,-0.00,0.00,-0.00,-0.00,0.00,0.00,0.00,16.00
31914.00,0.00,0.00,0.00,0.00,0.00,0.00,0.00,0.00,-0.00,0.00,-0.00,-0.00,0.00,0.00,-0.00,10.00
31924.00,0.00,0.00,0.00,0.00,0.00,0.00,0.00,0.00,-0.00,0.00,-0.00,-0.00,0.00,0.00,0.00,10.00
31934.00,0.00,0.00,0.00,0.00,0.00,0.00,0.00,0.00,-0.00,0.00,-0.00,-0.00,0.00,0.00,0.00,10.00
31944.00,0.00,0.00,0.00,0.00,0.00,0.00,0.00,0.00,-0.00,0.00,-0.00,-0.00,0.00,-0.00,0.00,10.00
31954.00,0.00,0.00,0.00,0.00,0.00,0.00,0.00,0.00,-0.00,0.00,-0.00,-0.00,-0.00,-0.00,0.00,10.00
31964.00,0.00,0.00,0.00,0.00,0.00,0.00,0.00,0.00,-0.00,0.00,-0.00,-0.00,0.00,-0.00,0.00,10.00
31974.00,0.00,0.00,0.00,0.00,0.00,0.00,0.00,0.00,-0.00,0.00,-0.00,-0.00,-0.00,-0.00,0.00,10.00
31984.00,0.00,0.00,0.00,0.00,0.00,0.00,0.00,0.00,-0.00,0.00,-0.00,-0.00,0.00,0.00,0.00,10.00
31994.00,0.00,0.00,0.00,0.00,0.00,0.00,0.00,0.00,-0.00,0.00,-0.00,-0.00,0.00,-0.00,0.00,10.00
32009.00,0.00,0.00,0.00,0.00,0.00,0.00,0.00,0.00,-0.00,0.00,-0.00,-0.00,0.00,0.00,0.00,18.00
32027.00,0.00,0.00,0.00,0.00,0.00,0.00,0.00,0.00,-0.00,0.00,-0.00,-0.00,0.00,0.00,-0.00,10.00
32037.00,0.00,0.00,0.00,0.00,0.00,0.00,0.00,0.00,-0.00,0.00,-0.00,-0.00,-0.00,0.00,0.00,10.00
32047.00,0.00,0.00,0.00,0.00,0.00,0.00,0.00,0.00,-0.00,0.00,-0.00,-0.00,0.00,0.00,0.00,10.00
32057.00,0.00,0.00,0.00,0.00,0.00,0.00,0.00,0.00,-0.00,0.00,-0.00,-0.00,-0.00,0.00,0.00,10.00
32067.00,0.00,0.00,0.00,0.00,0.00,0.00,0.00,0.00,-0.00,0.00,-0.00,-0.00,-0.00,0.00,0.00,10.00
32077.00,0.00,0.00,0.00,0.00,0.00,0.00,0.00,0.00,-0.00,0.00,-0.00,-0.00,0.00,0.00,0.00,10.00
32087.00,0.00,0.00,0.00,0.00,0.00,-0.00,0.00,-0.00,-0.00,0.00,-0.00,-0.00,0.00,0.00,-0.00,10.00
32097.00,0.00,0.00,0.00,0.00,0.00,-0.00,0.00,-0.00,-0.00,0.00,-0.00,-0.00,-0.00,0.00,0.00,16.00
32113.00,0.00,0.00,0.00,0.00,0.00,-0.00,0.00,-0.00,-0.00,0.00,-0.00,-0.00,0.00,0.00,-0.00,10.00
32127.00,0.00,0.00,0.00,0.00,0.00,-0.00,0.00,-0.00,-0.00,0.00,-0.00,-0.00,-0.00,0.00,0.00,10.00
32137.00,0.00,0.00,0.00,0.00,0.00,-0.00,0.00,-0.00,-0.00,0.00,-0.00,-0.00,-0.00,-0.00,-0.00,10.00
32147.00,0.00,0.00,0.00,0.00,0.00,-0.00,0.00,-0.00,-0.00,0.00,-0.00,-0.00,0.00,-0.00,0.00,10.00
32157.00,0.00,0.00,0.00,0.00,0.00,-0.00,0.00,-0.00,-0.00,0.00,-0.00,-0.00,0.00,0.00,0.00,10.00
32167.00,0.00,0.00,0.00,0.00,0.00,-0.00,0.00,-0.00,-0.00,0.00,-0.00,-0.00,0.00,0.00,0.00,10.00
32177.00,0.00,0.00,0.00,0.00,0.00,-0.00,0.00,-0.00,-0.00,0.00,-0.00,-0.00,0.00,-0.00,0.00,10.00
32187.00,0.00,0.00,0.00,0.00,0.00,-0.00,0.00,-0.00,-0.00,0.00,-0.00,-0.00,0.00,-0.00,0.00,10.00
32197.00,0.00,0.00,0.00,0.00,0.00,-0.00,0.00,-0.00,-0.00,0.00,-0.00,-0.00,0.00,-0.00,0.00,10.00
32207.00,0.00,0.00,0.00,0.00,0.00,-0.00,0.00,-0.00,-0.00,0.00,-0.00,-0.00,-0.00,-0.00,0.00,17.00
32224.00,0.00,0.00,0.00,0.00,0.00,-0.00,0.00,-0.00,-0.00,0.00,-0.00,-0.00,0.00,-0.00,0.00,10.00
32239.00,0.00,0.00,0.00,0.00,0.00,-0.00,0.00,-0.00,-0.00,0.00,-0.00,-0.00,-0.00,0.00,-0.00,10.00
32249.00,0.00,0.00,0.00,0.00,0.00,-0.00,0.00,-0.00,-0.00,0.00,-0.00,-0.00,0.00,0.00,0.00,10.00
32259.00,0.00,0.00,0.00,0.00,0.00,-0.00,0.00,-0.00,-0.00,0.00,-0.00,-0.00,-0.00,0.00,0.00,10.00
32269.00,0.00,0.00,0.00,0.00,0.00,-0.00,0.00,-0.00,-0.00,0.00,-0.00,-0.00,-0.00,-0.00,0.00,10.00
32279.00,0.00,0.00,0.00,0.00,0.00,-0.00,0.00,-0.00,-0.00,0.00,-0.00,-0.00,0.00,-0.00,0.00,10.00
32289.00,0.00,0.00,0.00,-0.00,0.00,0.00,-0.00,0.00,0.00,0.00,-0.00,-0.00,-0.00,0.00,0.00,10.00
32299.00,0.00,0.00,0.00,-0.00,0.00,0.00,-0.00,0.00,0.00,0.00,-0.00,-0.00,0.00,0.00,0.00,15.00
32314.00,0.00,0.00,0.00,-0.00,0.00,0.00,-0.00,0.00,0.00,0.00,-0.00,-0.00,0.00,-0.00,0.00,10.00
32324.00,0.00,0.00,0.00,-0.00,0.00,0.00,-0.00,0.00,0.00,0.00,-0.00,-0.00,0.00,0.00,0.00,10.00
32334.00,0.00,0.00,0.00,-0.00,0.00,0.00,-0.00,0.00,0.00,0.00,-0.00,-0.00,-0.00,0.00,0.00,10.00
32349.00,0.00,0.00,0.00,-0.00,0.00,0.00,-0.00,0.00,0.00,0.00,-0.00,-0.00,0.00,0.00,-0.00,10.00
32359.00,0.00,0.00,0.00,-0.00,0.00,0.00,-0.00,0.00,0.00,0.00,-0.00,-0.00,-0.00,0.00,0.00,10.00
32369.00,0.00,0.00,0.00,-0.00,0.00,0.00,-0.00,0.00,0.00,0.00,-0.00,-0.00,-0.00,-0.00,0.00,10.00
32379.00,0.00,0.00,0.00,-0.00,0.00,0.00,-0.00,0.00,0.00,0.00,-0.00,-0.00,-0.00,-0.00,0.00,10.00
32389.00,0.00,0.00,0.00,-0.00,0.00,0.00,-0.00,0.00,0.00,0.00,-0.00,-0.00,0.00,0.00,-0.00,10.00
32399.00,0.00,0.00,0.00,-0.00,0.00,0.00,-0.00,0.00,0.00,0.00,-0.00,-0.00,-0.00,0.00,0.00,10.00
32409.00,0.00,0.00,0.00,-0.00,0.00,0.00,-0.00,0.00,0.00,0.00,-0.00,-0.00,0.00,0.00,-0.00,19.00
32428.00,0.00,0.00,0.00,-0.00,0.00,0.00,-0.00,0.00,0.00,0.00,-0.00,-0.00,0.00,0.00,0.00,10.00
32438.00,0.00,0.00,0.00,-0.00,0.00,0.00,-0.00,0.00,0.00,0.00,-0.00,-0.00,-0.00,0.00,0.00,10.00
32448.00,0.00,0.00,0.00,-0.00,0.00,0.00,-0.00,0.00,0.00,0.00,-0.00,-0.00,-0.00,-0.00,0.00,10.00
32463.00,0.00,0.00,0.00,-0.00,0.00,0.00,-0.00,0.00,0.00,0.00,-0.00,-0.00,-0.00,0.00,-0.00,10.00
32473.00,0.00,0.00,0.00,-0.00,0.00,0.00,-0.00,0.00,0.00,0.00,-0.00,-0.00,0.00,0.00,0.00,10.00
32483.00,0.00,0.00,0.00,-0.00,0.00,0.00,-0.00,0.00,0.00,0.00,-0.00,-0.00,0.00,0.00,0.00,10.00
32493.00,0.00,0.00,0.00,0.00,0.00,0.00,0.00,0.00,-0.00,0.00,-0.00,-0.00,-0.00,0.00,-0.00,10.00
32503.00,0.00,0.00,0.00,0.00,0.00,0.00,0.00,0.00,-0.00,0.00,-0.00,-0.00,-0.00,-0.00,-0.00,10.00
32513.00,0.00,0.00,0.00,0.00,0.00,0.00,0.00,0.00,-0.00,0.00,-0.00,-0.00,-0.00,-0.00,-0.00,17.00
32530.00,0.00,0.00,0.00,0.00,0.00,0.00,0.00,0.00,-0.00,-0.00,-0.00,-0.00,-0.00,-0.00,0.00,10.00
32540.00,0.00,0.00,0.00,0.00,0.00,0.00,0.00,0.00,-0.00,-0.00,-0.00,-0.00,-0.00,-0.00,-0.00,10.00
32550.00,0.00,0.00,0.00,0.00,0.00,0.00,0.00,0.00,-0.00,-0.00,-0.00,-0.00,0.00,0.00,-0.00,10.00
32560.00,0.00,0.00,0.00,0.00,0.00,0.00,0.00,0.00,-0.00,-0.00,-0.00,-0.00,-0.00,0.00,0.00,10.00
32575.00,0.00,0.00,0.00,0.00,0.00,0.00,0.00,0.00,-0.00,-0.00,-0.00,-0.00,0.00,-0.00,0.00,10.00
32585.00,0.00,0.00,0.00,0.00,0.00,0.00,0.00,0.00,-0.00,-0.00,-0.00,-0.00,0.00,0.00,-0.00,10.00
32595.00,0.00,0.00,0.00,0.00,0.00,0.00,0.00,0.00,-0.00,-0.00,-0.00,-0.00,0.00,0.00,0.00,10.00
32605.00,0.00,0.00,0.00,0.00,0.00,0.00,0.00,0.00,-0.00,-0.00,-0.00,-0.00,0.00,0.00,-0.00,16.00
32621.00,0.00,0.00,0.00,0.00,0.00,0.00,0.00,0.00,-0.00,-0.00,-0.00,-0.00,0.00,0.00,0.00,10.00
32631.00,0.00,0.00,0.00,0.00,0.00,0.00,0.00,0.00,-0.00,-0.00,-0.00,-0.00,-0.00,0.00,0.00,10.00
32641.00,0.00,0.00,0.00,0.00,0.00,0.00,0.00,0.00,-0.00,-0.00,-0.00,-0.00,0.00,-0.00,-0.00,10.00
32651.00,0.00,0.00,0.00,0.00,0.00,0.00,0.00,0.00,-0.00,-0.00,-0.00,-0.00,0.00,0.00,-0.00,10.00
32661.00,0.00,0.00,0.00,0.00,0.00,0.00,0.00,0.00,-0.00,-0.00,-0.00,-0.00,-0.00,0.00,-0.00,10.00
32671.00,0.00,0.00,0.00,0.00,0.00,0.00,0.00,0.00,-0.00,-0.00,-0.00,-0.00,0.00,-0.00,0.00,10.00
32686.00,0.00,0.00,0.00,0.00,0.00,0.00,0.00,0.00,-0.00,-0.00,-0.00,-0.00,0.00,0.00,0.00,10.00
32696.00,0.00,0.00,0.00,-0.00,0.00,-0.00,-0.00,-0.00,-0.00,-0.00,-0.00,-0.00,-0.00,0.00,-0.00,15.00
32711.00,0.00,0.00,0.00,-0.00,0.00,-0.00,-0.00,-0.00,-0.00,-0.00,-0.00,-0.00,-0.00,0.00,-0.00,10.00
32721.00,0.00,0.00,0.00,-0.00,0.00,-0.00,-0.00,-0.00,-0.00,-0.00,-0.00,-0.00,-0.00,0.00,0.00,10.00
32731.00,0.00,0.00,0.00,-0.00,0.00,-0.00,-0.00,-0.00,-0.00,-0.00,-0.00,-0.00,0.00,0.00,-0.00,10.00
32741.00,0.00,0.00,0.00,-0.00,0.00,-0.00,-0.00,-0.00,-0.00,-0.00,-0.00,-0.00,-0.00,-0.00,-0.00,10.00
32751.00,0.00,0.00,0.00,-0.00,0.00,-0.00,-0.00,-0.00,-0.00,-0.00,-0.00,-0.00,0.00,-0.00,0.00,10.00
32761.00,0.00,0.00,0.00,-0.00,0.00,-0.00,-0.00,-0.00,-0.00,-0.00,-0.00,-0.00,0.00,-0.00,-0.00,10.00
32771.00,0.00,0.00,0.00,-0.00,0.00,-0.00,-0.00,-0.00,-0.00,-0.00,-0.00,-0.00,-0.00,-0.00,0.00,10.00
32781.00,0.00,0.00,0.00,-0.00,0.00,-0.00,-0.00,-0.00,-0.00,-0.00,-0.00,-0.00,0.00,-0.00,-0.00,10.00
32800.00,0.00,0.00,0.00,-0.00,0.00,-0.00,-0.00,-0.00,-0.00,-0.00,-0.00,-0.00,-0.00,0.00,-0.00,17.00
32817.00,0.00,0.00,0.00,-0.00,0.00,-0.00,-0.00,-0.00,-0.00,-0.00,-0.00,-0.00,-0.00,-0.00,-0.00,10.00
32827.00,0.00,0.00,0.00,-0.00,0.00,-0.00,-0.00,-0.00,-0.00,-0.00,-0.00,-0.00,0.00,-0.00,-0.00,10.00
32837.00,0.00,0.00,0.00,-0.00,0.00,-0.00,-0.00,-0.00,-0.00,-0.00,-0.00,-0.00,0.00,-0.00,0.00,10.00
32847.00,0.00,0.00,0.00,-0.00,0.00,-0.00,-0.00,-0.00,-0.00,-0.00,-0.00,-0.00,0.00,-0.00,0.00,10.00
32857.00,0.00,0.00,0.00,-0.00,0.00,-0.00,-0.00,-0.00,-0.00,-0.00,-0.00,-0.00,-0.00,0.00,-0.00,10.00
32867.00,0.00,0.00,0.00,-0.00,0.00,-0.00,-0.00,-0.00,-0.00,-0.00,-0.00,-0.00,0.00,0.00,-0.00,10.00
32877.00,0.00,0.00,0.00,-0.00,0.00,-0.00,-0.00,-0.00,-0.00,-0.00,-0.00,-0.00,0.00,0.00,0.00,10.00
32887.00,0.00,0.00,0.00,-0.00,0.00,-0.00,-0.00,-0.00,-0.00,-0.00,-0.00,-0.00,-0.00,0.00,0.00,10.00
32897.00,0.00,0.00,0.00,-0.00,-0.00,0.00,-0.00,-0.00,0.00,-0.00,-0.00,-0.00,-0.00,-0.00,0.00,15.00
32917.00,0.00,0.00,0.00,-0.00,-0.00,0.00,-0.00,-0.00,0.00,-0.00,-0.00,-0.00,0.00,0.00,0.00,10.00
32927.00,0.00,0.00,0.00,-0.00,-0.00,0.00,-0.00,-0.00,0.00,-0.00,-0.00,-0.00,0.00,0.00,0.00,10.00
32937.00,0.00,0.00,0.00,-0.00,-0.00,0.00,-0.00,-0.00,0.00,-0.00,-0.00,-0.00,0.00,0.00,0.00,10.00
32947.00,0.00,0.00,0.00,-0.00,-0.00,0.00,-0.00,-0.00,0.00,-0.00,-0.00,-0.00,0.00,-0.00,-0.00,10.00
32957.00,0.00,0.00,0.00,-0.00,-0.00,0.00,-0.00,-0.00,0.00,-0.00,-0.00,-0.00,0.00,-0.00,0.00,10.00
32967.00,0.00,0.00,0.00,-0.00,-0.00,0.00,-0.00,-0.00,0.00,-0.00,-0.00,-0.00,0.00,0.00,-0.00,10.00
32977.00,0.00,0.00,0.00,-0.00,-0.00,0.00,-0.00,-0.00,0.00,-0.00,-0.00,-0.00,0.00,-0.00,-0.00,10.00
32987.00,0.00,0.00,0.00,-0.00,-0.00,0.00,-0.00,-0.00,0.00,-0.00,-0.00,-0.00,0.00,0.00,0.00,10.00
32997.00,0.00,0.00,0.00,-0.00,-0.00,0.00,-0.00,-0.00,0.00,-0.00,-0.00,-0.00,0.00,0.00,0.00,15.00
33012.00,0.00,0.00,0.00,-0.00,-0.00,0.00,-0.00,-0.00,0.00,0.00,-0.00,-0.00,0.00,-0.00,0.00,10.00
33026.00,0.00,0.00,0.00,-0.00,-0.00,0.00,-0.00,-0.00,0.00,0.00,-0.00,-0.00,0.00,0.00,0.00,10.00
33036.00,0.00,0.00,0.00,-0.00,-0.00,0.00,-0.00,-0.00,0.00,0.00,-0.00,-0.00,-0.00,0.00,0.00,10.00
33046.00,0.00,0.00,0.00,-0.00,-0.00,0.00,-0.00,-0.00,0.00,0.00,-0.00,-0.00,0.00,-0.00,0.00,10.00
33056.00,0.00,0.00,0.00,-0.00,-0.00,0.00,-0.00,-0.00,0.00,0.00,-0.00,-0.00,0.00,0.00,0.00,10.00
33066.00,0.00,0.00,0.00,-0.00,-0.00,0.00,-0.00,-0.00,0.00,0.00,-0.00,-0.00,0.00,0.00,0.00,10.00
33076.00,0.00,0.00,0.00,-0.00,-0.00,0.00,-0.00,-0.00,0.00,0.00,-0.00,-0.00,0.00,0.00,0.00,10.00
33086.00,0.00,0.00,0.00,-0.00,-0.00,0.00,-0.00,-0.00,0.00,0.00,-0.00,-0.00,0.00,-0.00,0.00,10.00
33096.00,0.00,0.00,0.00,-0.00,-0.00,0.00,-0.00,-0.00,0.00,0.00,-0.00,-0.00,0.00,-0.00,0.00,16.00
33112.00,0.00,0.00,0.00,0.00,0.00,-0.00,0.00,0.00,-0.00,0.00,-0.00,-0.00,0.00,0.00,-0.00,10.00
33122.00,0.00,0.00,0.00,0.00,0.00,-0.00,0.00,0.00,-0.00,0.00,-0.00,-0.00,0.00,0.00,0.00,10.00
33137.00,0.00,0.00,0.00,0.00,0.00,-0.00,0.00,0.00,-0.00,0.00,-0.00,-0.00,-0.00,-0.00,0.00,10.00
33147.00,0.00,0.00,0.00,0.00,0.00,-0.00,0.00,0.00,-0.00,0.00,-0.00,-0.00,0.00,0.00,0.00,10.00
33157.00,0.00,0.00,0.00,0.00,0.00,-0.00,0.00,0.00,-0.00,0.00,-0.00,-0.00,0.00,-0.00,0.00,10.00
33167.00,0.00,0.00,0.00,0.00,0.00,-0.00,0.00,0.00,-0.00,0.00,-0.00,-0.00,0.00,-0.00,0.00,10.00
33177.00,0.00,0.00,0.00,0.00,0.00,-0.00,0.00,0.00,-0.00,0.00,-0.00,-0.00,-0.00,0.00,0.00,10.00
33187.00,0.00,0.00,0.00,0.00,0.00,-0.00,0.00,0.00,-0.00,0.00,-0.00,-0.00,0.00,-0.00,0.00,10.00
33197.00,0.00,0.00,0.00,0.00,0.00,-0.00,0.00,0.00,-0.00,0.00,-0.00,-0.00,-0.00,0.00,0.00,10.00
33207.00,0.00,0.00,0.00,0.00,0.00,-0.00,0.00,0.00,-0.00,0.00,-0.00,-0.00,0.00,0.00,0.00,16.00
33223.00,0.00,0.00,0.00,0.00,0.00,-0.00,0.00,0.00,-0.00,0.00,-0.00,-0.00,-0.00,-0.00,0.00,10.00
33233.00,0.00,0.00,0.00,0.00,0.00,-0.00,0.00,0.00,-0.00,0.00,-0.00,-0.00,0.00,-0.00,0.00,10.00
33248.00,0.00,0.00,0.00,0.00,0.00,-0.00,0.00,0.00,-0.00,0.00,-0.00,-0.00,0.00,-0.00,0.00,10.00
33258.00,0.00,0.00,0.00,0.00,0.00,-0.00,0.00,0.00,-0.00,0.00,-0.00,-0.00,0.00,0.00,0.00,10.00
33268.00,0.00,0.00,0.00,0.00,0.00,-0.00,0.00,0.00,-0.00,0.00,-0.00,-0.00,0.00,0.00,0.00,10.00
33278.00,0.00,0.00,0.00,0.00,0.00,-0.00,0.00,0.00,-0.00,0.00,-0.00,-0.00,0.00,0.00,0.00,10.00
33288.00,0.00,0.00,0.00,0.00,0.00,-0.00,0.00,0.00,-0.00,0.00,-0.00,-0.00,0.00,0.00,0.00,10.00
33298.00,0.00,0.00,0.00,0.00,0.00,-0.00,0.00,0.00,-0.00,0.00,-0.00,-0.00,0.00,-0.00,-0.00,10.00
33308.00,0.00,0.00,0.00,0.00,0.00,-0.00,0.00,0.00,-0.00,0.00,-0.00,-0.00,0.00,-0.00,0.00,15.00
33323.00,0.00,0.00,0.00,0.00,-0.00,0.00,0.00,-0.00,0.00,0.00,-0.00,-0.00,0.00,-0.00,0.00,10.00
33333.00,0.00,0.00,0.00,0.00,-0.00,0.00,0.00,-0.00,0.00,0.00,-0.00,-0.00,0.00,-0.00,0.00,10.00
33343.00,0.00,0.00,0.00,0.00,-0.00,0.00,0.00,-0.00,0.00,0.00,-0.00,-0.00,0.00,-0.00,0.00,10.00
33357.00,0.00,0.00,0.00,0.00,-0.00,0.00,0.00,-0.00,0.00,0.00,-0.00,-0.00,-0.00,0.00,-0.00,10.00
33367.00,0.00,0.00,0.00,0.00,-0.00,0.00,0.00,-0.00,0.00,0.00,-0.00,-0.00,-0.00,0.00,-0.00,10.00
33377.00,0.00,0.00,0.00,0.00,-0.00,0.00,0.00,-0.00,0.00,0.00,-0.00,-0.00,0.00,0.00,0.00,10.00
33387.00,0.00,0.00,0.00,0.00,-0.00,0.00,0.00,-0.00,0.00,0.00,-0.00,-0.00,0.00,-0.00,0.00,10.00
33397.00,0.00,0.00,0.00,0.00,-0.00,0.00,0.00,-0.00,0.00,0.00,-0.00,-0.00,-0.00,-0.00,0.00,16.00
33413.00,0.00,0.00,0.00,0.00,-0.00,0.00,0.00,-0.00,0.00,0.00,-0.00,-0.00,-0.00,0.00,0.00,10.00
33423.00,0.00,0.00,0.00,0.00,-0.00,0.00,0.00,-0.00,0.00,0.00,-0.00,-0.00,-0.00,-0.00,-0.00,10.00
33433.00,0.00,0.00,0.00,0.00,-0.00,0.00,0.00,-0.00,0.00,0.00,-0.00,-0.00,0.00,0.00,-0.00,10.00
33443.00,0.00,0.00,0.00,0.00,-0.00,0.00,0.00,-0.00,0.00,0.00,-0.00,-0.00,0.00,0.00,-0.00,10.00
33453.00,0.00,0.00,0.00,0.00,-0.00,0.00,0.00,-0.00,0.00,0.00,-0.00,-0.00,0.00,0.00,-0.00,10.00
33467.00,0.00,0.00,0.00,0.00,-0.00,0.00,0.00,-0.00,0.00,0.00,-0.00,-0.00,0.00,-0.00,-0.00,10.00
33477.00,0.00,0.00,0.00,0.00,-0.00,0.00,0.00,-0.00,0.00,0.00,-0.00,-0.00,0.00,-0.00,-0.00,10.00
33487.00,0.00,0.00,0.00,0.00,-0.00,0.00,0.00,-0.00,0.00,0.00,-0.00,-0.00,-0.00,0.00,-0.00,10.00
33497.00,0.00,0.00,0.00,0.00,-0.00,0.00,0.00,-0.00,0.00,0.00,-0.00,-0.00,-0.00,0.00,-0.00,16.00
33513.00,0.00,0.00,0.00,0.00,-0.00,0.00,0.00,-0.00,0.00,0.00,-0.00,-0.00,0.00,0.00,-0.00,10.00
33523.00,0.00,0.00,0.00,0.00,-0.00,-0.00,-0.00,0.00,-0.00,0.00,-0.00,-0.00,0.00,-0.00,-0.00,10.00
33533.00,0.00,0.00,0.00,0.00,-0.00,-0.00,-0.00,0.00,-0.00,0.00,-0.00,-0.00,-0.00,0.00,-0.00,10.00
33543.00,0.00,0.00,0.00,0.00,-0.00,-0.00,-0.00,0.00,-0.00,0.00,-0.00,-0.00,0.00,0.00,0.00,10.00
33553.00,0.00,0.00,0.00,0.00,-0.00,-0.00,-0.00,0.00,-0.00,0.00,-0.00,-0.00,0.00,0.00,-0.00,10.00
33563.00,0.00,0.00,0.00,0.00,-0.00,-0.00,-0.00,0.00,-0.00,0.00,-0.00,-0.00,-0.00,0.00,0.00,10.00
33578.00,0.00,0.00,0.00,0.00,-0.00,-0.00,-0.00,0.00,-0.00,0.00,-0.00,-0.00,0.00,0.00,-0.00,10.00
33588.00,0.00,0.00,0.00,0.00,-0.00,-0.00,-0.00,0.00,-0.00,0.00,-0.00,-0.00,0.00,-0.00,-0.00,10.00
33598.00,0.00,0.00,0.00,0.00,-0.00,-0.00,-0.00,0.00,-0.00,0.00,-0.00,-0.00,0.00,-0.00,-0.00,14.00
33612.00,0.00,0.00,0.00,0.00,-0.00,-0.00,-0.00,0.00,-0.00,0.00,-0.00,-0.00,-0.00,0.00,-0.00,10.00
33622.00,0.00,0.00,0.00,0.00,-0.00,-0.00,-0.00,0.00,-0.00,0.00,-0.00,-0.00,0.00,0.00,-0.00,10.00
33632.00,0.00,0.00,0.00,0.00,-0.00,-0.00,-0.00,0.00,-0.00,0.00,-0.00,-0.00,-0.00,-0.00,0.00,10.00
33642.00,0.00,0.00,0.00,0.00,-0.00,-0.00,-0.00,0.00,-0.00,0.00,-0.00,-0.00,0.00,-0.00,0.00,10.00
33652.00,0.00,0.00,0.00,0.00,-0.00,-0.00,-0.00,0.00,-0.00,0.00,-0.00,-0.00,-0.00,-0.00,-0.00,10.00
33662.00,0.00,0.00,0.00,0.00,-0.00,-0.00,-0.00,0.00,-0.00,0.00,-0.00,-0.00,0.00,0.00,-0.00,10.00
33672.00,0.00,0.00,0.00,0.00,-0.00,-0.00,-0.00,0.00,-0.00,0.00,-0.00,-0.00,-0.00,-0.00,0.00,10.00
33687.00,0.00,0.00,0.00,0.00,-0.00,-0.00,-0.00,0.00,-0.00,0.00,-0.00,-0.00,0.00,0.00,-0.00,10.00
33697.00,0.00,0.00,0.00,0.00,-0.00,-0.00,-0.00,0.00,-0.00,0.00,-0.00,-0.00,-0.00,-0.00,0.00,17.00
33714.00,0.00,0.00,0.00,0.00,-0.00,-0.00,-0.00,0.00,-0.00,0.00,-0.00,-0.00,0.00,0.00,0.00,10.00
33724.00,0.00,0.00,0.00,-0.00,-0.00,0.00,-0.00,-0.00,0.00,0.00,-0.00,-0.00,-0.00,-0.00,0.00,10.00
33734.00,0.00,0.00,0.00,-0.00,-0.00,0.00,-0.00,-0.00,0.00,0.00,-0.00,-0.00,0.00,-0.00,-0.00,10.00
33744.00,0.00,0.00,0.00,-0.00,-0.00,0.00,-0.00,-0.00,0.00,0.00,-0.00,-0.00,-0.00,-0.00,0.00,10.00
33754.00,0.00,0.00,0.00,-0.00,-0.00,0.00,-0.00,-0.00,0.00,0.00,-0.00,-0.00,0.00,0.00,-0.00,10.00
33764.00,0.00,0.00,0.00,-0.00,-0.00,0.00,-0.00,-0.00,0.00,0.00,-0.00,-0.00,-0.00,0.00,0.00,10.00
33774.00,0.00,0.00,0.00,-0.00,-0.00,0.00,-0.00,-0.00,0.00,0.00,-0.00,-0.00,-0.00,-0.00,-0.00,10.00
33784.00,0.00,0.00,0.00,-0.00,-0.00,0.00,-0.00,-0.00,0.00,0.00,-0.00,-0.00,0.00,0.00,0.00,10.00
33804.00,0.00,0.00,0.00,-0.00,-0.00,0.00,-0.00,-0.00,0.00,0.00,-0.00,-0.00,0.00,-0.00,0.00,16.00
33820.00,0.00,0.00,0.00,-0.00,-0.00,0.00,-0.00,-0.00,0.00,0.00,-0.00,-0.00,0.00,-0.00,-0.00,10.00
33830.00,0.00,0.00,0.00,-0.00,-0.00,0.00,-0.00,-0.00,0.00,0.00,-0.00,-0.00,0.00,-0.00,-0.00,10.00
33840.00,0.00,0.00,0.00,-0.00,-0.00,0.00,-0.00,-0.00,0.00,0.00,-0.00,-0.00,0.00,-0.00,0.00,10.00
33850.00,0.00,0.00,0.00,-0.00,-0.00,0.00,-0.00,-0.00,0.00,0.00,-0.00,-0.00,-0.00,-0.00,-0.00,10.00
33860.00,0.00,0.00,0.00,-0.00,-0.00,0.00,-0.00,-0.00,0.00,0.00,-0.00,-0.00,0.00,-0.00,-0.00,10.00
33870.00,0.00,0.00,0.00,-0.00,-0.00,0.00,-0.00,-0.00,0.00,0.00,-0.00,-0.00,-0.00,0.00,0.00,10.00
33880.00,0.00,0.00,0.00,-0.00,-0.00,0.00,-0.00,-0.00,0.00,0.00,-0.00,-0.00,-0.00,0.00,0.00,10.00
33890.00,0.00,0.00,0.00,-0.00,-0.00,0.00,-0.00,-0.00,0.00,0.00,-0.00,-0.00,-0.00,0.00,0.00,10.00
33900.00,0.00,0.00,0.00,-0.00,-0.00,0.00,-0.00,-0.00,0.00,0.00,-0.00,-0.00,0.00,0.00,0.00,16.00
33921.00,0.00,0.00,0.00,-0.00,-0.00,0.00,-0.00,-0.00,0.00,0.00,-0.00,-0.00,0.00,0.00,-0.00,10.00
33931.00,0.00,0.00,0.00,-0.00,0.00,0.00,-0.00,0.00,0.00,0.00,-0.00,-0.00,-0.00,0.00,0.00,10.00
33941.00,0.00,0.00,0.00,-0.00,0.00,0.00,-0.00,0.00,0.00,0.00,-0.00,-0.00,0.00,-0.00,0.00,10.00
33951.00,0.00,0.00,0.00,-0.00,0.00,0.00,-0.00,0.00,0.00,0.00,-0.00,-0.00,0.00,-0.00,0.00,10.00
33961.00,0.00,0.00,0.00,-0.00,0.00,0.00,-0.00,0.00,0.00,0.00,-0.00,-0.00,0.00,0.00,0.00,10.00
33971.00,0.00,0.00,0.00,-0.00,0.00,0.00,-0.00,0.00,0.00,0.00,-0.00,-0.00,-0.00,0.00,0.00,10.00
33981.00,0.00,0.00,0.00,-0.00,0.00,0.00,-0.00,0.00,0.00,0.00,-0.00,-0.00,0.00,-0.00,0.00,10.00
33991.00,0.00,0.00,0.00,-0.00,0.00,0.00,-0.00,0.00,0.00,0.00,-0.00,-0.00,-0.00,0.00,0.00,10.00
34001.00,0.00,0.00,0.00,-0.00,0.00,0.00,-0.00,0.00,0.00,0.00,-0.00,-0.00,-0.00,-0.00,0.00,15.00
34016.00,0.00,0.00,0.00,-0.00,0.00,0.00,-0.00,0.00,0.00,0.00,-0.00,-0.00,0.00,0.00,0.00,10.00
34031.00,0.00,0.00,0.00,-0.00,0.00,0.00,-0.00,0.00,0.00,0.00,-0.00,-0.00,-0.00,0.00,0.00,10.00
34041.00,0.00,0.00,0.00,-0.00,0.00,0.00,-0.00,0.00,0.00,0.00,-0.00,-0.00,0.00,-0.00,0.00,10.00
34051.00,0.00,0.00,0.00,-0.00,0.00,0.00,-0.00,0.00,0.00,0.00,-0.00,-0.00,0.00,-0.00,-0.00,10.00
34061.00,0.00,0.00,0.00,-0.00,0.00,0.00,-0.00,0.00,0.00,0.00,-0.00,-0.00,0.00,0.00,0.00,10.00
34071.00,0.00,0.00,0.00,-0.00,0.00,0.00,-0.00,0.00,0.00,0.00,-0.00,-0.00,0.00,0.00,0.00,10.00
34081.00,0.00,0.00,0.00,-0.00,0.00,0.00,-0.00,0.00,0.00,0.00,-0.00,-0.00,-0.00,0.00,0.00,10.00
34091.00,0.00,0.00,0.00,-0.00,0.00,0.00,-0.00,0.00,0.00,0.00,-0.00,-0.00,0.00,0.00,0.00,10.00
34101.00,0.00,0.00,0.00,-0.00,0.00,0.00,-0.00,0.00,0.00,0.00,-0.00,-0.00,0.00,0.00,0.00,16.00
34117.00,0.00,0.00,0.00,-0.00,0.00,0.00,-0.00,0.00,0.00,0.00,-0.00,-0.00,-0.00,-0.00,-0.00,10.00
34127.00,0.00,0.00,0.00,-0.00,0.00,0.00,-0.00,0.00,0.00,0.00,-0.00,-0.00,-0.00,-0.00,0.00,10.00
34142.00,0.00,0.00,0.00,0.00,0.00,0.00,0.00,0.00,-0.00,0.00,-0.00,-0.00,0.00,0.00,0.00,10.00
34152.00,0.00,0.00,0.00,0.00,0.00,0.00,0.00,0.00,-0.00,0.00,-0.00,-0.00,-0.00,0.00,0.00,10.00
34162.00,0.00,0.00,0.00,0.00,0.00,0.00,0.00,0.00,-0.00,0.00,-0.00,-0.00,0.00,0.00,0.00,10.00
34172.00,0.00,0.00,0.00,0.00,0.00,0.00,0.00,0.00,-0.00,0.00,-0.00,-0.00,0.00,0.00,0.00,10.00
34182.00,0.00,0.00,0.00,0.00,0.00,0.00,0.00,0.00,-0.00,0.00,-0.00,-0.00,0.00,0.00,0.00,10.00
34192.00,0.00,0.00,0.00,0.00,0.00,0.00,0.00,0.00,-0.00,0.00,-0.00,-0.00,0.00,0.00,0.00,10.00
34202.00,0.00,0.00,0.00,0.00,0.00,0.00,0.00,0.00,-0.00,0.00,-0.00,-0.00,0.00,0.00,0.00,16.00
34218.00,0.00,0.00,0.00,0.00,0.00,0.00,0.00,0.00,-0.00,0.00,-0.00,-0.00,0.00,0.00,0.00,10.00
34228.00,0.00,0.00,0.00,0.00,0.00,0.00,0.00,0.00,-0.00,0.00,-0.00,-0.00,0.00,0.00,0.00,10.00
34238.00,0.00,0.00,0.00,0.00,0.00,0.00,0.00,0.00,-0.00,0.00,-0.00,-0.00,0.00,0.00,0.00,10.00
34253.00,0.00,0.00,0.00,0.00,0.00,0.00,0.00,0.00,-0.00,0.00,-0.00,-0.00,0.00,0.00,0.00,10.00
34263.00,0.00,0.00,0.00,0.00,0.00,0.00,0.00,0.00,-0.00,0.00,-0.00,-0.00,0.00,0.00,0.00,10.00
34273.00,0.00,0.00,0.00,0.00,0.00,0.00,0.00,0.00,-0.00,0.00,-0.00,-0.00,-0.00,-0.00,0.00,10.00
34283.00,0.00,0.00,0.00,0.00,0.00,0.00,0.00,0.00,-0.00,0.00,-0.00,-0.00,-0.00,-0.00,0.00,10.00
34293.00,0.00,0.00,0.00,0.00,0.00,0.00,0.00,0.00,-0.00,0.00,-0.00,-0.00,-0.00,0.00,0.00,10.00
34303.00,0.00,0.00,0.00,0.00,0.00,0.00,0.00,0.00,-0.00,0.00,-0.00,-0.00,0.00,0.00,0.00,15.00
34318.00,0.00,0.00,0.00,0.00,0.00,0.00,0.00,0.00,-0.00,0.00,-0.00,-0.00,0.00,-0.00,0.00,10.00
34328.00,0.00,0.00,0.00,0.00,0.00,0.00,0.00,0.00,-0.00,0.00,-0.00,-0.00,-0.00,-0.00,0.00,10.00
34338.00,0.00,0.00,0.00,0.00,0.00,0.00,0.00,0.00,-0.00,0.00,-0.00,-0.00,-0.00,0.00,0.00,10.00
34348.00,0.00,0.00,0.00,-0.00,0.00,0.00,-0.00,-0.00,0.00,0.00,-0.00,-0.00,0.00,0.00,0.00,10.00
34363.00,0.00,0.00,0.00,-0.00,0.00,0.00,-0.00,-0.00,0.00,0.00,-0.00,-0.00,-0.00,-0.00,0.00,10.00
34373.00,0.00,0.00,0.00,-0.00,0.00,0.00,-0.00,-0.00,0.00,0.00,-0.00,-0.00,0.00,0.00,-0.00,10.00
34383.00,0.00,0.00,0.00,-0.00,0.00,0.00,-0.00,-0.00,0.00,0.00,-0.00,-0.00,-0.00,-0.00,0.00,10.00
34393.00,0.00,0.00,0.00,-0.00,0.00,0.00,-0.00,-0.00,0.00,0.00,-0.00,-0.00,0.00,0.00,0.00,10.00
34403.00,0.00,0.00,0.00,-0.00,0.00,0.00,-0.00,-0.00,0.00,0.00,-0.00,-0.00,-0.00,0.00,-0.00,15.00
34418.00,0.00,0.00,0.00,-0.00,0.00,0.00,-0.00,-0.00,0.00,0.00,-0.00,-0.00,-0.00,-0.00,0.00,10.00
34428.00,0.00,0.00,0.00,-0.00,0.00,0.00,-0.00,-0.00,0.00,0.00,-0.00,-0.00,-0.00,-0.00,0.00,10.00
34438.00,0.00,0.00,0.00,-0.00,0.00,0.00,-0.00,-0.00,0.00,0.00,-0.00,-0.00,0.00,-0.00,0.00,10.00
34448.00,0.00,0.00,0.00,-0.00,0.00,0.00,-0.00,-0.00,0.00,0.00,-0.00,-0.00,0.00,-0.00,0.00,10.00
34458.00,0.00,0.00,0.00,-0.00,0.00,0.00,-0.00,-0.00,0.00,0.00,-0.00,-0.00,0.00,-0.00,0.00,10.00
34473.00,0.00,0.00,0.00,-0.00,0.00,0.00,-0.00,-0.00,0.00,0.00,-0.00,-0.00,0.00,-0.00,-0.00,10.00
34483.00,0.00,0.00,0.00,-0.00,0.00,0.00,-0.00,-0.00,0.00,0.00,-0.00,-0.00,-0.00,0.00,0.00,10.00
34493.00,0.00,0.00,0.00,-0.00,0.00,0.00,-0.00,-0.00,0.00,0.00,-0.00,-0.00,-0.00,0.00,-0.00,10.00
34503.00,0.00,0.00,0.00,-0.00,0.00,0.00,-0.00,-0.00,0.00,0.00,-0.00,-0.00,0.00,0.00,-0.00,15.00
34518.00,0.00,0.00,0.00,-0.00,0.00,0.00,-0.00,-0.00,0.00,0.00,-0.00,-0.00,0.00,-0.00,-0.00,10.00
34528.00,0.00,0.00,0.00,-0.00,0.00,0.00,-0.00,-0.00,0.00,0.00,-0.00,-0.00,-0.00,0.00,-0.00,10.00
34538.00,0.00,0.00,0.00,-0.00,0.00,0.00,-0.00,-0.00,0.00,0.00,-0.00,-0.00,-0.00,0.00,-0.00,10.00
34548.00,0.00,0.00,0.00,0.00,-0.00,0.00,0.00,-0.00,-0.00,0.00,-0.00,-0.00,0.00,-0.00,0.00,10.00
34558.00,0.00,0.00,0.00,0.00,-0.00,0.00,0.00,-0.00,-0.00,0.00,-0.00,-0.00,0.00,0.00,-0.00,10.00
34568.00,0.00,0.00,0.00,0.00,-0.00,0.00,0.00,-0.00,-0.00,0.00,-0.00,-0.00,-0.00,0.00,-0.00,10.00
34583.00,0.00,0.00,0.00,0.00,-0.00,0.00,0.00,-0.00,-0.00,0.00,-0.00,-0.00,0.00,0.00,-0.00,10.00
34593.00,0.00,0.00,0.00,0.00,-0.00,0.00,0.00,-0.00,-0.00,0.00,-0.00,-0.00,0.00,-0.00,0.00,10.00
34603.00,0.00,0.00,0.00,0.00,-0.00,0.00,0.00,-0.00,-0.00,0.00,-0.00,-0.00,-0.00,-0.00,-0.00,10.00
34613.00,0.00,0.00,0.00,0.00,-0.00,0.00,0.00,-0.00,-0.00,0.00,-0.00,-0.00,0.00,-0.00,0.00,15.00
34628.00,0.00,0.00,0.00,0.00,-0.00,0.00,0.00,-0.00,-0.00,0.00,-0.00,-0.00,0.00,-0.00,0.00,10.00
34638.00,0.00,0.00,0.00,0.00,-0.00,0.00,0.00,-0.00,-0.00,0.00,-0.00,-0.00,0.00,-0.00,0.00,10.00
34648.00,0.00,0.00,0.00,0.00,-0.00,0.00,0.00,-0.00,-0.00,0.00,-0.00,-0.00,0.00,-0.00,0.00,10.00
34658.00,0.00,0.00,0.00,0.00,-0.00,0.00,0.00,-0.00,-0.00,0.00,-0.00,-0.00,-0.00,-0.00,0.00,10.00
34668.00,0.00,0.00,0.00,0.00,-0.00,0.00,0.00,-0.00,-0.00,0.00,-0.00,-0.00,0.00,0.00,0.00,10.00
34678.00,0.00,0.00,0.00,0.00,-0.00,0.00,0.00,-0.00,-0.00,0.00,-0.00,-0.00,0.00,0.00,0.00,10.00
34698.00,0.00,0.00,0.00,0.00,-0.00,0.00,0.00,-0.00,-0.00,0.00,-0.00,-0.00,0.00,0.00,-0.00,19.00
34717.00,0.00,0.00,0.00,0.00,-0.00,0.00,0.00,-0.00,-0.00,0.00,-0.00,-0.00,0.00,-0.00,0.00,10.00
34727.00,0.00,0.00,0.00,0.00,-0.00,0.00,0.00,-0.00,-0.00,0.00,-0.00,-0.00,-0.00,-0.00,0.00,10.00
34737.00,0.00,0.00,0.00,0.00,-0.00,0.00,0.00,-0.00,-0.00,0.00,-0.00,-0.00,0.00,-0.00,0.00,10.00
34747.00,0.00,0.00,0.00,0.00,-0.00,0.00,0.00,-0.00,-0.00,0.00,-0.00,-0.00,-0.00,-0.00,0.00,10.00
34757.00,0.00,0.00,0.00,-0.00,0.00,0.00,-0.00,0.00,-0.00,0.00,-0.00,-0.00,-0.00,0.00,0.00,10.00
34767.00,0.00,0.00,0.00,-0.00,0.00,0.00,-0.00,0.00,-0.00,0.00,-0.00,-0.00,-0.00,0.00,0.00,10.00
34777.00,0.00,0.00,0.00,-0.00,0.00,0.00,-0.00,0.00,-0.00,0.00,-0.00,-0.00,0.00,0.00,0.00,10.00
34787.00,0.00,0.00,0.00,-0.00,0.00,0.00,-0.00,0.00,-0.00,0.00,-0.00,-0.00,0.00,0.00,0.00,10.00
34797.00,0.00,0.00,0.00,-0.00,0.00,0.00,-0.00,0.00,-0.00,0.00,-0.00,-0.00,-0.00,0.00,0.00,19.00
34821.00,0.00,0.00,0.00,-0.00,0.00,0.00,-0.00,0.00,-0.00,0.00,-0.00,-0.00,0.00,0.00,-0.00,10.00
34831.00,0.00,0.00,0.00,-0.00,0.00,0.00,-0.00,0.00,-0.00,0.00,-0.00,-0.00,-0.00,-0.00,-0.00,10.00
34841.00,0.00,0.00,0.00,-0.00,0.00,0.00,-0.00,0.00,-0.00,0.00,-0.00,-0.00,-0.00,0.00,0.00,10.00
34851.00,0.00,0.00,0.00,-0.00,0.00,0.00,-0.00,0.00,-0.00,0.00,-0.00,-0.00,-0.00,-0.00,-0.00,10.00
34861.00,0.00,0.00,0.00,-0.00,0.00,0.00,-0.00,0.00,-0.00,0.00,-0.00,-0.00,-0.00,0.00,0.00,10.00
34871.00,0.00,0.00,0.00,-0.00,0.00,0.00,-0.00,0.00,-0.00,0.00,-0.00,-0.00,0.00,0.00,-0.00,10.00
34881.00,0.00,0.00,0.00,-0.00,0.00,0.00,-0.00,0.00,-0.00,0.00,-0.00,-0.00,0.00,0.00,-0.00,10.00
34891.00,0.00,0.00,0.00,-0.00,0.00,0.00,-0.00,0.00,-0.00,0.00,-0.00,-0.00,0.00,0.00,0.00,10.00
34901.00,0.00,0.00,0.00,-0.00,0.00,0.00,-0.00,0.00,-0.00,0.00,-0.00,-0.00,-0.00,-0.00,0.00,17.00
34918.00,0.00,0.00,0.00,-0.00,0.00,0.00,-0.00,0.00,-0.00,0.00,-0.00,-0.00,0.00,-0.00,0.00,10.00
34932.00,0.00,0.00,0.00,-0.00,0.00,0.00,-0.00,0.00,-0.00,0.00,-0.00,-0.00,-0.00,-0.00,0.00,10.00
34942.00,0.00,0.00,0.00,-0.00,0.00,0.00,-0.00,0.00,-0.00,0.00,-0.00,-0.00,0.00,0.00,-0.00,10.00
34952.00,0.00,0.00,0.00,-0.00,0.00,0.00,-0.00,0.00,-0.00,0.00,-0.00,-0.00,0.00,-0.00,0.00,10.00
34962.00,0.00,0.00,0.00,0.00,-0.00,0.00,0.00,-0.00,0.00,0.00,-0.00,-0.00,0.00,-0.00,-0.00,10.00
34972.00,0.00,0.00,0.00,0.00,-0.00,0.00,0.00,-0.00,0.00,0.00,-0.00,-0.00,-0.00,0.00,0.00,10.00
34982.00,0.00,0.00,0.00,0.00,-0.00,0.00,0.00,-0.00,0.00,0.00,-0.00,-0.00,0.00,0.00,-0.00,10.00
34992.00,0.00,0.00,0.00,0.00,-0.00,0.00,0.00,-0.00,0.00,0.00,-0.00,-0.00,-0.00,0.00,0.00,10.00
35002.00,0.00,0.00,0.00,0.00,-0.00,0.00,0.00,-0.00,0.00,0.00,-0.00,-0.00,0.00,0.00,0.00,16.00
35018.00,0.00,0.00,0.00,0.00,-0.00,0.00,0.00,-0.00,0.00,0.00,-0.00,-0.00,0.00,-0.00,0.00,10.00
35028.00,0.00,0.00,0.00,0.00,-0.00,0.00,0.00,-0.00,0.00,0.00,-0.00,-0.00,0.00,-0.00,0.00,10.00
35043.00,0.00,0.00,0.00,0.00,-0.00,0.00,0.00,-0.00,0.00,0.00,-0.00,-0.00,-0.00,0.00,0.00,10.00
35053.00,0.00,0.00,0.00,0.00,-0.00,0.00,0.00,-0.00,0.00,0.00,-0.00,-0.00,0.00,0.00,0.00,10.00
35063.00,0.00,0.00,0.00,0.00,-0.00,0.00,0.00,-0.00,0.00,0.00,-0.00,-0.00,0.00,0.00,0.00,10.00
35073.00,0.00,0.00,0.00,0.00,-0.00,0.00,0.00,-0.00,0.00,0.00,-0.00,-0.00,0.00,-0.00,-0.00,10.00
35083.00,0.00,0.00,0.00,0.00,-0.00,0.00,0.00,-0.00,0.00,0.00,-0.00,-0.00,0.00,0.00,-0.00,10.00
35093.00,0.00,0.00,0.00,0.00,-0.00,0.00,0.00,-0.00,0.00,0.00,-0.00,-0.00,-0.00,0.00,0.00,10.00
35103.00,0.00,0.00,0.00,0.00,-0.00,0.00,0.00,-0.00,0.00,0.00,-0.00,-0.00,0.00,0.00,0.00,16.00
35119.00,0.00,0.00,0.00,0.00,-0.00,0.00,0.00,-0.00,0.00,0.00,-0.00,-0.00,-0.00,0.00,0.00,10.00
35129.00,0.00,0.00,0.00,0.00,-0.00,0.00,0.00,-0.00,0.00,0.00,-0.00,-0.00,0.00,-0.00,0.00,10.00
35139.00,0.00,0.00,0.00,0.00,-0.00,0.00,0.00,-0.00,0.00,0.00,-0.00,-0.00,0.00,0.00,0.00,10.00
35154.00,0.00,0.00,0.00,0.00,-0.00,0.00,0.00,-0.00,0.00,0.00,-0.00,-0.00,0.00,-0.00,-0.00,10.00
35164.00,0.00,0.00,0.00,0.00,0.00,0.00,0.00,0.00,0.00,0.00,-0.00,-0.00,0.00,0.00,0.00,10.00
35174.00,0.00,0.00,0.00,0.00,0.00,0.00,0.00,0.00,0.00,0.00,-0.00,-0.00,0.00,0.00,-0.00,10.00
35184.00,0.00,0.00,0.00,0.00,0.00,0.00,0.00,0.00,0.00,0.00,-0.00,-0.00,-0.00,0.00,-0.00,10.00
35194.00,0.00,0.00,0.00,0.00,0.00,0.00,0.00,0.00,0.00,0.00,-0.00,-0.00,-0.00,-0.00,-0.00,10.00
35204.00,0.00,0.00,0.00,0.00,0.00,0.00,0.00,0.00,0.00,0.00,-0.00,-0.00,-0.00,-0.00,0.00,15.00
35219.00,0.00,0.00,0.00,0.00,0.00,0.00,0.00,0.00,0.00,0.00,-0.00,-0.00,0.00,0.00,0.00,10.00
35229.00,0.00,0.00,0.00,0.00,0.00,0.00,0.00,0.00,0.00,0.00,-0.00,-0.00,-0.00,0.00,0.00,10.00
35239.00,0.00,0.00,0.00,0.00,0.00,0.00,0.00,0.00,0.00,0.00,-0.00,-0.00,0.00,0.00,-0.00,10.00
35249.00,0.00,0.00,0.00,0.00,0.00,0.00,0.00,0.00,0.00,0.00,-0.00,-0.00,-0.00,0.00,-0.00,10.00
35264.00,0.00,0.00,0.00,0.00,0.00,0.00,0.00,0.00,0.00,0.00,-0.00,-0.00,0.00,-0.00,0.00,10.00
35274.00,0.00,0.00,0.00,0.00,0.00,0.00,0.00,0.00,0.00,0.00,-0.00,-0.00,0.00,-0.00,-0.00,10.00
35284.00,0.00,0.00,0.00,0.00,0.00,0.00,0.00,0.00,0.00,0.00,-0.00,-0.00,0.00,-0.00,-0.00,10.00
35294.00,0.00,0.00,0.00,0.00,0.00,0.00,0.00,0.00,0.00,0.00,-0.00,-0.00,0.00,-0.00,-0.00,10.00
35304.00,0.00,0.00,0.00,0.00,0.00,0.00,0.00,0.00,0.00,0.00,-0.00,-0.00,0.00,0.00,-0.00,16.00
35320.00,0.00,0.00,0.00,0.00,0.00,0.00,0.00,0.00,0.00,0.00,-0.00,-0.00,0.00,0.00,0.00,10.00
35330.00,0.00,0.00,0.00,0.00,0.00,0.00,0.00,0.00,0.00,0.00,-0.00,-0.00,0.00,0.00,-0.00,10.00
35340.00,0.00,0.00,0.00,0.00,0.00,0.00,0.00,0.00,0.00,0.00,-0.00,-0.00,0.00,0.00,-0.00,10.00
35350.00,0.00,0.00,0.00,0.00,0.00,0.00,0.00,0.00,0.00,0.00,-0.00,-0.00,0.00,0.00,0.00,10.00
35360.00,0.00,0.00,0.00,0.00,0.00,0.00,0.00,0.00,0.00,0.00,-0.00,-0.00,0.00,-0.00,0.00,10.00
35375.00,7554956.37,545885.78,18306.95,0.00,-0.00,-0.00,-0.00,-0.00,-0.00,0.00,-0.00,-0.00,0.00,-0.00,-0.00,10.00
35385.00,7554956.37,545885.78,18306.95,0.00,-0.00,-0.00,-0.00,-0.00,-0.00,0.00,-0.00,1819.62,0.00,-0.00,181961.93,10.00
35395.00,7554956.37,545885.78,18306.95,0.00,-0.00,-0.00,-0.00,-0.00,-0.00,0.00,-0.00,3639.24,0.00,0.00,181961.92,10.00
35405.00,7554956.37,545885.78,18306.95,0.00,-0.00,-0.00,-0.00,-0.00,-0.00,0.00,-0.00,5458.86,-0.00,0.00,181961.92,10.00
35415.00,7554956.37,545885.78,18306.95,0.00,-0.00,-0.00,-0.00,-0.00,-0.00,0.00,-0.00,7278.48,-0.00,0.00,181961.93,16.00
35431.00,7554956.37,545885.78,18306.95,0.00,-0.00,-0.00,-0.00,-0.00,-0.00,0.00,-0.00,10189.87,-0.00,0.00,181961.93,10.00
35441.00,7554956.37,545885.78,18306.95,0.00,-0.00,-0.00,-0.00,-0.00,-0.00,0.00,-0.00,12009.49,-0.00,0.00,181961.93,10.00
35451.00,7554956.37,545885.78,18306.95,0.00,-0.00,-0.00,-0.00,-0.00,-0.00,0.00,-0.00,13829.11,-0.00,0.00,181961.93,10.00
35461.00,7554956.37,545885.78,18306.95,0.00,-0.00,-0.00,-0.00,-0.00,-0.00,0.00,-0.00,15648.73,-0.00,0.00,181961.93,10.00
35471.00,7554956.37,545885.78,18306.95,0.00,-0.00,-0.00,-0.00,-0.00,-0.00,0.00,-0.00,17468.34,-0.00,-0.00,181961.93,10.00
35486.00,7554956.37,545885.78,18306.95,0.00,-0.00,-0.00,-0.00,-0.00,-0.00,0.00,-0.00,20197.77,-0.00,-0.00,181961.92,10.00
35496.00,7554956.37,545885.78,18306.95,0.00,-0.00,-0.00,-0.00,-0.00,-0.00,0.00,-0.00,22017.39,-0.00,0.00,181961.93,10.00
35506.00,7554956.37,545885.78,18306.95,0.00,-0.00,-0.00,-0.00,-0.00,-0.00,0.00,-0.00,23837.01,0.00,0.00,181961.92,15.00
35521.00,7554956.37,545885.78,18306.95,0.00,-0.00,-0.00,-0.00,-0.00,-0.00,0.00,-0.00,26566.44,0.00,0.00,181961.93,10.00
35531.00,7554956.37,545885.78,18306.95,0.00,-0.00,-0.00,-0.00,-0.00,-0.00,0.00,-0.00,28386.06,0.00,-0.00,181961.93,10.00
35541.00,7554956.37,545885.78,18306.95,0.00,-0.00,-0.00,-0.00,-0.00,-0.00,0.00,-0.00,30205.68,-0.00,-0.00,181961.93,10.00
35551.00,7554956.37,545885.78,18306.95,0.00,-0.00,-0.00,-0.00,-0.00,-0.00,0.00,-0.00,32025.30,-0.00,-0.00,181961.93,10.00
35561.00,7554956.37,545885.78,18306.95,0.00,-0.00,-0.00,-0.00,-0.00,-0.00,0.00,-0.00,33844.92,0.00,-0.00,181961.93,10.00
35571.00,7554956.37,545885.78,18306.95,0.00,-0.00,-0.00,-0.00,-0.00,-0.00,0.00,-0.00,35664.54,-0.00,0.00,181961.92,10.00
35581.00,7554995.63,545946.26,18307.04,0.00,0.00,-0.00,0.00,0.00,0.00,0.00,-0.00,37484.16,0.00,0.00,181961.93,10.00
35601.00,7554995.63,545946.26,18307.04,0.00,0.00,-0.00,0.00,0.00,0.00,0.00,-0.00,41123.80,-0.00,-0.00,181982.09,19.00
35620.00,7554995.63,545946.26,18307.04,0.00,0.00,-0.00,0.00,0.00,0.00,0.00,-0.00,44581.46,0.00,-0.00,181982.09,10.00
35630.00,7554995.63,545946.26,18307.04,0.00,0.00,-0.00,0.00,0.00,0.00,0.00,-0.00,46401.28,0.00,-0.00,181982.09,10.00
35640.00,7554995.63,545946.26,18307.04,0.00,0.00,-0.00,0.00,0.00,0.00,0.00,-0.00,48221.10,0.00,-0.00,181982.08,10.00
35650.00,7554995.63,545946.26,18307.04,0.00,0.00,-0.00,0.00,0.00,0.00,0.00,-0.00,50040.92,0.00,-0.00,181982.09,10.00
35660.00,7554995.63,545946.26,18307.04,0.00,0.00,-0.00,0.00,0.00,0.00,0.00,-0.00,51860.74,0.00,-0.00,181982.09,10.00
35670.00,7554995.63,545946.26,18307.04,0.00,0.00,-0.00,0.00,0.00,0.00,0.00,-0.00,53680.56,0.00,-0.00,181982.09,10.00
35680.00,7554995.63,545946.26,18307.04,0.00,0.00,-0.00,0.00,0.00,0.00,0.00,-0.00,55500.38,0.00,0.00,181982.08,10.00
35690.00,7554995.63,545946.26,18307.04,0.00,0.00,-0.00,0.00,0.00,0.00,0.00,-0.00,57320.20,0.00,0.00,181982.09,10.00
35700.00,7554995.63,545946.26,18307.04,0.00,0.00,-0.00,0.00,0.00,0.00,0.00,-0.00,59140.02,0.00,-0.00,181982.09,18.00
35723.00,7554995.63,545946.26,18307.04,0.00,0.00,-0.00,0.00,0.00,0.00,0.00,-0.00,63325.61,0.00,0.00,181982.09,10.00
35733.00,7554995.63,545946.26,18307.04,0.00,0.00,-0.00,0.00,0.00,0.00,0.00,-0.00,65145.43,0.00,0.00,181982.09,10.00
35743.00,7554995.63,545946.26,18307.04,0.00,0.00,-0.00,0.00,0.00,0.00,0.00,-0.00,66965.25,-0.00,-0.00,181982.08,10.00
35753.00,7554995.63,545946.26,18307.04,0.00,0.00,-0.00,0.00,0.00,0.00,0.00,-0.00,68785.07,0.00,-0.00,181982.08,10.00
35763.00,7554995.63,545946.26,18307.04,0.00,0.00,-0.00,0.00,0.00,0.00,0.00,-0.00,70604.90,0.00,-0.00,181982.09,10.00
35773.00,7554995.63,545946.26,18307.04,0.00,0.00,-0.00,0.00,0.00,0.00,0.00,-0.00,72424.72,0.00,0.00,181982.09,10.00
35783.00,7555034.89,546006.74,18307.14,-0.00,-0.00,0.00,-0.00,-0.00,0.00,0.00,-0.00,74244.54,0.00,-0.00,181982.08,10.00
35793.00,7555034.89,546006.74,18307.14,-0.00,-0.00,0.00,-0.00,-0.00,0.00,0.00,-0.00,76064.56,0.00,-0.00,182002.25,10.00
35803.00,7555034.89,546006.74,18307.14,-0.00,-0.00,0.00,-0.00,-0.00,0.00,0.00,-0.00,77884.58,0.00,-0.00,182002.25,17.00
35820.00,7555034.89,546006.74,18307.14,-0.00,-0.00,0.00,-0.00,-0.00,0.00,0.00,-0.00,80978.62,0.00,-0.00,182002.25,10.00
35835.00,7555034.89,546006.74,18307.14,-0.00,-0.00,0.00,-0.00,-0.00,0.00,0.00,-0.00,83708.65,-0.00,-0.00,182002.25,10.00
35845.00,7555034.89,546006.74,18307.14,-0.00,-0.00,0.00,-0.00,-0.00,0.00,0.00,-0.00,85528.68,0.00,-0.00,182002.25,10.00
35855.00,7555034.89,546006.74,18307.14,-0.00,-0.00,0.00,-0.00,-0.00,0.00,0.00,-0.00,87348.70,-0.00,0.00,182002.25,10.00
35865.00,7555034.89,546006.74,18307.14,-0.00,-0.00,0.00,-0.00,-0.00,0.00,0.00,-0.00,89168.72,-0.00,0.00,182002.25,10.00
35875.00,7555034.89,546006.74,18307.14,-0.00,-0.00,0.00,-0.00,-0.00,0.00,0.00,-0.00,90988.74,0.00,0.00,182002.25,10.00
35885.00,7555034.89,546006.74,18307.14,-0.00,-0.00,0.00,-0.00,-0.00,0.00,0.00,-0.00,92808.77,0.00,-0.00,182002.25,10.00
35895.00,7555034.89,546006.74,18307.14,-0.00,-0.00,0.00,-0.00,-0.00,0.00,0.00,-0.00,94628.79,-0.00,-0.00,182002.25,10.00
35905.00,7555034.89,546006.74,18307.14,-0.00,-0.00,0.00,-0.00,-0.00,0.00,0.00,-0.00,96448.81,0.00,0.00,182002.25,10.00
35915.00,7555034.89,546006.74,18307.14,-0.00,-0.00,0.00,-0.00,-0.00,0.00,0.00,-0.00,98268.83,-0.00,-0.00,182002.25,16.00
35931.00,7555034.89,546006.74,18307.14,-0.00,-0.00,0.00,-0.00,-0.00,0.00,0.00,-0.00,101180.87,0.00,-0.00,182002.25,10.00
35946.00,7555034.89,546006.74,18307.14,-0.00,-0.00,0.00,-0.00,-0.00,0.00,0.00,-0.00,103910.90,0.00,-0.00,182002.25,10.00
35956.00,7555034.89,546006.74,18307.14,-0.00,-0.00,0.00,-0.00,-0.00,0.00,0.00,-0.00,105730.93,0.00,0.00,182002.25,10.00
35966.00,7555034.89,546006.74,18307.14,-0.00,-0.00,0.00,-0.00,-0.00,0.00,0.00,-0.00,107550.95,-0.00,0.00,182002.25,10.00
35976.00,7555034.89,546006.74,18307.14,-0.00,-0.00,0.00,-0.00,-0.00,0.00,0.00,-0.00,109370.97,-0.00,-0.00,182002.25,10.00
35986.00,7555074.14,546067.23,18307.23,-0.00,-0.00,0.00,0.00,-0.00,0.00,0.00,-0.00,111190.99,-0.00,-0.00,182002.25,10.00
35996.00,7555074.14,546067.23,18307.23,-0.00,-0.00,0.00,0.00,-0.00,0.00,0.00,-0.00,113011.22,-0.00,0.00,182022.41,10.00
36006.00,7555074.14,546067.23,18307.23,-0.00,-0.00,0.00,0.00,-0.00,0.00,0.00,-0.00,114831.44,-0.00,0.00,182022.41,16.00
36022.00,7555074.14,546067.23,18307.23,-0.00,-0.00,0.00,0.00,-0.00,0.00,0.00,-0.00,117743.80,0.00,-0.00,182022.41,10.00
36032.00,7555074.14,546067.23,18307.23,-0.00,-0.00,0.00,0.00,-0.00,0.00,0.00,-0.00,119564.02,-0.00,0.00,182022.41,10.00
36042.00,7555074.14,546067.23,18307.23,-0.00,-0.00,0.00,0.00,-0.00,0.00,0.00,-0.00,121384.25,0.00,0.00,182022.41,10.00
36057.00,7555074.14,546067.23,18307.23,-0.00,-0.00,0.00,0.00,-0.00,0.00,0.00,-0.00,124114.58,-0.00,-0.00,182022.41,10.00
36067.00,7555074.14,546067.23,18307.23,-0.00,-0.00,0.00,0.00,-0.00,0.00,0.00,-0.00,125934.81,0.00,0.00,182022.41,10.00
36077.00,7555074.14,546067.23,18307.23,-0.00,-0.00,0.00,0.00,-0.00,0.00,0.00,-0.00,127755.03,0.00,-0.00,182022.41,10.00
36087.00,7555074.14,546067.23,18307.23,-0.00,-0.00,0.00,0.00,-0.00,0.00,0.00,-0.00,129575.26,0.00,0.00,182022.41,10.00
36097.00,7555074.14,546067.23,18307.23,-0.00,-0.00,0.00,0.00,-0.00,0.00,0.00,-0.00,131395.48,-0.00,0.00,182022.41,10.00
36107.00,7555074.14,546067.23,18307.23,-0.00,-0.00,0.00,0.00,-0.00,0.00,0.00,-0.00,133215.71,0.00,0.00,182022.41,10.00
36117.00,7555074.14,546067.23,18307.23,-0.00,-0.00,0.00,0.00,-0.00,0.00,0.00,-0.00,135035.93,0.00,-0.00,182022.41,16.00
36133.00,7555074.14,546067.23,18307.23,-0.00,-0.00,0.00,0.00,-0.00,0.00,0.00,-0.00,137948.29,0.00,-0.00,182022.41,10.00
36143.00,7555074.14,546067.23,18307.23,-0.00,-0.00,0.00,0.00,-0.00,0.00,0.00,-0.00,139768.51,0.00,0.00,182022.41,10.00
36153.00,7555074.14,546067.23,18307.23,-0.00,-0.00,0.00,0.00,-0.00,0.00,0.00,-0.00,141588.74,0.00,0.00,182022.41,10.00
36168.00,7555074.14,546067.23,18307.23,-0.00,-0.00,0.00,0.00,-0.00,0.00,0.00,-0.00,144319.07,0.00,-0.00,182022.41,10.00
36178.00,7555074.14,546067.23,18307.23,-0.00,-0.00,0.00,0.00,-0.00,0.00,0.00,-0.00,146139.30,-0.00,0.00,182022.41,10.00
36188.00,7556551.37,497087.40,18309.09,0.00,-0.00,0.00,0.00,0.00,0.00,0.00,-0.00,147959.52,0.00,-0.00,182022.41,10.00
36198.00,7556551.37,497087.40,18309.09,0.00,-0.00,0.00,0.00,0.00,0.00,0.00,-0.00,149616.48,0.00,-0.00,165695.80,10.00
36208.00,7556551.37,497087.40,18309.09,0.00,-0.00,0.00,0.00,0.00,0.00,0.00,-0.00,151273.44,0.00,-0.00,165695.80,10.00
36218.00,7556551.37,497087.40,18309.09,0.00,-0.00,0.00,0.00,0.00,0.00,0.00,-0.00,152930.39,0.00,0.00,165695.80,15.00
36233.00,7556551.37,497087.40,18309.09,0.00,-0.00,0.00,0.00,0.00,0.00,0.00,-0.00,155415.83,-0.00,0.00,165695.80,10.00
36243.00,7556551.37,497087.40,18309.09,0.00,-0.00,0.00,0.00,0.00,0.00,0.00,-0.00,157072.79,-0.00,-0.00,165695.80,10.00
36253.00,7556551.37,497087.40,18309.09,0.00,-0.00,0.00,0.00,0.00,0.00,0.00,-0.00,158729.75,-0.00,-0.00,165695.80,10.00
36263.00,7556551.37,497087.40,18309.09,0.00,-0.00,0.00,0.00,0.00,0.00,0.00,-0.00,160386.71,0.00,0.00,165695.80,10.00
36278.00,7556551.37,497087.40,18309.09,0.00,-0.00,0.00,0.00,0.00,0.00,0.00,-0.00,162872.14,0.00,0.00,165695.80,10.00
36288.00,7556551.37,497087.40,18309.09,0.00,-0.00,0.00,0.00,0.00,0.00,0.00,-0.00,164529.10,0.00,0.00,165695.80,10.00
36298.00,7556551.37,497087.40,18309.09,0.00,-0.00,0.00,0.00,0.00,0.00,0.00,-0.00,166186.06,0.00,0.00,165695.80,10.00
36308.00,7556551.37,497087.40,18309.09,0.00,-0.00,0.00,0.00,0.00,0.00,0.00,-0.00,167843.02,0.00,-0.00,165695.80,10.00
36318.00,7556551.37,497087.40,18309.09,0.00,-0.00,0.00,0.00,0.00,0.00,0.00,-0.00,169499.97,0.00,0.00,165695.80,15.00
36333.00,7556551.37,497087.40,18309.09,0.00,-0.00,0.00,0.00,0.00,0.00,0.00,-0.00,171985.41,0.00,0.00,165695.80,10.00
36343.00,7556551.37,497087.40,18309.09,0.00,-0.00,0.00,0.00,0.00,0.00,0.00,-0.00,173642.37,-0.00,0.00,165695.80,10.00
36353.00,7556551.37,497087.40,18309.09,0.00,-0.00,0.00,0.00,0.00,0.00,0.00,-0.00,175299.33,0.00,0.00,165695.80,10.00
36363.00,7556551.37,497087.40,18309.09,0.00,-0.00,0.00,0.00,0.00,0.00,0.00,-0.00,176956.29,0.00,0.00,165695.80,10.00
36373.00,7556551.37,497087.40,18309.09,0.00,-0.00,0.00,0.00,0.00,0.00,0.00,-0.00,178613.24,0.00,0.00,165695.80,10.00
36393.00,7556590.35,497148.71,18309.18,0.00,0.00,0.00,0.00,0.00,0.00,0.00,-0.00,181927.16,0.00,0.00,165695.80,10.00
36403.00,7556590.35,497148.71,18309.18,0.00,0.00,0.00,0.00,0.00,0.00,0.00,-0.00,183584.32,0.00,-0.00,165716.24,10.00
36413.00,7556590.35,497148.71,18309.18,0.00,0.00,0.00,0.00,0.00,0.00,0.00,-0.00,185241.48,0.00,0.00,165716.24,15.00
36428.00,7556590.35,497148.71,18309.18,0.00,0.00,0.00,0.00,0.00,0.00,0.00,-0.00,187727.23,-0.00,0.00,165716.24,10.00
36438.00,7556590.35,497148.71,18309.18,0.00,0.00,0.00,0.00,0.00,0.00,0.00,-0.00,189384.39,-0.00,-0.00,165716.24,10.00
36448.00,7556590.35,497148.71,18309.18,0.00,0.00,0.00,0.00,0.00,0.00,0.00,-0.00,191041.55,-0.00,-0.00,165716.24,10.00
36458.00,7556590.35,497148.71,18309.18,0.00,0.00,0.00,0.00,0.00,0.00,0.00,-0.00,192698.71,0.00,-0.00,165716.24,10.00
36468.00,7556590.35,497148.71,18309.18,0.00,0.00,0.00,0.00,0.00,0.00,0.00,-0.00,194355.88,-0.00,-0.00,165716.24,10.00
36478.00,7556590.35,497148.71,18309.18,0.00,0.00,0.00,0.00,0.00,0.00,0.00,-0.00,196013.04,-0.00,-0.00,165716.24,10.00
36488.00,7556590.35,497148.71,18309.18,0.00,0.00,0.00,0.00,0.00,0.00,0.00,-0.00,197670.20,-0.00,-0.00,165716.24,10.00
36502.00,7556590.35,497148.71,18309.18,0.00,0.00,0.00,0.00,0.00,0.00,0.00,-0.00,199990.23,-0.00,0.00,165716.24,20.00
36522.00,7556590.35,497148.71,18309.18,0.00,0.00,0.00,0.00,0.00,0.00,0.00,-0.00,203304.55,0.00,0.00,165716.24,10.00
36532.00,7556590.35,497148.71,18309.18,0.00,0.00,0.00,0.00,0.00,0.00,0.00,-0.00,204961.72,-0.00,0.00,165716.24,10.00
36542.00,7556590.35,497148.71,18309.18,0.00,0.00,0.00,0.00,0.00,0.00,0.00,-0.00,206618.88,-0.00,-0.00,165716.24,10.00
36552.00,7556590.35,497148.71,18309.18,0.00,0.00,0.00,0.00,0.00,0.00,0.00,-0.00,208276.04,0.00,0.00,165716.24,10.00
36562.00,7556590.35,497148.71,18309.18,0.00,0.00,0.00,0.00,0.00,0.00,0.00,-0.00,209933.20,-0.00,-0.00,165716.24,10.00
36572.00,7556590.35,497148.71,18309.18,0.00,0.00,0.00,0.00,0.00,0.00,0.00,-0.00,211590.37,0.00,-0.00,165716.24,10.00
36582.00,7556590.35,497148.71,18309.18,0.00,0.00,0.00,0.00,0.00,0.00,0.00,-0.00,213247.53,-0.00,-0.00,165716.24,10.00
36592.00,7556590.35,497148.71,18309.18,0.00,0.00,0.00,0.00,0.00,0.00,0.00,-0.00,214904.69,-0.00,-0.00,165716.24,10.00
36602.00,7556648.82,497240.68,18309.32,-0.00,0.00,0.00,-0.00,-0.00,-0.00,0.00,-0.00,216561.85,-0.00,0.00,165716.24,18.00
36625.00,7556648.82,497240.68,18309.32,-0.00,0.00,0.00,-0.00,-0.00,-0.00,0.00,-0.00,220374.03,0.00,-0.00,165746.89,10.00
36635.00,7556648.82,497240.68,18309.32,-0.00,0.00,0.00,-0.00,-0.00,-0.00,0.00,-0.00,222031.50,0.00,-0.00,165746.89,10.00
36645.00,7556648.82,497240.68,18309.32,-0.00,0.00,0.00,-0.00,-0.00,-0.00,0.00,-0.00,223688.97,0.00,-0.00,165746.89,10.00
36655.00,7556648.82,497240.68,18309.32,-0.00,0.00,0.00,-0.00,-0.00,-0.00,0.00,-0.00,225346.44,-0.00,-0.00,165746.89,10.00
36665.00,7556648.82,497240.68,18309.32,-0.00,0.00,0.00,-0.00,-0.00,-0.00,0.00,-0.00,227003.91,-0.00,-0.00,165746.89,10.00
36675.00,7556648.82,497240.68,18309.32,-0.00,0.00,0.00,-0.00,-0.00,-0.00,0.00,-0.00,228661.38,-0.00,-0.00,165746.89,10.00
36685.00,7556648.82,497240.68,18309.32,-0.00,0.00,0.00,-0.00,-0.00,-0.00,0.00,-0.00,230318.84,-0.00,-0.00,165746.89,10.00
36695.00,7556648.82,497240.68,18309.32,-0.00,0.00,0.00,-0.00,-0.00,-0.00,0.00,-0.00,231976.31,0.00,-0.00,165746.89,10.00
36705.00,7556648.82,497240.68,18309.32,-0.00,0.00,0.00,-0.00,-0.00,-0.00,0.00,-0.00,233633.78,-0.00,-0.00,165746.89,18.00
36723.00,7556648.82,497240.68,18309.32,-0.00,0.00,0.00,-0.00,-0.00,-0.00,0.00,-0.00,236617.23,-0.00,0.00,165746.89,10.00
36738.00,7556648.82,497240.68,18309.32,-0.00,0.00,0.00,-0.00,-0.00,-0.00,0.00,-0.00,239103.43,0.00,0.00,165746.89,10.00
36748.00,7556648.82,497240.68,18309.32,-0.00,0.00,0.00,-0.00,-0.00,-0.00,0.00,-0.00,240760.90,-0.00,-0.00,165746.89,10.00
36758.00,7556648.82,497240.68,18309.32,-0.00,0.00,0.00,-0.00,-0.00,-0.00,0.00,-0.00,242418.37,-0.00,-0.00,165746.89,10.00
36768.00,7556648.82,497240.68,18309.32,-0.00,0.00,0.00,-0.00,-0.00,-0.00,0.00,-0.00,244075.84,0.00,-0.00,165746.89,10.00
36778.00,7556648.82,497240.68,18309.32,-0.00,0.00,0.00,-0.00,-0.00,-0.00,0.00,-0.00,245733.31,0.00,-0.00,165746.89,10.00
36788.00,7556648.82,497240.68,18309.32,-0.00,0.00,0.00,-0.00,-0.00,-0.00,0.00,-0.00,247390.77,-0.00,-0.00,165746.89,10.00
36798.00,7556648.82,497240.68,18309.32,-0.00,0.00,0.00,-0.00,-0.00,-0.00,0.00,-0.00,249048.24,0.00,-0.00,165746.89,10.00
36808.00,7556668.30,497271.34,18309.37,0.00,-0.00,0.00,0.00,-0.00,0.00,0.00,-0.00,250705.71,0.00,-0.00,165746.89,10.00
36818.00,7556668.30,497271.34,18309.37,0.00,-0.00,0.00,0.00,-0.00,0.00,0.00,-0.00,252363.28,-0.00,0.00,165757.11,17.00
36835.00,7556668.30,497271.34,18309.37,0.00,-0.00,0.00,0.00,-0.00,0.00,0.00,-0.00,255181.15,0.00,0.00,165757.11,10.00
36850.00,7556668.30,497271.34,18309.37,0.00,-0.00,0.00,0.00,-0.00,0.00,0.00,-0.00,257667.51,-0.00,-0.00,165757.11,10.00
36860.00,7556668.30,497271.34,18309.37,0.00,-0.00,0.00,0.00,-0.00,0.00,0.00,-0.00,259325.08,-0.00,-0.00,165757.11,10.00
36870.00,7556668.30,497271.34,18309.37,0.00,-0.00,0.00,0.00,-0.00,0.00,0.00,-0.00,260982.65,-0.00,0.00,165757.11,10.00
36880.00,7556668.30,497271.34,18309.37,0.00,-0.00,0.00,0.00,-0.00,0.00,0.00,-0.00,262640.22,-0.00,-0.00,165757.11,10.00
36890.00,7556668.30,497271.34,18309.37,0.00,-0.00,0.00,0.00,-0.00,0.00,0.00,-0.00,264297.80,0.00,-0.00,165757.11,10.00
36900.00,7556668.30,497271.34,18309.37,0.00,-0.00,0.00,0.00,-0.00,0.00,0.00,-0.00,265955.37,-0.00,-0.00,165757.11,10.00
36910.00,7556668.30,497271.34,18309.37,0.00,-0.00,0.00,0.00,-0.00,0.00,0.00,-0.00,267612.94,-0.00,0.00,165757.11,16.00
36926.00,7556668.30,497271.34,18309.37,0.00,-0.00,0.00,0.00,-0.00,0.00,0.00,-0.00,270265.05,0.00,0.00,165757.11,10.00
36936.00,7556668.30,497271.34,18309.37,0.00,-0.00,0.00,0.00,-0.00,0.00,0.00,-0.00,271922.62,0.00,0.00,165757.11,10.00
36946.00,7556668.30,497271.34,18309.37,0.00,-0.00,0.00,0.00,-0.00,0.00,0.00,-0.00,273580.19,0.00,0.00,165757.11,10.00
36961.00,7556668.30,497271.34,18309.37,0.00,-0.00,0.00,0.00,-0.00,0.00,0.00,-0.00,276066.55,0.00,-0.00,165757.11,10.00
36971.00,7556668.30,497271.34,18309.37,0.00,-0.00,0.00,0.00,-0.00,0.00,0.00,-0.00,277724.12,-0.00,0.00,165757.11,10.00
36981.00,7556668.30,497271.34,18309.37,0.00,-0.00,0.00,0.00,-0.00,0.00,0.00,-0.00,279381.69,0.00,0.00,165757.11,10.00
36991.00,7556668.30,497271.34,18309.37,0.00,-0.00,0.00,0.00,-0.00,0.00,0.00,-0.00,281039.26,0.00,0.00,165757.11,10.00
37001.00,7556668.30,497271.34,18309.37,0.00,-0.00,0.00,0.00,-0.00,0.00,0.00,-0.00,282696.84,0.00,0.00,165757.11,10.00
37011.00,7556726.75,497363.31,18309.51,-0.00,0.00,0.00,-0.00,0.00,0.00,0.00,-0.00,284354.41,-0.00,0.00,165757.11,15.00
37026.00,7556726.75,497363.31,18309.51,-0.00,0.00,0.00,-0.00,0.00,0.00,0.00,-0.00,286841.22,0.00,0.00,165787.77,10.00
37036.00,7556726.75,497363.31,18309.51,-0.00,0.00,0.00,-0.00,0.00,0.00,0.00,-0.00,288499.10,0.00,0.00,165787.77,10.00
37046.00,7556726.75,497363.31,18309.51,-0.00,0.00,0.00,-0.00,0.00,0.00,0.00,-0.00,290156.98,0.00,0.00,165787.77,10.00
37056.00,7556726.75,497363.31,18309.51,-0.00,0.00,0.00,-0.00,0.00,0.00,0.00,-0.00,291814.86,0.00,0.00,165787.77,10.00
37071.00,7556726.75,497363.31,18309.51,-0.00,0.00,0.00,-0.00,0.00,0.00,0.00,-0.00,294301.67,0.00,0.00,165787.77,10.00
37081.00,7556726.75,497363.31,18309.51,-0.00,0.00,0.00,-0.00,0.00,0.00,0.00,-0.00,295959.55,0.00,0.00,165787.77,10.00
37091.00,7556726.75,497363.31,18309.51,-0.00,0.00,0.00,-0.00,0.00,0.00,0.00,-0.00,297617.43,-0.00,-0.00,165787.77,10.00
37101.00,7556726.75,497363.31,18309.51,-0.00,0.00,0.00,-0.00,0.00,0.00,0.00,-0.00,299275.31,0.00,-0.00,165787.77,16.00
37117.00,7556726.75,497363.31,18309.51,-0.00,0.00,0.00,-0.00,0.00,0.00,0.00,-0.00,301927.91,0.00,-0.00,165787.77,10.00
37127.00,7556726.75,497363.31,18309.51,-0.00,0.00,0.00,-0.00,0.00,0.00,0.00,-0.00,303585.79,0.00,-0.00,165787.77,10.00
37137.00,7556726.75,497363.31,18309.51,-0.00,0.00,0.00,-0.00,0.00,0.00,0.00,-0.00,305243.67,-0.00,-0.00,165787.77,10.00
37147.00,7556726.75,497363.31,18309.51,-0.00,0.00,0.00,-0.00,0.00,0.00,0.00,-0.00,306901.54,-0.00,0.00,165787.77,10.00
37157.00,7556726.75,497363.31,18309.51,-0.00,0.00,0.00,-0.00,0.00,0.00,0.00,-0.00,308559.42,0.00,0.00,165787.77,10.00
37167.00,7556726.75,497363.31,18309.51,-0.00,0.00,0.00,-0.00,0.00,0.00,0.00,-0.00,310217.30,-0.00,0.00,165787.77,10.00
37187.00,7556726.75,497363.31,18309.51,-0.00,0.00,0.00,-0.00,0.00,0.00,0.00,-0.00,313533.05,-0.00,0.00,165787.77,10.00
37197.00,7556726.75,497363.31,18309.51,-0.00,0.00,0.00,-0.00,0.00,0.00,0.00,-0.00,315190.93,0.00,0.00,165787.77,10.00
37207.00,7556726.75,497363.31,18309.51,-0.00,0.00,0.00,-0.00,0.00,0.00,0.00,-0.00,316848.81,0.00,0.00,165787.77,18.00
37225.00,7556765.72,497424.63,18309.60,-0.00,0.00,0.00,-0.00,0.00,0.00,0.00,-0.00,319832.99,-0.00,0.00,165787.77,10.00
37235.00,7556765.72,497424.63,18309.60,-0.00,0.00,0.00,-0.00,0.00,0.00,0.00,-0.00,321491.07,-0.00,0.00,165808.21,10.00
37245.00,7556765.72,497424.63,18309.60,-0.00,0.00,0.00,-0.00,0.00,0.00,0.00,-0.00,323149.15,-0.00,0.00,165808.21,10.00
37255.00,7556765.72,497424.63,18309.60,-0.00,0.00,0.00,-0.00,0.00,0.00,0.00,-0.00,324807.24,0.00,0.00,165808.21,10.00
37265.00,7556765.72,497424.63,18309.60,-0.00,0.00,0.00,-0.00,0.00,0.00,0.00,-0.00,326465.32,0.00,0.00,165808.21,10.00
37275.00,7556765.72,497424.63,18309.60,-0.00,0.00,0.00,-0.00,0.00,0.00,0.00,-0.00,328123.40,-0.00,0.00,165808.21,10.00
37285.00,7556765.72,497424.63,18309.60,-0.00,0.00,0.00,-0.00,0.00,0.00,0.00,-0.00,329781.48,0.00,0.00,165808.21,10.00
37300.00,7556765.72,497424.63,18309.60,-0.00,0.00,0.00,-0.00,0.00,0.00,0.00,-0.00,332268.60,-0.00,0.00,165808.21,17.00
37317.00,7556765.72,497424.63,18309.60,-0.00,0.00,0.00,-0.00,0.00,0.00,0.00,-0.00,335087.34,-0.00,-0.00,165808.21,10.00
37327.00,7556765.72,497424.63,18309.60,-0.00,0.00,0.00,-0.00,0.00,0.00,0.00,-0.00,336745.43,-0.00,-0.00,165808.21,10.00
37337.00,7556765.72,497424.63,18309.60,-0.00,0.00,0.00,-0.00,0.00,0.00,0.00,-0.00,338403.51,0.00,0.00,165808.21,10.00
37347.00,7556765.72,497424.63,18309.60,-0.00,0.00,0.00,-0.00,0.00,0.00,0.00,-0.00,340061.59,0.00,0.00,165808.21,10.00
37357.00,7556765.72,497424.63,18309.60,-0.00,0.00,0.00,-0.00,0.00,0.00,0.00,-0.00,341719.67,0.00,0.00,165808.21,10.00
37367.00,7556765.72,497424.63,18309.60,-0.00,0.00,0.00,-0.00,0.00,0.00,0.00,-0.00,343377.75,0.00,0.00,165808.21,10.00
37377.00,7556765.72,497424.63,18309.60,-0.00,0.00,0.00,-0.00,0.00,0.00,0.00,-0.00,345035.84,0.00,0.00,165808.21,10.00
37387.00,7556765.72,497424.63,18309.60,-0.00,0.00,0.00,-0.00,0.00,0.00,0.00,-0.00,346693.92,0.00,0.00,165808.21,10.00
37397.00,7556765.72,497424.63,18309.60,-0.00,0.00,0.00,-0.00,0.00,0.00,0.00,-0.00,348352.00,0.00,0.00,165808.21,10.00
37412.00,7556765.72,497424.63,18309.60,-0.00,0.00,0.00,-0.00,0.00,0.00,0.00,-0.00,350839.12,-0.00,0.00,165808.21,16.00
37428.00,7555368.41,546520.91,18307.94,0.00,0.00,0.00,0.00,0.00,-0.00,0.00,-0.00,353492.06,-0.00,-0.00,165808.21,10.00
37438.00,7555368.41,546520.91,18307.94,0.00,0.00,0.00,0.00,0.00,-0.00,0.00,-0.00,355313.79,0.00,-0.00,182173.63,10.00
37448.00,7555368.41,546520.91,18307.94,0.00,0.00,0.00,0.00,0.00,-0.00,0.00,-0.00,357135.53,0.00,-0.00,182173.63,10.00
37458.00,7555368.41,546520.91,18307.94,0.00,0.00,0.00,0.00,0.00,-0.00,0.00,-0.00,358957.26,-0.00,0.00,182173.64,10.00
37468.00,7555368.41,546520.91,18307.94,0.00,0.00,0.00,0.00,0.00,-0.00,0.00,-0.00,360779.00,-0.00,0.00,182173.64,10.00
37478.00,7555368.41,546520.91,18307.94,0.00,0.00,0.00,0.00,0.00,-0.00,0.00,-0.00,362600.74,-0.00,-0.00,182173.64,10.00
37488.00,7555368.41,546520.91,18307.94,0.00,0.00,0.00,0.00,0.00,-0.00,0.00,-0.00,364422.47,-0.00,-0.00,182173.64,10.00
37498.00,7555368.41,546520.91,18307.94,0.00,0.00,0.00,0.00,0.00,-0.00,0.00,-0.00,366244.21,-0.00,-0.00,182173.64,10.00
37508.00,7555368.41,546520.91,18307.94,0.00,0.00,0.00,0.00,0.00,-0.00,0.00,-0.00,368065.95,-0.00,0.00,182173.64,18.00
37530.00,7555368.41,546520.91,18307.94,0.00,0.00,0.00,0.00,0.00,-0.00,0.00,-0.00,372073.77,0.00,-0.00,182173.64,10.00
37540.00,7555368.41,546520.91,18307.94,0.00,0.00,0.00,0.00,0.00,-0.00,0.00,-0.00,373895.50,0.00,-0.00,182173.63,10.00
37550.00,7555368.41,546520.91,18307.94,0.00,0.00,0.00,0.00,0.00,-0.00,0.00,-0.00,375717.24,-0.00,-0.00,182173.64,10.00
37560.00,7555368.41,546520.91,18307.94,0.00,0.00,0.00,0.00,0.00,-0.00,0.00,-0.00,377538.98,-0.00,0.00,182173.64,10.00
37570.00,7555368.41,546520.91,18307.94,0.00,0.00,0.00,0.00,0.00,-0.00,0.00,-0.00,379360.71,-0.00,0.00,182173.64,10.00
37580.00,7555368.41,546520.91,18307.94,0.00,0.00,0.00,0.00,0.00,-0.00,0.00,-0.00,381182.45,0.00,0.00,182173.63,10.00
37590.00,7555368.41,546520.91,18307.94,0.00,0.00,0.00,0.00,0.00,-0.00,0.00,-0.00,383004.18,0.00,0.00,182173.64,10.00
37600.00,7555368.41,546520.91,18307.94,0.00,0.00,0.00,0.00,0.00,-0.00,-0.00,-0.00,384825.92,-0.00,-0.00,182173.64,10.00
37610.00,7555368.41,546520.91,18307.94,0.00,0.00,0.00,0.00,0.00,-0.00,-0.00,-0.00,386647.66,0.00,-0.00,182173.64,17.00
37627.00,7555368.41,546520.91,18307.94,0.00,0.00,0.00,0.00,0.00,-0.00,-0.00,-0.00,389744.61,0.00,0.00,182173.64,10.00
37641.00,7555407.62,546581.40,18308.03,0.00,0.00,0.00,0.00,0.00,0.00,-0.00,-0.00,392295.04,-0.00,-0.00,182173.64,10.00
37651.00,7555407.62,546581.40,18308.03,0.00,0.00,0.00,0.00,0.00,0.00,-0.00,-0.00,394116.98,0.00,-0.00,182193.80,10.00
37661.00,7555407.62,546581.40,18308.03,0.00,0.00,0.00,0.00,0.00,0.00,-0.00,-0.00,395938.92,-0.00,-0.00,182193.80,10.00
37671.00,7555407.62,546581.40,18308.03,0.00,0.00,0.00,0.00,0.00,0.00,-0.00,-0.00,397760.85,0.00,0.00,182193.80,10.00
37681.00,7555407.62,546581.40,18308.03,0.00,0.00,0.00,0.00,0.00,0.00,-0.00,-0.00,399582.79,0.00,0.00,182193.80,10.00
37691.00,7555407.62,546581.40,18308.03,0.00,0.00,0.00,0.00,0.00,0.00,-0.00,-0.00,401404.73,0.00,0.00,182193.80,10.00
37701.00,7555407.62,546581.40,18308.03,0.00,0.00,0.00,0.00,0.00,0.00,-0.00,-0.00,403226.67,0.00,-0.00,182193.80,16.00
37717.00,7555407.62,546581.40,18308.03,0.00,0.00,0.00,0.00,0.00,0.00,-0.00,-0.00,406141.77,-0.00,0.00,182193.80,10.00
37727.00,7555407.62,546581.40,18308.03,0.00,0.00,0.00,0.00,0.00,0.00,-0.00,-0.00,407963.71,0.00,0.00,182193.80,10.00
37737.00,7555407.62,546581.40,18308.03,0.00,0.00,0.00,0.00,0.00,0.00,-0.00,-0.00,409785.64,0.00,-0.00,182193.80,10.00
37752.00,7555407.62,546581.40,18308.03,0.00,0.00,0.00,0.00,0.00,0.00,-0.00,-0.00,412518.55,-0.00,0.00,182193.80,10.00
37762.00,7555407.62,546581.40,18308.03,0.00,0.00,0.00,0.00,0.00,0.00,-0.00,-0.00,414340.49,0.00,0.00,182193.80,10.00
37772.00,7555407.62,546581.40,18308.03,0.00,0.00,0.00,0.00,0.00,0.00,-0.00,-0.00,416162.43,0.00,-0.00,182193.80,10.00
37782.00,7555407.62,546581.40,18308.03,0.00,0.00,0.00,0.00,0.00,0.00,-0.00,-0.00,417984.37,-0.00,-0.00,182193.80,10.00
37792.00,7555407.62,546581.40,18308.03,0.00,0.00,0.00,0.00,0.00,0.00,-0.00,-0.00,419806.30,-0.00,-0.00,182193.80,10.00
37802.00,7555407.62,546581.40,18308.03,0.00,0.00,0.00,0.00,0.00,0.00,-0.00,-0.00,421628.24,-0.00,-0.01,182193.80,16.00
37818.00,7555407.62,546581.40,18308.03,0.00,0.00,0.00,0.00,0.00,0.00,-0.00,-0.00,424543.34,-0.00,0.00,182193.80,10.00
37828.00,7555407.62,546581.40,18308.03,0.00,0.00,0.00,0.00,0.00,0.00,-0.00,-0.00,426365.28,0.00,0.00,182193.80,10.00
37838.00,7555407.62,546581.40,18308.03,0.00,0.00,0.00,0.00,0.00,0.00,-0.00,-0.00,428187.22,-0.00,0.00,182193.80,10.00
37848.00,7555446.83,546641.89,18308.13,0.00,0.00,0.00,0.00,-0.00,0.00,-0.00,-0.00,430009.16,0.00,0.00,182193.80,10.00
37863.00,7555446.83,546641.89,18308.13,0.00,0.00,0.00,0.00,-0.00,0.00,-0.00,-0.00,432742.37,0.00,-0.00,182213.96,10.00
37873.00,7555446.83,546641.89,18308.13,0.00,0.00,0.00,0.00,-0.00,0.00,-0.00,-0.00,434564.51,0.00,0.00,182213.96,10.00
37883.00,7555446.83,546641.89,18308.13,0.00,0.00,0.00,0.00,-0.00,0.00,-0.00,-0.00,436386.65,-0.00,-0.00,182213.97,10.00
37893.00,7555446.83,546641.89,18308.13,0.00,0.00,0.00,0.00,-0.00,0.00,-0.00,-0.00,438208.78,0.00,-0.00,182213.97,10.00
37903.00,7555446.83,546641.89,18308.13,0.00,0.00,0.00,0.00,-0.00,0.00,-0.00,-0.00,440030.92,0.00,0.00,182213.96,16.00
37919.00,7555446.83,546641.89,18308.13,0.00,0.00,0.00,0.00,-0.00,0.00,-0.00,-0.00,442946.35,-0.00,0.00,182213.96,10.00
37929.00,7555446.83,546641.89,18308.13,0.00,0.00,0.00,0.00,-0.00,0.00,-0.00,-0.00,444768.49,0.00,-0.00,182213.96,10.00
37939.00,7555446.83,546641.89,18308.13,0.00,0.00,0.00,0.00,-0.00,0.00,-0.00,-0.00,446590.63,0.00,-0.00,182213.96,10.00
37949.00,7555446.83,546641.89,18308.13,0.00,0.00,0.00,0.00,-0.00,0.00,-0.00,-0.00,448412.77,0.00,-0.00,182213.96,10.00
37959.00,7555446.83,546641.89,18308.13,0.00,0.00,0.00,0.00,-0.00,0.00,-0.00,-0.00,450234.91,0.00,-0.00,182213.97,10.00
37978.00,7555446.83,546641.89,18308.13,0.00,0.00,0.00,0.00,-0.00,0.00,-0.00,-0.00,453696.97,0.00,0.00,182213.96,10.00
37988.00,7555446.83,546641.89,18308.13,0.00,0.00,0.00,0.00,-0.00,0.00,-0.00,-0.00,455519.11,0.00,-0.00,182213.96,10.00
37998.00,7555446.83,546641.89,18308.13,0.00,0.00,0.00,0.00,-0.00,0.00,-0.00,-0.00,457341.25,-0.00,-0.00,182213.96,19.00
38017.00,7555446.83,546641.89,18308.13,0.00,0.00,0.00,0.00,-0.00,0.00,-0.00,-0.00,460803.32,0.00,0.00,182213.97,10.00
38027.00,7555446.83,546641.89,18308.13,0.00,0.00,0.00,0.00,-0.00,0.00,-0.00,-0.00,462625.46,-0.00,-0.00,182213.96,10.00
38037.00,7555446.83,546641.89,18308.13,0.00,0.00,0.00,0.00,-0.00,0.00,-0.00,-0.00,464447.60,0.00,0.00,182213.96,10.00
38047.00,7555446.83,546641.89,18308.13,0.00,0.00,0.00,0.00,-0.00,0.00,-0.00,-0.00,466269.74,0.00,-0.00,182213.96,10.00
38057.00,7555486.04,546702.39,18308.22,-0.00,0.00,0.00,-0.00,-0.00,0.00,-0.00,-0.00,468091.88,-0.00,0.00,182213.97,10.00
38067.00,7555486.04,546702.39,18308.22,-0.00,0.00,0.00,-0.00,-0.00,0.00,-0.00,-0.00,469914.22,0.00,0.00,182234.13,10.00
38077.00,7555486.04,546702.39,18308.22,-0.00,0.00,0.00,-0.00,-0.00,0.00,-0.00,-0.00,471736.56,0.00,-0.00,182234.13,10.00
38092.00,7555486.04,546702.39,18308.22,-0.00,0.00,0.00,-0.00,-0.00,0.00,-0.00,-0.00,474470.07,0.00,0.00,182234.13,10.00
38102.00,7555486.04,546702.39,18308.22,-0.00,0.00,0.00,-0.00,-0.00,0.00,-0.00,-0.00,476292.41,0.00,0.00,182234.13,16.00
38118.00,7555486.04,546702.39,18308.22,-0.00,0.00,0.00,-0.00,-0.00,0.00,-0.00,-0.00,479208.16,0.00,0.00,182234.13,10.00
38128.00,7555486.04,546702.39,18308.22,-0.00,0.00,0.00,-0.00,-0.00,0.00,-0.00,-0.00,481030.50,0.00,-0.00,182234.13,10.00
38138.00,7555486.04,546702.39,18308.22,-0.00,0.00,0.00,-0.00,-0.00,0.00,-0.00,-0.00,482852.84,0.00,-0.00,182234.13,10.00
38148.00,7555486.04,546702.39,18308.22,-0.00,0.00,0.00,-0.00,-0.00,0.00,-0.00,-0.00,484675.18,-0.00,-0.00,182234.13,10.00
38158.00,7555486.04,546702.39,18308.22,-0.00,0.00,0.00,-0.00,-0.00,0.00,-0.00,-0.00,486497.52,-0.00,-0.00,182234.13,10.00
38168.00,7555486.04,546702.39,18308.22,-0.00,0.00,0.00,-0.00,-0.00,0.00,-0.00,-0.00,488319.86,0.00,-0.00,182234.13,10.00
38178.00,7555486.04,546702.39,18308.22,-0.00,0.00,0.00,-0.00,-0.00,0.00,-0.00,-0.00,490142.20,0.00,-0.00,182234.13,10.00
38188.00,7555486.04,546702.39,18308.22,-0.00,0.00,0.00,-0.00,-0.00,0.00,-0.00,-0.00,491964.55,-0.00,-0.00,182234.13,10.00
38203.00,7555486.04,546702.39,18308.22,-0.00,0.00,0.00,-0.00,-0.00,0.00,-0.00,-0.00,494698.06,0.00,-0.00,182234.13,17.00
38220.00,7555486.04,546702.39,18308.22,-0.00,0.00,0.00,-0.00,-0.00,0.00,-0.00,-0.00,497796.04,0.00,-0.00,182234.13,10.00
38230.00,7555486.04,546702.39,18308.22,-0.00,0.00,0.00,-0.00,-0.00,0.00,-0.00,-0.00,499618.38,-0.00,0.00,182234.13,10.00
38240.00,7555486.04,546702.39,18308.22,-0.00,0.00,0.00,-0.00,-0.00,0.00,-0.00,-0.00,501440.72,-0.00,0.00,182234.13,10.00
38250.00,7555486.04,546702.39,18308.22,-0.00,0.00,0.00,-0.00,-0.00,0.00,-0.00,-0.00,503263.06,0.00,0.00,182234.13,10.00
38260.00,7555525.23,546762.89,18308.32,0.00,0.00,0.00,0.00,0.00,0.00,-0.00,-0.00,505085.40,0.00,0.00,182234.13,10.00
38270.00,7555525.23,546762.89,18308.32,0.00,0.00,0.00,0.00,0.00,0.00,-0.00,-0.00,506907.95,0.00,0.00,182254.30,10.00
38280.00,7555525.23,546762.89,18308.32,0.00,0.00,0.00,0.00,0.00,0.00,-0.00,-0.00,508730.49,-0.00,-0.00,182254.30,10.00
38290.00,7555525.23,546762.89,18308.32,0.00,0.00,0.00,0.00,0.00,0.00,-0.00,-0.00,510553.03,0.00,-0.00,182254.30,10.00
38300.00,7555525.23,546762.89,18308.32,0.00,0.00,0.00,0.00,0.00,0.00,-0.00,-0.00,512375.58,-0.00,-0.00,182254.30,18.00
38323.00,7555525.23,546762.89,18308.32,0.00,0.00,0.00,0.00,0.00,0.00,-0.00,-0.00,516567.42,-0.00,-0.00,182254.30,10.00
38333.00,7555525.23,546762.89,18308.32,0.00,0.00,0.00,0.00,0.00,0.00,-0.00,-0.00,518389.97,0.00,-0.00,182254.30,10.00
38343.00,7555525.23,546762.89,18308.32,0.00,0.00,0.00,0.00,0.00,0.00,-0.00,-0.00,520212.51,-0.00,-0.00,182254.30,10.00
38353.00,7555525.23,546762.89,18308.32,0.00,0.00,0.00,0.00,0.00,0.00,-0.00,-0.00,522035.05,-0.00,-0.00,182254.30,10.00
38363.00,7555525.23,546762.89,18308.32,0.00,0.00,0.00,0.00,0.00,0.00,-0.00,-0.00,523857.60,0.00,0.00,182254.30,10.00
38373.00,7555525.23,546762.89,18308.32,0.00,0.00,0.00,0.00,0.00,0.00,-0.00,-0.00,525680.14,-0.00,-0.00,182254.30,10.00
38383.00,7555525.23,546762.89,18308.32,0.00,0.00,0.00,0.00,0.00,0.00,-0.00,-0.00,527502.68,-0.00,0.00,182254.30,10.00
38393.00,7555525.23,546762.89,18308.32,0.00,0.00,0.00,0.00,0.00,0.00,-0.00,-0.00,529325.23,0.00,-0.00,182254.30,10.00
38403.00,7555525.23,546762.89,18308.32,0.00,0.00,0.00,0.00,0.00,0.00,-0.00,-0.00,531147.77,-0.00,0.00,182254.30,17.00
38420.00,7555525.23,546762.89,18308.32,0.00,0.00,0.00,0.00,0.00,0.00,-0.00,-0.00,534246.09,0.00,-0.00,182254.30,10.00
38435.00,7555525.23,546762.89,18308.32,0.00,0.00,0.00,0.00,0.00,0.00,-0.00,-0.00,536979.91,-0.00,-0.00,182254.30,10.00
38445.00,7555525.23,546762.89,18308.32,0.00,0.00,0.00,0.00,0.00,0.00,-0.00,-0.00,538802.45,-0.00,-0.00,182254.30,10.00
38455.00,7555525.23,546762.89,18308.32,0.00,0.00,0.00,0.00,0.00,0.00,-0.00,-0.00,540624.99,-0.00,0.00,182254.30,10.00
38465.00,7555564.44,546823.39,18308.41,0.00,0.00,-0.00,-0.00,-0.00,-0.00,-0.00,-0.00,542447.53,0.00,0.00,182254.30,10.00
38475.00,7555564.44,546823.39,18308.41,0.00,0.00,-0.00,-0.00,-0.00,-0.00,-0.00,-0.00,544270.28,-0.00,-0.00,182274.46,10.00
38485.00,7555564.44,546823.39,18308.41,0.00,0.00,-0.00,-0.00,-0.00,-0.00,-0.00,-0.00,546093.02,0.00,0.00,182274.46,10.00
38495.00,7555564.44,546823.39,18308.41,0.00,0.00,-0.00,-0.00,-0.00,-0.00,-0.00,-0.00,547915.77,0.00,0.00,182274.46,10.00
38505.00,7555564.44,546823.39,18308.41,0.00,0.00,-0.00,-0.00,-0.00,-0.00,-0.00,-0.00,549738.51,0.00,-0.00,182274.46,10.00
38515.00,7555564.44,546823.39,18308.41,0.00,0.00,-0.00,-0.00,-0.00,-0.00,-0.00,-0.00,551561.26,0.00,0.00,182274.46,15.00
38530.00,7555564.44,546823.39,18308.41,0.00,0.00,-0.00,-0.00,-0.00,-0.00,-0.00,-0.00,554295.37,0.00,-0.00,182274.46,10.00
38544.00,7555564.44,546823.39,18308.41,0.00,0.00,-0.00,-0.00,-0.00,-0.00,-0.00,-0.00,556847.22,0.00,0.00,182274.46,10.00
38554.00,7555564.44,546823.39,18308.41,0.00,0.00,-0.00,-0.00,-0.00,-0.00,-0.00,-0.00,558669.96,0.00,0.00,182274.46,10.00
38564.00,7555564.44,546823.39,18308.41,0.00,0.00,-0.00,-0.00,-0.00,-0.00,-0.00,-0.00,560492.71,0.00,-0.00,182274.46,10.00
38574.00,7555564.44,546823.39,18308.41,0.00,0.00,-0.00,-0.00,-0.00,-0.00,-0.00,-0.00,562315.45,0.00,-0.00,182274.46,10.00
38584.00,7555564.44,546823.39,18308.41,0.00,0.00,-0.00,-0.00,-0.00,-0.00,-0.00,-0.00,564138.20,-0.00,-0.00,182274.46,10.00
38594.00,7555564.44,546823.39,18308.41,0.00,0.00,-0.00,-0.00,-0.00,-0.00,-0.00,-0.00,565960.94,0.00,0.00,182274.46,10.00
38604.00,7555564.44,546823.39,18308.41,0.00,0.00,-0.00,-0.00,-0.00,-0.00,-0.00,-0.00,567783.69,0.00,0.00,182274.46,16.00
38620.00,7555564.44,546823.39,18308.41,0.00,0.00,-0.00,-0.00,-0.00,-0.00,-0.00,-0.00,570700.08,0.00,0.00,182274.46,10.00
38630.00,7555564.44,546823.39,18308.41,0.00,0.00,-0.00,-0.00,-0.00,-0.00,-0.00,-0.00,572522.82,0.00,0.00,182274.46,10.00
38640.00,7555564.44,546823.39,18308.41,0.00,0.00,-0.00,-0.00,-0.00,-0.00,-0.00,-0.00,574345.57,0.00,-0.00,182274.46,10.00
38655.00,7555564.44,546823.39,18308.41,0.00,0.00,-0.00,-0.00,-0.00,-0.00,-0.00,-0.00,577079.68,0.00,0.00,182274.46,10.00
38665.00,7555603.62,546883.89,18308.51,0.00,0.00,0.00,0.00,0.00,0.00,-0.00,-0.00,578902.43,-0.00,-0.00,182274.46,10.00
38675.00,7555603.62,546883.89,18308.51,0.00,0.00,0.00,0.00,0.00,0.00,-0.00,-0.00,580725.37,-0.00,0.00,182294.63,10.00
38685.00,7555603.62,546883.89,18308.51,0.00,0.00,0.00,0.00,0.00,0.00,-0.00,-0.00,582548.32,0.00,-0.00,182294.63,10.00
38695.00,7555603.62,546883.89,18308.51,0.00,0.00,0.00,0.00,0.00,0.00,-0.00,-0.00,584371.27,0.00,0.00,182294.63,10.00
38705.00,7555603.62,546883.89,18308.51,0.00,0.00,0.00,0.00,0.00,0.00,-0.00,-0.00,586194.21,0.00,0.00,182294.63,16.00
38721.00,7555603.62,546883.89,18308.51,0.00,0.00,0.00,0.00,0.00,0.00,-0.00,-0.00,589110.93,0.00,0.00,182294.63,10.00
38731.00,7555603.62,546883.89,18308.51,0.00,0.00,0.00,0.00,0.00,0.00,-0.00,-0.00,590933.87,0.00,0.00,182294.63,10.00
38741.00,7555603.62,546883.89,18308.51,0.00,0.00,0.00,0.00,0.00,0.00,-0.00,-0.00,592756.82,0.00,0.00,182294.63,10.00
38751.00,7555603.62,546883.89,18308.51,0.00,0.00,0.00,0.00,0.00,0.00,-0.00,-0.00,594579.77,-0.00,0.00,182294.63,10.00
38771.00,7555603.62,546883.89,18308.51,0.00,0.00,0.00,0.00,0.00,0.00,-0.00,-0.00,598225.66,0.00,-0.00,182294.63,10.00
38781.00,7555603.62,546883.89,18308.51,0.00,0.00,0.00,0.00,0.00,0.00,-0.00,-0.00,600048.60,0.00,0.00,182294.63,10.00
38791.00,7555603.62,546883.89,18308.51,0.00,0.00,0.00,0.00,0.00,0.00,-0.00,-0.00,601871.55,0.00,-0.00,182294.63,10.00
38801.00,7555603.62,546883.89,18308.51,0.00,0.00,0.00,0.00,0.00,0.00,-0.00,-0.00,603694.50,0.00,-0.00,182294.63,18.00
38819.00,7555603.62,546883.89,18308.51,0.00,0.00,0.00,0.00,0.00,0.00,-0.00,-0.00,606975.80,0.00,0.00,182294.63,10.00
38829.00,7555603.62,546883.89,18308.51,0.00,0.00,0.00,0.00,0.00,0.00,-0.00,-0.00,608798.75,-0.00,0.00,182294.63,10.00
38839.00,7555603.62,546883.89,18308.51,0.00,0.00,0.00,0.00,0.00,0.00,-0.00,-0.00,610621.69,-0.00,0.00,182294.63,10.00
38849.00,7555603.62,546883.89,18308.51,0.00,0.00,0.00,0.00,0.00,0.00,-0.00,-0.00,612444.64,0.00,0.00,182294.63,10.00
38859.00,7555603.62,546883.89,18308.51,0.00,0.00,0.00,0.00,0.00,0.00,-0.00,-0.00,614267.59,-0.00,-0.00,182294.63,10.00
38869.00,7555642.82,546944.39,18308.60,0.00,0.00,0.00,-0.00,0.00,-0.00,-0.00,-0.00,616090.53,0.00,0.00,182294.63,10.00
38884.00,7555642.82,546944.39,18308.60,0.00,0.00,0.00,-0.00,0.00,-0.00,-0.00,-0.00,618825.25,0.00,-0.00,182314.80,10.00
38894.00,7555642.82,546944.39,18308.60,0.00,0.00,0.00,-0.00,0.00,-0.00,-0.00,-0.00,620648.40,-0.00,-0.00,182314.80,10.00
38904.00,7555642.82,546944.39,18308.60,0.00,0.00,0.00,-0.00,0.00,-0.00,-0.00,-0.00,622471.55,0.00,-0.00,182314.80,18.00
38922.00,7555642.82,546944.39,18308.60,0.00,0.00,0.00,-0.00,0.00,-0.00,-0.00,-0.00,625753.22,-0.00,-0.00,182314.80,10.00
38932.00,7555642.82,546944.39,18308.60,0.00,0.00,0.00,-0.00,0.00,-0.00,-0.00,-0.00,627576.36,0.00,-0.00,182314.80,10.00
38942.00,7555642.82,546944.39,18308.60,0.00,0.00,0.00,-0.00,0.00,-0.00,-0.00,-0.00,629399.51,0.00,0.00,182314.80,10.00
38952.00,7555642.82,546944.39,18308.60,0.00,0.00,0.00,-0.00,0.00,-0.00,-0.00,-0.00,631222.66,0.00,0.00,182314.80,10.00
38962.00,7555642.82,546944.39,18308.60,0.00,0.00,0.00,-0.00,0.00,-0.00,-0.00,-0.00,633045.81,-0.00,0.00,182314.80,10.00
38972.00,7555642.82,546944.39,18308.60,0.00,0.00,0.00,-0.00,0.00,-0.00,-0.00,-0.00,634868.96,0.00,0.00,182314.80,10.00
38982.00,7555642.82,546944.39,18308.60,0.00,0.00,0.00,-0.00,0.00,-0.00,-0.00,-0.00,636692.10,-0.00,-0.00,182314.80,10.00
38997.00,7555642.82,546944.39,18308.60,0.00,0.00,0.00,-0.00,0.00,-0.00,-0.00,-0.00,639426.83,-0.00,0.00,182314.80,10.00
39007.00,7555642.82,546944.39,18308.60,0.00,0.00,0.00,-0.00,0.00,-0.00,-0.00,-0.00,641249.97,-0.00,0.00,182314.80,16.00
39023.00,7555642.82,546944.39,18308.60,0.00,0.00,0.00,-0.00,0.00,-0.00,-0.00,-0.00,644167.01,0.00,0.00,182314.80,10.00
39033.00,7555642.82,546944.39,18308.60,0.00,0.00,0.00,-0.00,0.00,-0.00,-0.00,-0.00,645990.16,-0.00,-0.00,182314.80,10.00
39043.00,7555642.82,546944.39,18308.60,0.00,0.00,0.00,-0.00,0.00,-0.00,-0.00,-0.00,647813.31,-0.00,0.00,182314.80,10.00
39053.00,7555642.82,546944.39,18308.60,0.00,0.00,0.00,-0.00,0.00,-0.00,-0.00,-0.00,649636.46,-0.00,0.00,182314.80,10.00
39063.00,7555642.82,546944.39,18308.60,0.00,0.00,0.00,-0.00,0.00,-0.00,-0.00,-0.00,651459.60,0.00,-0.00,182314.80,10.00
39073.00,7555682.01,547004.90,18308.70,0.00,-0.00,0.00,0.00,-0.00,0.00,-0.00,-0.00,653282.75,0.00,-0.00,182314.80,10.00
39083.00,7555682.01,547004.90,18308.70,0.00,-0.00,0.00,0.00,-0.00,0.00,-0.00,-0.00,655106.10,0.00,-0.00,182334.97,10.00
39093.00,7555682.01,547004.90,18308.70,0.00,-0.00,0.00,0.00,-0.00,0.00,-0.00,-0.00,656929.45,-0.00,-0.00,182334.97,10.00
39107.00,7555682.01,547004.90,18308.70,0.00,-0.00,0.00,0.00,-0.00,0.00,-0.00,-0.00,659482.14,0.00,-0.00,182334.97,16.00
39123.00,7555682.01,547004.90,18308.70,0.00,-0.00,0.00,0.00,-0.00,0.00,-0.00,-0.00,662399.50,-0.00,-0.00,182334.97,10.00
39133.00,7555682.01,547004.90,18308.70,0.00,-0.00,0.00,0.00,-0.00,0.00,-0.00,-0.00,664222.85,-0.00,0.00,182334.97,10.00
39143.00,7555682.01,547004.90,18308.70,0.00,-0.00,0.00,0.00,-0.00,0.00,-0.00,-0.00,666046.20,-0.00,0.00,182334.97,10.00
39153.00,7555682.01,547004.90,18308.70,0.00,-0.00,0.00,0.00,-0.00,0.00,-0.00,-0.00,667869.55,-0.00,0.00,182334.97,10.00
39163.00,7555682.01,547004.90,18308.70,0.00,-0.00,0.00,0.00,-0.00,0.00,-0.00,-0.00,669692.90,-0.00,-0.00,182334.97,10.00
39173.00,7555682.01,547004.90,18308.70,0.00,-0.00,0.00,0.00,-0.00,0.00,-0.00,-0.00,671516.25,0.00,0.00,182334.97,10.00
39183.00,7555682.01,547004.90,18308.70,0.00,-0.00,0.00,0.00,-0.00,0.00,-0.00,-0.00,673339.60,-0.00,0.00,182334.97,10.00
39193.00,7555682.01,547004.90,18308.70,0.00,-0.00,0.00,0.00,-0.00,0.00,-0.00,-0.00,675162.95,-0.00,-0.00,182334.97,10.00
39203.00,7555682.01,547004.90,18308.70,0.00,-0.00,0.00,0.00,-0.00,0.00,-0.00,-0.00,676986.30,-0.00,0.00,182334.97,19.00
39226.00,7555682.01,547004.90,18308.70,0.00,-0.00,0.00,0.00,-0.00,0.00,-0.00,-0.00,681180.00,-0.00,0.00,182334.96,10.00
39236.00,7555682.01,547004.90,18308.70,0.00,-0.00,0.00,0.00,-0.00,0.00,-0.00,-0.00,683003.35,-0.00,0.00,182334.97,10.00
39246.00,7555682.01,547004.90,18308.70,0.00,-0.00,0.00,0.00,-0.00,0.00,-0.00,-0.00,684826.70,0.00,0.00,182334.97,10.00
39256.00,7555682.01,547004.90,18308.70,0.00,-0.00,0.00,0.00,-0.00,0.00,-0.00,-0.00,686650.05,-0.00,-0.00,182334.97,10.00
39266.00,7555682.01,547004.90,18308.70,0.00,-0.00,0.00,0.00,-0.00,0.00,-0.00,-0.00,688473.40,-0.00,0.00,182334.96,10.00
39276.00,7555721.18,547065.40,18308.79,-0.00,0.00,-0.00,-0.00,0.00,-0.00,-0.00,-0.00,690296.75,-0.00,-0.00,182334.97,10.00
39286.00,7555721.18,547065.40,18308.79,-0.00,0.00,-0.00,-0.00,0.00,-0.00,-0.00,-0.00,692120.30,-0.00,0.00,182355.13,10.00
39296.00,7555721.18,547065.40,18308.79,-0.00,0.00,-0.00,-0.00,0.00,-0.00,-0.00,-0.00,693943.85,0.00,0.00,182355.13,10.00
39306.00,7555721.18,547065.40,18308.79,-0.00,0.00,-0.00,-0.00,0.00,-0.00,-0.00,-0.00,695767.40,0.00,-0.00,182355.13,16.00
39322.00,7555721.18,547065.40,18308.79,-0.00,0.00,-0.00,-0.00,0.00,-0.00,-0.00,-0.00,698685.09,0.00,0.00,182355.13,10.00
39337.00,7555721.18,547065.40,18308.79,-0.00,0.00,-0.00,-0.00,0.00,-0.00,-0.00,-0.00,701420.41,-0.00,-0.00,182355.13,10.00
39347.00,7555721.18,547065.40,18308.79,-0.00,0.00,-0.00,-0.00,0.00,-0.00,-0.00,-0.00,703243.96,-0.00,-0.00,182355.13,10.00
39357.00,7555721.18,547065.40,18308.79,-0.00,0.00,-0.00,-0.00,0.00,-0.00,-0.00,-0.00,705067.51,-0.00,-0.00,182355.13,10.00
39367.00,7555721.18,547065.40,18308.79,-0.00,0.00,-0.00,-0.00,0.00,-0.00,-0.00,-0.00,706891.07,0.00,-0.00,182355.13,10.00
39377.00,7555721.18,547065.40,18308.79,-0.00,0.00,-0.00,-0.00,0.00,-0.00,-0.00,-0.00,708714.62,-0.00,0.00,182355.13,10.00
39387.00,7555721.18,547065.40,18308.79,-0.00,0.00,-0.00,-0.00,0.00,-0.00,-0.00,-0.00,710538.17,-0.00,-0.00,182355.13,10.00
39397.00,7555721.18,547065.40,18308.79,-0.00,0.00,-0.00,-0.00,0.00,-0.00,-0.00,-0.00,712361.72,-0.00,0.00,182355.13,10.00
39407.00,7555721.18,547065.40,18308.79,-0.00,0.00,-0.00,-0.00,0.00,-0.00,-0.00,-0.00,714185.27,0.00,-0.00,182355.13,10.00
39417.00,7555721.18,547065.40,18308.79,-0.00,0.00,-0.00,-0.00,0.00,-0.00,-0.00,-0.00,716008.82,0.00,0.00,182355.13,16.00
39433.00,7555721.18,547065.40,18308.79,-0.00,0.00,-0.00,-0.00,0.00,-0.00,-0.00,-0.00,718926.51,-0.00,-0.00,182355.13,10.00
39452.00,7555721.18,547065.40,18308.79,-0.00,0.00,-0.00,-0.00,0.00,-0.00,-0.00,-0.00,722391.25,0.00,-0.00,182355.13,10.00
39462.00,7555721.18,547065.40,18308.79,-0.00,0.00,-0.00,-0.00,0.00,-0.00,-0.00,-0.00,724214.80,-0.00,0.00,182355.13,10.00
39472.00,7555721.18,547065.40,18308.79,-0.00,0.00,-0.00,-0.00,0.00,-0.00,-0.00,-0.00,726038.36,0.00,0.00,182355.13,10.00
39482.00,7555760.36,547125.90,18308.88,0.00,-0.00,0.00,0.00,-0.00,0.00,-0.00,-0.00,727861.91,0.00,-0.00,182355.13,10.00
39492.00,7555760.36,547125.90,18308.88,0.00,-0.00,0.00,0.00,-0.00,0.00,-0.00,-0.00,729685.66,-0.00,0.00,182375.30,10.00
39502.00,7555760.36,547125.90,18308.88,0.00,-0.00,0.00,0.00,-0.00,0.00,-0.00,-0.00,731509.41,0.00,-0.00,182375.30,19.00
39521.00,7555760.36,547125.90,18308.88,0.00,-0.00,0.00,0.00,-0.00,0.00,-0.00,-0.00,734974.54,-0.00,0.00,182375.30,10.00
39531.00,7555760.36,547125.90,18308.88,0.00,-0.00,0.00,0.00,-0.00,0.00,-0.00,-0.00,736798.30,0.00,0.00,182375.30,10.00
39541.00,7555760.36,547125.90,18308.88,0.00,-0.00,0.00,0.00,-0.00,0.00,-0.00,-0.00,738622.05,0.00,-0.00,182375.30,10.00
39551.00,7555760.36,547125.90,18308.88,0.00,-0.00,0.00,0.00,-0.00,0.00,-0.00,-0.00,740445.80,0.00,-0.00,182375.30,10.00
39566.00,7555760.36,547125.90,18308.88,0.00,-0.00,0.00,0.00,-0.00,0.00,-0.00,-0.00,743181.43,0.00,-0.00,182375.30,10.00
39576.00,7555760.36,547125.90,18308.88,0.00,-0.00,0.00,0.00,-0.00,0.00,-0.00,-0.00,745005.18,0.00,-0.00,182375.30,10.00
39586.00,7555760.36,547125.90,18308.88,0.00,-0.00,0.00,0.00,-0.00,0.00,-0.00,-0.00,746828.94,0.00,0.00,182375.30,10.00
39596.00,7555760.36,547125.90,18308.88,0.00,-0.00,0.00,0.00,-0.00,0.00,-0.00,-0.00,748652.69,0.00,-0.00,182375.30,10.00
39606.00,7555760.36,547125.90,18308.88,0.00,-0.00,0.00,0.00,-0.00,0.00,-0.00,-0.00,750476.44,-0.00,-0.00,182375.30,17.00
39623.00,7555760.36,547125.90,18308.88,0.00,-0.00,0.00,0.00,-0.00,0.00,-0.00,-0.00,753576.82,-0.00,-0.00,182375.30,10.00
39633.00,7555760.36,547125.90,18308.88,0.00,-0.00,0.00,0.00,-0.00,0.00,-0.00,-0.00,755400.58,0.00,-0.00,182375.30,10.00
39643.00,7555760.36,547125.90,18308.88,0.00,-0.00,0.00,0.00,-0.00,0.00,-0.00,-0.00,757224.33,0.00,-0.00,182375.30,10.00
39653.00,7555760.36,547125.90,18308.88,0.00,-0.00,0.00,0.00,-0.00,0.00,-0.00,-0.00,759048.08,-0.00,-0.00,182375.30,10.00
39663.00,7555760.36,547125.90,18308.88,0.00,-0.00,0.00,0.00,-0.00,0.00,-0.00,-0.00,760871.84,0.00,-0.00,182375.30,10.00
39678.00,7555760.36,547125.90,18308.88,0.00,-0.00,0.00,0.00,-0.00,0.00,-0.00,-0.00,763607.47,-0.00,0.00,182375.30,10.00
39688.00,7555799.53,547186.41,18308.98,-0.00,0.00,0.00,-0.00,0.00,0.00,-0.00,-0.00,765431.22,-0.00,0.00,182375.30,10.00
39698.00,7555799.53,547186.41,18308.98,-0.00,0.00,0.00,-0.00,0.00,0.00,-0.00,-0.00,767255.17,0.00,-0.00,182395.47,10.00
39708.00,7555799.53,547186.41,18308.98,-0.00,0.00,0.00,-0.00,0.00,0.00,-0.00,-0.00,769079.13,0.00,0.00,182395.47,16.00
39724.00,7555799.53,547186.41,18308.98,-0.00,0.00,0.00,-0.00,0.00,0.00,-0.00,-0.00,771997.46,0.00,0.00,182395.47,10.00
39734.00,7555799.53,547186.41,18308.98,-0.00,0.00,0.00,-0.00,0.00,0.00,-0.00,-0.00,773821.41,0.00,-0.00,182395.47,10.00
39744.00,7555799.53,547186.41,18308.98,-0.00,0.00,0.00,-0.00,0.00,0.00,-0.00,-0.00,775645.37,0.00,-0.00,182395.47,10.00
39754.00,7555799.53,547186.41,18308.98,-0.00,0.00,0.00,-0.00,0.00,0.00,-0.00,-0.00,777469.32,-0.00,-0.00,182395.47,10.00
39764.00,7555799.53,547186.41,18308.98,-0.00,0.00,0.00,-0.00,0.00,0.00,-0.00,-0.00,779293.27,0.00,-0.00,182395.47,10.00
39774.00,7555799.53,547186.41,18308.98,-0.00,0.00,0.00,-0.00,0.00,0.00,-0.00,-0.00,781117.23,-0.00,-0.00,182395.47,10.00
39789.00,7555799.53,547186.41,18308.98,-0.00,0.00,0.00,-0.00,0.00,0.00,-0.00,-0.00,783853.16,-0.00,0.00,182395.47,10.00
39799.00,7555799.53,547186.41,18308.98,-0.00,0.00,0.00,-0.00,0.00,0.00,-0.00,-0.00,785677.12,-0.00,-0.00,182395.47,10.00
39809.00,7555799.53,547186.41,18308.98,-0.00,0.00,0.00,-0.00,0.00,0.00,-0.00,-0.00,787501.07,0.00,-0.00,182395.47,16.00
39825.00,7555799.53,547186.41,18308.98,-0.00,0.00,0.00,-0.00,0.00,0.00,-0.00,-0.00,790419.40,0.00,-0.00,182395.47,10.00
39835.00,7555799.53,547186.41,18308.98,-0.00,0.00,0.00,-0.00,0.00,0.00,-0.00,-0.00,792243.35,-0.00,-0.00,182395.47,10.00
39845.00,7555799.53,547186.41,18308.98,-0.00,0.00,0.00,-0.00,0.00,0.00,-0.00,-0.00,794067.31,0.00,-0.00,182395.47,10.00
39855.00,7555799.53,547186.41,18308.98,-0.00,0.00,0.00,-0.00,0.00,0.00,-0.00,-0.00,795891.26,0.00,0.00,182395.47,10.00
39865.00,7555799.53,547186.41,18308.98,-0.00,0.00,0.00,-0.00,0.00,0.00,-0.00,-0.00,797715.22,-0.00,0.00,182395.47,10.00
39875.00,7555799.53,547186.41,18308.98,-0.00,0.00,0.00,-0.00,0.00,0.00,-0.00,-0.00,799539.17,-0.00,0.00,182395.47,10.00
39885.00,7555799.53,547186.41,18308.98,-0.00,0.00,0.00,-0.00,0.00,0.00,-0.00,-0.00,801363.13,-0.00,0.00,182395.47,10.00
39900.00,7555838.70,547246.92,18309.07,-0.00,0.00,0.00,0.00,-0.00,0.00,-0.00,-0.00,804099.06,-0.00,0.00,182395.47,10.00
39910.00,7555838.70,547246.92,18309.07,-0.00,0.00,0.00,0.00,-0.00,0.00,-0.00,-0.00,805923.22,-0.00,0.00,182415.64,10.00
39920.00,7555838.70,547246.92,18309.07,-0.00,0.00,0.00,0.00,-0.00,0.00,-0.00,-0.00,807747.37,-0.00,-0.00,182415.64,15.00
39935.00,7555838.70,547246.92,18309.07,-0.00,0.00,0.00,0.00,-0.00,0.00,-0.00,-0.00,810483.61,0.00,0.00,182415.64,10.00
39945.00,7555838.70,547246.92,18309.07,-0.00,0.00,0.00,0.00,-0.00,0.00,-0.00,-0.00,812307.76,0.00,0.00,182415.64,10.00
39955.00,7555838.70,547246.92,18309.07,-0.00,0.00,0.00,0.00,-0.00,0.00,-0.00,-0.00,814131.92,0.00,-0.00,182415.64,10.00
39965.00,7555838.70,547246.92,18309.07,-0.00,0.00,0.00,0.00,-0.00,0.00,-0.00,-0.00,815956.08,0.00,0.00,182415.64,10.00
39975.00,7555838.70,547246.92,18309.07,-0.00,0.00,0.00,0.00,-0.00,0.00,-0.00,-0.00,817780.23,0.00,0.00,182415.64,10.00
39985.00,7555838.70,547246.92,18309.07,-0.00,0.00,0.00,0.00,-0.00,0.00,-0.00,-0.00,819604.39,0.00,0.00,182415.64,10.00
39995.00,7555838.70,547246.92,18309.07,-0.00,0.00,0.00,0.00,-0.00,0.00,-0.00,-0.00,821428.54,0.00,0.00,182415.64,10.00
40010.00,7555838.70,547246.92,18309.07,-0.00,0.00,0.00,0.00,-0.00,0.00,-0.00,-0.00,824164.78,0.00,0.00,182415.64,16.00
40026.00,7555838.70,547246.92,18309.07,-0.00,0.00,0.00,0.00,-0.00,0.00,-0.00,-0.00,827083.43,0.00,0.00,182415.64,10.00
40036.00,7555838.70,547246.92,18309.07,-0.00,0.00,0.00,0.00,-0.00,0.00,-0.00,-0.00,828907.59,0.00,-0.00,182415.64,10.00
40046.00,7555838.70,547246.92,18309.07,-0.00,0.00,0.00,0.00,-0.00,0.00,-0.00,-0.00,830731.74,0.00,0.00,182415.64,10.00
40056.00,7555838.70,547246.92,18309.07,-0.00,0.00,0.00,0.00,-0.00,0.00,-0.00,-0.00,832555.90,0.00,0.00,182415.64,10.00
40066.00,7555838.70,547246.92,18309.07,-0.00,0.00,0.00,0.00,-0.00,0.00,-0.00,-0.00,834380.05,0.00,0.00,182415.64,10.00
40076.00,7555838.70,547246.92,18309.07,-0.00,0.00,0.00,0.00,-0.00,0.00,-0.00,-0.00,836204.21,-0.00,0.00,182415.64,10.00
40086.00,7555838.70,547246.92,18309.07,-0.00,0.00,0.00,0.00,-0.00,0.00,-0.00,-0.00,838028.37,0.00,0.00,182415.64,10.00
40096.00,7555838.70,547246.92,18309.07,-0.00,0.00,0.00,0.00,-0.00,0.00,-0.00,-0.00,839852.52,0.00,0.00,182415.64,10.00
40106.00,7555897.44,547337.68,18309.21,0.00,0.00,0.00,0.00,0.00,-0.00,-0.00,-0.00,841676.68,0.00,0.00,182415.64,18.00
40128.00,7555897.44,547337.68,18309.21,0.00,0.00,0.00,0.00,0.00,-0.00,-0.00,-0.00,845690.49,0.00,0.00,182445.89,10.00
40138.00,7555897.44,547337.68,18309.21,0.00,0.00,0.00,0.00,0.00,-0.00,-0.00,-0.00,847514.95,-0.00,0.00,182445.89,10.00
40148.00,7555897.44,547337.68,18309.21,0.00,0.00,0.00,0.00,0.00,-0.00,-0.00,-0.00,849339.41,0.00,0.00,182445.89,10.00
40158.00,7555897.44,547337.68,18309.21,0.00,0.00,0.00,0.00,0.00,-0.00,-0.00,-0.00,851163.87,-0.00,-0.00,182445.89,10.00
40168.00,7555897.44,547337.68,18309.21,0.00,0.00,0.00,0.00,0.00,-0.00,-0.00,-0.00,852988.33,0.00,-0.00,182445.89,10.00
40178.00,7555897.44,547337.68,18309.21,0.00,0.00,0.00,0.00,0.00,-0.00,-0.00,-0.00,854812.78,-0.00,-0.00,182445.89,10.00
40188.00,7555897.44,547337.68,18309.21,0.00,0.00,0.00,0.00,0.00,-0.00,-0.00,-0.00,856637.24,0.00,-0.00,182445.89,10.00
40198.00,7555897.44,547337.68,18309.21,0.00,0.00,0.00,0.00,0.00,-0.00,-0.00,-0.00,858461.70,0.00,0.00,182445.89,10.00
40208.00,7555897.44,547337.68,18309.21,0.00,0.00,0.00,0.00,0.00,-0.00,-0.00,-0.00,860286.16,-0.00,0.00,182445.89,17.00
40225.00,7555897.44,547337.68,18309.21,0.00,0.00,0.00,0.00,0.00,-0.00,-0.00,-0.00,863387.74,0.00,-0.00,182445.89,10.00
40246.00,7555897.44,547337.68,18309.21,0.00,0.00,0.00,0.00,0.00,-0.00,-0.00,-0.00,867219.11,0.00,0.00,182445.89,10.00
40256.00,7555897.44,547337.68,18309.21,0.00,0.00,0.00,0.00,0.00,-0.00,-0.00,-0.00,869043.56,0.00,-0.00,182445.89,10.00
40266.00,7555897.44,547337.68,18309.21,0.00,0.00,0.00,0.00,0.00,-0.00,-0.00,-0.00,870868.02,0.00,0.00,182445.89,10.00
40276.00,7555897.44,547337.68,18309.21,0.00,0.00,0.00,0.00,0.00,-0.00,-0.00,-0.00,872692.48,0.00,-0.00,182445.89,10.00
40286.00,7555897.44,547337.68,18309.21,0.00,0.00,0.00,0.00,0.00,-0.00,-0.00,-0.00,874516.94,-0.00,0.00,182445.89,10.00
40296.00,7555897.44,547337.68,18309.21,0.00,0.00,0.00,0.00,0.00,-0.00,-0.00,-0.00,876341.40,-0.00,-0.00,182445.89,10.00
40306.00,7555917.02,547367.94,18309.26,0.00,-0.00,0.00,0.00,-0.00,0.00,-0.00,-0.00,878165.86,0.00,-0.00,182445.89,10.00
40316.00,7555917.02,547367.94,18309.26,0.00,-0.00,0.00,0.00,-0.00,0.00,-0.00,-0.00,879990.42,0.00,0.00,182455.98,18.00
40334.00,7555917.02,547367.94,18309.26,0.00,-0.00,0.00,0.00,-0.00,0.00,-0.00,-0.00,883274.63,0.00,0.00,182455.98,10.00
40344.00,7555917.02,547367.94,18309.26,0.00,-0.00,0.00,0.00,-0.00,0.00,-0.00,-0.00,885099.19,0.00,0.00,182455.98,10.00
40359.00,7555917.02,547367.94,18309.26,0.00,-0.00,0.00,0.00,-0.00,0.00,-0.00,-0.00,887836.03,0.00,0.00,182455.98,10.00
40369.00,7555917.02,547367.94,18309.26,0.00,-0.00,0.00,0.00,-0.00,0.00,-0.00,-0.00,889660.59,0.00,-0.00,182455.98,10.00
40379.00,7555917.02,547367.94,18309.26,0.00,-0.00,0.00,0.00,-0.00,0.00,-0.00,-0.00,891485.15,0.00,0.00,182455.98,10.00
40389.00,7555917.02,547367.94,18309.26,0.00,-0.00,0.00,0.00,-0.00,0.00,-0.00,-0.00,893309.71,0.00,0.00,182455.98,10.00
40399.00,7555917.02,547367.94,18309.26,0.00,-0.00,0.00,0.00,-0.00,0.00,-0.00,-0.00,895134.27,0.00,-0.00,182455.98,10.00
40409.00,7555917.02,547367.94,18309.26,0.00,-0.00,0.00,0.00,-0.00,0.00,-0.00,-0.00,896958.82,0.00,0.00,182455.98,17.00
40426.00,7555917.02,547367.94,18309.26,0.00,-0.00,0.00,0.00,-0.00,0.00,-0.00,-0.00,900060.58,-0.00,0.00,182455.98,10.00
40436.00,7555917.02,547367.94,18309.26,0.00,-0.00,0.00,0.00,-0.00,0.00,-0.00,-0.00,901885.14,0.00,0.00,182455.98,10.00
40446.00,7555917.02,547367.94,18309.26,0.00,-0.00,0.00,0.00,-0.00,0.00,-0.00,-0.00,903709.70,0.00,0.00,182455.98,10.00
40456.00,7555917.02,547367.94,18309.26,0.00,-0.00,0.00,0.00,-0.00,0.00,-0.00,-0.00,905534.26,-0.00,0.00,182455.98,10.00
40471.00,7555917.02,547367.94,18309.26,0.00,-0.00,0.00,0.00,-0.00,0.00,-0.00,-0.00,908271.10,0.00,-0.00,182455.98,10.00
40481.00,7555917.02,547367.94,18309.26,0.00,-0.00,0.00,0.00,-0.00,0.00,-0.00,-0.00,910095.66,-0.00,-0.00,182455.98,10.00
40491.00,7555917.02,547367.94,18309.26,0.00,-0.00,0.00,0.00,-0.00,0.00,-0.00,-0.00,911920.22,0.00,0.00,182455.98,10.00
40501.00,7555917.02,547367.94,18309.26,0.00,-0.00,0.00,0.00,-0.00,0.00,-0.00,-0.00,913744.78,-0.00,-0.00,182455.98,16.00
40517.00,7555975.75,547458.70,18309.40,-0.00,-0.00,0.00,-0.00,-0.00,0.00,-0.00,-0.00,916664.07,-0.00,-0.00,182455.98,10.00
40527.00,7555975.75,547458.70,18309.40,-0.00,-0.00,0.00,-0.00,-0.00,0.00,-0.00,-0.00,918488.93,-0.00,0.00,182486.24,10.00
40537.00,7555975.75,547458.70,18309.40,-0.00,-0.00,0.00,-0.00,-0.00,0.00,-0.00,-0.00,920313.80,-0.00,-0.00,182486.24,10.00
40547.00,7555975.75,547458.70,18309.40,-0.00,-0.00,0.00,-0.00,-0.00,0.00,-0.00,-0.00,922138.66,-0.00,-0.00,182486.24,10.00
40557.00,7555975.75,547458.70,18309.40,-0.00,-0.00,0.00,-0.00,-0.00,0.00,-0.00,-0.00,923963.52,-0.00,-0.00,182486.24,10.00
40567.00,7555975.75,547458.70,18309.40,-0.00,-0.00,0.00,-0.00,-0.00,0.00,-0.00,-0.00,925788.38,-0.00,-0.00,182486.24,10.00
40582.00,7555975.75,547458.70,18309.40,-0.00,-0.00,0.00,-0.00,-0.00,0.00,-0.00,-0.00,928525.68,-0.00,0.00,182486.23,10.00
40592.00,7555975.75,547458.70,18309.40,-0.00,-0.00,0.00,-0.00,-0.00,0.00,-0.00,-0.00,930350.54,-0.00,0.00,182486.24,10.00
40602.00,7555975.75,547458.70,18309.40,-0.00,-0.00,0.00,-0.00,-0.00,0.00,-0.00,-0.00,932175.40,-0.00,0.00,182486.24,16.00
40618.00,7555975.75,547458.70,18309.40,-0.00,-0.00,0.00,-0.00,-0.00,0.00,-0.00,-0.00,935095.18,-0.00,0.00,182486.24,10.00
40628.00,7555975.75,547458.70,18309.40,-0.00,-0.00,0.00,-0.00,-0.00,0.00,-0.00,-0.00,936920.04,-0.00,0.00,182486.23,10.00
40638.00,7555975.75,547458.70,18309.40,-0.00,-0.00,0.00,-0.00,-0.00,0.00,-0.00,-0.00,938744.91,-0.00,0.00,182486.24,10.00
40648.00,7555975.75,547458.70,18309.40,-0.00,-0.00,0.00,-0.00,-0.00,0.00,-0.00,-0.00,940569.77,-0.00,-0.00,182486.24,10.00
40659.00,7555975.75,547458.70,18309.40,-0.00,-0.00,0.00,-0.00,-0.00,0.00,-0.00,-0.00,942577.12,-0.00,-0.00,182486.24,10.00
40669.00,7555975.75,547458.70,18309.40,-0.00,-0.00,0.00,-0.00,-0.00,0.00,-0.00,-0.00,944401.98,-0.00,-0.00,182486.24,10.00
40679.00,7555975.75,547458.70,18309.40,-0.00,-0.00,0.00,-0.00,-0.00,0.00,-0.00,-0.00,946226.84,-0.00,-0.00,182486.23,10.00
40693.00,7555975.75,547458.70,18309.40,-0.00,-0.00,0.00,-0.00,-0.00,0.00,-0.00,-0.00,948781.65,0.00,0.00,182486.23,10.00
40703.00,7555975.75,547458.70,18309.40,-0.00,-0.00,0.00,-0.00,-0.00,0.00,-0.00,-0.00,950606.51,-0.00,0.00,182486.23,10.00
40713.00,7555975.75,547458.70,18309.40,-0.00,-0.00,0.00,-0.00,-0.00,0.00,-0.00,-0.00,952431.37,0.00,0.00,182486.24,15.00
40728.00,7556014.90,547519.22,18309.50,-0.00,0.00,0.00,-0.00,0.00,0.00,-0.00,-0.00,955168.67,-0.00,0.00,182486.24,10.00
40738.00,7556014.90,547519.22,18309.50,-0.00,0.00,0.00,-0.00,0.00,0.00,-0.00,-0.00,956993.73,-0.00,0.00,182506.41,10.00
40748.00,7556014.90,547519.22,18309.50,-0.00,0.00,0.00,-0.00,0.00,0.00,-0.00,-0.00,958818.79,-0.00,-0.00,182506.41,10.00
40758.00,7556014.90,547519.22,18309.50,-0.00,0.00,0.00,-0.00,0.00,0.00,-0.00,-0.00,960643.86,-0.00,0.00,182506.41,10.00
40768.00,7556014.90,547519.22,18309.50,-0.00,0.00,0.00,-0.00,0.00,0.00,-0.00,-0.00,962468.92,0.00,0.00,182506.41,10.00
40778.00,7556014.90,547519.22,18309.50,-0.00,0.00,0.00,-0.00,0.00,0.00,-0.00,-0.00,964293.99,0.00,0.00,182506.41,10.00
40788.00,7556014.90,547519.22,18309.50,-0.00,0.00,0.00,-0.00,0.00,0.00,-0.00,-0.00,966119.05,-0.00,-0.00,182506.41,10.00
40803.00,7556014.90,547519.22,18309.50,-0.00,0.00,0.00,-0.00,0.00,0.00,-0.00,-0.00,968856.65,-0.00,-0.00,182506.41,16.00
40819.00,7556014.90,547519.22,18309.50,-0.00,0.00,0.00,-0.00,0.00,0.00,-0.00,-0.00,971776.75,-0.00,0.00,182506.41,10.00
40829.00,7556014.90,547519.22,18309.50,-0.00,0.00,0.00,-0.00,0.00,0.00,-0.00,-0.00,973601.81,-0.00,0.00,182506.41,10.00
40839.00,7556014.90,547519.22,18309.50,-0.00,0.00,0.00,-0.00,0.00,0.00,-0.00,-0.00,975426.88,-0.00,0.00,182506.41,10.00
40849.00,7556014.90,547519.22,18309.50,-0.00,0.00,0.00,-0.00,0.00,0.00,-0.00,-0.00,977251.94,-0.00,0.00,182506.41,10.00
40859.00,7556014.90,547519.22,18309.50,-0.00,0.00,0.00,-0.00,0.00,0.00,-0.00,-0.00,979077.01,-0.00,0.00,182506.41,10.00
40869.00,7556014.90,547519.22,18309.50,-0.00,0.00,0.00,-0.00,0.00,0.00,-0.00,-0.00,980902.07,-0.00,0.00,182506.41,10.00
40879.00,7556014.90,547519.22,18309.50,-0.00,0.00,0.00,-0.00,0.00,0.00,-0.00,-0.00,982727.13,-0.00,-0.00,182506.41,10.00
40889.00,7556014.90,547519.22,18309.50,-0.00,0.00,0.00,-0.00,0.00,0.00,-0.00,-0.00,984552.20,-0.00,0.00,182506.41,10.00
40899.00,7556014.90,547519.22,18309.50,-0.00,0.00,0.00,-0.00,0.00,0.00,-0.00,-0.00,986377.26,-0.00,0.00,182506.41,18.00
40921.00,7556014.90,547519.22,18309.50,-0.00,0.00,0.00,-0.00,0.00,0.00,-0.00,-0.00,990392.40,-0.00,0.00,182506.41,10.00
40931.00,7556054.04,547579.73,18309.59,-0.00,0.00,0.00,0.00,-0.00,0.00,-0.00,-0.00,992217.47,-0.00,0.00,182506.41,10.00
40941.00,7556054.04,547579.73,18309.59,-0.00,0.00,0.00,0.00,-0.00,0.00,-0.00,-0.00,994042.73,0.00,-0.00,182526.58,10.00
40951.00,7556054.04,547579.73,18309.59,-0.00,0.00,0.00,0.00,-0.00,0.00,-0.00,-0.00,995868.00,-0.00,-0.00,182526.58,10.00
40961.00,7556054.04,547579.73,18309.59,-0.00,0.00,0.00,0.00,-0.00,0.00,-0.00,-0.00,997693.26,0.00,-0.00,182526.58,10.00
40971.00,7556054.04,547579.73,18309.59,-0.00,0.00,0.00,0.00,-0.00,0.00,-0.00,-0.00,999518.53,0.00,0.00,182526.58,10.00
40981.00,7556054.04,547579.73,18309.59,-0.00,0.00,0.00,0.00,-0.00,0.00,-0.00,-0.00,1001343.80,-0.00,0.00,182526.58,10.00
40991.00,7556054.04,547579.73,18309.59,-0.00,0.00,0.00,0.00,-0.00,0.00,-0.00,-0.00,1003169.06,0.00,0.00,182526.58,10.00
41001.00,7556054.04,547579.73,18309.59,-0.00,0.00,0.00,0.00,-0.00,0.00,-0.00,-0.00,1004994.33,0.00,-0.00,182526.58,17.00
41018.00,7556054.04,547579.73,18309.59,-0.00,0.00,0.00,0.00,-0.00,0.00,-0.00,-0.00,1008097.28,0.00,0.00,182526.58,10.00
41038.00,7556054.04,547579.73,18309.59,-0.00,0.00,0.00,0.00,-0.00,0.00,-0.00,-0.00,1011747.81,-0.00,0.00,182526.58,10.00
41048.00,7556054.04,547579.73,18309.59,-0.00,0.00,0.00,0.00,-0.00,0.00,-0.00,-0.00,1013573.08,0.00,-0.00,182526.58,10.00
41058.00,7556054.04,547579.73,18309.59,-0.00,0.00,0.00,0.00,-0.00,0.00,-0.00,-0.00,1015398.34,0.00,0.00,182526.58,10.00
41068.00,7556054.04,547579.73,18309.59,-0.00,0.00,0.00,0.00,-0.00,0.00,-0.00,-0.00,1017223.61,0.00,0.00,182526.58,10.00
41078.00,7556054.04,547579.73,18309.59,-0.00,0.00,0.00,0.00,-0.00,0.00,-0.00,-0.00,1019048.87,0.00,-0.00,182526.58,10.00
41088.00,7556054.04,547579.73,18309.59,-0.00,0.00,0.00,0.00,-0.00,0.00,-0.00,-0.00,1020874.14,-0.00,0.00,182526.58,10.00
41098.00,7556054.04,547579.73,18309.59,-0.00,0.00,0.00,0.00,-0.00,0.00,-0.00,-0.00,1022699.41,0.00,0.00,182526.58,10.00
41108.00,7556054.04,547579.73,18309.59,-0.00,0.00,0.00,0.00,-0.00,0.00,-0.00,-0.00,1024524.67,0.00,-0.00,182526.58,19.00
41127.00,7556054.04,547579.73,18309.59,-0.00,0.00,0.00,0.00,-0.00,0.00,-0.00,-0.00,1027992.68,0.00,-0.00,182526.58,10.00
41137.00,7556093.18,547640.25,18309.69,0.00,-0.00,-0.00,0.00,-0.00,-0.00,-0.00,-0.00,1029817.94,0.00,-0.00,182526.58,10.00
41152.00,7556093.18,547640.25,18309.69,0.00,-0.00,-0.00,0.00,-0.00,-0.00,-0.00,-0.00,1032556.14,0.00,0.00,182546.75,10.00
41162.00,7556093.18,547640.25,18309.69,0.00,-0.00,-0.00,0.00,-0.00,-0.00,-0.00,-0.00,1034381.61,0.00,0.00,182546.75,10.00
41172.00,7556093.18,547640.25,18309.69,0.00,-0.00,-0.00,0.00,-0.00,-0.00,-0.00,-0.00,1036207.08,0.00,-0.00,182546.75,10.00
41182.00,7556093.18,547640.25,18309.69,0.00,-0.00,-0.00,0.00,-0.00,-0.00,-0.00,-0.00,1038032.55,-0.00,-0.00,182546.75,10.00
41192.00,7556093.18,547640.25,18309.69,0.00,-0.00,-0.00,0.00,-0.00,-0.00,-0.00,-0.00,1039858.01,0.00,0.00,182546.75,10.00
41202.00,7556093.18,547640.25,18309.69,0.00,-0.00,-0.00,0.00,-0.00,-0.00,-0.00,-0.00,1041683.48,0.00,-0.00,182546.75,10.00
41212.00,7556093.18,547640.25,18309.69,0.00,-0.00,-0.00,0.00,-0.00,-0.00,-0.00,-0.00,1043508.95,0.00,0.00,182546.75,16.00
41228.00,7556093.18,547640.25,18309.69,0.00,-0.00,-0.00,0.00,-0.00,-0.00,-0.00,-0.00,1046429.70,0.00,-0.00,182546.75,10.00
41238.00,7556093.18,547640.25,18309.69,0.00,-0.00,-0.00,0.00,-0.00,-0.00,-0.00,-0.00,1048255.16,0.00,0.00,182546.75,10.00
41248.00,7556093.18,547640.25,18309.69,0.00,-0.00,-0.00,0.00,-0.00,-0.00,-0.00,-0.00,1050080.63,0.00,0.00,182546.75,10.00
41263.00,7556093.18,547640.25,18309.69,0.00,-0.00,-0.00,0.00,-0.00,-0.00,-0.00,-0.00,1052818.83,0.00,0.00,182546.75,10.00
41273.00,7556093.18,547640.25,18309.69,0.00,-0.00,-0.00,0.00,-0.00,-0.00,-0.00,-0.00,1054644.30,-0.00,-0.00,182546.75,10.00
41283.00,7556093.18,547640.25,18309.69,0.00,-0.00,-0.00,0.00,-0.00,-0.00,-0.00,-0.00,1056469.77,0.00,0.00,182546.75,10.00
41293.00,7556093.18,547640.25,18309.69,0.00,-0.00,-0.00,0.00,-0.00,-0.00,-0.00,-0.00,1058295.23,0.00,-0.00,182546.75,10.00
41303.00,7556093.18,547640.25,18309.69,0.00,-0.00,-0.00,0.00,-0.00,-0.00,-0.00,-0.00,1060120.70,0.00,0.00,182546.75,10.00
41313.00,7556093.18,547640.25,18309.69,0.00,-0.00,-0.00,0.00,-0.00,-0.00,-0.00,-0.00,1061946.17,0.00,-0.00,182546.75,10.00
41323.00,7556093.18,547640.25,18309.69,0.00,-0.00,-0.00,0.00,-0.00,-0.00,-0.00,-0.00,1063771.64,-0.00,-0.00,182546.75,10.00
41333.00,7556093.18,547640.25,18309.69,0.00,-0.00,-0.00,0.00,-0.00,-0.00,-0.00,-0.00,1065597.10,-0.00,-0.00,182546.75,16.00
41349.00,5178494.96,502919.51,431.90,0.00,0.00,0.00,0.00,0.00,0.00,-0.00,-0.00,1068517.85,0.00,0.00,182546.75,10.00
41359.00,5178494.96,502919.51,431.90,0.00,0.00,0.00,0.00,0.00,0.00,-0.00,-0.00,1070194.25,0.00,0.00,167639.84,10.00
41374.00,5178494.96,502919.51,431.90,0.00,0.00,0.00,0.00,0.00,0.00,-0.00,-0.00,1072708.85,0.00,0.00,167639.84,10.00
41384.00,5178494.96,502919.51,431.90,0.00,0.00,0.00,0.00,0.00,0.00,-0.00,-0.00,1074385.25,0.00,0.00,167639.84,10.00
41394.00,5178494.96,502919.51,431.90,0.00,0.00,0.00,0.00,0.00,0.00,-0.00,-0.00,1076061.64,0.00,0.00,167639.83,10.00
41404.00,5178494.96,502919.51,431.90,0.00,0.00,0.00,0.00,0.00,0.00,-0.00,-0.00,1077738.04,0.00,0.00,167639.83,10.00
41414.00,5178494.96,502919.51,431.90,0.00,0.00,0.00,0.00,0.00,0.00,-0.00,-0.00,1079414.44,0.00,0.00,167639.83,16.00
41430.00,5178494.96,502919.51,431.90,0.00,0.00,0.00,0.00,0.00,0.00,-0.00,-0.00,1082096.68,0.00,0.00,167639.83,10.00
41440.00,5178494.96,502919.51,431.90,0.00,0.00,0.00,0.00,0.00,0.00,-0.00,-0.00,1083773.08,-0.00,-0.00,167639.84,10.00
41450.00,5178494.96,502919.51,431.90,0.00,0.00,0.00,0.00,0.00,0.00,-0.00,-0.00,1085449.48,-0.00,0.00,167639.84,10.00
41460.00,5178494.96,502919.51,431.90,0.00,0.00,0.00,0.00,0.00,0.00,-0.00,-0.00,1087125.87,-0.00,0.00,167639.84,10.00
41470.00,5178494.96,502919.51,431.90,0.00,0.00,0.00,0.00,0.00,0.00,-0.00,-0.00,1088802.27,0.00,-0.00,167639.84,10.00
41485.00,5178494.96,502919.51,431.90,0.00,0.00,0.00,0.00,0.00,0.00,-0.00,-0.00,1091316.87,-0.00,-0.00,167639.84,10.00
41495.00,5178494.96,502919.51,431.90,0.00,0.00,0.00,0.00,0.00,0.00,-0.00,-0.00,1092993.27,0.00,-0.00,167639.84,10.00
41505.00,5178494.96,502919.51,431.90,0.00,0.00,0.00,0.00,0.00,0.00,-0.00,-0.00,1094669.67,0.00,0.00,167639.84,10.00
41515.00,5178494.96,502919.51,431.90,0.00,0.00,0.00,0.00,0.00,0.00,-0.00,-0.00,1096346.07,-0.00,0.00,167639.84,10.00
41525.00,5178494.96,502919.51,431.90,0.00,0.00,0.00,0.00,0.00,0.00,-0.00,-0.00,1098022.46,0.00,0.00,167639.84,16.00
41541.00,5178494.96,502919.51,431.90,0.00,0.00,0.00,0.00,0.00,0.00,-0.00,-0.00,1100704.70,0.00,0.00,167639.84,10.00
41551.00,5178494.98,502919.51,431.87,0.00,0.00,0.00,-0.00,-0.00,0.00,-0.00,-0.00,1102381.10,-0.00,-0.00,167639.84,10.00
41561.00,5178494.98,502919.51,431.87,0.00,0.00,0.00,-0.00,-0.00,0.00,-0.00,-0.00,1104057.50,-0.00,-0.00,167639.84,10.00
41571.00,5178494.98,502919.51,431.87,0.00,0.00,0.00,-0.00,-0.00,0.00,-0.00,-0.00,1105733.90,-0.00,-0.00,167639.84,10.00
41581.00,5178494.98,502919.51,431.87,0.00,0.00,0.00,-0.00,-0.00,0.00,-0.00,-0.00,1107410.29,-0.00,-0.00,167639.84,10.00
41596.00,5178494.98,502919.51,431.87,0.00,0.00,0.00,-0.00,-0.00,0.00,-0.00,-0.00,1109924.89,0.00,-0.00,167639.84,10.00
41606.00,5178494.98,502919.51,431.87,0.00,0.00,0.00,-0.00,-0.00,0.00,-0.00,-0.00,1111601.29,0.00,0.00,167639.84,10.00
41616.00,5178494.98,502919.51,431.87,0.00,0.00,0.00,-0.00,-0.00,0.00,-0.00,-0.00,1113277.69,0.00,0.00,167639.84,10.00
41626.00,5178494.98,502919.51,431.87,0.00,0.00,0.00,-0.00,-0.00,0.00,-0.00,-0.00,1114954.09,0.00,-0.00,167639.84,10.00
41636.00,5178494.98,502919.51,431.87,0.00,0.00,0.00,-0.00,-0.00,0.00,-0.00,-0.00,1116630.49,0.00,0.00,167639.84,10.00
41646.00,5178494.98,502919.51,431.87,0.00,0.00,0.00,-0.00,-0.00,0.00,-0.00,-0.00,1118306.88,0.00,0.00,167639.84,15.00
41661.00,5178494.98,502919.51,431.87,0.00,0.00,0.00,-0.00,-0.00,0.00,-0.00,-0.00,1120821.48,-0.00,0.00,167639.84,10.00
41671.00,5178494.98,502919.51,431.87,0.00,0.00,0.00,-0.00,-0.00,0.00,-0.00,-0.00,1122497.88,0.00,0.00,167639.84,10.00
41681.00,5178494.98,502919.51,431.87,0.00,0.00,0.00,-0.00,-0.00,0.00,-0.00,-0.00,1124174.28,0.00,0.00,167639.84,10.00
41691.00,5178494.98,502919.51,431.87,0.00,0.00,0.00,-0.00,-0.00,0.00,-0.00,-0.00,1125850.68,0.00,0.00,167639.84,10.00
41706.00,5178494.98,502919.51,431.87,0.00,0.00,0.00,-0.00,-0.00,0.00,-0.00,-0.00,1128365.27,0.00,-0.00,167639.84,10.00
41716.00,5178494.98,502919.51,431.87,0.00,0.00,0.00,-0.00,-0.00,0.00,-0.00,-0.00,1130041.67,0.00,-0.00,167639.84,15.00
41731.00,5178494.98,502919.51,431.87,0.00,0.00,0.00,-0.00,-0.00,0.00,-0.00,-0.00,1132556.27,0.00,-0.00,167639.84,10.00
41741.00,5178494.98,502919.51,431.87,0.00,0.00,0.00,-0.00,-0.00,0.00,-0.00,-0.00,1134232.67,0.00,0.00,167639.84,10.00
41751.00,5178494.98,502919.51,431.86,0.00,-0.00,0.00,0.00,-0.00,-0.00,-0.00,-0.00,1135909.07,0.00,-0.00,167639.84,10.00
41761.00,5178494.98,502919.51,431.86,0.00,-0.00,0.00,0.00,-0.00,-0.00,-0.00,-0.00,1137585.47,-0.00,0.00,167639.84,10.00
41771.00,5178494.98,502919.51,431.86,0.00,-0.00,0.00,0.00,-0.00,-0.00,-0.00,-0.00,1139261.86,-0.00,0.00,167639.84,10.00
41781.00,5178494.98,502919.51,431.86,0.00,-0.00,0.00,0.00,-0.00,-0.00,-0.00,-0.00,1140938.26,0.00,0.00,167639.84,10.00
41791.00,5178494.98,502919.51,431.86,0.00,-0.00,0.00,0.00,-0.00,-0.00,-0.00,-0.00,1142614.66,0.00,0.00,167639.84,10.00
41801.00,5178494.98,502919.51,431.86,0.00,-0.00,0.00,0.00,-0.00,-0.00,-0.00,-0.00,1144291.06,0.00,-0.00,167639.84,10.00
41820.00,5178494.98,502919.51,431.86,0.00,-0.00,0.00,0.00,-0.00,-0.00,-0.00,-0.00,1147476.22,0.00,-0.00,167639.84,20.00
41840.00,5178494.98,502919.51,431.86,0.00,-0.00,0.00,0.00,-0.00,-0.00,-0.00,-0.00,1150829.01,0.00,0.00,167639.84,10.00
41850.00,5178494.98,502919.51,431.86,0.00,-0.00,0.00,0.00,-0.00,-0.00,-0.00,-0.00,1152505.41,0.00,-0.00,167639.84,10.00
41860.00,5178494.98,502919.51,431.86,0.00,-0.00,0.00,0.00,-0.00,-0.00,-0.00,-0.00,1154181.81,0.00,0.00,167639.84,10.00
41870.00,5178494.98,502919.51,431.86,0.00,-0.00,0.00,0.00,-0.00,-0.00,-0.00,-0.00,1155858.21,-0.00,-0.00,167639.83,10.00
41880.00,5178494.98,502919.51,431.86,0.00,-0.00,0.00,0.00,-0.00,-0.00,-0.00,-0.00,1157534.61,-0.00,-0.00,167639.84,10.00
41890.00,5178494.98,502919.51,431.86,0.00,-0.00,0.00,0.00,-0.00,-0.00,-0.00,-0.00,1159211.00,0.00,0.00,167639.84,10.00
41900.00,5178494.98,502919.51,431.86,0.00,-0.00,0.00,0.00,-0.00,-0.00,-0.00,-0.00,1160887.40,0.00,-0.00,167639.84,10.00
41910.00,5178494.98,502919.51,431.86,0.00,-0.00,0.00,0.00,-0.00,-0.00,-0.00,-0.00,1162563.80,-0.00,-0.00,167639.83,19.00
41929.00,5178494.98,502919.51,431.86,0.00,-0.00,0.00,0.00,-0.00,-0.00,-0.00,-0.00,1165748.96,0.00,0.00,167639.84,10.00
41944.00,5178494.98,502919.51,431.86,0.00,-0.00,0.00,0.00,-0.00,-0.00,-0.00,-0.00,1168263.55,0.00,-0.00,167639.84,10.00
41954.00,5178494.97,502919.51,431.84,0.00,0.00,0.00,0.00,0.00,0.00,-0.00,-0.00,1169939.95,0.00,0.00,167639.84,10.00
41964.00,5178494.97,502919.51,431.84,0.00,0.00,0.00,0.00,0.00,0.00,-0.00,-0.00,1171616.35,0.00,0.00,167639.83,10.00
41974.00,5178494.97,502919.51,431.84,0.00,0.00,0.00,0.00,0.00,0.00,-0.00,-0.00,1173292.75,0.00,-0.00,167639.84,10.00
41984.00,5178494.97,502919.51,431.84,0.00,0.00,0.00,0.00,0.00,0.00,-0.00,-0.00,1174969.15,0.00,0.00,167639.84,10.00
41994.00,5178494.97,502919.51,431.84,0.00,0.00,0.00,0.00,0.00,0.00,-0.00,-0.00,1176645.55,-0.00,0.00,167639.83,10.00
42004.00,5178494.97,502919.51,431.84,0.00,0.00,0.00,0.00,0.00,0.00,-0.00,-0.00,1178321.95,0.00,-0.00,167639.84,10.00
42014.00,5178494.97,502919.51,431.84,0.00,0.00,0.00,0.00,0.00,0.00,-0.00,-0.00,1179998.34,-0.00,-0.00,167639.84,17.00
42031.00,5178494.97,502919.51,431.84,0.00,0.00,0.00,0.00,0.00,0.00,-0.00,-0.00,1182848.22,0.00,-0.00,167639.84,10.00
42041.00,5178494.97,502919.51,431.84,0.00,0.00,0.00,0.00,0.00,0.00,-0.00,-0.00,1184524.62,0.00,0.00,167639.84,10.00
42056.00,5178494.97,502919.51,431.84,0.00,0.00,0.00,0.00,0.00,0.00,-0.00,-0.00,1187039.22,0.00,0.00,167639.84,10.00
42066.00,5178494.97,502919.51,431.84,0.00,0.00,0.00,0.00,0.00,0.00,-0.00,-0.00,1188715.61,0.00,0.00,167639.84,10.00
42076.00,5178494.97,502919.51,431.84,0.00,0.00,0.00,0.00,0.00,0.00,-0.00,-0.00,1190392.01,0.00,-0.00,167639.83,10.00
42086.00,5178494.97,502919.51,431.84,0.00,0.00,0.00,0.00,0.00,0.00,-0.00,-0.00,1192068.41,0.00,0.00,167639.84,10.00
42096.00,5178494.97,502919.51,431.84,0.00,0.00,0.00,0.00,0.00,0.00,-0.00,-0.00,1193744.81,-0.00,0.00,167639.84,10.00
42106.00,5178494.97,502919.51,431.84,0.00,0.00,0.00,0.00,0.00,0.00,-0.00,-0.00,1195421.21,0.00,0.00,167639.84,16.00
42122.00,5178494.97,502919.51,431.84,0.00,0.00,0.00,0.00,0.00,0.00,-0.00,-0.00,1198103.45,0.00,0.00,167639.84,10.00
42132.00,5178494.97,502919.51,431.84,0.00,0.00,0.00,0.00,0.00,0.00,-0.00,-0.00,1199779.84,-0.00,-0.00,167639.84,10.00
42142.00,5178494.97,502919.51,431.84,0.00,0.00,0.00,0.00,0.00,0.00,-0.00,-0.00,1201456.24,0.00,0.00,167639.84,10.00
42152.00,5178494.97,502919.51,431.84,0.00,0.00,0.00,0.00,0.00,0.00,-0.00,-0.00,1203132.64,0.00,0.00,167639.83,10.00
42166.00,5178494.96,502919.51,431.83,0.00,0.00,0.00,0.00,-0.00,0.00,-0.00,-0.00,1205479.60,0.00,0.00,167639.84,10.00
42176.00,5178494.96,502919.51,431.83,0.00,0.00,0.00,0.00,-0.00,0.00,-0.00,-0.00,1207156.00,-0.00,0.00,167639.83,10.00
42186.00,5178494.96,502919.51,431.83,0.00,0.00,0.00,0.00,-0.00,0.00,-0.00,-0.00,1208832.40,-0.00,0.00,167639.84,10.00
42196.00,5178494.96,502919.51,431.83,0.00,0.00,0.00,0.00,-0.00,0.00,-0.00,-0.00,1210508.79,0.00,-0.00,167639.84,10.00
42206.00,5178494.96,502919.51,431.83,0.00,0.00,0.00,0.00,-0.00,0.00,-0.00,-0.00,1212185.19,0.00,0.00,167639.84,10.00
42216.00,5178494.96,502919.51,431.83,0.00,0.00,0.00,0.00,-0.00,0.00,-0.00,-0.00,1213861.59,-0.00,0.00,167639.84,16.00
42232.00,5178494.96,502919.51,431.83,0.00,0.00,0.00,0.00,-0.00,0.00,-0.00,-0.00,1216543.83,0.00,0.00,167639.84,10.00
42242.00,5178494.96,502919.51,431.83,0.00,0.00,0.00,0.00,-0.00,0.00,-0.00,-0.00,1218220.23,0.00,0.00,167639.84,10.00
42252.00,5178494.96,502919.51,431.83,0.00,0.00,0.00,0.00,-0.00,0.00,-0.00,-0.00,1219896.62,0.00,0.00,167639.84,10.00
42262.00,5178494.96,502919.51,431.83,0.00,0.00,0.00,0.00,-0.00,0.00,-0.00,-0.00,1221573.02,-0.00,-0.00,167639.84,10.00
42277.00,5178494.96,502919.51,431.83,0.00,0.00,0.00,0.00,-0.00,0.00,-0.00,-0.00,1224087.62,-0.00,0.00,167639.84,10.00
42287.00,5178494.96,502919.51,431.83,0.00,0.00,0.00,0.00,-0.00,0.00,-0.00,-0.00,1225764.02,0.00,0.00,167639.84,10.00
42297.00,5178494.96,502919.51,431.83,0.00,0.00,0.00,0.00,-0.00,0.00,-0.00,-0.00,1227440.42,-0.00,0.00,167639.84,10.00
42307.00,5178494.96,502919.51,431.83,0.00,0.00,0.00,0.00,-0.00,0.00,-0.00,-0.00,1229116.82,0.00,0.00,167639.84,10.00
42317.00,5178494.96,502919.51,431.83,0.00,0.00,0.00,0.00,-0.00,0.00,-0.00,-0.00,1230793.21,0.00,0.00,167639.84,16.00
42333.00,5178494.96,502919.51,431.83,0.00,0.00,0.00,0.00,-0.00,0.00,-0.00,-0.00,1233475.45,0.00,0.00,167639.83,10.00
42343.00,5178494.96,502919.51,431.83,0.00,0.00,0.00,0.00,-0.00,0.00,-0.00,-0.00,1235151.85,0.00,0.00,167639.84,10.00
42353.00,5178494.96,502919.51,431.83,0.00,0.00,0.00,0.00,-0.00,0.00,-0.00,-0.00,1236828.25,-0.00,0.00,167639.84,10.00
42363.00,5178494.96,502919.51,431.83,0.00,0.00,0.00,0.00,-0.00,0.00,-0.00,-0.00,1238504.65,0.00,0.00,167639.84,10.00
42373.00,5178494.96,502919.49,431.80,0.00,0.00,-0.00,-0.00,0.00,-0.00,-0.00,-0.00,1240181.04,0.00,0.00,167639.83,10.00
42387.00,5178494.96,502919.49,431.80,0.00,0.00,-0.00,-0.00,0.00,-0.00,-0.00,-0.00,1242528.00,0.00,0.00,167639.83,10.00
42397.00,5178494.96,502919.49,431.80,0.00,0.00,-0.00,-0.00,0.00,-0.00,-0.00,-0.00,1244204.40,-0.00,0.00,167639.83,10.00
42407.00,5178494.96,502919.49,431.80,0.00,0.00,-0.00,-0.00,0.00,-0.00,-0.00,-0.00,1245880.80,-0.00,-0.00,167639.83,16.00
42423.00,5178494.96,502919.49,431.80,0.00,0.00,-0.00,-0.00,0.00,-0.00,-0.00,-0.00,1248563.04,0.00,0.00,167639.83,10.00
42433.00,5178494.96,502919.49,431.80,0.00,0.00,-0.00,-0.00,0.00,-0.00,-0.00,-0.00,1250239.43,0.00,0.00,167639.83,10.00
42443.00,5178494.96,502919.49,431.80,0.00,0.00,-0.00,-0.00,0.00,-0.00,-0.00,-0.00,1251915.83,0.00,0.00,167639.83,10.00
42453.00,5178494.96,502919.49,431.80,0.00,0.00,-0.00,-0.00,0.00,-0.00,-0.00,-0.00,1253592.23,-0.00,-0.00,167639.83,10.00
42463.00,5178494.96,502919.49,431.80,0.00,0.00,-0.00,-0.00,0.00,-0.00,-0.00,-0.00,1255268.63,0.00,-0.00,167639.83,10.00
42473.00,5178494.96,502919.49,431.80,0.00,0.00,-0.00,-0.00,0.00,-0.00,-0.00,-0.00,1256945.03,0.00,-0.00,167639.83,10.00
42483.00,5178494.96,502919.49,431.80,0.00,0.00,-0.00,-0.00,0.00,-0.00,-0.00,-0.00,1258621.43,0.00,0.00,167639.83,10.00
42498.00,5178494.96,502919.49,431.80,0.00,0.00,-0.00,-0.00,0.00,-0.00,-0.00,-0.00,1261136.02,-0.00,-0.00,167639.83,10.00
42508.00,5178494.96,502919.49,431.80,0.00,0.00,-0.00,-0.00,0.00,-0.00,-0.00,-0.00,1262812.42,0.00,-0.00,167639.83,10.00
42518.00,5178494.96,502919.49,431.80,0.00,0.00,-0.00,-0.00,0.00,-0.00,-0.00,-0.00,1264488.82,0.00,-0.00,167639.83,16.00
42534.00,5178494.96,502919.49,431.80,0.00,0.00,-0.00,-0.00,0.00,-0.00,-0.00,-0.00,1267171.06,0.00,0.00,167639.83,10.00
42544.00,5178494.96,502919.49,431.80,0.00,0.00,-0.00,-0.00,0.00,-0.00,-0.00,-0.00,1268847.46,0.00,-0.00,167639.83,10.00
42554.00,5178494.96,502919.49,431.80,0.00,0.00,-0.00,-0.00,0.00,-0.00,-0.00,-0.00,1270523.85,0.00,-0.00,167639.83,10.00
42564.00,5178494.96,502919.49,431.80,0.00,0.00,-0.00,-0.00,0.00,-0.00,-0.00,-0.00,1272200.25,0.00,-0.00,167639.83,10.00
42574.00,5178488.59,502926.34,439.15,0.00,0.00,0.00,0.00,-0.00,0.00,-0.00,-0.00,1273876.65,0.00,-0.00,167639.83,10.00
42584.00,5178488.59,502926.34,439.15,0.00,0.00,0.00,0.00,-0.00,0.00,-0.00,-0.00,1275553.07,0.00,-0.00,167642.11,10.00
42594.00,5178488.59,502926.34,439.15,0.00,0.00,0.00,0.00,-0.00,0.00,-0.00,-0.00,1277229.49,0.00,0.00,167642.11,10.00
42613.00,5178488.59,502926.34,439.15,0.00,0.00,0.00,0.00,-0.00,0.00,-0.00,-0.00,1280414.69,-0.00,-0.00,167642.11,19.00
42632.00,5178488.59,502926.34,439.15,0.00,0.00,0.00,0.00,-0.00,0.00,-0.00,-0.00,1283599.89,0.00,0.00,167642.11,10.00
42642.00,5178488.59,502926.34,439.15,0.00,0.00,0.00,0.00,-0.00,0.00,-0.00,-0.00,1285276.31,0.00,0.00,167642.11,10.00
42652.00,5178488.59,502926.34,439.15,0.00,0.00,0.00,0.00,-0.00,0.00,-0.00,-0.00,1286952.74,-0.00,-0.00,167642.11,10.00
42662.00,5178488.59,502926.34,439.15,0.00,0.00,0.00,0.00,-0.00,0.00,-0.00,-0.00,1288629.16,0.00,0.00,167642.11,10.00
42672.00,5178488.59,502926.34,439.15,0.00,0.00,0.00,0.00,-0.00,0.00,-0.00,-0.00,1290305.58,0.00,-0.00,167642.11,10.00
42682.00,5178488.59,502926.34,439.15,0.00,0.00,0.00,0.00,-0.00,0.00,-0.00,-0.00,1291982.00,-0.00,-0.00,167642.11,10.00
42692.00,5178488.59,502926.34,439.15,0.00,0.00,0.00,0.00,-0.00,0.00,-0.00,-0.00,1293658.42,-0.00,-0.00,167642.11,10.00
42702.00,5178488.59,502926.34,439.15,0.00,0.00,0.00,0.00,-0.00,0.00,-0.00,-0.00,1295334.84,-0.00,0.00,167642.11,10.00
42712.00,5178488.59,502926.34,439.15,0.00,0.00,0.00,0.00,-0.00,0.00,-0.00,-0.00,1297011.26,0.00,0.00,167642.11,10.00
42726.00,5178488.59,502926.34,439.15,0.00,0.00,0.00,0.00,-0.00,0.00,-0.00,-0.00,1299358.25,0.00,0.00,167642.11,18.00
42744.00,5178488.59,502926.34,439.15,0.00,0.00,0.00,0.00,-0.00,0.00,-0.00,-0.00,1302375.81,0.00,0.00,167642.11,10.00
42754.00,5178488.59,502926.34,439.15,0.00,0.00,0.00,0.00,-0.00,0.00,-0.00,-0.00,1304052.23,-0.00,-0.00,167642.11,10.00
42764.00,5178488.59,502926.34,439.15,0.00,0.00,0.00,0.00,-0.00,0.00,-0.00,-0.00,1305728.65,-0.00,-0.00,167642.11,10.00
42774.00,5178486.88,502927.73,441.65,0.00,-0.00,0.00,0.00,-0.00,0.00,-0.00,-0.00,1307405.07,0.00,-0.00,167642.11,10.00
42784.00,5178486.88,502927.73,441.65,0.00,-0.00,0.00,0.00,-0.00,0.00,-0.00,-0.00,1309081.50,0.00,-0.00,167642.58,10.00
42794.00,5178486.88,502927.73,441.65,0.00,-0.00,0.00,0.00,-0.00,0.00,-0.00,-0.00,1310757.92,-0.00,-0.00,167642.58,10.00
42804.00,5178486.88,502927.73,441.65,0.00,-0.00,0.00,0.00,-0.00,0.00,-0.00,-0.00,1312434.35,0.00,0.00,167642.58,19.00
42823.00,5178486.88,502927.73,441.65,0.00,-0.00,0.00,0.00,-0.00,0.00,-0.00,-0.00,1315619.56,0.00,0.00,167642.58,10.00
42833.00,5178486.88,502927.73,441.65,0.00,-0.00,0.00,0.00,-0.00,0.00,-0.00,-0.00,1317295.98,0.00,0.00,167642.58,10.00
42848.00,5178486.88,502927.73,441.65,0.00,-0.00,0.00,0.00,-0.00,0.00,-0.00,-0.00,1319810.62,0.00,-0.00,167642.58,10.00
42858.00,5178486.88,502927.73,441.65,0.00,-0.00,0.00,0.00,-0.00,0.00,-0.00,-0.00,1321487.05,-0.00,-0.00,167642.58,10.00
42868.00,5178486.88,502927.73,441.65,0.00,-0.00,0.00,0.00,-0.00,0.00,-0.00,-0.00,1323163.48,-0.00,0.00,167642.58,10.00
42878.00,5178486.88,502927.73,441.65,0.00,-0.00,0.00,0.00,-0.00,0.00,-0.00,-0.00,1324839.90,0.00,-0.00,167642.58,10.00
42888.00,5178486.88,502927.73,441.65,0.00,-0.00,0.00,0.00,-0.00,0.00,-0.00,-0.00,1326516.33,0.00,0.00,167642.58,10.00
42898.00,5178486.88,502927.73,441.65,0.00,-0.00,0.00,0.00,-0.00,0.00,-0.00,-0.00,1328192.75,0.00,-0.00,167642.58,10.00
42908.00,5178486.88,502927.73,441.65,0.00,-0.00,0.00,0.00,-0.00,0.00,-0.00,-0.00,1329869.18,0.00,-0.00,167642.58,10.00
42918.00,5178486.88,502927.73,441.65,0.00,-0.00,0.00,0.00,-0.00,0.00,-0.00,-0.00,1331545.60,0.00,-0.00,167642.58,16.00
42934.00,5178486.88,502927.73,441.65,0.00,-0.00,0.00,0.00,-0.00,0.00,-0.00,-0.00,1334227.89,0.00,0.00,167642.58,10.00
42944.00,5178486.88,502927.73,441.65,0.00,-0.00,0.00,0.00,-0.00,0.00,-0.00,-0.00,1335904.31,0.00,0.00,167642.58,10.00
42959.00,5178486.88,502927.73,441.65,0.00,-0.00,0.00,0.00,-0.00,0.00,-0.00,-0.00,1338418.95,-0.00,0.00,167642.58,10.00
42969.00,5178486.88,502927.73,441.65,0.00,-0.00,0.00,0.00,-0.00,0.00,-0.00,-0.00,1340095.38,0.00,0.00,167642.58,10.00
42979.00,5178486.13,502928.32,443.14,0.00,0.00,0.00,0.00,0.00,0.00,-0.00,-0.00,1341771.80,0.00,0.00,167642.58,10.00
42989.00,5178486.13,502928.32,443.14,0.00,0.00,0.00,0.00,0.00,0.00,-0.00,-0.00,1343448.23,0.00,0.00,167642.77,10.00
42999.00,5178486.13,502928.32,443.14,0.00,0.00,0.00,0.00,0.00,0.00,-0.00,-0.00,1345124.66,0.00,0.00,167642.77,10.00
43009.00,5178486.13,502928.32,443.14,0.00,0.00,0.00,0.00,0.00,0.00,-0.00,-0.00,1346801.08,-0.00,-0.00,167642.77,10.00
43019.00,5178486.13,502928.32,443.14,0.00,0.00,0.00,0.00,0.00,0.00,-0.00,-0.00,1348477.51,-0.00,0.00,167642.77,15.00
43034.00,5178486.13,502928.32,443.14,0.00,0.00,0.00,0.00,0.00,0.00,-0.00,-0.00,1350992.15,0.00,0.00,167642.77,10.00
43044.00,5178486.13,502928.32,443.14,0.00,0.00,0.00,0.00,0.00,0.00,-0.00,-0.00,1352668.58,0.00,0.00,167642.78,10.00
43054.00,5178486.13,502928.32,443.14,0.00,0.00,0.00,0.00,0.00,0.00,-0.00,-0.00,1354345.01,0.00,-0.00,167642.77,10.00
43069.00,5178486.13,502928.32,443.14,0.00,0.00,0.00,0.00,0.00,0.00,-0.00,-0.00,1356859.65,-0.00,-0.00,167642.77,10.00
43079.00,5178486.13,502928.32,443.14,0.00,0.00,0.00,0.00,0.00,0.00,-0.00,-0.00,1358536.08,0.00,-0.00,167642.77,10.00
43089.00,5178486.13,502928.32,443.14,0.00,0.00,0.00,0.00,0.00,0.00,-0.00,-0.00,1360212.51,0.00,-0.00,167642.77,10.00
43099.00,5178486.13,502928.32,443.14,0.00,0.00,0.00,0.00,0.00,0.00,-0.00,-0.00,1361888.93,0.00,0.00,167642.77,10.00
43109.00,5178486.13,502928.32,443.14,0.00,0.00,0.00,0.00,0.00,0.00,-0.00,-0.00,1363565.36,0.00,-0.00,167642.77,16.00
43125.00,5178486.13,502928.32,443.14,0.00,0.00,0.00,0.00,0.00,0.00,-0.00,-0.00,1366247.65,0.00,0.00,167642.77,10.00
43135.00,5178486.13,502928.32,443.14,0.00,0.00,0.00,0.00,0.00,0.00,-0.00,-0.00,1367924.07,0.00,0.00,167642.77,10.00
43145.00,5178486.13,502928.32,443.14,0.00,0.00,0.00,0.00,0.00,0.00,-0.00,-0.00,1369600.50,-0.00,0.00,167642.77,10.00
43155.00,5178486.13,502928.32,443.14,0.00,0.00,0.00,0.00,0.00,0.00,-0.00,-0.00,1371276.93,0.00,0.00,167642.77,10.00
43165.00,5178486.13,502928.32,443.14,0.00,0.00,0.00,0.00,0.00,0.00,-0.00,-0.00,1372953.36,0.00,-0.00,167642.77,10.00
43180.00,5178485.73,502928.65,444.18,-0.00,0.00,-0.00,-0.00,0.00,-0.00,-0.00,-0.00,1375468.00,-0.00,0.00,167642.77,10.00
43190.00,5178485.73,502928.65,444.18,-0.00,0.00,-0.00,-0.00,0.00,-0.00,-0.00,-0.00,1377144.43,-0.00,0.00,167642.88,10.00
43200.00,5178485.73,502928.65,444.18,-0.00,0.00,-0.00,-0.00,0.00,-0.00,-0.00,-0.00,1378820.86,0.00,-0.00,167642.88,10.00
43210.00,5178485.73,502928.65,444.18,-0.00,0.00,-0.00,-0.00,0.00,-0.00,-0.00,-0.00,1380497.29,0.00,0.00,167642.89,10.00
43220.00,5178485.73,502928.65,444.18,-0.00,0.00,-0.00,-0.00,0.00,-0.00,-0.00,-0.00,1382173.71,0.00,0.00,167642.88,16.00
43236.00,5178485.73,502928.65,444.18,-0.00,0.00,-0.00,-0.00,0.00,-0.00,-0.00,-0.00,1384856.00,0.00,0.00,167642.88,10.00
43246.00,5178485.73,502928.65,444.18,-0.00,0.00,-0.00,-0.00,0.00,-0.00,-0.00,-0.00,1386532.43,-0.00,0.00,167642.89,10.00
43256.00,5178485.73,502928.65,444.18,-0.00,0.00,-0.00,-0.00,0.00,-0.00,-0.00,-0.00,1388208.86,0.00,-0.00,167642.89,10.00
43266.00,5178485.73,502928.65,444.18,-0.00,0.00,-0.00,-0.00,0.00,-0.00,-0.00,-0.00,1389885.29,0.00,-0.00,167642.88,10.00
43276.00,5178485.73,502928.65,444.18,-0.00,0.00,-0.00,-0.00,0.00,-0.00,-0.00,-0.00,1391561.72,-0.00,0.00,167642.88,10.00
43295.00,5178485.73,502928.65,444.18,-0.00,0.00,-0.00,-0.00,0.00,-0.00,-0.00,-0.00,1394746.93,0.00,-0.00,167642.88,10.00
43305.00,5178485.73,502928.65,444.18,-0.00,0.00,-0.00,-0.00,0.00,-0.00,-0.00,-0.00,1396423.36,0.00,-0.00,167642.88,10.00
43315.00,5178485.73,502928.65,444.18,-0.00,0.00,-0.00,-0.00,0.00,-0.00,-0.00,-0.00,1398099.79,0.00,0.00,167642.89,18.00
43333.00,5178485.73,502928.65,444.18,-0.00,0.00,-0.00,-0.00,0.00,-0.00,-0.00,-0.00,1401117.36,0.00,-0.00,167642.89,10.00
43343.00,5178485.73,502928.65,444.18,-0.00,0.00,-0.00,-0.00,0.00,-0.00,-0.00,-0.00,1402793.79,0.00,0.00,167642.89,10.00
43353.00,5178485.73,502928.65,444.18,-0.00,0.00,-0.00,-0.00,0.00,-0.00,-0.00,-0.00,1404470.22,0.00,0.00,167642.88,10.00
43363.00,5178485.73,502928.65,444.18,-0.00,0.00,-0.00,-0.00,0.00,-0.00,-0.00,-0.00,1406146.65,0.00,0.00,167642.89,10.00
43373.00,5178485.73,502928.65,444.18,-0.00,0.00,-0.00,-0.00,0.00,-0.00,-0.00,-0.00,1407823.08,0.00,-0.00,167642.89,10.00
43383.00,5178485.48,502928.85,445.00,0.00,-0.00,-0.00,0.00,-0.00,0.00,-0.00,-0.00,1409499.50,0.00,-0.00,167642.88,10.00
43393.00,5178485.48,502928.85,445.00,0.00,-0.00,-0.00,0.00,-0.00,0.00,-0.00,-0.00,1411175.93,-0.00,0.00,167642.95,10.00
43407.00,5178485.48,502928.85,445.00,0.00,-0.00,-0.00,0.00,-0.00,0.00,-0.00,-0.00,1413522.94,0.00,-0.00,167642.95,18.00
43425.00,5178485.48,502928.85,445.00,0.00,-0.00,-0.00,0.00,-0.00,0.00,-0.00,-0.00,1416540.51,-0.00,-0.00,167642.95,10.00
43435.00,5178485.48,502928.85,445.00,0.00,-0.00,-0.00,0.00,-0.00,0.00,-0.00,-0.00,1418216.94,0.00,-0.00,167642.95,10.00
43445.00,5178485.48,502928.85,445.00,0.00,-0.00,-0.00,0.00,-0.00,0.00,-0.00,-0.00,1419893.37,-0.00,-0.00,167642.95,10.00
43455.00,5178485.48,502928.85,445.00,0.00,-0.00,-0.00,0.00,-0.00,0.00,-0.00,-0.00,1421569.80,0.00,0.00,167642.95,10.00
43465.00,5178485.48,502928.85,445.00,0.00,-0.00,-0.00,0.00,-0.00,0.00,-0.00,-0.00,1423246.23,0.00,-0.00,167642.95,10.00
43475.00,5178485.48,502928.85,445.00,0.00,-0.00,-0.00,0.00,-0.00,0.00,-0.00,-0.00,1424922.66,0.00,0.00,167642.95,10.00
43485.00,5178485.48,502928.85,445.00,0.00,-0.00,-0.00,0.00,-0.00,0.00,-0.00,-0.00,1426599.09,0.00,-0.00,167642.95,10.00
43495.00,5178485.48,502928.85,445.00,0.00,-0.00,-0.00,0.00,-0.00,0.00,-0.00,-0.00,1428275.51,-0.00,0.00,167642.95,10.00
43505.00,5178485.48,502928.85,445.00,0.00,-0.00,-0.00,0.00,-0.00,0.00,-0.00,-0.00,1429951.94,0.00,0.00,167642.95,10.00
43520.00,5178485.48,502928.85,445.00,0.00,-0.00,-0.00,0.00,-0.00,0.00,-0.00,-0.00,1432466.59,0.00,0.00,167642.95,17.00
43537.00,5178485.48,502928.85,445.00,0.00,-0.00,-0.00,0.00,-0.00,0.00,-0.00,-0.00,1435316.52,-0.00,0.00,167642.95,10.00
43547.00,5178485.48,502928.85,445.00,0.00,-0.00,-0.00,0.00,-0.00,0.00,-0.00,-0.00,1436992.95,0.00,-0.00,167642.95,10.00
43557.00,5178485.48,502928.85,445.00,0.00,-0.00,-0.00,0.00,-0.00,0.00,-0.00,-0.00,1438669.38,0.00,-0.00,167642.95,10.00
43567.00,5178485.48,502928.85,445.00,0.00,-0.00,-0.00,0.00,-0.00,0.00,-0.00,-0.00,1440345.81,0.00,0.00,167642.95,10.00
43577.00,5178485.48,502928.85,445.00,0.00,-0.00,-0.00,0.00,-0.00,0.00,-0.00,-0.00,1442022.24,-0.00,0.00,167642.95,10.00
43587.00,5178485.32,502928.99,445.66,-0.00,0.00,0.00,-0.00,0.00,0.00,-0.00,-0.00,1443698.67,-0.00,0.00,167642.95,10.00
43597.00,5178485.32,502928.99,445.66,-0.00,0.00,0.00,-0.00,0.00,0.00,-0.00,-0.00,1445375.10,0.00,0.00,167643.00,10.00
43607.00,5178485.32,502928.99,445.66,-0.00,0.00,0.00,-0.00,0.00,0.00,-0.00,-0.00,1447051.53,-0.00,0.00,167643.00,18.00
43625.00,5178485.32,502928.99,445.66,-0.00,0.00,0.00,-0.00,0.00,0.00,-0.00,-0.00,1450069.10,-0.00,0.00,167643.00,10.00
43639.00,5178485.32,502928.99,445.66,-0.00,0.00,0.00,-0.00,0.00,0.00,-0.00,-0.00,1452416.10,0.00,-0.00,167643.00,10.00
43649.00,5178485.32,502928.99,445.66,-0.00,0.00,0.00,-0.00,0.00,0.00,-0.00,-0.00,1454092.53,0.00,-0.00,167643.00,10.00
43659.00,5178485.32,502928.99,445.66,-0.00,0.00,0.00,-0.00,0.00,0.00,-0.00,-0.00,1455768.96,0.00,0.00,167643.00,10.00
43669.00,5178485.32,502928.99,445.66,-0.00,0.00,0.00,-0.00,0.00,0.00,-0.00,-0.00,1457445.39,0.00,0.00,167643.00,10.00
43679.00,5178485.32,502928.99,445.66,-0.00,0.00,0.00,-0.00,0.00,0.00,-0.00,-0.00,1459121.82,-0.00,0.00,167643.00,10.00
43689.00,5178485.32,502928.99,445.66,-0.00,0.00,0.00,-0.00,0.00,0.00,-0.00,-0.00,1460798.25,0.00,0.00,167643.00,10.00
43699.00,5178485.32,502928.99,445.66,-0.00,0.00,0.00,-0.00,0.00,0.00,-0.00,-0.00,1462474.68,0.00,0.00,167643.00,10.00
43709.00,5178485.32,502928.99,445.66,-0.00,0.00,0.00,-0.00,0.00,0.00,-0.00,-0.00,1464151.11,0.00,0.00,167643.00,10.00
43719.00,5178485.32,502928.99,445.66,-0.00,0.00,0.00,-0.00,0.00,0.00,-0.00,-0.00,1465827.54,0.00,0.00,167643.00,17.00
43736.00,5178485.32,502928.99,445.66,-0.00,0.00,0.00,-0.00,0.00,0.00,-0.00,-0.00,1468677.47,0.00,0.00,167643.00,10.00
43751.00,5178485.32,502928.99,445.66,-0.00,0.00,0.00,-0.00,0.00,0.00,-0.00,-0.00,1471192.12,0.00,0.00,167643.00,10.00
43761.00,5178485.32,502928.99,445.66,-0.00,0.00,0.00,-0.00,0.00,0.00,-0.00,-0.00,1472868.55,-0.00,0.00,167643.00,10.00
43771.00,5178485.32,502928.99,445.66,-0.00,0.00,0.00,-0.00,0.00,0.00,-0.00,-0.00,1474544.98,0.00,-0.00,167643.00,10.00
43781.00,5178485.32,502928.99,445.66,-0.00,0.00,0.00,-0.00,0.00,0.00,-0.00,-0.00,1476221.41,0.00,-0.00,167643.00,10.00
43791.00,5178485.03,502929.52,445.82,0.00,-0.00,-0.00,0.00,-0.00,-0.00,-0.00,-0.00,1477897.84,0.00,0.00,167643.00,10.00
43801.00,5178485.03,502929.52,445.82,0.00,-0.00,-0.00,0.00,-0.00,-0.00,-0.00,-0.00,1479574.27,-0.00,-0.00,167643.18,10.00
43811.00,5178485.03,502929.52,445.82,0.00,-0.00,-0.00,0.00,-0.00,-0.00,-0.00,-0.00,1481250.70,-0.00,-0.00,167643.17,17.00
43828.00,5178485.03,502929.52,445.82,0.00,-0.00,-0.00,0.00,-0.00,-0.00,-0.00,-0.00,1484100.64,-0.00,0.00,167643.17,10.00
43838.00,5178485.03,502929.52,445.82,0.00,-0.00,-0.00,0.00,-0.00,-0.00,-0.00,-0.00,1485777.07,0.00,-0.00,167643.17,10.00
43848.00,5178485.03,502929.52,445.82,0.00,-0.00,-0.00,0.00,-0.00,-0.00,-0.00,-0.00,1487453.50,-0.00,-0.00,167643.17,10.00
43863.00,5178485.03,502929.52,445.82,0.00,-0.00,-0.00,0.00,-0.00,-0.00,-0.00,-0.00,1489968.15,0.00,0.00,167643.17,10.00
43873.00,5178485.03,502929.52,445.82,0.00,-0.00,-0.00,0.00,-0.00,-0.00,-0.00,-0.00,1491644.58,-0.00,0.00,167643.18,10.00
43883.00,5178485.03,502929.52,445.82,0.00,-0.00,-0.00,0.00,-0.00,-0.00,-0.00,-0.00,1493321.01,-0.00,0.00,167643.17,10.00
43893.00,5178485.03,502929.52,445.82,0.00,-0.00,-0.00,0.00,-0.00,-0.00,-0.00,-0.00,1494997.44,0.00,0.00,167643.18,10.00
43903.00,5178485.03,502929.52,445.82,0.00,-0.00,-0.00,0.00,-0.00,-0.00,-0.00,-0.00,1496673.87,0.00,0.00,167643.18,10.00
43913.00,5178485.03,502929.52,445.82,0.00,-0.00,-0.00,0.00,-0.00,-0.00,-0.00,-0.00,1498350.31,-0.00,-0.00,167643.18,10.00
43923.00,5178485.03,502929.52,445.82,0.00,-0.00,-0.00,0.00,-0.00,-0.00,-0.00,-0.00,1500026.74,-0.00,-0.00,167643.17,15.00
43938.00,5178485.03,502929.52,445.82,0.00,-0.00,-0.00,0.00,-0.00,-0.00,-0.00,-0.00,1502541.38,0.00,0.00,167643.17,10.00
43948.00,5178485.03,502929.52,445.82,0.00,-0.00,-0.00,0.00,-0.00,-0.00,-0.00,-0.00,1504217.82,0.00,0.00,167643.17,10.00
43958.00,5178485.03,502929.52,445.82,0.00,-0.00,-0.00,0.00,-0.00,-0.00,-0.00,-0.00,1505894.25,0.00,0.00,167643.18,10.00
43972.00,5178485.03,502929.52,445.82,0.00,-0.00,-0.00,0.00,-0.00,-0.00,-0.00,-0.00,1508241.25,-0.00,-0.00,167643.17,10.00
43982.00,5178485.03,502929.52,445.82,0.00,-0.00,-0.00,0.00,-0.00,-0.00,-0.00,-0.00,1509917.68,0.00,0.00,167643.18,10.00
43992.00,5178484.92,502929.72,445.90,0.00,0.00,0.00,0.00,0.00,0.00,-0.00,-0.00,1511594.12,0.00,0.00,167643.18,10.00
44002.00,5178484.92,502929.72,445.90,0.00,0.00,0.00,0.00,0.00,0.00,-0.00,-0.00,1513270.55,-0.00,0.00,167643.24,10.00
44012.00,5178484.92,502929.72,445.90,0.00,0.00,0.00,0.00,0.00,0.00,-0.00,-0.00,1514946.98,0.00,0.00,167643.24,16.00
44028.00,5178484.92,502929.72,445.90,0.00,0.00,0.00,0.00,0.00,0.00,-0.00,-0.00,1517629.27,0.00,0.00,167643.24,10.00
44038.00,5178484.92,502929.72,445.90,0.00,0.00,0.00,0.00,0.00,0.00,-0.00,-0.00,1519305.71,0.00,0.00,167643.24,10.00
44048.00,5178484.92,502929.72,445.90,0.00,0.00,0.00,0.00,0.00,0.00,-0.00,-0.00,1520982.14,-0.00,-0.00,167643.24,10.00
44058.00,5178484.92,502929.72,445.90,0.00,0.00,0.00,0.00,0.00,0.00,-0.00,-0.00,1522658.57,0.00,0.00,167643.24,10.00
44068.00,5178484.92,502929.72,445.90,0.00,0.00,0.00,0.00,0.00,0.00,-0.00,-0.00,1524335.00,-0.00,0.00,167643.24,10.00
44088.00,5178484.92,502929.72,445.90,0.00,0.00,0.00,0.00,0.00,0.00,-0.00,-0.00,1527687.87,-0.00,0.00,167643.24,10.00
44098.00,5178484.92,502929.72,445.90,0.00,0.00,0.00,0.00,0.00,0.00,-0.00,-0.00,1529364.30,0.00,-0.00,167643.24,10.00
44108.00,5178484.92,502929.72,445.90,0.00,0.00,0.00,0.00,0.00,0.00,-0.00,-0.00,1531040.73,0.00,0.00,167643.24,10.00
44118.00,5178484.92,502929.72,445.90,0.00,0.00,0.00,0.00,0.00,0.00,-0.00,-0.00,1532717.16,0.00,0.00,167643.24,18.00
44136.00,5178484.92,502929.72,445.90,0.00,0.00,0.00,0.00,0.00,0.00,-0.00,-0.00,1535734.74,-0.00,0.00,167643.24,10.00
44146.00,5178484.92,502929.72,445.90,0.00,0.00,0.00,0.00,0.00,0.00,-0.00,-0.00,1537411.18,-0.00,0.00,167643.24,10.00
44156.00,5178484.92,502929.72,445.90,0.00,0.00,0.00,0.00,0.00,0.00,-0.00,-0.00,1539087.61,0.00,0.00,167643.24,10.00
44166.00,5178484.92,502929.72,445.90,0.00,0.00,0.00,0.00,0.00,0.00,-0.00,-0.00,1540764.04,0.00,0.00,167643.24,10.00
44176.00,5178484.92,502929.72,445.90,0.00,0.00,0.00,0.00,0.00,0.00,-0.00,-0.00,1542440.47,0.00,0.00,167643.24,10.00
44186.00,5178484.92,502929.72,445.90,0.00,0.00,0.00,0.00,0.00,0.00,-0.00,-0.00,1544116.90,0.00,-0.00,167643.24,10.00
44201.00,5178486.05,502930.02,447.68,0.00,0.00,0.00,-0.00,-0.00,-0.00,-0.00,-0.00,1546631.55,0.00,-0.00,167643.24,10.00
44211.00,5178486.05,502930.02,447.68,0.00,0.00,0.00,-0.00,-0.00,-0.00,-0.00,-0.00,1548307.99,0.00,-0.00,167643.34,10.00
44221.00,5178486.05,502930.02,447.68,0.00,0.00,0.00,-0.00,-0.00,-0.00,-0.00,-0.00,1549984.42,-0.00,0.00,167643.34,17.00
44238.00,5178486.05,502930.02,447.68,0.00,0.00,0.00,-0.00,-0.00,-0.00,-0.00,-0.00,1552834.36,-0.00,-0.00,167643.34,10.00
44248.00,5178486.05,502930.02,447.68,0.00,0.00,0.00,-0.00,-0.00,-0.00,-0.00,-0.00,1554510.79,0.00,0.00,167643.34,10.00
44258.00,5178486.05,502930.02,447.68,0.00,0.00,0.00,-0.00,-0.00,-0.00,-0.00,-0.00,1556187.22,0.00,0.00,167643.34,10.00
44268.00,5178486.05,502930.02,447.68,0.00,0.00,0.00,-0.00,-0.00,-0.00,-0.00,-0.00,1557863.66,0.00,0.00,167643.34,10.00
44278.00,5178486.05,502930.02,447.68,0.00,0.00,0.00,-0.00,-0.00,-0.00,-0.00,-0.00,1559540.09,0.00,-0.00,167643.34,10.00
44288.00,5178486.05,502930.02,447.68,0.00,0.00,0.00,-0.00,-0.00,-0.00,-0.00,-0.00,1561216.52,0.00,-0.00,167643.34,10.00
44298.00,5178486.05,502930.02,447.68,0.00,0.00,0.00,-0.00,-0.00,-0.00,-0.00,-0.00,1562892.96,0.00,-0.00,167643.34,10.00
44312.00,5178486.05,502930.02,447.68,0.00,0.00,0.00,-0.00,-0.00,-0.00,-0.00,-0.00,1565239.96,0.00,0.00,167643.34,17.00
44329.00,5178486.05,502930.02,447.68,0.00,0.00,0.00,-0.00,-0.00,-0.00,-0.00,-0.00,1568089.90,-0.00,-0.00,167643.34,10.00
44339.00,5178486.05,502930.02,447.68,0.00,0.00,0.00,-0.00,-0.00,-0.00,-0.00,-0.00,1569766.33,0.00,0.00,167643.34,10.00
44349.00,5178486.05,502930.02,447.68,0.00,0.00,0.00,-0.00,-0.00,-0.00,-0.00,-0.00,1571442.77,0.00,0.00,167643.34,10.00
44359.00,5178486.05,502930.02,447.68,0.00,0.00,0.00,-0.00,-0.00,-0.00,-0.00,-0.00,1573119.20,0.00,0.00,167643.34,10.00
44369.00,5178486.05,502930.02,447.68,0.00,0.00,0.00,-0.00,-0.00,-0.00,-0.00,-0.00,1574795.63,0.00,0.00,167643.34,10.00
44379.00,5178486.05,502930.02,447.68,0.00,0.00,0.00,-0.00,-0.00,-0.00,-0.00,-0.00,1576472.07,-0.00,0.00,167643.34,10.00
44389.00,5178486.05,502930.02,447.68,0.00,0.00,0.00,-0.00,-0.00,-0.00,-0.00,-0.00,1578148.50,-0.00,0.00,167643.34,10.00
44399.00,5178486.05,502930.02,447.68,0.00,0.00,0.00,-0.00,-0.00,-0.00,-0.00,-0.00,1579824.93,0.00,0.00,167643.34,10.00
44409.00,5178488.03,502930.47,450.06,0.00,0.00,-0.00,0.00,0.00,-0.00,-0.00,-0.00,1581501.37,0.00,0.00,167643.34,10.00
44423.00,5178488.03,502930.47,450.06,0.00,0.00,-0.00,0.00,0.00,-0.00,-0.00,-0.00,1583848.38,0.00,0.00,167643.49,17.00
44440.00,5178488.03,502930.47,450.06,0.00,0.00,-0.00,0.00,0.00,-0.00,-0.00,-0.00,1586698.32,0.00,0.00,167643.49,10.00
44450.00,5178488.03,502930.47,450.06,0.00,0.00,-0.00,0.00,0.00,-0.00,-0.00,-0.00,1588374.75,0.00,0.00,167643.49,10.00
44460.00,5178488.03,502930.47,450.06,0.00,0.00,-0.00,0.00,0.00,-0.00,-0.00,-0.00,1590051.19,0.00,0.00,167643.49,10.00
44470.00,5178488.03,502930.47,450.06,0.00,0.00,-0.00,0.00,0.00,-0.00,-0.00,-0.00,1591727.62,0.00,-0.00,167643.49,10.00
44480.00,5178488.03,502930.47,450.06,0.00,0.00,-0.00,0.00,0.00,-0.00,-0.00,-0.00,1593404.06,0.00,-0.00,167643.49,10.00
44490.00,5178488.03,502930.47,450.06,0.00,0.00,-0.00,0.00,0.00,-0.00,-0.00,-0.00,1595080.49,0.00,-0.00,167643.49,10.00
44500.00,5178488.03,502930.47,450.06,0.00,0.00,-0.00,0.00,0.00,-0.00,-0.00,-0.00,1596756.93,-0.00,0.00,167643.49,10.00
44510.00,5178488.03,502930.47,450.06,0.00,0.00,-0.00,0.00,0.00,-0.00,-0.00,-0.00,1598433.36,-0.00,-0.00,167643.49,18.00
44528.00,5178488.03,502930.47,450.06,0.00,0.00,-0.00,0.00,0.00,-0.00,-0.00,-0.00,1601450.94,-0.00,-0.00,167643.49,10.00
44543.00,5178488.03,502930.47,450.06,0.00,0.00,-0.00,0.00,0.00,-0.00,-0.00,-0.00,1603965.60,0.00,0.00,167643.49,10.00
44553.00,5178488.03,502930.47,450.06,0.00,0.00,-0.00,0.00,0.00,-0.00,-0.00,-0.00,1605642.03,0.00,-0.00,167643.49,10.00
44563.00,5178488.03,502930.47,450.06,0.00,0.00,-0.00,0.00,0.00,-0.00,-0.00,-0.00,1607318.47,-0.00,-0.00,167643.49,10.00
44573.00,5178488.03,502930.47,450.06,0.00,0.00,-0.00,0.00,0.00,-0.00,-0.00,-0.00,1608994.90,0.00,0.00,167643.49,10.00
44583.00,5178488.03,502930.47,450.06,0.00,0.00,-0.00,0.00,0.00,-0.00,-0.00,-0.00,1610671.34,0.00,-0.00,167643.49,10.00
44593.00,5178488.03,502930.47,450.06,0.00,0.00,-0.00,0.00,0.00,-0.00,-0.00,-0.00,1612347.77,0.00,0.00,167643.49,10.00
44603.00,5178488.03,502930.47,450.06,0.00,0.00,-0.00,0.00,0.00,-0.00,-0.00,-0.00,1614024.21,-0.00,-0.00,167643.49,10.00
44613.00,5178489.11,502930.78,451.31,-0.00,-0.00,0.00,-0.00,-0.00,0.00,-0.00,-0.00,1615700.64,0.00,0.00,167643.49,10.00
44623.00,5178489.11,502930.78,451.31,-0.00,-0.00,0.00,-0.00,-0.00,0.00,-0.00,-0.00,1617377.08,0.00,-0.00,167643.59,17.00
44640.00,5178489.11,502930.78,451.31,-0.00,-0.00,0.00,-0.00,-0.00,0.00,-0.00,-0.00,1620227.02,0.00,-0.00,167643.59,10.00
44655.00,5178489.11,502930.78,451.31,-0.00,-0.00,0.00,-0.00,-0.00,0.00,-0.00,-0.00,1622741.67,0.00,-0.00,167643.59,10.00
44665.00,5178489.11,502930.78,451.31,-0.00,-0.00,0.00,-0.00,-0.00,0.00,-0.00,-0.00,1624418.11,0.00,-0.00,167643.59,10.00
44675.00,5178489.11,502930.78,451.31,-0.00,-0.00,0.00,-0.00,-0.00,0.00,-0.00,-0.00,1626094.54,0.00,-0.00,167643.59,10.00
44685.00,5178489.11,502930.78,451.31,-0.00,-0.00,0.00,-0.00,-0.00,0.00,-0.00,-0.00,1627770.98,0.00,-0.00,167643.59,10.00
44695.00,5178489.11,502930.78,451.31,-0.00,-0.00,0.00,-0.00,-0.00,0.00,-0.00,-0.00,1629447.41,-0.00,0.00,167643.59,10.00
44705.00,5178489.11,502930.78,451.31,-0.00,-0.00,0.00,-0.00,-0.00,0.00,-0.00,-0.00,1631123.85,-0.00,0.00,167643.59,10.00
44715.00,5178489.11,502930.78,451.31,-0.00,-0.00,0.00,-0.00,-0.00,0.00,-0.00,-0.00,1632800.29,0.00,-0.00,167643.59,16.00
44731.00,5178489.11,502930.78,451.31,-0.00,-0.00,0.00,-0.00,-0.00,0.00,-0.00,-0.00,1635482.58,0.00,-0.00,167643.59,10.00
44741.00,5178489.11,502930.78,451.31,-0.00,-0.00,0.00,-0.00,-0.00,0.00,-0.00,-0.00,1637159.02,0.00,0.00,167643.59,10.00
44751.00,5178489.11,502930.78,451.31,-0.00,-0.00,0.00,-0.00,-0.00,0.00,-0.00,-0.00,1638835.46,-0.00,-0.00,167643.59,10.00
44766.00,5178489.11,502930.78,451.31,-0.00,-0.00,0.00,-0.00,-0.00,0.00,-0.00,-0.00,1641350.11,-0.00,-0.00,167643.59,10.00
44776.00,5178489.11,502930.78,451.31,-0.00,-0.00,0.00,-0.00,-0.00,0.00,-0.00,-0.00,1643026.55,0.00,0.00,167643.59,10.00
44786.00,5178489.11,502930.78,451.31,-0.00,-0.00,0.00,-0.00,-0.00,0.00,-0.00,-0.00,1644702.98,0.00,0.00,167643.59,10.00
44796.00,5178489.11,502930.78,451.31,-0.00,-0.00,0.00,-0.00,-0.00,0.00,-0.00,-0.00,1646379.42,-0.00,0.00,167643.59,10.00
44806.00,5178489.11,502930.78,451.31,-0.00,-0.00,0.00,-0.00,-0.00,0.00,-0.00,-0.00,1648055.85,-0.00,-0.00,167643.59,10.00
44816.00,5178488.45,502930.86,450.34,-0.00,-0.00,0.00,0.00,0.00,0.00,-0.00,-0.00,1649732.29,-0.00,-0.00,167643.59,16.00
44832.00,5178488.45,502930.86,450.34,-0.00,-0.00,0.00,0.00,0.00,0.00,-0.00,-0.00,1652414.59,-0.00,-0.00,167643.62,10.00
44842.00,5178488.45,502930.86,450.34,-0.00,-0.00,0.00,0.00,0.00,0.00,-0.00,-0.00,1654091.02,0.00,0.00,167643.62,10.00
44852.00,5178488.45,502930.86,450.34,-0.00,-0.00,0.00,0.00,0.00,0.00,-0.00,-0.00,1655767.46,0.00,-0.00,167643.62,10.00
44862.00,5178488.45,502930.86,450.34,-0.00,-0.00,0.00,0.00,0.00,0.00,-0.00,-0.00,1657443.90,0.00,-0.00,167643.62,10.00
44881.00,5178488.45,502930.86,450.34,-0.00,-0.00,0.00,0.00,0.00,0.00,-0.00,-0.00,1660629.12,0.00,-0.00,167643.62,10.00
44891.00,5178488.45,502930.86,450.34,-0.00,-0.00,0.00,0.00,0.00,0.00,-0.00,-0.00,1662305.56,-0.00,-0.00,167643.62,10.00
44901.00,5178488.45,502930.86,450.34,-0.00,-0.00,0.00,0.00,0.00,0.00,-0.00,-0.00,1663982.00,-0.00,0.00,167643.62,10.00
44911.00,5178488.45,502930.86,450.34,-0.00,-0.00,0.00,0.00,0.00,0.00,-0.00,-0.00,1665658.43,0.00,0.00,167643.62,10.00
44921.00,5178488.45,502930.86,450.34,-0.00,-0.00,0.00,0.00,0.00,0.00,-0.00,-0.00,1667334.87,0.00,0.00,167643.62,18.00
44939.00,5178488.45,502930.86,450.34,-0.00,-0.00,0.00,0.00,0.00,0.00,-0.00,-0.00,1670352.45,0.00,0.00,167643.62,10.00
44949.00,5178488.45,502930.86,450.34,-0.00,-0.00,0.00,0.00,0.00,0.00,-0.00,-0.00,1672028.89,0.00,0.00,167643.62,10.00
44959.00,5178488.45,502930.86,450.34,-0.00,-0.00,0.00,0.00,0.00,0.00,-0.00,-0.00,1673705.33,0.00,0.00,167643.62,10.00
44969.00,5178488.45,502930.86,450.34,-0.00,-0.00,0.00,0.00,0.00,0.00,-0.00,-0.00,1675381.76,-0.00,-0.00,167643.62,10.00
44979.00,5178488.45,502930.86,450.34,-0.00,-0.00,0.00,0.00,0.00,0.00,-0.00,-0.00,1677058.20,0.00,0.00,167643.62,10.00
44994.00,5178488.45,502930.86,450.34,-0.00,-0.00,0.00,0.00,0.00,0.00,-0.00,-0.00,1679572.85,-0.00,0.00,167643.62,10.00
45004.00,5178488.45,502930.86,450.34,-0.00,-0.00,0.00,0.00,0.00,0.00,-0.00,-0.00,1681249.29,0.00,0.00,167643.62,10.00
45014.00,5178488.45,502930.86,450.34,-0.00,-0.00,0.00,0.00,0.00,0.00,-0.00,-0.00,1682925.73,0.00,0.00,167643.62,17.00
45031.00,5178488.65,502930.97,450.36,0.00,0.00,0.00,0.00,0.00,0.00,-0.00,-0.00,1685775.67,0.00,0.00,167643.62,10.00
45041.00,5178488.65,502930.97,450.36,0.00,0.00,0.00,0.00,0.00,0.00,-0.00,-0.00,1687452.10,-0.00,0.00,167643.66,10.00
45051.00,5178488.65,502930.97,450.36,0.00,0.00,0.00,0.00,0.00,0.00,-0.00,-0.00,1689128.54,0.00,0.00,167643.66,10.00
45061.00,5178488.65,502930.97,450.36,0.00,0.00,0.00,0.00,0.00,0.00,-0.00,-0.00,1690804.98,-0.00,0.00,167643.66,10.00
45071.00,5178488.65,502930.97,450.36,0.00,0.00,0.00,0.00,0.00,0.00,-0.00,-0.00,1692481.41,-0.00,-0.00,167643.66,10.00
45081.00,5178488.65,502930.97,450.36,0.00,0.00,0.00,0.00,0.00,0.00,-0.00,-0.00,1694157.85,0.00,0.00,167643.66,10.00
45091.00,5178488.65,502930.97,450.36,0.00,0.00,0.00,0.00,0.00,0.00,-0.00,-0.00,1695834.29,0.00,-0.00,167643.66,10.00
45105.00,5178488.65,502930.97,450.36,0.00,0.00,0.00,0.00,0.00,0.00,-0.00,-0.00,1698181.30,0.00,0.00,167643.66,10.00
45115.00,5178488.65,502930.97,450.36,0.00,0.00,0.00,0.00,0.00,0.00,-0.00,-0.00,1699857.73,0.00,0.00,167643.66,10.00
45125.00,5178488.65,502930.97,450.36,0.00,0.00,0.00,0.00,0.00,0.00,-0.00,-0.00,1701534.17,0.00,-0.00,167643.66,16.00
45141.00,5178488.65,502930.97,450.36,0.00,0.00,0.00,0.00,0.00,0.00,-0.00,-0.00,1704216.47,0.00,-0.00,167643.66,10.00
45151.00,5178488.65,502930.97,450.36,0.00,0.00,0.00,0.00,0.00,0.00,-0.00,-0.00,1705892.91,-0.00,-0.00,167643.66,10.00
45161.00,5178488.65,502930.97,450.36,0.00,0.00,0.00,0.00,0.00,0.00,-0.00,-0.00,1707569.34,0.00,-0.00,167643.66,10.00
45171.00,5178488.65,502930.97,450.36,0.00,0.00,0.00,0.00,0.00,0.00,-0.00,-0.00,1709245.78,-0.00,0.00,167643.66,10.00
45181.00,5178488.65,502930.97,450.36,0.00,0.00,0.00,0.00,0.00,0.00,-0.00,-0.00,1710922.22,0.00,0.00,167643.66,10.00
45191.00,5178488.65,502930.97,450.36,0.00,0.00,0.00,0.00,0.00,0.00,-0.00,-0.00,1712598.65,0.00,-0.00,167643.66,10.00
45201.00,5178488.65,502930.97,450.36,0.00,0.00,0.00,0.00,0.00,0.00,-0.00,-0.00,1714275.09,0.00,-0.00,167643.66,10.00
45216.00,5178488.65,502930.97,450.36,0.00,0.00,0.00,0.00,0.00,0.00,-0.00,-0.00,1716789.74,0.00,0.00,167643.66,16.00
45232.00,5178489.12,502931.12,450.84,0.00,0.00,0.00,0.00,-0.00,0.00,-0.00,-0.00,1719472.04,0.00,0.00,167643.66,10.00
45242.00,5178489.12,502931.12,450.84,0.00,0.00,0.00,0.00,-0.00,0.00,-0.00,-0.00,1721148.48,0.00,-0.00,167643.71,10.00
45252.00,5178489.12,502931.12,450.84,0.00,0.00,0.00,0.00,-0.00,0.00,-0.00,-0.00,1722824.92,0.00,0.00,167643.71,10.00
45262.00,5178489.12,502931.12,450.84,0.00,0.00,0.00,0.00,-0.00,0.00,-0.00,-0.00,1724501.35,-0.00,-0.00,167643.71,10.00
45272.00,5178489.12,502931.12,450.84,0.00,0.00,0.00,0.00,-0.00,0.00,-0.00,-0.00,1726177.79,-0.00,-0.00,167643.71,10.00
45282.00,5178489.12,502931.12,450.84,0.00,0.00,0.00,0.00,-0.00,0.00,-0.00,-0.00,1727854.23,0.00,0.00,167643.71,10.00
45292.00,5178489.12,502931.12,450.84,0.00,0.00,0.00,0.00,-0.00,0.00,-0.00,-0.00,1729530.67,0.00,0.00,167643.71,10.00
45302.00,5178489.12,502931.12,450.84,0.00,0.00,0.00,0.00,-0.00,0.00,-0.00,-0.00,1731207.10,0.00,0.00,167643.71,10.00
45312.00,5178489.12,502931.12,450.84,0.00,0.00,0.00,0.00,-0.00,0.00,-0.00,-0.00,1732883.54,0.00,-0.00,167643.71,19.00
45335.00,5178489.12,502931.12,450.84,0.00,0.00,0.00,0.00,-0.00,0.00,-0.00,-0.00,1736739.34,0.00,-0.00,167643.71,10.00
45345.00,5178489.12,502931.12,450.84,0.00,0.00,0.00,0.00,-0.00,0.00,-0.00,-0.00,1738415.78,0.00,-0.00,167643.71,10.00
45355.00,5178489.12,502931.12,450.84,0.00,0.00,0.00,0.00,-0.00,0.00,-0.00,-0.00,1740092.22,0.00,0.00,167643.71,10.00
45365.00,5178489.12,502931.12,450.84,0.00,0.00,0.00,0.00,-0.00,0.00,-0.00,-0.00,1741768.66,-0.00,0.00,167643.71,10.00
45375.00,5178489.12,502931.12,450.84,0.00,0.00,0.00,0.00,-0.00,0.00,-0.00,-0.00,1743445.09,0.00,0.00,167643.71,10.00
45385.00,5178489.12,502931.12,450.84,0.00,0.00,0.00,0.00,-0.00,0.00,-0.00,-0.00,1745121.53,0.00,0.00,167643.71,10.00
45395.00,5178489.12,502931.12,450.84,0.00,0.00,0.00,0.00,-0.00,0.00,-0.00,-0.00,1746797.97,0.00,0.00,167643.71,10.00
45405.00,5178489.12,502931.12,450.84,0.00,0.00,0.00,0.00,-0.00,0.00,-0.00,-0.00,1748474.40,0.00,0.00,167643.71,17.00
45422.00,5178489.12,502931.12,450.84,0.00,0.00,0.00,0.00,-0.00,0.00,-0.00,-0.00,1751324.35,-0.00,-0.00,167643.71,10.00
45432.00,5178489.78,502930.99,450.77,0.00,0.00,0.00,-0.00,0.00,-0.00,-0.00,-0.00,1753000.78,0.00,0.00,167643.71,10.00
45447.00,5178489.78,502930.99,450.77,0.00,0.00,0.00,-0.00,0.00,-0.00,-0.00,-0.00,1755515.44,0.00,0.00,167643.66,10.00
45457.00,5178489.78,502930.99,450.77,0.00,0.00,0.00,-0.00,0.00,-0.00,-0.00,-0.00,1757191.88,-0.00,0.00,167643.66,10.00
45467.00,5178489.78,502930.99,450.77,0.00,0.00,0.00,-0.00,0.00,-0.00,-0.00,-0.00,1758868.31,-0.00,0.00,167643.66,10.00
45477.00,5178489.78,502930.99,450.77,0.00,0.00,0.00,-0.00,0.00,-0.00,-0.00,-0.00,1760544.75,-0.00,0.00,167643.66,10.00
45487.00,5178489.78,502930.99,450.77,0.00,0.00,0.00,-0.00,0.00,-0.00,-0.00,-0.00,1762221.19,0.00,-0.00,167643.67,10.00
45497.00,5178489.78,502930.99,450.77,0.00,0.00,0.00,-0.00,0.00,-0.00,-0.00,-0.00,1763897.62,-0.00,-0.00,167643.66,10.00
45507.00,5178489.78,502930.99,450.77,0.00,0.00,0.00,-0.00,0.00,-0.00,-0.00,-0.00,1765574.06,0.00,-0.00,167643.66,16.00
45523.00,5178489.78,502930.99,450.77,0.00,0.00,0.00,-0.00,0.00,-0.00,-0.00,-0.00,1768256.36,0.00,-0.00,167643.66,10.00
45533.00,5178489.78,502930.99,450.77,0.00,0.00,0.00,-0.00,0.00,-0.00,-0.00,-0.00,1769932.79,-0.00,-0.00,167643.66,10.00
45543.00,5178489.78,502930.99,450.77,0.00,0.00,0.00,-0.00,0.00,-0.00,-0.00,-0.00,1771609.23,0.00,0.00,167643.66,10.00
45557.00,5178489.78,502930.99,450.77,0.00,0.00,0.00,-0.00,0.00,-0.00,-0.00,-0.00,1773956.24,0.00,-0.00,167643.67,10.00
45567.00,5178489.78,502930.99,450.77,0.00,0.00,0.00,-0.00,0.00,-0.00,-0.00,-0.00,1775632.68,-0.00,-0.00,167643.66,10.00
45577.00,5178489.78,502930.99,450.77,0.00,0.00,0.00,-0.00,0.00,-0.00,-0.00,-0.00,1777309.12,-0.00,0.00,167643.67,10.00
45587.00,5178489.78,502930.99,450.77,0.00,0.00,0.00,-0.00,0.00,-0.00,-0.00,-0.00,1778985.55,-0.00,-0.00,167643.67,10.00
45597.00,5178489.78,502930.99,450.77,0.00,0.00,0.00,-0.00,0.00,-0.00,-0.00,-0.00,1780661.99,-0.00,0.00,167643.66,10.00
45607.00,5178489.78,502930.99,450.77,0.00,0.00,0.00,-0.00,0.00,-0.00,-0.00,-0.00,1782338.43,-0.00,0.00,167643.66,16.00
45623.00,5178489.78,502930.99,450.77,0.00,0.00,0.00,-0.00,0.00,-0.00,-0.00,-0.00,1785020.72,-0.00,-0.00,167643.66,10.00
45633.00,5178489.97,502930.78,450.28,0.00,0.00,0.00,0.00,0.00,0.00,-0.00,-0.00,1786697.16,0.00,0.00,167643.66,10.00
45643.00,5178489.97,502930.78,450.28,0.00,0.00,0.00,0.00,0.00,0.00,-0.00,-0.00,1788373.60,0.00,0.00,167643.59,10.00
45653.00,5178489.97,502930.78,450.28,0.00,0.00,0.00,0.00,0.00,0.00,-0.00,-0.00,1790050.03,0.00,0.00,167643.60,10.00
45672.00,5178489.97,502930.78,450.28,0.00,0.00,0.00,0.00,0.00,0.00,-0.00,-0.00,1793235.26,-0.00,-0.00,167643.60,10.00
45682.00,5178489.97,502930.78,450.28,0.00,0.00,0.00,0.00,0.00,0.00,-0.00,-0.00,1794911.70,-0.00,0.00,167643.60,10.00
45692.00,5178489.97,502930.78,450.28,0.00,0.00,0.00,0.00,0.00,0.00,-0.00,-0.00,1796588.13,0.00,0.00,167643.59,10.00
45702.00,5178489.97,502930.78,450.28,0.00,0.00,0.00,0.00,0.00,0.00,-0.00,-0.00,1798264.57,0.00,-0.00,167643.60,10.00
45712.00,5178489.97,502930.78,450.28,0.00,0.00,0.00,0.00,0.00,0.00,-0.00,-0.00,1799941.00,-0.00,-0.00,167643.60,10.00
45722.00,5178489.97,502930.78,450.28,0.00,0.00,0.00,0.00,0.00,0.00,-0.00,-0.00,1801617.44,-0.00,-0.00,167643.59,17.00
45739.00,5178489.97,502930.78,450.28,0.00,0.00,0.00,0.00,0.00,0.00,-0.00,-0.00,1804467.38,0.00,-0.00,167643.60,10.00
45749.00,5178489.97,502930.78,450.28,0.00,0.00,0.00,0.00,0.00,0.00,-0.00,-0.00,1806143.82,-0.00,0.00,167643.60,10.00
45759.00,5178489.97,502930.78,450.28,0.00,0.00,0.00,0.00,0.00,0.00,-0.00,-0.00,1807820.25,-0.00,0.00,167643.60,10.00
45769.00,5178489.97,502930.78,450.28,0.00,0.00,0.00,0.00,0.00,0.00,-0.00,-0.00,1809496.69,-0.00,-0.00,167643.59,10.00
45784.00,5178489.97,502930.78,450.28,0.00,0.00,0.00,0.00,0.00,0.00,-0.00,-0.00,1812011.34,0.00,0.00,167643.59,10.00
45794.00,5178489.97,502930.78,450.28,0.00,0.00,0.00,0.00,0.00,0.00,-0.00,-0.00,1813687.78,0.00,-0.00,167643.60,10.00
45804.00,5178489.97,502930.78,450.28,0.00,0.00,0.00,0.00,0.00,0.00,-0.00,-0.00,1815364.22,-0.00,-0.00,167643.60,18.00
45822.00,5178489.97,502930.78,450.28,0.00,0.00,0.00,0.00,0.00,0.00,-0.00,-0.00,1818381.80,0.00,0.00,167643.60,10.00
45832.00,5178489.97,502930.78,450.28,0.00,0.00,0.00,0.00,0.00,0.00,-0.00,-0.00,1820058.24,0.00,0.00,167643.59,10.00
45842.00,5178490.09,502930.60,449.31,-0.00,-0.00,0.00,-0.00,-0.00,-0.00,-0.00,-0.00,1821734.67,-0.00,-0.00,167643.59,10.00
45852.00,5178490.09,502930.60,449.31,-0.00,-0.00,0.00,-0.00,-0.00,-0.00,-0.00,-0.00,1823411.11,-0.00,0.00,167643.54,10.00
45862.00,5178490.09,502930.60,449.31,-0.00,-0.00,0.00,-0.00,-0.00,-0.00,-0.00,-0.00,1825087.54,0.00,-0.00,167643.53,10.00
45872.00,5178490.09,502930.60,449.31,-0.00,-0.00,0.00,-0.00,-0.00,-0.00,-0.00,-0.00,1826763.98,-0.00,0.00,167643.54,10.00
45882.00,5178490.09,502930.60,449.31,-0.00,-0.00,0.00,-0.00,-0.00,-0.00,-0.00,-0.00,1828440.41,0.00,0.00,167643.53,10.00
45897.00,5178490.09,502930.60,449.31,-0.00,-0.00,0.00,-0.00,-0.00,-0.00,-0.00,-0.00,1830955.07,-0.00,0.00,167643.53,10.00
45907.00,5178490.09,502930.60,449.31,-0.00,-0.00,0.00,-0.00,-0.00,-0.00,-0.00,-0.00,1832631.50,-0.00,0.00,167643.53,10.00
45917.00,5178490.09,502930.60,449.31,-0.00,-0.00,0.00,-0.00,-0.00,-0.00,-0.00,-0.00,1834307.94,0.00,0.00,167643.53,17.00
45934.00,5178490.09,502930.60,449.31,-0.00,-0.00,0.00,-0.00,-0.00,-0.00,-0.00,-0.00,1837157.88,0.00,0.00,167643.54,10.00
45944.00,5178490.09,502930.60,449.31,-0.00,-0.00,0.00,-0.00,-0.00,-0.00,-0.00,-0.00,1838834.31,-0.00,0.00,167643.54,10.00
45954.00,5178490.09,502930.60,449.31,-0.00,-0.00,0.00,-0.00,-0.00,-0.00,-0.00,-0.00,1840510.75,0.00,-0.00,167643.53,10.00
45964.00,5178490.09,502930.60,449.31,-0.00,-0.00,0.00,-0.00,-0.00,-0.00,-0.00,-0.00,1842187.18,-0.00,0.00,167643.53,10.00
45974.00,5178490.09,502930.60,449.31,-0.00,-0.00,0.00,-0.00,-0.00,-0.00,-0.00,-0.00,1843863.62,0.00,0.00,167643.54,10.00
45984.00,5178490.09,502930.60,449.31,-0.00,-0.00,0.00,-0.00,-0.00,-0.00,-0.00,-0.00,1845540.05,0.00,0.00,167643.53,10.00
45994.00,5178490.09,502930.60,449.31,-0.00,-0.00,0.00,-0.00,-0.00,-0.00,-0.00,-0.00,1847216.49,0.00,-0.00,167643.53,10.00
46009.00,5178490.09,502930.60,449.31,-0.00,-0.00,0.00,-0.00,-0.00,-0.00,-0.00,-0.00,1849731.14,-0.00,-0.00,167643.53,16.00
46025.00,5178490.09,502930.60,449.31,-0.00,-0.00,0.00,-0.00,-0.00,-0.00,-0.00,-0.00,1852413.44,0.00,-0.00,167643.53,10.00
46035.00,5178490.09,502930.60,449.31,-0.00,-0.00,0.00,-0.00,-0.00,-0.00,-0.00,-0.00,1854089.87,0.00,0.00,167643.53,10.00
46045.00,5178490.24,502930.44,448.55,0.00,0.00,0.00,0.00,0.00,0.00,-0.00,-0.00,1855766.31,0.00,0.00,167643.53,10.00
46055.00,5178490.24,502930.44,448.55,0.00,0.00,0.00,0.00,0.00,0.00,-0.00,-0.00,1857442.74,0.00,-0.00,167643.48,10.00
46065.00,5178490.24,502930.44,448.55,0.00,0.00,0.00,0.00,0.00,0.00,-0.00,-0.00,1859119.18,-0.00,-0.00,167643.48,10.00
46075.00,5178490.24,502930.44,448.55,0.00,0.00,0.00,0.00,0.00,0.00,-0.00,-0.00,1860795.61,-0.00,-0.00,167643.48,10.00
46085.00,5178490.24,502930.44,448.55,0.00,0.00,0.00,0.00,0.00,0.00,-0.00,-0.00,1862472.05,-0.00,-0.00,167643.48,10.00
46095.00,5178490.24,502930.44,448.55,0.00,0.00,0.00,0.00,0.00,0.00,-0.00,-0.00,1864148.48,-0.00,0.00,167643.48,10.00
46105.00,5178490.24,502930.44,448.55,0.00,0.00,0.00,0.00,0.00,0.00,-0.00,-0.00,1865824.92,0.00,0.00,167643.48,18.00
46128.00,5178490.24,502930.44,448.55,0.00,0.00,0.00,0.00,0.00,0.00,-0.00,-0.00,1869680.72,0.00,0.00,167643.48,10.00
46138.00,5178490.24,502930.44,448.55,0.00,0.00,0.00,0.00,0.00,0.00,-0.00,-0.00,1871357.15,-0.00,-0.00,167643.48,10.00
46148.00,5178490.24,502930.44,448.55,0.00,0.00,0.00,0.00,0.00,0.00,-0.00,-0.00,1873033.59,0.00,-0.00,167643.48,10.00
46158.00,5178490.24,502930.44,448.55,0.00,0.00,0.00,0.00,0.00,0.00,-0.00,-0.00,1874710.02,0.00,-0.00,167643.48,10.00
46168.00,5178490.24,502930.44,448.55,0.00,0.00,0.00,0.00,0.00,0.00,-0.00,-0.00,1876386.46,0.00,-0.00,167643.48,10.00
46178.00,5178490.24,502930.44,448.55,0.00,0.00,0.00,0.00,0.00,0.00,-0.00,-0.00,1878062.89,0.00,-0.00,167643.48,10.00
46188.00,5178490.24,502930.44,448.55,0.00,0.00,0.00,0.00,0.00,0.00,-0.00,-0.00,1879739.33,0.00,0.00,167643.48,10.00
46198.00,5178490.24,502930.44,448.55,0.00,0.00,0.00,0.00,0.00,0.00,-0.00,-0.00,1881415.76,0.00,0.00,167643.48,10.00
46208.00,5178490.24,502930.44,448.55,0.00,0.00,0.00,0.00,0.00,0.00,-0.00,-0.00,1883092.20,-0.00,0.00,167643.48,17.00
46225.00,5178490.24,502930.44,448.55,0.00,0.00,0.00,0.00,0.00,0.00,-0.00,-0.00,1885942.14,0.00,-0.00,167643.48,10.00
46239.00,5178490.24,502930.44,448.55,0.00,0.00,0.00,0.00,0.00,0.00,-0.00,-0.00,1888289.14,0.00,0.00,167643.48,10.00
46249.00,5178490.42,502930.30,448.19,0.00,0.00,-0.00,0.00,-0.00,-0.00,-0.00,-0.00,1889965.58,0.00,0.00,167643.48,10.00
46259.00,5178490.42,502930.30,448.19,0.00,0.00,-0.00,0.00,-0.00,-0.00,-0.00,-0.00,1891642.01,0.00,0.00,167643.43,10.00
46269.00,5178490.42,502930.30,448.19,0.00,0.00,-0.00,0.00,-0.00,-0.00,-0.00,-0.00,1893318.45,-0.00,-0.00,167643.43,10.00
46279.00,5178490.42,502930.30,448.19,0.00,0.00,-0.00,0.00,-0.00,-0.00,-0.00,-0.00,1894994.88,0.00,0.00,167643.43,10.00
46289.00,5178490.42,502930.30,448.19,0.00,0.00,-0.00,0.00,-0.00,-0.00,-0.00,-0.00,1896671.32,-0.00,-0.00,167643.43,10.00
46299.00,5178490.42,502930.30,448.19,0.00,0.00,-0.00,0.00,-0.00,-0.00,-0.00,-0.00,1898347.75,0.00,-0.00,167643.43,10.00
46309.00,5178490.42,502930.30,448.19,0.00,0.00,-0.00,0.00,-0.00,-0.00,-0.00,-0.00,1900024.19,0.00,-0.00,167643.43,10.00
46319.00,5178490.42,502930.30,448.19,0.00,0.00,-0.00,0.00,-0.00,-0.00,-0.00,-0.00,1901700.62,0.00,-0.00,167643.43,17.00
46336.00,5178490.42,502930.30,448.19,0.00,0.00,-0.00,0.00,-0.00,-0.00,-0.00,-0.00,1904550.56,-0.00,-0.00,167643.43,10.00
46350.00,5178490.42,502930.30,448.19,0.00,0.00,-0.00,0.00,-0.00,-0.00,-0.00,-0.00,1906897.57,-0.00,-0.00,167643.43,10.00
46360.00,5178490.42,502930.30,448.19,0.00,0.00,-0.00,0.00,-0.00,-0.00,-0.00,-0.00,1908574.00,-0.00,-0.00,167643.43,10.00
46370.00,5178490.42,502930.30,448.19,0.00,0.00,-0.00,0.00,-0.00,-0.00,-0.00,-0.00,1910250.43,0.00,-0.00,167643.43,10.00
46380.00,5178490.42,502930.30,448.19,0.00,0.00,-0.00,0.00,-0.00,-0.00,-0.00,-0.00,1911926.87,0.00,-0.00,167643.43,10.00
46390.00,5178490.42,502930.30,448.19,0.00,0.00,-0.00,0.00,-0.00,-0.00,-0.00,-0.00,1913603.30,-0.00,0.00,167643.44,10.00
46400.00,5178490.42,502930.30,448.19,0.00,0.00,-0.00,0.00,-0.00,-0.00,-0.00,-0.00,1915279.74,0.00,-0.00,167643.43,10.00
46410.00,5178490.42,502930.30,448.19,0.00,0.00,-0.00,0.00,-0.00,-0.00,-0.00,-0.00,1916956.17,0.00,-0.00,167643.43,16.00
46426.00,5178490.42,502930.30,448.19,0.00,0.00,-0.00,0.00,-0.00,-0.00,-0.00,-0.00,1919638.47,0.00,-0.00,167643.43,10.00
46436.00,5178490.42,502930.30,448.19,0.00,0.00,-0.00,0.00,-0.00,-0.00,-0.00,-0.00,1921314.90,0.00,0.00,167643.43,10.00
46446.00,5178490.42,502930.30,448.19,0.00,0.00,-0.00,0.00,-0.00,-0.00,-0.00,-0.00,1922991.34,0.00,0.00,167643.43,10.00
46466.00,5178490.58,502930.19,447.81,0.00,0.00,0.00,0.00,0.00,0.00,-0.00,-0.00,1926344.20,0.00,0.00,167643.43,10.00
46476.00,5178490.58,502930.19,447.81,0.00,0.00,0.00,0.00,0.00,0.00,-0.00,-0.00,1928020.64,0.00,0.00,167643.40,10.00
46486.00,5178490.58,502930.19,447.81,0.00,0.00,0.00,0.00,0.00,0.00,-0.00,-0.00,1929697.07,-0.00,0.00,167643.40,10.00
46496.00,5178490.58,502930.19,447.81,0.00,0.00,0.00,0.00,0.00,0.00,-0.00,-0.00,1931373.51,-0.00,0.00,167643.40,10.00
46506.00,5178490.58,502930.19,447.81,0.00,0.00,0.00,0.00,0.00,0.00,-0.00,-0.00,1933049.94,0.00,0.00,167643.40,18.00
46524.00,5178490.58,502930.19,447.81,0.00,0.00,0.00,0.00,0.00,0.00,-0.00,-0.00,1936067.52,0.00,-0.00,167643.40,10.00
46534.00,5178490.58,502930.19,447.81,0.00,0.00,0.00,0.00,0.00,0.00,-0.00,-0.00,1937743.96,-0.00,-0.00,167643.39,10.00
46544.00,5178490.58,502930.19,447.81,0.00,0.00,0.00,0.00,0.00,0.00,-0.00,-0.00,1939420.39,0.00,-0.00,167643.40,10.00
46554.00,5178490.58,502930.19,447.81,0.00,0.00,0.00,0.00,0.00,0.00,-0.00,-0.00,1941096.82,0.00,-0.00,167643.40,10.00
46564.00,5178490.58,502930.19,447.81,0.00,0.00,0.00,0.00,0.00,0.00,-0.00,-0.00,1942773.26,0.00,-0.00,167643.40,10.00
46579.00,5178490.58,502930.19,447.81,0.00,0.00,0.00,0.00,0.00,0.00,-0.00,-0.00,1945287.91,0.00,0.00,167643.40,10.00
46589.00,5178490.58,502930.19,447.81,0.00,0.00,0.00,0.00,0.00,0.00,-0.00,-0.00,1946964.34,0.00,0.00,167643.39,10.00
46599.00,5178490.58,502930.19,447.81,0.00,0.00,0.00,0.00,0.00,0.00,-0.00,-0.00,1948640.78,0.00,0.00,167643.40,10.00
46609.00,5178490.58,502930.19,447.81,0.00,0.00,0.00,0.00,0.00,0.00,-0.00,-0.00,1950317.21,0.00,0.00,167643.40,16.00
46626.00,5178490.58,502930.19,447.81,0.00,0.00,0.00,0.00,0.00,0.00,-0.00,-0.00,1953167.15,-0.00,0.00,167643.40,10.00
46636.00,5178490.58,502930.19,447.81,0.00,0.00,0.00,0.00,0.00,0.00,-0.00,-0.00,1954843.58,-0.00,0.00,167643.40,10.00
46646.00,5178490.58,502930.19,447.81,0.00,0.00,0.00,0.00,0.00,0.00,-0.00,-0.00,1956520.02,-0.00,0.00,167643.40,10.00
46656.00,5178490.58,502930.19,447.81,0.00,0.00,0.00,0.00,0.00,0.00,-0.00,-0.00,1958196.45,0.00,0.00,167643.40,10.00
46666.00,5178490.76,502930.07,447.43,0.00,-0.00,0.00,-0.00,-0.00,0.00,-0.00,-0.00,1959872.88,0.00,-0.00,167643.40,10.00
46676.00,5178490.76,502930.07,447.43,0.00,-0.00,0.00,-0.00,-0.00,0.00,-0.00,-0.00,1961549.32,0.00,0.00,167643.35,10.00
46691.00,5178490.76,502930.07,447.43,0.00,-0.00,0.00,-0.00,-0.00,0.00,-0.00,-0.00,1964063.97,0.00,0.00,167643.36,10.00
46701.00,5178490.76,502930.07,447.43,0.00,-0.00,0.00,-0.00,-0.00,0.00,-0.00,-0.00,1965740.40,0.00,-0.00,167643.36,10.00
46711.00,5178490.76,502930.07,447.43,0.00,-0.00,0.00,-0.00,-0.00,0.00,-0.00,-0.00,1967416.83,0.00,-0.00,167643.36,10.00
46721.00,5178490.76,502930.07,447.43,0.00,-0.00,0.00,-0.00,-0.00,0.00,-0.00,-0.00,1969093.27,0.00,-0.00,167643.35,16.00
46737.00,5178490.76,502930.07,447.43,0.00,-0.00,0.00,-0.00,-0.00,0.00,-0.00,-0.00,1971775.56,0.00,0.00,167643.35,10.00
46747.00,5178490.76,502930.07,447.43,0.00,-0.00,0.00,-0.00,-0.00,0.00,-0.00,-0.00,1973452.00,0.00,0.00,167643.35,10.00
46757.00,5178490.76,502930.07,447.43,0.00,-0.00,0.00,-0.00,-0.00,0.00,-0.00,-0.00,1975128.43,0.00,0.00,167643.35,10.00
46767.00,5178490.76,502930.07,447.43,0.00,-0.00,0.00,-0.00,-0.00,0.00,-0.00,-0.00,1976804.86,0.00,0.00,167643.36,10.00
46777.00,5178490.76,502930.07,447.43,0.00,-0.00,0.00,-0.00,-0.00,0.00,-0.00,-0.00,1978481.30,0.00,0.00,167643.36,10.00
46787.00,5178490.76,502930.07,447.43,0.00,-0.00,0.00,-0.00,-0.00,0.00,-0.00,-0.00,1980157.73,0.00,0.00,167643.36,10.00
46802.00,5178490.76,502930.07,447.43,0.00,-0.00,0.00,-0.00,-0.00,0.00,-0.00,-0.00,1982672.38,0.00,-0.00,167643.36,10.00
46812.00,5178490.76,502930.07,447.43,0.00,-0.00,0.00,-0.00,-0.00,0.00,-0.00,-0.00,1984348.81,0.00,0.00,167643.36,10.00
46822.00,5178490.76,502930.07,447.43,0.00,-0.00,0.00,-0.00,-0.00,0.00,-0.00,-0.00,1986025.25,-0.00,-0.00,167643.36,16.00
46838.00,5178490.76,502930.07,447.43,0.00,-0.00,0.00,-0.00,-0.00,0.00,-0.00,-0.00,1988707.54,0.00,0.00,167643.36,10.00
46848.00,5178490.76,502930.07,447.43,0.00,-0.00,0.00,-0.00,-0.00,0.00,-0.00,-0.00,1990383.97,0.00,0.00,167643.36,10.00
46858.00,5178490.76,502930.07,447.43,0.00,-0.00,0.00,-0.00,-0.00,0.00,-0.00,-0.00,1992060.41,0.00,0.00,167643.35,10.00
46868.00,5178490.94,502929.96,447.02,0.00,-0.00,0.00,0.00,0.00,0.00,-0.00,-0.00,1993736.84,0.00,0.00,167643.36,10.00
46878.00,5178490.94,502929.96,447.02,0.00,-0.00,0.00,0.00,0.00,0.00,-0.00,-0.00,1995413.27,0.00,0.00,167643.32,10.00
46888.00,5178490.94,502929.96,447.02,0.00,-0.00,0.00,0.00,0.00,0.00,-0.00,-0.00,1997089.71,0.00,0.00,167643.32,10.00
46898.00,5178490.94,502929.96,447.02,0.00,-0.00,0.00,0.00,0.00,0.00,-0.00,-0.00,1998766.14,0.00,0.00,167643.32,10.00
46913.00,5178490.94,502929.96,447.02,0.00,-0.00,0.00,0.00,0.00,0.00,-0.00,-0.00,2001280.79,-0.00,-0.00,167643.32,16.00
46929.00,5178490.94,502929.96,447.02,0.00,-0.00,0.00,0.00,0.00,0.00,-0.00,-0.00,2003963.08,-0.00,-0.00,167643.32,10.00
46939.00,5178490.94,502929.96,447.02,0.00,-0.00,0.00,0.00,0.00,0.00,-0.00,-0.00,2005639.52,0.00,-0.00,167643.32,10.00
46949.00,5178490.94,502929.96,447.02,0.00,-0.00,0.00,0.00,0.00,0.00,-0.00,-0.00,2007315.95,0.00,-0.00,167643.32,10.00
46959.00,5178490.94,502929.96,447.02,0.00,-0.00,0.00,0.00,0.00,0.00,-0.00,-0.00,2008992.38,0.00,0.00,167643.32,10.00
46969.00,5178490.94,502929.96,447.02,0.00,-0.00,0.00,0.00,0.00,0.00,-0.00,-0.00,2010668.82,0.00,0.00,167643.32,10.00
46979.00,5178490.94,502929.96,447.02,0.00,-0.00,0.00,0.00,0.00,0.00,-0.00,-0.00,2012345.25,0.00,0.00,167643.32,10.00
46989.00,5178490.94,502929.96,447.02,0.00,-0.00,0.00,0.00,0.00,0.00,-0.00,-0.00,2014021.68,0.00,0.00,167643.32,10.00
46999.00,5178490.94,502929.96,447.02,0.00,-0.00,0.00,0.00,0.00,0.00,-0.00,-0.00,2015698.12,0.00,0.00,167643.32,10.00
47009.00,5178490.94,502929.96,447.02,0.00,-0.00,0.00,0.00,0.00,0.00,-0.00,-0.00,2017374.55,0.00,-0.00,167643.32,10.00
47024.00,5178490.94,502929.96,447.02,0.00,-0.00,0.00,0.00,0.00,0.00,-0.00,-0.00,2019889.20,0.00,-0.00,167643.32,16.00
47040.00,5178490.94,502929.96,447.02,0.00,-0.00,0.00,0.00,0.00,0.00,-0.00,-0.00,2022571.49,0.00,0.00,167643.32,10.00
47050.00,5178490.94,502929.96,447.02,0.00,-0.00,0.00,0.00,0.00,0.00,-0.00,-0.00,2024247.93,0.00,-0.00,167643.32,10.00
47060.00,5178490.94,502929.96,447.02,0.00,-0.00,0.00,0.00,0.00,0.00,-0.00,-0.00,2025924.36,0.00,0.00,167643.32,10.00
47070.00,5178491.11,502929.85,446.69,0.00,0.00,0.00,0.00,0.00,-0.00,-0.00,-0.00,2027600.79,0.00,0.00,167643.32,10.00
47080.00,5178491.11,502929.85,446.69,0.00,0.00,0.00,0.00,0.00,-0.00,-0.00,-0.00,2029277.23,0.00,0.00,167643.28,10.00
47090.00,5178491.11,502929.85,446.69,0.00,0.00,0.00,0.00,0.00,-0.00,-0.00,-0.00,2030953.66,0.00,0.00,167643.28,10.00
47100.00,5178491.11,502929.85,446.69,0.00,0.00,0.00,0.00,0.00,-0.00,-0.00,-0.00,2032630.09,0.00,0.00,167643.29,10.00
47110.00,5178491.11,502929.85,446.69,0.00,0.00,0.00,0.00,0.00,-0.00,-0.00,-0.00,2034306.52,-0.00,0.00,167643.28,10.00
47120.00,5178491.11,502929.85,446.69,0.00,0.00,0.00,0.00,0.00,-0.00,-0.00,-0.00,2035982.96,0.00,0.00,167643.28,17.00
47142.00,5178491.11,502929.85,446.69,0.00,0.00,0.00,0.00,0.00,-0.00,-0.00,-0.00,2039671.11,0.00,0.00,167643.29,10.00
47152.00,5178491.11,502929.85,446.69,0.00,0.00,0.00,0.00,0.00,-0.00,-0.00,-0.00,2041347.54,0.00,0.00,167643.29,10.00
47162.00,5178491.11,502929.85,446.69,0.00,0.00,0.00,0.00,0.00,-0.00,-0.00,-0.00,2043023.97,0.00,0.00,167643.29,10.00
47172.00,5178491.11,502929.85,446.69,0.00,0.00,0.00,0.00,0.00,-0.00,-0.00,-0.00,2044700.41,-0.00,0.00,167643.29,10.00
47182.00,5178491.11,502929.85,446.69,0.00,0.00,0.00,0.00,0.00,-0.00,-0.00,-0.00,2046376.84,0.00,0.00,167643.28,10.00
47192.00,5178491.11,502929.85,446.69,0.00,0.00,0.00,0.00,0.00,-0.00,-0.00,-0.00,2048053.27,0.00,0.00,167643.29,10.00
47202.00,5178491.11,502929.85,446.69,0.00,0.00,0.00,0.00,0.00,-0.00,-0.00,-0.00,2049729.71,-0.00,-0.00,167643.28,10.00
47212.00,5178491.11,502929.85,446.69,0.00,0.00,0.00,0.00,0.00,-0.00,-0.00,-0.00,2051406.14,-0.00,0.00,167643.28,16.00
47228.00,5178491.11,502929.85,446.69,0.00,0.00,0.00,0.00,0.00,-0.00,-0.00,-0.00,2054088.43,0.00,0.00,167643.29,10.00
47238.00,5178491.11,502929.85,446.69,0.00,0.00,0.00,0.00,0.00,-0.00,-0.00,-0.00,2055764.86,0.00,0.00,167643.29,10.00
47258.00,5178491.11,502929.85,446.69,0.00,0.00,0.00,0.00,0.00,-0.00,-0.00,-0.00,2059117.73,-0.00,0.00,167643.28,10.00
47268.00,5178491.11,502929.85,446.69,0.00,0.00,0.00,0.00,0.00,-0.00,-0.00,-0.00,2060794.16,-0.00,0.00,167643.29,10.00
47278.00,5178491.27,502929.76,446.42,0.00,0.00,0.00,-0.00,-0.00,0.00,-0.00,-0.00,2062470.60,0.00,0.00,167643.29,10.00
47288.00,5178491.27,502929.76,446.42,0.00,0.00,0.00,-0.00,-0.00,0.00,-0.00,-0.00,2064147.03,-0.00,-0.00,167643.25,10.00
47298.00,5178491.27,502929.76,446.42,0.00,0.00,0.00,-0.00,-0.00,0.00,-0.00,-0.00,2065823.46,-0.00,0.00,167643.25,10.00
47308.00,5178491.27,502929.76,446.42,0.00,0.00,0.00,-0.00,-0.00,0.00,-0.00,-0.00,2067499.89,-0.00,-0.00,167643.25,19.00
47327.00,5178491.27,502929.76,446.42,0.00,0.00,0.00,-0.00,-0.00,0.00,-0.00,-0.00,2070685.11,-0.00,-0.00,167643.25,10.00
47337.00,5178491.27,502929.76,446.42,0.00,0.00,0.00,-0.00,-0.00,0.00,-0.00,-0.00,2072361.55,0.00,-0.00,167643.25,10.00
47347.00,5178491.27,502929.76,446.42,0.00,0.00,0.00,-0.00,-0.00,0.00,-0.00,-0.00,2074037.98,0.00,0.00,167643.25,10.00
47357.00,5178491.27,502929.76,446.42,0.00,0.00,0.00,-0.00,-0.00,0.00,-0.00,-0.00,2075714.41,0.00,0.00,167643.25,10.00
47372.00,5178491.27,502929.76,446.42,0.00,0.00,0.00,-0.00,-0.00,0.00,-0.00,-0.00,2078229.06,-0.00,0.00,167643.25,10.00
47382.00,5178491.27,502929.76,446.42,0.00,0.00,0.00,-0.00,-0.00,0.00,-0.00,-0.00,2079905.49,-0.00,-0.00,167643.25,10.00
47392.00,5178491.27,502929.76,446.42,0.00,0.00,0.00,-0.00,-0.00,0.00,-0.00,-0.00,2081581.93,-0.00,0.00,167643.25,10.00
47402.00,5178491.27,502929.76,446.42,0.00,0.00,0.00,-0.00,-0.00,0.00,-0.00,-0.00,2083258.36,-0.00,0.00,167643.25,10.00
47412.00,5178491.27,502929.76,446.42,0.00,0.00,0.00,-0.00,-0.00,0.00,-0.00,-0.00,2084934.79,0.00,0.00,167643.25,16.00
47428.00,5178491.27,502929.76,446.42,0.00,0.00,0.00,-0.00,-0.00,0.00,-0.00,-0.00,2087617.08,0.00,0.00,167643.25,10.00
47438.00,5178491.27,502929.76,446.42,0.00,0.00,0.00,-0.00,-0.00,0.00,-0.00,-0.00,2089293.52,-0.00,0.00,167643.25,10.00
47448.00,5178491.27,502929.76,446.42,0.00,0.00,0.00,-0.00,-0.00,0.00,-0.00,-0.00,2090969.95,0.00,0.00,167643.25,10.00
47458.00,5178491.27,502929.76,446.42,0.00,0.00,0.00,-0.00,-0.00,0.00,-0.00,-0.00,2092646.38,0.00,0.00,167643.25,10.00
47468.00,5178491.27,502929.76,446.42,0.00,0.00,0.00,-0.00,-0.00,0.00,-0.00,-0.00,2094322.81,0.00,-0.00,167643.25,10.00
47483.00,5178491.41,502929.66,446.15,0.00,-0.00,-0.00,0.00,-0.00,-0.00,-0.00,-0.00,2096837.46,0.00,-0.00,167643.25,10.00
47493.00,5178491.41,502929.66,446.15,0.00,-0.00,-0.00,0.00,-0.00,-0.00,-0.00,-0.00,2098513.89,0.00,0.00,167643.22,10.00
47503.00,5178491.41,502929.66,446.15,0.00,-0.00,-0.00,0.00,-0.00,-0.00,-0.00,-0.00,2100190.33,0.00,-0.00,167643.22,10.00
47513.00,5178491.41,502929.66,446.15,0.00,-0.00,-0.00,0.00,-0.00,-0.00,-0.00,-0.00,2101866.76,0.00,0.00,167643.22,10.00
47523.00,5178491.41,502929.66,446.15,0.00,-0.00,-0.00,0.00,-0.00,-0.00,-0.00,-0.00,2103543.19,0.00,0.00,167643.22,16.00
47539.00,5178491.41,502929.66,446.15,0.00,-0.00,-0.00,0.00,-0.00,-0.00,-0.00,-0.00,2106225.48,0.00,-0.00,167643.22,10.00
47549.00,5178491.41,502929.66,446.15,0.00,-0.00,-0.00,0.00,-0.00,-0.00,-0.00,-0.00,2107901.91,-0.00,0.00,167643.22,10.00
47559.00,5178491.41,502929.66,446.15,0.00,-0.00,-0.00,0.00,-0.00,-0.00,-0.00,-0.00,2109578.35,0.00,-0.00,167643.22,10.00
47569.00,5178491.41,502929.66,446.15,0.00,-0.00,-0.00,0.00,-0.00,-0.00,-0.00,-0.00,2111254.78,0.00,0.00,167643.22,10.00
47579.00,5178491.41,502929.66,446.15,0.00,-0.00,-0.00,0.00,-0.00,-0.00,-0.00,-0.00,2112931.21,0.00,-0.00,167643.22,10.00
47594.00,5178491.41,502929.66,446.15,0.00,-0.00,-0.00,0.00,-0.00,-0.00,-0.00,-0.00,2115445.86,-0.00,0.00,167643.22,10.00
47604.00,5178491.41,502929.66,446.15,0.00,-0.00,-0.00,0.00,-0.00,-0.00,-0.00,-0.00,2117122.29,0.00,0.00,167643.22,10.00
47614.00,5178491.41,502929.66,446.15,0.00,-0.00,-0.00,0.00,-0.00,-0.00,-0.00,-0.00,2118798.72,0.00,0.00,167643.22,16.00
47630.00,5178491.41,502929.66,446.15,0.00,-0.00,-0.00,0.00,-0.00,-0.00,-0.00,-0.00,2121481.02,0.00,0.00,167643.22,10.00
47640.00,5178491.41,502929.66,446.15,0.00,-0.00,-0.00,0.00,-0.00,-0.00,-0.00,-0.00,2123157.45,0.00,-0.00,167643.22,10.00
47650.00,5178491.41,502929.66,446.15,0.00,-0.00,-0.00,0.00,-0.00,-0.00,-0.00,-0.00,2124833.88,0.00,-0.00,167643.22,10.00
47660.00,5178491.41,502929.66,446.15,0.00,-0.00,-0.00,0.00,-0.00,-0.00,-0.00,-0.00,2126510.31,0.00,0.00,167643.22,10.00
47670.00,5178491.41,502929.66,446.15,0.00,-0.00,-0.00,0.00,-0.00,-0.00,-0.00,-0.00,2128186.74,0.00,0.00,167643.22,10.00
47680.00,5178491.41,502929.66,446.15,0.00,-0.00,-0.00,0.00,-0.00,-0.00,-0.00,-0.00,2129863.18,0.00,-0.00,167643.22,10.00
47690.00,5178491.56,502929.57,445.90,0.00,-0.00,0.00,0.00,-0.00,0.00,0.00,-0.00,2131539.61,0.00,-0.00,167643.22,10.00
47704.00,5178491.56,502929.57,445.90,0.00,-0.00,0.00,0.00,-0.00,0.00,0.00,-0.00,2133886.61,0.00,-0.00,167643.19,10.00
47714.00,5178491.56,502929.57,445.90,0.00,-0.00,0.00,0.00,-0.00,0.00,0.00,-0.00,2135563.05,-0.00,0.00,167643.19,16.00
47730.00,5178491.56,502929.57,445.90,0.00,-0.00,0.00,0.00,-0.00,0.00,0.00,-0.00,2138245.34,0.00,0.00,167643.19,10.00
47740.00,5178491.56,502929.57,445.90,0.00,-0.00,0.00,0.00,-0.00,0.00,0.00,-0.00,2139921.77,0.00,-0.00,167643.19,10.00
47750.00,5178491.56,502929.57,445.90,0.00,-0.00,0.00,0.00,-0.00,0.00,0.00,-0.00,2141598.20,0.00,-0.00,167643.19,10.00
47760.00,5178491.56,502929.57,445.90,0.00,-0.00,0.00,0.00,-0.00,0.00,0.00,-0.00,2143274.63,-0.00,0.00,167643.19,10.00
47770.00,5178491.56,502929.57,445.90,0.00,-0.00,0.00,0.00,-0.00,0.00,0.00,-0.00,2144951.06,0.00,0.00,167643.19,10.00
47780.00,5178491.56,502929.57,445.90,0.00,-0.00,0.00,0.00,-0.00,0.00,0.00,-0.00,2146627.50,0.00,-0.00,167643.19,10.00
47790.00,5178491.56,502929.57,445.90,0.00,-0.00,0.00,0.00,-0.00,0.00,0.00,-0.00,2148303.93,0.00,-0.00,167643.19,10.00
47800.00,5178491.56,502929.57,445.90,0.00,-0.00,0.00,0.00,-0.00,0.00,0.00,-0.00,2149980.36,0.00,-0.00,167643.19,10.00
47815.00,5178491.56,502929.57,445.90,0.00,-0.00,0.00,0.00,-0.00,0.00,0.00,-0.00,2152495.01,0.00,0.00,167643.19,16.00
47831.00,5178491.56,502929.57,445.90,0.00,-0.00,0.00,0.00,-0.00,0.00,0.00,-0.00,2155177.30,0.00,0.00,167643.19,10.00
47841.00,5178491.56,502929.57,445.90,0.00,-0.00,0.00,0.00,-0.00,0.00,0.00,-0.00,2156853.73,0.00,-0.00,167643.19,10.00
47851.00,5178491.56,502929.57,445.90,0.00,-0.00,0.00,0.00,-0.00,0.00,0.00,-0.00,2158530.16,-0.00,-0.00,167643.19,10.00
47861.00,5178491.56,502929.57,445.90,0.00,-0.00,0.00,0.00,-0.00,0.00,0.00,-0.00,2160206.59,-0.00,-0.00,167643.19,10.00
47871.00,5178491.56,502929.57,445.90,0.00,-0.00,0.00,0.00,-0.00,0.00,0.00,-0.00,2161883.03,0.00,0.00,167643.19,10.00
47881.00,5178491.56,502929.57,445.90,0.00,-0.00,0.00,0.00,-0.00,0.00,0.00,-0.00,2163559.46,0.00,0.00,167643.19,10.00
47891.00,5178491.72,502929.48,445.65,0.00,-0.00,0.00,-0.00,0.00,0.00,0.00,-0.00,2165235.89,0.00,-0.00,167643.19,10.00
47901.00,5178491.72,502929.48,445.65,0.00,-0.00,0.00,-0.00,0.00,0.00,0.00,-0.00,2166912.32,0.00,-0.00,167643.16,10.00
47911.00,5178491.72,502929.48,445.65,0.00,-0.00,0.00,-0.00,0.00,0.00,0.00,-0.00,2168588.75,0.00,0.00,167643.16,18.00
47938.00,5178491.72,502929.48,445.65,0.00,-0.00,0.00,-0.00,0.00,0.00,0.00,-0.00,2173115.12,0.00,0.00,167643.16,10.00
47948.00,5178491.72,502929.48,445.65,0.00,-0.00,0.00,-0.00,0.00,0.00,0.00,-0.00,2174791.55,-0.00,-0.00,167643.16,10.00
47958.00,5178491.72,502929.48,445.65,0.00,-0.00,0.00,-0.00,0.00,0.00,0.00,-0.00,2176467.98,0.00,-0.00,167643.16,10.00
47968.00,5178491.72,502929.48,445.65,0.00,-0.00,0.00,-0.00,0.00,0.00,0.00,-0.00,2178144.41,0.00,0.00,167643.16,10.00
47978.00,5178491.72,502929.48,445.65,0.00,-0.00,0.00,-0.00,0.00,0.00,0.00,-0.00,2179820.85,-0.00,-0.00,167643.16,10.00
47988.00,5178491.72,502929.48,445.65,0.00,-0.00,0.00,-0.00,0.00,0.00,0.00,-0.00,2181497.28,0.00,0.00,167643.16,10.00
47998.00,5178491.72,502929.48,445.65,0.00,-0.00,0.00,-0.00,0.00,0.00,0.00,-0.00,2183173.71,0.00,0.00,167643.16,10.00
48008.00,5178491.72,502929.48,445.65,0.00,-0.00,0.00,-0.00,0.00,0.00,0.00,-0.00,2184850.14,-0.00,0.00,167643.16,17.00
48025.00,5178491.72,502929.48,445.65,0.00,-0.00,0.00,-0.00,0.00,0.00,0.00,-0.00,2187700.07,-0.00,-0.00,167643.16,10.00
48035.00,5178491.72,502929.48,445.65,0.00,-0.00,0.00,-0.00,0.00,0.00,0.00,-0.00,2189376.51,-0.00,-0.00,167643.16,10.00
48050.00,5178491.72,502929.48,445.65,0.00,-0.00,0.00,-0.00,0.00,0.00,0.00,-0.00,2191891.15,0.00,-0.00,167643.16,10.00
48060.00,5178491.72,502929.48,445.65,0.00,-0.00,0.00,-0.00,0.00,0.00,0.00,-0.00,2193567.58,0.00,0.00,167643.16,10.00
48070.00,5178491.72,502929.48,445.65,0.00,-0.00,0.00,-0.00,0.00,0.00,0.00,-0.00,2195244.02,0.00,0.00,167643.16,10.00
48080.00,5178491.72,502929.48,445.65,0.00,-0.00,0.00,-0.00,0.00,0.00,0.00,-0.00,2196920.45,-0.00,0.00,167643.16,10.00
48090.00,5178491.72,502929.48,445.65,0.00,-0.00,0.00,-0.00,0.00,0.00,0.00,-0.00,2198596.88,0.00,0.00,167643.16,10.00
48100.00,5178491.87,502929.40,445.42,0.00,0.00,0.00,-0.00,0.00,-0.00,0.00,-0.00,2200273.31,0.00,0.00,167643.16,10.00
48110.00,5178491.87,502929.40,445.42,0.00,0.00,0.00,-0.00,0.00,-0.00,0.00,-0.00,2201949.74,0.00,-0.00,167643.13,18.00
48128.00,5178491.87,502929.40,445.42,0.00,0.00,0.00,-0.00,0.00,-0.00,0.00,-0.00,2204967.32,-0.00,-0.00,167643.13,10.00
48138.00,5178491.87,502929.40,445.42,0.00,0.00,0.00,-0.00,0.00,-0.00,0.00,-0.00,2206643.75,0.00,0.00,167643.13,10.00
48148.00,5178491.87,502929.40,445.42,0.00,0.00,0.00,-0.00,0.00,-0.00,0.00,-0.00,2208320.18,0.00,0.00,167643.13,10.00
48163.00,5178491.87,502929.40,445.42,0.00,0.00,0.00,-0.00,0.00,-0.00,0.00,-0.00,2210834.83,0.00,0.00,167643.13,10.00
48173.00,5178491.87,502929.40,445.42,0.00,0.00,0.00,-0.00,0.00,-0.00,0.00,-0.00,2212511.26,0.00,0.00,167643.13,10.00
48183.00,5178491.87,502929.40,445.42,0.00,0.00,0.00,-0.00,0.00,-0.00,0.00,-0.00,2214187.69,0.00,0.00,167643.13,10.00
48193.00,5178491.87,502929.40,445.42,0.00,0.00,0.00,-0.00,0.00,-0.00,0.00,-0.00,2215864.12,0.00,-0.00,167643.13,10.00
48203.00,5178491.87,502929.40,445.42,0.00,0.00,0.00,-0.00,0.00,-0.00,0.00,-0.00,2217540.55,-0.00,-0.00,167643.13,10.00
48213.00,5178491.87,502929.40,445.42,0.00,0.00,0.00,-0.00,0.00,-0.00,0.00,-0.00,2219216.98,0.00,0.00,167643.13,10.00
48223.00,5178491.87,502929.40,445.42,0.00,0.00,0.00,-0.00,0.00,-0.00,0.00,-0.00,2220893.42,0.00,0.00,167643.13,18.00
48241.00,5178491.87,502929.40,445.42,0.00,0.00,0.00,-0.00,0.00,-0.00,0.00,-0.00,2223910.99,0.00,-0.00,167643.13,10.00
48251.00,5178491.87,502929.40,445.42,0.00,0.00,0.00,-0.00,0.00,-0.00,0.00,-0.00,2225587.42,-0.00,-0.00,167643.13,10.00
48261.00,5178491.87,502929.40,445.42,0.00,0.00,0.00,-0.00,0.00,-0.00,0.00,-0.00,2227263.86,0.00,0.00,167643.13,10.00
48276.00,5178491.87,502929.40,445.42,0.00,0.00,0.00,-0.00,0.00,-0.00,0.00,-0.00,2229778.50,0.00,0.00,167643.13,10.00
48286.00,5178491.87,502929.40,445.42,0.00,0.00,0.00,-0.00,0.00,-0.00,0.00,-0.00,2231454.93,0.00,-0.00,167643.13,10.00
48296.00,5178491.87,502929.40,445.42,0.00,0.00,0.00,-0.00,0.00,-0.00,0.00,-0.00,2233131.36,-0.00,0.00,167643.13,10.00
48306.00,5178492.01,502929.31,445.20,-0.00,0.00,0.00,-0.00,0.00,0.00,0.00,-0.00,2234807.80,0.00,0.00,167643.13,10.00
48316.00,5178492.01,502929.31,445.20,-0.00,0.00,0.00,-0.00,0.00,0.00,0.00,-0.00,2236484.23,0.00,0.00,167643.10,16.00
48332.00,5178492.01,502929.31,445.20,-0.00,0.00,0.00,-0.00,0.00,0.00,0.00,-0.00,2239166.52,0.00,0.00,167643.10,10.00
48342.00,5178492.01,502929.31,445.20,-0.00,0.00,0.00,-0.00,0.00,0.00,0.00,-0.00,2240842.95,0.00,0.00,167643.10,10.00
48352.00,5178492.01,502929.31,445.20,-0.00,0.00,0.00,-0.00,0.00,0.00,0.00,-0.00,2242519.38,-0.00,0.00,167643.10,10.00
48362.00,5178492.01,502929.31,445.20,-0.00,0.00,0.00,-0.00,0.00,0.00,0.00,-0.00,2244195.81,-0.00,0.00,167643.10,10.00
48372.00,5178492.01,502929.31,445.20,-0.00,0.00,0.00,-0.00,0.00,0.00,0.00,-0.00,2245872.24,-0.00,0.00,167643.10,10.00
48387.00,5178492.01,502929.31,445.20,-0.00,0.00,0.00,-0.00,0.00,0.00,0.00,-0.00,2248386.89,0.00,0.00,167643.10,10.00
48397.00,5178492.01,502929.31,445.20,-0.00,0.00,0.00,-0.00,0.00,0.00,0.00,-0.00,2250063.32,-0.00,-0.00,167643.10,10.00
48407.00,5178492.01,502929.31,445.20,-0.00,0.00,0.00,-0.00,0.00,0.00,0.00,-0.00,2251739.75,0.00,-0.00,167643.10,16.00
48423.00,5178492.01,502929.31,445.20,-0.00,0.00,0.00,-0.00,0.00,0.00,0.00,-0.00,2254422.04,0.00,0.00,167643.10,10.00
48433.00,5178492.01,502929.31,445.20,-0.00,0.00,0.00,-0.00,0.00,0.00,0.00,-0.00,2256098.47,0.00,0.00,167643.10,10.00
48443.00,5178492.01,502929.31,445.20,-0.00,0.00,0.00,-0.00,0.00,0.00,0.00,-0.00,2257774.90,0.00,-0.00,167643.10,10.00
48453.00,5178492.01,502929.31,445.20,-0.00,0.00,0.00,-0.00,0.00,0.00,0.00,-0.00,2259451.33,0.00,0.00,167643.10,10.00
48463.00,5178492.01,502929.31,445.20,-0.00,0.00,0.00,-0.00,0.00,0.00,0.00,-0.00,2261127.76,0.00,-0.00,167643.10,10.00
48473.00,5178492.01,502929.31,445.20,-0.00,0.00,0.00,-0.00,0.00,0.00,0.00,-0.00,2262804.19,-0.00,-0.00,167643.10,10.00
48483.00,5178492.01,502929.31,445.20,-0.00,0.00,0.00,-0.00,0.00,0.00,0.00,-0.00,2264480.63,-0.00,-0.00,167643.10,10.00
48498.00,5178492.01,502929.31,445.20,-0.00,0.00,0.00,-0.00,0.00,0.00,0.00,-0.00,2266995.27,-0.00,0.00,167643.11,10.00
48508.00,5178492.14,502929.24,445.02,0.00,0.00,0.00,0.00,-0.00,-0.00,0.00,-0.00,2268671.70,0.00,0.00,167643.10,10.00
48518.00,5178492.14,502929.24,445.02,0.00,0.00,0.00,0.00,-0.00,-0.00,0.00,-0.00,2270348.13,-0.00,-0.00,167643.08,15.00
48533.00,5178492.14,502929.24,445.02,0.00,0.00,0.00,0.00,-0.00,-0.00,0.00,-0.00,2272862.78,0.00,-0.00,167643.08,10.00
48543.00,5178492.14,502929.24,445.02,0.00,0.00,0.00,0.00,-0.00,-0.00,0.00,-0.00,2274539.21,0.00,0.00,167643.08,10.00
48553.00,5178492.14,502929.24,445.02,0.00,0.00,0.00,0.00,-0.00,-0.00,0.00,-0.00,2276215.64,0.00,0.00,167643.08,10.00
48563.00,5178492.14,502929.24,445.02,0.00,0.00,0.00,0.00,-0.00,-0.00,0.00,-0.00,2277892.07,-0.00,0.00,167643.08,10.00
48573.00,5178492.14,502929.24,445.02,0.00,0.00,0.00,0.00,-0.00,-0.00,0.00,-0.00,2279568.50,0.00,0.00,167643.08,10.00
48583.00,5178492.14,502929.24,445.02,0.00,0.00,0.00,0.00,-0.00,-0.00,0.00,-0.00,2281244.93,0.00,-0.00,167643.08,10.00
48593.00,5178492.14,502929.24,445.02,0.00,0.00,0.00,0.00,-0.00,-0.00,0.00,-0.00,2282921.37,0.00,-0.00,167643.08,10.00
48608.00,5178492.14,502929.24,445.02,0.00,0.00,0.00,0.00,-0.00,-0.00,0.00,-0.00,2285436.01,-0.00,0.00,167643.08,16.00
48624.00,5178492.14,502929.24,445.02,0.00,0.00,0.00,0.00,-0.00,-0.00,0.00,-0.00,2288118.30,0.00,0.00,167643.08,10.00
48634.00,5178492.14,502929.24,445.02,0.00,0.00,0.00,0.00,-0.00,-0.00,0.00,-0.00,2289794.73,0.00,0.00,167643.08,10.00
48644.00,5178492.14,502929.24,445.02,0.00,0.00,0.00,0.00,-0.00,-0.00,0.00,-0.00,2291471.16,0.00,0.00,167643.08,10.00
48654.00,5178492.14,502929.24,445.02,0.00,0.00,0.00,0.00,-0.00,-0.00,0.00,-0.00,2293147.59,0.00,0.00,167643.08,10.00
48664.00,5178492.14,502929.24,445.02,0.00,0.00,0.00,0.00,-0.00,-0.00,0.00,-0.00,2294824.02,0.00,0.00,167643.08,10.00
48674.00,5178492.14,502929.24,445.02,0.00,0.00,0.00,0.00,-0.00,-0.00,0.00,-0.00,2296500.45,-0.00,0.00,167643.08,10.00
48684.00,5178492.14,502929.24,445.02,0.00,0.00,0.00,0.00,-0.00,-0.00,0.00,-0.00,2298176.89,-0.00,-0.00,167643.08,10.00
48694.00,5178492.14,502929.24,445.02,0.00,0.00,0.00,0.00,-0.00,-0.00,0.00,-0.00,2299853.32,-0.00,0.00,167643.08,10.00
48704.00,5178492.14,502929.24,445.02,0.00,0.00,0.00,0.00,-0.00,-0.00,0.00,-0.00,2301529.75,-0.00,0.00,167643.08,10.00
48724.00,5178492.39,502929.12,444.72,0.00,-0.00,-0.00,0.00,-0.00,-0.00,0.00,-0.00,2304882.61,0.00,0.00,167643.08,18.00
48742.00,5178492.39,502929.12,444.72,0.00,-0.00,-0.00,0.00,-0.00,-0.00,0.00,-0.00,2307900.18,0.00,0.00,167643.04,10.00
48752.00,5178492.39,502929.12,444.72,0.00,-0.00,-0.00,0.00,-0.00,-0.00,0.00,-0.00,2309576.61,0.00,-0.00,167643.04,10.00
48762.00,5178492.39,502929.12,444.72,0.00,-0.00,-0.00,0.00,-0.00,-0.00,0.00,-0.00,2311253.04,0.00,0.00,167643.04,10.00
48772.00,5178492.39,502929.12,444.72,0.00,-0.00,-0.00,0.00,-0.00,-0.00,0.00,-0.00,2312929.47,-0.00,0.00,167643.04,10.00
48782.00,5178492.39,502929.12,444.72,0.00,-0.00,-0.00,0.00,-0.00,-0.00,0.00,-0.00,2314605.90,0.00,-0.00,167643.04,10.00
48792.00,5178492.39,502929.12,444.72,0.00,-0.00,-0.00,0.00,-0.00,-0.00,0.00,-0.00,2316282.34,0.00,0.00,167643.04,10.00
48802.00,5178492.39,502929.12,444.72,0.00,-0.00,-0.00,0.00,-0.00,-0.00,0.00,-0.00,2317958.77,0.00,0.00,167643.04,10.00
48812.00,5178492.39,502929.12,444.72,0.00,-0.00,-0.00,0.00,-0.00,-0.00,0.00,-0.00,2319635.20,0.00,-0.00,167643.04,19.00
48831.00,5178492.39,502929.12,444.72,0.00,-0.00,-0.00,0.00,-0.00,-0.00,0.00,-0.00,2322820.41,-0.00,0.00,167643.04,10.00
48845.00,5178492.39,502929.12,444.72,0.00,-0.00,-0.00,0.00,-0.00,-0.00,0.00,-0.00,2325167.42,0.00,0.00,167643.04,10.00
48855.00,5178492.39,502929.12,444.72,0.00,-0.00,-0.00,0.00,-0.00,-0.00,0.00,-0.00,2326843.85,0.00,0.00,167643.04,10.00
48865.00,5178492.39,502929.12,444.72,0.00,-0.00,-0.00,0.00,-0.00,-0.00,0.00,-0.00,2328520.28,0.00,0.00,167643.04,10.00
48875.00,5178492.39,502929.12,444.72,0.00,-0.00,-0.00,0.00,-0.00,-0.00,0.00,-0.00,2330196.71,0.00,-0.00,167643.04,10.00
48885.00,5178492.39,502929.12,444.72,0.00,-0.00,-0.00,0.00,-0.00,-0.00,0.00,-0.00,2331873.14,0.00,-0.00,167643.04,10.00
48895.00,5178492.39,502929.12,444.72,0.00,-0.00,-0.00,0.00,-0.00,-0.00,0.00,-0.00,2333549.57,0.00,0.00,167643.04,10.00
48905.00,5178492.39,502929.12,444.72,0.00,-0.00,-0.00,0.00,-0.00,-0.00,0.00,-0.00,2335226.00,0.00,0.00,167643.04,16.00
48921.00,5178492.39,502929.12,444.72,0.00,-0.00,-0.00,0.00,-0.00,-0.00,0.00,-0.00,2337908.29,0.00,-0.00,167643.04,10.00
48931.00,5178492.55,502929.04,444.51,0.00,0.00,0.00,-0.00,0.00,0.00,0.00,-0.00,2339584.72,0.00,0.00,167643.04,10.00
48941.00,5178492.55,502929.04,444.51,0.00,0.00,0.00,-0.00,0.00,0.00,0.00,-0.00,2341261.15,-0.00,0.00,167643.01,10.00
48956.00,5178492.55,502929.04,444.51,0.00,0.00,0.00,-0.00,0.00,0.00,0.00,-0.00,2343775.79,0.00,0.00,167643.01,10.00
48966.00,5178492.55,502929.04,444.51,0.00,0.00,0.00,-0.00,0.00,0.00,0.00,-0.00,2345452.22,0.00,0.00,167643.01,10.00
48976.00,5178492.55,502929.04,444.51,0.00,0.00,0.00,-0.00,0.00,0.00,0.00,-0.00,2347128.65,-0.00,0.00,167643.01,10.00
48986.00,5178492.55,502929.04,444.51,0.00,0.00,0.00,-0.00,0.00,0.00,0.00,-0.00,2348805.08,-0.00,0.00,167643.01,10.00
48996.00,5178492.55,502929.04,444.51,0.00,0.00,0.00,-0.00,0.00,0.00,0.00,-0.00,2350481.51,-0.00,0.00,167643.01,10.00
49006.00,5178492.55,502929.04,444.51,0.00,0.00,0.00,-0.00,0.00,0.00,0.00,-0.00,2352157.94,-0.00,0.00,167643.01,10.00
49016.00,5178492.55,502929.04,444.51,0.00,0.00,0.00,-0.00,0.00,0.00,0.00,-0.00,2353834.37,-0.00,-0.00,167643.01,17.00
49033.00,5178492.55,502929.04,444.51,0.00,0.00,0.00,-0.00,0.00,0.00,0.00,-0.00,2356684.31,0.00,-0.00,167643.01,10.00
49043.00,5178492.55,502929.04,444.51,0.00,0.00,0.00,-0.00,0.00,0.00,0.00,-0.00,2358360.74,-0.00,0.00,167643.01,10.00
49053.00,5178492.55,502929.04,444.51,0.00,0.00,0.00,-0.00,0.00,0.00,0.00,-0.00,2360037.17,-0.00,-0.00,167643.01,10.00
49068.00,5178492.55,502929.04,444.51,0.00,0.00,0.00,-0.00,0.00,0.00,0.00,-0.00,2362551.81,-0.00,0.00,167643.01,10.00
49078.00,5178492.55,502929.04,444.51,0.00,0.00,0.00,-0.00,0.00,0.00,0.00,-0.00,2364228.24,-0.00,-0.00,167643.01,10.00
49088.00,5178492.55,502929.04,444.51,0.00,0.00,0.00,-0.00,0.00,0.00,0.00,-0.00,2365904.67,-0.00,0.00,167643.01,10.00
49098.00,5178492.55,502929.04,444.51,0.00,0.00,0.00,-0.00,0.00,0.00,0.00,-0.00,2367581.10,-0.00,0.00,167643.01,10.00
49108.00,5178492.55,502929.04,444.51,0.00,0.00,0.00,-0.00,0.00,0.00,0.00,-0.00,2369257.53,-0.00,0.00,167643.01,10.00
49118.00,5178492.55,502929.04,444.51,0.00,0.00,0.00,-0.00,0.00,0.00,0.00,-0.00,2370933.96,-0.00,0.00,167643.01,17.00
49135.00,5178492.72,502928.96,444.31,0.00,0.00,-0.00,0.00,0.00,-0.00,0.00,-0.00,2373783.89,0.00,0.00,167643.01,10.00
49145.00,5178492.72,502928.96,444.31,0.00,0.00,-0.00,0.00,0.00,-0.00,0.00,-0.00,2375460.32,-0.00,-0.00,167642.99,10.00
49155.00,5178492.72,502928.96,444.31,0.00,0.00,-0.00,0.00,0.00,-0.00,0.00,-0.00,2377136.75,0.00,-0.00,167642.99,10.00
49165.00,5178492.72,502928.96,444.31,0.00,0.00,-0.00,0.00,0.00,-0.00,0.00,-0.00,2378813.18,-0.00,-0.00,167642.99,10.00
49180.00,5178492.72,502928.96,444.31,0.00,0.00,-0.00,0.00,0.00,-0.00,0.00,-0.00,2381327.83,0.00,0.00,167642.99,10.00
49190.00,5178492.72,502928.96,444.31,0.00,0.00,-0.00,0.00,0.00,-0.00,0.00,-0.00,2383004.26,-0.00,0.00,167642.99,10.00
49200.00,5178492.72,502928.96,444.31,0.00,0.00,-0.00,0.00,0.00,-0.00,0.00,-0.00,2384680.69,-0.00,-0.00,167642.99,10.00
49210.00,5178492.72,502928.96,444.31,0.00,0.00,-0.00,0.00,0.00,-0.00,0.00,-0.00,2386357.12,-0.00,0.00,167642.99,10.00
49220.00,5178492.72,502928.96,444.31,0.00,0.00,-0.00,0.00,0.00,-0.00,0.00,-0.00,2388033.55,0.00,-0.00,167642.99,16.00
49236.00,5178492.72,502928.96,444.31,0.00,0.00,-0.00,0.00,0.00,-0.00,0.00,-0.00,2390715.83,-0.00,-0.00,167642.99,10.00
49246.00,5178492.72,502928.96,444.31,0.00,0.00,-0.00,0.00,0.00,-0.00,0.00,-0.00,2392392.26,-0.00,-0.00,167642.99,10.00
49256.00,5178492.72,502928.96,444.31,0.00,0.00,-0.00,0.00,0.00,-0.00,0.00,-0.00,2394068.69,-0.00,-0.00,167642.99,10.00
49266.00,5178492.72,502928.96,444.31,0.00,0.00,-0.00,0.00,0.00,-0.00,0.00,-0.00,2395745.12,-0.00,0.00,167642.99,10.00
49276.00,5178492.72,502928.96,444.31,0.00,0.00,-0.00,0.00,0.00,-0.00,0.00,-0.00,2397421.55,-0.00,0.00,167642.99,10.00
49291.00,5178492.72,502928.96,444.31,0.00,0.00,-0.00,0.00,0.00,-0.00,0.00,-0.00,2399936.20,-0.00,0.00,167642.99,10.00
49301.00,5178492.72,502928.96,444.31,0.00,0.00,-0.00,0.00,0.00,-0.00,0.00,-0.00,2401612.63,0.00,0.00,167642.99,10.00
49311.00,5178492.72,502928.96,444.31,0.00,0.00,-0.00,0.00,0.00,-0.00,0.00,-0.00,2403289.06,-0.00,-0.00,167642.99,10.00
49321.00,5178492.72,502928.96,444.31,0.00,0.00,-0.00,0.00,0.00,-0.00,0.00,-0.00,2404965.49,-0.00,-0.00,167642.99,16.00
49337.00,5178492.86,502928.89,444.12,-0.00,-0.00,0.00,-0.00,-0.00,0.00,0.00,-0.00,2407647.78,-0.00,-0.00,167642.99,10.00
49347.00,5178492.86,502928.89,444.12,-0.00,-0.00,0.00,-0.00,-0.00,0.00,0.00,-0.00,2409324.21,-0.00,-0.00,167642.96,10.00
49357.00,5178492.86,502928.89,444.12,-0.00,-0.00,0.00,-0.00,-0.00,0.00,0.00,-0.00,2411000.64,-0.00,-0.00,167642.96,10.00
49367.00,5178492.86,502928.89,444.12,-0.00,-0.00,0.00,-0.00,-0.00,0.00,0.00,-0.00,2412677.06,-0.00,0.00,167642.96,10.00
49377.00,5178492.86,502928.89,444.12,-0.00,-0.00,0.00,-0.00,-0.00,0.00,0.00,-0.00,2414353.49,-0.00,0.00,167642.96,10.00
49387.00,5178492.86,502928.89,444.12,-0.00,-0.00,0.00,-0.00,-0.00,0.00,0.00,-0.00,2416029.92,-0.00,-0.00,167642.96,10.00
49402.00,5178492.86,502928.89,444.12,-0.00,-0.00,0.00,-0.00,-0.00,0.00,-0.00,-0.00,2418544.57,-0.00,-0.00,167642.96,10.00
49412.00,5178492.86,502928.89,444.12,-0.00,-0.00,0.00,-0.00,-0.00,0.00,-0.00,-0.00,2420221.00,-0.00,-0.00,167642.96,10.00
49422.00,5178492.86,502928.89,444.12,-0.00,-0.00,0.00,-0.00,-0.00,0.00,-0.00,-0.00,2421897.43,-0.00,-0.00,167642.96,16.00
49438.00,5178492.86,502928.89,444.12,-0.00,-0.00,0.00,-0.00,-0.00,0.00,-0.00,-0.00,2424579.72,-0.00,0.00,167642.96,10.00
49448.00,5178492.86,502928.89,444.12,-0.00,-0.00,0.00,-0.00,-0.00,0.00,-0.00,-0.00,2426256.14,-0.00,-0.00,167642.96,10.00
49458.00,5178492.86,502928.89,444.12,-0.00,-0.00,0.00,-0.00,-0.00,0.00,-0.00,-0.00,2427932.57,0.00,0.00,167642.96,10.00
49468.00,5178492.86,502928.89,444.12,-0.00,-0.00,0.00,-0.00,-0.00,0.00,-0.00,-0.00,2429609.00,0.00,0.00,167642.96,10.00
49478.00,5178492.86,502928.89,444.12,-0.00,-0.00,0.00,-0.00,-0.00,0.00,-0.00,-0.00,2431285.43,0.00,0.00,167642.96,10.00
49488.00,5178492.86,502928.89,444.12,-0.00,-0.00,0.00,-0.00,-0.00,0.00,-0.00,-0.00,2432961.86,0.00,0.00,167642.96,10.00
49498.00,5178492.86,502928.89,444.12,-0.00,-0.00,0.00,-0.00,-0.00,0.00,-0.00,-0.00,2434638.29,0.00,0.00,167642.96,10.00
49518.00,5178492.86,502928.89,444.12,-0.00,-0.00,0.00,-0.00,-0.00,0.00,-0.00,-0.00,2437991.15,-0.00,-0.00,167642.96,17.00
49535.00,5178492.86,502928.89,444.12,-0.00,-0.00,0.00,-0.00,-0.00,0.00,-0.00,-0.00,2440841.08,-0.00,0.00,167642.96,10.00
49545.00,5178493.00,502928.81,443.96,0.00,-0.00,-0.00,0.00,-0.00,-0.00,-0.00,-0.00,2442517.51,0.00,-0.00,167642.96,10.00
49555.00,5178493.00,502928.81,443.96,0.00,-0.00,-0.00,0.00,-0.00,-0.00,-0.00,-0.00,2444193.94,-0.00,0.00,167642.94,10.00
49565.00,5178493.00,502928.81,443.96,0.00,-0.00,-0.00,0.00,-0.00,-0.00,-0.00,-0.00,2445870.37,0.00,0.00,167642.94,10.00
49575.00,5178493.00,502928.81,443.96,0.00,-0.00,-0.00,0.00,-0.00,-0.00,-0.00,-0.00,2447546.80,0.00,0.00,167642.94,10.00
49585.00,5178493.00,502928.81,443.96,0.00,-0.00,-0.00,0.00,-0.00,-0.00,-0.00,-0.00,2449223.23,0.00,0.00,167642.94,10.00
49595.00,5178493.00,502928.81,443.96,0.00,-0.00,-0.00,0.00,-0.00,-0.00,-0.00,-0.00,2450899.66,-0.00,0.00,167642.94,10.00
49605.00,5178493.00,502928.81,443.96,0.00,-0.00,-0.00,0.00,-0.00,-0.00,-0.00,-0.00,2452576.09,0.00,0.00,167642.94,10.00
49615.00,5178493.00,502928.81,443.96,0.00,-0.00,-0.00,0.00,-0.00,-0.00,-0.00,-0.00,2454252.52,-0.00,0.00,167642.94,17.00
49637.00,5178493.00,502928.81,443.96,0.00,-0.00,-0.00,0.00,-0.00,-0.00,-0.00,-0.00,2457940.66,0.00,-0.00,167642.93,10.00
49647.00,5178493.00,502928.81,443.96,0.00,-0.00,-0.00,0.00,-0.00,-0.00,-0.00,-0.00,2459617.09,0.00,-0.00,167642.93,10.00
49657.00,5178493.00,502928.81,443.96,0.00,-0.00,-0.00,0.00,-0.00,-0.00,0.00,-0.00,2461293.52,0.00,0.00,167642.93,10.00
49667.00,5178493.00,502928.81,443.96,0.00,-0.00,-0.00,0.00,-0.00,-0.00,0.00,-0.00,2462969.95,-0.00,0.00,167642.94,10.00
49677.00,5178493.00,502928.81,443.96,0.00,-0.00,-0.00,0.00,-0.00,-0.00,0.00,-0.00,2464646.38,0.00,-0.00,167642.94,10.00
49687.00,5178493.00,502928.81,443.96,0.00,-0.00,-0.00,0.00,-0.00,-0.00,0.00,-0.00,2466322.81,-0.00,0.00,167642.94,10.00
49697.00,5178493.00,502928.81,443.96,0.00,-0.00,-0.00,0.00,-0.00,-0.00,0.00,-0.00,2467999.24,0.00,0.00,167642.94,10.00
49707.00,5178493.00,502928.81,443.96,0.00,-0.00,-0.00,0.00,-0.00,-0.00,0.00,-0.00,2469675.67,0.00,0.00,167642.94,18.00
49725.00,5178493.00,502928.81,443.96,0.00,-0.00,-0.00,0.00,-0.00,-0.00,0.00,-0.00,2472693.24,0.00,-0.00,167642.94,10.00
49735.00,5178493.00,502928.81,443.96,0.00,-0.00,-0.00,0.00,-0.00,-0.00,0.00,-0.00,2474369.67,0.00,0.00,167642.94,10.00
49750.00,5178493.09,502928.75,443.81,-0.00,0.00,-0.00,-0.00,0.00,0.00,0.00,-0.00,2476884.31,-0.00,0.00,167642.94,10.00
49760.00,5178493.09,502928.75,443.81,-0.00,0.00,-0.00,-0.00,0.00,0.00,0.00,-0.00,2478560.74,0.00,0.00,167642.92,10.00
49770.00,5178493.09,502928.75,443.81,-0.00,0.00,-0.00,-0.00,0.00,0.00,0.00,-0.00,2480237.17,0.00,-0.00,167642.92,10.00
49780.00,5178493.09,502928.75,443.81,-0.00,0.00,-0.00,-0.00,0.00,0.00,0.00,-0.00,2481913.60,-0.00,-0.00,167642.92,10.00
49790.00,5178493.09,502928.75,443.81,-0.00,0.00,-0.00,-0.00,0.00,0.00,0.00,-0.00,2483590.03,0.00,-0.00,167642.92,10.00
49800.00,5178493.09,502928.75,443.81,-0.00,0.00,-0.00,-0.00,0.00,0.00,0.00,-0.00,2485266.46,0.00,-0.00,167642.92,10.00
49810.00,5178493.09,502928.75,443.81,-0.00,0.00,-0.00,-0.00,0.00,0.00,0.00,-0.00,2486942.89,-0.00,0.00,167642.92,17.00
49827.00,5178493.09,502928.75,443.81,-0.00,0.00,-0.00,-0.00,0.00,0.00,0.00,-0.00,2489792.82,0.00,-0.00,167642.92,10.00
49837.00,5178493.09,502928.75,443.81,-0.00,0.00,-0.00,-0.00,0.00,0.00,0.00,-0.00,2491469.25,0.00,0.00,167642.92,10.00
49847.00,5178493.09,502928.75,443.81,-0.00,0.00,-0.00,-0.00,0.00,0.00,0.00,-0.00,2493145.68,-0.00,-0.00,167642.92,10.00
49862.00,5178493.09,502928.75,443.81,-0.00,0.00,-0.00,-0.00,0.00,0.00,0.00,-0.00,2495660.32,-0.00,-0.00,167642.92,10.00
49872.00,5178493.09,502928.75,443.81,-0.00,0.00,-0.00,-0.00,0.00,0.00,0.00,-0.00,2497336.75,0.00,-0.00,167642.92,10.00
49882.00,5178493.09,502928.75,443.81,-0.00,0.00,-0.00,-0.00,0.00,0.00,0.00,-0.00,2499013.18,0.00,0.00,167642.92,10.00
49892.00,5178493.09,502928.75,443.81,-0.00,0.00,-0.00,-0.00,0.00,0.00,0.00,-0.00,2500689.61,0.00,0.00,167642.92,10.00
49902.00,5178493.09,502928.75,443.81,-0.00,0.00,-0.00,-0.00,0.00,0.00,0.00,-0.00,2502366.04,0.00,0.00,167642.92,10.00
49912.00,5178493.09,502928.75,443.81,-0.00,0.00,-0.00,-0.00,0.00,0.00,0.00,-0.00,2504042.47,-0.00,0.00,167642.92,16.00
49928.00,5178493.09,502928.75,443.81,-0.00,0.00,-0.00,-0.00,0.00,0.00,0.00,-0.00,2506724.75,-0.00,0.00,167642.92,10.00
49938.00,5178493.09,502928.75,443.81,-0.00,0.00,-0.00,-0.00,0.00,0.00,0.00,-0.00,2508401.18,-0.00,0.00,167642.92,10.00
49948.00,5178493.09,502928.75,443.81,-0.00,0.00,-0.00,-0.00,0.00,0.00,0.00,-0.00,2510077.61,0.00,0.00,167642.92,10.00
49958.00,5178493.17,502928.71,443.68,0.00,0.00,-0.00,0.00,0.00,0.00,0.00,-0.00,2511754.04,0.00,0.00,167642.92,10.00
49973.00,5178493.17,502928.71,443.68,0.00,0.00,-0.00,0.00,0.00,0.00,0.00,-0.00,2514268.68,0.00,-0.00,167642.90,10.00
49983.00,5178493.17,502928.71,443.68,0.00,0.00,-0.00,0.00,0.00,0.00,0.00,-0.00,2515945.11,-0.00,-0.00,167642.90,10.00
49993.00,5178493.17,502928.71,443.68,0.00,0.00,-0.00,0.00,0.00,0.00,0.00,-0.00,2517621.54,-0.00,-0.00,167642.90,10.00
50003.00,5178493.17,502928.71,443.68,0.00,0.00,-0.00,0.00,0.00,0.00,0.00,-0.00,2519297.97,0.00,-0.00,167642.90,10.00
50013.00,5178493.17,502928.71,443.68,0.00,0.00,-0.00,0.00,0.00,0.00,0.00,-0.00,2520974.40,-0.00,-0.00,167642.90,10.00
50023.00,5178493.17,502928.71,443.68,0.00,0.00,-0.00,0.00,0.00,0.00,0.00,-0.00,2522650.83,0.00,-0.00,167642.90,15.00
50038.00,5178493.17,502928.71,443.68,0.00,0.00,-0.00,0.00,0.00,0.00,0.00,-0.00,2525165.47,-0.00,-0.00,167642.90,10.00
50048.00,5178493.17,502928.71,443.68,0.00,0.00,-0.00,0.00,0.00,0.00,0.00,-0.00,2526841.90,-0.00,0.00,167642.90,10.00
50058.00,5178493.17,502928.71,443.68,0.00,0.00,-0.00,0.00,0.00,0.00,-0.00,-0.00,2528518.33,-0.00,0.00,167642.90,10.00
50068.00,5178493.17,502928.71,443.68,0.00,0.00,-0.00,0.00,0.00,0.00,-0.00,-0.00,2530194.76,-0.00,0.00,167642.90,10.00
50083.00,5178493.17,502928.71,443.68,0.00,0.00,-0.00,0.00,0.00,0.00,-0.00,-0.00,2532709.40,0.00,0.00,167642.90,10.00
50093.00,5178493.17,502928.71,443.68,0.00,0.00,-0.00,0.00,0.00,0.00,-0.00,-0.00,2534385.83,-0.00,-0.00,167642.90,10.00
50103.00,5178493.17,502928.71,443.68,0.00,0.00,-0.00,0.00,0.00,0.00,-0.00,-0.00,2536062.26,-0.00,-0.00,167642.90,10.00
50113.00,5178493.17,502928.71,443.68,0.00,0.00,-0.00,0.00,0.00,0.00,-0.00,-0.00,2537738.69,0.00,0.00,167642.90,15.00
50128.00,5178493.17,502928.71,443.68,0.00,0.00,-0.00,0.00,0.00,0.00,-0.00,-0.00,2540253.33,0.00,0.00,167642.90,10.00
50138.00,5178493.17,502928.71,443.68,0.00,0.00,-0.00,0.00,0.00,0.00,-0.00,-0.00,2541929.76,-0.00,0.00,167642.90,10.00
50148.00,5178493.17,502928.71,443.68,0.00,0.00,-0.00,0.00,0.00,0.00,-0.00,-0.00,2543606.19,-0.00,0.00,167642.90,10.00
50158.00,5178493.23,502928.66,443.55,-0.00,-0.00,0.00,-0.00,-0.00,0.00,-0.00,-0.00,2545282.62,-0.00,-0.00,167642.90,10.00
50168.00,5178493.23,502928.66,443.55,-0.00,-0.00,0.00,-0.00,-0.00,0.00,-0.00,-0.00,2546959.05,0.00,-0.00,167642.89,10.00
50178.00,5178493.23,502928.66,443.55,-0.00,-0.00,0.00,-0.00,-0.00,0.00,-0.00,-0.00,2548635.48,-0.00,0.00,167642.89,10.00
50193.00,5178493.23,502928.66,443.55,-0.00,-0.00,0.00,-0.00,-0.00,0.00,-0.00,-0.00,2551150.12,0.00,0.00,167642.89,10.00
50203.00,5178493.23,502928.66,443.55,-0.00,-0.00,0.00,-0.00,-0.00,0.00,-0.00,-0.00,2552826.55,-0.00,0.00,167642.89,10.00
50213.00,5178493.23,502928.66,443.55,-0.00,-0.00,0.00,-0.00,-0.00,0.00,-0.00,-0.00,2554502.98,0.00,-0.00,167642.89,10.00
50223.00,5178493.23,502928.66,443.55,-0.00,-0.00,0.00,-0.00,-0.00,0.00,-0.00,-0.00,2556179.41,0.00,0.00,167642.89,15.00
50238.00,5178493.23,502928.66,443.55,-0.00,-0.00,0.00,-0.00,-0.00,0.00,-0.00,-0.00,2558694.05,-0.00,0.00,167642.89,10.00
50248.00,5178493.23,502928.66,443.55,-0.00,-0.00,0.00,-0.00,-0.00,0.00,-0.00,-0.00,2560370.48,-0.00,-0.00,167642.89,10.00
50258.00,5178493.23,502928.66,443.55,-0.00,-0.00,0.00,-0.00,-0.00,0.00,-0.00,-0.00,2562046.91,0.00,0.00,167642.89,10.00
50268.00,5178493.23,502928.66,443.55,-0.00,-0.00,0.00,-0.00,-0.00,0.00,-0.00,-0.00,2563723.34,0.00,-0.00,167642.89,10.00
50278.00,5178493.23,502928.66,443.55,-0.00,-0.00,0.00,-0.00,-0.00,0.00,-0.00,-0.00,2565399.77,0.00,-0.00,167642.89,10.00
50288.00,5178493.23,502928.66,443.55,-0.00,-0.00,0.00,-0.00,-0.00,0.00,-0.00,-0.00,2567076.20,0.00,0.00,167642.89,10.00
50308.00,5178493.23,502928.66,443.55,-0.00,-0.00,0.00,-0.00,-0.00,0.00,-0.00,-0.00,2570429.05,0.00,-0.00,167642.89,10.00
50318.00,5178493.23,502928.66,443.55,-0.00,-0.00,0.00,-0.00,-0.00,0.00,-0.00,-0.00,2572105.48,0.00,-0.00,167642.89,19.00
50337.00,5178493.23,502928.66,443.55,-0.00,-0.00,0.00,-0.00,-0.00,0.00,-0.00,-0.00,2575290.70,-0.00,0.00,167642.89,10.00
50347.00,5178493.23,502928.66,443.55,-0.00,-0.00,0.00,-0.00,-0.00,0.00,-0.00,-0.00,2576967.13,0.00,0.00,167642.89,10.00
50357.00,5178493.23,502928.66,443.55,-0.00,-0.00,0.00,-0.00,-0.00,0.00,-0.00,-0.00,2578643.56,0.00,0.00,167642.89,10.00
50367.00,5178493.31,502928.61,443.43,-0.00,0.00,0.00,0.00,0.00,0.00,-0.00,-0.00,2580319.99,-0.00,0.00,167642.89,10.00
50377.00,5178493.31,502928.61,443.43,-0.00,0.00,0.00,0.00,0.00,0.00,-0.00,-0.00,2581996.41,0.00,-0.00,167642.87,10.00
50387.00,5178493.31,502928.61,443.43,-0.00,0.00,0.00,0.00,0.00,0.00,-0.00,-0.00,2583672.84,-0.00,-0.00,167642.87,10.00
50397.00,5178493.31,502928.61,443.43,-0.00,0.00,0.00,0.00,0.00,0.00,-0.00,-0.00,2585349.27,0.00,0.00,167642.87,10.00
50407.00,5178493.31,502928.61,443.43,-0.00,0.00,0.00,0.00,0.00,0.00,-0.00,-0.00,2587025.70,0.00,-0.00,167642.87,15.00
50427.00,5178493.31,502928.61,443.43,-0.00,0.00,0.00,0.00,0.00,0.00,-0.00,-0.00,2590378.56,0.00,-0.00,167642.87,10.00
50437.00,5178493.31,502928.61,443.43,-0.00,0.00,0.00,0.00,0.00,0.00,-0.00,-0.00,2592054.99,0.00,-0.00,167642.87,10.00
50447.00,5178493.31,502928.61,443.43,-0.00,0.00,0.00,0.00,0.00,0.00,-0.00,-0.00,2593731.41,-0.00,0.00,167642.87,10.00
50457.00,5178493.31,502928.61,443.43,-0.00,0.00,0.00,0.00,0.00,0.00,-0.00,-0.00,2595407.84,-0.00,0.00,167642.87,10.00
50467.00,5178493.31,502928.61,443.43,-0.00,0.00,0.00,0.00,0.00,0.00,-0.00,-0.00,2597084.27,0.00,0.00,167642.87,10.00
50477.00,5178493.31,502928.61,443.43,-0.00,0.00,0.00,0.00,0.00,0.00,-0.00,-0.00,2598760.70,0.00,-0.00,167642.87,10.00
50487.00,5178493.31,502928.61,443.43,-0.00,0.00,0.00,0.00,0.00,0.00,-0.00,-0.00,2600437.13,0.00,-0.00,167642.87,10.00
50497.00,5178493.31,502928.61,443.43,-0.00,0.00,0.00,0.00,0.00,0.00,-0.00,-0.00,2602113.56,0.00,-0.00,167642.87,10.00
50507.00,5178493.31,502928.61,443.43,-0.00,0.00,0.00,0.00,0.00,0.00,-0.00,-0.00,2603789.99,0.00,0.00,167642.87,10.00
50517.00,5178493.31,502928.61,443.43,-0.00,0.00,0.00,0.00,0.00,0.00,-0.00,-0.00,2605466.42,0.00,-0.00,167642.87,18.00
50540.00,5178493.31,502928.61,443.43,-0.00,0.00,0.00,0.00,0.00,0.00,-0.00,-0.00,2609322.20,0.00,0.00,167642.87,10.00
50550.00,5178493.31,502928.61,443.43,-0.00,0.00,0.00,0.00,0.00,0.00,-0.00,-0.00,2610998.63,0.00,0.00,167642.87,10.00
50560.00,5178493.31,502928.61,443.43,-0.00,0.00,0.00,0.00,0.00,0.00,-0.00,-0.00,2612675.06,-0.00,-0.00,167642.87,10.00
50570.00,5178493.38,502928.57,443.31,0.00,-0.00,0.00,0.00,-0.00,-0.00,-0.00,-0.00,2614351.49,-0.00,0.00,167642.87,10.00
50580.00,5178493.38,502928.57,443.31,0.00,-0.00,0.00,0.00,-0.00,-0.00,-0.00,-0.00,2616027.92,-0.00,0.00,167642.86,10.00
50590.00,5178493.38,502928.57,443.31,0.00,-0.00,0.00,0.00,-0.00,-0.00,-0.00,-0.00,2617704.35,0.00,0.00,167642.86,10.00
50600.00,5178493.38,502928.57,443.31,0.00,-0.00,0.00,0.00,-0.00,-0.00,-0.00,-0.00,2619380.77,0.00,0.00,167642.86,10.00
50610.00,5178493.38,502928.57,443.31,0.00,-0.00,0.00,0.00,-0.00,-0.00,-0.00,-0.00,2621057.20,0.00,0.00,167642.86,10.00
50620.00,5178493.38,502928.57,443.31,0.00,-0.00,0.00,0.00,-0.00,-0.00,-0.00,-0.00,2622733.63,-0.00,-0.00,167642.86,18.00
50638.00,5178493.38,502928.57,443.31,0.00,-0.00,0.00,0.00,-0.00,-0.00,-0.00,-0.00,2625751.20,0.00,-0.00,167642.86,10.00
50653.00,5178493.38,502928.57,443.31,0.00,-0.00,0.00,0.00,-0.00,-0.00,-0.00,-0.00,2628265.85,0.00,-0.00,167642.86,10.00
50663.00,5178493.38,502928.57,443.31,0.00,-0.00,0.00,0.00,-0.00,-0.00,-0.00,-0.00,2629942.27,-0.00,-0.00,167642.86,10.00
50673.00,5178493.38,502928.57,443.31,0.00,-0.00,0.00,0.00,-0.00,-0.00,-0.00,-0.00,2631618.70,-0.00,-0.00,167642.86,10.00
50683.00,5178493.38,502928.57,443.31,0.00,-0.00,0.00,0.00,-0.00,-0.00,-0.00,-0.00,2633295.13,0.00,0.00,167642.86,10.00
50693.00,5178493.38,502928.57,443.31,0.00,-0.00,0.00,0.00,-0.00,-0.00,-0.00,-0.00,2634971.56,-0.00,-0.00,167642.86,10.00
50703.00,5178493.38,502928.57,443.31,0.00,-0.00,0.00,0.00,-0.00,-0.00,-0.00,-0.00,2636647.99,-0.00,-0.00,167642.86,10.00
50713.00,5178493.38,502928.57,443.31,0.00,-0.00,0.00,0.00,-0.00,-0.00,-0.00,-0.00,2638324.42,-0.00,-0.00,167642.86,17.00
50730.00,5178493.38,502928.57,443.31,0.00,-0.00,0.00,0.00,-0.00,-0.00,-0.00,-0.00,2641174.35,-0.00,-0.00,167642.86,10.00
50740.00,5178493.38,502928.57,443.31,0.00,-0.00,0.00,0.00,-0.00,-0.00,-0.00,-0.00,2642850.77,0.00,-0.00,167642.86,10.00
50750.00,5178493.38,502928.57,443.31,0.00,-0.00,0.00,0.00,-0.00,-0.00,-0.00,-0.00,2644527.20,-0.00,-0.00,167642.86,10.00
50765.00,5178493.38,502928.57,443.31,0.00,-0.00,0.00,0.00,-0.00,-0.00,-0.00,-0.00,2647041.85,0.00,-0.00,167642.86,10.00
50775.00,5178493.48,502928.51,443.16,-0.00,-0.00,0.00,-0.00,-0.00,0.00,-0.00,-0.00,2648718.27,-0.00,-0.00,167642.86,10.00
50785.00,5178493.48,502928.51,443.16,-0.00,-0.00,0.00,-0.00,-0.00,0.00,-0.00,-0.00,2650394.70,-0.00,-0.00,167642.84,10.00
50795.00,5178493.48,502928.51,443.16,-0.00,-0.00,0.00,-0.00,-0.00,0.00,-0.00,-0.00,2652071.13,0.00,-0.00,167642.84,10.00
50805.00,5178493.48,502928.51,443.16,-0.00,-0.00,0.00,-0.00,-0.00,0.00,-0.00,-0.00,2653747.56,-0.00,-0.00,167642.84,10.00
50815.00,5178493.48,502928.51,443.16,-0.00,-0.00,0.00,-0.00,-0.00,0.00,-0.00,-0.00,2655423.99,0.00,0.00,167642.84,10.00
50825.00,5178493.48,502928.51,443.16,-0.00,-0.00,0.00,-0.00,-0.00,0.00,-0.00,-0.00,2657100.42,0.00,0.00,167642.84,16.00
50841.00,5178493.48,502928.51,443.16,-0.00,-0.00,0.00,-0.00,-0.00,0.00,-0.00,-0.00,2659782.70,0.00,0.00,167642.84,10.00
50851.00,5178493.48,502928.51,443.16,-0.00,-0.00,0.00,-0.00,-0.00,0.00,-0.00,-0.00,2661459.13,-0.00,0.00,167642.84,10.00
50861.00,5178493.48,502928.51,443.16,-0.00,-0.00,0.00,-0.00,-0.00,0.00,-0.00,-0.00,2663135.56,-0.00,-0.00,167642.84,10.00
50875.00,5178493.48,502928.51,443.16,-0.00,-0.00,0.00,-0.00,-0.00,0.00,-0.00,-0.00,2665482.56,-0.00,0.00,167642.84,10.00
50885.00,5178493.48,502928.51,443.16,-0.00,-0.00,0.00,-0.00,-0.00,0.00,-0.00,-0.00,2667158.99,0.00,-0.00,167642.84,10.00
50895.00,5178493.48,502928.51,443.16,-0.00,-0.00,0.00,-0.00,-0.00,0.00,-0.00,-0.00,2668835.41,0.00,0.00,167642.84,10.00
50905.00,5178493.48,502928.51,443.16,-0.00,-0.00,0.00,-0.00,-0.00,0.00,-0.00,-0.00,2670511.84,0.00,-0.00,167642.84,10.00
50915.00,5178493.48,502928.51,443.16,-0.00,-0.00,0.00,-0.00,-0.00,0.00,-0.00,-0.00,2672188.27,0.00,-0.00,167642.84,10.00
50925.00,5178493.48,502928.51,443.16,-0.00,-0.00,0.00,-0.00,-0.00,0.00,-0.00,-0.00,2673864.70,0.00,0.00,167642.84,16.00
50941.00,5178493.48,502928.51,443.16,-0.00,-0.00,0.00,-0.00,-0.00,0.00,-0.00,-0.00,2676546.98,-0.00,0.00,167642.84,10.00
50951.00,5178493.48,502928.51,443.16,-0.00,-0.00,0.00,-0.00,-0.00,0.00,-0.00,-0.00,2678223.41,0.00,-0.00,167642.84,10.00
50961.00,5178493.48,502928.51,443.16,-0.00,-0.00,0.00,-0.00,-0.00,0.00,-0.00,-0.00,2679899.84,0.00,0.00,167642.84,10.00
50971.00,5178493.48,502928.51,443.16,-0.00,-0.00,0.00,-0.00,-0.00,0.00,-0.00,-0.00,2681576.27,-0.00,0.00,167642.84,10.00
50986.00,5178493.57,502928.45,443.03,0.00,-0.00,-0.00,0.00,0.00,-0.00,-0.00,-0.00,2684090.91,0.00,-0.00,167642.84,10.00
50996.00,5178493.57,502928.45,443.03,0.00,-0.00,-0.00,0.00,0.00,-0.00,-0.00,-0.00,2685767.34,0.00,0.00,167642.82,10.00
51006.00,5178493.57,502928.45,443.03,0.00,-0.00,-0.00,0.00,0.00,-0.00,-0.00,-0.00,2687443.77,0.00,0.00,167642.82,10.00
51016.00,5178493.57,502928.45,443.03,0.00,-0.00,-0.00,0.00,0.00,-0.00,-0.00,-0.00,2689120.20,0.00,0.00,167642.82,10.00
51026.00,5178493.57,502928.45,443.03,0.00,-0.00,-0.00,0.00,0.00,-0.00,-0.00,-0.00,2690796.62,0.00,-0.00,167642.82,15.00
51041.00,5178493.57,502928.45,443.03,0.00,-0.00,-0.00,0.00,0.00,-0.00,-0.00,-0.00,2693311.27,0.00,0.00,167642.82,10.00
51051.00,5178493.57,502928.45,443.03,0.00,-0.00,-0.00,0.00,0.00,-0.00,-0.00,-0.00,2694987.70,-0.00,-0.00,167642.82,10.00
51061.00,5178493.57,502928.45,443.03,0.00,-0.00,-0.00,0.00,0.00,-0.00,-0.00,-0.00,2696664.12,0.00,0.00,167642.82,10.00
51071.00,5178493.57,502928.45,443.03,0.00,-0.00,-0.00,0.00,0.00,-0.00,-0.00,-0.00,2698340.55,0.00,-0.00,167642.82,10.00
51081.00,5178493.57,502928.45,443.03,0.00,-0.00,-0.00,0.00,0.00,-0.00,-0.00,-0.00,2700016.98,0.00,-0.00,167642.82,10.00
51101.00,5178493.57,502928.45,443.03,0.00,-0.00,-0.00,0.00,0.00,-0.00,-0.00,-0.00,2703369.84,0.00,0.00,167642.82,10.00
51111.00,5178493.57,502928.45,443.03,0.00,-0.00,-0.00,0.00,0.00,-0.00,-0.00,-0.00,2705046.26,0.00,0.00,167642.82,10.00
51121.00,5178493.57,502928.45,443.03,0.00,-0.00,-0.00,0.00,0.00,-0.00,-0.00,-0.00,2706722.69,0.00,0.00,167642.82,18.00
51139.00,5178493.57,502928.45,443.03,0.00,-0.00,-0.00,0.00,0.00,-0.00,0.00,-0.00,2709740.26,0.00,0.00,167642.82,10.00
51149.00,5178493.57,502928.45,443.03,0.00,-0.00,-0.00,0.00,0.00,-0.00,0.00,-0.00,2711416.69,0.00,0.00,167642.82,10.00
51159.00,5178493.57,502928.45,443.03,0.00,-0.00,-0.00,0.00,0.00,-0.00,0.00,-0.00,2713093.12,0.00,-0.00,167642.82,10.00
51169.00,5178493.57,502928.45,443.03,0.00,-0.00,-0.00,0.00,0.00,-0.00,0.00,-0.00,2714769.55,-0.00,-0.00,167642.82,10.00
51179.00,5178493.57,502928.45,443.03,0.00,-0.00,-0.00,0.00,0.00,-0.00,0.00,-0.00,2716445.98,-0.00,-0.00,167642.82,10.00
51189.00,5178493.66,502928.40,442.90,0.00,-0.00,-0.00,0.00,0.00,-0.00,0.00,-0.00,2718122.40,0.00,-0.00,167642.82,10.00
51199.00,5178493.66,502928.40,442.90,0.00,-0.00,-0.00,0.00,0.00,-0.00,0.00,-0.00,2719798.83,-0.00,-0.00,167642.80,10.00
51214.00,5178493.66,502928.40,442.90,0.00,-0.00,-0.00,0.00,0.00,-0.00,0.00,-0.00,2722313.47,0.00,-0.00,167642.80,17.00
51231.00,5178493.66,502928.40,442.90,0.00,-0.00,-0.00,0.00,0.00,-0.00,0.00,-0.00,2725163.40,0.00,-0.00,167642.80,10.00
51241.00,5178493.66,502928.40,442.90,0.00,-0.00,-0.00,0.00,0.00,-0.00,0.00,-0.00,2726839.83,-0.00,0.00,167642.80,10.00
51251.00,5178493.66,502928.40,442.90,0.00,-0.00,-0.00,0.00,0.00,-0.00,0.00,-0.00,2728516.26,0.00,-0.00,167642.80,10.00
51261.00,5178493.66,502928.40,442.90,0.00,-0.00,-0.00,0.00,0.00,-0.00,0.00,-0.00,2730192.69,0.00,-0.00,167642.80,10.00
51271.00,5178493.66,502928.40,442.90,0.00,-0.00,-0.00,0.00,0.00,-0.00,0.00,-0.00,2731869.11,0.00,0.00,167642.80,10.00
51281.00,5178493.66,502928.40,442.90,0.00,-0.00,-0.00,0.00,0.00,-0.00,0.00,-0.00,2733545.54,0.00,0.00,167642.80,10.00
51291.00,5178493.66,502928.40,442.90,0.00,-0.00,-0.00,0.00,0.00,-0.00,0.00,-0.00,2735221.97,0.00,-0.00,167642.80,10.00
51301.00,5178493.66,502928.40,442.90,0.00,-0.00,-0.00,0.00,0.00,-0.00,0.00,-0.00,2736898.40,0.00,0.00,167642.80,10.00
51311.00,5178493.66,502928.40,442.90,0.00,-0.00,-0.00,0.00,0.00,-0.00,0.00,-0.00,2738574.83,0.00,-0.00,167642.80,15.00
51331.00,5178493.66,502928.40,442.90,0.00,-0.00,-0.00,0.00,0.00,-0.00,0.00,-0.00,2741927.68,-0.00,0.00,167642.80,10.00
51341.00,5178493.66,502928.40,442.90,0.00,-0.00,-0.00,0.00,0.00,-0.00,0.00,-0.00,2743604.11,0.00,0.00,167642.80,10.00
51351.00,5178493.66,502928.40,442.90,0.00,-0.00,-0.00,0.00,0.00,-0.00,0.00,-0.00,2745280.54,0.00,-0.00,167642.80,10.00
51361.00,5178493.66,502928.40,442.90,0.00,-0.00,-0.00,0.00,0.00,-0.00,0.00,-0.00,2746956.97,0.00,-0.00,167642.80,10.00
51371.00,5178493.66,502928.40,442.90,0.00,-0.00,-0.00,0.00,0.00,-0.00,0.00,-0.00,2748633.39,0.00,-0.00,167642.80,10.00
51381.00,5178493.66,502928.40,442.90,0.00,-0.00,-0.00,0.00,0.00,-0.00,0.00,-0.00,2750309.82,0.00,0.00,167642.80,10.00
51391.00,5178493.74,502928.35,442.82,0.00,0.00,0.00,-0.00,0.00,0.00,0.00,-0.00,2751986.25,0.00,0.00,167642.80,10.00
51401.00,5178493.74,502928.35,442.82,0.00,0.00,0.00,-0.00,0.00,0.00,0.00,-0.00,2753662.68,0.00,-0.00,167642.78,10.00
51411.00,5178493.74,502928.35,442.82,0.00,0.00,0.00,-0.00,0.00,0.00,0.00,-0.00,2755339.11,0.00,-0.00,167642.78,10.00
51421.00,5178493.74,502928.35,442.82,0.00,0.00,0.00,-0.00,0.00,0.00,0.00,-0.00,2757015.53,0.00,-0.00,167642.78,17.00
51443.00,5178493.74,502928.35,442.82,0.00,0.00,0.00,-0.00,0.00,0.00,0.00,-0.00,2760703.67,0.00,-0.00,167642.78,10.00
51453.00,5178493.74,502928.35,442.82,0.00,0.00,0.00,-0.00,0.00,0.00,0.00,-0.00,2762380.10,0.00,0.00,167642.78,10.00
51463.00,5178493.74,502928.35,442.82,0.00,0.00,0.00,-0.00,0.00,0.00,0.00,-0.00,2764056.53,0.00,0.00,167642.78,10.00
51473.00,5178493.74,502928.35,442.82,0.00,0.00,0.00,-0.00,0.00,0.00,0.00,-0.00,2765732.96,0.00,-0.00,167642.78,10.00
51483.00,5178493.74,502928.35,442.82,0.00,0.00,0.00,-0.00,0.00,0.00,0.00,-0.00,2767409.39,-0.00,-0.00,167642.78,10.00
51493.00,5178493.74,502928.35,442.82,0.00,0.00,0.00,-0.00,0.00,0.00,0.00,-0.00,2769085.81,-0.00,-0.00,167642.78,10.00
51503.00,5178493.74,502928.35,442.82,0.00,0.00,0.00,-0.00,0.00,0.00,0.00,-0.00,2770762.24,-0.00,-0.00,167642.78,10.00
51513.00,5178493.74,502928.35,442.82,0.00,0.00,0.00,-0.00,0.00,0.00,0.00,-0.00,2772438.67,-0.00,-0.00,167642.78,10.00
51523.00,5178493.74,502928.35,442.82,0.00,0.00,0.00,-0.00,0.00,0.00,0.00,-0.00,2774115.10,0.00,-0.00,167642.78,19.00
51542.00,5178493.74,502928.35,442.82,0.00,0.00,0.00,-0.00,0.00,0.00,0.00,-0.00,2777300.31,0.00,-0.00,167642.78,10.00
51557.00,5178493.74,502928.35,442.82,0.00,0.00,0.00,-0.00,0.00,0.00,0.00,-0.00,2779814.95,-0.00,-0.00,167642.78,10.00
51567.00,5178493.74,502928.35,442.82,0.00,0.00,0.00,-0.00,0.00,0.00,0.00,-0.00,2781491.38,0.00,0.00,167642.78,10.00
51577.00,5178493.74,502928.35,442.82,0.00,0.00,0.00,-0.00,0.00,0.00,0.00,-0.00,2783167.81,-0.00,-0.00,167642.78,10.00
51587.00,5178493.74,502928.35,442.82,0.00,0.00,0.00,-0.00,0.00,0.00,0.00,-0.00,2784844.23,0.00,-0.00,167642.78,10.00
51597.00,5178493.83,502928.29,442.75,0.00,0.00,-0.00,0.00,0.00,-0.00,0.00,-0.00,2786520.66,0.00,0.00,167642.78,10.00
51607.00,5178493.83,502928.29,442.75,0.00,0.00,-0.00,0.00,0.00,-0.00,0.00,-0.00,2788197.09,0.00,0.00,167642.76,15.00
51622.00,5178493.83,502928.29,442.75,0.00,0.00,-0.00,0.00,0.00,-0.00,0.00,-0.00,2790711.73,-0.00,0.00,167642.76,10.00
51632.00,5178493.83,502928.29,442.75,0.00,0.00,-0.00,0.00,0.00,-0.00,0.00,-0.00,2792388.16,0.00,0.00,167642.76,10.00
51642.00,5178493.83,502928.29,442.75,0.00,0.00,-0.00,0.00,0.00,-0.00,0.00,-0.00,2794064.59,-0.00,0.00,167642.76,10.00
51652.00,5178493.83,502928.29,442.75,0.00,0.00,-0.00,0.00,0.00,-0.00,0.00,-0.00,2795741.01,-0.00,-0.00,167642.77,10.00
51667.00,5178493.83,502928.29,442.75,0.00,0.00,-0.00,0.00,0.00,-0.00,0.00,-0.00,2798255.66,-0.00,-0.00,167642.76,10.00
51677.00,5178493.83,502928.29,442.75,0.00,0.00,-0.00,0.00,0.00,-0.00,0.00,-0.00,2799932.08,-0.00,-0.00,167642.76,10.00
51687.00,5178493.83,502928.29,442.75,0.00,0.00,-0.00,0.00,0.00,-0.00,0.00,-0.00,2801608.51,-0.00,-0.00,167642.77,10.00
51697.00,5178493.83,502928.29,442.75,0.00,0.00,-0.00,0.00,0.00,-0.00,0.00,-0.00,2803284.94,0.00,0.00,167642.76,10.00
51707.00,5178493.83,502928.29,442.75,0.00,0.00,-0.00,0.00,0.00,-0.00,0.00,-0.00,2804961.37,0.00,0.00,167642.76,16.00
51723.00,5178493.83,502928.29,442.75,0.00,0.00,-0.00,0.00,0.00,-0.00,0.00,-0.00,2807643.65,-0.00,0.00,167642.76,10.00
51733.00,5178493.83,502928.29,442.75,0.00,0.00,-0.00,0.00,0.00,-0.00,0.00,-0.00,2809320.08,0.00,0.00,167642.76,10.00
51743.00,5178493.83,502928.29,442.75,0.00,0.00,-0.00,0.00,0.00,-0.00,0.00,-0.00,2810996.51,-0.00,0.00,167642.76,10.00
51753.00,5178493.83,502928.29,442.75,0.00,0.00,-0.00,0.00,0.00,-0.00,0.00,-0.00,2812672.93,0.00,0.00,167642.76,10.00
51763.00,5178493.83,502928.29,442.75,0.00,0.00,-0.00,0.00,0.00,-0.00,0.00,-0.00,2814349.36,0.00,0.00,167642.76,10.00
51778.00,5178493.83,502928.29,442.75,0.00,0.00,-0.00,0.00,0.00,-0.00,0.00,-0.00,2816864.00,0.00,0.00,167642.76,10.00
51788.00,5178493.83,502928.29,442.75,0.00,0.00,-0.00,0.00,0.00,-0.00,0.00,-0.00,2818540.43,0.00,0.00,167642.76,10.00
51798.00,5178493.92,502928.25,442.68,0.00,0.00,-0.00,-0.00,-0.00,-0.00,0.00,-0.00,2820216.86,-0.00,-0.00,167642.76,10.00
51808.00,5178493.92,502928.25,442.68,0.00,0.00,-0.00,-0.00,-0.00,-0.00,0.00,-0.00,2821893.29,-0.00,0.00,167642.75,10.00
51818.00,5178493.92,502928.25,442.68,0.00,0.00,-0.00,-0.00,-0.00,-0.00,0.00,-0.00,2823569.71,-0.00,-0.00,167642.75,16.00
51834.00,5178493.92,502928.25,442.68,0.00,0.00,-0.00,-0.00,-0.00,-0.00,0.00,-0.00,2826252.00,0.00,0.00,167642.75,10.00
51844.00,5178493.92,502928.25,442.68,0.00,0.00,-0.00,-0.00,-0.00,-0.00,0.00,-0.00,2827928.42,-0.00,-0.00,167642.75,10.00
51854.00,5178493.92,502928.25,442.68,0.00,0.00,-0.00,-0.00,-0.00,-0.00,0.00,-0.00,2829604.85,-0.00,-0.00,167642.75,10.00
51864.00,5178493.92,502928.25,442.68,0.00,0.00,-0.00,-0.00,-0.00,-0.00,0.00,-0.00,2831281.28,-0.00,0.00,167642.75,10.00
51874.00,5178493.92,502928.25,442.68,0.00,0.00,-0.00,-0.00,-0.00,-0.00,0.00,-0.00,2832957.71,0.00,-0.00,167642.75,10.00
51894.00,5178493.92,502928.25,442.68,0.00,0.00,-0.00,-0.00,-0.00,-0.00,0.00,-0.00,2836310.56,-0.00,0.00,167642.75,10.00
51904.00,5178493.92,502928.25,442.68,0.00,0.00,-0.00,-0.00,-0.00,-0.00,0.00,-0.00,2837986.99,0.00,0.00,167642.75,18.00
51922.00,5178493.92,502928.25,442.68,0.00,0.00,-0.00,-0.00,-0.00,-0.00,0.00,-0.00,2841004.56,0.00,0.00,167642.75,10.00
51932.00,5178493.92,502928.25,442.68,0.00,0.00,-0.00,-0.00,-0.00,-0.00,0.00,-0.00,2842680.99,-0.00,-0.00,167642.75,10.00
51942.00,5178493.92,502928.25,442.68,0.00,0.00,-0.00,-0.00,-0.00,-0.00,0.00,-0.00,2844357.41,0.00,0.00,167642.75,10.00
51952.00,5178493.92,502928.25,442.68,0.00,0.00,-0.00,-0.00,-0.00,-0.00,0.00,-0.00,2846033.84,0.00,0.00,167642.75,10.00
51962.00,5178493.92,502928.25,442.68,0.00,0.00,-0.00,-0.00,-0.00,-0.00,0.00,-0.00,2847710.27,0.00,-0.00,167642.75,10.00
51972.00,5178493.92,502928.25,442.68,0.00,0.00,-0.00,-0.00,-0.00,-0.00,0.00,-0.00,2849386.70,0.00,0.00,167642.75,10.00
51982.00,5178493.92,502928.25,442.68,0.00,0.00,-0.00,-0.00,-0.00,-0.00,0.00,-0.00,2851063.12,0.00,-0.00,167642.75,10.00
51992.00,5178493.92,502928.25,442.68,0.00,0.00,-0.00,-0.00,-0.00,-0.00,0.00,-0.00,2852739.55,0.00,0.00,167642.75,10.00
52006.00,5178494.04,502928.18,442.58,0.00,0.00,0.00,0.00,0.00,0.00,0.00,-0.00,2855086.55,0.00,0.00,167642.75,18.00
52024.00,5178494.04,502928.18,442.58,0.00,0.00,0.00,0.00,0.00,0.00,0.00,-0.00,2858104.12,0.00,0.00,167642.73,10.00
52034.00,5178494.04,502928.18,442.58,0.00,0.00,0.00,0.00,0.00,0.00,0.00,-0.00,2859780.55,0.00,-0.00,167642.73,10.00
52044.00,5178494.04,502928.18,442.58,0.00,0.00,0.00,0.00,0.00,0.00,0.00,-0.00,2861456.97,0.00,-0.00,167642.73,10.00
52054.00,5178494.04,502928.18,442.58,0.00,0.00,0.00,0.00,0.00,0.00,0.00,-0.00,2863133.40,0.00,-0.00,167642.73,10.00
52064.00,5178494.04,502928.18,442.58,0.00,0.00,0.00,0.00,0.00,0.00,0.00,-0.00,2864809.83,0.00,0.00,167642.73,10.00
52074.00,5178494.04,502928.18,442.58,0.00,0.00,0.00,0.00,0.00,0.00,0.00,-0.00,2866486.26,0.00,-0.00,167642.73,10.00
52084.00,5178494.04,502928.18,442.58,0.00,0.00,0.00,0.00,0.00,0.00,0.00,-0.00,2868162.68,0.00,-0.00,167642.73,10.00
52094.00,5178494.04,502928.18,442.58,0.00,0.00,0.00,0.00,0.00,0.00,0.00,-0.00,2869839.11,0.00,0.00,167642.73,10.00
52104.00,5178494.04,502928.18,442.58,0.00,0.00,0.00,0.00,0.00,0.00,0.00,-0.00,2871515.54,-0.00,-0.00,167642.73,10.00
52119.00,5178494.04,502928.18,442.58,0.00,0.00,0.00,0.00,0.00,0.00,0.00,-0.00,2874030.18,-0.00,-0.00,167642.73,17.00
52136.00,5178494.04,502928.18,442.58,0.00,0.00,0.00,0.00,0.00,0.00,0.00,-0.00,2876880.10,0.00,-0.00,167642.73,10.00
52146.00,5178494.04,502928.18,442.58,0.00,0.00,0.00,0.00,0.00,0.00,0.00,-0.00,2878556.53,0.00,-0.00,167642.73,10.00
52156.00,5178494.04,502928.18,442.58,0.00,0.00,0.00,0.00,0.00,0.00,0.00,-0.00,2880232.96,0.00,-0.00,167642.73,10.00
52166.00,5178494.04,502928.18,442.58,0.00,0.00,0.00,0.00,0.00,0.00,0.00,-0.00,2881909.39,0.00,0.00,167642.73,10.00
52176.00,5178494.04,502928.18,442.58,0.00,0.00,0.00,0.00,0.00,0.00,0.00,-0.00,2883585.81,0.00,-0.00,167642.73,10.00
52186.00,5178494.04,502928.18,442.58,0.00,0.00,0.00,0.00,0.00,0.00,0.00,-0.00,2885262.24,0.00,-0.00,167642.73,10.00
52196.00,5178494.04,502928.18,442.58,0.00,0.00,0.00,0.00,0.00,0.00,0.00,-0.00,2886938.67,0.00,-0.00,167642.73,10.00
52206.00,5178494.09,502928.15,442.55,-0.00,-0.00,-0.00,-0.00,-0.00,-0.00,0.00,-0.00,2888615.10,-0.00,-0.00,167642.73,10.00
52216.00,5178494.09,502928.15,442.55,-0.00,-0.00,-0.00,-0.00,-0.00,-0.00,0.00,-0.00,2890291.52,-0.00,-0.00,167642.72,17.00
52238.00,5178494.09,502928.15,442.55,-0.00,-0.00,-0.00,-0.00,-0.00,-0.00,0.00,-0.00,2893979.66,-0.00,0.00,167642.72,10.00
52248.00,5178494.09,502928.15,442.55,-0.00,-0.00,-0.00,-0.00,-0.00,-0.00,0.00,-0.00,2895656.09,0.00,-0.00,167642.72,10.00
52258.00,5178494.09,502928.15,442.55,-0.00,-0.00,-0.00,-0.00,-0.00,-0.00,0.00,-0.00,2897332.52,-0.00,-0.00,167642.72,10.00
52268.00,5178494.09,502928.15,442.55,-0.00,-0.00,-0.00,-0.00,-0.00,-0.00,0.00,-0.00,2899008.94,-0.00,-0.00,167642.72,10.00
52278.00,5178494.09,502928.15,442.55,-0.00,-0.00,-0.00,-0.00,-0.00,-0.00,0.00,-0.00,2900685.37,0.00,0.00,167642.72,10.00
52288.00,5178494.09,502928.15,442.55,-0.00,-0.00,-0.00,-0.00,-0.00,-0.00,0.00,-0.00,2902361.80,0.00,-0.00,167642.72,10.00
52298.00,5178494.09,502928.15,442.55,-0.00,-0.00,-0.00,-0.00,-0.00,-0.00,0.00,-0.00,2904038.23,0.00,0.00,167642.72,10.00
52308.00,5178494.09,502928.15,442.55,-0.00,-0.00,-0.00,-0.00,-0.00,-0.00,0.00,-0.00,2905714.65,-0.00,-0.00,167642.72,10.00
52318.00,5178494.09,502928.15,442.55,-0.00,-0.00,-0.00,-0.00,-0.00,-0.00,0.00,-0.00,2907391.08,-0.00,-0.00,167642.72,17.00
52335.00,5178494.09,502928.15,442.55,-0.00,-0.00,-0.00,-0.00,-0.00,-0.00,0.00,-0.00,2910241.01,-0.00,-0.00,167642.72,10.00
52350.00,5178494.09,502928.15,442.55,-0.00,-0.00,-0.00,-0.00,-0.00,-0.00,0.00,-0.00,2912755.65,0.00,0.00,167642.72,10.00
52360.00,5178494.09,502928.15,442.55,-0.00,-0.00,-0.00,-0.00,-0.00,-0.00,0.00,-0.00,2914432.07,-0.00,-0.00,167642.72,10.00
52370.00,5178494.09,502928.15,442.55,-0.00,-0.00,-0.00,-0.00,-0.00,-0.00,0.00,-0.00,2916108.50,0.00,-0.00,167642.72,10.00
52380.00,5178494.09,502928.15,442.55,-0.00,-0.00,-0.00,-0.00,-0.00,-0.00,0.00,-0.00,2917784.93,0.00,-0.00,167642.72,10.00
52390.00,5178494.09,502928.15,442.55,-0.00,-0.00,-0.00,-0.00,-0.00,-0.00,0.00,-0.00,2919461.36,-0.00,-0.00,167642.72,10.00
52400.00,5178494.09,502928.15,442.55,-0.00,-0.00,-0.00,-0.00,-0.00,-0.00,0.00,-0.00,2921137.78,0.00,0.00,167642.72,10.00
52410.00,5178494.21,502928.09,442.46,0.00,-0.00,0.00,0.00,0.00,0.00,0.00,-0.00,2922814.21,0.00,-0.00,167642.72,15.00
52425.00,5178494.21,502928.09,442.46,0.00,-0.00,0.00,0.00,0.00,0.00,0.00,-0.00,2925328.85,-0.00,0.00,167642.70,10.00
52435.00,5178494.21,502928.09,442.46,0.00,-0.00,0.00,0.00,0.00,0.00,0.00,-0.00,2927005.28,0.00,-0.00,167642.70,10.00
52445.00,5178494.21,502928.09,442.46,0.00,-0.00,0.00,0.00,0.00,0.00,0.00,-0.00,2928681.70,0.00,-0.00,167642.69,10.00
52459.00,5178494.21,502928.09,442.46,0.00,-0.00,0.00,0.00,0.00,0.00,0.00,-0.00,2931028.70,0.00,-0.00,167642.70,10.00
52469.00,5178494.21,502928.09,442.46,0.00,-0.00,0.00,0.00,0.00,0.00,0.00,-0.00,2932705.13,-0.00,-0.00,167642.70,10.00
52479.00,5178494.21,502928.09,442.46,0.00,-0.00,0.00,0.00,0.00,0.00,0.00,-0.00,2934381.56,-0.00,-0.00,167642.70,10.00
52489.00,5178494.21,502928.09,442.46,0.00,-0.00,0.00,0.00,0.00,0.00,0.00,-0.00,2936057.98,0.00,0.00,167642.70,10.00
52499.00,5178494.21,502928.09,442.46,0.00,-0.00,0.00,0.00,0.00,0.00,0.00,-0.00,2937734.41,0.00,0.00,167642.70,10.00
52509.00,5178494.21,502928.09,442.46,0.00,-0.00,0.00,0.00,0.00,0.00,0.00,-0.00,2939410.84,0.00,0.00,167642.70,10.00
52519.00,5178494.21,502928.09,442.46,0.00,-0.00,0.00,0.00,0.00,0.00,0.00,-0.00,2941087.26,-0.00,0.00,167642.70,17.00
52536.00,5178494.21,502928.09,442.46,0.00,-0.00,0.00,0.00,0.00,0.00,0.00,-0.00,2943937.19,0.00,0.00,167642.70,10.00
52546.00,5178494.21,502928.09,442.46,0.00,-0.00,0.00,0.00,0.00,0.00,0.00,-0.00,2945613.62,-0.00,0.00,167642.70,10.00
52556.00,5178494.21,502928.09,442.46,0.00,-0.00,0.00,0.00,0.00,0.00,0.00,-0.00,2947290.04,-0.00,0.00,167642.70,10.00
52571.00,5178494.21,502928.09,442.46,0.00,-0.00,0.00,0.00,0.00,0.00,0.00,-0.00,2949804.68,0.00,0.00,167642.70,10.00
52581.00,5178494.21,502928.09,442.46,0.00,-0.00,0.00,0.00,0.00,0.00,0.00,-0.00,2951481.11,0.00,0.00,167642.70,10.00
52591.00,5178494.21,502928.09,442.46,0.00,-0.00,0.00,0.00,0.00,0.00,0.00,-0.00,2953157.54,0.00,-0.00,167642.70,10.00
52601.00,5178494.21,502928.09,442.46,0.00,-0.00,0.00,0.00,0.00,0.00,0.00,-0.00,2954833.96,0.00,0.00,167642.70,10.00
52611.00,5178494.29,502928.04,442.40,-0.00,0.00,0.00,-0.00,0.00,0.00,0.00,-0.00,2956510.39,-0.00,0.00,167642.70,16.00
52627.00,5178494.29,502928.04,442.40,-0.00,0.00,0.00,-0.00,0.00,0.00,0.00,-0.00,2959192.67,0.00,-0.00,167642.68,10.00
52637.00,5178494.29,502928.04,442.40,-0.00,0.00,0.00,-0.00,0.00,0.00,0.00,-0.00,2960869.10,0.00,0.00,167642.68,10.00
52647.00,5178494.29,502928.04,442.40,-0.00,0.00,0.00,-0.00,0.00,0.00,0.00,-0.00,2962545.53,-0.00,0.00,167642.68,10.00
52657.00,5178494.29,502928.04,442.40,-0.00,0.00,0.00,-0.00,0.00,0.00,0.00,-0.00,2964221.95,-0.00,-0.00,167642.68,10.00
52667.00,5178494.29,502928.04,442.40,-0.00,0.00,0.00,-0.00,0.00,0.00,0.00,-0.00,2965898.38,0.00,0.00,167642.68,10.00
52687.00,5178494.29,502928.04,442.40,-0.00,0.00,0.00,-0.00,0.00,0.00,0.00,-0.00,2969251.24,-0.00,-0.00,167642.68,10.00
52697.00,5178494.29,502928.04,442.40,-0.00,0.00,0.00,-0.00,0.00,0.00,0.00,-0.00,2970927.66,0.00,-0.00,167642.68,10.00
52707.00,5178494.29,502928.04,442.40,-0.00,0.00,0.00,-0.00,0.00,0.00,0.00,-0.00,2972604.09,0.00,-0.00,167642.68,18.00
52725.00,5178494.29,502928.04,442.40,-0.00,0.00,0.00,-0.00,0.00,0.00,0.00,-0.00,2975621.66,0.00,-0.00,167642.68,10.00
52735.00,5178494.29,502928.04,442.40,-0.00,0.00,0.00,-0.00,0.00,0.00,0.00,-0.00,2977298.08,0.00,0.00,167642.68,10.00
52745.00,5178494.29,502928.04,442.40,-0.00,0.00,0.00,-0.00,0.00,0.00,0.00,-0.00,2978974.51,-0.00,0.00,167642.68,10.00
52755.00,5178494.29,502928.04,442.40,-0.00,0.00,0.00,-0.00,0.00,0.00,0.00,-0.00,2980650.94,0.00,-0.00,167642.68,10.00
52765.00,5178494.29,502928.04,442.40,-0.00,0.00,0.00,-0.00,0.00,0.00,0.00,-0.00,2982327.36,-0.00,-0.00,167642.68,10.00
52775.00,5178494.29,502928.04,442.40,-0.00,0.00,0.00,-0.00,0.00,0.00,0.00,-0.00,2984003.79,0.00,-0.00,167642.68,10.00
52785.00,5178494.29,502928.04,442.40,-0.00,0.00,0.00,-0.00,0.00,0.00,0.00,-0.00,2985680.22,0.00,-0.00,167642.68,10.00
52800.00,5178494.29,502928.04,442.40,-0.00,0.00,0.00,-0.00,0.00,0.00,0.00,-0.00,2988194.86,0.00,0.00,167642.68,10.00
52810.00,5178494.29,502928.04,442.40,-0.00,0.00,0.00,-0.00,0.00,0.00,0.00,-0.00,2989871.29,0.00,-0.00,167642.68,16.00
52826.00,5178494.36,502927.99,442.31,-0.00,-0.00,0.00,0.00,-0.00,-0.00,0.00,-0.00,2992553.57,-0.00,-0.00,167642.68,10.00
52836.00,5178494.36,502927.99,442.31,-0.00,-0.00,0.00,0.00,-0.00,-0.00,0.00,-0.00,2994229.99,0.00,0.00,167642.66,10.00
52846.00,5178494.36,502927.99,442.31,-0.00,-0.00,0.00,0.00,-0.00,-0.00,0.00,-0.00,2995906.42,0.00,0.00,167642.66,10.00
52856.00,5178494.36,502927.99,442.31,-0.00,-0.00,0.00,0.00,-0.00,-0.00,0.00,-0.00,2997582.85,-0.00,-0.00,167642.66,10.00
52866.00,5178494.36,502927.99,442.31,-0.00,-0.00,0.00,0.00,-0.00,-0.00,0.00,-0.00,2999259.27,0.00,-0.00,167642.66,10.00
52876.00,5178494.36,502927.99,442.31,-0.00,-0.00,0.00,0.00,-0.00,-0.00,0.00,-0.00,3000935.70,-0.00,0.00,167642.66,10.00
52886.00,5178494.36,502927.99,442.31,-0.00,-0.00,0.00,0.00,-0.00,-0.00,0.00,-0.00,3002612.13,0.00,0.00,167642.66,10.00
52896.00,5178494.36,502927.99,442.31,-0.00,-0.00,0.00,0.00,-0.00,-0.00,0.00,-0.00,3004288.55,0.00,-0.00,167642.66,10.00
52911.00,5178494.36,502927.99,442.31,-0.00,-0.00,0.00,0.00,-0.00,-0.00,0.00,-0.00,3006803.19,0.00,-0.00,167642.66,17.00
52928.00,5178494.36,502927.99,442.31,-0.00,-0.00,0.00,0.00,-0.00,-0.00,0.00,-0.00,3009653.12,0.00,0.00,167642.66,10.00
52938.00,5178494.36,502927.99,442.31,-0.00,-0.00,0.00,0.00,-0.00,-0.00,0.00,-0.00,3011329.55,-0.00,0.00,167642.66,10.00
52948.00,5178494.36,502927.99,442.31,-0.00,-0.00,0.00,0.00,-0.00,-0.00,0.00,-0.00,3013005.97,-0.00,0.00,167642.66,10.00
52958.00,5178494.36,502927.99,442.31,-0.00,-0.00,0.00,0.00,-0.00,-0.00,0.00,-0.00,3014682.40,0.00,-0.00,167642.66,10.00
52968.00,5178494.36,502927.99,442.31,-0.00,-0.00,0.00,0.00,-0.00,-0.00,0.00,-0.00,3016358.83,0.00,-0.00,167642.66,10.00
52978.00,5178494.36,502927.99,442.31,-0.00,-0.00,0.00,0.00,-0.00,-0.00,0.00,-0.00,3018035.25,0.00,-0.00,167642.66,10.00
52988.00,5178494.36,502927.99,442.31,-0.00,-0.00,0.00,0.00,-0.00,-0.00,0.00,-0.00,3019711.68,-0.00,-0.00,167642.66,10.00
52998.00,5178494.36,502927.99,442.31,-0.00,-0.00,0.00,0.00,-0.00,-0.00,0.00,-0.00,3021388.11,-0.00,-0.00,167642.66,10.00
53008.00,5178494.36,502927.99,442.31,-0.00,-0.00,0.00,0.00,-0.00,-0.00,0.00,-0.00,3023064.53,0.00,0.00,167642.66,18.00
53031.00,5178494.42,502927.95,442.23,0.00,0.00,-0.00,0.00,0.00,-0.00,0.00,-0.00,3026920.31,-0.00,-0.00,167642.66,10.00
53041.00,5178494.42,502927.95,442.23,0.00,0.00,-0.00,0.00,0.00,-0.00,0.00,-0.00,3028596.74,-0.00,0.00,167642.65,10.00
53051.00,5178494.42,502927.95,442.23,0.00,0.00,-0.00,0.00,0.00,-0.00,0.00,-0.00,3030273.17,-0.00,0.00,167642.65,10.00
53061.00,5178494.42,502927.95,442.23,0.00,0.00,-0.00,0.00,0.00,-0.00,0.00,-0.00,3031949.59,0.00,-0.00,167642.65,10.00
53071.00,5178494.42,502927.95,442.23,0.00,0.00,-0.00,0.00,0.00,-0.00,0.00,-0.00,3033626.02,0.00,0.00,167642.65,10.00
53081.00,5178494.42,502927.95,442.23,0.00,0.00,-0.00,0.00,0.00,-0.00,0.00,-0.00,3035302.45,0.00,-0.00,167642.65,10.00
53091.00,5178494.42,502927.95,442.23,0.00,0.00,-0.00,0.00,0.00,-0.00,0.00,-0.00,3036978.87,0.00,-0.00,167642.65,10.00
53101.00,5178494.42,502927.95,442.23,0.00,0.00,-0.00,0.00,0.00,-0.00,0.00,-0.00,3038655.30,-0.00,0.00,167642.65,10.00
53111.00,5178494.42,502927.95,442.23,0.00,0.00,-0.00,0.00,0.00,-0.00,0.00,-0.00,3040331.73,0.00,0.00,167642.65,16.00
53127.00,5178494.42,502927.95,442.23,0.00,0.00,-0.00,0.00,0.00,-0.00,0.00,-0.00,3043014.01,0.00,0.00,167642.65,10.00
53142.00,5178494.42,502927.95,442.23,0.00,0.00,-0.00,0.00,0.00,-0.00,0.00,-0.00,3045528.65,-0.00,-0.00,167642.65,10.00
53152.00,5178494.42,502927.95,442.23,0.00,0.00,-0.00,0.00,0.00,-0.00,0.00,-0.00,3047205.07,0.00,0.00,167642.65,10.00
53162.00,5178494.42,502927.95,442.23,0.00,0.00,-0.00,0.00,0.00,-0.00,0.00,-0.00,3048881.50,0.00,-0.00,167642.65,10.00
53172.00,5178494.42,502927.95,442.23,0.00,0.00,-0.00,0.00,0.00,-0.00,0.00,-0.00,3050557.93,0.00,0.00,167642.65,10.00
53182.00,5178494.42,502927.95,442.23,0.00,0.00,-0.00,0.00,0.00,-0.00,0.00,-0.00,3052234.35,-0.00,-0.00,167642.65,10.00
53192.00,5178494.42,502927.95,442.23,0.00,0.00,-0.00,0.00,0.00,-0.00,0.00,-0.00,3053910.78,0.00,0.00,167642.65,10.00
53202.00,5178494.42,502927.95,442.23,0.00,0.00,-0.00,0.00,0.00,-0.00,0.00,-0.00,3055587.21,0.00,0.00,167642.65,10.00
53212.00,5178494.42,502927.95,442.23,0.00,0.00,-0.00,0.00,0.00,-0.00,0.00,-0.00,3057263.63,0.00,0.00,167642.65,16.00
53228.00,5178494.42,502927.95,442.23,0.00,0.00,-0.00,0.00,0.00,-0.00,0.00,-0.00,3059945.92,-0.00,0.00,167642.65,10.00
53238.00,5178494.49,502927.90,442.15,0.00,-0.00,0.00,0.00,-0.00,0.00,0.00,-0.00,3061622.34,0.00,-0.00,167642.65,10.00
53253.00,5178494.49,502927.90,442.15,0.00,-0.00,0.00,0.00,-0.00,0.00,0.00,-0.00,3064136.98,0.00,-0.00,167642.64,10.00
53263.00,5178494.49,502927.90,442.15,0.00,-0.00,0.00,0.00,-0.00,0.00,0.00,-0.00,3065813.41,-0.00,-0.00,167642.63,10.00
53273.00,5178494.49,502927.90,442.15,0.00,-0.00,0.00,0.00,-0.00,0.00,0.00,-0.00,3067489.83,-0.00,0.00,167642.63,10.00
53283.00,5178494.49,502927.90,442.15,0.00,-0.00,0.00,0.00,-0.00,0.00,0.00,-0.00,3069166.26,0.00,0.00,167642.63,10.00
53293.00,5178494.49,502927.90,442.15,0.00,-0.00,0.00,0.00,-0.00,0.00,0.00,-0.00,3070842.69,0.00,-0.00,167642.63,10.00
53303.00,5178494.49,502927.90,442.15,0.00,-0.00,0.00,0.00,-0.00,0.00,0.00,-0.00,3072519.11,0.00,-0.00,167642.63,10.00
53313.00,5178494.49,502927.90,442.15,0.00,-0.00,0.00,0.00,-0.00,0.00,0.00,-0.00,3074195.54,0.00,-0.00,167642.63,10.00
53323.00,5178494.49,502927.90,442.15,0.00,-0.00,0.00,0.00,-0.00,0.00,0.00,-0.00,3075871.97,-0.00,-0.00,167642.63,16.00
53339.00,5178494.49,502927.90,442.15,0.00,-0.00,0.00,0.00,-0.00,0.00,0.00,-0.00,3078554.25,0.00,-0.00,167642.64,10.00
53349.00,5178494.49,502927.90,442.15,0.00,-0.00,0.00,0.00,-0.00,0.00,0.00,-0.00,3080230.67,0.00,-0.00,167642.63,10.00
53369.00,5178494.49,502927.90,442.15,0.00,-0.00,0.00,0.00,-0.00,0.00,0.00,-0.00,3083583.53,-0.00,0.00,167642.63,10.00
53379.00,5178494.49,502927.90,442.15,0.00,-0.00,0.00,0.00,-0.00,0.00,0.00,-0.00,3085259.95,-0.00,0.00,167642.63,10.00
53389.00,5178494.49,502927.90,442.15,0.00,-0.00,0.00,0.00,-0.00,0.00,0.00,-0.00,3086936.38,0.00,-0.00,167642.63,10.00
53399.00,5178494.49,502927.90,442.15,0.00,-0.00,0.00,0.00,-0.00,0.00,0.00,-0.00,3088612.81,0.00,-0.00,167642.63,10.00
53409.00,5178494.49,502927.90,442.15,0.00,-0.00,0.00,0.00,-0.00,0.00,0.00,-0.00,3090289.23,0.00,0.00,167642.63,18.00
53427.00,5178494.49,502927.90,442.15,0.00,-0.00,0.00,0.00,-0.00,0.00,0.00,-0.00,3093306.80,0.00,0.00,167642.63,10.00
53437.00,5178494.49,502927.90,442.15,0.00,-0.00,0.00,0.00,-0.00,0.00,0.00,-0.00,3094983.23,0.00,-0.00,167642.63,10.00
53447.00,5178494.56,502927.87,442.08,-0.00,-0.00,0.00,-0.00,0.00,-0.00,0.00,-0.00,3096659.65,-0.00,-0.00,167642.63,10.00
53457.00,5178494.56,502927.87,442.08,-0.00,-0.00,0.00,-0.00,0.00,-0.00,0.00,-0.00,3098336.08,0.00,-0.00,167642.62,10.00
53467.00,5178494.56,502927.87,442.08,-0.00,-0.00,0.00,-0.00,0.00,-0.00,0.00,-0.00,3100012.51,0.00,0.00,167642.62,10.00
53482.00,5178494.56,502927.87,442.08,-0.00,-0.00,0.00,-0.00,0.00,-0.00,0.00,-0.00,3102527.14,0.00,0.00,167642.62,10.00
53492.00,5178494.56,502927.87,442.08,-0.00,-0.00,0.00,-0.00,0.00,-0.00,0.00,-0.00,3104203.57,-0.00,-0.00,167642.62,10.00
53502.00,5178494.56,502927.87,442.08,-0.00,-0.00,0.00,-0.00,0.00,-0.00,0.00,-0.00,3105880.00,0.00,-0.00,167642.62,10.00
53512.00,5178494.56,502927.87,442.08,-0.00,-0.00,0.00,-0.00,0.00,-0.00,0.00,-0.00,3107556.42,-0.00,0.00,167642.62,10.00
53522.00,5178494.56,502927.87,442.08,-0.00,-0.00,0.00,-0.00,0.00,-0.00,0.00,-0.00,3109232.85,-0.00,0.00,167642.62,16.00
53538.00,5178494.56,502927.87,442.08,-0.00,-0.00,0.00,-0.00,0.00,-0.00,0.00,-0.00,3111915.13,0.00,-0.00,167642.62,10.00
53548.00,5178494.56,502927.87,442.08,-0.00,-0.00,0.00,-0.00,0.00,-0.00,0.00,-0.00,3113591.56,0.00,-0.00,167642.62,10.00
53558.00,5178494.56,502927.87,442.08,-0.00,-0.00,0.00,-0.00,0.00,-0.00,0.00,-0.00,3115267.98,0.00,0.00,167642.62,10.00
53568.00,5178494.56,502927.87,442.08,-0.00,-0.00,0.00,-0.00,0.00,-0.00,0.00,-0.00,3116944.41,-0.00,0.00,167642.62,10.00
53578.00,5178494.56,502927.87,442.08,-0.00,-0.00,0.00,-0.00,0.00,-0.00,0.00,-0.00,3118620.84,0.00,0.00,167642.62,10.00
53593.00,5178494.56,502927.87,442.08,-0.00,-0.00,0.00,-0.00,0.00,-0.00,0.00,-0.00,3121135.48,0.00,0.00,167642.62,10.00
53603.00,5178494.56,502927.87,442.08,-0.00,-0.00,0.00,-0.00,0.00,-0.00,0.00,-0.00,3122811.90,-0.00,0.00,167642.62,10.00
53613.00,5178494.56,502927.87,442.08,-0.00,-0.00,0.00,-0.00,0.00,-0.00,0.00,-0.00,3124488.33,-0.00,0.00,167642.62,16.00
53629.00,5178494.56,502927.87,442.08,-0.00,-0.00,0.00,-0.00,0.00,-0.00,0.00,-0.00,3127170.61,-0.00,0.00,167642.62,10.00
53639.00,5178494.56,502927.87,442.08,-0.00,-0.00,0.00,-0.00,0.00,-0.00,0.00,-0.00,3128847.04,-0.00,0.00,167642.62,10.00
53649.00,5178494.62,502927.82,442.01,0.00,0.00,0.00,0.00,0.00,0.00,0.00,-0.00,3130523.46,0.00,0.00,167642.62,10.00
53659.00,5178494.62,502927.82,442.01,0.00,0.00,0.00,0.00,0.00,0.00,0.00,-0.00,3132199.89,-0.00,-0.00,167642.61,10.00
53669.00,5178494.62,502927.82,442.01,0.00,0.00,0.00,0.00,0.00,0.00,0.00,-0.00,3133876.31,-0.00,0.00,167642.61,10.00
53679.00,5178494.62,502927.82,442.01,0.00,0.00,0.00,0.00,0.00,0.00,0.00,-0.00,3135552.74,-0.00,-0.00,167642.61,10.00
53689.00,5178494.62,502927.82,442.01,0.00,0.00,0.00,0.00,0.00,0.00,0.00,-0.00,3137229.17,0.00,-0.00,167642.61,10.00
53704.00,5178494.62,502927.82,442.01,0.00,0.00,0.00,0.00,0.00,0.00,0.00,-0.00,3139743.81,0.00,-0.00,167642.61,10.00
53714.00,5178494.62,502927.82,442.01,0.00,0.00,0.00,0.00,0.00,0.00,0.00,-0.00,3141420.23,0.00,0.00,167642.61,16.00
53730.00,5178494.62,502927.82,442.01,0.00,0.00,0.00,0.00,0.00,0.00,0.00,-0.00,3144102.51,-0.00,-0.00,167642.61,10.00
53740.00,5178494.62,502927.82,442.01,0.00,0.00,0.00,0.00,0.00,0.00,0.00,-0.00,3145778.94,0.00,0.00,167642.61,10.00
53750.00,5178494.62,502927.82,442.01,0.00,0.00,0.00,0.00,0.00,0.00,0.00,-0.00,3147455.37,0.00,0.00,167642.61,10.00
53760.00,5178494.62,502927.82,442.01,0.00,0.00,0.00,0.00,0.00,0.00,0.00,-0.00,3149131.79,-0.00,0.00,167642.61,10.00
53770.00,5178494.62,502927.82,442.01,0.00,0.00,0.00,0.00,0.00,0.00,0.00,-0.00,3150808.22,-0.00,0.00,167642.61,10.00
53780.00,5178494.62,502927.82,442.01,0.00,0.00,0.00,0.00,0.00,0.00,0.00,-0.00,3152484.64,-0.00,0.00,167642.61,10.00
53790.00,5178494.62,502927.82,442.01,0.00,0.00,0.00,0.00,0.00,0.00,0.00,-0.00,3154161.07,0.00,-0.00,167642.61,10.00
53800.00,5178494.62,502927.82,442.01,0.00,0.00,0.00,0.00,0.00,0.00,0.00,-0.00,3155837.50,0.00,-0.00,167642.61,10.00
53815.00,5178494.62,502927.82,442.01,0.00,0.00,0.00,0.00,0.00,0.00,0.00,-0.00,3158352.14,0.00,0.00,167642.61,16.00
53831.00,5178494.62,502927.82,442.01,0.00,0.00,0.00,0.00,0.00,0.00,0.00,-0.00,3161034.42,-0.00,0.00,167642.61,10.00
53841.00,5178494.62,502927.82,442.01,0.00,0.00,0.00,0.00,0.00,0.00,0.00,-0.00,3162710.84,0.00,0.00,167642.61,10.00
53851.00,5178494.69,502927.78,441.92,0.00,0.00,0.00,-0.00,0.00,0.00,0.00,-0.00,3164387.27,-0.00,0.00,167642.61,10.00
53861.00,5178494.69,502927.78,441.92,0.00,0.00,0.00,-0.00,0.00,0.00,0.00,-0.00,3166063.70,-0.00,0.00,167642.59,10.00
53871.00,5178494.69,502927.78,441.92,0.00,0.00,0.00,-0.00,0.00,0.00,0.00,-0.00,3167740.12,-0.00,0.00,167642.59,10.00
53881.00,5178494.69,502927.78,441.92,0.00,0.00,0.00,-0.00,0.00,0.00,0.00,-0.00,3169416.55,-0.00,0.00,167642.59,10.00
53891.00,5178494.69,502927.78,441.92,0.00,0.00,0.00,-0.00,0.00,0.00,0.00,-0.00,3171092.97,0.00,0.00,167642.59,10.00
53901.00,5178494.69,502927.78,441.92,0.00,0.00,0.00,-0.00,0.00,0.00,0.00,-0.00,3172769.40,0.00,-0.00,167642.59,10.00
53911.00,5178494.69,502927.78,441.92,0.00,0.00,0.00,-0.00,0.00,0.00,0.00,-0.00,3174445.83,0.00,0.00,167642.59,18.00
53934.00,5178494.69,502927.78,441.92,0.00,0.00,0.00,-0.00,0.00,0.00,0.00,-0.00,3178301.60,-0.00,0.00,167642.59,10.00
53944.00,5178494.69,502927.78,441.92,0.00,0.00,0.00,-0.00,0.00,0.00,0.00,-0.00,3179978.03,0.00,0.00,167642.59,10.00
53954.00,5178494.69,502927.78,441.92,0.00,0.00,0.00,-0.00,0.00,0.00,0.00,-0.00,3181654.46,0.00,0.00,167642.59,10.00
53964.00,5178494.69,502927.78,441.92,0.00,0.00,0.00,-0.00,0.00,0.00,0.00,-0.00,3183330.88,0.00,0.00,167642.59,10.00
53974.00,5178494.69,502927.78,441.92,0.00,0.00,0.00,-0.00,0.00,0.00,0.00,-0.00,3185007.31,0.00,0.00,167642.59,10.00
53984.00,5178494.69,502927.78,441.92,0.00,0.00,0.00,-0.00,0.00,0.00,0.00,-0.00,3186683.73,-0.00,0.00,167642.59,10.00
53994.00,5178494.69,502927.78,441.92,0.00,0.00,0.00,-0.00,0.00,0.00,0.00,-0.00,3188360.16,0.00,0.00,167642.59,10.00
54004.00,5178494.69,502927.78,441.92,0.00,0.00,0.00,-0.00,0.00,0.00,0.00,-0.00,3190036.59,0.00,0.00,167642.59,10.00
54014.00,5178494.69,502927.78,441.92,0.00,0.00,0.00,-0.00,0.00,0.00,0.00,-0.00,3191713.01,-0.00,0.00,167642.59,17.00
54031.00,5178494.69,502927.78,441.92,0.00,0.00,0.00,-0.00,0.00,0.00,0.00,-0.00,3194562.94,0.00,0.00,167642.59,10.00
54046.00,5178494.69,502927.78,441.92,0.00,0.00,0.00,-0.00,0.00,0.00,0.00,-0.00,3197077.58,0.00,0.00,167642.59,10.00
54056.00,5178494.75,502927.74,441.86,-0.00,0.00,-0.00,-0.00,0.00,-0.00,0.00,-0.00,3198754.00,-0.00,0.00,167642.59,10.00
54066.00,5178494.75,502927.74,441.86,-0.00,0.00,-0.00,-0.00,0.00,-0.00,0.00,-0.00,3200430.43,0.00,-0.00,167642.58,10.00
54076.00,5178494.75,502927.74,441.86,-0.00,0.00,-0.00,-0.00,0.00,-0.00,0.00,-0.00,3202106.85,0.00,0.00,167642.58,10.00
54086.00,5178494.75,502927.74,441.86,-0.00,0.00,-0.00,-0.00,0.00,-0.00,0.00,-0.00,3203783.28,-0.00,0.00,167642.58,10.00
54096.00,5178494.75,502927.74,441.86,-0.00,0.00,-0.00,-0.00,0.00,-0.00,0.00,-0.00,3205459.70,-0.00,-0.00,167642.58,10.00
54106.00,5178494.75,502927.74,441.86,-0.00,0.00,-0.00,-0.00,0.00,-0.00,0.00,-0.00,3207136.13,-0.00,-0.00,167642.58,16.00
54122.00,5178494.75,502927.74,441.86,-0.00,0.00,-0.00,-0.00,0.00,-0.00,0.00,-0.00,3209818.41,0.00,-0.00,167642.58,10.00
54132.00,5178494.75,502927.74,441.86,-0.00,0.00,-0.00,-0.00,0.00,-0.00,0.00,-0.00,3211494.84,0.00,0.00,167642.58,10.00
54142.00,5178494.75,502927.74,441.86,-0.00,0.00,-0.00,-0.00,0.00,-0.00,0.00,-0.00,3213171.26,0.00,-0.00,167642.58,10.00
54162.00,5178494.75,502927.74,441.86,-0.00,0.00,-0.00,-0.00,0.00,-0.00,0.00,-0.00,3216524.11,0.00,-0.00,167642.58,10.00
54172.00,5178494.75,502927.74,441.86,-0.00,0.00,-0.00,-0.00,0.00,-0.00,0.00,-0.00,3218200.54,0.00,-0.00,167642.58,10.00
54182.00,5178494.75,502927.74,441.86,-0.00,0.00,-0.00,-0.00,0.00,-0.00,0.00,-0.00,3219876.97,0.00,-0.00,167642.58,10.00
54192.00,5178494.75,502927.74,441.86,-0.00,0.00,-0.00,-0.00,0.00,-0.00,0.00,-0.00,3221553.39,0.00,-0.00,167642.58,10.00
54202.00,5178494.75,502927.74,441.86,-0.00,0.00,-0.00,-0.00,0.00,-0.00,0.00,-0.00,3223229.82,-0.00,-0.00,167642.58,10.00
54212.00,5178494.75,502927.74,441.86,-0.00,0.00,-0.00,-0.00,0.00,-0.00,0.00,-0.00,3224906.24,-0.00,-0.00,167642.58,18.00
54230.00,5178494.75,502927.74,441.86,-0.00,0.00,-0.00,-0.00,0.00,-0.00,0.00,-0.00,3227923.81,0.00,0.00,167642.58,10.00
54240.00,5178494.75,502927.74,441.86,-0.00,0.00,-0.00,-0.00,0.00,-0.00,0.00,-0.00,3229600.24,-0.00,0.00,167642.58,10.00
54250.00,5178494.75,502927.74,441.86,-0.00,0.00,-0.00,-0.00,0.00,-0.00,0.00,-0.00,3231276.66,-0.00,-0.00,167642.58,10.00
54260.00,5178494.80,502927.71,441.79,0.00,-0.00,0.00,0.00,-0.00,0.00,0.00,-0.00,3232953.09,0.00,-0.00,167642.58,10.00
54275.00,5178494.80,502927.71,441.79,0.00,-0.00,0.00,0.00,-0.00,0.00,0.00,-0.00,3235467.73,0.00,0.00,167642.57,10.00
54285.00,5178494.80,502927.71,441.79,0.00,-0.00,0.00,0.00,-0.00,0.00,0.00,-0.00,3237144.15,0.00,-0.00,167642.57,10.00
54295.00,5178494.80,502927.71,441.79,0.00,-0.00,0.00,0.00,-0.00,0.00,0.00,-0.00,3238820.58,0.00,-0.00,167642.57,10.00
54305.00,5178494.80,502927.71,441.79,0.00,-0.00,0.00,0.00,-0.00,0.00,0.00,-0.00,3240497.00,0.00,-0.00,167642.57,10.00
54315.00,5178494.80,502927.71,441.79,0.00,-0.00,0.00,0.00,-0.00,0.00,0.00,-0.00,3242173.43,-0.00,-0.00,167642.57,16.00
54331.00,5178494.80,502927.71,441.79,0.00,-0.00,0.00,0.00,-0.00,0.00,0.00,-0.00,3244855.71,-0.00,-0.00,167642.57,10.00
54341.00,5178494.80,502927.71,441.79,0.00,-0.00,0.00,0.00,-0.00,0.00,0.00,-0.00,3246532.14,0.00,0.00,167642.57,10.00
54351.00,5178494.80,502927.71,441.79,0.00,-0.00,0.00,0.00,-0.00,0.00,0.00,-0.00,3248208.56,0.00,0.00,167642.57,10.00
54361.00,5178494.80,502927.71,441.79,0.00,-0.00,0.00,0.00,-0.00,0.00,0.00,-0.00,3249884.99,-0.00,0.00,167642.57,10.00
54371.00,5178494.80,502927.71,441.79,0.00,-0.00,0.00,0.00,-0.00,0.00,0.00,-0.00,3251561.41,0.00,0.00,167642.57,10.00
54386.00,5178494.80,502927.71,441.79,0.00,-0.00,0.00,0.00,-0.00,0.00,0.00,-0.00,3254076.05,0.00,0.00,167642.57,10.00
54396.00,5178494.80,502927.71,441.79,0.00,-0.00,0.00,0.00,-0.00,0.00,0.00,-0.00,3255752.48,0.00,0.00,167642.57,10.00
54406.00,5178494.80,502927.71,441.79,0.00,-0.00,0.00,0.00,-0.00,0.00,0.00,-0.00,3257428.90,-0.00,0.00,167642.57,16.00
54422.00,5178494.80,502927.71,441.79,0.00,-0.00,0.00,0.00,-0.00,0.00,0.00,-0.00,3260111.18,0.00,-0.00,167642.57,10.00
54432.00,5178494.80,502927.71,441.79,0.00,-0.00,0.00,0.00,-0.00,0.00,0.00,-0.00,3261787.61,0.00,-0.00,167642.57,10.00
54442.00,5178494.80,502927.71,441.79,0.00,-0.00,0.00,0.00,-0.00,0.00,0.00,-0.00,3263464.04,0.00,-0.00,167642.57,10.00
54452.00,5178494.80,502927.71,441.79,0.00,-0.00,0.00,0.00,-0.00,0.00,0.00,-0.00,3265140.46,-0.00,-0.00,167642.57,10.00
54462.00,5178494.87,502927.66,441.73,-0.00,-0.00,-0.00,-0.00,0.00,-0.00,0.00,-0.00,3266816.89,-0.00,-0.00,167642.57,10.00
54472.00,5178494.87,502927.66,441.73,-0.00,-0.00,-0.00,-0.00,0.00,-0.00,0.00,-0.00,3268493.31,-0.00,-0.00,167642.55,10.00
54482.00,5178494.87,502927.66,441.73,-0.00,-0.00,-0.00,-0.00,0.00,-0.00,0.00,-0.00,3270169.74,-0.00,-0.00,167642.55,10.00
54497.00,5178494.87,502927.66,441.73,-0.00,-0.00,-0.00,-0.00,0.00,-0.00,0.00,-0.00,3272684.38,0.00,-0.00,167642.56,10.00
54507.00,5178494.87,502927.66,441.73,-0.00,-0.00,-0.00,-0.00,0.00,-0.00,0.00,-0.00,3274360.80,0.00,0.00,167642.56,10.00
54517.00,5178494.87,502927.66,441.73,-0.00,-0.00,-0.00,-0.00,0.00,-0.00,0.00,-0.00,3276037.23,0.00,0.00,167642.55,16.00
54533.00,5178494.87,502927.66,441.73,-0.00,-0.00,-0.00,-0.00,0.00,-0.00,0.00,-0.00,3278719.51,0.00,-0.00,167642.55,10.00
54543.00,5178494.87,502927.66,441.73,-0.00,-0.00,-0.00,-0.00,0.00,-0.00,0.00,-0.00,3280395.93,0.00,0.00,167642.55,10.00
54553.00,5178494.87,502927.66,441.73,-0.00,-0.00,-0.00,-0.00,0.00,-0.00,0.00,-0.00,3282072.36,0.00,0.00,167642.55,10.00
54563.00,5178494.87,502927.66,441.73,-0.00,-0.00,-0.00,-0.00,0.00,-0.00,0.00,-0.00,3283748.78,0.00,-0.00,167642.55,10.00
54573.00,5178494.87,502927.66,441.73,-0.00,-0.00,-0.00,-0.00,0.00,-0.00,0.00,-0.00,3285425.21,0.00,-0.00,167642.55,10.00
54583.00,5178494.87,502927.66,441.73,-0.00,-0.00,-0.00,-0.00,0.00,-0.00,0.00,-0.00,3287101.64,0.00,0.00,167642.55,10.00
54593.00,5178494.87,502927.66,441.73,-0.00,-0.00,-0.00,-0.00,0.00,-0.00,0.00,-0.00,3288778.06,0.00,0.00,167642.55,10.00
54608.00,5178494.87,502927.66,441.73,-0.00,-0.00,-0.00,-0.00,0.00,-0.00,0.00,-0.00,3291292.70,-0.00,0.00,167642.56,16.00
54624.00,5178494.87,502927.66,441.73,-0.00,-0.00,-0.00,-0.00,0.00,-0.00,0.00,-0.00,3293974.98,-0.00,0.00,167642.56,10.00
54634.00,5178494.87,502927.66,441.73,-0.00,-0.00,-0.00,-0.00,0.00,-0.00,0.00,-0.00,3295651.41,-0.00,0.00,167642.56,10.00
54644.00,5178494.87,502927.66,441.73,-0.00,-0.00,-0.00,-0.00,0.00,-0.00,0.00,-0.00,3297327.83,-0.00,0.00,167642.55,10.00
54654.00,5178494.87,502927.66,441.73,-0.00,-0.00,-0.00,-0.00,0.00,-0.00,0.00,-0.00,3299004.26,0.00,-0.00,167642.55,10.00
54664.00,5178494.92,502927.63,441.62,0.00,-0.00,-0.00,0.00,-0.00,0.00,0.00,-0.00,3300680.68,0.00,-0.00,167642.55,10.00
54674.00,5178494.92,502927.63,441.62,0.00,-0.00,-0.00,0.00,-0.00,0.00,0.00,-0.00,3302357.11,0.00,0.00,167642.54,10.00
54684.00,5178494.92,502927.63,441.62,0.00,-0.00,-0.00,0.00,-0.00,0.00,0.00,-0.00,3304033.53,-0.00,0.00,167642.54,10.00
54694.00,5178494.92,502927.63,441.62,0.00,-0.00,-0.00,0.00,-0.00,0.00,0.00,-0.00,3305709.96,-0.00,0.00,167642.54,10.00
54704.00,5178494.92,502927.63,441.62,0.00,-0.00,-0.00,0.00,-0.00,0.00,0.00,-0.00,3307386.38,0.00,0.00,167642.54,17.00
54726.00,5178494.92,502927.63,441.62,0.00,-0.00,-0.00,0.00,-0.00,0.00,0.00,-0.00,3311074.52,-0.00,0.00,167642.54,10.00
54736.00,5178494.92,502927.63,441.62,0.00,-0.00,-0.00,0.00,-0.00,0.00,0.00,-0.00,3312750.95,-0.00,0.00,167642.54,10.00
54746.00,5178494.92,502927.63,441.62,0.00,-0.00,-0.00,0.00,-0.00,0.00,0.00,-0.00,3314427.37,-0.00,-0.00,167642.54,10.00
54756.00,5178494.92,502927.63,441.62,0.00,-0.00,-0.00,0.00,-0.00,0.00,0.00,-0.00,3316103.80,-0.00,-0.00,167642.54,10.00
54766.00,5178494.92,502927.63,441.62,0.00,-0.00,-0.00,0.00,-0.00,0.00,0.00,-0.00,3317780.22,-0.00,0.00,167642.55,10.00
54776.00,5178494.92,502927.63,441.62,0.00,-0.00,-0.00,0.00,-0.00,0.00,0.00,-0.00,3319456.65,0.00,0.00,167642.54,10.00
54786.00,5178494.92,502927.63,441.62,0.00,-0.00,-0.00,0.00,-0.00,0.00,0.00,-0.00,3321133.07,0.00,-0.00,167642.54,10.00
54796.00,5178494.92,502927.63,441.62,0.00,-0.00,-0.00,0.00,-0.00,0.00,0.00,-0.00,3322809.50,0.00,-0.00,167642.54,10.00
54806.00,5178494.92,502927.63,441.62,0.00,-0.00,-0.00,0.00,-0.00,0.00,0.00,-0.00,3324485.92,0.00,0.00,167642.54,17.00
54823.00,5178494.92,502927.63,441.62,0.00,-0.00,-0.00,0.00,-0.00,0.00,0.00,-0.00,3327335.85,0.00,0.00,167642.54,10.00
54838.00,5178494.92,502927.63,441.62,0.00,-0.00,-0.00,0.00,-0.00,0.00,0.00,-0.00,3329850.48,-0.00,-0.00,167642.54,10.00
54848.00,5178494.92,502927.63,441.62,0.00,-0.00,-0.00,0.00,-0.00,0.00,0.00,-0.00,3331526.91,0.00,0.00,167642.54,10.00
54858.00,5178494.92,502927.63,441.62,0.00,-0.00,-0.00,0.00,-0.00,0.00,0.00,-0.00,3333203.34,-0.00,-0.00,167642.54,10.00
54868.00,5178494.98,502927.61,441.51,0.00,0.00,0.00,-0.00,0.00,0.00,0.00,-0.00,3334879.76,0.00,0.00,167642.54,10.00
54878.00,5178494.98,502927.61,441.51,0.00,0.00,0.00,-0.00,0.00,0.00,0.00,-0.00,3336556.19,-0.00,-0.00,167642.54,10.00
54888.00,5178494.98,502927.61,441.51,0.00,0.00,0.00,-0.00,0.00,0.00,0.00,-0.00,3338232.61,-0.00,-0.00,167642.54,10.00
54898.00,5178494.98,502927.61,441.51,0.00,0.00,0.00,-0.00,0.00,0.00,0.00,-0.00,3339909.04,0.00,-0.00,167642.54,10.00
54908.00,5178494.98,502927.61,441.51,0.00,0.00,0.00,-0.00,0.00,0.00,0.00,-0.00,3341585.46,0.00,-0.00,167642.54,15.00
54923.00,5178494.98,502927.61,441.51,0.00,0.00,0.00,-0.00,0.00,0.00,0.00,-0.00,3344100.10,0.00,-0.00,167642.54,10.00
54933.00,5178494.98,502927.61,441.51,0.00,0.00,0.00,-0.00,0.00,0.00,0.00,-0.00,3345776.53,0.00,0.00,167642.54,10.00
54953.00,5178494.98,502927.61,441.51,0.00,0.00,0.00,-0.00,0.00,0.00,0.00,-0.00,3349129.38,0.00,-0.00,167642.54,10.00
54963.00,5178494.98,502927.61,441.51,0.00,0.00,0.00,-0.00,0.00,0.00,0.00,-0.00,3350805.80,0.00,0.00,167642.54,10.00
54973.00,5178494.98,502927.61,441.51,0.00,0.00,0.00,-0.00,0.00,0.00,0.00,-0.00,3352482.23,0.00,-0.00,167642.54,10.00
54983.00,5178494.98,502927.61,441.51,0.00,0.00,0.00,-0.00,0.00,0.00,0.00,-0.00,3354158.65,0.00,0.00,167642.54,10.00
54993.00,5178494.98,502927.61,441.51,0.00,0.00,0.00,-0.00,0.00,0.00,0.00,-0.00,3355835.08,0.00,0.00,167642.54,10.00
55003.00,5178494.98,502927.61,441.51,0.00,0.00,0.00,-0.00,0.00,0.00,0.00,-0.00,3357511.50,0.00,0.00,167642.54,19.00
55022.00,5178494.98,502927.61,441.51,0.00,0.00,0.00,-0.00,0.00,0.00,0.00,-0.00,3360696.71,-0.00,0.00,167642.54,10.00
55032.00,5178494.98,502927.61,441.51,0.00,0.00,0.00,-0.00,0.00,0.00,0.00,-0.00,3362373.14,0.00,0.00,167642.54,10.00
55042.00,5178494.98,502927.61,441.51,0.00,0.00,0.00,-0.00,0.00,0.00,0.00,-0.00,3364049.56,0.00,0.00,167642.54,10.00
55052.00,5178494.98,502927.61,441.51,0.00,0.00,0.00,-0.00,0.00,0.00,0.00,-0.00,3365725.99,-0.00,0.00,167642.53,10.00
55067.00,5178494.98,502927.61,441.51,0.00,0.00,0.00,-0.00,0.00,0.00,0.00,-0.00,3368240.63,-0.00,-0.00,167642.54,10.00
55077.00,5178495.04,502927.58,441.39,-0.00,-0.00,-0.00,-0.00,-0.00,-0.00,0.00,-0.00,3369917.05,-0.00,0.00,167642.54,10.00
55087.00,5178495.04,502927.58,441.39,-0.00,-0.00,-0.00,-0.00,-0.00,-0.00,0.00,-0.00,3371593.48,0.00,-0.00,167642.53,10.00
55097.00,5178495.04,502927.58,441.39,-0.00,-0.00,-0.00,-0.00,-0.00,-0.00,0.00,-0.00,3373269.90,0.00,0.00,167642.53,10.00
55107.00,5178495.04,502927.58,441.39,-0.00,-0.00,-0.00,-0.00,-0.00,-0.00,0.00,-0.00,3374946.33,0.00,-0.00,167642.53,16.00
55123.00,5178495.04,502927.58,441.39,-0.00,-0.00,-0.00,-0.00,-0.00,-0.00,0.00,-0.00,3377628.61,-0.00,0.00,167642.53,10.00
55133.00,5178495.04,502927.58,441.39,-0.00,-0.00,-0.00,-0.00,-0.00,-0.00,0.00,-0.00,3379305.03,-0.00,0.00,167642.53,10.00
55143.00,5178495.04,502927.58,441.39,-0.00,-0.00,-0.00,-0.00,-0.00,-0.00,0.00,-0.00,3380981.46,0.00,0.00,167642.53,10.00
55153.00,5178495.04,502927.58,441.39,-0.00,-0.00,-0.00,-0.00,-0.00,-0.00,0.00,-0.00,3382657.88,0.00,0.00,167642.53,10.00
55163.00,5178495.04,502927.58,441.39,-0.00,-0.00,-0.00,-0.00,-0.00,-0.00,0.00,-0.00,3384334.31,0.00,-0.00,167642.53,10.00
55178.00,5178495.04,502927.58,441.39,-0.00,-0.00,-0.00,-0.00,-0.00,-0.00,0.00,-0.00,3386848.95,0.00,0.00,167642.53,10.00
55188.00,5178495.04,502927.58,441.39,-0.00,-0.00,-0.00,-0.00,-0.00,-0.00,0.00,-0.00,3388525.37,0.00,-0.00,167642.53,10.00
55198.00,5178495.04,502927.58,441.39,-0.00,-0.00,-0.00,-0.00,-0.00,-0.00,0.00,-0.00,3390201.80,0.00,0.00,167642.53,10.00
55208.00,5178495.04,502927.58,441.39,-0.00,-0.00,-0.00,-0.00,-0.00,-0.00,0.00,-0.00,3391878.22,0.00,0.00,167642.53,10.00
55218.00,5178495.04,502927.58,441.39,-0.00,-0.00,-0.00,-0.00,-0.00,-0.00,0.00,-0.00,3393554.65,0.00,0.00,167642.53,16.00
55234.00,5178495.04,502927.58,441.39,-0.00,-0.00,-0.00,-0.00,-0.00,-0.00,0.00,-0.00,3396236.93,-0.00,0.00,167642.53,10.00
55244.00,5178495.04,502927.58,441.39,-0.00,-0.00,-0.00,-0.00,-0.00,-0.00,0.00,-0.00,3397913.35,-0.00,0.00,167642.53,10.00
55254.00,5178495.04,502927.58,441.39,-0.00,-0.00,-0.00,-0.00,-0.00,-0.00,0.00,-0.00,3399589.78,0.00,0.00,167642.53,10.00
55264.00,5178495.04,502927.58,441.39,-0.00,-0.00,-0.00,-0.00,-0.00,-0.00,0.00,-0.00,3401266.20,0.00,0.00,167642.53,10.00
55274.00,5178495.04,502927.58,441.39,-0.00,-0.00,-0.00,-0.00,-0.00,-0.00,0.00,-0.00,3402942.63,-0.00,0.00,167642.53,10.00
55289.00,5178495.09,502927.55,441.28,0.00,0.00,0.00,0.00,0.00,0.00,0.00,-0.00,3405457.27,0.00,0.00,167642.53,10.00
55299.00,5178495.09,502927.55,441.28,0.00,0.00,0.00,0.00,0.00,0.00,0.00,-0.00,3407133.69,-0.00,-0.00,167642.52,10.00
55309.00,5178495.09,502927.55,441.28,0.00,0.00,0.00,0.00,0.00,0.00,0.00,-0.00,3408810.12,-0.00,0.00,167642.52,10.00
55319.00,5178495.09,502927.55,441.28,0.00,0.00,0.00,0.00,0.00,0.00,0.00,-0.00,3410486.54,-0.00,0.00,167642.52,16.00
55335.00,5178495.09,502927.55,441.28,0.00,0.00,0.00,0.00,0.00,0.00,0.00,-0.00,3413168.82,-0.00,0.00,167642.52,10.00
55345.00,5178495.09,502927.55,441.28,0.00,0.00,0.00,0.00,0.00,0.00,0.00,-0.00,3414845.25,-0.00,0.00,167642.52,10.00
55355.00,5178495.09,502927.55,441.28,0.00,0.00,0.00,0.00,0.00,0.00,0.00,-0.00,3416521.67,0.00,0.00,167642.52,10.00
55365.00,5178495.09,502927.55,441.28,0.00,0.00,0.00,0.00,0.00,0.00,0.00,-0.00,3418198.10,0.00,0.00,167642.52,10.00
55375.00,5178495.09,502927.55,441.28,0.00,0.00,0.00,0.00,0.00,0.00,0.00,-0.00,3419874.52,-0.00,-0.00,167642.52,10.00
55385.00,5178495.09,502927.55,441.28,0.00,0.00,0.00,0.00,0.00,0.00,0.00,-0.00,3421550.95,-0.00,-0.00,167642.52,10.00
55399.00,5178495.09,502927.55,441.28,0.00,0.00,0.00,0.00,0.00,0.00,0.00,-0.00,3423897.94,-0.00,-0.00,167642.52,10.00
55409.00,5178495.09,502927.55,441.28,0.00,0.00,0.00,0.00,0.00,0.00,0.00,-0.00,3425574.37,-0.00,0.00,167642.52,16.00
55425.00,5178495.09,502927.55,441.28,0.00,0.00,0.00,0.00,0.00,0.00,0.00,-0.00,3428256.65,0.00,0.00,167642.52,10.00
55435.00,5178495.09,502927.55,441.28,0.00,0.00,0.00,0.00,0.00,0.00,0.00,-0.00,3429933.07,0.00,-0.00,167642.52,10.00
55445.00,5178495.09,502927.55,441.28,0.00,0.00,0.00,0.00,0.00,0.00,0.00,-0.00,3431609.50,-0.00,0.00,167642.52,10.00
55455.00,5178495.09,502927.55,441.28,0.00,0.00,0.00,0.00,0.00,0.00,0.00,-0.00,3433285.92,-0.00,0.00,167642.52,10.00
55465.00,5178495.09,502927.55,441.28,0.00,0.00,0.00,0.00,0.00,0.00,0.00,-0.00,3434962.35,0.00,0.00,167642.52,10.00
55475.00,5178495.09,502927.55,441.28,0.00,0.00,0.00,0.00,0.00,0.00,0.00,-0.00,3436638.78,0.00,0.00,167642.52,10.00
55485.00,5178495.09,502927.55,441.28,0.00,0.00,0.00,0.00,0.00,0.00,0.00,-0.00,3438315.20,0.00,0.00,167642.52,10.00
55495.00,5178494.85,502927.66,441.37,0.00,0.00,-0.00,0.00,0.00,-0.00,0.00,-0.00,3439991.63,0.00,0.00,167642.52,10.00
55510.00,5178494.85,502927.66,441.37,0.00,0.00,-0.00,0.00,0.00,-0.00,0.00,-0.00,3442506.26,0.00,-0.00,167642.55,10.00
55520.00,5178494.85,502927.66,441.37,0.00,0.00,-0.00,0.00,0.00,-0.00,0.00,-0.00,3444182.69,0.00,0.00,167642.55,10.00
55530.00,5178494.85,502927.66,441.37,0.00,0.00,-0.00,0.00,0.00,-0.00,0.00,-0.00,3445859.11,0.00,-0.00,167642.55,15.00
55545.00,5178494.85,502927.66,441.37,0.00,0.00,-0.00,0.00,0.00,-0.00,0.00,-0.00,3448373.75,0.00,0.00,167642.55,10.00
55555.00,5178494.85,502927.66,441.37,0.00,0.00,-0.00,0.00,0.00,-0.00,0.00,-0.00,3450050.18,0.00,-0.00,167642.55,10.00
55565.00,5178494.85,502927.66,441.37,0.00,0.00,-0.00,0.00,0.00,-0.00,0.00,-0.00,3451726.60,0.00,0.00,167642.55,10.00
55575.00,5178494.85,502927.66,441.37,0.00,0.00,-0.00,0.00,0.00,-0.00,0.00,-0.00,3453403.03,0.00,0.00,167642.55,10.00
55585.00,5178494.85,502927.66,441.37,0.00,0.00,-0.00,0.00,0.00,-0.00,0.00,-0.00,3455079.46,0.00,0.00,167642.55,10.00
55595.00,5178494.85,502927.66,441.37,0.00,0.00,-0.00,0.00,0.00,-0.00,0.00,-0.00,3456755.88,0.00,0.00,167642.55,10.00
55605.00,5178494.85,502927.66,441.37,0.00,0.00,-0.00,0.00,0.00,-0.00,0.00,-0.00,3458432.31,0.00,0.00,167642.55,18.00
55628.00,5178494.85,502927.66,441.37,0.00,0.00,-0.00,0.00,0.00,-0.00,0.00,-0.00,3462288.09,0.00,0.00,167642.55,10.00
55638.00,5178494.85,502927.66,441.37,0.00,0.00,-0.00,0.00,0.00,-0.00,0.00,-0.00,3463964.51,0.00,-0.00,167642.55,10.00
55648.00,5178494.85,502927.66,441.37,0.00,0.00,-0.00,0.00,0.00,-0.00,0.00,-0.00,3465640.94,0.00,-0.00,167642.55,10.00
55658.00,5178494.85,502927.66,441.37,0.00,0.00,-0.00,0.00,0.00,-0.00,0.00,-0.00,3467317.36,0.00,0.00,167642.55,10.00
55668.00,5178494.85,502927.66,441.37,0.00,0.00,-0.00,0.00,0.00,-0.00,0.00,-0.00,3468993.79,0.00,0.00,167642.55,10.00
55678.00,5178494.85,502927.66,441.37,0.00,0.00,-0.00,0.00,0.00,-0.00,0.00,-0.00,3470670.21,0.00,-0.00,167642.55,10.00
55688.00,5178494.85,502927.66,441.37,0.00,0.00,-0.00,0.00,0.00,-0.00,0.00,-0.00,3472346.64,0.00,-0.00,167642.55,10.00
55698.00,5178494.66,502927.74,441.46,0.00,-0.00,-0.00,0.00,-0.00,0.00,0.00,-0.00,3474023.06,0.00,0.00,167642.55,10.00
55708.00,5178494.66,502927.74,441.46,0.00,-0.00,-0.00,0.00,-0.00,0.00,0.00,-0.00,3475699.49,0.00,-0.00,167642.58,17.00
55725.00,5178494.66,502927.74,441.46,0.00,-0.00,-0.00,0.00,-0.00,0.00,0.00,-0.00,3478549.41,-0.00,0.00,167642.58,10.00
55749.00,5178494.66,502927.74,441.46,0.00,-0.00,-0.00,0.00,-0.00,0.00,0.00,-0.00,3482572.84,0.00,0.00,167642.58,10.00
55759.00,5178494.66,502927.74,441.46,0.00,-0.00,-0.00,0.00,-0.00,0.00,0.00,-0.00,3484249.26,0.00,0.00,167642.58,10.00
55769.00,5178494.66,502927.74,441.46,0.00,-0.00,-0.00,0.00,-0.00,0.00,0.00,-0.00,3485925.69,0.00,-0.00,167642.58,10.00
55779.00,5178494.66,502927.74,441.46,0.00,-0.00,-0.00,0.00,-0.00,0.00,0.00,-0.00,3487602.11,0.00,0.00,167642.58,10.00
55789.00,5178494.66,502927.74,441.46,0.00,-0.00,-0.00,0.00,-0.00,0.00,0.00,-0.00,3489278.54,0.00,0.00,167642.58,10.00
55799.00,5178494.66,502927.74,441.46,0.00,-0.00,-0.00,0.00,-0.00,0.00,0.00,-0.00,3490954.96,0.00,-0.00,167642.58,10.00
55809.00,5178494.66,502927.74,441.46,0.00,-0.00,-0.00,0.00,-0.00,0.00,0.00,-0.00,3492631.39,0.00,0.00,167642.58,17.00
55826.00,5178494.66,502927.74,441.46,0.00,-0.00,-0.00,0.00,-0.00,0.00,0.00,-0.00,3495481.31,0.00,0.00,167642.58,10.00
55836.00,5178494.66,502927.74,441.46,0.00,-0.00,-0.00,0.00,-0.00,0.00,0.00,-0.00,3497157.74,0.00,0.00,167642.58,10.00
55846.00,5178494.66,502927.74,441.46,0.00,-0.00,-0.00,0.00,-0.00,0.00,0.00,-0.00,3498834.17,0.00,-0.00,167642.58,10.00
55861.00,5178494.66,502927.74,441.46,0.00,-0.00,-0.00,0.00,-0.00,0.00,0.00,-0.00,3501348.80,0.00,-0.00,167642.58,10.00
55871.00,5178494.66,502927.74,441.46,0.00,-0.00,-0.00,0.00,-0.00,0.00,0.00,-0.00,3503025.23,0.00,-0.00,167642.58,10.00
55881.00,5178494.66,502927.74,441.46,0.00,-0.00,-0.00,0.00,-0.00,0.00,0.00,-0.00,3504701.66,0.00,-0.00,167642.58,10.00
55891.00,5178494.66,502927.74,441.46,0.00,-0.00,-0.00,0.00,-0.00,0.00,0.00,-0.00,3506378.08,0.00,-0.00,167642.58,10.00
55901.00,5178494.51,502927.81,441.55,0.00,0.00,0.00,0.00,0.00,0.00,0.00,-0.00,3508054.51,0.00,0.00,167642.58,10.00
55911.00,5178494.51,502927.81,441.55,0.00,0.00,0.00,0.00,0.00,0.00,0.00,-0.00,3509730.93,0.00,0.00,167642.60,10.00
55921.00,5178494.51,502927.81,441.55,0.00,0.00,0.00,0.00,0.00,0.00,0.00,-0.00,3511407.36,0.00,-0.00,167642.60,17.00
55938.00,5178494.51,502927.81,441.55,0.00,0.00,0.00,0.00,0.00,0.00,0.00,-0.00,3514257.28,-0.00,-0.00,167642.60,10.00
55948.00,5178494.51,502927.81,441.55,0.00,0.00,0.00,0.00,0.00,0.00,0.00,-0.00,3515933.71,-0.00,-0.00,167642.60,10.00
55958.00,5178494.51,502927.81,441.55,0.00,0.00,0.00,0.00,0.00,0.00,0.00,-0.00,3517610.14,-0.00,0.00,167642.60,10.00
55973.00,5178494.51,502927.81,441.55,0.00,0.00,0.00,0.00,0.00,0.00,0.00,-0.00,3520124.78,0.00,-0.00,167642.60,10.00
55983.00,5178494.51,502927.81,441.55,0.00,0.00,0.00,0.00,0.00,0.00,0.00,-0.00,3521801.20,0.00,-0.00,167642.61,10.00
55993.00,5178494.51,502927.81,441.55,0.00,0.00,0.00,0.00,0.00,0.00,0.00,-0.00,3523477.63,0.00,0.00,167642.60,10.00
56003.00,5178494.51,502927.81,441.55,0.00,0.00,0.00,0.00,0.00,0.00,0.00,-0.00,3525154.05,0.00,-0.00,167642.60,10.00
56013.00,5178494.51,502927.81,441.55,0.00,0.00,0.00,0.00,0.00,0.00,0.00,-0.00,3526830.48,0.00,-0.00,167642.60,10.00
56023.00,5178494.51,502927.81,441.55,0.00,0.00,0.00,0.00,0.00,0.00,0.00,-0.00,3528506.91,0.00,-0.00,167642.60,15.00
56038.00,5178494.51,502927.81,441.55,0.00,0.00,0.00,0.00,0.00,0.00,0.00,-0.00,3531021.54,-0.00,0.00,167642.60,10.00
56048.00,5178494.51,502927.81,441.55,0.00,0.00,0.00,0.00,0.00,0.00,0.00,-0.00,3532697.97,-0.00,0.00,167642.60,10.00
56058.00,5178494.51,502927.81,441.55,0.00,0.00,0.00,0.00,0.00,0.00,0.00,-0.00,3534374.40,-0.00,0.00,167642.60,10.00
56068.00,5178494.51,502927.81,441.55,0.00,0.00,0.00,0.00,0.00,0.00,0.00,-0.00,3536050.82,0.00,0.00,167642.60,10.00
56083.00,5178494.51,502927.81,441.55,0.00,0.00,0.00,0.00,0.00,0.00,0.00,-0.00,3538565.46,-0.00,0.00,167642.60,10.00
56093.00,5178494.51,502927.81,441.55,0.00,0.00,0.00,0.00,0.00,0.00,0.00,-0.00,3540241.89,0.00,0.00,167642.60,10.00
56103.00,5178494.40,502927.86,441.61,0.00,0.00,0.00,0.00,0.00,-0.00,0.00,-0.00,3541918.31,0.00,0.00,167642.60,10.00
56113.00,5178494.40,502927.86,441.61,0.00,0.00,0.00,0.00,0.00,-0.00,0.00,-0.00,3543594.74,0.00,-0.00,167642.62,16.00
56129.00,5178494.40,502927.86,441.61,0.00,0.00,0.00,0.00,0.00,-0.00,0.00,-0.00,3546277.02,0.00,0.00,167642.62,10.00
56139.00,5178494.40,502927.86,441.61,0.00,0.00,0.00,0.00,0.00,-0.00,0.00,-0.00,3547953.45,0.00,0.00,167642.62,10.00
56149.00,5178494.40,502927.86,441.61,0.00,0.00,0.00,0.00,0.00,-0.00,0.00,-0.00,3549629.87,0.00,0.00,167642.62,10.00
56159.00,5178494.40,502927.86,441.61,0.00,0.00,0.00,0.00,0.00,-0.00,0.00,-0.00,3551306.30,0.00,-0.00,167642.62,10.00
56169.00,5178494.40,502927.86,441.61,0.00,0.00,0.00,0.00,0.00,-0.00,0.00,-0.00,3552982.73,0.00,0.00,167642.62,10.00
56179.00,5178494.40,502927.86,441.61,0.00,0.00,0.00,0.00,0.00,-0.00,0.00,-0.00,3554659.15,0.00,0.00,167642.62,10.00
56194.00,5178494.40,502927.86,441.61,0.00,0.00,0.00,0.00,0.00,-0.00,0.00,-0.00,3557173.79,-0.00,-0.00,167642.62,10.00
56204.00,5178494.40,502927.86,441.61,0.00,0.00,0.00,0.00,0.00,-0.00,0.00,-0.00,3558850.22,-0.00,0.00,167642.62,10.00
56214.00,5178494.40,502927.86,441.61,0.00,0.00,0.00,0.00,0.00,-0.00,0.00,-0.00,3560526.64,0.00,0.00,167642.62,15.00
56229.00,5178494.40,502927.86,441.61,0.00,0.00,0.00,0.00,0.00,-0.00,0.00,-0.00,3563041.28,0.00,-0.00,167642.62,10.00
56239.00,5178494.40,502927.86,441.61,0.00,0.00,0.00,0.00,0.00,-0.00,0.00,-0.00,3564717.71,0.00,0.00,167642.62,10.00
56249.00,5178494.40,502927.86,441.61,0.00,0.00,0.00,0.00,0.00,-0.00,0.00,-0.00,3566394.14,0.00,0.00,167642.62,10.00
56259.00,5178494.40,502927.86,441.61,0.00,0.00,0.00,0.00,0.00,-0.00,0.00,-0.00,3568070.56,0.00,0.00,167642.62,10.00
56269.00,5178494.40,502927.86,441.61,0.00,0.00,0.00,0.00,0.00,-0.00,0.00,-0.00,3569746.99,0.00,-0.00,167642.62,10.00
56279.00,5178494.40,502927.86,441.61,0.00,0.00,0.00,0.00,0.00,-0.00,0.00,-0.00,3571423.42,0.00,-0.00,167642.62,10.00
56289.00,5178494.40,502927.86,441.61,0.00,0.00,0.00,0.00,0.00,-0.00,0.00,-0.00,3573099.84,0.00,0.00,167642.62,10.00
56304.00,5178494.30,502927.90,441.68,-0.00,0.00,0.00,-0.00,0.00,0.00,0.00,-0.00,3575614.48,-0.00,0.00,167642.62,10.00
56314.00,5178494.30,502927.90,441.68,-0.00,0.00,0.00,-0.00,0.00,0.00,0.00,-0.00,3577290.91,0.00,-0.00,167642.64,15.00
56329.00,5178494.30,502927.90,441.68,-0.00,0.00,0.00,-0.00,0.00,0.00,0.00,-0.00,3579805.55,0.00,-0.00,167642.63,10.00
56339.00,5178494.30,502927.90,441.68,-0.00,0.00,0.00,-0.00,0.00,0.00,0.00,-0.00,3581481.97,0.00,0.00,167642.63,10.00
56349.00,5178494.30,502927.90,441.68,-0.00,0.00,0.00,-0.00,0.00,0.00,0.00,-0.00,3583158.40,0.00,0.00,167642.63,10.00
56359.00,5178494.30,502927.90,441.68,-0.00,0.00,0.00,-0.00,0.00,0.00,0.00,-0.00,3584834.83,-0.00,0.00,167642.63,10.00
56369.00,5178494.30,502927.90,441.68,-0.00,0.00,0.00,-0.00,0.00,0.00,0.00,-0.00,3586511.25,-0.00,0.00,167642.63,10.00
56379.00,5178494.30,502927.90,441.68,-0.00,0.00,0.00,-0.00,0.00,0.00,0.00,-0.00,3588187.68,0.00,-0.00,167642.63,10.00
56389.00,5178494.30,502927.90,441.68,-0.00,0.00,0.00,-0.00,0.00,0.00,0.00,-0.00,3589864.10,0.00,0.00,167642.63,10.00
56399.00,5178494.30,502927.90,441.68,-0.00,0.00,0.00,-0.00,0.00,0.00,0.00,-0.00,3591540.53,0.00,0.00,167642.63,10.00
56421.00,5178494.30,502927.90,441.68,-0.00,0.00,0.00,-0.00,0.00,0.00,0.00,-0.00,3595228.67,0.00,0.00,167642.64,17.00
56438.00,5178494.30,502927.90,441.68,-0.00,0.00,0.00,-0.00,0.00,0.00,0.00,-0.00,3598078.59,0.00,-0.00,167642.63,10.00
56448.00,5178494.30,502927.90,441.68,-0.00,0.00,0.00,-0.00,0.00,0.00,0.00,-0.00,3599755.02,0.00,0.00,167642.63,10.00
56458.00,5178494.30,502927.90,441.68,-0.00,0.00,0.00,-0.00,0.00,0.00,0.00,-0.00,3601431.45,-0.00,0.00,167642.63,10.00
56468.00,5178494.30,502927.90,441.68,-0.00,0.00,0.00,-0.00,0.00,0.00,0.00,-0.00,3603107.87,-0.00,-0.00,167642.63,10.00
56478.00,5178494.30,502927.90,441.68,-0.00,0.00,0.00,-0.00,0.00,0.00,0.00,-0.00,3604784.30,0.00,-0.00,167642.64,10.00
56488.00,5178494.30,502927.90,441.68,-0.00,0.00,0.00,-0.00,0.00,0.00,0.00,-0.00,3606460.73,-0.00,-0.00,167642.63,10.00
56498.00,5178494.30,502927.90,441.68,-0.00,0.00,0.00,-0.00,0.00,0.00,0.00,-0.00,3608137.15,-0.00,0.00,167642.63,10.00
56508.00,5178494.21,502927.94,441.76,-0.00,-0.00,0.00,0.00,-0.00,0.00,0.00,-0.00,3609813.58,-0.00,-0.00,167642.64,19.00
56527.00,5178494.21,502927.94,441.76,-0.00,-0.00,0.00,0.00,-0.00,0.00,0.00,-0.00,3612998.79,-0.00,0.00,167642.65,10.00
56547.00,5178494.21,502927.94,441.76,-0.00,-0.00,0.00,0.00,-0.00,0.00,0.00,-0.00,3616351.64,0.00,-0.00,167642.65,10.00
56557.00,5178494.21,502927.94,441.76,-0.00,-0.00,0.00,0.00,-0.00,0.00,0.00,-0.00,3618028.07,-0.00,0.00,167642.65,10.00
56567.00,5178494.21,502927.94,441.76,-0.00,-0.00,0.00,0.00,-0.00,0.00,0.00,-0.00,3619704.49,-0.00,-0.00,167642.65,10.00
56577.00,5178494.21,502927.94,441.76,-0.00,-0.00,0.00,0.00,-0.00,0.00,0.00,-0.00,3621380.92,-0.00,0.00,167642.65,10.00
56587.00,5178494.21,502927.94,441.76,-0.00,-0.00,0.00,0.00,-0.00,0.00,0.00,-0.00,3623057.35,-0.00,0.00,167642.65,10.00
56597.00,5178494.21,502927.94,441.76,-0.00,-0.00,0.00,0.00,-0.00,0.00,0.00,-0.00,3624733.77,0.00,0.00,167642.65,10.00
56607.00,5178494.21,502927.94,441.76,-0.00,-0.00,0.00,0.00,-0.00,0.00,0.00,-0.00,3626410.20,-0.00,-0.00,167642.65,18.00
56625.00,5178494.21,502927.94,441.76,-0.00,-0.00,0.00,0.00,-0.00,0.00,0.00,-0.00,3629427.77,-0.00,0.00,167642.65,10.00
56635.00,5178494.21,502927.94,441.76,-0.00,-0.00,0.00,0.00,-0.00,0.00,0.00,-0.00,3631104.19,-0.00,0.00,167642.65,10.00
56645.00,5178494.21,502927.94,441.76,-0.00,-0.00,0.00,0.00,-0.00,0.00,0.00,-0.00,3632780.62,0.00,0.00,167642.65,10.00
56660.00,5178494.21,502927.94,441.76,-0.00,-0.00,0.00,0.00,-0.00,0.00,0.00,-0.00,3635295.26,0.00,-0.00,167642.65,10.00
56670.00,5178494.21,502927.94,441.76,-0.00,-0.00,0.00,0.00,-0.00,0.00,0.00,-0.00,3636971.69,0.00,-0.00,167642.65,10.00
56680.00,5178494.21,502927.94,441.76,-0.00,-0.00,0.00,0.00,-0.00,0.00,0.00,-0.00,3638648.11,0.00,0.00,167642.65,10.00
56690.00,5178494.21,502927.94,441.76,-0.00,-0.00,0.00,0.00,-0.00,0.00,0.00,-0.00,3640324.54,0.00,-0.00,167642.65,10.00
56700.00,5178494.21,502927.94,441.76,-0.00,-0.00,0.00,0.00,-0.00,0.00,0.00,-0.00,3642000.97,-0.00,0.00,167642.65,10.00
56710.00,5178494.17,502927.95,441.77,-0.00,0.00,0.00,0.00,0.00,-0.00,0.00,-0.00,3643677.39,-0.00,0.00,167642.65,10.00
56720.00,5178494.17,502927.95,441.77,-0.00,0.00,0.00,0.00,0.00,-0.00,0.00,-0.00,3645353.82,-0.00,0.00,167642.65,17.00
56737.00,5178494.17,502927.95,441.77,-0.00,0.00,0.00,0.00,0.00,-0.00,0.00,-0.00,3648203.74,-0.00,0.00,167642.65,10.00
56747.00,5178494.17,502927.95,441.77,-0.00,0.00,0.00,0.00,0.00,-0.00,0.00,-0.00,3649880.17,-0.00,0.00,167642.65,10.00
56757.00,5178494.17,502927.95,441.77,-0.00,0.00,0.00,0.00,0.00,-0.00,0.00,-0.00,3651556.60,0.00,0.00,167642.65,10.00
56772.00,5178494.17,502927.95,441.77,-0.00,0.00,0.00,0.00,0.00,-0.00,0.00,-0.00,3654071.24,0.00,0.00,167642.65,10.00
56782.00,5178494.17,502927.95,441.77,-0.00,0.00,0.00,0.00,0.00,-0.00,0.00,-0.00,3655747.66,0.00,0.00,167642.65,10.00
56792.00,5178494.17,502927.95,441.77,-0.00,0.00,0.00,0.00,0.00,-0.00,0.00,-0.00,3657424.09,0.00,0.00,167642.65,10.00
56802.00,5178494.17,502927.95,441.77,-0.00,0.00,0.00,0.00,0.00,-0.00,0.00,-0.00,3659100.52,0.00,-0.00,167642.65,10.00
56812.00,5178494.17,502927.95,441.77,-0.00,0.00,0.00,0.00,0.00,-0.00,0.00,-0.00,3660776.94,0.00,0.00,167642.65,17.00
56829.00,5178494.17,502927.95,441.77,-0.00,0.00,0.00,0.00,0.00,-0.00,0.00,-0.00,3663626.87,0.00,0.00,167642.65,10.00
56839.00,5178494.17,502927.95,441.77,-0.00,0.00,0.00,0.00,0.00,-0.00,0.00,-0.00,3665303.30,0.00,0.00,167642.65,10.00
56849.00,5178494.17,502927.95,441.77,-0.00,0.00,0.00,0.00,0.00,-0.00,0.00,-0.00,3666979.72,0.00,0.00,167642.65,10.00
56859.00,5178494.17,502927.95,441.77,-0.00,0.00,0.00,0.00,0.00,-0.00,0.00,-0.00,3668656.15,0.00,0.00,167642.65,10.00
56869.00,5178494.17,502927.95,441.77,-0.00,0.00,0.00,0.00,0.00,-0.00,0.00,-0.00,3670332.57,0.00,0.00,167642.65,10.00
56884.00,5178494.17,502927.95,441.77,-0.00,0.00,0.00,0.00,0.00,-0.00,0.00,-0.00,3672847.21,0.00,0.00,167642.65,10.00
56894.00,5178494.17,502927.95,441.77,-0.00,0.00,0.00,0.00,0.00,-0.00,0.00,-0.00,3674523.64,0.00,0.00,167642.65,10.00
56904.00,5178494.17,502927.95,441.77,-0.00,0.00,0.00,0.00,0.00,-0.00,0.00,-0.00,3676200.07,-0.00,-0.00,167642.65,10.00
56914.00,5178494.10,502927.98,441.81,0.00,-0.00,0.00,0.00,-0.00,-0.00,0.00,-0.00,3677876.49,0.00,-0.00,167642.65,16.00
56930.00,5178494.10,502927.98,441.81,0.00,-0.00,0.00,0.00,-0.00,-0.00,0.00,-0.00,3680558.78,-0.00,0.00,167642.66,10.00
56940.00,5178494.10,502927.98,441.81,0.00,-0.00,0.00,0.00,-0.00,-0.00,0.00,-0.00,3682235.20,-0.00,-0.00,167642.66,10.00
56950.00,5178494.10,502927.98,441.81,0.00,-0.00,0.00,0.00,-0.00,-0.00,0.00,-0.00,3683911.63,0.00,0.00,167642.66,10.00
56960.00,5178494.10,502927.98,441.81,0.00,-0.00,0.00,0.00,-0.00,-0.00,0.00,-0.00,3685588.06,0.00,0.00,167642.66,10.00
56970.00,5178494.10,502927.98,441.81,0.00,-0.00,0.00,0.00,-0.00,-0.00,0.00,-0.00,3687264.48,0.00,-0.00,167642.66,10.00
56980.00,5178494.10,502927.98,441.81,0.00,-0.00,0.00,0.00,-0.00,-0.00,0.00,-0.00,3688940.91,0.00,0.00,167642.66,10.00
56994.00,5178494.10,502927.98,441.81,0.00,-0.00,0.00,0.00,-0.00,-0.00,0.00,-0.00,3691287.91,0.00,0.00,167642.66,10.00
57004.00,5178494.10,502927.98,441.81,0.00,-0.00,0.00,0.00,-0.00,-0.00,0.00,-0.00,3692964.33,0.00,0.00,167642.66,10.00
57014.00,5178494.10,502927.98,441.81,0.00,-0.00,0.00,0.00,-0.00,-0.00,0.00,-0.00,3694640.76,0.00,0.00,167642.66,16.00
57030.00,5178494.10,502927.98,441.81,0.00,-0.00,0.00,0.00,-0.00,-0.00,0.00,-0.00,3697323.04,-0.00,0.00,167642.66,10.00
57040.00,5178494.10,502927.98,441.81,0.00,-0.00,0.00,0.00,-0.00,-0.00,0.00,-0.00,3698999.47,-0.00,0.00,167642.66,10.00
57050.00,5178494.10,502927.98,441.81,0.00,-0.00,0.00,0.00,-0.00,-0.00,0.00,-0.00,3700675.90,-0.00,-0.00,167642.66,10.00
57060.00,5178494.10,502927.98,441.81,0.00,-0.00,0.00,0.00,-0.00,-0.00,0.00,-0.00,3702352.32,0.00,-0.00,167642.66,10.00
57070.00,5178494.10,502927.98,441.81,0.00,-0.00,0.00,0.00,-0.00,-0.00,0.00,-0.00,3704028.75,0.00,-0.00,167642.66,10.00
57080.00,5178494.10,502927.98,441.81,0.00,-0.00,0.00,0.00,-0.00,-0.00,0.00,-0.00,3705705.18,-0.00,-0.00,167642.66,10.00
57090.00,5178494.10,502927.98,441.81,0.00,-0.00,0.00,0.00,-0.00,-0.00,0.00,-0.00,3707381.60,-0.00,0.00,167642.66,10.00
57104.00,5178494.10,502927.98,441.81,0.00,-0.00,0.00,0.00,-0.00,-0.00,0.00,-0.00,3709728.60,0.00,-0.01,167642.66,10.00
57114.00,5178494.08,502927.99,441.83,0.00,-0.00,0.00,0.00,-0.00,0.00,0.00,-0.00,3711405.03,0.00,0.00,167642.66,10.00
57124.00,5178494.08,502927.99,441.83,0.00,-0.00,0.00,0.00,-0.00,0.00,0.00,-0.00,3713081.45,0.00,-0.00,167642.66,17.00
57141.00,5178494.08,502927.99,441.83,0.00,-0.00,0.00,0.00,-0.00,0.00,0.00,-0.00,3715931.38,-0.00,-0.00,167642.66,10.00
57151.00,5178494.08,502927.99,441.83,0.00,-0.00,0.00,0.00,-0.00,0.00,0.00,-0.00,3717607.80,-0.00,-0.00,167642.66,10.00
57161.00,5178494.08,502927.99,441.83,0.00,-0.00,0.00,0.00,-0.00,0.00,0.00,-0.00,3719284.23,-0.00,-0.00,167642.66,10.00
57171.00,5178494.08,502927.99,441.83,0.00,-0.00,0.00,0.00,-0.00,0.00,0.00,-0.00,3720960.66,-0.00,-0.00,167642.66,10.00
57181.00,5178494.08,502927.99,441.83,0.00,-0.00,0.00,0.00,-0.00,0.00,0.00,-0.00,3722637.08,-0.00,-0.00,167642.66,10.00
57191.00,5178494.08,502927.99,441.83,0.00,-0.00,0.00,0.00,-0.00,0.00,0.00,-0.00,3724313.51,0.00,-0.00,167642.67,10.00
57201.00,5178494.08,502927.99,441.83,0.00,-0.00,0.00,0.00,-0.00,0.00,0.00,-0.00,3725989.94,0.00,0.00,167642.66,10.00
57221.00,5178494.08,502927.99,441.83,0.00,-0.00,0.00,0.00,-0.00,0.00,0.00,-0.00,3729342.79,0.00,-0.00,167642.66,19.00
57240.00,5178494.08,502927.99,441.83,0.00,-0.00,0.00,0.00,-0.00,0.00,0.00,-0.00,3732528.00,0.00,-0.00,167642.67,10.00
57250.00,5178494.08,502927.99,441.83,0.00,-0.00,0.00,0.00,-0.00,0.00,0.00,-0.00,3734204.43,-0.00,-0.00,167642.66,18.00
57268.00,5178494.08,502927.99,441.83,0.00,-0.00,0.00,0.00,-0.00,0.00,0.00,-0.00,3737222.00,-0.00,-0.00,167642.66,10.00
57278.00,5178494.08,502927.99,441.83,0.00,-0.00,0.00,0.00,-0.00,0.00,0.00,-0.00,3738898.42,-0.00,-0.00,167642.66,10.00
57288.00,5178494.08,502927.99,441.83,0.00,-0.00,0.00,0.00,-0.00,0.00,0.00,-0.00,3740574.85,0.00,-0.00,167642.66,10.00
57298.00,5178494.08,502927.99,441.83,0.00,-0.00,0.00,0.00,-0.00,0.00,0.00,-0.00,3742251.28,0.00,-0.00,167642.66,10.00
57308.00,5178494.08,502927.99,441.83,0.00,-0.00,0.00,0.00,-0.00,0.00,0.00,-0.00,3743927.70,0.00,0.00,167642.67,10.00
57318.00,5178494.03,502928.00,441.86,0.00,0.00,-0.00,-0.00,0.00,-0.00,0.00,-0.00,3745604.13,0.00,0.00,167642.66,10.00
57328.00,5178494.03,502928.00,441.86,0.00,0.00,-0.00,-0.00,0.00,-0.00,0.00,-0.00,3747280.56,0.00,-0.00,167642.67,15.00
57353.00,5178494.03,502928.00,441.86,0.00,0.00,-0.00,-0.00,0.00,-0.00,0.00,-0.00,3751471.62,0.00,0.00,167642.67,10.00
57363.00,5178494.03,502928.00,441.86,0.00,0.00,-0.00,-0.00,0.00,-0.00,0.00,-0.00,3753148.05,0.00,0.00,167642.67,10.00
57373.00,5178494.03,502928.00,441.86,0.00,0.00,-0.00,-0.00,0.00,-0.00,0.00,-0.00,3754824.48,0.00,-0.00,167642.67,10.00
57383.00,5178494.03,502928.00,441.86,0.00,0.00,-0.00,-0.00,0.00,-0.00,0.00,-0.00,3756500.90,0.00,-0.00,167642.67,10.00
57393.00,5178494.03,502928.00,441.86,0.00,0.00,-0.00,-0.00,0.00,-0.00,0.00,-0.00,3758177.33,0.00,-0.00,167642.67,10.00
57403.00,5178494.03,502928.00,441.86,0.00,0.00,-0.00,-0.00,0.00,-0.00,0.00,-0.00,3759853.76,0.00,0.00,167642.67,10.00
57413.00,5178494.03,502928.00,441.86,0.00,0.00,-0.00,-0.00,0.00,-0.00,0.00,-0.00,3761530.18,0.00,0.00,167642.67,17.00
57430.00,5178494.03,502928.00,441.86,0.00,0.00,-0.00,-0.00,0.00,-0.00,0.00,-0.00,3764380.11,0.00,0.00,167642.67,10.00
57440.00,5178494.03,502928.00,441.86,0.00,0.00,-0.00,-0.00,0.00,-0.00,0.00,-0.00,3766056.53,0.00,0.00,167642.67,10.00
57450.00,5178494.03,502928.00,441.86,0.00,0.00,-0.00,-0.00,0.00,-0.00,0.00,-0.00,3767732.96,-0.00,-0.00,167642.67,10.00
57465.00,5178494.03,502928.00,441.86,0.00,0.00,-0.00,-0.00,0.00,-0.00,0.00,-0.00,3770247.60,0.00,0.00,167642.67,10.00
57476.00,5178494.03,502928.00,441.86,0.00,0.00,-0.00,-0.00,0.00,-0.00,0.00,-0.00,3772091.67,0.00,0.00,167642.67,10.00
57486.00,5178494.03,502928.00,441.86,0.00,0.00,-0.00,-0.00,0.00,-0.00,0.00,-0.00,3773768.10,-0.00,-0.00,167642.67,10.00
57496.00,5178494.03,502928.00,441.86,0.00,0.00,-0.00,-0.00,0.00,-0.00,0.00,-0.00,3775444.52,-0.00,-0.00,167642.67,10.00
57506.00,5178494.03,502928.00,441.86,0.00,0.00,-0.00,-0.00,0.00,-0.00,0.00,-0.00,3777120.95,0.00,0.00,167642.67,10.00
57516.00,5178494.03,502928.00,441.86,0.00,0.00,-0.00,-0.00,0.00,-0.00,0.00,-0.00,3778797.38,0.00,0.00,167642.67,16.00
57532.00,5178493.94,502928.03,441.87,-0.00,-0.00,0.00,-0.00,-0.00,0.00,0.00,-0.00,3781479.66,-0.00,-0.00,167642.67,10.00
57542.00,5178493.94,502928.03,441.87,-0.00,-0.00,0.00,-0.00,-0.00,0.00,0.00,-0.00,3783156.09,-0.00,0.00,167642.68,10.00
57552.00,5178493.94,502928.03,441.87,-0.00,-0.00,0.00,-0.00,-0.00,0.00,0.00,-0.00,3784832.51,-0.00,-0.00,167642.68,10.00
57562.00,5178493.94,502928.03,441.87,-0.00,-0.00,0.00,-0.00,-0.00,0.00,0.00,-0.00,3786508.94,-0.00,0.00,167642.68,10.00
57577.00,5178493.94,502928.03,441.87,-0.00,-0.00,0.00,-0.00,-0.00,0.00,0.00,-0.00,3789023.58,0.00,-0.00,167642.68,10.00
57587.00,5178493.94,502928.03,441.87,-0.00,-0.00,0.00,-0.00,-0.00,0.00,0.00,-0.00,3790700.01,-0.00,-0.00,167642.68,10.00
57597.00,5178493.94,502928.03,441.87,-0.00,-0.00,0.00,-0.00,-0.00,0.00,0.00,-0.00,3792376.43,0.00,0.00,167642.68,10.00
57607.00,5178493.94,502928.03,441.87,-0.00,-0.00,0.00,-0.00,-0.00,0.00,0.00,-0.00,3794052.86,-0.00,-0.00,167642.68,10.00
57617.00,5178493.94,502928.03,441.87,-0.00,-0.00,0.00,-0.00,-0.00,0.00,0.00,-0.00,3795729.29,0.00,0.00,167642.68,16.00
57633.00,5178493.94,502928.03,441.87,-0.00,-0.00,0.00,-0.00,-0.00,0.00,0.00,-0.00,3798411.57,-0.00,-0.00,167642.68,10.00
57643.00,5178493.94,502928.03,441.87,-0.00,-0.00,0.00,-0.00,-0.00,0.00,0.00,-0.00,3800088.00,0.00,0.00,167642.68,10.00
57653.00,5178493.94,502928.03,441.87,-0.00,-0.00,0.00,-0.00,-0.00,0.00,0.00,-0.00,3801764.42,0.00,0.00,167642.68,10.00
57663.00,5178493.94,502928.03,441.87,-0.00,-0.00,0.00,-0.00,-0.00,0.00,0.00,-0.00,3803440.85,0.00,0.00,167642.68,10.00
57673.00,5178493.94,502928.03,441.87,-0.00,-0.00,0.00,-0.00,-0.00,0.00,0.00,-0.00,3805117.28,-0.00,0.00,167642.68,10.00
57688.00,5178493.94,502928.03,441.87,-0.00,-0.00,0.00,-0.00,-0.00,0.00,0.00,-0.00,3807631.92,0.00,0.00,167642.68,10.00
57698.00,5178493.94,502928.03,441.87,-0.00,-0.00,0.00,-0.00,-0.00,0.00,0.00,-0.00,3809308.34,0.00,0.00,167642.68,10.00
57708.00,5178493.94,502928.03,441.87,-0.00,-0.00,0.00,-0.00,-0.00,0.00,0.00,-0.00,3810984.77,0.00,-0.00,167642.68,10.00
57718.00,5178493.94,502928.03,441.87,-0.00,-0.00,0.00,-0.00,-0.00,0.00,0.00,-0.00,3812661.20,-0.00,0.00,167642.68,15.00
57733.00,5178493.89,502928.04,441.85,0.00,-0.00,0.00,0.00,-0.00,0.00,0.00,-0.00,3815175.84,0.00,-0.00,167642.68,10.00
57743.00,5178493.89,502928.04,441.85,0.00,-0.00,0.00,0.00,-0.00,0.00,0.00,-0.00,3816852.27,-0.00,0.00,167642.68,10.00
57753.00,5178493.89,502928.04,441.85,0.00,-0.00,0.00,0.00,-0.00,0.00,0.00,-0.00,3818528.69,0.00,0.00,167642.68,10.00
57763.00,5178493.89,502928.04,441.85,0.00,-0.00,0.00,0.00,-0.00,0.00,0.00,-0.00,3820205.12,0.00,0.00,167642.68,10.00
57773.00,5178493.89,502928.04,441.85,0.00,-0.00,0.00,0.00,-0.00,0.00,0.00,-0.00,3821881.55,0.00,-0.00,167642.68,10.00
57783.00,5178493.89,502928.04,441.85,0.00,-0.00,0.00,0.00,-0.00,0.00,0.00,-0.00,3823557.97,0.00,-0.00,167642.68,10.00
57803.00,5178493.89,502928.04,441.85,0.00,-0.00,0.00,0.00,-0.00,0.00,0.00,-0.00,3826910.83,0.00,-0.00,167642.68,10.00
57813.00,5178493.89,502928.04,441.85,0.00,-0.00,0.00,0.00,-0.00,0.00,0.00,-0.00,3828587.25,0.00,0.00,167642.68,18.00
57831.00,5178493.89,502928.04,441.85,0.00,-0.00,0.00,0.00,-0.00,0.00,0.00,-0.00,3831604.82,0.00,-0.00,167642.68,10.00
57841.00,5178493.89,502928.04,441.85,0.00,-0.00,0.00,0.00,-0.00,0.00,0.00,-0.00,3833281.25,0.00,0.00,167642.68,10.00
57851.00,5178493.89,502928.04,441.85,0.00,-0.00,0.00,0.00,-0.00,0.00,0.00,-0.00,3834957.67,0.00,0.00,167642.68,10.00
57861.00,5178493.89,502928.04,441.85,0.00,-0.00,0.00,0.00,-0.00,0.00,0.00,-0.00,3836634.10,0.00,-0.00,167642.68,10.00
57871.00,5178493.89,502928.04,441.85,0.00,-0.00,0.00,0.00,-0.00,0.00,0.00,-0.00,3838310.53,0.00,0.00,167642.68,10.00
57881.00,5178493.89,502928.04,441.85,0.00,-0.00,0.00,0.00,-0.00,0.00,0.00,-0.00,3839986.96,0.00,0.00,167642.68,10.00
57891.00,5178493.89,502928.04,441.85,0.00,-0.00,0.00,0.00,-0.00,0.00,0.00,-0.00,3841663.38,0.00,-0.00,167642.68,10.00
57901.00,5178493.89,502928.04,441.85,0.00,-0.00,0.00,0.00,-0.00,0.00,0.00,-0.00,3843339.81,-0.00,0.00,167642.68,10.00
57916.00,5178493.89,502928.04,441.85,0.00,-0.00,0.00,0.00,-0.00,0.00,0.00,-0.00,3845854.45,0.00,-0.00,167642.68,18.00
57934.00,5178493.83,502928.06,441.82,0.00,0.00,-0.00,0.00,0.00,-0.00,0.00,-0.00,3848872.02,0.00,0.00,167642.68,10.00
57944.00,5178493.83,502928.06,441.82,0.00,0.00,-0.00,0.00,0.00,-0.00,0.00,-0.00,3850548.44,0.00,0.00,167642.69,10.00
57954.00,5178493.83,502928.06,441.82,0.00,0.00,-0.00,0.00,0.00,-0.00,0.00,-0.00,3852224.87,0.00,0.00,167642.68,10.00
57964.00,5178493.83,502928.06,441.82,0.00,0.00,-0.00,0.00,0.00,-0.00,0.00,-0.00,3853901.30,0.00,0.00,167642.68,10.00
57974.00,5178493.83,502928.06,441.82,0.00,0.00,-0.00,0.00,0.00,-0.00,0.00,-0.00,3855577.72,-0.00,0.00,167642.68,10.00
57984.00,5178493.83,502928.06,441.82,0.00,0.00,-0.00,0.00,0.00,-0.00,0.00,-0.00,3857254.15,-0.00,0.00,167642.68,10.00
57994.00,5178493.83,502928.06,441.82,0.00,0.00,-0.00,0.00,0.00,-0.00,0.00,-0.00,3858930.58,0.00,0.00,167642.68,10.00
58004.00,5178493.83,502928.06,441.82,0.00,0.00,-0.00,0.00,0.00,-0.00,0.00,-0.00,3860607.01,-0.00,0.00,167642.68,10.00
58014.00,5178493.83,502928.06,441.82,0.00,0.00,-0.00,0.00,0.00,-0.00,0.00,-0.00,3862283.43,0.00,-0.00,167642.69,18.00
58037.00,5178493.83,502928.06,441.82,0.00,0.00,-0.00,0.00,0.00,-0.00,0.00,-0.00,3866139.21,0.00,0.00,167642.68,10.00
58047.00,5178493.83,502928.06,441.82,0.00,0.00,-0.00,0.00,0.00,-0.00,0.00,-0.00,3867815.64,0.00,0.00,167642.69,10.00
58057.00,5178493.83,502928.06,441.82,0.00,0.00,-0.00,0.00,0.00,-0.00,0.00,-0.00,3869492.07,-0.00,0.00,167642.69,10.00
58067.00,5178493.83,502928.06,441.82,0.00,0.00,-0.00,0.00,0.00,-0.00,0.00,-0.00,3871168.49,0.00,0.00,167642.69,10.00
58077.00,5178493.83,502928.06,441.82,0.00,0.00,-0.00,0.00,0.00,-0.00,0.00,-0.00,3872844.92,0.00,-0.00,167642.69,10.00
58087.00,5178493.83,502928.06,441.82,0.00,0.00,-0.00,0.00,0.00,-0.00,0.00,-0.00,3874521.35,-0.00,-0.00,167642.68,10.00
58097.00,5178493.83,502928.06,441.82,0.00,0.00,-0.00,0.00,0.00,-0.00,0.00,-0.00,3876197.77,-0.00,0.00,167642.69,10.00
58107.00,5178493.83,502928.06,441.82,0.00,0.00,-0.00,0.00,0.00,-0.00,0.00,-0.00,3877874.20,0.00,0.00,167642.69,10.00
58117.00,5178493.83,502928.06,441.82,0.00,0.00,-0.00,0.00,0.00,-0.00,0.00,-0.00,3879550.63,-0.00,0.00,167642.69,10.00
58127.00,5178493.83,502928.06,441.82,0.00,0.00,-0.00,0.00,0.00,-0.00,0.00,-0.00,3881227.06,-0.00,-0.00,167642.69,16.00
58153.00,5178493.78,502928.07,441.79,-0.00,0.00,0.00,-0.00,-0.00,0.00,0.00,-0.00,3885585.77,-0.00,0.00,167642.69,10.00
58163.00,5178493.78,502928.07,441.79,-0.00,0.00,0.00,-0.00,-0.00,0.00,0.00,-0.00,3887262.19,0.00,0.00,167642.69,10.00
58173.00,5178493.78,502928.07,441.79,-0.00,0.00,0.00,-0.00,-0.00,0.00,0.00,-0.00,3888938.62,0.00,0.00,167642.69,10.00
58183.00,5178493.78,502928.07,441.79,-0.00,0.00,0.00,-0.00,-0.00,0.00,0.00,-0.00,3890615.05,-0.00,0.00,167642.69,10.00
58193.00,5178493.78,502928.07,441.79,-0.00,0.00,0.00,-0.00,-0.00,0.00,0.00,-0.00,3892291.47,0.00,0.00,167642.69,10.00
58203.00,5178493.78,502928.07,441.79,-0.00,0.00,0.00,-0.00,-0.00,0.00,0.00,-0.00,3893967.90,-0.00,0.00,167642.69,10.00
58213.00,5178493.78,502928.07,441.79,-0.00,0.00,0.00,-0.00,-0.00,0.00,0.00,-0.00,3895644.33,0.00,-0.00,167642.69,10.00
58223.00,5178493.78,502928.07,441.79,-0.00,0.00,0.00,-0.00,-0.00,0.00,0.00,-0.00,3897320.75,0.00,-0.00,167642.69,18.00
58241.00,5178493.78,502928.07,441.79,-0.00,0.00,0.00,-0.00,-0.00,0.00,0.00,-0.00,3900338.32,0.00,0.00,167642.69,10.00
58251.00,5178493.78,502928.07,441.79,-0.00,0.00,0.00,-0.00,-0.00,0.00,0.00,-0.00,3902014.75,0.00,0.00,167642.69,10.00
58265.00,5178493.78,502928.07,441.79,-0.00,0.00,0.00,-0.00,-0.00,0.00,0.00,-0.00,3904361.75,0.00,0.00,167642.69,10.00
58275.00,5178493.78,502928.07,441.79,-0.00,0.00,0.00,-0.00,-0.00,0.00,0.00,-0.00,3906038.17,0.00,-0.00,167642.69,10.00
58285.00,5178493.78,502928.07,441.79,-0.00,0.00,0.00,-0.00,-0.00,0.00,0.00,-0.00,3907714.60,-0.00,-0.00,167642.69,10.00
58295.00,5178493.78,502928.07,441.79,-0.00,0.00,0.00,-0.00,-0.00,0.00,0.00,-0.00,3909391.03,-0.00,0.00,167642.69,10.00
58305.00,5178493.78,502928.07,441.79,-0.00,0.00,0.00,-0.00,-0.00,0.00,0.00,-0.00,3911067.45,0.00,0.00,167642.69,10.00
58315.00,5178493.78,502928.07,441.79,-0.00,0.00,0.00,-0.00,-0.00,0.00,0.00,-0.00,3912743.88,-0.00,-0.00,167642.69,10.00
58325.00,5178493.78,502928.07,441.79,-0.00,0.00,0.00,-0.00,-0.00,0.00,0.00,-0.00,3914420.31,-0.00,0.00,167642.69,18.00
58343.00,5178493.78,502928.07,441.79,-0.00,0.00,0.00,-0.00,-0.00,0.00,0.00,-0.00,3917437.88,-0.00,0.00,167642.69,10.00
58353.00,5178493.77,502928.05,441.75,0.00,-0.00,0.00,0.00,-0.00,0.00,0.00,-0.00,3919114.30,0.00,-0.00,167642.69,10.00
58363.00,5178493.77,502928.05,441.75,0.00,-0.00,0.00,0.00,-0.00,0.00,0.00,-0.00,3920790.73,0.00,0.00,167642.69,10.00
58377.00,5178493.77,502928.05,441.75,0.00,-0.00,0.00,0.00,-0.00,0.00,0.00,-0.00,3923137.73,0.00,-0.00,167642.69,10.00
58387.00,5178493.77,502928.05,441.75,0.00,-0.00,0.00,0.00,-0.00,0.00,0.00,-0.00,3924814.15,0.00,0.00,167642.68,10.00
58397.00,5178493.77,502928.05,441.75,0.00,-0.00,0.00,0.00,-0.00,0.00,0.00,-0.00,3926490.58,0.00,0.00,167642.68,10.00
58407.00,5178493.77,502928.05,441.75,0.00,-0.00,0.00,0.00,-0.00,0.00,0.00,-0.00,3928167.01,-0.00,0.00,167642.68,10.00
58417.00,5178493.77,502928.05,441.75,0.00,-0.00,0.00,0.00,-0.00,0.00,0.00,-0.00,3929843.44,0.00,0.00,167642.68,17.00
58434.00,5178493.77,502928.05,441.75,0.00,-0.00,0.00,0.00,-0.00,0.00,0.00,-0.00,3932693.36,0.00,-0.00,167642.69,10.00
58444.00,5178493.77,502928.05,441.75,0.00,-0.00,0.00,0.00,-0.00,0.00,0.00,-0.00,3934369.79,-0.00,-0.00,167642.68,10.00
58454.00,5178493.77,502928.05,441.75,0.00,-0.00,0.00,0.00,-0.00,0.00,0.00,-0.00,3936046.21,0.00,-0.00,167642.69,10.00
58464.00,5178493.77,502928.05,441.75,0.00,-0.00,0.00,0.00,-0.00,0.00,0.00,-0.00,3937722.64,0.00,0.00,167642.68,10.00
58474.00,5178493.77,502928.05,441.75,0.00,-0.00,0.00,0.00,-0.00,0.00,0.00,-0.00,3939399.07,0.00,0.00,167642.68,10.00
58493.00,5178493.77,502928.05,441.75,0.00,-0.00,0.00,0.00,-0.00,0.00,0.00,-0.00,3942584.28,0.00,-0.00,167642.68,10.00
58503.00,5178493.77,502928.05,441.75,0.00,-0.00,0.00,0.00,-0.00,0.00,0.00,-0.00,3944260.71,0.00,-0.00,167642.69,10.00
58513.00,5178493.77,502928.05,441.75,0.00,-0.00,0.00,0.00,-0.00,0.00,0.00,-0.00,3945937.13,-0.00,0.00,167642.68,17.00
58530.00,5178493.77,502928.05,441.75,0.00,-0.00,0.00,0.00,-0.00,0.00,0.00,-0.00,3948787.06,-0.00,-0.00,167642.68,10.00
58540.00,5178493.77,502928.05,441.75,0.00,-0.00,0.00,0.00,-0.00,0.00,0.00,-0.00,3950463.49,-0.00,0.00,167642.68,10.00
58550.00,5178493.77,502928.05,441.75,0.00,-0.00,0.00,0.00,-0.00,0.00,0.00,-0.00,3952139.91,0.00,0.00,167642.69,10.00
58560.00,5178493.81,502928.03,441.67,0.00,-0.00,0.00,0.00,-0.00,0.00,0.00,-0.00,3953816.34,0.00,-0.00,167642.69,10.00
58570.00,5178493.81,502928.03,441.67,0.00,-0.00,0.00,0.00,-0.00,0.00,0.00,-0.00,3955492.77,0.00,-0.00,167642.68,10.00
58580.00,5178493.81,502928.03,441.67,0.00,-0.00,0.00,0.00,-0.00,0.00,0.00,-0.00,3957169.19,-0.00,0.00,167642.68,10.00
58590.00,5178493.81,502928.03,441.67,0.00,-0.00,0.00,0.00,-0.00,0.00,0.00,-0.00,3958845.62,-0.00,0.00,167642.68,10.00
58605.00,5178493.81,502928.03,441.67,0.00,-0.00,0.00,0.00,-0.00,0.00,0.00,-0.00,3961360.26,-0.00,0.00,167642.68,10.00
58615.00,5178493.81,502928.03,441.67,0.00,-0.00,0.00,0.00,-0.00,0.00,0.00,-0.00,3963036.69,-0.00,0.00,167642.68,19.00
58634.00,5178493.81,502928.03,441.67,0.00,-0.00,0.00,0.00,-0.00,0.00,0.00,-0.00,3966221.90,0.00,-0.00,167642.68,10.00
58644.00,5178493.81,502928.03,441.67,0.00,-0.00,0.00,0.00,-0.00,0.00,0.00,-0.00,3967898.32,0.00,-0.00,167642.68,10.00
58654.00,5178493.81,502928.03,441.67,0.00,-0.00,0.00,0.00,-0.00,0.00,0.00,-0.00,3969574.75,0.00,-0.00,167642.68,10.00
58664.00,5178493.81,502928.03,441.67,0.00,-0.00,0.00,0.00,-0.00,0.00,0.00,-0.00,3971251.18,0.00,0.00,167642.68,10.00
58674.00,5178493.81,502928.03,441.67,0.00,-0.00,0.00,0.00,-0.00,0.00,0.00,-0.00,3972927.60,-0.00,-0.00,167642.68,10.00
58684.00,5178493.81,502928.03,441.67,0.00,-0.00,0.00,0.00,-0.00,0.00,0.00,-0.00,3974604.03,0.00,0.00,167642.68,10.00
58694.00,5178493.81,502928.03,441.67,0.00,-0.00,0.00,0.00,-0.00,0.00,0.00,-0.00,3976280.46,0.00,-0.00,167642.68,10.00
58704.00,5178493.81,502928.03,441.67,0.00,-0.00,0.00,0.00,-0.00,0.00,0.00,-0.00,3977956.88,0.00,-0.00,167642.68,10.00
58719.00,5178493.81,502928.03,441.67,0.00,-0.00,0.00,0.00,-0.00,0.00,0.00,-0.00,3980471.52,-0.00,-0.00,167642.68,18.00
58737.00,5178493.81,502928.03,441.67,0.00,-0.00,0.00,0.00,-0.00,0.00,0.00,-0.00,3983489.09,-0.00,0.00,167642.68,10.00
58747.00,5178493.81,502928.03,441.67,0.00,-0.00,0.00,0.00,-0.00,0.00,0.00,-0.00,3985165.52,0.00,0.00,167642.68,10.00
58757.00,5178493.81,502928.03,441.67,0.00,-0.00,0.00,0.00,-0.00,0.00,0.00,-0.00,3986841.95,0.00,-0.00,167642.68,10.00
58767.00,5178493.86,502928.01,441.52,0.00,-0.00,0.00,0.00,-0.00,0.00,0.00,-0.00,3988518.37,0.00,-0.00,167642.68,10.00
58777.00,5178493.86,502928.01,441.52,0.00,-0.00,0.00,0.00,-0.00,0.00,0.00,-0.00,3990194.80,0.00,-0.00,167642.67,10.00
58787.00,5178493.86,502928.01,441.52,0.00,-0.00,0.00,0.00,-0.00,0.00,0.00,-0.00,3991871.23,-0.00,-0.00,167642.67,10.00
58797.00,5178493.86,502928.01,441.52,0.00,-0.00,0.00,0.00,-0.00,0.00,0.00,-0.00,3993547.65,0.00,0.00,167642.67,10.00
58807.00,5178493.86,502928.01,441.52,0.00,-0.00,0.00,0.00,-0.00,0.00,0.00,-0.00,3995224.08,0.00,0.00,167642.67,10.00
58817.00,5178493.86,502928.01,441.52,0.00,-0.00,0.00,0.00,-0.00,0.00,0.00,-0.00,3996900.51,0.00,-0.00,167642.67,18.00
58839.00,5178493.86,502928.01,441.52,0.00,-0.00,0.00,0.00,-0.00,0.00,0.00,-0.00,4000588.65,0.00,0.00,167642.67,10.00
58849.00,5178493.86,502928.01,441.52,0.00,-0.00,0.00,0.00,-0.00,0.00,0.00,-0.00,4002265.07,0.00,0.00,167642.67,10.00
58859.00,5178493.86,502928.01,441.52,0.00,-0.00,0.00,0.00,-0.00,0.00,0.00,-0.00,4003941.50,0.00,0.00,167642.67,10.00
58869.00,5178493.86,502928.01,441.52,0.00,-0.00,0.00,0.00,-0.00,0.00,0.00,-0.00,4005617.93,0.00,0.00,167642.67,10.00
58879.00,5178493.86,502928.01,441.52,0.00,-0.00,0.00,0.00,-0.00,0.00,0.00,-0.00,4007294.35,0.00,0.00,167642.67,10.00
58889.00,5178493.86,502928.01,441.52,0.00,-0.00,0.00,0.00,-0.00,0.00,0.00,-0.00,4008970.78,0.00,-0.00,167642.67,10.00
58899.00,5178493.86,502928.01,441.52,0.00,-0.00,0.00,0.00,-0.00,0.00,0.00,-0.00,4010647.21,0.00,-0.00,167642.67,10.00
58909.00,5178493.86,502928.01,441.52,0.00,-0.00,0.00,0.00,-0.00,0.00,0.00,-0.00,4012323.63,-0.00,-0.00,167642.67,17.00
58926.00,5178493.86,502928.01,441.52,0.00,-0.00,0.00,0.00,-0.00,0.00,0.00,-0.00,4015173.56,-0.00,-0.00,167642.67,10.00
58936.00,5178493.86,502928.01,441.52,0.00,-0.00,0.00,0.00,-0.00,0.00,0.00,-0.00,4016849.98,-0.00,0.00,167642.67,10.00
58955.00,5178493.86,502928.01,441.52,0.00,-0.00,0.00,0.00,-0.00,0.00,0.00,-0.00,4020035.20,-0.00,-0.00,167642.67,10.00
58965.00,5178493.86,502928.01,441.52,0.00,-0.00,0.00,0.00,-0.00,0.00,0.00,-0.00,4021711.62,0.00,0.00,167642.67,10.00
58975.00,5178493.90,502927.98,441.39,0.00,0.00,0.00,-0.00,0.00,-0.00,0.00,-0.00,4023388.05,0.00,0.00,167642.67,10.00
58985.00,5178493.90,502927.98,441.39,0.00,0.00,0.00,-0.00,0.00,-0.00,0.00,-0.00,4025064.48,0.00,-0.00,167642.66,10.00
58995.00,5178493.90,502927.98,441.39,0.00,0.00,0.00,-0.00,0.00,-0.00,0.00,-0.00,4026740.90,0.00,-0.00,167642.66,10.00
59005.00,5178493.90,502927.98,441.39,0.00,0.00,0.00,-0.00,0.00,-0.00,0.00,-0.00,4028417.33,0.00,-0.00,167642.66,10.00
59015.00,5178493.90,502927.98,441.39,0.00,0.00,0.00,-0.00,0.00,-0.00,0.00,-0.00,4030093.76,0.00,-0.00,167642.66,19.00
59034.00,5178493.90,502927.98,441.39,0.00,0.00,0.00,-0.00,0.00,-0.00,0.00,-0.00,4033278.97,-0.00,0.00,167642.66,10.00
59044.00,5178493.90,502927.98,441.39,0.00,0.00,0.00,-0.00,0.00,-0.00,0.00,-0.00,4034955.39,-0.00,0.00,167642.66,10.00
59054.00,5178493.90,502927.98,441.39,0.00,0.00,0.00,-0.00,0.00,-0.00,0.00,-0.00,4036631.82,-0.00,-0.00,167642.66,10.00
59069.00,5178493.90,502927.98,441.39,0.00,0.00,0.00,-0.00,0.00,-0.00,0.00,-0.00,4039146.46,0.00,-0.00,167642.66,10.00
59079.00,5178493.90,502927.98,441.39,0.00,0.00,0.00,-0.00,0.00,-0.00,0.00,-0.00,4040822.89,0.00,0.00,167642.66,10.00
59089.00,5178493.90,502927.98,441.39,0.00,0.00,0.00,-0.00,0.00,-0.00,0.00,-0.00,4042499.31,0.00,-0.00,167642.66,10.00
59099.00,5178493.90,502927.98,441.39,0.00,0.00,0.00,-0.00,0.00,-0.00,0.00,-0.00,4044175.74,0.00,0.00,167642.66,10.00
59109.00,5178493.90,502927.98,441.39,0.00,0.00,0.00,-0.00,0.00,-0.00,0.00,-0.00,4045852.17,0.00,0.00,167642.66,18.00
59127.00,5178493.90,502927.98,441.39,0.00,0.00,0.00,-0.00,0.00,-0.00,0.00,-0.00,4048869.73,0.00,0.00,167642.66,10.00
59137.00,5178493.90,502927.98,441.39,0.00,0.00,0.00,-0.00,0.00,-0.00,0.00,-0.00,4050546.16,0.00,-0.00,167642.66,10.00
59147.00,5178493.90,502927.98,441.39,0.00,0.00,0.00,-0.00,0.00,-0.00,0.00,-0.00,4052222.59,0.00,0.00,167642.66,10.00
59157.00,5178493.90,502927.98,441.39,0.00,0.00,0.00,-0.00,0.00,-0.00,0.00,-0.00,4053899.01,-0.00,0.00,167642.66,10.00
59167.00,5178493.90,502927.98,441.39,0.00,0.00,0.00,-0.00,0.00,-0.00,0.00,-0.00,4055575.44,0.00,-0.00,167642.66,10.00
59186.00,5178493.96,502927.95,441.26,0.00,0.00,-0.00,0.00,-0.00,-0.00,0.00,-0.00,4058760.65,0.00,0.00,167642.66,10.00
59196.00,5178493.96,502927.95,441.26,0.00,0.00,-0.00,0.00,-0.00,-0.00,0.00,-0.00,4060437.08,0.00,0.00,167642.65,10.00
59206.00,5178493.96,502927.95,441.26,0.00,0.00,-0.00,0.00,-0.00,-0.00,0.00,-0.00,4062113.50,0.00,-0.00,167642.65,10.00
59216.00,5178493.96,502927.95,441.26,0.00,0.00,-0.00,0.00,-0.00,-0.00,0.00,-0.00,4063789.93,0.00,0.00,167642.65,17.00
59233.00,5178493.96,502927.95,441.26,0.00,0.00,-0.00,0.00,-0.00,-0.00,0.00,-0.00,4066639.85,0.00,0.00,167642.65,10.00
59243.00,5178493.96,502927.95,441.26,0.00,0.00,-0.00,0.00,-0.00,-0.00,0.00,-0.00,4068316.28,-0.00,-0.00,167642.65,10.00
59253.00,5178493.96,502927.95,441.26,0.00,0.00,-0.00,0.00,-0.00,-0.00,0.00,-0.00,4069992.71,0.00,0.00,167642.65,10.00
59263.00,5178493.96,502927.95,441.26,0.00,0.00,-0.00,0.00,-0.00,-0.00,0.00,-0.00,4071669.13,-0.00,-0.00,167642.65,10.00
59273.00,5178493.96,502927.95,441.26,0.00,0.00,-0.00,0.00,-0.00,-0.00,0.00,-0.00,4073345.56,0.00,-0.00,167642.65,10.00
59283.00,5178493.96,502927.95,441.26,0.00,0.00,-0.00,0.00,-0.00,-0.00,0.00,-0.00,4075021.99,0.00,-0.00,167642.65,10.00
59297.00,5178493.96,502927.95,441.26,0.00,0.00,-0.00,0.00,-0.00,-0.00,0.00,-0.00,4077368.98,0.00,-0.00,167642.65,10.00
59307.00,5178493.96,502927.95,441.26,0.00,0.00,-0.00,0.00,-0.00,-0.00,0.00,-0.00,4079045.41,0.00,-0.00,167642.65,10.00
59317.00,5178493.96,502927.95,441.26,0.00,0.00,-0.00,0.00,-0.00,-0.00,0.00,-0.00,4080721.84,0.00,0.00,167642.65,19.00
59336.00,5178493.96,502927.95,441.26,0.00,0.00,-0.00,0.00,-0.00,-0.00,0.00,-0.00,4083907.05,-0.00,-0.00,167642.65,10.00
59346.00,5178493.96,502927.95,441.26,0.00,0.00,-0.00,0.00,-0.00,-0.00,0.00,-0.00,4085583.47,0.00,-0.00,167642.65,10.00
59356.00,5178493.96,502927.95,441.26,0.00,0.00,-0.00,0.00,-0.00,-0.00,0.00,-0.00,4087259.90,0.00,0.00,167642.65,10.00
59366.00,5178493.96,502927.95,441.26,0.00,0.00,-0.00,0.00,-0.00,-0.00,0.00,-0.00,4088936.33,0.00,-0.00,167642.65,10.00
59376.00,5178493.96,502927.95,441.26,0.00,0.00,-0.00,0.00,-0.00,-0.00,0.00,-0.00,4090612.75,0.00,-0.00,167642.65,10.00
59386.00,5178493.94,502927.96,441.18,0.00,0.00,0.00,0.00,-0.00,0.00,0.00,-0.00,4092289.18,0.00,0.00,167642.65,10.00
59396.00,5178493.94,502927.96,441.18,0.00,0.00,0.00,0.00,-0.00,0.00,0.00,-0.00,4093965.61,-0.00,-0.00,167642.65,10.00
59411.00,5178493.94,502927.96,441.18,0.00,0.00,0.00,0.00,-0.00,0.00,0.00,-0.00,4096480.25,0.00,-0.00,167642.65,17.00
59428.00,5178493.94,502927.96,441.18,0.00,0.00,0.00,0.00,-0.00,0.00,0.00,-0.00,4099330.17,-0.00,-0.00,167642.65,10.00
59438.00,5178493.94,502927.96,441.18,0.00,0.00,0.00,0.00,-0.00,0.00,0.00,-0.00,4101006.60,0.00,-0.00,167642.66,10.00
59448.00,5178493.94,502927.96,441.18,0.00,0.00,0.00,0.00,-0.00,0.00,0.00,-0.00,4102683.03,0.00,0.00,167642.65,10.00
59458.00,5178493.94,502927.96,441.18,0.00,0.00,0.00,0.00,-0.00,0.00,0.00,-0.00,4104359.45,0.00,-0.00,167642.65,10.00
59468.00,5178493.94,502927.96,441.18,0.00,0.00,0.00,0.00,-0.00,0.00,0.00,-0.00,4106035.88,0.00,-0.00,167642.65,10.00
59478.00,5178493.94,502927.96,441.18,0.00,0.00,0.00,0.00,-0.00,0.00,0.00,-0.00,4107712.30,-0.00,-0.00,167642.66,10.00
59488.00,5178493.94,502927.96,441.18,0.00,0.00,0.00,0.00,-0.00,0.00,0.00,-0.00,4109388.73,0.00,0.00,167642.65,10.00
59498.00,5178493.94,502927.96,441.18,0.00,0.00,0.00,0.00,-0.00,0.00,0.00,-0.00,4111065.16,-0.00,0.00,167642.65,10.00
59508.00,5178493.94,502927.96,441.18,0.00,0.00,0.00,0.00,-0.00,0.00,0.00,-0.00,4112741.58,-0.00,0.00,167642.66,10.00
59523.00,5178493.94,502927.96,441.18,0.00,0.00,0.00,0.00,-0.00,0.00,0.00,-0.00,4115256.22,-0.00,0.00,167642.66,16.00
59539.00,5178493.94,502927.96,441.18,0.00,0.00,0.00,0.00,-0.00,0.00,0.00,-0.00,4117938.51,0.00,0.00,167642.65,10.00
59549.00,5178493.94,502927.96,441.18,0.00,0.00,0.00,0.00,-0.00,0.00,0.00,-0.00,4119614.93,0.00,0.00,167642.65,10.00
59559.00,5178493.94,502927.96,441.18,0.00,0.00,0.00,0.00,-0.00,0.00,0.00,-0.00,4121291.36,-0.00,-0.00,167642.65,10.00
59569.00,5178493.94,502927.96,441.18,0.00,0.00,0.00,0.00,-0.00,0.00,0.00,-0.00,4122967.79,-0.00,-0.00,167642.65,10.00
59579.00,5178493.94,502927.96,441.18,0.00,0.00,0.00,0.00,-0.00,0.00,0.00,-0.00,4124644.21,-0.00,-0.00,167642.66,10.00
59589.00,5178493.89,502927.99,441.12,-0.00,0.00,0.00,-0.00,0.00,0.00,0.00,-0.00,4126320.64,-0.00,0.00,167642.66,10.00
59599.00,5178493.89,502927.99,441.12,-0.00,0.00,0.00,-0.00,0.00,0.00,0.00,-0.00,4127997.07,0.00,-0.00,167642.66,10.00
59609.00,5178493.89,502927.99,441.12,-0.00,0.00,0.00,-0.00,0.00,0.00,0.00,-0.00,4129673.49,-0.00,-0.00,167642.67,19.00
59628.00,5178493.89,502927.99,441.12,-0.00,0.00,0.00,-0.00,0.00,0.00,0.00,-0.00,4132858.70,0.00,0.00,167642.66,10.00
59647.00,5178493.89,502927.99,441.12,-0.00,0.00,0.00,-0.00,0.00,0.00,0.00,-0.00,4136043.91,-0.00,-0.00,167642.66,10.00
59657.00,5178493.89,502927.99,441.12,-0.00,0.00,0.00,-0.00,0.00,0.00,0.00,-0.00,4137720.34,-0.00,-0.00,167642.66,10.00
59667.00,5178493.89,502927.99,441.12,-0.00,0.00,0.00,-0.00,0.00,0.00,0.00,-0.00,4139396.77,-0.00,0.00,167642.66,10.00
59677.00,5178493.89,502927.99,441.12,-0.00,0.00,0.00,-0.00,0.00,0.00,0.00,-0.00,4141073.19,-0.00,0.00,167642.66,10.00
59687.00,5178493.89,502927.99,441.12,-0.00,0.00,0.00,-0.00,0.00,0.00,0.00,-0.00,4142749.62,0.00,0.00,167642.66,10.00
59697.00,5178493.89,502927.99,441.12,-0.00,0.00,0.00,-0.00,0.00,0.00,0.00,-0.00,4144426.05,0.00,0.00,167642.67,10.00
59707.00,5178493.89,502927.99,441.12,-0.00,0.00,0.00,-0.00,0.00,0.00,0.00,-0.00,4146102.47,0.00,0.00,167642.66,18.00
59725.00,5178493.89,502927.99,441.12,-0.00,0.00,0.00,-0.00,0.00,0.00,0.00,-0.00,4149120.04,0.00,-0.00,167642.66,10.00
59735.00,5178493.89,502927.99,441.12,-0.00,0.00,0.00,-0.00,0.00,0.00,0.00,-0.00,4150796.47,-0.00,0.00,167642.66,10.00
59745.00,5178493.89,502927.99,441.12,-0.00,0.00,0.00,-0.00,0.00,0.00,0.00,-0.00,4152472.90,0.00,0.00,167642.66,10.00
59760.00,5178493.89,502927.99,441.12,-0.00,0.00,0.00,-0.00,0.00,0.00,0.00,-0.00,4154987.53,-0.00,0.00,167642.66,10.00
59770.00,5178493.89,502927.99,441.12,-0.00,0.00,0.00,-0.00,0.00,0.00,0.00,-0.00,4156663.96,-0.00,0.00,167642.66,10.00
59780.00,5178493.89,502927.99,441.12,-0.00,0.00,0.00,-0.00,0.00,0.00,0.00,-0.00,4158340.39,-0.00,0.00,167642.66,10.00
59790.00,5178493.84,502928.03,441.07,-0.00,0.00,0.00,-0.00,0.00,-0.00,0.00,-0.00,4160016.81,-0.00,0.00,167642.66,10.00
59800.00,5178493.84,502928.03,441.07,-0.00,0.00,0.00,-0.00,0.00,-0.00,0.00,-0.00,4161693.24,0.00,0.00,167642.68,10.00
59810.00,5178493.84,502928.03,441.07,-0.00,0.00,0.00,-0.00,0.00,-0.00,0.00,-0.00,4163369.67,0.00,-0.00,167642.68,10.00
59820.00,5178493.84,502928.03,441.07,-0.00,0.00,0.00,-0.00,0.00,-0.00,0.00,-0.00,4165046.10,-0.00,-0.00,167642.68,17.00
59837.00,5178493.84,502928.03,441.07,-0.00,0.00,0.00,-0.00,0.00,-0.00,0.00,-0.00,4167896.02,0.00,0.00,167642.67,10.00
59847.00,5178493.84,502928.03,441.07,-0.00,0.00,0.00,-0.00,0.00,-0.00,0.00,-0.00,4169572.45,0.00,0.00,167642.68,10.00
59857.00,5178493.84,502928.03,441.07,-0.00,0.00,0.00,-0.00,0.00,-0.00,0.00,-0.00,4171248.87,-0.00,0.00,167642.68,10.00
59872.00,5178493.84,502928.03,441.07,-0.00,0.00,0.00,-0.00,0.00,-0.00,0.00,-0.00,4173763.51,0.00,0.00,167642.68,10.00
59882.00,5178493.84,502928.03,441.07,-0.00,0.00,0.00,-0.00,0.00,-0.00,0.00,-0.00,4175439.94,0.00,0.00,167642.68,10.00
59892.00,5178493.84,502928.03,441.07,-0.00,0.00,0.00,-0.00,0.00,-0.00,0.00,-0.00,4177116.37,0.00,0.00,167642.68,10.00
59902.00,5178493.84,502928.03,441.07,-0.00,0.00,0.00,-0.00,0.00,-0.00,0.00,-0.00,4178792.79,0.00,-0.00,167642.68,10.00
59912.00,5178493.84,502928.03,441.07,-0.00,0.00,0.00,-0.00,0.00,-0.00,0.00,-0.00,4180469.22,0.00,-0.00,167642.68,17.00
59929.00,5178493.84,502928.03,441.07,-0.00,0.00,0.00,-0.00,0.00,-0.00,0.00,-0.00,4183319.15,0.00,-0.00,167642.67,10.00
59939.00,5178493.84,502928.03,441.07,-0.00,0.00,0.00,-0.00,0.00,-0.00,0.00,-0.00,4184995.57,0.00,0.00,167642.67,10.00
59949.00,5178493.84,502928.03,441.07,-0.00,0.00,0.00,-0.00,0.00,-0.00,0.00,-0.00,4186672.00,-0.00,0.00,167642.67,10.00
59959.00,5178493.84,502928.03,441.07,-0.00,0.00,0.00,-0.00,0.00,-0.00,0.00,-0.00,4188348.43,0.00,-0.00,167642.68,10.00
59969.00,5178493.84,502928.03,441.07,-0.00,0.00,0.00,-0.00,0.00,-0.00,0.00,-0.00,4190024.85,0.00,0.00,167642.68,10.00
59988.00,5178493.84,502928.03,441.07,-0.00,0.00,0.00,-0.00,0.00,-0.00,0.00,-0.00,4193210.06,0.00,-0.00,167642.68,10.00
59998.00,5178493.80,502928.04,441.00,0.00,0.00,0.00,0.00,0.00,0.00,0.00,-0.00,4194886.49,0.00,0.00,167642.68,10.00
60008.00,5178493.80,502928.04,441.00,0.00,0.00,0.00,0.00,0.00,0.00,0.00,-0.00,4196562.92,0.00,-0.00,167642.68,18.00
60026.00,5178493.80,502928.04,441.00,0.00,0.00,0.00,0.00,0.00,0.00,0.00,-0.00,4199580.49,-0.00,-0.00,167642.68,10.00
60036.00,5178493.80,502928.04,441.00,0.00,0.00,0.00,0.00,0.00,0.00,0.00,-0.00,4201256.91,0.00,-0.00,167642.68,10.00
60046.00,5178493.80,502928.04,441.00,0.00,0.00,0.00,0.00,0.00,0.00,0.00,-0.00,4202933.34,0.00,-0.00,167642.68,10.00
60056.00,5178493.80,502928.04,441.00,0.00,0.00,0.00,0.00,0.00,0.00,0.00,-0.00,4204609.77,0.00,0.00,167642.68,10.00
60066.00,5178493.80,502928.04,441.00,0.00,0.00,0.00,0.00,0.00,0.00,0.00,-0.00,4206286.19,0.00,0.00,167642.68,10.00
60076.00,5178493.80,502928.04,441.00,0.00,0.00,0.00,0.00,0.00,0.00,0.00,-0.00,4207962.62,-0.00,-0.00,167642.68,10.00
60086.00,5178493.80,502928.04,441.00,0.00,0.00,0.00,0.00,0.00,0.00,0.00,-0.00,4209639.05,-0.00,-0.00,167642.68,10.00
60101.00,5178493.80,502928.04,441.00,0.00,0.00,0.00,0.00,0.00,0.00,0.00,-0.00,4212153.69,-0.00,-0.00,167642.68,10.00
60111.00,5178493.80,502928.04,441.00,0.00,0.00,0.00,0.00,0.00,0.00,0.00,-0.00,4213830.11,0.00,0.00,167642.68,10.00
60121.00,5178493.80,502928.04,441.00,0.00,0.00,0.00,0.00,0.00,0.00,0.00,-0.00,4215506.54,-0.00,-0.00,167642.68,18.00
60139.00,5178493.80,502928.04,441.00,0.00,0.00,0.00,0.00,0.00,0.00,0.00,-0.00,4218524.11,0.00,0.00,167642.68,10.00
60149.00,5178493.80,502928.04,441.00,0.00,0.00,0.00,0.00,0.00,0.00,0.00,-0.00,4220200.54,-0.00,0.00,167642.68,10.00
60159.00,5178493.80,502928.04,441.00,0.00,0.00,0.00,0.00,0.00,0.00,0.00,-0.00,4221876.96,-0.00,0.00,167642.68,10.00
60169.00,5178493.80,502928.04,441.00,0.00,0.00,0.00,0.00,0.00,0.00,0.00,-0.00,4223553.39,-0.00,0.00,167642.68,10.00
60179.00,5178493.80,502928.04,441.00,0.00,0.00,0.00,0.00,0.00,0.00,0.00,-0.00,4225229.82,-0.00,0.00,167642.68,10.00
60189.00,5178493.80,502928.04,441.00,0.00,0.00,0.00,0.00,0.00,0.00,0.00,-0.00,4226906.24,0.00,0.00,167642.68,10.00
60199.00,5178493.76,502928.07,440.96,-0.00,-0.00,0.00,-0.00,-0.00,-0.00,0.00,-0.00,4228582.67,-0.00,-0.00,167642.68,10.00
60214.00,5178493.76,502928.07,440.96,-0.00,-0.00,0.00,-0.00,-0.00,-0.00,0.00,-0.00,4231097.31,0.00,-0.00,167642.69,17.00
60231.00,5178493.76,502928.07,440.96,-0.00,-0.00,0.00,-0.00,-0.00,-0.00,0.00,-0.00,4233947.24,-0.00,-0.00,167642.69,10.00
60241.00,5178493.76,502928.07,440.96,-0.00,-0.00,0.00,-0.00,-0.00,-0.00,0.00,-0.00,4235623.66,0.00,-0.00,167642.69,10.00
60251.00,5178493.76,502928.07,440.96,-0.00,-0.00,0.00,-0.00,-0.00,-0.00,0.00,-0.00,4237300.09,-0.00,-0.00,167642.69,10.00
60261.00,5178493.76,502928.07,440.96,-0.00,-0.00,0.00,-0.00,-0.00,-0.00,0.00,-0.00,4238976.52,-0.00,0.00,167642.69,10.00
60271.00,5178493.76,502928.07,440.96,-0.00,-0.00,0.00,-0.00,-0.00,-0.00,0.00,-0.00,4240652.94,-0.00,-0.00,167642.69,10.00
60281.00,5178493.76,502928.07,440.96,-0.00,-0.00,0.00,-0.00,-0.00,-0.00,0.00,-0.00,4242329.37,-0.00,-0.00,167642.69,10.00
60291.00,5178493.76,502928.07,440.96,-0.00,-0.00,0.00,-0.00,-0.00,-0.00,0.00,-0.00,4244005.80,-0.00,-0.00,167642.69,10.00
60301.00,5178493.76,502928.07,440.96,-0.00,-0.00,0.00,-0.00,-0.00,-0.00,0.00,-0.00,4245682.22,-0.00,-0.00,167642.69,10.00
60311.00,5178493.76,502928.07,440.96,-0.00,-0.00,0.00,-0.00,-0.00,-0.00,0.00,-0.00,4247358.65,-0.00,0.00,167642.69,10.00
60326.00,5178493.76,502928.07,440.96,-0.00,-0.00,0.00,-0.00,-0.00,-0.00,0.00,-0.00,4249873.29,0.00,0.00,167642.69,16.00
60342.00,5178493.76,502928.07,440.96,-0.00,-0.00,0.00,-0.00,-0.00,-0.00,0.00,-0.00,4252555.58,-0.00,-0.00,167642.69,10.00
60352.00,5178493.76,502928.07,440.96,-0.00,-0.00,0.00,-0.00,-0.00,-0.00,0.00,-0.00,4254232.00,-0.00,0.00,167642.69,10.00
60362.00,5178493.76,502928.07,440.96,-0.00,-0.00,0.00,-0.00,-0.00,-0.00,0.00,-0.00,4255908.43,-0.00,0.00,167642.69,10.00
60372.00,5178493.76,502928.07,440.96,-0.00,-0.00,0.00,-0.00,-0.00,-0.00,0.00,-0.00,4257584.86,-0.00,0.00,167642.69,10.00
60382.00,5178493.76,502928.07,440.96,-0.00,-0.00,0.00,-0.00,-0.00,-0.00,0.00,-0.00,4259261.28,-0.00,0.00,167642.69,10.00
60392.00,5178493.76,502928.07,440.96,-0.00,-0.00,0.00,-0.00,-0.00,-0.00,0.00,-0.00,4260937.71,-0.00,-0.00,167642.69,10.00
60402.00,5178493.72,502928.09,440.91,-0.00,-0.00,0.00,0.00,-0.00,0.00,0.00,-0.00,4262614.14,-0.00,-0.00,167642.69,10.00
60412.00,5178493.72,502928.09,440.91,-0.00,-0.00,0.00,0.00,-0.00,0.00,0.00,-0.00,4264290.56,-0.00,-0.00,167642.70,18.00
60430.00,5178493.72,502928.09,440.91,-0.00,-0.00,0.00,0.00,-0.00,0.00,0.00,-0.00,4267308.13,-0.00,-0.00,167642.70,10.00
60450.00,5178493.72,502928.09,440.91,-0.00,-0.00,0.00,0.00,-0.00,0.00,0.00,-0.00,4270660.99,-0.00,0.00,167642.70,10.00
60460.00,5178493.72,502928.09,440.91,-0.00,-0.00,0.00,0.00,-0.00,0.00,0.00,-0.00,4272337.41,-0.00,-0.00,167642.70,10.00
60470.00,5178493.72,502928.09,440.91,-0.00,-0.00,0.00,0.00,-0.00,0.00,0.00,-0.00,4274013.84,-0.00,0.00,167642.70,10.00
60480.00,5178493.72,502928.09,440.91,-0.00,-0.00,0.00,0.00,-0.00,0.00,0.00,-0.00,4275690.27,-0.00,0.00,167642.70,10.00
60490.00,5178493.72,502928.09,440.91,-0.00,-0.00,0.00,0.00,-0.00,0.00,0.00,-0.00,4277366.69,0.00,0.00,167642.70,10.00
60500.00,5178493.72,502928.09,440.91,-0.00,-0.00,0.00,0.00,-0.00,0.00,0.00,-0.00,4279043.12,-0.00,0.00,167642.70,10.00
60510.00,5178493.72,502928.09,440.91,-0.00,-0.00,0.00,0.00,-0.00,0.00,0.00,-0.00,4280719.55,0.00,-0.00,167642.70,18.00
60528.00,5178493.72,502928.09,440.91,-0.00,-0.00,0.00,0.00,-0.00,0.00,0.00,-0.00,4283737.12,0.00,0.00,167642.70,10.00
60538.00,5178493.72,502928.09,440.91,-0.00,-0.00,0.00,0.00,-0.00,0.00,0.00,-0.00,4285413.54,0.00,0.00,167642.70,10.00
60548.00,5178493.72,502928.09,440.91,-0.00,-0.00,0.00,0.00,-0.00,0.00,0.00,-0.00,4287089.97,0.00,-0.00,167642.70,10.00
60563.00,5178493.72,502928.09,440.91,-0.00,-0.00,0.00,0.00,-0.00,0.00,0.00,-0.00,4289604.61,0.00,0.00,167642.70,10.00
60573.00,5178493.72,502928.09,440.91,-0.00,-0.00,0.00,0.00,-0.00,0.00,0.00,-0.00,4291281.04,0.00,0.00,167642.70,10.00
60583.00,5178493.72,502928.09,440.91,-0.00,-0.00,0.00,0.00,-0.00,0.00,0.00,-0.00,4292957.46,0.00,0.00,167642.70,10.00
60593.00,5178493.72,502928.09,440.91,-0.00,-0.00,0.00,0.00,-0.00,0.00,0.00,-0.00,4294633.89,0.00,0.00,167642.70,10.00
60603.00,5178493.69,502928.12,440.88,0.00,0.00,0.00,0.00,0.00,0.00,0.00,-0.00,4296310.32,0.00,0.00,167642.70,10.00
60613.00,5178493.69,502928.12,440.88,0.00,0.00,0.00,0.00,0.00,0.00,0.00,-0.00,4297986.75,0.00,0.00,167642.71,10.00
60623.00,5178493.69,502928.12,440.88,0.00,0.00,0.00,0.00,0.00,0.00,0.00,-0.00,4299663.17,0.00,0.00,167642.71,18.00
60641.00,5178493.69,502928.12,440.88,0.00,0.00,0.00,0.00,0.00,0.00,0.00,-0.00,4302680.74,0.00,0.00,167642.70,10.00
60651.00,5178493.69,502928.12,440.88,0.00,0.00,0.00,0.00,0.00,0.00,0.00,-0.00,4304357.17,-0.00,-0.00,167642.71,10.00
60661.00,5178493.69,502928.12,440.88,0.00,0.00,0.00,0.00,0.00,0.00,0.00,-0.00,4306033.60,0.00,0.00,167642.70,10.00
60680.00,5178493.69,502928.12,440.88,0.00,0.00,0.00,0.00,0.00,0.00,0.00,-0.00,4309218.81,0.00,0.00,167642.71,10.00
60690.00,5178493.69,502928.12,440.88,0.00,0.00,0.00,0.00,0.00,0.00,0.00,-0.00,4310895.23,0.00,0.00,167642.71,10.00
60700.00,5178493.69,502928.12,440.88,0.00,0.00,0.00,0.00,0.00,0.00,0.00,-0.00,4312571.66,0.00,0.00,167642.70,10.00
60710.00,5178493.69,502928.12,440.88,0.00,0.00,0.00,0.00,0.00,0.00,0.00,-0.00,4314248.09,0.00,-0.00,167642.71,10.00
60720.00,5178493.69,502928.12,440.88,0.00,0.00,0.00,0.00,0.00,0.00,0.00,-0.00,4315924.52,0.00,-0.00,167642.71,18.00
60738.00,5178493.69,502928.12,440.88,0.00,0.00,0.00,0.00,0.00,0.00,0.00,-0.00,4318942.08,-0.00,-0.00,167642.70,10.00
60748.00,5178493.69,502928.12,440.88,0.00,0.00,0.00,0.00,0.00,0.00,0.00,-0.00,4320618.51,-0.00,0.00,167642.71,10.00
60758.00,5178493.69,502928.12,440.88,0.00,0.00,0.00,0.00,0.00,0.00,0.00,-0.00,4322294.94,0.00,-0.00,167642.70,10.00
60768.00,5178493.69,502928.12,440.88,0.00,0.00,0.00,0.00,0.00,0.00,0.00,-0.00,4323971.37,0.00,0.00,167642.71,10.00
60778.00,5178493.69,502928.12,440.88,0.00,0.00,0.00,0.00,0.00,0.00,0.00,-0.00,4325647.79,0.00,0.00,167642.71,10.00
60793.00,5178493.69,502928.12,440.88,0.00,0.00,0.00,0.00,0.00,0.00,0.00,-0.00,4328162.43,0.00,-0.00,167642.71,10.00
60803.00,5178493.66,502928.14,440.87,-0.00,0.00,0.00,-0.00,0.00,0.00,0.00,-0.00,4329838.86,-0.00,0.00,167642.71,10.00
60813.00,5178493.66,502928.14,440.87,-0.00,0.00,0.00,-0.00,0.00,0.00,0.00,-0.00,4331515.29,0.00,0.00,167642.71,18.00
60831.00,5178493.66,502928.14,440.87,-0.00,0.00,0.00,-0.00,0.00,0.00,0.00,-0.00,4334532.86,0.00,0.00,167642.71,10.00
60841.00,5178493.66,502928.14,440.87,-0.00,0.00,0.00,-0.00,0.00,0.00,0.00,-0.00,4336209.28,0.00,0.00,167642.71,10.00
60851.00,5178493.66,502928.14,440.87,-0.00,0.00,0.00,-0.00,0.00,0.00,0.00,-0.00,4337885.71,0.00,-0.00,167642.72,10.00
60861.00,5178493.66,502928.14,440.87,-0.00,0.00,0.00,-0.00,0.00,0.00,0.00,-0.00,4339562.14,0.00,-0.00,167642.71,10.00
60871.00,5178493.66,502928.14,440.87,-0.00,0.00,0.00,-0.00,0.00,0.00,0.00,-0.00,4341238.56,0.00,-0.00,167642.71,10.00
60881.00,5178493.66,502928.14,440.87,-0.00,0.00,0.00,-0.00,0.00,0.00,0.00,-0.00,4342914.99,0.00,-0.00,167642.71,10.00
60891.00,5178493.66,502928.14,440.87,-0.00,0.00,0.00,-0.00,0.00,0.00,0.00,-0.00,4344591.42,0.00,-0.00,167642.71,10.00
60905.00,5178493.66,502928.14,440.87,-0.00,0.00,0.00,-0.00,0.00,0.00,0.00,-0.00,4346938.42,0.00,0.00,167642.71,10.00
60915.00,5178493.66,502928.14,440.87,-0.00,0.00,0.00,-0.00,0.00,0.00,0.00,-0.00,4348614.84,0.00,0.00,167642.71,10.00
60925.00,5178493.66,502928.14,440.87,-0.00,0.00,0.00,-0.00,0.00,0.00,0.00,-0.00,4350291.27,0.00,0.00,167642.71,17.00
60942.00,5178493.66,502928.14,440.87,-0.00,0.00,0.00,-0.00,0.00,0.00,0.00,-0.00,4353141.20,0.00,0.00,167642.71,10.00
60952.00,5178493.66,502928.14,440.87,-0.00,0.00,0.00,-0.00,0.00,0.00,0.00,-0.00,4354817.62,-0.00,-0.00,167642.71,10.00
60962.00,5178493.66,502928.14,440.87,-0.00,0.00,0.00,-0.00,0.00,0.00,0.00,-0.00,4356494.05,0.00,-0.00,167642.71,10.00
60972.00,5178493.66,502928.14,440.87,-0.00,0.00,0.00,-0.00,0.00,0.00,0.00,-0.00,4358170.48,0.00,0.00,167642.71,10.00
60982.00,5178493.66,502928.14,440.87,-0.00,0.00,0.00,-0.00,0.00,0.00,0.00,-0.00,4359846.91,0.00,-0.00,167642.71,10.00
60992.00,5178493.66,502928.14,440.87,-0.00,0.00,0.00,-0.00,0.00,0.00,0.00,-0.00,4361523.33,0.00,0.00,167642.71,10.00
61002.00,5178493.66,502928.14,440.87,-0.00,0.00,0.00,-0.00,0.00,0.00,0.00,-0.00,4363199.76,0.00,0.00,167642.71,10.00
61017.00,5178493.62,502928.17,440.84,0.00,0.00,0.00,0.00,-0.00,-0.00,0.00,-0.00,4365714.40,-0.00,-0.00,167642.71,17.00
61034.00,5178493.62,502928.17,440.84,0.00,0.00,0.00,0.00,-0.00,-0.00,0.00,-0.00,4368564.33,-0.00,-0.00,167642.72,10.00
61044.00,5178493.62,502928.17,440.84,0.00,0.00,0.00,0.00,-0.00,-0.00,0.00,-0.00,4370240.75,0.00,0.00,167642.72,10.00
61054.00,5178493.62,502928.17,440.84,0.00,0.00,0.00,0.00,-0.00,-0.00,0.00,-0.00,4371917.18,0.00,-0.00,167642.72,10.00
61064.00,5178493.62,502928.17,440.84,0.00,0.00,0.00,0.00,-0.00,-0.00,0.00,-0.00,4373593.61,0.00,-0.00,167642.72,10.00
61074.00,5178493.62,502928.17,440.84,0.00,0.00,0.00,0.00,-0.00,-0.00,0.00,-0.00,4375270.04,0.00,-0.00,167642.72,10.00
61084.00,5178493.62,502928.17,440.84,0.00,0.00,0.00,0.00,-0.00,-0.00,0.00,-0.00,4376946.46,0.00,-0.00,167642.72,10.00
61094.00,5178493.62,502928.17,440.84,0.00,0.00,0.00,0.00,-0.00,-0.00,0.00,-0.00,4378622.89,-0.00,0.00,167642.72,10.00
61104.00,5178493.62,502928.17,440.84,0.00,0.00,0.00,0.00,-0.00,-0.00,0.00,-0.00,4380299.32,-0.00,-0.00,167642.73,10.00
61114.00,5178493.62,502928.17,440.84,0.00,0.00,0.00,0.00,-0.00,-0.00,0.00,-0.00,4381975.74,-0.00,0.00,167642.72,18.00
61137.00,5178493.62,502928.17,440.84,0.00,0.00,0.00,0.00,-0.00,-0.00,0.00,-0.00,4385831.53,0.00,0.00,167642.73,10.00
61147.00,5178493.62,502928.17,440.84,0.00,0.00,0.00,0.00,-0.00,-0.00,0.00,-0.00,4387507.95,0.00,-0.00,167642.72,10.00
61157.00,5178493.62,502928.17,440.84,0.00,0.00,0.00,0.00,-0.00,-0.00,0.00,-0.00,4389184.38,0.00,-0.00,167642.72,10.00
61167.00,5178493.62,502928.17,440.84,0.00,0.00,0.00,0.00,-0.00,-0.00,0.00,-0.00,4390860.81,0.00,0.00,167642.72,10.00
61177.00,5178493.62,502928.17,440.84,0.00,0.00,0.00,0.00,-0.00,-0.00,0.00,-0.00,4392537.24,-0.00,0.00,167642.72,10.00
61187.00,5178493.62,502928.17,440.84,0.00,0.00,0.00,0.00,-0.00,-0.00,0.00,-0.00,4394213.66,0.00,-0.00,167642.72,10.00
61197.00,5178493.62,502928.17,440.84,0.00,0.00,0.00,0.00,-0.00,-0.00,0.00,-0.00,4395890.09,0.00,-0.00,167642.72,10.00
61207.00,5178493.62,502928.17,440.84,0.00,0.00,0.00,0.00,-0.00,-0.00,0.00,-0.00,4397566.52,0.00,0.00,167642.72,10.00
61217.00,5178493.60,502928.20,440.83,0.00,0.00,-0.00,0.00,0.00,-0.00,0.00,-0.00,4399242.95,0.00,0.00,167642.72,16.00
61233.00,5178493.60,502928.20,440.83,0.00,0.00,-0.00,0.00,0.00,-0.00,0.00,-0.00,4401925.23,0.00,0.00,167642.73,10.00
61252.00,5178493.60,502928.20,440.83,0.00,0.00,-0.00,0.00,0.00,-0.00,0.00,-0.00,4405110.44,0.00,0.00,167642.73,10.00
61262.00,5178493.60,502928.20,440.83,0.00,0.00,-0.00,0.00,0.00,-0.00,0.00,-0.00,4406786.87,0.00,0.00,167642.73,10.00
61272.00,5178493.60,502928.20,440.83,0.00,0.00,-0.00,0.00,0.00,-0.00,0.00,-0.00,4408463.30,0.00,-0.00,167642.73,10.00
61282.00,5178493.60,502928.20,440.83,0.00,0.00,-0.00,0.00,0.00,-0.00,0.00,-0.00,4410139.72,-0.00,-0.00,167642.73,10.00
61292.00,5178493.60,502928.20,440.83,0.00,0.00,-0.00,0.00,0.00,-0.00,0.00,-0.00,4411816.15,-0.00,-0.00,167642.73,10.00
61302.00,5178493.60,502928.20,440.83,0.00,0.00,-0.00,0.00,0.00,-0.00,0.00,-0.00,4413492.58,-0.00,0.00,167642.73,10.00
61312.00,5178493.60,502928.20,440.83,0.00,0.00,-0.00,0.00,0.00,-0.00,0.00,-0.00,4415169.00,0.00,0.00,167642.73,10.00
61322.00,5178493.60,502928.20,440.83,0.00,0.00,-0.00,0.00,0.00,-0.00,0.00,-0.00,4416845.43,0.00,0.00,167642.73,17.00
61339.00,5178493.60,502928.20,440.83,0.00,0.00,-0.00,0.00,0.00,-0.00,0.00,-0.00,4419695.36,0.00,-0.00,167642.73,10.00
61349.00,5178493.60,502928.20,440.83,0.00,0.00,-0.00,0.00,0.00,-0.00,0.00,-0.00,4421371.79,0.00,0.00,167642.73,10.00
61364.00,5178493.60,502928.20,440.83,0.00,0.00,-0.00,0.00,0.00,-0.00,0.00,-0.00,4423886.43,0.00,0.00,167642.73,10.00
61374.00,5178493.60,502928.20,440.83,0.00,0.00,-0.00,0.00,0.00,-0.00,0.00,-0.00,4425562.85,0.00,-0.00,167642.73,10.00
61384.00,5178493.60,502928.20,440.83,0.00,0.00,-0.00,0.00,0.00,-0.00,0.00,-0.00,4427239.28,0.00,0.00,167642.73,10.00
61394.00,5178493.60,502928.20,440.83,0.00,0.00,-0.00,0.00,0.00,-0.00,0.00,-0.00,4428915.71,0.00,0.00,167642.73,10.00
61404.00,5178493.60,502928.20,440.83,0.00,0.00,-0.00,0.00,0.00,-0.00,0.00,-0.00,4430592.14,0.00,-0.00,167642.73,10.00
61414.00,5178493.60,502928.20,440.83,0.00,0.00,-0.00,0.00,0.00,-0.00,0.00,-0.00,4432268.56,0.00,0.00,167642.73,10.00
61424.00,5178493.58,502928.22,440.83,-0.00,0.00,0.00,-0.00,-0.00,0.00,0.00,-0.00,4433944.99,-0.00,0.00,167642.73,19.00
61443.00,5178493.58,502928.22,440.83,-0.00,0.00,0.00,-0.00,-0.00,0.00,0.00,-0.00,4437130.20,0.00,-0.00,167642.74,10.00
61453.00,5178493.58,502928.22,440.83,-0.00,0.00,0.00,-0.00,-0.00,0.00,0.00,-0.00,4438806.63,0.00,-0.00,167642.74,10.00
61463.00,5178493.58,502928.22,440.83,-0.00,0.00,0.00,-0.00,-0.00,0.00,0.00,-0.00,4440483.06,0.00,0.00,167642.74,10.00
61482.00,5178493.58,502928.22,440.83,-0.00,0.00,0.00,-0.00,-0.00,0.00,0.00,-0.00,4443668.27,-0.00,0.00,167642.74,10.00
61492.00,5178493.58,502928.22,440.83,-0.00,0.00,0.00,-0.00,-0.00,0.00,0.00,-0.00,4445344.70,-0.00,0.00,167642.74,10.00
61502.00,5178493.58,502928.22,440.83,-0.00,0.00,0.00,-0.00,-0.00,0.00,0.00,-0.00,4447021.12,0.00,0.00,167642.74,10.00
61512.00,5178493.58,502928.22,440.83,-0.00,0.00,0.00,-0.00,-0.00,0.00,0.00,-0.00,4448697.55,0.00,0.00,167642.74,17.00
61529.00,5178493.58,502928.22,440.83,-0.00,0.00,0.00,-0.00,-0.00,0.00,0.00,-0.00,4451547.48,-0.00,0.00,167642.74,10.00
61539.00,5178493.58,502928.22,440.83,-0.00,0.00,0.00,-0.00,-0.00,0.00,0.00,-0.00,4453223.91,0.00,0.00,167642.74,10.00
61549.00,5178493.58,502928.22,440.83,-0.00,0.00,0.00,-0.00,-0.00,0.00,0.00,-0.00,4454900.33,0.00,0.00,167642.74,10.00
61559.00,5178493.58,502928.22,440.83,-0.00,0.00,0.00,-0.00,-0.00,0.00,0.00,-0.00,4456576.76,0.00,0.00,167642.74,10.00
61569.00,5178493.58,502928.22,440.83,-0.00,0.00,0.00,-0.00,-0.00,0.00,0.00,-0.00,4458253.19,0.00,0.00,167642.74,10.00
61579.00,5178493.58,502928.22,440.83,-0.00,0.00,0.00,-0.00,-0.00,0.00,0.00,-0.00,4459929.62,0.00,0.00,167642.74,10.00
61593.00,5178493.58,502928.22,440.83,-0.00,0.00,0.00,-0.00,-0.00,0.00,0.00,-0.00,4462276.61,-0.00,-0.00,167642.74,10.00
61603.00,5178493.58,502928.22,440.83,-0.00,0.00,0.00,-0.00,-0.00,0.00,0.00,-0.00,4463953.04,0.00,0.00,167642.74,10.00
61613.00,5178493.58,502928.22,440.83,-0.00,0.00,0.00,-0.00,-0.00,0.00,0.00,-0.00,4465629.47,0.00,-0.00,167642.74,17.00
61630.00,5178493.57,502928.23,440.80,-0.00,0.00,0.00,0.00,-0.00,0.00,0.00,-0.00,4468479.40,-0.00,0.00,167642.74,10.00
61640.00,5178493.57,502928.23,440.80,-0.00,0.00,0.00,0.00,-0.00,0.00,0.00,-0.00,4470155.82,0.00,-0.00,167642.74,10.00
61650.00,5178493.57,502928.23,440.80,-0.00,0.00,0.00,0.00,-0.00,0.00,0.00,-0.00,4471832.25,-0.00,0.00,167642.74,10.00
61660.00,5178493.57,502928.23,440.80,-0.00,0.00,0.00,0.00,-0.00,0.00,0.00,-0.00,4473508.68,0.00,-0.00,167642.74,10.00
61670.00,5178493.57,502928.23,440.80,-0.00,0.00,0.00,0.00,-0.00,0.00,0.00,-0.00,4475185.10,-0.00,-0.00,167642.75,10.00
61680.00,5178493.57,502928.23,440.80,-0.00,0.00,0.00,0.00,-0.00,0.00,0.00,-0.00,4476861.53,0.00,-0.00,167642.74,10.00
61690.00,5178493.57,502928.23,440.80,-0.00,0.00,0.00,0.00,-0.00,0.00,0.00,-0.00,4478537.96,0.00,-0.00,167642.74,10.00
61705.00,5178493.57,502928.23,440.80,-0.00,0.00,0.00,0.00,-0.00,0.00,0.00,-0.00,4481052.60,0.00,0.00,167642.74,10.00
61715.00,5178493.57,502928.23,440.80,-0.00,0.00,0.00,0.00,-0.00,0.00,0.00,-0.00,4482729.03,-0.00,-0.00,167642.74,19.00
61734.00,5178493.57,502928.23,440.80,-0.00,0.00,0.00,0.00,-0.00,0.00,0.00,-0.00,4485914.24,0.00,0.00,167642.74,10.00
61744.00,5178493.57,502928.23,440.80,-0.00,0.00,0.00,0.00,-0.00,0.00,0.00,-0.00,4487590.67,-0.00,0.00,167642.74,10.00
61754.00,5178493.57,502928.23,440.80,-0.00,0.00,0.00,0.00,-0.00,0.00,0.00,-0.00,4489267.10,-0.00,0.00,167642.74,10.00
61764.00,5178493.57,502928.23,440.80,-0.00,0.00,0.00,0.00,-0.00,0.00,0.00,-0.00,4490943.52,0.00,0.00,167642.75,10.00
61774.00,5178493.57,502928.23,440.80,-0.00,0.00,0.00,0.00,-0.00,0.00,0.00,-0.00,4492619.95,0.00,0.00,167642.74,10.00
61784.00,5178493.57,502928.23,440.80,-0.00,0.00,0.00,0.00,-0.00,0.00,0.00,-0.00,4494296.38,0.00,0.00,167642.74,10.00
61794.00,5178493.57,502928.23,440.80,-0.00,0.00,0.00,0.00,-0.00,0.00,0.00,-0.00,4495972.81,0.00,0.00,167642.74,10.00
61804.00,5178493.57,502928.23,440.80,-0.00,0.00,0.00,0.00,-0.00,0.00,0.00,-0.00,4497649.23,-0.00,-0.00,167642.74,10.00
61819.00,5178493.57,502928.23,440.80,-0.00,0.00,0.00,0.00,-0.00,0.00,0.00,-0.00,4500163.87,-0.00,-0.00,167642.74,18.00
61837.00,5178493.55,502928.24,440.76,0.00,0.00,-0.00,0.00,0.00,-0.00,0.00,-0.00,4503181.44,0.00,0.00,167642.74,10.00
61847.00,5178493.55,502928.24,440.76,0.00,0.00,-0.00,0.00,0.00,-0.00,0.00,-0.00,4504857.87,0.00,0.00,167642.75,10.00
61857.00,5178493.55,502928.24,440.76,0.00,0.00,-0.00,0.00,0.00,-0.00,0.00,-0.00,4506534.30,0.00,-0.00,167642.75,10.00
61867.00,5178493.55,502928.24,440.76,0.00,0.00,-0.00,0.00,0.00,-0.00,0.00,-0.00,4508210.73,-0.00,-0.00,167642.75,10.00
61877.00,5178493.55,502928.24,440.76,0.00,0.00,-0.00,0.00,0.00,-0.00,0.00,-0.00,4509887.15,-0.00,-0.00,167642.75,10.00
61887.00,5178493.55,502928.24,440.76,0.00,0.00,-0.00,0.00,0.00,-0.00,0.00,-0.00,4511563.58,-0.00,0.00,167642.75,10.00
61897.00,5178493.55,502928.24,440.76,0.00,0.00,-0.00,0.00,0.00,-0.00,0.00,-0.00,4513240.01,-0.00,-0.00,167642.75,10.00
61907.00,5178493.55,502928.24,440.76,0.00,0.00,-0.00,0.00,0.00,-0.00,0.00,-0.00,4514916.44,0.00,0.00,167642.75,18.00
61925.00,5178493.55,502928.24,440.76,0.00,0.00,-0.00,0.00,0.00,-0.00,0.00,-0.00,4517934.01,-0.00,-0.00,167642.75,10.00
61940.00,5178493.55,502928.24,440.76,0.00,0.00,-0.00,0.00,0.00,-0.00,0.00,-0.00,4520448.65,0.00,-0.00,167642.75,10.00
61950.00,5178493.55,502928.24,440.76,0.00,0.00,-0.00,0.00,0.00,-0.00,0.00,-0.00,4522125.07,0.00,0.00,167642.75,10.00
61960.00,5178493.55,502928.24,440.76,0.00,0.00,-0.00,0.00,0.00,-0.00,0.00,-0.00,4523801.50,-0.00,0.00,167642.75,10.00
61970.00,5178493.55,502928.24,440.76,0.00,0.00,-0.00,0.00,0.00,-0.00,0.00,-0.00,4525477.93,0.00,0.00,167642.75,10.00
61980.00,5178493.55,502928.24,440.76,0.00,0.00,-0.00,0.00,0.00,-0.00,0.00,-0.00,4527154.36,0.00,0.00,167642.75,10.00
61990.00,5178493.55,502928.24,440.76,0.00,0.00,-0.00,0.00,0.00,-0.00,0.00,-0.00,4528830.78,0.00,0.00,167642.75,10.00
62000.00,5178493.55,502928.24,440.76,0.00,0.00,-0.00,0.00,0.00,-0.00,0.00,-0.00,4530507.21,-0.00,0.00,167642.75,10.00
62010.00,5178493.55,502928.24,440.76,0.00,0.00,-0.00,0.00,0.00,-0.00,0.00,-0.00,4532183.64,0.00,0.00,167642.75,17.00
62027.00,5178493.55,502928.24,440.76,0.00,0.00,-0.00,0.00,0.00,-0.00,0.00,-0.00,4535033.57,0.00,0.00,167642.75,10.00
62037.00,5178493.54,502928.26,440.72,0.00,0.00,0.00,0.00,-0.00,0.00,0.00,-0.00,4536709.99,0.00,0.00,167642.75,10.00
62056.00,5178493.54,502928.26,440.72,0.00,0.00,0.00,0.00,-0.00,0.00,0.00,-0.00,4539895.21,0.00,0.00,167642.75,10.00
62066.00,5178493.54,502928.26,440.72,0.00,0.00,0.00,0.00,-0.00,0.00,0.00,-0.00,4541571.63,-0.00,-0.00,167642.75,10.00
62076.00,5178493.54,502928.26,440.72,0.00,0.00,0.00,0.00,-0.00,0.00,0.00,-0.00,4543248.06,0.00,0.00,167642.75,10.00
62086.00,5178493.54,502928.26,440.72,0.00,0.00,0.00,0.00,-0.00,0.00,0.00,-0.00,4544924.49,0.00,-0.00,167642.75,10.00
62096.00,5178493.54,502928.26,440.72,0.00,0.00,0.00,0.00,-0.00,0.00,0.00,-0.00,4546600.92,0.00,-0.00,167642.75,10.00
62106.00,5178493.54,502928.26,440.72,0.00,0.00,0.00,0.00,-0.00,0.00,0.00,-0.00,4548277.34,0.00,0.00,167642.75,19.00
62125.00,5178493.54,502928.26,440.72,0.00,0.00,0.00,0.00,-0.00,0.00,0.00,-0.00,4551462.55,0.00,0.00,167642.75,10.00
62135.00,5178493.54,502928.26,440.72,0.00,0.00,0.00,0.00,-0.00,0.00,0.00,-0.00,4553138.98,0.00,0.00,167642.75,10.00
62145.00,5178493.54,502928.26,440.72,0.00,0.00,0.00,0.00,-0.00,0.00,0.00,-0.00,4554815.41,0.00,0.00,167642.75,10.00
62155.00,5178493.54,502928.26,440.72,0.00,0.00,0.00,0.00,-0.00,0.00,0.00,-0.00,4556491.84,0.00,-0.00,167642.75,10.00
62235.00,5178493.54,502928.26,440.72,0.00,0.00,0.00,0.00,-0.00,0.00,0.00,-0.00,4569903.26,0.00,0.00,167642.75,17.00
62252.00,5178493.52,502928.27,440.68,0.00,0.00,0.00,-0.00,0.00,0.00,0.00,-0.00,4572753.18,0.00,0.00,167642.75,10.00
62262.00,5178493.52,502928.27,440.68,0.00,0.00,0.00,-0.00,0.00,0.00,0.00,-0.00,4574429.61,0.00,0.00,167642.76,10.00
62272.00,5178493.52,502928.27,440.68,0.00,0.00,0.00,-0.00,0.00,0.00,0.00,-0.00,4576106.04,-0.00,-0.00,167642.76,10.00
62282.00,5178493.52,502928.27,440.68,0.00,0.00,0.00,-0.00,0.00,0.00,0.00,-0.00,4577782.47,0.00,0.00,167642.76,10.00
62292.00,5178493.52,502928.27,440.68,0.00,0.00,0.00,-0.00,0.00,0.00,0.00,-0.00,4579458.89,-0.00,-0.00,167642.75,10.00
62302.00,5178493.52,502928.27,440.68,0.00,0.00,0.00,-0.00,0.00,0.00,0.00,-0.00,4581135.32,0.00,-0.00,167642.76,10.00
62312.00,5178493.52,502928.27,440.68,0.00,0.00,0.00,-0.00,0.00,0.00,0.00,-0.00,4582811.75,-0.00,-0.00,167642.75,10.00
62322.00,5178493.52,502928.27,440.68,0.00,0.00,0.00,-0.00,0.00,0.00,0.00,-0.00,4584488.18,0.00,0.00,167642.75,16.00
62338.00,5178493.52,502928.27,440.68,0.00,0.00,0.00,-0.00,0.00,0.00,0.00,-0.00,4587170.46,0.00,0.00,167642.76,10.00
62352.00,5178493.52,502928.27,440.68,0.00,0.00,0.00,-0.00,0.00,0.00,0.00,-0.00,4589517.46,-0.00,0.00,167642.76,10.00
62362.00,5178493.52,502928.27,440.68,0.00,0.00,0.00,-0.00,0.00,0.00,0.00,-0.00,4591193.89,0.00,-0.00,167642.76,10.00
62372.00,5178493.52,502928.27,440.68,0.00,0.00,0.00,-0.00,0.00,0.00,0.00,-0.00,4592870.32,0.00,-0.00,167642.76,10.00
62382.00,5178493.52,502928.27,440.68,0.00,0.00,0.00,-0.00,0.00,0.00,0.00,-0.00,4594546.74,0.00,0.00,167642.76,10.00
62392.00,5178493.52,502928.27,440.68,0.00,0.00,0.00,-0.00,0.00,0.00,0.00,-0.00,4596223.17,0.00,-0.00,167642.76,10.00
62402.00,5178493.52,502928.27,440.68,0.00,0.00,0.00,-0.00,0.00,0.00,0.00,-0.00,4597899.60,0.00,-0.00,167642.75,10.00
62412.00,5178493.52,502928.27,440.68,0.00,0.00,0.00,-0.00,0.00,0.00,0.00,-0.00,4599576.03,0.00,-0.00,167642.76,16.00
62428.00,5178493.52,502928.27,440.68,0.00,0.00,0.00,-0.00,0.00,0.00,0.00,-0.00,4602258.31,-0.00,-0.00,167642.75,10.00
62438.00,5178493.52,502928.27,440.68,0.00,0.00,0.00,-0.00,0.00,0.00,0.00,-0.00,4603934.74,0.00,0.00,167642.76,10.00
62448.00,5178493.52,502928.27,440.68,0.00,0.00,0.00,-0.00,0.00,0.00,0.00,-0.00,4605611.16,-0.00,0.00,167642.76,10.00
62463.00,5178493.48,502928.28,440.63,0.00,-0.00,0.00,0.00,-0.00,-0.00,0.00,-0.00,4608125.81,0.00,-0.00,167642.76,10.00
62473.00,5178493.48,502928.28,440.63,0.00,-0.00,0.00,0.00,-0.00,-0.00,0.00,-0.00,4609802.23,0.00,0.00,167642.76,10.00
62483.00,5178493.48,502928.28,440.63,0.00,-0.00,0.00,0.00,-0.00,-0.00,0.00,-0.00,4611478.66,-0.00,0.00,167642.76,10.00
62493.00,5178493.48,502928.28,440.63,0.00,-0.00,0.00,0.00,-0.00,-0.00,0.00,-0.00,4613155.09,0.00,0.00,167642.76,10.00
62503.00,5178493.48,502928.28,440.63,0.00,-0.00,0.00,0.00,-0.00,-0.00,0.00,-0.00,4614831.52,-0.00,-0.00,167642.76,10.00
62513.00,5178493.48,502928.28,440.63,0.00,-0.00,0.00,0.00,-0.00,-0.00,0.00,-0.00,4616507.94,0.00,-0.00,167642.76,15.00
62528.00,5178493.48,502928.28,440.63,0.00,-0.00,0.00,0.00,-0.00,-0.00,0.00,-0.00,4619022.59,0.00,0.00,167642.76,10.00
62538.00,5178493.48,502928.28,440.63,0.00,-0.00,0.00,0.00,-0.00,-0.00,0.00,-0.00,4620699.01,-0.00,-0.00,167642.76,10.00
62548.00,5178493.48,502928.28,440.63,0.00,-0.00,0.00,0.00,-0.00,-0.00,0.00,-0.00,4622375.44,0.00,0.00,167642.76,10.00
62558.00,5178493.48,502928.28,440.63,0.00,-0.00,0.00,0.00,-0.00,-0.00,0.00,-0.00,4624051.87,0.00,0.00,167642.76,10.00
62573.00,5178493.48,502928.28,440.63,0.00,-0.00,0.00,0.00,-0.00,-0.00,0.00,-0.00,4626566.51,0.00,0.00,167642.76,10.00
62583.00,5178493.48,502928.28,440.63,0.00,-0.00,0.00,0.00,-0.00,-0.00,0.00,-0.00,4628242.94,0.00,0.00,167642.76,10.00
62593.00,5178493.48,502928.28,440.63,0.00,-0.00,0.00,0.00,-0.00,-0.00,0.00,-0.00,4629919.36,0.00,0.00,167642.76,10.00
62603.00,5178493.48,502928.28,440.63,0.00,-0.00,0.00,0.00,-0.00,-0.00,0.00,-0.00,4631595.79,0.00,0.00,167642.76,10.00
62613.00,5178493.48,502928.28,440.63,0.00,-0.00,0.00,0.00,-0.00,-0.00,0.00,-0.00,4633272.22,0.00,0.00,167642.76,16.00
62629.00,5178493.48,502928.28,440.63,0.00,-0.00,0.00,0.00,-0.00,-0.00,0.00,-0.00,4635954.50,0.00,-0.00,167642.76,10.00
62639.00,5178493.48,502928.28,440.63,0.00,-0.00,0.00,0.00,-0.00,-0.00,0.00,-0.00,4637630.93,0.00,0.00,167642.76,10.00
62649.00,5178493.48,502928.28,440.63,0.00,-0.00,0.00,0.00,-0.00,-0.00,0.00,-0.00,4639307.36,0.00,0.00,167642.76,10.00
62659.00,5178493.48,502928.28,440.63,0.00,-0.00,0.00,0.00,-0.00,-0.00,0.00,-0.00,4640983.79,-0.00,0.00,167642.76,10.00
62669.00,5178493.45,502928.30,440.59,0.00,-0.00,0.00,0.00,0.00,-0.00,0.00,-0.00,4642660.21,0.00,-0.00,167642.76,10.00
62684.00,5178493.45,502928.30,440.59,0.00,-0.00,0.00,0.00,0.00,-0.00,0.00,-0.00,4645174.86,0.00,0.00,167642.76,10.00
62694.00,5178493.45,502928.30,440.59,0.00,-0.00,0.00,0.00,0.00,-0.00,0.00,-0.00,4646851.28,0.00,0.00,167642.77,10.00
62704.00,5178493.45,502928.30,440.59,0.00,-0.00,0.00,0.00,0.00,-0.00,0.00,-0.00,4648527.71,0.00,-0.00,167642.77,10.00
62714.00,5178493.45,502928.30,440.59,0.00,-0.00,0.00,0.00,0.00,-0.00,0.00,-0.00,4650204.14,-0.00,0.00,167642.77,16.00
62730.00,5178493.45,502928.30,440.59,0.00,-0.00,0.00,0.00,0.00,-0.00,0.00,-0.00,4652886.42,0.00,0.00,167642.76,10.00
62740.00,5178493.45,502928.30,440.59,0.00,-0.00,0.00,0.00,0.00,-0.00,0.00,-0.00,4654562.85,-0.00,-0.00,167642.77,10.00
62750.00,5178493.45,502928.30,440.59,0.00,-0.00,0.00,0.00,0.00,-0.00,0.00,-0.00,4656239.28,-0.00,-0.00,167642.77,10.00
62760.00,5178493.45,502928.30,440.59,0.00,-0.00,0.00,0.00,0.00,-0.00,0.00,-0.00,4657915.71,-0.00,0.00,167642.77,10.00
62770.00,5178493.45,502928.30,440.59,0.00,-0.00,0.00,0.00,0.00,-0.00,0.00,-0.00,4659592.13,-0.00,0.00,167642.76,10.00
62780.00,5178493.45,502928.30,440.59,0.00,-0.00,0.00,0.00,0.00,-0.00,0.00,-0.00,4661268.56,-0.00,0.00,167642.76,10.00
62795.00,5178493.45,502928.30,440.59,0.00,-0.00,0.00,0.00,0.00,-0.00,0.00,-0.00,4663783.20,0.00,0.00,167642.76,10.00
62805.00,5178493.45,502928.30,440.59,0.00,-0.00,0.00,0.00,0.00,-0.00,0.00,-0.00,4665459.63,0.00,0.00,167642.76,10.00
62815.00,5178493.45,502928.30,440.59,0.00,-0.00,0.00,0.00,0.00,-0.00,0.00,-0.00,4667136.06,0.00,0.00,167642.76,16.00
62831.00,5178493.45,502928.30,440.59,0.00,-0.00,0.00,0.00,0.00,-0.00,0.00,-0.00,4669818.34,0.00,0.00,167642.77,10.00
62841.00,5178493.45,502928.30,440.59,0.00,-0.00,0.00,0.00,0.00,-0.00,0.00,-0.00,4671494.77,0.00,0.00,167642.77,10.00
62851.00,5178493.45,502928.30,440.59,0.00,-0.00,0.00,0.00,0.00,-0.00,0.00,-0.00,4673171.20,-0.00,0.00,167642.77,10.00
62861.00,5178493.45,502928.30,440.59,0.00,-0.00,0.00,0.00,0.00,-0.00,0.00,-0.00,4674847.63,0.00,-0.00,167642.76,10.00
62871.00,5178493.43,502928.31,440.56,0.00,-0.00,-0.00,0.00,0.00,-0.00,0.00,-0.00,4676524.05,0.00,-0.00,167642.76,10.00
62881.00,5178493.43,502928.31,440.56,0.00,-0.00,-0.00,0.00,0.00,-0.00,0.00,-0.00,4678200.48,0.00,0.00,167642.77,10.00
62891.00,5178493.43,502928.31,440.56,0.00,-0.00,-0.00,0.00,0.00,-0.00,0.00,-0.00,4679876.91,0.00,0.00,167642.77,10.00
62911.00,5178493.43,502928.31,440.56,0.00,-0.00,-0.00,0.00,0.00,-0.00,0.00,-0.00,4683229.76,0.00,0.00,167642.77,18.00
62929.00,5178493.43,502928.31,440.56,0.00,-0.00,-0.00,0.00,0.00,-0.00,0.00,-0.00,4686247.33,0.00,0.00,167642.77,10.00
62939.00,5178493.43,502928.31,440.56,0.00,-0.00,-0.00,0.00,0.00,-0.00,0.00,-0.00,4687923.76,-0.00,0.00,167642.77,10.00
62949.00,5178493.43,502928.31,440.56,0.00,-0.00,-0.00,0.00,0.00,-0.00,0.00,-0.00,4689600.19,0.00,0.00,167642.77,10.00
62959.00,5178493.43,502928.31,440.56,0.00,-0.00,-0.00,0.00,0.00,-0.00,0.00,-0.00,4691276.62,0.00,-0.00,167642.77,10.00
62969.00,5178493.43,502928.31,440.56,0.00,-0.00,-0.00,0.00,0.00,-0.00,0.00,-0.00,4692953.04,0.00,0.00,167642.77,10.00
62979.00,5178493.43,502928.31,440.56,0.00,-0.00,-0.00,0.00,0.00,-0.00,0.00,-0.00,4694629.47,0.00,-0.00,167642.77,10.00
62989.00,5178493.43,502928.31,440.56,0.00,-0.00,-0.00,0.00,0.00,-0.00,0.00,-0.00,4696305.90,0.00,-0.00,167642.77,10.00
62999.00,5178493.43,502928.31,440.56,0.00,-0.00,-0.00,0.00,0.00,-0.00,0.00,-0.00,4697982.33,0.00,0.00,167642.77,10.00
63009.00,5178493.43,502928.31,440.56,0.00,-0.00,-0.00,0.00,0.00,-0.00,0.00,-0.00,4699658.76,0.00,-0.00,167642.77,19.00
63033.00,5178493.43,502928.31,440.56,0.00,-0.00,-0.00,0.00,0.00,-0.00,0.00,-0.00,4703682.18,0.00,-0.00,167642.77,10.00
63043.00,5178493.43,502928.31,440.56,0.00,-0.00,-0.00,0.00,0.00,-0.00,0.00,-0.00,4705358.61,-0.00,-0.00,167642.77,10.00
63053.00,5178493.43,502928.31,440.56,0.00,-0.00,-0.00,0.00,0.00,-0.00,0.00,-0.00,4707035.04,0.00,0.00,167642.77,10.00
63063.00,5178493.43,502928.31,440.56,0.00,-0.00,-0.00,0.00,0.00,-0.00,0.00,-0.00,4708711.46,0.00,0.00,167642.77,10.00
63073.00,5178493.41,502928.32,440.52,0.00,0.00,-0.00,-0.00,0.00,-0.00,0.00,-0.00,4710387.89,0.00,0.00,167642.77,10.00
63083.00,5178493.41,502928.32,440.52,0.00,0.00,-0.00,-0.00,0.00,-0.00,0.00,-0.00,4712064.32,0.00,0.00,167642.77,10.00
63094.00,5178493.41,502928.32,440.52,0.00,0.00,-0.00,-0.00,0.00,-0.00,0.00,-0.00,4713908.39,0.00,0.00,167642.77,10.00
63104.00,5178493.41,502928.32,440.52,0.00,0.00,-0.00,-0.00,0.00,-0.00,0.00,-0.00,4715584.82,-0.00,-0.00,167642.77,10.00
63114.00,5178493.41,502928.32,440.52,0.00,0.00,-0.00,-0.00,0.00,-0.00,0.00,-0.00,4717261.25,0.00,0.00,167642.77,10.00
63124.00,5178493.41,502928.32,440.52,0.00,0.00,-0.00,-0.00,0.00,-0.00,0.00,-0.00,4718937.67,0.00,0.00,167642.77,16.00
63145.00,5178493.41,502928.32,440.52,0.00,0.00,-0.00,-0.00,0.00,-0.00,0.00,-0.00,4722458.17,0.00,0.00,167642.77,10.00
63155.00,5178493.41,502928.32,440.52,0.00,0.00,-0.00,-0.00,0.00,-0.00,0.00,-0.00,4724134.60,0.00,0.00,167642.77,10.00
63165.00,5178493.41,502928.32,440.52,0.00,0.00,-0.00,-0.00,0.00,-0.00,0.00,-0.00,4725811.03,0.00,0.00,167642.77,10.00
63175.00,5178493.41,502928.32,440.52,0.00,0.00,-0.00,-0.00,0.00,-0.00,0.00,-0.00,4727487.46,-0.00,-0.00,167642.77,10.00
63185.00,5178493.41,502928.32,440.52,0.00,0.00,-0.00,-0.00,0.00,-0.00,0.00,-0.00,4729163.88,-0.00,0.00,167642.77,10.00
63195.00,5178493.41,502928.32,440.52,0.00,0.00,-0.00,-0.00,0.00,-0.00,0.00,-0.00,4730840.31,0.00,0.00,167642.77,10.00
63205.00,5178493.41,502928.32,440.52,0.00,0.00,-0.00,-0.00,0.00,-0.00,0.00,-0.00,4732516.74,0.00,0.00,167642.77,10.00
63215.00,5178493.41,502928.32,440.52,0.00,0.00,-0.00,-0.00,0.00,-0.00,0.00,-0.00,4734193.17,0.00,0.00,167642.77,16.00
63231.00,5178493.41,502928.32,440.52,0.00,0.00,-0.00,-0.00,0.00,-0.00,0.00,-0.00,4736875.45,0.00,0.00,167642.77,10.00
63241.00,5178493.41,502928.32,440.52,0.00,0.00,-0.00,-0.00,0.00,-0.00,0.00,-0.00,4738551.88,-0.00,0.00,167642.77,10.00
63256.00,5178493.41,502928.32,440.52,0.00,0.00,-0.00,-0.00,0.00,-0.00,0.00,-0.00,4741066.52,-0.00,0.00,167642.77,10.00
63266.00,5178493.41,502928.32,440.52,0.00,0.00,-0.00,-0.00,0.00,-0.00,0.00,-0.00,4742742.95,0.00,-0.00,167642.77,10.00
63276.00,5178493.39,502928.33,440.49,-0.00,0.00,0.00,-0.00,0.00,0.00,0.00,-0.00,4744419.38,-0.00,0.00,167642.77,10.00
63286.00,5178493.39,502928.33,440.49,-0.00,0.00,0.00,-0.00,0.00,0.00,0.00,-0.00,4746095.80,-0.00,0.00,167642.78,10.00
63296.00,5178493.39,502928.33,440.49,-0.00,0.00,0.00,-0.00,0.00,0.00,0.00,-0.00,4747772.23,-0.00,-0.00,167642.78,10.00
63306.00,5178493.39,502928.33,440.49,-0.00,0.00,0.00,-0.00,0.00,0.00,0.00,-0.00,4749448.66,0.00,0.00,167642.78,10.00
63316.00,5178493.39,502928.33,440.49,-0.00,0.00,0.00,-0.00,0.00,0.00,0.00,-0.00,4751125.09,0.00,-0.00,167642.78,10.00
63326.00,5178493.39,502928.33,440.49,-0.00,0.00,0.00,-0.00,0.00,0.00,0.00,-0.00,4752801.51,0.00,-0.00,167642.78,16.00
63342.00,5178493.39,502928.33,440.49,-0.00,0.00,0.00,-0.00,0.00,0.00,0.00,-0.00,4755483.80,-0.00,-0.00,167642.78,10.00
63352.00,5178493.39,502928.33,440.49,-0.00,0.00,0.00,-0.00,0.00,0.00,0.00,-0.00,4757160.23,-0.00,0.00,167642.78,10.00
63367.00,5178493.39,502928.33,440.49,-0.00,0.00,0.00,-0.00,0.00,0.00,0.00,-0.00,4759674.87,0.00,0.00,167642.78,10.00
63377.00,5178493.39,502928.33,440.49,-0.00,0.00,0.00,-0.00,0.00,0.00,0.00,-0.00,4761351.30,-0.00,-0.00,167642.78,10.00
63387.00,5178493.39,502928.33,440.49,-0.00,0.00,0.00,-0.00,0.00,0.00,0.00,-0.00,4763027.72,0.00,-0.00,167642.78,10.00
63397.00,5178493.39,502928.33,440.49,-0.00,0.00,0.00,-0.00,0.00,0.00,0.00,-0.00,4764704.15,0.00,-0.00,167642.78,10.00
63407.00,5178493.39,502928.33,440.49,-0.00,0.00,0.00,-0.00,0.00,0.00,0.00,-0.00,4766380.58,0.00,0.00,167642.78,10.00
63417.00,5178493.39,502928.33,440.49,-0.00,0.00,0.00,-0.00,0.00,0.00,0.00,-0.00,4768057.01,-0.00,0.00,167642.78,10.00
63427.00,5178493.39,502928.33,440.49,-0.00,0.00,0.00,-0.00,0.00,0.00,0.00,-0.00,4769733.43,0.00,0.00,167642.78,16.00
63443.00,5178493.39,502928.33,440.49,-0.00,0.00,0.00,-0.00,0.00,0.00,0.00,-0.00,4772415.72,0.00,0.00,167642.78,10.00
63453.00,5178493.39,502928.33,440.49,-0.00,0.00,0.00,-0.00,0.00,0.00,0.00,-0.00,4774092.15,-0.00,0.00,167642.78,10.00
63463.00,5178493.39,502928.33,440.49,-0.00,0.00,0.00,-0.00,0.00,0.00,0.00,-0.00,4775768.57,-0.00,-0.00,167642.78,10.00
63478.00,5178493.37,502928.35,440.47,0.00,0.00,-0.00,0.00,0.00,-0.00,0.00,-0.00,4778283.22,0.00,0.00,167642.78,10.00
63488.00,5178493.37,502928.35,440.47,0.00,0.00,-0.00,0.00,0.00,-0.00,0.00,-0.00,4779959.64,0.00,-0.00,167642.78,10.00
63498.00,5178493.37,502928.35,440.47,0.00,0.00,-0.00,0.00,0.00,-0.00,0.00,-0.00,4781636.07,-0.00,-0.00,167642.78,10.00
63508.00,5178493.37,502928.35,440.47,0.00,0.00,-0.00,0.00,0.00,-0.00,0.00,-0.00,4783312.50,-0.00,-0.00,167642.78,10.00
63518.00,5178493.37,502928.35,440.47,0.00,0.00,-0.00,0.00,0.00,-0.00,0.00,-0.00,4784988.93,0.00,0.00,167642.78,16.00
63534.00,5178493.37,502928.35,440.47,0.00,0.00,-0.00,0.00,0.00,-0.00,0.00,-0.00,4787671.21,0.00,-0.00,167642.78,10.00
63544.00,5178493.37,502928.35,440.47,0.00,0.00,-0.00,0.00,0.00,-0.00,0.00,-0.00,4789347.64,0.00,0.00,167642.78,10.00
63554.00,5178493.37,502928.35,440.47,0.00,0.00,-0.00,0.00,0.00,-0.00,0.00,-0.00,4791024.07,0.00,-0.00,167642.78,10.00
63564.00,5178493.37,502928.35,440.47,0.00,0.00,-0.00,0.00,0.00,-0.00,0.00,-0.00,4792700.50,-0.00,-0.00,167642.78,10.00
63574.00,5178493.37,502928.35,440.47,0.00,0.00,-0.00,0.00,0.00,-0.00,0.00,-0.00,4794376.92,-0.00,0.00,167642.78,10.00
63589.00,5178493.37,502928.35,440.47,0.00,0.00,-0.00,0.00,0.00,-0.00,0.00,-0.00,4796891.57,0.00,0.00,167642.78,10.00
63599.00,5178493.37,502928.35,440.47,0.00,0.00,-0.00,0.00,0.00,-0.00,0.00,-0.00,4798567.99,0.00,0.00,167642.78,10.00
63609.00,5178493.37,502928.35,440.47,0.00,0.00,-0.00,0.00,0.00,-0.00,0.00,-0.00,4800244.42,0.00,-0.00,167642.78,10.00
63619.00,5178493.37,502928.35,440.47,0.00,0.00,-0.00,0.00,0.00,-0.00,0.00,-0.00,4801920.85,-0.00,-0.00,167642.78,17.00
63636.00,5178493.37,502928.35,440.47,0.00,0.00,-0.00,0.00,0.00,-0.00,0.00,-0.00,4804770.78,0.00,0.00,167642.78,10.00
63646.00,5178493.37,502928.35,440.47,0.00,0.00,-0.00,0.00,0.00,-0.00,0.00,-0.00,4806447.20,0.00,0.00,167642.78,10.00
63656.00,5178493.37,502928.35,440.47,0.00,0.00,-0.00,0.00,0.00,-0.00,0.00,-0.00,4808123.63,0.00,0.00,167642.78,10.00
63666.00,5178493.37,502928.35,440.47,0.00,0.00,-0.00,0.00,0.00,-0.00,0.00,-0.00,4809800.06,-0.00,0.00,167642.78,10.00
63676.00,5178493.37,502928.35,440.47,0.00,0.00,-0.00,0.00,0.00,-0.00,0.00,-0.00,4811476.49,0.00,-0.00,167642.78,10.00
63686.00,5178493.37,502928.34,440.46,0.00,-0.00,0.00,0.00,-0.00,0.00,0.00,-0.00,4813152.92,0.00,0.00,167642.78,10.00
63706.00,5178493.37,502928.34,440.46,0.00,-0.00,0.00,0.00,-0.00,0.00,0.00,-0.00,4816505.77,-0.00,0.00,167642.78,10.00
63716.00,5178493.37,502928.34,440.46,0.00,-0.00,0.00,0.00,-0.00,0.00,0.00,-0.00,4818182.20,0.00,0.00,167642.78,16.00
63732.00,5178493.37,502928.34,440.46,0.00,-0.00,0.00,0.00,-0.00,0.00,0.00,-0.00,4820864.48,0.00,0.00,167642.78,10.00
63742.00,5178493.37,502928.34,440.46,0.00,-0.00,0.00,0.00,-0.00,0.00,0.00,-0.00,4822540.91,0.00,-0.00,167642.78,10.00
63752.00,5178493.37,502928.34,440.46,0.00,-0.00,0.00,0.00,-0.00,0.00,0.00,-0.00,4824217.34,0.00,0.00,167642.78,10.00
63762.00,5178493.37,502928.34,440.46,0.00,-0.00,0.00,0.00,-0.00,0.00,0.00,-0.00,4825893.77,0.00,0.00,167642.78,10.00
63772.00,5178493.37,502928.34,440.46,0.00,-0.00,0.00,0.00,-0.00,0.00,0.00,-0.00,4827570.19,0.00,-0.00,167642.78,10.00
63782.00,5178493.37,502928.34,440.46,0.00,-0.00,0.00,0.00,-0.00,0.00,0.00,-0.00,4829246.62,0.00,0.00,167642.78,10.00
63792.00,5178493.37,502928.34,440.46,0.00,-0.00,0.00,0.00,-0.00,0.00,0.00,-0.00,4830923.05,0.00,0.00,167642.78,10.00
63802.00,5178493.37,502928.34,440.46,0.00,-0.00,0.00,0.00,-0.00,0.00,0.00,-0.00,4832599.48,-0.00,-0.00,167642.78,10.00
63817.00,5178493.37,502928.34,440.46,0.00,-0.00,0.00,0.00,-0.00,0.00,0.00,-0.00,4835114.12,0.00,0.00,167642.78,17.00
63834.00,5178493.37,502928.34,440.46,0.00,-0.00,0.00,0.00,-0.00,0.00,0.00,-0.00,4837964.05,0.00,0.00,167642.78,10.00
63844.00,5178493.37,502928.34,440.46,0.00,-0.00,0.00,0.00,-0.00,0.00,0.00,-0.00,4839640.47,0.00,-0.00,167642.78,10.00
63854.00,5178493.37,502928.34,440.46,0.00,-0.00,0.00,0.00,-0.00,0.00,0.00,-0.00,4841316.90,-0.00,-0.00,167642.78,10.00
63864.00,5178493.37,502928.34,440.46,0.00,-0.00,0.00,0.00,-0.00,0.00,0.00,-0.00,4842993.33,-0.00,-0.00,167642.78,10.00
63874.00,5178493.37,502928.34,440.46,0.00,-0.00,0.00,0.00,-0.00,0.00,0.00,-0.00,4844669.76,0.00,-0.00,167642.78,10.00
63884.00,5178493.37,502928.34,440.46,0.00,-0.00,0.00,0.00,-0.00,0.00,0.00,-0.00,4846346.19,0.00,-0.00,167642.78,10.00
63894.00,5178493.44,502928.34,440.47,0.00,-0.00,0.00,0.00,-0.00,0.00,0.00,-0.00,4848022.61,0.00,-0.00,167642.78,10.00
63904.00,5178493.44,502928.34,440.47,0.00,-0.00,0.00,0.00,-0.00,0.00,0.00,-0.00,4849699.04,-0.00,-0.00,167642.78,10.00
63914.00,5178493.44,502928.34,440.47,0.00,-0.00,0.00,0.00,-0.00,0.00,0.00,-0.00,4851375.47,0.00,0.00,167642.78,18.00
63937.00,5178493.44,502928.34,440.47,0.00,-0.00,0.00,0.00,-0.00,0.00,0.00,-0.00,4855231.25,0.00,-0.00,167642.78,10.00
63947.00,5178493.44,502928.34,440.47,0.00,-0.00,0.00,0.00,-0.00,0.00,0.00,-0.00,4856907.68,0.00,-0.00,167642.78,10.00
63957.00,5178493.44,502928.34,440.47,0.00,-0.00,0.00,0.00,-0.00,0.00,0.00,-0.00,4858584.11,0.00,0.00,167642.78,10.00
63967.00,5178493.44,502928.34,440.47,0.00,-0.00,0.00,0.00,-0.00,0.00,0.00,-0.00,4860260.54,0.00,0.00,167642.78,10.00
63977.00,5178493.44,502928.34,440.47,0.00,-0.00,0.00,0.00,-0.00,0.00,0.00,-0.00,4861936.96,0.00,0.00,167642.78,10.00
63987.00,5178493.44,502928.34,440.47,0.00,-0.00,0.00,0.00,-0.00,0.00,0.00,-0.00,4863613.39,0.00,-0.00,167642.78,10.00
63997.00,5178493.44,502928.34,440.47,0.00,-0.00,0.00,0.00,-0.00,0.00,0.00,-0.00,4865289.82,0.00,0.00,167642.78,10.00
64007.00,5178493.44,502928.34,440.47,0.00,-0.00,0.00,0.00,-0.00,0.00,0.00,-0.00,4866966.25,-0.00,0.00,167642.78,10.00
64017.00,5178493.44,502928.34,440.47,0.00,-0.00,0.00,0.00,-0.00,0.00,0.00,-0.00,4868642.68,0.00,-0.00,167642.78,16.00
64033.00,5178493.44,502928.34,440.47,0.00,-0.00,0.00,0.00,-0.00,0.00,0.00,-0.00,4871324.96,0.00,-0.00,167642.78,10.00
64048.00,5178493.44,502928.34,440.47,0.00,-0.00,0.00,0.00,-0.00,0.00,0.00,-0.00,4873839.60,0.00,0.00,167642.78,10.00
64058.00,5178493.44,502928.34,440.47,0.00,-0.00,0.00,0.00,-0.00,0.00,0.00,-0.00,4875516.03,-0.00,0.00,167642.78,10.00
64068.00,5178493.44,502928.34,440.47,0.00,-0.00,0.00,0.00,-0.00,0.00,0.00,-0.00,4877192.46,0.00,0.00,167642.78,10.00
64078.00,5178493.44,502928.34,440.47,0.00,-0.00,0.00,0.00,-0.00,0.00,0.00,-0.00,4878868.89,-0.00,0.00,167642.78,10.00
64088.00,5178493.44,502928.34,440.47,0.00,-0.00,0.00,0.00,-0.00,0.00,0.00,-0.00,4880545.31,-0.00,0.00,167642.78,10.00
64098.00,5178493.52,502928.33,440.48,0.00,0.00,0.00,-0.00,0.00,0.00,0.00,-0.00,4882221.74,0.00,0.00,167642.78,10.00
64108.00,5178493.52,502928.33,440.48,0.00,0.00,0.00,-0.00,0.00,0.00,0.00,-0.00,4883898.17,-0.00,-0.00,167642.78,10.00
64118.00,5178493.52,502928.33,440.48,0.00,0.00,0.00,-0.00,0.00,0.00,0.00,-0.00,4885574.60,-0.00,-0.00,167642.78,10.00
64128.00,5178493.52,502928.33,440.48,0.00,0.00,0.00,-0.00,0.00,0.00,0.00,-0.00,4887251.02,0.00,-0.00,167642.78,15.00
64143.00,5178493.52,502928.33,440.48,0.00,0.00,0.00,-0.00,0.00,0.00,0.00,-0.00,4889765.67,0.00,-0.00,167642.78,10.00
64158.00,5178493.52,502928.33,440.48,0.00,0.00,0.00,-0.00,0.00,0.00,0.00,-0.00,4892280.31,0.00,0.00,167642.78,10.00
64168.00,5178493.52,502928.33,440.48,0.00,0.00,0.00,-0.00,0.00,0.00,0.00,-0.00,4893956.74,0.00,0.00,167642.78,10.00
64178.00,5178493.52,502928.33,440.48,0.00,0.00,0.00,-0.00,0.00,0.00,0.00,-0.00,4895633.16,-0.00,0.00,167642.78,10.00
64188.00,5178493.52,502928.33,440.48,0.00,0.00,0.00,-0.00,0.00,0.00,0.00,-0.00,4897309.59,0.00,0.00,167642.78,10.00
64198.00,5178493.52,502928.33,440.48,0.00,0.00,0.00,-0.00,0.00,0.00,0.00,-0.00,4898986.02,0.00,0.00,167642.77,10.00
64208.00,5178493.52,502928.33,440.48,0.00,0.00,0.00,-0.00,0.00,0.00,0.00,-0.00,4900662.45,-0.00,0.00,167642.77,10.00
64218.00,5178493.52,502928.33,440.48,0.00,0.00,0.00,-0.00,0.00,0.00,0.00,-0.00,4902338.87,-0.00,0.00,167642.78,16.00
64234.00,5178493.52,502928.33,440.48,0.00,0.00,0.00,-0.00,0.00,0.00,0.00,-0.00,4905021.16,0.00,0.00,167642.78,10.00
64244.00,5178493.52,502928.33,440.48,0.00,0.00,0.00,-0.00,0.00,0.00,0.00,-0.00,4906697.59,0.00,-0.00,167642.78,10.00
64254.00,5178493.52,502928.33,440.48,0.00,0.00,0.00,-0.00,0.00,0.00,0.00,-0.00,4908374.01,0.00,0.00,167642.78,10.00
64269.00,5178493.52,502928.33,440.48,0.00,0.00,0.00,-0.00,0.00,0.00,0.00,-0.00,4910888.66,0.00,0.00,167642.78,10.00
64279.00,5178493.52,502928.33,440.48,0.00,0.00,0.00,-0.00,0.00,0.00,0.00,-0.00,4912565.08,0.00,0.00,167642.78,10.00
64289.00,5178493.52,502928.33,440.48,0.00,0.00,0.00,-0.00,0.00,0.00,0.00,-0.00,4914241.51,0.00,0.00,167642.78,10.00
64299.00,5178493.59,502928.31,440.50,-0.00,0.00,0.00,-0.00,0.00,-0.00,0.00,-0.00,4915917.94,-0.00,0.00,167642.78,10.00
64309.00,5178493.59,502928.31,440.50,-0.00,0.00,0.00,-0.00,0.00,-0.00,0.00,-0.00,4917594.37,0.00,0.00,167642.77,10.00
64319.00,5178493.59,502928.31,440.50,-0.00,0.00,0.00,-0.00,0.00,-0.00,0.00,-0.00,4919270.79,-0.00,0.00,167642.77,16.00
64335.00,5178493.59,502928.31,440.50,-0.00,0.00,0.00,-0.00,0.00,-0.00,0.00,-0.00,4921953.08,0.00,0.00,167642.77,10.00
64345.00,5178493.59,502928.31,440.50,-0.00,0.00,0.00,-0.00,0.00,-0.00,0.00,-0.00,4923629.51,-0.00,0.00,167642.77,10.00
64355.00,5178493.59,502928.31,440.50,-0.00,0.00,0.00,-0.00,0.00,-0.00,0.00,-0.00,4925305.93,-0.00,0.00,167642.77,10.00
64365.00,5178493.59,502928.31,440.50,-0.00,0.00,0.00,-0.00,0.00,-0.00,0.00,-0.00,4926982.36,-0.00,0.00,167642.77,10.00
64380.00,5178493.59,502928.31,440.50,-0.00,0.00,0.00,-0.00,0.00,-0.00,0.00,-0.00,4929497.00,0.00,0.00,167642.77,10.00
64390.00,5178493.59,502928.31,440.50,-0.00,0.00,0.00,-0.00,0.00,-0.00,0.00,-0.00,4931173.43,-0.00,-0.00,167642.77,10.00
64400.00,5178493.59,502928.31,440.50,-0.00,0.00,0.00,-0.00,0.00,-0.00,0.00,-0.00,4932849.86,0.00,-0.00,167642.77,10.00
64410.00,5178493.59,502928.31,440.50,-0.00,0.00,0.00,-0.00,0.00,-0.00,0.00,-0.00,4934526.29,0.00,0.00,167642.77,10.00
64420.00,5178493.59,502928.31,440.50,-0.00,0.00,0.00,-0.00,0.00,-0.00,0.00,-0.00,4936202.71,0.00,0.00,167642.77,16.00
64436.00,5178493.59,502928.31,440.50,-0.00,0.00,0.00,-0.00,0.00,-0.00,0.00,-0.00,4938885.00,0.00,0.00,167642.77,10.00
64446.00,5178493.59,502928.31,440.50,-0.00,0.00,0.00,-0.00,0.00,-0.00,0.00,-0.00,4940561.43,0.00,-0.00,167642.77,10.00
64456.00,5178493.59,502928.31,440.50,-0.00,0.00,0.00,-0.00,0.00,-0.00,0.00,-0.00,4942237.85,0.00,-0.00,167642.77,10.00
64466.00,5178493.59,502928.31,440.50,-0.00,0.00,0.00,-0.00,0.00,-0.00,0.00,-0.00,4943914.28,-0.00,0.00,167642.77,10.00
64476.00,5178493.59,502928.31,440.50,-0.00,0.00,0.00,-0.00,0.00,-0.00,0.00,-0.00,4945590.71,-0.00,0.00,167642.77,10.00
64496.00,5178493.59,502928.31,440.50,-0.00,0.00,0.00,-0.00,0.00,-0.00,0.00,-0.00,4948943.56,-0.00,-0.00,167642.77,10.00
64506.00,5178493.70,502928.27,440.51,-0.00,-0.00,0.00,0.00,-0.00,0.00,0.00,-0.00,4950619.99,-0.00,-0.00,167642.77,10.00
64516.00,5178493.70,502928.27,440.51,-0.00,-0.00,0.00,0.00,-0.00,0.00,0.00,-0.00,4952296.42,0.00,-0.00,167642.76,17.00
64533.00,5178493.70,502928.27,440.51,-0.00,-0.00,0.00,0.00,-0.00,0.00,0.00,-0.00,4955146.35,0.00,-0.00,167642.76,10.00
64543.00,5178493.70,502928.27,440.51,-0.00,-0.00,0.00,0.00,-0.00,0.00,0.00,-0.00,4956822.77,0.00,-0.00,167642.76,10.00
64553.00,5178493.70,502928.27,440.51,-0.00,-0.00,0.00,0.00,-0.00,0.00,0.00,-0.00,4958499.20,-0.00,-0.00,167642.76,10.00
64563.00,5178493.70,502928.27,440.51,-0.00,-0.00,0.00,0.00,-0.00,0.00,0.00,-0.00,4960175.63,-0.00,0.00,167642.76,10.00
64573.00,5178493.70,502928.27,440.51,-0.00,-0.00,0.00,0.00,-0.00,0.00,0.00,-0.00,4961852.06,0.00,0.00,167642.76,10.00
64583.00,5178493.70,502928.27,440.51,-0.00,-0.00,0.00,0.00,-0.00,0.00,0.00,-0.00,4963528.48,0.00,0.00,167642.76,10.00
64593.00,5178493.70,502928.27,440.51,-0.00,-0.00,0.00,0.00,-0.00,0.00,0.00,-0.00,4965204.91,0.00,0.00,167642.76,10.00
64608.00,5178493.70,502928.27,440.51,-0.00,-0.00,0.00,0.00,-0.00,0.00,0.00,-0.00,4967719.55,0.00,-0.00,167642.76,17.00
64625.00,5178493.70,502928.27,440.51,-0.00,-0.00,0.00,0.00,-0.00,0.00,0.00,-0.00,4970569.48,0.00,0.00,167642.76,10.00
64635.00,5178493.70,502928.27,440.51,-0.00,-0.00,0.00,0.00,-0.00,0.00,0.00,-0.00,4972245.91,0.00,0.00,167642.76,10.00
64645.00,5178493.70,502928.27,440.51,-0.00,-0.00,0.00,0.00,-0.00,0.00,0.00,-0.00,4973922.34,-0.00,0.00,167642.76,10.00
64655.00,5178493.70,502928.27,440.51,-0.00,-0.00,0.00,0.00,-0.00,0.00,0.00,-0.00,4975598.76,0.00,0.00,167642.76,10.00
64665.00,5178493.70,502928.27,440.51,-0.00,-0.00,0.00,0.00,-0.00,0.00,0.00,-0.00,4977275.19,-0.00,-0.00,167642.76,10.00
64675.00,5178493.70,502928.27,440.51,-0.00,-0.00,0.00,0.00,-0.00,0.00,0.00,-0.00,4978951.62,0.00,-0.00,167642.76,10.00
64685.00,5178493.70,502928.27,440.51,-0.00,-0.00,0.00,0.00,-0.00,0.00,0.00,-0.00,4980628.05,0.00,-0.00,167642.76,10.00
64695.00,5178493.70,502928.27,440.51,-0.00,-0.00,0.00,0.00,-0.00,0.00,0.00,-0.00,4982304.47,-0.00,0.00,167642.76,10.00
64705.00,5178493.70,502928.27,440.51,-0.00,-0.00,0.00,0.00,-0.00,0.00,0.00,-0.00,4983980.90,0.00,-0.00,167642.76,10.00
64720.00,5178493.87,502928.19,440.55,-0.00,0.00,0.00,-0.00,0.00,0.00,0.00,-0.00,4986495.54,-0.00,0.00,167642.76,17.00
64737.00,5178493.87,502928.19,440.55,-0.00,0.00,0.00,-0.00,0.00,0.00,0.00,-0.00,4989345.47,0.00,0.00,167642.73,10.00
64747.00,5178493.87,502928.19,440.55,-0.00,0.00,0.00,-0.00,0.00,0.00,0.00,-0.00,4991021.90,0.00,0.00,167642.73,10.00
64757.00,5178493.87,502928.19,440.55,-0.00,0.00,0.00,-0.00,0.00,0.00,0.00,-0.00,4992698.32,-0.00,0.00,167642.73,10.00
64767.00,5178493.87,502928.19,440.55,-0.00,0.00,0.00,-0.00,0.00,0.00,0.00,-0.00,4994374.75,-0.00,-0.00,167642.73,10.00
64777.00,5178493.87,502928.19,440.55,-0.00,0.00,0.00,-0.00,0.00,0.00,0.00,-0.00,4996051.18,-0.00,-0.00,167642.73,10.00
64787.00,5178493.87,502928.19,440.55,-0.00,0.00,0.00,-0.00,0.00,0.00,0.00,-0.00,4997727.61,-0.00,0.00,167642.73,10.00
64797.00,5178493.87,502928.19,440.55,-0.00,0.00,0.00,-0.00,0.00,0.00,0.00,-0.00,4999404.03,-0.00,-0.00,167642.73,10.00
64807.00,5178493.87,502928.19,440.55,-0.00,0.00,0.00,-0.00,0.00,0.00,0.00,-0.00,5001080.46,-0.00,-0.00,167642.73,10.00
64817.00,5178493.87,502928.19,440.55,-0.00,0.00,0.00,-0.00,0.00,0.00,0.00,-0.00,5002756.89,-0.00,-0.00,167642.73,17.00
64839.00,5178493.87,502928.19,440.55,-0.00,0.00,0.00,-0.00,0.00,0.00,0.00,-0.00,5006445.03,0.00,0.00,167642.73,10.00
64849.00,5178493.87,502928.19,440.55,-0.00,0.00,0.00,-0.00,0.00,0.00,0.00,-0.00,5008121.45,-0.00,0.00,167642.73,10.00
64859.00,5178493.87,502928.19,440.55,-0.00,0.00,0.00,-0.00,0.00,0.00,0.00,-0.00,5009797.88,-0.00,0.00,167642.73,10.00
64869.00,5178493.87,502928.19,440.55,-0.00,0.00,0.00,-0.00,0.00,0.00,0.00,-0.00,5011474.31,-0.00,0.00,167642.73,10.00
64879.00,5178493.87,502928.19,440.55,-0.00,0.00,0.00,-0.00,0.00,0.00,0.00,-0.00,5013150.74,0.00,0.00,167642.73,10.00
64889.00,5178493.87,502928.19,440.55,-0.00,0.00,0.00,-0.00,0.00,0.00,0.00,-0.00,5014827.16,0.00,0.00,167642.73,10.00
64899.00,5178493.87,502928.19,440.55,-0.00,0.00,0.00,-0.00,0.00,0.00,0.00,-0.00,5016503.59,0.00,0.00,167642.73,10.00
64909.00,5178493.87,502928.19,440.55,-0.00,0.00,0.00,-0.00,0.00,0.00,0.00,-0.00,5018180.02,-0.00,0.00,167642.73,10.00
64919.00,5178493.87,502928.19,440.55,-0.00,0.00,0.00,-0.00,0.00,0.00,0.00,-0.00,5019856.45,-0.00,0.00,167642.73,17.00
64936.00,5178493.98,502928.15,440.58,0.00,0.00,0.00,0.00,0.00,0.00,0.00,-0.00,5022706.37,0.00,0.00,167642.73,10.00
64951.00,5178493.98,502928.15,440.58,0.00,0.00,0.00,0.00,0.00,0.00,0.00,-0.00,5025221.01,-0.00,0.00,167642.72,10.00
64961.00,5178493.98,502928.15,440.58,0.00,0.00,0.00,0.00,0.00,0.00,0.00,-0.00,5026897.44,-0.00,0.00,167642.72,10.00
64971.00,5178493.98,502928.15,440.58,0.00,0.00,0.00,0.00,0.00,0.00,0.00,-0.00,5028573.87,-0.00,0.00,167642.72,10.00
64981.00,5178493.98,502928.15,440.58,0.00,0.00,0.00,0.00,0.00,0.00,0.00,-0.00,5030250.29,0.00,0.00,167642.72,10.00
64991.00,5178493.98,502928.15,440.58,0.00,0.00,0.00,0.00,0.00,0.00,0.00,-0.00,5031926.72,-0.00,-0.00,167642.72,10.00
65001.00,5178493.98,502928.15,440.58,0.00,0.00,0.00,0.00,0.00,0.00,0.00,-0.00,5033603.15,-0.00,-0.00,167642.72,10.00
65011.00,5178493.98,502928.15,440.58,0.00,0.00,0.00,0.00,0.00,0.00,0.00,-0.00,5035279.58,-0.00,0.00,167642.72,10.00
65021.00,5178493.98,502928.15,440.58,0.00,0.00,0.00,0.00,0.00,0.00,0.00,-0.00,5036956.00,0.00,0.00,167642.72,16.00
65037.00,5178493.98,502928.15,440.58,0.00,0.00,0.00,0.00,0.00,0.00,0.00,-0.00,5039638.29,0.00,-0.00,167642.72,10.00
65047.00,5178493.98,502928.15,440.58,0.00,0.00,0.00,0.00,0.00,0.00,0.00,-0.00,5041314.71,0.00,0.00,167642.72,10.00
65062.00,5178493.98,502928.15,440.58,0.00,0.00,0.00,0.00,0.00,0.00,0.00,-0.00,5043829.35,0.00,0.00,167642.72,10.00
65072.00,5178493.98,502928.15,440.58,0.00,0.00,0.00,0.00,0.00,0.00,0.00,-0.00,5045505.78,0.00,0.00,167642.72,10.00
65082.00,5178493.98,502928.15,440.58,0.00,0.00,0.00,0.00,0.00,0.00,0.00,-0.00,5047182.21,0.00,-0.00,167642.72,10.00
65092.00,5178493.98,502928.15,440.58,0.00,0.00,0.00,0.00,0.00,0.00,0.00,-0.00,5048858.64,0.00,0.00,167642.72,10.00
65102.00,5178493.98,502928.15,440.58,0.00,0.00,0.00,0.00,0.00,0.00,0.00,-0.00,5050535.06,0.00,-0.00,167642.72,10.00
65112.00,5178493.98,502928.15,440.58,0.00,0.00,0.00,0.00,0.00,0.00,0.00,-0.00,5052211.49,-0.00,0.00,167642.72,10.00
65122.00,5178493.98,502928.15,440.58,0.00,0.00,0.00,0.00,0.00,0.00,0.00,-0.00,5053887.92,-0.00,0.00,167642.72,15.00
65137.00,5178494.08,502928.11,440.61,0.00,-0.00,0.00,0.00,-0.00,0.00,0.00,-0.00,5056402.56,0.00,-0.00,167642.72,10.00
65147.00,5178494.08,502928.11,440.61,0.00,-0.00,0.00,0.00,-0.00,0.00,0.00,-0.00,5058078.99,0.00,-0.00,167642.70,10.00
65157.00,5178494.08,502928.11,440.61,0.00,-0.00,0.00,0.00,-0.00,0.00,0.00,-0.00,5059755.41,0.00,-0.00,167642.71,10.00
65171.00,5178494.08,502928.11,440.61,0.00,-0.00,0.00,0.00,-0.00,0.00,0.00,-0.00,5062102.41,0.00,0.00,167642.71,10.00
65181.00,5178494.08,502928.11,440.61,0.00,-0.00,0.00,0.00,-0.00,0.00,0.00,-0.00,5063778.84,0.00,-0.00,167642.70,10.00
65191.00,5178494.08,502928.11,440.61,0.00,-0.00,0.00,0.00,-0.00,0.00,0.00,-0.00,5065455.26,0.00,-0.00,167642.70,10.00
65201.00,5178494.08,502928.11,440.61,0.00,-0.00,0.00,0.00,-0.00,0.00,0.00,-0.00,5067131.69,0.00,-0.00,167642.71,10.00
65211.00,5178494.08,502928.11,440.61,0.00,-0.00,0.00,0.00,-0.00,0.00,0.00,-0.00,5068808.12,0.00,0.00,167642.71,10.00
65221.00,5178494.08,502928.11,440.61,0.00,-0.00,0.00,0.00,-0.00,0.00,0.00,-0.00,5070484.55,0.00,-0.00,167642.70,16.00
65237.00,5178494.08,502928.11,440.61,0.00,-0.00,0.00,0.00,-0.00,0.00,0.00,-0.00,5073166.83,0.00,-0.00,167642.71,10.00
65247.00,5178494.08,502928.11,440.61,0.00,-0.00,0.00,0.00,-0.00,0.00,0.00,-0.00,5074843.26,0.00,0.00,167642.71,10.00
65257.00,5178494.08,502928.11,440.61,0.00,-0.00,0.00,0.00,-0.00,0.00,0.00,-0.00,5076519.68,0.00,-0.00,167642.70,10.00
65267.00,5178494.08,502928.11,440.61,0.00,-0.00,0.00,0.00,-0.00,0.00,0.00,-0.00,5078196.11,0.00,-0.00,167642.71,10.00
65287.00,5178494.08,502928.11,440.61,0.00,-0.00,0.00,0.00,-0.00,0.00,0.00,-0.00,5081548.96,-0.00,0.00,167642.71,10.00
65297.00,5178494.08,502928.11,440.61,0.00,-0.00,0.00,0.00,-0.00,0.00,0.00,-0.00,5083225.39,0.00,-0.00,167642.70,10.00
65307.00,5178494.08,502928.11,440.61,0.00,-0.00,0.00,0.00,-0.00,0.00,0.00,-0.00,5084901.82,0.00,0.00,167642.70,10.00
65317.00,5178494.08,502928.11,440.61,0.00,-0.00,0.00,0.00,-0.00,0.00,0.00,-0.00,5086578.25,0.00,0.00,167642.70,19.00
65336.00,5178494.08,502928.11,440.61,0.00,-0.00,0.00,0.00,-0.00,0.00,0.00,-0.00,5089763.46,0.00,-0.00,167642.71,10.00
65346.00,5178494.19,502928.07,440.63,0.00,0.00,0.00,0.00,0.00,0.00,0.00,-0.00,5091439.88,0.00,0.00,167642.71,10.00
65356.00,5178494.19,502928.07,440.63,0.00,0.00,0.00,0.00,0.00,0.00,0.00,-0.00,5093116.31,0.00,0.00,167642.69,10.00
65366.00,5178494.19,502928.07,440.63,0.00,0.00,0.00,0.00,0.00,0.00,0.00,-0.00,5094792.74,0.00,0.00,167642.69,10.00
65376.00,5178494.19,502928.07,440.63,0.00,0.00,0.00,0.00,0.00,0.00,0.00,-0.00,5096469.16,0.00,-0.00,167642.69,10.00
65386.00,5178494.19,502928.07,440.63,0.00,0.00,0.00,0.00,0.00,0.00,0.00,-0.00,5098145.59,0.00,0.00,167642.69,10.00
65401.00,5178494.19,502928.07,440.63,0.00,0.00,0.00,0.00,0.00,0.00,0.00,-0.00,5100660.23,0.00,-0.00,167642.69,10.00
65411.00,5178494.19,502928.07,440.63,0.00,0.00,0.00,0.00,0.00,0.00,0.00,-0.00,5102336.66,0.00,-0.00,167642.69,10.00
65421.00,5178494.19,502928.07,440.63,0.00,0.00,0.00,0.00,0.00,0.00,0.00,-0.00,5104013.09,0.00,0.00,167642.69,16.00
65437.00,5178494.19,502928.07,440.63,0.00,0.00,0.00,0.00,0.00,0.00,0.00,-0.00,5106695.37,0.00,-0.00,167642.69,10.00
65447.00,5178494.19,502928.07,440.63,0.00,0.00,0.00,0.00,0.00,0.00,0.00,-0.00,5108371.80,0.00,-0.00,167642.69,10.00
65457.00,5178494.19,502928.07,440.63,0.00,0.00,0.00,0.00,0.00,0.00,0.00,-0.00,5110048.22,0.00,-0.00,167642.69,10.00
65467.00,5178494.19,502928.07,440.63,0.00,0.00,0.00,0.00,0.00,0.00,0.00,-0.00,5111724.65,0.00,0.00,167642.69,10.00
65477.00,5178494.19,502928.07,440.63,0.00,0.00,0.00,0.00,0.00,0.00,0.00,-0.00,5113401.08,0.00,-0.00,167642.69,10.00
65487.00,5178494.19,502928.07,440.63,0.00,0.00,0.00,0.00,0.00,0.00,0.00,-0.00,5115077.50,0.00,0.00,167642.69,10.00
65497.00,5178494.19,502928.07,440.63,0.00,0.00,0.00,0.00,0.00,0.00,0.00,-0.00,5116753.93,0.00,0.00,167642.69,10.00
65512.00,5178494.19,502928.07,440.63,0.00,0.00,0.00,0.00,0.00,0.00,0.00,-0.00,5119268.57,0.00,0.00,167642.69,17.00
65529.00,5178494.19,502928.07,440.63,0.00,0.00,0.00,0.00,0.00,0.00,0.00,-0.00,5122118.50,0.00,0.00,167642.69,10.00
65539.00,5178494.19,502928.07,440.63,0.00,0.00,0.00,0.00,0.00,0.00,0.00,-0.00,5123794.92,0.00,0.00,167642.69,10.00
65549.00,5178494.29,502928.01,440.66,-0.00,0.00,0.00,-0.00,-0.00,-0.00,0.00,-0.00,5125471.35,-0.00,-0.00,167642.69,10.00
65559.00,5178494.29,502928.01,440.66,-0.00,0.00,0.00,-0.00,-0.00,-0.00,0.00,-0.00,5127147.78,-0.00,-0.00,167642.67,10.00
65569.00,5178494.29,502928.01,440.66,-0.00,0.00,0.00,-0.00,-0.00,-0.00,0.00,-0.00,5128824.20,0.00,0.00,167642.67,10.00
65579.00,5178494.29,502928.01,440.66,-0.00,0.00,0.00,-0.00,-0.00,-0.00,0.00,-0.00,5130500.63,0.00,-0.00,167642.67,10.00
65589.00,5178494.29,502928.01,440.66,-0.00,0.00,0.00,-0.00,-0.00,-0.00,0.00,-0.00,5132177.06,0.00,0.00,167642.67,10.00
65599.00,5178494.29,502928.01,440.66,-0.00,0.00,0.00,-0.00,-0.00,-0.00,0.00,-0.00,5133853.48,0.00,0.00,167642.67,10.00
65609.00,5178494.29,502928.01,440.66,-0.00,0.00,0.00,-0.00,-0.00,-0.00,0.00,-0.00,5135529.91,-0.00,-0.00,167642.67,10.00
65624.00,5178494.29,502928.01,440.66,-0.00,0.00,0.00,-0.00,-0.00,-0.00,0.00,-0.00,5138044.55,0.00,-0.00,167642.67,17.00
65641.00,5178494.29,502928.01,440.66,-0.00,0.00,0.00,-0.00,-0.00,-0.00,0.00,-0.00,5140894.48,-0.00,-0.00,167642.67,10.00
65651.00,5178494.29,502928.01,440.66,-0.00,0.00,0.00,-0.00,-0.00,-0.00,0.00,-0.00,5142570.90,0.00,0.00,167642.67,10.00
65661.00,5178494.29,502928.01,440.66,-0.00,0.00,0.00,-0.00,-0.00,-0.00,0.00,-0.00,5144247.33,0.00,0.00,167642.67,10.00
65671.00,5178494.29,502928.01,440.66,-0.00,0.00,0.00,-0.00,-0.00,-0.00,0.00,-0.00,5145923.76,0.00,-0.00,167642.67,10.00
65681.00,5178494.29,502928.01,440.66,-0.00,0.00,0.00,-0.00,-0.00,-0.00,0.00,-0.00,5147600.18,0.00,-0.00,167642.67,10.00
65691.00,5178494.29,502928.01,440.66,-0.00,0.00,0.00,-0.00,-0.00,-0.00,0.00,-0.00,5149276.61,-0.00,0.00,167642.67,10.00
65701.00,5178494.29,502928.01,440.66,-0.00,0.00,0.00,-0.00,-0.00,-0.00,0.00,-0.00,5150953.04,-0.00,0.00,167642.67,10.00
65711.00,5178494.29,502928.01,440.66,-0.00,0.00,0.00,-0.00,-0.00,-0.00,0.00,-0.00,5152629.46,0.00,0.00,167642.67,17.00
65728.00,5178494.29,502928.01,440.66,-0.00,0.00,0.00,-0.00,-0.00,-0.00,0.00,-0.00,5155479.39,-0.00,-0.00,167642.67,10.00
65743.00,5178494.29,502928.01,440.66,-0.00,0.00,0.00,-0.00,-0.00,-0.00,0.00,-0.00,5157994.03,-0.00,-0.00,167642.67,10.00
65753.00,5178494.40,502927.96,440.69,-0.00,-0.00,0.00,0.00,-0.00,0.00,0.00,-0.00,5159670.45,-0.00,-0.00,167642.67,10.00
65763.00,5178494.40,502927.96,440.69,-0.00,-0.00,0.00,0.00,-0.00,0.00,0.00,-0.00,5161346.88,0.00,0.00,167642.65,10.00
65773.00,5178494.40,502927.96,440.69,-0.00,-0.00,0.00,0.00,-0.00,0.00,0.00,-0.00,5163023.31,-0.00,0.00,167642.65,10.00
65783.00,5178494.40,502927.96,440.69,-0.00,-0.00,0.00,0.00,-0.00,0.00,0.00,-0.00,5164699.73,0.00,0.00,167642.65,10.00
65793.00,5178494.40,502927.96,440.69,-0.00,-0.00,0.00,0.00,-0.00,0.00,0.00,-0.00,5166376.16,0.00,-0.00,167642.65,10.00
65803.00,5178494.40,502927.96,440.69,-0.00,-0.00,0.00,0.00,-0.00,0.00,0.00,-0.00,5168052.59,0.00,-0.00,167642.65,10.00
65813.00,5178494.40,502927.96,440.69,-0.00,-0.00,0.00,0.00,-0.00,0.00,0.00,-0.00,5169729.01,0.00,0.00,167642.65,16.00
65829.00,5178494.40,502927.96,440.69,-0.00,-0.00,0.00,0.00,-0.00,0.00,0.00,-0.00,5172411.30,0.00,0.00,167642.65,10.00
65839.00,5178494.40,502927.96,440.69,-0.00,-0.00,0.00,0.00,-0.00,0.00,0.00,-0.00,5174087.72,0.00,0.00,167642.65,10.00
65854.00,5178494.40,502927.96,440.69,-0.00,-0.00,0.00,0.00,-0.00,0.00,0.00,-0.00,5176602.36,0.00,-0.00,167642.65,10.00
65864.00,5178494.40,502927.96,440.69,-0.00,-0.00,0.00,0.00,-0.00,0.00,0.00,-0.00,5178278.79,0.00,0.00,167642.65,10.00
65874.00,5178494.40,502927.96,440.69,-0.00,-0.00,0.00,0.00,-0.00,0.00,0.00,-0.00,5179955.22,0.00,-0.00,167642.65,10.00
65884.00,5178494.40,502927.96,440.69,-0.00,-0.00,0.00,0.00,-0.00,0.00,0.00,-0.00,5181631.64,0.00,0.00,167642.65,10.00
65894.00,5178494.40,502927.96,440.69,-0.00,-0.00,0.00,0.00,-0.00,0.00,0.00,-0.00,5183308.07,0.00,-0.00,167642.65,10.00
65904.00,5178494.40,502927.96,440.69,-0.00,-0.00,0.00,0.00,-0.00,0.00,0.00,-0.00,5184984.50,0.00,-0.00,167642.65,10.00
65914.00,5178494.40,502927.96,440.69,-0.00,-0.00,0.00,0.00,-0.00,0.00,0.00,-0.00,5186660.92,0.00,0.00,167642.65,10.00
65924.00,5178494.40,502927.96,440.69,-0.00,-0.00,0.00,0.00,-0.00,0.00,0.00,-0.00,5188337.35,-0.00,0.00,167642.65,16.00
65940.00,5178494.40,502927.96,440.69,-0.00,-0.00,0.00,0.00,-0.00,0.00,0.00,-0.00,5191019.63,-0.00,0.00,167642.65,10.00
65950.00,5178494.40,502927.96,440.69,-0.00,-0.00,0.00,0.00,-0.00,0.00,0.00,-0.00,5192696.06,-0.00,0.00,167642.65,10.00
65965.00,5178494.50,502927.91,440.70,-0.00,0.00,-0.00,0.00,0.00,-0.00,0.00,-0.00,5195210.70,-0.00,0.00,167642.65,10.00
65975.00,5178494.50,502927.91,440.70,-0.00,0.00,-0.00,0.00,0.00,-0.00,0.00,-0.00,5196887.12,0.00,-0.00,167642.64,10.00
65985.00,5178494.50,502927.91,440.70,-0.00,0.00,-0.00,0.00,0.00,-0.00,0.00,-0.00,5198563.55,0.00,-0.00,167642.64,10.00
65995.00,5178494.50,502927.91,440.70,-0.00,0.00,-0.00,0.00,0.00,-0.00,0.00,-0.00,5200239.98,0.00,-0.00,167642.64,10.00
66005.00,5178494.50,502927.91,440.70,-0.00,0.00,-0.00,0.00,0.00,-0.00,0.00,-0.00,5201916.40,0.00,-0.00,167642.64,10.00
66015.00,5178494.50,502927.91,440.70,-0.00,0.00,-0.00,0.00,0.00,-0.00,0.00,-0.00,5203592.83,0.00,-0.00,167642.64,16.00
66031.00,5178494.50,502927.91,440.70,-0.00,0.00,-0.00,0.00,0.00,-0.00,0.00,-0.00,5206275.11,0.00,0.00,167642.64,10.00
66041.00,5178494.50,502927.91,440.70,-0.00,0.00,-0.00,0.00,0.00,-0.00,0.00,-0.00,5207951.54,0.00,0.00,167642.64,10.00
66051.00,5178494.50,502927.91,440.70,-0.00,0.00,-0.00,0.00,0.00,-0.00,0.00,-0.00,5209627.96,0.00,0.00,167642.64,10.00
66061.00,5178494.50,502927.91,440.70,-0.00,0.00,-0.00,0.00,0.00,-0.00,0.00,-0.00,5211304.39,0.00,0.00,167642.64,10.00
66080.00,5178494.50,502927.91,440.70,-0.00,0.00,-0.00,0.00,0.00,-0.00,0.00,-0.00,5214489.60,0.00,-0.00,167642.64,10.00
66090.00,5178494.50,502927.91,440.70,-0.00,0.00,-0.00,0.00,0.00,-0.00,0.00,-0.00,5216166.03,0.00,-0.00,167642.64,10.00
66100.00,5178494.50,502927.91,440.70,-0.00,0.00,-0.00,0.00,0.00,-0.00,0.00,-0.00,5217842.45,0.00,0.00,167642.64,10.00
66110.00,5178494.50,502927.91,440.70,-0.00,0.00,-0.00,0.00,0.00,-0.00,0.00,-0.00,5219518.88,0.00,0.00,167642.64,10.00
66120.00,5178494.50,502927.91,440.70,-0.00,0.00,-0.00,0.00,0.00,-0.00,0.00,-0.00,5221195.31,0.00,-0.00,167642.64,18.00
66138.00,5178494.50,502927.91,440.70,-0.00,0.00,-0.00,0.00,0.00,-0.00,0.00,-0.00,5224212.87,0.00,0.00,167642.64,10.00
66148.00,5178494.50,502927.91,440.70,-0.00,0.00,-0.00,0.00,0.00,-0.00,0.00,-0.00,5225889.30,0.00,-0.00,167642.64,10.00
66158.00,5178494.50,502927.91,440.70,-0.00,0.00,-0.00,0.00,0.00,-0.00,0.00,-0.00,5227565.73,0.00,-0.00,167642.64,10.00
66168.00,5178494.61,502927.87,440.74,0.00,-0.00,0.00,0.00,-0.00,0.00,0.00,-0.00,5229242.15,0.00,-0.00,167642.64,10.00
66178.00,5178494.61,502927.87,440.74,0.00,-0.00,0.00,0.00,-0.00,0.00,0.00,-0.00,5230918.58,0.00,-0.00,167642.62,10.00
66193.00,5178494.61,502927.87,440.74,0.00,-0.00,0.00,0.00,-0.00,0.00,0.00,-0.00,5233433.22,-0.00,-0.00,167642.62,10.00
66203.00,5178494.61,502927.87,440.74,0.00,-0.00,0.00,0.00,-0.00,0.00,0.00,-0.00,5235109.64,0.00,-0.00,167642.62,10.00
66213.00,5178494.61,502927.87,440.74,0.00,-0.00,0.00,0.00,-0.00,0.00,0.00,-0.00,5236786.07,0.00,0.00,167642.62,17.00
66230.00,5178494.61,502927.87,440.74,0.00,-0.00,0.00,0.00,-0.00,0.00,0.00,-0.00,5239636.00,0.00,0.00,167642.63,10.00
66240.00,5178494.61,502927.87,440.74,0.00,-0.00,0.00,0.00,-0.00,0.00,0.00,-0.00,5241312.42,0.00,0.00,167642.62,10.00
66250.00,5178494.61,502927.87,440.74,0.00,-0.00,0.00,0.00,-0.00,0.00,0.00,-0.00,5242988.85,0.00,-0.00,167642.63,10.00
66260.00,5178494.61,502927.87,440.74,0.00,-0.00,0.00,0.00,-0.00,0.00,0.00,-0.00,5244665.27,0.00,-0.00,167642.62,10.00
66270.00,5178494.61,502927.87,440.74,0.00,-0.00,0.00,0.00,-0.00,0.00,0.00,-0.00,5246341.70,-0.00,-0.00,167642.62,10.00
66280.00,5178494.61,502927.87,440.74,0.00,-0.00,0.00,0.00,-0.00,0.00,0.00,-0.00,5248018.13,0.00,0.00,167642.63,10.00
66290.00,5178494.61,502927.87,440.74,0.00,-0.00,0.00,0.00,-0.00,0.00,0.00,-0.00,5249694.55,0.00,-0.00,167642.62,10.00
66304.00,5178494.61,502927.87,440.74,0.00,-0.00,0.00,0.00,-0.00,0.00,0.00,-0.00,5252041.55,-0.00,0.00,167642.62,10.00
66314.00,5178494.61,502927.87,440.74,0.00,-0.00,0.00,0.00,-0.00,0.00,0.00,-0.00,5253717.98,0.00,0.00,167642.62,10.00
66324.00,5178494.61,502927.87,440.74,0.00,-0.00,0.00,0.00,-0.00,0.00,0.00,-0.00,5255394.40,0.00,-0.00,167642.62,16.00
66340.00,5178494.61,502927.87,440.74,0.00,-0.00,0.00,0.00,-0.00,0.00,0.00,-0.00,5258076.68,-0.00,0.00,167642.63,10.00
66350.00,5178494.61,502927.87,440.74,0.00,-0.00,0.00,0.00,-0.00,0.00,0.00,-0.00,5259753.11,-0.00,-0.00,167642.62,10.00
66360.00,5178494.61,502927.87,440.74,0.00,-0.00,0.00,0.00,-0.00,0.00,0.00,-0.00,5261429.54,0.00,0.00,167642.62,10.00
66370.00,5178494.76,502927.83,440.77,0.00,0.00,0.00,0.00,0.00,-0.00,0.00,-0.00,5263105.96,0.00,0.00,167642.62,10.00
66380.00,5178494.76,502927.83,440.77,0.00,0.00,0.00,0.00,0.00,-0.00,0.00,-0.00,5264782.39,-0.00,-0.00,167642.61,10.00
66390.00,5178494.76,502927.83,440.77,0.00,0.00,0.00,0.00,0.00,-0.00,0.00,-0.00,5266458.82,0.00,-0.00,167642.61,10.00
66400.00,5178494.76,502927.83,440.77,0.00,0.00,0.00,0.00,0.00,-0.00,0.00,-0.00,5268135.24,0.00,-0.00,167642.61,10.00
66414.00,5178494.76,502927.83,440.77,0.00,0.00,0.00,0.00,0.00,-0.00,0.00,-0.00,5270482.24,0.00,0.00,167642.61,14.00
66428.00,5178494.76,502927.83,440.77,0.00,0.00,0.00,0.00,0.00,-0.00,0.00,-0.00,5272829.23,0.00,-0.00,167642.61,10.00
66438.00,5178494.76,502927.83,440.77,0.00,0.00,0.00,0.00,0.00,-0.00,0.00,-0.00,5274505.66,0.00,-0.00,167642.61,10.00
66448.00,5178494.76,502927.83,440.77,0.00,0.00,0.00,0.00,0.00,-0.00,0.00,-0.00,5276182.09,0.00,0.00,167642.61,10.00
66458.00,5178494.76,502927.83,440.77,0.00,0.00,0.00,0.00,0.00,-0.00,0.00,-0.00,5277858.51,0.00,0.00,167642.61,10.00
66468.00,5178494.76,502927.83,440.77,0.00,0.00,0.00,0.00,0.00,-0.00,0.00,-0.00,5279534.94,0.00,-0.00,167642.61,10.00
66478.00,5178494.76,502927.83,440.77,0.00,0.00,0.00,0.00,0.00,-0.00,0.00,-0.00,5281211.36,0.00,-0.00,167642.61,10.00
66488.00,5178494.76,502927.83,440.77,0.00,0.00,0.00,0.00,0.00,-0.00,0.00,-0.00,5282887.79,0.00,0.00,167642.61,10.00
66498.00,5178494.76,502927.83,440.77,0.00,0.00,0.00,0.00,0.00,-0.00,0.00,-0.00,5284564.22,0.00,0.00,167642.61,10.00
66508.00,5178494.76,502927.83,440.77,0.00,0.00,0.00,0.00,0.00,-0.00,0.00,-0.00,5286240.64,-0.00,-0.00,167642.61,10.00
66523.00,5178494.76,502927.83,440.77,0.00,0.00,0.00,0.00,0.00,-0.00,0.00,-0.00,5288755.28,0.00,0.00,167642.61,18.00
66541.00,5178494.76,502927.83,440.77,0.00,0.00,0.00,0.00,0.00,-0.00,0.00,-0.00,5291772.85,0.00,0.00,167642.61,10.00
66551.00,5178494.76,502927.83,440.77,0.00,0.00,0.00,0.00,0.00,-0.00,0.00,-0.00,5293449.28,0.00,0.00,167642.61,10.00
66561.00,5178494.76,502927.83,440.77,0.00,0.00,0.00,0.00,0.00,-0.00,0.00,-0.00,5295125.70,0.00,-0.00,167642.61,10.00
66571.00,5178494.90,502927.83,440.78,0.00,-0.00,0.00,-0.00,-0.00,0.00,0.00,-0.00,5296802.13,0.00,-0.00,167642.61,10.00
66581.00,5178494.90,502927.83,440.78,0.00,-0.00,0.00,-0.00,-0.00,0.00,0.00,-0.00,5298478.55,-0.00,-0.00,167642.61,10.00
66591.00,5178494.90,502927.83,440.78,0.00,-0.00,0.00,-0.00,-0.00,0.00,0.00,-0.00,5300154.98,-0.00,0.00,167642.61,10.00
66601.00,5178494.90,502927.83,440.78,0.00,-0.00,0.00,-0.00,-0.00,0.00,0.00,-0.00,5301831.41,0.00,-0.00,167642.61,10.00
66611.00,5178494.90,502927.83,440.78,0.00,-0.00,0.00,-0.00,-0.00,0.00,0.00,-0.00,5303507.83,0.00,-0.00,167642.61,16.00
66627.00,5178494.90,502927.83,440.78,0.00,-0.00,0.00,-0.00,-0.00,0.00,0.00,-0.00,5306190.11,-0.00,-0.00,167642.61,10.00
66642.00,5178494.90,502927.83,440.78,0.00,-0.00,0.00,-0.00,-0.00,0.00,0.00,-0.00,5308704.75,0.00,-0.00,167642.61,10.00
66652.00,5178494.90,502927.83,440.78,0.00,-0.00,0.00,-0.00,-0.00,0.00,0.00,-0.00,5310381.18,0.00,-0.00,167642.61,10.00
66662.00,5178494.90,502927.83,440.78,0.00,-0.00,0.00,-0.00,-0.00,0.00,0.00,-0.00,5312057.61,0.00,-0.00,167642.61,10.00
66672.00,5178494.90,502927.83,440.78,0.00,-0.00,0.00,-0.00,-0.00,0.00,0.00,-0.00,5313734.03,0.00,-0.00,167642.61,10.00
66682.00,5178494.90,502927.83,440.78,0.00,-0.00,0.00,-0.00,-0.00,0.00,0.00,-0.00,5315410.46,0.00,-0.00,167642.61,10.00
66692.00,5178494.90,502927.83,440.78,0.00,-0.00,0.00,-0.00,-0.00,0.00,0.00,-0.00,5317086.88,0.00,0.00,167642.61,10.00
66702.00,5178494.90,502927.83,440.78,0.00,-0.00,0.00,-0.00,-0.00,0.00,0.00,-0.00,5318763.31,-0.00,0.00,167642.61,10.00
66712.00,5178494.90,502927.83,440.78,0.00,-0.00,0.00,-0.00,-0.00,0.00,0.00,-0.00,5320439.74,0.00,-0.00,167642.61,15.00
66727.00,5178494.90,502927.83,440.78,0.00,-0.00,0.00,-0.00,-0.00,0.00,0.00,-0.00,5322954.37,0.00,-0.00,167642.61,10.00
66737.00,5178494.90,502927.83,440.78,0.00,-0.00,0.00,-0.00,-0.00,0.00,0.00,-0.00,5324630.80,-0.00,-0.00,167642.61,10.00
66757.00,5178494.90,502927.83,440.78,0.00,-0.00,0.00,-0.00,-0.00,0.00,0.00,-0.00,5327983.65,0.00,-0.00,167642.61,10.00
66767.00,5178494.90,502927.83,440.78,0.00,-0.00,0.00,-0.00,-0.00,0.00,0.00,-0.00,5329660.08,0.00,0.00,167642.61,10.00
66777.00,5178495.09,502927.81,440.75,-0.00,-0.00,-0.00,-0.00,0.00,-0.00,0.00,-0.00,5331336.51,-0.00,-0.00,167642.61,10.00
66787.00,5178495.09,502927.81,440.75,-0.00,-0.00,-0.00,-0.00,0.00,-0.00,0.00,-0.00,5333012.93,0.00,-0.00,167642.61,10.00
66797.00,5178495.09,502927.81,440.75,-0.00,-0.00,-0.00,-0.00,0.00,-0.00,0.00,-0.00,5334689.36,0.00,0.00,167642.60,10.00
66807.00,5178495.09,502927.81,440.75,-0.00,-0.00,-0.00,-0.00,0.00,-0.00,0.00,-0.00,5336365.78,-0.00,-0.00,167642.60,10.00
66817.00,5178495.09,502927.81,440.75,-0.00,-0.00,-0.00,-0.00,0.00,-0.00,0.00,-0.00,5338042.21,0.00,-0.00,167642.61,16.00
66833.00,5178495.09,502927.81,440.75,-0.00,-0.00,-0.00,-0.00,0.00,-0.00,0.00,-0.00,5340724.49,0.00,0.00,167642.60,10.00
66843.00,5178495.09,502927.81,440.75,-0.00,-0.00,-0.00,-0.00,0.00,-0.00,0.00,-0.00,5342400.92,-0.00,0.00,167642.60,10.00
66853.00,5178495.09,502927.81,440.75,-0.00,-0.00,-0.00,-0.00,0.00,-0.00,0.00,-0.00,5344077.34,-0.00,-0.00,167642.61,10.00
66868.00,5178495.09,502927.81,440.75,-0.00,-0.00,-0.00,-0.00,0.00,-0.00,0.00,-0.00,5346591.98,-0.00,-0.00,167642.60,10.00
66878.00,5178495.09,502927.81,440.75,-0.00,-0.00,-0.00,-0.00,0.00,-0.00,0.00,-0.00,5348268.41,0.00,0.00,167642.60,10.00
66888.00,5178495.09,502927.81,440.75,-0.00,-0.00,-0.00,-0.00,0.00,-0.00,0.00,-0.00,5349944.83,0.00,-0.00,167642.60,10.00
66898.00,5178495.09,502927.81,440.75,-0.00,-0.00,-0.00,-0.00,0.00,-0.00,0.00,-0.00,5351621.26,0.00,-0.00,167642.60,10.00
66908.00,5178495.09,502927.81,440.75,-0.00,-0.00,-0.00,-0.00,0.00,-0.00,0.00,-0.00,5353297.69,0.00,0.00,167642.60,10.00
66918.00,5178495.09,502927.81,440.75,-0.00,-0.00,-0.00,-0.00,0.00,-0.00,0.00,-0.00,5354974.11,0.00,0.00,167642.60,10.00
66928.00,5178495.09,502927.81,440.75,-0.00,-0.00,-0.00,-0.00,0.00,-0.00,0.00,-0.00,5356650.54,0.00,-0.00,167642.60,15.00
66943.00,5178495.09,502927.81,440.75,-0.00,-0.00,-0.00,-0.00,0.00,-0.00,0.00,-0.00,5359165.18,0.00,0.00,167642.60,10.00
66953.00,5178495.09,502927.81,440.75,-0.00,-0.00,-0.00,-0.00,0.00,-0.00,0.00,-0.00,5360841.60,0.00,0.00,167642.60,10.00
66963.00,5178495.09,502927.81,440.75,-0.00,-0.00,-0.00,-0.00,0.00,-0.00,0.00,-0.00,5362518.03,0.00,0.00,167642.60,10.00
66978.00,5178495.26,502927.82,440.71,-0.00,-0.00,0.00,0.00,-0.00,0.00,0.00,-0.00,5365032.67,-0.00,-0.00,167642.61,10.00
66988.00,5178495.26,502927.82,440.71,-0.00,-0.00,0.00,0.00,-0.00,0.00,0.00,-0.00,5366709.09,-0.00,-0.00,167642.60,10.00
66998.00,5178495.26,502927.82,440.71,-0.00,-0.00,0.00,0.00,-0.00,0.00,0.00,-0.00,5368385.52,0.00,0.00,167642.61,10.00
67008.00,5178495.26,502927.82,440.71,-0.00,-0.00,0.00,0.00,-0.00,0.00,0.00,-0.00,5370061.95,0.00,0.00,167642.60,10.00
67018.00,5178495.26,502927.82,440.71,-0.00,-0.00,0.00,0.00,-0.00,0.00,0.00,-0.00,5371738.37,-0.00,0.00,167642.61,10.00
67028.00,5178495.26,502927.82,440.71,-0.00,-0.00,0.00,0.00,-0.00,0.00,0.00,-0.00,5373414.80,0.00,0.00,167642.60,16.00
67044.00,5178495.26,502927.82,440.71,-0.00,-0.00,0.00,0.00,-0.00,0.00,0.00,-0.00,5376097.08,0.00,0.00,167642.61,10.00
67054.00,5178495.26,502927.82,440.71,-0.00,-0.00,0.00,0.00,-0.00,0.00,0.00,-0.00,5377773.51,0.00,0.00,167642.61,10.00
67064.00,5178495.26,502927.82,440.71,-0.00,-0.00,0.00,0.00,-0.00,0.00,0.00,-0.00,5379449.93,-0.00,0.00,167642.61,10.00
67074.00,5178495.26,502927.82,440.71,-0.00,-0.00,0.00,0.00,-0.00,0.00,0.00,-0.00,5381126.36,0.00,-0.00,167642.60,10.00
67089.00,5178495.26,502927.82,440.71,-0.00,-0.00,0.00,0.00,-0.00,0.00,0.00,-0.00,5383641.00,0.00,0.00,167642.61,10.00
67099.00,5178495.26,502927.82,440.71,-0.00,-0.00,0.00,0.00,-0.00,0.00,0.00,-0.00,5385317.42,0.00,0.00,167642.61,10.00
67109.00,5178495.26,502927.82,440.71,-0.00,-0.00,0.00,0.00,-0.00,0.00,0.00,-0.00,5386993.85,0.00,0.00,167642.60,10.00
67119.00,5178495.26,502927.82,440.71,-0.00,-0.00,0.00,0.00,-0.00,0.00,0.00,-0.00,5388670.28,0.00,-0.00,167642.61,10.00
67129.00,5178495.26,502927.82,440.71,-0.00,-0.00,0.00,0.00,-0.00,0.00,0.00,-0.00,5390346.70,-0.00,0.00,167642.61,16.00
67145.00,5178495.26,502927.82,440.71,-0.00,-0.00,0.00,0.00,-0.00,0.00,0.00,-0.00,5393028.98,0.00,0.00,167642.61,10.00
67155.00,5178495.26,502927.82,440.71,-0.00,-0.00,0.00,0.00,-0.00,0.00,0.00,-0.00,5394705.41,0.00,0.00,167642.60,10.00
67165.00,5178495.26,502927.82,440.71,-0.00,-0.00,0.00,0.00,-0.00,0.00,0.00,-0.00,5396381.84,0.00,-0.00,167642.61,10.00
67175.00,5178495.26,502927.82,440.71,-0.00,-0.00,0.00,0.00,-0.00,0.00,0.00,-0.00,5398058.26,-0.00,-0.00,167642.61,10.00
67185.00,5178495.41,502927.81,440.67,0.00,-0.00,-0.00,0.00,0.00,-0.00,0.00,-0.00,5399734.69,0.00,-0.00,167642.60,10.00
67200.00,5178495.41,502927.81,440.67,0.00,-0.00,-0.00,0.00,0.00,-0.00,0.00,-0.00,5402249.33,0.00,-0.00,167642.60,10.00
67210.00,5178495.41,502927.81,440.67,0.00,-0.00,-0.00,0.00,0.00,-0.00,0.00,-0.00,5403925.75,0.00,-0.00,167642.60,10.00
67220.00,5178495.41,502927.81,440.67,0.00,-0.00,-0.00,0.00,0.00,-0.00,0.00,-0.00,5405602.18,0.00,-0.00,167642.60,15.00
67235.00,5178495.41,502927.81,440.67,0.00,-0.00,-0.00,0.00,0.00,-0.00,0.00,-0.00,5408116.82,0.00,0.00,167642.60,10.00
67245.00,5178495.41,502927.81,440.67,0.00,-0.00,-0.00,0.00,0.00,-0.00,0.00,-0.00,5409793.24,0.00,0.00,167642.60,10.00
67255.00,5178495.41,502927.81,440.67,0.00,-0.00,-0.00,0.00,0.00,-0.00,0.00,-0.00,5411469.67,0.00,0.00,167642.60,10.00
67265.00,5178495.41,502927.81,440.67,0.00,-0.00,-0.00,0.00,0.00,-0.00,0.00,-0.00,5413146.10,0.00,-0.00,167642.60,10.00
67275.00,5178495.41,502927.81,440.67,0.00,-0.00,-0.00,0.00,0.00,-0.00,0.00,-0.00,5414822.52,-0.00,0.00,167642.60,10.00
67285.00,5178495.41,502927.81,440.67,0.00,-0.00,-0.00,0.00,0.00,-0.00,0.00,-0.00,5416498.95,-0.00,0.00,167642.60,10.00
67295.00,5178495.41,502927.81,440.67,0.00,-0.00,-0.00,0.00,0.00,-0.00,0.00,-0.00,5418175.37,-0.00,-0.00,167642.60,10.00
67310.00,5178495.41,502927.81,440.67,0.00,-0.00,-0.00,0.00,0.00,-0.00,0.00,-0.00,5420690.01,-0.00,-0.00,167642.60,10.00
67320.00,5178495.41,502927.81,440.67,0.00,-0.00,-0.00,0.00,0.00,-0.00,0.00,-0.00,5422366.44,-0.00,0.00,167642.60,10.00
67330.00,5178495.41,502927.81,440.67,0.00,-0.00,-0.00,0.00,0.00,-0.00,0.00,-0.00,5424042.87,-0.00,0.00,167642.60,15.00
67345.00,5178495.41,502927.81,440.67,0.00,-0.00,-0.00,0.00,0.00,-0.00,0.00,-0.00,5426557.50,0.00,0.00,167642.60,10.00
67355.00,5178495.41,502927.81,440.67,0.00,-0.00,-0.00,0.00,0.00,-0.00,0.00,-0.00,5428233.93,0.00,-0.00,167642.60,10.00
67365.00,5178495.41,502927.81,440.67,0.00,-0.00,-0.00,0.00,0.00,-0.00,0.00,-0.00,5429910.36,0.00,-0.00,167642.60,10.00
67375.00,5178495.41,502927.81,440.67,0.00,-0.00,-0.00,0.00,0.00,-0.00,0.00,-0.00,5431586.78,0.00,0.00,167642.60,10.00
67385.00,5178495.56,502927.81,440.63,0.00,0.00,-0.00,0.00,0.00,-0.00,0.00,-0.00,5433263.21,0.00,0.00,167642.60,10.00
67395.00,5178495.56,502927.81,440.63,0.00,0.00,-0.00,0.00,0.00,-0.00,0.00,-0.00,5434939.63,-0.00,0.00,167642.60,10.00
67405.00,5178495.56,502927.81,440.63,0.00,0.00,-0.00,0.00,0.00,-0.00,0.00,-0.00,5436616.06,-0.00,0.00,167642.60,10.00
67420.00,5178495.56,502927.81,440.63,0.00,0.00,-0.00,0.00,0.00,-0.00,0.00,-0.00,5439130.70,0.00,-0.00,167642.60,17.00
67437.00,5178495.56,502927.81,440.63,0.00,0.00,-0.00,0.00,0.00,-0.00,0.00,-0.00,5441980.62,-0.00,0.00,167642.60,10.00
67447.00,5178495.56,502927.81,440.63,0.00,0.00,-0.00,0.00,0.00,-0.00,0.00,-0.00,5443657.05,0.00,-0.00,167642.60,10.00
67457.00,5178495.56,502927.81,440.63,0.00,0.00,-0.00,0.00,0.00,-0.00,0.00,-0.00,5445333.48,-0.00,0.00,167642.60,10.00
67467.00,5178495.56,502927.81,440.63,0.00,0.00,-0.00,0.00,0.00,-0.00,0.00,-0.00,5447009.90,0.00,0.00,167642.60,10.00
67477.00,5178495.56,502927.81,440.63,0.00,0.00,-0.00,0.00,0.00,-0.00,0.00,-0.00,5448686.33,-0.00,-0.00,167642.60,10.00
67487.00,5178495.56,502927.81,440.63,0.00,0.00,-0.00,0.00,0.00,-0.00,0.00,-0.00,5450362.75,0.00,-0.00,167642.60,10.00
67497.00,5178495.56,502927.81,440.63,0.00,0.00,-0.00,0.00,0.00,-0.00,0.00,-0.00,5452039.18,0.00,0.00,167642.60,10.00
67507.00,5178495.56,502927.81,440.63,0.00,0.00,-0.00,0.00,0.00,-0.00,0.00,-0.00,5453715.61,0.00,-0.00,167642.60,10.00
67517.00,5178495.56,502927.81,440.63,0.00,0.00,-0.00,0.00,0.00,-0.00,0.00,-0.00,5455392.03,-0.00,-0.00,167642.60,10.00
67537.00,5178495.56,502927.81,440.63,0.00,0.00,-0.00,0.00,0.00,-0.00,0.00,-0.00,5458744.88,0.00,0.00,167642.60,17.00
67554.00,5178495.56,502927.81,440.63,0.00,0.00,-0.00,0.00,0.00,-0.00,0.00,-0.00,5461594.81,0.00,0.00,167642.60,10.00
67564.00,5178495.56,502927.81,440.63,0.00,0.00,-0.00,0.00,0.00,-0.00,0.00,-0.00,5463271.23,0.00,0.00,167642.60,10.00
67574.00,5178495.56,502927.81,440.63,0.00,0.00,-0.00,0.00,0.00,-0.00,0.00,-0.00,5464947.66,0.00,0.00,167642.60,10.00
67584.00,5178495.56,502927.81,440.63,0.00,0.00,-0.00,0.00,0.00,-0.00,0.00,-0.00,5466624.09,0.00,-0.00,167642.60,10.00
67594.00,5178495.69,502927.80,440.60,-0.00,0.00,0.00,-0.00,-0.00,0.00,0.00,-0.00,5468300.51,-0.00,0.00,167642.60,10.00
67604.00,5178495.69,502927.80,440.60,-0.00,0.00,0.00,-0.00,-0.00,0.00,0.00,-0.00,5469976.94,0.00,0.00,167642.60,10.00
67614.00,5178495.69,502927.80,440.60,-0.00,0.00,0.00,-0.00,-0.00,0.00,0.00,-0.00,5471653.36,0.00,0.00,167642.60,10.00
67624.00,5178495.69,502927.80,440.60,-0.00,0.00,0.00,-0.00,-0.00,0.00,0.00,-0.00,5473329.79,0.00,-0.00,167642.60,19.00
67643.00,5178495.69,502927.80,440.60,-0.00,0.00,0.00,-0.00,-0.00,0.00,0.00,-0.00,5476515.00,0.00,0.00,167642.60,10.00
67658.00,5178495.69,502927.80,440.60,-0.00,0.00,0.00,-0.00,-0.00,0.00,0.00,-0.00,5479029.64,-0.00,-0.00,167642.60,10.00
67668.00,5178495.69,502927.80,440.60,-0.00,0.00,0.00,-0.00,-0.00,0.00,0.00,-0.00,5480706.06,-0.00,0.00,167642.60,10.00
67678.00,5178495.69,502927.80,440.60,-0.00,0.00,0.00,-0.00,-0.00,0.00,0.00,-0.00,5482382.49,0.00,-0.00,167642.60,10.00
67688.00,5178495.69,502927.80,440.60,-0.00,0.00,0.00,-0.00,-0.00,0.00,0.00,-0.00,5484058.92,0.00,-0.00,167642.60,10.00
67698.00,5178495.69,502927.80,440.60,-0.00,0.00,0.00,-0.00,-0.00,0.00,0.00,-0.00,5485735.34,-0.00,0.00,167642.60,10.00
67708.00,5178495.69,502927.80,440.60,-0.00,0.00,0.00,-0.00,-0.00,0.00,0.00,-0.00,5487411.77,-0.00,-0.00,167642.60,17.00
67725.00,5178495.69,502927.80,440.60,-0.00,0.00,0.00,-0.00,-0.00,0.00,0.00,-0.00,5490261.69,0.00,0.00,167642.60,10.00
67735.00,5178495.69,502927.80,440.60,-0.00,0.00,0.00,-0.00,-0.00,0.00,0.00,-0.00,5491938.12,-0.00,0.00,167642.60,10.00
67745.00,5178495.69,502927.80,440.60,-0.00,0.00,0.00,-0.00,-0.00,0.00,0.00,-0.00,5493614.55,-0.00,-0.00,167642.60,10.00
67755.00,5178495.69,502927.80,440.60,-0.00,0.00,0.00,-0.00,-0.00,0.00,0.00,-0.00,5495290.97,-0.00,0.00,167642.60,10.00
67770.00,5178495.69,502927.80,440.60,-0.00,0.00,0.00,-0.00,-0.00,0.00,0.00,-0.00,5497805.61,0.00,-0.00,167642.60,10.00
67780.00,5178495.69,502927.80,440.60,-0.00,0.00,0.00,-0.00,-0.00,0.00,0.00,-0.00,5499482.04,0.00,0.00,167642.60,10.00
67790.00,5178495.69,502927.80,440.60,-0.00,0.00,0.00,-0.00,-0.00,0.00,0.00,-0.00,5501158.46,-0.00,-0.00,167642.60,10.00
67800.00,5178495.79,502927.80,440.53,0.00,0.00,0.00,0.00,0.00,0.00,0.00,-0.00,5502834.89,0.00,0.00,167642.60,10.00
67810.00,5178495.79,502927.80,440.53,0.00,0.00,0.00,0.00,0.00,0.00,0.00,-0.00,5504511.31,0.00,-0.00,167642.60,16.00
67826.00,5178495.79,502927.80,440.53,0.00,0.00,0.00,0.00,0.00,0.00,0.00,-0.00,5507193.60,0.00,-0.00,167642.60,10.00
67836.00,5178495.79,502927.80,440.53,0.00,0.00,0.00,0.00,0.00,0.00,0.00,-0.00,5508870.02,0.00,0.00,167642.60,10.00
67846.00,5178495.79,502927.80,440.53,0.00,0.00,0.00,0.00,0.00,0.00,0.00,-0.00,5510546.45,0.00,0.00,167642.60,10.00
67856.00,5178495.79,502927.80,440.53,0.00,0.00,0.00,0.00,0.00,0.00,0.00,-0.00,5512222.87,0.00,0.00,167642.60,10.00
67866.00,5178495.79,502927.80,440.53,0.00,0.00,0.00,0.00,0.00,0.00,0.00,-0.00,5513899.30,0.00,0.00,167642.60,10.00
67881.00,5178495.79,502927.80,440.53,0.00,0.00,0.00,0.00,0.00,0.00,0.00,-0.00,5516413.94,0.00,0.00,167642.60,10.00
67891.00,5178495.79,502927.80,440.53,0.00,0.00,0.00,0.00,0.00,0.00,0.00,-0.00,5518090.36,-0.00,-0.00,167642.60,10.00
67901.00,5178495.79,502927.80,440.53,0.00,0.00,0.00,0.00,0.00,0.00,0.00,-0.00,5519766.79,0.00,0.00,167642.60,10.00
67911.00,5178495.79,502927.80,440.53,0.00,0.00,0.00,0.00,0.00,0.00,0.00,-0.00,5521443.22,0.00,0.00,167642.60,15.00
67926.00,5178495.79,502927.80,440.53,0.00,0.00,0.00,0.00,0.00,0.00,0.00,-0.00,5523957.86,0.00,0.00,167642.60,10.00
67936.00,5178495.79,502927.80,440.53,0.00,0.00,0.00,0.00,0.00,0.00,0.00,-0.00,5525634.28,-0.00,0.00,167642.60,10.00
67946.00,5178495.79,502927.80,440.53,0.00,0.00,0.00,0.00,0.00,0.00,0.00,-0.00,5527310.71,-0.00,0.00,167642.60,10.00
67956.00,5178495.79,502927.80,440.53,0.00,0.00,0.00,0.00,0.00,0.00,0.00,-0.00,5528987.13,-0.00,-0.00,167642.60,10.00
67966.00,5178495.79,502927.80,440.53,0.00,0.00,0.00,0.00,0.00,0.00,0.00,-0.00,5530663.56,0.00,0.00,167642.60,10.00
67976.00,5178495.79,502927.80,440.53,0.00,0.00,0.00,0.00,0.00,0.00,0.00,-0.00,5532339.99,-0.00,0.00,167642.60,10.00
67991.00,5178495.79,502927.80,440.53,0.00,0.00,0.00,0.00,0.00,0.00,0.00,-0.00,5534854.62,0.00,0.00,167642.60,10.00
68001.00,5178495.90,502927.79,440.45,0.00,-0.00,0.00,0.00,-0.00,-0.00,0.00,-0.00,5536531.05,0.00,-0.00,167642.60,10.00
68012.00,5178495.90,502927.79,440.45,0.00,-0.00,0.00,0.00,-0.00,-0.00,0.00,-0.00,5538375.12,0.00,0.00,167642.60,15.00
68027.00,5178495.90,502927.79,440.45,0.00,-0.00,0.00,0.00,-0.00,-0.00,0.00,-0.00,5540889.76,-0.00,-0.00,167642.60,10.00
68037.00,5178495.90,502927.79,440.45,0.00,-0.00,0.00,0.00,-0.00,-0.00,0.00,-0.00,5542566.18,-0.00,-0.00,167642.60,10.00
68047.00,5178495.90,502927.79,440.45,0.00,-0.00,0.00,0.00,-0.00,-0.00,0.00,-0.00,5544242.61,-0.00,-0.00,167642.60,10.00
68057.00,5178495.90,502927.79,440.45,0.00,-0.00,0.00,0.00,-0.00,-0.00,0.00,-0.00,5545919.04,0.00,-0.00,167642.60,10.00
68067.00,5178495.90,502927.79,440.45,0.00,-0.00,0.00,0.00,-0.00,-0.00,0.00,-0.00,5547595.46,0.00,-0.00,167642.60,10.00
68077.00,5178495.90,502927.79,440.45,0.00,-0.00,0.00,0.00,-0.00,-0.00,0.00,-0.00,5549271.89,0.00,-0.00,167642.60,10.00
68087.00,5178495.90,502927.79,440.45,0.00,-0.00,0.00,0.00,-0.00,-0.00,0.00,-0.00,5550948.31,0.00,0.00,167642.60,10.00
68102.00,5178495.90,502927.79,440.45,0.00,-0.00,0.00,0.00,-0.00,-0.00,0.00,-0.00,5553462.95,0.00,0.00,167642.60,10.00
68112.00,5178495.90,502927.79,440.45,0.00,-0.00,0.00,0.00,-0.00,-0.00,0.00,-0.00,5555139.38,0.00,0.00,167642.60,16.00
68128.00,5178495.90,502927.79,440.45,0.00,-0.00,0.00,0.00,-0.00,-0.00,0.00,-0.00,5557821.66,0.00,-0.00,167642.60,10.00
68138.00,5178495.90,502927.79,440.45,0.00,-0.00,0.00,0.00,-0.00,-0.00,0.00,-0.00,5559498.09,0.00,-0.00,167642.60,10.00
68148.00,5178495.90,502927.79,440.45,0.00,-0.00,0.00,0.00,-0.00,-0.00,0.00,-0.00,5561174.51,-0.00,-0.00,167642.60,10.00
68158.00,5178495.90,502927.79,440.45,0.00,-0.00,0.00,0.00,-0.00,-0.00,0.00,-0.00,5562850.94,-0.00,-0.00,167642.60,10.00
68168.00,5178495.90,502927.79,440.45,0.00,-0.00,0.00,0.00,-0.00,-0.00,0.00,-0.00,5564527.36,0.00,0.00,167642.60,10.00
68178.00,5178495.90,502927.79,440.45,0.00,-0.00,0.00,0.00,-0.00,-0.00,0.00,-0.00,5566203.79,0.00,0.00,167642.60,10.00
68188.00,5178495.90,502927.79,440.45,0.00,-0.00,0.00,0.00,-0.00,-0.00,0.00,-0.00,5567880.22,-0.00,0.00,167642.60,10.00
68198.00,5178495.90,502927.79,440.45,0.00,-0.00,0.00,0.00,-0.00,-0.00,0.00,-0.00,5569556.64,-0.00,0.00,167642.60,10.00
68213.00,5178496.05,502927.79,440.33,0.00,-0.00,-0.00,-0.00,0.00,-0.00,0.00,-0.00,5572071.28,0.00,-0.00,167642.60,16.00
68229.00,5178496.05,502927.79,440.33,0.00,-0.00,-0.00,-0.00,0.00,-0.00,0.00,-0.00,5574753.56,-0.00,0.00,167642.60,10.00
68239.00,5178496.05,502927.79,440.33,0.00,-0.00,-0.00,-0.00,0.00,-0.00,0.00,-0.00,5576429.99,-0.00,0.00,167642.60,10.00
68249.00,5178496.05,502927.79,440.33,0.00,-0.00,-0.00,-0.00,0.00,-0.00,0.00,-0.00,5578106.42,0.00,-0.00,167642.60,10.00
68259.00,5178496.05,502927.79,440.33,0.00,-0.00,-0.00,-0.00,0.00,-0.00,0.00,-0.00,5579782.84,0.00,-0.00,167642.60,10.00
68269.00,5178496.05,502927.79,440.33,0.00,-0.00,-0.00,-0.00,0.00,-0.00,0.00,-0.00,5581459.27,0.00,-0.00,167642.60,10.00
68279.00,5178496.05,502927.79,440.33,0.00,-0.00,-0.00,-0.00,0.00,-0.00,0.00,-0.00,5583135.69,0.00,-0.00,167642.60,10.00
68289.00,5178496.05,502927.79,440.33,0.00,-0.00,-0.00,-0.00,0.00,-0.00,0.00,-0.00,5584812.12,0.00,0.00,167642.60,10.00
68299.00,5178496.05,502927.79,440.33,0.00,-0.00,-0.00,-0.00,0.00,-0.00,0.00,-0.00,5586488.54,0.00,-0.00,167642.60,10.00
68309.00,5178496.05,502927.79,440.33,0.00,-0.00,-0.00,-0.00,0.00,-0.00,0.00,-0.00,5588164.97,0.00,0.00,167642.60,10.00
68329.00,5178496.05,502927.79,440.33,0.00,-0.00,-0.00,-0.00,0.00,-0.00,0.00,-0.00,5591517.82,-0.00,-0.00,167642.60,18.00
68347.00,5178496.05,502927.79,440.33,0.00,-0.00,-0.00,-0.00,0.00,-0.00,0.00,-0.00,5594535.39,0.00,0.00,167642.60,10.00
68357.00,5178496.05,502927.79,440.33,0.00,-0.00,-0.00,-0.00,0.00,-0.00,0.00,-0.00,5596211.82,0.00,0.00,167642.60,10.00
68367.00,5178496.05,502927.79,440.33,0.00,-0.00,-0.00,-0.00,0.00,-0.00,0.00,-0.00,5597888.24,-0.00,-0.00,167642.60,10.00
68377.00,5178496.05,502927.79,440.33,0.00,-0.00,-0.00,-0.00,0.00,-0.00,0.00,-0.00,5599564.67,-0.00,-0.00,167642.60,10.00
68387.00,5178496.05,502927.79,440.33,0.00,-0.00,-0.00,-0.00,0.00,-0.00,0.00,-0.00,5601241.09,-0.00,-0.00,167642.60,10.00
68397.00,5178496.05,502927.79,440.33,0.00,-0.00,-0.00,-0.00,0.00,-0.00,0.00,-0.00,5602917.52,0.00,0.00,167642.60,10.00
68407.00,5178496.05,502927.79,440.33,0.00,-0.00,-0.00,-0.00,0.00,-0.00,0.00,-0.00,5604593.95,0.00,0.00,167642.59,10.00
68417.00,5178496.09,502927.78,440.31,0.00,0.00,0.00,0.00,0.00,0.00,0.00,-0.00,5606270.37,0.00,0.00,167642.60,10.00
68427.00,5178496.09,502927.78,440.31,0.00,0.00,0.00,0.00,0.00,0.00,0.00,-0.00,5607946.80,-0.00,-0.00,167642.59,19.00
68451.00,5178496.09,502927.78,440.31,0.00,0.00,0.00,0.00,0.00,0.00,0.00,-0.00,5611970.22,0.00,-0.00,167642.59,10.00
68461.00,5178496.09,502927.78,440.31,0.00,0.00,0.00,0.00,0.00,0.00,0.00,-0.00,5613646.65,0.00,-0.00,167642.59,10.00
68471.00,5178496.09,502927.78,440.31,0.00,0.00,0.00,0.00,0.00,0.00,0.00,-0.00,5615323.07,0.00,0.00,167642.59,10.00
68481.00,5178496.09,502927.78,440.31,0.00,0.00,0.00,0.00,0.00,0.00,0.00,-0.00,5616999.50,0.00,-0.00,167642.59,10.00
68491.00,5178496.09,502927.78,440.31,0.00,0.00,0.00,0.00,0.00,0.00,0.00,-0.00,5618675.92,0.00,-0.00,167642.59,10.00
68501.00,5178496.09,502927.78,440.31,0.00,0.00,0.00,0.00,0.00,0.00,0.00,-0.00,5620352.35,0.00,-0.00,167642.59,10.00
68511.00,5178496.09,502927.78,440.31,0.00,0.00,0.00,0.00,0.00,0.00,0.00,-0.00,5622028.77,-0.00,-0.00,167642.59,16.00
68527.00,5178496.09,502927.78,440.31,0.00,0.00,0.00,0.00,0.00,0.00,0.00,-0.00,5624711.06,0.00,-0.00,167642.59,10.00
68537.00,5178496.09,502927.78,440.31,0.00,0.00,0.00,0.00,0.00,0.00,0.00,-0.00,5626387.48,-0.00,0.00,167642.59,10.00
68547.00,5178496.09,502927.78,440.31,0.00,0.00,0.00,0.00,0.00,0.00,0.00,-0.00,5628063.91,0.00,0.00,167642.59,10.00
68562.00,5178496.09,502927.78,440.31,0.00,0.00,0.00,0.00,0.00,0.00,0.00,-0.00,5630578.55,0.00,0.00,167642.59,10.00
68572.00,5178496.09,502927.78,440.31,0.00,0.00,0.00,0.00,0.00,0.00,0.00,-0.00,5632254.97,0.00,0.00,167642.59,10.00
68582.00,5178496.09,502927.78,440.31,0.00,0.00,0.00,0.00,0.00,0.00,0.00,-0.00,5633931.40,0.00,0.00,167642.59,10.00
68592.00,5178496.09,502927.78,440.31,0.00,0.00,0.00,0.00,0.00,0.00,0.00,-0.00,5635607.82,0.00,0.00,167642.59,10.00
68602.00,5178496.09,502927.78,440.31,0.00,0.00,0.00,0.00,0.00,0.00,0.00,-0.00,5637284.25,-0.00,0.00,167642.59,10.00
68612.00,5178496.09,502927.78,440.31,0.00,0.00,0.00,0.00,0.00,0.00,0.00,-0.00,5638960.68,-0.00,0.00,167642.59,16.00
68628.00,5178496.19,502927.74,440.23,0.00,0.00,0.00,0.00,0.00,0.00,0.00,-0.00,5641642.96,0.00,0.00,167642.59,10.00
68638.00,5178496.19,502927.74,440.23,0.00,0.00,0.00,0.00,0.00,0.00,0.00,-0.00,5643319.38,0.00,0.00,167642.58,10.00
68648.00,5178496.19,502927.74,440.23,0.00,0.00,0.00,0.00,0.00,0.00,0.00,-0.00,5644995.81,0.00,0.00,167642.58,10.00
68658.00,5178496.19,502927.74,440.23,0.00,0.00,0.00,0.00,0.00,0.00,0.00,-0.00,5646672.24,0.00,0.00,167642.58,10.00
68673.00,5178496.19,502927.74,440.23,0.00,0.00,0.00,0.00,0.00,0.00,0.00,-0.00,5649186.87,0.00,0.00,167642.58,10.00
68683.00,5178496.19,502927.74,440.23,0.00,0.00,0.00,0.00,0.00,0.00,0.00,-0.00,5650863.30,0.00,-0.00,167642.58,10.00
68693.00,5178496.19,502927.74,440.23,0.00,0.00,0.00,0.00,0.00,0.00,0.00,-0.00,5652539.73,0.00,0.00,167642.58,10.00
68703.00,5178496.19,502927.74,440.23,0.00,0.00,0.00,0.00,0.00,0.00,0.00,-0.00,5654216.15,0.00,0.00,167642.58,10.00
68713.00,5178496.19,502927.74,440.23,0.00,0.00,0.00,0.00,0.00,0.00,0.00,-0.00,5655892.58,0.00,0.00,167642.58,15.00
68728.00,5178496.19,502927.74,440.23,0.00,0.00,0.00,0.00,0.00,0.00,0.00,-0.00,5658407.22,0.00,0.00,167642.58,10.00
68738.00,5178496.19,502927.74,440.23,0.00,0.00,0.00,0.00,0.00,0.00,0.00,-0.00,5660083.64,0.00,0.00,167642.58,10.00
68748.00,5178496.19,502927.74,440.23,0.00,0.00,0.00,0.00,0.00,0.00,0.00,-0.00,5661760.07,-0.00,0.00,167642.58,10.00
68758.00,5178496.19,502927.74,440.23,0.00,0.00,0.00,0.00,0.00,0.00,0.00,-0.00,5663436.49,0.00,0.00,167642.58,10.00
68768.00,5178496.19,502927.74,440.23,0.00,0.00,0.00,0.00,0.00,0.00,0.00,-0.00,5665112.92,0.00,0.00,167642.58,10.00
68783.00,5178496.19,502927.74,440.23,0.00,0.00,0.00,0.00,0.00,0.00,0.00,-0.00,5667627.56,-0.00,0.00,167642.58,10.00
68793.00,5178496.19,502927.74,440.23,0.00,0.00,0.00,0.00,0.00,0.00,0.00,-0.00,5669303.98,0.00,-0.00,167642.58,10.00
68803.00,5178496.19,502927.74,440.23,0.00,0.00,0.00,0.00,0.00,0.00,0.00,-0.00,5670980.41,0.00,0.00,167642.58,10.00
68813.00,5178496.19,502927.74,440.23,0.00,0.00,0.00,0.00,0.00,0.00,0.00,-0.00,5672656.84,0.00,0.00,167642.58,16.00
68829.00,5178496.26,502927.71,440.14,-0.00,0.00,0.00,-0.00,-0.00,-0.00,0.00,-0.00,5675339.12,-0.00,0.00,167642.58,10.00
68839.00,5178496.26,502927.71,440.14,-0.00,0.00,0.00,-0.00,-0.00,-0.00,0.00,-0.00,5677015.54,-0.00,-0.00,167642.57,10.00
68849.00,5178496.26,502927.71,440.14,-0.00,0.00,0.00,-0.00,-0.00,-0.00,0.00,-0.00,5678691.97,-0.00,-0.00,167642.57,10.00
68859.00,5178496.26,502927.71,440.14,-0.00,0.00,0.00,-0.00,-0.00,-0.00,0.00,-0.00,5680368.39,0.00,-0.00,167642.57,10.00
68869.00,5178496.26,502927.71,440.14,-0.00,0.00,0.00,-0.00,-0.00,-0.00,0.00,-0.00,5682044.82,0.00,-0.00,167642.57,10.00
68879.00,5178496.26,502927.71,440.14,-0.00,0.00,0.00,-0.00,-0.00,-0.00,0.00,-0.00,5683721.25,-0.00,-0.00,167642.57,10.00
68894.00,5178496.26,502927.71,440.14,-0.00,0.00,0.00,-0.00,-0.00,-0.00,0.00,-0.00,5686235.88,0.00,-0.00,167642.57,10.00
68904.00,5178496.26,502927.71,440.14,-0.00,0.00,0.00,-0.00,-0.00,-0.00,0.00,-0.00,5687912.31,-0.00,0.00,167642.57,10.00
68914.00,5178496.26,502927.71,440.14,-0.00,0.00,0.00,-0.00,-0.00,-0.00,0.00,-0.00,5689588.74,-0.00,-0.00,167642.57,15.00
68929.00,5178496.26,502927.71,440.14,-0.00,0.00,0.00,-0.00,-0.00,-0.00,0.00,-0.00,5692103.37,0.00,0.00,167642.57,10.00
68939.00,5178496.26,502927.71,440.14,-0.00,0.00,0.00,-0.00,-0.00,-0.00,0.00,-0.00,5693779.80,0.00,-0.00,167642.57,10.00
68949.00,5178496.26,502927.71,440.14,-0.00,0.00,0.00,-0.00,-0.00,-0.00,0.00,-0.00,5695456.23,-0.00,0.00,167642.57,10.00
68959.00,5178496.26,502927.71,440.14,-0.00,0.00,0.00,-0.00,-0.00,-0.00,0.00,-0.00,5697132.65,0.00,0.00,167642.57,10.00
68969.00,5178496.26,502927.71,440.14,-0.00,0.00,0.00,-0.00,-0.00,-0.00,0.00,-0.00,5698809.08,0.00,0.00,167642.57,10.00
68979.00,5178496.26,502927.71,440.14,-0.00,0.00,0.00,-0.00,-0.00,-0.00,0.00,-0.00,5700485.50,0.00,0.00,167642.57,10.00
68989.00,5178496.26,502927.71,440.14,-0.00,0.00,0.00,-0.00,-0.00,-0.00,0.00,-0.00,5702161.93,-0.00,0.00,167642.57,10.00
69004.00,5178496.26,502927.71,440.14,-0.00,0.00,0.00,-0.00,-0.00,-0.00,0.00,-0.00,5704676.57,0.00,-0.00,167642.57,10.00
69014.00,5178496.26,502927.71,440.14,-0.00,0.00,0.00,-0.00,-0.00,-0.00,0.00,-0.00,5706352.99,0.00,0.00,167642.57,10.00
69024.00,5178496.26,502927.71,440.14,-0.00,0.00,0.00,-0.00,-0.00,-0.00,0.00,-0.00,5708029.42,0.00,0.00,167642.57,16.00
69040.00,5178496.32,502927.69,440.07,0.00,0.00,0.00,0.00,0.00,0.00,0.00,-0.00,5710711.70,0.00,0.00,167642.57,10.00
69050.00,5178496.32,502927.69,440.07,0.00,0.00,0.00,0.00,0.00,0.00,0.00,-0.00,5712388.12,0.00,0.00,167642.56,10.00
69060.00,5178496.32,502927.69,440.07,0.00,0.00,0.00,0.00,0.00,0.00,0.00,-0.00,5714064.55,0.00,0.00,167642.56,10.00
69070.00,5178496.32,502927.69,440.07,0.00,0.00,0.00,0.00,0.00,0.00,0.00,-0.00,5715740.98,0.00,0.00,167642.56,10.00
69080.00,5178496.32,502927.69,440.07,0.00,0.00,0.00,0.00,0.00,0.00,0.00,-0.00,5717417.40,0.00,0.00,167642.57,10.00
69090.00,5178496.32,502927.69,440.07,0.00,0.00,0.00,0.00,0.00,0.00,0.00,-0.00,5719093.83,0.00,0.00,167642.56,10.00
69100.00,5178496.32,502927.69,440.07,0.00,0.00,0.00,0.00,0.00,0.00,0.00,-0.00,5720770.25,0.00,0.00,167642.56,10.00
69120.00,5178496.32,502927.69,440.07,0.00,0.00,0.00,0.00,0.00,0.00,0.00,-0.00,5724123.10,0.00,0.00,167642.56,16.00
69136.00,5178496.32,502927.69,440.07,0.00,0.00,0.00,0.00,0.00,0.00,0.00,-0.00,5726805.39,0.00,-0.00,167642.56,10.00
69146.00,5178496.32,502927.69,440.07,0.00,0.00,0.00,0.00,0.00,0.00,0.00,-0.00,5728481.81,0.00,0.00,167642.56,10.00
69156.00,5178496.32,502927.69,440.07,0.00,0.00,0.00,0.00,0.00,0.00,0.00,-0.00,5730158.24,-0.00,-0.00,167642.56,10.00
69166.00,5178496.32,502927.69,440.07,0.00,0.00,0.00,0.00,0.00,0.00,0.00,-0.00,5731834.66,-0.00,-0.00,167642.56,10.00
69176.00,5178496.32,502927.69,440.07,0.00,0.00,0.00,0.00,0.00,0.00,0.00,-0.00,5733511.09,0.00,0.00,167642.56,10.00
69186.00,5178496.32,502927.69,440.07,0.00,0.00,0.00,0.00,0.00,0.00,0.00,-0.00,5735187.51,0.00,-0.00,167642.56,10.00
69196.00,5178496.32,502927.69,440.07,0.00,0.00,0.00,0.00,0.00,0.00,0.00,-0.00,5736863.94,0.00,-0.00,167642.57,10.00
69206.00,5178496.32,502927.69,440.07,0.00,0.00,0.00,0.00,0.00,0.00,0.00,-0.00,5738540.36,0.00,0.00,167642.56,10.00
69216.00,5178496.32,502927.69,440.07,0.00,0.00,0.00,0.00,0.00,0.00,0.00,-0.00,5740216.79,0.00,0.00,167642.56,16.00
69237.00,5178496.32,502927.69,440.07,0.00,0.00,0.00,0.00,0.00,0.00,0.00,-0.00,5743737.28,0.00,0.00,167642.56,10.00
69247.00,5178496.36,502927.68,439.99,0.00,0.00,0.00,0.00,0.00,0.00,0.00,-0.00,5745413.71,0.00,0.00,167642.56,10.00
69257.00,5178496.36,502927.68,439.99,0.00,0.00,0.00,0.00,0.00,0.00,0.00,-0.00,5747090.14,0.00,0.00,167642.56,10.00
69267.00,5178496.36,502927.68,439.99,0.00,0.00,0.00,0.00,0.00,0.00,0.00,-0.00,5748766.56,0.00,0.00,167642.56,10.00
69277.00,5178496.36,502927.68,439.99,0.00,0.00,0.00,0.00,0.00,0.00,0.00,-0.00,5750442.99,-0.00,0.00,167642.56,10.00
69287.00,5178496.36,502927.68,439.99,0.00,0.00,0.00,0.00,0.00,0.00,0.00,-0.00,5752119.41,-0.00,0.00,167642.56,10.00
69297.00,5178496.36,502927.68,439.99,0.00,0.00,0.00,0.00,0.00,0.00,0.00,-0.00,5753795.84,-0.00,0.00,167642.56,10.00
69307.00,5178496.36,502927.68,439.99,0.00,0.00,0.00,0.00,0.00,0.00,0.00,-0.00,5755472.26,0.00,0.00,167642.56,10.00
69317.00,5178496.36,502927.68,439.99,0.00,0.00,0.00,0.00,0.00,0.00,0.00,-0.00,5757148.69,-0.00,0.00,167642.56,16.00
69333.00,5178496.36,502927.68,439.99,0.00,0.00,0.00,0.00,0.00,0.00,0.00,-0.00,5759830.97,0.00,0.00,167642.56,10.00
69348.00,5178496.36,502927.68,439.99,0.00,0.00,0.00,0.00,0.00,0.00,0.00,-0.00,5762345.61,0.00,0.00,167642.56,10.00
69358.00,5178496.36,502927.68,439.99,0.00,0.00,0.00,0.00,0.00,0.00,0.00,-0.00,5764022.03,-0.00,0.00,167642.56,10.00
69368.00,5178496.36,502927.68,439.99,0.00,0.00,0.00,0.00,0.00,0.00,0.00,-0.00,5765698.46,-0.00,0.00,167642.56,10.00
69378.00,5178496.36,502927.68,439.99,0.00,0.00,0.00,0.00,0.00,0.00,0.00,-0.00,5767374.89,0.00,0.00,167642.56,10.00
69388.00,5178496.36,502927.68,439.99,0.00,0.00,0.00,0.00,0.00,0.00,0.00,-0.00,5769051.31,-0.00,0.00,167642.56,10.00
69398.00,5178496.36,502927.68,439.99,0.00,0.00,0.00,0.00,0.00,0.00,0.00,-0.00,5770727.74,-0.00,0.00,167642.56,10.00
69408.00,5178496.36,502927.68,439.99,0.00,0.00,0.00,0.00,0.00,0.00,0.00,-0.00,5772404.16,-0.00,0.00,167642.56,17.00
69425.00,5178496.36,502927.68,439.99,0.00,0.00,0.00,0.00,0.00,0.00,0.00,-0.00,5775254.09,0.00,0.00,167642.56,10.00
69435.00,5178496.36,502927.68,439.99,0.00,0.00,0.00,0.00,0.00,0.00,0.00,-0.00,5776930.51,0.00,0.00,167642.56,10.00
69445.00,5178496.36,502927.68,439.99,0.00,0.00,0.00,0.00,0.00,0.00,0.00,-0.00,5778606.94,0.00,0.00,167642.56,10.00
69460.00,5178496.43,502927.66,439.93,-0.00,0.00,0.00,-0.00,0.00,0.00,0.00,-0.00,5781121.57,-0.00,0.00,167642.56,10.00
69470.00,5178496.43,502927.66,439.93,-0.00,0.00,0.00,-0.00,0.00,0.00,0.00,-0.00,5782798.00,-0.00,0.00,167642.55,10.00
69480.00,5178496.43,502927.66,439.93,-0.00,0.00,0.00,-0.00,0.00,0.00,0.00,-0.00,5784474.43,0.00,0.00,167642.55,10.00
69490.00,5178496.43,502927.66,439.93,-0.00,0.00,0.00,-0.00,0.00,0.00,0.00,-0.00,5786150.85,-0.00,-0.00,167642.55,10.00
69500.00,5178496.43,502927.66,439.93,-0.00,0.00,0.00,-0.00,0.00,0.00,0.00,-0.00,5787827.28,0.00,-0.00,167642.55,10.00
69510.00,5178496.43,502927.66,439.93,-0.00,0.00,0.00,-0.00,0.00,0.00,0.00,-0.00,5789503.70,-0.00,0.00,167642.55,19.00
69529.00,5178496.43,502927.66,439.93,-0.00,0.00,0.00,-0.00,0.00,0.00,0.00,-0.00,5792688.91,0.00,0.00,167642.55,10.00
69539.00,5178496.43,502927.66,439.93,-0.00,0.00,0.00,-0.00,0.00,0.00,0.00,-0.00,5794365.34,0.00,0.00,167642.55,10.00
69549.00,5178496.43,502927.66,439.93,-0.00,0.00,0.00,-0.00,0.00,0.00,0.00,-0.00,5796041.76,0.00,0.00,167642.55,10.00
69559.00,5178496.43,502927.66,439.93,-0.00,0.00,0.00,-0.00,0.00,0.00,0.00,-0.00,5797718.19,0.00,0.00,167642.55,10.00
69574.00,5178496.43,502927.66,439.93,-0.00,0.00,0.00,-0.00,0.00,0.00,0.00,-0.00,5800232.83,0.00,-0.00,167642.55,10.00
69584.00,5178496.43,502927.66,439.93,-0.00,0.00,0.00,-0.00,0.00,0.00,0.00,-0.00,5801909.25,0.00,-0.00,167642.55,10.00
69594.00,5178496.43,502927.66,439.93,-0.00,0.00,0.00,-0.00,0.00,0.00,0.00,-0.00,5803585.68,-0.00,0.00,167642.55,10.00
69604.00,5178496.43,502927.66,439.93,-0.00,0.00,0.00,-0.00,0.00,0.00,0.00,-0.00,5805262.10,0.00,0.00,167642.55,10.00
69614.00,5178496.43,502927.66,439.93,-0.00,0.00,0.00,-0.00,0.00,0.00,0.00,-0.00,5806938.53,0.00,-0.00,167642.56,17.00
69631.00,5178496.43,502927.66,439.93,-0.00,0.00,0.00,-0.00,0.00,0.00,0.00,-0.00,5809788.45,0.00,-0.00,167642.55,10.00
69641.00,5178496.43,502927.66,439.93,-0.00,0.00,0.00,-0.00,0.00,0.00,0.00,-0.00,5811464.88,-0.00,-0.00,167642.55,10.00
69651.00,5178496.43,502927.66,439.93,-0.00,0.00,0.00,-0.00,0.00,0.00,0.00,-0.00,5813141.30,0.00,-0.00,167642.55,10.00
69661.00,5178496.48,502927.65,439.81,0.00,-0.00,-0.00,0.00,-0.00,-0.00,0.00,-0.00,5814817.73,0.00,-0.00,167642.55,10.00
69671.00,5178496.48,502927.65,439.81,0.00,-0.00,-0.00,0.00,-0.00,-0.00,0.00,-0.00,5816494.15,-0.00,-0.00,167642.55,10.00
69685.00,5178496.48,502927.65,439.81,0.00,-0.00,-0.00,0.00,-0.00,-0.00,0.00,-0.00,5818841.15,-0.00,0.00,167642.55,10.00
69695.00,5178496.48,502927.65,439.81,0.00,-0.00,-0.00,0.00,-0.00,-0.00,0.00,-0.00,5820517.57,-0.00,-0.00,167642.55,10.00
69705.00,5178496.48,502927.65,439.81,0.00,-0.00,-0.00,0.00,-0.00,-0.00,0.00,-0.00,5822194.00,0.00,0.00,167642.55,10.00
69715.00,5178496.48,502927.65,439.81,0.00,-0.00,-0.00,0.00,-0.00,-0.00,0.00,-0.00,5823870.43,-0.00,0.00,167642.55,17.00
69732.00,5178496.48,502927.65,439.81,0.00,-0.00,-0.00,0.00,-0.00,-0.00,0.00,-0.00,5826720.35,0.00,0.00,167642.55,10.00
69742.00,5178496.48,502927.65,439.81,0.00,-0.00,-0.00,0.00,-0.00,-0.00,0.00,-0.00,5828396.77,0.00,0.00,167642.55,10.00
69752.00,5178496.48,502927.65,439.81,0.00,-0.00,-0.00,0.00,-0.00,-0.00,0.00,-0.00,5830073.20,-0.00,0.00,167642.55,10.00
69762.00,5178496.48,502927.65,439.81,0.00,-0.00,-0.00,0.00,-0.00,-0.00,0.00,-0.00,5831749.63,-0.00,0.00,167642.55,10.00
69772.00,5178496.48,502927.65,439.81,0.00,-0.00,-0.00,0.00,-0.00,-0.00,0.00,-0.00,5833426.05,0.00,0.00,167642.55,10.00
69782.00,5178496.48,502927.65,439.81,0.00,-0.00,-0.00,0.00,-0.00,-0.00,0.00,-0.00,5835102.48,0.00,0.00,167642.55,10.00
69806.00,5178496.48,502927.65,439.81,0.00,-0.00,-0.00,0.00,-0.00,-0.00,0.00,-0.00,5839125.90,0.00,-0.00,167642.55,10.00
69816.00,5178496.48,502927.65,439.81,0.00,-0.00,-0.00,0.00,-0.00,-0.00,0.00,-0.00,5840802.32,-0.00,-0.00,167642.55,16.00
69832.00,5178496.48,502927.65,439.81,0.00,-0.00,-0.00,0.00,-0.00,-0.00,0.00,-0.00,5843484.60,-0.00,-0.00,167642.55,10.00
69842.00,5178496.48,502927.65,439.81,0.00,-0.00,-0.00,0.00,-0.00,-0.00,0.00,-0.00,5845161.03,0.00,-0.00,167642.55,10.00
69852.00,5178496.48,502927.65,439.81,0.00,-0.00,-0.00,0.00,-0.00,-0.00,0.00,-0.00,5846837.45,0.00,-0.00,167642.55,10.00
69862.00,5178496.53,502927.63,439.68,-0.00,-0.00,0.00,-0.00,0.00,0.00,0.00,-0.00,5848513.88,-0.00,-0.00,167642.55,10.00
69872.00,5178496.53,502927.63,439.68,-0.00,-0.00,0.00,-0.00,0.00,0.00,0.00,-0.00,5850190.31,0.00,0.00,167642.54,10.00
69882.00,5178496.53,502927.63,439.68,-0.00,-0.00,0.00,-0.00,0.00,0.00,0.00,-0.00,5851866.73,0.00,0.00,167642.54,10.00
69892.00,5178496.53,502927.63,439.68,-0.00,-0.00,0.00,-0.00,0.00,0.00,0.00,-0.00,5853543.16,0.00,-0.00,167642.54,10.00
69902.00,5178496.53,502927.63,439.68,-0.00,-0.00,0.00,-0.00,0.00,0.00,0.00,-0.00,5855219.58,-0.00,0.00,167642.55,10.00
69921.00,5178496.53,502927.63,439.68,-0.00,-0.00,0.00,-0.00,0.00,0.00,0.00,-0.00,5858404.79,0.00,-0.00,167642.54,17.00
69938.00,5178496.53,502927.63,439.68,-0.00,-0.00,0.00,-0.00,0.00,0.00,0.00,-0.00,5861254.71,0.00,0.00,167642.55,10.00
69948.00,5178496.53,502927.63,439.68,-0.00,-0.00,0.00,-0.00,0.00,0.00,0.00,-0.00,5862931.14,0.00,0.00,167642.54,10.00
69958.00,5178496.53,502927.63,439.68,-0.00,-0.00,0.00,-0.00,0.00,0.00,0.00,-0.00,5864607.56,-0.00,0.00,167642.54,127.00
70085.00,5178496.58,502927.62,439.55,-0.00,0.00,-0.00,0.00,0.00,-0.00,0.00,-0.00,5885898.17,0.00,0.00,167642.54,17.00
70102.00,5178496.58,502927.62,439.55,-0.00,0.00,-0.00,0.00,0.00,-0.00,0.00,-0.00,5888748.09,-0.00,0.00,167642.54,10.00
70112.00,5178496.58,502927.62,439.55,-0.00,0.00,-0.00,0.00,0.00,-0.00,0.00,-0.00,5890424.52,0.00,0.00,167642.54,19.00
70131.00,5178496.58,502927.62,439.55,-0.00,0.00,-0.00,0.00,0.00,-0.00,0.00,-0.00,5893609.72,0.00,-0.00,167642.54,10.00
70141.00,5178496.58,502927.62,439.55,-0.00,0.00,-0.00,0.00,0.00,-0.00,0.00,-0.00,5895286.15,0.00,0.00,167642.54,10.00
70151.00,5178496.58,502927.62,439.55,-0.00,0.00,-0.00,0.00,0.00,-0.00,0.00,-0.00,5896962.58,0.00,-0.00,167642.54,10.00
70166.00,5178496.58,502927.62,439.55,-0.00,0.00,-0.00,0.00,0.00,-0.00,0.00,-0.00,5899477.21,0.00,0.00,167642.54,10.00
70176.00,5178496.58,502927.62,439.55,-0.00,0.00,-0.00,0.00,0.00,-0.00,0.00,-0.00,5901153.64,0.00,0.00,167642.54,10.00
70186.00,5178496.58,502927.62,439.55,-0.00,0.00,-0.00,0.00,0.00,-0.00,0.00,-0.00,5902830.06,0.00,0.00,167642.54,10.00
70196.00,5178496.58,502927.62,439.55,-0.00,0.00,-0.00,0.00,0.00,-0.00,0.00,-0.00,5904506.49,0.00,0.00,167642.54,10.00
70206.00,5178496.58,502927.62,439.55,-0.00,0.00,-0.00,0.00,0.00,-0.00,0.00,-0.00,5906182.92,-0.00,-0.00,167642.54,10.00
70216.00,5178496.58,502927.62,439.55,-0.00,0.00,-0.00,0.00,0.00,-0.00,0.00,-0.00,5907859.34,0.00,0.00,167642.54,17.00
70233.00,5178496.58,502927.62,439.55,-0.00,0.00,-0.00,0.00,0.00,-0.00,0.00,-0.00,5910709.26,0.00,-0.00,167642.54,10.00
70243.00,5178496.58,502927.62,439.55,-0.00,0.00,-0.00,0.00,0.00,-0.00,0.00,-0.00,5912385.69,0.00,0.00,167642.54,10.00
70253.00,5178496.58,502927.62,439.55,-0.00,0.00,-0.00,0.00,0.00,-0.00,0.00,-0.00,5914062.11,0.00,0.00,167642.54,10.00
70263.00,5178496.58,502927.62,439.55,-0.00,0.00,-0.00,0.00,0.00,-0.00,0.00,-0.00,5915738.54,0.00,-0.00,167642.54,10.00
70278.00,5178496.58,502927.62,439.55,-0.00,0.00,-0.00,0.00,0.00,-0.00,0.00,-0.00,5918253.18,0.00,-0.00,167642.54,10.00
70288.00,5178496.63,502927.62,439.43,0.00,0.00,-0.00,0.00,0.00,0.00,0.00,-0.00,5919929.60,0.00,0.00,167642.54,10.00
70298.00,5178496.63,502927.62,439.43,0.00,0.00,-0.00,0.00,0.00,0.00,0.00,-0.00,5921606.03,0.00,0.00,167642.54,10.00
70308.00,5178496.63,502927.62,439.43,0.00,0.00,-0.00,0.00,0.00,0.00,0.00,-0.00,5923282.45,0.00,-0.00,167642.54,10.00
70318.00,5178496.63,502927.62,439.43,0.00,0.00,-0.00,0.00,0.00,0.00,0.00,-0.00,5924958.88,0.00,-0.00,167642.54,16.00
70334.00,5178496.63,502927.62,439.43,0.00,0.00,-0.00,0.00,0.00,0.00,0.00,-0.00,5927641.16,-0.00,-0.00,167642.54,10.00
70344.00,5178496.63,502927.62,439.43,0.00,0.00,-0.00,0.00,0.00,0.00,0.00,-0.00,5929317.59,0.00,-0.00,167642.54,10.00
70354.00,5178496.63,502927.62,439.43,0.00,0.00,-0.00,0.00,0.00,0.00,0.00,-0.00,5930994.01,0.00,-0.00,167642.54,10.00
70364.00,5178496.63,502927.62,439.43,0.00,0.00,-0.00,0.00,0.00,0.00,0.00,-0.00,5932670.44,0.00,0.00,167642.54,10.00
70374.00,5178496.63,502927.62,439.43,0.00,0.00,-0.00,0.00,0.00,0.00,0.00,-0.00,5934346.86,0.00,0.00,167642.54,10.00
70389.00,5178496.63,502927.62,439.43,0.00,0.00,-0.00,0.00,0.00,0.00,0.00,-0.00,5936861.50,-0.00,-0.00,167642.54,10.00
70399.00,5178496.63,502927.62,439.43,0.00,0.00,-0.00,0.00,0.00,0.00,0.00,-0.00,5938537.93,-0.00,-0.00,167642.54,10.00
70409.00,5178496.63,502927.62,439.43,0.00,0.00,-0.00,0.00,0.00,0.00,0.00,-0.00,5940214.35,0.00,0.00,167642.54,10.00
70419.00,5178496.63,502927.62,439.43,0.00,0.00,-0.00,0.00,0.00,0.00,0.00,-0.00,5941890.78,0.00,0.00,167642.54,16.00
70435.00,5178496.63,502927.62,439.43,0.00,0.00,-0.00,0.00,0.00,0.00,0.00,-0.00,5944573.06,0.00,0.00,167642.54,10.00
70445.00,5178496.63,502927.62,439.43,0.00,0.00,-0.00,0.00,0.00,0.00,0.00,-0.00,5946249.48,0.00,-0.00,167642.54,10.00
70455.00,5178496.63,502927.62,439.43,0.00,0.00,-0.00,0.00,0.00,0.00,0.00,-0.00,5947925.91,0.00,-0.00,167642.54,10.00
70465.00,5178496.63,502927.62,439.43,0.00,0.00,-0.00,0.00,0.00,0.00,0.00,-0.00,5949602.33,0.00,-0.00,167642.54,10.00
70475.00,5178496.63,502927.62,439.43,0.00,0.00,-0.00,0.00,0.00,0.00,0.00,-0.00,5951278.76,0.00,-0.00,167642.54,10.00
70485.00,5178496.63,502927.62,439.43,0.00,0.00,-0.00,0.00,0.00,0.00,0.00,-0.00,5952955.18,0.00,-0.00,167642.54,10.00
70500.00,5178496.66,502927.61,439.32,-0.00,0.00,0.00,-0.00,-0.00,0.00,0.00,-0.00,5955469.82,-0.00,0.00,167642.54,10.00
70510.00,5178496.66,502927.61,439.32,-0.00,0.00,0.00,-0.00,-0.00,0.00,0.00,-0.00,5957146.25,0.00,-0.00,167642.53,10.00
70520.00,5178496.66,502927.61,439.32,-0.00,0.00,0.00,-0.00,-0.00,0.00,0.00,-0.00,5958822.67,-0.00,0.00,167642.54,10.00
70530.00,5178496.66,502927.61,439.32,-0.00,0.00,0.00,-0.00,-0.00,0.00,0.00,-0.00,5960499.10,0.00,0.00,167642.53,16.00
70546.00,5178496.66,502927.61,439.32,-0.00,0.00,0.00,-0.00,-0.00,0.00,0.00,-0.00,5963181.38,0.00,0.00,167642.54,10.00
70556.00,5178496.66,502927.61,439.32,-0.00,0.00,0.00,-0.00,-0.00,0.00,0.00,-0.00,5964857.80,0.00,0.00,167642.54,10.00
70566.00,5178496.66,502927.61,439.32,-0.00,0.00,0.00,-0.00,-0.00,0.00,0.00,-0.00,5966534.23,0.00,0.00,167642.54,10.00
70576.00,5178496.66,502927.61,439.32,-0.00,0.00,0.00,-0.00,-0.00,0.00,0.00,-0.00,5968210.65,0.00,0.00,167642.54,10.00
70586.00,5178496.66,502927.61,439.32,-0.00,0.00,0.00,-0.00,-0.00,0.00,0.00,-0.00,5969887.08,0.00,0.00,167642.54,10.00
70596.00,5178496.66,502927.61,439.32,-0.00,0.00,0.00,-0.00,-0.00,0.00,0.00,-0.00,5971563.51,-0.00,0.00,167642.54,10.00
70610.00,5178496.66,502927.61,439.32,-0.00,0.00,0.00,-0.00,-0.00,0.00,0.00,-0.00,5973910.50,0.00,0.00,167642.54,10.00
70620.00,5178496.66,502927.61,439.32,-0.00,0.00,0.00,-0.00,-0.00,0.00,0.00,-0.00,5975586.93,-0.00,-0.00,167642.54,10.00
70630.00,5178496.66,502927.61,439.32,-0.00,0.00,0.00,-0.00,-0.00,0.00,0.00,-0.00,5977263.35,-0.00,0.00,167642.54,15.00
70645.00,5178496.66,502927.61,439.32,-0.00,0.00,0.00,-0.00,-0.00,0.00,0.00,-0.00,5979777.99,-0.00,-0.00,167642.54,10.00
70655.00,5178496.66,502927.61,439.32,-0.00,0.00,0.00,-0.00,-0.00,0.00,0.00,-0.00,5981454.41,-0.00,-0.00,167642.54,10.00
70665.00,5178496.66,502927.61,439.32,-0.00,0.00,0.00,-0.00,-0.00,0.00,0.00,-0.00,5983130.84,0.00,0.00,167642.54,10.00
70675.00,5178496.66,502927.61,439.32,-0.00,0.00,0.00,-0.00,-0.00,0.00,0.00,-0.00,5984807.27,0.00,0.00,167642.54,10.00
70685.00,5178496.66,502927.61,439.32,-0.00,0.00,0.00,-0.00,-0.00,0.00,0.00,-0.00,5986483.69,-0.00,0.00,167642.54,10.00
70695.00,5178496.66,502927.61,439.32,-0.00,0.00,0.00,-0.00,-0.00,0.00,0.00,-0.00,5988160.12,-0.00,0.00,167642.54,10.00
70705.00,5178496.68,502927.61,439.24,-0.00,-0.00,0.00,0.00,-0.00,0.00,0.00,-0.00,5989836.54,-0.00,0.00,167642.54,10.00
70720.00,5178496.68,502927.61,439.24,-0.00,-0.00,0.00,0.00,-0.00,0.00,0.00,-0.00,5992351.18,-0.00,0.00,167642.54,17.00
70737.00,5178496.68,502927.61,439.24,-0.00,-0.00,0.00,0.00,-0.00,0.00,0.00,-0.00,5995201.10,0.00,0.00,167642.54,10.00
70747.00,5178496.68,502927.61,439.24,-0.00,-0.00,0.00,0.00,-0.00,0.00,0.00,-0.00,5996877.53,0.00,0.00,167642.54,10.00
70757.00,5178496.68,502927.61,439.24,-0.00,-0.00,0.00,0.00,-0.00,0.00,0.00,-0.00,5998553.95,0.00,0.00,167642.54,10.00
70767.00,5178496.68,502927.61,439.24,-0.00,-0.00,0.00,0.00,-0.00,0.00,0.00,-0.00,6000230.38,0.00,-0.00,167642.54,10.00
70777.00,5178496.68,502927.61,439.24,-0.00,-0.00,0.00,0.00,-0.00,0.00,0.00,-0.00,6001906.80,-0.00,0.00,167642.53,10.00
70787.00,5178496.68,502927.61,439.24,-0.00,-0.00,0.00,0.00,-0.00,0.00,0.00,-0.00,6003583.23,0.00,0.00,167642.54,10.00
70797.00,5178496.68,502927.61,439.24,-0.00,-0.00,0.00,0.00,-0.00,0.00,0.00,-0.00,6005259.65,0.00,-0.00,167642.54,10.00
70807.00,5178496.68,502927.61,439.24,-0.00,-0.00,0.00,0.00,-0.00,0.00,0.00,-0.00,6006936.08,0.00,0.00,167642.54,10.00
70817.00,5178496.68,502927.61,439.24,-0.00,-0.00,0.00,0.00,-0.00,0.00,0.00,-0.00,6008612.51,0.00,0.00,167642.54,18.00
70845.00,5178496.68,502927.61,439.24,-0.00,-0.00,0.00,0.00,-0.00,0.00,0.00,-0.00,6013306.50,0.00,0.00,167642.54,10.00
70855.00,5178496.68,502927.61,439.24,-0.00,-0.00,0.00,0.00,-0.00,0.00,0.00,-0.00,6014982.92,-0.00,0.00,167642.54,10.00
70865.00,5178496.68,502927.61,439.24,-0.00,-0.00,0.00,0.00,-0.00,0.00,0.00,-0.00,6016659.35,-0.00,0.00,167642.54,10.00
70875.00,5178496.68,502927.61,439.24,-0.00,-0.00,0.00,0.00,-0.00,0.00,0.00,-0.00,6018335.77,0.00,-0.00,167642.54,10.00
70885.00,5178496.68,502927.61,439.24,-0.00,-0.00,0.00,0.00,-0.00,0.00,0.00,-0.00,6020012.20,0.00,0.00,167642.54,10.00
70895.00,5178496.68,502927.61,439.24,-0.00,-0.00,0.00,0.00,-0.00,0.00,0.00,-0.00,6021688.62,-0.00,-0.00,167642.54,10.00
70905.00,5178496.73,502927.59,439.14,0.00,-0.00,0.00,0.00,-0.00,0.00,0.00,-0.00,6023365.05,0.00,-0.00,167642.54,10.00
70915.00,5178496.73,502927.59,439.14,0.00,-0.00,0.00,0.00,-0.00,0.00,0.00,-0.00,6025041.47,0.00,-0.00,167642.53,10.00
70925.00,5178496.73,502927.59,439.14,0.00,-0.00,0.00,0.00,-0.00,0.00,0.00,-0.00,6026717.90,0.00,0.00,167642.53,16.00
70941.00,5178496.73,502927.59,439.14,0.00,-0.00,0.00,0.00,-0.00,0.00,0.00,-0.00,6029400.18,0.00,0.00,167642.53,10.00
70956.00,5178496.73,502927.59,439.14,0.00,-0.00,0.00,0.00,-0.00,0.00,0.00,-0.00,6031914.82,0.00,0.00,167642.53,10.00
70966.00,5178496.73,502927.59,439.14,0.00,-0.00,0.00,0.00,-0.00,0.00,0.00,-0.00,6033591.24,0.00,0.00,167642.53,10.00
70976.00,5178496.73,502927.59,439.14,0.00,-0.00,0.00,0.00,-0.00,0.00,0.00,-0.00,6035267.67,0.00,-0.00,167642.53,10.00
70986.00,5178496.73,502927.59,439.14,0.00,-0.00,0.00,0.00,-0.00,0.00,0.00,-0.00,6036944.09,0.00,0.00,167642.53,10.00
70996.00,5178496.73,502927.59,439.14,0.00,-0.00,0.00,0.00,-0.00,0.00,0.00,-0.00,6038620.52,0.00,0.00,167642.53,10.00
71006.00,5178496.73,502927.59,439.14,0.00,-0.00,0.00,0.00,-0.00,0.00,0.00,-0.00,6040296.94,0.00,0.00,167642.53,10.00
71016.00,5178496.73,502927.59,439.14,0.00,-0.00,0.00,0.00,-0.00,0.00,0.00,-0.00,6041973.37,0.00,0.00,167642.53,19.00
71035.00,5178496.73,502927.59,439.14,0.00,-0.00,0.00,0.00,-0.00,0.00,0.00,-0.00,6045158.58,0.00,0.00,167642.53,10.00
71045.00,5178496.73,502927.59,439.14,0.00,-0.00,0.00,0.00,-0.00,0.00,0.00,-0.00,6046835.00,0.00,0.00,167642.53,10.00
71055.00,5178496.73,502927.59,439.14,0.00,-0.00,0.00,0.00,-0.00,0.00,0.00,-0.00,6048511.43,0.00,0.00,167642.53,10.00
71070.00,5178496.73,502927.59,439.14,0.00,-0.00,0.00,0.00,-0.00,0.00,0.00,-0.00,6051026.07,-0.00,0.00,167642.53,10.00
71080.00,5178496.73,502927.59,439.14,0.00,-0.00,0.00,0.00,-0.00,0.00,0.00,-0.00,6052702.49,0.00,0.00,167642.53,10.00
71090.00,5178496.73,502927.59,439.14,0.00,-0.00,0.00,0.00,-0.00,0.00,0.00,-0.00,6054378.92,0.00,-0.00,167642.53,10.00
71100.00,5178496.73,502927.59,439.14,0.00,-0.00,0.00,0.00,-0.00,0.00,0.00,-0.00,6056055.34,0.00,-0.00,167642.53,10.00
71110.00,5178496.77,502927.56,439.02,0.00,-0.00,-0.00,0.00,0.00,-0.00,0.00,-0.00,6057731.77,0.00,-0.00,167642.53,16.00
71126.00,5178496.77,502927.56,439.02,0.00,-0.00,-0.00,0.00,0.00,-0.00,0.00,-0.00,6060414.05,0.00,-0.00,167642.52,10.00
71136.00,5178496.77,502927.56,439.02,0.00,-0.00,-0.00,0.00,0.00,-0.00,0.00,-0.00,6062090.47,0.00,-0.00,167642.52,10.00
71146.00,5178496.77,502927.56,439.02,0.00,-0.00,-0.00,0.00,0.00,-0.00,0.00,-0.00,6063766.90,0.00,-0.00,167642.52,10.00
71156.00,5178496.77,502927.56,439.02,0.00,-0.00,-0.00,0.00,0.00,-0.00,0.00,-0.00,6065443.32,0.00,0.00,167642.52,10.00
71166.00,5178496.77,502927.56,439.02,0.00,-0.00,-0.00,0.00,0.00,-0.00,0.00,-0.00,6067119.75,-0.00,-0.00,167642.52,10.00
71181.00,5178496.77,502927.56,439.02,0.00,-0.00,-0.00,0.00,0.00,-0.00,0.00,-0.00,6069634.39,0.00,-0.00,167642.52,10.00
71191.00,5178496.77,502927.56,439.02,0.00,-0.00,-0.00,0.00,0.00,-0.00,0.00,-0.00,6071310.81,-0.00,-0.00,167642.52,10.00
71201.00,5178496.77,502927.56,439.02,0.00,-0.00,-0.00,0.00,0.00,-0.00,0.00,-0.00,6072987.24,0.00,-0.00,167642.52,10.00
71211.00,5178496.77,502927.56,439.02,0.00,-0.00,-0.00,0.00,0.00,-0.00,0.00,-0.00,6074663.66,0.00,0.00,167642.52,10.00
71221.00,5178496.77,502927.56,439.02,0.00,-0.00,-0.00,0.00,0.00,-0.00,0.00,-0.00,6076340.09,0.00,0.00,167642.52,16.00
71237.00,5178496.77,502927.56,439.02,0.00,-0.00,-0.00,0.00,0.00,-0.00,0.00,-0.00,6079022.37,-0.00,-0.00,167642.52,10.00
71247.00,5178496.77,502927.56,439.02,0.00,-0.00,-0.00,0.00,0.00,-0.00,0.00,-0.00,6080698.79,-0.00,0.00,167642.52,10.00
71257.00,5178496.77,502927.56,439.02,0.00,-0.00,-0.00,0.00,0.00,-0.00,0.00,-0.00,6082375.22,-0.00,-0.00,167642.52,10.00
71267.00,5178496.77,502927.56,439.02,0.00,-0.00,-0.00,0.00,0.00,-0.00,0.00,-0.00,6084051.64,-0.00,-0.00,167642.52,10.00
71277.00,5178496.77,502927.56,439.02,0.00,-0.00,-0.00,0.00,0.00,-0.00,0.00,-0.00,6085728.07,-0.00,-0.00,167642.52,10.00
71292.00,5178496.77,502927.56,439.02,0.00,-0.00,-0.00,0.00,0.00,-0.00,0.00,-0.00,6088242.71,0.00,-0.00,167642.52,10.00
71302.00,5178496.77,502927.56,439.02,0.00,-0.00,-0.00,0.00,0.00,-0.00,0.00,-0.00,6089919.13,0.00,0.00,167642.52,10.00
71312.00,5178496.78,502927.55,438.98,0.00,-0.00,0.00,-0.00,0.00,0.00,0.00,-0.00,6091595.56,0.00,-0.00,167642.52,10.00
71322.00,5178496.78,502927.55,438.98,0.00,-0.00,0.00,-0.00,0.00,0.00,0.00,-0.00,6093271.98,0.00,0.00,167642.52,16.00
71338.00,5178496.78,502927.55,438.98,0.00,-0.00,0.00,-0.00,0.00,0.00,0.00,-0.00,6095954.26,0.00,-0.00,167642.52,10.00
71348.00,5178496.78,502927.55,438.98,0.00,-0.00,0.00,-0.00,0.00,0.00,0.00,-0.00,6097630.69,-0.00,-0.00,167642.52,10.00
71358.00,5178496.78,502927.55,438.98,0.00,-0.00,0.00,-0.00,0.00,0.00,0.00,-0.00,6099307.11,-0.00,0.00,167642.52,10.00
71368.00,5178496.78,502927.55,438.98,0.00,-0.00,0.00,-0.00,0.00,0.00,0.00,-0.00,6100983.54,0.00,-0.00,167642.52,10.00
71378.00,5178496.78,502927.55,438.98,0.00,-0.00,0.00,-0.00,0.00,0.00,0.00,-0.00,6102659.96,-0.00,-0.00,167642.52,10.00
71388.00,5178496.78,502927.55,438.98,0.00,-0.00,0.00,-0.00,0.00,0.00,0.00,-0.00,6104336.39,-0.00,-0.00,167642.52,10.00
71403.00,5178496.78,502927.55,438.98,0.00,-0.00,0.00,-0.00,0.00,0.00,0.00,-0.00,6106851.03,0.00,-0.00,167642.52,10.00
71413.00,5178496.78,502927.55,438.98,0.00,-0.00,0.00,-0.00,0.00,0.00,0.00,-0.00,6108527.45,-0.00,0.00,167642.52,16.00
71429.00,5178496.78,502927.55,438.98,0.00,-0.00,0.00,-0.00,0.00,0.00,0.00,-0.00,6111209.73,-0.00,0.00,167642.52,10.00
71439.00,5178496.78,502927.55,438.98,0.00,-0.00,0.00,-0.00,0.00,0.00,0.00,-0.00,6112886.16,0.00,-0.00,167642.52,10.00
71449.00,5178496.78,502927.55,438.98,0.00,-0.00,0.00,-0.00,0.00,0.00,0.00,-0.00,6114562.58,0.00,0.00,167642.52,10.00
71459.00,5178496.78,502927.55,438.98,0.00,-0.00,0.00,-0.00,0.00,0.00,0.00,-0.00,6116239.01,0.00,0.00,167642.52,10.00
71469.00,5178496.78,502927.55,438.98,0.00,-0.00,0.00,-0.00,0.00,0.00,0.00,-0.00,6117915.43,0.00,0.00,167642.52,10.00
71479.00,5178496.78,502927.55,438.98,0.00,-0.00,0.00,-0.00,0.00,0.00,0.00,-0.00,6119591.86,0.00,0.00,167642.52,10.00
71489.00,5178496.78,502927.55,438.98,0.00,-0.00,0.00,-0.00,0.00,0.00,0.00,-0.00,6121268.28,0.00,0.00,167642.52,10.00
71499.00,5178496.78,502927.55,438.98,0.00,-0.00,0.00,-0.00,0.00,0.00,0.00,-0.00,6122944.71,0.00,0.00,167642.52,10.00
71514.00,5178496.79,502927.53,438.88,0.00,-0.00,0.00,0.00,-0.00,0.00,0.00,-0.00,6125459.34,0.00,-0.00,167642.52,16.00
71530.00,5178496.79,502927.53,438.88,0.00,-0.00,0.00,0.00,-0.00,0.00,0.00,-0.00,6128141.62,-0.00,-0.00,167642.51,10.00
71540.00,5178496.79,502927.53,438.88,0.00,-0.00,0.00,0.00,-0.00,0.00,0.00,-0.00,6129818.05,0.00,0.00,167642.51,10.00
71550.00,5178496.79,502927.53,438.88,0.00,-0.00,0.00,0.00,-0.00,0.00,0.00,-0.00,6131494.47,0.00,0.00,167642.51,10.00
71560.00,5178496.79,502927.53,438.88,0.00,-0.00,0.00,0.00,-0.00,0.00,0.00,-0.00,6133170.90,0.00,0.00,167642.51,10.00
71570.00,5178496.79,502927.53,438.88,0.00,-0.00,0.00,0.00,-0.00,0.00,0.00,-0.00,6134847.33,0.00,0.00,167642.51,10.00
71580.00,5178496.79,502927.53,438.88,0.00,-0.00,0.00,0.00,-0.00,0.00,0.00,-0.00,6136523.75,-0.00,0.00,167642.51,10.00
71590.00,5178496.79,502927.53,438.88,0.00,-0.00,0.00,0.00,-0.00,0.00,0.00,-0.00,6138200.18,0.00,0.00,167642.51,10.00
71600.00,5178496.79,502927.53,438.88,0.00,-0.00,0.00,0.00,-0.00,0.00,0.00,-0.00,6139876.60,0.00,0.00,167642.51,10.00
71610.00,5178496.79,502927.53,438.88,0.00,-0.00,0.00,0.00,-0.00,0.00,0.00,-0.00,6141553.03,0.00,-0.00,167642.51,10.00
71629.00,5178496.79,502927.53,438.88,0.00,-0.00,0.00,0.00,-0.00,0.00,0.00,-0.00,6144738.23,0.00,-0.00,167642.51,17.00
71646.00,5178496.79,502927.53,438.88,0.00,-0.00,0.00,0.00,-0.00,0.00,0.00,-0.00,6147588.16,0.00,0.00,167642.51,10.00
71656.00,5178496.79,502927.53,438.88,0.00,-0.00,0.00,0.00,-0.00,0.00,0.00,-0.00,6149264.58,-0.00,0.00,167642.51,10.00
71666.00,5178496.79,502927.53,438.88,0.00,-0.00,0.00,0.00,-0.00,0.00,0.00,-0.00,6150941.01,-0.00,-0.00,167642.51,10.00
71676.00,5178496.79,502927.53,438.88,0.00,-0.00,0.00,0.00,-0.00,0.00,0.00,-0.00,6152617.43,0.00,0.00,167642.51,10.00
71686.00,5178496.79,502927.53,438.88,0.00,-0.00,0.00,0.00,-0.00,0.00,0.00,-0.00,6154293.86,-0.00,0.00,167642.51,10.00
71696.00,5178496.79,502927.53,438.88,0.00,-0.00,0.00,0.00,-0.00,0.00,0.00,-0.00,6155970.28,0.00,-0.00,167642.51,10.00
71706.00,5178496.79,502927.53,438.88,0.00,-0.00,0.00,0.00,-0.00,0.00,0.00,-0.00,6157646.71,0.00,0.00,167642.51,10.00
71716.00,5178496.81,502927.53,438.86,-0.00,-0.00,0.00,-0.00,0.00,0.00,0.00,-0.00,6159323.13,-0.00,-0.00,167642.51,18.00
71734.00,5178496.81,502927.53,438.86,-0.00,-0.00,0.00,-0.00,0.00,0.00,0.00,-0.00,6162340.70,0.00,-0.00,167642.51,10.00
71749.00,5178496.81,502927.53,438.86,-0.00,-0.00,0.00,-0.00,0.00,0.00,0.00,-0.00,6164855.33,0.00,0.00,167642.51,10.00
71759.00,5178496.81,502927.53,438.86,-0.00,-0.00,0.00,-0.00,0.00,0.00,0.00,-0.00,6166531.76,0.00,0.00,167642.51,10.00
71769.00,5178496.81,502927.53,438.86,-0.00,-0.00,0.00,-0.00,0.00,0.00,0.00,-0.00,6168208.18,0.00,0.00,167642.51,10.00
71779.00,5178496.81,502927.53,438.86,-0.00,-0.00,0.00,-0.00,0.00,0.00,0.00,-0.00,6169884.61,0.00,-0.00,167642.51,10.00
71789.00,5178496.81,502927.53,438.86,-0.00,-0.00,0.00,-0.00,0.00,0.00,0.00,-0.00,6171561.03,0.00,0.00,167642.51,10.00
71799.00,5178496.81,502927.53,438.86,-0.00,-0.00,0.00,-0.00,0.00,0.00,0.00,-0.00,6173237.46,0.00,0.00,167642.51,10.00
71809.00,5178496.81,502927.53,438.86,-0.00,-0.00,0.00,-0.00,0.00,0.00,0.00,-0.00,6174913.89,0.00,0.00,167642.51,18.00
71827.00,5178496.81,502927.53,438.86,-0.00,-0.00,0.00,-0.00,0.00,0.00,0.00,-0.00,6177931.45,-0.00,0.00,167642.51,10.00
71837.00,5178496.81,502927.53,438.86,-0.00,-0.00,0.00,-0.00,0.00,0.00,0.00,-0.00,6179607.88,0.00,-0.00,167642.51,10.00
71847.00,5178496.81,502927.53,438.86,-0.00,-0.00,0.00,-0.00,0.00,0.00,0.00,-0.00,6181284.30,0.00,0.00,167642.51,10.00
71862.00,5178496.81,502927.53,438.86,-0.00,-0.00,0.00,-0.00,0.00,0.00,0.00,-0.00,6183798.94,-0.00,0.00,167642.51,10.00
71872.00,5178496.81,502927.53,438.86,-0.00,-0.00,0.00,-0.00,0.00,0.00,0.00,-0.00,6185475.36,-0.00,0.00,167642.51,10.00
71882.00,5178496.81,502927.53,438.86,-0.00,-0.00,0.00,-0.00,0.00,0.00,0.00,-0.00,6187151.79,0.00,0.00,167642.51,10.00
71892.00,5178496.81,502927.53,438.86,-0.00,-0.00,0.00,-0.00,0.00,0.00,0.00,-0.00,6188828.21,0.00,0.00,167642.51,10.00
71902.00,5178496.81,502927.53,438.86,-0.00,-0.00,0.00,-0.00,0.00,0.00,0.00,-0.00,6190504.64,0.00,-0.00,167642.51,10.00
71912.00,5178496.81,502927.53,438.86,-0.00,-0.00,0.00,-0.00,0.00,0.00,0.00,-0.00,6192181.06,0.00,-0.00,167642.51,10.00
71922.00,5178496.79,502927.54,438.83,0.00,-0.00,0.00,0.00,0.00,0.00,0.00,-0.00,6193857.49,0.00,0.00,167642.51,16.00
71938.00,5178496.79,502927.54,438.83,0.00,-0.00,0.00,0.00,0.00,0.00,0.00,-0.00,6196539.77,0.00,-0.00,167642.51,10.00
71948.00,5178496.79,502927.54,438.83,0.00,-0.00,0.00,0.00,0.00,0.00,0.00,-0.00,6198216.19,0.00,0.00,167642.51,10.00
71958.00,5178496.79,502927.54,438.83,0.00,-0.00,0.00,0.00,0.00,0.00,0.00,-0.00,6199892.62,0.00,0.00,167642.51,10.00
71972.00,5178496.79,502927.54,438.83,0.00,-0.00,0.00,0.00,0.00,0.00,0.00,-0.00,6202239.61,0.00,-0.00,167642.51,10.00
71982.00,5178496.79,502927.54,438.83,0.00,-0.00,0.00,0.00,0.00,0.00,0.00,-0.00,6203916.04,0.00,-0.00,167642.51,10.00
71992.00,5178496.79,502927.54,438.83,0.00,-0.00,0.00,0.00,0.00,0.00,0.00,-0.00,6205592.46,-0.00,0.00,167642.51,10.00
72002.00,5178496.79,502927.54,438.83,0.00,-0.00,0.00,0.00,0.00,0.00,0.00,-0.00,6207268.89,-0.00,0.00,167642.51,10.00
72012.00,5178496.79,502927.54,438.83,0.00,-0.00,0.00,0.00,0.00,0.00,0.00,-0.00,6208945.32,0.00,0.00,167642.51,17.00
72029.00,5178496.79,502927.54,438.83,0.00,-0.00,0.00,0.00,0.00,0.00,0.00,-0.00,6211795.24,0.00,0.00,167642.51,10.00
72039.00,5178496.79,502927.54,438.83,0.00,-0.00,0.00,0.00,0.00,0.00,0.00,-0.00,6213471.66,0.00,-0.00,167642.51,10.00
72049.00,5178496.79,502927.54,438.83,0.00,-0.00,0.00,0.00,0.00,0.00,0.00,-0.00,6215148.09,0.00,0.00,167642.51,10.00
72059.00,5178496.79,502927.54,438.83,0.00,-0.00,0.00,0.00,0.00,0.00,0.00,-0.00,6216824.51,0.00,0.00,167642.51,10.00
72069.00,5178496.79,502927.54,438.83,0.00,-0.00,0.00,0.00,0.00,0.00,0.00,-0.00,6218500.94,0.00,-0.00,167642.51,10.00
72084.00,5178496.79,502927.54,438.83,0.00,-0.00,0.00,0.00,0.00,0.00,0.00,-0.00,6221015.58,-0.00,0.00,167642.51,10.00
72094.00,5178496.79,502927.54,438.83,0.00,-0.00,0.00,0.00,0.00,0.00,0.00,-0.00,6222692.00,-0.00,0.00,167642.51,10.00
72104.00,5178496.79,502927.54,438.83,0.00,-0.00,0.00,0.00,0.00,0.00,0.00,-0.00,6224368.43,0.00,0.00,167642.51,10.00
72114.00,5178496.79,502927.54,438.83,0.00,-0.00,0.00,0.00,0.00,0.00,0.00,-0.00,6226044.85,-0.00,0.00,167642.51,16.00
72130.00,5178496.81,502927.53,438.83,0.00,0.00,0.00,0.00,0.00,-0.00,0.00,-0.00,6228727.13,0.00,0.00,167642.51,10.00
72140.00,5178496.81,502927.53,438.83,0.00,0.00,0.00,0.00,0.00,-0.00,0.00,-0.00,6230403.56,0.00,0.00,167642.51,10.00
72150.00,5178496.81,502927.53,438.83,0.00,0.00,0.00,0.00,0.00,-0.00,0.00,-0.00,6232079.98,0.00,-0.00,167642.51,10.00
72160.00,5178496.81,502927.53,438.83,0.00,0.00,0.00,0.00,0.00,-0.00,0.00,-0.00,6233756.41,0.00,-0.00,167642.51,10.00
72170.00,5178496.81,502927.53,438.83,0.00,0.00,0.00,0.00,0.00,-0.00,0.00,-0.00,6235432.83,0.00,-0.00,167642.51,10.00
72180.00,5178496.81,502927.53,438.83,0.00,0.00,0.00,0.00,0.00,-0.00,0.00,-0.00,6237109.26,0.00,-0.00,167642.51,10.00
72195.00,5178496.81,502927.53,438.83,0.00,0.00,0.00,0.00,0.00,-0.00,0.00,-0.00,6239623.89,0.00,0.00,167642.51,10.00
72205.00,5178496.81,502927.53,438.83,0.00,0.00,0.00,0.00,0.00,-0.00,0.00,-0.00,6241300.32,-0.00,0.00,167642.51,10.00
72215.00,5178496.81,502927.53,438.83,0.00,0.00,0.00,0.00,0.00,-0.00,0.00,-0.00,6242976.74,0.00,0.00,167642.51,10.00
72225.00,5178496.81,502927.53,438.83,0.00,0.00,0.00,0.00,0.00,-0.00,0.00,-0.00,6244653.17,-0.00,0.00,167642.51,17.00
72242.00,5178496.81,502927.53,438.83,0.00,0.00,0.00,0.00,0.00,-0.00,0.00,-0.00,6247503.09,0.00,0.00,167642.51,10.00
72252.00,5178496.81,502927.53,438.83,0.00,0.00,0.00,0.00,0.00,-0.00,0.00,-0.00,6249179.52,0.00,0.00,167642.51,10.00
72262.00,5178496.81,502927.53,438.83,0.00,0.00,0.00,0.00,0.00,-0.00,0.00,-0.00,6250855.94,0.00,0.00,167642.51,10.00
72272.00,5178496.81,502927.53,438.83,0.00,0.00,0.00,0.00,0.00,-0.00,0.00,-0.00,6252532.37,0.00,0.00,167642.51,10.00
72282.00,5178496.81,502927.53,438.83,0.00,0.00,0.00,0.00,0.00,-0.00,0.00,-0.00,6254208.79,0.00,0.00,167642.51,10.00
72292.00,5178496.81,502927.53,438.83,0.00,0.00,0.00,0.00,0.00,-0.00,0.00,-0.00,6255885.22,-0.00,0.00,167642.51,10.00
72307.00,5178496.81,502927.53,438.83,0.00,0.00,0.00,0.00,0.00,-0.00,0.00,-0.00,6258399.86,-0.00,-0.00,167642.51,10.00
72317.00,5178496.81,502927.53,438.83,0.00,0.00,0.00,0.00,0.00,-0.00,0.00,-0.00,6260076.28,0.00,0.00,167642.51,10.00
72327.00,5178496.81,502927.53,438.83,0.00,0.00,0.00,0.00,0.00,-0.00,0.00,-0.00,6261752.71,0.00,-0.00,167642.51,16.00
72343.00,5178496.84,502927.52,438.80,0.00,-0.00,0.00,0.00,-0.00,0.00,0.00,-0.00,6264434.99,-0.00,0.00,167642.51,10.00
72353.00,5178496.84,502927.52,438.80,0.00,-0.00,0.00,0.00,-0.00,0.00,0.00,-0.00,6266111.41,-0.00,0.00,167642.51,10.00
72363.00,5178496.84,502927.52,438.80,0.00,-0.00,0.00,0.00,-0.00,0.00,0.00,-0.00,6267787.84,-0.00,0.00,167642.51,10.00
72373.00,5178496.84,502927.52,438.80,0.00,-0.00,0.00,0.00,-0.00,0.00,0.00,-0.00,6269464.26,0.00,0.00,167642.51,10.00
72383.00,5178496.84,502927.52,438.80,0.00,-0.00,0.00,0.00,-0.00,0.00,0.00,-0.00,6271140.69,0.00,0.00,167642.51,10.00
72393.00,5178496.84,502927.52,438.80,0.00,-0.00,0.00,0.00,-0.00,0.00,0.00,-0.00,6272817.11,0.00,0.00,167642.51,10.00
72403.00,5178496.84,502927.52,438.80,0.00,-0.00,0.00,0.00,-0.00,0.00,0.00,-0.00,6274493.54,0.00,0.00,167642.51,10.00
72423.00,5178496.84,502927.52,438.80,0.00,-0.00,0.00,0.00,-0.00,0.00,0.00,-0.00,6277846.39,0.00,-0.00,167642.51,17.00
72440.00,5178496.84,502927.52,438.80,0.00,-0.00,0.00,0.00,-0.00,0.00,0.00,-0.00,6280696.31,0.00,0.00,167642.51,10.00
72450.00,5178496.84,502927.52,438.80,0.00,-0.00,0.00,0.00,-0.00,0.00,0.00,-0.00,6282372.73,0.00,0.00,167642.51,10.00
72460.00,5178496.84,502927.52,438.80,0.00,-0.00,0.00,0.00,-0.00,0.00,0.00,-0.00,6284049.16,-0.00,0.00,167642.51,10.00
72470.00,5178496.84,502927.52,438.80,0.00,-0.00,0.00,0.00,-0.00,0.00,0.00,-0.00,6285725.58,-0.00,0.00,167642.51,10.00
72480.00,5178496.84,502927.52,438.80,0.00,-0.00,0.00,0.00,-0.00,0.00,0.00,-0.00,6287402.01,0.00,-0.00,167642.51,10.00
72490.00,5178496.84,502927.52,438.80,0.00,-0.00,0.00,0.00,-0.00,0.00,0.00,-0.00,6289078.43,0.00,0.00,167642.51,10.00
72500.00,5178496.84,502927.52,438.80,0.00,-0.00,0.00,0.00,-0.00,0.00,0.00,-0.00,6290754.86,0.00,0.00,167642.51,10.00
72510.00,5178496.84,502927.52,438.80,0.00,-0.00,0.00,0.00,-0.00,0.00,0.00,-0.00,6292431.28,-0.00,0.00,167642.51,10.00
72520.00,5178496.84,502927.52,438.80,0.00,-0.00,0.00,0.00,-0.00,0.00,0.00,-0.00,6294107.71,0.00,0.00,167642.51,19.00
72543.00,5178496.86,502927.51,438.79,0.00,-0.00,0.00,-0.00,0.00,0.00,0.00,-0.00,6297963.49,0.00,-0.00,167642.51,10.00
72553.00,5178496.86,502927.51,438.79,0.00,-0.00,0.00,-0.00,0.00,0.00,0.00,-0.00,6299639.91,0.00,-0.00,167642.50,10.00
72563.00,5178496.86,502927.51,438.79,0.00,-0.00,0.00,-0.00,0.00,0.00,0.00,-0.00,6301316.34,-0.00,-0.00,167642.50,10.00
72573.00,5178496.86,502927.51,438.79,0.00,-0.00,0.00,-0.00,0.00,0.00,0.00,-0.00,6302992.76,0.00,-0.00,167642.50,10.00
72583.00,5178496.86,502927.51,438.79,0.00,-0.00,0.00,-0.00,0.00,0.00,0.00,-0.00,6304669.19,0.00,0.00,167642.50,10.00
72593.00,5178496.86,502927.51,438.79,0.00,-0.00,0.00,-0.00,0.00,0.00,0.00,-0.00,6306345.61,0.00,-0.00,167642.50,10.00
72603.00,5178496.86,502927.51,438.79,0.00,-0.00,0.00,-0.00,0.00,0.00,0.00,-0.00,6308022.04,-0.00,-0.00,167642.50,10.00
72613.00,5178496.86,502927.51,438.79,0.00,-0.00,0.00,-0.00,0.00,0.00,0.00,-0.00,6309698.46,0.00,-0.00,167642.50,17.00
72630.00,5178496.86,502927.51,438.79,0.00,-0.00,0.00,-0.00,0.00,0.00,0.00,-0.00,6312548.39,0.00,0.00,167642.50,10.00
72640.00,5178496.86,502927.51,438.79,0.00,-0.00,0.00,-0.00,0.00,0.00,0.00,-0.00,6314224.81,0.00,0.00,167642.50,10.00
72655.00,5178496.86,502927.51,438.79,0.00,-0.00,0.00,-0.00,0.00,0.00,0.00,-0.00,6316739.45,0.00,-0.00,167642.51,10.00
72665.00,5178496.86,502927.51,438.79,0.00,-0.00,0.00,-0.00,0.00,0.00,0.00,-0.00,6318415.87,0.00,-0.00,167642.50,10.00
72675.00,5178496.86,502927.51,438.79,0.00,-0.00,0.00,-0.00,0.00,0.00,0.00,-0.00,6320092.30,0.00,-0.00,167642.50,10.00
72685.00,5178496.86,502927.51,438.79,0.00,-0.00,0.00,-0.00,0.00,0.00,0.00,-0.00,6321768.72,-0.00,-0.00,167642.50,10.00
72695.00,5178496.86,502927.51,438.79,0.00,-0.00,0.00,-0.00,0.00,0.00,0.00,-0.00,6323445.15,-0.00,0.00,167642.50,10.00
72705.00,5178496.86,502927.51,438.79,0.00,-0.00,0.00,-0.00,0.00,0.00,0.00,-0.00,6325121.57,0.00,-0.00,167642.50,10.00
72715.00,5178496.86,502927.51,438.79,0.00,-0.00,0.00,-0.00,0.00,0.00,0.00,-0.00,6326798.00,0.00,0.00,167642.50,16.00
72731.00,5178496.86,502927.51,438.79,0.00,-0.00,0.00,-0.00,0.00,0.00,0.00,-0.00,6329480.28,0.00,0.00,167642.50,10.00
72741.00,5178496.86,502927.51,438.79,0.00,-0.00,0.00,-0.00,0.00,0.00,0.00,-0.00,6331156.70,0.00,0.00,167642.50,10.00
72751.00,5178496.86,502927.51,438.79,-0.00,-0.00,0.00,-0.00,-0.00,-0.00,0.00,-0.00,6332833.13,-0.00,-0.00,167642.50,10.00
72766.00,5178496.86,502927.51,438.79,-0.00,-0.00,0.00,-0.00,-0.00,-0.00,0.00,-0.00,6335347.77,0.00,-0.00,167642.50,10.00
72776.00,5178496.86,502927.51,438.79,-0.00,-0.00,0.00,-0.00,-0.00,-0.00,0.00,-0.00,6337024.19,-0.00,-0.00,167642.50,10.00
72786.00,5178496.86,502927.51,438.79,-0.00,-0.00,0.00,-0.00,-0.00,-0.00,0.00,-0.00,6338700.62,0.00,-0.00,167642.50,10.00
72796.00,5178496.86,502927.51,438.79,-0.00,-0.00,0.00,-0.00,-0.00,-0.00,0.00,-0.00,6340377.04,0.00,-0.00,167642.50,10.00
72806.00,5178496.86,502927.51,438.79,-0.00,-0.00,0.00,-0.00,-0.00,-0.00,0.00,-0.00,6342053.47,0.00,-0.00,167642.50,10.00
72816.00,5178496.86,502927.51,438.79,-0.00,-0.00,0.00,-0.00,-0.00,-0.00,0.00,-0.00,6343729.89,0.00,0.00,167642.50,16.00
72832.00,5178496.86,502927.51,438.79,-0.00,-0.00,0.00,-0.00,-0.00,-0.00,0.00,-0.00,6346412.17,0.00,0.00,167642.50,10.00
72842.00,5178496.86,502927.51,438.79,-0.00,-0.00,0.00,-0.00,-0.00,-0.00,0.00,-0.00,6348088.60,0.00,0.00,167642.50,10.00
72852.00,5178496.86,502927.51,438.79,-0.00,-0.00,0.00,-0.00,-0.00,-0.00,0.00,-0.00,6349765.02,0.00,0.00,167642.50,10.00
72862.00,5178496.86,502927.51,438.79,-0.00,-0.00,0.00,-0.00,-0.00,-0.00,0.00,-0.00,6351441.45,0.00,0.00,167642.50,10.00
72877.00,5178496.86,502927.51,438.79,-0.00,-0.00,0.00,-0.00,-0.00,-0.00,0.00,-0.00,6353956.08,0.00,0.00,167642.50,10.00
72887.00,5178496.86,502927.51,438.79,-0.00,-0.00,0.00,-0.00,-0.00,-0.00,0.00,-0.00,6355632.51,-0.00,-0.00,167642.50,10.00
72897.00,5178496.86,502927.51,438.79,-0.00,-0.00,0.00,-0.00,-0.00,-0.00,0.00,-0.00,6357308.93,-0.00,0.00,167642.50,10.00
72907.00,5178496.86,502927.51,438.79,-0.00,-0.00,0.00,-0.00,-0.00,-0.00,0.00,-0.00,6358985.36,0.00,0.00,167642.50,10.00
72917.00,5178496.86,502927.51,438.79,-0.00,-0.00,0.00,-0.00,-0.00,-0.00,0.00,-0.00,6360661.78,0.00,0.00,167642.50,10.00
72927.00,5178496.86,502927.51,438.79,-0.00,-0.00,0.00,-0.00,-0.00,-0.00,0.00,-0.00,6362338.21,-0.00,-0.00,167642.50,16.00
72943.00,5178496.86,502927.51,438.79,-0.00,-0.00,0.00,-0.00,-0.00,-0.00,0.00,-0.00,6365020.49,0.00,0.00,167642.50,10.00
72953.00,5178496.86,502927.50,438.78,0.00,0.00,0.00,0.00,0.00,0.00,0.00,-0.00,6366696.91,0.00,0.00,167642.50,10.00
72963.00,5178496.86,502927.50,438.78,0.00,0.00,0.00,0.00,0.00,0.00,0.00,-0.00,6368373.34,0.00,-0.00,167642.50,10.00
72973.00,5178496.86,502927.50,438.78,0.00,0.00,0.00,0.00,0.00,0.00,0.00,-0.00,6370049.76,0.00,-0.00,167642.50,10.00
72988.00,5178496.86,502927.50,438.78,0.00,0.00,0.00,0.00,0.00,0.00,0.00,-0.00,6372564.40,0.00,0.00,167642.50,10.00
72998.00,5178496.86,502927.50,438.78,0.00,0.00,0.00,0.00,0.00,0.00,0.00,-0.00,6374240.83,-0.00,-0.00,167642.50,10.00
73008.00,5178496.86,502927.50,438.78,0.00,0.00,0.00,0.00,0.00,0.00,0.00,-0.00,6375917.25,0.00,0.00,167642.50,10.00
73018.00,5178496.86,502927.50,438.78,0.00,0.00,0.00,0.00,0.00,0.00,0.00,-0.00,6377593.68,0.00,0.00,167642.50,15.00
73033.00,5178496.86,502927.50,438.78,0.00,0.00,0.00,0.00,0.00,0.00,0.00,-0.00,6380108.31,0.00,0.00,167642.50,10.00
73043.00,5178496.86,502927.50,438.78,0.00,0.00,0.00,0.00,0.00,0.00,0.00,-0.00,6381784.74,-0.00,0.00,167642.50,10.00
73053.00,5178496.86,502927.50,438.78,0.00,0.00,0.00,0.00,0.00,0.00,0.00,-0.00,6383461.16,-0.00,0.00,167642.50,10.00
73063.00,5178496.86,502927.50,438.78,0.00,0.00,0.00,0.00,0.00,0.00,0.00,-0.00,6385137.59,-0.00,0.00,167642.50,10.00
73073.00,5178496.86,502927.50,438.78,0.00,0.00,0.00,0.00,0.00,0.00,0.00,-0.00,6386814.01,-0.00,0.00,167642.50,10.00
73083.00,5178496.86,502927.50,438.78,0.00,0.00,0.00,0.00,0.00,0.00,0.00,-0.00,6388490.44,0.00,0.00,167642.50,10.00
73098.00,5178496.86,502927.50,438.78,0.00,0.00,0.00,0.00,0.00,0.00,0.00,-0.00,6391005.08,-0.00,0.00,167642.50,10.00
73108.00,5178496.86,502927.50,438.78,0.00,0.00,0.00,0.00,0.00,0.00,0.00,-0.00,6392681.50,0.00,-0.00,167642.50,10.00
73118.00,5178496.86,502927.50,438.78,0.00,0.00,0.00,0.00,0.00,0.00,0.00,-0.00,6394357.93,0.00,0.00,167642.50,16.00
73134.00,5178496.86,502927.50,438.78,0.00,0.00,0.00,0.00,0.00,0.00,0.00,-0.00,6397040.21,-0.00,0.00,167642.50,10.00
73144.00,5178496.86,502927.50,438.78,0.00,0.00,0.00,0.00,0.00,0.00,0.00,-0.00,6398716.63,-0.00,-0.00,167642.50,10.00
73154.00,5178496.85,502927.51,438.78,-0.00,-0.00,0.00,-0.00,-0.00,-0.00,0.00,-0.00,6400393.06,-0.00,-0.00,167642.50,10.00
73164.00,5178496.85,502927.51,438.78,-0.00,-0.00,0.00,-0.00,-0.00,-0.00,0.00,-0.00,6402069.48,-0.00,-0.00,167642.50,10.00
73174.00,5178496.85,502927.51,438.78,-0.00,-0.00,0.00,-0.00,-0.00,-0.00,0.00,-0.00,6403745.91,0.00,0.00,167642.50,10.00
73184.00,5178496.85,502927.51,438.78,-0.00,-0.00,0.00,-0.00,-0.00,-0.00,0.00,-0.00,6405422.33,0.00,0.00,167642.50,10.00
73194.00,5178496.85,502927.51,438.78,-0.00,-0.00,0.00,-0.00,-0.00,-0.00,0.00,-0.00,6407098.76,0.00,-0.00,167642.50,10.00
73213.00,5178496.85,502927.51,438.78,-0.00,-0.00,0.00,-0.00,-0.00,-0.00,0.00,-0.00,6410283.96,-0.00,0.00,167642.50,19.00
73232.00,5178496.85,502927.51,438.78,-0.00,-0.00,0.00,-0.00,-0.00,-0.00,0.00,-0.00,6413469.17,-0.00,0.00,167642.50,10.00
73242.00,5178496.85,502927.51,438.78,-0.00,-0.00,0.00,-0.00,-0.00,-0.00,0.00,-0.00,6415145.60,0.00,0.00,167642.50,10.00
73252.00,5178496.85,502927.51,438.78,-0.00,-0.00,0.00,-0.00,-0.00,-0.00,0.00,-0.00,6416822.02,-0.00,0.00,167642.50,10.00
73263.00,5178496.85,502927.51,438.78,-0.00,-0.00,0.00,-0.00,-0.00,-0.00,0.00,-0.00,6418666.09,0.00,0.00,167642.50,10.00
73273.00,5178496.85,502927.51,438.78,-0.00,-0.00,0.00,-0.00,-0.00,-0.00,0.00,-0.00,6420342.51,-0.00,-0.00,167642.50,10.00
73283.00,5178496.85,502927.51,438.78,-0.00,-0.00,0.00,-0.00,-0.00,-0.00,0.00,-0.00,6422018.94,-0.00,0.00,167642.50,10.00
73293.00,5178496.85,502927.51,438.78,-0.00,-0.00,0.00,-0.00,-0.00,-0.00,0.00,-0.00,6423695.36,0.00,0.00,167642.50,10.00
73303.00,5178496.85,502927.51,438.78,-0.00,-0.00,0.00,-0.00,-0.00,-0.00,0.00,-0.00,6425371.79,0.00,-0.00,167642.50,10.00
73313.00,5178496.85,502927.51,438.78,-0.00,-0.00,0.00,-0.00,-0.00,-0.00,0.00,-0.00,6427048.21,0.00,0.00,167642.50,18.00
73336.00,5178496.85,502927.51,438.78,-0.00,-0.00,0.00,-0.00,-0.00,-0.00,0.00,-0.00,6430903.99,-0.00,-0.00,167642.50,10.00
73346.00,5178496.85,502927.51,438.78,-0.00,-0.00,0.00,-0.00,-0.00,-0.00,0.00,-0.00,6432580.42,-0.00,0.00,167642.50,10.00
73356.00,5178496.85,502927.50,438.77,-0.00,0.00,0.00,-0.00,0.00,0.00,0.00,-0.00,6434256.84,-0.00,0.00,167642.50,10.00
73366.00,5178496.85,502927.50,438.77,-0.00,0.00,0.00,-0.00,0.00,0.00,0.00,-0.00,6435933.27,0.00,-0.00,167642.50,10.00
73376.00,5178496.85,502927.50,438.77,-0.00,0.00,0.00,-0.00,0.00,0.00,0.00,-0.00,6437609.69,0.00,0.00,167642.50,10.00
73386.00,5178496.85,502927.50,438.77,-0.00,0.00,0.00,-0.00,0.00,0.00,0.00,-0.00,6439286.12,0.00,-0.00,167642.50,10.00
73396.00,5178496.85,502927.50,438.77,-0.00,0.00,0.00,-0.00,0.00,0.00,0.00,-0.00,6440962.54,0.00,0.00,167642.50,10.00
73406.00,5178496.85,502927.50,438.77,-0.00,0.00,0.00,-0.00,0.00,0.00,0.00,-0.00,6442638.97,-0.00,-0.00,167642.50,10.00
73416.00,5178496.85,502927.50,438.77,-0.00,0.00,0.00,-0.00,0.00,0.00,0.00,-0.00,6444315.39,-0.00,-0.00,167642.50,17.00
73433.00,5178496.85,502927.50,438.77,-0.00,0.00,0.00,-0.00,0.00,0.00,0.00,-0.00,6447165.31,-0.00,0.00,167642.50,10.00
73447.00,5178496.85,502927.50,438.77,-0.00,0.00,0.00,-0.00,0.00,0.00,0.00,-0.00,6449512.31,0.00,0.00,167642.50,10.00
73457.00,5178496.85,502927.50,438.77,-0.00,0.00,0.00,-0.00,0.00,0.00,0.00,-0.00,6451188.73,-0.00,0.00,167642.50,10.00
73467.00,5178496.85,502927.50,438.77,-0.00,0.00,0.00,-0.00,0.00,0.00,0.00,-0.00,6452865.16,-0.00,0.00,167642.50,10.00
73477.00,5178496.85,502927.50,438.77,-0.00,0.00,0.00,-0.00,0.00,0.00,0.00,-0.00,6454541.58,-0.00,0.00,167642.50,10.00
73487.00,5178496.85,502927.50,438.77,-0.00,0.00,0.00,-0.00,0.00,0.00,0.00,-0.00,6456218.01,0.00,-0.00,167642.50,10.00
73497.00,5178496.85,502927.50,438.77,-0.00,0.00,0.00,-0.00,0.00,0.00,0.00,-0.00,6457894.43,-0.00,-0.00,167642.50,10.00
73507.00,5178496.85,502927.50,438.77,-0.00,0.00,0.00,-0.00,0.00,0.00,0.00,-0.00,6459570.86,-0.00,-0.00,167642.50,10.00
73517.00,5178496.85,502927.50,438.77,-0.00,0.00,0.00,-0.00,0.00,0.00,0.00,-0.00,6461247.28,-0.00,0.00,167642.50,10.00
73527.00,5178496.85,502927.50,438.77,-0.00,0.00,0.00,-0.00,0.00,0.00,0.00,-0.00,6462923.71,-0.00,-0.00,167642.50,17.00
73544.00,5178496.85,502927.50,438.77,-0.00,0.00,0.00,-0.00,0.00,0.00,0.00,-0.00,6465773.63,-0.00,-0.00,167642.50,10.00
73559.00,5178496.84,502927.50,438.77,0.00,0.00,-0.00,0.00,-0.00,-0.00,0.00,-0.00,6468288.27,0.00,0.00,167642.50,10.00
73569.00,5178496.84,502927.50,438.77,0.00,0.00,-0.00,0.00,-0.00,-0.00,0.00,-0.00,6469964.69,0.00,0.00,167642.50,10.00
73579.00,5178496.84,502927.50,438.77,0.00,0.00,-0.00,0.00,-0.00,-0.00,0.00,-0.00,6471641.12,0.00,0.00,167642.50,10.00
73589.00,5178496.84,502927.50,438.77,0.00,0.00,-0.00,0.00,-0.00,-0.00,0.00,-0.00,6473317.54,-0.00,-0.00,167642.50,10.00
73599.00,5178496.84,502927.50,438.77,0.00,0.00,-0.00,0.00,-0.00,-0.00,0.00,-0.00,6474993.97,0.00,-0.00,167642.50,10.00
73609.00,5178496.84,502927.50,438.77,0.00,0.00,-0.00,0.00,-0.00,-0.00,0.00,-0.00,6476670.39,0.00,-0.00,167642.50,10.00
73619.00,5178496.84,502927.50,438.77,0.00,0.00,-0.00,0.00,-0.00,-0.00,0.00,-0.00,6478346.82,0.00,-0.00,167642.50,16.00
73635.00,5178496.84,502927.50,438.77,0.00,0.00,-0.00,0.00,-0.00,-0.00,0.00,-0.00,6481029.10,0.00,0.00,167642.50,10.00
73645.00,5178496.84,502927.50,438.77,0.00,0.00,-0.00,0.00,-0.00,-0.00,0.00,-0.00,6482705.52,0.00,-0.00,167642.50,10.00
73655.00,5178496.84,502927.50,438.77,0.00,0.00,-0.00,0.00,-0.00,-0.00,0.00,-0.00,6484381.95,0.00,0.00,167642.50,10.00
73670.00,5178496.84,502927.50,438.77,0.00,0.00,-0.00,0.00,-0.00,-0.00,0.00,-0.00,6486896.59,0.00,-0.00,167642.50,10.00
73680.00,5178496.84,502927.50,438.77,0.00,0.00,-0.00,0.00,-0.00,-0.00,0.00,-0.00,6488573.01,-0.00,-0.00,167642.50,10.00
73690.00,5178496.84,502927.50,438.77,0.00,0.00,-0.00,0.00,-0.00,-0.00,0.00,-0.00,6490249.44,0.00,0.00,167642.50,10.00
73700.00,5178496.84,502927.50,438.77,0.00,0.00,-0.00,0.00,-0.00,-0.00,0.00,-0.00,6491925.86,0.00,-0.00,167642.50,10.00
73710.00,5178496.84,502927.50,438.77,0.00,0.00,-0.00,0.00,-0.00,-0.00,0.00,-0.00,6493602.29,-0.00,-0.00,167642.50,10.00
73720.00,5178496.84,502927.50,438.77,0.00,0.00,-0.00,0.00,-0.00,-0.00,0.00,-0.00,6495278.71,-0.00,-0.00,167642.50,16.00
73736.00,5178496.84,502927.50,438.77,0.00,0.00,-0.00,0.00,-0.00,-0.00,0.00,-0.00,6497960.99,-0.00,-0.00,167642.50,10.00
73746.00,5178496.84,502927.50,438.77,0.00,0.00,-0.00,0.00,-0.00,-0.00,0.00,-0.00,6499637.42,-0.00,-0.00,167642.50,10.00
73756.00,5178496.84,502927.50,438.77,0.00,0.00,-0.00,0.00,-0.00,-0.00,0.00,-0.00,6501313.84,-0.00,0.00,167642.50,10.00
73766.00,5178496.83,502927.50,438.76,0.00,0.00,0.00,-0.00,0.00,0.00,0.00,-0.00,6502990.27,0.00,0.00,167642.50,10.00
73780.00,5178496.83,502927.50,438.76,0.00,0.00,0.00,-0.00,0.00,0.00,0.00,-0.00,6505337.26,0.00,0.00,167642.50,10.00
73790.00,5178496.83,502927.50,438.76,0.00,0.00,0.00,-0.00,0.00,0.00,0.00,-0.00,6507013.69,0.00,0.00,167642.50,10.00
73800.00,5178496.83,502927.50,438.76,0.00,0.00,0.00,-0.00,0.00,0.00,0.00,-0.00,6508690.11,0.00,-0.00,167642.50,10.00
73810.00,5178496.83,502927.50,438.76,0.00,0.00,0.00,-0.00,0.00,0.00,0.00,-0.00,6510366.54,0.00,-0.00,167642.50,10.00
73820.00,5178496.83,502927.50,438.76,0.00,0.00,0.00,-0.00,0.00,0.00,0.00,-0.00,6512042.96,0.00,0.00,167642.50,16.00
73836.00,5178496.83,502927.50,438.76,0.00,0.00,0.00,-0.00,0.00,0.00,0.00,-0.00,6514725.24,0.00,0.00,167642.50,10.00
73846.00,5178496.83,502927.50,438.76,0.00,0.00,0.00,-0.00,0.00,0.00,0.00,-0.00,6516401.67,0.00,0.00,167642.50,10.00
73856.00,5178496.83,502927.50,438.76,0.00,0.00,0.00,-0.00,0.00,0.00,0.00,-0.00,6518078.09,-0.00,-0.00,167642.50,10.00
73866.00,5178496.83,502927.50,438.76,0.00,0.00,0.00,-0.00,0.00,0.00,0.00,-0.00,6519754.52,-0.00,-0.00,167642.50,10.00
73876.00,5178496.83,502927.50,438.76,0.00,0.00,0.00,-0.00,0.00,0.00,0.00,-0.00,6521430.94,0.00,-0.00,167642.50,10.00
73895.00,5178496.83,502927.50,438.76,0.00,0.00,0.00,-0.00,0.00,0.00,0.00,-0.00,6524616.15,-0.00,0.00,167642.50,10.00
73905.00,5178496.83,502927.50,438.76,0.00,0.00,0.00,-0.00,0.00,0.00,0.00,-0.00,6526292.57,-0.00,0.00,167642.50,10.00
73915.00,5178496.83,502927.50,438.76,0.00,0.00,0.00,-0.00,0.00,0.00,0.00,-0.00,6527969.00,-0.00,0.00,167642.50,18.00
73933.00,5178496.83,502927.50,438.76,0.00,0.00,0.00,-0.00,0.00,0.00,0.00,-0.00,6530986.56,0.00,0.00,167642.50,10.00
73943.00,5178496.83,502927.50,438.76,0.00,0.00,0.00,-0.00,0.00,0.00,0.00,-0.00,6532662.99,-0.00,0.00,167642.50,10.00
73953.00,5178496.83,502927.50,438.76,0.00,0.00,0.00,-0.00,0.00,0.00,0.00,-0.00,6534339.41,0.00,0.00,167642.50,10.00
73963.00,5178496.83,502927.50,438.76,0.00,0.00,0.00,-0.00,0.00,0.00,0.00,-0.00,6536015.84,-0.00,-0.00,167642.50,10.00
73973.00,5178496.82,502927.50,438.75,0.00,0.00,0.00,0.00,0.00,0.00,0.00,-0.00,6537692.26,0.00,0.00,167642.50,10.00
73983.00,5178496.82,502927.50,438.75,0.00,0.00,0.00,0.00,0.00,0.00,0.00,-0.00,6539368.69,0.00,-0.00,167642.50,10.00
73993.00,5178496.82,502927.50,438.75,0.00,0.00,0.00,0.00,0.00,0.00,0.00,-0.00,6541045.11,0.00,-0.00,167642.50,10.00
74007.00,5178496.82,502927.50,438.75,0.00,0.00,0.00,0.00,0.00,0.00,0.00,-0.00,6543392.11,0.00,-0.00,167642.50,10.00
74017.00,5178496.82,502927.50,438.75,0.00,0.00,0.00,0.00,0.00,0.00,0.00,-0.00,6545068.53,0.00,-0.00,167642.50,10.00
74027.00,5178496.82,502927.50,438.75,0.00,0.00,0.00,0.00,0.00,0.00,0.00,-0.00,6546744.96,0.00,0.00,167642.50,17.00
74044.00,5178496.82,502927.50,438.75,0.00,0.00,0.00,0.00,0.00,0.00,0.00,-0.00,6549594.88,0.00,0.00,167642.50,10.00
74054.00,5178496.82,502927.50,438.75,0.00,0.00,0.00,0.00,0.00,0.00,0.00,-0.00,6551271.31,0.00,-0.00,167642.50,10.00
74064.00,5178496.82,502927.50,438.75,0.00,0.00,0.00,0.00,0.00,0.00,0.00,-0.00,6552947.73,-0.00,0.00,167642.50,10.00
74074.00,5178496.82,502927.50,438.75,0.00,0.00,0.00,0.00,0.00,0.00,0.00,-0.00,6554624.16,0.00,0.00,167642.50,10.00
74084.00,5178496.82,502927.50,438.75,0.00,0.00,0.00,0.00,0.00,0.00,0.00,-0.00,6556300.58,0.00,0.00,167642.50,10.00
74094.00,5178496.82,502927.50,438.75,0.00,0.00,0.00,0.00,0.00,0.00,0.00,-0.00,6557977.01,-0.00,0.00,167642.50,10.00
74104.00,5178496.82,502927.50,438.75,0.00,0.00,0.00,0.00,0.00,0.00,0.00,-0.00,6559653.43,0.00,-0.00,167642.50,10.00
74119.00,5178496.82,502927.50,438.75,0.00,0.00,0.00,0.00,0.00,0.00,0.00,-0.00,6562168.07,0.00,-0.00,167642.50,17.00
74136.00,5178496.82,502927.50,438.75,0.00,0.00,0.00,0.00,0.00,0.00,0.00,-0.00,6565017.99,-0.00,0.00,167642.50,10.00
74146.00,5178496.82,502927.50,438.75,0.00,0.00,0.00,0.00,0.00,0.00,0.00,-0.00,6566694.42,0.00,-0.00,167642.50,10.00
74156.00,5178496.82,502927.50,438.75,0.00,0.00,0.00,0.00,0.00,0.00,0.00,-0.00,6568370.84,0.00,-0.00,167642.50,10.00
74166.00,5178496.82,502927.50,438.75,0.00,0.00,0.00,0.00,0.00,0.00,0.00,-0.00,6570047.27,0.00,-0.00,167642.50,10.00
74176.00,5178496.81,502927.50,438.74,0.00,0.00,0.00,0.00,-0.00,0.00,0.00,-0.00,6571723.69,0.00,-0.00,167642.50,10.00
74186.00,5178496.81,502927.50,438.74,0.00,0.00,0.00,0.00,-0.00,0.00,0.00,-0.00,6573400.12,0.00,-0.00,167642.50,10.00
74196.00,5178496.81,502927.50,438.74,0.00,0.00,0.00,0.00,-0.00,0.00,0.00,-0.00,6575076.54,-0.00,0.00,167642.50,10.00
74206.00,5178496.81,502927.50,438.74,0.00,0.00,0.00,0.00,-0.00,0.00,0.00,-0.00,6576752.97,0.00,-0.00,167642.50,10.00
74216.00,5178496.81,502927.50,438.74,0.00,0.00,0.00,0.00,-0.00,0.00,0.00,-0.00,6578429.39,0.00,0.00,167642.50,18.00
74239.00,5178496.81,502927.50,438.74,0.00,0.00,0.00,0.00,-0.00,0.00,0.00,-0.00,6582285.17,0.00,0.00,167642.50,10.00
74249.00,5178496.81,502927.50,438.74,0.00,0.00,0.00,0.00,-0.00,0.00,0.00,-0.00,6583961.59,0.00,0.00,167642.50,10.00
74259.00,5178496.81,502927.50,438.74,0.00,0.00,0.00,0.00,-0.00,0.00,0.00,-0.00,6585638.02,-0.00,-0.00,167642.50,10.00
74269.00,5178496.81,502927.50,438.74,0.00,0.00,0.00,0.00,-0.00,0.00,0.00,-0.00,6587314.44,0.00,-0.00,167642.50,10.00
74279.00,5178496.81,502927.50,438.74,0.00,0.00,0.00,0.00,-0.00,0.00,0.00,-0.00,6588990.87,0.00,-0.00,167642.50,10.00
74289.00,5178496.81,502927.50,438.74,0.00,0.00,0.00,0.00,-0.00,0.00,0.00,-0.00,6590667.29,0.00,0.00,167642.50,10.00
74299.00,5178496.81,502927.50,438.74,0.00,0.00,0.00,0.00,-0.00,0.00,0.00,-0.00,6592343.72,0.00,-0.00,167642.50,10.00
74309.00,5178496.81,502927.50,438.74,0.00,0.00,0.00,0.00,-0.00,0.00,0.00,-0.00,6594020.14,0.00,-0.00,167642.50,10.00
74319.00,5178496.81,502927.50,438.74,0.00,0.00,0.00,0.00,-0.00,0.00,0.00,-0.00,6595696.57,0.00,0.00,167642.50,17.00
74336.00,5178496.81,502927.50,438.74,0.00,0.00,0.00,0.00,-0.00,0.00,0.00,-0.00,6598546.49,-0.00,0.00,167642.50,10.00
74351.00,5178496.81,502927.50,438.74,0.00,0.00,0.00,0.00,-0.00,0.00,0.00,-0.00,6601061.13,0.00,-0.00,167642.50,10.00
74361.00,5178496.81,502927.50,438.74,0.00,0.00,0.00,0.00,-0.00,0.00,0.00,-0.00,6602737.55,-0.00,0.00,167642.50,10.00
74371.00,5178496.81,502927.50,438.74,0.00,0.00,0.00,0.00,-0.00,0.00,0.00,-0.00,6604413.98,0.00,-0.00,167642.50,10.00
74381.00,5178496.78,502927.51,438.74,0.00,-0.00,-0.00,-0.00,-0.00,-0.00,0.00,-0.00,6606090.40,0.00,-0.00,167642.50,10.00
74391.00,5178496.78,502927.51,438.74,0.00,-0.00,-0.00,-0.00,-0.00,-0.00,0.00,-0.00,6607766.83,-0.00,0.00,167642.50,10.00
74401.00,5178496.78,502927.51,438.74,0.00,-0.00,-0.00,-0.00,-0.00,-0.00,0.00,-0.00,6609443.25,0.00,0.00,167642.50,10.00
74411.00,5178496.78,502927.51,438.74,0.00,-0.00,-0.00,-0.00,-0.00,-0.00,0.00,-0.00,6611119.68,0.00,-0.00,167642.50,10.00
74421.00,5178496.78,502927.51,438.74,0.00,-0.00,-0.00,-0.00,-0.00,-0.00,0.00,-0.00,6612796.10,-0.00,0.00,167642.50,16.00
74437.00,5178496.78,502927.51,438.74,0.00,-0.00,-0.00,-0.00,-0.00,-0.00,0.00,-0.00,6615478.39,0.00,-0.00,167642.50,10.00
74447.00,5178496.78,502927.51,438.74,0.00,-0.00,-0.00,-0.00,-0.00,-0.00,0.00,-0.00,6617154.81,-0.00,0.00,167642.50,10.00
74462.00,5178496.78,502927.51,438.74,0.00,-0.00,-0.00,-0.00,-0.00,-0.00,0.00,-0.00,6619669.45,-0.00,0.00,167642.50,10.00
74472.00,5178496.78,502927.51,438.74,0.00,-0.00,-0.00,-0.00,-0.00,-0.00,0.00,-0.00,6621345.87,-0.00,-0.00,167642.50,10.00
74482.00,5178496.78,502927.51,438.74,0.00,-0.00,-0.00,-0.00,-0.00,-0.00,0.00,-0.00,6623022.30,0.00,0.00,167642.50,10.00
74492.00,5178496.78,502927.51,438.74,0.00,-0.00,-0.00,-0.00,-0.00,-0.00,0.00,-0.00,6624698.72,-0.00,0.00,167642.50,10.00
74502.00,5178496.78,502927.51,438.74,0.00,-0.00,-0.00,-0.00,-0.00,-0.00,0.00,-0.00,6626375.15,-0.00,-0.00,167642.50,10.00
74512.00,5178496.78,502927.51,438.74,0.00,-0.00,-0.00,-0.00,-0.00,-0.00,0.00,-0.00,6628051.57,0.00,0.00,167642.50,15.00
74527.00,5178496.78,502927.51,438.74,0.00,-0.00,-0.00,-0.00,-0.00,-0.00,0.00,-0.00,6630566.21,0.00,0.00,167642.50,10.00
74537.00,5178496.78,502927.51,438.74,0.00,-0.00,-0.00,-0.00,-0.00,-0.00,0.00,-0.00,6632242.64,0.00,0.00,167642.50,10.00
74547.00,5178496.78,502927.51,438.74,0.00,-0.00,-0.00,-0.00,-0.00,-0.00,0.00,-0.00,6633919.06,0.00,0.00,167642.50,10.00
74557.00,5178496.78,502927.51,438.74,0.00,-0.00,-0.00,-0.00,-0.00,-0.00,0.00,-0.00,6635595.49,0.00,-0.00,167642.50,10.00
74572.00,5178496.78,502927.51,438.74,0.00,-0.00,-0.00,-0.00,-0.00,-0.00,0.00,-0.00,6638110.12,0.00,0.00,167642.50,10.00
74582.00,5178496.76,502927.49,438.76,0.00,0.00,0.00,0.00,0.00,0.00,0.00,-0.00,6639786.55,0.00,0.00,167642.50,10.00
74592.00,5178496.76,502927.49,438.76,0.00,0.00,0.00,0.00,0.00,0.00,0.00,-0.00,6641462.97,0.00,0.00,167642.50,10.00
74602.00,5178496.76,502927.49,438.76,0.00,0.00,0.00,0.00,0.00,0.00,0.00,-0.00,6643139.40,-0.00,0.00,167642.50,10.00
74612.00,5178496.76,502927.49,438.76,0.00,0.00,0.00,0.00,0.00,0.00,0.00,-0.00,6644815.82,-0.00,-0.00,167642.50,10.00
74622.00,5178496.76,502927.49,438.76,0.00,0.00,0.00,0.00,0.00,0.00,0.00,-0.00,6646492.25,0.00,0.00,167642.50,16.00
74638.00,5178496.76,502927.49,438.76,0.00,0.00,0.00,0.00,0.00,0.00,0.00,-0.00,6649174.53,-0.00,-0.00,167642.50,10.00
74648.00,5178496.76,502927.49,438.76,0.00,0.00,0.00,0.00,0.00,0.00,0.00,-0.00,6650850.95,0.00,-0.00,167642.50,10.00
74658.00,5178496.76,502927.49,438.76,0.00,0.00,0.00,0.00,0.00,0.00,0.00,-0.00,6652527.38,0.00,0.00,167642.50,10.00
74668.00,5178496.76,502927.49,438.76,0.00,0.00,0.00,0.00,0.00,0.00,0.00,-0.00,6654203.80,0.00,0.00,167642.50,10.00
74688.00,5178496.76,502927.49,438.76,0.00,0.00,0.00,0.00,0.00,0.00,0.00,-0.00,6657556.65,-0.00,-0.00,167642.50,10.00
74698.00,5178496.76,502927.49,438.76,0.00,0.00,0.00,0.00,0.00,0.00,0.00,-0.00,6659233.08,0.00,0.00,167642.50,10.00
74708.00,5178496.76,502927.49,438.76,0.00,0.00,0.00,0.00,0.00,0.00,0.00,-0.00,6660909.50,-0.00,0.00,167642.50,18.00
74726.00,5178496.76,502927.49,438.76,0.00,0.00,0.00,0.00,0.00,0.00,0.00,-0.00,6663927.07,-0.00,-0.00,167642.50,10.00
74736.00,5178496.76,502927.49,438.76,0.00,0.00,0.00,0.00,0.00,0.00,0.00,-0.00,6665603.49,-0.00,-0.00,167642.50,10.00
74746.00,5178496.76,502927.49,438.76,0.00,0.00,0.00,0.00,0.00,0.00,0.00,-0.00,6667279.92,-0.00,-0.00,167642.50,10.00
74756.00,5178496.76,502927.49,438.76,0.00,0.00,0.00,0.00,0.00,0.00,0.00,-0.00,6668956.34,0.00,0.00,167642.50,10.00
74766.00,5178496.76,502927.49,438.76,0.00,0.00,0.00,0.00,0.00,0.00,0.00,-0.00,6670632.77,0.00,-0.00,167642.50,10.00
74776.00,5178496.76,502927.49,438.76,0.00,0.00,0.00,0.00,0.00,0.00,0.00,-0.00,6672309.19,-0.00,-0.00,167642.50,10.00
74786.00,5178496.76,502927.50,438.79,-0.00,-0.00,0.00,-0.00,-0.00,0.00,0.00,-0.00,6673985.62,-0.00,-0.00,167642.50,10.00
74801.00,5178496.76,502927.50,438.79,-0.00,-0.00,0.00,-0.00,-0.00,0.00,0.00,-0.00,6676500.25,-0.00,0.00,167642.50,10.00
74811.00,5178496.76,502927.50,438.79,-0.00,-0.00,0.00,-0.00,-0.00,0.00,0.00,-0.00,6678176.68,-0.00,-0.00,167642.50,16.00
74827.00,5178496.76,502927.50,438.79,-0.00,-0.00,0.00,-0.00,-0.00,0.00,0.00,-0.00,6680858.96,-0.00,-0.00,167642.50,10.00
74837.00,5178496.76,502927.50,438.79,-0.00,-0.00,0.00,-0.00,-0.00,0.00,0.00,-0.00,6682535.38,0.00,0.00,167642.50,10.00
74847.00,5178496.76,502927.50,438.79,-0.00,-0.00,0.00,-0.00,-0.00,0.00,0.00,-0.00,6684211.81,0.00,-0.00,167642.50,10.00
74857.00,5178496.76,502927.50,438.79,-0.00,-0.00,0.00,-0.00,-0.00,0.00,0.00,-0.00,6685888.23,0.00,0.00,167642.50,10.00
74867.00,5178496.76,502927.50,438.79,-0.00,-0.00,0.00,-0.00,-0.00,0.00,0.00,-0.00,6687564.66,0.00,0.00,167642.50,10.00
74877.00,5178496.76,502927.50,438.79,-0.00,-0.00,0.00,-0.00,-0.00,0.00,0.00,-0.00,6689241.08,0.00,0.00,167642.50,10.00
74887.00,5178496.76,502927.50,438.79,-0.00,-0.00,0.00,-0.00,-0.00,0.00,0.00,-0.00,6690917.51,0.00,0.00,167642.50,10.00
74897.00,5178496.76,502927.50,438.79,-0.00,-0.00,0.00,-0.00,-0.00,0.00,0.00,-0.00,6692593.93,0.00,0.00,167642.50,10.00
74912.00,5178496.76,502927.50,438.79,-0.00,-0.00,0.00,-0.00,-0.00,0.00,0.00,-0.00,6695108.57,0.00,-0.00,167642.50,16.00
74928.00,5178496.76,502927.50,438.79,-0.00,-0.00,0.00,-0.00,-0.00,0.00,0.00,-0.00,6697790.85,0.00,-0.00,167642.50,10.00
74938.00,5178496.76,502927.50,438.79,-0.00,-0.00,0.00,-0.00,-0.00,0.00,0.00,-0.00,6699467.28,0.00,-0.00,167642.50,10.00
74948.00,5178496.76,502927.50,438.79,-0.00,-0.00,0.00,-0.00,-0.00,0.00,0.00,-0.00,6701143.70,0.00,-0.00,167642.50,10.00
74958.00,5178496.76,502927.50,438.79,-0.00,-0.00,0.00,-0.00,-0.00,0.00,0.00,-0.00,6702820.13,-0.00,-0.00,167642.50,10.00
74968.00,5178496.76,502927.50,438.79,-0.00,-0.00,0.00,-0.00,-0.00,0.00,0.00,-0.00,6704496.55,-0.00,-0.00,167642.50,10.00
74978.00,5178496.76,502927.50,438.79,-0.00,-0.00,0.00,-0.00,-0.00,0.00,0.00,-0.00,6706172.98,-0.00,0.00,167642.50,10.00
74988.00,5178496.76,502927.49,438.84,0.00,0.00,0.00,0.00,0.00,0.00,0.00,-0.00,6707849.40,0.00,0.00,167642.50,10.00
74998.00,5178496.76,502927.49,438.84,0.00,0.00,0.00,0.00,0.00,0.00,0.00,-0.00,6709525.83,0.00,0.00,167642.50,10.00
75008.00,5178496.76,502927.49,438.84,0.00,0.00,0.00,0.00,0.00,0.00,0.00,-0.00,6711202.25,0.00,0.00,167642.50,19.00
75032.00,5178496.76,502927.49,438.84,0.00,0.00,0.00,0.00,0.00,0.00,0.00,-0.00,6715225.67,0.00,-0.00,167642.50,10.00
75042.00,5178496.76,502927.49,438.84,0.00,0.00,0.00,0.00,0.00,0.00,0.00,-0.00,6716902.10,-0.00,0.00,167642.50,10.00
75052.00,5178496.76,502927.49,438.84,0.00,0.00,0.00,0.00,0.00,0.00,0.00,-0.00,6718578.52,0.00,-0.00,167642.50,10.00
75062.00,5178496.76,502927.49,438.84,0.00,0.00,0.00,0.00,0.00,0.00,0.00,-0.00,6720254.95,0.00,-0.00,167642.50,10.00
75072.00,5178496.76,502927.49,438.84,0.00,0.00,0.00,0.00,0.00,0.00,0.00,-0.00,6721931.37,0.00,-0.00,167642.50,10.00
75082.00,5178496.76,502927.49,438.84,0.00,0.00,0.00,0.00,0.00,0.00,0.00,-0.00,6723607.80,0.00,0.00,167642.50,10.00
75092.00,5178496.76,502927.49,438.84,0.00,0.00,0.00,0.00,0.00,0.00,0.00,-0.00,6725284.22,-0.00,-0.00,167642.50,10.00
75102.00,5178496.76,502927.49,438.84,0.00,0.00,0.00,0.00,0.00,0.00,0.00,-0.00,6726960.65,0.00,0.00,167642.50,10.00
75112.00,5178496.76,502927.49,438.84,0.00,0.00,0.00,0.00,0.00,0.00,0.00,-0.00,6728637.07,0.00,0.00,167642.50,16.00
75128.00,5178496.76,502927.49,438.84,0.00,0.00,0.00,0.00,0.00,0.00,0.00,-0.00,6731319.35,0.00,0.00,167642.50,10.00
75143.00,5178496.76,502927.49,438.84,0.00,0.00,0.00,0.00,0.00,0.00,0.00,-0.00,6733833.99,-0.00,0.00,167642.50,10.00
75153.00,5178496.76,502927.49,438.84,0.00,0.00,0.00,0.00,0.00,0.00,0.00,-0.00,6735510.41,-0.00,-0.00,167642.50,10.00
75163.00,5178496.76,502927.49,438.84,0.00,0.00,0.00,0.00,0.00,0.00,0.00,-0.00,6737186.84,0.00,0.00,167642.50,10.00
75173.00,5178496.76,502927.49,438.84,0.00,0.00,0.00,0.00,0.00,0.00,0.00,-0.00,6738863.26,0.00,0.00,167642.50,10.00
75183.00,5178496.76,502927.49,438.84,0.00,0.00,0.00,0.00,0.00,0.00,0.00,-0.00,6740539.69,-0.00,-0.00,167642.50,10.00
75193.00,5178496.78,502927.49,438.88,-0.00,-0.00,0.00,-0.00,-0.00,-0.00,0.00,-0.00,6742216.11,-0.00,-0.00,167642.50,10.00
75203.00,5178496.78,502927.49,438.88,-0.00,-0.00,0.00,-0.00,-0.00,-0.00,0.00,-0.00,6743892.54,-0.00,0.00,167642.50,10.00
75213.00,5178496.78,502927.49,438.88,-0.00,-0.00,0.00,-0.00,-0.00,-0.00,0.00,-0.00,6745568.96,-0.00,-0.00,167642.50,16.00
75229.00,5178496.78,502927.49,438.88,-0.00,-0.00,0.00,-0.00,-0.00,-0.00,0.00,-0.00,6748251.24,-0.00,-0.00,167642.50,10.00
75239.00,5178496.78,502927.49,438.88,-0.00,-0.00,0.00,-0.00,-0.00,-0.00,0.00,-0.00,6749927.67,-0.00,-0.00,167642.50,10.00
75254.00,5178496.78,502927.49,438.88,-0.00,-0.00,0.00,-0.00,-0.00,-0.00,0.00,-0.00,6752442.31,-0.00,0.00,167642.50,10.00
75264.00,5178496.78,502927.49,438.88,-0.00,-0.00,0.00,-0.00,-0.00,-0.00,0.00,-0.00,6754118.73,0.00,-0.00,167642.50,10.00
75274.00,5178496.78,502927.49,438.88,-0.00,-0.00,0.00,-0.00,-0.00,-0.00,0.00,-0.00,6755795.16,0.00,-0.00,167642.50,10.00
75284.00,5178496.78,502927.49,438.88,-0.00,-0.00,0.00,-0.00,-0.00,-0.00,0.00,-0.00,6757471.58,0.00,-0.00,167642.50,10.00
75294.00,5178496.78,502927.49,438.88,-0.00,-0.00,0.00,-0.00,-0.00,-0.00,0.00,-0.00,6759148.01,0.00,0.00,167642.50,10.00
75304.00,5178496.78,502927.49,438.88,-0.00,-0.00,0.00,-0.00,-0.00,-0.00,0.00,-0.00,6760824.43,0.00,0.00,167642.50,10.00
75314.00,5178496.78,502927.49,438.88,-0.00,-0.00,0.00,-0.00,-0.00,-0.00,0.00,-0.00,6762500.86,0.00,-0.00,167642.50,16.00
75330.00,5178496.78,502927.49,438.88,-0.00,-0.00,0.00,-0.00,-0.00,-0.00,0.00,-0.00,6765183.14,-0.00,-0.00,167642.50,10.00
75340.00,5178496.78,502927.49,438.88,-0.00,-0.00,0.00,-0.00,-0.00,-0.00,0.00,-0.00,6766859.56,0.00,0.00,167642.50,10.00
75350.00,5178496.78,502927.49,438.88,-0.00,-0.00,0.00,-0.00,-0.00,-0.00,0.00,-0.00,6768535.99,0.00,-0.00,167642.50,10.00
75365.00,5178496.78,502927.49,438.88,-0.00,-0.00,0.00,-0.00,-0.00,-0.00,0.00,-0.00,6771050.62,0.00,-0.00,167642.50,10.00
75375.00,5178496.78,502927.49,438.88,-0.00,-0.00,0.00,-0.00,-0.00,-0.00,0.00,-0.00,6772727.05,0.00,-0.00,167642.50,10.00
75385.00,5178496.78,502927.49,438.88,-0.00,-0.00,0.00,-0.00,-0.00,-0.00,0.00,-0.00,6774403.47,0.00,0.00,167642.50,10.00
75395.00,5178496.77,502927.49,438.90,0.00,-0.00,0.00,0.00,-0.00,0.00,0.00,-0.00,6776079.90,0.00,-0.00,167642.50,10.00
75405.00,5178496.77,502927.49,438.90,0.00,-0.00,0.00,0.00,-0.00,0.00,0.00,-0.00,6777756.32,0.00,-0.00,167642.50,10.00
75415.00,5178496.77,502927.49,438.90,0.00,-0.00,0.00,0.00,-0.00,0.00,0.00,-0.00,6779432.75,-0.00,0.00,167642.50,15.00
75430.00,5178496.77,502927.49,438.90,0.00,-0.00,0.00,0.00,-0.00,0.00,0.00,-0.00,6781947.39,0.00,-0.00,167642.50,10.00
75440.00,5178496.77,502927.49,438.90,0.00,-0.00,0.00,0.00,-0.00,0.00,0.00,-0.00,6783623.81,0.00,-0.00,167642.50,10.00
75450.00,5178496.77,502927.49,438.90,0.00,-0.00,0.00,0.00,-0.00,0.00,0.00,-0.00,6785300.24,0.00,0.00,167642.50,10.00
75460.00,5178496.77,502927.49,438.90,0.00,-0.00,0.00,0.00,-0.00,0.00,0.00,-0.00,6786976.66,0.00,0.00,167642.50,10.00
75480.00,5178496.77,502927.49,438.90,0.00,-0.00,0.00,0.00,-0.00,0.00,0.00,-0.00,6790329.51,-0.00,0.00,167642.50,10.00
75490.00,5178496.77,502927.49,438.90,0.00,-0.00,0.00,0.00,-0.00,0.00,0.00,-0.00,6792005.94,-0.00,0.00,167642.50,10.00
75500.00,5178496.77,502927.49,438.90,0.00,-0.00,0.00,0.00,-0.00,0.00,0.00,-0.00,6793682.36,-0.00,-0.00,167642.50,10.00
75510.00,5178496.77,502927.49,438.90,0.00,-0.00,0.00,0.00,-0.00,0.00,0.00,-0.00,6795358.79,-0.00,0.00,167642.50,18.00
75528.00,5178496.77,502927.49,438.90,0.00,-0.00,0.00,0.00,-0.00,0.00,0.00,-0.00,6798376.35,-0.00,0.00,167642.50,10.00
75538.00,5178496.77,502927.49,438.90,0.00,-0.00,0.00,0.00,-0.00,0.00,0.00,-0.00,6800052.78,-0.00,0.00,167642.50,10.00
75548.00,5178496.77,502927.49,438.90,0.00,-0.00,0.00,0.00,-0.00,0.00,0.00,-0.00,6801729.20,0.00,0.00,167642.50,10.00
75558.00,5178496.77,502927.49,438.90,0.00,-0.00,0.00,0.00,-0.00,0.00,0.00,-0.00,6803405.63,0.00,0.00,167642.50,10.00
75568.00,5178496.77,502927.49,438.90,0.00,-0.00,0.00,0.00,-0.00,0.00,0.00,-0.00,6805082.05,0.00,0.00,167642.50,10.00
75578.00,5178496.77,502927.49,438.90,0.00,-0.00,0.00,0.00,-0.00,0.00,0.00,-0.00,6806758.48,0.00,0.00,167642.50,10.00
75593.00,5178496.77,502927.49,438.90,0.00,-0.00,0.00,0.00,-0.00,0.00,0.00,-0.00,6809273.11,0.00,-0.00,167642.50,10.00
75603.00,5178496.77,502927.48,438.93,0.00,-0.00,0.00,-0.00,0.00,-0.00,0.00,-0.00,6810949.54,0.00,0.00,167642.50,10.00
75613.00,5178496.77,502927.48,438.93,0.00,-0.00,0.00,-0.00,0.00,-0.00,0.00,-0.00,6812625.96,0.00,0.00,167642.50,17.00
75630.00,5178496.77,502927.48,438.93,0.00,-0.00,0.00,-0.00,0.00,-0.00,0.00,-0.00,6815475.89,0.00,0.00,167642.49,10.00
75640.00,5178496.77,502927.48,438.93,0.00,-0.00,0.00,-0.00,0.00,-0.00,0.00,-0.00,6817152.31,-0.00,0.00,167642.50,10.00
75650.00,5178496.77,502927.48,438.93,0.00,-0.00,0.00,-0.00,0.00,-0.00,0.00,-0.00,6818828.74,0.00,0.00,167642.50,10.00
75660.00,5178496.77,502927.48,438.93,0.00,-0.00,0.00,-0.00,0.00,-0.00,0.00,-0.00,6820505.16,0.00,0.00,167642.49,10.00
75670.00,5178496.77,502927.48,438.93,0.00,-0.00,0.00,-0.00,0.00,-0.00,0.00,-0.00,6822181.59,0.00,0.00,167642.49,10.00
75680.00,5178496.77,502927.48,438.93,0.00,-0.00,0.00,-0.00,0.00,-0.00,0.00,-0.00,6823858.01,0.00,0.00,167642.50,10.00
75690.00,5178496.77,502927.48,438.93,0.00,-0.00,0.00,-0.00,0.00,-0.00,0.00,-0.00,6825534.44,-0.00,0.00,167642.49,10.00
75705.00,5178496.77,502927.48,438.93,0.00,-0.00,0.00,-0.00,0.00,-0.00,0.00,-0.00,6828049.07,0.00,0.00,167642.50,10.00
75715.00,5178496.77,502927.48,438.93,0.00,-0.00,0.00,-0.00,0.00,-0.00,0.00,-0.00,6829725.50,0.00,0.00,167642.49,10.00
75725.00,5178496.77,502927.48,438.93,0.00,-0.00,0.00,-0.00,0.00,-0.00,0.00,-0.00,6831401.92,0.00,0.00,167642.49,17.00
75742.00,5178496.77,502927.48,438.93,0.00,-0.00,0.00,-0.00,0.00,-0.00,0.00,-0.00,6834251.85,-0.00,0.00,167642.49,10.00
75752.00,5178496.77,502927.48,438.93,0.00,-0.00,0.00,-0.00,0.00,-0.00,0.00,-0.00,6835928.27,-0.00,0.00,167642.49,10.00
75762.00,5178496.77,502927.48,438.93,0.00,-0.00,0.00,-0.00,0.00,-0.00,0.00,-0.00,6837604.69,0.00,-0.00,167642.50,10.00
75772.00,5178496.77,502927.48,438.93,0.00,-0.00,0.00,-0.00,0.00,-0.00,0.00,-0.00,6839281.12,0.00,-0.00,167642.49,10.00
75782.00,5178496.77,502927.48,438.93,0.00,-0.00,0.00,-0.00,0.00,-0.00,0.00,-0.00,6840957.54,0.00,-0.00,167642.49,10.00
75792.00,5178496.77,502927.48,438.93,0.00,-0.00,0.00,-0.00,0.00,-0.00,0.00,-0.00,6842633.97,-0.00,0.00,167642.49,10.00
75802.00,5178496.77,502927.48,438.93,0.00,-0.00,0.00,-0.00,0.00,-0.00,0.00,-0.00,6844310.39,-0.00,0.00,167642.49,10.00
75817.00,5178496.79,502927.47,438.98,0.00,-0.00,0.00,0.00,0.00,0.00,0.00,-0.00,6846825.03,0.00,-0.00,167642.50,16.00
75833.00,5178496.79,502927.47,438.98,0.00,-0.00,0.00,0.00,0.00,0.00,0.00,-0.00,6849507.31,0.00,0.00,167642.49,10.00
75843.00,5178496.79,502927.47,438.98,0.00,-0.00,0.00,0.00,0.00,0.00,0.00,-0.00,6851183.74,0.00,0.00,167642.49,10.00
75853.00,5178496.79,502927.47,438.98,0.00,-0.00,0.00,0.00,0.00,0.00,0.00,-0.00,6852860.16,-0.00,0.00,167642.49,10.00
75863.00,5178496.79,502927.47,438.98,0.00,-0.00,0.00,0.00,0.00,0.00,0.00,-0.00,6854536.59,-0.00,0.00,167642.49,10.00
75873.00,5178496.79,502927.47,438.98,0.00,-0.00,0.00,0.00,0.00,0.00,0.00,-0.00,6856213.01,-0.00,-0.00,167642.49,10.00
75883.00,5178496.79,502927.47,438.98,0.00,-0.00,0.00,0.00,0.00,0.00,0.00,-0.00,6857889.44,-0.00,-0.00,167642.49,10.00
75893.00,5178496.79,502927.47,438.98,0.00,-0.00,0.00,0.00,0.00,0.00,0.00,-0.00,6859565.86,-0.00,-0.00,167642.49,10.00
75903.00,5178496.79,502927.47,438.98,0.00,-0.00,0.00,0.00,0.00,0.00,0.00,-0.00,6861242.29,0.00,0.00,167642.49,10.00
75913.00,5178496.79,502927.47,438.98,0.00,-0.00,0.00,0.00,0.00,0.00,0.00,-0.00,6862918.71,0.00,0.00,167642.49,17.00
