Time(ms), X(m), Y(m), Z(m), VX(m/s), VY(m/s), VZ(m/s), AX(m/s^2), AY(m/s^2), AZ(m/s^2), OX(degrees), OY(degrees), OZ(degrees), WX(degrees/s), WY(degrees/s), WZ(degrees/s), execution_time
12612.00,0.00,0.00,0.00,0.01,-0.00,-0.00,0.53,-0.16,-0.11,0.00,-0.00,0.00,0.00,-0.00,0.00,10.00
12628.00,0.00,0.00,0.00,0.01,-0.00,-0.00,0.00,0.00,0.00,0.00,-0.00,0.00,0.00,0.00,0.00,10.00
12638.00,0.00,0.00,0.00,0.01,-0.00,-0.00,0.00,0.00,0.00,0.00,-0.00,0.00,0.00,-0.00,0.00,10.00
12648.00,0.00,0.00,0.00,0.00,-0.03,-0.00,-0.90,-2.80,0.00,0.00,-0.00,0.00,0.00,-0.00,-0.00,16.00
12664.00,0.00,0.00,0.00,0.00,-0.03,-0.00,0.00,0.00,0.00,0.00,-0.00,0.00,-0.00,-0.00,0.00,10.00
12674.00,0.00,0.00,0.00,0.00,-0.03,-0.00,0.00,0.00,0.00,0.00,-0.00,0.00,0.00,0.00,0.00,10.00
12684.00,0.00,0.00,0.00,0.00,-0.03,-0.00,0.00,0.00,0.00,0.00,-0.00,0.00,0.00,-0.00,0.00,10.00
12694.00,0.00,0.00,0.00,0.00,-0.03,-0.00,0.00,0.00,0.00,0.00,-0.00,0.00,-0.00,-0.00,-0.00,10.00
12704.00,0.00,0.01,0.01,-0.01,-0.02,0.00,-0.80,0.70,0.20,0.00,-0.00,0.00,-0.00,0.00,-0.00,18.00
12722.00,0.00,0.01,0.01,-0.01,-0.02,0.00,0.00,0.00,0.00,0.00,-0.00,0.00,0.00,0.00,0.00,10.00
12732.00,0.00,0.01,0.01,-0.01,-0.02,0.00,0.00,0.00,0.00,0.00,-0.00,0.00,0.00,0.00,0.00,10.00
12747.00,0.01,0.01,0.01,0.00,-0.01,-0.00,0.53,1.27,-0.07,0.00,-0.00,0.00,-0.00,-0.00,0.00,17.00
12764.00,0.01,0.01,0.01,0.00,-0.01,-0.00,0.00,0.00,0.00,0.00,-0.00,0.00,0.00,-0.00,0.00,10.00
12774.00,0.01,0.01,0.01,0.00,-0.01,-0.00,0.00,0.00,0.00,0.00,-0.00,0.00,0.00,-0.00,0.00,10.00
12784.00,0.01,0.01,0.01,0.00,-0.01,-0.00,0.00,0.00,0.00,0.00,-0.00,0.00,0.00,-0.00,0.00,10.00
12794.00,0.01,0.01,0.01,0.00,-0.01,-0.00,0.00,0.00,0.00,0.00,-0.00,0.00,0.00,0.00,0.00,10.00
12804.00,0.01,0.01,0.01,-0.01,-0.00,-0.00,-1.00,0.30,-0.10,0.00,-0.00,0.00,0.00,-0.00,0.00,17.00
12821.00,0.01,0.01,0.01,-0.01,-0.00,-0.00,0.00,0.00,0.00,0.00,-0.00,0.00,0.00,0.00,0.00,10.00
12831.00,0.01,0.01,0.01,-0.01,-0.00,-0.00,0.00,0.00,0.00,0.00,-0.00,0.00,-0.00,0.00,0.00,10.00
12841.00,0.01,0.01,0.02,0.02,0.00,-0.00,2.60,0.50,0.10,0.00,-0.00,0.00,0.00,0.00,0.00,18.00
12859.00,0.01,0.01,0.02,0.02,0.00,-0.00,0.00,0.00,0.00,0.00,-0.00,0.00,0.00,0.00,0.00,10.00
12873.00,0.01,0.01,0.02,0.02,0.00,-0.00,0.00,0.00,0.00,0.00,-0.00,0.00,0.00,0.00,0.00,10.00
12883.00,0.01,0.01,0.02,0.02,0.00,-0.00,0.00,0.00,0.00,0.00,-0.00,0.00,0.00,0.00,0.00,10.00
12893.00,0.02,0.01,0.01,0.01,-0.01,0.00,-0.80,-1.10,0.50,0.00,-0.00,0.00,0.00,-0.00,0.00,19.00
12912.00,0.02,0.01,0.01,0.01,-0.01,0.00,0.00,0.00,0.00,0.00,-0.00,0.00,0.00,-0.00,-0.00,10.00
12922.00,0.02,0.01,0.01,0.01,-0.01,0.00,0.00,0.00,0.00,0.00,-0.00,0.00,-0.00,-0.00,0.00,10.00
12932.00,0.02,0.01,0.01,0.01,-0.01,0.00,0.00,0.00,0.00,0.00,-0.00,0.00,0.00,0.00,0.00,10.00
12942.00,0.02,0.01,0.02,-0.00,-0.00,0.00,-1.20,0.50,-0.40,0.00,-0.00,0.00,0.00,0.00,0.00,19.00
12961.00,0.02,0.01,0.02,-0.00,-0.00,0.00,0.00,0.00,0.00,0.00,-0.00,0.00,0.00,0.00,0.00,10.00
12971.00,0.02,0.01,0.02,-0.00,-0.00,0.00,0.00,0.00,0.00,0.00,-0.00,0.00,0.00,0.00,0.00,10.00
12981.00,0.02,0.01,0.02,-0.00,-0.00,0.00,0.00,0.00,0.00,0.00,-0.00,0.00,-0.00,-0.00,0.00,10.00
12995.00,0.02,0.01,0.02,-0.01,-0.00,0.00,-0.50,0.00,0.21,0.00,-0.00,0.00,0.00,-0.00,-0.00,17.00
13012.00,0.02,0.01,0.02,-0.01,-0.00,0.00,0.00,0.00,0.00,0.00,-0.00,0.00,-0.00,-0.00,0.00,10.00
13022.00,0.02,0.01,0.02,-0.01,-0.00,0.00,0.00,0.00,0.00,0.00,-0.00,0.00,0.00,0.00,0.00,10.00
13032.00,0.02,0.01,0.02,-0.01,-0.00,0.00,0.00,0.00,0.00,0.00,-0.00,0.00,0.00,-0.00,0.00,10.00
13042.00,0.03,0.02,0.02,0.00,-0.01,0.00,1.30,-0.30,0.00,0.00,-0.00,0.00,-0.00,0.00,-0.00,19.00
13061.00,0.03,0.02,0.02,0.00,-0.01,0.00,0.00,0.00,0.00,0.00,-0.00,0.00,0.00,0.00,0.00,10.00
13071.00,0.03,0.02,0.02,0.00,-0.01,0.00,0.00,0.00,0.00,0.00,-0.00,0.00,-0.00,-0.00,-0.00,10.00
13081.00,0.03,0.02,0.02,0.00,-0.01,0.00,0.00,0.00,0.00,0.00,-0.00,0.00,0.00,-0.00,-0.00,10.00
13091.00,0.03,0.02,0.03,0.01,0.01,0.00,0.90,1.10,0.00,0.00,-0.00,0.00,-0.00,-0.00,0.00,17.00
13108.00,0.03,0.02,0.03,0.01,0.01,0.00,0.00,0.00,0.00,0.00,-0.00,0.00,-0.00,0.00,-0.00,10.00
13123.00,0.03,0.02,0.03,0.01,0.01,0.00,0.00,0.00,0.00,0.00,-0.00,0.00,-0.00,0.00,0.00,10.00
13133.00,0.03,0.02,0.03,0.01,0.01,0.00,0.00,0.00,0.00,0.00,-0.00,0.00,-0.00,-0.00,-0.00,10.00
13143.00,0.03,0.02,0.03,-0.00,-0.02,0.00,-1.60,-2.00,-0.10,0.00,-0.00,0.00,0.00,-0.00,0.00,19.00
13162.00,0.03,0.02,0.03,-0.00,-0.02,0.00,0.00,0.00,0.00,0.00,-0.00,0.00,-0.00,-0.00,0.00,10.00
13172.00,0.03,0.02,0.03,-0.00,-0.02,0.00,0.00,0.00,0.00,0.00,-0.00,0.00,-0.00,-0.00,-0.00,10.00
13182.00,0.03,0.02,0.03,-0.00,-0.02,0.00,0.00,0.00,0.00,0.00,-0.00,0.00,0.00,-0.00,-0.00,10.00
13192.00,0.04,0.03,0.03,0.01,0.00,0.00,0.90,1.90,-0.20,0.00,-0.00,0.00,-0.00,-0.00,-0.00,20.00
13212.00,0.04,0.03,0.03,0.01,0.00,0.00,0.00,0.00,0.00,0.00,-0.00,0.00,-0.00,-0.00,0.00,10.00
13222.00,0.04,0.03,0.03,0.01,0.00,0.00,0.00,0.00,0.00,0.00,-0.00,0.00,-0.00,0.00,0.00,10.00
13232.00,0.04,0.03,0.03,0.01,0.00,0.00,0.00,0.00,0.00,0.00,-0.00,0.00,0.00,0.00,-0.00,10.00
13247.00,0.04,0.03,0.03,0.02,0.01,0.00,0.73,0.13,0.13,0.00,-0.00,0.00,-0.00,-0.00,-0.00,17.00
13264.00,0.04,0.03,0.03,0.02,0.01,0.00,0.00,0.00,0.00,0.00,-0.00,0.00,0.00,0.00,0.00,10.00
13274.00,0.04,0.03,0.03,0.02,0.01,0.00,0.00,0.00,0.00,0.00,-0.00,0.00,0.00,0.00,0.00,10.00
13284.00,0.04,0.03,0.03,0.02,0.01,0.00,0.00,0.00,0.00,0.00,-0.00,0.00,0.00,0.00,0.00,10.00
13294.00,0.04,0.03,0.04,-0.00,0.01,0.01,-1.90,0.10,0.40,0.00,-0.00,0.00,0.00,-0.00,0.00,18.00
13312.00,0.04,0.03,0.04,-0.00,0.01,0.01,0.00,0.00,0.00,0.00,-0.00,0.00,0.00,-0.00,0.00,10.00
13322.00,0.04,0.03,0.04,-0.00,0.01,0.01,0.00,0.00,0.00,0.00,-0.00,0.00,-0.00,0.00,0.00,10.00
13332.00,0.04,0.03,0.04,-0.00,0.01,0.01,0.00,0.00,0.00,0.00,-0.00,0.00,-0.00,0.00,-0.00,10.00
13342.00,0.06,0.03,0.04,0.00,-0.02,0.00,0.70,-2.30,-0.40,0.00,-0.00,0.00,0.00,0.00,-0.00,17.00
13359.00,0.06,0.03,0.04,0.00,-0.02,0.00,0.00,0.00,0.00,0.00,-0.00,0.00,-0.00,0.00,0.00,10.00
13374.00,0.06,0.03,0.04,0.00,-0.02,0.00,0.00,0.00,0.00,0.00,-0.00,0.00,-0.00,-0.00,-0.00,10.00
13384.00,0.06,0.03,0.04,0.00,-0.02,0.00,0.00,0.00,0.00,0.00,-0.00,0.00,-0.00,0.00,0.00,10.00
13394.00,0.06,0.03,0.04,-0.00,-0.04,0.00,-0.60,-1.90,0.20,0.00,-0.00,0.00,0.00,-0.00,-0.00,19.00
13413.00,0.06,0.03,0.04,-0.00,-0.04,0.00,0.00,0.00,0.00,0.00,-0.00,0.00,0.00,0.00,-0.00,10.00
13423.00,0.06,0.03,0.04,-0.00,-0.04,0.00,0.00,0.00,0.00,0.00,-0.00,0.00,-0.00,0.00,-0.00,10.00
13433.00,0.06,0.03,0.05,-0.03,-0.02,0.00,-2.30,1.80,-0.30,0.00,-0.00,0.00,-0.00,-0.00,-0.00,17.00
13450.00,0.06,0.03,0.05,-0.03,-0.02,0.00,0.00,0.00,0.00,0.00,-0.00,0.00,0.00,-0.00,-0.00,10.00
13460.00,0.06,0.03,0.05,-0.03,-0.02,0.00,0.00,0.00,0.00,0.00,-0.00,0.00,-0.00,-0.00,-0.00,10.00
13470.00,0.06,0.03,0.05,-0.03,-0.02,0.00,0.00,0.00,0.00,0.00,-0.00,0.00,-0.00,-0.00,0.00,10.00
13480.00,0.06,0.03,0.05,-0.03,-0.02,0.00,0.00,0.00,0.00,-0.00,-0.00,0.00,-0.00,0.00,-0.00,10.00
13495.00,0.07,0.04,0.05,0.02,0.01,0.00,3.00,1.93,0.00,0.00,-0.00,0.00,0.00,-0.00,-0.00,19.00
13514.00,0.07,0.04,0.05,0.02,0.01,0.00,0.00,0.00,0.00,-0.00,-0.00,0.00,-0.00,0.00,-0.00,10.00
13524.00,0.07,0.04,0.05,0.02,0.01,0.00,0.00,0.00,0.00,-0.00,-0.00,0.00,-0.00,0.00,0.00,10.00
13534.00,0.07,0.04,0.05,0.02,0.01,0.00,0.00,0.00,0.00,0.00,-0.00,0.00,0.00,-0.00,0.00,10.00
13544.00,0.07,0.04,0.05,-0.00,0.01,0.00,-2.10,-0.70,0.20,0.00,-0.00,0.00,0.00,0.00,-0.00,19.00
13563.00,0.07,0.04,0.05,-0.00,0.01,0.00,0.00,0.00,0.00,-0.00,-0.00,0.00,-0.00,0.00,0.00,10.00
13573.00,0.07,0.04,0.05,-0.00,0.01,0.00,0.00,0.00,0.00,-0.00,-0.00,0.00,-0.00,0.00,-0.00,10.00
13583.00,0.07,0.04,0.05,-0.00,0.01,0.00,0.00,0.00,0.00,-0.00,-0.00,0.00,-0.00,-0.00,0.00,10.00
13593.00,0.07,0.04,0.05,-0.03,0.00,0.01,-2.80,-0.10,0.20,-0.00,-0.00,0.00,0.00,0.00,0.00,21.00
13614.00,0.07,0.04,0.05,-0.03,0.00,0.01,0.00,0.00,0.00,-0.00,-0.00,0.00,0.00,0.00,0.00,10.00
13628.00,0.07,0.04,0.05,-0.03,0.00,0.01,0.00,0.00,0.00,-0.00,-0.00,0.00,-0.00,-0.00,0.00,10.00
13638.00,0.07,0.04,0.05,-0.03,0.00,0.01,0.00,0.00,0.00,-0.00,-0.00,0.00,-0.00,-0.00,-0.00,10.00
13648.00,0.08,0.04,0.06,-0.00,-0.01,0.00,2.70,-1.20,-0.20,-0.00,-0.00,0.00,-0.00,-0.00,0.00,17.00
13665.00,0.08,0.04,0.06,-0.00,-0.01,0.00,0.00,0.00,0.00,-0.00,-0.00,0.00,0.00,-0.00,0.00,10.00
13675.00,0.08,0.04,0.06,-0.00,-0.01,0.00,0.00,0.00,0.00,-0.00,-0.00,0.00,0.00,-0.00,-0.00,10.00
13685.00,0.08,0.04,0.06,-0.00,-0.01,0.00,0.00,0.00,0.00,-0.00,-0.00,0.00,0.00,0.00,0.00,10.00
13695.00,0.09,0.05,0.07,0.04,-0.00,-0.00,4.00,0.70,-0.40,-0.00,-0.00,0.00,-0.00,0.00,0.00,18.00
13713.00,0.09,0.05,0.07,0.04,-0.00,-0.00,0.00,0.00,0.00,-0.00,-0.00,0.00,-0.00,0.00,-0.00,10.00
13723.00,0.09,0.05,0.07,0.04,-0.00,-0.00,0.00,0.00,0.00,-0.00,-0.00,0.00,0.00,-0.00,0.00,10.00
13733.00,0.09,0.05,0.07,0.04,-0.00,-0.00,0.00,0.00,0.00,-0.00,-0.00,0.00,0.00,-0.00,0.00,10.00
13753.00,0.09,0.05,0.07,0.00,0.03,-0.00,-1.70,1.35,-0.10,-0.00,-0.00,0.00,0.00,0.00,0.00,20.00
13773.00,0.09,0.05,0.07,0.00,0.03,-0.00,0.00,0.00,0.00,-0.00,-0.00,0.00,0.00,0.00,0.00,10.00
13783.00,0.09,0.05,0.07,0.00,0.03,-0.00,0.00,0.00,0.00,-0.00,-0.00,0.00,-0.00,0.00,-0.00,10.00
13793.00,0.09,0.05,0.07,-0.02,0.03,0.00,-2.60,-0.10,0.50,-0.00,-0.00,0.00,-0.00,-0.00,0.00,19.00
13812.00,0.09,0.05,0.07,-0.02,0.03,0.00,0.00,0.00,0.00,-0.00,-0.00,0.00,-0.00,0.00,-0.00,10.00
13822.00,0.09,0.05,0.07,-0.02,0.03,0.00,0.00,0.00,0.00,-0.00,-0.00,0.00,-0.00,-0.00,0.00,10.00
13832.00,0.09,0.05,0.07,-0.02,0.03,0.00,0.00,0.00,0.00,-0.00,-0.00,0.00,-0.00,0.00,-0.00,10.00
13842.00,0.10,0.05,0.07,0.00,0.01,0.00,2.20,-1.20,-0.10,-0.00,-0.00,0.00,-0.00,-0.00,-0.00,18.00
13860.00,0.10,0.05,0.07,0.00,0.01,0.00,0.00,0.00,0.00,-0.00,-0.00,0.00,-0.00,0.00,0.00,10.00
13870.00,0.10,0.05,0.07,0.00,0.01,0.00,0.00,0.00,0.00,-0.00,-0.00,0.00,0.00,0.00,0.00,10.00
13885.00,0.10,0.05,0.08,-0.05,-0.03,0.00,-3.47,-2.53,0.07,-0.00,-0.00,0.00,-0.00,-0.00,-0.00,17.00
13902.00,0.10,0.05,0.08,-0.05,-0.03,0.00,0.00,0.00,0.00,-0.00,-0.00,0.00,-0.00,0.00,0.00,10.00
13912.00,0.10,0.05,0.08,-0.05,-0.03,0.00,0.00,0.00,0.00,-0.00,-0.00,0.00,0.00,0.00,0.00,10.00
13922.00,0.10,0.05,0.08,-0.05,-0.03,0.00,0.00,0.00,0.00,-0.00,-0.00,0.00,0.00,0.00,-0.00,10.00
13932.00,0.10,0.05,0.08,-0.05,-0.03,0.00,0.00,0.00,0.00,-0.00,-0.00,0.00,0.00,-0.00,0.00,10.00
13942.00,0.10,0.05,0.07,-0.03,-0.04,0.01,2.10,-1.10,0.70,-0.00,-0.00,0.00,0.00,0.00,0.00,16.00
13958.00,0.10,0.05,0.07,-0.03,-0.04,0.01,0.00,0.00,0.00,-0.00,-0.00,0.00,-0.00,0.00,-0.00,10.00
13968.00,0.10,0.05,0.07,-0.03,-0.04,0.01,0.00,0.00,0.00,-0.00,-0.00,0.00,-0.00,0.00,-0.00,10.00
13978.00,0.10,0.05,0.07,-0.03,-0.04,0.01,0.00,0.00,0.00,-0.00,-0.00,0.00,0.00,0.00,0.00,10.00
13988.00,0.10,0.05,0.07,-0.03,-0.04,0.01,0.00,0.00,0.00,-0.00,-0.00,0.00,0.00,0.00,0.00,10.00
14003.00,0.10,0.05,0.07,-0.06,-0.03,0.00,-1.67,0.20,-0.60,-0.00,-0.00,0.00,0.00,-0.00,0.00,19.00
14022.00,0.10,0.05,0.07,-0.06,-0.03,0.00,0.00,0.00,0.00,-0.00,-0.00,0.00,0.00,-0.00,0.00,10.00
14032.00,0.10,0.05,0.07,-0.06,-0.03,0.00,0.00,0.00,0.00,-0.00,-0.00,0.00,0.00,0.00,-0.00,10.00
14042.00,0.09,0.06,0.06,-0.03,0.06,-0.01,2.30,8.90,-1.10,-0.00,-0.00,0.00,-0.00,0.00,-0.00,16.00
14058.00,0.09,0.06,0.06,-0.03,0.06,-0.01,0.00,0.00,0.00,-0.00,-0.00,0.00,-0.00,0.00,0.00,10.00
14068.00,0.09,0.06,0.06,-0.03,0.06,-0.01,0.00,0.00,0.00,-0.00,-0.00,0.00,-0.00,0.00,0.00,10.00
14078.00,0.09,0.06,0.06,-0.03,0.06,-0.01,0.00,0.00,0.00,-0.00,-0.00,0.00,-0.00,-0.00,-0.00,10.00
14088.00,0.09,0.06,0.06,-0.03,0.06,-0.01,0.00,0.00,0.00,-0.00,-0.00,0.00,0.00,-0.00,-0.00,10.00
14098.00,0.09,0.05,0.04,-0.02,0.06,0.00,1.00,0.50,1.50,-0.00,-0.00,0.00,-0.00,-0.00,0.00,17.00
14115.00,0.09,0.05,0.04,-0.02,0.06,0.00,0.00,0.00,0.00,-0.00,-0.00,0.00,0.00,-0.00,0.00,10.00
14130.00,0.09,0.05,0.04,-0.02,0.06,0.00,0.00,0.00,0.00,-0.00,-0.00,0.00,0.00,0.00,0.00,10.00
14140.00,0.09,0.05,0.04,-0.02,0.06,0.00,0.00,0.00,0.00,-0.00,-0.00,0.00,0.00,0.00,0.00,10.00
14150.00,0.09,0.05,0.02,-0.02,0.00,0.01,0.00,-5.70,1.00,-0.00,-0.00,0.00,-0.00,0.00,-0.00,17.00
14167.00,0.09,0.05,0.02,-0.02,0.00,0.01,0.00,0.00,0.00,-0.00,-0.00,0.00,0.00,-0.00,0.00,10.00
14177.00,0.09,0.05,0.02,-0.02,0.00,0.01,0.00,0.00,0.00,-0.00,-0.00,0.00,0.00,-0.00,0.00,10.00
14187.00,0.09,0.05,0.02,-0.02,0.00,0.01,0.00,0.00,0.00,-0.00,-0.00,0.00,0.00,0.00,0.00,10.00
14197.00,0.09,0.05,0.02,0.04,-0.04,0.00,6.30,-3.90,-1.20,-0.00,-0.00,0.00,-0.00,0.00,-0.00,17.00
14214.00,0.09,0.05,0.02,0.04,-0.04,0.00,0.00,0.00,0.00,-0.00,-0.00,0.00,-0.00,0.00,0.00,10.00
14224.00,0.09,0.05,0.02,0.04,-0.04,0.00,0.00,0.00,0.00,-0.00,-0.00,0.00,-0.00,-0.00,-0.00,10.00
14234.00,0.09,0.05,0.02,0.04,-0.04,0.00,0.00,0.00,0.00,-0.00,-0.00,0.00,-0.00,-0.00,-0.00,10.00
14249.00,0.09,0.05,0.01,0.08,-0.03,0.00,2.87,0.40,0.07,-0.00,-0.00,0.00,0.00,0.00,-0.00,18.00
14267.00,0.09,0.05,0.01,0.08,-0.03,0.00,0.00,0.00,0.00,-0.00,-0.00,0.00,-0.00,-0.00,-0.00,10.00
14277.00,0.09,0.05,0.01,0.08,-0.03,0.00,0.00,0.00,0.00,-0.00,-0.00,0.00,-0.00,0.00,-0.00,10.00
14287.00,0.09,0.05,-0.01,0.08,-0.02,0.01,0.10,1.20,0.70,-0.00,-0.00,0.00,-0.00,0.00,0.00,17.00
14304.00,0.09,0.05,-0.01,0.08,-0.02,0.01,0.00,0.00,0.00,-0.00,-0.00,0.00,0.00,-0.00,0.00,10.00
14314.00,0.09,0.05,-0.01,0.08,-0.02,0.01,0.00,0.00,0.00,-0.00,-0.00,0.00,-0.00,0.00,-0.00,10.00
14324.00,0.09,0.05,-0.01,0.08,-0.02,0.01,0.00,0.00,0.00,-0.00,-0.00,0.00,0.00,-0.00,0.00,10.00
14334.00,0.09,0.05,-0.01,0.08,-0.02,0.01,0.00,0.00,0.00,-0.00,-0.00,0.00,0.00,0.00,0.00,10.00
14344.00,0.08,0.04,-0.02,-0.00,-0.02,0.01,-8.70,0.10,0.30,-0.00,-0.00,0.00,0.00,-0.00,0.00,20.00
14364.00,0.08,0.04,-0.02,-0.00,-0.02,0.01,0.00,0.00,0.00,-0.00,-0.00,0.00,0.00,0.00,-0.00,10.00
14379.00,0.08,0.04,-0.02,-0.00,-0.02,0.01,0.00,0.00,0.00,-0.00,-0.00,0.00,0.00,0.00,0.00,10.00
14389.00,0.08,0.05,-0.02,-0.07,0.00,0.00,-6.40,2.00,-1.30,-0.00,-0.00,0.00,0.00,0.00,0.00,17.00
14406.00,0.08,0.05,-0.02,-0.07,0.00,0.00,0.00,0.00,0.00,-0.00,-0.00,0.00,-0.00,0.00,-0.00,10.00
14416.00,0.08,0.05,-0.02,-0.07,0.00,0.00,0.00,0.00,0.00,-0.00,-0.00,0.00,0.00,0.00,-0.00,10.00
14426.00,0.08,0.05,-0.02,-0.07,0.00,0.00,0.00,0.00,0.00,-0.00,-0.00,0.00,0.00,0.00,-0.00,10.00
14436.00,0.08,0.05,-0.02,-0.07,0.00,0.00,0.00,0.00,0.00,-0.00,-0.00,0.00,0.00,0.00,0.00,10.00
14446.00,0.07,0.06,-0.02,-0.05,0.02,-0.01,2.20,1.30,-1.40,-0.00,-0.00,0.00,0.00,0.00,0.00,19.00
14465.00,0.07,0.06,-0.02,-0.05,0.02,-0.01,0.00,0.00,0.00,-0.00,-0.00,0.00,-0.00,0.00,-0.00,10.00
14475.00,0.07,0.06,-0.02,-0.05,0.02,-0.01,0.00,0.00,0.00,-0.00,-0.00,0.00,-0.00,0.00,0.00,10.00
14485.00,0.07,0.06,-0.02,-0.05,0.02,-0.01,0.00,0.00,0.00,-0.00,-0.00,0.00,0.00,0.00,-0.00,10.00
14500.00,0.07,0.05,-0.04,-0.03,-0.01,0.01,0.87,-1.73,1.33,-0.00,-0.00,0.00,0.00,0.00,0.00,16.00
14516.00,0.07,0.05,-0.04,-0.03,-0.01,0.01,0.00,0.00,0.00,-0.00,-0.00,0.00,-0.00,0.01,0.00,10.00
14526.00,0.07,0.05,-0.04,-0.03,-0.01,0.01,0.00,0.00,0.00,-0.00,-0.00,0.00,-0.00,0.00,0.00,10.00
14536.00,0.07,0.05,-0.04,-0.03,-0.01,0.01,0.00,0.00,0.00,-0.00,-0.00,0.00,0.00,-0.00,-0.00,10.00
14546.00,0.07,0.05,-0.06,0.01,-0.02,0.02,3.80,-0.60,1.20,-0.00,-0.00,0.00,0.00,0.00,0.00,19.00
14565.00,0.07,0.05,-0.06,0.01,-0.02,0.02,0.00,0.00,0.00,-0.00,-0.00,0.00,0.00,0.00,0.00,10.00
14575.00,0.07,0.05,-0.06,0.01,-0.02,0.02,0.00,0.00,0.00,-0.00,-0.00,0.00,0.00,0.00,-0.00,10.00
14585.00,0.07,0.05,-0.06,0.01,-0.02,0.02,0.00,0.00,0.00,-0.00,-0.00,0.00,-0.00,-0.00,0.00,10.00
14595.00,0.08,0.05,-0.06,0.05,-0.06,0.01,4.40,-4.20,-0.50,-0.00,-0.00,0.00,-0.00,-0.00,0.00,18.00
14613.00,0.08,0.05,-0.06,0.05,-0.06,0.01,0.00,0.00,0.00,-0.00,-0.00,0.00,0.00,0.00,-0.00,10.00
14628.00,0.08,0.05,-0.06,0.05,-0.06,0.01,0.00,0.00,0.00,-0.00,-0.00,0.00,-0.00,-0.00,0.00,10.00
14638.00,0.08,0.05,-0.06,0.05,-0.06,0.01,0.00,0.00,0.00,-0.00,-0.00,0.00,0.00,-0.00,0.00,10.00
14648.00,0.08,0.05,-0.07,0.05,-0.03,0.00,-0.10,2.30,-0.90,-0.00,-0.00,0.00,-0.00,-0.01,0.00,18.00
14666.00,0.08,0.05,-0.07,0.05,-0.03,0.00,0.00,0.00,0.00,-0.00,-0.00,0.00,0.00,-0.01,0.00,10.00
14676.00,0.08,0.05,-0.07,0.05,-0.03,0.00,0.00,0.00,0.00,-0.00,-0.00,0.00,0.00,-0.00,0.00,10.00
14686.00,0.08,0.05,-0.07,0.05,-0.03,0.00,0.00,0.00,0.00,-0.00,-0.00,0.00,-0.00,-0.00,0.00,10.00
14696.00,0.08,0.05,-0.07,0.04,-0.03,-0.01,-0.60,0.60,-1.00,-0.00,-0.00,0.00,0.00,0.00,0.00,19.00
14715.00,0.08,0.05,-0.07,0.04,-0.03,-0.01,0.00,0.00,0.00,-0.00,-0.00,0.00,-0.00,0.00,0.00,10.00
14725.00,0.08,0.05,-0.07,0.04,-0.03,-0.01,0.00,0.00,0.00,-0.00,-0.00,0.00,0.00,0.00,0.00,10.00
14735.00,0.08,0.05,-0.07,0.04,-0.03,-0.01,0.00,0.00,0.00,-0.00,-0.00,0.00,0.00,-0.00,-0.00,10.00
14755.00,0.08,0.05,-0.07,0.03,0.01,-0.01,-0.70,1.80,-0.05,-0.00,-0.00,0.00,-0.00,-0.00,0.00,18.00
14773.00,0.08,0.05,-0.07,0.03,0.01,-0.01,0.00,0.00,0.00,-0.00,-0.00,0.00,-0.00,-0.00,0.00,10.00
14783.00,0.08,0.05,-0.07,0.03,0.01,-0.01,0.00,0.00,0.00,-0.00,-0.00,0.00,0.00,0.00,0.00,10.00
14793.00,0.08,0.06,-0.07,0.03,0.04,-0.01,-0.30,2.90,-0.40,-0.00,-0.00,0.00,-0.00,-0.00,0.00,17.00
14810.00,0.08,0.06,-0.07,0.03,0.04,-0.01,0.00,0.00,0.00,-0.00,-0.00,0.00,-0.00,-0.00,-0.00,10.00
14820.00,0.08,0.06,-0.07,0.03,0.04,-0.01,0.00,0.00,0.00,-0.00,-0.00,0.00,-0.00,-0.00,-0.00,10.00
14830.00,0.08,0.06,-0.07,0.03,0.04,-0.01,0.00,0.00,0.00,-0.00,-0.00,0.00,-0.00,-0.00,0.00,10.00
14840.00,0.07,0.07,-0.07,0.01,0.02,-0.01,-1.60,-2.00,-0.30,-0.00,-0.00,0.00,-0.00,-0.00,0.00,16.00
14856.00,0.07,0.07,-0.07,0.01,0.02,-0.01,0.00,0.00,0.00,-0.00,-0.00,0.00,0.00,-0.00,0.00,10.00
14866.00,0.07,0.07,-0.07,0.01,0.02,-0.01,0.00,0.00,0.00,-0.00,-0.00,0.00,0.00,-0.00,-0.00,10.00
14881.00,0.07,0.07,-0.07,0.01,0.02,-0.01,0.00,0.00,0.00,-0.00,-0.00,0.00,-0.00,-0.00,0.00,10.00
14891.00,0.07,0.07,-0.07,0.01,0.02,-0.01,0.00,0.00,0.00,-0.00,-0.00,0.00,-0.00,-0.00,0.00,10.00
14901.00,0.07,0.06,-0.08,0.01,-0.02,-0.01,-0.10,-3.60,0.80,-0.00,-0.00,0.00,-0.00,-0.00,0.00,16.00
14917.00,0.07,0.06,-0.08,0.01,-0.02,-0.01,0.00,0.00,0.00,-0.00,-0.00,0.00,0.00,0.00,0.00,10.00
14927.00,0.07,0.06,-0.08,0.01,-0.02,-0.01,0.00,0.00,0.00,-0.00,-0.00,0.00,-0.00,-0.00,0.00,10.00
14937.00,0.07,0.06,-0.08,0.01,-0.02,-0.01,0.00,0.00,0.00,-0.00,-0.00,0.00,-0.00,-0.00,0.00,10.00
14947.00,0.07,0.06,-0.09,-0.01,-0.02,0.00,-1.50,-0.40,0.80,-0.00,-0.00,0.00,0.00,-0.00,0.00,19.00
14966.00,0.07,0.06,-0.09,-0.01,-0.02,0.00,0.00,0.00,0.00,-0.00,-0.00,0.00,0.00,-0.00,0.00,10.00
14976.00,0.07,0.06,-0.09,-0.01,-0.02,0.00,0.00,0.00,0.00,-0.00,-0.00,0.00,-0.00,-0.00,-0.00,10.00
14986.00,0.07,0.06,-0.09,-0.01,-0.02,0.00,0.00,0.00,0.00,-0.00,-0.00,0.00,-0.00,-0.00,0.00,10.00
15001.00,0.07,0.07,-0.10,0.01,0.00,0.00,0.80,1.60,-0.13,-0.00,-0.00,0.00,0.00,0.00,0.00,18.00
15019.00,0.07,0.07,-0.10,0.01,0.00,0.00,0.00,0.00,0.00,-0.00,-0.00,0.00,0.00,0.00,-0.00,10.00
15029.00,0.07,0.07,-0.10,0.01,0.00,0.00,0.00,0.00,0.00,-0.00,-0.00,0.00,-0.00,-0.00,0.00,10.00
15039.00,0.07,0.07,-0.10,0.01,0.00,0.00,0.00,0.00,0.00,-0.00,-0.00,0.00,-0.00,0.00,0.00,10.00
15049.00,0.07,0.07,-0.10,0.00,0.03,-0.01,-0.50,2.70,-0.50,-0.00,-0.00,0.00,-0.00,-0.00,-0.00,17.00
15066.00,0.07,0.07,-0.10,0.00,0.03,-0.01,0.00,0.00,0.00,-0.00,-0.00,0.00,0.00,-0.00,0.00,10.00
15076.00,0.07,0.07,-0.10,0.00,0.03,-0.01,0.00,0.00,0.00,-0.00,-0.00,0.00,0.00,0.00,0.00,10.00
15086.00,0.07,0.07,-0.10,0.00,0.03,-0.01,0.00,0.00,0.00,-0.00,-0.00,0.00,-0.00,0.00,-0.00,10.00
15096.00,0.07,0.08,-0.10,-0.01,-0.02,-0.01,-0.90,-4.30,-0.70,-0.00,-0.00,0.00,0.00,0.00,0.00,18.00
15114.00,0.07,0.08,-0.10,-0.01,-0.02,-0.01,0.00,0.00,0.00,-0.00,-0.00,0.00,0.00,0.01,-0.00,10.00
15138.00,0.07,0.08,-0.11,-0.01,-0.00,-0.00,0.04,0.46,0.38,-0.00,-0.00,0.00,0.00,0.00,0.00,18.00
15156.00,0.07,0.08,-0.11,-0.01,-0.00,-0.00,0.00,0.00,0.00,-0.00,-0.00,0.00,0.00,0.00,0.00,10.00
15166.00,0.07,0.08,-0.11,-0.01,-0.00,-0.00,0.00,0.00,0.00,-0.00,-0.00,0.00,0.00,0.00,0.00,10.00
15176.00,0.07,0.08,-0.11,-0.01,-0.00,-0.00,0.00,0.00,0.00,-0.00,-0.00,0.00,-0.00,0.00,0.00,10.00
15186.00,0.07,0.08,-0.11,0.01,0.03,-0.00,2.10,3.30,0.10,-0.00,-0.00,0.00,0.00,-0.00,0.00,17.00
15203.00,0.07,0.08,-0.11,0.01,0.03,-0.00,0.00,0.00,0.00,-0.00,-0.00,0.00,0.00,0.00,0.00,10.00
15213.00,0.07,0.08,-0.11,0.01,0.03,-0.00,0.00,0.00,0.00,-0.00,-0.00,0.00,0.00,0.00,-0.00,10.00
15223.00,0.07,0.08,-0.11,0.01,0.03,-0.00,0.00,0.00,0.00,-0.00,-0.00,0.00,0.00,0.01,-0.00,10.00
15233.00,0.07,0.08,-0.11,0.01,0.03,-0.00,0.00,0.00,0.00,-0.00,-0.00,0.00,0.00,-0.00,0.00,10.00
15243.00,0.07,0.09,-0.11,0.04,0.02,-0.00,2.40,-0.70,0.00,-0.00,-0.00,0.00,0.00,0.00,-0.00,17.00
15264.00,0.07,0.09,-0.11,0.04,0.02,-0.00,0.00,0.00,0.00,-0.00,-0.00,0.00,0.00,0.00,0.00,10.00
15274.00,0.07,0.09,-0.11,0.04,0.02,-0.00,0.00,0.00,0.00,-0.00,-0.00,0.00,0.00,0.00,0.00,10.00
15284.00,0.07,0.09,-0.11,0.04,0.02,-0.00,0.00,0.00,0.00,-0.00,-0.00,0.00,0.00,0.00,-0.00,10.00
15294.00,0.07,0.09,-0.11,0.04,0.02,-0.00,0.00,0.00,0.00,-0.00,-0.00,0.00,0.00,0.00,-0.00,10.00
15304.00,0.07,0.09,-0.12,0.00,-0.00,-0.00,-3.60,-2.50,0.10,-0.00,-0.00,0.00,0.00,0.00,0.00,15.00
15319.00,0.07,0.09,-0.12,0.00,-0.00,-0.00,0.00,0.00,0.00,-0.00,-0.00,0.00,-0.00,-0.00,0.00,10.00
15329.00,0.07,0.09,-0.12,0.00,-0.00,-0.00,0.00,0.00,0.00,-0.00,-0.00,0.00,-0.00,0.00,0.00,10.00
15339.00,0.07,0.09,-0.12,-0.01,-0.02,-0.00,-1.20,-1.30,-0.10,-0.00,-0.00,0.00,0.00,0.00,0.00,18.00
15357.00,0.07,0.09,-0.12,-0.01,-0.02,-0.00,0.00,0.00,0.00,-0.00,-0.00,0.00,-0.00,0.00,0.00,10.00
15367.00,0.07,0.09,-0.12,-0.01,-0.02,-0.00,0.00,0.00,0.00,-0.00,-0.00,0.00,0.00,0.00,-0.00,10.00
15382.00,0.07,0.09,-0.12,-0.01,-0.02,-0.00,0.00,0.00,0.00,-0.00,-0.00,0.00,-0.00,0.00,0.00,10.00
15392.00,0.07,0.09,-0.13,-0.01,-0.04,0.00,0.00,-2.10,0.60,-0.00,-0.00,0.00,0.00,-0.00,0.00,16.00
15408.00,0.07,0.09,-0.13,-0.01,-0.04,0.00,0.00,0.00,0.00,-0.00,-0.00,0.00,-0.00,-0.00,0.00,10.00
15418.00,0.07,0.09,-0.13,-0.01,-0.04,0.00,0.00,0.00,0.00,-0.00,-0.00,0.00,-0.00,-0.00,0.00,10.00
15428.00,0.07,0.09,-0.13,-0.01,-0.04,0.00,0.00,0.00,0.00,-0.00,-0.00,0.00,0.00,0.00,0.00,10.00
15438.00,0.07,0.09,-0.13,-0.01,-0.04,0.00,0.00,0.00,0.00,-0.00,-0.00,0.00,0.00,0.00,0.00,10.00
15448.00,0.07,0.09,-0.13,0.02,-0.01,0.00,2.50,2.70,-0.40,-0.00,-0.00,0.00,0.00,0.00,-0.00,18.00
15466.00,0.07,0.09,-0.13,0.02,-0.01,0.00,0.00,0.00,0.00,-0.00,-0.00,0.00,0.00,0.00,-0.00,10.00
15476.00,0.07,0.09,-0.13,0.02,-0.01,0.00,0.00,0.00,0.00,-0.00,-0.00,0.00,-0.00,0.00,0.00,10.00
15486.00,0.07,0.09,-0.13,0.01,0.01,0.00,-0.70,1.70,0.20,-0.00,-0.00,0.00,-0.00,0.00,-0.00,17.00
15507.00,0.07,0.09,-0.13,0.01,0.01,0.00,0.00,0.00,0.00,-0.00,-0.00,0.00,0.00,0.00,-0.00,10.00
15517.00,0.07,0.09,-0.13,0.01,0.01,0.00,0.00,0.00,0.00,-0.00,-0.00,0.00,0.00,-0.01,-0.00,10.00
15527.00,0.07,0.09,-0.13,0.01,0.01,0.00,0.00,0.00,0.00,-0.00,-0.00,0.00,0.00,-0.00,-0.00,10.00
15537.00,0.07,0.09,-0.13,0.01,0.01,0.00,0.00,0.00,0.00,-0.00,-0.00,0.00,0.00,0.00,-0.00,10.00
15547.00,0.07,0.09,-0.13,0.02,-0.03,0.01,1.20,-3.50,0.40,-0.00,-0.00,0.00,-0.00,0.00,-0.00,18.00
15565.00,0.07,0.09,-0.13,0.02,-0.03,0.01,0.00,0.00,0.00,-0.00,-0.00,0.00,0.00,0.00,-0.00,10.00
15575.00,0.07,0.09,-0.13,0.02,-0.03,0.01,0.00,0.00,0.00,-0.00,-0.00,0.00,0.00,-0.00,0.00,10.00
15585.00,0.07,0.10,-0.13,-0.00,-0.00,0.00,-2.10,2.70,-0.60,-0.00,-0.00,0.00,0.00,0.00,0.00,17.00
15602.00,0.07,0.10,-0.13,-0.00,-0.00,0.00,0.00,0.00,0.00,-0.00,-0.00,0.00,0.00,-0.00,0.00,10.00
15612.00,0.07,0.10,-0.13,-0.00,-0.00,0.00,0.00,0.00,0.00,-0.00,-0.00,0.00,0.00,-0.00,0.00,10.00
15626.00,0.07,0.10,-0.13,-0.00,-0.00,0.00,0.00,0.00,0.00,-0.00,-0.00,0.00,0.00,-0.00,0.00,10.00
15636.00,0.07,0.10,-0.13,-0.00,-0.00,0.00,0.00,0.00,0.00,-0.00,-0.00,0.00,0.00,0.00,0.00,10.00
15646.00,0.07,0.10,-0.13,-0.00,-0.01,-0.00,0.00,-0.90,-0.40,-0.00,-0.00,0.00,0.00,0.00,-0.00,18.00
15664.00,0.07,0.10,-0.13,-0.00,-0.01,-0.00,0.00,0.00,0.00,-0.00,-0.00,0.00,0.00,-0.00,0.00,10.00
15674.00,0.07,0.10,-0.13,-0.00,-0.01,-0.00,0.00,0.00,0.00,-0.00,-0.00,0.00,0.00,-0.00,-0.00,10.00
15684.00,0.07,0.10,-0.13,-0.00,-0.01,-0.00,0.00,0.00,0.00,-0.00,-0.00,0.00,-0.00,0.00,-0.00,10.00
15694.00,0.07,0.10,-0.13,-0.00,-0.01,-0.00,0.00,0.00,0.00,-0.00,-0.00,0.00,0.00,0.00,0.00,10.00
15704.00,0.07,0.10,-0.13,0.01,-0.03,-0.01,1.30,-2.20,-0.40,-0.00,-0.00,0.00,0.00,-0.00,0.00,16.00
15720.00,0.07,0.10,-0.13,0.01,-0.03,-0.01,0.00,0.00,0.00,-0.00,-0.00,0.00,0.00,-0.00,0.00,10.00
15730.00,0.07,0.10,-0.13,0.01,-0.03,-0.01,0.00,0.00,0.00,-0.00,-0.00,0.00,0.00,-0.00,0.00,10.00
15745.00,0.07,0.11,-0.13,-0.01,-0.01,-0.01,-1.40,1.60,0.20,-0.00,-0.00,0.00,0.00,0.00,0.00,17.00
15762.00,0.07,0.11,-0.13,-0.01,-0.01,-0.01,0.00,0.00,0.00,-0.00,-0.00,0.00,0.00,0.00,-0.00,10.00
15772.00,0.07,0.11,-0.13,-0.01,-0.01,-0.01,0.00,0.00,0.00,-0.00,-0.00,0.00,-0.00,-0.00,0.00,10.00
15782.00,0.07,0.11,-0.13,-0.01,-0.01,-0.01,0.00,0.00,0.00,-0.00,-0.00,0.00,-0.00,-0.00,-0.00,10.00
15792.00,0.07,0.12,-0.13,0.01,0.01,-0.01,1.80,2.20,-0.10,-0.00,-0.00,0.00,0.00,0.00,-0.00,17.00
15809.00,0.07,0.12,-0.13,0.01,0.01,-0.01,0.00,0.00,0.00,-0.00,-0.00,0.00,-0.00,0.00,0.00,10.00
15819.00,0.07,0.12,-0.13,0.01,0.01,-0.01,0.00,0.00,0.00,-0.00,-0.00,0.00,-0.00,-0.00,0.00,10.00
15829.00,0.07,0.12,-0.13,0.01,0.01,-0.01,0.00,0.00,0.00,-0.00,-0.00,0.00,0.00,-0.00,0.00,10.00
15839.00,0.07,0.12,-0.13,0.00,0.02,-0.01,-0.50,1.00,0.10,-0.00,-0.00,0.00,-0.00,-0.00,0.00,17.00
15856.00,0.07,0.12,-0.13,0.00,0.02,-0.01,0.00,0.00,0.00,-0.00,-0.00,0.00,0.00,-0.00,-0.00,10.00
15876.00,0.07,0.12,-0.13,0.00,0.02,-0.01,0.00,0.00,0.00,-0.00,-0.00,0.00,-0.00,-0.00,-0.00,10.00
15886.00,0.07,0.12,-0.13,0.00,0.02,-0.01,0.00,0.00,0.00,-0.00,-0.00,0.00,0.00,-0.00,0.00,10.00
15896.00,0.06,0.13,-0.12,0.01,-0.01,-0.01,0.20,-3.80,-0.40,-0.00,-0.00,0.00,0.00,-0.00,0.00,17.00
15913.00,0.06,0.13,-0.12,0.01,-0.01,-0.01,0.00,0.00,0.00,-0.00,-0.00,0.00,-0.00,0.00,0.00,10.00
15923.00,0.06,0.13,-0.12,0.01,-0.01,-0.01,0.00,0.00,0.00,-0.00,-0.00,0.00,0.00,0.00,0.00,10.00
15933.00,0.06,0.13,-0.12,0.01,-0.01,-0.01,0.00,0.00,0.00,-0.00,-0.00,0.00,0.00,0.00,-0.00,10.00
15943.00,0.06,0.13,-0.12,0.01,-0.02,-0.01,0.20,-0.40,0.10,-0.00,-0.00,0.00,0.00,-0.00,0.00,17.00
15960.00,0.06,0.13,-0.12,0.01,-0.02,-0.01,0.00,0.00,0.00,-0.00,-0.00,0.00,0.00,-0.00,0.00,10.00
15970.00,0.06,0.13,-0.12,0.01,-0.02,-0.01,0.00,0.00,0.00,-0.00,-0.00,0.00,-0.00,-0.00,0.00,10.00
15980.00,0.06,0.13,-0.12,0.01,-0.02,-0.01,0.00,0.00,0.00,-0.00,-0.00,0.00,-0.00,-0.00,0.00,10.00
15995.00,0.07,0.13,-0.12,0.03,0.00,-0.01,1.47,1.20,-0.13,-0.00,-0.00,0.00,0.00,-0.00,0.00,17.00
16012.00,0.07,0.13,-0.12,0.03,0.00,-0.01,0.00,0.00,0.00,-0.00,-0.00,0.00,0.00,0.00,0.00,10.00
16022.00,0.07,0.13,-0.12,0.03,0.00,-0.01,0.00,0.00,0.00,-0.00,-0.00,0.00,0.00,0.00,-0.00,10.00
16032.00,0.07,0.13,-0.12,0.03,0.00,-0.01,0.00,0.00,0.00,-0.00,-0.00,0.00,0.00,-0.00,-0.00,10.00
16042.00,0.07,0.13,-0.12,0.03,0.00,-0.01,0.00,0.00,0.00,-0.00,-0.00,0.00,0.00,-0.00,0.00,10.00
16052.00,0.07,0.13,-0.12,0.01,0.00,-0.01,-2.00,0.20,0.00,-0.00,-0.00,0.00,0.00,0.00,-0.00,17.00
16069.00,0.07,0.13,-0.12,0.01,0.00,-0.01,0.00,0.00,0.00,-0.00,-0.00,0.00,0.00,-0.00,0.00,10.00
16079.00,0.07,0.13,-0.12,0.01,0.00,-0.01,0.00,0.00,0.00,0.00,-0.00,0.00,0.00,0.00,-0.00,10.00
16089.00,0.06,0.14,-0.13,-0.00,0.01,-0.01,-1.20,0.90,0.40,0.00,-0.00,0.00,0.00,0.00,0.00,16.00
16105.00,0.06,0.14,-0.13,-0.00,0.01,-0.01,0.00,0.00,0.00,0.00,-0.00,0.00,0.00,0.00,0.00,10.00
16120.00,0.06,0.14,-0.13,-0.00,0.01,-0.01,0.00,0.00,0.00,0.00,-0.00,0.00,0.00,-0.00,0.00,10.00
16130.00,0.06,0.14,-0.13,-0.00,0.01,-0.01,0.00,0.00,0.00,0.00,-0.00,0.00,-0.00,-0.00,0.00,10.00
16140.00,0.06,0.14,-0.13,-0.00,0.01,-0.01,0.00,0.00,0.00,0.00,-0.00,0.00,0.00,0.00,-0.00,10.00
16150.00,0.07,0.14,-0.13,0.00,-0.00,-0.01,0.40,-1.40,-0.30,0.00,-0.00,0.00,0.00,0.00,-0.00,18.00
16168.00,0.07,0.14,-0.13,0.00,-0.00,-0.01,0.00,0.00,0.00,0.00,-0.00,0.00,0.00,0.00,0.00,10.00
16178.00,0.07,0.14,-0.13,0.00,-0.00,-0.01,0.00,0.00,0.00,0.00,-0.00,0.00,0.00,0.00,0.00,10.00
16188.00,0.07,0.14,-0.13,0.00,-0.00,-0.01,0.00,0.00,0.00,0.00,-0.00,0.00,0.00,-0.00,0.00,10.00
16198.00,0.06,0.15,-0.12,-0.02,0.00,-0.01,-1.80,0.40,-0.10,0.00,-0.00,0.00,-0.00,-0.00,0.00,19.00
16217.00,0.06,0.15,-0.12,-0.02,0.00,-0.01,0.00,0.00,0.00,0.00,-0.00,0.00,0.00,-0.00,0.00,10.00
16227.00,0.06,0.15,-0.12,-0.02,0.00,-0.01,0.00,0.00,0.00,0.00,-0.00,0.00,0.00,0.00,0.00,10.00
16241.00,0.06,0.15,-0.12,-0.00,-0.02,-0.01,0.93,-1.50,0.14,0.00,-0.00,0.00,0.00,0.00,0.00,19.00
16260.00,0.06,0.15,-0.12,-0.00,-0.02,-0.01,0.00,0.00,0.00,0.00,-0.00,0.00,-0.00,0.00,0.00,10.00
16270.00,0.06,0.15,-0.12,-0.00,-0.02,-0.01,0.00,0.00,0.00,0.00,-0.00,0.00,0.00,0.00,0.00,10.00
16280.00,0.06,0.15,-0.12,-0.00,-0.02,-0.01,0.00,0.00,0.00,0.00,-0.00,0.00,0.00,0.00,0.00,10.00
16290.00,0.06,0.15,-0.12,-0.00,-0.02,-0.01,0.00,0.00,0.00,0.00,-0.00,0.00,0.00,0.00,0.00,10.00
16300.00,0.06,0.16,-0.12,0.04,-0.01,-0.01,3.80,0.60,-0.50,0.00,-0.00,0.00,0.00,-0.00,-0.00,18.00
16318.00,0.06,0.16,-0.12,0.04,-0.01,-0.01,0.00,0.00,0.00,0.00,-0.00,0.00,0.00,-0.00,0.00,10.00
16328.00,0.06,0.16,-0.12,0.04,-0.01,-0.01,0.00,0.00,0.00,0.00,-0.00,0.00,-0.00,-0.00,-0.00,10.00
16338.00,0.06,0.16,-0.12,0.04,-0.01,-0.01,0.00,0.00,0.00,0.00,-0.00,0.00,0.00,-0.00,0.00,10.00
16348.00,0.07,0.16,-0.12,0.05,-0.01,-0.01,1.40,0.50,0.10,0.00,-0.00,0.00,0.00,0.00,-0.00,19.00
16371.00,0.07,0.16,-0.12,0.05,-0.01,-0.01,0.00,0.00,0.00,0.00,-0.00,0.00,0.00,0.00,-0.00,10.00
16381.00,0.07,0.16,-0.12,0.05,-0.01,-0.01,0.00,0.00,0.00,0.00,-0.00,0.00,0.00,0.00,0.00,10.00
16391.00,0.07,0.16,-0.12,0.05,-0.01,-0.01,0.00,0.00,0.00,0.00,-0.00,0.00,-0.00,-0.00,0.00,10.00
16401.00,0.06,0.16,-0.12,-0.00,0.00,-0.01,-5.30,0.90,0.10,0.00,-0.00,0.00,-0.00,0.00,-0.00,18.00
16419.00,0.06,0.16,-0.12,-0.00,0.00,-0.01,0.00,0.00,0.00,0.00,-0.00,0.00,0.00,0.00,-0.00,10.00
16429.00,0.06,0.16,-0.12,-0.00,0.00,-0.01,0.00,0.00,0.00,0.00,-0.00,0.00,0.00,-0.00,0.00,10.00
16439.00,0.06,0.16,-0.12,0.01,0.00,-0.01,1.10,0.20,0.10,0.00,-0.00,0.00,0.00,0.00,0.00,16.00
16455.00,0.06,0.16,-0.12,0.01,0.00,-0.01,0.00,0.00,0.00,0.00,-0.00,0.00,0.00,-0.00,0.00,10.00
16465.00,0.06,0.16,-0.12,0.01,0.00,-0.01,0.00,0.00,0.00,0.00,-0.00,0.00,0.00,0.00,0.00,10.00
16475.00,0.06,0.16,-0.12,0.01,0.00,-0.01,0.00,0.00,0.00,0.00,-0.00,0.00,0.00,0.00,-0.00,10.00
16489.00,0.06,0.17,-0.12,-0.01,-0.00,-0.01,-0.86,-0.43,0.36,0.00,-0.00,0.00,0.00,-0.00,0.00,17.00
16506.00,0.06,0.17,-0.12,-0.01,-0.00,-0.01,0.00,0.00,0.00,0.00,-0.00,0.00,0.00,0.00,0.00,10.00
16516.00,0.06,0.17,-0.12,-0.01,-0.00,-0.01,0.00,0.00,0.00,0.00,-0.00,0.00,0.00,0.00,-0.00,10.00
16526.00,0.06,0.17,-0.12,-0.01,-0.00,-0.01,0.00,0.00,0.00,0.00,-0.00,0.00,0.00,-0.00,-0.00,10.00
16536.00,0.06,0.17,-0.11,-0.02,-0.01,-0.01,-1.00,-0.90,-0.80,0.00,-0.00,0.00,0.00,-0.00,-0.00,16.00
16552.00,0.06,0.17,-0.11,-0.02,-0.01,-0.01,0.00,0.00,0.00,0.00,-0.00,0.00,-0.00,-0.00,-0.00,10.00
16562.00,0.06,0.17,-0.11,-0.02,-0.01,-0.01,0.00,0.00,0.00,0.00,-0.00,0.00,-0.00,0.00,-0.00,10.00
16572.00,0.06,0.17,-0.11,-0.02,-0.01,-0.01,0.00,0.00,0.00,0.00,-0.00,0.00,-0.00,0.00,-0.00,10.00
16582.00,0.06,0.18,-0.11,0.02,-0.00,-0.02,3.40,1.20,-0.40,0.00,-0.00,0.00,0.00,0.00,0.00,17.00
16599.00,0.06,0.18,-0.11,0.02,-0.00,-0.02,0.00,0.00,0.00,0.00,-0.00,0.00,0.00,0.00,0.00,10.00
16613.00,0.06,0.18,-0.11,0.02,-0.00,-0.02,0.00,0.00,0.00,0.00,-0.00,0.00,-0.00,-0.00,0.00,10.00
16623.00,0.06,0.18,-0.11,0.02,-0.00,-0.02,0.00,0.00,0.00,0.00,-0.00,0.00,-0.00,-0.00,0.00,10.00
16633.00,0.07,0.19,-0.11,0.03,0.03,-0.02,1.30,2.60,-0.10,0.00,-0.00,0.00,-0.00,-0.00,0.00,17.00
16650.00,0.07,0.19,-0.11,0.03,0.03,-0.02,0.00,0.00,0.00,0.00,-0.00,0.00,-0.00,0.00,0.00,10.00
16660.00,0.07,0.19,-0.11,0.03,0.03,-0.02,0.00,0.00,0.00,0.00,-0.00,0.00,0.00,0.01,0.00,10.00
16670.00,0.07,0.19,-0.11,0.03,0.03,-0.02,0.00,0.00,0.00,0.00,-0.00,0.00,-0.00,0.00,0.00,10.00
16680.00,0.07,0.19,-0.11,0.03,0.03,-0.02,0.00,0.00,0.00,0.00,-0.00,0.00,-0.00,0.00,-0.00,10.00
16690.00,0.07,0.18,-0.12,0.03,-0.02,-0.01,0.10,-4.20,1.00,0.00,-0.00,0.00,0.00,-0.00,0.00,16.00
16706.00,0.07,0.18,-0.12,0.03,-0.02,-0.01,0.00,0.00,0.00,0.00,-0.00,0.00,-0.00,0.00,0.00,10.00
16716.00,0.07,0.18,-0.12,0.03,-0.02,-0.01,0.00,0.00,0.00,0.00,-0.00,0.00,-0.00,0.00,0.00,10.00
16730.00,0.07,0.18,-0.12,0.03,-0.02,-0.01,0.00,0.00,0.00,0.00,-0.00,0.00,-0.00,0.00,-0.00,10.00
16740.00,0.07,0.18,-0.12,0.03,-0.02,-0.01,0.00,0.00,0.00,0.00,-0.00,0.00,-0.00,0.00,0.00,10.00
16750.00,0.07,0.19,-0.12,0.01,-0.01,-0.00,-2.20,1.10,0.50,0.00,-0.00,0.00,0.00,0.00,0.00,19.00
16769.00,0.07,0.19,-0.12,0.01,-0.01,-0.00,0.00,0.00,0.00,0.00,-0.00,0.00,-0.00,0.00,0.00,10.00
16779.00,0.07,0.19,-0.12,0.01,-0.01,-0.00,0.00,0.00,0.00,0.00,-0.00,0.00,0.00,0.00,-0.00,10.00
16789.00,0.07,0.19,-0.12,0.01,-0.01,-0.00,0.00,0.00,0.00,0.00,-0.00,0.00,0.00,0.00,0.00,10.00
16799.00,0.07,0.19,-0.12,0.01,-0.01,-0.00,0.00,0.00,0.00,0.00,-0.00,0.00,0.00,0.00,0.00,10.00
16809.00,0.07,0.19,-0.12,0.01,-0.01,-0.00,0.00,0.00,0.00,0.00,-0.00,0.00,-0.00,0.00,0.00,10.00
16819.00,0.06,0.20,-0.11,-0.01,0.02,-0.01,-1.80,2.60,-1.10,0.00,-0.00,0.00,0.00,0.00,0.00,19.00
16838.00,0.06,0.20,-0.11,-0.01,0.02,-0.01,0.00,0.00,0.00,0.00,-0.00,0.00,-0.00,0.00,0.00,10.00
16857.00,0.06,0.20,-0.11,-0.01,0.02,-0.01,0.00,0.00,0.00,0.00,-0.00,0.00,-0.00,0.00,-0.00,10.00
16867.00,0.06,0.20,-0.11,-0.01,0.02,-0.01,0.00,0.00,0.00,0.00,-0.00,0.00,-0.00,0.00,0.00,10.00
16877.00,0.06,0.20,-0.11,-0.01,0.02,-0.01,0.00,0.00,0.00,0.00,-0.00,0.00,0.00,0.00,0.00,10.00
16887.00,0.07,0.20,-0.11,0.04,0.01,-0.01,4.40,-0.90,0.10,0.00,-0.00,0.00,0.00,0.00,0.00,16.00
16903.00,0.07,0.20,-0.11,0.04,0.01,-0.01,0.00,0.00,0.00,0.00,-0.00,0.00,0.00,0.00,0.00,10.00
16913.00,0.07,0.20,-0.11,0.04,0.01,-0.01,0.00,0.00,0.00,0.00,-0.00,0.00,-0.00,0.00,0.00,10.00
16923.00,0.07,0.20,-0.11,0.04,0.01,-0.01,0.00,0.00,0.00,0.00,-0.00,0.00,-0.00,0.00,0.00,10.00
16933.00,0.07,0.20,-0.11,0.04,0.01,-0.01,0.00,0.00,0.00,0.00,-0.00,0.00,-0.00,0.00,0.00,10.00
16943.00,0.07,0.20,-0.11,0.03,-0.01,-0.01,-0.80,-1.70,-0.10,0.00,-0.00,0.00,-0.00,0.00,-0.00,17.00
16960.00,0.07,0.20,-0.11,0.03,-0.01,-0.01,0.00,0.00,0.00,0.00,-0.00,0.00,-0.00,-0.00,0.00,10.00
16975.00,0.07,0.20,-0.11,0.03,-0.01,-0.01,0.00,0.00,0.00,0.00,-0.00,0.00,0.00,-0.00,-0.00,10.00
16985.00,0.07,0.20,-0.11,0.03,-0.01,-0.01,0.00,0.00,0.00,0.00,-0.00,0.00,-0.00,0.00,0.00,10.00
16995.00,0.07,0.21,-0.11,0.03,0.03,-0.02,0.30,3.10,-0.20,0.00,-0.00,0.00,-0.00,0.00,0.00,17.00
17012.00,0.07,0.21,-0.11,0.03,0.03,-0.02,0.00,0.00,0.00,0.00,-0.00,0.00,-0.00,-0.00,0.00,10.00
17022.00,0.07,0.21,-0.11,0.03,0.03,-0.02,0.00,0.00,0.00,0.00,-0.00,0.00,-0.00,0.00,-0.00,10.00
17032.00,0.07,0.21,-0.11,0.03,0.03,-0.02,0.00,0.00,0.00,0.00,-0.00,0.00,-0.00,0.00,-0.00,10.00
17042.00,0.07,0.21,-0.11,0.03,0.03,-0.02,0.00,0.00,0.00,0.00,-0.00,0.00,-0.00,0.00,0.00,10.00
17052.00,0.07,0.22,-0.11,0.02,0.00,-0.01,-1.30,-2.40,0.60,0.00,-0.00,0.00,-0.00,0.00,0.00,18.00
17070.00,0.07,0.22,-0.11,0.02,0.00,-0.01,0.00,0.00,0.00,0.00,-0.00,0.00,0.00,-0.00,-0.00,10.00
17080.00,0.07,0.22,-0.11,0.02,0.00,-0.01,0.00,0.00,0.00,0.00,-0.00,0.00,0.00,-0.00,0.00,10.00
17094.00,0.07,0.22,-0.11,0.01,0.00,-0.01,-0.86,0.07,0.00,0.00,-0.00,0.00,0.00,-0.00,0.00,18.00
17112.00,0.07,0.22,-0.11,0.01,0.00,-0.01,0.00,0.00,0.00,0.00,-0.00,0.00,0.00,-0.00,0.00,10.00
17122.00,0.07,0.22,-0.11,0.01,0.00,-0.01,0.00,0.00,0.00,0.00,-0.00,0.00,0.00,-0.00,0.00,10.00
17132.00,0.07,0.22,-0.11,0.01,0.00,-0.01,0.00,0.00,0.00,0.00,-0.00,0.00,-0.00,-0.00,-0.00,10.00
17142.00,0.07,0.22,-0.11,0.01,0.00,-0.01,0.00,0.00,0.00,0.00,-0.00,0.00,-0.00,-0.00,-0.00,10.00
17152.00,0.07,0.22,-0.11,0.00,0.00,-0.02,-0.40,-0.20,-0.50,0.00,-0.00,0.00,0.00,-0.00,-0.00,18.00
17170.00,0.07,0.22,-0.11,0.00,0.00,-0.02,0.00,0.00,0.00,0.00,-0.00,0.00,-0.00,0.00,-0.00,10.00
17180.00,0.07,0.22,-0.11,0.00,0.00,-0.02,0.00,0.00,0.00,0.00,-0.00,0.00,0.00,0.00,0.00,10.00
17190.00,0.06,0.23,-0.10,-0.03,-0.01,-0.02,-2.90,-0.60,-0.40,0.00,-0.00,0.00,-0.00,0.00,-0.00,16.00
17206.00,0.06,0.23,-0.10,-0.03,-0.01,-0.02,0.00,0.00,0.00,0.00,-0.00,0.00,0.00,0.00,0.00,10.00
17220.00,0.06,0.23,-0.10,-0.03,-0.01,-0.02,0.00,0.00,0.00,0.00,-0.00,0.00,0.00,0.00,0.00,10.00
17230.00,0.06,0.23,-0.10,-0.03,-0.01,-0.02,0.00,0.00,0.00,0.00,-0.00,0.00,0.00,0.00,0.00,10.00
17240.00,0.06,0.24,-0.10,0.01,0.01,-0.02,3.50,1.30,-0.10,0.00,-0.00,0.00,0.00,0.00,-0.00,16.00
17256.00,0.06,0.24,-0.10,0.01,0.01,-0.02,0.00,0.00,0.00,0.00,-0.00,0.00,-0.00,-0.00,0.00,10.00
17266.00,0.06,0.24,-0.10,0.01,0.01,-0.02,0.00,0.00,0.00,0.00,-0.00,0.00,0.00,-0.00,0.00,10.00
17276.00,0.06,0.24,-0.10,0.01,0.01,-0.02,0.00,0.00,0.00,0.00,-0.00,0.00,0.00,-0.00,0.00,10.00
17286.00,0.07,0.24,-0.10,0.02,-0.01,-0.02,1.50,-1.70,0.50,0.00,-0.00,0.00,-0.00,-0.00,0.00,17.00
17303.00,0.07,0.24,-0.10,0.02,-0.01,-0.02,0.00,0.00,0.00,0.00,-0.00,0.00,-0.00,0.00,0.00,10.00
17313.00,0.07,0.24,-0.10,0.02,-0.01,-0.02,0.00,0.00,0.00,0.00,-0.00,0.00,0.00,0.00,0.00,10.00
17323.00,0.07,0.24,-0.10,0.02,-0.01,-0.02,0.00,0.00,0.00,0.00,-0.00,0.00,0.00,-0.00,0.00,10.00
17338.00,0.07,0.25,-0.10,0.02,-0.01,-0.01,0.00,0.07,0.20,0.00,-0.00,0.00,0.00,-0.00,0.00,16.00
17354.00,0.07,0.25,-0.10,0.02,-0.01,-0.01,0.00,0.00,0.00,0.00,-0.00,0.00,0.00,0.00,0.00,10.00
17364.00,0.07,0.25,-0.10,0.02,-0.01,-0.01,0.00,0.00,0.00,0.00,-0.00,0.00,-0.00,-0.00,0.00,10.00
17374.00,0.07,0.25,-0.10,0.02,-0.01,-0.01,0.00,0.00,0.00,0.00,-0.00,0.00,0.00,-0.00,0.00,10.00
17384.00,0.07,0.25,-0.10,0.02,-0.01,-0.01,0.00,0.00,0.00,0.00,-0.00,0.00,0.00,-0.00,0.00,10.00
17394.00,0.07,0.25,-0.10,0.01,-0.00,-0.01,-1.60,0.80,-0.10,0.00,-0.00,0.00,0.00,-0.00,0.00,17.00
17411.00,0.07,0.25,-0.10,0.01,-0.00,-0.01,0.00,0.00,0.00,0.00,-0.00,0.00,0.00,-0.00,0.00,10.00
17421.00,0.07,0.25,-0.10,0.01,-0.00,-0.01,0.00,0.00,0.00,0.00,-0.00,0.00,0.00,0.00,0.00,10.00
17431.00,0.07,0.25,-0.10,0.01,-0.00,-0.01,0.00,0.00,0.00,0.00,-0.00,0.00,0.00,0.00,-0.00,10.00
17441.00,0.07,0.25,-0.10,0.01,-0.00,-0.01,0.00,0.00,0.00,0.00,-0.00,0.00,-0.00,0.00,0.00,10.00
17455.00,0.07,0.26,-0.09,0.01,-0.01,-0.02,0.14,-0.64,-0.43,0.00,-0.00,0.00,0.00,-0.00,-0.00,17.00
17472.00,0.07,0.26,-0.09,0.01,-0.01,-0.02,0.00,0.00,0.00,0.00,-0.00,0.00,0.00,0.00,-0.00,10.00
17482.00,0.07,0.26,-0.09,0.01,-0.01,-0.02,-0.20,0.50,0.10,0.00,-0.00,0.00,-0.00,0.00,-0.00,19.00
17501.00,0.07,0.26,-0.09,0.01,-0.01,-0.02,0.00,0.00,0.00,0.00,-0.00,0.00,0.00,0.00,0.00,10.00
17511.00,0.07,0.26,-0.09,0.01,-0.01,-0.02,0.00,0.00,0.00,0.00,-0.00,0.00,0.00,0.00,-0.00,10.00
17521.00,0.07,0.26,-0.09,0.01,-0.01,-0.02,0.00,0.00,0.00,0.00,-0.00,0.00,0.00,0.00,0.00,10.00
17531.00,0.07,0.27,-0.09,-0.00,0.01,-0.02,-1.10,1.40,-0.30,0.00,-0.00,0.00,0.00,0.00,-0.00,21.00
17552.00,0.07,0.27,-0.09,-0.00,0.01,-0.02,0.00,0.00,0.00,0.00,-0.00,0.00,0.00,0.00,-0.00,10.00
17562.00,0.07,0.27,-0.09,-0.00,0.01,-0.02,0.00,0.00,0.00,0.00,-0.00,0.00,-0.00,0.00,0.00,10.00
17572.00,0.07,0.27,-0.09,-0.00,0.01,-0.02,0.00,0.00,0.00,0.00,-0.00,0.00,0.00,0.00,-0.00,10.00
17586.00,0.07,0.28,-0.10,-0.01,0.00,-0.01,-0.57,-0.43,0.71,0.00,-0.00,0.00,0.00,0.00,-0.00,17.00
17603.00,0.07,0.28,-0.10,-0.01,0.00,-0.01,0.00,0.00,0.00,0.00,-0.00,0.00,-0.00,-0.00,0.00,10.00
17613.00,0.07,0.28,-0.10,-0.01,0.00,-0.01,0.00,0.00,0.00,0.00,-0.00,0.00,0.00,0.00,0.00,10.00
17623.00,0.07,0.28,-0.10,-0.01,0.00,-0.01,0.00,0.00,0.00,0.00,-0.00,0.00,0.00,0.00,-0.00,10.00
17633.00,0.07,0.29,-0.09,0.03,0.01,-0.01,3.60,0.80,-0.20,0.00,-0.00,0.00,0.00,-0.00,-0.00,19.00
17652.00,0.07,0.29,-0.09,0.03,0.01,-0.01,0.00,0.00,0.00,0.00,-0.00,0.00,0.00,-0.00,-0.00,10.00
17662.00,0.07,0.29,-0.09,0.03,0.01,-0.01,0.00,0.00,0.00,0.00,-0.00,0.00,0.00,0.00,0.00,10.00
17672.00,0.07,0.29,-0.09,0.03,0.01,-0.01,0.00,0.00,0.00,0.00,-0.00,0.00,-0.00,-0.00,0.00,10.00
17682.00,0.07,0.29,-0.09,0.03,0.01,-0.01,0.00,0.00,0.00,0.00,-0.00,0.00,0.00,0.00,0.00,10.00
17692.00,0.07,0.29,-0.09,0.03,0.01,-0.01,0.00,0.00,0.00,0.00,-0.00,0.00,-0.00,0.00,0.00,10.00
17706.00,0.07,0.29,-0.09,0.02,0.00,-0.01,-0.36,-0.79,0.00,0.00,-0.00,0.00,0.00,-0.00,0.00,17.00
17723.00,0.07,0.29,-0.09,0.02,0.00,-0.01,0.00,0.00,0.00,0.00,-0.00,0.00,-0.00,-0.00,0.00,10.00
17733.00,0.07,0.29,-0.09,0.02,0.00,-0.01,0.00,0.00,0.00,0.00,-0.00,0.00,-0.00,-0.00,0.00,10.00
17743.00,0.07,0.29,-0.09,0.02,0.00,-0.01,0.00,0.00,0.00,0.00,-0.00,0.00,0.00,0.00,-0.00,10.00
17753.00,0.07,0.30,-0.09,-0.00,-0.01,-0.02,-2.10,-0.50,-0.40,0.00,-0.00,0.00,0.00,-0.00,-0.00,18.00
17771.00,0.07,0.30,-0.09,-0.00,-0.01,-0.02,0.00,0.00,0.00,0.00,-0.00,0.00,-0.00,-0.00,0.00,10.00
17781.00,0.07,0.30,-0.09,-0.00,-0.01,-0.02,0.00,0.00,0.00,0.00,-0.00,0.00,-0.00,-0.00,-0.00,10.00
17791.00,0.07,0.30,-0.09,-0.00,-0.01,-0.02,0.00,0.00,0.00,0.00,-0.00,0.00,-0.00,-0.01,-0.00,10.00
17801.00,0.07,0.30,-0.09,0.00,0.00,-0.02,0.20,0.80,0.00,0.00,-0.00,0.00,0.00,-0.00,0.00,19.00
17820.00,0.07,0.30,-0.09,0.00,0.00,-0.02,0.00,0.00,0.00,0.00,-0.00,0.00,-0.00,0.00,0.00,10.00
17834.00,0.07,0.30,-0.09,0.00,0.00,-0.02,0.00,0.00,0.00,0.00,-0.00,0.00,0.00,0.00,-0.00,10.00
17844.00,0.07,0.30,-0.09,0.00,0.00,-0.02,0.00,0.00,0.00,0.00,-0.00,0.00,-0.00,0.00,-0.00,10.00
17854.00,0.08,0.31,-0.09,0.03,0.01,-0.01,3.10,0.40,0.60,0.00,-0.00,0.00,-0.00,0.00,0.00,18.00
17872.00,0.08,0.31,-0.09,0.03,0.01,-0.01,0.00,0.00,0.00,0.00,-0.00,0.00,0.00,0.00,-0.00,10.00
17882.00,0.08,0.31,-0.09,0.03,0.01,-0.01,0.00,0.00,0.00,0.00,-0.00,0.00,0.00,0.00,0.00,10.00
17892.00,0.08,0.32,-0.09,0.01,-0.03,-0.01,-2.40,-4.10,0.00,0.00,-0.00,0.00,0.00,0.00,0.00,17.00
17909.00,0.08,0.32,-0.09,0.01,-0.03,-0.01,0.00,0.00,0.00,0.00,-0.00,0.00,-0.00,-0.00,0.00,10.00
17919.00,0.08,0.32,-0.09,0.01,-0.03,-0.01,0.00,0.00,0.00,0.00,-0.00,0.00,0.00,-0.00,0.00,10.00
17929.00,0.08,0.32,-0.09,0.01,-0.03,-0.01,0.00,0.00,0.00,0.00,-0.00,0.00,-0.00,-0.00,0.00,10.00
17939.00,0.08,0.32,-0.08,0.01,-0.02,-0.01,0.00,1.40,0.10,0.00,-0.00,0.00,0.00,0.00,0.00,16.00
17964.00,0.08,0.32,-0.08,0.01,-0.02,-0.01,0.00,0.00,0.00,0.00,-0.00,0.00,0.00,-0.00,-0.00,10.00
17974.00,0.08,0.32,-0.08,0.01,-0.02,-0.01,0.00,0.00,0.00,0.00,-0.00,0.00,-0.00,-0.00,0.00,10.00
17984.00,0.08,0.32,-0.08,0.01,-0.02,-0.01,0.00,0.00,0.00,0.00,-0.00,0.00,0.00,-0.00,0.00,10.00
17994.00,0.08,0.32,-0.08,0.01,-0.02,-0.01,0.00,0.00,0.00,0.00,-0.00,0.00,-0.00,0.00,0.00,10.00
18004.00,0.08,0.33,-0.08,-0.01,0.01,-0.02,-1.60,3.20,-0.60,0.00,-0.00,0.00,-0.00,-0.00,0.00,18.00
18022.00,0.08,0.33,-0.08,-0.01,0.01,-0.02,0.00,0.00,0.00,0.00,-0.00,0.00,0.00,0.00,0.00,10.00
18032.00,0.08,0.33,-0.08,-0.01,0.01,-0.02,0.00,0.00,0.00,0.00,-0.00,0.00,-0.00,0.00,-0.00,10.00
18042.00,0.08,0.33,-0.08,-0.01,0.01,-0.02,0.00,0.00,0.00,0.00,-0.00,0.00,-0.00,0.00,-0.00,10.00
18052.00,0.08,0.34,-0.08,0.01,0.01,-0.02,1.30,-0.60,-0.10,0.00,-0.00,0.00,0.00,0.00,0.00,19.00
18071.00,0.08,0.34,-0.08,0.01,0.01,-0.02,0.00,0.00,0.00,0.00,-0.00,0.00,-0.00,-0.00,0.00,10.00
18086.00,0.08,0.34,-0.08,-0.00,-0.01,-0.01,-0.40,-1.27,0.33,0.00,-0.00,0.00,-0.00,-0.00,-0.00,18.00
18104.00,0.08,0.34,-0.08,-0.00,-0.01,-0.01,0.00,0.00,0.00,0.00,-0.00,0.00,-0.00,0.00,0.00,10.00
18114.00,0.08,0.34,-0.08,-0.00,-0.01,-0.01,0.00,0.00,0.00,0.00,-0.00,0.00,-0.00,-0.00,0.00,10.00
18124.00,0.08,0.34,-0.08,-0.00,-0.01,-0.01,0.00,0.00,0.00,0.00,-0.00,0.00,0.00,-0.00,0.00,10.00
18134.00,0.08,0.35,-0.07,0.00,0.03,-0.02,0.10,4.20,-0.30,0.00,-0.00,0.00,-0.00,0.00,0.00,18.00
18152.00,0.08,0.35,-0.07,0.00,0.03,-0.02,0.00,0.00,0.00,0.00,-0.00,0.00,-0.00,0.00,0.00,10.00
18162.00,0.08,0.35,-0.07,0.00,0.03,-0.02,0.00,0.00,0.00,0.00,-0.00,0.00,0.00,0.00,0.00,10.00
18172.00,0.08,0.35,-0.07,0.00,0.03,-0.02,0.00,0.00,0.00,0.00,-0.00,0.00,-0.00,0.00,0.00,10.00
18182.00,0.08,0.35,-0.07,0.00,0.03,-0.02,0.00,0.00,0.00,0.00,-0.00,0.00,0.00,0.00,0.00,10.00
18192.00,0.08,0.35,-0.07,0.00,0.03,-0.02,0.00,0.00,0.00,0.00,-0.00,0.00,-0.00,0.00,0.00,10.00
18206.00,0.08,0.35,-0.07,0.02,-0.01,-0.01,1.50,-2.57,0.14,0.00,-0.00,0.00,-0.00,-0.00,0.00,18.00
18224.00,0.08,0.35,-0.07,0.02,-0.01,-0.01,0.00,0.00,0.00,0.00,-0.00,0.00,0.00,-0.00,0.00,10.00
18234.00,0.08,0.36,-0.07,0.01,-0.00,-0.01,-1.60,0.40,0.20,-0.00,-0.00,0.00,-0.00,0.00,0.00,18.00
18252.00,0.08,0.36,-0.07,0.01,-0.00,-0.01,0.00,0.00,0.00,0.00,-0.00,0.00,0.00,-0.00,-0.00,10.00
18262.00,0.08,0.36,-0.07,0.01,-0.00,-0.01,0.00,0.00,0.00,0.00,-0.00,0.00,0.00,0.00,0.00,10.00
18272.00,0.08,0.36,-0.07,0.01,-0.00,-0.01,0.00,0.00,0.00,0.00,-0.00,0.00,0.00,0.00,0.00,10.00
18282.00,0.08,0.37,-0.07,-0.02,-0.01,-0.01,-2.50,-0.60,-0.30,0.00,-0.00,0.00,-0.00,0.00,0.00,20.00
18302.00,0.08,0.37,-0.07,-0.02,-0.01,-0.01,0.00,0.00,0.00,0.00,-0.00,0.00,0.00,-0.00,0.00,10.00
18312.00,0.08,0.37,-0.07,-0.02,-0.01,-0.01,0.00,0.00,0.00,0.00,-0.00,0.00,0.00,-0.00,0.00,10.00
18322.00,0.08,0.37,-0.07,-0.02,-0.01,-0.01,0.00,0.00,0.00,0.00,-0.00,0.00,0.00,-0.00,0.00,10.00
18337.00,0.08,0.37,-0.07,-0.01,0.01,-0.01,0.53,1.07,0.00,0.00,-0.00,0.00,-0.00,-0.00,0.00,17.00
18354.00,0.08,0.37,-0.07,-0.01,0.01,-0.01,0.00,0.00,0.00,0.00,-0.00,0.00,-0.00,-0.00,0.00,10.00
18364.00,0.08,0.37,-0.07,-0.01,0.01,-0.01,0.00,0.00,0.00,0.00,-0.00,0.00,-0.00,-0.00,0.00,10.00
18374.00,0.08,0.37,-0.07,-0.01,0.01,-0.01,0.00,0.00,0.00,0.00,-0.00,0.00,0.00,-0.00,0.00,10.00
18384.00,0.08,0.38,-0.07,-0.00,0.01,-0.01,0.90,-0.10,0.40,0.00,-0.00,0.00,-0.00,-0.00,-0.00,19.00
18403.00,0.08,0.38,-0.07,-0.00,0.01,-0.01,0.00,0.00,0.00,0.00,-0.00,0.00,0.00,0.00,0.00,10.00
18413.00,0.08,0.38,-0.07,-0.00,0.01,-0.01,0.00,0.00,0.00,0.00,-0.00,0.00,0.00,-0.00,-0.00,10.00
18423.00,0.08,0.38,-0.07,-0.00,0.01,-0.01,0.00,0.00,0.00,0.00,-0.00,0.00,0.00,-0.00,-0.00,10.00
18433.00,0.08,0.38,-0.06,-0.02,0.01,-0.01,-1.20,0.20,0.20,0.00,-0.00,0.00,-0.00,-0.00,0.00,19.00
18452.00,0.08,0.38,-0.06,-0.02,0.01,-0.01,0.00,0.00,0.00,0.00,-0.00,0.00,0.00,-0.00,0.00,10.00
18467.00,0.08,0.38,-0.06,-0.02,0.01,-0.01,0.00,0.00,0.00,0.00,-0.00,0.00,0.00,0.00,-0.00,10.00
18477.00,0.08,0.38,-0.06,-0.02,0.01,-0.01,0.00,0.00,0.00,0.00,-0.00,0.00,0.00,-0.00,0.00,10.00
18487.00,0.08,0.38,-0.06,-0.02,0.01,-0.01,0.00,0.00,0.00,0.00,-0.00,0.00,-0.00,-0.00,0.00,10.00
18497.00,0.08,0.39,-0.06,-0.02,-0.02,-0.01,-0.60,-2.70,-0.10,0.00,-0.00,0.00,-0.00,-0.00,0.00,17.00
18514.00,0.08,0.39,-0.06,-0.02,-0.02,-0.01,0.00,0.00,0.00,0.00,-0.00,0.00,-0.00,0.00,0.00,10.00
18524.00,0.08,0.39,-0.06,-0.02,-0.02,-0.01,0.00,0.00,0.00,0.00,-0.00,0.00,0.00,0.00,-0.00,10.00
18534.00,0.08,0.39,-0.06,-0.02,-0.02,-0.01,0.00,0.00,0.00,0.00,-0.00,0.00,0.00,0.00,-0.00,10.00
18544.00,0.08,0.39,-0.06,0.02,-0.00,-0.01,4.00,1.50,0.30,0.00,-0.00,0.00,0.00,-0.00,0.00,16.00
18560.00,0.08,0.39,-0.06,0.02,-0.00,-0.01,0.00,0.00,0.00,0.00,-0.00,0.00,-0.00,0.00,0.00,10.00
18570.00,0.08,0.39,-0.06,0.02,-0.00,-0.01,0.00,0.00,0.00,0.00,-0.00,0.00,0.00,0.00,0.00,10.00
18585.00,0.08,0.40,-0.06,0.01,0.04,-0.02,-0.87,2.87,-0.73,0.00,-0.00,0.00,0.00,-0.00,-0.00,19.00
18604.00,0.08,0.40,-0.06,0.01,0.04,-0.02,0.00,0.00,0.00,0.00,-0.00,0.00,-0.00,0.00,0.00,10.00
18614.00,0.08,0.40,-0.06,0.01,0.04,-0.02,0.00,0.00,0.00,0.00,-0.00,0.00,0.00,-0.00,-0.00,10.00
18624.00,0.08,0.40,-0.06,0.01,0.04,-0.02,0.00,0.00,0.00,0.00,-0.00,0.00,-0.00,0.00,-0.00,10.00
18634.00,0.08,0.40,-0.06,0.01,0.04,-0.02,0.00,0.00,0.00,-0.00,-0.00,0.00,-0.00,0.00,0.00,10.00
18644.00,0.08,0.41,-0.05,-0.00,0.02,-0.02,-0.70,-2.10,-0.30,-0.00,-0.00,0.00,-0.00,-0.00,0.00,17.00
18661.00,0.08,0.41,-0.05,-0.00,0.02,-0.02,0.00,0.00,0.00,-0.00,-0.00,0.00,0.00,0.00,0.00,10.00
18671.00,0.08,0.41,-0.05,-0.00,0.02,-0.02,0.00,0.00,0.00,-0.00,-0.00,0.00,0.00,0.00,0.00,10.00
18681.00,0.08,0.41,-0.05,-0.00,0.02,-0.02,0.00,0.00,0.00,-0.00,-0.00,0.00,-0.00,0.00,-0.00,10.00
18691.00,0.08,0.41,-0.05,-0.00,0.02,-0.02,0.00,0.00,0.00,-0.00,-0.00,0.00,-0.00,0.00,0.00,10.00
18706.00,0.08,0.41,-0.05,-0.01,-0.01,-0.01,-0.87,-1.73,0.40,-0.00,-0.00,0.00,-0.00,0.00,0.00,18.00
18724.00,0.08,0.41,-0.05,-0.01,-0.01,-0.01,0.00,0.00,0.00,-0.00,-0.00,0.00,-0.00,0.00,0.00,10.00
18734.00,0.08,0.41,-0.05,-0.01,-0.01,-0.01,0.00,0.00,0.00,-0.00,-0.00,0.00,0.00,0.00,0.00,10.00
18744.00,0.09,0.41,-0.06,0.01,-0.04,-0.00,2.80,-3.00,1.20,-0.00,-0.00,0.00,0.00,-0.00,0.00,17.00
18761.00,0.09,0.41,-0.06,0.01,-0.04,-0.00,0.00,0.00,0.00,-0.00,-0.00,0.00,0.00,-0.00,0.00,10.00
18771.00,0.09,0.41,-0.06,0.01,-0.04,-0.00,0.00,0.00,0.00,-0.00,-0.00,0.00,0.00,0.00,0.00,10.00
18781.00,0.09,0.41,-0.06,0.01,-0.04,-0.00,0.00,0.00,0.00,-0.00,-0.00,0.00,-0.00,0.00,0.00,10.00
18791.00,0.09,0.41,-0.06,0.01,-0.04,-0.00,0.00,0.00,0.00,-0.00,-0.00,0.00,-0.00,-0.00,0.00,10.00
18801.00,0.09,0.41,-0.07,0.02,-0.01,0.01,0.50,2.40,0.90,-0.00,-0.00,0.00,0.00,0.00,0.00,16.00
18817.00,0.09,0.41,-0.07,0.02,-0.01,0.01,0.00,0.00,0.00,-0.00,-0.00,0.00,-0.00,-0.00,0.00,10.00
18831.00,0.09,0.41,-0.07,0.02,-0.01,0.01,0.00,0.00,0.00,-0.00,-0.00,0.00,0.00,-0.00,-0.00,10.00
18841.00,0.09,0.41,-0.07,0.02,-0.01,0.01,0.00,0.00,0.00,-0.00,-0.00,0.00,0.00,-0.00,-0.00,10.00
18851.00,0.09,0.41,-0.06,0.03,0.02,0.00,0.90,3.80,-0.60,-0.00,-0.00,0.00,0.00,-0.00,0.00,17.00
18868.00,0.09,0.41,-0.06,0.03,0.02,0.00,0.00,0.00,0.00,-0.00,-0.00,0.00,-0.00,0.00,0.00,10.00
18878.00,0.09,0.41,-0.06,0.03,0.02,0.00,0.00,0.00,0.00,-0.00,-0.00,0.00,-0.00,-0.00,0.00,10.00
18888.00,0.09,0.41,-0.06,0.03,0.02,0.00,0.00,0.00,0.00,-0.00,-0.00,0.00,-0.00,-0.00,0.00,10.00
18898.00,0.09,0.42,-0.06,0.01,0.04,-0.00,-2.10,1.20,-0.40,-0.00,-0.00,0.00,-0.00,0.00,0.00,17.00
18915.00,0.09,0.42,-0.06,0.01,0.04,-0.00,0.00,0.00,0.00,-0.00,-0.00,0.00,0.00,0.00,0.00,10.00
18925.00,0.09,0.42,-0.06,0.01,0.04,-0.00,0.00,0.00,0.00,-0.00,-0.00,0.00,0.00,0.00,0.00,10.00
18935.00,0.09,0.42,-0.07,-0.06,0.04,-0.00,-6.50,0.40,0.20,-0.00,-0.00,0.00,0.00,0.00,0.00,19.00
18963.00,0.09,0.42,-0.07,-0.06,0.04,-0.00,0.00,0.00,0.00,-0.00,-0.00,0.00,0.00,-0.00,-0.00,10.00
18973.00,0.09,0.42,-0.07,-0.06,0.04,-0.00,0.00,0.00,0.00,-0.00,-0.00,0.00,-0.00,-0.00,-0.00,10.00
18983.00,0.09,0.42,-0.07,-0.06,0.04,-0.00,0.00,0.00,0.00,-0.00,-0.00,0.00,-0.00,-0.00,-0.00,10.00
18993.00,0.09,0.43,-0.06,-0.05,-0.01,0.00,0.50,-4.50,0.20,-0.00,-0.00,0.00,0.00,0.00,-0.00,16.00
19009.00,0.09,0.43,-0.06,-0.05,-0.01,0.00,0.00,0.00,0.00,-0.00,-0.00,0.00,0.00,0.00,0.00,10.00
19019.00,0.09,0.43,-0.06,-0.05,-0.01,0.00,0.00,0.00,0.00,-0.00,-0.00,0.00,-0.00,0.00,-0.00,10.00
19029.00,0.09,0.43,-0.06,-0.05,-0.01,0.00,0.00,0.00,0.00,-0.00,-0.00,0.00,-0.00,0.00,-0.00,10.00
19039.00,0.09,0.43,-0.06,-0.03,-0.04,-0.00,2.60,-3.70,-0.30,-0.00,-0.00,0.00,0.00,0.00,0.00,16.00
19055.00,0.09,0.43,-0.06,-0.03,-0.04,-0.00,0.00,0.00,0.00,-0.00,-0.00,0.00,-0.00,0.00,-0.00,10.00
19065.00,0.09,0.43,-0.06,-0.03,-0.04,-0.00,0.00,0.00,0.00,-0.00,-0.00,0.00,0.00,0.00,0.00,10.00
19080.00,0.09,0.43,-0.06,-0.03,-0.04,-0.00,0.00,0.00,0.00,-0.00,-0.00,0.00,0.00,0.00,0.00,10.00
19090.00,0.09,0.43,-0.05,0.03,-0.08,-0.01,6.00,-4.10,-0.90,-0.00,-0.00,0.00,0.00,-0.00,-0.00,16.00
19106.00,0.09,0.43,-0.05,0.03,-0.08,-0.01,0.00,0.00,0.00,-0.00,-0.00,0.00,-0.00,-0.00,0.00,10.00
19116.00,0.09,0.43,-0.05,0.03,-0.08,-0.01,0.00,0.00,0.00,-0.00,-0.00,0.00,0.00,-0.00,0.00,10.00
19126.00,0.09,0.43,-0.05,0.03,-0.08,-0.01,0.00,0.00,0.00,-0.00,-0.00,0.00,0.00,0.00,0.00,10.00
19136.00,0.10,0.44,-0.05,0.04,-0.03,-0.01,1.10,4.90,0.00,-0.00,-0.00,0.00,-0.00,-0.00,0.00,19.00
19155.00,0.10,0.44,-0.05,0.04,-0.03,-0.01,0.00,0.00,0.00,-0.00,-0.00,0.00,0.00,0.00,-0.00,10.00
19165.00,0.10,0.44,-0.05,0.04,-0.03,-0.01,0.00,0.00,0.00,-0.00,-0.00,0.00,0.00,-0.00,0.00,10.00
19175.00,0.10,0.44,-0.05,0.04,-0.03,-0.01,0.00,0.00,0.00,-0.00,-0.00,0.00,0.00,0.00,0.00,10.00
19185.00,0.10,0.44,-0.05,0.04,0.02,-0.01,-0.90,5.00,-0.10,-0.00,-0.00,0.00,0.00,0.00,0.00,20.00
19209.00,0.10,0.44,-0.05,0.04,0.02,-0.01,0.00,0.00,0.00,-0.00,-0.00,0.00,0.00,0.00,0.00,10.00
19219.00,0.10,0.44,-0.05,0.04,0.02,-0.01,0.00,0.00,0.00,-0.00,-0.00,0.00,0.00,-0.00,0.00,10.00
19229.00,0.10,0.44,-0.05,0.04,0.02,-0.01,0.00,0.00,0.00,-0.00,-0.00,0.00,0.00,0.00,-0.00,10.00
19239.00,0.10,0.44,-0.05,0.04,0.02,-0.01,0.00,0.00,0.00,-0.00,-0.00,0.00,0.00,0.00,-0.00,10.00
19249.00,0.10,0.45,-0.05,-0.01,0.05,-0.01,-4.60,2.90,0.10,-0.00,-0.00,0.00,0.00,0.00,0.00,16.00
19265.00,0.10,0.45,-0.05,-0.01,0.05,-0.01,0.00,0.00,0.00,-0.00,-0.00,0.00,-0.00,0.01,0.00,10.00
19275.00,0.10,0.45,-0.05,-0.01,0.05,-0.01,0.00,0.00,0.00,-0.00,-0.00,0.00,-0.00,0.00,-0.00,10.00
19285.00,0.10,0.45,-0.05,-0.01,0.02,-0.00,0.20,-2.50,1.00,-0.00,-0.00,0.00,0.00,0.00,-0.00,19.00
19304.00,0.10,0.45,-0.05,-0.01,0.02,-0.00,0.00,0.00,0.00,-0.00,-0.00,0.00,0.00,-0.00,0.00,10.00
19314.00,0.10,0.45,-0.05,-0.01,0.02,-0.00,0.00,0.00,0.00,-0.00,-0.00,0.00,0.00,-0.00,-0.00,10.00
19329.00,0.10,0.45,-0.05,-0.01,0.02,-0.00,0.00,0.00,0.00,-0.00,-0.00,0.00,0.00,0.00,0.00,10.00
19339.00,0.10,0.44,-0.06,-0.00,-0.03,0.01,0.50,-5.10,0.90,-0.00,-0.00,0.00,0.00,0.00,-0.00,17.00
19356.00,0.10,0.44,-0.06,-0.00,-0.03,0.01,0.00,0.00,0.00,-0.00,-0.00,0.00,-0.00,-0.00,0.00,10.00
19366.00,0.10,0.44,-0.06,-0.00,-0.03,0.01,0.00,0.00,0.00,-0.00,-0.00,0.00,-0.00,-0.00,0.00,10.00
19376.00,0.10,0.44,-0.06,-0.00,-0.03,0.01,0.00,0.00,0.00,-0.00,-0.00,0.00,0.00,-0.00,0.00,10.00
19386.00,0.10,0.44,-0.06,-0.00,-0.03,0.01,0.00,0.00,0.00,-0.00,-0.00,0.00,0.00,-0.00,0.00,10.00
19396.00,0.10,0.45,-0.06,0.01,0.01,0.00,1.10,3.90,-0.80,-0.00,-0.00,0.00,0.00,0.00,0.00,16.00
19412.00,0.10,0.45,-0.06,0.01,0.01,0.00,0.00,0.00,0.00,-0.00,-0.00,0.00,0.00,-0.00,0.00,10.00
19422.00,0.10,0.45,-0.06,0.01,0.01,0.00,0.00,0.00,0.00,-0.00,-0.00,0.00,0.00,0.00,0.00,10.00
19432.00,0.10,0.45,-0.06,0.01,0.01,0.00,0.00,0.00,0.00,-0.00,-0.00,0.00,0.00,0.00,0.00,10.00
19446.00,0.11,0.45,-0.06,0.03,-0.01,0.00,1.36,-1.57,0.14,-0.00,-0.00,0.00,0.00,-0.00,0.00,18.00
19464.00,0.11,0.45,-0.06,0.03,-0.01,0.00,0.00,0.00,0.00,-0.00,-0.00,0.00,-0.00,-0.00,0.00,10.00
19474.00,0.11,0.45,-0.06,0.03,-0.01,0.00,0.00,0.00,0.00,-0.00,-0.00,0.00,0.00,-0.00,0.00,10.00
19484.00,0.11,0.46,-0.06,0.02,0.00,0.00,-0.50,1.80,0.20,-0.00,-0.00,0.00,0.00,-0.00,0.00,19.00
19503.00,0.11,0.46,-0.06,0.02,0.00,0.00,0.00,0.00,0.00,-0.00,-0.00,0.00,-0.00,0.00,-0.00,10.00
19513.00,0.11,0.46,-0.06,0.02,0.00,0.00,0.00,0.00,0.00,-0.00,-0.00,0.00,-0.00,0.00,0.00,10.00
19523.00,0.11,0.46,-0.06,0.02,0.00,0.00,0.00,0.00,0.00,-0.00,-0.00,0.00,0.00,-0.00,-0.00,10.00
19533.00,0.11,0.46,-0.06,0.02,0.00,0.00,0.00,0.00,0.00,-0.00,-0.00,0.00,0.00,0.00,0.00,10.00
19543.00,0.11,0.46,-0.06,-0.02,-0.01,0.00,-3.60,-1.20,0.00,-0.00,-0.00,0.00,0.00,-0.00,0.00,17.00
19560.00,0.11,0.46,-0.06,-0.02,-0.01,0.00,0.00,0.00,0.00,-0.00,-0.00,0.00,0.00,0.00,0.00,10.00
19575.00,0.11,0.46,-0.06,-0.02,-0.01,0.00,0.00,0.00,0.00,-0.00,-0.00,0.00,0.00,0.00,0.00,10.00
19585.00,0.11,0.46,-0.06,-0.01,-0.01,0.01,0.50,0.10,0.50,0.00,-0.00,0.00,0.00,0.00,-0.00,20.00
19605.00,0.11,0.46,-0.06,-0.01,-0.01,0.01,0.00,0.00,0.00,0.00,-0.00,0.00,0.00,0.00,-0.00,10.00
19615.00,0.11,0.46,-0.06,-0.01,-0.01,0.01,0.00,0.00,0.00,0.00,-0.00,0.00,0.00,0.00,-0.00,10.00
19625.00,0.11,0.46,-0.06,-0.01,-0.01,0.01,0.00,0.00,0.00,0.00,-0.00,0.00,0.00,0.00,-0.00,10.00
19635.00,0.11,0.46,-0.06,-0.04,-0.01,0.01,-2.80,-0.10,-0.40,0.00,-0.00,0.00,0.00,0.00,-0.00,19.00
19654.00,0.11,0.46,-0.06,-0.04,-0.01,0.01,0.00,0.00,0.00,0.00,-0.00,0.00,0.00,0.00,-0.00,10.00
19664.00,0.11,0.46,-0.06,-0.04,-0.01,0.01,0.00,0.00,0.00,0.00,-0.00,0.00,0.00,0.00,-0.00,10.00
19674.00,0.11,0.46,-0.06,-0.04,-0.01,0.01,0.00,0.00,0.00,0.00,-0.00,0.00,0.00,0.00,-0.00,10.00
19684.00,0.11,0.46,-0.06,-0.04,-0.01,0.01,0.00,0.00,0.00,0.00,-0.00,0.00,0.00,0.00,0.00,10.00
19699.00,0.11,0.47,-0.06,-0.01,-0.01,0.00,1.87,-0.20,-0.13,0.00,-0.00,0.00,0.00,0.00,-0.00,18.00
19717.00,0.11,0.47,-0.06,-0.01,-0.01,0.00,0.00,0.00,0.00,0.00,-0.00,0.00,0.00,0.00,-0.00,10.00
19727.00,0.11,0.47,-0.06,-0.01,-0.01,0.00,0.00,0.00,0.00,0.00,-0.00,0.00,0.00,0.00,-0.00,10.00
19737.00,0.11,0.47,-0.06,-0.00,-0.02,0.00,0.90,-0.80,0.00,0.00,-0.00,0.00,0.00,-0.00,-0.00,18.00
19755.00,0.11,0.47,-0.06,-0.00,-0.02,0.00,0.00,0.00,0.00,0.00,-0.00,0.00,0.00,-0.00,0.00,10.00
19765.00,0.11,0.47,-0.06,-0.00,-0.02,0.00,0.00,0.00,0.00,0.00,-0.00,0.00,0.00,0.00,0.00,10.00
19775.00,0.11,0.47,-0.06,-0.00,-0.02,0.00,0.00,0.00,0.00,0.00,-0.00,0.00,0.00,-0.00,0.00,10.00
19785.00,0.11,0.47,-0.06,-0.00,-0.02,0.00,0.00,0.00,0.00,0.00,-0.00,0.00,0.00,-0.00,0.00,10.00
19795.00,0.11,0.47,-0.06,-0.01,0.00,0.00,-1.10,1.90,0.10,0.00,-0.00,0.00,0.00,0.00,0.00,15.00
19810.00,0.11,0.47,-0.06,-0.01,0.00,0.00,0.00,0.00,0.00,0.00,-0.00,0.00,-0.00,0.00,-0.00,10.00
19824.00,0.11,0.47,-0.06,-0.01,0.00,0.00,0.00,0.00,0.00,0.00,-0.00,0.00,0.00,0.00,-0.00,10.00
19834.00,0.11,0.47,-0.06,-0.01,0.00,0.00,0.00,0.00,0.00,0.00,-0.00,0.00,0.00,0.00,-0.00,10.00
19844.00,0.12,0.47,-0.06,0.03,0.01,0.00,4.40,1.00,-0.30,0.00,-0.00,0.00,0.00,0.00,-0.00,16.00
19860.00,0.12,0.47,-0.06,0.03,0.01,0.00,0.00,0.00,0.00,0.00,-0.00,0.00,0.00,0.00,0.00,10.00
19870.00,0.12,0.47,-0.06,0.03,0.01,0.00,0.00,0.00,0.00,0.00,-0.00,0.00,0.00,0.00,-0.00,10.00
19880.00,0.12,0.47,-0.06,0.03,0.01,0.00,0.00,0.00,0.00,0.00,-0.00,0.00,0.00,0.00,-0.00,10.00
19890.00,0.12,0.47,-0.06,0.02,0.01,0.01,-1.30,-0.30,0.50,0.00,-0.00,0.00,0.00,0.00,-0.00,17.00
19907.00,0.12,0.47,-0.06,0.02,0.01,0.01,0.00,0.00,0.00,0.00,-0.00,0.00,0.00,0.00,-0.00,10.00
19917.00,0.12,0.47,-0.06,0.02,0.01,0.01,0.00,0.00,0.00,0.00,-0.00,0.00,0.00,0.00,-0.00,10.00
19927.00,0.12,0.47,-0.06,0.02,0.01,0.01,0.00,0.00,0.00,0.00,-0.00,0.00,0.00,-0.00,-0.00,10.00
19942.00,0.12,0.48,-0.06,0.00,-0.00,0.00,-1.13,-0.53,-0.13,0.00,-0.00,0.00,0.00,0.00,-0.00,17.00
19959.00,0.12,0.48,-0.06,0.00,-0.00,0.00,0.00,0.00,0.00,0.00,-0.00,0.00,-0.00,0.00,-0.00,10.00
19969.00,0.12,0.48,-0.06,0.00,-0.00,0.00,0.00,0.00,0.00,0.00,-0.00,0.00,-0.00,0.00,0.00,10.00
19979.00,0.12,0.48,-0.06,0.00,-0.00,0.00,0.00,0.00,0.00,0.00,-0.00,0.00,0.00,0.00,-0.00,10.00
19989.00,0.12,0.48,-0.06,-0.01,0.01,0.00,-1.30,1.50,-0.40,0.00,-0.00,0.00,0.00,0.00,-0.00,19.00
20008.00,0.12,0.48,-0.06,-0.01,0.01,0.00,0.00,0.00,0.00,0.00,-0.00,0.00,0.00,0.00,0.00,10.00
20018.00,0.12,0.48,-0.06,-0.01,0.01,0.00,0.00,0.00,0.00,0.00,-0.00,0.00,0.00,0.00,0.00,10.00
20028.00,0.12,0.48,-0.06,-0.01,0.01,0.00,0.00,0.00,0.00,0.00,-0.00,0.00,0.00,0.00,-0.00,10.00
20038.00,0.12,0.48,-0.06,-0.01,0.01,0.00,0.00,0.00,0.00,0.00,-0.00,0.00,0.00,0.00,-0.00,10.00
20048.00,0.12,0.49,-0.05,0.00,0.01,-0.01,1.30,-0.50,-0.80,0.00,-0.00,0.00,0.00,-0.00,-0.00,18.00
20075.00,0.12,0.49,-0.05,0.00,0.01,-0.01,0.00,0.00,0.00,0.00,-0.00,0.00,0.00,0.00,0.00,10.00
20085.00,0.12,0.49,-0.05,0.00,0.01,-0.01,0.00,0.00,0.00,0.00,-0.00,0.00,0.00,0.00,0.00,10.00
20095.00,0.12,0.49,-0.06,0.01,0.00,0.00,1.00,-0.70,0.80,0.00,-0.00,0.00,0.00,-0.00,0.00,17.00
20112.00,0.12,0.49,-0.06,0.01,0.00,0.00,0.00,0.00,0.00,0.00,-0.00,0.00,-0.00,-0.00,-0.00,10.00
20122.00,0.12,0.49,-0.06,0.01,0.00,0.00,0.00,0.00,0.00,0.00,-0.00,0.00,0.00,0.00,0.00,10.00
20132.00,0.12,0.49,-0.06,0.01,0.00,0.00,0.00,0.00,0.00,0.00,-0.00,0.00,-0.00,0.00,-0.00,10.00
20142.00,0.13,0.49,-0.06,0.01,0.01,-0.01,-0.70,0.30,-0.60,0.00,-0.00,0.00,0.00,0.00,0.00,17.00
20159.00,0.13,0.49,-0.06,0.01,0.01,-0.01,0.00,0.00,0.00,0.00,-0.00,0.00,0.00,-0.00,0.00,10.00
20169.00,0.13,0.49,-0.06,0.01,0.01,-0.01,0.00,0.00,0.00,0.00,-0.00,0.00,-0.00,0.00,-0.00,10.00
20179.00,0.13,0.49,-0.06,0.01,0.01,-0.01,0.00,0.00,0.00,0.00,-0.00,0.00,-0.00,0.00,0.00,10.00
20193.00,0.13,0.49,-0.06,-0.01,-0.01,-0.00,-1.36,-1.29,0.36,0.00,-0.00,0.00,-0.00,-0.00,0.00,16.00
20209.00,0.13,0.49,-0.06,-0.01,-0.01,-0.00,0.00,0.00,0.00,0.00,-0.00,0.00,-0.00,-0.00,0.00,10.00
20219.00,0.13,0.49,-0.06,-0.01,-0.01,-0.00,0.00,0.00,0.00,0.00,-0.00,0.00,-0.00,0.00,0.00,10.00
20229.00,0.13,0.49,-0.06,-0.01,-0.01,-0.00,0.00,0.00,0.00,0.00,-0.00,0.00,0.00,-0.00,-0.00,10.00
20239.00,0.13,0.49,-0.07,0.01,-0.03,0.01,2.20,-1.70,0.80,0.00,-0.00,0.00,0.00,0.00,-0.00,17.00
20257.00,0.13,0.49,-0.07,0.01,-0.03,0.01,0.00,0.00,0.00,0.00,-0.00,0.00,0.00,-0.00,0.00,10.00
20267.00,0.13,0.49,-0.07,0.01,-0.03,0.01,0.00,0.00,0.00,0.00,-0.00,0.00,0.00,0.00,-0.00,10.00
20277.00,0.13,0.49,-0.07,0.01,-0.03,0.01,0.00,0.00,0.00,0.00,-0.00,0.00,0.00,0.00,0.00,10.00
20287.00,0.13,0.49,-0.07,-0.02,-0.04,0.01,-2.70,-0.60,0.20,0.00,-0.00,0.00,-0.00,0.00,-0.00,18.00
20305.00,0.13,0.49,-0.07,-0.02,-0.04,0.01,0.00,0.00,0.00,0.00,-0.00,0.00,0.00,-0.00,0.00,10.00
20319.00,0.13,0.49,-0.07,-0.02,-0.04,0.01,0.00,0.00,0.00,0.00,-0.00,0.00,0.00,0.00,0.00,10.00
20329.00,0.13,0.49,-0.07,-0.02,-0.04,0.01,0.00,0.00,0.00,0.00,-0.00,0.00,-0.00,-0.00,0.00,10.00
20339.00,0.13,0.49,-0.07,-0.02,-0.04,0.01,0.00,0.00,0.00,0.00,-0.00,0.00,-0.00,0.00,-0.00,10.00
20349.00,0.13,0.49,-0.07,-0.01,-0.01,0.01,1.10,2.40,-0.20,0.00,-0.00,0.00,-0.00,0.00,0.00,19.00
20368.00,0.13,0.49,-0.07,-0.01,-0.01,0.01,0.00,0.00,0.00,0.00,-0.00,0.00,0.00,0.00,0.00,10.00
20378.00,0.13,0.49,-0.07,-0.01,-0.01,0.01,0.00,0.00,0.00,0.00,-0.00,0.00,-0.00,-0.00,0.00,10.00
20388.00,0.14,0.49,-0.07,0.02,0.01,0.01,2.60,1.80,0.00,0.00,-0.00,0.00,-0.00,-0.00,0.00,18.00
20406.00,0.14,0.49,-0.07,0.02,0.01,0.01,0.00,0.00,0.00,0.00,-0.00,0.00,-0.00,0.00,0.00,10.00
20416.00,0.14,0.49,-0.07,0.02,0.01,0.01,0.00,0.00,0.00,0.00,-0.00,0.00,0.00,0.00,0.00,10.00
20426.00,0.14,0.49,-0.07,0.02,0.01,0.01,0.00,0.00,0.00,0.00,-0.00,0.00,0.00,-0.00,0.00,10.00
20441.00,0.14,0.49,-0.07,0.02,0.02,0.01,0.07,0.73,-0.07,0.00,-0.00,0.00,0.00,0.00,0.00,18.00
20459.00,0.14,0.49,-0.07,0.02,0.02,0.01,0.00,0.00,0.00,0.00,-0.00,0.00,-0.00,-0.00,0.00,10.00
20469.00,0.14,0.49,-0.07,0.02,0.02,0.01,0.00,0.00,0.00,0.00,-0.00,0.00,-0.00,0.00,-0.00,10.00
20479.00,0.14,0.49,-0.07,0.02,0.02,0.01,0.00,0.00,0.00,0.00,-0.00,0.00,0.00,0.00,-0.00,10.00
20489.00,0.14,0.49,-0.07,0.04,-0.03,-0.00,2.40,-4.90,-0.70,0.00,-0.00,0.00,0.00,0.00,0.00,19.00
20508.00,0.14,0.49,-0.07,0.04,-0.03,-0.00,0.00,0.00,0.00,0.00,-0.00,0.00,0.00,0.00,0.00,10.00
20518.00,0.14,0.49,-0.07,0.04,-0.03,-0.00,0.00,0.00,0.00,0.00,-0.00,0.00,0.00,0.00,0.00,10.00
20529.00,0.14,0.49,-0.07,0.04,-0.03,-0.00,0.00,0.00,0.00,0.00,-0.00,0.00,0.00,0.00,0.00,10.00
20539.00,0.14,0.49,-0.07,0.04,-0.03,-0.00,0.00,0.00,0.00,0.00,-0.00,0.00,-0.00,0.00,0.00,10.00
20549.00,0.16,0.50,-0.07,0.09,0.02,-0.01,4.90,4.80,-0.80,0.00,-0.00,0.00,-0.00,-0.00,0.00,17.00
20571.00,0.16,0.50,-0.07,0.09,0.02,-0.01,0.00,0.00,0.00,0.00,-0.00,0.00,-0.00,0.00,-0.00,10.00
20581.00,0.16,0.50,-0.07,0.09,0.02,-0.01,0.00,0.00,0.00,0.00,-0.00,0.00,-0.00,-0.00,0.00,10.00
20591.00,0.17,0.51,-0.07,0.10,0.02,-0.01,0.90,0.70,0.00,0.00,-0.00,0.00,-0.00,-0.00,0.00,17.00
20608.00,0.17,0.51,-0.07,0.10,0.02,-0.01,0.00,0.00,0.00,0.00,-0.00,0.00,0.00,0.00,0.00,10.00
20618.00,0.17,0.51,-0.07,0.10,0.02,-0.01,0.00,0.00,0.00,0.00,-0.00,0.00,0.00,-0.00,0.00,10.00
20628.00,0.17,0.51,-0.07,0.10,0.02,-0.01,0.00,0.00,0.00,0.00,-0.00,0.00,0.00,-0.00,0.00,10.00
20638.00,0.17,0.51,-0.07,0.01,0.02,-0.01,-9.50,-0.70,0.20,0.00,-0.00,0.00,0.00,0.00,-0.00,19.00
20657.00,0.17,0.51,-0.07,0.01,0.02,-0.01,0.00,0.00,0.00,0.00,-0.00,0.00,0.00,-0.00,0.00,10.00
20667.00,0.17,0.51,-0.07,0.01,0.02,-0.01,0.00,0.00,0.00,0.00,-0.00,0.00,0.00,-0.00,-0.00,10.00
20677.00,0.17,0.51,-0.07,0.01,0.02,-0.01,0.00,0.00,0.00,0.00,-0.00,0.00,-0.00,-0.00,-0.00,10.00
20692.00,0.16,0.51,-0.08,-0.11,-0.03,0.01,-7.40,-2.93,0.80,0.00,-0.00,0.00,-0.00,-0.00,-0.00,17.00
20709.00,0.16,0.51,-0.08,-0.11,-0.03,0.01,0.00,0.00,0.00,0.00,-0.00,0.00,0.00,-0.00,-0.00,10.00
20719.00,0.16,0.51,-0.08,-0.11,-0.03,0.01,0.00,0.00,0.00,0.00,-0.00,0.00,0.00,-0.00,-0.00,10.00
20729.00,0.16,0.51,-0.08,-0.11,-0.03,0.01,0.00,0.00,0.00,0.00,-0.00,0.00,-0.00,-0.00,-0.00,10.00
20739.00,0.16,0.50,-0.08,-0.14,-0.06,0.01,-3.90,-2.80,0.60,0.00,-0.00,0.00,-0.00,-0.00,-0.00,19.00
20758.00,0.16,0.50,-0.08,-0.14,-0.06,0.01,0.00,0.00,0.00,0.00,-0.00,0.00,-0.00,-0.00,-0.00,10.00
20768.00,0.16,0.50,-0.08,-0.14,-0.06,0.01,0.00,0.00,0.00,0.00,-0.00,0.00,0.00,0.00,-0.00,10.00
20778.00,0.16,0.50,-0.08,-0.14,-0.06,0.01,0.00,0.00,0.00,0.00,-0.00,0.00,-0.00,0.00,-0.00,10.00
20788.00,0.17,0.51,-0.07,-0.02,-0.02,0.00,12.30,3.60,-1.10,0.00,-0.00,0.00,-0.00,-0.00,0.00,20.00
20808.00,0.17,0.51,-0.07,-0.02,-0.02,0.00,0.00,0.00,0.00,0.00,-0.00,0.00,-0.00,0.00,-0.00,10.00
20822.00,0.17,0.51,-0.07,-0.02,-0.02,0.00,0.00,0.00,0.00,0.00,-0.00,0.00,-0.00,-0.00,-0.00,10.00
20832.00,0.17,0.51,-0.07,-0.02,-0.02,0.00,0.00,0.00,0.00,0.00,-0.00,0.00,0.00,-0.00,-0.00,10.00
20842.00,0.17,0.51,-0.07,0.07,-0.05,-0.01,8.90,-2.90,-0.50,0.00,-0.00,0.00,0.00,-0.00,-0.00,18.00
20860.00,0.17,0.51,-0.07,0.07,-0.05,-0.01,0.00,0.00,0.00,0.00,-0.00,0.00,-0.00,0.00,-0.00,10.00
20870.00,0.17,0.51,-0.07,0.07,-0.05,-0.01,0.00,0.00,0.00,0.00,-0.00,0.00,0.00,-0.00,-0.00,10.00
20880.00,0.17,0.51,-0.07,0.07,-0.05,-0.01,0.00,0.00,0.00,0.00,-0.00,0.00,0.00,0.00,-0.00,10.00
20890.00,0.18,0.51,-0.07,0.05,-0.07,0.00,-1.40,-1.90,0.60,0.00,-0.00,0.00,0.00,0.00,-0.00,19.00
20909.00,0.18,0.51,-0.07,0.05,-0.07,0.00,0.00,0.00,0.00,0.00,-0.00,0.00,0.00,0.00,0.00,10.00
20919.00,0.18,0.51,-0.07,0.05,-0.07,0.00,0.00,0.00,0.00,0.00,-0.00,0.00,-0.00,-0.00,-0.00,10.00
20929.00,0.18,0.51,-0.07,0.05,-0.07,0.00,0.00,0.00,0.00,0.00,-0.00,0.00,-0.00,-0.00,-0.00,10.00
20943.00,0.18,0.51,-0.08,0.04,-0.05,0.01,-0.71,1.36,0.50,0.00,-0.00,0.00,0.00,-0.01,-0.00,17.00
20960.00,0.18,0.51,-0.08,0.04,-0.05,0.01,0.00,0.00,0.00,0.00,-0.00,0.00,-0.00,-0.00,0.00,10.00
20970.00,0.18,0.51,-0.08,0.04,-0.05,0.01,0.00,0.00,0.00,0.00,-0.00,0.00,-0.00,-0.00,-0.00,10.00
20980.00,0.18,0.51,-0.08,0.04,-0.05,0.01,0.00,0.00,0.00,0.00,-0.00,0.00,0.00,-0.00,-0.00,10.00
20990.00,0.18,0.51,-0.08,0.04,-0.05,0.01,0.00,0.00,0.00,0.00,-0.00,0.00,0.00,-0.00,-0.00,10.00
21000.00,0.18,0.51,-0.08,0.03,0.02,0.01,-1.10,6.90,0.40,0.00,-0.00,0.00,0.00,-0.00,-0.00,18.00
21018.00,0.18,0.51,-0.08,0.03,0.02,0.01,0.00,0.00,0.00,0.00,-0.00,0.00,-0.00,-0.00,-0.00,10.00
21028.00,0.18,0.51,-0.08,0.03,0.02,0.01,0.00,0.00,0.00,0.00,-0.00,0.00,0.00,-0.00,0.00,10.00
21038.00,0.18,0.52,-0.08,-0.05,0.03,0.01,-8.50,0.80,-0.70,0.00,-0.00,0.00,-0.00,0.00,-0.00,19.00
21057.00,0.18,0.52,-0.08,-0.05,0.03,0.01,0.00,0.00,0.00,0.00,-0.00,0.00,0.00,-0.00,-0.00,10.00
21077.00,0.18,0.52,-0.08,-0.05,0.03,0.01,0.00,0.00,0.00,0.00,-0.00,0.00,0.00,-0.00,0.00,10.00
21087.00,0.18,0.53,-0.07,-0.06,0.02,-0.01,-0.30,-1.30,-1.50,0.00,-0.00,0.00,0.00,0.00,0.00,18.00
21105.00,0.18,0.53,-0.07,-0.06,0.02,-0.01,0.00,0.00,0.00,0.00,-0.00,0.00,0.00,0.00,0.00,10.00
21115.00,0.18,0.53,-0.07,-0.06,0.02,-0.01,0.00,0.00,0.00,0.00,-0.00,0.00,-0.00,0.00,0.00,10.00
21125.00,0.18,0.53,-0.07,-0.06,0.02,-0.01,0.00,0.00,0.00,0.00,-0.00,0.00,0.00,-0.00,-0.00,10.00
21135.00,0.18,0.53,-0.06,0.03,-0.05,-0.01,8.70,-6.40,-0.40,0.00,-0.00,0.00,0.00,0.00,0.00,17.00
21152.00,0.18,0.53,-0.06,0.03,-0.05,-0.01,0.00,0.00,0.00,0.00,-0.00,0.00,0.00,0.00,-0.00,10.00
21162.00,0.18,0.53,-0.06,0.03,-0.05,-0.01,0.00,0.00,0.00,0.00,-0.00,0.00,0.00,0.00,0.00,10.00
21172.00,0.18,0.53,-0.06,0.03,-0.05,-0.01,0.00,0.00,0.00,0.00,-0.00,0.00,-0.00,-0.00,0.00,10.00
21182.00,0.18,0.53,-0.06,0.03,-0.05,-0.01,0.00,0.00,0.00,0.00,-0.00,0.00,-0.00,-0.00,0.00,10.00
21197.00,0.19,0.53,-0.06,0.11,-0.10,-0.01,4.93,-3.33,0.40,0.00,-0.00,0.00,-0.00,-0.00,0.00,16.00
21213.00,0.19,0.53,-0.06,0.11,-0.10,-0.01,0.00,0.00,0.00,0.00,-0.00,0.00,-0.00,0.00,0.00,10.00
21223.00,0.19,0.53,-0.06,0.11,-0.10,-0.01,0.00,0.00,0.00,0.00,-0.00,0.00,-0.00,0.00,0.00,10.00
21233.00,0.19,0.53,-0.06,0.11,-0.10,-0.01,0.00,0.00,0.00,0.00,-0.00,0.00,-0.00,0.00,0.00,10.00
21243.00,0.19,0.53,-0.06,0.11,-0.10,-0.01,0.00,0.00,0.00,0.00,-0.00,0.00,0.00,-0.00,-0.00,10.00
21253.00,0.20,0.52,-0.07,0.07,-0.06,-0.01,-3.80,3.50,0.30,0.00,-0.00,0.00,-0.00,-0.00,0.00,16.00
21269.00,0.20,0.52,-0.07,0.07,-0.06,-0.01,0.00,0.00,0.00,0.00,-0.00,0.00,-0.00,0.00,0.00,10.00
21279.00,0.20,0.52,-0.07,0.07,-0.06,-0.01,0.00,0.00,0.00,0.00,-0.00,0.00,-0.00,0.00,-0.00,10.00
21289.00,0.20,0.53,-0.07,-0.02,-0.02,-0.00,-8.50,4.80,0.40,0.00,-0.00,0.00,0.00,0.00,0.00,19.00
21308.00,0.20,0.53,-0.07,-0.02,-0.02,-0.00,0.00,0.00,0.00,0.00,-0.00,0.00,-0.00,-0.00,-0.00,10.00
21323.00,0.20,0.53,-0.07,-0.02,-0.02,-0.00,0.00,0.00,0.00,0.00,-0.00,0.00,-0.00,0.00,0.00,10.00
21333.00,0.20,0.53,-0.07,-0.02,-0.02,-0.00,0.00,0.00,0.00,0.00,-0.00,0.00,0.00,0.00,0.00,10.00
21343.00,0.20,0.53,-0.07,-0.02,-0.02,-0.00,0.00,0.00,0.00,0.00,-0.00,0.00,0.00,0.00,0.00,10.00
21353.00,0.20,0.53,-0.07,-0.06,0.01,0.00,-4.10,2.40,0.40,0.00,-0.00,0.00,0.00,0.00,0.00,17.00
21370.00,0.20,0.53,-0.07,-0.06,0.01,0.00,0.00,0.00,0.00,-0.00,-0.00,0.00,-0.00,-0.00,-0.00,10.00
21380.00,0.20,0.53,-0.07,-0.06,0.01,0.00,0.00,0.00,0.00,0.00,-0.00,0.00,0.00,-0.00,0.00,10.00
21390.00,0.20,0.53,-0.07,-0.03,0.03,0.00,2.60,1.70,0.00,0.00,-0.00,0.00,-0.00,0.00,0.00,18.00
21408.00,0.20,0.53,-0.07,-0.03,0.03,0.00,0.00,0.00,0.00,-0.00,-0.00,0.00,-0.00,0.00,0.00,10.00
21418.00,0.20,0.53,-0.07,-0.03,0.03,0.00,0.00,0.00,0.00,-0.00,-0.00,0.00,-0.00,0.00,-0.00,10.00
21428.00,0.20,0.53,-0.07,-0.03,0.03,0.00,0.00,0.00,0.00,-0.00,-0.00,0.00,-0.00,-0.00,0.00,10.00
21442.00,0.20,0.54,-0.06,0.02,-0.01,-0.01,4.00,-2.50,-0.71,-0.00,-0.00,0.00,-0.00,0.00,0.00,18.00
21460.00,0.20,0.54,-0.06,0.02,-0.01,-0.01,0.00,0.00,0.00,-0.00,-0.00,0.00,-0.00,-0.00,0.00,10.00
21470.00,0.20,0.54,-0.06,0.02,-0.01,-0.01,0.00,0.00,0.00,-0.00,-0.00,0.00,0.00,-0.00,-0.00,10.00
21480.00,0.20,0.54,-0.06,0.02,-0.01,-0.01,0.00,0.00,0.00,-0.00,-0.00,0.00,0.00,0.00,0.00,10.00
21490.00,0.20,0.55,-0.06,0.02,0.00,-0.01,-0.30,1.10,-0.10,-0.00,-0.00,0.00,0.00,0.00,0.00,18.00
21508.00,0.20,0.55,-0.06,0.02,0.00,-0.01,0.00,0.00,0.00,-0.00,-0.00,0.00,-0.00,-0.00,0.00,10.00
21518.00,0.20,0.55,-0.06,0.02,0.00,-0.01,0.00,0.00,0.00,-0.00,-0.00,0.00,-0.00,0.00,0.00,10.00
21528.00,0.20,0.55,-0.06,0.02,0.00,-0.01,0.00,0.00,0.00,-0.00,-0.00,0.00,0.00,0.00,0.00,10.00
21538.00,0.21,0.55,-0.07,0.00,0.03,-0.00,-1.70,2.40,0.40,-0.00,-0.00,0.00,-0.00,0.00,0.00,19.00
21557.00,0.21,0.55,-0.07,0.00,0.03,-0.00,0.00,0.00,0.00,-0.00,-0.00,0.00,-0.00,-0.00,0.00,10.00
21571.00,0.21,0.55,-0.07,0.00,0.03,-0.00,0.00,0.00,0.00,-0.00,-0.00,0.00,-0.00,0.00,-0.00,10.00
21581.00,0.21,0.55,-0.07,0.00,0.03,-0.00,0.00,0.00,0.00,-0.00,-0.00,0.00,0.00,-0.00,0.00,10.00
21591.00,0.21,0.55,-0.07,-0.04,0.01,-0.00,-3.90,-1.70,0.10,-0.00,-0.00,0.00,-0.00,-0.01,-0.00,18.00
21609.00,0.21,0.55,-0.07,-0.04,0.01,-0.00,0.00,0.00,0.00,-0.00,-0.00,0.00,0.00,-0.00,0.00,10.00
21619.00,0.21,0.55,-0.07,-0.04,0.01,-0.00,0.00,0.00,0.00,-0.00,-0.00,0.00,0.00,-0.00,0.00,10.00
21629.00,0.21,0.55,-0.07,-0.04,0.01,-0.00,0.00,0.00,0.00,-0.00,-0.00,0.00,0.00,-0.00,-0.00,10.00
21639.00,0.21,0.56,-0.07,-0.02,-0.02,-0.00,1.60,-3.10,0.20,-0.00,-0.00,0.00,0.00,-0.01,0.00,19.00
21658.00,0.21,0.56,-0.07,-0.02,-0.02,-0.00,0.00,0.00,0.00,-0.00,-0.00,0.00,0.00,-0.00,0.00,10.00
21668.00,0.21,0.56,-0.07,-0.02,-0.02,-0.00,0.00,0.00,0.00,-0.00,-0.00,0.00,0.00,0.00,-0.00,10.00
21678.00,0.21,0.56,-0.07,-0.02,-0.02,-0.00,0.00,0.00,0.00,-0.00,-0.00,0.00,0.00,0.00,0.00,10.00
21692.00,0.21,0.55,-0.07,0.01,-0.06,0.00,2.07,-2.50,0.07,-0.00,-0.00,0.00,0.00,0.00,-0.00,18.00
21710.00,0.21,0.55,-0.07,0.01,-0.06,0.00,0.00,0.00,0.00,-0.00,-0.00,0.00,-0.00,0.00,0.00,10.00
21720.00,0.21,0.55,-0.07,0.01,-0.06,0.00,0.00,0.00,0.00,-0.00,-0.00,0.00,0.00,-0.00,-0.00,10.00
21730.00,0.21,0.55,-0.07,0.01,-0.06,0.00,0.00,0.00,0.00,-0.00,-0.00,0.00,0.00,-0.00,0.00,10.00
21740.00,0.22,0.56,-0.07,0.01,-0.02,0.00,-0.10,3.90,0.20,-0.00,-0.00,0.00,0.00,-0.00,-0.00,19.00
21759.00,0.22,0.56,-0.07,0.01,-0.02,0.00,0.00,0.00,0.00,-0.00,-0.00,0.00,0.00,0.00,0.00,10.00
21769.00,0.22,0.56,-0.07,0.01,-0.02,0.00,0.00,0.00,0.00,-0.00,-0.00,0.00,0.00,0.00,0.00,10.00
21779.00,0.22,0.56,-0.07,0.01,-0.02,0.00,0.00,0.00,0.00,-0.00,-0.00,0.00,0.00,0.00,-0.00,10.00
21789.00,0.22,0.56,-0.07,0.01,-0.02,0.00,0.00,0.00,0.00,-0.00,-0.00,0.00,0.00,0.00,-0.00,10.00
21799.00,0.22,0.56,-0.07,0.02,0.03,0.00,0.90,4.70,0.20,-0.00,-0.00,0.00,0.00,0.00,0.00,16.00
21820.00,0.22,0.56,-0.07,0.02,0.03,0.00,0.00,0.00,0.00,-0.00,-0.00,0.00,0.00,-0.00,0.00,10.00
21830.00,0.22,0.56,-0.07,0.02,0.03,0.00,0.00,0.00,0.00,-0.00,-0.00,0.00,-0.00,-0.01,0.00,10.00
21840.00,0.22,0.56,-0.07,0.02,0.03,0.00,0.00,0.00,0.00,-0.00,-0.00,0.00,0.00,-0.00,-0.00,10.00
21850.00,0.22,0.57,-0.06,0.02,0.03,-0.00,0.20,0.10,-0.50,-0.00,-0.00,0.00,-0.00,0.00,0.00,17.00
21867.00,0.22,0.57,-0.06,0.02,0.03,-0.00,0.00,0.00,0.00,-0.00,-0.00,0.00,0.00,-0.00,0.00,10.00
21877.00,0.22,0.57,-0.06,0.02,0.03,-0.00,0.00,0.00,0.00,-0.00,-0.00,0.00,-0.00,0.00,0.00,10.00
21887.00,0.22,0.57,-0.06,0.02,0.03,-0.00,0.00,0.00,0.00,-0.00,-0.00,0.00,0.00,0.00,0.00,10.00
21897.00,0.22,0.57,-0.06,0.02,0.03,-0.00,0.00,0.00,0.00,-0.00,-0.00,0.00,0.00,-0.00,-0.00,10.00
21907.00,0.22,0.58,-0.06,0.02,0.01,-0.01,0.20,-1.70,-0.80,-0.00,-0.00,0.00,-0.00,0.00,0.00,16.00
21923.00,0.22,0.58,-0.06,0.02,0.01,-0.01,0.00,0.00,0.00,-0.00,-0.00,0.00,0.00,0.00,-0.00,10.00
21938.00,0.22,0.58,-0.06,0.02,0.01,-0.01,0.00,0.00,0.00,-0.00,-0.00,0.00,0.00,0.00,0.00,10.00
21948.00,0.23,0.58,-0.06,0.02,0.00,-0.01,-0.60,-0.90,0.00,-0.00,-0.00,0.00,0.00,-0.00,-0.00,16.00
21964.00,0.23,0.58,-0.06,0.02,0.00,-0.01,0.00,0.00,0.00,-0.00,-0.00,0.00,0.00,0.00,-0.00,10.00
21974.00,0.23,0.58,-0.06,0.02,0.00,-0.01,0.00,0.00,0.00,-0.00,-0.00,0.00,0.00,0.00,-0.00,10.00
21984.00,0.23,0.58,-0.06,0.02,0.00,-0.01,0.00,0.00,0.00,0.00,-0.00,0.00,0.00,0.00,-0.00,10.00
21994.00,0.23,0.59,-0.06,-0.02,0.05,-0.01,-3.20,4.80,0.10,0.00,-0.00,0.00,0.00,0.00,-0.00,17.00
22011.00,0.23,0.59,-0.06,-0.02,0.05,-0.01,0.00,0.00,0.00,0.00,-0.00,0.00,0.00,-0.00,0.00,10.00
22021.00,0.23,0.59,-0.06,-0.02,0.05,-0.01,0.00,0.00,0.00,0.00,-0.00,0.00,0.00,0.00,0.00,10.00
22031.00,0.23,0.59,-0.06,-0.01,0.03,-0.01,0.50,-2.00,0.10,0.00,-0.00,0.00,0.00,0.00,-0.00,18.00
22049.00,0.23,0.59,-0.06,-0.01,0.03,-0.01,0.00,0.00,0.00,-0.00,-0.00,0.00,-0.00,-0.00,-0.00,10.00
22063.00,0.23,0.59,-0.06,-0.01,0.03,-0.01,0.00,0.00,0.00,0.00,-0.00,0.00,0.00,0.00,0.00,10.00
22073.00,0.23,0.59,-0.06,-0.01,0.03,-0.01,0.00,0.00,0.00,0.00,-0.00,0.00,0.00,0.00,0.00,10.00
22083.00,0.23,0.59,-0.06,-0.01,0.03,-0.01,0.00,0.00,0.00,0.00,-0.00,0.00,0.00,-0.00,0.00,10.00
22093.00,0.23,0.60,-0.05,-0.01,0.02,-0.01,-0.20,-1.40,-0.30,0.00,-0.00,0.00,-0.00,-0.00,0.00,17.00
22110.00,0.23,0.60,-0.05,-0.01,0.02,-0.01,0.00,0.00,0.00,0.00,-0.00,0.00,0.00,-0.00,0.00,10.00
22120.00,0.23,0.60,-0.05,-0.01,0.02,-0.01,0.00,0.00,0.00,0.00,-0.00,0.00,0.00,0.00,0.00,10.00
22130.00,0.23,0.60,-0.05,-0.01,0.02,-0.01,0.00,0.00,0.00,0.00,-0.00,0.00,0.00,-0.00,0.00,10.00
22140.00,0.23,0.61,-0.05,0.02,0.07,-0.02,3.40,5.10,-0.70,0.00,-0.00,0.00,0.00,-0.01,0.00,18.00
22158.00,0.23,0.61,-0.05,0.02,0.07,-0.02,0.00,0.00,0.00,0.00,-0.00,0.00,-0.00,-0.00,0.00,10.00
22168.00,0.23,0.61,-0.05,0.02,0.07,-0.02,0.00,0.00,0.00,0.00,-0.00,0.00,0.00,0.00,0.00,10.00
22188.00,0.24,0.62,-0.04,0.07,0.11,-0.02,2.35,2.10,-0.10,0.00,-0.00,0.00,0.00,-0.00,0.00,17.00
22205.00,0.24,0.62,-0.04,0.07,0.11,-0.02,0.00,0.00,0.00,0.00,-0.00,0.00,-0.00,-0.00,0.00,10.00
22215.00,0.24,0.62,-0.04,0.07,0.11,-0.02,0.00,0.00,0.00,0.00,-0.00,0.00,0.00,-0.00,0.00,10.00
22225.00,0.24,0.62,-0.04,0.07,0.11,-0.02,0.00,0.00,0.00,0.00,-0.00,0.00,-0.00,-0.00,0.00,10.00
22235.00,0.24,0.62,-0.04,0.07,0.11,-0.02,0.00,0.00,0.00,0.00,-0.00,0.00,0.00,-0.00,-0.00,10.00
22245.00,0.24,0.62,-0.04,0.07,0.11,-0.02,0.00,0.00,0.00,0.00,-0.00,0.00,0.00,-0.00,0.00,10.00
22255.00,0.24,0.63,-0.04,0.03,0.10,-0.01,-4.30,-0.80,0.50,0.00,-0.00,0.00,0.00,0.00,0.00,17.00
22272.00,0.24,0.63,-0.04,0.03,0.10,-0.01,0.00,0.00,0.00,0.00,-0.00,0.00,0.00,0.00,0.00,10.00
22282.00,0.24,0.63,-0.04,0.03,0.10,-0.01,0.00,0.00,0.00,0.00,-0.00,0.00,0.00,0.00,0.00,10.00
22292.00,0.24,0.64,-0.04,0.01,0.06,-0.01,-1.90,-4.00,0.10,0.00,-0.00,0.00,0.00,0.00,-0.00,18.00
22314.00,0.24,0.64,-0.04,0.01,0.06,-0.01,0.00,0.00,0.00,0.00,-0.00,0.00,0.00,-0.00,-0.00,10.00
22324.00,0.24,0.64,-0.04,0.01,0.06,-0.01,0.00,0.00,0.00,0.00,-0.00,0.00,0.00,0.00,0.00,10.00
22334.00,0.24,0.64,-0.04,0.01,0.06,-0.01,0.00,0.00,0.00,0.00,-0.00,0.00,-0.00,0.00,0.00,10.00
22344.00,0.24,0.64,-0.04,0.01,0.06,-0.01,0.00,0.00,0.00,0.00,-0.00,0.00,-0.00,-0.00,0.00,10.00
22354.00,0.24,0.64,-0.03,-0.06,-0.02,-0.02,-6.10,-8.60,-1.00,0.00,-0.00,0.00,-0.00,-0.00,-0.00,18.00
22372.00,0.24,0.64,-0.03,-0.06,-0.02,-0.02,0.00,0.00,0.00,0.00,-0.00,0.00,0.00,-0.00,0.00,10.00
22382.00,0.24,0.65,-0.03,-0.03,0.02,-0.02,2.30,4.40,0.30,0.00,-0.00,0.00,0.00,-0.00,-0.00,19.00
22401.00,0.24,0.65,-0.03,-0.03,0.02,-0.02,0.00,0.00,0.00,0.00,-0.00,0.00,0.00,0.00,-0.00,10.00
22411.00,0.24,0.65,-0.03,-0.03,0.02,-0.02,0.00,0.00,0.00,0.00,-0.00,0.00,-0.00,-0.00,0.00,10.00
22421.00,0.24,0.65,-0.03,-0.03,0.02,-0.02,0.00,0.00,0.00,0.00,-0.00,0.00,0.00,-0.00,0.00,10.00
22436.00,0.26,0.65,-0.03,0.02,0.05,-0.02,3.40,1.87,0.33,0.00,-0.00,0.00,0.00,0.00,0.00,16.00
22452.00,0.26,0.65,-0.03,0.02,0.05,-0.02,0.00,0.00,0.00,0.00,-0.00,0.00,0.00,-0.00,0.00,10.00
22462.00,0.26,0.65,-0.03,0.02,0.05,-0.02,0.00,0.00,0.00,0.00,-0.00,0.00,-0.00,-0.00,0.00,10.00
22472.00,0.26,0.65,-0.03,0.02,0.05,-0.02,0.00,0.00,0.00,0.00,-0.00,0.00,0.00,-0.00,-0.00,10.00
22482.00,0.26,0.66,-0.03,0.05,0.03,-0.01,3.50,-1.40,0.60,0.00,-0.00,0.00,0.00,0.00,-0.00,18.00
22500.00,0.26,0.66,-0.03,0.05,0.03,-0.01,0.00,0.00,0.00,0.00,-0.00,0.00,-0.00,0.00,0.00,10.00
22510.00,0.26,0.66,-0.03,0.05,0.03,-0.01,0.00,0.00,0.00,0.00,-0.00,0.00,0.00,0.00,0.00,10.00
22520.00,0.26,0.66,-0.03,0.05,0.03,-0.01,0.00,0.00,0.00,0.00,-0.00,0.00,-0.00,0.00,-0.00,10.00
22530.00,0.26,0.66,-0.03,0.05,0.03,-0.01,0.00,0.00,0.00,0.00,-0.00,0.00,-0.00,-0.00,-0.00,10.00
22540.00,0.26,0.66,-0.03,0.05,0.03,-0.01,0.00,0.00,0.00,0.00,-0.00,0.00,-0.00,-0.00,0.00,10.00
22555.00,0.26,0.66,-0.03,0.01,0.04,-0.01,-2.80,0.27,-0.33,-0.00,-0.00,0.00,-0.00,-0.00,0.00,17.00
22572.00,0.26,0.66,-0.03,0.01,0.04,-0.01,0.00,0.00,0.00,0.00,-0.00,0.00,0.00,0.00,0.00,10.00
22582.00,0.26,0.67,-0.02,-0.02,0.00,-0.02,-2.70,-3.60,-0.70,0.00,-0.00,0.00,0.00,0.00,0.00,19.00
22601.00,0.26,0.67,-0.02,-0.02,0.00,-0.02,0.00,0.00,0.00,0.00,-0.00,0.00,0.00,0.00,-0.00,10.00
22611.00,0.26,0.67,-0.02,-0.02,0.00,-0.02,0.00,0.00,0.00,0.00,-0.00,0.00,-0.00,-0.00,0.00,10.00
22621.00,0.26,0.67,-0.02,-0.02,0.00,-0.02,0.00,0.00,0.00,0.00,-0.00,0.00,0.00,0.00,-0.00,10.00
22631.00,0.27,0.67,-0.02,-0.01,0.02,-0.02,0.80,2.10,-0.20,0.00,-0.00,0.00,0.00,0.00,-0.00,19.00
22650.00,0.27,0.67,-0.02,-0.01,0.02,-0.02,0.00,0.00,0.00,0.00,-0.00,0.00,0.00,0.00,-0.00,10.00
22660.00,0.27,0.67,-0.02,-0.01,0.02,-0.02,0.00,0.00,0.00,0.00,-0.00,0.00,0.00,0.00,0.00,10.00
22670.00,0.27,0.67,-0.02,-0.01,0.02,-0.02,0.00,0.00,0.00,0.00,-0.00,0.00,-0.00,0.00,0.00,10.00
22685.00,0.27,0.67,-0.02,-0.01,0.02,-0.02,0.00,0.00,0.00,0.00,-0.00,0.00,-0.00,-0.00,0.00,10.00
22695.00,0.27,0.67,-0.01,0.05,0.04,-0.02,6.00,1.50,-0.10,0.00,-0.00,0.00,-0.00,-0.00,0.00,18.00
22713.00,0.27,0.67,-0.01,0.05,0.04,-0.02,0.00,0.00,0.00,0.00,-0.00,0.00,0.00,0.00,-0.00,10.00
22723.00,0.27,0.67,-0.01,0.05,0.04,-0.02,0.00,0.00,0.00,0.00,-0.00,0.00,0.00,0.00,0.00,10.00
22733.00,0.28,0.69,-0.01,0.06,0.07,-0.03,0.70,3.50,-0.20,0.00,-0.00,0.00,0.00,-0.00,0.00,19.00
22752.00,0.28,0.69,-0.01,0.06,0.07,-0.03,0.00,0.00,0.00,0.00,-0.00,0.00,0.00,0.00,-0.00,10.00
22762.00,0.28,0.69,-0.01,0.06,0.07,-0.03,0.00,0.00,0.00,0.00,-0.00,0.00,0.00,0.00,0.00,10.00
22772.00,0.28,0.69,-0.01,0.06,0.07,-0.03,0.00,0.00,0.00,0.00,-0.00,0.00,0.00,0.01,0.00,10.00
22782.00,0.28,0.69,-0.01,0.06,0.07,-0.03,0.00,0.00,0.00,0.00,-0.00,0.00,-0.00,-0.00,-0.00,10.00
22792.00,0.28,0.70,0.00,0.04,0.07,-0.03,-1.90,-0.40,-0.70,0.00,-0.00,0.00,0.00,-0.00,0.00,20.00
22816.00,0.28,0.70,0.00,0.04,0.07,-0.03,0.00,0.00,0.00,0.00,-0.00,0.00,-0.00,-0.00,0.00,10.00
22826.00,0.28,0.70,0.00,0.04,0.07,-0.03,0.00,0.00,0.00,0.00,-0.00,0.00,-0.00,-0.00,0.00,10.00
22836.00,0.28,0.70,0.00,0.04,0.07,-0.03,0.00,0.00,0.00,0.00,-0.00,0.00,0.00,0.00,-0.00,10.00
22846.00,0.28,0.70,0.01,-0.01,0.03,-0.04,-5.50,-4.40,-0.60,0.00,-0.00,0.00,0.00,0.00,-0.00,17.00
22863.00,0.28,0.70,0.01,-0.01,0.03,-0.04,0.00,0.00,0.00,0.00,-0.00,0.00,0.00,-0.00,-0.00,10.00
22873.00,0.28,0.70,0.01,-0.01,0.03,-0.04,0.00,0.00,0.00,0.00,-0.00,0.00,-0.00,0.00,0.00,10.00
22883.00,0.28,0.70,0.01,-0.01,0.03,-0.04,0.00,0.00,0.00,0.00,-0.00,0.00,0.00,-0.00,0.00,10.00
22893.00,0.28,0.71,0.01,-0.02,0.05,-0.04,-0.60,2.80,0.10,0.00,-0.00,0.00,0.00,0.00,0.00,19.00
22912.00,0.28,0.71,0.01,-0.02,0.05,-0.04,0.00,0.00,0.00,0.00,-0.00,0.00,0.00,-0.00,0.00,10.00
22922.00,0.28,0.71,0.01,-0.02,0.05,-0.04,0.00,0.00,0.00,0.00,-0.00,0.00,0.00,0.00,0.00,10.00
22937.00,0.28,0.73,0.02,-0.05,0.10,-0.03,-1.73,3.27,0.47,0.00,-0.00,0.00,0.00,0.00,0.00,17.00
22954.00,0.28,0.73,0.02,-0.05,0.10,-0.03,0.00,0.00,0.00,0.00,-0.00,0.00,-0.00,0.00,-0.00,10.00
22964.00,0.28,0.73,0.02,-0.05,0.10,-0.03,0.00,0.00,0.00,0.00,-0.00,0.00,0.00,0.00,-0.00,10.00
22974.00,0.28,0.73,0.02,-0.05,0.10,-0.03,0.00,0.00,0.00,0.00,-0.00,0.00,0.00,0.00,0.00,10.00
22984.00,0.28,0.73,0.02,-0.05,0.10,-0.03,0.00,0.00,0.00,0.00,-0.00,0.00,0.00,0.00,-0.00,10.00
22994.00,0.28,0.73,0.02,-0.03,0.04,-0.03,1.70,-5.80,0.40,0.00,-0.00,0.00,0.00,0.00,-0.00,18.00
23012.00,0.28,0.73,0.02,-0.03,0.04,-0.03,0.00,0.00,0.00,0.00,-0.00,0.00,-0.00,0.00,0.00,10.00
23022.00,0.28,0.73,0.02,-0.03,0.04,-0.03,0.00,0.00,0.00,0.00,-0.00,0.00,-0.00,0.00,-0.00,10.00
23032.00,0.28,0.73,0.02,-0.03,0.04,-0.03,0.00,0.00,0.00,0.00,-0.00,0.00,0.00,-0.00,-0.00,10.00
23042.00,0.28,0.73,0.02,-0.03,0.04,-0.03,0.00,0.00,0.00,0.00,-0.00,0.00,0.00,0.00,0.00,10.00
23057.00,0.28,0.74,0.02,-0.03,0.03,-0.02,0.00,-1.07,0.27,0.00,-0.00,0.00,0.00,0.00,-0.00,16.00
23073.00,0.28,0.74,0.02,-0.03,0.03,-0.02,0.00,0.00,0.00,0.00,-0.00,0.00,0.00,0.00,0.00,10.00
23083.00,0.28,0.74,0.02,-0.05,-0.03,-0.02,-2.40,-6.10,0.00,0.00,-0.00,0.00,0.00,0.00,0.00,19.00
23102.00,0.28,0.74,0.02,-0.05,-0.03,-0.02,0.00,0.00,0.00,0.00,-0.00,0.00,0.00,-0.00,0.00,10.00
23112.00,0.28,0.74,0.02,-0.05,-0.03,-0.02,0.00,0.00,0.00,0.00,-0.00,0.00,0.00,-0.00,0.00,10.00
23122.00,0.28,0.74,0.02,-0.05,-0.03,-0.02,0.00,0.00,0.00,0.00,-0.00,0.00,-0.00,0.01,-0.00,10.00
23132.00,0.28,0.74,0.02,-0.05,-0.03,-0.02,0.00,0.00,0.00,0.00,-0.00,0.00,0.00,-0.00,0.00,10.00
23142.00,0.28,0.74,0.02,-0.05,-0.03,-0.02,0.00,0.00,0.00,0.00,-0.00,0.00,-0.00,-0.00,-0.00,10.00
23152.00,0.28,0.74,0.02,-0.04,-0.01,-0.02,1.30,2.60,0.80,0.00,-0.00,0.00,0.00,0.00,-0.00,16.00
23168.00,0.28,0.74,0.02,-0.04,-0.01,-0.02,0.00,0.00,0.00,0.00,-0.00,0.00,0.00,0.00,-0.00,10.00
23188.00,0.29,0.73,0.02,0.02,-0.05,-0.01,2.85,-2.15,0.25,0.00,-0.00,0.00,-0.00,0.00,0.00,17.00
23205.00,0.29,0.73,0.02,0.02,-0.05,-0.01,0.00,0.00,0.00,0.00,-0.00,0.00,0.00,0.00,0.00,10.00
23215.00,0.29,0.73,0.02,0.02,-0.05,-0.01,0.00,0.00,0.00,0.00,-0.00,0.00,0.00,0.00,0.00,10.00
23225.00,0.29,0.73,0.02,0.02,-0.05,-0.01,0.00,0.00,0.00,0.00,-0.00,0.00,0.00,0.00,0.00,10.00
23235.00,0.29,0.73,0.02,0.02,-0.05,-0.01,0.00,0.00,0.00,0.00,-0.00,0.00,0.00,0.00,0.00,10.00
23245.00,0.29,0.73,0.02,0.03,-0.06,-0.00,1.50,-1.20,0.60,0.00,-0.00,0.00,0.00,-0.00,0.00,18.00
23263.00,0.29,0.73,0.02,0.03,-0.06,-0.00,0.00,0.00,0.00,0.00,-0.00,0.00,-0.00,0.00,0.00,10.00
23273.00,0.29,0.73,0.02,0.03,-0.06,-0.00,0.00,0.00,0.00,0.00,-0.00,0.00,-0.00,-0.00,-0.00,10.00
23283.00,0.29,0.73,0.02,0.00,-0.02,-0.00,-3.20,4.50,0.30,0.00,-0.00,0.00,-0.00,-0.00,0.00,20.00
23303.00,0.29,0.73,0.02,0.00,-0.02,-0.00,0.00,0.00,0.00,0.00,-0.00,0.00,0.00,0.00,0.00,10.00
23318.00,0.29,0.73,0.02,0.00,-0.02,-0.00,0.00,0.00,0.00,0.00,-0.00,0.00,0.00,-0.00,-0.00,10.00
23328.00,0.29,0.73,0.02,0.00,-0.02,-0.00,0.00,0.00,0.00,0.00,-0.00,0.00,0.00,-0.00,0.00,10.00
23338.00,0.29,0.75,0.03,-0.05,0.03,-0.01,-4.70,4.70,-0.80,0.00,-0.00,0.00,-0.00,-0.00,0.00,16.00
23354.00,0.29,0.75,0.03,-0.05,0.03,-0.01,0.00,0.00,0.00,0.00,-0.00,0.00,-0.00,0.00,-0.00,10.00
23364.00,0.29,0.75,0.03,-0.05,0.03,-0.01,0.00,0.00,0.00,0.00,-0.00,0.00,0.00,0.00,-0.00,10.00
23374.00,0.29,0.75,0.03,-0.05,0.03,-0.01,0.00,0.00,0.00,0.00,-0.00,0.00,0.00,-0.00,0.00,10.00
23384.00,0.29,0.76,0.04,-0.07,0.04,-0.02,-2.20,1.30,-0.60,0.00,-0.00,0.00,0.00,0.00,-0.00,19.00
23403.00,0.29,0.76,0.04,-0.07,0.04,-0.02,0.00,0.00,0.00,0.00,-0.00,0.00,-0.00,0.00,0.00,10.00
23413.00,0.29,0.76,0.04,-0.07,0.04,-0.02,0.00,0.00,0.00,0.00,-0.00,0.00,0.00,0.00,0.00,10.00
23423.00,0.29,0.76,0.04,-0.07,0.04,-0.02,0.00,0.00,0.00,0.00,-0.00,0.00,0.00,-0.00,0.00,10.00
23438.00,0.29,0.76,0.04,-0.00,-0.00,-0.01,4.40,-3.07,0.20,0.00,-0.00,0.00,0.00,-0.00,0.00,16.00
23454.00,0.29,0.76,0.04,-0.00,-0.00,-0.01,0.00,0.00,0.00,0.00,-0.00,0.00,-0.00,-0.00,0.00,10.00
23464.00,0.29,0.76,0.04,-0.00,-0.00,-0.01,0.00,0.00,0.00,0.00,-0.00,0.00,0.00,0.00,0.00,10.00
23474.00,0.29,0.76,0.04,-0.00,-0.00,-0.01,0.00,0.00,0.00,0.00,-0.00,0.00,0.00,0.00,0.00,10.00
23484.00,0.30,0.76,0.05,0.03,-0.00,-0.02,3.70,0.10,-0.30,0.00,-0.00,0.00,0.00,0.00,0.00,19.00
23503.00,0.30,0.76,0.05,0.03,-0.00,-0.02,0.00,0.00,0.00,0.00,-0.00,0.00,-0.00,0.00,-0.00,10.00
23513.00,0.30,0.76,0.05,0.03,-0.00,-0.02,0.00,0.00,0.00,0.00,-0.00,0.00,-0.00,0.01,0.00,10.00
23523.00,0.30,0.76,0.05,0.03,-0.00,-0.02,0.00,0.00,0.00,0.00,-0.00,0.00,0.00,-0.00,0.01,10.00
23533.00,0.30,0.77,0.07,0.03,0.02,-0.04,-0.90,2.30,-2.10,0.00,-0.00,0.00,0.01,-0.01,0.00,19.00
23552.00,0.30,0.77,0.07,0.03,0.02,-0.04,0.00,0.00,0.00,0.00,-0.00,0.00,-0.00,0.01,-0.00,10.00
23567.00,0.30,0.77,0.07,0.03,0.02,-0.04,0.00,0.00,0.00,0.00,-0.00,0.00,0.00,-0.00,0.00,10.00
23577.00,0.30,0.77,0.07,0.03,0.02,-0.04,0.00,0.00,0.00,0.00,-0.00,0.00,0.00,0.00,0.00,10.00
23587.00,0.30,0.77,0.07,0.03,0.02,-0.04,0.00,0.00,0.00,0.00,-0.00,0.00,-0.01,0.00,0.00,10.00
23597.00,0.30,0.79,0.08,-0.01,0.04,-0.05,-3.60,1.40,-1.60,0.00,-0.00,0.00,-0.00,0.00,0.00,17.00
23614.00,0.30,0.79,0.08,-0.01,0.04,-0.05,0.00,0.00,0.00,0.00,-0.00,0.00,0.01,0.00,0.01,10.00
23624.00,0.30,0.79,0.08,-0.01,0.04,-0.05,0.00,0.00,0.00,0.00,-0.00,0.00,-0.00,-0.00,-0.00,10.00
23634.00,0.30,0.79,0.08,-0.08,0.08,-0.04,-7.20,4.70,1.00,0.00,-0.00,0.00,-0.01,0.00,-0.00,18.00
23652.00,0.30,0.79,0.08,-0.08,0.08,-0.04,0.00,0.00,0.00,0.00,-0.00,0.00,0.00,-0.00,0.00,10.00
23662.00,0.30,0.79,0.08,-0.08,0.08,-0.04,0.00,0.00,0.00,0.00,-0.00,0.00,0.00,0.00,0.00,10.00
23672.00,0.30,0.79,0.08,-0.08,0.08,-0.04,0.00,0.00,0.00,0.00,-0.00,0.00,-0.00,0.00,0.00,10.00
23687.00,0.30,0.79,0.08,-0.08,0.08,-0.04,0.00,0.00,0.00,0.00,-0.00,0.00,0.00,0.00,-0.00,10.00
23697.00,0.30,0.79,0.06,-0.09,0.07,-0.02,-1.10,-1.10,2.30,0.00,-0.00,0.00,0.00,-0.00,-0.00,17.00
23714.00,0.30,0.79,0.06,-0.09,0.07,-0.02,0.00,0.00,0.00,0.00,-0.00,0.00,0.00,-0.00,0.00,10.00
23724.00,0.30,0.79,0.06,-0.09,0.07,-0.02,0.00,0.00,0.00,0.00,-0.00,0.00,-0.00,0.01,-0.00,10.00
23734.00,0.30,0.79,0.06,-0.09,0.07,-0.02,0.00,0.00,0.00,0.00,-0.00,0.00,-0.00,0.00,0.00,10.00
23744.00,0.30,0.78,0.06,-0.02,0.01,-0.00,7.10,-6.50,1.50,0.00,-0.00,0.00,0.00,0.00,0.00,19.00
23763.00,0.30,0.78,0.06,-0.02,0.01,-0.00,0.00,0.00,0.00,0.00,-0.00,0.00,0.00,0.00,0.00,10.00
23773.00,0.30,0.78,0.06,-0.02,0.01,-0.00,0.00,0.00,0.00,0.00,-0.00,0.00,-0.01,-0.00,0.00,10.00
23783.00,0.30,0.78,0.06,-0.02,0.01,-0.00,0.00,0.00,0.00,0.00,-0.00,0.00,-0.00,-0.00,-0.00,10.00
23793.00,0.31,0.78,0.06,0.07,-0.01,-0.01,8.90,-1.30,-0.60,0.00,-0.00,0.00,0.00,0.00,0.00,19.00
23817.00,0.31,0.78,0.06,0.07,-0.01,-0.01,0.00,0.00,0.00,0.00,-0.00,0.00,-0.00,0.00,-0.00,10.00
23827.00,0.31,0.78,0.06,0.07,-0.01,-0.01,0.00,0.00,0.00,0.00,-0.00,0.00,0.00,-0.00,0.00,10.00
23837.00,0.31,0.79,0.07,0.06,-0.03,-0.02,-1.10,-2.20,-1.40,0.00,-0.00,0.00,0.00,0.00,0.00,18.00
23855.00,0.31,0.79,0.07,0.06,-0.03,-0.02,0.00,0.00,0.00,0.00,-0.00,0.00,-0.00,-0.00,0.00,10.00
23865.00,0.31,0.79,0.07,0.06,-0.03,-0.02,0.00,0.00,0.00,0.00,-0.00,0.00,-0.00,0.00,0.00,10.00
23875.00,0.31,0.79,0.07,0.06,-0.03,-0.02,0.00,0.00,0.00,0.00,-0.00,0.00,0.00,0.00,0.00,10.00
23885.00,0.32,0.78,0.07,-0.01,-0.01,-0.03,-6.70,1.60,-0.80,0.00,-0.00,0.00,0.00,-0.00,0.00,18.00
23903.00,0.32,0.78,0.07,-0.01,-0.01,-0.03,0.00,0.00,0.00,0.00,-0.00,0.00,0.00,-0.00,0.00,10.00
23913.00,0.32,0.78,0.07,-0.01,-0.01,-0.03,0.00,0.00,0.00,0.00,-0.00,0.00,0.00,-0.00,-0.00,10.00
23923.00,0.32,0.78,0.07,-0.01,-0.01,-0.03,0.00,0.00,0.00,0.00,-0.00,0.00,-0.00,0.00,0.00,10.00
23938.00,0.32,0.78,0.06,-0.02,0.04,-0.03,-0.67,3.47,0.00,0.00,-0.00,0.00,0.00,0.00,0.00,17.00
23955.00,0.32,0.78,0.06,-0.02,0.04,-0.03,0.00,0.00,0.00,0.00,-0.00,0.00,0.00,0.00,0.00,10.00
23965.00,0.32,0.78,0.06,-0.02,0.04,-0.03,0.00,0.00,0.00,0.00,-0.00,0.00,-0.00,0.00,0.00,10.00
23975.00,0.32,0.78,0.06,-0.02,0.04,-0.03,0.00,0.00,0.00,0.00,-0.00,0.00,0.00,-0.00,0.00,10.00
23985.00,0.32,0.78,0.05,0.02,0.06,-0.02,3.90,1.90,0.90,0.00,-0.00,0.00,0.00,-0.00,0.00,18.00
24003.00,0.32,0.78,0.05,0.02,0.06,-0.02,0.00,0.00,0.00,0.00,-0.00,0.00,-0.00,0.01,-0.00,10.00
24013.00,0.32,0.78,0.05,0.02,0.06,-0.02,0.00,0.00,0.00,0.00,-0.00,0.00,0.00,0.00,0.00,10.00
24023.00,0.32,0.78,0.05,0.02,0.06,-0.02,0.00,0.00,0.00,0.00,-0.00,0.00,0.00,0.00,-0.00,10.00
24033.00,0.33,0.77,0.05,0.01,0.03,-0.02,-1.10,-2.70,0.30,0.00,-0.00,0.00,-0.01,0.00,0.00,20.00
24053.00,0.33,0.77,0.05,0.01,0.03,-0.02,0.00,0.00,0.00,0.00,-0.00,0.00,0.00,0.00,0.00,10.00
24068.00,0.33,0.77,0.05,0.01,0.03,-0.02,0.00,0.00,0.00,0.00,-0.00,0.00,-0.00,-0.00,0.00,10.00
24078.00,0.33,0.77,0.05,0.01,0.03,-0.02,0.00,0.00,0.00,0.00,-0.00,0.00,-0.00,-0.00,0.00,10.00
24088.00,0.33,0.76,0.04,0.01,-0.02,-0.01,0.30,-4.80,0.60,0.00,-0.00,0.00,-0.00,0.00,0.00,17.00
24105.00,0.33,0.76,0.04,0.01,-0.02,-0.01,0.00,0.00,0.00,0.00,-0.00,0.00,0.00,0.00,0.00,10.00
24115.00,0.33,0.76,0.04,0.01,-0.02,-0.01,0.00,0.00,0.00,0.00,-0.00,0.00,0.00,0.00,0.00,10.00
24125.00,0.33,0.76,0.04,0.01,-0.02,-0.01,0.00,0.00,0.00,0.00,-0.00,0.00,-0.00,-0.00,-0.00,10.00
24135.00,0.33,0.76,0.04,0.01,-0.05,-0.02,-0.20,-3.10,-0.10,0.00,-0.00,0.00,-0.00,-0.00,-0.00,18.00
24153.00,0.33,0.76,0.04,0.01,-0.05,-0.02,0.00,0.00,0.00,0.00,-0.00,0.00,0.00,-0.00,-0.00,10.00
24163.00,0.33,0.76,0.04,0.01,-0.05,-0.02,0.00,0.00,0.00,0.00,-0.00,0.00,-0.00,-0.00,-0.00,10.00
24173.00,0.33,0.76,0.04,0.01,-0.05,-0.02,0.00,0.00,0.00,0.00,-0.00,0.00,-0.00,-0.00,-0.00,10.00
24187.00,0.35,0.76,0.05,0.02,-0.01,-0.02,1.21,2.64,-0.29,0.00,-0.00,0.00,0.00,-0.00,0.00,18.00
24205.00,0.35,0.76,0.05,0.02,-0.01,-0.02,0.00,0.00,0.00,0.00,-0.00,0.00,0.00,-0.00,0.00,10.00
24215.00,0.35,0.76,0.05,0.02,-0.01,-0.02,0.00,0.00,0.00,0.00,-0.00,0.00,-0.01,-0.00,0.00,10.00
24225.00,0.35,0.76,0.05,0.02,-0.01,-0.02,0.00,0.00,0.00,0.00,-0.00,0.00,-0.00,0.00,0.00,18.00
24243.00,0.35,0.76,0.05,-0.00,-0.02,-0.02,-1.50,-0.33,0.17,0.00,-0.00,0.00,0.00,0.00,-0.01,19.00
24262.00,0.35,0.76,0.05,-0.00,-0.02,-0.02,0.00,0.00,0.00,0.00,-0.00,0.00,-0.00,-0.00,0.00,10.00
24272.00,0.35,0.76,0.05,-0.00,-0.02,-0.02,0.00,0.00,0.00,0.00,-0.00,0.00,-0.00,-0.01,0.00,10.00
24282.00,0.35,0.76,0.05,-0.00,-0.02,-0.02,0.00,0.00,0.00,-0.00,-0.00,0.00,-0.00,0.00,0.01,10.00
24292.00,0.35,0.76,0.05,-0.00,-0.02,-0.02,0.00,0.00,0.00,0.00,-0.00,0.00,0.00,0.00,0.00,10.00
24302.00,0.35,0.77,0.05,0.02,0.02,-0.01,2.10,3.60,0.20,0.00,-0.00,0.00,-0.00,0.01,0.00,15.00
24327.00,0.35,0.77,0.05,0.02,0.02,-0.01,0.00,0.00,0.00,0.00,-0.00,0.00,0.00,-0.00,-0.00,10.00
24337.00,0.36,0.77,0.06,0.03,0.03,-0.01,1.00,1.20,0.00,0.00,-0.00,0.00,0.00,-0.00,-0.00,17.00
24354.00,0.36,0.77,0.06,0.03,0.03,-0.01,0.00,0.00,0.00,0.00,-0.00,0.00,-0.00,-0.01,0.00,10.00
24364.00,0.36,0.77,0.06,0.03,0.03,-0.01,0.00,0.00,0.00,0.00,-0.00,0.00,-0.00,-0.00,0.01,10.00
24374.00,0.36,0.77,0.06,0.03,0.03,-0.01,0.00,0.00,0.00,-0.00,-0.00,0.00,-0.00,0.00,0.00,10.00
24384.00,0.36,0.77,0.07,0.01,-0.02,-0.01,-1.60,-5.10,0.10,-0.00,-0.00,0.00,0.00,0.01,0.00,19.00
24403.00,0.36,0.77,0.07,0.01,-0.02,-0.01,0.00,0.00,0.00,-0.00,-0.00,0.00,0.00,0.00,0.00,10.00
24413.00,0.36,0.77,0.07,0.01,-0.02,-0.01,0.00,0.00,0.00,-0.00,-0.00,0.00,-0.00,-0.01,0.00,10.00
24423.00,0.36,0.77,0.07,0.01,-0.02,-0.01,0.00,0.00,0.00,-0.00,-0.00,0.00,-0.00,-0.01,0.00,10.00
24433.00,0.36,0.77,0.07,0.01,-0.02,-0.01,0.00,0.00,0.00,-0.00,-0.00,0.00,0.00,0.00,0.00,10.00
24448.00,0.36,0.77,0.07,-0.00,0.01,-0.01,-1.07,1.87,0.20,-0.00,-0.00,0.00,0.00,0.00,0.00,18.00
24466.00,0.36,0.77,0.07,-0.00,0.01,-0.01,0.00,0.00,0.00,-0.00,-0.00,0.00,-0.00,0.00,-0.00,10.00
24476.00,0.36,0.77,0.07,-0.00,0.01,-0.01,0.00,0.00,0.00,-0.00,-0.00,0.00,-0.00,0.00,0.00,10.00
24486.00,0.36,0.78,0.08,-0.02,0.01,-0.01,-1.20,0.00,-0.40,-0.00,-0.00,0.00,0.00,0.00,0.00,19.00
24505.00,0.36,0.78,0.08,-0.02,0.01,-0.01,0.00,0.00,0.00,-0.00,-0.00,0.00,-0.00,-0.01,0.00,10.00
24515.00,0.36,0.78,0.08,-0.02,0.01,-0.01,0.00,0.00,0.00,-0.00,-0.00,0.00,-0.00,-0.00,0.00,10.00
24525.00,0.36,0.78,0.08,-0.02,0.01,-0.01,0.00,0.00,0.00,-0.00,-0.00,0.00,0.00,-0.00,-0.00,10.00
24535.00,0.36,0.78,0.08,-0.02,0.01,-0.01,0.00,0.00,0.00,-0.00,-0.00,0.00,0.00,-0.00,0.00,10.00
24545.00,0.37,0.79,0.09,-0.01,0.01,-0.02,0.30,0.40,-0.60,-0.00,-0.00,0.00,0.00,0.00,-0.00,20.00
24565.00,0.37,0.79,0.09,-0.01,0.01,-0.02,0.00,0.00,0.00,-0.00,-0.00,0.00,-0.00,0.00,-0.00,10.00
24579.00,0.37,0.79,0.09,-0.01,0.01,-0.02,0.00,0.00,0.00,-0.00,-0.00,0.00,-0.00,-0.00,0.00,10.00
24589.00,0.37,0.79,0.09,-0.01,0.01,-0.02,0.00,0.00,0.00,-0.00,-0.00,0.00,-0.00,-0.01,0.00,10.00
24599.00,0.37,0.79,0.09,0.02,0.03,-0.02,3.40,2.00,0.40,-0.00,-0.00,0.00,0.00,-0.01,0.00,17.00
24616.00,0.37,0.79,0.09,0.02,0.03,-0.02,0.00,0.00,0.00,-0.00,-0.00,0.00,0.00,0.00,-0.00,10.00
24626.00,0.37,0.79,0.09,0.02,0.03,-0.02,0.00,0.00,0.00,-0.00,-0.00,0.00,-0.00,0.00,-0.00,10.00
24636.00,0.37,0.79,0.10,0.01,-0.01,-0.01,-1.00,-3.90,0.40,-0.00,-0.00,0.00,-0.00,0.00,-0.00,18.00
24654.00,0.37,0.79,0.10,0.01,-0.01,-0.01,0.00,0.00,0.00,-0.00,-0.00,0.00,-0.00,0.00,0.00,10.00
24664.00,0.37,0.79,0.10,0.01,-0.01,-0.01,0.00,0.00,0.00,-0.00,-0.00,0.00,-0.00,0.00,0.00,10.00
24674.00,0.37,0.79,0.10,0.01,-0.01,-0.01,0.00,0.00,0.00,-0.00,-0.00,0.00,-0.00,-0.00,0.00,10.00
24684.00,0.38,0.79,0.10,0.00,-0.01,-0.01,-0.70,-0.20,0.30,-0.00,-0.00,0.00,0.00,0.00,0.00,19.00
24708.00,0.38,0.79,0.10,0.00,-0.01,-0.01,0.00,0.00,0.00,-0.00,-0.00,0.00,-0.00,0.00,-0.00,10.00
24718.00,0.38,0.79,0.10,0.00,-0.01,-0.01,0.00,0.00,0.00,-0.00,-0.00,0.00,-0.00,0.00,-0.00,10.00
24728.00,0.38,0.79,0.10,0.00,-0.01,-0.01,0.00,0.00,0.00,-0.00,-0.00,0.00,0.00,-0.00,0.00,10.00
24738.00,0.38,0.80,0.11,-0.01,0.01,-0.01,-1.20,2.30,-0.50,-0.00,-0.00,0.00,0.00,-0.00,0.00,17.00
24755.00,0.38,0.80,0.11,-0.01,0.01,-0.01,0.00,0.00,0.00,-0.00,-0.00,0.00,-0.00,0.00,-0.00,10.00
24765.00,0.38,0.80,0.11,-0.01,0.01,-0.01,0.00,0.00,0.00,-0.00,-0.00,0.00,-0.00,0.00,0.00,10.00
24775.00,0.38,0.80,0.11,-0.01,0.01,-0.01,0.00,0.00,0.00,-0.00,-0.00,0.00,0.01,0.00,-0.00,10.00
24785.00,0.38,0.80,0.11,0.00,-0.01,-0.02,1.10,-1.90,-0.30,-0.00,-0.00,0.00,0.00,0.00,0.00,20.00
24805.00,0.38,0.80,0.11,0.00,-0.01,-0.02,0.00,0.00,0.00,-0.00,-0.00,0.00,0.00,0.00,0.00,10.00
24815.00,0.38,0.80,0.11,0.00,-0.01,-0.02,0.00,0.00,0.00,-0.00,-0.00,0.00,0.00,0.00,0.00,10.00
24830.00,0.38,0.80,0.11,0.00,-0.01,-0.02,0.00,0.00,0.00,-0.00,-0.00,0.00,0.00,0.00,0.00,10.00
24840.00,0.38,0.80,0.11,0.00,-0.01,-0.02,0.00,0.00,0.00,-0.00,-0.00,0.00,-0.00,0.00,-0.00,10.00
24850.00,0.39,0.79,0.12,0.01,0.01,-0.02,0.30,1.20,0.20,-0.00,-0.00,0.00,-0.00,0.00,-0.00,17.00
24867.00,0.39,0.79,0.12,0.01,0.01,-0.02,0.00,0.00,0.00,-0.00,-0.00,0.00,-0.00,-0.00,-0.00,10.00
24877.00,0.39,0.79,0.12,0.01,0.01,-0.02,0.00,0.00,0.00,-0.00,-0.00,0.00,0.00,-0.00,0.00,10.00
24887.00,0.39,0.79,0.12,0.02,0.01,-0.01,1.80,0.30,0.10,-0.00,-0.00,0.00,0.00,-0.00,-0.00,19.00
24906.00,0.39,0.79,0.12,0.02,0.01,-0.01,0.00,0.00,0.00,-0.00,-0.00,0.00,-0.00,-0.00,0.00,10.00
24916.00,0.39,0.79,0.12,0.02,0.01,-0.01,0.00,0.00,0.00,-0.00,-0.00,0.00,0.00,0.00,0.00,10.00
24926.00,0.39,0.79,0.12,0.02,0.01,-0.01,0.00,0.00,0.00,-0.00,-0.00,0.00,0.00,0.00,0.02,10.00
24936.00,0.40,0.80,0.13,0.02,-0.01,-0.01,-0.90,-1.60,0.20,-0.00,-0.00,0.00,0.01,0.00,0.01,19.00
24960.00,0.40,0.80,0.13,0.02,-0.01,-0.01,0.00,0.00,0.00,-0.00,-0.00,0.00,-0.01,0.00,-0.02,10.00
24970.00,0.40,0.80,0.13,0.02,-0.01,-0.01,0.00,0.00,0.00,-0.00,-0.00,0.00,0.01,-0.00,-0.01,10.00
24980.00,0.40,0.80,0.13,0.02,-0.01,-0.01,0.00,0.00,0.00,-0.00,-0.00,0.00,0.01,-0.01,-0.01,10.00
24990.00,0.40,0.80,0.12,-0.01,-0.02,-0.00,-2.40,-1.60,0.80,-0.00,-0.00,0.00,-0.01,-0.00,0.00,17.00
25007.00,0.40,0.80,0.12,-0.01,-0.02,-0.00,0.00,0.00,0.00,-0.00,-0.00,0.00,-0.01,-0.00,0.01,10.00
25017.00,0.40,0.80,0.12,-0.01,-0.02,-0.00,0.00,0.00,0.00,-0.00,-0.00,0.00,0.01,-0.00,0.01,10.00
25027.00,0.40,0.80,0.12,-0.01,-0.02,-0.00,0.00,0.00,0.00,-0.00,-0.00,0.00,0.01,0.00,0.00,10.00
25037.00,0.40,0.80,0.12,-0.01,-0.02,-0.00,0.00,0.00,0.00,-0.00,-0.00,0.00,-0.01,0.00,-0.00,10.00
25047.00,0.40,0.80,0.13,-0.03,0.02,-0.01,-1.80,3.80,-0.20,-0.00,-0.00,0.00,-0.01,0.00,-0.01,19.00
25066.00,0.40,0.80,0.13,-0.03,0.02,-0.01,0.00,0.00,0.00,-0.00,-0.00,0.00,0.02,-0.01,-0.01,10.00
25080.00,0.40,0.80,0.13,-0.03,0.02,-0.01,0.00,0.00,0.00,-0.00,-0.00,0.00,-0.01,-0.01,0.00,10.00
25090.00,0.40,0.80,0.13,-0.03,0.02,-0.01,0.00,0.00,0.00,-0.00,-0.00,0.00,-0.01,-0.00,0.00,10.00
25100.00,0.40,0.81,0.14,-0.01,0.01,-0.01,2.10,-0.70,-0.70,-0.00,-0.00,0.00,0.00,-0.00,0.00,17.00
25117.00,0.40,0.81,0.14,-0.01,0.01,-0.01,0.00,0.00,0.00,-0.00,-0.00,0.00,0.00,0.00,-0.00,10.00
25127.00,0.40,0.81,0.14,-0.01,0.01,-0.01,0.00,0.00,0.00,-0.00,-0.00,0.00,-0.00,0.00,-0.01,10.00
25137.00,0.41,0.81,0.15,0.01,0.02,-0.01,1.60,0.80,0.00,-0.00,-0.00,0.00,-0.00,0.00,-0.01,18.00
25155.00,0.41,0.81,0.15,0.01,0.02,-0.01,0.00,0.00,0.00,-0.00,-0.00,0.00,0.00,-0.01,0.00,10.00
25165.00,0.41,0.81,0.15,0.01,0.02,-0.01,0.00,0.00,0.00,-0.00,-0.00,0.00,0.01,-0.01,0.00,10.00
25175.00,0.41,0.81,0.15,0.01,0.02,-0.01,0.00,0.00,0.00,-0.00,-0.00,0.00,-0.00,-0.01,0.00,10.00
25185.00,0.41,0.82,0.15,0.04,0.00,-0.01,2.70,-1.30,0.50,-0.00,-0.00,0.00,-0.01,0.00,-0.00,18.00
25284.00,0.42,0.82,0.17,-0.00,0.02,-0.02,-0.38,0.18,-0.12,-0.00,-0.00,0.00,0.00,0.01,-0.00,29.00
25313.00,0.42,0.82,0.17,-0.00,0.02,-0.02,0.00,0.00,0.00,-0.00,-0.00,0.00,-0.00,-0.01,0.00,10.00
25323.00,0.42,0.82,0.17,-0.00,0.02,-0.02,0.00,0.00,0.00,-0.00,-0.00,0.00,0.00,-0.00,0.00,10.00
25333.00,0.42,0.82,0.17,-0.00,0.02,-0.02,0.00,0.00,0.00,-0.00,-0.00,0.00,0.00,-0.01,0.00,10.00
25343.00,0.42,0.82,0.17,-0.00,0.02,-0.02,0.00,0.00,0.00,-0.00,-0.00,0.00,0.01,-0.00,0.00,10.00
25353.00,0.42,0.82,0.18,-0.03,0.00,-0.02,-3.20,-2.10,-0.20,-0.00,-0.00,0.00,0.00,0.00,-0.00,15.00
25368.00,0.42,0.82,0.18,-0.03,0.00,-0.02,0.00,0.00,0.00,-0.00,-0.00,0.00,-0.00,0.01,-0.00,10.00
25378.00,0.42,0.82,0.18,-0.03,0.00,-0.02,0.00,0.00,0.00,-0.00,-0.00,0.00,0.00,0.00,0.00,10.00
25388.00,0.42,0.82,0.18,-0.03,0.00,-0.02,0.00,0.00,0.00,-0.00,-0.00,0.00,0.00,-0.00,0.00,10.00
25398.00,0.43,0.82,0.18,0.02,-0.01,-0.01,5.50,-1.20,0.90,-0.00,-0.00,0.00,-0.00,-0.00,0.00,18.00
25427.00,0.43,0.82,0.18,0.02,-0.01,-0.01,0.00,0.00,0.00,-0.00,-0.00,0.00,0.00,0.00,-0.00,10.00
25437.00,0.43,0.82,0.18,0.03,-0.00,-0.01,0.90,0.70,-0.10,-0.00,-0.00,0.00,0.00,-0.00,-0.00,18.00
25455.00,0.43,0.82,0.18,0.03,-0.00,-0.01,0.00,0.00,0.00,-0.00,-0.00,0.00,-0.01,0.00,-0.00,10.00
25465.00,0.43,0.82,0.18,0.03,-0.00,-0.01,0.00,0.00,0.00,-0.00,-0.00,0.00,-0.00,0.00,0.00,10.00
25475.00,0.43,0.82,0.18,0.03,-0.00,-0.01,0.00,0.00,0.00,-0.00,-0.00,0.00,0.00,0.00,0.00,10.00
25485.00,0.45,0.83,0.19,0.01,-0.01,-0.01,-1.90,-0.40,0.30,-0.00,-0.00,0.00,-0.00,-0.00,0.00,18.00
25503.00,0.45,0.83,0.19,0.01,-0.01,-0.01,0.00,0.00,0.00,-0.00,-0.00,0.00,-0.00,0.00,-0.00,10.00
25513.00,0.45,0.83,0.19,0.01,-0.01,-0.01,0.00,0.00,0.00,-0.00,-0.00,0.00,0.00,-0.00,-0.00,10.00
25523.00,0.45,0.83,0.19,0.01,-0.01,-0.01,0.00,0.00,0.00,-0.00,-0.00,0.00,0.00,-0.00,0.00,10.00
25533.00,0.45,0.83,0.19,-0.01,0.00,-0.01,-1.70,0.80,0.00,-0.00,-0.00,0.00,0.00,-0.01,0.00,17.00
25554.00,0.45,0.83,0.19,-0.01,0.00,-0.01,0.00,0.00,0.00,-0.00,-0.00,0.00,-0.00,0.00,0.00,10.00
25564.00,0.45,0.83,0.19,-0.01,0.00,-0.01,0.00,0.00,0.00,-0.00,-0.00,0.00,0.00,-0.00,0.00,10.00
25574.00,0.45,0.83,0.19,-0.01,0.00,-0.01,0.00,0.00,0.00,-0.00,-0.00,0.00,0.00,0.00,0.00,10.00
25584.00,0.45,0.84,0.20,-0.02,0.01,-0.01,-1.80,1.30,0.00,-0.00,-0.00,0.00,-0.00,-0.00,-0.00,18.00
25602.00,0.45,0.84,0.20,-0.02,0.01,-0.01,0.00,0.00,0.00,-0.00,-0.00,0.00,-0.00,0.00,-0.00,10.00
25612.00,0.45,0.84,0.20,-0.02,0.01,-0.01,0.00,0.00,0.00,-0.00,-0.00,0.00,0.00,-0.00,0.00,10.00
25622.00,0.45,0.84,0.20,-0.02,0.01,-0.01,0.00,0.00,0.00,-0.00,-0.00,0.00,0.00,-0.00,0.00,10.00
25632.00,0.45,0.84,0.20,-0.02,0.01,-0.01,0.00,0.00,0.00,-0.00,-0.00,0.00,-0.00,0.00,0.00,10.00
25642.00,0.46,0.84,0.20,0.01,0.01,-0.02,3.10,0.00,-0.50,-0.00,-0.00,0.00,-0.01,0.00,0.00,16.00
25658.00,0.46,0.84,0.20,0.01,0.01,-0.02,0.00,0.00,0.00,-0.00,-0.00,0.00,0.00,0.01,-0.00,10.00
25673.00,0.46,0.84,0.20,0.01,0.01,-0.02,0.00,0.00,0.00,-0.00,-0.00,0.00,-0.01,0.00,-0.00,10.00
25683.00,0.46,0.84,0.20,0.01,0.01,-0.02,0.00,0.00,0.00,-0.00,-0.00,0.00,-0.01,-0.00,0.00,10.00
25693.00,0.46,0.84,0.21,-0.01,0.01,-0.02,-1.60,-0.70,0.00,-0.00,-0.00,0.00,0.00,0.00,0.00,17.00
25710.00,0.46,0.84,0.21,-0.01,0.01,-0.02,0.00,0.00,0.00,-0.00,-0.00,0.00,0.00,-0.01,0.00,10.00
25720.00,0.46,0.84,0.21,-0.01,0.01,-0.02,0.00,0.00,0.00,-0.00,-0.00,0.00,-0.00,-0.00,0.00,10.00
25730.00,0.46,0.84,0.21,-0.01,0.01,-0.02,0.00,0.00,0.00,-0.00,-0.00,0.00,-0.00,0.00,0.00,10.00
25740.00,0.46,0.84,0.22,-0.01,0.04,-0.01,-0.20,2.90,0.30,-0.00,-0.00,0.00,-0.00,0.00,-0.00,17.00
25757.00,0.46,0.84,0.22,-0.01,0.04,-0.01,0.00,0.00,0.00,-0.00,-0.00,0.00,0.00,0.00,-0.00,10.00
25767.00,0.46,0.84,0.22,-0.01,0.04,-0.01,0.00,0.00,0.00,-0.00,-0.00,0.00,0.00,-0.00,0.00,10.00
25777.00,0.46,0.84,0.22,-0.01,0.04,-0.01,0.00,0.00,0.00,-0.00,-0.00,0.00,-0.00,-0.00,0.00,10.00
25792.00,0.46,0.84,0.22,-0.01,0.04,-0.01,0.00,0.00,0.00,-0.00,-0.00,0.00,0.00,0.00,0.00,10.00
25802.00,0.47,0.85,0.23,0.04,0.04,-0.02,5.00,0.20,-0.50,-0.00,-0.00,0.00,0.00,0.00,0.00,16.00
25818.00,0.47,0.85,0.23,0.04,0.04,-0.02,0.00,0.00,0.00,-0.00,-0.00,0.00,0.00,0.00,0.00,10.00
25828.00,0.47,0.85,0.23,0.04,0.04,-0.02,0.00,0.00,0.00,-0.00,-0.00,0.00,-0.00,-0.00,-0.00,10.00
25838.00,0.47,0.85,0.23,0.04,0.04,-0.02,0.00,0.00,0.00,-0.00,-0.00,0.00,-0.00,-0.00,-0.00,10.00
25848.00,0.47,0.86,0.24,0.02,0.01,-0.02,-2.50,-2.90,-0.30,-0.00,-0.00,0.00,0.00,-0.00,0.00,19.00
25867.00,0.47,0.86,0.24,0.02,0.01,-0.02,0.00,0.00,0.00,-0.00,-0.00,0.00,-0.00,0.00,0.00,10.00
25877.00,0.47,0.86,0.24,0.02,0.01,-0.02,0.00,0.00,0.00,-0.00,-0.00,0.00,-0.00,0.00,0.00,10.00
25887.00,0.48,0.86,0.24,-0.01,0.00,-0.02,-2.10,-0.70,0.50,-0.00,-0.00,0.00,0.00,0.00,-0.00,20.00
25907.00,0.48,0.86,0.24,-0.01,0.00,-0.02,0.00,0.00,0.00,-0.00,-0.00,0.00,-0.00,0.00,0.00,10.00
25922.00,0.48,0.86,0.24,-0.01,0.00,-0.02,0.00,0.00,0.00,-0.00,-0.00,0.00,-0.00,-0.00,0.00,10.00
25932.00,0.48,0.86,0.24,-0.01,0.00,-0.02,0.00,0.00,0.00,-0.00,-0.00,0.00,0.00,0.00,0.00,10.00
25942.00,0.48,0.86,0.24,-0.04,-0.02,-0.01,-3.60,-2.10,0.90,-0.00,-0.00,0.00,-0.00,-0.00,0.00,17.00
25959.00,0.48,0.86,0.24,-0.04,-0.02,-0.01,0.00,0.00,0.00,-0.00,-0.00,0.00,-0.00,-0.00,-0.00,10.00
25969.00,0.48,0.86,0.24,-0.04,-0.02,-0.01,0.00,0.00,0.00,-0.00,-0.00,0.00,0.00,-0.00,-0.00,10.00
25979.00,0.48,0.86,0.24,-0.04,-0.02,-0.01,0.00,0.00,0.00,-0.00,-0.00,0.00,-0.00,-0.00,-0.00,10.00
25989.00,0.48,0.86,0.24,0.00,-0.02,-0.01,4.30,0.50,-0.30,-0.00,-0.00,0.00,-0.00,-0.00,0.00,19.00
26008.00,0.48,0.86,0.24,0.00,-0.02,-0.01,0.00,0.00,0.00,-0.00,-0.00,0.00,-0.00,0.00,0.00,10.00
26018.00,0.48,0.86,0.24,0.00,-0.02,-0.01,0.00,0.00,0.00,-0.00,-0.00,0.00,0.00,-0.00,0.00,10.00
26028.00,0.48,0.86,0.24,0.00,-0.02,-0.01,0.00,0.00,0.00,-0.00,-0.00,0.00,-0.00,-0.00,-0.00,10.00
26043.00,0.49,0.86,0.25,0.01,0.02,-0.01,0.80,2.60,-0.13,-0.00,-0.00,0.00,0.00,0.00,0.00,16.00
26059.00,0.49,0.86,0.25,0.01,0.02,-0.01,0.00,0.00,0.00,-0.00,-0.00,0.00,-0.00,0.00,0.00,10.00
26069.00,0.49,0.86,0.25,0.01,0.02,-0.01,0.00,0.00,0.00,-0.00,-0.00,0.00,0.00,-0.00,0.00,10.00
26079.00,0.49,0.86,0.25,0.01,0.02,-0.01,0.00,0.00,0.00,-0.00,-0.00,0.00,0.00,-0.00,0.00,10.00
26089.00,0.49,0.86,0.25,0.01,0.02,-0.01,0.00,0.00,0.00,-0.00,-0.00,0.00,-0.00,-0.00,0.00,10.00
26099.00,0.49,0.86,0.25,0.01,0.00,-0.01,-0.20,-2.30,0.00,-0.00,-0.00,0.00,-0.00,0.00,0.00,18.00
26117.00,0.49,0.86,0.25,0.01,0.00,-0.01,0.00,0.00,0.00,-0.00,-0.00,0.00,0.00,0.00,0.00,10.00
26127.00,0.49,0.86,0.25,0.01,0.00,-0.01,0.00,0.00,0.00,-0.00,-0.00,0.00,-0.00,-0.01,-0.00,10.00
26137.00,0.49,0.86,0.25,0.01,0.00,-0.01,0.00,0.00,0.00,-0.00,-0.00,0.00,-0.00,-0.00,0.00,10.00
26147.00,0.50,0.87,0.26,-0.00,0.00,-0.02,-1.30,0.20,-0.40,-0.00,-0.00,0.00,0.00,-0.00,0.00,19.00
26171.00,0.50,0.87,0.26,-0.00,0.00,-0.02,0.00,0.00,0.00,-0.00,-0.00,0.00,0.00,-0.00,0.00,10.00
26181.00,0.50,0.87,0.26,-0.00,0.00,-0.02,0.00,0.00,0.00,-0.00,-0.00,0.00,0.00,0.00,0.00,10.00
26191.00,0.50,0.87,0.26,-0.02,0.00,-0.02,-1.30,-0.20,0.10,-0.00,-0.00,0.00,-0.00,-0.00,0.00,17.00
26208.00,0.50,0.87,0.26,-0.02,0.00,-0.02,0.00,0.00,0.00,-0.00,-0.00,0.00,-0.00,-0.00,0.00,10.00
26218.00,0.50,0.87,0.26,-0.02,0.00,-0.02,0.00,0.00,0.00,-0.00,-0.00,0.00,-0.00,-0.00,0.00,10.00
26228.00,0.50,0.87,0.26,-0.02,0.00,-0.02,0.00,0.00,0.00,-0.00,-0.00,0.00,0.00,-0.00,-0.00,10.00
26238.00,0.50,0.88,0.27,-0.01,0.02,-0.02,0.80,2.10,-0.20,-0.00,-0.00,0.00,-0.00,0.00,0.00,19.00
26257.00,0.50,0.88,0.27,-0.01,0.02,-0.02,0.00,0.00,0.00,-0.00,-0.00,0.00,-0.00,-0.00,-0.00,10.00
26267.00,0.50,0.88,0.27,-0.01,0.02,-0.02,0.00,0.00,0.00,-0.00,-0.00,0.00,0.00,0.00,-0.00,10.00
26277.00,0.50,0.88,0.27,-0.01,0.02,-0.02,0.00,0.00,0.00,-0.00,-0.00,0.00,-0.00,0.00,0.00,10.00
26292.00,0.51,0.88,0.27,0.01,0.00,-0.02,1.20,-1.20,-0.07,-0.00,-0.00,0.00,0.00,0.00,0.00,17.00
26309.00,0.51,0.88,0.27,0.01,0.00,-0.02,0.00,0.00,0.00,-0.00,-0.00,0.00,0.00,0.00,0.00,10.00
26319.00,0.51,0.88,0.27,0.01,0.00,-0.02,0.00,0.00,0.00,-0.00,-0.00,0.00,-0.00,0.00,-0.00,10.00
26329.00,0.51,0.88,0.27,0.01,0.00,-0.02,0.00,0.00,0.00,-0.00,-0.00,0.00,0.00,0.00,0.00,10.00
26339.00,0.52,0.88,0.28,0.01,0.01,-0.02,-0.50,0.30,0.00,-0.00,-0.00,0.00,0.00,0.00,-0.00,18.00
26357.00,0.52,0.88,0.28,0.01,0.01,-0.02,0.00,0.00,0.00,-0.00,-0.00,0.00,-0.01,0.00,0.00,10.00
26367.00,0.52,0.88,0.28,0.01,0.01,-0.02,0.00,0.00,0.00,-0.00,-0.00,0.00,-0.00,0.00,0.00,10.00
26377.00,0.52,0.88,0.28,0.01,0.01,-0.02,0.00,0.00,0.00,-0.00,-0.00,0.00,0.01,0.00,0.00,10.00
26387.00,0.52,0.88,0.28,0.01,0.01,-0.02,0.00,0.00,0.00,-0.00,-0.00,0.00,0.00,0.00,0.00,10.00
26397.00,0.52,0.88,0.28,0.01,-0.01,-0.02,0.80,-2.10,0.10,-0.00,-0.00,0.00,-0.00,0.00,-0.00,17.00
26419.00,0.52,0.88,0.28,0.01,-0.01,-0.02,0.00,0.00,0.00,-0.00,-0.00,0.00,0.00,0.00,-0.00,10.00
26429.00,0.52,0.88,0.28,0.01,-0.01,-0.02,0.00,0.00,0.00,-0.00,-0.00,0.00,0.00,0.00,-0.00,10.00
26439.00,0.52,0.88,0.28,0.01,-0.01,-0.02,0.00,0.00,0.00,-0.00,-0.00,0.00,0.00,-0.00,0.00,10.00
26449.00,0.52,0.88,0.29,-0.00,0.00,-0.02,-1.80,1.70,-0.20,-0.00,-0.00,0.00,-0.00,0.00,0.00,18.00
26467.00,0.52,0.88,0.29,-0.00,0.00,-0.02,0.00,0.00,0.00,-0.00,-0.00,0.00,0.00,-0.00,0.00,10.00
26477.00,0.52,0.88,0.29,-0.00,0.00,-0.02,0.00,0.00,0.00,-0.00,-0.00,0.00,0.00,0.00,0.00,10.00
26487.00,0.53,0.88,0.29,-0.02,-0.01,-0.02,-1.60,-1.70,0.10,-0.00,-0.00,0.00,-0.00,0.00,0.00,18.00
26505.00,0.53,0.88,0.29,-0.02,-0.01,-0.02,0.00,0.00,0.00,-0.00,-0.00,0.00,0.00,0.00,0.00,10.00
26515.00,0.53,0.88,0.29,-0.02,-0.01,-0.02,0.00,0.00,0.00,-0.00,-0.00,0.00,0.00,0.00,-0.00,10.00
26525.00,0.53,0.88,0.29,-0.02,-0.01,-0.02,0.00,0.00,0.00,-0.00,-0.00,0.00,0.00,0.00,-0.00,10.00
26545.00,0.53,0.88,0.30,-0.03,-0.00,-0.02,-0.30,0.60,-0.10,-0.00,-0.00,0.00,-0.00,-0.00,0.00,16.00
26561.00,0.53,0.88,0.30,-0.03,-0.00,-0.02,0.00,0.00,0.00,-0.00,-0.00,0.00,0.00,-0.00,0.00,10.00
26571.00,0.53,0.88,0.30,-0.03,-0.00,-0.02,0.00,0.00,0.00,-0.00,-0.00,0.00,-0.00,0.00,0.00,10.00
26581.00,0.53,0.88,0.30,-0.03,-0.00,-0.02,0.00,0.00,0.00,-0.00,-0.00,0.00,-0.00,-0.00,0.00,10.00
26591.00,0.55,0.87,0.29,0.01,0.00,-0.02,4.00,0.40,0.30,-0.00,-0.00,0.00,0.00,-0.00,-0.00,18.00
26609.00,0.55,0.87,0.29,0.01,0.00,-0.02,0.00,0.00,0.00,-0.00,-0.00,0.00,-0.00,-0.00,0.00,10.00
26619.00,0.55,0.87,0.29,0.01,0.00,-0.02,0.00,0.00,0.00,-0.00,-0.00,0.00,0.00,-0.00,0.00,10.00
26629.00,0.55,0.87,0.29,0.01,0.00,-0.02,0.00,0.00,0.00,-0.00,-0.00,0.00,0.00,-0.00,0.00,10.00
26639.00,0.56,0.87,0.28,0.00,0.01,-0.02,-1.20,0.90,0.10,-0.00,-0.00,0.00,0.00,-0.00,0.00,19.00
26658.00,0.56,0.87,0.28,0.00,0.01,-0.02,0.00,0.00,0.00,-0.00,-0.00,0.00,0.00,0.00,-0.00,10.00
26673.00,0.56,0.87,0.28,0.00,0.01,-0.02,0.00,0.00,0.00,-0.00,-0.00,0.00,0.00,-0.00,0.00,10.00
26683.00,0.56,0.87,0.28,0.00,0.01,-0.02,0.00,0.00,0.00,-0.00,-0.00,0.00,0.00,0.00,0.00,10.00
26693.00,0.56,0.87,0.28,0.00,0.01,-0.02,0.00,0.00,0.00,-0.00,-0.00,0.00,-0.00,0.00,-0.00,10.00
26703.00,0.56,0.86,0.28,0.02,-0.02,-0.01,1.90,-2.60,0.30,-0.00,-0.00,0.00,-0.00,-0.00,0.00,16.00
26719.00,0.56,0.86,0.28,0.02,-0.02,-0.01,0.00,0.00,0.00,-0.00,-0.00,0.00,0.00,-0.00,0.00,10.00
26729.00,0.56,0.86,0.28,0.02,-0.02,-0.01,0.00,0.00,0.00,-0.00,-0.00,0.00,0.00,-0.00,0.00,10.00
26739.00,0.57,0.85,0.27,0.01,0.01,-0.01,-1.20,2.40,0.50,-0.00,-0.00,0.00,0.00,0.00,0.00,19.00
26758.00,0.57,0.85,0.27,0.01,0.01,-0.01,0.00,0.00,0.00,-0.00,-0.00,0.00,-0.00,0.00,0.00,10.00
26768.00,0.57,0.85,0.27,0.01,0.01,-0.01,0.00,0.00,0.00,-0.00,-0.00,0.00,0.01,-0.01,0.00,10.00
26778.00,0.57,0.85,0.27,0.01,0.01,-0.01,0.00,0.00,0.00,-0.00,-0.00,0.00,0.01,-0.00,0.00,10.00
26793.00,0.57,0.85,0.27,-0.00,0.01,-0.01,-0.87,0.13,-0.07,-0.00,-0.00,0.00,-0.00,-0.00,0.00,17.00
26810.00,0.57,0.85,0.27,-0.00,0.01,-0.01,0.00,0.00,0.00,-0.00,-0.00,0.00,0.00,-0.00,0.00,10.00
26820.00,0.57,0.85,0.27,-0.00,0.01,-0.01,0.00,0.00,0.00,-0.00,-0.00,0.00,0.01,-0.00,0.00,10.00
26831.00,0.57,0.85,0.27,-0.00,0.01,-0.01,0.00,0.00,0.00,-0.00,-0.00,0.00,-0.00,0.00,-0.00,10.00
26841.00,0.57,0.85,0.27,-0.00,0.01,-0.01,0.00,0.00,0.00,-0.00,-0.00,0.00,-0.01,0.00,0.00,10.00
26851.00,0.57,0.85,0.27,-0.02,0.02,-0.01,-1.30,0.60,0.10,-0.00,-0.00,0.00,-0.00,0.00,0.01,18.00
26869.00,0.57,0.85,0.27,-0.02,0.02,-0.01,0.00,0.00,0.00,-0.00,-0.00,0.00,0.01,-0.01,0.00,130.00
26999.00,0.59,0.82,0.26,0.01,0.01,-0.01,0.22,-0.08,0.02,0.00,-0.00,0.00,0.02,-0.01,0.01,38.00
27037.00,0.60,0.82,0.26,0.01,0.02,-0.01,0.08,0.37,-0.05,0.00,-0.00,0.00,0.00,0.01,-0.01,17.00
27054.00,0.60,0.82,0.26,0.01,0.02,-0.01,0.00,0.00,0.00,0.00,-0.00,0.00,0.01,0.00,0.00,10.00
27068.00,0.60,0.82,0.26,0.01,0.02,-0.01,0.00,0.00,0.00,0.00,-0.00,0.00,-0.01,0.00,0.00,10.00
27078.00,0.60,0.82,0.26,0.01,0.02,-0.01,0.00,0.00,0.00,0.00,-0.00,0.00,-0.01,-0.00,0.01,10.00
27088.00,0.60,0.82,0.27,0.00,0.04,-0.01,-1.10,1.90,-0.50,0.00,-0.00,0.00,0.01,-0.01,0.01,16.00
27104.00,0.60,0.82,0.27,0.00,0.04,-0.01,0.00,0.00,0.00,0.00,-0.00,0.00,-0.00,0.00,-0.00,10.00
27114.00,0.60,0.82,0.27,0.00,0.04,-0.01,0.00,0.00,0.00,0.00,-0.00,0.00,-0.01,0.01,-0.01,10.00
27124.00,0.60,0.82,0.27,0.00,0.04,-0.01,0.00,0.00,0.00,0.00,-0.00,0.00,-0.00,0.01,-0.01,10.00
27134.00,0.61,0.82,0.27,0.00,-0.02,-0.01,-0.10,-5.80,0.10,0.00,-0.00,0.00,0.01,0.00,-0.00,17.00
27151.00,0.61,0.82,0.27,0.00,-0.02,-0.01,0.00,0.00,0.00,0.00,-0.00,0.00,0.00,-0.00,0.01,10.00
27161.00,0.61,0.82,0.27,0.00,-0.02,-0.01,0.00,0.00,0.00,0.00,-0.00,0.00,-0.01,0.00,0.00,10.00
27171.00,0.61,0.82,0.27,0.00,-0.02,-0.01,0.00,0.00,0.00,0.00,-0.00,0.00,-0.01,0.00,0.00,10.00
27185.00,0.61,0.81,0.27,-0.00,-0.03,-0.01,-0.43,-1.07,0.07,0.00,-0.00,0.00,0.01,-0.00,-0.00,17.00
27202.00,0.61,0.81,0.27,-0.00,-0.03,-0.01,0.00,0.00,0.00,0.00,-0.00,0.00,-0.00,0.01,-0.01,10.00
27212.00,0.61,0.81,0.27,-0.00,-0.03,-0.01,0.00,0.00,0.00,0.00,-0.00,0.00,-0.00,0.00,-0.01,10.00
27222.00,0.61,0.81,0.27,-0.00,-0.03,-0.01,0.00,0.00,0.00,0.00,-0.00,0.00,0.00,-0.00,0.00,10.00
27232.00,0.62,0.81,0.27,0.01,-0.02,-0.01,1.30,1.90,0.40,0.00,-0.00,0.00,0.01,-0.01,0.00,18.00
27250.00,0.62,0.81,0.27,0.01,-0.02,-0.01,0.00,0.00,0.00,0.00,-0.00,0.00,-0.01,-0.00,0.00,10.00
27260.00,0.62,0.81,0.27,0.01,-0.02,-0.01,0.00,0.00,0.00,0.00,-0.00,0.00,-0.01,0.00,-0.00,10.00
27270.00,0.62,0.81,0.27,0.01,-0.02,-0.01,0.00,0.00,0.00,0.00,-0.00,0.00,0.00,0.01,-0.00,10.00
27280.00,0.62,0.81,0.27,0.01,-0.02,-0.01,0.00,0.00,0.00,0.00,-0.00,0.00,0.01,0.00,-0.00,10.00
27290.00,0.62,0.81,0.27,-0.00,0.03,-0.01,-1.10,4.00,0.00,0.00,-0.00,0.00,0.00,0.00,0.00,20.00
27314.00,0.62,0.81,0.27,-0.00,0.03,-0.01,0.00,0.00,0.00,0.00,-0.00,0.00,0.00,-0.01,0.00,10.00
27324.00,0.62,0.81,0.27,-0.00,0.03,-0.01,0.00,0.00,0.00,0.00,-0.00,0.00,0.01,-0.01,0.00,10.00
27334.00,0.62,0.81,0.27,-0.00,0.03,-0.01,0.00,0.00,0.00,0.00,-0.00,0.00,-0.00,-0.01,-0.00,10.00
27344.00,0.62,0.81,0.27,-0.00,0.03,-0.01,0.00,0.00,0.00,0.00,-0.00,0.00,-0.00,0.00,-0.00,10.00
27354.00,0.62,0.81,0.26,0.00,0.02,-0.00,0.30,-0.50,0.40,0.00,-0.00,0.00,0.00,0.00,-0.00,17.00
27371.00,0.62,0.81,0.26,0.00,0.02,-0.00,0.00,0.00,0.00,0.00,-0.00,0.00,0.01,0.00,0.00,10.00
27381.00,0.63,0.81,0.26,0.01,0.01,-0.01,0.90,-0.90,-0.50,0.00,-0.00,0.00,-0.00,-0.00,0.00,18.00
27399.00,0.63,0.81,0.26,0.01,0.01,-0.01,0.00,0.00,0.00,0.00,-0.00,0.00,0.00,-0.01,0.00,10.00
27409.00,0.63,0.81,0.26,0.01,0.01,-0.01,0.00,0.00,0.00,0.00,-0.00,0.00,0.01,-0.00,0.00,10.00
27419.00,0.63,0.81,0.26,0.01,0.01,-0.01,0.00,0.00,0.00,0.00,-0.00,0.00,0.00,0.00,-0.00,10.00
27434.00,0.63,0.81,0.26,0.00,0.01,-0.01,-0.47,0.13,0.00,0.00,-0.00,0.00,-0.00,0.01,-0.00,18.00
27452.00,0.63,0.81,0.26,0.00,0.01,-0.01,0.00,0.00,0.00,0.00,-0.00,0.00,0.00,-0.00,0.00,10.00
27462.00,0.63,0.81,0.26,0.00,0.01,-0.01,0.00,0.00,0.00,0.00,-0.00,0.00,0.00,0.00,0.00,10.00
27472.00,0.63,0.81,0.26,0.00,0.01,-0.01,0.00,0.00,0.00,0.00,-0.00,0.00,-0.00,-0.00,0.00,10.00
27482.00,0.63,0.81,0.26,0.00,0.01,-0.01,0.00,0.00,0.00,0.00,-0.00,0.00,-0.00,0.00,-0.00,10.00
27492.00,0.63,0.81,0.26,0.01,-0.01,-0.01,1.00,-2.10,-0.30,0.00,-0.00,0.00,0.00,0.00,-0.00,18.00
27510.00,0.63,0.81,0.26,0.01,-0.01,-0.01,0.00,0.00,0.00,0.00,-0.00,0.00,0.01,-0.00,-0.00,10.00
27520.00,0.63,0.81,0.26,0.01,-0.01,-0.01,0.00,0.00,0.00,0.00,-0.00,0.00,-0.00,-0.00,0.00,10.00
27530.00,0.63,0.81,0.26,0.01,-0.01,-0.01,0.00,0.00,0.00,0.00,-0.00,0.00,-0.00,0.00,-0.00,10.00
27540.00,0.65,0.81,0.25,0.01,0.01,-0.01,-0.50,2.00,0.50,0.00,-0.00,0.00,0.00,-0.00,0.00,19.00
27564.00,0.65,0.81,0.25,0.01,0.01,-0.01,0.00,0.00,0.00,0.00,-0.00,0.00,-0.00,0.00,-0.00,10.00
27574.00,0.65,0.81,0.25,0.01,0.01,-0.01,0.00,0.00,0.00,0.00,-0.00,0.00,-0.00,0.00,-0.00,10.00
27584.00,0.65,0.81,0.24,0.00,0.02,-0.00,-0.70,0.60,0.20,0.00,-0.00,0.00,0.01,0.00,-0.00,18.00
27602.00,0.65,0.81,0.24,0.00,0.02,-0.00,0.00,0.00,0.00,0.00,-0.00,0.00,0.00,-0.00,-0.00,10.00
27612.00,0.65,0.81,0.24,0.00,0.02,-0.00,0.00,0.00,0.00,0.00,-0.00,0.00,-0.00,0.00,0.00,10.00
27622.00,0.65,0.81,0.24,0.00,0.02,-0.00,0.00,0.00,0.00,0.00,-0.00,0.00,-0.00,0.00,0.00,10.00
27632.00,0.65,0.81,0.24,0.00,0.02,-0.00,0.00,0.00,0.00,0.00,-0.00,0.00,0.00,0.00,0.00,10.00
27642.00,0.65,0.80,0.24,-0.02,0.01,0.00,-1.70,-1.00,0.40,0.00,-0.00,0.00,0.00,0.00,-0.00,19.00
27661.00,0.65,0.80,0.24,-0.02,0.01,0.00,0.00,0.00,0.00,0.00,-0.00,0.00,-0.00,0.01,-0.00,10.00
27671.00,0.65,0.80,0.24,-0.02,0.01,0.00,0.00,0.00,0.00,0.00,-0.00,0.00,-0.00,0.00,-0.00,10.00
27691.00,0.65,0.80,0.24,-0.00,0.01,-0.00,0.65,-0.10,-0.15,0.00,-0.00,0.00,0.01,-0.00,0.00,19.00
27710.00,0.65,0.80,0.24,-0.00,0.01,-0.00,0.00,0.00,0.00,0.00,-0.00,0.00,-0.01,-0.00,-0.00,10.00
27720.00,0.65,0.80,0.24,-0.00,0.01,-0.00,0.00,0.00,0.00,0.00,-0.00,0.00,-0.00,0.00,0.00,10.00
27730.00,0.65,0.80,0.24,-0.00,0.01,-0.00,0.00,0.00,0.00,0.00,-0.00,0.00,0.01,0.00,0.00,10.00
27740.00,0.66,0.81,0.23,-0.01,-0.01,0.00,-0.40,-1.60,0.30,0.00,-0.00,0.00,0.00,0.00,0.00,19.00
27759.00,0.66,0.81,0.23,-0.01,-0.01,0.00,0.00,0.00,0.00,0.00,-0.00,0.00,-0.01,0.00,-0.00,10.00
27769.00,0.66,0.81,0.23,-0.01,-0.01,0.00,0.00,0.00,0.00,0.00,-0.00,0.00,0.00,-0.00,0.00,10.00
27779.00,0.66,0.81,0.23,-0.01,-0.01,0.00,0.00,0.00,0.00,0.00,-0.00,0.00,0.01,-0.00,-0.00,10.00
27789.00,0.66,0.81,0.23,-0.01,-0.01,0.00,0.00,0.00,0.00,0.00,-0.00,0.00,0.00,0.00,0.00,10.00
27799.00,0.66,0.80,0.23,0.02,-0.03,-0.00,3.00,-2.00,-0.20,0.00,-0.00,0.00,-0.00,0.01,-0.00,17.00
27821.00,0.66,0.80,0.23,0.02,-0.03,-0.00,0.00,0.00,0.00,0.00,-0.00,0.00,0.00,-0.00,0.00,10.00
27831.00,0.66,0.80,0.23,0.02,-0.03,-0.00,0.00,0.00,0.00,0.00,-0.00,0.00,0.00,-0.00,0.00,10.00
27841.00,0.66,0.80,0.23,0.02,-0.03,-0.00,0.00,0.00,0.00,0.00,-0.00,0.00,0.00,-0.00,-0.00,10.00
27851.00,0.67,0.81,0.23,0.03,0.02,-0.01,0.80,4.70,-0.50,0.00,-0.00,0.00,-0.00,-0.01,0.00,18.00
27869.00,0.67,0.81,0.23,0.03,0.02,-0.01,0.00,0.00,0.00,0.00,-0.00,0.00,0.00,0.00,0.00,10.00
27879.00,0.67,0.81,0.23,0.03,0.02,-0.01,0.00,0.00,0.00,0.00,-0.00,0.00,0.00,0.00,-0.00,10.00
27889.00,0.67,0.81,0.23,0.00,0.03,-0.01,-2.80,1.50,-0.10,0.00,-0.00,0.00,-0.00,0.00,-0.00,17.00
27906.00,0.67,0.81,0.23,0.00,0.03,-0.01,0.00,0.00,0.00,0.00,-0.00,0.00,0.00,-0.00,0.00,10.00
27916.00,0.67,0.81,0.23,0.00,0.03,-0.01,0.00,0.00,0.00,0.00,-0.00,0.00,0.00,-0.00,0.00,10.00
27926.00,0.67,0.81,0.23,0.00,0.03,-0.01,0.00,0.00,0.00,0.00,-0.00,0.00,-0.00,-0.00,0.00,10.00
27941.00,0.67,0.81,0.22,-0.02,0.01,-0.00,-1.67,-1.20,0.27,0.00,-0.00,0.00,0.00,0.00,0.00,19.00
27960.00,0.67,0.81,0.22,-0.02,0.01,-0.00,0.00,0.00,0.00,0.00,-0.00,0.00,0.00,-0.00,-0.00,10.00
27970.00,0.67,0.81,0.22,-0.02,0.01,-0.00,0.00,0.00,0.00,0.00,-0.00,0.00,-0.00,-0.00,-0.00,10.00
27981.00,0.67,0.81,0.22,-0.02,0.01,-0.00,0.00,0.00,0.00,0.00,-0.00,0.00,-0.00,-0.00,0.00,10.00
27991.00,0.67,0.81,0.22,-0.02,0.01,-0.00,0.00,0.00,0.00,0.00,-0.00,0.00,0.00,0.00,0.00,10.00
28001.00,0.67,0.80,0.22,-0.01,-0.02,-0.00,1.50,-3.00,-0.10,0.00,-0.00,0.00,0.00,-0.00,0.00,19.00
28020.00,0.67,0.80,0.22,-0.01,-0.02,-0.00,0.00,0.00,0.00,0.00,-0.00,0.00,0.00,-0.00,-0.00,10.00
28030.00,0.67,0.80,0.22,-0.01,-0.02,-0.00,0.00,0.00,0.00,0.00,-0.00,0.00,0.00,-0.00,-0.00,10.00
28040.00,0.68,0.80,0.22,-0.02,0.00,-0.00,-1.10,1.60,0.10,0.00,-0.00,0.00,0.00,-0.01,0.00,19.00
28059.00,0.68,0.80,0.22,-0.02,0.00,-0.00,0.00,0.00,0.00,0.00,-0.00,0.00,-0.01,-0.00,0.00,10.00
28074.00,0.68,0.80,0.22,-0.02,0.00,-0.00,0.00,0.00,0.00,0.00,-0.00,0.00,0.00,0.00,0.00,10.00
28084.00,0.68,0.80,0.22,-0.02,0.00,-0.00,0.00,0.00,0.00,0.00,-0.00,0.00,0.00,0.01,0.00,10.00
28094.00,0.68,0.81,0.22,-0.01,0.03,-0.00,0.60,2.50,-0.10,0.00,-0.00,0.00,-0.00,0.00,-0.00,18.00
28112.00,0.68,0.81,0.22,-0.01,0.03,-0.00,0.00,0.00,0.00,0.00,-0.00,0.00,-0.00,0.00,0.00,10.00
28122.00,0.68,0.81,0.22,-0.01,0.03,-0.00,0.00,0.00,0.00,0.00,-0.00,0.00,-0.00,-0.00,0.00,10.00
28132.00,0.68,0.81,0.22,-0.01,0.03,-0.00,0.00,0.00,0.00,0.00,-0.00,0.00,0.00,-0.00,0.00,10.00
28142.00,0.69,0.79,0.20,0.01,0.00,-0.00,2.00,-2.10,0.20,0.00,-0.00,0.00,0.00,0.00,0.00,19.00
28161.00,0.69,0.79,0.20,0.01,0.00,-0.00,0.00,0.00,0.00,0.00,-0.00,0.00,-0.00,0.00,-0.00,10.00
28171.00,0.69,0.79,0.20,0.01,0.00,-0.00,0.00,0.00,0.00,0.00,-0.00,0.00,-0.00,0.01,-0.00,10.00
28181.00,0.69,0.79,0.20,0.01,0.00,-0.00,0.00,0.00,0.00,0.00,-0.00,0.00,0.00,0.00,0.00,10.00
28196.00,0.69,0.77,0.18,0.01,0.01,-0.00,-0.07,0.20,0.00,0.00,-0.00,0.00,0.00,-0.01,0.01,17.00
28213.00,0.69,0.77,0.18,0.01,0.01,-0.00,0.00,0.00,0.00,0.00,-0.00,0.00,-0.01,-0.00,0.00,10.00
28223.00,0.69,0.77,0.18,0.01,0.01,-0.00,0.00,0.00,0.00,0.00,-0.00,0.00,-0.00,-0.01,-0.00,10.00
28233.00,0.69,0.77,0.18,0.01,0.01,-0.00,0.00,0.00,0.00,0.00,-0.00,0.00,0.00,0.00,0.00,10.00
28243.00,0.69,0.75,0.17,0.02,-0.02,0.00,1.60,-2.30,0.50,0.00,-0.00,0.00,0.01,-0.00,-0.00,18.00
28261.00,0.69,0.75,0.17,0.02,-0.02,0.00,0.00,0.00,0.00,0.00,-0.00,0.00,-0.02,-0.00,0.00,10.00
28271.00,0.69,0.75,0.17,0.02,-0.02,0.00,0.00,0.00,0.00,0.00,-0.00,0.00,-0.00,0.00,0.00,10.00
28281.00,0.69,0.75,0.17,0.02,-0.02,0.00,0.00,0.00,0.00,0.00,-0.00,0.00,0.01,0.00,0.01,10.00
28291.00,0.70,0.74,0.15,0.01,-0.00,0.01,-1.50,1.50,0.60,0.00,-0.00,0.00,0.01,-0.00,0.00,18.00
28309.00,0.70,0.74,0.15,0.01,-0.00,0.01,0.00,0.00,0.00,0.00,-0.00,0.00,-0.01,0.01,0.00,10.00
28324.00,0.70,0.74,0.15,0.01,-0.00,0.01,0.00,0.00,0.00,0.00,-0.00,0.00,0.00,-0.00,-0.00,10.00
28334.00,0.70,0.74,0.15,0.01,-0.00,0.01,0.00,0.00,0.00,0.00,-0.00,0.00,0.01,-0.00,0.00,10.00
28344.00,0.70,0.73,0.14,-0.01,-0.01,0.01,-2.10,-0.70,-0.30,0.00,-0.00,0.00,0.00,-0.00,-0.00,19.00
28363.00,0.70,0.73,0.14,-0.01,-0.01,0.01,0.00,0.00,0.00,0.00,-0.00,0.00,-0.01,0.00,0.00,10.00
28373.00,0.70,0.73,0.14,-0.01,-0.01,0.01,0.00,0.00,0.00,0.00,-0.00,0.00,-0.00,0.00,0.01,10.00
28383.00,0.70,0.73,0.14,-0.01,-0.01,0.01,0.00,0.00,0.00,0.00,-0.00,0.00,0.01,0.00,0.01,10.00
28393.00,0.70,0.71,0.13,-0.03,-0.02,0.01,-1.70,-1.50,0.00,0.00,-0.00,0.00,0.00,0.01,0.00,19.00
28412.00,0.70,0.71,0.13,-0.03,-0.02,0.01,0.00,0.00,0.00,0.00,-0.00,0.00,-0.00,0.00,-0.01,10.00
28422.00,0.70,0.71,0.13,-0.03,-0.02,0.01,0.00,0.00,0.00,0.00,-0.00,0.00,0.01,-0.00,-0.00,10.00
28432.00,0.71,0.70,0.11,-0.01,-0.01,0.01,2.30,1.70,0.20,0.00,-0.00,0.00,0.01,0.00,0.00,20.00
28456.00,0.71,0.70,0.11,-0.01,-0.01,0.01,0.00,0.00,0.00,0.00,-0.00,0.00,-0.00,0.00,0.01,10.00
28466.00,0.71,0.70,0.11,-0.01,-0.01,0.01,0.00,0.00,0.00,0.00,-0.00,0.00,0.01,-0.00,0.00,10.00
28476.00,0.71,0.70,0.11,-0.01,-0.01,0.01,0.00,0.00,0.00,0.00,-0.00,0.00,0.00,0.00,-0.00,10.00
28486.00,0.71,0.70,0.11,-0.01,-0.01,0.01,0.00,0.00,0.00,0.00,-0.00,0.00,-0.00,-0.00,-0.00,10.00
28496.00,0.71,0.68,0.10,-0.01,-0.02,0.01,-0.30,-1.60,0.30,0.00,-0.00,0.00,-0.00,-0.00,0.00,17.00
28513.00,0.71,0.68,0.10,-0.01,-0.02,0.01,0.00,0.00,0.00,0.00,-0.00,0.00,0.00,-0.00,0.01,10.00
28523.00,0.71,0.68,0.10,-0.01,-0.02,0.01,0.00,0.00,0.00,0.00,-0.00,0.00,0.00,0.00,0.01,10.00
28533.00,0.71,0.68,0.10,-0.01,-0.02,0.01,0.00,0.00,0.00,0.00,-0.00,0.00,0.00,-0.00,0.00,10.00
28543.00,0.72,0.67,0.09,0.02,-0.01,0.01,3.40,1.00,-0.50,0.00,-0.00,0.00,0.00,0.00,-0.00,18.00
28561.00,0.72,0.67,0.09,0.02,-0.01,0.01,0.00,0.00,0.00,0.00,-0.00,0.00,-0.00,0.00,0.00,10.00
28576.00,0.72,0.67,0.09,0.02,-0.01,0.01,0.00,0.00,0.00,0.00,-0.00,0.00,-0.00,-0.00,0.00,10.00
28586.00,0.72,0.67,0.09,0.02,-0.01,0.01,0.00,0.00,0.00,0.00,-0.00,0.00,-0.01,0.00,0.00,10.00
28596.00,0.72,0.65,0.07,0.01,-0.03,0.01,-1.40,-1.30,0.60,0.00,-0.00,0.00,-0.00,-0.00,-0.00,17.00
28613.00,0.72,0.65,0.07,0.01,-0.03,0.01,0.00,0.00,0.00,0.00,-0.00,0.00,0.01,-0.00,0.00,10.00
28623.00,0.72,0.65,0.07,0.01,-0.03,0.01,0.00,0.00,0.00,0.00,-0.00,0.00,-0.01,0.01,0.00,10.00
28633.00,0.72,0.65,0.07,0.01,-0.03,0.01,0.00,0.00,0.00,0.00,-0.00,0.00,-0.01,0.01,0.00,10.00
28643.00,0.73,0.64,0.06,0.00,0.01,0.01,-0.70,3.50,-0.10,0.00,-0.00,0.00,-0.00,0.00,0.00,19.00
28662.00,0.73,0.64,0.06,0.00,0.01,0.01,0.00,0.00,0.00,0.00,-0.00,0.00,0.00,-0.00,-0.00,10.00
28672.00,0.73,0.64,0.06,0.00,0.01,0.01,0.00,0.00,0.00,0.00,-0.00,0.00,0.00,-0.00,-0.00,10.00
28682.00,0.73,0.64,0.06,0.00,0.01,0.01,0.00,0.00,0.00,0.00,-0.00,0.00,0.00,-0.00,-0.00,10.00
28697.00,0.73,0.63,0.05,-0.01,0.01,0.01,-0.73,-0.27,-0.13,0.00,-0.00,0.00,-0.01,-0.00,0.00,16.00
28713.00,0.73,0.63,0.05,-0.01,0.01,0.01,0.00,0.00,0.00,0.00,-0.00,0.00,-0.00,0.01,0.00,10.00
28723.00,0.73,0.63,0.05,-0.01,0.01,0.01,0.00,0.00,0.00,0.00,-0.00,0.00,0.00,0.00,-0.01,10.00
28733.00,0.73,0.63,0.05,-0.01,0.01,0.01,0.00,0.00,0.00,0.00,-0.00,0.00,0.00,0.00,-0.00,10.00
28743.00,0.73,0.61,0.04,0.00,-0.03,0.01,1.00,-3.80,0.50,0.00,-0.00,0.00,-0.00,0.00,-0.00,19.00
28762.00,0.73,0.61,0.04,0.00,-0.03,0.01,0.00,0.00,0.00,0.00,-0.00,0.00,0.00,0.00,0.00,10.00
28772.00,0.73,0.61,0.04,0.00,-0.03,0.01,0.00,0.00,0.00,0.00,-0.00,0.00,-0.00,0.00,0.00,10.00
28782.00,0.75,0.60,0.02,0.00,-0.03,0.01,-0.10,0.50,0.00,0.00,-0.00,0.00,-0.00,0.00,0.00,21.00
28803.00,0.75,0.60,0.02,0.00,-0.03,0.01,0.00,0.00,0.00,0.00,-0.00,0.00,0.00,0.00,-0.00,10.00
28813.00,0.75,0.60,0.02,0.00,-0.03,0.01,0.00,0.00,0.00,0.00,-0.00,0.00,-0.00,0.00,-0.00,10.00
