Time(ms), X(m), Y(m), Z(m), VX(m/s), VY(m/s), VZ(m/s), AX(m/s^2), AY(m/s^2), AZ(m/s^2), OX(degrees), OY(degrees), OZ(degrees), WX(degrees/s), WY(degrees/s), WZ(degrees/s), execution_time
11766.00,0.00,0.00,0.08,0.00,0.00,15.75,0.00,0.00,3149.93,-0.00,-0.00,-0.00,-0.00,-0.00,-0.00,6.00
11779.00,0.00,0.00,0.03,0.00,0.00,-4.03,0.00,0.00,-1521.46,-0.00,-0.00,-0.00,-0.00,-0.00,-0.00,16.00
11795.00,0.00,0.00,0.07,0.00,0.00,2.87,0.00,0.00,430.91,-0.00,-0.00,-0.00,0.00,0.00,0.00,7.00
11802.00,0.00,0.00,0.07,0.00,0.00,-0.07,0.00,0.00,-419.36,0.00,-0.00,-0.00,0.00,0.00,0.00,8.00
11810.00,0.00,0.00,0.06,0.00,0.00,-1.18,0.00,0.00,-138.77,0.00,-0.00,-0.00,-0.00,0.00,0.00,6.00
11816.00,0.00,0.00,0.07,0.00,0.00,1.15,0.00,0.00,387.91,-0.00,-0.00,-0.00,-0.00,-0.00,-0.00,6.00
11822.00,0.00,0.00,0.19,0.00,0.00,19.80,0.00,0.00,3108.65,-0.00,-0.00,-0.00,-0.00,-0.00,-0.00,8.00
11830.00,0.00,0.00,0.10,0.00,0.00,-11.09,0.00,0.00,-3860.86,-0.00,-0.00,-0.00,-0.00,-0.00,-0.00,8.00
11838.00,0.00,0.00,0.05,0.00,0.00,-5.86,0.00,0.00,653.69,-0.00,-0.00,-0.00,-0.00,-0.00,-0.00,6.00
11844.00,0.00,0.00,0.08,0.00,0.00,5.41,0.00,0.00,1878.85,-0.00,-0.00,-0.00,-0.00,-0.00,-0.00,7.00
11851.00,0.00,0.00,0.13,0.00,0.00,7.01,0.00,0.00,228.00,-0.00,-0.00,-0.00,0.00,0.00,-0.00,9.00
11865.00,0.00,0.00,0.13,0.00,0.00,-0.34,0.00,0.00,-524.72,-0.00,-0.00,-0.00,-0.00,-0.00,0.00,8.00
11873.00,0.00,0.00,0.04,0.00,0.00,-11.67,0.00,0.00,-1416.36,-0.00,-0.00,-0.00,-0.00,-0.00,0.00,7.00
11880.00,0.00,0.00,0.14,0.00,0.00,14.90,0.00,0.00,3794.77,-0.00,-0.00,-0.00,0.00,0.00,0.00,18.00
11898.00,0.00,0.00,0.14,0.00,0.00,0.12,0.00,0.00,-821.05,-0.00,-0.00,-0.00,0.00,0.00,0.00,6.00
11904.00,0.00,0.00,0.13,0.00,0.00,-2.31,0.00,0.00,-405.21,-0.00,-0.00,-0.00,0.00,-0.00,0.00,7.00
11911.00,0.00,0.00,0.10,0.00,0.00,-3.65,0.00,0.00,-190.61,-0.00,-0.00,-0.00,-0.00,-0.00,-0.00,6.00
11917.00,0.00,0.00,0.08,0.00,0.00,-3.98,0.00,0.00,-55.19,-0.00,-0.00,-0.00,0.00,-0.00,-0.00,5.00
11922.00,0.00,0.00,0.09,0.00,0.00,1.62,0.00,0.00,1119.84,-0.00,-0.00,-0.00,0.00,-0.00,-0.00,9.00
11931.00,0.00,0.00,0.16,0.00,0.00,8.29,0.00,0.00,741.26,-0.00,-0.00,-0.00,0.00,-0.00,-0.00,8.00
11939.00,0.00,0.00,-0.01,0.00,0.00,-21.54,0.00,0.00,-3729.32,-0.00,-0.00,-0.00,-0.00,-0.00,0.00,6.00
11950.00,0.00,0.00,0.04,0.00,0.00,4.32,0.00,0.00,2351.50,-0.00,-0.00,-0.00,-0.00,-0.00,0.00,9.00
11959.00,0.00,0.00,0.05,0.00,0.00,1.84,0.00,0.00,-275.83,-0.00,-0.00,-0.00,0.00,-0.00,0.00,5.00
11964.00,0.00,0.00,0.06,0.00,0.00,1.18,0.00,0.00,-133.01,-0.00,-0.00,-0.00,0.00,-0.00,0.00,7.00
11971.00,0.00,0.00,0.08,0.00,0.00,2.86,0.00,0.00,240.39,-0.00,-0.00,-0.00,-0.00,-0.00,0.00,9.00
11980.00,0.00,0.00,0.10,0.00,0.00,1.75,0.00,0.00,-123.64,-0.00,-0.00,-0.00,0.00,-0.00,0.00,17.00
11997.00,0.00,0.00,-0.02,0.00,0.00,-6.76,0.00,0.00,-500.59,-0.00,-0.00,-0.00,0.00,0.00,-0.00,6.00
12003.00,0.00,0.00,0.09,0.00,0.00,18.30,0.00,0.00,4177.94,-0.00,-0.00,-0.00,0.00,0.00,-0.00,8.00
12011.00,0.00,0.00,0.02,0.00,0.00,-8.88,0.00,0.00,-3397.67,-0.00,-0.00,-0.00,0.00,0.00,-0.00,6.00
12017.00,0.00,0.00,0.09,0.00,0.00,11.08,0.00,0.00,3326.92,-0.00,-0.00,-0.00,-0.00,-0.00,-0.01,6.00
12023.00,0.00,0.00,-0.01,0.00,0.00,-16.55,0.00,0.00,-4606.43,-0.00,-0.00,-0.00,-0.00,-0.00,-0.01,8.00
12036.00,0.00,0.00,0.08,0.00,0.00,7.00,0.00,0.00,1812.26,-0.00,-0.00,-0.00,0.00,-0.00,0.00,8.00
12044.00,0.00,0.00,0.12,0.00,0.00,4.83,0.00,0.00,-271.63,-0.00,-0.00,-0.00,0.00,0.00,0.00,7.00
12051.00,0.00,0.00,0.07,0.00,0.00,-7.02,0.00,0.00,-1692.64,0.00,-0.00,-0.00,0.00,0.00,0.00,8.00
12059.00,0.00,0.00,0.07,0.00,0.00,-0.09,0.00,0.00,865.60,0.00,-0.00,-0.00,0.00,0.00,0.00,5.00
12064.00,0.00,0.00,-0.05,0.00,0.00,-22.97,0.00,0.00,-4575.72,0.00,-0.00,-0.00,0.00,-0.00,0.00,8.00
12072.00,0.00,0.00,0.04,0.00,0.00,11.01,0.00,0.00,4247.29,0.00,-0.00,-0.00,-0.00,-0.00,0.00,8.00
12080.00,0.00,0.00,0.04,0.00,0.00,-0.15,0.00,0.00,-1395.17,-0.00,-0.00,-0.00,-0.00,-0.00,-0.00,17.00
12097.00,0.00,0.00,0.00,0.00,0.00,-2.12,0.00,0.00,-115.54,-0.00,-0.00,-0.00,-0.00,0.00,-0.00,6.00
12103.00,0.00,0.00,0.06,0.00,0.00,9.53,0.00,0.00,1940.51,-0.00,-0.00,-0.00,0.00,-0.00,-0.00,8.00
12111.00,0.00,0.00,0.07,0.00,0.00,1.28,0.00,0.00,-1031.27,-0.00,-0.00,-0.00,-0.00,0.00,-0.00,7.00
12123.00,0.00,0.00,0.07,0.00,0.00,0.15,0.00,0.00,-93.62,-0.00,-0.00,-0.00,0.00,-0.00,-0.00,9.00
12132.00,0.00,0.00,0.03,0.00,0.00,-5.01,0.00,0.00,-573.61,-0.00,-0.00,-0.00,-0.00,-0.00,0.00,8.00
12140.00,0.00,0.00,0.04,0.00,0.00,2.10,0.00,0.00,889.34,-0.00,-0.00,-0.00,-0.00,-0.00,0.00,7.00
12147.00,0.00,0.00,0.12,0.00,0.00,10.56,0.00,0.00,1207.44,-0.00,-0.00,-0.00,-0.00,-0.00,0.00,6.00
12153.00,0.00,0.00,0.14,0.00,0.00,3.33,0.00,0.00,-1203.73,-0.00,-0.00,-0.00,-0.00,-0.00,0.00,9.00
12162.00,0.00,0.00,0.13,0.00,0.00,-0.61,0.00,0.00,-437.91,-0.00,-0.00,-0.00,0.00,-0.00,0.00,5.00
12167.00,0.01,-0.00,0.03,0.05,-0.00,-19.53,0.27,-0.02,-3785.00,-0.00,-0.00,-0.00,0.00,-0.00,-0.00,6.00
12173.00,0.01,-0.00,0.09,0.05,-0.00,8.68,0.27,-0.02,4701.57,-0.00,-0.00,-0.00,0.00,-0.00,-0.00,8.00
12181.00,0.01,-0.00,0.11,0.05,-0.00,2.60,0.27,-0.02,-759.33,-0.00,-0.00,-0.00,0.00,-0.00,-0.00,18.00
12199.00,0.01,-0.00,0.10,0.05,-0.00,-0.63,0.27,-0.02,-179.35,-0.00,-0.00,-0.00,-0.00,-0.00,-0.00,5.00
12209.00,0.01,-0.00,0.09,0.05,-0.00,-0.71,0.27,-0.02,-8.57,-0.00,-0.00,-0.00,0.00,0.00,-0.00,7.00
12216.00,0.01,-0.00,0.18,0.05,-0.00,12.85,0.27,-0.02,1936.73,-0.00,-0.00,-0.00,0.00,0.00,-0.00,6.00
12222.00,0.01,-0.00,0.03,0.05,-0.00,-24.61,0.27,-0.02,-6242.99,-0.00,-0.00,-0.00,0.00,0.00,0.00,9.00
12231.00,0.01,-0.00,0.04,0.05,-0.00,0.66,0.27,-0.02,2808.38,-0.00,-0.00,-0.00,0.00,0.00,0.00,7.00
12238.00,0.01,-0.00,0.11,0.05,-0.00,10.75,0.27,-0.02,1441.03,-0.00,-0.00,-0.00,0.00,0.00,-0.00,6.00
12244.00,0.01,-0.00,0.05,0.05,-0.00,-9.72,0.27,-0.02,-3412.33,-0.00,-0.00,-0.00,0.00,0.00,-0.00,8.00
12252.00,0.01,-0.00,0.10,0.05,-0.00,5.47,0.27,-0.02,1899.78,-0.00,-0.00,-0.00,0.00,0.01,-0.00,8.00
12260.00,0.01,-0.00,0.03,0.05,-0.00,-7.94,0.27,-0.02,-1676.27,-0.00,-0.00,-0.00,-0.00,-0.00,0.00,5.00
12265.00,0.01,-0.00,0.01,0.05,-0.00,-5.66,0.27,-0.02,455.59,-0.00,-0.00,-0.00,-0.00,-0.00,0.00,8.00
12273.00,0.01,-0.00,0.05,0.05,-0.00,5.24,0.27,-0.02,1361.98,-0.00,-0.00,-0.00,0.00,-0.00,0.00,8.00
12286.00,0.01,-0.00,0.15,0.05,-0.00,7.93,0.27,-0.02,207.22,-0.00,-0.00,-0.00,-0.00,-0.00,0.00,17.00
12303.00,0.01,-0.00,0.19,0.05,-0.00,2.63,0.27,-0.02,-311.90,-0.00,-0.00,-0.00,0.00,-0.00,-0.00,9.00
12312.00,0.01,-0.00,0.19,0.05,-0.00,-0.78,0.27,-0.02,-378.40,-0.00,-0.00,-0.00,-0.00,-0.01,-0.00,5.00
12317.00,0.01,-0.00,0.15,0.05,-0.00,-6.79,0.27,-0.02,-1203.30,-0.00,-0.00,-0.00,-0.00,0.00,-0.00,7.00
12324.00,0.01,-0.00,0.17,0.05,-0.00,2.12,0.27,-0.02,1273.61,-0.00,-0.00,-0.00,0.00,0.00,-0.00,8.00
12332.00,0.01,-0.00,0.15,0.05,-0.00,-2.37,0.27,-0.02,-561.19,-0.00,-0.00,-0.00,-0.00,-0.00,0.00,8.00
12340.00,0.01,-0.00,0.13,0.05,-0.00,-2.75,0.27,-0.02,-47.24,-0.00,-0.00,-0.00,-0.00,0.00,-0.00,5.00
12345.00,0.01,-0.00,0.14,0.05,-0.00,2.95,0.27,-0.02,1138.92,-0.00,-0.00,-0.00,-0.00,0.00,0.00,8.00
12353.00,0.01,-0.00,0.15,0.05,-0.00,0.65,0.27,-0.02,-286.97,-0.00,-0.00,-0.00,0.00,0.00,0.00,8.00
12361.00,0.01,-0.00,0.20,0.05,-0.00,6.10,0.27,-0.02,680.68,-0.00,-0.00,-0.00,0.00,0.00,0.00,6.00
12372.00,0.01,-0.00,0.07,0.00,0.00,-11.43,-0.27,0.02,-1593.46,-0.00,-0.00,-0.00,0.00,0.00,0.00,19.00
12391.00,0.01,-0.00,0.00,0.00,0.00,-3.59,-0.27,0.02,412.46,-0.00,-0.00,-0.00,-0.00,0.00,0.00,7.00
12398.00,0.01,-0.00,0.09,0.00,0.00,11.87,-0.27,0.02,2208.60,-0.00,-0.00,-0.00,-0.00,0.00,-0.00,6.00
12404.00,0.01,-0.00,0.05,0.00,0.00,-5.92,-0.27,0.02,-2964.09,-0.00,-0.00,-0.00,0.00,0.00,-0.00,8.00
12412.00,0.01,-0.00,0.06,0.00,0.00,1.48,-0.27,0.02,924.55,-0.00,-0.00,-0.00,0.00,0.00,-0.00,6.00
12418.00,0.01,-0.00,0.05,0.00,0.00,-2.27,-0.27,0.02,-625.46,-0.00,-0.00,-0.00,0.00,0.00,-0.00,6.00
12424.00,0.01,-0.00,0.04,0.00,0.00,-0.91,-0.27,0.02,226.65,-0.00,-0.00,-0.00,0.00,0.01,0.00,8.00
12432.00,0.01,-0.00,0.09,0.00,0.00,6.40,-0.27,0.02,913.71,-0.00,-0.00,-0.00,0.00,0.01,0.00,8.00
12440.00,0.01,-0.00,0.18,0.00,0.00,11.16,-0.27,0.02,595.89,-0.00,-0.00,-0.00,0.00,0.00,0.00,5.00
12445.00,0.01,-0.00,0.13,0.00,0.00,-10.05,-0.27,0.02,-4242.81,-0.00,-0.00,-0.00,0.00,0.00,0.00,8.00
12463.00,0.01,-0.00,0.16,0.00,0.00,1.54,-0.27,0.02,643.97,-0.00,-0.00,-0.00,-0.00,-0.00,0.00,6.00
12469.00,0.01,-0.00,0.20,0.00,0.00,6.81,-0.27,0.02,878.69,-0.00,-0.00,-0.00,0.00,-0.00,-0.00,6.00
12475.00,0.01,-0.00,0.25,0.00,0.00,8.60,-0.27,0.02,297.67,-0.00,-0.00,-0.00,0.00,-0.00,-0.00,18.00
12493.00,0.01,-0.00,0.24,0.00,0.00,-0.56,-0.27,0.02,-508.76,-0.00,-0.00,-0.00,0.00,0.00,0.00,8.00
12501.00,0.01,-0.00,0.26,0.00,0.00,1.57,-0.27,0.02,266.49,-0.00,-0.00,-0.00,0.00,-0.01,0.00,6.00
12507.00,0.01,-0.00,0.18,0.00,0.00,-12.04,-0.27,0.02,-2268.18,-0.00,-0.00,-0.00,0.00,-0.00,0.00,7.00
12514.00,0.01,-0.00,0.17,0.00,0.00,-2.32,-0.27,0.02,1387.42,-0.00,-0.00,-0.00,0.00,-0.00,0.00,5.00
12519.00,0.01,-0.00,0.08,0.00,0.00,-17.02,-0.27,0.02,-2939.29,-0.00,-0.00,-0.00,0.00,0.00,0.00,6.00
12525.00,0.01,-0.00,0.21,0.00,0.00,21.63,-0.27,0.02,6441.14,-0.00,-0.00,-0.00,0.00,0.00,0.00,8.00
12533.00,0.01,-0.00,0.21,0.00,0.00,-0.45,-0.27,0.02,-2759.24,-0.00,-0.00,-0.00,0.00,-0.00,0.00,8.00
12546.00,0.01,-0.00,0.23,0.00,0.00,1.88,-0.27,0.02,179.00,-0.00,-0.00,-0.00,0.00,-0.00,-0.00,8.00
12554.00,0.01,-0.00,0.24,0.00,0.00,0.65,-0.27,0.02,-154.00,-0.00,-0.00,-0.00,0.00,0.00,-0.00,8.00
12562.00,0.01,-0.00,0.19,0.00,0.00,-6.31,-0.27,0.02,-870.35,-0.00,-0.00,-0.00,-0.00,0.00,-0.00,6.00
12568.00,0.01,-0.00,0.23,0.00,0.00,6.56,-0.27,0.02,2145.07,-0.00,-0.00,-0.00,0.00,-0.00,-0.00,6.00
12574.00,0.02,-0.00,0.18,0.06,-0.00,-8.58,0.27,-0.02,-2522.97,-0.00,-0.00,-0.00,0.00,-0.00,-0.00,19.00
12593.00,0.02,-0.00,0.15,0.06,-0.00,-1.48,0.27,-0.02,373.98,-0.00,-0.00,-0.00,-0.00,0.00,0.00,8.00
12601.00,0.02,-0.00,0.21,0.06,-0.00,7.45,0.27,-0.02,1116.05,-0.00,-0.00,-0.00,0.00,0.00,0.00,5.00
12606.00,0.02,-0.00,0.12,0.06,-0.00,-17.41,0.27,-0.02,-4971.71,-0.00,-0.00,-0.00,0.00,0.00,0.00,8.00
12614.00,0.02,-0.00,0.09,0.06,-0.00,-4.02,0.27,-0.02,1673.46,-0.00,-0.00,-0.00,0.00,0.00,0.00,5.00
12619.00,0.02,-0.00,0.15,0.06,-0.00,12.03,0.27,-0.02,3210.19,-0.00,-0.00,-0.00,0.00,0.00,-0.00,6.00
12630.00,0.02,-0.00,0.10,0.06,-0.00,-4.69,0.27,-0.02,-1519.91,-0.00,-0.00,-0.00,0.00,0.00,0.00,6.00
12636.00,0.02,-0.00,0.13,0.06,-0.00,4.94,0.27,-0.02,1605.15,-0.00,-0.00,-0.00,0.00,0.00,0.00,7.00
12643.00,0.02,-0.00,0.16,0.06,-0.00,4.12,0.27,-0.02,-118.03,-0.00,-0.00,-0.00,0.00,0.01,0.00,9.00
12652.00,0.02,-0.00,0.15,0.06,-0.00,-0.59,0.27,-0.02,-522.88,-0.00,-0.00,-0.00,-0.00,0.00,-0.00,6.00
12658.00,0.02,-0.00,0.12,0.06,-0.00,-5.32,0.27,-0.02,-787.99,-0.00,-0.00,-0.00,-0.00,-0.00,-0.00,7.00
12665.00,0.02,-0.00,0.21,0.06,-0.00,12.87,0.27,-0.02,2597.98,-0.00,-0.00,-0.00,0.00,-0.00,-0.00,6.00
12671.00,0.02,-0.00,0.15,0.06,-0.00,-9.91,0.27,-0.02,-3796.37,-0.00,-0.00,-0.00,-0.00,0.00,0.00,6.00
12677.00,0.02,-0.00,0.11,0.06,-0.00,-7.14,0.27,-0.02,462.11,-0.00,-0.00,-0.00,-0.00,-0.00,0.00,7.00
12684.00,0.02,-0.00,0.17,0.06,-0.00,9.40,0.27,-0.02,2361.57,-0.00,-0.00,-0.00,-0.00,-0.00,0.00,19.00
12703.00,0.02,-0.00,0.05,0.06,-0.00,-6.15,0.27,-0.02,-818.29,-0.00,-0.00,-0.00,-0.00,-0.01,0.00,7.00
12715.00,0.02,-0.00,0.03,0.06,-0.00,-1.74,0.27,-0.02,367.44,-0.00,-0.00,-0.00,-0.00,0.00,0.00,7.00
12722.00,0.02,-0.00,0.14,0.06,-0.00,15.49,0.27,-0.02,2461.67,-0.00,-0.00,-0.00,-0.00,0.00,0.00,6.00
12728.00,0.02,-0.00,0.02,0.06,-0.00,-19.57,0.27,-0.02,-5843.91,-0.00,-0.00,-0.00,-0.00,-0.00,0.00,7.00
12735.00,0.02,-0.00,0.17,0.06,-0.00,21.16,0.27,-0.02,5819.05,-0.00,-0.00,-0.00,0.00,-0.00,0.00,8.00
12743.00,0.02,-0.00,0.19,0.06,-0.00,2.41,0.27,-0.02,-2343.93,-0.00,-0.00,-0.00,0.00,-0.00,-0.00,8.00
12751.00,0.02,-0.00,0.12,0.06,-0.00,-8.76,0.27,-0.02,-1396.07,-0.00,-0.00,-0.00,0.00,0.00,-0.00,5.00
12756.00,0.02,-0.00,0.21,0.06,-0.00,17.58,0.27,-0.02,5268.80,-0.00,-0.00,-0.00,-0.00,0.00,-0.00,8.00
12764.00,0.02,-0.00,0.09,0.06,-0.00,-15.01,0.27,-0.02,-4073.79,-0.00,-0.00,-0.00,-0.00,0.00,0.00,5.00
12769.00,0.02,-0.00,0.19,0.06,-0.00,20.55,0.27,-0.02,7112.42,-0.00,-0.00,-0.00,-0.00,0.00,-0.00,6.00
12775.00,0.02,-0.00,0.17,0.00,0.00,-4.50,-0.27,0.02,-4176.35,-0.00,-0.00,-0.00,-0.00,0.00,-0.00,8.00
12788.00,0.02,-0.00,0.19,0.00,0.00,2.10,-0.27,0.02,508.30,-0.00,-0.00,-0.00,0.00,0.00,-0.00,18.00
12806.00,0.02,-0.00,0.13,0.00,0.00,-3.36,-0.27,0.02,-303.43,-0.00,-0.00,-0.00,0.00,-0.00,0.00,8.00
12814.00,0.02,-0.00,0.15,0.00,0.00,2.01,-0.27,0.02,671.05,-0.00,-0.00,-0.00,-0.00,-0.00,0.00,5.00
12819.00,0.02,-0.00,0.12,0.00,0.00,-5.52,-0.27,0.02,-1506.99,-0.00,-0.00,-0.00,-0.00,0.00,0.00,7.00
12826.00,0.02,-0.00,0.19,0.00,0.00,9.18,-0.27,0.02,2100.72,-0.00,-0.00,-0.00,-0.00,0.00,-0.00,7.00
12833.00,0.02,-0.00,0.18,0.00,0.00,-0.58,-0.27,0.02,-1394.71,-0.00,-0.00,-0.00,-0.00,0.00,-0.00,8.00
12841.00,0.02,-0.00,0.18,0.00,0.00,-0.51,-0.27,0.02,9.28,-0.00,-0.00,-0.00,0.00,0.00,-0.00,6.00
12847.00,0.02,-0.00,0.20,0.00,0.00,3.77,-0.27,0.02,712.28,-0.00,-0.00,-0.00,0.00,0.00,-0.00,7.00
12854.00,0.02,-0.00,0.19,0.00,0.00,-1.74,-0.27,0.02,-787.22,-0.00,-0.00,-0.00,0.00,0.00,-0.00,9.00
12863.00,0.02,-0.00,0.20,0.00,0.00,1.46,-0.27,0.02,356.07,-0.00,-0.00,-0.00,0.00,0.00,-0.00,6.00
12874.00,0.02,-0.00,0.17,0.00,0.00,-2.37,-0.27,0.02,-347.84,-0.00,-0.00,-0.00,0.00,0.00,-0.00,19.00
12893.00,0.02,-0.00,0.12,0.00,0.00,-2.86,-0.27,0.02,-25.83,-0.00,-0.00,-0.00,0.00,0.00,0.00,8.00
12901.00,0.02,-0.00,0.25,0.00,0.00,16.69,-0.27,0.02,2443.08,-0.00,-0.00,-0.00,0.00,0.00,-0.00,5.00
12906.00,0.02,-0.00,0.10,0.00,0.00,-31.47,-0.27,0.02,-9632.23,-0.00,-0.00,-0.00,0.00,0.00,-0.00,8.00
12914.00,0.02,-0.00,0.22,0.00,0.00,15.48,-0.27,0.02,5868.62,-0.00,-0.00,-0.00,0.00,0.00,0.00,6.00
12920.00,0.02,-0.00,0.23,0.00,0.00,1.18,-0.27,0.02,-2383.09,-0.00,-0.00,-0.00,0.00,0.00,-0.00,6.00
12926.00,0.02,-0.00,0.18,0.00,0.00,-7.86,-0.27,0.02,-1506.03,-0.00,-0.00,-0.00,0.00,0.00,-0.00,8.00
12934.00,0.02,-0.00,0.13,0.00,0.00,-6.70,-0.27,0.02,144.60,-0.00,-0.00,-0.00,0.00,0.00,0.00,8.00
12942.00,0.02,-0.00,0.17,0.00,0.00,4.88,-0.27,0.02,1447.41,-0.00,-0.00,-0.00,-0.00,0.00,-0.00,5.00
12947.00,0.02,-0.00,0.21,0.00,0.00,9.83,-0.27,0.02,990.84,-0.00,-0.00,-0.00,-0.00,-0.00,-0.00,8.00
12960.00,0.02,-0.00,0.25,0.00,0.00,2.38,-0.27,0.02,-573.06,-0.00,-0.00,-0.00,0.00,-0.00,-0.00,7.00
12967.00,0.02,-0.00,0.17,0.00,0.00,-10.49,-0.27,0.02,-1838.42,0.00,-0.00,-0.00,0.00,-0.00,0.00,7.00
12974.00,0.02,-0.00,0.20,0.00,0.00,3.95,-0.27,0.02,2062.33,0.00,-0.00,-0.00,0.00,-0.00,0.00,17.00
12991.00,0.03,-0.01,0.18,0.05,-0.04,-1.38,0.24,-0.18,-313.18,-0.00,-0.00,-0.00,-0.00,-0.00,0.00,6.00
12997.00,0.03,-0.01,0.16,0.05,-0.04,-3.10,0.24,-0.18,-287.61,-0.00,-0.00,-0.00,-0.00,-0.00,-0.00,8.00
13005.00,0.03,-0.01,0.22,0.05,-0.04,7.29,0.24,-0.18,1299.09,-0.00,-0.00,-0.00,0.00,-0.00,-0.00,8.00
13013.00,0.03,-0.01,0.19,0.05,-0.04,-3.19,0.24,-0.18,-1310.30,-0.00,-0.00,-0.00,0.00,0.00,-0.00,5.00
13018.00,0.03,-0.01,0.22,0.05,-0.04,6.14,0.24,-0.18,1867.04,-0.00,-0.00,-0.00,0.00,0.00,-0.00,7.00
13025.00,0.03,-0.01,0.14,0.05,-0.04,-11.27,0.24,-0.18,-2488.03,-0.00,-0.00,-0.00,0.00,-0.00,-0.00,8.00
13033.00,0.03,-0.01,0.47,0.05,-0.04,40.49,0.24,-0.18,6470.78,-0.00,-0.00,-0.00,-0.00,0.00,-0.00,3.00
13041.00,0.03,-0.01,0.22,0.05,-0.04,-30.82,0.24,-0.18,-8914.53,-0.00,-0.00,-0.00,-0.00,0.00,0.00,7.00
13048.00,0.03,-0.01,0.13,0.05,-0.04,-12.77,0.24,-0.18,2578.56,-0.00,-0.00,-0.00,-0.00,0.00,0.00,7.00
13055.00,0.03,-0.01,0.21,0.05,-0.04,11.24,0.24,-0.18,3429.57,-0.00,-0.00,-0.00,0.00,-0.00,0.00,9.00
13064.00,0.03,-0.01,0.11,0.05,-0.04,-10.78,0.24,-0.18,-2446.45,-0.00,-0.00,-0.00,0.00,0.00,0.00,5.00
13069.00,0.03,-0.01,0.11,0.05,-0.04,-0.34,0.24,-0.18,2088.85,-0.00,-0.00,-0.00,-0.00,0.00,-0.00,7.00
13076.00,0.03,-0.01,0.14,0.05,-0.04,4.48,0.24,-0.18,687.77,-0.00,-0.00,-0.00,-0.00,0.00,-0.00,8.00
13084.00,0.03,-0.01,0.18,0.05,-0.04,4.76,0.24,-0.18,35.36,-0.00,-0.00,-0.00,0.00,-0.00,-0.00,18.00
13102.00,0.03,-0.01,0.08,0.05,-0.04,-5.56,0.24,-0.18,-573.53,0.00,-0.00,-0.00,0.00,-0.00,0.00,6.00
13108.00,0.03,-0.01,0.13,0.05,-0.04,8.09,0.24,-0.18,2275.44,0.00,-0.00,-0.00,0.00,-0.00,0.00,7.00
13115.00,0.03,-0.01,0.13,0.05,-0.04,0.78,0.24,-0.18,-1044.04,0.00,-0.00,-0.00,0.00,-0.00,0.00,6.00
13126.00,0.03,-0.01,0.14,0.05,-0.04,0.45,0.24,-0.18,-29.63,0.00,-0.00,-0.00,-0.00,0.00,0.00,9.00
13135.00,0.03,-0.01,0.17,0.05,-0.04,3.29,0.24,-0.18,315.54,0.00,-0.00,-0.00,0.00,0.00,0.00,9.00
13144.00,0.03,-0.01,0.09,0.05,-0.04,-8.15,0.24,-0.18,-1271.92,0.00,-0.00,-0.00,0.00,0.00,0.00,7.00
13151.00,0.03,-0.01,0.11,0.05,-0.04,1.48,0.24,-0.18,1376.16,0.00,-0.00,-0.00,0.00,-0.00,-0.00,5.00
13156.00,0.03,-0.01,0.09,0.05,-0.04,-2.31,0.24,-0.18,-756.99,0.00,-0.00,-0.00,0.00,-0.00,-0.00,9.00
13165.00,0.03,-0.01,0.20,0.05,-0.04,11.89,0.24,-0.18,1577.25,0.00,-0.00,-0.00,0.00,-0.00,-0.00,5.00
13170.00,0.03,-0.01,0.16,0.05,-0.04,-7.21,0.24,-0.18,-3819.39,0.00,-0.00,-0.00,0.00,-0.00,0.00,7.00
13177.00,0.03,-0.01,0.14,0.05,-0.04,-4.21,0.24,-0.18,428.40,0.00,-0.00,-0.00,0.00,-0.00,0.00,8.00
13185.00,0.03,-0.01,0.19,0.05,-0.04,6.46,0.24,-0.18,1333.74,0.00,-0.00,-0.00,-0.00,-0.00,0.00,18.00
13203.00,0.03,-0.01,0.21,0.00,0.00,1.07,-0.24,0.19,-299.49,-0.00,-0.00,-0.00,-0.00,-0.00,0.00,6.00
13219.00,0.03,-0.01,0.20,0.00,0.00,-0.10,-0.24,0.19,-72.93,0.00,-0.00,-0.00,0.00,-0.00,0.00,8.00
13227.00,0.03,-0.01,0.14,0.00,0.00,-7.64,-0.24,0.19,-942.66,0.00,-0.00,-0.00,0.00,-0.00,0.00,8.00
13235.00,0.03,-0.01,0.14,0.00,0.00,-0.62,-0.24,0.19,877.26,0.00,-0.00,-0.00,0.00,-0.00,-0.00,7.00
13242.00,0.03,-0.01,0.15,0.00,0.00,1.92,-0.24,0.19,363.05,0.00,-0.00,-0.00,0.00,0.00,-0.00,6.00
13248.00,0.03,-0.01,0.22,0.00,0.00,11.39,-0.24,0.19,1578.62,0.00,-0.00,-0.00,0.00,0.00,-0.00,8.00
13256.00,0.03,-0.01,0.26,0.00,0.00,4.95,-0.24,0.19,-804.85,0.00,-0.00,-0.00,-0.00,-0.00,-0.00,9.00
13265.00,0.03,-0.01,0.13,0.00,0.00,-14.05,-0.24,0.19,-2111.55,0.00,-0.00,-0.00,-0.00,-0.00,-0.00,5.00
13270.00,0.03,-0.01,0.16,0.00,0.00,4.45,-0.24,0.19,3699.55,0.00,-0.00,-0.00,-0.00,0.00,0.00,6.00
13276.00,0.03,-0.01,0.28,0.00,0.00,20.87,-0.24,0.19,2737.65,0.00,-0.00,-0.00,0.00,0.00,0.00,19.00
13295.00,0.03,-0.01,0.19,0.00,0.00,-4.70,-0.24,0.19,-1346.28,0.00,-0.00,-0.00,0.00,0.00,0.00,7.00
13307.00,0.03,-0.01,0.28,0.00,0.00,7.15,-0.24,0.19,987.91,0.00,-0.00,-0.00,0.00,0.00,0.00,10.00
13317.00,0.03,-0.01,0.25,0.00,0.00,-2.96,-0.24,0.19,-1011.01,0.00,-0.00,-0.00,0.00,0.00,0.00,5.00
13322.00,0.03,-0.01,0.25,0.00,0.00,1.43,-0.24,0.19,878.12,0.00,-0.00,-0.00,0.00,0.00,-0.00,5.00
13327.00,0.03,-0.01,0.16,0.00,0.00,-18.47,-0.24,0.19,-3980.91,0.00,-0.00,-0.00,0.00,0.00,-0.00,8.00
13335.00,0.03,-0.01,0.22,0.00,0.00,7.16,-0.24,0.19,3203.90,0.00,-0.00,-0.00,0.00,0.00,-0.00,8.00
13343.00,0.03,-0.01,0.25,0.00,0.00,3.25,-0.24,0.19,-488.07,0.00,-0.00,-0.00,0.00,-0.00,-0.00,5.00
13348.00,0.03,-0.01,0.23,0.00,0.00,-2.36,-0.24,0.19,-1121.73,0.00,-0.00,-0.00,0.00,-0.00,-0.00,8.00
13356.00,0.03,-0.01,0.18,0.00,0.00,-6.43,-0.24,0.19,-509.78,0.00,-0.00,-0.00,0.00,-0.00,0.00,8.00
13364.00,0.03,-0.01,0.50,0.00,0.00,39.26,-0.24,0.19,5711.37,0.00,-0.00,-0.00,0.00,-0.00,0.00,3.00
13367.00,0.03,-0.01,0.23,0.00,0.00,-89.73,-0.24,0.19,-42995.65,0.00,-0.00,-0.00,0.00,-0.00,0.00,7.00
13379.00,0.03,-0.01,0.21,0.00,0.00,-1.54,-0.24,0.19,7349.38,0.00,-0.00,-0.00,0.00,-0.00,0.00,18.00
13397.00,0.03,-0.01,0.16,0.00,0.00,-2.71,-0.24,0.19,-65.20,0.00,-0.00,-0.00,0.00,-0.00,0.00,8.00
13405.00,0.04,-0.01,0.21,0.06,-0.00,6.10,0.27,-0.02,1101.74,0.00,-0.00,-0.00,0.00,-0.00,-0.00,7.00
13412.00,0.04,-0.01,0.50,0.06,-0.00,41.39,0.27,-0.02,5041.05,0.00,-0.00,-0.00,-0.00,-0.00,-0.00,5.00
13417.00,0.04,-0.01,0.28,0.06,-0.00,-42.81,0.27,-0.02,-16839.67,0.00,-0.00,-0.00,-0.00,0.00,0.00,5.00
13422.00,0.04,-0.01,0.16,0.06,-0.00,-25.83,0.27,-0.02,3394.86,0.00,-0.00,-0.00,0.00,0.00,0.00,6.00
13428.00,0.04,-0.01,0.25,0.06,-0.00,15.97,0.27,-0.02,6966.81,0.00,-0.00,-0.00,0.00,0.00,-0.00,8.00
13436.00,0.04,-0.01,0.29,0.06,-0.00,4.30,0.27,-0.02,-1458.35,0.00,-0.00,-0.00,0.00,0.00,-0.00,5.00
13441.00,0.04,-0.01,0.26,0.06,-0.00,-4.18,0.27,-0.02,-1696.29,0.00,-0.00,-0.00,0.00,-0.00,0.00,6.00
13447.00,0.04,-0.01,0.23,0.06,-0.00,-6.00,0.27,-0.02,-303.01,0.00,-0.00,-0.00,0.00,-0.00,0.00,9.00
13461.00,0.04,-0.01,0.27,0.06,-0.00,3.28,0.27,-0.02,662.96,0.00,-0.00,-0.00,0.00,0.00,0.00,7.00
13468.00,0.04,-0.01,0.21,0.06,-0.00,-9.26,0.27,-0.02,-1791.83,0.00,-0.00,-0.00,0.00,0.00,0.00,7.00
13475.00,0.04,-0.01,0.23,0.06,-0.00,2.16,0.27,-0.02,1631.11,0.00,-0.00,-0.00,-0.00,0.00,-0.00,18.00
13493.00,0.04,-0.01,0.24,0.06,-0.00,0.73,0.27,-0.02,-79.39,0.00,-0.00,-0.00,0.00,0.00,-0.00,5.00
13498.00,0.04,-0.01,0.32,0.06,-0.00,16.15,0.27,-0.02,3084.78,0.00,-0.00,-0.00,-0.00,0.00,-0.00,8.00
13506.00,0.04,-0.01,0.34,0.06,-0.00,2.65,0.27,-0.02,-1687.30,0.00,-0.00,-0.00,-0.00,0.00,0.00,8.00
13514.00,0.04,-0.01,0.33,0.06,-0.00,-1.12,0.27,-0.02,-471.25,0.00,-0.00,-0.00,-0.00,-0.00,0.00,5.00
13519.00,0.04,-0.01,0.16,0.06,-0.00,-34.07,0.27,-0.02,-6590.82,0.00,-0.00,-0.00,-0.00,-0.00,0.00,7.00
13526.00,0.04,-0.01,0.24,0.06,-0.00,11.69,0.27,-0.02,6537.00,0.00,-0.00,-0.00,0.00,0.00,0.00,8.00
13534.00,0.04,-0.01,0.29,0.06,-0.00,6.06,0.27,-0.02,-703.05,0.00,-0.00,-0.00,-0.00,-0.00,0.00,6.00
13545.00,0.04,-0.01,0.36,0.06,-0.00,6.50,0.27,-0.02,39.32,0.00,-0.00,-0.00,0.00,-0.01,-0.00,8.00
13553.00,0.04,-0.01,0.33,0.06,-0.00,-4.20,0.27,-0.02,-1337.02,0.00,-0.00,-0.00,0.00,0.00,0.00,5.00
13558.00,0.04,-0.01,0.23,0.06,-0.00,-20.33,0.27,-0.02,-3226.02,0.00,-0.00,-0.00,-0.00,-0.00,0.00,9.00
13567.00,0.04,-0.01,0.23,0.06,-0.00,-0.22,0.27,-0.02,2234.02,0.00,-0.00,-0.00,-0.00,-0.00,-0.00,5.00
13572.00,0.04,-0.01,0.25,0.06,-0.00,4.93,0.27,-0.02,1031.77,0.00,-0.00,-0.00,-0.00,-0.00,0.00,6.00
13578.00,0.04,-0.01,0.42,0.06,-0.00,28.87,0.27,-0.02,3988.62,0.00,-0.00,-0.00,-0.00,-0.00,0.00,8.00
13586.00,0.04,-0.01,0.24,0.06,-0.00,-22.86,0.27,-0.02,-6465.28,0.00,-0.00,-0.00,-0.00,0.00,0.00,17.00
13603.00,0.04,-0.01,0.33,0.06,-0.00,5.28,0.27,-0.02,1654.88,-0.00,-0.00,-0.00,-0.00,-0.00,0.00,6.00
13609.00,0.04,-0.01,0.28,0.00,0.00,-8.75,-0.27,0.02,-2337.07,-0.00,-0.00,-0.00,-0.00,-0.00,0.00,8.00
13617.00,0.04,-0.01,0.37,0.00,0.00,11.17,-0.27,0.02,2489.08,-0.00,-0.00,-0.00,0.00,-0.01,0.00,5.00
13627.00,0.04,-0.01,0.32,0.00,0.00,-4.61,-0.27,0.02,-1577.59,-0.00,-0.00,-0.00,0.00,-0.00,-0.00,10.00
13637.00,0.04,-0.01,0.40,0.00,0.00,8.28,-0.27,0.02,1288.91,-0.00,-0.00,-0.00,0.00,-0.00,0.00,8.00
13645.00,0.04,-0.01,0.25,0.00,0.00,-19.38,-0.27,0.02,-3457.90,-0.00,-0.00,-0.00,0.00,0.00,0.00,7.00
13652.00,0.04,-0.01,0.25,0.00,0.00,-0.08,-0.27,0.02,2757.70,-0.00,-0.00,-0.00,0.00,-0.00,-0.00,6.00
13658.00,0.04,-0.01,0.39,0.00,0.00,23.61,-0.27,0.02,3947.33,-0.00,-0.00,-0.00,0.00,-0.00,-0.00,9.00
13667.00,0.04,-0.01,0.34,0.00,0.00,-5.53,-0.27,0.02,-3237.77,-0.00,-0.00,-0.00,0.00,0.00,0.00,5.00
13672.00,0.04,-0.01,0.24,0.00,0.00,-19.77,-0.27,0.02,-2846.16,-0.00,-0.00,-0.00,-0.00,0.00,0.00,6.00
13678.00,0.04,-0.01,0.32,0.00,0.00,12.36,-0.27,0.02,5353.95,-0.00,-0.00,-0.00,-0.00,0.00,0.00,8.00
13686.00,0.04,-0.01,0.32,0.00,0.00,0.11,-0.27,0.02,-1531.48,-0.00,-0.00,-0.00,0.00,0.00,0.00,18.00
13704.00,0.04,-0.01,0.27,0.00,0.00,-2.44,-0.27,0.02,-141.53,0.00,-0.00,-0.00,0.00,0.00,0.00,6.00
13715.00,0.04,-0.01,0.30,0.00,0.00,2.38,-0.27,0.02,438.08,0.00,-0.00,-0.00,0.00,-0.00,0.00,6.00
13721.00,0.04,-0.01,0.36,0.00,0.00,10.03,-0.27,0.02,1274.80,0.00,-0.00,-0.00,0.00,-0.00,0.00,6.00
13727.00,0.04,-0.01,0.22,0.00,0.00,-23.47,-0.27,0.02,-5582.02,0.00,-0.00,-0.00,0.00,-0.00,0.00,9.00
13736.00,0.04,-0.01,0.35,0.00,0.00,14.34,-0.27,0.02,4200.53,0.00,-0.00,-0.00,0.00,-0.00,-0.00,8.00
13744.00,0.04,-0.01,0.30,0.00,0.00,-5.72,-0.27,0.02,-2507.87,0.00,-0.00,-0.00,0.00,0.00,0.00,5.00
13749.00,0.04,-0.01,0.30,0.00,0.00,-0.18,-0.27,0.02,1108.85,0.00,-0.00,-0.00,0.00,0.00,-0.00,8.00
13757.00,0.04,-0.01,0.18,0.00,0.00,-15.43,-0.27,0.02,-1906.63,0.00,-0.00,-0.00,0.00,0.00,-0.00,8.00
13765.00,0.04,-0.01,0.31,0.00,0.00,17.02,-0.27,0.02,4055.97,0.00,-0.00,-0.00,0.00,0.00,0.00,5.00
13770.00,0.04,-0.01,0.26,0.00,0.00,-9.74,-0.27,0.02,-5351.76,0.00,-0.00,-0.00,0.00,0.00,0.00,8.00
13778.00,0.04,-0.01,0.33,0.00,0.00,8.69,-0.27,0.02,2304.14,0.00,-0.00,-0.00,-0.00,0.00,-0.00,8.00
13791.00,0.04,-0.01,0.46,0.00,0.00,9.91,-0.27,0.02,93.64,0.00,-0.00,-0.00,-0.00,0.00,-0.00,17.00
13808.00,0.04,-0.01,0.24,0.00,0.00,-13.16,-0.27,0.02,-1356.76,0.00,-0.00,-0.00,0.00,0.00,0.00,9.00
13817.00,0.04,-0.01,0.29,0.00,0.00,5.19,0.00,0.00,2039.13,0.00,-0.00,-0.00,-0.00,0.00,0.00,5.00
13822.00,0.04,-0.01,0.36,0.00,0.00,15.21,0.00,0.00,2003.47,0.00,-0.00,-0.00,0.00,0.00,0.00,7.00
13829.00,0.04,-0.01,0.37,0.00,0.00,1.40,0.00,0.00,-1973.80,0.00,-0.00,-0.00,0.00,0.00,0.00,8.00
13837.00,0.04,-0.01,0.23,0.00,0.00,-17.18,0.00,0.00,-2322.45,0.00,-0.00,-0.00,0.00,0.00,0.00,8.00
13845.00,0.04,-0.01,0.28,0.00,0.00,5.77,0.00,0.00,2868.73,0.00,-0.00,-0.00,0.00,0.00,-0.00,5.00
13850.00,0.04,-0.01,0.29,0.00,0.00,1.92,0.00,0.00,-768.46,0.00,-0.00,-0.00,0.00,0.00,-0.00,8.00
13858.00,0.04,-0.01,0.30,0.00,0.00,1.56,0.00,0.00,-44.91,0.00,-0.00,-0.00,0.00,0.00,-0.00,8.00
13866.00,0.04,-0.01,0.32,0.00,0.00,2.70,0.00,0.00,141.63,0.00,-0.00,-0.00,0.00,0.00,0.00,6.00
13882.00,0.04,-0.01,0.27,0.00,0.00,-3.16,0.00,0.00,-365.81,0.00,-0.00,-0.00,-0.00,0.00,0.00,18.00
13900.00,0.04,-0.01,0.23,0.00,0.00,-2.58,0.00,0.00,32.17,0.00,-0.00,-0.00,0.00,0.00,-0.00,8.00
13908.00,0.04,-0.01,0.28,0.00,0.00,6.27,0.00,0.00,1106.27,0.00,-0.00,-0.00,0.00,0.00,-0.00,8.00
13916.00,0.04,-0.01,0.31,0.00,0.00,3.62,0.00,0.00,-332.16,0.00,-0.00,-0.00,0.00,0.01,0.00,6.00
13922.00,0.04,-0.01,0.24,0.00,0.00,-10.63,0.00,0.00,-2373.74,0.00,-0.00,-0.00,0.00,0.00,0.00,6.00
13928.00,0.04,-0.01,0.36,0.00,0.00,19.39,0.00,0.00,5003.12,0.00,-0.00,-0.00,0.00,0.00,0.00,9.00
13937.00,0.04,-0.01,0.28,0.00,0.00,-8.24,0.00,0.00,-3070.02,0.00,-0.00,-0.00,-0.00,0.00,0.00,8.00
13945.00,0.04,-0.01,0.23,0.00,0.00,-6.57,0.00,0.00,208.73,0.00,-0.00,-0.00,0.00,0.00,0.00,6.00
13951.00,0.04,-0.01,0.24,0.00,0.00,2.19,0.00,0.00,1459.38,0.00,-0.00,-0.00,0.00,-0.00,0.00,7.00
13958.00,0.04,-0.01,0.23,0.00,0.00,-1.48,0.00,0.00,-524.29,0.00,-0.00,-0.00,0.00,-0.00,0.00,9.00
13972.00,0.04,-0.01,0.29,0.00,0.00,4.05,0.00,0.00,394.91,0.00,-0.00,-0.00,-0.00,0.00,0.00,17.00
13989.00,0.04,-0.01,0.30,0.00,0.00,0.67,0.00,0.00,-198.68,0.00,-0.00,-0.00,-0.00,-0.00,0.00,9.00
13998.00,0.04,-0.01,0.33,0.00,0.00,3.53,0.00,0.00,317.73,0.00,-0.00,-0.00,-0.00,0.00,0.00,8.00
14006.00,0.04,-0.01,0.30,0.00,0.00,-4.46,0.00,0.00,-998.92,0.00,-0.00,-0.00,0.00,-0.00,-0.00,6.00
14012.00,0.04,-0.01,0.34,0.00,0.00,6.64,0.00,0.00,1850.75,0.00,-0.00,-0.00,0.00,-0.00,-0.00,7.00
14019.00,0.06,-0.01,0.23,0.06,-0.00,-15.85,0.27,-0.02,-3212.56,0.00,-0.00,-0.00,0.00,-0.00,0.00,5.00
14024.00,0.06,-0.01,0.32,0.06,-0.00,18.55,0.27,-0.02,6878.31,0.00,-0.00,-0.00,-0.00,-0.01,0.00,6.00
14030.00,0.06,-0.01,0.30,0.06,-0.00,-3.92,0.27,-0.02,-3744.26,0.00,-0.00,-0.00,-0.00,-0.01,0.00,8.00
14038.00,0.06,-0.01,0.23,0.06,-0.00,-8.38,0.27,-0.02,-557.28,0.00,-0.00,-0.00,-0.00,-0.00,0.00,8.00
14046.00,0.06,-0.01,0.36,0.06,-0.00,16.48,0.27,-0.02,3106.70,0.00,-0.00,-0.00,-0.00,-0.00,0.00,7.00
14058.00,0.06,-0.01,0.26,0.06,-0.00,-8.65,0.27,-0.02,-2093.89,0.00,-0.00,-0.00,-0.00,0.01,0.00,9.00
14067.00,0.06,-0.01,0.34,0.06,-0.00,9.42,0.27,-0.02,2007.97,0.00,-0.00,-0.00,0.00,0.01,0.00,5.00
14072.00,0.06,-0.01,0.27,0.06,-0.00,-14.42,0.27,-0.02,-4767.82,0.00,-0.00,-0.00,0.00,0.01,0.00,7.00
14079.00,0.06,-0.01,0.39,0.06,-0.00,17.32,0.27,-0.02,4533.56,0.00,-0.00,-0.00,0.00,0.01,-0.00,8.00
14087.00,0.06,-0.01,0.38,0.06,-0.00,-1.16,0.27,-0.02,-2310.09,0.00,0.00,-0.00,0.00,0.00,-0.00,18.00
14105.00,0.06,-0.01,0.31,0.06,-0.00,-3.74,0.27,-0.02,-143.37,0.00,0.00,-0.00,0.00,0.01,-0.00,5.00
14110.00,0.06,-0.01,0.29,0.06,-0.00,-4.27,0.27,-0.02,-105.58,0.00,0.00,-0.00,0.00,0.00,-0.00,8.00
14118.00,0.06,-0.01,0.39,0.06,-0.00,11.96,0.27,-0.02,2028.93,0.00,0.00,-0.00,-0.00,-0.00,0.00,6.00
14124.00,0.06,-0.01,0.33,0.06,-0.00,-9.08,0.27,-0.02,-3507.03,0.00,0.00,-0.00,0.00,-0.00,0.00,5.00
14129.00,0.06,-0.01,0.35,0.06,-0.00,2.39,0.27,-0.02,2294.53,0.00,0.00,-0.00,0.00,-0.00,0.00,9.00
14143.00,0.06,-0.01,0.32,0.06,-0.00,-2.14,0.27,-0.02,-323.63,0.00,0.00,-0.00,-0.00,-0.00,0.00,7.00
14150.00,0.06,-0.01,0.30,0.06,-0.00,-1.98,0.27,-0.02,23.59,0.00,0.00,-0.00,-0.00,0.00,0.00,8.00
14158.00,0.06,-0.01,0.32,0.06,-0.00,1.88,0.27,-0.02,481.67,0.00,0.00,-0.00,-0.00,0.00,0.00,8.00
14166.00,0.06,-0.01,0.37,0.06,-0.00,6.17,0.27,-0.02,537.10,0.00,0.00,-0.00,0.00,0.00,0.00,5.00
14171.00,0.06,-0.01,0.24,0.06,-0.00,-24.98,0.27,-0.02,-6229.97,0.00,0.00,-0.00,0.00,0.00,0.00,7.00
14178.00,0.06,-0.01,0.23,0.06,-0.00,-2.11,0.27,-0.02,3266.75,0.00,0.00,-0.00,0.00,0.00,0.00,9.00
14187.00,0.06,-0.01,0.36,0.06,-0.00,14.42,0.27,-0.02,1836.78,0.00,0.00,-0.00,-0.00,-0.00,0.00,16.00
14203.00,0.06,-0.01,0.28,0.06,-0.00,-4.53,0.27,-0.02,-1184.56,0.00,0.00,-0.00,-0.00,-0.00,-0.00,6.00
14209.00,0.06,-0.01,0.25,0.06,-0.00,-5.44,0.27,-0.02,-152.30,0.00,0.00,-0.00,-0.00,-0.00,0.00,9.00
14218.00,0.06,-0.01,0.30,0.06,-0.00,5.68,0.27,-0.02,1235.97,0.00,0.00,-0.00,0.00,-0.00,0.00,5.00
14228.00,0.07,-0.01,0.14,0.05,-0.00,-16.79,-0.01,0.00,-2247.15,0.00,0.00,-0.00,0.00,0.00,0.00,10.00
14238.00,0.07,-0.01,0.27,0.05,-0.00,13.85,-0.01,0.00,3063.93,0.00,0.00,-0.00,0.00,-0.00,0.00,7.00
14245.00,0.07,-0.01,0.21,0.05,-0.00,-9.60,-0.01,0.00,-3349.63,0.00,0.00,-0.00,0.00,0.00,-0.00,6.00
14251.00,0.07,-0.01,0.27,0.05,-0.00,9.79,-0.01,0.00,3231.32,0.00,0.00,-0.00,0.00,0.00,-0.00,7.00
14258.00,0.07,-0.01,0.28,0.05,-0.00,2.08,-0.01,0.00,-1101.36,0.00,0.00,-0.00,0.00,-0.00,-0.00,9.00
14267.00,0.07,-0.01,0.18,0.05,-0.00,-10.57,-0.01,0.00,-1405.83,0.00,0.00,-0.00,0.00,0.00,-0.00,5.00
14272.00,0.07,-0.01,0.20,0.05,-0.00,3.94,-0.01,0.00,2902.63,0.00,0.00,-0.00,0.00,-0.00,-0.00,17.00
14289.00,0.07,-0.01,0.18,0.05,-0.00,-1.21,-0.01,0.00,-302.87,0.00,0.00,-0.00,0.00,-0.00,0.00,9.00
14298.00,0.07,-0.01,0.36,0.05,-0.00,19.74,-0.01,0.00,2327.39,0.00,0.00,-0.00,0.00,0.00,0.00,8.00
14306.00,0.07,-0.01,0.19,0.05,-0.00,-21.93,-0.01,0.00,-5208.34,0.00,0.00,-0.00,0.00,-0.00,0.00,5.00
14316.00,0.07,-0.01,0.22,0.05,-0.00,3.73,-0.01,0.00,2566.33,0.00,0.00,-0.00,0.00,0.00,-0.00,7.00
14323.00,0.07,-0.01,0.32,0.05,-0.00,14.11,-0.01,0.00,1482.62,0.00,0.00,-0.00,0.00,0.00,-0.00,6.00
14329.00,0.07,-0.01,0.33,0.05,-0.00,1.65,-0.01,0.00,-2076.64,0.00,0.00,-0.00,0.00,0.00,-0.00,9.00
14338.00,0.07,-0.01,0.29,0.05,-0.00,-4.70,-0.01,0.00,-705.35,0.00,0.00,-0.00,-0.00,0.00,0.00,7.00
14345.00,0.07,-0.01,0.32,0.05,-0.00,4.00,-0.01,0.00,1241.74,0.00,0.00,-0.00,-0.00,-0.00,0.00,6.00
14351.00,0.07,-0.01,0.24,0.05,-0.00,-12.20,-0.01,0.00,-2699.13,0.00,0.00,-0.00,-0.00,-0.00,0.00,8.00
14359.00,0.07,-0.01,0.32,0.05,-0.00,9.16,-0.01,0.00,2670.31,0.00,0.00,-0.00,0.00,0.00,-0.00,8.00
14367.00,0.07,-0.01,0.30,0.05,-0.00,-2.72,-0.01,0.00,-1485.18,0.00,0.00,-0.00,0.00,-0.00,0.00,5.00
14372.00,0.07,-0.01,0.33,0.05,-0.00,7.19,-0.01,0.00,1981.65,0.00,0.00,-0.00,0.00,0.00,0.00,18.00
14390.00,0.07,-0.01,0.28,0.05,-0.00,-2.75,-0.01,0.00,-552.01,0.00,0.00,-0.00,0.00,0.00,0.00,8.00
14403.00,0.07,-0.01,0.35,0.05,-0.00,5.02,-0.01,0.00,597.39,0.00,0.00,-0.00,0.00,0.00,-0.00,8.00
14411.00,0.07,-0.01,0.27,0.05,-0.00,-9.56,-0.01,0.00,-1822.35,0.00,0.00,-0.00,0.00,0.00,0.00,8.00
14419.00,0.07,-0.01,0.36,0.05,-0.00,11.35,-0.01,0.00,2613.00,0.00,0.00,-0.00,-0.00,0.00,0.00,5.00
14424.00,0.07,-0.01,0.41,0.05,-0.00,9.81,-0.01,0.00,-308.01,0.00,0.00,-0.00,-0.00,0.00,-0.00,6.00
14430.00,0.08,-0.01,0.37,0.06,-0.00,-6.07,0.01,-0.00,-2645.27,0.00,0.00,-0.00,-0.00,0.00,-0.00,9.00
14439.00,0.08,-0.01,0.45,0.06,-0.00,7.83,0.01,-0.00,1544.05,0.00,0.00,-0.00,-0.00,0.00,-0.00,8.00
14447.00,0.08,-0.01,0.32,0.06,-0.00,-15.98,0.01,-0.00,-2975.91,0.00,0.00,-0.00,0.00,-0.00,-0.00,6.00
14453.00,0.08,-0.01,0.37,0.06,-0.00,9.04,0.01,-0.00,4169.52,0.00,0.00,-0.00,0.00,-0.00,-0.00,7.00
14460.00,0.08,-0.01,0.41,0.06,-0.00,4.94,0.01,-0.00,-585.65,0.00,0.00,-0.00,0.00,-0.00,0.00,9.00
14469.00,0.08,-0.01,0.41,0.06,-0.00,0.24,0.01,-0.00,-522.65,0.00,0.00,-0.00,0.00,0.00,0.00,5.00
14479.00,0.08,-0.01,0.36,0.06,-0.00,-4.58,0.01,-0.00,-481.66,0.00,0.00,-0.00,0.00,0.00,0.00,19.00
14498.00,0.08,-0.01,0.33,0.06,-0.00,-1.78,0.01,-0.00,147.55,0.00,0.00,-0.00,0.00,0.00,0.00,7.00
14505.00,0.08,-0.01,0.40,0.06,-0.00,10.48,0.01,-0.00,1750.41,0.00,0.00,-0.00,0.00,0.00,0.00,6.00
14511.00,0.08,-0.01,0.40,0.06,-0.00,0.31,0.01,-0.00,-1694.99,0.00,0.00,-0.00,0.00,0.00,0.00,8.00
14519.00,0.08,-0.01,0.42,0.06,-0.00,2.24,0.01,-0.00,242.13,0.00,0.00,-0.00,0.00,-0.00,-0.00,5.00
14524.00,0.08,-0.01,0.42,0.06,-0.00,-0.90,0.01,-0.00,-628.90,0.00,0.00,-0.00,-0.00,-0.00,-0.00,7.00
14531.00,0.08,-0.01,0.35,0.06,-0.00,-9.13,0.01,-0.00,-1175.59,0.00,0.00,-0.00,-0.00,0.00,-0.00,8.00
14539.00,0.08,-0.01,0.36,0.06,-0.00,1.03,0.01,-0.00,1270.31,0.00,0.00,-0.00,0.00,-0.00,0.00,8.00
14547.00,0.08,-0.01,0.33,0.06,-0.00,-3.40,0.01,-0.00,-553.65,0.00,0.00,-0.00,0.00,0.00,-0.00,6.00
14553.00,0.08,-0.01,0.41,0.06,-0.00,12.13,0.01,-0.00,2587.10,0.00,0.00,-0.00,-0.00,0.00,0.00,7.00
14570.00,0.08,-0.01,0.45,0.06,-0.00,2.34,0.01,-0.00,-575.88,0.00,0.00,-0.00,-0.00,-0.00,0.00,6.00
14576.00,0.08,-0.01,0.27,0.06,-0.00,-30.02,0.01,-0.00,-5392.74,0.00,0.00,-0.00,-0.00,-0.00,0.00,5.00
14581.00,0.08,-0.01,0.42,0.06,-0.00,29.90,0.01,-0.00,11984.05,0.00,0.00,-0.00,-0.00,-0.00,0.00,18.00
14599.00,0.08,-0.01,0.25,0.06,-0.00,-9.00,0.01,-0.00,-2161.19,0.00,0.00,-0.00,-0.00,0.00,0.00,9.00
14608.00,0.08,-0.01,0.42,0.06,-0.00,18.79,0.01,-0.00,3088.15,0.00,0.00,-0.00,-0.00,0.00,0.00,5.00
14613.00,0.08,-0.01,0.40,0.06,-0.00,-5.50,0.01,-0.00,-4857.72,0.00,0.00,-0.00,-0.00,0.00,0.00,8.00
14621.00,0.08,-0.01,0.39,0.06,-0.00,-0.20,0.01,-0.00,662.12,0.00,0.00,-0.00,-0.00,-0.00,0.00,5.00
14626.00,0.08,-0.01,0.44,0.06,-0.00,9.14,0.01,-0.00,1868.03,0.00,0.00,-0.00,-0.00,-0.00,0.00,6.00
14632.00,0.08,-0.01,0.26,0.00,0.00,-29.28,-0.27,0.02,-6404.12,0.00,0.00,-0.00,-0.00,-0.00,0.00,7.00
14639.00,0.08,-0.01,0.45,0.00,0.00,26.75,-0.27,0.02,8005.33,0.00,0.00,-0.00,0.00,0.00,0.00,9.00
14653.00,0.08,-0.01,0.42,0.00,0.00,-2.43,-0.27,0.02,-2084.39,0.00,0.00,-0.00,-0.00,-0.00,-0.00,8.00
14661.00,0.08,-0.01,0.34,0.00,0.00,-10.27,-0.27,0.02,-980.68,0.00,0.00,-0.00,0.00,-0.00,-0.00,8.00
14669.00,0.08,-0.01,0.49,0.00,0.00,19.02,-0.27,0.02,3661.47,0.00,0.00,-0.00,0.00,0.00,-0.00,6.00
14675.00,0.08,-0.01,0.39,0.00,0.00,-16.98,-0.27,0.02,-6000.16,0.00,0.00,-0.00,0.00,0.00,-0.00,6.00
14681.00,0.08,-0.01,0.42,0.00,0.00,6.43,-0.27,0.02,3901.92,0.00,0.00,-0.00,0.00,0.00,-0.00,18.00
14699.00,0.08,-0.01,0.42,0.00,0.00,-0.06,-0.27,0.02,-360.43,0.00,0.00,-0.00,-0.00,-0.00,-0.00,8.00
14707.00,0.08,-0.01,0.34,0.00,0.00,-10.41,-0.27,0.02,-1293.54,0.00,0.00,-0.00,-0.00,-0.00,-0.00,6.00
14713.00,0.08,-0.01,0.43,0.00,0.00,15.22,-0.27,0.02,4270.58,0.00,0.00,-0.00,-0.00,-0.00,-0.00,8.00
14721.00,0.08,-0.01,0.37,0.00,0.00,-7.69,-0.27,0.02,-2863.13,0.00,0.00,-0.00,-0.00,0.00,-0.00,5.00
14726.00,0.08,-0.01,0.40,0.00,0.00,5.46,-0.27,0.02,2629.22,0.00,0.00,-0.00,0.00,0.00,0.00,6.00
14737.00,0.08,-0.01,0.38,0.00,0.00,-1.91,-0.27,0.02,-670.01,0.00,0.00,-0.00,0.00,0.00,0.00,7.00
14744.00,0.08,-0.01,0.40,0.00,0.00,3.45,-0.27,0.02,766.04,0.00,0.00,-0.00,0.00,0.00,0.00,6.00
14750.00,0.08,-0.01,0.38,0.00,0.00,-2.98,-0.27,0.02,-1071.01,0.00,0.00,-0.00,-0.00,0.00,0.00,9.00
14759.00,0.08,-0.01,0.43,0.00,0.00,5.84,-0.27,0.02,979.48,0.00,0.00,-0.00,0.00,0.00,-0.00,7.00
14766.00,0.08,-0.01,0.45,0.00,0.00,1.50,-0.27,0.02,-619.13,0.00,0.00,-0.00,0.00,0.00,0.00,6.00
14772.00,0.08,-0.01,0.41,0.00,0.00,-5.85,-0.27,0.02,-1225.40,0.00,0.00,-0.00,0.00,0.00,0.00,7.00
14779.00,0.08,-0.01,0.47,0.00,0.00,8.67,-0.27,0.02,2074.24,0.00,0.00,-0.00,-0.00,-0.00,-0.00,18.00
14797.00,0.08,-0.01,0.44,0.00,0.00,-1.87,-0.27,0.02,-585.47,0.00,0.00,-0.00,0.00,-0.00,-0.00,6.00
14803.00,0.08,-0.01,0.50,0.00,0.00,9.96,-0.27,0.02,1970.80,0.00,0.00,-0.00,0.00,-0.00,-0.00,7.00
14810.00,0.08,-0.01,0.40,0.00,0.00,-14.20,-0.27,0.02,-3451.80,0.00,0.00,-0.00,0.00,0.00,0.00,9.00
14824.00,0.08,-0.01,0.38,0.00,0.00,-1.37,-0.27,0.02,916.98,0.00,0.00,-0.00,0.00,-0.00,0.00,8.00
14832.00,0.09,-0.02,0.38,0.06,-0.00,0.54,0.28,-0.02,238.79,0.00,0.00,-0.00,-0.00,0.00,0.00,8.00
14840.00,0.09,-0.02,0.36,0.06,-0.00,-2.37,0.28,-0.02,-364.77,0.00,0.00,-0.00,-0.00,0.00,0.00,7.00
14847.00,0.09,-0.02,0.37,0.06,-0.00,0.55,0.28,-0.02,418.12,0.00,0.00,-0.00,-0.00,0.00,0.00,6.00
14853.00,0.09,-0.02,0.38,0.06,-0.00,2.46,0.28,-0.02,318.84,0.00,0.00,-0.00,-0.00,0.00,0.00,8.00
14861.00,0.09,-0.02,0.45,0.06,-0.00,8.33,0.28,-0.02,732.80,0.00,0.00,-0.00,-0.00,0.01,0.00,9.00
14870.00,0.09,-0.02,0.37,0.06,-0.00,-9.18,0.28,-0.02,-1945.24,0.00,0.00,-0.00,0.00,-0.00,-0.00,5.00
14875.00,0.09,-0.02,0.38,0.06,-0.00,1.98,0.28,-0.02,2232.65,0.00,0.00,-0.00,0.00,-0.01,-0.00,6.00
14881.00,0.09,-0.02,0.43,0.06,-0.00,9.54,0.28,-0.02,1259.41,0.00,0.00,-0.00,0.00,-0.01,-0.00,19.00
14900.00,0.09,-0.02,0.44,0.06,-0.00,0.53,0.28,-0.02,-474.43,0.00,-0.00,-0.00,0.00,-0.01,-0.00,7.00
14912.00,0.09,-0.02,0.47,0.06,-0.00,2.29,0.28,-0.02,146.78,0.00,-0.00,-0.00,0.00,-0.00,0.00,10.00
14922.00,0.09,-0.02,0.40,0.06,-0.00,-7.43,0.28,-0.02,-971.47,0.00,-0.00,-0.00,0.00,-0.00,0.00,5.00
14927.00,0.09,-0.02,0.41,0.06,-0.00,1.88,0.28,-0.02,1862.16,0.00,-0.00,-0.00,0.00,0.00,0.00,6.00
14933.00,0.09,-0.02,0.47,0.06,-0.00,9.91,0.28,-0.02,1337.83,0.00,-0.00,-0.00,-0.00,0.00,0.00,7.00
14940.00,0.09,-0.02,0.44,0.06,-0.00,-3.93,0.28,-0.02,-1976.83,0.00,-0.00,-0.00,-0.00,0.00,0.00,8.00
14948.00,0.09,-0.02,0.45,0.06,-0.00,0.87,0.28,-0.02,599.45,0.00,-0.00,-0.00,-0.00,0.00,-0.00,6.00
14954.00,0.09,-0.02,0.41,0.06,-0.00,-6.67,0.28,-0.02,-1255.85,0.00,-0.00,-0.00,-0.00,0.00,-0.00,7.00
14961.00,0.09,-0.02,0.43,0.06,-0.00,2.88,0.28,-0.02,1363.60,0.00,-0.00,-0.00,0.00,0.00,-0.00,9.00
14970.00,0.09,-0.02,0.47,0.06,-0.00,5.26,0.28,-0.02,264.95,0.00,-0.00,-0.00,0.00,0.00,-0.00,6.00
14976.00,0.09,-0.02,0.56,0.06,-0.00,14.39,0.28,-0.02,1521.41,0.00,-0.00,-0.00,0.00,-0.00,-0.00,6.00
14987.00,0.09,-0.02,0.47,0.06,-0.00,-8.47,0.28,-0.02,-2077.82,0.00,-0.00,-0.00,-0.00,-0.01,0.00,16.00
15003.00,0.09,-0.02,0.45,0.06,-0.00,-0.94,0.28,-0.02,470.24,0.00,-0.00,-0.00,0.00,-0.01,0.00,8.00
15011.00,0.09,-0.02,0.50,0.06,-0.00,6.62,0.28,-0.02,945.20,0.00,-0.00,-0.00,0.00,-0.00,0.00,9.00
15020.00,0.09,-0.02,0.48,0.06,-0.00,-3.16,0.28,-0.02,-1086.78,0.00,-0.00,-0.00,0.00,0.00,0.00,5.00
15025.00,0.09,-0.02,0.42,0.06,-0.00,-10.27,0.28,-0.02,-1421.72,0.00,-0.00,-0.00,-0.00,0.00,-0.00,7.00
15032.00,0.09,-0.02,0.51,0.00,0.00,12.55,-0.28,0.02,3259.82,0.00,-0.00,-0.00,-0.00,0.00,-0.00,9.00
15041.00,0.09,-0.02,0.40,0.00,0.00,-12.11,-0.28,0.02,-2740.24,0.00,-0.00,-0.00,-0.00,0.00,-0.00,8.00
15049.00,0.09,-0.02,0.53,0.00,0.00,15.51,-0.28,0.02,3452.82,0.00,-0.00,-0.00,-0.00,-0.00,0.00,5.00
15054.00,0.09,-0.02,0.38,0.00,0.00,-29.12,-0.28,0.02,-8926.48,0.00,-0.00,-0.00,-0.00,-0.00,0.00,7.00
15061.00,0.09,-0.02,0.42,0.00,0.00,6.02,-0.28,0.02,5020.95,0.00,-0.00,-0.00,-0.00,0.00,0.00,9.00
15075.00,0.09,-0.02,0.37,0.00,0.00,-3.82,-0.28,0.02,-702.88,0.00,-0.00,-0.00,-0.00,0.00,-0.00,18.00
15093.00,0.09,-0.02,0.48,0.00,0.00,6.12,-0.28,0.02,551.93,0.00,-0.00,-0.00,0.00,-0.01,0.00,8.00
15101.00,0.09,-0.02,0.42,0.00,0.00,-7.37,-0.28,0.02,-1685.90,0.00,-0.00,-0.00,0.00,-0.00,0.00,8.00
15109.00,0.09,-0.02,0.62,0.00,0.00,24.44,-0.28,0.02,3976.37,0.00,-0.00,-0.00,0.00,0.00,-0.00,3.00
15112.00,0.09,-0.02,0.49,0.00,0.00,-40.61,-0.28,0.02,-21684.43,0.00,-0.00,-0.00,0.00,0.00,-0.00,9.00
15121.00,0.09,-0.02,0.42,0.00,0.00,-8.26,-0.28,0.02,3594.13,0.00,-0.00,-0.00,0.00,0.00,0.00,5.00
15126.00,0.09,-0.02,0.43,0.00,0.00,1.22,-0.28,0.02,1896.69,0.00,-0.00,-0.00,0.00,0.00,0.00,6.00
15132.00,0.09,-0.02,0.46,0.00,0.00,6.37,-0.28,0.02,857.99,0.00,-0.00,-0.00,0.00,0.00,0.00,9.00
15141.00,0.09,-0.02,0.47,0.00,0.00,0.86,-0.28,0.02,-611.48,0.00,-0.00,-0.00,-0.00,0.01,-0.00,8.00
15149.00,0.09,-0.02,0.44,0.00,0.00,-4.15,-0.28,0.02,-626.57,0.00,-0.00,-0.00,0.00,0.01,-0.00,7.00
15161.00,0.09,-0.02,0.44,0.00,0.00,0.23,-0.28,0.02,364.92,0.00,-0.00,-0.00,0.00,-0.00,-0.00,9.00
15170.00,0.09,-0.02,0.40,0.00,0.00,-4.25,-0.28,0.02,-497.40,0.00,-0.00,-0.00,-0.00,0.00,0.00,5.00
15175.00,0.09,-0.02,0.45,0.00,0.00,8.86,-0.28,0.02,2621.77,0.00,-0.00,-0.00,-0.00,0.00,0.00,17.00
15192.00,0.09,-0.02,0.37,0.00,0.00,-4.44,-0.28,0.02,-782.48,0.00,-0.00,-0.00,0.00,0.00,0.00,9.00
15201.00,0.09,-0.02,0.45,0.00,0.00,8.95,-0.28,0.02,1487.29,0.00,-0.00,-0.00,0.00,-0.00,0.00,8.00
15209.00,0.09,-0.02,0.34,0.00,0.00,-14.37,-0.28,0.02,-2914.76,0.00,-0.00,-0.00,0.00,-0.00,0.00,6.00
15215.00,0.09,-0.02,0.41,0.00,0.00,11.95,-0.28,0.02,4386.70,0.00,-0.00,-0.00,0.00,0.00,0.00,7.00
15222.00,0.09,-0.02,0.44,0.00,0.00,4.55,-0.28,0.02,-1056.45,0.00,-0.00,-0.00,0.00,0.00,0.00,6.00
15228.00,0.09,-0.02,0.41,0.00,0.00,-5.76,-0.28,0.02,-1719.22,0.00,-0.00,-0.00,0.00,0.01,0.00,5.00
15233.00,0.10,-0.02,0.44,0.06,-0.00,7.43,0.28,-0.02,2638.05,0.00,-0.00,-0.00,0.00,0.01,0.00,8.00
15251.00,0.10,-0.02,0.43,0.06,-0.00,-0.61,0.28,-0.02,-446.65,0.00,0.00,-0.00,0.00,0.00,0.00,9.00
15260.00,0.10,-0.02,0.37,0.06,-0.00,-7.26,0.28,-0.02,-738.63,0.00,0.00,-0.00,-0.00,-0.00,-0.00,5.00
15265.00,0.10,-0.02,0.45,0.06,-0.00,17.35,0.28,-0.02,4922.72,0.00,0.00,-0.00,-0.00,-0.00,-0.00,8.00
15273.00,0.10,-0.02,0.41,0.06,-0.00,-5.79,0.28,-0.02,-2893.24,0.00,0.00,-0.00,0.00,-0.00,0.00,6.00
15279.00,0.10,-0.02,0.34,0.06,-0.00,-11.54,0.28,-0.02,-958.27,0.00,0.00,-0.00,0.00,-0.00,0.00,16.00
15295.00,0.10,-0.02,0.33,0.06,-0.00,-0.81,0.28,-0.02,670.67,0.00,0.00,-0.00,0.00,0.00,0.00,7.00
15302.00,0.10,-0.02,0.33,0.06,-0.00,0.05,0.28,-0.02,122.72,0.00,0.00,-0.00,0.00,0.00,-0.00,9.00
15311.00,0.10,-0.02,0.48,0.06,-0.00,17.30,0.28,-0.02,1916.61,0.00,0.00,-0.00,0.00,0.01,-0.00,7.00
15318.00,0.10,-0.02,0.39,0.06,-0.00,-13.16,0.28,-0.02,-4351.48,0.00,0.00,-0.00,0.00,0.00,-0.00,6.00
15324.00,0.10,-0.02,0.41,0.06,-0.00,4.10,0.28,-0.02,2877.58,0.00,0.00,-0.00,0.00,0.00,-0.00,6.00
15335.00,0.10,-0.02,0.35,0.06,-0.00,-5.83,0.28,-0.02,-902.59,0.00,0.00,-0.00,-0.00,-0.00,-0.00,8.00
15343.00,0.10,-0.02,0.42,0.06,-0.00,9.27,0.28,-0.02,1886.45,0.00,0.00,-0.00,0.00,-0.01,0.00,8.00
15351.00,0.10,-0.02,0.42,0.06,-0.00,-0.66,0.28,-0.02,-1240.66,0.00,0.00,-0.00,0.00,-0.01,0.00,8.00
15359.00,0.10,-0.02,0.39,0.06,-0.00,-3.59,0.28,-0.02,-366.24,0.00,0.00,-0.00,0.00,0.00,0.00,5.00
15364.00,0.10,-0.02,0.46,0.06,-0.00,13.51,0.28,-0.02,3420.15,0.00,0.00,-0.00,0.00,0.00,0.00,8.00
15372.00,0.10,-0.02,0.45,0.06,-0.00,-1.46,0.28,-0.02,-1871.87,0.00,0.00,-0.00,0.00,0.00,0.00,6.00
15378.00,0.10,-0.02,0.49,0.06,-0.00,6.76,0.28,-0.02,1370.15,0.00,0.00,-0.00,0.00,0.00,0.00,15.00
15393.00,0.10,-0.02,0.39,0.06,-0.00,-6.25,0.28,-0.02,-867.11,0.00,0.00,-0.00,-0.00,-0.00,-0.00,9.00
15402.00,0.10,-0.02,0.44,0.06,-0.00,5.68,0.28,-0.02,1325.55,0.00,0.00,-0.00,0.00,0.00,-0.01,8.00
15410.00,0.10,-0.02,0.47,0.06,-0.00,3.11,0.28,-0.02,-321.20,0.00,0.00,-0.00,0.00,0.00,-0.00,6.00
15421.00,0.10,-0.02,0.42,0.06,-0.00,-4.27,0.28,-0.02,-671.32,0.00,0.00,-0.00,0.00,0.00,-0.00,7.00
15428.00,0.10,-0.02,0.48,0.06,-0.00,7.91,0.28,-0.02,1740.41,0.00,0.00,-0.00,0.00,0.00,0.00,6.00
15434.00,0.10,-0.02,0.42,0.00,-0.04,-10.24,-0.28,-0.17,-3025.34,0.00,0.00,-0.00,0.00,0.01,0.00,8.00
15442.00,0.10,-0.02,0.37,0.00,-0.04,-5.99,-0.28,-0.17,531.48,0.00,0.00,-0.00,0.00,0.00,0.00,8.00
15450.00,0.10,-0.02,0.46,0.00,-0.04,11.14,-0.28,-0.17,2141.58,0.00,0.00,-0.00,-0.00,0.00,0.01,6.00
15456.00,0.10,-0.02,0.35,0.00,-0.04,-18.26,-0.28,-0.17,-4900.60,0.00,0.00,-0.00,-0.00,0.00,0.01,7.00
15463.00,0.10,-0.02,0.34,0.00,-0.04,-0.97,-0.28,-0.17,2469.63,0.00,0.00,-0.00,0.00,0.01,0.00,9.00
15472.00,0.10,-0.02,0.41,0.00,-0.04,7.78,-0.28,-0.17,973.15,0.00,0.00,-0.00,0.00,0.01,0.00,5.00
15477.00,0.10,-0.02,0.49,0.00,-0.04,14.90,-0.28,-0.17,1422.90,0.00,0.00,-0.00,0.00,0.01,-0.00,16.00
15493.00,0.10,-0.02,0.41,0.00,-0.04,-4.49,-0.28,-0.17,-1211.78,0.00,0.00,-0.00,0.00,0.00,-0.00,9.00
15507.00,0.10,-0.02,0.41,0.00,-0.04,-0.05,-0.28,-0.17,317.03,0.00,0.00,-0.00,0.00,0.00,-0.00,7.00
15514.00,0.10,-0.02,0.46,0.00,-0.04,6.15,-0.28,-0.17,886.01,0.00,0.00,-0.00,0.00,0.00,0.00,8.00
15522.00,0.10,-0.02,0.52,0.00,-0.04,7.86,-0.28,-0.17,213.53,0.00,0.00,-0.00,0.00,-0.00,0.00,6.00
15528.00,0.10,-0.02,0.48,0.00,-0.04,-6.81,-0.28,-0.17,-2445.52,0.00,0.00,-0.00,0.00,0.00,0.00,6.00
15534.00,0.10,-0.02,0.43,0.00,-0.04,-7.65,-0.28,-0.17,-139.55,0.00,0.00,-0.00,0.00,0.00,0.00,8.00
15542.00,0.10,-0.02,0.40,0.00,-0.04,-4.31,-0.28,-0.17,417.56,0.00,0.00,-0.00,0.00,0.00,0.00,8.00
15550.00,0.10,-0.02,0.52,0.00,-0.04,15.21,-0.28,-0.17,2439.68,0.00,0.00,-0.00,0.00,0.00,0.00,6.00
15556.00,0.10,-0.02,0.52,0.00,-0.04,-0.61,-0.28,-0.17,-2636.60,0.00,0.00,-0.00,0.00,-0.00,0.00,7.00
15563.00,0.10,-0.02,0.51,0.00,-0.04,-1.42,-0.28,-0.17,-115.15,0.00,0.00,-0.00,-0.00,-0.00,-0.00,9.00
15572.00,0.10,-0.02,0.36,0.00,-0.04,-15.96,-0.28,-0.17,-1615.52,0.00,0.00,-0.00,0.00,-0.00,-0.00,5.00
15582.00,0.10,-0.02,0.44,0.00,-0.04,7.37,-0.28,-0.17,2333.23,0.00,0.00,-0.00,0.00,-0.00,-0.01,18.00
15600.00,0.10,-0.02,0.53,0.00,-0.04,5.27,-0.28,-0.17,-117.00,0.00,0.00,-0.00,0.00,0.00,-0.00,6.00
15606.00,0.10,-0.02,0.42,0.00,-0.04,-19.03,-0.28,-0.17,-4049.54,0.00,0.00,-0.00,0.00,0.00,-0.00,7.00
15613.00,0.10,-0.02,0.48,0.00,-0.04,9.13,-0.28,-0.17,4022.77,0.00,0.00,-0.00,0.00,0.00,0.00,9.00
15622.00,0.10,-0.02,0.46,0.00,-0.04,-2.27,-0.28,-0.17,-1266.48,0.00,0.00,-0.00,0.00,0.00,0.01,5.00
15627.00,0.10,-0.02,0.43,0.00,-0.04,-6.49,-0.28,-0.17,-843.99,0.00,0.00,-0.00,-0.00,-0.00,0.00,7.00
15634.00,0.11,-0.02,0.45,0.06,0.03,2.68,0.28,0.36,1309.36,0.00,0.00,-0.00,-0.00,-0.00,0.00,8.00
15642.00,0.11,-0.02,0.51,0.06,0.03,7.45,0.28,0.36,596.66,0.00,0.00,-0.00,0.00,0.00,-0.00,8.00
15650.00,0.11,-0.02,0.60,0.06,0.03,11.68,0.28,0.36,528.51,0.00,0.00,-0.00,0.00,0.00,-0.00,5.00
15655.00,0.11,-0.02,0.49,0.06,0.03,-21.17,0.28,0.36,-6570.56,0.00,0.00,-0.00,0.00,0.00,-0.00,8.00
15668.00,0.11,-0.02,0.54,0.06,0.03,3.21,0.28,0.36,1875.64,0.00,0.00,-0.00,0.00,0.00,-0.00,8.00
15676.00,0.11,-0.02,0.51,0.06,0.03,-2.74,0.28,0.36,-743.08,0.00,0.00,-0.00,0.00,0.00,-0.00,7.00
15683.00,0.11,-0.02,0.39,0.06,0.03,-17.50,0.28,0.36,-2109.74,0.00,0.00,-0.00,-0.00,0.00,-0.00,17.00
15700.00,0.11,-0.02,0.39,0.06,0.03,-0.24,0.28,0.36,1015.57,0.00,0.00,-0.00,-0.00,0.00,0.01,6.00
15706.00,0.11,-0.02,0.47,0.06,0.03,13.60,0.28,0.36,2306.61,0.00,0.00,-0.00,-0.00,0.00,0.01,7.00
15713.00,0.11,-0.02,0.43,0.06,0.03,-5.33,0.28,0.36,-2705.05,0.00,0.00,-0.00,0.00,0.00,0.00,9.00
15722.00,0.11,-0.02,0.47,0.06,0.03,4.48,0.28,0.36,1090.90,0.00,0.00,-0.00,0.00,-0.00,0.00,5.00
15727.00,0.11,-0.02,0.38,0.06,0.03,-18.94,0.28,0.36,-4685.56,0.00,0.00,-0.00,0.00,-0.00,-0.00,7.00
15734.00,0.11,-0.02,0.40,0.06,0.03,3.78,0.28,0.36,3246.84,0.00,0.00,-0.00,0.00,-0.00,-0.00,6.00
15740.00,0.11,-0.02,0.72,0.06,0.03,52.57,0.28,0.36,8130.36,0.00,0.00,-0.00,0.00,-0.00,-0.00,5.00
15750.00,0.11,-0.02,0.51,0.06,0.03,-20.98,0.28,0.36,-7354.89,0.00,0.00,-0.00,-0.00,-0.00,-0.00,6.00
15756.00,0.11,-0.02,0.44,0.06,0.03,-11.25,0.28,0.36,1622.18,0.00,0.00,-0.00,-0.00,-0.00,-0.00,8.00
15764.00,0.11,-0.02,0.49,0.06,0.03,5.52,0.28,0.36,2096.72,0.00,0.00,-0.00,-0.00,0.00,0.00,8.00
15772.00,0.11,-0.02,0.40,0.06,0.03,-10.32,0.28,0.36,-1980.06,0.00,0.00,-0.00,-0.00,0.00,0.00,5.00
15777.00,0.11,-0.02,0.41,0.06,0.03,0.70,0.28,0.36,2202.56,0.00,0.00,-0.00,-0.00,0.00,0.00,17.00
15794.00,0.11,-0.02,0.37,0.06,0.03,-2.42,0.28,0.36,-183.20,0.00,0.00,-0.00,-0.00,0.00,0.00,9.00
15803.00,0.11,-0.02,0.34,0.06,0.03,-2.35,0.28,0.36,7.26,0.00,0.00,-0.00,-0.00,0.00,0.00,8.00
15811.00,0.11,-0.02,0.36,0.06,0.03,1.87,0.28,0.36,528.53,0.00,0.00,-0.00,0.00,0.00,-0.00,6.00
15817.00,0.11,-0.02,0.38,0.06,0.03,3.47,0.28,0.36,265.72,0.00,0.00,-0.00,0.00,0.00,-0.00,7.00
15824.00,0.11,-0.02,0.34,0.06,0.03,-6.35,0.28,0.36,-1403.07,0.00,0.00,-0.00,0.00,0.00,-0.00,6.00
15835.00,0.11,-0.02,0.35,0.00,-0.04,1.51,-0.28,-0.36,714.95,0.00,0.00,-0.00,-0.00,-0.00,-0.00,9.00
15844.00,0.11,-0.02,0.50,0.00,-0.04,15.98,-0.28,-0.36,1607.52,0.00,0.00,-0.00,0.00,-0.00,-0.00,9.00
15853.00,0.11,-0.02,0.37,0.00,-0.04,-14.03,-0.28,-0.36,-3334.86,0.00,0.00,-0.00,0.00,0.00,0.00,7.00
15860.00,0.11,-0.02,0.37,0.00,-0.04,-0.02,-0.28,-0.36,2001.52,0.00,0.00,-0.00,0.00,0.00,0.01,5.00
15865.00,0.11,-0.02,0.38,0.00,-0.04,2.72,-0.28,-0.36,548.24,0.00,0.00,-0.00,0.00,0.00,0.01,9.00
15874.00,0.11,-0.02,0.44,0.00,-0.04,6.61,-0.28,-0.36,432.28,0.00,0.00,-0.00,0.00,0.01,0.01,5.00
15879.00,0.11,-0.02,0.38,0.00,-0.04,-13.46,-0.28,-0.36,-4014.23,0.00,0.00,-0.00,0.00,0.01,0.00,16.00
15895.00,0.11,-0.02,0.38,0.00,-0.04,0.27,-0.28,-0.36,858.09,0.00,0.00,-0.00,0.00,0.00,0.00,9.00
15904.00,0.11,-0.02,0.42,0.00,-0.04,4.20,-0.28,-0.36,436.66,0.00,0.00,-0.00,-0.00,-0.00,-0.00,8.00
15912.00,0.11,-0.02,0.38,0.00,-0.04,-4.81,-0.28,-0.36,-1126.17,0.00,0.00,-0.00,0.00,-0.00,-0.00,5.00
15922.00,0.11,-0.02,0.39,0.00,-0.04,1.09,-0.28,-0.36,590.68,0.00,0.00,-0.00,0.00,-0.00,-0.00,7.00
15929.00,0.11,-0.02,0.32,0.00,-0.04,-9.71,-0.28,-0.36,-1543.34,0.00,0.00,-0.00,-0.00,-0.00,-0.00,6.00
15935.00,0.11,-0.02,0.42,0.00,-0.04,15.95,-0.28,-0.36,4277.02,0.00,0.00,-0.00,-0.00,-0.00,-0.00,8.00
15943.00,0.11,-0.02,0.32,0.00,-0.04,-12.23,-0.28,-0.36,-3522.67,0.00,0.00,-0.00,0.00,-0.00,0.00,8.00
15951.00,0.11,-0.02,0.45,0.00,-0.04,16.11,-0.28,-0.36,3542.87,0.00,0.00,-0.00,0.00,0.00,0.01,6.00
15957.00,0.11,-0.02,0.38,0.00,-0.04,-12.10,-0.28,-0.36,-4702.22,0.00,0.00,-0.00,0.00,0.00,0.01,7.00
15964.00,0.11,-0.02,0.35,0.00,-0.04,-3.17,-0.28,-0.36,1275.08,0.00,0.00,-0.00,0.00,0.00,0.01,9.00
15973.00,0.11,-0.02,0.45,0.00,-0.04,11.12,-0.28,-0.36,1588.11,0.00,0.00,0.00,0.00,0.00,0.00,5.00
15978.00,0.11,-0.02,0.35,0.00,-0.04,-20.62,-0.28,-0.36,-6346.94,0.00,0.00,0.00,-0.00,0.00,0.00,17.00
15995.00,0.11,-0.02,0.38,0.00,-0.04,1.61,-0.28,-0.36,1307.43,0.00,0.00,-0.00,-0.00,0.00,-0.00,9.00
16014.00,0.11,-0.02,0.37,0.00,-0.04,-0.60,-0.28,-0.36,-116.14,0.00,0.00,-0.00,0.00,-0.00,-0.00,8.00
16022.00,0.11,-0.02,0.41,0.00,-0.04,5.20,-0.28,-0.36,724.95,0.00,0.00,-0.00,0.00,-0.00,-0.00,5.00
16027.00,0.11,-0.02,0.35,0.00,-0.04,-11.30,-0.28,-0.36,-3301.56,0.00,0.00,-0.00,0.00,-0.00,-0.00,7.00
16034.00,0.11,-0.02,0.40,0.00,-0.04,7.28,-0.28,-0.36,2654.52,0.00,0.00,-0.00,-0.00,-0.01,0.00,8.00
16042.00,0.12,-0.03,0.38,0.05,-0.00,-2.48,0.26,0.16,-1220.25,0.00,0.00,-0.00,-0.00,0.00,0.01,7.00
16049.00,0.12,-0.03,0.37,0.05,-0.00,-1.74,0.26,0.16,106.03,0.00,0.00,-0.00,-0.00,0.00,0.01,6.00
16055.00,0.12,-0.03,0.38,0.05,-0.00,1.56,0.26,0.16,549.54,0.00,0.00,0.00,-0.00,-0.00,0.01,9.00
16064.00,0.12,-0.03,0.36,0.05,-0.00,-2.34,0.26,0.16,-433.16,0.00,0.00,0.00,0.00,-0.00,0.00,8.00
16072.00,0.12,-0.03,0.39,0.05,-0.00,3.56,0.26,0.16,737.83,0.00,0.00,-0.00,-0.00,0.00,-0.00,5.00
16077.00,0.12,-0.03,0.42,0.05,-0.00,7.03,0.26,0.16,693.37,0.00,0.00,-0.00,-0.00,0.00,-0.00,7.00
16089.00,0.12,-0.03,0.49,0.05,-0.00,5.40,0.26,0.16,-135.46,0.00,0.00,-0.00,0.00,0.00,-0.00,17.00
16106.00,0.12,-0.03,0.34,0.05,-0.00,-8.65,0.26,0.16,-826.54,0.00,0.00,-0.00,0.00,0.00,-0.00,9.00
16115.00,0.12,-0.03,0.39,0.05,-0.00,5.96,0.26,0.16,1623.39,0.00,0.00,-0.00,0.00,0.01,0.00,8.00
16123.00,0.12,-0.03,0.42,0.05,-0.00,2.76,0.26,0.16,-400.12,0.00,0.00,-0.00,0.00,0.00,0.00,6.00
16129.00,0.12,-0.03,0.37,0.05,-0.00,-6.92,0.26,0.16,-1613.42,0.00,0.00,-0.00,0.00,0.00,0.01,6.00
16135.00,0.12,-0.03,0.40,0.05,-0.00,3.69,0.26,0.16,1768.92,0.00,0.00,-0.00,0.00,0.00,0.01,9.00
16144.00,0.12,-0.03,0.34,0.05,-0.00,-5.93,0.26,0.16,-1069.54,0.00,0.00,0.00,-0.00,0.00,0.00,8.00
16152.00,0.12,-0.03,0.49,0.05,-0.00,18.51,0.26,0.16,3055.18,0.00,0.00,0.00,-0.00,0.00,-0.00,5.00
16157.00,0.12,-0.03,0.41,0.05,-0.00,-15.36,0.26,0.16,-6774.21,0.00,0.00,0.00,-0.00,0.00,-0.00,7.00
16164.00,0.12,-0.03,0.73,0.05,-0.00,45.18,0.26,0.16,8649.10,0.00,0.00,-0.00,0.00,-0.00,-0.00,4.00
16173.00,0.12,-0.03,0.35,0.05,-0.00,-41.81,0.26,0.16,-9665.52,0.00,0.00,-0.00,0.00,0.00,-0.01,16.00
16189.00,0.12,-0.03,0.39,0.05,-0.00,2.37,0.26,0.16,2761.43,0.00,0.00,-0.00,0.00,-0.00,-0.00,7.00
16196.00,0.12,-0.03,0.37,0.05,-0.00,-3.94,0.26,0.16,-902.29,0.00,0.00,-0.00,-0.00,-0.01,-0.00,8.00
16204.00,0.12,-0.03,0.30,0.05,-0.00,-7.57,0.26,0.16,-453.27,0.00,0.00,-0.00,-0.00,-0.00,0.00,8.00
16212.00,0.12,-0.03,0.28,0.05,-0.00,-3.41,0.26,0.16,520.08,0.00,0.00,-0.00,0.00,-0.00,0.00,5.00
16217.00,0.12,-0.03,0.37,0.05,-0.00,18.17,0.26,0.16,4316.32,0.00,0.00,-0.00,-0.00,-0.00,0.00,8.00
16225.00,0.12,-0.03,0.36,0.05,-0.00,-0.70,0.26,0.16,-2358.98,0.00,0.00,-0.00,-0.00,0.00,0.00,5.00
16230.00,0.12,-0.03,0.38,0.05,-0.00,3.64,0.26,0.16,866.91,0.00,0.00,-0.00,0.00,0.00,0.00,7.00
16237.00,0.12,-0.03,0.44,0.05,-0.00,8.43,0.26,0.16,684.24,0.00,0.00,-0.00,0.00,0.00,0.00,8.00
16245.00,0.13,-0.03,0.28,0.05,-0.00,-19.45,0.01,-0.00,-3484.87,0.00,0.00,-0.00,0.00,-0.00,-0.00,7.00
16257.00,0.13,-0.03,0.34,0.05,-0.00,4.90,0.01,-0.00,2029.03,0.00,0.00,-0.00,-0.00,0.00,-0.01,9.00
16266.00,0.13,-0.03,0.41,0.05,-0.00,7.34,0.01,-0.00,271.41,0.00,0.00,-0.00,-0.00,-0.00,-0.01,8.00
16274.00,0.13,-0.03,0.43,0.05,-0.00,2.49,0.01,-0.00,-606.21,0.00,0.00,-0.00,0.00,0.00,-0.00,16.00
16290.00,0.13,-0.03,0.32,0.05,-0.00,-6.66,0.01,-0.00,-572.03,0.00,0.00,-0.00,0.00,0.00,0.00,6.00
16296.00,0.13,-0.03,0.26,0.05,-0.00,-9.59,0.01,-0.00,-487.26,0.00,0.00,-0.00,0.00,0.01,0.00,8.00
16304.00,0.13,-0.03,0.30,0.05,-0.00,4.29,0.01,-0.00,1734.36,0.00,0.00,-0.00,-0.00,0.00,0.01,8.00
16312.00,0.13,-0.03,0.40,0.05,-0.00,12.14,0.01,-0.00,981.73,0.00,0.00,-0.00,-0.00,0.01,0.00,5.00
16317.00,0.13,-0.03,0.41,0.05,-0.00,2.15,0.01,-0.00,-1998.87,0.00,0.00,-0.00,-0.00,0.01,0.00,9.00
16326.00,0.13,-0.03,0.35,0.05,-0.00,-6.72,0.01,-0.00,-985.52,0.00,0.00,-0.00,-0.00,0.00,-0.00,5.00
16331.00,0.13,-0.03,0.38,0.05,-0.00,6.66,0.01,-0.00,2677.44,0.00,0.00,-0.00,0.00,0.00,-0.00,6.00
16342.00,0.13,-0.03,0.45,0.05,-0.00,6.75,0.01,-0.00,7.40,0.00,0.00,-0.00,0.00,0.00,-0.01,7.00
16349.00,0.13,-0.03,0.36,0.05,-0.00,-12.95,0.01,-0.00,-2813.27,0.00,0.00,-0.00,0.00,0.00,-0.00,7.00
16356.00,0.13,-0.03,0.33,0.05,-0.00,-4.73,0.01,-0.00,1173.47,0.00,0.00,-0.00,0.00,-0.00,-0.00,8.00
16364.00,0.13,-0.03,0.34,0.05,-0.00,1.30,0.01,-0.00,754.35,0.00,0.00,-0.00,-0.00,-0.00,-0.00,7.00
16371.00,0.13,-0.03,0.39,0.05,-0.00,6.62,0.01,-0.00,759.82,0.00,0.00,-0.00,-0.00,-0.00,-0.00,6.00
16377.00,0.13,-0.03,0.31,0.05,-0.00,-13.31,0.01,-0.00,-3322.55,0.00,0.00,-0.00,-0.00,-0.00,0.00,7.00
16384.00,0.13,-0.03,0.30,0.05,-0.00,-0.97,0.01,-0.00,1762.99,0.00,0.00,-0.00,0.00,-0.00,0.00,18.00
16402.00,0.13,-0.03,0.35,0.05,-0.00,2.69,0.01,-0.00,203.25,0.00,0.00,-0.00,0.00,0.00,-0.00,6.00
16408.00,0.13,-0.03,0.33,0.05,-0.00,-2.42,0.01,-0.00,-851.26,0.00,0.00,-0.00,0.00,-0.00,-0.00,7.00
16415.00,0.13,-0.03,0.37,0.05,-0.00,4.63,0.01,-0.00,1007.73,0.00,0.00,-0.00,0.00,-0.00,-0.00,9.00
16429.00,0.13,-0.03,0.39,0.05,-0.00,1.46,0.01,-0.00,-226.36,0.00,0.00,-0.00,-0.00,-0.00,-0.00,8.00
16437.00,0.13,-0.03,0.32,0.05,-0.00,-7.84,0.01,-0.00,-1162.32,0.00,0.00,-0.00,0.00,0.01,-0.00,8.00
16445.00,0.13,-0.03,0.28,0.00,0.00,-5.98,-0.27,0.02,232.16,0.00,0.00,-0.00,0.00,0.01,-0.00,7.00
16452.00,0.13,-0.03,0.35,0.00,0.00,11.08,-0.27,0.02,2437.26,0.00,0.00,-0.00,0.00,0.00,0.00,6.00
16458.00,0.13,-0.03,0.34,0.00,0.00,-2.57,-0.27,0.02,-2275.11,0.00,0.00,-0.00,0.00,0.00,0.00,8.00
16466.00,0.13,-0.03,0.38,0.00,0.00,5.26,-0.27,0.02,978.42,0.00,0.00,-0.00,0.00,0.00,0.00,9.00
16475.00,0.13,-0.03,0.42,0.00,0.00,4.82,-0.27,0.02,-48.85,0.00,0.00,-0.00,0.00,-0.00,0.00,5.00
16480.00,0.13,-0.03,0.43,0.00,0.00,1.88,-0.27,0.02,-587.46,0.00,0.00,-0.00,0.00,-0.00,-0.00,7.00
16487.00,0.13,-0.03,0.36,0.00,0.00,-11.19,-0.27,0.02,-1867.30,0.00,0.00,-0.00,0.01,-0.00,-0.00,19.00
16506.00,0.13,-0.03,0.40,0.00,0.00,2.21,-0.27,0.02,705.02,0.00,0.00,-0.00,0.00,0.00,-0.00,8.00
16519.00,0.13,-0.03,0.33,0.00,0.00,-5.50,-0.27,0.02,-592.57,0.00,0.00,-0.00,-0.00,0.00,-0.00,9.00
16528.00,0.13,-0.03,0.39,0.00,0.00,6.79,-0.27,0.02,1365.28,0.00,0.00,-0.00,0.00,-0.00,0.00,6.00
16534.00,0.13,-0.03,0.43,0.00,0.00,7.79,-0.27,0.02,166.48,0.00,0.00,-0.00,0.00,0.00,0.00,6.00
16540.00,0.13,-0.03,0.38,0.00,0.00,-9.41,-0.27,0.02,-2865.76,0.00,0.00,-0.00,0.00,0.00,0.00,6.00
16546.00,0.13,-0.03,0.42,0.00,0.00,7.43,-0.27,0.02,2806.23,0.00,0.00,-0.00,0.00,0.00,0.00,9.00
16555.00,0.13,-0.03,0.32,0.00,0.00,-11.43,-0.27,0.02,-2095.79,0.00,0.00,-0.00,0.00,0.00,0.00,8.00
16563.00,0.13,-0.03,0.43,0.00,0.00,14.19,-0.27,0.02,3202.90,0.00,0.00,-0.00,0.00,0.00,0.00,6.00
16569.00,0.13,-0.03,0.27,0.00,0.00,-27.17,-0.27,0.02,-6893.76,0.00,0.00,-0.00,-0.00,0.00,0.00,7.00
16576.00,0.13,-0.03,0.33,0.00,0.00,8.83,-0.27,0.02,5143.38,0.00,0.00,-0.00,-0.00,-0.00,-0.00,6.00
16582.00,0.13,-0.03,0.43,0.00,0.00,17.29,-0.27,0.02,1409.37,0.00,0.00,-0.00,-0.00,0.00,-0.00,5.00
16592.00,0.13,-0.03,0.54,0.00,0.00,10.44,-0.27,0.02,-684.82,0.00,0.00,-0.00,-0.00,0.00,-0.00,16.00
16608.00,0.13,-0.03,0.37,0.00,0.00,-10.67,-0.27,0.02,-1319.66,0.00,0.00,-0.00,0.00,-0.00,-0.00,8.00
16616.00,0.13,-0.03,0.52,0.00,0.00,19.47,-0.27,0.02,3767.71,0.00,0.00,-0.00,0.00,0.00,-0.00,9.00
16625.00,0.13,-0.03,0.43,0.00,0.00,-11.00,-0.27,0.02,-3386.00,0.00,0.00,-0.00,-0.00,-0.00,0.00,5.00
16630.00,0.13,-0.03,0.38,0.00,0.00,-9.30,-0.27,0.02,341.31,0.00,0.00,-0.00,-0.00,-0.00,0.00,7.00
16637.00,0.13,-0.03,0.40,0.00,0.00,3.35,-0.27,0.02,1807.10,0.00,0.00,-0.00,0.00,0.00,0.00,9.00
16646.00,0.13,-0.03,0.38,0.00,0.00,-2.10,0.00,0.00,-605.29,0.00,0.00,-0.00,0.00,0.00,0.01,7.00
16653.00,0.13,-0.03,0.40,0.00,0.00,2.88,0.00,0.00,710.64,0.00,0.00,-0.00,-0.00,0.00,0.00,6.00
16659.00,0.13,-0.03,0.36,0.00,0.00,-6.70,0.00,0.00,-1595.64,0.00,0.00,-0.00,-0.00,0.00,0.00,7.00
16666.00,0.13,-0.03,0.40,0.00,0.00,5.12,0.00,0.00,1688.25,0.00,0.00,-0.00,-0.00,0.00,0.00,9.00
16685.00,0.13,-0.03,0.43,0.00,0.00,1.76,0.00,0.00,-176.95,0.00,0.00,-0.00,0.00,-0.00,-0.00,16.00
16701.00,0.13,-0.03,0.37,0.00,0.00,-4.22,0.00,0.00,-373.67,0.00,0.00,-0.00,0.00,-0.00,-0.00,7.00
16708.00,0.13,-0.03,0.51,0.00,0.00,20.71,0.00,0.00,3561.56,0.00,0.00,-0.00,0.00,-0.00,0.00,8.00
16716.00,0.13,-0.03,0.38,0.00,0.00,-16.02,0.00,0.00,-4591.14,0.00,0.00,-0.00,0.00,0.00,0.00,8.00
16724.00,0.13,-0.03,0.42,0.00,0.00,4.82,0.00,0.00,2604.74,0.00,0.00,-0.00,-0.00,-0.00,0.00,5.00
16729.00,0.13,-0.03,0.35,0.00,0.00,-15.00,0.00,0.00,-3964.46,0.00,0.00,-0.00,-0.00,-0.00,0.00,7.00
16736.00,0.13,-0.03,0.38,0.00,0.00,4.87,0.00,0.00,2839.24,0.00,0.00,-0.00,-0.00,0.01,0.00,8.00
16744.00,0.13,-0.03,0.42,0.00,0.00,4.96,0.00,0.00,11.24,0.00,0.00,-0.00,-0.00,0.00,0.00,6.00
16750.00,0.13,-0.03,0.39,0.00,0.00,-5.04,0.00,0.00,-1667.25,0.00,0.00,-0.00,0.00,0.00,0.00,7.00
16757.00,0.13,-0.03,0.39,0.00,0.00,0.59,0.00,0.00,804.79,0.00,0.00,-0.00,0.00,-0.00,-0.00,8.00
16779.00,0.13,-0.03,0.41,0.00,0.00,0.87,0.00,0.00,12.42,0.00,0.00,-0.00,0.00,0.00,-0.00,18.00
16797.00,0.13,-0.03,0.39,0.00,0.00,-1.09,0.00,0.00,-108.84,0.00,0.00,-0.00,0.00,0.00,0.00,9.00
16806.00,0.13,-0.03,0.47,0.00,0.00,8.70,0.00,0.00,1087.52,0.00,0.00,-0.00,-0.00,0.00,0.00,8.00
16814.00,0.13,-0.03,0.40,0.00,0.00,-8.41,0.00,0.00,-2137.69,0.00,0.00,-0.00,0.00,0.00,0.00,5.00
16819.00,0.13,-0.03,0.39,0.00,0.00,-2.00,0.00,0.00,1281.70,0.00,0.00,-0.00,-0.00,0.00,0.00,8.00
16827.00,0.13,-0.03,0.42,0.00,0.00,2.77,0.00,0.00,595.63,0.00,0.00,-0.00,-0.00,0.00,0.00,6.00
16833.00,0.13,-0.03,0.42,0.00,0.00,0.92,0.00,0.00,-308.54,0.00,0.00,-0.00,-0.00,0.00,-0.00,5.00
16838.00,0.13,-0.03,0.48,0.00,0.00,11.87,0.00,0.00,2190.07,0.00,0.00,-0.00,-0.00,0.00,-0.00,9.00
16847.00,0.13,-0.03,0.41,0.00,0.00,-7.32,0.00,0.00,-2131.52,0.00,0.00,-0.00,-0.00,0.00,-0.00,9.00
16856.00,0.13,-0.03,0.44,0.00,0.00,2.65,0.00,0.00,1107.13,0.00,0.00,-0.00,-0.00,0.00,-0.00,7.00
16868.00,0.13,-0.03,0.44,0.00,0.00,-0.10,0.00,0.00,-229.17,0.00,0.00,-0.00,0.00,0.00,0.00,10.00
16878.00,0.13,-0.03,0.42,0.00,0.00,-1.38,0.00,0.00,-127.84,0.00,0.00,-0.00,-0.00,0.01,0.00,5.00
16883.00,0.13,-0.03,0.43,0.00,0.00,1.14,0.00,0.00,504.53,0.00,0.00,-0.00,-0.00,0.00,0.01,16.00
16899.00,0.13,-0.03,0.50,0.00,0.00,4.12,0.00,0.00,186.32,0.00,0.00,-0.00,-0.00,0.00,0.00,8.00
16907.00,0.13,-0.03,0.51,0.00,0.00,2.39,0.00,0.00,-216.39,0.00,0.00,-0.00,0.00,0.00,-0.00,9.00
16916.00,0.13,-0.03,0.43,0.00,0.00,-9.89,0.00,0.00,-1364.15,0.00,0.00,-0.00,0.00,0.00,-0.00,7.00
16923.00,0.13,-0.03,0.45,0.00,0.00,3.31,0.00,0.00,1885.29,0.00,0.00,-0.00,0.00,0.00,-0.00,6.00
16929.00,0.13,-0.03,0.42,0.00,0.00,-4.91,0.00,0.00,-1370.96,0.00,0.00,-0.00,0.00,0.00,-0.00,5.00
16934.00,0.13,-0.03,0.45,0.00,0.00,5.24,0.00,0.00,2031.76,0.00,0.00,-0.00,-0.00,-0.00,-0.00,6.00
16940.00,0.13,-0.03,0.46,0.00,0.00,3.09,0.00,0.00,-359.29,0.00,0.00,-0.00,-0.00,-0.00,-0.00,7.00
16952.00,0.13,-0.03,0.49,0.00,0.00,2.42,0.00,0.00,-56.02,0.00,0.00,-0.00,0.00,-0.00,0.00,8.00
16960.00,0.13,-0.03,0.50,0.00,0.00,0.83,0.00,0.00,-198.52,0.00,0.00,-0.00,0.00,0.00,0.00,7.00
16967.00,0.13,-0.03,0.47,0.00,0.00,-4.76,0.00,0.00,-797.92,0.00,0.00,-0.00,0.00,0.00,0.00,8.00
16975.00,0.13,-0.03,0.45,0.00,0.00,-2.31,0.00,0.00,306.49,0.00,0.00,-0.00,-0.00,0.00,0.00,5.00
16980.00,0.13,-0.03,0.44,0.00,0.00,-1.70,0.00,0.00,121.22,0.00,0.00,0.00,-0.00,0.00,0.00,18.00
16998.00,0.13,-0.03,0.50,0.00,0.00,3.37,0.00,0.00,281.71,0.00,0.00,-0.00,-0.01,-0.00,-0.00,8.00
17006.00,0.13,-0.03,0.46,0.00,0.00,-5.22,0.00,0.00,-1073.40,0.00,0.00,-0.00,-0.00,0.00,-0.00,7.00
17013.00,0.13,-0.03,0.49,0.00,0.00,4.73,0.00,0.00,1420.84,0.00,0.00,-0.00,0.00,0.00,-0.00,6.00
17019.00,0.13,-0.03,0.44,0.00,0.00,-8.43,0.00,0.00,-2193.87,0.00,0.00,-0.00,0.00,0.00,-0.00,8.00
17027.00,0.13,-0.03,0.45,0.00,0.00,1.01,0.00,0.00,1180.43,0.00,0.00,-0.00,0.00,0.00,0.00,6.00
17038.00,0.13,-0.03,0.48,0.00,0.00,2.68,0.00,0.00,152.11,0.00,0.00,-0.00,-0.00,0.00,0.00,9.00
17047.00,0.14,-0.03,0.47,0.06,-0.00,-0.44,0.28,-0.02,-347.28,0.00,0.00,0.00,-0.00,0.00,0.00,8.00
17055.00,0.14,-0.03,0.47,0.06,-0.00,-0.93,0.28,-0.02,-61.40,0.00,0.00,0.00,-0.00,0.00,0.01,6.00
17061.00,0.14,-0.03,0.42,0.06,-0.00,-7.07,0.28,-0.02,-1022.02,0.00,0.00,0.00,-0.00,0.00,0.01,7.00
17068.00,0.14,-0.03,0.56,0.06,-0.00,18.86,0.28,-0.02,3703.02,0.00,0.00,0.00,0.00,0.00,0.00,9.00
17077.00,0.14,-0.03,0.45,0.06,-0.00,-12.06,0.28,-0.02,-3434.76,0.00,0.00,0.00,0.00,0.00,0.00,5.00
17082.00,0.14,-0.03,0.42,0.06,-0.00,-6.21,0.28,-0.02,1170.18,0.00,0.00,0.00,0.00,0.00,0.00,17.00
17099.00,0.14,-0.03,0.38,0.06,-0.00,-2.19,0.28,-0.02,236.34,0.00,0.00,0.00,0.00,-0.00,-0.00,8.00
17107.00,0.14,-0.03,0.42,0.06,-0.00,5.58,0.28,-0.02,970.49,0.00,0.00,0.00,-0.00,-0.00,-0.00,8.00
17115.00,0.14,-0.03,0.49,0.06,-0.00,8.01,0.28,-0.02,304.66,0.00,0.00,0.00,0.00,0.00,0.00,6.00
17126.00,0.14,-0.03,0.36,0.06,-0.00,-11.81,0.28,-0.02,-1802.28,0.00,0.00,0.00,0.00,0.00,0.00,6.00
17132.00,0.14,-0.03,0.42,0.06,-0.00,9.89,0.28,-0.02,3616.83,0.00,0.00,0.00,0.00,0.00,0.00,6.00
17138.00,0.14,-0.03,0.37,0.06,-0.00,-7.75,0.28,-0.02,-2940.42,0.00,0.00,0.00,0.00,0.00,0.00,10.00
17148.00,0.14,-0.03,0.32,0.06,-0.00,-5.21,0.28,-0.02,254.84,0.00,0.00,0.00,-0.00,-0.01,0.00,8.00
17156.00,0.14,-0.03,0.36,0.06,-0.00,5.56,0.28,-0.02,1345.64,0.00,0.00,0.00,-0.00,-0.00,-0.00,5.00
17161.00,0.14,-0.03,0.33,0.06,-0.00,-6.37,0.28,-0.02,-2386.56,0.00,0.00,0.00,-0.00,-0.00,-0.00,7.00
17168.00,0.14,-0.03,0.44,0.06,-0.00,14.96,0.28,-0.02,3047.44,0.00,0.00,0.00,0.00,-0.01,-0.00,9.00
17177.00,0.14,-0.03,0.27,0.06,-0.00,-18.58,0.28,-0.02,-3726.04,0.00,0.00,0.00,0.01,-0.00,-0.00,5.00
17182.00,0.14,-0.03,0.40,0.06,-0.00,26.77,0.28,-0.02,9068.83,0.00,0.00,0.00,0.00,0.00,0.00,4.00
17186.00,0.14,-0.03,0.47,0.06,-0.00,16.27,0.28,-0.02,-2623.56,0.00,0.00,0.00,0.00,-0.00,-0.00,15.00
17206.00,0.14,-0.03,0.47,0.06,-0.00,0.27,0.28,-0.02,-800.14,0.00,0.00,0.00,-0.00,0.00,0.00,6.00
17212.00,0.14,-0.03,0.44,0.06,-0.00,-6.24,0.28,-0.02,-1085.37,0.00,0.00,0.00,-0.00,0.00,0.00,7.00
17219.00,0.14,-0.03,0.40,0.06,-0.00,-5.10,0.28,-0.02,162.30,0.00,0.00,0.00,-0.00,0.00,0.00,9.00
17228.00,0.14,-0.03,0.46,0.06,-0.00,7.15,0.28,-0.02,1361.50,0.00,0.00,0.00,-0.00,0.00,0.00,5.00
17233.00,0.14,-0.03,0.38,0.06,-0.00,-17.02,0.28,-0.02,-4834.68,0.00,0.00,0.00,-0.00,0.00,0.00,7.00
17240.00,0.14,-0.03,0.40,0.06,-0.00,3.09,0.28,-0.02,2873.43,0.00,0.00,0.00,0.00,0.00,0.00,8.00
17248.00,0.14,-0.03,0.38,0.00,0.00,-3.09,-0.28,0.02,-772.61,0.00,0.00,0.00,0.00,0.00,-0.00,8.00
17256.00,0.14,-0.03,0.32,0.00,0.00,-6.66,-0.28,0.02,-446.67,0.00,0.00,0.00,-0.00,0.00,-0.00,5.00
17261.00,0.14,-0.03,0.43,0.00,0.00,22.02,-0.28,0.02,5736.93,0.00,0.00,0.00,-0.00,0.00,-0.00,8.00
17269.00,0.14,-0.03,0.47,0.00,0.00,4.13,-0.28,0.02,-2236.70,0.00,0.00,0.00,0.00,-0.00,-0.00,9.00
17282.00,0.14,-0.03,0.50,0.00,0.00,2.85,-0.28,0.02,-98.12,0.00,0.00,0.00,0.00,-0.00,0.00,18.00
17300.00,0.14,-0.03,0.39,0.00,0.00,-6.08,-0.28,0.02,-495.94,0.00,0.00,0.00,-0.00,-0.00,0.00,8.00
17308.00,0.14,-0.03,0.46,0.00,0.00,7.82,-0.28,0.02,1737.48,0.00,0.00,0.00,-0.00,-0.00,0.00,9.00
17317.00,0.14,-0.03,0.45,0.00,0.00,-0.74,-0.28,0.02,-951.77,0.00,0.00,0.00,-0.00,0.00,0.00,6.00
17323.00,0.14,-0.03,0.40,0.00,0.00,-8.16,-0.28,0.02,-1236.49,0.00,0.00,0.00,0.00,-0.00,0.00,6.00
17329.00,0.14,-0.03,0.44,0.00,0.00,7.03,-0.28,0.02,2531.38,0.00,0.00,0.00,0.00,-0.00,0.00,6.00
17335.00,0.14,-0.03,0.43,0.00,0.00,-2.99,-0.28,0.02,-1670.25,0.00,0.00,0.00,0.00,-0.00,-0.00,5.00
17340.00,0.14,-0.03,0.49,0.00,0.00,13.73,-0.28,0.02,3345.28,0.00,0.00,0.00,0.00,-0.00,-0.00,9.00
17349.00,0.14,-0.03,0.46,0.00,0.00,-4.24,-0.28,0.02,-1996.75,0.00,0.00,0.00,-0.00,-0.00,0.00,9.00
17358.00,0.14,-0.03,0.47,0.00,0.00,1.19,-0.28,0.02,602.71,0.00,0.00,0.00,-0.00,0.00,-0.00,7.00
17379.00,0.14,-0.03,0.45,0.00,0.00,-0.74,-0.28,0.02,-91.89,0.00,0.00,0.00,0.00,-0.00,-0.00,17.00
17396.00,0.14,-0.03,0.30,0.00,0.00,-9.02,-0.28,0.02,-486.67,0.00,0.00,0.00,0.00,0.00,0.00,5.00
17401.00,0.14,-0.03,0.40,0.00,0.00,20.03,-0.28,0.02,5809.43,0.00,0.00,0.00,0.00,0.00,0.00,8.00
17409.00,0.14,-0.03,0.37,0.00,0.00,-4.09,-0.28,0.02,-3014.47,0.00,0.00,0.00,-0.00,0.00,0.00,8.00
17417.00,0.14,-0.03,0.39,0.00,0.00,3.38,-0.28,0.02,933.03,0.00,0.00,0.00,-0.00,0.00,0.00,6.00
17423.00,0.14,-0.03,0.38,0.00,0.00,-1.74,-0.28,0.02,-852.41,0.00,0.00,0.00,-0.00,0.00,0.00,7.00
17430.00,0.14,-0.03,0.33,0.00,0.00,-8.06,-0.28,0.02,-903.73,0.00,0.00,0.00,-0.00,0.00,0.00,5.00
17435.00,0.14,-0.03,0.32,0.00,0.00,-0.74,-0.28,0.02,1465.12,0.00,0.00,0.00,0.00,0.00,0.00,6.00
17441.00,0.14,-0.03,0.35,0.00,0.00,4.11,-0.28,0.02,808.03,0.00,0.00,0.00,0.00,0.00,0.00,8.00
17449.00,0.16,-0.03,0.32,0.06,-0.00,-3.67,0.28,-0.02,-972.60,0.00,0.00,0.00,-0.00,-0.00,-0.00,8.00
17463.00,0.16,-0.03,0.33,0.06,-0.00,1.03,0.28,-0.02,335.99,0.00,0.00,0.00,-0.00,-0.00,-0.00,8.00
17471.00,0.16,-0.03,0.34,0.06,-0.00,0.96,0.28,-0.02,-8.88,0.00,0.00,0.00,-0.00,-0.01,-0.00,8.00
17479.00,0.16,-0.03,0.27,0.06,-0.00,-8.94,0.28,-0.02,-1237.70,0.00,0.00,0.00,0.00,-0.00,-0.00,15.00
17494.00,0.16,-0.03,0.24,0.06,-0.00,-1.59,0.28,-0.02,489.59,0.00,0.00,0.00,0.00,-0.00,0.00,7.00
17501.00,0.16,-0.03,0.34,0.06,-0.00,13.75,0.28,-0.02,2191.61,0.00,0.00,0.00,0.01,0.00,0.00,8.00
17509.00,0.16,-0.03,0.27,0.06,-0.00,-8.49,0.28,-0.02,-2779.01,0.00,0.00,0.00,-0.00,0.00,0.00,7.00
17516.00,0.16,-0.03,0.35,0.06,-0.00,11.77,0.28,-0.02,2893.41,0.00,0.00,0.00,-0.01,0.00,0.00,6.00
17522.00,0.16,-0.03,0.26,0.06,-0.00,-15.06,0.28,-0.02,-4472.25,0.00,0.00,0.00,-0.00,0.00,0.00,8.00
17530.00,0.16,-0.03,0.20,0.06,-0.00,-7.48,0.28,-0.02,948.51,0.00,0.00,0.00,-0.00,0.00,-0.00,5.00
17535.00,0.16,-0.03,0.34,0.06,-0.00,26.73,0.28,-0.02,6840.61,0.00,0.00,0.00,0.00,0.00,-0.00,6.00
17546.00,0.16,-0.03,0.23,0.06,-0.00,-9.60,0.28,-0.02,-3301.95,0.00,0.00,0.00,0.00,0.01,-0.00,7.00
17553.00,0.16,-0.03,0.35,0.06,-0.00,16.98,0.28,-0.02,3796.13,0.00,0.00,0.00,0.00,0.00,-0.00,7.00
17560.00,0.16,-0.03,0.30,0.06,-0.00,-7.96,0.28,-0.02,-3562.13,0.00,0.00,0.00,0.01,0.00,-0.00,8.00
17568.00,0.16,-0.03,0.29,0.06,-0.00,-0.75,0.28,-0.02,900.86,0.00,0.00,0.00,0.00,-0.00,0.00,8.00
17576.00,0.16,-0.03,0.27,0.06,-0.00,-1.84,0.28,-0.02,-135.69,0.00,0.00,0.00,0.00,-0.00,0.00,5.00
17581.00,0.16,-0.03,0.31,0.06,-0.00,6.45,0.28,-0.02,1657.36,0.00,0.00,0.00,0.00,-0.00,0.00,7.00
17588.00,0.16,-0.03,0.27,0.06,-0.00,-5.08,0.28,-0.02,-1647.32,0.00,0.00,0.00,-0.00,-0.00,0.00,16.00
17604.00,0.16,-0.03,0.34,0.06,-0.00,4.06,0.28,-0.02,571.48,0.00,0.00,0.00,0.00,0.00,0.00,7.00
17611.00,0.16,-0.03,0.34,0.06,-0.00,0.22,0.28,-0.02,-548.64,0.00,0.00,0.00,0.00,0.01,0.00,8.00
17619.00,0.16,-0.03,0.31,0.06,-0.00,-3.03,0.28,-0.02,-406.00,0.00,0.00,0.00,0.00,0.00,0.00,7.00
17631.00,0.16,-0.03,0.24,0.06,-0.00,-6.00,0.28,-0.02,-247.86,0.00,0.00,0.00,0.00,-0.00,-0.00,7.00
17638.00,0.16,-0.03,0.42,0.06,-0.00,25.77,0.28,-0.02,4538.82,0.00,0.00,0.00,-0.00,0.00,-0.00,6.00
17644.00,0.16,-0.03,0.35,0.06,-0.00,-11.77,0.28,-0.02,-6256.24,0.00,0.00,0.00,-0.00,0.00,-0.00,7.00
17651.00,0.17,-0.03,0.26,0.06,-0.00,-12.59,-0.00,0.00,-117.98,0.00,0.00,0.00,0.00,0.00,-0.00,8.00
17659.00,0.17,-0.03,0.41,0.06,-0.00,17.70,-0.00,0.00,3787.01,0.00,0.00,0.00,0.00,-0.00,0.00,8.00
17667.00,0.17,-0.03,0.33,0.06,-0.00,-8.90,-0.00,0.00,-3326.11,0.00,0.00,0.00,0.00,-0.00,-0.00,5.00
17672.00,0.17,-0.03,0.20,0.06,-0.00,-25.91,-0.00,0.00,-3401.68,0.00,0.00,0.00,0.00,-0.00,0.00,18.00
17690.00,0.17,-0.03,0.25,0.06,-0.00,2.57,-0.00,0.00,1582.35,0.00,0.00,0.00,-0.00,0.00,0.00,8.00
17698.00,0.17,-0.03,0.23,0.06,-0.00,-2.71,-0.00,0.00,-659.63,0.00,0.00,0.00,-0.00,0.00,0.00,7.00
17705.00,0.17,-0.03,0.18,0.06,-0.00,-6.60,-0.00,0.00,-555.49,0.00,0.00,0.00,-0.00,0.00,0.00,6.00
17716.00,0.17,-0.03,0.30,0.06,-0.00,10.44,-0.00,0.00,1548.83,0.00,0.00,0.00,0.00,0.00,0.00,7.00
17723.00,0.17,-0.03,0.23,0.06,-0.00,-9.04,-0.00,0.00,-2783.22,0.00,0.00,0.00,0.00,0.00,-0.00,7.00
17730.00,0.17,-0.03,0.27,0.06,-0.00,5.46,-0.00,0.00,2070.87,0.00,0.00,0.00,-0.00,0.00,-0.00,6.00
17736.00,0.17,-0.03,0.32,0.06,-0.00,7.98,-0.00,0.00,420.43,0.00,0.00,0.00,-0.00,-0.00,-0.00,5.00
17741.00,0.17,-0.03,0.32,0.06,-0.00,0.66,-0.00,0.00,-1464.10,0.00,0.00,0.00,-0.00,-0.00,-0.00,9.00
17750.00,0.17,-0.03,0.24,0.06,-0.00,-9.37,-0.00,0.00,-1114.67,0.00,0.00,0.00,0.00,-0.00,0.00,8.00
17758.00,0.17,-0.03,0.17,0.06,-0.00,-9.13,-0.00,0.00,30.92,0.00,0.00,0.00,0.00,-0.00,0.00,6.00
17764.00,0.17,-0.03,0.25,0.06,-0.00,13.37,-0.00,0.00,3750.17,0.00,0.00,0.00,0.00,-0.00,0.00,7.00
17771.00,0.17,-0.03,0.22,0.06,-0.00,-4.26,-0.00,0.00,-2519.02,0.00,0.00,0.00,0.00,-0.00,0.00,9.00
17780.00,0.17,-0.03,0.13,0.06,-0.00,-9.71,-0.00,0.00,-606.05,0.00,0.00,0.00,0.00,0.00,0.00,5.00
17790.00,0.17,-0.03,0.23,0.06,-0.00,9.88,-0.00,0.00,1959.17,0.00,0.00,0.00,0.00,0.00,0.00,19.00
17809.00,0.17,-0.03,0.23,0.06,-0.00,-0.01,-0.00,0.00,-520.28,0.00,0.00,0.00,0.00,0.00,-0.00,7.00
17816.00,0.17,-0.03,0.26,0.06,-0.00,4.91,-0.00,0.00,703.11,0.00,0.00,0.00,0.00,0.00,-0.00,6.00
17822.00,0.17,-0.03,0.28,0.06,-0.00,2.44,-0.00,0.00,-411.95,0.00,0.00,0.00,0.00,0.00,-0.00,8.00
17830.00,0.17,-0.03,0.16,0.06,-0.00,-14.53,-0.00,0.00,-2122.10,0.00,0.00,0.00,0.00,-0.00,0.00,5.00
17835.00,0.17,-0.03,0.37,0.06,-0.00,41.29,-0.00,0.00,11165.11,0.00,0.00,0.00,0.00,0.00,0.00,7.00
17842.00,0.17,-0.03,0.41,0.06,-0.00,5.46,-0.00,0.00,-5118.05,0.00,0.00,0.00,-0.00,0.00,0.00,8.00
17850.00,0.17,-0.03,0.31,0.06,-0.00,-12.22,-0.00,0.00,-2211.20,0.00,0.00,0.00,0.00,0.00,0.00,7.00
17857.00,0.17,-0.04,0.28,0.00,-0.04,-3.29,-0.27,-0.16,1276.01,0.00,0.00,0.00,0.00,0.00,0.00,6.00
17863.00,0.17,-0.04,0.27,0.00,-0.04,-2.42,-0.27,-0.16,146.01,0.00,0.00,0.00,0.00,0.00,0.00,7.00
17875.00,0.17,-0.04,0.35,0.00,-0.04,6.71,-0.27,-0.16,760.64,0.00,0.00,0.00,0.00,-0.00,0.00,18.00
17893.00,0.17,-0.04,0.36,0.00,-0.04,0.79,-0.27,-0.16,-328.98,0.00,0.00,0.00,-0.00,0.01,0.00,8.00
17901.00,0.17,-0.04,0.32,0.00,-0.04,-5.80,-0.27,-0.16,-824.11,0.00,0.00,0.00,-0.00,0.01,-0.00,8.00
17909.00,0.17,-0.04,0.27,0.00,-0.04,-6.39,-0.27,-0.16,-73.06,0.00,0.00,0.00,0.00,0.01,0.00,8.00
17917.00,0.17,-0.04,0.35,0.00,-0.04,10.60,-0.27,-0.16,2123.34,0.00,0.00,0.00,0.00,0.00,0.00,5.00
17922.00,0.17,-0.04,0.35,0.00,-0.04,-0.08,-0.27,-0.16,-2136.22,0.00,0.00,0.00,0.00,0.00,0.00,9.00
17931.00,0.17,-0.04,0.39,0.00,-0.04,4.13,-0.27,-0.16,468.28,0.00,0.00,0.00,0.00,0.00,0.00,5.00
17936.00,0.17,-0.04,0.20,0.00,-0.04,-37.17,-0.27,-0.16,-8260.70,0.00,0.00,0.00,0.00,0.00,0.00,6.00
17942.00,0.17,-0.04,0.34,0.00,-0.04,23.09,-0.27,-0.16,10043.58,0.00,0.00,0.00,0.00,0.00,0.00,8.00
17950.00,0.17,-0.04,0.27,0.00,-0.04,-8.51,-0.27,-0.16,-3950.55,0.00,0.00,0.00,0.00,-0.00,-0.00,8.00
17962.00,0.17,-0.04,0.33,0.00,-0.04,5.02,-0.27,-0.16,1127.57,0.00,0.00,0.00,0.00,-0.00,0.00,9.00
17971.00,0.17,-0.04,0.33,0.00,-0.04,-0.90,-0.27,-0.16,-657.14,0.00,0.00,0.00,0.00,0.00,0.00,9.00
17980.00,0.17,-0.04,0.27,0.00,-0.04,-6.46,-0.27,-0.16,-618.24,0.00,0.00,0.00,0.00,0.00,0.00,15.00
17995.00,0.17,-0.04,0.25,0.00,-0.04,-1.10,-0.27,-0.16,357.31,0.00,0.00,0.00,0.00,0.00,0.00,7.00
18002.00,0.17,-0.04,0.37,0.00,-0.04,17.30,-0.27,-0.16,2628.76,0.00,0.00,0.00,0.00,0.01,0.00,8.00
18010.00,0.17,-0.04,0.34,0.00,-0.04,-3.85,-0.27,-0.16,-2644.02,0.00,0.00,0.00,-0.00,0.00,-0.00,8.00
18018.00,0.17,-0.04,0.33,0.00,-0.04,-1.84,-0.27,-0.16,251.07,0.00,0.00,0.00,-0.00,-0.00,-0.00,5.00
18023.00,0.17,-0.04,0.34,0.00,-0.04,3.56,-0.27,-0.16,1080.35,0.00,0.00,0.00,-0.00,-0.00,-0.00,8.00
18031.00,0.17,-0.04,0.26,0.00,-0.04,-10.30,-0.27,-0.16,-1731.77,0.00,0.00,0.00,0.00,-0.00,-0.00,5.00
18036.00,0.17,-0.04,0.39,0.00,-0.04,26.62,-0.27,-0.16,7384.27,0.00,0.00,0.00,0.00,0.00,0.00,7.00
18047.00,0.17,-0.04,0.33,0.00,-0.04,-5.54,-0.27,-0.16,-2924.16,0.00,0.00,0.00,-0.00,-0.00,0.00,7.00
18054.00,0.17,-0.04,0.29,0.00,-0.04,-6.62,-0.27,-0.16,-153.43,0.00,0.00,0.00,-0.00,-0.00,0.00,7.00
18061.00,0.17,-0.04,0.27,0.00,0.00,-2.34,0.00,0.18,611.28,0.00,0.00,0.00,0.00,-0.00,0.00,8.00
18069.00,0.17,-0.04,0.37,0.00,0.00,12.64,0.00,0.18,1871.60,0.00,0.00,0.00,-0.00,0.00,0.00,6.00
18075.00,0.17,-0.04,0.43,0.00,0.00,10.10,0.00,0.18,-422.37,0.00,0.00,0.00,-0.00,0.00,0.00,17.00
18092.00,0.17,-0.04,0.38,0.00,0.00,-3.37,0.00,0.18,-792.42,0.00,0.00,0.00,-0.00,0.00,-0.00,9.00
18101.00,0.17,-0.04,0.34,0.00,0.00,-4.23,0.00,0.18,-95.17,0.00,0.00,0.00,-0.00,-0.00,-0.00,8.00
18109.00,0.17,-0.04,0.34,0.00,0.00,0.30,0.00,0.18,565.17,0.00,0.00,0.00,0.00,0.00,-0.00,7.00
18116.00,0.17,-0.04,0.28,0.00,0.00,-8.05,0.00,0.18,-1192.33,0.00,0.00,0.00,0.00,0.00,-0.00,6.00
18122.00,0.17,-0.04,0.41,0.00,0.00,20.81,0.00,0.18,4809.43,0.00,0.00,0.00,0.00,0.00,-0.00,9.00
18140.00,0.17,-0.04,0.38,0.00,0.00,-1.64,0.00,0.18,-1246.99,0.00,0.00,0.00,0.00,-0.00,0.00,6.00
18146.00,0.17,-0.04,0.40,0.00,0.00,4.05,0.00,0.18,948.97,0.00,0.00,0.00,0.00,0.00,0.00,5.00
18151.00,0.17,-0.04,0.37,0.00,0.00,-6.95,0.00,0.18,-2201.50,0.00,0.00,0.00,-0.00,0.00,0.00,10.00
18161.00,0.17,-0.04,0.29,0.00,0.00,-7.46,0.00,0.18,-50.73,0.00,0.00,0.00,0.00,-0.00,0.00,7.00
18168.00,0.17,-0.04,0.38,0.00,0.00,12.92,0.00,0.18,2910.92,0.00,0.00,0.00,-0.00,-0.00,-0.00,6.00
18174.00,0.17,-0.04,0.31,0.00,0.00,-12.32,0.00,0.18,-4206.33,0.00,0.00,0.00,-0.00,-0.00,-0.00,8.00
18182.00,0.17,-0.04,0.38,0.00,0.00,8.37,0.00,0.18,2587.09,0.00,0.00,0.00,0.00,0.00,0.00,16.00
18198.00,0.17,-0.04,0.36,0.00,0.00,-1.23,0.00,0.18,-600.36,0.00,0.00,0.00,-0.00,-0.00,0.00,5.00
18203.00,0.17,-0.04,0.28,0.00,0.00,-14.95,0.00,0.18,-2744.60,0.00,0.00,0.00,-0.00,-0.00,-0.00,8.00
18211.00,0.17,-0.04,0.25,0.00,0.00,-3.97,0.00,0.18,1373.54,0.00,0.00,0.00,-0.00,0.00,-0.00,8.00
18224.00,0.17,-0.04,0.34,0.00,0.00,6.48,0.00,0.18,803.21,0.00,0.00,0.00,-0.00,-0.00,0.00,9.00
18233.00,0.17,-0.04,0.28,0.00,0.00,-6.68,0.00,0.18,-1461.56,0.00,0.00,0.00,-0.00,-0.00,0.00,5.00
18238.00,0.17,-0.04,0.27,0.00,0.00,-2.03,0.00,0.18,928.75,0.00,0.00,0.00,0.00,0.00,0.00,6.00
18244.00,0.17,-0.04,0.30,0.00,0.00,5.11,0.00,0.18,1190.07,0.00,0.00,0.00,0.00,0.00,-0.00,7.00
18251.00,0.17,-0.04,0.34,0.00,0.00,6.48,0.00,0.18,195.80,0.00,0.00,0.00,0.00,0.00,-0.00,8.00
18259.00,0.17,-0.04,0.39,0.00,0.00,6.39,0.00,0.18,-10.46,0.00,0.00,0.00,-0.00,-0.00,-0.00,5.00
18264.00,0.18,-0.04,0.33,0.05,-0.00,-11.67,0.27,-0.02,-3612.81,0.00,0.00,0.00,-0.00,-0.00,-0.00,8.00
18272.00,0.18,-0.04,0.39,0.05,-0.00,6.67,0.27,-0.02,2292.98,0.00,0.00,0.00,0.00,-0.01,-0.00,9.00
18281.00,0.18,-0.04,0.18,0.05,-0.00,-23.49,0.27,-0.02,-3351.36,0.00,0.00,0.00,0.00,-0.00,-0.00,16.00
18297.00,0.18,-0.04,0.37,0.05,-0.00,12.24,0.27,-0.02,2232.94,0.00,0.00,0.00,0.00,0.00,0.00,6.00
18308.00,0.18,-0.04,0.42,0.05,-0.00,3.99,0.27,-0.02,-749.74,0.00,0.00,0.00,-0.00,-0.00,0.00,6.00
18314.00,0.18,-0.04,0.30,0.05,-0.00,-18.70,0.27,-0.02,-3782.28,0.00,0.00,0.00,-0.00,0.00,0.00,8.00
18322.00,0.18,-0.04,0.20,0.05,-0.00,-13.34,0.27,-0.02,670.02,0.00,0.00,0.00,0.00,0.00,0.00,8.00
18330.00,0.18,-0.04,0.36,0.05,-0.00,19.88,0.27,-0.02,4153.15,0.00,0.00,0.00,0.00,0.00,-0.00,5.00
18335.00,0.18,-0.04,0.17,0.05,-0.00,-37.53,0.27,-0.02,-11483.01,0.00,0.00,0.00,0.00,0.00,-0.00,7.00
18342.00,0.18,-0.04,0.25,0.05,-0.00,11.70,0.27,-0.02,7032.58,0.00,0.00,0.00,0.00,-0.00,-0.00,9.00
18351.00,0.18,-0.04,0.31,0.05,-0.00,6.95,0.27,-0.02,-527.40,0.00,0.00,0.00,0.00,-0.00,-0.00,7.00
18358.00,0.18,-0.04,0.27,0.05,-0.00,-5.47,0.27,-0.02,-1774.66,0.00,0.00,0.00,0.00,-0.00,-0.00,5.00
18363.00,0.18,-0.04,0.26,0.05,-0.00,-3.35,0.27,-0.02,424.73,0.00,0.00,0.00,0.00,-0.00,-0.00,9.00
18372.00,0.18,-0.04,0.32,0.05,-0.00,7.46,0.27,-0.02,1200.88,0.00,0.00,0.00,0.00,-0.00,0.00,8.00
18385.00,0.18,-0.04,0.26,0.05,-0.00,-4.65,0.27,-0.02,-931.11,0.00,0.00,0.00,0.00,-0.00,0.00,18.00
18403.00,0.18,-0.04,0.32,0.05,-0.00,3.26,0.27,-0.02,439.15,0.00,0.00,0.00,-0.00,0.00,0.00,9.00
18412.00,0.18,-0.04,0.49,0.05,-0.00,18.86,0.27,-0.02,1733.68,0.00,0.00,0.00,0.00,0.00,-0.00,8.00
18420.00,0.18,-0.04,0.41,0.05,-0.00,-10.11,0.27,-0.02,-3621.04,0.00,0.00,0.00,0.00,0.00,-0.00,5.00
18425.00,0.18,-0.04,0.50,0.05,-0.00,17.23,0.27,-0.02,5466.55,0.00,0.00,0.00,0.00,0.00,-0.00,7.00
18432.00,0.18,-0.04,0.37,0.05,-0.00,-18.79,0.27,-0.02,-5144.76,0.00,0.00,0.00,0.00,-0.00,-0.00,6.00
18438.00,0.18,-0.04,0.47,0.05,-0.00,17.98,0.27,-0.02,6128.16,0.00,0.00,0.00,0.00,-0.00,-0.01,6.00
18444.00,0.18,-0.04,0.31,0.05,-0.00,-26.84,0.27,-0.02,-7469.67,0.00,0.00,0.00,0.00,-0.00,-0.01,8.00
18452.00,0.18,-0.04,0.43,0.05,-0.00,14.83,0.27,-0.02,5208.08,0.00,0.00,0.00,0.00,-0.00,-0.01,9.00
18461.00,0.18,-0.04,0.36,0.05,-0.00,-8.32,0.27,-0.02,-2571.56,0.00,0.00,0.00,-0.00,-0.00,0.00,6.00
18472.00,0.18,-0.04,0.52,0.00,0.00,14.62,-0.26,0.02,2084.97,0.00,0.00,0.00,-0.00,-0.01,-0.00,9.00
18481.00,0.18,-0.04,0.38,0.00,0.00,-14.82,-0.26,0.02,-3271.01,0.00,0.00,0.00,0.00,-0.00,0.00,6.00
18487.00,0.18,-0.04,0.51,0.00,0.00,21.43,-0.26,0.02,6041.64,0.00,0.00,0.00,-0.00,-0.00,0.00,17.00
18504.00,0.18,-0.04,0.41,0.00,0.00,-5.86,-0.26,0.02,-1605.23,0.00,0.00,0.00,-0.00,0.00,0.00,8.00
18512.00,0.18,-0.04,0.48,0.00,0.00,8.24,-0.26,0.02,1762.17,0.00,0.00,0.00,0.00,-0.00,0.00,8.00
18520.00,0.18,-0.04,0.43,0.00,0.00,-6.42,-0.26,0.02,-1832.17,0.00,0.00,0.00,-0.00,0.00,-0.00,6.00
18526.00,0.18,-0.04,0.50,0.00,0.00,12.77,-0.26,0.02,3197.51,0.00,0.00,0.00,-0.00,0.00,-0.00,7.00
18533.00,0.18,-0.04,0.40,0.00,0.00,-15.02,-0.26,0.02,-3969.93,0.00,0.00,0.00,-0.00,0.00,-0.00,6.00
18539.00,0.18,-0.04,0.48,0.00,0.00,13.41,-0.26,0.02,4738.61,0.00,0.00,0.00,0.00,0.00,-0.00,5.00
18544.00,0.18,-0.04,0.47,0.00,0.00,-1.64,-0.26,0.02,-3010.20,0.00,0.00,0.00,0.00,0.00,-0.00,8.00
18557.00,0.18,-0.04,0.48,0.00,0.00,0.30,-0.26,0.02,149.21,0.00,0.00,0.00,0.00,0.00,0.00,8.00
18565.00,0.18,-0.04,0.43,0.00,0.00,-5.62,-0.26,0.02,-739.08,0.00,0.00,0.00,0.00,0.00,0.00,7.00
18572.00,0.18,-0.04,0.45,0.00,0.00,2.50,-0.26,0.02,1159.50,0.00,0.00,0.00,0.00,0.00,0.00,8.00
18580.00,0.18,-0.04,0.44,0.00,0.00,-0.71,-0.26,0.02,-401.03,0.00,0.00,0.00,-0.00,0.00,0.00,5.00
18585.00,0.18,-0.04,0.49,0.00,0.00,9.65,-0.26,0.02,2071.05,0.00,0.00,0.00,-0.00,0.00,0.00,18.00
18603.00,0.18,-0.04,0.44,0.00,0.00,-2.68,-0.26,0.02,-684.75,0.00,0.00,0.00,0.00,-0.00,0.00,9.00
18612.00,0.18,-0.04,0.32,0.00,0.00,-13.65,-0.26,0.02,-1219.18,0.00,0.00,0.00,0.00,0.00,-0.00,8.00
18620.00,0.18,-0.04,0.29,0.00,0.00,-3.28,-0.26,0.02,1295.94,0.00,0.00,0.00,-0.00,0.00,-0.00,5.00
18625.00,0.18,-0.04,0.41,0.00,0.00,24.09,-0.26,0.02,5473.72,0.00,0.00,0.00,-0.00,0.00,-0.00,8.00
18633.00,0.18,-0.04,0.34,0.00,0.00,-9.51,-0.26,0.02,-4199.09,0.00,0.00,0.00,-0.00,-0.00,-0.00,5.00
18643.00,0.18,-0.04,0.41,0.00,0.00,7.74,-0.26,0.02,1724.79,0.00,0.00,0.00,-0.00,0.00,0.00,10.00
18653.00,0.18,-0.04,0.37,0.00,0.00,-4.65,-0.26,0.02,-1238.59,0.00,0.00,0.00,-0.00,-0.00,0.00,8.00
18661.00,0.18,-0.04,0.40,0.00,0.00,3.83,-0.26,0.02,1059.35,0.00,0.00,0.00,-0.00,-0.01,0.00,6.00
18667.00,0.18,-0.04,0.42,0.00,0.00,3.11,-0.26,0.02,-120.22,0.00,0.00,0.00,-0.00,-0.00,0.00,7.00
18674.00,0.18,-0.04,0.35,0.00,0.00,-9.59,0.00,0.00,-1813.72,0.00,0.00,0.00,-0.00,-0.00,0.00,18.00
18692.00,0.18,-0.04,0.36,0.00,0.00,0.50,0.00,0.00,560.46,0.00,0.00,0.00,0.00,-0.00,-0.00,8.00
18700.00,0.18,-0.04,0.34,0.00,0.00,-2.63,0.00,0.00,-391.03,0.00,0.00,0.00,-0.00,0.00,-0.00,5.00
18705.00,0.18,-0.04,0.37,0.00,0.00,6.20,0.00,0.00,1765.60,0.00,0.00,0.00,-0.00,0.00,-0.00,8.00
18713.00,0.18,-0.04,0.32,0.00,0.00,-6.79,0.00,0.00,-1623.37,0.00,0.00,0.00,0.00,0.00,-0.00,9.00
18722.00,0.18,-0.04,0.37,0.00,0.00,6.48,0.00,0.00,1473.94,0.00,0.00,0.00,-0.00,0.00,0.00,6.00
18733.00,0.18,-0.04,0.42,0.00,0.00,4.69,0.00,0.00,-163.00,0.00,0.00,0.00,-0.00,0.00,0.01,7.00
18740.00,0.18,-0.04,0.23,0.00,0.00,-28.14,0.00,0.00,-4688.99,0.00,0.00,0.00,0.00,0.00,0.00,5.00
18745.00,0.18,-0.04,0.36,0.00,0.00,27.21,0.00,0.00,11070.23,0.00,0.00,0.00,0.00,0.00,0.00,8.00
18753.00,0.18,-0.04,0.40,0.00,0.00,4.79,0.00,0.00,-2802.70,0.00,0.00,0.00,0.00,0.00,0.00,9.00
18762.00,0.18,-0.04,0.34,0.00,0.00,-7.41,0.00,0.00,-1355.36,0.00,0.00,0.00,0.00,0.00,0.00,6.00
18768.00,0.18,-0.04,0.31,0.00,0.00,-4.56,0.00,0.00,475.10,0.00,0.00,0.00,0.00,0.00,0.00,6.00
18774.00,0.18,-0.04,0.29,0.00,0.00,-2.74,0.00,0.00,302.12,0.00,0.00,0.00,0.00,0.00,0.00,9.00
18783.00,0.18,-0.04,0.40,0.00,0.00,11.90,0.00,0.00,1627.19,0.00,0.00,0.00,-0.00,-0.00,-0.00,5.00
18788.00,0.18,-0.04,0.32,0.00,0.00,-15.40,0.00,0.00,-5460.41,0.00,0.00,0.00,-0.00,-0.00,-0.00,17.00
18805.00,0.18,-0.04,0.32,0.00,0.00,-0.01,0.00,0.00,905.08,0.00,0.00,0.00,-0.00,-0.00,0.00,8.00
18822.00,0.18,-0.04,0.38,0.00,0.00,3.63,0.00,0.00,214.61,0.00,0.00,0.00,0.00,-0.00,0.00,9.00
18831.00,0.18,-0.04,0.32,0.00,0.00,-6.92,0.00,0.00,-1172.20,0.00,0.00,0.00,-0.00,-0.00,0.00,5.00
18836.00,0.18,-0.04,0.31,0.00,0.00,-2.68,0.00,0.00,846.31,0.00,0.00,0.00,-0.00,-0.00,0.00,7.00
18843.00,0.18,-0.04,0.28,0.00,0.00,-3.53,0.00,0.00,-120.72,0.00,0.00,0.00,-0.00,-0.00,-0.00,8.00
18851.00,0.18,-0.04,0.32,0.00,0.00,4.01,0.00,0.00,941.91,0.00,0.00,0.00,-0.00,-0.00,-0.00,5.00
18857.00,0.18,-0.04,0.34,0.00,0.00,3.31,0.00,0.00,-116.78,0.00,0.00,0.00,-0.00,-0.00,-0.00,7.00
18864.00,0.18,-0.04,0.32,0.00,0.00,-1.76,0.00,0.00,-723.13,0.00,0.00,0.00,-0.00,-0.00,0.00,8.00
18872.00,0.18,-0.04,0.36,0.00,0.00,4.17,0.00,0.00,741.06,0.00,0.00,0.00,-0.00,-0.00,-0.00,6.00
18878.00,0.18,-0.05,0.40,0.00,-0.04,8.00,0.00,-0.18,637.88,0.00,0.00,0.00,-0.00,0.00,-0.00,17.00
18895.00,0.18,-0.05,0.36,0.00,-0.04,-2.72,0.00,-0.18,-630.62,0.00,0.00,0.00,-0.00,-0.01,0.00,8.00
18908.00,0.18,-0.05,0.32,0.00,-0.04,-2.89,0.00,-0.18,-13.10,0.00,0.00,0.00,0.00,0.00,-0.00,7.00
18915.00,0.18,-0.05,0.36,0.00,-0.04,5.46,0.00,-0.18,1193.46,0.00,0.00,0.00,0.00,0.00,0.00,8.00
18923.00,0.18,-0.05,0.31,0.00,-0.04,-6.63,0.00,-0.18,-1511.75,0.00,0.00,0.00,0.00,-0.00,0.00,8.00
18931.00,0.18,-0.05,0.32,0.00,-0.04,1.48,0.00,-0.18,1014.08,0.00,0.00,0.00,-0.00,-0.00,0.00,5.00
18936.00,0.18,-0.05,0.25,0.00,-0.04,-12.84,0.00,-0.18,-2864.27,0.00,0.00,0.00,-0.00,-0.00,0.00,7.00
18943.00,0.18,-0.05,0.36,0.00,-0.04,15.70,0.00,-0.18,4077.77,0.00,0.00,0.00,-0.00,0.00,0.00,8.00
18951.00,0.18,-0.05,0.38,0.00,-0.04,1.56,0.00,-0.18,-1767.82,0.00,0.00,0.00,0.00,0.00,0.00,7.00
18958.00,0.18,-0.05,0.32,0.00,-0.04,-8.03,0.00,-0.18,-1369.72,0.00,0.00,0.00,0.00,0.00,0.00,6.00
18964.00,0.18,-0.05,0.43,0.00,-0.04,17.69,0.00,-0.18,4285.37,0.00,0.00,0.00,0.00,-0.00,0.00,9.00
18973.00,0.18,-0.05,0.41,0.00,-0.04,-1.29,0.00,-0.18,-2108.04,0.00,0.00,0.00,0.00,0.00,0.00,8.00
18985.00,0.18,-0.05,0.43,0.00,-0.04,1.49,0.00,-0.18,231.68,0.00,0.00,0.00,-0.00,0.00,0.00,18.00
19003.00,0.18,-0.05,0.40,0.00,-0.04,-1.91,0.00,-0.18,-188.96,0.00,0.00,0.00,-0.01,-0.00,0.00,7.00
19010.00,0.18,-0.05,0.40,0.00,-0.04,0.46,0.00,-0.18,338.28,0.00,0.00,0.00,0.00,-0.00,-0.00,5.00
19015.00,0.18,-0.05,0.42,0.00,-0.04,3.04,0.00,-0.18,514.95,0.00,0.00,0.00,0.00,-0.00,-0.00,9.00
19024.00,0.18,-0.05,0.38,0.00,-0.04,-3.78,0.00,-0.18,-756.73,0.00,0.00,0.00,0.00,0.00,-0.00,8.00
19032.00,0.18,-0.05,0.43,0.00,-0.04,5.44,0.00,-0.18,1152.20,0.00,0.00,0.00,0.00,-0.00,0.00,6.00
19038.00,0.18,-0.05,0.47,0.00,-0.04,7.20,0.00,-0.18,293.13,0.00,0.00,0.00,-0.00,-0.00,0.00,6.00
19044.00,0.18,-0.05,0.40,0.00,-0.04,-11.24,0.00,-0.18,-3073.50,0.00,0.00,0.00,-0.00,0.00,0.00,9.00
19053.00,0.18,-0.05,0.45,0.00,-0.04,5.52,0.00,-0.18,1862.06,0.00,0.00,0.00,-0.00,-0.00,0.00,7.00
19060.00,0.18,-0.05,0.49,0.00,-0.04,6.13,0.00,-0.18,87.15,0.00,0.00,0.00,-0.00,0.00,0.00,6.00
19071.00,0.18,-0.05,0.50,0.00,-0.04,0.93,0.00,-0.18,-472.96,0.00,0.00,0.00,0.00,-0.00,0.00,16.00
19087.00,0.21,-0.03,0.54,0.16,0.10,2.47,0.76,0.64,96.77,0.00,0.00,0.00,-0.00,-0.00,-0.00,7.00
19094.00,0.21,-0.03,0.55,0.16,0.10,0.76,0.76,0.64,-244.98,0.00,0.00,0.00,-0.00,0.00,-0.00,9.00
19103.00,0.21,-0.03,0.55,0.16,0.10,-0.43,0.76,0.64,-132.61,0.00,0.00,0.00,-0.00,0.00,0.00,7.00
19110.00,0.21,-0.03,0.45,0.16,0.10,-13.39,0.76,0.64,-1851.46,0.00,0.00,0.00,-0.00,0.00,-0.00,5.00
19115.00,0.21,-0.03,0.49,0.16,0.10,6.91,0.76,0.64,4060.86,0.00,0.00,0.00,-0.00,0.00,-0.00,9.00
19124.00,0.21,-0.03,0.51,0.16,0.10,2.59,0.76,0.64,-479.60,0.00,0.00,0.00,-0.00,0.00,-0.00,8.00
19132.00,0.21,-0.03,0.45,0.16,0.10,-7.01,0.76,0.64,-1200.71,0.00,0.00,0.00,0.00,0.00,-0.00,6.00
19138.00,0.21,-0.03,0.52,0.16,0.10,11.13,0.76,0.64,3024.01,0.00,0.00,0.00,0.00,0.00,-0.00,6.00
19144.00,0.21,-0.03,0.45,0.16,0.10,-12.05,0.76,0.64,-3863.13,0.00,0.00,0.00,0.00,0.01,0.00,9.00
19158.00,0.21,-0.03,0.61,0.16,0.10,11.42,0.76,0.64,1676.04,0.00,0.00,0.00,0.00,0.00,0.00,8.00
19166.00,0.21,-0.03,0.52,0.16,0.10,-10.88,0.76,0.64,-2787.83,0.00,0.00,0.00,0.00,-0.00,0.00,8.00
19174.00,0.21,-0.03,0.55,0.16,0.10,4.07,0.76,0.64,1869.29,0.00,0.00,0.00,-0.00,0.00,0.00,17.00
19191.00,0.21,-0.03,0.46,0.16,0.10,-5.66,0.76,0.64,-572.41,0.00,0.00,0.00,-0.00,0.00,0.00,6.00
19197.00,0.21,-0.03,0.44,0.16,0.10,-3.05,0.76,0.64,435.47,0.00,0.00,0.00,-0.00,0.00,0.00,8.00
19205.00,0.21,-0.03,0.47,0.16,0.10,4.05,0.76,0.64,887.81,0.00,0.00,0.00,-0.00,0.00,-0.00,8.00
19213.00,0.21,-0.03,0.38,0.16,0.10,-11.85,0.76,0.64,-1987.51,0.00,0.00,0.00,-0.00,0.00,0.00,6.00
19219.00,0.21,-0.03,0.48,0.16,0.10,17.17,0.76,0.64,4836.53,0.00,0.00,0.00,-0.00,0.00,0.00,7.00
19226.00,0.21,-0.03,0.45,0.16,0.10,-4.73,0.76,0.64,-3129.26,0.00,0.00,0.00,-0.00,0.00,0.00,8.00
19234.00,0.21,-0.03,0.43,0.16,0.10,-2.09,0.76,0.64,330.35,0.00,0.00,0.00,0.00,0.01,0.00,6.00
19245.00,0.21,-0.03,0.43,0.16,0.10,-0.01,0.76,0.64,188.80,0.00,0.00,0.00,-0.00,0.01,0.00,9.00
19254.00,0.21,-0.03,0.41,0.16,0.10,-2.42,0.76,0.64,-266.99,0.00,0.00,0.00,0.00,0.00,0.00,8.00
19262.00,0.21,-0.03,0.38,0.16,0.10,-3.28,0.76,0.64,-108.36,0.00,0.00,0.00,-0.00,0.00,0.00,5.00
19267.00,0.21,-0.03,0.41,0.16,0.10,5.64,0.76,0.64,1785.19,0.00,0.00,0.00,-0.00,0.00,0.00,8.00
19275.00,0.21,-0.03,0.41,0.16,0.10,0.04,0.76,0.64,-700.71,0.00,0.00,0.00,0.00,0.00,-0.00,18.00
19293.00,0.16,-0.01,0.37,-0.27,0.10,-2.38,-2.09,0.00,-134.08,0.00,0.00,0.00,0.00,0.00,-0.00,5.00
19298.00,0.16,-0.01,0.29,-0.27,0.10,-15.49,-2.09,0.00,-2622.05,0.00,0.00,0.00,0.00,0.00,-0.00,7.00
19305.00,0.16,-0.01,0.40,-0.27,0.10,15.81,-2.09,0.00,4470.65,0.00,0.00,0.00,0.00,-0.00,-0.00,9.00
19314.00,0.16,-0.01,0.29,-0.27,0.10,-12.52,-2.09,0.00,-3147.20,0.00,0.00,0.00,0.00,0.00,0.00,7.00
19321.00,0.16,-0.01,0.30,-0.27,0.10,1.24,-2.09,0.00,1965.45,0.00,0.00,0.00,0.00,0.01,0.00,6.00
19332.00,0.16,-0.01,0.26,-0.27,0.10,-3.65,-2.09,0.00,-444.71,0.00,0.00,0.00,0.00,0.00,0.00,6.00
19338.00,0.16,-0.01,0.40,-0.27,0.10,24.38,-2.09,0.00,4670.83,0.00,0.00,0.00,-0.00,0.00,0.00,7.00
19345.00,0.16,-0.01,0.33,-0.27,0.10,-9.83,-2.09,0.00,-4887.19,0.00,0.00,0.00,-0.00,0.00,0.00,9.00
19354.00,0.16,-0.01,0.40,-0.27,0.10,7.35,-2.09,0.00,1909.45,0.00,0.00,0.00,0.00,0.00,0.00,6.00
19360.00,0.16,-0.01,0.24,-0.27,0.10,-27.32,-2.09,0.00,-5777.89,0.00,0.00,0.00,0.00,0.00,-0.00,7.00
19367.00,0.16,-0.01,0.34,-0.27,0.10,15.14,-2.09,0.00,6064.67,0.00,0.00,0.00,0.00,0.00,-0.00,8.00
19375.00,0.16,-0.01,0.30,-0.27,0.10,-5.70,-2.09,0.00,-2604.31,0.00,0.00,0.00,0.00,0.00,-0.00,18.00
19393.00,0.16,-0.01,0.27,-0.27,0.10,-1.45,-2.09,0.00,235.80,0.00,0.00,0.00,0.00,0.00,0.00,6.00
19399.00,0.16,-0.01,0.38,-0.27,0.10,18.88,-2.09,0.00,3389.92,0.00,0.00,0.00,-0.00,0.00,0.00,7.00
19406.00,0.16,-0.01,0.32,-0.27,0.10,-9.27,-2.09,0.00,-4021.67,0.00,0.00,0.00,-0.00,0.00,0.00,9.00
19420.00,0.16,-0.01,0.33,-0.27,0.10,0.84,-2.09,0.00,722.04,0.00,0.00,0.00,-0.00,-0.00,-0.00,7.00
19427.00,0.16,-0.01,0.27,-0.27,0.10,-8.94,-2.09,0.00,-1396.99,0.00,0.00,0.00,0.00,-0.00,-0.00,8.00
19435.00,0.16,-0.01,0.31,-0.27,0.10,5.54,-2.09,0.00,1809.22,0.00,0.00,0.00,0.00,-0.00,0.00,6.00
19441.00,0.16,-0.01,0.17,-0.27,0.10,-23.37,-2.09,0.00,-4817.59,0.00,0.00,0.00,0.00,-0.00,0.00,6.00
19447.00,0.16,-0.01,0.22,-0.27,0.10,8.64,-2.09,0.00,5334.82,0.00,0.00,0.00,0.00,-0.00,0.00,8.00
19455.00,0.16,-0.01,0.22,-0.27,0.10,0.08,-2.09,0.00,-1070.06,0.00,0.00,0.00,-0.00,0.00,-0.00,8.00
19463.00,0.16,-0.01,0.29,-0.27,0.10,7.83,-2.09,0.00,968.69,0.00,0.00,0.00,-0.00,-0.00,0.00,6.00
19469.00,0.16,-0.01,0.08,-0.27,0.10,-34.33,-2.09,0.00,-7026.12,0.00,0.00,0.00,-0.00,-0.00,0.00,7.00
19476.00,0.16,-0.01,0.19,-0.27,0.10,15.20,-2.09,0.00,7075.02,0.00,0.00,0.00,0.00,-0.00,0.00,19.00
19495.00,0.14,-0.00,0.29,-0.06,0.00,5.27,1.06,-0.46,-522.24,0.00,0.00,0.00,0.00,-0.00,0.00,9.00
19508.00,0.14,-0.00,0.32,-0.06,0.00,2.42,1.06,-0.46,-219.58,0.00,0.00,0.00,0.00,-0.00,-0.00,7.00
19515.00,0.14,-0.00,0.36,-0.06,0.00,5.82,1.06,-0.46,486.23,0.00,0.00,0.00,-0.00,-0.00,-0.00,5.00
19520.00,0.14,-0.00,0.33,-0.06,0.00,-6.89,1.06,-0.46,-2542.99,0.00,0.00,0.00,-0.00,-0.00,-0.00,7.00
19527.00,0.14,-0.00,0.24,-0.06,0.00,-12.17,1.06,-0.46,-754.09,0.00,0.00,0.00,-0.00,-0.00,-0.00,8.00
19535.00,0.14,-0.00,0.22,-0.06,0.00,-3.00,1.06,-0.46,1146.39,0.00,0.00,0.00,-0.00,-0.01,-0.01,6.00
19541.00,0.14,-0.00,0.31,-0.06,0.00,15.12,1.06,-0.46,3019.19,0.00,0.00,0.00,0.00,0.00,-0.00,6.00
19547.00,0.14,-0.00,0.21,-0.06,0.00,-16.55,1.06,-0.46,-5277.51,0.00,0.00,0.00,0.00,0.00,-0.00,8.00
19555.00,0.14,-0.00,0.21,-0.06,0.00,0.60,1.06,-0.46,2143.08,0.00,0.00,0.00,0.00,0.01,0.00,8.00
19563.00,0.14,-0.00,0.35,-0.06,0.00,17.83,1.06,-0.46,2153.74,0.00,0.00,0.00,0.00,0.00,0.00,6.00
19569.00,0.14,-0.00,0.26,-0.06,0.00,-15.70,1.06,-0.46,-5588.44,0.00,0.00,0.00,-0.00,0.00,0.00,7.00
19585.00,0.14,-0.00,0.22,-0.06,0.00,-2.36,1.06,-0.46,833.80,0.00,0.00,0.00,0.00,-0.00,0.00,16.00
19601.00,0.14,-0.00,0.35,-0.06,0.00,8.14,1.06,-0.46,656.74,0.00,0.00,0.00,-0.00,0.00,-0.00,7.00
19608.00,0.14,-0.00,0.27,-0.06,0.00,-12.22,1.06,-0.46,-2909.79,0.00,0.00,0.00,-0.00,0.00,-0.00,7.00
19615.00,0.14,-0.00,0.23,-0.06,0.00,-5.06,1.06,-0.46,1023.44,0.00,0.00,0.00,-0.00,0.00,0.00,8.00
19623.00,0.14,-0.00,0.29,-0.06,0.00,7.72,1.06,-0.46,1597.94,0.00,0.00,0.00,-0.00,0.00,-0.00,6.00
19629.00,0.14,-0.00,0.18,-0.06,0.00,-19.07,1.06,-0.46,-4465.38,0.00,0.00,0.00,-0.00,0.00,-0.00,8.00
19637.00,0.14,-0.00,0.24,-0.06,0.00,7.95,1.06,-0.46,3377.17,0.00,0.00,0.00,0.00,-0.00,-0.00,5.00
19642.00,0.14,-0.00,0.26,-0.06,0.00,2.61,1.06,-0.46,-1066.70,0.00,0.00,0.00,0.01,0.01,0.00,6.00
19648.00,0.14,-0.00,0.23,-0.06,0.00,-4.70,1.06,-0.46,-1219.36,0.00,0.00,0.00,0.01,0.01,0.00,8.00
19656.00,0.14,-0.00,0.29,-0.06,0.00,7.63,1.06,-0.46,1541.86,0.00,0.00,0.00,0.00,0.01,0.00,7.00
19668.00,0.14,-0.00,0.34,-0.06,0.00,4.32,1.06,-0.46,-276.48,0.00,0.00,0.00,-0.00,0.00,0.00,9.00
19677.00,0.14,-0.00,0.30,-0.06,0.00,-4.49,1.06,-0.46,-978.14,0.00,0.00,0.00,-0.00,0.00,0.00,8.00
19685.00,0.14,-0.00,0.31,-0.06,0.00,1.76,1.06,-0.46,781.35,0.00,0.00,0.00,0.00,0.00,0.00,16.00
19701.00,0.16,-0.01,0.38,0.05,-0.00,4.07,0.53,-0.04,144.23,0.00,0.00,0.00,0.00,0.00,-0.00,6.00
19707.00,0.16,-0.01,0.25,0.05,-0.00,-21.60,0.53,-0.04,-4278.82,0.00,0.00,0.00,0.00,0.00,-0.00,8.00
19715.00,0.16,-0.01,0.29,0.05,-0.00,5.04,0.53,-0.04,3330.74,0.00,0.00,0.00,0.00,0.00,-0.00,8.00
19723.00,0.16,-0.01,0.31,0.05,-0.00,2.83,0.53,-0.04,-276.96,0.00,0.00,0.00,0.00,0.00,0.00,5.00
19728.00,0.16,-0.01,0.21,0.05,-0.00,-21.56,0.53,-0.04,-4877.64,0.00,0.00,0.00,-0.00,0.00,0.00,9.00
19737.00,0.16,-0.01,0.33,0.05,-0.00,13.68,0.53,-0.04,3916.04,0.00,0.00,0.00,-0.00,0.00,0.00,5.00
19742.00,0.16,-0.01,0.29,0.05,-0.00,-7.32,0.53,-0.04,-4200.11,0.00,0.00,0.00,0.00,0.00,0.00,6.00
19753.00,0.16,-0.01,0.38,0.05,-0.00,8.16,0.53,-0.04,1407.20,0.00,0.00,0.00,0.00,0.00,0.00,6.00
19759.00,0.16,-0.01,0.25,0.05,-0.00,-22.40,0.53,-0.04,-5094.33,0.00,0.00,0.00,0.00,0.00,0.00,7.00
19766.00,0.16,-0.01,0.30,0.05,-0.00,7.18,0.53,-0.04,4225.42,0.00,0.00,0.00,0.00,0.00,0.00,9.00
19775.00,0.16,-0.01,0.29,0.05,-0.00,-0.63,0.53,-0.04,-866.98,0.00,0.00,0.00,-0.00,-0.00,0.00,6.00
19781.00,0.16,-0.01,0.33,0.05,-0.00,6.01,0.53,-0.04,1106.95,0.00,0.00,0.00,-0.00,-0.00,0.00,16.00
19797.00,0.16,-0.01,0.23,0.05,-0.00,-6.24,0.53,-0.04,-765.84,0.00,0.00,0.00,0.00,-0.01,0.00,9.00
19806.00,0.16,-0.01,0.24,0.05,-0.00,1.01,0.53,-0.04,805.82,0.00,0.00,0.00,0.00,-0.00,0.00,8.00
19814.00,0.16,-0.01,0.13,0.05,-0.00,-12.91,0.53,-0.04,-1740.08,0.00,0.00,0.00,-0.00,-0.00,0.01,5.00
19819.00,0.16,-0.01,0.25,0.05,-0.00,23.74,0.53,-0.04,7330.02,0.00,0.00,0.00,-0.00,-0.00,0.00,7.00
19826.00,0.16,-0.01,0.31,0.05,-0.00,8.37,0.53,-0.04,-2196.26,0.00,0.00,0.00,0.00,-0.00,0.00,9.00
19840.00,0.16,-0.01,0.28,0.05,-0.00,-2.32,0.53,-0.04,-763.51,0.00,0.00,0.00,-0.00,-0.00,0.00,8.00
19848.00,0.16,-0.01,0.28,0.05,-0.00,0.19,0.53,-0.04,314.18,0.00,0.00,0.00,-0.00,0.00,0.00,8.00
19856.00,0.16,-0.01,0.31,0.05,-0.00,4.18,0.53,-0.04,498.81,0.00,0.00,0.00,-0.00,0.00,-0.00,8.00
19864.00,0.16,-0.01,0.24,0.05,-0.00,-9.66,0.53,-0.04,-1730.57,0.00,0.00,0.00,0.00,0.01,0.00,5.00
19869.00,0.16,-0.01,0.27,0.05,-0.00,6.59,0.53,-0.04,3251.04,0.00,0.00,0.00,0.00,0.01,-0.00,8.00
19877.00,0.16,-0.01,0.34,0.05,-0.00,8.44,0.53,-0.04,231.22,0.00,0.00,0.00,0.00,0.00,-0.00,9.00
19886.00,0.16,-0.01,0.25,0.05,-0.00,-10.12,0.53,-0.04,-2063.08,0.00,0.00,0.00,0.00,0.00,-0.00,15.00
19901.00,0.16,-0.01,0.31,0.00,0.00,4.33,-0.27,0.02,963.50,0.00,0.00,0.00,0.00,0.00,0.00,7.00
19908.00,0.16,-0.01,0.33,0.00,0.00,2.32,-0.27,0.02,-287.24,0.00,0.00,0.00,-0.00,0.00,0.00,8.00
19916.00,0.16,-0.01,0.37,0.00,0.00,4.91,-0.27,0.02,324.01,0.00,0.00,0.00,0.00,0.01,0.00,8.00
19928.00,0.16,-0.01,0.29,0.00,0.00,-6.34,-0.27,0.02,-937.34,0.00,0.00,0.00,-0.00,0.01,0.00,10.00
19938.00,0.16,-0.01,0.31,0.00,0.00,1.77,-0.27,0.02,810.30,0.00,0.00,0.00,-0.00,0.00,0.00,5.00
19943.00,0.16,-0.01,0.27,0.00,0.00,-6.57,-0.27,0.02,-1666.31,0.00,0.00,0.00,0.00,0.00,-0.00,6.00
19949.00,0.16,-0.01,0.31,0.00,0.00,5.54,-0.27,0.02,2018.17,0.00,0.00,0.00,0.00,0.00,-0.00,8.00
19957.00,0.16,-0.01,0.23,0.00,0.00,-9.44,-0.27,0.02,-1873.07,0.00,0.00,0.00,0.00,0.00,-0.00,8.00
19965.00,0.16,-0.01,0.27,0.00,0.00,4.25,-0.27,0.02,1711.14,0.00,0.00,0.00,0.00,-0.00,-0.00,6.00
19971.00,0.16,-0.01,0.28,0.00,0.00,2.19,-0.27,0.02,-342.27,0.00,0.00,0.00,0.00,-0.00,-0.00,7.00
19978.00,0.16,-0.01,0.25,0.00,0.00,-3.95,-0.27,0.02,-877.26,0.00,0.00,0.00,0.00,0.00,-0.00,8.00
19986.00,0.16,-0.01,0.25,0.00,0.00,-0.26,-0.27,0.02,460.39,0.00,0.00,0.00,0.00,0.00,0.00,16.00
20002.00,0.16,-0.01,0.31,0.00,0.00,3.80,-0.27,0.02,254.06,0.00,0.00,0.00,0.00,-0.00,0.00,7.00
20013.00,0.16,-0.01,0.26,0.00,0.00,-5.01,-0.27,0.02,-800.86,0.00,0.00,0.00,-0.00,0.00,-0.00,7.00
20020.00,0.16,-0.01,0.28,0.00,0.00,4.05,-0.27,0.02,1294.18,0.00,0.00,0.00,0.00,0.00,-0.00,7.00
20027.00,0.16,-0.01,0.25,0.00,0.00,-4.45,-0.27,0.02,-1214.26,0.00,0.00,0.00,0.00,0.00,0.00,8.00
20035.00,0.16,-0.01,0.19,0.00,0.00,-8.18,-0.27,0.02,-466.19,0.00,0.00,0.00,0.00,0.00,-0.00,6.00
20041.00,0.16,-0.01,0.24,0.00,0.00,8.48,-0.27,0.02,2776.18,0.00,0.00,0.00,0.00,0.00,-0.00,7.00
20048.00,0.16,-0.01,0.28,0.00,0.00,6.41,-0.27,0.02,-294.82,0.00,0.00,0.00,0.00,0.00,0.00,8.00
20056.00,0.16,-0.01,0.29,0.00,0.00,0.76,-0.27,0.02,-706.60,0.00,0.00,0.00,-0.00,0.00,-0.00,8.00
20064.00,0.16,-0.01,0.28,0.00,0.00,-1.28,-0.27,0.02,-255.37,0.00,0.00,0.00,-0.00,0.00,-0.00,5.00
20069.00,0.16,-0.01,0.30,0.00,0.00,3.83,-0.27,0.02,1022.40,0.00,0.00,0.00,-0.00,0.00,-0.00,8.00
20077.00,0.16,-0.01,0.31,0.00,0.00,1.24,-0.27,0.02,-323.93,0.00,0.00,0.00,0.00,0.00,0.00,8.00
20090.00,0.16,-0.01,0.25,0.00,0.00,-4.76,-0.27,0.02,-461.67,0.00,0.00,0.00,0.00,0.00,0.00,18.00
20108.00,0.16,-0.01,0.30,0.00,-0.04,2.82,0.00,-0.18,421.04,0.00,0.00,0.00,-0.00,-0.00,0.00,9.00
20117.00,0.16,-0.01,0.25,0.00,-0.04,-5.09,0.00,-0.18,-878.91,0.00,0.00,0.00,-0.00,-0.01,0.00,8.00
20125.00,0.16,-0.01,0.28,0.00,-0.04,3.15,0.00,-0.18,1030.47,0.00,0.00,0.00,-0.00,-0.00,0.00,6.00
20131.00,0.16,-0.01,0.32,0.00,-0.04,7.03,0.00,-0.18,647.23,0.00,0.00,0.00,-0.00,-0.00,0.00,7.00
20138.00,0.16,-0.01,0.30,0.00,-0.04,-2.73,0.00,-0.18,-1394.64,0.00,0.00,0.00,0.00,-0.00,0.00,6.00
20144.00,0.16,-0.01,0.31,0.00,-0.04,2.37,0.00,-0.18,849.03,0.00,0.00,0.00,-0.00,0.00,-0.00,5.00
20149.00,0.16,-0.01,0.31,0.00,-0.04,-0.17,0.00,-0.18,-507.73,0.00,0.00,0.00,-0.00,0.00,-0.00,9.00
20158.00,0.16,-0.01,0.35,0.00,-0.04,3.94,0.00,-0.18,456.82,0.00,0.00,0.00,-0.00,0.00,0.00,8.00
20166.00,0.16,-0.01,0.27,0.00,-0.04,-9.28,0.00,-0.18,-1651.64,0.00,0.00,0.00,-0.00,-0.00,0.00,5.00
20176.00,0.16,-0.01,0.33,0.00,-0.04,5.17,0.00,-0.18,1444.26,0.00,0.00,0.00,-0.00,-0.00,0.00,17.00
20193.00,0.16,-0.01,0.28,0.00,-0.04,-2.80,0.00,-0.18,-468.88,0.00,0.00,0.00,-0.00,0.01,0.00,6.00
20199.00,0.16,-0.01,0.32,0.00,-0.04,6.95,0.00,-0.18,1626.08,0.00,0.00,0.00,-0.00,0.01,0.00,8.00
20207.00,0.16,-0.01,0.32,0.00,-0.04,0.24,0.00,-0.18,-839.36,0.00,0.00,0.00,-0.00,-0.00,-0.00,8.00
20215.00,0.16,-0.01,0.32,0.00,-0.04,-0.47,0.00,-0.18,-87.92,0.00,0.00,0.00,-0.00,-0.00,-0.00,5.00
20220.00,0.16,-0.01,0.24,0.00,-0.04,-16.43,0.00,-0.18,-3193.12,0.00,0.00,0.00,-0.00,-0.00,-0.00,8.00
20228.00,0.16,-0.01,0.33,0.00,-0.04,11.90,0.00,-0.18,3541.38,0.00,0.00,0.00,-0.00,-0.00,-0.00,9.00
20237.00,0.16,-0.01,0.31,0.00,-0.04,-2.86,0.00,-0.18,-1640.48,0.00,0.00,0.00,-0.00,-0.00,0.00,5.00
20242.00,0.16,-0.01,0.28,0.00,-0.04,-4.89,0.00,-0.18,-405.65,0.00,0.00,0.00,-0.00,-0.00,0.00,7.00
20249.00,0.16,-0.01,0.33,0.00,-0.04,6.97,0.00,-0.18,1695.28,0.00,0.00,0.00,-0.00,-0.00,0.00,8.00
20267.00,0.16,-0.01,0.32,0.00,-0.04,-0.34,0.00,-0.18,-406.41,0.00,0.00,0.00,0.00,0.00,0.00,7.00
20274.00,0.16,-0.01,0.40,0.00,-0.04,11.59,0.00,-0.18,1704.58,0.00,0.00,0.00,0.00,0.00,0.00,5.00
20279.00,0.16,-0.01,0.45,0.00,-0.04,9.72,0.00,-0.18,-374.43,0.00,0.00,0.00,0.00,0.00,0.00,19.00
20298.00,0.16,-0.01,0.22,0.00,-0.04,-12.18,0.00,-0.18,-1152.34,0.00,0.00,0.00,-0.00,-0.00,0.00,8.00
20306.00,0.16,-0.01,0.39,0.00,-0.04,21.59,0.00,-0.18,4221.28,0.00,0.00,0.00,-0.00,0.00,-0.00,5.00
20311.00,0.16,-0.01,0.37,0.00,0.00,-4.49,0.00,0.18,-5217.07,0.00,0.00,0.00,-0.00,0.00,-0.00,7.00
20318.00,0.16,-0.01,0.37,0.00,0.00,-0.19,0.00,0.18,614.14,0.00,0.00,0.00,-0.00,0.00,0.00,9.00
20327.00,0.16,-0.01,0.36,0.00,0.00,-1.23,0.00,0.18,-115.43,0.00,0.00,0.00,-0.00,0.00,0.00,7.00
20334.00,0.16,-0.01,0.41,0.00,0.00,7.27,0.00,0.18,1214.63,0.00,0.00,0.00,-0.00,-0.00,0.00,6.00
20340.00,0.16,-0.01,0.42,0.00,0.00,1.65,0.00,0.18,-936.94,0.00,0.00,0.00,-0.00,-0.00,0.00,6.00
20351.00,0.16,-0.01,0.33,0.00,0.00,-8.46,0.00,0.18,-919.14,0.00,0.00,0.00,-0.00,-0.00,-0.00,8.00
20359.00,0.16,-0.01,0.30,0.00,0.00,-3.94,0.00,0.18,565.03,0.00,0.00,0.00,-0.00,-0.00,-0.00,8.00
20367.00,0.16,-0.01,0.27,0.00,0.00,-3.46,0.00,0.18,60.61,0.00,0.00,0.00,-0.00,-0.00,-0.00,8.00
20375.00,0.16,-0.01,0.30,0.00,0.00,4.56,0.00,0.18,1001.34,0.00,0.00,0.00,-0.00,-0.00,0.00,5.00
20380.00,0.16,-0.01,0.31,0.00,0.00,1.02,0.00,0.18,-707.90,0.00,0.00,0.00,-0.00,-0.00,0.00,18.00
20398.00,0.16,-0.01,0.44,0.00,0.00,7.20,0.00,0.18,343.82,0.00,0.00,0.00,0.00,-0.00,0.00,9.00
20407.00,0.16,-0.01,0.41,0.00,0.00,-3.22,0.00,0.18,-1158.03,0.00,0.00,0.00,0.00,-0.00,0.00,7.00
20414.00,0.16,-0.01,0.31,0.00,0.00,-15.01,0.00,0.18,-1684.32,0.00,0.00,0.00,-0.00,0.00,0.00,6.00
20420.00,0.16,-0.01,0.30,0.00,0.00,-1.43,0.00,0.18,2262.56,0.00,0.00,0.00,-0.00,0.00,0.00,8.00
20428.00,0.16,-0.01,0.32,0.00,0.00,2.68,0.00,0.18,513.74,0.00,0.00,0.00,-0.00,0.00,-0.00,8.00
20441.00,0.16,-0.01,0.43,0.00,0.00,8.66,0.00,0.18,460.17,0.00,0.00,0.00,-0.00,-0.00,0.00,8.00
20449.00,0.16,-0.01,0.55,0.00,0.00,14.29,0.00,0.18,704.13,0.00,0.00,0.00,-0.00,0.00,0.00,8.00
20457.00,0.16,-0.01,0.43,0.00,0.00,-14.05,0.00,0.18,-3542.36,0.00,0.00,0.00,-0.00,-0.01,-0.00,7.00
20464.00,0.16,-0.01,0.40,0.00,0.00,-4.01,0.00,0.18,1433.05,0.00,0.00,0.00,-0.00,-0.00,-0.00,6.00
20470.00,0.16,-0.01,0.38,0.00,0.00,-4.65,0.00,0.18,-105.57,0.00,0.00,0.00,-0.00,-0.00,0.00,8.00
20478.00,0.16,-0.01,0.42,0.00,0.00,4.81,0.00,0.18,1182.86,0.00,0.00,0.00,-0.00,-0.00,0.00,8.00
20486.00,0.16,-0.01,0.33,0.00,0.00,-11.09,0.00,0.18,-1987.77,0.00,0.00,0.00,-0.00,0.00,0.00,16.00
20502.00,0.16,-0.01,0.39,0.00,0.00,4.03,0.00,0.18,944.77,0.00,0.00,0.00,-0.00,0.00,0.00,8.00
20510.00,0.16,-0.01,0.28,0.00,0.00,-13.95,0.00,0.18,-2247.78,0.00,0.00,0.00,0.00,0.00,0.00,8.00
20518.00,0.17,-0.01,0.37,0.05,-0.00,11.63,0.26,-0.02,3198.29,0.00,0.00,0.00,-0.00,-0.00,0.00,8.00
20531.00,0.17,-0.01,0.34,0.05,-0.00,-2.53,0.26,-0.02,-1089.46,0.00,0.00,0.00,-0.00,0.00,-0.00,9.00
20540.00,0.17,-0.01,0.44,0.05,-0.00,11.67,0.26,-0.02,1577.84,0.00,0.00,0.00,-0.00,-0.00,-0.00,5.00
20545.00,0.17,-0.01,0.29,0.05,-0.00,-31.91,0.26,-0.02,-8715.62,0.00,0.00,0.00,-0.00,-0.00,0.00,6.00
20551.00,0.17,-0.01,0.27,0.05,-0.00,-2.74,0.26,-0.02,4861.92,0.00,0.00,0.00,-0.00,-0.00,-0.00,8.00
20559.00,0.17,-0.01,0.30,0.05,-0.00,3.94,0.26,-0.02,834.23,-0.00,0.00,0.00,-0.00,-0.00,-0.00,8.00
20567.00,0.17,-0.01,0.34,0.05,-0.00,4.51,0.26,-0.02,71.51,-0.00,0.00,0.00,-0.00,-0.00,0.00,6.00
20573.00,0.17,-0.01,0.25,0.05,-0.00,-14.97,0.26,-0.02,-3246.50,-0.00,0.00,0.00,-0.00,-0.00,0.00,7.00
20580.00,0.17,-0.01,0.33,0.05,-0.00,12.50,0.26,-0.02,3923.86,-0.00,0.00,0.00,-0.00,-0.00,0.00,8.00
20588.00,0.17,-0.01,0.24,0.05,-0.00,-11.44,0.26,-0.02,-2991.97,-0.00,0.00,0.00,0.00,-0.00,0.00,16.00
20604.00,0.17,-0.01,0.36,0.05,-0.00,7.44,0.26,-0.02,1180.13,-0.00,0.00,0.00,-0.00,0.00,0.00,6.00
20615.00,0.17,-0.01,0.30,0.05,-0.00,-5.51,0.26,-0.02,-1177.53,-0.00,0.00,0.00,0.00,-0.00,0.00,7.00
20622.00,0.17,-0.01,0.37,0.05,-0.00,10.37,0.26,-0.02,2268.18,-0.00,0.00,0.00,0.00,-0.00,-0.00,7.00
20629.00,0.17,-0.01,0.38,0.05,-0.00,0.35,0.26,-0.02,-1431.61,-0.00,0.00,0.00,0.00,-0.00,-0.00,8.00
20637.00,0.17,-0.01,0.27,0.05,-0.00,-12.65,0.26,-0.02,-1624.46,-0.00,0.00,0.00,0.00,0.00,-0.00,6.00
20643.00,0.17,-0.01,0.30,0.05,-0.00,3.99,0.26,-0.02,2772.32,-0.00,0.00,0.00,0.00,-0.00,-0.00,7.00
20650.00,0.17,-0.01,0.36,0.05,-0.00,8.17,0.26,-0.02,598.25,-0.00,0.00,0.00,0.00,-0.00,0.00,8.00
20658.00,0.17,-0.01,0.33,0.05,-0.00,-3.81,0.26,-0.02,-1498.28,0.00,0.00,0.00,0.00,0.00,0.00,8.00
20666.00,0.17,-0.01,0.36,0.05,-0.00,4.47,0.26,-0.02,1034.83,0.00,0.00,0.00,0.00,0.00,0.00,5.00
20671.00,0.17,-0.01,0.28,0.05,-0.00,-17.23,0.26,-0.02,-4339.57,0.00,0.00,0.00,0.00,0.00,0.00,18.00
20689.00,0.17,-0.01,0.27,0.05,-0.00,-0.28,0.26,-0.02,941.62,0.00,0.00,0.00,-0.00,0.00,0.00,6.00
20700.00,0.17,-0.01,0.25,0.05,-0.00,-2.08,0.26,-0.02,-163.02,-0.00,0.00,0.00,-0.00,-0.00,-0.00,10.00
20710.00,0.17,-0.01,0.24,0.05,-0.00,-0.62,0.26,-0.02,146.13,-0.00,0.00,0.00,0.00,0.00,-0.00,8.00
20718.00,0.17,-0.01,0.26,0.00,0.00,2.65,-0.27,0.02,408.64,-0.00,0.00,0.00,0.00,0.00,0.00,7.00
20725.00,0.17,-0.01,0.34,0.00,0.00,10.49,-0.27,0.02,1118.76,0.00,0.00,0.00,0.00,0.00,0.00,6.00
20731.00,0.17,-0.01,0.29,0.00,0.00,-7.41,-0.27,0.02,-2982.43,0.00,0.00,0.00,0.00,0.00,0.00,8.00
20739.00,0.17,-0.01,0.30,0.00,0.00,0.60,-0.27,0.02,1001.09,0.00,0.00,0.00,-0.00,0.00,0.00,6.00
20745.00,0.17,-0.01,0.31,0.00,0.00,1.60,-0.27,0.02,166.99,0.00,0.00,0.00,0.00,0.00,0.00,6.00
20751.00,0.17,-0.01,0.24,0.00,0.00,-11.08,-0.27,0.02,-2112.88,0.00,0.00,0.00,0.00,0.00,0.00,8.00
20759.00,0.17,-0.01,0.20,0.00,0.00,-5.26,-0.27,0.02,726.58,-0.00,0.00,0.00,-0.00,0.00,0.00,8.00
20767.00,0.17,-0.01,0.29,0.00,0.00,11.64,-0.27,0.02,2113.06,0.00,0.00,0.00,0.00,0.00,-0.00,5.00
20777.00,0.17,-0.01,0.27,0.00,0.00,-1.85,-0.27,0.02,-1348.92,0.00,0.00,0.00,0.00,-0.00,-0.00,7.00
20784.00,0.17,-0.01,0.26,0.00,0.00,-2.00,-0.27,0.02,-21.93,0.00,0.00,0.00,0.00,-0.00,-0.00,6.00
20790.00,0.17,-0.01,0.32,0.00,0.00,10.14,-0.27,0.02,2022.85,0.00,0.00,0.00,0.00,0.00,0.00,16.00
20806.00,0.17,-0.01,0.29,0.00,0.00,-1.93,-0.27,0.02,-754.41,-0.00,0.00,0.00,-0.00,0.00,0.00,6.00
20812.00,0.17,-0.01,0.30,0.00,0.00,1.48,-0.27,0.02,569.32,-0.00,0.00,0.00,-0.00,0.00,0.00,7.00
20819.00,0.17,-0.01,0.25,0.00,0.00,-7.00,-0.27,0.02,-1211.22,-0.00,0.00,0.00,0.00,-0.00,0.00,8.00
20827.00,0.17,-0.01,0.27,0.00,0.00,3.09,-0.27,0.02,1260.61,-0.00,0.00,0.00,-0.00,0.00,0.00,6.00
20833.00,0.17,-0.01,0.21,0.00,0.00,-10.57,-0.27,0.02,-2276.27,-0.00,0.00,0.00,-0.00,0.00,0.00,7.00
20840.00,0.17,-0.01,0.32,0.00,0.00,15.56,-0.27,0.02,3732.59,-0.00,0.00,0.00,0.00,0.00,0.00,6.00
20846.00,0.17,-0.01,0.25,0.00,0.00,-10.71,-0.27,0.02,-4377.84,-0.00,0.00,0.00,0.00,0.00,0.00,6.00
20857.00,0.17,-0.01,0.32,0.00,0.00,6.38,-0.27,0.02,1553.80,-0.00,0.00,0.00,0.00,-0.00,-0.00,6.00
20863.00,0.17,-0.01,0.34,0.00,0.00,2.30,-0.27,0.02,-680.24,-0.00,0.00,0.00,0.00,-0.00,-0.00,7.00
20870.00,0.17,-0.01,0.31,0.00,0.00,-3.64,-0.27,0.02,-848.09,-0.00,0.00,0.00,0.00,-0.01,-0.00,18.00
20888.00,0.17,-0.01,0.27,0.00,0.00,-2.56,-0.27,0.02,59.90,-0.00,0.00,0.00,0.00,-0.00,-0.00,6.00
20894.00,0.17,-0.01,0.40,0.00,0.00,21.92,-0.27,0.02,4079.09,-0.00,0.00,0.00,-0.00,-0.00,0.00,7.00
20901.00,0.17,-0.01,0.33,0.00,0.00,-9.25,-0.27,0.02,-4452.06,-0.00,0.00,0.00,-0.00,-0.00,0.00,8.00
20909.00,0.17,-0.01,0.28,0.00,0.00,-6.67,-0.27,0.02,322.73,-0.00,0.00,0.00,-0.00,0.00,0.00,8.00
20917.00,0.17,-0.01,0.29,0.00,0.00,1.91,-0.27,0.02,1071.62,-0.00,0.00,0.00,0.00,0.00,0.00,5.00
20922.00,0.17,-0.01,0.34,0.00,0.00,8.51,0.00,0.00,1319.65,-0.00,0.00,0.00,0.00,0.00,0.00,8.00
20930.00,0.17,-0.01,0.30,0.00,0.00,-4.75,0.00,0.00,-1656.70,-0.00,0.00,0.00,-0.00,-0.00,0.00,8.00
20947.00,0.17,-0.01,0.39,0.00,0.00,5.35,0.00,0.00,594.20,-0.00,0.00,0.00,-0.00,0.00,-0.00,7.00
20954.00,0.17,-0.01,0.35,0.00,0.00,-6.33,0.00,0.00,-1668.70,-0.00,0.00,0.00,-0.00,-0.00,-0.00,7.00
20961.00,0.17,-0.01,0.37,0.00,0.00,3.38,0.00,0.00,1386.08,-0.00,0.00,0.00,-0.00,-0.00,0.00,9.00
20970.00,0.17,-0.01,0.43,0.00,0.00,6.26,0.00,0.00,320.32,-0.00,0.00,0.00,0.00,-0.00,0.00,8.00
20978.00,0.17,-0.01,0.42,0.00,0.00,-0.42,0.00,0.00,-834.93,-0.00,0.00,0.00,0.00,-0.00,0.00,16.00
20994.00,0.17,-0.01,0.36,0.00,0.00,-4.14,0.00,0.00,-232.35,-0.00,0.00,0.00,0.00,-0.00,0.00,7.00
21001.00,0.17,-0.01,0.35,0.00,0.00,-0.55,0.00,0.00,512.54,-0.00,0.00,0.00,0.00,-0.00,0.00,8.00
21009.00,0.17,-0.01,0.30,0.00,0.00,-5.98,0.00,0.00,-679.20,-0.00,0.00,0.00,-0.00,0.00,0.00,8.00
21017.00,0.17,-0.01,0.30,0.00,0.00,-0.66,0.00,0.00,665.11,-0.00,0.00,0.00,-0.00,-0.00,0.00,5.00
21022.00,0.17,-0.01,0.41,0.00,0.00,21.92,0.00,0.00,4517.15,-0.00,0.00,0.00,-0.00,0.00,-0.00,8.00
21035.00,0.17,-0.01,0.25,0.00,0.00,-12.41,0.00,0.00,-2640.77,-0.00,0.00,0.00,0.00,0.00,-0.00,8.00
21043.00,0.17,-0.01,0.33,0.00,0.00,10.54,0.00,0.00,2867.93,-0.00,0.00,0.00,0.00,0.00,-0.00,6.00
21049.00,0.17,-0.01,0.41,0.00,0.00,13.77,0.00,0.00,538.77,-0.00,0.00,0.00,0.00,0.00,-0.00,7.00
21056.00,0.17,-0.01,0.39,0.00,0.00,-3.11,0.00,0.00,-2411.62,-0.00,0.00,0.00,0.00,-0.00,0.00,6.00
21062.00,0.17,-0.01,0.32,0.00,0.00,-12.78,0.00,0.00,-1610.60,-0.00,0.00,0.00,0.00,-0.00,0.00,8.00
21070.00,0.17,-0.01,0.34,0.00,0.00,3.44,0.00,0.00,2027.67,-0.00,0.00,0.00,0.00,-0.00,0.00,8.00
21078.00,0.17,-0.01,0.46,0.00,0.00,14.24,0.00,0.00,1349.07,-0.00,0.00,0.00,-0.00,0.00,0.00,15.00
21093.00,0.17,-0.01,0.38,0.00,0.00,-5.10,0.00,0.00,-1288.94,-0.00,0.00,0.00,0.00,0.00,0.00,8.00
21101.00,0.17,-0.01,0.41,0.00,0.00,4.22,0.00,0.00,1165.20,-0.00,0.00,0.00,0.00,-0.00,-0.00,8.00
21109.00,0.17,-0.01,0.32,0.00,0.00,-12.03,0.00,0.00,-2032.25,-0.00,0.00,0.00,0.00,0.00,0.00,7.00
21121.00,0.17,-0.01,0.32,0.00,0.00,0.47,0.00,0.00,1042.05,-0.00,0.00,0.00,0.00,0.00,-0.00,9.00
21130.00,0.17,-0.02,0.27,0.00,-0.04,-5.69,0.00,-0.18,-684.44,-0.00,0.00,0.00,-0.00,0.00,0.00,8.00
21138.00,0.17,-0.02,0.31,0.00,-0.04,4.94,0.00,-0.18,1328.08,-0.00,0.00,0.00,0.00,0.00,-0.00,5.00
21143.00,0.17,-0.02,0.34,0.00,-0.04,5.52,0.00,-0.18,117.73,-0.00,0.00,0.00,0.00,0.00,-0.00,7.00
21150.00,0.17,-0.02,0.36,0.00,-0.04,2.47,0.00,-0.18,-436.16,-0.00,0.00,0.00,0.00,-0.00,0.00,7.00
21157.00,0.17,-0.02,0.26,0.00,-0.04,-13.50,0.00,-0.18,-2280.92,-0.00,0.00,0.00,0.00,-0.00,0.00,6.00
21163.00,0.17,-0.02,0.35,0.00,-0.04,14.00,0.00,-0.18,4583.26,-0.00,0.00,0.00,0.00,-0.00,0.00,5.00
21168.00,0.17,-0.02,0.44,0.00,-0.04,19.42,0.00,-0.18,1082.16,-0.00,0.00,0.00,-0.00,0.00,0.00,5.00
21173.00,0.17,-0.02,0.44,0.00,-0.04,-0.02,0.00,-0.18,-3887.03,-0.00,0.00,0.00,-0.00,0.00,0.00,18.00
21191.00,0.17,-0.02,0.29,0.00,-0.04,-8.34,0.00,-0.18,-462.29,-0.00,0.00,0.00,-0.00,-0.01,0.00,5.00
21201.00,0.17,-0.02,0.43,0.00,-0.04,13.57,0.00,-0.18,2190.67,-0.00,0.00,0.00,0.00,-0.00,-0.00,9.00
21210.00,0.17,-0.02,0.35,0.00,-0.04,-8.78,0.00,-0.18,-2483.09,-0.00,0.00,0.00,0.00,-0.00,-0.00,7.00
21217.00,0.17,-0.02,0.37,0.00,-0.04,3.14,0.00,-0.18,1702.95,-0.00,0.00,0.00,-0.00,-0.00,-0.00,6.00
21223.00,0.17,-0.02,0.43,0.00,-0.04,9.63,0.00,-0.18,1082.50,-0.00,0.00,0.00,-0.00,-0.00,-0.00,8.00
21231.00,0.17,-0.02,0.34,0.00,-0.04,-11.73,0.00,-0.18,-2670.05,-0.00,0.00,0.00,-0.00,0.00,0.00,8.00
21239.00,0.17,-0.02,0.37,0.00,-0.04,3.90,0.00,-0.18,1953.36,-0.00,0.00,0.00,0.00,-0.00,0.00,5.00
21244.00,0.17,-0.02,0.35,0.00,-0.04,-3.24,0.00,-0.18,-1428.50,-0.00,0.00,0.00,0.00,-0.00,0.00,7.00
21251.00,0.17,-0.02,0.39,0.00,-0.04,5.60,0.00,-0.18,1262.57,-0.00,0.00,0.00,0.00,0.00,0.00,9.00
21260.00,0.17,-0.02,0.38,0.00,-0.04,-0.60,0.00,-0.18,-688.36,-0.00,0.00,0.00,0.00,0.00,-0.00,6.00
21266.00,0.17,-0.02,0.38,0.00,-0.04,-1.25,0.00,-0.18,-108.03,-0.00,0.00,0.00,-0.00,0.00,-0.00,6.00
21277.00,0.17,-0.02,0.43,0.00,-0.04,4.88,0.00,-0.18,556.72,-0.00,0.00,0.00,-0.00,0.00,-0.00,16.00
21293.00,0.17,-0.02,0.49,0.00,-0.04,3.61,0.00,-0.18,-79.35,-0.00,0.00,0.00,0.00,0.00,-0.00,8.00
21301.00,0.17,-0.02,0.37,0.00,-0.04,-14.74,0.00,-0.18,-2293.76,-0.00,0.00,0.00,0.01,0.01,-0.00,8.00
21309.00,0.17,-0.02,0.42,0.00,-0.04,5.87,0.00,-0.18,2576.63,-0.00,0.00,0.00,0.00,0.01,0.00,6.00
21315.00,0.17,-0.02,0.32,0.00,-0.04,-16.14,0.00,-0.18,-3667.81,0.00,0.00,0.00,0.00,0.01,0.00,7.00
21322.00,0.17,-0.02,0.42,0.00,-0.04,14.02,0.00,-0.18,4307.87,0.00,0.00,0.00,0.00,0.01,0.00,9.00
21331.00,0.17,-0.02,0.35,0.00,0.00,-7.92,0.00,0.18,-2437.45,0.00,0.00,0.00,-0.00,0.01,0.00,8.00
21339.00,0.17,-0.02,0.34,0.00,0.00,-0.85,0.00,0.18,883.20,0.00,0.00,0.00,0.00,0.01,0.00,6.00
21345.00,0.17,-0.02,0.40,0.00,0.00,10.31,0.00,0.18,1860.46,0.00,0.00,0.00,0.00,0.01,0.00,7.00
21352.00,0.17,-0.02,0.34,0.00,0.00,-9.27,0.00,0.18,-2797.19,0.00,0.00,0.00,0.00,0.01,-0.00,8.00
21365.00,0.17,-0.02,0.40,0.00,0.00,5.10,0.00,0.18,1105.60,0.00,0.00,0.00,0.00,0.00,-0.00,8.00
21373.00,0.17,-0.02,0.45,0.00,0.00,5.36,0.00,0.18,31.77,0.00,0.00,0.00,0.00,0.00,-0.00,8.00
21381.00,0.17,-0.02,0.48,0.00,0.00,3.77,0.00,0.18,-197.73,0.00,0.00,0.00,-0.00,-0.00,-0.00,17.00
21398.00,0.17,-0.02,0.41,0.00,0.00,-3.81,0.00,0.18,-446.00,0.00,0.00,0.00,-0.00,-0.00,0.00,6.00
21404.00,0.17,-0.02,0.42,0.00,0.00,0.82,0.00,0.18,771.67,0.00,0.00,0.00,-0.00,-0.00,0.00,7.00
21411.00,0.17,-0.02,0.45,0.00,0.00,5.25,0.00,0.18,632.16,0.00,0.00,0.00,0.00,-0.00,0.00,9.00
21420.00,0.17,-0.02,0.38,0.00,0.00,-8.79,0.00,0.18,-1559.58,0.00,0.00,0.00,-0.00,-0.00,0.00,6.00
21426.00,0.17,-0.02,0.35,0.00,0.00,-4.97,0.00,0.18,637.03,0.00,0.00,0.00,-0.00,-0.00,-0.00,7.00
21433.00,0.17,-0.02,0.48,0.00,0.00,19.77,0.00,0.18,3533.28,0.00,0.00,0.00,0.00,-0.00,-0.00,8.00
21441.00,0.17,-0.02,0.48,0.00,0.00,-0.46,0.00,0.18,-2528.14,-0.00,0.00,0.00,-0.00,0.00,0.00,6.00
21452.00,0.17,-0.02,0.44,0.00,0.00,-4.09,0.00,0.18,-329.83,-0.00,0.00,0.00,0.00,0.00,-0.00,10.00
21462.00,0.17,-0.02,0.42,0.00,0.00,-1.28,0.00,0.18,280.47,0.00,0.00,0.00,0.00,-0.00,0.00,8.00
21470.00,0.17,-0.02,0.45,0.00,0.00,3.58,0.00,0.18,607.31,0.00,0.00,0.00,0.00,0.00,0.00,6.00
21476.00,0.17,-0.02,0.38,0.00,0.00,-11.73,0.00,0.18,-2550.65,0.00,0.00,0.00,0.00,0.00,0.00,7.00
21483.00,0.17,-0.02,0.34,0.00,0.00,-5.24,0.00,0.18,926.50,0.00,0.00,0.00,0.00,0.01,0.00,18.00
21501.00,0.17,-0.02,0.33,0.00,0.00,-0.67,0.00,0.18,253.79,0.00,0.00,0.00,0.00,0.01,0.00,8.00
21509.00,0.17,-0.02,0.34,0.00,0.00,1.42,0.00,0.18,262.21,0.00,0.00,0.00,0.00,0.01,0.00,5.00
21514.00,0.17,-0.02,0.33,0.00,0.00,-2.34,0.00,0.18,-752.37,0.00,0.00,0.00,0.00,0.00,0.00,8.00
21522.00,0.17,-0.02,0.28,0.00,0.00,-6.07,0.00,0.18,-466.52,0.00,0.00,0.00,0.00,0.00,0.00,9.00
21531.00,0.17,-0.02,0.42,0.00,0.00,15.26,0.00,0.00,2370.48,0.00,0.00,0.00,0.00,0.00,-0.00,6.00
21542.00,0.17,-0.02,0.36,0.00,0.00,-5.74,0.00,0.00,-1908.95,0.00,0.00,0.00,0.00,0.00,0.00,7.00
21549.00,0.17,-0.02,0.32,0.00,0.00,-5.62,0.00,0.00,17.08,0.00,0.00,0.00,-0.00,-0.00,0.00,5.00
21554.00,0.17,-0.02,0.38,0.00,0.00,13.28,0.00,0.00,3779.82,0.00,0.00,0.00,-0.00,-0.00,0.00,8.00
21562.00,0.17,-0.02,0.44,0.00,0.00,7.14,0.00,0.00,-767.84,0.00,0.00,0.00,-0.01,-0.01,0.00,8.00
21570.00,0.17,-0.02,0.40,0.00,0.00,-4.55,0.00,0.00,-1460.80,0.00,0.00,0.00,0.00,-0.01,0.00,6.00
21576.00,0.17,-0.02,0.45,0.00,0.00,7.01,0.00,0.00,1925.28,0.00,0.00,0.00,0.00,-0.00,0.00,7.00
21583.00,0.17,-0.02,0.46,0.00,0.00,2.31,0.00,0.00,-671.22,0.00,0.00,0.00,0.00,-0.00,0.00,19.00
21602.00,0.17,-0.02,0.43,0.00,0.00,-1.82,0.00,0.00,-217.17,0.00,0.00,0.00,-0.00,-0.00,-0.00,9.00
21611.00,0.17,-0.02,0.43,0.00,0.00,0.58,0.00,0.00,266.70,0.00,0.00,0.00,-0.00,-0.00,-0.00,6.00
21617.00,0.17,-0.02,0.48,0.00,0.00,7.38,0.00,0.00,1132.63,0.00,0.00,0.00,0.00,-0.00,-0.00,7.00
21628.00,0.17,-0.02,0.45,0.00,0.00,-2.53,0.00,0.00,-900.60,0.00,0.00,0.00,0.00,0.00,0.00,7.00
21635.00,0.17,-0.02,0.53,0.00,0.00,11.60,0.00,0.00,2017.84,0.00,0.00,0.00,-0.00,0.00,0.00,7.00
21642.00,0.17,-0.02,0.56,0.00,0.00,4.15,0.00,0.00,-1063.41,0.00,0.00,0.00,-0.00,0.00,0.00,6.00
21648.00,0.17,-0.02,0.43,0.00,0.00,-22.51,0.00,0.00,-4443.42,0.00,0.00,0.00,-0.00,0.00,0.00,6.00
21654.00,0.17,-0.02,0.49,0.00,0.00,10.36,0.00,0.00,5478.01,0.00,0.00,0.00,-0.00,0.00,0.00,8.00
21662.00,0.17,-0.02,0.43,0.00,0.00,-7.04,0.00,0.00,-2174.84,0.00,0.00,0.00,0.00,0.00,-0.00,8.00
21670.00,0.17,-0.02,0.50,0.00,0.00,8.61,0.00,0.00,1955.77,0.00,0.00,0.00,-0.00,-0.00,0.00,6.00
21676.00,0.17,-0.02,0.47,0.00,0.00,-5.16,0.00,0.00,-2294.01,0.00,0.00,0.00,-0.00,-0.00,0.00,7.00
21683.00,0.17,-0.02,0.49,0.00,0.00,3.56,0.00,0.00,1244.64,0.00,0.00,0.00,-0.00,0.00,0.00,18.00
21701.00,0.17,-0.02,0.51,0.00,0.00,1.11,0.00,0.00,-136.11,0.00,0.00,0.00,0.00,0.01,-0.00,7.00
21717.00,0.17,-0.02,0.50,0.00,0.00,-0.91,0.00,0.00,-125.89,0.00,0.00,0.00,-0.00,0.01,-0.00,8.00
21725.00,0.17,-0.02,0.55,0.00,0.00,6.53,0.00,0.00,929.39,0.00,0.00,0.00,-0.00,0.00,-0.00,7.00
21732.00,0.18,-0.03,0.45,0.06,-0.04,-13.99,0.28,-0.21,-2931.58,0.00,0.00,0.00,-0.00,0.00,-0.00,8.00
21740.00,0.18,-0.03,0.44,0.06,-0.04,-1.92,0.28,-0.21,1509.08,0.00,0.00,0.00,-0.00,-0.00,0.00,5.00
21745.00,0.18,-0.03,0.49,0.06,-0.04,10.78,0.28,-0.21,2541.19,0.00,0.00,0.00,-0.00,-0.00,0.00,8.00
21753.00,0.18,-0.03,0.50,0.06,-0.04,0.73,0.28,-0.21,-1257.28,0.00,0.00,0.00,0.00,-0.00,-0.00,7.00
21760.00,0.18,-0.03,0.48,0.06,-0.04,-2.60,0.28,-0.21,-474.38,0.00,0.00,0.00,0.00,-0.01,0.00,6.00
21766.00,0.18,-0.03,0.50,0.06,-0.04,3.42,0.28,-0.21,1003.21,0.00,0.00,0.00,0.00,-0.01,0.00,7.00
21773.00,0.18,-0.03,0.54,0.06,-0.04,6.33,0.28,-0.21,415.80,0.00,0.00,0.00,0.00,-0.01,0.00,18.00
21791.00,0.18,-0.03,0.40,0.06,-0.04,-8.10,0.28,-0.21,-802.17,0.00,0.00,0.00,-0.00,-0.01,0.00,6.00
21802.00,0.18,-0.03,0.50,0.06,-0.04,9.38,0.28,-0.21,1589.84,-0.00,0.00,0.00,-0.00,-0.00,0.00,8.00
21810.00,0.18,-0.03,0.40,0.06,-0.04,-12.49,0.28,-0.21,-2734.34,-0.00,0.00,0.00,0.00,0.00,0.00,5.00
21815.00,0.18,-0.03,0.49,0.06,-0.04,16.88,0.28,-0.21,5873.28,0.00,0.00,0.00,0.00,0.00,-0.00,8.00
21823.00,0.18,-0.03,0.45,0.06,-0.04,-4.14,0.28,-0.21,-2626.76,-0.00,0.00,0.00,-0.00,0.01,-0.00,8.00
21831.00,0.18,-0.03,0.58,0.06,-0.04,15.45,0.28,-0.21,2448.64,-0.00,0.00,0.00,-0.00,0.00,0.00,7.00
21838.00,0.18,-0.03,0.41,0.06,-0.04,-23.83,0.28,-0.21,-5611.15,-0.00,0.00,0.00,-0.00,0.00,-0.00,6.00
21844.00,0.18,-0.03,0.46,0.06,-0.04,7.75,0.28,-0.21,5263.73,-0.00,0.00,0.00,-0.00,0.00,-0.01,6.00
21850.00,0.18,-0.03,0.53,0.06,-0.04,11.88,0.28,-0.21,688.25,-0.00,0.00,0.00,0.00,0.01,-0.00,5.00
21855.00,0.18,-0.03,0.45,0.06,-0.04,-15.20,0.28,-0.21,-5417.52,-0.00,0.00,0.00,0.00,0.00,-0.00,8.00
21863.00,0.18,-0.03,0.42,0.06,-0.04,-3.80,0.28,-0.21,1424.99,-0.00,0.00,0.00,0.00,0.00,0.00,9.00
21876.00,0.18,-0.03,0.33,0.06,-0.04,-6.81,0.28,-0.21,-231.29,-0.00,0.00,0.00,0.00,0.00,-0.00,18.00
21894.00,0.18,-0.03,0.35,0.06,-0.04,0.92,0.28,-0.21,429.40,0.00,0.00,0.00,0.00,0.00,0.00,6.00
21900.00,0.18,-0.03,0.37,0.06,-0.04,4.20,0.28,-0.21,546.97,0.00,0.00,0.00,0.00,0.00,-0.00,5.00
21905.00,0.18,-0.03,0.42,0.06,-0.04,8.80,0.28,-0.21,920.33,0.00,0.00,0.00,0.00,0.00,-0.00,8.00
21913.00,0.18,-0.03,0.40,0.06,-0.04,-2.80,0.28,-0.21,-1450.40,0.00,0.00,0.00,0.00,0.00,0.00,9.00
21922.00,0.18,-0.03,0.39,0.06,-0.04,-0.37,0.28,-0.21,269.72,0.00,0.00,0.00,-0.00,0.00,-0.00,6.00
21928.00,0.18,-0.03,0.34,0.06,-0.04,-9.03,0.28,-0.21,-1443.51,-0.00,0.00,0.00,-0.00,0.00,-0.00,6.00
21934.00,0.18,-0.03,0.35,0.00,0.00,1.05,-0.27,0.21,1680.24,-0.00,0.00,0.00,-0.00,0.01,-0.00,9.00
21943.00,0.18,-0.03,0.32,0.00,0.00,-3.14,-0.27,0.21,-465.49,-0.00,0.00,0.00,0.00,0.00,0.00,5.00
21948.00,0.18,-0.03,0.38,0.00,0.00,13.02,-0.27,0.21,3232.15,0.00,0.00,0.00,0.00,0.00,0.00,7.00
21960.00,0.18,-0.03,0.42,0.00,0.00,2.92,-0.27,0.21,-841.39,0.00,0.00,0.00,0.00,-0.00,-0.00,6.00
21966.00,0.18,-0.03,0.33,0.00,0.00,-14.80,-0.27,0.21,-2954.16,0.00,0.00,0.00,-0.00,-0.00,-0.00,7.00
21973.00,0.18,-0.03,0.43,0.00,0.00,15.02,-0.27,0.21,4260.98,-0.00,0.00,0.00,-0.00,-0.00,-0.00,18.00
21991.00,0.18,-0.03,0.34,0.00,0.00,-5.12,-0.27,0.21,-1118.90,-0.00,0.00,0.00,-0.00,0.00,-0.00,6.00
21997.00,0.18,-0.03,0.32,0.00,0.00,-2.88,-0.27,0.21,373.47,-0.00,0.00,0.00,-0.00,0.00,-0.00,7.00
22004.00,0.18,-0.03,0.34,0.00,0.00,1.68,-0.27,0.21,650.37,-0.00,0.00,0.00,-0.00,-0.00,0.00,9.00
22013.00,0.18,-0.03,0.40,0.00,0.00,6.64,-0.27,0.21,551.54,-0.00,0.00,0.00,0.00,-0.00,0.00,7.00
22020.00,0.18,-0.03,0.35,0.00,0.00,-6.81,-0.27,0.21,-1921.92,-0.00,0.00,0.00,0.00,-0.00,-0.00,6.00
22026.00,0.18,-0.03,0.35,0.00,0.00,0.43,-0.27,0.21,1206.65,-0.00,0.00,0.00,0.00,-0.00,-0.00,8.00
22034.00,0.18,-0.03,0.36,0.00,0.00,0.57,-0.27,0.21,18.28,-0.00,0.00,0.00,0.00,0.00,-0.00,8.00
22047.00,0.18,-0.03,0.29,0.00,0.00,-4.79,-0.27,0.21,-412.74,-0.00,0.00,0.00,0.00,0.00,-0.00,8.00
22055.00,0.18,-0.03,0.23,0.00,0.00,-7.77,-0.27,0.21,-371.68,-0.00,0.00,0.00,0.00,0.00,-0.00,8.00
22063.00,0.18,-0.03,0.38,0.00,0.00,18.25,-0.27,0.21,3252.04,-0.00,0.00,0.00,0.00,0.00,0.00,7.00
22070.00,0.18,-0.03,0.36,0.00,0.00,-2.75,-0.27,0.21,-2999.76,-0.00,0.00,0.00,-0.00,0.00,0.00,5.00
22075.00,0.18,-0.03,0.26,0.00,0.00,-19.95,-0.27,0.21,-3440.12,-0.00,0.00,0.00,-0.00,0.00,0.00,19.00
22094.00,0.18,-0.03,0.38,0.00,0.00,6.33,-0.27,0.21,1383.19,-0.00,0.00,0.00,-0.00,0.00,0.00,5.00
22099.00,0.18,-0.03,0.35,0.00,0.00,-5.59,-0.27,0.21,-2385.31,-0.00,0.00,0.00,-0.00,-0.00,0.00,6.00
22105.00,0.18,-0.03,0.41,0.00,0.00,9.53,-0.27,0.21,2520.72,-0.00,0.00,0.00,-0.00,-0.00,0.00,9.00
22114.00,0.18,-0.03,0.39,0.00,0.00,-1.95,-0.27,0.21,-1275.13,-0.00,0.00,0.00,0.00,-0.01,0.00,7.00
22121.00,0.18,-0.03,0.35,0.00,0.00,-5.97,-0.27,0.21,-575.46,-0.00,0.00,0.00,0.00,-0.00,-0.00,7.00
22132.00,0.18,-0.03,0.38,0.00,0.00,3.14,-0.27,0.21,828.77,-0.00,0.00,0.00,0.00,-0.01,-0.00,8.00
22140.00,0.18,-0.04,0.41,0.00,-0.04,3.94,0.00,-0.18,99.51,-0.00,0.00,0.00,0.00,-0.00,-0.00,6.00
22146.00,0.18,-0.04,0.38,0.00,-0.04,-5.56,0.00,-0.18,-1583.69,-0.00,0.00,0.00,0.00,-0.00,0.00,5.00
22151.00,0.18,-0.04,0.39,0.00,-0.04,1.89,0.00,-0.18,1490.81,-0.00,0.00,0.00,-0.00,-0.00,-0.00,5.00
22156.00,0.18,-0.04,0.32,0.00,-0.04,-13.08,0.00,-0.18,-2994.15,-0.00,0.00,0.00,-0.00,-0.00,-0.00,8.00
22164.00,0.18,-0.04,0.33,0.00,-0.04,0.39,0.00,-0.18,1683.95,-0.00,0.00,0.00,-0.00,0.00,0.00,9.00
22173.00,0.18,-0.04,0.34,0.00,-0.04,1.39,0.00,-0.18,110.56,-0.00,0.00,0.00,-0.00,0.01,0.00,17.00
22190.00,0.18,-0.04,0.37,0.00,-0.04,1.73,0.00,-0.18,20.40,-0.00,0.00,0.00,-0.00,0.01,-0.00,6.00
22196.00,0.18,-0.04,0.24,0.00,-0.04,-22.17,0.00,-0.18,-3984.17,-0.00,0.00,0.00,0.00,0.01,-0.00,7.00
22203.00,0.18,-0.04,0.31,0.00,-0.04,9.79,0.00,-0.18,4565.29,-0.00,0.00,0.00,0.00,0.00,-0.01,7.00
22215.00,0.18,-0.04,0.28,0.00,-0.04,-2.46,0.00,-0.18,-1020.67,-0.00,0.00,0.00,0.00,0.00,-0.00,9.00
22224.00,0.18,-0.04,0.26,0.00,-0.04,-2.07,0.00,-0.18,43.42,-0.00,0.00,0.00,0.00,-0.00,0.00,9.00
22233.00,0.18,-0.04,0.26,0.00,-0.04,0.81,0.00,-0.18,319.79,-0.00,0.00,0.00,-0.00,-0.00,0.00,6.00
22239.00,0.18,-0.04,0.18,0.00,-0.04,-13.65,0.00,-0.18,-2409.23,-0.00,0.00,0.00,-0.00,0.00,0.00,6.00
22245.00,0.18,-0.04,0.32,0.00,-0.04,23.42,0.00,-0.18,6178.44,-0.00,0.00,0.00,0.00,0.00,0.00,6.00
22251.00,0.18,-0.04,0.17,0.00,-0.04,-26.05,0.00,-0.18,-8245.72,-0.00,0.00,0.00,0.00,0.00,0.00,5.00
22256.00,0.18,-0.04,0.25,0.00,-0.04,17.23,0.00,-0.18,8657.15,-0.00,0.00,0.00,0.00,0.00,0.00,8.00
22264.00,0.18,-0.04,0.31,0.00,-0.04,7.66,0.00,-0.18,-1196.91,-0.00,0.00,0.00,0.00,0.00,0.00,9.00
22273.00,0.18,-0.04,0.41,0.00,-0.04,10.52,0.00,-0.18,317.75,-0.00,0.00,0.00,-0.00,0.00,0.00,15.00
22288.00,0.18,-0.04,0.33,0.00,-0.04,-5.17,0.00,-0.18,-1045.82,-0.00,0.00,0.00,-0.00,0.00,-0.00,8.00
22301.00,0.18,-0.04,0.26,0.00,-0.04,-5.38,0.00,-0.18,-16.37,-0.00,0.00,0.00,0.00,0.00,-0.00,7.00
22308.00,0.18,-0.04,0.29,0.00,-0.04,4.13,0.00,-0.18,1359.63,-0.00,0.00,0.00,0.00,0.00,-0.00,7.00
22315.00,0.18,-0.04,0.31,0.00,-0.04,2.23,0.00,-0.18,-272.00,-0.00,0.00,0.00,0.00,0.00,-0.00,9.00
22324.00,0.18,-0.04,0.29,0.00,-0.04,-1.56,0.00,-0.18,-420.70,-0.00,0.00,0.00,0.00,0.00,-0.00,6.00
22330.00,0.18,-0.04,0.20,0.00,-0.04,-14.78,0.00,-0.18,-2204.67,-0.00,0.00,0.00,-0.00,0.00,0.00,6.00
22336.00,0.18,-0.04,0.26,0.00,-0.04,8.82,0.00,-0.18,3933.83,-0.00,0.00,0.00,-0.00,0.00,0.00,8.00
22344.00,0.18,-0.04,0.27,0.00,0.00,1.59,0.00,0.18,-903.33,-0.00,0.00,0.00,-0.01,0.00,0.00,6.00
22350.00,0.18,-0.04,0.26,0.00,0.00,-1.78,0.00,0.18,-562.27,-0.00,0.00,0.00,-0.00,0.01,0.00,6.00
22356.00,0.18,-0.04,0.27,0.00,0.00,1.78,0.00,0.18,593.54,-0.00,0.00,0.00,-0.00,0.01,0.00,8.00
22364.00,0.18,-0.04,0.25,0.00,0.00,-1.80,0.00,0.18,-447.91,-0.00,0.00,0.00,0.00,0.00,0.00,8.00
22382.00,0.18,-0.04,0.28,0.00,0.00,1.26,0.00,0.18,170.31,-0.00,0.00,0.00,-0.00,-0.00,-0.01,16.00
22398.00,0.18,-0.04,0.24,0.00,0.00,-2.30,0.00,0.18,-222.53,-0.00,0.00,0.00,-0.00,-0.00,-0.01,8.00
22406.00,0.18,-0.04,0.28,0.00,0.00,5.23,0.00,0.18,940.44,-0.00,0.00,0.00,-0.00,-0.00,-0.01,8.00
22414.00,0.18,-0.04,0.29,0.00,0.00,1.26,0.00,0.18,-495.61,-0.00,0.00,0.00,0.00,-0.00,0.00,7.00
22421.00,0.18,-0.04,0.22,0.00,0.00,-10.67,0.00,0.18,-1704.34,-0.00,0.00,0.00,0.01,0.00,0.00,6.00
22427.00,0.18,-0.04,0.29,0.00,0.00,12.80,0.00,0.18,3911.74,-0.00,0.00,0.00,0.01,0.00,0.00,8.00
22435.00,0.18,-0.04,0.29,0.00,0.00,0.06,0.00,0.18,-1592.64,-0.00,0.00,0.00,0.00,0.00,0.01,8.00
22443.00,0.18,-0.04,0.26,0.00,0.00,-4.21,0.00,0.18,-533.17,-0.00,0.00,0.00,-0.01,0.00,0.01,6.00
22449.00,0.18,-0.04,0.27,0.00,0.00,1.54,0.00,0.18,958.00,-0.00,0.00,0.00,-0.01,0.00,0.00,7.00
22456.00,0.18,-0.04,0.17,0.00,0.00,-14.56,0.00,0.18,-2300.93,-0.00,0.00,0.00,-0.00,0.00,0.00,9.00
22469.00,0.18,-0.04,0.25,0.00,0.00,5.95,0.00,0.18,1578.06,-0.00,0.00,0.00,-0.00,0.00,-0.00,8.00
22477.00,0.18,-0.04,0.23,0.00,0.00,-1.61,0.00,0.18,-945.15,-0.00,0.00,0.00,0.00,0.00,-0.00,8.00
22485.00,0.18,-0.04,0.20,0.00,0.00,-4.28,0.00,0.18,-333.79,-0.00,0.00,0.00,0.01,-0.00,-0.01,18.00
22503.00,0.18,-0.04,0.30,0.00,0.00,5.40,0.00,0.18,537.88,-0.00,0.00,0.00,-0.00,-0.00,0.00,5.00
22508.00,0.18,-0.04,0.21,0.00,0.00,-17.48,0.00,0.18,-4576.91,-0.00,0.00,0.00,-0.00,-0.00,0.00,7.00
22515.00,0.18,-0.04,0.17,0.00,0.00,-4.83,0.00,0.18,1807.23,-0.00,0.00,0.00,-0.00,-0.00,0.01,9.00
22524.00,0.18,-0.04,0.18,0.00,0.00,0.91,0.00,0.18,638.09,-0.00,0.00,0.00,-0.00,0.00,0.01,6.00
22530.00,0.18,-0.04,0.21,0.00,0.00,3.88,0.00,0.18,495.50,-0.00,0.00,0.00,-0.00,0.00,0.01,7.00
22537.00,0.18,-0.04,0.19,0.00,0.00,-2.87,0.00,0.18,-964.20,-0.00,0.00,0.00,-0.00,0.00,0.00,8.00
22545.00,0.18,-0.05,0.29,0.00,-0.04,12.43,0.00,-0.19,1912.34,-0.00,0.00,0.00,0.00,0.00,0.00,6.00
22556.00,0.18,-0.05,0.21,0.00,-0.04,-7.30,0.00,-0.19,-1793.66,-0.00,0.00,0.00,-0.00,0.00,-0.00,10.00
22566.00,0.18,-0.05,0.31,0.00,-0.04,10.81,0.00,-0.19,1810.62,-0.00,0.00,0.00,-0.00,0.00,-0.00,8.00
22574.00,0.18,-0.05,0.24,0.00,-0.04,-8.84,0.00,-0.19,-2455.85,-0.00,0.00,0.00,0.00,-0.00,-0.01,7.00
22581.00,0.18,-0.05,0.24,0.00,-0.04,0.11,0.00,-0.19,1278.87,-0.00,0.00,0.00,0.00,-0.00,-0.00,6.00
22587.00,0.18,-0.05,0.14,0.00,-0.04,-17.29,0.00,-0.19,-2900.47,-0.00,0.00,0.00,0.00,-0.00,-0.00,19.00
22606.00,0.18,-0.05,0.23,0.00,-0.04,4.60,0.00,-0.19,1152.09,-0.00,0.00,0.00,0.00,0.00,0.00,8.00
22614.00,0.18,-0.05,0.29,0.00,-0.04,8.43,0.00,-0.19,479.08,-0.00,0.00,0.00,-0.00,0.00,0.00,7.00
22621.00,0.18,-0.05,0.29,0.00,-0.04,-0.96,0.00,-0.19,-1342.44,-0.00,0.00,0.00,-0.00,-0.00,0.00,7.00
22628.00,0.18,-0.05,0.23,0.00,-0.04,-8.43,0.00,-0.19,-1066.05,-0.00,0.00,0.00,-0.00,-0.00,0.00,7.00
22635.00,0.18,-0.05,0.19,0.00,-0.04,-6.13,0.00,-0.19,327.87,-0.00,0.00,0.00,0.00,0.00,0.00,8.00
22648.00,0.18,-0.05,0.21,0.00,-0.04,1.89,0.00,-0.19,617.30,-0.00,0.00,0.00,0.00,0.00,0.00,8.00
22656.00,0.18,-0.05,0.28,0.00,-0.04,8.75,0.00,-0.19,856.47,-0.00,0.00,0.00,-0.00,0.00,-0.00,8.00
22664.00,0.18,-0.05,0.27,0.00,-0.04,-0.86,0.00,-0.19,-1201.20,-0.00,0.00,0.00,-0.00,0.00,-0.00,7.00
22671.00,0.18,-0.05,0.28,0.00,-0.04,0.26,0.00,-0.19,160.69,-0.00,0.00,0.00,-0.00,0.00,0.00,6.00
22677.00,0.18,-0.05,0.12,0.00,-0.04,-26.25,0.00,-0.19,-4418.10,-0.00,0.00,0.00,-0.00,-0.00,0.00,18.00
22695.00,0.18,-0.05,0.26,0.00,-0.04,7.95,0.00,-0.19,1899.73,-0.00,0.00,0.00,0.00,-0.00,0.00,6.00
22701.00,0.18,-0.05,0.26,0.00,-0.04,-0.12,0.00,-0.19,-1344.38,-0.00,0.00,0.00,0.00,-0.01,0.00,6.00
22707.00,0.18,-0.05,0.31,0.00,-0.04,8.44,0.00,-0.19,1425.97,-0.00,0.00,0.00,0.00,-0.01,0.00,9.00
22716.00,0.18,-0.05,0.18,0.00,-0.04,-14.66,0.00,-0.19,-2566.31,-0.00,0.00,0.00,-0.00,-0.01,0.00,8.00
22724.00,0.18,-0.05,0.21,0.00,-0.04,3.52,0.00,-0.19,2272.57,-0.00,0.00,0.00,-0.01,0.00,0.00,6.00
22735.00,0.18,-0.05,0.21,0.00,-0.04,0.36,0.00,-0.19,-286.96,-0.00,0.00,0.00,-0.00,0.00,-0.00,7.00
22742.00,0.18,-0.05,0.17,0.00,-0.04,-5.95,0.00,-0.19,-901.47,-0.00,0.00,0.00,-0.00,-0.01,-0.01,6.00
22748.00,0.19,-0.05,0.16,0.05,-0.00,-1.55,0.27,0.17,733.37,-0.00,0.00,0.00,-0.00,-0.01,-0.01,6.00
22754.00,0.19,-0.05,0.22,0.05,-0.00,10.76,0.27,0.17,2051.39,-0.00,0.00,0.00,-0.00,-0.01,-0.01,5.00
22759.00,0.19,-0.05,0.28,0.05,-0.00,10.76,0.27,0.17,0.18,-0.00,0.00,0.00,-0.00,-0.01,-0.00,8.00
22767.00,0.19,-0.05,0.13,0.05,-0.00,-17.99,0.27,0.17,-3594.70,-0.00,0.00,0.00,-0.00,-0.01,-0.00,8.00
22775.00,0.19,-0.05,0.20,0.05,-0.00,7.90,0.27,0.17,3236.57,-0.00,0.00,0.00,-0.00,-0.00,0.00,8.00
22783.00,0.19,-0.05,0.16,0.05,-0.00,-4.41,0.27,0.17,-1538.69,-0.00,0.00,0.00,-0.00,-0.01,0.00,5.00
22788.00,0.19,-0.05,0.25,0.05,-0.00,16.78,0.27,0.17,4239.00,-0.00,0.00,0.00,-0.00,-0.01,0.00,19.00
22807.00,0.19,-0.05,0.11,0.05,-0.00,-7.02,0.27,0.17,-1252.59,-0.00,0.00,0.00,-0.00,-0.00,0.00,9.00
22821.00,0.19,-0.05,0.09,0.05,-0.00,-1.62,0.27,0.17,385.56,-0.00,0.00,0.00,0.00,-0.00,-0.00,7.00
22828.00,0.19,-0.05,0.13,0.05,-0.00,5.24,0.27,0.17,979.83,-0.00,0.00,0.00,0.00,-0.00,-0.00,8.00
22836.00,0.19,-0.05,0.17,0.05,-0.00,5.27,0.27,0.17,4.10,-0.00,0.00,0.00,0.00,0.00,-0.01,8.00
22844.00,0.19,-0.05,0.21,0.05,-0.00,5.52,0.27,0.17,30.30,-0.00,0.00,0.00,0.01,0.00,-0.00,5.00
22849.00,0.19,-0.05,0.21,0.05,-0.00,-1.09,0.27,0.17,-1321.10,-0.00,0.00,0.00,0.01,0.00,-0.00,7.00
22856.00,0.19,-0.05,0.20,0.05,-0.00,-1.27,0.27,0.17,-25.94,-0.00,0.00,0.00,0.01,0.00,0.00,8.00
22864.00,0.19,-0.05,0.15,0.05,-0.00,-6.51,0.27,0.17,-655.39,-0.00,0.00,0.00,0.01,0.00,0.00,6.00
22870.00,0.19,-0.05,0.15,0.05,-0.00,1.02,0.27,0.17,1256.08,-0.00,0.00,0.00,0.01,0.01,0.00,7.00
22877.00,0.19,-0.05,0.24,0.05,-0.00,12.48,0.27,0.17,1636.20,-0.00,0.00,0.00,0.01,0.01,0.01,18.00
22895.00,0.19,-0.05,0.23,0.05,-0.00,-0.67,0.27,0.17,-730.27,-0.00,0.00,0.00,0.00,0.01,0.00,6.00
22906.00,0.19,-0.05,0.24,0.05,-0.00,0.94,0.27,0.17,146.34,-0.00,0.00,0.00,-0.00,0.00,-0.01,8.00
22914.00,0.19,-0.05,0.22,0.05,-0.00,-2.17,0.27,0.17,-389.02,-0.00,0.00,0.00,0.00,-0.00,-0.01,6.00
22920.00,0.19,-0.05,0.24,0.05,-0.00,2.39,0.27,0.17,759.47,-0.00,0.00,0.00,0.00,-0.00,-0.01,8.00
22928.00,0.19,-0.05,0.25,0.05,-0.00,2.29,0.27,0.17,-11.89,-0.00,0.00,0.00,0.00,-0.01,-0.01,8.00
22936.00,0.19,-0.05,0.24,0.05,-0.00,-1.99,0.27,0.17,-534.59,-0.00,0.00,-0.00,0.01,-0.01,-0.00,7.00
22943.00,0.19,-0.05,0.25,0.05,-0.00,1.38,0.27,0.17,481.48,-0.00,0.00,-0.00,0.01,-0.00,-0.00,5.00
22948.00,0.18,-0.05,0.19,-0.06,0.00,-12.10,-0.55,0.05,-2697.08,-0.00,0.00,-0.00,0.01,-0.00,-0.00,6.00
22954.00,0.18,-0.05,0.21,-0.06,0.00,3.71,-0.55,0.05,2635.63,-0.00,0.00,0.00,0.00,0.00,0.01,5.00
22959.00,0.18,-0.05,0.11,-0.06,0.00,-20.10,-0.55,0.05,-4763.14,-0.00,0.00,0.00,-0.00,0.01,0.01,9.00
22968.00,0.18,-0.05,0.16,-0.06,0.00,5.28,-0.55,0.05,2820.19,-0.00,0.00,0.00,-0.00,0.01,0.01,8.00
22981.00,0.18,-0.05,0.21,-0.06,0.00,3.75,-0.55,0.05,-117.91,-0.00,0.00,0.00,-0.00,0.01,0.00,17.00
22998.00,0.18,-0.05,0.33,-0.06,0.00,7.25,-0.55,0.05,206.34,-0.00,0.00,0.00,0.00,0.01,-0.00,6.00
23004.00,0.18,-0.05,0.34,-0.06,0.00,2.06,-0.55,0.05,-865.99,-0.00,0.00,0.00,0.00,0.00,-0.01,6.00
23010.00,0.18,-0.05,0.18,-0.06,0.00,-26.51,-0.55,0.05,-4761.12,-0.00,0.00,0.00,0.00,0.00,-0.01,7.00
23017.00,0.18,-0.05,0.26,-0.06,0.00,11.66,-0.55,0.05,5452.48,-0.00,0.00,-0.00,0.00,0.00,-0.01,9.00
23026.00,0.18,-0.05,0.20,-0.06,0.00,-6.81,-0.55,0.05,-2051.47,-0.00,0.00,-0.00,0.00,-0.00,-0.00,7.00
23033.00,0.18,-0.05,0.19,-0.06,0.00,-1.33,-0.55,0.05,782.91,-0.00,0.00,-0.00,-0.00,-0.01,0.00,5.00
23038.00,0.18,-0.05,0.21,-0.06,0.00,3.63,-0.55,0.05,991.22,-0.00,0.00,-0.00,-0.00,-0.01,0.00,10.00
23048.00,0.18,-0.05,0.25,-0.06,0.00,3.78,-0.55,0.05,15.30,-0.00,0.00,0.00,-0.00,-0.01,0.01,5.00
23053.00,0.18,-0.05,0.22,-0.06,0.00,-6.64,-0.55,0.05,-2084.25,-0.00,0.00,0.00,-0.00,-0.00,0.01,6.00
23070.00,0.18,-0.05,0.11,-0.06,0.00,-6.25,-0.55,0.05,22.88,-0.00,0.00,0.00,-0.01,-0.00,0.00,8.00
23078.00,0.18,-0.05,0.26,-0.06,0.00,19.45,-0.55,0.05,3212.49,-0.00,0.00,0.00,-0.01,-0.00,-0.00,8.00
23086.00,0.18,-0.05,0.24,-0.06,0.00,-3.06,-0.55,0.05,-2813.42,-0.00,0.00,0.00,-0.01,-0.01,-0.00,18.00
23104.00,0.18,-0.05,0.23,-0.06,0.00,-0.77,-0.55,0.05,127.24,-0.00,0.00,0.00,0.00,0.00,-0.01,5.00
23109.00,0.18,-0.05,0.20,-0.06,0.00,-5.19,-0.55,0.05,-884.48,-0.00,0.00,0.00,0.00,0.00,-0.00,8.00
23117.00,0.18,-0.05,0.22,-0.06,0.00,2.23,-0.55,0.05,926.91,-0.00,0.00,0.00,-0.00,0.00,0.00,8.00
23125.00,0.18,-0.05,0.22,-0.06,0.00,-0.19,-0.55,0.05,-302.70,-0.00,0.00,0.00,-0.01,-0.00,0.00,5.00
23130.00,0.18,-0.05,0.16,-0.06,0.00,-12.28,-0.55,0.05,-2417.19,-0.00,0.00,0.00,-0.01,-0.00,0.00,8.00
23138.00,0.18,-0.05,0.19,-0.06,0.00,3.93,-0.55,0.05,2026.36,-0.00,0.00,0.00,-0.01,0.00,0.00,9.00
23147.00,0.18,-0.05,0.14,-0.06,0.00,-4.70,-0.55,0.05,-958.52,-0.00,0.00,0.00,-0.00,-0.00,0.01,5.00
23158.00,0.19,-0.05,0.22,0.05,-0.04,6.97,0.52,-0.22,1060.63,-0.00,0.00,0.00,0.00,0.00,0.00,10.00
23168.00,0.19,-0.05,0.09,0.05,-0.04,-13.60,0.52,-0.22,-2057.17,-0.00,0.00,0.00,0.00,0.00,-0.00,8.00
23176.00,0.19,-0.05,0.13,0.05,-0.04,5.16,0.52,-0.22,2344.50,-0.00,0.00,0.00,-0.00,0.01,-0.00,18.00
23194.00,0.19,-0.05,0.19,0.05,-0.04,3.70,0.52,-0.22,-80.88,-0.00,0.00,0.00,-0.00,0.00,-0.00,6.00
23200.00,0.19,-0.05,0.24,0.05,-0.04,7.00,0.52,-0.22,550.38,-0.00,0.00,0.00,-0.00,0.00,-0.00,7.00
23207.00,0.19,-0.05,0.18,0.05,-0.04,-7.90,0.52,-0.22,-2128.20,-0.00,0.00,0.00,0.00,0.00,0.00,7.00
23214.00,0.19,-0.05,0.10,0.05,-0.04,-10.98,0.52,-0.22,-440.28,-0.00,0.00,0.00,0.00,0.00,0.00,6.00
23220.00,0.19,-0.05,0.23,0.05,-0.04,20.66,0.52,-0.22,5272.57,-0.00,0.00,0.00,0.00,0.00,0.00,8.00
23228.00,0.19,-0.05,0.23,0.05,-0.04,0.25,0.52,-0.22,-2551.31,-0.00,0.00,0.00,0.00,0.00,0.00,8.00
23236.00,0.19,-0.05,0.22,0.05,-0.04,-1.13,0.52,-0.22,-172.67,-0.00,0.00,0.00,-0.00,-0.00,0.00,7.00
23248.00,0.19,-0.05,0.17,0.05,-0.04,-4.51,0.52,-0.22,-281.51,-0.00,0.00,0.00,0.00,-0.00,-0.00,6.00
23254.00,0.19,-0.05,0.23,0.05,-0.04,11.31,0.52,-0.22,2637.49,-0.00,0.00,0.00,-0.00,-0.00,-0.00,5.00
23259.00,0.19,-0.05,0.15,0.05,-0.04,-16.04,0.52,-0.22,-5470.43,-0.00,0.00,0.00,-0.00,-0.00,-0.00,9.00
23268.00,0.19,-0.05,0.20,0.05,-0.04,5.06,0.52,-0.22,2343.93,-0.00,0.00,0.00,0.00,-0.00,-0.00,8.00
23276.00,0.19,-0.05,0.13,0.05,-0.04,-8.68,0.52,-0.22,-1717.18,-0.00,0.00,0.00,-0.01,0.00,0.00,16.00
23292.00,0.19,-0.05,0.21,0.05,-0.04,5.27,0.52,-0.22,871.69,-0.00,0.00,0.00,-0.01,-0.00,0.00,7.00
23299.00,0.19,-0.05,0.18,0.05,-0.04,-5.27,0.52,-0.22,-1504.55,-0.00,0.00,0.00,-0.01,-0.00,0.00,6.00
23305.00,0.19,-0.05,0.18,0.05,-0.04,-0.06,0.52,-0.22,867.06,-0.00,0.00,0.00,0.00,0.00,0.00,6.00
23311.00,0.19,-0.05,0.15,0.05,-0.04,-4.75,0.52,-0.22,-780.28,-0.00,0.00,0.00,0.00,0.00,0.00,7.00
23318.00,0.19,-0.05,0.25,0.05,-0.04,14.57,0.52,-0.22,2759.74,-0.00,0.00,0.00,0.00,-0.00,0.00,9.00
23332.00,0.19,-0.05,0.15,0.05,-0.04,-7.37,0.52,-0.22,-1567.10,-0.00,0.00,0.00,-0.00,-0.00,-0.00,8.00
23340.00,0.19,-0.05,0.17,0.05,-0.04,3.27,0.52,-0.22,1330.20,-0.00,0.00,0.00,-0.00,-0.00,0.00,8.00
23348.00,0.19,-0.05,0.18,0.05,-0.04,1.21,0.52,-0.22,-258.09,-0.00,0.00,0.00,-0.00,-0.00,0.00,6.00
23354.00,0.19,-0.05,0.29,0.05,-0.04,17.86,0.52,-0.22,2774.64,-0.00,0.00,0.00,-0.00,-0.00,0.00,5.00
23359.00,0.19,-0.05,0.16,0.00,0.00,-25.64,-0.26,0.20,-8698.62,-0.00,0.00,0.00,-0.00,-0.00,0.01,9.00
23368.00,0.19,-0.05,0.22,0.00,0.00,6.23,-0.26,0.20,3540.66,-0.00,0.00,0.00,-0.00,0.00,0.00,8.00
23376.00,0.19,-0.05,0.24,0.00,0.00,2.78,-0.26,0.20,-431.85,-0.00,0.00,0.00,-0.00,0.01,0.00,15.00
23391.00,0.19,-0.05,0.24,0.00,0.00,-0.33,-0.26,0.20,-207.34,-0.00,0.00,0.00,-0.00,0.00,-0.00,8.00
23399.00,0.19,-0.05,0.14,0.00,0.00,-12.04,-0.26,0.20,-1462.99,-0.00,0.00,0.00,-0.00,0.00,-0.00,6.00
23405.00,0.19,-0.05,0.07,0.00,0.00,-11.81,-0.26,0.20,38.36,-0.00,0.00,0.00,-0.00,0.00,-0.00,6.00
23416.00,0.19,-0.05,0.14,0.00,0.00,6.62,-0.26,0.20,1675.31,-0.00,0.00,0.00,0.00,0.00,-0.00,6.00
23422.00,0.19,-0.05,0.16,0.00,0.00,3.01,-0.26,0.20,-601.11,-0.00,0.00,0.00,0.00,0.00,-0.00,7.00
23429.00,0.19,-0.05,0.13,0.00,0.00,-4.65,-0.26,0.20,-1094.18,-0.00,0.00,0.00,0.00,0.00,0.00,9.00
23438.00,0.19,-0.05,0.10,0.00,0.00,-2.60,-0.26,0.20,227.21,-0.00,0.00,0.00,0.00,0.00,0.00,8.00
23446.00,0.19,-0.05,0.08,0.00,0.00,-2.28,-0.26,0.20,40.32,-0.00,0.00,0.00,-0.00,0.00,0.00,5.00
23451.00,0.19,-0.05,0.07,0.00,0.00,-3.15,-0.26,0.20,-175.21,-0.00,0.00,0.00,-0.00,0.00,0.00,7.00
23458.00,0.19,-0.05,0.03,0.00,0.00,-5.53,-0.26,0.20,-339.67,-0.00,0.00,0.00,0.00,0.00,0.00,8.00
23466.00,0.19,-0.05,0.09,0.00,0.00,7.03,-0.26,0.20,1570.00,-0.00,0.00,0.00,0.00,0.00,-0.00,5.00
23471.00,0.19,-0.05,0.13,0.00,0.00,8.05,-0.26,0.20,203.38,-0.00,0.00,0.00,0.00,0.00,-0.00,8.00
23479.00,0.19,-0.05,0.13,0.00,0.00,0.50,-0.26,0.20,-943.09,-0.00,0.00,0.00,0.00,0.00,-0.00,9.00
23492.00,0.19,-0.05,0.11,0.00,0.00,-1.32,-0.26,0.20,-140.30,-0.00,0.00,0.00,0.00,0.00,-0.00,18.00
23510.00,0.19,-0.05,0.11,0.00,0.00,-0.45,-0.26,0.20,48.40,-0.00,0.00,0.00,-0.00,-0.00,0.00,8.00
23518.00,0.19,-0.05,0.21,0.00,0.00,13.28,-0.26,0.20,1716.41,-0.00,0.00,0.00,0.00,0.00,0.00,8.00
23526.00,0.19,-0.05,0.02,0.00,0.00,-23.40,-0.26,0.20,-4584.27,-0.00,0.00,0.00,0.00,0.00,0.01,6.00
23532.00,0.19,-0.05,0.21,0.00,0.00,30.67,-0.26,0.20,9010.45,-0.00,0.00,0.00,0.00,0.00,0.00,7.00
23539.00,0.19,-0.05,0.11,0.00,0.00,-13.88,-0.26,0.20,-6363.24,-0.00,0.00,0.00,-0.00,0.00,0.00,9.00
23548.00,0.19,-0.05,0.08,0.00,0.00,-3.95,-0.26,0.20,1102.42,-0.00,0.00,0.00,-0.00,0.00,0.00,5.00
23553.00,0.19,-0.05,0.11,0.00,0.00,6.85,-0.26,0.20,2160.43,-0.00,0.00,0.00,-0.00,0.00,0.00,7.00
23560.00,0.19,-0.05,0.07,0.00,0.00,-5.52,0.00,0.00,-1767.23,-0.00,0.00,0.00,-0.00,0.00,0.00,8.00
23568.00,0.19,-0.05,0.17,0.00,0.00,12.02,0.00,0.00,2192.91,-0.00,0.00,0.00,-0.00,0.00,-0.00,8.00
23581.00,0.19,-0.05,0.14,0.00,0.00,-2.22,0.00,0.00,-1095.77,-0.00,0.00,0.00,-0.00,0.00,-0.00,18.00
23599.00,0.19,-0.05,0.19,0.00,0.00,3.03,0.00,0.00,291.63,-0.00,0.00,0.00,0.00,0.00,0.00,6.00
23605.00,0.19,-0.05,0.10,0.00,0.00,-14.70,0.00,0.00,-2954.22,-0.00,0.00,0.00,-0.00,-0.00,0.00,5.00
23610.00,0.19,-0.05,0.15,0.00,0.00,8.34,0.00,0.00,4608.74,-0.00,0.00,0.00,-0.00,-0.00,0.00,9.00
23619.00,0.19,-0.05,0.08,0.00,0.00,-7.33,0.00,0.00,-1741.59,-0.00,0.00,0.00,-0.00,-0.00,0.00,8.00
23627.00,0.19,-0.05,0.13,0.00,0.00,5.75,0.00,0.00,1634.51,-0.00,0.00,0.00,-0.00,-0.00,0.00,6.00
23633.00,0.19,-0.05,0.03,0.00,0.00,-16.75,0.00,0.00,-3748.75,-0.00,0.00,0.00,-0.00,-0.00,0.00,7.00
23640.00,0.19,-0.05,0.07,0.00,0.00,6.29,0.00,0.00,3291.46,-0.00,0.00,0.00,-0.00,-0.01,0.00,9.00
23649.00,0.19,-0.05,0.08,0.00,0.00,0.60,0.00,0.00,-633.12,-0.00,0.00,0.00,-0.00,0.00,0.00,5.00
23654.00,0.19,-0.05,0.12,0.00,0.00,8.72,0.00,0.00,1625.47,-0.00,0.00,0.00,0.00,0.00,-0.00,7.00
23666.00,0.19,-0.05,0.19,0.00,0.00,5.76,0.00,0.00,-247.03,-0.00,0.00,0.00,0.00,0.01,-0.00,6.00
23672.00,0.19,-0.05,0.09,0.00,0.00,-15.61,0.00,0.00,-3561.17,-0.00,0.00,0.00,0.00,0.01,-0.00,7.00
23679.00,0.19,-0.05,0.05,0.00,0.00,-6.13,0.00,0.00,1354.05,-0.00,0.00,0.00,-0.00,0.01,-0.00,18.00
23697.00,0.19,-0.05,0.17,0.00,0.00,6.72,0.00,0.00,713.75,-0.00,0.00,0.00,0.00,0.00,0.00,6.00
23703.00,0.19,-0.05,0.17,0.00,0.00,0.33,0.00,0.00,-1063.84,-0.00,0.00,0.00,0.00,0.00,0.00,7.00
23710.00,0.19,-0.05,0.13,0.00,0.00,-6.10,0.00,0.00,-918.76,-0.00,0.00,0.00,0.00,0.00,0.00,9.00
23719.00,0.19,-0.05,0.20,0.00,0.00,8.01,0.00,0.00,1567.56,-0.00,0.00,0.00,0.00,-0.01,-0.00,8.00
23727.00,0.19,-0.05,0.07,0.00,0.00,-16.42,0.00,0.00,-3053.26,-0.00,0.00,0.00,0.00,-0.00,0.00,6.00
23733.00,0.19,-0.05,0.17,0.00,0.00,15.65,0.00,0.00,5344.89,-0.00,0.00,0.00,0.00,-0.00,-0.00,7.00
23740.00,0.19,-0.05,0.08,0.00,0.00,-12.69,0.00,0.00,-4049.85,-0.00,0.00,0.00,0.00,0.00,-0.00,9.00
23754.00,0.19,-0.05,0.16,0.00,0.00,5.54,0.00,0.00,1302.28,-0.00,0.00,0.00,0.00,0.00,-0.00,7.00
23761.00,0.19,-0.06,0.27,0.00,-0.04,16.97,0.00,-0.19,1632.59,-0.00,0.00,0.00,0.00,0.01,-0.00,8.00
23769.00,0.19,-0.06,0.12,0.00,-0.04,-19.35,0.00,-0.19,-4539.24,-0.00,0.00,0.00,0.00,0.01,-0.00,8.00
23777.00,0.19,-0.06,0.15,0.00,-0.04,4.02,0.00,-0.19,2921.21,-0.00,0.00,0.00,-0.00,0.00,0.00,6.00
23783.00,0.19,-0.06,0.14,0.00,-0.04,-2.10,0.00,-0.19,-1020.55,-0.00,0.00,0.00,-0.00,-0.00,0.00,17.00
23800.00,0.19,-0.06,0.17,0.00,-0.04,1.95,0.00,-0.19,238.31,-0.00,0.00,0.00,-0.00,-0.01,-0.00,6.00
23806.00,0.19,-0.06,0.19,0.00,-0.04,3.34,0.00,-0.19,231.30,-0.00,0.00,0.00,-0.00,-0.01,-0.00,5.00
23811.00,0.19,-0.06,0.11,0.00,-0.04,-15.44,0.00,-0.19,-3755.99,-0.00,0.00,0.00,-0.00,-0.01,-0.00,9.00
23820.00,0.19,-0.06,0.02,0.00,-0.04,-10.76,0.00,-0.19,520.08,-0.00,0.00,0.00,0.00,-0.01,-0.00,8.00
23828.00,0.19,-0.06,0.18,0.00,-0.04,20.06,0.00,-0.19,3852.87,-0.00,0.00,0.00,-0.00,-0.01,-0.00,7.00
23845.00,0.19,-0.06,0.30,0.00,-0.04,7.10,0.00,-0.19,-762.14,-0.00,0.00,0.00,-0.00,0.00,-0.00,8.00
23853.00,0.19,-0.06,0.19,0.00,-0.04,-14.19,0.00,-0.19,-2661.23,-0.00,0.00,0.00,0.00,0.00,-0.00,6.00
23859.00,0.19,-0.06,0.22,0.00,-0.04,6.25,0.00,-0.19,3406.21,-0.00,0.00,0.00,0.00,-0.00,0.00,8.00
23867.00,0.19,-0.06,0.13,0.00,-0.04,-11.13,0.00,-0.19,-2172.42,-0.00,0.00,0.00,0.00,0.00,0.00,6.00
23873.00,0.19,-0.06,0.19,0.00,-0.04,9.79,0.00,-0.19,3485.97,-0.00,0.00,0.00,0.00,0.00,0.00,17.00
23890.00,0.19,-0.06,0.24,0.00,-0.04,2.68,0.00,-0.19,-418.03,-0.00,0.00,0.00,0.00,0.00,-0.00,8.00
23898.00,0.19,-0.06,0.20,0.00,-0.04,-4.31,0.00,-0.19,-873.49,-0.00,0.00,0.00,0.00,0.00,-0.00,5.00
23903.00,0.19,-0.06,0.26,0.00,-0.04,10.84,0.00,-0.19,3029.54,-0.00,0.00,0.00,0.00,0.00,-0.00,8.00
23911.00,0.19,-0.06,0.25,0.00,-0.04,-1.28,0.00,-0.19,-1514.98,-0.00,0.00,0.00,0.00,0.00,-0.00,8.00
23919.00,0.19,-0.06,0.17,0.00,-0.04,-9.88,0.00,-0.19,-1075.79,-0.00,0.00,0.00,0.00,-0.00,-0.00,8.00
23932.00,0.19,-0.06,0.17,0.00,-0.04,-0.10,0.00,-0.19,752.45,-0.00,0.00,0.00,0.00,0.00,-0.00,9.00
23941.00,0.19,-0.06,0.16,0.00,-0.04,-0.80,0.00,-0.19,-77.22,-0.00,0.00,0.00,0.00,0.00,0.00,8.00
23949.00,0.19,-0.06,0.17,0.00,-0.04,1.72,0.00,-0.19,314.25,-0.00,0.00,0.00,0.00,0.01,0.00,6.00
23955.00,0.19,-0.06,0.28,0.00,-0.04,16.91,0.00,-0.19,2532.31,-0.00,0.00,0.00,0.00,0.00,-0.00,6.00
23961.00,0.20,-0.06,0.17,0.06,-0.00,-17.14,0.28,0.17,-5675.80,-0.00,0.00,0.00,0.00,0.00,-0.00,9.00
23970.00,0.20,-0.06,0.26,0.06,-0.00,10.03,0.28,0.17,3019.33,-0.00,0.00,0.00,0.00,0.00,0.00,8.00
23978.00,0.20,-0.06,0.16,0.06,-0.00,-12.28,0.28,0.17,-2788.43,-0.00,0.00,0.00,0.00,-0.00,-0.00,16.00
23994.00,0.20,-0.06,0.23,0.06,-0.00,4.34,0.28,0.17,1038.38,-0.00,0.00,0.00,0.00,-0.00,-0.01,7.00
24001.00,0.20,-0.06,0.18,0.06,-0.00,-7.62,0.28,0.17,-1708.62,-0.00,0.00,0.00,0.00,0.00,-0.01,6.00
24007.00,0.20,-0.06,0.20,0.06,-0.00,3.68,0.28,0.17,1884.04,-0.00,0.00,-0.00,0.00,-0.00,-0.00,5.00
24017.00,0.20,-0.06,0.19,0.06,-0.00,-1.03,0.28,0.17,-471.24,-0.00,0.00,-0.00,-0.00,-0.00,-0.01,7.00
24024.00,0.20,-0.06,0.26,0.06,-0.00,10.28,0.28,0.17,1615.59,-0.00,0.00,-0.00,-0.00,-0.00,-0.00,7.00
24031.00,0.20,-0.06,0.13,0.06,-0.00,-19.54,0.28,0.17,-4259.44,-0.00,0.00,-0.00,-0.00,-0.00,-0.00,9.00
24040.00,0.20,-0.06,0.21,0.06,-0.00,8.62,0.28,0.17,3128.95,-0.00,0.00,-0.00,-0.00,0.00,-0.00,8.00
24048.00,0.20,-0.06,0.14,0.06,-0.00,-8.35,0.28,0.17,-2120.80,-0.00,0.00,-0.00,-0.00,-0.01,0.00,5.00
24053.00,0.20,-0.06,0.15,0.06,-0.00,2.46,0.28,0.17,2160.07,-0.00,0.00,-0.00,-0.00,-0.01,0.00,7.00
24060.00,0.20,-0.06,0.23,0.06,-0.00,10.69,0.28,0.17,1176.04,-0.00,0.00,-0.00,-0.00,-0.00,-0.00,8.00
24068.00,0.20,-0.06,0.19,0.06,-0.00,-4.44,0.28,0.17,-1891.21,-0.00,0.00,-0.00,0.00,0.00,-0.01,5.00
24073.00,0.20,-0.06,0.17,0.06,-0.00,-3.18,0.28,0.17,253.40,-0.00,0.00,-0.00,0.00,0.00,-0.01,18.00
24091.00,0.20,-0.06,0.20,0.06,-0.00,1.22,0.28,0.17,243.91,-0.00,0.00,-0.00,0.00,0.00,-0.01,9.00
24105.00,0.20,-0.06,0.14,0.06,-0.00,-3.94,0.28,0.17,-368.47,-0.00,0.00,-0.00,0.00,-0.00,-0.01,8.00
24113.00,0.20,-0.06,0.17,0.06,-0.00,3.14,0.28,0.17,885.25,-0.00,0.00,-0.00,0.00,-0.00,-0.00,7.00
24120.00,0.20,-0.06,0.20,0.06,-0.00,4.54,0.28,0.17,200.38,-0.00,0.00,-0.00,0.00,0.00,-0.00,8.00
24128.00,0.20,-0.06,0.04,0.06,-0.00,-19.25,0.28,0.17,-2973.28,-0.00,0.00,-0.00,0.01,0.00,-0.00,5.00
24133.00,0.20,-0.06,0.18,0.06,-0.00,26.62,0.28,0.17,9173.96,-0.00,0.00,-0.00,0.00,0.00,-0.00,8.00
24141.00,0.20,-0.06,0.21,0.06,-0.00,4.11,0.28,0.17,-2813.77,-0.00,0.00,-0.00,0.00,0.00,-0.00,9.00
24150.00,0.20,-0.06,0.20,0.06,-0.00,-1.01,0.28,0.17,-569.70,-0.00,0.00,-0.00,0.00,0.00,-0.00,6.00
24156.00,0.20,-0.06,0.23,0.06,-0.00,4.59,0.28,0.17,933.84,-0.00,0.00,-0.00,0.00,0.00,-0.00,6.00
24162.00,0.19,-0.07,0.20,-0.06,-0.03,-4.06,-0.55,-0.14,-1441.07,-0.00,0.00,-0.00,0.00,0.00,-0.00,8.00
24170.00,0.19,-0.07,0.33,-0.06,-0.03,15.35,-0.55,-0.14,2426.25,-0.00,0.00,-0.00,0.00,0.01,-0.01,8.00
24183.00,0.19,-0.07,0.33,-0.06,-0.03,-0.00,-0.55,-0.14,-1181.29,-0.00,0.00,-0.00,0.00,0.00,-0.01,19.00
24202.00,0.19,-0.07,0.15,-0.06,-0.03,-9.08,-0.55,-0.14,-477.88,-0.00,0.00,-0.00,0.01,-0.00,-0.01,6.00
24208.00,0.19,-0.07,0.18,-0.06,-0.03,4.11,-0.55,-0.14,2199.32,-0.00,0.00,-0.00,0.01,-0.01,-0.01,5.00
24213.00,0.19,-0.07,0.28,-0.06,-0.03,20.71,-0.55,-0.14,3318.49,-0.00,0.00,-0.00,0.01,-0.01,-0.01,8.00
24221.00,0.19,-0.07,0.17,-0.06,-0.03,-13.51,-0.55,-0.14,-4277.13,-0.00,0.00,-0.00,0.00,0.00,0.00,4.00
24225.00,0.19,-0.07,0.29,-0.06,-0.03,28.21,-0.55,-0.14,10429.62,-0.00,0.00,-0.00,0.00,-0.00,-0.00,7.00
24232.00,0.19,-0.07,0.11,-0.06,-0.03,-25.25,-0.55,-0.14,-7637.24,-0.00,0.00,-0.00,0.01,-0.00,0.00,8.00
24240.00,0.19,-0.07,0.20,-0.06,-0.03,11.72,-0.55,-0.14,4622.28,-0.00,0.00,-0.00,-0.00,0.01,0.01,8.00
24248.00,0.19,-0.07,0.13,-0.06,-0.03,-9.40,-0.55,-0.14,-2640.24,-0.00,0.00,-0.00,0.00,0.01,0.00,5.00
24253.00,0.19,-0.07,0.16,-0.06,-0.03,5.67,-0.55,-0.14,3013.75,-0.00,0.00,-0.00,0.00,0.01,0.00,7.00
24265.00,0.19,-0.07,0.17,-0.06,-0.03,1.37,-0.55,-0.14,-358.40,-0.00,0.00,-0.00,-0.00,0.01,0.00,8.00
24273.00,0.19,-0.07,0.25,-0.06,-0.03,9.87,-0.55,-0.14,1062.97,-0.00,0.00,-0.00,-0.00,0.00,-0.00,8.00
24281.00,0.19,-0.07,0.18,-0.06,-0.03,-8.99,-0.55,-0.14,-2358.25,-0.00,0.00,-0.00,0.00,-0.00,-0.01,17.00
24298.00,0.19,-0.07,0.23,-0.06,-0.03,2.74,-0.55,-0.14,690.36,-0.00,0.00,-0.00,0.00,-0.01,-0.01,6.00
24304.00,0.19,-0.07,0.10,-0.06,-0.03,-21.78,-0.55,-0.14,-4087.21,-0.00,0.00,-0.00,0.00,-0.01,-0.01,7.00
24311.00,0.19,-0.07,0.24,-0.06,-0.03,21.11,-0.55,-0.14,6127.50,-0.00,0.00,-0.00,0.00,-0.01,-0.00,8.00
24319.00,0.19,-0.07,0.15,-0.06,-0.03,-12.29,-0.55,-0.14,-4176.09,-0.00,0.00,-0.00,-0.00,-0.01,0.00,5.00
24324.00,0.19,-0.07,0.23,-0.06,-0.03,16.20,-0.55,-0.14,5699.41,-0.00,0.00,-0.00,-0.00,-0.01,0.00,8.00
24332.00,0.19,-0.07,0.19,-0.06,-0.03,-4.14,-0.55,-0.14,-2543.39,-0.00,0.00,-0.00,-0.00,-0.01,0.00,8.00
24340.00,0.19,-0.07,0.20,-0.06,-0.03,0.83,-0.55,-0.14,621.36,-0.00,0.00,-0.00,-0.00,-0.00,0.00,8.00
24353.00,0.19,-0.07,0.22,-0.06,-0.03,1.13,-0.55,-0.14,23.37,-0.00,0.00,-0.00,-0.01,0.01,-0.00,7.00
24360.00,0.19,-0.07,0.23,-0.06,-0.03,2.69,-0.55,-0.14,223.27,-0.00,0.00,-0.00,-0.01,0.00,-0.00,5.00
24365.00,0.19,-0.07,0.15,0.00,0.00,-16.41,0.27,0.17,-3820.18,-0.00,0.00,-0.00,-0.00,0.00,-0.00,7.00
24372.00,0.19,-0.07,0.18,0.00,0.00,3.38,0.27,0.17,2827.09,-0.00,0.00,-0.00,-0.00,0.00,-0.00,9.00
24381.00,0.19,-0.07,0.09,0.00,0.00,-9.34,0.27,0.17,-1414.03,-0.00,0.00,-0.00,0.00,0.00,-0.00,16.00
24397.00,0.19,-0.07,0.10,0.00,0.00,0.29,0.27,0.17,602.30,-0.00,0.00,-0.00,0.00,0.00,0.00,7.00
24404.00,0.19,-0.07,0.28,0.00,0.00,25.54,0.27,0.17,3606.75,-0.00,0.00,-0.00,0.00,0.00,0.00,7.00
24411.00,0.19,-0.07,0.10,0.00,0.00,-24.61,0.27,0.17,-7164.50,-0.00,0.00,-0.00,0.00,0.00,0.00,7.00
24418.00,0.19,-0.07,0.20,0.00,0.00,13.75,0.27,0.17,5481.03,-0.00,0.00,-0.00,0.00,-0.01,0.00,6.00
24424.00,0.19,-0.07,0.12,0.00,0.00,-13.96,0.27,0.17,-4618.54,-0.00,0.00,-0.00,0.00,-0.00,0.00,8.00
24437.00,0.19,-0.07,0.07,0.00,0.00,-3.28,0.27,0.17,821.29,-0.00,0.00,-0.00,0.00,0.00,-0.00,7.00
24444.00,0.19,-0.07,0.17,0.00,0.00,14.26,0.27,0.17,2505.75,-0.00,0.00,-0.00,0.00,0.01,-0.00,8.00
24452.00,0.19,-0.07,0.17,0.00,0.00,0.04,0.27,0.17,-1777.52,-0.00,0.00,-0.00,0.01,0.01,-0.00,5.00
24457.00,0.19,-0.07,0.26,0.00,0.00,17.89,0.27,0.17,3570.40,-0.00,0.00,-0.00,0.00,0.01,-0.00,6.00
24463.00,0.19,-0.07,0.16,0.00,0.00,-16.72,0.27,0.17,-5768.94,-0.00,0.00,-0.00,0.00,0.01,-0.00,9.00
24472.00,0.19,-0.07,0.21,0.00,0.00,5.15,0.27,0.17,2430.48,-0.00,0.00,-0.00,-0.00,0.01,-0.00,8.00
24480.00,0.19,-0.07,0.17,0.00,0.00,-4.53,0.27,0.17,-1209.94,-0.00,0.00,-0.00,-0.00,0.00,-0.00,16.00
24496.00,0.19,-0.07,0.21,0.00,0.00,2.59,0.27,0.17,444.62,-0.00,0.00,-0.00,0.00,-0.01,0.00,7.00
24503.00,0.19,-0.07,0.31,0.00,0.00,14.06,0.27,0.17,1639.28,-0.00,0.00,-0.00,0.00,-0.01,0.00,6.00
24509.00,0.19,-0.07,0.22,0.00,0.00,-14.76,0.27,0.17,-4803.25,-0.00,0.00,-0.00,0.00,-0.01,0.00,6.00
24525.00,0.19,-0.07,0.23,0.00,0.00,0.62,0.27,0.17,960.95,-0.00,0.00,-0.00,-0.00,-0.01,-0.00,8.00
24533.00,0.19,-0.07,0.32,0.00,0.00,10.57,0.27,0.17,1243.84,-0.00,0.00,-0.00,-0.00,-0.01,-0.00,8.00
24541.00,0.19,-0.07,0.24,0.00,0.00,-9.94,0.27,0.17,-2564.10,-0.00,0.00,-0.00,0.00,-0.00,-0.00,8.00
24549.00,0.19,-0.07,0.19,0.00,0.00,-6.21,0.27,0.17,466.29,-0.00,0.00,-0.00,0.00,0.00,-0.00,5.00
24554.00,0.19,-0.07,0.26,0.00,0.00,13.89,0.27,0.17,4019.99,-0.00,0.00,-0.00,0.00,0.00,-0.00,7.00
24561.00,0.19,-0.07,0.35,0.00,0.00,13.25,0.27,0.17,-90.47,-0.00,0.00,-0.00,-0.00,-0.00,-0.00,8.00
24569.00,0.19,-0.08,0.21,0.00,-0.04,-17.89,0.00,-0.18,-3893.38,-0.00,0.00,-0.00,-0.00,0.00,-0.00,5.00
24574.00,0.19,-0.08,0.23,0.00,-0.04,4.00,0.00,-0.18,4378.09,-0.00,0.00,-0.00,-0.00,-0.00,-0.00,8.00
24582.00,0.19,-0.08,0.36,0.00,-0.04,16.90,0.00,-0.18,1612.88,-0.00,0.00,-0.00,0.00,-0.00,0.00,18.00
24600.00,0.19,-0.08,0.15,0.00,-0.04,-11.80,0.00,-0.18,-1594.25,-0.00,0.00,-0.00,0.00,-0.00,0.00,6.00
24611.00,0.19,-0.08,0.25,0.00,-0.04,8.78,0.00,-0.18,1870.72,-0.00,0.00,-0.00,0.00,-0.01,0.00,7.00
24618.00,0.19,-0.08,0.22,0.00,-0.04,-3.98,0.00,-0.18,-1822.37,-0.00,0.00,-0.00,0.00,0.00,-0.00,6.00
24624.00,0.19,-0.08,0.32,0.00,-0.04,16.33,0.00,-0.18,3383.94,-0.00,0.00,-0.00,0.00,0.00,-0.00,8.00
24632.00,0.19,-0.08,0.20,0.00,-0.04,-15.02,0.00,-0.18,-3918.46,-0.00,0.00,-0.00,0.00,0.01,-0.00,8.00
24640.00,0.19,-0.08,0.22,0.00,-0.04,3.47,0.00,-0.18,2311.13,-0.00,0.00,-0.00,0.00,0.01,-0.00,6.00
24646.00,0.19,-0.08,0.18,0.00,-0.04,-7.04,0.00,-0.18,-1752.19,-0.00,0.00,-0.00,0.00,0.01,-0.00,7.00
24653.00,0.19,-0.08,0.26,0.00,-0.04,11.04,0.00,-0.18,2583.12,-0.00,0.00,-0.00,0.00,0.00,-0.00,6.00
24659.00,0.19,-0.08,0.25,0.00,-0.04,-1.66,0.00,-0.18,-2116.10,-0.00,0.00,-0.00,0.00,0.01,0.00,5.00
24664.00,0.19,-0.08,0.17,0.00,-0.04,-16.44,0.00,-0.18,-2955.83,-0.00,0.00,-0.00,0.00,0.01,0.00,8.00
24672.00,0.19,-0.08,0.29,0.00,-0.04,15.30,0.00,-0.18,3967.24,-0.00,0.00,-0.00,0.00,0.01,0.00,9.00
24685.00,0.19,-0.08,0.32,0.00,-0.04,2.03,0.00,-0.18,-1020.47,-0.00,0.00,-0.00,-0.00,0.00,0.00,18.00
24703.00,0.19,-0.08,0.23,0.00,-0.04,-5.02,0.00,-0.18,-392.07,-0.00,0.00,-0.00,0.00,0.00,-0.00,6.00
24709.00,0.19,-0.08,0.26,0.00,-0.04,5.71,0.00,-0.18,1788.05,-0.00,0.00,-0.00,0.00,-0.00,-0.00,5.00
24714.00,0.19,-0.08,0.24,0.00,-0.04,-3.64,0.00,-0.18,-1868.71,-0.00,0.00,-0.00,0.00,-0.00,-0.00,9.00
24723.00,0.19,-0.08,0.24,0.00,-0.04,0.27,0.00,-0.18,434.22,-0.00,0.00,-0.00,0.00,-0.01,-0.01,8.00
24731.00,0.19,-0.08,0.24,0.00,-0.04,-1.00,0.00,-0.18,-158.40,-0.00,0.00,-0.00,0.00,-0.00,-0.00,7.00
24738.00,0.19,-0.08,0.25,0.00,-0.04,1.78,0.00,-0.18,397.26,-0.00,0.00,-0.00,0.00,0.00,-0.00,6.00
24744.00,0.19,-0.08,0.20,0.00,-0.04,-8.05,0.00,-0.18,-1638.94,-0.00,0.00,-0.00,0.00,0.00,-0.00,9.00
24753.00,0.19,-0.08,0.15,0.00,-0.04,-5.87,0.00,-0.18,242.33,-0.00,0.00,-0.00,0.00,0.00,0.00,5.00
24758.00,0.19,-0.08,0.24,0.00,-0.04,19.21,0.00,-0.18,5016.29,-0.00,0.00,-0.00,0.00,0.00,0.00,6.00
24769.00,0.19,-0.08,0.24,0.00,0.00,0.07,0.00,0.19,-1740.27,-0.00,0.00,-0.00,-0.00,0.00,0.00,7.00
24776.00,0.19,-0.08,0.20,0.00,0.00,-5.95,0.00,0.19,-859.42,-0.00,0.00,-0.00,-0.00,0.00,0.00,7.00
24783.00,0.19,-0.08,0.20,0.00,0.00,-0.38,0.00,0.19,795.48,-0.00,0.00,-0.00,0.00,-0.00,0.00,19.00
24802.00,0.19,-0.08,0.27,0.00,0.00,3.60,0.00,0.19,209.29,-0.00,0.00,-0.00,-0.00,0.00,-0.00,5.00
24807.00,0.19,-0.08,0.13,0.00,0.00,-27.95,0.00,0.19,-6310.30,-0.00,0.00,-0.00,0.00,-0.00,-0.00,7.00
24814.00,0.19,-0.08,0.23,0.00,0.00,14.98,0.00,0.19,6132.68,-0.00,0.00,-0.00,0.00,-0.00,-0.00,6.00
24820.00,0.19,-0.08,0.20,0.00,0.00,-5.59,0.00,0.19,-3427.98,-0.00,0.00,-0.00,0.00,0.00,-0.00,4.00
24824.00,0.19,-0.08,0.18,0.00,0.00,-4.77,0.00,0.19,205.11,-0.00,0.00,-0.00,0.00,0.00,-0.00,9.00
24833.00,0.19,-0.08,0.13,0.00,0.00,-5.18,0.00,0.19,-45.65,-0.00,0.00,-0.00,0.00,0.00,-0.00,8.00
24841.00,0.19,-0.08,0.08,0.00,0.00,-6.43,0.00,0.19,-156.11,-0.00,0.00,-0.00,0.00,0.00,0.00,6.00
24852.00,0.19,-0.08,0.15,0.00,0.00,5.63,0.00,0.19,1096.10,-0.00,0.00,-0.00,-0.00,0.01,0.00,6.00
24858.00,0.19,-0.08,0.18,0.00,0.00,5.60,0.00,0.19,-4.33,-0.00,0.00,-0.00,-0.00,0.00,0.00,6.00
24864.00,0.19,-0.08,0.19,0.00,0.00,1.96,0.00,0.19,-605.74,-0.00,0.00,-0.00,-0.00,0.00,-0.00,9.00
24873.00,0.19,-0.08,0.29,0.00,0.00,10.97,0.00,0.19,1000.16,-0.00,0.00,-0.00,0.00,0.00,-0.00,8.00
24881.00,0.19,-0.08,0.17,0.00,0.00,-14.44,0.00,0.19,-3175.67,-0.00,0.00,-0.00,0.00,-0.00,-0.00,16.00
24898.00,0.19,-0.08,0.05,0.00,0.00,-7.48,0.00,0.19,409.09,-0.00,0.00,-0.00,0.00,-0.00,-0.00,6.00
24904.00,0.19,-0.08,0.20,0.00,0.00,26.01,0.00,0.19,5581.86,-0.00,0.00,-0.00,0.00,-0.00,-0.00,6.00
24910.00,0.19,-0.08,0.23,0.00,0.00,4.48,0.00,0.19,-3588.29,-0.00,0.00,-0.00,0.00,-0.00,-0.00,6.00
24916.00,0.19,-0.08,0.26,0.00,0.00,4.33,0.00,0.19,-24.33,-0.00,0.00,-0.00,0.00,-0.00,-0.00,6.00
24922.00,0.19,-0.08,0.44,0.00,0.00,31.00,0.00,0.19,4445.34,-0.00,0.00,-0.00,0.00,0.00,0.00,4.00
24931.00,0.19,-0.08,0.27,0.00,0.00,-19.23,0.00,0.19,-5581.78,-0.00,0.00,-0.00,0.00,0.00,0.00,7.00
24938.00,0.19,-0.08,0.29,0.00,0.00,3.20,0.00,0.19,3205.14,-0.00,0.00,-0.00,-0.00,0.00,0.00,6.00
24944.00,0.19,-0.08,0.21,0.00,0.00,-13.87,0.00,0.19,-2844.76,-0.00,0.00,-0.00,-0.00,0.00,0.00,9.00
24953.00,0.19,-0.08,0.23,0.00,0.00,2.73,0.00,0.19,1844.45,-0.00,0.00,-0.00,0.00,0.00,-0.00,5.00
24958.00,0.19,-0.08,0.19,0.00,0.00,-9.31,0.00,0.19,-2408.81,-0.00,0.00,-0.00,0.00,0.00,-0.00,7.00
24965.00,0.19,-0.08,0.19,0.00,0.00,1.23,0.00,0.19,1504.99,-0.00,0.00,-0.00,0.00,0.00,-0.00,8.00
24973.00,0.20,-0.09,0.20,0.05,-0.04,0.42,0.27,-0.21,-100.44,-0.00,0.00,-0.00,0.00,0.00,-0.01,17.00
24990.00,0.20,-0.09,0.26,0.05,-0.04,3.53,0.27,-0.21,183.12,-0.00,0.00,-0.00,-0.00,-0.00,-0.00,6.00
24996.00,0.20,-0.09,0.21,0.05,-0.04,-7.56,0.27,-0.21,-1849.76,-0.00,0.00,-0.00,-0.00,-0.00,-0.00,8.00
25004.00,0.20,-0.09,0.17,0.05,-0.04,-5.60,0.27,-0.21,245.29,-0.00,0.00,-0.00,0.00,0.00,0.00,5.00
25014.00,0.20,-0.09,0.14,0.05,-0.04,-3.14,0.27,-0.21,246.22,-0.00,0.00,-0.00,0.00,0.00,0.00,10.00
25024.00,0.20,-0.09,0.18,0.05,-0.04,4.66,0.27,-0.21,779.77,-0.00,0.00,-0.00,-0.00,0.00,0.01,8.00
25032.00,0.20,-0.09,0.22,0.05,-0.04,4.49,0.27,-0.21,-20.50,-0.00,0.00,-0.00,-0.00,0.00,0.00,6.00
25038.00,0.20,-0.09,0.22,0.05,-0.04,0.19,0.27,-0.21,-716.66,-0.00,0.00,-0.00,-0.00,0.00,-0.00,6.00
25044.00,0.20,-0.09,0.21,0.05,-0.04,-1.16,0.27,-0.21,-225.32,-0.00,0.00,-0.00,-0.00,-0.00,-0.00,9.00
25053.00,0.20,-0.09,0.20,0.05,-0.04,-1.75,0.27,-0.21,-66.31,-0.00,0.00,-0.00,0.00,-0.00,-0.00,6.00
25059.00,0.20,-0.09,0.25,0.05,-0.04,8.90,0.27,-0.21,1774.90,-0.00,0.00,-0.00,0.01,-0.00,-0.01,6.00
25065.00,0.20,-0.09,0.16,0.05,-0.04,-14.27,0.27,-0.21,-3861.28,-0.00,0.00,-0.00,0.01,-0.00,-0.01,8.00
25073.00,0.20,-0.09,0.30,0.05,-0.04,16.66,0.27,-0.21,3867.05,-0.00,0.00,-0.00,0.00,-0.00,-0.00,18.00
25091.00,0.20,-0.09,0.17,0.05,-0.04,-7.26,0.27,-0.21,-1328.93,-0.00,0.00,-0.00,0.00,-0.01,-0.00,5.00
25101.00,0.20,-0.09,0.13,0.05,-0.04,-4.19,0.27,-0.21,306.58,-0.00,0.00,-0.00,0.00,-0.01,0.00,7.00
25108.00,0.20,-0.09,0.19,0.05,-0.04,8.68,0.27,-0.21,1838.88,-0.00,0.00,-0.00,0.00,-0.01,0.00,6.00
25114.00,0.20,-0.09,0.27,0.05,-0.04,13.98,0.27,-0.21,883.26,-0.00,0.00,-0.00,0.00,-0.01,0.00,9.00
25123.00,0.20,-0.09,0.20,0.05,-0.04,-7.86,0.27,-0.21,-2427.22,-0.00,0.00,-0.00,0.00,-0.00,-0.00,7.00
25130.00,0.20,-0.09,0.23,0.05,-0.04,3.90,0.27,-0.21,1680.50,-0.00,0.00,-0.00,0.00,-0.00,-0.00,6.00
25136.00,0.20,-0.09,0.11,0.05,-0.04,-20.00,0.27,-0.21,-3983.89,-0.00,0.00,-0.00,0.00,-0.00,-0.00,8.00
25144.00,0.20,-0.09,0.25,0.05,-0.04,18.38,0.27,-0.21,4798.29,-0.00,0.00,-0.00,0.00,-0.00,-0.01,8.00
25152.00,0.20,-0.09,0.26,0.05,-0.04,1.13,0.27,-0.21,-2156.04,-0.00,0.00,-0.00,0.00,-0.01,-0.01,5.00
25157.00,0.20,-0.09,0.17,0.05,-0.04,-18.85,0.27,-0.21,-3996.83,-0.00,0.00,-0.00,-0.00,-0.01,-0.01,7.00
25164.00,0.20,-0.09,0.17,0.05,-0.04,0.25,0.27,-0.21,2728.50,-0.00,0.00,-0.00,-0.00,-0.01,-0.00,9.00
25182.00,0.19,-0.09,0.14,-0.05,-0.03,-1.45,-0.52,0.05,-94.38,-0.00,0.00,-0.00,0.00,-0.01,-0.00,16.00
25198.00,0.19,-0.09,0.12,-0.05,-0.03,-1.46,-0.52,0.05,-0.96,-0.00,0.00,-0.00,-0.00,-0.02,-0.01,7.00
25205.00,0.19,-0.09,0.12,-0.05,-0.03,0.31,-0.52,0.05,253.24,-0.00,0.00,-0.00,-0.00,-0.02,-0.01,6.00
25211.00,0.19,-0.09,0.14,-0.05,-0.03,3.18,-0.52,0.05,479.54,-0.00,0.00,-0.00,-0.01,-0.01,-0.01,5.00
25216.00,0.19,-0.09,0.15,-0.05,-0.03,0.60,-0.52,0.05,-517.60,-0.00,0.00,-0.00,-0.00,-0.01,-0.01,8.00
25224.00,0.19,-0.09,0.23,-0.05,-0.03,10.66,-0.52,0.05,1258.15,-0.00,0.00,-0.00,-0.00,-0.01,-0.01,8.00
25232.00,0.19,-0.09,0.19,-0.05,-0.03,-4.81,-0.52,0.05,-1934.02,-0.00,0.00,-0.00,0.00,-0.01,-0.01,5.00
25237.00,0.19,-0.09,0.27,-0.05,-0.03,15.90,-0.52,0.05,4141.14,-0.00,0.00,-0.00,0.00,-0.01,-0.01,8.00
25245.00,0.19,-0.09,0.19,-0.05,-0.03,-10.22,-0.52,0.05,-3264.85,-0.00,0.00,-0.00,0.00,-0.01,-0.01,9.00
25254.00,0.19,-0.09,0.12,-0.05,-0.03,-7.28,-0.52,0.05,327.23,-0.00,0.00,-0.00,-0.00,-0.01,-0.01,5.00
25264.00,0.19,-0.09,0.24,-0.05,-0.03,11.23,-0.52,0.05,1851.28,-0.00,0.00,-0.00,-0.00,-0.01,-0.01,9.00
25273.00,0.19,-0.09,0.25,-0.05,-0.03,2.02,-0.52,0.05,-1024.13,-0.00,0.00,-0.00,-0.00,-0.01,-0.00,6.00
25279.00,0.19,-0.09,0.23,-0.05,-0.03,-4.73,-0.52,0.05,-1124.99,-0.00,0.00,-0.00,0.00,-0.01,-0.01,16.00
25295.00,0.19,-0.09,0.19,-0.05,-0.03,-2.01,-0.52,0.05,170.11,-0.00,0.00,-0.00,0.00,-0.01,-0.00,9.00
25304.00,0.19,-0.09,0.17,-0.05,-0.03,-2.96,-0.52,0.05,-105.30,-0.00,0.00,-0.00,0.00,-0.01,-0.00,6.00
25310.00,0.19,-0.09,0.16,-0.05,-0.03,-1.11,-0.52,0.05,307.45,-0.00,0.00,-0.00,-0.00,-0.01,-0.01,6.00
25316.00,0.19,-0.09,0.22,-0.05,-0.03,10.19,-0.52,0.05,1884.67,-0.00,0.00,-0.00,-0.00,-0.01,-0.01,8.00
25324.00,0.19,-0.09,0.22,-0.05,-0.03,0.20,-0.52,0.05,-1249.18,-0.00,-0.00,-0.00,-0.00,-0.01,-0.01,8.00
25332.00,0.19,-0.09,0.16,-0.05,-0.03,-8.38,-0.52,0.05,-1072.03,-0.00,-0.00,-0.00,-0.00,-0.01,-0.01,5.00
25337.00,0.19,-0.09,0.15,-0.05,-0.03,-2.16,-0.52,0.05,1242.44,-0.00,-0.00,-0.00,-0.00,-0.01,-0.01,8.00
25350.00,0.19,-0.09,0.29,-0.05,-0.03,11.47,-0.52,0.05,1048.99,-0.00,-0.00,-0.00,-0.00,-0.01,-0.00,7.00
25357.00,0.19,-0.09,0.15,-0.05,-0.03,-20.14,-0.52,0.05,-4515.62,-0.00,-0.00,-0.00,-0.00,-0.01,-0.00,7.00
25364.00,0.19,-0.09,0.19,-0.05,-0.03,5.21,-0.52,0.05,3620.48,-0.00,-0.00,-0.00,-0.00,-0.01,-0.00,6.00
25370.00,0.19,-0.09,0.22,-0.05,-0.03,4.12,-0.52,0.05,-181.68,-0.00,-0.00,-0.00,-0.00,-0.01,-0.00,6.00
25376.00,0.19,-0.09,0.14,-0.05,-0.03,-13.23,-0.52,0.05,-2891.09,-0.00,-0.00,-0.00,-0.00,-0.01,-0.00,18.00
25394.00,0.19,-0.10,0.09,0.00,-0.04,-2.42,0.25,-0.02,600.26,-0.00,-0.00,-0.00,0.00,-0.00,-0.00,7.00
25401.00,0.19,-0.10,0.49,0.00,-0.04,56.23,0.25,-0.02,8379.63,-0.00,-0.00,-0.00,-0.00,-0.01,-0.00,5.00
25406.00,0.19,-0.10,0.22,0.00,-0.04,-52.75,0.25,-0.02,-21796.41,-0.00,-0.00,-0.00,-0.00,-0.01,-0.00,6.00
25412.00,0.19,-0.10,0.23,0.00,-0.04,1.21,0.25,-0.02,8993.83,-0.00,-0.00,-0.00,-0.00,-0.00,-0.00,5.00
25417.00,0.19,-0.10,0.15,0.00,-0.04,-16.81,0.25,-0.02,-3604.44,-0.00,-0.00,-0.00,-0.00,-0.00,-0.00,8.00
25430.00,0.19,-0.10,0.22,0.00,-0.04,5.81,0.25,-0.02,1739.49,-0.00,-0.00,-0.00,-0.00,-0.00,-0.00,7.00
25437.00,0.19,-0.10,0.17,0.00,-0.04,-7.03,0.25,-0.02,-1834.00,-0.00,-0.00,-0.00,0.00,-0.00,-0.00,8.00
25445.00,0.19,-0.10,0.22,0.00,-0.04,6.50,0.25,-0.02,1691.78,-0.00,-0.00,-0.00,0.00,-0.01,-0.00,8.00
25453.00,0.19,-0.10,0.25,0.00,-0.04,2.79,0.25,-0.02,-464.09,-0.00,-0.00,-0.00,0.00,-0.00,0.00,5.00
25458.00,0.19,-0.10,0.23,0.00,-0.04,-3.39,0.25,-0.02,-1235.19,-0.00,-0.00,-0.00,0.00,-0.00,0.00,7.00
25465.00,0.19,-0.10,0.22,0.00,-0.04,-1.74,0.25,-0.02,235.77,-0.00,-0.00,-0.00,-0.00,0.00,0.00,8.00
25473.00,0.19,-0.10,0.23,0.00,-0.04,2.24,0.25,-0.02,497.35,-0.00,-0.00,-0.00,0.00,0.00,0.00,6.00
25479.00,0.19,-0.10,0.13,0.00,-0.04,-16.83,0.25,-0.02,-3179.09,-0.00,-0.00,-0.00,0.00,-0.00,0.00,7.00
25486.00,0.19,-0.10,0.18,0.00,-0.04,5.99,0.25,-0.02,3260.61,-0.00,-0.00,-0.00,0.00,-0.00,0.00,19.00
25505.00,0.19,-0.10,0.25,0.00,-0.04,3.93,0.25,-0.02,-108.65,-0.00,-0.00,-0.00,0.00,0.00,-0.00,6.00
25516.00,0.19,-0.10,0.19,0.00,-0.04,-5.20,0.25,-0.02,-829.65,-0.00,-0.00,-0.00,-0.00,0.00,-0.00,9.00
25525.00,0.19,-0.10,0.19,0.00,-0.04,0.03,0.25,-0.02,580.70,-0.00,-0.00,-0.00,-0.00,0.00,0.00,9.00
25534.00,0.19,-0.10,0.26,0.00,-0.04,7.13,0.25,-0.02,789.19,-0.00,-0.00,-0.00,-0.00,0.00,0.00,7.00
25541.00,0.19,-0.10,0.10,0.00,-0.04,-21.86,0.25,-0.02,-4140.96,-0.00,-0.00,-0.00,-0.00,0.00,0.00,6.00
25547.00,0.19,-0.10,0.19,0.00,-0.04,14.94,0.25,-0.02,6133.51,-0.00,-0.00,-0.00,0.00,0.00,0.01,8.00
25555.00,0.19,-0.10,0.12,0.00,-0.04,-9.28,0.25,-0.02,-3028.70,-0.00,-0.00,-0.00,-0.00,0.00,0.01,6.00
25561.00,0.19,-0.10,0.12,0.00,-0.04,-0.28,0.25,-0.02,1501.58,-0.00,-0.00,-0.00,-0.00,0.00,0.00,7.00
25568.00,0.19,-0.10,0.17,0.00,-0.04,8.05,0.25,-0.02,1189.18,-0.00,-0.00,-0.00,-0.00,0.00,0.00,7.00
25575.00,0.19,-0.10,0.16,0.00,-0.04,-1.59,0.25,-0.02,-1376.45,-0.00,-0.00,-0.00,-0.00,-0.00,0.00,18.00
25593.00,0.19,-0.10,0.08,0.00,-0.04,-4.37,0.25,-0.02,-154.56,-0.00,-0.00,-0.00,-0.00,0.00,0.00,5.00
25603.00,0.19,-0.10,0.19,0.00,0.00,10.60,0.00,0.17,1496.95,-0.00,-0.00,-0.00,0.00,0.00,0.00,7.00
25610.00,0.19,-0.10,0.23,0.00,0.00,5.41,0.00,0.17,-741.73,-0.00,-0.00,-0.00,0.00,0.00,0.00,6.00
25616.00,0.19,-0.10,0.19,0.00,0.00,-6.41,0.00,0.17,-1970.09,-0.00,-0.00,-0.00,0.00,0.01,0.00,9.00
25625.00,0.19,-0.10,0.26,0.00,0.00,7.76,0.00,0.17,1574.69,-0.00,-0.00,-0.00,0.00,0.01,0.00,8.00
25633.00,0.19,-0.10,0.19,0.00,0.00,-8.14,0.00,0.17,-1987.35,-0.00,-0.00,-0.00,0.00,0.01,0.00,5.00
25638.00,0.19,-0.10,0.16,0.00,0.00,-6.78,0.00,0.17,271.14,-0.00,-0.00,-0.00,0.00,0.01,0.00,8.00
25646.00,0.19,-0.10,0.14,0.00,0.00,-3.22,0.00,0.17,445.72,-0.00,-0.00,-0.00,0.00,0.01,0.00,8.00
25654.00,0.19,-0.10,0.21,0.00,0.00,8.85,0.00,0.17,1507.73,-0.00,-0.00,-0.00,0.00,0.00,0.00,5.00
25659.00,0.19,-0.10,0.26,0.00,0.00,10.62,0.00,0.17,355.90,-0.00,-0.00,-0.00,0.00,0.00,0.00,7.00
25666.00,0.19,-0.10,0.18,0.00,0.00,-11.53,0.00,0.17,-3165.06,-0.00,-0.00,-0.00,0.01,0.00,0.00,9.00
25680.00,0.19,-0.10,0.20,0.00,0.00,1.60,0.00,0.17,938.27,-0.00,-0.00,-0.00,-0.00,0.00,0.00,17.00
25697.00,0.19,-0.10,0.16,0.00,0.00,-2.46,0.00,0.17,-239.35,-0.00,-0.00,-0.00,-0.00,0.00,0.00,9.00
25706.00,0.19,-0.10,0.20,0.00,0.00,4.69,0.00,0.17,795.03,-0.00,-0.00,-0.00,-0.00,-0.00,0.00,5.00
25711.00,0.19,-0.10,0.20,0.00,0.00,-0.98,0.00,0.17,-1134.62,-0.00,-0.00,-0.00,-0.00,-0.00,-0.00,6.00
25717.00,0.19,-0.10,0.21,0.00,0.00,2.82,0.00,0.17,634.02,-0.00,-0.00,-0.00,-0.00,0.00,-0.00,7.00
25724.00,0.19,-0.10,0.23,0.00,0.00,2.49,0.00,0.17,-47.11,-0.00,-0.00,-0.00,-0.00,0.00,-0.00,5.00
25729.00,0.19,-0.10,0.19,0.00,0.00,-8.51,0.00,0.17,-2201.08,-0.00,-0.00,-0.00,-0.00,-0.00,-0.00,7.00
25736.00,0.19,-0.10,0.10,0.00,0.00,-12.94,0.00,0.17,-632.16,-0.00,-0.00,-0.00,-0.00,-0.00,0.00,9.00
25745.00,0.19,-0.10,0.10,0.00,0.00,0.07,0.00,0.17,1445.32,-0.00,-0.00,-0.00,-0.00,0.00,0.00,7.00
25752.00,0.19,-0.10,0.23,0.00,0.00,18.97,0.00,0.17,2700.37,-0.00,-0.00,-0.00,-0.00,0.00,0.00,6.00
25763.00,0.19,-0.10,0.22,0.00,0.00,-0.81,0.00,0.17,-1798.18,-0.00,-0.00,-0.00,0.00,0.00,0.00,6.00
25769.00,0.19,-0.10,0.23,0.00,0.00,1.22,0.00,0.17,338.47,-0.00,-0.00,-0.00,0.00,0.00,0.00,7.00
25776.00,0.19,-0.10,0.27,0.00,0.00,5.31,0.00,0.17,584.25,-0.00,-0.00,-0.00,0.00,0.00,0.00,18.00
25794.00,0.19,-0.10,0.12,0.00,0.00,-8.33,0.00,0.17,-758.07,-0.00,-0.00,-0.00,0.00,0.00,0.00,6.00
25800.00,0.19,-0.10,0.22,0.00,0.00,16.39,0.00,0.17,4121.01,-0.00,-0.00,-0.00,0.00,0.00,0.00,7.00
25807.00,0.19,-0.11,0.21,0.00,-0.04,-0.42,0.00,-0.18,-2401.46,-0.00,-0.00,-0.00,0.00,0.00,0.00,6.00
25813.00,0.19,-0.11,0.15,0.00,-0.04,-10.50,0.00,-0.18,-1680.59,-0.00,-0.00,-0.00,0.00,0.00,-0.00,5.00
25818.00,0.19,-0.11,0.23,0.00,-0.04,15.38,0.00,-0.18,5176.13,-0.00,-0.00,-0.00,0.00,0.00,-0.00,8.00
25826.00,0.19,-0.11,0.27,0.00,-0.04,5.82,0.00,-0.18,-1195.40,-0.00,-0.00,-0.00,0.00,-0.00,0.00,8.00
25834.00,0.19,-0.11,0.21,0.00,-0.04,-7.46,0.00,-0.18,-1660.23,-0.00,-0.00,-0.00,0.00,-0.00,-0.00,7.00
25850.00,0.19,-0.11,0.21,0.00,-0.04,-0.03,0.00,-0.18,464.70,-0.00,-0.00,-0.00,-0.00,-0.00,-0.00,8.00
25858.00,0.19,-0.11,0.17,0.00,-0.04,-4.79,0.00,-0.18,-595.59,-0.00,-0.00,-0.00,-0.00,-0.00,-0.00,7.00
25865.00,0.19,-0.11,0.14,0.00,-0.04,-5.00,0.00,-0.18,-28.88,-0.00,-0.00,-0.00,0.00,-0.01,-0.00,6.00
25871.00,0.19,-0.11,0.18,0.00,-0.04,6.68,0.00,-0.18,1945.44,-0.00,-0.00,-0.00,0.00,-0.00,-0.00,6.00
25877.00,0.19,-0.11,0.23,0.00,-0.04,9.04,0.00,-0.18,394.09,-0.00,-0.00,-0.00,0.00,-0.00,-0.00,19.00
25896.00,0.19,-0.11,0.15,0.00,-0.04,-4.57,0.00,-0.18,-716.58,-0.00,-0.00,-0.00,-0.00,0.00,0.00,7.00
25903.00,0.19,-0.11,0.15,0.00,-0.04,0.55,0.00,-0.18,731.47,-0.00,-0.00,-0.00,-0.01,0.00,-0.00,5.00
25908.00,0.19,-0.11,0.12,0.00,-0.04,-5.45,0.00,-0.18,-1199.41,-0.00,-0.00,-0.00,-0.01,0.00,-0.00,7.00
25915.00,0.19,-0.11,0.05,0.00,-0.04,-10.43,0.00,-0.18,-711.83,-0.00,-0.00,-0.00,-0.01,-0.01,-0.00,6.00
25921.00,0.19,-0.11,0.25,0.00,-0.04,32.74,0.00,-0.18,7194.74,-0.00,-0.00,-0.00,-0.00,-0.01,-0.00,7.00
25933.00,0.19,-0.11,0.08,0.00,-0.04,-14.05,0.00,-0.18,-3898.38,-0.00,-0.00,-0.00,0.00,-0.01,-0.00,7.00
25940.00,0.19,-0.11,0.20,0.00,-0.04,17.52,0.00,-0.18,4508.65,-0.00,-0.00,-0.00,0.00,-0.01,-0.00,7.00
25947.00,0.19,-0.11,0.25,0.00,-0.04,6.86,0.00,-0.18,-1522.43,-0.00,-0.00,-0.00,0.00,-0.01,-0.00,8.00
25955.00,0.19,-0.11,0.16,0.00,-0.04,-11.17,0.00,-0.18,-2252.94,-0.00,-0.00,-0.00,0.00,-0.01,-0.01,6.00
25961.00,0.19,-0.11,0.30,0.00,-0.04,23.01,0.00,-0.18,5696.47,-0.00,-0.00,-0.00,0.00,-0.01,-0.01,7.00
25968.00,0.19,-0.11,0.26,0.00,-0.04,-4.87,0.00,-0.18,-3983.38,-0.00,-0.00,-0.00,0.00,-0.01,-0.01,8.00
25976.00,0.19,-0.11,0.17,0.00,-0.04,-11.90,0.00,-0.18,-878.61,-0.00,-0.00,-0.00,0.00,-0.01,-0.00,18.00
25994.00,0.19,-0.11,0.26,0.00,-0.04,5.28,0.00,-0.18,954.47,-0.00,-0.00,-0.00,0.00,-0.00,-0.00,5.00
25999.00,0.19,-0.11,0.22,0.00,-0.04,-8.93,0.00,-0.18,-2842.48,-0.00,-0.00,-0.00,0.00,-0.01,-0.00,8.00
26007.00,0.19,-0.12,0.23,0.00,-0.04,1.63,0.00,-0.00,1320.40,-0.00,-0.00,-0.00,0.00,-0.01,-0.00,6.00
26018.00,0.19,-0.12,0.24,0.00,-0.04,0.43,0.00,-0.00,-108.98,-0.00,-0.00,-0.00,-0.01,-0.00,-0.01,9.00
26027.00,0.19,-0.12,0.20,0.00,-0.04,-4.32,0.00,-0.00,-528.65,-0.00,-0.00,-0.00,-0.00,-0.01,-0.01,9.00
26036.00,0.19,-0.12,0.24,0.00,-0.04,5.12,0.00,-0.00,1048.97,-0.00,-0.00,-0.00,-0.00,-0.01,-0.01,8.00
26044.00,0.19,-0.12,0.25,0.00,-0.04,1.10,0.00,-0.00,-502.56,-0.00,-0.00,-0.00,0.00,-0.01,-0.00,5.00
26049.00,0.19,-0.12,0.20,0.00,-0.04,-10.39,0.00,-0.00,-2297.24,-0.00,-0.00,-0.00,0.00,-0.01,-0.00,8.00
26057.00,0.19,-0.12,0.19,0.00,-0.04,-1.33,0.00,-0.00,1133.11,-0.00,-0.00,-0.00,0.00,-0.01,-0.00,6.00
26063.00,0.19,-0.12,0.26,0.00,-0.04,11.09,0.00,-0.00,2069.27,-0.00,-0.00,-0.00,-0.00,-0.01,-0.00,5.00
26068.00,0.19,-0.12,0.20,0.00,-0.04,-12.19,0.00,-0.00,-4656.14,-0.00,-0.00,-0.00,-0.00,-0.01,-0.00,9.00
26077.00,0.19,-0.12,0.17,0.00,-0.04,-2.33,0.00,-0.00,1096.01,-0.00,-0.00,-0.00,0.00,-0.01,0.00,9.00
26086.00,0.19,-0.12,0.14,0.00,-0.04,-4.05,0.00,-0.00,-191.98,-0.00,-0.00,-0.00,0.00,-0.01,-0.00,16.00
26107.00,0.19,-0.12,0.16,0.00,-0.04,1.30,0.00,-0.00,254.83,-0.00,-0.00,-0.00,0.00,-0.00,-0.00,7.00
26114.00,0.19,-0.12,0.10,0.00,-0.04,-9.23,0.00,-0.00,-1503.19,-0.00,-0.00,-0.00,0.00,-0.01,-0.01,5.00
26119.00,0.19,-0.12,0.15,0.00,-0.04,10.31,0.00,-0.00,3907.01,-0.00,-0.00,-0.00,0.00,-0.01,-0.01,8.00
26127.00,0.19,-0.12,0.20,0.00,-0.04,5.71,0.00,-0.00,-575.39,-0.00,-0.00,-0.00,0.00,-0.00,-0.00,9.00
26136.00,0.19,-0.12,0.13,0.00,-0.04,-7.05,0.00,-0.00,-1417.94,-0.00,-0.00,-0.00,0.00,-0.01,-0.01,6.00
26142.00,0.19,-0.12,0.07,0.00,-0.04,-10.83,0.00,-0.00,-628.97,-0.00,-0.00,-0.00,0.00,-0.01,-0.00,6.00
26148.00,0.19,-0.12,0.16,0.00,-0.04,15.06,0.00,-0.00,4315.32,-0.00,-0.00,-0.00,0.00,-0.01,-0.00,10.00
26158.00,0.19,-0.12,0.18,0.00,-0.04,1.73,0.00,-0.00,-1333.03,-0.00,-0.00,-0.00,0.00,-0.00,-0.00,5.00
26163.00,0.19,-0.12,0.14,0.00,-0.04,-7.11,0.00,-0.00,-1769.38,-0.00,-0.00,-0.00,0.00,-0.00,-0.00,6.00
26169.00,0.19,-0.12,0.19,0.00,-0.04,8.01,0.00,-0.00,2521.14,-0.00,-0.00,-0.00,-0.00,-0.00,-0.00,8.00
26182.00,0.19,-0.12,0.27,0.00,-0.04,6.14,0.00,-0.00,-144.01,-0.00,-0.00,-0.00,-0.00,-0.00,-0.00,17.00
26199.00,0.19,-0.12,0.23,0.00,-0.04,-2.35,0.00,-0.00,-499.45,-0.00,-0.00,-0.00,0.00,0.00,-0.00,9.00
26208.00,0.19,-0.12,0.23,0.00,-0.04,0.24,0.00,0.00,287.99,-0.00,-0.00,-0.00,0.00,-0.00,0.00,5.00
26213.00,0.19,-0.12,0.19,0.00,-0.04,-9.26,0.00,0.00,-1901.03,-0.00,-0.00,-0.00,0.00,-0.00,0.00,6.00
26219.00,0.19,-0.12,0.18,0.00,-0.04,-1.53,0.00,0.00,1289.47,-0.00,-0.00,-0.00,0.00,0.00,0.00,8.00
26227.00,0.19,-0.12,0.33,0.00,-0.04,19.15,0.00,0.00,2584.27,-0.00,-0.00,-0.00,-0.00,-0.00,-0.00,8.00
26235.00,0.19,-0.12,0.25,0.00,-0.04,-10.04,0.00,0.00,-3647.93,-0.00,-0.00,-0.00,-0.00,-0.00,0.00,5.00
26240.00,0.19,-0.12,0.22,0.00,-0.04,-5.15,0.00,0.00,977.47,-0.00,-0.00,-0.00,-0.00,0.00,0.00,8.00
26248.00,0.19,-0.12,0.15,0.00,-0.04,-8.83,0.00,0.00,-459.76,-0.00,-0.00,-0.00,-0.00,0.00,0.00,8.00
26256.00,0.19,-0.12,0.26,0.00,-0.04,13.34,0.00,0.00,2770.14,-0.00,-0.00,-0.00,0.00,0.00,0.00,6.00
26267.00,0.19,-0.12,0.35,0.00,-0.04,7.99,0.00,0.00,-486.31,-0.00,-0.00,-0.00,-0.00,0.00,0.01,10.00
26277.00,0.19,-0.12,0.24,0.00,-0.04,-10.69,0.00,0.00,-1868.02,-0.00,-0.00,-0.00,0.00,0.01,0.00,6.00
26283.00,0.19,-0.12,0.22,0.00,-0.04,-2.77,0.00,0.00,1320.65,-0.00,-0.00,-0.00,-0.00,0.00,0.00,17.00
26300.00,0.19,-0.12,0.24,0.00,-0.04,0.84,0.00,0.00,212.24,-0.00,-0.00,-0.00,0.00,0.00,0.00,8.00
26308.00,0.19,-0.12,0.27,0.00,-0.04,3.46,0.00,0.00,327.80,-0.00,-0.00,-0.00,0.00,0.00,0.00,5.00
26313.00,0.19,-0.12,0.21,0.00,-0.04,-11.25,0.00,0.00,-2941.75,-0.00,-0.00,-0.00,0.00,-0.00,0.00,6.00
26319.00,0.19,-0.12,0.15,0.00,-0.04,-9.46,0.00,0.00,298.26,-0.00,-0.00,-0.00,0.00,-0.00,0.00,8.00
26327.00,0.19,-0.12,0.27,0.00,-0.04,15.03,0.00,0.00,3060.69,-0.00,-0.00,-0.00,-0.00,0.00,0.00,8.00
26335.00,0.19,-0.12,0.33,0.00,-0.04,7.60,0.00,0.00,-928.53,-0.00,-0.00,-0.00,-0.00,0.01,0.01,5.00
26340.00,0.19,-0.12,0.26,0.00,-0.04,-13.84,0.00,0.00,-4287.94,-0.00,-0.00,-0.00,-0.00,0.01,0.01,8.00
26353.00,0.19,-0.12,0.22,0.00,-0.04,-3.57,0.00,0.00,790.24,-0.00,-0.00,-0.00,-0.00,0.01,0.00,8.00
26361.00,0.19,-0.12,0.25,0.00,-0.04,4.65,0.00,0.00,1026.92,-0.00,-0.00,-0.00,-0.00,0.00,0.00,6.00
26367.00,0.19,-0.12,0.28,0.00,-0.04,4.24,0.00,0.00,-67.87,-0.00,-0.00,-0.00,0.00,0.00,0.00,8.00
26375.00,0.19,-0.12,0.24,0.00,-0.04,-5.04,0.00,0.00,-1160.22,-0.00,-0.00,-0.00,0.00,0.01,0.00,5.00
26380.00,0.19,-0.12,0.30,0.00,-0.04,12.78,0.00,0.00,3564.16,-0.00,-0.00,-0.00,0.00,0.01,0.00,18.00
26398.00,0.19,-0.12,0.27,0.00,-0.04,-2.04,0.00,0.00,-823.12,-0.00,-0.00,-0.00,0.00,0.00,0.00,8.00
26406.00,0.19,-0.12,0.30,0.00,-0.04,3.57,0.00,0.00,700.95,-0.00,-0.00,-0.00,0.00,0.00,0.00,5.00
26411.00,0.19,-0.13,0.30,0.00,-0.04,0.79,0.00,0.00,-556.44,-0.00,-0.00,-0.00,0.00,0.00,0.00,8.00
26419.00,0.19,-0.13,0.33,0.00,-0.04,3.17,0.00,0.00,297.31,-0.00,-0.00,-0.00,0.00,0.00,0.00,8.00
26427.00,0.19,-0.13,0.24,0.00,-0.04,-10.94,0.00,0.00,-1762.79,-0.00,-0.00,-0.00,0.00,0.00,0.00,8.00
26440.00,0.19,-0.13,0.25,0.00,-0.04,1.03,0.00,0.00,920.41,-0.00,-0.00,-0.00,0.00,0.01,0.00,9.00
26449.00,0.19,-0.13,0.23,0.00,-0.04,-2.05,0.00,0.00,-341.64,-0.00,-0.00,-0.00,0.00,0.01,0.01,9.00
26458.00,0.19,-0.13,0.24,0.00,-0.04,0.83,0.00,0.00,319.35,-0.00,-0.00,-0.00,-0.00,0.01,0.00,5.00
26463.00,0.19,-0.13,0.31,0.00,-0.04,14.09,0.00,0.00,2651.64,-0.00,-0.00,-0.00,-0.00,0.01,0.00,7.00
26470.00,0.19,-0.13,0.28,0.00,-0.04,-3.81,0.00,0.00,-2557.12,-0.00,-0.00,-0.00,-0.00,0.01,0.00,8.00
26478.00,0.19,-0.13,0.34,0.00,-0.04,7.61,0.00,0.00,1427.78,-0.00,-0.00,-0.00,0.00,0.01,0.00,17.00
26495.00,0.19,-0.13,0.29,0.00,-0.04,-3.26,0.00,0.00,-639.56,-0.00,-0.00,-0.00,0.00,0.00,0.00,6.00
26501.00,0.19,-0.13,0.31,0.00,-0.04,2.70,0.00,0.00,994.10,-0.00,-0.00,-0.00,0.00,0.00,0.00,8.00
26509.00,0.19,-0.13,0.30,0.00,-0.04,-0.38,0.00,0.00,-384.74,-0.00,-0.00,-0.00,0.00,0.00,0.00,5.00
26514.00,0.19,-0.13,0.29,0.00,-0.04,-2.83,0.00,0.00,-490.51,-0.00,-0.00,-0.00,0.00,0.00,0.00,6.00
26529.00,0.19,-0.13,0.31,0.00,-0.04,1.31,0.00,0.00,275.69,-0.00,-0.00,-0.00,0.00,0.01,0.00,10.00
26539.00,0.19,-0.13,0.27,0.00,-0.04,-4.14,0.00,0.00,-544.72,-0.00,-0.00,-0.00,-0.00,0.01,0.00,8.00
26547.00,0.19,-0.13,0.32,0.00,-0.04,6.45,0.00,0.00,1323.54,-0.00,-0.00,-0.00,0.00,0.01,0.00,6.00
26553.00,0.19,-0.13,0.28,0.00,-0.04,-7.04,0.00,0.00,-2247.72,-0.00,-0.00,-0.00,0.00,0.01,0.00,6.00
26559.00,0.19,-0.13,0.29,0.00,-0.04,1.89,0.00,0.00,1487.45,-0.00,-0.00,-0.00,0.00,0.01,0.00,6.00
26565.00,0.19,-0.13,0.25,0.00,-0.04,-6.55,0.00,0.00,-1405.98,-0.00,-0.00,-0.00,0.00,0.00,0.00,5.00
26570.00,0.19,-0.13,0.27,0.00,-0.04,5.28,0.00,0.00,2365.38,-0.00,-0.00,-0.00,0.00,0.00,0.00,9.00
26579.00,0.19,-0.13,0.26,0.00,-0.04,-2.07,0.00,0.00,-815.87,-0.00,-0.00,-0.00,0.00,0.01,0.01,8.00
26587.00,0.19,-0.13,0.38,0.00,-0.04,15.42,0.00,0.00,2185.22,-0.00,-0.00,-0.00,0.00,0.00,0.01,16.00
26603.00,0.19,-0.13,0.23,0.00,-0.04,-9.02,0.00,0.00,-1526.99,-0.00,0.00,-0.00,0.00,0.01,0.00,7.00
26615.00,0.19,-0.13,0.21,0.00,0.00,-1.84,0.00,0.18,598.34,-0.00,0.00,-0.00,-0.00,0.01,0.00,7.00
26622.00,0.19,-0.13,0.30,0.00,0.00,12.35,0.00,0.18,2026.86,-0.00,0.00,-0.00,-0.00,0.01,0.00,7.00
26629.00,0.19,-0.13,0.27,0.00,0.00,-4.81,0.00,0.18,-2451.55,-0.00,0.00,-0.00,0.00,0.00,0.00,9.00
26638.00,0.19,-0.13,0.19,0.00,0.00,-8.11,0.00,0.18,-367.03,-0.00,0.00,-0.00,0.00,0.00,0.00,5.00
26643.00,0.19,-0.13,0.25,0.00,0.00,12.35,0.00,0.18,4092.20,-0.00,0.00,-0.00,0.00,0.01,0.00,7.00
26650.00,0.19,-0.13,0.19,0.00,0.00,-9.23,0.00,0.18,-3082.04,-0.00,0.00,-0.00,-0.00,0.01,0.00,8.00
26658.00,0.19,-0.13,0.17,0.00,0.00,-2.50,0.00,0.18,840.23,-0.00,0.00,-0.00,-0.00,0.01,0.00,6.00
26664.00,0.19,-0.13,0.26,0.00,0.00,14.78,0.00,0.18,2880.64,-0.00,0.00,-0.00,-0.00,0.01,0.00,6.00
26670.00,0.19,-0.13,0.21,0.00,0.00,-8.51,0.00,0.18,-3881.26,-0.00,0.00,-0.00,-0.00,0.01,0.00,9.00
26679.00,0.19,-0.13,0.28,0.00,0.00,8.20,0.00,0.18,1856.24,-0.00,0.00,-0.00,0.00,0.01,0.01,7.00
26691.00,0.19,-0.13,0.26,0.00,0.00,-2.01,0.00,0.18,-850.72,-0.00,0.00,-0.00,0.00,0.01,0.01,19.00
26710.00,0.19,-0.13,0.25,0.00,0.00,-0.23,0.00,0.18,93.48,-0.00,0.00,-0.00,-0.00,0.00,0.00,6.00
26716.00,0.19,-0.13,0.15,0.00,0.00,-17.09,0.00,0.18,-2809.46,-0.00,0.00,-0.00,0.00,0.00,0.00,5.00
26721.00,0.19,-0.13,0.16,0.00,0.00,1.32,0.00,0.18,3682.83,-0.00,0.00,-0.00,0.00,0.01,0.00,8.00
26729.00,0.19,-0.13,0.25,0.00,0.00,11.36,0.00,0.18,1254.02,-0.00,0.00,-0.00,0.00,0.01,0.00,8.00
26737.00,0.19,-0.13,0.19,0.00,0.00,-7.74,0.00,0.18,-2387.53,-0.00,0.00,-0.00,-0.00,0.01,0.00,6.00
26743.00,0.19,-0.13,0.23,0.00,0.00,7.85,0.00,0.18,2599.57,-0.00,0.00,-0.00,0.00,0.01,0.01,7.00
26750.00,0.19,-0.13,0.14,0.00,0.00,-13.83,0.00,0.18,-3096.95,-0.00,0.00,-0.00,0.00,0.01,0.01,8.00
26758.00,0.19,-0.13,0.15,0.00,0.00,1.91,0.00,0.18,1966.91,-0.00,0.00,-0.00,0.01,0.01,0.00,6.00
26764.00,0.19,-0.13,0.25,0.00,0.00,16.17,0.00,0.18,2376.48,-0.00,0.00,-0.00,0.01,0.00,-0.00,6.00
26775.00,0.19,-0.13,0.25,0.00,0.00,0.15,0.00,0.18,-1455.85,-0.00,0.00,-0.00,0.01,0.00,-0.01,7.00
26782.00,0.19,-0.13,0.15,0.00,0.00,-13.81,0.00,0.18,-1994.87,-0.00,0.00,-0.00,0.01,0.00,-0.00,7.00
26789.00,0.19,-0.13,0.29,0.00,0.00,18.94,0.00,0.18,4678.99,-0.00,0.00,-0.00,0.01,0.00,0.00,18.00
26807.00,0.19,-0.13,0.22,0.00,0.00,-3.76,0.00,0.18,-1261.50,-0.00,0.00,-0.00,0.00,0.00,0.00,5.00
26812.00,0.19,-0.13,0.24,0.00,0.00,4.55,0.00,0.18,1662.06,-0.00,0.00,-0.00,0.00,0.00,0.00,7.00
26819.00,0.19,-0.14,0.19,0.00,-0.04,-6.69,0.00,-0.18,-1604.51,-0.00,0.00,-0.00,-0.01,-0.00,-0.00,7.00
26826.00,0.19,-0.14,0.27,0.00,-0.04,11.23,0.00,-0.18,2559.58,-0.00,0.00,-0.00,-0.02,-0.00,-0.01,5.00
26831.00,0.19,-0.14,0.26,0.00,-0.04,-2.30,0.00,-0.18,-2706.78,-0.00,0.00,-0.00,-0.02,-0.00,-0.01,8.00
26839.00,0.19,-0.14,0.29,0.00,-0.04,3.94,0.00,-0.18,779.81,-0.00,0.00,-0.00,-0.01,-0.01,-0.01,8.00
26847.00,0.19,-0.14,0.23,0.00,-0.04,-7.33,0.00,-0.18,-1408.47,-0.00,0.00,-0.00,-0.01,-0.02,-0.01,5.00
26857.00,0.19,-0.14,0.24,0.00,-0.04,1.08,0.00,-0.18,840.90,-0.00,0.00,-0.00,-0.00,-0.02,-0.00,7.00
26864.00,0.19,-0.14,0.20,0.00,-0.04,-6.97,0.00,-0.18,-1149.26,-0.00,0.00,-0.00,-0.00,-0.02,-0.00,6.00
26870.00,0.19,-0.14,0.33,0.00,-0.04,21.95,0.00,-0.18,4820.01,-0.00,0.00,-0.00,-0.00,-0.02,-0.00,9.00
26879.00,0.19,-0.14,0.24,0.00,-0.04,-9.55,0.00,-0.18,-3500.51,-0.00,0.00,-0.00,-0.01,-0.01,-0.00,8.00
26887.00,0.19,-0.14,0.20,0.00,-0.04,-5.64,0.00,-0.18,488.42,-0.00,0.00,-0.00,-0.00,-0.00,-0.00,16.00
26903.00,0.19,-0.14,0.25,0.00,-0.04,3.39,0.00,-0.18,564.64,-0.00,0.00,-0.00,0.01,0.00,0.00,7.00
26910.00,0.19,-0.14,0.27,0.00,-0.04,2.82,0.00,-0.18,-81.02,-0.00,0.00,-0.00,0.01,0.00,0.00,6.00
26916.00,0.19,-0.14,0.16,0.00,-0.04,-18.00,0.00,-0.18,-3471.01,-0.00,0.00,-0.00,0.00,0.00,0.00,6.00
26922.00,0.19,-0.14,0.25,0.00,-0.04,15.10,0.00,-0.18,5516.64,-0.00,0.00,-0.00,-0.00,0.00,-0.00,8.00
26930.00,0.19,-0.14,0.16,0.00,-0.04,-12.00,0.00,-0.18,-3387.17,-0.00,0.00,-0.00,-0.01,0.01,-0.00,8.00
26942.00,0.19,-0.14,0.23,0.00,-0.04,5.69,0.00,-0.18,1474.47,-0.00,0.00,-0.00,-0.00,0.01,-0.01,9.00
26951.00,0.19,-0.14,0.20,0.00,-0.04,-2.43,0.00,-0.18,-902.84,-0.00,0.00,-0.00,-0.00,0.00,-0.00,8.00
26959.00,0.19,-0.14,0.25,0.00,-0.04,6.43,0.00,-0.18,1108.05,-0.00,0.00,-0.00,0.00,-0.01,0.00,6.00
26965.00,0.19,-0.14,0.30,0.00,-0.04,8.32,0.00,-0.18,314.17,-0.00,0.00,-0.00,0.00,-0.01,0.00,6.00
26971.00,0.19,-0.14,0.28,0.00,-0.04,-3.86,0.00,-0.18,-2029.78,-0.00,0.00,-0.00,0.00,-0.01,0.00,18.00
26989.00,0.19,-0.14,0.19,0.00,-0.04,-5.19,0.00,-0.18,-73.57,-0.00,-0.00,-0.00,-0.00,-0.01,-0.00,7.00
26996.00,0.19,-0.14,0.16,0.00,-0.04,-3.73,0.00,-0.18,208.68,-0.00,-0.00,-0.00,-0.00,-0.00,-0.01,6.00
27002.00,0.19,-0.14,0.23,0.00,-0.04,11.64,0.00,-0.18,2560.52,-0.00,-0.00,-0.00,-0.00,-0.00,-0.01,8.00
27010.00,0.19,-0.14,0.22,0.00,-0.04,-1.89,0.00,-0.18,-1690.99,-0.00,-0.00,-0.00,0.00,0.00,-0.00,5.00
27015.00,0.19,-0.14,0.14,0.00,-0.04,-16.10,0.00,-0.18,-2841.44,-0.00,-0.00,-0.00,0.00,0.00,-0.01,7.00
27027.00,0.19,-0.15,0.16,0.00,-0.04,1.75,0.00,0.00,1487.20,-0.00,-0.00,-0.00,-0.01,-0.00,-0.01,7.00
27034.00,0.19,-0.15,0.15,0.00,-0.04,-0.87,0.00,0.00,-374.13,-0.00,-0.00,-0.00,-0.01,-0.00,-0.01,6.00
27040.00,0.19,-0.15,0.18,0.00,-0.04,5.40,0.00,0.00,1045.19,-0.00,-0.00,-0.00,-0.01,-0.01,-0.00,9.00
27049.00,0.19,-0.15,0.14,0.00,-0.04,-4.81,0.00,0.00,-1134.22,-0.00,-0.00,-0.00,-0.01,-0.01,-0.01,5.00
27054.00,0.19,-0.15,0.16,0.00,-0.04,3.38,0.00,0.00,1637.41,-0.00,-0.00,-0.00,-0.01,-0.01,-0.00,7.00
27061.00,0.19,-0.15,0.20,0.00,-0.04,6.73,0.00,0.00,478.25,-0.00,-0.00,-0.00,-0.00,-0.01,-0.00,6.00
27067.00,0.19,-0.15,0.14,0.00,-0.04,-11.52,0.00,0.00,-3040.80,-0.00,-0.00,-0.00,0.01,-0.01,-0.00,5.00
27072.00,0.19,-0.15,0.16,0.00,-0.04,5.25,0.00,0.00,3352.94,-0.00,-0.00,-0.00,0.00,-0.01,-0.00,8.00
27080.00,0.19,-0.15,0.19,0.00,-0.04,3.12,0.00,0.00,-266.37,-0.00,-0.00,-0.00,0.00,-0.01,-0.00,17.00
27097.00,0.19,-0.15,0.11,0.00,-0.04,-4.61,0.00,0.00,-454.57,-0.00,-0.00,-0.00,-0.01,-0.00,-0.00,6.00
27108.00,0.19,-0.15,0.12,0.00,-0.04,1.37,0.00,0.00,543.46,-0.00,-0.00,-0.00,-0.00,0.00,-0.01,6.00
27114.00,0.19,-0.15,0.14,0.00,-0.04,2.85,0.00,0.00,246.82,-0.00,-0.00,-0.00,0.00,0.01,-0.01,7.00
27121.00,0.19,-0.15,0.13,0.00,-0.04,-1.78,0.00,0.00,-661.67,-0.00,-0.00,-0.00,0.00,0.01,-0.00,8.00
27129.00,0.19,-0.15,0.13,0.00,-0.04,0.39,0.00,0.00,271.57,-0.00,-0.00,-0.00,0.00,0.00,-0.01,6.00
27135.00,0.19,-0.15,0.19,0.00,-0.04,10.65,0.00,0.00,1710.74,-0.00,-0.00,-0.00,0.00,0.00,-0.00,7.00
27142.00,0.19,-0.15,0.18,0.00,-0.04,-1.60,0.00,0.00,-1751.11,-0.00,-0.00,-0.00,-0.00,0.00,-0.00,8.00
27150.00,0.19,-0.15,0.10,0.00,-0.04,-9.98,0.00,0.00,-1046.43,-0.00,-0.00,-0.00,-0.00,-0.00,-0.00,8.00
27158.00,0.19,-0.15,0.22,0.00,-0.04,13.99,0.00,0.00,2995.14,-0.00,-0.00,-0.00,-0.00,-0.01,0.00,5.00
27163.00,0.19,-0.15,0.15,0.00,-0.04,-12.14,0.00,0.00,-5225.52,-0.00,-0.00,-0.00,-0.00,-0.01,0.00,6.00
27169.00,0.19,-0.15,0.19,0.00,-0.04,6.66,0.00,0.00,3133.79,-0.00,-0.00,-0.00,0.00,-0.00,-0.00,5.00
27179.00,0.19,-0.15,0.17,0.00,-0.04,-2.68,0.00,0.00,-933.94,-0.00,-0.00,-0.00,0.00,-0.01,-0.00,16.00
27195.00,0.19,-0.15,0.20,0.00,-0.04,2.12,0.00,0.00,299.69,-0.00,-0.00,-0.00,-0.00,-0.00,-0.01,7.00
27202.00,0.19,-0.15,0.09,0.00,-0.04,-15.84,0.00,0.00,-2565.59,-0.00,-0.00,-0.00,-0.00,-0.00,-0.01,8.00
27210.00,0.19,-0.15,0.14,0.00,-0.04,6.76,0.00,0.00,2824.90,-0.00,-0.00,-0.00,-0.01,-0.00,-0.00,6.00
27216.00,0.19,-0.15,0.15,0.00,-0.04,0.96,0.00,0.00,-965.83,-0.00,-0.00,-0.00,-0.01,-0.01,-0.01,6.00
27222.00,0.19,-0.15,0.20,0.00,-0.04,7.42,0.00,0.00,1077.05,-0.00,-0.00,-0.00,-0.00,-0.01,-0.01,9.00
27231.00,0.18,-0.15,0.03,-0.05,-0.03,-18.34,-0.27,0.02,-2862.37,-0.00,-0.00,-0.00,0.00,-0.01,-0.00,7.00
27238.00,0.18,-0.15,0.17,-0.05,-0.03,19.30,-0.27,0.02,5376.88,-0.00,-0.00,-0.00,0.00,-0.00,-0.00,6.00
27244.00,0.18,-0.15,0.15,-0.05,-0.03,-2.53,-0.27,0.02,-3637.63,-0.00,-0.00,-0.00,0.00,-0.01,-0.00,7.00
27251.00,0.18,-0.15,0.18,-0.05,-0.03,4.80,-0.27,0.02,1047.11,-0.00,-0.00,-0.00,0.00,-0.01,-0.00,8.00
27269.00,0.18,-0.15,0.14,-0.05,-0.03,-2.56,-0.27,0.02,-409.24,-0.00,-0.00,-0.00,-0.00,-0.01,-0.00,7.00
27276.00,0.18,-0.15,0.20,-0.05,-0.03,8.98,-0.27,0.02,1648.95,-0.00,-0.00,-0.00,-0.00,-0.00,-0.00,6.00
27282.00,0.18,-0.15,0.25,-0.05,-0.03,7.62,-0.27,0.02,-226.29,-0.00,-0.00,-0.00,0.00,-0.00,-0.00,19.00
27301.00,0.18,-0.15,0.14,-0.05,-0.03,-5.74,-0.27,0.02,-703.40,-0.00,-0.00,-0.00,-0.00,-0.00,-0.00,7.00
27308.00,0.18,-0.15,0.13,-0.05,-0.03,-1.50,-0.27,0.02,606.20,-0.00,-0.00,-0.00,-0.00,0.00,-0.01,5.00
27313.00,0.18,-0.15,0.15,-0.05,-0.03,4.22,-0.27,0.02,1143.37,-0.00,-0.00,-0.00,-0.00,0.00,-0.01,7.00
27320.00,0.18,-0.15,0.16,-0.05,-0.03,1.94,-0.27,0.02,-326.02,-0.00,-0.00,-0.00,-0.00,0.00,-0.00,6.00
27326.00,0.18,-0.15,0.20,-0.05,-0.03,5.65,-0.27,0.02,618.71,-0.00,-0.00,-0.00,-0.00,-0.00,-0.00,7.00
27333.00,0.18,-0.15,0.20,-0.05,-0.03,1.35,-0.27,0.02,-613.96,-0.00,-0.00,-0.00,0.00,-0.00,-0.00,8.00
27341.00,0.18,-0.15,0.17,-0.05,-0.03,-4.16,-0.27,0.02,-689.12,-0.00,-0.00,-0.00,-0.00,-0.01,-0.00,7.00
27353.00,0.18,-0.15,0.21,-0.05,-0.03,3.64,-0.27,0.02,649.88,-0.00,-0.00,-0.00,0.00,-0.01,0.00,9.00
27362.00,0.18,-0.15,0.18,-0.05,-0.03,-4.43,-0.27,0.02,-896.52,-0.00,-0.00,-0.00,-0.00,-0.01,-0.01,5.00
27367.00,0.18,-0.15,0.16,-0.05,-0.03,-2.55,-0.27,0.02,377.37,-0.00,-0.00,-0.00,-0.00,-0.01,-0.01,6.00
27373.00,0.18,-0.15,0.15,-0.05,-0.03,-2.09,-0.27,0.02,76.37,-0.00,-0.00,-0.00,-0.00,-0.01,-0.01,8.00
27381.00,0.18,-0.15,0.11,-0.05,-0.03,-5.54,-0.27,0.02,-432.01,-0.00,-0.00,-0.00,-0.00,-0.01,-0.00,18.00
27399.00,0.18,-0.15,0.20,-0.05,-0.03,5.16,-0.27,0.02,594.87,-0.00,-0.00,-0.00,-0.00,-0.01,-0.00,6.00
27405.00,0.18,-0.15,0.14,-0.05,-0.03,-9.45,-0.27,0.02,-2436.03,-0.00,-0.00,-0.00,-0.00,-0.01,-0.00,7.00
27412.00,0.18,-0.15,0.20,-0.05,-0.03,8.51,-0.27,0.02,2566.44,-0.00,-0.00,-0.00,-0.00,-0.00,-0.00,6.00
27418.00,0.18,-0.15,0.20,-0.05,-0.03,-0.84,-0.27,0.02,-1558.38,-0.00,-0.00,-0.00,-0.00,-0.01,-0.00,5.00
27423.00,0.18,-0.15,0.18,-0.05,-0.03,-4.21,-0.27,0.02,-674.52,-0.00,-0.00,-0.00,-0.00,-0.01,-0.00,8.00
27436.00,0.18,-0.16,0.15,0.00,-0.04,-1.97,0.27,-0.02,172.12,-0.00,-0.00,-0.00,-0.00,-0.01,-0.00,8.00
27444.00,0.18,-0.16,0.19,0.00,-0.04,5.49,0.27,-0.02,932.77,-0.00,-0.00,-0.00,-0.00,-0.01,-0.00,7.00
27451.00,0.18,-0.16,0.16,0.00,-0.04,-4.77,0.27,-0.02,-1465.39,-0.00,-0.00,-0.00,-0.00,-0.01,-0.00,8.00
27459.00,0.18,-0.16,0.09,0.00,-0.04,-8.67,0.27,-0.02,-487.98,-0.00,-0.00,-0.00,-0.00,-0.01,-0.00,5.00
27464.00,0.18,-0.16,0.09,0.00,-0.04,-0.50,0.27,-0.02,1633.75,-0.00,-0.00,-0.00,-0.00,-0.01,-0.00,7.00
27471.00,0.18,-0.16,0.19,0.00,-0.04,14.39,0.27,-0.02,2128.14,-0.00,-0.00,-0.00,-0.00,0.00,-0.01,7.00
27478.00,0.18,-0.16,0.15,0.00,-0.04,-5.01,0.27,-0.02,-2772.39,-0.00,-0.00,-0.00,-0.00,-0.00,-0.00,6.00
27484.00,0.18,-0.16,0.13,0.00,-0.04,-3.46,0.27,-0.02,258.85,-0.00,-0.00,-0.00,-0.00,-0.00,-0.00,7.00
27491.00,0.18,-0.16,0.16,0.00,-0.04,3.71,0.27,-0.02,1024.13,-0.00,-0.00,-0.00,0.00,0.00,-0.00,17.00
27508.00,0.18,-0.16,0.14,0.00,-0.04,-1.16,0.27,-0.02,-286.63,-0.00,-0.00,-0.00,0.00,0.00,-0.00,5.00
27518.00,0.18,-0.16,0.12,0.00,-0.04,-1.43,0.27,-0.02,-26.77,-0.00,-0.00,-0.00,0.00,-0.00,-0.01,7.00
27525.00,0.18,-0.16,0.14,0.00,-0.04,2.54,0.27,-0.02,566.96,-0.00,-0.00,-0.00,0.00,-0.00,-0.01,7.00
27532.00,0.18,-0.16,0.11,0.00,-0.04,-4.86,0.27,-0.02,-1057.23,-0.00,-0.00,-0.00,-0.00,-0.01,-0.01,8.00
27540.00,0.18,-0.16,0.17,0.00,-0.04,7.11,0.27,-0.02,1497.09,-0.00,-0.00,-0.01,0.00,-0.01,-0.01,5.00
27545.00,0.18,-0.16,0.18,0.00,-0.04,2.57,0.27,-0.02,-909.28,-0.00,-0.00,-0.01,0.00,-0.01,-0.00,8.00
27553.00,0.18,-0.16,0.07,0.00,-0.04,-14.02,0.27,-0.02,-2072.93,-0.00,-0.00,-0.01,0.00,-0.01,0.00,8.00
27561.00,0.18,-0.16,0.16,0.00,-0.04,12.30,0.27,-0.02,3289.27,-0.00,-0.00,-0.01,-0.00,-0.01,-0.00,6.00
27567.00,0.18,-0.16,0.20,0.00,-0.04,5.42,0.27,-0.02,-1147.08,-0.00,-0.00,-0.01,-0.00,-0.01,-0.00,6.00
27573.00,0.18,-0.16,0.20,0.00,-0.04,-0.10,0.27,-0.02,-918.85,-0.00,-0.00,-0.01,-0.00,-0.01,-0.00,20.00
27593.00,0.18,-0.16,0.06,0.00,-0.04,-7.02,0.27,-0.02,-346.35,-0.00,-0.00,-0.01,-0.01,-0.01,-0.01,9.00
27616.00,0.18,-0.16,0.07,0.00,-0.04,0.49,0.27,-0.02,326.56,-0.00,-0.00,-0.01,-0.00,-0.01,-0.00,8.00
27624.00,0.18,-0.16,0.21,0.00,-0.04,17.36,0.27,-0.02,2109.62,-0.00,-0.00,-0.01,-0.00,-0.01,-0.01,8.00
27632.00,0.18,-0.16,0.07,0.00,-0.04,-16.43,0.27,-0.02,-4224.57,-0.00,-0.00,-0.01,-0.00,-0.01,-0.00,7.00
27639.00,0.18,-0.17,0.17,0.00,-0.04,13.14,0.00,-0.00,4225.32,-0.00,-0.00,-0.01,-0.00,-0.01,-0.00,5.00
27644.00,0.18,-0.17,0.19,0.00,-0.04,4.43,0.00,-0.00,-1743.28,-0.00,-0.00,-0.01,-0.00,-0.01,-0.00,8.00
27652.00,0.18,-0.17,0.00,0.00,-0.04,-23.26,0.00,-0.00,-3460.96,-0.00,-0.00,-0.01,-0.00,-0.00,-0.00,8.00
27660.00,0.18,-0.17,0.08,0.00,-0.04,9.62,0.00,-0.00,4110.16,-0.00,-0.00,-0.01,0.00,0.00,-0.00,6.00
27666.00,0.18,-0.17,0.11,0.00,-0.04,4.63,0.00,-0.00,-831.40,-0.00,-0.00,-0.01,-0.00,-0.00,-0.00,6.00
27672.00,0.18,-0.17,0.11,0.00,-0.04,-0.33,0.00,-0.00,-826.49,-0.00,-0.00,-0.01,-0.00,-0.00,-0.00,8.00
27680.00,0.18,-0.17,0.04,0.00,-0.04,-7.88,0.00,-0.00,-944.49,-0.00,-0.00,-0.01,0.00,-0.00,-0.00,5.00
27690.00,0.18,-0.17,0.13,0.00,-0.04,8.31,0.00,-0.00,1619.01,-0.00,-0.00,-0.01,-0.00,0.00,-0.00,16.00
27706.00,0.18,-0.17,0.19,0.00,-0.04,4.13,0.00,-0.00,-261.14,-0.00,-0.00,-0.01,-0.00,0.00,-0.00,8.00
27714.00,0.18,-0.17,0.11,0.00,-0.04,-10.61,0.00,-0.00,-1843.05,-0.00,-0.00,-0.01,0.00,0.00,0.00,5.00
27719.00,0.18,-0.17,0.09,0.00,-0.04,-3.42,0.00,-0.00,1439.46,-0.00,-0.00,-0.01,-0.00,0.00,-0.00,6.00
27725.00,0.18,-0.17,0.11,0.00,-0.04,2.85,0.00,-0.00,1045.40,-0.00,-0.00,-0.01,-0.00,0.00,-0.00,7.00
27732.00,0.18,-0.17,0.05,0.00,-0.04,-7.96,0.00,-0.00,-1544.61,-0.00,-0.00,-0.01,-0.00,0.00,-0.00,7.00
27739.00,0.18,-0.17,0.15,0.00,-0.04,13.77,0.00,-0.00,3104.05,-0.00,-0.00,-0.01,0.00,-0.00,-0.00,6.00
27745.00,0.18,-0.17,0.13,0.00,-0.04,-2.81,0.00,-0.00,-2763.07,-0.00,-0.00,-0.01,-0.00,-0.00,-0.00,8.00
27753.00,0.18,-0.17,0.09,0.00,-0.04,-4.50,0.00,-0.00,-211.23,-0.00,-0.00,-0.01,-0.00,-0.00,-0.00,8.00
27761.00,0.18,-0.17,0.17,0.00,-0.04,9.48,0.00,-0.00,1747.07,-0.00,-0.00,-0.01,-0.00,-0.01,-0.00,7.00
27772.00,0.18,-0.17,0.19,0.00,-0.04,1.58,0.00,-0.00,-718.06,-0.00,-0.00,-0.01,-0.00,-0.01,0.00,8.00
27780.00,0.18,-0.17,0.18,0.00,-0.04,-1.54,0.00,-0.00,-390.65,-0.00,-0.00,-0.01,-0.00,-0.01,0.00,5.00
27785.00,0.18,-0.17,0.11,0.00,-0.04,-12.64,0.00,-0.00,-2218.69,-0.00,-0.00,-0.01,-0.00,-0.01,0.00,18.00
27803.00,0.18,-0.17,0.08,0.00,-0.04,-1.86,0.00,-0.00,598.65,-0.00,-0.00,-0.01,-0.00,-0.00,0.00,9.00
27812.00,0.18,-0.17,0.06,0.00,-0.04,-2.47,0.00,-0.00,-67.10,-0.00,-0.00,-0.01,-0.00,0.00,-0.00,5.00
27817.00,0.18,-0.17,0.16,0.00,-0.04,21.57,0.00,-0.00,4806.22,-0.00,-0.00,-0.01,-0.00,0.00,-0.00,7.00
27824.00,0.18,-0.17,0.13,0.00,-0.04,-5.23,0.00,-0.00,-3828.21,-0.00,-0.00,-0.01,0.00,-0.00,-0.00,8.00
27832.00,0.18,-0.17,0.13,0.00,-0.04,0.08,0.00,-0.00,664.23,-0.00,-0.00,-0.01,-0.00,-0.01,-0.00,7.00
27839.00,0.18,-0.17,0.11,0.00,0.00,-2.97,0.00,0.19,-436.24,-0.00,-0.00,-0.01,0.00,-0.00,-0.00,5.00
27844.00,0.18,-0.17,0.10,0.00,0.00,-1.23,0.00,0.19,347.59,-0.00,-0.00,-0.01,0.00,-0.00,-0.00,9.00
27858.00,0.18,-0.17,0.21,0.00,0.00,7.85,0.00,0.19,648.65,-0.00,-0.00,-0.01,0.00,-0.00,-0.00,7.00
27865.00,0.18,-0.17,0.14,0.00,0.00,-9.93,0.00,0.19,-2539.03,-0.00,-0.00,-0.01,0.00,-0.00,-0.00,6.00
27871.00,0.18,-0.17,0.08,0.00,0.00,-10.74,0.00,0.19,-136.35,-0.00,-0.00,-0.01,0.00,-0.00,0.00,6.00
27877.00,0.18,-0.17,0.17,0.00,0.00,15.54,0.00,0.19,4380.82,-0.00,-0.00,-0.01,0.00,0.00,0.00,7.00
27884.00,0.18,-0.17,0.19,0.00,0.00,2.07,0.00,0.19,-1924.55,-0.00,-0.00,-0.01,0.00,0.01,0.00,18.00
27902.00,0.18,-0.17,0.17,0.00,0.00,-0.65,0.00,0.19,-151.09,-0.00,-0.00,-0.01,-0.00,0.00,0.00,8.00
27910.00,0.18,-0.17,0.14,0.00,0.00,-4.34,0.00,0.19,-460.63,-0.00,-0.00,-0.01,-0.00,0.00,-0.00,5.00
27915.00,0.18,-0.17,0.09,0.00,0.00,-10.55,0.00,0.19,-1242.97,-0.00,-0.00,-0.01,-0.00,0.00,-0.00,7.00
27922.00,0.18,-0.17,0.21,0.00,0.00,17.40,0.00,0.19,3993.28,-0.00,-0.00,-0.01,-0.00,0.00,-0.00,7.00
27929.00,0.18,-0.17,0.08,0.00,0.00,-18.01,0.00,0.19,-5058.20,-0.00,-0.00,-0.01,0.00,-0.00,-0.00,6.00
27944.00,0.18,-0.17,0.14,0.00,0.00,3.86,0.00,0.19,1457.92,-0.00,-0.00,-0.01,-0.00,-0.01,0.00,10.00
27954.00,0.18,-0.17,0.10,0.00,0.00,-3.55,0.00,0.19,-741.62,-0.00,-0.00,-0.01,-0.00,-0.00,0.00,8.00
27962.00,0.18,-0.17,0.13,0.00,0.00,3.22,0.00,0.19,846.00,-0.00,-0.00,-0.01,-0.00,-0.01,-0.00,6.00
27968.00,0.18,-0.17,0.15,0.00,0.00,3.92,0.00,0.19,117.41,-0.00,-0.00,-0.01,-0.00,-0.00,0.00,6.00
27974.00,0.18,-0.17,0.11,0.00,0.00,-6.58,0.00,0.19,-1749.65,-0.00,-0.00,-0.01,-0.00,-0.00,0.00,19.00
27993.00,0.18,-0.17,0.19,0.00,0.00,3.81,0.00,0.19,546.89,-0.00,-0.00,-0.01,-0.00,-0.00,-0.00,7.00
28000.00,0.18,-0.17,0.08,0.00,0.00,-15.48,0.00,0.19,-2756.02,-0.00,-0.00,-0.01,-0.00,0.00,-0.00,5.00
28005.00,0.18,-0.17,0.10,0.00,0.00,4.05,0.00,0.19,3905.60,-0.00,-0.00,-0.01,-0.00,-0.00,-0.00,9.00
28014.00,0.18,-0.17,0.13,0.00,0.00,3.32,0.00,0.19,-80.59,-0.00,-0.00,-0.01,-0.00,-0.00,-0.01,5.00
28019.00,0.18,-0.17,0.17,0.00,0.00,8.64,0.00,0.19,1064.25,-0.00,-0.00,-0.01,-0.00,-0.01,-0.00,6.00
28030.00,0.18,-0.17,0.19,0.00,0.00,1.44,0.00,0.19,-654.57,-0.00,-0.00,-0.01,-0.00,-0.01,-0.00,6.00
28036.00,0.18,-0.17,0.11,0.00,0.00,-13.65,0.00,0.19,-2515.17,-0.00,-0.00,-0.01,-0.00,-0.01,-0.00,7.00
28043.00,0.17,-0.17,0.14,-0.05,-0.03,5.18,-0.27,-0.16,2688.87,-0.00,-0.00,-0.01,-0.00,-0.00,0.00,9.00
28052.00,0.17,-0.17,0.08,-0.05,-0.03,-7.25,-0.27,-0.16,-1380.11,-0.00,-0.00,-0.01,0.00,0.00,0.00,5.00
28057.00,0.17,-0.17,0.17,-0.05,-0.03,19.56,-0.27,-0.16,5362.10,-0.00,-0.00,-0.01,0.00,0.00,0.00,8.00
28065.00,0.17,-0.17,0.13,-0.05,-0.03,-5.12,-0.27,-0.16,-3085.55,-0.00,-0.00,-0.01,-0.00,0.00,0.00,5.00
28070.00,0.17,-0.17,0.10,-0.05,-0.03,-6.06,-0.27,-0.16,-187.64,-0.00,-0.00,-0.01,-0.00,0.00,0.00,6.00
28076.00,0.17,-0.17,0.05,-0.05,-0.03,-9.10,-0.27,-0.16,-506.28,-0.00,-0.00,-0.01,-0.00,0.00,0.00,8.00
28084.00,0.17,-0.17,0.28,-0.05,-0.03,28.74,-0.27,-0.16,4729.41,-0.00,-0.00,-0.01,-0.00,0.00,0.00,18.00
28102.00,0.17,-0.17,0.13,-0.05,-0.03,-8.01,-0.27,-0.16,-2041.60,-0.00,-0.00,-0.01,-0.00,0.00,-0.00,7.00
28114.00,0.17,-0.17,0.26,-0.05,-0.03,10.15,-0.27,-0.16,1513.29,-0.00,-0.00,-0.01,-0.00,-0.00,-0.00,6.00
28120.00,0.17,-0.17,0.18,-0.05,-0.03,-12.16,-0.27,-0.16,-3717.87,-0.00,-0.00,-0.01,0.00,-0.01,-0.00,5.00
28125.00,0.17,-0.17,0.04,-0.05,-0.03,-27.77,-0.27,-0.16,-3122.67,-0.00,-0.00,-0.01,0.00,-0.01,-0.00,9.00
28134.00,0.17,-0.17,0.16,-0.05,-0.03,12.89,-0.27,-0.16,4517.58,-0.00,-0.00,-0.01,-0.00,-0.00,0.00,8.00
28142.00,0.17,-0.17,0.20,-0.05,-0.03,5.25,-0.27,-0.16,-954.17,-0.00,-0.00,-0.01,-0.00,-0.00,0.00,6.00
28148.00,0.17,-0.17,0.13,-0.05,-0.03,-12.68,-0.27,-0.16,-2989.58,-0.00,-0.00,-0.01,-0.00,-0.00,0.00,7.00
28155.00,0.17,-0.17,0.19,-0.05,-0.03,8.61,-0.27,-0.16,3041.12,-0.00,-0.00,-0.01,0.00,-0.00,0.00,8.00
28163.00,0.17,-0.17,0.12,-0.05,-0.03,-8.83,-0.27,-0.16,-2179.31,-0.00,-0.00,-0.01,-0.01,-0.00,0.00,5.00
28168.00,0.17,-0.17,0.23,-0.05,-0.03,22.26,-0.27,-0.16,6217.13,-0.00,-0.00,-0.01,-0.01,-0.00,-0.00,7.00
28175.00,0.17,-0.17,0.19,-0.05,-0.03,-5.37,-0.27,-0.16,-3946.86,-0.00,-0.00,-0.01,-0.01,-0.00,-0.00,8.00
28193.00,0.17,-0.17,0.18,-0.05,-0.03,-0.25,-0.27,-0.16,284.68,-0.00,-0.00,-0.01,-0.00,-0.00,-0.00,16.00
28209.00,0.17,-0.17,0.12,-0.05,-0.03,-3.91,-0.27,-0.16,-228.65,-0.00,-0.00,-0.01,0.00,-0.01,0.00,7.00
28216.00,0.17,-0.17,0.08,-0.05,-0.03,-6.20,-0.27,-0.16,-327.73,-0.00,-0.00,-0.01,0.00,-0.01,0.00,5.00
28221.00,0.17,-0.17,0.14,-0.05,-0.03,12.67,-0.27,-0.16,3774.94,-0.00,-0.00,-0.01,-0.00,-0.00,0.00,6.00
28227.00,0.17,-0.17,0.10,-0.05,-0.03,-6.44,-0.27,-0.16,-3185.05,-0.00,-0.00,-0.01,0.00,-0.00,0.00,7.00
28234.00,0.17,-0.17,0.08,-0.05,-0.03,-2.96,-0.27,-0.16,496.57,-0.00,-0.00,-0.01,0.00,0.00,0.00,9.00
28243.00,0.17,-0.18,0.06,0.00,-0.04,-2.13,0.27,-0.03,92.36,-0.00,-0.00,-0.01,0.01,0.01,0.00,6.00
28249.00,0.17,-0.18,0.20,0.00,-0.04,22.26,0.27,-0.03,4064.81,-0.00,-0.00,-0.01,0.00,0.01,0.00,7.00
28256.00,0.17,-0.18,0.18,0.00,-0.04,-2.52,0.27,-0.03,-3539.89,-0.00,-0.00,-0.01,0.00,0.01,0.00,8.00
28264.00,0.17,-0.18,0.25,0.00,-0.04,9.02,0.27,-0.03,1442.00,-0.00,-0.00,-0.01,0.00,0.00,0.00,6.00
28275.00,0.17,-0.18,0.19,0.00,-0.04,-5.89,0.27,-0.03,-1354.98,-0.00,-0.00,-0.01,0.00,0.00,-0.00,18.00
28293.00,0.17,-0.18,0.20,0.00,-0.04,0.70,0.27,-0.03,366.04,-0.00,-0.00,-0.01,0.00,0.00,-0.00,8.00
28301.00,0.17,-0.18,0.09,0.00,-0.04,-14.23,0.27,-0.03,-1866.59,-0.00,-0.00,-0.01,0.00,0.00,0.00,5.00
28306.00,0.17,-0.18,0.16,0.00,-0.04,14.06,0.27,-0.03,5657.61,-0.00,-0.00,-0.01,0.00,0.00,0.00,9.00
28315.00,0.17,-0.18,0.14,0.00,-0.04,-2.28,0.27,-0.03,-1815.13,-0.00,-0.00,-0.01,0.00,0.00,0.00,5.00
28320.00,0.17,-0.18,0.17,0.00,-0.04,6.38,0.27,-0.03,1732.50,-0.00,-0.00,-0.01,0.00,0.00,0.00,6.00
28326.00,0.17,-0.18,0.17,0.00,-0.04,-0.03,0.27,-0.03,-1069.50,-0.00,-0.00,-0.01,-0.00,0.00,0.00,8.00
28334.00,0.17,-0.18,0.06,0.00,-0.04,-13.53,0.27,-0.03,-1686.58,-0.00,-0.00,-0.01,-0.00,-0.00,-0.00,8.00
28342.00,0.17,-0.18,0.16,0.00,-0.04,12.73,0.27,-0.03,3281.66,-0.00,-0.00,-0.01,-0.00,-0.01,0.00,5.00
28347.00,0.17,-0.18,0.15,0.00,-0.04,-2.99,0.27,-0.03,-3142.71,-0.00,-0.00,-0.01,-0.00,-0.01,0.00,8.00
28360.00,0.17,-0.18,0.16,0.00,-0.04,1.39,0.27,-0.03,336.78,-0.00,-0.00,-0.01,-0.00,-0.00,-0.00,7.00
28367.00,0.17,-0.18,0.17,0.00,-0.04,1.12,0.27,-0.03,-38.22,-0.00,-0.00,-0.01,-0.00,-0.00,-0.00,6.00
28373.00,0.17,-0.18,0.11,0.00,-0.04,-10.17,0.27,-0.03,-1881.78,-0.00,-0.00,-0.01,-0.00,-0.00,-0.00,6.00
28379.00,0.17,-0.18,0.20,0.00,-0.04,14.20,0.27,-0.03,4061.75,-0.00,-0.00,-0.01,-0.00,-0.00,-0.00,6.00
28385.00,0.17,-0.18,0.05,0.00,-0.04,-24.22,0.27,-0.03,-6403.85,-0.00,-0.00,-0.01,0.00,-0.00,-0.00,19.00
28404.00,0.17,-0.18,0.13,0.00,-0.04,4.26,0.27,-0.03,1498.72,-0.00,-0.00,-0.01,-0.00,0.00,0.00,8.00
28412.00,0.17,-0.18,0.14,0.00,-0.04,0.58,0.27,-0.03,-459.25,-0.00,-0.00,-0.01,0.00,-0.00,0.00,5.00
28417.00,0.17,-0.18,0.09,0.00,-0.04,-8.70,0.27,-0.03,-1856.36,-0.00,-0.00,-0.01,0.00,-0.00,0.00,8.00
28425.00,0.17,-0.18,0.11,0.00,-0.04,2.09,0.27,-0.03,1349.00,-0.00,-0.00,-0.01,0.00,0.00,0.00,8.00
28433.00,0.17,-0.18,-0.02,0.00,-0.04,-16.61,0.27,-0.03,-2337.57,-0.00,-0.00,-0.01,-0.00,0.00,-0.00,5.00
28443.00,0.17,-0.19,0.12,0.00,-0.04,14.17,0.00,0.00,3077.72,-0.00,-0.00,-0.01,0.00,0.00,0.00,7.00
28450.00,0.17,-0.19,0.08,0.00,-0.04,-5.29,0.00,0.00,-2779.80,-0.00,-0.00,-0.01,0.00,0.00,-0.00,6.00
28456.00,0.17,-0.19,0.21,0.00,-0.04,22.13,0.00,0.00,4569.19,-0.00,-0.00,-0.01,0.00,0.01,-0.00,9.00
28465.00,0.17,-0.19,0.14,0.00,-0.04,-7.82,0.00,0.00,-3327.29,-0.00,-0.00,-0.01,0.00,0.01,-0.00,5.00
28470.00,0.17,-0.19,0.19,0.00,-0.04,8.97,0.00,0.00,3358.24,-0.00,-0.00,-0.01,0.00,0.00,0.00,7.00
28477.00,0.17,-0.19,0.11,0.00,-0.04,-11.37,0.00,0.00,-2906.35,-0.00,-0.00,-0.01,0.00,-0.00,0.00,7.00
28484.00,0.17,-0.19,0.16,0.00,-0.04,7.69,0.00,0.00,2722.85,-0.00,-0.00,-0.01,0.00,0.00,0.00,18.00
28502.00,0.17,-0.19,0.04,0.00,-0.04,-6.82,0.00,0.00,-806.12,-0.00,-0.00,-0.01,0.00,0.00,0.00,6.00
28508.00,0.17,-0.19,0.09,0.00,-0.04,8.68,0.00,0.00,2584.38,-0.00,-0.00,-0.01,0.00,0.00,-0.00,7.00
28515.00,0.17,-0.19,0.18,0.00,-0.04,13.23,0.00,0.00,649.58,-0.00,-0.00,-0.01,0.00,-0.00,-0.00,6.00
28526.00,0.17,-0.19,0.16,0.00,-0.04,-1.86,0.00,0.00,-1372.18,-0.00,-0.00,-0.01,0.00,-0.00,-0.00,10.00
28536.00,0.17,-0.19,0.14,0.00,-0.04,-2.59,0.00,0.00,-72.52,-0.00,-0.00,-0.01,0.00,0.00,-0.00,8.00
28544.00,0.17,-0.19,0.12,0.00,-0.04,-2.37,0.00,0.00,27.17,-0.00,-0.00,-0.01,-0.00,0.00,-0.00,7.00
28551.00,0.17,-0.19,0.20,0.00,-0.04,11.28,0.00,0.00,1950.65,-0.00,-0.00,-0.01,0.00,-0.00,0.00,6.00
28557.00,0.17,-0.19,0.14,0.00,-0.04,-9.76,0.00,0.00,-3507.18,-0.00,-0.00,-0.01,0.00,-0.00,0.00,8.00
28565.00,0.17,-0.19,0.05,0.00,-0.04,-11.08,0.00,0.00,-164.63,-0.00,-0.00,-0.01,0.00,-0.00,-0.00,6.00
28571.00,0.17,-0.19,0.07,0.00,-0.04,2.52,0.00,0.00,2266.60,-0.00,-0.00,-0.01,0.00,0.00,-0.00,6.00
28577.00,0.17,-0.19,0.20,0.00,-0.04,22.61,0.00,0.00,3347.40,-0.00,-0.00,-0.01,0.00,0.00,0.00,8.00
28585.00,0.17,-0.19,0.14,0.00,-0.04,-7.59,0.00,0.00,-3774.69,-0.00,-0.00,-0.01,0.00,-0.00,0.00,18.00
28603.00,0.17,-0.19,0.10,0.00,-0.04,-2.31,0.00,0.00,293.50,-0.00,-0.00,-0.01,-0.00,-0.00,-0.00,5.00
28618.00,0.17,-0.19,0.21,0.00,-0.04,7.62,0.00,0.00,661.91,-0.00,-0.00,-0.01,0.00,0.00,-0.00,9.00
28627.00,0.17,-0.19,0.11,0.00,-0.04,-11.71,0.00,0.00,-2147.78,-0.00,-0.00,-0.01,0.00,0.01,0.00,8.00
28635.00,0.17,-0.19,0.16,0.00,-0.04,6.95,0.00,0.00,2332.15,-0.00,-0.00,-0.01,0.00,0.00,-0.00,8.00
28643.00,0.17,-0.20,0.10,0.00,-0.04,-8.41,0.00,-0.00,-1919.17,-0.00,-0.00,-0.01,0.00,0.00,0.00,5.00
28648.00,0.17,-0.20,0.07,0.00,-0.04,-5.89,0.00,-0.00,502.50,-0.00,-0.00,-0.01,0.00,0.00,-0.00,8.00
28656.00,0.17,-0.20,0.08,0.00,-0.04,1.78,0.00,-0.00,959.48,-0.00,-0.00,-0.01,0.00,0.00,-0.00,8.00
28664.00,0.17,-0.20,0.13,0.00,-0.04,6.61,0.00,-0.00,603.97,-0.00,-0.00,-0.01,0.00,0.00,0.00,6.00
28670.00,0.17,-0.20,0.22,0.00,-0.04,13.78,0.00,-0.00,1194.16,-0.00,-0.00,-0.01,0.00,0.00,0.00,6.00
28676.00,0.17,-0.20,0.16,0.00,-0.04,-9.96,0.00,-0.00,-3956.92,-0.00,-0.00,-0.01,0.00,0.00,-0.00,19.00
28695.00,0.17,-0.20,0.09,0.00,-0.04,-3.33,0.00,-0.00,348.97,-0.00,-0.00,-0.01,0.00,0.00,-0.00,6.00
28706.00,0.17,-0.20,0.14,0.00,-0.04,3.84,0.00,-0.00,651.86,-0.00,-0.00,-0.01,0.00,0.00,-0.00,9.00
28715.00,0.17,-0.20,0.18,0.00,-0.04,4.89,0.00,-0.00,116.73,-0.00,-0.00,-0.01,0.00,-0.00,-0.00,5.00
28720.00,0.17,-0.20,-0.02,0.00,-0.04,-39.35,0.00,-0.00,-8847.42,-0.00,-0.00,-0.01,-0.00,0.00,-0.00,8.00
28728.00,0.17,-0.20,0.14,0.00,-0.04,19.90,0.00,-0.00,7405.90,-0.00,-0.00,-0.01,-0.00,0.00,-0.00,7.00
28735.00,0.17,-0.20,0.16,0.00,-0.04,2.26,0.00,-0.00,-2519.63,-0.00,-0.00,-0.01,-0.00,-0.00,0.00,8.00
28743.00,0.17,-0.20,0.12,0.00,-0.04,-5.00,0.00,-0.00,-907.16,-0.00,-0.00,-0.01,-0.00,0.00,0.00,5.00
28748.00,0.17,-0.20,0.13,0.00,-0.04,1.25,0.00,-0.00,1249.22,-0.00,-0.00,-0.01,-0.00,-0.00,0.00,8.00
28756.00,0.17,-0.20,0.09,0.00,-0.04,-3.93,0.00,-0.00,-647.43,-0.00,-0.00,-0.01,-0.00,-0.00,0.00,9.00
28765.00,0.17,-0.20,0.03,0.00,-0.04,-6.59,0.00,-0.00,-295.80,-0.00,-0.00,-0.01,0.00,-0.00,0.00,5.00
28770.00,0.17,-0.20,0.05,0.00,-0.04,3.95,0.00,-0.00,2108.06,-0.00,-0.00,-0.01,0.00,0.00,0.00,7.00
28781.00,0.17,-0.20,0.19,0.00,-0.04,12.62,0.00,-0.00,788.41,-0.00,-0.00,-0.01,-0.00,0.00,0.00,17.00
28798.00,0.17,-0.20,0.08,0.00,-0.04,-6.77,0.00,-0.00,-1140.42,-0.00,-0.00,-0.01,0.00,0.00,-0.00,8.00
28806.00,0.17,-0.20,0.20,0.00,-0.04,15.49,0.00,-0.00,2782.52,-0.00,-0.00,-0.01,0.00,0.00,0.00,8.00
28814.00,0.17,-0.20,0.08,0.00,-0.04,-14.71,0.00,-0.00,-3776.20,-0.00,-0.00,-0.01,0.00,0.00,0.00,6.00
28820.00,0.17,-0.20,0.11,0.00,-0.04,4.21,0.00,-0.00,3154.37,-0.00,-0.00,-0.01,0.00,0.00,0.00,7.00
28827.00,0.17,-0.20,0.16,0.00,-0.04,7.67,0.00,-0.00,494.21,-0.00,-0.00,-0.01,0.00,0.00,0.00,9.00
28836.00,0.17,-0.20,0.13,0.00,-0.04,-4.05,0.00,-0.00,-1302.13,-0.00,-0.00,-0.01,0.00,0.00,0.00,8.00
28844.00,0.16,-0.20,0.13,-0.06,0.00,0.50,-0.28,0.21,568.57,-0.00,-0.00,-0.01,0.00,-0.00,0.00,5.00
28849.00,0.16,-0.20,0.11,-0.06,0.00,-5.08,-0.28,0.21,-1115.92,-0.00,-0.00,-0.01,0.00,-0.00,0.00,7.00
28856.00,0.16,-0.20,0.17,-0.06,0.00,8.90,-0.28,0.21,1997.61,-0.00,-0.00,-0.01,0.00,-0.00,0.00,9.00
28869.00,0.16,-0.20,0.14,-0.06,0.00,-2.50,-0.28,0.21,-877.21,-0.00,-0.00,-0.01,0.00,0.00,-0.00,9.00
28878.00,0.16,-0.20,0.20,-0.06,0.00,7.05,-0.28,0.21,1060.92,-0.00,-0.00,-0.01,0.00,0.00,-0.00,8.00
28886.00,0.16,-0.20,0.05,-0.06,0.00,-18.77,-0.28,0.21,-3227.27,-0.00,-0.00,-0.01,-0.00,0.00,-0.00,17.00
28903.00,0.16,-0.20,0.13,-0.06,0.00,4.64,-0.28,0.21,1376.99,-0.00,-0.00,-0.01,-0.00,-0.01,0.00,5.00
28908.00,0.16,-0.20,0.06,-0.06,0.00,-14.00,-0.28,0.21,-3727.68,-0.00,-0.00,-0.01,-0.00,-0.01,0.00,8.00
28916.00,0.16,-0.20,0.19,-0.06,0.00,16.59,-0.28,0.21,3823.55,-0.00,-0.00,-0.01,0.00,-0.01,0.00,7.00
28923.00,0.16,-0.20,0.04,-0.06,0.00,-20.85,-0.28,0.21,-5348.28,-0.00,-0.00,-0.01,0.00,0.00,-0.00,5.00
28928.00,0.16,-0.20,0.10,-0.06,0.00,11.60,-0.28,0.21,6488.84,-0.00,-0.00,-0.01,0.00,0.00,-0.00,8.00
28936.00,0.16,-0.20,0.10,-0.06,0.00,0.02,-0.28,0.21,-1447.53,-0.00,-0.00,-0.01,0.00,0.00,0.00,8.00
28944.00,0.16,-0.20,0.09,-0.06,0.00,-1.43,-0.28,0.21,-180.77,-0.00,-0.00,-0.01,-0.00,-0.00,-0.00,6.00
28954.00,0.16,-0.20,0.13,-0.06,0.00,3.74,-0.28,0.21,517.00,-0.00,-0.00,-0.01,0.00,0.00,0.00,7.00
28961.00,0.16,-0.20,0.10,-0.06,0.00,-3.97,-0.28,0.21,-1100.74,-0.00,-0.00,-0.01,-0.00,-0.00,-0.00,6.00
28967.00,0.16,-0.20,0.03,-0.06,0.00,-11.29,-0.28,0.21,-1220.35,-0.00,-0.00,-0.01,-0.00,-0.00,-0.00,6.00
28973.00,0.16,-0.20,0.20,-0.06,0.00,27.15,-0.28,0.21,6405.76,-0.00,-0.00,-0.01,0.00,-0.00,0.00,5.00
28978.00,0.16,-0.20,0.08,-0.06,0.00,-22.28,-0.28,0.21,-9884.69,-0.00,-0.00,-0.01,0.00,-0.00,0.00,19.00
28997.00,0.16,-0.20,0.07,-0.06,0.00,-0.58,-0.28,0.21,1142.14,-0.00,-0.00,-0.01,0.00,0.00,0.00,8.00
29005.00,0.16,-0.20,0.11,-0.06,0.00,4.58,-0.28,0.21,645.00,-0.00,-0.00,-0.01,0.00,0.00,0.00,5.00
29010.00,0.16,-0.20,0.16,-0.06,0.00,9.97,-0.28,0.21,1078.15,-0.00,-0.00,-0.01,0.00,0.00,-0.00,8.00
29018.00,0.16,-0.20,0.14,-0.06,0.00,-2.43,-0.28,0.21,-1550.24,-0.00,-0.00,-0.01,0.00,0.00,-0.00,5.00
29023.00,0.16,-0.20,0.23,-0.06,0.00,18.38,-0.28,0.21,4160.65,-0.00,-0.00,-0.01,0.00,0.00,-0.00,6.00
29033.00,0.16,-0.20,0.15,-0.06,0.00,-8.00,-0.28,0.21,-2637.39,-0.00,-0.00,-0.01,0.00,-0.00,0.00,7.00
29040.00,0.16,-0.20,0.07,-0.06,0.00,-11.65,-0.28,0.21,-521.17,-0.00,-0.00,-0.01,0.00,-0.00,-0.00,7.00
29047.00,0.16,-0.21,0.14,0.00,-0.08,9.78,0.27,-0.39,3060.76,-0.00,-0.00,-0.01,0.00,-0.00,-0.00,8.00
29055.00,0.16,-0.21,0.15,0.00,-0.08,1.56,0.27,-0.39,-1026.89,-0.00,-0.00,-0.01,-0.00,-0.00,-0.00,6.00
29061.00,0.16,-0.21,0.11,0.00,-0.08,-6.93,0.27,-0.39,-1415.99,-0.00,-0.00,-0.01,-0.00,-0.00,-0.00,7.00
29068.00,0.16,-0.21,0.15,0.00,-0.08,5.12,0.27,-0.39,1721.20,-0.00,-0.00,-0.01,-0.00,-0.00,0.00,5.00
29073.00,0.16,-0.21,0.13,0.00,-0.08,-3.13,0.27,-0.39,-1649.14,-0.00,-0.00,-0.01,-0.00,-0.00,0.00,6.00
29079.00,0.16,-0.21,0.09,0.00,-0.08,-6.09,0.27,-0.39,-492.62,-0.00,-0.00,-0.01,-0.00,-0.00,0.00,8.00
29087.00,0.16,-0.21,0.11,0.00,-0.08,2.36,0.27,-0.39,1055.32,-0.00,-0.00,-0.01,0.00,-0.00,0.00,17.00
29104.00,0.16,-0.21,0.11,0.00,-0.08,-0.21,0.27,-0.39,-151.02,-0.00,-0.00,-0.01,-0.00,-0.00,0.00,6.00
29115.00,0.16,-0.21,0.15,0.00,-0.08,3.40,0.27,-0.39,328.16,-0.00,-0.00,-0.01,-0.00,-0.00,-0.00,6.00
29121.00,0.16,-0.21,0.17,0.00,-0.08,3.59,0.27,-0.39,30.88,-0.00,-0.00,-0.01,-0.00,0.00,-0.00,7.00
29128.00,0.16,-0.21,0.13,0.00,-0.08,-5.72,0.27,-0.39,-1328.91,-0.00,-0.00,-0.01,-0.00,0.00,-0.00,8.00
29137.00,0.16,-0.21,0.11,0.00,-0.08,-1.59,0.27,-0.39,458.90,-0.00,-0.00,-0.01,-0.00,-0.00,-0.00,7.00
29144.00,0.16,-0.21,0.00,0.00,-0.08,-15.91,0.27,-0.39,-2045.48,-0.00,-0.00,-0.01,0.00,0.00,-0.00,5.00
29149.00,0.16,-0.21,0.23,0.00,-0.08,45.79,0.27,-0.39,12338.98,-0.00,-0.00,-0.01,0.00,0.00,0.00,8.00
29157.00,0.16,-0.21,0.12,0.00,-0.08,-13.45,0.27,-0.39,-7405.23,-0.00,-0.00,-0.01,-0.00,0.00,0.00,7.00
29164.00,0.16,-0.21,0.14,0.00,-0.08,2.96,0.27,-0.39,2344.69,-0.00,-0.00,-0.01,-0.00,0.00,0.00,6.00
29170.00,0.16,-0.21,0.18,0.00,-0.08,5.71,0.27,-0.39,458.54,-0.00,-0.00,-0.01,-0.00,0.00,0.00,6.00
29176.00,0.16,-0.21,0.19,0.00,-0.08,1.34,0.27,-0.39,-728.68,-0.00,-0.00,-0.01,-0.00,0.00,0.00,6.00
29187.00,0.16,-0.21,0.17,0.00,-0.08,-1.09,0.27,-0.39,-220.70,-0.00,-0.00,-0.01,0.00,-0.00,0.00,18.00
29205.00,0.16,-0.21,0.18,0.00,-0.08,0.56,0.27,-0.39,91.41,-0.00,-0.00,-0.01,0.00,-0.00,-0.00,6.00
29211.00,0.16,-0.21,0.14,0.00,-0.08,-7.37,0.27,-0.39,-1320.71,-0.00,-0.00,-0.01,0.00,0.00,-0.00,7.00
29218.00,0.16,-0.21,0.18,0.00,-0.08,5.49,0.27,-0.39,1836.55,-0.00,-0.00,-0.01,0.00,0.00,-0.00,6.00
29224.00,0.16,-0.21,0.09,0.00,-0.08,-14.23,0.27,-0.39,-3286.54,-0.00,-0.00,-0.01,0.00,0.00,-0.00,5.00
29229.00,0.16,-0.21,0.14,0.00,-0.08,9.64,0.27,-0.39,4774.19,-0.00,-0.00,-0.01,0.00,0.00,-0.00,8.00
29237.00,0.16,-0.21,0.14,0.00,-0.08,-0.66,0.27,-0.39,-1287.49,-0.00,-0.00,-0.01,0.00,0.00,0.00,8.00
29245.00,0.16,-0.21,0.12,0.00,-0.08,-1.82,0.27,-0.39,-144.55,-0.00,-0.00,-0.01,-0.00,-0.00,0.00,6.00
29251.00,0.16,-0.21,0.13,0.00,0.00,1.87,0.00,0.37,614.97,-0.00,-0.00,-0.01,-0.00,-0.00,0.00,7.00
29258.00,0.16,-0.21,0.21,0.00,0.00,10.44,0.00,0.37,1224.19,-0.00,-0.00,-0.01,0.00,0.00,0.00,9.00
29277.00,0.16,-0.21,0.16,0.00,0.00,-2.40,0.00,0.37,-675.70,-0.00,-0.00,-0.01,-0.00,-0.00,-0.00,16.00
29293.00,0.16,-0.21,0.15,0.00,0.00,-0.76,0.00,0.37,102.20,-0.00,-0.00,-0.01,-0.00,-0.00,-0.00,6.00
29299.00,0.16,-0.21,0.18,0.00,0.00,4.52,0.00,0.37,880.30,-0.00,-0.00,-0.01,-0.00,-0.00,-0.00,8.00
29307.00,0.16,-0.21,0.24,0.00,0.00,7.71,0.00,0.37,398.58,-0.00,-0.00,-0.01,-0.00,-0.00,0.00,8.00
29315.00,0.16,-0.21,0.19,0.00,0.00,-5.62,0.00,0.37,-1666.07,-0.00,-0.00,-0.01,0.00,0.00,-0.00,5.00
29320.00,0.16,-0.21,0.28,0.00,0.00,16.94,0.00,0.37,4512.54,-0.00,-0.00,-0.01,0.00,0.00,-0.00,8.00
29328.00,0.16,-0.21,0.03,0.00,0.00,-31.28,0.00,0.37,-6028.49,-0.00,-0.00,-0.01,0.00,0.00,0.00,7.00
29335.00,0.16,-0.21,0.13,0.00,0.00,15.22,0.00,0.37,6642.67,-0.00,-0.00,-0.01,0.00,0.00,0.00,6.00
29341.00,0.16,-0.21,0.16,0.00,0.00,3.72,0.00,0.37,-1915.81,-0.00,-0.00,-0.01,0.00,0.00,0.00,7.00
29348.00,0.16,-0.21,0.13,0.00,0.00,-4.23,0.00,0.37,-1135.69,-0.00,-0.00,-0.01,0.00,0.00,0.01,9.00
29362.00,0.16,-0.21,0.15,0.00,0.00,1.73,0.00,0.37,425.76,-0.00,-0.00,-0.01,-0.00,0.00,0.00,8.00
29370.00,0.16,-0.21,0.12,0.00,0.00,-4.28,0.00,0.37,-751.05,-0.00,-0.00,-0.01,0.00,0.00,0.00,5.00
29375.00,0.16,-0.21,0.11,0.00,0.00,-1.28,0.00,0.37,599.17,-0.00,-0.00,-0.01,0.00,-0.00,0.00,6.00
29381.00,0.16,-0.21,0.10,0.00,0.00,-1.32,0.00,0.37,-6.09,-0.00,-0.00,-0.01,0.00,0.00,0.00,7.00
29388.00,0.16,-0.21,0.18,0.00,0.00,11.58,0.00,0.37,1842.70,-0.00,-0.00,-0.01,0.01,0.00,0.00,18.00
29406.00,0.16,-0.21,0.10,0.00,0.00,-4.66,0.00,0.37,-902.14,-0.00,-0.00,-0.01,0.00,-0.00,0.00,6.00
29412.00,0.16,-0.21,0.19,0.00,0.00,15.47,0.00,0.37,3355.17,-0.00,-0.00,-0.01,-0.00,0.00,0.00,7.00
29419.00,0.16,-0.21,0.16,0.00,0.00,-4.42,0.00,0.37,-2841.39,-0.00,-0.00,-0.01,-0.00,0.00,0.00,5.00
29424.00,0.16,-0.21,0.17,0.00,0.00,1.45,0.00,0.37,1173.43,-0.00,-0.00,-0.01,-0.00,-0.00,0.00,6.00
29430.00,0.16,-0.21,0.18,0.00,0.00,2.45,0.00,0.37,166.16,-0.00,-0.00,-0.01,-0.00,-0.00,0.00,8.00
29443.00,0.16,-0.21,0.23,0.00,0.00,3.97,0.00,0.37,117.27,-0.00,-0.00,-0.01,-0.00,0.00,-0.00,7.00
29450.00,0.16,-0.21,0.19,0.00,0.00,-6.44,0.00,0.37,-1487.01,-0.00,-0.00,-0.01,-0.00,0.00,-0.00,8.00
29458.00,0.14,-0.22,0.19,-0.05,-0.03,0.12,-0.26,-0.16,819.63,-0.00,-0.00,-0.01,0.00,0.00,-0.00,7.00
29465.00,0.14,-0.22,0.12,-0.05,-0.03,-10.43,-0.26,-0.16,-1507.01,-0.00,-0.00,-0.01,0.00,-0.00,-0.00,5.00
29470.00,0.14,-0.22,0.19,-0.05,-0.03,15.49,-0.26,-0.16,5183.40,-0.00,-0.00,-0.01,0.00,-0.00,-0.00,7.00
29477.00,0.14,-0.22,0.14,-0.05,-0.03,-8.12,-0.26,-0.16,-3371.98,-0.00,-0.00,-0.01,0.00,0.00,0.00,6.00
29483.00,0.14,-0.22,0.06,-0.05,-0.03,-12.23,-0.26,-0.16,-685.14,-0.00,-0.00,-0.01,0.00,0.00,0.00,17.00
29500.00,0.14,-0.22,0.19,-0.05,-0.03,7.22,-0.26,-0.16,1143.65,-0.00,-0.00,-0.01,0.00,-0.00,0.00,8.00
29508.00,0.14,-0.22,0.17,-0.05,-0.03,-2.69,-0.26,-0.16,-1238.19,-0.00,-0.00,-0.01,0.00,-0.00,0.00,8.00
29516.00,0.14,-0.22,0.22,-0.05,-0.03,6.47,-0.26,-0.16,1145.55,-0.00,-0.00,-0.01,0.00,-0.00,-0.00,5.00
29526.00,0.14,-0.22,0.17,-0.05,-0.03,-4.94,-0.26,-0.16,-1141.64,-0.00,-0.00,-0.01,-0.00,0.00,0.00,6.00
29532.00,0.14,-0.22,0.11,-0.05,-0.03,-10.26,-0.26,-0.16,-885.79,-0.00,-0.00,-0.01,0.00,0.00,0.00,7.00
29539.00,0.14,-0.22,0.18,-0.05,-0.03,9.93,-0.26,-0.16,2883.73,-0.00,-0.00,-0.01,0.00,0.00,0.00,9.00
29548.00,0.14,-0.22,0.14,-0.05,-0.03,-3.63,-0.26,-0.16,-1506.94,-0.00,-0.00,-0.01,0.00,-0.00,-0.00,7.00
29555.00,0.14,-0.22,0.12,-0.05,-0.03,-2.67,-0.26,-0.16,138.17,-0.00,-0.00,-0.01,0.00,0.00,-0.00,6.00
29561.00,0.14,-0.22,0.19,-0.05,-0.03,10.87,-0.26,-0.16,2256.39,-0.00,-0.00,-0.01,0.00,0.00,0.00,7.00
29568.00,0.14,-0.22,0.11,-0.05,-0.03,-11.85,-0.26,-0.16,-3246.02,-0.00,-0.00,-0.01,0.00,0.00,0.00,6.00
29574.00,0.14,-0.22,0.20,-0.05,-0.03,15.35,-0.26,-0.16,4533.28,-0.00,-0.00,-0.01,0.00,0.00,0.00,6.00
29580.00,0.14,-0.22,0.20,-0.05,-0.03,-0.07,-0.26,-0.16,-2570.55,-0.00,-0.00,-0.01,0.00,0.00,0.00,18.00
29598.00,0.14,-0.22,0.20,-0.05,-0.03,0.15,-0.26,-0.16,12.17,-0.00,-0.00,-0.01,0.00,0.00,-0.00,7.00
29610.00,0.14,-0.22,0.14,-0.05,-0.03,-5.43,-0.26,-0.16,-465.01,-0.00,-0.00,-0.01,0.00,-0.00,0.00,9.00
29619.00,0.14,-0.22,0.16,-0.05,-0.03,3.00,-0.26,-0.16,937.18,-0.00,-0.00,-0.01,0.00,0.00,-0.00,5.00
29624.00,0.14,-0.22,0.13,-0.05,-0.03,-7.53,-0.26,-0.16,-2106.43,-0.00,-0.00,-0.01,0.00,0.00,-0.00,6.00
29630.00,0.14,-0.22,0.14,-0.05,-0.03,2.34,-0.26,-0.16,1644.56,-0.00,-0.00,-0.01,0.00,-0.00,-0.00,8.00
29638.00,0.14,-0.22,0.20,-0.05,-0.03,7.08,-0.26,-0.16,593.52,-0.00,-0.00,-0.01,-0.00,-0.00,0.00,8.00
29646.00,0.14,-0.22,0.08,-0.05,-0.03,-14.53,-0.26,-0.16,-2701.41,-0.00,-0.00,-0.01,0.00,0.00,0.00,5.00
29651.00,0.14,-0.22,0.16,-0.05,-0.03,15.78,-0.26,-0.16,6061.45,-0.00,-0.00,-0.01,-0.00,0.00,0.00,8.00
29659.00,0.14,-0.22,0.12,0.00,0.00,-4.64,0.27,0.16,-2552.36,-0.00,-0.00,-0.01,-0.00,0.00,0.00,9.00
29668.00,0.14,-0.22,0.12,0.00,0.00,0.28,0.27,0.16,546.25,-0.00,-0.00,-0.01,-0.00,0.00,0.00,5.00
29673.00,0.14,-0.22,0.14,0.00,0.00,3.78,0.27,0.16,700.76,-0.00,-0.00,-0.01,-0.00,-0.00,0.00,7.00
29684.00,0.14,-0.22,0.12,0.00,0.00,-1.88,0.27,0.16,-514.50,-0.00,-0.00,-0.01,-0.00,-0.00,0.00,17.00
29701.00,0.14,-0.22,0.05,0.00,0.00,-4.05,0.27,0.16,-128.04,-0.00,-0.00,-0.01,0.00,-0.00,-0.00,8.00
29709.00,0.14,-0.22,0.10,0.00,0.00,6.08,0.27,0.16,1266.48,-0.00,-0.00,-0.01,0.00,-0.00,0.00,9.00
29718.00,0.14,-0.22,0.13,0.00,0.00,3.38,0.27,0.16,-299.35,-0.00,-0.00,-0.01,0.00,0.00,0.00,5.00
29723.00,0.14,-0.22,0.15,0.00,0.00,2.87,0.27,0.16,-103.38,-0.00,-0.00,-0.01,0.00,0.00,0.00,7.00
29730.00,0.14,-0.22,0.09,0.00,0.00,-7.95,0.27,0.16,-1544.76,-0.00,-0.00,-0.01,0.00,0.00,0.00,9.00
29739.00,0.14,-0.22,0.18,0.00,0.00,9.93,0.27,0.16,1986.42,-0.00,-0.00,-0.01,-0.00,-0.00,0.00,7.00
29746.00,0.14,-0.22,0.20,0.00,0.00,3.16,0.27,0.16,-967.26,-0.00,-0.00,-0.01,0.00,0.00,0.00,5.00
29751.00,0.14,-0.22,0.12,0.00,0.00,-17.11,0.27,0.16,-4054.28,-0.00,-0.00,-0.01,0.00,0.00,-0.00,8.00
29759.00,0.14,-0.22,0.22,0.00,0.00,12.94,0.27,0.16,3756.19,-0.00,-0.00,-0.01,-0.00,0.00,-0.00,8.00
29772.00,0.14,-0.22,0.17,0.00,0.00,-3.69,0.27,0.16,-1279.31,-0.00,-0.00,-0.01,0.00,0.00,0.00,8.00
29780.00,0.14,-0.22,0.15,0.00,0.00,-2.97,0.27,0.16,91.00,-0.00,-0.00,-0.01,-0.00,-0.00,-0.00,8.00
29788.00,0.14,-0.22,0.17,0.00,0.00,2.91,0.27,0.16,734.13,-0.00,-0.00,-0.01,0.00,0.00,-0.00,17.00
29805.00,0.14,-0.22,0.09,0.00,0.00,-4.83,0.27,0.16,-455.03,-0.00,-0.00,-0.01,-0.00,0.00,0.00,6.00
29811.00,0.14,-0.22,0.09,0.00,0.00,0.42,0.27,0.16,874.44,-0.00,-0.00,-0.01,0.00,0.00,0.00,8.00
29819.00,0.14,-0.22,0.13,0.00,0.00,4.16,0.27,0.16,468.15,-0.00,-0.00,-0.01,-0.00,-0.00,0.00,6.00
29825.00,0.14,-0.22,0.17,0.00,0.00,7.00,0.27,0.16,472.14,-0.00,-0.00,-0.01,-0.00,-0.00,0.00,6.00
29831.00,0.14,-0.22,0.14,0.00,0.00,-5.20,0.27,0.16,-2032.97,-0.00,-0.00,-0.01,-0.00,-0.00,0.00,8.00
29839.00,0.14,-0.22,0.16,0.00,0.00,3.16,0.27,0.16,1045.27,-0.00,-0.00,-0.01,-0.00,0.00,0.00,8.00
29847.00,0.14,-0.22,0.18,0.00,0.00,2.11,0.27,0.16,-131.36,-0.00,-0.00,-0.01,-0.00,-0.00,-0.00,6.00
29858.00,0.14,-0.22,0.15,0.00,0.00,-2.37,0.27,0.16,-406.99,-0.00,-0.00,-0.01,-0.00,0.00,-0.00,6.00
29864.00,0.14,-0.22,0.19,0.00,0.00,5.93,0.00,0.00,1382.83,-0.00,-0.00,-0.01,-0.00,-0.00,-0.00,6.00
29870.00,0.14,-0.22,0.24,0.00,0.00,9.29,0.00,0.00,559.43,-0.00,-0.00,-0.01,-0.00,-0.00,-0.00,6.00
29876.00,0.14,-0.22,0.22,0.00,0.00,-4.11,0.00,0.00,-2232.32,-0.00,-0.00,-0.01,-0.00,0.00,-0.00,5.00
29881.00,0.14,-0.22,0.14,0.00,0.00,-16.69,0.00,0.00,-2517.37,-0.00,-0.00,-0.01,-0.00,0.00,-0.00,19.00
29900.00,0.14,-0.22,0.13,0.00,0.00,-0.16,0.00,0.00,870.21,-0.00,-0.00,-0.01,-0.00,-0.00,0.00,8.00
29908.00,0.14,-0.22,0.22,0.00,0.00,10.62,0.00,0.00,1348.02,-0.00,-0.00,-0.01,0.00,0.00,0.00,5.00
29913.00,0.14,-0.22,0.19,0.00,0.00,-5.34,0.00,0.00,-3192.51,-0.00,-0.00,-0.01,-0.00,0.00,0.00,8.00
29921.00,0.14,-0.22,0.01,0.00,0.00,-22.40,0.00,0.00,-2132.12,-0.00,-0.00,-0.01,-0.00,0.00,0.00,5.00
29926.00,0.14,-0.22,0.20,0.00,0.00,38.27,0.00,0.00,12133.04,-0.00,-0.00,-0.01,-0.00,0.00,-0.00,6.00
29941.00,0.14,-0.22,0.05,0.00,0.00,-10.35,0.00,0.00,-3241.16,-0.00,-0.00,-0.01,-0.00,0.00,0.00,10.00
29951.00,0.14,-0.22,0.13,0.00,0.00,8.49,0.00,0.00,1883.92,-0.00,-0.00,-0.01,0.00,0.00,-0.01,8.00
29959.00,0.14,-0.22,0.22,0.00,0.00,10.20,0.00,0.00,214.05,-0.00,-0.00,-0.01,-0.00,0.00,-0.01,7.00
29966.00,0.14,-0.22,0.19,0.00,0.00,-4.25,0.00,0.00,-2064.43,-0.00,-0.00,-0.01,0.00,0.00,0.00,5.00
29971.00,0.14,-0.22,0.08,0.00,0.00,-21.66,0.00,0.00,-3483.16,-0.00,-0.00,-0.01,0.00,0.00,0.00,6.00
29977.00,0.14,-0.22,0.15,0.00,0.00,12.77,0.00,0.00,5738.77,-0.00,-0.00,-0.01,0.00,0.00,0.00,6.00
29983.00,0.14,-0.22,0.12,0.00,0.00,-6.43,0.00,0.00,-3199.34,-0.00,-0.00,-0.01,0.00,0.00,0.00,17.00
30000.00,0.14,-0.22,0.17,0.00,0.00,3.17,0.00,0.00,564.45,-0.00,-0.00,-0.01,0.00,0.00,-0.00,9.00
30009.00,0.14,-0.22,0.15,0.00,0.00,-2.05,0.00,0.00,-579.95,-0.00,-0.00,-0.01,0.00,-0.00,-0.00,7.00
30016.00,0.14,-0.22,0.13,0.00,0.00,-3.50,0.00,0.00,-206.80,-0.00,-0.00,-0.01,-0.00,0.00,-0.00,6.00
30027.00,0.14,-0.22,0.15,0.00,0.00,1.79,0.00,0.00,480.94,-0.00,-0.00,-0.01,-0.00,0.00,0.00,7.00
30034.00,0.14,-0.22,0.10,0.00,0.00,-6.02,0.00,0.00,-1115.95,-0.00,-0.00,-0.01,-0.00,0.00,-0.00,6.00
30040.00,0.14,-0.22,0.15,0.00,0.00,8.41,0.00,0.00,2405.17,-0.00,-0.00,-0.01,0.00,-0.00,-0.00,6.00
30046.00,0.14,-0.22,0.18,0.00,0.00,4.92,0.00,0.00,-582.41,-0.00,-0.00,-0.01,0.00,-0.00,-0.00,5.00
30051.00,0.14,-0.22,0.12,0.00,0.00,-13.63,0.00,0.00,-3708.61,-0.00,-0.00,-0.01,0.00,0.00,0.00,9.00
30060.00,0.14,-0.22,0.20,0.00,0.00,9.55,0.00,0.00,2574.66,-0.00,-0.00,-0.01,-0.00,-0.00,-0.00,8.00
30068.00,0.14,-0.23,0.26,0.00,-0.08,7.02,0.00,-0.37,-315.29,-0.00,-0.00,-0.01,-0.00,-0.00,0.00,5.00
30073.00,0.14,-0.23,0.13,0.00,-0.08,-26.39,0.00,-0.37,-6682.36,-0.00,-0.00,-0.01,-0.00,-0.00,0.00,7.00
30080.00,0.14,-0.23,0.16,0.00,-0.08,4.65,0.00,-0.37,4434.40,-0.00,-0.00,-0.01,-0.00,0.00,0.00,17.00
30097.00,0.14,-0.23,0.11,0.00,-0.08,-2.62,0.00,-0.37,-427.62,-0.00,-0.00,-0.01,-0.01,0.00,-0.00,6.00
30108.00,0.14,-0.23,0.18,0.00,-0.08,6.03,0.00,-0.37,786.00,-0.00,-0.00,-0.01,-0.00,0.00,-0.00,6.00
30114.00,0.14,-0.23,0.11,0.00,-0.08,-11.57,0.00,-0.37,-2933.52,-0.00,-0.00,-0.01,-0.00,0.00,-0.00,7.00
30121.00,0.14,-0.23,0.11,0.00,-0.08,0.50,0.00,-0.37,1724.03,-0.00,-0.00,-0.01,0.00,0.00,0.00,6.00
30127.00,0.14,-0.23,0.13,0.00,-0.08,2.93,0.00,-0.37,404.99,-0.00,-0.00,-0.01,0.00,0.00,-0.00,5.00
30132.00,0.14,-0.23,0.12,0.00,-0.08,-2.12,0.00,-0.37,-1010.14,-0.00,-0.00,-0.01,0.00,0.00,-0.00,8.00
30140.00,0.14,-0.23,0.20,0.00,-0.08,9.75,0.00,-0.37,1483.73,-0.00,-0.00,-0.01,0.00,0.00,-0.00,8.00
30148.00,0.14,-0.23,0.15,0.00,-0.08,-5.67,0.00,-0.37,-1926.47,-0.00,-0.00,-0.01,-0.00,0.00,0.00,6.00
30154.00,0.14,-0.23,0.20,0.00,-0.08,7.28,0.00,-0.37,2158.23,-0.00,-0.00,-0.01,-0.00,0.00,0.00,7.00
30161.00,0.14,-0.23,0.13,0.00,-0.08,-9.84,0.00,-0.37,-2445.75,-0.00,-0.00,-0.01,0.00,0.00,-0.00,8.00
30169.00,0.14,-0.23,0.27,0.00,-0.08,17.79,0.00,-0.37,3453.01,-0.00,-0.00,-0.01,-0.00,0.00,-0.00,6.00
30179.00,0.14,-0.23,0.24,0.00,-0.08,-3.52,0.00,-0.37,-2131.09,-0.00,-0.00,-0.01,0.00,0.00,0.00,17.00
30196.00,0.14,-0.23,0.11,0.00,-0.08,-7.49,0.00,-0.37,-233.57,-0.00,-0.00,-0.01,0.00,0.00,-0.00,6.00
30202.00,0.14,-0.23,0.18,0.00,-0.08,11.91,0.00,-0.37,3234.34,-0.00,-0.00,-0.01,-0.00,0.00,0.00,8.00
30210.00,0.14,-0.23,0.19,0.00,-0.08,1.65,0.00,-0.37,-1282.28,-0.00,-0.00,-0.01,-0.00,-0.00,0.00,8.00
30218.00,0.14,-0.23,0.21,0.00,-0.08,2.44,0.00,-0.37,98.62,-0.00,-0.00,-0.01,-0.00,0.00,-0.00,5.00
30223.00,0.14,-0.23,0.09,0.00,-0.08,-24.33,0.00,-0.37,-5355.32,-0.00,-0.00,-0.01,-0.00,0.00,-0.00,7.00
30230.00,0.14,-0.23,0.14,0.00,-0.08,7.52,0.00,-0.37,4550.96,-0.00,-0.00,-0.01,0.00,0.00,-0.00,8.00
30238.00,0.14,-0.23,0.23,0.00,-0.08,10.21,0.00,-0.37,335.28,-0.00,-0.00,-0.01,0.00,-0.00,0.00,5.00
30243.00,0.14,-0.23,0.17,0.00,-0.08,-11.35,0.00,-0.37,-4311.38,-0.00,-0.00,-0.01,0.00,-0.00,0.00,6.00
30249.00,0.14,-0.23,0.17,0.00,-0.08,0.00,0.00,-0.37,1891.97,-0.00,-0.00,-0.01,0.00,-0.00,0.00,3.00
30257.00,0.14,-0.23,0.19,0.00,-0.08,2.55,0.00,-0.37,318.54,-0.00,-0.00,-0.01,0.00,-0.00,0.00,7.00
30264.00,0.14,-0.23,0.24,0.00,-0.08,6.85,0.00,-0.37,614.28,-0.00,-0.00,-0.01,0.00,-0.00,0.00,7.00
30271.00,0.14,-0.23,0.09,0.00,0.00,-20.77,0.00,0.37,-3944.78,-0.00,-0.00,-0.01,-0.00,-0.00,0.00,6.00
30277.00,0.14,-0.23,0.22,0.00,0.00,21.32,0.00,0.37,7014.30,-0.00,-0.00,-0.01,-0.00,0.00,-0.00,5.00
30282.00,0.14,-0.23,0.25,0.00,0.00,5.22,0.00,0.37,-3220.68,-0.00,-0.00,-0.01,-0.00,0.00,-0.00,19.00
30301.00,0.14,-0.23,0.17,0.00,0.00,-3.86,0.00,0.37,-477.88,-0.00,-0.00,-0.01,-0.00,-0.00,0.00,9.00
30310.00,0.14,-0.23,0.18,0.00,0.00,1.15,0.00,0.37,557.39,-0.00,-0.00,-0.01,0.00,0.00,0.00,7.00
30317.00,0.14,-0.23,0.18,0.00,0.00,-0.97,0.00,0.37,-303.50,-0.00,-0.00,-0.01,0.00,-0.01,0.00,6.00
30323.00,0.14,-0.23,0.15,0.00,0.00,-4.91,0.00,0.37,-656.22,-0.00,-0.00,-0.01,0.00,-0.01,0.00,7.00
30330.00,0.14,-0.23,0.16,0.00,0.00,1.57,0.00,0.37,925.19,-0.00,-0.00,-0.01,0.00,-0.00,-0.00,6.00
30341.00,0.14,-0.23,0.18,0.00,0.00,1.76,0.00,0.37,17.04,-0.00,-0.00,-0.01,0.00,-0.00,-0.00,9.00
30350.00,0.14,-0.23,0.18,0.00,0.00,0.64,0.00,0.37,-123.84,-0.00,-0.00,-0.01,0.00,0.00,0.00,6.00
30356.00,0.14,-0.23,0.21,0.00,0.00,3.86,0.00,0.37,536.95,-0.00,-0.00,-0.01,0.00,0.00,0.00,7.00
30363.00,0.14,-0.23,0.20,0.00,0.00,-1.35,0.00,0.37,-744.38,-0.00,-0.00,-0.01,0.00,0.00,0.00,8.00
30371.00,0.14,-0.23,0.14,0.00,0.00,-7.26,0.00,0.37,-738.91,-0.00,-0.00,-0.01,0.00,0.00,0.00,5.00
30376.00,0.14,-0.23,0.20,0.00,0.00,13.14,0.00,0.37,4079.29,-0.00,-0.00,-0.01,0.00,0.00,0.00,6.00
30382.00,0.14,-0.23,0.18,0.00,0.00,-4.17,0.00,0.37,-2884.39,-0.00,-0.00,-0.01,0.00,0.00,-0.00,19.00
30401.00,0.14,-0.23,0.20,0.00,0.00,1.35,0.00,0.37,290.30,-0.00,-0.00,-0.01,0.00,0.00,-0.00,7.00
30408.00,0.14,-0.23,0.21,0.00,0.00,0.97,0.00,0.37,-54.43,-0.00,-0.00,-0.01,0.00,-0.00,-0.00,5.00
30413.00,0.14,-0.23,0.24,0.00,0.00,6.64,0.00,0.37,1134.36,-0.00,-0.00,-0.01,0.00,-0.00,-0.00,6.00
30424.00,0.14,-0.23,0.29,0.00,0.00,3.85,0.00,0.37,-253.46,-0.00,-0.00,-0.01,-0.00,0.00,0.00,7.00
30431.00,0.14,-0.23,0.19,0.00,0.00,-13.88,0.00,0.37,-2532.12,-0.00,-0.00,-0.01,-0.00,0.00,-0.00,7.00
30438.00,0.14,-0.23,0.26,0.00,0.00,9.97,0.00,0.37,3406.25,-0.00,-0.00,-0.01,0.00,-0.01,0.00,6.00
30444.00,0.14,-0.23,0.16,0.00,0.00,-17.03,0.00,0.37,-4499.81,-0.00,-0.00,-0.01,-0.00,-0.01,0.00,7.00
30451.00,0.14,-0.23,0.27,0.00,0.00,15.64,0.00,0.37,4667.41,-0.00,-0.00,-0.01,-0.00,-0.00,0.00,8.00
30459.00,0.14,-0.23,0.23,0.00,0.00,-4.60,0.00,0.37,-2529.86,-0.00,-0.00,-0.01,0.00,-0.00,-0.00,5.00
30464.00,0.14,-0.23,0.15,0.00,0.00,-16.81,0.00,0.37,-2441.96,-0.00,-0.00,-0.01,0.00,0.00,-0.00,8.00
30472.00,0.14,-0.24,0.15,0.00,-0.04,1.16,0.00,-0.19,2245.45,-0.00,-0.00,-0.01,-0.00,0.00,-0.00,5.00
30477.00,0.14,-0.24,0.22,0.00,-0.04,13.10,0.00,-0.19,2387.83,-0.00,-0.00,-0.01,-0.00,0.00,-0.00,6.00
30483.00,0.14,-0.24,0.09,0.00,-0.04,-21.68,0.00,-0.19,-5796.47,-0.00,-0.00,-0.01,-0.00,0.00,-0.00,8.00
30496.00,0.14,-0.24,0.22,0.00,-0.04,10.30,0.00,-0.19,2459.90,-0.00,-0.00,-0.01,0.00,0.00,0.00,17.00
30513.00,0.14,-0.24,0.14,0.00,-0.04,-5.12,0.00,-0.19,-907.04,-0.00,-0.00,-0.01,0.00,0.00,0.00,9.00
30522.00,0.14,-0.24,0.20,0.00,-0.04,6.46,0.00,-0.19,1287.29,-0.00,-0.00,-0.01,0.00,0.00,0.00,5.00
30527.00,0.14,-0.24,0.10,0.00,-0.04,-19.17,0.00,-0.19,-5127.16,-0.00,-0.00,-0.01,0.00,0.00,0.00,6.00
30533.00,0.14,-0.24,0.16,0.00,-0.04,9.49,0.00,-0.19,4776.83,-0.00,-0.00,-0.01,0.00,0.00,0.00,8.00
30541.00,0.14,-0.24,0.19,0.00,-0.04,4.47,0.00,-0.19,-626.62,-0.00,-0.00,-0.01,0.00,0.00,-0.00,8.00
30549.00,0.14,-0.24,0.12,0.00,-0.04,-8.99,0.00,-0.19,-1683.00,-0.00,-0.00,-0.01,0.00,0.00,0.00,5.00
30554.00,0.14,-0.24,0.27,0.00,-0.04,29.68,0.00,-0.19,7734.05,-0.00,-0.00,-0.01,0.00,0.00,0.00,8.00
30562.00,0.14,-0.24,0.11,0.00,-0.04,-19.29,0.00,-0.19,-6121.45,-0.00,-0.00,-0.01,0.00,0.00,0.00,9.00
30571.00,0.14,-0.24,0.07,0.00,-0.04,-4.82,0.00,-0.19,1607.76,-0.00,-0.00,-0.01,0.00,0.00,-0.00,6.00
30586.00,0.14,-0.24,0.16,0.00,-0.04,5.63,0.00,-0.19,696.87,-0.00,-0.00,-0.01,-0.00,0.00,0.00,17.00
30603.00,0.14,-0.24,0.10,0.00,-0.04,-3.51,0.00,-0.19,-537.65,-0.00,-0.00,-0.01,-0.00,0.00,0.00,9.00
30612.00,0.14,-0.24,0.19,0.00,-0.04,11.02,0.00,-0.19,1613.82,-0.00,-0.00,-0.01,0.00,-0.00,0.00,8.00
30620.00,0.14,-0.24,0.20,0.00,-0.04,0.10,0.00,-0.19,-1364.82,-0.00,-0.00,-0.01,0.00,0.00,0.00,5.00
30625.00,0.14,-0.24,0.18,0.00,-0.04,-3.41,0.00,-0.19,-701.52,-0.00,-0.00,-0.01,-0.00,0.00,-0.00,7.00
30632.00,0.14,-0.24,0.15,0.00,-0.04,-4.71,0.00,-0.19,-185.72,-0.00,-0.00,-0.01,-0.00,0.00,-0.00,8.00
30640.00,0.14,-0.24,0.13,0.00,-0.04,-1.60,0.00,-0.19,388.97,-0.00,-0.00,-0.01,0.00,0.00,0.00,6.00
30646.00,0.14,-0.24,0.23,0.00,-0.04,16.03,0.00,-0.19,2938.59,-0.00,-0.00,-0.01,0.00,0.00,0.00,7.00
30653.00,0.14,-0.24,0.15,0.00,-0.04,-11.75,0.00,-0.19,-3969.55,-0.00,-0.00,-0.01,0.00,0.00,0.00,8.00
30661.00,0.14,-0.24,0.10,0.00,-0.04,-5.31,0.00,-0.19,805.05,-0.00,-0.00,-0.01,0.00,0.00,0.00,7.00
30673.00,0.14,-0.24,0.15,0.00,0.00,3.90,0.00,0.19,768.19,-0.00,-0.00,-0.01,0.00,-0.00,-0.00,7.00
30680.00,0.14,-0.24,0.25,0.00,0.00,13.52,0.00,0.19,1373.46,-0.00,-0.00,-0.01,0.00,0.00,0.00,5.00
30685.00,0.14,-0.24,0.24,0.00,0.00,-1.11,0.00,0.19,-2925.81,-0.00,-0.00,-0.01,0.00,0.00,0.00,18.00
30703.00,0.14,-0.24,0.24,0.00,0.00,0.17,0.00,0.19,71.39,-0.00,-0.00,-0.01,0.00,-0.00,0.00,8.00
30711.00,0.14,-0.24,0.10,0.00,0.00,-17.64,0.00,0.19,-2226.78,-0.00,-0.00,-0.01,-0.00,-0.00,0.00,7.00
30718.00,0.14,-0.24,0.14,0.00,0.00,5.96,0.00,0.19,3371.81,-0.00,-0.00,-0.01,0.00,0.00,-0.00,6.00
30724.00,0.14,-0.24,0.10,0.00,0.00,-7.37,0.00,0.19,-2221.95,-0.00,-0.00,-0.01,0.00,0.00,-0.00,6.00
30730.00,0.14,-0.24,0.11,0.00,0.00,2.56,0.00,0.19,1655.49,-0.00,-0.00,-0.01,0.00,-0.00,0.00,6.00
30736.00,0.14,-0.24,0.15,0.00,0.00,5.11,0.00,0.19,424.14,-0.00,-0.00,-0.01,-0.00,-0.00,0.00,6.00
30742.00,0.14,-0.24,0.12,0.00,0.00,-4.95,0.00,0.19,-1676.53,-0.00,-0.00,-0.01,-0.00,0.00,0.00,9.00
30756.00,0.14,-0.24,0.14,0.00,0.00,1.50,0.00,0.19,460.50,-0.00,-0.00,-0.01,-0.00,0.00,-0.00,8.00
30764.00,0.14,-0.24,0.08,0.00,0.00,-6.77,0.00,0.19,-1033.68,-0.00,-0.00,-0.01,-0.00,0.00,-0.00,8.00
30772.00,0.14,-0.24,0.13,0.00,0.00,5.66,0.00,0.19,1554.24,-0.00,-0.00,-0.01,-0.00,-0.00,-0.00,6.00
30778.00,0.14,-0.24,0.25,0.00,0.00,20.95,0.00,0.19,2547.29,-0.00,-0.00,-0.01,-0.00,-0.00,-0.00,6.00
30784.00,0.14,-0.24,0.09,0.00,0.00,-26.75,0.00,0.19,-7949.45,-0.00,-0.00,-0.01,-0.00,-0.00,-0.00,19.00
30803.00,0.14,-0.24,0.14,0.00,0.00,2.44,0.00,0.19,1536.54,-0.00,-0.00,-0.01,0.00,-0.00,0.00,8.00
30811.00,0.14,-0.24,0.14,0.00,0.00,-0.29,0.00,0.19,-341.34,-0.00,-0.00,-0.01,-0.00,-0.01,-0.00,6.00
30817.00,0.14,-0.24,0.17,0.00,0.00,5.20,0.00,0.19,915.44,-0.00,-0.00,-0.01,-0.00,-0.00,-0.00,7.00
30824.00,0.14,-0.24,0.21,0.00,0.00,5.39,0.00,0.19,26.37,-0.00,-0.00,-0.01,0.00,-0.00,0.00,6.00
30830.00,0.14,-0.24,0.12,0.00,0.00,-14.10,0.00,0.19,-3247.78,-0.00,-0.00,-0.01,-0.00,0.00,0.00,6.00
30841.00,0.14,-0.24,0.16,0.00,0.00,3.41,0.00,0.19,1591.56,-0.00,-0.00,-0.01,-0.00,0.00,-0.00,6.00
30847.00,0.14,-0.24,0.17,0.00,0.00,1.97,0.00,0.19,-239.24,-0.00,-0.00,-0.01,-0.00,0.00,-0.00,6.00
30853.00,0.14,-0.24,0.13,0.00,0.00,-7.21,0.00,0.19,-1530.18,-0.00,-0.00,-0.01,-0.00,0.00,-0.00,10.00
30863.00,0.14,-0.24,0.21,0.00,0.00,8.10,0.00,0.19,1530.31,-0.00,-0.00,-0.01,0.00,-0.00,-0.00,7.00
30870.00,0.14,-0.24,0.17,0.00,0.00,-6.00,0.00,0.19,-2013.54,-0.00,-0.00,-0.01,0.00,-0.00,-0.00,6.00
30876.00,0.14,-0.25,0.10,0.00,-0.04,-11.14,0.00,-0.19,-856.59,-0.00,-0.00,-0.01,0.00,-0.00,-0.00,6.00
30882.00,0.14,-0.25,0.16,0.00,-0.04,9.43,0.00,-0.19,3428.21,-0.00,-0.00,-0.01,0.00,-0.00,-0.00,18.00
30900.00,0.14,-0.25,0.19,0.00,-0.04,2.11,0.00,-0.19,-406.88,-0.00,-0.00,-0.01,0.00,0.00,0.00,5.00
30905.00,0.14,-0.25,0.14,0.00,-0.04,-11.42,0.00,-0.19,-2705.29,-0.00,-0.00,-0.01,0.00,0.00,0.00,8.00
30913.00,0.14,-0.25,0.23,0.00,-0.04,11.48,0.00,-0.19,2862.07,-0.00,-0.00,-0.01,0.00,0.00,0.00,8.00
30926.00,0.14,-0.25,0.22,0.00,-0.04,-0.57,0.00,-0.19,-926.81,-0.00,-0.00,-0.01,0.00,0.00,-0.00,7.00
30933.00,0.14,-0.25,0.17,0.00,-0.04,-7.52,0.00,-0.19,-993.13,-0.00,-0.00,-0.01,-0.00,-0.00,-0.00,8.00
30941.00,0.14,-0.25,0.15,0.00,-0.04,-2.67,0.00,-0.19,606.70,-0.00,-0.00,-0.01,0.00,0.00,-0.00,6.00
30947.00,0.14,-0.25,0.11,0.00,-0.04,-5.85,0.00,-0.19,-530.24,-0.00,-0.00,-0.01,0.00,0.00,-0.00,6.00
30953.00,0.14,-0.25,0.13,0.00,-0.04,2.82,0.00,-0.19,1444.64,-0.00,-0.00,-0.01,0.00,0.00,-0.00,10.00
30963.00,0.14,-0.25,0.15,0.00,-0.04,1.80,0.00,-0.19,-102.17,-0.00,-0.00,-0.01,0.00,0.00,0.00,7.00
30970.00,0.14,-0.25,0.20,0.00,-0.04,7.45,0.00,-0.19,807.86,-0.00,-0.00,-0.01,0.00,0.00,0.00,5.00
30975.00,0.14,-0.25,0.24,0.00,-0.04,7.23,0.00,-0.19,-44.99,-0.00,-0.00,-0.01,0.00,0.00,0.00,6.00
30981.00,0.14,-0.25,0.17,0.00,-0.04,-10.63,0.00,-0.19,-2975.93,-0.00,-0.00,-0.01,-0.00,-0.00,0.00,16.00
30997.00,0.14,-0.25,0.21,0.00,-0.04,2.21,0.00,-0.19,802.36,-0.00,-0.00,-0.01,-0.00,0.00,0.00,7.00
31009.00,0.14,-0.25,0.20,0.00,-0.04,-0.48,0.00,-0.19,-224.39,-0.00,-0.00,-0.01,-0.00,0.00,-0.00,7.00
31016.00,0.14,-0.25,0.22,0.00,-0.04,2.20,0.00,-0.19,383.04,-0.00,-0.00,-0.01,-0.00,0.00,-0.00,7.00
31023.00,0.14,-0.25,0.17,0.00,-0.04,-6.79,0.00,-0.19,-1284.10,-0.00,-0.00,-0.01,-0.00,0.00,-0.00,6.00
31029.00,0.14,-0.25,0.20,0.00,-0.04,5.61,0.00,-0.19,2066.39,-0.00,-0.00,-0.01,-0.00,0.00,-0.00,6.00
31035.00,0.14,-0.25,0.17,0.00,-0.04,-5.80,0.00,-0.19,-1900.78,-0.00,-0.00,-0.01,-0.00,0.00,-0.00,8.00
31043.00,0.14,-0.25,0.19,0.00,-0.04,2.41,0.00,-0.19,1026.24,-0.00,-0.00,-0.01,0.00,0.00,0.00,8.00
31051.00,0.14,-0.25,0.15,0.00,-0.04,-4.05,0.00,-0.19,-808.19,-0.00,-0.00,-0.01,0.00,0.00,-0.00,6.00
31057.00,0.14,-0.25,0.16,0.00,-0.04,0.54,0.00,-0.19,765.46,-0.00,-0.00,-0.01,0.00,0.00,-0.00,7.00
31064.00,0.14,-0.25,0.20,0.00,-0.04,6.15,0.00,-0.19,801.27,-0.00,-0.00,-0.01,-0.00,0.00,0.00,9.00
31073.00,0.14,-0.25,0.20,0.00,-0.04,-0.27,0.00,-0.19,-713.48,-0.00,-0.00,-0.01,0.00,0.00,0.00,5.00
31082.00,0.14,-0.26,0.12,0.00,-0.04,-8.51,0.00,0.00,-914.62,-0.00,-0.00,-0.01,0.00,-0.00,-0.00,17.00
31099.00,0.14,-0.26,0.16,0.00,-0.04,2.02,0.00,0.00,618.86,-0.00,-0.00,-0.01,0.00,-0.00,-0.00,6.00
31105.00,0.14,-0.26,0.22,0.00,-0.04,10.61,0.00,0.00,1433.17,-0.00,-0.00,-0.01,0.00,-0.00,-0.00,8.00
31113.00,0.14,-0.26,0.16,0.00,-0.04,-7.23,0.00,0.00,-2230.00,-0.00,-0.00,-0.01,-0.00,-0.00,-0.00,8.00
31121.00,0.14,-0.26,0.18,0.00,-0.04,2.25,0.00,0.00,1184.03,-0.00,-0.00,-0.01,0.00,0.00,-0.00,5.00
31126.00,0.14,-0.26,0.16,0.00,-0.04,-5.03,0.00,0.00,-1456.09,-0.00,-0.00,-0.01,0.00,0.00,-0.00,7.00
31133.00,0.14,-0.26,0.06,0.00,-0.04,-13.94,0.00,0.00,-1271.61,-0.00,-0.00,-0.01,0.00,0.00,-0.00,8.00
31141.00,0.14,-0.26,0.17,0.00,-0.04,14.13,0.00,0.00,3508.29,-0.00,-0.00,-0.01,0.00,0.00,0.00,6.00
31147.00,0.14,-0.26,0.07,0.00,-0.04,-17.14,0.00,0.00,-5212.49,-0.00,-0.00,-0.01,0.00,0.00,0.00,7.00
31154.00,0.14,-0.26,0.16,0.00,-0.04,12.86,0.00,0.00,4285.94,-0.00,-0.00,-0.01,0.00,0.00,-0.00,9.00
31168.00,0.14,-0.26,0.12,0.00,-0.04,-2.71,0.00,0.00,-1112.30,-0.00,-0.00,-0.01,-0.00,0.00,-0.00,8.00
31176.00,0.14,-0.26,0.21,0.00,-0.04,10.88,0.00,0.00,1699.02,-0.00,-0.00,-0.01,-0.00,0.00,-0.00,6.00
31182.00,0.14,-0.26,0.17,0.00,-0.04,-6.49,0.00,0.00,-2894.89,-0.00,-0.00,-0.01,0.00,-0.00,0.00,16.00
31198.00,0.14,-0.26,0.17,0.00,-0.04,0.09,0.00,0.00,411.08,-0.00,-0.00,-0.01,0.00,-0.00,0.00,7.00
31205.00,0.14,-0.26,0.18,0.00,-0.04,1.34,0.00,0.00,178.93,-0.00,-0.00,-0.01,0.00,-0.00,-0.00,8.00
31213.00,0.14,-0.26,0.05,0.00,-0.04,-15.49,0.00,0.00,-2103.73,-0.00,-0.00,-0.01,-0.00,0.00,0.00,7.00
31220.00,0.14,-0.26,0.27,0.00,-0.04,30.15,0.00,0.00,6519.87,-0.00,-0.00,-0.01,-0.00,0.00,0.00,6.00
31226.00,0.14,-0.26,0.17,0.00,-0.04,-15.18,0.00,0.00,-7554.01,-0.00,-0.00,-0.01,-0.00,0.00,0.00,5.00
31231.00,0.14,-0.26,0.23,0.00,-0.04,11.39,0.00,0.00,5313.47,-0.00,-0.00,-0.01,-0.00,0.00,0.00,5.00
31236.00,0.14,-0.26,0.08,0.00,-0.04,-30.29,0.00,0.00,-8335.52,-0.00,-0.00,-0.01,-0.00,-0.00,0.00,8.00
31254.00,0.14,-0.26,0.21,0.00,-0.04,6.96,0.00,0.00,2069.28,-0.00,-0.00,-0.01,0.00,-0.00,-0.00,9.00
31263.00,0.14,-0.26,0.21,0.00,-0.04,0.05,0.00,0.00,-767.31,-0.00,-0.00,-0.01,0.00,-0.00,-0.00,7.00
31270.00,0.14,-0.26,0.17,0.00,-0.04,-4.62,0.00,0.00,-668.20,-0.00,-0.00,-0.01,-0.00,0.00,-0.00,6.00
31276.00,0.14,-0.26,0.18,0.00,-0.04,0.44,0.00,0.00,843.82,-0.00,-0.00,-0.01,-0.00,0.00,-0.00,6.00
31282.00,0.14,-0.26,0.19,0.00,0.00,2.29,0.00,0.19,308.08,-0.00,-0.00,-0.01,0.00,-0.00,-0.00,15.00
31297.00,0.14,-0.26,0.15,0.00,0.00,-2.98,0.00,0.19,-351.48,-0.00,-0.00,-0.01,0.00,0.00,0.00,8.00
31305.00,0.14,-0.26,0.09,0.00,0.00,-7.27,0.00,0.19,-535.91,-0.00,-0.00,-0.01,-0.00,0.00,0.00,8.00
31313.00,0.14,-0.26,0.15,0.00,0.00,7.56,0.00,0.19,1854.17,-0.00,-0.00,-0.01,-0.00,-0.00,-0.00,8.00
31321.00,0.14,-0.26,0.05,0.00,0.00,-12.48,0.00,0.19,-2505.21,-0.00,-0.00,-0.01,0.00,0.00,-0.00,5.00
31326.00,0.14,-0.26,0.14,0.00,0.00,18.42,0.00,0.19,6178.98,-0.00,-0.00,-0.01,0.00,0.00,-0.00,6.00
31337.00,0.14,-0.26,0.20,0.00,0.00,5.20,0.00,0.19,-1201.44,-0.00,-0.00,-0.01,0.00,-0.00,-0.00,9.00
31346.00,0.14,-0.26,0.22,0.00,0.00,2.67,0.00,0.19,-281.54,-0.00,-0.00,-0.01,0.00,-0.00,0.00,8.00
31354.00,0.14,-0.26,0.08,0.00,0.00,-17.29,0.00,0.19,-2494.37,-0.00,-0.00,-0.01,0.00,-0.00,-0.00,7.00
31361.00,0.14,-0.26,0.20,0.00,0.00,16.45,0.00,0.19,4820.02,-0.00,-0.00,-0.01,0.00,-0.00,0.00,5.00
31366.00,0.14,-0.26,0.15,0.00,0.00,-8.82,0.00,0.19,-5053.53,-0.00,-0.00,-0.01,-0.00,-0.00,0.00,9.00
31375.00,0.14,-0.26,0.22,0.00,0.00,7.21,0.00,0.19,1780.98,-0.00,-0.00,-0.01,-0.00,-0.00,0.00,5.00
31380.00,0.14,-0.26,0.18,0.00,0.00,-7.21,0.00,0.19,-2884.59,-0.00,-0.00,-0.01,-0.00,-0.00,0.00,16.00
31396.00,0.14,-0.26,0.18,0.00,0.00,-0.09,0.00,0.19,445.30,-0.00,-0.00,-0.01,-0.00,-0.00,-0.00,8.00
31404.00,0.14,-0.26,0.17,0.00,0.00,-1.03,0.00,0.19,-117.75,-0.00,-0.00,-0.01,0.00,-0.00,-0.00,8.00
31412.00,0.14,-0.26,0.13,0.00,0.00,-5.91,0.00,0.19,-610.24,-0.00,-0.00,-0.01,0.00,-0.00,-0.00,6.00
31423.00,0.14,-0.26,0.11,0.00,0.00,-1.83,0.00,0.19,371.11,-0.00,-0.00,-0.01,0.00,-0.01,-0.00,6.00
31429.00,0.14,-0.26,0.23,0.00,0.00,20.24,0.00,0.19,3677.91,-0.00,-0.00,-0.01,-0.00,-0.00,-0.00,6.00
31435.00,0.14,-0.26,0.19,0.00,0.00,-6.75,0.00,0.19,-4499.06,-0.00,-0.00,-0.01,-0.00,-0.00,0.00,9.00
31444.00,0.14,-0.26,0.13,0.00,0.00,-6.05,0.00,0.19,78.35,-0.00,-0.00,-0.01,0.00,-0.01,0.00,7.00
31451.00,0.14,-0.26,0.26,0.00,0.00,18.38,0.00,0.19,3489.39,-0.00,-0.00,-0.01,0.00,-0.00,-0.00,6.00
31457.00,0.14,-0.26,0.19,0.00,0.00,-12.58,0.00,0.19,-5159.81,-0.00,-0.00,-0.01,-0.00,-0.00,-0.00,8.00
31465.00,0.14,-0.26,0.17,0.00,0.00,-2.01,0.00,0.19,1322.19,-0.00,-0.00,-0.01,-0.00,-0.00,-0.00,8.00
31473.00,0.14,-0.26,0.24,0.00,0.00,8.42,0.00,0.19,1303.15,-0.00,-0.00,-0.01,-0.00,0.00,-0.00,5.00
31478.00,0.14,-0.26,0.15,0.00,0.00,-17.93,0.00,0.19,-5269.66,-0.00,-0.00,-0.01,-0.00,0.00,-0.00,16.00
31494.00,0.14,-0.26,0.18,0.00,0.00,1.78,0.00,0.00,1231.53,-0.00,-0.00,-0.01,0.00,0.00,-0.00,8.00
31507.00,0.14,-0.26,0.20,0.00,0.00,1.75,0.00,0.00,-2.07,-0.00,-0.00,-0.01,0.00,-0.00,-0.00,9.00
31516.00,0.14,-0.26,0.13,0.00,0.00,-7.78,0.00,0.00,-1059.19,-0.00,-0.00,-0.01,0.00,-0.00,-0.00,8.00
31524.00,0.14,-0.26,0.18,0.00,0.00,6.79,0.00,0.00,1822.03,-0.00,-0.00,-0.01,0.00,0.00,0.00,6.00
31530.00,0.14,-0.26,0.06,0.00,0.00,-21.00,0.00,0.00,-4631.47,-0.00,-0.00,-0.01,-0.00,0.00,-0.00,6.00
31536.00,0.14,-0.26,0.10,0.00,0.00,8.09,0.00,0.00,4848.35,-0.00,-0.00,-0.01,-0.00,0.00,-0.00,9.00
31545.00,0.14,-0.26,0.18,0.00,0.00,8.76,0.00,0.00,74.07,-0.00,-0.00,-0.01,-0.00,0.00,-0.00,7.00
31552.00,0.14,-0.26,0.09,0.00,0.00,-13.12,0.00,0.00,-3125.43,-0.00,-0.00,-0.01,0.00,0.00,-0.00,6.00
31558.00,0.14,-0.26,0.12,0.00,0.00,3.88,0.00,0.00,2833.73,-0.00,-0.00,-0.01,0.00,0.00,-0.00,7.00
31565.00,0.14,-0.26,0.09,0.00,0.00,-4.15,0.00,0.00,-1148.13,-0.00,-0.00,-0.01,0.00,0.00,-0.00,6.00
31571.00,0.14,-0.26,0.13,0.00,0.00,7.42,0.00,0.00,1928.41,-0.00,-0.00,-0.01,0.00,-0.00,-0.01,6.00
31581.00,0.14,-0.26,0.13,0.00,0.00,-0.44,0.00,0.00,-785.77,-0.00,-0.00,-0.01,-0.00,-0.00,-0.00,17.00
31598.00,0.14,-0.26,0.24,0.00,0.00,6.63,0.00,0.00,415.78,-0.00,-0.00,-0.01,0.00,0.00,-0.00,8.00
31606.00,0.14,-0.26,0.22,0.00,0.00,-1.93,0.00,0.00,-1069.83,-0.00,-0.00,-0.01,0.00,0.00,-0.00,8.00
31614.00,0.14,-0.26,0.19,0.00,0.00,-4.26,0.00,0.00,-291.25,-0.00,-0.00,-0.01,0.00,0.00,-0.00,7.00
31621.00,0.14,-0.26,0.15,0.00,0.00,-5.48,0.00,0.00,-174.48,-0.00,-0.00,-0.01,0.00,-0.00,-0.00,6.00
31627.00,0.14,-0.26,0.20,0.00,0.00,7.74,0.00,0.00,2203.95,-0.00,-0.00,-0.01,0.00,-0.00,-0.00,6.00
31633.00,0.14,-0.26,0.15,0.00,0.00,-7.40,0.00,0.00,-2524.21,-0.00,-0.00,-0.01,-0.00,-0.00,0.00,5.00
31638.00,0.14,-0.26,0.13,0.00,0.00,-4.34,0.00,0.00,611.74,-0.00,-0.00,-0.01,-0.00,-0.00,-0.00,8.00
31646.00,0.14,-0.26,0.11,0.00,0.00,-2.80,0.00,0.00,193.02,-0.00,-0.00,-0.01,0.00,0.00,-0.00,8.00
31654.00,0.14,-0.26,0.21,0.00,0.00,13.15,0.00,0.00,1993.79,-0.00,-0.00,-0.01,0.00,0.00,-0.00,7.00
31666.00,0.14,-0.26,0.19,0.00,0.00,-2.27,0.00,0.00,-1285.34,-0.00,-0.00,-0.01,0.00,-0.00,0.00,10.00
31676.00,0.14,-0.26,0.18,0.00,0.00,-0.76,0.00,0.00,151.54,-0.00,-0.00,-0.01,0.00,0.00,0.00,5.00
31681.00,0.14,-0.26,0.17,0.00,0.00,-2.50,0.00,0.00,-348.70,-0.00,-0.00,-0.01,0.00,0.00,0.00,17.00
31698.00,0.14,-0.26,0.12,0.00,-0.04,-2.81,0.00,-0.18,-17.89,-0.00,-0.00,-0.01,0.00,0.00,0.00,8.00
31706.00,0.14,-0.26,0.15,0.00,-0.04,3.40,0.00,-0.18,775.42,-0.00,-0.00,-0.01,0.00,-0.00,0.00,8.00
31714.00,0.14,-0.26,0.20,0.00,-0.04,6.51,0.00,-0.18,388.59,-0.00,-0.00,-0.01,0.00,-0.01,0.00,5.00
31719.00,0.14,-0.26,0.11,0.00,-0.04,-17.86,0.00,-0.18,-4872.73,-0.00,-0.00,-0.01,0.00,-0.00,0.00,7.00
31726.00,0.14,-0.26,0.18,0.00,-0.04,10.13,0.00,-0.18,3998.55,-0.00,-0.00,-0.01,0.00,-0.00,-0.00,6.00
31732.00,0.14,-0.26,0.24,0.00,-0.04,9.74,0.00,-0.18,-66.01,-0.00,-0.00,-0.01,0.00,-0.00,-0.00,5.00
31737.00,0.14,-0.26,0.15,0.00,-0.04,-17.25,0.00,-0.18,-5397.38,-0.00,-0.00,-0.01,0.00,0.00,0.00,4.00
31746.00,0.14,-0.26,0.28,0.00,-0.04,14.64,0.00,-0.18,3543.48,-0.00,-0.00,-0.01,0.00,0.00,0.00,7.00
31753.00,0.14,-0.26,0.22,0.00,-0.04,-8.73,0.00,-0.18,-3339.22,-0.00,-0.00,-0.01,-0.00,-0.00,0.00,5.00
31758.00,0.14,-0.26,0.15,0.00,-0.04,-15.45,0.00,-0.18,-1343.65,-0.00,-0.00,-0.01,-0.00,-0.00,0.00,8.00
31766.00,0.14,-0.26,0.04,0.00,-0.04,-12.61,0.00,-0.18,355.06,-0.00,-0.00,-0.01,-0.00,-0.00,-0.00,9.00
31775.00,0.14,-0.26,0.16,0.00,-0.04,12.47,0.00,-0.18,2786.67,-0.00,-0.00,-0.01,0.00,-0.00,0.00,6.00
31781.00,0.14,-0.26,0.20,0.00,-0.04,6.86,0.00,-0.18,-934.04,-0.00,-0.00,-0.01,-0.00,0.00,0.00,6.00
31787.00,0.14,-0.26,0.14,0.00,-0.04,-9.39,0.00,-0.18,-2708.48,-0.00,-0.00,-0.01,-0.00,0.00,-0.00,19.00
31806.00,0.14,-0.26,0.05,0.00,-0.04,-5.04,0.00,-0.18,228.84,-0.00,-0.00,-0.01,-0.01,-0.00,0.00,8.00
31814.00,0.14,-0.26,0.11,0.00,-0.04,8.24,0.00,-0.18,1660.42,-0.00,-0.00,-0.01,-0.00,-0.01,0.00,5.00
31819.00,0.14,-0.26,0.10,0.00,-0.04,-2.33,0.00,-0.18,-2115.29,-0.00,-0.00,-0.01,-0.00,-0.00,0.00,8.00
31831.00,0.14,-0.26,0.17,0.00,-0.04,6.15,0.00,-0.18,706.54,-0.00,-0.00,-0.01,0.00,-0.00,0.00,7.00
31838.00,0.14,-0.26,0.19,0.00,-0.04,2.72,0.00,-0.18,-490.04,-0.00,-0.00,-0.01,0.00,-0.00,0.00,8.00
31846.00,0.14,-0.26,0.15,0.00,-0.04,-5.88,0.00,-0.18,-1074.96,-0.00,-0.00,-0.01,0.00,0.00,0.00,7.00
31853.00,0.14,-0.26,0.15,0.00,-0.04,0.46,0.00,-0.18,906.23,-0.00,-0.00,-0.01,0.00,0.00,0.00,6.00
31859.00,0.14,-0.26,0.17,0.00,-0.04,4.16,0.00,-0.18,616.57,-0.00,-0.00,-0.01,0.00,-0.00,0.00,7.00
31866.00,0.14,-0.26,0.21,0.00,-0.04,4.50,0.00,-0.18,48.06,-0.00,-0.00,-0.01,0.00,-0.00,0.00,8.00
31874.00,0.14,-0.26,0.16,0.00,-0.04,-6.19,0.00,-0.18,-1335.89,-0.00,-0.00,-0.01,-0.00,-0.00,-0.00,6.00
31880.00,0.14,-0.26,0.07,0.00,-0.04,-14.24,0.00,-0.18,-1342.31,-0.00,-0.00,-0.01,-0.00,-0.00,-0.00,7.00
31887.00,0.14,-0.26,0.16,0.00,-0.04,13.07,0.00,-0.18,3902.03,-0.00,-0.00,-0.01,-0.00,-0.00,-0.00,19.00
31906.00,0.14,-0.27,0.11,0.00,-0.04,-2.59,0.00,0.00,-824.22,-0.00,-0.00,-0.01,0.00,0.00,0.00,7.00
31922.00,0.14,-0.27,0.18,0.00,-0.04,4.25,0.00,0.00,427.46,-0.00,-0.00,-0.01,0.00,0.00,0.00,7.00
31929.00,0.14,-0.27,0.15,0.00,-0.04,-4.50,0.00,0.00,-1249.45,-0.00,-0.00,-0.01,0.00,0.00,0.00,7.00
31936.00,0.14,-0.27,0.10,0.00,-0.04,-7.18,0.00,0.00,-382.47,-0.00,-0.00,-0.01,-0.00,0.00,0.00,7.00
31943.00,0.14,-0.27,0.17,0.00,-0.04,10.37,0.00,0.00,2506.78,-0.00,-0.00,-0.01,-0.00,0.00,0.00,6.00
31949.00,0.14,-0.27,0.14,0.00,-0.04,-5.97,0.00,0.00,-2724.00,-0.00,-0.00,-0.01,-0.00,0.00,0.00,7.00
31956.00,0.14,-0.27,0.14,0.00,-0.04,0.68,0.00,0.00,950.09,-0.00,-0.00,-0.01,-0.00,0.00,-0.00,8.00
31964.00,0.14,-0.27,0.18,0.00,-0.04,4.42,0.00,0.00,468.17,-0.00,-0.00,-0.01,0.00,0.00,-0.00,6.00
31970.00,0.14,-0.27,0.09,0.00,-0.04,-14.64,0.00,0.00,-3177.56,-0.00,-0.00,-0.01,0.00,-0.00,-0.00,7.00
31977.00,0.14,-0.27,0.12,0.00,-0.04,4.23,0.00,0.00,2695.96,-0.00,-0.00,-0.01,0.00,-0.00,-0.00,16.00
31993.00,0.14,-0.27,0.05,0.00,-0.04,-4.09,0.00,0.00,-520.12,-0.00,-0.00,-0.01,0.00,-0.00,0.00,5.00
32003.00,0.14,-0.27,0.06,0.00,-0.04,0.67,0.00,0.00,475.80,-0.00,-0.00,-0.01,-0.00,-0.01,0.00,7.00
32010.00,0.14,-0.27,0.16,0.00,-0.04,13.98,0.00,0.00,1901.61,-0.00,-0.00,-0.01,-0.00,-0.00,0.00,7.00
32017.00,0.14,-0.27,0.15,0.00,-0.04,-1.49,0.00,0.00,-2210.18,-0.00,-0.00,-0.01,0.00,-0.00,0.00,8.00
32025.00,0.14,-0.27,0.10,0.00,-0.04,-5.50,0.00,0.00,-500.37,-0.00,-0.00,-0.01,-0.00,-0.00,0.00,5.00
32030.00,0.14,-0.27,0.09,0.00,-0.04,-2.81,0.00,0.00,537.15,-0.00,-0.00,-0.01,-0.00,-0.00,-0.00,8.00
32038.00,0.14,-0.27,0.11,0.00,-0.04,2.98,0.00,0.00,724.29,-0.00,-0.00,-0.01,0.00,-0.00,-0.00,8.00
32046.00,0.14,-0.27,0.08,0.00,-0.04,-4.05,0.00,0.00,-879.14,-0.00,-0.00,-0.01,0.00,0.00,0.00,7.00
32053.00,0.14,-0.27,0.12,0.00,-0.04,5.14,0.00,0.00,1312.97,-0.00,-0.00,-0.01,0.00,0.00,0.00,5.00
32058.00,0.14,-0.27,0.16,0.00,-0.04,9.27,0.00,0.00,824.92,-0.00,-0.00,-0.01,0.00,0.00,0.00,9.00
32067.00,0.14,-0.27,0.11,0.00,-0.04,-6.33,0.00,0.00,-1733.42,-0.00,-0.00,-0.01,0.00,0.00,-0.00,7.00
32079.00,0.14,-0.27,0.13,0.00,-0.04,2.42,0.00,0.00,729.33,-0.00,-0.00,-0.01,-0.00,0.00,0.00,17.00
32096.00,0.14,-0.27,0.13,0.00,-0.04,-0.50,0.00,0.00,-171.37,-0.00,-0.00,-0.01,-0.00,0.00,0.00,8.00
32104.00,0.14,-0.27,0.14,0.00,-0.04,1.67,0.00,0.00,271.16,-0.00,-0.00,-0.01,-0.00,0.00,-0.00,5.00
32109.00,0.14,-0.27,0.18,0.00,0.00,7.79,0.00,0.18,1223.32,-0.00,-0.00,-0.01,-0.00,-0.00,-0.00,8.00
32117.00,0.14,-0.27,0.14,0.00,0.00,-5.00,0.00,0.18,-1598.51,-0.00,-0.00,-0.01,-0.00,-0.00,-0.00,9.00
32126.00,0.14,-0.27,0.12,0.00,0.00,-1.69,0.00,0.18,367.94,-0.00,-0.00,-0.01,0.00,0.00,-0.00,6.00
32132.00,0.14,-0.27,0.14,0.00,0.00,2.66,0.00,0.18,723.89,-0.00,-0.00,-0.01,0.00,0.00,-0.00,6.00
32138.00,0.14,-0.27,0.00,0.00,0.00,-22.34,0.00,0.18,-4165.61,-0.00,-0.00,-0.01,0.00,0.00,-0.00,8.00
32146.00,0.14,-0.27,0.11,0.00,0.00,12.54,0.00,0.18,4360.18,-0.00,-0.00,-0.01,0.00,0.00,-0.00,8.00
32154.00,0.14,-0.27,0.14,0.00,0.00,4.34,0.00,0.18,-1026.11,-0.00,-0.00,-0.01,0.00,0.00,-0.00,5.00
32164.00,0.14,-0.27,0.05,0.00,0.00,-9.38,0.00,0.18,-1371.25,-0.00,-0.00,-0.01,-0.00,0.00,0.00,7.00
32171.00,0.14,-0.27,0.07,0.00,0.00,3.49,0.00,0.18,1838.37,-0.00,-0.00,-0.01,-0.00,0.00,0.00,6.00
32177.00,0.14,-0.27,0.08,0.00,0.00,1.44,0.00,0.18,-341.37,-0.00,-0.00,-0.01,-0.00,0.00,0.00,16.00
32193.00,0.14,-0.27,0.08,0.00,0.00,-0.17,0.00,0.18,-100.63,-0.00,-0.00,-0.01,0.00,0.00,0.00,6.00
32199.00,0.14,-0.27,0.13,0.00,0.00,8.57,0.00,0.18,1456.53,-0.00,-0.00,-0.01,0.00,-0.00,0.00,8.00
32207.00,0.14,-0.27,0.13,0.00,0.00,0.41,0.00,0.18,-1020.85,-0.00,-0.00,-0.01,0.00,-0.00,-0.00,7.00
32214.00,0.14,-0.27,0.12,0.00,0.00,-1.37,0.00,0.18,-253.72,-0.00,-0.00,-0.01,0.00,-0.00,-0.00,5.00
32219.00,0.14,-0.27,0.14,0.00,0.00,3.89,0.00,0.18,1051.19,-0.00,-0.00,-0.01,0.00,-0.00,-0.00,9.00
32228.00,0.14,-0.27,0.21,0.00,0.00,7.48,0.00,0.18,399.09,-0.00,-0.00,-0.01,-0.00,-0.00,0.00,5.00
32233.00,0.14,-0.27,0.14,0.00,0.00,-13.77,0.00,0.18,-4250.19,-0.00,-0.00,-0.01,0.00,-0.00,0.00,6.00
32244.00,0.14,-0.27,0.12,0.00,0.00,-1.79,0.00,0.18,1089.46,-0.00,-0.00,-0.01,-0.00,0.00,0.00,6.00
32250.00,0.14,-0.27,0.19,0.00,0.00,10.92,0.00,0.18,2118.12,-0.00,-0.00,-0.01,-0.00,0.00,0.00,7.00
32257.00,0.14,-0.27,0.23,0.00,0.00,6.23,0.00,0.18,-669.65,-0.00,-0.00,-0.01,-0.00,0.00,0.00,8.00
32265.00,0.14,-0.27,0.08,0.00,0.00,-18.16,0.00,0.18,-3048.77,-0.00,-0.00,-0.01,0.00,0.00,0.00,5.00
32270.00,0.14,-0.27,0.19,0.00,0.00,22.13,0.00,0.18,8057.20,-0.00,-0.00,-0.01,-0.00,0.00,0.00,8.00
32278.00,0.14,-0.27,0.11,0.00,0.00,-10.63,0.00,0.18,-4095.14,-0.00,-0.00,-0.01,-0.00,0.00,0.00,5.00
32283.00,0.14,-0.27,0.12,0.00,0.00,1.98,0.00,0.18,2521.83,-0.00,-0.00,-0.01,-0.00,0.00,-0.00,16.00
32299.00,0.14,-0.27,0.13,0.00,0.00,0.37,0.00,0.18,-100.36,-0.00,-0.00,-0.01,-0.00,0.00,-0.00,8.00
32307.00,0.14,-0.27,0.17,0.00,0.00,5.82,0.00,0.18,681.81,-0.00,-0.00,-0.01,-0.00,-0.00,0.00,8.00
32315.00,0.14,-0.28,0.11,0.00,-0.04,-7.97,0.00,-0.18,-1724.19,-0.00,-0.00,-0.01,-0.00,-0.00,-0.00,6.00
32326.00,0.14,-0.28,0.19,0.00,-0.04,7.56,0.00,-0.18,1412.00,-0.00,-0.00,-0.01,0.00,-0.00,0.00,6.00
32332.00,0.14,-0.28,0.23,0.00,-0.04,6.19,0.00,-0.18,-228.73,-0.00,-0.00,-0.01,0.00,0.00,0.00,6.00
32338.00,0.14,-0.28,0.13,0.00,-0.04,-16.95,0.00,-0.18,-3856.56,-0.00,-0.00,-0.01,0.00,0.00,0.00,10.00
32348.00,0.14,-0.28,0.06,0.00,-0.04,-6.53,0.00,-0.18,1041.61,-0.00,-0.00,-0.01,-0.00,-0.00,0.00,8.00
32356.00,0.14,-0.28,0.16,0.00,-0.04,11.86,0.00,-0.18,2299.01,-0.00,-0.00,-0.01,0.00,-0.00,0.00,7.00
32363.00,0.14,-0.28,0.22,0.00,-0.04,9.53,0.00,-0.18,-332.86,-0.00,-0.00,-0.01,0.00,0.00,-0.00,6.00
32369.00,0.14,-0.28,0.19,0.00,-0.04,-5.65,0.00,-0.18,-2529.71,-0.00,-0.00,-0.01,0.00,0.00,-0.00,6.00
32375.00,0.14,-0.28,0.16,0.00,-0.04,-4.17,0.00,-0.18,247.15,-0.00,-0.00,-0.01,0.00,0.00,-0.00,6.00
32381.00,0.14,-0.28,0.19,0.00,-0.04,3.83,0.00,-0.18,1333.38,-0.00,-0.00,-0.01,0.00,0.00,-0.00,16.00
32397.00,0.14,-0.28,0.26,0.00,-0.04,4.35,0.00,-0.18,32.32,-0.00,-0.00,-0.01,-0.00,0.00,0.00,8.00
32410.00,0.14,-0.28,0.19,0.00,-0.04,-5.45,0.00,-0.18,-754.26,-0.00,-0.00,-0.01,0.00,0.00,0.00,9.00
32419.00,0.14,-0.28,0.24,0.00,-0.04,5.80,0.00,-0.18,1250.76,-0.00,-0.00,-0.01,0.00,0.00,0.00,8.00
32427.00,0.14,-0.28,0.13,0.00,-0.04,-13.40,0.00,-0.18,-2400.44,-0.00,-0.00,-0.01,0.00,0.00,0.00,6.00
32433.00,0.14,-0.28,0.21,0.00,-0.04,13.57,0.00,-0.18,4495.05,-0.00,-0.00,-0.01,0.00,0.00,-0.00,6.00
32439.00,0.14,-0.28,0.13,0.00,-0.04,-13.50,0.00,-0.18,-4511.92,-0.00,-0.00,-0.01,0.00,0.00,-0.00,9.00
32448.00,0.14,-0.28,0.17,0.00,-0.04,4.32,0.00,-0.18,1979.83,-0.00,-0.00,-0.01,-0.00,0.00,0.00,8.00
32456.00,0.14,-0.28,0.16,0.00,-0.04,-1.28,0.00,-0.18,-699.63,-0.00,-0.00,-0.01,0.00,0.01,0.00,5.00
32461.00,0.14,-0.28,0.16,0.00,-0.04,0.02,0.00,-0.18,259.57,-0.00,-0.00,-0.01,0.00,0.00,0.00,7.00
32468.00,0.14,-0.28,0.21,0.00,-0.04,7.44,0.00,-0.18,1060.86,-0.00,-0.00,-0.01,0.00,-0.00,0.00,7.00
32475.00,0.14,-0.28,0.39,0.00,-0.04,25.36,0.00,-0.18,2559.21,-0.00,-0.00,-0.01,-0.00,-0.00,0.00,4.00
32484.00,0.14,-0.28,0.15,0.00,-0.04,-26.77,0.00,-0.18,-5791.61,-0.00,-0.00,-0.01,-0.00,0.00,-0.00,17.00
32501.00,0.14,-0.28,0.19,0.00,-0.04,2.32,0.00,-0.18,1710.97,-0.00,-0.00,-0.01,0.00,-0.00,-0.00,7.00
32508.00,0.14,-0.28,0.22,0.00,-0.04,4.00,0.00,-0.18,240.29,-0.00,-0.00,-0.01,0.00,-0.00,-0.00,9.00
32517.00,0.14,-0.29,0.25,0.00,-0.04,3.71,0.00,-0.00,-31.94,-0.00,-0.00,-0.01,0.00,-0.00,0.00,6.00
32523.00,0.14,-0.29,0.27,0.00,-0.04,2.62,0.00,-0.00,-182.98,-0.00,-0.00,-0.01,0.00,0.00,0.00,6.00
32529.00,0.14,-0.29,0.17,0.00,-0.04,-16.48,0.00,-0.00,-3183.11,-0.00,-0.00,-0.01,0.00,0.00,0.00,6.00
32535.00,0.14,-0.29,0.16,0.00,-0.04,-0.88,0.00,-0.00,2599.94,-0.00,-0.00,-0.01,-0.00,0.00,0.00,5.00
32540.00,0.14,-0.29,0.15,0.00,-0.04,-2.49,0.00,-0.00,-320.88,-0.00,-0.00,-0.01,-0.00,0.00,0.00,8.00
32548.00,0.14,-0.29,0.14,0.00,-0.04,-1.34,0.00,-0.00,143.15,-0.00,-0.00,-0.01,-0.00,0.00,0.00,8.00
32556.00,0.14,-0.29,0.17,0.00,-0.04,4.65,0.00,-0.00,748.94,-0.00,-0.00,-0.01,0.00,0.00,0.00,6.00
32567.00,0.14,-0.29,0.26,0.00,-0.04,7.82,0.00,-0.00,288.56,-0.00,-0.00,-0.01,0.00,0.00,-0.00,7.00
32574.00,0.14,-0.29,0.23,0.00,-0.04,-4.84,0.00,-0.00,-1809.82,-0.00,-0.00,-0.01,0.00,0.00,-0.00,6.00
32580.00,0.14,-0.29,0.20,0.00,-0.04,-4.42,0.00,-0.00,70.55,-0.00,-0.00,-0.01,0.00,0.00,-0.00,6.00
32586.00,0.14,-0.29,0.13,0.00,-0.04,-11.11,0.00,-0.00,-1115.57,-0.00,-0.00,-0.01,0.00,0.00,0.00,5.00
32591.00,0.14,-0.29,0.15,0.00,-0.04,2.60,0.00,-0.00,2743.20,-0.00,-0.00,-0.01,0.00,0.00,0.00,18.00
32609.00,0.14,-0.29,0.14,0.00,-0.04,-0.20,0.00,-0.00,-155.43,-0.00,-0.00,-0.01,0.00,-0.00,0.00,9.00
32618.00,0.14,-0.29,0.14,0.00,-0.04,-0.10,0.00,-0.00,10.17,-0.00,-0.00,-0.01,0.00,0.00,0.00,7.00
32625.00,0.14,-0.29,0.15,0.00,-0.04,1.72,0.00,-0.00,260.72,-0.00,-0.00,-0.01,0.00,-0.00,0.00,6.00
32631.00,0.14,-0.29,0.19,0.00,-0.04,6.49,0.00,-0.00,795.56,-0.00,-0.00,-0.01,0.00,-0.00,0.00,7.00
32638.00,0.14,-0.29,0.23,0.00,-0.04,5.15,0.00,-0.00,-192.48,-0.00,-0.00,-0.01,-0.00,0.00,0.00,8.00
32655.00,0.14,-0.29,0.16,0.00,-0.04,-4.06,0.00,-0.00,-541.80,-0.00,-0.00,-0.01,0.00,0.00,-0.00,7.00
32662.00,0.14,-0.29,0.15,0.00,-0.04,-1.13,0.00,-0.00,418.72,-0.00,-0.00,-0.01,0.00,0.00,-0.00,7.00
32669.00,0.14,-0.29,0.18,0.00,-0.04,4.25,0.00,-0.00,769.40,-0.00,-0.00,-0.01,0.00,-0.00,-0.00,8.00
32677.00,0.14,-0.29,0.12,0.00,-0.04,-8.22,0.00,-0.00,-1559.64,-0.00,-0.00,-0.01,0.00,-0.00,-0.00,6.00
32683.00,0.14,-0.29,0.17,0.00,-0.04,8.55,0.00,-0.00,2795.73,-0.00,-0.00,-0.01,0.00,-0.00,0.00,17.00
32700.00,0.14,-0.29,0.18,0.00,-0.04,0.81,0.00,-0.00,-455.56,-0.00,-0.00,-0.01,0.00,0.00,0.00,8.00
32708.00,0.14,-0.29,0.20,0.00,-0.04,2.89,0.00,-0.00,260.60,-0.00,-0.00,-0.01,0.00,0.00,0.00,8.00
32716.00,0.14,-0.29,0.17,0.00,-0.04,-4.80,0.00,-0.00,-961.20,-0.00,-0.00,-0.01,-0.00,-0.00,0.00,5.00
32721.00,0.14,-0.29,0.12,0.00,0.00,-9.90,0.00,0.19,-1019.87,-0.00,-0.00,-0.01,-0.00,-0.00,-0.00,8.00
32729.00,0.14,-0.29,0.17,0.00,0.00,7.26,0.00,0.19,2144.72,-0.00,-0.00,-0.01,-0.00,0.00,-0.00,5.00
32739.00,0.14,-0.29,0.21,0.00,0.00,3.88,0.00,0.19,-337.98,-0.00,-0.00,-0.01,0.00,0.00,-0.00,10.00
32749.00,0.14,-0.29,0.15,0.00,0.00,-6.49,0.00,0.19,-1036.72,-0.00,-0.00,-0.01,0.00,0.00,-0.00,8.00
32757.00,0.14,-0.29,0.14,0.00,0.00,-1.65,0.00,0.19,604.72,-0.00,-0.00,-0.01,-0.00,-0.00,-0.00,6.00
32763.00,0.14,-0.29,0.14,0.00,0.00,0.05,0.00,0.19,283.60,-0.00,-0.00,-0.01,0.00,-0.00,0.00,6.00
32769.00,0.14,-0.29,0.11,0.00,0.00,-4.87,0.00,0.19,-820.33,-0.00,-0.00,-0.01,0.00,0.00,0.00,10.00
32779.00,0.14,-0.29,0.15,0.00,0.00,4.36,0.00,0.19,923.24,-0.00,-0.00,-0.01,0.00,-0.00,0.00,5.00
32784.00,0.14,-0.29,0.09,0.00,0.00,-11.87,0.00,0.19,-3245.54,-0.00,-0.00,-0.01,-0.00,-0.00,0.00,16.00
32800.00,0.14,-0.29,0.16,0.00,0.00,4.63,0.00,0.19,1031.20,-0.00,-0.00,-0.01,0.00,0.00,0.00,9.00
32809.00,0.14,-0.29,0.22,0.00,0.00,5.97,0.00,0.19,148.89,-0.00,-0.00,-0.01,-0.00,0.00,0.00,8.00
32817.00,0.14,-0.29,0.22,0.00,0.00,-0.06,0.00,0.19,-754.08,-0.00,-0.00,-0.01,-0.00,0.00,-0.00,6.00
32827.00,0.14,-0.29,0.24,0.00,0.00,2.02,0.00,0.19,208.40,-0.00,-0.00,-0.01,-0.00,0.01,-0.00,7.00
32834.00,0.14,-0.29,0.22,0.00,0.00,-2.64,0.00,0.19,-667.00,-0.00,-0.00,-0.01,-0.00,0.00,-0.00,6.00
32840.00,0.14,-0.29,0.13,0.00,0.00,-15.28,0.00,0.19,-2106.49,-0.00,-0.00,-0.01,-0.00,0.00,-0.00,9.00
32849.00,0.14,-0.29,0.15,0.00,0.00,2.75,0.00,0.19,2003.50,-0.00,-0.00,-0.01,0.00,0.00,0.00,7.00
32856.00,0.14,-0.29,0.13,0.00,0.00,-3.30,0.00,0.19,-864.13,-0.00,-0.00,-0.01,0.00,-0.00,0.00,6.00
32862.00,0.14,-0.29,0.10,0.00,0.00,-4.37,0.00,0.19,-178.35,-0.00,-0.00,-0.01,0.00,-0.00,0.00,7.00
32869.00,0.14,-0.29,0.15,0.00,0.00,7.33,0.00,0.19,1672.10,-0.00,-0.00,-0.01,0.00,-0.00,0.00,8.00
32877.00,0.14,-0.29,0.17,0.00,0.00,2.47,0.00,0.19,-608.55,-0.00,-0.00,-0.01,-0.00,0.00,0.00,6.00
32883.00,0.14,-0.29,0.12,0.00,0.00,-9.66,0.00,0.19,-2020.42,-0.00,-0.00,-0.01,-0.00,0.00,0.00,16.00
32899.00,0.14,-0.29,0.24,0.00,0.00,7.60,0.00,0.19,1078.46,-0.00,-0.00,-0.01,0.00,0.00,0.00,8.00
32912.00,0.14,-0.29,0.17,0.00,0.00,-5.01,0.00,0.19,-969.68,-0.00,-0.00,-0.01,0.00,0.00,-0.00,9.00
32921.00,0.14,-0.29,0.12,0.00,0.00,-5.88,0.00,0.00,-97.25,-0.00,-0.00,-0.01,0.00,0.00,0.00,8.00
32929.00,0.14,-0.29,0.21,0.00,0.00,10.78,0.00,0.00,2082.97,-0.00,-0.00,-0.01,0.00,0.00,0.00,6.00
32935.00,0.14,-0.29,0.08,0.00,0.00,-21.05,0.00,0.00,-5305.16,-0.00,-0.00,-0.01,-0.00,0.00,0.00,6.00
32941.00,0.14,-0.29,0.14,0.00,0.00,10.28,0.00,0.00,5221.83,-0.00,-0.00,-0.01,-0.00,0.00,0.00,8.00
32949.00,0.14,-0.29,0.15,0.00,0.00,1.12,0.00,0.00,-1144.87,-0.00,-0.00,-0.01,0.00,-0.00,0.00,8.00
32957.00,0.14,-0.29,0.20,0.00,0.00,6.41,0.00,0.00,660.85,-0.00,-0.00,-0.01,0.00,-0.00,0.00,6.00
32963.00,0.14,-0.29,0.21,0.00,0.00,1.06,0.00,0.00,-891.21,-0.00,-0.00,-0.01,-0.00,-0.00,0.00,7.00
32970.00,0.14,-0.29,0.22,0.00,0.00,1.94,0.00,0.00,124.80,-0.00,-0.00,-0.01,-0.00,0.00,0.00,9.00
32979.00,0.14,-0.29,0.17,0.00,0.00,-5.88,0.00,0.00,-868.05,-0.00,-0.00,-0.01,-0.00,0.00,0.00,5.00
32989.00,0.14,-0.29,0.20,0.00,0.00,3.09,0.00,0.00,896.93,-0.00,-0.00,-0.01,0.00,-0.01,0.00,17.00
33006.00,0.14,-0.29,0.13,0.00,0.00,-4.32,0.00,0.00,-435.81,-0.00,-0.00,-0.01,-0.00,0.00,0.00,6.00
33012.00,0.14,-0.29,0.30,0.00,0.00,28.73,0.00,0.00,5508.21,-0.00,-0.00,-0.01,-0.00,0.00,-0.00,7.00
33019.00,0.14,-0.29,0.13,0.00,0.00,-24.58,0.00,0.00,-7616.78,-0.00,-0.00,-0.01,-0.00,0.00,-0.00,8.00
33027.00,0.14,-0.29,0.17,0.00,0.00,5.61,0.00,0.00,3774.36,-0.00,-0.00,-0.01,0.00,0.01,0.00,6.00
33033.00,0.14,-0.29,0.26,0.00,0.00,14.50,0.00,0.00,1482.32,-0.00,-0.00,-0.01,0.00,0.00,0.00,7.00
33040.00,0.14,-0.29,0.18,0.00,0.00,-11.69,0.00,0.00,-3741.59,-0.00,-0.00,-0.01,0.00,-0.00,0.00,9.00
33049.00,0.14,-0.29,0.20,0.00,0.00,2.08,0.00,0.00,1530.12,-0.00,-0.00,-0.01,-0.00,0.00,0.00,6.00
33055.00,0.14,-0.29,0.11,0.00,0.00,-13.93,0.00,0.00,-2668.46,-0.00,-0.00,-0.01,0.00,-0.00,0.00,6.00
33061.00,0.14,-0.29,0.15,0.00,0.00,6.47,0.00,0.00,3399.31,-0.00,-0.00,-0.01,0.00,-0.00,0.00,8.00
33074.00,0.14,-0.29,0.17,0.00,0.00,1.16,0.00,0.00,-408.22,-0.00,-0.00,-0.01,0.00,0.00,0.00,8.00
33082.00,0.14,-0.29,0.19,0.00,0.00,3.55,0.00,0.00,298.41,-0.00,-0.00,-0.01,0.00,0.00,0.00,6.00
33088.00,0.14,-0.29,0.26,0.00,0.00,11.42,0.00,0.00,1311.24,-0.00,-0.00,-0.01,0.00,0.00,0.00,16.00
33104.00,0.14,-0.29,0.18,0.00,0.00,-5.21,0.00,0.00,-1039.34,-0.00,-0.00,-0.01,0.00,-0.00,0.00,7.00
33111.00,0.14,-0.29,0.30,0.00,0.00,16.92,0.00,0.00,3162.32,-0.00,-0.00,-0.01,0.00,-0.00,0.00,8.00
33119.00,0.14,-0.29,0.03,0.00,0.00,-33.45,0.00,0.00,-6296.33,-0.00,-0.00,-0.01,0.00,0.00,0.00,7.00
33126.00,0.16,-0.30,0.22,0.05,-0.04,26.70,0.26,-0.20,8592.51,-0.00,-0.00,-0.01,0.00,0.00,0.00,6.00
33132.00,0.16,-0.30,0.15,0.05,-0.04,-11.13,0.26,-0.20,-6304.27,-0.00,-0.00,-0.01,0.00,0.00,0.00,6.00
33138.00,0.16,-0.30,0.21,0.05,-0.04,10.27,0.26,-0.20,3565.55,-0.00,-0.00,-0.01,0.00,0.00,-0.00,4.00
33142.00,0.16,-0.30,0.13,0.05,-0.04,-19.43,0.26,-0.20,-7424.91,-0.00,-0.00,-0.01,0.00,0.00,-0.00,8.00
33155.00,0.16,-0.30,0.18,0.05,-0.04,3.76,0.26,-0.20,1784.29,-0.00,-0.00,-0.01,0.00,-0.00,0.00,7.00
33162.00,0.16,-0.30,0.20,0.05,-0.04,2.35,0.26,-0.20,-202.04,-0.00,-0.00,-0.01,0.00,-0.00,0.00,8.00
33170.00,0.16,-0.30,0.28,0.05,-0.04,9.42,0.26,-0.20,884.35,-0.00,-0.00,-0.01,0.00,0.00,0.00,8.00
33178.00,0.16,-0.30,0.27,0.05,-0.04,-0.69,0.26,-0.20,-1264.57,-0.00,-0.00,-0.01,0.00,0.00,0.00,5.00
33183.00,0.16,-0.30,0.26,0.05,-0.04,-1.24,0.26,-0.20,-108.79,-0.00,-0.00,-0.01,0.00,0.00,0.00,16.00
33199.00,0.16,-0.30,0.23,0.05,-0.04,-1.84,0.26,-0.20,-37.85,-0.00,-0.00,-0.01,-0.00,0.00,0.00,8.00
33208.00,0.16,-0.30,0.18,0.05,-0.04,-5.87,0.26,-0.20,-448.12,-0.00,-0.00,-0.01,-0.00,-0.00,0.00,5.00
33213.00,0.16,-0.30,0.26,0.05,-0.04,16.40,0.26,-0.20,4454.57,-0.00,-0.00,-0.01,-0.00,-0.00,0.00,7.00
33220.00,0.16,-0.30,0.18,0.05,-0.04,-11.68,0.26,-0.20,-4011.86,-0.00,-0.00,-0.01,-0.00,0.00,0.00,9.00
33229.00,0.16,-0.30,0.27,0.05,-0.04,9.79,0.26,-0.20,2385.65,-0.00,-0.00,-0.01,0.00,0.00,0.00,5.00
33239.00,0.16,-0.30,0.18,0.05,-0.04,-9.31,0.26,-0.20,-1909.31,-0.00,-0.00,-0.01,-0.00,0.00,0.00,8.00
33247.00,0.16,-0.30,0.24,0.05,-0.04,8.55,0.26,-0.20,2232.52,-0.00,-0.00,-0.01,-0.00,-0.00,0.00,5.00
33252.00,0.16,-0.30,0.17,0.05,-0.04,-15.37,0.26,-0.20,-4785.37,-0.00,-0.00,-0.01,-0.00,0.00,0.00,9.00
33261.00,0.16,-0.30,0.27,0.05,-0.04,11.43,0.26,-0.20,2978.15,-0.00,-0.00,-0.01,0.00,0.00,0.00,7.00
33268.00,0.16,-0.30,0.18,0.05,-0.04,-13.15,0.26,-0.20,-3512.11,-0.00,-0.00,-0.01,0.00,0.00,-0.00,6.00
33274.00,0.16,-0.30,0.14,0.05,-0.04,-5.91,0.26,-0.20,1206.69,-0.00,-0.00,-0.01,0.00,0.00,-0.00,7.00
33281.00,0.16,-0.30,0.20,0.05,-0.04,8.76,0.26,-0.20,2096.05,-0.00,-0.00,-0.01,0.00,0.00,-0.00,16.00
33297.00,0.16,-0.30,0.13,0.05,-0.04,-4.72,0.26,-0.20,-842.56,-0.00,-0.00,-0.01,0.00,0.00,-0.00,5.00
33302.00,0.16,-0.30,0.17,0.05,-0.04,8.74,0.26,-0.20,2693.31,-0.00,-0.00,-0.01,0.00,0.00,-0.00,10.00
33312.00,0.16,-0.30,0.24,0.05,-0.04,7.14,0.26,-0.20,-159.89,-0.00,-0.00,-0.01,0.00,0.00,0.00,8.00
33331.00,0.16,-0.30,0.19,0.00,0.00,-2.62,-0.26,0.20,-513.86,-0.00,-0.00,-0.01,0.00,-0.00,0.00,6.00
33337.00,0.16,-0.30,0.18,0.00,0.00,-1.89,-0.26,0.20,120.68,-0.00,-0.00,-0.01,0.00,0.00,-0.00,5.00
33342.00,0.16,-0.30,0.20,0.00,0.00,3.15,-0.26,0.20,1008.10,-0.00,-0.00,-0.01,0.00,0.00,-0.00,9.00
33351.00,0.16,-0.30,0.21,0.00,0.00,1.67,-0.26,0.20,-163.93,-0.00,-0.00,-0.01,0.00,0.00,0.00,7.00
33358.00,0.16,-0.30,0.28,0.00,0.00,9.93,-0.26,0.20,1179.31,-0.00,-0.00,-0.01,0.00,0.01,0.00,6.00
33364.00,0.16,-0.30,0.20,0.00,0.00,-14.02,-0.26,0.20,-3990.16,-0.00,-0.00,-0.01,0.00,0.01,-0.00,7.00
33371.00,0.16,-0.30,0.21,0.00,0.00,2.06,-0.26,0.20,2296.15,-0.00,-0.00,-0.01,0.00,0.00,-0.00,8.00
33379.00,0.16,-0.30,0.15,0.00,0.00,-7.50,-0.26,0.20,-1194.16,-0.00,-0.00,-0.01,0.00,0.00,0.00,6.00
33385.00,0.16,-0.30,0.30,0.00,0.00,24.67,-0.26,0.20,5360.50,-0.00,-0.00,-0.01,0.00,0.00,0.00,16.00
33401.00,0.16,-0.30,0.29,0.00,0.00,-0.77,-0.26,0.20,-1589.98,-0.00,-0.00,-0.01,0.00,0.00,-0.00,9.00
33415.00,0.16,-0.30,0.27,0.00,0.00,-1.25,-0.26,0.20,-34.34,-0.00,-0.00,-0.01,0.00,0.00,-0.00,8.00
33423.00,0.16,-0.30,0.20,0.00,0.00,-8.39,-0.26,0.20,-891.68,-0.00,-0.00,-0.01,0.00,0.00,-0.00,8.00
33431.00,0.16,-0.30,0.21,0.00,0.00,0.70,-0.26,0.20,1136.39,-0.00,-0.00,-0.01,0.00,0.00,-0.00,5.00
33436.00,0.16,-0.30,0.19,0.00,0.00,-3.52,-0.26,0.20,-844.66,-0.00,-0.00,-0.01,0.00,0.00,-0.00,6.00
33442.00,0.16,-0.30,0.25,0.00,0.00,9.30,-0.26,0.20,2135.90,-0.00,-0.00,-0.01,0.00,0.00,-0.00,9.00
33451.00,0.16,-0.30,0.15,0.00,0.00,-11.08,-0.26,0.20,-2264.50,-0.00,-0.00,-0.01,0.00,0.00,-0.00,8.00
33459.00,0.16,-0.30,0.21,0.00,0.00,7.03,-0.26,0.20,2264.78,-0.00,-0.00,-0.01,0.00,-0.00,-0.00,5.00
33464.00,0.16,-0.30,0.18,0.00,0.00,-4.14,-0.26,0.20,-2234.04,-0.00,-0.00,-0.01,0.00,-0.00,-0.00,7.00
33471.00,0.16,-0.30,0.23,0.00,0.00,6.15,-0.26,0.20,1469.15,-0.00,-0.00,-0.01,0.00,0.00,0.00,9.00
33480.00,0.16,-0.30,0.19,0.00,0.00,-4.51,-0.26,0.20,-1184.43,-0.00,-0.00,-0.01,0.00,-0.00,-0.00,5.00
33490.00,0.16,-0.30,0.21,0.00,0.00,2.38,-0.26,0.20,689.52,-0.00,-0.00,-0.01,-0.00,-0.00,-0.00,18.00
33508.00,0.16,-0.30,0.20,0.00,0.00,-0.57,-0.26,0.20,-164.22,-0.00,-0.00,-0.01,-0.00,-0.01,0.00,6.00
33514.00,0.16,-0.30,0.20,0.00,0.00,0.59,-0.26,0.20,193.93,-0.00,-0.00,-0.01,-0.00,-0.00,0.00,7.00
33521.00,0.16,-0.30,0.12,0.00,0.00,-11.58,-0.26,0.20,-1738.23,-0.00,-0.00,-0.01,0.00,0.00,0.00,8.00
33529.00,0.16,-0.30,0.19,0.00,0.00,8.25,-0.26,0.20,2478.51,-0.00,-0.00,-0.01,0.00,0.00,-0.00,5.00
33534.00,0.16,-0.30,0.19,0.00,0.00,0.59,0.00,0.00,-1531.86,-0.00,-0.00,-0.01,0.00,0.00,-0.00,6.00
33540.00,0.16,-0.30,0.22,0.00,0.00,4.88,0.00,0.00,714.77,-0.00,-0.00,-0.01,0.00,0.00,-0.00,7.00
33547.00,0.16,-0.30,0.24,0.00,0.00,3.19,0.00,0.00,-242.07,-0.00,-0.00,-0.01,0.00,0.00,-0.00,6.00
33553.00,0.16,-0.30,0.14,0.00,0.00,-17.30,0.00,0.00,-3413.68,-0.00,-0.00,-0.01,0.00,0.00,-0.00,8.00
33561.00,0.16,-0.30,0.21,0.00,0.00,9.26,0.00,0.00,3319.76,-0.00,-0.00,-0.01,0.00,-0.00,0.00,7.00
33573.00,0.16,-0.30,0.17,0.00,0.00,-3.75,0.00,0.00,-1084.03,-0.00,-0.00,-0.01,0.00,-0.00,-0.00,9.00
33582.00,0.16,-0.30,0.27,0.00,0.00,10.74,0.00,0.00,1609.21,-0.00,-0.00,-0.01,0.00,-0.00,0.00,5.00
33587.00,0.16,-0.30,0.23,0.00,0.00,-7.30,0.00,0.00,-3608.36,-0.00,-0.00,-0.01,0.00,0.00,0.00,16.00
33603.00,0.16,-0.30,0.12,0.00,0.00,-6.58,0.00,0.00,45.33,-0.00,-0.00,-0.01,0.00,0.00,0.00,8.00
33611.00,0.16,-0.30,0.24,0.00,0.00,14.49,0.00,0.00,2633.65,-0.00,-0.00,-0.01,-0.00,0.00,0.00,8.00
33619.00,0.16,-0.30,0.27,0.00,0.00,3.67,0.00,0.00,-1352.91,-0.00,-0.00,-0.01,0.00,0.00,-0.00,6.00
33625.00,0.16,-0.30,0.20,0.00,0.00,-11.92,0.00,0.00,-2597.89,-0.00,-0.00,-0.01,0.00,0.00,-0.00,7.00
33632.00,0.16,-0.30,0.25,0.00,0.00,7.87,0.00,0.00,2827.21,-0.00,-0.00,-0.01,0.00,0.00,0.00,6.00
33638.00,0.16,-0.30,0.20,0.00,0.00,-9.11,0.00,0.00,-2830.03,-0.00,-0.00,-0.01,0.00,0.00,-0.00,5.00
33643.00,0.16,-0.30,0.19,0.00,0.00,-1.64,0.00,0.00,1493.85,-0.00,-0.00,-0.01,0.00,0.00,-0.00,8.00
33656.00,0.16,-0.30,0.10,0.00,0.00,-6.96,0.00,0.00,-408.90,-0.00,-0.00,-0.01,-0.00,0.00,0.00,8.00
33664.00,0.16,-0.30,0.27,0.00,0.00,21.52,0.00,0.00,3559.59,-0.00,-0.00,-0.01,-0.00,0.00,-0.00,7.00
33671.00,0.16,-0.30,0.22,0.00,0.00,-8.00,0.00,0.00,-4216.98,-0.00,-0.00,-0.01,0.00,-0.00,0.00,8.00
33679.00,0.16,-0.30,0.16,0.00,0.00,-6.71,0.00,0.00,160.81,-0.00,-0.00,-0.01,0.00,0.00,0.00,5.00
33684.00,0.16,-0.30,0.15,0.00,0.00,-2.41,0.00,0.00,860.23,-0.00,-0.00,-0.01,0.00,0.00,0.00,17.00
33701.00,0.16,-0.30,0.24,0.00,0.00,5.33,0.00,0.00,455.16,-0.00,-0.00,-0.01,0.00,0.00,-0.00,7.00
33708.00,0.16,-0.30,0.24,0.00,0.00,-0.55,0.00,0.00,-839.95,-0.00,-0.00,-0.01,0.00,-0.00,-0.00,5.00
33713.00,0.16,-0.30,0.25,0.00,0.00,1.83,0.00,0.00,477.03,-0.00,-0.00,-0.01,0.00,-0.00,-0.00,9.00
33722.00,0.16,-0.30,0.19,0.00,0.00,-5.71,0.00,0.00,-837.55,-0.00,-0.00,-0.01,0.00,0.00,0.00,8.00
33730.00,0.16,-0.30,0.26,0.00,0.00,8.29,0.00,0.00,1749.52,-0.00,-0.00,-0.01,0.00,0.00,-0.00,6.00
33741.00,0.16,-0.30,0.16,0.00,0.00,-9.43,0.00,0.00,-1610.61,-0.00,-0.00,-0.01,-0.00,-0.00,0.00,8.00
33749.00,0.16,-0.30,0.19,0.00,0.00,4.45,0.00,0.00,1734.71,-0.00,-0.00,-0.01,-0.00,-0.00,-0.00,5.00
33754.00,0.16,-0.30,0.23,0.00,0.00,7.78,0.00,0.00,666.39,-0.00,-0.00,-0.01,-0.00,-0.00,-0.00,8.00
33762.00,0.16,-0.30,0.22,0.00,0.00,-1.37,0.00,0.00,-1144.28,-0.00,-0.00,-0.01,0.00,0.00,0.00,9.00
33771.00,0.16,-0.30,0.19,0.00,0.00,-3.54,0.00,0.00,-240.76,-0.00,-0.00,-0.01,0.00,0.00,0.00,7.00
33778.00,0.16,-0.30,0.16,0.00,0.00,-3.73,0.00,0.00,-27.99,-0.00,-0.00,-0.01,0.00,0.00,0.00,6.00
33784.00,0.16,-0.30,0.22,0.00,0.00,9.38,0.00,0.00,2185.17,-0.00,-0.00,-0.01,0.00,0.00,0.00,15.00
33799.00,0.16,-0.30,0.25,0.00,0.00,1.86,0.00,0.00,-500.90,-0.00,-0.00,-0.01,0.00,0.00,0.00,6.00
33805.00,0.16,-0.30,0.17,0.00,0.00,-12.89,0.00,0.00,-2458.79,-0.00,-0.00,-0.01,-0.00,0.00,-0.00,7.00
33812.00,0.16,-0.30,0.22,0.00,0.00,7.82,0.00,0.00,2958.25,-0.00,-0.00,-0.01,-0.00,0.00,-0.00,8.00
33825.00,0.16,-0.30,0.19,0.00,0.00,-2.61,0.00,0.00,-802.47,-0.00,-0.00,-0.01,-0.00,0.00,-0.00,9.00
33834.00,0.16,-0.30,0.17,0.00,0.00,-1.66,0.00,0.00,106.37,-0.00,-0.00,-0.01,-0.00,-0.00,-0.00,6.00
33840.00,0.16,-0.30,0.24,0.00,0.00,11.58,0.00,0.00,2205.79,-0.00,-0.00,-0.01,-0.00,0.00,0.00,5.00
33845.00,0.16,-0.30,0.10,0.00,0.00,-28.54,0.00,0.00,-8024.60,-0.00,-0.00,-0.01,-0.00,0.00,-0.00,7.00
33852.00,0.16,-0.30,0.23,0.00,0.00,17.76,0.00,0.00,6614.64,-0.00,-0.00,-0.01,-0.00,0.00,-0.00,8.00
33860.00,0.16,-0.30,0.24,0.00,0.00,1.37,0.00,0.00,-2047.98,-0.00,-0.00,-0.01,-0.00,-0.00,0.00,6.00
33866.00,0.16,-0.30,0.10,0.00,0.00,-23.31,0.00,0.00,-4114.07,-0.00,-0.00,-0.01,-0.00,-0.00,-0.00,7.00
33873.00,0.16,-0.30,0.25,0.00,0.00,21.49,0.00,0.00,6399.90,-0.00,-0.00,-0.01,-0.00,-0.00,-0.00,9.00
33882.00,0.16,-0.30,0.20,0.00,0.00,-5.68,0.00,0.00,-3018.83,-0.00,-0.00,-0.01,-0.00,-0.00,0.00,16.00
33898.00,0.16,-0.30,0.20,0.00,0.00,0.52,0.00,0.00,387.27,-0.00,-0.00,-0.01,-0.00,0.00,0.00,6.00
33909.00,0.16,-0.30,0.22,0.00,0.00,1.25,0.00,0.00,66.81,-0.00,-0.00,-0.01,-0.00,0.00,0.00,6.00
33915.00,0.16,-0.30,0.11,0.00,0.00,-18.57,0.00,0.00,-3303.14,-0.00,-0.00,-0.01,-0.00,0.00,0.00,7.00
33922.00,0.16,-0.30,0.16,0.00,0.00,7.04,0.00,0.00,3658.65,-0.00,-0.00,-0.01,-0.00,0.00,0.00,8.00
33930.00,0.16,-0.30,0.25,0.00,0.00,11.34,0.00,0.00,537.05,-0.00,-0.00,-0.01,0.00,-0.00,0.00,6.00
33936.00,0.16,-0.30,0.25,0.00,0.00,1.06,0.00,0.00,-1712.29,-0.00,-0.00,-0.01,-0.00,-0.00,-0.00,7.00
33943.00,0.16,-0.30,0.24,0.00,0.00,-1.65,0.00,0.00,-387.44,-0.00,-0.00,-0.01,-0.00,-0.00,-0.00,9.00
33952.00,0.16,-0.30,0.15,0.00,0.00,-10.74,0.00,0.00,-1010.20,-0.00,-0.00,-0.01,0.00,0.00,-0.00,6.00
33958.00,0.16,-0.30,0.10,0.00,0.00,-7.99,0.00,0.00,458.55,-0.00,-0.00,-0.01,-0.00,-0.00,-0.00,6.00
33964.00,0.16,-0.30,0.24,0.00,0.00,24.25,0.00,0.00,5373.60,-0.00,-0.00,-0.01,-0.00,-0.00,-0.00,8.00
33972.00,0.16,-0.30,0.21,0.00,0.00,-4.40,0.00,0.00,-3581.17,-0.00,-0.00,-0.01,0.00,-0.00,0.00,8.00
33990.00,0.16,-0.30,0.21,0.00,0.00,0.04,0.00,0.00,246.60,-0.00,-0.00,-0.01,0.00,0.00,0.00,16.00
34006.00,0.16,-0.30,0.14,0.00,0.00,-4.15,0.00,0.00,-262.30,-0.00,-0.00,-0.01,-0.00,0.00,-0.00,7.00
34013.00,0.16,-0.30,0.27,0.00,0.00,17.64,0.00,0.00,3113.24,-0.00,-0.00,-0.01,-0.00,0.00,-0.00,9.00
34022.00,0.16,-0.30,0.26,0.00,0.00,-0.40,0.00,0.00,-2004.82,-0.00,-0.00,-0.01,0.00,0.00,-0.00,7.00
34029.00,0.16,-0.30,0.27,0.00,0.00,1.07,0.00,0.00,210.61,-0.00,-0.00,-0.01,0.00,-0.00,-0.00,5.00
34034.00,0.16,-0.30,0.32,0.00,0.00,11.07,0.00,0.00,2000.86,-0.00,-0.00,-0.01,0.00,-0.00,-0.00,7.00
34041.00,0.16,-0.30,0.11,0.00,0.00,-30.22,0.00,0.00,-5898.80,-0.00,-0.00,-0.01,0.00,0.00,-0.00,6.00
34047.00,0.16,-0.30,0.21,0.00,0.00,16.96,0.00,0.00,7862.13,-0.00,-0.00,-0.01,0.00,0.00,-0.00,7.00
34054.00,0.16,-0.30,0.29,0.00,0.00,10.39,0.00,0.00,-937.88,-0.00,-0.00,-0.01,0.00,0.00,-0.00,8.00
34062.00,0.16,-0.30,0.20,0.00,0.00,-11.20,0.00,0.00,-2698.88,-0.00,-0.00,-0.01,0.00,0.00,-0.00,7.00
34074.00,0.16,-0.30,0.19,0.00,0.00,-0.48,0.00,0.00,893.73,-0.00,-0.00,-0.01,-0.00,-0.00,-0.00,19.00
34093.00,0.16,-0.30,0.28,0.00,0.00,4.37,0.00,0.00,254.88,-0.00,-0.00,-0.01,0.00,0.00,0.00,9.00
34102.00,0.16,-0.30,0.20,0.00,0.00,-8.05,0.00,0.00,-1379.44,-0.00,-0.00,-0.01,0.00,0.00,-0.00,7.00
34109.00,0.16,-0.30,0.17,0.00,0.00,-4.97,0.00,0.00,439.52,-0.00,-0.00,-0.01,0.00,0.00,0.00,6.00
34115.00,0.16,-0.30,0.22,0.00,0.00,8.03,0.00,0.00,2167.31,-0.00,-0.00,-0.01,-0.00,0.00,0.00,8.00
34123.00,0.16,-0.30,0.21,0.00,0.00,-0.75,0.00,0.00,-1097.92,-0.00,-0.00,-0.01,-0.00,0.00,0.00,8.00
34131.00,0.16,-0.30,0.28,0.00,0.00,9.33,0.00,0.00,1260.01,-0.00,-0.00,-0.01,-0.00,0.00,0.00,5.00
34136.00,0.16,-0.30,0.23,0.00,0.00,-11.24,0.00,0.00,-4114.03,-0.00,-0.00,-0.01,-0.00,0.00,0.00,7.00
34143.00,0.16,-0.30,0.24,0.00,0.00,1.51,0.00,0.00,1821.29,-0.00,-0.00,-0.01,0.00,0.00,0.00,8.00
34151.00,0.16,-0.30,0.26,0.00,0.00,3.20,0.00,0.00,211.66,-0.00,-0.00,-0.01,-0.00,0.00,-0.00,6.00
34162.00,0.16,-0.30,0.27,0.00,0.00,0.45,0.00,0.00,-250.44,-0.00,-0.00,-0.01,-0.00,0.00,-0.00,8.00
34170.00,0.16,-0.30,0.23,0.00,0.00,-5.26,0.00,0.00,-712.95,-0.00,-0.00,-0.01,-0.00,0.00,0.00,5.00
34175.00,0.16,-0.30,0.27,0.00,0.00,8.28,0.00,0.00,2707.67,-0.00,-0.00,-0.01,-0.00,0.00,0.00,18.00
34193.00,0.16,-0.30,0.11,0.00,0.00,-8.62,0.00,0.00,-939.17,-0.00,-0.00,-0.01,-0.00,0.00,0.00,8.00
34201.00,0.16,-0.30,0.21,0.00,0.00,12.04,0.00,0.00,2582.38,-0.00,-0.00,-0.01,0.00,-0.00,0.00,5.00
34206.00,0.16,-0.30,0.22,0.00,0.00,1.09,0.00,0.00,-2188.35,-0.00,-0.00,-0.01,0.00,-0.00,0.00,8.00
34214.00,0.16,-0.30,0.24,0.00,0.00,3.69,0.00,0.00,325.05,-0.00,-0.00,-0.01,0.00,-0.00,-0.00,8.00
34222.00,0.16,-0.30,0.33,0.00,0.00,10.06,0.00,0.00,796.27,-0.00,-0.00,-0.01,-0.00,-0.00,-0.00,7.00
34229.00,0.16,-0.30,0.26,0.00,0.00,-9.16,0.00,0.00,-2746.04,-0.00,-0.00,-0.01,-0.00,-0.00,-0.00,6.00
34235.00,0.16,-0.30,0.23,0.00,0.00,-5.41,0.00,0.00,625.32,-0.00,-0.00,-0.01,0.00,0.00,-0.00,5.00
34245.00,0.16,-0.30,0.29,0.00,0.00,6.19,0.00,0.00,1159.67,-0.00,-0.00,-0.01,0.00,0.00,-0.00,9.00
34254.00,0.16,-0.30,0.24,0.00,0.00,-5.09,0.00,0.00,-1253.61,-0.00,-0.00,-0.01,-0.00,0.00,0.00,9.00
34263.00,0.16,-0.30,0.19,0.00,0.00,-5.89,0.00,0.00,-88.13,-0.00,-0.00,-0.01,-0.00,0.00,0.00,6.00
34269.00,0.16,-0.30,0.24,0.00,0.00,8.83,0.00,0.00,2452.57,-0.00,-0.00,-0.01,-0.00,-0.00,0.00,6.00
34275.00,0.16,-0.30,0.28,0.00,0.00,6.31,0.00,0.00,-419.99,-0.00,-0.00,-0.01,-0.00,-0.00,0.00,19.00
34294.00,0.16,-0.30,0.26,0.00,0.00,-1.43,0.00,0.00,-407.52,-0.00,-0.00,-0.01,-0.00,-0.00,0.00,8.00
34302.00,0.16,-0.30,0.20,0.00,0.00,-7.39,0.00,0.00,-744.56,-0.00,-0.00,-0.01,0.00,-0.00,0.00,7.00
34309.00,0.16,-0.30,0.20,0.00,0.00,0.56,0.00,0.00,1136.06,-0.00,-0.00,-0.01,0.00,0.00,0.00,6.00
34315.00,0.16,-0.30,0.33,0.00,0.00,20.95,0.00,0.00,3397.45,-0.00,-0.00,-0.01,0.00,0.00,0.00,8.00
34323.00,0.16,-0.30,0.27,0.00,0.00,-7.12,0.00,0.00,-3508.06,-0.00,-0.00,-0.01,-0.00,0.00,0.00,8.00
34336.00,0.16,-0.30,0.16,0.00,0.00,-8.75,0.00,0.00,-125.54,-0.00,-0.00,-0.01,-0.00,0.00,0.00,8.00
34344.00,0.16,-0.30,0.30,0.00,0.00,18.12,0.00,0.00,3359.09,-0.00,-0.00,-0.01,0.00,0.00,-0.00,8.00
34352.00,0.16,-0.30,0.20,0.00,0.00,-12.61,0.00,0.00,-3842.03,-0.00,-0.00,-0.01,0.00,0.00,-0.00,5.00
34357.00,0.16,-0.30,0.20,0.00,0.00,-0.21,0.00,0.00,2480.19,-0.00,-0.00,-0.01,0.00,0.00,-0.00,7.00
34364.00,0.16,-0.30,0.21,0.00,0.00,1.38,0.00,0.00,226.67,-0.00,-0.00,-0.01,0.00,-0.00,0.00,9.00
34373.00,0.16,-0.30,0.22,0.00,0.00,1.17,0.00,0.00,-22.67,-0.00,-0.00,-0.01,-0.00,0.00,0.00,6.00
34379.00,0.16,-0.30,0.33,0.00,0.00,17.84,0.00,0.00,2778.31,-0.00,-0.00,-0.01,-0.00,-0.00,0.00,17.00
34396.00,0.16,-0.30,0.24,0.00,0.00,-5.05,0.00,0.00,-1346.81,-0.00,-0.00,-0.01,-0.00,0.00,-0.00,8.00
34404.00,0.16,-0.30,0.29,0.00,0.00,6.71,0.00,0.00,1470.99,-0.00,-0.00,-0.01,-0.00,0.00,0.00,8.00
34412.00,0.16,-0.30,0.23,0.00,0.00,-7.52,0.00,0.00,-1778.87,-0.00,-0.00,-0.01,-0.00,0.00,0.00,6.00
34423.00,0.16,-0.30,0.34,0.00,0.00,9.26,0.00,0.00,1525.15,-0.00,-0.00,-0.01,0.00,0.00,0.00,7.00
34430.00,0.16,-0.30,0.32,0.00,0.00,-2.13,0.00,0.00,-1626.71,-0.00,-0.00,-0.01,0.00,0.00,-0.00,6.00
34436.00,0.16,-0.30,0.20,0.00,0.00,-20.26,0.00,0.00,-3021.83,-0.00,-0.00,-0.01,0.00,0.00,-0.00,6.00
34442.00,0.16,-0.30,0.33,0.00,0.00,21.57,0.00,0.00,6971.86,-0.00,-0.00,-0.01,0.00,-0.00,-0.00,5.00
34447.00,0.16,-0.30,0.30,0.00,0.00,-5.78,0.00,0.00,-5471.40,-0.00,-0.00,-0.01,-0.00,-0.00,0.00,8.00
34455.00,0.16,-0.30,0.27,0.00,0.00,-3.34,0.00,0.00,305.58,-0.00,-0.00,-0.01,-0.00,0.00,0.00,8.00
34463.00,0.16,-0.30,0.24,0.00,0.00,-3.57,0.00,0.00,-29.10,-0.00,-0.00,-0.01,-0.00,-0.00,0.00,7.00
34470.00,0.16,-0.30,0.29,0.00,0.00,6.14,0.00,0.00,1387.89,-0.00,-0.00,-0.01,0.00,-0.00,0.00,6.00
34476.00,0.16,-0.30,0.30,0.00,0.00,1.82,0.00,0.00,-720.82,-0.00,-0.00,-0.01,0.00,-0.00,0.00,8.00
34484.00,0.16,-0.30,0.26,0.00,0.00,-4.94,0.00,0.00,-844.55,-0.00,-0.00,-0.01,-0.00,0.00,0.00,5.00
34494.00,0.16,-0.30,0.28,0.00,0.00,1.71,0.00,0.00,664.69,-0.00,-0.00,-0.01,-0.00,0.00,0.00,19.00
34513.00,0.16,-0.30,0.13,0.00,0.00,-7.79,0.00,0.00,-499.94,-0.00,-0.00,-0.01,0.00,-0.00,-0.00,7.00
34520.00,0.16,-0.30,0.26,0.00,0.00,18.37,0.00,0.00,3737.26,-0.00,-0.00,-0.01,0.00,-0.00,0.00,6.00
34526.00,0.16,-0.30,0.28,0.00,0.00,3.37,0.00,0.00,-2499.79,-0.00,-0.00,-0.01,0.00,-0.00,0.00,8.00
34534.00,0.16,-0.30,0.33,0.00,0.00,6.59,0.00,0.00,402.21,-0.00,-0.00,-0.01,-0.00,0.00,-0.00,6.00
34540.00,0.16,-0.30,0.30,0.00,0.00,-5.58,0.00,0.00,-2028.19,-0.00,-0.00,-0.01,-0.00,0.00,0.00,6.00
34546.00,0.16,-0.30,0.20,0.00,0.00,-15.69,0.00,0.00,-1684.80,-0.00,-0.00,-0.01,0.00,0.00,0.00,8.00
34554.00,0.16,-0.30,0.27,0.00,0.00,8.09,0.00,0.00,2972.11,-0.00,-0.00,-0.01,0.00,0.01,-0.00,7.00
34561.00,0.16,-0.30,0.24,0.00,0.00,-3.30,0.00,0.00,-1626.63,-0.00,-0.00,-0.01,0.00,0.00,0.00,6.00
34567.00,0.16,-0.30,0.32,0.00,0.00,12.64,0.00,0.00,2657.05,-0.00,-0.00,-0.01,0.00,0.00,0.00,8.00
34580.00,0.16,-0.30,0.31,0.00,0.00,-0.85,0.00,0.00,-1037.79,-0.00,-0.00,-0.01,0.00,-0.00,-0.00,7.00
34587.00,0.16,-0.30,0.25,0.00,0.00,-7.77,0.00,0.00,-989.53,-0.00,-0.00,-0.01,0.00,-0.00,-0.00,6.00
34593.00,0.16,-0.30,0.31,0.00,0.00,9.38,0.00,0.00,2858.53,-0.00,-0.00,-0.01,-0.00,0.00,-0.00,16.00
34609.00,0.16,-0.30,0.26,0.00,0.00,-2.98,0.00,0.00,-772.02,-0.00,-0.00,-0.01,-0.00,-0.00,0.00,7.00
34616.00,0.16,-0.30,0.27,0.00,0.00,0.59,0.00,0.00,509.49,-0.00,-0.00,-0.01,-0.00,-0.00,0.00,8.00
34624.00,0.16,-0.30,0.32,0.00,0.00,7.10,0.00,0.00,814.09,-0.00,-0.00,-0.01,-0.00,-0.00,0.00,8.00
34632.00,0.16,-0.30,0.35,0.00,0.00,3.68,0.00,0.00,-428.48,-0.00,-0.00,-0.01,-0.00,-0.00,0.00,5.00
34637.00,0.16,-0.30,0.11,0.00,0.00,-48.02,0.00,0.00,-10338.88,-0.00,-0.00,-0.01,-0.00,-0.00,0.00,7.00
34644.00,0.16,-0.30,0.19,0.00,0.00,11.53,0.00,0.00,8506.85,-0.00,-0.00,-0.01,-0.00,-0.00,0.00,7.00
34651.00,0.16,-0.30,0.16,0.00,0.00,-4.26,0.00,0.00,-2255.19,-0.00,-0.00,-0.01,-0.00,0.00,-0.00,6.00
34667.00,0.16,-0.30,0.36,0.00,0.00,12.50,0.00,0.00,1047.36,-0.00,-0.00,-0.01,0.00,-0.00,0.00,9.00
34676.00,0.16,-0.30,0.32,0.00,0.00,-5.20,0.00,0.00,-1966.63,-0.00,-0.00,-0.01,0.00,-0.00,0.00,8.00
34684.00,0.16,-0.30,0.28,0.00,0.00,-4.78,0.00,0.00,52.55,-0.00,-0.00,-0.01,0.00,-0.00,-0.00,16.00
34700.00,0.16,-0.30,0.30,0.00,0.00,1.52,0.00,0.00,393.66,-0.00,-0.00,-0.01,-0.00,0.00,-0.00,6.00
34706.00,0.16,-0.30,0.22,0.00,0.00,-13.92,0.00,0.00,-2573.02,-0.00,-0.00,-0.01,-0.00,0.00,0.00,8.00
34714.00,0.16,-0.30,0.21,0.00,0.00,-0.95,0.00,0.00,1620.97,-0.00,-0.00,-0.01,-0.00,-0.00,0.00,7.00
34721.00,0.16,-0.30,0.30,0.00,0.00,12.55,0.00,0.00,1929.09,-0.00,-0.00,-0.01,0.00,-0.00,0.00,6.00
34727.00,0.16,-0.30,0.28,0.00,0.00,-4.03,0.00,0.00,-2764.30,-0.00,-0.00,-0.01,0.00,-0.00,0.00,8.00
34735.00,0.16,-0.30,0.28,0.00,0.00,0.22,0.00,0.00,531.08,-0.00,-0.00,-0.01,0.00,0.00,-0.00,5.00
34740.00,0.16,-0.30,0.27,0.00,0.00,-0.91,0.00,0.00,-225.55,-0.00,-0.00,-0.01,-0.00,-0.00,-0.00,7.00
34752.00,0.16,-0.30,0.17,0.00,0.00,-8.26,0.00,0.00,-612.54,-0.00,-0.00,-0.01,0.00,0.00,-0.00,7.00
34759.00,0.16,-0.30,0.30,0.00,0.00,17.76,0.00,0.00,3717.14,-0.00,-0.00,-0.01,0.00,0.00,-0.00,7.00
34766.00,0.16,-0.30,0.30,0.00,0.00,0.89,0.00,0.00,-2410.34,-0.00,-0.00,-0.01,0.00,0.00,0.00,8.00
34774.00,0.16,-0.30,0.35,0.00,0.00,5.40,0.00,0.00,564.72,-0.00,-0.00,-0.01,-0.00,-0.00,0.00,7.00
34781.00,0.16,-0.30,0.21,0.00,0.00,-19.21,0.00,0.00,-3515.99,-0.00,-0.00,-0.01,0.00,0.00,0.00,7.00
34788.00,0.16,-0.30,0.30,0.00,0.00,12.65,0.00,0.00,4551.58,-0.00,-0.00,-0.01,0.00,0.00,0.00,6.00
34794.00,0.16,-0.30,0.34,0.00,0.00,6.48,0.00,0.00,-1028.83,-0.00,-0.00,-0.01,0.00,0.00,-0.00,17.00
34811.00,0.16,-0.30,0.36,0.00,0.00,1.21,0.00,0.00,-310.17,-0.00,-0.00,-0.01,-0.00,-0.00,-0.00,6.00
34817.00,0.16,-0.30,0.34,0.00,0.00,-4.15,0.00,0.00,-893.07,-0.00,-0.00,-0.01,0.00,-0.00,0.00,8.00
34825.00,0.16,-0.30,0.28,0.00,0.00,-6.66,0.00,0.00,-313.48,-0.00,-0.00,-0.01,0.00,-0.00,0.00,8.00
34838.00,0.16,-0.30,0.24,0.00,0.00,-3.20,0.00,0.00,265.96,-0.00,-0.00,-0.01,0.00,-0.00,-0.00,8.00
34846.00,0.16,-0.30,0.29,0.00,0.00,6.11,0.00,0.00,1164.61,-0.00,-0.00,-0.01,-0.00,-0.00,0.00,8.00
34854.00,0.16,-0.30,0.29,0.00,0.00,-0.43,0.00,0.00,-818.03,-0.00,-0.00,-0.01,0.00,-0.00,0.00,7.00
34861.00,0.16,-0.30,0.36,0.00,0.00,10.82,0.00,0.00,1607.54,-0.00,-0.00,-0.01,-0.00,0.00,-0.00,6.00
34867.00,0.16,-0.30,0.28,0.00,0.00,-13.78,0.00,0.00,-4100.79,-0.00,-0.00,-0.01,-0.00,0.00,-0.00,8.00
34875.00,0.16,-0.30,0.23,0.00,0.00,-6.24,0.00,0.00,943.24,-0.00,-0.00,-0.01,0.00,0.00,0.00,8.00
34883.00,0.16,-0.30,0.30,0.00,0.00,8.89,0.00,0.00,1891.09,-0.00,-0.00,-0.01,0.00,0.00,0.00,15.00
34898.00,0.16,-0.30,0.21,0.00,0.00,-5.96,0.00,0.00,-990.43,-0.00,-0.00,-0.01,0.00,-0.00,0.00,8.00
34906.00,0.16,-0.30,0.32,0.00,0.00,13.09,0.00,0.00,2381.43,-0.00,-0.00,-0.01,-0.00,-0.00,0.00,9.00
34915.00,0.16,-0.30,0.22,0.00,0.00,-10.82,0.00,0.00,-2656.46,-0.00,-0.00,-0.01,0.00,0.01,-0.00,6.00
34926.00,0.16,-0.30,0.26,0.00,0.00,3.97,0.00,0.00,1344.79,-0.00,-0.00,-0.01,0.00,0.00,-0.00,10.00
34936.00,0.16,-0.30,0.25,0.00,0.00,-0.91,0.00,0.00,-487.90,-0.00,-0.00,-0.01,-0.00,0.00,0.00,5.00
34941.00,0.16,-0.30,0.27,0.00,0.00,4.14,0.00,0.00,1009.37,-0.00,-0.00,-0.01,0.00,0.00,0.00,7.00
34948.00,0.16,-0.30,0.31,0.00,0.00,4.55,0.00,0.00,58.52,-0.00,-0.00,-0.01,0.00,0.00,0.00,7.00
34955.00,0.16,-0.30,0.18,0.00,0.00,-17.72,0.00,0.00,-3182.14,-0.00,-0.00,-0.01,-0.00,0.00,-0.00,8.00
34963.00,0.16,-0.30,0.31,0.00,0.00,15.83,0.00,0.00,4193.89,-0.00,-0.00,-0.01,0.00,0.00,-0.00,5.00
34968.00,0.16,-0.30,0.23,0.00,0.00,-15.79,0.00,0.00,-6323.93,-0.00,-0.00,-0.01,0.00,0.00,-0.00,8.00
34976.00,0.16,-0.30,0.23,0.00,0.00,0.30,0.00,0.00,2011.39,-0.00,-0.00,-0.01,-0.00,0.00,0.00,8.00
34984.00,0.16,-0.30,0.39,0.00,0.00,19.21,0.00,0.00,2364.37,-0.00,-0.00,-0.01,0.00,0.00,0.00,16.00
35000.00,0.16,-0.30,0.34,0.00,0.00,-3.02,0.00,0.00,-1389.59,-0.00,-0.00,-0.01,-0.00,0.00,0.00,7.00
35012.00,0.16,-0.30,0.34,0.00,0.00,-0.00,0.00,0.00,251.63,-0.00,-0.00,-0.01,-0.00,0.00,0.00,7.00
35019.00,0.16,-0.30,0.29,0.00,0.00,-7.30,0.00,0.00,-1042.31,-0.00,-0.00,-0.01,-0.00,0.00,0.00,7.00
35026.00,0.16,-0.30,0.28,0.00,0.00,-0.73,0.00,0.00,938.31,-0.00,-0.00,-0.01,-0.00,-0.00,0.00,8.00
35034.00,0.16,-0.30,0.34,0.00,0.00,7.54,0.00,0.00,1033.55,-0.00,-0.00,-0.01,0.00,0.00,0.00,5.00
35039.00,0.16,-0.30,0.30,0.00,0.00,-8.24,0.00,0.00,-3156.51,-0.00,-0.00,-0.01,0.00,0.00,0.00,8.00
35047.00,0.16,-0.30,0.37,0.00,0.00,9.14,0.00,0.00,2172.79,-0.00,-0.00,-0.01,-0.00,-0.00,0.00,8.00
35055.00,0.16,-0.30,0.37,0.00,0.00,0.22,0.00,0.00,-1115.01,-0.00,-0.00,-0.01,-0.00,0.00,0.00,6.00
35061.00,0.16,-0.30,0.26,0.00,0.00,-18.33,0.00,0.00,-3091.69,-0.00,-0.00,-0.01,-0.00,0.00,0.00,6.00
35067.00,0.16,-0.30,0.32,0.00,0.00,9.01,0.00,0.00,4556.27,-0.00,-0.00,-0.01,-0.00,0.00,0.00,9.00
35076.00,0.16,-0.30,0.33,0.00,0.00,1.69,0.00,0.00,-813.49,-0.00,-0.00,-0.01,0.00,0.01,0.00,8.00
35089.00,0.16,-0.30,0.30,0.00,0.00,-2.33,0.00,0.00,-308.51,-0.00,-0.00,-0.01,0.00,0.00,0.00,17.00
35106.00,0.16,-0.30,0.20,0.00,0.00,-6.04,0.00,0.00,-218.68,-0.00,-0.00,-0.01,-0.00,-0.00,0.00,8.00
35114.00,0.16,-0.30,0.37,0.00,0.00,21.49,0.00,0.00,3441.79,-0.00,-0.00,-0.01,0.00,0.00,0.00,5.00
35119.00,0.16,-0.30,0.32,0.00,0.00,-10.12,0.00,0.00,-6323.06,-0.00,-0.00,-0.01,-0.00,-0.00,0.00,8.00
35127.00,0.16,-0.30,0.23,0.00,0.00,-10.92,0.00,0.00,-99.91,-0.00,-0.00,-0.01,-0.00,-0.00,0.00,9.00
35136.00,0.16,-0.30,0.17,0.00,0.00,-7.55,0.00,0.00,375.20,-0.00,-0.00,-0.01,0.00,0.00,-0.00,5.00
35141.00,0.16,-0.30,0.26,0.00,0.00,17.86,0.00,0.00,5082.06,-0.00,-0.00,-0.01,0.00,0.00,-0.00,6.00
35147.00,0.16,-0.30,0.24,0.00,0.00,-2.42,0.00,0.00,-3380.59,-0.00,-0.00,-0.01,0.00,-0.00,0.00,9.00
35156.00,0.16,-0.30,0.37,0.00,0.00,14.03,0.00,0.00,1827.57,-0.00,-0.00,-0.01,-0.00,0.00,0.00,8.00
35164.00,0.16,-0.30,0.29,0.00,0.00,-9.72,0.00,0.00,-2968.97,-0.00,-0.00,-0.01,-0.00,0.00,0.00,5.00
35174.00,0.16,-0.30,0.32,0.00,0.00,3.06,0.00,0.00,1278.36,-0.00,-0.00,-0.01,-0.00,0.00,0.00,7.00
35181.00,0.16,-0.30,0.32,0.00,0.00,0.19,0.00,0.00,-409.86,-0.00,-0.00,-0.01,0.00,0.00,0.00,6.00
35187.00,0.16,-0.30,0.25,0.00,0.00,-12.50,0.00,0.00,-2115.60,-0.00,-0.00,-0.01,0.00,0.00,0.00,16.00
35203.00,0.16,-0.30,0.15,0.00,0.00,-6.13,0.00,0.00,398.57,-0.00,-0.00,-0.01,-0.00,0.01,-0.00,6.00
35209.00,0.16,-0.30,0.36,0.00,0.00,34.82,0.00,0.00,6823.63,-0.00,-0.00,-0.01,-0.00,0.01,-0.00,7.00
35216.00,0.16,-0.30,0.27,0.00,0.00,-12.34,0.00,0.00,-6736.74,-0.00,-0.00,-0.01,-0.00,0.00,0.00,8.00
35224.00,0.16,-0.30,0.35,0.00,0.00,9.27,0.00,0.00,2701.76,-0.00,-0.00,-0.01,-0.00,0.00,0.00,5.00
35229.00,0.16,-0.30,0.33,0.00,0.00,-3.26,0.00,0.00,-2506.40,-0.00,-0.00,-0.01,-0.00,0.00,-0.00,8.00
35237.00,0.16,-0.30,0.25,0.00,0.00,-10.09,0.00,0.00,-854.45,-0.00,-0.00,-0.01,-0.00,0.00,-0.00,6.00
35243.00,0.16,-0.30,0.33,0.00,0.00,12.89,0.00,0.00,3829.93,-0.00,-0.00,-0.01,0.00,0.00,0.00,6.00
35254.00,0.16,-0.30,0.26,0.00,0.00,-6.00,0.00,0.00,-1716.92,-0.00,-0.00,-0.01,0.00,-0.00,0.00,6.00
35260.00,0.16,-0.30,0.46,0.00,0.00,32.84,0.00,0.00,6472.85,-0.00,-0.00,-0.01,0.00,-0.00,0.00,6.00
35266.00,0.16,-0.30,0.64,0.00,0.00,29.82,0.00,0.00,-502.60,-0.00,-0.00,-0.01,-0.00,0.00,-0.00,4.00
35270.00,0.16,-0.30,0.23,0.00,0.00,-101.18,0.00,0.00,-32750.31,-0.00,-0.00,-0.01,-0.00,0.00,-0.00,7.00
35277.00,0.16,-0.30,0.29,0.00,0.00,8.63,0.00,0.00,15687.15,-0.00,-0.00,-0.01,-0.00,0.00,-0.00,18.00
35295.00,0.16,-0.30,0.21,0.00,0.00,-4.42,0.00,0.00,-725.04,-0.00,-0.00,-0.01,0.00,0.00,0.00,5.00
35300.00,0.16,-0.30,0.34,0.00,0.00,26.30,0.00,0.00,6144.42,-0.00,-0.00,-0.01,0.00,0.00,-0.00,7.00
35307.00,0.16,-0.30,0.37,0.00,0.00,4.31,0.00,0.00,-3142.13,-0.00,-0.00,-0.01,0.00,0.00,-0.00,9.00
35316.00,0.16,-0.30,0.32,0.00,0.00,-6.24,0.00,0.00,-1171.52,-0.00,-0.00,-0.01,0.00,-0.00,-0.00,7.00
35323.00,0.16,-0.30,0.36,0.00,0.00,6.32,0.00,0.00,1793.35,-0.00,-0.00,-0.01,0.00,-0.00,-0.00,6.00
35334.00,0.16,-0.30,0.31,0.00,0.00,-4.62,0.00,0.00,-993.85,-0.00,-0.00,-0.01,0.00,0.00,0.00,6.00
35340.00,0.16,-0.30,0.31,0.00,0.00,-0.37,0.00,0.00,708.36,-0.00,-0.00,-0.01,0.00,0.00,0.00,7.00
35347.00,0.16,-0.30,0.29,0.00,0.00,-3.15,0.00,0.00,-398.36,-0.00,-0.00,-0.01,0.00,-0.00,0.00,7.00
35354.00,0.16,-0.30,0.23,0.00,0.00,-7.40,0.00,0.00,-607.07,-0.00,-0.00,-0.01,0.00,0.00,0.00,6.00
35360.00,0.16,-0.30,0.45,0.00,0.00,35.35,0.00,0.00,7126.49,-0.00,-0.00,-0.01,0.00,0.00,0.00,8.00
35368.00,0.16,-0.30,0.28,0.00,0.00,-20.31,0.00,0.00,-6958.37,-0.00,-0.00,-0.01,0.00,-0.00,0.00,8.00
35376.00,0.16,-0.30,0.31,0.00,0.00,3.00,0.00,0.00,2913.60,-0.00,-0.00,-0.01,0.00,0.00,-0.00,16.00
35392.00,0.16,-0.30,0.28,0.00,0.00,-2.08,0.00,0.00,-317.40,-0.00,-0.00,-0.01,-0.00,0.00,-0.00,7.00
35399.00,0.16,-0.30,0.30,0.00,0.00,4.19,0.00,0.00,896.67,-0.00,-0.00,-0.01,0.00,0.00,-0.00,8.00
35407.00,0.16,-0.30,0.21,0.00,0.00,-11.53,0.00,0.00,-1965.72,-0.00,-0.00,-0.01,0.00,-0.00,-0.00,8.00
35424.00,0.16,-0.30,0.33,0.00,0.00,6.96,0.00,0.00,1087.88,-0.00,-0.00,-0.01,0.00,-0.01,-0.00,7.00
35431.00,0.16,-0.30,0.35,0.00,0.00,3.47,0.00,0.00,-498.43,-0.00,-0.00,-0.01,0.00,-0.01,-0.00,7.00
35438.00,0.16,-0.30,0.35,0.00,0.00,-0.42,0.00,0.00,-555.79,-0.00,-0.00,-0.01,0.00,-0.01,0.00,5.00
35443.00,0.16,-0.30,0.29,0.00,0.00,-11.93,0.00,0.00,-2301.69,-0.00,-0.00,-0.01,0.00,0.00,0.00,6.00
35449.00,0.16,-0.30,0.29,0.00,0.00,0.28,0.00,0.00,2034.09,-0.00,-0.00,-0.01,0.00,0.00,0.00,9.00
35458.00,0.16,-0.30,0.35,0.00,0.00,6.41,0.00,0.00,681.54,-0.00,-0.00,-0.01,0.00,0.00,0.00,8.00
35466.00,0.16,-0.30,0.33,0.00,0.00,-2.57,0.00,0.00,-1123.08,-0.00,-0.00,-0.01,-0.00,0.00,0.00,5.00
35471.00,0.16,-0.30,0.38,0.00,0.00,10.38,0.00,0.00,2590.63,-0.00,-0.00,-0.01,-0.00,0.00,-0.00,7.00
35478.00,0.16,-0.30,0.26,0.00,0.00,-17.56,0.00,0.00,-3992.05,-0.00,-0.00,-0.01,-0.00,0.00,-0.00,19.00
35497.00,0.16,-0.30,0.39,0.00,0.00,6.69,0.00,0.00,1276.63,-0.00,-0.00,-0.01,0.00,0.00,-0.00,9.00
35510.00,0.16,-0.30,0.38,0.00,0.00,-0.76,0.00,0.00,-573.68,-0.00,-0.00,-0.01,0.00,-0.00,-0.00,9.00
35519.00,0.16,-0.30,0.29,0.00,0.00,-10.24,0.00,0.00,-1053.38,-0.00,-0.00,-0.01,0.00,-0.00,0.00,8.00
35527.00,0.16,-0.30,0.34,0.00,0.00,6.23,0.00,0.00,2059.73,-0.00,-0.00,-0.01,0.00,-0.01,0.00,7.00
35534.00,0.16,-0.30,0.36,0.00,0.00,3.72,0.00,0.00,-358.43,-0.00,-0.00,-0.01,0.00,-0.00,0.00,5.00
35539.00,0.16,-0.30,0.27,0.00,0.00,-18.95,0.00,0.00,-4534.34,-0.00,-0.00,-0.01,0.00,-0.00,0.00,7.00
35546.00,0.16,-0.30,0.29,0.00,0.00,2.85,0.00,0.00,3113.50,-0.00,-0.00,-0.01,0.00,0.01,0.00,5.00
35551.00,0.16,-0.30,0.33,0.00,0.00,8.88,0.00,0.00,1206.83,-0.00,-0.00,-0.01,0.00,0.01,0.00,7.00
35558.00,0.16,-0.30,0.39,0.00,0.00,7.93,0.00,0.00,-135.72,-0.00,-0.00,-0.01,0.00,0.01,0.00,9.00
35567.00,0.16,-0.30,0.31,0.00,0.00,-8.84,0.00,0.00,-1863.54,-0.00,-0.00,-0.01,0.00,0.00,-0.00,6.00
35573.00,0.16,-0.30,0.34,0.00,0.00,6.04,0.00,0.00,2479.99,-0.00,-0.00,-0.01,0.00,0.00,-0.00,6.00
35584.00,0.16,-0.30,0.34,0.00,0.00,-0.65,0.00,0.00,-608.23,-0.00,-0.00,-0.01,0.00,-0.00,-0.00,16.00
35600.00,0.16,-0.30,0.32,0.00,0.00,-0.94,0.00,0.00,-17.91,-0.00,-0.00,-0.01,-0.00,-0.00,0.00,8.00
35608.00,0.16,-0.30,0.30,0.00,0.00,-2.16,0.00,0.00,-153.35,-0.00,-0.00,-0.01,0.00,-0.01,0.00,8.00
35616.00,0.16,-0.30,0.38,0.00,0.00,9.35,0.00,0.00,1439.09,-0.00,-0.00,-0.01,0.00,-0.00,0.00,6.00
35622.00,0.16,-0.30,0.30,0.00,0.00,-13.83,0.00,0.00,-3862.94,-0.00,-0.00,-0.01,0.00,-0.00,0.00,6.00
35628.00,0.16,-0.30,0.35,0.00,0.00,9.36,0.00,0.00,3865.41,-0.00,-0.00,-0.01,0.00,-0.00,0.00,10.00
35638.00,0.16,-0.30,0.33,0.00,0.00,-1.68,0.00,0.00,-1104.67,-0.00,-0.00,-0.01,-0.00,-0.00,0.00,5.00
35643.00,0.16,-0.30,0.35,0.00,0.00,2.22,0.00,0.00,781.10,-0.00,-0.00,-0.01,-0.00,0.00,-0.00,7.00
35650.00,0.16,-0.30,0.32,0.00,0.00,-3.08,0.00,0.00,-757.22,-0.00,-0.00,-0.01,-0.00,0.00,-0.00,7.00
35657.00,0.16,-0.30,0.30,0.00,0.00,-2.93,0.00,0.00,20.93,-0.00,-0.00,-0.01,0.00,0.00,-0.00,8.00
35670.00,0.16,-0.30,0.37,0.00,0.00,5.13,0.00,0.00,620.28,-0.00,-0.00,-0.01,0.00,0.01,-0.01,9.00
35679.00,0.16,-0.30,0.31,0.00,0.00,-6.18,0.00,0.00,-1257.30,-0.00,-0.00,-0.01,0.00,0.00,-0.00,8.00
35687.00,0.16,-0.30,0.33,0.00,0.00,1.84,0.00,0.00,1003.54,-0.00,-0.00,-0.01,0.00,0.00,-0.00,16.00
35703.00,0.16,-0.30,0.29,0.00,0.00,-2.56,0.00,0.00,-275.19,-0.00,-0.00,-0.01,0.00,0.00,0.00,7.00
35710.00,0.16,-0.30,0.34,0.00,0.00,6.76,0.00,0.00,1330.74,-0.00,-0.00,-0.01,0.00,0.00,0.00,8.00
35718.00,0.16,-0.30,0.32,0.00,0.00,-1.69,0.00,0.00,-1056.22,-0.00,-0.00,-0.01,0.00,-0.00,0.00,7.00
35725.00,0.16,-0.30,0.34,0.00,0.00,2.70,0.00,0.00,627.46,-0.00,-0.00,-0.01,0.00,0.00,0.00,5.00
35730.00,0.16,-0.30,0.35,0.00,0.00,2.55,0.00,0.00,-28.77,-0.00,-0.00,-0.01,0.00,0.00,0.00,9.00
35739.00,0.16,-0.30,0.42,0.00,0.00,7.33,0.00,0.00,530.97,-0.00,-0.00,-0.01,0.00,0.00,-0.00,5.00
35744.00,0.16,-0.30,0.33,0.00,0.00,-16.97,0.00,0.00,-4861.51,-0.00,-0.00,-0.01,0.00,0.00,-0.00,6.00
35755.00,0.16,-0.30,0.37,0.00,0.00,3.41,0.00,0.00,1852.84,-0.00,-0.00,-0.01,0.00,0.00,-0.00,6.00
35761.00,0.16,-0.30,0.30,0.00,0.00,-11.83,0.00,0.00,-2539.87,-0.00,-0.00,-0.01,0.00,0.00,-0.00,7.00
35768.00,0.16,-0.30,0.35,0.00,-0.04,6.26,0.00,-0.19,2584.26,-0.00,-0.00,-0.01,0.00,0.00,-0.00,8.00
35776.00,0.16,-0.30,0.32,0.00,-0.04,-3.05,0.00,-0.19,-1163.87,-0.00,-0.00,-0.01,0.00,0.00,0.00,6.00
35782.00,0.16,-0.30,0.31,0.00,-0.04,-2.18,0.00,-0.19,146.17,-0.00,-0.00,-0.01,0.00,0.00,-0.00,17.00
35799.00,0.16,-0.30,0.34,0.00,-0.04,1.68,0.00,-0.19,226.99,-0.00,-0.00,-0.01,0.00,-0.00,0.00,9.00
35808.00,0.16,-0.30,0.33,0.00,-0.04,-1.03,0.00,-0.19,-301.50,-0.00,-0.00,-0.01,-0.00,-0.00,0.00,7.00
35815.00,0.16,-0.30,0.29,0.00,-0.04,-5.25,0.00,-0.19,-602.97,-0.00,-0.00,-0.01,-0.00,-0.01,0.00,6.00
35821.00,0.16,-0.30,0.35,0.00,-0.04,9.25,0.00,-0.19,2417.83,-0.00,-0.00,-0.01,-0.00,-0.01,-0.00,7.00
35828.00,0.16,-0.30,0.42,0.00,-0.04,10.09,0.00,-0.19,118.96,-0.00,-0.00,-0.01,-0.00,-0.00,-0.00,8.00
35841.00,0.16,-0.30,0.27,0.00,-0.04,-10.94,0.00,-0.19,-1617.19,-0.00,-0.00,-0.01,-0.00,-0.00,-0.00,8.00
35849.00,0.16,-0.30,0.29,0.00,-0.04,1.76,0.00,-0.19,1587.40,-0.00,-0.00,-0.01,-0.00,0.00,-0.00,8.00
35857.00,0.16,-0.30,0.31,0.00,-0.04,3.21,0.00,-0.19,180.80,-0.00,-0.00,-0.01,-0.00,0.00,-0.00,7.00
35864.00,0.16,-0.30,0.29,0.00,-0.04,-3.26,0.00,-0.19,-923.98,-0.00,-0.00,-0.01,-0.00,0.00,-0.00,6.00
35870.00,0.16,-0.30,0.30,0.00,-0.04,0.64,0.00,-0.19,650.52,-0.00,-0.00,-0.01,-0.00,0.00,-0.00,8.00
35878.00,0.16,-0.30,0.36,0.00,-0.04,8.57,0.00,-0.19,991.08,-0.00,-0.00,-0.01,0.00,0.00,-0.00,8.00
35886.00,0.16,-0.30,0.33,0.00,-0.04,-4.57,0.00,-0.19,-1642.72,-0.00,-0.00,-0.01,0.00,0.01,0.00,15.00
35901.00,0.16,-0.30,0.37,0.00,-0.04,3.03,0.00,-0.19,506.58,-0.00,-0.00,-0.01,0.00,-0.00,0.00,8.00
35909.00,0.16,-0.30,0.36,0.00,-0.04,-2.10,0.00,-0.19,-641.78,-0.00,-0.00,-0.01,0.00,0.00,-0.00,8.00
35917.00,0.16,-0.30,0.31,0.00,-0.04,-6.06,0.00,-0.19,-494.66,-0.00,-0.00,-0.01,-0.00,0.00,-0.00,7.00
35928.00,0.16,-0.30,0.40,0.00,-0.04,8.74,0.00,-0.19,1345.32,-0.00,-0.00,-0.01,-0.00,-0.00,-0.00,8.00
35936.00,0.16,-0.30,0.40,0.00,-0.04,-0.65,0.00,-0.19,-1173.21,-0.00,-0.00,-0.01,0.00,0.00,0.00,5.00
35941.00,0.16,-0.30,0.27,0.00,-0.04,-25.42,0.00,-0.19,-4953.86,-0.00,-0.00,-0.01,0.00,0.00,0.00,7.00
35948.00,0.16,-0.30,0.34,0.00,-0.04,9.88,0.00,-0.19,5042.63,-0.00,-0.00,-0.01,-0.00,0.00,-0.00,7.00
35955.00,0.16,-0.30,0.32,0.00,-0.04,-2.20,0.00,-0.19,-1726.53,-0.00,-0.00,-0.01,0.00,0.00,-0.00,6.00
35961.00,0.16,-0.30,0.29,0.00,-0.04,-5.78,0.00,-0.19,-596.65,-0.00,-0.00,-0.01,0.00,0.00,-0.00,8.00
35969.00,0.16,-0.30,0.35,0.00,0.04,8.09,0.00,0.38,1734.17,-0.00,-0.00,-0.01,0.00,0.00,0.00,7.00
35976.00,0.16,-0.30,0.30,0.00,0.04,-7.58,0.00,0.38,-2238.89,-0.00,-0.00,-0.01,0.00,-0.00,0.00,6.00
35982.00,0.16,-0.30,0.32,0.00,0.04,3.39,0.00,0.38,1828.15,-0.00,-0.00,-0.01,0.00,-0.00,0.00,18.00
36000.00,0.16,-0.30,0.32,0.00,0.04,-0.36,0.00,0.38,-207.82,-0.00,-0.00,-0.01,0.00,-0.00,-0.00,9.00
36014.00,0.16,-0.30,0.35,0.00,0.04,2.78,0.00,0.38,223.82,-0.00,-0.00,-0.01,-0.00,-0.00,-0.00,7.00
36021.00,0.16,-0.30,0.29,0.00,0.04,-9.15,0.00,0.38,-1704.10,-0.00,-0.00,-0.01,-0.00,0.00,-0.00,8.00
36029.00,0.16,-0.30,0.36,0.00,0.04,9.13,0.00,0.38,2285.39,-0.00,-0.00,-0.01,-0.00,0.00,-0.00,7.00
36036.00,0.16,-0.30,0.33,0.00,0.04,-4.17,0.00,0.38,-1900.91,-0.00,-0.00,-0.01,0.00,0.00,0.00,6.00
36042.00,0.16,-0.30,0.32,0.00,0.04,-1.74,0.00,0.38,406.09,-0.00,-0.00,-0.01,0.00,0.00,0.00,7.00
36049.00,0.16,-0.30,0.35,0.00,0.04,3.47,0.00,0.38,743.56,-0.00,-0.00,-0.01,-0.00,0.00,0.00,7.00
36056.00,0.16,-0.30,0.34,0.00,0.04,-1.20,0.00,0.38,-666.77,-0.00,-0.00,-0.01,0.00,0.01,0.00,6.00
36062.00,0.16,-0.30,0.39,0.00,0.04,8.90,0.00,0.38,1683.07,-0.00,-0.00,-0.01,-0.00,0.00,0.00,7.00
36069.00,0.16,-0.30,0.37,0.00,0.04,-3.74,0.00,0.38,-1805.40,-0.00,-0.00,-0.01,-0.00,0.00,-0.00,8.00
36077.00,0.16,-0.30,0.28,0.00,0.04,-10.39,0.00,0.38,-831.83,-0.00,-0.00,-0.01,0.00,0.00,-0.00,6.00
36092.00,0.16,-0.30,0.42,0.00,0.04,9.38,0.00,0.38,1318.39,-0.00,-0.00,-0.01,0.00,0.00,-0.00,18.00
36110.00,0.16,-0.30,0.39,0.00,0.04,-1.89,0.00,0.38,-626.40,-0.00,-0.00,-0.01,0.00,-0.00,0.00,9.00
36119.00,0.16,-0.30,0.34,0.00,0.04,-6.05,0.00,0.38,-461.92,-0.00,-0.00,-0.01,0.00,0.00,0.00,8.00
36127.00,0.16,-0.30,0.33,0.00,0.04,-1.28,0.00,0.38,596.43,-0.00,-0.00,-0.01,-0.00,0.00,0.00,5.00
36132.00,0.16,-0.30,0.32,0.00,0.04,-1.22,0.00,0.38,11.64,-0.00,-0.00,-0.01,-0.00,0.00,0.00,8.00
36140.00,0.16,-0.30,0.33,0.00,0.04,0.89,0.00,0.38,263.36,-0.00,-0.00,-0.01,-0.00,0.00,0.00,5.00
36145.00,0.16,-0.30,0.33,0.00,0.04,-0.08,0.00,0.38,-193.13,-0.00,-0.00,-0.01,-0.00,0.00,-0.00,5.00
36150.00,0.16,-0.30,0.23,0.00,0.04,-18.48,0.00,0.38,-3680.27,-0.00,-0.00,-0.01,-0.00,0.00,-0.00,9.00
36159.00,0.16,-0.30,0.37,0.00,0.04,14.76,0.00,0.38,3693.31,-0.00,-0.00,-0.01,-0.00,0.00,-0.00,7.00
36166.00,0.16,-0.30,0.28,0.00,0.04,-12.42,0.00,0.38,-3882.11,-0.00,-0.00,-0.01,0.00,0.00,-0.00,6.00
36176.00,0.17,-0.30,0.30,0.05,-0.04,2.07,0.26,-0.38,1448.76,-0.00,-0.00,-0.01,0.00,-0.00,-0.00,17.00
36193.00,0.17,-0.30,0.23,0.05,-0.04,-4.00,0.26,-0.38,-357.38,-0.00,-0.00,-0.01,-0.00,-0.00,0.00,7.00
36200.00,0.17,-0.30,0.45,0.05,-0.04,30.79,0.26,-0.38,4970.12,-0.00,-0.00,-0.01,0.00,-0.00,0.00,9.00
36209.00,0.17,-0.30,0.34,0.05,-0.04,-12.49,0.26,-0.38,-4808.19,-0.00,-0.00,-0.01,0.00,0.00,0.00,6.00
36215.00,0.17,-0.30,0.29,0.05,-0.04,-8.06,0.26,-0.38,737.97,-0.00,-0.00,-0.01,0.00,-0.00,-0.00,6.00
36221.00,0.17,-0.30,0.40,0.05,-0.04,18.47,0.26,-0.38,4421.30,-0.00,-0.00,-0.01,0.00,-0.00,-0.00,9.00
36230.00,0.17,-0.30,0.36,0.05,-0.04,-4.47,0.26,-0.38,-2548.89,-0.00,-0.00,-0.01,0.00,-0.00,-0.00,8.00
36238.00,0.17,-0.30,0.36,0.05,-0.04,-0.15,0.26,-0.38,540.49,-0.00,-0.00,-0.01,0.00,0.00,0.00,6.00
36244.00,0.17,-0.30,0.34,0.05,-0.04,-2.12,0.26,-0.38,-328.72,-0.00,-0.00,-0.01,0.00,0.00,0.00,6.00
36250.00,0.17,-0.30,0.34,0.05,-0.04,0.03,0.26,-0.38,358.82,-0.00,-0.00,-0.01,0.00,0.00,0.00,8.00
36263.00,0.17,-0.30,0.35,0.05,-0.04,0.22,0.26,-0.38,13.97,-0.00,-0.00,-0.01,0.00,0.00,-0.00,9.00
36272.00,0.17,-0.30,0.30,0.05,-0.04,-5.49,0.26,-0.38,-634.06,-0.00,-0.00,-0.01,0.00,0.00,-0.00,8.00
36280.00,0.17,-0.30,0.49,0.05,-0.04,24.11,0.26,-0.38,3699.80,-0.00,-0.00,-0.01,-0.00,0.00,0.00,18.00
36298.00,0.17,-0.30,0.37,0.05,-0.04,-6.49,0.26,-0.38,-1699.60,-0.00,-0.00,-0.01,0.00,-0.00,0.00,5.00
36303.00,0.17,-0.30,0.35,0.05,-0.04,-4.30,0.26,-0.38,437.84,-0.00,-0.00,-0.01,-0.00,-0.00,0.00,7.00
36310.00,0.17,-0.30,0.32,0.05,-0.04,-4.50,0.26,-0.38,-29.61,-0.00,-0.00,-0.01,-0.00,-0.00,0.00,9.00
36319.00,0.17,-0.30,0.40,0.05,-0.04,9.27,0.26,-0.38,1530.38,-0.00,-0.00,-0.01,-0.00,-0.01,0.00,5.00
36324.00,0.17,-0.30,0.43,0.05,-0.04,5.48,0.26,-0.38,-757.34,-0.00,-0.00,-0.01,0.00,-0.01,0.00,7.00
36331.00,0.17,-0.30,0.42,0.05,-0.04,-1.92,0.26,-0.38,-1058.18,-0.00,-0.00,-0.01,0.00,-0.00,0.00,9.00
36340.00,0.17,-0.30,0.38,0.05,-0.04,-3.82,0.26,-0.38,-210.67,-0.00,-0.00,-0.01,0.00,-0.00,-0.00,5.00
36350.00,0.17,-0.30,0.34,0.05,-0.04,-4.20,0.26,-0.38,-37.58,-0.00,-0.00,-0.01,0.00,0.00,0.00,9.00
36359.00,0.17,-0.30,0.40,0.05,-0.04,6.75,0.26,-0.38,1216.01,-0.00,-0.00,-0.01,0.00,0.00,0.00,6.00
36365.00,0.17,-0.30,0.37,0.05,-0.04,-5.49,0.26,-0.38,-2040.36,-0.00,-0.00,-0.01,0.00,0.00,0.00,7.00
36372.00,0.17,-0.30,0.38,0.05,-0.04,1.38,0.26,-0.38,982.43,-0.00,-0.00,-0.01,0.00,0.00,0.00,8.00
36380.00,0.17,-0.30,0.36,0.00,0.04,-1.98,-0.26,0.39,-420.85,-0.00,-0.00,-0.01,-0.00,-0.00,0.00,18.00
36398.00,0.17,-0.30,0.33,0.00,0.04,-1.89,-0.26,0.39,5.37,-0.00,-0.00,-0.01,-0.00,-0.00,0.00,5.00
36403.00,0.17,-0.30,0.41,0.00,0.04,15.53,-0.26,0.39,3483.61,-0.00,-0.00,-0.01,-0.00,-0.00,0.00,7.00
36410.00,0.17,-0.30,0.40,0.00,0.04,-0.39,-0.26,0.39,-2273.97,-0.00,-0.00,-0.01,-0.00,-0.00,-0.00,9.00
36419.00,0.17,-0.30,0.40,0.00,0.04,-0.45,-0.26,0.39,-6.97,-0.00,-0.00,-0.01,-0.00,-0.00,-0.00,6.00
36425.00,0.17,-0.30,0.39,0.00,0.04,-1.00,-0.26,0.39,-92.35,-0.00,-0.00,-0.01,-0.00,-0.00,-0.00,7.00
36437.00,0.17,-0.30,0.35,0.00,0.04,-3.56,-0.26,0.39,-213.24,-0.00,-0.00,-0.01,0.00,0.00,0.00,7.00
36444.00,0.17,-0.30,0.42,0.00,0.04,10.05,-0.26,0.39,1944.83,-0.00,-0.00,-0.01,0.00,0.00,0.00,6.00
36450.00,0.17,-0.30,0.38,0.00,0.04,-7.60,-0.26,0.39,-2942.29,-0.00,-0.00,-0.01,0.00,-0.00,0.00,8.00
36458.00,0.17,-0.30,0.47,0.00,0.04,11.95,-0.26,0.39,2443.75,-0.00,-0.00,-0.01,0.00,0.00,0.00,6.00
36464.00,0.17,-0.30,0.38,0.00,0.04,-14.51,-0.26,0.39,-4409.55,-0.00,-0.00,-0.01,-0.00,0.00,0.00,7.00
36471.00,0.17,-0.30,0.42,0.00,0.04,4.93,-0.26,0.39,2777.30,-0.00,-0.00,-0.01,-0.00,0.00,0.00,9.00
36480.00,0.17,-0.30,0.41,0.00,0.04,-0.75,-0.26,0.39,-631.70,-0.00,-0.00,-0.01,-0.00,0.00,-0.00,17.00
36497.00,0.17,-0.30,0.36,0.00,0.04,-3.25,-0.26,0.39,-147.12,-0.00,-0.00,-0.01,0.00,0.00,-0.00,6.00
36503.00,0.17,-0.30,0.41,0.00,0.04,8.14,-0.26,0.39,1899.97,-0.00,-0.00,-0.01,0.00,-0.00,-0.00,8.00
36511.00,0.17,-0.30,0.38,0.00,0.04,-3.54,-0.26,0.39,-1460.90,-0.00,-0.00,-0.01,0.00,-0.00,0.00,7.00
36523.00,0.17,-0.30,0.37,0.00,0.04,-0.84,-0.26,0.39,224.97,-0.00,-0.00,-0.01,0.00,-0.00,0.00,9.00
36532.00,0.17,-0.30,0.30,0.00,0.04,-8.04,-0.26,0.39,-799.96,-0.00,-0.00,-0.01,-0.00,-0.00,0.00,8.00
36540.00,0.17,-0.30,0.43,0.00,0.04,16.97,-0.26,0.39,3126.62,-0.00,-0.00,-0.01,0.00,-0.00,0.00,6.00
36546.00,0.17,-0.30,0.38,0.00,0.04,-8.89,-0.26,0.39,-4310.47,-0.00,-0.00,-0.01,-0.00,-0.00,0.00,6.00
36552.00,0.17,-0.30,0.38,0.00,0.04,1.01,-0.26,0.39,1650.84,-0.00,-0.00,-0.01,-0.00,0.00,0.00,9.00
36561.00,0.17,-0.30,0.36,0.00,0.04,-2.12,-0.26,0.39,-348.13,-0.00,-0.00,-0.01,0.00,-0.00,0.00,7.00
36568.00,0.17,-0.30,0.32,0.00,0.04,-6.25,-0.26,0.39,-589.93,-0.00,-0.00,-0.01,0.00,-0.01,0.00,6.00
36574.00,0.17,-0.30,0.29,0.00,0.04,-5.64,-0.26,0.39,102.45,-0.00,-0.00,-0.01,0.00,-0.00,0.00,7.00
36581.00,0.17,-0.30,0.38,0.00,0.00,13.12,0.00,-0.19,2679.43,-0.00,-0.00,-0.01,0.00,0.00,0.00,18.00
36599.00,0.17,-0.30,0.40,0.00,0.00,1.24,0.00,-0.19,-660.18,-0.00,-0.00,-0.01,-0.00,0.00,0.00,6.00
36610.00,0.17,-0.30,0.36,0.00,0.00,-3.54,0.00,-0.19,-434.11,-0.00,-0.00,-0.01,-0.00,-0.00,0.00,8.00
36618.00,0.17,-0.30,0.37,0.00,0.00,0.88,0.00,-0.19,552.53,-0.00,-0.00,-0.01,0.00,-0.00,0.00,5.00
36623.00,0.17,-0.30,0.40,0.00,0.00,6.12,0.00,-0.19,1047.21,-0.00,-0.00,-0.01,0.00,-0.00,0.00,8.00
36631.00,0.17,-0.30,0.34,0.00,0.00,-7.17,0.00,-0.19,-1660.95,-0.00,-0.00,-0.01,0.00,0.00,0.00,8.00
36639.00,0.17,-0.30,0.37,0.00,0.00,3.87,0.00,-0.19,1380.16,-0.00,-0.00,-0.01,0.00,-0.00,0.00,6.00
36645.00,0.17,-0.30,0.38,0.00,0.00,0.46,0.00,-0.19,-568.47,-0.00,-0.00,-0.01,0.00,0.00,0.00,7.00
36652.00,0.17,-0.30,0.39,0.00,0.00,1.68,0.00,-0.19,174.32,-0.00,-0.00,-0.01,0.00,0.00,0.00,9.00
36661.00,0.17,-0.30,0.32,0.00,0.00,-8.01,0.00,-0.19,-1077.40,-0.00,-0.00,-0.01,0.00,0.01,0.00,7.00
36668.00,0.17,-0.30,0.34,0.00,0.00,3.07,0.00,-0.19,1583.78,-0.00,-0.00,-0.01,-0.00,-0.00,-0.00,6.00
36674.00,0.17,-0.30,0.43,0.00,0.00,15.12,0.00,-0.19,2007.57,-0.00,-0.00,-0.01,-0.00,0.00,-0.00,7.00
36686.00,0.17,-0.30,0.41,0.00,0.00,-1.13,0.00,-0.19,-1353.77,-0.00,-0.00,-0.01,0.00,0.00,0.00,17.00
36703.00,0.17,-0.30,0.34,0.00,0.00,-4.36,0.00,-0.19,-190.01,-0.00,-0.00,-0.01,-0.00,-0.00,0.00,8.00
36711.00,0.17,-0.30,0.40,0.00,0.00,7.64,0.00,-0.19,1499.96,-0.00,-0.00,-0.01,-0.00,-0.00,0.00,8.00
36719.00,0.17,-0.30,0.35,0.00,0.00,-6.79,0.00,-0.19,-1803.35,-0.00,-0.00,-0.01,0.00,0.00,0.00,6.00
36725.00,0.17,-0.30,0.38,0.00,0.00,5.45,0.00,-0.19,2039.74,-0.00,-0.00,-0.01,-0.00,0.00,-0.00,7.00
36732.00,0.17,-0.30,0.40,0.00,0.00,3.32,0.00,-0.19,-304.78,-0.00,-0.00,-0.01,-0.00,0.00,-0.00,8.00
36740.00,0.17,-0.30,0.41,0.00,0.00,1.36,0.00,-0.19,-245.09,-0.00,-0.00,-0.01,0.00,0.00,0.00,6.00
36746.00,0.17,-0.30,0.36,0.00,0.00,-8.89,0.00,-0.19,-1708.92,-0.00,-0.00,-0.01,0.00,-0.00,-0.00,7.00
36753.00,0.17,-0.30,0.49,0.00,0.00,18.86,0.00,-0.19,3965.44,-0.00,-0.00,-0.01,0.00,-0.00,-0.00,8.00
36761.00,0.17,-0.30,0.45,0.00,0.00,-5.55,0.00,-0.19,-3051.60,-0.00,-0.00,-0.01,0.00,0.00,-0.00,7.00
36778.00,0.17,-0.30,0.44,0.00,0.00,-0.51,0.00,-0.19,296.42,-0.00,-0.00,-0.01,0.00,0.00,0.00,6.00
36784.00,0.17,-0.30,0.28,0.00,0.00,-26.05,0.00,0.00,-4257.22,-0.00,-0.00,-0.01,0.00,0.00,0.00,8.00
36792.00,0.17,-0.30,0.42,0.00,0.00,16.97,0.00,0.00,5377.63,-0.00,-0.00,-0.01,0.00,0.00,0.00,15.00
36807.00,0.17,-0.30,0.38,0.00,0.00,-2.64,0.00,0.00,-1307.02,-0.00,-0.00,-0.01,0.00,0.00,0.00,6.00
36813.00,0.17,-0.30,0.47,0.00,0.00,14.73,0.00,0.00,2894.98,-0.00,-0.00,-0.01,0.00,0.00,0.00,8.00
36821.00,0.17,-0.30,0.33,0.00,0.00,-17.28,0.00,0.00,-4001.64,-0.00,-0.00,-0.01,0.00,-0.00,-0.00,8.00
36829.00,0.17,-0.30,0.40,0.00,0.00,8.63,0.00,0.00,3238.89,-0.00,-0.00,-0.01,0.00,-0.00,-0.00,5.00
36834.00,0.17,-0.30,0.32,0.00,0.00,-16.61,0.00,0.00,-5047.59,-0.00,-0.00,-0.01,0.00,-0.00,-0.00,8.00
36842.00,0.17,-0.30,0.40,0.00,0.00,10.30,0.00,0.00,3363.25,-0.00,-0.00,-0.01,0.00,0.00,-0.00,5.00
36847.00,0.17,-0.30,0.36,0.00,0.00,-6.88,0.00,0.00,-3434.85,-0.00,-0.00,-0.01,0.00,0.00,-0.00,7.00
36859.00,0.17,-0.30,0.41,0.00,0.00,3.61,0.00,0.00,874.11,-0.00,-0.00,-0.01,0.00,0.00,0.00,6.00
36865.00,0.17,-0.30,0.38,0.00,0.00,-5.34,0.00,0.00,-1492.74,-0.00,-0.00,-0.01,0.00,0.00,0.00,7.00
36872.00,0.17,-0.30,0.41,0.00,0.00,5.18,0.00,0.00,1502.99,-0.00,-0.00,-0.01,0.00,-0.00,0.00,18.00
36890.00,0.17,-0.30,0.45,0.00,0.00,2.14,0.00,0.00,-168.91,-0.00,-0.00,-0.01,-0.00,-0.00,-0.00,5.00
36895.00,0.17,-0.30,0.38,0.00,0.00,-14.15,0.00,0.00,-3258.32,-0.00,-0.00,-0.01,-0.00,-0.00,-0.00,7.00
36902.00,0.17,-0.30,0.38,0.00,0.00,0.45,0.00,0.00,2087.07,-0.00,-0.00,-0.01,-0.00,-0.00,0.00,8.00
36910.00,0.17,-0.30,0.33,0.00,0.00,-6.60,0.00,0.00,-882.34,-0.00,-0.00,-0.01,-0.00,-0.00,-0.00,5.00
36915.00,0.17,-0.30,0.45,0.00,0.00,24.00,0.00,0.00,6119.85,-0.00,-0.00,-0.01,-0.00,-0.00,-0.00,7.00
36922.00,0.17,-0.30,0.37,0.00,0.00,-11.22,0.00,0.00,-5030.51,-0.00,-0.00,-0.01,0.00,-0.00,-0.00,9.00
36931.00,0.17,-0.30,0.42,0.00,0.00,5.84,0.00,0.00,1895.23,-0.00,-0.00,-0.01,0.00,-0.00,-0.00,6.00
36942.00,0.17,-0.30,0.35,0.00,0.00,-6.50,0.00,0.00,-1122.17,-0.00,-0.00,-0.01,0.00,-0.01,-0.00,6.00
36948.00,0.17,-0.30,0.43,0.00,0.00,13.62,0.00,0.00,3354.31,-0.00,-0.00,-0.01,0.00,-0.00,0.00,6.00
36954.00,0.17,-0.30,0.37,0.00,0.00,-10.69,0.00,0.00,-4051.56,-0.00,-0.00,-0.01,0.00,-0.00,0.00,8.00
36962.00,0.17,-0.30,0.46,0.00,0.00,11.51,0.00,0.00,2774.62,-0.00,-0.00,-0.01,0.00,0.00,0.00,8.00
36970.00,0.17,-0.30,0.31,0.00,0.00,-19.00,0.00,0.00,-3813.51,-0.00,-0.00,-0.01,-0.00,0.00,0.00,6.00
36976.00,0.17,-0.30,0.39,0.00,0.00,13.07,0.00,0.00,5344.93,-0.00,-0.00,-0.01,-0.00,0.00,0.00,7.00
36983.00,0.17,-0.30,0.31,0.00,0.00,-10.97,0.00,0.00,-3433.88,-0.00,-0.00,-0.01,-0.00,0.00,-0.00,18.00
37001.00,0.17,-0.30,0.46,0.00,0.00,8.41,0.00,0.00,1076.35,-0.00,-0.00,-0.01,0.00,-0.00,0.00,7.00
37008.00,0.17,-0.30,0.40,0.00,0.00,-8.98,0.00,0.00,-2483.21,-0.00,-0.00,-0.01,0.01,-0.00,-0.00,6.00
37014.00,0.17,-0.30,0.44,0.00,0.00,6.14,0.00,0.00,2519.39,-0.00,-0.00,-0.01,0.01,-0.00,-0.00,8.00
37027.00,0.17,-0.30,0.37,0.00,0.00,-5.13,0.00,0.00,-866.63,-0.00,-0.00,-0.01,0.00,0.00,0.00,8.00
37035.00,0.17,-0.30,0.45,0.00,0.00,9.45,0.00,0.00,1822.46,-0.00,-0.00,-0.01,0.00,0.01,0.00,7.00
37042.00,0.17,-0.30,0.42,0.00,0.00,-4.07,0.00,0.00,-1932.22,-0.00,-0.00,-0.01,0.00,0.01,0.00,6.00
37048.00,0.17,-0.30,0.42,0.00,0.00,0.89,0.00,0.00,826.55,-0.00,-0.00,-0.01,-0.00,0.01,0.00,6.00
37054.00,0.17,-0.30,0.37,0.00,0.00,-9.10,0.00,0.00,-1665.53,-0.00,-0.00,-0.01,-0.00,0.01,0.00,8.00
37062.00,0.17,-0.30,0.37,0.00,0.00,0.37,0.00,0.00,1184.45,-0.00,-0.00,-0.01,-0.00,0.00,-0.00,8.00
37070.00,0.17,-0.30,0.32,0.00,0.00,-6.04,0.00,0.00,-800.94,-0.00,-0.00,-0.01,-0.00,0.00,-0.00,5.00
37075.00,0.17,-0.30,0.37,0.00,0.00,9.29,0.00,0.00,3065.76,-0.00,-0.00,-0.01,-0.00,-0.00,-0.00,8.00
37083.00,0.17,-0.30,0.30,0.00,0.00,-9.03,0.00,0.00,-2290.09,-0.00,-0.00,-0.01,-0.00,-0.01,-0.00,18.00
37101.00,0.17,-0.30,0.45,0.00,0.00,8.64,0.00,0.00,981.54,-0.00,-0.00,-0.01,-0.00,-0.01,-0.00,6.00
37112.00,0.17,-0.30,0.48,0.00,0.00,2.40,0.00,0.00,-567.08,-0.00,-0.00,-0.01,-0.00,-0.01,-0.00,8.00
37120.00,0.17,-0.30,0.42,0.00,0.00,-7.78,0.00,0.00,-1273.13,-0.00,-0.00,-0.01,0.00,-0.00,-0.00,5.00
37125.00,0.17,-0.30,0.41,0.00,0.00,-0.64,0.00,0.00,1429.35,-0.00,-0.00,-0.01,-0.00,-0.00,-0.00,8.00
37133.00,0.17,-0.30,0.46,0.00,0.00,5.82,0.00,0.00,806.70,-0.00,-0.00,-0.01,-0.00,-0.00,0.00,8.00
37141.00,0.17,-0.30,0.41,0.00,0.00,-5.93,0.00,0.00,-1467.73,-0.00,-0.00,-0.01,-0.00,0.00,-0.00,7.00
37148.00,0.17,-0.30,0.42,0.00,0.00,0.66,0.00,0.00,940.60,-0.00,-0.00,-0.01,-0.00,0.00,-0.00,6.00
37154.00,0.17,-0.30,0.30,0.00,0.00,-18.86,0.00,0.00,-3253.62,-0.00,-0.00,-0.01,-0.00,0.00,-0.00,7.00
37161.00,0.17,-0.30,0.41,0.00,0.00,14.48,0.00,0.00,4762.78,-0.00,-0.00,-0.01,0.00,0.00,-0.00,5.00
37166.00,0.17,-0.30,0.33,0.00,0.00,-14.70,0.00,0.00,-5835.58,-0.00,-0.00,-0.01,0.00,0.00,-0.00,6.00
37172.00,0.17,-0.30,0.44,0.00,0.00,18.55,0.00,0.00,5541.46,-0.00,-0.00,-0.01,-0.00,-0.00,-0.00,8.00
37184.00,0.17,-0.30,0.45,0.00,0.00,0.93,0.00,0.00,-1467.74,-0.00,-0.00,-0.01,0.00,-0.00,-0.00,19.00
37203.00,0.18,-0.30,0.43,0.06,-0.00,-1.45,0.27,-0.02,-125.71,-0.00,-0.00,-0.01,0.00,-0.00,0.00,9.00
37212.00,0.18,-0.30,0.44,0.06,-0.00,0.96,0.27,-0.02,268.65,-0.00,-0.00,-0.01,0.00,0.00,0.00,7.00
37219.00,0.18,-0.30,0.41,0.06,-0.00,-3.45,0.27,-0.02,-630.94,-0.00,-0.00,-0.01,0.00,0.01,0.00,6.00
37225.00,0.18,-0.30,0.30,0.06,-0.00,-18.41,0.27,-0.02,-2492.41,-0.00,-0.00,-0.01,0.00,0.00,0.00,8.00
37233.00,0.18,-0.30,0.38,0.06,-0.00,10.05,0.27,-0.02,3557.58,-0.00,-0.00,-0.01,0.00,0.00,0.00,7.00
37240.00,0.18,-0.30,0.43,0.06,-0.00,7.54,0.27,-0.02,-359.35,-0.00,-0.00,-0.01,0.00,0.00,-0.00,6.00
37246.00,0.18,-0.30,0.43,0.06,-0.00,-0.45,0.27,-0.02,-1330.77,-0.00,-0.00,-0.01,0.00,0.00,-0.00,6.00
37252.00,0.18,-0.30,0.38,0.06,-0.00,-8.08,0.27,-0.02,-1272.66,-0.00,-0.00,-0.01,-0.00,0.00,-0.00,7.00
37259.00,0.18,-0.30,0.46,0.06,-0.00,10.88,0.27,-0.02,2709.37,-0.00,-0.00,-0.01,-0.00,0.00,0.00,6.00
37270.00,0.18,-0.30,0.40,0.06,-0.00,-5.23,0.27,-0.02,-1464.59,-0.00,-0.00,-0.01,0.00,-0.00,0.00,6.00
37276.00,0.18,-0.30,0.48,0.06,-0.00,13.64,0.27,-0.02,3143.83,-0.00,-0.00,-0.01,0.00,-0.00,0.00,7.00
37283.00,0.18,-0.30,0.34,0.06,-0.00,-20.43,0.27,-0.02,-4867.16,-0.00,-0.00,-0.01,-0.00,-0.00,0.00,18.00
37301.00,0.18,-0.30,0.34,0.06,-0.00,-0.26,0.27,-0.02,1120.95,-0.00,-0.00,-0.01,-0.00,-0.00,0.00,5.00
37306.00,0.18,-0.30,0.38,0.06,-0.00,9.20,0.27,-0.02,1890.69,-0.00,-0.00,-0.01,-0.00,-0.00,0.00,7.00
37313.00,0.18,-0.30,0.31,0.06,-0.00,-9.50,0.27,-0.02,-2671.21,-0.00,-0.00,-0.01,-0.01,-0.00,0.00,9.00
37322.00,0.18,-0.30,0.38,0.06,-0.00,7.36,0.27,-0.02,1873.62,-0.00,-0.00,-0.01,-0.01,-0.00,-0.00,6.00
37328.00,0.18,-0.30,0.41,0.06,-0.00,4.66,0.27,-0.02,-450.74,-0.00,-0.00,-0.01,-0.00,-0.00,-0.00,7.00
37335.00,0.18,-0.30,0.33,0.06,-0.00,-11.89,0.27,-0.02,-2364.36,-0.00,-0.00,-0.01,-0.00,-0.00,-0.00,8.00
37343.00,0.18,-0.30,0.36,0.06,-0.00,4.80,0.27,-0.02,2087.23,-0.00,-0.00,-0.01,-0.00,-0.00,-0.00,6.00
37354.00,0.18,-0.30,0.39,0.06,-0.00,2.58,0.27,-0.02,-202.55,-0.00,-0.00,-0.01,0.00,0.00,0.00,10.00
37364.00,0.18,-0.30,0.45,0.06,-0.00,5.60,0.27,-0.02,302.95,-0.00,-0.00,-0.01,0.00,-0.00,0.00,8.00
37372.00,0.18,-0.30,0.43,0.06,-0.00,-2.03,0.27,-0.02,-954.32,-0.00,-0.00,-0.01,-0.00,0.00,0.00,6.00
37378.00,0.18,-0.30,0.42,0.06,-0.00,-2.64,0.27,-0.02,-101.59,-0.00,-0.00,-0.01,0.00,0.00,0.00,6.00
37384.00,0.18,-0.30,0.51,0.06,-0.00,15.01,0.27,-0.02,2941.37,-0.00,-0.00,-0.01,0.00,0.00,0.00,19.00
37403.00,0.18,-0.31,0.41,0.00,-0.04,-5.26,-0.28,-0.17,-1066.64,-0.00,-0.00,-0.01,0.00,0.01,0.00,8.00
37411.00,0.18,-0.31,0.38,0.00,-0.04,-3.73,-0.28,-0.17,191.17,-0.00,-0.00,-0.01,-0.00,0.01,0.00,5.00
37416.00,0.18,-0.31,0.46,0.00,-0.04,17.21,-0.28,-0.17,4187.06,-0.00,-0.00,-0.01,-0.00,0.01,-0.00,8.00
37424.00,0.18,-0.31,0.44,0.00,-0.04,-2.49,-0.28,-0.17,-2462.79,-0.00,-0.00,-0.01,0.00,0.00,-0.00,9.00
37433.00,0.18,-0.31,0.46,0.00,-0.04,1.56,-0.28,-0.17,450.23,-0.00,-0.00,-0.01,0.00,0.00,0.00,7.00
37450.00,0.18,-0.31,0.42,0.00,-0.04,-2.46,-0.28,-0.17,-236.44,-0.00,-0.00,-0.01,0.00,0.00,0.00,7.00
37457.00,0.18,-0.31,0.38,0.00,-0.04,-4.74,-0.28,-0.17,-324.78,-0.00,-0.00,-0.01,0.00,0.00,0.00,7.00
37464.00,0.18,-0.31,0.45,0.00,-0.04,9.63,-0.28,-0.17,2052.32,-0.00,-0.00,-0.01,0.00,-0.00,0.00,8.00
37472.00,0.18,-0.31,0.49,0.00,-0.04,5.71,-0.28,-0.17,-490.44,-0.00,-0.00,-0.01,0.00,-0.01,0.00,6.00
37478.00,0.18,-0.31,0.36,0.00,-0.04,-22.86,-0.28,-0.17,-4761.02,-0.00,-0.00,-0.01,-0.00,-0.01,0.00,17.00
37495.00,0.18,-0.31,0.42,0.00,-0.04,3.68,-0.28,-0.17,1560.97,-0.00,-0.00,-0.01,-0.00,-0.00,-0.00,6.00
37501.00,0.18,-0.31,0.44,0.00,-0.04,3.07,-0.28,-0.17,-101.88,-0.00,-0.00,-0.01,-0.00,-0.00,-0.00,5.00
37506.00,0.18,-0.31,0.39,0.00,-0.04,-9.67,-0.28,-0.17,-2546.29,-0.00,-0.00,-0.01,-0.00,-0.00,-0.00,8.00
37514.00,0.18,-0.31,0.36,0.00,-0.04,-3.91,-0.28,-0.17,719.78,-0.00,-0.00,-0.01,-0.00,-0.00,-0.00,8.00
37522.00,0.18,-0.31,0.43,0.00,-0.04,8.47,-0.28,-0.17,1546.89,-0.00,-0.00,-0.01,-0.00,-0.00,-0.00,6.00
37533.00,0.18,-0.31,0.50,0.00,-0.04,6.37,-0.28,-0.17,-191.04,-0.00,-0.00,-0.01,-0.00,-0.00,-0.00,8.00
37541.00,0.18,-0.31,0.49,0.00,-0.04,-0.43,-0.28,-0.17,-849.04,-0.00,-0.00,-0.01,-0.00,-0.01,0.00,5.00
37546.00,0.18,-0.31,0.37,0.00,-0.04,-23.85,-0.28,-0.17,-4684.14,-0.00,-0.00,-0.01,-0.00,-0.01,0.00,7.00
37553.00,0.18,-0.31,0.41,0.00,-0.04,5.60,-0.28,-0.17,4206.69,-0.00,-0.00,-0.01,-0.00,-0.00,0.00,7.00
37560.00,0.18,-0.31,0.39,0.00,-0.04,-3.63,-0.28,-0.17,-1317.99,-0.00,-0.00,-0.01,-0.00,-0.00,0.00,6.00
37566.00,0.18,-0.31,0.44,0.00,-0.04,8.85,-0.28,-0.17,2078.45,-0.00,-0.00,-0.01,0.00,-0.00,0.00,8.00
37574.00,0.18,-0.31,0.30,0.00,-0.04,-17.91,-0.28,-0.17,-3344.70,-0.00,-0.00,-0.01,0.00,0.00,0.00,7.00
37581.00,0.18,-0.31,0.43,0.00,-0.04,19.40,-0.28,-0.17,5329.83,-0.00,-0.00,-0.01,-0.00,0.00,0.00,6.00
37587.00,0.18,-0.31,0.39,0.00,-0.04,-7.96,-0.28,-0.17,-4559.23,-0.00,-0.00,-0.01,0.00,0.00,0.00,17.00
37604.00,0.18,-0.31,0.42,0.00,0.00,1.84,0.00,0.19,576.36,-0.00,-0.00,-0.01,0.00,0.00,-0.00,9.00
37618.00,0.18,-0.31,0.49,0.00,0.00,5.29,0.00,0.19,246.33,-0.00,-0.00,-0.01,0.00,0.00,0.00,8.00
37626.00,0.18,-0.31,0.45,0.00,0.00,-4.60,0.00,0.19,-1235.71,-0.00,-0.00,-0.01,0.00,0.00,0.00,8.00
37634.00,0.18,-0.31,0.49,0.00,0.00,4.73,0.00,0.19,1165.57,-0.00,-0.00,-0.01,0.00,-0.00,0.00,7.00
37641.00,0.18,-0.31,0.46,0.00,0.00,-4.87,0.00,0.19,-1371.15,-0.00,-0.00,-0.01,-0.00,0.00,0.00,6.00
37647.00,0.18,-0.31,0.47,0.00,0.00,2.48,0.00,0.19,1224.81,-0.00,-0.00,-0.01,-0.00,0.00,0.00,7.00
37654.00,0.18,-0.31,0.49,0.00,0.00,2.85,0.00,0.19,53.07,-0.00,-0.00,-0.01,-0.00,-0.00,-0.00,7.00
37661.00,0.18,-0.31,0.39,0.00,0.00,-14.04,0.00,0.19,-2413.10,-0.00,-0.00,-0.01,-0.00,0.00,-0.00,7.00
37668.00,0.18,-0.31,0.35,0.00,0.00,-6.28,0.00,0.19,1108.96,-0.00,-0.00,-0.01,-0.00,0.00,-0.00,6.00
37674.00,0.18,-0.31,0.40,0.00,0.00,7.42,0.00,0.19,2284.18,-0.00,-0.00,-0.01,0.00,0.00,-0.00,19.00
37693.00,0.18,-0.31,0.43,0.00,0.00,2.09,0.00,0.19,-280.90,-0.00,-0.00,-0.01,-0.00,0.00,-0.00,6.00
37704.00,0.18,-0.31,0.49,0.00,0.00,4.82,0.00,0.19,248.71,-0.00,-0.00,-0.01,-0.00,0.00,0.00,8.00
37712.00,0.18,-0.31,0.39,0.00,0.00,-12.02,0.00,0.19,-2105.23,-0.00,-0.00,-0.01,-0.00,0.00,0.00,5.00
37717.00,0.18,-0.31,0.52,0.00,0.00,26.58,0.00,0.19,7720.23,-0.00,-0.00,-0.01,-0.00,0.00,0.00,8.00
37725.00,0.18,-0.31,0.36,0.00,0.00,-20.05,0.00,0.19,-5828.98,-0.00,-0.00,-0.01,0.00,0.00,0.00,9.00
37734.00,0.18,-0.31,0.47,0.00,0.00,12.09,0.00,0.19,3571.30,-0.00,-0.00,-0.01,-0.00,0.00,0.00,7.00
37741.00,0.18,-0.31,0.39,0.00,0.00,-12.00,0.00,0.19,-3442.18,-0.00,-0.00,-0.01,0.00,0.00,0.00,5.00
37746.00,0.18,-0.31,0.31,0.00,0.00,-16.25,0.00,0.19,-848.67,-0.00,-0.00,-0.01,0.00,0.00,0.00,6.00
37752.00,0.18,-0.31,0.47,0.00,0.00,26.32,0.00,0.19,7094.86,-0.00,-0.00,-0.01,0.00,0.00,-0.00,5.00
37757.00,0.18,-0.31,0.42,0.00,0.00,-9.60,0.00,0.19,-7184.28,-0.00,-0.00,-0.01,0.00,0.00,-0.00,8.00
37765.00,0.18,-0.31,0.41,0.00,0.00,-1.24,0.00,0.19,1044.36,-0.00,-0.00,-0.01,0.00,0.00,-0.00,8.00
37778.00,0.18,-0.31,0.43,0.00,0.00,1.52,0.00,0.19,212.75,-0.00,-0.00,-0.01,-0.00,-0.00,0.00,18.00
37796.00,0.18,-0.31,0.48,0.00,0.00,2.99,0.00,0.19,81.59,-0.00,-0.00,-0.01,0.00,-0.00,0.00,5.00
37801.00,0.18,-0.31,0.45,0.00,0.00,-5.49,0.00,0.19,-1695.35,-0.00,-0.00,-0.01,0.00,-0.00,0.00,6.00
37807.00,0.18,-0.31,0.47,0.00,0.00,2.43,0.00,0.00,1319.50,-0.00,-0.00,-0.01,0.00,-0.00,0.00,8.00
37815.00,0.18,-0.31,0.41,0.00,0.00,-6.77,0.00,0.00,-1149.53,-0.00,-0.00,-0.01,0.00,0.00,0.00,8.00
37823.00,0.18,-0.31,0.41,0.00,0.00,-0.04,0.00,0.00,840.90,-0.00,-0.00,-0.01,-0.00,-0.00,0.00,5.00
37828.00,0.18,-0.31,0.48,0.00,0.00,13.33,0.00,0.00,2672.99,-0.00,-0.00,-0.01,-0.00,-0.00,0.00,7.00
37835.00,0.18,-0.31,0.39,0.00,0.00,-12.39,0.00,0.00,-3673.87,-0.00,-0.00,-0.01,-0.00,-0.01,0.00,8.00
37843.00,0.18,-0.31,0.42,0.00,0.00,3.37,0.00,0.00,1969.60,-0.00,-0.00,-0.01,-0.00,-0.00,-0.00,6.00
37849.00,0.18,-0.31,0.43,0.00,0.00,1.63,0.00,0.00,-289.49,-0.00,-0.00,-0.01,-0.00,-0.00,-0.00,7.00
37861.00,0.18,-0.31,0.47,0.00,0.00,3.04,0.00,0.00,117.49,-0.00,-0.00,-0.01,-0.00,-0.00,0.00,7.00
37868.00,0.18,-0.31,0.39,0.00,0.00,-10.40,0.00,0.00,-1919.98,-0.00,-0.00,-0.01,-0.00,-0.00,0.00,7.00
37875.00,0.18,-0.31,0.51,0.00,0.00,16.42,0.00,0.00,3831.50,-0.00,-0.00,-0.01,-0.00,-0.01,0.00,18.00
37893.00,0.18,-0.31,0.52,0.00,0.00,0.75,0.00,0.00,-870.73,-0.00,-0.00,-0.01,0.00,-0.00,0.00,5.00
37898.00,0.18,-0.31,0.34,0.00,0.00,-37.09,0.00,0.00,-7568.26,-0.00,-0.00,-0.01,0.00,-0.00,0.00,7.00
37905.00,0.18,-0.31,0.42,0.00,0.00,12.49,0.00,0.00,7083.66,-0.00,-0.00,-0.01,0.00,-0.00,0.00,8.00
37913.00,0.18,-0.31,0.43,0.00,0.00,1.19,0.00,0.00,-1412.49,-0.00,-0.00,-0.01,0.00,0.00,0.00,5.00
37918.00,0.18,-0.31,0.32,0.00,0.00,-23.04,0.00,0.00,-4846.29,-0.00,-0.00,-0.01,0.00,0.00,0.00,8.00
37926.00,0.18,-0.31,0.42,0.00,0.00,12.10,0.00,0.00,4392.03,-0.00,-0.00,-0.01,0.00,0.00,0.00,8.00
37934.00,0.18,-0.31,0.50,0.00,0.00,9.88,0.00,0.00,-276.95,-0.00,-0.00,-0.01,0.00,0.00,-0.00,7.00
37946.00,0.18,-0.31,0.38,0.00,0.00,-9.39,0.00,0.00,-1605.53,-0.00,-0.00,-0.01,-0.00,0.00,0.00,7.00
37953.00,0.18,-0.31,0.46,0.00,0.00,10.90,0.00,0.00,2897.34,-0.00,-0.00,-0.01,0.00,0.00,0.00,5.00
37958.00,0.18,-0.31,0.49,0.00,0.00,5.99,0.00,0.00,-981.99,-0.00,-0.00,-0.01,0.00,-0.00,0.00,8.00
37966.00,0.18,-0.31,0.36,0.00,0.00,-16.36,0.00,0.00,-2793.40,-0.00,-0.00,-0.01,0.00,-0.00,0.00,8.00
37974.00,0.18,-0.31,0.33,0.00,0.00,-3.96,0.00,0.00,1549.96,-0.00,-0.00,-0.01,0.00,0.00,0.00,17.00
37991.00,0.18,-0.31,0.30,0.00,0.00,-1.62,0.00,0.00,137.92,-0.00,-0.00,-0.01,0.00,0.00,0.00,6.00
37997.00,0.18,-0.31,0.36,0.00,0.00,9.92,0.00,0.00,1922.08,-0.00,-0.00,-0.01,0.00,0.00,0.00,6.00
38003.00,0.18,-0.31,0.41,0.00,0.00,8.01,0.00,0.00,-316.76,-0.00,-0.00,-0.01,0.00,0.00,0.00,6.00
38009.00,0.18,-0.31,0.38,0.00,0.00,-4.47,0.00,0.00,-2080.49,-0.00,-0.00,-0.01,0.00,0.00,0.00,7.00
38016.00,0.18,-0.31,0.32,0.00,0.00,-8.21,0.00,0.00,-534.80,-0.00,-0.00,-0.01,0.00,-0.00,0.00,5.00
38026.00,0.18,-0.31,0.46,0.00,0.00,13.70,0.00,0.00,2191.62,-0.00,-0.00,-0.01,-0.00,0.00,-0.00,9.00
38035.00,0.18,-0.31,0.45,0.00,0.00,-0.92,0.00,0.00,-1625.26,-0.00,-0.00,-0.01,-0.00,0.00,-0.00,6.00
38041.00,0.18,-0.31,0.37,0.00,0.00,-13.55,0.00,0.00,-2103.78,-0.00,-0.00,-0.01,0.00,-0.00,0.00,7.00
38048.00,0.18,-0.31,0.40,0.00,0.00,4.35,0.00,0.00,2557.08,-0.00,-0.00,-0.01,0.00,-0.00,0.00,7.00
38055.00,0.18,-0.31,0.40,0.00,0.00,-0.18,0.00,0.00,-647.42,-0.00,-0.00,-0.01,-0.00,-0.00,0.00,7.00
38062.00,0.18,-0.31,0.36,0.00,0.00,-4.97,0.00,0.00,-684.96,-0.00,-0.00,-0.01,0.00,-0.01,0.00,5.00
38067.00,0.18,-0.31,0.45,0.00,0.00,16.25,0.00,0.00,4245.46,-0.00,-0.00,-0.01,0.00,-0.01,0.00,9.00
38076.00,0.18,-0.31,0.39,0.00,0.00,-6.29,0.00,0.00,-2504.97,-0.00,-0.00,-0.01,0.00,-0.00,0.00,8.00
38084.00,0.18,-0.31,0.53,0.00,0.00,18.22,0.00,0.00,3063.76,-0.00,-0.00,-0.01,0.00,-0.00,-0.00,16.00
38100.00,0.18,-0.31,0.50,0.00,0.00,-2.38,0.00,0.00,-1287.73,-0.00,-0.00,-0.01,-0.00,-0.00,-0.00,7.00
38117.00,0.18,-0.31,0.40,0.00,0.00,-5.46,0.00,0.00,-181.08,-0.00,-0.00,-0.01,0.00,-0.00,-0.00,9.00
38126.00,0.18,-0.31,0.50,0.00,0.00,10.80,0.00,0.00,1807.17,-0.00,-0.00,-0.01,0.00,0.00,0.00,9.00
38135.00,0.18,-0.31,0.38,0.00,0.00,-13.82,0.00,0.00,-2736.19,-0.00,-0.00,-0.01,0.00,0.00,-0.00,7.00
38142.00,0.18,-0.31,0.34,0.00,0.00,-5.19,0.00,0.00,1233.32,-0.00,-0.00,-0.01,0.00,0.00,0.00,6.00
38148.00,0.18,-0.31,0.37,0.00,0.00,5.50,0.00,0.00,1781.78,-0.00,-0.00,-0.01,0.00,0.00,0.00,7.00
38155.00,0.18,-0.31,0.35,0.00,0.00,-3.85,0.00,0.00,-1336.13,-0.00,-0.00,-0.01,0.00,-0.00,0.00,7.00
38162.00,0.18,-0.31,0.45,0.00,0.00,15.27,0.00,0.00,2732.00,-0.00,-0.00,-0.01,0.00,0.00,0.00,5.00
38167.00,0.18,-0.31,0.40,0.00,0.00,-11.17,0.00,0.00,-5287.42,-0.00,-0.00,-0.01,0.00,0.00,0.00,9.00
38176.00,0.18,-0.31,0.36,0.00,0.00,-4.07,0.00,0.00,788.13,-0.00,-0.00,-0.01,0.00,-0.00,0.00,8.00
38184.00,0.18,-0.31,0.43,0.00,0.00,9.13,0.00,0.00,1650.40,-0.00,-0.00,-0.01,0.00,-0.00,0.00,15.00
38213.00,0.18,-0.31,0.35,0.00,0.00,-2.90,0.00,0.00,-414.95,-0.00,-0.00,-0.01,-0.00,-0.00,-0.00,7.00
38220.00,0.18,-0.31,0.49,0.00,0.00,19.77,0.00,0.00,3238.82,-0.00,-0.00,-0.01,-0.00,-0.00,-0.00,6.00
38226.00,0.18,-0.31,0.37,0.00,0.00,-19.74,0.00,0.00,-6584.59,-0.00,-0.00,-0.01,0.00,-0.00,-0.00,9.00
38235.00,0.18,-0.31,0.42,0.00,0.00,5.74,0.00,0.00,2831.28,-0.00,-0.00,-0.01,0.00,-0.00,0.00,7.00
38242.00,0.18,-0.31,0.38,0.00,0.00,-5.20,0.00,0.00,-1562.88,-0.00,-0.00,-0.01,0.00,0.00,0.00,6.00
38248.00,0.18,-0.31,0.34,0.00,0.00,-7.94,0.00,0.00,-456.39,-0.00,-0.00,-0.01,0.00,0.00,0.00,6.00
38254.00,0.18,-0.31,0.36,0.00,0.00,3.47,0.00,0.00,1900.59,-0.00,-0.00,-0.01,-0.00,-0.00,0.00,5.00
38259.00,0.18,-0.31,0.51,0.00,0.00,31.24,0.00,0.00,5555.17,-0.00,-0.00,-0.01,-0.00,-0.00,0.00,7.00
38266.00,0.18,-0.31,0.43,0.00,0.00,-11.67,0.00,0.00,-6130.34,-0.00,-0.00,-0.01,0.00,0.00,0.00,9.00
38275.00,0.18,-0.31,0.46,0.00,0.00,2.95,0.00,0.00,1623.79,-0.00,-0.00,-0.01,-0.00,-0.00,-0.00,6.00
38286.00,0.18,-0.31,0.36,0.00,0.00,-8.54,0.00,0.00,-1044.02,-0.00,-0.00,-0.01,-0.00,0.00,-0.00,17.00
38303.00,0.18,-0.31,0.34,0.00,0.00,-1.29,0.00,0.00,426.13,-0.00,-0.00,-0.01,0.00,0.01,0.00,6.00
38309.00,0.18,-0.31,0.37,0.00,0.00,4.87,0.00,0.00,1026.82,-0.00,-0.00,-0.01,0.00,0.00,0.00,7.00
38316.00,0.18,-0.31,0.33,0.00,0.00,-5.79,0.00,0.00,-1522.54,-0.00,-0.00,-0.01,0.00,0.00,0.00,8.00
38324.00,0.18,-0.31,0.37,0.00,0.00,5.11,0.00,0.00,1362.14,-0.00,-0.00,-0.01,0.00,0.00,0.00,5.00
38329.00,0.18,-0.31,0.32,0.00,0.00,-10.65,0.00,0.00,-3151.35,-0.00,-0.00,-0.01,0.00,0.00,0.00,9.00
38338.00,0.18,-0.31,0.47,0.00,0.00,16.33,0.00,0.00,2998.05,-0.00,-0.00,-0.01,0.00,0.00,0.00,8.00
38346.00,0.18,-0.31,0.43,0.00,0.00,-4.57,0.00,0.00,-2612.47,-0.00,-0.00,-0.01,0.00,0.00,-0.00,6.00
38352.00,0.18,-0.31,0.43,0.00,0.00,-0.41,0.00,0.00,693.82,-0.00,-0.00,-0.01,0.00,0.00,0.00,5.00
38357.00,0.18,-0.31,0.46,0.00,0.00,7.32,0.00,0.00,1544.34,-0.00,-0.00,-0.01,0.00,0.00,0.00,9.00
38371.00,0.18,-0.31,0.37,0.00,0.00,-6.33,0.00,0.00,-975.03,-0.00,-0.00,-0.01,-0.00,0.00,0.00,7.00
38378.00,0.18,-0.31,0.40,0.00,0.00,3.74,0.00,0.00,1439.26,-0.00,-0.00,-0.01,-0.00,0.00,0.00,8.00
38386.00,0.18,-0.31,0.34,0.00,0.00,-7.12,0.00,0.00,-1357.61,-0.00,-0.00,-0.01,-0.00,0.00,0.00,18.00
38404.00,0.18,-0.31,0.41,0.00,0.00,3.71,0.00,0.00,601.71,-0.00,-0.00,-0.01,0.00,0.00,0.00,5.00
38409.00,0.18,-0.31,0.44,0.00,0.00,6.22,0.00,0.00,501.08,-0.00,-0.00,-0.01,0.00,0.00,0.00,8.00
38417.00,0.18,-0.31,0.47,0.00,0.00,3.03,0.00,0.00,-398.76,-0.00,-0.00,-0.01,0.00,-0.00,-0.00,8.00
38425.00,0.18,-0.31,0.34,0.00,0.00,-15.78,0.00,0.00,-2350.29,-0.00,-0.00,-0.01,-0.00,0.00,-0.00,5.00
38430.00,0.18,-0.31,0.34,0.00,0.00,0.48,0.00,0.00,3250.91,-0.00,-0.00,-0.01,-0.00,0.00,-0.00,7.00
38437.00,0.18,-0.31,0.38,0.00,0.00,5.91,0.00,0.00,776.31,-0.00,-0.00,-0.01,0.00,0.00,-0.00,9.00
38446.00,0.18,-0.31,0.38,0.00,0.00,-0.78,0.00,0.00,-743.81,-0.00,-0.00,-0.01,-0.00,0.00,0.00,6.00
38456.00,0.18,-0.31,0.42,0.00,0.00,4.69,0.00,0.00,546.91,-0.00,-0.00,-0.01,0.00,-0.00,-0.00,9.00
38465.00,0.18,-0.31,0.39,0.00,0.00,-4.05,0.00,0.00,-970.68,-0.00,-0.00,-0.01,0.00,0.00,0.00,5.00
38470.00,0.18,-0.31,0.38,0.00,0.00,-1.81,0.00,0.00,447.30,-0.00,-0.00,-0.01,0.00,0.00,0.00,7.00
38477.00,0.18,-0.31,0.44,0.00,0.00,9.05,0.00,0.00,1551.80,-0.00,-0.00,-0.01,0.00,-0.00,0.00,9.00
38486.00,0.18,-0.31,0.41,0.00,0.00,-3.94,0.00,0.00,-1443.91,-0.00,-0.00,-0.01,0.00,0.00,0.00,17.00
38503.00,0.18,-0.31,0.34,0.00,0.00,-3.88,0.00,0.00,4.06,-0.00,-0.00,-0.01,0.00,0.00,-0.00,6.00
38509.00,0.18,-0.31,0.42,0.00,0.00,14.05,0.00,0.00,2987.65,-0.00,-0.00,-0.01,0.00,-0.00,-0.00,8.00
38517.00,0.18,-0.31,0.43,0.00,0.00,1.17,0.00,0.00,-1610.35,-0.00,-0.00,-0.01,0.00,-0.00,0.00,7.00
38524.00,0.18,-0.31,0.38,0.00,0.00,-7.39,0.00,0.00,-1222.08,-0.00,-0.00,-0.01,0.00,0.00,-0.00,5.00
38529.00,0.18,-0.31,0.36,0.00,0.00,-3.65,0.00,0.00,747.87,-0.00,-0.00,-0.01,0.00,0.00,-0.00,8.00
38542.00,0.18,-0.31,0.42,0.00,0.00,3.96,0.00,0.00,585.23,-0.00,-0.00,-0.01,-0.00,0.00,0.00,7.00
38549.00,0.18,-0.31,0.38,0.00,0.00,-5.51,0.00,0.00,-1352.92,-0.00,-0.00,-0.01,-0.00,0.00,0.00,7.00
38556.00,0.18,-0.31,0.33,0.00,0.00,-6.05,0.00,0.00,-76.74,-0.00,-0.00,-0.01,0.00,0.00,0.00,7.00
38563.00,0.18,-0.31,0.33,0.00,0.00,-1.22,0.00,0.00,689.91,-0.00,-0.00,-0.01,-0.00,0.00,0.00,6.00
38569.00,0.18,-0.31,0.32,0.00,0.00,-1.60,0.00,0.00,-62.84,-0.00,-0.00,-0.01,-0.00,0.00,0.00,8.00
38577.00,0.18,-0.31,0.28,0.00,0.00,-4.43,0.00,0.00,-354.06,-0.00,-0.00,-0.01,-0.00,-0.01,0.00,9.00
38586.00,0.18,-0.31,0.34,0.00,0.00,6.16,0.00,0.00,1176.61,-0.00,-0.00,-0.01,0.00,-0.00,0.00,16.00
38602.00,0.18,-0.31,0.38,0.00,0.00,2.91,0.00,0.00,-203.37,-0.00,-0.00,-0.01,-0.00,-0.00,-0.00,7.00
38609.00,0.18,-0.31,0.42,0.00,0.00,5.13,0.00,0.00,316.86,-0.00,-0.00,-0.01,-0.00,-0.01,-0.00,7.00
38617.00,0.18,-0.31,0.42,0.00,0.00,0.42,0.00,0.00,-588.09,-0.00,-0.00,-0.01,-0.00,0.00,0.00,7.00
38629.00,0.18,-0.31,0.43,0.00,0.00,0.44,0.00,0.00,1.90,-0.00,-0.00,-0.01,-0.00,-0.00,0.00,9.00
38638.00,0.18,-0.31,0.38,0.00,0.00,-4.75,0.00,0.00,-577.42,-0.00,-0.00,-0.01,0.00,0.00,0.00,10.00
38648.00,0.18,-0.31,0.38,0.00,0.00,-0.74,0.00,0.00,401.01,-0.00,-0.00,-0.01,0.00,-0.00,0.00,5.00
38653.00,0.18,-0.31,0.37,0.00,0.00,-2.11,0.00,0.00,-273.53,-0.00,-0.00,-0.01,-0.00,-0.00,0.00,6.00
38659.00,0.18,-0.31,0.36,0.00,0.00,-1.82,0.00,0.00,48.01,-0.00,-0.00,-0.01,-0.00,-0.00,0.00,8.00
38667.00,0.18,-0.31,0.38,0.00,0.00,2.91,0.00,0.00,591.50,-0.00,-0.00,-0.01,0.00,0.00,0.00,8.00
38675.00,0.18,-0.31,0.30,0.00,0.00,-9.44,0.00,0.00,-1543.20,-0.00,-0.00,-0.01,-0.00,0.00,0.00,5.00
38680.00,0.18,-0.31,0.37,0.00,0.00,14.23,0.00,0.00,4732.75,-0.00,-0.00,-0.01,-0.00,0.00,0.00,18.00
38698.00,0.18,-0.31,0.39,0.00,0.00,1.00,0.00,0.00,-735.14,-0.00,-0.00,-0.01,-0.00,-0.00,-0.00,5.00
38703.00,0.18,-0.31,0.40,0.00,0.00,2.24,0.00,0.00,249.36,-0.00,-0.00,-0.01,0.00,0.00,-0.00,6.00
38714.00,0.18,-0.31,0.41,0.00,0.00,0.24,0.00,0.00,-181.70,-0.00,-0.00,-0.01,0.00,-0.00,0.00,6.00
38720.00,0.18,-0.31,0.44,0.00,0.00,5.76,0.00,0.00,919.53,-0.00,-0.00,-0.01,0.00,-0.00,0.00,7.00
38727.00,0.18,-0.31,0.26,0.00,0.00,-25.48,0.00,0.00,-4463.66,-0.00,-0.00,-0.01,0.00,0.00,-0.00,9.00
38736.00,0.18,-0.31,0.33,0.00,0.00,7.71,0.00,0.00,3688.06,-0.00,-0.00,-0.01,0.00,0.00,0.00,5.00
38741.00,0.18,-0.31,0.34,0.00,0.00,1.86,0.00,0.00,-1170.41,-0.00,-0.00,-0.01,0.00,0.00,-0.00,7.00
38748.00,0.18,-0.31,0.33,0.00,0.00,-1.54,0.00,0.00,-484.66,-0.00,-0.00,-0.01,0.00,0.00,-0.00,6.00
38754.00,0.18,-0.31,0.37,0.00,0.00,5.86,0.00,0.00,1233.68,-0.00,-0.00,-0.01,0.00,0.00,0.00,6.00
38760.00,0.18,-0.31,0.40,0.00,0.00,5.01,0.00,0.00,-143.01,-0.00,-0.00,-0.01,0.00,0.00,0.00,7.00
38767.00,0.18,-0.31,0.36,0.00,0.00,-5.03,0.00,0.00,-1433.47,-0.00,-0.00,-0.01,0.00,0.00,0.00,8.00
38775.00,0.18,-0.31,0.39,0.00,0.00,3.48,0.00,0.00,1063.06,-0.00,-0.00,-0.01,0.00,0.00,0.00,5.00
38785.00,0.18,-0.31,0.44,0.00,0.00,5.45,0.00,0.00,196.80,-0.00,-0.00,-0.01,-0.00,0.00,0.00,16.00
38801.00,0.18,-0.31,0.29,0.00,0.00,-9.65,0.00,0.00,-943.25,-0.00,-0.00,-0.01,-0.00,-0.00,0.00,7.00
38808.00,0.18,-0.31,0.37,0.00,0.00,12.08,0.00,0.00,3103.75,-0.00,-0.00,-0.01,-0.00,-0.00,0.00,8.00
38816.00,0.18,-0.31,0.41,0.00,0.00,4.03,0.00,0.00,-1006.71,-0.00,-0.00,-0.01,0.00,0.00,0.00,6.00
38822.00,0.18,-0.31,0.35,0.00,0.00,-9.89,0.00,0.00,-2318.54,-0.00,-0.00,-0.01,0.00,0.00,0.00,7.00
38829.00,0.18,-0.31,0.40,0.00,0.00,7.77,0.00,0.00,2521.88,-0.00,-0.00,-0.01,0.00,0.00,0.00,8.00
38837.00,0.18,-0.31,0.38,0.00,0.00,-2.26,0.00,0.00,-1253.07,-0.00,-0.00,-0.01,-0.00,0.00,0.00,8.00
38845.00,0.18,-0.31,0.36,0.00,0.00,-2.57,0.00,0.00,-39.50,-0.00,-0.00,-0.01,-0.00,-0.00,-0.00,5.00
38850.00,0.18,-0.31,0.36,0.00,0.00,-0.38,0.00,0.00,437.64,-0.00,-0.00,-0.01,-0.00,-0.00,-0.00,7.00
38857.00,0.18,-0.31,0.45,0.00,0.00,12.51,0.00,0.00,1841.80,-0.00,-0.00,-0.01,0.00,0.00,0.00,7.00
38874.00,0.18,-0.31,0.37,0.00,0.00,-4.26,0.00,0.00,-986.45,-0.00,-0.00,-0.01,0.00,0.01,0.00,7.00
38881.00,0.18,-0.31,0.28,0.00,0.00,-14.20,0.00,0.00,-1419.11,-0.00,-0.00,-0.01,0.00,0.01,0.00,7.00
38888.00,0.18,-0.31,0.36,0.00,0.00,11.69,0.00,0.00,3698.07,-0.00,-0.00,-0.01,0.00,0.01,0.00,18.00
38906.00,0.18,-0.31,0.37,0.00,0.00,0.69,0.00,0.00,-610.92,-0.00,-0.00,-0.01,0.00,0.00,0.00,6.00
38912.00,0.18,-0.31,0.39,0.00,0.00,3.87,0.00,0.00,528.85,-0.00,-0.00,-0.01,0.00,0.00,-0.00,7.00
38919.00,0.18,-0.31,0.40,0.00,0.00,1.65,0.00,0.00,-316.67,-0.00,-0.00,-0.01,0.00,0.01,-0.00,9.00
38928.00,0.18,-0.31,0.40,0.00,0.00,-0.46,0.00,0.00,-234.80,-0.00,-0.00,-0.01,0.00,0.00,0.00,6.00
38934.00,0.18,-0.31,0.38,0.00,0.00,-3.62,0.00,0.00,-525.61,-0.00,-0.00,-0.01,0.00,0.01,-0.00,6.00
38940.00,0.18,-0.31,0.35,0.00,0.00,-4.39,0.00,0.00,-128.55,-0.00,-0.00,-0.01,0.00,0.00,0.00,8.00
38948.00,0.18,-0.31,0.43,0.00,0.00,10.28,0.00,0.00,1834.03,-0.00,-0.00,-0.01,0.00,0.00,0.00,6.00
38958.00,0.18,-0.31,0.33,0.00,0.00,-10.37,0.00,0.00,-2065.80,-0.00,-0.00,-0.01,-0.00,0.00,0.00,10.00
38968.00,0.18,-0.31,0.41,0.00,0.00,7.96,0.00,0.00,1833.70,-0.00,-0.00,-0.01,-0.00,0.00,0.00,8.00
38976.00,0.18,-0.31,0.39,0.00,0.00,-2.39,0.00,0.00,-1294.70,-0.00,-0.00,-0.01,0.00,0.00,-0.00,5.00
38981.00,0.18,-0.31,0.41,0.00,0.00,3.05,0.00,0.00,1087.97,-0.00,-0.00,-0.01,-0.00,0.00,-0.00,7.00
38988.00,0.18,-0.31,0.34,0.00,0.00,-9.77,0.00,0.00,-1830.66,-0.00,-0.00,-0.01,-0.00,0.00,-0.00,19.00
39007.00,0.18,-0.31,0.43,0.00,0.00,4.65,0.00,0.00,758.63,-0.00,-0.00,-0.01,0.00,0.00,0.00,6.00
39013.00,0.18,-0.31,0.42,0.00,0.00,-1.33,0.00,0.00,-995.80,-0.00,-0.00,-0.01,0.00,0.00,0.00,6.00
39019.00,0.18,-0.31,0.29,0.00,0.00,-21.94,0.00,0.00,-3435.84,-0.00,-0.00,-0.01,0.00,0.01,0.00,9.00
39028.00,0.18,-0.31,0.37,0.00,0.00,9.72,0.00,0.00,3518.15,-0.00,-0.00,-0.01,-0.00,0.00,0.00,7.00
39035.00,0.18,-0.31,0.40,0.00,0.00,3.10,0.00,0.00,-946.13,-0.00,-0.00,-0.01,0.00,0.01,0.00,6.00
39046.00,0.18,-0.31,0.43,0.00,0.00,3.52,0.00,0.00,38.44,-0.00,-0.00,-0.01,0.00,0.00,-0.00,6.00
39052.00,0.18,-0.31,0.37,0.00,0.00,-10.84,0.00,0.00,-2393.37,-0.00,-0.00,-0.01,0.00,0.00,-0.00,7.00
39059.00,0.18,-0.31,0.41,0.00,0.00,5.89,0.00,0.00,2389.68,-0.00,-0.00,-0.01,0.00,0.00,-0.00,9.00
39068.00,0.18,-0.31,0.39,0.00,0.00,-2.23,0.00,0.00,-902.00,-0.00,-0.00,-0.01,0.00,0.00,0.00,6.00
39074.00,0.18,-0.31,0.27,0.00,0.00,-20.03,0.00,0.00,-2966.26,-0.00,-0.00,-0.01,0.00,0.00,0.00,6.00
39080.00,0.18,-0.31,0.39,0.00,0.00,20.12,0.00,0.00,6691.79,-0.00,-0.00,-0.01,0.00,0.00,0.00,8.00
39088.00,0.18,-0.31,0.44,0.00,0.00,5.95,0.00,0.00,-1771.14,-0.00,-0.00,-0.01,0.00,0.00,0.00,17.00
39105.00,0.18,-0.31,0.36,0.00,0.00,-4.35,0.00,0.00,-605.94,-0.00,-0.00,-0.01,-0.00,0.00,0.00,6.00
39111.00,0.18,-0.31,0.39,0.00,0.00,4.97,0.00,0.00,1553.76,-0.00,-0.00,-0.01,-0.00,0.00,0.00,8.00
39119.00,0.18,-0.31,0.40,0.00,0.00,0.79,0.00,0.00,-523.60,-0.00,-0.00,-0.01,-0.00,-0.00,-0.00,7.00
39131.00,0.18,-0.31,0.48,0.00,0.00,6.47,0.00,0.00,473.51,-0.00,-0.00,-0.01,-0.00,0.00,0.00,9.00
39140.00,0.18,-0.31,0.44,0.00,0.00,-3.77,0.00,0.00,-1137.91,-0.00,-0.00,-0.01,-0.00,0.00,0.00,8.00
39148.00,0.18,-0.31,0.46,0.00,0.00,1.38,0.00,0.00,644.84,-0.00,-0.00,-0.01,0.00,-0.00,0.00,6.00
39154.00,0.18,-0.31,0.36,0.00,0.00,-16.28,0.00,0.00,-2944.27,-0.00,-0.00,-0.01,0.00,-0.00,0.00,6.00
39160.00,0.18,-0.31,0.33,0.00,0.00,-4.27,0.00,0.00,2001.33,-0.00,-0.00,-0.01,0.00,-0.00,0.00,9.00
39169.00,0.18,-0.31,0.41,0.00,0.00,9.04,0.00,0.00,1478.97,-0.00,-0.00,-0.01,0.00,0.00,0.00,7.00
39176.00,0.18,-0.31,0.32,0.00,0.00,-13.69,0.00,0.00,-3246.97,-0.00,-0.00,-0.01,0.00,0.00,0.00,15.00
39191.00,0.18,-0.31,0.34,0.00,0.00,1.67,0.00,0.00,1024.02,-0.00,-0.00,-0.01,0.00,0.00,0.00,8.00
39199.00,0.18,-0.31,0.35,0.00,0.00,0.36,0.00,0.00,-163.79,-0.00,-0.00,-0.01,0.00,-0.00,0.00,6.00
39205.00,0.18,-0.31,0.40,0.00,0.00,9.27,0.00,0.00,1484.49,-0.00,-0.00,-0.01,0.00,-0.00,0.00,6.00
39216.00,0.18,-0.31,0.41,0.00,0.00,1.21,0.00,0.00,-732.66,-0.00,-0.00,-0.01,0.00,-0.00,0.00,6.00
39222.00,0.18,-0.31,0.41,0.00,0.00,-0.13,0.00,0.00,-222.01,-0.00,-0.00,-0.01,0.00,-0.00,0.00,7.00
39229.00,0.18,-0.30,0.39,0.00,0.04,-2.96,0.00,0.19,-405.57,-0.00,-0.00,-0.01,0.00,0.00,0.00,9.00
39238.00,0.18,-0.30,0.44,0.00,0.04,5.01,0.00,0.19,885.92,-0.00,-0.00,-0.01,0.00,0.00,-0.00,5.00
39243.00,0.18,-0.30,0.32,0.00,0.04,-23.11,0.00,0.19,-5623.16,-0.00,-0.00,-0.01,-0.00,0.00,0.00,7.00
39250.00,0.18,-0.30,0.32,0.00,0.04,-0.50,0.00,0.19,3229.83,-0.00,-0.00,-0.01,-0.00,0.00,0.00,6.00
39256.00,0.18,-0.30,0.45,0.00,0.04,22.35,0.00,0.19,3808.15,-0.00,-0.00,-0.01,0.00,0.01,-0.00,5.00
39261.00,0.18,-0.30,0.35,0.00,0.04,-20.40,0.00,0.19,-8549.64,-0.00,-0.00,-0.01,0.00,0.01,-0.00,8.00
39269.00,0.18,-0.30,0.34,0.00,0.04,-1.63,0.00,0.19,2345.30,-0.00,-0.00,-0.01,0.00,0.00,-0.00,8.00
39277.00,0.18,-0.30,0.39,0.00,0.04,5.91,0.00,0.19,943.31,-0.00,-0.00,-0.01,0.00,-0.00,0.00,5.00
39286.00,0.18,-0.30,0.44,0.00,0.04,6.16,0.00,0.19,27.19,-0.00,-0.00,-0.01,0.00,-0.00,0.00,17.00
39303.00,0.18,-0.30,0.37,0.00,0.04,-4.19,0.00,0.19,-608.78,-0.00,-0.00,-0.01,-0.00,-0.00,-0.00,7.00
39310.00,0.18,-0.30,0.40,0.00,0.04,4.22,0.00,0.19,1201.70,-0.00,-0.00,-0.01,0.00,-0.00,-0.00,9.00
39319.00,0.18,-0.30,0.33,0.00,0.04,-7.77,0.00,0.19,-1332.64,-0.00,-0.00,-0.01,-0.00,-0.00,0.00,7.00
39326.00,0.18,-0.30,0.50,0.00,0.04,24.89,0.00,0.19,4666.23,-0.00,-0.00,-0.01,-0.00,-0.00,0.00,5.00
39331.00,0.18,-0.30,0.31,0.00,0.04,-38.85,0.00,0.19,-12747.90,-0.00,-0.00,-0.01,-0.00,-0.00,0.00,8.00
39339.00,0.18,-0.30,0.39,0.00,0.04,10.48,0.00,0.19,6166.50,-0.00,-0.00,-0.01,0.00,-0.00,0.00,8.00
39347.00,0.18,-0.30,0.32,0.00,0.04,-8.57,0.00,0.19,-2381.11,-0.00,-0.00,-0.01,0.00,-0.01,0.00,6.00
39353.00,0.18,-0.30,0.34,0.00,0.04,3.34,0.00,0.19,1984.30,-0.00,-0.00,-0.01,0.00,-0.00,-0.00,7.00
39360.00,0.18,-0.30,0.30,0.00,0.04,-6.96,0.00,0.19,-1470.71,-0.00,-0.00,-0.01,0.00,-0.00,-0.00,8.00
39373.00,0.18,-0.30,0.42,0.00,0.04,9.63,0.00,0.19,1275.91,-0.00,-0.00,-0.01,-0.00,0.00,0.00,8.00
39381.00,0.18,-0.30,0.46,0.00,0.04,4.37,0.00,0.19,-657.85,-0.00,-0.00,-0.01,-0.00,-0.00,0.00,8.00
39389.00,0.18,-0.30,0.40,0.00,0.04,-7.11,0.00,0.19,-1435.14,-0.00,-0.00,-0.01,0.00,-0.00,-0.00,17.00
39406.00,0.18,-0.30,0.40,0.00,0.04,0.00,0.00,0.19,418.51,-0.00,-0.00,-0.01,0.00,0.00,-0.00,6.00
39412.00,0.18,-0.30,0.35,0.00,0.04,-7.42,0.00,0.19,-1236.18,-0.00,-0.00,-0.01,0.00,0.00,-0.00,7.00
39419.00,0.18,-0.30,0.38,0.00,0.04,3.80,0.00,0.19,1602.30,-0.00,-0.00,-0.01,0.00,0.00,-0.00,9.00
39428.00,0.18,-0.30,0.33,0.00,0.04,-6.24,0.00,0.19,-1115.91,-0.00,-0.00,-0.01,0.00,-0.00,0.00,5.00
39433.00,0.18,-0.30,0.39,0.00,0.00,13.76,0.00,-0.19,4000.30,-0.00,-0.00,-0.01,0.00,-0.00,0.00,7.00
39440.00,0.18,-0.30,0.35,0.00,0.00,-5.82,0.00,-0.19,-2796.74,-0.00,-0.00,-0.01,0.00,0.00,0.00,9.00
39449.00,0.18,-0.30,0.37,0.00,0.00,2.28,0.00,-0.19,899.42,-0.00,-0.00,-0.01,0.00,-0.00,-0.00,6.00
39460.00,0.18,-0.30,0.38,0.00,0.00,0.73,0.00,-0.19,-140.85,-0.00,-0.00,-0.01,0.00,0.00,0.00,8.00
39468.00,0.18,-0.30,0.37,0.00,0.00,-1.94,0.00,-0.19,-333.75,-0.00,-0.00,-0.01,-0.00,-0.00,-0.00,6.00
39474.00,0.18,-0.30,0.47,0.00,0.00,17.40,0.00,-0.19,3223.89,-0.00,-0.00,-0.01,-0.00,-0.00,-0.00,7.00
39481.00,0.18,-0.30,0.40,0.00,0.00,-10.45,0.00,-0.19,-3977.85,-0.00,-0.00,-0.01,-0.00,-0.00,-0.00,8.00
39489.00,0.18,-0.30,0.32,0.00,0.00,-10.06,0.00,-0.19,48.63,-0.00,-0.00,-0.01,-0.00,0.00,-0.00,17.00
39506.00,0.18,-0.30,0.40,0.00,0.00,4.91,0.00,-0.19,880.28,-0.00,-0.00,-0.01,0.00,0.00,-0.00,6.00
39512.00,0.18,-0.30,0.40,0.00,0.00,0.09,0.00,-0.19,-803.14,-0.00,-0.00,-0.01,0.00,0.00,-0.00,8.00
39520.00,0.18,-0.30,0.37,0.00,0.00,-4.04,0.00,-0.19,-516.19,-0.00,-0.00,-0.01,0.00,0.00,-0.00,8.00
39528.00,0.18,-0.30,0.33,0.00,0.00,-5.01,0.00,-0.19,-121.87,-0.00,-0.00,-0.01,-0.00,0.00,0.00,5.00
39533.00,0.18,-0.30,0.40,0.00,0.00,14.88,0.00,-0.19,3977.96,-0.00,-0.00,-0.01,-0.00,0.00,-0.00,8.00
39550.00,0.18,-0.30,0.34,0.00,0.00,-3.63,0.00,-0.19,-1088.76,-0.00,-0.00,-0.01,-0.00,0.00,-0.00,6.00
39556.00,0.18,-0.30,0.40,0.00,0.00,9.46,0.00,-0.19,2182.95,-0.00,-0.00,-0.01,0.00,0.00,-0.00,5.00
39562.00,0.18,-0.30,0.39,0.00,0.00,-1.63,0.00,-0.19,-1849.58,-0.00,-0.00,-0.01,0.00,0.00,-0.00,8.00
39570.00,0.18,-0.30,0.42,0.00,0.00,4.23,0.00,-0.19,733.17,-0.00,-0.00,-0.01,-0.00,0.00,-0.00,6.00
39576.00,0.18,-0.30,0.39,0.00,0.00,-4.56,0.00,-0.19,-1465.17,-0.00,-0.00,-0.01,-0.00,0.00,-0.00,6.00
39582.00,0.18,-0.30,0.37,0.00,0.00,-4.47,0.00,-0.19,15.68,-0.00,-0.00,-0.01,-0.00,0.00,0.00,8.00
39590.00,0.18,-0.30,0.39,0.00,0.00,2.79,0.00,-0.19,906.34,-0.00,-0.00,-0.01,-0.00,0.00,0.00,17.00
39607.00,0.18,-0.30,0.43,0.00,0.00,2.18,0.00,-0.19,-35.88,-0.00,-0.00,-0.01,-0.00,-0.01,0.00,6.00
39613.00,0.18,-0.30,0.36,0.00,0.00,-11.20,0.00,-0.19,-2229.67,-0.00,-0.00,-0.01,-0.00,-0.01,0.00,7.00
39620.00,0.18,-0.30,0.39,0.00,0.00,4.28,0.00,-0.19,2212.29,-0.00,-0.00,-0.01,-0.00,-0.00,0.00,8.00
39633.00,0.18,-0.30,0.36,0.00,0.00,-2.32,0.00,0.00,-507.86,-0.00,-0.00,-0.01,0.00,-0.00,-0.00,9.00
39642.00,0.18,-0.30,0.38,0.00,0.00,1.92,0.00,0.00,470.90,-0.00,-0.00,-0.01,0.00,-0.01,0.00,8.00
39650.00,0.18,-0.30,0.39,0.00,0.00,1.12,0.00,0.00,-99.97,-0.00,-0.00,-0.01,0.00,0.00,0.00,5.00
39655.00,0.18,-0.30,0.34,0.00,0.00,-8.58,0.00,0.00,-1940.67,-0.00,-0.00,-0.01,0.00,0.00,0.00,6.00
39661.00,0.18,-0.30,0.43,0.00,0.00,15.33,0.00,0.00,3985.61,-0.00,-0.00,-0.01,0.00,0.00,0.00,9.00
39670.00,0.18,-0.30,0.41,0.00,0.00,-2.69,0.00,0.00,-2002.71,-0.00,-0.00,-0.01,0.00,0.00,-0.00,6.00
39676.00,0.18,-0.30,0.34,0.00,0.00,-11.22,0.00,0.00,-1421.45,-0.00,-0.00,-0.01,0.00,0.00,-0.00,16.00
39692.00,0.18,-0.30,0.34,0.00,0.00,-0.23,0.00,0.00,686.93,-0.00,-0.00,-0.01,0.00,0.00,0.00,4.00
39696.00,0.18,-0.30,0.44,0.00,0.00,25.46,0.00,0.00,6423.50,-0.00,-0.00,-0.01,0.00,0.00,-0.00,6.00
39702.00,0.18,-0.30,0.52,0.00,0.00,12.26,0.00,0.00,-2200.83,-0.00,-0.00,-0.01,0.00,0.00,-0.00,6.00
39712.00,0.18,-0.30,0.41,0.00,0.00,-10.84,0.00,0.00,-2309.73,-0.00,-0.00,-0.01,0.00,0.00,-0.00,9.00
39721.00,0.18,-0.30,0.49,0.00,0.00,9.07,0.00,0.00,2212.56,-0.00,-0.00,-0.01,0.00,0.00,-0.00,8.00
39729.00,0.18,-0.30,0.39,0.00,0.00,-12.71,0.00,0.00,-2723.41,-0.00,-0.00,-0.01,0.00,0.00,-0.00,6.00
39735.00,0.18,-0.30,0.39,0.00,0.00,0.70,0.00,0.00,2235.68,-0.00,-0.00,-0.01,0.00,0.00,-0.00,6.00
39741.00,0.18,-0.30,0.25,0.00,0.00,-23.03,0.00,0.00,-3955.01,-0.00,-0.00,-0.01,0.00,0.00,-0.00,9.00
39750.00,0.18,-0.30,0.38,0.00,0.00,13.88,0.00,0.00,4100.63,-0.00,-0.00,-0.01,0.00,0.00,0.00,6.00
39756.00,0.18,-0.30,0.34,0.00,0.00,-6.59,0.00,0.00,-3410.90,-0.00,-0.00,-0.01,0.00,0.00,-0.00,6.00
39762.00,0.18,-0.30,0.35,0.00,0.00,2.59,0.00,0.00,1530.62,-0.00,-0.00,-0.01,0.00,0.00,-0.00,8.00
39770.00,0.18,-0.30,0.43,0.00,0.00,9.63,0.00,0.00,879.90,-0.00,-0.00,-0.01,-0.00,-0.00,0.00,8.00
39778.00,0.18,-0.30,0.31,0.00,0.00,-14.89,0.00,0.00,-3065.90,-0.00,-0.00,-0.01,-0.00,0.00,0.00,5.00
39788.00,0.18,-0.30,0.38,0.00,0.00,7.16,0.00,0.00,2205.52,-0.00,-0.00,-0.01,0.00,-0.00,0.00,16.00
39804.00,0.18,-0.30,0.40,0.00,0.00,1.08,0.00,0.00,-380.09,-0.00,-0.00,-0.01,0.00,0.00,0.00,7.00
39811.00,0.18,-0.30,0.47,0.00,0.00,10.19,0.00,0.00,1301.91,-0.00,-0.00,-0.01,0.00,0.00,0.00,9.00
39820.00,0.18,-0.30,0.36,0.00,0.00,-12.67,0.00,0.00,-2539.83,-0.00,-0.00,-0.01,0.00,-0.00,0.00,6.00
39826.00,0.18,-0.30,0.47,0.00,0.00,18.09,0.00,0.00,5126.64,-0.00,-0.00,-0.01,0.00,-0.00,0.00,6.00
39832.00,0.18,-0.30,0.40,0.00,0.00,-11.76,0.00,0.00,-4975.23,-0.00,-0.00,-0.01,0.00,-0.00,0.00,9.00
39841.00,0.18,-0.30,0.41,0.00,0.00,1.74,0.00,0.00,1499.95,-0.00,-0.00,-0.01,0.00,-0.00,0.00,7.00
39848.00,0.18,-0.30,0.36,0.00,0.00,-7.88,0.00,0.00,-1375.23,-0.00,-0.00,-0.01,0.00,-0.00,0.00,6.00
39854.00,0.18,-0.30,0.40,0.00,0.00,7.54,0.00,0.00,2570.99,-0.00,-0.00,-0.01,0.00,-0.00,0.00,7.00
39861.00,0.18,-0.30,0.42,0.00,0.00,2.94,0.00,0.00,-658.02,-0.00,-0.00,-0.01,0.00,0.00,0.00,7.00
39873.00,0.18,-0.30,0.32,0.00,0.00,-8.63,0.00,0.00,-963.62,-0.00,-0.00,-0.01,0.00,0.00,0.00,9.00
39882.00,0.18,-0.30,0.40,0.00,0.00,9.18,0.00,0.00,1979.00,-0.00,-0.00,-0.01,0.00,0.00,0.00,8.00
39890.00,0.18,-0.30,0.41,0.00,0.00,1.65,0.00,0.00,-941.15,-0.00,-0.00,-0.01,0.00,-0.00,0.00,17.00
39907.00,0.18,-0.30,0.38,0.00,0.00,-2.30,0.00,0.00,-232.47,-0.00,-0.00,-0.01,0.00,-0.00,-0.00,6.00
39913.00,0.18,-0.30,0.42,0.00,0.00,7.66,0.00,0.00,1660.24,-0.00,-0.00,-0.01,-0.00,-0.00,-0.00,8.00
39921.00,0.18,-0.30,0.43,0.00,0.00,0.60,0.00,0.00,-882.69,-0.00,-0.00,-0.01,-0.00,-0.01,0.00,7.00
39928.00,0.18,-0.30,0.51,0.00,0.00,12.34,0.00,0.00,1677.03,-0.00,-0.00,-0.01,0.00,-0.00,-0.00,6.00
39934.00,0.18,-0.30,0.42,0.00,0.00,-14.79,0.00,0.00,-4522.41,-0.00,-0.00,-0.01,0.00,-0.00,-0.00,8.00
39942.00,0.18,-0.30,0.39,0.00,0.00,-4.64,0.00,0.00,1269.30,-0.00,-0.00,-0.01,0.00,-0.00,-0.00,8.00
39950.00,0.18,-0.30,0.42,0.00,0.00,4.07,0.00,0.00,1089.02,-0.00,-0.00,-0.01,-0.00,-0.00,0.00,5.00
39960.00,0.18,-0.30,0.31,0.00,0.00,-10.81,0.00,0.00,-1488.42,-0.00,-0.00,-0.01,0.00,0.00,0.00,7.00
39967.00,0.18,-0.30,0.36,0.00,0.00,6.74,0.00,0.00,2507.43,-0.00,-0.00,-0.01,0.00,-0.00,0.00,6.00
39973.00,0.18,-0.30,0.47,0.00,0.00,18.76,0.00,0.00,2003.30,-0.00,-0.00,-0.01,0.00,-0.00,0.00,18.00
39991.00,0.18,-0.30,0.37,0.00,0.00,-5.38,0.00,0.00,-1341.09,-0.00,-0.00,-0.01,0.00,0.00,-0.00,7.00
39998.00,0.18,-0.30,0.41,0.00,0.00,5.29,0.00,0.00,1524.78,-0.00,-0.00,-0.01,0.00,0.00,0.00,6.00
40004.00,0.18,-0.30,0.33,0.00,0.00,-12.87,0.00,0.00,-3027.23,-0.00,-0.00,-0.01,0.00,0.00,0.00,5.00
40009.00,0.18,-0.30,0.40,0.00,0.00,13.49,0.00,0.00,5271.11,-0.00,-0.00,-0.01,0.00,0.00,0.00,6.00
40015.00,0.18,-0.30,0.43,0.00,0.00,5.48,0.00,0.00,-1334.38,-0.00,-0.00,-0.01,0.00,0.00,-0.00,7.00
40022.00,0.18,-0.30,0.39,0.00,0.00,-6.38,0.00,0.00,-1694.40,-0.00,-0.00,-0.01,-0.00,-0.00,-0.00,9.00
40031.00,0.18,-0.30,0.42,0.00,0.00,3.86,0.00,0.00,1137.37,-0.00,-0.00,-0.01,0.00,0.00,0.00,7.00
40042.00,0.18,-0.30,0.38,0.00,0.00,-4.13,0.00,0.00,-726.06,-0.00,-0.00,-0.01,-0.00,0.00,0.00,10.00
40052.00,0.18,-0.30,0.45,0.00,0.00,7.23,0.00,0.00,1135.76,-0.00,-0.00,-0.01,0.00,-0.00,0.00,5.00
40057.00,0.18,-0.30,0.42,0.00,0.00,-5.37,0.00,0.00,-2519.32,-0.00,-0.00,-0.01,-0.00,-0.00,0.00,6.00
40063.00,0.18,-0.30,0.31,0.00,0.00,-19.03,0.00,0.00,-2277.22,-0.00,-0.00,-0.01,-0.00,-0.01,-0.00,8.00
40071.00,0.18,-0.30,0.32,0.00,0.00,0.76,0.00,0.00,2474.44,-0.00,-0.00,-0.01,0.00,0.00,0.00,8.00
40079.00,0.18,-0.30,0.49,0.00,0.00,21.55,0.00,0.00,2597.88,-0.00,-0.00,-0.01,0.00,0.00,0.00,5.00
40084.00,0.18,-0.30,0.40,0.00,0.00,-17.58,0.00,0.00,-7824.65,-0.00,-0.00,-0.01,0.00,0.00,0.00,18.00
40102.00,0.18,-0.30,0.37,0.00,0.00,-1.95,0.00,0.00,868.42,-0.00,-0.00,-0.01,-0.00,-0.00,0.00,6.00
40108.00,0.18,-0.30,0.37,0.00,0.00,-0.02,0.00,0.00,321.85,-0.00,-0.00,-0.01,0.00,-0.00,-0.00,5.00
40113.00,0.18,-0.30,0.38,0.00,0.00,3.43,0.00,0.00,689.88,-0.00,-0.00,-0.01,0.00,-0.00,-0.00,9.00
40126.00,0.18,-0.30,0.36,0.00,0.00,-1.94,0.00,0.00,-413.67,-0.00,-0.00,-0.01,0.00,0.00,0.00,8.00
40134.00,0.18,-0.30,0.40,0.00,0.00,5.82,0.00,0.00,969.96,-0.00,-0.00,-0.01,0.00,0.00,0.00,7.00
40141.00,0.18,-0.30,0.32,0.00,0.00,-11.40,0.00,0.00,-2459.80,-0.00,-0.00,-0.01,0.00,0.00,-0.00,8.00
40149.00,0.18,-0.30,0.43,0.00,0.00,12.99,0.00,0.00,3049.10,-0.00,-0.00,-0.01,-0.00,-0.00,0.00,6.00
40155.00,0.18,-0.30,0.38,0.00,0.00,-7.21,0.00,0.00,-3366.70,-0.00,-0.00,-0.01,-0.00,-0.00,0.00,7.00
40162.00,0.18,-0.30,0.31,0.00,0.00,-10.27,0.00,0.00,-437.44,-0.00,-0.00,-0.01,0.00,-0.00,0.00,8.00
40170.00,0.18,-0.30,0.39,0.00,0.00,10.07,0.00,0.00,2543.19,-0.00,-0.00,-0.01,0.00,-0.00,0.00,6.00
40176.00,0.18,-0.30,0.39,0.00,0.00,-0.93,0.00,0.00,-1833.76,-0.00,-0.00,-0.01,0.00,-0.00,0.00,7.00
40183.00,0.18,-0.30,0.46,0.00,0.00,10.50,0.00,0.00,1633.07,-0.00,-0.00,-0.01,0.00,-0.00,0.00,19.00
40202.00,0.18,-0.30,0.46,0.00,0.00,-0.21,0.00,0.00,-563.58,-0.00,-0.00,-0.01,-0.00,-0.00,-0.00,5.00
40217.00,0.18,-0.30,0.38,0.00,0.00,-4.99,0.00,0.00,-319.00,-0.00,-0.00,-0.01,0.00,0.00,0.00,7.00
40224.00,0.18,-0.30,0.49,0.00,0.00,15.74,0.00,0.00,2962.08,-0.00,-0.00,-0.01,0.00,0.00,0.00,8.00
40232.00,0.18,-0.30,0.36,0.00,0.00,-16.67,0.00,0.00,-4052.36,-0.00,-0.00,-0.01,0.00,-0.00,0.00,7.00
40239.00,0.18,-0.30,0.39,0.00,0.00,3.79,0.00,0.00,2923.55,-0.00,-0.00,-0.01,-0.00,0.00,0.00,6.00
40245.00,0.18,-0.30,0.54,0.00,0.00,25.44,0.00,0.00,3608.16,-0.00,-0.00,-0.01,-0.00,-0.00,0.00,8.00
40253.00,0.18,-0.30,0.32,0.00,0.00,-27.06,0.00,0.00,-6561.98,-0.00,-0.00,-0.01,0.00,-0.00,0.00,5.00
40258.00,0.18,-0.30,0.34,0.00,0.00,3.37,0.00,0.00,6084.94,-0.00,-0.00,-0.01,0.00,-0.00,0.00,6.00
40264.00,0.18,-0.30,0.42,0.00,0.00,12.85,0.00,0.00,1579.86,-0.00,-0.00,-0.01,0.00,-0.00,0.00,8.00
40272.00,0.18,-0.30,0.38,0.00,0.00,-4.48,0.00,0.00,-2165.69,-0.00,-0.00,-0.01,0.00,-0.00,0.00,7.00
40279.00,0.18,-0.30,0.41,0.00,0.00,3.83,0.00,0.00,1186.67,-0.00,-0.00,-0.01,0.00,0.00,0.00,6.00
40289.00,0.18,-0.30,0.37,0.00,0.00,-3.46,0.00,0.00,-728.70,-0.00,-0.00,-0.01,-0.00,-0.00,0.00,16.00
40305.00,0.18,-0.30,0.36,0.00,0.00,-0.66,0.00,0.00,174.83,-0.00,-0.00,-0.01,0.00,0.00,0.00,7.00
40312.00,0.18,-0.30,0.36,0.00,0.00,-0.67,0.00,0.00,-1.41,-0.00,-0.00,-0.01,-0.00,0.00,0.00,8.00
40320.00,0.18,-0.30,0.42,0.00,0.00,8.41,0.00,0.00,1135.55,-0.00,-0.00,-0.01,-0.00,0.00,0.00,6.00
40326.00,0.18,-0.30,0.40,0.00,0.00,-4.20,0.00,0.00,-2101.72,-0.00,-0.00,-0.01,-0.00,0.00,-0.00,7.00
40333.00,0.18,-0.30,0.33,0.00,0.00,-10.30,0.00,0.00,-871.65,-0.00,-0.00,-0.01,0.00,0.00,-0.00,8.00
40341.00,0.18,-0.30,0.43,0.00,0.00,12.72,0.00,0.00,2877.66,-0.00,-0.00,-0.01,0.00,0.00,0.00,7.00
40348.00,0.18,-0.30,0.30,0.00,0.00,-18.60,0.00,0.00,-4474.41,-0.00,-0.00,-0.01,0.00,0.00,0.00,6.00
40354.00,0.18,-0.30,0.33,0.00,0.00,4.43,0.00,0.00,3838.72,-0.00,-0.00,-0.01,0.00,0.00,0.00,6.00
40360.00,0.18,-0.30,0.35,0.00,0.00,3.40,0.00,0.00,-172.60,-0.00,-0.00,-0.01,0.00,0.00,0.00,6.00
40371.00,0.18,-0.30,0.41,0.00,0.00,5.65,0.00,0.00,204.96,-0.00,-0.00,-0.01,-0.00,0.00,-0.00,6.00
40377.00,0.18,-0.30,0.46,0.00,0.00,7.90,0.00,0.00,374.93,-0.00,-0.00,-0.01,0.00,0.00,0.00,6.00
40383.00,0.18,-0.30,0.39,0.00,0.00,-10.57,0.00,0.00,-3078.17,-0.00,-0.00,-0.01,0.00,0.00,0.00,19.00
40402.00,0.18,-0.30,0.34,0.00,0.00,-2.94,0.00,0.00,401.15,-0.00,-0.00,-0.01,-0.00,-0.00,0.00,6.00
40408.00,0.18,-0.30,0.43,0.00,0.00,14.93,0.00,0.00,2978.86,-0.00,-0.00,-0.01,-0.00,-0.00,0.00,6.00
40414.00,0.18,-0.30,0.37,0.00,0.00,-8.76,0.00,0.00,-3947.76,-0.00,-0.00,-0.01,0.00,-0.00,0.00,8.00
40422.00,0.18,-0.30,0.34,0.00,0.00,-4.10,0.00,0.00,582.06,-0.00,-0.00,-0.01,-0.00,-0.00,-0.00,8.00
40430.00,0.18,-0.30,0.29,0.00,0.00,-6.13,0.00,0.00,-253.37,-0.00,-0.00,-0.01,0.00,0.00,-0.00,5.00
40435.00,0.18,-0.30,0.34,0.00,0.00,10.73,0.00,0.00,3371.14,-0.00,-0.00,-0.01,0.00,0.00,-0.00,8.00
40443.00,0.18,-0.30,0.38,0.00,0.00,4.86,0.00,0.00,-733.32,-0.00,-0.00,-0.01,0.00,-0.00,0.00,4.00
40452.00,0.18,-0.30,0.52,0.00,0.00,15.18,0.00,0.00,1146.61,-0.00,-0.00,-0.01,0.00,-0.00,-0.00,5.00
40457.00,0.18,-0.30,0.39,0.00,0.00,-25.38,0.00,0.00,-8111.23,-0.00,-0.00,-0.01,-0.00,-0.00,-0.00,7.00
40464.00,0.18,-0.30,0.40,0.00,0.00,1.39,0.00,0.00,3823.65,-0.00,-0.00,-0.01,-0.00,0.00,-0.00,8.00
40472.00,0.18,-0.30,0.42,0.00,0.00,1.52,0.00,0.00,15.67,-0.00,-0.00,-0.01,0.00,0.00,-0.00,7.00
40479.00,0.18,-0.30,0.30,0.00,0.00,-16.28,0.00,0.00,-2541.54,-0.00,-0.00,-0.01,-0.00,-0.00,0.00,6.00
40485.00,0.18,-0.30,0.40,0.00,0.00,17.15,0.00,0.00,5570.63,-0.00,-0.00,-0.01,-0.00,-0.00,0.00,18.00
40503.00,0.18,-0.30,0.39,0.00,0.00,-0.97,0.00,0.00,-1006.35,-0.00,-0.00,-0.01,0.00,0.00,0.00,5.00
40508.00,0.18,-0.30,0.48,0.00,0.00,18.10,0.00,0.00,3812.37,-0.00,-0.00,-0.01,0.00,0.00,0.00,6.00
40514.00,0.18,-0.30,0.38,0.00,0.00,-16.23,0.00,0.00,-5720.89,-0.00,-0.00,-0.01,0.00,0.00,0.00,9.00
40523.00,0.18,-0.30,0.39,0.00,0.00,1.19,0.00,0.00,1935.61,-0.00,-0.00,-0.01,-0.00,0.00,-0.00,7.00
40535.00,0.18,-0.30,0.40,0.00,0.00,0.81,0.00,0.00,-31.90,-0.00,-0.00,-0.01,-0.00,-0.00,0.00,9.00
40544.00,0.18,-0.30,0.43,0.00,0.00,2.86,0.00,0.00,227.47,-0.00,-0.00,-0.01,0.00,0.00,-0.00,8.00
40552.00,0.18,-0.30,0.44,0.00,0.00,2.04,0.00,0.00,-101.43,-0.00,-0.00,-0.01,0.00,0.00,-0.00,6.00
40558.00,0.18,-0.30,0.40,0.00,0.00,-6.35,0.00,0.00,-1398.78,-0.00,-0.00,-0.01,-0.00,0.00,0.00,6.00
40564.00,0.18,-0.30,0.49,0.00,0.00,13.88,0.00,0.00,3371.00,-0.00,-0.00,-0.01,-0.00,0.00,0.00,9.00
40573.00,0.18,-0.30,0.42,0.00,0.00,-7.31,0.00,0.00,-2354.14,-0.00,-0.00,-0.01,0.00,0.00,0.00,7.00
40580.00,0.18,-0.30,0.37,0.00,0.00,-7.14,0.00,0.00,23.99,-0.00,-0.00,-0.01,0.00,-0.00,0.00,16.00
40596.00,0.18,-0.30,0.45,0.00,0.00,4.90,0.00,0.00,752.86,-0.00,-0.00,-0.01,0.00,0.00,-0.00,8.00
40604.00,0.18,-0.30,0.45,0.00,0.00,0.26,0.00,0.00,-580.77,-0.00,-0.00,-0.01,0.00,0.00,0.00,5.00
40609.00,0.18,-0.30,0.41,0.00,0.00,-7.80,0.00,0.00,-1611.51,-0.00,-0.00,-0.01,0.00,-0.00,0.00,6.00
40620.00,0.18,-0.30,0.45,0.00,0.00,2.93,0.00,0.00,975.46,-0.00,-0.00,-0.01,0.00,0.00,-0.00,6.00
40626.00,0.18,-0.30,0.44,0.00,0.00,-0.88,0.00,0.00,-634.32,-0.00,-0.00,-0.01,0.00,0.00,-0.00,7.00
40633.00,0.18,-0.30,0.38,0.00,0.00,-8.61,0.00,0.00,-1104.34,-0.00,-0.00,-0.01,-0.00,0.00,0.00,9.00
40642.00,0.18,-0.30,0.37,0.00,0.00,-1.58,0.00,0.00,780.95,-0.00,-0.00,-0.01,0.00,0.00,0.00,5.00
40647.00,0.18,-0.30,0.51,0.00,0.00,29.11,0.00,0.00,6138.28,-0.00,-0.00,-0.01,0.00,-0.00,0.00,7.00
40654.00,0.18,-0.30,0.39,0.00,0.00,-17.67,0.00,0.00,-6682.88,-0.00,-0.00,-0.01,0.00,-0.00,0.00,6.00
40660.00,0.18,-0.30,0.39,0.00,0.00,0.79,0.00,0.00,3075.88,-0.00,-0.00,-0.01,-0.00,0.00,-0.00,5.00
40665.00,0.18,-0.30,0.40,0.00,0.00,1.52,0.00,0.00,146.41,-0.00,-0.00,-0.01,-0.00,0.00,-0.00,8.00
40673.00,0.18,-0.30,0.43,0.00,0.00,3.18,0.00,0.00,207.70,-0.00,-0.00,-0.01,0.00,0.00,0.00,8.00
40681.00,0.18,-0.30,0.45,0.00,0.00,2.58,0.00,0.00,-75.34,-0.00,-0.00,-0.01,0.00,0.00,-0.00,5.00
40691.00,0.18,-0.30,0.43,0.00,0.00,-1.88,0.00,0.00,-446.08,-0.00,-0.00,-0.01,0.00,-0.00,0.00,15.00
40706.00,0.18,-0.30,0.35,0.00,0.00,-4.88,0.00,0.00,-200.01,-0.00,-0.00,-0.01,0.00,0.00,0.00,8.00
40714.00,0.18,-0.30,0.46,0.00,0.00,12.80,0.00,0.00,2209.80,-0.00,-0.00,-0.01,0.00,0.00,0.00,7.00
40721.00,0.18,-0.30,0.38,0.00,0.00,-10.72,0.00,0.00,-3359.99,-0.00,-0.00,-0.01,-0.00,-0.00,0.00,7.00
40728.00,0.18,-0.30,0.39,0.00,0.00,0.61,0.00,0.00,1619.31,-0.00,-0.00,-0.01,-0.00,-0.00,0.00,6.00
40734.00,0.18,-0.30,0.44,0.00,0.00,9.88,0.00,0.00,1544.48,-0.00,-0.00,-0.01,-0.00,0.00,0.00,9.00
40743.00,0.18,-0.30,0.37,0.00,0.00,-8.29,0.00,0.00,-2018.59,-0.00,-0.00,-0.01,0.00,0.00,-0.00,7.00
40750.00,0.18,-0.30,0.34,0.00,0.00,-3.69,0.00,0.00,656.50,-0.00,-0.00,-0.01,0.00,-0.00,0.00,6.00
40756.00,0.18,-0.30,0.38,0.00,0.00,6.59,0.00,0.00,1714.01,-0.00,-0.00,-0.01,0.00,-0.00,0.00,6.00
40762.00,0.18,-0.30,0.36,0.00,0.00,-3.83,0.00,0.00,-1737.69,-0.00,-0.00,-0.01,0.00,0.00,0.00,6.00
40773.00,0.18,-0.30,0.37,0.00,0.00,0.55,0.00,0.00,398.82,-0.00,-0.00,-0.01,-0.00,0.00,0.00,8.00
40781.00,0.18,-0.30,0.36,0.00,0.00,-0.74,0.00,0.00,-161.70,-0.00,-0.00,-0.01,-0.00,0.00,-0.00,5.00
40786.00,0.18,-0.30,0.39,0.00,0.00,5.26,0.00,0.00,1200.23,-0.00,-0.00,-0.01,-0.00,0.00,-0.00,18.00
40804.00,0.18,-0.30,0.40,0.00,0.00,0.51,0.00,0.00,-263.82,-0.00,-0.00,-0.01,0.00,-0.00,0.00,5.00
40809.00,0.18,-0.30,0.34,0.00,0.00,-11.29,0.00,0.00,-2360.50,-0.00,-0.00,-0.01,0.00,0.00,0.00,6.00
40815.00,0.18,-0.30,0.33,0.00,0.00,-1.87,0.00,0.00,1569.52,-0.00,-0.00,-0.01,0.00,0.00,0.00,9.00
40824.00,0.18,-0.30,0.43,0.00,0.00,11.05,0.00,0.00,1436.31,-0.00,-0.00,-0.01,-0.00,0.00,0.00,7.00
40831.00,0.18,-0.30,0.29,0.00,0.00,-19.93,0.00,0.00,-4425.47,-0.00,-0.00,-0.01,0.00,0.00,0.00,6.00
40837.00,0.18,-0.30,0.31,0.00,0.00,3.24,0.00,0.00,3860.59,-0.00,-0.00,-0.01,0.00,0.00,-0.00,7.00
40844.00,0.18,-0.30,0.37,0.00,0.00,8.80,0.00,0.00,794.08,-0.00,-0.00,-0.01,0.00,0.00,-0.00,9.00
40862.00,0.18,-0.30,0.35,0.00,0.00,-1.12,0.00,0.00,-550.91,-0.00,-0.00,-0.01,0.00,-0.00,0.00,7.00
40869.00,0.18,-0.30,0.38,0.00,0.00,4.44,0.00,0.00,794.90,-0.00,-0.00,-0.01,0.00,-0.00,0.00,6.00
40875.00,0.18,-0.30,0.44,0.00,0.00,9.70,0.00,0.00,876.07,-0.00,-0.00,-0.01,0.00,-0.00,0.00,18.00
40893.00,0.18,-0.30,0.48,0.00,0.00,2.19,0.00,0.00,-417.33,-0.00,-0.00,-0.01,0.00,0.00,-0.00,8.00
40901.00,0.18,-0.30,0.38,0.00,0.00,-11.73,0.00,0.00,-1739.87,-0.00,-0.00,-0.01,-0.00,-0.00,0.00,5.00
40906.00,0.18,-0.30,0.40,0.00,0.00,3.67,0.00,0.00,3080.29,-0.00,-0.00,-0.01,-0.00,-0.00,0.00,6.00
40912.00,0.18,-0.30,0.41,0.00,0.00,0.55,0.00,0.00,-520.84,-0.00,-0.00,-0.01,0.00,0.00,0.00,5.00
40917.00,0.18,-0.30,0.52,0.00,0.00,22.29,0.00,0.00,4348.97,-0.00,-0.00,-0.01,0.00,0.00,0.00,8.00
40925.00,0.18,-0.30,0.46,0.00,0.00,-7.15,0.00,0.00,-3680.71,-0.00,-0.00,-0.01,0.00,0.00,-0.00,8.00
40933.00,0.18,-0.30,0.42,0.00,0.00,-5.39,0.00,0.00,220.09,-0.00,-0.00,-0.01,0.00,-0.00,-0.00,7.00
40945.00,0.18,-0.30,0.39,0.00,0.00,-2.50,0.00,0.00,241.37,-0.00,-0.00,-0.01,0.00,0.00,0.00,10.00
40955.00,0.18,-0.30,0.42,0.00,0.00,3.66,0.00,0.00,615.82,-0.00,-0.00,-0.01,0.00,0.00,0.00,5.00
40960.00,0.18,-0.30,0.40,0.00,0.00,-3.94,0.00,0.00,-1519.95,-0.00,-0.00,-0.01,0.00,-0.00,0.00,6.00
40966.00,0.18,-0.30,0.37,0.00,0.00,-6.41,0.00,0.00,-411.63,-0.00,-0.00,-0.01,0.00,-0.00,0.00,8.00
40974.00,0.18,-0.30,0.29,0.00,0.00,-8.99,0.00,0.00,-322.47,-0.00,-0.00,-0.01,-0.00,0.00,0.00,17.00
40991.00,0.18,-0.30,0.45,0.00,0.00,9.18,0.00,0.00,1068.54,-0.00,-0.00,-0.01,0.00,0.00,0.00,6.00
40997.00,0.18,-0.30,0.42,0.00,0.00,-4.59,0.00,0.00,-2293.81,-0.00,-0.00,-0.01,0.00,0.00,0.00,8.00
41005.00,0.18,-0.30,0.30,0.00,0.00,-14.77,0.00,0.00,-1273.58,-0.00,-0.00,-0.01,-0.00,0.00,0.00,5.00
41010.00,0.18,-0.30,0.30,0.00,0.00,-1.42,0.00,0.00,2671.36,-0.00,-0.00,-0.01,0.00,0.00,-0.00,6.00
41016.00,0.18,-0.30,0.33,0.00,0.00,5.58,0.00,0.00,1166.93,-0.00,-0.00,-0.01,0.00,0.00,-0.00,8.00
41029.00,0.18,-0.30,0.44,0.00,0.00,8.32,0.00,0.00,210.88,-0.00,-0.00,-0.01,-0.00,0.00,0.00,8.00
41037.00,0.18,-0.30,0.35,0.00,0.00,-11.61,0.00,0.00,-2491.52,-0.00,-0.00,-0.01,-0.00,-0.00,0.00,7.00
41044.00,0.18,-0.30,0.27,0.00,0.00,-11.38,0.00,0.00,32.29,-0.00,-0.00,-0.01,-0.00,-0.00,0.00,8.00
41052.00,0.18,-0.30,0.33,0.00,0.00,7.98,0.00,0.00,2420.36,-0.00,-0.00,-0.01,0.00,-0.00,-0.00,5.00
41057.00,0.18,-0.30,0.34,0.00,0.00,1.28,0.00,0.00,-1341.27,-0.00,-0.00,-0.01,0.00,-0.00,-0.00,8.00
41065.00,0.18,-0.30,0.36,0.00,0.00,3.47,0.00,0.00,274.10,-0.00,-0.00,-0.01,0.00,-0.00,0.00,7.00
41072.00,0.18,-0.30,0.32,0.00,0.00,-5.66,0.00,0.00,-1304.41,-0.00,-0.00,-0.01,-0.00,0.01,0.00,6.00
41078.00,0.18,-0.30,0.40,0.00,0.00,12.95,0.00,0.00,3102.85,-0.00,-0.00,-0.01,-0.00,0.00,0.00,7.00
41085.00,0.18,-0.30,0.43,0.00,0.00,3.98,0.00,0.00,-1282.60,-0.00,-0.00,-0.01,0.00,-0.00,0.00,18.00
41103.00,0.18,-0.30,0.40,0.00,0.00,-1.54,0.00,0.00,-306.71,-0.00,-0.00,-0.01,0.00,-0.00,0.00,5.00
41113.00,0.18,-0.30,0.36,0.00,0.00,-4.33,0.00,0.00,-278.11,-0.00,-0.00,-0.01,-0.00,-0.00,-0.00,7.00
41120.00,0.18,-0.30,0.42,0.00,0.00,9.33,0.00,0.00,1951.22,-0.00,-0.00,-0.01,0.00,0.00,-0.00,6.00
41126.00,0.18,-0.30,0.30,0.00,0.00,-20.09,0.00,0.00,-4903.38,-0.00,-0.00,-0.01,0.00,0.00,0.00,9.00
41135.00,0.18,-0.30,0.29,0.00,0.00,-1.35,0.00,0.00,2082.27,-0.00,-0.00,-0.01,-0.00,0.00,0.00,7.00
41142.00,0.18,-0.30,0.35,0.00,0.00,8.96,0.00,0.00,1471.81,-0.00,-0.00,-0.01,0.00,0.00,0.00,6.00
41148.00,0.18,-0.30,0.37,0.00,0.00,3.02,0.00,0.00,-988.80,-0.00,-0.00,-0.01,0.00,0.00,0.00,7.00
41155.00,0.18,-0.30,0.35,0.00,0.00,-3.95,0.00,0.00,-995.63,-0.00,-0.00,-0.01,0.00,0.00,0.00,6.00
41161.00,0.18,-0.30,0.37,0.00,0.00,3.95,0.00,0.00,1315.75,-0.00,-0.00,-0.01,0.00,0.00,0.00,5.00
41166.00,0.18,-0.30,0.30,0.00,0.00,-12.91,0.00,0.00,-3372.11,-0.00,-0.00,-0.01,0.00,0.00,0.00,9.00
41175.00,0.18,-0.30,0.39,0.00,0.00,9.93,0.00,0.00,2538.01,-0.00,-0.00,-0.01,0.00,0.00,0.00,8.00
41188.00,0.18,-0.30,0.36,0.00,0.00,-2.86,0.00,0.00,-983.66,-0.00,-0.00,-0.01,-0.00,0.00,-0.00,17.00
41205.00,0.18,-0.30,0.27,0.00,0.00,-5.05,0.00,0.00,-129.19,-0.00,-0.00,-0.01,-0.00,0.01,0.00,6.00
41211.00,0.18,-0.30,0.30,0.00,0.00,5.70,0.00,0.00,1791.90,-0.00,-0.00,-0.01,0.00,0.00,0.00,6.00
41217.00,0.18,-0.30,0.43,0.00,0.00,21.13,0.00,0.00,2571.39,-0.00,-0.00,-0.01,0.00,0.00,0.00,8.00
41225.00,0.18,-0.30,0.33,0.00,0.00,-12.49,0.00,0.00,-4201.57,-0.00,-0.00,-0.01,-0.00,-0.00,0.00,8.00
41233.00,0.18,-0.30,0.38,0.00,0.00,5.43,0.00,0.00,2239.46,-0.00,-0.00,-0.01,0.00,-0.00,0.00,5.00
41238.00,0.18,-0.30,0.33,0.00,0.00,-9.30,0.00,0.00,-2945.47,-0.00,-0.00,-0.01,0.00,-0.00,-0.00,7.00
41245.00,0.18,-0.30,0.35,0.00,0.00,3.40,0.00,0.00,1814.63,-0.00,-0.00,-0.01,-0.00,0.00,-0.00,9.00
41254.00,0.18,-0.30,0.31,0.00,0.00,-4.94,0.00,0.00,-927.12,-0.00,-0.00,-0.01,-0.00,0.00,-0.00,5.00
41259.00,0.18,-0.30,0.38,0.00,0.00,14.22,0.00,0.00,3832.58,-0.00,-0.00,-0.01,-0.00,0.00,-0.00,7.00
41270.00,0.18,-0.29,0.38,0.00,0.04,0.48,0.00,0.18,-1248.95,-0.00,-0.00,-0.01,-0.00,0.00,-0.00,8.00
41278.00,0.18,-0.29,0.36,0.00,0.04,-3.65,0.00,0.18,-517.32,-0.00,-0.00,-0.01,-0.00,0.00,0.00,7.00
41285.00,0.18,-0.29,0.35,0.00,0.04,-0.45,0.00,0.18,458.02,-0.00,-0.00,-0.01,0.00,0.00,0.00,18.00
41303.00,0.18,-0.29,0.35,0.00,0.04,-0.24,0.00,0.18,11.82,-0.00,-0.00,-0.01,-0.00,-0.00,0.00,6.00
41309.00,0.18,-0.29,0.42,0.00,0.04,11.23,0.00,0.18,1910.69,-0.00,-0.00,-0.01,-0.00,-0.00,0.00,6.00
41315.00,0.18,-0.29,0.45,0.00,0.04,5.00,0.00,0.18,-1038.37,-0.00,-0.00,-0.01,0.00,-0.00,0.00,8.00
41323.00,0.18,-0.29,0.46,0.00,0.04,1.79,0.00,0.18,-400.51,-0.00,-0.00,-0.01,-0.00,-0.00,0.00,5.00
41329.00,0.18,-0.29,0.37,0.00,0.04,-14.68,0.00,0.18,-2745.75,-0.00,-0.00,-0.01,-0.00,-0.00,0.00,7.00
41336.00,0.18,-0.29,0.41,0.00,0.04,5.56,0.00,0.18,2891.71,-0.00,-0.00,-0.01,0.00,-0.00,0.00,6.00
41342.00,0.18,-0.29,0.64,0.00,0.04,37.65,0.00,0.18,5348.29,-0.00,-0.00,-0.01,0.00,0.00,-0.00,6.00
41353.00,0.18,-0.29,0.28,0.00,0.04,-32.48,0.00,0.18,-6375.16,-0.00,-0.00,-0.01,0.00,0.00,0.00,6.00
41359.00,0.18,-0.29,0.34,0.00,0.04,9.95,0.00,0.18,7070.21,-0.00,-0.00,-0.01,0.00,0.00,0.00,7.00
41366.00,0.18,-0.29,0.26,0.00,0.04,-11.40,0.00,0.18,-3049.29,-0.00,-0.00,-0.01,0.00,0.00,-0.00,8.00
41374.00,0.18,-0.29,0.22,0.00,0.04,-4.61,0.00,0.18,849.08,-0.00,-0.00,-0.01,0.00,-0.00,0.00,5.00
41379.00,0.18,-0.29,0.33,0.00,0.04,21.80,0.00,0.18,5281.87,-0.00,-0.00,-0.01,0.00,0.00,0.00,17.00
41396.00,0.18,-0.29,0.32,0.00,0.04,-0.57,0.00,0.18,-1316.01,-0.00,-0.00,-0.01,0.00,0.00,0.00,8.00
41404.00,0.18,-0.29,0.29,0.00,0.04,-3.64,0.00,0.18,-383.84,-0.00,-0.00,-0.01,-0.00,-0.00,0.00,5.00
41409.00,0.18,-0.29,0.35,0.00,0.04,11.51,0.00,0.18,3030.45,-0.00,-0.00,-0.01,-0.00,-0.00,0.00,7.00
41416.00,0.18,-0.29,0.30,0.00,0.04,-6.44,0.00,0.18,-2565.24,-0.00,-0.00,-0.01,0.00,-0.00,0.00,8.00
41424.00,0.18,-0.29,0.31,0.00,0.04,1.22,0.00,0.18,958.65,-0.00,-0.00,-0.01,-0.00,-0.00,-0.00,7.00
41435.00,0.18,-0.29,0.31,0.00,0.04,-0.83,0.00,0.18,-186.59,-0.00,-0.00,-0.01,0.00,-0.00,0.00,8.00
41443.00,0.18,-0.29,0.43,0.00,0.04,15.63,0.00,0.18,2056.99,-0.00,-0.00,-0.01,0.00,-0.00,0.00,5.00
41448.00,0.18,-0.29,0.38,0.00,0.04,-9.32,0.00,0.18,-4990.47,-0.00,-0.00,-0.01,-0.00,-0.00,-0.00,8.00
41456.00,0.18,-0.29,0.32,0.00,0.04,-8.17,0.00,0.18,144.75,-0.00,-0.00,-0.01,-0.00,-0.00,-0.00,6.00
41462.00,0.18,-0.29,0.32,0.00,0.04,-0.11,0.00,0.18,1343.08,-0.00,-0.00,-0.01,-0.00,-0.00,-0.00,6.00
41468.00,0.18,-0.29,0.30,0.00,0.04,-3.70,0.00,0.18,-599.16,-0.00,-0.00,-0.01,-0.00,-0.00,-0.00,8.00
41476.00,0.18,-0.29,0.39,0.00,0.00,11.97,0.00,-0.18,1959.41,-0.00,-0.00,-0.01,0.00,0.00,0.00,7.00
41483.00,0.18,-0.29,0.41,0.00,0.00,3.31,0.00,-0.18,-1237.40,-0.00,-0.00,-0.01,0.00,0.00,0.00,6.00
41489.00,0.18,-0.29,0.46,0.00,0.00,7.15,0.00,-0.18,640.48,-0.00,-0.00,-0.01,0.00,0.00,0.00,17.00
41506.00,0.18,-0.29,0.54,0.00,0.00,4.96,0.00,-0.18,-129.27,-0.00,-0.00,-0.01,-0.00,0.00,0.00,6.00
41516.00,0.18,-0.29,0.47,0.00,0.00,-6.85,0.00,-0.18,-1180.91,-0.00,-0.00,-0.01,-0.00,0.00,0.00,9.00
41525.00,0.18,-0.29,0.30,0.00,0.00,-19.20,0.00,-0.18,-1371.54,-0.00,-0.00,-0.01,0.00,-0.00,0.00,7.00
41532.00,0.18,-0.29,0.40,0.00,0.00,13.59,0.00,-0.18,4683.46,-0.00,-0.00,-0.01,0.00,0.00,0.00,6.00
41538.00,0.18,-0.29,0.47,0.00,0.00,11.60,0.00,-0.18,-331.86,-0.00,-0.00,-0.01,0.00,0.01,0.00,8.00
41546.00,0.18,-0.29,0.39,0.00,0.00,-9.62,0.00,-0.18,-2651.45,-0.00,-0.00,-0.01,0.00,0.00,0.00,8.00
41554.00,0.18,-0.29,0.39,0.00,0.00,0.77,0.00,-0.18,1298.75,-0.00,-0.00,-0.01,0.00,0.00,0.00,5.00
41559.00,0.18,-0.29,0.36,0.00,0.00,-6.29,0.00,-0.18,-1412.17,-0.00,-0.00,-0.01,0.00,0.00,0.00,7.00
41566.00,0.18,-0.29,0.46,0.00,0.00,13.91,0.00,-0.18,2885.43,-0.00,-0.00,-0.01,0.00,0.00,-0.00,8.00
41574.00,0.18,-0.29,0.44,0.00,0.00,-2.68,0.00,-0.18,-2073.48,-0.00,-0.00,-0.01,0.00,-0.00,-0.00,5.00
41579.00,0.18,-0.29,0.45,0.00,0.00,1.90,0.00,-0.18,914.20,-0.00,-0.00,-0.01,-0.00,-0.00,-0.00,7.00
41596.00,0.18,-0.29,0.43,0.00,0.00,-0.85,0.00,-0.18,-161.75,-0.00,-0.00,-0.01,0.00,0.00,-0.00,18.00
41614.00,0.18,-0.29,0.43,0.00,0.00,-0.00,0.00,-0.18,47.47,-0.00,-0.00,-0.01,-0.00,0.00,0.00,5.00
41619.00,0.18,-0.29,0.42,0.00,0.00,-2.04,0.00,-0.18,-407.08,-0.00,-0.00,-0.01,-0.00,0.00,0.00,8.00
41627.00,0.18,-0.29,0.29,0.00,0.00,-16.11,0.00,-0.18,-1758.86,-0.00,-0.00,-0.01,-0.00,0.00,0.00,8.00
41635.00,0.18,-0.29,0.39,0.00,0.00,11.84,0.00,-0.18,3493.65,-0.00,-0.00,-0.01,0.00,-0.00,0.00,5.00
41640.00,0.18,-0.29,0.39,0.00,0.00,0.59,0.00,-0.18,-2251.17,-0.00,-0.00,-0.01,-0.00,-0.00,0.00,8.00
41648.00,0.18,-0.29,0.44,0.00,0.00,5.99,0.00,-0.18,675.94,-0.00,-0.00,-0.01,-0.00,0.00,0.00,8.00
41656.00,0.18,-0.29,0.45,0.00,0.00,0.71,0.00,-0.18,-660.20,-0.00,-0.00,-0.01,-0.00,-0.00,0.00,6.00
41662.00,0.18,-0.29,0.48,0.00,0.00,4.99,0.00,-0.18,712.17,-0.00,-0.00,-0.01,-0.00,-0.00,-0.00,6.00
41668.00,0.18,-0.29,0.48,0.00,0.00,1.00,0.00,-0.18,-664.01,-0.00,-0.00,-0.01,-0.00,-0.00,-0.00,9.00
41681.00,0.18,-0.28,0.46,0.00,0.04,-1.56,0.00,0.18,-197.01,-0.00,-0.00,-0.01,0.00,0.00,0.00,18.00
41699.00,0.18,-0.28,0.44,0.00,0.04,-1.45,0.00,0.18,5.85,-0.00,-0.00,-0.01,0.00,0.00,-0.00,9.00
41708.00,0.18,-0.28,0.44,0.00,0.04,0.63,0.00,0.18,231.40,-0.00,-0.00,-0.01,0.00,0.00,-0.00,5.00
41713.00,0.18,-0.28,0.39,0.00,0.04,-9.51,0.00,0.18,-2027.94,-0.00,-0.00,-0.01,-0.00,0.00,0.00,6.00
41719.00,0.18,-0.28,0.43,0.00,0.04,6.29,0.00,0.18,2634.28,-0.00,-0.00,-0.01,-0.00,0.00,0.00,8.00
41727.00,0.18,-0.28,0.47,0.00,0.04,5.38,0.00,0.18,-113.93,-0.00,-0.00,-0.01,-0.00,-0.00,0.00,8.00
41735.00,0.18,-0.28,0.40,0.00,0.04,-9.61,0.00,0.18,-1874.30,-0.00,-0.00,-0.01,0.00,0.00,0.00,5.00
41740.00,0.18,-0.28,0.45,0.00,0.04,10.19,0.00,0.18,3959.66,-0.00,-0.00,-0.01,0.00,0.00,0.00,8.00
41748.00,0.18,-0.28,0.39,0.00,0.04,-7.33,0.00,0.18,-2190.06,-0.00,-0.00,-0.01,0.00,-0.00,0.00,8.00
41756.00,0.18,-0.28,0.41,0.00,0.04,1.94,0.00,0.18,1158.97,-0.00,-0.00,-0.01,0.00,0.00,-0.00,6.00
41767.00,0.18,-0.28,0.46,0.00,0.04,5.22,0.00,0.18,298.10,-0.00,-0.00,-0.01,0.00,0.00,0.00,9.00
41776.00,0.18,-0.28,0.43,0.00,0.04,-3.22,0.00,0.18,-936.93,-0.00,-0.00,-0.01,-0.00,0.00,0.00,6.00
41782.00,0.18,-0.28,0.42,0.00,0.04,-2.78,0.00,0.18,72.50,-0.00,-0.00,-0.01,-0.00,-0.00,0.00,17.00
41799.00,0.18,-0.28,0.55,0.00,0.04,7.89,0.00,0.18,627.58,-0.00,-0.00,-0.01,0.00,0.00,0.00,9.00
41808.00,0.18,-0.28,0.44,0.00,0.04,-12.27,0.00,0.18,-2239.48,-0.00,-0.00,-0.01,0.00,0.00,0.00,5.00
41813.00,0.18,-0.28,0.43,0.00,0.04,-1.74,0.00,0.18,2104.94,-0.00,-0.00,-0.01,-0.00,-0.00,0.00,6.00
41819.00,0.18,-0.28,0.46,0.00,0.04,4.64,0.00,0.18,1064.41,-0.00,-0.00,-0.01,-0.00,0.00,-0.00,8.00
41827.00,0.18,-0.28,0.38,0.00,0.04,-10.13,0.00,0.18,-1846.21,-0.00,-0.00,-0.01,0.00,0.00,-0.00,7.00
41834.00,0.18,-0.28,0.49,0.00,0.04,15.69,0.00,0.18,3688.47,-0.00,-0.00,-0.01,-0.00,-0.00,0.00,6.00
41840.00,0.18,-0.28,0.44,0.00,0.04,-8.88,0.00,0.18,-4094.97,-0.00,-0.00,-0.01,-0.00,-0.00,0.00,8.00
41852.00,0.18,-0.28,0.40,0.00,0.04,-3.29,0.00,0.18,465.80,-0.00,-0.00,-0.01,0.00,-0.00,0.00,8.00
41860.00,0.18,-0.28,0.31,0.00,0.04,-10.36,0.00,0.18,-884.09,-0.00,-0.00,-0.01,0.00,-0.00,0.00,7.00
41867.00,0.18,-0.28,0.42,0.00,0.04,15.66,0.00,0.18,3716.87,-0.00,-0.00,-0.01,-0.00,-0.00,-0.00,7.00
41874.00,0.18,-0.28,0.43,0.00,0.04,1.14,0.00,0.18,-2073.93,-0.00,-0.00,-0.01,-0.00,0.00,0.00,5.00
41879.00,0.18,-0.28,0.39,0.00,0.04,-7.63,0.00,0.18,-1754.04,-0.00,-0.00,-0.01,-0.00,0.00,0.00,19.00
41898.00,0.18,-0.28,0.40,0.00,0.00,0.50,0.00,-0.17,428.06,-0.00,-0.00,-0.01,-0.00,0.00,-0.00,8.00
41906.00,0.18,-0.28,0.43,0.00,0.00,3.82,0.00,-0.17,414.59,-0.00,-0.00,-0.01,0.00,-0.00,0.00,5.00
41911.00,0.18,-0.28,0.37,0.00,0.00,-12.61,0.00,-0.17,-3286.37,-0.00,-0.00,-0.01,0.00,0.00,-0.00,7.00
41918.00,0.18,-0.28,0.40,0.00,0.00,4.92,0.00,-0.17,2503.71,-0.00,-0.00,-0.01,0.00,0.00,-0.00,9.00
41927.00,0.18,-0.28,0.46,0.00,0.00,6.63,0.00,-0.17,190.59,-0.00,-0.00,-0.01,0.00,0.00,0.00,7.00
41938.00,0.18,-0.28,0.37,0.00,0.00,-8.81,0.00,-0.17,-1404.04,-0.00,-0.00,-0.01,0.00,-0.00,0.00,11.00
41949.00,0.18,-0.28,0.50,0.00,0.00,11.86,0.00,-0.17,1879.52,-0.00,-0.00,-0.01,0.00,-0.01,0.00,8.00
41957.00,0.18,-0.28,0.43,0.00,0.00,-8.80,0.00,-0.17,-2582.88,-0.00,-0.00,-0.01,0.00,-0.00,0.00,6.00
41963.00,0.18,-0.28,0.33,0.00,0.00,-16.24,0.00,-0.17,-1240.05,-0.00,-0.00,-0.01,0.00,-0.00,0.00,6.00
41969.00,0.18,-0.28,0.42,0.00,0.00,15.27,0.00,-0.17,5251.33,-0.00,-0.00,-0.01,0.00,-0.00,0.00,8.00
41977.00,0.18,-0.28,0.48,0.00,0.00,6.74,0.00,-0.17,-1065.18,-0.00,-0.00,-0.01,-0.00,-0.00,0.00,8.00
41985.00,0.18,-0.28,0.44,0.00,0.00,-4.56,0.00,-0.17,-1413.05,-0.00,-0.00,-0.01,0.00,0.00,0.00,16.00
42001.00,0.18,-0.28,0.38,0.00,0.00,-3.76,0.00,-0.17,49.69,-0.00,-0.00,-0.01,-0.00,-0.00,0.00,7.00
42008.00,0.18,-0.28,0.43,0.00,0.00,7.24,0.00,-0.17,1572.70,-0.00,-0.00,-0.01,0.00,0.00,0.00,6.00
42014.00,0.18,-0.28,0.49,0.00,0.00,9.49,0.00,-0.17,373.93,-0.00,-0.00,-0.01,0.00,0.00,0.00,6.00
42024.00,0.18,-0.28,0.43,0.00,0.00,-5.64,0.00,-0.17,-1512.29,-0.00,-0.00,-0.01,-0.00,0.00,-0.00,7.00
42031.00,0.18,-0.28,0.36,0.00,0.00,-10.53,0.00,-0.17,-699.90,-0.00,-0.00,-0.01,-0.00,-0.00,-0.00,7.00
42038.00,0.18,-0.28,0.40,0.00,0.00,6.80,0.00,-0.17,2476.10,-0.00,-0.00,-0.01,0.00,-0.00,0.00,8.00
42046.00,0.18,-0.28,0.40,0.00,0.00,-0.11,0.00,-0.17,-863.01,-0.00,-0.00,-0.01,-0.00,-0.00,0.00,6.00
42052.00,0.18,-0.28,0.36,0.00,0.00,-7.46,0.00,-0.17,-1226.34,-0.00,-0.00,-0.01,0.00,-0.00,0.00,7.00
42059.00,0.18,-0.28,0.44,0.00,0.00,11.14,0.00,-0.17,2657.95,-0.00,-0.00,-0.01,0.00,-0.00,0.00,6.00
42065.00,0.18,-0.28,0.43,0.00,0.00,-0.96,0.00,-0.17,-2016.28,-0.00,-0.00,-0.01,0.00,-0.00,0.00,5.00
42070.00,0.18,-0.28,0.84,0.00,0.00,81.51,0.00,-0.17,16493.47,-0.00,-0.00,-0.01,0.00,-0.00,0.00,6.00
42076.00,0.18,-0.28,0.43,0.00,0.00,-67.70,0.00,-0.17,-24868.33,-0.00,-0.00,-0.01,0.00,-0.00,0.00,15.00
42091.00,0.18,-0.28,0.46,0.00,0.00,2.22,0.00,-0.17,4661.29,-0.00,-0.00,-0.01,0.00,-0.00,-0.00,8.00
42104.00,0.18,-0.28,0.37,0.00,0.00,-7.34,0.00,0.00,-735.65,-0.00,-0.00,-0.01,0.00,-0.00,-0.00,7.00
42111.00,0.18,-0.28,0.44,0.00,0.00,9.86,0.00,0.00,2457.57,-0.00,-0.00,-0.01,0.00,-0.00,-0.00,6.00
42117.00,0.18,-0.28,0.38,0.00,0.00,-9.99,0.00,0.00,-3308.63,-0.00,-0.00,-0.01,0.00,-0.00,0.00,8.00
42125.00,0.18,-0.28,0.40,0.00,0.00,2.70,0.00,0.00,1586.83,-0.00,-0.00,-0.01,0.00,-0.00,0.00,5.00
42130.00,0.18,-0.28,0.26,0.00,0.00,-28.92,0.00,0.00,-6325.05,-0.00,-0.00,-0.01,0.00,-0.00,0.00,8.00
42138.00,0.18,-0.28,0.42,0.00,0.00,20.85,0.00,0.00,6221.77,-0.00,-0.00,-0.01,-0.00,-0.01,0.00,8.00
42146.00,0.18,-0.28,0.42,0.00,0.00,0.23,0.00,0.00,-2577.73,-0.00,-0.00,-0.01,-0.00,-0.00,0.00,6.00
42152.00,0.18,-0.28,0.46,0.00,0.00,5.67,0.00,0.00,907.37,-0.00,-0.00,-0.01,-0.00,-0.00,0.00,7.00
42159.00,0.18,-0.28,0.41,0.00,0.00,-7.29,0.00,0.00,-1851.40,-0.00,-0.00,-0.01,-0.00,-0.00,-0.00,6.00
42165.00,0.18,-0.28,0.38,0.00,0.00,-3.83,0.00,0.00,575.96,-0.00,-0.00,-0.01,0.00,0.00,-0.00,5.00
42175.00,0.18,-0.28,0.43,0.00,0.00,4.56,0.00,0.00,839.01,-0.00,-0.00,-0.01,0.00,0.00,0.00,7.00
42182.00,0.18,-0.28,0.49,0.00,0.00,9.03,0.00,0.00,638.98,-0.00,-0.00,-0.01,0.00,0.00,0.00,6.00
42188.00,0.18,-0.28,0.43,0.00,0.00,-10.11,0.00,0.00,-3191.08,-0.00,-0.00,-0.01,0.00,0.00,0.00,20.00
42208.00,0.18,-0.28,0.37,0.00,0.00,-3.23,0.00,0.00,344.25,-0.00,-0.00,-0.01,0.00,0.00,0.00,5.00
42213.00,0.18,-0.28,0.42,0.00,0.00,9.47,0.00,0.00,2539.66,-0.00,-0.00,-0.01,0.00,-0.00,-0.00,6.00
42219.00,0.18,-0.28,0.47,0.00,0.00,9.64,0.00,0.00,28.41,-0.00,-0.00,-0.01,0.00,-0.00,-0.00,9.00
42228.00,0.18,-0.28,0.40,0.00,0.00,-8.25,0.00,0.00,-1988.12,-0.00,-0.00,-0.01,0.00,-0.00,-0.00,8.00
42236.00,0.18,-0.28,0.37,0.00,0.00,-2.99,0.00,0.00,657.32,-0.00,-0.00,-0.01,0.00,-0.01,0.00,5.00
42241.00,0.18,-0.28,0.36,0.00,0.00,-3.09,0.00,0.00,-19.01,-0.00,-0.00,-0.01,0.00,-0.01,0.00,8.00
42249.00,0.18,-0.28,0.42,0.00,0.00,7.03,0.00,0.00,1264.67,-0.00,-0.00,-0.01,0.00,-0.01,0.00,8.00
42266.00,0.18,-0.28,0.41,0.00,0.00,-0.53,0.00,0.00,-444.79,-0.00,-0.00,-0.01,0.00,-0.00,0.00,6.00
42272.00,0.18,-0.28,0.45,0.00,0.00,7.07,0.00,0.00,1266.79,-0.00,-0.00,-0.01,0.00,-0.00,0.00,7.00
42279.00,0.18,-0.28,0.35,0.00,0.00,-13.45,0.00,0.00,-2930.80,-0.00,-0.00,-0.01,-0.00,-0.00,-0.00,19.00
42298.00,0.18,-0.28,0.48,0.00,0.00,6.44,0.00,0.00,1046.73,-0.00,-0.00,-0.01,-0.00,0.00,0.00,7.00
42305.00,0.18,-0.28,0.27,0.00,0.00,-29.49,0.00,0.00,-5132.71,-0.00,-0.00,-0.01,0.00,0.00,-0.00,5.00
42310.00,0.18,-0.28,0.32,0.00,0.00,10.57,0.00,0.00,8011.66,-0.00,-0.00,-0.01,0.00,0.00,-0.00,6.00
42316.00,0.18,-0.28,0.45,0.00,0.00,21.03,0.00,0.00,1743.59,-0.00,-0.00,-0.01,0.00,0.00,0.00,5.00
42321.00,0.18,-0.28,0.40,0.00,0.00,-9.43,0.00,0.00,-6091.44,-0.00,-0.00,-0.01,0.00,0.00,-0.00,8.00
42329.00,0.18,-0.28,0.40,0.00,0.00,-0.27,0.00,0.00,1144.57,-0.00,-0.00,-0.01,0.00,-0.00,-0.00,8.00
42337.00,0.18,-0.28,0.37,0.00,0.00,-3.86,0.00,0.00,-448.80,-0.00,-0.00,-0.01,0.00,0.00,-0.00,6.00
42348.00,0.18,-0.28,0.43,0.00,0.00,5.29,0.00,0.00,831.63,-0.00,-0.00,-0.01,-0.00,0.00,0.00,8.00
42356.00,0.18,-0.28,0.47,0.00,0.00,5.22,0.00,0.00,-8.71,-0.00,-0.00,-0.01,-0.00,0.00,0.00,5.00
42361.00,0.18,-0.28,0.39,0.00,0.00,-16.79,0.00,0.00,-4402.58,-0.00,-0.00,-0.01,-0.00,0.00,0.00,7.00
42368.00,0.18,-0.28,0.32,0.00,0.00,-8.80,0.00,0.00,1142.61,-0.00,-0.00,-0.01,0.00,0.00,-0.00,6.00
42374.00,0.18,-0.28,0.34,0.00,0.00,2.04,0.00,0.00,1805.62,-0.00,-0.00,-0.01,0.00,0.00,-0.00,6.00
42380.00,0.18,-0.28,0.36,0.00,0.00,4.69,0.00,0.00,441.34,-0.00,-0.00,-0.01,0.00,0.00,-0.00,8.00
42388.00,0.18,-0.28,0.26,0.00,0.00,-12.85,0.00,0.00,-2191.36,-0.00,-0.00,-0.01,0.00,0.00,-0.00,17.00
42405.00,0.18,-0.28,0.42,0.00,0.00,9.42,0.00,0.00,1309.92,-0.00,-0.00,-0.01,-0.00,0.00,-0.00,6.00
42411.00,0.18,-0.28,0.42,0.00,0.00,0.30,0.00,0.00,-1520.03,-0.00,-0.00,-0.01,-0.00,0.00,-0.00,6.00
42417.00,0.18,-0.28,0.38,0.00,0.00,-7.09,0.00,0.00,-1231.36,-0.00,-0.00,-0.01,0.00,0.00,-0.00,5.00
42427.00,0.18,-0.28,0.32,0.00,0.00,-5.90,0.00,0.00,118.56,-0.00,-0.00,-0.01,0.00,0.00,0.00,7.00
42434.00,0.18,-0.28,0.40,0.00,0.00,10.66,0.00,0.00,2365.76,-0.00,-0.00,-0.01,0.00,0.00,0.00,6.00
42440.00,0.18,-0.28,0.36,0.00,0.00,-6.47,0.00,0.00,-2855.19,-0.00,-0.00,-0.01,0.00,0.00,0.00,9.00
42449.00,0.18,-0.28,0.43,0.00,0.00,8.43,0.00,0.00,1655.57,-0.00,-0.00,-0.01,0.00,0.00,0.00,8.00
42457.00,0.18,-0.28,0.42,0.00,0.00,-1.24,0.00,0.00,-1208.26,-0.00,-0.00,-0.01,0.00,0.00,-0.00,5.00
42462.00,0.18,-0.28,0.42,0.00,0.00,-1.55,0.00,0.00,-62.47,-0.00,-0.00,-0.01,-0.00,0.00,-0.00,7.00
42469.00,0.18,-0.28,0.36,0.00,0.00,-8.67,0.00,0.00,-1017.93,-0.00,-0.00,-0.01,-0.00,0.00,0.00,8.00
42477.00,0.18,-0.28,0.46,0.00,0.00,13.08,0.00,0.00,2719.37,-0.00,-0.00,-0.01,0.00,0.00,-0.00,6.00
42483.00,0.18,-0.28,0.39,0.00,0.00,-11.38,0.00,0.00,-4076.84,-0.00,-0.00,-0.01,0.00,0.00,-0.00,17.00
42500.00,0.18,-0.28,0.42,0.00,0.00,1.42,0.00,0.00,752.68,-0.00,-0.00,-0.01,0.00,0.00,0.00,9.00
42513.00,0.18,-0.28,0.39,0.00,0.00,-2.04,0.00,0.00,-265.61,-0.00,-0.00,-0.01,0.00,0.00,-0.00,8.00
42521.00,0.18,-0.28,0.41,0.00,0.00,2.36,0.00,0.00,550.14,-0.00,-0.00,-0.01,0.00,0.00,0.00,8.00
42529.00,0.18,-0.28,0.36,0.00,0.00,-6.36,0.00,0.00,-1089.85,-0.00,-0.00,-0.01,-0.00,-0.00,-0.00,7.00
42536.00,0.18,-0.28,0.39,0.00,0.00,4.97,0.00,0.00,1618.01,-0.00,-0.00,-0.01,0.00,0.00,-0.00,6.00
42542.00,0.18,-0.28,0.45,0.00,0.00,10.02,0.00,0.00,842.09,-0.00,-0.00,-0.01,-0.00,-0.00,-0.00,8.00
42550.00,0.18,-0.28,0.39,0.00,0.00,-7.67,0.00,0.00,-2211.82,-0.00,-0.00,-0.01,-0.00,-0.00,0.00,9.00
42559.00,0.18,-0.28,0.43,0.00,0.00,4.08,0.00,0.00,1305.55,-0.00,-0.00,-0.01,0.00,0.00,0.00,3.00
42562.00,0.18,-0.28,0.48,0.00,0.00,18.09,0.00,0.00,4670.42,-0.00,-0.00,-0.01,0.00,-0.00,0.00,7.00
42569.00,0.18,-0.28,0.41,0.00,0.00,-10.59,0.00,0.00,-4097.79,-0.00,-0.00,-0.01,0.00,-0.00,-0.00,7.00
42576.00,0.18,-0.28,0.50,0.00,0.00,13.17,0.00,0.00,3395.60,-0.00,-0.00,-0.01,0.00,-0.00,-0.00,6.00
42586.00,0.18,-0.28,0.47,0.00,0.00,-3.24,0.00,0.00,-1641.20,-0.00,-0.00,-0.01,0.00,-0.01,0.00,17.00
42603.00,0.18,-0.28,0.39,0.00,0.00,-4.57,0.00,0.00,-78.25,-0.00,-0.00,-0.01,0.00,-0.00,-0.00,8.00
42611.00,0.18,-0.28,0.44,0.00,0.00,6.44,0.00,0.00,1376.61,-0.00,-0.00,-0.01,0.00,0.00,-0.00,4.00
42615.00,0.18,-0.28,0.47,0.00,0.00,6.12,0.00,0.00,-81.98,-0.00,-0.00,-0.01,0.00,0.00,0.00,7.00
42622.00,0.18,-0.28,0.44,0.00,0.00,-3.61,0.00,0.00,-1389.96,-0.00,-0.00,-0.01,0.00,0.00,0.00,7.00
42629.00,0.18,-0.28,0.44,0.00,0.00,-0.55,0.00,0.00,437.31,-0.00,-0.00,-0.01,0.00,0.00,-0.00,8.00
42637.00,0.18,-0.28,0.45,0.00,0.00,1.77,0.00,0.00,289.87,-0.00,-0.00,-0.01,0.00,-0.00,-0.00,5.00
42642.00,0.18,-0.28,0.42,0.00,0.00,-5.92,0.00,0.00,-1538.03,-0.00,-0.00,-0.01,0.00,-0.00,-0.00,8.00
42650.00,0.18,-0.28,0.47,0.00,0.00,6.54,0.00,0.00,1557.25,-0.00,-0.00,-0.01,0.00,-0.00,-0.00,9.00
42659.00,0.18,-0.28,0.38,0.00,0.00,-10.04,0.00,0.00,-1841.50,-0.00,-0.00,-0.01,0.00,-0.00,-0.00,5.00
42669.00,0.18,-0.28,0.37,0.00,0.00,-1.36,0.00,0.00,867.65,-0.00,-0.00,-0.01,0.00,-0.00,0.00,8.00
42677.00,0.18,-0.28,0.35,0.00,0.00,-2.60,0.00,0.00,-155.28,-0.00,-0.00,-0.01,-0.00,0.00,0.00,5.00
42682.00,0.18,-0.28,0.37,0.00,0.00,3.28,0.00,0.00,1175.90,-0.00,-0.00,-0.01,-0.00,-0.00,0.00,18.00
42700.00,0.18,-0.28,0.44,0.00,0.00,4.06,0.00,0.00,43.41,-0.00,-0.00,-0.01,0.00,0.00,-0.00,9.00
42709.00,0.18,-0.28,0.40,0.00,0.00,-4.50,0.00,0.00,-950.22,-0.00,-0.00,-0.01,0.00,0.00,0.00,5.00
42714.00,0.18,-0.28,0.44,0.00,0.00,7.72,0.00,0.00,2443.23,-0.00,-0.00,-0.01,-0.00,0.00,0.00,7.00
42721.00,0.18,-0.28,0.39,0.00,0.00,-6.15,0.00,0.00,-1981.98,-0.00,-0.00,-0.01,-0.00,0.00,0.00,8.00
42729.00,0.18,-0.28,0.30,0.00,0.00,-12.05,0.00,0.00,-736.98,-0.00,-0.00,-0.01,0.00,0.00,-0.00,7.00
42736.00,0.18,-0.28,0.34,0.00,0.00,6.47,0.00,0.00,2646.17,-0.00,-0.00,-0.01,0.00,0.00,-0.00,6.00
42742.00,0.18,-0.28,0.29,0.00,0.00,-9.33,0.00,0.00,-2633.55,-0.00,-0.00,-0.01,0.00,0.00,-0.00,8.00
42755.00,0.18,-0.28,0.45,0.00,0.00,12.93,0.00,0.00,1711.87,-0.00,-0.00,-0.01,0.00,0.00,0.00,8.00
42763.00,0.18,-0.28,0.38,0.00,0.00,-9.53,0.00,0.00,-2806.79,-0.00,-0.00,-0.01,0.00,0.00,0.00,6.00
42769.00,0.18,-0.28,0.43,0.00,0.00,7.94,0.00,0.00,2911.58,-0.00,-0.00,-0.01,0.00,0.00,-0.00,7.00
42776.00,0.18,-0.28,0.48,0.00,0.00,8.34,0.00,0.00,56.92,-0.00,-0.00,-0.01,0.00,0.00,-0.00,5.00
42781.00,0.18,-0.28,0.39,0.00,0.00,-19.76,0.00,0.00,-5621.22,-0.00,-0.00,-0.01,0.00,0.00,0.00,19.00
42800.00,0.18,-0.28,0.35,0.00,0.00,-1.84,0.00,0.00,943.55,-0.00,-0.00,-0.01,-0.00,0.00,0.00,8.00
42808.00,0.18,-0.28,0.30,0.00,0.00,-6.73,0.00,0.00,-612.20,-0.00,-0.00,-0.01,0.00,0.00,-0.00,5.00
42813.00,0.18,-0.28,0.35,0.00,0.00,10.22,0.00,0.00,3391.97,-0.00,-0.00,-0.01,0.00,0.00,-0.00,6.00
42819.00,0.18,-0.28,0.37,0.00,0.00,2.92,0.00,0.00,-1217.82,-0.00,-0.00,-0.01,0.00,0.00,-0.00,6.00
42825.00,0.18,-0.28,0.41,0.00,0.00,7.30,0.00,0.00,730.37,-0.00,-0.00,-0.01,-0.00,0.00,-0.00,7.00
42837.00,0.18,-0.28,0.34,0.00,0.00,-5.73,0.00,0.00,-1085.52,-0.00,-0.00,-0.01,-0.00,0.00,0.00,6.00
42843.00,0.18,-0.28,0.34,0.00,0.00,0.17,0.00,0.00,981.93,-0.00,-0.00,-0.01,-0.00,0.00,0.00,7.00
42850.00,0.18,-0.28,0.39,0.00,0.00,6.70,0.00,0.00,932.95,-0.00,-0.00,-0.01,0.00,0.00,0.00,8.00
42858.00,0.18,-0.28,0.35,0.00,0.00,-4.96,0.00,0.00,-1457.11,-0.00,-0.00,-0.01,0.00,-0.00,0.00,6.00
42864.00,0.18,-0.28,0.34,0.00,0.00,-2.23,0.00,0.00,454.91,-0.00,-0.00,-0.01,0.00,-0.00,0.00,7.00
42871.00,0.18,-0.28,0.30,0.00,0.00,-5.10,0.00,0.00,-409.12,-0.00,-0.00,-0.01,0.00,-0.00,0.00,9.00
42880.00,0.18,-0.28,0.42,0.00,0.00,13.76,0.00,0.00,2094.83,-0.00,-0.00,-0.01,-0.00,0.00,-0.00,16.00
42896.00,0.18,-0.28,0.42,0.00,0.00,0.06,0.00,0.00,-855.99,-0.00,-0.00,-0.01,0.00,-0.00,-0.00,6.00
42902.00,0.18,-0.28,0.37,0.00,0.00,-9.24,0.00,0.00,-1550.66,-0.00,-0.00,-0.01,0.00,-0.00,-0.00,8.00
42910.00,0.18,-0.28,0.34,0.00,0.00,-4.14,0.00,0.00,637.61,-0.00,-0.00,-0.01,0.00,0.00,0.00,6.00
42925.00,0.18,-0.28,0.40,0.00,0.00,4.60,0.00,0.00,582.39,-0.00,-0.00,-0.01,-0.00,0.00,0.00,8.00
42933.00,0.18,-0.28,0.40,0.00,0.00,-0.58,0.00,0.00,-647.35,-0.00,-0.00,-0.01,-0.00,0.00,0.00,8.00
42941.00,0.18,-0.28,0.42,0.00,0.00,2.69,0.00,0.00,408.78,-0.00,-0.00,-0.01,-0.00,0.00,0.00,8.00
42949.00,0.18,-0.28,0.35,0.00,0.00,-8.83,0.00,0.00,-1439.27,-0.00,-0.00,-0.01,0.00,0.01,-0.00,5.00
42954.00,0.18,-0.28,0.40,0.00,0.00,10.78,0.00,0.00,3920.77,-0.00,-0.00,-0.01,0.00,0.00,-0.00,8.00
42962.00,0.18,-0.28,0.39,0.00,0.00,-1.45,0.00,0.00,-1528.86,-0.00,-0.00,-0.01,0.00,0.00,-0.00,5.00
42967.00,0.18,-0.28,0.39,0.00,0.00,-0.68,0.00,0.00,153.88,-0.00,-0.00,-0.01,0.00,0.00,-0.00,6.00
42973.00,0.18,-0.28,0.44,0.00,0.00,8.36,0.00,0.00,1507.88,-0.00,-0.00,-0.01,0.00,0.00,-0.00,6.00
42979.00,0.18,-0.28,0.41,0.00,0.00,-4.27,0.00,0.00,-2105.58,-0.00,-0.00,-0.01,0.00,0.01,0.00,16.00
42995.00,0.18,-0.28,0.42,0.00,0.00,0.13,0.00,0.00,275.00,-0.00,-0.00,-0.01,-0.00,-0.00,0.00,7.00
43007.00,0.18,-0.28,0.39,0.00,0.00,-2.00,0.00,0.00,-177.35,-0.00,-0.00,-0.01,0.00,0.00,0.00,7.00
43014.00,0.18,-0.28,0.41,0.00,0.00,2.24,0.00,0.00,605.60,-0.00,-0.00,-0.01,0.00,0.00,0.00,6.00
43020.00,0.18,-0.28,0.39,0.00,0.00,-3.48,0.00,0.00,-952.76,-0.00,-0.00,-0.01,0.00,0.00,-0.00,8.00
43028.00,0.18,-0.28,0.42,0.00,0.00,4.64,0.00,0.00,1015.13,-0.00,-0.00,-0.01,0.00,0.00,0.00,5.00
43033.00,0.18,-0.28,0.32,0.00,0.00,-20.03,0.00,0.00,-4934.68,-0.00,-0.00,-0.01,0.00,0.00,0.00,8.00
43041.00,0.18,-0.28,0.39,0.00,0.00,8.60,0.00,0.00,3578.74,-0.00,-0.00,-0.01,0.00,0.00,-0.00,9.00
43050.00,0.18,-0.28,0.28,0.00,0.00,-12.74,0.00,0.00,-2371.53,-0.00,-0.00,-0.01,-0.00,0.01,0.00,6.00
43056.00,0.18,-0.28,0.38,0.00,0.00,17.09,0.00,0.00,4971.81,-0.00,-0.00,-0.01,-0.00,0.01,0.00,6.00
43062.00,0.18,-0.28,0.34,0.00,0.00,-7.01,0.00,0.00,-4016.05,-0.00,-0.00,-0.01,0.00,0.00,0.00,6.00
43068.00,0.18,-0.28,0.48,0.00,0.00,23.01,0.00,0.00,5002.64,-0.00,-0.00,-0.01,-0.00,0.00,0.00,5.00
43078.00,0.18,-0.28,0.49,0.00,0.00,1.48,0.00,0.00,-2152.63,-0.00,-0.00,-0.01,-0.00,0.00,0.00,17.00
43095.00,0.18,-0.28,0.38,0.00,0.00,-6.74,0.00,0.00,-483.69,-0.00,-0.00,-0.01,0.00,0.00,0.00,7.00
43102.00,0.18,-0.28,0.41,0.00,0.00,4.80,0.00,0.00,1648.09,-0.00,-0.00,-0.01,0.00,0.00,0.00,9.00
43111.00,0.18,-0.28,0.44,0.00,0.00,3.40,0.00,0.00,-154.83,-0.00,-0.00,-0.01,-0.00,0.00,-0.00,5.00
43116.00,0.18,-0.28,0.33,0.00,0.00,-21.30,0.00,0.00,-4941.19,-0.00,-0.00,-0.01,-0.00,0.00,0.00,6.00
43122.00,0.18,-0.28,0.36,0.00,0.00,4.66,0.00,0.00,4327.37,-0.00,-0.00,-0.01,-0.00,0.00,0.00,9.00
43131.00,0.17,-0.28,0.45,-0.05,0.00,10.14,-0.26,0.02,608.94,-0.00,-0.00,-0.01,0.00,0.00,0.00,8.00
43139.00,0.17,-0.28,0.31,-0.05,0.00,-18.30,-0.26,0.02,-3554.43,-0.00,-0.00,-0.01,0.00,0.00,0.00,5.00
43144.00,0.17,-0.28,0.42,-0.05,0.00,23.02,-0.26,0.02,8263.98,-0.00,-0.00,-0.01,0.00,0.00,0.00,7.00
43151.00,0.17,-0.28,0.42,-0.05,0.00,0.18,-0.26,0.02,-3263.93,-0.00,-0.00,-0.01,0.00,0.01,0.00,9.00
43165.00,0.17,-0.28,0.40,-0.05,0.00,-1.97,-0.26,0.02,-153.57,-0.00,-0.00,-0.01,0.00,0.00,0.00,8.00
43173.00,0.17,-0.28,0.31,-0.05,0.00,-10.65,-0.26,0.02,-1084.25,-0.00,-0.00,-0.01,0.00,0.00,0.00,8.00
43181.00,0.17,-0.28,0.32,-0.05,0.00,0.78,-0.26,0.02,1428.38,-0.00,-0.00,-0.01,0.00,0.00,0.00,17.00
43198.00,0.17,-0.28,0.38,-0.05,0.00,3.52,-0.26,0.02,160.99,-0.00,-0.00,-0.01,0.00,-0.00,0.00,6.00
43204.00,0.17,-0.28,0.41,-0.05,0.00,5.47,-0.26,0.02,324.99,-0.00,-0.00,-0.01,0.00,0.00,0.00,8.00
43212.00,0.17,-0.28,0.41,-0.05,0.00,-0.19,-0.26,0.02,-707.48,-0.00,-0.00,-0.01,0.00,0.00,0.00,5.00
43217.00,0.17,-0.28,0.35,-0.05,0.00,-11.19,-0.26,0.02,-2198.90,-0.00,-0.00,-0.01,0.00,0.00,0.00,6.00
43223.00,0.17,-0.28,0.42,-0.05,0.00,11.33,-0.26,0.02,3752.69,-0.00,-0.00,-0.01,0.00,0.01,0.00,8.00
43231.00,0.17,-0.28,0.38,-0.05,0.00,-5.00,-0.26,0.02,-2041.31,-0.00,-0.00,-0.01,0.00,-0.00,0.00,8.00
43239.00,0.17,-0.28,0.41,-0.05,0.00,3.61,-0.26,0.02,1076.46,-0.00,-0.00,-0.01,0.00,-0.00,0.00,6.00
43249.00,0.17,-0.28,0.34,-0.05,0.00,-7.05,-0.26,0.02,-1065.90,-0.00,-0.00,-0.01,0.00,0.00,-0.00,6.00
43255.00,0.17,-0.28,0.36,-0.05,0.00,3.93,-0.26,0.02,1829.30,-0.00,-0.00,-0.01,0.00,0.00,0.00,8.00
43263.00,0.17,-0.28,0.37,-0.05,0.00,0.39,-0.26,0.02,-441.98,-0.00,-0.00,-0.01,0.00,0.00,0.00,5.00
43268.00,0.17,-0.28,0.28,-0.05,0.00,-17.97,-0.26,0.02,-3671.90,-0.00,-0.00,-0.01,0.00,0.00,0.00,6.00
43274.00,0.17,-0.28,0.40,-0.05,0.00,19.99,-0.26,0.02,6326.12,-0.00,-0.00,-0.01,0.00,0.00,0.00,8.00
43282.00,0.17,-0.28,0.33,-0.05,0.00,-8.26,-0.26,0.02,-3530.54,-0.00,-0.00,-0.01,0.00,-0.00,0.00,17.00
43299.00,0.17,-0.28,0.33,-0.05,0.00,-0.16,-0.26,0.02,476.32,-0.00,-0.00,-0.01,0.00,-0.01,-0.00,6.00
43305.00,0.17,-0.28,0.31,-0.05,0.00,-2.57,-0.26,0.02,-402.18,-0.00,-0.00,-0.01,0.00,-0.01,-0.00,7.00
43312.00,0.17,-0.28,0.32,-0.05,0.00,1.75,-0.26,0.02,617.72,-0.00,-0.00,-0.01,-0.00,-0.01,0.00,6.00
43318.00,0.17,-0.28,0.34,-0.05,0.00,3.28,-0.26,0.02,254.72,-0.00,-0.00,-0.01,-0.00,0.00,-0.00,5.00
43328.00,0.17,-0.28,0.40,-0.05,0.00,6.00,-0.26,0.02,272.27,-0.00,-0.00,-0.01,0.00,0.00,0.00,7.00
43335.00,0.17,-0.28,0.34,0.00,0.00,-9.49,0.26,-0.02,-2212.74,-0.00,-0.00,-0.01,0.00,0.00,0.00,7.00
43342.00,0.17,-0.28,0.43,0.00,0.00,13.93,0.26,-0.02,3345.60,-0.00,-0.00,-0.01,0.00,0.00,0.00,8.00
43350.00,0.17,-0.28,0.31,0.00,0.00,-15.51,0.26,-0.02,-3679.85,-0.00,-0.00,-0.01,0.00,-0.01,-0.00,6.00
43356.00,0.17,-0.28,0.26,0.00,0.00,-9.01,0.26,-0.02,1081.83,-0.00,-0.00,-0.01,0.00,-0.00,-0.00,7.00
43363.00,0.17,-0.28,0.28,0.00,0.00,2.97,0.26,-0.02,1711.81,-0.00,-0.00,-0.01,0.00,0.00,-0.00,6.00
43369.00,0.17,-0.28,0.23,0.00,0.00,-7.43,0.26,-0.02,-1732.32,-0.00,-0.00,-0.01,0.00,0.00,0.00,6.00
43375.00,0.17,-0.28,0.29,0.00,0.00,9.20,0.26,-0.02,2770.68,-0.00,-0.00,-0.01,0.00,0.00,0.00,7.00
43382.00,0.17,-0.28,0.41,0.00,0.00,17.42,0.26,-0.02,1174.35,-0.00,-0.00,-0.01,0.00,0.00,-0.00,18.00
43400.00,0.17,-0.28,0.31,0.00,0.00,-5.64,0.26,-0.02,-1281.03,-0.00,-0.00,-0.01,0.00,0.00,-0.00,6.00
43410.00,0.17,-0.28,0.44,0.00,0.00,12.77,0.26,-0.02,1841.37,-0.00,-0.00,-0.01,0.00,0.00,0.00,7.00
43417.00,0.17,-0.28,0.31,0.00,0.00,-18.14,0.26,-0.02,-4416.23,-0.00,-0.00,-0.01,0.00,0.00,0.00,6.00
43423.00,0.17,-0.28,0.29,0.00,0.00,-3.05,0.26,-0.02,2514.37,-0.00,-0.00,-0.01,0.00,0.00,0.00,9.00
43432.00,0.17,-0.28,0.30,0.00,0.00,1.57,0.26,-0.02,513.73,-0.00,-0.00,-0.01,-0.00,0.00,-0.00,8.00
43440.00,0.17,-0.28,0.28,0.00,0.00,-2.80,0.26,-0.02,-546.14,-0.00,-0.00,-0.01,0.00,0.00,0.00,6.00
43446.00,0.17,-0.28,0.33,0.00,0.00,8.41,0.26,-0.02,1868.09,-0.00,-0.00,-0.01,0.00,0.00,0.00,7.00
43453.00,0.17,-0.28,0.41,0.00,0.00,10.68,0.26,-0.02,324.14,-0.00,-0.00,-0.01,0.00,-0.00,-0.00,8.00
43461.00,0.17,-0.28,0.37,0.00,0.00,-4.27,0.26,-0.02,-1869.15,-0.00,-0.00,-0.01,0.00,-0.00,-0.00,5.00
43466.00,0.17,-0.28,0.44,0.00,0.00,13.32,0.26,-0.02,3518.05,-0.00,-0.00,-0.01,0.00,-0.00,-0.00,7.00
43473.00,0.17,-0.28,0.34,0.00,0.00,-13.61,0.26,-0.02,-3846.16,-0.00,-0.00,-0.01,0.00,-0.00,-0.00,9.00
43486.00,0.17,-0.28,0.40,0.00,0.00,4.03,0.26,-0.02,1356.45,-0.00,-0.00,-0.01,-0.00,0.00,-0.00,18.00
43504.00,0.17,-0.28,0.40,0.00,0.00,0.12,0.26,-0.02,-216.79,-0.00,-0.00,-0.01,0.00,0.00,0.00,9.00
43513.00,0.17,-0.28,0.37,0.00,0.00,-3.02,0.26,-0.02,-349.43,-0.00,-0.00,-0.01,0.00,-0.00,-0.00,5.00
43518.00,0.17,-0.28,0.33,0.00,0.00,-9.10,0.26,-0.02,-1215.27,-0.00,-0.00,-0.01,0.00,0.00,-0.00,6.00
43524.00,0.17,-0.28,0.26,0.00,0.00,-10.61,0.26,-0.02,-252.91,-0.00,-0.00,-0.01,0.00,0.00,-0.00,8.00
43532.00,0.17,-0.28,0.45,0.00,0.00,22.80,0.26,-0.02,4177.13,-0.00,-0.00,-0.01,0.00,-0.01,0.00,8.00
43540.00,0.17,-0.28,0.41,0.00,0.00,-4.29,0.00,0.00,-3386.60,-0.00,-0.00,-0.01,-0.00,-0.00,0.00,5.00
43545.00,0.17,-0.28,0.38,0.00,0.00,-5.51,0.00,0.00,-243.37,-0.00,-0.00,-0.01,-0.00,-0.00,0.00,8.00
43553.00,0.17,-0.28,0.33,0.00,0.00,-7.22,0.00,0.00,-213.80,-0.00,-0.00,-0.01,0.00,-0.00,-0.00,9.00
43562.00,0.17,-0.28,0.35,0.00,0.00,2.20,0.00,0.00,1046.57,-0.00,-0.00,-0.01,0.00,0.00,0.00,6.00
43578.00,0.17,-0.28,0.46,0.00,0.00,7.06,0.00,0.00,303.91,-0.00,-0.00,-0.01,-0.00,0.00,-0.00,7.00
43585.00,0.17,-0.28,0.38,0.00,0.00,-10.93,0.00,0.00,-2571.11,-0.00,-0.00,-0.01,0.00,0.00,0.00,7.00
43592.00,0.17,-0.28,0.41,0.00,0.00,3.31,0.00,0.00,2035.26,-0.00,-0.00,-0.01,0.00,0.00,0.00,19.00
43611.00,0.17,-0.28,0.39,0.00,0.00,-0.92,0.00,0.00,-222.84,-0.00,-0.00,-0.01,0.00,0.00,-0.00,5.00
43616.00,0.17,-0.28,0.31,0.00,0.00,-15.50,0.00,0.00,-2916.44,-0.00,-0.00,-0.01,0.00,0.00,-0.00,7.00
43623.00,0.17,-0.28,0.41,0.00,0.00,14.29,0.00,0.00,4255.94,-0.00,-0.00,-0.01,0.00,0.00,0.00,8.00
43631.00,0.17,-0.28,0.37,0.00,0.00,-5.04,0.00,0.00,-2416.26,-0.00,-0.00,-0.01,0.00,-0.00,0.00,5.00
43636.00,0.17,-0.28,0.31,0.00,0.00,-12.79,0.00,0.00,-1549.79,-0.00,-0.00,-0.01,0.00,-0.00,-0.00,8.00
43644.00,0.17,-0.28,0.27,0.00,0.00,-4.56,0.00,0.00,1029.40,-0.00,-0.00,-0.01,0.00,-0.00,-0.00,8.00
43652.00,0.17,-0.28,0.33,0.00,0.00,7.87,0.00,0.00,1553.55,-0.00,-0.00,-0.01,0.00,-0.00,-0.00,7.00
43664.00,0.17,-0.28,0.39,0.00,0.00,4.97,0.00,0.00,-242.11,-0.00,-0.00,-0.01,0.00,-0.00,0.00,7.00
43671.00,0.17,-0.28,0.31,0.00,0.00,-12.20,0.00,0.00,-2453.17,-0.00,-0.00,-0.01,0.00,0.00,0.00,5.00
43676.00,0.17,-0.28,0.37,0.00,0.00,13.42,0.00,0.00,5124.93,-0.00,-0.00,-0.01,0.00,0.00,-0.00,18.00
43694.00,0.17,-0.28,0.37,0.00,0.00,-0.36,0.00,0.00,-765.73,-0.00,-0.00,-0.01,0.00,0.00,-0.00,9.00
43703.00,0.17,-0.28,0.41,0.00,0.00,4.58,0.00,0.00,549.05,-0.00,-0.00,-0.01,-0.00,-0.00,0.00,8.00
43711.00,0.17,-0.28,0.39,0.00,0.00,-2.12,0.00,0.00,-837.27,-0.00,-0.00,-0.01,0.00,-0.00,-0.00,6.00
43717.00,0.17,-0.28,0.34,0.00,0.00,-8.58,0.00,0.00,-1077.39,-0.00,-0.00,-0.01,0.00,-0.00,-0.00,6.00
43723.00,0.17,-0.28,0.37,0.00,0.00,5.37,0.00,0.00,2325.42,-0.00,-0.00,-0.01,0.00,-0.00,0.00,8.00
43731.00,0.17,-0.28,0.39,0.00,0.00,2.22,0.00,0.00,-393.55,-0.00,-0.00,-0.01,0.00,-0.00,0.00,5.00
43736.00,0.17,-0.28,0.35,0.00,0.00,-6.98,0.00,0.00,-1839.13,-0.00,-0.00,-0.01,0.00,-0.00,0.00,8.00
43749.00,0.16,-0.28,0.33,-0.05,0.00,-2.06,-0.25,0.02,378.37,-0.00,-0.00,-0.01,-0.00,-0.00,0.00,7.00
43756.00,0.16,-0.28,0.46,-0.05,0.00,18.38,-0.25,0.02,2919.05,-0.00,-0.00,-0.01,-0.00,-0.00,0.00,7.00
43763.00,0.16,-0.28,0.35,-0.05,0.00,-15.83,-0.25,0.02,-4887.09,-0.00,-0.00,-0.01,-0.00,0.00,0.00,6.00
43769.00,0.16,-0.28,0.40,-0.05,0.00,8.24,-0.25,0.02,4012.87,-0.00,-0.00,-0.01,-0.00,0.00,-0.00,6.00
43775.00,0.16,-0.28,0.42,-0.05,0.00,4.51,-0.25,0.02,-622.10,-0.00,-0.00,-0.01,0.00,0.00,-0.00,18.00
43793.00,0.16,-0.28,0.38,-0.05,0.00,-2.44,-0.25,0.02,-385.92,-0.00,-0.00,-0.01,-0.00,0.01,-0.00,7.00
43800.00,0.16,-0.28,0.34,-0.05,0.00,-6.07,-0.25,0.02,-519.61,-0.00,-0.00,-0.01,0.00,0.00,-0.00,6.00
43806.00,0.16,-0.28,0.43,-0.05,0.00,16.38,-0.25,0.02,3742.53,-0.00,-0.00,-0.01,0.00,-0.00,-0.00,8.00
43814.00,0.16,-0.28,0.36,-0.05,0.00,-9.55,-0.25,0.02,-3241.32,-0.00,-0.00,-0.01,0.00,-0.00,0.00,5.00
43819.00,0.16,-0.28,0.40,-0.05,0.00,8.85,-0.25,0.02,3680.02,-0.00,-0.00,-0.01,-0.00,-0.00,0.00,6.00
43830.00,0.16,-0.28,0.33,-0.05,0.00,-6.38,-0.25,0.02,-1384.55,-0.00,-0.00,-0.01,0.00,0.00,0.00,7.00
43837.00,0.16,-0.28,0.48,-0.05,0.00,20.79,-0.25,0.02,3881.52,-0.00,-0.00,-0.01,0.00,0.00,0.00,7.00
43844.00,0.16,-0.28,0.28,-0.05,0.00,-28.72,-0.25,0.02,-7073.74,-0.00,-0.00,-0.01,0.00,-0.00,0.00,8.00
43852.00,0.16,-0.28,0.41,-0.05,0.00,16.38,-0.25,0.02,5638.24,-0.00,-0.00,-0.01,0.00,0.00,-0.00,6.00
43858.00,0.16,-0.28,0.41,-0.05,0.00,0.45,-0.25,0.02,-2655.79,-0.00,-0.00,-0.01,-0.00,0.00,-0.00,7.00
43865.00,0.16,-0.28,0.39,-0.05,0.00,-3.48,-0.25,0.02,-561.01,-0.00,-0.00,-0.01,-0.00,0.00,-0.00,6.00
43871.00,0.16,-0.28,0.47,-0.05,0.00,14.17,-0.25,0.02,2941.30,-0.00,-0.00,-0.01,0.00,0.00,0.00,6.00
43877.00,0.16,-0.28,0.42,-0.05,0.00,-8.24,-0.25,0.02,-3734.40,-0.00,-0.00,-0.01,0.00,0.00,-0.00,7.00
43884.00,0.16,-0.28,0.42,-0.05,0.00,0.15,-0.25,0.02,1198.47,-0.00,-0.00,-0.01,0.00,0.00,-0.00,18.00
43902.00,0.16,-0.28,0.40,-0.05,0.00,-1.06,-0.25,0.02,-67.56,-0.00,-0.00,-0.01,0.00,0.00,0.00,7.00
43914.00,0.16,-0.28,0.31,-0.05,0.00,-7.65,-0.25,0.02,-548.72,-0.00,-0.00,-0.01,-0.00,0.00,0.00,6.00
43920.00,0.16,-0.28,0.36,-0.05,0.00,7.21,-0.25,0.02,2476.85,-0.00,-0.00,-0.01,0.00,0.00,0.00,5.00
43925.00,0.16,-0.28,0.47,-0.05,0.00,22.34,-0.25,0.02,3025.51,-0.00,-0.00,-0.01,0.00,0.00,0.00,9.00
43934.00,0.16,-0.28,0.31,-0.05,0.00,-17.63,-0.25,0.02,-4440.80,-0.00,-0.00,-0.01,0.00,0.00,-0.00,8.00
43942.00,0.16,-0.28,0.35,-0.05,0.00,4.96,-0.25,0.02,2823.74,-0.00,-0.00,-0.01,0.00,-0.00,-0.00,6.00
43948.00,0.16,-0.28,0.35,-0.05,0.00,0.73,-0.25,0.02,-705.84,-0.00,-0.00,-0.01,0.00,-0.00,-0.00,6.00
43954.00,0.17,-0.27,0.41,0.05,0.03,9.70,0.52,0.14,1494.78,-0.00,-0.00,-0.01,0.00,-0.00,-0.00,9.00
43963.00,0.17,-0.27,0.38,0.05,0.03,-3.29,0.52,0.14,-1443.02,-0.00,-0.00,-0.01,0.00,0.00,-0.00,6.00
43969.00,0.17,-0.27,0.36,0.05,0.03,-3.79,0.52,0.14,-83.85,-0.00,-0.00,-0.01,-0.00,0.01,-0.00,6.00
43975.00,0.17,-0.27,0.23,0.05,0.03,-21.38,0.52,0.14,-2931.70,-0.00,-0.00,-0.01,-0.00,0.01,-0.00,8.00
43988.00,0.17,-0.27,0.31,0.05,0.03,5.88,0.52,0.14,2097.12,-0.00,-0.00,-0.01,0.00,-0.00,0.00,18.00
44006.00,0.17,-0.27,0.34,0.05,0.03,2.15,0.52,0.14,-207.08,-0.00,-0.00,-0.01,0.00,0.00,-0.00,8.00
44014.00,0.17,-0.27,0.27,0.05,0.03,-8.79,0.52,0.14,-1368.09,-0.00,-0.00,-0.01,0.00,0.00,0.00,6.00
44020.00,0.17,-0.27,0.25,0.05,0.03,-3.94,0.52,0.14,808.29,-0.00,-0.00,-0.01,0.00,-0.00,0.00,6.00
44026.00,0.17,-0.27,0.32,0.05,0.03,11.96,0.52,0.14,2650.51,-0.00,-0.00,-0.01,-0.00,-0.00,-0.00,8.00
44034.00,0.17,-0.27,0.32,0.05,0.03,-0.70,0.52,0.14,-1582.60,-0.00,-0.00,-0.01,0.00,-0.00,-0.00,7.00
44041.00,0.17,-0.27,0.28,0.05,0.03,-4.62,0.52,0.14,-559.50,-0.00,-0.00,-0.01,0.00,0.00,0.00,5.00
44046.00,0.17,-0.27,0.36,0.05,0.03,15.98,0.52,0.14,4120.07,-0.00,-0.00,-0.01,0.00,-0.00,-0.00,8.00
44054.00,0.17,-0.27,0.36,0.05,0.03,-0.96,0.52,0.14,-2117.68,-0.00,-0.00,-0.01,0.00,-0.00,-0.00,6.00
44060.00,0.17,-0.27,0.59,0.05,0.03,38.83,0.52,0.14,6631.71,-0.00,-0.00,-0.01,0.00,0.00,-0.00,5.00
44070.00,0.17,-0.27,0.32,0.05,0.03,-26.58,0.52,0.14,-6541.37,-0.00,-0.00,-0.01,-0.00,0.00,0.00,7.00
44077.00,0.17,-0.27,0.39,0.05,0.03,9.55,0.52,0.14,5162.06,-0.00,-0.00,-0.01,-0.00,0.00,0.00,7.00
44084.00,0.17,-0.27,0.40,0.05,0.03,1.76,0.52,0.14,-1113.03,-0.00,-0.00,-0.01,0.00,0.00,0.00,18.00
44102.00,0.17,-0.27,0.27,0.05,0.03,-7.58,0.52,0.14,-518.78,-0.00,-0.00,-0.01,0.00,0.00,-0.00,6.00
44108.00,0.17,-0.27,0.31,0.05,0.03,7.21,0.52,0.14,2465.17,-0.00,-0.00,-0.01,0.00,0.00,-0.00,7.00
44115.00,0.17,-0.27,0.39,0.05,0.03,11.97,0.52,0.14,680.16,-0.00,-0.00,-0.01,0.00,-0.00,-0.00,6.00
44121.00,0.17,-0.27,0.38,0.05,0.03,-3.06,0.52,0.14,-2505.49,-0.00,-0.00,-0.01,-0.00,-0.00,-0.00,5.00
44126.00,0.17,-0.27,0.34,0.05,0.03,-7.05,0.52,0.14,-797.18,-0.00,-0.00,-0.01,-0.00,-0.00,-0.00,9.00
44135.00,0.17,-0.27,0.32,0.05,0.03,-1.87,0.52,0.14,574.92,-0.00,-0.00,-0.01,-0.00,-0.00,-0.00,7.00
44142.00,0.17,-0.27,0.40,0.05,0.03,10.95,0.52,0.14,1831.09,-0.00,-0.00,-0.01,0.00,0.00,-0.00,6.00
44153.00,0.17,-0.27,0.46,0.05,0.03,5.74,0.52,0.14,-473.21,-0.00,-0.00,-0.01,0.00,0.00,0.00,7.00
44160.00,0.17,-0.27,0.36,0.00,0.04,-14.65,-0.26,0.02,-2912.82,-0.00,-0.00,-0.01,0.00,0.00,-0.00,6.00
44166.00,0.17,-0.27,0.28,0.00,0.04,-13.21,-0.26,0.02,239.85,-0.00,-0.00,-0.01,-0.00,0.00,-0.00,6.00
44172.00,0.17,-0.27,0.37,0.00,0.04,14.89,-0.26,0.02,4682.92,-0.00,-0.00,-0.01,0.00,0.00,-0.00,5.00
44177.00,0.17,-0.27,0.38,0.00,0.04,2.31,-0.26,0.02,-2516.04,-0.00,-0.00,-0.01,0.00,0.00,-0.00,18.00
44195.00,0.17,-0.27,0.38,0.00,0.04,0.10,-0.26,0.02,-122.42,-0.00,-0.00,-0.01,0.00,0.00,-0.00,8.00
44203.00,0.17,-0.27,0.31,0.00,0.04,-9.33,-0.26,0.02,-1178.70,-0.00,-0.00,-0.01,0.00,0.00,0.00,5.00
44208.00,0.17,-0.27,0.38,0.00,0.04,14.40,-0.26,0.02,4744.36,-0.00,-0.00,-0.01,0.00,-0.00,0.00,8.00
44216.00,0.17,-0.27,0.33,0.00,0.04,-6.06,-0.26,0.02,-2557.07,-0.00,-0.00,-0.01,0.00,-0.00,-0.00,5.00
44221.00,0.17,-0.27,0.32,0.00,0.04,-3.46,-0.26,0.02,519.83,-0.00,-0.00,-0.01,0.00,0.00,-0.00,6.00
44232.00,0.17,-0.27,0.40,0.00,0.04,7.94,-0.26,0.02,1036.53,-0.00,-0.00,-0.01,0.00,0.00,-0.00,6.00
44238.00,0.17,-0.27,0.31,0.00,0.04,-16.25,-0.26,0.02,-4031.21,-0.00,-0.00,-0.01,0.00,0.00,-0.00,16.00
44254.00,0.17,-0.27,0.42,0.00,0.04,7.06,-0.26,0.02,1456.51,-0.00,-0.00,-0.01,0.00,0.00,-0.00,7.00
44261.00,0.17,-0.27,0.39,0.00,0.04,-4.32,-0.26,0.02,-1624.93,-0.00,-0.00,-0.01,0.00,-0.00,0.00,6.00
44267.00,0.17,-0.27,0.33,0.00,0.04,-9.85,-0.26,0.02,-922.06,-0.00,-0.00,-0.01,0.00,-0.00,0.00,5.00
44272.00,0.17,-0.27,0.39,0.00,0.04,12.48,-0.26,0.02,4465.67,-0.00,-0.00,-0.01,0.00,-0.00,-0.00,6.00
44278.00,0.17,-0.27,0.36,0.00,0.04,-5.69,-0.26,0.02,-3027.65,-0.00,-0.00,-0.01,0.00,-0.00,-0.00,17.00
44295.00,0.17,-0.27,0.38,0.00,0.04,1.52,-0.26,0.02,424.12,-0.00,-0.00,-0.01,0.00,-0.00,0.00,8.00
44303.00,0.17,-0.27,0.35,0.00,0.04,-3.98,-0.26,0.02,-687.92,-0.00,-0.00,-0.01,-0.00,-0.00,0.00,5.00
44308.00,0.17,-0.27,0.32,0.00,0.04,-6.10,-0.26,0.02,-423.85,-0.00,-0.00,-0.01,-0.00,-0.00,0.00,8.00
44327.00,0.17,-0.27,0.41,0.00,0.04,4.74,-0.26,0.02,570.61,-0.00,-0.00,-0.01,-0.01,-0.00,0.00,9.00
44336.00,0.17,-0.27,0.34,0.00,0.04,-8.18,-0.26,0.02,-1435.78,-0.00,-0.00,-0.01,0.00,-0.00,0.00,8.00
44344.00,0.17,-0.27,0.40,0.00,0.04,8.16,-0.26,0.02,2042.63,-0.00,-0.00,-0.01,0.00,-0.00,-0.00,7.00
44351.00,0.17,-0.27,0.32,0.00,0.04,-11.33,-0.26,0.02,-2784.34,-0.00,-0.00,-0.01,-0.00,0.00,0.00,6.00
44357.00,0.17,-0.27,0.42,0.00,0.04,15.64,-0.26,0.02,4494.57,-0.00,-0.00,-0.01,-0.00,0.00,0.00,8.00
44365.00,0.17,-0.27,0.34,0.00,0.00,-9.84,0.00,-0.18,-3184.36,-0.00,-0.00,-0.01,-0.00,0.00,-0.00,6.00
44371.00,0.17,-0.27,0.51,0.00,0.00,28.06,0.00,-0.18,6316.84,-0.00,-0.00,-0.01,-0.00,-0.00,0.00,6.00
44377.00,0.17,-0.27,0.35,0.00,0.00,-26.35,0.00,-0.18,-9068.80,-0.00,-0.00,-0.01,-0.00,-0.00,0.00,8.00
44385.00,0.17,-0.27,0.36,0.00,0.00,1.71,0.00,-0.18,3507.30,-0.00,-0.00,-0.01,-0.00,0.00,0.00,18.00
44403.00,0.17,-0.27,0.32,0.00,0.00,-2.13,0.00,-0.18,-213.12,-0.00,-0.00,-0.01,-0.00,-0.01,-0.00,6.00
44414.00,0.17,-0.27,0.26,0.00,0.00,-5.40,0.00,-0.18,-297.78,-0.00,-0.00,-0.01,0.00,-0.00,-0.00,7.00
44421.00,0.17,-0.27,0.35,0.00,0.00,11.63,0.00,-0.18,2432.51,-0.00,-0.00,-0.01,0.00,-0.00,-0.00,6.00
44427.00,0.17,-0.27,0.35,0.00,0.00,0.73,0.00,-0.18,-1815.51,-0.00,-0.00,-0.01,0.00,-0.00,-0.00,7.00
44434.00,0.17,-0.27,0.35,0.00,0.00,0.00,0.00,-0.18,-104.75,-0.00,-0.00,-0.01,0.00,0.00,-0.00,3.00
44437.00,0.17,-0.27,0.32,0.00,0.00,-11.28,0.00,-0.18,-3760.06,-0.00,-0.00,-0.01,0.00,0.00,-0.00,9.00
44446.00,0.17,-0.27,0.29,0.00,0.00,-2.97,0.00,-0.18,923.62,-0.00,-0.00,-0.01,-0.00,-0.00,0.00,7.00
44453.00,0.17,-0.27,0.40,0.00,0.00,15.36,0.00,-0.18,2618.80,-0.00,-0.00,-0.01,0.00,0.00,0.00,6.00
44459.00,0.17,-0.27,0.38,0.00,0.00,-2.96,0.00,-0.18,-3053.77,-0.00,-0.00,-0.01,0.00,0.00,0.00,7.00
44466.00,0.17,-0.27,0.37,0.00,0.00,-1.00,0.00,-0.18,280.47,-0.00,-0.00,-0.01,0.00,-0.00,-0.00,6.00
44472.00,0.17,-0.27,0.31,0.00,0.00,-10.99,0.00,-0.18,-1665.89,-0.00,-0.00,-0.01,0.00,0.00,0.00,5.00
44482.00,0.17,-0.27,0.31,0.00,0.00,0.77,0.00,-0.18,1175.98,-0.00,-0.00,-0.01,0.00,-0.00,0.00,16.00
44498.00,0.17,-0.27,0.31,0.00,0.00,0.01,0.00,-0.18,-47.41,-0.00,-0.00,-0.01,0.00,0.00,0.00,8.00
44506.00,0.17,-0.27,0.30,0.00,0.00,-2.43,0.00,-0.18,-305.11,-0.00,-0.00,-0.01,0.00,0.00,0.00,8.00
44514.00,0.17,-0.27,0.30,0.00,0.00,1.09,0.00,-0.18,439.63,-0.00,-0.00,-0.01,-0.00,0.00,0.00,6.00
44520.00,0.17,-0.27,0.33,0.00,0.00,4.55,0.00,-0.18,577.32,-0.00,-0.00,-0.01,0.00,0.00,-0.00,7.00
44527.00,0.17,-0.27,0.27,0.00,0.00,-8.44,0.00,-0.18,-1855.62,-0.00,-0.00,-0.01,0.00,0.00,-0.00,8.00
44535.00,0.17,-0.27,0.38,0.00,0.00,13.09,0.00,-0.18,2691.10,-0.00,-0.00,-0.01,-0.00,-0.00,0.00,8.00
44543.00,0.17,-0.27,0.35,0.00,0.00,-3.48,0.00,-0.18,-2071.05,-0.00,-0.00,-0.01,-0.00,0.00,0.00,5.00
44548.00,0.17,-0.27,0.25,0.00,0.00,-20.69,0.00,-0.18,-3441.35,-0.00,-0.00,-0.01,-0.00,0.00,0.00,8.00
44556.00,0.17,-0.27,0.15,0.00,0.00,-11.56,0.00,-0.18,1140.14,-0.00,-0.00,-0.01,-0.00,0.00,0.00,7.00
44568.00,0.18,-0.27,0.33,0.05,-0.00,14.58,0.27,-0.02,2178.50,-0.00,-0.00,-0.01,0.00,0.00,0.00,9.00
44577.00,0.18,-0.27,0.24,0.05,-0.00,-9.43,0.27,-0.02,-2667.82,-0.00,-0.00,-0.01,0.00,-0.00,-0.00,8.00
44585.00,0.18,-0.27,0.24,0.05,-0.00,-0.89,0.27,-0.02,1067.97,-0.00,-0.00,-0.01,0.00,-0.00,-0.00,17.00
44602.00,0.18,-0.27,0.35,0.05,-0.00,6.50,0.27,-0.02,434.56,-0.00,-0.00,-0.01,-0.00,-0.00,0.00,6.00
44608.00,0.18,-0.27,0.38,0.05,-0.00,5.70,0.27,-0.02,-133.68,-0.00,-0.00,-0.01,-0.00,-0.00,0.00,8.00
44616.00,0.18,-0.27,0.31,0.05,-0.00,-8.38,0.27,-0.02,-1759.74,-0.00,-0.00,-0.01,-0.00,0.00,0.00,6.00
44622.00,0.18,-0.27,0.38,0.05,-0.00,10.90,0.27,-0.02,3213.87,-0.00,-0.00,-0.01,-0.00,0.00,0.00,5.00
44627.00,0.18,-0.27,0.30,0.05,-0.00,-16.56,0.27,-0.02,-5491.64,-0.00,-0.00,-0.01,-0.00,0.00,0.00,9.00
44636.00,0.18,-0.27,0.29,0.05,-0.00,-0.56,0.27,-0.02,1776.94,-0.00,-0.00,-0.01,-0.00,0.00,-0.00,8.00
44644.00,0.18,-0.27,0.39,0.05,-0.00,12.48,0.27,-0.02,1630.39,-0.00,-0.00,-0.01,-0.00,0.00,0.00,6.00
44654.00,0.18,-0.27,0.33,0.05,-0.00,-5.73,0.27,-0.02,-1820.57,-0.00,-0.00,-0.01,-0.00,0.00,0.00,7.00
44661.00,0.18,-0.27,0.33,0.05,-0.00,-0.57,0.27,-0.02,737.13,-0.00,-0.00,-0.01,-0.00,0.00,0.00,6.00
44667.00,0.18,-0.27,0.28,0.05,-0.00,-8.68,0.27,-0.02,-1351.68,-0.00,-0.00,-0.01,-0.00,0.00,0.00,6.00
44673.00,0.18,-0.27,0.38,0.05,-0.00,16.41,0.27,-0.02,4180.44,-0.00,-0.00,-0.01,-0.00,-0.00,-0.00,6.00
44679.00,0.18,-0.27,0.33,0.05,-0.00,-7.14,0.27,-0.02,-3924.47,-0.00,-0.00,-0.01,-0.00,-0.00,-0.00,18.00
44697.00,0.18,-0.27,0.28,0.05,-0.00,-2.85,0.27,-0.02,238.39,-0.00,-0.00,-0.01,-0.00,-0.00,0.00,9.00
44706.00,0.18,-0.27,0.26,0.05,-0.00,-2.46,0.27,-0.02,43.05,-0.00,-0.00,-0.01,-0.00,0.00,0.00,7.00
44713.00,0.18,-0.27,0.42,0.05,-0.00,22.22,0.27,-0.02,3525.78,-0.00,-0.00,-0.01,0.00,0.00,0.00,6.00
44719.00,0.18,-0.27,0.40,0.05,-0.00,-3.41,0.27,-0.02,-4271.13,-0.00,-0.00,-0.01,0.00,0.00,0.00,7.00
44726.00,0.18,-0.27,0.29,0.05,-0.00,-15.11,0.27,-0.02,-1671.51,-0.00,-0.00,-0.01,-0.00,0.00,0.00,7.00
44738.00,0.18,-0.27,0.45,0.05,-0.00,13.54,0.27,-0.02,2387.32,-0.00,-0.00,-0.01,-0.00,0.00,0.00,9.00
44747.00,0.18,-0.27,0.30,0.05,-0.00,-16.84,0.27,-0.02,-3374.92,-0.00,-0.00,-0.01,-0.00,-0.00,-0.00,9.00
44756.00,0.18,-0.27,0.48,0.05,-0.00,20.12,0.27,-0.02,4106.15,-0.00,-0.00,-0.01,0.00,-0.00,-0.00,6.00
44762.00,0.18,-0.27,0.26,0.05,-0.00,-36.29,0.27,-0.02,-9401.28,-0.00,-0.00,-0.01,0.00,-0.01,-0.00,6.00
44768.00,0.18,-0.26,0.32,0.00,0.04,9.76,-0.27,0.21,7675.42,-0.00,-0.00,-0.01,0.00,-0.01,-0.00,6.00
44774.00,0.18,-0.26,0.21,0.00,0.04,-18.70,-0.27,0.21,-4744.49,-0.00,-0.00,-0.01,-0.00,-0.00,-0.00,5.00
44779.00,0.18,-0.26,0.31,0.00,0.04,19.97,-0.27,0.21,7734.29,-0.00,-0.00,-0.01,-0.00,-0.00,0.00,9.00
44788.00,0.18,-0.26,0.29,0.00,0.04,-2.04,-0.27,0.21,-2446.02,-0.00,-0.00,-0.01,-0.00,-0.00,0.00,8.00
44796.00,0.18,-0.26,0.25,0.00,0.04,-5.56,-0.27,0.21,-438.91,-0.00,-0.00,-0.01,0.00,0.00,0.00,17.00
44813.00,0.18,-0.26,0.16,0.00,0.04,-5.18,-0.27,0.21,22.16,-0.00,-0.00,-0.01,0.00,0.01,0.00,6.00
44824.00,0.18,-0.26,0.32,0.00,0.04,14.76,-0.27,0.21,1812.25,-0.00,-0.00,-0.01,-0.00,0.00,0.00,6.00
44830.00,0.18,-0.26,0.23,0.00,0.04,-14.47,-0.27,0.21,-4870.62,-0.00,-0.00,-0.01,-0.00,0.01,-0.00,7.00
44837.00,0.18,-0.26,0.22,0.00,0.04,-1.80,-0.27,0.21,1809.26,-0.00,-0.00,-0.01,-0.00,0.01,-0.00,9.00
44846.00,0.18,-0.26,0.24,0.00,0.04,1.49,-0.27,0.21,366.33,-0.00,-0.00,-0.01,-0.01,0.00,-0.00,6.00
44852.00,0.18,-0.26,0.27,0.00,0.04,6.09,-0.27,0.21,765.48,-0.00,-0.00,-0.01,0.00,-0.00,-0.00,6.00
44858.00,0.18,-0.26,0.25,0.00,0.04,-2.92,-0.27,0.21,-1501.03,-0.00,-0.00,-0.01,0.00,-0.00,-0.00,8.00
44866.00,0.18,-0.26,0.23,0.00,0.04,-3.06,-0.27,0.21,-17.59,-0.00,-0.00,-0.01,0.00,-0.00,0.00,6.00
44872.00,0.18,-0.26,0.32,0.00,0.04,15.60,-0.27,0.21,3110.52,-0.00,-0.00,-0.01,-0.00,-0.00,0.00,6.00
44878.00,0.18,-0.26,0.22,0.00,0.04,-16.95,-0.27,0.21,-5424.87,-0.00,-0.00,-0.01,-0.00,-0.00,0.00,19.00
44897.00,0.18,-0.26,0.31,0.00,0.04,4.42,-0.27,0.21,1124.68,-0.00,-0.00,-0.01,0.00,0.00,0.00,8.00
44910.00,0.18,-0.26,0.28,0.00,0.04,-1.66,-0.27,0.21,-467.59,-0.00,-0.00,-0.01,0.00,-0.00,-0.00,8.00
44918.00,0.18,-0.26,0.27,0.00,0.04,-1.95,-0.27,0.21,-36.96,-0.00,-0.00,-0.01,0.00,0.00,-0.00,6.00
44924.00,0.18,-0.26,0.19,0.00,0.04,-13.07,-0.27,0.21,-1852.98,-0.00,-0.00,-0.01,-0.00,0.00,-0.00,9.00
44933.00,0.18,-0.26,0.34,0.00,0.04,16.80,-0.27,0.21,3318.82,-0.00,-0.00,-0.01,0.00,0.00,-0.00,5.00
44938.00,0.18,-0.26,0.21,0.00,0.04,-25.58,-0.27,0.21,-8475.86,-0.00,-0.00,-0.01,0.00,0.00,-0.00,9.00
44947.00,0.18,-0.26,0.38,0.00,0.04,17.98,-0.27,0.21,4840.49,-0.00,-0.00,-0.01,-0.00,0.00,-0.00,9.00
44956.00,0.18,-0.26,0.26,0.00,0.04,-13.18,-0.27,0.21,-3462.25,-0.00,-0.00,-0.01,0.00,-0.00,0.00,6.00
44962.00,0.18,-0.26,0.33,0.00,0.04,12.04,-0.27,0.21,4202.26,-0.00,-0.00,-0.01,-0.00,-0.00,0.00,6.00
44968.00,0.18,-0.26,0.29,0.00,0.00,-6.58,0.00,-0.19,-3103.22,-0.00,-0.00,-0.01,-0.00,0.00,0.00,6.00
44974.00,0.18,-0.26,0.24,0.00,0.00,-7.74,0.00,-0.19,-193.02,-0.00,-0.00,-0.01,-0.00,-0.01,-0.00,5.00
44989.00,0.18,-0.26,0.23,0.00,0.00,-1.02,0.00,-0.19,447.88,-0.00,-0.00,-0.01,-0.00,-0.01,-0.00,19.00
45008.00,0.18,-0.26,0.22,0.00,0.00,-0.21,0.00,-0.19,42.76,-0.00,-0.00,-0.01,0.00,0.00,-0.00,9.00
45017.00,0.18,-0.26,0.22,0.00,0.00,-0.05,0.00,-0.19,17.90,-0.00,-0.00,-0.01,-0.00,0.01,0.00,6.00
45023.00,0.18,-0.26,0.26,0.00,0.00,5.72,0.00,-0.19,961.11,-0.00,-0.00,-0.01,-0.00,0.01,0.00,6.00
45029.00,0.18,-0.26,0.19,0.00,0.00,-11.99,0.00,-0.19,-2951.17,-0.00,-0.00,-0.01,-0.00,0.01,0.00,8.00
45037.00,0.18,-0.26,0.23,0.00,0.00,5.53,0.00,-0.19,2189.53,-0.00,-0.00,-0.01,-0.00,0.01,0.00,7.00
45044.00,0.18,-0.26,0.24,0.00,0.00,0.77,0.00,-0.19,-679.49,-0.00,-0.00,-0.01,0.00,0.00,0.00,6.00
45050.00,0.18,-0.26,0.26,0.00,0.00,4.45,0.00,-0.19,612.65,-0.00,-0.00,-0.01,0.00,0.00,-0.00,8.00
45058.00,0.18,-0.26,0.32,0.00,0.00,7.72,0.00,-0.19,408.99,-0.00,-0.00,-0.01,0.00,0.00,-0.00,8.00
45066.00,0.18,-0.26,0.21,0.00,0.00,-13.87,0.00,-0.19,-2699.21,-0.00,-0.00,-0.01,0.00,0.00,0.00,6.00
45076.00,0.18,-0.26,0.27,0.00,0.00,5.58,0.00,-0.19,1945.56,-0.00,-0.00,-0.01,-0.00,-0.00,0.00,17.00
45093.00,0.18,-0.26,0.29,0.00,0.00,1.31,0.00,-0.19,-251.20,-0.00,-0.00,-0.01,0.00,-0.00,0.00,6.00
45099.00,0.18,-0.26,0.33,0.00,0.00,6.44,0.00,-0.19,854.48,-0.00,-0.00,-0.01,0.00,-0.00,0.00,8.00
45107.00,0.18,-0.26,0.25,0.00,0.00,-10.27,0.00,-0.19,-2087.85,-0.00,-0.00,-0.01,0.00,0.00,0.00,8.00
45115.00,0.18,-0.26,0.28,0.00,0.00,3.57,0.00,-0.19,1729.10,-0.00,-0.00,-0.01,0.00,0.00,0.00,5.00
45120.00,0.18,-0.26,0.28,0.00,0.00,1.53,0.00,-0.19,-408.24,-0.00,-0.00,-0.01,0.00,0.00,0.00,8.00
45128.00,0.18,-0.26,0.36,0.00,0.00,9.74,0.00,-0.19,1026.94,-0.00,-0.00,-0.01,0.00,0.00,-0.00,7.00
45135.00,0.18,-0.26,0.35,0.00,0.00,-1.39,0.00,-0.19,-1590.74,-0.00,-0.00,-0.01,-0.00,0.00,0.00,6.00
45141.00,0.18,-0.26,0.22,0.00,0.00,-22.52,0.00,-0.19,-3521.69,-0.00,-0.00,-0.01,-0.00,0.00,-0.00,7.00
45148.00,0.18,-0.26,0.35,0.00,0.00,18.57,0.00,-0.19,5870.23,-0.00,-0.00,-0.01,0.00,0.01,-0.00,9.00
45162.00,0.18,-0.26,0.24,0.00,0.00,-7.79,0.00,-0.19,-1882.49,-0.00,-0.00,-0.01,0.00,-0.00,-0.00,8.00
45170.00,0.18,-0.25,0.36,0.00,0.04,15.88,0.00,0.19,2958.27,-0.00,-0.00,-0.01,0.00,-0.00,-0.00,6.00
45176.00,0.18,-0.25,0.31,0.00,0.04,-9.24,0.00,0.19,-4187.21,-0.00,-0.00,-0.01,0.00,0.00,0.00,16.00
45192.00,0.18,-0.25,0.37,0.00,0.04,3.55,0.00,0.19,799.54,-0.00,-0.00,-0.01,-0.00,0.00,0.00,7.00
45199.00,0.18,-0.25,0.34,0.00,0.04,-3.38,0.00,0.19,-990.45,-0.00,-0.00,-0.01,-0.00,0.00,0.00,8.00
45207.00,0.18,-0.25,0.36,0.00,0.04,1.85,0.00,0.19,654.29,-0.00,-0.00,-0.01,-0.00,0.00,0.00,8.00
45215.00,0.18,-0.25,0.40,0.00,0.04,5.95,0.00,0.19,512.84,-0.00,-0.00,-0.01,0.00,0.00,0.00,5.00
45220.00,0.18,-0.25,0.36,0.00,0.04,-7.99,0.00,0.19,-2788.26,-0.00,-0.00,-0.01,0.00,0.00,0.00,5.00
45225.00,0.18,-0.25,0.27,0.00,0.04,-17.99,0.00,0.19,-1999.32,-0.00,-0.00,-0.01,0.00,0.00,-0.00,6.00
45231.00,0.18,-0.25,0.31,0.00,0.04,5.90,0.00,0.19,3981.22,-0.00,-0.00,-0.01,0.00,0.00,-0.00,7.00
45243.00,0.18,-0.25,0.32,0.00,0.04,0.73,0.00,0.19,-431.05,-0.00,-0.00,-0.01,-0.00,0.00,-0.00,7.00
45250.00,0.18,-0.25,0.28,0.00,0.04,-4.94,0.00,0.19,-810.62,-0.00,-0.00,-0.01,-0.00,0.00,0.00,8.00
45258.00,0.18,-0.25,0.27,0.00,0.04,-1.79,0.00,0.19,393.84,-0.00,-0.00,-0.01,0.00,0.00,0.00,7.00
45265.00,0.18,-0.25,0.28,0.00,0.04,0.86,0.00,0.19,379.43,-0.00,-0.00,-0.01,0.00,0.00,0.00,6.00
45271.00,0.18,-0.25,0.28,0.00,0.04,0.85,0.00,0.19,-2.24,-0.00,-0.00,-0.01,0.00,0.00,0.00,6.00
45277.00,0.18,-0.25,0.28,0.00,0.04,-0.66,0.00,0.19,-251.65,-0.00,-0.00,-0.01,-0.00,0.00,0.00,7.00
45284.00,0.18,-0.25,0.31,0.00,0.04,4.24,0.00,0.19,700.88,-0.00,-0.00,-0.01,-0.00,-0.00,0.00,16.00
45300.00,0.18,-0.25,0.29,0.00,0.04,-0.99,0.00,0.19,-326.93,-0.00,-0.00,-0.01,-0.00,0.00,-0.00,8.00
45308.00,0.18,-0.25,0.26,0.00,0.04,-3.81,0.00,0.19,-353.10,-0.00,-0.00,-0.01,-0.00,0.00,-0.00,8.00
45316.00,0.18,-0.25,0.32,0.00,0.04,6.98,0.00,0.19,1348.60,-0.00,-0.00,-0.01,-0.00,0.00,-0.00,6.00
45327.00,0.18,-0.25,0.29,0.00,0.04,-2.77,0.00,0.19,-886.34,-0.00,-0.00,-0.01,0.00,0.00,-0.00,8.00
45335.00,0.18,-0.25,0.16,0.00,0.04,-15.71,0.00,0.19,-1617.57,-0.00,-0.00,-0.01,-0.00,-0.00,-0.00,5.00
45340.00,0.18,-0.25,0.21,0.00,0.04,10.00,0.00,0.19,5143.00,-0.00,-0.00,-0.01,-0.00,-0.00,-0.00,8.00
45348.00,0.18,-0.25,0.18,0.00,0.04,-3.31,0.00,0.19,-1664.33,-0.00,-0.00,-0.01,-0.00,-0.00,-0.00,8.00
45356.00,0.18,-0.25,0.28,0.00,0.04,12.06,0.00,0.19,1921.14,-0.00,-0.00,-0.01,0.00,-0.01,0.00,6.00
45362.00,0.18,-0.25,0.37,0.00,0.04,14.47,0.00,0.19,402.39,-0.00,-0.00,-0.01,0.00,-0.00,0.00,7.00
45369.00,0.18,-0.25,0.31,0.00,0.04,-7.72,0.00,0.19,-3170.04,-0.00,-0.00,-0.01,0.00,-0.00,0.00,5.00
45374.00,0.18,-0.25,0.24,0.00,0.00,-14.04,0.00,-0.19,-1264.69,-0.00,-0.00,-0.01,0.00,-0.00,0.00,6.00
45380.00,0.18,-0.25,0.18,0.00,0.00,-10.99,0.00,-0.19,508.16,-0.00,-0.00,-0.01,0.00,-0.00,0.00,18.00
45398.00,0.18,-0.25,0.34,0.00,0.00,8.79,0.00,-0.19,1099.09,-0.00,-0.00,-0.01,-0.00,0.00,-0.00,7.00
45410.00,0.18,-0.25,0.35,0.00,0.00,1.58,0.00,-0.19,-600.47,-0.00,-0.00,-0.01,-0.00,0.00,-0.00,10.00
45420.00,0.18,-0.25,0.23,0.00,0.00,-12.34,0.00,-0.19,-1392.15,-0.00,-0.00,-0.01,-0.00,-0.00,-0.00,5.00
45425.00,0.18,-0.25,0.19,0.00,0.00,-7.16,0.00,-0.19,1036.13,-0.00,-0.00,-0.01,-0.00,-0.00,-0.00,6.00
45431.00,0.18,-0.25,0.28,0.00,0.00,13.94,0.00,-0.19,3515.72,-0.00,-0.00,-0.01,-0.00,-0.00,-0.00,7.00
45438.00,0.18,-0.25,0.15,0.00,0.00,-18.48,0.00,-0.19,-4631.60,-0.00,-0.00,-0.01,-0.00,-0.00,0.00,8.00
45446.00,0.18,-0.25,0.19,0.00,0.00,4.49,0.00,-0.19,2872.06,-0.00,-0.00,-0.01,-0.00,0.00,0.00,5.00
45451.00,0.18,-0.25,0.29,0.00,0.00,21.57,0.00,-0.19,3414.90,-0.00,-0.00,-0.01,-0.00,0.00,0.00,8.00
45459.00,0.18,-0.25,0.23,0.00,0.00,-7.53,0.00,-0.19,-3637.63,-0.00,-0.00,-0.01,-0.00,0.00,0.00,9.00
45468.00,0.18,-0.25,0.21,0.00,0.00,-2.38,0.00,-0.19,572.64,-0.00,-0.00,-0.01,-0.00,0.00,-0.00,6.00
45474.00,0.18,-0.25,0.21,0.00,0.00,-0.01,0.00,-0.19,394.47,-0.00,-0.00,-0.01,0.00,-0.00,-0.00,5.00
45484.00,0.18,-0.25,0.29,0.00,0.00,8.28,0.00,-0.19,828.82,-0.00,-0.00,-0.01,-0.00,-0.00,-0.00,16.00
45500.00,0.18,-0.25,0.24,0.00,0.00,-3.07,0.00,-0.19,-708.88,-0.00,-0.00,-0.01,-0.00,-0.01,0.00,9.00
45509.00,0.18,-0.25,0.25,0.00,0.00,0.51,0.00,-0.19,397.31,-0.00,-0.00,-0.01,-0.00,-0.00,0.00,8.00
45517.00,0.18,-0.25,0.22,0.00,0.00,-3.87,0.00,-0.19,-546.88,-0.00,-0.00,-0.01,0.00,0.00,0.00,5.00
45522.00,0.18,-0.25,0.16,0.00,0.00,-11.40,0.00,-0.19,-1506.82,-0.00,-0.00,-0.01,0.00,0.00,0.00,7.00
45529.00,0.18,-0.25,0.12,0.00,0.00,-6.29,0.00,-0.19,729.63,-0.00,-0.00,-0.01,0.00,0.00,0.00,8.00
45537.00,0.18,-0.25,0.22,0.00,0.00,13.30,0.00,-0.19,2448.64,-0.00,-0.00,-0.01,0.00,-0.00,-0.00,6.00
45543.00,0.18,-0.25,0.19,0.00,0.00,-5.06,0.00,-0.19,-3059.63,-0.00,-0.00,-0.01,0.00,-0.00,-0.00,7.00
45550.00,0.18,-0.25,0.12,0.00,0.00,-10.95,0.00,-0.19,-841.24,-0.00,-0.00,-0.01,0.00,-0.00,0.00,8.00
45558.00,0.18,-0.25,0.21,0.00,0.00,11.68,0.00,-0.19,2829.07,-0.00,-0.00,-0.01,-0.00,0.00,-0.00,8.00
45570.00,0.18,-0.25,0.10,0.00,0.00,-8.92,0.00,-0.19,-1716.93,-0.00,-0.00,-0.01,-0.00,-0.00,0.00,7.00
45577.00,0.18,-0.25,0.15,0.00,0.00,6.18,0.00,0.00,2157.20,-0.00,-0.00,-0.01,0.00,0.00,0.00,5.00
45582.00,0.18,-0.25,0.11,0.00,0.00,-7.76,0.00,0.00,-2788.19,-0.00,-0.00,-0.01,0.00,0.00,0.00,18.00
45600.00,0.18,-0.25,0.13,0.00,0.00,1.26,0.00,0.00,501.24,-0.00,-0.00,-0.01,0.00,0.00,-0.00,9.00
45609.00,0.18,-0.25,0.20,0.00,0.00,7.66,0.00,0.00,711.48,-0.00,-0.00,-0.01,-0.00,-0.00,-0.00,8.00
45617.00,0.18,-0.25,0.27,0.00,0.00,8.40,0.00,0.00,91.78,-0.00,-0.00,-0.01,-0.00,-0.00,-0.00,5.00
45622.00,0.18,-0.25,0.19,0.00,0.00,-15.32,0.00,0.00,-4743.31,-0.00,-0.00,-0.01,-0.00,-0.00,-0.00,7.00
45629.00,0.18,-0.25,0.15,0.00,0.00,-5.91,0.00,0.00,1344.24,-0.00,-0.00,-0.01,-0.00,-0.00,-0.00,7.00
45636.00,0.18,-0.25,0.28,0.00,0.00,18.73,0.00,0.00,3519.58,-0.00,-0.00,-0.01,0.00,0.00,-0.00,5.00
45641.00,0.18,-0.25,0.21,0.00,0.00,-14.71,0.00,0.00,-6687.68,-0.00,-0.00,-0.01,0.00,0.00,-0.00,8.00
45659.00,0.18,-0.25,0.14,0.00,0.00,-3.95,0.00,0.00,597.90,-0.00,-0.00,-0.01,-0.00,0.00,0.00,9.00
45668.00,0.18,-0.25,0.21,0.00,0.00,7.94,0.00,0.00,1320.72,-0.00,-0.00,-0.01,-0.00,-0.00,0.00,5.00
45673.00,0.18,-0.25,0.09,0.00,0.00,-22.32,0.00,0.00,-6052.79,-0.00,-0.00,-0.01,0.00,-0.00,0.00,7.00
45680.00,0.18,-0.25,0.20,0.00,0.00,14.43,0.00,0.00,5250.77,-0.00,-0.00,-0.01,0.00,-0.00,0.00,9.00
45689.00,0.18,-0.25,0.29,0.00,0.00,9.91,0.00,0.00,-502.59,-0.00,-0.00,-0.01,-0.00,-0.00,0.00,17.00
45706.00,0.18,-0.25,0.20,0.00,0.00,-5.10,0.00,0.00,-882.85,-0.00,-0.00,-0.01,0.00,-0.01,-0.00,6.00
45712.00,0.18,-0.25,0.26,0.00,0.00,9.79,0.00,0.00,2481.61,-0.00,-0.00,-0.01,0.00,-0.01,-0.00,7.00
45719.00,0.18,-0.25,0.22,0.00,0.00,-4.74,0.00,0.00,-2075.03,-0.00,-0.00,-0.01,0.00,-0.00,-0.00,6.00
45725.00,0.18,-0.25,0.15,0.00,0.00,-12.56,0.00,0.00,-1304.47,-0.00,-0.00,-0.01,-0.00,-0.00,-0.00,6.00
45731.00,0.18,-0.25,0.23,0.00,0.00,14.30,0.00,0.00,4477.41,-0.00,-0.00,-0.01,-0.00,-0.01,-0.00,8.00
45744.00,0.18,-0.25,0.19,0.00,0.00,-3.67,0.00,0.00,-1382.29,-0.00,-0.00,-0.01,-0.00,0.00,0.00,8.00
45752.00,0.18,-0.25,0.30,0.00,0.00,14.29,0.00,0.00,2244.63,-0.00,-0.00,-0.01,-0.00,0.00,0.00,7.00
45759.00,0.18,-0.25,0.16,0.00,0.00,-19.51,0.00,0.00,-4828.48,-0.00,-0.00,-0.01,0.00,0.00,0.00,9.00
45768.00,0.18,-0.25,0.19,0.00,0.00,2.54,0.00,0.00,2450.24,-0.00,-0.00,-0.01,0.00,0.00,0.00,5.00
45773.00,0.18,-0.25,0.20,0.00,0.00,3.32,0.00,0.00,156.18,-0.00,-0.00,-0.01,0.00,0.00,0.00,7.00
45780.00,0.18,-0.24,0.26,0.00,0.04,8.13,0.00,0.19,686.45,-0.00,-0.00,-0.01,-0.00,0.00,0.00,8.00
45788.00,0.18,-0.24,0.20,0.00,0.04,-8.07,0.00,0.19,-2025.23,-0.00,-0.00,-0.01,-0.00,0.01,0.00,16.00
45804.00,0.18,-0.24,0.31,0.00,0.04,7.32,0.00,0.19,961.89,-0.00,-0.00,-0.01,0.00,0.00,-0.00,7.00
45811.00,0.18,-0.24,0.12,0.00,0.04,-28.07,0.00,0.19,-5054.69,-0.00,-0.00,-0.01,0.00,-0.00,-0.00,8.00
45819.00,0.18,-0.24,0.22,0.00,0.04,12.57,0.00,0.19,5079.98,-0.00,-0.00,-0.01,0.00,-0.00,-0.00,6.00
45830.00,0.18,-0.24,0.14,0.00,0.04,-7.12,0.00,0.19,-1789.81,-0.00,-0.00,-0.01,0.00,-0.00,0.00,9.00
45839.00,0.18,-0.24,0.20,0.00,0.04,6.42,0.00,0.19,1503.46,-0.00,-0.00,-0.01,0.00,0.00,0.00,6.00
45845.00,0.18,-0.24,0.19,0.00,0.04,-0.92,0.00,0.19,-1221.99,-0.00,-0.00,-0.01,-0.00,0.00,0.00,6.00
45851.00,0.18,-0.24,0.21,0.00,0.04,3.00,0.00,0.19,652.53,-0.00,-0.00,-0.01,-0.00,0.00,0.00,8.00
45859.00,0.18,-0.24,0.31,0.00,0.04,13.19,0.00,0.19,1273.56,-0.00,-0.00,-0.01,0.00,0.01,0.00,8.00
45867.00,0.18,-0.24,0.22,0.00,0.04,-12.14,0.00,0.19,-3165.39,-0.00,-0.00,-0.01,0.00,0.00,0.00,5.00
45872.00,0.18,-0.24,0.21,0.00,0.04,-0.90,0.00,0.19,2247.29,-0.00,-0.00,-0.01,0.00,0.00,0.00,7.00
45879.00,0.18,-0.24,0.25,0.00,0.04,4.76,0.00,0.19,807.81,-0.00,-0.00,-0.01,-0.00,-0.00,-0.00,7.00
45886.00,0.18,-0.24,0.15,0.00,0.04,-13.89,0.00,0.19,-2664.34,-0.00,-0.00,-0.01,-0.00,0.01,-0.00,16.00
45902.00,0.18,-0.24,0.19,0.00,0.04,2.32,0.00,0.19,1013.63,-0.00,-0.00,-0.01,-0.00,0.00,-0.00,8.00
45915.00,0.18,-0.24,0.30,0.00,0.04,8.66,0.00,0.19,487.24,-0.00,-0.00,-0.01,-0.00,-0.00,0.00,8.00
45923.00,0.18,-0.24,0.23,0.00,0.04,-8.34,0.00,0.19,-2124.68,-0.00,-0.00,-0.01,-0.00,-0.00,0.00,6.00
45929.00,0.18,-0.24,0.24,0.00,0.04,1.00,0.00,0.19,1556.48,-0.00,-0.00,-0.01,0.00,-0.00,0.00,6.00
45935.00,0.18,-0.24,0.23,0.00,0.04,-1.86,0.00,0.19,-477.22,-0.00,-0.00,-0.01,0.00,-0.00,0.00,6.00
45941.00,0.18,-0.24,0.26,0.00,0.04,5.52,0.00,0.19,1231.06,-0.00,-0.00,-0.01,0.00,0.00,0.00,9.00
45950.00,0.18,-0.24,0.14,0.00,0.04,-13.35,0.00,0.19,-2097.19,-0.00,-0.00,-0.01,0.00,0.01,0.00,8.00
45958.00,0.18,-0.24,0.13,0.00,0.04,-1.64,0.00,0.19,1463.84,-0.00,-0.00,-0.01,-0.00,0.00,0.00,5.00
45963.00,0.18,-0.24,0.30,0.00,0.04,33.66,0.00,0.19,7060.39,-0.00,-0.00,-0.01,-0.00,0.00,-0.00,8.00
45971.00,0.18,-0.24,0.19,0.00,0.04,-12.65,0.00,0.19,-5788.37,-0.00,-0.00,-0.01,-0.00,0.00,-0.00,5.00
45976.00,0.18,-0.24,0.25,0.00,0.04,10.71,0.00,0.19,4671.68,-0.00,-0.00,-0.01,-0.00,0.00,-0.00,6.00
45986.00,0.18,-0.24,0.15,0.00,0.00,-10.16,0.00,-0.18,-2086.77,-0.00,-0.00,-0.01,-0.00,-0.00,-0.00,16.00
46002.00,0.18,-0.24,0.18,0.00,0.00,2.21,0.00,-0.18,772.58,-0.00,-0.00,-0.01,0.00,0.00,0.00,9.00
46011.00,0.18,-0.24,0.15,0.00,0.00,-3.36,0.00,-0.18,-618.48,-0.00,-0.00,-0.01,-0.00,0.00,0.00,7.00
46018.00,0.18,-0.24,0.18,0.00,0.00,4.09,0.00,-0.18,1063.82,-0.00,-0.00,-0.01,0.00,0.00,0.00,6.00
46024.00,0.18,-0.24,0.24,0.00,0.00,9.33,0.00,-0.18,874.51,-0.00,-0.00,-0.01,0.00,0.00,0.00,7.00
46031.00,0.18,-0.24,0.22,0.00,0.00,-1.67,0.00,-0.18,-1571.27,-0.00,-0.00,-0.01,0.00,0.00,0.00,8.00
46039.00,0.18,-0.24,0.17,0.00,0.00,-7.36,0.00,-0.18,-711.75,-0.00,-0.00,-0.01,0.00,0.00,-0.00,6.00
46045.00,0.18,-0.24,0.17,0.00,0.00,1.61,0.00,-0.18,1494.52,-0.00,-0.00,-0.01,0.00,0.00,-0.00,7.00
46052.00,0.18,-0.24,0.26,0.00,0.00,11.57,0.00,-0.18,1423.13,-0.00,-0.00,-0.01,0.00,0.00,0.00,8.00
46060.00,0.18,-0.24,0.19,0.00,0.00,-8.31,0.00,-0.18,-2484.83,-0.00,-0.00,-0.01,-0.00,0.00,0.00,8.00
46073.00,0.18,-0.24,0.19,0.00,0.00,-0.31,0.00,-0.18,615.01,-0.00,-0.00,-0.01,-0.00,0.00,0.00,8.00
46081.00,0.18,-0.24,0.20,0.00,0.00,1.90,0.00,-0.18,276.46,-0.00,-0.00,-0.01,-0.00,-0.00,0.00,7.00
46088.00,0.18,-0.24,0.22,0.00,0.00,2.18,0.00,-0.18,40.07,-0.00,-0.00,-0.01,-0.00,0.00,0.00,16.00
46104.00,0.18,-0.24,0.30,0.00,0.00,5.19,0.00,-0.18,188.53,-0.00,-0.00,-0.01,-0.00,0.00,-0.00,7.00
46111.00,0.18,-0.24,0.19,0.00,0.00,-15.81,0.00,-0.18,-3000.30,-0.00,-0.00,-0.01,-0.00,0.00,0.00,9.00
46120.00,0.18,-0.24,0.19,0.00,0.00,0.05,0.00,-0.18,1761.84,-0.00,-0.00,-0.01,0.00,0.00,0.00,6.00
46126.00,0.18,-0.24,0.17,0.00,0.00,-2.89,0.00,-0.18,-489.02,-0.00,-0.00,-0.01,0.00,0.00,-0.00,6.00
46132.00,0.18,-0.24,0.15,0.00,0.00,-3.80,0.00,-0.18,-152.03,-0.00,-0.00,-0.01,0.00,0.00,-0.00,9.00
46141.00,0.18,-0.24,0.24,0.00,0.00,10.26,0.00,-0.18,1561.75,-0.00,-0.00,-0.01,0.00,-0.00,0.00,7.00
46148.00,0.18,-0.24,0.18,0.00,0.00,-9.37,0.00,-0.18,-2804.53,-0.00,-0.00,-0.01,-0.00,0.00,-0.00,6.00
46158.00,0.18,-0.24,0.21,0.00,0.00,3.46,0.00,-0.18,1283.56,-0.00,-0.00,-0.01,-0.00,0.00,0.00,6.00
46164.00,0.18,-0.24,0.25,0.00,0.00,7.30,0.00,-0.18,639.85,-0.00,-0.00,-0.01,-0.00,0.00,0.00,8.00
46172.00,0.18,-0.24,0.27,0.00,0.00,2.50,0.00,-0.18,-600.53,-0.00,-0.00,-0.01,0.00,0.00,0.00,6.00
46178.00,0.18,-0.24,0.25,0.00,0.00,-3.12,0.00,-0.18,-936.50,-0.00,-0.00,-0.01,0.00,0.00,-0.00,5.00
46183.00,0.18,-0.24,0.26,0.00,0.00,1.00,0.00,-0.18,824.49,-0.00,-0.00,-0.01,0.00,0.00,-0.00,18.00
46201.00,0.17,-0.24,0.23,-0.05,0.04,-1.49,-0.24,0.19,-138.52,-0.00,-0.00,-0.01,0.00,-0.00,0.00,9.00
46210.00,0.17,-0.24,0.32,-0.05,0.04,9.76,-0.24,0.19,1250.18,-0.00,-0.00,-0.01,-0.00,-0.00,0.00,6.00
46216.00,0.17,-0.24,0.24,-0.05,0.04,-14.20,-0.24,0.19,-3992.89,-0.00,-0.00,-0.01,-0.00,-0.00,0.00,7.00
46223.00,0.17,-0.24,0.25,-0.05,0.04,1.54,-0.24,0.19,2248.03,-0.00,-0.00,-0.01,-0.00,-0.00,0.00,6.00
46229.00,0.17,-0.24,0.09,-0.05,0.04,-25.37,-0.24,0.19,-4483.71,-0.00,-0.00,-0.01,0.00,0.00,0.00,5.00
46239.00,0.17,-0.24,0.21,-0.05,0.04,11.13,-0.24,0.19,3649.48,-0.00,-0.00,-0.01,0.00,0.00,0.00,7.00
46246.00,0.17,-0.24,0.25,-0.05,0.04,7.04,-0.24,0.19,-584.84,-0.00,-0.00,-0.01,0.00,0.00,0.00,6.00
46252.00,0.17,-0.24,0.17,-0.05,0.04,-14.38,-0.24,0.19,-3569.22,-0.00,-0.00,-0.01,0.00,0.01,0.00,9.00
46261.00,0.17,-0.24,0.19,-0.05,0.04,2.49,-0.24,0.19,1874.69,-0.00,-0.00,-0.01,0.00,0.01,0.00,7.00
46268.00,0.17,-0.24,0.17,-0.05,0.04,-3.35,-0.24,0.19,-834.80,-0.00,-0.00,-0.01,-0.00,0.00,0.00,6.00
46274.00,0.17,-0.24,0.22,-0.05,0.04,8.14,-0.24,0.19,1915.83,-0.00,-0.00,-0.01,-0.00,0.00,0.00,6.00
46280.00,0.17,-0.24,0.28,-0.05,0.04,9.91,-0.24,0.19,294.28,-0.00,-0.00,-0.01,0.00,-0.00,0.00,18.00
46298.00,0.17,-0.24,0.25,-0.05,0.04,-1.42,-0.24,0.19,-629.19,-0.00,-0.00,-0.01,-0.00,-0.00,-0.00,5.00
46303.00,0.17,-0.24,0.21,-0.05,0.04,-7.27,-0.24,0.19,-1171.31,-0.00,-0.00,-0.01,-0.00,-0.00,-0.00,8.00
46311.00,0.17,-0.24,0.20,-0.05,0.04,-1.22,-0.24,0.19,756.21,-0.00,-0.00,-0.01,-0.00,0.00,-0.00,8.00
46329.00,0.17,-0.24,0.22,-0.05,0.04,1.06,-0.24,0.19,126.57,-0.00,-0.00,-0.01,-0.00,0.00,0.00,6.00
46335.00,0.17,-0.24,0.22,-0.05,0.04,-0.12,-0.24,0.19,-196.75,-0.00,-0.00,-0.01,-0.00,0.00,0.00,7.00
46342.00,0.17,-0.24,0.21,-0.05,0.04,-2.22,-0.24,0.19,-298.73,-0.00,-0.00,-0.01,0.00,-0.00,0.00,8.00
46350.00,0.17,-0.24,0.26,-0.05,0.04,7.12,-0.24,0.19,1166.49,-0.00,-0.00,-0.01,0.00,0.00,0.00,6.00
46356.00,0.17,-0.24,0.21,-0.05,0.04,-9.13,-0.24,0.19,-2707.52,-0.00,-0.00,-0.01,0.00,-0.00,0.00,7.00
46363.00,0.17,-0.24,0.13,-0.05,0.04,-11.42,-0.24,0.19,-327.68,-0.00,-0.00,-0.01,-0.00,-0.00,0.00,8.00
46371.00,0.17,-0.24,0.19,-0.05,0.04,7.10,-0.24,0.19,2315.96,-0.00,-0.00,-0.01,0.00,-0.00,0.00,7.00
46378.00,0.17,-0.24,0.16,-0.05,0.04,-3.03,-0.24,0.19,-1447.30,-0.00,-0.00,-0.01,-0.00,0.00,-0.00,5.00
46383.00,0.17,-0.24,0.24,-0.05,0.04,14.30,-0.24,0.19,3465.27,-0.00,-0.00,-0.01,-0.00,0.00,-0.00,18.00
46401.00,0.17,-0.24,0.14,0.00,0.00,-5.38,0.26,-0.20,-1093.50,-0.00,-0.00,-0.01,0.00,0.00,-0.00,8.00
46414.00,0.17,-0.24,0.28,0.00,0.00,10.93,0.26,-0.20,1254.64,-0.00,-0.00,-0.01,0.00,0.00,0.00,9.00
46423.00,0.17,-0.24,0.06,0.00,0.00,-24.03,0.26,-0.20,-3884.04,-0.00,-0.00,-0.01,0.00,0.00,0.00,5.00
46428.00,0.17,-0.24,0.19,0.00,0.00,24.14,0.26,-0.20,9634.05,-0.00,-0.00,-0.01,-0.00,0.00,0.00,6.00
46434.00,0.17,-0.24,0.05,0.00,0.00,-22.34,0.26,-0.20,-7746.97,-0.00,-0.00,-0.01,-0.00,-0.00,0.00,8.00
46442.00,0.17,-0.24,0.07,0.00,0.00,1.79,0.26,-0.20,3016.32,-0.00,-0.00,-0.01,-0.00,-0.00,0.00,7.00
46449.00,0.17,-0.24,0.16,0.00,0.00,13.23,0.26,-0.20,1634.12,-0.00,-0.00,-0.01,0.00,0.00,-0.00,6.00
46455.00,0.17,-0.24,-0.03,0.00,0.00,-32.07,0.26,-0.20,-7549.50,-0.00,-0.00,-0.01,0.00,0.00,-0.00,7.00
46462.00,0.17,-0.24,0.10,0.00,0.00,19.16,0.26,-0.20,7318.30,-0.00,-0.00,-0.01,0.00,0.00,-0.00,9.00
46471.00,0.17,-0.24,0.13,0.00,0.00,3.23,0.26,-0.20,-1770.15,-0.00,-0.00,-0.01,0.00,-0.00,0.00,5.00
46476.00,0.17,-0.24,0.19,0.00,0.00,12.60,0.26,-0.20,1873.91,-0.00,-0.00,-0.01,0.00,-0.00,-0.00,7.00
46488.00,0.17,-0.24,0.13,0.00,0.00,-4.82,0.26,-0.20,-1451.47,-0.00,-0.00,-0.01,0.00,-0.00,0.00,16.00
46504.00,0.17,-0.24,0.15,0.00,0.00,0.79,0.26,-0.20,350.53,-0.00,-0.00,-0.01,-0.00,0.00,-0.00,8.00
46512.00,0.17,-0.24,0.17,0.00,0.00,2.54,0.26,-0.20,219.08,-0.00,-0.00,-0.01,0.00,0.00,0.00,8.00
46520.00,0.17,-0.24,0.18,0.00,0.00,0.96,0.26,-0.20,-197.75,-0.00,-0.00,-0.01,0.00,-0.00,-0.00,6.00
46526.00,0.17,-0.24,0.22,0.00,0.00,7.74,0.26,-0.20,1129.44,-0.00,-0.00,-0.01,-0.00,-0.00,-0.00,7.00
46533.00,0.17,-0.24,0.14,0.00,0.00,-10.94,0.26,-0.20,-2668.33,-0.00,-0.00,-0.01,-0.00,0.00,0.00,8.00
46541.00,0.17,-0.24,0.23,0.00,0.00,10.18,0.26,-0.20,2640.87,-0.00,-0.00,-0.01,0.00,-0.00,0.00,7.00
46548.00,0.17,-0.24,0.26,0.00,0.00,5.40,0.26,-0.20,-684.08,-0.00,-0.00,-0.01,0.00,-0.00,-0.00,6.00
46554.00,0.17,-0.24,0.21,0.00,0.00,-9.55,0.26,-0.20,-2490.67,-0.00,-0.00,-0.01,0.00,-0.00,-0.00,8.00
46562.00,0.17,-0.24,0.16,0.00,0.00,-5.76,0.26,-0.20,473.48,-0.00,-0.00,-0.01,-0.00,-0.00,0.00,7.00
46574.00,0.17,-0.24,0.23,0.00,0.00,5.60,0.26,-0.20,946.57,-0.00,-0.00,-0.01,0.00,-0.00,0.00,7.00
46581.00,0.17,-0.24,0.11,0.00,0.00,-16.48,0.26,-0.20,-3154.01,-0.00,-0.00,-0.01,-0.00,-0.00,0.00,6.00
46587.00,0.17,-0.24,0.06,0.00,0.00,-8.39,0.26,-0.20,1347.54,-0.00,-0.00,-0.01,0.00,-0.00,0.00,16.00
46603.00,0.17,-0.23,0.18,0.00,0.04,7.17,0.00,0.19,972.84,-0.00,-0.00,-0.01,0.00,0.00,0.00,9.00
46612.00,0.17,-0.23,0.11,0.00,0.04,-7.68,0.00,0.19,-1650.45,-0.00,-0.00,-0.01,0.00,0.00,-0.00,8.00
46620.00,0.17,-0.23,0.26,0.00,0.04,19.56,0.00,0.19,3405.60,-0.00,-0.00,-0.01,-0.00,0.00,-0.00,6.00
46626.00,0.17,-0.23,0.32,0.00,0.04,9.31,0.00,0.19,-1708.46,-0.00,-0.00,-0.01,-0.00,0.00,-0.00,6.00
46632.00,0.17,-0.23,0.31,0.00,0.04,-1.96,0.00,0.19,-1878.58,-0.00,-0.00,-0.01,-0.00,0.00,0.00,8.00
46640.00,0.17,-0.23,0.22,0.00,0.04,-10.60,0.00,0.19,-1080.55,-0.00,-0.00,-0.01,0.00,0.00,0.00,5.00
46645.00,0.17,-0.23,0.29,0.00,0.04,13.16,0.00,0.19,4753.69,-0.00,-0.00,-0.01,-0.00,0.00,0.00,8.00
46658.00,0.17,-0.23,0.33,0.00,0.04,3.47,0.00,0.19,-745.55,-0.00,-0.00,-0.01,-0.00,-0.00,0.00,7.00
46665.00,0.17,-0.23,0.25,0.00,0.04,-12.50,0.00,0.19,-2281.63,-0.00,-0.00,-0.01,0.00,-0.00,0.00,8.00
46673.00,0.17,-0.23,0.21,0.00,0.04,-4.57,0.00,0.19,990.92,-0.00,-0.00,-0.01,0.00,-0.00,-0.00,5.00
46678.00,0.17,-0.23,0.21,0.00,0.04,-0.86,0.00,0.19,741.44,-0.00,-0.00,-0.01,0.00,0.00,-0.00,6.00
46684.00,0.17,-0.23,0.24,0.00,0.04,5.92,0.00,0.19,1130.95,-0.00,-0.00,-0.01,0.00,0.00,0.00,19.00
46703.00,0.17,-0.23,0.20,0.00,0.04,-2.01,0.00,0.19,-417.27,-0.00,-0.00,-0.01,0.00,-0.00,-0.00,9.00
46712.00,0.17,-0.23,0.26,0.00,0.04,6.66,0.00,0.19,963.54,-0.00,-0.00,-0.01,-0.00,-0.00,0.00,8.00
46720.00,0.17,-0.23,0.12,0.00,0.04,-18.30,0.00,0.19,-3120.91,-0.00,-0.00,-0.01,-0.00,-0.00,0.00,5.00
46725.00,0.17,-0.23,0.14,0.00,0.04,4.83,0.00,0.19,4625.81,-0.00,-0.00,-0.01,-0.00,-0.00,0.00,6.00
46731.00,0.17,-0.23,0.13,0.00,0.04,-2.14,0.00,0.19,-1161.45,-0.00,-0.00,-0.01,0.00,0.00,0.00,7.00
46742.00,0.17,-0.23,0.14,0.00,0.04,1.39,0.00,0.19,321.42,-0.00,-0.00,-0.01,0.00,0.00,0.00,9.00
46751.00,0.17,-0.23,0.23,0.00,0.04,9.28,0.00,0.19,876.12,-0.00,-0.00,-0.01,0.00,0.00,0.00,5.00
46756.00,0.17,-0.23,0.13,0.00,0.04,-19.22,0.00,0.19,-5698.82,-0.00,-0.00,-0.01,0.00,0.00,0.00,8.00
46764.00,0.17,-0.23,0.17,0.00,0.04,4.33,0.00,0.19,2943.79,-0.00,-0.00,-0.01,0.00,0.00,0.00,8.00
46772.00,0.17,-0.23,0.15,0.00,0.04,-1.86,0.00,0.19,-773.88,-0.00,-0.00,-0.01,0.00,0.00,0.00,6.00
46778.00,0.17,-0.23,0.15,0.00,0.04,-0.31,0.00,0.19,257.76,-0.00,-0.00,-0.01,0.00,-0.00,0.00,6.00
46784.00,0.17,-0.23,0.09,0.00,0.04,-9.65,0.00,0.19,-1556.18,-0.00,-0.00,-0.01,0.00,-0.00,0.00,19.00
46803.00,0.17,-0.24,0.16,0.00,-0.04,3.85,0.00,-0.38,710.44,-0.00,-0.00,-0.01,0.00,0.00,0.00,8.00
46811.00,0.17,-0.24,0.11,0.00,-0.04,-7.08,0.00,-0.38,-1366.16,-0.00,-0.00,-0.01,0.00,-0.00,-0.00,5.00
46816.00,0.17,-0.24,0.10,0.00,-0.04,-1.11,0.00,-0.38,1192.89,-0.00,-0.00,-0.01,0.00,0.00,-0.00,8.00
46829.00,0.17,-0.24,0.17,0.00,-0.04,4.98,0.00,-0.38,468.99,-0.00,-0.00,-0.01,-0.00,0.00,0.00,7.00
46836.00,0.17,-0.24,0.15,0.00,-0.04,-3.00,0.00,-0.38,-1140.39,-0.00,-0.00,-0.01,-0.00,0.00,0.00,7.00
46843.00,0.17,-0.24,0.06,0.00,-0.04,-11.62,0.00,-0.38,-1230.96,-0.00,-0.00,-0.01,0.00,-0.00,-0.00,8.00
46851.00,0.17,-0.24,0.13,0.00,-0.04,8.59,0.00,-0.38,2526.22,-0.00,-0.00,-0.01,-0.00,-0.00,-0.00,5.00
46856.00,0.17,-0.24,0.07,0.00,-0.04,-12.90,0.00,-0.38,-4299.09,-0.00,-0.00,-0.01,-0.00,-0.00,-0.00,8.00
46864.00,0.17,-0.24,0.02,0.00,-0.04,-6.43,0.00,-0.38,808.54,-0.00,-0.00,-0.01,0.00,-0.00,0.00,9.00
46873.00,0.17,-0.24,-0.04,0.00,-0.04,-6.65,0.00,-0.38,-24.51,-0.00,-0.00,-0.01,0.00,-0.00,-0.00,5.00
46878.00,0.17,-0.24,0.09,0.00,-0.04,27.41,0.00,-0.38,6812.41,-0.00,-0.00,-0.01,-0.00,-0.00,-0.00,6.00
46884.00,0.17,-0.24,0.17,0.00,-0.04,12.25,0.00,-0.38,-2525.53,-0.00,-0.00,-0.01,-0.00,0.00,0.00,19.00
46903.00,0.17,-0.24,0.17,0.00,-0.04,-0.05,0.00,-0.38,-647.55,-0.00,-0.00,-0.01,0.00,0.00,-0.00,7.00
46915.00,0.17,-0.24,0.20,0.00,-0.04,2.34,0.00,-0.38,199.46,-0.00,-0.00,-0.01,0.00,0.00,0.00,9.00
46924.00,0.17,-0.24,0.22,0.00,-0.04,2.46,0.00,-0.38,13.30,-0.00,-0.00,-0.01,-0.00,0.00,-0.00,5.00
46929.00,0.17,-0.24,0.21,0.00,-0.04,-2.31,0.00,-0.38,-955.19,-0.00,-0.00,-0.01,0.00,0.00,0.00,6.00
46935.00,0.17,-0.24,0.15,0.00,-0.04,-9.11,0.00,-0.38,-1132.32,-0.00,-0.00,-0.01,0.00,0.00,0.00,8.00
46943.00,0.17,-0.24,0.08,0.00,-0.04,-8.36,0.00,-0.38,93.01,-0.00,-0.00,-0.01,-0.00,0.00,-0.00,8.00
46951.00,0.17,-0.24,0.08,0.00,-0.04,-0.37,0.00,-0.38,998.41,-0.00,-0.00,-0.01,0.00,0.00,0.00,5.00
46956.00,0.17,-0.24,0.13,0.00,-0.04,10.16,0.00,-0.38,2107.04,-0.00,-0.00,-0.01,0.00,0.00,0.00,8.00
46964.00,0.17,-0.24,0.11,0.00,-0.04,-2.40,0.00,-0.38,-1570.64,-0.00,-0.00,-0.01,0.00,-0.00,-0.00,9.00
46973.00,0.17,-0.24,0.09,0.00,-0.04,-2.66,0.00,-0.38,-28.83,-0.00,-0.00,-0.01,-0.00,-0.00,0.00,5.00
46978.00,0.17,-0.24,0.08,0.00,-0.04,-2.51,0.00,-0.38,30.30,-0.00,-0.00,-0.01,-0.00,-0.00,0.00,7.00
46994.00,0.17,-0.24,0.09,0.00,-0.04,0.74,0.00,-0.38,203.09,-0.00,-0.00,-0.01,0.00,0.00,-0.00,20.00
47014.00,0.17,-0.23,0.24,0.00,0.04,7.71,0.00,0.35,348.40,-0.00,-0.00,-0.01,0.00,0.00,-0.00,8.00
47022.00,0.17,-0.23,0.13,0.00,0.04,-14.54,0.00,0.35,-2781.14,-0.00,-0.00,-0.01,0.00,0.01,-0.00,5.00
47027.00,0.17,-0.23,0.16,0.00,0.04,6.10,0.00,0.35,4128.66,-0.00,-0.00,-0.01,0.00,0.01,-0.00,7.00
47034.00,0.17,-0.23,0.11,0.00,0.04,-6.50,0.00,0.35,-1799.54,-0.00,-0.00,-0.01,-0.00,0.00,-0.00,7.00
47041.00,0.17,-0.23,0.19,0.00,0.04,11.20,0.00,0.35,2527.48,-0.00,-0.00,-0.01,-0.00,-0.00,0.00,6.00
47047.00,0.17,-0.23,0.26,0.00,0.04,11.41,0.00,0.35,36.14,-0.00,-0.00,-0.01,-0.00,-0.00,0.00,7.00
47054.00,0.17,-0.23,0.19,0.00,0.04,-10.40,0.00,0.35,-3115.94,-0.00,-0.00,-0.01,-0.00,-0.00,-0.00,8.00
47062.00,0.17,-0.23,0.09,0.00,0.04,-12.27,0.00,0.35,-234.45,-0.00,-0.00,-0.01,0.00,-0.00,0.00,5.00
47067.00,0.17,-0.23,0.15,0.00,0.04,13.06,0.00,0.35,5067.31,-0.00,-0.00,-0.01,0.00,-0.00,0.00,8.00
47080.00,0.17,-0.23,0.22,0.00,0.04,4.93,0.00,0.35,-625.85,-0.00,-0.00,-0.01,0.00,-0.00,-0.00,6.00
47086.00,0.17,-0.23,0.53,0.00,0.04,52.33,0.00,0.35,7900.86,-0.00,-0.00,-0.01,0.00,-0.00,-0.00,7.00
47093.00,0.17,-0.23,0.13,0.00,0.04,-56.54,0.00,0.35,-15552.38,-0.00,-0.00,-0.01,0.00,-0.00,-0.01,16.00
47109.00,0.17,-0.23,0.18,0.00,0.04,2.59,0.00,0.35,3695.49,-0.00,-0.00,-0.01,0.00,0.00,-0.00,7.00
47116.00,0.17,-0.23,0.25,0.00,0.04,10.98,0.00,0.35,1197.74,-0.00,-0.00,-0.01,0.00,0.00,-0.00,8.00
47124.00,0.17,-0.23,0.21,0.00,0.04,-5.83,0.00,0.35,-2101.12,-0.00,-0.00,-0.01,0.00,0.00,0.00,5.00
47129.00,0.17,-0.23,0.25,0.00,0.04,8.35,0.00,0.35,2835.80,-0.00,-0.00,-0.01,-0.00,0.00,-0.00,6.00
47135.00,0.17,-0.23,0.20,0.00,0.04,-8.13,0.00,0.35,-2746.57,-0.00,-0.00,-0.01,-0.00,0.00,-0.00,9.00
47144.00,0.17,-0.23,0.33,0.00,0.04,14.29,0.00,0.35,2491.10,-0.00,-0.00,-0.01,-0.00,0.00,-0.00,7.00
47151.00,0.17,-0.23,0.26,0.00,0.04,-9.67,0.00,0.35,-3422.48,-0.00,-0.00,-0.01,-0.00,-0.00,-0.00,7.00
47163.00,0.17,-0.23,0.20,0.00,0.04,-4.93,0.00,0.35,395.35,-0.00,-0.00,-0.01,0.00,-0.00,-0.00,7.00
47170.00,0.17,-0.23,0.30,0.00,0.04,13.89,0.00,0.35,2688.46,-0.00,-0.00,-0.01,0.00,-0.00,-0.00,6.00
47176.00,0.17,-0.23,0.28,0.00,0.04,-2.92,0.00,0.35,-2802.90,-0.00,-0.00,-0.01,0.00,-0.00,0.00,6.00
47182.00,0.17,-0.23,0.17,0.00,0.04,-17.93,0.00,0.35,-2501.40,-0.00,-0.00,-0.01,0.00,-0.00,0.00,5.00
47187.00,0.17,-0.23,0.19,0.00,0.04,4.30,0.00,0.35,4446.41,-0.00,-0.00,-0.01,0.00,-0.01,0.00,17.00
47204.00,0.17,-0.23,0.19,0.00,0.04,-0.54,0.00,0.35,-284.87,-0.00,-0.00,-0.01,0.00,-0.00,0.00,9.00
47213.00,0.17,-0.23,0.22,0.00,0.04,3.78,0.00,0.35,480.39,-0.00,-0.00,-0.01,0.00,0.00,0.00,6.00
47219.00,0.17,-0.23,0.23,0.00,0.00,1.24,0.00,-0.18,-424.09,-0.00,-0.00,-0.01,0.00,-0.00,0.00,7.00
47226.00,0.17,-0.23,0.24,0.00,0.00,1.42,0.00,-0.18,26.74,-0.00,-0.00,-0.01,0.00,-0.00,0.00,5.00
47231.00,0.17,-0.23,0.21,0.00,0.00,-5.78,0.00,-0.18,-1440.14,-0.00,-0.00,-0.01,-0.00,0.00,-0.00,7.00
47242.00,0.17,-0.23,0.23,0.00,0.00,2.21,0.00,-0.18,725.97,-0.00,-0.00,-0.01,-0.00,0.00,-0.00,7.00
47249.00,0.17,-0.23,0.12,0.00,0.00,-15.56,0.00,-0.18,-2538.68,-0.00,-0.00,-0.01,-0.00,-0.00,-0.00,6.00
47255.00,0.17,-0.23,0.12,0.00,0.00,0.18,0.00,-0.18,2624.49,-0.00,-0.00,-0.01,0.00,-0.00,-0.00,9.00
47264.00,0.17,-0.23,0.18,0.00,0.00,5.98,0.00,-0.18,643.97,-0.00,-0.00,-0.01,0.00,0.00,-0.00,7.00
47271.00,0.17,-0.23,0.25,0.00,0.00,9.60,0.00,-0.18,517.14,-0.00,-0.00,-0.01,0.00,-0.00,0.00,7.00
47278.00,0.17,-0.23,0.17,0.00,0.00,-11.39,0.00,-0.18,-2998.79,-0.00,-0.00,-0.01,0.00,-0.00,0.00,6.00
47284.00,0.17,-0.23,0.18,0.00,0.00,2.52,0.00,-0.18,2318.62,-0.00,-0.00,-0.01,-0.00,0.00,0.00,18.00
47302.00,0.17,-0.23,0.17,0.00,0.00,-0.73,0.00,-0.18,-180.59,-0.00,-0.00,-0.01,0.00,-0.00,0.00,5.00
47307.00,0.17,-0.23,0.17,0.00,0.00,0.95,0.00,-0.18,335.51,-0.00,-0.00,-0.01,-0.00,-0.00,-0.00,8.00
47315.00,0.17,-0.23,0.38,0.00,0.00,26.02,0.00,-0.18,3134.69,-0.00,-0.00,-0.01,-0.00,0.00,-0.00,8.00
47328.00,0.17,-0.23,0.23,0.00,0.00,-11.37,0.00,-0.18,-2876.83,-0.00,-0.00,-0.01,0.00,0.00,-0.00,8.00
47336.00,0.17,-0.23,0.16,0.00,0.00,-8.57,0.00,-0.18,350.10,-0.00,-0.00,-0.01,0.00,0.00,0.00,8.00
47344.00,0.17,-0.23,0.23,0.00,0.00,8.22,0.00,-0.18,2098.80,-0.00,-0.00,-0.01,0.00,0.01,-0.00,7.00
47351.00,0.17,-0.23,0.15,0.00,0.00,-11.35,0.00,-0.18,-2795.30,-0.00,-0.00,-0.01,-0.00,0.00,0.00,6.00
47357.00,0.17,-0.23,0.21,0.00,0.00,10.74,0.00,-0.18,3682.16,-0.00,-0.00,-0.01,-0.00,0.00,0.00,8.00
47365.00,0.17,-0.23,0.27,0.00,0.00,7.27,0.00,-0.18,-434.53,-0.00,-0.00,-0.01,-0.00,0.00,-0.00,8.00
47373.00,0.17,-0.23,0.19,0.00,0.00,-10.96,0.00,-0.18,-2277.86,-0.00,-0.00,-0.01,-0.00,0.00,0.00,6.00
47379.00,0.17,-0.23,0.23,0.00,0.00,7.31,0.00,-0.18,3043.67,-0.00,-0.00,-0.01,-0.00,0.00,0.00,6.00
47385.00,0.17,-0.23,0.16,0.00,0.00,-12.16,0.00,-0.18,-3243.69,-0.00,-0.00,-0.01,0.00,-0.00,0.00,19.00
47404.00,0.17,-0.23,0.05,0.00,0.00,-5.80,0.00,-0.18,334.57,-0.00,-0.00,-0.01,-0.00,0.00,-0.00,6.00
47415.00,0.17,-0.23,0.14,0.00,0.00,8.47,0.00,-0.18,1297.03,-0.00,-0.00,-0.01,-0.00,0.00,0.00,9.00
47424.00,0.17,-0.23,0.10,0.00,0.00,-4.25,0.00,0.00,-1413.50,-0.00,-0.00,-0.01,0.00,0.00,0.00,5.00
47429.00,0.17,-0.23,0.16,0.00,0.00,12.47,0.00,0.00,3344.18,-0.00,-0.00,-0.01,0.00,0.00,0.00,7.00
47436.00,0.17,-0.23,0.12,0.00,0.00,-5.80,0.00,0.00,-2610.17,-0.00,-0.00,-0.01,0.00,0.00,0.00,8.00
47444.00,0.17,-0.23,0.19,0.00,0.00,8.53,0.00,0.00,1791.39,-0.00,-0.00,-0.01,0.00,0.00,0.00,8.00
47452.00,0.17,-0.23,0.09,0.00,0.00,-13.08,0.00,0.00,-2701.26,-0.00,-0.00,-0.01,0.00,0.00,0.00,5.00
47457.00,0.17,-0.23,0.16,0.00,0.00,14.80,0.00,0.00,5576.44,-0.00,-0.00,-0.01,0.00,0.00,0.00,8.00
47465.00,0.17,-0.23,0.07,0.00,0.00,-11.51,0.00,0.00,-3288.36,-0.00,-0.00,-0.01,-0.00,0.01,0.00,8.00
47473.00,0.17,-0.23,0.12,0.00,0.00,6.81,0.00,0.00,2290.35,-0.00,-0.00,-0.01,-0.00,0.00,0.00,6.00
47479.00,0.17,-0.23,0.17,0.00,0.00,8.69,0.00,0.00,312.77,-0.00,-0.00,-0.01,-0.00,0.00,0.00,7.00
47490.00,0.17,-0.23,0.19,0.00,0.00,1.70,0.00,0.00,-636.01,-0.00,-0.00,-0.01,0.00,0.00,0.00,17.00
47507.00,0.17,-0.23,0.09,0.00,0.00,-5.92,0.00,0.00,-448.18,-0.00,-0.00,-0.01,0.00,-0.00,0.00,9.00
47516.00,0.17,-0.23,0.19,0.00,0.00,11.07,0.00,0.00,1888.60,-0.00,-0.00,-0.01,0.00,0.00,0.00,7.00
47523.00,0.17,-0.23,0.15,0.00,0.00,-6.19,0.00,0.00,-2465.64,-0.00,-0.00,-0.01,0.00,0.00,0.00,6.00
47529.00,0.17,-0.23,0.23,0.00,0.00,12.92,0.00,0.00,3183.95,-0.00,-0.00,-0.01,0.00,0.00,0.00,7.00
47536.00,0.17,-0.23,0.21,0.00,0.00,-1.89,0.00,0.00,-2114.82,-0.00,-0.00,-0.01,-0.00,0.00,0.00,9.00
47545.00,0.17,-0.23,0.25,0.00,0.00,4.50,0.00,0.00,709.14,-0.00,-0.00,-0.01,0.00,0.00,0.00,7.00
47552.00,0.17,-0.23,0.16,0.00,0.00,-13.34,0.00,0.00,-2547.92,-0.00,-0.00,-0.01,0.00,0.00,-0.00,5.00
47557.00,0.17,-0.23,0.24,0.00,0.00,16.47,0.00,0.00,5962.30,-0.00,-0.00,-0.01,0.00,0.00,-0.00,8.00
47565.00,0.17,-0.23,0.11,0.00,0.00,-16.61,0.00,0.00,-4134.90,-0.00,-0.00,-0.01,-0.00,0.00,0.00,8.00
47578.00,0.17,-0.23,0.07,0.00,0.00,-3.34,0.00,0.00,1020.30,-0.00,-0.00,-0.01,0.00,0.00,-0.00,8.00
47586.00,0.17,-0.23,0.19,0.00,0.00,15.55,0.00,0.00,2362.00,-0.00,-0.00,-0.01,-0.00,-0.00,0.00,8.00
47594.00,0.17,-0.23,0.23,0.00,0.00,4.38,0.00,0.00,-1396.21,-0.00,-0.00,-0.01,0.00,0.00,0.00,16.00
47610.00,0.17,-0.23,0.15,0.00,0.00,-4.98,0.00,0.00,-585.19,-0.00,-0.00,-0.01,-0.00,0.00,0.00,7.00
47617.00,0.17,-0.23,0.20,0.00,0.00,8.03,0.00,0.00,1859.08,-0.00,-0.00,-0.01,-0.00,0.00,0.00,8.00
47625.00,0.17,-0.22,0.20,0.00,0.04,-0.06,0.00,0.19,-1011.77,-0.00,-0.00,-0.01,0.00,0.01,0.00,6.00
47631.00,0.17,-0.22,0.17,0.00,0.04,-5.90,0.00,0.19,-972.93,-0.00,-0.00,-0.01,0.00,0.00,-0.00,6.00
47637.00,0.17,-0.22,0.20,0.00,0.04,5.94,0.00,0.19,1972.92,-0.00,-0.00,-0.01,0.00,0.00,-0.00,9.00
47646.00,0.17,-0.22,0.15,0.00,0.04,-6.20,0.00,0.19,-1348.68,-0.00,-0.00,-0.01,-0.00,0.00,-0.00,7.00
47653.00,0.17,-0.22,0.16,0.00,0.04,2.53,0.00,0.19,1246.25,-0.00,-0.00,-0.01,0.00,0.00,-0.00,6.00
47664.00,0.17,-0.22,0.24,0.00,0.04,6.90,0.00,0.19,397.58,-0.00,-0.00,-0.01,0.00,0.00,-0.00,6.00
47670.00,0.17,-0.22,0.17,0.00,0.04,-12.22,0.00,0.19,-3187.02,-0.00,-0.00,-0.01,0.00,0.00,-0.00,7.00
47677.00,0.17,-0.22,0.15,0.00,0.04,-2.05,0.00,0.19,1453.27,-0.00,-0.00,-0.01,0.00,0.00,0.00,15.00
47692.00,0.17,-0.22,0.25,0.00,0.04,6.74,0.00,0.19,586.30,-0.00,-0.00,-0.01,0.00,-0.00,-0.00,6.00
47698.00,0.17,-0.22,0.16,0.00,0.04,-16.24,0.00,0.19,-3830.31,-0.00,-0.00,-0.01,0.00,-0.00,-0.00,8.00
47706.00,0.17,-0.22,0.19,0.00,0.04,4.55,0.00,0.19,2598.96,-0.00,-0.00,-0.01,0.00,0.00,-0.00,7.00
47713.00,0.17,-0.22,0.18,0.00,0.04,-1.36,0.00,0.19,-845.01,-0.00,-0.00,-0.01,-0.00,0.00,0.00,5.00
47718.00,0.17,-0.22,0.15,0.00,0.04,-6.51,0.00,0.19,-1029.87,-0.00,-0.00,-0.01,-0.00,0.00,0.00,9.00
47727.00,0.17,-0.22,0.16,0.00,0.04,1.22,0.00,0.19,859.01,-0.00,-0.00,-0.01,-0.00,0.00,0.00,5.00
47732.00,0.17,-0.22,0.16,0.00,0.04,-0.64,0.00,0.19,-371.97,-0.00,-0.00,-0.01,-0.00,0.00,-0.00,6.00
47748.00,0.17,-0.22,0.24,0.00,0.04,4.84,0.00,0.19,342.76,-0.00,-0.00,-0.01,0.00,0.00,-0.00,9.00
47757.00,0.17,-0.22,0.14,0.00,0.04,-10.14,0.00,0.19,-1664.84,-0.00,-0.00,-0.01,0.00,0.00,-0.00,8.00
47765.00,0.17,-0.22,0.25,0.00,0.04,12.87,0.00,0.19,2875.97,-0.00,-0.00,-0.01,0.00,0.00,-0.00,7.00
47772.00,0.17,-0.22,0.21,0.00,0.04,-5.29,0.00,0.19,-2594.72,-0.00,-0.00,-0.01,0.00,-0.00,-0.00,6.00
47778.00,0.17,-0.22,0.14,0.00,0.04,-11.06,0.00,0.19,-961.53,-0.00,-0.00,-0.01,0.00,-0.00,-0.00,16.00
47794.00,0.17,-0.22,0.19,0.00,0.04,2.66,0.00,0.19,857.54,-0.00,-0.00,-0.01,-0.00,0.00,0.00,5.00
47799.00,0.17,-0.22,0.21,0.00,0.04,4.03,0.00,0.19,274.86,-0.00,-0.00,-0.01,-0.00,-0.00,0.00,7.00
47806.00,0.17,-0.22,0.18,0.00,0.04,-4.41,0.00,0.19,-1205.90,-0.00,-0.00,-0.01,0.00,-0.00,0.00,9.00
47815.00,0.17,-0.22,0.18,0.00,0.04,0.06,0.00,0.19,496.76,-0.00,-0.00,-0.01,0.00,0.00,0.00,6.00
47821.00,0.17,-0.22,0.09,0.00,0.04,-13.89,0.00,0.19,-2325.52,-0.00,-0.00,-0.01,-0.00,-0.00,-0.00,7.00
47833.00,0.17,-0.22,0.13,0.00,0.00,3.50,0.00,-0.18,1449.37,-0.00,-0.00,-0.01,-0.00,-0.00,0.00,7.00
47840.00,0.17,-0.22,0.15,0.00,0.00,2.82,0.00,-0.18,-96.90,-0.00,-0.00,-0.01,-0.00,0.00,0.00,7.00
47847.00,0.17,-0.22,0.19,0.00,0.00,4.65,0.00,-0.18,260.90,-0.00,-0.00,-0.01,0.00,0.00,-0.00,8.00
47855.00,0.17,-0.22,0.17,0.00,0.00,-2.51,0.00,-0.18,-894.75,-0.00,-0.00,-0.01,0.00,0.00,0.00,6.00
47861.00,0.17,-0.22,0.22,0.00,0.00,8.40,0.00,-0.18,1817.96,-0.00,-0.00,-0.01,-0.00,-0.00,0.00,7.00
47868.00,0.17,-0.22,0.15,0.00,0.00,-9.44,0.00,-0.18,-2549.05,-0.00,-0.00,-0.01,-0.00,-0.00,0.00,8.00
47876.00,0.17,-0.22,0.15,0.00,0.00,-0.17,0.00,-0.18,1159.91,-0.00,-0.00,-0.01,-0.00,-0.00,0.00,6.00
47882.00,0.17,-0.22,0.16,0.00,0.00,1.46,0.00,-0.18,271.45,-0.00,-0.00,-0.01,-0.00,-0.00,0.00,6.00
47888.00,0.17,-0.22,0.21,0.00,0.00,9.06,0.00,-0.18,1266.85,-0.00,-0.00,-0.01,-0.00,-0.01,0.00,18.00
47906.00,0.17,-0.22,0.15,0.00,0.00,-3.27,0.00,-0.18,-685.25,-0.00,-0.00,-0.01,0.00,-0.00,0.00,7.00
47918.00,0.17,-0.22,0.34,0.00,0.00,15.67,0.00,-0.18,1578.30,-0.00,-0.00,-0.01,0.00,-0.00,0.00,10.00
47928.00,0.17,-0.22,0.20,0.00,0.00,-14.23,0.00,-0.18,-2989.47,-0.00,-0.00,-0.01,-0.00,0.00,0.00,5.00
47933.00,0.17,-0.22,0.27,0.00,0.00,13.58,0.00,-0.18,5560.80,-0.00,-0.00,-0.01,0.00,0.00,0.00,6.00
47939.00,0.17,-0.22,0.27,0.00,0.00,0.11,0.00,-0.18,-2245.19,-0.00,-0.00,-0.01,-0.00,0.00,0.00,8.00
47947.00,0.17,-0.22,0.15,0.00,0.00,-15.37,0.00,-0.18,-1934.13,-0.00,-0.00,-0.01,-0.00,0.00,0.00,7.00
47954.00,0.17,-0.22,0.18,0.00,0.00,5.20,0.00,-0.18,2937.58,-0.00,-0.00,-0.01,-0.00,0.00,0.00,6.00
47960.00,0.17,-0.22,0.31,0.00,0.00,21.07,0.00,-0.18,2646.23,-0.00,-0.00,-0.01,-0.00,0.00,0.00,8.00
47968.00,0.17,-0.22,0.31,0.00,0.00,-0.11,0.00,-0.18,-2648.43,-0.00,-0.00,-0.01,0.00,-0.00,0.00,8.00
47976.00,0.17,-0.22,0.20,0.00,0.00,-13.26,0.00,-0.18,-1643.77,-0.00,-0.00,-0.01,0.00,0.00,0.00,6.00
47982.00,0.17,-0.22,0.27,0.00,0.00,12.15,0.00,-0.18,4234.84,-0.00,-0.00,-0.01,0.00,-0.00,0.00,6.00
47993.00,0.17,-0.22,0.28,0.00,0.00,0.89,0.00,-0.18,-1023.28,-0.00,-0.00,-0.01,0.00,-0.00,0.00,16.00
48009.00,0.17,-0.22,0.24,0.00,0.00,-2.81,0.00,-0.18,-231.02,-0.00,-0.00,-0.01,0.00,-0.00,-0.00,6.00
48015.00,0.17,-0.22,0.28,0.00,0.00,6.95,0.00,-0.18,1625.18,-0.00,-0.00,-0.01,0.00,-0.00,0.00,5.00
48020.00,0.17,-0.22,0.26,0.00,0.00,-4.59,0.00,-0.18,-2307.00,-0.00,-0.00,-0.01,0.00,-0.00,0.00,8.00
48028.00,0.17,-0.22,0.23,0.00,0.00,-4.13,0.00,-0.18,57.25,-0.00,-0.00,-0.01,0.00,0.00,0.00,5.00
48033.00,0.17,-0.21,0.20,0.00,0.04,-5.89,0.00,0.19,-352.32,-0.00,-0.00,-0.01,0.00,-0.00,0.00,6.00
48039.00,0.17,-0.21,0.31,0.00,0.04,19.38,0.00,0.19,4213.03,-0.00,-0.00,-0.01,0.00,-0.00,0.00,8.00
48047.00,0.17,-0.21,0.28,0.00,0.04,-3.40,0.00,0.19,-2848.29,-0.00,-0.00,-0.01,-0.00,-0.00,0.00,7.00
48054.00,0.17,-0.21,0.25,0.00,0.04,-5.43,0.00,0.19,-289.49,-0.00,-0.00,-0.01,-0.00,-0.00,0.00,6.00
48060.00,0.17,-0.21,0.30,0.00,0.04,8.07,0.00,0.19,2249.88,-0.00,-0.00,-0.01,-0.00,-0.00,0.00,8.00
48072.00,0.17,-0.21,0.33,0.00,0.04,2.67,0.00,0.19,-450.48,-0.00,-0.00,-0.01,0.00,-0.00,-0.00,8.00
48080.00,0.17,-0.21,0.19,0.00,0.04,-16.62,0.00,0.19,-2410.54,-0.00,-0.00,-0.01,0.00,-0.00,-0.00,7.00
48087.00,0.17,-0.21,0.20,0.00,0.04,1.00,0.00,0.19,2517.41,-0.00,-0.00,-0.01,-0.00,-0.00,-0.00,17.00
48104.00,0.17,-0.21,0.29,0.00,0.04,5.16,0.00,0.19,244.81,-0.00,-0.00,-0.01,-0.00,-0.00,0.00,6.00
48110.00,0.17,-0.21,0.20,0.00,0.04,-14.64,0.00,0.19,-3301.41,-0.00,-0.00,-0.01,-0.00,-0.00,0.00,7.00
48117.00,0.17,-0.21,0.26,0.00,0.04,8.63,0.00,0.19,3324.57,-0.00,-0.00,-0.01,-0.00,-0.00,0.00,8.00
48125.00,0.17,-0.21,0.33,0.00,0.04,8.53,0.00,0.19,-11.74,-0.00,-0.00,-0.01,0.00,0.00,0.00,5.00
48130.00,0.17,-0.21,0.23,0.00,0.04,-19.12,0.00,0.19,-5530.02,-0.00,-0.00,-0.01,0.00,0.00,0.00,8.00
48138.00,0.17,-0.21,0.15,0.00,0.04,-10.74,0.00,0.19,1047.50,-0.00,-0.00,-0.01,0.00,0.00,0.00,7.00
48145.00,0.17,-0.21,0.33,0.00,0.04,25.70,0.00,0.19,5205.35,-0.00,-0.00,-0.01,0.00,0.00,0.00,6.00
48156.00,0.17,-0.21,0.35,0.00,0.04,1.93,0.00,0.19,-2161.21,-0.00,-0.00,-0.01,0.00,0.00,0.00,8.00
48164.00,0.17,-0.21,0.21,0.00,0.04,-16.91,0.00,0.19,-2354.17,-0.00,-0.00,-0.01,0.00,0.01,0.00,5.00
48169.00,0.17,-0.21,0.28,0.00,0.04,12.72,0.00,0.19,5924.43,-0.00,-0.00,-0.01,0.00,0.01,0.00,9.00
48178.00,0.17,-0.21,0.27,0.00,0.04,-0.39,0.00,0.19,-1456.00,-0.00,-0.00,-0.01,0.00,-0.00,0.00,5.00
48183.00,0.17,-0.21,0.20,0.00,0.04,-14.99,0.00,0.19,-2920.90,-0.00,-0.00,-0.01,-0.00,-0.00,0.00,16.00
48199.00,0.17,-0.21,0.23,0.00,0.04,1.96,0.00,0.19,1059.29,-0.00,-0.00,-0.01,-0.00,-0.00,0.00,9.00
48208.00,0.17,-0.21,0.40,0.00,0.04,19.07,0.00,0.19,1901.52,-0.00,-0.00,-0.01,-0.00,-0.00,0.00,8.00
48216.00,0.17,-0.21,0.24,0.00,0.04,-20.88,0.00,0.19,-4993.83,-0.00,-0.00,-0.01,0.00,0.00,0.00,5.00
48221.00,0.17,-0.21,0.26,0.00,0.04,5.85,0.00,0.19,5346.86,-0.00,-0.00,-0.01,0.00,0.00,0.00,7.00
48228.00,0.17,-0.21,0.32,0.00,0.04,7.33,0.00,0.19,210.74,-0.00,-0.00,-0.01,0.00,-0.00,0.00,6.00
48239.00,0.17,-0.21,0.27,0.00,0.00,-4.37,0.00,-0.19,-1063.66,-0.00,-0.00,-0.01,0.00,0.00,0.00,9.00
48248.00,0.17,-0.21,0.30,0.00,0.00,3.74,0.00,-0.19,901.15,-0.00,-0.00,-0.01,-0.00,0.00,0.00,9.00
48257.00,0.17,-0.21,0.30,0.00,0.00,-0.66,0.00,-0.19,-489.23,-0.00,-0.00,-0.01,-0.00,0.00,0.00,6.00
48263.00,0.17,-0.21,0.22,0.00,0.00,-12.21,0.00,-0.19,-1924.15,-0.00,-0.00,-0.01,-0.00,0.00,0.00,6.00
48269.00,0.17,-0.21,0.17,0.00,0.00,-8.22,0.00,-0.19,663.90,-0.00,-0.00,-0.01,0.00,0.00,0.00,9.00
48278.00,0.17,-0.21,0.23,0.00,0.00,5.97,0.00,-0.19,1576.69,-0.00,-0.00,-0.01,0.00,0.00,0.00,5.00
48283.00,0.17,-0.21,0.24,0.00,0.00,2.09,0.00,-0.19,-774.43,-0.00,-0.00,-0.01,0.00,0.00,0.00,17.00
48300.00,0.17,-0.21,0.27,0.00,0.00,1.79,0.00,-0.19,-17.76,-0.00,-0.00,-0.01,-0.00,-0.00,-0.00,8.00
48308.00,0.17,-0.21,0.34,0.00,0.00,8.95,0.00,-0.19,894.75,-0.00,-0.00,-0.01,0.00,-0.01,0.00,8.00
48316.00,0.17,-0.21,0.18,0.00,0.00,-19.42,0.00,-0.19,-3546.27,-0.00,-0.00,-0.01,0.00,-0.01,0.00,6.00
48327.00,0.17,-0.21,0.33,0.00,0.00,13.53,0.00,-0.19,2995.43,-0.00,-0.00,-0.01,0.00,-0.00,-0.00,7.00
48334.00,0.17,-0.21,0.27,0.00,0.00,-8.77,0.00,-0.19,-3186.06,-0.00,-0.00,-0.01,0.00,0.00,0.00,5.00
48339.00,0.17,-0.21,0.22,0.00,0.00,-10.93,0.00,-0.19,-431.56,-0.00,-0.00,-0.01,0.00,0.00,0.00,9.00
48348.00,0.17,-0.21,0.25,0.00,0.00,3.62,0.00,-0.19,1616.43,-0.00,-0.00,-0.01,0.00,0.00,-0.00,7.00
48355.00,0.17,-0.21,0.15,0.00,0.00,-14.62,0.00,-0.19,-2604.95,-0.00,-0.00,-0.01,0.00,-0.00,-0.00,6.00
48361.00,0.17,-0.21,0.27,0.00,0.00,20.82,0.00,-0.19,5907.07,-0.00,-0.00,-0.01,0.00,-0.00,-0.00,7.00
48368.00,0.17,-0.21,0.17,0.00,0.00,-14.56,0.00,-0.19,-5054.52,-0.00,-0.00,-0.01,0.00,0.00,-0.00,9.00
48377.00,0.17,-0.21,0.17,0.00,0.00,-0.44,0.00,-0.19,1568.18,-0.00,-0.00,-0.01,0.00,0.00,-0.00,5.00
48382.00,0.17,-0.21,0.15,0.00,0.00,-2.37,0.00,-0.19,-385.38,-0.00,-0.00,-0.01,0.00,0.00,-0.00,16.00
48398.00,0.17,-0.21,0.19,0.00,0.00,2.09,0.00,-0.19,279.06,-0.00,-0.00,-0.01,0.00,-0.00,0.00,9.00
48417.00,0.17,-0.21,0.24,0.00,0.00,2.86,0.00,-0.19,40.11,-0.00,-0.00,-0.01,-0.00,-0.00,0.00,7.00
48424.00,0.17,-0.21,0.25,0.00,0.00,1.72,0.00,-0.19,-161.91,-0.00,-0.00,-0.01,0.00,-0.00,-0.00,6.00
48430.00,0.17,-0.21,0.25,0.00,0.00,-1.01,0.00,-0.19,-455.10,-0.00,-0.00,-0.01,0.00,-0.00,-0.00,6.00
48436.00,0.17,-0.21,0.23,0.00,0.00,-3.17,0.00,-0.19,-360.85,-0.00,-0.00,-0.01,0.00,0.00,-0.00,5.00
48441.00,0.16,-0.21,0.22,-0.06,0.00,-2.62,-0.27,0.02,111.34,-0.00,-0.00,-0.01,-0.00,0.00,-0.00,8.00
48449.00,0.16,-0.21,0.27,-0.06,0.00,7.36,-0.27,0.02,1247.12,-0.00,-0.00,-0.01,-0.00,-0.00,-0.00,8.00
48458.00,0.16,-0.21,0.21,-0.06,0.00,-7.42,-0.27,0.02,-1642.34,-0.00,-0.00,-0.01,0.00,-0.00,-0.00,6.00
48464.00,0.16,-0.21,0.20,-0.06,0.00,-0.79,-0.27,0.02,1105.49,-0.00,-0.00,-0.01,0.00,-0.00,-0.00,6.00
48470.00,0.16,-0.21,0.25,-0.06,0.00,7.95,-0.27,0.02,1457.00,-0.00,-0.00,-0.01,0.00,-0.00,0.00,9.00
48479.00,0.16,-0.21,0.21,-0.06,0.00,-4.22,-0.27,0.02,-1352.37,-0.00,-0.00,-0.01,0.00,-0.00,0.00,5.00
48488.00,0.16,-0.21,0.24,-0.06,0.00,3.19,-0.27,0.02,823.09,-0.00,-0.00,-0.01,0.00,0.00,0.00,19.00
48507.00,0.16,-0.21,0.26,-0.06,0.00,1.02,-0.27,0.02,-114.22,-0.00,-0.00,-0.01,0.00,0.00,0.00,6.00
48513.00,0.16,-0.21,0.33,-0.06,0.00,12.29,-0.27,0.02,1878.94,-0.00,-0.00,-0.01,0.00,-0.00,-0.00,6.00
48519.00,0.16,-0.21,0.16,-0.06,0.00,-29.33,-0.27,0.02,-6937.07,-0.00,-0.00,-0.01,0.00,-0.00,-0.00,9.00
48528.00,0.16,-0.21,0.24,-0.06,0.00,9.19,-0.27,0.02,4280.03,-0.00,-0.00,-0.01,0.00,-0.00,-0.00,6.00
48534.00,0.16,-0.21,0.30,-0.06,0.00,9.41,-0.27,0.02,36.57,-0.00,-0.00,-0.01,0.00,-0.00,-0.00,6.00
48540.00,0.16,-0.21,0.25,-0.06,0.00,-8.26,-0.27,0.02,-2945.65,-0.00,-0.00,-0.01,0.00,-0.00,-0.00,6.00
48546.00,0.16,-0.21,0.59,-0.06,0.00,57.22,-0.27,0.02,10913.46,-0.00,-0.00,-0.01,0.00,-0.00,-0.00,5.00
48551.00,0.16,-0.21,0.28,-0.06,0.00,-61.72,-0.27,0.02,-23787.78,-0.00,-0.00,-0.01,0.00,0.00,-0.00,7.00
48558.00,0.16,-0.21,0.28,-0.06,0.00,-0.10,-0.27,0.02,8802.60,-0.00,-0.00,-0.01,0.00,-0.00,-0.00,8.00
48571.00,0.16,-0.21,0.28,-0.06,0.00,-0.31,-0.27,0.02,-15.77,-0.00,-0.00,-0.01,0.00,0.00,0.00,9.00
48580.00,0.16,-0.21,0.34,-0.06,0.00,6.72,-0.27,0.02,781.28,-0.00,-0.00,-0.01,0.00,0.00,0.00,5.00
48585.00,0.16,-0.21,0.35,-0.06,0.00,1.29,-0.27,0.02,-1086.70,-0.00,-0.00,-0.01,0.00,0.00,0.00,16.00
48601.00,0.16,-0.21,0.25,-0.06,0.00,-5.76,-0.27,0.02,-440.91,-0.00,-0.00,-0.01,0.00,-0.00,0.00,8.00
48609.00,0.16,-0.21,0.28,-0.06,0.00,2.80,-0.27,0.02,1069.94,-0.00,-0.00,-0.01,0.00,-0.00,-0.00,9.00
48618.00,0.16,-0.21,0.40,-0.06,0.00,13.62,-0.27,0.02,1202.45,-0.00,-0.00,-0.01,-0.00,0.00,-0.00,6.00
48624.00,0.16,-0.21,0.44,-0.06,0.00,6.48,-0.27,0.02,-1190.28,-0.00,-0.00,-0.01,-0.00,0.00,-0.00,6.00
48630.00,0.16,-0.21,0.34,-0.06,0.00,-15.79,-0.27,0.02,-3710.46,-0.00,-0.00,-0.01,-0.00,0.00,-0.00,6.00
48636.00,0.16,-0.21,0.30,-0.06,0.00,-6.76,-0.27,0.02,1504.98,-0.00,-0.00,-0.01,0.00,0.00,-0.00,5.00
48642.00,0.16,-0.20,0.41,0.00,0.04,18.56,0.27,0.17,4219.47,-0.00,-0.00,-0.01,0.00,0.00,-0.00,7.00
48654.00,0.16,-0.20,0.36,0.00,0.04,-4.30,0.27,0.17,-1905.09,-0.00,-0.00,-0.01,0.00,-0.00,-0.00,7.00
48661.00,0.16,-0.20,0.23,0.00,0.04,-19.27,0.27,0.17,-2138.52,-0.00,-0.00,-0.01,0.00,-0.00,-0.00,8.00
48669.00,0.16,-0.20,0.30,0.00,0.04,8.67,0.27,0.17,3492.34,-0.00,-0.00,-0.01,-0.00,0.00,-0.00,8.00
48677.00,0.16,-0.20,0.37,0.00,0.04,9.82,0.27,0.17,143.89,-0.00,-0.00,-0.01,0.00,0.00,-0.00,5.00
48682.00,0.16,-0.20,0.31,0.00,0.04,-13.08,0.27,0.17,-4579.05,-0.00,-0.00,-0.01,0.00,0.00,-0.00,17.00
48699.00,0.16,-0.20,0.27,0.00,0.04,-2.07,0.27,0.17,647.44,-0.00,-0.00,-0.01,0.00,-0.00,0.00,9.00
48708.00,0.16,-0.20,0.28,0.00,0.04,1.05,0.27,0.17,346.14,-0.00,-0.00,-0.01,0.00,0.00,0.00,6.00
48714.00,0.16,-0.20,0.27,0.00,0.04,-2.13,0.27,0.17,-529.15,-0.00,-0.00,-0.01,-0.00,-0.00,-0.00,6.00
48720.00,0.16,-0.20,0.29,0.00,0.04,2.75,0.27,0.17,812.59,-0.00,-0.00,-0.01,-0.00,-0.00,-0.00,9.00
48729.00,0.16,-0.20,0.27,0.00,0.04,-1.43,0.27,0.17,-464.44,-0.00,-0.00,-0.01,0.00,0.00,-0.00,5.00
48739.00,0.16,-0.20,0.27,0.00,0.04,-0.65,0.27,0.17,78.79,-0.00,-0.00,-0.01,0.00,0.00,0.00,9.00
48748.00,0.16,-0.20,0.23,0.00,0.04,-4.51,0.27,0.17,-429.92,-0.00,-0.00,-0.01,-0.00,-0.00,0.00,6.00
48754.00,0.16,-0.20,0.22,0.00,0.04,-0.74,0.27,0.17,628.35,-0.00,-0.00,-0.01,-0.00,-0.00,-0.00,7.00
48761.00,0.16,-0.20,0.26,0.00,0.04,5.27,0.27,0.17,859.00,-0.00,-0.00,-0.01,0.00,-0.00,-0.00,8.00
48769.00,0.16,-0.20,0.29,0.00,0.04,3.38,0.27,0.17,-236.23,-0.00,-0.00,-0.01,0.00,-0.00,-0.00,8.00
48777.00,0.16,-0.20,0.19,0.00,0.04,-12.07,0.27,0.17,-1930.81,-0.00,-0.00,-0.01,0.00,0.00,0.00,6.00
48783.00,0.16,-0.20,0.18,0.00,0.04,-1.05,0.27,0.17,1835.85,-0.00,-0.00,-0.01,0.00,0.00,0.00,16.00
48799.00,0.16,-0.20,0.20,0.00,0.04,1.27,0.27,0.17,145.41,-0.00,-0.00,-0.01,0.00,0.00,0.00,9.00
48808.00,0.16,-0.20,0.24,0.00,0.04,3.55,0.27,0.17,253.44,-0.00,-0.00,-0.01,0.00,-0.00,0.00,5.00
48813.00,0.16,-0.20,0.28,0.00,0.04,8.22,0.27,0.17,933.31,-0.00,-0.00,-0.01,-0.00,-0.00,0.00,7.00
48825.00,0.16,-0.20,0.26,0.00,0.04,-1.12,0.27,0.17,-778.67,-0.00,-0.00,-0.01,-0.00,-0.00,0.00,7.00
48832.00,0.16,-0.20,0.19,0.00,0.04,-11.08,0.27,0.17,-1423.01,-0.00,-0.00,-0.01,-0.00,-0.00,0.00,6.00
48838.00,0.16,-0.20,0.25,0.00,0.04,11.46,0.27,0.17,3757.21,-0.00,-0.00,-0.01,0.00,0.00,-0.00,6.00
48844.00,0.16,-0.20,0.24,0.00,0.04,-2.05,0.00,-0.00,-2252.23,-0.00,-0.00,-0.01,0.00,-0.00,-0.00,7.00
48851.00,0.16,-0.20,0.17,0.00,0.04,-10.48,0.00,-0.00,-1203.35,-0.00,-0.00,-0.01,0.00,0.00,0.00,4.00
48855.00,0.16,-0.20,0.23,0.00,0.04,15.04,0.00,-0.00,6378.49,-0.00,-0.00,-0.01,0.00,-0.00,0.00,6.00
48861.00,0.16,-0.20,0.20,0.00,0.04,-5.06,0.00,-0.00,-3349.10,-0.00,-0.00,-0.01,0.00,-0.00,0.00,7.00
48868.00,0.16,-0.20,0.51,0.00,0.04,44.73,0.00,-0.00,7113.28,-0.00,-0.00,-0.01,0.00,-0.00,0.00,4.00
48872.00,0.16,-0.20,0.34,0.00,0.04,-43.87,0.00,-0.00,-22150.63,-0.00,-0.00,-0.01,0.00,-0.00,0.00,8.00
48880.00,0.16,-0.20,0.28,0.00,0.04,-7.61,0.00,-0.00,4531.71,-0.00,-0.00,-0.01,0.00,0.00,0.00,5.00
48890.00,0.16,-0.20,0.29,0.00,0.04,1.38,0.00,-0.00,899.27,-0.00,-0.00,-0.01,-0.00,-0.00,0.00,19.00
48909.00,0.16,-0.20,0.24,0.00,0.04,-2.59,0.00,-0.00,-209.00,-0.00,-0.00,-0.01,0.00,0.00,0.00,8.00
48917.00,0.16,-0.20,0.26,0.00,0.04,2.75,0.00,-0.00,667.56,-0.00,-0.00,-0.01,-0.00,0.00,0.00,5.00
48922.00,0.16,-0.20,0.28,0.00,0.04,3.36,0.00,-0.00,123.11,-0.00,-0.00,-0.01,-0.00,0.00,0.00,8.00
48930.00,0.16,-0.20,0.24,0.00,0.04,-5.29,0.00,-0.00,-1082.09,-0.00,-0.00,-0.01,0.00,0.00,0.00,6.00
48936.00,0.16,-0.20,0.28,0.00,0.04,6.50,0.00,-0.00,1965.44,-0.00,-0.00,-0.01,0.00,0.00,0.00,6.00
48942.00,0.16,-0.20,0.32,0.00,0.04,7.38,0.00,-0.00,147.44,-0.00,-0.00,-0.01,0.00,-0.00,0.00,8.00
48950.00,0.16,-0.20,0.35,0.00,0.04,3.47,0.00,-0.00,-489.92,-0.00,-0.00,-0.01,0.00,-0.00,0.00,8.00
48958.00,0.16,-0.20,0.25,0.00,0.04,-11.92,0.00,-0.00,-1923.49,-0.00,-0.00,-0.01,0.00,-0.01,0.00,5.00
48963.00,0.16,-0.20,0.25,0.00,0.04,-0.73,0.00,-0.00,2237.64,-0.00,-0.00,-0.01,0.00,-0.01,0.00,8.00
48976.00,0.16,-0.20,0.21,0.00,0.04,-3.15,0.00,-0.00,-185.58,-0.00,-0.00,-0.01,0.00,-0.00,0.00,17.00
48993.00,0.16,-0.20,0.38,0.00,0.04,10.35,0.00,-0.00,794.12,-0.00,-0.00,-0.01,0.00,-0.00,-0.00,8.00
49001.00,0.16,-0.20,0.38,0.00,0.04,-0.27,0.00,-0.00,-1327.72,-0.00,-0.00,-0.01,0.00,-0.00,0.00,8.00
49009.00,0.16,-0.20,0.35,0.00,0.04,-4.14,0.00,-0.00,-483.63,-0.00,-0.00,-0.01,0.00,-0.00,0.00,7.00
49016.00,0.16,-0.20,0.32,0.00,0.04,-4.44,0.00,-0.00,-43.08,-0.00,-0.00,-0.01,-0.00,0.00,-0.00,6.00
49022.00,0.16,-0.20,0.31,0.00,0.04,-0.69,0.00,-0.00,624.79,-0.00,-0.00,-0.01,-0.00,0.00,-0.00,8.00
49030.00,0.16,-0.20,0.32,0.00,0.04,0.52,0.00,-0.00,151.48,-0.00,-0.00,-0.01,-0.00,0.00,-0.00,6.00
49036.00,0.16,-0.20,0.30,0.00,0.04,-3.27,0.00,-0.00,-631.97,-0.00,-0.00,-0.01,0.00,0.00,0.00,6.00
49042.00,0.16,-0.20,0.38,0.00,0.04,14.33,0.00,-0.00,2933.75,-0.00,-0.00,-0.01,0.00,0.00,0.00,8.00
49050.00,0.17,-0.20,0.36,0.05,-0.00,-3.55,0.26,-0.21,-2235.72,-0.00,-0.00,-0.01,0.00,0.00,0.00,8.00
49067.00,0.17,-0.20,0.39,0.05,-0.00,1.99,0.26,-0.21,326.06,-0.00,-0.00,-0.01,-0.00,-0.00,0.00,6.00
49073.00,0.17,-0.20,0.34,0.05,-0.00,-7.44,0.26,-0.21,-1570.94,-0.00,-0.00,-0.01,-0.00,-0.00,0.00,8.00
49081.00,0.17,-0.20,0.40,0.05,-0.00,7.55,0.26,-0.21,1873.55,-0.00,-0.00,-0.01,-0.00,-0.00,0.00,15.00
49096.00,0.17,-0.20,0.40,0.05,-0.00,-0.54,0.26,-0.21,-539.14,-0.00,-0.00,-0.01,0.00,0.00,-0.00,6.00
49102.00,0.17,-0.20,0.44,0.05,-0.00,7.24,0.26,-0.21,1296.01,-0.00,-0.00,-0.01,0.00,0.00,-0.00,8.00
49110.00,0.17,-0.20,0.39,0.05,-0.00,-6.59,0.26,-0.21,-1728.22,-0.00,-0.00,-0.01,0.00,0.00,0.00,8.00
49118.00,0.17,-0.20,0.29,0.05,-0.00,-12.76,0.26,-0.21,-771.51,-0.00,-0.00,-0.01,0.00,0.00,0.00,5.00
49123.00,0.17,-0.20,0.38,0.05,-0.00,19.24,0.26,-0.21,6400.06,-0.00,-0.00,-0.01,0.00,0.00,0.00,8.00
49131.00,0.17,-0.20,0.34,0.05,-0.00,-5.36,0.26,-0.21,-3074.82,-0.00,-0.00,-0.01,-0.00,0.00,0.00,5.00
49136.00,0.17,-0.20,0.40,0.05,-0.00,12.69,0.26,-0.21,3610.08,-0.00,-0.00,-0.01,-0.00,-0.00,0.00,6.00
49147.00,0.17,-0.20,0.39,0.05,-0.00,-0.82,0.26,-0.21,-1228.47,-0.00,-0.00,-0.01,0.00,0.00,0.00,7.00
49154.00,0.17,-0.20,0.46,0.05,-0.00,9.43,0.26,-0.21,1463.35,-0.00,-0.00,-0.01,0.00,0.00,0.00,7.00
49161.00,0.17,-0.20,0.40,0.05,-0.00,-8.68,0.26,-0.21,-2586.90,-0.00,-0.00,-0.01,0.00,-0.00,0.00,8.00
49169.00,0.17,-0.20,0.36,0.05,-0.00,-5.25,0.26,-0.21,429.41,-0.00,-0.00,-0.01,-0.00,-0.00,0.00,5.00
49174.00,0.17,-0.20,0.32,0.05,-0.00,-8.00,0.26,-0.21,-550.21,-0.00,-0.00,-0.01,-0.00,0.00,-0.00,18.00
49192.00,0.17,-0.20,0.28,0.05,-0.00,-2.24,0.26,-0.21,319.84,-0.00,-0.00,-0.01,0.00,0.00,-0.00,8.00
49200.00,0.17,-0.20,0.36,0.05,-0.00,10.62,0.26,-0.21,1607.93,-0.00,-0.00,-0.01,-0.00,-0.01,0.00,8.00
49208.00,0.17,-0.20,0.39,0.05,-0.00,4.17,0.26,-0.21,-806.68,-0.00,-0.00,-0.01,-0.00,-0.00,0.00,5.00
49213.00,0.17,-0.20,0.29,0.05,-0.00,-20.97,0.26,-0.21,-5028.41,-0.00,-0.00,-0.01,-0.00,-0.00,0.00,8.00
49221.00,0.17,-0.20,0.33,0.05,-0.00,5.51,0.26,-0.21,3310.57,-0.00,-0.00,-0.01,-0.00,-0.00,0.00,7.00
49238.00,0.17,-0.20,0.36,0.05,-0.00,1.75,0.26,-0.21,-221.20,-0.00,-0.00,-0.01,0.00,-0.00,0.00,6.00
49244.00,0.17,-0.20,0.43,0.05,-0.00,11.32,0.26,-0.21,1595.21,-0.00,-0.00,-0.01,-0.00,-0.00,0.00,7.00
49251.00,0.17,-0.20,0.39,0.00,0.00,-5.36,-0.27,0.02,-2382.86,-0.00,-0.00,-0.01,-0.00,-0.00,0.00,8.00
49259.00,0.17,-0.20,0.26,0.00,0.00,-16.31,-0.27,0.02,-1369.06,-0.00,-0.00,-0.01,0.00,0.01,0.00,6.00
49265.00,0.17,-0.20,0.32,0.00,0.00,8.80,-0.27,0.02,4184.38,-0.00,-0.00,-0.01,0.00,0.00,0.00,7.00
49272.00,0.17,-0.20,0.24,0.00,0.00,-11.24,-0.27,0.02,-2862.21,-0.00,-0.00,-0.01,-0.00,0.00,0.00,9.00
49281.00,0.17,-0.20,0.30,0.00,0.00,6.97,-0.27,0.02,2023.42,-0.00,-0.00,-0.01,0.00,0.01,0.00,15.00
49296.00,0.17,-0.20,0.40,0.00,0.00,6.68,-0.27,0.02,-19.70,-0.00,-0.00,-0.01,0.00,0.00,-0.00,7.00
49303.00,0.17,-0.20,0.32,0.00,0.00,-11.55,-0.27,0.02,-2604.24,-0.00,-0.00,-0.01,0.00,0.00,-0.00,8.00
49311.00,0.17,-0.20,0.23,0.00,0.00,-10.65,-0.27,0.02,112.71,-0.00,-0.00,-0.01,0.00,0.00,0.00,7.00
49322.00,0.17,-0.20,0.37,0.00,0.00,12.32,-0.27,0.02,2088.67,-0.00,-0.00,-0.01,-0.00,0.00,0.00,10.00
49332.00,0.17,-0.20,0.35,0.00,0.00,-1.58,-0.27,0.02,-1390.37,-0.00,-0.00,-0.01,0.00,-0.00,-0.00,4.00
49336.00,0.17,-0.20,0.71,0.00,0.00,89.44,-0.27,0.02,22756.38,-0.00,-0.00,-0.01,0.00,-0.00,-0.00,6.00
49342.00,0.17,-0.20,0.29,0.00,0.00,-69.80,-0.27,0.02,-26540.93,-0.00,-0.00,-0.01,0.00,-0.00,-0.00,8.00
49350.00,0.17,-0.20,0.29,0.00,0.00,-0.17,-0.27,0.02,8703.42,-0.00,-0.00,-0.01,-0.00,0.00,-0.00,5.00
49355.00,0.17,-0.20,0.35,0.00,0.00,12.02,-0.27,0.02,2438.14,-0.00,-0.00,-0.01,-0.00,0.00,-0.00,7.00
49362.00,0.17,-0.20,0.32,0.00,0.00,-5.05,-0.27,0.02,-2438.79,-0.00,-0.00,-0.01,-0.00,0.00,-0.00,9.00
49371.00,0.17,-0.20,0.27,0.00,0.00,-5.45,-0.27,0.02,-43.42,-0.00,-0.00,-0.01,0.00,0.00,-0.00,7.00
49378.00,0.17,-0.20,0.39,0.00,0.00,16.91,-0.27,0.02,3193.80,-0.00,-0.00,-0.01,0.00,0.00,-0.00,15.00
49393.00,0.17,-0.20,0.32,0.00,0.00,-4.20,-0.27,0.02,-1407.60,-0.00,-0.00,-0.01,-0.00,-0.01,0.00,9.00
49406.00,0.17,-0.20,0.34,0.00,0.00,1.23,-0.27,0.02,418.04,-0.00,-0.00,-0.01,0.00,-0.00,-0.00,8.00
49414.00,0.17,-0.20,0.38,0.00,0.00,5.44,-0.27,0.02,525.96,-0.00,-0.00,-0.01,0.00,-0.00,-0.00,7.00
49421.00,0.17,-0.20,0.32,0.00,0.00,-8.31,-0.27,0.02,-1964.62,-0.00,-0.00,-0.01,0.00,-0.00,0.00,8.00
49429.00,0.17,-0.20,0.38,0.00,0.00,7.35,-0.27,0.02,1957.61,-0.00,-0.00,-0.01,0.00,0.00,-0.00,5.00
49434.00,0.17,-0.20,0.31,0.00,0.00,-15.50,-0.27,0.02,-4569.79,-0.00,-0.00,-0.01,0.00,0.00,-0.00,7.00
49441.00,0.17,-0.20,0.39,0.00,0.00,11.77,-0.27,0.02,3896.53,-0.00,-0.00,-0.01,0.00,0.00,-0.00,8.00
49449.00,0.17,-0.20,0.36,0.00,0.00,-3.30,-0.27,0.02,-1883.82,-0.00,-0.00,-0.01,-0.00,0.00,0.00,5.00
49454.00,0.17,-0.19,0.39,0.00,0.04,5.24,0.00,0.19,1708.12,-0.00,-0.00,-0.01,-0.00,0.00,0.00,8.00
49462.00,0.17,-0.19,0.43,0.00,0.04,5.32,0.00,0.19,9.79,-0.00,-0.00,-0.01,-0.00,0.00,0.00,7.00
49469.00,0.17,-0.19,0.43,0.00,0.04,-0.26,0.00,0.19,-796.96,-0.00,-0.00,-0.01,-0.00,-0.00,-0.00,6.00
49479.00,0.17,-0.19,0.41,0.00,0.04,-1.76,0.00,0.19,-150.28,-0.00,-0.00,-0.01,0.00,-0.00,-0.00,16.00
49495.00,0.17,-0.19,0.30,0.00,0.04,-6.77,0.00,0.19,-313.40,-0.00,-0.00,-0.01,0.00,-0.00,-0.00,8.00
49503.00,0.17,-0.19,0.36,0.00,0.04,6.86,0.00,0.19,1703.64,-0.00,-0.00,-0.01,0.00,0.00,0.00,8.00
49511.00,0.17,-0.19,0.39,0.00,0.04,4.15,0.00,0.19,-338.50,-0.00,-0.00,-0.01,0.00,-0.00,-0.00,7.00
49518.00,0.17,-0.19,0.35,0.00,0.04,-5.84,0.00,0.19,-1427.56,-0.00,-0.00,-0.01,-0.00,-0.00,-0.00,5.00
49523.00,0.17,-0.19,0.32,0.00,0.04,-5.82,0.00,0.19,5.68,-0.00,-0.00,-0.01,-0.00,-0.00,-0.00,9.00
49532.00,0.17,-0.19,0.41,0.00,0.04,10.20,0.00,0.19,1779.15,-0.00,-0.00,-0.01,-0.00,-0.01,0.00,5.00
49537.00,0.17,-0.19,0.31,0.00,0.04,-20.70,0.00,0.19,-6178.93,-0.00,-0.00,-0.01,-0.00,-0.00,-0.00,7.00
49544.00,0.17,-0.19,0.37,0.00,0.04,8.11,0.00,0.19,4115.30,-0.00,-0.00,-0.01,0.00,0.00,0.00,4.00
49548.00,0.17,-0.19,0.32,0.00,0.04,-12.00,0.00,0.19,-5026.30,-0.00,-0.00,-0.01,0.00,0.00,-0.00,5.00
49557.00,0.17,-0.19,0.42,0.00,0.04,11.86,0.00,0.19,2650.30,-0.00,-0.00,-0.01,-0.00,0.00,-0.00,7.00
49564.00,0.17,-0.19,0.40,0.00,0.04,-3.99,0.00,0.19,-2263.61,-0.00,-0.00,-0.01,-0.00,0.00,-0.00,8.00
49572.00,0.17,-0.19,0.34,0.00,0.04,-7.31,0.00,0.19,-415.55,-0.00,-0.00,-0.01,-0.00,0.00,0.00,8.00
49580.00,0.17,-0.19,0.32,0.00,0.04,-2.73,0.00,0.19,572.89,-0.00,-0.00,-0.01,-0.00,-0.00,0.00,5.00
49585.00,0.17,-0.19,0.35,0.00,0.04,6.90,0.00,0.19,1926.92,-0.00,-0.00,-0.01,-0.00,-0.00,0.00,18.00
49603.00,0.17,-0.19,0.40,0.00,0.04,2.88,0.00,0.19,-223.46,-0.00,-0.00,-0.01,0.00,-0.00,0.00,9.00
49612.00,0.17,-0.19,0.43,0.00,0.04,3.26,0.00,0.19,42.27,-0.00,-0.00,-0.01,-0.00,-0.00,0.00,7.00
49619.00,0.17,-0.19,0.42,0.00,0.04,-2.01,0.00,0.19,-752.90,-0.00,-0.00,-0.01,-0.00,-0.00,-0.00,5.00
49624.00,0.17,-0.19,0.28,0.00,0.04,-28.15,0.00,0.19,-5228.45,-0.00,-0.00,-0.01,-0.00,0.00,-0.00,8.00
49632.00,0.17,-0.19,0.29,0.00,0.04,1.64,0.00,0.19,3723.87,-0.00,-0.00,-0.01,0.00,0.00,-0.00,6.00
49643.00,0.17,-0.19,0.42,0.00,0.04,11.52,0.00,0.19,897.90,-0.00,-0.00,-0.01,0.00,0.00,0.00,9.00
49652.00,0.17,-0.19,0.39,0.00,0.04,-3.07,0.00,0.19,-1620.74,-0.00,-0.00,-0.01,0.00,0.00,0.00,7.00
49659.00,0.17,-0.20,0.30,0.00,-0.04,-12.94,0.00,-0.37,-1410.53,-0.00,-0.00,-0.01,0.00,0.00,0.00,6.00
49665.00,0.17,-0.20,0.44,0.00,-0.04,23.61,0.00,-0.37,6092.30,-0.00,-0.00,-0.01,0.00,0.00,0.00,7.00
49672.00,0.17,-0.20,0.48,0.00,-0.04,5.89,0.00,-0.37,-2530.97,-0.00,-0.00,-0.01,0.00,-0.00,-0.00,9.00
49681.00,0.17,-0.20,0.36,0.00,-0.04,-13.52,0.00,-0.37,-2157.00,-0.00,-0.00,-0.01,0.00,0.00,0.00,5.00
49686.00,0.17,-0.20,0.35,0.00,-0.04,-2.49,0.00,-0.37,2205.57,-0.00,-0.00,-0.01,0.00,0.00,0.00,17.00
49703.00,0.17,-0.20,0.40,0.00,-0.04,3.20,0.00,-0.37,334.81,-0.00,-0.00,-0.01,0.00,-0.00,-0.00,9.00
49712.00,0.17,-0.20,0.41,0.00,-0.04,1.07,0.00,-0.37,-236.28,-0.00,-0.00,-0.01,0.00,-0.00,-0.00,8.00
49720.00,0.17,-0.20,0.26,0.00,-0.04,-19.03,0.00,-0.37,-2512.50,-0.00,-0.00,-0.01,0.00,-0.00,-0.00,6.00
49736.00,0.17,-0.20,0.45,0.00,-0.04,11.87,0.00,-0.37,1930.98,-0.00,-0.00,-0.01,0.00,0.00,-0.00,8.00
49744.00,0.17,-0.20,0.42,0.00,-0.04,-3.63,0.00,-0.37,-1937.59,-0.00,-0.00,-0.01,0.00,0.00,-0.00,8.00
49752.00,0.17,-0.20,0.33,0.00,-0.04,-10.66,0.00,-0.37,-878.20,-0.00,-0.00,-0.01,0.00,0.00,-0.00,7.00
49759.00,0.17,-0.20,0.39,0.00,-0.04,7.59,0.00,-0.37,2605.97,-0.00,-0.00,-0.01,0.00,-0.00,0.00,6.00
49765.00,0.17,-0.20,0.38,0.00,-0.04,-0.66,0.00,-0.37,-1373.95,-0.00,-0.00,-0.01,0.00,0.00,-0.00,8.00
49773.00,0.17,-0.20,0.37,0.00,-0.04,-1.40,0.00,-0.37,-92.14,-0.00,-0.00,-0.01,-0.00,0.00,-0.00,8.00
49781.00,0.17,-0.20,0.28,0.00,-0.04,-11.46,0.00,-0.37,-1257.68,-0.00,-0.00,-0.01,0.00,0.00,0.00,17.00
49798.00,0.17,-0.20,0.38,0.00,-0.04,5.69,0.00,-0.37,1008.53,-0.00,-0.00,-0.01,0.00,0.00,-0.00,6.00
49804.00,0.17,-0.20,0.40,0.00,-0.04,3.00,0.00,-0.37,-447.50,-0.00,-0.00,-0.01,0.00,0.00,0.00,8.00
49812.00,0.17,-0.20,0.46,0.00,-0.04,8.22,0.00,-0.37,652.01,-0.00,-0.00,-0.01,0.00,0.00,0.00,8.00
49825.00,0.17,-0.20,0.41,0.00,-0.04,-3.87,0.00,-0.37,-929.62,-0.00,-0.00,-0.01,-0.00,0.00,0.00,9.00
49834.00,0.17,-0.20,0.38,0.00,-0.04,-3.82,0.00,-0.37,5.38,-0.00,-0.00,-0.01,0.00,0.00,-0.00,5.00
49839.00,0.17,-0.20,0.50,0.00,-0.04,25.59,0.00,-0.37,5881.67,-0.00,-0.00,-0.01,-0.00,0.00,-0.00,6.00
49845.00,0.17,-0.20,0.48,0.00,-0.04,-3.70,0.00,-0.37,-4881.99,-0.00,-0.00,-0.01,-0.00,-0.00,-0.00,8.00
49853.00,0.17,-0.20,0.35,0.00,-0.04,-16.90,0.00,-0.37,-1649.47,-0.00,-0.00,-0.01,0.00,-0.00,0.00,7.00
49860.00,0.17,-0.19,0.40,0.00,0.04,7.39,0.00,0.38,3469.70,-0.00,-0.00,-0.01,0.00,0.00,0.00,6.00
49866.00,0.17,-0.19,0.47,0.00,0.04,10.97,0.00,0.38,597.13,-0.00,-0.00,-0.01,0.00,0.00,0.00,7.00
49873.00,0.17,-0.19,0.42,0.00,0.04,-6.47,0.00,0.38,-2492.31,-0.00,-0.00,-0.01,0.00,-0.00,0.00,9.00
49882.00,0.17,-0.19,0.47,0.00,0.04,5.78,0.00,0.38,1361.33,-0.00,-0.00,-0.01,0.00,-0.01,0.00,16.00
49898.00,0.17,-0.19,0.38,0.00,0.04,-5.81,0.00,0.38,-724.28,-0.00,-0.00,-0.01,-0.00,-0.00,0.00,6.00
49909.00,0.17,-0.19,0.53,0.00,0.04,13.58,0.00,0.38,1763.01,-0.00,-0.00,-0.01,-0.00,0.00,-0.00,7.00
49916.00,0.17,-0.19,0.46,0.00,0.04,-9.82,0.00,0.38,-3344.16,-0.00,-0.00,-0.01,-0.00,0.00,-0.00,7.00
49923.00,0.17,-0.19,0.29,0.00,0.04,-24.92,0.00,0.38,-2156.16,-0.00,-0.00,-0.01,-0.00,-0.00,0.00,8.00
49931.00,0.17,-0.19,0.36,0.00,0.04,9.82,0.00,0.38,4342.43,-0.00,-0.00,-0.01,-0.00,0.00,0.00,6.00
49937.00,0.17,-0.19,0.41,0.00,0.04,7.09,0.00,0.38,-454.73,-0.00,-0.00,-0.01,-0.00,0.00,0.00,6.00
49943.00,0.17,-0.19,0.46,0.00,0.04,8.30,0.00,0.38,201.57,-0.00,-0.00,-0.01,0.00,0.00,0.00,8.00
49951.00,0.17,-0.19,0.51,0.00,0.04,6.43,0.00,0.38,-234.19,-0.00,-0.00,-0.01,0.00,0.00,-0.00,6.00
49957.00,0.17,-0.19,0.45,0.00,0.04,-10.38,0.00,0.38,-2802.24,-0.00,-0.00,-0.01,0.00,0.00,-0.00,7.00
49964.00,0.17,-0.19,0.37,0.00,0.04,-11.01,0.00,0.38,-89.06,-0.00,-0.00,-0.01,0.00,0.00,0.00,9.00
49973.00,0.17,-0.19,0.40,0.00,0.04,3.95,0.00,0.38,1662.23,-0.00,-0.00,-0.01,0.00,0.00,0.00,7.00
49985.00,0.17,-0.19,0.48,0.00,0.04,6.17,0.00,0.38,184.92,-0.00,-0.00,-0.01,0.00,0.00,0.00,17.00
50002.00,0.17,-0.19,0.47,0.00,0.04,-0.73,0.00,0.38,-405.86,-0.00,-0.00,-0.01,0.00,0.01,0.00,7.00
50009.00,0.17,-0.19,0.35,0.00,0.04,-17.06,0.00,0.38,-2333.58,-0.00,-0.00,-0.01,0.00,0.00,0.00,5.00
50014.00,0.17,-0.19,0.45,0.00,0.04,21.02,0.00,0.38,7616.78,-0.00,-0.00,-0.01,0.00,0.00,0.00,9.00
50023.00,0.17,-0.19,0.46,0.00,0.04,1.14,0.00,0.38,-2209.10,-0.00,-0.00,-0.01,0.00,-0.00,0.00,8.00
50031.00,0.17,-0.19,0.48,0.00,0.04,1.78,0.00,0.38,80.64,-0.00,-0.00,-0.01,-0.00,0.00,0.00,5.00
50036.00,0.17,-0.19,0.53,0.00,0.04,10.98,0.00,0.38,1839.28,-0.00,-0.00,-0.01,-0.00,0.00,0.00,7.00
50043.00,0.17,-0.19,0.39,0.00,0.04,-20.47,0.00,0.38,-4492.44,-0.00,-0.00,-0.01,-0.00,0.00,0.00,7.00
50050.00,0.17,-0.19,0.42,0.00,0.04,4.26,0.00,0.38,3532.41,-0.00,-0.00,-0.01,0.00,-0.00,0.00,5.00
50055.00,0.17,-0.19,0.46,0.00,0.04,9.46,0.00,0.38,1039.20,-0.00,-0.00,-0.01,0.00,-0.00,0.00,9.00
50068.00,0.18,-0.19,0.42,0.05,-0.00,-3.75,0.26,-0.20,-1016.02,-0.00,-0.00,-0.01,0.00,-0.00,0.00,8.00
50076.00,0.18,-0.19,0.37,0.05,-0.00,-5.99,0.26,-0.20,-280.08,-0.00,-0.00,-0.01,0.00,-0.00,0.00,8.00
50084.00,0.18,-0.19,0.32,0.05,-0.00,-6.08,0.26,-0.20,-10.55,-0.00,-0.00,-0.01,-0.00,-0.00,0.00,15.00
50099.00,0.18,-0.19,0.45,0.05,-0.00,8.94,0.26,-0.20,1000.92,-0.00,-0.00,-0.01,-0.00,-0.00,0.00,6.00
50105.00,0.18,-0.19,0.45,0.05,-0.00,-1.30,0.26,-0.20,-1706.69,-0.00,-0.00,-0.01,-0.00,-0.00,0.00,8.00
50113.00,0.18,-0.19,0.59,0.05,-0.00,17.63,0.26,-0.20,2366.51,-0.00,-0.00,-0.01,0.00,-0.00,0.00,7.00
50120.00,0.18,-0.19,0.53,0.05,-0.00,-8.22,0.26,-0.20,-3691.90,-0.00,-0.00,-0.01,0.00,-0.00,0.00,6.00
50126.00,0.18,-0.19,0.45,0.05,-0.00,-12.67,0.26,-0.20,-742.97,-0.00,-0.00,-0.01,0.00,-0.00,0.00,8.00
50134.00,0.18,-0.19,0.51,0.05,-0.00,7.68,0.26,-0.20,2544.29,-0.00,-0.00,-0.01,0.00,0.00,0.00,5.00
50139.00,0.18,-0.19,0.57,0.05,-0.00,10.88,0.26,-0.20,638.76,-0.00,-0.00,-0.01,0.00,-0.00,-0.00,7.00
50150.00,0.18,-0.19,0.45,0.05,-0.00,-11.16,0.26,-0.20,-2002.93,-0.00,-0.00,-0.01,-0.00,-0.00,0.00,6.00
50156.00,0.18,-0.19,0.52,0.05,-0.00,11.59,0.26,-0.20,3791.86,-0.00,-0.00,-0.01,-0.00,-0.00,0.00,8.00
50164.00,0.18,-0.19,0.56,0.05,-0.00,5.80,0.26,-0.20,-724.49,-0.00,-0.00,-0.01,0.00,-0.00,0.00,8.00
50172.00,0.18,-0.19,0.67,0.05,-0.00,13.82,0.26,-0.20,1002.31,-0.00,-0.00,-0.01,0.00,-0.00,-0.00,6.00
50178.00,0.18,-0.19,0.58,0.05,-0.00,-16.08,0.26,-0.20,-4983.17,-0.00,-0.00,-0.01,0.00,-0.00,-0.00,7.00
50185.00,0.18,-0.19,0.64,0.05,-0.00,8.76,0.26,-0.20,3549.61,-0.00,-0.00,-0.01,0.00,0.00,-0.00,15.00
50200.00,0.18,-0.19,0.52,0.05,-0.00,-7.85,0.26,-0.20,-1107.64,-0.00,-0.00,-0.01,0.00,0.00,0.00,6.00
50206.00,0.18,-0.19,0.56,0.05,-0.00,6.86,0.26,-0.20,2451.47,-0.00,-0.00,-0.01,0.00,-0.00,0.00,8.00
50214.00,0.18,-0.19,0.60,0.05,-0.00,5.09,0.26,-0.20,-221.48,-0.00,-0.00,-0.01,-0.00,-0.00,0.00,7.00
50221.00,0.18,-0.19,0.58,0.05,-0.00,-3.46,0.26,-0.20,-1221.10,-0.00,-0.00,-0.01,0.00,-0.00,0.00,6.00
50231.00,0.18,-0.19,0.55,0.05,-0.00,-3.06,0.26,-0.20,39.59,-0.00,-0.00,-0.01,0.00,-0.00,0.00,7.00
50238.00,0.18,-0.19,0.58,0.05,-0.00,5.42,0.26,-0.20,1211.71,-0.00,-0.00,-0.01,0.00,-0.00,-0.00,6.00
50244.00,0.18,-0.19,0.57,0.05,-0.00,-1.93,0.26,-0.20,-1225.11,-0.00,-0.00,-0.01,-0.00,-0.00,-0.00,9.00
50253.00,0.18,-0.19,0.61,0.05,-0.00,4.49,0.26,-0.20,713.72,-0.00,-0.00,-0.01,0.00,-0.01,-0.00,5.00
50258.00,0.18,-0.19,0.61,0.05,-0.00,0.09,0.26,-0.20,-879.40,-0.00,-0.00,-0.01,0.00,-0.00,-0.00,7.00
50265.00,0.18,-0.19,0.68,0.05,-0.00,9.61,0.26,-0.20,1359.87,-0.00,-0.00,-0.01,0.00,-0.00,0.00,9.00
50274.00,0.18,-0.19,0.58,0.00,0.00,-11.19,-0.26,0.02,-2311.75,-0.00,-0.00,-0.01,0.00,0.00,0.00,7.00
50281.00,0.18,-0.19,0.59,0.00,0.00,1.30,-0.26,0.02,1785.17,-0.00,-0.00,-0.01,0.00,0.00,-0.00,5.00
50286.00,0.18,-0.19,0.55,0.00,0.00,-8.08,-0.26,0.02,-1877.13,-0.00,-0.00,-0.01,0.00,0.00,-0.00,16.00
50302.00,0.18,-0.19,0.58,0.00,0.00,1.67,-0.26,0.02,609.85,-0.00,-0.00,-0.01,-0.00,-0.00,-0.00,6.00
50313.00,0.18,-0.19,0.58,0.00,0.00,0.64,-0.26,0.02,-93.77,-0.00,-0.00,-0.01,-0.00,0.00,0.00,7.00
50320.00,0.18,-0.19,0.58,0.00,0.00,-0.96,-0.26,0.02,-228.76,-0.00,-0.00,-0.01,-0.00,-0.00,0.00,6.00
50326.00,0.18,-0.19,0.61,0.00,0.00,5.59,-0.26,0.02,1092.05,-0.00,-0.00,-0.01,-0.00,-0.00,0.00,8.00
50334.00,0.18,-0.19,0.58,0.00,0.00,-3.95,-0.26,0.02,-1192.58,-0.00,-0.00,-0.01,-0.00,0.00,0.00,6.00
50340.00,0.18,-0.19,0.60,0.00,0.00,3.98,-0.26,0.02,1321.45,-0.00,-0.00,-0.01,-0.00,0.00,0.00,6.00
50346.00,0.18,-0.19,0.66,0.00,0.00,10.07,-0.26,0.02,1014.22,-0.00,-0.00,-0.01,-0.00,0.00,0.00,8.00
50354.00,0.18,-0.19,0.57,0.00,0.00,-11.91,-0.26,0.02,-2747.68,-0.00,-0.00,-0.01,0.00,-0.00,-0.00,8.00
50362.00,0.18,-0.19,0.61,0.00,0.00,5.18,-0.26,0.02,2137.29,-0.00,-0.00,-0.01,0.00,0.00,0.00,5.00
50367.00,0.18,-0.19,0.65,0.00,0.00,7.98,-0.26,0.02,559.44,-0.00,-0.00,-0.01,0.00,0.00,0.00,8.00
50375.00,0.18,-0.19,0.75,0.00,0.00,13.25,-0.26,0.02,659.09,-0.00,-0.00,-0.01,-0.00,0.00,0.00,8.00
50393.00,0.18,-0.19,0.74,0.00,0.00,-0.95,-0.26,0.02,-789.40,-0.00,-0.00,-0.01,-0.00,0.00,0.00,15.00
50408.00,0.18,-0.19,0.73,0.00,0.00,-0.17,-0.26,0.02,52.41,-0.00,-0.00,-0.01,0.00,-0.00,0.00,8.00
50416.00,0.18,-0.19,0.70,0.00,0.00,-4.20,-0.26,0.02,-503.71,-0.00,-0.00,-0.01,0.00,-0.00,0.00,8.00
50424.00,0.18,-0.19,0.63,0.00,0.00,-8.25,-0.26,0.02,-506.37,-0.00,-0.00,-0.01,0.00,0.00,-0.00,7.00
50431.00,0.18,-0.19,0.59,0.00,0.00,-6.22,-0.26,0.02,290.56,-0.00,-0.00,-0.01,-0.00,0.01,-0.00,6.00
50437.00,0.18,-0.19,0.60,0.00,0.00,1.61,-0.26,0.02,1304.38,-0.00,-0.00,-0.01,-0.00,0.01,-0.00,5.00
50442.00,0.18,-0.19,0.64,0.00,0.00,6.98,-0.26,0.02,1074.31,-0.00,-0.00,-0.01,-0.00,0.01,-0.00,5.00
50447.00,0.18,-0.19,0.55,0.00,0.00,-17.15,-0.26,0.02,-4827.14,-0.00,-0.00,-0.01,-0.00,0.01,-0.00,8.00
50455.00,0.18,-0.19,0.60,0.00,0.00,6.13,-0.26,0.02,2910.51,-0.00,-0.00,-0.01,-0.00,0.01,-0.00,9.00
50464.00,0.18,-0.19,0.60,0.00,0.00,0.40,-0.26,0.02,-636.46,-0.00,-0.00,-0.01,0.00,0.01,-0.00,6.00
50475.00,0.18,-0.19,0.63,0.00,0.00,2.12,0.00,0.00,155.97,-0.00,-0.00,-0.01,0.00,0.01,0.00,8.00
50483.00,0.18,-0.19,0.63,0.00,0.00,0.61,0.00,0.00,-188.96,-0.00,-0.00,-0.01,0.00,-0.00,0.00,5.00
50488.00,0.18,-0.19,0.62,0.00,0.00,-1.44,0.00,0.00,-410.26,-0.00,-0.00,-0.01,-0.00,-0.00,0.00,17.00
50505.00,0.18,-0.19,0.62,0.00,0.00,-0.21,0.00,0.00,72.42,-0.00,-0.00,-0.01,0.00,-0.00,0.00,8.00
50513.00,0.18,-0.19,0.56,0.00,0.00,-7.87,0.00,0.00,-956.67,-0.00,-0.00,-0.01,0.00,-0.01,0.00,5.00
50518.00,0.18,-0.19,0.57,0.00,0.00,1.67,0.00,0.00,1907.86,-0.00,-0.00,-0.01,0.00,-0.00,0.00,8.00
50526.00,0.18,-0.19,0.53,0.00,0.00,-4.34,0.00,0.00,-751.03,-0.00,-0.00,-0.01,0.00,-0.00,0.00,8.00
50534.00,0.18,-0.19,0.64,0.00,0.00,13.15,0.00,0.00,2185.16,-0.00,-0.00,-0.01,0.00,0.00,-0.00,6.00
50540.00,0.18,-0.19,0.62,0.00,0.00,-2.53,0.00,0.00,-2612.73,-0.00,-0.00,-0.01,0.00,0.00,-0.00,6.00
50546.00,0.18,-0.19,0.52,0.00,0.00,-16.11,0.00,0.00,-2262.35,-0.00,-0.00,-0.01,0.00,0.00,0.00,9.00
50560.00,0.18,-0.19,0.59,0.00,0.00,4.60,0.00,0.00,1479.15,-0.00,-0.00,-0.01,-0.00,0.01,0.00,7.00
50567.00,0.18,-0.19,0.64,0.00,0.00,6.75,0.00,0.00,307.05,-0.00,-0.00,-0.01,-0.00,0.01,0.00,8.00
50575.00,0.18,-0.19,0.67,0.00,0.00,4.27,0.00,0.00,-310.30,-0.00,-0.00,-0.01,0.00,0.01,0.00,18.00
50593.00,0.18,-0.19,0.62,0.00,0.00,-2.97,0.00,0.00,-402.30,-0.00,-0.00,-0.01,0.00,-0.00,0.00,6.00
50599.00,0.18,-0.19,0.60,0.00,0.00,-3.25,0.00,0.00,-46.19,-0.00,-0.00,-0.01,0.00,-0.00,-0.00,7.00
50606.00,0.18,-0.19,0.64,0.00,0.00,6.31,0.00,0.00,1365.01,-0.00,-0.00,-0.01,0.00,-0.00,-0.00,8.00
50614.00,0.18,-0.19,0.60,0.00,0.00,-4.59,0.00,0.00,-1362.22,-0.00,-0.00,-0.01,0.00,-0.00,-0.00,6.00
50620.00,0.18,-0.19,0.56,0.00,0.00,-6.71,0.00,0.00,-352.87,-0.00,-0.00,-0.01,0.00,-0.00,-0.00,7.00
50627.00,0.18,-0.19,0.54,0.00,0.00,-3.68,0.00,0.00,431.92,-0.00,-0.00,-0.01,0.00,-0.00,0.00,8.00
50635.00,0.18,-0.19,0.58,0.00,0.00,4.73,0.00,0.00,1051.95,-0.00,-0.00,-0.01,0.00,0.00,0.00,6.00
50645.00,0.18,-0.19,0.67,0.00,0.00,8.87,0.00,0.00,414.32,-0.00,-0.00,-0.01,-0.00,-0.00,0.00,9.00
50654.00,0.18,-0.19,0.64,0.00,0.00,-2.32,0.00,0.00,-1244.00,-0.00,-0.00,-0.01,-0.00,0.00,0.00,5.00
50659.00,0.18,-0.19,0.72,0.00,0.00,15.38,0.00,0.00,3539.52,-0.00,-0.00,-0.01,-0.00,0.00,0.00,7.00
50666.00,0.18,-0.19,0.67,0.00,0.00,-7.68,0.00,0.00,-3293.54,-0.00,-0.00,-0.01,-0.00,0.00,0.00,9.00
50675.00,0.18,-0.19,0.70,0.00,0.00,4.11,0.00,0.00,1309.49,-0.00,-0.00,-0.01,0.00,0.01,0.00,7.00
50682.00,0.18,-0.19,0.76,0.00,0.00,8.51,0.00,0.00,629.60,-0.00,-0.00,-0.01,0.00,0.00,-0.00,5.00
50687.00,0.18,-0.19,0.77,0.00,0.00,2.02,0.00,0.00,-1298.61,-0.00,-0.00,-0.01,0.00,0.00,-0.00,16.00
50703.00,0.18,-0.19,0.63,0.00,0.00,-9.00,0.00,0.00,-688.76,-0.00,-0.00,-0.01,0.00,-0.00,0.00,6.00
50709.00,0.18,-0.19,0.63,0.00,0.00,-0.03,0.00,0.00,1494.90,-0.00,-0.00,-0.01,0.00,-0.00,0.00,7.00
50716.00,0.18,-0.19,0.63,0.00,0.00,-0.03,0.00,0.00,0.24,-0.00,-0.00,-0.01,0.00,-0.00,0.00,9.00
50729.00,0.18,-0.19,0.68,0.00,0.00,3.95,0.00,0.00,305.82,-0.00,-0.00,-0.01,0.00,-0.00,0.00,9.00
50738.00,0.18,-0.19,0.62,0.00,0.00,-6.47,0.00,0.00,-1157.01,-0.00,-0.00,-0.01,0.00,0.00,0.00,6.00
50744.00,0.18,-0.19,0.61,0.00,0.00,-1.44,0.00,0.00,837.87,-0.00,-0.00,-0.01,0.00,0.00,0.00,5.00
50749.00,0.18,-0.19,0.70,0.00,0.00,16.82,0.00,0.00,3651.67,-0.00,-0.00,-0.01,0.00,0.00,0.00,7.00
50756.00,0.18,-0.19,0.72,0.00,0.00,3.07,0.00,0.00,-1964.29,-0.00,-0.00,-0.01,0.00,0.00,-0.00,9.00
50765.00,0.18,-0.19,0.63,0.00,0.00,-9.95,0.00,0.00,-1447.05,-0.00,-0.00,-0.01,0.00,0.01,-0.00,7.00
50772.00,0.18,-0.19,0.66,0.00,0.00,3.84,0.00,0.00,1970.13,-0.00,-0.00,-0.01,-0.00,0.00,-0.00,6.00
50778.00,0.18,-0.19,0.65,0.00,0.00,-1.37,0.00,0.00,-867.24,-0.00,-0.00,-0.01,-0.00,0.00,-0.00,8.00
50786.00,0.18,-0.19,0.71,0.00,0.00,7.68,0.00,0.00,1130.47,-0.00,-0.00,-0.01,-0.00,0.00,0.00,15.00
50801.00,0.18,-0.19,0.67,0.00,0.00,-2.78,0.00,0.00,-696.95,-0.00,-0.00,-0.01,0.00,-0.00,-0.00,7.00
50812.00,0.18,-0.19,0.72,0.00,0.00,4.76,0.00,0.00,685.50,-0.00,-0.00,-0.01,-0.00,-0.00,0.00,7.00
50819.00,0.18,-0.19,0.73,0.00,0.00,0.64,0.00,0.00,-589.75,-0.00,-0.00,-0.01,-0.00,-0.01,0.00,7.00
50826.00,0.18,-0.19,0.71,0.00,0.00,-1.53,0.00,0.00,-309.54,-0.00,-0.00,-0.01,0.00,-0.01,0.00,8.00
50834.00,0.18,-0.19,0.71,0.00,0.00,-0.07,0.00,0.00,182.59,-0.00,-0.00,-0.01,0.00,0.00,0.00,3.00
50837.00,0.18,-0.19,0.83,0.00,0.00,37.33,0.00,0.00,12465.93,-0.00,-0.00,-0.01,0.00,-0.00,0.00,5.00
50842.00,0.18,-0.19,0.75,0.00,0.00,-15.36,0.00,0.00,-10537.67,-0.00,-0.00,-0.01,-0.00,-0.00,0.00,6.00
50848.00,0.18,-0.19,0.60,0.00,0.00,-24.63,0.00,0.00,-1545.21,-0.00,-0.00,-0.01,-0.00,-0.00,-0.00,8.00
50856.00,0.18,-0.19,0.78,0.00,0.00,22.63,0.00,0.00,5907.25,-0.00,-0.00,-0.01,0.00,-0.00,-0.00,7.00
50863.00,0.18,-0.19,0.67,0.00,0.00,-15.79,0.00,0.00,-5487.63,-0.00,-0.00,-0.01,0.00,0.01,-0.00,6.00
50869.00,0.18,-0.19,0.74,0.00,0.00,11.53,0.00,0.00,4553.44,-0.00,-0.00,-0.01,0.00,0.01,-0.00,8.00
50881.00,0.18,-0.19,0.65,0.00,0.00,-7.49,0.00,0.00,-1585.07,-0.00,-0.00,-0.01,-0.00,0.00,-0.00,17.00
50898.00,0.18,-0.19,0.65,0.00,0.00,-0.14,0.00,0.00,432.26,-0.00,-0.00,-0.01,0.00,-0.00,0.00,8.00
50906.00,0.18,-0.19,0.66,0.00,0.00,1.81,0.00,0.00,244.16,-0.00,-0.00,-0.01,0.00,0.00,0.00,8.00
50914.00,0.18,-0.19,0.72,0.00,0.00,6.75,0.00,0.00,617.10,-0.00,-0.00,-0.01,0.00,-0.00,-0.00,6.00
50920.00,0.18,-0.19,0.67,0.00,0.00,-7.17,0.00,0.00,-2320.00,-0.00,-0.00,-0.01,0.00,-0.00,-0.00,7.00
50927.00,0.18,-0.19,0.63,0.00,0.00,-6.37,0.00,0.00,114.27,-0.00,-0.00,-0.01,0.00,-0.01,0.00,9.00
50936.00,0.18,-0.19,0.66,0.00,0.00,3.05,0.00,0.00,1047.08,-0.00,-0.00,-0.01,-0.00,-0.01,0.00,5.00
50941.00,0.18,-0.19,0.71,0.00,0.00,10.04,0.00,0.00,1397.31,-0.00,-0.00,-0.01,-0.00,-0.00,0.00,7.00
50948.00,0.18,-0.19,0.66,0.00,0.00,-6.33,0.00,0.00,-2338.05,-0.00,-0.00,-0.01,-0.00,-0.00,0.00,8.00
50956.00,0.18,-0.19,0.78,0.00,0.00,14.89,0.00,0.00,2651.51,-0.00,-0.00,-0.01,0.00,0.00,-0.00,7.00
50968.00,0.18,-0.19,0.67,0.00,0.00,-9.19,0.00,0.00,-2006.54,-0.00,-0.00,-0.01,0.00,-0.00,-0.00,9.00
50977.00,0.18,-0.19,0.60,0.00,0.00,-8.51,0.00,0.00,76.36,-0.00,-0.00,-0.01,-0.00,0.00,0.00,8.00
50985.00,0.18,-0.19,0.62,0.00,0.00,2.57,0.00,0.00,1384.19,-0.00,-0.00,-0.01,-0.00,0.00,-0.00,16.00
51001.00,0.18,-0.19,0.64,0.00,0.00,1.69,0.00,0.00,-54.77,-0.00,-0.00,-0.01,0.00,0.00,0.00,7.00
51008.00,0.18,-0.19,0.67,0.00,0.00,4.41,0.00,0.00,388.96,-0.00,-0.00,-0.01,0.00,0.00,0.00,8.00
51016.00,0.18,-0.19,0.67,0.00,0.00,-0.65,0.00,0.00,-632.50,-0.00,-0.00,-0.01,0.00,-0.00,0.00,6.00
51022.00,0.18,-0.19,0.96,0.00,0.00,49.19,0.00,0.00,8306.27,-0.00,-0.00,-0.01,0.00,-0.00,0.00,5.00
51027.00,0.18,-0.19,0.56,0.00,0.00,-80.73,0.00,0.00,-25984.47,-0.00,-0.00,-0.01,-0.00,-0.00,0.00,9.00
51036.00,0.18,-0.19,0.70,0.00,0.00,15.26,0.00,0.00,10665.57,-0.00,-0.00,-0.01,-0.00,0.00,0.00,5.00
51041.00,0.18,-0.19,0.55,0.00,0.00,-29.85,0.00,0.00,-9022.19,-0.00,-0.00,-0.01,-0.00,0.00,0.00,7.00
51053.00,0.18,-0.19,0.58,0.00,0.00,2.76,0.00,0.00,2717.72,-0.00,-0.00,-0.01,-0.00,0.00,-0.00,7.00
51060.00,0.18,-0.19,0.62,0.00,0.00,5.13,0.00,0.00,338.82,-0.00,-0.00,-0.01,-0.00,0.00,-0.00,7.00
51067.00,0.18,-0.19,0.66,0.00,0.00,6.28,0.00,0.00,164.27,-0.00,-0.00,-0.01,-0.00,0.01,-0.00,8.00
51075.00,0.18,-0.19,0.50,0.00,0.00,-20.67,0.00,0.00,-3369.71,-0.00,-0.00,-0.01,0.00,0.00,-0.00,6.00
51081.00,0.17,-0.19,0.60,-0.06,0.00,17.38,-0.28,0.02,6342.68,-0.00,-0.00,-0.01,0.00,0.00,-0.00,17.00
51098.00,0.17,-0.19,0.62,-0.06,0.00,1.05,-0.28,0.02,-960.75,-0.00,-0.00,-0.01,-0.00,-0.00,-0.00,8.00
51106.00,0.17,-0.19,0.62,-0.06,0.00,0.56,-0.28,0.02,-61.66,-0.00,-0.00,-0.01,0.00,-0.00,0.00,8.00
51114.00,0.17,-0.19,0.62,-0.06,0.00,-0.92,-0.28,0.02,-184.26,-0.00,-0.00,-0.01,0.01,-0.00,0.00,5.00
51119.00,0.17,-0.19,0.73,-0.06,0.00,22.48,-0.28,0.02,4679.53,-0.00,-0.00,-0.01,0.01,-0.00,0.00,8.00
51127.00,0.17,-0.19,0.61,-0.06,0.00,-14.33,-0.28,0.02,-4601.39,-0.00,-0.00,-0.01,0.00,-0.00,0.00,8.00
51144.00,0.17,-0.19,0.64,-0.06,0.00,1.72,-0.28,0.02,944.34,-0.00,-0.00,-0.01,-0.00,0.00,-0.00,6.00
51150.00,0.17,-0.19,0.55,-0.06,0.00,-15.30,-0.28,0.02,-2837.36,-0.00,-0.00,-0.01,-0.00,0.00,-0.00,7.00
51157.00,0.17,-0.19,0.57,-0.06,0.00,2.66,-0.28,0.02,2566.34,-0.00,-0.00,-0.01,0.00,0.00,-0.00,8.00
51165.00,0.17,-0.19,0.57,-0.06,0.00,-0.38,-0.28,0.02,-379.81,-0.00,-0.00,-0.01,0.00,0.00,-0.00,6.00
51171.00,0.17,-0.19,0.58,-0.06,0.00,2.01,-0.28,0.02,398.35,-0.00,-0.00,-0.01,0.00,0.00,-0.00,7.00
51178.00,0.17,-0.19,0.56,-0.06,0.00,-2.75,-0.28,0.02,-680.24,-0.00,-0.00,-0.01,0.00,-0.00,-0.00,9.00
51187.00,0.17,-0.19,0.61,-0.06,0.00,6.06,-0.28,0.02,978.84,-0.00,-0.00,-0.01,0.00,-0.00,0.00,15.00
51202.00,0.17,-0.19,0.56,-0.06,0.00,-3.35,-0.28,0.02,-627.11,-0.00,-0.00,-0.01,-0.00,-0.00,0.00,7.00
51209.00,0.17,-0.19,0.57,-0.06,0.00,1.21,-0.28,0.02,651.19,-0.00,-0.00,-0.01,-0.00,-0.00,0.00,8.00
51217.00,0.17,-0.19,0.67,-0.06,0.00,11.74,-0.28,0.02,1315.85,-0.00,-0.00,-0.01,0.00,-0.00,-0.00,8.00
51229.00,0.17,-0.19,0.56,-0.06,0.00,-8.77,-0.28,0.02,-1709.58,-0.00,-0.00,-0.01,0.00,-0.00,0.00,9.00
51238.00,0.17,-0.19,0.55,-0.06,0.00,-0.81,-0.28,0.02,885.38,-0.00,-0.00,-0.01,0.00,0.00,-0.00,5.00
51243.00,0.17,-0.19,0.61,-0.06,0.00,11.79,-0.28,0.02,2518.34,-0.00,-0.00,-0.01,-0.00,0.00,-0.00,6.00
51249.00,0.17,-0.19,0.57,-0.06,0.00,-6.81,-0.28,0.02,-3099.15,-0.00,-0.00,-0.01,-0.00,0.00,-0.00,8.00
51257.00,0.17,-0.19,0.62,-0.06,0.00,5.65,-0.28,0.02,1557.60,-0.00,-0.00,-0.01,-0.00,0.00,-0.00,8.00
51265.00,0.17,-0.19,0.70,-0.06,0.00,10.24,-0.28,0.02,573.53,-0.00,-0.00,-0.01,-0.00,0.00,0.00,5.00
51270.00,0.17,-0.19,0.54,-0.06,0.00,-32.32,-0.28,0.02,-8511.07,-0.00,-0.00,-0.01,-0.00,0.00,0.00,8.00
51278.00,0.17,-0.19,0.58,-0.06,0.00,5.04,-0.28,0.02,4669.55,-0.00,-0.00,-0.01,0.00,0.00,0.00,8.00
51286.00,0.17,-0.19,0.64,0.00,0.00,7.34,0.27,-0.02,287.93,-0.00,-0.00,-0.01,0.00,-0.01,0.00,16.00
51302.00,0.17,-0.19,0.56,0.00,0.00,-4.71,0.27,-0.02,-753.58,-0.00,-0.00,-0.01,-0.00,-0.01,-0.00,7.00
51314.00,0.17,-0.19,0.60,0.00,0.00,3.09,0.27,-0.02,650.06,-0.00,-0.00,-0.01,0.00,-0.00,-0.00,7.00
51321.00,0.17,-0.19,0.63,0.00,0.00,5.11,0.27,-0.02,289.64,-0.00,-0.00,-0.01,0.00,-0.00,-0.00,7.00
51328.00,0.17,-0.19,0.68,0.00,0.00,6.99,0.27,-0.02,267.79,-0.00,-0.00,-0.01,0.00,-0.00,0.00,8.00
51336.00,0.17,-0.19,0.64,0.00,0.00,-5.76,0.27,-0.02,-1593.89,-0.00,-0.00,-0.01,0.00,0.01,-0.00,6.00
51342.00,0.17,-0.19,0.60,0.00,0.00,-5.49,0.27,-0.02,46.07,-0.00,-0.00,-0.01,0.00,0.01,-0.00,6.00
51348.00,0.17,-0.19,0.66,0.00,0.00,8.87,0.27,-0.02,2391.88,-0.00,-0.00,-0.01,0.00,0.01,0.00,9.00
51357.00,0.17,-0.19,0.66,0.00,0.00,0.88,0.27,-0.02,-887.05,-0.00,-0.00,-0.01,-0.00,0.00,0.00,7.00
51364.00,0.17,-0.19,0.70,0.00,0.00,5.32,0.27,-0.02,634.32,-0.00,-0.00,-0.01,0.00,0.00,-0.00,5.00
51369.00,0.17,-0.19,0.69,0.00,0.00,-1.34,0.27,-0.02,-1332.03,-0.00,-0.00,-0.01,0.00,0.00,-0.00,9.00
51378.00,0.17,-0.19,0.55,0.00,0.00,-15.63,0.27,-0.02,-1587.74,-0.00,-0.00,-0.01,0.00,0.00,-0.00,8.00
51390.00,0.17,-0.19,0.63,0.00,0.00,6.19,0.27,-0.02,1817.94,-0.00,-0.00,-0.01,0.00,0.00,-0.00,18.00
51408.00,0.17,-0.19,0.69,0.00,0.00,3.59,0.27,-0.02,-144.16,-0.00,-0.00,-0.01,-0.00,-0.00,-0.00,10.00
51418.00,0.17,-0.19,0.64,0.00,0.00,-5.59,0.27,-0.02,-917.85,-0.00,-0.00,-0.01,-0.00,-0.00,0.00,7.00
51425.00,0.17,-0.19,0.55,0.00,0.00,-12.70,0.27,-0.02,-1016.72,-0.00,-0.00,-0.01,0.00,0.00,0.00,5.00
51430.00,0.17,-0.19,0.55,0.00,0.00,0.55,0.27,-0.02,2649.62,-0.00,-0.00,-0.01,0.00,0.00,0.00,8.00
51438.00,0.17,-0.19,0.58,0.00,0.00,3.70,0.27,-0.02,394.05,-0.00,-0.00,-0.01,0.00,0.00,0.00,6.00
51444.00,0.17,-0.19,0.64,0.00,0.00,9.88,0.27,-0.02,1031.02,-0.00,-0.00,-0.01,0.00,0.01,0.00,5.00
51449.00,0.17,-0.19,0.51,0.00,0.00,-26.52,0.27,-0.02,-7280.00,-0.00,-0.00,-0.01,0.00,0.01,0.00,9.00
51458.00,0.17,-0.19,0.63,0.00,0.00,13.52,0.27,-0.02,4448.58,-0.00,-0.00,-0.01,0.00,0.00,-0.00,7.00
51465.00,0.17,-0.19,0.58,0.00,0.00,-6.99,0.27,-0.02,-2929.83,-0.00,-0.00,-0.01,0.00,-0.00,-0.00,6.00
51476.00,0.17,-0.19,0.62,0.00,0.00,3.84,0.27,-0.02,984.44,-0.00,-0.00,-0.01,0.00,0.00,-0.00,6.00
51482.00,0.17,-0.19,0.65,0.00,0.00,3.82,0.27,-0.02,-4.24,-0.00,-0.00,-0.01,0.00,0.00,-0.00,7.00
51489.00,0.17,-0.19,0.59,0.00,0.00,-7.79,0.00,0.00,-1658.00,-0.00,-0.00,-0.01,0.00,0.00,-0.00,15.00
51504.00,0.17,-0.19,0.65,0.00,0.00,4.13,0.00,0.00,794.53,-0.00,-0.00,-0.01,0.00,-0.00,0.00,6.00
51510.00,0.17,-0.19,0.58,0.00,0.00,-11.89,0.00,0.00,-2669.00,-0.00,-0.00,-0.01,-0.00,0.00,0.00,8.00
51518.00,0.17,-0.19,0.60,0.00,0.00,2.90,0.00,0.00,1848.85,-0.00,-0.00,-0.01,-0.00,0.00,0.00,8.00
51526.00,0.17,-0.19,0.57,0.00,0.00,-4.43,0.00,0.00,-916.82,-0.00,-0.00,-0.01,0.00,0.00,0.00,5.00
51531.00,0.17,-0.19,0.67,0.00,0.00,20.18,0.00,0.00,4922.06,-0.00,-0.00,-0.01,0.00,0.00,0.00,8.00
51539.00,0.17,-0.19,0.56,0.00,0.00,-13.42,0.00,0.00,-4199.90,-0.00,-0.00,-0.01,0.00,0.00,0.00,6.00
51545.00,0.17,-0.19,0.53,0.00,0.00,-5.39,0.00,0.00,1338.12,-0.00,-0.00,-0.01,-0.00,0.00,0.00,5.00
51555.00,0.17,-0.19,0.67,0.00,0.00,13.98,0.00,0.00,1936.64,-0.00,-0.00,-0.01,0.00,0.00,0.00,7.00
51562.00,0.17,-0.19,0.72,0.00,0.00,7.14,0.00,0.00,-977.08,-0.00,-0.00,-0.01,0.00,-0.00,0.00,7.00
51569.00,0.17,-0.19,0.65,0.00,0.00,-10.08,0.00,0.00,-2459.56,-0.00,-0.00,-0.01,0.00,-0.00,-0.00,8.00
51577.00,0.17,-0.19,0.61,0.00,0.00,-4.54,0.00,0.00,692.56,-0.00,-0.00,-0.01,0.00,-0.00,0.00,7.00
51584.00,0.17,-0.19,0.63,0.00,0.00,2.06,0.00,0.00,942.82,-0.00,-0.00,-0.01,0.00,0.00,0.00,16.00
51600.00,0.17,-0.19,0.61,0.00,0.00,-0.94,0.00,0.00,-187.52,-0.00,-0.00,-0.01,0.00,0.00,0.00,9.00
51609.00,0.17,-0.19,0.60,0.00,0.00,-1.95,0.00,0.00,-112.25,-0.00,-0.00,-0.01,0.00,-0.00,-0.00,7.00
51616.00,0.17,-0.19,0.59,0.00,0.00,-0.46,0.00,0.00,212.42,-0.00,-0.00,-0.01,0.00,0.00,-0.00,6.00
51622.00,0.17,-0.19,0.68,0.00,0.00,15.28,0.00,0.00,2623.53,-0.00,-0.00,-0.01,0.00,0.00,-0.00,7.00
51629.00,0.17,-0.19,0.77,0.00,0.00,12.03,0.00,0.00,-464.19,-0.00,-0.00,-0.01,0.00,0.00,-0.00,9.00
51642.00,0.17,-0.19,0.70,0.00,0.00,-5.23,0.00,0.00,-1327.19,-0.00,-0.00,-0.01,-0.00,0.00,-0.00,8.00
51650.00,0.17,-0.19,0.66,0.00,0.00,-5.39,0.00,0.00,-20.11,-0.00,-0.00,-0.01,-0.00,-0.00,-0.00,8.00
51658.00,0.17,-0.19,0.66,0.00,0.00,0.95,0.00,0.00,791.60,-0.00,-0.00,-0.01,0.00,-0.00,-0.00,8.00
51666.00,0.17,-0.19,0.53,0.00,0.00,-16.47,0.00,0.00,-2177.18,-0.00,-0.00,-0.01,-0.00,-0.00,-0.00,5.00
51671.00,0.17,-0.19,0.50,0.00,0.00,-7.43,0.00,0.00,1808.89,-0.00,-0.00,-0.01,-0.00,-0.00,-0.00,8.00
51679.00,0.17,-0.19,0.57,0.00,0.00,8.82,0.00,0.00,2030.72,-0.00,-0.00,-0.01,0.00,-0.00,0.00,9.00
51688.00,0.17,-0.19,0.55,0.00,0.00,-2.21,0.00,0.00,-1225.69,-0.00,-0.00,-0.01,-0.00,-0.01,-0.00,16.00
51704.00,0.17,-0.19,0.60,0.00,0.00,3.54,0.00,0.00,359.75,-0.00,-0.00,-0.01,-0.00,-0.00,0.00,6.00
51710.00,0.17,-0.19,0.64,0.00,0.00,6.68,0.00,0.00,522.12,-0.00,-0.00,-0.01,0.00,-0.00,0.00,8.00
51718.00,0.17,-0.19,0.55,0.00,0.00,-11.02,0.00,0.00,-2211.80,-0.00,-0.00,-0.01,-0.00,0.00,0.00,8.00
51731.00,0.17,-0.19,0.46,0.00,0.00,-7.46,0.00,0.00,273.51,-0.00,-0.00,-0.01,-0.01,-0.00,0.00,9.00
51740.00,0.17,-0.19,0.59,0.00,0.00,14.54,0.00,0.00,2444.32,-0.00,-0.00,-0.01,-0.01,-0.01,-0.00,5.00
51745.00,0.17,-0.19,0.64,0.00,0.00,9.31,0.00,0.00,-1045.68,-0.00,-0.00,-0.01,-0.00,0.00,-0.00,6.00
51751.00,0.17,-0.19,0.63,0.00,0.00,-1.12,0.00,0.00,-1738.35,-0.00,-0.00,-0.01,-0.00,0.00,-0.00,8.00
51759.00,0.17,-0.19,0.55,0.00,0.00,-9.38,0.00,0.00,-1031.88,-0.00,-0.00,-0.01,-0.00,0.00,-0.00,8.00
51767.00,0.17,-0.19,0.57,0.00,0.00,2.61,0.00,0.00,1497.94,-0.00,-0.00,-0.01,0.00,0.00,0.00,5.00
51772.00,0.17,-0.19,0.52,0.00,0.00,-11.00,0.00,0.00,-2720.61,-0.00,-0.00,-0.01,0.00,0.00,0.00,8.00
51780.00,0.17,-0.19,0.66,0.00,0.00,17.48,0.00,0.00,3558.98,-0.00,-0.00,-0.01,0.00,0.00,0.00,8.00
51788.00,0.17,-0.19,0.55,0.00,0.00,-13.99,0.00,0.00,-3933.10,-0.00,-0.00,-0.01,0.00,-0.00,0.00,16.00
51804.00,0.17,-0.19,0.63,0.00,0.00,5.46,0.00,0.00,1215.40,-0.00,-0.00,-0.01,-0.00,0.01,-0.00,6.00
51820.00,0.17,-0.19,0.67,0.00,0.00,2.17,0.00,0.00,-205.27,-0.00,-0.00,-0.01,0.00,0.00,-0.00,9.00
51829.00,0.17,-0.19,0.67,0.00,0.00,-0.35,0.00,0.00,-279.99,-0.00,-0.00,-0.01,0.00,0.00,-0.00,8.00
51837.00,0.17,-0.19,0.54,0.00,0.00,-15.66,0.00,0.00,-1913.72,-0.00,-0.00,-0.01,0.00,0.00,0.00,5.00
51842.00,0.17,-0.19,0.61,0.00,0.00,13.38,0.00,0.00,5807.50,-0.00,-0.00,-0.01,0.00,0.00,0.00,7.00
51849.00,0.17,-0.19,0.69,0.00,0.00,11.97,0.00,0.00,-201.56,-0.00,-0.00,-0.01,0.00,0.00,0.00,7.00
51856.00,0.17,-0.19,0.53,0.00,0.00,-22.68,0.00,0.00,-4949.64,-0.00,-0.00,-0.01,0.00,0.00,0.00,6.00
51862.00,0.17,-0.19,0.58,0.00,0.00,7.60,0.00,0.00,5046.75,-0.00,-0.00,-0.01,0.00,0.00,0.00,8.00
51870.00,0.17,-0.19,0.55,0.00,0.00,-3.33,0.00,0.00,-1366.70,-0.00,-0.00,-0.01,0.00,0.00,0.00,8.00
51878.00,0.17,-0.19,0.62,0.00,0.00,7.98,0.00,0.00,1414.02,-0.00,-0.00,-0.01,-0.00,-0.00,0.00,5.00
51883.00,0.17,-0.19,0.60,0.00,0.00,-3.54,0.00,0.00,-2304.68,-0.00,-0.00,-0.01,-0.00,-0.00,-0.00,7.00
51895.00,0.17,-0.19,0.61,0.00,0.00,0.63,0.00,0.00,347.22,-0.00,-0.00,-0.01,-0.00,-0.00,-0.00,17.00
51912.00,0.17,-0.20,0.47,0.00,-0.04,-8.01,0.00,-0.18,-508.16,-0.00,-0.00,-0.01,-0.00,-0.00,-0.00,8.00
51920.00,0.17,-0.20,0.62,0.00,-0.04,19.06,0.00,-0.18,3384.43,-0.00,-0.00,-0.01,-0.00,0.00,-0.00,9.00
51929.00,0.17,-0.20,0.54,0.00,-0.04,-8.57,0.00,-0.18,-3069.97,-0.00,-0.00,-0.01,0.00,-0.01,0.00,7.00
51936.00,0.17,-0.20,0.56,0.00,-0.04,1.57,0.00,-0.18,1448.17,-0.00,-0.00,-0.01,-0.00,-0.00,-0.00,5.00
51941.00,0.17,-0.20,0.56,0.00,-0.04,0.52,0.00,-0.18,-210.47,-0.00,-0.00,-0.01,-0.00,-0.00,-0.00,6.00
51947.00,0.17,-0.20,0.56,0.00,-0.04,0.89,0.00,-0.18,61.66,-0.00,-0.00,-0.01,0.00,0.00,0.00,6.00
51953.00,0.17,-0.20,0.60,0.00,-0.04,5.74,0.00,-0.18,809.21,-0.00,-0.00,-0.01,0.00,0.00,0.00,7.00
51960.00,0.17,-0.20,0.47,0.00,-0.04,-18.84,0.00,-0.18,-3511.78,-0.00,-0.00,-0.01,-0.00,0.00,-0.00,9.00
51969.00,0.17,-0.20,0.51,0.00,-0.04,5.40,0.00,-0.18,2693.51,-0.00,-0.00,-0.01,0.00,0.00,-0.00,7.00
51980.00,0.17,-0.20,0.56,0.00,-0.04,4.38,0.00,-0.18,-92.71,-0.00,-0.00,-0.01,0.00,0.00,-0.00,20.00
52000.00,0.17,-0.20,0.48,0.00,-0.04,-3.94,0.00,-0.18,-415.83,-0.00,-0.00,-0.01,0.00,0.00,-0.00,9.00
52009.00,0.17,-0.20,0.58,0.00,-0.04,10.83,0.00,-0.18,1641.09,-0.00,-0.00,-0.01,0.00,0.00,0.00,6.00
52015.00,0.17,-0.20,0.48,0.00,-0.04,-16.87,0.00,-0.18,-4617.10,-0.00,-0.00,-0.01,-0.00,0.00,0.00,6.00
52021.00,0.17,-0.20,0.64,0.00,-0.04,27.13,0.00,-0.18,7333.78,-0.00,-0.00,-0.01,-0.00,0.00,0.00,8.00
52029.00,0.17,-0.20,0.63,0.00,-0.04,-1.11,0.00,-0.18,-3530.68,-0.00,-0.00,-0.01,-0.00,0.00,-0.00,8.00
52037.00,0.17,-0.20,0.57,0.00,-0.04,-8.02,0.00,-0.18,-863.91,-0.00,-0.00,-0.01,-0.00,0.00,0.00,5.00
52042.00,0.17,-0.20,0.53,0.00,-0.04,-8.14,0.00,-0.18,-23.72,-0.00,-0.00,-0.01,-0.00,0.00,0.00,6.00
52048.00,0.17,-0.20,0.54,0.00,-0.04,1.44,0.00,-0.18,1596.82,-0.00,-0.00,-0.01,-0.00,0.00,-0.00,5.00
52053.00,0.17,-0.20,0.49,0.00,-0.04,-10.45,0.00,-0.18,-2378.92,-0.00,-0.00,-0.01,-0.00,0.00,-0.00,7.00
52065.00,0.17,-0.20,0.61,0.00,-0.04,10.23,0.00,-0.18,1724.07,-0.00,-0.00,-0.01,0.00,0.00,0.00,7.00
52072.00,0.17,-0.20,0.57,0.00,-0.04,-6.08,0.00,-0.18,-2330.26,-0.00,-0.00,-0.01,0.00,0.00,0.00,8.00
52080.00,0.17,-0.20,0.55,0.00,-0.04,-2.17,0.00,-0.18,488.64,-0.00,-0.00,-0.01,0.00,0.00,-0.00,18.00
52098.00,0.17,-0.20,0.48,0.00,-0.04,-3.71,0.00,-0.18,-85.41,-0.00,-0.00,-0.01,-0.00,0.00,-0.00,5.00
52103.00,0.17,-0.20,0.48,0.00,-0.04,-0.46,0.00,-0.18,648.52,-0.00,-0.00,-0.01,-0.00,0.00,-0.00,7.00
52110.00,0.17,-0.20,0.50,0.00,-0.04,2.18,0.00,-0.18,378.15,-0.00,-0.00,-0.01,0.00,0.00,-0.00,9.00
52119.00,0.17,-0.19,0.57,0.00,0.04,8.42,0.00,0.36,693.13,-0.00,-0.00,-0.01,0.00,0.00,-0.00,5.00
52124.00,0.17,-0.19,0.57,0.00,0.04,-0.42,0.00,0.36,-1768.49,-0.00,-0.00,-0.01,0.00,0.00,-0.00,7.00
52131.00,0.17,-0.19,0.64,0.00,0.04,9.77,0.00,0.36,1456.41,-0.00,-0.00,-0.01,0.00,0.00,-0.00,9.00
52140.00,0.17,-0.19,0.66,0.00,0.04,2.87,0.00,0.36,-766.65,-0.00,-0.00,-0.01,0.00,0.01,-0.00,5.00
52150.00,0.17,-0.19,0.57,0.00,0.04,-9.07,0.00,0.36,-1194.26,-0.00,-0.00,-0.01,-0.00,0.00,0.00,8.00
52158.00,0.17,-0.19,0.61,0.00,0.04,5.05,0.00,0.36,1764.80,-0.00,-0.00,-0.01,0.00,0.00,0.00,6.00
52164.00,0.17,-0.19,0.48,0.00,0.04,-21.88,0.00,0.36,-4487.72,-0.00,-0.00,-0.01,0.00,0.00,-0.00,7.00
52171.00,0.17,-0.19,0.53,0.00,0.04,7.52,0.00,0.36,4199.42,-0.00,-0.00,-0.01,0.00,0.00,-0.00,9.00
52180.00,0.17,-0.19,0.58,0.00,0.04,5.52,0.00,0.36,-222.67,-0.00,-0.00,-0.01,0.00,0.00,0.00,17.00
52197.00,0.17,-0.19,0.50,0.00,0.04,-5.18,0.00,0.36,-629.35,-0.00,-0.00,-0.01,-0.00,0.00,0.00,6.00
52203.00,0.17,-0.19,0.51,0.00,0.04,3.19,0.00,0.36,1394.76,-0.00,-0.00,-0.01,-0.00,0.00,0.00,7.00
52210.00,0.17,-0.19,0.56,0.00,0.04,6.20,0.00,0.36,430.31,-0.00,-0.00,-0.01,-0.00,0.00,-0.00,8.00
52218.00,0.17,-0.19,0.58,0.00,0.04,2.86,0.00,0.36,-417.33,-0.00,-0.00,-0.01,-0.00,0.00,-0.00,5.00
52223.00,0.17,-0.19,0.54,0.00,0.04,-8.37,0.00,0.36,-2245.02,-0.00,-0.00,-0.01,0.00,0.00,-0.00,8.00
52236.00,0.17,-0.19,0.51,0.00,0.04,-1.88,0.00,0.36,498.91,-0.00,-0.00,-0.01,0.00,0.00,-0.00,7.00
52243.00,0.17,-0.19,0.54,0.00,0.04,3.05,0.00,0.36,704.77,-0.00,-0.00,-0.01,-0.00,0.00,-0.00,6.00
52249.00,0.17,-0.19,0.50,0.00,0.04,-5.95,0.00,0.36,-1500.40,-0.00,-0.00,-0.01,0.00,0.00,-0.00,6.00
52255.00,0.17,-0.19,0.53,0.00,0.04,4.74,0.00,0.36,1781.61,-0.00,-0.00,-0.01,0.00,0.00,-0.00,6.00
52261.00,0.17,-0.19,0.51,0.00,0.04,-3.11,0.00,0.36,-1308.15,-0.00,-0.00,-0.01,-0.00,-0.00,0.00,9.00
52270.00,0.17,-0.19,0.49,0.00,0.04,-1.79,0.00,0.36,146.54,-0.00,-0.00,-0.01,-0.00,0.00,0.00,8.00
52278.00,0.17,-0.19,0.53,0.00,0.04,4.95,0.00,0.36,842.27,-0.00,-0.00,-0.01,0.00,0.00,-0.00,16.00
52294.00,0.17,-0.19,0.46,0.00,0.04,-4.50,0.00,0.36,-590.83,-0.00,-0.00,-0.01,0.00,-0.00,0.00,6.00
52300.00,0.17,-0.19,0.44,0.00,0.04,-3.56,0.00,0.36,156.87,-0.00,-0.00,-0.01,0.00,-0.00,-0.00,8.00
52308.00,0.17,-0.19,0.46,0.00,0.04,2.12,0.00,0.36,710.62,-0.00,-0.00,-0.01,-0.00,-0.00,-0.00,6.00
52318.00,0.17,-0.19,0.37,0.00,0.04,-8.30,0.00,0.36,-1042.21,-0.00,-0.00,-0.01,0.00,-0.00,0.00,7.00
52325.00,0.17,-0.19,0.45,0.00,0.00,10.56,0.00,-0.18,2693.64,-0.00,-0.00,-0.01,0.00,-0.00,0.00,6.00
52331.00,0.17,-0.19,0.38,0.00,0.00,-10.97,0.00,-0.18,-3588.02,-0.00,-0.00,-0.01,0.00,-0.00,0.00,9.00
52340.00,0.17,-0.19,0.46,0.00,0.00,8.11,0.00,-0.18,2120.03,-0.00,-0.00,-0.01,-0.00,-0.01,0.00,5.00
52345.00,0.17,-0.19,0.47,0.00,0.00,2.67,0.00,-0.18,-1087.99,-0.00,-0.00,-0.01,-0.00,-0.01,0.00,7.00
52352.00,0.17,-0.19,0.50,0.00,0.00,4.52,0.00,-0.18,265.06,-0.00,-0.00,-0.01,0.00,-0.00,0.00,8.00
52360.00,0.17,-0.19,0.49,0.00,0.00,-1.87,0.00,-0.18,-799.50,-0.00,-0.00,-0.01,-0.00,-0.00,0.00,8.00
52368.00,0.17,-0.19,0.49,0.00,0.00,-0.02,0.00,-0.18,232.03,-0.00,-0.00,-0.01,0.00,0.00,0.00,5.00
52373.00,0.17,-0.19,0.55,0.00,0.00,13.74,0.00,-0.18,2751.92,-0.00,-0.00,-0.01,0.00,0.00,0.00,8.00
52381.00,0.17,-0.19,0.42,0.00,0.00,-17.07,0.00,-0.18,-3851.61,-0.00,-0.00,-0.01,0.00,0.00,0.00,8.00
52394.00,0.17,-0.19,0.48,0.00,0.00,4.78,0.00,-0.18,1680.57,-0.00,-0.00,-0.01,0.00,0.00,-0.00,18.00
52412.00,0.17,-0.19,0.51,0.00,0.00,1.70,0.00,-0.18,-171.23,-0.00,-0.00,-0.01,-0.00,0.00,0.00,9.00
52421.00,0.17,-0.19,0.44,0.00,0.00,-7.61,0.00,-0.18,-1033.98,-0.00,-0.00,-0.01,-0.00,0.00,-0.00,7.00
52428.00,0.17,-0.19,0.51,0.00,0.00,10.02,0.00,-0.18,2519.21,-0.00,-0.00,-0.01,0.00,0.00,0.00,6.00
52434.00,0.17,-0.19,0.51,0.00,0.00,-0.59,0.00,-0.18,-1768.64,-0.00,-0.00,-0.01,0.00,0.00,-0.00,7.00
52441.00,0.17,-0.19,0.51,0.00,0.00,0.75,0.00,-0.18,191.76,-0.00,-0.00,-0.01,0.00,0.00,-0.00,7.00
52448.00,0.17,-0.19,0.41,0.00,0.00,-15.25,0.00,-0.18,-2285.65,-0.00,-0.00,-0.01,0.00,0.00,0.00,5.00
52453.00,0.17,-0.19,0.55,0.00,0.00,28.36,0.00,-0.18,8721.45,-0.00,-0.00,-0.01,0.00,0.00,0.00,8.00
52461.00,0.17,-0.19,0.53,0.00,0.00,-1.97,0.00,-0.18,-3791.78,-0.00,-0.00,-0.01,0.00,-0.00,0.00,6.00
52467.00,0.17,-0.19,0.71,0.00,0.00,29.51,0.00,-0.18,5247.45,-0.00,-0.00,-0.01,0.00,-0.00,0.00,5.00
52482.00,0.17,-0.19,0.47,0.00,0.00,-15.99,0.00,-0.18,-3033.53,-0.00,-0.00,-0.01,0.00,-0.00,0.00,20.00
52502.00,0.17,-0.19,0.47,0.00,0.00,0.15,0.00,-0.18,807.10,-0.00,-0.00,-0.01,-0.00,0.00,0.00,9.00
52511.00,0.17,-0.19,0.37,0.00,0.00,-11.63,0.00,-0.18,-1309.27,-0.00,-0.00,-0.01,-0.00,-0.00,-0.00,7.00
52518.00,0.17,-0.19,0.54,0.00,0.00,25.12,0.00,-0.18,5249.87,-0.00,-0.00,-0.01,-0.00,-0.00,-0.00,6.00
52524.00,0.17,-0.19,0.47,0.00,0.00,-11.66,0.00,-0.18,-6129.41,-0.00,-0.00,-0.01,-0.00,-0.00,-0.00,8.00
52532.00,0.17,-0.18,0.43,0.00,0.04,-5.33,0.00,0.18,790.60,-0.00,-0.00,-0.01,-0.00,-0.00,0.00,7.00
52539.00,0.17,-0.18,0.50,0.00,0.04,10.24,0.00,0.18,2224.83,-0.00,-0.00,-0.01,0.00,-0.00,0.00,6.00
52545.00,0.17,-0.18,0.48,0.00,0.04,-4.13,0.00,0.18,-2395.65,-0.00,-0.00,-0.01,0.00,-0.00,0.00,6.00
52551.00,0.17,-0.18,0.48,0.00,0.04,0.26,0.00,0.18,732.06,-0.00,-0.00,-0.01,0.00,0.00,0.00,8.00
52559.00,0.17,-0.18,0.50,0.00,0.04,2.14,0.00,0.18,235.54,-0.00,-0.00,-0.01,0.00,0.00,0.01,5.00
52569.00,0.17,-0.18,0.53,0.00,0.04,3.16,0.00,0.18,102.11,-0.00,-0.00,-0.01,0.00,0.00,-0.00,7.00
52576.00,0.17,-0.18,0.50,0.00,0.04,-4.52,0.00,0.18,-1097.65,-0.00,-0.00,-0.01,0.00,0.00,0.00,6.00
52582.00,0.17,-0.18,0.53,0.00,0.04,4.73,0.00,0.18,1541.90,-0.00,-0.00,-0.01,0.00,0.00,0.00,19.00
52601.00,0.17,-0.18,0.55,0.00,0.04,1.46,0.00,0.18,-171.99,-0.00,-0.00,-0.01,0.00,0.00,-0.00,7.00
52608.00,0.17,-0.18,0.47,0.00,0.04,-11.64,0.00,0.18,-1872.01,-0.00,-0.00,-0.01,0.00,0.00,0.00,5.00
52613.00,0.17,-0.18,0.55,0.00,0.04,14.82,0.00,0.18,5291.52,-0.00,-0.00,-0.01,0.00,0.00,0.00,9.00
52622.00,0.17,-0.18,0.47,0.00,0.04,-8.32,0.00,0.18,-2570.69,-0.00,-0.00,-0.01,0.00,0.00,0.00,7.00
52629.00,0.17,-0.18,0.54,0.00,0.04,10.57,0.00,0.18,2698.42,-0.00,-0.00,-0.01,0.00,-0.00,0.00,6.00
52635.00,0.17,-0.18,0.38,0.00,0.04,-28.07,0.00,0.18,-6440.38,-0.00,-0.00,-0.01,0.00,-0.00,0.00,7.00
52642.00,0.17,-0.18,0.49,0.00,0.04,15.80,0.00,0.18,6267.92,-0.00,-0.00,-0.01,0.00,-0.00,0.00,6.00
52653.00,0.17,-0.18,0.52,0.00,0.04,2.77,0.00,0.18,-1185.02,-0.00,-0.00,-0.01,-0.00,-0.00,-0.00,9.00
52662.00,0.17,-0.18,0.46,0.00,0.04,-6.34,0.00,0.18,-1012.19,-0.00,-0.00,-0.01,-0.00,0.00,0.00,9.00
52671.00,0.17,-0.18,0.39,0.00,0.04,-7.47,0.00,0.18,-124.86,-0.00,-0.00,-0.01,-0.00,0.00,0.00,6.00
52677.00,0.17,-0.18,0.45,0.00,0.04,9.09,0.00,0.18,2759.98,-0.00,-0.00,-0.01,-0.00,-0.00,0.00,6.00
52683.00,0.17,-0.18,0.53,0.00,0.04,14.47,0.00,0.18,896.09,-0.00,-0.00,-0.01,0.00,-0.00,0.00,19.00
52702.00,0.17,-0.18,0.40,0.00,0.04,-7.19,0.00,0.18,-1139.86,-0.00,-0.00,-0.01,0.00,-0.00,0.00,9.00
52711.00,0.17,-0.18,0.41,0.00,0.04,0.99,0.00,0.18,908.37,-0.00,-0.00,-0.01,0.00,-0.00,-0.00,7.00
52718.00,0.17,-0.18,0.48,0.00,0.04,10.82,0.00,0.18,1404.68,-0.00,-0.00,-0.01,0.00,-0.00,0.00,6.00
52724.00,0.17,-0.18,0.58,0.00,0.04,15.41,0.00,0.18,765.35,-0.00,-0.00,-0.01,0.00,-0.00,0.00,8.00
52732.00,0.17,-0.18,0.53,0.00,0.00,-5.14,0.00,-0.19,-2569.35,-0.00,-0.00,-0.01,0.00,-0.00,0.00,7.00
52744.00,0.17,-0.18,0.53,0.00,0.00,-0.62,0.00,-0.19,376.69,-0.00,-0.00,-0.01,-0.00,-0.00,0.00,7.00
52751.00,0.17,-0.18,0.50,0.00,0.00,-3.18,0.00,-0.19,-365.66,-0.00,-0.00,-0.01,0.00,0.00,0.00,6.00
52757.00,0.17,-0.18,0.50,0.00,0.00,-0.42,0.00,-0.19,460.22,-0.00,-0.00,-0.01,0.00,0.00,0.00,7.00
52764.00,0.17,-0.18,0.53,0.00,0.00,4.16,0.00,-0.19,654.12,-0.00,-0.00,-0.01,0.00,0.00,0.00,8.00
52772.00,0.17,-0.18,0.51,0.00,0.00,-2.56,0.00,-0.19,-840.31,-0.00,-0.00,-0.01,0.00,0.00,-0.00,6.00
52778.00,0.17,-0.18,0.41,0.00,0.00,-16.63,0.00,-0.19,-2345.10,-0.00,-0.00,-0.01,0.00,-0.00,-0.00,6.00
52784.00,0.17,-0.18,0.49,0.00,0.00,13.36,0.00,-0.19,4998.32,-0.00,-0.00,-0.01,0.00,-0.00,-0.00,18.00
52802.00,0.17,-0.18,0.51,0.00,0.00,0.80,0.00,-0.19,-697.36,-0.00,-0.00,-0.01,0.00,-0.00,0.00,8.00
52810.00,0.17,-0.18,0.49,0.00,0.00,-2.05,0.00,-0.19,-356.59,-0.00,-0.00,-0.01,0.00,0.00,0.00,6.00
52816.00,0.17,-0.18,0.43,0.00,0.00,-10.01,0.00,-0.19,-1326.03,-0.00,-0.00,-0.01,0.00,-0.00,0.00,7.00
52828.00,0.17,-0.18,0.55,0.00,0.00,9.88,0.00,-0.19,1657.46,-0.00,-0.00,-0.01,-0.00,-0.01,0.00,7.00
52835.00,0.17,-0.18,0.58,0.00,0.00,4.53,0.00,-0.19,-765.34,-0.00,-0.00,-0.01,-0.00,-0.01,0.00,8.00
52843.00,0.17,-0.18,0.52,0.00,0.00,-7.71,0.00,-0.19,-1530.08,-0.00,-0.00,-0.01,0.00,-0.00,-0.00,5.00
52848.00,0.17,-0.18,0.46,0.00,0.00,-12.16,0.00,-0.19,-890.01,-0.00,-0.00,-0.01,0.00,-0.00,0.00,6.00
52854.00,0.17,-0.18,0.51,0.00,0.00,9.06,0.00,-0.19,3537.57,-0.00,-0.00,-0.01,0.00,0.00,0.00,8.00
52862.00,0.17,-0.18,0.45,0.00,0.00,-7.11,0.00,-0.19,-2021.55,-0.00,-0.00,-0.01,0.00,-0.00,0.00,8.00
52870.00,0.17,-0.18,0.49,0.00,0.00,3.96,0.00,-0.19,1384.01,-0.00,-0.00,-0.01,-0.00,-0.00,0.00,5.00
52875.00,0.17,-0.18,0.44,0.00,0.00,-8.71,0.00,-0.19,-2535.05,-0.00,-0.00,-0.01,-0.00,-0.00,0.00,8.00
52883.00,0.17,-0.18,0.47,0.00,0.00,3.62,0.00,-0.19,1541.32,-0.00,-0.00,-0.01,-0.00,0.00,0.00,18.00
52901.00,0.17,-0.18,0.51,0.00,0.00,2.03,0.00,-0.19,-88.08,-0.00,-0.00,-0.01,-0.00,0.00,0.00,5.00
52911.00,0.17,-0.18,0.55,0.00,0.00,3.78,0.00,-0.19,175.30,-0.00,-0.00,-0.01,-0.00,0.00,0.00,6.00
52917.00,0.17,-0.18,0.53,0.00,0.00,-2.13,0.00,-0.19,-986.44,-0.00,-0.00,-0.01,-0.00,0.00,0.00,7.00
52924.00,0.17,-0.18,0.47,0.00,0.00,-9.36,0.00,-0.19,-1032.73,-0.00,-0.00,-0.01,-0.00,0.00,0.00,8.00
52932.00,0.17,-0.18,0.51,0.00,0.00,4.75,0.00,0.00,1763.68,-0.00,-0.00,-0.01,-0.00,-0.01,0.00,8.00
52940.00,0.17,-0.18,0.57,0.00,0.00,8.16,0.00,0.00,426.54,-0.00,-0.00,-0.01,0.00,0.00,-0.00,5.00
52945.00,0.17,-0.18,0.53,0.00,0.00,-7.70,0.00,0.00,-3170.80,-0.00,-0.00,-0.01,0.00,0.00,-0.00,6.00
52951.00,0.17,-0.18,0.50,0.00,0.00,-6.08,0.00,0.00,269.85,-0.00,-0.00,-0.01,0.00,-0.00,0.00,7.00
52958.00,0.17,-0.18,0.51,0.00,0.00,2.18,0.00,0.00,1180.13,-0.00,-0.00,-0.01,0.00,-0.00,-0.00,6.00
52964.00,0.17,-0.18,0.47,0.00,0.00,-6.37,0.00,0.00,-1426.35,-0.00,-0.00,-0.01,0.00,-0.00,-0.00,9.00
52973.00,0.17,-0.18,0.53,0.00,0.00,6.70,0.00,0.00,1453.01,-0.00,-0.00,-0.01,0.00,0.00,0.00,7.00
52984.00,0.17,-0.18,0.50,0.00,0.00,-2.83,0.00,0.00,-866.84,-0.00,-0.00,-0.01,0.00,0.00,0.00,19.00
53003.00,0.17,-0.18,0.53,0.00,0.00,1.73,0.00,0.00,239.88,-0.00,-0.00,-0.01,-0.00,0.00,0.00,9.00
53012.00,0.17,-0.18,0.50,0.00,0.00,-3.81,0.00,0.00,-615.22,-0.00,-0.00,-0.01,0.00,-0.00,0.00,7.00
53019.00,0.17,-0.18,0.49,0.00,0.00,-1.83,0.00,0.00,282.99,-0.00,-0.00,-0.01,0.00,0.00,0.00,6.00
53025.00,0.17,-0.18,0.50,0.00,0.00,2.70,0.00,0.00,754.67,-0.00,-0.00,-0.01,0.00,-0.00,0.00,8.00
53033.00,0.17,-0.18,0.51,0.00,0.00,1.33,0.00,0.00,-170.32,-0.00,-0.00,-0.01,0.00,-0.00,0.00,8.00
53041.00,0.17,-0.18,0.51,0.00,0.00,-1.14,0.00,0.00,-308.86,-0.00,-0.00,-0.01,-0.00,0.00,0.00,5.00
53046.00,0.17,-0.18,0.41,0.00,0.00,-19.72,0.00,0.00,-3717.33,-0.00,-0.00,-0.01,-0.00,0.00,0.00,6.00
53052.00,0.17,-0.18,0.49,0.00,0.00,13.88,0.00,0.00,5600.78,-0.00,-0.00,-0.01,-0.00,0.00,0.00,7.00
53059.00,0.17,-0.18,0.55,0.00,0.00,8.18,0.00,0.00,-814.64,-0.00,-0.00,-0.01,-0.00,0.00,0.00,6.00
53070.00,0.17,-0.18,0.61,0.00,0.00,6.17,0.00,0.00,-182.38,-0.00,-0.00,-0.01,0.00,0.00,0.00,6.00
53076.00,0.17,-0.18,0.51,0.00,0.00,-16.99,0.00,0.00,-3861.27,-0.00,-0.00,-0.01,0.00,0.00,0.00,7.00
53083.00,0.17,-0.18,0.48,0.00,0.00,-4.75,0.00,0.00,1749.84,-0.00,-0.00,-0.01,0.00,0.01,0.00,18.00
53101.00,0.17,-0.18,0.53,0.00,0.00,2.95,0.00,0.00,427.64,-0.00,-0.00,-0.01,0.00,0.00,0.00,7.00
53108.00,0.17,-0.18,0.53,0.00,0.00,-0.78,0.00,0.00,-532.63,-0.00,-0.00,-0.01,-0.00,0.00,0.00,6.00
53114.00,0.17,-0.18,0.54,0.00,0.00,2.11,0.00,0.00,481.74,-0.00,-0.00,-0.01,-0.00,-0.00,-0.00,9.00
53123.00,0.17,-0.18,0.57,0.00,0.00,3.20,0.00,0.00,121.13,-0.00,-0.00,-0.01,0.00,-0.00,0.00,7.00
53130.00,0.17,-0.18,0.48,0.00,0.00,-13.33,0.00,0.00,-2361.50,-0.00,-0.00,-0.01,0.00,-0.01,0.00,5.00
53135.00,0.17,-0.18,0.47,0.00,0.00,-0.24,0.00,0.00,2616.57,-0.00,-0.00,-0.01,-0.00,-0.01,0.00,8.00
53143.00,0.17,-0.18,0.48,0.00,0.00,0.36,0.00,0.00,76.04,-0.00,-0.00,-0.01,-0.00,-0.00,0.00,6.00
53161.00,0.17,-0.18,0.57,0.00,0.00,5.34,0.00,0.00,276.57,-0.00,-0.00,-0.01,0.00,-0.00,-0.00,6.00
53167.00,0.17,-0.18,0.45,0.00,0.00,-21.03,0.00,0.00,-4396.28,-0.00,-0.00,-0.01,-0.00,-0.00,-0.00,7.00
53174.00,0.17,-0.18,0.52,0.00,0.00,10.76,0.00,0.00,4541.48,-0.00,-0.00,-0.01,-0.00,-0.00,0.00,9.00
53183.00,0.17,-0.18,0.72,0.00,0.00,21.78,0.00,0.00,1224.45,-0.00,-0.00,-0.01,0.00,0.00,0.00,6.00
53189.00,0.17,-0.18,0.50,0.00,0.00,-36.43,0.00,0.00,-9700.79,-0.00,-0.00,-0.01,0.00,0.00,0.00,17.00
53206.00,0.17,-0.18,0.59,0.00,0.00,5.23,0.00,0.00,2450.69,-0.00,-0.00,-0.01,-0.00,-0.00,0.00,8.00
53214.00,0.17,-0.18,0.54,0.00,0.00,-6.64,0.00,0.00,-1483.95,-0.00,-0.00,-0.01,0.00,-0.00,-0.00,8.00
53222.00,0.17,-0.18,0.54,0.00,0.00,0.93,0.00,0.00,946.61,-0.00,-0.00,-0.01,-0.00,0.00,0.00,6.00
53228.00,0.17,-0.18,0.62,0.00,0.00,12.19,0.00,0.00,1875.86,-0.00,-0.00,-0.01,-0.00,-0.00,0.00,6.00
53234.00,0.17,-0.18,0.65,0.00,0.00,5.54,0.00,0.00,-1108.54,-0.00,-0.00,-0.01,0.00,-0.01,0.00,9.00
53248.00,0.17,-0.18,0.44,0.00,0.00,-15.27,0.00,0.00,-1485.98,-0.00,-0.00,-0.01,0.00,-0.00,-0.00,8.00
53256.00,0.17,-0.18,0.60,0.00,0.00,19.92,0.00,0.00,4398.32,-0.00,-0.00,-0.01,0.00,-0.00,-0.00,8.00
53264.00,0.17,-0.18,0.53,0.00,0.00,-8.29,0.00,0.00,-3526.86,-0.00,-0.00,-0.01,0.00,0.00,-0.00,7.00
53271.00,0.17,-0.18,0.54,0.00,0.00,1.54,0.00,0.00,1405.49,-0.00,-0.00,-0.01,0.00,0.00,-0.00,5.00
53276.00,0.17,-0.18,0.60,0.00,0.00,12.58,0.00,0.00,2206.78,-0.00,-0.00,-0.01,0.00,0.00,-0.00,18.00
53294.00,0.17,-0.18,0.45,0.00,0.00,-8.63,0.00,0.00,-1178.40,-0.00,-0.00,-0.01,-0.00,0.00,0.00,6.00
53300.00,0.17,-0.18,0.48,0.00,0.00,5.76,0.00,0.00,2399.51,-0.00,-0.00,-0.01,-0.00,0.00,0.00,5.00
53305.00,0.17,-0.18,0.52,0.00,0.00,7.37,0.00,0.00,321.28,-0.00,-0.00,-0.01,0.00,0.00,0.00,9.00
53314.00,0.17,-0.18,0.50,0.00,0.00,-1.57,0.00,0.00,-993.90,-0.00,-0.00,-0.01,0.00,0.00,0.00,7.00
53321.00,0.17,-0.18,0.46,0.00,0.00,-5.73,0.00,0.00,-593.74,-0.00,-0.00,-0.01,0.00,0.00,0.00,7.00
53332.00,0.17,-0.18,0.47,0.00,0.00,0.66,0.00,0.00,581.14,-0.00,-0.00,-0.01,0.00,0.00,0.00,6.00
53338.00,0.17,-0.17,0.58,0.00,0.04,18.73,0.00,0.19,3011.48,-0.00,-0.00,-0.01,0.00,0.00,0.00,6.00
53344.00,0.17,-0.17,0.60,0.00,0.04,2.70,0.00,0.19,-2671.14,-0.00,-0.00,-0.01,0.00,-0.00,0.00,4.00
53348.00,0.17,-0.17,0.46,0.00,0.04,-34.61,0.00,0.19,-9328.18,-0.00,-0.00,-0.01,-0.00,-0.00,0.00,7.00
53355.00,0.17,-0.17,0.58,0.00,0.04,16.65,0.00,0.19,7322.82,-0.00,-0.00,-0.01,-0.00,0.00,0.00,8.00
53363.00,0.17,-0.17,0.59,0.00,0.04,1.32,0.00,0.19,-1916.75,-0.00,-0.00,-0.01,-0.00,0.01,0.00,8.00
53371.00,0.17,-0.17,0.56,0.00,0.04,-3.72,0.00,0.19,-629.33,-0.00,-0.00,-0.01,-0.00,0.00,-0.00,5.00
53376.00,0.17,-0.17,0.54,0.00,0.04,-4.40,0.00,0.19,-136.22,-0.00,-0.00,-0.01,-0.00,0.00,-0.00,18.00
53394.00,0.17,-0.17,0.49,0.00,0.04,-2.76,0.00,0.19,90.98,-0.00,-0.00,-0.01,0.00,0.00,-0.00,5.00
53399.00,0.17,-0.17,0.44,0.00,0.04,-9.44,0.00,0.19,-1335.12,-0.00,-0.00,-0.01,-0.00,-0.00,-0.00,6.00
53410.00,0.17,-0.17,0.62,0.00,0.04,16.08,0.00,0.19,2319.43,-0.00,-0.00,-0.01,-0.00,-0.00,-0.00,7.00
53417.00,0.17,-0.17,0.54,0.00,0.04,-10.90,0.00,0.19,-3853.44,-0.00,-0.00,-0.01,-0.00,-0.00,-0.00,7.00
53424.00,0.17,-0.17,0.54,0.00,0.04,-0.43,0.00,0.19,1495.20,-0.00,-0.00,-0.01,-0.00,-0.00,-0.00,8.00
53432.00,0.17,-0.17,0.56,0.00,0.04,2.42,0.00,0.19,356.16,-0.00,-0.00,-0.01,-0.00,-0.01,0.00,6.00
53438.00,0.17,-0.17,0.58,0.00,0.04,4.04,0.00,0.19,270.81,-0.00,-0.00,-0.01,-0.00,-0.01,0.00,7.00
53445.00,0.17,-0.17,0.55,0.00,0.04,-4.42,0.00,0.19,-1208.57,-0.00,-0.00,-0.01,-0.00,-0.00,0.00,6.00
53451.00,0.17,-0.17,0.53,0.00,0.04,-2.95,0.00,0.19,243.90,-0.00,-0.00,-0.01,0.00,0.00,-0.00,6.00
53457.00,0.17,-0.17,0.61,0.00,0.04,12.51,0.00,0.19,2577.02,-0.00,-0.00,-0.01,0.00,0.00,0.00,7.00
53464.00,0.17,-0.17,0.53,0.00,0.04,-10.43,0.00,0.19,-3277.63,-0.00,-0.00,-0.01,0.00,0.00,0.00,8.00
53472.00,0.17,-0.17,0.56,0.00,0.04,3.47,0.00,0.19,1737.76,-0.00,-0.00,-0.01,0.00,-0.00,0.00,5.00
53482.00,0.17,-0.17,0.54,0.00,0.04,-2.28,0.00,0.19,-574.93,-0.00,-0.00,-0.01,-0.00,-0.00,0.00,16.00
53498.00,0.17,-0.17,0.56,0.00,0.04,1.27,0.00,0.19,222.00,-0.00,-0.00,-0.01,0.00,0.00,0.00,8.00
53506.00,0.17,-0.17,0.53,0.00,0.04,-3.47,0.00,0.19,-592.40,-0.00,-0.00,-0.01,0.00,0.00,0.00,8.00
53514.00,0.17,-0.17,0.56,0.00,0.04,3.41,0.00,0.19,859.89,-0.00,-0.00,-0.01,-0.00,0.00,0.00,7.00
53521.00,0.17,-0.17,0.58,0.00,0.04,3.03,0.00,0.19,-54.97,-0.00,-0.00,-0.01,0.00,0.00,0.00,5.00
53526.00,0.17,-0.17,0.48,0.00,0.04,-19.17,0.00,0.19,-4439.34,-0.00,-0.00,-0.01,0.00,0.00,0.00,9.00
53535.00,0.17,-0.17,0.50,0.00,0.04,1.90,0.00,0.19,2340.77,-0.00,-0.00,-0.01,0.00,0.00,0.00,7.00
53542.00,0.17,-0.17,0.56,0.00,0.00,8.99,0.00,-0.18,1013.16,-0.00,-0.00,-0.01,0.00,0.00,0.00,6.00
53548.00,0.17,-0.17,0.58,0.00,0.00,3.21,0.00,-0.18,-963.15,-0.00,-0.00,-0.01,0.00,0.00,0.00,6.00
53554.00,0.17,-0.17,0.51,0.00,0.00,-11.87,0.00,-0.18,-2512.57,-0.00,-0.00,-0.01,0.00,0.00,-0.00,8.00
53567.00,0.17,-0.17,0.59,0.00,0.00,6.14,0.00,-0.18,1385.48,-0.00,-0.00,-0.01,0.00,0.00,0.00,9.00
53576.00,0.17,-0.17,0.49,0.00,0.00,-11.48,0.00,-0.18,-1958.73,-0.00,-0.00,-0.01,0.00,0.00,0.00,8.00
53584.00,0.17,-0.17,0.58,0.00,0.00,11.83,0.00,-0.18,2914.67,-0.00,-0.00,-0.01,-0.00,0.00,0.00,17.00
53601.00,0.17,-0.17,0.59,0.00,0.00,0.25,0.00,-0.18,-681.64,-0.00,-0.00,-0.01,-0.00,-0.00,0.00,7.00
53608.00,0.17,-0.17,0.52,0.00,0.00,-9.89,0.00,-0.18,-1448.16,-0.00,-0.00,-0.01,-0.00,0.00,0.00,7.00
53615.00,0.17,-0.17,0.57,0.00,0.00,7.56,0.00,-0.18,2492.57,-0.00,-0.00,-0.01,0.00,0.00,0.00,8.00
53623.00,0.17,-0.17,0.62,0.00,0.00,5.51,0.00,-0.18,-255.59,-0.00,-0.00,-0.01,0.00,-0.00,0.00,5.00
53628.00,0.17,-0.17,0.52,0.00,0.00,-19.22,0.00,-0.18,-4946.00,-0.00,-0.00,-0.01,0.00,-0.00,0.00,8.00
53636.00,0.17,-0.17,0.54,0.00,0.00,2.59,0.00,-0.18,2725.55,-0.00,-0.00,-0.01,-0.00,-0.00,-0.00,9.00
53645.00,0.17,-0.17,0.48,0.00,0.00,-6.35,0.00,-0.18,-992.42,-0.00,-0.00,-0.01,0.00,0.00,0.00,5.00
53655.00,0.17,-0.17,0.50,0.00,0.00,1.55,0.00,-0.18,789.44,-0.00,-0.00,-0.01,0.00,0.00,0.00,9.00
53664.00,0.17,-0.17,0.52,0.00,0.00,2.52,0.00,-0.18,107.93,-0.00,-0.00,-0.01,0.00,0.00,0.00,6.00
53670.00,0.17,-0.17,0.50,0.00,0.00,-4.03,0.00,-0.18,-1091.10,-0.00,-0.00,-0.01,0.00,0.00,0.00,7.00
53677.00,0.17,-0.17,0.53,0.00,0.00,5.17,0.00,-0.18,1313.84,-0.00,-0.00,-0.01,0.00,-0.00,0.00,8.00
53685.00,0.17,-0.17,0.63,0.00,0.00,11.48,0.00,-0.18,789.26,-0.00,-0.00,-0.01,-0.00,0.00,0.00,17.00
53702.00,0.17,-0.17,0.55,0.00,0.00,-4.35,0.00,-0.18,-931.34,-0.00,-0.00,-0.01,0.00,0.00,0.00,6.00
53708.00,0.17,-0.17,0.51,0.00,0.00,-7.18,0.00,-0.18,-472.71,-0.00,-0.00,-0.01,0.00,0.00,-0.00,7.00
53715.00,0.17,-0.17,0.51,0.00,0.00,-0.44,0.00,-0.18,963.60,-0.00,-0.00,-0.01,0.00,0.00,-0.00,8.00
53723.00,0.17,-0.17,0.56,0.00,0.00,7.13,0.00,-0.18,946.71,-0.00,-0.00,-0.01,0.00,0.00,0.00,5.00
53728.00,0.17,-0.17,0.58,0.00,0.00,3.22,0.00,-0.18,-783.26,-0.00,-0.00,-0.01,-0.00,-0.00,0.00,8.00
53741.00,0.17,-0.17,0.50,0.00,0.00,-6.05,0.00,-0.18,-713.15,-0.00,-0.00,-0.01,-0.00,0.00,-0.00,7.00
53748.00,0.17,-0.17,0.63,0.00,0.00,18.39,0.00,0.00,3492.36,-0.00,-0.00,-0.01,-0.00,0.00,-0.00,7.00
53755.00,0.17,-0.17,0.68,0.00,0.00,7.64,0.00,0.00,-1535.61,-0.00,-0.00,-0.01,-0.00,0.00,0.00,7.00
53762.00,0.17,-0.17,0.60,0.00,0.00,-12.16,0.00,0.00,-2828.46,-0.00,-0.00,-0.01,-0.00,-0.00,0.00,5.00
53767.00,0.17,-0.17,0.53,0.00,0.00,-14.19,0.00,0.00,-407.39,-0.00,-0.00,-0.01,-0.00,-0.00,0.00,9.00
53776.00,0.17,-0.17,0.56,0.00,0.00,3.99,0.00,0.00,2020.13,-0.00,-0.00,-0.01,0.00,-0.00,0.00,7.00
53783.00,0.17,-0.17,0.58,0.00,0.00,2.52,0.00,0.00,-209.19,-0.00,-0.00,-0.01,-0.00,-0.00,0.00,16.00
53799.00,0.17,-0.17,0.60,0.00,0.00,1.12,0.00,0.00,-87.97,-0.00,-0.00,-0.01,0.00,0.00,-0.00,8.00
53807.00,0.17,-0.17,0.58,0.00,0.00,-2.41,0.00,0.00,-440.64,-0.00,-0.00,-0.01,0.00,-0.00,-0.00,8.00
53815.00,0.17,-0.17,0.55,0.00,0.00,-3.87,0.00,0.00,-182.74,-0.00,-0.00,-0.01,0.00,-0.00,0.00,7.00
53832.00,0.17,-0.17,0.61,0.00,0.00,3.76,0.00,0.00,449.01,-0.00,-0.00,-0.01,0.00,0.00,0.00,6.00
53838.00,0.17,-0.17,0.55,0.00,0.00,-9.45,0.00,0.00,-2202.64,-0.00,-0.00,-0.01,0.00,0.00,0.00,8.00
53846.00,0.17,-0.17,0.57,0.00,0.00,1.38,0.00,0.00,1353.63,-0.00,-0.00,-0.01,0.00,0.00,0.00,5.00
53851.00,0.17,-0.17,0.64,0.00,0.00,14.87,0.00,0.00,2697.92,-0.00,-0.00,-0.01,0.00,0.00,0.00,6.00
53857.00,0.17,-0.17,0.58,0.00,0.00,-10.70,0.00,0.00,-4261.55,-0.00,-0.00,-0.01,0.00,0.00,-0.00,9.00
53866.00,0.17,-0.17,0.61,0.00,0.00,4.31,0.00,0.00,1668.12,-0.00,-0.00,-0.01,0.00,0.00,0.00,7.00
53873.00,0.17,-0.17,0.59,0.00,0.00,-2.93,0.00,0.00,-1034.82,-0.00,-0.00,-0.01,0.00,0.00,0.00,6.00
53879.00,0.17,-0.17,0.56,0.00,0.00,-5.77,0.00,0.00,-472.96,-0.00,-0.00,-0.01,0.00,-0.00,0.00,7.00
53886.00,0.17,-0.17,0.45,0.00,0.00,-15.82,0.00,0.00,-1434.91,-0.00,-0.00,-0.01,0.00,-0.00,0.00,18.00
53904.00,0.17,-0.17,0.48,0.00,0.00,1.91,0.00,0.00,984.61,-0.00,-0.00,-0.01,-0.00,0.00,0.00,5.00
53914.00,0.17,-0.17,0.56,0.00,0.00,8.17,0.00,0.00,626.24,-0.00,-0.00,-0.01,0.00,0.00,0.00,7.00
53921.00,0.17,-0.17,0.51,0.00,0.00,-8.04,0.00,0.00,-2315.35,-0.00,-0.00,-0.01,0.00,0.00,0.00,6.00
53927.00,0.17,-0.17,0.47,0.00,0.00,-6.41,0.00,0.00,270.70,-0.00,-0.00,-0.01,0.00,0.00,0.00,9.00
53936.00,0.17,-0.17,0.54,0.00,0.00,7.78,0.00,0.00,1577.09,-0.00,-0.00,-0.01,0.00,0.00,0.00,7.00
53943.00,0.17,-0.17,0.50,0.00,0.00,-6.17,0.00,0.00,-1993.41,-0.00,-0.00,-0.01,0.00,-0.00,-0.00,6.00
53949.00,0.17,-0.17,0.60,0.00,0.04,16.95,0.00,0.19,3854.54,-0.00,-0.00,-0.01,0.00,0.00,0.00,3.00
53952.00,0.17,-0.17,0.61,0.00,0.04,5.11,0.00,0.19,-3948.82,-0.00,-0.00,-0.01,-0.00,0.00,0.00,5.00
53957.00,0.17,-0.17,0.55,0.00,0.04,-12.51,0.00,0.19,-3524.15,-0.00,-0.00,-0.01,-0.00,0.00,0.00,9.00
53966.00,0.17,-0.17,0.55,0.00,0.04,-0.02,0.00,0.19,1387.88,-0.00,-0.00,-0.01,-0.00,-0.00,0.00,8.00
53974.00,0.17,-0.17,0.55,0.00,0.04,0.13,0.00,0.19,18.64,-0.00,-0.00,-0.01,-0.00,0.00,-0.00,5.00
53984.00,0.17,-0.17,0.58,0.00,0.04,3.29,0.00,0.19,316.63,-0.00,-0.00,-0.01,-0.00,-0.00,0.00,17.00
54001.00,0.17,-0.17,0.43,0.00,0.04,-9.01,0.00,0.19,-723.41,-0.00,-0.00,-0.01,-0.00,-0.00,0.00,7.00
54008.00,0.17,-0.17,0.50,0.00,0.04,10.35,0.00,0.19,2764.63,-0.00,-0.00,-0.01,-0.00,0.00,0.00,8.00
54016.00,0.17,-0.17,0.55,0.00,0.04,5.92,0.00,0.19,-553.74,-0.00,-0.00,-0.01,0.00,-0.00,0.00,7.00
54023.00,0.17,-0.17,0.53,0.00,0.04,-3.72,0.00,0.19,-1377.07,-0.00,-0.00,-0.01,0.00,0.00,0.00,5.00
54028.00,0.17,-0.17,0.50,0.00,0.04,-5.57,0.00,0.19,-369.35,-0.00,-0.00,-0.01,0.00,0.00,0.00,8.00
54036.00,0.17,-0.17,0.57,0.00,0.04,9.28,0.00,0.19,1855.96,-0.00,-0.00,-0.01,0.00,0.00,0.00,8.00
54044.00,0.17,-0.17,0.53,0.00,0.04,-5.54,0.00,0.19,-1851.69,-0.00,-0.00,-0.01,0.00,0.00,0.00,6.00
54050.00,0.17,-0.17,0.51,0.00,0.04,-2.23,0.00,0.19,551.23,-0.00,-0.00,-0.01,0.00,0.00,-0.00,7.00
54057.00,0.17,-0.17,0.48,0.00,0.04,-5.57,0.00,0.19,-476.78,-0.00,-0.00,-0.01,0.00,0.00,-0.00,8.00
54070.00,0.17,-0.17,0.60,0.00,0.04,9.57,0.00,0.19,1164.52,-0.00,-0.00,-0.01,0.00,0.00,0.00,8.00
54078.00,0.17,-0.17,0.51,0.00,0.04,-10.89,0.00,0.19,-2558.26,-0.00,-0.00,-0.01,0.00,0.00,0.00,8.00
54086.00,0.17,-0.17,0.55,0.00,0.04,4.98,0.00,0.19,1984.35,-0.00,-0.00,-0.01,0.00,0.00,0.00,18.00
54104.00,0.17,-0.17,0.49,0.00,0.04,-3.73,0.00,0.19,-484.19,-0.00,-0.00,-0.01,0.00,0.00,0.00,5.00
54109.00,0.17,-0.17,0.50,0.00,0.04,2.29,0.00,0.19,1205.23,-0.00,-0.00,-0.01,0.00,0.00,0.00,8.00
54117.00,0.17,-0.17,0.52,0.00,0.04,2.87,0.00,0.19,72.39,-0.00,-0.00,-0.01,0.00,0.00,0.00,8.00
54125.00,0.17,-0.17,0.49,0.00,0.04,-3.60,0.00,0.19,-809.58,-0.00,-0.00,-0.01,0.00,-0.00,0.00,5.00
54130.00,0.17,-0.17,0.48,0.00,0.04,-1.76,0.00,0.19,368.88,-0.00,-0.00,-0.01,0.00,0.00,0.00,4.00
54134.00,0.17,-0.17,0.55,0.00,0.04,16.22,0.00,0.19,4495.33,-0.00,-0.00,-0.01,-0.00,-0.00,-0.00,5.00
54139.00,0.17,-0.17,0.46,0.00,0.04,-17.33,0.00,0.19,-6710.85,-0.00,-0.00,-0.01,-0.00,-0.00,-0.00,7.00
54151.00,0.17,-0.17,0.52,0.00,0.00,5.15,0.00,-0.19,1873.64,-0.00,-0.00,-0.01,-0.00,0.00,0.00,8.00
54159.00,0.17,-0.17,0.40,0.00,0.00,-15.07,0.00,-0.19,-2527.63,-0.00,-0.00,-0.01,-0.00,0.00,0.00,7.00
54167.00,0.17,-0.17,0.56,0.00,0.00,19.47,0.00,-0.19,4317.97,-0.00,-0.00,-0.01,-0.00,-0.00,0.00,7.00
54174.00,0.17,-0.17,0.55,0.00,0.00,-0.65,0.00,-0.19,-2874.03,-0.00,-0.00,-0.01,-0.00,0.00,-0.00,5.00
54179.00,0.17,-0.17,0.46,0.00,0.00,-19.44,0.00,-0.19,-3758.86,-0.00,-0.00,-0.01,0.00,-0.00,-0.00,19.00
54198.00,0.17,-0.17,0.46,0.00,0.00,0.30,0.00,-0.19,1039.00,-0.00,-0.00,-0.01,0.00,0.00,0.00,5.00
54203.00,0.17,-0.17,0.44,0.00,0.00,-3.60,0.00,-0.19,-780.01,-0.00,-0.00,-0.01,0.00,0.00,0.00,5.00
54208.00,0.17,-0.17,0.51,0.00,0.00,13.87,0.00,-0.19,3493.59,-0.00,-0.00,-0.01,0.00,0.00,0.00,9.00
54217.00,0.17,-0.17,0.50,0.00,0.00,-1.63,0.00,-0.19,-1721.77,-0.00,-0.00,-0.01,0.00,0.00,0.00,9.00
54226.00,0.17,-0.17,0.45,0.00,0.00,-5.79,0.00,-0.19,-462.74,-0.00,-0.00,-0.01,0.00,0.00,0.00,6.00
54237.00,0.17,-0.17,0.49,0.00,0.00,4.40,0.00,-0.19,926.02,-0.00,-0.00,-0.01,0.00,0.00,-0.00,9.00
54246.00,0.17,-0.17,0.38,0.00,0.00,-12.41,0.00,-0.19,-1866.96,-0.00,-0.00,-0.01,0.00,0.00,0.00,5.00
54251.00,0.17,-0.17,0.55,0.00,0.00,33.50,0.00,-0.19,9181.32,-0.00,-0.00,-0.01,0.00,0.00,0.00,7.00
54258.00,0.17,-0.17,0.51,0.00,0.00,-5.95,0.00,-0.19,-5636.08,-0.00,-0.00,-0.01,0.00,0.01,0.00,8.00
54266.00,0.17,-0.17,0.53,0.00,0.00,2.75,0.00,-0.19,1087.43,-0.00,-0.00,-0.01,0.00,0.00,0.00,7.00
54273.00,0.17,-0.17,0.42,0.00,0.00,-16.39,0.00,-0.19,-2733.78,-0.00,-0.00,-0.01,0.00,0.00,0.00,6.00
54279.00,0.17,-0.17,0.50,0.00,0.00,13.98,0.00,-0.19,5062.11,-0.00,-0.00,-0.01,0.00,0.00,0.00,19.00
54298.00,0.17,-0.17,0.51,0.00,0.00,0.49,0.00,-0.19,-710.04,-0.00,-0.00,-0.01,0.00,-0.00,0.00,5.00
54303.00,0.17,-0.17,0.55,0.00,0.00,8.36,0.00,-0.19,1574.13,-0.00,-0.00,-0.01,-0.00,0.00,0.00,6.00
54309.00,0.17,-0.17,0.47,0.00,0.00,-13.51,0.00,-0.19,-3645.84,-0.00,-0.00,-0.01,-0.00,0.00,0.00,8.00
54322.00,0.17,-0.17,0.51,0.00,0.00,3.33,0.00,-0.19,1295.88,-0.00,-0.00,-0.01,0.00,0.00,-0.00,8.00
54330.00,0.17,-0.17,0.46,0.00,0.00,-6.90,0.00,-0.19,-1279.61,-0.00,-0.00,-0.01,0.00,0.00,-0.00,7.00
54337.00,0.17,-0.17,0.57,0.00,0.00,15.98,0.00,-0.19,3268.59,-0.00,-0.00,-0.01,-0.00,-0.00,0.00,8.00
54345.00,0.17,-0.17,0.54,0.00,0.00,-3.88,0.00,-0.19,-2482.67,-0.00,-0.00,-0.01,0.00,-0.00,-0.00,6.00
54351.00,0.17,-0.17,0.43,0.00,0.00,-17.28,0.00,0.00,-2233.28,-0.00,-0.00,-0.01,0.00,-0.00,-0.00,7.00
54358.00,0.17,-0.17,0.49,0.00,0.00,8.02,0.00,0.00,3615.16,-0.00,-0.00,-0.01,0.00,-0.01,-0.00,8.00
54366.00,0.17,-0.17,0.47,0.00,0.00,-2.19,0.00,0.00,-1276.94,-0.00,-0.00,-0.01,-0.00,-0.00,-0.00,6.00
54372.00,0.17,-0.17,0.43,0.00,0.00,-6.65,0.00,0.00,-742.69,-0.00,-0.00,-0.01,-0.00,-0.00,-0.00,6.00
54378.00,0.17,-0.17,0.45,0.00,0.00,2.35,0.00,0.00,1500.33,-0.00,-0.00,-0.01,-0.00,-0.00,-0.00,20.00
54398.00,0.17,-0.17,0.48,0.00,0.00,1.51,0.00,0.00,-41.99,-0.00,-0.00,-0.01,0.00,0.00,-0.00,5.00
54408.00,0.17,-0.17,0.42,0.00,0.00,-5.67,0.00,0.00,-718.02,-0.00,-0.00,-0.01,-0.00,0.00,0.00,11.00
54419.00,0.17,-0.17,0.44,0.00,0.00,1.65,0.00,0.00,665.30,-0.00,-0.00,-0.01,0.00,0.00,-0.00,8.00
54427.00,0.17,-0.17,0.36,0.00,0.00,-9.79,0.00,0.00,-1429.55,-0.00,-0.00,-0.01,0.00,0.00,-0.00,7.00
54434.00,0.17,-0.17,0.48,0.00,0.00,16.30,0.00,0.00,3727.16,-0.00,-0.00,-0.01,0.00,0.00,0.00,5.00
54439.00,0.17,-0.17,0.41,0.00,0.00,-12.81,0.00,0.00,-5823.44,-0.00,-0.00,-0.01,0.00,0.00,0.00,9.00
54448.00,0.17,-0.17,0.46,0.00,0.00,5.88,0.00,0.00,2076.99,-0.00,-0.00,-0.01,-0.00,0.00,-0.00,5.00
54453.00,0.17,-0.17,0.45,0.00,0.00,-3.09,0.00,0.00,-1793.05,-0.00,-0.00,-0.01,-0.00,-0.00,-0.00,6.00
54459.00,0.17,-0.17,0.45,0.00,0.00,0.11,0.00,0.00,532.93,-0.00,-0.00,-0.01,-0.00,-0.00,-0.00,8.00
54467.00,0.17,-0.17,0.48,0.00,0.00,3.66,0.00,0.00,443.08,-0.00,-0.00,-0.01,-0.00,-0.00,-0.00,8.00
54475.00,0.17,-0.17,0.50,0.00,0.00,2.88,0.00,0.00,-97.60,-0.00,-0.00,-0.01,0.00,-0.00,0.00,5.00
54485.00,0.17,-0.17,0.45,0.00,0.00,-4.87,0.00,0.00,-774.70,-0.00,-0.00,-0.01,0.00,-0.00,0.00,16.00
54501.00,0.17,-0.17,0.43,0.00,0.00,-1.69,0.00,0.00,198.52,-0.00,-0.00,-0.01,0.00,-0.00,-0.00,8.00
54509.00,0.17,-0.17,0.45,0.00,0.00,2.58,0.00,0.00,534.12,-0.00,-0.00,-0.01,0.00,0.00,0.00,4.00
54513.00,0.17,-0.17,0.52,0.00,0.00,17.23,0.00,0.00,3664.16,-0.00,-0.00,-0.01,0.00,-0.00,-0.00,5.00
54518.00,0.17,-0.17,0.55,0.00,0.00,6.88,0.00,0.00,-2071.29,-0.00,-0.00,-0.01,0.00,-0.00,-0.00,10.00
54528.00,0.17,-0.17,0.42,0.00,0.00,-13.30,0.00,0.00,-2017.45,-0.00,-0.00,-0.01,-0.00,0.00,-0.00,7.00
54535.00,0.17,-0.17,0.46,0.00,0.00,5.94,0.00,0.00,2747.92,-0.00,-0.00,-0.01,-0.00,0.00,0.00,6.00
54541.00,0.17,-0.17,0.46,0.00,0.00,0.59,0.00,0.00,-891.02,-0.00,-0.00,-0.01,-0.00,0.00,-0.00,7.00
54548.00,0.17,-0.17,0.59,0.00,0.00,18.90,0.00,0.00,2614.62,-0.00,-0.00,-0.01,-0.00,-0.00,-0.00,6.00
54554.00,0.18,-0.16,0.55,0.05,0.03,-7.28,0.27,0.16,-4363.13,-0.00,-0.00,-0.01,-0.00,-0.00,-0.00,5.00
54570.00,0.18,-0.16,0.43,0.05,0.03,-7.56,0.27,0.16,-17.26,-0.00,-0.00,-0.01,-0.00,0.00,-0.00,9.00
54579.00,0.18,-0.16,0.44,0.05,0.03,0.80,0.27,0.16,928.59,-0.00,-0.00,-0.01,-0.00,-0.00,0.00,8.00
54587.00,0.18,-0.16,0.36,0.05,0.03,-9.66,0.27,0.16,-1306.72,-0.00,-0.00,-0.01,-0.00,0.00,-0.00,17.00
54604.00,0.18,-0.16,0.41,0.05,0.03,2.86,0.27,0.16,735.99,-0.00,-0.00,-0.01,-0.00,-0.00,0.00,6.00
54610.00,0.18,-0.16,0.50,0.05,0.03,15.30,0.27,0.16,2073.88,-0.00,-0.00,-0.01,-0.00,-0.00,-0.00,8.00
54618.00,0.18,-0.16,0.48,0.05,0.03,-1.85,0.27,0.16,-2144.27,-0.00,-0.00,-0.01,-0.00,0.00,-0.00,7.00
54625.00,0.18,-0.16,0.45,0.05,0.03,-4.77,0.27,0.16,-416.19,-0.00,-0.00,-0.01,0.00,0.00,-0.00,6.00
54631.00,0.18,-0.16,0.42,0.05,0.03,-4.96,0.27,0.16,-31.15,-0.00,-0.00,-0.01,-0.00,0.00,-0.00,8.00
54639.00,0.18,-0.16,0.54,0.05,0.03,14.48,0.27,0.16,2429.93,-0.00,-0.00,-0.01,-0.00,0.00,-0.00,8.00
54647.00,0.18,-0.16,0.38,0.05,0.03,-19.38,0.27,0.16,-4233.51,-0.00,-0.00,-0.01,-0.00,-0.00,-0.00,5.00
54657.00,0.18,-0.16,0.56,0.05,0.03,17.95,0.27,0.16,3733.39,-0.00,-0.00,-0.01,0.00,0.00,0.00,8.00
54665.00,0.18,-0.16,0.49,0.05,0.03,-8.77,0.27,0.16,-3340.08,-0.00,-0.00,-0.01,-0.00,-0.00,-0.00,5.00
54670.00,0.18,-0.16,0.48,0.05,0.03,-3.20,0.27,0.16,1113.23,-0.00,-0.00,-0.01,-0.00,-0.00,-0.00,8.00
54678.00,0.18,-0.16,0.47,0.05,0.03,-0.94,0.27,0.16,283.55,-0.00,-0.00,-0.01,-0.00,-0.01,-0.00,8.00
54686.00,0.18,-0.16,0.55,0.05,0.03,10.52,0.27,0.16,1431.96,-0.00,-0.00,-0.01,-0.00,-0.00,-0.00,16.00
54702.00,0.18,-0.16,0.46,0.05,0.03,-5.92,0.27,0.16,-1027.58,-0.00,-0.00,-0.01,0.00,-0.00,0.00,7.00
54709.00,0.18,-0.16,0.51,0.05,0.03,8.03,0.27,0.16,1992.89,-0.00,-0.00,-0.01,0.00,0.00,0.00,9.00
54718.00,0.18,-0.16,0.54,0.05,0.03,2.70,0.27,0.16,-591.65,-0.00,-0.00,-0.01,-0.00,0.00,-0.00,4.00
54722.00,0.18,-0.16,0.52,0.05,0.03,-4.58,0.27,0.16,-1819.81,-0.00,-0.00,-0.01,-0.00,-0.00,-0.00,7.00
54729.00,0.18,-0.16,0.46,0.05,0.03,-8.99,0.27,0.16,-629.96,-0.00,-0.00,-0.01,-0.00,-0.00,0.00,9.00
54743.00,0.18,-0.16,0.47,0.05,0.03,1.19,0.27,0.16,727.09,-0.00,-0.00,-0.01,-0.00,0.00,0.00,8.00
54751.00,0.18,-0.16,0.52,0.05,0.03,5.42,0.27,0.16,528.87,-0.00,-0.00,-0.01,0.00,0.00,0.00,6.00
54757.00,0.18,-0.16,0.47,0.00,0.00,-7.15,-0.27,-0.16,-2096.50,-0.00,-0.00,-0.01,-0.00,0.00,-0.00,5.00
54762.00,0.18,-0.16,0.49,0.00,0.00,2.37,-0.27,-0.16,1904.73,-0.00,-0.00,-0.01,-0.00,0.00,-0.00,7.00
54769.00,0.18,-0.16,0.78,0.00,0.00,42.23,-0.27,-0.16,5694.11,-0.00,-0.00,-0.01,0.00,-0.00,-0.00,3.00
54772.00,0.18,-0.16,0.54,0.00,0.00,-79.30,-0.27,-0.16,-40510.11,-0.00,-0.00,-0.01,-0.00,-0.00,-0.00,7.00
54779.00,0.18,-0.16,0.51,0.00,0.00,-4.33,-0.27,-0.16,10709.63,-0.00,-0.00,-0.01,-0.00,0.00,-0.00,9.00
54788.00,0.18,-0.16,0.59,0.00,0.00,8.52,-0.27,-0.16,1427.86,-0.00,-0.00,-0.01,-0.00,0.00,-0.00,7.00
54795.00,0.18,-0.16,0.50,0.00,0.00,-12.56,-0.27,-0.16,-3011.51,-0.00,-0.00,-0.01,-0.00,0.00,0.00,16.00
54811.00,0.18,-0.16,0.51,0.00,0.00,0.19,-0.27,-0.16,797.34,-0.00,-0.00,-0.01,-0.00,0.00,0.00,8.00
54824.00,0.18,-0.16,0.55,0.00,0.00,3.30,-0.27,-0.16,239.22,-0.00,-0.00,-0.01,0.00,0.00,0.00,7.00
54831.00,0.18,-0.16,0.56,0.00,0.00,2.35,-0.27,-0.16,-135.51,-0.00,-0.00,-0.01,0.00,0.00,0.00,8.00
54839.00,0.18,-0.16,0.40,0.00,0.00,-21.10,-0.27,-0.16,-2931.18,-0.00,-0.00,-0.01,0.00,0.00,0.00,7.00
54846.00,0.18,-0.16,0.54,0.00,0.00,20.71,-0.27,-0.16,5972.23,-0.00,-0.00,-0.01,0.00,0.00,0.00,6.00
54852.00,0.18,-0.16,0.53,0.00,0.00,-2.14,-0.27,-0.16,-3809.12,-0.00,-0.00,-0.01,0.00,0.00,0.00,6.00
54858.00,0.18,-0.16,0.55,0.00,0.00,3.92,-0.27,-0.16,1010.38,-0.00,-0.00,-0.01,-0.00,-0.00,0.00,7.00
54865.00,0.18,-0.16,0.49,0.00,0.00,-8.75,-0.27,-0.16,-1810.09,-0.00,-0.00,-0.01,0.00,0.00,-0.00,6.00
54871.00,0.18,-0.16,0.46,0.00,0.00,-5.84,-0.27,-0.16,485.57,-0.00,-0.00,-0.01,-0.00,0.00,-0.00,8.00
54879.00,0.18,-0.16,0.65,0.00,0.00,23.80,-0.27,-0.16,3704.60,-0.00,-0.00,-0.01,-0.00,0.00,0.00,18.00
54897.00,0.18,-0.16,0.42,0.00,0.00,-12.26,-0.27,-0.16,-2003.43,-0.00,-0.00,-0.01,0.00,0.00,0.00,6.00
54907.00,0.18,-0.16,0.59,0.00,0.00,16.95,-0.27,-0.16,2921.64,-0.00,-0.00,-0.01,0.00,0.00,0.00,7.00
54914.00,0.18,-0.16,0.54,0.00,0.00,-7.62,-0.27,-0.16,-3510.59,-0.00,-0.00,-0.01,0.00,0.00,0.00,6.00
54920.00,0.18,-0.16,0.51,0.00,0.00,-5.24,-0.27,-0.16,396.30,-0.00,-0.00,-0.01,0.00,0.00,0.00,9.00
54929.00,0.18,-0.16,0.52,0.00,0.00,1.42,-0.27,-0.16,740.94,-0.00,-0.00,-0.01,0.00,-0.00,0.00,7.00
54936.00,0.18,-0.16,0.49,0.00,0.00,-4.72,-0.27,-0.16,-878.01,-0.00,-0.00,-0.01,-0.00,0.00,0.00,6.00
54942.00,0.18,-0.16,0.56,0.00,0.00,12.24,-0.27,-0.16,2826.70,-0.00,-0.00,-0.01,-0.00,0.00,-0.00,8.00
54950.00,0.18,-0.16,0.53,0.00,0.00,-4.18,-0.27,-0.16,-2052.75,-0.00,-0.00,-0.01,0.00,0.00,-0.00,5.00
54955.00,0.18,-0.16,0.52,0.00,0.00,-1.51,-0.27,-0.16,534.24,-0.00,-0.00,-0.01,0.00,0.00,0.00,6.00
54961.00,0.18,-0.15,0.53,0.00,0.04,1.47,0.00,0.18,496.86,-0.00,-0.00,-0.01,0.00,0.00,0.00,8.00
54969.00,0.18,-0.15,0.50,0.00,0.04,-4.01,0.00,0.18,-684.40,-0.00,-0.00,-0.01,0.00,-0.00,-0.00,8.00
54982.00,0.18,-0.15,0.51,0.00,0.04,1.13,0.00,0.18,394.98,-0.00,-0.00,-0.01,0.00,-0.00,-0.00,19.00
55001.00,0.18,-0.15,0.50,0.00,0.04,-0.86,0.00,0.18,-104.83,-0.00,-0.00,-0.01,0.00,-0.00,0.00,5.00
55006.00,0.18,-0.15,0.58,0.00,0.04,16.91,0.00,0.18,3554.32,-0.00,-0.00,-0.01,0.00,-0.00,-0.00,6.00
55012.00,0.18,-0.15,0.59,0.00,0.04,0.87,0.00,0.18,-2673.15,-0.00,-0.00,-0.01,0.00,-0.00,0.00,8.00
55020.00,0.18,-0.15,0.60,0.00,0.04,1.29,0.00,0.18,52.64,-0.00,-0.00,-0.01,0.00,0.00,0.00,8.00
55028.00,0.18,-0.15,0.47,0.00,0.04,-16.12,0.00,0.18,-2176.63,-0.00,-0.00,-0.01,0.00,0.00,0.00,5.00
55033.00,0.18,-0.15,0.56,0.00,0.04,17.56,0.00,0.18,6736.75,-0.00,-0.00,-0.01,0.00,0.00,0.00,7.00
55040.00,0.18,-0.15,0.47,0.00,0.04,-11.77,0.00,0.18,-4190.70,-0.00,-0.00,-0.01,0.00,0.00,0.00,8.00
55048.00,0.18,-0.15,0.52,0.00,0.04,5.26,0.00,0.18,2129.76,-0.00,-0.00,-0.01,0.00,0.00,0.00,6.00
55054.00,0.18,-0.15,0.51,0.00,0.04,-0.52,0.00,0.18,-964.77,-0.00,-0.00,-0.01,0.00,0.00,0.00,7.00
55065.00,0.18,-0.15,0.54,0.00,0.04,2.50,0.00,0.18,274.83,-0.00,-0.00,-0.01,0.00,-0.00,0.00,7.00
55072.00,0.18,-0.15,0.56,0.00,0.04,2.52,0.00,0.18,2.37,-0.00,-0.00,-0.01,0.00,-0.00,-0.00,7.00
55079.00,0.18,-0.15,0.56,0.00,0.04,-0.30,0.00,0.18,-402.55,-0.00,-0.00,-0.01,-0.00,-0.00,-0.00,19.00
55098.00,0.18,-0.15,0.50,0.00,0.04,-2.69,0.00,0.18,-125.79,-0.00,-0.00,-0.01,0.00,-0.00,0.00,6.00
55104.00,0.18,-0.15,0.50,0.00,0.04,-0.76,0.00,0.18,321.57,-0.00,-0.00,-0.01,-0.00,-0.00,0.00,6.00
55110.00,0.18,-0.15,0.48,0.00,0.04,-3.77,0.00,0.18,-500.72,-0.00,-0.00,-0.01,-0.00,0.00,-0.00,9.00
55119.00,0.18,-0.15,0.52,0.00,0.04,4.40,0.00,0.18,907.02,-0.00,-0.00,-0.01,0.00,0.00,0.00,7.00
55126.00,0.18,-0.15,0.39,0.00,0.04,-18.65,0.00,0.18,-3291.80,-0.00,-0.00,-0.01,-0.00,0.00,0.00,6.00
55132.00,0.18,-0.15,0.50,0.00,0.04,18.52,0.00,0.18,6193.98,-0.00,-0.00,-0.01,-0.00,-0.00,0.00,8.00
55140.00,0.18,-0.15,0.49,0.00,0.04,-0.77,0.00,0.18,-2410.63,-0.00,-0.00,-0.01,-0.00,-0.00,0.00,8.00
55153.00,0.18,-0.15,0.58,0.00,0.04,6.74,0.00,0.18,577.34,-0.00,-0.00,-0.01,-0.00,-0.00,-0.00,8.00
55161.00,0.18,-0.15,0.50,0.00,0.00,-10.22,0.00,-0.19,-2119.63,-0.00,-0.00,-0.01,0.00,-0.00,0.00,6.00
55167.00,0.18,-0.15,0.72,0.00,0.00,37.78,0.00,-0.19,7999.44,-0.00,-0.00,-0.01,0.00,-0.00,-0.00,5.00
55172.00,0.18,-0.15,0.55,0.00,0.00,-34.60,0.00,-0.19,-14474.63,-0.00,-0.00,-0.01,0.00,-0.00,-0.00,8.00
55180.00,0.18,-0.15,0.56,0.00,0.00,1.67,0.00,-0.19,4533.57,-0.00,-0.00,-0.01,0.00,0.00,0.00,18.00
55198.00,0.18,-0.15,0.54,0.00,0.00,-1.45,0.00,-0.19,-173.61,-0.00,-0.00,-0.01,-0.00,-0.00,0.00,5.00
55203.00,0.18,-0.15,0.47,0.00,0.00,-13.78,0.00,-0.19,-2466.30,-0.00,-0.00,-0.01,-0.00,-0.00,0.00,7.00
55210.00,0.18,-0.15,0.53,0.00,0.00,8.77,0.00,-0.19,3221.59,-0.00,-0.00,-0.01,-0.00,-0.00,0.00,8.00
55218.00,0.18,-0.15,0.56,0.00,0.00,3.49,0.00,-0.19,-659.68,-0.00,-0.00,-0.01,-0.00,-0.00,0.00,5.00
55223.00,0.18,-0.15,0.58,0.00,0.00,3.74,0.00,-0.19,49.70,-0.00,-0.00,-0.01,0.00,-0.00,0.00,8.00
55241.00,0.18,-0.15,0.58,0.00,0.00,0.05,0.00,-0.19,-205.00,-0.00,-0.00,-0.01,-0.00,-0.00,0.00,10.00
55251.00,0.18,-0.15,0.54,0.00,0.00,-3.99,0.00,-0.19,-403.49,-0.00,-0.00,-0.01,-0.00,-0.00,-0.00,5.00
55256.00,0.18,-0.15,0.64,0.00,0.00,20.31,0.00,-0.19,4858.49,-0.00,-0.00,-0.01,0.00,-0.00,-0.00,6.00
55262.00,0.18,-0.15,0.62,0.00,0.00,-3.36,0.00,-0.19,-3943.96,-0.00,-0.00,-0.01,0.00,0.00,-0.00,8.00
55270.00,0.18,-0.15,0.50,0.00,0.00,-15.23,0.00,-0.19,-1484.19,-0.00,-0.00,-0.01,0.00,0.00,-0.00,8.00
55278.00,0.18,-0.15,0.67,0.00,0.00,21.49,0.00,-0.19,4590.49,-0.00,-0.00,-0.01,-0.00,-0.00,0.00,5.00
55283.00,0.18,-0.15,0.53,0.00,0.00,-28.78,0.00,-0.19,-10054.70,-0.00,-0.00,-0.01,-0.00,-0.00,0.00,18.00
55301.00,0.18,-0.15,0.50,0.00,0.00,-1.45,0.00,-0.19,1518.20,-0.00,-0.00,-0.01,-0.00,-0.00,0.00,5.00
55306.00,0.18,-0.15,0.50,0.00,0.00,-0.03,0.00,-0.19,284.98,-0.00,-0.00,-0.01,-0.00,-0.00,-0.00,6.00
55312.00,0.18,-0.15,0.65,0.00,0.00,24.34,0.00,-0.19,4061.77,-0.00,-0.00,-0.01,-0.00,-0.00,-0.00,8.00
55325.00,0.18,-0.15,0.53,0.00,0.00,-8.67,0.00,-0.19,-2539.50,-0.00,-0.00,-0.01,0.00,-0.00,0.00,8.00
55333.00,0.18,-0.15,0.62,0.00,0.00,10.67,0.00,-0.19,2417.10,-0.00,-0.00,-0.01,0.00,0.00,0.00,7.00
55340.00,0.18,-0.15,0.55,0.00,0.00,-9.21,0.00,-0.19,-2839.36,-0.00,-0.00,-0.01,0.00,0.00,0.00,8.00
55348.00,0.18,-0.15,0.52,0.00,0.00,-3.81,0.00,-0.19,674.51,-0.00,-0.00,-0.01,0.00,0.01,0.00,5.00
55353.00,0.18,-0.15,0.57,0.00,0.00,9.54,0.00,-0.19,2671.54,-0.00,-0.00,-0.01,0.00,0.01,0.00,7.00
55360.00,0.18,-0.15,0.56,0.00,0.00,-1.73,0.00,-0.19,-1609.97,-0.00,-0.00,-0.01,0.00,0.01,0.00,8.00
55368.00,0.18,-0.15,0.66,0.00,0.00,12.48,0.00,0.00,1775.79,-0.00,-0.00,-0.01,0.00,0.00,0.00,5.00
55373.00,0.18,-0.15,0.54,0.00,0.00,-23.33,0.00,0.00,-7161.38,-0.00,-0.00,-0.01,0.00,0.00,0.00,8.00
55381.00,0.18,-0.15,0.61,0.00,0.00,8.92,0.00,0.00,4030.36,-0.00,-0.00,-0.01,-0.00,0.00,0.00,17.00
55398.00,0.18,-0.15,0.51,0.00,0.00,-6.05,0.00,0.00,-880.53,-0.00,-0.00,-0.01,0.00,0.00,0.00,6.00
55409.00,0.18,-0.15,0.57,0.00,0.00,5.12,0.00,0.00,1015.75,-0.00,-0.00,-0.01,0.00,-0.00,-0.00,7.00
55416.00,0.18,-0.15,0.49,0.00,0.00,-11.09,0.00,0.00,-2315.26,-0.00,-0.00,-0.01,0.00,0.00,0.00,6.00
55422.00,0.18,-0.15,0.58,0.00,0.00,14.83,0.00,0.00,4318.60,-0.00,-0.00,-0.01,0.00,0.00,0.00,8.00
55430.00,0.18,-0.15,0.56,0.00,0.00,-2.25,0.00,0.00,-2134.23,-0.00,-0.00,-0.01,-0.00,0.00,0.00,8.00
55438.00,0.18,-0.15,0.41,0.00,0.00,-18.16,0.00,0.00,-1988.96,-0.00,-0.00,-0.01,0.00,0.00,0.00,5.00
55443.00,0.18,-0.15,0.53,0.00,0.00,23.39,0.00,0.00,8310.74,-0.00,-0.00,-0.01,-0.00,0.00,0.00,8.00
55451.00,0.18,-0.15,0.42,0.00,0.00,-14.47,0.00,0.00,-4732.37,-0.00,-0.00,-0.01,-0.00,0.00,0.00,6.00
55457.00,0.18,-0.15,0.53,0.00,0.00,19.58,0.00,0.00,5673.48,-0.00,-0.00,-0.01,0.00,0.00,-0.00,5.00
55462.00,0.18,-0.15,0.48,0.00,0.00,-10.99,0.00,0.00,-6113.10,-0.00,-0.00,-0.01,0.00,0.00,-0.00,7.00
55469.00,0.18,-0.15,0.48,0.00,0.00,0.99,0.00,0.00,1710.95,-0.00,-0.00,-0.01,0.00,0.00,-0.00,5.00
55479.00,0.18,-0.15,0.48,0.00,0.00,-0.14,0.00,0.00,-113.05,-0.00,-0.00,-0.01,-0.00,0.00,0.00,7.00
55486.00,0.18,-0.15,0.55,0.00,0.00,8.78,0.00,0.00,1275.54,-0.00,-0.00,-0.01,-0.00,0.00,0.00,6.00
55492.00,0.18,-0.15,0.60,0.00,0.00,9.79,0.00,0.00,167.62,-0.00,-0.00,-0.01,-0.00,0.00,0.00,19.00
55511.00,0.18,-0.15,0.50,0.00,0.00,-5.65,0.00,0.00,-812.89,-0.00,-0.00,-0.01,0.00,0.00,-0.00,9.00
55520.00,0.18,-0.15,0.52,0.00,0.00,2.71,0.00,0.00,929.40,-0.00,-0.00,-0.01,0.00,0.00,0.00,7.00
55527.00,0.18,-0.15,0.55,0.00,0.00,4.79,0.00,0.00,297.00,-0.00,-0.00,-0.01,-0.00,0.00,0.00,6.00
55533.00,0.18,-0.15,0.57,0.00,0.00,3.36,0.00,0.00,-237.47,-0.00,-0.00,-0.01,-0.00,0.00,0.00,8.00
55541.00,0.18,-0.15,0.62,0.00,0.00,5.79,0.00,0.00,302.63,-0.00,-0.00,-0.01,0.00,0.00,0.00,8.00
55549.00,0.18,-0.15,0.59,0.00,0.00,-4.45,0.00,0.00,-1279.81,-0.00,-0.00,-0.01,0.00,0.01,0.00,5.00
55554.00,0.18,-0.15,0.47,0.00,0.00,-23.67,0.00,0.00,-3844.11,-0.00,-0.00,-0.01,0.00,0.01,0.00,6.00
55565.00,0.18,-0.15,0.53,0.00,0.00,5.71,0.00,0.00,2670.85,-0.00,-0.00,-0.01,-0.00,0.00,0.00,8.00
55573.00,0.18,-0.15,0.48,0.00,0.00,-6.22,0.00,0.00,-1491.12,-0.00,-0.00,-0.01,-0.00,0.00,0.00,8.00
55581.00,0.18,-0.15,0.50,0.00,0.00,3.14,0.00,0.00,1170.37,-0.00,-0.00,-0.01,-0.00,0.00,-0.00,7.00
55588.00,0.18,-0.15,0.48,0.00,0.00,-2.85,0.00,0.00,-855.82,-0.00,-0.00,-0.01,-0.00,0.00,-0.00,6.00
55594.00,0.18,-0.15,0.53,0.00,0.00,7.80,0.00,0.00,1774.82,-0.00,-0.00,-0.01,-0.00,0.00,-0.00,18.00
55612.00,0.18,-0.15,0.52,0.00,0.00,-0.86,0.00,0.00,-480.88,-0.00,-0.00,-0.01,0.00,0.00,0.00,8.00
55620.00,0.18,-0.15,0.52,0.00,0.00,0.48,0.00,0.00,167.71,-0.00,-0.00,-0.01,0.00,0.00,0.00,7.00
55627.00,0.18,-0.15,0.47,0.00,0.00,-6.74,0.00,0.00,-1031.81,-0.00,-0.00,-0.01,0.00,0.00,-0.00,6.00
55633.00,0.18,-0.15,0.56,0.00,0.00,14.18,0.00,0.00,3486.20,-0.00,-0.00,-0.01,0.00,-0.00,-0.00,8.00
55641.00,0.18,-0.15,0.50,0.00,0.00,-7.30,0.00,0.00,-2684.49,-0.00,-0.00,-0.01,-0.00,-0.00,-0.00,7.00
55653.00,0.18,-0.15,0.53,0.00,0.00,2.81,0.00,0.00,842.14,-0.00,-0.00,-0.01,0.00,-0.00,0.00,6.00
55659.00,0.18,-0.15,0.70,0.00,0.00,27.19,0.00,0.00,4063.50,-0.00,-0.00,-0.01,-0.00,-0.00,0.00,4.00
55663.00,0.18,-0.15,0.53,0.00,0.00,-40.59,0.00,0.00,-16945.71,-0.00,-0.00,-0.01,-0.00,-0.00,0.00,8.00
55671.00,0.18,-0.15,0.47,0.00,0.00,-8.24,0.00,0.00,4044.28,-0.00,-0.00,-0.01,0.00,0.00,0.00,8.00
55679.00,0.18,-0.15,0.53,0.00,0.00,7.52,0.00,0.00,1969.75,-0.00,-0.00,-0.01,0.00,0.00,0.00,15.00
55694.00,0.18,-0.15,0.51,0.00,0.00,-1.25,0.00,0.00,-584.74,-0.00,-0.00,-0.01,-0.00,0.00,0.00,8.00
55702.00,0.18,-0.15,0.49,0.00,0.00,-1.95,0.00,0.00,-87.65,-0.00,-0.00,-0.01,-0.00,0.00,-0.00,6.00
55708.00,0.18,-0.15,0.48,0.00,0.00,-2.77,0.00,0.00,-135.63,-0.00,-0.00,-0.01,-0.00,0.00,-0.00,5.00
55713.00,0.18,-0.15,0.52,0.00,0.00,9.04,0.00,0.00,2361.58,-0.00,-0.00,-0.01,-0.00,0.00,-0.00,8.00
55721.00,0.18,-0.15,0.46,0.00,0.00,-7.91,0.00,0.00,-2118.52,-0.00,-0.00,-0.01,-0.00,0.00,-0.00,8.00
55734.00,0.18,-0.15,0.53,0.00,0.00,5.08,0.00,0.00,998.97,-0.00,-0.00,-0.01,0.00,0.00,-0.00,9.00
55743.00,0.18,-0.15,0.46,0.00,0.00,-6.93,0.00,0.00,-1333.86,-0.00,-0.00,-0.01,0.00,0.00,0.00,8.00
55751.00,0.18,-0.15,0.51,0.00,0.00,5.41,0.00,0.00,1541.73,-0.00,-0.00,-0.01,0.00,0.00,0.00,6.00
55757.00,0.18,-0.15,0.47,0.00,0.00,-6.14,0.00,0.00,-1924.67,-0.00,-0.00,-0.01,0.00,0.00,0.00,6.00
55763.00,0.18,-0.15,0.59,0.00,0.00,20.12,0.00,0.00,4376.80,-0.00,-0.00,-0.01,0.00,0.00,0.00,9.00
55772.00,0.18,-0.15,0.49,0.00,0.00,-10.80,0.00,0.00,-3435.62,-0.00,-0.00,-0.01,0.00,0.00,0.00,8.00
55780.00,0.18,-0.15,0.59,0.00,0.04,12.53,0.00,0.18,2916.28,-0.00,-0.00,-0.01,0.00,-0.00,-0.00,16.00
55796.00,0.18,-0.15,0.44,0.00,0.04,-9.74,0.00,0.18,-1391.98,-0.00,-0.00,-0.01,0.00,0.00,-0.00,7.00
55803.00,0.18,-0.15,0.50,0.00,0.04,8.66,0.00,0.18,2629.21,-0.00,-0.00,-0.01,0.00,0.00,-0.00,5.00
55808.00,0.18,-0.15,0.49,0.00,0.04,-2.30,0.00,0.18,-2193.10,-0.00,-0.00,-0.01,0.00,0.00,-0.00,6.00
55819.00,0.18,-0.15,0.48,0.00,0.04,-0.18,0.00,0.18,192.70,-0.00,-0.00,-0.01,-0.00,0.00,0.00,6.00
55825.00,0.18,-0.15,0.51,0.00,0.04,4.70,0.00,0.18,814.17,-0.00,-0.00,-0.01,-0.00,-0.00,0.00,7.00
55832.00,0.18,-0.15,0.57,0.00,0.04,8.31,0.00,0.18,515.45,-0.00,-0.00,-0.01,0.00,-0.00,0.00,9.00
55841.00,0.18,-0.15,0.54,0.00,0.04,-3.12,0.00,0.18,-1270.30,-0.00,-0.00,-0.01,0.00,-0.00,0.00,6.00
55847.00,0.18,-0.15,0.49,0.00,0.04,-9.04,0.00,0.18,-986.09,-0.00,-0.00,-0.01,-0.00,-0.00,-0.00,7.00
55854.00,0.18,-0.15,0.51,0.00,0.04,2.84,0.00,0.18,1696.86,-0.00,-0.00,-0.01,-0.00,-0.00,-0.00,5.00
55859.00,0.18,-0.15,0.47,0.00,0.04,-8.07,0.00,0.18,-2182.86,-0.00,-0.00,-0.01,0.00,0.00,-0.00,5.00
55864.00,0.18,-0.15,0.45,0.00,0.04,-4.37,0.00,0.18,741.01,-0.00,-0.00,-0.01,0.00,0.00,-0.00,8.00
55872.00,0.18,-0.15,0.44,0.00,0.04,-0.88,0.00,0.18,436.78,-0.00,-0.00,-0.01,0.00,0.00,-0.00,8.00
55880.00,0.18,-0.15,0.57,0.00,0.04,16.66,0.00,0.18,2192.02,-0.00,-0.00,-0.01,-0.00,0.00,-0.00,5.00
55895.00,0.18,-0.15,0.62,0.00,0.04,3.15,0.00,0.18,-900.47,-0.00,-0.00,-0.01,-0.00,0.00,0.00,18.00
55913.00,0.18,-0.15,0.51,0.00,0.04,-5.95,0.00,0.18,-505.67,-0.00,-0.00,-0.01,0.00,0.00,0.00,9.00
55922.00,0.18,-0.15,0.48,0.00,0.04,-4.08,0.00,0.18,208.06,-0.00,-0.00,-0.01,-0.00,-0.00,0.00,8.00
55930.00,0.18,-0.15,0.48,0.00,0.04,0.52,0.00,0.18,573.99,-0.00,-0.00,-0.01,0.00,0.00,-0.00,5.00
55935.00,0.18,-0.15,0.54,0.00,0.04,12.40,0.00,0.18,2376.91,-0.00,-0.00,-0.01,0.00,-0.00,0.00,7.00
55942.00,0.18,-0.15,0.55,0.00,0.04,1.59,0.00,0.18,-1544.14,-0.00,-0.00,-0.01,-0.00,-0.00,0.00,9.00
55951.00,0.18,-0.15,0.47,0.00,0.04,-9.32,0.00,0.18,-1212.54,-0.00,-0.00,-0.01,0.00,-0.00,0.00,5.00
55956.00,0.18,-0.15,0.43,0.00,0.04,-7.10,0.00,0.18,444.17,-0.00,-0.00,-0.01,0.00,-0.00,0.00,7.00
55963.00,0.18,-0.15,0.49,0.00,0.04,7.96,0.00,0.18,2151.48,-0.00,-0.00,-0.01,0.00,-0.00,0.00,9.00
55972.00,0.18,-0.15,0.53,0.00,0.04,4.73,0.00,0.18,-358.44,-0.00,-0.00,-0.01,0.00,0.00,-0.00,6.00
55983.00,0.18,-0.14,0.55,0.00,0.04,1.33,0.00,0.00,-309.67,-0.00,-0.00,-0.01,0.00,0.00,0.00,20.00
56003.00,0.18,-0.14,0.50,0.00,0.04,-2.31,0.00,0.00,-182.03,-0.00,-0.00,-0.01,0.00,0.01,0.00,6.00
56009.00,0.18,-0.14,0.51,0.00,0.04,2.05,0.00,0.00,727.71,-0.00,-0.00,-0.01,0.00,-0.00,0.00,5.00
56014.00,0.18,-0.14,0.48,0.00,0.04,-6.03,0.00,0.00,-1617.48,-0.00,-0.00,-0.01,0.00,-0.00,0.00,9.00
56023.00,0.18,-0.14,0.54,0.00,0.04,6.31,0.00,0.00,1371.77,-0.00,-0.00,-0.01,0.00,-0.00,0.00,4.00
56027.00,0.18,-0.14,0.72,0.00,0.04,45.85,0.00,0.00,9884.97,-0.00,-0.00,-0.01,0.00,0.00,0.00,3.00
56030.00,0.18,-0.14,0.51,0.00,0.04,-69.62,0.00,0.00,-38491.26,-0.00,-0.00,-0.01,-0.00,0.01,0.00,5.00
56035.00,0.18,-0.14,0.57,0.00,0.04,10.84,0.00,0.00,16093.40,-0.00,-0.00,-0.01,-0.00,0.00,0.00,8.00
56043.00,0.18,-0.14,0.50,0.00,0.04,-8.94,0.00,0.00,-2472.62,-0.00,-0.00,-0.01,0.00,0.00,0.00,8.00
56051.00,0.18,-0.14,0.57,0.00,0.04,9.28,0.00,0.00,2277.64,-0.00,-0.00,-0.01,0.00,-0.00,-0.00,5.00
56061.00,0.18,-0.14,0.53,0.00,0.04,-4.11,0.00,0.00,-1339.99,-0.00,-0.00,-0.01,0.00,0.00,-0.00,6.00
56067.00,0.18,-0.14,0.44,0.00,0.04,-14.53,0.00,0.00,-1735.13,-0.00,-0.00,-0.01,0.00,0.00,-0.00,6.00
56073.00,0.18,-0.14,0.54,0.00,0.04,16.27,0.00,0.00,5132.16,-0.00,-0.00,-0.01,0.00,0.00,0.00,9.00
56082.00,0.18,-0.14,0.52,0.00,0.04,-2.17,0.00,0.00,-2048.66,-0.00,-0.00,-0.01,0.00,0.00,0.00,7.00
56089.00,0.18,-0.14,0.42,0.00,0.04,-14.13,0.00,0.00,-1708.50,-0.00,-0.00,-0.01,0.00,-0.00,-0.00,16.00
56105.00,0.18,-0.14,0.44,0.00,0.04,1.36,0.00,0.00,968.43,-0.00,-0.00,-0.01,0.00,0.01,0.00,7.00
56112.00,0.18,-0.14,0.53,0.00,0.04,12.05,0.00,0.00,1526.65,-0.00,-0.00,-0.01,-0.00,0.00,0.00,5.00
56117.00,0.18,-0.14,0.47,0.00,0.04,-12.03,0.00,0.00,-4816.62,-0.00,-0.00,-0.01,-0.00,0.00,0.00,7.00
56124.00,0.18,-0.14,0.45,0.00,0.04,-2.88,0.00,0.00,1307.48,-0.00,-0.00,-0.01,0.00,0.00,0.00,8.00
56132.00,0.18,-0.14,0.59,0.00,0.04,18.04,0.00,0.00,2614.87,-0.00,-0.00,-0.01,0.00,0.00,0.00,8.00
56145.00,0.18,-0.14,0.47,0.00,0.04,-9.20,0.00,0.00,-2095.30,-0.00,-0.00,-0.01,0.00,0.00,-0.00,9.00
56154.00,0.18,-0.14,0.57,0.00,0.04,10.47,0.00,0.00,2185.33,-0.00,-0.00,-0.01,0.00,0.00,0.00,5.00
56159.00,0.18,-0.14,0.42,0.00,0.04,-28.77,0.00,0.00,-7848.32,-0.00,-0.00,-0.01,-0.00,-0.00,0.00,6.00
56165.00,0.18,-0.14,0.44,0.00,0.04,3.47,0.00,0.00,5374.24,-0.00,-0.00,-0.01,-0.00,-0.00,0.00,8.00
56173.00,0.18,-0.14,0.50,0.00,0.04,6.69,0.00,0.00,402.67,-0.00,-0.00,-0.01,-0.00,0.00,0.00,7.00
56180.00,0.18,-0.14,0.46,0.00,0.04,-5.99,0.00,0.00,-1812.59,-0.00,-0.00,-0.01,-0.00,0.00,0.00,6.00
56186.00,0.19,-0.13,0.41,0.05,0.03,-7.49,0.27,-0.02,-248.62,-0.00,-0.00,-0.01,-0.00,0.00,0.00,18.00
56204.00,0.19,-0.13,0.45,0.05,0.03,2.15,0.27,-0.02,535.25,-0.00,-0.00,-0.01,-0.00,-0.00,0.00,5.00
56209.00,0.19,-0.13,0.45,0.05,0.03,0.54,0.27,-0.02,-321.92,-0.00,-0.00,-0.01,0.00,0.00,0.00,6.00
56215.00,0.19,-0.13,0.45,0.05,0.03,-0.36,0.27,-0.02,-150.62,-0.00,-0.00,-0.01,0.00,0.00,0.00,8.00
56228.00,0.19,-0.13,0.45,0.05,0.03,-0.28,0.27,-0.02,6.77,-0.00,-0.00,-0.01,-0.00,-0.00,-0.00,7.00
56235.00,0.19,-0.13,0.43,0.05,0.03,-2.13,0.27,-0.02,-265.31,-0.00,-0.00,-0.01,-0.00,0.00,0.00,8.00
56243.00,0.19,-0.13,0.48,0.05,0.03,6.06,0.27,-0.02,1024.47,-0.00,-0.00,-0.01,0.00,0.00,-0.00,7.00
56250.00,0.19,-0.13,0.43,0.05,0.03,-6.53,0.27,-0.02,-1799.40,-0.00,-0.00,-0.01,0.00,-0.00,0.00,6.00
56256.00,0.19,-0.13,0.45,0.05,0.03,3.20,0.27,-0.02,1622.40,-0.00,-0.00,-0.01,0.00,-0.00,0.00,6.00
56262.00,0.19,-0.13,0.53,0.05,0.03,13.67,0.27,-0.02,1744.25,-0.00,-0.00,-0.01,0.00,0.00,0.00,6.00
56268.00,0.19,-0.13,0.48,0.05,0.03,-8.41,0.27,-0.02,-3679.07,-0.00,-0.00,-0.01,0.00,0.00,-0.00,7.00
56275.00,0.19,-0.13,0.50,0.05,0.03,2.93,0.27,-0.02,1619.76,-0.00,-0.00,-0.01,0.00,0.00,-0.00,8.00
56283.00,0.19,-0.13,0.52,0.05,0.03,1.42,0.27,-0.02,-188.83,-0.00,-0.00,-0.01,0.00,-0.00,-0.00,17.00
56300.00,0.19,-0.13,0.46,0.05,0.03,-3.60,0.27,-0.02,-295.18,-0.00,-0.00,-0.01,0.00,-0.00,-0.00,6.00
56311.00,0.19,-0.13,0.49,0.05,0.03,2.85,0.27,-0.02,586.31,-0.00,-0.00,-0.01,-0.00,-0.00,0.00,7.00
56318.00,0.19,-0.13,0.48,0.05,0.03,-0.58,0.27,-0.02,-489.77,-0.00,-0.00,-0.01,-0.00,-0.00,0.00,6.00
56324.00,0.19,-0.13,0.55,0.05,0.03,11.45,0.27,-0.02,2003.93,-0.00,-0.00,-0.01,-0.00,-0.00,0.00,9.00
56333.00,0.19,-0.13,0.47,0.05,0.03,-8.95,0.27,-0.02,-2265.76,-0.00,-0.00,-0.01,-0.00,0.00,0.00,7.00
56340.00,0.19,-0.13,0.40,0.05,0.03,-10.57,0.27,-0.02,-232.49,-0.00,-0.00,-0.01,0.00,0.00,0.00,6.00
56346.00,0.19,-0.13,0.51,0.05,0.03,18.60,0.27,-0.02,4863.02,-0.00,-0.00,-0.01,0.00,0.00,0.00,8.00
56354.00,0.19,-0.13,0.43,0.05,0.03,-9.77,0.27,-0.02,-3546.96,-0.00,-0.00,-0.01,0.00,0.00,0.00,6.00
56360.00,0.19,-0.13,0.35,0.05,0.03,-13.10,0.27,-0.02,-554.80,-0.00,-0.00,-0.01,0.00,0.00,0.00,5.00
56365.00,0.19,-0.13,0.47,0.05,0.03,23.87,0.27,-0.02,7394.48,-0.00,-0.00,-0.01,0.00,0.00,0.00,9.00
56374.00,0.19,-0.13,0.40,0.05,0.03,-7.37,0.27,-0.02,-3471.32,-0.00,-0.00,-0.01,-0.00,0.01,0.00,7.00
56386.00,0.19,-0.12,0.44,0.00,0.04,3.37,-0.27,0.03,894.70,-0.00,-0.00,-0.01,0.00,0.00,-0.00,18.00
56404.00,0.19,-0.12,0.47,0.00,0.04,1.62,-0.27,0.03,-97.18,-0.00,-0.00,-0.01,0.00,0.00,0.00,6.00
56410.00,0.19,-0.12,0.51,0.00,0.04,6.17,-0.27,0.03,758.90,-0.00,-0.00,-0.01,0.00,0.00,0.00,5.00
56415.00,0.19,-0.12,0.48,0.00,0.04,-7.17,-0.27,0.03,-2669.25,-0.00,-0.00,-0.01,0.00,0.00,0.00,9.00
56424.00,0.19,-0.12,0.50,0.00,0.04,2.87,-0.27,0.03,1116.55,-0.00,-0.00,-0.01,-0.00,0.00,0.00,8.00
56432.00,0.19,-0.12,0.47,0.00,0.04,-3.83,-0.27,0.03,-837.57,-0.00,-0.00,-0.01,-0.00,0.00,0.00,6.00
56438.00,0.19,-0.12,0.48,0.00,0.04,1.37,-0.27,0.03,865.80,-0.00,-0.00,-0.01,-0.00,0.00,-0.00,6.00
56444.00,0.19,-0.12,0.47,0.00,0.04,-0.63,-0.27,0.03,-333.70,-0.00,-0.00,-0.01,0.00,0.00,-0.00,9.00
56453.00,0.19,-0.12,0.54,0.00,0.04,6.97,-0.27,0.03,844.76,-0.00,-0.00,-0.01,0.00,-0.00,0.00,5.00
56458.00,0.19,-0.12,0.51,0.00,0.04,-5.61,-0.27,0.03,-2516.57,-0.00,-0.00,-0.01,0.00,-0.00,0.00,7.00
56470.00,0.19,-0.12,0.39,0.00,0.04,-9.55,-0.27,0.03,-327.98,-0.00,-0.00,-0.01,0.00,-0.01,0.00,7.00
56477.00,0.19,-0.12,0.50,0.00,0.04,14.59,-0.27,0.03,3449.00,-0.00,-0.00,-0.01,0.00,-0.00,0.00,7.00
56484.00,0.19,-0.12,0.47,0.00,0.04,-4.04,-0.27,0.03,-2661.28,-0.00,-0.00,-0.01,0.00,-0.00,0.00,18.00
56502.00,0.19,-0.12,0.50,0.00,0.04,1.79,-0.27,0.03,323.53,-0.00,-0.00,-0.01,0.00,0.00,0.00,6.00
56508.00,0.19,-0.12,0.53,0.00,0.04,4.55,-0.27,0.03,459.76,-0.00,-0.00,-0.01,0.00,0.00,0.00,6.00
56514.00,0.19,-0.12,0.48,0.00,0.04,-7.65,-0.27,0.03,-2033.49,-0.00,-0.00,-0.01,0.00,0.00,-0.00,9.00
56523.00,0.19,-0.12,0.41,0.00,0.04,-7.91,-0.27,0.03,-28.84,-0.00,-0.00,-0.01,0.00,0.00,0.00,6.00
56529.00,0.19,-0.12,0.49,0.00,0.04,13.21,-0.27,0.03,3521.17,-0.00,-0.00,-0.01,0.00,0.00,0.00,7.00
56536.00,0.19,-0.12,0.50,0.00,0.04,1.28,-0.27,0.03,-1705.31,-0.00,-0.00,-0.01,0.00,-0.00,0.00,8.00
56544.00,0.19,-0.12,0.40,0.00,0.04,-12.66,-0.27,0.03,-1742.01,-0.00,-0.00,-0.01,-0.00,-0.00,0.00,7.00
56561.00,0.19,-0.12,0.43,0.00,0.04,2.10,-0.27,0.03,868.16,-0.00,-0.00,-0.01,0.00,-0.00,-0.00,6.00
56567.00,0.19,-0.12,0.46,0.00,0.04,4.14,-0.27,0.03,340.83,-0.00,-0.00,-0.01,0.00,-0.00,-0.00,7.00
56574.00,0.19,-0.12,0.46,0.00,0.04,0.37,-0.27,0.03,-538.84,-0.00,-0.00,-0.01,0.00,0.00,-0.00,8.00
56582.00,0.19,-0.12,0.51,0.00,0.04,6.48,-0.27,0.03,763.48,-0.00,-0.00,-0.01,0.00,0.00,0.00,5.00
56587.00,0.20,-0.12,0.49,0.06,-0.00,-3.78,0.28,-0.21,-2051.38,-0.00,-0.00,-0.01,0.00,-0.00,0.00,18.00
56605.00,0.20,-0.12,0.49,0.06,-0.00,-0.18,0.28,-0.21,199.95,-0.00,-0.00,-0.01,0.00,-0.00,-0.00,6.00
56611.00,0.20,-0.12,0.48,0.06,-0.00,-1.32,0.28,-0.21,-189.83,-0.00,-0.00,-0.01,0.00,0.00,0.00,5.00
56616.00,0.20,-0.12,0.48,0.06,-0.00,-1.13,0.28,-0.21,37.52,-0.00,-0.00,-0.01,0.00,0.00,0.00,9.00
56625.00,0.20,-0.12,0.42,0.06,-0.00,-6.16,0.28,-0.21,-558.90,-0.00,-0.00,-0.01,0.00,-0.00,0.00,7.00
56632.00,0.20,-0.12,0.48,0.06,-0.00,7.59,0.28,-0.21,1964.46,-0.00,-0.00,-0.01,-0.00,0.00,0.00,6.00
56643.00,0.20,-0.12,0.51,0.06,-0.00,3.59,0.28,-0.21,-364.15,-0.00,-0.00,-0.01,0.00,0.00,0.00,6.00
56649.00,0.20,-0.12,0.43,0.06,-0.00,-13.83,0.28,-0.21,-2902.87,-0.00,-0.00,-0.01,-0.00,0.00,-0.00,7.00
56656.00,0.20,-0.12,0.47,0.06,-0.00,5.25,0.28,-0.21,2726.02,-0.00,-0.00,-0.01,-0.00,0.00,-0.00,5.00
56661.00,0.20,-0.12,0.43,0.06,-0.00,-8.05,0.28,-0.21,-2660.85,-0.00,-0.00,-0.01,0.00,0.00,0.00,6.00
56667.00,0.20,-0.12,0.45,0.06,-0.00,3.65,0.28,-0.21,1951.25,-0.00,-0.00,-0.01,0.00,0.00,0.00,8.00
56675.00,0.20,-0.12,0.43,0.06,-0.00,-2.69,0.28,-0.21,-792.41,-0.00,-0.00,-0.01,0.00,0.00,0.00,8.00
56683.00,0.20,-0.12,0.43,0.06,-0.00,0.75,0.28,-0.21,429.12,-0.00,-0.00,-0.01,0.00,-0.00,-0.00,15.00
56698.00,0.20,-0.12,0.45,0.06,-0.00,0.94,0.28,-0.21,12.88,-0.00,-0.00,-0.01,0.00,-0.00,-0.00,8.00
56706.00,0.20,-0.12,0.44,0.06,-0.00,-0.86,0.28,-0.21,-225.13,-0.00,-0.00,-0.01,0.00,-0.00,0.00,6.00
56712.00,0.20,-0.12,0.54,0.06,-0.00,17.03,0.28,-0.21,2981.11,-0.00,-0.00,-0.01,-0.00,0.00,0.00,6.00
56723.00,0.20,-0.12,0.45,0.06,-0.00,-8.30,0.28,-0.21,-2302.55,-0.00,-0.00,-0.01,0.00,0.00,-0.00,6.00
56729.00,0.20,-0.12,0.41,0.06,-0.00,-7.59,0.28,-0.21,119.01,-0.00,-0.00,-0.01,0.00,-0.00,-0.00,6.00
56735.00,0.20,-0.12,0.45,0.06,-0.00,6.41,0.28,-0.21,2332.36,-0.00,-0.00,-0.01,-0.00,-0.01,0.00,9.00
56744.00,0.20,-0.12,0.44,0.06,-0.00,-0.58,0.28,-0.21,-775.90,-0.00,-0.00,-0.01,-0.00,0.00,0.00,7.00
56751.00,0.20,-0.12,0.58,0.06,-0.00,19.75,0.28,-0.21,2904.45,-0.00,-0.00,-0.01,0.00,0.00,-0.00,7.00
56758.00,0.20,-0.12,0.55,0.06,-0.00,-4.49,0.28,-0.21,-3463.81,-0.00,-0.00,-0.01,0.00,0.00,-0.00,6.00
56764.00,0.20,-0.12,0.52,0.06,-0.00,-5.16,0.28,-0.21,-111.35,-0.00,-0.00,-0.01,0.00,0.00,0.00,8.00
56772.00,0.20,-0.12,0.55,0.06,-0.00,4.31,0.28,-0.21,1184.22,-0.00,-0.00,-0.01,0.00,0.00,0.00,5.00
56777.00,0.20,-0.12,0.48,0.06,-0.00,-15.01,0.28,-0.21,-3863.96,-0.00,-0.00,-0.01,0.00,0.00,0.00,8.00
56785.00,0.20,-0.12,0.46,0.06,-0.00,-2.33,0.28,-0.21,1584.47,-0.00,-0.00,-0.01,0.00,0.00,-0.00,8.00
56798.00,0.20,-0.12,0.48,0.00,0.04,2.01,-0.26,0.19,334.10,-0.00,-0.00,-0.01,0.00,0.00,0.00,18.00
56816.00,0.20,-0.12,0.49,0.00,0.04,0.36,-0.26,0.19,-91.56,-0.00,-0.00,-0.01,0.00,-0.00,0.00,9.00
56825.00,0.20,-0.12,0.46,0.00,0.04,-3.73,-0.26,0.19,-455.29,-0.00,-0.00,-0.01,0.00,0.00,0.00,8.00
56833.00,0.20,-0.12,0.41,0.00,0.04,-5.35,-0.26,0.19,-201.56,-0.00,-0.00,-0.01,0.00,-0.00,0.00,5.00
56838.00,0.20,-0.12,0.51,0.00,0.04,19.26,-0.26,0.19,4920.70,-0.00,-0.00,-0.01,0.00,0.00,-0.00,7.00
56845.00,0.20,-0.12,0.43,0.00,0.04,-11.33,-0.26,0.19,-4369.98,-0.00,-0.00,-0.01,0.00,0.00,-0.00,9.00
56854.00,0.20,-0.12,0.41,0.00,0.04,-1.77,-0.26,0.19,1062.08,-0.00,-0.00,-0.01,0.00,0.00,0.00,5.00
56859.00,0.20,-0.12,0.46,0.00,0.04,8.87,-0.26,0.19,2128.43,-0.00,-0.00,-0.01,0.00,0.00,0.00,7.00
56866.00,0.20,-0.12,0.48,0.00,0.04,3.57,-0.26,0.19,-757.08,-0.00,-0.00,-0.01,0.00,-0.00,0.00,9.00
56875.00,0.20,-0.12,0.52,0.00,0.04,4.31,-0.26,0.19,82.40,-0.00,-0.00,-0.01,-0.00,-0.00,0.00,7.00
56886.00,0.20,-0.12,0.42,0.00,0.04,-9.63,-0.26,0.19,-1267.14,-0.00,-0.00,-0.01,-0.00,0.00,0.00,20.00
56906.00,0.20,-0.12,0.54,0.00,0.04,6.34,-0.26,0.19,798.34,-0.00,-0.00,-0.01,-0.00,0.00,0.00,5.00
56911.00,0.20,-0.12,0.58,0.00,0.04,8.11,-0.26,0.19,354.53,-0.00,-0.00,-0.01,-0.00,0.00,0.00,6.00
56917.00,0.20,-0.12,0.47,0.00,0.04,-18.49,-0.26,0.19,-4432.89,-0.00,-0.00,-0.01,-0.00,0.00,0.00,8.00
56925.00,0.20,-0.12,0.52,0.00,0.04,5.60,-0.26,0.19,3011.09,-0.00,-0.00,-0.01,0.00,0.00,0.00,8.00
56933.00,0.20,-0.12,0.55,0.00,0.04,3.86,-0.26,0.19,-217.71,-0.00,-0.00,-0.01,0.00,0.00,0.00,6.00
56939.00,0.20,-0.12,0.46,0.00,0.04,-14.74,-0.26,0.19,-3100.46,-0.00,-0.00,-0.01,0.00,0.00,0.00,7.00
56946.00,0.20,-0.12,0.46,0.00,0.04,0.45,-0.26,0.19,2169.92,-0.00,-0.00,-0.01,0.00,0.00,0.00,8.00
56954.00,0.20,-0.12,0.51,0.00,0.04,5.64,-0.26,0.19,648.38,-0.00,-0.00,-0.01,-0.00,-0.00,-0.00,5.00
56959.00,0.20,-0.12,0.55,0.00,0.04,8.93,-0.26,0.19,658.35,-0.00,-0.00,-0.01,-0.00,-0.00,-0.00,7.00
56971.00,0.20,-0.12,0.48,0.00,0.04,-6.00,-0.26,0.19,-1244.08,-0.00,-0.00,-0.01,-0.00,-0.00,0.00,7.00
56978.00,0.20,-0.12,0.50,0.00,0.04,3.39,-0.26,0.19,1341.18,-0.00,-0.00,-0.01,0.00,0.00,0.00,8.00
56986.00,0.20,-0.12,0.41,0.00,0.04,-11.37,-0.26,0.19,-1844.44,-0.00,-0.00,-0.01,0.00,0.00,0.00,17.00
57003.00,0.21,-0.10,0.51,0.05,0.07,5.76,0.26,0.17,1007.30,-0.00,-0.00,-0.01,-0.00,0.00,0.00,6.00
57009.00,0.21,-0.10,0.55,0.05,0.07,7.15,0.26,0.17,232.21,-0.00,-0.00,-0.01,-0.00,0.00,0.00,7.00
57016.00,0.21,-0.10,0.49,0.05,0.07,-9.90,0.26,0.17,-2435.56,-0.00,-0.00,-0.01,-0.00,0.01,0.00,8.00
57024.00,0.21,-0.10,0.56,0.05,0.07,9.13,0.26,0.17,2378.23,-0.00,-0.00,-0.01,0.00,0.00,0.00,6.00
57030.00,0.21,-0.10,0.49,0.05,0.07,-10.87,0.26,0.17,-3333.23,-0.00,-0.00,-0.01,0.00,0.00,-0.00,7.00
57037.00,0.21,-0.10,0.40,0.05,0.07,-13.49,0.26,0.17,-373.53,-0.00,-0.00,-0.01,-0.00,0.00,-0.00,8.00
57045.00,0.21,-0.10,0.56,0.05,0.07,19.79,0.26,0.17,4159.80,-0.00,-0.00,-0.01,0.00,-0.00,-0.00,8.00
57057.00,0.21,-0.10,0.50,0.05,0.07,-4.34,0.26,0.17,-2011.05,-0.00,-0.00,-0.01,0.00,0.00,0.00,7.00
57064.00,0.21,-0.10,0.37,0.05,0.07,-19.97,0.26,0.17,-2232.12,-0.00,-0.00,-0.01,0.00,0.00,0.00,5.00
57069.00,0.21,-0.10,0.36,0.05,0.07,-0.07,0.26,0.17,3980.16,-0.00,-0.00,-0.01,-0.00,0.00,0.00,8.00
57077.00,0.21,-0.10,0.54,0.05,0.07,21.45,0.26,0.17,2690.19,-0.00,-0.00,-0.01,-0.00,0.00,0.00,8.00
57085.00,0.21,-0.10,0.37,0.05,0.07,-20.19,0.26,0.17,-5205.60,-0.00,-0.00,-0.01,0.00,0.00,0.00,17.00
57102.00,0.21,-0.10,0.37,0.05,0.07,-0.00,0.26,0.17,1187.53,-0.00,-0.00,-0.01,-0.00,0.00,-0.00,6.00
57108.00,0.21,-0.10,0.49,0.05,0.07,19.68,0.26,0.17,3281.08,-0.00,-0.00,-0.01,-0.00,0.00,-0.00,7.00
57115.00,0.21,-0.10,0.48,0.05,0.07,-1.76,0.26,0.17,-3062.92,-0.00,-0.00,-0.01,-0.00,0.00,-0.00,6.00
57121.00,0.21,-0.10,0.50,0.05,0.07,3.95,0.26,0.17,950.27,-0.00,-0.00,-0.01,0.00,0.00,0.00,6.00
57127.00,0.21,-0.10,0.47,0.05,0.07,-5.71,0.26,0.17,-1608.76,-0.00,-0.00,-0.01,0.00,0.00,0.00,9.00
57141.00,0.21,-0.10,0.47,0.05,0.07,-0.30,0.26,0.17,385.92,-0.00,-0.00,-0.01,0.00,0.00,0.00,7.00
57148.00,0.21,-0.10,0.45,0.05,0.07,-1.74,0.26,0.17,-205.25,-0.00,-0.00,-0.01,0.00,0.00,0.00,8.00
57156.00,0.21,-0.10,0.45,0.05,0.07,-0.08,0.26,0.17,207.70,-0.00,-0.00,-0.01,-0.00,-0.00,0.00,6.00
57162.00,0.21,-0.10,0.35,0.05,0.07,-16.87,0.26,0.17,-2797.75,-0.00,-0.00,-0.01,-0.00,-0.00,0.00,6.00
57168.00,0.21,-0.10,0.43,0.05,0.07,12.72,0.26,0.17,4931.13,-0.00,-0.00,-0.01,-0.00,0.00,0.00,8.00
57176.00,0.21,-0.10,0.43,0.05,0.07,-0.12,0.26,0.17,-1605.72,-0.00,-0.00,-0.01,0.00,0.00,0.00,8.00
57184.00,0.21,-0.10,0.40,0.05,0.07,-3.23,0.26,0.17,-388.34,-0.00,-0.00,-0.01,-0.00,-0.00,-0.00,16.00
57200.00,0.21,-0.10,0.43,0.05,0.07,1.73,0.26,0.17,310.27,-0.00,-0.00,-0.01,0.00,-0.00,-0.00,8.00
57208.00,0.21,-0.09,0.49,0.00,0.04,7.01,-0.26,-0.16,660.24,-0.00,-0.00,-0.01,-0.00,0.00,0.00,5.00
57213.00,0.21,-0.09,0.41,0.00,0.04,-14.40,-0.26,-0.16,-4282.40,-0.00,-0.00,-0.01,-0.00,0.00,0.00,6.00
57223.00,0.21,-0.09,0.45,0.00,0.04,3.87,-0.26,-0.16,1826.42,-0.00,-0.00,-0.01,0.00,0.00,0.00,7.00
57230.00,0.21,-0.09,0.50,0.00,0.04,6.40,-0.26,-0.16,361.37,-0.00,-0.00,-0.01,0.00,0.00,0.00,7.00
57237.00,0.21,-0.09,0.37,0.00,0.04,-18.46,-0.26,-0.16,-3551.29,-0.00,-0.00,-0.01,0.00,0.00,0.00,8.00
57245.00,0.21,-0.09,0.42,0.00,0.04,6.68,-0.26,-0.16,3143.18,-0.00,-0.00,-0.01,-0.00,0.00,0.00,6.00
57251.00,0.21,-0.09,0.48,0.00,0.04,9.53,-0.26,-0.16,473.67,-0.00,-0.00,-0.01,-0.00,0.00,0.00,7.00
57258.00,0.21,-0.09,0.47,0.00,0.04,-0.51,-0.26,-0.16,-1433.88,-0.00,-0.00,-0.01,-0.00,0.00,0.00,5.00
57263.00,0.21,-0.09,0.38,0.00,0.04,-18.04,-0.26,-0.16,-3506.09,-0.00,-0.00,-0.01,-0.00,-0.01,-0.00,6.00
57269.00,0.21,-0.09,0.43,0.00,0.04,8.02,-0.26,-0.16,4343.86,-0.00,-0.00,-0.01,-0.00,-0.00,-0.00,8.00
57277.00,0.21,-0.09,0.37,0.00,0.04,-7.17,-0.26,-0.16,-1898.26,-0.00,-0.00,-0.01,0.00,-0.00,-0.00,17.00
57294.00,0.21,-0.09,0.46,0.00,0.04,5.01,-0.26,-0.16,716.23,-0.00,-0.00,-0.01,0.00,-0.00,0.00,6.00
57310.00,0.21,-0.09,0.42,0.00,0.04,-2.30,-0.26,-0.16,-456.77,-0.00,-0.00,-0.01,0.00,-0.01,0.00,8.00
57318.00,0.21,-0.09,0.48,0.00,0.04,6.59,-0.26,-0.16,1111.23,-0.00,-0.00,-0.01,-0.00,0.00,0.00,8.00
57326.00,0.21,-0.09,0.49,0.00,0.04,1.33,-0.26,-0.16,-657.13,-0.00,-0.00,-0.01,-0.00,0.00,0.00,8.00
57334.00,0.21,-0.09,0.47,0.00,0.04,-2.46,-0.26,-0.16,-474.47,-0.00,-0.00,-0.01,0.00,0.00,-0.00,5.00
57339.00,0.21,-0.09,0.45,0.00,0.04,-3.84,-0.26,-0.16,-276.53,-0.00,-0.00,-0.01,0.00,0.00,-0.00,9.00
57348.00,0.21,-0.09,0.47,0.00,0.04,1.95,-0.26,-0.16,644.07,-0.00,-0.00,-0.01,0.00,-0.00,-0.00,8.00
57356.00,0.21,-0.09,0.41,0.00,0.04,-6.37,-0.26,-0.16,-1040.51,-0.00,-0.00,-0.01,0.00,-0.00,0.00,6.00
57362.00,0.21,-0.09,0.52,0.00,0.04,17.15,-0.26,-0.16,3920.48,-0.00,-0.00,-0.01,0.00,-0.00,0.00,6.00
57368.00,0.21,-0.09,0.45,0.00,0.04,-10.60,-0.26,-0.16,-4624.81,-0.00,-0.00,-0.01,0.00,-0.00,0.00,9.00
57377.00,0.21,-0.09,0.46,0.00,0.04,0.63,-0.26,-0.16,1247.54,-0.00,-0.00,-0.01,-0.00,-0.00,0.00,8.00
57390.00,0.21,-0.09,0.55,0.00,0.04,6.63,-0.26,-0.16,461.33,-0.00,-0.00,-0.01,-0.00,-0.00,0.00,19.00
57409.00,0.22,-0.09,0.42,0.06,0.03,-6.36,0.28,-0.02,-683.70,-0.00,-0.00,-0.01,-0.00,0.00,0.00,6.00
57415.00,0.22,-0.09,0.43,0.06,0.03,0.49,0.28,-0.02,1141.19,-0.00,-0.00,-0.01,0.00,0.00,-0.00,6.00
57421.00,0.22,-0.09,0.36,0.06,0.03,-11.25,0.28,-0.02,-1955.33,-0.00,-0.00,-0.01,0.00,-0.00,-0.00,7.00
57428.00,0.22,-0.09,0.41,0.06,0.03,6.62,0.28,-0.02,2552.58,-0.00,-0.00,-0.01,0.00,-0.00,-0.00,9.00
57437.00,0.22,-0.09,0.48,0.06,0.03,8.41,0.28,-0.02,198.53,-0.00,-0.00,-0.01,-0.00,-0.00,-0.00,7.00
57444.00,0.22,-0.09,0.38,0.06,0.03,-14.51,0.28,-0.02,-3274.38,-0.00,-0.00,-0.01,0.00,-0.00,0.00,5.00
57449.00,0.22,-0.09,0.38,0.06,0.03,-1.06,0.28,-0.02,2691.16,-0.00,-0.00,-0.01,0.00,-0.00,0.00,9.00
57458.00,0.22,-0.09,0.43,0.06,0.03,6.23,0.28,-0.02,810.06,-0.00,-0.00,-0.01,-0.00,0.00,0.00,5.00
57463.00,0.22,-0.09,0.51,0.06,0.03,15.58,0.28,-0.02,1869.15,-0.00,-0.00,-0.01,-0.00,0.00,0.00,6.00
57474.00,0.22,-0.09,0.60,0.06,0.03,8.17,0.28,-0.02,-673.33,-0.00,-0.00,-0.01,-0.00,-0.00,0.01,7.00
57481.00,0.22,-0.09,0.43,0.06,0.03,-24.68,0.28,-0.02,-4693.55,-0.00,-0.00,-0.01,-0.00,-0.00,0.00,7.00
57488.00,0.22,-0.09,0.46,0.06,0.03,4.35,0.28,-0.02,4147.28,-0.00,-0.00,-0.01,-0.00,-0.00,-0.00,18.00
57506.00,0.22,-0.09,0.45,0.06,0.03,-0.35,0.28,-0.02,-261.29,-0.00,-0.00,-0.01,0.00,-0.00,-0.00,6.00
57512.00,0.22,-0.09,0.47,0.06,0.03,2.74,0.28,-0.02,516.51,-0.00,-0.00,-0.01,0.00,-0.01,-0.00,7.00
57519.00,0.22,-0.09,0.45,0.06,0.03,-2.28,0.28,-0.02,-718.10,-0.00,-0.00,-0.01,0.00,-0.01,-0.00,9.00
57528.00,0.22,-0.09,0.49,0.06,0.03,4.73,0.28,-0.02,779.29,-0.00,-0.00,-0.01,0.00,0.00,0.00,7.00
57535.00,0.22,-0.09,0.49,0.06,0.03,-0.87,0.28,-0.02,-799.58,-0.00,-0.00,-0.01,0.00,0.00,0.00,6.00
57541.00,0.22,-0.09,0.35,0.06,0.03,-22.94,0.28,-0.02,-3678.95,-0.00,-0.00,-0.01,-0.00,0.00,0.00,7.00
57548.00,0.22,-0.09,0.51,0.06,0.03,22.26,0.28,-0.02,6456.73,-0.00,-0.00,-0.01,-0.00,0.00,0.00,9.00
57562.00,0.22,-0.09,0.55,0.06,0.03,2.96,0.28,-0.02,-1378.11,-0.00,-0.00,-0.01,-0.00,0.00,0.00,7.00
57569.00,0.22,-0.09,0.47,0.06,0.03,-10.86,0.28,-0.02,-1975.07,-0.00,-0.00,-0.01,0.00,0.00,0.00,8.00
57577.00,0.22,-0.09,0.30,0.06,0.03,-21.22,0.28,-0.02,-1294.94,-0.00,-0.00,-0.01,0.00,0.00,-0.00,8.00
57585.00,0.22,-0.09,0.41,0.06,0.03,13.55,0.28,-0.02,4346.25,-0.00,-0.00,-0.01,0.00,0.00,-0.00,5.00
57590.00,0.22,-0.09,0.36,0.06,0.03,-9.51,0.28,-0.02,-4611.91,-0.00,-0.00,-0.01,0.00,-0.00,-0.00,18.00
57608.00,0.22,-0.09,0.49,0.06,0.03,7.11,0.28,-0.02,923.39,-0.00,-0.00,-0.01,0.00,-0.00,-0.00,5.00
57613.00,0.22,-0.08,0.56,0.00,0.04,13.42,-0.27,0.02,1262.04,-0.00,-0.00,-0.01,0.00,-0.00,0.00,6.00
57619.00,0.22,-0.08,0.47,0.00,0.04,-15.14,-0.27,0.02,-4760.81,-0.00,-0.00,-0.01,0.00,0.00,0.00,9.00
57628.00,0.22,-0.08,0.52,0.00,0.04,5.41,-0.27,0.02,2284.03,-0.00,-0.00,-0.01,0.00,0.01,0.01,7.00
57635.00,0.22,-0.08,0.37,0.00,0.04,-20.98,-0.27,0.02,-3770.79,-0.00,-0.00,-0.01,0.00,0.00,0.01,6.00
57646.00,0.22,-0.08,0.38,0.00,0.04,1.05,-0.27,0.02,2002.67,-0.00,-0.00,-0.01,-0.00,0.00,0.01,7.00
57653.00,0.22,-0.08,0.40,0.00,0.04,2.66,-0.27,0.02,230.26,-0.00,-0.00,-0.01,-0.00,0.00,0.00,6.00
57659.00,0.22,-0.08,0.39,0.00,0.04,-2.08,-0.27,0.02,-789.16,-0.00,-0.00,-0.01,-0.00,0.00,0.00,6.00
57665.00,0.22,-0.08,0.50,0.00,0.04,19.25,-0.27,0.02,3553.84,-0.00,-0.00,-0.01,0.00,-0.00,-0.00,5.00
57670.00,0.22,-0.08,0.48,0.00,0.04,-5.01,-0.27,0.02,-4852.14,-0.00,-0.00,-0.01,0.00,-0.00,-0.00,8.00
57678.00,0.22,-0.08,0.42,0.00,0.04,-6.48,-0.27,0.02,-182.59,-0.00,-0.00,-0.01,0.00,-0.00,-0.00,8.00
57686.00,0.22,-0.08,0.44,0.00,0.04,2.01,-0.27,0.02,1060.56,-0.00,-0.00,-0.01,0.00,-0.01,-0.00,16.00
57702.00,0.22,-0.08,0.49,0.00,0.04,2.97,-0.27,0.02,59.83,-0.00,-0.00,-0.01,-0.00,-0.00,0.00,7.00
57709.00,0.22,-0.08,0.50,0.00,0.04,2.24,-0.27,0.02,-104.04,-0.00,-0.00,-0.01,0.00,-0.00,0.00,5.00
57714.00,0.22,-0.08,0.44,0.00,0.04,-13.51,-0.27,0.02,-3149.57,-0.00,-0.00,-0.01,-0.00,-0.00,0.01,6.00
57725.00,0.22,-0.08,0.50,0.00,0.04,6.05,-0.27,0.02,1778.35,-0.00,-0.00,-0.01,-0.00,0.00,0.00,7.00
57732.00,0.22,-0.08,0.42,0.00,0.04,-11.47,-0.27,0.02,-2502.70,-0.00,-0.00,-0.01,-0.00,0.00,0.00,7.00
57739.00,0.22,-0.08,0.52,0.00,0.04,13.81,-0.27,0.02,3611.46,-0.00,-0.00,-0.01,0.00,0.00,-0.00,9.00
57748.00,0.22,-0.08,0.44,0.00,0.04,-9.16,-0.27,0.02,-2552.42,-0.00,-0.00,-0.01,0.00,0.00,-0.00,6.00
57754.00,0.22,-0.08,0.50,0.00,0.04,10.66,-0.27,0.02,3303.55,-0.00,-0.00,-0.01,-0.00,0.00,-0.00,6.00
57760.00,0.22,-0.08,0.45,0.00,0.04,-9.07,-0.27,0.02,-3289.39,-0.00,-0.00,-0.01,-0.00,0.00,-0.00,6.00
57766.00,0.22,-0.08,0.45,0.00,0.04,0.36,-0.27,0.02,1571.88,-0.00,-0.00,-0.01,0.00,-0.00,-0.00,6.00
57772.00,0.22,-0.08,0.51,0.00,0.04,9.49,-0.27,0.02,1522.34,-0.00,-0.00,-0.01,0.00,-0.00,-0.00,7.00
57779.00,0.22,-0.08,0.51,0.00,0.04,1.13,-0.27,0.02,-1194.49,-0.00,-0.00,-0.01,0.00,-0.00,0.00,18.00
57798.00,0.22,-0.08,0.41,0.00,0.04,-5.24,-0.27,0.02,-335.55,-0.00,-0.00,-0.01,0.00,-0.00,0.00,6.00
57809.00,0.22,-0.08,0.49,0.00,0.04,6.86,-0.27,0.02,1100.35,-0.00,-0.00,-0.01,-0.00,0.00,0.00,7.00
57816.00,0.22,-0.08,0.46,0.00,0.00,-4.30,0.00,-0.18,-1593.61,-0.00,-0.00,-0.01,-0.00,0.00,0.00,5.00
57821.00,0.22,-0.08,0.58,0.00,0.00,24.36,0.00,-0.18,5731.46,-0.00,-0.00,-0.01,-0.00,0.00,0.00,8.00
57829.00,0.22,-0.08,0.46,0.00,0.00,-14.57,0.00,-0.18,-4866.41,-0.00,-0.00,-0.01,-0.00,-0.00,-0.00,8.00
57837.00,0.22,-0.08,0.48,0.00,0.00,1.70,0.00,-0.18,2033.98,-0.00,-0.00,-0.01,0.00,0.00,-0.00,7.00
57844.00,0.22,-0.08,0.51,0.00,0.00,4.02,0.00,-0.18,330.88,-0.00,-0.00,-0.01,-0.00,0.00,-0.01,6.00
57850.00,0.22,-0.08,0.44,0.00,0.00,-10.35,0.00,-0.18,-2394.44,-0.00,-0.00,-0.01,-0.00,0.00,-0.01,9.00
57859.00,0.22,-0.08,0.50,0.00,0.00,6.09,0.00,-0.18,1826.90,-0.00,-0.00,-0.01,0.00,-0.00,-0.00,5.00
57864.00,0.22,-0.08,0.53,0.00,0.00,5.69,0.00,-0.18,-79.85,-0.00,-0.00,-0.01,-0.00,-0.00,-0.00,6.00
57870.00,0.22,-0.08,0.52,0.00,0.00,-0.58,0.00,-0.18,-1046.16,-0.00,-0.00,-0.01,-0.00,-0.00,0.00,8.00
57883.00,0.22,-0.08,0.43,0.00,0.00,-7.24,0.00,-0.18,-512.17,-0.00,-0.00,-0.01,0.00,0.00,0.00,18.00
57901.00,0.22,-0.08,0.41,0.00,0.00,-0.89,0.00,-0.18,352.62,-0.00,-0.00,-0.01,0.00,0.01,0.00,8.00
57909.00,0.22,-0.08,0.46,0.00,0.00,5.53,0.00,-0.18,802.54,-0.00,-0.00,-0.01,0.00,0.00,0.00,6.00
57915.00,0.22,-0.08,0.52,0.00,0.00,10.41,0.00,-0.18,814.13,-0.00,-0.00,-0.01,0.00,0.00,-0.00,6.00
57921.00,0.22,-0.08,0.47,0.00,0.00,-7.83,0.00,-0.18,-3040.53,-0.00,-0.00,-0.01,0.00,0.00,-0.00,7.00
57928.00,0.22,-0.08,0.46,0.00,0.00,-2.53,0.00,-0.18,757.57,-0.00,-0.00,-0.01,0.00,0.00,-0.01,8.00
57936.00,0.22,-0.08,0.52,0.00,0.00,7.47,0.00,-0.18,1249.95,-0.00,-0.00,-0.01,-0.00,0.00,-0.00,5.00
57941.00,0.22,-0.08,0.51,0.00,0.00,-1.42,0.00,-0.18,-1778.69,-0.00,-0.00,-0.01,-0.00,0.00,-0.00,8.00
57949.00,0.22,-0.08,0.46,0.00,0.00,-6.57,0.00,-0.18,-643.53,-0.00,-0.00,-0.01,0.00,-0.00,-0.00,8.00
57957.00,0.22,-0.08,0.44,0.00,0.00,-1.66,0.00,-0.18,613.83,-0.00,-0.00,-0.01,0.00,-0.00,0.00,6.00
57973.00,0.22,-0.08,0.58,0.00,0.00,8.77,0.00,-0.18,651.79,-0.00,-0.00,-0.01,0.00,0.00,0.00,8.00
57981.00,0.22,-0.08,0.53,0.00,0.00,-6.81,0.00,-0.18,-1947.37,-0.00,-0.00,-0.01,0.00,0.00,0.00,8.00
57989.00,0.22,-0.08,0.42,0.00,0.00,-13.93,0.00,-0.18,-889.26,-0.00,-0.00,-0.01,0.00,-0.00,0.00,17.00
58006.00,0.22,-0.08,0.48,0.00,0.00,3.90,0.00,-0.18,1048.54,-0.00,-0.00,-0.01,0.00,0.00,-0.00,5.00
58011.00,0.22,-0.08,0.42,0.00,0.00,-12.48,0.00,-0.18,-3275.03,-0.00,-0.00,-0.01,0.00,0.00,-0.00,7.00
58018.00,0.23,-0.07,0.51,0.06,0.07,13.46,0.27,0.35,3705.54,-0.00,-0.00,-0.01,0.00,0.00,-0.00,7.00
58025.00,0.23,-0.07,0.44,0.06,0.07,-11.00,0.27,0.35,-3494.80,-0.00,-0.00,-0.01,0.00,0.00,0.00,6.00
58031.00,0.23,-0.07,0.54,0.06,0.07,16.93,0.27,0.35,4655.04,-0.00,-0.00,-0.01,0.00,0.00,0.00,8.00
58039.00,0.23,-0.07,0.46,0.06,0.07,-10.07,0.27,0.35,-3375.10,-0.00,-0.00,-0.01,-0.00,0.00,0.00,8.00
58047.00,0.23,-0.07,0.44,0.06,0.07,-1.86,0.27,0.35,1025.80,-0.00,-0.00,-0.01,-0.00,0.00,0.00,7.00
58058.00,0.23,-0.07,0.43,0.06,0.07,-1.00,0.27,0.35,78.92,-0.00,-0.00,-0.01,-0.00,-0.00,0.01,7.00
58065.00,0.23,-0.07,0.43,0.06,0.07,-1.15,0.27,0.35,-21.96,-0.00,-0.00,-0.01,-0.00,-0.00,0.00,6.00
58071.00,0.23,-0.07,0.47,0.06,0.07,8.16,0.27,0.35,1551.29,-0.00,-0.00,-0.01,-0.00,-0.01,-0.00,8.00
58079.00,0.23,-0.07,0.47,0.06,0.07,0.10,0.27,0.35,-1007.44,-0.00,-0.00,-0.01,-0.00,-0.01,-0.00,8.00
58087.00,0.23,-0.07,0.56,0.06,0.07,10.33,0.27,0.35,1278.72,-0.00,-0.00,-0.01,-0.00,-0.01,-0.01,16.00
58103.00,0.23,-0.07,0.46,0.06,0.07,-6.31,0.27,0.35,-1039.74,-0.00,-0.00,-0.01,-0.00,-0.01,-0.00,8.00
58111.00,0.23,-0.07,0.52,0.06,0.07,8.15,0.27,0.35,1807.42,-0.00,-0.00,-0.01,0.00,-0.01,-0.00,5.00
58116.00,0.23,-0.07,0.42,0.06,0.07,-20.15,0.27,0.35,-5660.03,-0.00,-0.00,-0.01,-0.00,-0.00,0.00,5.00
58121.00,0.23,-0.07,0.46,0.06,0.07,6.92,0.27,0.35,5413.52,-0.00,-0.00,-0.01,-0.00,-0.00,0.00,8.00
58129.00,0.23,-0.07,0.51,0.06,0.07,6.38,0.27,0.35,-67.99,-0.00,-0.00,-0.01,-0.00,0.00,0.00,8.00
58142.00,0.23,-0.07,0.50,0.06,0.07,-0.73,0.27,0.35,-546.76,-0.00,-0.00,-0.01,-0.00,-0.00,0.00,9.00
58151.00,0.23,-0.07,0.43,0.06,0.07,-7.30,0.27,0.35,-730.09,-0.00,-0.00,-0.01,-0.00,-0.00,0.00,8.00
58159.00,0.23,-0.07,0.46,0.06,0.07,3.79,0.27,0.35,1386.21,-0.00,-0.00,-0.01,0.00,-0.00,0.00,6.00
58165.00,0.23,-0.07,0.50,0.06,0.07,5.63,0.27,0.35,306.83,-0.00,-0.00,-0.01,0.00,-0.00,-0.00,6.00
58171.00,0.23,-0.07,0.48,0.06,0.07,-2.00,0.27,0.35,-1271.23,-0.00,-0.00,-0.01,0.00,-0.00,-0.01,9.00
58180.00,0.23,-0.07,0.47,0.06,0.07,-0.93,0.27,0.35,118.79,-0.00,-0.00,-0.01,0.01,0.00,-0.00,7.00
58187.00,0.23,-0.07,0.45,0.06,0.07,-2.88,0.27,0.35,-278.52,-0.00,-0.00,-0.01,0.00,0.00,-0.01,16.00
58203.00,0.23,-0.07,0.41,0.06,0.07,-2.64,0.27,0.35,15.34,-0.00,-0.00,-0.01,0.01,0.01,0.00,8.00
58211.00,0.23,-0.07,0.51,0.06,0.07,12.68,0.27,0.35,1913.98,-0.00,-0.00,-0.01,0.00,0.01,0.00,6.00
58217.00,0.23,-0.07,0.54,0.06,0.07,4.70,0.27,0.35,-1328.65,-0.00,-0.00,-0.01,0.01,0.01,0.00,5.00
58227.00,0.24,-0.06,0.42,0.05,0.03,-12.33,-0.01,-0.19,-1703.00,-0.00,-0.00,-0.01,0.00,0.01,0.00,7.00
58234.00,0.24,-0.06,0.46,0.05,0.03,5.59,-0.01,-0.19,2559.23,-0.00,-0.00,-0.01,0.00,0.00,0.00,6.00
58240.00,0.24,-0.06,0.43,0.05,0.03,-4.02,-0.01,-0.19,-1602.23,-0.00,-0.00,-0.01,0.00,0.00,0.00,9.00
58249.00,0.24,-0.06,0.46,0.05,0.03,2.83,-0.01,-0.19,761.63,-0.00,-0.00,-0.01,0.00,0.01,0.00,7.00
58256.00,0.24,-0.06,0.52,0.05,0.03,9.08,-0.01,-0.19,893.41,-0.00,-0.00,-0.01,0.00,-0.00,0.00,6.00
58262.00,0.24,-0.06,0.49,0.05,0.03,-5.37,-0.01,-0.19,-2409.80,-0.00,-0.00,-0.01,0.00,-0.00,0.00,6.00
58268.00,0.24,-0.06,0.54,0.05,0.03,7.45,-0.01,-0.19,2138.03,-0.00,-0.00,-0.01,0.00,-0.00,-0.00,6.00
58274.00,0.24,-0.06,0.50,0.05,0.03,-5.83,-0.01,-0.19,-2214.53,-0.00,-0.00,-0.01,0.00,-0.00,-0.00,7.00
58281.00,0.24,-0.06,0.45,0.05,0.03,-7.39,-0.01,-0.19,-221.80,-0.00,-0.00,-0.01,-0.00,-0.01,-0.00,18.00
58299.00,0.24,-0.06,0.44,0.05,0.03,-0.47,-0.01,-0.19,384.37,-0.00,-0.00,-0.01,-0.00,-0.01,0.00,8.00
58311.00,0.24,-0.06,0.49,0.05,0.03,4.05,-0.01,-0.19,376.71,-0.00,-0.00,-0.01,0.00,-0.01,-0.00,8.00
58319.00,0.24,-0.06,0.46,0.05,0.03,-3.78,-0.01,-0.19,-979.01,-0.00,-0.00,-0.01,-0.00,-0.01,-0.00,5.00
58324.00,0.24,-0.06,0.43,0.05,0.03,-6.55,-0.01,-0.19,-554.39,-0.00,-0.00,-0.01,-0.00,-0.01,-0.00,7.00
58331.00,0.24,-0.06,0.40,0.05,0.03,-3.90,-0.01,-0.19,379.13,-0.00,-0.00,-0.01,-0.01,-0.00,0.00,8.00
58339.00,0.24,-0.06,0.49,0.05,0.03,10.93,-0.01,-0.19,1853.14,-0.00,-0.00,-0.01,-0.01,-0.00,-0.00,8.00
58347.00,0.24,-0.06,0.50,0.05,0.03,2.33,-0.01,-0.19,-1075.29,-0.00,-0.00,-0.01,-0.01,-0.00,-0.00,5.00
58352.00,0.24,-0.06,0.50,0.05,0.03,-1.69,-0.01,-0.19,-803.27,-0.00,-0.00,-0.01,-0.01,-0.00,-0.00,9.00
58361.00,0.24,-0.06,0.43,0.05,0.03,-7.31,-0.01,-0.19,-624.50,-0.00,-0.00,-0.01,-0.00,-0.01,0.00,5.00
58366.00,0.24,-0.06,0.50,0.05,0.03,13.41,-0.01,-0.19,4144.01,-0.00,-0.00,-0.01,0.00,-0.00,0.00,6.00
58372.00,0.24,-0.06,0.49,0.05,0.03,-0.98,-0.01,-0.19,-2398.16,-0.00,-0.00,-0.01,0.00,-0.00,0.00,8.00
58385.00,0.24,-0.06,0.45,0.05,0.03,-3.50,-0.01,-0.19,-194.13,-0.00,-0.00,-0.01,-0.00,0.00,0.00,17.00
58402.00,0.24,-0.06,0.44,0.05,0.03,-0.57,-0.01,-0.19,172.72,-0.00,-0.00,-0.01,0.00,0.01,0.00,9.00
58411.00,0.24,-0.06,0.46,0.05,0.03,2.82,-0.01,-0.19,376.85,-0.00,-0.00,-0.01,0.00,0.01,0.00,5.00
58416.00,0.24,-0.06,0.40,0.05,0.03,-11.88,-0.01,-0.19,-2940.87,-0.00,-0.00,-0.01,0.00,0.01,0.00,6.00
58422.00,0.24,-0.06,0.37,0.05,0.03,-4.84,-0.01,-0.19,1173.00,-0.00,-0.00,-0.01,0.00,0.01,0.00,8.00
58430.00,0.26,-0.05,0.41,0.05,0.03,4.55,0.01,0.00,1173.65,-0.00,-0.00,-0.01,0.00,0.01,0.00,8.00
58438.00,0.26,-0.05,0.45,0.05,0.03,4.84,0.01,0.00,37.05,-0.00,-0.00,-0.01,-0.00,0.00,-0.00,5.00
58443.00,0.26,-0.05,0.40,0.05,0.03,-10.73,0.01,0.00,-3113.81,-0.00,-0.00,-0.01,-0.00,0.00,-0.00,8.00
58451.00,0.26,-0.05,0.39,0.05,0.03,-0.02,0.01,0.00,1337.88,-0.00,-0.00,-0.01,-0.00,0.00,-0.00,9.00
58460.00,0.26,-0.05,0.45,0.05,0.03,5.93,0.01,0.00,661.01,-0.00,-0.00,-0.01,-0.00,0.00,0.00,5.00
58470.00,0.26,-0.05,0.45,0.05,0.03,0.37,0.01,0.00,-555.87,-0.00,-0.00,-0.01,0.00,-0.00,0.00,9.00
58479.00,0.26,-0.05,0.51,0.05,0.03,6.29,0.01,0.00,657.53,-0.00,-0.00,-0.01,-0.00,0.00,0.00,5.00
58484.00,0.26,-0.05,0.35,0.05,0.03,-31.85,0.01,0.00,-7628.13,-0.00,-0.00,-0.01,-0.00,0.00,0.00,17.00
58501.00,0.26,-0.05,0.41,0.05,0.03,3.29,0.01,0.00,2067.59,-0.00,-0.00,-0.01,-0.00,-0.00,-0.00,9.00
58510.00,0.26,-0.05,0.47,0.05,0.03,7.14,0.01,0.00,427.11,-0.00,-0.00,-0.01,-0.00,-0.00,-0.00,6.00
58516.00,0.26,-0.05,0.50,0.05,0.03,5.70,0.01,0.00,-239.45,-0.00,-0.00,-0.01,-0.00,0.00,-0.00,6.00
58522.00,0.26,-0.05,0.42,0.05,0.03,-13.66,0.01,0.00,-3227.12,-0.00,-0.00,-0.01,-0.01,0.00,-0.00,8.00
58530.00,0.26,-0.05,0.47,0.05,0.03,6.34,0.01,0.00,2500.21,-0.00,-0.00,-0.01,0.00,0.00,0.00,7.00
58537.00,0.26,-0.05,0.54,0.05,0.03,9.80,0.01,0.00,494.66,-0.00,-0.00,-0.01,-0.00,-0.00,0.00,6.00
58543.00,0.26,-0.05,0.40,0.05,0.03,-23.26,0.01,0.00,-5510.15,-0.00,-0.00,-0.01,-0.00,-0.00,0.00,8.00
58556.00,0.26,-0.05,0.47,0.05,0.03,5.63,0.01,0.00,2222.05,-0.00,-0.00,-0.01,0.00,-0.00,0.00,7.00
58563.00,0.26,-0.05,0.45,0.05,0.03,-3.72,0.01,0.00,-1335.82,-0.00,-0.00,-0.01,0.00,-0.00,0.00,6.00
58569.00,0.26,-0.05,0.46,0.05,0.03,1.65,0.01,0.00,895.12,-0.00,-0.00,-0.01,0.00,0.00,0.00,6.00
58575.00,0.26,-0.05,0.45,0.05,0.03,-0.66,0.01,0.00,-384.70,-0.00,-0.00,-0.01,0.00,0.00,0.00,7.00
58582.00,0.26,-0.05,0.52,0.05,0.03,10.06,0.01,0.00,1531.19,-0.00,-0.00,-0.01,0.00,0.01,-0.00,19.00
58601.00,0.26,-0.05,0.44,0.05,0.03,-4.72,0.01,0.00,-778.05,-0.00,-0.00,-0.01,0.00,0.00,-0.00,7.00
58608.00,0.26,-0.05,0.43,0.05,0.03,-0.46,0.01,0.00,608.85,-0.00,-0.00,-0.01,0.00,0.00,0.00,5.00
58613.00,0.26,-0.05,0.46,0.05,0.03,5.40,0.01,0.00,1171.87,-0.00,-0.00,-0.01,0.00,0.00,0.00,8.00
58621.00,0.26,-0.05,0.38,0.05,0.03,-9.37,0.01,0.00,-1845.39,-0.00,-0.00,-0.01,0.00,0.01,0.00,7.00
58628.00,0.26,-0.05,0.34,0.05,0.03,-5.73,0.01,0.00,519.37,-0.00,-0.00,-0.01,0.00,0.00,0.00,5.00
58643.00,0.26,-0.04,0.45,0.00,0.04,7.33,-0.26,0.01,870.70,-0.00,-0.00,-0.01,-0.00,0.00,0.00,9.00
58652.00,0.26,-0.04,0.42,0.00,0.04,-3.31,-0.26,0.01,-1182.34,-0.00,-0.00,-0.01,-0.00,0.00,0.00,9.00
58661.00,0.26,-0.04,0.43,0.00,0.04,1.21,-0.26,0.01,502.57,-0.00,-0.00,-0.01,-0.00,-0.00,0.00,5.00
58666.00,0.26,-0.04,0.50,0.00,0.04,13.54,-0.26,0.01,2464.90,-0.00,-0.00,-0.01,-0.00,-0.01,-0.00,7.00
58673.00,0.26,-0.04,0.42,0.00,0.04,-11.29,-0.26,0.01,-3546.97,-0.00,-0.00,-0.01,-0.00,-0.01,-0.00,8.00
58681.00,0.26,-0.04,0.47,0.00,0.04,6.10,-0.26,0.01,2173.68,-0.00,-0.00,-0.01,-0.00,-0.00,-0.00,18.00
58699.00,0.26,-0.04,0.39,0.00,0.04,-4.81,-0.26,0.01,-605.92,-0.00,-0.00,-0.01,-0.00,-0.00,-0.00,5.00
58704.00,0.26,-0.04,0.44,0.00,0.04,11.21,-0.26,0.01,3204.36,-0.00,-0.00,-0.01,-0.00,-0.00,-0.00,8.00
58712.00,0.26,-0.04,0.46,0.00,0.04,2.22,-0.26,0.01,-1124.21,-0.00,-0.00,-0.01,-0.00,-0.00,0.00,6.00
58718.00,0.26,-0.04,0.39,0.00,0.04,-11.54,-0.26,0.01,-2293.22,-0.00,-0.00,-0.01,-0.00,-0.00,0.00,5.00
58728.00,0.26,-0.04,0.34,0.00,0.04,-5.12,-0.26,0.01,642.48,-0.00,-0.00,-0.01,0.00,0.00,0.00,6.00
58734.00,0.26,-0.04,0.48,0.00,0.04,23.20,-0.26,0.01,4719.81,-0.00,-0.00,-0.01,-0.00,0.00,0.00,7.00
58741.00,0.26,-0.04,0.46,0.00,0.04,-3.13,-0.26,0.01,-3761.98,-0.00,-0.00,-0.01,-0.00,0.00,-0.00,9.00
58750.00,0.26,-0.04,0.43,0.00,0.04,-3.44,-0.26,0.01,-34.23,-0.00,-0.00,-0.01,0.00,0.00,-0.00,5.00
58755.00,0.26,-0.04,0.36,0.00,0.04,-12.16,-0.26,0.01,-1744.75,-0.00,-0.00,-0.01,0.00,0.00,-0.00,7.00
58762.00,0.26,-0.04,0.42,0.00,0.04,8.28,-0.26,0.01,2920.19,-0.00,-0.00,-0.01,0.00,-0.00,-0.00,6.00
58768.00,0.26,-0.04,0.50,0.00,0.04,12.65,-0.26,0.01,728.73,-0.00,-0.00,-0.01,0.00,0.01,0.00,5.00
58773.00,0.26,-0.04,0.43,0.00,0.04,-14.34,-0.26,0.01,-5397.51,-0.00,-0.00,-0.01,0.00,0.01,0.00,8.00
58781.00,0.26,-0.04,0.50,0.00,0.04,8.67,-0.26,0.01,2876.10,-0.00,-0.00,-0.01,0.00,0.00,0.00,8.00
58789.00,0.26,-0.04,0.46,0.00,0.04,-4.46,-0.26,0.01,-1641.70,-0.00,-0.00,-0.01,0.00,0.01,0.00,5.00
58799.00,0.26,-0.04,0.41,0.00,0.04,-5.26,-0.26,0.01,-79.55,-0.00,-0.00,-0.01,0.00,0.00,0.00,16.00
58815.00,0.26,-0.04,0.39,0.00,0.04,-1.05,-0.26,0.01,263.16,-0.00,-0.00,-0.01,-0.00,0.00,0.00,7.00
58822.00,0.26,-0.04,0.51,0.00,0.04,17.48,-0.26,0.01,2646.35,-0.00,-0.00,-0.01,-0.00,0.00,0.00,9.00
58831.00,0.26,-0.04,0.53,0.00,0.04,1.46,-0.26,0.01,-1779.68,-0.00,-0.00,-0.01,-0.00,-0.00,0.00,7.00
58838.00,0.26,-0.04,0.41,0.00,0.04,-16.73,-0.26,0.01,-2598.19,-0.00,-0.00,-0.01,-0.00,-0.01,0.00,5.00
58843.00,0.26,-0.04,0.46,0.00,0.00,9.05,0.00,-0.18,5155.48,-0.00,-0.00,-0.01,-0.00,-0.01,0.00,9.00
58852.00,0.26,-0.04,0.37,0.00,0.00,-9.48,0.00,-0.18,-2059.62,-0.00,-0.00,-0.01,-0.00,-0.00,0.00,7.00
58859.00,0.26,-0.04,0.38,0.00,0.00,1.14,0.00,-0.18,1518.19,-0.00,-0.00,-0.01,-0.01,-0.00,0.00,6.00
58865.00,0.26,-0.04,0.38,0.00,0.00,0.29,0.00,-0.18,-141.61,-0.00,-0.00,-0.01,-0.01,-0.00,0.00,6.00
58871.00,0.26,-0.04,0.47,0.00,0.00,14.34,0.00,-0.18,2340.81,-0.00,-0.00,-0.01,-0.01,-0.00,-0.00,8.00
58884.00,0.26,-0.04,0.45,0.00,0.00,-1.19,0.00,-0.18,-1194.38,-0.00,-0.00,-0.01,-0.00,-0.00,0.00,19.00
58903.00,0.26,-0.04,0.39,0.00,0.00,-2.95,0.00,-0.18,-92.51,-0.00,-0.00,-0.01,-0.00,-0.00,0.00,9.00
58912.00,0.26,-0.04,0.46,0.00,0.00,7.83,0.00,-0.18,1197.28,-0.00,-0.00,-0.01,0.00,-0.00,-0.00,5.00
58917.00,0.26,-0.04,0.54,0.00,0.00,15.90,0.00,-0.18,1613.89,-0.00,-0.00,-0.01,0.00,-0.00,-0.00,7.00
58924.00,0.26,-0.04,0.50,0.00,0.00,-6.46,0.00,-0.18,-3193.38,-0.00,-0.00,-0.01,0.00,0.00,-0.00,8.00
58932.00,0.26,-0.04,0.50,0.00,0.00,0.30,0.00,-0.18,843.88,-0.00,-0.00,-0.01,-0.00,-0.00,0.00,7.00
58939.00,0.26,-0.04,0.42,0.00,0.00,-12.06,0.00,-0.18,-1764.50,-0.00,-0.00,-0.01,0.00,-0.00,0.00,6.00
58945.00,0.26,-0.04,0.48,0.00,0.00,9.80,0.00,-0.18,3642.45,-0.00,-0.00,-0.01,0.00,0.00,0.00,7.00
58952.00,0.26,-0.04,0.64,0.00,0.00,23.45,0.00,-0.18,1950.74,-0.00,-0.00,-0.01,0.00,0.00,0.00,9.00
58961.00,0.26,-0.04,0.37,0.00,0.00,-29.57,0.00,-0.18,-5891.67,-0.00,-0.00,-0.01,0.00,0.00,0.00,5.00
58971.00,0.26,-0.04,0.45,0.00,0.00,8.06,0.00,-0.18,3762.87,-0.00,-0.00,-0.01,0.00,0.01,0.00,8.00
58979.00,0.26,-0.04,0.42,0.00,0.00,-3.87,0.00,-0.18,-1490.77,-0.00,-0.00,-0.01,0.00,0.00,0.00,5.00
58984.00,0.26,-0.04,0.45,0.00,0.00,5.34,0.00,-0.18,1842.46,-0.00,-0.00,-0.01,0.00,0.00,0.00,18.00
59002.00,0.26,-0.04,0.34,0.00,0.00,-5.95,0.00,-0.18,-627.56,-0.00,-0.00,-0.01,0.00,-0.00,0.00,5.00
59007.00,0.26,-0.04,0.54,0.00,0.00,39.70,0.00,-0.18,9130.83,-0.00,-0.00,-0.01,0.00,-0.00,0.00,6.00
59013.00,0.26,-0.04,0.46,0.00,0.00,-14.11,0.00,-0.18,-8968.14,-0.00,-0.00,-0.01,0.00,0.00,0.00,6.00
59019.00,0.26,-0.04,0.36,0.00,0.00,-16.84,0.00,-0.18,-455.91,-0.00,-0.00,-0.01,0.00,0.00,0.00,5.00
59024.00,0.26,-0.04,0.55,0.00,0.00,39.73,0.00,-0.18,11314.03,-0.00,-0.00,-0.01,0.00,0.00,0.00,8.00
59032.00,0.26,-0.04,0.44,0.00,0.00,-13.93,0.00,-0.18,-6707.20,-0.00,-0.00,-0.01,-0.00,-0.00,0.00,8.00
59040.00,0.26,-0.04,0.34,0.00,0.00,-12.87,0.00,-0.18,133.15,-0.00,-0.00,-0.01,-0.00,-0.00,0.00,6.00
59051.00,0.28,-0.03,0.33,0.11,0.06,-1.20,0.51,0.31,1060.32,-0.00,-0.00,-0.01,-0.00,-0.00,0.00,7.00
59058.00,0.28,-0.03,0.46,0.11,0.06,19.37,0.51,0.31,2938.98,-0.00,-0.00,-0.01,-0.01,-0.01,0.00,6.00
59064.00,0.28,-0.03,0.36,0.11,0.06,-16.32,0.51,0.31,-5949.36,-0.00,-0.00,-0.01,-0.01,-0.01,0.00,6.00
59070.00,0.28,-0.03,0.40,0.11,0.06,6.23,0.51,0.31,3759.82,-0.00,-0.00,-0.01,-0.01,-0.01,0.00,5.00
59075.00,0.28,-0.03,0.46,0.11,0.06,11.65,0.51,0.31,1082.97,-0.00,-0.00,-0.01,-0.00,-0.00,-0.00,8.00
59083.00,0.28,-0.03,0.41,0.11,0.06,-6.20,0.51,0.31,-2231.10,-0.00,-0.00,-0.01,-0.00,-0.00,-0.00,9.00
59092.00,0.28,-0.03,0.47,0.11,0.06,6.80,0.51,0.31,1444.74,-0.00,-0.00,-0.01,-0.01,-0.00,-0.00,16.00
59108.00,0.28,-0.03,0.47,0.11,0.06,0.06,0.51,0.31,-421.43,-0.00,-0.00,-0.01,-0.00,-0.00,0.00,7.00
59115.00,0.28,-0.03,0.42,0.11,0.06,-7.07,0.51,0.31,-1018.15,-0.00,-0.00,-0.01,-0.00,-0.00,0.00,6.00
59121.00,0.28,-0.03,0.47,0.11,0.06,7.03,0.51,0.31,2349.66,-0.00,-0.00,-0.01,0.00,0.00,0.00,6.00
59132.00,0.28,-0.03,0.47,0.11,0.06,0.64,0.51,0.31,-580.60,-0.00,-0.00,-0.01,0.00,0.00,0.00,7.00
59139.00,0.28,-0.03,0.55,0.11,0.06,11.52,0.51,0.31,1553.14,-0.00,-0.00,-0.01,0.00,-0.00,0.00,5.00
59144.00,0.28,-0.03,0.36,0.11,0.06,-38.19,0.51,0.31,-9940.42,-0.00,-0.00,-0.01,0.00,-0.00,0.00,9.00
59153.00,0.28,-0.03,0.38,0.11,0.06,2.52,0.51,0.31,4522.58,-0.00,-0.00,-0.01,0.00,0.01,0.00,8.00
59161.00,0.28,-0.03,0.51,0.11,0.06,15.22,0.51,0.31,1587.88,-0.00,-0.00,-0.01,0.00,0.00,0.00,6.00
59167.00,0.28,-0.03,0.43,0.11,0.06,-12.68,0.51,0.31,-4649.84,-0.00,-0.00,-0.01,0.00,0.00,0.00,6.00
59173.00,0.28,-0.03,0.49,0.11,0.06,9.53,0.51,0.31,3700.99,-0.00,-0.00,-0.01,0.00,0.00,-0.00,8.00
59181.00,0.28,-0.03,0.39,0.11,0.06,-11.57,0.51,0.31,-2637.36,-0.00,-0.00,-0.01,0.00,0.00,-0.00,6.00
59187.00,0.28,-0.03,0.45,0.11,0.06,9.51,0.51,0.31,3512.82,-0.00,-0.00,-0.01,0.00,0.00,-0.00,17.00
59204.00,0.28,-0.03,0.51,0.11,0.06,3.38,0.51,0.31,-360.47,-0.00,-0.00,-0.01,-0.00,-0.00,0.00,9.00
59218.00,0.28,-0.03,0.41,0.11,0.06,-7.44,0.51,0.31,-772.93,-0.00,-0.00,-0.01,-0.00,-0.00,-0.00,7.00
59225.00,0.28,-0.03,0.54,0.11,0.06,19.19,0.51,0.31,3804.42,-0.00,-0.00,-0.01,-0.00,-0.00,-0.00,8.00
59233.00,0.28,-0.03,0.41,0.11,0.06,-16.52,0.51,0.31,-4463.31,-0.00,-0.00,-0.01,-0.00,-0.00,-0.00,7.00
59240.00,0.28,-0.03,0.45,0.11,0.06,6.32,0.51,0.31,3263.12,-0.00,-0.00,-0.01,-0.00,0.00,-0.00,6.00
59246.00,0.28,-0.03,0.45,0.11,0.06,0.09,0.51,0.31,-1038.39,-0.00,-0.00,-0.01,-0.00,0.00,-0.00,6.00
59253.00,0.30,-0.02,0.44,0.11,0.03,-2.12,0.02,-0.18,-315.86,-0.00,-0.00,-0.01,-0.00,0.00,-0.00,6.00
59259.00,0.30,-0.02,0.49,0.11,0.03,8.25,0.02,-0.18,1727.99,-0.00,-0.00,-0.01,-0.00,-0.00,-0.00,6.00
59265.00,0.30,-0.02,0.46,0.11,0.03,-4.49,0.02,-0.18,-2124.00,-0.00,-0.00,-0.01,-0.00,-0.00,-0.00,6.00
59271.00,0.30,-0.02,0.47,0.11,0.03,1.83,0.02,-0.18,1053.43,-0.00,-0.00,-0.01,0.00,-0.00,-0.00,7.00
59278.00,0.30,-0.02,0.44,0.11,0.03,-4.16,0.02,-0.18,-855.21,-0.00,-0.00,-0.01,-0.00,-0.00,0.00,6.00
59307.00,0.30,-0.02,0.56,0.11,0.03,4.00,0.02,-0.18,281.36,-0.00,-0.00,-0.01,0.00,-0.00,0.00,18.00
59325.00,0.30,-0.02,0.49,0.11,0.03,-3.96,0.02,-0.18,-441.98,-0.00,-0.00,-0.01,-0.00,-0.00,0.00,8.00
59333.00,0.30,-0.02,0.52,0.11,0.03,4.74,0.02,-0.18,1087.50,-0.00,-0.00,-0.01,0.00,0.00,-0.00,5.00
59338.00,0.30,-0.02,0.45,0.11,0.03,-14.21,0.02,-0.18,-3790.46,-0.00,-0.00,-0.01,0.00,0.00,-0.00,7.00
59345.00,0.30,-0.02,0.50,0.11,0.03,6.91,0.02,-0.18,3017.50,-0.00,-0.00,-0.01,0.00,0.00,0.00,8.00
59353.00,0.30,-0.02,0.41,0.11,0.03,-11.70,0.02,-0.18,-2327.10,-0.00,-0.00,-0.01,0.00,0.00,0.00,8.00
59361.00,0.30,-0.02,0.49,0.11,0.03,9.69,0.02,-0.18,2673.96,-0.00,-0.00,-0.01,-0.00,0.00,0.00,5.00
59366.00,0.30,-0.02,0.42,0.11,0.03,-12.37,0.02,-0.18,-4412.24,-0.00,-0.00,-0.01,-0.00,0.00,0.00,6.00
59372.00,0.30,-0.02,0.44,0.11,0.03,2.52,0.02,-0.18,2482.52,-0.00,-0.00,-0.01,-0.00,-0.00,0.00,6.00
59378.00,0.30,-0.02,0.42,0.11,0.03,-2.54,0.02,-0.18,-843.83,-0.00,-0.00,-0.01,0.00,0.00,0.00,16.00
59399.00,0.30,-0.02,0.45,0.11,0.03,1.32,0.02,-0.18,183.82,-0.00,-0.00,-0.01,0.00,-0.00,-0.00,7.00
59406.00,0.30,-0.02,0.36,0.11,0.03,-12.90,0.02,-0.18,-2032.00,-0.00,-0.00,-0.01,0.00,-0.00,-0.00,8.00
59414.00,0.30,-0.02,0.43,0.11,0.03,9.00,0.02,-0.18,2737.88,-0.00,-0.00,-0.01,0.00,0.00,-0.00,5.00
59419.00,0.30,-0.02,0.52,0.11,0.03,17.52,0.02,-0.18,1704.39,-0.00,-0.00,-0.01,0.00,-0.00,-0.00,6.00
59425.00,0.30,-0.02,0.51,0.11,0.03,-1.38,0.02,-0.18,-3150.82,-0.00,-0.00,-0.01,0.00,-0.00,0.00,6.00
59431.00,0.30,-0.02,0.56,0.11,0.03,7.89,0.02,-0.18,1545.19,-0.00,-0.00,-0.01,0.00,-0.01,-0.00,4.00
59435.00,0.30,-0.02,0.46,0.11,0.03,-24.36,0.02,-0.18,-8061.30,-0.00,-0.00,-0.01,0.00,-0.01,-0.00,9.00
59444.00,0.30,-0.02,0.52,0.11,0.03,6.38,0.02,-0.18,3414.98,-0.00,-0.00,-0.01,-0.00,-0.00,0.00,7.00
59451.00,0.30,-0.02,0.46,0.11,0.03,-9.04,0.02,-0.18,-2201.94,-0.00,-0.00,-0.01,-0.00,-0.00,0.00,7.00
59458.00,0.31,-0.02,0.44,0.05,0.03,-1.89,-0.27,0.02,1020.90,-0.00,-0.00,-0.01,-0.00,-0.00,0.00,7.00
59469.00,0.31,-0.02,0.54,0.05,0.03,8.41,-0.27,0.02,936.29,-0.00,-0.00,-0.01,0.00,-0.00,0.00,7.00
59476.00,0.31,-0.02,0.42,0.05,0.03,-16.03,-0.27,0.02,-3491.49,-0.00,-0.00,-0.01,0.00,-0.00,0.00,8.00
59484.00,0.31,-0.02,0.46,0.05,0.03,5.12,-0.27,0.02,2643.44,-0.00,-0.00,-0.01,0.00,-0.00,0.00,17.00
59501.00,0.31,-0.02,0.56,0.05,0.03,5.56,-0.27,0.02,26.33,-0.00,-0.00,-0.01,0.00,0.00,0.00,7.00
59508.00,0.31,-0.02,0.51,0.05,0.03,-7.23,-0.27,0.02,-1826.87,-0.00,-0.00,-0.01,0.00,0.00,0.00,7.00
59515.00,0.31,-0.02,0.52,0.05,0.03,1.79,-0.27,0.02,1288.27,-0.00,-0.00,-0.01,0.00,0.00,0.00,5.00
59520.00,0.31,-0.02,0.48,0.05,0.03,-8.66,-0.27,0.02,-2091.14,-0.00,-0.00,-0.01,0.00,0.00,0.00,6.00
59526.00,0.31,-0.02,0.42,0.05,0.03,-9.21,-0.27,0.02,-91.19,-0.00,-0.00,-0.01,0.00,0.00,0.00,8.00
59534.00,0.31,-0.02,0.52,0.05,0.03,11.66,-0.27,0.02,2608.70,-0.00,-0.00,-0.01,0.00,0.00,0.00,7.00
59541.00,0.31,-0.02,0.41,0.05,0.03,-14.91,-0.27,0.02,-3796.14,-0.00,-0.00,-0.01,0.00,0.00,0.00,7.00
59552.00,0.31,-0.02,0.47,0.05,0.03,4.97,-0.27,0.02,1807.88,-0.00,-0.00,-0.01,0.00,-0.00,0.00,6.00
59558.00,0.31,-0.02,0.48,0.05,0.03,2.50,-0.27,0.02,-412.50,-0.00,-0.00,-0.01,0.00,-0.00,0.00,7.00
59565.00,0.31,-0.02,0.45,0.05,0.03,-4.94,-0.27,0.02,-1062.44,-0.00,-0.00,-0.01,0.00,0.00,0.00,6.00
59571.00,0.31,-0.02,0.45,0.05,0.03,0.53,-0.27,0.02,911.73,-0.00,-0.00,-0.01,0.00,0.00,0.00,5.00
59576.00,0.31,-0.02,0.45,0.05,0.03,0.60,-0.27,0.02,13.02,-0.00,-0.00,-0.01,0.00,0.00,0.00,8.00
59584.00,0.31,-0.02,0.50,0.05,0.03,6.46,-0.27,0.02,733.51,-0.00,-0.00,-0.01,0.00,0.00,0.00,18.00
59602.00,0.31,-0.02,0.46,0.05,0.03,-2.55,-0.27,0.02,-500.71,-0.00,-0.00,-0.01,-0.00,0.00,0.00,6.00
59608.00,0.31,-0.02,0.44,0.05,0.03,-3.70,-0.27,0.02,-191.40,-0.00,-0.00,-0.01,-0.00,-0.00,-0.00,7.00
59615.00,0.31,-0.02,0.46,0.05,0.03,3.46,-0.27,0.02,1022.95,-0.00,-0.00,-0.01,0.00,-0.00,-0.00,5.00
59620.00,0.31,-0.02,0.49,0.05,0.03,5.68,-0.27,0.02,443.19,-0.00,-0.00,-0.01,-0.00,-0.00,0.00,6.00
59630.00,0.31,-0.02,0.45,0.05,0.03,-3.80,-0.27,0.02,-947.87,-0.00,-0.00,-0.01,0.00,-0.00,0.00,7.00
59637.00,0.31,-0.02,0.48,0.05,0.03,3.77,-0.27,0.02,1081.38,-0.00,-0.00,-0.01,0.00,-0.00,0.00,7.00
59644.00,0.31,-0.02,0.43,0.05,0.03,-6.79,-0.27,0.02,-1507.99,-0.00,-0.00,-0.01,-0.00,-0.00,0.00,8.00
59652.00,0.31,-0.02,0.46,0.05,0.03,4.41,-0.27,0.02,1398.78,-0.00,-0.00,-0.01,0.00,0.00,0.00,6.00
59658.00,0.31,-0.02,0.47,0.00,0.00,1.04,-0.27,-0.16,-561.21,-0.00,-0.00,-0.01,0.00,0.00,0.00,7.00
59665.00,0.31,-0.02,0.57,0.00,0.00,14.16,-0.27,-0.16,1875.18,-0.00,-0.00,-0.01,-0.00,0.00,0.00,6.00
59671.00,0.31,-0.02,0.43,0.00,0.00,-23.44,-0.27,-0.16,-6268.14,-0.00,-0.00,-0.01,0.00,0.00,0.00,5.00
59676.00,0.31,-0.02,0.49,0.00,0.00,12.56,-0.27,-0.16,7200.71,-0.00,-0.00,-0.01,0.00,0.00,0.00,8.00
59684.00,0.31,-0.02,0.38,0.00,0.00,-14.28,-0.27,-0.16,-3355.29,-0.00,-0.00,-0.01,0.00,0.00,0.00,18.00
59702.00,0.31,-0.02,0.59,0.00,0.00,11.89,-0.27,-0.16,1454.24,-0.00,-0.00,-0.01,-0.00,0.00,0.00,6.00
59713.00,0.31,-0.02,0.49,0.00,0.00,-9.54,-0.27,-0.16,-1948.47,-0.00,-0.00,-0.01,0.00,0.00,0.00,6.00
59719.00,0.31,-0.02,0.38,0.00,0.00,-18.62,-0.27,-0.16,-1513.96,-0.00,-0.00,-0.01,0.00,0.00,0.00,6.00
59725.00,0.31,-0.02,0.43,0.00,0.00,9.66,-0.27,-0.16,4714.44,-0.00,-0.00,-0.01,-0.00,0.00,0.00,9.00
59734.00,0.31,-0.02,0.50,0.00,0.00,7.40,-0.27,-0.16,-251.04,-0.00,-0.00,-0.01,0.00,0.00,-0.00,7.00
59741.00,0.31,-0.02,0.49,0.00,0.00,-1.05,-0.27,-0.16,-1207.61,-0.00,-0.00,-0.01,0.00,0.00,0.00,7.00
59748.00,0.31,-0.02,0.41,0.00,0.00,-12.36,-0.27,-0.16,-1616.19,-0.00,-0.00,-0.01,0.00,0.00,0.00,7.00
59755.00,0.31,-0.02,0.49,0.00,0.00,11.60,-0.27,-0.16,3422.73,-0.00,-0.00,-0.01,0.00,-0.00,0.00,8.00
59763.00,0.31,-0.02,0.46,0.00,0.00,-2.79,-0.27,-0.16,-1798.79,-0.00,-0.00,-0.01,0.00,-0.00,0.00,5.00
59768.00,0.31,-0.02,0.47,0.00,0.00,1.41,-0.27,-0.16,841.26,-0.00,-0.00,-0.01,-0.00,-0.00,0.00,7.00
59775.00,0.31,-0.02,0.49,0.00,0.00,2.16,-0.27,-0.16,107.51,-0.00,-0.00,-0.01,-0.00,-0.00,0.00,8.00
59788.00,0.31,-0.02,0.51,0.00,0.00,1.90,-0.27,-0.16,-20.11,-0.00,-0.00,-0.01,-0.00,-0.00,0.00,18.00
59806.00,0.31,-0.02,0.47,0.00,0.00,-2.56,-0.27,-0.16,-248.02,-0.00,-0.00,-0.01,-0.00,-0.00,0.00,9.00
59815.00,0.31,-0.02,0.45,0.00,0.00,-2.02,-0.27,-0.16,60.19,-0.00,-0.00,-0.01,-0.00,-0.01,-0.00,5.00
59820.00,0.31,-0.02,0.53,0.00,0.00,15.56,-0.27,-0.16,3515.72,-0.00,-0.00,-0.01,-0.00,-0.01,-0.00,7.00
59827.00,0.31,-0.02,0.46,0.00,0.00,-9.74,-0.27,-0.16,-3613.64,-0.00,-0.00,-0.01,0.00,-0.01,0.00,8.00
59835.00,0.31,-0.02,0.36,0.00,0.00,-12.10,-0.27,-0.16,-295.35,-0.00,-0.00,-0.01,-0.00,-0.00,-0.00,7.00
59842.00,0.31,-0.02,0.47,0.00,0.00,16.29,-0.27,-0.16,4055.69,-0.00,-0.00,-0.01,-0.00,-0.00,-0.00,6.00
59848.00,0.31,-0.02,0.42,0.00,0.00,-8.29,-0.27,-0.16,-4096.80,-0.00,-0.00,-0.01,-0.00,-0.00,-0.00,7.00
59855.00,0.31,-0.02,0.39,0.00,0.00,-5.46,-0.27,-0.16,404.60,-0.00,-0.00,-0.01,-0.00,0.00,-0.00,9.00
59864.00,0.32,-0.01,0.48,0.05,0.03,10.89,0.26,0.16,1816.15,-0.00,-0.00,-0.01,-0.00,0.00,-0.00,5.00
59940.00,0.32,-0.01,0.42,0.05,0.03,-0.89,0.26,0.16,-154.96,-0.00,-0.00,-0.01,0.00,0.00,-0.00,17.00
59957.00,0.32,-0.01,0.37,0.05,0.03,-2.49,0.26,0.16,-94.30,-0.00,-0.00,-0.01,-0.00,0.00,-0.00,9.00
59966.00,0.32,-0.01,0.41,0.05,0.03,4.12,0.26,0.16,734.93,-0.00,-0.00,-0.01,-0.00,-0.00,0.00,5.00
59971.00,0.32,-0.01,0.42,0.05,0.03,2.52,0.26,0.16,-320.10,-0.00,-0.00,-0.01,0.00,-0.00,-0.00,7.00
59978.00,0.32,-0.01,0.48,0.05,0.03,7.79,0.26,0.16,752.77,-0.00,-0.00,-0.01,-0.00,-0.00,-0.00,7.00
59985.00,0.32,-0.01,0.41,0.05,0.03,-10.46,0.26,0.16,-2607.86,-0.00,-0.00,-0.01,-0.00,0.00,-0.00,18.00
60003.00,0.32,-0.01,0.44,0.05,0.03,2.06,0.26,0.16,695.56,-0.00,-0.00,-0.01,0.00,0.00,-0.00,6.00
60009.00,0.32,-0.01,0.42,0.05,0.03,-3.77,0.26,0.16,-970.12,-0.00,-0.00,-0.01,0.00,0.00,-0.00,6.00
60015.00,0.32,-0.01,0.47,0.05,0.03,7.86,0.26,0.16,1938.28,-0.00,-0.00,-0.01,0.00,0.00,-0.00,6.00
60021.00,0.32,-0.01,0.45,0.05,0.03,-3.03,0.26,0.16,-1815.43,-0.00,-0.00,-0.01,0.00,0.00,-0.00,6.00
60037.00,0.32,-0.01,0.41,0.05,0.03,-2.49,0.26,0.16,33.34,-0.00,-0.00,-0.01,0.00,0.01,-0.00,9.00
60046.00,0.32,-0.01,0.49,0.05,0.03,9.53,0.26,0.16,1336.39,-0.00,-0.00,-0.01,0.00,0.00,0.00,8.00
60054.00,0.32,-0.01,0.42,0.05,0.03,-9.71,0.26,0.16,-2405.65,-0.00,-0.00,-0.01,0.00,0.01,-0.00,7.00
60061.00,0.32,-0.01,0.41,0.05,0.03,-0.76,0.26,0.16,1278.22,-0.00,-0.00,-0.01,0.00,0.00,-0.00,6.00
60067.00,0.33,-0.00,0.42,0.05,0.03,2.22,0.00,0.00,497.49,-0.00,-0.00,-0.01,0.00,0.00,0.00,6.00
60073.00,0.33,-0.00,0.50,0.05,0.03,12.49,0.00,0.00,1711.34,-0.00,-0.00,-0.01,0.00,-0.00,0.00,5.00
60078.00,0.33,-0.00,0.39,0.05,0.03,-22.98,0.00,0.00,-7092.79,-0.00,-0.00,-0.01,0.00,-0.00,0.00,18.00
60096.00,0.33,-0.00,0.37,0.05,0.03,-1.09,0.00,0.00,1216.10,-0.00,-0.00,-0.01,0.00,-0.00,0.00,8.00
60104.00,0.33,-0.00,0.41,0.05,0.03,5.24,0.00,0.00,790.88,-0.00,-0.00,-0.01,0.00,0.00,0.00,5.00
60109.00,0.33,-0.00,0.49,0.05,0.03,15.91,0.00,0.00,2134.25,-0.00,-0.00,-0.01,0.00,0.00,0.00,8.00
60123.00,0.33,-0.00,0.43,0.05,0.03,-3.85,0.00,0.00,-1411.65,-0.00,-0.00,-0.01,0.00,0.00,0.00,6.00
60129.00,0.33,-0.00,0.39,0.05,0.03,-7.15,0.00,0.00,-549.96,-0.00,-0.00,-0.01,0.00,0.00,0.00,7.00
60136.00,0.33,-0.00,0.46,0.05,0.03,10.59,0.00,0.00,2533.91,-0.00,-0.00,-0.01,0.00,0.00,0.00,8.00
60144.00,0.33,-0.00,0.47,0.05,0.03,0.33,0.00,0.00,-1282.51,-0.00,-0.00,-0.01,-0.00,-0.00,0.00,6.00
60150.00,0.33,-0.00,0.41,0.05,0.03,-9.25,0.00,0.00,-1595.83,-0.00,-0.00,-0.01,-0.00,-0.00,0.00,8.00
60158.00,0.33,-0.00,0.52,0.05,0.03,13.90,0.00,0.00,2894.03,-0.00,-0.00,-0.01,-0.00,0.00,-0.00,8.00
60166.00,0.33,-0.00,0.46,0.05,0.03,-7.71,0.00,0.00,-2701.42,-0.00,-0.00,-0.01,0.00,0.00,-0.00,5.00
60171.00,0.33,-0.00,0.46,0.05,0.03,-0.83,0.00,0.00,1375.34,-0.00,-0.00,-0.01,0.00,0.00,-0.00,6.00
60177.00,0.33,-0.00,0.37,0.05,0.03,-14.10,0.00,0.00,-2211.94,-0.00,-0.00,-0.01,0.00,0.00,-0.00,19.00
60196.00,0.33,-0.00,0.50,0.05,0.03,6.97,0.00,0.00,1109.14,-0.00,-0.00,-0.01,0.00,0.00,0.00,7.00
60208.00,0.33,-0.00,0.46,0.05,0.03,-3.93,0.00,0.00,-908.21,-0.00,-0.00,-0.01,0.00,0.00,-0.00,9.00
60217.00,0.33,-0.00,0.48,0.05,0.03,2.37,0.00,0.00,699.50,-0.00,-0.00,-0.01,0.00,0.00,0.00,5.00
60222.00,0.33,-0.00,0.48,0.05,0.03,0.19,0.00,0.00,-435.30,-0.00,-0.00,-0.01,0.00,0.00,-0.00,6.00
60228.00,0.33,-0.00,0.35,0.05,0.03,-21.99,0.00,0.00,-3696.43,-0.00,-0.00,-0.01,0.00,0.00,-0.00,8.00
60236.00,0.33,-0.00,0.40,0.05,0.03,6.41,0.00,0.00,3549.88,-0.00,-0.00,-0.01,0.00,0.00,-0.00,5.00
60241.00,0.33,-0.00,0.43,0.05,0.03,6.98,0.00,0.00,113.48,-0.00,-0.00,-0.01,0.00,0.00,-0.00,6.00
60247.00,0.33,-0.00,0.39,0.05,0.03,-6.82,0.00,0.00,-2299.96,-0.00,-0.00,-0.01,0.00,0.00,0.00,9.00
60256.00,0.33,-0.00,0.52,0.05,0.03,13.97,0.00,0.00,2309.82,-0.00,-0.00,-0.01,0.00,0.01,-0.00,8.00
60264.00,0.33,-0.00,0.51,0.05,0.03,-0.70,0.00,0.00,-1834.03,-0.00,-0.00,-0.01,0.00,0.00,0.00,6.00
60270.00,0.33,0.00,0.44,0.00,0.04,-12.77,-0.27,0.02,-2011.06,-0.00,-0.00,-0.01,0.00,0.00,0.00,6.00
60281.00,0.33,0.00,0.46,0.00,0.04,2.15,-0.27,0.02,1356.46,-0.00,-0.00,-0.01,0.00,0.00,0.00,17.00
60298.00,0.33,0.00,0.39,0.00,0.04,-4.16,-0.27,0.02,-370.97,-0.00,-0.00,-0.01,0.00,0.00,0.00,9.00
60307.00,0.33,0.00,0.45,0.00,0.04,6.72,-0.27,0.02,1208.73,-0.00,-0.00,-0.01,0.00,-0.00,-0.00,7.00
60314.00,0.33,0.00,0.43,0.00,0.04,-2.20,-0.27,0.02,-1273.99,-0.00,-0.00,-0.01,-0.00,0.00,0.00,6.00
60320.00,0.33,0.00,0.51,0.00,0.04,13.07,-0.27,0.02,2543.44,-0.00,-0.00,-0.01,-0.00,0.00,-0.00,7.00
60327.00,0.33,0.00,0.52,0.00,0.04,0.35,-0.27,0.02,-1817.13,-0.00,-0.00,-0.01,0.00,0.00,-0.00,8.00
60335.00,0.33,0.00,0.50,0.00,0.04,-2.43,-0.27,0.02,-346.67,-0.00,-0.00,-0.01,-0.00,0.00,0.00,5.00
60340.00,0.33,0.00,0.41,0.00,0.04,-16.82,-0.27,0.02,-2878.70,-0.00,-0.00,-0.01,-0.00,-0.00,0.00,8.00
60348.00,0.33,0.00,0.52,0.00,0.04,12.92,-0.27,0.02,3717.05,-0.00,-0.00,-0.01,-0.00,-0.00,0.00,8.00
60356.00,0.33,0.00,0.40,0.00,0.04,-13.98,-0.27,0.02,-3361.36,-0.00,-0.00,-0.01,0.00,-0.00,0.00,7.00
60368.00,0.33,0.00,0.39,0.00,0.04,-1.15,-0.27,0.02,1068.41,-0.00,-0.00,-0.01,0.00,-0.00,-0.00,6.00
60374.00,0.33,0.00,0.46,0.00,0.04,12.44,-0.27,0.02,2265.23,-0.00,-0.00,-0.01,-0.00,-0.00,-0.00,5.00
60379.00,0.33,0.00,0.43,0.00,0.04,-6.22,-0.27,0.02,-3731.77,-0.00,-0.00,-0.01,-0.00,-0.00,-0.00,19.00
60398.00,0.33,0.00,0.55,0.00,0.04,6.00,-0.27,0.02,643.45,-0.00,-0.00,-0.01,-0.00,-0.01,-0.00,9.00
60407.00,0.33,0.00,0.46,0.00,0.04,-9.94,-0.27,0.02,-1771.89,-0.00,-0.00,-0.01,-0.00,-0.00,-0.00,7.00
60414.00,0.33,0.00,0.48,0.00,0.04,2.61,-0.27,0.02,1792.98,-0.00,-0.00,-0.01,0.00,-0.00,-0.00,5.00
60419.00,0.33,0.00,0.43,0.00,0.04,-9.96,-0.27,0.02,-2513.35,-0.00,-0.00,-0.01,0.00,-0.00,-0.00,7.00
60426.00,0.33,0.00,0.43,0.00,0.04,0.45,-0.27,0.02,1486.44,-0.00,-0.00,-0.01,0.00,-0.00,0.00,7.00
60433.00,0.33,0.00,0.49,0.00,0.04,8.02,-0.27,0.02,1081.59,-0.00,-0.00,-0.01,0.00,0.00,0.00,6.00
60439.00,0.33,0.00,0.36,0.00,0.04,-20.95,-0.27,0.02,-4828.25,-0.00,-0.00,-0.01,0.00,0.00,0.00,8.00
60452.00,0.33,0.00,0.50,0.00,0.04,10.47,-0.27,0.02,2417.49,-0.00,-0.00,-0.01,-0.00,0.00,-0.00,7.00
60459.00,0.33,0.00,0.51,0.00,0.04,1.65,-0.27,0.02,-1260.29,-0.00,-0.00,-0.01,-0.00,0.00,-0.00,8.00
60467.00,0.33,0.00,0.45,0.00,0.04,-7.59,-0.27,0.02,-1155.81,-0.00,-0.00,-0.01,-0.00,0.00,-0.00,6.00
60473.00,0.35,0.01,0.47,0.05,0.03,3.06,0.27,-0.02,1776.12,-0.00,-0.00,-0.01,-0.00,0.00,-0.00,5.00
60478.00,0.35,0.01,0.43,0.05,0.03,-7.11,0.27,-0.02,-2034.98,-0.00,-0.00,-0.01,0.00,0.00,-0.00,10.00
60488.00,0.35,0.01,0.38,0.05,0.03,-4.74,0.27,-0.02,237.28,-0.00,-0.00,-0.01,-0.00,0.00,-0.00,8.00
60496.00,0.35,0.01,0.45,0.05,0.03,8.65,0.27,-0.02,1674.14,-0.00,-0.00,-0.01,0.00,-0.00,0.00,16.00
60512.00,0.35,0.01,0.40,0.05,0.03,-3.09,0.27,-0.02,-733.72,-0.00,-0.00,-0.01,-0.00,0.00,-0.00,7.00
60519.00,0.35,0.01,0.39,0.05,0.03,-2.29,0.27,-0.02,113.00,-0.00,-0.00,-0.01,-0.00,0.00,-0.00,6.00
60525.00,0.35,0.01,0.45,0.05,0.03,10.94,0.27,-0.02,2205.54,-0.00,-0.00,-0.01,0.00,-0.00,-0.00,6.00
60535.00,0.35,0.01,0.37,0.05,0.03,-8.12,0.27,-0.02,-1905.96,-0.00,-0.00,-0.01,0.00,-0.00,-0.00,6.00
60541.00,0.35,0.01,0.40,0.05,0.03,5.17,0.27,-0.02,2215.81,-0.00,-0.00,-0.01,-0.00,-0.00,-0.00,7.00
60548.00,0.35,0.01,0.35,0.05,0.03,-6.88,0.27,-0.02,-1721.99,-0.00,-0.00,-0.01,-0.00,-0.00,-0.00,9.00
60557.00,0.35,0.01,0.36,0.05,0.03,0.22,0.27,-0.02,788.47,-0.00,-0.00,-0.01,0.00,0.00,-0.00,7.00
60564.00,0.35,0.01,0.41,0.05,0.03,8.01,0.27,-0.02,1113.90,-0.00,-0.00,-0.01,-0.00,-0.00,-0.00,5.00
60569.00,0.35,0.01,0.42,0.05,0.03,0.80,0.27,-0.02,-1442.39,-0.00,-0.00,-0.01,-0.00,-0.00,-0.00,6.00
60575.00,0.35,0.01,0.39,0.05,0.03,-4.99,0.27,-0.02,-965.01,-0.00,-0.00,-0.01,-0.00,0.00,0.00,5.00
60580.00,0.35,0.01,0.46,0.05,0.03,14.05,0.27,-0.02,3807.44,-0.00,-0.00,-0.01,-0.00,0.00,0.00,8.00
60588.00,0.35,0.01,0.37,0.05,0.03,-11.16,0.27,-0.02,-3150.64,-0.00,-0.00,-0.01,-0.00,-0.00,-0.00,9.00
60597.00,0.35,0.01,0.42,0.05,0.03,6.24,0.27,-0.02,1932.72,-0.00,-0.00,-0.01,-0.00,-0.00,0.00,17.00
60619.00,0.35,0.01,0.35,0.05,0.03,-3.11,0.27,-0.02,-424.74,-0.00,-0.00,-0.01,-0.00,-0.00,-0.00,6.00
60625.00,0.35,0.01,0.39,0.05,0.03,6.55,0.27,-0.02,1609.39,-0.00,-0.00,-0.01,-0.00,-0.00,-0.00,5.00
60630.00,0.35,0.01,0.37,0.05,0.03,-5.39,0.27,-0.02,-2387.30,-0.00,-0.00,-0.01,-0.00,-0.00,-0.00,8.00
60638.00,0.35,0.01,0.41,0.05,0.03,4.81,0.27,-0.02,1274.42,-0.00,-0.00,-0.01,-0.00,0.00,-0.00,8.00
60646.00,0.35,0.01,0.42,0.05,0.03,2.00,0.27,-0.02,-350.79,-0.00,-0.00,-0.01,0.00,0.00,-0.00,6.00
60652.00,0.35,0.01,0.33,0.05,0.03,-14.38,0.27,-0.02,-2730.93,-0.00,-0.00,-0.01,0.00,0.00,0.00,7.00
60659.00,0.35,0.01,0.33,0.05,0.03,-0.88,0.27,-0.02,1928.47,-0.00,-0.00,-0.01,0.00,0.00,0.00,9.00
60668.00,0.35,0.01,0.39,0.05,0.03,6.65,0.27,-0.02,837.55,-0.00,-0.00,-0.01,0.00,0.00,-0.00,5.00
60673.00,0.36,0.01,0.30,0.06,-0.00,-17.76,0.00,-0.19,-4882.23,-0.00,-0.00,-0.01,0.00,0.00,-0.00,6.00
60679.00,0.36,0.01,0.36,0.06,-0.00,10.09,0.00,-0.19,4640.39,-0.00,-0.00,-0.01,0.00,0.00,0.00,8.00
60692.00,0.36,0.01,0.33,0.06,-0.00,-2.18,0.00,-0.19,-943.30,-0.00,-0.00,-0.01,0.00,0.00,-0.00,18.00
60710.00,0.36,0.01,0.42,0.06,-0.00,4.77,0.00,-0.19,385.98,-0.00,-0.00,-0.01,-0.00,0.00,-0.00,8.00
60718.00,0.36,0.01,0.31,0.06,-0.00,-13.12,0.00,-0.19,-2236.33,-0.00,-0.00,-0.01,0.00,0.00,0.00,4.00
60722.00,0.36,0.01,0.47,0.06,-0.00,39.38,0.00,-0.19,13123.94,-0.00,-0.00,-0.01,0.00,-0.00,-0.01,6.00
60728.00,0.36,0.01,0.40,0.06,-0.00,-11.94,0.00,-0.19,-8552.70,-0.00,-0.00,-0.01,0.00,-0.00,-0.00,7.00
60735.00,0.36,0.01,0.39,0.06,-0.00,-0.90,0.00,-0.19,1577.10,-0.00,-0.00,-0.01,-0.00,-0.00,-0.00,5.00
60740.00,0.36,0.01,0.40,0.06,-0.00,0.99,0.00,-0.19,378.21,-0.00,-0.00,-0.01,-0.00,-0.00,-0.00,8.00
60748.00,0.36,0.01,0.38,0.06,-0.00,-2.16,0.00,-0.19,-394.26,-0.00,-0.00,-0.01,0.00,-0.00,0.00,6.00
60754.00,0.36,0.01,0.56,0.06,-0.00,30.57,0.00,-0.19,5455.72,-0.00,-0.00,-0.01,-0.00,-0.00,0.00,5.00
60759.00,0.36,0.01,0.37,0.06,-0.00,-39.00,0.00,-0.19,-13913.34,-0.00,-0.00,-0.01,-0.00,-0.00,0.00,9.00
60777.00,0.36,0.01,0.45,0.06,-0.00,4.49,0.00,-0.19,2416.20,-0.00,-0.00,-0.01,-0.00,-0.00,-0.00,7.00
60784.00,0.36,0.01,0.33,0.06,-0.00,-16.46,0.00,-0.19,-2992.89,-0.00,-0.00,-0.01,0.00,-0.00,-0.00,6.00
60790.00,0.36,0.01,0.39,0.06,-0.00,9.33,0.00,-0.19,4296.84,-0.00,-0.00,-0.01,0.00,0.00,0.00,18.00
60808.00,0.36,0.01,0.39,0.06,-0.00,-0.16,0.00,-0.19,-527.12,-0.00,-0.00,-0.01,-0.00,0.00,-0.00,8.00
60816.00,0.36,0.01,0.46,0.06,-0.00,8.59,0.00,-0.19,1094.53,-0.00,-0.00,-0.01,0.00,0.00,-0.00,5.00
60821.00,0.36,0.01,0.35,0.06,-0.00,-20.97,0.00,-0.19,-5912.90,-0.00,-0.00,-0.01,0.00,0.00,-0.00,7.00
60828.00,0.36,0.01,0.39,0.06,-0.00,4.87,0.00,-0.19,3691.45,-0.00,-0.00,-0.01,0.00,0.00,0.00,7.00
60835.00,0.36,0.01,0.34,0.06,-0.00,-6.58,0.00,-0.19,-1636.08,-0.00,-0.00,-0.01,-0.00,0.01,0.00,5.00
60840.00,0.36,0.01,0.38,0.06,-0.00,7.20,0.00,-0.19,2757.43,-0.00,-0.00,-0.01,-0.00,0.01,0.00,8.00
60848.00,0.36,0.01,0.30,0.06,-0.00,-9.45,0.00,-0.19,-2081.70,-0.00,-0.00,-0.01,0.00,0.01,0.00,8.00
60860.00,0.36,0.01,0.44,0.06,-0.00,11.94,0.00,-0.19,1782.16,-0.00,-0.00,-0.01,-0.00,0.00,0.00,9.00
60869.00,0.36,0.01,0.36,0.06,-0.00,-9.06,0.00,-0.19,-2332.45,-0.00,-0.00,-0.01,0.00,0.00,0.00,5.00
60874.00,0.36,0.02,0.39,0.00,0.04,5.73,-0.28,0.21,2957.99,-0.00,-0.00,-0.01,0.00,0.00,-0.00,6.00
60880.00,0.36,0.02,0.33,0.00,0.04,-10.28,-0.28,0.21,-2669.28,-0.00,-0.00,-0.01,0.00,0.00,-0.00,8.00
60888.00,0.36,0.02,0.40,0.00,0.04,9.07,-0.28,0.21,2418.51,-0.00,-0.00,-0.01,-0.00,-0.00,-0.00,17.00
60905.00,0.36,0.02,0.48,0.00,0.04,4.92,-0.28,0.21,-243.75,-0.00,-0.00,-0.01,-0.00,-0.00,0.00,6.00
60911.00,0.36,0.02,0.44,0.00,0.04,-7.09,-0.28,0.21,-2002.07,-0.00,-0.00,-0.01,-0.00,-0.00,0.00,8.00
60919.00,0.36,0.02,0.43,0.00,0.04,-0.93,-0.28,0.21,770.37,-0.00,-0.00,-0.01,-0.00,0.00,0.00,5.00
60924.00,0.36,0.02,0.31,0.00,0.04,-25.05,-0.28,0.21,-4825.25,-0.00,-0.00,-0.01,-0.00,-0.00,0.00,6.00
60930.00,0.36,0.02,0.38,0.00,0.04,12.02,-0.28,0.21,6179.31,-0.00,-0.00,-0.01,-0.00,-0.00,0.00,8.00
60943.00,0.36,0.02,0.39,0.00,0.04,1.01,-0.28,0.21,-847.01,-0.00,-0.00,-0.01,-0.00,-0.00,0.00,8.00
60951.00,0.36,0.02,0.43,0.00,0.04,4.91,-0.28,0.21,487.86,-0.00,-0.00,-0.01,-0.00,-0.00,0.00,7.00
60958.00,0.36,0.02,0.41,0.00,0.04,-3.60,-0.28,0.21,-1216.99,-0.00,-0.00,-0.01,0.00,-0.00,-0.00,8.00
60966.00,0.36,0.02,0.42,0.00,0.04,1.75,-0.28,0.21,669.51,-0.00,-0.00,-0.01,-0.00,-0.00,-0.00,5.00
60971.00,0.36,0.02,0.43,0.00,0.04,0.51,-0.28,0.21,-247.86,-0.00,-0.00,-0.01,-0.00,-0.00,-0.00,7.00
60978.00,0.36,0.02,0.28,0.00,0.04,-20.39,-0.28,0.21,-2986.49,-0.00,-0.00,-0.01,0.00,0.00,0.00,7.00
60985.00,0.36,0.02,0.44,0.00,0.04,22.17,-0.28,0.21,6079.78,-0.00,-0.00,-0.01,0.00,-0.00,0.00,16.00
61001.00,0.36,0.02,0.40,0.00,0.04,-2.35,-0.28,0.21,-1532.37,-0.00,-0.00,-0.01,0.00,0.00,0.00,8.00
61009.00,0.36,0.02,0.31,0.00,0.04,-10.85,-0.28,0.21,-1062.33,-0.00,-0.00,-0.01,0.00,0.00,0.00,8.00
61017.00,0.36,0.02,0.33,0.00,0.04,2.53,-0.28,0.21,1672.54,-0.00,-0.00,-0.01,0.00,-0.00,0.00,6.00
61028.00,0.36,0.02,0.53,0.00,0.04,17.86,-0.28,0.21,1393.34,-0.00,-0.00,-0.01,0.00,0.00,0.00,7.00
61035.00,0.36,0.02,0.50,0.00,0.04,-3.98,-0.28,0.21,-3119.69,-0.00,-0.00,-0.01,0.00,0.00,0.00,5.00
61040.00,0.36,0.02,0.37,0.00,0.04,-26.22,-0.28,0.21,-4447.08,-0.00,-0.00,-0.01,0.00,0.00,0.00,9.00
61049.00,0.36,0.02,0.49,0.00,0.04,13.54,-0.28,0.21,4417.28,-0.00,-0.00,-0.01,0.00,0.00,-0.00,6.00
61055.00,0.36,0.02,0.40,0.00,0.04,-15.66,-0.28,0.21,-4867.05,-0.00,-0.00,-0.01,0.00,0.00,-0.00,6.00
61061.00,0.36,0.02,0.41,0.00,0.04,1.45,-0.28,0.21,2852.19,-0.00,-0.00,-0.01,0.00,0.00,-0.00,8.00
61069.00,0.36,0.02,0.43,0.00,0.04,3.30,-0.28,0.21,231.63,-0.00,-0.00,-0.01,-0.00,0.00,0.00,6.00
61075.00,0.36,0.02,0.38,0.00,0.00,-9.49,0.00,-0.19,-2131.50,-0.00,-0.00,-0.01,0.00,-0.00,-0.00,5.00
61080.00,0.36,0.02,0.40,0.00,0.00,4.62,0.00,-0.19,2820.61,-0.00,-0.00,-0.01,0.00,-0.00,-0.00,19.00
61099.00,0.36,0.02,0.38,0.00,0.00,-1.02,0.00,-0.19,-296.91,-0.00,-0.00,-0.01,-0.00,-0.00,0.00,9.00
61113.00,0.36,0.02,0.46,0.00,0.00,6.01,0.00,-0.19,502.49,-0.00,-0.00,-0.01,-0.00,0.00,-0.00,8.00
61121.00,0.36,0.02,0.51,0.00,0.00,5.94,0.00,-0.19,-8.43,-0.00,-0.00,-0.01,-0.00,0.00,-0.00,6.00
61127.00,0.36,0.02,0.37,0.00,0.00,-23.00,0.00,-0.19,-4823.76,-0.00,-0.00,-0.01,-0.00,0.00,-0.00,5.00
61132.00,0.36,0.02,0.41,0.00,0.00,7.10,0.00,-0.19,6019.36,-0.00,-0.00,-0.01,-0.00,-0.00,-0.00,7.00
61139.00,0.36,0.02,0.44,0.00,0.00,4.42,0.00,-0.19,-382.81,-0.00,-0.00,-0.01,0.00,-0.00,-0.00,9.00
61148.00,0.36,0.02,0.40,0.00,0.00,-4.26,0.00,-0.19,-963.94,-0.00,-0.00,-0.01,-0.00,-0.00,-0.00,6.00
61154.00,0.36,0.02,0.42,0.00,0.00,3.65,0.00,-0.19,1317.50,-0.00,-0.00,-0.01,-0.00,0.00,-0.00,7.00
61161.00,0.36,0.02,0.42,0.00,0.00,-0.68,0.00,-0.19,-618.31,-0.00,-0.00,-0.01,-0.00,0.00,-0.00,8.00
61169.00,0.36,0.02,0.38,0.00,0.00,-5.49,0.00,-0.19,-600.94,-0.00,-0.00,-0.01,0.00,-0.00,-0.00,6.00
61175.00,0.36,0.02,0.40,0.00,0.00,3.84,0.00,-0.19,1554.64,-0.00,-0.00,-0.01,0.00,-0.00,0.00,5.00
61185.00,0.36,0.02,0.43,0.00,0.00,2.75,0.00,-0.19,-108.89,-0.00,-0.00,-0.01,0.00,0.00,0.00,17.00
61202.00,0.36,0.02,0.39,0.00,0.00,-2.07,0.00,-0.19,-283.44,-0.00,-0.00,-0.01,-0.00,0.00,0.00,8.00
61210.00,0.36,0.02,0.43,0.00,0.00,5.41,0.00,-0.19,934.96,-0.00,-0.00,-0.01,-0.00,0.00,0.00,9.00
61219.00,0.36,0.02,0.41,0.00,0.00,-3.13,0.00,-0.19,-948.73,-0.00,-0.00,-0.01,-0.00,0.00,0.00,5.00
61224.00,0.36,0.02,0.38,0.00,0.00,-4.46,0.00,-0.19,-266.55,-0.00,-0.00,-0.01,0.00,0.00,-0.00,7.00
61231.00,0.36,0.02,0.47,0.00,0.00,12.78,0.00,-0.19,2462.80,-0.00,-0.00,-0.01,0.00,0.00,-0.00,8.00
61239.00,0.36,0.02,0.45,0.00,0.00,-3.20,0.00,-0.19,-1997.13,-0.00,-0.00,-0.01,0.00,0.00,0.00,8.00
61247.00,0.36,0.02,0.48,0.00,0.00,4.24,0.00,-0.19,929.77,-0.00,-0.00,-0.01,0.00,0.00,0.00,5.00
61252.00,0.36,0.02,0.43,0.00,0.00,-10.99,0.00,-0.19,-3045.90,-0.00,-0.00,-0.01,0.00,0.00,0.00,8.00
61260.00,0.36,0.02,0.45,0.00,0.00,3.36,0.00,-0.19,1793.78,-0.00,-0.00,-0.01,0.00,0.00,0.00,8.00
61273.00,0.36,0.02,0.38,0.00,0.00,-5.39,0.00,-0.19,-673.38,-0.00,-0.00,-0.01,-0.00,0.00,-0.00,7.00
61280.00,0.37,0.02,0.43,0.05,0.03,6.71,0.26,0.16,1728.84,-0.00,-0.00,-0.01,-0.00,0.00,0.00,9.00
61289.00,0.37,0.02,0.36,0.05,0.03,-8.32,0.26,0.16,-1670.16,-0.00,-0.00,-0.01,-0.00,-0.00,0.00,17.00
61306.00,0.37,0.02,0.41,0.05,0.03,3.07,0.26,0.16,670.29,-0.00,-0.00,-0.01,-0.00,-0.00,-0.00,6.00
61312.00,0.37,0.02,0.45,0.05,0.03,7.19,0.26,0.16,686.73,-0.00,-0.00,-0.01,-0.00,-0.00,-0.00,8.00
61320.00,0.37,0.02,0.47,0.05,0.03,2.42,0.26,0.16,-596.66,-0.00,-0.00,-0.01,-0.00,0.00,0.00,5.00
61325.00,0.37,0.02,0.36,0.05,0.03,-22.04,0.26,0.16,-4891.48,-0.00,-0.00,-0.01,-0.00,0.00,0.00,6.00
61331.00,0.37,0.02,0.39,0.05,0.03,4.52,0.26,0.16,4425.95,-0.00,-0.00,-0.01,-0.00,0.00,0.00,9.00
61340.00,0.37,0.02,0.42,0.05,0.03,3.11,0.26,0.16,-156.60,-0.00,-0.00,-0.01,-0.00,-0.00,0.00,8.00
61348.00,0.37,0.02,0.41,0.05,0.03,-0.71,0.26,0.16,-477.00,-0.00,-0.00,-0.01,-0.00,-0.00,0.00,6.00
61359.00,0.37,0.02,0.46,0.05,0.03,4.29,0.26,0.16,454.27,-0.00,-0.00,-0.01,0.00,-0.00,0.00,7.00
61366.00,0.37,0.02,0.43,0.05,0.03,-3.70,0.26,0.16,-1141.25,-0.00,-0.00,-0.01,0.00,-0.00,0.00,6.00
61372.00,0.37,0.02,0.34,0.05,0.03,-15.38,0.26,0.16,-1947.03,-0.00,-0.00,-0.01,0.00,-0.00,0.00,6.00
61378.00,0.37,0.02,0.43,0.05,0.03,14.92,0.26,0.16,5050.66,-0.00,-0.00,-0.01,0.00,-0.00,-0.00,5.00
61383.00,0.37,0.02,0.41,0.05,0.03,-2.91,0.26,0.16,-3565.87,-0.00,-0.00,-0.01,0.00,-0.00,-0.00,18.00
61401.00,0.37,0.02,0.38,0.05,0.03,-1.81,0.26,0.16,61.10,-0.00,-0.00,-0.01,0.00,0.00,0.00,9.00
61410.00,0.37,0.02,0.45,0.05,0.03,8.18,0.26,0.16,1109.22,-0.00,-0.00,-0.01,0.00,0.01,0.00,7.00
61417.00,0.37,0.02,0.46,0.05,0.03,0.27,0.26,0.16,-1129.42,-0.00,-0.00,-0.01,-0.00,-0.00,0.00,5.00
61422.00,0.37,0.02,0.46,0.05,0.03,0.24,0.26,0.16,-5.49,-0.00,-0.00,-0.01,-0.00,-0.00,0.00,7.00
61429.00,0.37,0.02,0.44,0.05,0.03,-2.71,0.26,0.16,-421.34,-0.00,-0.00,-0.01,0.00,-0.00,0.00,6.00
61445.00,0.37,0.02,0.44,0.05,0.03,0.40,0.26,0.16,194.22,-0.00,-0.00,-0.01,0.00,0.00,0.00,4.00
61449.00,0.37,0.02,0.39,0.05,0.03,-13.30,0.26,0.16,-3425.42,-0.00,-0.00,-0.01,0.00,0.00,0.00,7.00
61456.00,0.37,0.02,0.48,0.05,0.03,12.56,0.26,0.16,3694.45,-0.00,-0.00,-0.01,-0.00,0.00,0.00,6.00
61462.00,0.37,0.02,0.36,0.05,0.03,-19.32,0.26,0.16,-5313.78,-0.00,-0.00,-0.01,-0.00,0.00,0.00,8.00
61470.00,0.37,0.02,0.47,0.05,0.03,13.14,0.26,0.16,4058.04,-0.00,-0.00,-0.01,0.00,0.00,-0.00,6.00
61476.00,0.37,0.02,0.45,0.05,0.03,-3.88,0.26,0.16,-2837.58,-0.00,-0.00,-0.01,-0.00,0.00,-0.00,6.00
61482.00,0.38,0.03,0.45,0.06,0.03,0.38,0.00,0.00,711.25,-0.00,-0.00,-0.01,-0.00,0.00,0.00,18.00
61500.00,0.38,0.03,0.46,0.06,0.03,0.67,0.00,0.00,16.14,-0.00,-0.00,-0.01,-0.00,-0.00,0.00,8.00
61508.00,0.38,0.03,0.39,0.06,0.03,-8.79,0.00,0.00,-1182.51,-0.00,-0.00,-0.01,-0.00,-0.00,-0.00,5.00
61513.00,0.38,0.03,0.38,0.06,0.03,-1.40,0.00,0.00,1476.73,-0.00,-0.00,-0.01,-0.00,-0.00,-0.00,9.00
61526.00,0.38,0.03,0.48,0.06,0.03,7.77,0.00,0.00,705.57,-0.00,-0.00,-0.01,0.00,-0.00,0.00,7.00
61533.00,0.38,0.03,0.40,0.06,0.03,-11.27,0.00,0.00,-2720.17,-0.00,-0.00,-0.01,0.00,-0.00,0.00,8.00
61541.00,0.38,0.03,0.52,0.06,0.03,14.48,0.00,0.00,3219.23,-0.00,-0.00,-0.01,0.00,0.00,-0.00,7.00
61548.00,0.38,0.03,0.42,0.06,0.03,-14.04,0.00,0.00,-4074.08,-0.00,-0.00,-0.01,0.00,0.00,0.00,6.00
61554.00,0.38,0.03,0.45,0.06,0.03,3.82,0.00,0.00,2975.57,-0.00,-0.00,-0.01,0.00,0.00,0.00,7.00
61561.00,0.38,0.03,0.42,0.06,0.03,-2.98,0.00,0.00,-971.31,-0.00,-0.00,-0.01,-0.00,0.00,0.00,9.00
61570.00,0.38,0.03,0.43,0.06,0.03,0.60,0.00,0.00,398.16,-0.00,-0.00,-0.01,-0.00,0.00,0.00,6.00
61576.00,0.38,0.03,0.43,0.06,0.03,-0.41,0.00,0.00,-167.98,-0.00,-0.00,-0.01,-0.00,0.00,0.00,6.00
61582.00,0.38,0.03,0.45,0.06,0.03,4.54,0.00,0.00,824.15,-0.00,-0.00,-0.01,-0.00,0.00,0.00,8.00
61590.00,0.38,0.03,0.37,0.06,0.03,-10.28,0.00,0.00,-1851.83,-0.00,-0.00,-0.01,0.00,-0.00,0.00,8.00
61602.00,0.38,0.03,0.30,0.06,0.03,-5.87,0.00,0.00,367.40,-0.00,-0.00,-0.01,0.00,-0.01,0.00,19.00
61621.00,0.38,0.03,0.42,0.06,0.03,6.05,0.00,0.00,627.08,-0.00,-0.00,-0.01,0.00,0.00,0.00,6.00
61627.00,0.38,0.03,0.47,0.06,0.03,9.24,0.00,0.00,532.70,-0.00,-0.00,-0.01,0.00,0.00,0.00,6.00
61633.00,0.38,0.03,0.41,0.06,0.03,-9.68,0.00,0.00,-3154.58,-0.00,-0.00,-0.01,0.00,0.00,0.00,8.00
61642.00,0.38,0.03,0.41,0.06,0.03,-0.91,0.00,0.00,974.39,-0.00,-0.00,-0.01,-0.00,0.00,0.00,8.00
61650.00,0.38,0.03,0.42,0.06,0.03,2.33,0.00,0.00,405.13,-0.00,-0.00,-0.01,-0.00,0.01,0.00,7.00
61657.00,0.38,0.03,0.44,0.06,0.03,2.62,0.00,0.00,41.87,-0.00,-0.00,-0.01,-0.00,0.00,-0.00,6.00
61663.00,0.38,0.03,0.44,0.06,0.03,-0.14,0.00,0.00,-459.53,-0.00,-0.00,-0.01,-0.00,0.00,-0.00,8.00
61671.00,0.38,0.03,0.43,0.06,0.03,-1.20,0.00,0.00,-132.64,-0.00,-0.00,-0.01,0.00,0.00,-0.00,6.00
61677.00,0.38,0.03,0.44,0.06,0.03,0.51,0.00,0.00,284.56,-0.00,-0.00,-0.01,0.00,0.00,-0.00,6.00
61688.00,0.38,0.03,0.39,0.00,0.00,-4.36,-0.27,-0.16,-442.63,-0.00,-0.00,-0.01,0.00,-0.00,0.00,16.00
61704.00,0.38,0.03,0.42,0.00,0.00,2.25,-0.27,-0.16,412.88,-0.00,-0.00,-0.01,0.00,-0.00,0.00,8.00
61712.00,0.38,0.03,0.43,0.00,0.00,0.62,-0.27,-0.16,-203.57,-0.00,-0.00,-0.01,0.00,-0.00,0.00,8.00
61720.00,0.38,0.03,0.48,0.00,0.00,6.24,-0.27,-0.16,703.28,-0.00,-0.00,-0.01,-0.00,0.00,0.00,6.00
61726.00,0.38,0.03,0.44,0.00,0.00,-7.26,-0.27,-0.16,-2250.22,-0.00,-0.00,-0.01,-0.00,0.00,0.00,6.00
61732.00,0.38,0.03,0.40,0.00,0.00,-6.07,-0.27,-0.16,198.66,-0.00,-0.00,-0.01,0.00,0.00,0.00,9.00
61741.00,0.38,0.03,0.39,0.00,0.00,-1.49,-0.27,-0.16,508.66,-0.00,-0.00,-0.01,0.00,0.00,-0.00,6.00
61747.00,0.38,0.03,0.45,0.00,0.00,11.40,-0.27,-0.16,2148.00,-0.00,-0.00,-0.01,0.00,0.00,-0.00,6.00
61753.00,0.38,0.03,0.47,0.00,0.00,3.20,-0.27,-0.16,-1367.40,-0.00,-0.00,-0.01,0.00,0.01,-0.00,8.00
61761.00,0.38,0.03,0.41,0.00,0.00,-8.24,-0.27,-0.16,-1429.10,-0.00,-0.00,-0.01,-0.00,0.00,-0.00,7.00
61773.00,0.38,0.03,0.55,0.00,0.00,12.21,-0.27,-0.16,1704.27,-0.00,-0.00,-0.01,-0.00,0.00,0.00,7.00
61780.00,0.38,0.03,0.60,0.00,0.00,6.70,-0.27,-0.16,-787.46,-0.00,-0.00,-0.01,0.00,-0.01,-0.00,5.00
61785.00,0.38,0.03,0.41,0.00,0.00,-37.30,-0.27,-0.16,-8800.67,-0.00,-0.00,-0.01,0.00,-0.00,0.00,18.00
61803.00,0.38,0.03,0.46,0.00,0.00,2.33,-0.27,-0.16,2201.73,-0.00,-0.00,-0.01,0.00,-0.00,0.00,8.00
61811.00,0.38,0.03,0.46,0.00,0.00,0.20,-0.27,-0.16,-266.13,-0.00,-0.00,-0.01,0.00,-0.00,0.00,8.00
61819.00,0.38,0.03,0.44,0.00,0.00,-2.51,-0.27,-0.16,-338.36,-0.00,-0.00,-0.01,0.00,0.00,0.00,6.00
61825.00,0.38,0.03,0.51,0.00,0.00,12.87,-0.27,-0.16,2562.40,-0.00,-0.00,-0.01,0.00,0.00,0.00,6.00
61831.00,0.38,0.03,0.46,0.00,0.00,-9.48,-0.27,-0.16,-3725.27,-0.00,-0.00,-0.01,-0.00,0.00,-0.00,8.00
61839.00,0.38,0.03,0.47,0.00,0.00,1.87,-0.27,-0.16,1419.19,-0.00,-0.00,-0.01,-0.00,0.00,-0.00,5.00
61844.00,0.38,0.03,0.44,0.00,0.00,-7.49,-0.27,-0.16,-1872.10,-0.00,-0.00,-0.01,-0.00,0.00,-0.00,8.00
61857.00,0.38,0.03,0.39,0.00,0.00,-3.33,-0.27,-0.16,320.27,-0.00,-0.00,-0.01,0.00,0.00,-0.00,7.00
61864.00,0.38,0.03,0.44,0.00,0.00,6.92,-0.27,-0.16,1463.57,-0.00,-0.00,-0.01,0.00,0.00,-0.00,8.00
61872.00,0.38,0.03,0.39,0.00,0.00,-6.61,-0.27,-0.16,-1691.68,-0.00,-0.00,-0.01,0.00,0.00,0.00,6.00
61878.00,0.38,0.03,0.50,0.00,0.00,18.50,-0.27,-0.16,4185.06,-0.00,-0.00,-0.01,0.00,0.00,0.00,5.00
61883.00,0.38,0.03,0.48,0.00,0.00,-4.38,-0.27,-0.16,-4575.55,-0.00,-0.00,-0.01,0.00,0.00,0.00,18.00
61901.00,0.38,0.04,0.50,0.00,0.04,1.41,0.00,0.17,321.89,-0.00,-0.00,-0.01,0.00,-0.00,0.00,8.00
61909.00,0.38,0.04,0.48,0.00,0.04,-2.95,0.00,0.17,-544.62,-0.00,-0.00,-0.01,-0.00,0.00,0.00,5.00
61914.00,0.38,0.04,0.37,0.00,0.04,-21.01,0.00,0.17,-3612.74,-0.00,-0.00,-0.01,-0.00,0.00,0.00,8.00
61922.00,0.38,0.04,0.44,0.00,0.04,8.89,0.00,0.17,3737.09,-0.00,-0.00,-0.01,0.00,0.00,-0.00,6.00
61928.00,0.38,0.04,0.48,0.00,0.04,6.26,0.00,0.17,-437.40,-0.00,-0.00,-0.01,-0.00,-0.00,-0.00,6.00
61938.00,0.38,0.04,0.44,0.00,0.04,-4.59,0.00,0.17,-1085.48,-0.00,-0.00,-0.01,-0.00,0.00,0.00,6.00
61944.00,0.38,0.04,0.42,0.00,0.04,-3.21,0.00,0.17,230.53,-0.00,-0.00,-0.01,0.00,0.00,0.00,9.00
61953.00,0.38,0.04,0.45,0.00,0.04,3.14,0.00,0.17,705.81,-0.00,-0.00,-0.01,0.00,-0.00,-0.00,8.00
61961.00,0.38,0.04,0.34,0.00,0.04,-12.89,0.00,0.17,-2004.58,-0.00,-0.00,-0.01,-0.00,0.00,0.00,7.00
61968.00,0.38,0.04,0.45,0.00,0.04,14.82,0.00,0.17,3959.63,-0.00,-0.00,-0.01,0.00,0.00,0.00,6.00
61974.00,0.38,0.04,0.48,0.00,0.04,5.16,0.00,0.17,-1610.05,-0.00,-0.00,-0.01,0.00,0.00,0.00,5.00
61979.00,0.38,0.04,0.44,0.00,0.04,-6.66,0.00,0.17,-2364.12,-0.00,-0.00,-0.01,0.00,-0.00,0.00,6.00
61985.00,0.38,0.04,0.42,0.00,0.04,-4.48,0.00,0.17,362.81,-0.00,-0.00,-0.01,0.00,-0.00,0.00,18.00
62003.00,0.38,0.04,0.43,0.00,0.04,0.52,0.00,0.17,277.73,-0.00,-0.00,-0.01,0.00,0.00,0.00,8.00
62011.00,0.38,0.04,0.49,0.00,0.04,8.57,0.00,0.17,1006.44,-0.00,-0.00,-0.01,0.00,0.01,0.00,7.00
62023.00,0.38,0.04,0.53,0.00,0.04,3.25,0.00,0.17,-443.39,-0.00,-0.00,-0.01,0.00,0.01,0.00,6.00
62029.00,0.38,0.04,0.45,0.00,0.04,-14.30,0.00,0.17,-2924.99,-0.00,-0.00,-0.01,0.00,0.01,0.00,5.00
62034.00,0.38,0.04,0.31,0.00,0.04,-27.18,0.00,0.17,-2575.42,-0.00,-0.00,-0.01,-0.00,0.00,0.00,8.00
62042.00,0.38,0.04,0.41,0.00,0.04,12.10,0.00,0.17,4909.22,-0.00,-0.00,-0.01,-0.00,0.00,0.00,8.00
62050.00,0.38,0.04,0.40,0.00,0.04,-0.50,0.00,0.17,-1574.59,-0.00,-0.00,-0.01,0.00,0.00,0.00,6.00
62056.00,0.38,0.04,0.47,0.00,0.04,10.53,0.00,0.17,1837.86,-0.00,-0.00,-0.01,0.00,-0.00,0.00,7.00
62063.00,0.38,0.04,0.45,0.00,0.04,-2.54,0.00,0.17,-1866.50,-0.00,-0.00,-0.01,0.00,-0.01,0.00,9.00
62072.00,0.38,0.04,0.48,0.00,0.04,3.58,0.00,0.17,679.21,-0.00,-0.00,-0.01,0.00,-0.00,0.00,5.00
62077.00,0.38,0.04,0.47,0.00,0.04,-1.54,0.00,0.17,-1023.56,-0.00,-0.00,-0.01,0.00,-0.00,0.00,17.00
62094.00,0.38,0.04,0.45,0.00,0.04,-1.55,0.00,0.17,-0.24,-0.00,-0.00,-0.01,-0.00,-0.00,-0.00,8.00
62111.00,0.38,0.05,0.45,0.00,0.04,-0.18,0.00,0.00,80.30,-0.00,-0.00,-0.01,0.00,-0.00,0.00,8.00
62119.00,0.38,0.05,0.40,0.00,0.04,-5.85,0.00,0.00,-709.00,-0.00,-0.00,-0.01,0.00,0.00,0.00,5.00
62124.00,0.38,0.05,0.45,0.00,0.04,11.01,0.00,0.00,3373.54,-0.00,-0.00,-0.01,0.00,0.00,0.00,6.00
62130.00,0.38,0.05,0.42,0.00,0.04,-6.38,0.00,0.00,-2899.59,-0.00,-0.00,-0.01,0.00,0.00,0.00,6.00
62136.00,0.38,0.05,0.45,0.00,0.04,6.11,0.00,0.00,2082.37,-0.00,-0.00,-0.01,0.00,0.00,0.00,7.00
62143.00,0.38,0.05,0.44,0.00,0.04,-1.09,0.00,0.00,-1028.98,-0.00,-0.00,-0.01,-0.00,0.00,0.00,9.00
62152.00,0.38,0.05,0.34,0.00,0.04,-11.96,0.00,0.00,-1207.58,-0.00,-0.00,-0.01,0.00,-0.00,0.00,7.00
62159.00,0.38,0.05,0.41,0.00,0.04,11.04,0.00,0.00,3284.99,-0.00,-0.00,-0.01,-0.00,0.00,0.00,5.00
62164.00,0.38,0.05,0.46,0.00,0.04,9.32,0.00,0.00,-343.88,-0.00,-0.00,-0.01,-0.00,0.00,0.00,9.00
62173.00,0.38,0.05,0.44,0.00,0.04,-2.12,0.00,0.00,-1270.15,-0.00,-0.00,-0.01,0.00,-0.00,0.00,5.00
62182.00,0.38,0.05,0.51,0.00,0.04,7.85,0.00,0.00,1107.60,-0.00,-0.00,-0.01,0.00,-0.00,-0.00,19.00
62201.00,0.38,0.05,0.46,0.00,0.04,-2.72,0.00,0.00,-556.42,-0.00,-0.00,-0.01,0.00,0.00,-0.00,7.00
62208.00,0.38,0.05,0.43,0.00,0.04,-3.78,0.00,0.00,-151.43,-0.00,-0.00,-0.01,0.00,0.00,0.00,6.00
62214.00,0.38,0.05,0.45,0.00,0.04,2.49,0.00,0.00,1044.24,-0.00,-0.00,-0.01,0.00,-0.00,0.00,9.00
62223.00,0.38,0.05,0.50,0.00,0.04,5.66,0.00,0.00,352.46,-0.00,-0.00,-0.01,-0.00,0.00,0.00,5.00
62228.00,0.38,0.05,0.48,0.00,0.04,-4.43,0.00,0.00,-2017.90,-0.00,-0.00,-0.01,-0.00,0.00,0.00,6.00
62234.00,0.38,0.05,0.48,0.00,0.04,0.96,0.00,0.00,899.28,-0.00,-0.00,-0.01,0.00,0.00,0.00,8.00
62242.00,0.38,0.05,0.50,0.00,0.04,2.37,0.00,0.00,175.36,-0.00,-0.00,-0.01,0.00,0.00,-0.00,8.00
62250.00,0.38,0.05,0.45,0.00,0.04,-6.42,0.00,0.00,-1099.00,-0.00,-0.00,-0.01,0.00,-0.00,-0.00,5.00
62255.00,0.38,0.05,0.38,0.00,0.04,-13.82,0.00,0.00,-1478.12,-0.00,-0.00,-0.01,-0.00,-0.00,-0.00,8.00
62268.00,0.38,0.05,0.44,0.00,0.04,4.41,0.00,0.00,1402.07,-0.00,-0.00,-0.01,-0.00,0.00,-0.00,7.00
62275.00,0.38,0.05,0.46,0.00,0.04,3.66,0.00,0.00,-107.05,-0.00,-0.00,-0.01,0.00,0.00,0.00,6.00
62281.00,0.38,0.05,0.36,0.00,0.04,-17.43,0.00,0.00,-3515.70,-0.00,-0.00,-0.01,0.00,-0.00,0.00,16.00
62297.00,0.38,0.05,0.46,0.00,0.04,6.50,0.00,0.00,1495.63,-0.00,-0.00,-0.01,0.00,0.00,0.00,7.00
62304.00,0.38,0.05,0.44,0.00,0.04,-3.33,0.00,0.00,-1403.46,-0.00,-0.00,-0.01,0.00,0.00,0.00,8.00
62312.00,0.38,0.05,0.38,0.00,0.00,-7.25,0.00,-0.18,-490.67,-0.00,-0.00,-0.01,0.00,0.01,0.00,7.00
62319.00,0.38,0.05,0.42,0.00,0.00,4.68,0.00,-0.18,1704.92,-0.00,-0.00,-0.01,0.00,0.00,-0.00,6.00
62325.00,0.38,0.05,0.39,0.00,0.00,-3.91,0.00,-0.18,-1431.89,-0.00,-0.00,-0.01,0.00,0.00,-0.00,6.00
62331.00,0.38,0.05,0.54,0.00,0.00,24.87,0.00,-0.18,4796.79,-0.00,-0.00,-0.01,0.00,0.00,-0.00,5.00
62336.00,0.38,0.05,0.50,0.00,0.00,-8.66,0.00,-0.18,-6705.86,-0.00,-0.00,-0.01,0.00,0.00,-0.00,8.00
62348.00,0.38,0.05,0.36,0.00,0.00,-11.16,0.00,-0.18,-208.36,-0.00,-0.00,-0.01,-0.00,-0.00,-0.00,7.00
62355.00,0.38,0.05,0.45,0.00,0.00,12.66,0.00,-0.18,3401.98,-0.00,-0.00,-0.01,-0.00,-0.00,-0.00,8.00
62363.00,0.38,0.05,0.44,0.00,0.00,-2.16,0.00,-0.18,-1852.25,-0.00,-0.00,-0.01,-0.00,-0.00,0.00,7.00
62370.00,0.38,0.05,0.47,0.00,0.00,4.84,0.00,-0.18,1000.64,-0.00,-0.00,-0.01,-0.00,0.00,0.00,6.00
62376.00,0.38,0.05,0.46,0.00,0.00,-2.10,0.00,-0.18,-1157.30,-0.00,-0.00,-0.01,-0.00,0.00,0.00,6.00
62382.00,0.38,0.05,0.47,0.00,0.00,2.29,0.00,-0.18,731.17,-0.00,-0.00,-0.01,0.00,0.00,0.00,6.00
62388.00,0.38,0.05,0.40,0.00,0.00,-11.19,0.00,-0.18,-2245.40,-0.00,-0.00,-0.01,-0.00,0.00,0.00,17.00
62405.00,0.38,0.05,0.39,0.00,0.00,-0.94,0.00,-0.18,602.77,-0.00,-0.00,-0.01,-0.00,0.00,-0.00,8.00
62413.00,0.38,0.05,0.37,0.00,0.00,-2.17,0.00,-0.18,-154.00,-0.00,-0.00,-0.01,-0.00,-0.00,0.00,8.00
62421.00,0.38,0.05,0.50,0.00,0.00,16.19,0.00,-0.18,2295.68,-0.00,-0.00,-0.01,-0.00,-0.00,-0.00,6.00
62431.00,0.38,0.05,0.49,0.00,0.00,-0.63,0.00,-0.18,-1682.65,-0.00,-0.00,-0.01,-0.00,-0.00,0.00,6.00
62437.00,0.38,0.05,0.45,0.00,0.00,-6.99,0.00,-0.18,-1059.68,-0.00,-0.00,-0.01,-0.00,-0.00,0.00,7.00
62444.00,0.38,0.05,0.53,0.00,0.00,10.81,0.00,-0.18,2542.46,-0.00,-0.00,-0.01,-0.00,-0.00,-0.00,9.00
62453.00,0.38,0.05,0.40,0.00,0.00,-14.54,0.00,-0.18,-2816.43,-0.00,-0.00,-0.01,-0.00,0.00,0.00,7.00
62460.00,0.38,0.05,0.51,0.00,0.00,15.78,0.00,-0.18,4331.66,-0.00,-0.00,-0.01,-0.00,-0.00,0.00,5.00
62465.00,0.38,0.05,0.52,0.00,0.00,3.04,0.00,-0.18,-2548.26,-0.00,-0.00,-0.01,-0.00,-0.00,0.00,9.00
62474.00,0.38,0.05,0.46,0.00,0.00,-6.68,0.00,-0.18,-1080.33,-0.00,-0.00,-0.01,-0.00,0.00,0.00,5.00
62479.00,0.38,0.05,0.38,0.00,0.00,-16.23,0.00,-0.18,-1908.98,-0.00,-0.00,-0.01,-0.00,0.00,-0.00,6.00
62485.00,0.38,0.05,0.48,0.00,0.00,15.89,0.00,-0.18,5353.11,-0.00,-0.00,-0.01,-0.00,0.00,-0.00,8.00
62493.00,0.38,0.05,0.50,0.00,0.00,2.76,0.00,-0.18,-1641.51,-0.00,-0.00,-0.01,0.00,-0.00,-0.00,18.00
62515.00,0.38,0.05,0.40,0.00,0.04,-4.54,0.00,0.19,-331.51,-0.00,-0.00,-0.01,0.00,0.00,0.00,10.00
62525.00,0.38,0.05,0.43,0.00,0.04,2.70,0.00,0.19,723.31,-0.00,-0.00,-0.01,0.00,0.00,0.00,5.00
62530.00,0.38,0.05,0.51,0.00,0.04,17.63,0.00,0.19,2986.22,-0.00,-0.00,-0.01,-0.00,-0.00,0.00,6.00
62536.00,0.38,0.05,0.37,0.00,0.04,-23.79,0.00,0.19,-6902.70,-0.00,-0.00,-0.01,-0.00,-0.00,0.00,7.00
62543.00,0.38,0.05,0.57,0.00,0.04,27.78,0.00,0.19,7366.91,-0.00,-0.00,-0.01,0.00,-0.00,0.00,8.00
62551.00,0.38,0.05,0.47,0.00,0.04,-12.02,0.00,0.19,-4975.08,-0.00,-0.00,-0.01,0.00,-0.00,0.00,5.00
62556.00,0.38,0.05,0.59,0.00,0.04,24.95,0.00,0.19,7393.98,-0.00,-0.00,-0.01,0.00,-0.00,0.00,8.00
62564.00,0.38,0.05,0.48,0.00,0.04,-14.23,0.00,0.19,-4897.47,-0.00,-0.00,-0.01,0.00,-0.00,0.00,9.00
62573.00,0.38,0.05,0.49,0.00,0.04,1.23,0.00,0.19,1718.07,-0.00,-0.00,-0.01,-0.00,-0.00,-0.00,5.00
62578.00,0.38,0.05,0.46,0.00,0.04,-6.26,0.00,0.19,-1499.59,-0.00,-0.00,-0.01,-0.00,-0.00,-0.00,7.00
62589.00,0.38,0.05,0.45,0.00,0.04,-1.25,0.00,0.19,456.08,-0.00,-0.00,-0.01,-0.00,-0.00,-0.00,17.00
62606.00,0.38,0.05,0.41,0.00,0.04,-2.13,0.00,0.19,-51.87,-0.00,-0.00,-0.01,-0.00,-0.00,-0.00,8.00
62614.00,0.38,0.05,0.43,0.00,0.04,2.37,0.00,0.19,562.51,-0.00,-0.00,-0.01,-0.00,0.00,-0.00,8.00
62622.00,0.38,0.05,0.51,0.00,0.04,10.21,0.00,0.19,979.86,-0.00,-0.00,-0.01,-0.00,-0.00,0.00,6.00
62628.00,0.38,0.05,0.44,0.00,0.04,-12.43,0.00,0.19,-3773.22,-0.00,-0.00,-0.01,-0.00,-0.00,0.00,7.00
62635.00,0.38,0.05,0.47,0.00,0.04,5.04,0.00,0.19,2495.23,-0.00,-0.00,-0.01,-0.00,-0.00,0.00,9.00
62644.00,0.38,0.05,0.48,0.00,0.04,0.45,0.00,0.19,-509.45,-0.00,-0.00,-0.01,-0.00,-0.00,0.00,7.00
62651.00,0.38,0.05,0.38,0.00,0.04,-13.62,0.00,0.19,-2010.23,-0.00,-0.00,-0.01,-0.00,-0.00,0.00,5.00
62656.00,0.38,0.05,0.51,0.00,0.04,25.71,0.00,0.19,7865.26,-0.00,-0.00,-0.01,-0.00,-0.00,0.00,8.00
62664.00,0.38,0.05,0.45,0.00,0.04,-7.69,0.00,0.19,-4174.53,-0.00,-0.00,-0.01,-0.00,0.00,0.00,8.00
62676.00,0.38,0.05,0.49,0.00,0.04,3.24,0.00,0.19,910.68,-0.00,-0.00,-0.01,-0.00,0.00,0.00,8.00
62684.00,0.38,0.05,0.49,0.00,0.04,0.72,0.00,0.19,-314.15,-0.00,-0.00,-0.01,-0.00,0.01,0.00,7.00
62691.00,0.38,0.05,0.49,0.00,0.04,0.05,0.00,0.19,-96.42,-0.00,-0.00,-0.01,-0.00,0.00,-0.00,16.00
62707.00,0.38,0.05,0.49,0.00,0.04,0.18,0.00,0.19,8.29,-0.00,-0.00,-0.01,0.00,-0.00,0.00,8.00
62715.00,0.38,0.06,0.49,0.00,0.04,-0.93,0.00,0.00,-139.18,-0.00,-0.00,-0.01,-0.00,-0.00,-0.00,9.00
62724.00,0.38,0.06,0.49,0.00,0.04,0.38,0.00,0.00,145.59,-0.00,-0.00,-0.01,0.00,-0.00,0.00,5.00
62729.00,0.38,0.06,0.52,0.00,0.04,6.46,0.00,0.00,1215.74,-0.00,-0.00,-0.01,0.00,-0.00,0.00,6.00
62735.00,0.38,0.06,0.48,0.00,0.04,-7.76,0.00,0.00,-2369.09,-0.00,-0.00,-0.01,0.00,-0.00,0.00,9.00
62744.00,0.38,0.06,0.44,0.00,0.04,-3.95,0.00,0.00,423.16,-0.00,-0.00,-0.01,0.00,-0.00,-0.00,8.00
62752.00,0.38,0.06,0.52,0.00,0.04,9.98,0.00,0.00,1741.01,-0.00,-0.00,-0.01,0.00,-0.00,0.00,6.00
62767.00,0.38,0.06,0.49,0.00,0.04,-2.11,0.00,0.00,-806.10,-0.00,-0.00,-0.01,-0.00,0.00,0.00,9.00
62776.00,0.38,0.06,0.50,0.00,0.04,1.05,0.00,0.00,351.17,-0.00,-0.00,-0.01,-0.00,0.00,0.00,5.00
62781.00,0.38,0.06,0.44,0.00,0.04,-12.00,0.00,0.00,-2609.44,-0.00,-0.00,-0.01,0.00,0.00,0.00,6.00
62787.00,0.38,0.06,0.47,0.00,0.04,4.54,0.00,0.00,2756.84,-0.00,-0.00,-0.01,-0.00,0.00,0.00,8.00
62795.00,0.38,0.06,0.39,0.00,0.04,-9.16,0.00,0.00,-1713.49,-0.00,-0.00,-0.01,-0.00,0.00,0.00,18.00
62813.00,0.38,0.06,0.45,0.00,0.04,3.44,0.00,0.00,700.46,-0.00,-0.00,-0.01,-0.00,-0.01,-0.00,5.00
62818.00,0.38,0.06,0.52,0.00,0.04,12.33,0.00,0.00,1777.72,-0.00,-0.00,-0.01,-0.00,-0.00,-0.00,7.00
62825.00,0.38,0.06,0.50,0.00,0.04,-1.82,0.00,0.00,-2022.05,-0.00,-0.00,-0.01,-0.00,-0.00,-0.00,6.00
62831.00,0.38,0.06,0.54,0.00,0.04,6.40,0.00,0.00,1370.40,-0.00,-0.00,-0.01,-0.00,-0.00,0.00,5.00
62836.00,0.38,0.06,0.53,0.00,0.04,-3.02,0.00,0.00,-1883.89,-0.00,-0.00,-0.01,-0.00,-0.00,0.00,9.00
62850.00,0.38,0.06,0.49,0.00,0.04,-2.49,0.00,0.00,37.90,-0.00,-0.00,-0.01,0.00,0.00,0.00,7.00
62857.00,0.38,0.06,0.44,0.00,0.04,-7.14,0.00,0.00,-664.42,-0.00,-0.00,-0.01,0.00,0.00,0.00,8.00
62865.00,0.38,0.06,0.51,0.00,0.04,8.24,0.00,0.00,1922.66,-0.00,-0.00,-0.01,0.00,0.00,0.00,7.00
62872.00,0.38,0.06,0.42,0.00,0.04,-13.02,0.00,0.00,-3037.49,-0.00,-0.00,-0.01,0.00,0.00,0.00,6.00
62878.00,0.38,0.06,0.42,0.00,0.04,1.26,0.00,0.00,2380.57,-0.00,-0.00,-0.01,0.00,0.00,0.00,17.00
62895.00,0.38,0.06,0.50,0.00,0.04,4.32,0.00,0.00,179.56,-0.00,-0.00,-0.01,0.00,0.00,-0.00,7.00
62902.00,0.38,0.06,0.53,0.00,0.04,4.86,0.00,0.00,77.38,-0.00,-0.00,-0.01,-0.00,0.00,0.00,6.00
62908.00,0.38,0.06,0.50,0.00,0.04,-5.80,0.00,0.00,-1776.44,-0.00,-0.00,-0.01,-0.00,0.00,0.00,7.00
62915.00,0.38,0.06,0.51,0.00,0.00,1.39,0.00,-0.19,1027.24,-0.00,-0.00,-0.01,-0.00,0.00,0.00,9.00
62924.00,0.38,0.06,0.45,0.00,0.00,-6.69,0.00,-0.19,-897.20,-0.00,-0.00,-0.01,-0.00,0.00,0.00,5.00
62934.00,0.38,0.06,0.48,0.00,0.00,3.61,0.00,-0.19,1029.77,-0.00,-0.00,-0.01,0.00,-0.00,0.00,8.00
62942.00,0.38,0.06,0.53,0.00,0.00,5.83,0.00,-0.19,276.69,-0.00,-0.00,-0.01,0.00,-0.00,0.00,5.00
62947.00,0.38,0.06,0.54,0.00,0.00,1.73,0.00,-0.19,-819.40,-0.00,-0.00,-0.01,-0.00,-0.00,0.00,8.00
62955.00,0.38,0.06,0.42,0.00,0.00,-14.84,0.00,-0.19,-2071.60,-0.00,-0.00,-0.01,-0.00,0.00,0.00,8.00
62963.00,0.38,0.06,0.52,0.00,0.00,12.69,0.00,-0.19,3442.15,-0.00,-0.00,-0.01,0.00,0.00,-0.00,6.00
62969.00,0.38,0.06,0.51,0.00,0.00,-1.96,0.00,-0.19,-2442.88,-0.00,-0.00,-0.01,0.00,0.00,-0.00,7.00
62976.00,0.38,0.06,0.53,0.00,0.00,2.64,0.00,-0.19,657.76,-0.00,-0.00,-0.01,0.00,0.00,-0.00,6.00
62982.00,0.38,0.06,0.49,0.00,0.00,-6.49,0.00,-0.19,-1522.18,-0.00,-0.00,-0.01,0.00,0.00,0.00,5.00
62987.00,0.38,0.06,0.40,0.00,0.00,-16.87,0.00,-0.19,-2075.08,-0.00,-0.00,-0.01,0.00,0.00,0.00,18.00
63005.00,0.38,0.06,0.49,0.00,0.00,4.90,0.00,-0.19,1209.09,-0.00,-0.00,-0.01,-0.00,-0.00,0.00,7.00
63017.00,0.38,0.06,0.51,0.00,0.00,1.61,0.00,-0.19,-273.98,-0.00,-0.00,-0.01,-0.00,-0.00,0.00,9.00
63026.00,0.38,0.06,0.48,0.00,0.00,-3.29,0.00,-0.19,-544.34,-0.00,-0.00,-0.01,0.00,0.00,0.00,5.00
63031.00,0.38,0.06,0.55,0.00,0.00,13.18,0.00,-0.19,3293.89,-0.00,-0.00,-0.01,-0.00,0.00,0.00,6.00
63037.00,0.38,0.06,0.50,0.00,0.00,-7.21,0.00,-0.19,-3397.57,-0.00,-0.00,-0.01,-0.00,0.00,0.00,8.00
63045.00,0.38,0.06,0.41,0.00,0.00,-12.33,0.00,-0.19,-640.50,-0.00,-0.00,-0.01,-0.00,-0.00,0.01,8.00
63053.00,0.38,0.06,0.50,0.00,0.00,11.31,0.00,-0.19,2955.60,-0.00,-0.00,-0.01,0.00,0.00,0.00,5.00
63058.00,0.38,0.06,0.48,0.00,0.00,-3.55,0.00,-0.19,-2972.13,-0.00,-0.00,-0.01,0.00,0.00,0.00,8.00
63066.00,0.38,0.06,0.50,0.00,0.00,2.28,0.00,-0.19,727.83,-0.00,-0.00,-0.01,0.00,0.00,-0.00,8.00
63074.00,0.38,0.06,0.49,0.00,0.00,-0.58,0.00,-0.19,-356.51,-0.00,-0.00,-0.01,0.00,-0.00,0.00,6.00
63080.00,0.38,0.06,0.64,0.00,0.00,25.46,0.00,-0.19,4339.78,-0.00,-0.00,-0.01,-0.00,-0.00,-0.00,6.00
63091.00,0.38,0.06,0.50,0.00,0.00,-13.17,0.00,-0.19,-3511.68,-0.00,-0.00,-0.01,-0.00,0.00,-0.00,17.00
63108.00,0.38,0.06,0.44,0.00,0.00,-3.68,0.00,-0.19,557.80,-0.00,-0.00,-0.01,-0.00,0.00,0.00,8.00
63116.00,0.39,0.07,0.44,0.06,0.07,0.69,0.28,0.36,546.41,-0.00,-0.00,-0.01,-0.00,0.00,0.00,9.00
63125.00,0.39,0.07,0.47,0.06,0.07,2.55,0.28,0.36,206.43,-0.00,-0.00,-0.00,-0.00,-0.00,0.01,6.00
63131.00,0.39,0.07,0.52,0.06,0.07,9.70,0.28,0.36,1193.24,-0.00,-0.00,-0.00,0.00,-0.00,0.00,6.00
63137.00,0.39,0.07,0.51,0.06,0.07,-1.98,0.28,0.36,-1946.69,-0.00,-0.00,-0.00,0.00,-0.00,0.00,8.00
63145.00,0.39,0.07,0.52,0.06,0.07,0.77,0.28,0.36,343.44,-0.00,-0.00,-0.00,0.00,-0.00,0.00,8.00
63153.00,0.39,0.07,0.49,0.06,0.07,-3.56,0.28,0.36,-541.44,-0.00,-0.00,-0.00,-0.00,0.00,-0.00,5.00
63158.00,0.39,0.07,0.53,0.06,0.07,7.60,0.28,0.36,2231.88,-0.00,-0.00,-0.00,-0.00,0.00,-0.00,8.00
63166.00,0.39,0.07,0.47,0.06,0.07,-7.43,0.28,0.36,-1879.34,-0.00,-0.00,-0.01,-0.00,-0.00,-0.01,7.00
63178.00,0.39,0.07,0.56,0.06,0.07,7.39,0.28,0.36,1235.05,-0.00,-0.00,-0.01,-0.00,-0.00,-0.00,17.00
63195.00,0.39,0.07,0.46,0.06,0.07,-5.62,0.28,0.36,-765.23,-0.00,-0.00,-0.00,0.00,-0.00,0.00,8.00
63203.00,0.39,0.07,0.52,0.06,0.07,7.82,0.28,0.36,1680.81,-0.00,-0.00,-0.00,0.00,0.00,0.00,6.00
63209.00,0.39,0.07,0.47,0.06,0.07,-9.21,0.28,0.36,-2838.67,-0.00,-0.00,-0.00,0.00,0.00,0.00,7.00
63216.00,0.39,0.07,0.49,0.06,0.07,3.47,0.28,0.36,1811.37,-0.00,-0.00,-0.00,0.00,0.00,0.00,9.00
63225.00,0.39,0.07,0.54,0.06,0.07,5.34,0.28,0.36,207.20,-0.00,-0.00,-0.00,0.00,0.01,0.00,5.00
63230.00,0.39,0.07,0.56,0.06,0.07,4.23,0.28,0.36,-220.64,-0.00,-0.00,-0.00,0.00,0.00,0.00,7.00
63237.00,0.39,0.07,0.55,0.06,0.07,-2.21,0.28,0.36,-920.92,-0.00,-0.00,-0.00,0.00,0.00,0.00,8.00
63245.00,0.39,0.07,0.46,0.06,0.07,-10.85,0.28,0.36,-1078.88,-0.00,-0.00,-0.00,0.01,0.00,-0.00,8.00
63253.00,0.39,0.07,0.54,0.06,0.07,10.29,0.28,0.36,2641.88,-0.00,-0.00,-0.00,0.00,0.00,-0.00,5.00
63263.00,0.39,0.07,0.59,0.06,0.07,4.83,0.28,0.36,-545.58,-0.00,-0.00,-0.00,0.00,0.00,0.00,6.00
63269.00,0.39,0.07,0.51,0.06,0.07,-14.14,0.28,0.36,-3162.34,-0.00,-0.00,-0.00,0.00,0.00,0.00,8.00
63277.00,0.39,0.07,0.47,0.06,0.07,-4.12,0.28,0.36,1252.81,-0.00,-0.00,-0.00,0.00,0.00,0.00,5.00
63282.00,0.39,0.07,0.52,0.06,0.07,9.75,0.28,0.36,2772.53,-0.00,-0.00,-0.00,0.00,-0.00,0.00,6.00
63288.00,0.39,0.07,0.54,0.06,0.07,2.94,0.28,0.36,-1134.02,-0.00,-0.00,-0.00,0.00,-0.00,0.00,18.00
63306.00,0.39,0.07,0.52,0.06,0.07,-1.00,0.28,0.36,-219.06,-0.00,-0.00,-0.00,-0.00,-0.00,-0.01,9.00
63315.00,0.39,0.07,0.45,0.06,0.07,-7.73,0.28,0.36,-747.19,-0.00,-0.00,-0.00,-0.00,0.00,0.00,7.00
63322.00,0.39,0.08,0.59,0.00,0.04,19.32,-0.27,-0.17,3864.03,-0.00,-0.00,-0.00,-0.00,0.00,-0.00,6.00
63328.00,0.39,0.08,0.50,0.00,0.04,-14.42,-0.27,-0.17,-5623.91,-0.00,-0.00,-0.01,-0.00,0.00,-0.00,6.00
63334.00,0.39,0.08,0.57,0.00,0.04,11.80,-0.27,-0.17,4370.34,-0.00,-0.00,-0.01,-0.00,-0.00,-0.00,5.00
63344.00,0.39,0.08,0.45,0.00,0.04,-11.62,-0.27,-0.17,-2342.46,-0.00,-0.00,-0.01,-0.00,-0.00,-0.00,6.00
63350.00,0.39,0.08,0.55,0.00,0.04,15.97,-0.27,-0.17,4598.63,-0.00,-0.00,-0.01,-0.00,-0.00,-0.00,7.00
63357.00,0.39,0.08,0.63,0.00,0.04,10.92,-0.27,-0.17,-721.21,-0.00,-0.00,-0.01,-0.00,-0.00,0.00,9.00
63366.00,0.39,0.08,0.58,0.00,0.04,-5.34,-0.27,-0.17,-1806.10,-0.00,-0.00,-0.01,-0.00,-0.00,0.00,8.00
63374.00,0.39,0.08,0.58,0.00,0.04,-0.10,-0.27,-0.17,654.97,-0.00,-0.00,-0.01,0.00,-0.01,-0.00,5.00
63379.00,0.39,0.08,0.50,0.00,0.04,-15.72,-0.27,-0.17,-3123.95,-0.00,-0.00,-0.01,0.00,-0.01,-0.00,7.00
63386.00,0.39,0.08,0.56,0.00,0.04,9.18,-0.27,-0.17,3556.97,-0.00,-0.00,-0.01,0.00,-0.01,0.00,17.00
63403.00,0.39,0.08,0.54,0.00,0.04,-1.23,-0.27,-0.17,-612.54,-0.00,-0.00,-0.01,0.00,0.00,0.00,6.00
63409.00,0.39,0.08,0.46,0.00,0.04,-13.24,-0.27,-0.17,-2001.42,-0.00,-0.00,-0.01,0.00,0.00,0.00,7.00
63416.00,0.39,0.08,0.57,0.00,0.04,15.88,-0.27,-0.17,4159.23,-0.00,-0.00,-0.01,0.00,0.00,0.00,8.00
63429.00,0.39,0.08,0.54,0.00,0.04,-2.33,-0.27,-0.17,-1400.81,-0.00,-0.00,-0.00,0.00,0.01,0.00,8.00
63437.00,0.39,0.08,0.59,0.00,0.04,5.92,-0.27,-0.17,1031.72,-0.00,-0.00,-0.00,0.00,0.01,0.00,8.00
63445.00,0.39,0.08,0.44,0.00,0.04,-18.61,-0.27,-0.17,-3065.60,-0.00,-0.00,-0.00,0.00,0.00,0.00,7.00
63452.00,0.39,0.08,0.40,0.00,0.04,-5.75,-0.27,-0.17,1836.27,-0.00,-0.00,-0.00,0.00,-0.00,-0.00,6.00
63458.00,0.39,0.08,0.45,0.00,0.04,7.24,-0.27,-0.17,2165.95,-0.00,-0.00,-0.00,0.00,-0.00,-0.00,9.00
63467.00,0.39,0.08,0.52,0.00,0.04,8.12,-0.27,-0.17,97.85,-0.00,-0.00,-0.00,0.00,0.00,0.00,7.00
63474.00,0.39,0.08,0.48,0.00,0.04,-5.77,-0.27,-0.17,-1985.25,-0.00,-0.00,-0.00,0.00,-0.00,0.00,6.00
63480.00,0.39,0.08,0.51,0.00,0.04,5.45,-0.27,-0.17,1870.97,-0.00,-0.00,-0.00,0.00,-0.00,0.00,6.00
63486.00,0.39,0.08,0.59,0.00,0.04,13.64,-0.27,-0.17,1364.41,-0.00,-0.00,-0.00,-0.00,-0.01,0.00,17.00
63503.00,0.39,0.08,0.53,0.00,0.04,-3.77,-0.27,-0.17,-1023.83,-0.00,-0.00,-0.00,-0.00,0.00,0.00,6.00
63518.00,0.39,0.08,0.53,0.00,0.04,-0.06,-0.27,-0.17,246.87,-0.00,-0.00,-0.00,-0.00,0.00,-0.00,9.00
63527.00,0.40,0.09,0.47,0.05,0.03,-6.45,0.26,-0.02,-709.66,-0.00,-0.00,-0.00,-0.00,-0.00,-0.00,6.00
63533.00,0.40,0.09,0.57,0.05,0.03,15.84,0.26,-0.02,3714.85,-0.00,-0.00,-0.01,-0.00,-0.00,-0.00,6.00
63539.00,0.40,0.09,0.50,0.05,0.03,-10.38,0.26,-0.02,-4369.75,-0.00,-0.00,-0.01,-0.00,-0.00,-0.00,7.00
63546.00,0.40,0.09,0.53,0.05,0.03,4.34,0.26,-0.02,2102.41,-0.00,-0.00,-0.01,-0.00,0.00,-0.00,8.00
63554.00,0.40,0.09,0.54,0.05,0.03,0.43,0.26,-0.02,-488.22,-0.00,-0.00,-0.01,-0.00,-0.01,0.00,5.00
63559.00,0.40,0.09,0.50,0.05,0.03,-7.50,0.26,-0.02,-1587.22,-0.00,-0.00,-0.00,0.00,-0.00,0.00,9.00
63568.00,0.40,0.09,0.55,0.05,0.03,5.72,0.26,-0.02,1469.81,-0.00,-0.00,-0.00,0.00,-0.00,0.00,8.00
63576.00,0.40,0.09,0.54,0.05,0.03,-1.28,0.26,-0.02,-875.76,-0.00,-0.00,-0.00,0.00,0.00,0.00,6.00
63582.00,0.40,0.09,0.56,0.05,0.03,3.43,0.26,-0.02,785.30,-0.00,-0.00,-0.00,0.00,-0.00,0.00,6.00
63593.00,0.40,0.09,0.48,0.05,0.03,-7.85,0.26,-0.02,-1025.69,-0.00,-0.00,-0.00,0.00,-0.00,0.00,16.00
63609.00,0.40,0.09,0.53,0.05,0.03,3.60,0.26,-0.02,715.52,-0.00,-0.00,-0.00,-0.00,0.00,0.00,9.00
63618.00,0.40,0.09,0.49,0.05,0.03,-4.51,0.26,-0.02,-901.05,-0.00,-0.00,-0.00,0.00,0.00,0.00,8.00
63626.00,0.40,0.09,0.46,0.05,0.03,-4.39,0.26,-0.02,15.64,-0.00,-0.00,-0.00,0.00,0.00,0.00,5.00
63631.00,0.40,0.09,0.48,0.05,0.03,5.00,0.26,-0.02,1877.96,-0.00,-0.00,-0.00,0.00,0.01,-0.00,7.00
63638.00,0.40,0.09,0.50,0.05,0.03,2.30,0.26,-0.02,-386.51,-0.00,-0.00,-0.00,0.00,0.01,-0.00,9.00
63647.00,0.40,0.09,0.59,0.05,0.03,10.46,0.26,-0.02,906.57,-0.00,-0.00,-0.00,0.00,0.00,0.00,8.00
63655.00,0.40,0.09,0.55,0.05,0.03,-4.78,0.26,-0.02,-1904.54,-0.00,-0.00,-0.00,-0.00,-0.00,0.00,6.00
63661.00,0.40,0.09,0.54,0.05,0.03,-2.19,0.26,-0.02,431.53,-0.00,-0.00,-0.00,-0.00,-0.00,0.00,7.00
63668.00,0.40,0.09,0.60,0.05,0.03,8.94,0.26,-0.02,1589.61,-0.00,-0.00,-0.00,-0.00,-0.00,0.00,9.00
63681.00,0.40,0.09,0.53,0.05,0.03,-5.28,0.26,-0.02,-1093.72,-0.00,-0.00,-0.00,0.00,-0.01,0.00,18.00
63699.00,0.40,0.09,0.49,0.05,0.03,-2.63,0.26,-0.02,147.13,-0.00,-0.00,-0.00,0.00,-0.00,0.00,9.00
63708.00,0.40,0.09,0.43,0.05,0.03,-5.85,0.26,-0.02,-357.62,-0.00,-0.00,-0.00,0.00,0.00,-0.00,8.00
63716.00,0.40,0.09,0.52,0.05,0.03,10.87,0.26,-0.02,2089.93,-0.00,-0.00,-0.00,0.00,-0.01,0.00,5.00
63721.00,0.40,0.09,0.48,0.05,0.03,-8.77,0.26,-0.02,-3928.17,-0.00,-0.00,-0.00,-0.00,-0.00,-0.00,7.00
63728.00,0.40,0.09,0.48,0.00,0.00,0.20,-0.27,-0.16,1282.56,-0.00,-0.00,-0.00,-0.00,0.00,-0.00,6.00
63734.00,0.40,0.09,0.49,0.00,0.00,2.12,-0.27,-0.16,319.53,-0.00,-0.00,-0.00,-0.00,0.00,0.00,5.00
63739.00,0.40,0.09,0.53,0.00,0.00,6.72,-0.27,-0.16,920.51,-0.00,-0.00,-0.00,-0.00,0.00,0.00,9.00
63748.00,0.40,0.09,0.50,0.00,0.00,-2.58,-0.27,-0.16,-1034.05,-0.00,-0.00,-0.00,-0.00,0.00,0.00,7.00
63755.00,0.40,0.09,0.48,0.00,0.00,-3.55,-0.27,-0.16,-137.96,-0.00,-0.00,-0.00,0.00,-0.00,0.00,6.00
63766.00,0.40,0.09,0.64,0.00,0.00,15.14,-0.27,-0.16,1699.11,-0.00,-0.00,-0.00,0.00,-0.01,0.00,7.00
63773.00,0.40,0.09,0.39,0.00,0.00,-36.09,-0.27,-0.16,-7319.39,-0.00,-0.00,-0.00,0.00,-0.00,0.00,6.00
63779.00,0.40,0.09,0.46,0.00,0.00,12.22,-0.27,-0.16,8052.77,-0.00,-0.00,-0.00,0.00,-0.00,0.00,6.00
63785.00,0.40,0.09,0.42,0.00,0.00,-7.21,-0.27,-0.16,-3237.97,-0.00,-0.00,-0.00,0.00,-0.00,0.00,5.00
63790.00,0.40,0.09,0.55,0.00,0.00,26.07,-0.27,-0.16,6655.87,-0.00,-0.00,-0.00,0.00,-0.00,0.00,18.00
63808.00,0.40,0.09,0.55,0.00,0.00,-0.32,-0.27,-0.16,-1466.29,-0.00,-0.00,-0.00,0.00,0.00,0.00,7.00
63815.00,0.40,0.09,0.51,0.00,0.00,-4.78,-0.27,-0.16,-637.24,-0.00,-0.00,-0.00,0.00,0.00,0.00,6.00
63821.00,0.40,0.09,0.51,0.00,0.00,-0.73,-0.27,-0.16,675.52,-0.00,-0.00,-0.00,0.00,0.00,0.00,8.00
63829.00,0.40,0.09,0.49,0.00,0.00,-2.04,-0.27,-0.16,-164.44,-0.00,-0.00,-0.00,0.00,0.00,0.00,5.00
63834.00,0.40,0.09,0.58,0.00,0.00,17.78,-0.27,-0.16,3965.42,-0.00,-0.00,-0.00,0.00,-0.00,-0.00,6.00
63844.00,0.40,0.09,0.49,0.00,0.00,-9.00,-0.27,-0.16,-2678.82,-0.00,-0.00,-0.00,0.00,-0.00,0.00,6.00
63850.00,0.40,0.09,0.46,0.00,0.00,-4.92,-0.27,-0.16,680.66,-0.00,-0.00,-0.00,0.00,-0.00,0.00,8.00
63858.00,0.40,0.09,0.54,0.00,0.00,10.29,-0.27,-0.16,1901.03,-0.00,-0.00,-0.00,0.00,0.00,0.00,8.00
63866.00,0.40,0.09,0.44,0.00,0.00,-12.66,-0.27,-0.16,-2867.96,-0.00,-0.00,-0.00,0.00,-0.00,-0.00,6.00
63872.00,0.40,0.09,0.52,0.00,0.00,12.43,-0.27,-0.16,4180.50,-0.00,-0.00,-0.00,0.00,-0.00,-0.00,7.00
63879.00,0.40,0.09,0.43,0.00,0.00,-12.19,-0.27,-0.16,-3516.20,-0.00,-0.00,-0.00,0.00,-0.01,-0.00,15.00
63894.00,0.40,0.09,0.53,0.00,0.00,6.71,-0.27,-0.16,1259.83,-0.00,-0.00,-0.00,0.00,-0.00,0.00,6.00
63900.00,0.40,0.09,0.49,0.00,0.00,-7.48,-0.27,-0.16,-2365.85,-0.00,-0.00,-0.00,0.00,0.00,0.00,8.00
63908.00,0.40,0.09,0.58,0.00,0.00,11.84,-0.27,-0.16,2414.94,-0.00,-0.00,-0.00,0.00,0.00,0.00,7.00
63915.00,0.40,0.09,0.62,0.00,0.00,5.39,-0.27,-0.16,-921.04,-0.00,-0.00,-0.00,0.00,0.00,0.00,6.00
63925.00,0.40,0.09,0.55,0.00,0.00,-6.58,-0.27,-0.16,-1196.87,-0.00,-0.00,-0.00,-0.00,0.01,0.00,7.00
63932.00,0.40,0.09,0.50,0.00,0.00,-6.99,0.00,0.00,-58.21,-0.00,-0.00,-0.00,-0.00,0.00,0.00,7.00
63939.00,0.40,0.09,0.54,0.00,0.00,4.84,0.00,0.00,1689.81,-0.00,-0.00,-0.00,0.00,0.00,0.00,9.00
63948.00,0.40,0.09,0.51,0.00,0.00,-2.88,0.00,0.00,-857.68,-0.00,-0.00,-0.00,0.00,0.00,0.00,7.00
63955.00,0.40,0.09,0.50,0.00,0.00,-2.24,0.00,0.00,91.67,-0.00,-0.00,-0.00,0.00,0.00,-0.00,6.00
63961.00,0.40,0.09,0.47,0.00,0.00,-4.23,0.00,0.00,-331.82,-0.00,-0.00,-0.00,0.00,0.00,-0.00,7.00
63968.00,0.40,0.09,0.61,0.00,0.00,19.67,0.00,0.00,3413.79,-0.00,-0.00,-0.00,0.00,0.00,0.00,8.00
63976.00,0.40,0.09,0.59,0.00,0.00,-2.60,0.00,0.00,-2784.05,-0.00,-0.00,-0.00,0.00,0.00,0.00,5.00
63981.00,0.40,0.09,0.48,0.00,0.00,-21.01,0.00,0.00,-3680.92,-0.00,-0.00,-0.00,0.00,0.00,0.00,17.00
63998.00,0.40,0.09,0.53,0.00,0.00,2.99,0.00,0.00,1411.78,-0.00,-0.00,-0.00,-0.00,0.00,-0.00,9.00
64011.00,0.40,0.09,0.54,0.00,0.00,0.56,0.00,0.00,-186.76,-0.00,-0.00,-0.00,0.00,-0.00,-0.00,9.00
64020.00,0.40,0.09,0.55,0.00,0.00,1.41,0.00,0.00,94.02,-0.00,-0.00,-0.00,0.00,-0.00,-0.00,8.00
64028.00,0.40,0.09,0.56,0.00,0.00,1.07,0.00,0.00,-43.22,-0.00,-0.00,-0.00,0.00,-0.00,-0.00,6.00
64034.00,0.40,0.09,0.58,0.00,0.00,2.63,0.00,0.00,260.49,-0.00,-0.00,-0.00,-0.00,-0.00,-0.00,5.00
64039.00,0.40,0.09,0.50,0.00,0.00,-16.54,0.00,0.00,-3834.36,-0.00,-0.00,-0.00,-0.00,-0.00,-0.00,9.00
64048.00,0.40,0.09,0.54,0.00,0.00,4.42,0.00,0.00,2329.43,-0.00,-0.00,-0.00,-0.00,-0.01,0.00,7.00
64055.00,0.40,0.09,0.55,0.00,0.00,2.31,0.00,0.00,-301.90,-0.00,-0.00,-0.00,-0.00,-0.00,0.00,6.00
64061.00,0.40,0.09,0.47,0.00,0.00,-13.35,0.00,0.00,-2609.84,-0.00,-0.00,-0.00,-0.00,-0.00,0.00,8.00
64069.00,0.40,0.09,0.62,0.00,0.00,18.41,0.00,0.00,3969.78,-0.00,-0.00,-0.00,0.00,-0.00,0.00,9.00
64078.00,0.40,0.09,0.56,0.00,0.00,-6.26,0.00,0.00,-2741.12,-0.00,-0.00,-0.00,-0.00,-0.00,-0.00,5.00
64087.00,0.40,0.09,0.54,0.00,0.00,-2.01,0.00,0.00,472.68,-0.00,-0.00,-0.00,0.00,-0.00,-0.00,17.00
64104.00,0.40,0.09,0.59,0.00,0.00,2.44,0.00,0.00,261.76,-0.00,-0.00,-0.00,0.00,-0.00,-0.00,6.00
64110.00,0.40,0.09,0.66,0.00,0.00,12.08,0.00,0.00,1606.12,-0.00,-0.00,-0.00,0.00,-0.00,-0.00,8.00
64118.00,0.40,0.09,0.51,0.00,0.00,-18.42,0.00,0.00,-3812.20,-0.00,-0.00,-0.00,0.00,-0.01,0.00,8.00
64126.00,0.40,0.09,0.46,0.00,0.00,-6.39,0.00,0.00,1503.70,-0.00,-0.00,-0.00,0.00,0.00,0.00,5.00
64131.00,0.40,0.09,0.55,0.00,0.00,17.80,0.00,0.00,4837.30,-0.00,-0.00,-0.00,0.00,0.00,0.00,8.00
64139.00,0.40,0.10,0.51,0.00,0.04,-4.84,0.00,0.18,-2830.13,-0.00,-0.00,-0.00,0.00,0.00,0.00,7.00
64146.00,0.40,0.10,0.50,0.00,0.04,-1.93,0.00,0.18,415.94,-0.00,-0.00,-0.00,0.00,0.00,0.00,6.00
64152.00,0.40,0.10,0.52,0.00,0.04,4.14,0.00,0.18,1012.13,-0.00,-0.00,-0.00,0.00,0.00,0.00,7.00
64159.00,0.40,0.10,0.53,0.00,0.04,1.68,0.00,0.18,-351.27,-0.00,-0.00,-0.00,0.00,0.00,-0.00,9.00
64177.00,0.40,0.10,0.61,0.00,0.04,4.52,0.00,0.18,157.66,-0.00,-0.00,-0.00,0.00,0.00,0.00,6.00
64183.00,0.40,0.10,0.59,0.00,0.04,-4.61,0.00,0.18,-1521.72,-0.00,-0.00,-0.00,0.00,0.00,0.00,7.00
64190.00,0.40,0.10,0.56,0.00,0.04,-3.63,0.00,0.18,139.74,-0.00,-0.00,-0.00,0.00,0.00,0.00,19.00
64209.00,0.40,0.10,0.52,0.00,0.04,-2.36,0.00,0.18,67.15,-0.00,-0.00,-0.00,0.00,0.00,0.00,7.00
64216.00,0.40,0.10,0.51,0.00,0.04,-0.36,0.00,0.18,285.37,-0.00,-0.00,-0.00,0.00,-0.00,0.00,6.00
64222.00,0.40,0.10,0.51,0.00,0.04,-1.46,0.00,0.18,-183.24,-0.00,-0.00,-0.00,0.00,-0.00,0.00,8.00
64230.00,0.40,0.10,0.49,0.00,0.04,-1.93,0.00,0.18,-59.30,-0.00,-0.00,-0.00,0.00,-0.00,0.00,5.00
64235.00,0.40,0.10,0.49,0.00,0.04,-0.43,0.00,0.18,299.97,-0.00,-0.00,-0.00,-0.00,-0.00,0.00,6.00
64241.00,0.40,0.10,0.58,0.00,0.04,14.96,0.00,0.18,2565.82,-0.00,-0.00,-0.00,-0.00,-0.00,0.00,8.00
64249.00,0.40,0.10,0.47,0.00,0.04,-13.26,0.00,0.18,-3527.13,-0.00,-0.00,-0.00,-0.00,-0.00,0.00,7.00
64261.00,0.40,0.10,0.46,0.00,0.04,-1.15,0.00,0.18,1009.25,-0.00,-0.00,-0.00,0.00,-0.00,-0.00,9.00
64270.00,0.40,0.10,0.48,0.00,0.04,2.48,0.00,0.18,402.91,-0.00,-0.00,-0.00,0.00,0.00,-0.00,9.00
64279.00,0.40,0.10,0.50,0.00,0.04,1.69,0.00,0.18,-87.94,-0.00,-0.00,-0.00,0.00,0.00,-0.00,6.00
64285.00,0.40,0.10,0.52,0.00,0.04,4.49,0.00,0.18,466.39,-0.00,-0.00,-0.00,0.00,-0.00,-0.00,16.00
64301.00,0.40,0.10,0.55,0.00,0.04,1.65,0.00,0.18,-177.57,-0.00,-0.00,-0.00,-0.00,-0.00,0.00,8.00
64309.00,0.40,0.10,0.56,0.00,0.04,1.69,0.00,0.18,5.98,-0.00,-0.00,-0.00,0.00,0.00,0.00,8.00
64317.00,0.40,0.10,0.45,0.00,0.04,-13.68,0.00,0.18,-1922.33,-0.00,-0.00,-0.00,0.00,-0.00,0.00,6.00
64323.00,0.40,0.10,0.50,0.00,0.04,8.37,0.00,0.18,3675.57,-0.00,-0.00,-0.00,0.00,-0.00,0.00,7.00
64330.00,0.40,0.10,0.49,0.00,0.04,-2.31,0.00,0.18,-1526.32,-0.00,-0.00,-0.00,-0.00,-0.00,0.00,6.00
64336.00,0.40,0.10,0.57,0.00,0.04,13.75,0.00,0.18,2677.38,-0.00,-0.00,-0.00,-0.00,0.00,0.00,5.00
64346.00,0.40,0.10,0.49,0.00,0.00,-7.73,0.00,-0.18,-2147.93,-0.00,-0.00,-0.00,0.00,0.00,-0.00,6.00
64352.00,0.40,0.10,0.61,0.00,0.00,19.05,0.00,-0.18,4462.58,-0.00,-0.00,-0.00,0.00,0.00,-0.00,7.00
64359.00,0.40,0.10,0.55,0.00,0.00,-8.54,0.00,-0.18,-3940.17,-0.00,-0.00,-0.00,-0.00,0.00,0.00,9.00
64368.00,0.40,0.10,0.44,0.00,0.00,-12.35,0.00,-0.18,-423.43,-0.00,-0.00,-0.00,-0.00,0.00,0.00,5.00
64373.00,0.40,0.10,0.45,0.00,0.00,2.81,0.00,-0.18,3032.23,-0.00,-0.00,-0.00,-0.00,0.00,-0.00,7.00
64380.00,0.40,0.10,0.51,0.00,0.00,8.50,0.00,-0.18,811.72,-0.00,-0.00,-0.00,-0.00,0.00,-0.00,6.00
64386.00,0.40,0.10,0.58,0.00,0.00,12.56,0.00,-0.18,677.72,-0.00,-0.00,-0.00,0.00,0.00,0.00,15.00
64401.00,0.40,0.10,0.49,0.00,0.00,-6.45,0.00,-0.18,-1267.82,-0.00,-0.00,-0.00,0.00,0.00,0.00,8.00
64409.00,0.40,0.10,0.51,0.00,0.00,3.04,0.00,-0.18,1187.13,-0.00,-0.00,-0.00,0.00,0.00,-0.00,8.00
64417.00,0.40,0.10,0.55,0.00,0.00,4.91,0.00,-0.18,233.42,-0.00,-0.00,-0.00,0.00,-0.00,0.00,6.00
64427.00,0.40,0.10,0.61,0.00,0.00,5.90,0.00,-0.18,98.79,-0.00,-0.00,-0.00,-0.00,-0.00,0.00,7.00
64434.00,0.40,0.10,0.61,0.00,0.00,0.44,0.00,-0.18,-780.40,-0.00,-0.00,-0.00,-0.00,-0.00,-0.00,6.00
64440.00,0.40,0.10,0.59,0.00,0.00,-3.79,0.00,-0.18,-704.52,-0.00,-0.00,-0.00,-0.00,0.00,-0.00,10.00
64450.00,0.40,0.10,0.54,0.00,0.00,-4.98,0.00,-0.18,-118.76,-0.00,-0.00,-0.00,0.00,0.00,0.00,7.00
64457.00,0.40,0.10,0.51,0.00,0.00,-4.95,0.00,-0.18,4.60,-0.00,-0.00,-0.00,0.00,-0.00,0.00,6.00
64463.00,0.40,0.10,0.54,0.00,0.00,4.98,0.00,-0.18,1654.42,-0.00,-0.00,-0.00,0.00,-0.00,-0.00,7.00
64470.00,0.40,0.10,0.61,0.00,0.00,10.00,0.00,-0.18,717.76,-0.00,-0.00,-0.00,0.00,-0.00,-0.00,8.00
64478.00,0.40,0.10,0.51,0.00,0.00,-12.38,0.00,-0.18,-2797.77,-0.00,-0.00,-0.00,-0.00,0.00,-0.00,5.00
64483.00,0.40,0.10,0.53,0.00,0.00,4.53,0.00,-0.18,3381.09,-0.00,-0.00,-0.00,-0.00,0.00,-0.00,17.00
64500.00,0.40,0.10,0.57,0.00,0.00,2.65,0.00,-0.18,-110.68,-0.00,-0.00,-0.00,-0.00,0.00,0.00,8.00
64513.00,0.40,0.10,0.61,0.00,0.00,3.02,0.00,-0.18,29.08,-0.00,-0.00,-0.00,0.00,0.00,-0.00,8.00
64521.00,0.40,0.10,0.55,0.00,0.00,-7.74,0.00,-0.18,-1345.05,-0.00,-0.00,-0.00,-0.00,0.00,-0.00,8.00
64529.00,0.40,0.10,0.51,0.00,0.00,-5.37,0.00,-0.18,295.28,-0.00,-0.00,-0.00,0.00,0.00,0.00,6.00
64535.00,0.40,0.10,0.57,0.00,0.00,9.99,0.00,-0.18,2561.18,-0.00,-0.00,-0.00,0.00,0.00,0.00,6.00
64541.00,0.40,0.10,0.50,0.00,0.00,-11.49,0.00,-0.18,-3581.18,-0.00,-0.00,-0.00,0.00,0.00,0.00,9.00
64550.00,0.40,0.10,0.53,0.00,0.00,3.24,0.00,0.00,1637.05,-0.00,-0.00,-0.00,0.00,0.00,-0.00,7.00
64557.00,0.40,0.10,0.46,0.00,0.00,-9.91,0.00,0.00,-1878.08,-0.00,-0.00,-0.00,0.00,0.00,0.00,6.00
64563.00,0.40,0.10,0.61,0.00,0.00,25.72,0.00,0.00,5937.54,-0.00,-0.00,-0.00,0.00,0.00,0.00,7.00
64570.00,0.40,0.10,0.56,0.00,0.00,-7.03,0.00,0.00,-4677.80,-0.00,-0.00,-0.00,0.00,0.00,-0.00,8.00
64578.00,0.40,0.10,0.46,0.00,0.00,-13.39,0.00,0.00,-795.52,-0.00,-0.00,-0.00,0.00,0.00,-0.00,6.00
64588.00,0.40,0.10,0.52,0.00,0.00,5.98,0.00,0.00,1936.88,-0.00,-0.00,-0.00,0.00,-0.00,0.00,16.00
64604.00,0.40,0.10,0.52,0.00,0.00,-0.02,0.00,0.00,-374.89,-0.00,-0.00,-0.00,-0.00,-0.00,-0.00,7.00
64611.00,0.40,0.10,0.59,0.00,0.00,10.74,0.00,0.00,1536.73,-0.00,-0.00,-0.00,-0.00,0.00,-0.00,9.00
64620.00,0.40,0.10,0.57,0.00,0.00,-2.09,0.00,0.00,-1425.16,-0.00,-0.00,-0.00,-0.00,0.00,-0.00,7.00
64627.00,0.40,0.10,0.53,0.00,0.00,-5.92,0.00,0.00,-547.24,-0.00,-0.00,-0.00,0.00,0.00,-0.00,6.00
64633.00,0.40,0.10,0.56,0.00,0.00,4.69,0.00,0.00,1767.86,-0.00,-0.00,-0.00,0.00,0.00,-0.00,7.00
64640.00,0.40,0.10,0.56,0.00,0.00,-0.59,0.00,0.00,-754.45,-0.00,-0.00,-0.00,-0.00,0.00,-0.00,6.00
64646.00,0.40,0.10,0.56,0.00,0.00,0.25,0.00,0.00,140.17,-0.00,-0.00,-0.00,-0.00,0.00,-0.00,7.00
64653.00,0.40,0.10,0.47,0.00,0.00,-12.22,0.00,0.00,-1780.48,-0.00,-0.00,-0.00,-0.00,-0.00,-0.00,7.00
64660.00,0.40,0.10,0.55,0.00,0.00,10.53,0.00,0.00,3249.92,-0.00,-0.00,-0.00,-0.00,-0.00,-0.00,8.00
64673.00,0.40,0.10,0.57,0.00,0.00,1.71,0.00,0.00,-678.93,-0.00,-0.00,-0.01,-0.00,0.00,-0.00,9.00
64682.00,0.40,0.10,0.58,0.00,0.00,0.97,0.00,0.00,-82.13,-0.00,-0.00,-0.01,-0.00,0.00,-0.00,5.00
64687.00,0.40,0.10,0.53,0.00,0.00,-8.34,0.00,0.00,-1860.85,-0.00,-0.00,-0.01,0.00,-0.00,-0.00,16.00
64703.00,0.40,0.10,0.49,0.00,0.00,-2.99,0.00,0.00,334.17,-0.00,-0.00,-0.01,-0.00,0.00,-0.00,8.00
64711.00,0.40,0.10,0.50,0.00,0.00,2.05,0.00,0.00,630.13,-0.00,-0.00,-0.01,-0.00,0.00,0.00,9.00
64720.00,0.40,0.10,0.50,0.00,0.00,-0.31,0.00,0.00,-262.62,-0.00,-0.00,-0.01,0.00,0.00,0.00,7.00
64727.00,0.40,0.10,0.50,0.00,0.00,-0.20,0.00,0.00,16.55,-0.00,-0.00,-0.01,0.00,0.01,-0.00,5.00
64732.00,0.40,0.10,0.51,0.00,0.00,1.77,0.00,0.00,392.98,-0.00,-0.00,-0.01,0.00,0.01,-0.00,7.00
64739.00,0.40,0.10,0.52,0.00,0.00,1.91,0.00,0.00,20.14,-0.00,-0.00,-0.01,-0.00,0.00,0.00,5.00
64744.00,0.40,0.10,0.54,0.00,0.00,4.12,0.00,0.00,442.83,-0.00,-0.00,-0.01,-0.00,0.00,0.00,8.00
64756.00,0.40,0.10,0.50,0.00,0.04,-3.19,0.00,0.18,-609.08,-0.00,-0.00,-0.01,0.00,0.00,-0.00,7.00
64763.00,0.40,0.10,0.48,0.00,0.04,-3.73,0.00,0.18,-77.92,-0.00,-0.00,-0.01,0.00,0.00,-0.00,7.00
64770.00,0.40,0.10,0.52,0.00,0.04,5.70,0.00,0.18,1347.44,-0.00,-0.00,-0.01,-0.00,0.00,-0.00,8.00
64778.00,0.40,0.10,0.56,0.00,0.04,5.84,0.00,0.18,16.94,-0.00,-0.00,-0.01,-0.00,0.00,-0.00,6.00
64784.00,0.40,0.10,0.53,0.00,0.04,-5.12,0.00,0.18,-1825.98,-0.00,-0.00,-0.01,-0.00,0.00,-0.00,4.00
64788.00,0.40,0.10,0.48,0.00,0.04,-14.38,0.00,0.18,-2313.86,-0.00,-0.00,-0.01,-0.00,-0.00,-0.00,5.00
64793.00,0.40,0.10,0.60,0.00,0.04,24.22,0.00,0.18,7718.30,-0.00,-0.00,-0.01,-0.00,-0.00,-0.00,18.00
64811.00,0.40,0.10,0.59,0.00,0.04,-0.46,0.00,0.18,-1370.65,-0.00,-0.00,-0.01,0.00,-0.00,-0.00,9.00
64820.00,0.40,0.10,0.58,0.00,0.04,-0.89,0.00,0.18,-47.83,-0.00,-0.00,-0.01,-0.00,-0.01,0.00,7.00
64827.00,0.40,0.10,0.53,0.00,0.04,-6.58,0.00,0.18,-813.00,-0.00,-0.00,-0.01,-0.00,-0.00,-0.00,6.00
64843.00,0.40,0.10,0.57,0.00,0.04,2.45,0.00,0.18,564.48,-0.00,-0.00,-0.01,0.00,0.00,0.00,9.00
64852.00,0.40,0.10,0.54,0.00,0.04,-4.06,0.00,0.18,-724.24,-0.00,-0.00,-0.01,0.00,0.00,0.00,8.00
64860.00,0.40,0.10,0.63,0.00,0.04,11.92,0.00,0.18,1997.41,-0.00,-0.00,-0.01,0.00,0.00,0.00,8.00
64868.00,0.40,0.10,0.67,0.00,0.04,4.42,0.00,0.18,-937.45,-0.00,-0.00,-0.01,0.00,-0.00,-0.00,5.00
64873.00,0.40,0.10,0.67,0.00,0.04,-0.08,0.00,0.18,-899.60,-0.00,-0.00,-0.01,0.00,-0.00,-0.00,9.00
64882.00,0.40,0.10,0.58,0.00,0.04,-9.57,0.00,0.18,-1054.61,-0.00,-0.00,-0.01,0.00,0.00,0.00,5.00
64887.00,0.40,0.10,0.58,0.00,0.04,-0.00,0.00,0.18,1914.53,-0.00,-0.00,-0.01,0.00,0.00,-0.00,16.00
64903.00,0.40,0.10,0.43,0.00,0.04,-9.26,0.00,0.18,-578.81,-0.00,-0.00,-0.01,0.00,0.00,0.00,4.00
64907.00,0.40,0.10,0.47,0.00,0.04,9.85,0.00,0.18,4778.04,-0.00,-0.00,-0.01,0.00,0.00,0.00,6.00
64913.00,0.40,0.10,0.58,0.00,0.04,17.30,0.00,0.18,1242.31,-0.00,-0.00,-0.01,0.00,0.00,0.00,8.00
64926.00,0.40,0.10,0.64,0.00,0.04,4.93,0.00,0.18,-952.21,-0.00,-0.00,-0.01,-0.00,0.00,0.00,8.00
64934.00,0.40,0.10,0.54,0.00,0.04,-12.81,0.00,0.18,-2216.84,-0.00,-0.00,-0.01,0.00,0.00,0.00,7.00
64941.00,0.40,0.10,0.59,0.00,0.04,6.72,0.00,0.18,2789.82,-0.00,-0.00,-0.01,0.00,0.00,0.00,7.00
64948.00,0.40,0.10,0.60,0.00,0.04,1.41,0.00,0.18,-758.05,-0.00,-0.00,-0.01,0.00,0.00,0.00,5.00
64953.00,0.40,0.10,0.48,0.00,0.04,-23.92,0.00,0.18,-5067.47,-0.00,-0.00,-0.01,0.00,0.00,0.00,8.00
64961.00,0.40,0.10,0.53,0.00,0.00,7.23,0.00,-0.18,3894.18,-0.00,-0.00,-0.01,0.00,-0.00,-0.00,8.00
64969.00,0.40,0.10,0.61,0.00,0.00,9.50,0.00,-0.18,283.31,-0.00,-0.00,-0.01,0.00,0.00,0.00,6.00
64975.00,0.40,0.10,0.50,0.00,0.00,-18.99,0.00,-0.18,-4748.21,-0.00,-0.00,-0.01,-0.00,0.00,-0.00,7.00
64982.00,0.40,0.10,0.47,0.00,0.00,-4.23,0.00,-0.18,2109.11,-0.00,-0.00,-0.01,-0.00,0.00,-0.00,16.00
64998.00,0.40,0.10,0.59,0.00,0.00,7.60,0.00,-0.18,739.02,-0.00,-0.00,-0.01,0.00,0.00,-0.00,5.00
65008.00,0.40,0.10,0.56,0.00,0.00,-2.25,0.00,-0.18,-984.59,-0.00,-0.00,-0.01,-0.00,-0.00,0.00,7.00
65015.00,0.40,0.10,0.51,0.00,0.00,-7.67,0.00,-0.18,-773.76,-0.00,-0.00,-0.01,-0.00,-0.00,0.00,7.00
65022.00,0.40,0.10,0.50,0.00,0.00,-1.54,0.00,-0.18,875.82,-0.00,-0.00,-0.01,-0.00,0.00,0.00,8.00
65030.00,0.40,0.10,0.59,0.00,0.00,11.40,0.00,-0.18,1617.23,-0.00,-0.00,-0.01,0.00,0.00,-0.00,5.00
65035.00,0.40,0.10,0.47,0.00,0.00,-25.27,0.00,-0.18,-7335.06,-0.00,-0.00,-0.01,0.00,0.00,-0.00,7.00
65042.00,0.40,0.10,0.59,0.00,0.00,18.02,0.00,-0.18,6184.65,-0.00,-0.00,-0.01,0.00,0.00,-0.00,9.00
65051.00,0.40,0.10,0.70,0.00,0.00,11.97,0.00,-0.18,-672.62,-0.00,-0.00,-0.01,-0.00,0.00,0.00,7.00
65058.00,0.40,0.10,0.59,0.00,0.00,-15.96,0.00,-0.18,-3989.23,-0.00,-0.00,-0.01,0.00,0.00,-0.00,5.00
65063.00,0.40,0.10,0.46,0.00,0.00,-25.66,0.00,-0.18,-1940.28,-0.00,-0.00,-0.01,0.00,0.00,-0.00,9.00
65072.00,0.40,0.10,0.58,0.00,0.00,13.11,0.00,-0.18,4307.52,-0.00,-0.00,-0.01,0.00,0.00,0.00,7.00
65084.00,0.40,0.10,0.55,0.00,0.00,-1.85,0.00,-0.18,-1246.50,-0.00,-0.00,-0.01,0.00,0.00,0.00,18.00
65102.00,0.40,0.10,0.54,0.00,0.00,-0.82,0.00,-0.18,57.32,-0.00,-0.00,-0.01,0.00,0.00,0.00,9.00
65111.00,0.40,0.10,0.51,0.00,0.00,-3.47,0.00,-0.18,-294.20,-0.00,-0.00,-0.01,0.00,0.00,-0.00,6.00
65117.00,0.40,0.10,0.58,0.00,0.00,11.87,0.00,-0.18,2556.46,-0.00,-0.00,-0.01,0.00,0.00,0.00,6.00
65123.00,0.40,0.10,0.47,0.00,0.00,-18.98,0.00,-0.18,-5142.41,-0.00,-0.00,-0.01,0.00,0.01,0.00,9.00
65132.00,0.40,0.10,0.53,0.00,0.00,7.60,0.00,-0.18,2953.37,-0.00,-0.00,-0.01,-0.00,0.00,0.00,6.00
65138.00,0.40,0.10,0.57,0.00,0.00,6.32,0.00,-0.18,-213.64,-0.00,-0.00,-0.01,-0.00,0.00,-0.00,5.00
65143.00,0.40,0.10,0.50,0.00,0.00,-14.57,0.00,-0.18,-4176.31,-0.00,-0.00,-0.01,0.00,0.00,-0.00,9.00
65152.00,0.40,0.10,0.55,0.00,0.00,5.12,0.00,-0.18,2187.49,-0.00,-0.00,-0.01,0.00,0.00,-0.00,7.00
65159.00,0.40,0.10,0.66,0.00,0.00,16.01,0.00,-0.18,1556.13,-0.00,-0.00,-0.01,0.00,-0.00,0.00,6.00
65170.00,0.40,0.11,0.68,0.00,0.04,1.64,0.00,0.18,-1306.98,-0.00,-0.00,-0.01,-0.00,0.00,0.00,6.00
65176.00,0.40,0.11,0.57,0.00,0.04,-18.24,0.00,0.18,-3312.96,-0.00,-0.00,-0.01,-0.00,0.00,0.00,7.00
65183.00,0.40,0.11,0.50,0.00,0.04,-9.82,0.00,0.18,1203.06,-0.00,-0.00,-0.01,-0.00,0.00,0.00,15.00
65198.00,0.40,0.11,0.59,0.00,0.04,6.48,0.00,0.18,1086.40,-0.00,-0.00,-0.01,0.00,0.00,0.00,6.00
65204.00,0.40,0.11,0.50,0.00,0.04,-15.56,0.00,0.18,-3673.68,-0.00,-0.00,-0.01,0.00,0.00,0.00,8.00
65212.00,0.40,0.11,0.46,0.00,0.04,-5.42,0.00,0.18,1268.32,-0.00,-0.00,-0.01,0.00,0.00,0.00,8.00
65220.00,0.40,0.11,0.52,0.00,0.04,7.28,0.00,0.18,1587.01,-0.00,-0.00,-0.01,0.00,0.00,-0.00,5.00
65225.00,0.40,0.11,0.53,0.00,0.04,2.68,0.00,0.18,-918.69,-0.00,-0.00,-0.01,0.00,-0.00,-0.00,8.00
65233.00,0.40,0.11,0.48,0.00,0.04,-6.82,0.00,0.18,-1187.54,-0.00,-0.00,-0.01,-0.00,-0.00,-0.00,5.00
65238.00,0.40,0.11,0.63,0.00,0.04,31.69,0.00,0.18,7701.20,-0.00,-0.00,-0.01,0.00,-0.00,0.00,6.00
65249.00,0.40,0.11,0.64,0.00,0.04,0.42,0.00,0.18,-2842.53,-0.00,-0.00,-0.01,-0.00,0.00,0.00,7.00
65256.00,0.40,0.11,0.52,0.00,0.04,-16.99,0.00,0.18,-2487.70,-0.00,-0.00,-0.01,-0.00,0.00,0.00,7.00
65263.00,0.40,0.11,0.51,0.00,0.04,-1.61,0.00,0.18,2197.52,-0.00,-0.00,-0.01,-0.00,0.00,0.00,8.00
65271.00,0.40,0.11,0.56,0.00,0.04,6.56,0.00,0.18,1020.66,-0.00,-0.00,-0.01,0.00,0.00,0.00,7.00
65278.00,0.40,0.11,0.52,0.00,0.04,-5.24,0.00,0.18,-1685.35,-0.00,-0.00,-0.01,0.00,0.00,0.00,16.00
65294.00,0.40,0.11,0.51,0.00,0.04,-1.18,0.00,0.18,253.95,-0.00,-0.00,-0.01,0.00,0.00,0.00,8.00
65302.00,0.40,0.11,0.53,0.00,0.04,3.47,0.00,0.18,581.25,-0.00,-0.00,-0.01,0.00,0.00,-0.00,8.00
65310.00,0.40,0.11,0.48,0.00,0.04,-6.87,0.00,0.18,-1293.16,-0.00,-0.00,-0.01,0.00,0.00,-0.00,6.00
65316.00,0.40,0.11,0.53,0.00,0.04,9.43,0.00,0.18,2717.36,-0.00,-0.00,-0.01,-0.00,0.00,-0.00,7.00
65323.00,0.40,0.11,0.56,0.00,0.04,3.51,0.00,0.18,-845.21,-0.00,-0.00,-0.01,-0.00,0.00,-0.00,8.00
65336.00,0.40,0.11,0.60,0.00,0.04,2.87,0.00,0.18,-49.30,-0.00,-0.00,-0.01,0.00,-0.00,-0.00,8.00
65344.00,0.40,0.11,0.44,0.00,0.04,-20.12,0.00,0.18,-2873.58,-0.00,-0.00,-0.01,0.00,-0.00,0.00,8.00
65352.00,0.40,0.11,0.42,0.00,0.04,-1.95,0.00,0.18,2271.05,-0.00,-0.00,-0.01,-0.00,0.00,0.00,8.00
65360.00,0.40,0.11,0.55,0.00,0.04,15.64,0.00,0.18,2198.00,-0.00,-0.00,-0.01,0.00,0.00,0.00,5.00
65365.00,0.40,0.11,0.47,0.00,0.04,-14.55,0.00,0.18,-6036.82,-0.00,-0.00,-0.01,0.00,0.00,-0.00,8.00
65373.00,0.41,0.12,0.58,0.05,0.03,13.20,0.27,-0.02,3468.39,-0.00,-0.00,-0.01,0.00,0.00,-0.00,9.00
65382.00,0.41,0.12,0.54,0.05,0.03,-4.23,0.27,-0.02,-1937.23,-0.00,-0.00,-0.01,0.00,-0.00,0.00,16.00
65398.00,0.41,0.12,0.57,0.05,0.03,1.84,0.27,-0.02,379.91,-0.00,-0.00,-0.01,0.00,0.00,0.00,6.00
65404.00,0.41,0.12,0.57,0.05,0.03,-0.31,0.27,-0.02,-359.40,-0.00,-0.00,-0.01,0.00,0.00,0.00,8.00
65412.00,0.41,0.12,0.59,0.05,0.03,3.38,0.27,-0.02,461.29,-0.00,-0.00,-0.01,-0.00,-0.00,0.00,8.00
65425.00,0.41,0.12,0.55,0.05,0.03,-3.80,0.27,-0.02,-551.96,-0.00,-0.00,-0.01,-0.00,0.00,0.00,9.00
65434.00,0.41,0.12,0.54,0.05,0.03,-0.21,0.27,-0.02,398.15,-0.00,-0.00,-0.01,0.00,-0.00,0.00,6.00
65440.00,0.41,0.12,0.56,0.05,0.03,2.27,0.27,-0.02,414.58,-0.00,-0.00,-0.01,0.00,0.00,0.00,6.00
65446.00,0.41,0.12,0.52,0.05,0.03,-6.30,0.27,-0.02,-1428.46,-0.00,-0.00,-0.01,0.00,-0.00,0.00,7.00
65453.00,0.41,0.12,0.54,0.05,0.03,2.43,0.27,-0.02,1247.19,-0.00,-0.00,-0.01,0.00,-0.00,0.00,8.00
65461.00,0.41,0.12,0.58,0.05,0.03,4.98,0.27,-0.02,318.93,-0.00,-0.00,-0.01,0.00,-0.00,-0.00,5.00
65466.00,0.41,0.12,0.60,0.05,0.03,4.01,0.27,-0.02,-194.62,-0.00,-0.00,-0.01,0.00,-0.00,-0.00,8.00
65474.00,0.41,0.12,0.57,0.05,0.03,-3.44,0.27,-0.02,-931.52,-0.00,-0.00,-0.01,0.00,0.00,-0.00,8.00
65482.00,0.41,0.12,0.60,0.05,0.03,4.26,0.27,-0.02,962.43,-0.00,-0.00,-0.01,0.00,0.00,0.00,16.00
65498.00,0.41,0.12,0.47,0.05,0.03,-8.34,0.27,-0.02,-787.55,-0.00,-0.00,-0.01,0.00,0.00,0.00,6.00
65509.00,0.41,0.12,0.54,0.05,0.03,6.81,0.27,-0.02,1377.90,-0.00,-0.00,-0.01,0.00,0.00,0.00,7.00
65516.00,0.41,0.12,0.50,0.05,0.03,-6.25,0.27,-0.02,-1866.21,-0.00,-0.00,-0.01,0.00,0.00,0.00,7.00
65523.00,0.41,0.12,0.53,0.05,0.03,4.31,0.27,-0.02,1508.41,-0.00,-0.00,-0.01,0.00,0.00,0.00,8.00
65531.00,0.41,0.12,0.54,0.05,0.03,1.75,0.27,-0.02,-319.53,-0.00,-0.00,-0.01,-0.00,-0.00,-0.00,6.00
65537.00,0.41,0.12,0.59,0.05,0.03,6.88,0.27,-0.02,854.92,-0.00,-0.00,-0.01,-0.00,-0.00,-0.00,7.00
65544.00,0.41,0.12,0.55,0.05,0.03,-4.78,0.27,-0.02,-1666.82,-0.00,-0.00,-0.01,0.00,-0.00,-0.00,8.00
65552.00,0.41,0.12,0.54,0.05,0.03,-1.44,0.27,-0.02,417.87,-0.00,-0.00,-0.01,-0.00,-0.00,-0.00,7.00
65559.00,0.41,0.12,0.60,0.05,0.03,8.27,0.27,-0.02,1386.70,-0.00,-0.00,-0.01,0.00,-0.00,-0.00,6.00
65565.00,0.41,0.12,0.59,0.05,0.03,-0.80,0.27,-0.02,-1510.37,-0.00,-0.00,-0.01,0.00,-0.00,-0.00,8.00
65573.00,0.41,0.12,0.42,0.00,0.00,-22.17,-0.27,-0.17,-2671.48,-0.00,-0.00,-0.01,0.00,-0.00,0.00,8.00
65592.00,0.41,0.12,0.62,0.00,0.00,10.60,-0.27,-0.17,1724.71,-0.00,-0.00,-0.01,0.00,0.00,0.00,16.00
65608.00,0.41,0.12,0.59,0.00,0.00,-1.65,-0.27,-0.17,-765.56,-0.00,-0.00,-0.01,0.00,-0.00,-0.00,7.00
65615.00,0.41,0.12,0.58,0.00,0.00,-1.63,-0.27,-0.17,2.50,-0.00,-0.00,-0.01,0.00,-0.00,-0.00,8.00
65623.00,0.41,0.12,0.58,0.00,0.00,-0.61,-0.27,-0.17,127.12,-0.00,-0.00,-0.01,-0.00,0.00,0.00,7.00
65630.00,0.41,0.12,0.61,0.00,0.00,4.84,-0.27,-0.17,779.00,-0.00,-0.00,-0.01,0.00,0.01,-0.00,5.00
65635.00,0.41,0.12,0.49,0.00,0.00,-23.54,-0.27,-0.17,-5675.18,-0.00,-0.00,-0.01,0.00,0.01,-0.00,7.00
65642.00,0.41,0.12,0.58,0.00,0.00,13.19,-0.27,-0.17,5247.28,-0.00,-0.00,-0.01,-0.00,0.00,0.00,7.00
65649.00,0.41,0.12,0.52,0.00,0.00,-9.17,-0.27,-0.17,-3194.74,-0.00,-0.00,-0.01,-0.00,-0.00,0.00,6.00
65655.00,0.41,0.12,0.53,0.00,0.00,1.56,-0.27,-0.17,1787.34,-0.00,-0.00,-0.01,-0.00,-0.00,0.00,8.00
65663.00,0.41,0.12,0.60,0.00,0.00,8.33,-0.27,-0.17,847.49,-0.00,-0.00,-0.01,0.00,-0.00,0.00,8.00
65675.00,0.41,0.12,0.53,0.00,0.00,-5.40,-0.27,-0.17,-1144.67,-0.00,-0.00,-0.01,0.00,0.00,0.00,19.00
65694.00,0.41,0.12,0.55,0.00,0.00,0.98,-0.27,-0.17,335.60,-0.00,-0.00,-0.01,-0.00,0.00,0.00,9.00
65703.00,0.41,0.12,0.58,0.00,0.00,3.79,-0.27,-0.17,312.39,-0.00,-0.00,-0.01,0.00,0.00,-0.00,8.00
65711.00,0.41,0.12,0.55,0.00,0.00,-4.46,-0.27,-0.17,-1030.67,-0.00,-0.00,-0.01,0.00,-0.00,-0.00,5.00
65716.00,0.41,0.12,0.63,0.00,0.00,16.28,-0.27,-0.17,4147.13,-0.00,-0.00,-0.01,-0.00,-0.00,-0.00,8.00
65724.00,0.41,0.12,0.59,0.00,0.00,-4.96,-0.27,-0.17,-2654.18,-0.00,-0.00,-0.01,-0.00,-0.00,-0.00,8.00
65732.00,0.41,0.12,0.46,0.00,0.00,-16.48,-0.27,-0.17,-1439.92,-0.00,-0.00,-0.01,-0.00,-0.00,-0.00,5.00
65737.00,0.41,0.12,0.56,0.00,0.00,20.33,-0.27,-0.17,7360.28,-0.00,-0.00,-0.01,-0.00,-0.00,-0.00,7.00
65744.00,0.41,0.12,0.55,0.00,0.00,-0.89,-0.27,-0.17,-3030.48,-0.00,-0.00,-0.01,0.00,-0.00,0.00,9.00
65753.00,0.41,0.12,0.62,0.00,0.00,6.92,-0.27,-0.17,867.07,-0.00,-0.00,-0.01,0.00,0.00,0.00,7.00
65765.00,0.41,0.12,0.57,0.00,0.00,-4.07,-0.27,-0.17,-915.24,-0.00,-0.00,-0.01,-0.00,-0.00,0.00,9.00
65774.00,0.41,0.12,0.51,0.00,0.00,-6.65,0.00,0.00,-287.55,-0.00,-0.00,-0.01,-0.00,-0.00,0.00,8.00
65782.00,0.41,0.12,0.53,0.00,0.00,2.39,0.00,0.00,1130.76,-0.00,-0.00,-0.01,-0.00,-0.00,0.00,16.00
65798.00,0.41,0.12,0.56,0.00,0.00,2.45,0.00,0.00,3.87,-0.00,-0.00,-0.01,0.00,0.00,-0.00,7.00
65805.00,0.41,0.12,0.63,0.00,0.00,9.38,0.00,0.00,989.57,-0.00,-0.00,-0.01,0.00,0.00,-0.00,8.00
65813.00,0.41,0.12,0.55,0.00,0.00,-10.57,0.00,0.00,-2493.89,-0.00,-0.00,-0.01,0.00,0.00,-0.00,6.00
65819.00,0.41,0.12,0.60,0.00,0.00,8.74,0.00,0.00,3217.97,-0.00,-0.00,-0.01,0.00,-0.00,-0.00,6.00
65825.00,0.41,0.12,0.57,0.00,0.00,-4.24,0.00,0.00,-2163.25,-0.00,-0.00,-0.01,0.00,-0.00,-0.00,9.00
65834.00,0.41,0.12,0.57,0.00,0.00,-0.18,0.00,0.00,451.34,-0.00,-0.00,-0.01,0.00,0.00,0.00,5.00
65839.00,0.41,0.12,0.56,0.00,0.00,-1.94,0.00,0.00,-351.08,-0.00,-0.00,-0.01,0.00,-0.00,0.00,7.00
65850.00,0.41,0.12,0.60,0.00,0.00,3.83,0.00,0.00,524.44,-0.00,-0.00,-0.01,0.00,-0.00,0.00,7.00
65857.00,0.41,0.12,0.57,0.00,0.00,-5.23,0.00,0.00,-1294.00,-0.00,-0.00,-0.01,0.00,-0.00,0.00,7.00
65864.00,0.41,0.12,0.48,0.00,0.00,-12.77,0.00,0.00,-1077.49,-0.00,-0.00,-0.01,0.00,0.00,0.00,9.00
65873.00,0.41,0.12,0.46,0.00,0.00,-1.52,0.00,0.00,1250.11,-0.00,-0.00,-0.01,0.00,0.00,-0.00,5.00
65878.00,0.41,0.12,0.56,0.00,0.00,19.92,0.00,0.00,4288.18,-0.00,-0.00,-0.01,0.00,-0.00,-0.00,17.00
65895.00,0.41,0.12,0.52,0.00,0.00,-2.84,0.00,0.00,-1339.04,-0.00,-0.00,-0.01,0.00,-0.00,-0.00,9.00
65904.00,0.41,0.12,0.59,0.00,0.00,8.34,0.00,0.00,1242.63,-0.00,-0.00,-0.01,-0.00,-0.01,-0.00,7.00
65911.00,0.41,0.12,0.51,0.00,0.00,-11.15,0.00,0.00,-2785.47,-0.00,-0.00,-0.01,-0.00,-0.00,0.00,6.00
65917.00,0.41,0.12,0.66,0.00,0.00,24.52,0.00,0.00,5945.67,-0.00,-0.00,-0.01,-0.00,-0.00,0.00,7.00
65924.00,0.41,0.12,0.49,0.00,0.00,-24.36,0.00,0.00,-6983.40,-0.00,-0.00,-0.01,-0.00,0.00,0.00,9.00
65938.00,0.41,0.12,0.50,0.00,0.00,0.96,0.00,0.00,1808.90,-0.00,-0.00,-0.01,-0.00,0.00,0.00,8.00
65946.00,0.41,0.12,0.59,0.00,0.00,11.05,0.00,0.00,1260.91,-0.00,-0.00,-0.01,0.00,-0.00,0.00,8.00
65954.00,0.41,0.12,0.49,0.00,0.00,-12.43,0.00,0.00,-2934.31,-0.00,-0.00,-0.01,-0.00,0.00,0.00,8.00
65962.00,0.41,0.12,0.60,0.00,0.00,13.39,0.00,0.00,3227.03,-0.00,-0.00,-0.01,0.00,0.00,-0.00,5.00
65967.00,0.41,0.12,0.50,0.00,0.00,-19.00,0.00,0.00,-6477.32,-0.00,-0.00,-0.01,0.00,0.00,-0.00,8.00
65975.00,0.41,0.13,0.64,0.00,0.04,16.84,0.00,0.19,4479.36,-0.00,-0.00,-0.01,0.00,0.00,-0.00,8.00
65983.00,0.41,0.13,0.60,0.00,0.04,-5.07,0.00,0.19,-2738.53,-0.00,-0.00,-0.01,0.00,-0.00,-0.00,15.00
65998.00,0.41,0.13,0.56,0.00,0.04,-2.61,0.00,0.19,164.22,-0.00,-0.00,-0.01,-0.00,-0.00,0.00,7.00
66005.00,0.41,0.13,0.58,0.00,0.04,2.37,0.00,0.19,711.13,-0.00,-0.00,-0.01,-0.00,-0.00,0.00,9.00
66014.00,0.41,0.13,0.56,0.00,0.04,-2.01,0.00,0.19,-487.26,-0.00,-0.00,-0.01,0.00,0.00,0.00,7.00
66025.00,0.41,0.13,0.57,0.00,0.04,1.24,0.00,0.19,296.24,-0.00,-0.00,-0.01,0.00,-0.00,0.00,10.00
66035.00,0.41,0.13,0.53,0.00,0.04,-3.98,0.00,0.19,-522.69,-0.00,-0.00,-0.01,0.00,0.00,0.00,5.00
66040.00,0.41,0.13,0.54,0.00,0.04,2.28,0.00,0.19,1251.60,-0.00,-0.00,-0.01,-0.00,0.00,-0.00,7.00
66047.00,0.41,0.13,0.49,0.00,0.04,-7.56,0.00,0.19,-1404.90,-0.00,-0.00,-0.01,-0.00,0.00,-0.00,7.00
66054.00,0.41,0.13,0.59,0.00,0.04,13.87,0.00,0.19,3061.39,-0.00,-0.00,-0.01,0.00,0.00,0.00,8.00
66062.00,0.41,0.13,0.52,0.00,0.04,-7.75,0.00,0.19,-2702.19,-0.00,-0.00,-0.01,-0.00,0.00,-0.00,5.00
66067.00,0.41,0.13,0.51,0.00,0.04,-1.96,0.00,0.19,1156.97,-0.00,-0.00,-0.01,-0.00,0.00,-0.00,8.00
66075.00,0.41,0.13,0.56,0.00,0.04,5.20,0.00,0.19,895.41,-0.00,-0.00,-0.01,0.00,0.00,0.00,9.00
66084.00,0.41,0.13,0.55,0.00,0.04,-0.30,0.00,0.19,-610.79,-0.00,-0.00,-0.01,0.00,-0.00,0.00,16.00
66100.00,0.41,0.13,0.55,0.00,0.04,-0.36,0.00,0.19,-4.05,-0.00,-0.00,-0.01,0.00,-0.00,0.00,6.00
66112.00,0.41,0.13,0.57,0.00,0.04,1.62,0.00,0.19,164.92,-0.00,-0.00,-0.01,0.00,-0.00,0.00,7.00
66119.00,0.41,0.13,0.55,0.00,0.04,-1.95,0.00,0.19,-510.27,-0.00,-0.00,-0.01,0.00,0.00,0.00,6.00
66125.00,0.41,0.13,0.53,0.00,0.04,-4.12,0.00,0.19,-360.69,-0.00,-0.00,-0.01,-0.00,0.00,0.00,9.00
66134.00,0.41,0.13,0.56,0.00,0.04,3.77,0.00,0.19,876.83,-0.00,-0.00,-0.01,-0.00,0.00,0.00,5.00
66139.00,0.41,0.13,0.62,0.00,0.04,10.76,0.00,0.19,1397.75,-0.00,-0.00,-0.01,0.00,0.00,-0.00,8.00
66147.00,0.41,0.13,0.49,0.00,0.04,-15.97,0.00,0.19,-3341.62,-0.00,-0.00,-0.01,0.00,0.01,-0.00,8.00
66155.00,0.41,0.13,0.57,0.00,0.04,9.78,0.00,0.19,3218.41,-0.00,-0.00,-0.01,0.00,0.00,-0.00,7.00
66162.00,0.41,0.13,0.65,0.00,0.04,12.24,0.00,0.19,352.25,-0.00,-0.00,-0.01,0.00,0.00,0.00,5.00
66167.00,0.41,0.13,0.55,0.00,0.04,-19.91,0.00,0.19,-6431.42,-0.00,-0.00,-0.01,0.00,0.00,0.00,8.00
66175.00,0.40,0.13,0.55,-0.06,0.00,-0.09,-0.28,-0.17,2478.57,-0.00,-0.00,-0.01,0.00,0.00,0.00,8.00
66188.00,0.40,0.13,0.62,-0.06,0.00,5.24,-0.28,-0.17,409.86,-0.00,-0.00,-0.01,-0.00,-0.00,0.00,17.00
66205.00,0.40,0.13,0.56,-0.06,0.00,-3.32,-0.28,-0.17,-503.94,-0.00,-0.00,-0.01,0.00,-0.01,-0.00,9.00
66214.00,0.40,0.13,0.57,-0.06,0.00,0.76,-0.28,-0.17,454.07,-0.00,-0.00,-0.01,0.00,-0.00,0.00,7.00
66221.00,0.40,0.13,0.59,-0.06,0.00,3.16,-0.28,-0.17,341.95,-0.00,-0.00,-0.01,0.00,-0.00,0.00,6.00
66227.00,0.40,0.13,0.56,-0.06,0.00,-5.00,-0.28,-0.17,-1358.95,-0.00,-0.00,-0.01,-0.00,-0.00,0.00,8.00
66235.00,0.40,0.13,0.63,-0.06,0.00,8.04,-0.28,-0.17,1630.03,-0.00,-0.00,-0.01,-0.00,-0.00,0.00,6.00
66241.00,0.40,0.13,0.47,-0.06,0.00,-25.55,-0.28,-0.17,-5598.55,-0.00,-0.00,-0.01,0.00,0.00,0.00,6.00
66247.00,0.40,0.13,0.65,-0.06,0.00,29.10,-0.28,-0.17,9107.36,-0.00,-0.00,-0.01,0.00,0.00,0.00,8.00
66255.00,0.40,0.13,0.62,-0.06,0.00,-3.83,-0.28,-0.17,-4116.06,-0.00,-0.00,-0.01,0.00,-0.00,-0.00,8.00
66263.00,0.40,0.13,0.59,-0.06,0.00,-3.25,-0.28,-0.17,73.38,-0.00,-0.00,-0.01,-0.00,0.00,0.00,6.00
66279.00,0.40,0.13,0.56,-0.06,0.00,-1.82,-0.28,-0.17,88.98,-0.00,-0.00,-0.01,-0.00,0.00,0.00,18.00
66297.00,0.40,0.13,0.59,-0.06,0.00,1.71,-0.28,-0.17,196.47,-0.00,-0.00,-0.01,0.00,0.00,-0.00,8.00
66305.00,0.40,0.13,0.57,-0.06,0.00,-2.83,-0.28,-0.17,-568.36,-0.00,-0.00,-0.01,0.00,0.00,0.00,8.00
66313.00,0.40,0.13,0.64,-0.06,0.00,8.08,-0.28,-0.17,1364.05,-0.00,-0.00,-0.01,-0.00,-0.00,-0.00,5.00
66318.00,0.40,0.13,0.59,-0.06,0.00,-9.22,-0.28,-0.17,-3460.28,-0.00,-0.00,-0.01,-0.00,0.00,-0.00,8.00
66326.00,0.40,0.13,0.61,-0.06,0.00,3.08,-0.28,-0.17,1538.11,-0.00,-0.00,-0.01,0.00,0.00,0.00,8.00
66334.00,0.40,0.13,0.61,-0.06,0.00,-1.10,-0.28,-0.17,-522.28,-0.00,-0.00,-0.01,-0.00,0.00,0.00,5.00
66339.00,0.40,0.13,0.62,-0.06,0.00,3.12,-0.28,-0.17,843.90,-0.00,-0.00,-0.01,-0.00,0.00,0.00,7.00
66346.00,0.40,0.13,0.59,-0.06,0.00,-4.02,-0.28,-0.17,-1020.93,-0.00,-0.00,-0.01,-0.00,0.00,0.00,9.00
66355.00,0.40,0.13,0.55,-0.06,0.00,-4.41,-0.28,-0.17,-42.80,-0.00,-0.00,-0.01,-0.00,0.00,-0.00,7.00
66367.00,0.40,0.13,0.68,-0.06,0.00,10.87,-0.28,-0.17,1272.90,-0.00,-0.00,-0.01,-0.00,-0.01,-0.00,9.00
66376.00,0.40,0.14,0.54,0.00,0.04,-15.56,0.28,0.17,-2935.84,-0.00,-0.00,-0.01,0.00,0.00,0.00,8.00
66384.00,0.40,0.14,0.58,0.00,0.04,5.03,0.28,0.17,2572.92,-0.00,-0.00,-0.01,-0.00,0.00,0.00,16.00
66400.00,0.40,0.14,0.55,0.00,0.04,-1.95,0.28,0.17,-436.05,-0.00,-0.00,-0.01,0.00,0.00,-0.00,7.00
66407.00,0.40,0.14,0.75,0.00,0.04,28.60,0.28,0.17,4364.71,-0.00,-0.00,-0.01,0.00,-0.00,0.00,8.00
66415.00,0.40,0.14,0.62,0.00,0.04,-17.12,0.28,0.17,-5716.06,-0.00,-0.00,-0.01,0.00,-0.00,0.00,7.00
66422.00,0.40,0.14,0.57,0.00,0.04,-6.99,0.28,0.17,1447.83,-0.00,-0.00,-0.01,0.00,0.00,0.00,5.00
66427.00,0.40,0.14,0.54,0.00,0.04,-5.56,0.28,0.17,285.05,-0.00,-0.00,-0.01,0.00,0.00,0.00,9.00
66436.00,0.40,0.14,0.59,0.00,0.04,5.91,0.28,0.17,1275.00,-0.00,-0.00,-0.01,0.00,0.00,0.00,5.00
66441.00,0.40,0.14,0.60,0.00,0.04,1.61,0.28,0.17,-860.23,-0.00,-0.00,-0.01,0.00,0.00,0.00,7.00
66453.00,0.40,0.14,0.61,0.00,0.04,0.86,0.28,0.17,-62.16,-0.00,-0.00,-0.01,0.00,-0.00,0.00,6.00
66459.00,0.40,0.14,0.60,0.00,0.04,-1.16,0.28,0.17,-336.75,-0.00,-0.00,-0.01,-0.00,-0.00,0.00,7.00
66466.00,0.40,0.14,0.61,0.00,0.04,0.83,0.28,0.17,283.52,-0.00,-0.00,-0.01,-0.00,-0.00,0.00,8.00
66474.00,0.40,0.14,0.61,0.00,0.04,-0.59,0.28,0.17,-177.36,-0.00,-0.00,-0.01,-0.00,-0.00,-0.00,5.00
66479.00,0.40,0.14,0.66,0.00,0.04,11.55,0.28,0.17,2427.44,-0.00,-0.00,-0.01,-0.00,-0.00,-0.00,8.00
66487.00,0.40,0.14,0.64,0.00,0.04,-3.23,0.28,0.17,-1846.64,-0.00,-0.00,-0.01,-0.00,-0.00,-0.00,6.00
66493.00,0.40,0.14,0.73,0.00,0.04,14.65,0.28,0.17,2979.27,-0.00,-0.00,-0.01,0.00,0.00,-0.00,15.00
66508.00,0.40,0.14,0.62,0.00,0.04,-6.87,0.28,0.17,-1434.85,-0.00,-0.00,-0.01,0.00,0.00,-0.00,8.00
66516.00,0.40,0.14,0.62,0.00,0.04,0.11,0.28,0.17,873.60,-0.00,-0.00,-0.01,0.00,0.00,-0.00,8.00
66524.00,0.40,0.14,0.56,0.00,0.04,-7.42,0.28,0.17,-941.32,-0.00,-0.00,-0.01,0.00,-0.00,-0.00,6.00
66535.00,0.40,0.14,0.62,0.00,0.04,5.23,0.28,0.17,1149.34,-0.00,-0.00,-0.01,0.00,0.00,0.00,7.00
66542.00,0.40,0.14,0.66,0.00,0.04,5.75,0.28,0.17,74.54,-0.00,-0.00,-0.01,-0.00,-0.00,-0.00,6.00
66548.00,0.40,0.14,0.65,0.00,0.04,-2.31,0.28,0.17,-1342.86,-0.00,-0.00,-0.01,-0.00,-0.00,-0.00,8.00
66556.00,0.40,0.14,0.56,0.00,0.04,-10.54,0.28,0.17,-1029.10,-0.00,-0.00,-0.01,0.00,-0.00,0.00,8.00
66564.00,0.40,0.14,0.60,0.00,0.04,4.88,0.28,0.17,1927.21,-0.00,-0.00,-0.01,-0.00,-0.00,0.00,6.00
66570.00,0.40,0.14,0.68,0.00,0.04,13.45,0.28,0.17,1429.55,-0.00,-0.00,-0.01,-0.00,0.00,-0.00,7.00
66577.00,0.40,0.14,0.73,0.00,0.00,6.82,0.00,-0.19,-947.46,-0.00,-0.00,-0.01,-0.00,0.00,-0.00,9.00
66586.00,0.40,0.14,0.63,0.00,0.00,-10.65,0.00,-0.19,-1941.03,-0.00,-0.00,-0.01,-0.00,0.00,0.00,5.00
66591.00,0.40,0.14,0.55,0.00,0.00,-17.46,0.00,-0.19,-1362.05,-0.00,-0.00,-0.01,-0.00,0.00,-0.00,16.00
66607.00,0.40,0.14,0.63,0.00,0.00,5.41,0.00,-0.19,1429.28,-0.00,-0.00,-0.01,0.00,0.00,0.00,9.00
66621.00,0.40,0.14,0.61,0.00,0.00,-1.74,0.00,-0.19,-510.88,-0.00,-0.00,-0.01,0.00,0.00,-0.00,7.00
66628.00,0.40,0.14,0.58,0.00,0.00,-3.97,0.00,-0.19,-318.56,-0.00,-0.00,-0.01,0.00,-0.00,0.00,8.00
66636.00,0.40,0.14,0.61,0.00,0.00,3.76,0.00,-0.19,966.38,-0.00,-0.00,-0.01,-0.00,0.00,0.00,6.00
66642.00,0.40,0.14,0.59,0.00,0.00,-2.91,0.00,-0.19,-1111.56,-0.00,-0.00,-0.01,-0.00,-0.00,0.00,6.00
66648.00,0.40,0.14,0.63,0.00,0.00,6.67,0.00,-0.19,1596.35,-0.00,-0.00,-0.01,-0.00,-0.00,0.00,8.00
66656.00,0.40,0.14,0.64,0.00,0.00,0.11,0.00,-0.19,-820.26,-0.00,-0.00,-0.01,-0.00,-0.00,-0.00,8.00
66664.00,0.40,0.14,0.64,0.00,0.00,0.44,0.00,-0.19,41.66,-0.00,-0.00,-0.01,0.01,-0.00,0.00,6.00
66670.00,0.40,0.14,0.64,0.00,0.00,0.93,0.00,-0.19,82.05,-0.00,-0.00,-0.01,0.00,0.00,-0.00,7.00
66677.00,0.40,0.14,0.67,0.00,0.00,4.08,0.00,-0.19,450.48,-0.00,-0.00,-0.01,0.00,0.00,-0.00,19.00
66696.00,0.40,0.14,0.54,0.00,0.00,-6.90,0.00,-0.19,-577.97,-0.00,-0.00,-0.01,0.00,-0.00,0.00,7.00
66708.00,0.40,0.14,0.63,0.00,0.00,7.37,0.00,-0.19,1189.25,-0.00,-0.00,-0.01,0.00,-0.00,0.00,10.00
66718.00,0.40,0.14,0.71,0.00,0.00,7.82,0.00,-0.19,44.94,-0.00,-0.00,-0.01,0.00,0.00,0.00,8.00
66726.00,0.40,0.14,0.70,0.00,0.00,-1.58,0.00,-0.19,-1175.24,-0.00,-0.00,-0.01,0.00,0.00,-0.00,7.00
66733.00,0.40,0.14,0.63,0.00,0.00,-8.92,0.00,-0.19,-1048.78,-0.00,-0.00,-0.01,0.00,0.00,-0.00,6.00
66739.00,0.40,0.14,0.68,0.00,0.00,8.48,0.00,-0.19,2900.35,-0.00,-0.00,-0.01,0.00,0.00,-0.00,6.00
66745.00,0.40,0.14,0.50,0.00,0.00,-30.84,0.00,-0.19,-6553.93,-0.00,-0.00,-0.01,0.00,0.00,-0.00,5.00
66750.00,0.40,0.14,0.61,0.00,0.00,22.20,0.00,-0.19,10608.92,-0.00,-0.00,-0.01,0.00,0.00,-0.00,8.00
66758.00,0.40,0.14,0.66,0.00,0.00,5.58,0.00,-0.19,-2078.14,-0.00,-0.00,-0.01,0.00,0.00,0.00,8.00
66766.00,0.40,0.14,0.68,0.00,0.00,2.84,0.00,-0.19,-342.22,-0.00,-0.00,-0.01,0.00,0.00,-0.00,7.00
66773.00,0.40,0.14,0.68,0.00,0.00,-0.20,0.00,-0.19,-433.81,-0.00,-0.00,-0.01,0.00,0.00,0.00,5.00
66783.00,0.40,0.14,0.66,0.00,0.04,-1.37,0.00,0.18,-117.82,-0.00,-0.00,-0.01,0.00,0.00,-0.00,7.00
66790.00,0.40,0.14,0.61,0.00,0.04,-7.79,0.00,0.18,-916.93,-0.00,-0.00,-0.01,0.00,0.00,-0.00,7.00
66797.00,0.40,0.14,0.70,0.00,0.04,13.33,0.00,0.18,3017.67,-0.00,-0.00,-0.01,-0.00,-0.00,0.00,17.00
66814.00,0.40,0.14,0.66,0.00,0.04,-2.29,0.00,0.18,-918.71,-0.00,-0.00,-0.01,0.00,0.00,-0.00,6.00
66820.00,0.40,0.14,0.64,0.00,0.04,-3.28,0.00,0.18,-164.80,-0.00,-0.00,-0.01,0.00,0.00,-0.00,7.00
66827.00,0.40,0.14,0.68,0.00,0.04,4.84,0.00,0.18,1159.94,-0.00,-0.00,-0.01,0.00,0.00,-0.00,8.00
66835.00,0.40,0.14,0.60,0.00,0.04,-9.03,0.00,0.18,-1734.52,-0.00,-0.00,-0.01,0.00,-0.00,0.00,6.00
66841.00,0.40,0.14,0.63,0.00,0.04,3.74,0.00,0.18,2128.39,-0.00,-0.00,-0.01,0.00,-0.00,-0.00,7.00
66848.00,0.40,0.14,0.62,0.00,0.04,-0.94,0.00,0.18,-668.26,-0.00,-0.00,-0.01,0.00,0.00,-0.01,8.00
66856.00,0.40,0.14,0.59,0.00,0.04,-4.22,0.00,0.18,-409.47,-0.00,-0.00,-0.01,-0.00,-0.00,0.00,7.00
66868.00,0.40,0.14,0.49,0.00,0.04,-7.94,0.00,0.18,-310.53,-0.00,-0.00,-0.01,-0.00,0.00,0.00,10.00
66878.00,0.40,0.14,0.55,0.00,0.04,5.49,0.00,0.18,1343.55,-0.00,-0.00,-0.01,-0.00,0.00,0.00,9.00
66887.00,0.40,0.14,0.59,0.00,0.04,4.83,0.00,0.18,-73.58,-0.00,-0.00,-0.01,-0.00,0.00,-0.00,16.00
66903.00,0.40,0.14,0.61,0.00,0.04,1.25,0.00,0.18,-223.77,-0.00,-0.00,-0.01,-0.00,-0.00,0.00,6.00
66909.00,0.40,0.14,0.58,0.00,0.04,-5.38,0.00,0.18,-1104.35,-0.00,-0.00,-0.01,-0.00,0.00,0.00,8.00
66917.00,0.40,0.14,0.66,0.00,0.04,10.88,0.00,0.18,2032.01,-0.00,-0.00,-0.01,-0.00,-0.00,0.00,7.00
66924.00,0.40,0.14,0.59,0.00,0.04,-10.58,0.00,0.18,-3065.35,-0.00,-0.00,-0.01,-0.00,0.00,0.00,6.00
66930.00,0.40,0.14,0.49,0.00,0.04,-16.77,0.00,0.18,-1032.66,-0.00,-0.00,-0.01,-0.00,0.00,0.00,8.00
66938.00,0.40,0.14,0.59,0.00,0.04,13.08,0.00,0.18,3730.99,-0.00,-0.00,-0.01,-0.00,-0.00,0.00,5.00
66943.00,0.40,0.14,0.60,0.00,0.04,0.23,0.00,0.18,-2568.64,-0.00,-0.00,-0.01,-0.00,-0.00,-0.00,6.00
66959.00,0.40,0.14,0.65,0.00,0.04,3.24,0.00,0.18,187.93,-0.00,-0.00,-0.01,-0.00,-0.00,-0.00,9.00
66968.00,0.40,0.14,0.59,0.00,0.04,-5.93,0.00,0.18,-1018.59,-0.00,-0.00,-0.01,-0.00,0.00,0.00,9.00
66977.00,0.40,0.14,0.62,0.00,0.04,3.19,0.00,0.18,1013.15,-0.00,-0.00,-0.01,-0.00,-0.00,0.00,7.00
66984.00,0.40,0.15,0.60,0.00,0.04,-3.28,0.00,0.00,-924.08,-0.00,-0.00,-0.01,-0.00,0.00,-0.00,5.00
66989.00,0.40,0.15,0.66,0.00,0.04,12.42,0.00,0.00,3139.45,-0.00,-0.00,-0.01,-0.00,0.00,-0.00,16.00
67005.00,0.40,0.15,0.64,0.00,0.04,-1.25,0.00,0.00,-854.04,-0.00,-0.00,-0.01,-0.00,0.00,0.00,6.00
67011.00,0.40,0.15,0.71,0.00,0.04,10.52,0.00,0.00,1961.61,-0.00,-0.00,-0.01,-0.00,0.00,0.00,7.00
67018.00,0.40,0.15,0.67,0.00,0.04,-4.67,0.00,0.00,-2170.24,-0.00,-0.00,-0.01,0.00,0.00,-0.00,8.00
67026.00,0.40,0.15,0.59,0.00,0.04,-10.63,0.00,0.00,-745.09,-0.00,-0.00,-0.01,0.00,0.00,0.00,6.00
67032.00,0.40,0.15,0.60,0.00,0.04,2.47,0.00,0.00,2183.19,-0.00,-0.00,-0.01,0.00,0.00,0.00,8.00
67044.00,0.40,0.15,0.64,0.00,0.04,3.03,0.00,0.00,46.46,-0.00,-0.00,-0.01,-0.00,-0.00,0.00,7.00
67051.00,0.40,0.15,0.60,0.00,0.04,-5.32,0.00,0.00,-1192.57,-0.00,-0.00,-0.01,-0.00,-0.00,0.00,7.00
67058.00,0.40,0.15,0.53,0.00,0.04,-10.76,0.00,0.00,-777.79,-0.00,-0.00,-0.01,-0.00,0.00,0.00,8.00
67066.00,0.40,0.15,0.67,0.00,0.04,17.89,0.00,0.00,3582.19,-0.00,-0.00,-0.01,-0.00,-0.00,-0.00,6.00
67072.00,0.40,0.15,0.51,0.00,0.04,-26.20,0.00,0.00,-7348.36,-0.00,-0.00,-0.01,-0.00,0.00,-0.00,7.00
67079.00,0.40,0.15,0.59,0.00,0.04,11.38,0.00,0.00,5367.69,-0.00,-0.00,-0.01,0.00,0.00,-0.00,9.00
67088.00,0.40,0.15,0.61,0.00,0.04,1.92,0.00,0.00,-1050.57,-0.00,-0.00,-0.01,0.00,0.00,-0.00,15.00
67103.00,0.40,0.15,0.58,0.00,0.04,-1.85,0.00,0.00,-251.48,-0.00,-0.00,-0.01,-0.00,-0.00,-0.00,6.00
67109.00,0.40,0.15,0.54,0.00,0.04,-7.41,0.00,0.00,-926.58,-0.00,-0.00,-0.01,-0.00,-0.00,-0.00,8.00
67117.00,0.40,0.15,0.55,0.00,0.04,1.83,0.00,0.00,1155.54,-0.00,-0.00,-0.01,-0.00,0.00,0.00,8.00
67129.00,0.40,0.15,0.52,0.00,0.04,-2.68,0.00,0.00,-376.41,-0.00,-0.00,-0.01,-0.00,0.00,0.00,10.00
67139.00,0.40,0.15,0.54,0.00,0.04,2.53,0.00,0.00,520.88,-0.00,-0.00,-0.01,0.00,0.00,0.00,5.00
67144.00,0.40,0.15,0.51,0.00,0.04,-6.08,0.00,0.00,-1720.65,-0.00,-0.00,-0.01,-0.00,0.00,-0.00,6.00
67150.00,0.40,0.15,0.58,0.00,0.04,10.84,0.00,0.00,2818.69,-0.00,-0.00,-0.01,-0.00,0.00,-0.00,8.00
67158.00,0.40,0.15,0.63,0.00,0.04,6.87,0.00,0.00,-495.13,-0.00,-0.00,-0.01,0.00,0.00,-0.00,7.00
67165.00,0.40,0.15,0.66,0.00,0.04,3.91,0.00,0.00,-423.17,-0.00,-0.00,-0.01,-0.00,0.00,-0.00,6.00
67171.00,0.40,0.15,0.55,0.00,0.04,-18.58,0.00,0.00,-3749.28,-0.00,-0.00,-0.01,-0.00,0.00,-0.00,7.00
67178.00,0.40,0.15,0.64,0.00,0.04,12.27,0.00,0.00,4407.00,-0.00,-0.00,-0.01,0.00,-0.00,0.00,9.00
67187.00,0.39,0.17,0.54,-0.05,0.08,-10.42,-0.27,0.21,-2521.11,-0.00,-0.00,-0.01,0.00,-0.01,0.00,16.00
67203.00,0.39,0.17,0.56,-0.05,0.08,1.42,-0.27,0.21,740.27,-0.00,-0.00,-0.01,-0.00,-0.00,0.00,6.00
67214.00,0.39,0.17,0.56,-0.05,0.08,-0.82,-0.27,0.21,-203.36,-0.00,-0.00,-0.01,-0.00,0.00,0.00,7.00
67221.00,0.39,0.17,0.64,-0.05,0.08,12.25,-0.27,0.21,1866.85,-0.00,-0.00,-0.01,-0.00,0.00,0.00,7.00
67228.00,0.39,0.17,0.68,-0.05,0.08,5.60,-0.27,0.21,-949.84,-0.00,-0.00,-0.01,-0.00,-0.00,0.00,8.00
67236.00,0.39,0.17,0.59,-0.05,0.08,-11.31,-0.27,0.21,-2114.55,-0.00,-0.00,-0.01,-0.00,0.00,0.00,6.00
67242.00,0.39,0.17,0.56,-0.05,0.08,-4.60,-0.27,0.21,1118.36,-0.00,-0.00,-0.01,0.00,0.00,-0.00,7.00
67249.00,0.39,0.17,0.56,-0.05,0.08,-0.97,-0.27,0.21,518.99,-0.00,-0.00,-0.01,0.00,0.00,-0.00,8.00
67257.00,0.39,0.17,0.62,-0.05,0.08,8.06,-0.27,0.21,1128.53,-0.00,-0.00,-0.01,-0.00,0.00,-0.00,7.00
67264.00,0.39,0.17,0.56,-0.05,0.08,-8.67,-0.27,0.21,-2389.86,-0.00,-0.00,-0.01,-0.00,-0.00,0.00,6.00
67270.00,0.39,0.17,0.52,-0.05,0.08,-6.27,-0.27,0.21,400.34,-0.00,-0.00,-0.01,-0.00,-0.00,0.00,8.00
67278.00,0.39,0.17,0.64,-0.05,0.08,15.20,-0.27,0.21,2683.59,-0.00,-0.00,-0.01,0.00,0.00,0.00,8.00
67291.00,0.39,0.17,0.64,-0.05,0.08,-0.41,-0.27,0.21,-1200.65,-0.00,-0.00,-0.01,0.00,-0.01,0.00,17.00
67308.00,0.39,0.17,0.63,-0.05,0.08,-0.43,-0.27,0.21,-0.95,-0.00,-0.00,-0.01,0.00,0.00,-0.00,8.00
67316.00,0.39,0.17,0.57,-0.05,0.08,-7.25,-0.27,0.21,-852.51,-0.00,-0.00,-0.01,-0.00,0.00,-0.00,5.00
67321.00,0.39,0.17,0.62,-0.05,0.08,10.41,-0.27,0.21,3530.73,-0.00,-0.00,-0.01,-0.00,0.00,-0.00,8.00
67329.00,0.39,0.17,0.56,-0.05,0.08,-7.69,-0.27,0.21,-2262.22,-0.00,-0.00,-0.01,-0.00,0.00,-0.00,9.00
67338.00,0.39,0.17,0.66,-0.05,0.08,10.65,-0.27,0.21,2037.67,-0.00,-0.00,-0.01,0.00,0.00,-0.00,6.00
67344.00,0.39,0.17,0.62,-0.05,0.08,-6.92,-0.27,0.21,-2928.15,-0.00,-0.00,-0.01,-0.00,0.00,-0.00,6.00
67350.00,0.39,0.17,0.60,-0.05,0.08,-3.20,-0.27,0.21,620.16,-0.00,-0.00,-0.01,-0.00,0.00,-0.00,8.00
67358.00,0.39,0.17,0.66,-0.05,0.08,7.75,-0.27,0.21,1368.82,-0.00,-0.00,-0.01,0.00,0.00,0.00,8.00
67366.00,0.39,0.17,0.62,-0.05,0.08,-5.32,-0.27,0.21,-1633.69,-0.00,-0.00,-0.01,0.00,0.00,0.00,5.00
67376.00,0.39,0.17,0.61,-0.05,0.08,-1.02,-0.27,0.21,430.23,-0.00,-0.00,-0.01,0.00,0.00,-0.00,6.00
67382.00,0.39,0.17,0.73,-0.05,0.08,20.89,-0.27,0.21,3651.22,-0.00,-0.00,-0.01,0.00,0.00,-0.00,7.00
67389.00,0.39,0.17,0.60,0.00,0.04,-18.42,0.27,-0.21,-5616.50,-0.00,-0.00,-0.01,0.00,0.00,0.00,16.00
67405.00,0.39,0.17,0.69,0.00,0.04,5.13,0.27,-0.21,1471.88,-0.00,-0.00,-0.01,0.00,-0.00,0.00,6.00
67411.00,0.39,0.17,0.60,0.00,0.04,-13.81,0.27,-0.21,-3156.45,-0.00,-0.00,-0.01,0.00,-0.00,0.00,7.00
67418.00,0.39,0.17,0.61,0.00,0.04,0.77,0.27,-0.21,2083.73,-0.00,-0.00,-0.01,0.00,0.00,0.00,8.00
67426.00,0.39,0.17,0.58,0.00,0.04,-3.35,0.27,-0.21,-515.95,-0.00,-0.00,-0.01,-0.00,-0.00,0.00,6.00
67432.00,0.39,0.17,0.54,0.00,0.04,-7.78,0.27,-0.21,-738.37,-0.00,-0.00,-0.01,-0.00,-0.00,0.00,8.00
67440.00,0.39,0.17,0.56,0.00,0.04,3.35,0.27,-0.21,1391.73,-0.00,-0.00,-0.01,-0.00,0.00,0.00,5.00
67445.00,0.39,0.17,0.60,0.00,0.04,7.31,0.27,-0.21,791.49,-0.00,-0.00,-0.01,-0.00,-0.00,0.00,6.00
67456.00,0.39,0.17,0.60,0.00,0.04,0.03,0.27,-0.21,-661.82,-0.00,-0.00,-0.01,-0.00,-0.00,0.00,7.00
67463.00,0.39,0.17,0.64,0.00,0.04,6.49,0.27,-0.21,923.34,-0.00,-0.00,-0.01,-0.00,-0.00,-0.00,6.00
67469.00,0.39,0.17,0.61,0.00,0.04,-6.41,0.27,-0.21,-2150.35,-0.00,-0.00,-0.01,0.00,0.00,-0.00,9.00
67478.00,0.39,0.17,0.57,0.00,0.04,-3.60,0.27,-0.21,312.83,-0.00,-0.00,-0.01,0.00,-0.00,0.00,6.00
67484.00,0.39,0.17,0.62,0.00,0.04,8.40,0.27,-0.21,1999.49,-0.00,-0.00,-0.01,0.00,-0.00,0.00,17.00
67501.00,0.39,0.17,0.62,0.00,0.04,-0.45,0.27,-0.21,-520.39,-0.00,-0.00,-0.01,0.00,0.00,0.00,8.00
67509.00,0.39,0.17,0.59,0.00,0.04,-2.88,0.27,-0.21,-304.79,-0.00,-0.00,-0.01,0.00,0.00,0.00,9.00
67518.00,0.39,0.17,0.57,0.00,0.04,-2.10,0.27,-0.21,86.86,-0.00,-0.00,-0.01,-0.00,-0.00,-0.00,5.00
67523.00,0.39,0.17,0.55,0.00,0.04,-4.09,0.27,-0.21,-396.94,-0.00,-0.00,-0.01,0.00,-0.00,-0.00,7.00
67530.00,0.39,0.17,0.52,0.00,0.04,-4.18,0.27,-0.21,-13.25,-0.00,-0.00,-0.01,0.00,-0.00,0.00,9.00
67543.00,0.39,0.17,0.59,0.00,0.04,4.68,0.27,-0.21,681.82,-0.00,-0.00,-0.01,0.00,-0.00,0.00,8.00
67551.00,0.39,0.17,0.59,0.00,0.04,0.13,0.27,-0.21,-568.54,-0.00,-0.00,-0.01,0.00,-0.00,0.00,8.00
67559.00,0.39,0.17,0.74,0.00,0.04,18.66,0.27,-0.21,2315.33,-0.00,-0.00,-0.01,0.00,-0.00,0.00,7.00
67566.00,0.39,0.17,0.55,0.00,0.04,-26.96,0.27,-0.21,-6516.17,-0.00,-0.00,-0.01,0.00,-0.00,-0.00,6.00
67572.00,0.39,0.17,0.62,0.00,0.04,12.89,0.27,-0.21,6641.64,-0.00,-0.00,-0.01,0.00,-0.00,-0.00,8.00
67580.00,0.39,0.17,0.62,0.00,0.04,0.01,0.27,-0.21,-1610.97,-0.00,-0.00,-0.01,-0.00,-0.00,0.00,8.00
67588.00,0.39,0.17,0.53,0.00,0.04,-11.95,0.27,-0.21,-1494.53,-0.00,-0.00,-0.01,0.00,0.00,0.00,3.00
67591.00,0.39,0.17,0.61,0.00,0.00,27.00,0.00,-0.19,12982.28,-0.00,-0.00,-0.01,0.00,-0.00,0.00,5.00
67596.00,0.39,0.17,0.67,0.00,0.00,12.33,0.00,-0.19,-2933.84,-0.00,-0.00,-0.01,0.00,-0.00,0.00,16.00
67612.00,0.39,0.17,0.62,0.00,0.00,-3.22,0.00,-0.19,-971.50,-0.00,-0.00,-0.01,-0.00,-0.00,0.00,8.00
67630.00,0.39,0.17,0.58,0.00,0.00,-2.48,0.00,-0.19,40.94,-0.00,-0.00,-0.01,-0.00,-0.00,0.00,8.00
67638.00,0.39,0.17,0.67,0.00,0.00,12.33,0.00,-0.19,1851.29,-0.00,-0.00,-0.01,-0.00,-0.00,-0.00,5.00
67643.00,0.39,0.17,0.63,0.00,0.00,-8.43,0.00,-0.19,-4152.68,-0.00,-0.00,-0.01,-0.00,-0.00,-0.00,8.00
67651.00,0.39,0.17,0.61,0.00,0.00,-2.84,0.00,-0.19,698.79,-0.00,-0.00,-0.01,0.00,0.00,0.00,8.00
67659.00,0.39,0.17,0.57,0.00,0.00,-4.33,0.00,-0.19,-185.94,-0.00,-0.00,-0.01,0.00,-0.00,0.00,7.00
67666.00,0.39,0.17,0.64,0.00,0.00,9.18,0.00,-0.19,1930.24,-0.00,-0.00,-0.01,0.00,-0.00,-0.00,5.00
67671.00,0.39,0.17,0.64,0.00,0.00,0.78,0.00,-0.19,-1681.15,-0.00,-0.00,-0.01,0.00,-0.00,-0.00,6.00
67677.00,0.39,0.17,0.61,0.00,0.00,-4.62,0.00,-0.19,-899.67,-0.00,-0.00,-0.01,-0.00,-0.00,0.00,5.00
67682.00,0.39,0.17,0.63,0.00,0.00,2.89,0.00,-0.19,1501.56,-0.00,-0.00,-0.01,-0.00,-0.00,0.00,18.00
67700.00,0.39,0.17,0.66,0.00,0.00,1.70,0.00,-0.19,-65.96,-0.00,-0.00,-0.01,0.00,0.00,0.00,8.00
67713.00,0.39,0.17,0.59,0.00,0.00,-5.08,0.00,-0.19,-521.09,-0.00,-0.00,-0.01,-0.00,0.00,0.00,8.00
67721.00,0.39,0.17,0.58,0.00,0.00,-1.73,0.00,-0.19,417.90,-0.00,-0.00,-0.01,0.00,0.00,0.00,8.00
67729.00,0.39,0.17,0.61,0.00,0.00,3.99,0.00,-0.19,715.66,-0.00,-0.00,-0.01,0.00,0.00,0.00,7.00
67736.00,0.39,0.17,0.64,0.00,0.00,4.06,0.00,-0.19,9.33,-0.00,-0.00,-0.01,0.00,0.00,-0.00,6.00
67742.00,0.39,0.17,0.60,0.00,0.00,-6.11,0.00,-0.19,-1695.21,-0.00,-0.00,-0.01,0.00,0.00,-0.00,6.00
67748.00,0.39,0.17,0.64,0.00,0.00,5.73,0.00,-0.19,1974.47,-0.00,-0.00,-0.01,0.00,0.00,0.00,5.00
67753.00,0.39,0.17,0.59,0.00,0.00,-10.51,0.00,-0.19,-3248.24,-0.00,-0.00,-0.01,0.00,0.00,0.00,8.00
67761.00,0.39,0.17,0.57,0.00,0.00,-1.66,0.00,-0.19,1106.35,-0.00,-0.00,-0.01,0.00,0.00,0.00,8.00
67769.00,0.39,0.17,0.63,0.00,0.00,7.25,0.00,-0.19,1113.09,-0.00,-0.00,-0.01,0.00,0.00,0.00,7.00
67776.00,0.39,0.17,0.45,0.00,0.00,-25.25,0.00,-0.19,-4643.04,-0.00,-0.00,-0.01,0.00,0.00,0.00,6.00
67786.00,0.39,0.17,0.51,0.00,0.00,5.81,0.00,-0.19,3105.97,-0.00,-0.00,-0.01,0.00,-0.00,0.00,17.00
67803.00,0.38,0.18,0.64,-0.05,0.04,7.32,-0.25,0.19,89.08,-0.00,-0.00,-0.01,-0.00,0.00,-0.00,8.00
67811.00,0.38,0.18,0.55,-0.05,0.04,-10.35,-0.25,0.19,-2209.04,-0.00,-0.00,-0.01,0.00,0.00,0.00,8.00
67819.00,0.38,0.18,0.61,-0.05,0.04,6.60,-0.25,0.19,2118.63,-0.00,-0.00,-0.01,0.00,-0.00,-0.00,7.00
67826.00,0.38,0.18,0.63,-0.05,0.04,3.30,-0.25,0.19,-470.72,-0.00,-0.00,-0.01,0.00,0.00,0.00,6.00
67832.00,0.38,0.18,0.61,-0.05,0.04,-2.71,-0.25,0.19,-1002.63,-0.00,-0.00,-0.01,0.00,0.00,0.00,8.00
67840.00,0.38,0.18,0.67,-0.05,0.04,6.64,-0.25,0.19,1169.24,-0.00,-0.00,-0.01,0.00,-0.00,0.00,5.00
67845.00,0.38,0.18,0.61,-0.05,0.04,-10.89,-0.25,0.19,-3505.27,-0.00,-0.00,-0.01,0.00,-0.00,0.00,7.00
67852.00,0.38,0.18,0.68,-0.05,0.04,10.31,-0.25,0.19,3027.44,-0.00,-0.00,-0.01,0.00,-0.00,0.00,8.00
67860.00,0.38,0.18,0.56,-0.05,0.04,-15.64,-0.25,0.19,-3242.84,-0.00,-0.00,-0.01,0.00,-0.00,0.00,8.00
67873.00,0.38,0.18,0.62,-0.05,0.04,4.58,-0.25,0.19,1555.38,-0.00,-0.00,-0.01,0.00,-0.00,0.00,8.00
67881.00,0.38,0.18,0.57,-0.05,0.04,-5.75,-0.25,0.19,-1291.35,-0.00,-0.00,-0.01,0.00,-0.00,0.00,9.00
67890.00,0.38,0.18,0.58,-0.05,0.04,1.17,-0.25,0.19,769.05,-0.00,-0.00,-0.01,-0.00,-0.00,-0.00,16.00
67906.00,0.38,0.18,0.64,-0.05,0.04,3.61,-0.25,0.19,151.95,-0.00,-0.00,-0.01,0.00,-0.00,0.00,6.00
67912.00,0.38,0.18,0.67,-0.05,0.04,4.74,-0.25,0.19,188.60,-0.00,-0.00,-0.01,0.00,0.00,0.00,8.00
67920.00,0.38,0.18,0.62,-0.05,0.04,-5.56,-0.25,0.19,-1287.04,-0.00,-0.00,-0.01,0.00,0.00,0.00,8.00
67928.00,0.38,0.18,0.59,-0.05,0.04,-4.86,-0.25,0.19,86.85,-0.00,-0.00,-0.01,0.00,0.00,0.00,5.00
67933.00,0.38,0.18,0.70,-0.05,0.04,23.39,-0.25,0.19,5651.16,-0.00,-0.00,-0.01,0.00,0.00,0.00,9.00
67942.00,0.38,0.18,0.67,-0.05,0.04,-3.56,-0.25,0.19,-2994.59,-0.00,-0.00,-0.01,0.00,0.00,0.00,5.00
67947.00,0.38,0.18,0.65,-0.05,0.04,-5.11,-0.25,0.19,-309.43,-0.00,-0.00,-0.01,-0.00,0.01,0.00,6.00
67957.00,0.38,0.18,0.69,-0.05,0.04,4.93,-0.25,0.19,1003.31,-0.00,-0.00,-0.01,0.00,0.00,0.00,7.00
67964.00,0.38,0.18,0.67,-0.05,0.04,-3.91,-0.25,0.19,-1261.87,-0.00,-0.00,-0.01,-0.00,0.00,0.00,7.00
67971.00,0.38,0.18,0.78,-0.05,0.04,16.28,-0.25,0.19,2884.26,-0.00,-0.00,-0.01,-0.00,-0.00,0.00,9.00
67980.00,0.38,0.18,0.55,-0.05,0.04,-25.16,-0.25,0.19,-4604.29,-0.00,-0.00,-0.01,0.00,0.00,0.00,6.00
67986.00,0.38,0.18,0.63,-0.05,0.04,11.76,-0.25,0.19,6153.28,-0.00,-0.00,-0.01,0.00,0.00,0.00,16.00
68002.00,0.38,0.18,0.58,-0.05,0.04,-2.83,-0.25,0.19,-912.22,-0.00,-0.00,-0.00,0.00,0.00,0.00,9.00
68011.00,0.38,0.18,0.58,0.00,0.00,-0.42,0.25,-0.19,267.51,-0.00,-0.00,-0.00,0.00,-0.00,0.00,8.00
68019.00,0.38,0.18,0.60,0.00,0.00,2.82,0.25,-0.19,405.49,-0.00,-0.00,-0.00,-0.00,0.00,0.00,7.00
68026.00,0.38,0.18,0.64,0.00,0.00,5.40,0.25,-0.19,368.27,-0.00,-0.00,-0.00,-0.00,0.00,0.00,6.00
68032.00,0.38,0.18,0.60,0.00,0.00,-6.65,0.25,-0.19,-2007.69,-0.00,-0.00,-0.00,-0.00,0.00,0.00,9.00
68046.00,0.38,0.18,0.72,0.00,0.00,9.04,0.25,-0.19,1120.78,-0.00,-0.00,-0.00,-0.00,-0.00,-0.00,7.00
68053.00,0.38,0.18,0.64,0.00,0.00,-11.31,0.25,-0.19,-2907.18,-0.00,-0.00,-0.00,0.00,0.00,-0.00,8.00
68061.00,0.38,0.18,0.57,0.00,0.00,-9.24,0.25,-0.19,258.16,-0.00,-0.00,-0.00,0.00,0.00,-0.00,7.00
68068.00,0.38,0.18,0.48,0.00,0.00,-13.19,0.25,-0.19,-564.07,-0.00,-0.00,-0.00,-0.00,-0.00,0.00,6.00
68074.00,0.38,0.18,0.59,0.00,0.00,19.10,0.25,-0.19,5381.33,-0.00,-0.00,-0.00,-0.00,-0.00,0.00,7.00
68081.00,0.38,0.18,0.66,0.00,0.00,10.27,0.25,-0.19,-1260.36,-0.00,-0.00,-0.00,0.00,0.00,0.00,9.00
68090.00,0.38,0.18,0.63,0.00,0.00,-3.31,0.25,-0.19,-1509.47,-0.00,-0.00,-0.00,-0.00,0.00,0.00,15.00
68105.00,0.38,0.18,0.52,0.00,0.00,-7.57,0.25,-0.19,-283.66,-0.00,-0.00,-0.00,-0.00,0.00,0.00,7.00
68112.00,0.38,0.18,0.61,0.00,0.00,12.18,0.25,-0.19,2821.47,-0.00,-0.00,-0.00,-0.00,0.00,0.00,8.00
68120.00,0.38,0.18,0.75,0.00,0.00,17.69,0.25,-0.19,688.59,-0.00,-0.00,-0.00,-0.00,0.00,0.00,8.00
68132.00,0.38,0.18,0.69,0.00,0.00,-4.49,0.25,-0.19,-1848.27,-0.00,-0.00,-0.00,-0.00,-0.00,-0.00,10.00
68142.00,0.38,0.18,0.65,0.00,0.00,-4.05,0.25,-0.19,43.85,-0.00,-0.00,-0.00,-0.00,0.00,0.00,5.00
68147.00,0.38,0.18,0.58,0.00,0.00,-14.22,0.25,-0.19,-2035.49,-0.00,-0.00,-0.00,-0.00,-0.00,0.00,6.00
68153.00,0.38,0.18,0.64,0.00,0.00,10.18,0.25,-0.19,4067.79,-0.00,-0.00,-0.00,-0.00,-0.00,0.00,8.00
68161.00,0.38,0.18,0.62,0.00,0.00,-2.77,0.25,-0.19,-1619.27,-0.00,-0.00,-0.00,-0.00,-0.00,0.00,8.00
68169.00,0.38,0.18,0.64,0.00,0.00,2.64,0.25,-0.19,676.55,-0.00,-0.00,-0.00,-0.00,-0.00,0.00,5.00
68174.00,0.38,0.18,0.61,0.00,0.00,-6.52,0.25,-0.19,-1832.23,-0.00,-0.00,-0.00,-0.00,-0.00,0.00,8.00
68182.00,0.38,0.18,0.64,0.00,0.00,4.07,0.25,-0.19,1324.30,-0.00,-0.00,-0.00,0.00,-0.00,0.00,8.00
68190.00,0.38,0.18,0.63,0.00,0.00,-1.46,0.25,-0.19,-691.58,-0.00,-0.00,-0.00,-0.00,-0.00,-0.00,15.00
68205.00,0.38,0.18,0.68,0.00,0.00,3.49,0.25,-0.19,330.16,-0.00,-0.00,-0.00,-0.00,-0.00,-0.00,7.00
68217.00,0.38,0.19,0.69,0.00,0.04,0.37,0.00,0.18,-260.52,-0.00,-0.00,-0.00,-0.00,0.00,-0.00,7.00
68224.00,0.38,0.19,0.63,0.00,0.04,-7.67,0.00,0.18,-1148.20,-0.00,-0.00,-0.00,0.00,0.00,-0.00,7.00
68231.00,0.38,0.19,0.63,0.00,0.04,-0.81,0.00,0.18,979.73,-0.00,-0.00,-0.00,0.00,0.01,-0.00,9.00
68240.00,0.38,0.19,0.70,0.00,0.04,8.18,0.00,0.18,998.77,-0.00,-0.00,-0.00,0.00,0.00,0.00,5.00
68245.00,0.38,0.19,0.62,0.00,0.04,-16.37,0.00,0.18,-4908.50,-0.00,-0.00,-0.00,0.00,0.00,0.00,7.00
68252.00,0.38,0.19,0.70,0.00,0.04,11.69,0.00,0.18,4007.96,-0.00,-0.00,-0.00,0.00,0.00,0.00,9.00
68261.00,0.38,0.19,0.70,0.00,0.04,0.10,0.00,0.18,-1287.49,-0.00,-0.00,-0.00,-0.00,0.00,0.00,7.00
68268.00,0.38,0.19,0.68,0.00,0.04,-3.69,0.00,0.18,-541.25,-0.00,-0.00,-0.00,0.00,0.00,0.00,5.00
68273.00,0.38,0.19,0.62,0.00,0.04,-11.69,0.00,0.18,-1601.48,-0.00,-0.00,-0.00,0.00,0.00,0.00,8.00
68281.00,0.38,0.19,0.72,0.00,0.04,13.24,0.00,0.18,3116.75,-0.00,-0.00,-0.00,0.00,0.00,0.00,8.00
68294.00,0.38,0.19,0.74,0.00,0.04,0.88,0.00,0.18,-950.51,-0.00,-0.00,-0.00,0.00,0.00,-0.00,17.00
68311.00,0.38,0.19,0.58,0.00,0.04,-9.34,0.00,0.18,-601.53,-0.00,-0.00,-0.00,0.00,-0.00,-0.00,6.00
68317.00,0.38,0.19,0.60,0.00,0.04,3.34,0.00,0.18,2114.28,-0.00,-0.00,-0.00,-0.00,-0.00,-0.00,6.00
68323.00,0.38,0.19,0.67,0.00,0.04,12.11,0.00,0.18,1460.96,-0.00,-0.00,-0.00,-0.00,-0.01,0.00,9.00
68332.00,0.38,0.19,0.70,0.00,0.04,3.06,0.00,0.18,-1005.55,-0.00,-0.00,-0.00,0.00,0.00,-0.00,7.00
68339.00,0.38,0.19,0.62,0.00,0.04,-11.49,0.00,0.18,-2077.89,-0.00,-0.00,-0.00,-0.00,-0.00,-0.00,6.00
68345.00,0.38,0.19,0.61,0.00,0.04,-0.91,0.00,0.18,1763.25,-0.00,-0.00,-0.00,-0.00,-0.00,-0.00,6.00
68351.00,0.38,0.19,0.75,0.00,0.04,23.63,0.00,0.18,4089.61,-0.00,-0.00,-0.00,0.00,-0.00,0.00,7.00
68358.00,0.38,0.19,0.71,0.00,0.04,-5.80,0.00,0.18,-4204.20,-0.00,-0.00,-0.00,-0.00,-0.00,0.00,5.00
68363.00,0.38,0.19,0.78,0.00,0.04,13.93,0.00,0.18,3946.45,-0.00,-0.00,-0.00,-0.00,-0.00,0.00,9.00
68382.00,0.38,0.19,0.67,0.00,0.04,-5.71,0.00,0.18,-1033.84,-0.00,-0.00,-0.00,-0.00,-0.01,0.00,17.00
68399.00,0.38,0.19,0.60,0.00,0.04,-4.10,0.00,0.18,94.91,-0.00,-0.00,-0.00,0.00,-0.00,0.00,6.00
68405.00,0.38,0.19,0.65,0.00,0.04,8.10,0.00,0.18,2031.97,-0.00,-0.00,-0.00,0.00,-0.00,0.00,7.00
68412.00,0.38,0.19,0.73,0.00,0.04,11.53,0.00,0.18,490.89,-0.00,-0.00,-0.00,0.00,-0.00,0.00,8.00
68420.00,0.37,0.20,0.58,-0.05,0.04,-19.48,-0.27,0.03,-3876.48,-0.00,-0.00,-0.00,0.00,0.00,0.00,6.00
68426.00,0.37,0.20,0.64,-0.05,0.04,10.44,-0.27,0.03,4986.45,-0.00,-0.00,-0.00,0.00,0.00,0.00,7.00
68433.00,0.37,0.20,0.67,-0.05,0.04,3.58,-0.27,0.03,-980.49,-0.00,-0.00,-0.00,0.00,0.00,0.00,9.00
68442.00,0.37,0.20,0.58,-0.05,0.04,-9.24,-0.27,0.03,-1423.83,-0.00,-0.00,-0.00,-0.00,0.00,-0.00,6.00
68448.00,0.37,0.20,0.66,-0.05,0.04,12.55,-0.27,0.03,3630.69,-0.00,-0.00,-0.00,0.00,0.00,-0.00,5.00
68454.00,0.37,0.20,0.76,-0.05,0.04,17.53,-0.27,0.03,831.49,-0.00,-0.00,-0.00,0.00,0.00,0.00,8.00
68467.00,0.37,0.20,0.64,-0.05,0.04,-9.49,-0.27,0.03,-2078.82,-0.00,-0.00,-0.00,0.00,0.01,0.00,7.00
68474.00,0.37,0.20,0.67,-0.05,0.04,4.46,-0.27,0.03,1992.29,-0.00,-0.00,-0.00,0.00,0.01,0.00,8.00
68482.00,0.37,0.20,0.63,-0.05,0.04,-4.70,-0.27,0.03,-1144.74,-0.00,-0.00,-0.00,0.00,0.00,0.00,17.00
68499.00,0.37,0.20,0.64,-0.05,0.04,0.56,-0.27,0.03,309.38,-0.00,-0.00,-0.00,-0.00,-0.00,0.00,7.00
68506.00,0.37,0.20,0.62,-0.05,0.04,-3.24,-0.27,0.03,-542.89,-0.00,-0.00,-0.00,-0.00,-0.00,0.00,6.00
68512.00,0.37,0.20,0.66,-0.05,0.04,6.65,-0.27,0.03,1648.81,-0.00,-0.00,-0.00,0.00,-0.00,-0.00,9.00
68521.00,0.37,0.20,0.63,-0.05,0.04,-2.84,-0.27,0.03,-1054.03,-0.00,-0.00,-0.00,0.00,-0.00,0.00,5.00
68526.00,0.37,0.20,0.71,-0.05,0.04,15.03,-0.27,0.03,3573.87,-0.00,-0.00,-0.00,0.00,-0.00,0.00,7.00
68533.00,0.37,0.20,0.61,-0.05,0.04,-14.73,-0.27,0.03,-4251.66,-0.00,-0.00,-0.00,0.00,-0.00,0.00,9.00
68542.00,0.37,0.20,0.70,-0.05,0.04,10.22,-0.27,0.03,2771.77,-0.00,-0.00,-0.00,-0.00,0.00,0.00,6.00
68552.00,0.37,0.20,0.79,-0.05,0.04,9.42,-0.27,0.03,-79.72,-0.00,-0.00,-0.00,0.00,0.00,0.00,9.00
68561.00,0.37,0.20,0.67,-0.05,0.04,-13.99,-0.27,0.03,-2601.15,-0.00,-0.00,-0.00,0.00,0.00,0.00,7.00
68568.00,0.37,0.20,0.67,-0.05,0.04,-0.08,-0.27,0.03,1987.39,-0.00,-0.00,-0.00,0.00,0.00,-0.00,6.00
68574.00,0.37,0.20,0.67,-0.05,0.04,-0.05,-0.27,0.03,4.26,-0.00,-0.00,-0.00,0.00,0.00,-0.00,8.00
68582.00,0.37,0.20,0.69,-0.05,0.04,2.94,-0.27,0.03,374.63,-0.00,-0.00,-0.00,-0.00,0.00,-0.01,8.00
68590.00,0.37,0.20,0.70,-0.05,0.04,1.86,-0.27,0.03,-135.29,-0.00,-0.00,-0.00,0.00,0.00,-0.00,5.00
68595.00,0.37,0.20,0.68,-0.05,0.04,-4.71,-0.27,0.03,-1313.79,-0.00,-0.00,-0.00,0.00,0.00,-0.00,17.00
68612.00,0.37,0.20,0.67,-0.05,0.04,-0.88,-0.27,0.03,225.03,-0.00,-0.00,-0.00,0.01,0.01,0.01,7.00
68619.00,0.37,0.20,0.71,-0.05,0.04,5.77,-0.27,0.03,950.64,-0.00,-0.00,-0.00,0.00,0.01,0.01,5.00
68624.00,0.37,0.20,0.76,0.00,0.00,9.92,0.27,-0.21,828.88,-0.00,-0.00,-0.00,0.00,0.01,0.01,9.00
68638.00,0.37,0.20,0.71,0.00,0.00,-3.06,0.27,-0.21,-927.30,-0.00,-0.00,-0.00,-0.00,0.01,0.00,7.00
68645.00,0.37,0.20,0.62,0.00,0.00,-12.79,0.27,-0.21,-1389.59,-0.00,-0.00,-0.00,-0.01,0.01,-0.00,7.00
68652.00,0.37,0.20,0.68,0.00,0.00,7.67,0.27,-0.21,2923.62,-0.00,-0.00,-0.00,-0.00,0.00,-0.00,7.00
68659.00,0.37,0.20,0.67,0.00,0.00,-1.15,0.27,-0.21,-1260.58,-0.00,-0.00,-0.00,0.00,-0.00,-0.01,5.00
68664.00,0.37,0.20,0.59,0.00,0.00,-16.58,0.27,-0.21,-3086.18,-0.00,-0.00,-0.00,0.00,-0.00,-0.01,9.00
68673.00,0.37,0.20,0.72,0.00,0.00,14.90,0.27,-0.21,3498.20,-0.00,-0.00,-0.00,0.01,-0.01,-0.00,9.00
68682.00,0.37,0.20,0.63,0.00,0.00,-9.89,0.27,-0.21,-2754.30,-0.00,-0.00,-0.00,0.00,-0.00,-0.00,16.00
68698.00,0.37,0.20,0.66,0.00,0.00,1.97,0.27,-0.21,740.87,-0.00,-0.00,-0.00,-0.01,-0.00,0.00,6.00
68704.00,0.37,0.20,0.76,0.00,0.00,15.66,0.27,-0.21,2281.98,-0.00,-0.00,-0.00,-0.01,-0.00,0.00,8.00
68712.00,0.37,0.20,0.61,0.00,0.00,-18.12,0.27,-0.21,-4222.04,-0.00,-0.00,-0.00,-0.00,0.00,0.00,8.00
68724.00,0.37,0.20,0.64,0.00,0.00,2.16,0.27,-0.21,1689.73,-0.00,-0.00,-0.00,-0.00,0.00,0.00,10.00
68734.00,0.37,0.20,0.69,0.00,0.00,5.77,0.27,-0.21,360.81,-0.00,-0.00,-0.00,0.00,-0.00,-0.00,8.00
68742.00,0.37,0.20,0.68,0.00,0.00,-1.51,0.27,-0.21,-909.88,-0.00,-0.00,-0.00,0.00,0.00,-0.00,6.00
68748.00,0.37,0.20,0.72,0.00,0.00,6.83,0.27,-0.21,1389.90,-0.00,-0.00,-0.00,0.00,0.00,-0.00,6.00
68754.00,0.37,0.20,0.70,0.00,0.00,-4.09,0.27,-0.21,-1819.27,-0.00,-0.00,-0.00,0.00,0.00,-0.00,9.00
68763.00,0.37,0.20,0.59,0.00,0.00,-12.49,0.27,-0.21,-933.51,-0.00,-0.00,-0.00,-0.00,0.00,0.00,8.00
68771.00,0.37,0.20,0.71,0.00,0.00,15.93,0.27,-0.21,3551.76,-0.00,-0.00,-0.00,-0.00,0.00,0.01,5.00
68776.00,0.37,0.20,0.68,0.00,0.00,-7.82,0.27,-0.21,-4748.46,-0.00,-0.00,-0.00,-0.00,0.00,0.01,7.00
68783.00,0.37,0.20,0.70,0.00,0.00,3.87,0.27,-0.21,1670.15,-0.00,-0.00,-0.00,0.00,0.00,0.01,19.00
68802.00,0.37,0.20,0.73,0.00,0.00,1.68,0.27,-0.21,-115.42,-0.00,-0.00,-0.00,0.00,0.00,0.00,6.00
68813.00,0.37,0.20,0.68,0.00,0.00,-4.87,0.27,-0.21,-595.23,-0.00,-0.00,-0.00,0.00,0.00,-0.00,8.00
68821.00,0.37,0.20,0.77,0.00,0.00,11.08,0.27,-0.21,1993.37,-0.00,-0.00,-0.00,0.00,0.00,-0.00,5.00
68826.00,0.37,0.20,0.81,0.00,0.00,7.12,0.00,0.00,-791.24,-0.00,-0.00,-0.00,0.00,0.00,-0.00,8.00
68834.00,0.37,0.20,0.68,0.00,0.00,-16.19,0.00,0.00,-2913.90,-0.00,-0.00,-0.00,0.00,0.00,-0.00,8.00
68842.00,0.37,0.20,0.76,0.00,0.00,11.08,0.00,0.00,3408.47,-0.00,-0.00,-0.00,0.00,-0.00,0.00,6.00
68848.00,0.37,0.20,0.70,0.00,0.00,-10.89,0.00,0.00,-3661.32,-0.00,-0.00,-0.00,-0.00,0.00,0.00,6.00
68854.00,0.37,0.20,0.65,0.00,0.00,-8.65,0.00,0.00,372.77,-0.00,-0.00,-0.00,-0.00,0.00,0.00,9.00
68863.00,0.37,0.20,0.67,0.00,0.00,2.70,0.00,0.00,1261.37,-0.00,-0.00,-0.00,0.00,0.00,0.00,8.00
68871.00,0.37,0.20,0.65,0.00,0.00,-2.18,0.00,0.00,-610.89,-0.00,-0.00,-0.00,0.00,-0.00,0.00,5.00
68876.00,0.37,0.20,0.63,0.00,0.00,-5.34,0.00,0.00,-631.13,-0.00,-0.00,-0.00,0.00,-0.00,0.00,8.00
68888.00,0.37,0.20,0.74,0.00,0.00,9.70,0.00,0.00,1253.01,-0.00,-0.00,-0.00,0.00,-0.00,-0.00,18.00
68906.00,0.37,0.20,0.67,0.00,0.00,-4.13,0.00,0.00,-768.13,-0.00,-0.00,-0.00,-0.00,-0.00,-0.00,8.00
68914.00,0.37,0.20,0.63,0.00,0.00,-5.28,0.00,0.00,-143.19,-0.00,-0.00,-0.00,-0.00,-0.00,-0.00,8.00
68922.00,0.37,0.20,0.70,0.00,0.00,9.61,0.00,0.00,1860.35,-0.00,-0.00,-0.00,-0.00,-0.00,0.00,6.00
68928.00,0.37,0.20,0.76,0.00,0.00,10.20,0.00,0.00,98.37,-0.00,-0.00,-0.00,-0.00,-0.00,0.00,6.00
68934.00,0.37,0.20,0.68,0.00,0.00,-14.76,0.00,0.00,-4159.77,-0.00,-0.00,-0.00,0.00,-0.00,0.00,9.00
68943.00,0.37,0.20,0.76,0.00,0.00,9.49,0.00,0.00,2694.19,-0.00,-0.00,-0.00,0.00,-0.00,0.00,6.00
68949.00,0.37,0.20,0.65,0.00,0.00,-19.43,0.00,0.00,-4819.71,-0.00,-0.00,-0.00,0.00,0.00,0.00,6.00
68955.00,0.37,0.20,0.72,0.00,0.00,12.08,0.00,0.00,5251.36,-0.00,-0.00,-0.00,0.00,0.00,0.00,8.00
68963.00,0.37,0.20,0.69,0.00,0.00,-3.55,0.00,0.00,-1952.85,-0.00,-0.00,-0.00,0.00,0.00,0.00,8.00
68976.00,0.37,0.20,0.71,0.00,0.00,1.79,0.00,0.00,410.26,-0.00,-0.00,-0.00,0.00,0.00,0.00,9.00
68985.00,0.37,0.20,0.77,0.00,0.00,6.18,0.00,0.00,488.50,-0.00,-0.00,-0.00,0.00,-0.00,0.00,8.00
68993.00,0.37,0.20,0.67,0.00,0.00,-12.07,0.00,0.00,-2281.90,-0.00,-0.00,-0.00,0.00,0.00,-0.00,16.00
69009.00,0.37,0.20,0.71,0.00,0.00,2.48,0.00,0.00,909.65,-0.00,-0.00,-0.00,-0.00,-0.00,0.00,6.00
69015.00,0.37,0.20,0.77,0.00,0.00,9.52,0.00,0.00,1173.00,-0.00,-0.00,-0.00,-0.00,-0.00,0.00,8.00
69023.00,0.37,0.20,0.71,0.00,0.00,-6.82,0.00,0.00,-2042.41,-0.00,-0.00,-0.00,0.00,-0.00,-0.00,8.00
69031.00,0.36,0.21,0.72,-0.05,0.04,0.44,-0.26,0.20,907.92,-0.00,-0.00,-0.00,0.00,-0.00,-0.00,4.00
69035.00,0.36,0.21,0.95,-0.05,0.04,58.29,-0.26,0.20,14460.75,-0.00,-0.00,-0.00,0.00,-0.01,-0.00,5.00
69040.00,0.36,0.21,0.71,-0.05,0.04,-47.21,-0.26,0.20,-21100.37,-0.00,-0.00,-0.00,0.00,-0.00,-0.00,6.00
69046.00,0.36,0.21,0.74,-0.05,0.04,3.99,-0.26,0.20,8534.57,-0.00,-0.00,-0.00,0.00,-0.00,-0.00,7.00
69063.00,0.36,0.21,0.77,-0.05,0.04,1.57,-0.26,0.20,-142.30,-0.00,-0.00,-0.00,-0.00,-0.01,-0.00,7.00
69070.00,0.36,0.21,0.75,-0.05,0.04,-2.50,-0.26,0.20,-581.83,-0.00,-0.00,-0.00,-0.00,-0.00,-0.00,5.00
69075.00,0.36,0.21,0.64,-0.05,0.04,-22.38,-0.26,0.20,-3975.35,-0.00,-0.00,-0.00,-0.00,-0.00,-0.00,9.00
69084.00,0.36,0.21,0.78,-0.05,0.04,15.84,-0.26,0.20,4246.03,-0.00,-0.00,-0.00,0.00,-0.01,0.00,8.00
69092.00,0.36,0.21,0.69,-0.05,0.04,-10.45,-0.26,0.20,-3285.71,-0.00,-0.00,-0.00,0.00,-0.00,0.00,16.00
69108.00,0.36,0.21,0.69,-0.05,0.04,-0.20,-0.26,0.20,640.73,-0.00,-0.00,-0.00,0.00,0.00,0.00,7.00
69115.00,0.36,0.21,0.74,-0.05,0.04,6.20,-0.26,0.20,913.19,-0.00,-0.00,-0.00,0.00,0.01,0.00,8.00
69123.00,0.36,0.21,0.76,-0.05,0.04,3.10,-0.26,0.20,-387.20,-0.00,-0.00,-0.00,0.00,0.00,0.00,8.00
69131.00,0.36,0.21,0.67,-0.05,0.04,-11.59,-0.26,0.20,-1836.23,-0.00,-0.00,-0.00,0.00,0.00,0.00,5.00
69136.00,0.36,0.21,0.68,-0.05,0.04,2.78,-0.26,0.20,2874.10,-0.00,-0.00,-0.00,0.00,0.00,0.00,9.00
69149.00,0.36,0.21,0.65,-0.05,0.04,-2.40,-0.26,0.20,-398.17,-0.00,-0.00,-0.00,0.00,0.00,0.00,8.00
69157.00,0.36,0.21,0.65,-0.05,0.04,-0.04,-0.26,0.20,295.08,-0.00,-0.00,-0.00,0.00,0.00,0.00,7.00
69164.00,0.36,0.21,0.73,-0.05,0.04,11.49,-0.26,0.20,1646.42,-0.00,-0.00,-0.00,0.00,-0.00,0.00,8.00
69172.00,0.36,0.21,0.72,-0.05,0.04,-1.44,-0.26,0.20,-1615.77,-0.00,-0.00,-0.00,0.00,0.00,0.00,5.00
69177.00,0.36,0.21,0.71,-0.05,0.04,-1.65,-0.26,0.20,-42.60,-0.00,-0.00,-0.00,0.00,-0.00,0.00,18.00
69195.00,0.36,0.21,0.78,-0.05,0.04,3.81,-0.26,0.20,303.15,-0.00,-0.00,-0.00,-0.00,-0.01,-0.00,5.00
69200.00,0.36,0.21,0.73,-0.05,0.04,-9.47,-0.26,0.20,-2656.01,-0.00,-0.00,-0.00,-0.00,-0.00,-0.00,6.00
69206.00,0.36,0.21,0.72,-0.05,0.04,-1.97,-0.26,0.20,1251.22,-0.00,-0.00,-0.00,-0.00,-0.00,-0.00,8.00
69214.00,0.36,0.21,0.78,-0.05,0.04,7.38,-0.26,0.20,1168.74,-0.00,-0.00,-0.00,-0.00,-0.01,-0.00,8.00
69222.00,0.36,0.21,0.80,-0.05,0.04,3.08,-0.26,0.20,-538.40,-0.00,-0.00,-0.00,-0.00,-0.00,-0.00,6.00
69233.00,0.36,0.21,0.76,0.00,0.00,-4.13,0.27,-0.21,-654.80,-0.00,-0.00,-0.00,-0.00,-0.01,-0.00,6.00
69239.00,0.36,0.21,0.75,0.00,0.00,-1.75,0.27,-0.21,396.62,-0.00,-0.00,-0.00,-0.00,-0.01,-0.00,6.00
69245.00,0.36,0.21,0.83,0.00,0.00,13.08,0.27,-0.21,2471.26,-0.00,-0.00,-0.00,-0.00,-0.01,0.00,7.00
69252.00,0.36,0.21,0.72,0.00,0.00,-15.46,0.27,-0.21,-4077.13,-0.00,-0.00,-0.00,-0.00,-0.00,-0.00,5.00
69257.00,0.36,0.21,0.79,0.00,0.00,13.72,0.27,-0.21,5835.89,-0.00,-0.00,-0.00,-0.00,-0.00,-0.00,8.00
69265.00,0.36,0.21,0.65,0.00,0.00,-16.61,0.27,-0.21,-3791.06,-0.00,-0.00,-0.00,-0.00,-0.00,-0.00,8.00
69273.00,0.36,0.21,0.65,0.00,0.00,-0.33,0.27,-0.21,2035.00,-0.00,-0.00,-0.00,-0.00,-0.00,0.00,6.00
69279.00,0.36,0.21,0.64,0.00,0.00,-1.57,0.27,-0.21,-206.89,-0.00,-0.00,-0.00,-0.00,-0.00,0.00,6.00
69285.00,0.36,0.21,0.71,0.00,0.00,11.38,0.27,-0.21,2158.78,-0.00,-0.00,-0.00,0.00,-0.00,0.00,19.00
69304.00,0.36,0.21,0.72,0.00,0.00,0.30,0.27,-0.21,-583.30,-0.00,-0.00,-0.00,-0.00,-0.00,-0.00,6.00
69315.00,0.36,0.21,0.76,0.00,0.00,4.02,0.27,-0.21,338.09,-0.00,-0.00,-0.00,0.00,-0.00,-0.00,10.00
69325.00,0.36,0.21,0.73,0.00,0.00,-2.84,0.27,-0.21,-686.20,-0.00,-0.00,-0.00,0.00,0.00,0.00,7.00
69332.00,0.36,0.21,0.74,0.00,0.00,0.64,0.27,-0.21,498.08,-0.00,-0.00,-0.00,0.00,0.01,0.00,6.00
69338.00,0.36,0.21,0.68,0.00,0.00,-9.40,0.27,-0.21,-1674.80,-0.00,-0.00,-0.00,0.00,0.00,0.00,7.00
69345.00,0.36,0.21,0.67,0.00,0.00,-0.66,0.27,-0.21,1249.85,-0.00,-0.00,-0.00,0.00,0.00,0.00,6.00
69351.00,0.36,0.21,0.66,0.00,0.00,-3.15,0.27,-0.21,-416.20,-0.00,-0.00,-0.00,0.00,0.00,0.00,5.00
69356.00,0.36,0.21,0.74,0.00,0.00,16.82,0.27,-0.21,3994.62,-0.00,-0.00,-0.00,0.00,0.00,0.00,9.00
69365.00,0.36,0.21,0.63,0.00,0.00,-12.31,0.27,-0.21,-3237.06,-0.00,-0.00,-0.00,0.00,0.00,0.00,8.00
69373.00,0.36,0.21,0.77,0.00,0.00,18.06,0.27,-0.21,3796.24,-0.00,-0.00,-0.00,0.00,-0.00,0.00,5.00
69378.00,0.36,0.21,0.82,0.00,0.00,9.86,0.27,-0.21,-1639.33,-0.00,-0.00,-0.00,0.00,-0.00,0.00,7.00
69390.00,0.36,0.21,0.75,0.00,0.00,-6.07,0.27,-0.21,-1327.52,-0.00,-0.00,-0.00,-0.00,-0.00,-0.00,17.00
69407.00,0.36,0.21,0.79,0.00,0.00,2.33,0.27,-0.21,494.36,-0.00,-0.00,-0.00,-0.00,-0.00,-0.00,8.00
69415.00,0.36,0.21,0.77,0.00,0.00,-3.05,0.27,-0.21,-673.59,-0.00,-0.00,-0.00,-0.00,-0.00,-0.00,8.00
69423.00,0.36,0.21,0.83,0.00,0.00,8.15,0.27,-0.21,1400.68,-0.00,-0.00,-0.00,-0.00,-0.01,-0.00,7.00
69430.00,0.36,0.21,0.78,0.00,0.00,-7.06,0.27,-0.21,-2173.18,-0.00,-0.00,-0.00,-0.00,-0.01,-0.00,6.00
69436.00,0.36,0.21,0.72,0.00,0.00,-9.53,0.00,0.00,-411.09,-0.00,-0.00,-0.00,-0.00,-0.01,-0.00,9.00
69445.00,0.36,0.21,0.69,0.00,0.00,-4.12,0.00,0.00,600.58,-0.00,-0.00,-0.00,0.00,-0.00,0.00,5.00
69450.00,0.36,0.21,0.83,0.00,0.00,28.57,0.00,0.00,6537.64,-0.00,-0.00,-0.00,-0.00,0.00,-0.00,7.00
69457.00,0.36,0.21,0.72,0.00,0.00,-16.02,0.00,0.00,-6369.44,-0.00,-0.00,-0.00,-0.00,0.00,-0.00,8.00
69465.00,0.36,0.21,0.68,0.00,0.00,-4.20,0.00,0.00,1477.27,-0.00,-0.00,-0.00,-0.00,-0.00,0.00,7.00
69477.00,0.36,0.21,0.82,0.00,0.00,11.34,0.00,0.00,1294.84,-0.00,-0.00,-0.00,0.00,0.00,0.00,9.00
69486.00,0.36,0.21,0.78,0.00,0.00,-4.70,0.00,0.00,-1781.40,-0.00,-0.00,-0.00,0.00,0.00,0.00,19.00
69505.00,0.36,0.21,0.77,0.00,0.00,-0.22,0.00,0.00,235.55,-0.00,-0.00,-0.00,0.00,0.00,0.00,8.00
69513.00,0.36,0.21,0.74,0.00,0.00,-4.75,0.00,0.00,-566.14,-0.00,-0.00,-0.00,0.00,-0.00,0.00,5.00
69518.00,0.36,0.21,0.82,0.00,0.00,17.92,0.00,0.00,4533.34,-0.00,-0.00,-0.00,0.00,-0.00,0.00,8.00
69526.00,0.36,0.21,0.78,0.00,0.00,-5.35,0.00,0.00,-2907.82,-0.00,-0.00,-0.00,0.00,0.00,0.00,8.00
69535.00,0.36,0.21,0.72,0.00,0.00,-6.74,0.00,0.00,-154.47,-0.00,-0.00,-0.00,0.00,0.00,0.00,6.00
69541.00,0.36,0.21,0.77,0.00,0.00,7.95,0.00,0.00,2448.64,-0.00,-0.00,-0.00,0.00,0.00,0.00,6.00
69547.00,0.36,0.21,0.67,0.00,0.00,-17.32,0.00,0.00,-4212.00,-0.00,-0.00,-0.00,0.00,0.00,0.00,6.00
69553.00,0.36,0.21,0.78,0.00,0.00,19.66,0.00,0.00,6162.82,-0.00,-0.00,-0.00,0.00,-0.00,-0.00,6.00
69564.00,0.36,0.21,0.79,0.00,0.00,0.79,0.00,0.00,-1715.59,-0.00,-0.00,-0.00,-0.00,-0.00,-0.00,6.00
69570.00,0.36,0.21,0.74,0.00,0.00,-8.40,0.00,0.00,-1531.84,-0.00,-0.00,-0.00,-0.00,-0.00,-0.00,6.00
69576.00,0.36,0.21,0.72,0.00,0.00,-4.31,0.00,0.00,681.85,-0.00,-0.00,-0.00,0.00,-0.00,-0.00,9.00
69585.00,0.36,0.21,0.76,0.00,0.00,5.44,0.00,0.00,1083.76,-0.00,-0.00,-0.00,0.00,0.00,-0.00,8.00
69593.00,0.36,0.21,0.68,0.00,0.00,-10.45,0.00,0.00,-1987.16,-0.00,-0.00,-0.00,0.00,0.00,-0.00,17.00
69610.00,0.36,0.21,0.75,0.00,0.00,4.02,0.00,0.00,851.44,-0.00,-0.00,-0.00,-0.00,-0.00,-0.00,7.00
69617.00,0.36,0.21,0.77,0.00,0.00,2.68,0.00,0.00,-191.84,-0.00,-0.00,-0.00,-0.00,-0.00,0.00,8.00
69625.00,0.36,0.21,0.69,0.00,0.00,-9.84,0.00,0.00,-1564.27,-0.00,-0.00,-0.00,0.00,0.00,-0.00,7.00
69632.00,0.36,0.21,0.74,0.00,0.00,7.26,0.00,0.00,2442.14,-0.00,-0.00,-0.00,0.00,-0.00,-0.00,5.00
69637.00,0.36,0.21,0.67,0.00,0.00,-14.86,0.00,0.00,-4422.89,-0.00,-0.00,-0.00,0.00,-0.00,-0.00,9.00
69651.00,0.36,0.21,0.73,0.00,0.00,4.53,0.00,0.00,1384.61,-0.00,-0.00,-0.01,0.00,0.00,-0.00,8.00
69659.00,0.36,0.21,0.80,0.00,0.00,8.87,0.00,0.00,543.15,-0.00,-0.00,-0.01,0.00,0.00,-0.00,6.00
69665.00,0.36,0.21,0.74,0.00,0.00,-9.29,0.00,0.00,-3027.66,-0.00,-0.00,-0.01,0.00,0.00,0.00,7.00
69672.00,0.36,0.21,0.75,0.00,0.00,0.17,0.00,0.00,1351.49,-0.00,-0.00,-0.01,0.00,0.00,-0.00,5.00
69677.00,0.36,0.21,0.70,0.00,0.00,-9.99,0.00,0.00,-2031.43,-0.00,-0.00,-0.01,0.00,0.00,-0.00,19.00
69696.00,0.36,0.21,0.80,0.00,0.00,5.65,0.00,0.00,823.18,-0.00,-0.00,-0.01,-0.00,0.00,-0.00,5.00
69701.00,0.36,0.21,0.63,0.00,0.00,-35.15,0.00,0.00,-8160.19,-0.00,-0.00,-0.01,0.00,0.00,0.00,6.00
69707.00,0.36,0.21,0.78,0.00,0.00,25.63,0.00,0.00,10130.64,-0.00,-0.00,-0.01,0.00,0.00,0.00,9.00
69716.00,0.36,0.21,0.73,0.00,0.00,-5.64,0.00,0.00,-3474.60,-0.00,-0.00,-0.01,0.00,-0.00,-0.00,8.00
69724.00,0.36,0.21,0.75,0.00,0.00,2.47,0.00,0.00,1013.93,-0.00,-0.00,-0.01,0.00,-0.01,0.00,5.00
69739.00,0.36,0.21,0.78,0.00,0.00,1.68,0.00,0.00,-53.16,-0.00,-0.00,-0.01,0.00,0.00,-0.00,9.00
69748.00,0.36,0.21,0.72,0.00,0.00,-6.23,0.00,0.00,-878.71,-0.00,-0.00,-0.01,-0.00,-0.00,0.00,6.00
69754.00,0.36,0.21,0.73,0.00,0.00,1.96,0.00,0.00,1365.16,-0.00,-0.00,-0.01,0.00,0.00,0.00,6.00
69760.00,0.36,0.21,0.69,0.00,0.00,-6.63,0.00,0.00,-1432.23,-0.00,-0.00,-0.01,-0.00,-0.00,-0.00,7.00
69767.00,0.36,0.21,0.73,0.00,0.00,6.03,0.00,0.00,1808.71,-0.00,-0.00,-0.01,-0.00,-0.00,-0.00,8.00
69775.00,0.36,0.21,0.77,0.00,0.00,5.06,0.00,0.00,-120.37,-0.00,-0.00,-0.01,0.00,-0.00,-0.00,7.00
69782.00,0.36,0.21,0.78,0.00,0.00,1.13,0.00,0.00,-562.07,-0.00,-0.00,-0.01,0.00,-0.00,-0.00,5.00
69787.00,0.36,0.21,1.05,0.00,0.00,53.76,0.00,0.00,10526.18,-0.00,-0.00,-0.01,0.00,-0.00,0.00,6.00
69793.00,0.36,0.21,0.71,0.00,0.00,-56.53,0.00,0.00,-18380.99,-0.00,-0.00,-0.01,-0.00,-0.00,-0.00,15.00
69808.00,0.36,0.21,0.73,0.00,0.00,1.08,0.00,0.00,3840.38,-0.00,-0.00,-0.01,0.00,-0.00,-0.00,8.00
69821.00,0.36,0.21,0.77,0.00,0.00,3.27,0.00,0.00,168.35,-0.00,-0.00,-0.01,-0.00,0.00,-0.00,8.00
69829.00,0.36,0.21,0.76,0.00,0.00,-0.67,0.00,0.00,-492.41,-0.00,-0.00,-0.01,-0.00,0.00,0.00,7.00
69836.00,0.36,0.21,0.79,0.00,0.00,2.96,0.00,0.00,518.74,-0.00,-0.00,-0.01,0.00,0.00,0.00,8.00
69844.00,0.35,0.20,0.78,-0.05,-0.03,-0.31,-0.26,-0.16,-409.31,-0.00,-0.00,-0.01,-0.00,0.00,0.00,5.00
69849.00,0.35,0.20,0.84,-0.05,-0.03,11.90,-0.26,-0.16,2442.02,-0.00,-0.00,-0.01,-0.00,0.00,0.00,7.00
69857.00,0.35,0.20,0.79,-0.05,-0.03,-6.74,-0.26,-0.16,-2329.46,-0.00,-0.00,-0.01,0.00,0.00,0.00,7.00
69864.00,0.35,0.20,0.81,-0.05,-0.03,2.43,-0.26,-0.16,1310.60,-0.00,-0.00,-0.01,0.00,0.00,0.00,6.00
69870.00,0.35,0.20,0.73,-0.05,-0.03,-13.12,-0.26,-0.16,-2591.87,-0.00,-0.00,-0.01,0.00,0.00,0.00,7.00
69877.00,0.35,0.20,0.74,-0.05,-0.03,1.80,-0.26,-0.16,2130.61,-0.00,-0.00,-0.01,0.00,0.00,0.00,18.00
69895.00,0.35,0.20,0.79,-0.05,-0.03,2.98,-0.26,-0.16,65.81,-0.00,-0.00,-0.01,0.00,-0.00,0.00,6.00
69906.00,0.35,0.20,0.81,-0.05,-0.03,1.98,-0.26,-0.16,-90.84,-0.00,-0.00,-0.01,0.00,-0.00,0.00,9.00
69915.00,0.35,0.20,0.82,-0.05,-0.03,0.88,-0.26,-0.16,-122.75,-0.00,-0.00,-0.01,0.00,0.00,0.00,5.00
69920.00,0.35,0.20,0.69,-0.05,-0.03,-26.39,-0.26,-0.16,-5453.11,-0.00,-0.00,-0.01,0.00,0.00,0.00,8.00
69928.00,0.35,0.20,0.79,-0.05,-0.03,12.48,-0.26,-0.16,4858.43,-0.00,-0.00,-0.01,-0.00,0.00,0.00,8.00
69936.00,0.35,0.20,0.80,-0.05,-0.03,1.53,-0.26,-0.16,-1369.11,-0.00,-0.00,-0.01,0.00,-0.00,0.00,7.00
69943.00,0.35,0.20,0.81,-0.05,-0.03,1.14,-0.26,-0.16,-55.46,-0.00,-0.00,-0.01,0.00,-0.01,-0.00,5.00
69948.00,0.35,0.20,0.81,-0.05,-0.03,-0.06,-0.26,-0.16,-239.31,-0.00,-0.00,-0.01,0.00,-0.01,-0.00,7.00
69955.00,0.35,0.20,0.80,-0.05,-0.03,-1.81,-0.26,-0.16,-250.78,-0.00,-0.00,-0.01,-0.00,0.00,0.00,5.00
69960.00,0.35,0.20,0.84,-0.05,-0.03,9.23,-0.26,-0.16,2208.31,-0.00,-0.00,-0.01,-0.00,0.00,0.00,8.00
69968.00,0.35,0.20,0.77,-0.05,-0.03,-9.18,-0.26,-0.16,-2300.94,-0.00,-0.00,-0.00,0.00,0.00,0.00,8.00
69990.00,0.35,0.20,0.89,-0.05,-0.03,5.36,-0.26,-0.16,660.67,-0.00,-0.00,-0.00,0.00,-0.00,0.00,19.00
70009.00,0.35,0.20,0.84,-0.05,-0.03,-2.41,-0.26,-0.16,-408.88,-0.00,-0.00,-0.00,-0.00,-0.00,0.00,9.00
70018.00,0.35,0.20,0.84,-0.05,-0.03,-0.08,-0.26,-0.16,259.09,-0.00,-0.00,-0.00,0.00,-0.00,0.00,8.00
70026.00,0.35,0.20,0.80,-0.05,-0.03,-5.10,-0.26,-0.16,-627.56,-0.00,-0.00,-0.00,-0.00,0.00,0.00,7.00
70033.00,0.35,0.20,0.80,-0.05,-0.03,-0.30,-0.26,-0.16,685.93,-0.00,-0.00,-0.00,-0.00,0.00,0.00,6.00
70039.00,0.35,0.20,0.78,-0.05,-0.03,-2.87,-0.26,-0.16,-427.49,-0.00,-0.00,-0.00,-0.00,0.00,0.00,9.00
70048.00,0.35,0.21,0.87,0.00,0.04,10.15,0.26,0.34,1446.71,-0.00,-0.00,-0.00,-0.00,0.00,0.00,5.00
70053.00,0.35,0.21,0.78,0.00,0.04,-17.74,0.26,0.34,-5578.55,-0.00,-0.00,-0.00,-0.00,-0.00,0.00,6.00
70059.00,0.35,0.21,0.87,0.00,0.04,14.02,0.26,0.34,5292.18,-0.00,-0.00,-0.00,0.00,-0.00,0.00,8.00
70067.00,0.35,0.21,0.79,0.00,0.04,-9.57,0.26,0.34,-2947.84,-0.00,-0.00,-0.00,0.00,0.00,0.00,7.00
70079.00,0.35,0.21,0.75,0.00,0.04,-3.82,0.26,0.34,478.86,-0.00,-0.00,-0.00,0.00,0.00,0.00,19.00
70098.00,0.35,0.21,0.79,0.00,0.04,2.40,0.26,0.34,327.50,-0.00,-0.00,-0.00,-0.00,-0.00,0.00,6.00
70104.00,0.35,0.21,0.78,0.00,0.04,-1.49,0.26,0.34,-648.30,-0.00,-0.00,-0.00,0.00,0.00,-0.00,5.00
70109.00,0.35,0.21,0.87,0.00,0.04,18.02,0.26,0.34,3901.16,-0.00,-0.00,-0.00,0.00,0.00,-0.00,9.00
70118.00,0.35,0.21,0.75,0.00,0.04,-13.51,0.26,0.34,-3503.20,-0.00,-0.00,-0.00,-0.00,0.00,0.00,8.00
70126.00,0.35,0.21,0.85,0.00,0.04,11.98,0.26,0.34,3186.66,-0.00,-0.00,-0.00,0.00,0.00,0.00,6.00
70132.00,0.35,0.21,0.79,0.00,0.04,-9.50,0.26,0.34,-3579.76,-0.00,-0.00,-0.00,-0.00,-0.00,0.00,6.00
70138.00,0.35,0.21,0.81,0.00,0.04,4.02,0.26,0.34,2253.50,-0.00,-0.00,-0.00,-0.00,-0.00,-0.00,10.00
70148.00,0.35,0.21,0.74,0.00,0.04,-7.28,0.26,0.34,-1130.32,-0.00,-0.00,-0.00,0.00,0.00,0.00,5.00
70153.00,0.35,0.21,0.86,0.00,0.04,23.80,0.26,0.34,6215.37,-0.00,-0.00,-0.00,0.00,0.00,0.00,6.00
70164.00,0.35,0.21,0.77,0.00,0.04,-8.07,0.26,0.34,-2896.86,-0.00,-0.00,-0.00,0.00,0.00,0.00,7.00
70171.00,0.35,0.21,0.81,0.00,0.04,5.54,0.26,0.34,1944.06,-0.00,-0.00,-0.00,0.00,0.00,0.00,7.00
70178.00,0.35,0.21,0.76,0.00,0.04,-7.42,0.26,0.34,-1851.13,-0.00,-0.00,-0.00,0.00,0.00,-0.00,18.00
70196.00,0.35,0.21,0.75,0.00,0.04,-0.33,0.26,0.34,393.57,-0.00,-0.00,-0.00,0.00,-0.00,-0.00,5.00
70201.00,0.35,0.21,0.79,0.00,0.04,8.32,0.26,0.34,1730.81,-0.00,-0.00,-0.00,0.00,-0.00,-0.00,7.00
70208.00,0.35,0.21,0.79,0.00,0.04,-0.49,0.26,0.34,-1259.09,-0.00,-0.00,-0.00,0.00,0.00,0.00,8.00
70216.00,0.35,0.21,0.91,0.00,0.04,14.57,0.26,0.34,1882.79,-0.00,-0.00,-0.00,0.00,0.00,-0.00,7.00
70223.00,0.35,0.21,0.78,0.00,0.04,-17.71,0.26,0.34,-4611.08,-0.00,-0.00,-0.00,0.00,0.00,0.00,6.00
70229.00,0.35,0.21,0.71,0.00,0.04,-11.65,0.26,0.34,1010.19,-0.00,-0.00,-0.00,0.00,0.00,0.00,8.00
70237.00,0.35,0.21,0.83,0.00,0.04,13.95,0.26,0.34,3199.24,-0.00,-0.00,-0.00,-0.00,0.00,0.00,8.00
70250.00,0.33,0.21,0.78,-0.06,0.00,-3.84,-0.27,-0.16,-1368.22,-0.00,-0.00,-0.00,-0.00,0.00,0.00,9.00
70259.00,0.33,0.21,0.81,-0.06,0.00,3.47,-0.27,-0.16,811.80,-0.00,-0.00,-0.00,0.00,0.00,-0.00,8.00
70267.00,0.33,0.21,0.83,-0.06,0.00,3.41,-0.27,-0.16,-7.42,-0.00,-0.00,-0.00,0.00,0.00,-0.00,7.00
70274.00,0.33,0.21,0.88,-0.06,0.00,6.17,-0.27,-0.16,394.79,-0.00,-0.00,-0.00,0.00,0.00,-0.00,5.00
70279.00,0.33,0.21,0.82,-0.06,0.00,-11.89,-0.27,-0.16,-3611.76,-0.00,-0.00,-0.00,0.00,0.00,-0.00,19.00
70298.00,0.33,0.21,0.85,-0.06,0.00,1.83,-0.27,-0.16,722.12,-0.00,-0.00,-0.00,0.00,-0.00,-0.00,5.00
70303.00,0.33,0.21,0.94,-0.06,0.00,17.95,-0.27,-0.16,3224.24,-0.00,-0.00,-0.00,-0.00,-0.00,0.00,6.00
70309.00,0.33,0.21,0.79,-0.06,0.00,-24.98,-0.27,-0.16,-7155.18,-0.00,-0.00,-0.00,-0.00,-0.00,0.00,9.00
70318.00,0.33,0.21,0.78,-0.06,0.00,-1.35,-0.27,-0.16,2624.94,-0.00,-0.00,-0.00,0.00,-0.01,0.00,8.00
70326.00,0.33,0.21,0.77,-0.06,0.00,-0.67,-0.27,-0.16,85.43,-0.00,-0.00,-0.00,-0.00,-0.00,0.01,6.00
70336.00,0.33,0.21,0.83,-0.06,0.00,5.11,-0.27,-0.16,578.28,-0.00,-0.00,-0.00,-0.00,-0.00,0.00,7.00
70343.00,0.33,0.21,0.85,-0.06,0.00,4.14,-0.27,-0.16,-139.24,-0.00,-0.00,-0.00,-0.00,0.00,0.00,6.00
70349.00,0.33,0.21,0.79,-0.06,0.00,-10.89,-0.27,-0.16,-2504.85,-0.00,-0.00,-0.00,0.00,0.00,0.00,6.00
70355.00,0.33,0.21,0.89,-0.06,0.00,16.22,-0.27,-0.16,4518.58,-0.00,-0.00,-0.00,0.00,-0.00,-0.00,5.00
70360.00,0.33,0.21,0.80,-0.06,0.00,-17.95,-0.27,-0.16,-6834.83,-0.00,-0.00,-0.00,0.00,-0.00,-0.00,8.00
70368.00,0.33,0.21,0.85,-0.06,0.00,7.06,-0.27,-0.16,3127.01,-0.00,-0.00,-0.00,0.00,0.00,-0.00,8.00
70376.00,0.33,0.21,0.88,-0.06,0.00,3.10,-0.27,-0.16,-495.03,-0.00,-0.00,-0.00,0.00,0.00,-0.00,6.00
70382.00,0.33,0.21,0.81,-0.06,0.00,-11.71,-0.27,-0.16,-2468.88,-0.00,-0.00,-0.00,-0.00,-0.00,0.00,7.00
70389.00,0.33,0.21,0.83,-0.06,0.00,2.43,-0.27,-0.16,2020.23,-0.00,-0.00,-0.00,-0.00,-0.00,0.00,19.00
70408.00,0.33,0.21,0.91,-0.06,0.00,4.58,-0.27,-0.16,113.07,-0.00,-0.00,-0.00,0.00,0.00,0.00,7.00
70424.00,0.33,0.21,0.82,-0.06,0.00,-5.72,-0.27,-0.16,-643.77,-0.00,-0.00,-0.00,-0.00,-0.00,0.00,7.00
70431.00,0.33,0.21,0.84,-0.06,0.00,2.30,-0.27,-0.16,1146.51,-0.00,-0.00,-0.00,-0.00,-0.00,0.00,7.00
70438.00,0.33,0.21,0.92,-0.06,0.00,11.30,-0.27,-0.16,1285.76,-0.00,-0.00,-0.00,0.00,0.00,-0.00,9.00
70447.00,0.33,0.21,0.83,-0.06,0.00,-9.34,-0.27,-0.16,-2294.01,-0.00,-0.00,-0.00,0.00,0.00,-0.00,5.00
70452.00,0.32,0.21,0.91,-0.06,0.00,16.14,0.00,0.00,5095.25,-0.00,-0.00,-0.00,0.00,0.00,-0.00,7.00
70459.00,0.32,0.21,0.87,-0.06,0.00,-6.26,0.00,0.00,-3199.47,-0.00,-0.00,-0.00,-0.00,0.00,-0.00,9.00
70468.00,0.32,0.21,0.69,-0.06,0.00,-19.39,0.00,0.00,-1458.31,-0.00,-0.00,-0.00,0.00,-0.00,-0.00,7.00
70475.00,0.32,0.21,0.76,-0.06,0.00,9.88,0.00,0.00,4181.01,-0.00,-0.00,-0.00,0.00,-0.00,-0.00,5.00
70480.00,0.32,0.21,0.97,-0.06,0.00,42.27,0.00,0.00,6477.20,-0.00,-0.00,-0.00,0.00,-0.00,-0.00,18.00
70498.00,0.32,0.21,0.86,-0.06,0.00,-6.26,0.00,0.00,-2696.08,-0.00,-0.00,-0.00,0.00,0.00,0.00,5.00
70508.00,0.32,0.21,0.79,-0.06,0.00,-7.05,0.00,0.00,-78.50,-0.00,-0.00,-0.00,0.00,-0.00,-0.00,9.00
70517.00,0.32,0.21,0.89,-0.06,0.00,11.30,0.00,0.00,2038.42,-0.00,-0.00,-0.00,0.00,0.00,-0.00,5.00
70522.00,0.32,0.21,0.90,-0.06,0.00,0.72,0.00,0.00,-2115.96,-0.00,-0.00,-0.00,0.00,0.00,-0.00,8.00
70530.00,0.32,0.21,0.96,-0.06,0.00,8.26,0.00,0.00,943.19,-0.00,-0.00,-0.00,0.00,0.00,0.00,8.00
70538.00,0.32,0.21,0.90,-0.06,0.00,-7.68,0.00,0.00,-1993.15,-0.00,-0.00,-0.00,0.00,0.00,-0.00,7.00
70545.00,0.32,0.21,0.85,-0.06,0.00,-7.44,0.00,0.00,35.10,-0.00,-0.00,-0.00,0.00,0.00,0.00,5.00
70550.00,0.32,0.21,0.85,-0.06,0.00,0.08,0.00,0.00,1502.83,-0.00,-0.00,-0.00,0.00,0.00,0.00,7.00
70557.00,0.32,0.21,0.91,-0.06,0.00,9.05,0.00,0.00,1280.90,-0.00,-0.00,-0.00,0.00,0.00,0.00,5.00
70562.00,0.32,0.21,0.81,-0.06,0.00,-19.67,0.00,0.00,-5742.10,-0.00,-0.00,-0.00,0.00,0.00,0.00,7.00
70569.00,0.32,0.21,0.79,-0.06,0.00,-3.78,0.00,0.00,2269.26,-0.00,-0.00,-0.00,0.00,0.00,0.00,9.00
70588.00,0.32,0.21,0.85,-0.06,0.00,3.48,0.00,0.00,382.37,-0.00,-0.00,-0.00,0.00,-0.00,0.00,18.00
70606.00,0.32,0.21,0.84,-0.06,0.00,-0.84,0.00,0.00,-240.07,-0.00,-0.00,-0.00,-0.00,-0.00,-0.00,6.00
70612.00,0.32,0.21,0.84,-0.06,0.00,0.91,0.00,0.00,291.20,-0.00,-0.00,-0.00,-0.00,-0.00,-0.00,7.00
70619.00,0.32,0.21,0.79,-0.06,0.00,-7.66,0.00,0.00,-1224.27,-0.00,-0.00,-0.00,-0.00,-0.00,0.00,9.00
70628.00,0.32,0.21,0.79,-0.06,0.00,0.03,0.00,0.00,854.91,-0.00,-0.00,-0.00,0.00,0.00,-0.00,6.00
70634.00,0.32,0.21,0.83,-0.06,0.00,5.61,0.00,0.00,929.77,-0.00,-0.00,-0.00,0.00,0.00,-0.00,6.00
70640.00,0.32,0.21,0.83,-0.06,0.00,0.52,0.00,0.00,-849.50,-0.00,-0.00,-0.00,0.00,0.00,-0.00,9.00
70649.00,0.32,0.21,0.79,-0.06,0.00,-4.07,0.00,0.00,-509.91,-0.00,-0.00,-0.00,0.00,-0.00,0.00,5.00
70654.00,0.32,0.21,0.77,0.00,0.00,-3.69,0.27,-0.02,76.48,-0.00,-0.00,-0.00,-0.00,-0.00,0.00,6.00
70660.00,0.32,0.21,0.80,0.00,0.00,4.45,0.27,-0.02,1357.16,-0.00,-0.00,-0.00,-0.00,-0.00,0.01,9.00
70673.00,0.32,0.21,0.82,0.00,0.00,1.89,0.27,-0.02,-197.28,-0.00,-0.00,-0.00,0.00,-0.00,0.00,8.00
70681.00,0.32,0.21,0.86,0.00,0.00,4.66,0.27,-0.02,347.07,-0.00,-0.00,-0.00,0.00,-0.00,0.00,8.00
70689.00,0.32,0.21,0.80,0.00,0.00,-7.30,0.27,-0.02,-1495.42,-0.00,-0.00,-0.00,0.00,-0.00,-0.00,17.00
70706.00,0.32,0.21,0.82,0.00,0.00,1.14,0.27,-0.02,496.36,-0.00,-0.00,-0.00,0.00,0.00,-0.00,7.00
70713.00,0.32,0.21,0.86,0.00,0.00,5.28,0.27,-0.02,591.94,-0.00,-0.00,-0.00,-0.00,0.00,-0.00,6.00
70719.00,0.32,0.21,0.87,0.00,0.00,2.35,0.27,-0.02,-489.19,-0.00,-0.00,-0.00,-0.00,0.00,0.00,9.00
70728.00,0.32,0.21,0.82,0.00,0.00,-5.53,0.27,-0.02,-875.71,-0.00,-0.00,-0.00,-0.00,0.00,0.00,6.00
70734.00,0.32,0.21,0.81,0.00,0.00,-2.41,0.27,-0.02,519.85,-0.00,-0.00,-0.00,0.00,0.00,0.00,6.00
70740.00,0.32,0.21,0.77,0.00,0.00,-7.02,0.27,-0.02,-767.71,-0.00,-0.00,-0.00,0.00,0.00,0.00,9.00
70749.00,0.32,0.21,0.77,0.00,0.00,0.12,0.27,-0.02,793.42,-0.00,-0.00,-0.00,0.00,0.00,0.00,5.00
70759.00,0.32,0.21,0.80,0.00,0.00,3.18,0.27,-0.02,306.29,-0.00,-0.00,-0.00,-0.00,0.00,0.00,9.00
70768.00,0.32,0.21,0.81,0.00,0.00,0.65,0.27,-0.02,-281.25,-0.00,-0.00,-0.00,-0.00,0.00,0.00,6.00
70774.00,0.32,0.21,0.88,0.00,0.00,12.06,0.27,-0.02,1900.56,-0.00,-0.00,-0.00,0.00,-0.00,0.00,7.00
70781.00,0.32,0.21,0.85,0.00,0.00,-4.74,0.27,-0.02,-2398.64,-0.00,-0.00,-0.00,0.00,-0.00,0.00,8.00
70789.00,0.32,0.21,0.82,0.00,0.00,-3.25,0.27,-0.02,185.35,-0.00,-0.00,-0.00,0.00,-0.00,-0.00,17.00
70806.00,0.32,0.21,0.78,0.00,0.00,-2.57,0.27,-0.02,39.99,-0.00,-0.00,-0.00,-0.00,-0.00,-0.00,6.00
70812.00,0.32,0.21,0.79,0.00,0.00,3.19,0.27,-0.02,960.75,-0.00,-0.00,-0.00,-0.00,0.00,-0.00,7.00
70819.00,0.32,0.21,0.79,0.00,0.00,-1.27,0.27,-0.02,-637.32,-0.00,-0.00,-0.00,0.00,0.00,0.00,8.00
70827.00,0.32,0.21,0.83,0.00,0.00,5.42,0.27,-0.02,835.69,-0.00,-0.00,-0.00,0.00,0.00,-0.00,5.00
70832.00,0.32,0.21,0.82,0.00,0.00,-2.37,0.27,-0.02,-1556.20,-0.00,-0.00,-0.00,-0.00,0.00,-0.00,8.00
70845.00,0.32,0.21,0.80,0.00,0.00,-1.36,0.27,-0.02,77.06,-0.00,-0.00,-0.00,0.00,0.00,0.00,7.00
70852.00,0.32,0.21,0.76,0.00,0.00,-5.67,0.27,-0.02,-615.31,-0.00,-0.00,-0.00,0.00,0.00,0.00,7.00
70859.00,0.32,0.21,0.82,0.00,0.00,8.23,0.00,0.00,1986.40,-0.00,-0.00,-0.00,0.00,0.00,0.00,6.00
70865.00,0.32,0.21,0.92,0.00,0.00,17.45,0.00,0.00,1536.17,-0.00,-0.00,-0.00,0.00,0.00,-0.00,6.00
70871.00,0.32,0.21,0.82,0.00,0.00,-17.48,0.00,0.00,-5822.57,-0.00,-0.00,-0.00,0.00,0.00,-0.00,8.00
70879.00,0.32,0.21,0.70,0.00,0.00,-14.38,0.00,0.00,387.62,-0.00,-0.00,-0.00,-0.00,-0.00,0.00,8.00
70887.00,0.32,0.21,0.87,0.00,0.00,21.17,0.00,0.00,4443.63,-0.00,-0.00,-0.00,0.00,-0.00,0.00,16.00
70903.00,0.32,0.21,0.77,0.00,0.00,-6.18,0.00,0.00,-1709.10,-0.00,-0.00,-0.00,0.00,0.00,0.00,6.00
70909.00,0.32,0.21,0.77,0.00,0.00,0.17,0.00,0.00,1059.04,-0.00,-0.00,-0.00,-0.00,0.01,-0.00,8.00
70917.00,0.32,0.21,0.91,0.00,0.00,17.30,0.00,0.00,2140.62,-0.00,-0.00,-0.00,0.00,0.00,-0.00,6.00
70927.00,0.32,0.21,0.82,0.00,0.00,-9.21,0.00,0.00,-2651.28,-0.00,-0.00,-0.00,0.00,0.00,0.00,6.00
70933.00,0.32,0.21,0.78,0.00,0.00,-6.40,0.00,0.00,468.66,-0.00,-0.00,-0.00,0.00,0.00,0.00,8.00
70941.00,0.32,0.21,0.79,0.00,0.00,1.54,0.00,0.00,993.25,-0.00,-0.00,-0.00,0.00,0.00,0.00,8.00
70949.00,0.32,0.21,0.70,0.00,0.00,-11.51,0.00,0.00,-1632.02,-0.00,-0.00,-0.00,0.00,0.00,0.00,6.00
70955.00,0.32,0.21,0.88,0.00,0.00,30.11,0.00,0.00,6936.77,-0.00,-0.00,-0.00,0.00,-0.00,0.00,6.00
70961.00,0.32,0.21,0.75,0.00,0.00,-22.34,0.00,0.00,-8741.95,-0.00,-0.00,-0.00,0.00,-0.00,0.00,9.00
70970.00,0.32,0.21,0.91,0.00,0.00,17.92,0.00,0.00,4473.96,-0.00,-0.00,-0.00,0.00,-0.00,0.00,7.00
70977.00,0.32,0.21,0.77,0.00,0.00,-19.90,0.00,0.00,-5403.41,-0.00,-0.00,-0.00,-0.00,-0.01,0.00,6.00
70983.00,0.32,0.21,0.81,0.00,0.00,6.77,0.00,0.00,4445.11,-0.00,-0.00,-0.00,-0.00,-0.00,0.00,7.00
70990.00,0.32,0.21,0.84,0.00,0.00,3.49,0.00,0.00,-468.13,-0.00,-0.00,-0.00,-0.00,-0.00,0.00,18.00
71012.00,0.32,0.21,0.85,0.00,0.00,0.74,0.00,0.00,-125.03,-0.00,-0.00,-0.00,-0.00,-0.00,-0.00,9.00
71021.00,0.32,0.21,0.83,0.00,0.00,-2.23,0.00,0.00,-330.52,-0.00,-0.00,-0.00,-0.00,-0.00,0.00,8.00
71029.00,0.32,0.21,0.78,0.00,0.00,-6.37,0.00,0.00,-517.15,-0.00,-0.00,-0.00,0.00,0.00,0.00,7.00
71036.00,0.32,0.21,0.75,0.00,0.00,-3.77,0.00,0.00,371.71,-0.00,-0.00,-0.00,-0.00,-0.00,0.00,6.00
71042.00,0.32,0.21,0.84,0.00,0.00,15.06,0.00,0.00,3137.81,-0.00,-0.00,-0.00,-0.00,-0.00,0.00,8.00
71050.00,0.32,0.21,0.90,0.00,0.00,7.47,0.00,0.00,-948.13,-0.00,-0.00,-0.00,-0.00,-0.00,0.00,6.00
71056.00,0.32,0.21,0.92,0.00,0.00,2.38,0.00,0.00,-849.57,-0.00,-0.00,-0.00,0.00,0.00,-0.00,6.00
71062.00,0.31,0.21,0.87,-0.05,0.00,-7.37,-0.27,0.02,-1624.64,-0.00,-0.00,-0.00,0.00,0.00,-0.00,8.00
71070.00,0.31,0.21,0.87,-0.05,0.00,-0.90,-0.27,0.02,808.38,-0.00,-0.00,-0.00,0.00,0.00,0.00,7.00
71077.00,0.31,0.21,0.76,-0.05,0.00,-15.13,-0.27,0.02,-2032.23,-0.00,-0.00,-0.00,0.00,0.00,0.00,6.00
71087.00,0.31,0.21,0.86,-0.05,0.00,9.69,-0.27,0.02,2481.84,-0.00,-0.00,-0.00,0.00,0.01,-0.00,17.00
71104.00,0.31,0.21,0.81,-0.05,0.00,-3.02,-0.27,0.02,-747.31,-0.00,-0.00,-0.00,0.00,0.00,0.00,7.00
71111.00,0.31,0.21,0.84,-0.05,0.00,5.02,-0.27,0.02,1148.05,-0.00,-0.00,-0.00,0.00,0.00,0.00,8.00
71119.00,0.31,0.21,0.85,-0.05,0.00,1.25,-0.27,0.02,-471.92,-0.00,-0.00,-0.00,0.00,0.00,0.00,6.00
71125.00,0.31,0.21,0.92,-0.05,0.00,10.49,-0.27,0.02,1540.89,-0.00,-0.00,-0.00,-0.00,0.00,0.00,6.00
71131.00,0.31,0.21,0.90,-0.05,0.00,-3.10,-0.27,0.02,-2264.42,-0.00,-0.00,-0.00,-0.00,-0.00,0.00,9.00
71140.00,0.31,0.21,0.90,-0.05,0.00,0.82,-0.27,0.02,435.12,-0.00,-0.00,-0.00,0.00,-0.00,-0.00,7.00
71147.00,0.31,0.21,0.85,-0.05,0.00,-8.20,-0.27,0.02,-1288.82,-0.00,-0.00,-0.00,0.00,-0.00,-0.00,6.00
71153.00,0.31,0.21,0.89,-0.05,0.00,7.22,-0.27,0.02,2570.32,-0.00,-0.00,-0.00,0.00,-0.00,-0.00,7.00
71160.00,0.31,0.21,0.85,-0.05,0.00,-5.12,-0.27,0.02,-1762.57,-0.00,-0.00,-0.00,-0.00,0.00,0.00,8.00
71178.00,0.31,0.21,0.83,-0.05,0.00,-1.19,-0.27,0.02,218.07,-0.00,-0.00,-0.00,-0.00,-0.00,0.00,6.00
71184.00,0.31,0.21,1.00,-0.05,0.00,27.05,-0.27,0.02,4707.47,-0.00,-0.00,-0.00,-0.00,-0.00,0.00,7.00
71191.00,0.31,0.21,0.79,-0.05,0.00,-28.78,-0.27,0.02,-7976.08,-0.00,-0.00,-0.00,0.00,-0.00,0.00,18.00
71209.00,0.31,0.21,0.86,-0.05,0.00,3.58,-0.27,0.02,1797.61,-0.00,-0.00,-0.00,0.00,-0.00,0.00,6.00
71215.00,0.31,0.21,0.85,-0.05,0.00,-1.70,-0.27,0.02,-879.57,-0.00,-0.00,-0.00,-0.00,-0.00,0.00,6.00
71221.00,0.31,0.21,0.87,-0.05,0.00,4.27,-0.27,0.02,995.07,-0.00,-0.00,-0.00,-0.00,-0.00,0.00,9.00
71230.00,0.31,0.21,0.85,-0.05,0.00,-2.08,-0.27,0.02,-705.54,-0.00,-0.00,-0.00,-0.00,-0.00,0.00,7.00
71237.00,0.31,0.21,0.84,-0.05,0.00,-1.54,-0.27,0.02,76.70,-0.00,-0.00,-0.00,-0.00,-0.00,-0.00,6.00
71243.00,0.31,0.21,0.84,-0.05,0.00,-0.21,-0.27,0.02,222.35,-0.00,-0.00,-0.00,-0.00,-0.00,-0.00,8.00
71251.00,0.31,0.21,0.94,-0.05,0.00,12.44,-0.27,0.02,1580.78,-0.00,-0.00,-0.00,0.00,0.00,0.00,6.00
71261.00,0.31,0.21,0.95,-0.05,0.00,0.96,-0.27,0.02,-1147.39,-0.00,-0.00,-0.00,-0.00,-0.00,0.00,10.00
71271.00,0.30,0.21,0.86,-0.05,0.00,-9.24,0.01,-0.00,-1020.25,-0.00,-0.00,-0.00,-0.00,0.00,0.00,7.00
71278.00,0.30,0.21,0.88,-0.05,0.00,2.30,0.01,-0.00,1648.38,-0.00,-0.00,-0.00,0.00,0.00,0.00,16.00
71294.00,0.30,0.21,0.83,-0.05,0.00,-3.00,0.01,-0.00,-331.49,-0.00,-0.00,-0.00,0.00,0.00,0.00,8.00
71302.00,0.30,0.21,0.89,-0.05,0.00,8.04,0.01,-0.00,1380.29,-0.00,-0.00,-0.00,0.00,0.00,0.00,5.00
71307.00,0.30,0.21,0.83,-0.05,0.00,-13.15,0.01,-0.00,-4238.29,-0.00,-0.00,-0.00,0.00,-0.00,-0.00,6.00
71313.00,0.30,0.21,0.92,-0.05,0.00,14.97,0.01,-0.00,4687.47,-0.00,-0.00,-0.00,0.00,-0.00,-0.00,8.00
71321.00,0.30,0.21,0.87,-0.05,0.00,-5.54,0.01,-0.00,-2564.53,-0.00,-0.00,-0.00,0.00,-0.00,-0.00,7.00
71328.00,0.30,0.21,0.96,-0.05,0.00,13.28,0.01,-0.00,2689.35,-0.00,-0.00,-0.00,0.00,0.00,0.00,6.00
71334.00,0.30,0.21,0.93,-0.05,0.00,-6.24,0.01,-0.00,-3253.02,-0.00,-0.00,-0.00,0.00,0.00,0.00,7.00
71346.00,0.30,0.21,0.89,-0.05,0.00,-3.24,0.01,-0.00,250.13,-0.00,-0.00,-0.00,0.00,0.00,0.00,7.00
71353.00,0.30,0.21,0.94,-0.05,0.00,7.48,0.01,-0.00,1531.39,-0.00,-0.00,-0.00,0.00,0.01,0.00,6.00
71359.00,0.30,0.21,0.88,-0.05,0.00,-10.20,0.01,-0.00,-2947.41,-0.00,-0.00,-0.00,0.00,0.00,0.00,6.00
71365.00,0.30,0.21,0.90,-0.05,0.00,3.64,0.01,-0.00,2306.92,-0.00,-0.00,-0.00,0.00,0.00,0.00,7.00
71372.00,0.30,0.21,0.92,-0.05,0.00,2.16,0.01,-0.00,-211.19,-0.00,-0.00,-0.00,0.00,0.00,0.00,9.00
71381.00,0.30,0.21,0.85,-0.05,0.00,-7.82,0.01,-0.00,-1108.83,-0.00,-0.00,-0.00,0.00,-0.00,-0.00,7.00
71388.00,0.30,0.21,0.95,-0.05,0.00,14.84,0.01,-0.00,3236.34,-0.00,-0.00,-0.00,-0.00,0.00,-0.00,15.00
71403.00,0.30,0.21,0.88,-0.05,0.00,-4.34,0.01,-0.00,-1278.38,-0.00,-0.00,-0.00,-0.00,0.00,-0.00,7.00
71410.00,0.30,0.21,0.84,-0.05,0.00,-6.80,0.01,-0.00,-351.75,-0.00,-0.00,-0.00,-0.00,0.00,0.00,6.00
71416.00,0.30,0.21,0.96,-0.05,0.00,20.45,0.01,-0.00,4542.10,-0.00,-0.00,-0.00,-0.00,0.00,0.00,7.00
71427.00,0.30,0.21,0.88,-0.05,0.00,-6.86,0.01,-0.00,-2483.30,-0.00,-0.00,-0.00,0.00,-0.00,0.00,7.00
71434.00,0.30,0.21,0.91,-0.05,0.00,3.91,0.01,-0.00,1538.63,-0.00,-0.00,-0.00,-0.00,-0.00,0.00,7.00
71441.00,0.30,0.21,0.93,-0.05,0.00,2.38,0.01,-0.00,-217.72,-0.00,-0.00,-0.00,-0.00,-0.00,0.00,8.00
71449.00,0.30,0.21,0.91,-0.05,0.00,-2.77,0.01,-0.00,-644.60,-0.00,-0.00,-0.00,-0.00,-0.00,-0.00,6.00
71455.00,0.30,0.21,0.95,-0.05,0.00,7.11,0.01,-0.00,1648.11,-0.00,-0.00,-0.00,-0.00,-0.00,-0.00,7.00
71462.00,0.30,0.21,0.95,-0.05,0.00,-0.02,0.01,-0.00,-1018.51,-0.00,-0.00,-0.00,0.00,0.00,0.00,8.00
71470.00,0.30,0.21,0.89,-0.05,0.00,-6.96,0.01,-0.00,-868.19,-0.00,-0.00,-0.00,0.00,0.00,-0.00,6.00
71476.00,0.29,0.21,0.88,-0.05,0.00,-2.65,-0.01,0.00,717.78,-0.00,-0.00,-0.00,0.00,0.00,-0.00,6.00
71482.00,0.29,0.21,0.85,-0.05,0.00,-4.06,-0.01,0.00,-234.79,-0.00,-0.00,-0.00,0.00,0.00,-0.00,19.00
71501.00,0.29,0.21,0.93,-0.05,0.00,4.32,-0.01,0.00,441.32,-0.00,-0.00,-0.00,0.00,0.00,0.00,6.00
71511.00,0.29,0.21,0.94,-0.05,0.00,0.87,-0.01,0.00,-345.04,-0.00,-0.00,-0.00,-0.00,0.00,0.00,9.00
71520.00,0.29,0.21,0.87,-0.05,0.00,-8.64,-0.01,0.00,-1056.72,-0.00,-0.00,-0.00,-0.00,0.00,0.00,6.00
71526.00,0.29,0.21,0.87,-0.05,0.00,0.93,-0.01,0.00,1595.59,-0.00,-0.00,-0.00,0.00,-0.00,0.00,7.00
71533.00,0.29,0.21,0.91,-0.05,0.00,6.07,-0.01,0.00,734.12,-0.00,-0.00,-0.00,0.00,-0.01,0.00,8.00
71541.00,0.29,0.21,0.84,-0.05,0.00,-8.83,-0.01,0.00,-1862.37,-0.00,-0.00,-0.00,0.00,0.00,-0.00,7.00
71548.00,0.29,0.21,0.86,-0.05,0.00,2.23,-0.01,0.00,1580.04,-0.00,-0.00,-0.00,0.00,0.00,0.00,5.00
71553.00,0.29,0.21,0.98,-0.05,0.00,23.97,-0.01,0.00,4346.20,-0.00,-0.00,-0.00,0.00,0.00,0.00,7.00
71560.00,0.29,0.21,0.91,-0.05,0.00,-10.39,-0.01,0.00,-4908.16,-0.00,-0.00,-0.00,0.00,0.00,-0.00,6.00
71566.00,0.29,0.21,0.95,-0.05,0.00,6.99,-0.01,0.00,2896.66,-0.00,-0.00,-0.00,0.00,0.00,-0.00,7.00
71573.00,0.29,0.21,0.93,-0.05,0.00,-3.08,-0.01,0.00,-1438.74,-0.00,-0.00,-0.00,-0.00,0.00,0.00,8.00
71586.00,0.29,0.21,0.86,-0.05,0.00,-4.78,-0.01,0.00,-130.83,-0.00,-0.00,-0.00,-0.00,0.00,-0.00,18.00
71604.00,0.29,0.21,0.96,-0.05,0.00,5.40,-0.01,0.00,565.92,-0.00,-0.00,-0.00,0.00,0.00,-0.01,7.00
71611.00,0.29,0.21,0.82,-0.05,0.00,-20.11,-0.01,0.00,-3644.58,-0.00,-0.00,-0.00,0.00,-0.01,0.00,7.00
71618.00,0.29,0.21,0.91,-0.05,0.00,12.50,-0.01,0.00,4658.14,-0.00,-0.00,-0.00,0.00,-0.00,-0.00,6.00
71624.00,0.29,0.21,0.92,-0.05,0.00,2.78,-0.01,0.00,-1620.27,-0.00,-0.00,-0.00,-0.00,-0.00,0.00,8.00
71632.00,0.29,0.21,0.99,-0.05,0.00,8.07,-0.01,0.00,661.08,-0.00,-0.00,-0.00,-0.00,-0.00,0.00,8.00
71640.00,0.29,0.21,0.88,-0.05,0.00,-13.76,-0.01,0.00,-2727.87,-0.00,-0.00,-0.00,0.00,-0.00,-0.00,5.00
71645.00,0.29,0.21,0.97,-0.05,0.00,17.18,-0.01,0.00,6188.15,-0.00,-0.00,-0.00,0.00,-0.00,-0.00,8.00
71653.00,0.29,0.21,0.86,-0.05,0.00,-12.71,-0.01,0.00,-3737.04,-0.00,-0.00,-0.00,0.00,0.00,0.00,5.00
71658.00,0.29,0.21,1.03,-0.05,0.00,32.40,-0.01,0.00,9023.58,-0.00,-0.00,-0.00,0.00,-0.00,0.00,6.00
71669.00,0.29,0.21,0.93,-0.05,0.00,-8.59,-0.01,0.00,-3726.55,-0.00,-0.00,-0.00,0.00,0.00,0.00,6.00
71675.00,0.29,0.21,0.98,-0.05,0.00,8.05,-0.01,0.00,2772.09,-0.00,-0.00,-0.00,0.00,0.00,-0.00,7.00
71682.00,0.29,0.22,1.02,0.00,0.04,6.24,0.26,0.16,-257.82,-0.00,-0.00,-0.00,0.00,0.01,-0.00,18.00
71700.00,0.29,0.22,0.94,0.00,0.04,-4.57,0.26,0.16,-600.37,-0.00,-0.00,-0.00,0.00,0.01,0.00,6.00
71706.00,0.29,0.22,1.01,0.00,0.04,11.41,0.26,0.16,2662.92,-0.00,-0.00,-0.00,0.00,0.01,-0.00,7.00
71713.00,0.29,0.22,0.84,0.00,0.04,-23.85,0.26,0.16,-5037.70,-0.00,-0.00,-0.00,0.00,0.00,-0.00,9.00
71722.00,0.29,0.22,0.95,0.00,0.04,11.61,0.26,0.16,3940.58,-0.00,-0.00,-0.00,0.00,0.00,0.00,7.00
71729.00,0.29,0.22,0.93,0.00,0.04,-1.84,0.26,0.16,-1921.65,-0.00,-0.00,-0.00,0.00,-0.00,-0.00,6.00
71735.00,0.29,0.22,0.95,0.00,0.04,3.42,0.26,0.16,876.60,-0.00,-0.00,-0.00,0.00,-0.00,-0.00,7.00
71742.00,0.29,0.22,1.00,0.00,0.04,6.85,0.26,0.16,490.43,-0.00,-0.00,-0.00,0.00,0.00,0.00,8.00
71755.00,0.29,0.22,0.91,0.00,0.04,-7.48,0.26,0.16,-1102.54,-0.00,-0.00,-0.00,0.00,0.00,0.00,8.00
71763.00,0.29,0.22,0.89,0.00,0.04,-1.63,0.26,0.16,731.56,-0.00,-0.00,-0.00,0.00,0.00,-0.00,8.00
71771.00,0.29,0.22,0.92,0.00,0.04,4.04,0.26,0.16,708.10,-0.00,-0.00,-0.00,-0.00,0.00,-0.00,7.00
71778.00,0.29,0.22,1.02,0.00,0.04,12.95,0.26,0.16,1272.84,-0.00,-0.00,-0.00,-0.00,0.00,-0.00,5.00
71783.00,0.29,0.22,1.08,0.00,0.04,13.43,0.26,0.16,95.53,-0.00,-0.00,-0.00,-0.00,0.00,-0.00,20.00
71803.00,0.29,0.22,0.95,0.00,0.04,-6.64,0.26,0.16,-1003.05,-0.00,-0.00,-0.00,0.00,-0.00,0.00,6.00
71809.00,0.29,0.22,0.97,0.00,0.04,3.16,0.26,0.16,1632.35,-0.00,-0.00,-0.00,0.00,-0.00,0.00,5.00
71814.00,0.29,0.22,0.99,0.00,0.04,4.81,0.26,0.16,331.16,-0.00,-0.00,-0.00,0.00,-0.00,0.00,8.00
71822.00,0.29,0.22,0.88,0.00,0.04,-14.54,0.26,0.16,-2418.77,-0.00,-0.00,-0.00,0.00,0.00,0.00,8.00
71830.00,0.29,0.22,0.96,0.00,0.04,10.04,0.26,0.16,3071.39,-0.00,-0.00,-0.00,0.00,0.01,0.01,6.00
71845.00,0.29,0.22,0.97,0.00,0.04,0.84,0.26,0.16,-613.20,-0.00,-0.00,-0.00,0.00,0.00,0.01,9.00
71854.00,0.29,0.22,1.02,0.00,0.04,5.17,0.26,0.16,481.15,-0.00,-0.00,-0.00,0.00,-0.00,0.01,6.00
71860.00,0.29,0.22,1.03,0.00,0.04,3.19,0.26,0.16,-330.34,-0.00,-0.00,-0.00,-0.01,0.00,-0.01,6.00
71866.00,0.29,0.22,0.95,0.00,0.04,-14.52,0.26,0.16,-2950.19,-0.00,-0.00,-0.00,-0.01,-0.00,-0.01,7.00
71873.00,0.29,0.22,0.96,0.00,0.04,2.41,0.26,0.16,2418.21,-0.00,-0.00,-0.00,-0.02,-0.00,-0.01,9.00
71882.00,0.29,0.21,1.04,0.00,-0.04,8.68,0.00,-0.38,696.10,-0.00,-0.00,-0.00,-0.00,-0.01,-0.02,7.00
71889.00,0.29,0.21,0.99,0.00,-0.04,-7.91,0.00,-0.38,-2370.25,-0.00,-0.00,-0.00,0.02,-0.01,-0.01,16.00
71905.00,0.29,0.21,0.97,0.00,-0.04,-0.87,0.00,-0.38,440.07,-0.00,-0.00,-0.00,0.02,-0.01,-0.01,7.00
71912.00,0.29,0.21,1.00,0.00,-0.04,4.24,0.00,-0.38,730.77,-0.00,-0.00,-0.00,0.01,0.00,0.01,6.00
71918.00,0.29,0.21,1.03,0.00,-0.04,3.84,0.00,-0.38,-67.27,-0.00,-0.00,-0.00,-0.01,-0.00,0.01,6.00
71929.00,0.29,0.21,0.89,0.00,-0.04,-12.74,0.00,-0.38,-1507.08,-0.00,-0.00,-0.00,-0.02,0.01,0.02,7.00
71936.00,0.29,0.21,1.04,0.00,-0.04,22.50,0.00,-0.38,5034.22,-0.00,-0.00,-0.00,-0.02,0.01,0.01,7.00
71943.00,0.29,0.21,1.02,0.00,-0.04,-2.90,0.00,-0.38,-3627.92,-0.00,-0.00,-0.00,-0.01,0.01,0.01,8.00
71951.00,0.29,0.21,0.95,0.00,-0.04,-8.89,0.00,-0.38,-748.85,-0.00,-0.00,-0.00,-0.01,0.01,-0.00,6.00
71957.00,0.29,0.21,0.96,0.00,-0.04,0.81,0.00,-0.38,1615.55,-0.00,-0.00,-0.00,-0.00,0.01,-0.01,7.00
71964.00,0.29,0.21,0.89,0.00,-0.04,-9.07,0.00,-0.38,-1410.44,-0.00,-0.00,-0.00,0.00,0.00,-0.01,7.00
71971.00,0.29,0.21,0.94,0.00,-0.04,5.94,0.00,-0.38,2144.11,-0.00,-0.00,-0.00,0.02,-0.00,-0.01,6.00
71977.00,0.29,0.21,0.91,0.00,-0.04,-3.66,0.00,-0.38,-1600.99,-0.00,-0.00,-0.00,0.02,-0.00,-0.02,7.00
71984.00,0.29,0.21,0.91,0.00,-0.04,-0.29,0.00,-0.38,481.97,-0.00,-0.00,-0.00,0.02,-0.00,-0.02,19.00
72003.00,0.29,0.21,0.93,0.00,-0.04,1.22,0.00,-0.38,79.25,-0.00,-0.00,-0.00,-0.00,0.01,0.00,5.00
72013.00,0.29,0.21,0.90,0.00,-0.04,-3.53,0.00,-0.38,-474.38,-0.00,-0.00,-0.00,-0.01,0.01,0.01,8.00
72021.00,0.29,0.21,0.87,0.00,-0.04,-3.75,0.00,-0.38,-28.02,-0.00,-0.00,-0.00,-0.01,0.00,0.01,6.00
72027.00,0.29,0.21,0.87,0.00,-0.04,0.51,0.00,-0.38,709.92,-0.00,-0.00,-0.00,-0.01,0.00,0.01,7.00
72034.00,0.29,0.21,0.93,0.00,-0.04,8.95,0.00,-0.38,1205.74,-0.00,-0.00,-0.00,-0.01,0.01,0.00,8.00
72042.00,0.29,0.21,0.92,0.00,-0.04,-1.33,0.00,-0.38,-1285.16,-0.00,-0.00,-0.00,0.01,-0.00,-0.00,7.00
72049.00,0.29,0.21,0.89,0.00,-0.04,-5.25,0.00,-0.38,-558.79,-0.00,-0.00,-0.00,0.01,-0.00,-0.00,6.00
72055.00,0.29,0.21,0.87,0.00,-0.04,-2.48,0.00,-0.38,460.82,-0.00,-0.00,-0.00,0.01,-0.00,-0.00,6.00
72061.00,0.29,0.21,0.73,0.00,-0.04,-23.11,0.00,-0.38,-3437.52,-0.00,-0.00,-0.00,0.01,-0.01,-0.01,5.00
72066.00,0.29,0.21,0.99,0.00,-0.04,52.09,0.00,-0.38,15039.27,-0.00,-0.00,-0.00,0.01,-0.01,-0.01,8.00
72074.00,0.29,0.21,0.87,0.00,-0.04,-14.98,0.00,-0.38,-8383.29,-0.00,-0.00,-0.00,0.01,0.00,-0.01,7.00
72086.00,0.27,0.22,0.92,-0.11,0.05,3.56,-0.53,0.42,1544.74,-0.00,-0.00,-0.00,-0.01,-0.00,-0.00,18.00
72104.00,0.27,0.22,0.83,-0.11,0.05,-4.97,-0.53,0.42,-473.72,-0.00,-0.00,-0.00,-0.01,-0.01,0.01,6.00
72110.00,0.27,0.22,0.85,-0.11,0.05,3.20,-0.53,0.42,1360.10,-0.00,-0.00,-0.00,0.00,0.00,0.00,5.00
72115.00,0.27,0.22,0.96,-0.11,0.05,22.39,-0.53,0.42,3838.10,-0.00,-0.00,-0.00,0.00,0.00,0.00,9.00
72124.00,0.27,0.22,0.83,-0.11,0.05,-13.85,-0.53,0.42,-4026.74,-0.00,-0.00,-0.00,0.00,-0.00,0.00,7.00
72131.00,0.27,0.22,0.97,-0.11,0.05,18.79,-0.53,0.42,4663.89,-0.00,-0.00,-0.00,0.01,-0.00,-0.00,6.00
72137.00,0.27,0.22,0.95,-0.11,0.05,-2.07,-0.53,0.42,-3477.24,-0.00,-0.00,-0.00,0.00,-0.01,-0.00,7.00
72144.00,0.27,0.22,0.95,-0.11,0.05,-0.65,-0.53,0.42,202.86,-0.00,-0.00,-0.00,0.00,-0.01,-0.01,8.00
72152.00,0.27,0.22,0.83,-0.11,0.05,-15.01,-0.53,0.42,-1794.48,-0.00,-0.00,-0.00,-0.00,0.00,-0.01,5.00
72157.00,0.27,0.22,0.95,-0.11,0.05,24.68,-0.53,0.42,7936.55,-0.00,-0.00,-0.00,-0.00,0.00,-0.00,7.00
72169.00,0.27,0.22,0.95,-0.11,0.05,-0.10,-0.53,0.42,-2064.55,-0.00,-0.00,-0.00,-0.00,0.00,-0.00,7.00
72176.00,0.27,0.22,0.86,-0.11,0.05,-12.83,-0.53,0.42,-1819.15,-0.00,-0.00,-0.00,-0.00,0.00,0.00,8.00
72184.00,0.27,0.22,0.91,-0.11,0.05,5.53,-0.53,0.42,2295.90,-0.00,-0.00,-0.00,0.00,0.00,0.00,17.00
72201.00,0.27,0.22,0.82,-0.11,0.05,-4.73,-0.53,0.42,-603.79,-0.00,-0.00,-0.00,0.01,0.00,0.00,6.00
72207.00,0.27,0.22,0.85,-0.11,0.05,3.97,-0.53,0.42,1449.29,-0.00,-0.00,-0.00,0.01,0.00,0.00,6.00
72213.00,0.27,0.22,0.89,-0.11,0.05,6.43,-0.53,0.42,410.05,-0.00,-0.00,-0.00,0.01,-0.00,0.00,7.00
72220.00,0.27,0.22,0.89,-0.11,0.05,0.46,-0.53,0.42,-852.79,-0.00,-0.00,-0.00,0.00,-0.00,-0.00,5.00
72225.00,0.27,0.22,0.87,-0.11,0.05,-4.60,-0.53,0.42,-1011.37,-0.00,-0.00,-0.00,-0.00,0.00,-0.00,9.00
72234.00,0.27,0.22,0.85,-0.11,0.05,-1.47,-0.53,0.42,347.50,-0.00,-0.00,-0.00,-0.00,0.01,-0.00,7.00
72241.00,0.27,0.22,0.83,-0.11,0.05,-3.21,-0.53,0.42,-248.25,-0.00,-0.00,-0.00,0.00,0.01,-0.01,6.00
72251.00,0.27,0.22,0.97,-0.11,0.05,13.48,-0.53,0.42,1668.74,-0.00,-0.00,-0.00,0.00,-0.00,0.00,6.00
72257.00,0.27,0.22,0.80,-0.11,0.05,-27.51,-0.53,0.42,-6830.95,-0.00,-0.00,-0.00,0.00,-0.00,0.00,7.00
72264.00,0.27,0.22,0.81,-0.11,0.05,0.87,-0.53,0.42,4053.98,-0.00,-0.00,-0.00,0.00,-0.00,-0.00,7.00
72271.00,0.27,0.22,0.89,-0.11,0.05,12.22,-0.53,0.42,1621.16,-0.00,-0.00,-0.00,-0.00,-0.00,-0.00,7.00
72278.00,0.27,0.22,0.84,-0.11,0.05,-7.74,-0.53,0.42,-2850.68,-0.00,-0.00,-0.00,-0.00,-0.00,-0.00,6.00
72284.00,0.27,0.22,0.92,-0.11,0.05,12.85,-0.53,0.42,3431.11,-0.00,-0.00,-0.00,-0.00,0.00,-0.00,19.00
72303.00,0.27,0.22,0.83,0.00,0.00,-4.51,0.50,-0.21,-913.75,-0.00,-0.00,-0.00,0.00,-0.00,-0.00,5.00
72308.00,0.27,0.22,0.85,0.00,0.00,4.04,0.50,-0.21,1710.28,-0.00,-0.00,-0.00,0.00,-0.00,-0.00,7.00
72315.00,0.27,0.22,0.85,0.00,0.00,0.12,0.50,-0.21,-560.51,-0.00,-0.00,-0.00,0.00,0.01,-0.00,8.00
72323.00,0.27,0.22,0.87,0.00,0.00,2.04,0.50,-0.21,240.51,-0.00,-0.00,-0.00,0.00,0.00,-0.00,5.00
72332.00,0.27,0.22,0.88,0.00,0.00,1.25,0.50,-0.21,-87.40,-0.00,-0.00,-0.00,-0.00,0.00,-0.00,7.00
72339.00,0.27,0.22,0.87,0.00,0.00,-1.91,0.50,-0.21,-451.57,-0.00,-0.00,-0.00,-0.00,0.00,0.00,6.00
72345.00,0.27,0.22,0.89,0.00,0.00,3.87,0.50,-0.21,962.68,-0.00,-0.00,-0.00,-0.00,0.00,0.00,9.00
72354.00,0.27,0.22,0.80,0.00,0.00,-9.83,0.50,-0.21,-1521.54,-0.00,-0.00,-0.00,0.00,0.00,0.00,5.00
72359.00,0.27,0.22,0.79,0.00,0.00,-1.58,0.50,-0.21,1649.80,-0.00,-0.00,-0.00,0.00,-0.00,0.00,7.00
72366.00,0.27,0.22,0.81,0.00,0.00,2.48,0.50,-0.21,578.90,-0.00,-0.00,-0.00,0.00,-0.00,0.00,8.00
72374.00,0.27,0.22,0.82,0.00,0.00,1.84,0.50,-0.21,-79.73,-0.00,-0.00,-0.00,0.00,-0.00,0.00,7.00
72381.00,0.27,0.22,0.85,0.00,0.00,3.11,0.50,-0.21,181.92,-0.00,-0.00,-0.00,-0.00,-0.01,0.00,6.00
72387.00,0.27,0.22,0.78,0.00,0.00,-11.33,0.50,-0.21,-2407.50,-0.00,-0.00,-0.00,-0.00,-0.01,0.00,17.00
72404.00,0.27,0.22,0.84,0.00,0.00,3.63,0.50,-0.21,879.95,-0.00,-0.00,-0.00,0.00,0.00,-0.00,6.00
72414.00,0.27,0.22,0.84,0.00,0.00,-0.08,0.50,-0.21,-370.90,-0.00,-0.00,-0.00,0.00,0.00,-0.00,9.00
72423.00,0.27,0.22,0.79,0.00,0.00,-5.30,0.50,-0.21,-579.81,-0.00,-0.00,-0.00,0.00,0.00,0.00,6.00
72429.00,0.27,0.22,0.82,0.00,0.00,5.02,0.50,-0.21,1720.36,-0.00,-0.00,-0.00,-0.00,0.01,0.00,7.00
72436.00,0.27,0.22,0.77,0.00,0.00,-7.15,0.50,-0.21,-1738.03,-0.00,-0.00,-0.00,-0.00,0.01,0.00,8.00
72444.00,0.27,0.22,0.86,0.00,0.00,10.85,0.50,-0.21,2249.94,-0.00,-0.00,-0.00,-0.00,0.00,-0.00,7.00
72451.00,0.27,0.22,0.81,0.00,0.00,-7.02,0.50,-0.21,-2552.69,-0.00,-0.00,-0.00,-0.00,-0.00,-0.00,5.00
72456.00,0.27,0.22,0.82,0.00,0.00,1.44,0.50,-0.21,1690.56,-0.00,-0.00,-0.00,-0.00,-0.00,-0.00,6.00
72462.00,0.27,0.22,0.85,0.00,0.00,5.75,0.50,-0.21,718.04,-0.00,-0.00,-0.00,0.00,-0.00,-0.01,6.00
72468.00,0.27,0.22,0.88,0.00,0.00,5.43,0.50,-0.21,-52.12,-0.00,-0.00,-0.00,0.00,-0.01,-0.00,7.00
72475.00,0.27,0.22,0.82,0.00,0.00,-8.43,0.50,-0.21,-1980.70,-0.00,-0.00,-0.00,0.00,-0.01,-0.00,9.00
72493.00,0.27,0.22,0.83,0.00,0.00,0.23,0.50,-0.21,481.10,-0.00,-0.00,-0.00,-0.00,-0.00,0.00,16.00
72509.00,0.26,0.22,0.89,-0.05,0.00,4.03,-0.26,0.02,237.43,-0.00,-0.00,-0.00,-0.00,0.01,0.00,7.00
72516.00,0.26,0.22,0.92,-0.05,0.00,4.02,-0.26,0.02,-1.58,-0.00,-0.00,-0.00,0.00,0.01,0.00,8.00
72524.00,0.26,0.22,0.90,-0.05,0.00,-2.09,-0.26,0.02,-762.70,-0.00,-0.00,-0.00,-0.00,0.00,-0.00,7.00
72531.00,0.26,0.22,0.93,-0.05,0.00,4.18,-0.26,0.02,895.03,-0.00,-0.00,-0.00,0.00,0.01,-0.01,5.00
72536.00,0.26,0.22,0.83,-0.05,0.00,-20.21,-0.26,0.02,-4878.80,-0.00,-0.00,-0.00,0.00,0.01,-0.01,9.00
72545.00,0.26,0.22,0.87,-0.05,0.00,3.95,-0.26,0.02,2685.24,-0.00,-0.00,-0.00,0.00,0.00,-0.01,8.00
72553.00,0.26,0.22,0.83,-0.05,0.00,-4.63,-0.26,0.02,-1072.29,-0.00,-0.00,-0.00,0.00,0.00,-0.00,5.00
72558.00,0.26,0.22,0.87,-0.05,0.00,7.14,-0.26,0.02,2352.57,-0.00,-0.00,-0.00,0.00,-0.00,-0.00,7.00
72565.00,0.26,0.22,0.89,-0.05,0.00,2.99,-0.26,0.02,-592.08,-0.00,-0.00,-0.00,0.01,-0.00,0.00,9.00
72578.00,0.26,0.22,0.93,-0.05,0.00,2.93,-0.26,0.02,-4.64,-0.00,-0.00,-0.00,0.00,-0.00,0.01,8.00
72586.00,0.26,0.22,0.82,-0.05,0.00,-13.78,-0.26,0.02,-2089.36,-0.00,-0.00,-0.00,0.00,0.00,0.01,8.00
72594.00,0.26,0.22,0.86,-0.05,0.00,5.95,-0.26,0.02,2466.45,-0.00,-0.00,-0.00,-0.00,-0.00,0.00,17.00
72611.00,0.26,0.22,0.89,-0.05,0.00,1.36,-0.26,0.02,-270.06,-0.00,-0.00,-0.00,-0.00,0.00,-0.00,6.00
72617.00,0.26,0.22,0.91,-0.05,0.00,3.63,-0.26,0.02,378.48,-0.00,-0.00,-0.00,-0.00,0.00,-0.01,8.00
72625.00,0.26,0.22,0.87,-0.05,0.00,-4.57,-0.26,0.02,-1024.84,-0.00,-0.00,-0.00,0.00,0.01,-0.01,8.00
72633.00,0.26,0.22,0.90,-0.05,0.00,3.99,-0.26,0.02,1070.25,-0.00,-0.00,-0.00,0.00,0.00,-0.00,5.00
72638.00,0.26,0.22,0.81,-0.05,0.00,-18.03,-0.26,0.02,-4404.96,-0.00,-0.00,-0.01,0.00,0.00,-0.00,7.00
72645.00,0.26,0.22,0.81,-0.05,0.00,-0.16,-0.26,0.02,2553.12,-0.00,-0.00,-0.00,0.00,-0.00,0.00,6.00
72651.00,0.26,0.22,0.92,-0.05,0.00,17.52,-0.26,0.02,2947.53,-0.00,-0.00,-0.00,-0.00,-0.01,0.00,7.00
72663.00,0.26,0.22,0.85,-0.05,0.00,-5.55,-0.26,0.02,-1922.70,-0.00,-0.00,-0.00,-0.00,-0.00,0.00,6.00
72669.00,0.26,0.22,0.89,-0.05,0.00,7.00,-0.26,0.02,2091.41,-0.00,-0.00,-0.00,-0.00,-0.00,0.00,7.00
72676.00,0.26,0.22,0.83,-0.05,0.00,-9.10,-0.26,0.02,-2300.18,-0.00,-0.00,-0.00,-0.00,-0.01,0.01,8.00
72684.00,0.26,0.22,0.88,-0.05,0.00,5.85,-0.26,0.02,1868.54,-0.00,-0.00,-0.00,-0.00,-0.01,0.00,6.00
72690.00,0.26,0.22,0.91,-0.05,0.00,4.93,-0.26,0.02,-153.38,-0.00,-0.00,-0.00,0.00,-0.00,-0.00,17.00
72707.00,0.26,0.22,0.87,-0.05,0.00,-2.05,-0.26,0.02,-410.21,-0.00,-0.00,-0.00,0.00,-0.00,-0.01,5.00
72712.00,0.26,0.22,0.90,0.00,0.00,6.41,0.27,-0.02,1691.39,-0.00,-0.00,-0.01,0.00,0.00,-0.00,6.00
72718.00,0.26,0.22,0.88,0.00,0.00,-4.05,0.27,-0.02,-1743.88,-0.00,-0.00,-0.01,0.00,0.00,-0.00,8.00
72726.00,0.26,0.22,0.84,0.00,0.00,-4.46,0.27,-0.02,-51.42,-0.00,-0.00,-0.01,-0.00,0.00,-0.00,7.00
72733.00,0.26,0.22,0.90,0.00,0.00,8.75,0.27,-0.02,1888.17,-0.00,-0.00,-0.01,-0.00,0.00,0.00,6.00
72744.00,0.26,0.22,0.90,0.00,0.00,-0.19,0.27,-0.02,-812.63,-0.00,-0.00,-0.01,-0.00,0.00,0.00,6.00
72750.00,0.26,0.22,0.89,0.00,0.00,-2.47,0.27,-0.02,-380.41,-0.00,-0.00,-0.01,0.00,0.00,0.00,6.00
72756.00,0.26,0.22,0.79,0.00,0.00,-15.94,0.27,-0.02,-2245.40,-0.00,-0.00,-0.01,0.00,0.00,0.00,6.00
72762.00,0.26,0.22,0.95,0.00,0.00,26.61,0.27,-0.02,7091.36,-0.00,-0.00,-0.01,0.01,-0.00,-0.00,6.00
72768.00,0.26,0.22,0.91,0.00,0.00,-7.54,0.27,-0.02,-5691.06,-0.00,-0.00,-0.01,0.00,-0.00,-0.00,8.00
72776.00,0.26,0.22,0.92,0.00,0.00,1.91,0.27,-0.02,1180.98,-0.00,-0.00,-0.01,0.00,-0.00,0.00,7.00
72783.00,0.26,0.22,0.79,0.00,0.00,-19.24,0.27,-0.02,-3021.22,-0.00,-0.00,-0.01,-0.00,-0.00,-0.00,6.00
72789.00,0.26,0.22,0.94,0.00,0.00,24.81,0.27,-0.02,7342.10,-0.00,-0.00,-0.01,-0.00,-0.00,-0.00,7.00
72796.00,0.26,0.22,0.87,0.00,0.00,-9.31,0.27,-0.02,-4874.66,-0.00,-0.00,-0.01,-0.00,0.00,-0.00,18.00
72814.00,0.26,0.22,0.85,0.00,0.00,-1.14,0.27,-0.02,453.66,-0.00,-0.00,-0.01,0.00,0.00,0.00,5.00
72824.00,0.26,0.22,0.80,0.00,0.00,-4.62,0.27,-0.02,-347.82,-0.00,-0.00,-0.01,0.00,0.00,-0.00,6.00
72830.00,0.26,0.22,0.88,0.00,0.00,12.05,0.27,-0.02,2778.69,-0.00,-0.00,-0.01,0.00,0.00,-0.00,6.00
72836.00,0.26,0.22,0.88,0.00,0.00,0.62,0.27,-0.02,-1905.06,-0.00,-0.00,-0.01,0.00,0.00,0.00,9.00
72845.00,0.26,0.22,0.78,0.00,0.00,-11.03,0.27,-0.02,-1294.47,-0.00,-0.00,-0.01,-0.00,-0.00,0.00,7.00
72852.00,0.26,0.22,0.88,0.00,0.00,14.59,0.27,-0.02,3660.56,-0.00,-0.00,-0.01,0.00,0.00,-0.00,6.00
72858.00,0.26,0.22,0.88,0.00,0.00,0.28,0.27,-0.02,-2385.69,-0.00,-0.00,-0.01,0.00,0.00,-0.00,6.00
72864.00,0.26,0.22,0.86,0.00,0.00,-4.34,0.27,-0.02,-769.10,-0.00,-0.00,-0.01,0.00,0.00,0.00,5.00
72869.00,0.26,0.22,0.82,0.00,0.00,-6.94,0.27,-0.02,-521.47,-0.00,-0.00,-0.01,0.00,0.00,0.00,7.00
72876.00,0.26,0.22,0.86,0.00,0.00,4.62,0.27,-0.02,1651.98,-0.00,-0.00,-0.01,0.00,-0.00,0.00,18.00
72894.00,0.26,0.22,0.94,0.00,0.00,4.84,0.27,-0.02,11.88,-0.00,-0.00,-0.01,-0.00,-0.00,-0.00,6.00
72905.00,0.26,0.22,0.88,0.00,0.00,-5.77,0.27,-0.02,-963.78,-0.00,-0.00,-0.01,-0.00,0.00,-0.00,6.00
72911.00,0.26,0.22,0.83,0.00,0.00,-7.48,0.27,-0.02,-285.81,-0.00,-0.00,-0.01,0.00,0.00,0.00,6.00
72917.00,0.24,0.22,0.74,-0.05,0.00,-16.21,-0.26,0.02,-1455.13,-0.00,-0.00,-0.01,0.00,0.00,0.00,4.00
72921.00,0.24,0.22,0.77,-0.05,0.00,9.00,-0.26,0.02,6304.00,-0.00,-0.00,-0.01,0.00,0.00,0.00,6.00
72927.00,0.24,0.22,0.83,-0.05,0.00,8.98,-0.26,0.02,-4.17,-0.00,-0.00,-0.01,0.00,0.00,0.00,8.00
72935.00,0.24,0.22,0.87,-0.05,0.00,5.13,-0.26,0.02,-481.69,-0.00,-0.00,-0.01,-0.00,0.00,0.00,7.00
72942.00,0.24,0.22,0.83,-0.05,0.00,-5.11,-0.26,0.02,-1462.67,-0.00,-0.00,-0.01,-0.00,0.00,-0.00,6.00
72948.00,0.24,0.22,0.85,-0.05,0.00,3.52,-0.26,0.02,1438.28,-0.00,-0.00,-0.01,-0.00,0.00,-0.00,8.00
72956.00,0.24,0.22,0.83,-0.05,0.00,-2.37,-0.26,0.02,-736.16,-0.00,-0.00,-0.01,-0.00,0.00,-0.00,6.00
72962.00,0.24,0.22,0.88,-0.05,0.00,7.56,-0.26,0.02,1655.15,-0.00,-0.00,-0.01,0.00,-0.00,0.00,5.00
72972.00,0.24,0.22,0.81,-0.05,0.00,-6.54,-0.26,0.02,-1409.98,-0.00,-0.00,-0.01,0.00,-0.00,0.00,7.00
72979.00,0.24,0.22,0.78,-0.05,0.00,-4.54,-0.26,0.02,286.38,-0.00,-0.00,-0.01,0.00,-0.00,0.00,7.00
72986.00,0.24,0.22,0.88,-0.05,0.00,14.46,-0.26,0.02,2714.11,-0.00,-0.00,-0.01,0.00,0.00,0.01,18.00
73004.00,0.24,0.22,0.73,-0.05,0.00,-8.53,-0.26,0.02,-1277.53,-0.00,-0.00,-0.00,-0.00,0.00,0.00,5.00
73009.00,0.24,0.22,0.81,-0.05,0.00,16.71,-0.26,0.02,5049.18,-0.00,-0.00,-0.00,-0.00,0.00,0.00,6.00
73015.00,0.24,0.22,0.84,-0.05,0.00,5.07,-0.26,0.02,-1940.49,-0.00,-0.00,-0.00,-0.00,0.00,-0.00,7.00
73022.00,0.24,0.22,0.76,-0.05,0.00,-11.74,-0.26,0.02,-2401.45,-0.00,-0.00,-0.01,0.00,0.00,-0.00,6.00
73028.00,0.24,0.22,0.75,-0.05,0.00,-2.17,-0.26,0.02,1595.50,-0.00,-0.00,-0.01,0.00,0.00,-0.00,8.00
73036.00,0.24,0.22,0.78,-0.05,0.00,3.90,-0.26,0.02,758.34,-0.00,-0.00,-0.01,0.00,-0.00,-0.00,8.00
73044.00,0.24,0.22,0.85,-0.05,0.00,8.50,-0.26,0.02,574.90,-0.00,-0.00,-0.01,0.00,-0.01,0.00,6.00
73054.00,0.24,0.22,0.74,-0.05,0.00,-10.52,-0.26,0.02,-1902.20,-0.00,-0.00,-0.01,0.00,-0.01,-0.00,6.00
73060.00,0.24,0.22,0.84,-0.05,0.00,15.76,-0.26,0.02,4381.16,-0.00,-0.00,-0.01,-0.00,-0.01,-0.00,8.00
73068.00,0.24,0.22,0.79,-0.05,0.00,-5.41,-0.26,0.02,-2646.09,-0.00,-0.00,-0.01,-0.00,-0.01,0.00,8.00
73076.00,0.24,0.22,0.78,-0.05,0.00,-1.68,-0.26,0.02,465.41,-0.00,-0.00,-0.01,-0.00,-0.00,0.00,7.00
73083.00,0.24,0.22,0.81,-0.05,0.00,4.88,-0.26,0.02,937.69,-0.00,-0.00,-0.01,-0.00,-0.00,0.00,6.00
73089.00,0.24,0.22,0.84,-0.05,0.00,3.77,-0.26,0.02,-185.18,-0.00,-0.00,-0.00,-0.00,-0.00,0.00,18.00
73107.00,0.24,0.22,0.84,-0.05,0.00,0.41,-0.26,0.02,-186.59,-0.00,-0.00,-0.00,-0.01,-0.00,0.00,6.00
73113.00,0.24,0.22,0.79,-0.05,0.00,-8.72,-0.26,0.02,-1521.18,-0.00,-0.00,-0.01,-0.00,-0.00,-0.00,5.00
73118.00,0.23,0.23,0.81,-0.06,0.00,2.94,-0.01,0.00,2330.93,-0.00,-0.00,-0.01,-0.00,-0.00,-0.00,9.00
73127.00,0.23,0.23,0.85,-0.06,0.00,4.28,-0.01,0.00,148.74,-0.00,-0.00,-0.01,0.00,-0.00,-0.00,7.00
73144.00,0.23,0.23,0.84,-0.06,0.00,-0.45,-0.01,0.00,-278.11,-0.00,-0.00,-0.01,0.00,0.00,0.00,6.00
73150.00,0.23,0.23,0.72,-0.06,0.00,-20.46,-0.01,0.00,-3335.17,-0.00,-0.00,-0.01,0.00,0.00,0.00,7.00
73157.00,0.23,0.23,0.84,-0.06,0.00,18.20,-0.01,0.00,5523.54,-0.00,-0.00,-0.00,0.00,0.00,0.00,6.00
73163.00,0.23,0.23,0.76,-0.06,0.00,-14.18,-0.01,0.00,-5396.98,-0.00,-0.00,-0.00,-0.00,0.00,0.00,5.00
73168.00,0.23,0.23,0.76,-0.06,0.00,-0.12,-0.01,0.00,2812.24,-0.00,-0.00,-0.00,-0.00,0.00,0.00,9.00
73177.00,0.23,0.23,0.90,-0.06,0.00,16.31,-0.01,0.00,1825.09,-0.00,-0.00,-0.00,0.00,-0.00,-0.00,9.00
73186.00,0.23,0.23,0.84,-0.06,0.00,-6.79,-0.01,0.00,-2566.36,-0.00,-0.00,-0.00,0.00,-0.00,-0.00,17.00
73203.00,0.23,0.23,0.70,-0.06,0.00,-8.23,-0.01,0.00,-84.64,-0.00,-0.00,-0.01,-0.00,0.00,-0.00,6.00
73209.00,0.23,0.23,0.74,-0.06,0.00,6.34,-0.01,0.00,2427.41,-0.00,-0.00,-0.01,-0.00,0.00,-0.00,7.00
73216.00,0.23,0.23,0.79,-0.06,0.00,6.37,-0.01,0.00,4.07,-0.00,-0.00,-0.01,-0.00,-0.00,-0.00,7.00
73227.00,0.23,0.23,0.80,-0.06,0.00,1.35,-0.01,0.00,-456.17,-0.00,-0.00,-0.01,-0.00,0.00,0.00,10.00
73237.00,0.23,0.23,0.87,-0.06,0.00,7.08,-0.01,0.00,573.54,-0.00,-0.00,-0.01,-0.00,-0.00,0.00,8.00
73245.00,0.23,0.23,0.74,-0.06,0.00,-16.86,-0.01,0.00,-2993.52,-0.00,-0.00,-0.01,-0.00,0.00,0.00,7.00
73252.00,0.23,0.23,0.83,-0.06,0.00,13.22,-0.01,0.00,4297.47,-0.00,-0.00,-0.01,-0.00,-0.00,-0.00,6.00
73258.00,0.23,0.23,0.74,-0.06,0.00,-14.55,-0.01,0.00,-4628.23,-0.00,-0.00,-0.01,0.00,-0.00,-0.00,6.00
73264.00,0.23,0.23,0.70,-0.06,0.00,-6.67,-0.01,0.00,1312.89,-0.00,-0.00,-0.01,0.00,-0.00,-0.00,5.00
73269.00,0.23,0.23,0.79,-0.06,0.00,16.82,-0.01,0.00,4698.98,-0.00,-0.00,-0.01,-0.00,-0.00,-0.00,9.00
73278.00,0.23,0.23,0.82,-0.06,0.00,3.99,-0.01,0.00,-1425.67,-0.00,-0.00,-0.01,-0.00,-0.00,-0.00,8.00
73286.00,0.23,0.23,0.79,-0.06,0.00,-3.68,-0.01,0.00,-958.48,-0.00,-0.00,-0.01,0.00,0.00,0.00,18.00
73304.00,0.23,0.23,0.73,-0.06,0.00,-3.22,-0.01,0.00,25.55,-0.00,-0.00,-0.01,0.00,0.01,0.00,5.00
73314.00,0.23,0.23,0.87,-0.06,0.00,13.86,-0.01,0.00,1707.53,-0.00,-0.00,-0.01,0.01,0.01,0.00,6.00
73320.00,0.22,0.23,0.80,-0.06,0.04,-11.34,0.00,0.19,-4200.10,-0.00,-0.00,-0.01,0.00,0.00,0.00,7.00
73327.00,0.22,0.23,0.74,-0.06,0.04,-9.21,0.00,0.19,304.28,-0.00,-0.00,-0.01,0.00,0.00,0.00,9.00
73336.00,0.22,0.23,0.77,-0.06,0.04,3.67,0.00,0.19,1431.28,-0.00,-0.00,-0.01,0.00,0.01,-0.00,7.00
73343.00,0.22,0.23,0.61,-0.06,0.04,-23.15,0.00,0.19,-3830.50,-0.00,-0.00,-0.01,0.01,0.00,-0.00,6.00
73349.00,0.22,0.23,0.85,-0.06,0.04,39.62,0.00,0.19,10461.21,-0.00,-0.00,-0.01,0.01,0.00,-0.00,8.00
73357.00,0.22,0.23,0.76,-0.06,0.04,-10.86,0.00,0.19,-6310.23,-0.00,-0.00,-0.01,0.01,0.00,-0.00,6.00
73363.00,0.22,0.23,0.72,-0.06,0.04,-7.61,0.00,0.19,541.27,-0.00,-0.00,-0.01,0.00,-0.00,-0.00,6.00
73369.00,0.22,0.23,0.78,-0.06,0.04,10.58,0.00,0.19,3032.48,-0.00,-0.00,-0.01,0.00,-0.00,-0.00,9.00
73378.00,0.22,0.23,0.73,-0.06,0.04,-5.14,0.00,0.19,-1746.63,-0.00,-0.00,-0.01,0.00,0.00,0.00,8.00
73391.00,0.22,0.23,0.68,-0.06,0.04,-4.02,0.00,0.19,85.73,-0.00,-0.00,-0.01,-0.00,-0.00,0.01,18.00
73409.00,0.22,0.23,0.78,-0.06,0.04,5.77,0.00,0.19,544.15,-0.00,-0.00,-0.00,-0.01,0.00,0.00,5.00
73414.00,0.22,0.23,0.77,-0.06,0.04,-3.46,0.00,0.19,-1845.62,-0.00,-0.00,-0.00,-0.01,-0.01,-0.00,6.00
73420.00,0.22,0.23,0.65,-0.06,0.04,-20.38,0.00,0.19,-2820.13,-0.00,-0.00,-0.00,-0.01,-0.01,-0.00,8.00
73428.00,0.22,0.23,0.82,-0.06,0.04,21.56,0.00,0.19,5241.93,-0.00,-0.00,-0.01,-0.01,-0.01,-0.01,7.00
73435.00,0.22,0.23,0.70,-0.06,0.04,-17.18,0.00,0.19,-5533.69,-0.00,-0.00,-0.01,-0.00,-0.01,-0.01,6.00
73441.00,0.22,0.23,0.75,-0.06,0.04,8.15,0.00,0.19,4220.60,-0.00,-0.00,-0.01,-0.00,-0.01,-0.01,7.00
73448.00,0.22,0.23,0.83,-0.06,0.04,11.25,0.00,0.19,444.16,-0.00,-0.00,-0.01,0.00,-0.01,-0.01,9.00
73457.00,0.22,0.23,0.78,-0.06,0.04,-4.57,0.00,0.19,-1758.58,-0.00,-0.00,-0.01,0.00,-0.01,-0.00,5.00
73462.00,0.22,0.23,0.78,-0.06,0.04,-0.02,0.00,0.19,909.90,-0.00,-0.00,-0.01,-0.00,-0.01,0.00,7.00
73473.00,0.22,0.23,0.82,-0.06,0.04,3.68,0.00,0.19,337.04,-0.00,-0.00,-0.01,-0.00,-0.01,0.00,7.00
73480.00,0.22,0.23,0.70,-0.06,0.04,-18.41,0.00,0.19,-3155.84,-0.00,-0.00,-0.01,-0.00,-0.00,0.01,8.00
73488.00,0.22,0.23,0.65,-0.06,0.04,-6.28,0.00,0.19,1515.21,-0.00,-0.00,-0.01,-0.00,0.00,0.01,17.00
73505.00,0.22,0.23,0.73,-0.06,0.04,4.72,0.00,0.19,647.47,-0.00,-0.00,-0.01,0.00,0.01,0.00,6.00
73511.00,0.22,0.23,0.80,-0.06,0.04,12.24,0.00,0.19,1253.27,-0.00,-0.00,-0.01,0.00,0.01,-0.00,7.00
73518.00,0.22,0.23,0.71,-0.06,0.04,-13.27,0.00,0.19,-3644.71,-0.00,-0.00,-0.01,0.01,0.01,-0.00,7.00
73525.00,0.22,0.23,0.75,0.00,0.00,5.78,0.27,-0.21,2721.29,-0.00,-0.00,-0.01,0.01,0.00,0.00,5.00
73530.00,0.22,0.23,0.71,0.00,0.00,-7.99,0.27,-0.21,-2752.73,-0.00,-0.00,-0.01,0.01,0.00,0.00,8.00
73538.00,0.22,0.23,0.80,0.00,0.00,11.08,0.27,-0.21,2383.20,-0.00,-0.00,-0.01,0.01,0.01,0.00,8.00
73546.00,0.22,0.23,0.76,0.00,0.00,-4.11,0.27,-0.21,-1899.27,-0.00,-0.00,-0.01,0.00,0.01,0.00,7.00
73557.00,0.22,0.23,0.71,0.00,0.00,-4.31,0.27,-0.21,-18.08,-0.00,-0.00,-0.00,-0.00,0.00,0.01,7.00
73564.00,0.22,0.23,0.77,0.00,0.00,7.55,0.27,-0.21,1694.35,-0.00,-0.00,-0.00,0.00,0.00,0.01,5.00
73569.00,0.22,0.23,0.81,0.00,0.00,8.74,0.27,-0.21,239.01,-0.00,-0.00,-0.00,0.00,0.00,0.01,9.00
73578.00,0.22,0.23,0.80,0.00,0.00,-1.05,0.27,-0.21,-1088.16,-0.00,-0.00,-0.00,-0.00,-0.00,0.00,7.00
73585.00,0.22,0.23,0.86,0.00,0.00,8.40,0.27,-0.21,1349.90,-0.00,-0.00,-0.00,0.00,-0.00,-0.00,6.00
73591.00,0.22,0.23,0.84,0.00,0.00,-2.97,0.27,-0.21,-1895.21,-0.00,-0.00,-0.00,0.00,-0.00,-0.00,7.00
73598.00,0.22,0.23,0.81,0.00,0.00,-4.65,0.27,-0.21,-239.62,-0.00,-0.00,-0.00,-0.00,-0.01,-0.01,17.00
73615.00,0.22,0.23,0.77,0.00,0.00,-2.27,0.27,-0.21,140.25,-0.00,-0.00,-0.00,-0.00,-0.01,-0.00,6.00
73621.00,0.22,0.23,0.88,0.00,0.00,17.57,0.27,-0.21,3306.50,-0.00,-0.00,-0.00,-0.00,-0.01,-0.00,7.00
73628.00,0.22,0.23,0.73,0.00,0.00,-20.50,0.27,-0.21,-5439.01,-0.00,-0.00,-0.00,0.00,-0.01,0.00,9.00
73641.00,0.22,0.23,0.74,0.00,0.00,0.43,0.27,-0.21,1609.90,-0.00,-0.00,-0.00,-0.00,-0.01,0.00,9.00
73650.00,0.22,0.23,0.85,0.00,0.00,12.85,0.27,-0.21,1379.93,-0.00,-0.00,-0.00,-0.00,-0.01,0.00,8.00
73658.00,0.22,0.23,0.79,0.00,0.00,-7.86,0.27,-0.21,-2587.96,-0.00,-0.00,-0.00,-0.01,-0.01,0.00,6.00
73664.00,0.22,0.23,0.77,0.00,0.00,-3.48,0.27,-0.21,729.14,-0.00,-0.00,-0.00,-0.00,-0.01,0.00,5.00
73669.00,0.22,0.23,0.80,0.00,0.00,5.29,0.27,-0.21,1754.20,-0.00,-0.00,-0.00,0.00,-0.01,0.00,9.00
73678.00,0.22,0.23,0.76,0.00,0.00,-4.57,0.27,-0.21,-1095.35,-0.00,-0.00,-0.00,0.00,0.00,-0.00,7.00
73685.00,0.22,0.23,0.82,0.00,0.00,8.93,0.27,-0.21,1928.26,-0.00,-0.00,-0.00,-0.00,0.00,0.00,16.00
73701.00,0.22,0.23,0.74,0.00,0.00,-5.21,0.27,-0.21,-883.92,-0.00,-0.00,-0.00,-0.00,0.00,-0.00,8.00
73709.00,0.22,0.23,0.83,0.00,0.00,12.36,0.27,-0.21,2196.45,-0.00,-0.00,-0.00,0.00,0.01,0.00,5.00
73714.00,0.22,0.23,0.78,0.00,0.00,-10.11,0.27,-0.21,-4493.81,-0.00,-0.00,-0.00,-0.00,0.00,0.00,6.00
73725.00,0.22,0.23,0.68,0.00,0.00,-9.67,0.00,0.00,40.34,-0.00,-0.00,-0.00,-0.00,0.00,0.00,6.00
73731.00,0.22,0.23,0.77,0.00,0.00,15.86,0.00,0.00,4253.90,-0.00,-0.00,-0.00,0.00,-0.00,0.00,8.00
73739.00,0.22,0.23,0.72,0.00,0.00,-6.29,0.00,0.00,-2768.77,-0.00,-0.00,-0.00,0.00,-0.01,0.00,8.00
73747.00,0.22,0.23,0.82,0.00,0.00,11.64,0.00,0.00,2241.92,-0.00,-0.00,-0.00,0.00,-0.00,0.00,5.00
73752.00,0.22,0.23,0.78,0.00,0.00,-6.59,0.00,0.00,-3646.67,-0.00,-0.00,-0.00,0.00,-0.00,-0.00,7.00
73759.00,0.22,0.23,0.84,0.00,0.00,7.78,0.00,0.00,2052.74,-0.00,-0.00,-0.00,0.00,-0.00,-0.00,6.00
73765.00,0.22,0.23,0.85,0.00,0.00,2.04,0.00,0.00,-956.52,-0.00,-0.00,-0.00,-0.00,-0.00,-0.00,6.00
73771.00,0.22,0.23,0.80,0.00,0.00,-8.96,0.00,0.00,-1832.25,-0.00,-0.00,-0.00,-0.00,-0.00,-0.00,7.00
73778.00,0.22,0.23,0.85,0.00,0.00,7.12,0.00,0.00,2297.15,-0.00,-0.00,-0.00,-0.00,-0.00,0.00,17.00
73795.00,0.22,0.23,0.78,0.00,0.00,-3.80,0.00,0.00,-642.94,-0.00,-0.00,-0.00,-0.00,0.00,0.00,6.00
73805.00,0.22,0.23,0.87,0.00,0.00,9.26,0.00,0.00,1306.90,-0.00,-0.00,-0.00,-0.00,0.00,0.00,7.00
73812.00,0.22,0.23,0.79,0.00,0.00,-11.29,0.00,0.00,-2936.83,-0.00,-0.00,-0.00,-0.00,-0.00,0.00,6.00
73818.00,0.22,0.23,0.79,0.00,0.00,-1.49,0.00,0.00,1634.00,-0.00,-0.00,-0.00,-0.01,-0.00,0.00,8.00
73826.00,0.22,0.23,0.69,0.00,0.00,-11.64,0.00,0.00,-1269.13,-0.00,-0.00,-0.00,-0.00,-0.01,-0.00,5.00
73831.00,0.22,0.23,0.79,0.00,0.00,18.74,0.00,0.00,6077.39,-0.00,-0.00,-0.00,-0.00,-0.01,-0.00,8.00
73839.00,0.22,0.23,0.73,0.00,0.00,-7.36,0.00,0.00,-3262.83,-0.00,-0.00,-0.00,-0.00,-0.01,-0.00,9.00
73848.00,0.22,0.23,0.81,0.00,0.00,9.15,0.00,0.00,1834.26,-0.00,-0.00,-0.00,-0.00,-0.01,-0.00,6.00
73854.00,0.22,0.23,0.84,0.00,0.00,4.52,0.00,0.00,-772.14,-0.00,-0.00,-0.00,-0.00,-0.01,-0.00,6.00
73860.00,0.22,0.23,0.75,0.00,0.00,-13.89,0.00,0.00,-3067.50,-0.00,-0.00,-0.00,0.00,-0.01,0.00,6.00
73866.00,0.22,0.23,0.74,0.00,0.00,-1.40,0.00,0.00,2081.13,-0.00,-0.00,-0.00,-0.00,-0.00,0.00,5.00
73880.00,0.22,0.23,0.79,0.00,0.00,3.53,0.00,0.00,352.32,-0.00,-0.00,-0.00,0.00,0.01,0.00,19.00
73899.00,0.22,0.23,0.74,0.00,0.00,-2.80,0.00,0.00,-333.19,-0.00,-0.00,-0.00,-0.00,0.00,0.01,9.00
73908.00,0.22,0.23,0.83,0.00,0.00,9.97,0.00,0.00,1418.28,-0.00,-0.00,-0.00,-0.00,0.01,0.00,5.00
73913.00,0.22,0.23,0.77,0.00,0.00,-11.68,0.00,0.00,-4329.04,-0.00,-0.00,-0.00,-0.01,-0.00,-0.00,7.00
73920.00,0.22,0.23,0.76,0.00,0.00,-2.26,0.00,0.00,1345.22,-0.00,-0.00,-0.00,-0.01,-0.01,-0.00,8.00
73928.00,0.20,0.24,0.78,-0.11,0.01,3.42,-0.54,0.04,710.54,-0.00,-0.00,-0.00,-0.00,-0.01,-0.00,7.00
73935.00,0.20,0.24,0.86,-0.11,0.01,11.13,-0.54,0.04,1100.74,-0.00,-0.00,-0.00,-0.00,-0.01,-0.00,6.00
73941.00,0.20,0.24,0.83,-0.11,0.01,-5.04,-0.54,0.04,-2694.98,-0.00,-0.00,-0.00,-0.00,-0.01,-0.00,8.00
73949.00,0.20,0.24,0.76,-0.11,0.01,-8.76,-0.54,0.04,-464.22,-0.00,-0.00,-0.00,-0.00,-0.01,-0.00,8.00
73957.00,0.20,0.24,0.82,-0.11,0.01,6.98,-0.54,0.04,1967.07,-0.00,-0.00,-0.00,0.00,-0.01,0.00,5.00
73967.00,0.20,0.24,0.83,-0.11,0.01,1.42,-0.54,0.04,-555.98,-0.00,-0.00,-0.00,-0.00,-0.01,0.01,6.00
73973.00,0.20,0.24,0.80,-0.11,0.01,-5.71,-0.54,0.04,-1187.98,-0.00,-0.00,-0.00,-0.01,0.00,0.00,7.00
73980.00,0.20,0.24,0.76,-0.11,0.01,-4.65,-0.54,0.04,151.06,-0.00,-0.00,-0.00,-0.01,0.01,0.00,18.00
73998.00,0.20,0.24,0.82,-0.11,0.01,2.90,-0.54,0.04,419.43,-0.00,-0.00,-0.00,-0.00,0.00,0.00,6.00
74004.00,0.20,0.24,0.76,-0.11,0.01,-8.85,-0.54,0.04,-1957.89,-0.00,-0.00,-0.00,0.00,0.00,-0.00,7.00
74011.00,0.20,0.24,0.81,-0.11,0.01,6.20,-0.54,0.04,2149.39,-0.00,-0.00,-0.00,0.00,0.00,-0.00,5.00
74016.00,0.20,0.24,0.82,-0.11,0.01,1.76,-0.54,0.04,-888.26,-0.00,-0.00,-0.00,0.00,-0.01,-0.00,6.00
74022.00,0.20,0.24,0.79,-0.11,0.01,-4.81,-0.54,0.04,-1093.78,-0.00,-0.00,-0.00,0.00,-0.01,-0.00,8.00
74030.00,0.20,0.24,0.80,-0.11,0.01,1.78,-0.54,0.04,823.25,-0.00,-0.00,-0.00,0.00,-0.01,-0.00,7.00
74037.00,0.20,0.24,0.81,-0.11,0.01,0.93,-0.54,0.04,-120.81,-0.00,-0.00,-0.00,0.00,-0.01,0.00,6.00
74048.00,0.20,0.24,0.81,-0.11,0.01,0.42,-0.54,0.04,-46.38,-0.00,-0.00,-0.00,0.00,-0.00,0.00,7.00
74055.00,0.20,0.24,0.66,-0.11,0.01,-21.25,-0.54,0.04,-3095.53,-0.00,-0.00,-0.00,0.00,0.00,0.01,6.00
74061.00,0.20,0.24,0.84,-0.11,0.01,29.32,-0.54,0.04,8428.08,-0.00,-0.00,-0.00,0.00,0.00,0.01,6.00
74067.00,0.20,0.24,0.86,-0.11,0.01,2.88,-0.54,0.04,-4406.86,-0.00,-0.00,-0.00,0.00,0.00,0.00,5.00
74072.00,0.20,0.24,0.76,-0.11,0.01,-18.45,-0.54,0.04,-4266.13,-0.00,-0.00,-0.00,0.00,0.00,0.00,8.00
74080.00,0.20,0.24,0.75,-0.11,0.01,-1.58,-0.54,0.04,2108.39,-0.00,-0.00,-0.00,-0.00,0.00,-0.00,7.00
74087.00,0.20,0.24,0.86,-0.11,0.01,14.91,-0.54,0.04,2356.33,-0.00,-0.00,-0.00,-0.00,0.00,-0.00,17.00
74104.00,0.20,0.24,0.81,-0.11,0.01,-3.01,-0.54,0.04,-1054.04,-0.00,-0.00,-0.00,0.00,-0.00,-0.00,7.00
74111.00,0.20,0.24,0.80,-0.11,0.01,-0.57,-0.54,0.04,348.08,-0.00,-0.00,-0.00,-0.00,-0.01,-0.00,5.00
74116.00,0.20,0.24,0.76,-0.11,0.01,-7.66,-0.54,0.04,-1417.29,-0.00,-0.00,-0.00,0.00,-0.01,0.00,6.00
74127.00,0.20,0.24,0.82,-0.11,0.01,4.93,-0.54,0.04,1144.37,-0.00,-0.00,-0.00,0.00,-0.01,0.00,6.00
74133.00,0.19,0.24,0.90,-0.05,0.04,13.80,0.27,0.16,1477.28,-0.00,-0.00,-0.00,0.00,-0.01,0.00,7.00
74140.00,0.19,0.24,0.82,-0.05,0.04,-11.73,0.27,0.16,-3646.61,-0.00,-0.00,-0.00,0.00,-0.01,0.00,9.00
74149.00,0.19,0.24,0.80,-0.05,0.04,-1.79,0.27,0.16,1104.67,-0.00,-0.00,-0.00,-0.00,-0.00,-0.00,6.00
74155.00,0.19,0.24,0.87,-0.05,0.04,12.05,0.27,0.16,2306.13,-0.00,-0.00,-0.00,-0.01,-0.00,-0.00,6.00
74161.00,0.19,0.24,0.80,-0.05,0.04,-12.61,0.27,0.16,-4109.73,-0.00,-0.00,-0.00,-0.01,0.00,-0.00,6.00
74167.00,0.19,0.24,0.81,-0.05,0.04,1.56,0.27,0.16,2361.69,-0.00,-0.00,-0.00,-0.01,0.00,-0.01,5.00
74172.00,0.19,0.24,0.80,-0.05,0.04,-1.23,0.27,0.16,-557.21,-0.00,-0.00,-0.00,-0.01,-0.00,-0.01,8.00
74180.00,0.19,0.24,0.85,-0.05,0.04,6.12,0.27,0.16,918.45,-0.00,-0.00,-0.00,-0.01,-0.00,-0.00,18.00
74198.00,0.19,0.24,0.85,-0.05,0.04,0.13,0.27,0.16,-332.59,-0.00,-0.00,-0.00,0.00,-0.01,0.00,6.00
74208.00,0.19,0.24,0.82,-0.05,0.04,-3.14,0.27,0.16,-327.15,-0.00,-0.00,-0.00,0.00,-0.00,0.01,6.00
74214.00,0.19,0.24,0.87,-0.05,0.04,7.50,0.27,0.16,1772.29,-0.00,-0.00,-0.00,0.00,-0.00,0.01,7.00
74221.00,0.19,0.24,0.78,-0.05,0.04,-12.25,0.27,0.16,-2820.27,-0.00,-0.00,-0.00,0.00,0.00,0.01,8.00
74229.00,0.19,0.24,0.87,-0.05,0.04,11.65,0.27,0.16,2987.19,-0.00,-0.00,-0.00,0.00,-0.00,0.01,7.00
74236.00,0.19,0.24,0.87,-0.05,0.04,-0.58,0.27,0.16,-1747.30,-0.00,-0.00,-0.00,-0.00,0.00,0.00,5.00
74241.00,0.19,0.24,0.75,-0.05,0.04,-24.97,0.27,0.16,-4877.54,-0.00,-0.00,-0.00,-0.00,0.01,0.00,9.00
74250.00,0.19,0.24,0.94,-0.05,0.04,22.17,0.27,0.16,5237.69,-0.00,-0.00,-0.00,0.00,0.01,-0.00,8.00
74258.00,0.19,0.24,0.82,-0.05,0.04,-15.53,0.27,0.16,-4713.29,-0.00,-0.00,-0.00,0.01,0.01,-0.00,6.00
74264.00,0.19,0.24,0.85,-0.05,0.04,5.64,0.27,0.16,3529.32,-0.00,-0.00,-0.00,0.01,0.01,-0.00,6.00
74270.00,0.19,0.24,0.78,-0.05,0.04,-12.25,0.27,0.16,-2981.61,-0.00,-0.00,-0.00,0.01,0.01,-0.00,8.00
74283.00,0.19,0.24,0.81,-0.05,0.04,2.03,0.27,0.16,1098.43,-0.00,-0.00,-0.00,0.00,0.00,-0.00,18.00
74301.00,0.19,0.24,0.86,-0.05,0.04,3.00,0.27,0.16,53.72,-0.00,-0.00,-0.00,0.00,0.00,0.01,9.00
74310.00,0.19,0.24,0.90,-0.05,0.04,4.10,0.27,0.16,122.39,-0.00,-0.00,-0.00,0.00,0.00,0.01,6.00
74316.00,0.19,0.24,0.83,-0.05,0.04,-11.63,0.27,0.16,-2621.86,-0.00,-0.00,-0.00,0.00,0.00,0.01,6.00
74322.00,0.19,0.24,0.79,-0.05,0.04,-7.07,0.27,0.16,760.65,-0.00,-0.00,-0.00,0.00,0.00,0.01,8.00
74330.00,0.19,0.24,0.81,-0.05,0.04,2.93,0.27,0.16,1249.98,-0.00,-0.00,-0.00,-0.00,0.00,-0.00,8.00
74338.00,0.18,0.24,0.89,-0.05,-0.03,9.84,0.00,-0.36,863.77,-0.00,-0.00,-0.00,-0.01,-0.00,-0.01,5.00
74343.00,0.18,0.24,0.77,-0.05,-0.03,-23.49,0.00,-0.36,-6665.87,-0.00,-0.00,-0.00,-0.00,-0.01,-0.01,8.00
74351.00,0.18,0.24,0.87,-0.05,-0.03,12.59,0.00,-0.36,4509.75,-0.00,-0.00,-0.00,-0.00,-0.01,-0.01,9.00
74360.00,0.18,0.24,0.78,-0.05,-0.03,-10.69,0.00,-0.36,-2587.19,-0.00,-0.00,-0.00,0.00,-0.01,-0.01,5.00
74370.00,0.18,0.24,0.87,-0.05,-0.03,9.96,0.00,-0.36,2065.41,-0.00,-0.00,-0.00,-0.00,-0.01,0.00,8.00
74378.00,0.18,0.24,0.93,-0.05,-0.03,7.09,0.00,-0.36,-359.48,-0.00,-0.00,-0.00,-0.00,-0.01,0.00,6.00
74384.00,0.18,0.24,0.92,-0.05,-0.03,-2.74,0.00,-0.36,-1636.95,-0.00,-0.00,-0.00,-0.00,-0.01,0.00,17.00
74401.00,0.18,0.24,0.88,-0.05,-0.03,-1.84,0.00,-0.36,52.67,-0.00,-0.00,-0.00,-0.01,-0.00,0.00,9.00
74410.00,0.18,0.24,0.78,-0.05,-0.03,-11.59,0.00,-0.36,-1083.26,-0.00,-0.00,-0.00,-0.00,0.00,0.00,6.00
74416.00,0.18,0.24,0.84,-0.05,-0.03,10.48,0.00,-0.36,3677.77,-0.00,-0.00,-0.00,0.00,0.00,-0.00,6.00
74422.00,0.18,0.24,0.84,-0.05,-0.03,0.04,0.00,-0.36,-1739.22,-0.00,-0.00,-0.00,0.00,0.00,-0.00,8.00
74430.00,0.18,0.24,0.77,-0.05,-0.03,-9.13,0.00,-0.36,-1147.01,-0.00,-0.00,-0.00,0.00,0.01,-0.00,8.00
74438.00,0.18,0.24,0.81,-0.05,-0.03,4.93,0.00,-0.36,1757.81,-0.00,-0.00,-0.00,0.00,0.00,-0.00,5.00
74443.00,0.18,0.24,0.78,-0.05,-0.03,-5.97,0.00,-0.36,-2178.61,-0.00,-0.00,-0.00,0.00,0.00,-0.00,8.00
74456.00,0.18,0.24,0.87,-0.05,-0.03,6.61,0.00,-0.36,967.42,-0.00,-0.00,-0.00,0.00,-0.00,0.00,7.00
74463.00,0.18,0.24,0.85,-0.05,-0.03,-2.27,0.00,-0.36,-1268.82,-0.00,-0.00,-0.00,0.00,-0.00,0.00,7.00
74470.00,0.18,0.24,0.79,-0.05,-0.03,-9.00,0.00,-0.36,-960.77,-0.00,-0.00,-0.00,0.00,0.00,0.01,7.00
74477.00,0.18,0.24,0.83,-0.05,-0.03,6.75,0.00,-0.36,2250.01,-0.00,-0.00,-0.00,0.00,0.00,0.01,5.00
74482.00,0.18,0.24,0.76,-0.05,-0.03,-14.73,0.00,-0.36,-4297.34,-0.00,-0.00,-0.00,0.00,0.00,0.01,19.00
74501.00,0.18,0.24,0.92,-0.05,-0.03,8.52,0.00,-0.36,1223.70,-0.00,-0.00,-0.00,0.00,0.00,-0.00,7.00
74508.00,0.18,0.24,0.74,-0.05,-0.03,-25.80,0.00,-0.36,-4903.00,-0.00,-0.00,-0.00,0.00,0.00,-0.00,4.00
74512.00,0.18,0.24,0.77,-0.05,-0.03,7.38,0.00,-0.36,8296.20,-0.00,-0.00,-0.00,0.00,0.00,-0.01,5.00
74517.00,0.18,0.24,0.71,-0.05,-0.03,-11.16,0.00,-0.36,-3707.44,-0.00,-0.00,-0.00,0.00,-0.00,-0.00,6.00
74523.00,0.18,0.24,0.76,-0.05,-0.03,7.42,0.00,-0.36,3095.85,-0.00,-0.00,-0.00,0.00,-0.00,-0.00,8.00
74540.00,0.17,0.24,0.81,-0.06,0.00,2.70,-0.00,0.19,-277.72,-0.00,-0.00,-0.00,-0.00,-0.00,-0.00,7.00
74547.00,0.17,0.24,0.81,-0.06,0.00,0.15,-0.00,0.19,-364.54,-0.00,-0.00,-0.00,-0.01,-0.00,0.00,6.00
74553.00,0.17,0.24,0.77,-0.06,0.00,-6.62,-0.00,0.19,-1128.04,-0.00,-0.00,-0.00,-0.01,-0.00,0.00,8.00
74561.00,0.17,0.24,0.80,-0.06,0.00,4.45,-0.00,0.19,1383.37,-0.00,-0.00,-0.00,-0.01,-0.01,0.00,6.00
74567.00,0.17,0.24,0.81,-0.06,0.00,1.10,-0.00,0.19,-557.38,-0.00,-0.00,-0.00,-0.00,-0.01,0.00,6.00
74573.00,0.17,0.24,0.81,-0.06,0.00,-0.25,-0.00,0.19,-224.94,-0.00,-0.00,-0.00,-0.00,-0.01,0.00,8.00
74581.00,0.17,0.24,0.84,-0.06,0.00,4.09,-0.00,0.19,542.01,-0.00,-0.00,-0.00,-0.00,-0.01,-0.00,7.00
74588.00,0.17,0.24,0.87,-0.06,0.00,4.01,-0.00,0.19,-10.95,-0.00,-0.00,-0.00,0.00,-0.01,-0.00,6.00
74594.00,0.17,0.24,0.82,-0.06,0.00,-7.41,-0.00,0.19,-1903.97,-0.00,-0.00,-0.00,-0.00,-0.01,-0.00,18.00
74612.00,0.17,0.24,0.81,-0.06,0.00,-1.00,-0.00,0.19,356.16,-0.00,-0.00,-0.00,-0.00,-0.00,-0.00,6.00
74622.00,0.17,0.24,0.86,-0.06,0.00,5.39,-0.00,0.19,639.72,-0.01,-0.00,-0.00,-0.00,0.00,-0.00,10.00
74632.00,0.17,0.24,0.78,-0.06,0.00,-7.90,-0.00,0.19,-1329.14,-0.01,-0.00,-0.00,-0.00,0.00,0.00,8.00
74640.00,0.17,0.24,0.81,-0.06,0.00,3.36,-0.00,0.19,1407.00,-0.01,-0.00,-0.00,0.00,0.00,0.00,8.00
74648.00,0.17,0.24,0.87,-0.06,0.00,7.99,-0.00,0.19,578.26,-0.01,-0.00,-0.00,-0.00,-0.00,0.01,5.00
74653.00,0.17,0.24,0.81,-0.06,0.00,-11.68,-0.00,0.19,-3933.42,-0.01,-0.00,-0.00,-0.00,-0.00,0.01,9.00
74662.00,0.17,0.24,0.76,-0.06,0.00,-5.33,-0.00,0.19,705.54,-0.01,-0.00,-0.00,0.00,-0.00,0.00,5.00
74667.00,0.17,0.24,0.79,-0.06,0.00,4.19,-0.00,0.19,1905.13,-0.01,-0.00,-0.00,-0.00,-0.00,-0.00,6.00
74673.00,0.17,0.24,0.80,-0.06,0.00,2.80,-0.00,0.19,-231.59,-0.01,-0.00,-0.00,-0.00,-0.00,-0.00,8.00
74681.00,0.17,0.24,0.84,-0.06,0.00,4.78,-0.00,0.19,247.51,-0.01,-0.00,-0.00,0.00,-0.00,-0.00,17.00
74698.00,0.17,0.24,0.85,-0.06,0.00,0.68,-0.00,0.19,-241.24,-0.01,-0.00,-0.00,-0.00,0.00,0.00,6.00
74709.00,0.17,0.24,0.85,-0.06,0.00,-0.00,-0.00,0.19,-62.27,-0.01,-0.00,-0.00,-0.00,-0.01,0.00,6.00
74715.00,0.17,0.24,0.64,-0.06,0.00,-36.12,-0.00,0.19,-6019.55,-0.01,-0.00,-0.00,-0.00,-0.00,0.00,7.00
74722.00,0.17,0.24,0.85,-0.06,0.00,30.89,-0.00,0.19,9573.12,-0.01,-0.00,-0.00,-0.00,0.00,0.00,8.00
74730.00,0.17,0.24,0.83,-0.06,0.00,-2.29,-0.00,0.19,-4147.77,-0.01,-0.00,-0.00,-0.00,0.00,0.00,5.00
74735.00,0.17,0.24,0.88,-0.06,0.00,9.00,-0.00,0.19,2257.63,-0.01,-0.00,-0.00,-0.00,0.00,-0.00,7.00
74742.00,0.16,0.24,0.77,-0.06,0.00,-15.56,0.00,-0.00,-3507.97,-0.01,-0.00,-0.00,0.00,0.00,-0.00,9.00
74751.00,0.16,0.24,0.77,-0.06,0.00,-0.32,0.00,-0.00,1693.45,-0.01,-0.00,-0.00,0.00,0.00,-0.00,6.00
74757.00,0.16,0.24,0.90,-0.06,0.00,22.76,0.00,-0.00,3846.53,-0.01,-0.00,-0.00,0.00,-0.00,-0.00,6.00
74763.00,0.16,0.24,0.77,-0.06,0.00,-21.80,0.00,-0.00,-7427.17,-0.01,-0.00,-0.00,0.00,-0.00,-0.00,6.00
74769.00,0.16,0.24,0.77,-0.06,0.00,0.32,0.00,-0.00,3686.11,-0.01,-0.00,-0.00,0.00,-0.00,-0.00,5.00
74778.00,0.16,0.24,0.78,-0.06,0.00,0.13,0.00,-0.00,-20.57,-0.01,-0.00,-0.00,0.00,0.00,0.00,7.00
74785.00,0.16,0.24,0.77,-0.06,0.00,-0.81,0.00,-0.00,-134.61,-0.01,-0.00,-0.00,-0.00,0.00,0.00,7.00
74792.00,0.16,0.24,0.84,-0.06,0.00,10.56,0.00,-0.00,1624.38,-0.01,-0.00,-0.00,-0.00,0.00,0.00,18.00
74810.00,0.16,0.24,0.76,-0.06,0.00,-4.73,0.00,-0.00,-849.27,-0.01,-0.00,-0.00,0.00,0.00,0.00,5.00
74815.00,0.16,0.24,0.79,-0.06,0.00,5.92,0.00,-0.00,2129.69,-0.01,-0.00,-0.00,0.00,0.00,0.00,7.00
74822.00,0.16,0.24,0.68,-0.06,0.00,-15.54,0.00,-0.00,-3065.38,-0.01,-0.00,-0.00,0.00,0.00,0.00,8.00
74830.00,0.16,0.24,0.76,-0.06,0.00,10.21,0.00,-0.00,3218.16,-0.01,-0.00,-0.00,-0.00,-0.00,0.00,5.00
74835.00,0.16,0.24,0.80,-0.06,0.00,8.04,0.00,-0.00,-434.42,-0.01,-0.00,-0.00,-0.00,-0.00,0.00,7.00
74842.00,0.16,0.24,0.80,-0.06,0.00,0.06,0.00,-0.00,-1140.32,-0.01,-0.00,-0.00,-0.00,-0.00,0.00,8.00
74850.00,0.16,0.24,0.75,-0.06,0.00,-6.84,0.00,-0.00,-861.44,-0.01,-0.00,-0.00,-0.00,-0.00,0.00,6.00
74860.00,0.16,0.24,0.77,-0.06,0.00,2.73,0.00,-0.00,956.95,-0.01,-0.00,-0.00,-0.00,0.00,0.00,7.00
74867.00,0.16,0.24,0.77,-0.06,0.00,-0.16,0.00,-0.00,-413.39,-0.01,-0.00,-0.00,0.00,0.00,-0.00,6.00
74873.00,0.16,0.24,0.79,-0.06,0.00,3.04,0.00,-0.00,532.93,-0.01,-0.00,-0.00,0.00,0.00,-0.00,9.00
74882.00,0.16,0.24,0.77,-0.06,0.00,-1.95,0.00,-0.00,-554.13,-0.01,-0.00,-0.00,-0.00,-0.00,0.00,8.00
74890.00,0.16,0.24,0.73,-0.06,0.00,-5.32,0.00,-0.00,-420.66,-0.01,-0.00,-0.00,-0.00,-0.00,0.00,15.00
74905.00,0.16,0.24,0.71,-0.06,0.00,-1.23,0.00,-0.00,272.18,-0.01,-0.00,-0.00,-0.00,-0.00,0.00,8.00
74913.00,0.16,0.24,0.75,-0.06,0.00,4.59,0.00,-0.00,728.43,-0.01,-0.00,-0.00,0.00,0.00,-0.00,5.00
74918.00,0.16,0.24,0.77,-0.06,0.00,3.47,0.00,-0.00,-224.66,-0.01,-0.00,-0.00,-0.00,-0.00,-0.00,6.00
74924.00,0.16,0.24,0.75,-0.06,0.00,-2.79,0.00,-0.00,-1044.02,-0.01,-0.00,-0.00,-0.00,-0.00,-0.00,8.00
74932.00,0.16,0.24,0.72,-0.06,0.00,-4.04,0.00,-0.00,-156.01,-0.01,-0.00,-0.00,0.00,-0.00,-0.00,8.00
74944.00,0.16,0.24,0.77,0.00,0.00,4.10,0.27,-0.02,678.45,-0.01,-0.00,-0.00,-0.00,0.00,-0.00,9.00
74953.00,0.16,0.24,0.83,0.00,0.00,6.95,0.27,-0.02,316.11,-0.01,-0.00,-0.00,0.00,0.00,-0.00,9.00
74962.00,0.16,0.24,0.65,0.00,0.00,-19.51,0.27,-0.02,-2939.29,-0.01,-0.00,-0.00,0.00,-0.00,0.00,6.00
74968.00,0.16,0.24,0.74,0.00,0.00,14.40,0.27,-0.02,5651.24,-0.01,-0.00,-0.00,0.00,-0.00,0.00,6.00
74974.00,0.16,0.24,0.78,0.00,0.00,7.30,0.27,-0.02,-1182.40,-0.01,-0.00,-0.00,0.00,0.00,0.00,4.00
74978.00,0.16,0.24,0.84,0.00,0.00,14.83,0.27,-0.02,1880.86,-0.01,-0.00,-0.00,0.00,-0.00,0.00,5.00
74983.00,0.16,0.24,0.75,0.00,0.00,-19.34,0.27,-0.02,-6833.85,-0.01,-0.00,-0.00,0.00,-0.00,0.00,19.00
75002.00,0.16,0.24,0.85,0.00,0.00,5.23,0.27,-0.02,1293.16,-0.01,-0.00,-0.00,-0.00,-0.00,0.00,7.00
75009.00,0.16,0.24,0.77,0.00,0.00,-11.39,0.27,-0.02,-2374.18,-0.01,-0.00,-0.00,-0.00,0.00,-0.00,5.00
75014.00,0.16,0.24,0.84,0.00,0.00,15.48,0.27,-0.02,5374.89,-0.01,-0.00,-0.00,-0.00,0.00,-0.00,6.00
75025.00,0.16,0.24,0.83,0.00,0.00,-1.23,0.27,-0.02,-1519.52,-0.01,-0.00,-0.00,-0.00,-0.00,-0.00,9.00
75034.00,0.16,0.24,0.74,0.00,0.00,-9.75,0.27,-0.02,-946.20,-0.01,-0.00,-0.00,0.00,-0.00,-0.00,8.00
75042.00,0.16,0.24,0.76,0.00,0.00,2.49,0.27,-0.02,1529.79,-0.01,-0.00,-0.00,-0.00,-0.00,-0.00,7.00
75049.00,0.16,0.24,0.90,0.00,0.00,19.86,0.27,-0.02,2481.06,-0.01,-0.00,-0.00,-0.00,-0.01,0.00,5.00
75054.00,0.16,0.24,0.83,0.00,0.00,-15.42,0.27,-0.02,-7056.29,-0.01,-0.00,-0.00,-0.00,-0.01,0.00,9.00
75063.00,0.16,0.24,0.83,0.00,0.00,0.55,0.27,-0.02,1774.79,-0.01,-0.00,-0.00,-0.00,-0.01,0.00,5.00
75068.00,0.16,0.24,0.83,0.00,0.00,-0.00,0.27,-0.02,-110.84,-0.01,-0.00,-0.00,-0.00,-0.00,0.00,6.00
75074.00,0.16,0.24,0.83,0.00,0.00,-0.70,0.27,-0.02,-116.46,-0.01,-0.00,-0.00,-0.00,-0.00,0.00,8.00
75082.00,0.16,0.24,0.75,0.00,0.00,-9.40,0.27,-0.02,-1087.59,-0.01,-0.00,-0.00,0.00,0.00,0.00,18.00
75100.00,0.16,0.24,0.79,0.00,0.00,2.43,0.27,-0.02,657.30,-0.01,-0.00,-0.00,0.00,0.00,-0.00,6.00
75110.00,0.16,0.24,0.70,0.00,0.00,-9.63,0.27,-0.02,-1206.41,-0.01,-0.00,-0.00,-0.00,0.00,-0.00,6.00
75116.00,0.16,0.24,0.71,0.00,0.00,1.28,0.27,-0.02,1818.75,-0.01,-0.00,-0.00,0.00,0.00,-0.00,7.00
75123.00,0.16,0.24,0.82,0.00,0.00,16.01,0.27,-0.02,2104.35,-0.01,-0.00,-0.00,0.00,-0.00,-0.00,8.00
75131.00,0.16,0.24,0.81,0.00,0.00,-1.10,0.27,-0.02,-2138.58,-0.01,-0.00,-0.00,0.00,-0.00,-0.00,6.00
75146.00,0.14,0.23,0.89,-0.06,-0.03,5.23,-0.27,-0.17,422.08,-0.01,-0.00,-0.00,0.00,-0.00,-0.00,8.00
75154.00,0.14,0.23,0.80,-0.06,-0.03,-10.77,-0.27,-0.17,-2000.65,-0.01,-0.00,-0.00,0.00,0.00,-0.00,8.00
75162.00,0.14,0.23,0.89,-0.06,-0.03,10.52,-0.27,-0.17,2661.30,-0.01,-0.00,-0.00,-0.00,0.00,0.00,5.00
75167.00,0.14,0.23,0.83,-0.06,-0.03,-10.47,-0.27,-0.17,-4196.84,-0.01,-0.00,-0.00,-0.00,0.00,0.00,6.00
75173.00,0.14,0.23,0.81,-0.06,-0.03,-4.06,-0.27,-0.17,1068.08,-0.01,-0.00,-0.00,0.00,0.00,0.00,8.00
75181.00,0.14,0.23,0.79,-0.06,-0.03,-1.80,-0.27,-0.17,283.04,-0.01,-0.00,-0.00,0.00,0.00,0.00,5.00
75196.00,0.14,0.23,0.84,-0.06,-0.03,3.01,-0.27,-0.17,320.25,-0.01,-0.00,-0.00,0.01,0.00,-0.00,18.00
75214.00,0.14,0.23,0.89,-0.06,-0.03,2.67,-0.27,-0.17,-18.71,-0.01,-0.00,-0.00,0.00,0.00,-0.00,5.00
75219.00,0.14,0.23,0.82,-0.06,-0.03,-14.12,-0.27,-0.17,-3357.78,-0.01,-0.00,-0.00,-0.00,0.00,0.00,6.00
75225.00,0.14,0.23,0.77,-0.06,-0.03,-8.36,-0.27,-0.17,960.31,-0.01,-0.00,-0.00,-0.00,0.00,0.00,8.00
75233.00,0.14,0.23,0.72,-0.06,-0.03,-5.49,-0.27,-0.17,358.64,-0.01,-0.00,-0.00,0.00,0.01,0.01,8.00
75241.00,0.14,0.23,0.84,-0.06,-0.03,14.55,-0.27,-0.17,2503.98,-0.01,-0.00,-0.00,-0.00,0.00,0.01,6.00
75247.00,0.14,0.23,0.73,-0.06,-0.03,-17.98,-0.27,-0.17,-5420.85,-0.01,-0.00,-0.00,-0.00,-0.00,0.01,7.00
75254.00,0.14,0.23,0.88,-0.06,-0.03,21.20,-0.27,-0.17,5597.35,-0.01,-0.00,-0.00,0.00,-0.01,0.01,8.00
75262.00,0.14,0.23,0.68,-0.06,-0.03,-24.48,-0.27,-0.17,-5709.95,-0.01,-0.00,-0.00,0.00,-0.00,-0.00,5.00
75267.00,0.14,0.23,0.70,-0.06,-0.03,3.89,-0.27,-0.17,5673.30,-0.01,-0.00,-0.00,-0.00,-0.00,-0.01,7.00
75279.00,0.14,0.23,0.84,-0.06,-0.03,11.44,-0.27,-0.17,629.20,-0.01,-0.00,-0.00,0.00,0.00,-0.01,7.00
75286.00,0.14,0.23,0.74,-0.06,-0.03,-14.74,-0.27,-0.17,-3739.34,-0.01,-0.00,-0.00,0.00,0.00,-0.00,7.00
75293.00,0.14,0.23,0.79,-0.06,-0.03,7.23,-0.27,-0.17,3137.40,-0.01,-0.00,-0.00,0.01,0.00,0.00,19.00
75312.00,0.14,0.23,0.75,-0.06,-0.03,-1.88,-0.27,-0.17,-479.23,-0.01,-0.00,-0.00,-0.00,0.00,0.01,6.00
75318.00,0.14,0.23,0.86,-0.06,-0.03,18.56,-0.27,-0.17,3406.03,-0.01,-0.00,-0.00,-0.00,0.01,0.00,6.00
75324.00,0.14,0.23,0.95,-0.06,-0.03,14.13,-0.27,-0.17,-738.19,-0.01,-0.00,-0.00,-0.00,0.01,0.00,9.00
75333.00,0.14,0.23,0.91,-0.06,-0.03,-3.78,-0.27,-0.17,-1989.13,-0.01,-0.00,-0.00,-0.00,0.00,0.00,6.00
75339.00,0.14,0.23,0.79,-0.06,-0.03,-19.91,-0.27,-0.17,-2688.32,-0.01,-0.00,-0.00,0.00,0.00,-0.00,7.00
75346.00,0.14,0.23,0.93,0.00,0.00,19.29,0.28,0.17,5599.71,-0.01,-0.00,-0.00,0.00,0.00,-0.00,7.00
75353.00,0.14,0.23,0.83,0.00,0.00,-14.17,0.28,0.17,-4780.35,-0.01,-0.00,-0.00,0.01,-0.00,-0.01,7.00
75365.00,0.14,0.23,0.90,0.00,0.00,5.90,0.28,0.17,1672.62,-0.01,-0.00,-0.00,0.00,-0.00,-0.00,7.00
75372.00,0.14,0.23,0.78,0.00,0.00,-16.82,0.28,0.17,-3245.58,-0.01,-0.00,-0.00,-0.00,-0.00,-0.01,6.00
75378.00,0.14,0.23,0.84,0.00,0.00,9.86,0.28,0.17,4445.41,-0.01,-0.00,-0.00,-0.00,0.00,-0.01,17.00
75395.00,0.14,0.23,0.83,0.00,0.00,-0.58,0.28,0.17,-614.13,-0.01,-0.00,-0.00,0.00,0.00,0.00,9.00
75404.00,0.14,0.23,0.84,0.00,0.00,0.94,0.28,0.17,168.90,-0.01,-0.00,-0.00,0.00,0.00,0.01,8.00
75412.00,0.14,0.23,0.83,0.00,0.00,-1.52,0.28,0.17,-307.39,-0.01,-0.00,-0.00,0.00,0.00,0.01,6.00
75418.00,0.14,0.23,0.85,0.00,0.00,3.72,0.28,0.17,873.23,-0.01,-0.00,-0.00,-0.00,0.00,0.00,6.00
75424.00,0.14,0.23,0.82,0.00,0.00,-4.85,0.28,0.17,-1427.89,-0.01,-0.00,-0.00,-0.01,0.00,0.00,9.00
75433.00,0.14,0.23,0.88,0.00,0.00,5.91,0.28,0.17,1195.52,-0.01,-0.00,-0.00,-0.01,-0.00,-0.01,7.00
75440.00,0.14,0.23,0.89,0.00,0.00,2.63,0.28,0.17,-468.18,-0.01,-0.00,-0.00,-0.00,-0.00,-0.00,7.00
75451.00,0.14,0.23,0.82,0.00,0.00,-6.68,0.28,0.17,-846.46,-0.01,-0.00,-0.00,0.00,-0.00,-0.01,7.00
75458.00,0.14,0.23,0.89,0.00,0.00,9.58,0.28,0.17,2322.74,-0.01,-0.00,-0.00,0.00,-0.00,-0.00,7.00
75465.00,0.14,0.23,0.94,0.00,0.00,7.96,0.28,0.17,-231.87,-0.01,-0.00,-0.00,0.01,0.00,-0.00,6.00
75471.00,0.14,0.23,0.84,0.00,0.00,-17.54,0.28,0.17,-4249.95,-0.01,-0.00,-0.00,0.00,0.00,0.01,5.00
75476.00,0.14,0.23,0.98,0.00,0.00,29.35,0.28,0.17,9378.86,-0.01,-0.00,-0.00,0.00,0.00,0.01,8.00
75484.00,0.14,0.23,0.99,0.00,0.00,0.97,0.28,0.17,-3547.37,-0.01,-0.00,-0.00,-0.00,-0.00,0.01,8.00
75492.00,0.14,0.23,0.98,0.00,0.00,-1.82,0.28,0.17,-349.31,-0.01,-0.00,-0.00,-0.00,0.01,0.01,16.00
75508.00,0.14,0.23,0.87,0.00,0.00,-7.03,0.28,0.17,-325.48,-0.01,-0.00,-0.00,0.00,0.01,0.00,7.00
75515.00,0.14,0.23,0.82,0.00,0.00,-6.69,0.28,0.17,48.94,-0.01,-0.00,-0.00,0.00,0.01,0.00,6.00
75521.00,0.14,0.23,0.88,0.00,0.00,9.70,0.28,0.17,2730.78,-0.01,-0.00,-0.00,0.00,0.00,-0.00,5.00
75531.00,0.14,0.23,0.90,0.00,0.00,2.74,0.28,0.17,-695.69,-0.01,-0.00,-0.00,-0.00,0.00,-0.00,7.00
75538.00,0.14,0.23,0.87,0.00,0.00,-4.28,0.28,0.17,-1003.33,-0.01,-0.00,-0.00,-0.00,0.00,-0.00,7.00
75545.00,0.14,0.23,0.82,0.00,0.00,-8.01,0.28,0.17,-532.49,-0.01,-0.00,-0.00,0.00,-0.00,-0.00,8.00
75553.00,0.14,0.23,0.78,0.00,0.00,-4.80,0.00,0.00,400.86,-0.01,-0.00,-0.00,0.00,-0.00,0.00,7.00
75560.00,0.14,0.23,0.91,0.00,0.00,18.64,0.00,0.00,3349.56,-0.01,-0.00,-0.00,0.00,-0.00,0.00,7.00
75567.00,0.14,0.23,0.86,0.00,0.00,-7.12,0.00,0.00,-3679.67,-0.01,-0.00,-0.00,0.00,-0.00,0.00,5.00
75572.00,0.14,0.23,0.86,0.00,0.00,-0.91,0.00,0.00,1240.34,-0.01,-0.00,-0.00,-0.00,0.00,0.00,6.00
75578.00,0.14,0.23,0.89,0.00,0.00,5.84,0.00,0.00,1125.02,-0.01,-0.00,-0.00,-0.00,0.00,0.00,7.00
75585.00,0.14,0.23,0.85,0.00,0.00,-5.30,0.00,0.00,-1590.54,-0.01,-0.00,-0.00,-0.00,0.00,0.00,18.00
75603.00,0.14,0.23,0.95,0.00,0.00,5.33,0.00,0.00,590.36,-0.01,-0.00,-0.00,0.01,0.00,-0.00,5.00
75613.00,0.14,0.23,0.94,0.00,0.00,-0.69,0.00,0.00,-602.08,-0.01,-0.00,-0.00,0.01,0.01,-0.01,7.00
75620.00,0.14,0.23,0.90,0.00,0.00,-5.47,0.00,0.00,-682.60,-0.01,-0.00,-0.00,0.00,0.00,-0.00,5.00
75625.00,0.14,0.23,0.89,0.00,0.00,-1.99,0.00,0.00,696.63,-0.01,-0.00,-0.00,0.01,0.00,-0.00,8.00
75633.00,0.14,0.23,0.83,0.00,0.00,-8.12,0.00,0.00,-767.25,-0.01,-0.00,-0.00,0.00,0.01,0.00,6.00
75639.00,0.14,0.23,0.88,0.00,0.00,8.32,0.00,0.00,2741.10,-0.01,-0.00,-0.00,0.00,0.00,0.00,7.00
75646.00,0.14,0.23,0.84,0.00,0.00,-5.36,0.00,0.00,-1953.94,-0.01,-0.00,-0.00,0.00,0.00,0.01,8.00
75654.00,0.14,0.23,0.83,0.00,0.00,-1.21,0.00,0.00,518.79,-0.01,-0.00,-0.00,0.00,0.00,0.01,7.00
75661.00,0.14,0.23,0.87,0.00,0.00,5.93,0.00,0.00,1019.77,-0.01,-0.00,-0.00,0.01,0.00,0.00,5.00
75666.00,0.14,0.23,0.83,0.00,0.00,-7.91,0.00,0.00,-2767.85,-0.01,-0.00,-0.00,0.01,0.00,0.00,6.00
75672.00,0.14,0.23,0.93,0.00,0.00,16.40,0.00,0.00,4051.84,-0.01,-0.00,-0.00,0.01,0.00,0.00,6.00
75682.00,0.14,0.23,0.87,0.00,0.00,-6.08,0.00,0.00,-2248.10,-0.01,-0.00,-0.00,0.00,0.00,-0.00,17.00
75699.00,0.14,0.23,0.76,0.00,0.00,-6.79,0.00,0.00,-42.09,-0.01,-0.00,-0.00,0.00,-0.00,-0.00,7.00
75706.00,0.14,0.23,0.82,0.00,0.00,8.99,0.00,0.00,2253.87,-0.01,-0.00,-0.00,0.00,-0.00,0.00,8.00
75714.00,0.14,0.23,0.87,0.00,0.00,5.97,0.00,0.00,-376.93,-0.01,-0.00,-0.00,0.00,0.00,0.00,6.00
75720.00,0.14,0.23,0.80,0.00,0.00,-10.70,0.00,0.00,-2778.07,-0.01,-0.00,-0.00,0.00,0.00,0.00,6.00
75726.00,0.14,0.23,0.82,0.00,0.00,2.41,0.00,0.00,2185.22,-0.01,-0.00,-0.00,0.00,0.00,0.00,8.00
75734.00,0.14,0.23,0.84,0.00,0.00,3.10,0.00,0.00,85.79,-0.01,-0.00,-0.00,-0.00,0.00,0.00,8.00
75742.00,0.14,0.23,0.79,0.00,0.00,-7.03,0.00,0.00,-1266.40,-0.01,-0.00,-0.00,-0.00,0.00,0.00,6.00
75748.00,0.14,0.23,0.82,0.00,0.00,6.41,0.00,0.00,2241.11,-0.01,-0.00,-0.00,-0.00,0.00,-0.00,7.00
75755.00,0.14,0.23,0.88,0.00,0.00,7.31,0.00,0.00,128.01,-0.01,-0.00,-0.00,0.00,-0.00,-0.00,8.00
75768.00,0.14,0.23,0.85,0.00,0.00,-2.04,0.00,0.00,-719.52,-0.01,-0.00,-0.00,0.00,-0.00,-0.00,8.00
75776.00,0.14,0.23,0.84,0.00,0.00,-1.53,0.00,0.00,64.74,-0.01,-0.00,-0.00,0.00,0.00,-0.00,8.00
75784.00,0.14,0.23,0.87,0.00,0.00,4.37,0.00,0.00,737.11,-0.01,-0.00,-0.00,0.00,0.00,0.00,17.00
75801.00,0.14,0.23,0.85,0.00,0.00,-1.00,0.00,0.00,-316.06,-0.01,-0.00,-0.00,0.00,0.00,0.00,6.00
75807.00,0.14,0.23,0.79,0.00,0.00,-11.13,0.00,0.00,-1688.17,-0.01,-0.00,-0.00,0.00,0.00,0.00,8.00
75815.00,0.14,0.23,0.76,0.00,0.00,-3.67,0.00,0.00,932.20,-0.01,-0.00,-0.00,0.00,0.00,0.00,6.00
75821.00,0.14,0.23,0.81,0.00,0.00,8.16,0.00,0.00,1971.55,-0.00,-0.00,-0.00,0.01,0.00,0.00,7.00
75828.00,0.14,0.23,0.80,0.00,0.00,-1.57,0.00,0.00,-1388.95,-0.00,-0.00,-0.00,0.01,0.00,0.00,8.00
75836.00,0.14,0.23,0.89,0.00,0.00,11.74,0.00,0.00,1662.99,-0.00,-0.00,-0.00,0.01,0.01,0.00,8.00
75844.00,0.14,0.23,0.79,0.00,0.00,-12.51,0.00,0.00,-3030.38,-0.00,-0.00,-0.00,0.00,0.00,0.00,6.00
75861.00,0.14,0.23,0.78,0.00,0.00,-0.76,0.00,0.00,691.04,-0.00,-0.00,-0.00,-0.00,0.00,-0.00,7.00
75868.00,0.14,0.23,0.92,0.00,0.00,20.35,0.00,0.00,3015.60,-0.00,-0.00,-0.00,-0.00,0.00,-0.00,7.00
75875.00,0.14,0.23,0.90,0.00,0.00,-3.39,0.00,0.00,-3391.89,-0.00,-0.00,-0.00,0.00,0.00,-0.00,8.00
75883.00,0.14,0.23,0.81,0.00,0.00,-10.53,0.00,0.00,-892.16,-0.00,-0.00,-0.00,0.00,-0.00,0.00,5.00
75888.00,0.14,0.23,0.89,0.00,0.00,16.17,0.00,0.00,5339.26,-0.00,-0.00,-0.00,0.00,-0.01,0.00,18.00
75906.00,0.14,0.23,0.77,0.00,0.00,-6.71,0.00,0.00,-1271.20,-0.00,-0.00,-0.00,0.00,-0.00,0.01,8.00
75914.00,0.14,0.23,0.84,0.00,0.00,8.70,0.00,0.00,1926.46,-0.00,-0.00,-0.00,0.00,-0.00,0.01,6.00
75920.00,0.14,0.23,0.85,0.00,0.00,0.94,0.00,0.00,-1293.52,-0.00,-0.00,-0.00,0.00,-0.00,0.00,7.00
75927.00,0.14,0.23,0.84,0.00,0.00,-0.78,0.00,0.00,-245.45,-0.00,-0.00,-0.00,0.00,0.00,0.00,8.00
75935.00,0.14,0.23,0.83,0.00,0.00,-1.06,0.00,0.00,-35.30,-0.00,-0.00,-0.00,-0.00,0.00,0.00,7.00
75947.00,0.14,0.23,0.88,0.00,0.00,3.76,0.00,0.00,401.69,-0.00,-0.00,-0.00,-0.00,0.00,-0.00,9.00
75956.00,0.13,0.23,0.97,-0.06,0.00,10.43,-0.28,0.02,741.21,-0.00,-0.00,-0.00,-0.00,0.00,-0.00,8.00
75964.00,0.13,0.23,0.74,-0.06,0.00,-29.12,-0.28,0.02,-4943.49,-0.00,-0.00,-0.00,-0.00,-0.00,-0.01,6.00
75970.00,0.13,0.23,0.86,-0.06,0.00,19.58,-0.28,0.02,8116.92,-0.00,-0.00,-0.00,0.00,-0.00,-0.00,6.00
75976.00,0.13,0.23,0.77,-0.06,0.00,-15.22,-0.28,0.02,-5800.02,-0.00,-0.00,-0.00,0.00,-0.00,-0.00,19.00
75995.00,0.13,0.23,0.79,-0.06,0.00,1.43,-0.28,0.02,876.09,-0.00,-0.00,-0.00,0.00,-0.00,0.00,9.00
76004.00,0.13,0.23,0.86,-0.06,0.00,7.59,-0.28,0.02,685.07,-0.00,-0.00,-0.00,-0.00,0.00,0.01,5.00
76009.00,0.13,0.23,0.82,-0.06,0.00,-7.63,-0.28,0.02,-3043.81,-0.00,-0.00,-0.00,-0.00,0.00,0.01,8.00
76017.00,0.13,0.23,0.92,-0.06,0.00,11.60,-0.28,0.02,2403.02,-0.00,-0.00,-0.00,-0.00,0.00,0.01,5.00
76022.00,0.13,0.23,0.83,-0.06,0.00,-17.37,-0.28,0.02,-5793.20,-0.00,-0.00,-0.00,0.00,0.01,0.00,6.00
76033.00,0.13,0.23,0.86,-0.06,0.00,3.27,-0.28,0.02,1876.15,-0.00,-0.00,-0.00,0.00,0.01,-0.00,6.00
76039.00,0.13,0.23,0.74,-0.06,0.00,-20.05,-0.28,0.02,-3886.86,-0.00,-0.00,-0.00,0.00,0.01,-0.00,7.00
76046.00,0.13,0.23,0.77,-0.06,0.00,3.07,-0.28,0.02,3303.27,-0.00,-0.00,-0.00,0.00,0.00,-0.01,8.00
76054.00,0.13,0.23,0.83,-0.06,0.00,7.74,-0.28,0.02,584.08,-0.00,-0.00,-0.00,0.00,0.00,-0.01,5.00
76059.00,0.13,0.23,0.77,-0.06,0.00,-11.04,-0.28,0.02,-3756.23,-0.00,-0.00,-0.00,0.00,-0.00,-0.01,8.00
76067.00,0.13,0.23,0.73,-0.06,0.00,-5.33,-0.28,0.02,714.05,-0.00,-0.00,-0.00,0.00,-0.00,-0.00,5.00
76072.00,0.13,0.23,0.80,-0.06,0.00,14.04,-0.28,0.02,3872.55,-0.00,-0.00,-0.00,0.00,-0.00,0.00,6.00
76078.00,0.13,0.23,0.83,-0.06,0.00,4.83,-0.28,0.02,-1534.30,-0.00,-0.00,-0.00,0.00,0.00,0.00,7.00
76085.00,0.13,0.23,0.68,-0.06,0.00,-21.44,-0.28,0.02,-3752.61,-0.00,-0.00,-0.00,0.01,0.00,0.01,19.00
76104.00,0.13,0.23,0.80,-0.06,0.00,6.42,-0.28,0.02,1466.28,-0.00,-0.00,-0.00,0.00,0.00,0.01,5.00
76114.00,0.13,0.23,0.84,-0.06,0.00,4.23,-0.28,0.02,-219.21,-0.00,-0.00,-0.00,0.00,0.01,-0.00,6.00
76120.00,0.13,0.23,0.79,-0.06,0.00,-8.67,-0.28,0.02,-2149.41,-0.00,-0.00,-0.00,-0.00,0.01,-0.01,7.00
76127.00,0.13,0.23,0.79,-0.06,0.00,0.41,-0.28,0.02,1297.15,-0.00,-0.00,-0.00,-0.00,0.01,-0.01,9.00
76136.00,0.13,0.23,0.84,-0.06,0.00,4.60,-0.28,0.02,465.51,-0.00,-0.00,-0.00,0.00,0.00,-0.01,6.00
76142.00,0.13,0.23,0.78,-0.06,0.00,-9.46,-0.28,0.02,-2344.01,-0.00,-0.00,-0.00,0.00,-0.00,-0.00,6.00
76148.00,0.13,0.23,0.81,-0.06,0.00,5.92,-0.28,0.02,2563.85,-0.00,-0.00,-0.00,0.00,-0.00,-0.00,8.00
76156.00,0.13,0.23,0.74,0.00,0.00,-8.80,0.28,-0.02,-1840.15,-0.00,-0.00,-0.00,0.00,-0.00,0.00,8.00
76164.00,0.13,0.23,0.90,0.00,0.00,19.20,0.28,-0.02,3500.08,-0.00,-0.00,-0.00,-0.00,-0.01,0.01,5.00
76169.00,0.13,0.23,0.81,0.00,0.00,-17.63,0.28,-0.02,-7366.20,-0.00,-0.00,-0.00,-0.00,-0.01,0.01,7.00
76176.00,0.13,0.23,0.78,0.00,0.00,-3.87,0.28,-0.02,1966.16,-0.00,-0.00,-0.00,-0.01,-0.00,0.01,7.00
76188.00,0.13,0.23,0.74,0.00,0.00,-3.46,0.28,-0.02,33.90,-0.00,-0.00,-0.00,-0.01,-0.01,-0.00,19.00
76207.00,0.13,0.23,0.90,0.00,0.00,8.38,0.28,-0.02,623.06,-0.00,-0.00,-0.00,0.00,-0.00,-0.01,8.00
76215.00,0.13,0.23,0.90,0.00,0.00,-0.64,0.28,-0.02,-1127.58,-0.00,-0.00,-0.00,0.00,-0.00,-0.01,5.00
76220.00,0.13,0.23,0.77,0.00,0.00,-25.18,0.28,-0.02,-4907.57,-0.00,-0.00,-0.00,0.00,-0.00,-0.01,8.00
76228.00,0.13,0.23,0.76,0.00,0.00,-0.60,0.28,-0.02,3072.60,-0.00,-0.00,-0.00,0.00,-0.00,-0.00,8.00
76236.00,0.13,0.23,0.84,0.00,0.00,9.77,0.28,-0.02,1295.57,-0.00,-0.00,-0.00,-0.00,0.00,0.00,7.00
76243.00,0.13,0.23,0.75,0.00,0.00,-13.72,0.28,-0.02,-3355.05,-0.00,-0.00,-0.00,-0.00,0.01,0.01,5.00
76248.00,0.13,0.23,0.74,0.00,0.00,-0.98,0.28,-0.02,2548.24,-0.00,-0.00,-0.00,-0.00,0.01,0.01,9.00
76257.00,0.13,0.23,0.80,0.00,0.00,6.19,0.28,-0.02,796.86,-0.00,-0.00,-0.00,0.00,0.01,0.01,7.00
76264.00,0.13,0.23,0.84,0.00,0.00,5.44,0.28,-0.02,-108.33,-0.00,-0.00,-0.00,0.00,0.00,0.01,6.00
76274.00,0.13,0.23,0.87,0.00,0.00,3.88,0.28,-0.02,-155.90,-0.00,-0.00,-0.00,0.00,0.00,0.00,7.00
76281.00,0.13,0.23,0.79,0.00,0.00,-11.86,0.28,-0.02,-2247.73,-0.00,-0.00,-0.00,-0.00,0.00,-0.00,6.00
76287.00,0.13,0.23,0.75,0.00,0.00,-6.53,0.28,-0.02,887.43,-0.00,-0.00,-0.00,-0.00,0.00,-0.01,19.00
76306.00,0.13,0.23,0.76,0.00,0.00,0.44,0.28,-0.02,367.09,-0.00,-0.00,-0.00,0.00,0.00,-0.01,7.00
76313.00,0.13,0.23,0.76,0.00,0.00,-0.67,0.28,-0.02,-158.34,-0.00,-0.00,-0.00,0.00,0.00,0.00,5.00
76318.00,0.13,0.23,0.81,0.00,0.00,9.95,0.28,-0.02,2123.79,-0.00,-0.00,-0.00,0.00,0.00,0.00,6.00
76324.00,0.13,0.23,0.78,0.00,0.00,-4.78,0.28,-0.02,-2455.13,-0.00,-0.00,-0.00,-0.00,0.00,0.01,6.00
76330.00,0.13,0.23,0.79,0.00,0.00,2.67,0.28,-0.02,1242.21,-0.00,-0.00,-0.00,-0.00,0.00,0.01,8.00
76338.00,0.13,0.23,0.82,0.00,0.00,3.18,0.28,-0.02,63.71,-0.00,-0.00,-0.00,-0.00,0.00,0.00,8.00
76346.00,0.13,0.23,0.78,0.00,0.00,-4.63,0.28,-0.02,-976.31,-0.00,-0.00,-0.00,-0.00,-0.00,0.00,7.00
76358.00,0.13,0.23,0.76,0.00,0.00,-1.75,0.00,0.00,239.63,-0.00,-0.00,-0.00,-0.00,-0.00,-0.00,10.00
76368.00,0.13,0.23,0.76,0.00,0.00,0.38,0.00,0.00,213.30,-0.00,-0.00,-0.00,-0.00,-0.01,-0.00,6.00
76374.00,0.13,0.23,0.85,0.00,0.00,14.43,0.00,0.00,2341.49,-0.00,-0.00,-0.00,0.00,-0.01,-0.01,5.00
76379.00,0.13,0.23,0.85,0.00,0.00,0.77,0.00,0.00,-2733.19,-0.00,-0.00,-0.00,0.00,-0.00,-0.01,8.00
76387.00,0.13,0.23,0.80,0.00,0.00,-6.34,0.00,0.00,-887.79,-0.00,-0.00,-0.00,0.00,-0.00,-0.01,17.00
76404.00,0.13,0.23,0.73,0.00,0.00,-4.32,0.00,0.00,118.83,-0.00,-0.00,-0.00,0.00,0.00,0.00,6.00
76410.00,0.13,0.23,0.78,0.00,0.00,8.59,0.00,0.00,2151.62,-0.00,-0.00,-0.00,0.00,0.00,0.00,7.00
76417.00,0.13,0.23,0.77,0.00,0.00,-1.86,0.00,0.00,-1493.95,-0.00,-0.00,-0.00,0.00,0.01,0.01,6.00
76423.00,0.13,0.23,0.75,0.00,0.00,-3.77,0.00,0.00,-318.31,-0.00,-0.00,-0.00,0.00,0.01,0.01,5.00
76428.00,0.13,0.23,0.78,0.00,0.00,6.00,0.00,0.00,1954.54,-0.00,-0.00,-0.00,0.00,0.01,0.01,9.00
76441.00,0.13,0.23,0.80,0.00,0.00,1.58,0.00,0.00,-339.70,-0.00,-0.00,-0.00,-0.00,0.00,0.00,8.00
76449.00,0.13,0.23,0.85,0.00,0.00,6.12,0.00,0.00,566.63,-0.00,-0.00,-0.00,-0.00,0.00,-0.00,8.00
76457.00,0.13,0.23,0.70,0.00,0.00,-18.78,0.00,0.00,-3112.42,-0.00,-0.00,-0.00,-0.00,-0.00,-0.01,7.00
76464.00,0.13,0.23,0.84,0.00,0.00,20.50,0.00,0.00,5612.70,-0.00,-0.00,-0.00,0.00,-0.00,-0.01,6.00
76470.00,0.13,0.23,0.85,0.00,0.00,2.59,0.00,0.00,-2985.29,-0.00,-0.00,-0.00,0.00,-0.00,-0.01,7.00
76477.00,0.13,0.23,0.76,0.00,0.00,-13.91,0.00,0.00,-2357.08,-0.00,-0.00,-0.00,0.00,-0.01,-0.01,7.00
76484.00,0.13,0.23,0.78,0.00,0.00,3.41,0.00,0.00,2474.35,-0.00,-0.00,-0.00,-0.00,-0.00,0.00,16.00
76500.00,0.13,0.23,0.79,0.00,0.00,0.65,0.00,0.00,-172.69,-0.00,-0.00,-0.00,-0.00,-0.00,0.00,8.00
76508.00,0.13,0.23,0.85,0.00,0.00,7.13,0.00,0.00,810.04,-0.00,-0.00,-0.00,-0.00,0.00,0.00,8.00
76516.00,0.13,0.23,0.86,0.00,0.00,0.88,0.00,0.00,-781.13,-0.00,-0.00,-0.00,-0.00,0.01,0.01,6.00
76531.00,0.13,0.23,0.79,0.00,0.00,-4.06,0.00,0.00,-329.73,-0.00,-0.00,-0.00,-0.00,0.00,-0.00,8.00
76539.00,0.13,0.23,0.87,0.00,0.00,8.97,0.00,0.00,1629.54,-0.00,-0.00,-0.00,-0.00,0.00,-0.00,8.00
76547.00,0.13,0.23,0.83,0.00,0.00,-4.27,0.00,0.00,-1655.35,-0.00,-0.00,-0.00,0.00,0.00,-0.00,7.00
76554.00,0.13,0.23,0.83,0.00,0.00,-0.32,0.00,0.00,564.32,-0.00,-0.00,-0.00,0.00,0.00,-0.01,6.00
76560.00,0.13,0.24,0.89,0.00,0.04,9.81,0.00,0.19,1688.95,-0.00,-0.00,-0.00,0.00,0.00,-0.00,8.00
76568.00,0.13,0.24,0.86,0.00,0.04,-3.21,0.00,0.19,-1628.21,-0.00,-0.00,-0.00,0.00,0.00,0.00,5.00
76573.00,0.13,0.24,0.77,0.00,0.04,-18.80,0.00,0.19,-3116.69,-0.00,-0.00,-0.00,0.00,0.00,0.00,5.00
76578.00,0.13,0.24,0.77,0.00,0.04,1.04,0.00,0.19,3966.62,-0.00,-0.00,-0.00,0.00,-0.00,0.00,6.00
76584.00,0.13,0.24,0.78,0.00,0.04,0.75,0.00,0.19,-47.85,-0.00,-0.00,-0.00,0.00,0.00,0.01,6.00
76590.00,0.13,0.24,0.76,0.00,0.04,-3.26,0.00,0.19,-668.75,-0.00,-0.00,-0.00,0.00,0.00,0.01,7.00
76602.00,0.13,0.24,0.86,0.00,0.04,8.04,0.00,0.19,942.14,-0.00,-0.00,-0.00,-0.00,0.00,0.00,18.00
76620.00,0.13,0.24,0.85,0.00,0.04,-0.36,0.00,0.19,-467.02,-0.00,-0.00,-0.00,-0.00,0.00,0.00,7.00
76627.00,0.13,0.24,0.80,0.00,0.04,-7.22,0.00,0.19,-980.27,-0.00,-0.00,-0.00,0.00,0.01,-0.00,8.00
76635.00,0.13,0.24,0.82,0.00,0.04,2.66,0.00,0.19,1235.89,-0.00,-0.00,-0.00,-0.00,0.01,-0.01,7.00
76642.00,0.13,0.24,0.64,0.00,0.04,-26.07,0.00,0.19,-4105.16,-0.00,-0.00,-0.00,-0.00,-0.00,-0.01,6.00
76648.00,0.13,0.24,0.81,0.00,0.04,28.18,0.00,0.19,9041.80,-0.00,-0.00,-0.00,-0.00,-0.00,-0.00,9.00
76657.00,0.13,0.24,0.80,0.00,0.04,-0.50,0.00,0.19,-3185.91,-0.00,-0.00,-0.00,-0.00,-0.00,-0.00,8.00
76665.00,0.13,0.24,0.85,0.00,0.04,5.43,0.00,0.19,740.31,-0.00,-0.00,-0.00,-0.00,-0.00,0.00,6.00
76671.00,0.13,0.24,0.78,0.00,0.04,-11.56,0.00,0.19,-2830.53,-0.00,-0.00,-0.00,-0.00,-0.01,0.00,6.00
76677.00,0.13,0.24,0.85,0.00,0.04,12.83,0.00,0.19,4063.74,-0.00,-0.00,-0.00,-0.00,-0.01,0.01,18.00
76700.00,0.13,0.24,0.84,0.00,0.04,-0.40,0.00,0.19,-575.13,-0.00,-0.00,-0.00,-0.00,-0.00,-0.00,9.00
76709.00,0.13,0.24,0.83,0.00,0.04,-1.15,0.00,0.19,-82.52,-0.01,-0.00,-0.00,-0.01,-0.00,-0.01,8.00
76717.00,0.13,0.24,0.82,0.00,0.04,-1.17,0.00,0.19,-3.33,-0.01,-0.00,-0.00,-0.00,0.00,-0.01,6.00
76723.00,0.13,0.24,0.88,0.00,0.04,9.93,0.00,0.19,1850.75,-0.01,-0.00,-0.00,-0.00,-0.00,-0.01,6.00
76729.00,0.13,0.24,0.91,0.00,0.04,3.51,0.00,0.19,-1069.79,-0.01,-0.00,-0.00,-0.00,-0.00,-0.01,9.00
76738.00,0.13,0.24,0.84,0.00,0.04,-6.98,0.00,0.19,-1165.79,-0.01,-0.00,-0.00,0.00,0.00,0.00,8.00
76746.00,0.13,0.24,0.81,0.00,0.04,-3.71,0.00,0.19,408.00,-0.01,-0.00,-0.00,0.00,0.00,0.01,6.00
76752.00,0.13,0.24,0.79,0.00,0.04,-3.40,0.00,0.19,53.11,-0.01,-0.00,-0.00,0.00,0.00,0.01,6.00
76758.00,0.13,0.24,0.90,0.00,0.04,17.39,0.00,0.19,3463.80,-0.01,-0.00,-0.00,0.00,0.00,0.01,9.00
76767.00,0.13,0.23,0.75,0.00,-0.04,-16.33,0.00,-0.36,-3746.10,-0.00,-0.00,-0.00,0.00,0.00,0.01,6.00
76778.00,0.13,0.23,0.85,0.00,-0.04,9.30,0.00,-0.36,2329.59,-0.00,-0.00,-0.00,0.01,0.01,0.01,8.00
76786.00,0.13,0.23,0.87,0.00,-0.04,2.20,0.00,-0.36,-887.35,-0.00,-0.00,-0.00,0.00,0.00,-0.00,5.00
76791.00,0.13,0.23,0.84,0.00,-0.04,-5.68,0.00,-0.36,-1576.61,-0.00,-0.00,-0.00,0.00,0.00,-0.00,18.00
76809.00,0.13,0.23,0.87,0.00,-0.04,1.87,0.00,-0.36,419.90,-0.00,-0.00,-0.00,0.00,0.00,-0.01,9.00
76818.00,0.13,0.23,0.90,0.00,-0.04,2.68,0.00,-0.36,89.26,-0.00,-0.00,-0.00,0.01,0.01,-0.00,5.00
76823.00,0.13,0.23,0.84,0.00,-0.04,-12.47,0.00,-0.36,-3028.87,-0.00,-0.00,-0.00,0.00,0.01,0.00,7.00
76830.00,0.13,0.23,0.89,0.00,-0.04,7.69,0.00,-0.36,2879.43,-0.00,-0.00,-0.00,0.00,0.00,0.00,8.00
76838.00,0.13,0.23,0.87,0.00,-0.04,-2.76,0.00,-0.36,-1306.26,-0.00,-0.00,-0.00,0.00,0.00,0.00,7.00
76845.00,0.13,0.23,0.89,0.00,-0.04,3.13,0.00,-0.36,841.29,-0.00,-0.00,-0.00,0.00,0.00,0.00,5.00
76850.00,0.13,0.23,0.82,0.00,-0.04,-13.66,0.00,-0.36,-3357.83,-0.00,-0.00,-0.00,-0.00,0.00,0.00,8.00
76863.00,0.13,0.23,0.86,0.00,-0.04,3.25,0.00,-0.36,1300.76,-0.00,-0.00,-0.00,-0.00,-0.00,0.00,8.00
76871.00,0.13,0.23,0.84,0.00,-0.04,-2.77,0.00,-0.36,-752.31,-0.00,-0.00,-0.00,-0.00,-0.00,0.00,6.00
76877.00,0.13,0.23,0.80,0.00,-0.04,-7.10,0.00,-0.36,-722.42,-0.00,-0.00,-0.00,-0.00,-0.00,0.00,7.00
76884.00,0.13,0.23,0.78,0.00,-0.04,-3.24,0.00,-0.36,551.62,-0.00,-0.00,-0.00,-0.00,-0.01,-0.00,6.00
76890.00,0.13,0.23,0.79,0.00,-0.04,1.60,0.00,-0.36,806.96,-0.00,-0.00,-0.00,-0.00,-0.01,-0.00,18.00
76908.00,0.13,0.23,0.75,0.00,-0.04,-1.78,0.00,-0.36,-187.77,-0.00,-0.00,-0.00,-0.01,-0.01,-0.00,9.00
76917.00,0.13,0.23,0.91,0.00,-0.04,17.22,0.00,-0.36,2111.13,-0.01,-0.00,-0.00,-0.01,-0.01,-0.00,5.00
76922.00,0.13,0.23,0.78,0.00,-0.04,-24.99,0.00,-0.36,-8441.16,-0.01,-0.00,-0.00,-0.01,-0.01,-0.00,8.00
76930.00,0.13,0.23,0.84,0.00,-0.04,6.61,0.00,-0.36,3949.78,-0.01,-0.00,-0.00,-0.01,-0.01,-0.00,8.00
76938.00,0.13,0.23,0.82,0.00,-0.04,-1.59,0.00,-0.36,-1025.08,-0.01,-0.00,-0.00,0.00,-0.00,0.00,129.00
77071.00,0.14,0.24,0.79,0.04,0.02,-0.26,0.12,0.19,9.97,-0.01,-0.00,-0.00,-0.00,-0.00,-0.00,18.00
77089.00,0.14,0.24,0.74,0.04,0.02,-2.88,0.12,0.19,-145.62,-0.01,-0.00,-0.00,-0.00,-0.00,-0.00,19.00
77108.00,0.14,0.24,0.90,0.04,0.02,8.34,0.12,0.19,590.75,-0.01,-0.00,-0.00,-0.00,-0.00,0.00,6.00
77114.00,0.14,0.24,0.84,0.04,0.02,-9.32,0.12,0.19,-2944.00,-0.01,-0.00,-0.00,-0.01,0.00,0.00,6.00
77120.00,0.14,0.24,0.81,0.04,0.02,-4.16,0.12,0.19,859.91,-0.01,-0.00,-0.00,-0.01,0.00,0.00,6.00
77126.00,0.14,0.24,0.76,0.04,0.02,-9.63,0.12,0.19,-910.28,-0.01,-0.00,-0.00,-0.01,-0.00,0.01,5.00
77131.00,0.14,0.24,0.88,0.04,0.02,24.42,0.12,0.19,6808.81,-0.01,-0.00,-0.00,-0.01,-0.00,0.01,8.00
77139.00,0.14,0.24,0.81,0.04,0.02,-9.10,0.12,0.19,-4190.23,-0.01,-0.00,-0.00,-0.00,-0.01,-0.00,8.00
77147.00,0.14,0.24,0.91,0.04,0.02,12.91,0.12,0.19,2751.57,-0.01,-0.00,-0.00,0.00,-0.00,-0.00,6.00
77153.00,0.14,0.24,0.83,0.04,0.02,-13.76,0.12,0.19,-4444.37,-0.01,-0.00,-0.00,0.00,-0.00,-0.01,6.00
77164.00,0.14,0.24,0.80,0.04,0.02,-2.37,0.12,0.19,1035.37,-0.01,-0.00,-0.00,0.00,-0.00,-0.01,8.00
77172.00,0.14,0.24,0.81,0.04,0.02,1.58,0.12,0.19,493.68,-0.01,-0.00,-0.00,0.00,-0.00,-0.01,7.00
77179.00,0.14,0.24,0.83,0.04,0.02,2.46,0.12,0.19,125.27,-0.01,-0.00,-0.00,0.00,-0.00,-0.00,16.00
77195.00,0.14,0.24,0.85,0.04,0.02,1.38,0.12,0.19,-67.33,-0.01,-0.00,-0.00,0.00,0.01,0.01,7.00
77202.00,0.14,0.24,0.92,0.04,0.02,9.33,0.12,0.19,1135.11,-0.01,-0.00,-0.00,0.00,0.01,0.01,7.00
77209.00,0.14,0.24,0.92,0.04,0.02,0.20,0.12,0.19,-1303.88,-0.01,-0.00,-0.00,0.00,0.01,0.01,8.00
77217.00,0.14,0.24,0.84,0.04,0.02,-10.49,0.12,0.19,-1336.30,-0.01,-0.00,-0.00,0.00,0.00,0.00,5.00
77222.00,0.14,0.24,0.84,0.04,0.02,1.20,0.12,0.19,2338.42,-0.01,-0.00,-0.00,0.00,0.00,0.00,6.00
77228.00,0.14,0.24,0.94,0.04,0.02,16.30,0.12,0.19,2515.72,-0.01,-0.00,-0.00,0.00,0.00,-0.00,5.00
77233.00,0.14,0.24,0.82,0.04,0.02,-23.96,0.12,0.19,-8051.86,-0.01,-0.00,-0.00,0.00,0.00,-0.00,7.00
77245.00,0.14,0.24,0.90,0.04,0.02,6.88,0.12,0.19,2570.24,-0.01,-0.00,-0.00,0.01,-0.00,-0.01,7.00
77252.00,0.14,0.24,0.88,0.04,0.02,-3.83,0.12,0.19,-1529.18,-0.01,-0.00,-0.00,0.01,-0.00,-0.01,7.00
77259.00,0.14,0.24,0.85,0.04,0.02,-3.67,0.12,0.19,22.31,-0.01,-0.00,-0.00,0.00,0.00,-0.00,6.00
77265.00,0.14,0.24,0.91,0.04,0.02,9.83,0.12,0.19,2249.30,-0.01,-0.00,-0.00,0.00,0.00,0.00,6.00
77271.00,0.14,0.24,0.80,0.00,0.00,-17.36,-0.18,-0.11,-4531.91,-0.01,-0.00,-0.00,0.00,0.00,0.00,7.00
77278.00,0.14,0.24,0.83,0.00,0.00,3.76,-0.18,-0.11,3018.25,-0.01,-0.00,-0.00,-0.00,0.00,0.01,5.00
77283.00,0.14,0.24,0.93,0.00,0.00,19.26,-0.18,-0.11,3099.90,-0.01,-0.00,-0.00,-0.00,0.00,0.01,17.00
77300.00,0.14,0.24,0.88,0.00,0.00,-2.61,-0.18,-0.11,-1286.79,-0.01,-0.00,-0.00,-0.00,0.00,0.00,8.00
77308.00,0.14,0.24,0.86,0.00,0.00,-2.65,-0.18,-0.11,-4.63,-0.01,-0.00,-0.00,-0.00,0.00,-0.00,6.00
77314.00,0.14,0.24,1.03,0.00,0.00,27.68,-0.18,-0.11,5054.86,-0.01,-0.00,-0.00,-0.00,-0.00,-0.00,7.00
77326.00,0.14,0.24,0.92,0.00,0.00,-8.65,-0.18,-0.11,-3027.04,-0.01,-0.00,-0.00,0.00,-0.00,-0.01,6.00
77332.00,0.14,0.24,0.81,0.00,0.00,-18.54,-0.18,-0.11,-1648.75,-0.01,-0.00,-0.00,0.00,-0.01,-0.01,8.00
77340.00,0.14,0.24,0.88,0.00,0.00,8.16,-0.18,-0.11,3337.14,-0.01,-0.00,-0.00,-0.00,-0.01,-0.01,8.00
77348.00,0.14,0.24,0.83,0.00,0.00,-5.89,-0.18,-0.11,-1755.69,-0.01,-0.00,-0.00,-0.00,-0.01,-0.00,5.00
77353.00,0.14,0.24,0.81,0.00,0.00,-4.35,-0.18,-0.11,307.30,-0.01,-0.00,-0.00,-0.00,-0.01,0.00,8.00
77361.00,0.14,0.24,0.81,0.00,0.00,-0.45,-0.18,-0.11,486.99,-0.01,-0.00,-0.00,-0.00,-0.01,0.01,8.00
77369.00,0.14,0.24,0.93,0.00,0.00,15.84,-0.18,-0.11,2037.01,-0.01,-0.00,-0.00,0.00,0.00,0.01,6.00
77375.00,0.14,0.24,0.85,0.00,0.00,-13.32,-0.18,-0.11,-4860.40,-0.01,-0.00,-0.00,-0.00,0.00,0.01,6.00
77381.00,0.14,0.24,0.86,0.00,0.00,1.40,-0.18,-0.11,2453.96,-0.01,-0.00,-0.00,-0.00,0.00,0.01,18.00
77399.00,0.14,0.24,0.90,0.00,0.00,2.36,-0.18,-0.11,53.19,-0.01,-0.00,-0.00,-0.00,0.01,-0.01,7.00
77416.00,0.14,0.24,0.88,0.00,0.00,-1.22,-0.18,-0.11,-210.73,-0.01,-0.00,-0.00,0.00,-0.00,-0.00,7.00
77423.00,0.14,0.24,0.90,0.00,0.00,2.00,-0.18,-0.11,460.74,-0.01,-0.00,-0.00,0.00,-0.00,-0.00,6.00
77429.00,0.14,0.24,0.87,0.00,0.00,-3.79,-0.18,-0.11,-966.10,-0.01,-0.00,-0.00,0.00,-0.00,0.00,5.00
77434.00,0.14,0.24,0.94,0.00,0.00,12.89,-0.18,-0.11,3336.60,-0.01,-0.00,-0.00,0.00,-0.00,0.00,7.00
77441.00,0.14,0.24,0.92,0.00,0.00,-2.26,-0.18,-0.11,-2163.71,-0.01,-0.00,-0.00,0.00,-0.01,0.01,8.00
77449.00,0.14,0.24,0.86,0.00,0.00,-8.43,-0.18,-0.11,-772.24,-0.01,-0.00,-0.00,0.00,-0.00,0.01,7.00
77456.00,0.14,0.24,0.84,0.00,0.00,-1.88,-0.18,-0.11,935.65,-0.01,-0.00,-0.00,0.00,0.00,0.01,6.00
77462.00,0.14,0.24,0.80,0.00,0.00,-6.97,-0.18,-0.11,-848.29,-0.01,-0.00,-0.00,0.00,0.00,0.00,8.00
77470.00,0.14,0.24,0.91,0.00,0.00,13.62,-0.18,-0.11,2573.63,-0.01,-0.00,-0.00,0.00,0.00,0.00,6.00
77476.00,0.14,0.24,0.85,0.00,0.00,-9.48,0.00,0.00,-3849.92,-0.01,-0.00,-0.00,0.00,0.01,0.00,5.00
77486.00,0.14,0.24,0.80,0.00,0.00,-4.76,0.00,0.00,472.33,-0.01,-0.00,-0.00,0.00,0.01,-0.01,17.00
77503.00,0.14,0.24,0.83,0.00,0.00,1.64,0.00,0.00,376.79,-0.01,-0.00,-0.00,-0.00,0.01,-0.01,8.00
77511.00,0.14,0.24,0.96,0.00,0.00,16.20,0.00,0.00,1819.08,-0.01,-0.00,-0.00,0.00,0.00,-0.00,5.00
77516.00,0.14,0.24,0.94,0.00,0.00,-5.11,0.00,0.00,-4261.83,-0.01,-0.00,-0.00,0.00,0.00,-0.00,6.00
77522.00,0.14,0.24,0.84,0.00,0.00,-16.48,0.00,0.00,-1895.09,-0.01,-0.00,-0.00,0.00,0.00,0.00,6.00
77528.00,0.14,0.24,0.89,0.00,0.00,8.64,0.00,0.00,4186.59,-0.01,-0.00,-0.00,0.00,-0.00,0.01,5.00
77533.00,0.14,0.24,0.79,0.00,0.00,-18.98,0.00,0.00,-5524.05,-0.01,-0.00,-0.00,0.00,-0.01,0.01,8.00
77541.00,0.14,0.24,0.81,0.00,0.00,2.03,0.00,0.00,2626.70,-0.01,-0.00,-0.00,0.00,-0.01,0.01,8.00
77549.00,0.14,0.24,0.87,0.00,0.00,7.43,0.00,0.00,674.87,-0.01,-0.00,-0.00,-0.00,0.00,0.00,5.00
77554.00,0.14,0.24,0.78,0.00,0.00,-18.49,0.00,0.00,-5183.86,-0.01,-0.00,-0.00,-0.00,0.00,0.00,7.00
77566.00,0.14,0.24,0.90,0.00,0.00,10.41,0.00,0.00,2408.23,-0.01,-0.00,-0.00,-0.00,0.00,-0.00,7.00
77573.00,0.14,0.24,0.90,0.00,0.00,-0.03,0.00,0.00,-1491.02,-0.01,-0.00,-0.00,-0.00,0.00,-0.01,7.00
77580.00,0.14,0.24,0.93,0.00,0.00,4.59,0.00,0.00,659.89,-0.01,-0.00,-0.00,0.00,0.00,-0.01,7.00
77587.00,0.14,0.24,0.77,0.00,0.00,-24.11,0.00,0.00,-4099.79,-0.01,-0.00,-0.00,0.00,0.00,-0.01,5.00
77592.00,0.14,0.24,0.86,0.00,0.00,19.77,0.00,0.00,8775.26,-0.01,-0.00,-0.00,0.00,0.00,-0.01,18.00
77610.00,0.14,0.24,0.81,0.00,0.00,-3.25,0.00,0.00,-1279.01,-0.01,-0.00,-0.00,0.00,-0.00,0.00,7.00
77617.00,0.14,0.24,0.84,0.00,0.00,5.34,0.00,0.00,1227.29,-0.01,-0.00,-0.00,0.00,-0.00,0.01,5.00
77622.00,0.14,0.24,0.89,0.00,0.00,9.02,0.00,0.00,736.13,-0.01,-0.00,-0.00,0.00,-0.00,0.01,6.00
77628.00,0.14,0.24,0.81,0.00,0.00,-13.08,0.00,0.00,-3683.24,-0.01,-0.00,-0.00,0.00,0.00,0.01,5.00
77633.00,0.14,0.24,0.84,0.00,0.00,6.55,0.00,0.00,3925.54,-0.01,-0.00,-0.00,0.00,0.00,0.01,9.00
77646.00,0.14,0.24,0.86,0.00,0.00,1.17,0.00,0.00,-413.21,-0.01,-0.00,-0.00,0.00,0.00,0.00,7.00
77653.00,0.14,0.24,0.85,0.00,0.00,-0.91,0.00,0.00,-297.13,-0.01,-0.00,-0.00,0.00,0.00,-0.00,8.00
77661.00,0.14,0.24,0.88,0.00,0.00,2.98,0.00,0.00,485.48,-0.01,-0.00,-0.00,0.00,0.00,-0.01,7.00
77668.00,0.14,0.24,0.84,0.00,0.00,-5.41,0.00,0.00,-1197.99,-0.01,-0.00,-0.00,-0.00,0.01,-0.01,6.00
77674.00,0.14,0.24,0.87,0.00,0.00,4.72,0.00,0.00,1687.29,-0.01,-0.00,-0.00,-0.00,0.01,-0.01,7.00
77681.00,0.14,0.24,0.91,0.00,0.00,6.93,0.00,0.00,316.09,-0.01,-0.00,-0.00,0.00,0.01,-0.00,8.00
77689.00,0.14,0.24,0.77,0.00,0.00,-18.31,0.00,0.00,-3154.97,-0.01,-0.00,-0.00,0.00,0.01,0.00,16.00
77705.00,0.14,0.24,0.89,0.00,0.00,7.67,0.00,0.00,1623.54,-0.01,-0.00,-0.00,0.00,0.00,0.01,7.00
77712.00,0.14,0.24,0.87,0.00,0.00,-3.43,0.00,0.00,-1584.43,-0.01,-0.00,-0.00,0.00,0.00,0.00,9.00
77721.00,0.14,0.24,0.87,0.00,0.00,0.05,0.00,0.00,385.74,-0.01,-0.00,-0.00,0.00,-0.00,0.00,6.00
77731.00,0.14,0.24,0.92,0.00,0.00,5.70,0.00,0.00,565.22,-0.01,-0.00,-0.00,0.00,-0.00,-0.00,9.00
77740.00,0.14,0.24,0.87,0.00,0.00,-5.50,0.00,0.00,-1244.07,-0.01,-0.00,-0.00,0.00,0.00,-0.00,6.00
77746.00,0.14,0.24,0.81,0.00,0.00,-11.31,0.00,0.00,-968.69,-0.01,-0.00,-0.00,-0.00,0.00,-0.01,6.00
77752.00,0.14,0.24,0.84,0.00,0.00,5.16,0.00,0.00,2744.68,-0.01,-0.00,-0.00,-0.00,0.00,-0.01,8.00
77760.00,0.14,0.24,0.98,0.00,0.00,17.40,0.00,0.00,1530.36,-0.01,-0.00,-0.00,-0.00,-0.00,-0.00,8.00
77768.00,0.14,0.24,0.89,0.00,0.00,-11.29,0.00,0.00,-3585.81,-0.01,-0.00,-0.00,-0.00,-0.00,0.00,5.00
77773.00,0.14,0.24,0.90,0.00,0.00,2.84,0.00,0.00,2824.92,-0.01,-0.00,-0.00,-0.00,-0.00,0.00,6.00
77779.00,0.14,0.24,0.86,0.00,0.00,-6.76,0.00,0.00,-1599.99,-0.01,-0.00,-0.00,-0.00,0.00,0.00,6.00
77785.00,0.14,0.24,0.83,0.00,0.00,-4.43,0.00,0.00,387.93,-0.01,-0.00,-0.00,-0.00,0.00,0.01,17.00
77802.00,0.14,0.24,0.86,0.00,0.00,1.49,0.00,0.00,348.60,-0.01,-0.00,-0.00,-0.00,-0.00,0.01,8.00
77815.00,0.14,0.24,0.85,0.00,0.00,-0.79,0.00,0.00,-175.56,-0.01,-0.00,-0.00,0.00,-0.00,-0.00,8.00
77823.00,0.14,0.24,0.94,0.00,0.00,11.47,0.00,0.00,1532.67,-0.01,-0.00,-0.00,0.00,-0.00,-0.01,5.00
77828.00,0.14,0.24,0.87,0.00,0.00,-14.21,0.00,0.00,-5136.96,-0.01,-0.00,-0.00,0.00,0.00,-0.00,6.00
77834.00,0.14,0.24,0.83,0.00,0.00,-6.98,0.00,0.00,1204.79,-0.01,-0.00,-0.00,0.00,0.00,-0.00,7.00
77841.00,0.14,0.24,0.91,0.00,0.00,11.17,0.00,0.00,2593.44,-0.01,-0.00,-0.00,0.00,0.00,-0.00,8.00
77849.00,0.14,0.24,0.82,0.00,0.00,-11.29,0.00,0.00,-2807.77,-0.01,-0.00,-0.00,0.00,0.01,0.00,5.00
77854.00,0.14,0.24,0.85,0.00,0.00,7.19,0.00,0.00,3697.01,-0.01,-0.00,-0.00,0.00,0.01,0.00,8.00
77862.00,0.14,0.24,0.86,0.00,0.00,1.13,0.00,0.00,-758.29,-0.01,-0.00,-0.00,0.00,0.01,0.00,9.00
77871.00,0.14,0.24,0.82,0.00,0.00,-4.34,0.00,0.00,-606.96,-0.01,-0.00,-0.00,-0.00,0.00,0.01,6.00
77877.00,0.14,0.24,0.92,0.00,0.00,16.13,0.00,0.00,3411.02,-0.01,-0.00,-0.00,-0.00,0.00,0.01,6.00
77887.00,0.14,0.24,0.89,0.00,0.00,-2.34,0.00,0.00,-1846.97,-0.01,-0.00,-0.00,0.00,0.00,0.00,17.00
77904.00,0.14,0.24,0.89,0.00,0.00,-0.07,0.00,0.00,133.59,-0.01,-0.00,-0.00,0.00,-0.00,-0.00,8.00
77912.00,0.14,0.24,0.94,0.00,0.00,6.08,0.00,0.00,768.39,-0.01,-0.00,-0.00,0.00,-0.00,-0.00,6.00
77918.00,0.14,0.24,0.94,0.00,0.00,0.00,0.00,0.00,-1013.00,-0.01,-0.00,-0.00,0.00,-0.00,-0.00,5.00
77923.00,0.14,0.24,0.88,0.00,0.00,-12.82,0.00,0.00,-2563.40,-0.01,-0.00,-0.00,0.00,-0.00,0.00,5.00
77928.00,0.14,0.24,0.90,0.00,0.00,4.74,0.00,0.00,3510.41,-0.01,-0.00,-0.00,0.00,-0.00,0.00,6.00
77934.00,0.14,0.24,0.91,0.00,0.00,1.97,0.00,0.00,-461.12,-0.01,-0.00,-0.00,0.00,-0.00,0.00,8.00
77942.00,0.14,0.24,0.98,0.00,0.00,7.94,0.00,0.00,745.84,-0.01,-0.00,-0.00,0.00,-0.00,0.00,8.00
77950.00,0.14,0.24,0.89,0.00,0.00,-11.45,0.00,0.00,-2423.70,-0.01,-0.00,-0.00,0.00,0.00,0.00,5.00
77955.00,0.14,0.24,0.84,0.00,0.00,-8.79,0.00,0.00,533.71,-0.01,-0.00,-0.00,-0.00,0.00,0.00,7.00
77967.00,0.14,0.24,0.84,0.00,0.00,-0.37,0.00,0.00,701.03,-0.01,-0.00,-0.00,-0.00,0.00,0.00,7.00
77974.00,0.14,0.24,0.88,0.00,0.00,5.57,0.00,0.00,849.22,-0.01,-0.00,-0.00,-0.00,0.00,0.00,6.00
77980.00,0.14,0.24,0.87,0.00,0.00,-1.24,0.00,0.00,-1135.71,-0.01,-0.00,-0.00,-0.00,-0.00,-0.00,15.00
77995.00,0.14,0.24,0.92,0.00,0.00,3.67,0.00,0.00,327.36,-0.01,-0.00,-0.00,0.00,-0.00,-0.01,8.00
78003.00,0.14,0.24,0.85,0.00,0.00,-9.45,0.00,0.00,-1639.72,-0.01,-0.00,-0.00,0.00,-0.00,-0.00,8.00
78011.00,0.14,0.24,0.90,0.00,0.00,6.16,0.00,0.00,1951.56,-0.01,-0.00,-0.00,0.00,0.00,-0.00,7.00
78018.00,0.14,0.24,0.86,0.00,0.00,-5.98,0.00,0.00,-1734.94,-0.01,-0.00,-0.00,0.00,0.00,0.00,6.00
78024.00,0.14,0.24,0.94,0.00,0.00,13.76,0.00,0.00,3290.59,-0.01,-0.00,-0.00,0.00,0.00,0.00,5.00
78029.00,0.14,0.24,0.88,0.00,0.00,-11.66,0.00,0.00,-5083.70,-0.01,-0.00,-0.00,-0.00,0.00,0.00,5.00
78034.00,0.14,0.24,0.92,0.00,0.00,8.62,0.00,0.00,4054.98,-0.01,-0.00,-0.00,-0.00,0.00,0.00,8.00
78052.00,0.14,0.24,0.88,0.00,0.00,-2.24,0.00,0.00,-603.04,-0.01,-0.00,-0.00,-0.00,0.01,0.00,9.00
78061.00,0.14,0.24,0.91,0.00,0.00,2.91,0.00,0.00,572.24,-0.01,-0.00,-0.00,0.00,0.01,-0.00,5.00
78066.00,0.14,0.24,0.78,0.00,0.00,-24.90,0.00,0.00,-5562.17,-0.01,-0.00,-0.00,0.00,0.00,-0.00,7.00
78073.00,0.14,0.24,0.94,0.00,0.00,23.01,0.00,0.00,6844.11,-0.01,-0.00,-0.00,0.00,0.00,-0.01,6.00
78079.00,0.14,0.24,0.90,0.00,0.00,-6.87,0.00,0.00,-4979.52,-0.01,-0.00,-0.00,0.00,-0.00,-0.00,6.00
78085.00,0.14,0.24,0.95,0.00,0.00,7.53,0.00,0.00,2398.69,-0.01,-0.00,-0.00,0.00,-0.00,-0.00,7.00
78092.00,0.14,0.24,0.87,0.00,0.00,-11.39,0.00,0.00,-2701.66,-0.01,-0.00,-0.00,0.00,-0.00,-0.00,18.00
78110.00,0.14,0.24,0.88,0.00,0.00,0.32,0.00,0.00,650.42,-0.01,-0.00,-0.00,-0.00,-0.00,0.00,6.00
78116.00,0.14,0.24,0.92,0.00,0.00,6.89,0.00,0.00,1095.03,-0.01,-0.00,-0.00,-0.00,-0.00,0.00,7.00
78123.00,0.14,0.24,0.87,0.00,0.00,-5.92,0.00,0.00,-1830.35,-0.01,-0.00,-0.00,0.00,-0.00,0.00,5.00
78133.00,0.14,0.24,0.82,0.00,0.00,-5.49,0.00,0.00,43.07,-0.01,-0.00,-0.00,0.00,0.00,0.00,10.00
78143.00,0.14,0.24,0.88,0.00,0.00,6.21,0.00,0.00,1170.36,-0.01,-0.00,-0.00,-0.00,0.00,0.00,8.00
78151.00,0.14,0.24,0.86,0.00,0.00,-2.94,0.00,0.00,-1144.62,-0.01,-0.00,-0.00,0.00,0.00,-0.00,7.00
78158.00,0.14,0.24,0.92,0.00,0.00,9.26,0.00,0.00,1743.60,-0.01,-0.00,-0.00,0.00,0.00,-0.00,5.00
78163.00,0.14,0.24,0.96,0.00,0.00,7.76,0.00,0.00,-300.47,-0.01,-0.00,-0.00,0.00,0.00,-0.00,9.00
78172.00,0.14,0.24,0.90,0.00,0.00,-7.21,0.00,0.00,-1662.91,-0.01,-0.00,-0.00,0.00,0.00,-0.00,6.00
78178.00,0.14,0.24,0.83,0.00,0.00,-11.65,0.00,0.00,-739.84,-0.01,-0.00,-0.00,0.00,0.00,0.00,6.00
78184.00,0.14,0.24,0.95,0.00,0.00,19.82,0.00,0.00,5243.56,-0.01,-0.00,-0.00,0.00,0.00,0.00,8.00
78192.00,0.14,0.24,0.79,0.00,0.00,-19.76,0.00,0.00,-4946.30,-0.01,-0.00,-0.00,0.00,0.00,0.00,17.00
78209.00,0.14,0.24,0.94,0.00,0.00,8.74,0.00,0.00,1676.42,-0.01,-0.00,-0.00,0.00,-0.00,0.00,6.00
78220.00,0.14,0.24,0.91,0.00,0.00,-2.69,0.00,0.00,-1039.12,-0.01,-0.00,-0.00,0.00,-0.00,-0.00,6.00
78226.00,0.14,0.24,0.88,0.00,0.00,-3.98,0.00,0.00,-215.29,-0.01,-0.00,-0.00,0.00,-0.00,-0.00,6.00
78232.00,0.14,0.24,0.93,0.00,0.00,8.37,0.00,0.00,2057.28,-0.01,-0.00,-0.00,0.00,-0.00,-0.00,8.00
78240.00,0.14,0.24,0.87,0.00,0.00,-7.39,0.00,0.00,-1969.66,-0.01,-0.00,-0.00,-0.00,-0.00,-0.00,6.00
78246.00,0.14,0.24,1.00,0.00,0.00,20.47,0.00,0.00,4643.17,-0.01,-0.00,-0.00,-0.00,0.00,-0.00,7.00
78253.00,0.14,0.24,0.88,0.00,0.00,-16.66,0.00,0.00,-5304.32,-0.01,-0.00,-0.00,0.00,0.00,0.00,9.00
78262.00,0.14,0.24,0.86,0.00,0.00,-2.20,0.00,0.00,1607.52,-0.01,-0.00,-0.00,0.00,0.00,-0.00,7.00
78269.00,0.14,0.24,0.90,0.00,0.00,6.14,0.00,0.00,1190.74,-0.01,-0.00,-0.00,-0.00,0.00,0.00,5.00
78274.00,0.14,0.24,0.93,0.00,0.00,5.17,0.00,0.00,-194.01,-0.01,-0.00,-0.00,-0.00,0.00,0.00,6.00
78280.00,0.14,0.24,1.00,0.00,0.00,11.42,0.00,0.00,1041.02,-0.01,-0.00,-0.00,-0.00,-0.00,0.00,6.00
78290.00,0.14,0.24,0.92,0.00,0.00,-8.14,0.00,0.00,-1955.60,-0.01,-0.00,-0.00,-0.00,0.00,-0.00,16.00
78306.00,0.13,0.24,0.92,-0.05,0.00,0.09,-0.24,0.02,514.62,-0.01,-0.00,-0.00,0.00,-0.00,-0.00,8.00
78314.00,0.13,0.24,0.92,-0.05,0.00,0.38,-0.24,0.02,36.14,-0.01,-0.00,-0.00,0.00,-0.00,-0.00,8.00
78322.00,0.13,0.24,0.93,-0.05,0.00,1.11,-0.24,0.02,90.74,-0.01,-0.00,-0.00,-0.00,0.00,-0.00,6.00
78328.00,0.13,0.24,0.91,-0.05,0.00,-3.72,-0.24,0.02,-805.01,-0.01,-0.00,-0.00,-0.00,0.00,-0.00,6.00
78334.00,0.13,0.24,0.91,-0.05,0.00,0.49,-0.24,0.02,701.49,-0.01,-0.00,-0.00,0.00,0.01,0.00,9.00
78343.00,0.13,0.24,0.97,-0.05,0.00,6.50,-0.24,0.02,668.28,-0.01,-0.00,-0.00,0.00,0.01,-0.00,7.00
78350.00,0.13,0.24,0.93,-0.05,0.00,-5.76,-0.24,0.02,-1751.33,-0.01,-0.00,-0.00,0.00,0.00,0.00,6.00
78356.00,0.13,0.24,0.74,-0.05,0.00,-31.07,-0.24,0.02,-4219.37,-0.01,-0.00,-0.00,0.00,0.00,0.00,7.00
78363.00,0.13,0.24,0.90,-0.05,0.00,22.89,-0.24,0.02,7709.16,-0.01,-0.00,-0.00,0.00,0.00,0.00,8.00
78376.00,0.13,0.24,0.85,-0.05,0.00,-3.85,-0.24,0.02,-2057.06,-0.01,-0.00,-0.00,0.00,0.00,0.00,8.00
78384.00,0.13,0.24,0.91,-0.05,0.00,7.75,-0.24,0.02,1450.01,-0.01,-0.00,-0.00,0.00,0.01,-0.00,8.00
78392.00,0.13,0.24,0.87,-0.05,0.00,-6.16,-0.24,0.02,-1738.44,-0.01,-0.00,-0.00,0.00,-0.00,0.00,17.00
78409.00,0.13,0.24,0.88,-0.05,0.00,0.55,-0.24,0.02,394.75,-0.00,-0.00,-0.00,0.00,0.00,-0.00,6.00
78415.00,0.13,0.24,0.82,-0.05,0.00,-8.47,-0.24,0.02,-1503.63,-0.00,-0.00,-0.00,0.00,0.00,-0.00,8.00
78423.00,0.13,0.24,0.87,-0.05,0.00,6.23,-0.24,0.02,1837.16,-0.00,-0.00,-0.00,-0.00,0.01,-0.00,6.00
78429.00,0.13,0.24,0.83,-0.05,0.00,-7.82,-0.24,0.02,-2342.16,-0.00,-0.00,-0.00,0.00,0.00,-0.00,6.00
78435.00,0.13,0.24,0.91,-0.05,0.00,13.78,-0.24,0.02,3601.02,-0.00,-0.00,-0.00,0.00,0.00,-0.00,9.00
78444.00,0.13,0.24,0.85,-0.05,0.00,-7.04,-0.24,0.02,-2313.67,-0.00,-0.00,-0.00,-0.00,0.00,-0.00,7.00
78451.00,0.13,0.24,0.86,-0.05,0.00,2.60,-0.24,0.02,1377.82,-0.00,-0.00,-0.00,0.00,-0.00,0.00,7.00
78462.00,0.13,0.24,0.92,-0.05,0.00,5.46,-0.24,0.02,259.78,-0.00,-0.00,-0.00,0.00,0.00,-0.00,8.00
78470.00,0.13,0.24,0.87,-0.05,0.00,-7.36,-0.24,0.02,-1603.09,-0.00,-0.00,-0.00,0.00,0.00,-0.00,5.00
78475.00,0.13,0.24,0.95,-0.05,0.00,15.87,-0.24,0.02,4647.40,-0.00,-0.00,-0.00,0.00,0.00,-0.00,6.00
78481.00,0.13,0.24,0.89,-0.05,0.00,-9.84,-0.24,0.02,-4285.07,-0.00,-0.00,-0.00,0.00,-0.00,-0.00,5.00
78486.00,0.13,0.24,0.91,-0.05,0.00,4.10,-0.24,0.02,2787.20,-0.00,-0.00,-0.00,-0.00,-0.00,-0.00,18.00
78504.00,0.13,0.24,1.03,-0.05,0.00,6.82,-0.24,0.02,151.23,-0.00,-0.00,-0.00,0.00,-0.00,0.00,9.00
78513.00,0.13,0.24,0.89,0.00,0.00,-15.23,0.25,-0.02,-2450.57,-0.00,-0.00,-0.00,0.00,-0.00,0.00,6.00
78519.00,0.13,0.24,0.88,0.00,0.00,-2.17,0.25,-0.02,2177.55,-0.00,-0.00,-0.00,0.00,0.00,0.00,6.00
78525.00,0.13,0.24,0.92,0.00,0.00,7.38,0.25,-0.02,1590.80,-0.00,-0.00,-0.00,0.00,0.00,0.00,6.00
78531.00,0.13,0.24,0.89,0.00,0.00,-4.86,0.25,-0.02,-2039.63,-0.00,-0.00,-0.00,0.00,0.00,-0.00,6.00
78542.00,0.13,0.24,0.91,0.00,0.00,1.87,0.25,-0.02,612.16,-0.00,-0.00,-0.00,0.00,-0.00,0.00,6.00
78548.00,0.13,0.24,0.83,0.00,0.00,-14.64,0.25,-0.02,-2752.06,-0.00,-0.00,-0.00,0.00,-0.00,-0.00,7.00
78555.00,0.13,0.24,0.90,0.00,0.00,10.30,0.25,-0.02,3562.33,-0.00,-0.00,-0.00,0.00,-0.00,-0.00,9.00
78564.00,0.13,0.24,0.84,0.00,0.00,-6.75,0.25,-0.02,-1893.42,-0.00,-0.00,-0.00,0.00,-0.01,0.00,7.00
78571.00,0.13,0.24,0.88,0.00,0.00,6.06,0.25,-0.02,1828.67,-0.00,-0.00,-0.00,0.01,-0.00,-0.00,6.00
78577.00,0.13,0.24,0.92,0.00,0.00,6.43,0.25,-0.02,63.05,-0.00,-0.00,-0.00,0.01,-0.00,-0.00,6.00
78583.00,0.13,0.24,0.84,0.00,0.00,-12.96,0.25,-0.02,-3231.69,-0.00,-0.00,-0.00,0.00,0.00,0.00,8.00
78591.00,0.13,0.24,0.88,0.00,0.00,4.28,0.25,-0.02,2154.71,-0.00,-0.00,-0.00,0.00,-0.00,0.00,6.00
78597.00,0.13,0.24,0.84,0.00,0.00,-5.45,0.25,-0.02,-1622.05,-0.00,-0.00,-0.00,0.00,-0.00,0.00,17.00
78614.00,0.13,0.24,0.90,0.00,0.00,3.33,0.25,-0.02,516.42,-0.00,-0.00,-0.00,0.00,0.00,0.00,8.00
78627.00,0.13,0.24,0.88,0.00,0.00,-1.67,0.25,-0.02,-384.18,-0.00,-0.00,-0.00,-0.00,-0.00,-0.00,8.00
78635.00,0.13,0.24,0.91,0.00,0.00,3.94,0.25,-0.02,701.22,-0.00,-0.00,-0.00,-0.00,-0.00,-0.00,8.00
78643.00,0.13,0.24,0.97,0.00,0.00,7.34,0.25,-0.02,424.73,-0.00,-0.00,-0.00,0.00,-0.00,-0.01,7.00
78650.00,0.13,0.24,0.88,0.00,0.00,-12.64,0.25,-0.02,-2854.68,-0.00,-0.00,-0.00,0.00,-0.00,0.00,6.00
78656.00,0.13,0.24,0.89,0.00,0.00,0.83,0.25,-0.02,2245.68,-0.00,-0.00,-0.00,0.00,-0.00,0.00,8.00
78664.00,0.13,0.24,0.85,0.00,0.00,-4.12,0.25,-0.02,-618.88,-0.00,-0.00,-0.00,0.00,0.00,0.00,8.00
78672.00,0.13,0.24,0.86,0.00,0.00,1.22,0.25,-0.02,666.74,-0.00,-0.00,-0.00,0.00,0.00,0.00,6.00
78678.00,0.13,0.24,0.98,0.00,0.00,18.89,0.25,-0.02,2945.66,-0.00,-0.00,-0.00,0.00,0.00,0.00,6.00
78684.00,0.13,0.24,0.91,0.00,0.00,-10.85,0.25,-0.02,-4956.96,-0.00,-0.00,-0.00,-0.00,0.00,0.00,19.00
78703.00,0.13,0.24,0.85,0.00,0.00,-3.28,0.25,-0.02,398.60,-0.00,-0.00,-0.00,-0.00,0.00,-0.00,8.00
78721.00,0.13,0.24,0.83,0.00,0.00,-1.10,0.00,0.00,120.96,-0.00,-0.00,-0.00,0.00,-0.00,-0.00,6.00
78727.00,0.13,0.24,0.82,0.00,0.00,-1.53,0.00,0.00,-71.67,-0.00,-0.00,-0.00,0.00,-0.00,-0.00,7.00
78734.00,0.13,0.24,0.99,0.00,0.00,25.18,0.00,0.00,3815.58,-0.00,-0.00,-0.00,0.00,0.00,-0.00,8.00
78742.00,0.13,0.24,0.86,0.00,0.00,-16.92,0.00,0.00,-5262.00,-0.00,-0.00,-0.00,0.00,-0.01,0.00,5.00
78747.00,0.13,0.24,0.90,0.00,0.00,7.34,0.00,0.00,4852.22,-0.00,-0.00,-0.00,0.00,-0.01,0.00,8.00
78755.00,0.13,0.24,0.87,0.00,0.00,-3.14,0.00,0.00,-1310.86,-0.00,-0.00,-0.00,0.00,-0.00,0.01,8.00
78763.00,0.13,0.24,0.81,0.00,0.00,-7.70,0.00,0.00,-569.44,-0.00,-0.00,-0.00,0.00,-0.00,0.01,6.00
78769.00,0.13,0.24,0.85,0.00,0.00,6.16,0.00,0.00,2309.65,-0.00,-0.00,-0.00,-0.00,-0.00,0.01,6.00
78775.00,0.13,0.24,0.89,0.00,0.00,6.68,0.00,0.00,86.35,-0.00,-0.00,-0.00,-0.00,-0.00,0.01,6.00
78781.00,0.13,0.24,0.81,0.00,0.00,-12.65,0.00,0.00,-3221.88,-0.00,-0.00,-0.00,-0.00,0.00,0.00,6.00
78792.00,0.13,0.24,0.91,0.00,0.00,9.12,0.00,0.00,1979.15,-0.00,-0.00,-0.00,-0.00,0.00,-0.00,16.00
78808.00,0.13,0.24,0.86,0.00,0.00,-2.90,0.00,0.00,-750.76,-0.00,-0.00,-0.00,0.00,-0.00,-0.00,7.00
78815.00,0.13,0.24,0.86,0.00,0.00,-0.89,0.00,0.00,286.44,-0.00,-0.00,-0.00,0.00,0.00,-0.00,9.00
78824.00,0.13,0.24,0.92,0.00,0.00,6.44,0.00,0.00,814.99,-0.00,-0.00,-0.00,0.00,-0.00,0.00,6.00
78830.00,0.13,0.24,0.87,0.00,0.00,-8.05,0.00,0.00,-2415.86,-0.00,-0.00,-0.00,-0.00,-0.00,0.00,5.00
78835.00,0.13,0.24,0.83,0.00,0.00,-7.69,0.00,0.00,72.87,-0.00,-0.00,-0.00,-0.00,-0.00,0.00,9.00
78844.00,0.13,0.24,0.91,0.00,0.00,8.58,0.00,0.00,1807.48,-0.00,-0.00,-0.00,-0.00,-0.01,0.00,8.00
78852.00,0.13,0.24,0.83,0.00,0.00,-8.99,0.00,0.00,-2196.05,-0.00,-0.00,-0.00,0.00,-0.00,0.00,6.00
78858.00,0.13,0.24,0.91,0.00,0.00,13.31,0.00,0.00,3717.21,-0.00,-0.00,-0.00,0.00,-0.00,0.00,7.00
78865.00,0.13,0.24,0.91,0.00,0.00,0.01,0.00,0.00,-1900.54,-0.00,-0.00,-0.00,-0.00,-0.00,0.00,8.00
78878.00,0.13,0.24,0.94,0.00,0.00,1.93,0.00,0.00,147.85,-0.00,-0.00,-0.00,-0.00,-0.00,-0.00,18.00
78896.00,0.13,0.24,0.81,0.00,0.00,-7.03,0.00,0.00,-498.19,-0.00,-0.00,-0.00,0.00,0.00,-0.00,9.00
78905.00,0.13,0.24,1.04,0.00,0.00,25.08,0.00,0.00,3568.74,-0.00,-0.00,-0.00,0.00,-0.00,0.00,7.00
78912.00,0.13,0.24,0.86,0.00,0.00,-26.00,0.00,0.00,-7298.45,-0.00,-0.00,-0.00,0.00,0.00,0.00,6.00
78918.00,0.13,0.24,0.82,0.00,0.00,-5.57,0.00,0.00,3405.69,-0.00,-0.00,-0.00,0.00,0.00,0.00,7.00
78925.00,0.13,0.24,0.94,0.00,0.00,16.38,0.00,0.00,3135.42,-0.00,-0.00,-0.00,0.00,0.00,0.00,6.00
78931.00,0.13,0.24,1.03,0.00,0.00,16.05,0.00,0.00,-54.94,-0.00,-0.00,-0.00,0.00,0.00,0.00,5.00
78936.00,0.13,0.24,0.88,0.00,0.00,-30.45,0.00,0.00,-9300.00,-0.00,-0.00,-0.00,0.00,0.00,0.00,9.00
78945.00,0.13,0.24,0.94,0.00,0.00,6.63,0.00,0.00,4120.72,-0.00,-0.00,-0.00,0.00,0.00,0.00,7.00
78952.00,0.13,0.24,0.91,0.00,0.00,-4.56,0.00,0.00,-1598.64,-0.00,-0.00,-0.00,0.00,-0.00,0.00,6.00
78963.00,0.13,0.24,0.92,0.00,0.00,1.34,0.00,0.00,535.69,-0.00,-0.00,-0.00,0.00,0.00,0.00,6.00
78969.00,0.13,0.24,0.82,0.00,0.00,-17.48,0.00,0.00,-3136.65,-0.00,-0.00,-0.00,0.00,-0.00,-0.00,7.00
78976.00,0.13,0.24,0.92,0.00,0.00,14.79,0.00,0.00,4610.09,-0.00,-0.00,-0.00,-0.00,-0.00,-0.00,6.00
78982.00,0.13,0.24,0.86,0.00,0.00,-10.11,0.00,0.00,-4149.62,-0.00,-0.00,-0.00,0.00,-0.00,0.00,5.00
78987.00,0.13,0.24,0.99,0.00,0.00,26.12,0.00,0.00,7246.76,-0.00,-0.00,-0.00,0.00,-0.00,0.00,18.00
79005.00,0.13,0.24,0.84,0.00,0.00,-8.70,0.00,0.00,-1934.52,-0.00,-0.00,-0.00,0.00,0.00,0.00,8.00
79013.00,0.13,0.24,0.96,0.00,0.00,14.80,0.00,0.00,2937.06,-0.00,-0.00,-0.00,0.00,0.00,0.00,6.00
79019.00,0.13,0.24,0.87,0.00,0.00,-14.55,0.00,0.00,-4890.77,-0.00,-0.00,-0.00,-0.00,0.00,0.00,8.00
79027.00,0.13,0.24,1.01,0.00,0.00,17.82,0.00,0.00,4045.89,-0.00,-0.00,-0.00,-0.00,-0.00,-0.00,5.00
79032.00,0.13,0.24,0.99,0.00,0.00,-4.27,0.00,0.00,-4417.74,-0.00,-0.00,-0.00,0.00,0.00,-0.00,6.00
79042.00,0.13,0.24,0.87,0.00,0.00,-12.07,0.00,0.00,-780.11,-0.00,-0.00,-0.00,0.00,0.00,-0.00,7.00
79049.00,0.13,0.24,0.90,0.00,0.00,4.32,0.00,0.00,2341.35,-0.00,-0.00,-0.00,0.00,0.00,-0.00,7.00
79056.00,0.13,0.24,0.85,0.00,0.00,-7.48,0.00,0.00,-1685.58,-0.00,-0.00,-0.00,0.00,0.00,-0.00,8.00
79064.00,0.13,0.24,0.97,0.00,0.00,14.89,0.00,0.00,2795.89,-0.00,-0.00,-0.00,0.00,0.00,-0.00,7.00
79071.00,0.13,0.24,0.86,0.00,0.00,-14.43,0.00,0.00,-4189.01,-0.00,-0.00,-0.00,0.00,0.00,0.00,7.00
79078.00,0.13,0.24,0.89,0.00,0.00,3.72,0.00,0.00,2592.92,-0.00,-0.00,-0.00,0.00,0.00,0.00,7.00
79085.00,0.13,0.24,0.89,0.00,0.00,0.41,0.00,0.00,-472.16,-0.00,-0.00,-0.00,-0.00,0.00,0.00,17.00
79102.00,0.13,0.24,0.89,0.00,0.00,0.01,0.00,0.00,-23.43,-0.00,-0.00,-0.00,0.00,-0.00,0.00,6.00
79108.00,0.13,0.24,0.92,0.00,0.00,3.65,0.00,0.00,606.23,-0.00,-0.00,-0.00,-0.00,-0.00,-0.00,7.00
79115.00,0.13,0.24,0.91,0.00,0.00,-0.51,0.00,0.00,-594.47,-0.00,-0.00,-0.00,-0.00,0.00,-0.00,9.00
79128.00,0.14,0.23,1.03,0.05,-0.04,8.90,0.27,-0.21,724.11,-0.00,-0.00,-0.00,-0.00,-0.00,-0.00,8.00
79136.00,0.14,0.23,0.87,0.05,-0.04,-19.35,0.27,-0.21,-3531.58,-0.00,-0.00,-0.00,0.00,-0.00,-0.00,9.00
79145.00,0.14,0.23,0.91,0.05,-0.04,3.79,0.27,-0.21,2571.45,-0.00,-0.00,-0.00,0.00,-0.01,-0.00,7.00
79152.00,0.14,0.23,0.83,0.05,-0.04,-11.43,0.27,-0.21,-2175.28,-0.00,-0.00,-0.00,0.00,-0.00,0.00,6.00
79158.00,0.14,0.23,0.89,0.05,-0.04,10.51,0.27,-0.21,3657.75,-0.00,-0.00,-0.00,0.00,-0.00,0.00,7.00
79165.00,0.14,0.23,0.93,0.05,-0.04,6.00,0.27,-0.21,-643.90,-0.00,-0.00,-0.00,-0.00,-0.00,0.00,8.00
79173.00,0.14,0.23,0.77,0.05,-0.04,-20.51,0.27,-0.21,-3314.88,-0.00,-0.00,-0.00,-0.00,-0.00,0.00,6.00
79179.00,0.14,0.23,0.86,0.05,-0.04,15.29,0.27,-0.21,5967.32,-0.00,-0.00,-0.00,-0.00,-0.00,0.00,17.00
79196.00,0.14,0.23,0.90,0.05,-0.04,2.58,0.27,-0.21,-747.34,-0.00,-0.00,-0.00,0.00,0.00,0.00,8.00
79204.00,0.14,0.23,0.89,0.05,-0.04,-2.28,0.27,-0.21,-608.24,-0.00,-0.00,-0.00,0.00,0.00,-0.00,5.00
79213.00,0.14,0.23,0.97,0.05,-0.04,9.83,0.27,-0.21,1346.18,-0.00,-0.00,-0.00,0.00,-0.00,0.00,7.00
79220.00,0.14,0.23,0.88,0.05,-0.04,-13.39,0.27,-0.21,-3318.30,-0.00,-0.00,-0.00,0.00,-0.00,-0.00,7.00
79227.00,0.14,0.23,0.93,0.05,-0.04,7.69,0.27,-0.21,3012.27,-0.00,-0.00,-0.00,0.00,0.00,-0.00,5.00
79232.00,0.14,0.23,0.94,0.05,-0.04,2.11,0.27,-0.21,-1116.69,-0.00,-0.00,-0.00,0.00,-0.00,0.00,6.00
79238.00,0.14,0.23,0.87,0.05,-0.04,-12.16,0.27,-0.21,-2377.33,-0.00,-0.00,-0.00,0.00,-0.00,0.00,8.00
79246.00,0.14,0.23,0.88,0.05,-0.04,0.90,0.27,-0.21,1632.22,-0.00,-0.00,-0.00,0.00,0.00,0.00,9.00
79255.00,0.14,0.23,0.93,0.05,-0.04,5.81,0.27,-0.21,545.85,-0.00,-0.00,-0.00,0.00,0.00,0.00,7.00
79262.00,0.14,0.23,0.93,0.05,-0.04,-0.11,0.27,-0.21,-845.83,-0.00,-0.00,-0.00,0.00,0.00,0.00,5.00
79267.00,0.14,0.23,0.88,0.05,-0.04,-10.08,0.27,-0.21,-1993.84,-0.00,-0.00,-0.00,0.00,0.00,0.00,9.00
79276.00,0.14,0.23,0.88,0.05,-0.04,-0.31,0.27,-0.21,1085.44,-0.00,-0.00,-0.00,-0.00,0.01,-0.00,5.00
79286.00,0.14,0.23,0.87,0.05,-0.04,-0.86,0.27,-0.21,-55.02,-0.00,-0.00,-0.00,0.00,0.00,-0.00,9.00
79295.00,0.14,0.23,0.75,0.05,-0.04,-13.63,0.27,-0.21,-1419.55,-0.00,-0.00,-0.00,-0.00,0.00,-0.00,6.00
79301.00,0.14,0.23,0.81,0.05,-0.04,11.43,0.27,-0.21,4177.76,-0.00,-0.00,-0.00,-0.00,-0.00,-0.00,17.00
79318.00,0.14,0.23,0.87,0.05,-0.04,3.14,0.27,-0.21,-487.90,-0.00,-0.00,-0.00,0.00,-0.00,0.00,9.00
79327.00,0.14,0.23,0.98,0.05,-0.04,12.52,0.27,-0.21,1042.55,-0.00,-0.00,-0.00,-0.00,-0.00,0.00,5.00
79332.00,0.14,0.23,0.90,0.00,0.00,-15.73,-0.27,0.21,-5651.58,-0.00,-0.00,-0.00,0.00,0.00,0.00,6.00
79338.00,0.14,0.23,0.87,0.00,0.00,-5.85,-0.27,0.21,1647.04,-0.00,-0.00,-0.00,0.00,0.00,0.00,8.00
79346.00,0.14,0.23,0.92,0.00,0.00,6.25,-0.27,0.21,1513.14,-0.00,-0.00,-0.00,0.00,0.00,0.00,8.00
79354.00,0.14,0.23,0.97,0.00,0.00,6.32,-0.27,0.21,8.19,-0.00,-0.00,-0.00,0.00,0.00,0.00,5.00
79359.00,0.14,0.23,0.96,0.00,0.00,-1.17,-0.27,0.21,-1496.59,-0.00,-0.00,-0.00,0.00,0.00,-0.00,8.00
79371.00,0.14,0.23,1.07,0.00,0.00,9.43,-0.27,0.21,882.62,-0.00,-0.00,-0.00,0.00,0.00,-0.00,8.00
79379.00,0.14,0.23,1.01,0.00,0.00,-8.34,-0.27,0.21,-2221.38,-0.00,-0.00,-0.00,0.00,-0.00,0.00,7.00
79386.00,0.14,0.23,0.94,0.00,0.00,-9.81,-0.27,0.21,-209.37,-0.00,-0.00,-0.00,-0.00,-0.00,-0.00,17.00
79403.00,0.14,0.23,0.89,0.00,0.00,-2.92,-0.27,0.21,405.08,-0.00,-0.00,-0.00,0.00,-0.00,0.00,6.00
79409.00,0.14,0.23,1.01,0.00,0.00,19.35,-0.27,0.21,3712.04,-0.00,-0.00,-0.00,0.00,-0.00,0.00,7.00
79416.00,0.14,0.23,0.91,0.00,0.00,-13.32,-0.27,0.21,-4666.37,-0.00,-0.00,-0.00,0.00,-0.00,0.00,9.00
79425.00,0.14,0.23,0.96,0.00,0.00,5.20,-0.27,0.21,2057.21,-0.00,-0.00,-0.00,0.00,0.00,-0.00,5.00
79430.00,0.14,0.23,0.88,0.00,0.00,-14.84,-0.27,0.21,-4008.59,-0.00,-0.00,-0.00,0.00,0.00,-0.00,7.00
79437.00,0.14,0.23,0.93,0.00,0.00,5.86,-0.27,0.21,2957.69,-0.00,-0.00,-0.00,-0.00,0.00,-0.00,7.00
79444.00,0.14,0.23,0.86,0.00,0.00,-9.61,-0.27,0.21,-2209.29,-0.00,-0.00,-0.00,-0.00,0.00,-0.00,6.00
79460.00,0.14,0.23,0.95,0.00,0.00,5.59,-0.27,0.21,949.98,-0.00,-0.00,-0.00,0.00,0.00,-0.00,8.00
79468.00,0.14,0.23,0.92,0.00,0.00,-3.46,-0.27,0.21,-1131.81,-0.00,-0.00,-0.00,0.00,0.00,-0.00,6.00
79474.00,0.14,0.23,0.94,0.00,0.00,4.05,-0.27,0.21,1252.39,-0.00,-0.00,-0.00,0.00,-0.00,0.00,6.00
79480.00,0.14,0.23,0.95,0.00,0.00,1.50,-0.27,0.21,-425.92,-0.00,-0.00,-0.00,0.00,-0.00,0.00,7.00
79487.00,0.14,0.23,0.91,0.00,0.00,-5.78,-0.27,0.21,-1039.36,-0.00,-0.00,-0.00,0.00,-0.00,0.00,18.00
79505.00,0.14,0.23,0.96,0.00,0.00,2.58,-0.27,0.21,464.20,-0.00,-0.00,-0.00,0.00,0.00,0.00,7.00
79512.00,0.14,0.23,0.81,0.00,0.00,-22.01,-0.27,0.21,-3511.99,-0.00,-0.00,-0.00,0.00,-0.00,0.00,6.00
79518.00,0.14,0.23,0.95,0.00,0.00,23.38,-0.27,0.21,7564.94,-0.00,-0.00,-0.00,0.00,-0.00,0.00,9.00
79527.00,0.14,0.23,0.82,0.00,0.00,-13.64,-0.27,0.21,-4113.93,-0.00,-0.00,-0.00,0.00,-0.00,0.00,5.00
79532.00,0.14,0.23,0.96,0.00,0.00,27.93,0.00,0.00,8314.24,-0.00,-0.00,-0.00,-0.00,-0.00,-0.00,6.00
79543.00,0.14,0.23,0.91,0.00,0.00,-4.41,0.00,0.00,-2940.02,-0.00,-0.00,-0.00,-0.00,-0.00,0.00,7.00
79550.00,0.14,0.23,0.96,0.00,0.00,7.12,0.00,0.00,1646.96,-0.00,-0.00,-0.00,-0.00,-0.00,0.00,7.00
79557.00,0.14,0.23,0.83,0.00,0.00,-19.64,0.00,0.00,-3822.21,-0.00,-0.00,-0.00,-0.00,0.00,-0.00,8.00
79565.00,0.14,0.23,0.87,0.00,0.00,6.01,0.00,0.00,3205.89,-0.00,-0.00,-0.00,0.00,-0.00,0.00,6.00
79571.00,0.14,0.23,0.92,0.00,0.00,7.10,0.00,0.00,182.40,-0.00,-0.00,-0.00,0.00,0.00,0.00,7.00
79578.00,0.14,0.23,0.99,0.00,0.00,10.06,0.00,0.00,422.35,-0.00,-0.00,-0.00,0.00,0.00,0.00,6.00
79584.00,0.14,0.23,0.90,0.00,0.00,-15.47,0.00,0.00,-4255.75,-0.00,-0.00,-0.00,0.00,-0.00,0.00,5.00
79589.00,0.14,0.23,0.97,0.00,0.00,14.95,0.00,0.00,6085.37,-0.00,-0.00,-0.00,-0.00,-0.00,0.00,8.00
79597.00,0.14,0.23,0.88,0.00,0.00,-11.44,0.00,0.00,-3298.94,-0.00,-0.00,-0.00,-0.00,-0.00,0.00,18.00
79615.00,0.14,0.23,0.89,0.00,0.00,0.49,0.00,0.00,662.50,-0.00,-0.00,-0.00,0.00,-0.00,-0.00,4.00
79624.00,0.14,0.23,0.98,0.00,0.00,10.48,0.00,0.00,1110.06,-0.00,-0.00,-0.00,0.00,-0.00,-0.00,6.00
79630.00,0.14,0.23,0.84,0.00,0.00,-23.38,0.00,0.00,-5642.51,-0.00,-0.00,-0.00,0.00,0.00,-0.00,6.00
79636.00,0.14,0.23,0.91,0.00,0.00,11.23,0.00,0.00,5768.51,-0.00,-0.00,-0.00,-0.00,0.00,0.00,8.00
79644.00,0.14,0.23,1.00,0.00,0.00,11.64,0.00,0.00,51.44,-0.00,-0.00,-0.00,0.00,0.00,0.00,5.00
79649.00,0.14,0.23,0.89,0.00,0.00,-22.44,0.00,0.00,-6817.47,-0.00,-0.00,-0.00,0.00,0.00,0.00,9.00
79658.00,0.14,0.23,0.97,0.00,0.00,8.49,0.00,0.00,3437.11,-0.00,-0.00,-0.00,0.00,0.00,0.00,8.00
79666.00,0.14,0.23,0.95,0.00,0.00,-2.62,0.00,0.00,-1388.69,-0.00,-0.00,-0.00,0.00,0.00,0.00,7.00
79673.00,0.14,0.23,0.94,0.00,0.00,-0.79,0.00,0.00,261.53,-0.00,-0.00,-0.00,0.00,-0.00,0.00,6.00
79679.00,0.14,0.23,0.92,0.00,0.00,-3.24,0.00,0.00,-408.80,-0.00,-0.00,-0.00,0.00,-0.00,0.00,16.00
79695.00,0.14,0.23,0.89,0.00,0.00,-1.98,0.00,0.00,78.50,-0.00,-0.00,-0.00,-0.00,0.00,0.00,5.00
79705.00,0.14,0.23,0.89,0.00,0.00,0.31,0.00,0.00,229.79,-0.00,-0.00,-0.00,0.00,0.00,-0.00,7.00
79712.00,0.14,0.23,0.89,0.00,0.00,-0.91,0.00,0.00,-174.66,-0.00,-0.00,-0.00,0.00,0.00,-0.00,6.00
79718.00,0.14,0.23,0.94,0.00,0.00,8.95,0.00,0.00,1643.36,-0.00,-0.00,-0.00,-0.00,-0.00,-0.00,10.00
79728.00,0.14,0.23,0.97,0.00,0.00,2.68,0.00,0.00,-626.98,-0.00,-0.00,-0.00,0.00,0.00,-0.00,5.00
79733.00,0.14,0.23,0.96,0.00,-0.04,-1.31,0.00,-0.19,-797.38,-0.00,-0.00,-0.00,0.00,0.00,-0.00,7.00
79740.00,0.14,0.23,0.90,0.00,-0.04,-7.80,0.00,-0.19,-927.19,-0.00,-0.00,-0.00,0.00,0.00,0.00,7.00
79747.00,0.14,0.23,0.90,0.00,-0.04,0.01,0.00,-0.19,1114.67,-0.00,-0.00,-0.00,0.00,0.00,0.00,8.00
79755.00,0.14,0.23,0.91,0.00,-0.04,1.28,0.00,-0.19,158.77,-0.00,-0.00,-0.00,0.00,0.00,-0.00,5.00
79760.00,0.14,0.23,1.01,0.00,-0.04,18.28,0.00,-0.19,3401.51,-0.00,-0.00,-0.00,0.00,0.00,-0.00,8.00
79768.00,0.14,0.23,0.99,0.00,-0.04,-2.44,0.00,-0.19,-2591.08,-0.00,-0.00,-0.00,0.00,0.00,0.00,9.00
79781.00,0.14,0.23,0.96,0.00,-0.04,-2.37,0.00,-0.19,6.08,-0.00,-0.00,-0.00,-0.00,-0.00,-0.00,18.00
79799.00,0.14,0.23,0.96,0.00,-0.04,-0.01,0.00,-0.19,130.97,-0.00,-0.00,-0.00,0.00,-0.00,-0.00,9.00
79808.00,0.14,0.23,0.99,0.00,-0.04,3.94,0.00,-0.19,438.80,-0.00,-0.00,-0.00,-0.00,0.00,-0.00,8.00
79816.00,0.14,0.23,1.00,0.00,-0.04,1.37,0.00,-0.19,-322.02,-0.00,-0.00,-0.00,0.00,-0.00,0.00,6.00
79822.00,0.14,0.23,0.89,0.00,-0.04,-19.33,0.00,-0.19,-3448.84,-0.00,-0.00,-0.00,0.00,-0.00,-0.00,6.00
79828.00,0.14,0.23,1.04,0.00,-0.04,26.20,0.00,-0.19,7588.39,-0.00,-0.00,-0.00,0.00,-0.00,-0.00,6.00
79834.00,0.14,0.23,0.98,0.00,-0.04,-9.97,0.00,-0.19,-6029.04,-0.00,-0.00,-0.00,0.00,0.00,-0.00,5.00
79839.00,0.14,0.23,0.99,0.00,-0.04,1.21,0.00,-0.19,2236.61,-0.00,-0.00,-0.00,0.00,0.00,-0.00,9.00
79848.00,0.14,0.23,1.12,0.00,-0.04,14.18,0.00,-0.19,1441.05,-0.00,-0.00,-0.00,-0.00,0.00,-0.00,8.00
79856.00,0.14,0.23,1.02,0.00,-0.04,-11.59,0.00,-0.19,-3221.30,-0.00,-0.00,-0.00,-0.00,0.00,0.00,5.00
79866.00,0.14,0.23,1.09,0.00,-0.04,6.21,0.00,-0.19,1780.32,-0.00,-0.00,-0.00,0.00,0.01,-0.00,7.00
79873.00,0.14,0.23,0.99,0.00,-0.04,-13.22,0.00,-0.19,-2776.70,-0.00,-0.00,-0.00,0.00,0.00,-0.00,6.00
79879.00,0.14,0.23,1.05,0.00,-0.04,9.14,0.00,-0.19,3726.76,-0.00,-0.00,-0.00,0.00,0.00,-0.00,16.00
79895.00,0.14,0.23,1.06,0.00,-0.04,0.90,0.00,-0.19,-515.11,-0.00,-0.00,-0.00,0.00,-0.00,-0.00,6.00
79901.00,0.14,0.23,1.03,0.00,-0.04,-5.19,0.00,-0.19,-1013.64,-0.00,-0.00,-0.00,0.00,-0.00,-0.00,7.00
79908.00,0.14,0.23,0.98,0.00,-0.04,-7.29,0.00,-0.19,-301.13,-0.00,-0.00,-0.00,0.00,-0.01,0.00,9.00
79917.00,0.14,0.23,0.98,0.00,-0.04,-0.62,0.00,-0.19,741.78,-0.00,-0.00,-0.00,-0.00,-0.01,-0.00,5.00
79922.00,0.14,0.23,1.13,0.00,-0.04,31.15,0.00,-0.19,6353.67,-0.00,-0.00,-0.00,-0.00,-0.01,0.00,8.00
79930.00,0.14,0.23,1.06,0.00,-0.04,-8.33,0.00,-0.19,-4935.21,-0.00,-0.00,-0.00,-0.00,-0.01,0.00,5.00
79935.00,0.16,0.22,1.04,0.06,-0.00,-5.55,0.27,0.17,556.55,-0.00,-0.00,-0.00,0.00,-0.00,0.00,5.00
79945.00,0.16,0.22,0.98,0.06,-0.00,-5.30,0.27,0.17,24.56,-0.00,-0.00,-0.00,0.00,0.00,0.00,7.00
79952.00,0.16,0.22,1.00,0.06,-0.00,1.73,0.27,0.17,1005.07,-0.00,-0.00,-0.00,0.00,0.00,0.00,7.00
79959.00,0.16,0.22,1.03,0.06,-0.00,4.50,0.27,0.17,395.28,-0.00,-0.00,-0.00,0.00,0.00,0.00,9.00
79968.00,0.16,0.22,0.98,0.06,-0.00,-5.74,0.27,0.17,-1137.46,-0.00,-0.00,-0.00,0.00,-0.00,0.00,7.00
79975.00,0.16,0.22,0.99,0.06,-0.00,1.95,0.27,0.17,1097.59,-0.00,-0.00,-0.00,0.00,0.01,-0.00,6.00
79981.00,0.16,0.22,0.98,0.06,-0.00,-0.85,0.27,0.17,-465.18,-0.00,-0.00,-0.00,0.00,0.01,-0.00,6.00
79987.00,0.16,0.22,1.00,0.06,-0.00,2.60,0.27,0.17,573.62,-0.00,-0.00,-0.00,-0.00,0.00,-0.00,17.00
80004.00,0.16,0.22,0.97,0.06,-0.00,-1.84,0.27,0.17,-260.87,-0.00,-0.00,-0.00,0.00,-0.00,0.00,6.00
80010.00,0.16,0.22,0.95,0.06,-0.00,-3.50,0.27,0.17,-276.49,-0.00,-0.00,-0.00,0.00,-0.00,0.00,8.00
80018.00,0.16,0.22,1.01,0.06,-0.00,7.46,0.27,0.17,1370.11,-0.00,-0.00,-0.00,0.00,-0.00,0.00,8.00
80030.00,0.16,0.22,1.03,0.06,-0.00,1.89,0.27,0.17,-464.72,-0.00,-0.00,-0.00,-0.00,0.00,0.00,8.00
80038.00,0.16,0.22,0.94,0.06,-0.00,-11.63,0.27,0.17,-1689.27,-0.00,-0.00,-0.00,-0.00,0.00,0.00,8.00
80046.00,0.16,0.22,0.94,0.06,-0.00,0.61,0.27,0.17,1530.15,-0.00,-0.00,-0.00,0.00,-0.00,0.00,6.00
80052.00,0.16,0.22,1.03,0.06,-0.00,14.89,0.27,0.17,2378.62,-0.00,-0.00,-0.00,0.00,0.00,0.00,4.00
80056.00,0.16,0.22,1.08,0.06,-0.00,11.73,0.27,0.17,-788.70,-0.00,-0.00,-0.00,0.00,0.00,0.00,4.00
80060.00,0.16,0.22,0.91,0.06,-0.00,-41.10,0.27,0.17,-13207.53,-0.00,-0.00,-0.00,0.00,0.00,0.00,8.00
80068.00,0.16,0.22,0.99,0.06,-0.00,9.97,0.27,0.17,6383.42,-0.00,-0.00,-0.00,0.00,0.00,-0.00,8.00
80076.00,0.16,0.22,0.93,0.06,-0.00,-8.46,0.27,0.17,-2303.77,-0.00,-0.00,-0.00,0.00,-0.00,0.00,6.00
80082.00,0.16,0.22,1.01,0.06,-0.00,13.24,0.27,0.17,3617.18,-0.00,-0.00,-0.00,-0.00,-0.00,0.00,7.00
80089.00,0.16,0.22,1.02,0.06,-0.00,2.27,0.27,0.17,-1566.99,-0.00,-0.00,-0.00,-0.00,0.00,0.00,19.00
80117.00,0.16,0.22,0.99,0.06,-0.00,-1.15,0.27,0.17,-122.32,-0.00,-0.00,-0.00,0.00,-0.00,0.00,8.00
80125.00,0.16,0.22,1.00,0.06,-0.00,1.92,0.27,0.17,384.68,-0.00,-0.00,-0.00,0.00,0.00,0.00,5.00
80130.00,0.16,0.22,0.93,0.06,-0.00,-15.81,0.27,0.17,-3547.80,-0.00,-0.00,-0.00,0.00,0.00,0.00,6.00
80136.00,0.16,0.22,1.01,0.00,0.00,14.83,-0.27,0.02,5107.32,-0.00,-0.00,-0.00,0.00,0.00,0.00,5.00
80142.00,0.16,0.22,0.95,0.00,0.00,-11.10,-0.27,0.02,-4321.84,-0.00,-0.00,-0.00,-0.00,0.00,-0.00,7.00
80149.00,0.16,0.22,0.96,0.00,0.00,1.40,-0.27,0.02,1786.36,-0.00,-0.00,-0.00,-0.00,0.00,-0.00,9.00
80158.00,0.16,0.22,0.95,0.00,0.00,-1.35,-0.27,0.02,-306.36,-0.00,-0.00,-0.00,-0.00,-0.00,0.00,7.00
80165.00,0.16,0.22,0.92,0.00,0.00,-3.02,-0.27,0.02,-238.05,-0.00,-0.00,-0.00,-0.00,-0.00,-0.00,5.00
80170.00,0.16,0.22,0.90,0.00,0.00,-5.82,-0.27,0.02,-558.88,-0.00,-0.00,-0.00,0.00,-0.00,-0.00,9.00
80179.00,0.16,0.22,0.92,0.00,0.00,2.89,-0.27,0.02,967.31,-0.00,-0.00,-0.00,0.00,-0.01,-0.00,5.00
80189.00,0.16,0.22,0.80,0.00,0.00,-12.41,-0.27,0.02,-1530.09,-0.00,-0.00,-0.00,0.00,-0.01,-0.00,20.00
80209.00,0.16,0.22,0.83,0.00,0.00,1.76,-0.27,0.02,708.46,-0.00,-0.00,-0.00,0.00,-0.00,0.00,9.00
80218.00,0.16,0.22,0.95,0.00,0.00,12.92,-0.27,0.02,1240.65,-0.00,-0.00,-0.00,0.00,0.00,0.00,7.00
80225.00,0.16,0.22,0.90,0.00,0.00,-7.41,-0.27,0.02,-2905.64,-0.00,-0.00,-0.00,-0.00,0.00,-0.00,6.00
80231.00,0.16,0.22,0.93,0.00,0.00,4.79,-0.27,0.02,2033.37,-0.00,-0.00,-0.00,-0.00,0.00,-0.00,7.00
80238.00,0.16,0.22,0.89,0.00,0.00,-4.76,-0.27,0.02,-1363.03,-0.00,-0.00,-0.00,0.00,0.00,-0.00,7.00
80245.00,0.16,0.22,0.95,0.00,0.00,8.60,-0.27,0.02,1908.39,-0.00,-0.00,-0.00,0.00,0.00,-0.01,6.00
80251.00,0.16,0.22,0.97,0.00,0.00,2.30,-0.27,0.02,-1050.23,-0.00,-0.00,-0.00,0.00,0.00,-0.01,8.00
80259.00,0.16,0.22,0.90,0.00,0.00,-8.70,-0.27,0.02,-1375.22,-0.00,-0.00,-0.01,0.00,0.00,-0.01,8.00
80267.00,0.16,0.22,0.98,0.00,0.00,10.90,-0.27,0.02,2450.00,-0.00,-0.00,-0.01,0.00,0.00,-0.00,7.00
80279.00,0.16,0.22,1.04,0.00,0.00,4.68,-0.27,0.02,-518.40,-0.00,-0.00,-0.01,0.00,-0.00,0.00,6.00
80285.00,0.16,0.22,0.93,0.00,0.00,-17.61,-0.27,0.02,-3714.49,-0.00,-0.00,-0.01,0.00,-0.01,0.00,6.00
80291.00,0.16,0.22,0.97,0.00,0.00,6.43,-0.27,0.02,4006.17,-0.00,-0.00,-0.01,0.00,-0.01,0.00,18.00
80309.00,0.16,0.22,1.01,0.00,0.00,2.03,-0.27,0.02,-244.21,-0.00,-0.00,-0.01,0.00,-0.00,-0.00,8.00
80317.00,0.16,0.22,0.96,0.00,0.00,-6.58,-0.27,0.02,-1077.00,-0.00,-0.00,-0.01,0.00,-0.00,-0.00,5.00
80322.00,0.16,0.22,0.99,0.00,0.00,5.96,-0.27,0.02,2508.18,-0.00,-0.00,-0.01,0.00,0.00,-0.00,8.00
80330.00,0.16,0.22,1.01,0.00,0.00,3.21,-0.27,0.02,-343.56,-0.00,-0.00,-0.01,0.00,0.01,-0.00,5.00
80335.00,0.16,0.22,0.95,0.00,0.00,-13.34,-0.27,0.02,-3309.96,-0.00,-0.00,-0.01,-0.00,0.00,-0.00,7.00
80342.00,0.16,0.22,1.02,0.00,0.00,10.58,0.00,0.00,3417.09,-0.00,-0.00,-0.01,0.00,0.00,-0.00,7.00
80349.00,0.16,0.22,1.00,0.00,0.00,-3.31,0.00,0.00,-1984.87,-0.00,-0.00,-0.01,0.00,0.01,-0.00,9.00
80362.00,0.16,0.22,1.08,0.00,0.00,6.50,0.00,0.00,755.27,-0.00,-0.00,-0.01,0.01,0.01,0.00,9.00
80371.00,0.16,0.22,1.00,0.00,0.00,-8.69,0.00,0.00,-1688.48,-0.00,-0.00,-0.01,0.00,0.00,0.01,8.00
80379.00,0.16,0.22,0.98,0.00,0.00,-3.11,0.00,0.00,697.82,-0.00,-0.00,-0.01,0.00,-0.00,0.00,16.00
80395.00,0.16,0.22,1.01,0.00,0.00,1.97,0.00,0.00,317.46,-0.00,-0.00,-0.01,-0.00,-0.00,-0.00,6.00
80401.00,0.16,0.22,1.06,0.00,0.00,8.77,0.00,0.00,1133.75,-0.00,-0.00,-0.01,0.00,-0.00,-0.00,8.00
80409.00,0.16,0.22,1.02,0.00,0.00,-5.33,0.00,0.00,-1763.03,-0.00,-0.00,-0.01,0.00,-0.00,-0.01,8.00
80417.00,0.16,0.22,0.95,0.00,0.00,-8.47,0.00,0.00,-392.39,-0.00,-0.00,-0.01,0.00,-0.00,-0.01,6.00
80423.00,0.16,0.22,1.03,0.00,0.00,12.82,0.00,0.00,3549.33,-0.00,-0.00,-0.01,0.00,-0.00,-0.00,7.00
80430.00,0.16,0.22,1.20,0.00,0.00,24.72,0.00,0.00,1699.46,-0.00,-0.00,-0.01,0.00,-0.01,-0.00,6.00
80436.00,0.16,0.22,1.08,0.00,0.00,-20.44,0.00,0.00,-7526.89,-0.00,-0.00,-0.01,-0.00,-0.00,0.00,6.00
80447.00,0.16,0.22,0.97,0.00,0.00,-9.88,0.00,0.00,960.19,-0.00,-0.00,-0.01,-0.01,-0.00,0.00,6.00
80453.00,0.16,0.22,0.99,0.00,0.00,2.74,0.00,0.00,2102.96,-0.00,-0.00,-0.01,-0.01,-0.00,0.00,7.00
80460.00,0.16,0.22,1.05,0.00,0.00,8.68,0.00,0.00,847.98,-0.00,-0.00,-0.01,-0.01,0.00,0.00,9.00
80469.00,0.16,0.22,1.05,0.00,0.00,0.11,0.00,0.00,-951.45,-0.00,-0.00,-0.01,-0.00,0.00,-0.00,8.00
80477.00,0.16,0.22,0.99,0.00,0.00,-6.86,0.00,0.00,-871.70,-0.00,-0.00,-0.01,0.00,-0.01,-0.01,5.00
80482.00,0.16,0.22,0.98,0.00,0.00,-2.28,0.00,0.00,916.66,-0.00,-0.00,-0.01,0.00,-0.01,-0.01,7.00
80489.00,0.16,0.22,1.08,0.00,0.00,14.35,0.00,0.00,2374.74,-0.00,-0.00,-0.01,-0.00,-0.01,-0.00,18.00
80507.00,0.16,0.22,1.02,0.00,0.00,-3.55,0.00,0.00,-994.17,-0.00,-0.00,-0.01,0.00,0.00,0.00,5.00
80512.00,0.16,0.22,0.99,0.00,0.00,-5.03,0.00,0.00,-295.06,-0.00,-0.00,-0.01,0.00,0.00,0.00,8.00
80520.00,0.16,0.22,1.06,0.00,0.00,8.86,0.00,0.00,1735.11,-0.00,-0.00,-0.01,0.00,0.01,0.00,8.00
80533.00,0.16,0.22,0.89,0.00,0.00,-13.41,0.00,0.00,-1712.43,-0.00,-0.00,-0.01,0.00,0.01,0.01,7.00
80540.00,0.16,0.22,0.93,0.00,0.00,5.48,0.00,0.00,2698.32,-0.00,-0.00,-0.01,-0.00,0.02,0.00,8.00
80548.00,0.16,0.22,0.97,0.00,-0.04,5.37,0.00,-0.18,-14.42,-0.00,-0.00,-0.01,0.00,0.01,0.01,6.00
80554.00,0.16,0.22,1.05,0.00,-0.04,12.40,0.00,-0.18,1172.39,-0.00,-0.00,-0.01,0.00,0.01,0.01,6.00
80560.00,0.16,0.22,1.00,0.00,-0.04,-7.55,0.00,-0.18,-3324.39,-0.00,-0.00,-0.01,0.00,0.01,0.01,9.00
80569.00,0.16,0.22,1.07,0.00,-0.04,7.95,0.00,-0.18,1721.27,-0.00,-0.00,-0.01,0.00,0.00,0.00,8.00
80577.00,0.16,0.22,1.10,0.00,-0.04,3.41,0.00,-0.18,-567.57,-0.00,-0.00,-0.01,0.00,0.00,0.00,6.00
80583.00,0.16,0.22,1.01,0.00,-0.04,-14.46,0.00,-0.18,-2977.71,-0.00,-0.00,-0.01,0.00,0.00,0.00,7.00
80590.00,0.16,0.22,1.31,0.00,-0.04,41.89,0.00,-0.18,8050.38,-0.00,-0.00,-0.01,0.00,-0.00,0.00,3.00
80593.00,0.16,0.22,1.00,0.00,-0.04,-102.64,0.00,-0.18,-48178.19,-0.00,-0.00,-0.01,0.00,-0.00,0.00,17.00
80615.00,0.16,0.22,0.91,0.00,-0.04,-3.90,0.00,-0.18,4488.40,-0.00,-0.00,-0.00,-0.00,-0.00,0.00,7.00
80622.00,0.16,0.22,1.01,0.00,-0.04,13.65,0.00,-0.18,2506.61,-0.00,-0.00,-0.00,-0.00,-0.00,0.00,8.00
80630.00,0.16,0.22,0.98,0.00,-0.04,-2.87,0.00,-0.18,-2064.31,-0.00,-0.00,-0.00,-0.00,-0.00,0.00,6.00
80636.00,0.16,0.22,0.98,0.00,-0.04,-1.57,0.00,-0.18,215.67,-0.00,-0.00,-0.00,-0.01,-0.00,0.00,5.00
80641.00,0.16,0.22,1.00,0.00,-0.04,5.79,0.00,-0.18,1471.42,-0.00,-0.00,-0.00,-0.01,0.00,0.00,9.00
80650.00,0.16,0.22,1.03,0.00,-0.04,3.34,0.00,-0.18,-271.86,-0.00,-0.00,-0.00,-0.01,-0.00,0.00,7.00
80657.00,0.16,0.22,1.02,0.00,-0.04,-2.14,0.00,-0.18,-781.96,-0.00,-0.00,-0.00,-0.01,0.00,-0.00,6.00
80663.00,0.16,0.22,1.03,0.00,-0.04,1.14,0.00,-0.18,545.34,-0.00,-0.00,-0.00,-0.00,0.00,-0.00,7.00
80670.00,0.16,0.22,1.08,0.00,-0.04,8.04,0.00,-0.18,986.78,-0.00,-0.00,-0.00,-0.00,0.00,0.00,8.00
80678.00,0.16,0.22,1.04,0.00,-0.04,-5.74,0.00,-0.18,-1722.88,-0.00,-0.00,-0.00,-0.00,0.00,0.00,6.00
80688.00,0.16,0.22,1.01,0.00,-0.04,-2.76,0.00,-0.18,298.01,-0.00,-0.00,-0.00,-0.00,-0.00,0.00,16.00
80704.00,0.16,0.22,1.09,0.00,-0.04,5.30,0.00,-0.18,503.72,-0.00,-0.00,-0.00,-0.00,-0.00,0.00,8.00
80712.00,0.16,0.22,0.91,0.00,-0.04,-22.61,0.00,-0.18,-3489.48,-0.00,-0.00,-0.00,-0.00,-0.00,0.00,8.00
80720.00,0.16,0.22,1.05,0.00,-0.04,16.61,0.00,-0.18,4903.26,-0.00,-0.00,-0.00,0.00,0.00,0.00,7.00
80727.00,0.16,0.22,0.98,0.00,-0.04,-9.92,0.00,-0.18,-3790.85,-0.00,-0.00,-0.00,0.00,0.01,0.00,5.00
80732.00,0.16,0.22,0.99,0.00,-0.04,3.22,0.00,-0.18,2628.41,-0.00,-0.00,-0.00,0.00,0.01,0.00,6.00
80738.00,0.16,0.22,1.01,0.00,-0.04,2.55,0.00,-0.18,-111.21,-0.00,-0.00,-0.00,0.00,0.01,0.00,5.00
80743.00,0.16,0.22,1.03,0.00,-0.04,3.71,0.00,-0.18,231.82,-0.00,-0.00,-0.00,0.00,0.01,0.00,8.00
80751.00,0.16,0.22,0.93,0.00,0.00,-11.73,0.00,0.18,-1929.36,-0.00,-0.00,-0.00,0.00,0.01,0.00,8.00
80759.00,0.16,0.22,0.92,0.00,0.00,-1.38,0.00,0.18,1292.71,-0.00,-0.00,-0.00,0.00,0.01,0.00,6.00
80775.00,0.16,0.22,1.04,0.00,0.00,7.64,0.00,0.18,564.06,-0.00,-0.00,-0.00,0.00,0.00,0.00,8.00
80783.00,0.16,0.22,0.92,0.00,0.00,-14.97,0.00,0.18,-2826.03,-0.00,-0.00,-0.00,0.00,0.00,0.00,6.00
80789.00,0.16,0.22,0.93,0.00,0.00,1.64,0.00,0.18,2767.92,-0.00,-0.00,-0.00,0.00,-0.01,0.00,16.00
80805.00,0.16,0.22,0.97,0.00,0.00,2.16,0.00,0.18,32.32,-0.00,-0.00,-0.00,-0.00,-0.01,-0.00,7.00
80812.00,0.16,0.22,0.98,0.00,0.00,1.12,0.00,0.18,-148.04,-0.00,-0.00,-0.00,-0.00,-0.01,-0.00,8.00
80820.00,0.16,0.22,0.96,0.00,0.00,-1.52,0.00,0.18,-330.28,-0.00,-0.00,-0.00,0.00,-0.00,0.00,8.00
80828.00,0.16,0.22,1.02,0.00,0.00,7.23,0.00,0.18,1093.85,-0.00,-0.00,-0.00,-0.00,-0.00,0.00,5.00
80833.00,0.16,0.22,0.88,0.00,0.00,-28.01,0.00,0.18,-7047.28,-0.00,-0.00,-0.00,-0.00,-0.00,0.00,6.00
80839.00,0.16,0.22,0.98,0.00,0.00,16.46,0.00,0.18,7410.81,-0.00,-0.00,-0.00,-0.00,0.00,-0.00,5.00
80844.00,0.16,0.22,0.99,0.00,0.00,1.93,0.00,0.18,-2905.09,-0.00,-0.00,-0.00,-0.00,0.00,0.00,8.00
80856.00,0.16,0.22,0.99,0.00,0.00,-0.41,0.00,0.18,-194.83,-0.00,-0.00,-0.00,-0.00,0.00,0.00,7.00
80863.00,0.16,0.22,0.97,0.00,0.00,-2.78,0.00,0.18,-339.12,-0.00,-0.00,-0.00,-0.00,0.00,0.00,8.00
80871.00,0.16,0.22,1.06,0.00,0.00,11.35,0.00,0.18,1765.70,-0.00,-0.00,-0.00,0.00,0.00,0.00,7.00
80878.00,0.16,0.22,0.96,0.00,0.00,-13.70,0.00,0.18,-3578.56,-0.00,-0.00,-0.00,0.00,-0.00,0.00,6.00
80884.00,0.16,0.22,1.07,0.00,0.00,18.24,0.00,0.18,5324.35,-0.00,-0.00,-0.00,0.00,-0.00,0.00,17.00
80901.00,0.16,0.22,1.00,0.00,0.00,-3.96,0.00,0.18,-1305.83,-0.00,-0.00,-0.00,0.00,-0.01,0.00,7.00
80908.00,0.16,0.22,1.01,0.00,0.00,1.03,0.00,0.18,711.98,-0.00,-0.00,-0.00,-0.00,-0.01,0.00,5.00
80913.00,0.16,0.22,0.90,0.00,0.00,-22.03,0.00,0.18,-4611.44,-0.00,-0.00,-0.00,-0.00,-0.01,0.00,8.00
80921.00,0.16,0.22,1.00,0.00,0.00,12.37,0.00,0.18,4299.69,-0.00,-0.00,-0.00,-0.00,-0.00,0.00,9.00
80930.00,0.16,0.22,0.97,0.00,0.00,-3.51,0.00,0.18,-1763.77,-0.00,-0.00,-0.00,-0.00,0.00,0.00,5.00
80940.00,0.16,0.22,1.02,0.00,0.00,4.83,0.00,0.18,833.70,-0.00,-0.00,-0.00,-0.00,0.01,0.00,7.00
80947.00,0.16,0.22,0.91,0.00,0.00,-14.69,0.00,0.18,-2789.34,-0.00,-0.00,-0.00,-0.00,0.01,0.00,6.00
80953.00,0.16,0.22,0.95,0.00,0.00,6.38,0.00,0.00,3511.89,-0.00,-0.00,-0.00,-0.00,0.01,0.00,9.00
80962.00,0.16,0.22,1.00,0.00,0.00,5.36,0.00,0.00,-113.12,-0.00,-0.00,-0.00,-0.00,0.01,0.00,8.00
80970.00,0.16,0.22,1.05,0.00,0.00,6.75,0.00,0.00,173.66,-0.00,-0.00,-0.00,-0.00,0.00,0.00,5.00
80975.00,0.16,0.22,1.06,0.00,0.00,0.71,0.00,0.00,-1208.00,-0.00,-0.00,-0.00,-0.00,-0.00,0.00,7.00
80982.00,0.16,0.22,1.03,0.00,0.00,-3.36,0.00,0.00,-580.65,-0.00,-0.00,-0.00,-0.00,-0.00,0.00,16.00
80998.00,0.16,0.22,0.95,0.00,0.00,-5.43,0.00,0.00,-129.40,-0.00,-0.00,-0.00,-0.00,-0.00,0.00,5.00
81003.00,0.16,0.22,1.02,0.00,0.00,13.90,0.00,0.00,3864.91,-0.00,-0.00,-0.00,-0.00,-0.00,0.01,8.00
81011.00,0.16,0.22,0.99,0.00,0.00,-3.02,0.00,0.00,-2114.44,-0.00,-0.00,-0.00,-0.00,-0.01,0.01,8.00
81023.00,0.16,0.22,0.96,0.00,0.00,-2.69,0.00,0.00,27.18,-0.00,-0.00,-0.00,-0.00,-0.01,0.01,9.00
81032.00,0.16,0.22,0.98,0.00,0.00,2.02,0.00,0.00,524.07,-0.00,-0.00,-0.00,-0.00,-0.00,0.01,6.00
81038.00,0.16,0.22,0.99,0.00,0.00,1.68,0.00,0.00,-58.07,-0.00,-0.00,-0.00,-0.00,0.01,0.00,6.00
81044.00,0.16,0.22,1.01,0.00,0.00,3.84,0.00,0.00,360.83,-0.00,-0.00,-0.00,-0.00,0.01,0.00,7.00
81051.00,0.16,0.22,0.92,0.00,0.00,-12.27,0.00,0.00,-2300.97,-0.00,-0.00,-0.00,-0.00,0.01,-0.00,7.00
81058.00,0.16,0.22,0.96,0.00,0.00,4.84,0.00,0.00,2443.01,-0.00,-0.00,-0.00,-0.00,0.01,-0.00,6.00
81064.00,0.16,0.22,0.95,0.00,0.00,-2.04,0.00,0.00,-1145.94,-0.00,-0.00,-0.00,-0.00,0.01,-0.00,8.00
81072.00,0.16,0.22,0.93,0.00,0.00,-1.81,0.00,0.00,28.38,-0.00,-0.00,-0.00,0.00,0.00,0.00,7.00
81079.00,0.16,0.22,0.90,0.00,0.00,-4.64,0.00,0.00,-404.37,-0.00,-0.00,-0.00,0.00,-0.01,0.00,16.00
81095.00,0.16,0.22,0.88,0.00,0.00,-1.15,0.00,0.00,218.19,-0.00,-0.00,-0.00,0.00,-0.00,0.00,7.00
81172.00,0.14,0.22,0.83,-0.05,0.00,-0.72,-0.23,0.02,5.66,-0.00,-0.00,-0.00,0.00,0.00,0.00,8.00
81180.00,0.14,0.22,0.99,-0.05,0.00,19.93,-0.23,0.02,2581.41,-0.00,-0.00,-0.00,0.00,-0.00,0.01,5.00
81185.00,0.14,0.22,0.89,-0.05,0.00,-18.80,-0.23,0.02,-7746.64,-0.00,-0.00,-0.00,0.00,-0.00,0.01,18.00
81203.00,0.14,0.22,0.94,-0.05,0.00,2.81,-0.23,0.02,1200.25,-0.00,-0.00,-0.00,0.00,-0.00,0.01,9.00
81212.00,0.14,0.22,0.92,-0.05,0.00,-2.66,-0.23,0.02,-607.57,-0.00,-0.00,-0.00,0.00,-0.00,0.00,7.00
81219.00,0.14,0.22,0.92,-0.05,0.00,0.81,-0.23,0.02,495.49,-0.00,-0.00,-0.00,-0.00,-0.00,-0.00,5.00
81224.00,0.14,0.22,0.89,-0.05,0.00,-6.71,-0.23,0.02,-1504.07,-0.00,-0.00,-0.00,-0.00,0.00,-0.00,8.00
81232.00,0.14,0.22,0.86,-0.05,0.00,-3.88,-0.23,0.02,354.03,-0.00,-0.00,-0.00,-0.00,0.01,0.00,6.00
81238.00,0.14,0.22,0.99,-0.05,0.00,22.17,-0.23,0.02,4342.28,-0.00,-0.00,-0.00,-0.00,0.00,0.00,5.00
81243.00,0.14,0.22,0.93,-0.05,0.00,-11.63,-0.23,0.02,-6759.49,-0.00,-0.00,-0.00,0.00,0.00,0.00,9.00
81257.00,0.14,0.22,0.99,-0.05,0.00,3.97,-0.23,0.02,1114.31,-0.00,-0.00,-0.00,0.00,0.00,0.01,7.00
81264.00,0.14,0.22,0.91,-0.05,0.00,-11.08,-0.23,0.02,-2150.87,-0.00,-0.00,-0.00,0.00,-0.00,0.00,6.00
81270.00,0.14,0.22,1.19,-0.05,0.00,46.76,-0.23,0.02,9640.95,-0.00,-0.00,-0.00,0.00,0.00,0.00,4.00
81274.00,0.14,0.22,0.97,-0.05,0.00,-56.60,-0.23,0.02,-25841.93,-0.00,-0.00,-0.00,-0.00,0.00,0.00,8.00
81282.00,0.14,0.22,0.89,-0.05,0.00,-9.34,-0.23,0.02,5908.33,-0.00,-0.00,-0.00,-0.00,0.00,0.00,16.00
81298.00,0.14,0.22,1.00,-0.05,0.00,6.51,-0.23,0.02,990.21,-0.00,-0.00,-0.00,0.00,-0.00,-0.00,6.00
81304.00,0.14,0.22,1.01,-0.05,0.00,3.13,-0.23,0.02,-561.99,-0.00,-0.00,-0.00,0.00,0.00,-0.00,8.00
81312.00,0.14,0.22,0.88,-0.05,0.00,-16.55,-0.23,0.02,-2460.67,-0.00,-0.00,-0.00,0.00,0.00,-0.00,7.00
81319.00,0.14,0.22,0.97,-0.05,0.00,12.23,-0.23,0.02,4111.33,-0.00,-0.00,-0.00,-0.00,0.00,0.00,6.00
81325.00,0.14,0.22,0.94,-0.05,0.00,-4.62,-0.23,0.02,-2808.95,-0.00,-0.00,-0.00,-0.00,0.00,0.00,8.00
81337.00,0.14,0.22,1.02,-0.05,0.00,7.01,-0.23,0.02,969.54,-0.00,-0.00,-0.00,-0.00,0.01,0.00,8.00
81345.00,0.14,0.22,0.82,-0.05,0.00,-25.14,-0.23,0.02,-4019.15,-0.00,-0.00,-0.00,-0.00,0.00,0.00,7.00
81352.00,0.14,0.22,0.80,-0.05,0.00,-2.93,-0.23,0.02,3172.85,-0.00,-0.00,-0.00,-0.00,0.00,0.01,8.00
81360.00,0.14,0.22,0.93,-0.05,0.00,15.65,-0.23,0.02,2322.71,-0.00,-0.00,-0.00,-0.00,0.00,0.00,5.00
81365.00,0.14,0.22,0.97,-0.05,0.00,8.50,-0.23,0.02,-1430.08,-0.00,-0.00,-0.00,-0.00,0.00,0.00,8.00
81373.00,0.14,0.21,0.85,0.00,-0.04,-14.41,0.25,-0.21,-2863.43,-0.00,-0.00,-0.00,-0.00,-0.00,0.00,9.00
81382.00,0.14,0.21,0.99,0.00,-0.04,15.38,0.25,-0.21,3309.54,-0.00,-0.00,-0.00,-0.00,-0.00,0.00,16.00
81398.00,0.14,0.21,0.93,0.00,-0.04,-3.88,0.25,-0.21,-1203.54,-0.00,-0.00,-0.00,-0.00,0.00,0.00,6.00
81404.00,0.14,0.21,0.99,0.00,-0.04,10.61,0.25,-0.21,2414.73,-0.00,-0.00,-0.00,0.00,0.01,0.01,8.00
81412.00,0.14,0.21,0.96,0.00,-0.04,-4.38,0.25,-0.21,-1873.83,-0.00,-0.00,-0.00,0.00,0.00,0.01,7.00
81424.00,0.14,0.21,1.07,0.00,-0.04,9.63,0.25,-0.21,1167.47,-0.00,-0.00,-0.00,-0.00,0.01,0.01,9.00
81433.00,0.14,0.21,0.94,0.00,-0.04,-14.89,0.25,-0.21,-2724.23,-0.00,-0.00,-0.00,-0.00,0.01,0.01,6.00
81439.00,0.14,0.21,0.99,0.00,-0.04,8.53,0.25,-0.21,3903.10,-0.00,-0.00,-0.00,-0.00,0.00,0.01,6.00
81445.00,0.14,0.21,0.99,0.00,-0.04,0.35,0.25,-0.21,-1362.79,-0.00,-0.00,-0.00,-0.00,0.00,0.01,7.00
81452.00,0.14,0.21,0.95,0.00,-0.04,-5.69,0.25,-0.21,-863.26,-0.00,-0.00,-0.00,-0.00,0.00,0.01,8.00
81460.00,0.14,0.21,0.90,0.00,-0.04,-7.32,0.25,-0.21,-204.01,-0.00,-0.00,-0.00,-0.00,-0.01,0.01,5.00
81465.00,0.14,0.21,0.97,0.00,-0.04,15.47,0.25,-0.21,4559.07,-0.00,-0.00,-0.00,-0.00,-0.00,0.01,8.00
81473.00,0.14,0.21,1.05,0.00,-0.04,9.71,0.25,-0.21,-720.51,-0.00,-0.00,-0.00,-0.00,-0.00,0.00,8.00
81481.00,0.14,0.21,0.92,0.00,-0.04,-16.43,0.25,-0.21,-3266.56,-0.00,-0.00,-0.00,-0.00,-0.00,0.01,6.00
81487.00,0.14,0.21,0.94,0.00,-0.04,2.76,0.25,-0.21,3197.47,-0.00,-0.00,-0.00,-0.00,-0.00,0.00,6.00
81503.00,0.14,0.21,0.99,0.00,-0.04,3.49,0.25,-0.21,45.70,-0.00,-0.00,-0.00,-0.00,-0.00,-0.00,19.00
81522.00,0.14,0.21,0.92,0.00,-0.04,-3.63,0.25,-0.21,-374.53,-0.00,-0.00,-0.00,0.00,-0.00,-0.00,8.00
81530.00,0.14,0.21,1.07,0.00,-0.04,18.06,0.25,-0.21,2711.28,-0.00,-0.00,-0.00,-0.00,0.00,0.00,5.00
81535.00,0.14,0.21,0.94,0.00,-0.04,-25.49,0.25,-0.21,-8710.40,-0.00,-0.00,-0.00,-0.00,0.00,0.00,5.00
81540.00,0.14,0.21,1.02,0.00,-0.04,16.89,0.25,-0.21,8475.24,-0.00,-0.00,-0.00,0.00,0.00,0.00,6.00
81546.00,0.14,0.21,1.00,0.00,-0.04,-4.54,0.25,-0.21,-3572.08,-0.00,-0.00,-0.00,0.00,0.00,0.00,8.00
81554.00,0.14,0.21,1.04,0.00,-0.04,5.45,0.25,-0.21,1249.46,-0.00,-0.00,-0.00,0.00,-0.00,0.00,8.00
81562.00,0.14,0.21,0.98,0.00,-0.04,-7.33,0.25,-0.21,-1597.19,-0.00,-0.00,-0.00,0.00,-0.00,0.01,7.00
81569.00,0.14,0.21,0.98,0.00,-0.04,0.11,0.25,-0.21,1061.87,-0.00,-0.00,-0.00,0.00,0.00,0.00,6.00
81575.00,0.14,0.21,0.93,0.00,0.00,-9.30,0.00,0.19,-1567.49,-0.00,-0.00,-0.00,0.00,0.00,0.00,9.00
81589.00,0.14,0.21,1.02,0.00,0.00,6.90,0.00,0.19,1157.01,-0.00,-0.00,-0.00,0.00,0.01,0.00,16.00
81605.00,0.14,0.21,0.96,0.00,0.00,-3.69,0.00,0.19,-662.05,-0.00,-0.00,-0.00,-0.00,0.01,0.00,8.00
81613.00,0.14,0.21,0.82,0.00,0.00,-18.31,0.00,0.19,-1827.54,-0.00,-0.00,-0.00,-0.00,0.00,0.00,9.00
81622.00,0.14,0.21,0.96,0.00,0.00,15.27,0.00,0.19,3731.90,-0.00,-0.00,-0.00,0.00,0.00,0.00,6.00
81628.00,0.14,0.21,0.98,0.00,0.00,4.72,0.00,0.19,-1759.39,-0.00,-0.00,-0.00,-0.00,0.00,-0.00,7.00
81635.00,0.14,0.21,0.88,0.00,0.00,-15.13,0.00,0.19,-2835.82,-0.00,-0.00,-0.00,-0.00,0.00,-0.00,5.00
81640.00,0.14,0.21,0.95,0.00,0.00,14.92,0.00,0.19,6010.75,-0.00,-0.00,-0.00,-0.00,0.00,0.00,6.00
81646.00,0.14,0.21,0.93,0.00,0.00,-3.54,0.00,0.19,-3077.76,-0.00,-0.00,-0.00,-0.00,-0.00,0.00,8.00
81654.00,0.14,0.21,1.07,0.00,0.00,17.37,0.00,0.19,2614.03,-0.00,-0.00,-0.00,0.00,-0.00,-0.00,8.00
81662.00,0.14,0.21,1.00,0.00,0.00,-8.21,0.00,0.19,-3197.02,-0.00,-0.00,-0.00,0.00,-0.01,0.00,6.00
81673.00,0.14,0.21,1.03,0.00,0.00,2.64,0.00,0.19,986.01,-0.00,-0.00,-0.00,0.00,-0.00,-0.00,9.00
81682.00,0.14,0.21,1.02,0.00,0.00,-1.64,0.00,0.19,-475.47,-0.00,-0.00,-0.00,0.00,0.00,-0.00,5.00
81687.00,0.14,0.21,0.95,0.00,0.00,-12.97,0.00,0.19,-2266.07,-0.00,-0.00,-0.00,0.00,0.00,-0.00,18.00
81705.00,0.14,0.21,1.00,0.00,0.00,2.56,0.00,0.19,862.75,-0.00,-0.00,-0.00,-0.00,-0.00,-0.00,8.00
81713.00,0.14,0.21,0.93,0.00,0.00,-8.38,0.00,0.19,-1366.73,-0.00,-0.00,-0.00,0.00,-0.00,-0.00,8.00
81721.00,0.14,0.21,0.90,0.00,0.00,-4.27,0.00,0.19,513.36,-0.00,-0.00,-0.00,0.00,-0.00,0.00,7.00
81728.00,0.14,0.21,0.96,0.00,0.00,8.20,0.00,0.19,1780.77,-0.00,-0.00,-0.00,0.00,0.00,0.00,3.00
81731.00,0.14,0.21,1.00,0.00,0.00,13.76,0.00,0.19,1854.35,-0.00,-0.00,-0.00,0.00,0.00,0.00,5.00
81736.00,0.14,0.21,1.07,0.00,0.00,14.34,0.00,0.19,115.42,-0.00,-0.00,-0.00,0.00,0.00,0.00,6.00
81742.00,0.14,0.21,0.97,0.00,0.00,-17.18,0.00,0.19,-5253.26,-0.00,-0.00,-0.00,0.00,0.00,0.00,7.00
81753.00,0.14,0.21,1.04,0.00,0.00,6.92,0.00,0.19,2190.94,-0.00,-0.00,-0.00,-0.00,0.00,0.00,9.00
81762.00,0.14,0.21,1.09,0.00,0.00,5.38,0.00,0.19,-170.26,-0.00,-0.00,-0.00,-0.00,0.00,0.00,6.00
81768.00,0.14,0.21,1.06,0.00,0.00,-5.79,0.00,0.19,-1861.87,-0.00,-0.00,-0.00,-0.00,-0.00,-0.00,7.00
81775.00,0.14,0.20,1.06,0.00,-0.04,-0.04,0.00,-0.19,820.95,-0.00,-0.00,-0.00,-0.00,-0.01,-0.00,8.00
81783.00,0.14,0.20,1.04,0.00,-0.04,-1.91,0.00,-0.19,-233.82,-0.00,-0.00,-0.00,0.00,-0.01,-0.01,16.00
81799.00,0.14,0.20,0.97,0.00,-0.04,-4.11,0.00,-0.19,-137.19,-0.00,-0.00,-0.00,-0.00,-0.00,-0.00,6.00
81805.00,0.14,0.20,1.04,0.00,-0.04,11.51,0.00,-0.19,2602.55,-0.00,-0.00,-0.00,-0.00,-0.00,-0.00,8.00
81813.00,0.14,0.20,0.87,0.00,-0.04,-21.88,0.00,-0.19,-4173.19,-0.00,-0.00,-0.00,-0.00,-0.00,0.00,8.00
81821.00,0.14,0.20,0.99,0.00,-0.04,15.69,0.00,-0.19,4696.24,-0.00,-0.00,-0.00,0.00,-0.00,0.00,6.00
81827.00,0.14,0.20,0.94,0.00,-0.04,-9.48,0.00,-0.19,-4194.83,-0.00,-0.00,-0.00,-0.00,-0.00,0.00,8.00
81839.00,0.14,0.20,1.04,0.00,-0.04,8.23,0.00,-0.19,1475.30,-0.00,-0.00,-0.00,0.00,0.00,0.00,7.00
81846.00,0.14,0.20,0.96,0.00,-0.04,-10.71,0.00,-0.19,-2705.48,-0.00,-0.00,-0.00,0.00,0.01,0.00,8.00
81854.00,0.14,0.20,1.04,0.00,-0.04,9.52,0.00,-0.19,2528.24,-0.00,-0.00,-0.00,0.00,0.01,0.00,8.00
81862.00,0.14,0.20,1.06,0.00,-0.04,2.40,0.00,-0.19,-889.68,-0.00,-0.00,-0.00,0.00,0.01,-0.01,5.00
81867.00,0.14,0.20,1.12,0.00,-0.04,12.83,0.00,-0.19,2085.46,-0.00,-0.00,-0.00,0.00,0.01,-0.00,8.00
81875.00,0.14,0.20,1.08,0.00,-0.04,-5.02,0.00,-0.19,-2231.00,-0.00,-0.00,-0.00,0.00,0.00,-0.00,8.00
81883.00,0.14,0.20,0.99,0.00,-0.04,-11.14,0.00,-0.19,-764.16,-0.00,-0.00,-0.00,0.00,-0.00,-0.01,16.00
81899.00,0.14,0.20,0.99,0.00,-0.04,-0.08,0.00,-0.19,690.71,-0.00,-0.00,-0.00,0.00,-0.01,-0.00,6.00
81905.00,0.14,0.20,1.02,0.00,-0.04,4.49,0.00,-0.19,762.89,-0.00,-0.00,-0.00,-0.00,-0.01,-0.00,9.00
81914.00,0.14,0.20,0.98,0.00,-0.04,-3.64,0.00,-0.19,-903.71,-0.00,-0.00,-0.00,0.00,-0.00,0.00,7.00
81926.00,0.14,0.20,1.01,0.00,-0.04,1.75,0.00,-0.19,449.30,-0.00,-0.00,-0.00,0.00,0.00,-0.00,9.00
81935.00,0.14,0.20,0.95,0.00,-0.04,-6.63,0.00,-0.19,-931.79,-0.00,-0.00,-0.00,0.00,0.01,-0.00,5.00
81940.00,0.14,0.20,1.03,0.00,-0.04,17.88,0.00,-0.19,4902.78,-0.00,-0.00,-0.00,0.00,0.01,-0.00,7.00
81947.00,0.14,0.20,1.04,0.00,-0.04,0.69,0.00,-0.19,-2454.93,-0.00,-0.00,-0.00,0.00,0.01,-0.00,7.00
81954.00,0.14,0.20,0.98,0.00,-0.04,-7.94,0.00,-0.19,-1233.39,-0.00,-0.00,-0.00,0.00,0.01,0.00,8.00
81962.00,0.14,0.20,0.99,0.00,-0.04,0.93,0.00,-0.19,1108.56,-0.00,-0.00,-0.00,0.00,0.00,0.00,6.00
81968.00,0.14,0.20,1.00,0.00,-0.04,0.85,0.00,-0.19,-13.13,-0.00,-0.00,-0.00,0.00,0.00,-0.00,7.00
81975.00,0.13,0.20,1.00,-0.06,0.00,0.19,-0.28,0.21,-93.91,-0.00,-0.00,-0.00,0.00,0.00,-0.00,9.00
81984.00,0.13,0.20,1.00,-0.06,0.00,0.33,-0.28,0.21,14.74,-0.00,-0.00,-0.00,0.00,-0.01,-0.00,15.00
81999.00,0.13,0.20,0.93,-0.06,0.00,-5.02,-0.28,0.21,-356.61,-0.00,-0.00,-0.00,-0.00,-0.01,-0.00,7.00
82011.00,0.13,0.20,0.99,-0.06,0.00,5.12,-0.28,0.21,845.35,-0.00,-0.00,-0.00,-0.00,-0.02,-0.01,6.00
82017.00,0.13,0.20,0.98,-0.06,0.00,-1.99,-0.28,0.21,-1185.40,-0.00,-0.00,-0.00,-0.00,-0.01,-0.01,8.00
82025.00,0.13,0.20,0.92,-0.06,0.00,-6.42,-0.28,0.21,-553.45,-0.00,-0.00,-0.00,-0.00,-0.01,-0.00,8.00
82033.00,0.13,0.20,0.90,-0.06,0.00,-3.46,-0.28,0.21,369.77,-0.00,-0.00,-0.00,0.00,0.00,-0.00,5.00
82038.00,0.13,0.20,0.99,-0.06,0.00,19.29,-0.28,0.21,4551.08,-0.00,-0.00,-0.00,0.00,0.00,-0.00,8.00
82046.00,0.13,0.20,1.03,-0.06,0.00,4.57,-0.28,0.21,-1840.46,-0.00,-0.00,-0.00,0.00,0.01,0.00,8.00
82054.00,0.13,0.20,0.99,-0.06,0.00,-4.91,-0.28,0.21,-1184.97,-0.00,-0.00,-0.00,-0.00,0.00,-0.00,8.00
82062.00,0.13,0.20,1.00,-0.06,0.00,1.30,-0.28,0.21,776.11,-0.00,-0.00,-0.00,0.00,0.01,-0.00,5.00
82067.00,0.13,0.20,0.98,-0.06,0.00,-3.23,-0.28,0.21,-905.36,-0.00,-0.00,-0.00,0.00,0.00,-0.00,6.00
82073.00,0.13,0.20,1.04,-0.06,0.00,9.87,-0.28,0.21,2182.25,-0.00,-0.00,-0.00,0.00,-0.00,-0.00,6.00
82084.00,0.13,0.20,1.06,-0.06,0.00,1.87,-0.28,0.21,-727.39,-0.00,-0.00,-0.00,0.00,-0.00,-0.00,17.00
82101.00,0.13,0.20,0.94,-0.06,0.00,-7.03,-0.28,0.21,-523.44,-0.00,-0.00,-0.00,0.00,-0.01,-0.00,6.00
82107.00,0.13,0.20,0.94,-0.06,0.00,-1.05,-0.28,0.21,996.35,-0.00,-0.00,-0.00,0.00,-0.00,-0.00,8.00
82115.00,0.13,0.20,0.96,-0.06,0.00,2.65,-0.28,0.21,462.66,-0.00,-0.00,-0.00,0.00,-0.00,-0.00,7.00
82122.00,0.13,0.20,0.99,-0.06,0.00,4.34,-0.28,0.21,242.59,-0.00,-0.00,-0.00,0.00,-0.00,0.00,6.00
82128.00,0.13,0.20,0.94,-0.06,0.00,-7.79,-0.28,0.21,-2022.21,-0.00,-0.00,-0.00,0.00,0.00,0.00,8.00
82136.00,0.13,0.20,0.94,-0.06,0.00,-0.06,-0.28,0.21,965.87,-0.00,-0.00,-0.00,0.00,0.01,0.00,5.00
82141.00,0.13,0.20,1.09,-0.06,0.00,29.72,-0.28,0.21,5955.76,-0.00,-0.00,-0.00,-0.00,0.01,0.00,6.00
82147.00,0.13,0.20,1.05,-0.06,0.00,-6.57,-0.28,0.21,-6047.42,-0.00,-0.00,-0.00,-0.00,0.01,-0.00,8.00
82155.00,0.13,0.20,0.95,-0.06,0.00,-12.45,-0.28,0.21,-735.12,-0.00,-0.00,-0.00,-0.00,0.01,-0.00,7.00
82167.00,0.13,0.20,0.99,-0.06,0.00,2.96,-0.28,0.21,1284.24,-0.00,-0.00,-0.00,-0.00,0.00,-0.00,9.00
82176.00,0.13,0.20,0.88,0.00,0.00,-12.16,0.28,-0.02,-1680.38,-0.00,-0.00,-0.00,-0.00,-0.00,-0.01,8.00
82184.00,0.13,0.20,1.01,0.00,0.00,17.13,0.28,-0.02,3661.64,-0.00,-0.00,-0.00,-0.00,-0.01,-0.00,16.00
82200.00,0.13,0.20,0.95,0.00,0.00,-3.99,0.28,-0.02,-1320.23,-0.00,-0.00,-0.00,-0.00,-0.01,-0.00,7.00
82207.00,0.13,0.20,0.94,0.00,0.00,-1.81,0.28,-0.02,311.34,-0.00,-0.00,-0.00,-0.00,-0.01,-0.00,8.00
82215.00,0.13,0.20,0.96,0.00,0.00,2.38,0.28,-0.02,524.62,-0.00,-0.00,-0.00,0.00,-0.00,0.00,8.00
82223.00,0.13,0.20,0.88,0.00,0.00,-9.20,0.28,-0.02,-1448.07,-0.00,-0.00,-0.00,-0.00,-0.00,-0.00,5.00
82228.00,0.13,0.20,0.93,0.00,0.00,10.20,0.28,-0.02,3879.95,-0.00,-0.00,-0.00,-0.00,-0.00,-0.00,8.00
82236.00,0.13,0.20,0.99,0.00,0.00,6.82,0.28,-0.02,-422.36,-0.00,-0.00,-0.00,-0.00,0.00,-0.00,5.00
82241.00,0.13,0.20,0.96,0.00,0.00,-5.63,0.28,-0.02,-2490.45,-0.00,-0.00,-0.00,-0.00,0.00,-0.00,7.00
82257.00,0.13,0.20,0.99,0.00,0.00,1.49,0.28,-0.02,445.03,-0.00,-0.00,-0.00,0.00,0.00,-0.01,9.00
82266.00,0.13,0.20,1.01,0.00,0.00,2.71,0.28,-0.02,136.05,-0.00,-0.00,-0.00,0.00,-0.00,-0.00,8.00
82274.00,0.13,0.20,1.02,0.00,0.00,1.41,0.28,-0.02,-162.86,-0.00,-0.00,-0.00,-0.00,-0.00,-0.00,8.00
82282.00,0.13,0.20,0.96,0.00,0.00,-7.43,0.28,-0.02,-1105.54,-0.00,-0.00,-0.00,0.00,-0.01,0.00,5.00
82287.00,0.13,0.20,1.03,0.00,0.00,14.15,0.28,-0.02,4316.95,-0.00,-0.00,-0.00,0.00,-0.01,0.00,17.00
82304.00,0.13,0.20,0.94,0.00,0.00,-5.43,0.28,-0.02,-1151.86,-0.00,-0.00,-0.00,0.00,-0.00,0.00,6.00
82310.00,0.13,0.20,0.92,0.00,0.00,-3.33,0.28,-0.02,350.27,-0.00,-0.00,-0.00,0.00,-0.00,0.00,6.00
82316.00,0.13,0.20,0.98,0.00,0.00,10.78,0.28,-0.02,2350.69,-0.00,-0.00,-0.00,0.00,0.00,0.00,9.00
82325.00,0.13,0.20,1.00,0.00,0.00,2.07,0.28,-0.02,-967.04,-0.00,-0.00,-0.00,0.00,0.01,-0.00,8.00
82333.00,0.13,0.20,1.00,0.00,0.00,-0.94,0.28,-0.02,-377.00,-0.00,-0.00,-0.00,0.00,0.00,-0.01,6.00
82343.00,0.13,0.20,1.08,0.00,0.00,8.90,0.28,-0.02,984.04,-0.00,-0.00,-0.00,-0.00,0.00,-0.00,5.00
82348.00,0.13,0.20,1.04,0.00,0.00,-8.83,0.28,-0.02,-3545.72,-0.00,-0.00,-0.00,0.00,0.00,-0.00,8.00
82356.00,0.13,0.20,1.01,0.00,0.00,-3.80,0.28,-0.02,629.37,-0.00,-0.00,-0.00,0.00,0.00,-0.00,9.00
82365.00,0.13,0.20,0.95,0.00,0.00,-6.24,0.28,-0.02,-271.85,-0.00,-0.00,-0.00,0.00,-0.00,0.00,7.00
82372.00,0.13,0.20,1.02,0.00,0.00,9.85,0.28,-0.02,2298.75,-0.00,-0.00,-0.00,0.00,-0.00,0.00,5.00
82377.00,0.14,0.19,0.97,0.06,-0.04,-9.78,0.28,-0.21,-3924.85,-0.00,-0.00,-0.00,0.00,-0.00,0.00,19.00
82396.00,0.14,0.19,1.06,0.06,-0.04,4.34,0.28,-0.21,742.81,-0.00,-0.00,-0.00,-0.00,-0.01,0.00,8.00
82404.00,0.14,0.19,1.05,0.06,-0.04,-1.30,0.28,-0.21,-704.34,-0.00,-0.00,-0.00,0.00,-0.01,-0.00,6.00
82410.00,0.14,0.19,1.01,0.06,-0.04,-6.06,0.28,-0.21,-793.81,-0.00,-0.00,-0.00,0.00,-0.01,-0.00,7.00
82417.00,0.14,0.19,1.04,0.06,-0.04,4.87,0.28,-0.21,1561.50,-0.00,-0.00,-0.00,0.00,-0.01,-0.00,8.00
82430.00,0.14,0.19,1.03,0.06,-0.04,-0.71,0.28,-0.21,-429.08,-0.00,-0.00,-0.00,-0.00,0.00,-0.00,8.00
82438.00,0.14,0.19,1.02,0.06,-0.04,-2.39,0.28,-0.21,-210.47,-0.00,-0.00,-0.00,-0.00,0.00,-0.00,7.00
82445.00,0.14,0.19,1.02,0.06,-0.04,1.34,0.28,-0.21,532.56,-0.00,-0.00,-0.00,-0.00,0.00,0.00,7.00
82452.00,0.14,0.19,1.04,0.06,-0.04,2.65,0.28,-0.21,187.54,-0.00,-0.00,-0.00,-0.00,0.00,-0.00,5.00
82457.00,0.14,0.19,0.94,0.06,-0.04,-20.88,0.28,-0.21,-4706.38,-0.00,-0.00,-0.00,-0.00,0.00,-0.00,9.00
82466.00,0.14,0.19,1.01,0.06,-0.04,7.59,0.28,-0.21,3163.52,-0.00,-0.00,-0.00,-0.00,-0.00,0.00,7.00
82473.00,0.14,0.19,0.96,0.06,-0.04,-7.40,0.28,-0.21,-2140.90,-0.00,-0.00,-0.00,0.00,-0.00,-0.00,6.00
82479.00,0.14,0.19,1.02,0.06,-0.04,11.47,0.28,-0.21,3145.31,-0.00,-0.00,-0.00,0.00,-0.01,-0.00,8.00
82487.00,0.14,0.19,1.00,0.06,-0.04,-3.27,0.28,-0.21,-1842.45,-0.00,-0.00,-0.00,-0.00,-0.01,-0.01,16.00
82503.00,0.14,0.19,0.96,0.06,-0.04,-2.49,0.28,-0.21,48.72,-0.00,-0.00,-0.00,0.00,-0.00,-0.00,5.00
82513.00,0.14,0.19,1.01,0.06,-0.04,4.69,0.28,-0.21,717.58,-0.00,-0.00,-0.00,0.00,0.00,0.00,6.00
82519.00,0.14,0.19,1.04,0.06,-0.04,6.25,0.28,-0.21,259.29,-0.00,-0.00,-0.00,0.00,0.00,-0.00,7.00
82526.00,0.14,0.19,1.05,0.06,-0.04,1.54,0.28,-0.21,-672.01,-0.00,-0.00,-0.00,0.00,0.00,-0.00,9.00
82535.00,0.14,0.19,0.93,0.06,-0.04,-13.47,0.28,-0.21,-1668.18,-0.00,-0.00,-0.00,0.00,0.00,-0.01,5.00
82540.00,0.14,0.19,1.10,0.06,-0.04,33.60,0.28,-0.21,9415.25,-0.00,-0.00,-0.00,-0.00,-0.01,-0.01,8.00
82548.00,0.14,0.19,1.12,0.06,-0.04,1.87,0.28,-0.21,-3966.14,-0.00,-0.00,-0.00,-0.00,-0.01,-0.01,8.00
82556.00,0.14,0.19,1.09,0.06,-0.04,-3.06,0.28,-0.21,-617.43,-0.00,-0.00,-0.00,-0.00,-0.01,-0.00,8.00
82564.00,0.14,0.19,1.04,0.06,-0.04,-6.21,0.28,-0.21,-393.77,-0.00,-0.00,-0.00,0.00,-0.01,-0.01,5.00
82569.00,0.14,0.19,1.10,0.06,-0.04,11.76,0.28,-0.21,3594.45,-0.00,-0.00,-0.00,0.00,-0.01,-0.01,8.00
82577.00,0.14,0.19,1.01,0.00,0.00,-11.42,-0.28,0.21,-2897.76,-0.00,-0.00,-0.00,0.00,-0.01,-0.01,8.00
82589.00,0.14,0.19,1.10,0.00,0.00,7.24,-0.28,0.21,1555.69,-0.00,-0.00,-0.00,-0.00,-0.01,-0.00,19.00
82608.00,0.14,0.19,1.07,0.00,0.00,-1.31,-0.28,0.21,-450.20,-0.00,-0.00,-0.00,-0.00,-0.01,-0.00,9.00
82617.00,0.14,0.19,1.13,0.00,0.00,6.49,-0.28,0.21,866.68,-0.00,-0.00,-0.00,-0.00,-0.01,-0.01,8.00
82625.00,0.14,0.19,1.16,0.00,0.00,3.34,-0.28,0.21,-394.24,-0.00,-0.00,-0.00,-0.00,-0.00,-0.01,6.00
82631.00,0.14,0.19,1.04,0.00,0.00,-19.80,-0.28,0.21,-3856.64,-0.00,-0.00,-0.00,-0.00,-0.01,-0.01,6.00
82637.00,0.14,0.19,1.08,0.00,0.00,6.67,-0.28,0.21,4412.12,-0.00,-0.00,-0.00,0.00,-0.01,-0.01,6.00
82643.00,0.14,0.19,1.05,0.00,0.00,-4.66,-0.28,0.21,-1888.78,-0.00,-0.00,-0.00,0.00,-0.01,-0.01,6.00
82649.00,0.14,0.19,1.03,0.00,0.00,-2.42,-0.28,0.21,373.97,-0.00,-0.00,-0.00,0.00,-0.01,-0.01,8.00
82657.00,0.14,0.19,1.05,0.00,0.00,2.50,-0.28,0.21,614.86,-0.00,-0.00,-0.00,0.00,-0.01,-0.01,8.00
82665.00,0.14,0.19,1.07,0.00,0.00,1.78,-0.28,0.21,-89.66,-0.00,-0.00,-0.00,0.00,-0.01,-0.01,6.00
82676.00,0.14,0.19,1.06,0.00,0.00,-0.85,-0.28,0.21,-239.14,-0.00,-0.00,-0.00,0.00,-0.01,-0.01,9.00
82685.00,0.14,0.19,1.03,0.00,0.00,-3.38,-0.28,0.21,-281.79,-0.00,-0.00,-0.00,0.00,-0.01,-0.00,5.00
82690.00,0.14,0.19,1.13,0.00,0.00,19.69,-0.28,0.21,4615.01,-0.00,-0.00,-0.00,0.00,-0.01,-0.00,18.00
82708.00,0.14,0.19,0.99,0.00,0.00,-7.68,-0.28,0.21,-1520.71,-0.00,-0.00,-0.00,0.00,-0.01,-0.01,8.00
82716.00,0.14,0.19,1.06,0.00,0.00,8.29,-0.28,0.21,1997.12,-0.00,-0.00,-0.00,-0.00,-0.01,-0.01,8.00
82724.00,0.14,0.19,1.03,0.00,0.00,-3.26,-0.28,0.21,-1444.34,-0.00,-0.00,-0.00,-0.00,-0.01,-0.01,5.00
82729.00,0.14,0.19,0.97,0.00,0.00,-11.54,-0.28,0.21,-1656.69,-0.00,-0.00,-0.01,-0.00,-0.01,-0.01,8.00
82737.00,0.14,0.19,1.04,0.00,0.00,8.93,-0.28,0.21,2559.19,-0.00,-0.00,-0.01,-0.00,-0.01,-0.01,6.00
82743.00,0.14,0.19,0.96,0.00,0.00,-13.23,-0.28,0.21,-3693.62,-0.00,-0.00,-0.01,-0.00,-0.01,-0.01,5.00
82748.00,0.14,0.19,1.05,0.00,0.00,17.73,-0.28,0.21,6193.13,-0.00,-0.00,-0.01,-0.00,-0.01,-0.01,9.00
82761.00,0.14,0.19,1.02,0.00,0.00,-2.55,-0.28,0.21,-1559.97,-0.00,-0.01,-0.01,0.00,-0.01,0.00,8.00
82769.00,0.14,0.19,0.96,0.00,0.00,-7.71,-0.28,0.21,-645.72,-0.00,-0.01,-0.01,0.00,-0.01,0.00,8.00
82777.00,0.14,0.19,0.97,0.00,0.00,2.02,0.00,0.00,1216.62,-0.00,-0.01,-0.01,0.00,-0.01,-0.00,17.00
82794.00,0.14,0.19,0.96,0.00,0.00,-0.79,0.00,0.00,-165.30,-0.00,-0.01,-0.01,-0.00,-0.01,-0.01,6.00
82800.00,0.14,0.19,1.02,0.00,0.00,10.82,0.00,0.00,1935.41,-0.00,-0.01,-0.01,-0.00,-0.01,-0.01,7.00
82807.00,0.14,0.19,1.02,0.00,0.00,-0.03,0.00,0.00,-1551.22,-0.00,-0.01,-0.01,0.00,-0.01,-0.01,8.00
82815.00,0.14,0.19,1.06,0.00,0.00,4.53,0.00,0.00,570.56,-0.00,-0.01,-0.01,-0.00,-0.01,-0.01,6.00
82821.00,0.14,0.19,0.96,0.00,0.00,-16.10,0.00,0.00,-3437.60,-0.00,-0.01,-0.01,-0.00,-0.01,-0.01,7.00
82828.00,0.14,0.19,1.06,0.00,0.00,13.70,0.00,0.00,4256.00,-0.00,-0.01,-0.01,-0.00,-0.01,-0.01,9.00
82837.00,0.14,0.19,1.07,0.00,0.00,1.47,0.00,0.00,-1358.02,-0.00,-0.01,-0.01,-0.00,-0.01,-0.01,5.00
82847.00,0.14,0.19,1.06,0.00,0.00,-1.31,0.00,0.00,-278.78,-0.00,-0.01,-0.01,0.00,-0.01,-0.01,9.00
82856.00,0.14,0.19,1.05,0.00,0.00,-0.74,0.00,0.00,64.33,-0.00,-0.01,-0.01,0.00,-0.01,-0.00,6.00
82862.00,0.14,0.19,1.10,0.00,0.00,7.26,0.00,0.00,1331.99,-0.00,-0.01,-0.01,0.00,-0.01,-0.00,7.00
82869.00,0.14,0.19,1.03,0.00,0.00,-9.84,0.00,0.00,-2442.09,-0.00,-0.01,-0.01,0.00,-0.01,-0.00,8.00
82877.00,0.14,0.19,1.11,0.00,0.00,9.64,0.00,0.00,2434.83,-0.00,-0.01,-0.01,-0.00,-0.01,-0.00,7.00
82884.00,0.14,0.19,1.18,0.00,0.00,10.60,0.00,0.00,136.39,-0.00,-0.01,-0.01,-0.00,-0.01,-0.00,6.00
82890.00,0.14,0.19,1.03,0.00,0.00,-24.24,0.00,0.00,-5805.21,-0.00,-0.01,-0.01,-0.00,-0.01,-0.00,16.00
82906.00,0.14,0.19,1.06,0.00,0.00,1.48,0.00,0.00,1607.12,-0.00,-0.01,-0.01,0.00,0.01,-0.00,6.00
82912.00,0.14,0.19,1.09,0.00,0.00,4.66,0.00,0.00,530.41,-0.00,-0.01,-0.01,0.00,0.00,0.00,6.00
82918.00,0.14,0.19,1.04,0.00,0.00,-8.21,0.00,0.00,-2145.82,-0.00,-0.01,-0.01,-0.00,0.00,0.00,10.00
82937.00,0.14,0.19,1.03,0.00,0.00,-0.30,0.00,0.00,416.54,-0.00,-0.01,-0.01,0.00,0.00,0.00,6.00
82943.00,0.14,0.19,1.09,0.00,0.00,10.48,0.00,0.00,1796.61,-0.00,-0.01,-0.01,0.00,0.00,0.00,6.00
82949.00,0.14,0.19,1.07,0.00,0.00,-4.79,0.00,0.00,-2545.53,-0.00,-0.01,-0.01,0.00,0.00,0.00,9.00
82958.00,0.14,0.19,1.06,0.00,0.00,-0.09,0.00,0.00,523.06,-0.00,-0.01,-0.01,0.00,0.00,0.00,8.00
82966.00,0.14,0.19,1.07,0.00,0.00,0.17,0.00,0.00,31.70,-0.00,-0.01,-0.01,0.00,0.00,0.00,6.00
82972.00,0.14,0.19,1.06,0.00,0.00,-1.14,0.00,0.00,-218.29,-0.00,-0.01,-0.01,0.00,0.00,0.00,7.00
82979.00,0.16,0.19,1.06,0.06,-0.04,0.78,0.27,-0.21,275.33,-0.00,-0.01,-0.01,0.00,0.00,0.00,19.00
82998.00,0.16,0.19,1.08,0.06,-0.04,0.58,0.27,-0.21,-10.93,-0.00,-0.01,-0.01,-0.00,0.01,0.01,9.00
83007.00,0.16,0.19,1.02,0.06,-0.04,-6.22,0.27,-0.21,-755.27,-0.00,-0.01,-0.01,0.00,0.01,0.01,6.00
83013.00,0.16,0.19,1.01,0.06,-0.04,-1.94,0.27,-0.21,713.29,-0.00,-0.01,-0.01,0.00,0.01,0.01,6.00
83024.00,0.16,0.19,1.08,0.06,-0.04,6.68,0.27,-0.21,783.75,-0.00,-0.01,-0.01,0.00,0.01,0.01,6.00
83030.00,0.16,0.19,1.16,0.06,-0.04,13.33,0.27,-0.21,1108.08,-0.00,-0.01,-0.01,0.00,0.01,0.01,8.00
83038.00,0.16,0.19,1.02,0.06,-0.04,-17.44,0.27,-0.21,-3845.94,-0.00,-0.01,-0.01,-0.00,0.01,0.01,6.00
83044.00,0.16,0.19,1.02,0.06,-0.04,0.48,0.27,-0.21,2986.36,-0.00,-0.01,-0.01,0.00,0.00,0.01,5.00
83049.00,0.16,0.19,1.05,0.06,-0.04,5.39,0.27,-0.21,982.96,-0.00,-0.01,-0.01,0.00,0.00,0.01,9.00
83058.00,0.16,0.19,1.11,0.06,-0.04,6.36,0.27,-0.21,106.89,-0.00,-0.01,-0.01,0.00,0.00,0.01,7.00
83065.00,0.16,0.19,1.08,0.06,-0.04,-4.13,0.27,-0.21,-1498.45,-0.00,-0.01,-0.01,0.00,0.00,0.01,6.00
83071.00,0.16,0.19,1.08,0.06,-0.04,-0.12,0.27,-0.21,669.32,-0.00,-0.01,-0.00,0.00,0.01,0.01,7.00
83078.00,0.16,0.19,1.08,0.06,-0.04,0.09,0.27,-0.21,29.82,-0.00,-0.01,-0.00,0.00,0.01,0.01,20.00
83098.00,0.16,0.19,1.04,0.06,-0.04,-1.85,0.27,-0.21,-96.88,-0.00,-0.00,-0.00,-0.00,0.02,0.01,8.00
83110.00,0.16,0.19,1.04,0.06,-0.04,-0.10,0.27,-0.21,145.41,-0.00,-0.00,-0.00,0.00,0.02,0.01,9.00
83119.00,0.16,0.19,0.98,0.06,-0.04,-7.37,0.27,-0.21,-807.47,-0.00,-0.00,-0.00,0.00,0.02,0.01,8.00
83127.00,0.16,0.19,0.97,0.06,-0.04,-0.32,0.27,-0.21,881.18,-0.00,-0.00,-0.00,0.00,0.01,0.01,7.00
83134.00,0.16,0.19,1.20,0.06,-0.04,31.83,0.27,-0.21,4592.76,-0.00,-0.00,-0.00,0.00,0.01,0.01,6.00
83140.00,0.16,0.19,1.03,0.06,-0.04,-28.34,0.27,-0.21,-10027.73,-0.00,-0.00,-0.00,0.00,0.01,0.01,6.00
83146.00,0.16,0.19,1.04,0.06,-0.04,2.45,0.27,-0.21,5130.70,-0.00,-0.00,-0.00,0.00,0.01,0.01,5.00
83151.00,0.16,0.19,1.04,0.06,-0.04,0.84,0.27,-0.21,-321.34,-0.00,-0.00,-0.00,0.00,0.01,0.01,8.00
83159.00,0.16,0.19,1.14,0.06,-0.04,12.26,0.27,-0.21,1427.75,-0.00,-0.00,-0.00,0.00,0.01,0.01,8.00
83167.00,0.16,0.19,1.12,0.06,-0.04,-2.34,0.27,-0.21,-1825.96,-0.00,-0.00,-0.00,0.00,0.02,0.01,6.00
83173.00,0.16,0.19,1.06,0.06,-0.04,-11.05,0.27,-0.21,-1451.65,-0.00,-0.00,-0.00,0.00,0.02,0.01,6.00
83184.00,0.18,0.18,1.13,0.11,-0.01,6.86,0.26,0.16,1628.24,-0.00,-0.00,-0.00,-0.00,0.02,0.01,16.00
83200.00,0.18,0.18,1.07,0.11,-0.01,-3.75,0.26,0.16,-662.94,-0.00,-0.00,-0.00,-0.00,0.02,0.01,8.00
83208.00,0.18,0.18,1.11,0.11,-0.01,5.01,0.26,0.16,1094.85,-0.00,-0.00,-0.00,-0.00,0.02,0.01,8.00
83216.00,0.18,0.18,0.96,0.11,-0.01,-19.30,0.26,0.16,-3038.04,-0.00,-0.00,-0.00,0.00,0.02,0.01,6.00
83222.00,0.18,0.18,1.12,0.11,-0.01,27.37,0.26,0.16,7777.31,-0.00,-0.00,-0.00,0.00,0.02,0.01,7.00
83229.00,0.18,0.18,1.08,0.11,-0.01,-6.71,0.26,0.16,-4868.55,-0.00,-0.00,-0.00,0.00,0.02,0.01,9.00
83238.00,0.18,0.18,1.18,0.11,-0.01,11.42,0.26,0.16,2014.86,-0.00,-0.00,-0.00,0.00,0.02,0.02,5.00
83243.00,0.18,0.18,1.04,0.11,-0.01,-28.61,0.26,0.16,-8005.76,-0.00,-0.00,-0.00,0.00,0.02,0.02,7.00
83250.00,0.18,0.18,1.17,0.11,-0.01,19.01,0.26,0.16,6801.69,-0.00,-0.00,-0.00,0.00,0.02,0.02,8.00
83258.00,0.18,0.18,1.04,0.11,-0.01,-16.34,0.26,0.16,-4418.06,-0.00,-0.00,-0.00,0.00,0.03,0.02,7.00
83270.00,0.18,0.18,1.16,0.11,-0.01,10.22,0.26,0.16,2212.95,-0.00,-0.00,-0.00,0.00,0.03,0.02,9.00
83279.00,0.18,0.18,1.14,0.11,-0.01,-2.57,0.26,0.16,-1420.60,-0.00,-0.00,-0.00,0.00,0.03,0.02,9.00
83288.00,0.18,0.18,1.16,0.11,-0.01,2.49,0.26,0.16,562.53,-0.00,-0.00,-0.00,0.00,0.03,0.02,16.00
83304.00,0.18,0.18,1.07,0.11,-0.01,-5.90,0.26,0.16,-524.40,-0.00,-0.00,-0.00,0.02,0.01,-0.00,6.00
83310.00,0.18,0.18,0.97,0.11,-0.01,-16.52,0.26,0.16,-1770.53,-0.00,-0.00,-0.00,0.02,0.01,-0.01,8.00
83318.00,0.18,0.18,1.06,0.11,-0.01,11.62,0.26,0.16,3517.47,-0.00,-0.00,-0.00,0.02,0.01,-0.01,9.00
83327.00,0.18,0.18,1.00,0.11,-0.01,-6.51,0.26,0.16,-2014.24,-0.00,-0.00,-0.00,0.01,0.01,0.00,5.00
83332.00,0.18,0.18,0.90,0.11,-0.01,-20.94,0.26,0.16,-2885.42,-0.00,-0.00,-0.00,0.01,0.00,0.01,8.00
83340.00,0.18,0.18,0.93,0.11,-0.01,4.01,0.26,0.16,3117.77,-0.00,-0.00,-0.00,0.02,-0.00,0.01,5.00
83345.00,0.18,0.18,0.97,0.11,-0.01,8.41,0.26,0.16,880.95,-0.00,-0.00,-0.00,0.00,0.00,0.02,6.00
83355.00,0.18,0.18,0.99,0.11,-0.01,1.82,0.26,0.16,-659.57,-0.00,-0.00,-0.00,-0.02,-0.00,-0.00,6.00
83361.00,0.18,0.18,1.08,0.11,-0.01,15.86,0.26,0.16,2341.01,-0.00,-0.00,-0.00,-0.03,-0.00,-0.00,8.00
83369.00,0.18,0.18,1.10,0.11,-0.01,2.01,0.26,0.16,-1731.12,-0.00,-0.00,-0.00,-0.05,-0.01,0.00,9.00
83378.00,0.18,0.18,0.93,0.11,-0.01,-19.08,0.26,0.16,-2343.16,-0.00,-0.00,-0.00,-0.03,-0.02,-0.00,7.00
83385.00,0.18,0.18,0.98,0.00,0.00,6.74,-0.54,0.04,3687.45,-0.00,-0.00,-0.00,-0.00,-0.02,-0.00,5.00
83390.00,0.18,0.18,1.03,0.00,0.00,11.01,-0.54,0.04,854.53,-0.00,-0.00,-0.00,-0.00,-0.02,-0.00,18.00
83408.00,0.18,0.18,1.03,0.00,0.00,-0.17,-0.54,0.04,-621.04,-0.00,-0.00,-0.00,0.00,-0.01,-0.00,7.00
83415.00,0.18,0.18,0.93,0.00,0.00,-14.12,-0.54,0.04,-1993.53,-0.00,-0.00,-0.00,-0.01,-0.00,-0.00,6.00
83421.00,0.18,0.18,1.01,0.00,0.00,14.00,-0.54,0.04,4687.57,-0.00,-0.00,-0.00,-0.01,-0.00,-0.00,8.00
83429.00,0.18,0.18,1.01,0.00,0.00,-0.89,-0.54,0.04,-1861.79,-0.00,-0.00,-0.00,-0.01,0.00,0.01,8.00
83442.00,0.18,0.18,1.01,0.00,0.00,0.49,-0.54,0.04,106.59,-0.00,-0.00,-0.00,0.00,0.01,0.01,7.00
83449.00,0.18,0.18,1.11,0.00,0.00,14.12,-0.54,0.04,1946.97,-0.00,-0.00,-0.00,0.02,0.01,0.01,9.00
83458.00,0.18,0.18,1.05,0.00,0.00,-6.89,-0.54,0.04,-2334.71,-0.00,-0.00,-0.00,0.01,0.02,0.01,7.00
83465.00,0.18,0.18,1.03,0.00,0.00,-2.30,-0.54,0.04,656.35,-0.00,-0.00,-0.00,-0.00,0.02,-0.00,6.00
83471.00,0.18,0.18,1.08,0.00,0.00,7.52,-0.54,0.04,1635.51,-0.00,-0.00,-0.00,-0.00,0.02,-0.00,8.00
83479.00,0.18,0.18,0.99,0.00,0.00,-10.40,-0.54,0.04,-2239.82,-0.00,-0.00,-0.00,-0.01,0.01,-0.01,9.00
83488.00,0.18,0.18,1.08,0.00,0.00,9.46,-0.54,0.04,2206.73,-0.00,-0.00,-0.00,-0.00,0.00,0.00,15.00
83503.00,0.18,0.18,1.01,0.00,0.00,-4.61,-0.54,0.04,-937.85,-0.00,-0.00,-0.00,0.02,-0.00,0.01,7.00
83510.00,0.18,0.18,1.15,0.00,0.00,19.37,-0.54,0.04,3425.75,-0.00,-0.00,-0.00,0.02,0.00,0.01,9.00
83519.00,0.18,0.18,1.08,0.00,0.00,-7.49,-0.54,0.04,-2985.05,-0.00,-0.00,-0.00,-0.01,0.01,0.02,6.00
83530.00,0.18,0.18,0.98,0.00,0.00,-9.27,-0.54,0.04,-161.67,-0.00,-0.00,-0.00,-0.02,0.01,0.01,8.00
83538.00,0.18,0.18,1.07,0.00,0.00,12.18,-0.54,0.04,2682.19,-0.00,-0.00,-0.00,-0.02,0.02,0.01,5.00
83543.00,0.18,0.18,0.96,0.00,0.00,-22.30,-0.54,0.04,-6897.85,-0.00,-0.00,-0.00,-0.01,0.01,0.01,7.00
83550.00,0.18,0.18,0.95,0.00,0.00,-1.99,-0.54,0.04,2901.46,-0.00,-0.00,-0.00,0.00,0.01,0.00,9.00
83559.00,0.18,0.18,1.02,0.00,0.00,7.60,-0.54,0.04,1065.84,-0.00,-0.00,-0.00,0.02,-0.00,0.01,6.00
83565.00,0.18,0.18,0.97,0.00,0.00,-7.14,-0.54,0.04,-2456.56,-0.00,-0.00,-0.00,0.02,-0.00,-0.00,6.00
83571.00,0.18,0.18,0.96,0.00,0.00,-2.28,-0.54,0.04,809.89,-0.00,-0.00,-0.00,0.02,-0.00,-0.00,8.00
83579.00,0.18,0.18,0.98,0.00,0.00,3.05,-0.54,0.04,666.98,-0.00,-0.00,-0.00,0.01,0.01,0.00,9.00
83588.00,0.19,0.18,0.97,0.05,-0.00,-1.66,0.27,-0.02,-523.62,-0.00,-0.00,-0.00,-0.00,0.01,0.00,16.00
83604.00,0.19,0.18,1.01,0.05,-0.00,2.48,0.27,-0.02,258.66,-0.00,0.00,-0.00,-0.00,0.01,0.01,7.00
83620.00,0.19,0.18,0.99,0.05,-0.00,-1.06,0.27,-0.02,-220.99,-0.00,0.00,-0.00,-0.01,0.00,0.00,9.00
83629.00,0.19,0.18,0.97,0.05,-0.00,-2.45,0.27,-0.02,-155.26,-0.00,0.00,-0.00,-0.01,-0.00,0.00,6.00
83635.00,0.19,0.18,0.99,0.05,-0.00,3.07,0.27,-0.02,920.79,-0.00,0.00,-0.00,-0.01,-0.00,0.00,7.00
83642.00,0.19,0.18,1.00,0.05,-0.00,1.18,0.27,-0.02,-269.85,-0.00,0.00,-0.00,-0.00,-0.00,0.00,5.00
83647.00,0.19,0.18,0.95,0.05,-0.00,-9.71,0.27,-0.02,-2178.98,-0.00,0.00,-0.00,0.00,-0.00,-0.00,6.00
83653.00,0.19,0.18,0.89,0.05,-0.00,-9.39,0.27,-0.02,54.44,-0.00,0.00,-0.00,0.00,-0.00,-0.00,7.00
83660.00,0.19,0.18,0.91,0.05,-0.00,2.01,0.27,-0.02,1628.27,-0.00,0.00,-0.00,0.00,-0.00,0.00,9.00
83669.00,0.19,0.18,0.96,0.05,-0.00,5.69,0.27,-0.02,408.34,-0.00,0.00,-0.00,0.01,0.00,0.00,7.00
83676.00,0.19,0.18,0.85,0.05,-0.00,-15.11,0.27,-0.02,-2970.69,-0.00,0.00,-0.00,0.00,-0.00,0.01,6.00
83682.00,0.19,0.18,1.02,0.05,-0.00,27.28,0.27,-0.02,7064.81,-0.00,0.00,-0.00,-0.00,0.00,0.01,8.00
83694.00,0.19,0.18,0.95,0.05,-0.00,-5.44,0.27,-0.02,-2726.86,-0.00,0.00,-0.00,-0.01,0.01,0.01,18.00
83712.00,0.19,0.18,0.91,0.05,-0.00,-2.41,0.27,-0.02,168.50,-0.00,0.00,-0.00,-0.00,0.01,0.00,8.00
83720.00,0.19,0.18,0.90,0.05,-0.00,-1.31,0.27,-0.02,136.68,-0.00,0.00,-0.00,0.00,0.00,-0.00,6.00
83726.00,0.19,0.18,0.77,0.05,-0.00,-21.31,0.27,-0.02,-3332.56,-0.00,0.00,-0.00,0.00,0.00,-0.00,6.00
83732.00,0.19,0.18,0.81,0.05,-0.00,7.73,0.27,-0.02,4840.43,-0.00,0.00,-0.00,-0.00,-0.00,0.00,8.00
83740.00,0.19,0.18,0.81,0.05,-0.00,-0.38,0.27,-0.02,-1014.33,-0.00,0.00,-0.00,-0.00,-0.01,0.01,6.00
83746.00,0.19,0.18,0.90,0.05,-0.00,14.32,0.27,-0.02,2450.90,-0.00,0.00,-0.00,0.00,-0.01,0.01,5.00
83751.00,0.19,0.18,0.85,0.05,-0.00,-10.18,0.27,-0.02,-4899.97,-0.00,0.00,-0.00,0.00,-0.01,0.01,9.00
83760.00,0.19,0.18,0.80,0.05,-0.00,-4.86,0.27,-0.02,590.94,-0.00,0.00,-0.00,0.00,0.00,0.00,7.00
83767.00,0.19,0.18,0.88,0.05,-0.00,11.65,0.27,-0.02,2358.01,-0.00,0.00,-0.00,0.00,0.01,0.00,6.00
83778.00,0.19,0.18,0.88,0.05,-0.00,-0.35,0.27,-0.02,-1090.32,-0.00,0.00,-0.00,-0.00,0.01,0.00,6.00
83784.00,0.19,0.18,0.91,0.05,-0.00,4.24,0.27,-0.02,764.05,-0.00,0.00,-0.00,-0.00,0.01,0.00,7.00
83791.00,0.20,0.18,0.93,0.05,-0.00,3.11,0.00,-0.00,-161.73,-0.00,0.00,-0.00,-0.00,0.01,0.00,15.00
83806.00,0.20,0.18,0.89,0.05,-0.00,-2.83,0.00,-0.00,-395.89,-0.00,0.00,-0.00,0.00,0.02,0.01,6.00
83812.00,0.20,0.18,0.91,0.05,-0.00,3.45,0.00,-0.00,1046.94,-0.00,0.00,-0.00,0.00,0.02,0.00,8.00
83820.00,0.20,0.18,0.83,0.05,-0.00,-9.45,0.00,-0.00,-1613.11,-0.00,0.00,-0.00,0.01,0.02,0.00,8.00
83828.00,0.20,0.18,0.97,0.05,-0.00,16.95,0.00,-0.00,3301.16,-0.00,0.00,-0.00,0.01,0.01,-0.00,5.00
83833.00,0.20,0.18,0.99,0.05,-0.00,3.91,0.00,-0.00,-2608.23,-0.00,0.00,-0.00,0.00,0.01,-0.00,9.00
83842.00,0.20,0.18,0.90,0.05,-0.00,-9.97,0.00,-0.00,-1542.96,-0.00,0.00,-0.00,0.00,0.00,0.00,5.00
83847.00,0.20,0.18,0.90,0.05,-0.00,0.97,0.00,-0.00,2189.45,-0.00,0.00,-0.00,0.00,-0.01,0.01,6.00
83857.00,0.20,0.18,0.93,0.05,-0.00,3.09,0.00,-0.00,211.12,-0.00,0.00,-0.00,0.00,-0.01,0.01,6.00
83863.00,0.20,0.18,0.91,0.05,-0.00,-3.60,0.00,-0.00,-1114.62,-0.00,0.00,-0.00,0.00,-0.00,0.01,8.00
83871.00,0.20,0.18,0.82,0.05,-0.00,-11.55,0.00,-0.00,-993.72,-0.00,0.00,-0.00,0.00,0.01,0.00,8.00
83879.00,0.20,0.18,0.91,0.05,-0.00,11.29,0.00,-0.00,2854.99,-0.00,0.00,-0.00,0.00,0.01,0.00,5.00
83884.00,0.20,0.18,0.92,0.05,-0.00,2.69,0.00,-0.00,-1719.96,-0.00,0.00,-0.00,0.00,0.01,0.00,7.00
83891.00,0.20,0.18,0.87,0.05,-0.00,-7.35,0.00,-0.00,-1433.93,-0.00,0.00,-0.00,-0.00,0.00,0.01,16.00
83907.00,0.20,0.18,0.97,0.05,-0.00,5.99,0.00,-0.00,833.64,-0.00,0.00,-0.00,0.00,0.00,0.01,6.00
83913.00,0.20,0.18,0.95,0.05,-0.00,-2.36,0.00,-0.00,-1391.01,-0.00,0.00,-0.00,0.00,0.00,0.01,7.00
83920.00,0.20,0.18,1.01,0.05,-0.00,8.72,0.00,-0.00,1582.33,-0.00,0.00,-0.00,0.00,0.00,0.01,8.00
83928.00,0.20,0.18,0.98,0.05,-0.00,-4.51,0.00,-0.00,-1653.84,-0.00,0.00,-0.00,-0.00,0.00,0.00,5.00
83938.00,0.20,0.18,0.94,0.05,-0.00,-3.23,0.00,-0.00,127.79,-0.00,0.00,-0.00,-0.01,0.01,0.01,6.00
83944.00,0.20,0.18,1.03,0.05,-0.00,14.04,0.00,-0.00,2878.47,-0.00,0.00,0.00,-0.01,0.00,0.01,6.00
83950.00,0.20,0.18,0.94,0.05,-0.00,-14.13,0.00,-0.00,-4694.28,-0.00,0.00,0.00,-0.01,-0.01,0.01,8.00
83958.00,0.20,0.18,0.99,0.05,-0.00,5.20,0.00,-0.00,2416.74,-0.00,0.00,0.00,-0.00,-0.00,0.00,5.00
83963.00,0.20,0.18,1.04,0.05,-0.00,11.18,0.00,-0.00,1194.36,-0.00,0.00,0.00,-0.00,-0.00,-0.00,8.00
83971.00,0.20,0.18,1.04,0.05,-0.00,0.39,0.00,-0.00,-1348.55,-0.00,0.00,0.00,-0.00,-0.00,-0.01,9.00
83980.00,0.20,0.18,1.09,0.05,-0.00,5.48,0.00,-0.00,565.34,-0.00,0.00,-0.00,-0.00,0.00,-0.01,16.00
83996.00,0.22,0.20,1.04,0.11,0.07,-3.10,0.26,0.34,-536.04,-0.00,0.00,0.00,-0.00,0.01,0.01,6.00
84002.00,0.22,0.20,0.92,0.11,0.07,-20.47,0.26,0.34,-2894.70,-0.00,0.00,0.00,-0.00,0.01,0.01,8.00
84010.00,0.22,0.20,1.04,0.11,0.07,15.30,0.26,0.34,4471.43,-0.00,0.00,0.00,0.00,0.01,0.02,8.00
84022.00,0.22,0.20,1.03,0.11,0.07,-1.10,0.26,0.34,-1367.13,-0.00,0.00,0.00,0.00,0.01,0.02,10.00
84032.00,0.22,0.20,1.00,0.11,0.07,-2.68,0.26,0.34,-157.53,-0.00,0.00,0.00,0.00,0.00,0.01,8.00
84040.00,0.22,0.20,0.99,0.11,0.07,-1.84,0.26,0.34,104.36,-0.00,0.00,0.00,0.00,0.00,0.01,7.00
84047.00,0.22,0.20,1.09,0.11,0.07,15.07,0.26,0.34,2415.52,-0.00,0.00,0.00,-0.00,0.01,0.00,5.00
84052.00,0.22,0.20,1.05,0.11,0.07,-9.35,0.26,0.34,-4883.05,-0.00,0.00,0.00,-0.00,0.01,-0.00,9.00
84061.00,0.22,0.20,0.88,0.11,0.07,-18.81,0.26,0.34,-1050.90,-0.00,0.00,0.00,0.00,0.01,-0.00,8.00
84069.00,0.22,0.20,1.04,0.11,0.07,20.52,0.26,0.34,4916.08,-0.00,0.00,0.00,0.00,-0.00,0.00,6.00
84075.00,0.22,0.20,1.06,0.11,0.07,2.35,0.26,0.34,-3028.24,-0.00,0.00,0.00,0.00,0.00,0.00,6.00
84081.00,0.22,0.20,0.96,0.11,0.07,-15.64,0.26,0.34,-2997.73,-0.00,0.00,0.00,0.00,0.01,0.01,18.00
84099.00,0.22,0.20,1.05,0.11,0.07,4.78,0.26,0.34,1134.07,-0.00,0.00,0.00,-0.00,0.01,0.01,7.00
84110.00,0.22,0.20,1.08,0.11,0.07,2.44,0.26,0.34,-212.84,-0.00,0.00,0.00,-0.00,0.02,0.01,8.00
84118.00,0.22,0.20,1.08,0.11,0.07,0.72,0.26,0.34,-214.39,-0.00,0.00,0.00,-0.00,0.01,0.00,5.00
84123.00,0.22,0.20,1.11,0.11,0.07,5.78,0.26,0.34,1011.03,-0.00,0.00,0.00,-0.00,0.01,0.00,9.00
84132.00,0.22,0.20,1.00,0.11,0.07,-12.70,0.26,0.34,-2052.46,-0.00,0.00,0.00,-0.01,0.00,0.00,7.00
84139.00,0.22,0.20,1.13,0.11,0.07,19.39,0.26,0.34,4584.13,-0.00,0.00,0.00,-0.00,-0.01,-0.00,6.00
84145.00,0.22,0.20,1.05,0.11,0.07,-14.10,0.26,0.34,-5582.69,-0.00,0.00,0.00,-0.00,-0.01,-0.00,6.00
84151.00,0.22,0.20,1.03,0.11,0.07,-3.04,0.26,0.34,1843.78,-0.00,0.00,0.00,-0.00,-0.02,0.00,7.00
84158.00,0.22,0.20,0.96,0.11,0.07,-9.38,0.26,0.34,-906.39,-0.00,0.00,0.00,-0.00,-0.01,0.00,6.00
84164.00,0.22,0.20,1.01,0.11,0.07,8.18,0.26,0.34,2927.59,-0.00,0.00,0.00,-0.00,-0.01,0.00,8.00
84172.00,0.22,0.20,1.00,0.11,0.07,-0.96,0.26,0.34,-1142.33,-0.00,0.00,0.00,-0.00,-0.00,0.00,8.00
84185.00,0.22,0.20,1.02,0.11,0.07,1.12,0.26,0.34,159.65,-0.00,0.00,0.00,-0.00,0.00,0.01,18.00
84203.00,0.23,0.20,1.03,0.05,0.03,0.45,-0.26,-0.16,-36.88,-0.00,0.00,0.00,0.00,0.01,0.01,9.00
84212.00,0.23,0.20,1.00,0.05,0.03,-3.06,-0.26,-0.16,-390.74,-0.00,0.00,0.00,-0.00,0.02,0.01,7.00
84219.00,0.23,0.20,1.01,0.05,0.03,2.11,-0.26,-0.16,739.21,-0.00,0.00,0.00,0.00,0.02,0.00,6.00
84225.00,0.23,0.20,1.03,0.05,0.03,2.63,-0.26,-0.16,85.52,-0.00,0.00,0.00,0.00,0.02,0.00,7.00
84232.00,0.23,0.20,1.01,0.05,0.03,-3.39,-0.26,-0.16,-859.13,-0.00,0.00,0.00,0.00,0.01,-0.00,8.00
84240.00,0.23,0.20,0.98,0.05,0.03,-3.11,-0.26,-0.16,35.15,-0.00,0.00,0.00,0.00,0.01,0.00,5.00
84245.00,0.23,0.20,1.01,0.05,0.03,6.18,-0.26,-0.16,1857.26,-0.00,0.00,0.00,0.00,0.01,0.00,7.00
84252.00,0.23,0.20,1.02,0.05,0.03,1.71,-0.26,-0.16,-638.40,-0.00,0.00,0.00,0.00,-0.00,0.01,7.00
84259.00,0.23,0.20,1.16,0.05,0.03,19.87,-0.26,-0.16,2593.93,-0.00,0.00,0.00,0.01,-0.01,0.01,6.00
84274.00,0.23,0.20,1.03,0.05,0.03,-8.57,-0.26,-0.16,-1895.95,-0.00,0.00,0.00,0.01,0.00,0.01,9.00
84283.00,0.23,0.20,1.03,0.05,0.03,-0.64,-0.26,-0.16,880.90,-0.00,0.00,0.00,0.00,0.01,0.01,8.00
84291.00,0.23,0.20,1.00,0.05,0.03,-3.64,-0.26,-0.16,-374.11,-0.00,0.00,0.00,0.00,0.01,0.00,17.00
84308.00,0.23,0.20,0.93,0.05,0.03,-4.35,-0.26,-0.16,-42.21,-0.00,0.00,0.00,-0.00,0.00,0.00,6.00
84314.00,0.23,0.20,1.02,0.05,0.03,16.03,-0.26,-0.16,3396.66,-0.00,0.00,0.00,-0.00,0.00,0.00,8.00
84322.00,0.23,0.20,1.06,0.05,0.03,4.39,-0.26,-0.16,-1454.13,-0.00,0.00,0.00,0.00,0.00,0.00,7.00
84329.00,0.23,0.20,0.94,0.05,0.03,-17.41,-0.26,-0.16,-3114.34,-0.00,0.00,0.00,0.00,0.00,0.00,5.00
84334.00,0.23,0.20,0.97,0.05,0.03,6.52,-0.26,-0.16,4786.02,-0.00,0.00,0.00,0.00,0.00,0.00,8.00
84342.00,0.23,0.20,1.01,0.05,0.03,5.85,-0.26,-0.16,-84.02,-0.00,0.00,0.00,-0.00,-0.00,0.00,5.00
84347.00,0.23,0.20,0.89,0.05,0.03,-25.30,-0.26,-0.16,-6230.98,-0.00,0.00,0.00,-0.00,-0.00,0.00,7.00
84359.00,0.23,0.20,0.99,0.05,0.03,8.88,-0.26,-0.16,2848.85,-0.00,0.00,0.00,-0.00,-0.01,0.00,6.00
84365.00,0.23,0.20,0.93,0.05,0.03,-10.01,-0.26,-0.16,-3149.33,-0.00,0.00,0.00,-0.00,-0.01,0.01,7.00
84372.00,0.23,0.20,0.94,0.05,0.03,1.23,-0.26,-0.16,1605.81,-0.00,0.00,0.00,0.00,-0.01,0.01,8.00
84380.00,0.23,0.20,0.99,0.05,0.03,6.08,-0.26,-0.16,606.28,-0.00,0.00,0.00,0.00,0.00,0.00,5.00
84385.00,0.23,0.20,0.88,0.05,0.03,-21.82,-0.26,-0.16,-5578.68,-0.00,0.00,0.00,0.00,0.00,0.00,18.00
84403.00,0.23,0.21,0.98,0.00,0.04,5.61,-0.27,0.03,1523.65,-0.00,0.00,0.00,0.00,0.01,0.00,9.00
84412.00,0.23,0.21,1.04,0.00,0.04,5.84,-0.27,0.03,25.53,-0.00,0.00,0.00,0.00,0.01,0.00,6.00
84418.00,0.23,0.21,0.88,0.00,0.04,-26.83,-0.27,0.03,-5444.46,-0.00,0.00,0.00,0.00,0.01,0.00,6.00
84424.00,0.23,0.21,0.94,0.00,0.04,10.72,-0.27,0.03,6258.75,-0.00,0.00,0.00,0.00,0.01,0.00,8.00
84432.00,0.23,0.21,0.91,0.00,0.04,-3.75,-0.27,0.03,-1809.50,-0.00,0.00,0.00,0.00,0.01,0.00,7.00
84444.00,0.23,0.21,0.99,0.00,0.04,6.68,-0.27,0.03,868.90,-0.00,0.00,0.00,0.01,0.01,0.01,6.00
84450.00,0.23,0.21,1.01,0.00,0.04,3.89,-0.27,0.03,-464.39,-0.00,0.00,0.00,0.00,0.00,0.01,6.00
84456.00,0.23,0.21,0.91,0.00,0.04,-17.60,-0.27,0.03,-3581.99,-0.00,0.00,0.00,0.00,0.01,0.01,7.00
84463.00,0.23,0.21,0.99,0.00,0.04,11.95,-0.27,0.03,4221.79,-0.00,0.00,0.00,0.00,0.01,0.00,9.00
84472.00,0.23,0.21,0.95,0.00,0.04,-4.55,-0.27,0.03,-1833.28,-0.00,0.00,0.00,0.00,0.01,0.00,6.00
84478.00,0.23,0.21,0.90,0.00,0.04,-7.60,-0.27,0.03,-507.97,-0.00,0.00,0.00,0.00,0.01,0.00,6.00
84484.00,0.23,0.21,0.90,0.00,0.04,-1.33,-0.27,0.03,1044.76,-0.00,0.00,0.00,0.00,0.01,0.00,18.00
84502.00,0.23,0.21,0.96,0.00,0.04,3.50,-0.27,0.03,268.31,-0.00,0.00,0.00,-0.00,0.01,0.00,9.00
84511.00,0.23,0.21,1.01,0.00,0.04,5.23,-0.27,0.03,192.64,-0.00,0.00,0.00,-0.00,0.01,0.00,5.00
84516.00,0.23,0.21,0.98,0.00,0.04,-5.79,-0.27,0.03,-2204.54,-0.00,0.00,0.00,-0.00,0.01,0.00,7.00
84528.00,0.23,0.21,0.98,0.00,0.04,-0.08,-0.27,0.03,475.34,-0.00,0.00,0.00,-0.01,-0.00,0.00,7.00
84535.00,0.23,0.21,1.07,0.00,0.04,12.60,-0.27,0.03,1811.71,-0.00,0.00,0.00,-0.00,-0.01,0.00,8.00
84543.00,0.23,0.21,1.04,0.00,0.04,-3.10,-0.27,0.03,-1962.28,-0.00,0.00,0.00,0.00,-0.01,0.00,5.00
84548.00,0.23,0.21,0.98,0.00,0.04,-11.87,-0.27,0.03,-1754.27,-0.00,0.00,0.00,0.00,-0.01,-0.00,6.00
84554.00,0.23,0.21,0.90,0.00,0.04,-14.16,-0.27,0.03,-381.84,-0.00,0.00,0.00,0.00,-0.01,-0.00,8.00
84562.00,0.23,0.21,1.11,0.00,0.04,26.92,-0.27,0.03,5135.46,-0.00,0.00,0.00,-0.00,-0.01,0.00,9.00
84571.00,0.23,0.21,1.12,0.00,0.04,1.15,-0.27,0.03,-2862.94,-0.00,0.00,0.00,-0.00,-0.00,0.00,7.00
84578.00,0.23,0.21,0.99,0.00,0.04,-18.58,-0.27,0.03,-2819.72,-0.00,0.00,0.00,0.00,0.00,0.00,6.00
84584.00,0.23,0.21,1.07,0.00,0.04,12.88,-0.27,0.03,5244.27,-0.00,0.00,0.00,0.00,0.01,0.00,19.00
84603.00,0.24,0.21,1.04,0.06,-0.00,-1.38,0.28,-0.21,-750.56,-0.00,0.00,0.00,0.00,0.01,0.01,7.00
84615.00,0.24,0.21,1.06,0.06,-0.00,1.51,0.28,-0.21,240.86,-0.00,0.00,0.00,0.00,0.01,0.01,9.00
84624.00,0.24,0.21,1.04,0.06,-0.00,-2.64,0.28,-0.21,-461.36,-0.00,0.00,0.00,0.00,0.01,0.01,8.00
84632.00,0.24,0.21,0.97,0.06,-0.00,-7.97,0.28,-0.21,-665.67,-0.00,0.00,0.00,0.00,0.01,0.00,8.00
84640.00,0.24,0.21,1.07,0.06,-0.00,12.30,0.28,-0.21,2532.86,-0.00,0.00,0.00,0.00,0.01,0.00,6.00
84646.00,0.24,0.21,1.13,0.06,-0.00,8.96,0.28,-0.21,-555.99,-0.00,0.00,0.00,0.00,0.01,0.00,7.00
84653.00,0.24,0.21,1.02,0.06,-0.00,-14.85,0.28,-0.21,-3401.93,-0.00,0.00,0.00,0.00,0.00,0.00,8.00
84661.00,0.24,0.21,1.05,0.06,-0.00,3.07,0.28,-0.21,2240.18,-0.00,0.00,0.00,0.00,0.00,0.00,6.00
84667.00,0.24,0.21,1.04,0.06,-0.00,-1.58,0.28,-0.21,-774.45,-0.00,0.00,0.00,0.00,-0.00,0.00,6.00
84673.00,0.24,0.21,1.09,0.06,-0.00,9.70,0.28,-0.21,1878.92,-0.00,0.00,0.00,-0.00,-0.00,0.01,9.00
84682.00,0.24,0.21,0.99,0.06,-0.00,-11.77,0.28,-0.21,-2384.71,-0.00,0.00,0.00,0.00,0.00,0.01,5.00
84692.00,0.24,0.21,1.03,0.06,-0.00,3.73,0.28,-0.21,1550.06,-0.00,0.00,0.00,0.00,0.01,0.01,16.00
84708.00,0.24,0.21,1.04,0.06,-0.00,0.59,0.28,-0.21,-196.21,-0.00,0.00,0.00,-0.00,0.01,0.00,7.00
84715.00,0.24,0.21,1.02,0.06,-0.00,-2.07,0.28,-0.21,-380.55,-0.00,0.00,0.00,-0.01,0.01,0.00,8.00
84723.00,0.24,0.21,1.06,0.06,-0.00,4.56,0.28,-0.21,828.86,-0.00,0.00,0.00,-0.01,0.00,0.00,7.00
84730.00,0.24,0.21,1.09,0.06,-0.00,4.10,0.28,-0.21,-65.42,-0.00,0.00,0.00,-0.00,-0.00,0.00,5.00
84735.00,0.24,0.21,1.06,0.06,-0.00,-5.86,0.28,-0.21,-1991.68,-0.00,0.00,0.00,-0.00,-0.00,0.00,9.00
84744.00,0.24,0.21,1.10,0.06,-0.00,4.45,0.28,-0.21,1145.06,-0.00,0.00,0.00,0.00,-0.00,0.00,5.00
84749.00,0.24,0.21,1.01,0.06,-0.00,-16.56,0.28,-0.21,-4201.89,-0.00,0.00,0.00,-0.00,-0.00,0.00,6.00
84755.00,0.24,0.21,0.95,0.06,-0.00,-11.38,0.28,-0.21,862.96,-0.00,0.00,0.00,-0.00,-0.01,0.00,8.00
84763.00,0.24,0.21,1.05,0.06,-0.00,13.59,0.28,-0.21,3121.49,-0.00,0.00,0.00,-0.00,-0.01,0.00,7.00
84775.00,0.24,0.21,0.92,0.06,-0.00,-11.17,0.28,-0.21,-2063.06,-0.00,0.00,0.00,-0.00,-0.01,0.01,9.00
84784.00,0.24,0.21,1.00,0.06,-0.00,8.91,0.28,-0.21,2230.18,-0.00,0.00,0.00,-0.00,-0.00,0.00,20.00
84804.00,0.24,0.22,1.04,0.00,0.04,2.02,-0.28,0.21,-344.35,-0.00,0.00,0.00,0.00,0.01,0.00,8.00
84812.00,0.24,0.22,0.97,0.00,0.04,-9.38,-0.28,0.21,-1424.97,-0.00,0.00,0.00,-0.00,0.02,0.00,5.00
84817.00,0.24,0.22,1.11,0.00,0.04,29.35,-0.28,0.21,7746.52,-0.00,0.00,0.00,-0.00,0.02,0.00,7.00
84824.00,0.24,0.22,0.95,0.00,0.04,-23.30,-0.28,0.21,-7521.96,-0.00,0.00,0.00,-0.00,0.02,0.00,9.00
84833.00,0.24,0.22,0.98,0.00,0.04,3.65,-0.28,0.21,2995.19,-0.00,0.00,0.00,0.00,0.01,0.01,6.00
84839.00,0.24,0.22,1.03,0.00,0.04,7.53,-0.28,0.21,646.40,-0.00,0.00,0.00,0.01,0.00,0.01,6.00
84845.00,0.24,0.22,0.93,0.00,0.04,-16.23,-0.28,0.21,-3960.39,-0.00,0.00,0.00,0.01,0.00,0.01,6.00
84851.00,0.24,0.22,0.96,0.00,0.04,4.84,-0.28,0.21,3511.21,-0.00,0.00,0.00,0.01,0.00,0.01,5.00
84861.00,0.24,0.22,0.97,0.00,0.04,1.09,-0.28,0.21,-375.05,-0.00,0.00,0.00,0.00,0.00,0.00,6.00
84867.00,0.24,0.22,1.00,0.00,0.04,4.49,-0.28,0.21,567.07,-0.00,0.00,0.00,0.00,0.00,0.00,7.00
84874.00,0.24,0.22,0.99,0.00,0.04,-1.54,-0.28,0.21,-861.06,-0.00,0.01,0.00,0.00,0.00,0.00,9.00
84883.00,0.24,0.22,1.04,0.00,0.04,6.42,-0.28,0.21,884.71,-0.00,0.01,0.00,0.00,0.00,0.00,5.00
84888.00,0.24,0.22,0.89,0.00,0.04,-31.45,-0.28,0.21,-7574.49,-0.00,0.01,0.00,0.00,0.00,0.00,17.00
84905.00,0.24,0.22,1.04,0.00,0.04,8.95,-0.28,0.21,2376.37,-0.00,0.01,0.00,0.01,0.01,0.00,9.00
84914.00,0.24,0.22,0.91,0.00,0.04,-14.84,-0.28,0.21,-2643.82,-0.00,0.01,0.00,0.00,0.01,0.00,7.00
84921.00,0.24,0.22,1.03,0.00,0.04,17.49,-0.28,0.21,4618.53,-0.00,0.01,0.00,0.00,0.01,0.01,6.00
84927.00,0.24,0.22,0.93,0.00,0.04,-15.55,-0.28,0.21,-5506.62,-0.00,0.01,0.00,0.00,0.01,0.01,7.00
84934.00,0.24,0.22,0.96,0.00,0.04,4.05,-0.28,0.21,2800.30,-0.00,0.01,0.00,0.00,0.01,0.01,8.00
84946.00,0.24,0.22,0.97,0.00,0.04,0.75,-0.28,0.21,-274.92,-0.00,0.01,0.00,0.01,0.01,0.01,7.00
84953.00,0.24,0.22,1.03,0.00,0.04,8.50,-0.28,0.21,1106.73,-0.00,0.01,0.00,0.01,0.00,0.00,7.00
84960.00,0.24,0.22,1.01,0.00,0.04,-3.67,-0.28,0.21,-1738.31,-0.00,0.01,0.00,0.00,0.01,0.00,6.00
84966.00,0.24,0.22,1.04,0.00,0.04,5.67,-0.28,0.21,1557.68,-0.00,0.01,0.00,0.00,0.01,0.00,8.00
84974.00,0.24,0.22,1.06,0.00,0.04,2.77,-0.28,0.21,-362.65,-0.00,0.01,0.00,0.00,0.01,0.00,8.00
84982.00,0.24,0.22,1.00,0.00,0.04,-8.04,-0.28,0.21,-1351.40,-0.00,0.01,0.00,-0.00,0.01,0.00,5.00
84987.00,0.24,0.22,1.02,0.00,0.04,4.99,-0.28,0.21,2604.93,-0.00,0.01,0.00,-0.00,0.01,0.01,18.00
85005.00,0.28,0.21,1.02,0.17,-0.01,-0.41,0.83,-0.26,-299.63,-0.00,0.01,0.00,0.00,0.00,0.01,8.00
85013.00,0.28,0.21,0.93,0.17,-0.01,-10.49,0.83,-0.26,-1259.97,-0.00,0.01,0.00,-0.00,-0.00,0.00,7.00
85020.00,0.28,0.21,1.11,0.17,-0.01,25.80,0.83,-0.26,5183.88,-0.00,0.01,0.00,-0.01,-0.00,0.00,6.00
85036.00,0.28,0.21,1.00,0.17,-0.01,-6.72,0.83,-0.26,-2032.74,-0.00,0.01,0.00,-0.01,-0.00,0.00,9.00
85045.00,0.28,0.21,1.02,0.17,-0.01,1.95,0.83,-0.26,963.78,-0.00,0.01,0.00,0.00,-0.00,0.00,5.00
85050.00,0.28,0.21,1.04,0.17,-0.01,3.70,0.83,-0.26,350.81,-0.00,0.01,0.00,0.00,0.00,0.00,6.00
85056.00,0.28,0.21,1.00,0.17,-0.01,-7.29,0.83,-0.26,-1833.07,-0.00,0.01,0.00,0.00,0.00,0.00,8.00
85064.00,0.28,0.21,0.97,0.17,-0.01,-2.98,0.83,-0.26,539.87,-0.00,0.01,0.00,-0.00,0.00,0.01,8.00
85072.00,0.28,0.21,1.01,0.17,-0.01,4.25,0.83,-0.26,903.14,-0.00,0.01,0.00,-0.01,0.00,0.00,5.00
85077.00,0.28,0.21,1.06,0.17,-0.01,11.14,0.83,-0.26,1378.41,-0.00,0.01,0.00,-0.01,0.00,0.00,8.00
85085.00,0.28,0.21,1.03,0.17,-0.01,-4.46,0.83,-0.26,-1950.83,-0.00,0.01,0.00,-0.01,0.00,0.01,7.00
85092.00,0.28,0.21,0.94,0.17,-0.01,-12.09,0.83,-0.26,-1089.29,-0.00,0.01,0.00,-0.00,0.01,0.00,16.00
85108.00,0.28,0.21,0.99,0.17,-0.01,3.11,0.83,-0.26,950.11,-0.00,0.01,0.00,0.00,0.00,0.00,7.00
85120.00,0.28,0.21,1.04,0.17,-0.01,3.85,0.83,-0.26,61.51,-0.00,0.01,0.00,0.00,0.00,0.00,7.00
85127.00,0.28,0.21,1.07,0.17,-0.01,4.08,0.83,-0.26,32.62,-0.00,0.01,0.00,0.00,0.00,0.00,7.00
85134.00,0.28,0.21,0.98,0.17,-0.01,-12.81,0.83,-0.26,-2413.25,-0.00,0.01,0.00,0.00,0.00,0.01,9.00
85143.00,0.28,0.21,1.05,0.17,-0.01,8.23,0.83,-0.26,2337.71,-0.00,0.01,0.00,0.00,0.00,0.01,5.00
85148.00,0.28,0.21,0.99,0.17,-0.01,-12.79,0.83,-0.26,-4202.60,-0.00,0.01,0.00,0.00,0.00,0.01,7.00
85155.00,0.28,0.21,1.00,0.17,-0.01,1.98,0.83,-0.26,2109.31,-0.00,0.01,0.00,0.00,0.01,0.00,7.00
85162.00,0.28,0.21,1.03,0.17,-0.01,3.79,0.83,-0.26,259.58,-0.00,0.01,0.00,0.00,0.01,0.01,6.00
85168.00,0.28,0.21,1.02,0.17,-0.01,-1.35,0.83,-0.26,-857.92,-0.00,0.01,0.00,-0.00,0.01,0.01,7.00
85175.00,0.28,0.21,1.04,0.17,-0.01,2.75,0.83,-0.26,585.68,-0.00,0.01,0.00,-0.00,0.01,0.01,7.00
85182.00,0.28,0.21,0.96,0.17,-0.01,-11.09,0.83,-0.26,-1976.82,-0.00,0.01,0.01,-0.00,0.01,0.00,6.00
85192.00,0.28,0.21,0.96,0.17,-0.01,0.17,0.83,-0.26,1125.66,-0.00,0.01,0.00,0.00,0.00,-0.00,16.00
85208.00,0.29,0.21,1.04,0.05,-0.04,4.87,-0.55,-0.14,294.28,-0.00,0.01,0.00,0.01,0.00,0.00,8.00
85216.00,0.29,0.21,1.02,0.05,-0.04,-2.44,-0.55,-0.14,-913.79,-0.00,0.01,0.01,0.00,-0.00,0.00,8.00
85224.00,0.29,0.21,0.98,0.05,-0.04,-5.02,-0.55,-0.14,-323.38,-0.00,0.01,0.01,0.00,-0.00,0.00,7.00
85231.00,0.29,0.21,0.99,0.05,-0.04,1.79,-0.55,-0.14,973.94,-0.00,0.01,0.01,-0.00,-0.00,0.01,5.00
85236.00,0.29,0.21,0.99,0.05,-0.04,-1.11,-0.55,-0.14,-580.35,-0.00,0.01,0.01,-0.00,-0.00,0.01,9.00
85245.00,0.29,0.21,1.02,0.05,-0.04,3.47,-0.55,-0.14,508.23,-0.00,0.01,0.01,-0.00,0.00,0.01,5.00
85250.00,0.29,0.21,0.98,0.05,-0.04,-7.62,-0.55,-0.14,-2218.13,-0.00,0.01,0.01,-0.00,0.00,0.00,7.00
85257.00,0.29,0.21,0.92,0.05,-0.04,-8.20,-0.55,-0.14,-82.84,-0.00,0.01,0.01,-0.00,0.00,0.00,7.00
85264.00,0.29,0.21,1.07,0.05,-0.04,20.55,-0.55,-0.14,4107.94,-0.00,0.01,0.01,0.00,0.01,-0.00,8.00
85276.00,0.29,0.21,1.03,0.05,-0.04,-3.49,-0.55,-0.14,-2003.30,-0.00,0.01,0.01,-0.00,0.00,-0.00,19.00
85295.00,0.29,0.21,1.05,0.05,-0.04,1.18,-0.55,-0.14,245.51,-0.00,0.01,0.01,-0.00,-0.00,0.00,6.00
85301.00,0.29,0.21,1.00,0.05,-0.04,-8.04,-0.55,-0.14,-1535.49,-0.00,0.01,0.01,0.00,-0.01,0.01,6.00
85307.00,0.29,0.21,0.95,0.05,-0.04,-7.68,-0.55,-0.14,60.06,-0.00,0.01,0.01,0.00,-0.01,0.01,8.00
85315.00,0.29,0.21,1.00,0.05,-0.04,5.67,-0.55,-0.14,1668.47,-0.00,0.01,0.01,0.00,-0.00,0.01,8.00
85323.00,0.29,0.21,1.01,0.05,-0.04,0.76,-0.55,-0.14,-614.10,-0.00,0.01,0.01,0.00,0.00,0.01,5.00
85328.00,0.29,0.21,1.02,0.05,-0.04,3.37,-0.55,-0.14,523.05,-0.00,0.01,0.01,0.00,0.00,0.01,7.00
85335.00,0.29,0.21,1.02,0.05,-0.04,-0.09,-0.55,-0.14,-494.85,-0.00,0.01,0.01,-0.00,0.01,0.00,9.00
85344.00,0.29,0.21,0.97,0.05,-0.04,-5.98,-0.55,-0.14,-654.25,-0.00,0.01,0.01,-0.00,0.01,0.00,5.00
85349.00,0.29,0.21,0.96,0.05,-0.04,-2.24,-0.55,-0.14,746.63,-0.00,0.01,0.01,0.00,0.01,-0.00,6.00
85360.00,0.29,0.21,0.97,0.05,-0.04,1.57,-0.55,-0.14,346.79,-0.00,0.01,0.01,0.00,0.01,0.00,7.00
85367.00,0.29,0.21,0.89,0.05,-0.04,-12.03,-0.55,-0.14,-1943.21,-0.00,0.01,0.01,0.00,0.00,0.00,8.00
85375.00,0.29,0.21,0.89,0.05,-0.04,0.10,-0.55,-0.14,1516.54,-0.00,0.01,0.01,0.00,0.00,0.00,7.00
85382.00,0.29,0.21,0.90,0.05,-0.04,1.83,-0.55,-0.14,246.50,-0.00,0.01,0.01,0.00,0.00,0.01,6.00
85388.00,0.29,0.21,0.89,0.05,-0.04,-1.77,-0.55,-0.14,-599.30,-0.00,0.01,0.01,0.00,0.00,0.01,18.00
85406.00,0.29,0.21,0.99,0.05,-0.04,5.62,-0.55,-0.14,410.59,-0.00,0.01,0.01,0.00,0.00,0.01,9.00
85415.00,0.30,0.20,0.97,0.05,-0.00,-2.51,-0.01,0.18,-903.80,-0.00,0.01,0.01,0.00,0.01,0.01,7.00
85422.00,0.30,0.20,0.98,0.05,-0.00,1.71,-0.01,0.18,602.88,-0.00,0.01,0.01,0.00,0.01,0.00,6.00
85428.00,0.30,0.20,0.94,0.05,-0.00,-7.39,-0.01,0.18,-1516.27,-0.00,0.01,0.01,0.00,0.01,0.00,7.00
85435.00,0.30,0.20,0.94,0.05,-0.00,-0.21,-0.01,0.18,1026.04,-0.00,0.01,0.01,0.00,0.01,0.00,8.00
85448.00,0.30,0.20,1.02,0.05,-0.00,6.52,-0.01,0.18,517.65,-0.00,0.01,0.01,-0.00,0.01,-0.00,8.00
85456.00,0.30,0.20,0.99,0.05,-0.00,-4.49,-0.01,0.18,-1376.91,-0.00,0.01,0.01,-0.00,0.01,0.00,8.00
85464.00,0.30,0.20,0.99,0.05,-0.00,0.41,-0.01,0.18,612.68,-0.00,0.01,0.01,-0.00,0.00,0.00,6.00
85470.00,0.30,0.20,0.90,0.05,-0.00,-15.41,-0.01,0.18,-2636.62,-0.00,0.01,0.01,-0.00,0.00,0.01,6.00
85476.00,0.30,0.20,0.90,0.05,-0.00,1.32,-0.01,0.18,2788.72,-0.00,0.01,0.01,0.00,0.00,0.01,19.00
85495.00,0.30,0.20,1.02,0.05,-0.00,6.12,-0.01,0.18,252.82,-0.00,0.01,0.01,-0.00,-0.00,0.01,5.00
85500.00,0.30,0.20,1.04,0.05,-0.00,3.38,-0.01,0.18,-549.47,-0.00,0.01,0.01,-0.00,0.00,0.00,6.00
85506.00,0.30,0.20,0.95,0.05,-0.00,-13.91,-0.01,0.18,-2880.08,-0.00,0.01,0.01,-0.00,0.00,0.00,9.00
85515.00,0.30,0.20,1.00,0.05,-0.00,4.52,-0.01,0.18,2047.06,-0.00,0.01,0.01,-0.00,0.01,0.00,7.00
85522.00,0.30,0.20,1.05,0.05,-0.00,7.42,-0.01,0.18,413.81,-0.00,0.01,0.01,-0.00,0.01,0.00,6.00
85533.00,0.30,0.20,1.02,0.05,-0.00,-2.73,-0.01,0.18,-922.52,-0.00,0.01,0.01,0.00,0.01,0.00,6.00
85539.00,0.30,0.20,1.08,0.05,-0.00,9.91,-0.01,0.18,2106.30,-0.00,0.01,0.01,0.00,0.01,0.00,7.00
85546.00,0.30,0.20,1.06,0.05,-0.00,-2.85,-0.01,0.18,-1822.60,-0.00,0.01,0.01,0.00,0.01,0.00,6.00
85552.00,0.30,0.20,1.03,0.05,-0.00,-4.58,-0.01,0.18,-287.93,-0.00,0.01,0.01,0.00,0.01,0.01,5.00
85557.00,0.30,0.20,1.06,0.05,-0.00,6.19,-0.01,0.18,2153.50,-0.00,0.01,0.01,0.00,0.01,0.01,9.00
85566.00,0.30,0.20,0.96,0.05,-0.00,-11.67,-0.01,0.18,-1984.00,-0.00,0.01,0.01,0.00,0.00,0.00,7.00
85573.00,0.30,0.20,1.06,0.05,-0.00,15.34,-0.01,0.18,3859.10,-0.00,0.01,0.01,0.00,0.00,0.00,6.00
85579.00,0.30,0.20,0.94,0.05,-0.00,-19.73,-0.01,0.18,-5846.19,-0.00,0.01,0.01,-0.00,0.00,0.00,7.00
85586.00,0.30,0.20,0.88,0.05,-0.00,-9.32,-0.01,0.18,1487.30,-0.00,0.01,0.01,-0.00,-0.00,0.00,18.00
85604.00,0.30,0.20,1.03,0.05,-0.00,8.38,-0.01,0.18,983.48,-0.00,0.01,0.01,-0.00,0.00,0.00,6.00
85614.00,0.30,0.20,0.96,0.05,-0.00,-7.07,-0.01,0.18,-1544.81,-0.00,0.01,0.01,-0.00,0.01,-0.00,6.00
85620.00,0.31,0.20,0.96,0.05,-0.00,0.63,0.00,-0.00,1283.58,-0.00,0.01,0.01,-0.00,0.00,-0.00,7.00
85627.00,0.31,0.20,1.00,0.05,-0.00,5.18,0.00,-0.00,649.14,-0.00,0.01,0.01,-0.00,0.00,0.00,9.00
85636.00,0.31,0.20,1.01,0.05,-0.00,0.99,0.00,-0.00,-465.56,-0.00,0.01,0.01,-0.00,0.00,0.00,7.00
85643.00,0.31,0.20,1.05,0.05,-0.00,5.55,0.00,-0.00,651.64,-0.00,0.01,0.01,-0.00,-0.00,0.00,5.00
85648.00,0.31,0.20,1.02,0.05,-0.00,-5.71,0.00,-0.00,-2251.52,-0.00,0.01,0.01,-0.00,-0.00,0.00,6.00
85654.00,0.31,0.20,0.91,0.05,-0.00,-18.27,0.00,-0.00,-2093.89,-0.00,0.01,0.01,-0.00,-0.00,0.00,6.00
85660.00,0.31,0.20,0.99,0.05,-0.00,13.80,0.00,-0.00,5344.46,-0.00,0.01,0.01,-0.00,-0.01,0.00,7.00
85667.00,0.31,0.20,0.96,0.05,-0.00,-4.49,0.00,-0.00,-2612.40,-0.00,0.01,0.01,-0.00,-0.01,0.00,9.00
85676.00,0.31,0.20,0.94,0.05,-0.00,-1.97,0.00,-0.00,279.89,-0.00,0.01,0.01,0.00,-0.00,-0.00,7.00
85692.00,0.31,0.20,0.96,0.05,-0.00,1.34,0.00,-0.00,206.77,-0.00,0.01,0.01,-0.00,-0.00,0.00,17.00
85709.00,0.31,0.20,0.95,0.05,-0.00,-0.72,0.00,-0.00,-120.74,-0.00,0.01,0.01,-0.00,0.00,0.00,8.00
85717.00,0.31,0.20,0.96,0.05,-0.00,0.58,0.00,-0.00,161.95,-0.00,0.01,0.01,-0.00,0.00,0.00,8.00
85725.00,0.31,0.20,0.93,0.05,-0.00,-3.38,0.00,-0.00,-495.36,-0.00,0.01,0.01,-0.00,-0.00,0.00,7.00
85732.00,0.31,0.20,0.91,0.05,-0.00,-2.12,0.00,-0.00,180.69,-0.00,0.01,0.01,0.00,-0.00,-0.00,5.00
85737.00,0.31,0.20,0.95,0.05,-0.00,6.98,0.00,-0.00,1819.19,-0.00,0.01,0.01,0.00,0.00,-0.00,10.00
85747.00,0.31,0.20,0.94,0.05,-0.00,-1.08,0.00,-0.00,-806.18,-0.00,0.01,0.01,0.00,0.00,-0.00,5.00
85752.00,0.31,0.20,0.98,0.05,-0.00,8.03,0.00,-0.00,1823.35,-0.00,0.01,0.01,0.00,0.00,-0.00,6.00
85758.00,0.31,0.20,0.89,0.05,-0.00,-14.50,0.00,-0.00,-3755.26,-0.00,0.01,0.01,0.00,0.00,-0.00,8.00
85766.00,0.31,0.20,0.96,0.05,-0.00,8.73,0.00,-0.00,2904.14,-0.00,0.01,0.01,0.00,0.00,0.00,8.00
85778.00,0.31,0.20,1.00,0.05,-0.00,3.23,0.00,-0.00,-458.55,-0.00,0.01,0.01,0.00,0.00,0.00,19.00
85797.00,0.31,0.20,1.00,0.05,-0.00,-0.08,0.00,-0.00,-174.16,-0.00,0.01,0.01,-0.00,0.01,-0.00,5.00
85802.00,0.31,0.20,1.00,0.05,-0.00,-0.44,0.00,-0.00,-73.14,-0.00,0.01,0.01,-0.01,0.00,0.00,6.00
85808.00,0.31,0.20,1.07,0.05,-0.00,11.56,0.00,-0.00,2000.95,-0.00,0.01,0.01,-0.01,0.00,0.00,9.00
85817.00,0.31,0.20,0.95,0.05,-0.00,-12.76,0.00,-0.00,-2701.97,-0.00,0.01,0.01,-0.01,0.00,0.00,7.00
85824.00,0.31,0.20,1.00,0.00,0.00,6.55,-0.27,0.02,2757.44,-0.00,0.01,0.01,-0.01,-0.00,-0.00,6.00
85830.00,0.31,0.20,0.98,0.00,0.00,-3.16,-0.27,0.02,-1618.10,-0.00,0.01,0.01,-0.01,-0.00,-0.00,7.00
85837.00,0.31,0.20,1.06,0.00,0.00,12.01,-0.27,0.02,2166.77,-0.00,0.01,0.01,-0.01,-0.01,-0.00,9.00
85846.00,0.31,0.20,0.95,0.00,0.00,-12.28,-0.27,0.02,-2698.07,-0.00,0.01,0.01,-0.00,-0.00,-0.00,5.00
85851.00,0.31,0.20,0.95,0.00,0.00,-0.72,-0.27,0.02,2312.16,-0.00,0.01,0.01,-0.00,-0.00,-0.00,7.00
85863.00,0.31,0.20,0.99,0.00,0.00,3.77,-0.27,0.02,373.68,-0.00,0.01,0.01,-0.00,-0.01,0.00,6.00
85869.00,0.31,0.20,0.97,0.00,0.00,-4.29,-0.27,0.02,-1343.20,-0.00,0.01,0.01,-0.00,-0.01,0.00,8.00
85877.00,0.31,0.20,1.00,0.00,0.00,3.82,-0.27,0.02,1014.25,-0.00,0.01,0.01,-0.00,-0.01,0.00,8.00
85885.00,0.31,0.20,1.07,0.00,0.00,8.47,-0.27,0.02,581.10,-0.00,0.01,0.01,-0.00,-0.00,0.00,5.00
85890.00,0.31,0.20,1.05,0.00,0.00,-4.09,-0.27,0.02,-2512.66,-0.00,0.01,0.01,-0.00,-0.00,0.00,18.00
85908.00,0.31,0.20,1.06,0.00,0.00,0.89,-0.27,0.02,276.78,-0.00,0.01,0.01,0.00,0.00,0.00,9.00
85917.00,0.31,0.20,1.00,0.00,0.00,-7.22,-0.27,0.02,-900.98,-0.00,0.01,0.01,0.00,0.00,0.00,7.00
85924.00,0.31,0.20,1.06,0.00,0.00,9.50,-0.27,0.02,2388.80,-0.00,0.01,0.01,0.00,0.00,0.00,6.00
85930.00,0.31,0.20,0.93,0.00,0.00,-22.69,-0.27,0.02,-5365.41,-0.00,0.01,0.01,0.00,0.00,0.00,7.00
85937.00,0.31,0.20,0.96,0.00,0.00,4.99,-0.27,0.02,3954.45,-0.00,0.01,0.01,0.00,-0.00,0.00,8.00
85951.00,0.31,0.20,0.91,0.00,0.00,-3.66,-0.27,0.02,-617.65,-0.00,0.01,0.01,0.00,-0.01,0.00,8.00
85959.00,0.31,0.20,0.99,0.00,0.00,9.71,-0.27,0.02,1670.36,-0.00,0.01,0.01,0.00,-0.01,0.00,8.00
85967.00,0.31,0.20,0.88,0.00,0.00,-13.99,-0.27,0.02,-2962.54,-0.00,0.01,0.01,0.00,-0.00,0.00,6.00
85973.00,0.31,0.20,1.27,0.00,0.00,65.10,-0.27,0.02,13181.72,-0.00,0.01,0.01,0.00,0.00,0.00,5.00
85978.00,0.31,0.20,1.06,0.00,0.00,-42.15,-0.27,0.02,-21448.78,-0.00,0.01,0.01,0.00,0.00,0.00,18.00
85996.00,0.31,0.20,0.81,0.00,0.00,-13.46,-0.27,0.02,1593.85,-0.00,0.01,0.01,0.00,0.00,0.00,6.00
86002.00,0.31,0.20,0.93,0.00,0.00,19.75,-0.27,0.02,5534.58,-0.00,0.01,0.01,0.00,0.00,0.00,6.00
86008.00,0.31,0.20,0.92,0.00,0.00,-1.57,-0.27,0.02,-3553.10,-0.00,0.01,0.01,0.00,0.00,0.00,10.00
86018.00,0.31,0.20,1.05,0.00,0.00,12.87,-0.27,0.02,1443.95,-0.00,0.01,0.01,-0.00,0.01,0.00,8.00
86026.00,0.33,0.20,0.95,0.11,-0.01,-12.25,0.55,-0.05,-3140.73,-0.00,0.01,0.01,0.00,0.00,0.00,7.00
86037.00,0.33,0.20,0.91,0.11,-0.01,-4.12,0.55,-0.05,739.76,-0.00,0.01,0.01,-0.00,-0.00,0.00,10.00
86047.00,0.33,0.20,1.09,0.11,-0.01,18.69,0.55,-0.05,2280.86,-0.00,0.01,0.01,0.00,-0.00,0.00,5.00
86052.00,0.33,0.20,0.95,0.11,-0.01,-28.05,0.55,-0.05,-9347.75,-0.00,0.01,0.01,0.01,-0.00,0.00,7.00
86059.00,0.33,0.20,0.90,0.11,-0.01,-8.08,0.55,-0.05,2852.97,-0.00,0.01,0.01,0.01,-0.00,0.00,8.00
86067.00,0.33,0.20,0.88,0.11,-0.01,-2.31,0.55,-0.05,720.41,-0.00,0.01,0.01,0.00,0.01,0.00,7.00
86074.00,0.33,0.20,0.90,0.11,-0.01,2.97,0.55,-0.05,754.57,-0.00,0.01,0.01,0.00,0.01,0.00,5.00
86079.00,0.33,0.20,1.00,0.11,-0.01,18.93,0.55,-0.05,3193.31,-0.00,0.01,0.01,0.00,0.01,0.00,19.00
86098.00,0.33,0.20,0.90,0.11,-0.01,-5.16,0.55,-0.05,-1268.31,-0.00,0.01,0.01,-0.00,0.01,0.00,6.00
86104.00,0.33,0.20,0.89,0.11,-0.01,-1.91,0.55,-0.05,542.76,-0.00,0.01,0.01,-0.00,0.01,0.00,5.00
86109.00,0.33,0.20,0.87,0.11,-0.01,-2.71,0.55,-0.05,-161.59,-0.00,0.01,0.01,-0.00,0.01,0.00,9.00
86123.00,0.33,0.20,0.91,0.11,-0.01,2.55,0.55,-0.05,375.83,-0.00,0.01,0.01,-0.01,-0.00,0.00,7.00
86130.00,0.33,0.20,0.95,0.11,-0.01,5.96,0.55,-0.05,487.73,-0.00,0.01,0.01,-0.01,-0.00,-0.00,7.00
86137.00,0.33,0.20,0.94,0.11,-0.01,-1.48,0.55,-0.05,-1062.74,-0.00,0.01,0.01,-0.01,-0.01,-0.00,8.00
86145.00,0.33,0.20,0.89,0.11,-0.01,-6.23,0.55,-0.05,-593.56,-0.00,0.01,0.01,-0.01,-0.01,-0.00,6.00
86151.00,0.33,0.20,1.07,0.11,-0.01,30.76,0.55,-0.05,6164.78,-0.00,0.01,0.01,-0.01,-0.01,-0.00,7.00
86158.00,0.33,0.20,0.92,0.11,-0.01,-22.28,0.55,-0.05,-7577.44,-0.00,0.01,0.01,-0.01,-0.01,-0.00,9.00
86167.00,0.33,0.20,1.00,0.11,-0.01,9.32,0.55,-0.05,3510.82,-0.00,0.01,0.01,-0.01,-0.00,-0.00,8.00
86175.00,0.33,0.20,0.99,0.11,-0.01,-1.87,0.55,-0.05,-1397.87,-0.00,0.01,0.01,-0.01,-0.01,0.00,5.00
86180.00,0.33,0.20,0.87,0.11,-0.01,-24.23,0.55,-0.05,-4473.43,-0.00,0.01,0.01,-0.01,-0.01,0.00,18.00
86198.00,0.33,0.20,0.98,0.11,-0.01,6.08,0.55,-0.05,1684.28,-0.00,0.01,0.01,-0.00,-0.00,0.00,7.00
86210.00,0.33,0.20,1.04,0.11,-0.01,5.27,0.55,-0.05,-67.49,-0.01,0.01,0.01,-0.00,0.00,-0.00,9.00
86219.00,0.33,0.20,1.00,0.11,-0.01,-4.28,0.55,-0.05,-1062.14,-0.01,0.01,0.01,-0.00,0.00,-0.00,8.00
86227.00,0.36,0.19,1.00,0.11,-0.05,-0.56,0.00,-0.19,465.09,-0.01,0.01,0.01,-0.00,0.00,-0.00,5.00
86232.00,0.36,0.19,1.01,0.11,-0.05,3.27,0.00,-0.19,766.29,-0.01,0.01,0.01,0.00,0.01,-0.00,6.00
86238.00,0.36,0.19,1.06,0.11,-0.05,8.69,0.00,-0.19,903.72,-0.01,0.01,0.01,0.00,0.01,-0.00,10.00
86248.00,0.36,0.19,0.87,0.11,-0.05,-19.69,0.00,-0.19,-2837.58,-0.01,0.01,0.01,0.00,0.00,0.00,5.00
86253.00,0.36,0.19,0.95,0.11,-0.05,16.40,0.00,-0.19,7216.99,-0.01,0.01,0.01,0.00,0.01,0.00,6.00
86259.00,0.36,0.19,0.98,0.11,-0.05,5.61,0.00,-0.19,-1797.91,-0.00,0.01,0.01,0.00,0.01,0.00,8.00
86267.00,0.36,0.19,0.96,0.11,-0.05,-2.40,0.00,-0.19,-1001.22,-0.00,0.01,0.01,0.00,0.01,0.01,8.00
86275.00,0.36,0.19,1.04,0.11,-0.05,9.81,0.00,-0.19,1525.79,-0.00,0.01,0.01,0.01,0.01,0.01,5.00
